0	0	0	0	0	0	0	0	0	0	0	0	0	0	0	0	0	0	0	0	0	0	0	0	0	0	0	0	0	0	0	0	0	0	0	0	0	0	0	0	0	0	0	0	0	0	0	0	0	0	0	0	0	0	0	0	0	0	0	0	0	0	0	0	0	0	0	0	0	0	0	0	0	0	0	0	0	0	0	0	0	0	0	0	0	0	0	0	0	0	0	0	0	0	0	0	0	0	0	0	0	0	0	0	0	0	0	0	0	0	0	0	0	0	0	0	0	0	0	0	0	0	0	0	0	0	0	0	0	0	0	0	0	0	0	0	0	0	0	0	0	0	0	0	0	0	0	0	0	0	0	0	0	0	0	0	0	0	0	0	0	0	0	0	0	0	0	0	0	0	0	0	0	0	0	0	0	0	0	0	0	0	0	0	0	0	0	0	0	0	0	0	0	0	0	0	0	0	0	0	0	0	0	0	0	0	0	0	0	0	0	0	0	0	0	0	0	0	0	0	0	0	0	0	0	0	0	0	0	0	0	0	0	0	0	0	0	0	0	0	0	0	0	0	0	0	0	0	0	0	0	0	0	0	0	0	0	0	0	0	0	0	0	0	0	0	0	0	0	0	0	0	0	0	0	0	0	0	0	0	0	0	0	0	0	0	0	0	0	0	0	0	0	0	0	0	0	0	0	0	0	0	0	0	0	0	0	0	0	0	0	0	0	0	0	0	0	0	0	0	0	0	0	0	0	0	0	0	0	0	0	0	0	0	0	0	0	0	0	0	0	0	0	0	0	0	0	0	0	0	0	0	0	0	0	0	0	0	0	0	0	0	0	0	0	0	0	0	0	0	0	0	0	0	0	0	0	0	0	0	0	0	0	0	0	0	0	0	0	0	0	0	0	0	0	0	0	0	0	0	0	0	0	0	0	0	0	0	0	0	0	0	0	0	0	0	0	0	0	0	0	0	0	0	0	0	0	0	0	0	0	0	0	0	0	0	0	0	0	0	0	0	0	0	0	0	0	0	0	0	0	0	0	0	0	0	0	0	0	0	0	0	0	0	0	0	0	0	0	0	0	0	0	0	0	0	0	0	0	0	0	0	0	0	0	0	0	0	0
0	0	0	0	0	0	0	0	0	0	0	0	0	0	0	0	0	0	0	0	0	0	0	0	0	0	0	0	0	0	0	0	0	0	0	0	0	0	0	0	0	0	0	0	0	0	0	0	0	0	0	0	0	0	0	0	0	0	0	0	0	0	0	0	0	0	0	0	0	0	0	0	0	0	0	0	0	0	0	0	0	0	0	0	0	0	0	0	0	0	0	0	0	0	0	0	0	0	0	0	0	0	0	0	0	0	0	0	0	0	0	0	0	0	0	0	0	0	0	0	0	0	0	0	0	0	0	0	0	0	0	0	0	0	0	0	0	0	0	0	0	0	0	0	0	0	0	0	0	0	0	0	0	0	0	0	0	0	0	0	0	0	0	0	0	0	0	0	0	0	0	0	0	0	0	0	0	0	0	0	0	0	0	0	0	0	0	0	0	0	0	0	0	0	0	0	0	0	0	0	0	0	0	0	0	0	0	0	0	0	0	0	0	0	0	0	0	0	0	0	0	0	0	0	0	0	0	0	0	0	0	0	0	0	0	0	0	0	0	0	0	0	0	0	0	0	0	0	0	0	0	0	0	0	0	0	0	0	0	0	0	0	0	0	0	0	0	0	0	0	0	0	0	0	0	0	0	0	0	0	0	0	0	0	0	0	0	0	0	0	0	0	0	0	0	0	0	0	0	0	0	0	0	0	0	0	0	0	0	0	0	0	0	0	0	0	0	0	0	0	0	0	0	0	0	0	0	0	0	0	0	0	0	0	0	0	0	0	0	0	0	0	0	0	0	0	0	0	0	0	0	0	0	0	0	0	0	0	0	0	0	0	0	0	0	0	0	0	0	0	0	0	0	0	0	0	0	0	0	0	0	0	0	0	0	0	0	0	0	0	0	0	0	0	0	0	0	0	0	0	0	0	0	0	0	0	0	0	0	0	0	0	0	0	0	0	0	0	0	0	0	0	0	0	0	0	0	0	0	0	0	0	0	0	0	0	0	0	0	0	0	0	0	0	0	0	0	0	0	0	0	0	0	0	0	0	0	0	0	0	0	0	0	0	0	0	0	0	0	0	0	0	0	0	0	0	0	0	0	0	0	0	0	0	0	0	0	0	0
0	0	0	0	0	0	0	0	0	0	0	0	0	0	0	0	0	0	0	0	0	0	0	0	0	0	0	0	0	0	0	0	0	0	0	0	0	0	0	0	0	0	0	0	0	0	0	0	0	0	0	0	0	0	0	0	0	0	0	0	0	0	0	0	0	0	0	0	0	0	0	0	0	0	0	0	0	0	0	0	0	0	0	0	0	0	0	0	0	0	0	0	0	0	0	0	0	0	0	0	0	0	0	0	0	0	0	0	0	0	0	0	0	0	0	0	0	0	0	0	0	0	0	0	0	0	0	0	0	0	0	0	0	0	0	0	0	0	0	0	0	0	0	0	0	0	0	0	0	0	0	0	0	0	0	0	0	0	0	0	0	0	0	0	0	0	0	0	0	0	0	0	0	0	0	0	0	0	0	0	0	0	0	0	0	0	0	0	0	0	0	0	0	0	0	0	0	0	0	0	0	0	0	0	0	0	0	0	0	0	0	0	0	0	0	0	0	0	0	0	0	0	0	0	0	0	0	0	0	0	0	0	0	0	0	0	0	0	0	0	0	0	0	0	0	0	0	0	0	0	0	0	0	0	0	0	0	0	0	0	0	0	0	0	0	0	0	0	0	0	0	0	0	0	0	0	0	0	0	0	0	0	0	0	0	0	0	0	0	0	0	0	0	0	0	0	0	0	0	0	0	0	0	0	0	0	0	0	0	0	0	0	0	0	0	0	0	0	0	0	0	0	0	0	0	0	0	0	0	0	0	0	0	0	0	0	0	0	0	0	0	0	0	0	0	0	0	0	0	0	0	0	0	0	0	0	0	0	0	0	0	0	0	0	0	0	0	0	0	0	0	0	0	0	0	0	0	0	0	0	0	0	0	0	0	0	0	0	0	0	0	0	0	0	0	0	0	0	0	0	0	0	0	0	0	0	0	0	0	0	0	0	0	0	0	0	0	0	0	0	0	0	0	0	0	0	0	0	0	0	0	0	0	0	0	0	0	0	0	0	0	0	0	0	0	0	0	0	0	0	0	0	0	0	0	0	0	0	0	0	0	0	0	0	0	0	0	0	0	0	0	0	0	0	0	0	0	0	0	0	0	0	0	0	0	0	0	0	0
0	0	0	0	0	0	0	0	0	0	0	0	0	0	0	0	0	0	0	0	0	0	0	0	0	0	0	0	0	0	0	0	0	0	0	0	0	0	0	0	0	0	0	0	0	0	0	0	0	0	0	0	0	0	0	0	0	0	0	0	0	0	0	0	0	0	0	0	0	0	0	0	0	0	0	0	0	0	0	0	0	0	0	0	0	0	0	0	0	0	0	0	0	0	0	0	0	0	0	0	0	0	0	0	0	0	0	0	0	0	0	0	0	0	0	0	0	0	0	0	0	0	0	0	0	0	0	0	0	0	0	0	0	0	0	0	0	0	0	0	0	0	0	0	0	0	0	0	0	0	0	0	0	0	0	0	0	0	0	0	0	0	0	0	0	0	0	0	0	0	0	0	0	0	0	0	0	0	0	0	0	0	0	0	0	0	0	0	0	0	0	0	0	0	0	0	0	0	0	0	0	0	0	0	0	0	0	0	0	0	0	0	0	0	0	0	0	0	0	0	0	0	0	0	0	0	0	0	0	0	0	0	0	0	0	0	0	0	0	0	0	0	0	0	0	0	0	0	0	0	0	0	0	0	0	0	0	0	0	0	0	0	0	0	0	0	0	0	0	0	0	0	0	0	0	0	0	0	0	0	0	0	0	0	0	0	0	0	0	0	0	0	0	0	0	0	0	0	0	0	0	0	0	0	0	0	0	0	0	0	0	0	0	0	0	0	0	0	0	0	0	0	0	0	0	0	0	0	0	0	0	0	0	0	0	0	0	0	0	0	0	0	0	0	0	0	0	0	0	0	0	0	0	0	0	0	0	0	0	0	0	0	0	0	0	0	0	0	0	0	0	0	0	0	0	0	0	0	0	0	0	0	0	0	0	0	0	0	0	0	0	0	0	0	0	0	0	0	0	0	0	0	0	0	0	0	0	0	0	0	0	0	0	0	0	0	0	0	0	0	0	0	0	0	0	0	0	0	0	0	0	0	0	0	0	0	0	0	0	0	0	0	0	0	0	0	0	0	0	0	0	0	0	0	0	0	0	0	0	0	0	0	0	0	0	0	0	0	0	0	0	0	0	0	0	0	0	0	0	0	0	0	0	0	0	0	0	0	0
0	0	0	0	0	0	0	0	0	0	0	0	0	0	0	0	0	0	0	0	0	0	0	0	0	0	0	0	0	0	0	0	0	0	0	0	0	0	0	0	0	0	0	0	0	0	0	0	0	0	0	0	0	0	0	0	0	0	0	0	0	0	0	0	0	0	0	0	0	0	0	0	0	0	0	0	0	0	0	0	0	0	0	0	0	0	0	0	0	0	0	0	0	0	0	0	0	0	0	0	0	0	0	0	0	0	0	0	0	0	0	0	0	0	0	0	0	0	0	0	0	0	0	0	0	0	0	0	0	0	0	0	0	0	0	0	0	0	0	0	0	0	0	0	0	0	0	0	0	0	0	0	0	0	0	0	0	0	0	0	0	0	0	0	0	0	0	0	0	0	0	0	0	0	0	0	0	0	0	0	0	0	0	0	0	0	0	0	0	0	0	0	0	0	0	0	0	0	0	0	0	0	0	0	0	0	0	0	0	0	0	0	0	0	0	0	0	0	0	0	0	0	0	0	0	0	0	0	0	0	0	0	0	0	0	0	0	0	0	0	0	0	0	0	0	0	0	0	0	0	0	0	0	0	0	0	0	0	0	0	0	0	0	0	0	0	0	0	0	0	0	0	0	0	0	0	0	0	0	0	0	0	0	0	0	0	0	0	0	0	0	0	0	0	0	0	0	0	0	0	0	0	0	0	0	0	0	0	0	0	0	0	0	0	0	0	0	0	0	0	0	0	0	0	0	0	0	0	0	0	0	0	0	0	0	0	0	0	0	0	0	0	0	0	0	0	0	0	0	0	0	0	0	0	0	0	0	0	0	0	0	0	0	0	0	0	0	0	0	0	0	0	0	0	0	0	0	0	0	0	0	0	0	0	0	0	0	0	0	0	0	0	0	0	0	0	0	0	0	0	0	0	0	0	0	0	0	0	0	0	0	0	0	0	0	0	0	0	0	0	0	0	0	0	0	0	0	0	0	0	0	0	0	0	0	0	0	0	0	0	0	0	0	0	0	0	0	0	0	0	0	0	0	0	0	0	0	0	0	0	0	0	0	0	0	0	0	0	0	0	0	0	0	0	0	0	0	0	0	0	0	0	0	0	0	0	0	0	0
0	0	0	0	0	0	0	0	0	0	0	0	0	0	0	0	0	0	0	0	0	0	0	0	0	0	0	0	0	0	0	0	0	0	0	0	0	0	0	0	0	0	0	0	0	0	0	0	0	0	0	0	0	0	0	0	0	0	0	0	0	0	0	0	0	0	0	0	0	0	0	0	0	0	0	0	0	0	0	0	0	0	0	0	0	0	0	0	0	0	0	0	0	0	0	0	0	0	0	0	0	0	0	0	0	0	0	0	0	0	0	0	0	0	0	0	0	0	0	0	0	0	0	0	0	0	0	0	0	0	0	0	0	0	0	0	0	0	0	0	0	0	0	0	0	0	0	0	0	0	0	0	0	0	0	0	0	0	0	0	0	0	0	0	0	0	0	0	0	0	0	0	0	0	0	0	0	0	0	0	0	0	0	0	0	0	0	0	0	0	0	0	0	0	0	0	0	0	0	0	0	0	0	0	0	0	0	0	0	0	0	0	0	0	0	0	0	0	0	0	0	0	0	0	0	0	0	0	0	0	0	0	0	0	0	0	0	0	0	0	0	0	0	0	0	0	0	0	0	0	0	0	0	0	0	0	0	0	0	0	0	0	0	0	0	0	0	0	0	0	0	0	0	0	0	0	0	0	0	0	0	0	0	0	0	0	0	0	0	0	0	0	0	0	0	0	0	0	0	0	0	0	0	0	0	0	0	0	0	0	0	0	0	0	0	0	0	0	0	0	0	0	0	0	0	0	0	0	0	0	0	0	0	0	0	0	0	0	0	0	0	0	0	0	0	0	0	0	0	0	0	0	0	0	0	0	0	0	0	0	0	0	0	0	0	0	0	0	0	0	0	0	0	0	0	0	0	0	0	0	0	0	0	0	0	0	0	0	0	0	0	0	0	0	0	0	0	0	0	0	0	0	0	0	0	0	0	0	0	0	0	0	0	0	0	0	0	0	0	0	0	0	0	0	0	0	0	0	0	0	0	0	0	0	0	0	0	0	0	0	0	0	0	0	0	0	0	0	0	0	0	0	0	0	0	0	0	0	0	0	0	0	0	0	0	0	0	0	0	0	0	0	0	0	0	0	0	0	0	0	0	0	0	0	0	0	0	0	0
0	0	0	0	0	0	0	0	0	0	0	0	0	0	0	0	0	0	0	0	0	0	0	0	0	0	0	0	0	0	0	0	0	0	0	0	0	0	0	0	0	0	0	0	0	0	0	0	0	0	0	0	0	0	0	0	0	0	0	0	0	0	0	0	0	0	0	0	0	0	0	0	0	0	0	0	0	0	0	0	0	0	0	0	0	0	0	0	0	0	0	0	0	0	0	0	0	0	0	0	0	0	0	0	0	0	0	0	0	0	0	0	0	0	0	0	0	0	0	0	0	0	0	0	0	0	0	0	0	0	0	0	0	0	0	0	0	0	0	0	0	0	0	0	0	0	0	0	0	0	0	0	0	0	0	0	0	0	0	0	0	0	0	0	0	0	0	0	0	0	0	0	0	0	0	0	0	0	0	0	0	0	0	0	0	0	0	0	0	0	0	0	0	0	0	0	0	0	0	0	0	0	0	0	0	0	0	0	0	0	0	0	0	0	0	0	0	0	0	0	0	0	0	0	0	0	0	0	0	0	0	0	0	0	0	0	0	0	0	0	0	0	0	0	0	0	0	0	0	0	0	0	0	0	0	0	0	0	0	0	0	0	0	0	0	0	0	0	0	0	0	0	0	0	0	0	0	0	0	0	0	0	0	0	0	0	0	0	0	0	0	0	0	0	0	0	0	0	0	0	0	0	0	0	0	0	0	0	0	0	0	0	0	0	0	0	0	0	0	0	0	0	0	0	0	0	0	0	0	0	0	0	0	0	0	0	0	0	0	0	0	0	0	0	0	0	0	0	0	0	0	0	0	0	0	0	0	0	0	0	0	0	0	0	0	0	0	0	0	0	0	0	0	0	0	0	0	0	0	0	0	0	0	0	0	0	0	0	0	0	0	0	0	0	0	0	0	0	0	0	0	0	0	0	0	0	0	0	0	0	0	0	0	0	0	0	0	0	0	0	0	0	0	0	0	0	0	0	0	0	0	0	0	0	0	0	0	0	0	0	0	0	0	0	0	0	0	0	0	0	0	0	0	0	0	0	0	0	0	0	0	0	0	0	0	0	0	0	0	0	0	0	0	0	0	0	0	0	0	0	0	0	0	0	0	0	0	0	0
0	0	0	0	0	0	0	0	24	5	7	0	3	0	1	0	0	1	3	1	0	2	1	0	2	0	0	2	0	0	1	3	1	0	2	3	1	2	0	1	0	0	1	0	0	0	4	0	0	1	2	2	0	1	2	1	2	3	3	1	3	2	0	7	2	7	7	4	9	10	16	15	6	6	4	1	4	1	0	4	7	8	2	1	0	1	0	0	0	2	0	0	0	2	0	0	0	1	0	0	1	2	0	4	5	2	4	0	1	1	3	2	2	2	2	2	3	2	2	1	1	0	2	1	3	1	0	1	1	0	1	1	3	1	0	0	2	0	2	2	0	2	0	0	2	1	1	1	2	2	0	0	4	2	2	1	0	1	0	0	1	1	0	2	0	2	1	3	0	0	0	2	2	4	1	2	3	0	3	1	0	0	1	1	1	0	0	0	0	0	0	0	0	0	0	0	1	0	0	0	0	0	0	0	0	0	0	0	0	0	0	1	0	0	0	0	0	1	1	0	2	1	1	0	1	0	0	1	0	0	0	0	0	0	0	0	0	0	0	0	0	0	0	0	0	0	0	1	0	0	0	0	0	0	0	1	0	1	0	0	0	0	0	0	0	0	0	0	0	0	1	0	0	0	0	0	1	0	0	0	0	0	0	0	1	0	0	0	0	0	0	1	0	0	0	0	0	0	0	0	0	0	0	1	0	0	0	0	0	0	0	0	0	0	1	1	0	0	0	0	0	0	0	0	0	0	1	0	0	0	0	0	0	1	0	0	0	0	1	0	0	1	0	1	0	0	0	1	0	0	0	1	0	0	0	1	0	0	0	0	0	0	0	0	0	0	0	0	1	0	0	1	0	0	0	0	0	0	0	0	1	0	1	1	2	0	1	0	2	0	0	0	0	1	0	1	0	0	0	1	0	0	0	0	0	0	0	0	0	0	0	0	0	0	0	1	0	0	0	0	0	0	1	0	0	0	1	0	0	0	1	0	1	0	1	0	0	0	0	0	0	0	0	1	0	0	0	0	0	0	0	1	1	0	0	1	0	0	0	2	0	0	1	1	0	0	0	0	0	0	0	0	0	0	0	2	0	0	0	0	0	0	0	0	0	0	1	0	0
0	0	0	0	0	0	0	24	0	11	19	7	0	2	0	3	2	1	1	4	3	1	1	1	2	1	0	1	1	1	5	2	1	0	0	2	0	0	1	5	1	1	2	3	0	2	2	1	1	0	1	2	1	0	3	1	0	4	4	4	2	1	6	3	7	7	6	7	8	14	13	17	10	5	5	0	2	0	2	4	6	3	5	1	0	0	1	1	0	2	0	1	1	0	0	0	1	4	0	1	0	1	2	2	4	10	1	1	1	7	1	2	1	0	1	2	9	2	3	7	3	0	3	4	4	1	1	1	1	3	0	0	1	0	0	1	1	2	1	0	1	1	0	2	0	0	1	0	2	0	0	1	0	0	0	3	1	2	0	0	0	1	0	2	1	1	1	1	2	0	4	0	2	1	2	3	0	1	0	0	1	0	1	2	1	0	1	1	1	1	0	0	0	0	1	0	0	0	0	0	0	0	0	0	0	1	1	0	0	0	0	0	0	0	0	0	0	2	0	0	0	0	1	0	1	1	1	2	2	0	1	1	1	1	0	0	1	0	0	0	0	0	0	1	1	1	0	0	0	0	0	0	1	0	0	0	0	0	0	0	1	0	0	0	0	0	0	0	0	0	0	0	0	2	0	1	0	0	0	0	0	0	1	0	0	0	0	0	0	0	0	0	0	0	0	0	0	2	0	0	0	0	0	0	0	1	0	0	1	0	0	1	0	0	0	0	0	0	0	0	0	0	0	0	0	0	0	1	0	0	0	0	0	1	0	0	0	0	0	0	0	0	0	0	0	0	0	0	0	0	0	0	0	0	1	0	0	0	1	0	0	0	0	0	0	0	0	0	0	1	0	0	0	0	0	1	0	0	1	0	1	0	0	0	1	0	2	0	0	2	1	2	0	0	0	0	0	1	0	0	0	0	0	0	0	1	0	0	0	0	0	1	0	0	0	0	0	0	0	0	0	0	0	0	0	0	0	0	0	0	0	0	0	1	0	0	0	1	0	1	1	0	0	1	0	0	1	1	0	0	0	0	0	0	2	0	0	1	0	1	0	0	0	0	0	0	0	0	0	0	1	0	1	0	0	0	0	0	0	0	1	0	0	0	1	1	0	0	0
0	0	0	0	0	0	0	5	11	0	53	36	2	4	3	1	4	5	3	2	4	4	7	2	2	2	0	2	0	0	1	2	1	1	1	2	2	1	1	0	1	3	2	3	1	0	3	3	3	2	1	1	2	1	4	3	4	10	20	9	6	6	10	12	19	9	28	17	8	16	5	10	6	2	8	5	5	1	1	2	6	4	5	1	0	1	0	2	2	1	0	2	1	1	0	0	0	5	5	3	1	5	8	1	8	7	3	5	3	9	8	4	10	8	1	20	11	6	4	6	1	2	1	5	4	0	1	1	0	2	0	0	0	1	0	2	1	1	2	2	0	1	1	0	1	0	0	2	1	0	0	1	1	4	2	2	4	3	0	2	1	0	0	1	0	2	1	3	0	1	1	4	3	1	4	0	3	1	1	1	1	0	0	1	0	1	1	1	0	0	2	1	0	1	0	0	0	0	1	0	0	1	0	1	0	0	0	0	1	0	0	1	0	0	1	1	0	0	1	0	0	1	1	0	1	0	0	0	0	1	4	0	1	0	0	0	0	1	0	1	0	0	1	0	0	0	0	0	0	0	0	0	0	0	0	0	0	0	0	0	0	0	0	1	0	2	1	0	0	1	0	0	0	0	0	0	0	0	0	0	0	0	0	0	0	1	0	0	0	1	0	0	0	0	0	1	1	0	0	1	0	0	0	0	0	0	1	0	0	0	0	0	0	0	1	0	0	0	0	0	0	1	0	1	0	0	0	0	0	0	0	0	0	0	0	1	0	1	1	0	1	0	0	0	1	0	0	0	1	0	0	2	0	0	0	2	0	0	0	0	0	0	0	0	0	0	1	0	1	0	0	0	0	0	0	0	0	1	0	0	0	1	0	0	1	0	0	0	0	1	0	0	0	0	0	0	0	1	0	0	1	1	0	0	1	0	0	0	0	0	0	0	0	0	0	0	0	0	0	0	0	0	0	0	0	0	1	1	0	0	0	0	0	0	0	1	0	0	0	1	0	0	1	0	0	0	0	0	0	0	0	0	0	0	0	1	0	0	0	0	0	0	0	0	0	0	0	0	0	0	0	0	0	0	0	0	0	0	0	0	0	0	0	0	0	0	0	0	0
0	0	0	0	0	0	0	7	19	53	0	16	6	1	3	2	2	3	2	0	1	4	2	1	2	2	3	1	0	0	0	2	3	3	3	2	1	0	0	4	1	1	1	6	1	4	2	2	3	2	1	5	0	4	2	5	3	4	7	3	3	2	3	7	10	5	12	7	5	11	5	10	5	3	9	4	2	1	1	3	8	5	5	0	0	0	0	1	0	1	0	1	1	0	0	1	2	0	0	3	2	4	6	2	13	10	5	3	3	2	3	2	12	6	5	10	14	3	1	4	2	4	1	1	3	1	2	2	1	1	1	1	0	0	2	0	1	0	1	0	1	0	2	1	1	0	1	2	1	0	0	1	1	2	1	1	1	1	0	0	2	2	1	1	2	2	0	0	3	0	1	0	3	5	1	2	2	3	1	0	0	0	0	1	1	1	0	0	0	0	0	0	0	0	0	0	0	0	0	0	0	0	0	0	1	0	0	0	0	0	0	0	1	1	2	0	0	0	2	0	1	0	0	0	0	2	0	0	0	0	2	0	1	0	1	0	0	0	0	0	0	1	1	0	0	0	1	0	0	0	0	0	1	1	0	1	1	0	1	0	0	0	0	0	0	0	0	0	0	0	0	1	0	0	0	0	0	0	0	0	0	0	1	0	0	0	0	0	0	0	0	0	0	0	0	1	0	1	0	0	0	0	0	0	0	0	0	0	2	0	1	1	0	0	0	0	0	0	1	0	0	0	0	0	0	0	0	0	0	2	0	0	0	0	0	1	0	0	0	0	0	0	1	0	0	0	0	0	0	0	0	0	0	0	0	1	0	0	0	0	0	0	0	1	1	0	0	0	0	1	0	0	0	0	0	2	1	0	0	0	0	0	0	0	0	1	0	0	1	0	0	0	0	0	0	0	0	0	0	0	0	0	1	0	0	0	0	1	0	0	0	0	0	0	0	0	0	0	0	1	0	0	0	0	0	0	0	1	0	1	0	0	0	0	0	0	0	0	0	0	0	0	0	0	0	0	1	2	1	0	0	0	0	0	0	0	0	0	0	0	1	0	0	0	0	0	0	0	0	0	0	0	0	0	0	1	0	0	0	0	0	0	0	0	0	1	0	0	0
0	0	0	0	0	0	0	0	7	36	16	0	11	9	0	5	4	4	7	3	5	5	3	2	0	3	1	3	1	1	1	2	2	2	2	3	1	1	0	4	1	1	2	4	4	3	4	4	5	3	1	1	2	9	7	8	8	8	14	8	7	1	4	7	22	10	8	9	4	8	1	6	5	3	1	3	5	2	1	3	7	0	2	3	1	0	2	1	1	5	0	0	1	1	3	1	1	4	4	4	1	1	8	15	11	13	4	8	9	11	4	5	34	10	17	35	18	4	0	3	2	4	3	3	4	2	2	1	0	1	2	1	2	1	0	0	1	0	1	2	1	0	1	1	1	0	1	1	0	0	0	1	1	0	2	0	1	1	1	0	1	2	0	0	0	0	2	5	1	0	2	2	2	4	6	3	2	2	1	2	0	1	0	0	1	0	1	0	0	0	0	0	1	0	0	0	1	0	0	0	0	0	0	0	0	1	0	0	1	0	0	0	2	0	2	0	1	1	0	0	3	0	0	1	0	2	0	0	0	0	0	1	0	0	0	0	0	0	0	0	0	1	0	1	0	0	1	0	0	0	0	0	0	0	0	0	0	0	1	0	0	0	0	0	0	0	0	0	1	0	0	1	0	1	0	0	0	0	0	0	1	0	0	0	1	2	0	0	0	0	1	1	0	1	0	0	0	0	1	0	1	0	0	1	1	0	0	0	0	0	0	0	0	0	0	1	0	0	0	0	0	1	0	0	0	0	0	0	0	0	0	0	0	0	0	1	1	0	0	0	0	0	1	1	0	0	0	0	0	0	0	0	1	1	0	0	0	0	1	1	0	0	0	0	1	0	0	0	1	0	0	0	0	0	1	0	0	0	0	0	1	0	2	0	0	0	2	1	0	0	0	0	1	0	0	0	0	0	0	0	0	0	0	0	0	0	0	1	0	0	0	0	0	0	1	0	2	1	0	0	0	1	0	2	0	0	0	1	0	2	1	0	0	0	0	0	1	0	0	0	0	0	1	0	0	1	0	0	0	0	0	1	0	0	0	1	0	1	1	0	0	2	0	2	0	0	0	0	0	0	0	0	0	0	0	1	0	0	0	0	0	0	0	0	0	0	0	0	0
0	0	0	0	0	0	0	3	0	2	6	11	0	47	9	15	34	6	5	9	2	4	4	4	1	1	0	2	2	2	2	0	2	4	4	3	3	1	1	2	0	1	4	3	1	4	9	10	15	6	2	3	6	11	22	1632	18	16	2	4	9	10	20	5	4	5	0	6	0	2	1	1	0	1	6	5	2	3	0	0	1	0	2	1	1	1	1	3	1	0	1	6	3	3	4	5	6	15	9	6	3	8	7	2	5	5	4	3	11	8	8	14	26	5	14	5	4	1	4	1	3	3	2	4	1	1	2	0	1	2	2	1	0	1	1	1	2	2	2	1	1	0	1	3	3	1	1	3	0	2	0	0	2	0	1	3	0	0	2	1	1	1	0	1	1	0	2	1	1	0	3	0	2	2	2	1	2	0	2	3	1	1	1	2	3	0	2	0	1	0	0	0	0	1	0	1	0	0	0	1	1	0	0	0	0	1	0	0	0	0	1	1	1	0	2	0	0	0	0	0	0	0	0	0	1	0	1	1	0	1	0	1	1	2	0	0	0	0	0	1	0	0	0	1	0	0	0	0	0	1	0	0	0	0	0	0	0	0	1	0	0	0	0	0	0	0	0	0	0	0	0	0	1	0	1	1	2	0	0	0	0	0	0	0	0	0	0	0	0	0	0	0	0	1	1	1	0	0	0	0	1	0	1	1	0	0	0	1	1	0	0	0	0	0	0	0	0	1	0	0	0	0	1	0	0	0	0	0	1	0	0	1	1	0	0	0	1	0	0	0	0	0	0	0	0	0	0	0	0	1	0	1	1	0	1	0	0	0	0	0	0	0	0	0	0	0	0	0	1	1	0	1	0	1	0	0	0	0	1	1	0	0	1	2	0	0	0	0	1	0	0	0	1	0	0	0	0	0	0	0	0	0	1	0	0	0	0	0	0	0	0	0	1	1	0	1	0	0	0	0	0	0	0	0	0	1	0	1	0	0	0	0	0	0	0	0	0	0	0	1	0	1	0	0	0	0	0	0	1	0	0	0	0	2	0	2	1	0	0	0	0	0	0	0	0	0	0	0	0	0	0	0	0	0	1	0	0	1	0	0	0	1	0	0	0	0	0	0	0
0	0	0	0	0	0	0	0	2	4	1	9	47	0	32	87	31	4	7	4	5	5	3	2	1	4	0	0	1	4	2	1	1	3	6	5	0	2	0	1	1	2	0	3	6	8	15	6	22	7	3	5	4	22	17	35	10	5	3	2	4	4	6	1	6	1	0	1	1	2	0	2	3	1	5	1	3	1	0	1	1	1	1	3	1	0	1	1	3	3	0	1	1	5	3	4	11	12	5	10	5	6	7	4	3	1	4	5	4	3	10	8	8	9	13	10	4	2	0	1	2	3	3	2	3	0	1	0	0	2	4	0	1	1	0	0	0	1	1	1	0	1	0	1	1	0	1	0	0	0	0	1	1	0	0	2	4	0	2	0	0	0	0	1	2	0	1	2	2	0	1	0	0	2	1	2	4	2	2	3	1	3	2	0	1	1	1	0	0	0	0	1	0	0	0	0	0	0	0	0	1	1	0	0	0	1	0	0	0	0	0	0	0	2	0	1	0	0	1	0	1	1	2	1	1	1	0	0	1	0	0	1	0	0	0	1	0	0	0	0	1	0	0	0	0	0	0	1	0	0	0	0	0	0	0	0	0	0	1	0	0	1	0	0	1	1	0	0	1	0	0	0	0	1	0	1	0	0	0	0	0	0	0	0	0	0	0	0	0	0	0	0	0	0	0	0	1	1	0	0	0	0	0	0	0	0	0	0	0	0	0	0	0	0	1	0	0	0	0	1	0	0	1	0	0	0	0	0	0	0	0	0	0	0	0	0	0	0	0	0	0	1	0	0	0	0	0	0	0	0	0	1	0	0	0	0	0	2	0	0	0	0	0	0	0	0	1	0	0	0	0	0	0	0	0	0	1	0	0	1	0	1	1	0	1	0	0	1	0	0	0	0	0	0	0	1	0	0	0	0	0	0	0	0	0	0	0	0	1	0	0	0	0	0	0	0	1	0	0	0	1	0	0	0	0	0	0	0	0	1	0	0	0	1	0	0	0	0	0	0	0	0	0	0	0	0	0	0	0	0	1	1	1	0	0	2	0	1	0	1	1	0	0	0	0	1	0	0	0	0	1	0	0	1	1	0	1	1	1	0	1	0	0	0	0	0	0	0	0
0	0	0	0	0	0	0	1	0	3	3	0	9	32	0	39	5	6	3	4	4	2	0	0	4	0	1	2	4	1	2	4	0	0	5	0	1	5	6	0	1	1	0	3	3	4	5	4	10	18	2	6	7	5	5	11	6	3	1	0	2	1	0	0	1	1	1	1	1	0	0	0	0	0	1	0	2	1	2	1	1	1	1	1	1	3	2	3	2	3	1	2	2	2	2	11	22	7	2	3	2	6	8	4	1	3	1	2	5	2	5	13	7	2	6	3	1	1	0	1	3	1	1	0	1	0	0	1	2	0	0	1	0	0	0	0	0	1	2	3	1	1	0	4	2	0	0	1	1	2	0	0	0	2	1	0	1	0	2	0	0	2	1	0	0	0	1	0	0	2	0	1	2	1	0	0	0	1	0	1	0	1	1	0	0	1	2	1	0	0	0	0	1	1	0	2	0	0	0	0	0	0	0	1	0	0	1	0	0	0	0	0	2	0	0	0	0	0	1	2	0	0	0	0	0	0	0	0	1	0	1	2	0	1	0	0	0	0	0	0	0	0	0	0	0	0	0	1	0	0	0	0	0	1	0	0	0	1	0	0	0	0	0	1	0	0	0	0	0	0	0	0	0	0	0	0	0	0	0	1	0	0	0	0	0	1	0	0	1	0	1	0	0	0	0	0	0	0	0	0	0	0	0	2	1	0	0	0	0	1	0	0	0	0	1	0	0	0	2	0	0	2	0	0	0	0	0	0	0	1	0	0	0	1	0	2	0	0	0	0	0	0	0	0	0	0	0	1	0	0	0	0	0	0	0	0	0	0	0	1	0	0	0	1	0	1	0	0	1	0	0	0	0	0	0	0	0	0	1	0	1	0	1	0	1	1	0	1	1	0	0	0	0	0	0	0	0	0	0	1	0	0	0	0	0	1	1	0	0	0	0	0	0	0	0	1	0	0	0	0	1	1	0	0	0	0	0	0	0	0	0	0	0	0	0	0	0	0	1	0	0	0	0	0	0	0	0	0	0	0	1	0	0	0	0	0	1	1	0	0	0	0	2	1	0	0	0	0	0	0	0	0	0	0	0	0	0	0	0	0	0	0	0	0	0	1	0	0	0
0	0	0	0	0	0	0	0	3	1	2	5	15	87	39	0	16	2	4	9	3	4	0	3	0	1	1	1	3	3	0	4	2	0	3	0	0	3	2	2	4	1	3	1	6	9	17	3	14	13	5	2	6	19	15	11	4	9	0	0	1	3	6	1	2	1	3	0	2	1	3	4	1	1	2	3	0	3	0	2	1	1	0	0	3	1	1	2	4	3	3	2	4	2	6	3	16	9	4	8	3	2	4	1	3	3	6	4	6	7	9	23	9	8	14	6	2	2	3	3	1	1	0	2	3	2	1	1	0	0	3	1	1	1	1	0	1	1	1	3	2	0	0	0	3	2	1	1	0	0	1	1	0	3	1	1	2	1	1	2	1	0	0	1	0	1	1	1	1	1	2	0	0	1	2	1	1	1	0	0	0	1	2	3	3	2	0	0	1	0	0	0	0	1	1	0	0	1	0	0	0	0	0	0	0	0	0	1	0	0	1	1	0	0	1	1	1	0	0	0	0	0	0	2	1	0	0	1	0	0	1	2	2	0	1	1	0	1	0	1	0	2	0	0	0	0	0	0	0	0	0	0	1	1	2	0	0	0	0	0	0	0	0	3	0	0	0	0	1	1	0	0	0	0	0	0	0	0	0	0	0	0	0	0	0	1	0	0	0	0	1	0	0	0	0	0	0	0	1	0	1	1	0	0	0	1	0	0	1	0	0	0	0	1	0	0	0	0	1	0	0	0	0	0	0	1	0	1	1	0	0	0	0	0	0	0	1	0	0	2	1	0	0	0	0	0	0	0	1	0	2	0	0	0	0	0	0	0	0	0	0	0	0	1	0	0	0	0	0	0	0	1	0	1	0	0	0	0	1	1	0	0	0	1	0	0	1	0	0	0	0	0	0	0	0	0	0	1	0	0	0	0	1	0	0	1	0	0	0	1	0	0	0	0	0	1	2	1	1	0	0	1	0	0	0	0	0	0	0	0	1	1	0	0	0	0	0	0	0	0	0	0	0	0	0	0	0	0	1	0	0	0	0	1	0	0	3	0	1	0	0	0	1	0	0	0	0	0	0	0	0	0	0	0	0	0	0	1	0	0	0	1	0	0	0	0	0	0	0
0	0	0	0	0	0	0	0	2	4	2	4	34	31	5	16	0	14	10	12	4	2	2	2	2	3	3	3	3	3	5	4	2	4	3	2	1	3	1	0	2	1	1	8	5	2	10	2	3	4	3	1	1	12	9	18	19	15	7	1	6	8	16	7	11	4	2	8	4	5	0	2	1	0	2	4	4	2	1	0	0	1	0	3	2	0	3	0	3	1	4	4	0	1	4	5	9	19	16	8	5	17	14	14	8	2	3	8	14	14	26	24	18	5	8	12	1	2	3	8	4	2	2	3	4	2	1	1	2	0	1	0	0	0	0	0	1	0	2	1	4	2	0	0	1	0	1	1	1	0	0	0	2	1	1	0	0	1	4	0	1	0	0	3	0	2	2	1	0	2	3	4	0	2	4	1	2	2	2	1	4	0	1	0	2	1	0	0	1	1	1	0	0	1	0	1	0	0	0	1	0	1	0	1	0	0	1	0	1	0	0	2	0	1	1	3	2	1	1	0	0	1	0	1	0	0	0	0	0	1	1	0	1	0	0	0	0	0	0	0	0	1	1	0	0	0	0	0	1	0	1	0	0	0	0	0	0	0	0	0	1	1	1	0	0	0	0	0	1	1	0	2	0	0	0	0	0	0	1	0	0	0	0	0	0	0	0	0	0	0	0	0	0	0	0	0	0	0	0	3	1	1	0	0	0	1	0	0	0	0	1	1	0	0	1	1	0	0	0	0	0	1	1	0	1	0	0	0	0	0	0	1	0	1	0	0	0	0	3	0	0	0	1	0	0	0	1	0	0	0	0	0	0	0	0	0	0	0	0	1	0	0	0	0	0	0	1	0	0	0	1	1	0	1	0	0	0	1	0	0	0	0	1	0	0	0	0	0	1	0	0	0	0	0	0	0	0	0	0	0	0	0	0	0	1	0	0	0	0	0	0	0	1	0	1	0	0	0	0	0	0	0	0	1	0	0	0	0	0	0	0	1	0	0	0	0	0	0	0	0	0	0	0	0	0	0	0	1	0	0	1	0	2	1	0	0	1	0	1	0	0	3	0	0	0	0	0	0	0	1	0	1	1	0	0	0	0	1	0	0	0	0	0	0	0	0	0	0	0
0	0	0	0	0	0	0	1	1	5	3	4	6	4	6	2	14	0	71	11	10	10	13	7	6	1	7	10	4	3	5	4	9	4	4	7	10	6	3	2	1	2	1	3	1	3	4	1	1	3	2	1	2	4	1	8	10	15	14	6	5	6	12	31	18	5	6	15	6	3	1	6	4	2	8	17	13	5	5	1	4	1	1	1	3	3	1	0	8	1	3	2	1	1	3	2	7	5	15	7	22	32	252	22	4	1	4	4	29	74	23	7	7	2	4	7	11	5	5	11	8	10	5	2	4	4	0	4	2	2	3	0	1	2	3	1	3	0	0	4	1	2	1	2	0	2	3	3	1	2	3	1	2	2	2	4	2	3	3	2	0	1	1	3	2	4	0	3	3	1	3	4	1	3	6	3	3	7	9	6	1	4	1	2	1	3	0	2	0	0	0	0	0	1	0	0	0	0	0	2	0	0	0	0	0	0	1	0	1	1	0	1	0	1	1	0	1	2	0	3	2	1	0	1	1	1	1	0	1	1	0	1	1	4	1	0	1	0	0	0	1	0	0	1	0	0	0	0	1	0	0	1	1	0	1	1	0	0	0	0	0	0	1	0	0	0	0	0	0	0	0	0	1	1	0	0	1	0	0	0	0	0	0	0	0	0	0	0	0	1	0	0	0	0	0	0	0	1	1	2	0	1	0	0	0	1	0	1	2	0	0	0	0	0	0	0	0	1	0	0	0	0	0	0	2	0	0	0	0	2	0	0	1	0	0	0	1	2	2	0	0	0	0	1	0	1	0	0	0	1	0	0	0	0	1	0	1	0	0	0	1	0	0	1	0	1	1	0	2	1	1	0	1	0	1	0	1	0	0	0	0	0	0	1	1	1	2	1	0	1	0	1	0	0	1	0	0	0	0	0	0	0	0	0	0	0	0	0	0	1	0	0	0	2	1	0	0	0	0	0	0	0	0	0	0	0	0	0	0	0	0	0	1	0	0	0	0	0	0	0	0	0	1	0	1	0	0	0	0	1	0	0	0	0	1	0	0	1	1	0	0	1	0	0	0	2	0	0	0	0	0	0	1	0	0	1	0	0	1	0	0	0	0	0	0	0	1	0	0
0	0	0	0	0	0	0	3	1	3	2	7	5	7	3	4	10	71	0	23	21	17	18	8	7	5	3	10	7	3	9	7	9	9	6	4	1	5	1	2	1	2	0	1	2	4	5	4	1	1	1	1	1	3	1	8	6	9	6	7	10	5	13	18	12	3	2	7	3	3	1	2	2	3	6	14	10	5	5	1	2	1	2	4	1	0	0	1	5	2	0	1	3	4	2	2	5	5	25	19	26	155	96	8	5	4	2	3	10	18	16	8	0	4	4	7	4	3	4	3	4	9	2	2	3	1	2	4	3	2	3	6	3	2	2	0	0	2	2	3	3	2	2	5	3	1	6	2	2	0	0	2	2	1	6	5	6	0	1	2	3	3	3	4	3	2	3	2	2	1	7	5	4	3	5	1	14	16	18	7	5	2	3	1	1	3	3	1	0	0	0	0	1	1	0	0	1	0	1	0	0	0	1	0	0	0	0	0	0	0	1	0	1	0	3	0	2	0	4	1	2	0	2	0	1	1	0	0	0	1	2	0	1	0	2	1	1	0	0	2	0	0	1	0	1	0	0	0	1	0	0	1	0	0	0	0	1	0	0	0	1	0	0	0	0	0	1	0	0	1	0	0	0	0	0	0	0	0	0	0	1	0	0	0	1	1	0	0	1	0	2	0	0	0	0	0	0	1	0	1	0	0	1	0	0	0	0	0	0	0	0	1	0	0	0	0	0	0	1	0	0	0	1	1	0	1	1	0	0	1	2	1	0	3	1	1	0	2	0	0	0	1	0	0	1	0	0	0	1	1	0	0	0	0	0	0	0	0	0	0	0	0	1	0	1	0	0	0	0	0	0	1	0	0	1	0	0	0	0	2	0	0	0	0	0	0	0	1	0	0	0	0	1	1	0	0	1	0	1	1	1	0	1	0	0	0	1	0	0	0	0	0	0	0	0	0	0	1	0	0	0	0	0	1	1	0	0	1	0	1	0	1	0	0	0	1	0	0	0	0	0	0	1	0	0	1	0	0	0	0	0	0	0	0	0	1	0	0	1	0	0	0	0	0	0	1	0	0	1	1	0	0	0	0	0	0	0	0	1	0	0	0	0	0	0	0	0	1	0
0	0	0	0	0	0	0	1	4	2	0	3	9	4	4	9	12	11	23	0	23	9	15	20	13	11	5	9	2	5	1	2	7	7	4	3	0	0	0	0	1	0	1	1	0	2	2	1	3	3	1	0	1	1	0	9	9	7	5	6	9	26	17	11	8	2	0	0	3	1	2	4	3	1	2	4	7	5	3	0	0	3	0	3	0	1	0	5	2	2	1	2	0	4	4	1	4	19	63	46	24	36	13	3	2	5	3	1	3	5	8	5	2	2	6	3	1	1	4	1	1	2	2	2	2	2	2	0	1	0	2	1	0	1	1	0	0	3	1	2	2	0	2	0	0	5	1	3	1	0	2	3	0	2	4	4	5	1	1	2	0	2	2	2	0	0	3	1	1	3	0	4	1	1	2	3	4	5	4	2	7	9	1	3	1	1	0	3	1	0	0	0	1	0	0	0	0	0	0	1	0	0	0	1	2	0	0	0	0	0	0	1	1	2	1	1	1	2	1	2	2	0	0	0	0	0	3	0	1	0	1	0	1	1	0	0	1	0	0	0	0	0	0	2	1	1	0	0	1	0	0	0	0	0	0	0	0	0	2	0	0	0	0	0	0	0	0	0	0	0	0	0	1	0	1	1	1	1	0	0	0	0	0	0	0	0	0	0	2	1	1	0	0	0	0	0	1	1	0	0	0	0	0	0	0	0	0	0	0	0	0	0	2	1	1	0	0	1	0	0	2	0	0	0	0	1	0	0	0	0	1	0	2	1	1	1	0	2	1	0	1	0	0	0	0	0	0	0	1	0	2	0	0	0	1	1	0	0	1	0	0	0	2	0	1	0	1	0	0	0	0	0	0	1	1	0	0	0	0	2	0	0	1	0	4	1	0	0	0	0	0	0	0	0	1	0	0	2	0	0	0	0	0	0	0	0	0	0	0	0	1	1	0	0	0	0	1	0	0	0	1	0	0	0	0	0	0	0	0	0	0	0	0	1	0	0	0	0	0	0	1	0	0	1	0	0	0	0	1	0	0	0	0	0	1	0	0	0	0	0	2	0	0	0	1	0	1	1	0	0	1	0	0	2	0	1	0	0	0	0	2	0	0	0	0	0	0	0	0
0	0	0	0	0	0	0	0	3	4	1	5	2	5	4	3	4	10	21	23	0	22	107	50	9	6	7	8	2	3	3	3	3	3	3	4	2	0	0	1	1	1	1	3	1	2	1	1	1	2	2	1	1	0	1	3	3	24	6	12	64	15	14	11	10	6	1	8	9	3	2	3	5	1	5	5	3	3	4	1	2	1	3	2	4	1	0	1	0	0	0	2	1	1	3	4	3	4	12	11	6	11	11	4	5	1	1	2	6	6	3	5	6	1	0	3	0	1	1	7	0	9	2	2	5	0	0	1	3	0	2	2	2	1	3	0	0	2	0	2	2	1	1	4	4	4	3	0	2	2	1	1	3	2	2	5	7	6	5	5	3	2	3	1	1	2	2	2	1	1	4	3	0	3	6	3	3	3	5	6	1	7	5	3	2	0	0	0	3	3	0	0	0	1	0	0	0	0	0	0	1	0	0	0	0	0	0	1	0	1	0	1	0	1	1	4	1	0	2	1	2	0	0	1	1	0	1	1	1	1	3	2	0	0	2	1	0	0	0	0	1	1	0	0	0	0	0	0	0	0	0	0	1	0	0	0	0	1	0	1	0	0	0	2	0	0	0	0	1	0	0	1	0	0	0	0	0	1	1	0	0	0	0	0	0	1	2	2	0	0	0	0	1	1	0	0	1	0	0	1	2	0	1	0	0	3	0	0	2	0	0	0	0	1	0	1	0	0	0	1	0	1	0	0	0	0	0	0	0	2	0	2	1	0	2	2	0	0	0	0	0	0	0	0	0	0	0	0	0	0	0	0	0	0	0	0	0	0	0	0	1	0	0	1	0	0	0	0	0	0	0	0	0	0	0	0	0	0	0	0	0	1	0	1	1	1	1	1	0	0	0	0	0	0	1	1	0	0	0	0	0	0	0	0	1	0	1	1	0	1	0	0	0	0	0	0	0	2	0	0	1	0	2	0	0	0	0	0	0	0	0	0	0	1	0	0	0	1	0	0	0	0	0	1	0	1	0	0	1	0	0	0	1	1	0	0	0	1	0	0	0	0	1	0	0	1	0	0	1	0	0	0	1	1	0	0	1	0	1	0	0	0	0	0	0	1	0	1	1
0	0	0	0	0	0	0	2	1	4	4	5	4	5	2	4	2	10	17	9	22	0	79	8	7	6	3	12	9	0	3	2	7	4	1	1	3	2	1	3	1	1	0	1	1	1	0	1	4	2	1	1	0	2	2	5	3	7	6	14	13	5	7	21	8	15	7	7	6	2	2	4	6	2	5	12	8	5	4	2	2	1	5	2	2	0	2	2	3	1	1	2	0	1	0	1	2	5	4	5	3	13	10	3	2	3	1	5	4	4	4	2	2	1	2	2	3	2	2	4	2	5	5	3	0	0	0	2	3	0	3	2	0	1	1	2	1	2	0	0	3	0	1	4	1	4	3	5	0	3	4	4	7	10	7	7	23	3	5	2	3	6	1	0	4	2	3	4	3	2	4	6	7	6	9	13	10	9	11	3	5	1	3	1	1	3	2	1	0	0	1	1	0	1	0	1	0	0	0	0	0	0	0	0	0	0	1	0	1	0	0	1	1	1	1	2	0	1	3	3	1	3	2	0	1	0	1	1	1	2	0	0	0	0	1	0	1	0	1	0	1	0	1	0	3	2	0	0	0	0	0	0	0	0	0	0	0	0	0	1	0	0	0	0	0	1	0	0	0	2	1	1	1	0	0	0	0	0	1	1	1	0	0	0	1	0	1	0	0	0	1	1	0	0	0	0	1	0	1	0	0	0	1	1	0	0	0	2	0	0	0	0	0	1	0	0	0	1	0	0	0	1	0	1	0	1	1	0	1	1	0	2	0	0	0	1	1	0	0	0	2	0	1	0	0	0	0	0	0	2	0	0	0	1	0	0	0	0	0	0	0	0	1	0	0	0	0	0	1	1	0	0	1	0	1	0	1	1	0	0	1	0	1	0	0	0	1	0	0	1	0	2	0	1	0	0	0	0	0	0	0	1	0	1	0	0	0	0	1	0	2	0	2	0	0	0	0	0	0	0	1	1	0	0	0	0	0	0	0	1	1	1	0	0	0	0	1	1	0	0	0	0	0	0	0	0	0	0	1	0	1	1	1	0	1	0	0	1	0	0	0	0	0	0	0	0	0	1	0	0	2	1	0	1	0	0	1	2	0	1	1	0	1	0	0	0	0	0	0
0	0	0	0	0	0	0	1	1	7	2	3	4	3	0	0	2	13	18	15	107	79	0	24	4	9	6	10	3	7	3	4	8	3	3	2	3	0	2	3	3	1	1	0	1	1	2	0	1	0	0	0	0	1	3	3	5	12	9	16	36	10	10	20	11	7	4	2	3	3	1	4	5	2	3	2	8	2	2	2	0	0	2	0	0	1	0	2	1	0	0	1	0	2	3	1	3	11	10	7	8	11	12	4	2	1	2	1	3	3	3	2	3	1	6	4	3	0	3	2	6	2	5	0	4	1	1	0	0	1	0	2	1	0	0	2	1	2	0	0	0	2	1	2	1	3	4	6	1	2	2	4	4	5	3	7	12	6	2	2	3	3	1	4	2	2	1	4	0	5	2	5	3	2	4	4	10	6	14	12	4	5	0	3	1	5	1	1	1	3	0	0	0	0	0	1	0	0	0	0	0	0	2	0	0	0	0	0	1	4	0	1	1	0	4	3	0	1	2	0	4	2	0	1	3	1	3	0	0	1	0	2	1	1	1	1	1	2	1	2	2	0	2	1	0	1	0	1	0	0	1	0	0	0	0	0	0	0	0	0	0	1	0	1	1	1	0	0	1	0	0	0	2	0	0	1	0	0	0	1	0	1	0	0	0	0	0	0	0	0	1	0	0	0	0	0	0	0	1	1	1	0	0	0	0	0	0	0	0	1	0	2	0	0	1	0	0	0	0	2	1	2	2	0	0	0	0	2	0	1	1	0	0	1	3	0	0	2	0	3	2	1	0	0	2	1	0	0	0	0	0	1	0	0	0	0	1	0	0	0	0	0	0	1	0	1	0	0	1	0	0	0	0	0	1	0	1	0	1	1	0	0	0	0	0	2	2	3	2	0	1	2	0	0	0	0	0	0	0	0	0	0	0	1	1	0	0	0	0	0	0	1	0	0	0	0	1	1	0	0	0	0	0	1	0	0	0	1	1	0	1	1	0	1	0	0	0	0	0	0	0	0	0	0	0	0	0	1	0	1	1	1	0	1	2	0	0	0	1	0	0	0	0	0	0	0	0	0	1	0	0	1	0	1	0	0	0	0	0	1	1	0	0	0	1	0	0	0	0
0	0	0	0	0	0	0	0	1	2	1	2	4	2	0	3	2	7	8	20	50	8	24	0	16	10	9	7	3	4	3	4	3	3	2	1	1	0	0	1	1	2	2	1	0	1	2	0	1	0	0	1	2	1	1	3	6	5	3	6	20	19	9	7	3	8	1	3	3	1	0	2	1	1	4	1	7	2	1	1	2	0	2	0	1	1	1	0	3	2	2	1	1	1	2	7	2	5	7	13	4	14	10	4	2	0	2	1	0	1	3	1	1	0	2	1	2	3	1	4	0	2	4	1	2	0	1	0	2	2	0	0	0	0	1	1	0	0	1	2	0	0	1	3	2	3	3	2	3	2	0	0	3	3	0	2	3	4	4	1	1	2	0	1	3	2	2	1	1	1	4	2	3	3	2	5	3	6	8	10	6	2	2	4	4	1	0	0	0	1	1	0	0	1	0	0	0	0	0	0	0	0	2	1	0	0	0	0	1	1	1	1	0	3	3	2	1	0	2	3	1	1	2	0	1	0	0	2	0	3	0	3	0	0	0	0	0	0	1	0	1	1	0	2	1	1	0	0	1	1	0	1	0	0	0	0	1	0	0	0	0	1	0	0	0	1	0	0	0	0	1	1	1	0	1	1	1	0	1	0	1	0	0	0	0	0	0	1	0	0	0	2	2	1	1	0	1	0	0	1	0	0	0	1	0	0	1	0	0	0	0	1	0	1	0	0	0	0	0	1	1	0	0	0	0	0	1	3	0	0	0	0	0	1	0	0	1	1	1	0	0	1	0	0	1	0	0	0	0	0	0	1	0	1	0	0	0	1	0	0	0	0	0	0	0	0	2	0	1	0	0	0	1	0	0	0	0	0	0	1	1	1	0	0	1	1	2	1	3	0	0	0	0	0	0	0	1	0	1	0	0	0	0	2	0	1	0	0	0	0	0	0	0	0	1	1	0	0	0	0	0	0	0	0	1	0	0	0	1	0	0	0	1	0	0	0	0	1	0	1	0	0	0	0	0	0	1	0	1	0	1	0	3	0	2	0	0	1	2	1	0	3	0	0	1	1	0	0	0	2	0	0	0	0	1	0	0	1	0	0	0	0	0	1	0	0	0	0	0
0	0	0	0	0	0	0	2	2	2	2	0	1	1	4	0	2	6	7	13	9	7	4	16	0	589	61	13	13	7	1	1	5	5	3	2	3	3	3	1	1	0	0	1	1	1	2	0	0	0	2	0	1	0	1	1	2	3	0	5	5	4	5	3	2	5	1	1	3	0	0	0	3	1	3	1	2	0	2	1	1	0	0	0	2	2	2	1	3	5	0	3	0	1	2	3	2	4	6	12	8	11	2	2	0	1	1	5	2	1	5	0	0	1	1	2	0	0	3	0	2	1	0	0	0	1	3	1	2	3	2	2	1	1	0	3	1	0	0	0	4	3	4	3	8	16	9	7	0	0	5	4	2	2	2	1	5	4	2	2	0	5	2	5	0	1	3	0	2	2	3	3	3	0	2	0	4	6	11	30	19	6	5	10	4	4	1	1	1	2	0	0	1	1	0	0	2	1	1	0	1	0	0	1	0	0	0	3	0	0	2	6	2	2	3	1	4	0	3	1	4	1	4	1	1	0	2	0	2	0	2	3	0	1	3	0	0	1	1	2	2	1	0	1	1	2	1	0	0	1	0	0	0	1	1	0	0	0	2	0	1	0	0	0	0	0	0	1	0	1	1	0	0	1	1	0	0	0	0	1	0	0	0	0	0	0	0	0	1	1	0	0	0	0	0	1	2	0	1	0	0	1	0	0	0	0	1	0	0	0	1	1	0	0	0	1	0	1	0	1	0	1	0	1	1	0	0	0	1	1	0	2	1	2	0	0	1	2	1	1	1	0	0	0	1	0	0	0	0	0	0	1	0	0	0	0	1	2	0	0	0	1	1	1	0	0	0	0	1	0	0	0	0	0	0	0	0	0	0	0	0	1	2	1	1	0	2	1	0	1	1	0	1	0	1	0	1	0	0	0	0	0	0	1	0	0	0	0	0	0	0	0	0	1	0	0	1	0	0	0	0	0	0	0	0	0	1	1	3	1	0	0	0	0	0	0	1	0	0	1	0	0	0	1	0	0	0	0	0	1	0	1	1	1	0	0	0	2	1	0	0	0	0	0	0	0	0	0	2	0	0	0	1	1	0	0	1	0	0	0	0	0	0	0	0	0	0	0	1
0	0	0	0	0	0	0	0	1	2	2	3	1	4	0	1	3	1	5	11	6	6	9	10	589	0	110	19	7	4	7	0	6	13	4	3	2	2	0	1	0	2	0	0	0	1	1	2	3	2	0	1	0	0	2	0	1	1	1	3	6	1	4	4	2	4	1	3	0	1	3	1	1	2	2	5	6	2	2	0	1	0	0	1	0	1	5	1	2	0	0	2	1	1	3	5	5	4	10	13	10	3	3	3	2	1	3	0	3	5	1	1	7	1	3	1	0	2	0	0	0	5	2	1	1	0	0	1	0	0	0	0	0	2	3	1	1	0	2	1	1	4	7	5	9	16	6	11	1	1	2	2	4	7	5	2	10	4	6	5	1	5	3	6	2	2	3	2	1	2	2	4	3	2	1	3	4	5	11	52	24	10	8	5	6	3	3	0	2	0	0	1	0	1	0	1	0	2	0	0	0	1	1	1	0	1	0	1	0	1	0	1	2	2	1	2	0	3	2	2	3	2	3	0	0	0	0	2	0	0	0	2	1	1	2	4	1	0	2	1	0	0	0	3	1	0	3	1	0	1	0	0	1	0	1	2	0	1	0	0	0	1	0	0	0	0	1	1	0	0	1	0	0	0	0	1	0	0	0	0	1	1	1	1	0	0	0	1	1	1	1	0	0	0	0	1	1	1	0	2	0	1	0	1	1	1	0	1	0	0	1	1	0	1	0	0	1	0	0	2	2	0	0	1	0	0	2	1	0	1	0	0	2	1	1	2	1	1	3	1	0	2	0	0	0	1	1	0	0	1	1	0	1	0	0	0	0	0	0	0	0	0	0	0	0	0	0	0	0	1	1	0	0	0	1	1	0	0	0	0	0	0	1	0	2	1	0	1	0	1	1	0	0	0	1	0	0	1	0	1	0	0	0	0	0	0	0	0	0	1	0	0	0	0	2	0	0	0	1	0	0	0	0	0	0	0	0	0	1	1	0	1	0	1	0	1	0	0	0	1	1	1	0	0	0	0	0	0	0	0	0	1	2	3	0	0	0	1	1	1	0	0	0	2	2	0	1	0	1	0	0	2	0	0	0	1	2	0	1	1	0	0	0	0	0	0	0	2	0
0	0	0	0	0	0	0	0	0	0	3	1	0	0	1	1	3	7	3	5	7	3	6	9	61	110	0	21	15	12	6	1	11	29	8	3	2	5	1	2	2	0	0	1	1	0	1	0	0	0	2	0	3	4	0	2	1	4	1	1	2	2	4	4	1	4	0	3	3	1	2	0	3	2	1	5	7	3	3	0	1	0	2	1	3	0	2	2	3	1	2	2	2	4	3	3	1	6	7	17	13	8	5	2	0	1	2	5	5	0	5	2	2	0	3	1	1	2	3	3	4	6	0	2	0	1	1	1	1	2	4	2	0	1	1	2	1	0	0	2	3	3	5	8	7	16	11	2	2	6	2	4	9	2	3	5	9	4	3	5	1	6	3	8	2	1	3	4	0	3	3	2	1	0	0	2	4	9	14	53	45	16	15	11	4	4	2	3	1	2	0	0	1	0	0	1	0	1	1	0	0	1	2	1	0	0	3	1	0	3	1	0	3	1	2	0	0	1	2	1	1	1	0	0	1	1	0	3	0	0	2	2	1	0	3	0	2	0	2	0	1	1	2	0	1	0	1	1	0	1	0	1	1	0	0	0	0	0	0	0	0	0	0	1	0	0	0	0	1	1	0	0	0	2	0	0	1	0	0	0	0	0	0	0	0	1	1	0	0	0	1	1	0	1	1	0	1	1	0	1	1	0	0	0	0	1	0	0	0	0	0	0	1	0	0	0	0	0	1	0	0	1	0	0	2	0	1	0	0	2	0	1	1	2	0	1	1	1	1	2	1	4	0	1	0	1	0	0	0	0	0	0	0	0	0	0	0	1	0	0	1	0	0	1	1	0	0	1	0	1	0	0	0	0	1	0	1	1	0	0	1	1	2	1	1	2	0	0	0	0	1	0	1	0	2	0	0	0	0	1	0	0	0	0	0	1	0	1	0	1	0	0	0	0	0	0	0	2	0	0	0	1	0	0	0	2	0	1	3	1	0	0	0	0	0	0	0	0	0	1	0	1	0	0	0	0	0	0	0	0	0	0	0	0	0	0	1	0	0	0	0	0	1	1	0	1	1	0	1	0	0	0	0	0	0	0	0	0	1	1	0	0	0	0	0	0	0	1	0
0	0	0	0	0	0	0	2	1	2	1	3	2	0	2	1	3	10	10	9	8	12	10	7	13	19	21	0	21	12	9	13	41	27	4	3	2	3	4	1	3	2	0	2	0	2	3	0	2	0	0	1	2	2	2	4	4	5	2	7	4	0	3	7	3	8	3	2	2	1	1	1	4	1	0	5	14	8	4	1	1	0	0	3	3	2	0	2	3	0	2	5	1	3	3	6	4	2	11	11	13	12	5	3	1	2	4	4	6	5	7	2	3	1	2	2	4	3	8	2	2	3	4	2	2	2	0	0	4	1	1	0	1	1	1	1	0	4	4	7	6	9	7	5	5	7	3	2	1	1	6	4	8	10	5	14	4	11	2	4	3	6	2	3	5	3	7	8	4	2	7	5	3	3	4	5	17	26	72	34	20	20	4	5	3	2	2	2	1	1	2	1	0	0	0	0	0	0	0	0	1	0	0	1	0	1	1	1	0	0	2	3	3	2	3	2	0	4	3	2	2	2	1	2	4	0	1	1	1	0	0	1	2	3	1	2	0	0	0	1	0	0	1	0	0	1	0	0	0	0	0	1	0	1	0	2	0	0	0	1	0	0	0	0	0	0	0	0	0	1	0	0	0	0	0	0	0	0	0	0	0	1	0	1	0	0	0	0	0	1	0	0	0	0	0	0	0	2	0	0	0	0	0	2	0	0	1	0	1	0	0	1	1	2	1	0	1	1	1	0	1	1	0	0	0	1	0	0	1	1	0	2	1	0	0	1	1	1	0	0	1	1	0	0	0	1	0	0	0	1	0	0	0	0	0	0	0	0	0	0	0	0	0	0	1	0	0	0	0	0	0	1	0	0	0	0	0	2	0	0	3	0	0	0	1	0	0	0	1	0	1	0	0	1	0	0	0	0	0	0	0	0	0	0	0	0	0	0	0	0	0	0	0	0	0	0	0	0	0	0	0	0	0	0	0	0	0	3	0	0	1	0	0	0	0	0	0	0	0	0	0	1	0	1	0	0	0	0	1	0	0	1	0	0	0	0	0	1	0	1	1	0	0	1	1	1	0	0	0	0	0	0	0	0	0	0	0	1	0	0	1	0	0	0	0	0	0	1	0
0	0	0	0	0	0	0	0	1	0	0	1	2	1	4	3	3	4	7	2	2	9	3	3	13	7	15	21	0	71	20	8	23	90	37	8	13	9	0	0	3	0	0	5	0	3	0	0	1	0	0	0	0	2	2	3	3	3	2	3	0	8	5	3	5	3	2	3	1	2	0	0	1	0	1	1	10	1	3	0	1	2	1	3	4	4	3	7	3	4	4	1	0	6	11	11	4	4	9	20	23	17	13	2	0	3	4	0	7	6	5	6	2	1	3	4	3	2	2	3	1	6	2	0	3	0	2	3	1	4	2	6	4	1	0	0	2	0	3	3	5	5	5	8	10	5	5	1	0	0	0	2	2	1	8	2	3	3	5	1	4	4	0	6	2	2	7	5	1	2	3	4	4	0	2	3	7	7	21	11	13	13	2	2	4	5	5	3	1	1	1	1	0	0	0	1	0	3	0	1	1	0	1	0	0	0	2	1	0	2	0	1	2	3	2	2	0	1	4	0	1	0	2	1	0	1	1	0	1	0	0	1	0	2	4	1	0	0	0	2	1	1	0	1	0	1	1	1	0	0	1	0	0	0	0	1	0	0	0	0	0	0	0	1	0	0	0	0	0	0	0	1	0	0	0	0	0	0	0	1	0	1	0	0	0	1	1	0	0	1	1	0	0	1	0	0	0	0	0	1	1	0	0	1	0	0	0	0	0	1	0	0	0	0	0	0	0	0	0	0	0	0	0	0	2	0	0	0	1	0	1	1	0	2	0	3	0	0	0	0	1	2	0	2	0	0	0	1	0	0	0	1	0	0	0	0	0	2	0	0	0	0	0	1	0	1	0	2	0	0	1	1	1	0	0	0	0	1	0	1	0	0	0	0	1	0	1	0	1	0	1	0	0	0	1	0	0	1	1	0	1	0	0	1	0	0	1	0	1	0	1	1	1	0	1	0	0	0	1	0	0	0	0	0	0	1	1	1	0	3	0	0	0	0	1	0	0	0	0	0	0	1	0	0	0	1	0	0	0	0	0	0	0	1	0	0	0	0	0	0	0	0	0	0	0	0	0	0	1	0	0	0	0	0	2	0	0	0	0	0	0	0	1	0	0	0	0	1	1
0	0	0	0	0	0	0	0	1	0	0	1	2	4	1	3	3	3	3	5	3	0	7	4	7	4	12	12	71	0	9	9	18	154	65	11	20	2	3	1	1	1	0	4	1	0	2	2	1	2	2	0	1	1	0	0	2	2	0	3	1	2	0	0	3	1	1	3	2	1	1	2	2	1	6	0	4	3	1	0	0	2	1	3	4	0	5	4	4	6	2	3	4	10	10	5	1	3	4	4	15	3	5	2	2	1	3	3	1	1	2	1	2	1	0	0	3	2	6	1	5	6	3	4	0	2	1	1	2	0	7	8	3	1	1	0	1	1	2	1	5	8	8	12	9	1	3	3	2	0	2	1	0	3	3	0	5	3	2	0	1	2	1	3	1	4	3	1	4	3	6	0	4	1	2	1	9	5	8	8	13	11	9	3	7	1	3	1	1	1	2	0	0	0	0	1	0	0	1	1	0	0	0	0	0	0	1	0	2	0	0	1	1	1	2	2	1	0	1	3	2	2	1	0	0	2	1	1	2	0	0	2	1	3	0	1	0	1	1	1	0	0	0	0	0	0	0	0	2	0	0	1	0	0	0	0	0	0	0	0	0	0	0	0	0	0	0	0	0	0	1	0	3	2	0	1	1	0	0	0	0	0	1	0	0	1	2	0	1	0	1	0	1	1	0	0	0	1	1	0	0	0	0	0	0	0	0	0	1	0	0	0	0	0	0	1	1	1	0	1	0	2	0	0	0	0	1	0	1	0	0	0	0	2	1	0	0	1	0	0	1	0	0	0	0	2	0	0	0	0	0	0	0	0	0	0	0	0	0	0	2	0	0	0	0	0	0	0	1	0	0	1	0	0	0	0	0	2	1	0	0	0	0	0	1	1	1	0	3	0	0	2	0	0	0	0	1	0	0	0	0	1	0	0	0	2	0	0	0	0	0	0	0	0	2	0	0	1	0	0	0	1	0	0	1	0	0	0	0	0	0	0	1	3	0	0	0	0	0	0	0	1	0	0	1	0	0	0	0	1	0	0	1	1	2	0	0	0	0	0	1	0	1	0	1	0	0	0	0	0	0	0	0	0	0	1	0	0	0	0	1	0	0	0	0	0	0	0	0
0	0	0	0	0	0	0	1	5	1	0	1	2	2	2	0	5	5	9	1	3	3	3	3	1	7	6	9	20	9	0	68	40	14	18	35	73	6	6	2	1	3	3	3	3	4	0	2	1	1	1	1	0	2	2	1	2	4	2	1	3	2	1	1	3	3	2	3	5	3	0	3	1	1	6	11	21	9	14	1	2	1	2	5	9	8	8	4	4	8	1	6	0	2	7	3	2	3	7	2	3	2	11	9	1	1	2	7	10	13	8	6	1	2	2	0	4	3	12	12	21	96	5	4	4	4	2	2	4	7	21	6	5	0	3	3	3	2	4	22	11	7	4	11	4	1	3	2	0	0	0	0	2	3	3	7	3	3	2	0	5	5	2	5	2	5	5	2	7	8	8	4	4	6	4	2	21	7	14	3	7	6	5	5	1	3	1	3	1	1	0	0	0	1	0	1	1	3	1	0	1	0	0	1	0	0	0	0	1	0	1	4	2	1	3	3	2	3	1	4	2	2	0	2	2	1	1	0	2	1	0	2	0	1	0	1	0	0	1	0	1	0	0	1	0	0	1	1	0	1	0	0	0	0	0	0	0	1	0	1	0	2	1	1	0	1	0	0	0	0	0	0	0	0	0	0	2	0	0	1	0	0	1	0	0	0	1	0	0	0	0	0	0	0	0	0	0	1	0	1	0	0	0	0	0	0	1	1	2	0	0	0	0	0	0	0	0	1	0	1	1	0	0	1	1	0	0	0	0	0	0	0	0	1	1	1	0	1	0	0	1	1	0	1	0	1	0	0	0	0	0	0	0	0	0	0	0	0	1	1	0	0	0	1	0	1	1	0	0	0	0	0	1	0	0	0	0	0	0	0	1	1	0	1	0	2	0	1	0	0	0	0	0	0	0	0	0	0	0	0	0	0	0	0	0	0	0	0	1	0	0	0	0	0	1	0	0	0	1	0	0	0	0	0	0	2	0	1	1	1	0	1	0	0	0	0	0	0	0	0	0	0	0	0	0	0	0	1	0	0	3	0	0	0	0	1	0	1	1	1	0	1	0	0	0	0	0	1	0	0	1	2	0	0	0	0	1	0	1	0	0	0	0	0	0	0	0	0	0
0	0	0	0	0	0	0	3	2	2	2	2	0	1	4	4	4	4	7	2	3	2	4	4	1	0	1	13	8	9	68	0	38	5	6	14	12	3	5	7	0	3	1	5	2	2	1	1	0	1	0	0	0	2	0	3	2	3	1	2	1	2	5	3	5	6	0	3	5	7	3	0	2	2	9	14	24	45	33	2	0	1	6	4	8	3	3	4	1	3	3	2	3	1	3	2	2	2	2	4	3	5	5	5	1	1	4	4	5	4	7	2	1	1	2	5	3	2	8	9	28	38	14	6	4	2	1	2	2	8	12	10	8	2	3	4	3	3	5	25	23	10	7	8	3	0	1	3	1	1	4	0	1	3	3	6	4	3	2	1	3	3	2	7	6	4	8	9	5	9	23	6	13	6	8	3	24	21	11	4	7	2	2	2	4	1	2	1	3	1	3	0	1	1	0	0	0	1	1	0	0	0	0	1	1	0	1	0	1	1	0	1	1	1	1	1	2	2	4	1	1	1	0	2	0	0	0	1	1	0	0	0	1	3	5	0	1	0	0	1	0	0	0	0	0	0	0	0	0	0	0	0	0	2	1	0	0	1	0	0	0	0	0	0	0	0	0	0	0	0	0	0	1	0	2	0	0	0	0	0	0	0	2	0	0	0	0	0	0	0	0	0	1	0	1	0	0	0	0	0	0	0	1	0	0	0	0	0	0	0	0	0	0	1	0	0	0	0	2	0	0	0	1	0	2	0	1	0	0	0	2	0	2	1	1	1	0	0	0	0	2	1	1	0	0	0	0	0	0	0	0	0	0	1	1	0	1	0	0	1	2	0	0	1	0	0	1	0	0	0	0	1	0	0	0	1	0	2	0	0	0	0	0	0	1	2	0	0	0	0	0	0	0	1	0	0	1	0	0	0	0	0	0	1	0	0	0	0	0	0	0	0	1	0	1	0	0	1	0	0	0	1	0	0	0	0	0	0	1	0	0	2	0	0	1	0	0	0	0	0	0	1	0	0	1	0	0	0	0	1	0	2	1	0	0	0	0	0	0	0	0	2	0	0	0	2	0	1	0	1	0	0	0	0	0	0	0	0	1	0	1	0	0	0	0	0	0	0	0
0	0	0	0	0	0	0	1	1	1	3	2	2	1	0	2	2	9	9	7	3	7	8	3	5	6	11	41	23	18	40	38	0	23	12	10	22	11	3	3	2	2	1	2	1	0	2	0	0	3	1	1	0	1	1	2	0	3	2	3	5	1	4	7	2	9	2	6	2	1	4	2	3	3	3	11	24	4	14	0	0	4	2	2	4	1	3	6	7	5	1	1	1	2	2	4	3	4	1	8	7	6	6	7	2	3	1	2	5	7	5	5	1	0	4	1	3	2	4	4	8	14	10	6	5	1	1	2	2	0	7	9	6	4	0	0	3	1	2	14	15	12	12	17	4	4	4	5	3	2	1	1	2	3	9	4	4	3	3	1	5	1	8	2	6	1	8	5	4	4	12	3	4	4	8	7	30	26	43	8	7	11	5	2	0	2	0	1	1	1	1	1	0	0	0	0	0	1	0	1	0	0	1	1	0	0	1	0	1	2	2	0	0	2	1	2	0	1	3	2	1	1	1	1	0	0	1	3	0	0	2	1	0	2	1	2	1	0	1	0	1	0	1	1	1	1	1	1	0	0	0	0	1	0	0	0	0	0	1	0	0	0	0	0	1	2	0	0	1	0	0	0	0	0	0	0	0	0	0	2	1	0	1	0	0	0	1	1	0	1	1	0	0	0	0	0	0	1	0	0	0	0	0	0	1	0	0	0	0	0	0	0	0	0	0	1	1	0	1	1	0	0	2	1	0	0	0	1	2	0	2	1	0	1	0	1	1	2	0	0	0	0	0	0	0	0	0	0	0	0	0	1	0	0	0	0	0	0	0	0	0	0	0	0	0	0	0	1	1	0	3	1	0	1	0	1	0	1	1	1	0	2	1	0	0	1	1	0	1	1	0	0	0	0	0	1	0	0	0	0	1	0	0	0	0	0	1	0	1	0	0	0	0	0	0	0	0	0	3	0	2	0	0	0	0	0	0	1	0	0	1	0	0	0	0	0	0	0	0	0	0	1	0	0	1	0	0	0	0	0	2	1	2	0	1	1	0	1	0	1	0	0	0	1	0	0	0	0	0	0	1	0	0	2	0	0	0	0	0	0	0	0	1	0	0	0	1	0	0
0	0	0	0	0	0	0	0	0	1	3	2	4	3	0	0	4	4	9	7	3	4	3	3	5	13	29	27	90	154	14	5	23	0	27	7	14	4	5	0	2	1	0	4	0	0	3	1	1	0	0	1	3	0	2	1	2	1	2	4	2	2	5	1	2	0	2	2	1	1	0	3	3	0	2	3	6	3	4	2	0	0	2	2	1	1	1	3	1	0	0	3	3	5	7	3	4	4	3	7	9	7	6	4	3	3	0	4	7	3	2	2	0	0	3	1	1	1	3	1	3	6	4	0	4	3	3	1	3	4	3	1	3	4	0	2	0	4	4	6	4	10	12	12	10	7	2	2	0	0	1	0	2	2	4	1	0	2	4	2	3	7	1	6	1	2	5	1	3	2	5	7	2	3	3	1	7	6	13	12	16	23	10	10	14	5	9	1	1	3	0	1	1	2	0	0	1	2	0	0	0	0	0	0	1	0	0	0	2	3	1	1	2	2	3	1	0	4	4	2	1	1	0	2	0	2	1	3	0	3	3	1	1	2	2	0	0	1	0	1	1	0	0	1	0	1	1	0	2	0	0	0	0	1	0	0	1	1	0	0	0	0	1	0	0	0	0	0	0	1	0	1	0	0	0	1	0	0	0	1	0	0	0	0	0	0	0	0	0	0	2	1	0	0	0	0	0	0	0	0	2	1	0	0	1	0	1	0	0	0	0	0	1	0	0	0	1	0	0	1	0	1	0	0	0	1	1	0	0	1	0	0	0	1	0	0	1	1	1	0	2	0	1	0	0	0	1	1	1	0	0	0	0	0	1	1	3	0	0	0	1	0	0	1	0	0	1	1	0	0	2	0	0	0	0	0	0	1	3	1	0	0	0	0	0	1	0	0	0	1	0	0	1	0	0	1	0	0	0	1	0	1	1	0	0	0	1	0	1	0	0	0	0	1	1	0	0	0	0	0	0	1	0	0	0	1	0	1	0	0	1	0	1	0	0	0	1	0	0	0	0	0	0	0	0	0	0	0	0	0	0	3	0	1	3	0	1	1	2	1	0	0	0	0	1	0	0	0	0	0	0	0	0	1	0	0	1	0	0	0	1	0	0	0	0	0	0	0	0
0	0	0	0	0	0	0	2	0	1	3	2	4	6	5	3	3	4	6	4	3	1	3	2	3	4	8	4	37	65	18	6	12	27	0	20	32	18	6	2	3	1	2	2	0	4	3	0	1	3	0	2	2	1	1	1	1	3	5	2	1	0	1	3	2	2	2	0	1	1	0	0	2	0	1	4	3	4	1	1	0	1	2	1	1	5	10	14	4	10	3	9	3	13	16	7	5	4	3	7	10	10	8	5	0	5	2	4	8	3	8	7	2	1	3	1	1	0	2	1	4	13	5	4	0	3	3	3	6	3	6	2	2	3	3	0	2	1	2	11	9	10	2	6	5	2	3	3	1	1	0	0	3	0	1	2	1	0	0	1	1	0	2	3	1	0	6	3	1	1	3	5	3	3	5	5	6	7	6	6	4	7	6	3	6	3	4	3	2	0	1	0	0	1	1	0	0	0	0	0	0	0	0	2	1	1	0	0	1	0	1	1	3	3	2	1	0	2	0	2	1	0	2	1	1	1	1	2	0	3	1	1	1	0	0	0	3	1	3	0	0	0	1	1	0	2	0	2	0	1	0	1	2	0	0	0	0	1	0	0	1	0	0	0	0	0	0	0	1	0	1	0	0	0	0	0	0	0	0	1	0	0	0	1	0	1	0	0	0	0	0	0	0	0	1	0	0	0	1	0	1	0	0	0	1	0	0	0	0	0	0	0	0	0	1	1	0	1	0	1	0	1	0	1	0	0	0	0	0	0	1	1	1	0	1	0	0	0	0	0	1	2	1	0	1	1	1	0	0	0	0	0	0	0	0	1	0	1	0	0	0	0	0	0	0	1	0	0	1	1	0	0	0	0	0	0	1	1	1	0	1	1	2	0	0	0	2	0	0	0	0	2	0	0	0	0	0	0	0	0	0	0	0	0	0	0	0	1	0	0	0	1	0	1	0	0	0	0	0	0	0	0	0	0	0	0	0	0	0	0	0	0	0	0	0	0	0	0	0	0	1	1	0	0	1	0	0	0	0	0	0	1	1	2	1	0	0	0	0	0	0	0	0	0	0	0	0	1	0	0	0	2	2	0	0	0	0	0	0	0	0	0	0	0	0	0	0	0	0
0	0	0	0	0	0	0	3	2	2	2	3	3	5	0	0	2	7	4	3	4	1	2	1	2	3	3	3	8	11	35	14	10	7	20	0	104	15	14	7	2	1	0	6	1	3	2	2	3	0	1	1	0	5	1	1	2	1	3	3	3	1	3	1	1	2	4	7	1	3	0	0	3	4	2	8	8	7	7	2	2	0	1	3	5	3	11	22	6	11	4	7	3	7	10	3	5	5	5	3	5	4	4	6	1	6	9	10	14	7	11	5	1	1	3	2	4	3	12	6	26	93	18	10	4	6	0	2	8	13	18	7	9	4	1	0	2	1	6	12	9	4	7	4	3	3	1	4	0	0	0	1	2	1	2	2	6	2	2	1	0	4	1	0	3	1	3	0	2	0	10	1	1	5	1	1	7	7	5	7	3	4	2	2	2	1	1	0	1	0	3	1	1	1	0	1	0	0	0	0	0	0	1	0	0	0	0	2	1	0	0	1	2	0	2	1	1	1	1	2	1	0	1	3	0	1	0	1	0	1	1	0	0	1	0	0	0	0	0	1	0	0	1	0	0	0	0	0	0	0	0	0	1	1	0	0	0	1	1	0	0	0	0	0	0	0	0	1	0	0	0	0	0	0	0	0	0	0	0	0	1	0	0	0	0	0	0	0	0	1	1	0	1	0	0	0	0	0	0	0	0	1	0	1	0	1	0	0	0	0	0	0	1	0	1	0	0	1	0	1	0	1	0	0	0	0	1	0	0	1	0	0	0	0	0	0	2	0	0	2	0	1	2	0	0	1	0	0	0	0	0	0	0	0	0	0	0	1	0	1	0	0	0	0	0	0	0	1	0	0	1	0	1	1	0	1	1	0	1	0	1	0	0	1	0	1	0	0	0	0	0	0	0	1	0	0	0	0	0	0	0	1	1	0	0	0	0	0	0	0	0	0	0	0	0	0	0	0	0	0	0	1	0	2	0	0	1	3	0	0	0	0	0	0	0	0	0	0	0	0	0	0	0	0	1	0	0	0	0	0	0	1	1	0	0	1	0	0	0	0	0	1	0	0	0	1	0	0	0	0	0	0	0	0	0	0	1	0	0	0	0	0	0	0	0	1	0	0	0
0	0	0	0	0	0	0	1	0	2	1	1	3	0	1	0	1	10	1	0	2	3	3	1	3	2	2	2	13	20	73	12	22	14	32	104	0	20	7	1	1	2	1	3	3	4	2	1	1	1	0	0	0	2	0	4	1	2	4	1	5	1	1	2	1	1	4	0	1	5	2	1	3	3	6	7	11	14	8	1	1	0	2	4	10	8	3	17	8	5	3	6	7	5	4	3	0	5	1	4	6	5	6	3	2	6	7	5	8	5	5	6	5	3	1	3	1	2	7	6	17	53	13	4	1	5	1	7	6	2	27	20	8	1	4	2	2	1	3	22	8	6	2	5	4	4	1	1	0	1	1	0	2	2	4	1	3	1	2	0	2	5	2	7	1	2	7	6	1	2	5	1	3	2	1	5	4	7	13	3	7	6	5	1	2	1	2	0	0	0	0	0	0	1	0	1	0	0	0	0	0	0	1	1	0	0	0	1	1	0	1	0	2	0	0	1	0	0	0	0	1	2	0	2	1	1	0	0	0	1	1	0	2	0	0	1	0	2	0	1	1	1	1	0	1	0	0	0	0	0	0	0	0	1	0	0	0	1	0	0	0	0	0	1	1	0	0	0	0	0	1	0	1	0	0	0	0	0	0	0	0	0	0	0	0	0	1	0	1	0	0	0	0	0	0	0	0	1	0	0	1	0	1	0	0	0	0	0	0	0	0	0	0	0	1	2	0	1	0	0	1	0	0	0	0	0	0	0	2	0	0	0	2	1	0	0	0	0	1	1	0	0	0	1	1	0	0	0	0	0	0	0	0	0	0	0	0	0	0	0	1	0	0	0	1	0	0	0	0	0	0	0	0	0	0	0	0	0	0	1	0	0	0	0	0	1	0	0	0	0	0	0	0	0	0	0	1	1	0	0	0	0	0	0	0	1	0	1	0	0	0	0	1	0	0	0	0	0	1	1	1	0	0	1	0	0	0	1	3	0	0	0	0	0	0	1	0	0	1	1	0	0	0	0	0	0	0	0	0	0	1	0	0	0	1	0	0	0	0	0	0	0	0	0	1	0	0	1	0	0	0	1	0	1	0	0	0	0	0	0	0	1	1	0	0	0	0	0	0
0	0	0	0	0	0	0	2	0	1	0	1	1	2	5	3	3	6	5	0	0	2	0	0	3	2	5	3	9	2	6	3	11	4	18	15	20	0	4	5	5	2	3	4	7	2	0	1	0	1	1	1	1	0	1	1	1	0	1	0	3	1	2	0	1	3	0	2	1	0	1	0	1	1	3	4	0	5	8	2	2	1	1	3	7	4	71	28	6	7	7	24	12	6	5	2	3	3	2	1	7	2	1	1	1	1	0	3	5	4	1	2	2	1	5	1	1	3	4	7	6	6	5	1	0	3	3	3	3	9	17	13	9	2	3	5	1	3	8	6	4	2	3	1	2	2	1	2	1	0	1	1	0	1	3	1	1	0	0	2	1	1	1	1	2	0	6	1	2	0	1	0	5	3	0	0	2	4	1	1	4	2	4	2	2	0	1	1	0	1	1	0	0	1	0	0	1	0	0	0	0	0	0	0	1	0	1	0	1	0	0	0	2	0	1	1	0	0	3	0	0	0	1	1	0	1	0	0	1	1	1	1	1	0	0	1	0	2	0	2	0	0	1	0	0	0	0	2	0	1	0	0	0	1	1	1	1	0	0	0	0	0	0	0	1	0	0	0	0	0	0	0	0	0	0	0	0	0	0	0	0	0	0	0	2	0	1	0	0	0	0	0	0	0	1	0	0	0	2	0	0	1	0	0	0	0	0	1	0	0	0	1	0	1	0	1	0	0	0	0	1	1	0	0	0	1	0	0	0	1	0	1	0	0	0	0	1	0	0	1	0	1	0	1	0	0	0	0	0	0	1	0	0	1	0	0	0	1	0	0	0	0	0	0	0	0	0	0	0	0	0	1	0	1	0	0	0	0	2	1	0	1	0	0	1	0	0	1	0	0	0	0	0	0	0	0	0	0	0	0	0	1	0	0	0	0	0	0	0	0	0	0	0	1	1	1	0	0	1	0	0	0	2	0	0	0	0	0	0	0	1	0	0	0	0	0	0	1	0	1	0	0	0	0	0	0	1	0	0	0	0	1	0	1	0	0	0	0	0	0	1	0	0	0	0	0	0	0	0	1	0	0	0	0	0	1	0	0	0	0	0	0	0	1	0	0	0	0	0
0	0	0	0	0	0	0	0	1	1	0	0	1	0	6	2	1	3	1	0	0	1	2	0	3	0	1	4	0	3	6	5	3	5	6	14	7	4	0	23	5	9	15	25	9	7	0	1	3	3	1	1	1	0	3	2	3	3	0	0	0	2	2	4	1	0	1	0	2	2	2	0	1	0	4	3	4	1	7	4	3	0	5	0	7	9	5	33	155	577	16	16	3	7	5	3	1	1	4	0	4	0	3	2	4	2	21	11	11	5	1	3	3	3	1	8	4	5	4	3	3	9	12	9	6	7	11	6	8	13	12	4	2	1	3	3	4	3	4	6	0	0	0	0	1	4	2	0	0	0	0	1	0	1	1	0	0	2	0	1	0	0	1	1	1	0	1	2	0	1	5	0	5	2	2	0	1	2	4	0	4	6	1	0	2	0	2	1	0	0	1	0	1	0	1	0	2	1	0	0	0	0	0	0	0	0	0	0	0	0	1	0	0	0	0	1	1	1	1	3	1	0	0	0	0	0	0	0	0	0	0	0	1	0	1	0	2	0	0	0	0	0	0	0	0	0	0	1	0	0	0	2	0	0	0	1	0	0	0	0	0	0	0	1	0	0	0	0	0	1	0	0	0	0	0	0	0	1	1	1	0	0	0	0	1	0	0	0	0	0	0	0	0	1	1	0	0	0	0	0	0	0	0	0	0	0	0	0	0	0	0	1	0	1	0	1	0	1	0	0	0	0	0	0	0	1	0	0	0	0	0	0	0	0	0	1	0	0	0	0	0	1	0	0	0	0	0	0	0	0	0	0	1	0	0	0	0	0	0	0	0	0	0	0	0	0	1	0	0	0	1	0	1	0	0	0	0	0	1	0	0	0	0	0	1	0	0	0	0	1	0	0	0	0	0	0	0	0	1	0	0	0	0	2	0	0	0	0	0	0	0	0	0	0	0	0	0	0	0	0	0	0	0	0	0	0	0	0	0	0	0	0	0	0	0	0	0	0	0	0	0	0	0	1	0	0	0	0	2	0	0	0	0	1	1	0	0	0	0	1	0	0	0	0	0	1	0	0	0	1	0	0	0	2	1	0	0	0	0	0	0	0	0	0	2	1	0	0	1
0	0	0	0	0	0	0	1	5	0	4	4	2	1	0	2	0	2	2	0	1	3	3	1	1	1	2	1	0	1	2	7	3	0	2	7	1	5	23	0	12	10	25	50	7	8	5	6	0	3	0	1	1	1	1	1	0	2	1	1	1	2	0	1	1	2	2	1	5	5	2	2	0	1	0	1	4	0	1	2	4	3	2	4	2	4	3	1	14	15	9	1	2	0	1	0	0	4	0	1	0	1	0	2	13	8	15	12	4	2	5	9	3	7	4	3	5	6	7	7	2	7	6	14	13	4	9	2	5	4	3	1	6	1	1	2	2	5	4	4	1	2	0	2	1	0	0	1	0	3	1	1	2	0	0	2	1	0	0	0	1	0	0	2	0	0	1	1	1	0	0	1	3	4	2	0	1	2	1	0	1	0	0	0	2	0	1	1	0	0	1	0	0	0	0	1	0	0	0	1	0	0	0	0	0	1	0	0	3	0	0	0	0	1	0	0	1	0	0	1	1	1	0	0	0	1	0	3	1	0	0	1	0	0	1	1	0	0	1	0	0	0	0	1	1	1	0	0	0	0	0	0	0	0	1	0	0	0	1	0	0	1	0	1	0	0	2	0	0	0	1	1	0	0	0	0	0	0	0	0	0	1	0	0	0	0	0	1	0	0	0	0	1	0	1	0	0	0	0	0	0	1	0	0	1	0	0	1	1	1	0	0	0	1	0	0	0	0	0	0	1	0	1	0	0	0	0	0	0	0	0	0	0	0	0	0	0	0	1	0	1	0	0	0	0	0	0	0	0	1	0	0	0	0	0	0	0	0	1	0	0	0	0	0	0	0	1	0	0	0	0	0	0	0	0	0	0	0	0	0	0	0	0	0	1	0	0	1	0	0	0	1	0	0	0	0	0	0	0	0	0	1	0	0	0	0	0	0	0	0	0	0	0	0	0	0	0	1	0	0	0	0	0	0	0	0	0	0	0	0	0	0	1	0	0	0	0	0	0	0	0	0	0	1	1	0	0	0	0	0	0	0	0	0	0	0	0	0	0	0	0	0	0	0	0	0	0	2	0	0	0	1	0	0	0	0	1	0	0	0	0	0	0	0	0	0	0	0	0
0	0	0	0	0	0	0	0	1	1	1	1	0	1	1	4	2	1	1	1	1	1	3	1	1	0	2	3	3	1	1	0	2	2	3	2	1	5	5	12	0	218	72	10	7	12	0	2	0	1	0	0	1	0	0	0	0	3	0	2	1	2	2	1	2	0	1	3	0	2	0	2	1	2	1	0	1	4	0	3	0	0	0	3	2	3	5	7	4	8	15	2	1	1	1	1	1	0	0	1	0	1	0	5	1	2	3	6	1	1	3	4	2	0	1	3	4	1	2	1	3	3	3	7	2	8	2	7	3	4	3	6	1	0	2	1	4	0	0	0	0	0	1	0	1	0	1	0	0	1	0	0	0	0	0	3	0	0	0	0	0	0	0	0	0	1	0	1	0	0	2	0	0	3	0	1	0	2	2	0	0	0	0	0	0	0	1	0	1	1	0	0	0	1	0	0	0	0	0	0	1	0	1	0	1	1	1	0	0	0	0	0	2	0	0	0	0	0	0	0	1	0	1	1	1	0	0	1	0	1	1	0	1	0	0	0	0	0	0	0	0	0	0	0	0	0	0	0	1	0	0	1	0	0	1	0	0	0	0	0	0	0	0	1	0	0	1	0	0	0	0	0	0	0	0	0	0	0	0	0	0	1	0	0	0	0	0	0	0	0	0	0	0	0	0	0	0	0	0	1	0	0	0	0	0	0	0	0	0	0	0	0	0	0	0	0	0	0	0	0	1	0	0	0	0	0	0	0	0	1	0	0	0	0	0	0	1	1	0	0	0	0	0	0	0	0	0	0	0	0	0	2	0	0	0	0	0	0	0	0	0	0	0	0	0	0	0	0	0	0	0	1	0	0	0	0	0	0	0	0	1	0	0	0	1	0	1	1	0	0	0	0	0	0	0	0	0	0	0	0	0	0	0	1	1	1	0	0	0	0	0	0	0	0	0	0	0	0	0	0	0	0	0	1	0	0	0	0	0	1	0	1	0	0	1	0	0	0	0	0	0	0	1	0	0	1	0	0	0	0	0	0	0	0	0	0	0	0	0	0	1	0	0	0	0	0	0	0	0	0	0	0	0	0	0	0	0	0	0	0	0	0	0	0	0	0	0	0	0
0	0	0	0	0	0	0	0	1	3	1	1	1	2	1	1	1	2	2	0	1	1	1	2	0	2	0	2	0	1	3	3	2	1	1	1	2	2	9	10	218	0	59	11	8	7	4	1	0	1	0	1	0	1	1	0	0	2	0	1	2	1	1	3	0	1	2	0	1	2	0	2	0	2	0	0	1	2	2	2	2	1	0	0	2	2	1	3	9	7	6	4	4	3	0	2	1	0	1	0	3	0	1	2	4	1	7	1	4	1	0	2	2	2	3	2	3	0	1	0	3	2	3	2	5	3	2	3	2	3	2	3	2	3	0	2	1	0	0	1	0	1	0	0	0	1	0	0	0	0	1	0	0	0	0	0	0	1	1	1	0	1	1	0	0	1	0	0	1	1	1	0	0	1	1	1	0	0	1	0	2	1	0	1	0	1	0	0	0	0	1	0	0	0	0	0	0	0	0	1	0	0	0	0	0	0	0	0	0	0	1	0	0	0	1	0	0	0	1	0	0	0	0	0	0	0	0	0	0	0	0	0	0	1	1	0	1	1	0	1	0	0	0	0	1	1	0	0	0	0	0	0	0	1	0	0	0	0	0	0	0	0	0	0	0	0	1	0	0	0	1	0	0	0	1	0	0	0	0	0	0	0	0	0	1	0	1	1	1	0	1	0	0	0	0	0	0	0	0	0	0	0	1	0	0	0	0	1	0	0	0	0	0	0	0	0	2	0	0	0	0	0	0	0	0	0	0	0	0	0	0	0	0	0	0	0	0	0	0	1	0	1	0	1	0	1	0	0	0	0	0	0	0	0	0	0	0	0	1	0	0	0	1	0	0	0	0	1	0	0	0	0	0	0	0	0	0	0	0	0	0	0	0	1	0	1	0	0	0	0	0	0	0	0	0	0	0	1	0	0	0	0	0	0	0	0	0	0	0	0	0	0	1	0	1	0	0	1	0	0	0	0	0	0	0	1	0	0	0	0	0	0	1	0	0	0	0	0	0	0	0	0	0	0	1	0	0	0	0	0	0	0	0	0	0	0	0	0	1	0	0	0	0	0	0	0	0	0	0	0	0	0	0	0	0	0	0	1	0	0	0	0	0	1	0	0	0	0	0
0	0	0	0	0	0	0	1	2	2	1	2	4	0	0	3	1	1	0	1	1	0	1	2	0	0	0	0	0	0	3	1	1	0	2	0	1	3	15	25	72	59	0	26	25	6	6	4	0	0	1	4	2	0	0	0	1	1	3	1	2	0	1	0	0	1	2	2	0	2	3	2	0	0	0	1	0	1	1	0	2	2	2	4	7	6	2	12	12	12	19	2	3	2	3	0	1	2	0	1	2	0	1	3	0	5	4	9	2	2	2	1	1	7	2	3	9	2	2	1	2	0	3	3	9	9	5	7	2	3	1	3	3	1	2	1	0	2	3	3	4	0	0	1	0	1	0	0	0	0	0	0	1	2	1	0	1	0	0	0	0	0	0	2	1	1	0	1	0	0	3	4	2	2	1	3	1	0	0	0	0	2	2	1	1	0	0	1	1	1	0	1	0	0	1	1	0	0	0	0	1	0	0	0	0	0	0	0	0	1	0	2	0	0	0	0	1	1	0	0	0	0	0	0	0	0	0	0	0	0	1	1	0	0	0	0	1	0	0	0	0	0	0	0	0	0	0	1	0	0	0	1	1	0	0	0	0	0	0	0	0	0	0	0	0	0	0	0	0	0	0	0	0	0	0	0	0	0	1	0	0	0	0	0	1	0	0	0	0	0	0	0	0	0	0	0	0	0	0	0	1	0	0	0	0	0	0	0	0	0	0	0	0	0	0	0	0	0	0	0	0	1	0	0	0	0	1	0	0	0	0	0	0	0	0	1	0	2	0	0	0	0	0	1	0	0	0	0	0	0	0	0	0	0	0	0	0	0	0	0	0	0	1	0	0	0	0	0	0	0	0	0	0	0	0	0	2	0	0	0	0	0	0	0	0	0	0	0	0	0	0	0	0	0	0	0	1	0	0	0	0	0	0	1	0	0	0	0	0	0	0	0	0	0	1	0	0	0	0	0	0	1	1	0	0	0	0	0	0	0	0	0	0	0	0	0	0	0	0	0	0	0	0	0	0	0	0	0	0	0	0	0	1	1	0	2	0	0	0	0	0	0	0	0	0	0	0	0	0	0	1	0	0	1	0	0	0	0	0	0	0	0	0	0	0	0	0	0	1
0	0	0	0	0	0	0	0	3	3	6	4	3	3	3	1	8	3	1	1	3	1	0	1	1	0	1	2	5	4	3	5	2	4	2	6	3	4	25	50	10	11	26	0	49	36	4	3	1	2	2	2	0	3	2	2	2	2	0	1	4	0	4	4	1	4	1	0	2	5	2	1	4	1	6	2	5	4	0	2	1	4	0	2	1	3	3	12	14	10	15	6	5	1	2	3	1	2	0	1	4	2	2	9	6	5	43	24	5	7	7	6	0	9	10	6	4	4	4	4	6	6	4	5	4	3	4	2	3	4	2	1	1	1	0	1	1	1	2	1	2	0	0	2	1	2	1	1	0	0	0	0	0	0	0	2	0	0	2	0	0	0	1	1	3	0	1	1	0	2	0	4	2	2	2	2	1	2	1	1	0	1	0	1	0	2	1	0	1	1	0	0	0	0	0	0	0	0	0	0	0	0	0	0	0	0	0	0	1	1	0	2	0	0	0	2	0	1	0	0	0	0	1	0	0	1	0	2	0	0	0	1	1	0	0	1	0	0	0	0	0	0	0	0	0	1	0	0	0	0	0	0	0	1	0	0	0	0	0	0	0	1	0	1	0	0	0	1	0	0	0	0	0	0	0	0	2	0	0	0	0	0	0	0	0	0	0	0	0	0	0	0	0	0	0	1	0	0	0	0	0	1	2	0	0	0	1	0	0	0	0	0	1	1	0	0	2	1	0	1	0	0	0	0	0	0	0	0	0	0	0	0	0	0	1	0	0	1	0	0	0	0	0	0	1	2	0	0	0	0	0	0	0	0	0	0	0	0	0	0	1	0	0	0	0	0	0	0	0	0	0	0	0	1	0	0	0	0	0	0	0	0	0	0	0	0	0	0	0	0	1	0	0	0	0	0	0	0	0	0	0	0	0	0	0	0	1	0	0	0	0	0	0	0	0	0	0	0	0	0	0	0	0	0	1	0	1	1	1	0	0	1	0	1	1	0	0	0	0	0	0	0	0	0	0	0	0	0	0	0	0	1	2	0	0	1	1	0	0	1	0	0	0	0	0	0	0	0	0	0	0	0	0	0	0	0	0	0	0	0	1	0	0	0	0	0	0	0	0
0	0	0	0	0	0	0	0	0	1	1	4	1	6	3	6	5	1	2	0	1	1	1	0	1	0	1	0	0	1	3	2	1	0	0	1	3	7	9	7	7	8	25	49	0	69	7	4	2	2	1	5	2	4	2	3	0	0	1	2	2	1	1	2	1	2	2	0	1	1	4	0	3	2	1	1	1	2	0	0	1	0	1	2	0	3	2	7	5	12	7	3	2	3	2	2	2	2	2	5	0	4	2	4	8	9	11	12	5	1	7	5	6	5	11	10	2	5	2	3	3	2	5	1	2	3	1	3	1	3	1	3	1	3	0	1	2	1	3	3	0	2	0	0	0	0	0	1	1	0	1	0	0	1	0	1	1	1	1	0	0	0	0	1	0	0	0	0	0	0	1	3	1	1	0	0	1	1	2	0	1	1	0	0	0	0	0	0	0	0	1	0	0	0	0	1	0	0	0	1	0	0	0	0	1	0	0	1	0	0	0	2	1	1	0	0	2	1	0	0	0	0	0	0	1	0	0	0	1	0	0	1	0	1	0	0	0	1	1	0	0	0	0	0	1	0	0	0	1	0	0	0	0	0	0	0	0	0	0	0	1	1	0	0	0	0	0	0	0	0	0	0	0	0	0	0	0	0	0	0	0	0	0	0	0	0	0	0	0	0	0	1	0	0	0	0	0	0	1	0	0	0	0	1	0	0	0	0	0	0	0	0	1	0	1	1	0	0	0	0	0	1	0	0	0	0	0	0	0	0	0	0	0	0	0	0	0	0	1	1	0	0	0	1	0	0	0	0	1	0	0	0	0	0	1	0	0	0	0	0	1	0	0	0	1	0	0	0	0	0	0	0	0	0	0	0	0	0	0	1	0	1	0	0	0	0	0	0	0	0	0	1	0	0	0	0	0	0	0	0	0	0	1	0	0	0	0	0	0	0	0	0	1	0	0	0	0	0	0	0	0	0	0	0	0	0	0	1	2	0	0	1	1	0	1	0	0	0	1	0	0	0	0	1	0	0	0	1	0	0	0	0	0	0	0	0	0	2	0	0	1	0	0	0	0	0	0	0	0	0	0	0	0	0	0	0	0	0	0	0	0	0	0	0	0	0	0	0	0
0	0	0	0	0	0	0	0	2	0	4	3	4	8	4	9	2	3	4	2	2	1	1	1	1	1	0	2	3	0	4	2	0	0	4	3	4	2	7	8	12	7	6	36	69	0	9	13	6	2	1	3	5	8	4	7	2	0	2	2	1	1	2	1	4	1	0	1	3	1	2	2	3	2	0	3	2	1	1	2	0	2	0	2	2	2	4	2	7	7	4	7	2	4	5	5	4	3	2	2	6	2	3	3	5	1	11	14	2	3	4	8	1	12	7	6	3	3	4	1	3	2	2	5	4	1	1	4	3	2	5	2	0	1	1	1	2	1	2	1	0	0	0	1	2	1	1	1	1	0	2	0	1	0	1	1	1	2	1	0	1	0	1	0	1	1	2	1	0	1	0	0	4	0	3	0	1	2	2	1	1	0	1	0	2	1	1	0	1	0	0	0	0	1	0	0	0	0	0	0	0	0	1	0	0	0	0	0	0	0	1	0	1	1	0	1	1	1	0	0	0	1	0	0	1	0	0	1	0	0	2	1	0	0	1	1	1	3	1	0	1	0	0	1	0	0	0	0	0	1	0	0	0	2	0	0	0	0	0	0	0	0	0	0	0	0	0	0	0	0	0	0	0	0	0	1	0	0	0	0	0	0	0	0	1	0	1	0	1	0	1	0	0	0	0	0	0	0	0	0	0	1	0	0	0	0	0	0	0	0	0	0	0	0	0	0	0	0	0	1	0	0	0	0	1	0	1	0	0	0	1	0	0	2	0	0	1	0	0	0	2	2	0	0	0	0	0	0	0	0	0	0	0	0	0	0	0	2	0	0	1	1	0	0	0	0	0	1	1	0	0	1	0	0	0	2	0	0	0	0	0	0	1	0	0	0	0	0	1	0	0	1	0	0	0	0	0	0	0	0	0	0	0	0	2	1	0	0	0	0	0	0	1	0	0	0	0	1	0	0	0	0	0	0	1	0	0	0	0	0	0	0	2	0	0	0	0	0	0	1	0	1	0	0	0	0	0	0	0	0	0	0	0	0	0	0	1	0	1	0	0	0	1	0	0	0	0	0	0	0	0	0	0	0	0	0	0	0	0	0	0	0	0	0	0	0	1	0	0
0	0	0	0	0	0	0	4	2	3	2	4	9	15	5	17	10	4	5	2	1	0	2	2	2	1	1	3	0	2	0	1	2	3	3	2	2	0	0	5	0	4	6	4	7	9	0	13	19	15	8	4	7	16	11	9	9	4	2	1	2	5	6	1	4	2	2	1	2	1	3	1	3	4	1	3	0	0	0	3	0	2	1	2	0	0	1	4	7	1	1	4	0	2	3	2	3	5	4	2	1	8	3	6	4	1	3	7	7	5	7	20	16	12	48	13	2	0	3	1	2	3	2	3	2	0	3	1	0	1	2	3	1	0	2	1	0	2	0	2	1	1	0	0	1	1	1	0	3	0	0	0	1	1	1	0	1	2	1	3	0	0	1	0	1	2	2	0	3	0	0	0	2	0	0	3	3	1	1	2	1	0	1	1	0	0	2	2	2	1	0	0	0	0	0	0	0	0	1	0	0	0	0	0	2	1	0	1	0	0	1	0	1	0	2	0	0	0	0	0	0	1	0	0	0	1	1	1	0	1	0	0	0	2	1	1	0	1	0	0	0	0	0	0	0	1	0	0	0	0	0	0	0	1	0	0	1	0	0	0	0	0	0	0	0	0	0	0	0	0	0	0	0	2	0	0	0	0	0	0	0	1	0	1	0	0	3	0	0	0	1	0	0	1	0	0	1	0	0	0	0	1	0	0	0	0	0	0	0	0	0	0	0	1	0	0	0	0	0	0	0	0	0	0	0	0	0	0	0	0	0	2	0	1	0	0	0	1	0	0	0	0	0	0	0	0	0	0	0	0	0	0	0	0	0	0	0	0	0	0	0	0	0	0	0	0	0	0	0	0	0	0	1	1	0	0	0	0	1	0	1	0	0	0	0	1	0	0	0	0	0	0	1	1	0	0	0	0	0	0	0	1	0	0	0	0	0	0	1	0	0	0	1	0	0	0	1	0	0	0	0	0	0	0	0	0	0	0	1	0	0	0	0	0	0	0	0	0	0	0	0	0	0	0	0	0	0	0	0	0	0	0	0	0	0	0	0	0	0	0	0	0	0	0	0	0	0	0	0	0	0	1	0	0	0	1	0	0	0	2	0	0	0	0	0	0	0	0	0
0	0	0	0	0	0	0	0	1	3	2	4	10	6	4	3	2	1	4	1	1	1	0	0	0	2	0	0	0	2	2	1	0	1	0	2	1	1	1	6	2	1	4	3	4	13	13	0	11	8	3	11	9	7	12	5	0	3	2	4	2	1	4	1	2	3	0	4	2	3	0	0	2	1	2	3	3	4	1	0	1	0	0	0	0	2	0	3	3	2	3	1	1	2	3	0	4	2	3	1	1	0	3	3	5	3	3	4	4	0	3	3	8	35	14	5	4	2	1	3	0	3	2	4	3	3	2	2	2	0	0	1	0	1	0	1	0	0	0	2	0	1	0	0	0	0	0	0	0	1	0	1	0	1	0	1	1	0	1	0	1	0	0	0	0	2	0	0	0	1	1	0	0	0	0	1	0	2	0	2	2	1	0	2	0	0	1	1	0	1	0	0	0	0	0	0	1	0	0	0	1	0	0	0	0	0	0	0	0	0	0	0	0	1	0	0	1	1	1	1	0	1	2	0	0	0	0	0	1	1	1	0	1	0	0	0	0	0	0	0	0	0	0	0	1	1	0	0	0	0	1	0	0	0	0	0	0	1	0	0	0	0	0	0	0	0	0	0	1	0	0	0	0	0	0	0	0	0	0	0	0	0	0	0	0	0	0	0	0	1	0	0	1	0	0	0	0	0	0	0	1	0	0	0	0	0	1	0	0	0	0	0	0	0	0	0	0	0	0	0	0	0	0	0	0	0	0	0	0	0	0	0	1	0	0	0	0	0	0	0	0	0	0	1	0	0	0	0	0	0	0	0	1	0	0	0	0	0	0	0	0	1	0	1	1	0	0	0	0	0	0	0	0	0	0	0	0	0	0	1	0	0	1	0	0	0	1	0	0	2	0	1	0	0	0	1	0	0	0	0	0	0	1	0	0	0	0	0	0	0	0	0	0	1	0	0	0	0	0	1	2	1	1	0	0	0	0	0	0	0	0	0	0	0	0	0	0	0	0	0	0	0	0	0	0	0	0	0	0	0	0	1	0	0	0	0	0	0	0	0	0	0	0	0	0	0	0	0	0	0	1	0	0	0	0	0	0	0	0	0	0	0	1	0	0	0	0	0	1
0	0	0	0	0	0	0	0	1	3	3	5	15	22	10	14	3	1	1	3	1	4	1	1	0	3	0	2	1	1	1	0	0	1	1	3	1	0	3	0	0	0	0	1	2	6	19	11	0	46	19	15	22	458	52	10	5	4	2	1	2	3	5	4	2	1	2	1	3	4	0	1	0	0	2	2	1	3	0	0	0	1	1	1	0	0	0	1	0	2	2	0	0	1	1	1	4	7	5	1	4	3	2	2	5	2	2	5	0	1	5	5	4	12	12	3	2	1	0	2	1	0	0	4	2	0	0	1	0	0	3	2	1	1	1	0	1	1	1	1	0	0	1	0	2	0	0	1	0	1	0	0	2	0	1	0	1	1	0	0	0	0	0	0	3	0	3	0	0	0	0	0	0	2	2	0	0	0	2	1	3	0	1	0	0	0	0	0	1	0	0	0	0	0	0	1	0	1	0	0	0	0	1	0	0	0	0	1	0	1	1	0	1	0	0	0	0	0	1	0	0	0	0	2	0	2	0	1	1	0	0	0	0	0	0	0	0	1	0	0	0	0	0	0	0	0	0	0	0	0	0	0	0	1	1	0	0	0	0	0	0	0	1	0	0	1	0	0	0	0	0	0	0	0	0	0	0	0	0	0	0	0	0	0	0	0	0	0	0	1	1	0	0	0	0	0	0	0	0	1	0	0	1	0	1	0	0	0	0	0	0	0	1	0	0	0	0	0	1	0	0	1	1	0	0	0	0	0	0	0	1	0	0	0	1	0	1	0	0	1	1	1	1	0	0	0	0	0	0	1	0	1	0	0	0	0	0	0	0	0	1	2	0	0	0	0	0	0	0	0	0	0	0	0	0	0	0	0	0	0	1	0	1	1	1	0	1	0	1	0	0	0	0	0	0	0	0	0	0	0	0	0	0	0	0	0	0	0	0	0	0	0	0	0	2	1	0	0	0	0	1	0	0	0	1	0	0	1	0	0	0	0	1	0	0	0	0	0	0	0	0	0	0	0	0	0	0	0	0	0	1	0	0	1	0	0	0	1	0	0	0	1	1	0	0	0	0	0	1	0	0	0	0	0	0	0	0	0	1	0	0	1	0	0	0	0	0	0	0
0	0	0	0	0	0	0	1	0	2	2	3	6	7	18	13	4	3	1	3	2	2	0	0	0	2	0	0	0	2	1	1	3	0	3	0	1	1	3	3	1	1	0	2	2	2	15	8	46	0	15	19	22	58	11	9	6	5	5	0	2	4	0	4	1	0	2	0	0	0	0	2	0	0	2	1	4	0	1	0	1	0	0	1	1	0	3	0	3	0	0	1	0	1	1	6	2	1	0	2	1	0	4	1	0	2	2	3	6	1	4	2	5	8	9	1	0	0	3	1	2	1	0	1	3	2	1	1	1	1	3	0	1	2	0	0	1	1	2	3	1	0	2	0	2	1	1	0	0	3	0	0	0	0	2	1	1	1	0	3	0	1	1	0	0	0	0	2	0	2	1	2	0	3	2	2	0	0	1	1	2	1	1	0	0	1	2	0	0	0	0	0	1	0	0	0	0	0	0	0	0	0	0	0	0	1	0	0	0	0	0	1	0	0	0	0	0	2	1	0	0	0	0	0	0	0	0	1	1	0	0	0	0	0	0	0	0	0	0	0	0	0	0	0	0	2	0	0	0	0	0	0	0	1	0	1	0	0	0	1	0	1	1	0	1	0	0	0	0	0	0	0	0	0	0	0	0	0	0	0	0	1	0	0	1	0	0	0	1	0	0	0	1	0	0	0	0	1	0	0	0	0	0	0	0	0	1	0	0	0	0	0	1	0	0	0	0	0	0	0	1	0	1	0	1	0	1	0	0	0	1	0	0	0	0	2	0	0	0	2	0	0	0	0	0	0	0	0	1	0	0	0	2	0	0	0	0	0	0	0	0	0	0	0	0	0	1	1	0	1	0	0	0	2	0	0	0	0	0	0	0	2	1	0	0	1	0	1	0	0	0	1	0	0	0	0	1	0	1	0	0	0	0	1	1	0	0	0	0	0	0	0	0	0	0	1	1	1	0	0	1	0	0	0	0	1	0	0	0	0	0	0	0	0	0	0	0	0	1	0	1	0	0	0	0	0	0	0	1	1	0	0	0	1	0	1	0	0	0	0	0	1	0	0	0	0	0	0	0	1	1	0	0	0	1	0	0	0	1	0	0	1	0	0	0	0	0	0	0
0	0	0	0	0	0	0	2	1	1	1	1	2	3	2	5	3	2	1	1	2	1	0	0	2	0	2	0	0	2	1	0	1	0	0	1	0	1	1	0	0	0	1	2	1	1	8	3	19	15	0	134	69	17	10	3	1	1	2	0	1	2	2	2	1	0	0	1	0	1	0	0	0	1	0	1	1	0	0	0	0	1	0	0	2	0	0	0	1	1	0	0	2	0	1	0	1	3	0	0	2	1	1	2	2	3	2	1	3	1	3	1	2	10	5	1	5	0	0	1	1	1	0	0	0	1	1	0	0	0	0	0	0	0	1	0	1	0	0	0	1	0	0	0	1	0	0	2	0	1	0	0	0	0	0	1	1	0	0	1	1	0	2	0	0	0	0	0	0	0	0	1	1	0	3	0	0	0	2	0	1	1	0	0	1	1	1	1	0	0	1	0	0	0	0	0	0	0	0	0	0	0	0	1	0	0	0	0	0	0	0	0	1	0	1	0	0	0	1	0	0	0	0	0	1	1	0	0	0	0	0	0	0	1	0	0	0	0	0	0	1	0	0	0	0	1	0	0	0	0	0	0	0	1	0	0	0	0	0	0	0	0	0	0	0	0	1	0	0	0	0	1	0	0	1	0	0	1	0	0	0	0	0	0	0	0	0	0	0	0	0	1	0	0	0	0	0	0	0	0	0	0	1	0	0	0	0	1	0	0	0	0	0	0	0	0	0	0	0	0	0	0	0	0	0	0	1	0	0	1	1	0	0	0	1	0	0	0	0	0	0	0	0	0	0	0	0	0	0	1	0	0	1	0	0	0	0	0	0	0	0	0	0	0	0	0	1	0	0	0	0	0	0	0	0	0	0	0	0	0	0	0	0	0	0	0	0	0	0	1	1	0	0	0	0	0	0	0	0	0	0	0	1	0	0	0	0	0	0	0	0	0	0	0	0	0	0	0	0	0	0	0	0	0	0	0	1	1	0	0	0	0	0	0	0	0	0	0	0	0	0	0	0	0	0	0	0	0	0	0	1	0	0	0	0	0	0	0	0	0	0	0	0	0	0	0	1	0	1	0	0	0	0	0	0	0	0	0	0	0	0	1	0	0	0	0	0	0	0
0	0	0	0	0	0	0	2	2	1	5	1	3	5	6	2	1	1	1	0	1	1	0	1	0	1	0	1	0	0	1	0	1	1	2	1	0	1	1	1	0	1	4	2	5	3	4	11	15	19	134	0	46	8	16	7	0	2	2	2	0	2	1	2	2	1	0	0	0	2	1	2	2	1	1	1	0	0	2	0	1	0	0	1	0	1	1	0	0	0	2	0	0	0	0	1	2	1	2	1	1	1	0	0	1	1	1	2	2	1	1	1	3	4	6	1	2	0	2	1	0	0	1	0	1	1	2	1	0	0	0	0	0	1	0	0	0	0	1	1	0	1	0	0	2	0	0	0	0	0	0	2	0	1	0	1	0	0	0	1	0	1	0	0	0	0	2	0	0	0	0	2	0	2	0	1	0	0	1	1	0	1	0	2	1	0	1	0	0	0	0	0	0	0	0	0	0	0	0	2	0	0	0	0	2	0	0	0	0	0	0	0	0	0	0	3	0	0	0	1	0	0	2	1	0	0	0	0	1	0	0	0	0	0	1	0	0	0	0	0	1	0	0	0	0	0	1	1	0	3	0	0	0	0	0	1	0	0	0	0	0	0	0	1	0	1	1	1	0	0	0	0	0	0	0	0	0	2	0	0	0	1	0	0	0	0	0	0	0	0	0	0	0	0	0	0	0	0	0	0	0	0	0	0	0	0	0	0	0	0	0	0	0	0	0	0	0	0	0	0	0	0	0	0	0	0	0	2	1	0	0	0	1	1	0	1	0	0	0	0	0	0	0	0	0	0	0	0	0	0	0	0	0	0	1	0	0	0	0	0	0	0	0	0	0	0	0	0	1	0	0	0	0	0	0	0	0	0	0	0	0	0	0	0	0	0	0	0	0	0	0	0	0	0	0	0	0	0	0	0	0	0	1	0	0	0	0	1	0	0	0	0	0	0	0	0	0	0	0	0	0	0	0	0	0	0	0	1	0	0	0	1	0	0	0	0	0	0	0	0	0	0	0	0	0	0	0	0	0	0	0	1	0	0	0	0	0	0	0	0	1	0	0	0	0	1	0	0	1	0	0	0	0	0	0	1	0	1	0	0	0	1	1	0	0	1	0	0	0
0	0	0	0	0	0	0	0	1	2	0	2	6	4	7	6	1	2	1	1	1	0	0	2	1	0	3	2	0	1	0	0	0	3	2	0	0	1	1	1	1	0	2	0	2	5	7	9	22	22	69	46	0	25	7	4	7	1	2	1	1	3	3	1	0	0	1	2	2	2	0	2	2	0	1	1	2	0	0	1	2	1	1	1	2	0	0	2	0	1	1	2	2	0	0	2	1	1	5	1	0	1	2	1	1	1	1	2	2	1	2	1	3	1	3	1	2	1	2	1	2	0	0	0	3	1	0	0	2	0	0	0	0	1	0	0	1	0	0	1	1	1	0	0	0	2	0	1	1	0	0	1	0	1	0	1	1	0	0	0	0	0	1	0	1	1	0	1	1	0	1	1	0	1	0	1	0	1	0	2	0	0	2	0	1	1	1	0	0	0	1	0	0	0	0	0	0	0	1	0	0	2	0	0	0	0	0	0	0	0	0	0	0	1	0	0	1	0	0	1	2	0	0	2	0	0	0	0	0	0	0	0	1	2	0	1	0	0	0	1	0	0	0	0	0	0	0	0	0	0	0	0	0	0	1	0	1	0	0	0	0	0	0	0	0	0	0	0	0	0	0	0	0	0	1	0	0	0	0	0	0	0	0	1	0	0	0	0	0	0	0	0	0	0	0	0	0	0	0	0	1	0	0	0	0	0	0	0	0	1	0	0	0	0	1	0	0	0	0	0	0	0	0	0	1	0	0	0	0	0	0	0	1	0	0	1	1	0	0	0	0	0	0	0	0	0	0	0	0	0	0	1	0	0	0	0	0	0	1	0	0	0	0	0	0	0	0	0	0	0	0	0	0	0	0	1	0	0	0	0	0	0	1	0	0	0	0	0	0	0	0	0	0	0	0	0	0	0	0	0	0	0	0	0	0	0	0	0	0	0	0	0	0	0	0	0	0	0	0	0	0	0	0	0	1	1	2	0	0	0	0	1	0	0	0	0	1	0	0	0	0	0	0	0	0	0	0	0	0	0	0	0	0	0	0	1	0	0	0	0	0	0	0	0	0	1	0	0	0	0	0	0	0	1	0	0	0	0	0	0	0	0	0	0	0	1	0	0	0
0	0	0	0	0	0	0	1	0	1	4	9	11	22	5	19	12	4	3	1	0	2	1	1	0	0	4	2	2	1	2	2	1	0	1	5	2	0	0	1	0	1	0	3	4	8	16	7	458	58	17	8	25	0	37	15	2	3	2	4	2	6	6	3	2	1	4	1	2	1	1	2	1	0	0	2	1	1	1	0	0	2	1	0	0	1	0	0	3	1	1	2	0	2	5	2	3	3	4	3	2	0	2	3	3	4	2	3	1	5	2	4	9	8	16	6	6	1	1	2	2	1	2	2	0	1	0	0	0	0	1	2	1	0	1	1	0	0	2	0	0	0	0	1	0	1	0	1	0	3	1	0	1	2	1	0	0	0	0	2	1	1	0	1	0	1	0	0	1	2	0	0	2	0	2	0	2	0	0	1	0	0	1	1	0	0	1	0	1	2	0	0	1	0	0	1	0	0	0	0	0	1	0	0	0	0	0	0	0	0	0	0	1	1	1	2	1	1	0	0	1	0	0	0	0	0	1	0	1	0	1	1	0	1	0	0	0	0	2	3	0	1	0	0	1	0	0	0	1	0	0	0	1	0	0	0	0	1	1	0	0	0	0	0	0	0	0	0	0	0	0	0	0	0	0	0	0	0	0	0	0	0	0	0	0	0	0	0	0	1	0	1	0	0	1	0	0	0	1	1	0	0	0	0	0	0	0	0	0	0	0	1	0	1	0	0	0	1	0	0	0	0	0	0	1	0	0	0	0	0	0	0	0	0	0	1	0	0	1	0	1	0	0	0	0	0	0	1	0	0	1	1	0	0	0	1	0	0	0	0	0	1	0	0	0	0	0	0	1	0	0	0	0	1	0	1	1	0	0	0	0	0	0	0	0	0	0	0	0	0	0	0	0	0	0	0	0	0	0	0	0	0	0	0	0	0	0	0	0	1	0	0	0	1	1	0	0	0	0	0	0	0	0	0	0	0	0	0	0	0	0	0	0	2	0	0	0	0	0	1	0	0	0	0	1	0	0	0	0	0	0	0	0	1	0	0	0	0	0	0	0	0	0	0	1	0	0	0	0	0	0	0	0	0	0	0	0	0	0	0	0	1	0	0	0	0	1	0	0
0	0	0	0	0	0	0	2	3	4	2	7	22	17	5	15	9	1	1	0	1	2	3	1	1	2	0	2	2	0	2	0	1	2	1	1	0	1	3	1	0	1	0	2	2	4	11	12	52	11	10	16	7	37	0	24	3	3	5	4	1	2	3	1	3	1	3	0	2	2	1	1	4	0	3	1	0	2	1	3	0	1	1	0	2	0	0	0	2	4	1	0	2	3	0	1	1	2	2	0	1	1	1	2	6	1	1	5	5	5	4	7	10	7	12	6	8	1	0	4	1	3	3	2	2	2	3	0	1	1	0	1	1	1	0	0	0	0	0	0	0	2	0	1	0	2	0	0	0	0	2	1	1	0	0	3	4	0	0	0	1	1	2	0	0	1	2	1	0	1	1	1	1	2	2	1	1	0	1	3	0	0	0	0	4	2	0	1	1	0	0	1	0	1	0	0	0	0	1	1	1	0	0	0	0	0	0	0	1	0	1	0	1	1	0	0	0	0	1	0	0	0	0	1	0	0	0	0	0	3	0	0	0	0	1	1	0	0	1	1	0	0	0	0	0	0	1	1	0	0	0	0	0	0	0	0	0	0	0	1	1	0	1	0	0	0	0	0	1	0	0	0	0	0	0	0	0	0	0	0	0	0	0	1	1	0	1	0	0	0	0	0	0	1	0	0	0	0	0	0	0	0	0	0	0	0	0	0	0	2	0	0	1	0	0	0	0	0	0	1	0	0	0	0	0	0	0	0	0	1	0	0	1	0	0	1	0	0	0	1	2	1	0	0	0	0	0	2	0	0	0	0	0	0	0	0	0	0	0	0	0	1	0	0	0	0	0	1	0	0	1	0	0	0	0	0	0	1	0	0	1	1	0	0	0	0	0	0	1	0	0	1	0	1	0	0	1	0	0	0	0	1	1	1	0	0	0	0	0	0	0	0	1	0	0	1	0	0	0	0	0	0	1	1	0	0	0	0	1	0	0	0	1	0	0	0	0	0	0	1	0	0	0	0	0	0	1	1	0	0	0	0	0	1	0	0	0	0	0	0	0	0	1	0	1	3	0	0	0	0	0	0	0	0	0	1	0	0	1	1	0	1	0	0	0	0	1	0	0
0	0	0	0	0	0	0	1	1	3	5	8	1632	35	11	11	18	8	8	9	3	5	3	3	1	0	2	4	3	0	1	3	2	1	1	1	4	1	2	1	0	0	0	2	3	7	9	5	10	9	3	7	4	15	24	0	27	18	4	10	1	16	12	7	9	5	2	3	5	4	1	1	5	0	2	2	5	2	0	3	2	0	2	1	1	1	0	3	1	1	1	2	1	0	2	6	4	12	7	4	3	8	2	9	3	3	0	6	5	7	7	7	14	5	6	5	4	2	3	3	0	2	3	1	2	2	1	1	0	2	2	1	0	1	1	0	1	2	1	2	0	0	2	2	0	1	0	1	3	1	1	0	2	2	1	2	1	0	0	5	0	1	1	0	0	0	0	1	0	1	0	2	1	0	0	3	0	1	2	2	0	0	1	0	1	0	0	1	0	0	1	0	2	0	0	1	1	0	0	0	0	0	0	0	0	0	0	0	0	2	1	1	0	0	1	3	0	0	0	0	0	0	2	0	0	1	1	0	0	1	0	0	0	0	1	0	0	2	0	0	0	0	0	1	0	0	0	0	0	0	0	0	1	0	1	0	1	0	0	1	0	0	0	0	0	0	0	0	0	0	2	2	0	0	0	1	0	1	0	1	0	0	1	1	0	0	0	0	0	0	0	0	0	0	0	1	0	0	0	0	1	0	0	0	1	1	0	0	1	0	0	0	0	1	1	1	0	1	2	0	0	1	0	0	1	0	1	0	0	0	0	1	0	0	0	0	1	0	0	0	0	0	0	0	1	0	0	0	0	0	0	0	0	0	0	0	0	0	0	0	0	1	0	0	0	0	0	0	0	1	1	0	0	0	0	0	1	1	0	0	0	0	0	0	1	0	1	0	0	0	0	0	0	0	0	0	0	0	0	0	0	0	1	1	0	0	0	0	0	0	0	0	0	1	0	1	1	0	0	0	0	0	0	0	0	1	1	0	0	0	0	0	0	0	0	0	0	1	0	0	0	0	0	0	0	0	0	0	0	0	0	0	2	0	1	0	0	0	1	0	2	1	0	0	0	0	0	0	0	0	0	0	1	0	1	0	0	0	1	0	1	0	0	0	1	0	0	0	0
0	0	0	0	0	0	0	2	0	4	3	8	18	10	6	4	19	10	6	9	3	3	5	6	2	1	1	4	3	2	2	2	0	2	1	2	1	1	3	0	0	0	1	2	0	2	9	0	5	6	1	0	7	2	3	27	0	35	5	12	12	76	25	7	11	3	0	0	2	1	2	1	3	2	1	4	4	0	0	2	2	1	0	0	1	0	0	0	1	1	1	0	2	2	3	3	2	12	12	5	3	5	8	4	2	2	3	3	5	10	7	7	10	1	2	5	5	2	0	5	2	1	1	2	2	2	0	1	0	0	1	1	0	0	1	0	2	0	0	1	0	1	1	0	2	1	0	0	1	0	0	0	1	0	1	3	3	0	0	2	1	2	0	2	0	1	0	1	0	0	6	1	0	0	2	2	1	0	5	5	2	2	2	1	2	0	1	0	0	0	0	0	0	0	0	0	0	0	1	1	1	0	0	1	0	0	2	0	0	1	1	0	0	2	1	0	0	0	1	0	0	0	1	2	0	0	0	0	1	1	1	0	0	0	2	1	1	0	0	1	3	1	0	0	0	0	0	0	0	1	1	0	0	0	0	0	1	0	0	0	1	0	0	0	0	0	0	0	1	0	0	0	0	0	0	0	0	1	0	0	0	0	0	0	0	0	0	1	0	0	0	0	0	1	0	1	1	0	2	0	0	0	0	0	0	0	0	0	0	1	0	0	0	0	0	0	0	1	0	0	1	0	0	0	0	0	1	0	0	0	1	0	2	0	1	0	0	1	1	1	0	2	2	0	0	0	0	0	0	0	0	0	0	1	1	0	0	0	0	0	0	0	0	1	0	1	0	0	0	0	0	1	1	0	1	1	0	1	0	0	0	0	1	1	0	0	1	1	0	1	0	0	1	0	0	1	0	1	0	0	0	0	1	0	0	1	1	0	0	0	0	0	1	0	0	0	0	0	0	0	1	0	0	0	0	0	0	0	0	0	0	0	0	1	0	0	0	1	1	0	1	0	0	1	0	0	0	0	1	0	1	1	0	1	0	2	1	0	0	0	1	0	0	0	1	0	0	0	0	0	0	0	0	0	0	0	1	0	0	0	0	0	0	0	1	0	0	0	0
0	0	0	0	0	0	0	3	4	10	4	8	16	5	3	9	15	15	9	7	24	7	12	5	3	1	4	5	3	2	4	3	3	1	3	1	2	0	3	2	3	2	1	2	0	0	4	3	4	5	1	2	1	3	3	18	35	0	16	20	24	45	557	22	32	10	2	9	4	3	2	2	4	1	6	4	2	0	3	1	2	1	1	1	1	0	3	0	1	2	2	6	0	2	1	1	1	10	12	6	10	10	16	8	2	2	2	2	8	7	4	8	8	3	5	5	3	0	3	3	2	5	4	2	2	1	0	1	1	1	0	2	2	2	0	1	0	1	2	1	0	2	1	0	3	3	0	2	1	1	1	1	0	2	5	3	1	1	0	0	0	1	0	1	0	2	1	1	0	0	5	3	3	6	2	3	2	2	2	6	2	1	3	1	0	3	2	1	1	1	0	1	1	0	0	1	1	2	0	0	0	0	0	1	0	0	0	1	0	1	0	0	0	0	0	1	0	0	1	0	1	1	0	1	0	0	0	1	0	2	0	0	0	0	1	0	1	0	1	3	2	0	0	0	0	0	0	1	0	0	1	0	0	0	0	0	0	0	1	0	0	0	0	0	0	0	0	0	1	0	0	0	0	0	0	0	1	0	0	0	0	1	0	0	0	0	1	0	0	0	0	1	0	0	0	0	1	0	0	0	2	0	0	0	1	0	0	0	0	0	1	0	1	0	0	0	0	0	0	0	0	0	0	0	1	0	0	0	0	0	1	0	0	0	0	1	1	0	1	0	0	0	0	2	0	0	0	0	1	0	0	0	0	0	0	0	0	0	0	0	0	0	0	0	0	0	0	0	0	0	1	0	0	0	0	0	0	0	0	0	0	1	0	0	0	1	1	1	0	0	1	1	0	1	0	0	0	0	0	1	0	0	0	0	0	0	0	1	0	0	0	1	0	0	0	0	0	0	0	0	0	0	0	1	0	0	1	0	0	0	0	0	0	0	1	0	0	0	0	0	0	0	0	1	1	1	0	1	0	0	1	0	1	0	2	0	0	1	0	1	0	0	0	1	0	0	0	1	0	1	1	0	0	0	0	1	0	0	0	0	0	0	0	1	0	0	0	0	0
0	0	0	0	0	0	0	3	4	20	7	14	2	3	1	0	7	14	6	5	6	6	9	3	0	1	1	2	2	0	2	1	2	2	5	3	4	1	0	1	0	0	3	0	1	2	2	2	2	5	2	2	2	2	5	4	5	16	0	77	16	4	18	31	113	42	7	14	18	6	3	4	5	6	7	5	4	5	2	4	5	3	2	2	2	2	0	1	2	1	4	1	0	0	1	2	3	7	0	1	6	3	6	7	4	5	4	4	5	5	2	6	7	9	2	11	9	0	4	3	1	5	3	3	5	0	2	3	2	0	2	1	0	1	1	0	2	0	2	1	1	0	0	1	0	1	1	0	0	2	0	3	1	1	3	4	2	4	0	3	0	0	1	0	1	1	1	1	0	0	7	4	1	2	3	2	2	5	5	2	3	2	2	0	1	0	0	1	1	0	0	1	0	0	0	0	0	0	1	0	0	1	0	0	1	0	0	0	0	1	0	1	0	2	0	0	1	2	2	2	0	0	1	0	0	1	0	1	0	0	2	1	1	0	0	0	1	0	1	1	0	0	0	0	0	0	0	0	0	0	0	0	0	0	0	1	0	0	0	0	0	0	0	1	0	0	1	0	0	0	0	0	0	1	0	0	1	0	0	0	2	0	0	0	0	0	0	0	1	0	0	0	0	0	0	1	0	0	0	1	0	1	0	0	0	0	0	0	0	0	0	0	0	0	0	0	0	2	0	0	0	0	1	0	0	0	0	0	1	0	1	0	0	1	0	2	1	0	0	1	0	2	0	1	3	1	0	0	0	0	0	0	0	0	0	0	0	0	0	0	1	1	0	0	1	0	0	0	0	0	0	0	0	0	0	0	2	0	0	0	1	0	0	0	0	1	0	0	0	1	0	0	0	0	0	1	0	0	0	0	0	0	1	0	0	0	0	0	0	0	1	0	1	0	0	0	0	0	0	0	1	0	1	0	0	0	1	1	0	0	0	1	0	0	0	0	0	0	0	0	0	0	0	0	1	1	0	1	0	0	1	0	0	0	0	0	0	0	1	1	0	0	1	1	1	0	0	0	0	0	0	0	0	0	0	0	0	0	0	0	1	0	0	0	0	0	1	0	0
0	0	0	0	0	0	0	1	4	9	3	8	4	2	0	0	1	6	7	6	12	14	16	6	5	3	1	7	3	3	1	2	3	4	2	3	1	0	0	1	2	1	1	1	2	2	1	4	1	0	0	2	1	4	4	10	12	20	77	0	46	6	13	41	51	57	9	13	16	6	7	4	8	5	4	4	7	2	5	1	3	1	3	2	0	1	0	0	1	1	1	1	0	0	1	0	0	5	5	5	3	5	6	2	0	5	2	2	7	7	3	2	1	4	3	6	4	2	2	2	4	2	1	2	2	2	2	1	1	1	3	1	0	1	1	1	0	1	2	4	0	2	0	1	1	1	0	1	0	2	2	2	0	3	3	6	3	7	3	2	1	1	1	0	2	2	0	0	1	1	2	5	2	3	3	3	0	1	5	3	2	0	0	0	1	1	1	0	0	0	0	0	0	0	0	1	0	0	0	1	1	0	0	0	0	0	0	0	0	0	0	1	0	1	1	0	2	2	1	0	1	0	1	0	1	0	0	0	0	1	0	0	1	0	3	1	1	0	0	2	0	0	0	0	1	0	0	0	1	0	0	1	0	0	2	2	0	0	0	0	0	0	0	0	0	0	0	0	0	1	1	0	0	0	0	0	0	0	0	0	0	0	0	1	0	1	0	1	0	1	1	1	0	0	0	1	0	0	0	1	0	1	0	0	1	0	1	0	0	0	0	1	0	2	0	0	0	0	0	1	0	0	0	0	0	0	0	0	0	0	0	1	0	2	1	1	1	0	2	0	0	0	0	1	0	0	0	0	0	0	0	1	0	0	0	0	0	0	0	0	0	1	0	0	0	0	0	1	1	0	0	1	0	0	0	0	0	1	0	0	0	0	0	0	1	2	1	0	0	1	0	0	0	0	0	0	2	0	1	0	0	0	0	0	0	0	0	0	0	1	0	1	0	0	1	0	0	0	0	0	0	0	0	0	0	0	1	1	0	0	1	1	1	0	1	1	0	0	0	0	0	0	0	1	1	0	0	0	0	0	1	1	1	1	2	0	1	0	1	0	0	0	0	0	1	0	1	0	1	0	0	0	0	0	0	0	1	1	0	1	0	0	0	1	0	0	0	0	0
0	0	0	0	0	0	0	3	2	6	3	7	9	4	2	1	6	5	10	9	64	13	36	20	5	6	2	4	0	1	3	1	5	2	1	3	5	3	0	1	1	2	2	4	2	1	2	2	2	2	1	0	1	2	1	1	12	24	16	46	0	29	25	30	11	18	6	8	10	2	1	3	2	2	4	6	3	1	0	1	2	2	2	3	2	3	2	1	2	2	0	0	2	0	1	1	3	8	7	6	7	14	7	2	3	3	2	0	4	7	2	4	1	0	3	2	2	2	3	4	3	0	0	3	2	0	1	0	2	2	2	1	1	2	0	0	0	0	1	0	1	1	4	1	2	1	2	0	4	2	1	1	2	2	1	6	10	1	0	2	2	0	2	2	0	2	1	2	2	2	1	1	1	3	3	4	0	1	1	3	2	3	2	1	4	1	1	0	0	0	0	0	1	0	0	0	1	0	0	0	0	1	0	0	0	0	0	0	0	1	0	1	2	1	1	0	0	1	1	1	1	0	2	0	0	0	0	1	2	2	0	0	0	2	2	2	0	0	1	0	2	0	0	0	0	0	0	0	0	1	0	0	0	0	1	0	0	0	1	0	0	1	0	0	0	1	0	0	1	0	0	0	0	1	0	0	0	0	0	1	0	0	0	0	0	0	1	0	1	0	0	0	0	0	0	0	0	1	0	1	0	1	0	1	1	0	0	1	0	0	0	2	0	0	0	0	0	0	1	0	0	0	0	0	0	0	1	0	2	0	0	0	2	0	0	0	0	0	2	0	0	0	0	1	1	0	0	0	0	0	0	1	0	0	0	0	1	0	0	1	0	0	0	1	0	0	0	1	1	1	0	0	1	0	0	0	0	0	1	0	0	1	1	1	0	0	2	0	0	1	0	0	1	0	0	0	1	0	0	1	0	0	0	0	0	0	0	0	0	0	0	1	0	0	0	0	1	0	0	0	1	0	0	0	0	0	1	0	0	1	1	0	1	1	0	0	0	0	0	0	1	1	0	0	1	1	0	1	0	0	0	0	2	1	1	0	0	0	0	0	0	0	0	0	0	0	0	0	0	1	0	0	0	0	0	0	0	0	0	0	0	0	1	0	0	1	0	0	0
0	0	0	0	0	0	0	2	1	6	2	1	10	4	1	3	8	6	5	26	15	5	10	19	4	1	2	0	8	2	2	2	1	2	0	1	1	1	2	2	2	1	0	0	1	1	5	1	3	4	2	2	3	6	2	16	76	45	4	6	29	0	49	11	6	9	1	3	3	1	1	1	3	6	1	4	3	1	1	1	1	0	0	0	1	2	0	3	0	0	0	0	1	0	1	1	3	8	13	7	7	12	3	3	5	4	3	1	3	1	7	6	5	3	3	5	1	3	0	0	2	2	4	1	1	1	2	0	0	0	1	2	0	0	0	0	1	1	0	0	0	4	0	2	2	2	1	4	0	2	1	1	3	0	1	1	1	2	2	0	0	1	1	1	1	0	2	1	1	2	4	1	1	3	0	2	3	3	6	3	2	1	0	2	2	5	0	0	0	0	0	1	0	1	0	0	0	0	0	0	0	1	1	0	0	1	1	0	4	0	0	1	1	1	2	1	0	1	1	1	2	1	1	1	0	0	0	0	1	1	0	1	0	0	0	0	0	0	0	0	0	0	0	0	0	0	0	0	0	2	0	0	1	0	0	0	0	0	0	0	0	1	1	0	0	0	1	0	1	0	0	0	0	0	2	0	0	0	0	0	0	0	1	0	0	0	0	0	0	0	0	0	0	0	0	0	0	1	0	0	0	1	0	1	0	0	0	0	0	0	0	1	1	0	0	0	0	1	0	1	1	0	0	0	2	0	0	0	0	0	1	1	1	0	0	1	0	0	1	0	1	1	0	0	0	2	0	0	0	2	0	0	0	0	0	0	1	0	0	0	0	0	0	0	0	1	0	1	0	0	0	0	1	1	1	0	0	0	0	0	0	0	0	0	0	1	0	0	0	0	0	0	1	1	1	1	0	0	1	0	0	0	0	0	0	1	0	0	0	1	0	0	0	0	0	1	0	0	0	0	0	0	0	0	0	0	0	0	0	0	2	1	0	0	0	0	0	0	1	0	0	0	0	1	0	0	0	0	0	1	1	0	1	1	1	0	0	1	0	1	0	1	1	1	0	0	0	0	1	0	1	0	0	0	1	0	0	0	0	0	2	0	0	0	0	0	0	0	0
0	0	0	0	0	0	0	0	6	10	3	4	20	6	0	6	16	12	13	17	14	7	10	9	5	4	4	3	5	0	1	5	4	5	1	3	1	2	2	0	2	1	1	4	1	2	6	4	5	0	2	1	3	6	3	12	25	557	18	13	25	49	0	13	21	8	4	3	8	5	2	3	3	3	5	4	11	2	2	4	2	0	0	1	1	2	2	2	1	1	1	2	1	1	2	1	7	8	18	9	3	15	12	5	5	5	3	3	10	13	6	4	8	0	6	9	4	2	4	4	0	4	0	0	3	2	0	0	0	2	1	1	2	1	0	1	1	0	0	2	1	3	2	1	2	0	0	0	0	1	1	1	2	2	0	2	4	4	0	2	1	0	5	1	0	1	3	0	0	3	2	0	1	1	3	3	8	4	3	4	1	1	2	1	1	2	1	2	0	0	1	0	1	0	0	1	0	0	0	0	0	0	0	0	0	1	1	0	0	2	0	2	0	0	0	1	2	1	1	1	1	1	1	1	1	1	1	0	0	4	2	0	0	2	0	1	0	0	0	0	1	0	1	0	1	0	0	1	0	0	0	0	0	1	0	0	0	0	0	0	0	1	0	0	0	0	0	1	0	0	1	0	0	0	0	1	1	0	0	0	0	1	0	0	0	1	0	1	0	0	0	0	0	1	0	0	2	0	0	0	1	1	1	0	0	1	0	0	1	0	0	0	0	0	1	0	0	0	0	1	0	0	1	0	1	2	1	0	0	1	2	0	1	1	1	0	1	1	0	1	0	0	0	0	0	0	0	0	0	0	0	0	0	0	1	0	0	0	0	0	0	0	0	1	0	1	0	0	0	0	0	0	1	0	0	0	0	0	0	0	2	2	1	0	0	1	0	1	0	0	1	0	1	1	0	0	0	0	0	0	0	0	0	0	0	0	2	1	0	0	2	0	0	0	0	0	0	0	0	0	0	1	0	1	0	1	0	0	0	0	1	0	1	0	0	0	0	1	0	0	0	0	0	0	1	0	0	1	0	0	1	1	0	0	0	0	0	0	0	2	0	1	0	1	0	0	0	0	2	1	0	0	0	0	0	0	0	0	1	1	1	0	1	1	1	1	0	0	1
0	0	0	0	0	0	0	7	3	12	7	7	5	1	0	1	7	31	18	11	11	21	20	7	3	4	4	7	3	0	1	3	7	1	3	1	2	0	4	1	1	3	0	4	2	1	1	1	4	4	2	2	1	3	1	7	7	22	31	41	30	11	13	0	58	70	8	24	20	6	2	7	11	4	7	26	10	4	4	1	0	1	2	4	1	1	2	0	1	4	1	2	0	1	0	5	4	7	9	3	4	16	19	8	1	7	6	6	10	14	3	2	5	1	7	2	4	4	4	10	7	1	7	1	2	1	1	1	2	5	4	2	0	0	1	2	1	3	3	2	4	1	2	2	1	4	1	0	0	2	3	1	0	5	3	2	7	4	2	2	3	3	3	0	3	1	4	2	1	0	2	9	2	3	4	10	11	8	9	6	5	6	2	1	3	0	0	0	1	2	0	0	0	0	0	0	0	0	1	0	0	0	0	0	1	0	1	1	1	0	0	0	0	1	2	0	1	0	3	0	1	0	1	0	0	0	2	1	1	1	0	0	1	1	0	1	0	0	0	2	1	0	1	0	0	0	0	1	0	0	2	1	0	0	0	1	0	1	0	0	0	0	0	0	0	0	0	0	1	0	1	0	0	0	0	1	0	0	0	0	1	1	1	0	0	0	0	0	0	0	0	0	0	0	1	0	0	0	0	0	0	0	0	1	1	0	0	1	0	0	0	0	0	0	0	2	1	0	1	0	1	1	0	0	0	0	1	1	0	0	1	0	0	0	0	1	0	1	0	0	1	1	0	0	0	0	0	0	1	0	0	0	0	0	0	1	0	0	0	0	0	1	1	0	0	0	0	2	0	0	1	0	0	0	0	0	0	0	0	1	0	2	0	1	0	2	0	0	0	1	0	0	0	0	0	0	0	0	0	0	0	0	0	0	0	0	0	0	1	0	0	1	0	0	1	4	0	0	0	0	0	0	1	0	0	1	1	0	0	0	0	0	0	0	0	0	0	0	0	0	0	0	0	0	0	0	2	0	0	0	0	1	0	0	0	1	0	0	0	0	0	1	0	0	0	1	0	0	0	0	0	0	0	1	1	0	0	0	0	0	0	0	0	0	1	0	0	0	0
0	0	0	0	0	0	0	2	7	19	10	22	4	6	1	2	11	18	12	8	10	8	11	3	2	2	1	3	5	3	3	5	2	2	2	1	1	1	1	1	2	0	0	1	1	4	4	2	2	1	1	2	0	2	3	9	11	32	113	51	11	6	21	58	0	39	11	23	12	8	6	12	11	2	5	17	4	1	1	0	5	3	3	1	1	2	1	1	8	0	1	1	0	0	1	2	1	5	9	3	3	7	7	15	13	6	3	4	12	17	3	8	10	2	5	9	6	3	3	9	5	1	2	2	5	1	1	1	2	3	3	4	2	1	0	2	0	1	0	2	0	1	0	1	1	0	3	0	2	1	0	1	0	0	2	4	3	0	2	0	0	3	1	1	0	2	1	1	1	1	1	2	0	8	4	2	1	5	0	1	1	1	3	1	0	1	2	1	0	0	0	0	0	0	0	0	0	0	0	0	1	0	0	1	0	0	0	0	0	0	1	0	0	0	0	2	1	1	0	2	2	0	0	1	1	1	1	2	1	0	1	0	2	0	0	0	0	0	2	1	1	0	0	0	1	2	0	1	0	0	0	0	0	2	0	1	0	0	0	1	0	0	0	0	0	0	0	0	0	0	0	0	0	0	0	0	0	0	1	0	0	1	0	0	1	0	0	0	0	1	0	0	0	0	0	0	0	0	1	0	0	0	0	0	0	1	1	0	0	0	0	0	1	0	0	0	0	0	0	0	0	2	0	0	0	0	0	0	0	0	0	0	0	1	0	0	1	1	1	0	1	1	0	0	0	0	0	1	1	0	0	0	0	0	1	0	0	1	0	0	0	0	0	0	0	1	0	0	0	0	0	0	0	0	0	0	0	0	0	1	0	1	1	0	0	1	0	1	1	0	0	0	0	0	0	0	0	0	0	0	0	0	0	1	1	1	0	0	0	0	0	1	0	1	0	0	0	1	0	0	0	0	2	0	0	0	0	0	1	2	0	1	0	0	0	1	0	0	0	0	0	0	0	0	2	0	0	0	1	0	0	2	0	0	1	0	0	0	1	0	0	0	0	0	0	1	0	0	0	0	0	0	0	0	0	0	0	0	0	0	0	0	0	0	0	0	0	1	0
0	0	0	0	0	0	0	7	7	9	5	10	5	1	1	1	4	5	3	2	6	15	7	8	5	4	4	8	3	1	3	6	9	0	2	2	1	3	0	2	0	1	1	4	2	1	2	3	1	0	0	1	0	1	1	5	3	10	42	57	18	9	8	70	39	0	19	46	42	12	3	11	17	5	6	14	11	2	2	3	4	2	2	3	1	0	1	1	2	5	4	0	2	3	4	2	0	2	4	1	1	8	9	5	4	8	3	1	2	9	8	0	1	4	3	6	4	4	2	10	3	4	3	2	4	0	0	2	1	1	0	1	0	0	0	0	0	1	2	0	1	1	1	3	3	0	1	1	1	0	0	1	1	3	0	3	2	1	0	1	1	1	3	1	0	3	1	2	1	1	2	7	2	5	8	7	4	2	5	2	3	2	1	1	1	1	1	2	0	0	0	1	0	0	1	0	0	1	0	0	1	0	0	0	0	0	1	1	1	0	1	0	0	1	1	2	0	3	6	3	2	0	0	1	0	2	1	0	1	0	1	0	4	0	1	0	0	0	0	0	0	0	0	0	0	0	1	0	0	0	0	1	0	0	1	0	0	0	0	0	0	0	0	2	0	0	0	0	0	0	0	0	0	0	0	0	0	0	0	0	0	1	0	0	1	0	0	0	2	0	0	0	0	0	1	0	0	0	0	1	0	0	0	1	1	1	0	1	0	0	0	0	0	0	0	1	0	0	1	0	0	2	1	1	0	0	0	0	0	0	0	0	0	1	1	0	0	0	0	0	0	0	0	1	0	0	1	0	0	0	0	0	0	0	0	0	0	0	0	0	0	0	0	0	0	1	0	0	0	0	0	2	0	0	0	0	0	0	0	0	1	1	0	1	1	2	1	0	0	0	0	0	0	0	0	0	0	0	0	0	0	1	0	0	0	0	1	0	2	0	0	0	0	0	1	1	0	0	0	1	0	0	0	0	0	0	0	1	0	0	0	0	0	0	1	0	0	0	0	0	0	0	1	0	0	1	0	1	0	0	0	0	2	0	0	0	0	1	0	0	1	0	0	0	1	0	0	0	0	0	1	0	0	0	1	0	1	1	0	0	0	0	0	0	0	1	0	0	0
0	0	0	0	0	0	0	7	6	28	12	8	0	0	1	3	2	6	2	0	1	7	4	1	1	1	0	3	2	1	2	0	2	2	2	4	4	0	1	2	1	2	2	1	2	0	2	0	2	2	0	0	1	4	3	2	0	2	7	9	6	1	4	8	11	19	0	123	34	133	10	45	43	8	24	9	4	3	3	2	10	5	5	3	4	3	2	2	1	3	0	3	0	1	2	2	0	1	0	4	0	4	1	6	5	5	7	4	3	7	6	3	3	3	1	7	13	15	6	13	3	3	5	4	3	1	0	2	0	2	1	0	3	0	0	1	0	0	2	4	1	0	1	1	0	0	2	1	0	1	0	1	1	1	1	3	1	2	0	0	0	1	1	0	0	0	1	2	1	3	1	8	2	6	8	5	8	4	1	1	1	0	1	1	1	0	0	0	0	1	0	1	0	0	0	0	1	0	1	0	0	0	0	1	0	0	0	0	0	0	1	0	0	2	1	1	0	1	1	0	0	0	0	1	2	0	0	0	1	0	1	0	0	1	0	1	0	1	0	0	0	1	0	0	0	0	1	0	0	1	0	0	0	0	0	0	0	0	0	0	1	1	0	0	0	0	0	0	0	0	0	0	0	0	0	0	0	1	0	0	0	1	0	0	0	0	0	0	0	0	1	0	1	0	0	0	0	0	0	1	0	0	0	0	0	0	0	0	0	0	1	0	0	0	0	0	1	1	0	0	0	0	0	0	0	1	0	0	1	0	0	0	0	0	0	0	0	0	1	0	1	0	0	0	1	0	0	0	1	0	1	0	1	0	0	0	1	0	0	0	0	0	0	0	2	0	1	0	0	0	0	0	2	0	0	0	0	0	0	1	1	1	0	1	0	0	0	0	0	0	0	0	0	0	0	0	0	0	0	0	0	1	0	0	0	0	0	0	0	0	0	0	0	0	0	1	1	1	1	0	1	1	0	0	0	0	0	1	1	0	0	0	0	1	0	0	0	0	1	0	0	0	0	1	0	0	1	0	0	0	0	0	0	0	0	1	1	1	0	0	0	0	0	0	0	0	0	0	0	0	1	0	0	0	0	0	0	0	0	1	0	0	0	0	0	0	0	0	0
0	0	0	0	0	0	0	4	7	17	7	9	6	1	1	0	8	15	7	0	8	7	2	3	1	3	3	2	3	3	3	3	6	2	0	7	0	2	0	1	3	0	2	0	0	1	1	4	1	0	1	0	2	1	0	3	0	9	14	13	8	3	3	24	23	46	123	0	59	26	6	22	64	11	20	15	12	3	3	5	5	4	10	2	3	1	1	0	5	1	1	1	0	2	1	1	1	2	4	1	8	3	9	7	0	7	1	4	1	9	4	5	8	3	3	5	13	7	5	9	6	1	5	2	7	2	1	1	1	0	4	1	1	1	0	1	0	0	0	2	3	1	3	1	3	1	1	2	0	1	0	0	1	2	1	4	4	1	2	0	2	2	1	2	0	2	0	0	3	5	1	6	6	4	7	12	2	9	7	2	4	3	1	2	1	0	0	1	0	0	0	0	0	0	0	1	0	0	0	1	1	1	0	0	1	1	0	0	0	0	0	0	1	1	3	0	3	0	2	1	0	0	0	0	1	2	1	1	1	1	0	0	0	0	0	0	1	0	1	1	0	0	1	0	0	0	0	0	0	0	0	0	0	1	0	0	0	1	0	0	0	0	0	0	1	0	0	1	0	0	0	0	0	0	0	0	0	0	0	0	1	0	0	0	0	0	0	0	0	0	0	0	0	0	0	0	0	1	0	0	0	0	0	1	0	0	0	0	1	0	0	0	0	0	0	0	0	0	0	0	0	0	0	0	1	0	0	0	0	1	0	1	0	1	0	1	0	0	2	1	0	0	1	0	1	0	0	0	0	1	0	1	1	0	1	0	0	0	0	0	0	0	0	0	2	0	0	1	0	0	1	0	0	0	0	0	0	0	0	1	0	0	1	1	1	0	0	0	0	1	0	0	0	0	0	0	0	2	0	1	2	0	0	2	0	1	0	0	0	0	1	0	0	0	0	0	1	0	1	0	0	0	0	0	0	0	1	1	0	0	0	1	0	0	0	0	0	0	0	0	0	1	0	0	0	0	0	1	0	2	1	0	0	2	0	0	0	0	0	0	0	0	0	1	1	0	0	0	0	1	0	0	1	0	0	0	1	0	0	0	1	0	0	0	0	0	0	1	1
0	0	0	0	0	0	0	9	8	8	5	4	0	1	1	2	4	6	3	3	9	6	3	3	3	0	3	2	1	2	5	5	2	1	1	1	1	1	2	5	0	1	0	2	1	3	2	2	3	0	0	0	2	2	2	5	2	4	18	16	10	3	8	20	12	42	34	59	0	25	5	28	48	3	12	8	3	1	2	0	6	4	4	4	2	1	0	0	1	2	0	1	1	0	0	2	2	0	0	4	0	2	5	6	2	5	3	3	1	6	2	0	3	0	3	6	5	5	3	3	9	3	4	1	2	0	0	0	1	2	1	0	1	2	1	2	0	1	0	3	2	0	0	1	1	0	1	2	0	2	0	0	1	2	1	3	2	1	1	1	1	0	2	0	1	2	1	1	1	2	0	4	2	3	3	6	2	2	2	2	1	2	1	2	0	1	0	1	0	2	1	0	0	0	0	0	1	1	0	1	0	2	0	0	0	1	0	1	0	2	0	0	1	0	1	2	2	1	1	1	1	1	1	1	0	0	1	1	2	0	2	1	0	0	0	0	0	0	3	0	0	0	0	0	0	0	0	0	1	0	0	1	0	0	0	0	1	0	0	0	0	0	0	0	0	0	0	1	0	0	1	0	2	0	0	0	0	0	0	0	0	1	0	0	0	0	0	0	0	0	0	0	0	0	0	0	0	0	0	0	0	0	0	0	0	0	1	0	0	0	0	1	2	1	0	0	1	0	0	0	1	0	0	0	0	0	1	2	0	0	0	0	1	0	2	0	1	1	1	0	0	0	0	0	0	0	1	0	1	0	0	0	0	0	0	1	0	0	0	0	0	0	0	0	0	0	0	1	0	0	1	0	0	1	0	0	0	0	0	0	0	0	0	0	0	0	2	0	1	0	0	0	2	0	0	0	0	0	0	1	0	0	0	0	0	0	1	1	0	0	0	0	0	0	1	0	0	0	0	0	1	1	0	0	0	0	0	0	0	0	0	1	0	0	0	0	0	0	0	0	0	0	0	0	0	0	1	0	0	0	0	0	1	2	0	0	0	0	0	0	0	0	0	0	0	0	0	0	0	0	0	0	0	0	0	0	0	1	1	0	0	0	0	0	0	0	0	0	0
0	0	0	0	0	0	0	10	14	16	11	8	2	2	0	1	5	3	3	1	3	2	3	1	0	1	1	1	2	1	3	7	1	1	1	3	5	0	2	5	2	2	2	5	1	1	1	3	4	0	1	2	2	1	2	4	1	3	6	6	2	1	5	6	8	12	133	26	25	0	20	147	30	11	13	4	4	1	3	5	6	13	6	3	3	1	0	2	1	1	2	0	2	3	1	0	0	0	2	0	1	8	3	6	6	7	3	4	1	8	6	1	3	1	4	5	8	5	3	7	3	3	4	5	7	1	1	1	1	1	0	2	2	1	0	0	0	2	1	3	0	0	0	0	0	0	3	1	0	1	0	1	0	2	1	2	2	0	4	1	1	1	0	1	0	2	1	2	2	1	6	6	2	10	6	2	2	3	4	2	0	1	2	1	0	0	1	0	0	0	0	0	0	2	0	1	0	1	1	0	0	0	0	0	0	1	0	0	0	0	1	1	0	0	0	0	4	3	1	1	0	0	0	0	3	1	0	1	0	2	1	1	0	0	0	0	0	0	0	0	0	1	1	0	1	0	1	0	0	0	1	0	0	0	0	0	0	0	0	0	0	0	0	0	0	0	0	0	0	1	0	0	0	0	0	0	0	0	0	0	0	0	0	0	0	1	0	0	1	0	0	0	0	0	0	0	0	1	3	1	0	0	0	2	0	0	0	0	0	0	0	0	0	0	0	0	0	0	0	0	0	0	0	0	0	0	0	0	0	0	0	0	0	0	0	0	0	0	0	1	1	0	2	2	0	0	0	0	1	1	1	0	1	0	0	0	0	0	0	0	1	0	0	0	0	0	0	0	0	0	0	1	0	0	0	0	0	1	0	1	0	1	1	0	1	0	0	1	0	0	0	0	0	1	0	0	0	1	1	0	0	0	0	0	2	0	0	0	0	1	1	1	0	0	0	1	0	0	1	0	0	0	0	0	0	1	0	0	0	0	0	0	0	0	0	0	0	0	0	0	0	0	0	0	0	0	0	0	0	0	1	1	0	0	0	1	0	0	0	0	0	0	0	0	0	0	0	0	0	0	1	0	0	0	0	0	0	0	0	0	0	2	1	2	0	0	0	0	0
0	0	0	0	0	0	0	16	13	5	5	1	1	0	0	3	0	1	1	2	2	2	1	0	0	3	2	1	0	1	0	3	4	0	0	0	2	1	2	2	0	0	3	2	4	2	3	0	0	0	0	1	0	1	1	1	2	2	3	7	1	1	2	2	6	3	10	6	5	20	0	39	16	9	7	7	1	3	3	6	29	35	15	5	0	1	0	1	4	4	1	2	1	0	2	0	2	2	3	0	0	0	3	6	3	5	4	2	1	2	2	2	4	1	3	3	6	8	4	3	3	3	6	3	4	2	0	2	2	0	1	5	1	4	1	0	0	1	0	0	0	1	0	0	0	1	0	0	0	0	0	0	0	1	2	3	1	0	0	0	0	1	0	1	1	2	1	2	3	1	3	3	4	2	3	3	0	1	4	2	0	2	0	0	1	0	3	0	0	0	0	0	0	0	1	0	0	0	0	0	0	0	0	0	0	0	0	0	0	0	1	0	0	0	1	2	0	1	0	0	0	2	0	1	1	0	0	1	0	1	3	0	0	1	0	0	0	1	0	0	0	0	0	0	1	0	0	0	0	1	0	2	0	0	2	0	0	1	0	0	0	0	0	0	2	0	0	0	0	0	0	0	0	0	0	0	0	0	0	0	1	1	0	0	0	0	1	0	1	1	0	0	0	0	0	0	0	1	0	0	0	0	0	1	0	0	0	0	0	1	0	0	0	0	1	0	0	0	0	0	0	0	0	0	0	0	0	0	0	0	0	0	0	0	0	1	0	0	0	0	0	1	0	0	0	0	1	0	1	0	1	0	0	1	0	0	0	0	0	0	0	1	0	0	0	1	0	0	0	0	1	1	0	0	0	0	0	0	0	0	0	0	0	0	0	1	1	0	0	0	0	0	1	1	0	0	0	0	0	0	0	0	0	0	0	0	0	0	0	0	0	0	0	0	0	0	1	0	0	0	0	0	0	1	0	0	0	0	0	0	0	0	0	2	0	1	0	0	0	0	0	0	0	1	2	0	0	0	0	0	0	0	0	0	0	0	0	0	0	1	0	1	0	0	0	0	0	1	0	1	0	0	0	0	0	1	0	0	0	0	0	0	0	0	0	1	0	0	0
0	0	0	0	0	0	0	15	17	10	10	6	1	2	0	4	2	6	2	4	3	4	4	2	0	1	0	1	0	2	3	0	2	3	0	0	1	0	0	2	2	2	2	1	0	2	1	0	1	2	0	2	2	2	1	1	1	2	4	4	3	1	3	7	12	11	45	22	28	147	39	0	26	10	15	7	4	1	2	5	6	9	9	4	2	2	1	2	0	1	1	0	0	1	0	1	0	2	1	2	0	1	3	1	5	5	3	2	3	5	3	0	3	2	1	5	7	6	3	5	2	2	2	6	3	1	1	1	1	0	0	0	0	1	0	2	0	0	1	1	4	0	2	2	0	1	0	0	1	2	2	1	1	0	1	1	1	2	3	2	0	2	0	1	0	3	2	0	1	0	3	6	4	5	10	4	3	3	3	1	2	0	1	0	0	0	1	0	0	0	0	0	1	0	1	0	0	0	0	0	0	0	0	0	0	0	0	0	0	0	0	1	0	0	1	0	1	2	0	1	2	0	1	1	1	1	1	2	0	0	1	1	0	0	0	0	0	0	0	0	0	2	0	0	0	0	0	0	0	0	0	0	0	0	0	0	0	0	0	0	1	0	0	0	0	0	0	0	0	0	0	0	0	0	0	0	0	0	0	0	0	1	0	0	0	0	0	0	1	0	0	0	0	0	0	0	0	0	0	0	0	0	0	0	0	0	0	0	1	0	0	0	0	0	0	0	0	0	0	1	0	0	0	0	0	0	0	0	0	0	0	0	0	0	0	0	1	1	2	0	0	1	0	0	2	0	0	0	0	1	1	0	1	0	0	0	0	0	0	0	0	0	0	0	0	0	0	0	0	0	0	0	0	0	0	0	0	0	0	1	0	0	0	0	0	1	0	0	0	1	0	0	0	0	0	0	0	0	0	0	0	1	0	0	0	0	0	0	0	0	0	0	1	0	0	1	0	0	1	0	0	0	0	0	0	1	0	0	0	2	0	0	0	0	0	0	1	0	0	0	0	0	0	1	0	0	0	0	0	0	1	0	0	0	0	0	1	0	0	0	0	0	0	0	0	0	0	0	0	0	0	0	0	0	0	0	0	1	0	0	0	1	0	0	0	0	0	0	0
0	0	0	0	0	0	0	6	10	6	5	5	0	3	0	1	1	4	2	3	5	6	5	1	3	1	3	4	1	2	1	2	3	3	2	3	3	1	1	0	1	0	0	4	3	3	3	2	0	0	0	2	2	1	4	5	3	4	5	8	2	3	3	11	11	17	43	64	48	30	16	26	0	24	23	11	6	2	5	4	7	9	8	6	1	1	2	2	1	2	3	1	0	0	1	0	0	0	4	1	0	3	3	1	6	6	2	1	2	4	1	3	2	0	0	5	2	5	1	10	1	4	1	1	3	3	2	2	2	1	2	2	3	2	1	0	0	1	3	0	1	2	2	2	0	0	0	0	3	0	0	1	3	0	3	4	3	7	0	0	1	3	0	1	0	1	4	2	6	1	11	5	4	11	14	4	5	5	1	0	0	1	0	2	3	2	0	0	1	0	0	0	0	1	0	0	0	0	0	1	0	2	0	0	0	0	0	2	0	0	2	0	0	0	2	4	0	0	1	0	2	0	1	0	0	1	0	1	0	1	1	1	2	1	0	2	0	0	1	0	0	1	0	0	1	0	0	0	0	0	0	0	0	0	0	1	0	0	0	0	0	0	0	0	0	0	0	0	0	0	0	0	0	0	0	0	0	0	0	1	0	0	0	0	0	0	0	0	0	0	0	0	2	0	1	0	0	0	0	0	0	0	0	0	0	0	0	0	1	1	0	0	0	0	0	1	0	0	0	2	0	0	0	1	0	0	0	0	0	0	0	0	0	1	0	0	1	0	0	1	0	0	0	0	1	0	0	1	1	0	0	0	0	0	0	0	0	0	0	0	0	0	0	1	0	0	0	0	0	1	0	0	0	1	0	0	0	0	1	0	0	0	0	1	0	0	0	1	0	0	0	1	0	0	0	0	0	0	0	0	0	0	0	1	1	0	0	0	0	0	0	0	0	0	1	0	1	0	0	0	1	0	1	1	0	1	0	0	0	0	0	0	0	0	0	0	0	0	0	0	2	0	0	0	0	0	0	0	0	0	0	0	0	0	0	0	1	1	0	2	0	0	0	1	0	0	1	0	1	1	2	1	0	1	0	0	0	0	0	0	1	0	0	0	0	0	0	0	0
0	0	0	0	0	0	0	6	5	2	3	3	1	1	0	1	0	2	3	1	1	2	2	1	1	2	2	1	0	1	1	2	3	0	0	4	3	1	0	1	2	2	0	1	2	2	4	1	0	0	1	1	0	0	0	0	2	1	6	5	2	6	3	4	2	5	8	11	3	11	9	10	24	0	16	8	8	4	3	6	8	8	25	10	5	1	2	1	0	2	0	0	1	0	0	0	2	1	2	1	1	1	7	3	4	3	3	1	2	6	2	3	2	2	4	5	5	6	4	9	7	5	6	5	2	5	2	3	6	1	2	1	1	1	2	4	1	1	3	2	1	0	3	3	1	1	0	0	1	0	0	0	1	3	1	2	3	2	1	5	0	4	4	1	4	3	0	3	4	2	4	21	9	48	12	2	3	7	1	1	4	0	0	0	0	1	0	2	0	0	0	1	0	0	0	0	0	0	0	0	0	1	0	0	0	0	0	1	0	2	0	0	1	0	2	3	2	2	3	4	0	1	1	2	0	0	1	1	0	2	1	1	1	1	1	0	1	0	0	0	1	2	1	1	0	0	0	0	0	0	0	0	1	0	1	0	0	0	0	0	0	1	1	0	1	0	0	0	0	0	0	0	0	0	0	0	0	0	0	0	0	0	0	0	0	0	0	0	0	0	0	0	0	0	0	1	0	0	0	0	0	1	0	0	0	0	0	0	0	0	1	0	0	0	0	1	0	0	0	2	0	1	1	0	1	1	0	1	0	1	0	0	1	1	2	0	2	0	0	0	0	0	0	0	0	1	0	0	0	0	0	1	0	0	0	0	0	0	0	0	1	1	1	0	0	0	0	0	0	0	0	0	0	0	0	0	0	0	0	0	0	1	0	1	0	0	1	1	0	2	1	0	0	1	1	0	0	0	0	1	0	0	0	0	0	1	0	0	0	0	0	0	0	0	0	0	0	0	0	0	0	0	0	0	0	0	0	0	0	0	1	0	1	1	0	0	0	0	0	0	1	0	1	0	0	0	0	0	0	0	0	0	2	0	0	0	0	2	0	0	0	1	0	0	0	0	0	0	0	0	1	1	0	0	0	0	0	0	0	1	1	0	0	0	0	0	0	0	0
0	0	0	0	0	0	0	4	5	8	9	1	6	5	1	2	2	8	6	2	5	5	3	4	3	2	1	0	1	6	6	9	3	2	1	2	6	3	4	0	1	0	0	6	1	0	1	2	2	2	0	1	1	0	3	2	1	6	7	4	4	1	5	7	5	6	24	20	12	13	7	15	23	16	0	51	25	14	3	5	3	5	19	7	4	0	0	2	3	1	3	4	1	2	6	0	3	2	4	1	4	4	11	6	3	6	9	3	11	8	5	2	7	1	1	6	9	23	16	48	15	10	12	8	11	8	3	3	3	2	2	5	1	2	2	1	0	0	1	7	2	1	2	0	1	1	1	1	1	0	0	2	3	2	6	2	1	4	2	0	1	2	1	2	2	7	3	1	7	3	5	10	5	9	9	6	3	5	3	2	1	2	0	1	0	0	2	0	2	1	0	0	0	0	0	0	0	0	1	0	0	0	0	0	0	0	1	0	0	0	4	0	1	1	1	0	3	0	1	3	1	2	0	0	1	1	0	0	1	0	3	1	0	0	0	1	1	1	1	0	0	0	1	0	0	1	1	0	1	0	0	0	0	0	0	0	0	0	0	0	0	0	0	0	0	0	0	0	0	0	0	0	1	0	0	0	0	0	1	0	0	0	0	1	0	0	0	0	0	0	0	0	0	0	0	0	0	0	1	0	0	0	1	0	1	0	0	0	0	0	0	0	0	0	0	0	0	0	0	0	0	0	0	0	0	0	0	0	0	0	0	0	1	0	1	2	0	0	0	0	0	1	0	0	0	0	0	0	0	1	0	0	1	0	0	0	0	0	0	0	0	1	0	1	0	0	0	0	0	1	0	0	0	0	1	0	0	1	0	0	1	0	1	0	0	1	0	0	0	1	0	0	0	0	0	0	1	0	0	0	0	0	0	0	0	1	0	0	0	1	0	0	0	0	0	0	0	0	0	0	1	0	0	0	0	1	0	0	2	0	0	1	1	0	0	0	0	0	0	0	0	1	0	0	0	0	0	0	0	1	1	0	0	1	0	0	0	0	0	0	0	0	0	0	1	0	0	1	0	0	0	1	0	0	0	0	0	0	3	1	0	1	0	0	0	0	0	0	0
0	0	0	0	0	0	0	1	0	5	4	3	5	1	0	3	4	17	14	4	5	12	2	1	1	5	5	5	1	0	11	14	11	3	4	8	7	4	3	1	0	0	1	2	1	3	3	3	2	1	1	1	1	2	1	2	4	4	5	4	6	4	4	26	17	14	9	15	8	4	7	7	11	8	51	0	65	7	8	5	7	5	6	4	1	0	2	2	3	4	2	1	1	2	4	2	3	4	12	3	10	6	14	12	8	3	9	9	7	17	12	5	5	6	3	5	6	5	15	24	10	8	17	7	5	4	0	1	3	9	6	2	3	2	1	2	3	1	2	8	1	2	6	3	1	0	2	4	2	5	0	1	1	2	8	3	3	3	3	3	2	3	2	0	1	2	4	3	4	3	5	15	6	10	7	7	17	14	6	6	6	1	4	1	0	2	0	3	0	0	0	0	0	0	0	0	0	0	0	2	1	0	0	1	0	0	0	0	1	2	0	0	0	0	4	2	2	2	2	1	1	2	0	1	2	0	1	0	1	0	1	2	1	2	0	1	0	1	1	0	0	1	0	0	1	0	0	0	0	0	0	1	0	0	0	0	0	1	0	0	0	0	0	0	0	0	0	0	0	0	1	0	1	1	0	0	0	0	1	0	0	1	0	1	0	1	0	0	0	0	0	0	0	0	1	0	0	1	0	0	1	0	0	1	0	0	0	0	1	1	0	0	0	0	2	0	0	0	0	1	0	0	0	0	1	1	0	0	0	0	0	1	0	1	1	0	1	2	1	0	0	0	0	0	0	0	0	0	0	0	0	0	0	0	0	0	2	0	1	0	0	0	2	1	0	0	0	0	0	0	0	0	1	0	1	0	0	0	1	1	0	0	1	0	0	0	3	2	0	0	0	1	1	1	0	0	0	0	0	0	0	1	0	0	0	0	0	0	1	0	0	0	0	0	0	0	0	0	0	0	0	1	0	1	0	1	0	0	0	0	0	0	0	0	0	0	0	1	0	0	0	0	0	0	0	0	0	0	0	0	1	0	0	0	1	1	0	0	0	0	0	1	0	0	0	1	0	0	0	0	0	0	0	0	0	0	0	0	0	2	1	0	0	0	0	0	0	0	0
0	0	0	0	0	0	0	4	2	5	2	5	2	3	2	0	4	13	10	7	3	8	8	7	2	6	7	14	10	4	21	24	24	6	3	8	11	0	4	4	1	1	0	5	1	2	0	3	1	4	1	0	2	1	0	5	4	2	4	7	3	3	11	10	4	11	4	12	3	4	1	4	6	8	25	65	0	18	9	3	2	3	3	5	4	1	0	2	3	3	1	0	1	4	6	0	5	5	3	8	3	5	11	4	3	9	6	5	6	12	4	2	7	1	1	3	5	7	13	21	21	12	15	5	5	4	4	1	1	4	5	3	3	1	2	3	1	4	2	7	4	4	2	7	1	3	3	5	0	2	0	2	0	2	6	2	3	3	3	4	3	6	1	3	5	4	6	6	3	8	14	14	8	15	16	12	29	36	12	3	5	4	0	0	3	1	0	1	0	2	1	0	0	0	0	2	0	0	0	2	0	1	0	0	1	0	1	0	0	1	1	0	0	3	1	1	1	2	0	0	0	2	1	0	1	1	1	2	0	1	2	1	1	1	0	1	2	1	0	1	0	0	0	0	0	1	1	0	0	0	0	0	0	0	0	0	0	0	1	0	0	0	0	0	1	0	0	0	0	0	0	0	0	0	0	0	1	0	0	0	0	0	0	0	0	0	1	0	0	0	0	0	0	0	1	0	0	0	1	0	0	2	0	0	0	0	0	1	0	0	0	0	0	0	0	0	0	0	0	0	0	0	0	0	0	0	0	0	1	0	0	0	0	0	0	0	0	1	1	0	1	0	0	1	0	0	0	0	0	0	0	0	0	0	1	0	0	0	1	0	0	1	1	0	0	0	0	0	1	0	0	0	3	0	0	1	0	0	0	0	0	0	0	0	0	1	0	0	1	0	0	0	0	0	0	0	0	0	0	0	0	0	0	0	2	0	1	2	1	0	0	0	0	0	0	1	1	0	1	0	0	1	0	0	0	2	1	0	0	0	0	0	0	0	0	0	0	1	1	0	1	0	0	0	0	0	0	0	1	1	0	0	0	1	0	2	1	0	0	0	0	0	0	0	0	0	0	0	0	0	0	0	0	1	0	0	1	1	1	0	0	0	0	0	0	0	0	0	0
0	0	0	0	0	0	0	1	0	1	1	2	3	1	1	3	2	5	5	5	3	5	2	2	0	2	3	8	1	3	9	45	4	3	4	7	14	5	1	0	4	2	1	4	2	1	0	4	3	0	0	0	0	1	2	2	0	0	5	2	1	1	2	4	1	2	3	3	1	1	3	1	2	4	14	7	18	0	191	2	1	3	4	14	17	5	4	6	8	4	1	2	1	1	1	0	0	0	5	1	4	3	3	3	5	6	5	2	7	3	1	4	4	1	0	2	4	3	9	19	30	12	20	7	5	8	3	4	6	11	11	4	7	3	4	6	0	4	5	28	16	4	4	3	0	1	3	2	2	0	1	1	1	0	11	9	1	4	1	1	1	5	0	1	6	5	5	5	9	7	19	9	26	11	6	5	15	11	4	2	2	3	5	2	1	0	1	0	0	0	0	1	0	1	0	0	0	0	0	0	0	0	0	0	0	0	0	0	3	1	0	1	0	3	4	1	1	4	2	3	0	0	1	2	1	3	2	2	2	1	1	3	0	1	0	0	1	0	0	0	1	0	0	0	0	0	0	0	0	0	0	0	0	0	0	0	0	1	1	0	0	0	0	0	0	0	2	0	1	1	0	0	0	0	0	0	0	0	0	0	1	2	0	0	0	1	2	1	1	0	0	1	0	0	0	0	0	1	1	0	0	0	0	1	0	1	0	1	0	0	0	0	0	0	0	1	0	0	0	0	0	0	0	0	0	0	0	0	0	1	0	0	1	0	2	1	2	0	0	0	1	0	1	0	0	1	0	0	1	0	0	0	0	0	0	0	0	1	1	0	0	0	0	0	0	0	0	1	0	0	1	0	0	0	2	1	0	0	0	0	0	0	0	2	0	0	0	0	0	0	0	0	0	0	0	0	0	0	0	0	0	0	1	0	0	0	0	1	1	2	0	0	0	0	0	0	0	0	0	0	0	0	0	0	0	0	0	0	2	0	0	0	2	0	0	0	0	0	0	0	0	0	0	0	0	0	0	2	0	0	0	1	1	1	0	0	0	0	0	0	0	0	0	0	0	1	0	0	0	0	0	0	0	0	0	0	0	0	0	0	1	0	0	0	0	0	0	0	0
0	0	0	0	0	0	0	0	2	1	1	1	0	0	2	0	1	5	5	3	4	4	2	1	2	2	3	4	3	1	14	33	14	4	1	7	8	8	7	1	0	2	1	0	0	1	0	1	0	1	0	2	0	1	1	0	0	3	2	5	0	1	2	4	1	2	3	3	2	3	3	2	5	3	3	8	9	191	0	3	1	2	5	18	20	3	4	5	6	6	2	2	3	1	2	1	3	1	3	2	3	2	0	2	2	6	1	6	3	6	2	2	0	0	0	2	3	5	8	11	20	17	12	6	6	5	5	3	4	6	7	6	17	6	7	4	7	6	9	30	25	5	6	5	0	3	3	4	1	1	0	0	1	1	5	7	2	3	2	1	0	4	1	4	7	10	7	9	5	14	17	8	23	12	5	8	8	10	6	6	4	3	1	3	2	0	1	1	2	2	0	0	0	0	1	1	1	1	0	0	0	0	1	0	0	0	0	0	1	0	1	0	1	1	5	3	0	4	2	1	2	0	2	0	1	1	0	0	0	2	1	0	0	0	1	1	0	0	0	0	0	1	1	0	0	0	0	1	0	0	1	1	0	0	0	1	0	0	0	1	0	0	0	0	0	0	0	1	0	1	0	0	1	1	0	0	0	0	0	0	0	0	1	0	1	0	0	0	0	0	1	0	0	1	0	0	0	0	0	1	1	0	0	0	0	0	0	0	0	0	0	0	0	0	0	0	1	0	0	0	1	0	0	0	0	0	1	0	0	0	0	1	0	0	0	0	0	0	1	1	1	1	0	1	0	0	0	0	0	0	0	0	0	1	0	0	0	1	1	0	0	0	0	1	0	0	0	1	0	0	0	0	1	0	0	1	0	0	0	0	0	0	0	0	1	0	0	0	0	0	0	0	0	0	0	0	0	0	1	0	0	0	1	0	0	0	0	0	0	0	0	0	0	0	0	0	0	0	0	0	0	0	0	0	0	0	1	1	0	0	0	1	0	0	0	0	0	0	0	0	0	0	0	0	1	0	1	0	0	0	1	1	2	0	1	2	0	1	0	0	0	0	0	0	0	0	0	0	0	0	0	1	0	0	0	0	2	1	0	0	1	0	0	0	0	1	1	1	0
0	0	0	0	0	0	0	4	4	2	3	3	0	1	1	2	0	1	1	0	1	2	2	1	1	0	0	1	0	0	1	2	0	2	1	2	1	2	4	2	3	2	0	2	0	2	3	0	0	0	0	0	1	0	3	3	2	1	4	1	1	1	4	1	0	3	2	5	0	5	6	5	4	6	5	5	3	2	3	0	33	8	41	18	4	0	3	4	4	4	1	2	1	2	0	1	0	0	0	1	0	0	3	3	6	4	2	1	3	1	3	6	1	1	0	4	3	18	16	8	5	2	4	10	13	10	4	8	6	4	0	3	2	3	2	3	1	0	4	4	0	2	0	0	1	2	2	0	0	1	1	1	0	0	1	1	0	1	0	2	0	2	0	3	0	2	0	2	1	1	1	4	4	9	3	2	2	3	1	3	0	0	0	0	0	0	1	0	1	0	0	0	0	0	0	0	0	0	1	0	0	0	0	0	0	0	0	0	0	1	0	1	1	1	0	0	1	4	0	2	0	0	0	1	0	0	0	0	1	0	1	0	2	0	0	0	1	1	1	0	0	0	1	0	0	0	0	1	0	0	0	0	0	0	0	0	1	0	0	0	0	0	0	0	0	0	0	1	0	0	0	0	0	0	0	0	0	0	0	0	0	0	0	0	1	0	0	0	0	0	0	0	0	0	0	0	0	0	1	0	0	0	1	0	0	0	0	1	0	0	0	0	0	0	0	0	0	0	0	0	0	0	0	0	0	1	0	0	1	0	0	0	0	0	0	1	0	0	2	0	0	0	0	1	0	0	0	0	0	0	1	0	0	0	0	0	0	0	0	0	0	0	0	0	0	1	0	1	0	0	0	0	0	0	0	0	0	0	0	0	0	0	0	0	0	0	0	1	0	0	0	0	0	0	0	0	0	1	0	0	0	0	0	0	0	1	0	0	0	0	0	0	0	0	0	0	0	1	0	0	1	0	0	1	0	0	0	0	1	0	0	0	0	0	0	0	0	0	0	0	0	0	0	0	0	1	0	0	0	0	0	0	0	0	0	1	0	0	0	1	0	0	0	1	0	1	0	0	0	0	0	0	0	0	0	1	0	0	0	0	0	1	0	0	0	0	0	1	0
0	0	0	0	0	0	0	7	6	6	8	7	1	1	1	1	0	4	2	0	2	2	0	2	1	1	1	1	1	0	2	0	0	0	0	2	1	2	3	4	0	2	2	1	1	0	0	1	0	1	0	1	2	0	0	2	2	2	5	3	2	1	2	0	5	4	10	5	6	6	29	6	7	8	3	7	2	1	1	33	0	130	19	5	0	3	0	2	5	2	0	2	0	1	1	2	1	0	0	0	2	1	0	3	7	4	2	1	1	3	1	3	0	2	1	3	1	11	6	9	3	4	6	6	9	5	4	4	1	1	1	2	1	1	1	0	2	2	0	3	0	0	1	2	0	1	1	0	1	0	0	1	0	1	2	4	0	0	0	2	0	2	2	0	1	1	1	0	1	3	1	0	7	7	3	1	1	1	3	3	2	1	0	0	0	1	0	1	1	0	0	1	0	1	3	0	0	0	0	0	0	1	0	0	0	0	1	0	1	0	1	0	1	0	0	2	2	0	1	0	0	0	1	1	0	0	1	1	1	1	0	0	0	1	1	0	1	0	0	0	0	0	0	0	1	0	0	0	0	0	0	0	1	0	0	0	0	0	0	0	0	1	0	0	1	0	0	0	1	0	1	1	0	0	0	0	0	0	0	0	0	0	0	0	0	0	0	0	0	0	0	0	0	0	0	0	0	0	0	0	0	0	1	0	0	0	0	0	0	0	0	0	0	0	0	0	0	0	0	0	1	0	0	0	0	0	0	0	0	1	0	0	0	0	0	0	0	0	0	0	1	0	0	0	1	0	0	0	0	0	0	0	0	0	0	0	0	0	0	0	0	0	0	0	0	1	0	0	0	0	0	0	0	0	0	0	0	0	0	1	0	0	1	0	0	0	0	0	0	1	0	0	0	0	0	0	0	0	0	0	0	0	0	0	0	0	1	0	1	0	1	0	0	0	0	1	0	0	0	0	1	0	0	0	0	1	1	0	0	1	0	0	0	0	0	0	0	0	0	0	0	0	0	0	0	0	0	1	0	0	0	0	0	0	0	1	0	1	1	0	0	0	0	0	0	0	0	0	0	0	0	0	0	0	0	0	0	0	0	0	0	0	1	0	0	0	0	0	0
0	0	0	0	0	0	0	8	3	4	5	0	0	1	1	1	1	1	1	3	1	1	0	0	0	0	0	0	2	2	1	1	4	0	1	0	0	1	0	3	0	1	2	4	0	2	2	0	1	0	1	0	1	2	1	0	1	1	3	1	2	0	0	1	3	2	5	4	4	13	35	9	9	8	5	5	3	3	2	8	130	0	12	2	2	0	0	3	1	1	1	1	0	0	0	0	1	0	0	0	0	5	2	4	4	6	3	7	3	3	0	0	0	3	2	3	8	12	3	2	6	1	6	5	9	1	2	0	3	0	0	1	3	5	2	0	0	0	1	2	2	1	1	1	1	0	3	0	1	2	0	1	1	1	0	2	2	1	0	0	0	2	1	2	3	2	3	1	1	4	2	5	4	2	2	3	1	3	0	2	0	0	0	1	0	0	0	1	0	2	0	0	0	0	0	0	0	0	1	0	0	0	0	0	1	0	1	0	1	0	0	0	1	0	1	1	0	0	0	1	0	0	0	0	0	0	1	0	0	0	0	1	1	1	0	1	0	0	0	0	0	0	0	1	0	0	0	0	0	0	1	0	0	0	0	0	1	1	0	0	0	0	0	0	1	0	0	0	0	0	0	1	1	0	0	0	0	0	0	0	0	1	0	0	0	0	0	0	0	1	0	0	1	0	0	0	1	0	0	0	0	0	0	0	0	0	0	0	0	1	0	0	1	0	0	0	0	0	1	0	0	0	0	0	0	0	0	0	0	0	0	1	1	0	0	0	0	0	0	0	0	0	0	0	0	0	0	0	0	0	0	0	0	0	0	1	0	0	0	1	0	0	0	0	0	1	0	0	0	0	0	1	0	0	0	0	0	0	0	0	0	0	0	0	0	0	0	0	0	1	0	0	0	0	0	0	1	0	0	0	0	1	1	0	0	0	0	0	0	0	0	0	0	0	0	0	0	1	0	0	0	1	0	0	0	0	0	0	0	0	0	0	1	0	0	0	0	0	0	0	0	0	0	0	1	0	0	0	0	1	0	0	1	0	0	0	0	0	0	0	0	0	1	0	0	0	0	0	0	0	1	1	0	0	0	1	0	0	0	0	0	0	0	0	0	0	0	2	0
0	0	0	0	0	0	0	2	5	5	5	2	2	1	1	0	0	1	2	0	3	5	2	2	0	0	2	0	1	1	2	6	2	2	2	1	2	1	5	2	0	0	2	0	1	0	1	0	1	0	0	0	1	1	1	2	0	1	2	3	2	0	0	2	3	2	5	10	4	6	15	9	8	25	19	6	3	4	5	41	19	12	0	10	2	0	0	1	3	5	0	1	0	0	2	0	2	1	1	1	0	3	2	1	2	4	0	2	3	3	1	2	1	0	1	2	9	19	8	13	8	2	4	5	7	9	2	3	5	3	4	2	1	1	2	5	2	3	2	3	2	2	0	1	0	0	0	1	3	0	1	0	0	1	0	0	2	1	1	0	2	1	0	0	4	1	3	0	3	4	4	4	12	27	9	3	3	3	2	1	1	2	1	1	0	0	0	0	0	0	0	0	0	0	1	0	1	0	0	0	1	0	0	0	1	0	0	0	0	1	0	1	0	0	4	0	1	3	3	2	1	1	0	0	2	0	0	0	1	0	0	1	0	1	1	1	0	0	0	0	0	0	0	0	0	0	0	0	0	0	0	0	0	0	0	1	0	0	0	1	0	0	1	0	0	0	0	1	0	0	0	0	0	1	1	0	0	0	0	0	0	0	0	0	2	1	1	0	0	0	0	1	0	0	0	0	0	0	0	0	0	0	0	0	0	1	0	1	0	0	1	0	0	0	1	0	1	0	1	0	0	1	2	0	0	1	0	0	0	0	0	0	1	0	0	0	2	0	1	0	0	0	1	0	1	0	1	0	1	0	0	0	0	0	0	0	1	0	0	0	1	0	0	1	1	0	0	0	1	1	0	0	0	1	1	0	0	0	0	0	4	1	1	0	0	1	0	0	1	0	0	0	1	0	0	0	0	0	1	0	2	0	0	0	0	0	1	0	0	0	0	0	0	0	1	0	1	0	0	1	0	0	0	0	0	0	0	0	0	0	0	1	0	0	0	1	0	0	0	0	0	0	0	0	0	0	0	0	0	0	0	0	0	0	0	0	0	1	0	0	1	0	0	0	0	0	0	0	0	0	0	0	0	0	0	0	0	0	0	0	0	0	0	2	0	0	0	0	0
0	0	0	0	0	0	0	1	1	1	0	3	1	3	1	0	3	1	4	3	2	2	0	0	0	1	1	3	3	3	5	4	2	2	1	3	4	3	0	4	3	0	4	2	2	2	2	0	1	1	0	1	1	0	0	1	0	1	2	2	3	0	1	4	1	3	3	2	4	3	5	4	6	10	7	4	5	14	18	18	5	2	10	0	14	1	3	1	5	1	0	2	1	0	0	1	0	0	1	1	3	1	1	1	1	1	2	1	0	1	0	2	2	1	1	2	4	10	15	6	13	5	12	15	12	15	7	9	11	12	6	1	6	4	7	6	3	1	8	1	6	4	1	1	1	0	3	0	1	0	0	1	1	1	1	3	0	2	1	0	3	2	0	5	2	3	0	2	5	5	5	5	13	11	4	2	7	4	1	3	1	0	3	1	1	0	1	0	1	1	2	1	0	0	0	0	0	0	0	1	0	0	0	1	0	2	0	1	1	0	1	0	1	0	0	1	2	0	0	2	0	0	0	0	1	0	0	0	0	1	1	1	0	0	1	1	0	0	0	1	0	1	1	0	0	1	2	0	0	0	0	1	0	1	1	0	0	0	0	1	0	0	0	0	0	0	0	0	1	0	0	0	0	0	0	0	0	0	0	1	1	0	0	0	0	0	0	0	0	0	0	0	0	0	0	0	0	0	2	0	0	0	0	0	0	0	1	0	0	0	0	0	0	1	0	0	1	0	0	0	0	1	0	0	0	0	0	0	1	0	0	0	0	1	0	0	1	1	0	0	0	2	1	0	1	0	0	0	0	0	0	0	1	1	0	1	1	0	0	0	0	0	0	0	0	0	0	0	0	0	1	0	1	0	0	1	0	1	0	1	0	0	0	1	2	0	0	0	1	1	0	0	0	0	0	0	0	0	0	0	0	0	1	1	0	0	0	0	0	0	0	0	0	0	0	1	0	0	1	0	0	0	0	0	0	0	0	0	0	0	0	0	1	0	0	0	0	0	0	0	0	0	0	0	0	0	1	0	0	0	0	1	1	0	0	0	0	0	0	0	0	0	0	0	0	0	0	0	1	0	0	0	0	0	0	0	0	1	0	0	0	0	0	0	0	0	0	0	0
0	0	0	0	0	0	0	0	0	0	0	1	1	1	1	3	2	3	1	0	4	2	0	1	2	0	3	3	4	4	9	8	4	1	1	5	10	7	7	2	2	2	7	1	0	2	0	0	0	1	2	0	2	0	2	1	1	1	2	0	2	1	1	1	1	1	4	3	2	3	0	2	1	5	4	1	4	17	20	4	0	2	2	14	0	9	1	1	8	2	4	3	3	4	1	2	1	1	2	2	1	2	3	3	2	2	6	4	2	4	0	1	2	2	0	2	0	1	6	5	8	8	7	8	4	10	4	11	31	23	19	22	27	21	15	21	14	12	36	20	9	2	2	2	1	3	1	1	0	1	0	2	0	1	2	3	2	2	2	1	1	1	3	1	3	5	2	2	2	4	3	7	3	2	3	3	1	2	2	4	2	2	0	1	1	0	2	0	0	1	1	0	0	0	0	0	1	1	0	0	0	0	1	0	1	0	0	0	1	1	1	0	4	0	1	0	0	0	0	0	1	1	0	0	0	2	0	0	0	0	1	1	1	0	0	1	0	0	1	1	0	0	0	0	0	0	1	0	2	2	0	0	0	0	1	1	0	0	0	1	0	0	0	0	0	0	0	0	0	0	1	0	0	0	0	0	0	0	0	1	0	0	0	1	0	0	0	0	0	0	1	0	1	1	0	0	0	0	0	0	1	1	0	0	0	0	0	0	0	0	0	0	0	0	1	0	0	0	0	0	0	0	0	0	0	0	0	0	0	1	0	1	0	2	0	0	0	0	0	0	2	0	0	0	0	0	0	0	0	0	0	0	0	0	0	0	0	0	0	0	0	0	0	0	1	0	0	1	0	1	0	1	1	1	1	1	1	0	1	0	0	0	1	1	0	0	0	1	1	0	0	0	0	0	0	0	0	0	0	0	0	1	0	0	1	0	0	0	0	0	0	2	0	0	0	0	0	0	0	0	0	0	0	1	0	1	0	1	0	0	0	0	0	0	0	0	0	0	0	0	0	0	0	0	1	0	0	0	0	0	0	0	0	1	0	1	0	1	0	0	0	0	1	0	0	0	0	0	0	1	0	1	1	0	0	0	0	0	0	0	1	0	0	0	0	1	0	0	0
0	0	0	0	0	0	0	1	0	1	0	0	1	0	3	1	0	3	0	1	1	0	1	1	2	1	0	2	4	0	8	3	1	1	5	3	8	4	9	4	3	2	6	3	3	2	0	2	0	0	0	1	0	1	0	1	0	0	2	1	3	2	2	1	2	0	3	1	1	1	1	2	1	1	0	0	1	5	3	0	3	0	0	1	9	0	13	10	8	9	9	7	5	4	3	2	1	2	1	0	2	0	0	1	2	0	3	6	5	2	3	3	2	2	2	0	1	1	6	3	4	5	12	4	2	6	10	10	27	17	13	25	8	4	9	5	20	12	40	8	2	1	4	2	1	0	2	0	0	0	1	0	0	0	1	1	1	0	0	2	2	2	2	3	2	0	1	4	2	5	3	1	1	1	1	1	2	3	0	1	1	1	1	2	1	0	1	1	0	0	1	2	0	0	0	0	0	0	0	0	1	1	0	1	0	0	1	0	1	1	1	1	0	0	2	0	1	0	0	1	0	0	0	0	0	0	1	0	1	0	0	0	1	0	0	0	1	2	0	0	0	1	1	0	0	0	0	0	0	0	2	0	0	0	0	0	0	0	0	0	0	0	0	0	0	1	0	0	1	0	0	0	0	0	1	0	0	0	0	0	0	0	0	0	0	1	0	0	0	0	0	1	0	1	0	0	0	0	0	1	0	0	0	0	0	0	0	0	1	0	0	0	0	0	0	0	0	0	0	1	0	0	0	0	0	0	0	0	0	0	1	0	0	0	3	0	0	1	2	0	0	1	1	1	0	1	0	2	0	0	0	0	0	0	0	0	0	0	0	0	0	0	0	0	0	1	0	1	0	0	0	0	0	0	0	0	0	0	0	0	0	0	0	0	0	1	0	0	0	0	0	2	0	0	0	1	0	0	0	0	0	0	0	0	0	0	0	0	0	0	1	0	0	0	0	0	0	0	1	0	0	0	0	0	0	0	1	0	0	0	0	0	1	0	0	0	0	0	0	0	0	0	0	0	0	1	0	0	0	1	0	0	0	0	1	1	0	0	1	0	1	1	0	0	0	2	0	0	0	0	0	0	0	0	0	0	0	0	0	0	0	0	0	0	0	0	1	0	0
0	0	0	0	0	0	0	0	1	0	0	2	1	1	2	1	3	1	0	0	0	2	0	1	2	5	2	0	3	5	8	3	3	1	10	11	3	71	5	3	5	1	2	3	2	4	1	0	0	3	0	1	0	0	0	0	0	3	0	0	2	0	2	2	1	1	2	1	0	0	0	1	2	2	0	2	0	4	4	3	0	0	0	3	1	13	0	27	14	7	7	37	20	7	5	2	0	2	2	0	0	1	2	0	1	0	2	1	2	5	7	2	2	1	1	4	5	2	2	1	3	3	1	2	1	3	2	8	7	4	8	10	3	1	3	4	3	4	8	2	2	4	3	4	2	1	0	1	0	0	0	1	1	1	1	0	0	1	1	1	1	0	2	0	2	3	3	1	2	0	2	0	4	1	0	1	4	1	1	3	1	1	4	2	6	2	0	2	2	2	2	0	1	0	1	0	0	0	0	0	0	1	0	0	0	0	1	0	3	0	0	2	0	1	1	0	1	2	2	0	2	1	1	0	0	0	0	1	0	0	0	0	0	0	0	0	1	2	1	0	0	1	0	0	2	0	1	0	0	1	0	0	0	0	1	0	0	1	0	0	1	0	0	0	0	0	0	0	0	1	1	0	0	1	0	0	0	0	0	0	0	0	1	2	0	0	0	0	0	0	0	0	0	0	0	1	0	1	1	1	0	0	0	0	0	0	0	0	1	0	1	0	0	0	0	1	0	0	0	0	0	1	0	0	1	0	1	0	1	0	0	0	1	0	0	0	0	0	2	0	0	2	0	0	0	0	0	0	0	1	0	0	0	0	1	0	0	0	0	0	1	1	0	0	0	0	0	0	0	0	0	0	0	1	0	0	0	0	0	0	0	0	0	0	1	1	0	0	0	0	0	0	0	0	0	0	0	1	0	0	1	0	0	0	0	0	0	1	0	0	0	0	0	0	0	0	0	0	1	0	2	0	2	0	0	0	0	0	2	0	0	0	0	0	0	1	0	0	0	0	1	0	1	0	0	1	1	0	0	1	0	0	0	0	1	0	0	1	0	1	0	0	0	0	0	0	0	0	0	0	0	0	0	0	0	0	0	0	0	0	0	0	0	0	1	0	0	0	0
0	0	0	0	0	0	0	0	1	2	1	1	3	1	3	2	0	0	1	5	1	2	2	0	1	1	2	2	7	4	4	4	6	3	14	22	17	28	33	1	7	3	12	12	7	2	4	3	1	0	0	0	2	0	0	3	0	0	1	0	1	3	2	0	1	1	2	0	0	2	1	2	2	1	2	2	2	6	5	4	2	3	1	1	1	10	27	0	19	30	14	99	11	9	6	6	2	3	3	5	1	3	5	4	2	2	5	5	9	1	4	5	0	3	1	6	2	5	2	4	9	8	4	5	5	6	0	3	5	9	9	6	4	3	2	0	2	3	3	2	6	0	3	3	2	0	1	2	0	2	0	1	1	2	2	1	0	2	1	1	1	3	1	1	2	1	1	3	2	1	3	2	3	1	3	1	2	4	1	1	3	2	1	1	2	1	1	0	0	0	1	0	0	2	1	0	0	0	0	0	2	0	1	0	0	0	1	0	0	1	1	1	0	0	0	0	2	1	1	0	1	0	1	1	2	0	0	0	0	1	1	1	1	0	1	0	2	0	1	2	1	0	0	0	1	1	0	0	2	0	0	1	1	0	0	0	0	0	0	0	1	0	0	0	0	0	0	1	0	0	0	0	0	0	0	1	0	0	0	0	0	0	0	0	0	0	0	0	0	0	1	0	1	0	0	0	0	0	1	1	0	1	0	0	0	1	0	0	0	0	0	0	0	0	0	0	0	2	2	0	0	1	0	1	0	0	0	0	0	0	1	1	2	0	0	0	0	0	0	0	0	1	1	0	0	0	0	0	0	0	0	0	1	0	0	1	0	0	0	0	0	0	0	0	1	0	0	1	0	0	0	2	0	0	1	0	0	0	1	0	0	0	1	1	0	0	0	0	0	0	0	0	0	0	0	0	0	0	1	0	0	0	0	1	0	0	0	0	0	0	0	0	0	0	0	1	1	0	0	1	0	2	0	0	0	1	0	0	1	0	0	0	0	0	0	0	0	0	1	0	0	0	0	0	0	0	0	1	0	0	0	0	0	1	0	0	0	1	0	0	0	0	0	0	0	0	0	0	0	0	0	0	0	1	1	0	0	0	0	0	0	0	1	0	0	0	0	1	0
0	0	0	0	0	0	0	0	0	2	0	1	1	3	2	4	3	8	5	2	0	3	1	3	3	2	3	3	3	4	4	1	7	1	4	6	8	6	155	14	4	9	12	14	5	7	7	3	0	3	1	0	0	3	2	1	1	1	2	1	2	0	1	1	8	2	1	5	1	1	4	0	1	0	3	3	3	8	6	4	5	1	3	5	8	8	14	19	0	111	8	14	3	7	5	4	1	2	4	1	4	3	2	4	15	8	20	19	2	6	2	7	1	1	2	2	6	6	15	7	5	14	13	23	7	6	12	6	11	24	14	6	4	4	1	3	4	2	9	6	2	0	1	2	0	0	1	2	2	0	0	2	2	0	2	2	1	0	2	1	4	2	2	0	2	3	3	1	3	2	3	0	4	5	0	3	3	3	3	2	2	0	0	1	1	0	0	0	2	0	0	0	0	0	0	1	0	2	1	0	0	0	0	0	1	0	0	0	0	1	0	0	0	0	0	0	1	0	0	3	2	0	0	1	0	0	0	1	0	1	0	0	0	0	1	0	0	0	0	1	0	0	1	0	0	1	1	0	0	0	1	0	0	0	1	2	1	0	0	1	0	1	0	1	0	1	1	1	0	0	0	0	0	0	0	0	0	0	0	1	1	0	0	0	0	0	0	0	0	0	1	0	1	0	0	0	0	0	0	0	1	0	0	0	0	0	0	0	0	0	0	0	0	0	1	0	0	1	0	0	0	1	1	0	0	0	0	0	1	0	0	0	2	0	1	0	0	0	0	0	0	0	2	0	0	0	0	0	0	0	1	0	0	0	0	0	1	0	1	1	0	0	1	0	0	0	0	0	0	0	0	0	0	1	0	0	2	2	0	0	0	0	0	1	0	1	0	0	0	3	0	0	0	0	0	0	0	1	0	0	0	1	0	1	0	0	0	0	0	0	0	1	0	0	0	0	0	1	0	0	0	0	0	0	0	0	0	0	0	0	0	1	0	0	0	0	1	0	0	0	0	0	0	0	0	0	0	0	0	1	0	0	0	0	0	1	0	1	0	0	0	0	0	1	0	0	0	0	0	0	0	1	0	0	0	0	0	0	0	0	0	0	0	0	0	0	0	0	0
0	0	0	0	0	0	0	2	2	1	1	5	0	3	3	3	1	1	2	2	0	1	0	2	5	0	1	0	4	6	8	3	5	0	10	11	5	7	577	15	8	7	12	10	12	7	1	2	2	0	1	0	1	1	4	1	1	2	1	1	2	0	1	4	0	5	3	1	2	1	4	1	2	2	1	4	3	4	6	4	2	1	5	1	2	9	7	30	111	0	27	19	10	4	3	4	2	0	2	1	2	4	0	1	2	1	16	5	4	6	5	7	5	2	3	4	10	1	11	3	8	8	7	12	4	7	5	5	9	15	10	7	5	2	2	0	0	4	6	4	2	0	3	0	1	0	1	0	0	0	1	0	1	1	2	1	3	1	1	0	1	0	3	4	2	0	1	5	1	3	3	1	3	0	1	1	3	1	3	2	0	1	0	0	0	2	1	0	0	0	0	0	1	2	0	0	1	0	0	0	0	0	0	0	0	0	0	0	2	1	1	0	0	0	2	0	0	1	0	1	1	1	0	1	0	0	1	0	1	0	0	1	0	1	1	0	0	0	0	1	0	0	2	0	0	1	1	0	0	0	1	0	0	0	0	0	0	0	0	0	0	0	1	0	0	0	0	0	0	0	0	0	0	0	0	0	2	0	0	0	0	0	0	0	0	0	0	0	0	0	0	2	0	0	0	0	0	1	0	1	0	0	0	0	0	0	0	0	0	1	0	0	0	0	0	0	1	0	0	0	0	1	0	0	1	0	0	0	0	0	0	0	0	0	0	0	0	0	2	1	0	0	0	1	0	1	0	0	0	0	0	1	0	0	0	0	1	2	0	0	1	2	0	0	0	0	0	0	0	0	0	0	0	0	0	0	0	0	0	0	0	0	0	1	0	0	0	0	0	0	0	0	0	0	0	0	0	0	0	0	0	0	0	0	0	0	1	0	0	0	0	0	0	0	0	1	0	0	1	0	0	0	0	0	1	0	2	0	0	2	0	1	0	0	0	0	0	0	0	0	0	0	1	0	0	0	0	0	0	1	0	0	0	0	0	0	0	1	0	0	0	0	0	0	0	0	0	0	0	0	0	0	0	0	0	0	0	0	0	0	0	0	0	0	1	0	0	0	0
0	0	0	0	0	0	0	0	0	0	0	0	1	0	1	3	4	3	0	1	0	1	0	2	0	0	2	2	4	2	1	3	1	0	3	4	3	7	16	9	15	6	19	15	7	4	1	3	2	0	0	2	1	1	1	1	1	2	4	1	0	0	1	1	1	4	0	1	0	2	1	1	3	0	3	2	1	1	2	1	0	1	0	0	4	9	7	14	8	27	0	37	7	3	7	3	4	4	1	0	1	2	0	1	3	2	3	9	1	1	2	1	2	1	1	6	5	6	3	2	3	3	1	2	3	5	1	3	4	6	3	1	1	0	2	3	2	4	1	3	0	2	2	2	1	1	0	1	1	0	0	0	0	0	0	0	0	0	0	0	1	1	1	2	1	1	3	3	2	1	0	2	0	1	0	1	3	2	0	0	0	0	0	1	2	0	0	0	1	0	0	0	1	1	0	0	0	1	0	0	0	0	1	0	0	0	1	0	0	0	0	1	0	3	0	1	0	0	0	1	1	0	1	1	0	1	2	0	1	0	0	0	1	0	1	0	0	0	1	1	0	0	0	1	0	0	0	0	0	0	0	1	0	0	0	0	0	0	0	0	0	0	0	0	1	0	0	0	0	0	0	1	0	0	0	0	0	0	0	0	1	0	0	1	0	0	0	0	1	1	0	0	0	0	0	0	1	0	0	0	0	0	0	0	0	1	0	0	0	0	0	0	1	0	0	1	0	0	0	0	1	0	0	0	0	1	0	1	0	0	1	0	1	0	0	0	0	0	0	1	0	0	0	0	0	0	0	0	0	0	0	1	0	0	0	0	1	0	0	0	0	0	0	1	0	0	0	0	0	0	0	0	0	0	0	0	0	0	0	0	0	0	0	0	0	0	0	1	1	0	0	0	0	0	0	0	0	0	0	1	1	1	1	0	0	0	1	0	1	0	0	0	0	0	0	1	0	0	0	0	0	0	0	0	0	0	0	1	1	0	0	0	1	1	0	0	0	1	0	0	0	1	0	0	0	1	0	0	0	0	0	0	0	0	0	0	0	0	1	0	0	0	0	0	0	0	0	0	1	1	0	1	0	0	0	0	2	0	0	0	0	0	0	0	0	0	0	0	0
0	0	0	0	0	0	0	0	1	2	1	0	6	1	2	2	4	2	1	2	2	2	1	1	3	2	2	5	1	3	6	2	1	3	9	7	6	24	16	1	2	4	2	6	3	7	4	1	0	1	0	0	2	2	0	2	0	6	1	1	0	0	2	2	1	0	3	1	1	0	2	0	1	0	4	1	0	2	2	2	2	1	1	2	3	7	37	99	14	19	37	0	26	9	5	5	1	1	4	4	4	2	3	5	1	1	6	1	2	3	4	6	1	2	1	3	1	5	3	3	6	6	3	1	1	1	4	4	7	6	5	4	3	2	2	1	3	2	6	3	1	6	0	2	2	1	0	0	2	1	2	1	0	2	1	2	0	3	2	1	0	0	1	0	1	0	1	1	2	1	4	0	2	0	1	1	3	3	1	0	4	2	3	1	2	0	1	0	2	1	2	0	0	0	0	0	1	0	1	0	0	0	0	0	0	1	0	0	0	1	0	1	0	0	0	2	0	1	0	0	0	0	0	1	0	2	0	1	0	0	0	0	0	0	0	0	1	1	0	1	0	0	0	0	0	0	0	0	0	0	0	0	1	1	0	0	0	0	0	1	0	0	0	0	0	0	0	0	1	0	0	0	0	0	0	0	1	0	0	0	0	0	1	0	0	0	0	0	0	0	0	0	0	0	1	0	2	0	0	0	1	0	0	0	0	0	0	0	0	0	0	0	0	0	0	1	0	0	0	0	0	1	0	0	0	0	0	0	0	0	0	0	1	0	0	0	0	0	0	1	0	0	0	0	0	0	0	0	0	1	0	0	0	0	1	0	0	0	0	0	0	0	1	0	2	0	0	0	1	0	0	0	0	1	0	0	0	1	1	0	0	1	0	0	0	0	0	0	0	0	0	0	0	0	0	0	0	0	0	0	0	0	1	0	0	0	0	0	0	0	0	0	0	0	1	0	0	1	0	0	0	1	0	0	0	0	0	0	0	0	1	0	0	0	0	1	0	0	0	0	0	0	0	0	0	0	0	0	0	1	0	1	0	1	0	0	1	0	0	0	1	0	0	0	0	0	0	0	0	0	0	0	0	0	0	0	1	0	0	1	0	0	0	0	0	0	1	0	0
0	0	0	0	0	0	0	0	1	1	1	1	3	1	2	4	0	1	3	0	1	0	0	1	0	1	2	1	0	4	0	3	1	3	3	3	7	12	3	2	1	4	3	5	2	2	0	1	0	0	2	0	2	0	2	1	2	0	0	0	2	1	1	0	0	2	0	0	1	2	1	0	0	1	1	1	1	1	3	1	0	0	0	1	3	5	20	11	3	10	7	26	0	37	4	7	3	1	4	1	3	0	2	3	1	3	4	3	3	0	4	0	4	2	1	2	0	1	1	4	0	2	2	0	2	1	2	1	3	1	4	4	1	1	1	1	0	0	5	2	4	2	1	3	5	2	0	0	1	0	0	0	0	2	1	0	0	1	3	0	2	0	1	0	0	2	3	1	0	1	2	3	2	3	1	2	1	2	0	0	3	1	1	2	1	0	2	2	2	0	0	1	0	0	0	0	0	2	0	0	0	0	0	1	1	1	0	2	0	1	1	0	0	0	0	1	0	0	0	0	2	0	0	0	0	0	0	1	0	2	0	0	1	0	0	0	0	1	1	0	2	0	0	0	1	0	0	1	1	0	0	1	0	0	0	0	0	0	0	0	0	0	0	0	0	0	1	0	0	0	0	0	0	0	0	0	0	0	0	0	0	0	0	0	0	0	0	0	0	0	0	0	0	0	0	0	0	1	0	0	0	0	0	0	0	0	1	1	0	0	0	0	0	0	2	0	0	0	0	0	1	0	0	0	0	0	0	0	1	0	0	0	1	0	1	1	0	0	1	0	0	0	0	0	0	0	0	0	1	0	1	1	0	0	0	0	1	0	1	0	0	0	0	0	0	0	0	0	0	1	0	0	0	1	0	0	0	0	0	0	2	1	0	0	1	0	0	0	0	1	0	2	0	0	0	0	0	0	0	0	0	0	1	1	0	0	0	0	1	0	1	0	0	0	1	0	0	0	0	0	0	1	0	0	1	0	0	2	0	0	0	0	0	0	0	0	0	0	0	0	0	0	0	0	0	0	0	2	0	0	0	0	1	0	1	0	0	1	0	1	0	0	0	2	0	0	0	0	0	0	0	1	0	0	0	0	0	0	0	0	0	0	0	0	0	0	1	0	0
0	0	0	0	0	0	0	2	0	1	0	1	3	5	2	2	1	1	4	4	1	1	2	1	1	1	4	3	6	10	2	1	2	5	13	7	5	6	7	0	1	3	2	1	3	4	2	2	1	1	0	0	0	2	3	0	2	2	0	0	0	0	1	1	0	3	1	2	0	3	0	1	0	0	2	2	4	1	1	2	1	0	0	0	4	4	7	9	7	4	3	9	37	0	19	9	4	4	2	1	4	0	1	5	1	1	1	4	3	2	4	2	1	0	1	2	2	0	1	1	5	1	1	2	0	2	0	2	1	2	2	2	2	3	3	1	1	1	3	4	1	2	1	2	1	1	1	1	0	1	0	1	2	3	3	0	2	1	1	1	2	1	1	0	0	1	1	2	0	0	1	0	2	2	0	1	2	0	1	2	2	3	4	3	2	1	4	2	3	0	0	1	0	0	0	0	0	0	0	0	1	0	0	0	0	0	0	0	1	0	0	0	1	0	2	1	1	1	0	0	2	1	0	0	0	0	0	0	0	0	0	0	0	0	2	1	1	0	1	2	0	0	1	0	0	0	2	0	0	0	1	1	1	1	0	0	2	0	0	0	0	0	0	0	0	0	1	1	0	0	0	1	0	0	0	0	1	1	0	0	0	0	0	0	0	0	0	0	0	0	1	0	0	0	0	0	0	0	0	0	0	0	0	0	0	0	0	0	0	0	0	0	0	0	0	0	0	1	0	1	1	0	1	0	0	0	3	0	1	0	0	0	0	3	0	0	0	0	0	1	1	2	0	0	1	0	0	0	0	0	0	0	0	0	0	0	0	0	0	0	0	0	0	0	0	0	0	0	0	0	1	0	0	0	0	0	0	0	0	0	0	1	0	1	0	0	0	0	0	0	0	0	0	0	1	0	0	2	0	0	0	0	0	0	0	0	0	0	0	0	0	0	0	0	0	0	0	0	0	0	0	0	0	0	1	0	0	0	0	0	0	0	0	0	1	0	0	0	0	0	0	0	0	2	0	1	0	0	0	0	0	1	0	0	0	1	0	0	0	0	2	0	1	0	0	0	1	0	0	0	0	0	0	0	0	0	0	0	0	0	0	0	0	1	0	0	0	0	0
0	0	0	0	0	0	0	0	0	0	0	3	4	3	2	6	4	3	2	4	3	0	3	2	2	3	3	3	11	10	7	3	2	7	16	10	4	5	5	1	1	0	3	2	2	5	3	3	1	1	1	0	0	5	0	2	3	1	1	1	1	1	2	0	1	4	2	1	0	1	2	0	1	0	6	4	6	1	2	0	1	0	2	0	1	3	5	6	5	3	7	5	4	19	0	24	10	5	4	6	14	5	4	5	1	3	0	3	2	6	8	4	3	1	1	2	0	2	2	1	0	6	3	2	2	2	3	1	3	3	7	2	1	0	0	0	1	2	2	3	1	1	7	4	3	2	4	2	0	1	1	0	3	1	2	0	2	2	3	0	0	0	1	0	3	0	1	0	1	1	0	2	2	1	1	0	6	2	2	3	2	3	0	3	5	1	2	0	1	1	0	0	0	1	1	0	0	0	0	0	0	0	0	0	1	0	0	0	1	0	1	2	4	2	0	1	2	2	0	1	0	2	0	0	0	1	0	0	0	1	0	1	1	0	1	1	3	0	1	1	2	0	1	1	0	0	0	1	0	0	0	0	0	0	0	1	0	0	0	1	1	0	0	1	0	1	0	0	0	0	0	0	0	2	2	0	0	0	0	0	0	0	0	0	0	0	0	0	0	0	1	0	0	0	1	0	0	1	0	1	0	0	0	0	2	0	0	0	0	0	0	0	0	0	0	0	0	0	0	1	0	0	1	1	0	0	1	1	0	0	0	0	1	0	1	0	1	0	0	1	1	0	0	0	0	2	0	0	0	0	0	0	0	0	0	0	0	0	0	0	1	0	1	0	0	0	0	0	0	0	1	1	1	0	1	0	0	0	0	0	0	1	1	0	1	1	1	1	0	0	0	0	1	0	0	1	0	0	0	0	0	0	1	0	0	0	0	0	0	0	0	0	0	0	1	0	0	0	1	0	1	0	1	0	0	0	0	1	0	0	1	0	0	0	0	0	0	0	0	0	2	0	0	0	0	1	0	1	0	1	0	0	1	0	0	1	0	0	0	0	0	0	0	0	0	0	0	0	1	0	1	0	0	0	0	0	0	0	0	0	0	0	1	0	0	1	0	0	0
0	0	0	0	0	0	0	0	0	0	1	1	5	4	11	3	5	2	2	1	4	1	1	7	3	5	3	6	11	5	3	2	4	3	7	3	3	2	3	0	1	2	0	3	2	5	2	0	1	6	0	1	2	2	1	6	3	1	2	0	1	1	1	5	2	2	2	1	2	0	0	1	0	0	0	2	0	0	1	1	2	0	0	1	2	2	2	6	4	4	3	5	7	9	24	0	39	9	8	9	8	3	5	0	4	3	2	3	5	0	5	3	3	2	3	2	1	2	0	1	1	5	2	2	1	1	1	0	0	0	2	0	0	0	0	0	1	0	2	1	2	0	1	4	2	2	1	1	0	0	2	1	3	0	0	0	3	0	2	0	0	1	1	1	1	1	0	0	1	4	1	1	0	2	1	2	0	2	2	3	3	3	4	2	2	0	2	1	0	0	0	0	1	0	0	0	1	0	0	1	0	0	0	1	0	0	0	1	1	0	0	2	3	1	1	0	0	1	2	1	1	0	0	2	0	3	0	1	0	1	0	3	0	0	1	0	0	1	1	0	0	0	1	1	0	0	0	0	1	0	0	0	2	1	0	1	0	1	0	0	0	2	1	2	0	0	0	0	1	0	0	1	0	0	1	0	0	0	0	2	0	0	0	0	0	0	1	1	0	0	1	0	0	0	0	1	0	2	0	0	1	0	0	0	0	0	0	1	1	0	0	1	0	0	1	0	0	0	0	1	0	0	0	0	0	0	0	0	0	1	0	1	0	1	0	0	0	0	0	1	0	1	0	0	0	0	0	0	1	1	0	0	0	0	0	0	0	0	0	0	0	0	0	0	0	1	0	0	0	1	0	0	0	0	0	0	0	0	0	1	0	0	0	0	0	1	0	0	0	2	0	1	0	0	0	0	1	0	1	0	0	0	0	0	0	1	0	0	0	0	0	0	0	0	0	2	1	0	0	0	0	1	0	1	0	1	0	1	1	1	1	0	0	0	0	1	0	0	0	0	0	0	1	0	0	0	0	0	0	0	0	1	0	0	0	0	1	0	2	1	0	0	0	0	0	0	0	0	1	0	0	1	0	0	0	1	0	0	0	0	0	0	0	0	0	0	0	0	0
0	0	0	0	0	0	0	0	1	0	2	1	6	11	22	16	9	7	5	4	3	2	3	2	2	5	1	4	4	1	2	2	3	4	5	5	0	3	1	0	1	1	1	1	2	4	3	4	4	2	1	2	1	3	1	4	2	1	3	0	3	3	7	4	1	0	0	1	2	0	2	0	0	2	3	3	5	0	3	0	1	1	2	0	1	1	0	2	1	2	4	1	3	4	10	39	0	20	8	10	9	6	4	6	3	4	2	7	3	4	11	12	2	3	7	2	0	2	3	0	1	3	1	0	0	2	0	0	0	0	4	2	0	0	3	1	1	1	0	0	1	4	2	1	4	1	1	1	0	0	1	0	0	2	0	2	0	1	2	1	0	0	1	0	0	2	0	2	2	0	3	1	1	1	2	0	2	3	0	3	5	0	2	0	1	0	0	3	1	0	0	0	0	0	1	0	0	0	0	1	0	0	0	1	1	0	0	0	0	1	0	0	1	0	1	0	2	1	1	1	0	0	0	0	2	0	0	1	0	0	0	0	0	2	0	0	0	0	1	0	2	1	0	1	0	0	0	0	0	1	0	0	0	0	0	0	0	1	0	0	1	1	2	0	0	0	1	0	0	0	1	0	0	1	1	0	0	0	0	0	0	0	0	0	0	0	2	0	0	1	0	0	0	0	1	0	0	1	0	0	0	1	0	0	0	0	1	0	2	0	0	1	1	0	0	0	1	0	1	0	1	0	1	0	0	0	0	0	1	0	0	0	0	0	1	0	0	1	0	0	0	1	0	0	0	0	0	1	0	0	0	0	0	0	0	0	0	2	0	0	0	0	0	0	0	0	0	0	1	0	0	0	0	0	0	0	2	1	0	0	0	0	0	1	1	0	2	0	0	0	0	0	1	0	0	0	0	0	0	0	1	0	0	0	0	0	0	0	0	0	0	0	1	1	0	1	0	0	0	1	0	1	0	1	0	0	0	1	0	2	1	1	0	0	0	0	0	0	0	0	1	0	0	0	0	1	0	1	0	0	0	1	0	1	0	0	0	0	0	0	0	0	0	0	0	0	0	1	0	1	0	0	0	0	0	0	0	0	0	0	0	0	0	0	0	0	0	1	1
0	0	0	0	0	0	0	1	4	5	0	4	15	12	7	9	19	5	5	19	4	5	11	5	4	4	6	2	4	3	3	2	4	4	4	5	5	3	1	4	0	0	2	2	2	3	5	2	7	1	3	1	1	3	2	12	12	10	7	5	8	8	8	7	5	2	1	2	0	0	2	2	0	1	2	4	5	0	1	0	0	0	1	0	1	2	2	3	2	0	4	1	1	4	5	9	20	0	28	14	11	16	5	5	7	1	2	1	5	6	8	7	5	2	5	3	2	0	2	4	3	4	1	1	1	3	1	1	0	0	1	1	1	0	0	1	0	1	1	2	0	1	0	1	1	1	3	1	1	0	0	1	0	2	0	3	2	0	0	0	1	2	0	0	0	0	1	0	2	0	2	2	3	2	1	2	1	2	4	2	1	2	3	3	1	0	1	0	0	0	0	1	0	0	0	0	1	0	0	0	0	0	1	0	0	0	1	0	0	1	0	1	1	0	2	0	1	0	3	2	0	0	2	0	0	0	1	0	1	0	2	1	3	1	0	1	0	0	0	1	0	1	0	2	0	1	2	0	0	0	0	0	0	0	1	1	1	0	0	0	0	0	1	1	0	0	0	0	0	0	0	0	0	0	0	0	0	0	0	0	1	0	1	0	0	0	2	0	0	1	0	0	0	0	0	0	1	0	0	0	0	0	1	0	0	1	0	0	0	0	0	0	0	0	0	0	0	0	0	0	0	0	0	0	0	0	1	0	0	1	0	0	1	0	1	2	1	1	0	0	1	0	0	1	0	0	0	2	0	1	0	0	1	0	0	0	0	0	0	0	0	0	0	0	0	0	0	0	1	0	0	2	1	0	0	1	1	0	0	0	0	1	1	0	0	0	1	0	0	0	0	1	0	0	0	1	0	0	0	0	0	0	0	1	0	0	0	0	1	1	1	1	0	0	0	0	0	0	0	1	0	0	0	0	0	1	0	0	0	0	0	0	0	2	0	0	0	0	0	0	0	0	0	0	0	0	0	0	0	0	0	0	2	0	0	1	0	1	0	0	0	0	0	1	1	1	0	0	0	1	1	0	1	0	0	0	0	1	0	0	1	0	0	1	1	0	1	0	0
0	0	0	0	0	0	0	0	0	5	0	4	9	5	2	4	16	15	25	63	12	4	10	7	6	10	7	11	9	4	7	2	1	3	3	5	1	2	4	0	0	1	0	0	2	2	4	3	5	0	0	2	5	4	2	7	12	12	0	5	7	13	18	9	9	4	0	4	0	2	3	1	4	2	4	12	3	5	3	0	0	0	1	1	2	1	2	3	4	2	1	4	4	2	4	8	8	28	0	61	43	59	12	5	3	8	3	1	8	3	10	8	4	1	1	5	3	1	1	1	3	4	5	2	3	1	0	0	2	3	2	0	1	0	1	0	1	0	1	0	3	1	3	1	4	4	2	1	2	1	1	0	3	3	2	4	5	4	1	0	0	2	4	3	1	1	1	2	0	0	3	4	3	2	6	3	1	4	4	4	5	5	4	0	4	3	2	0	0	1	2	0	0	0	0	0	0	0	0	1	0	1	0	1	0	1	0	1	1	0	1	0	2	0	5	1	0	1	4	2	0	0	1	0	0	0	2	0	0	1	1	0	1	0	0	1	0	0	0	0	0	0	0	0	1	0	1	0	0	0	0	1	0	0	1	1	1	0	0	0	0	0	0	0	0	0	0	1	0	0	1	0	0	0	0	0	0	0	0	0	0	3	1	0	0	1	0	0	0	0	0	0	1	0	0	0	0	0	0	0	1	0	0	0	0	0	0	0	0	0	0	2	1	0	0	0	0	0	0	0	0	1	0	1	0	1	0	0	0	0	0	0	2	1	0	0	0	0	0	1	0	0	0	1	0	0	1	0	0	1	0	1	0	0	0	0	1	0	0	0	0	0	0	0	0	0	0	2	0	2	1	0	0	0	0	0	0	1	1	0	2	1	2	0	1	1	2	0	0	1	1	0	0	0	0	0	1	0	0	0	0	1	0	0	0	0	0	1	0	0	0	0	1	0	1	0	2	0	1	0	0	0	1	0	0	0	0	2	1	0	1	0	0	0	1	0	0	0	0	0	0	1	0	0	0	0	0	0	0	1	0	0	1	0	0	2	0	0	0	0	1	1	0	0	0	1	0	1	0	1	0	0	0	0	0	0	0	0	1	0	0	0	0	0	0	0	0	0	0
0	0	0	0	0	0	0	0	1	3	3	4	6	10	3	8	8	7	19	46	11	5	7	13	12	13	17	11	20	4	2	4	8	7	7	3	4	1	0	1	1	0	1	1	5	2	2	1	1	2	0	1	1	3	0	4	5	6	1	5	6	7	9	3	3	1	4	1	4	0	0	2	1	1	1	3	8	1	2	1	0	0	1	1	2	0	0	5	1	1	0	4	1	1	6	9	10	14	61	0	129	43	17	5	2	2	4	3	7	2	5	4	4	1	5	2	2	3	3	3	0	3	4	0	7	1	2	1	0	0	4	2	0	3	1	1	0	0	3	1	5	0	0	0	1	4	0	0	2	1	0	1	1	2	2	2	4	1	1	1	2	0	1	1	1	1	1	0	1	6	1	2	2	1	4	1	3	2	5	8	9	4	1	4	5	1	6	1	1	2	0	0	0	0	0	0	0	0	0	0	1	1	0	1	2	1	0	1	0	0	0	2	0	1	0	1	0	0	0	2	0	0	0	0	1	1	2	0	0	1	0	1	0	0	0	0	1	0	0	0	0	0	0	1	1	1	1	1	0	0	1	1	1	0	0	1	0	0	0	0	1	0	0	0	1	0	0	1	1	0	0	2	3	0	2	1	0	0	0	0	0	0	0	1	1	0	0	0	0	0	0	1	0	0	0	0	0	0	1	2	0	1	0	0	0	0	0	0	0	0	0	0	1	0	0	0	0	0	0	0	0	0	1	1	0	0	0	0	0	0	0	2	0	1	1	0	1	0	0	0	0	0	0	0	2	0	0	2	0	0	1	1	0	0	0	0	0	0	0	1	0	0	0	0	0	0	0	0	0	0	1	0	0	0	1	2	2	1	1	0	0	0	0	0	0	0	0	0	0	0	1	0	1	0	0	0	0	0	1	1	0	0	0	1	0	0	0	0	1	0	0	0	0	1	0	0	0	0	0	0	0	0	0	0	0	1	2	0	1	0	1	0	0	0	0	0	0	0	0	0	1	0	1	0	0	0	0	0	1	0	1	0	0	3	2	0	1	0	1	0	0	1	0	0	0	0	1	1	1	0	0	0	0	0	0	0	0	0	0	1	0	0	0	0	0	0	0	0	0
0	0	0	0	0	0	0	1	0	1	2	1	3	5	2	3	5	22	26	24	6	3	8	4	8	10	13	13	23	15	3	3	7	9	10	5	6	7	4	0	0	3	2	4	0	6	1	1	4	1	2	1	0	2	1	3	3	10	6	3	7	7	3	4	3	1	0	8	0	1	0	0	0	1	4	10	3	4	3	0	2	0	0	3	1	2	0	1	4	2	1	4	3	4	14	8	9	11	43	129	0	38	21	1	2	5	2	2	11	9	14	4	2	1	0	6	2	2	5	0	4	6	2	4	0	0	1	2	1	3	6	1	2	2	0	0	1	2	1	6	1	2	4	2	4	4	5	1	2	0	4	0	2	3	2	3	4	1	0	1	2	4	0	0	2	2	1	1	3	0	2	1	2	1	5	3	10	6	8	9	2	5	0	3	1	3	1	2	2	1	0	0	1	0	1	0	0	0	1	0	1	0	0	0	0	1	0	0	1	1	1	0	0	3	3	1	0	2	0	2	0	0	1	1	3	0	0	0	0	0	1	2	0	1	1	1	1	0	0	0	1	0	1	0	0	2	0	0	0	0	0	1	1	0	0	1	0	0	0	0	2	0	0	1	0	0	0	1	0	1	0	0	0	0	0	0	1	0	0	0	0	0	0	1	0	1	0	0	0	0	0	0	0	0	0	0	0	0	0	1	1	0	1	0	0	0	0	0	1	1	1	0	0	0	1	0	0	0	0	0	1	1	1	0	1	0	1	1	0	2	0	0	1	1	1	1	2	3	0	0	2	2	1	1	0	0	0	0	0	0	0	0	0	1	1	0	0	0	0	0	0	1	0	0	0	1	0	0	1	1	1	0	0	0	0	0	0	1	0	0	0	0	0	0	0	0	1	1	0	0	0	0	0	0	1	0	0	1	1	0	0	1	0	0	1	1	0	0	1	0	0	0	0	1	1	1	1	1	0	1	0	0	0	0	0	0	0	1	0	0	1	0	1	0	0	0	0	1	0	0	0	0	0	0	0	0	1	1	1	2	1	0	0	0	1	1	0	0	0	0	0	0	0	0	0	1	0	0	0	1	0	0	0	0	0	1	1	2	0	0	0	1	0	0	0	1	0	0	0
0	0	0	0	0	0	0	2	1	5	4	1	8	6	6	2	17	32	155	36	11	13	11	14	11	3	8	12	17	3	2	5	6	7	10	4	5	2	0	1	1	0	0	2	4	2	8	0	3	0	1	1	1	0	1	8	5	10	3	5	14	12	15	16	7	8	4	3	2	8	0	1	3	1	4	6	5	3	2	0	1	5	3	1	2	0	1	3	3	4	2	2	0	0	5	3	6	16	59	43	38	0	57	9	4	2	7	7	12	20	13	4	3	5	5	8	1	2	4	7	7	4	3	2	3	0	0	1	1	0	0	3	1	0	1	3	2	0	3	1	1	2	3	4	7	1	2	0	3	2	0	3	1	0	4	6	4	3	3	3	1	1	1	3	2	2	1	0	1	1	3	2	1	3	6	3	8	7	7	8	5	6	1	1	1	1	3	1	0	0	0	0	1	0	0	0	0	0	1	0	0	0	0	0	0	0	0	1	1	0	0	1	0	1	1	1	2	3	1	1	0	0	3	1	0	1	0	0	0	1	2	0	2	1	1	2	1	1	0	0	1	0	0	0	1	0	0	1	0	0	0	0	0	0	0	0	0	0	1	1	2	0	1	1	0	0	1	1	1	0	1	0	1	0	0	0	0	0	0	0	0	1	0	0	0	0	0	1	1	0	0	0	0	1	0	0	0	0	0	0	0	0	0	0	0	1	0	0	0	0	0	0	0	0	0	0	2	0	1	0	0	0	0	0	1	0	2	0	1	0	0	0	1	1	0	0	1	0	1	2	1	1	0	0	0	0	0	0	0	0	0	0	0	1	1	1	0	0	0	1	1	0	0	0	0	0	0	0	0	0	0	0	0	0	0	0	0	0	0	1	1	3	0	0	1	0	2	0	1	0	0	1	1	1	0	0	0	0	0	1	0	1	0	0	0	0	0	1	0	0	0	0	0	0	1	0	1	1	1	1	0	0	1	0	0	0	0	0	0	0	0	0	0	1	0	0	0	0	0	1	0	0	0	1	0	0	0	0	1	1	1	0	0	1	1	1	1	2	0	1	0	0	0	1	1	0	0	0	0	0	0	0	0	0	2	0	0	0	0	0	0	1	0	0	0	0	0	0	0
0	0	0	0	0	0	0	0	2	8	6	8	7	7	8	4	14	252	96	13	11	10	12	10	2	3	5	5	13	5	11	5	6	6	8	4	6	1	3	0	0	1	1	2	2	3	3	3	2	4	1	0	2	2	1	2	8	16	6	6	7	3	12	19	7	9	1	9	5	3	3	3	3	7	11	14	11	3	0	3	0	2	2	1	3	0	2	5	2	0	0	3	2	1	4	5	4	5	12	17	21	57	0	15	3	3	3	6	38	67	28	10	4	4	9	11	5	0	3	9	9	5	2	1	4	4	1	1	1	3	2	0	2	2	1	1	1	0	1	3	0	2	2	1	5	1	1	1	1	0	0	2	1	3	3	1	5	0	6	1	0	3	1	1	0	2	3	4	2	1	3	2	3	4	3	5	6	8	8	5	1	7	2	2	1	1	3	0	2	1	0	1	0	0	0	0	0	0	0	0	0	2	0	0	0	0	0	0	3	0	0	1	0	0	1	1	0	0	0	0	1	1	0	0	1	1	1	1	2	0	0	1	0	0	0	2	0	1	1	1	1	0	0	0	0	0	1	0	0	1	0	0	0	0	0	0	2	0	0	0	0	0	0	0	2	1	1	1	0	0	0	0	0	0	0	0	0	2	0	0	1	0	0	0	0	0	0	0	0	0	0	0	0	0	0	0	0	0	0	0	1	1	0	0	1	0	0	0	0	0	0	0	0	2	1	0	0	0	1	0	0	0	0	0	0	0	2	0	0	0	1	0	0	0	0	1	0	2	0	0	1	1	1	0	0	0	0	1	1	0	0	0	0	0	0	0	0	1	0	0	0	0	0	0	0	0	0	1	0	0	2	0	0	1	0	1	0	0	1	2	1	0	1	1	0	0	2	2	1	2	0	0	1	0	0	0	0	1	0	0	1	1	0	0	1	0	1	0	1	0	0	1	0	1	0	0	0	0	0	0	0	1	0	0	0	0	1	0	0	0	0	0	0	1	0	0	1	0	2	0	0	0	0	0	0	0	0	0	0	0	0	0	0	0	2	0	0	1	0	0	0	0	0	1	0	0	0	0	0	0	1	0	0	0	0	0	1	0	0	0	0	0	1	0	1	0	0	0	1
0	0	0	0	0	0	0	4	2	1	2	15	2	4	4	1	14	22	8	3	4	3	4	4	2	3	2	3	2	2	9	5	7	4	5	6	3	1	2	2	5	2	3	9	4	3	6	3	2	1	2	0	1	3	2	9	4	8	7	2	2	3	5	8	15	5	6	7	6	6	6	1	1	3	6	12	4	3	2	3	3	4	1	1	3	1	0	4	4	1	1	5	3	5	5	0	6	5	5	5	1	9	15	0	14	22	28	26	41	76	35	20	16	6	8	47	22	6	8	13	6	14	7	4	5	4	4	4	4	3	1	0	1	1	2	0	0	0	2	2	0	0	1	2	2	1	2	1	0	1	0	1	0	0	1	2	1	2	0	0	0	2	1	0	4	3	2	2	0	2	2	4	2	1	3	5	4	2	6	4	6	3	0	2	1	0	2	0	3	2	1	1	1	0	0	1	0	0	0	0	0	0	1	2	0	1	0	0	0	0	0	1	1	1	0	2	3	2	3	0	1	0	0	0	0	1	2	0	0	2	1	0	0	0	0	1	0	0	0	0	1	0	0	1	1	0	0	0	1	1	0	0	2	1	1	0	0	0	0	0	0	0	0	0	0	0	0	1	0	0	0	0	0	0	0	0	0	0	1	0	0	0	0	1	1	0	0	0	1	0	0	0	1	1	0	0	0	0	1	0	0	0	0	0	0	0	0	0	0	0	1	0	0	0	0	0	0	0	1	0	0	0	1	0	0	0	1	1	1	1	0	1	0	0	0	0	1	1	1	0	1	1	0	0	0	0	0	0	1	0	0	1	0	1	0	0	0	0	0	0	0	0	0	0	0	0	0	1	1	0	0	0	0	0	0	0	0	0	1	0	0	0	1	0	0	1	1	0	1	1	0	0	0	0	0	0	0	1	0	0	1	0	0	0	0	1	0	0	0	0	0	1	1	2	1	0	0	0	0	0	0	0	1	0	0	0	0	0	0	1	0	0	0	1	0	0	0	0	0	0	0	0	0	0	1	0	0	0	0	0	0	0	0	0	0	1	0	0	0	0	0	0	0	0	1	0	0	0	0	1	0	0	0	0	0	0	1	0	1	0	0	1	0	0	1	0	0	0	0
0	0	0	0	0	0	0	5	4	8	13	11	5	3	1	3	8	4	5	2	5	2	2	2	0	2	0	1	0	2	1	1	2	3	0	1	2	1	4	13	1	4	0	6	8	5	4	5	5	0	2	1	1	3	6	3	2	2	4	0	3	5	5	1	13	4	5	0	2	6	3	5	6	4	3	8	3	5	2	6	7	4	2	1	2	2	1	2	15	2	3	1	1	1	1	4	3	7	3	2	2	4	3	14	0	2994	27	8	8	14	9	11	9	18	8	27	220	14	13	6	4	1	7	9	11	2	4	1	2	3	2	1	1	0	1	0	2	0	1	0	1	3	0	1	1	1	1	0	1	0	0	1	2	1	3	1	2	1	1	1	0	1	0	1	0	1	1	3	0	0	0	0	2	2	2	1	4	2	0	2	0	2	0	0	1	3	0	0	1	1	0	0	0	0	0	0	0	1	0	0	0	0	0	0	0	1	0	0	0	0	1	0	0	1	0	1	1	2	0	0	0	0	0	0	0	0	0	0	2	0	0	2	1	0	2	0	0	0	0	1	0	0	2	0	0	0	0	0	0	0	0	0	0	0	0	0	0	0	0	0	0	1	0	0	0	1	0	0	0	0	0	0	0	0	0	0	0	0	0	0	0	0	0	0	0	0	0	0	0	0	1	0	0	0	0	0	0	0	0	0	0	0	0	0	0	0	0	0	0	0	1	0	0	0	0	1	0	0	0	0	0	0	1	0	0	0	0	2	0	0	1	0	2	1	0	0	0	0	0	1	0	0	1	0	0	0	0	0	0	0	0	0	0	0	0	0	0	0	0	0	0	0	1	0	0	0	0	0	0	0	0	0	0	1	0	0	0	0	0	0	0	0	0	1	0	0	0	0	2	1	0	0	0	0	0	0	0	2	0	0	0	0	0	1	0	0	0	0	1	0	0	0	2	0	0	0	0	0	0	0	0	0	0	0	0	1	0	0	0	0	0	0	0	1	0	0	0	0	0	0	0	0	0	0	1	0	0	0	0	0	0	0	1	0	0	0	0	0	0	0	0	0	0	1	0	0	0	0	0	0	0	0	0	0	0	0	0	0	0	0	0	1	0	0	0	0	0	1	0
0	0	0	0	0	0	0	2	10	7	10	13	5	1	3	3	2	1	4	5	1	3	1	0	1	1	1	2	3	1	1	1	3	3	5	6	6	1	2	8	2	1	5	5	9	1	1	3	2	2	3	1	1	4	1	3	2	2	5	5	3	4	5	7	6	8	5	7	5	7	5	5	6	3	6	3	9	6	6	4	4	6	4	1	2	0	0	2	8	1	2	1	3	1	3	3	4	1	8	2	5	2	3	22	2994	0	25	14	7	10	11	12	16	13	5	28	256	19	12	10	1	4	9	17	15	6	2	3	5	7	2	2	3	1	1	2	0	4	2	3	1	2	2	1	1	1	0	0	0	0	0	2	0	0	3	0	0	2	0	0	0	1	0	1	2	0	0	0	1	1	1	4	2	6	3	2	2	3	2	2	0	1	1	0	0	1	0	0	1	0	0	0	1	1	0	0	0	0	0	1	0	0	0	1	0	0	0	0	1	0	0	0	1	0	1	1	0	1	0	0	1	1	0	1	0	0	0	0	0	0	0	0	0	1	1	2	0	0	0	0	0	0	0	0	0	0	0	0	0	0	0	0	0	0	0	0	0	0	0	0	0	0	0	0	0	0	0	1	0	0	0	0	0	0	0	0	0	0	0	0	0	0	1	0	0	0	0	0	0	0	0	1	0	0	0	0	1	0	1	0	0	1	0	0	0	0	0	0	0	0	0	1	0	0	0	0	1	1	0	1	0	0	0	1	0	1	0	0	0	0	0	1	0	0	0	0	1	0	0	1	0	1	0	0	0	0	0	1	0	0	0	0	0	0	1	0	0	1	0	0	0	0	0	1	0	0	0	0	0	1	0	0	0	0	0	0	1	1	0	0	0	0	0	0	0	0	0	0	0	0	0	0	0	0	0	0	0	0	1	0	0	0	0	0	0	0	0	0	0	0	0	0	1	0	0	1	0	0	0	0	1	1	0	0	1	0	0	0	0	0	0	0	2	1	0	0	0	0	0	0	1	0	0	0	0	1	0	0	0	0	1	1	0	1	0	0	0	0	0	0	0	1	0	0	0	0	0	0	0	0	0	0	0	1	1	1	0	0	0	0	0	0	0	0	0	0	0	0	0
0	0	0	0	0	0	0	4	1	3	5	4	4	4	1	6	3	4	2	3	1	1	2	2	1	3	2	4	4	3	2	4	1	0	2	9	7	0	21	15	3	7	4	43	11	11	3	3	2	2	2	1	1	2	1	0	3	2	4	2	2	3	3	6	3	3	7	1	3	3	4	3	2	3	9	9	6	5	1	2	2	3	0	2	6	3	2	5	20	16	3	6	4	1	0	2	2	2	3	4	2	7	3	28	27	25	0	55	13	5	5	7	14	8	7	14	14	12	10	10	12	8	14	16	7	5	3	4	4	4	5	2	4	0	1	1	0	0	3	5	2	1	1	1	1	0	1	0	1	0	2	0	0	4	0	2	1	1	1	1	1	1	1	1	0	2	0	1	3	1	1	0	3	1	3	3	4	3	5	2	2	1	0	1	1	2	0	0	0	0	3	0	0	0	0	0	0	0	0	0	0	0	0	2	0	0	1	1	1	0	1	1	1	0	0	2	1	0	2	1	0	0	0	0	1	0	2	2	0	0	0	1	0	0	1	1	1	0	0	1	0	0	0	0	1	0	1	1	0	0	0	0	0	0	0	0	0	0	0	0	0	0	0	0	1	0	0	2	0	1	0	0	1	0	1	0	1	0	0	0	0	1	0	0	0	0	0	0	0	0	1	0	1	0	0	1	1	0	1	0	0	1	0	0	0	0	0	0	0	1	0	0	0	1	0	0	0	0	0	0	1	0	0	1	0	1	0	0	2	0	0	1	1	0	1	0	1	1	3	0	0	0	1	0	0	3	0	0	1	0	0	0	1	0	0	0	0	0	0	0	1	1	0	0	0	0	0	0	0	0	0	0	0	1	0	0	0	0	0	0	1	0	1	0	0	0	0	0	0	1	0	0	0	0	0	0	0	0	0	0	0	0	0	0	0	0	0	0	0	0	1	0	0	0	0	1	0	0	0	0	0	1	1	0	0	0	1	0	0	0	0	0	0	0	0	0	0	0	0	0	0	0	0	0	0	0	0	0	0	0	0	0	0	0	0	0	2	0	0	0	0	0	0	0	0	0	0	0	0	0	0	0	0	0	1	0	0	0	0	0	0	0	0	0	0	0	0	0	0
0	0	0	0	0	0	0	0	1	5	3	8	3	5	2	4	8	4	3	1	2	5	1	1	5	0	5	4	0	3	7	4	2	4	4	10	5	3	11	12	6	1	9	24	12	14	7	4	5	3	1	2	2	3	5	6	3	2	4	2	0	1	3	6	4	1	4	4	3	4	2	2	1	1	3	9	5	2	6	1	1	7	2	1	4	6	1	5	19	5	9	1	3	4	3	3	7	1	1	3	2	7	6	26	8	14	55	0	37	10	29	26	11	1	11	11	9	3	6	5	7	8	10	8	4	3	1	4	2	4	5	1	3	5	0	0	0	1	2	3	3	0	3	1	1	1	1	0	1	1	0	0	0	1	3	3	1	1	0	0	4	0	0	1	2	3	3	1	0	3	2	2	1	3	4	2	1	3	1	1	4	1	0	0	2	0	1	1	0	1	1	0	0	0	0	0	0	1	1	1	0	0	0	1	0	0	0	1	0	1	0	1	1	1	3	0	0	4	1	0	2	1	1	0	1	1	0	0	2	0	1	1	1	1	2	1	0	0	0	0	0	0	0	0	1	0	1	0	0	1	0	0	0	0	1	0	0	0	0	0	0	1	0	0	0	0	0	0	1	0	0	0	1	0	0	0	0	0	0	0	1	0	1	0	1	1	0	0	0	0	0	0	0	2	0	1	3	1	0	1	0	1	0	2	0	1	1	0	0	0	0	0	0	0	0	0	0	0	0	0	1	0	0	0	0	2	1	0	0	0	0	0	0	0	0	1	0	1	0	0	1	1	0	0	0	0	0	0	0	0	0	0	0	0	0	1	0	0	0	0	1	0	0	0	0	0	0	0	0	0	0	0	0	1	0	0	0	0	0	0	0	1	0	0	0	0	0	0	1	0	0	0	0	0	0	0	0	0	3	1	0	0	1	0	1	0	0	0	0	1	0	0	0	0	0	1	1	1	0	0	0	0	0	0	1	1	2	0	0	1	0	0	1	1	0	0	0	0	0	0	0	1	0	0	0	1	1	0	0	1	0	0	0	0	1	0	0	0	0	1	1	0	0	0	0	0	0	1	1	0	0	0	1	0	0	1	0	0	0	0	0	1	0	1	1	0	0	0	0
0	0	0	0	0	0	0	1	1	3	3	9	11	4	5	6	14	29	10	3	6	4	3	0	2	3	5	6	7	1	10	5	5	7	8	14	8	5	11	4	1	4	2	5	5	2	7	4	0	6	3	2	2	1	5	5	5	8	5	7	4	3	10	10	12	2	3	1	1	1	1	3	2	2	11	7	6	7	3	3	1	3	3	0	2	5	2	9	2	4	1	2	3	3	2	5	3	5	8	7	11	12	38	41	8	7	13	37	0	52	253	28	12	2	10	17	7	5	5	8	7	7	6	4	3	3	1	1	6	2	2	2	0	1	0	1	1	2	1	2	4	2	1	2	4	1	0	1	1	0	0	2	3	3	1	1	2	3	1	1	4	3	0	2	2	4	3	2	2	3	3	0	4	1	3	4	5	4	4	0	1	1	2	0	3	4	1	4	1	1	2	0	0	0	0	0	0	2	0	0	0	0	0	0	0	0	1	0	2	0	0	0	1	0	0	5	1	1	1	3	0	2	1	0	1	1	2	0	1	1	1	1	1	0	0	0	1	1	2	1	0	0	0	0	2	0	0	1	0	0	0	0	0	0	0	0	0	1	0	0	1	0	0	1	0	0	1	0	0	0	0	0	0	0	0	0	0	0	0	0	0	0	0	0	0	0	1	0	0	0	0	0	0	0	0	0	0	0	1	1	2	0	0	0	0	0	0	0	0	0	0	0	0	0	1	0	0	0	0	0	1	0	0	0	0	0	0	1	0	0	0	0	1	2	0	0	1	1	1	2	1	1	1	2	0	0	0	0	0	0	0	0	0	0	0	0	0	1	0	0	0	0	0	0	2	0	0	0	0	0	0	1	0	0	0	0	1	1	0	0	0	2	0	0	0	1	0	2	1	0	0	0	0	0	0	1	0	0	0	0	0	0	0	0	0	0	1	0	0	0	0	0	2	0	0	0	1	1	0	0	1	0	0	0	0	0	0	1	0	1	0	0	1	0	0	0	0	0	0	0	0	0	0	0	0	0	0	0	0	0	0	0	0	0	1	1	0	0	0	1	0	0	0	1	0	0	0	1	0	0	0	0	0	0	0	0	0	0	0	0	0	0	0	0	0	0	0	0	0
0	0	0	0	0	0	0	1	7	9	2	11	8	3	2	7	14	74	18	5	6	4	3	1	1	5	0	5	6	1	13	4	7	3	3	7	5	4	5	2	1	1	2	7	1	3	5	0	1	1	1	1	1	5	5	7	10	7	5	7	7	1	13	14	17	9	7	9	6	8	2	5	4	6	8	17	12	3	6	1	3	3	3	1	4	2	5	1	6	6	1	3	0	2	6	0	4	6	3	2	9	20	67	76	14	10	5	10	52	0	30	13	7	3	3	16	6	4	7	9	9	10	5	4	2	3	1	1	2	2	4	1	2	3	0	1	2	1	3	0	3	4	2	1	1	0	1	0	1	0	1	0	2	1	2	5	3	1	1	1	0	0	3	1	3	3	2	2	1	4	2	7	3	5	4	0	2	5	8	8	2	5	3	1	0	0	1	1	0	0	0	0	0	0	0	0	1	0	1	0	1	0	0	0	0	0	1	0	0	1	1	0	2	1	1	2	0	0	1	2	0	2	0	0	1	1	0	1	1	1	1	0	1	0	0	0	0	0	0	0	0	1	0	0	1	1	0	1	2	0	1	0	0	0	0	2	1	0	0	1	0	1	0	0	1	2	0	1	0	0	0	0	1	0	0	0	0	0	0	0	0	0	0	1	0	1	0	0	0	0	0	0	0	2	1	1	0	0	0	1	0	1	1	1	0	0	2	1	0	0	0	1	1	0	0	0	0	1	0	1	0	2	1	0	0	0	0	0	0	0	0	0	0	2	0	0	1	1	0	1	1	1	1	1	0	0	1	0	0	0	0	0	0	0	0	1	0	0	0	0	1	0	0	0	0	0	0	0	0	0	0	0	0	0	0	0	0	0	0	0	0	0	1	0	0	0	0	1	1	0	0	0	0	1	0	0	0	0	0	0	0	0	0	0	0	0	0	0	1	0	0	0	0	1	0	0	1	0	0	0	0	1	0	1	0	0	0	0	0	0	0	1	1	0	0	1	0	0	0	0	0	1	0	0	0	1	0	0	0	0	0	0	0	0	0	0	1	1	0	1	0	0	0	0	0	0	0	1	0	0	0	0	0	0	0	0	0	1	2	0	1	0	0	0	0	0	0	0	0
0	0	0	0	0	0	0	3	1	8	3	4	8	10	5	9	26	23	16	8	3	4	3	3	5	1	5	7	5	2	8	7	5	2	8	11	5	1	1	5	3	0	2	7	7	4	7	3	5	4	3	1	2	2	4	7	7	4	2	3	2	7	6	3	3	8	6	4	2	6	2	3	1	2	5	12	4	1	2	3	1	0	1	0	0	3	7	4	2	5	2	4	4	4	8	5	11	8	10	5	14	13	28	35	9	11	5	29	253	30	0	48	7	8	9	12	5	0	6	5	3	9	5	7	2	4	2	0	3	6	3	1	2	2	0	3	3	0	1	2	4	3	0	0	0	1	1	3	0	0	0	2	1	1	1	3	4	4	2	1	0	2	3	2	2	0	1	1	2	1	4	5	1	4	3	5	4	5	4	3	7	3	1	0	0	0	2	1	1	0	1	0	0	0	1	0	0	0	0	0	0	1	0	0	1	0	1	0	0	1	0	0	4	0	0	1	0	0	1	1	0	0	0	0	1	1	0	0	2	0	1	0	0	1	0	0	0	0	0	0	0	1	0	0	1	0	0	0	0	0	0	0	0	0	0	0	0	0	0	0	0	0	1	0	0	0	0	0	0	0	1	0	0	0	0	0	0	1	1	0	0	0	0	0	0	0	0	1	0	0	1	0	0	0	0	0	0	0	0	1	1	0	0	0	1	0	0	0	0	2	1	0	0	1	0	0	1	1	0	0	0	0	0	0	0	0	0	0	0	0	0	1	0	0	1	1	0	0	0	0	2	0	0	0	1	0	0	2	0	0	1	0	0	0	0	1	0	0	0	0	0	1	0	0	0	1	1	0	0	1	0	0	0	0	0	0	1	0	1	1	0	0	0	1	0	1	1	0	1	1	0	0	0	0	0	0	0	0	0	0	0	0	0	0	0	0	0	0	0	1	1	1	1	1	0	0	0	0	0	0	0	0	1	0	0	0	1	1	1	0	1	0	1	0	0	0	0	0	1	1	0	0	0	0	0	0	0	0	0	1	0	0	0	0	0	1	0	0	0	0	0	0	0	0	0	0	0	0	0	0	0	0	0	0	0	1	0	0	0	1	0	0	1	0	0	0	0	0	0
0	0	0	0	0	0	0	2	2	4	2	5	14	8	13	23	24	7	8	5	5	2	2	1	0	1	2	2	6	1	6	2	5	2	7	5	6	2	3	9	4	2	1	6	5	8	20	3	5	2	1	1	1	4	7	7	7	8	6	2	4	6	4	2	8	0	3	5	0	1	2	0	3	3	2	5	2	4	2	6	3	0	2	2	1	3	2	5	7	7	1	6	0	2	4	3	12	7	8	4	4	4	10	20	11	12	7	26	28	13	48	0	13	3	17	13	5	3	6	5	7	4	3	2	3	2	1	2	1	1	4	2	1	1	1	0	0	1	2	3	1	1	2	1	1	2	0	1	0	0	0	0	1	2	0	1	4	1	1	1	1	1	1	1	1	0	2	1	3	3	1	4	4	2	1	0	3	2	1	1	1	4	1	3	1	0	2	1	0	0	2	0	1	0	1	0	1	1	0	0	0	1	0	0	0	0	0	0	0	1	0	0	0	3	0	0	1	0	0	0	0	1	0	1	1	1	0	0	0	0	0	0	0	1	0	0	0	0	0	1	0	1	1	0	0	0	0	0	1	0	1	0	0	1	0	0	1	0	0	0	0	0	0	0	0	1	0	0	0	1	1	0	0	1	1	0	0	0	0	1	0	1	0	0	0	0	0	0	0	0	0	0	0	0	0	1	0	0	2	0	3	0	0	0	0	0	0	1	0	0	0	0	0	1	0	0	2	0	0	1	0	0	0	0	0	0	0	0	0	0	0	0	2	0	1	0	1	1	0	0	0	0	0	0	0	0	1	0	0	0	1	1	1	0	0	0	0	0	1	0	0	0	0	0	0	0	1	0	0	0	0	0	0	0	0	0	0	0	0	0	0	0	0	0	0	0	0	0	0	0	0	0	0	0	0	1	0	1	0	0	0	0	0	1	0	0	0	0	0	0	0	0	1	0	0	1	0	3	0	1	1	0	0	0	0	1	1	0	0	0	0	0	0	0	1	1	0	0	1	0	1	0	0	0	1	0	0	0	0	2	0	1	0	0	0	0	0	0	1	1	0	0	0	0	1	0	0	0	1	0	0	0	0	0	0	0	0	0	0	0	0	2	0	0	0	0	0	0	0
0	0	0	0	0	0	0	2	1	10	12	34	26	8	7	9	18	7	0	2	6	2	3	1	0	7	2	3	2	2	1	1	1	0	2	1	5	2	3	3	2	2	1	0	6	1	16	8	4	5	2	3	3	9	10	14	10	8	7	1	1	5	8	5	10	1	3	8	3	3	4	3	2	2	7	5	7	4	0	1	0	0	1	2	2	2	2	0	1	5	2	1	4	1	3	3	2	5	4	4	2	3	4	16	9	16	14	11	12	7	7	13	0	25	53	36	13	1	1	6	4	2	1	1	4	2	1	3	1	3	1	1	2	1	1	0	1	0	0	4	1	3	2	0	0	1	0	1	1	0	0	0	0	0	3	0	1	0	1	2	1	1	2	0	1	1	0	0	1	1	2	0	1	1	1	1	2	0	2	2	1	2	3	0	2	0	1	0	0	1	0	0	0	0	0	0	1	0	1	0	1	0	0	0	0	0	0	1	0	0	0	0	1	2	0	2	1	0	0	1	0	1	2	0	2	2	1	0	0	1	1	0	0	2	0	0	0	1	0	0	1	0	1	0	0	0	0	0	0	0	0	0	0	0	1	0	0	0	0	1	1	1	0	0	0	0	0	0	0	0	0	0	0	0	0	0	0	1	1	0	0	0	0	0	0	0	0	0	0	0	0	0	1	1	0	0	0	1	0	0	0	0	0	0	0	0	1	0	0	0	2	0	0	0	1	0	0	0	0	0	0	1	0	1	2	0	0	1	0	0	0	1	1	1	0	0	0	0	0	0	0	0	0	0	0	0	0	1	1	0	0	0	0	0	0	0	0	0	0	0	0	0	0	0	0	0	0	0	0	0	0	0	0	0	0	0	0	0	1	0	0	0	0	0	0	0	0	1	1	0	0	0	0	0	0	0	1	0	0	1	0	1	0	1	0	0	0	1	0	0	1	0	0	0	0	1	0	0	0	2	0	2	0	0	0	0	0	2	0	0	0	1	0	0	0	0	0	0	0	0	0	0	0	0	0	0	0	0	0	1	0	0	1	0	0	0	0	0	0	1	0	1	0	0	0	1	0	1	0	0	0	1	0	0	0	0	0	0	0	0	0	0	0	0	0	0	0	0	0
0	0	0	0	0	0	0	2	0	8	6	10	5	9	2	8	5	2	4	2	1	1	1	0	1	1	0	1	1	1	2	1	0	0	1	1	3	1	3	7	0	2	7	9	5	12	12	35	12	8	10	4	1	8	7	5	1	3	9	4	0	3	0	1	2	4	3	3	0	1	1	2	0	2	1	6	1	1	0	1	2	3	0	1	2	2	1	3	1	2	1	2	2	0	1	2	3	2	1	1	1	5	4	6	18	13	8	1	2	3	8	3	25	0	39	15	6	5	3	4	2	4	2	3	4	4	3	0	4	1	2	5	0	3	2	2	0	0	2	1	1	1	0	0	0	0	1	1	1	0	0	1	1	1	0	0	0	1	0	0	0	3	2	0	1	1	1	2	0	2	2	1	2	0	1	2	0	2	0	0	1	1	0	0	0	0	0	0	1	0	1	0	0	0	0	0	1	1	0	1	0	0	2	0	0	0	0	0	0	0	0	0	0	1	1	2	1	0	1	0	0	0	0	1	1	1	0	0	0	1	0	0	2	0	0	1	0	1	0	0	1	0	0	0	0	2	0	0	1	0	0	1	1	0	1	0	0	0	0	0	0	1	0	0	0	0	0	0	0	0	0	0	1	1	0	0	0	0	0	0	0	0	0	0	2	0	0	0	0	0	0	0	0	0	1	1	0	0	1	0	0	0	0	0	0	0	0	0	0	0	1	1	0	0	0	0	0	0	0	0	0	0	0	0	0	0	0	0	0	0	1	0	0	0	1	1	0	1	0	0	1	0	0	0	0	0	0	0	1	1	0	0	0	0	1	0	0	0	0	0	0	0	0	1	0	0	0	0	0	0	0	0	0	0	0	0	0	0	0	1	0	0	0	0	0	0	0	0	0	1	0	0	0	0	0	0	0	0	0	0	1	0	0	0	0	0	0	0	0	1	0	0	0	0	0	0	0	0	0	0	0	0	0	0	0	1	0	0	0	0	0	0	0	1	0	1	0	0	0	0	0	0	0	0	0	0	0	0	0	1	0	0	0	0	0	0	0	0	0	0	0	1	0	0	0	1	0	0	0	0	0	0	0	0	0	0	0	0	0	0	0	0	0	0	0	0	0	0	0
0	0	0	0	0	0	0	2	1	1	5	17	14	13	6	14	8	4	4	6	0	2	6	2	1	3	3	2	3	0	2	2	4	3	3	3	1	5	1	4	1	3	2	10	11	7	48	14	12	9	5	6	3	16	12	6	2	5	2	3	3	3	6	7	5	3	1	3	3	4	3	1	0	4	1	3	1	0	0	0	1	2	1	1	0	2	1	1	2	3	1	1	1	1	1	3	7	5	1	5	0	5	9	8	8	5	7	11	10	3	9	17	53	39	0	16	6	0	3	1	3	1	3	4	4	1	4	1	0	3	2	1	1	1	1	1	1	2	1	3	1	0	0	0	1	0	1	0	0	0	1	0	1	2	1	4	1	1	1	1	1	2	0	1	0	1	0	0	0	0	1	0	0	2	3	0	0	4	1	0	2	2	0	0	2	0	1	0	0	0	0	0	0	1	0	0	0	0	0	0	0	0	0	1	0	0	1	0	0	0	0	0	0	0	0	1	0	1	0	1	1	2	1	0	0	0	1	0	1	0	0	1	0	0	1	0	0	0	0	0	0	0	0	0	0	1	0	0	0	0	0	0	0	0	0	0	0	1	0	0	0	0	0	0	0	0	0	0	0	0	1	0	0	0	0	1	0	0	0	0	0	0	0	0	1	1	1	1	0	0	0	0	1	0	1	0	0	0	2	0	0	1	0	0	0	0	0	0	0	0	1	0	1	0	0	0	0	0	0	0	0	1	0	0	0	0	0	0	0	0	0	0	1	1	1	0	1	0	0	0	0	0	0	1	0	0	0	0	0	0	0	0	0	0	0	0	0	0	0	0	0	0	0	0	0	0	0	0	0	0	0	1	1	0	0	0	0	0	0	0	0	0	0	0	0	0	1	0	0	0	0	0	1	0	0	0	0	0	0	0	0	0	0	0	0	0	0	0	0	0	0	0	0	0	0	0	0	0	0	0	0	0	0	0	0	0	0	0	0	0	1	0	0	0	0	0	0	0	0	0	0	0	2	0	0	0	1	1	0	0	0	0	0	0	0	0	0	0	0	1	0	0	0	0	0	1	0	0	0	0	0	0	0	0	0	0	0	0	0	0	0	0	0	1	0	0	0	0	0
0	0	0	0	0	0	0	2	2	20	10	35	5	10	3	6	12	7	7	3	3	2	4	1	2	1	1	2	4	0	0	5	1	1	1	2	3	1	8	3	3	2	3	6	10	6	13	5	3	1	1	1	1	6	6	5	5	5	11	6	2	5	9	2	9	6	7	5	6	5	3	5	5	5	6	5	3	2	2	4	3	3	2	2	2	0	4	6	2	4	6	3	2	2	2	2	2	3	5	2	6	8	11	47	27	28	14	11	17	16	12	13	36	15	16	0	31	7	4	6	2	5	6	5	5	3	1	3	2	3	1	2	3	0	1	1	0	1	3	1	0	3	2	2	0	4	1	0	1	0	0	0	1	0	2	1	1	2	1	0	0	1	1	0	1	3	2	0	2	0	4	1	2	2	2	0	0	5	0	1	0	1	0	1	1	0	0	1	0	1	0	0	0	1	1	0	0	0	1	1	0	0	0	0	0	0	1	1	0	1	0	0	0	0	1	0	2	1	0	0	0	1	0	0	0	1	1	0	0	0	1	0	0	0	0	0	1	0	0	0	0	0	0	0	1	1	1	1	0	0	0	0	0	0	0	1	0	0	0	0	1	2	0	2	0	0	0	0	0	0	0	0	0	0	0	0	0	1	0	0	1	0	0	0	0	0	0	0	0	1	1	0	0	0	0	0	0	0	0	0	1	0	0	0	0	0	0	0	1	0	0	0	0	1	0	0	0	0	0	0	0	0	0	0	1	0	0	1	1	1	1	0	2	0	1	1	0	0	0	1	1	0	0	0	0	0	0	0	0	0	0	0	0	0	0	0	1	0	0	0	0	0	0	0	0	0	0	0	0	0	2	0	0	0	0	0	0	0	0	1	0	1	1	0	0	0	1	0	0	0	0	0	0	0	0	0	0	0	0	0	0	0	1	0	0	0	0	1	0	1	1	0	0	0	0	0	1	0	0	0	0	0	0	0	0	0	1	0	0	0	0	0	0	0	0	0	0	1	0	0	1	0	0	0	0	0	0	0	0	0	0	0	0	0	0	1	0	0	0	0	1	0	0	0	0	0	0	0	0	0	0	0	0	0	2	1	0	0	0	3	1	0	1	0	0	1	0	0	1
0	0	0	0	0	0	0	3	9	11	14	18	4	4	1	2	1	11	4	1	0	3	3	2	0	0	1	4	3	3	4	3	3	1	1	4	1	1	4	5	4	3	9	4	2	3	2	4	2	0	5	2	2	6	8	4	5	3	9	4	2	1	4	4	6	4	13	13	5	8	6	7	2	5	9	6	5	4	3	3	1	8	9	4	0	1	5	2	6	10	5	1	0	2	0	1	0	2	3	2	2	1	5	22	220	256	14	9	7	6	5	5	13	6	6	31	0	23	9	6	3	4	8	5	11	7	3	0	3	2	3	3	0	2	1	1	1	1	1	3	0	1	3	1	1	0	0	0	1	1	0	1	1	0	0	1	2	1	0	1	0	3	0	1	1	1	3	2	3	3	2	1	3	3	2	0	3	4	1	1	2	1	0	1	1	0	1	1	1	0	0	0	1	0	0	0	0	0	0	0	0	1	0	0	1	0	0	0	1	0	1	1	0	1	1	0	1	0	0	0	1	0	0	0	0	0	1	0	2	1	0	0	1	0	2	0	0	1	0	0	0	0	0	0	0	0	0	0	0	0	0	0	0	0	0	0	0	0	0	0	0	0	0	0	1	0	1	0	0	0	0	1	0	1	0	0	0	0	1	0	0	0	0	1	0	0	0	0	1	0	0	0	0	0	0	0	0	1	0	1	0	0	0	0	0	0	0	1	0	0	0	0	0	0	0	0	0	0	0	0	0	0	0	0	0	1	1	0	0	0	0	0	0	0	0	0	1	0	1	0	1	0	1	2	0	0	1	0	1	0	1	0	0	0	0	0	0	0	0	0	0	0	0	0	0	0	0	0	0	0	0	0	0	0	0	0	0	0	0	0	1	0	0	0	0	1	1	2	0	0	1	0	0	0	0	0	0	0	0	0	1	0	0	0	1	1	1	0	0	0	0	0	0	0	0	0	1	0	0	0	2	1	0	0	0	0	0	0	0	0	0	0	0	0	0	0	0	0	1	0	0	0	0	0	0	0	0	0	1	0	0	0	1	0	0	0	0	0	0	1	0	1	0	0	0	0	0	0	0	0	0	0	0	0	1	0	0	1	0	0	0	0	0	0	0	1	0	0	0
0	0	0	0	0	0	0	2	2	6	3	4	1	2	1	2	2	5	3	1	1	2	0	3	0	2	2	3	2	2	3	2	2	1	0	3	2	3	5	6	1	0	2	4	5	3	0	2	1	0	0	0	1	1	1	2	2	0	0	2	2	3	2	4	3	4	15	7	5	5	8	6	5	6	23	5	7	3	5	18	11	12	19	10	1	1	2	5	6	1	6	5	1	0	2	2	2	0	1	3	2	2	0	6	14	19	12	3	5	4	0	3	1	5	0	7	23	0	34	20	4	7	18	38	103	12	4	4	3	2	3	1	2	0	4	2	3	0	2	2	2	4	2	1	1	0	1	2	0	0	0	0	3	0	2	0	4	1	0	1	0	1	0	0	1	0	2	1	5	3	3	4	4	6	5	3	3	4	2	2	0	0	0	2	1	1	1	0	0	1	1	2	0	1	0	0	0	1	0	0	0	0	0	0	2	0	0	2	0	1	0	0	0	0	1	0	1	0	2	1	0	1	0	0	3	2	0	0	1	0	0	1	0	0	0	0	0	1	0	0	0	0	0	0	0	0	1	1	1	1	0	0	1	0	0	0	0	0	0	0	0	0	0	1	0	0	0	0	0	0	1	0	1	0	0	0	0	0	0	0	0	0	1	0	1	0	0	0	0	0	0	1	0	0	1	0	2	0	0	1	0	0	0	0	1	0	0	0	0	0	0	0	0	0	0	1	0	0	0	0	0	0	0	0	0	0	0	0	0	0	0	0	0	1	0	1	0	2	0	0	1	0	0	0	0	1	0	0	0	0	1	0	0	0	0	0	2	0	0	1	1	1	0	0	0	1	1	0	0	0	0	0	0	0	0	0	0	0	0	0	1	0	0	0	0	0	1	0	1	0	0	0	0	0	0	0	0	0	1	1	0	1	0	0	1	0	2	0	0	1	0	1	1	0	0	1	0	0	0	0	1	1	0	1	0	0	0	0	1	0	1	0	0	0	0	0	1	0	0	0	0	0	0	0	0	1	0	0	1	0	0	0	0	0	0	0	1	0	0	0	0	0	1	0	0	0	0	0	0	0	1	0	0	0	0	0	1	0	0	0	1	0	0	0	1	0	0	0	0
0	0	0	0	0	0	0	2	3	4	1	0	4	0	0	3	3	5	4	4	1	2	3	1	3	0	3	8	2	6	12	8	4	3	2	12	7	4	4	7	2	1	2	4	2	4	3	1	0	3	0	2	2	1	0	3	0	3	4	2	3	0	4	4	3	2	6	5	3	3	4	3	1	4	16	15	13	9	8	16	6	3	8	15	6	6	2	2	15	11	3	3	1	1	2	0	3	2	1	3	5	4	3	8	13	12	10	6	5	7	6	6	1	3	3	4	9	34	0	51	36	17	131	50	24	17	7	4	13	14	9	6	2	5	1	4	5	4	5	11	4	0	1	3	2	0	1	2	0	1	1	2	0	2	2	4	3	0	0	0	0	2	0	0	2	5	3	3	0	2	2	3	6	7	5	6	6	6	6	2	0	1	0	0	1	1	1	0	0	1	0	0	0	0	0	0	1	0	1	0	0	1	0	0	0	0	0	0	0	0	1	1	0	0	1	2	2	2	1	0	0	2	0	0	0	0	1	1	1	0	0	0	1	2	2	1	0	1	0	0	0	0	0	0	2	0	0	0	0	0	0	0	0	0	0	0	0	0	0	0	1	0	0	0	0	1	0	0	1	1	0	0	0	0	0	0	0	0	0	0	0	0	0	0	0	0	0	0	0	0	0	0	0	1	1	0	1	1	0	0	1	1	0	0	0	0	0	0	1	0	0	1	0	0	0	0	0	0	1	0	0	0	0	0	0	0	0	0	0	0	0	0	0	0	0	0	0	0	0	2	0	0	0	0	0	0	0	1	0	0	0	0	1	0	0	1	0	0	0	0	0	0	0	0	0	0	0	0	0	0	0	0	0	0	0	0	1	0	0	1	0	1	0	0	1	2	1	0	1	0	0	0	0	0	0	1	0	0	0	0	1	0	0	0	0	0	0	1	0	0	0	0	1	0	0	1	0	1	0	0	0	0	0	0	0	0	0	0	1	0	1	0	0	0	0	0	0	0	0	1	0	0	0	0	0	0	0	0	1	0	0	0	0	0	0	0	0	1	2	0	1	0	0	1	0	0	0	1	0	0	0	0	1	0	0	0	0	0	1	0	1	0	0	0	0	0	0	1	0
0	0	0	0	0	0	0	1	7	6	4	3	1	1	1	3	8	11	3	1	7	4	2	4	0	0	3	2	3	1	12	9	4	1	1	6	6	7	3	7	1	0	1	4	3	1	1	3	2	1	1	1	1	2	4	3	5	3	3	2	4	0	4	10	9	10	13	9	3	7	3	5	10	9	48	24	21	19	11	8	9	2	13	6	5	3	1	4	7	3	2	3	4	1	1	1	0	4	1	3	0	7	9	13	6	10	10	5	8	9	5	5	6	4	1	6	6	20	51	0	34	20	46	15	21	9	7	2	8	6	1	0	3	4	3	0	0	1	3	4	1	4	2	0	0	0	1	3	0	2	1	1	1	4	1	3	4	0	2	1	0	4	3	1	1	4	3	1	4	2	4	7	11	12	7	4	3	8	4	1	1	1	2	0	2	1	1	1	0	0	0	1	0	0	0	0	1	0	1	0	0	1	0	0	0	0	0	1	1	0	0	0	0	1	0	1	0	1	3	1	2	1	1	1	0	0	0	0	0	1	1	0	2	1	0	1	1	0	0	0	0	0	0	0	0	0	0	0	0	0	0	0	0	0	0	0	0	1	1	1	0	0	0	0	0	0	0	0	0	0	0	0	0	0	0	0	0	1	0	1	1	0	0	0	0	0	0	0	1	0	0	0	0	0	0	0	0	0	0	1	1	0	0	0	0	0	0	0	0	0	0	0	0	0	0	0	0	0	0	0	0	0	0	0	1	0	0	1	0	0	0	0	0	1	0	0	1	1	0	0	0	1	0	2	0	0	0	0	0	0	0	1	0	0	2	0	1	1	0	0	0	0	0	0	0	0	0	0	1	0	0	0	0	0	0	0	1	0	1	0	1	0	0	0	1	0	1	0	1	0	0	0	1	0	0	0	1	0	0	0	0	0	0	0	0	0	1	0	1	0	1	0	0	0	0	0	0	0	0	0	1	0	0	0	0	1	0	0	0	0	0	0	0	0	0	0	0	0	0	0	0	1	0	0	0	0	1	0	1	0	1	0	0	1	0	0	0	0	0	0	0	0	0	0	2	0	0	0	0	0	0	1	0	0	0	0	0	0	0	0	0	0	0	0	0	0	0	0	0
0	0	0	0	0	0	0	1	3	1	2	2	3	2	3	1	4	8	4	1	0	2	6	0	2	0	4	2	1	5	21	28	8	3	4	26	17	6	3	2	3	3	2	6	3	3	2	0	1	2	1	0	2	2	1	0	2	2	1	4	3	2	0	7	5	3	3	6	9	3	3	2	1	7	15	10	21	30	20	5	3	6	8	13	8	4	3	9	5	8	3	6	0	5	0	1	1	3	3	0	4	7	9	6	4	1	12	7	7	9	3	7	4	2	3	2	3	4	36	34	0	49	130	5	10	7	4	3	8	10	8	4	4	1	2	3	1	3	11	22	8	6	2	3	1	1	0	0	0	2	0	1	1	2	4	0	7	0	3	1	0	0	2	1	5	3	5	4	4	6	9	9	8	5	9	4	8	7	4	7	3	4	1	2	2	1	0	1	1	0	0	0	0	1	0	1	0	1	0	0	0	1	0	0	0	0	1	0	1	0	1	0	4	1	2	0	0	2	2	1	0	0	1	0	2	0	0	1	0	2	1	1	0	1	1	0	0	0	1	0	0	0	0	0	1	1	0	1	1	0	0	0	1	0	0	0	0	0	0	1	0	0	0	0	0	0	0	0	0	0	0	0	0	1	0	0	0	0	0	1	0	0	1	0	1	0	0	0	0	1	0	0	0	2	0	0	1	0	0	0	0	1	0	0	0	0	0	0	0	0	0	0	0	0	0	0	0	0	0	1	0	1	1	0	0	0	0	1	0	1	0	0	1	0	1	0	0	0	1	0	0	1	0	0	0	0	0	0	1	1	0	0	0	0	0	0	0	1	0	0	2	0	2	0	0	0	0	0	0	0	0	0	0	1	0	0	0	0	0	1	1	0	1	0	0	0	3	0	0	0	0	0	0	0	0	0	0	1	0	0	0	1	2	0	1	0	0	0	0	0	0	0	0	0	0	1	1	0	0	0	0	0	1	2	0	0	0	1	0	0	0	1	0	0	0	0	0	0	0	0	0	0	0	0	0	0	0	0	1	1	1	0	1	1	1	0	0	0	1	0	0	0	0	0	0	0	0	0	1	0	0	0	0	0	0	0	0	2	0	0	1	0	0	0	0	0	0	0	0
0	0	0	0	0	0	0	0	0	2	4	4	3	3	1	1	2	10	9	2	9	5	2	2	1	5	6	3	6	6	96	38	14	6	13	93	53	6	9	7	3	2	0	6	2	2	3	3	0	1	1	0	0	1	3	2	1	5	5	2	0	2	4	1	1	4	3	1	3	3	3	2	4	5	10	8	12	12	17	2	4	1	2	5	8	5	3	8	14	8	3	6	2	1	6	5	3	4	4	3	6	4	5	14	1	4	8	8	7	10	9	4	2	4	1	5	4	7	17	20	49	0	34	8	6	4	7	4	3	12	15	9	4	3	1	5	0	1	9	15	10	3	6	7	1	1	2	1	2	1	1	1	3	4	2	3	2	3	3	5	2	2	2	3	1	2	3	3	4	5	6	4	5	4	4	3	5	13	11	2	2	6	2	4	3	0	3	1	0	1	2	0	1	0	0	0	1	0	0	0	0	0	0	1	0	1	0	1	0	0	1	0	0	1	1	2	3	1	0	0	3	1	1	2	1	1	1	0	1	0	2	0	0	3	0	0	2	0	0	0	0	0	1	0	2	0	0	0	0	0	0	0	0	1	0	0	1	0	0	0	0	0	0	0	0	0	0	0	0	0	0	0	1	0	0	0	0	1	0	1	0	0	0	0	0	0	0	1	2	1	0	0	0	0	0	0	0	0	0	2	1	0	0	0	0	0	0	0	0	0	0	0	0	0	1	0	0	1	0	1	0	0	1	0	1	0	0	0	1	1	0	0	0	0	0	0	1	0	0	0	1	1	0	0	0	0	0	0	0	1	0	1	0	0	0	1	0	0	2	0	0	1	0	0	0	0	0	0	0	0	0	0	0	0	0	0	1	0	0	1	1	0	0	0	0	0	1	0	0	0	0	0	0	1	0	0	0	0	0	0	0	0	0	0	1	0	0	0	0	0	0	0	0	0	1	0	1	0	0	0	0	0	0	0	1	0	0	0	0	0	0	0	0	0	0	0	0	0	0	0	2	0	0	0	0	0	0	0	0	0	0	1	0	0	0	0	0	0	0	0	0	0	0	0	0	0	2	0	1	0	0	0	0	0	0	0	0	0	0	0	0	0	0	1	0	0	0	0	0
0	0	0	0	0	0	0	2	3	1	1	3	2	3	1	0	2	5	2	2	2	5	5	4	0	2	0	4	2	3	5	14	10	4	5	18	13	5	12	6	3	3	3	4	5	2	2	2	0	0	0	1	0	2	3	3	1	4	3	1	0	4	0	7	2	3	5	5	4	4	6	2	1	6	12	17	15	20	12	4	6	6	4	12	7	12	1	4	13	7	1	3	2	1	3	2	1	1	5	4	2	3	2	7	7	9	14	10	6	5	5	3	1	2	3	6	8	18	131	46	130	34	0	21	11	8	5	7	11	14	11	7	3	0	3	3	2	1	7	14	5	4	0	1	4	2	0	0	0	0	2	0	2	0	4	4	2	2	1	1	1	3	1	4	2	3	0	2	3	8	5	5	4	4	5	8	10	7	3	1	2	3	2	0	3	1	0	1	0	1	0	2	0	0	0	1	0	0	0	1	0	0	0	2	0	3	0	0	0	1	0	0	0	2	0	3	2	1	3	0	0	0	0	1	1	0	1	1	0	0	1	1	1	0	2	1	0	2	0	1	0	0	1	0	0	0	0	0	0	0	0	0	0	0	0	0	0	0	0	0	0	0	1	0	0	0	0	1	0	0	1	0	0	0	0	0	1	0	0	0	1	0	0	0	0	1	0	0	0	0	0	0	0	0	0	0	0	1	0	1	0	0	0	1	0	0	0	0	0	0	0	2	1	0	0	0	0	0	1	0	0	0	0	0	1	1	1	0	0	0	0	0	0	1	0	0	0	0	1	1	0	1	0	1	0	0	0	0	0	1	0	0	0	0	0	0	0	0	0	0	0	0	0	0	0	0	0	0	0	0	0	0	0	0	0	0	0	0	0	0	0	0	0	0	1	1	0	0	1	0	0	0	0	0	0	0	0	0	0	0	0	0	2	0	0	0	0	0	0	0	0	0	0	0	0	0	1	0	0	1	0	0	0	0	1	1	0	0	0	0	1	0	1	1	0	0	0	0	0	0	1	0	0	0	2	0	0	0	0	0	0	0	0	1	0	1	0	0	2	0	0	1	0	0	0	0	0	0	0	0	0	0	0	0	0	0	1	1	0	1	0	0	0	0	0	0	0	1	0
0	0	0	0	0	0	0	1	4	5	1	3	4	2	0	2	3	2	2	2	2	3	0	1	0	1	2	2	0	4	4	6	6	0	4	10	4	1	9	14	7	2	3	5	1	5	3	4	4	1	0	0	0	2	2	1	2	2	3	2	3	1	0	1	2	2	4	2	1	5	3	6	1	5	8	7	5	7	6	10	6	5	5	15	8	4	2	5	23	12	2	1	0	2	2	2	0	1	2	0	4	2	1	4	9	17	16	8	4	4	7	2	1	3	4	5	5	38	50	15	5	8	21	0	96	41	5	12	4	16	7	2	1	2	2	5	4	2	7	3	3	0	2	1	0	1	0	0	0	0	2	2	0	0	3	3	0	2	0	0	0	1	0	1	2	4	3	2	0	1	3	2	6	4	1	1	2	7	3	2	1	2	0	1	1	0	0	0	0	0	2	1	0	0	0	0	0	0	1	0	0	0	0	0	0	0	0	0	0	1	0	0	1	1	0	1	1	1	0	1	0	2	1	0	0	3	0	0	0	0	1	0	1	0	0	1	0	0	0	0	0	0	0	1	0	0	0	1	0	1	0	0	0	1	0	0	0	0	0	0	0	1	2	0	0	1	0	0	0	1	0	0	0	0	0	0	0	0	1	0	0	1	0	1	0	0	0	0	0	0	0	0	0	0	0	0	0	0	1	0	0	0	0	0	0	0	0	0	1	0	0	0	0	0	0	0	0	2	0	0	0	0	0	1	0	0	0	0	0	1	0	0	2	1	0	1	0	1	1	0	2	1	0	0	0	0	0	0	0	0	0	0	0	0	0	0	0	0	0	0	0	0	1	2	0	1	1	0	0	0	0	0	1	1	0	0	1	1	0	1	0	0	1	0	0	0	1	0	0	1	0	1	1	1	0	1	0	0	0	0	0	0	0	0	0	0	0	0	0	1	0	0	0	2	0	0	0	0	0	0	0	0	1	0	0	0	0	0	0	0	1	0	0	0	0	0	0	0	0	0	0	0	0	0	0	0	0	0	0	0	0	0	0	0	1	0	0	1	1	1	0	0	0	0	0	0	0	0	0	0	0	0	1	1	0	1	0	0	0	1	0	0	0	0	1	0	0	0	0
0	0	0	0	0	0	0	3	4	4	3	4	1	3	1	3	4	4	3	2	5	0	4	2	0	1	0	2	3	0	4	4	5	4	0	4	1	0	6	13	2	5	9	4	2	4	2	3	2	3	0	1	3	0	2	2	2	2	5	2	2	1	3	2	5	4	3	7	2	7	4	3	3	2	11	5	5	5	6	13	9	9	7	12	4	2	1	5	7	4	3	1	2	0	2	1	0	1	3	7	0	3	4	5	11	15	7	4	3	2	2	3	4	4	4	5	11	103	24	21	10	6	11	96	0	28	9	8	12	12	6	2	3	1	1	5	0	3	1	2	1	1	2	2	0	1	1	1	1	0	0	0	1	2	2	0	0	1	0	1	2	1	1	1	0	1	0	2	1	1	4	5	7	6	5	1	1	1	3	2	0	1	0	0	1	3	0	0	0	0	0	0	0	0	0	0	0	1	0	0	1	0	0	1	0	0	0	0	1	0	0	0	1	1	1	0	1	0	0	0	1	0	1	0	0	0	0	0	1	0	0	2	0	0	3	0	0	0	1	0	0	0	0	0	0	0	0	1	0	0	0	0	1	0	1	0	1	0	0	0	0	0	0	0	0	0	0	0	0	0	0	0	0	0	0	0	0	0	1	0	0	0	0	0	0	0	0	0	1	1	0	0	0	1	0	0	1	0	0	0	0	1	0	0	0	1	0	0	1	0	0	0	1	0	0	0	0	0	0	1	0	0	0	0	0	0	0	1	0	1	1	0	0	0	0	0	1	0	0	0	0	0	0	0	1	0	0	0	0	0	0	0	0	0	0	0	1	0	0	0	0	0	0	0	0	0	1	1	1	0	0	1	0	0	0	1	0	0	0	0	0	0	0	0	0	0	3	0	0	0	0	1	0	0	0	1	0	0	0	0	1	0	0	0	0	0	0	0	1	0	0	0	0	0	0	0	0	0	0	0	0	1	0	0	0	1	0	0	0	0	0	0	0	0	0	0	0	0	0	0	0	1	0	0	0	0	0	0	0	0	0	0	0	0	1	0	0	1	0	0	0	0	0	0	0	0	0	0	0	0	0	0	0	0	0	0	0	1	0	0	0	0	0	0	0	0	0	1	0
0	0	0	0	0	0	0	1	1	0	1	2	1	0	0	2	2	4	1	2	0	0	1	0	1	0	1	2	0	2	4	2	1	3	3	6	5	3	7	4	8	3	9	3	3	1	0	3	0	2	1	1	1	1	2	2	2	1	0	2	0	1	2	1	1	0	1	2	0	1	2	1	3	5	8	4	4	8	5	10	5	1	9	15	10	6	3	6	6	7	5	1	1	2	2	1	2	3	1	1	0	0	4	4	2	6	5	3	3	3	4	2	2	4	1	3	7	12	17	9	7	4	8	41	28	0	28	25	21	19	4	6	2	4	3	8	5	1	8	9	1	2	0	1	1	1	1	2	1	0	1	0	1	2	0	0	0	2	1	0	2	1	1	1	2	4	3	2	2	1	3	0	7	3	2	2	3	1	5	1	0	0	1	1	2	0	0	0	0	0	0	0	0	0	0	0	0	0	0	0	0	0	0	0	0	0	0	1	0	0	0	0	1	2	0	2	0	2	1	2	0	1	2	0	0	0	0	1	3	0	0	0	1	0	0	0	1	0	0	1	2	0	0	0	0	0	0	1	0	0	0	0	0	1	0	1	0	0	0	0	0	0	0	0	0	0	0	0	0	0	1	0	0	0	0	0	1	0	0	0	0	0	2	0	0	0	0	1	0	0	0	0	1	0	0	0	0	0	0	0	0	0	0	0	0	0	0	0	0	0	0	0	2	0	0	1	0	0	1	0	0	0	1	1	0	0	0	0	0	1	0	0	0	0	1	0	1	0	0	0	1	1	0	0	0	0	1	0	1	1	0	0	0	0	1	0	0	0	0	0	0	0	0	0	0	0	0	0	0	0	0	1	1	0	0	0	2	0	0	0	0	0	0	1	0	0	0	1	1	1	2	1	0	0	0	0	1	0	0	0	0	0	0	0	0	0	0	1	0	0	0	0	0	0	0	0	0	0	0	1	0	0	0	0	0	1	1	0	0	0	0	0	0	0	0	0	0	0	0	0	0	0	0	0	0	0	0	0	0	1	0	1	0	0	0	0	1	0	0	0	0	0	0	0	0	0	0	0	0	0	0	0	1	0	1	0	0	1	1	2	0	0	0	1	0	1	0	0	1
0	0	0	0	0	0	0	0	1	1	2	2	2	1	0	1	1	0	2	2	0	0	1	1	3	0	1	0	2	1	2	1	1	3	3	0	1	3	11	9	2	2	5	4	1	1	3	2	0	1	1	2	0	0	3	1	0	0	2	2	1	2	0	1	1	0	0	1	0	1	0	1	2	2	3	0	4	3	5	4	4	2	2	7	4	10	2	0	12	5	1	4	2	0	3	1	0	1	0	2	1	0	1	4	4	2	3	1	1	1	2	1	1	3	4	1	3	4	7	7	4	7	5	5	9	28	0	113	25	23	5	2	3	5	8	3	8	6	7	1	1	0	3	2	1	0	0	0	0	1	0	0	0	0	0	1	1	0	0	1	1	1	2	2	4	1	2	2	1	3	3	4	2	5	0	0	2	1	0	1	2	1	0	0	3	1	1	0	1	1	0	0	0	0	0	0	0	0	1	0	0	0	0	0	0	0	1	0	1	0	0	0	0	0	1	0	1	1	1	2	0	0	0	2	0	0	0	0	1	0	1	1	0	0	1	0	0	0	0	0	0	1	0	0	0	0	0	1	0	1	0	1	0	1	0	0	0	0	0	0	0	0	0	0	0	0	0	0	0	0	0	0	0	0	0	0	1	0	0	1	0	1	0	0	0	0	0	0	0	0	0	0	0	1	0	0	0	0	0	1	0	0	0	0	1	0	0	0	0	0	1	0	0	0	0	0	0	0	0	0	0	0	0	0	0	0	0	0	0	0	1	0	0	1	1	1	1	1	0	0	0	0	0	0	1	0	0	0	0	0	0	0	0	0	0	0	0	0	0	0	0	0	0	1	0	0	0	0	0	0	0	0	0	1	0	0	0	0	0	0	0	1	0	1	0	0	0	0	0	0	0	0	0	0	0	0	0	1	1	0	0	0	0	0	0	0	0	0	0	0	0	0	0	0	0	1	0	0	0	0	0	0	1	0	0	0	0	1	0	0	1	0	0	0	0	0	0	0	0	0	0	0	0	1	0	0	0	0	0	1	0	0	0	0	0	1	1	0	0	0	1	0	0	0	0	0	0	1	0	1	0	0	0	0	0	0	0	0	0	0	0	0	0	0	0	0	0	0	0
0	0	0	0	0	0	0	1	1	1	2	1	0	0	1	1	1	4	4	0	1	2	0	0	1	1	1	0	3	1	2	2	2	1	3	2	7	3	6	2	7	3	7	2	3	4	1	2	1	1	0	1	0	0	0	1	1	1	3	1	0	0	0	1	1	2	2	1	0	1	2	1	2	3	3	1	1	4	3	8	4	0	3	9	11	10	8	3	6	5	3	4	1	2	1	0	0	1	0	1	2	1	1	4	1	3	4	4	1	1	0	2	3	0	1	3	0	4	4	2	3	4	7	12	8	25	113	0	54	29	8	3	9	1	6	8	3	8	16	4	5	3	0	2	0	1	0	0	1	0	0	0	1	0	1	0	1	1	0	0	0	0	0	1	0	2	1	0	2	2	1	0	1	4	1	3	3	2	0	1	1	1	1	0	0	1	0	0	0	1	0	0	0	0	0	0	1	0	0	0	1	0	0	0	0	0	1	0	0	0	0	1	0	0	0	1	0	1	3	1	1	0	0	0	0	0	1	1	0	0	0	0	1	1	1	0	1	2	1	0	0	0	0	0	1	0	1	1	1	1	0	0	0	0	0	0	0	0	0	0	0	0	0	0	0	0	0	0	0	0	0	0	0	0	0	0	0	0	0	0	0	0	0	0	0	0	0	0	0	0	2	0	0	0	1	0	0	0	0	0	0	0	0	0	0	0	0	0	0	0	0	0	0	0	0	0	0	0	0	0	0	0	1	1	0	1	0	1	0	0	0	0	0	0	1	1	0	1	0	0	0	0	0	0	1	0	0	0	0	0	0	0	0	0	0	0	0	2	0	0	1	0	1	0	0	0	0	0	0	1	0	0	0	0	0	0	0	1	1	0	0	0	0	0	0	0	0	0	0	1	0	1	0	0	0	1	0	0	0	2	0	0	0	0	0	0	0	0	1	0	0	0	1	0	1	0	1	0	0	0	0	0	0	0	0	0	0	1	0	0	0	0	0	0	0	0	0	0	0	0	0	0	0	0	1	0	0	0	0	0	0	1	1	1	0	0	0	0	0	0	0	0	2	0	0	1	0	0	0	1	0	0	0	0	0	0	0	0	0	0	0	0	0	0	0	0	0	0	1
0	0	0	0	0	0	0	1	1	0	1	0	1	0	2	0	2	2	3	1	3	3	0	2	2	0	1	4	1	2	4	2	2	3	6	8	6	3	8	5	3	2	2	3	1	3	0	2	0	1	0	0	2	0	1	0	0	1	2	1	2	0	0	2	2	1	0	1	1	1	2	1	2	6	3	3	1	6	4	6	1	3	5	11	31	27	7	5	11	9	4	7	3	1	3	0	0	0	2	0	1	1	1	4	2	5	4	2	6	2	3	1	1	4	0	2	3	3	13	8	8	3	11	4	12	21	25	54	0	195	17	5	6	8	5	12	6	5	19	4	3	3	1	0	0	1	2	0	1	1	0	0	4	1	2	0	1	2	1	2	0	1	1	0	0	1	2	2	1	0	5	2	1	1	1	3	4	3	1	1	3	0	1	1	1	0	0	0	0	1	0	0	0	1	0	0	0	0	1	0	0	0	0	0	0	0	0	0	0	0	1	1	0	0	1	0	1	3	3	1	1	1	0	0	1	0	1	0	0	0	0	0	0	0	0	0	0	0	0	0	0	0	0	2	0	1	0	2	0	0	0	0	0	0	0	0	0	0	0	0	0	0	0	0	0	1	0	0	0	0	0	0	0	0	0	0	1	0	0	1	0	1	0	0	0	0	0	0	0	0	0	0	0	0	1	0	1	2	0	1	1	0	0	0	0	1	0	0	1	0	0	0	0	0	0	0	0	0	0	1	1	0	1	0	0	0	1	1	0	0	0	0	1	1	0	0	0	0	1	0	0	0	0	0	0	2	0	0	0	1	2	0	0	0	0	0	1	0	0	0	0	1	0	0	0	1	0	0	0	0	0	1	1	1	0	0	1	0	0	1	1	1	0	0	0	0	1	0	0	0	0	0	0	0	0	1	0	0	0	0	0	0	0	0	0	0	1	0	2	1	1	0	0	0	0	0	0	0	1	0	0	0	1	0	0	0	0	0	0	0	0	0	0	0	0	0	1	0	0	0	0	0	1	0	2	0	0	0	0	0	0	0	0	0	0	1	0	0	0	1	0	0	0	0	0	0	0	0	0	0	0	0	0	0	1	1	0	0	0	0	0	0	1	0	0	0	0	0	0
0	0	0	0	0	0	0	0	3	2	1	1	2	2	0	0	0	2	2	0	0	0	1	2	3	0	2	1	4	0	7	8	0	4	3	13	2	9	13	4	4	3	3	4	3	2	1	0	0	1	0	0	0	0	1	2	0	1	0	1	2	0	2	5	3	1	2	0	2	1	0	0	1	1	2	9	4	11	6	4	1	0	3	12	23	17	4	9	24	15	6	6	1	2	3	0	0	0	3	0	3	0	3	3	3	7	4	4	2	2	6	1	3	1	3	3	2	2	14	6	10	12	14	16	12	19	23	29	195	0	21	16	14	8	0	1	6	6	11	11	10	3	2	1	1	2	0	0	0	0	2	0	0	0	2	0	0	1	0	0	2	3	2	0	4	2	1	1	5	2	1	0	7	5	3	2	4	3	2	2	2	4	2	2	1	1	2	2	0	0	0	0	1	0	1	1	0	0	0	0	0	0	0	1	1	0	0	2	2	0	0	0	1	1	1	1	0	0	1	1	0	1	0	1	0	1	0	0	1	1	0	2	0	0	0	0	0	0	0	2	2	1	0	0	0	0	0	0	0	0	0	0	0	0	0	0	0	0	0	0	1	0	2	0	0	0	0	0	0	0	0	0	0	0	0	0	0	0	0	0	1	0	1	0	0	0	0	0	0	1	0	0	0	1	1	0	0	0	0	0	0	0	0	0	0	0	0	0	0	1	0	0	0	0	0	0	0	0	0	0	0	0	0	0	1	0	0	1	0	1	0	0	0	0	0	0	0	0	0	0	0	1	0	1	0	0	0	0	0	0	0	0	1	0	0	0	1	0	0	0	0	1	0	0	0	0	0	0	0	0	0	0	1	0	2	0	0	0	0	1	0	0	0	0	0	0	0	0	0	0	0	0	0	0	0	1	0	1	0	0	0	0	1	0	0	0	1	0	0	0	0	0	0	0	0	0	0	1	0	0	1	0	0	0	0	0	1	0	1	0	2	0	1	0	0	0	0	0	0	0	0	0	0	0	0	0	0	0	0	0	0	0	0	0	0	0	0	0	0	0	0	0	0	0	0	0	0	0	0	0	0	0	0	0	0	1	0	1	0	0	0	0	0	0	0	0	0	0	0
0	0	0	0	0	0	0	1	0	0	1	2	2	4	0	3	1	3	3	2	2	3	0	0	2	0	4	1	2	7	21	12	7	3	6	18	27	17	12	3	3	2	1	2	1	5	2	0	3	3	0	0	0	1	0	2	1	0	2	3	2	1	1	4	3	0	1	4	1	0	1	0	2	2	2	6	5	11	7	0	1	0	4	6	19	13	8	9	14	10	3	5	4	2	7	2	4	1	2	4	6	0	2	1	2	2	5	5	2	4	3	4	1	2	2	1	3	3	9	1	8	15	11	7	6	4	5	8	17	21	0	39	27	8	5	11	8	12	24	51	15	2	2	3	3	1	0	4	0	1	1	1	0	1	0	2	3	2	1	1	3	2	3	6	4	0	5	2	1	3	7	2	3	1	2	2	6	4	2	1	4	3	4	1	2	1	1	2	1	0	0	0	0	1	1	0	0	0	1	1	0	1	1	0	0	0	0	2	0	0	1	0	1	2	1	1	1	2	1	1	1	0	0	0	0	0	2	0	0	0	0	0	0	1	1	1	2	0	1	0	0	0	0	0	0	1	0	0	0	0	0	1	1	0	0	0	0	0	0	0	0	0	0	1	0	0	0	0	1	0	0	0	0	0	0	0	0	1	0	0	0	0	0	0	0	0	0	0	0	0	0	0	0	0	0	0	0	0	0	0	0	0	0	0	0	0	0	0	0	0	1	0	0	0	0	0	0	1	2	0	0	0	0	0	0	1	0	1	1	1	0	0	1	0	0	0	1	0	2	1	0	0	0	0	0	0	0	0	0	1	0	0	0	0	0	0	0	0	0	0	0	0	0	0	0	0	0	0	0	0	1	1	0	0	1	2	0	1	0	0	0	0	1	0	0	0	1	0	0	1	1	1	0	1	0	0	0	0	0	0	0	0	0	1	0	0	0	0	0	0	0	2	0	1	0	0	0	0	0	0	1	0	0	0	0	0	0	0	0	0	1	1	0	0	1	0	0	0	0	0	0	0	0	0	0	0	0	0	0	0	0	2	0	0	0	0	1	1	2	0	0	0	0	0	0	0	0	2	0	0	0	1	0	0	0	1	0	0	0	0	0	0	0	0	0	0	0	0	0
0	0	0	0	0	0	0	1	0	0	1	1	1	0	1	1	0	0	6	1	2	2	2	0	2	0	2	0	6	8	6	10	9	1	2	7	20	13	4	1	6	3	3	1	3	2	3	1	2	0	0	0	0	2	1	1	1	2	1	1	1	2	1	2	4	1	0	1	0	2	5	0	2	1	5	2	3	4	6	3	2	1	2	1	22	25	10	6	6	7	1	4	4	2	2	0	2	1	0	2	1	3	0	0	1	2	2	1	2	1	1	2	1	5	1	2	3	1	6	0	4	9	7	2	2	6	2	3	5	16	39	0	57	10	3	9	11	7	62	29	11	1	4	6	1	0	1	0	1	0	1	3	2	2	2	4	1	2	2	2	0	1	0	6	1	4	1	1	1	9	3	0	1	2	3	2	8	5	3	0	3	0	3	2	2	3	3	0	0	1	0	0	0	0	1	0	0	0	0	0	0	0	0	0	0	0	0	2	0	0	1	0	0	2	0	3	1	0	1	1	2	0	1	0	1	1	0	1	0	0	0	0	1	0	0	1	1	0	1	0	0	0	0	0	1	1	0	0	1	0	0	0	0	0	0	3	1	0	0	0	0	0	1	0	2	0	1	0	0	0	0	0	1	0	0	0	1	0	0	0	1	0	0	0	0	1	0	0	0	0	0	0	1	0	0	2	0	0	0	1	0	0	1	0	1	0	0	0	0	1	0	0	0	0	0	0	0	0	0	1	0	0	0	0	0	0	0	0	1	0	1	0	0	0	0	1	0	0	0	1	0	1	1	1	0	1	0	0	0	1	0	0	0	0	0	0	1	0	0	0	0	0	0	0	0	0	0	0	1	1	0	1	0	0	0	0	0	0	0	1	0	0	0	0	2	0	0	1	0	0	0	0	0	1	1	0	0	0	0	0	0	0	0	0	0	0	0	0	0	0	0	0	1	0	0	0	0	0	0	0	1	0	0	0	0	0	0	0	1	0	0	1	0	0	0	0	0	0	0	0	0	0	1	0	0	0	0	0	0	1	1	0	1	1	0	0	1	1	1	0	0	0	0	0	0	0	0	1	0	0	0	0	2	0	0	0	0	0	0	0	0	0	1	0	0	0	0	0	0
0	0	0	0	0	0	0	3	1	0	0	2	0	1	0	1	0	1	3	0	2	0	1	0	1	0	0	1	4	3	5	8	6	3	2	9	8	9	2	6	1	2	3	1	1	0	1	0	1	1	0	0	0	1	1	0	0	2	0	0	1	0	2	0	2	0	3	1	1	2	1	0	3	1	1	3	3	7	17	2	1	3	1	6	27	8	3	4	4	5	1	3	1	2	1	0	0	1	1	0	2	1	2	1	1	3	4	3	0	2	2	1	2	0	1	3	0	2	2	3	4	4	3	1	3	2	3	9	6	14	27	57	0	33	17	20	5	14	34	25	17	3	1	7	3	2	1	0	2	0	3	0	0	3	2	3	0	0	1	1	1	2	1	4	8	9	6	3	6	6	4	3	2	4	0	0	4	2	2	1	1	5	2	0	5	1	1	0	3	1	0	0	0	1	1	0	0	0	1	0	0	0	0	1	0	0	0	0	1	0	0	4	0	1	2	1	1	0	0	2	0	1	0	1	1	0	3	1	0	0	0	0	1	1	0	1	0	0	1	0	0	0	1	0	2	2	0	0	0	0	0	0	0	0	0	0	0	0	0	0	0	0	1	0	0	0	0	1	0	0	0	1	0	0	0	0	0	0	1	0	0	1	1	0	0	0	0	0	0	0	0	0	0	0	0	0	0	0	1	0	0	0	0	1	0	0	0	0	0	0	0	0	0	0	0	0	1	0	0	0	0	0	0	0	0	0	0	0	0	1	0	0	0	0	0	0	0	1	2	0	0	0	1	0	1	0	0	0	1	1	2	1	0	0	2	1	0	0	0	0	0	0	0	1	0	0	0	0	0	0	0	0	1	0	0	0	0	0	0	0	0	0	0	0	0	0	1	1	0	0	0	0	1	0	1	1	0	0	0	0	0	0	0	0	1	0	0	0	0	0	1	0	0	0	1	0	0	0	0	0	0	2	0	1	1	0	0	0	0	0	1	0	0	0	1	0	0	0	0	0	0	0	0	1	0	1	0	0	0	0	1	0	1	0	0	0	0	0	0	2	0	1	0	0	0	0	0	0	0	0	0	0	0	0	0	0	0	0	0	0	2	0	0	0	0	0	0	0	0
0	0	0	0	0	0	0	1	0	1	0	1	1	1	0	1	0	2	2	1	1	1	0	0	1	2	1	1	1	1	0	2	4	4	3	4	1	2	1	1	0	3	1	1	3	1	0	1	1	2	0	1	1	0	1	1	0	2	1	1	2	0	1	0	1	0	0	1	2	1	4	1	2	1	2	2	1	3	6	3	1	5	1	4	21	4	1	3	4	2	0	2	1	3	0	0	0	0	0	3	2	0	2	1	0	1	0	5	1	3	2	1	1	3	1	0	2	0	5	4	1	3	0	2	1	4	5	1	8	8	8	10	33	0	32	30	7	5	9	9	6	2	1	5	0	0	2	1	0	0	0	1	0	3	5	1	0	4	1	5	4	3	2	2	5	7	4	4	4	8	3	1	9	2	2	1	0	1	2	1	1	0	2	4	1	1	1	1	0	1	1	0	0	1	0	0	1	1	0	0	0	1	0	0	0	0	0	0	1	1	0	0	2	1	3	2	1	2	2	1	3	1	0	0	2	0	1	0	1	0	0	2	0	2	1	1	1	1	0	1	0	0	1	1	0	1	1	0	0	0	0	0	0	1	0	0	0	0	0	0	0	0	0	1	0	0	0	0	0	0	1	0	0	0	0	0	0	0	0	0	0	0	0	0	1	1	0	0	0	0	0	0	0	0	0	0	1	0	0	0	0	0	0	0	0	0	0	0	0	0	0	2	0	0	0	0	0	0	1	0	0	0	0	0	0	1	1	0	0	0	1	0	0	0	0	0	0	1	1	1	1	0	0	0	0	0	0	0	1	0	0	1	0	0	0	0	1	0	0	0	0	0	1	0	0	0	0	0	0	0	1	0	0	0	0	0	1	0	0	0	0	1	0	1	0	2	1	1	0	0	0	0	0	0	1	0	0	0	1	0	0	0	0	0	1	0	0	1	0	0	0	0	0	0	0	0	0	0	0	2	0	0	0	0	0	0	1	1	0	1	0	0	0	0	0	0	1	0	1	0	0	0	0	0	0	0	0	1	0	0	0	0	1	1	0	0	0	0	1	0	1	0	0	0	0	0	1	0	0	0	0	0	0	0	0	0	1	1	0	0	0	0	0	0	0	0	0	0	1
0	0	0	0	0	0	0	0	0	0	2	0	1	0	0	1	0	3	2	1	3	1	0	1	0	3	1	1	0	1	3	3	0	0	3	1	4	3	3	1	2	0	2	0	0	1	2	0	1	0	1	0	0	1	0	1	1	0	1	1	0	0	0	1	0	0	0	0	1	0	1	0	1	2	2	1	2	4	7	2	1	2	2	7	15	9	3	2	1	2	2	2	1	3	0	0	3	0	1	1	0	1	1	2	1	1	1	0	0	0	0	1	1	2	1	1	1	4	1	3	2	1	3	2	1	3	8	6	5	0	5	3	17	32	0	70	8	29	6	3	8	0	2	2	2	0	1	0	1	0	1	0	0	0	1	1	1	1	2	4	0	2	1	0	4	2	2	2	0	0	2	0	2	2	0	1	1	0	1	1	2	0	5	0	1	0	1	1	0	0	2	1	2	0	0	0	0	0	0	0	0	0	0	0	1	0	2	0	0	1	0	2	0	2	1	1	0	0	1	0	0	1	2	1	0	0	1	0	0	0	0	0	0	0	0	1	0	1	1	0	1	0	1	1	1	0	1	0	0	0	0	1	0	0	0	1	0	0	0	0	0	0	0	0	0	0	0	0	0	0	1	0	1	0	1	0	2	0	0	0	0	0	0	0	1	0	0	0	0	0	0	0	1	0	0	0	0	0	0	1	0	0	0	0	0	0	0	1	0	0	0	0	0	1	0	0	0	0	0	0	0	1	1	0	1	1	0	0	0	1	1	0	0	0	0	0	0	1	0	1	0	0	0	0	0	0	0	1	0	0	0	0	0	1	0	0	0	0	0	0	0	0	1	0	0	0	0	0	0	0	0	0	0	0	1	0	0	0	1	0	0	1	1	0	0	0	0	0	0	0	0	0	0	0	0	0	0	0	0	0	0	0	1	0	0	0	0	1	0	0	0	1	0	1	0	0	1	0	1	0	0	0	0	0	0	1	1	0	0	0	0	0	0	0	0	0	0	0	0	0	0	0	0	0	0	0	1	1	0	0	0	0	3	0	0	0	0	0	0	1	1	0	0	1	1	0	0	0	0	1	0	0	0	0	0	1	0	0	1	0	0	0	1	0	0	0	0	0	0
0	0	0	0	0	0	0	0	1	2	0	0	1	0	0	0	0	1	0	0	0	2	2	1	3	1	2	1	0	0	3	4	0	2	0	0	2	5	3	2	1	2	1	1	1	1	1	1	0	0	0	0	0	1	0	0	0	1	0	1	0	0	1	2	2	0	1	1	2	0	0	2	0	4	1	2	3	6	4	3	0	0	5	6	21	5	4	0	3	0	3	1	1	1	0	0	1	1	0	1	0	3	1	0	0	2	1	0	1	1	3	0	0	2	1	1	1	2	4	0	3	5	3	5	5	8	3	8	12	1	11	9	20	30	70	0	20	71	19	7	3	2	1	3	2	1	1	0	0	1	1	2	0	1	0	0	1	2	1	1	2	1	0	0	4	5	4	1	2	0	3	1	6	2	0	4	1	2	3	1	0	0	1	0	1	0	1	1	0	1	0	0	1	0	1	1	1	0	0	0	0	0	1	2	0	1	1	0	0	0	1	2	1	0	2	2	0	1	0	0	1	1	0	0	1	1	0	0	0	0	1	0	0	0	1	0	0	0	0	0	0	0	0	0	0	0	0	0	0	0	2	0	1	0	0	0	0	0	0	0	0	0	0	0	0	1	0	0	0	0	0	1	0	1	1	0	0	0	0	0	0	0	0	0	1	1	0	0	0	0	0	0	0	0	0	0	0	0	0	0	0	0	0	0	0	0	0	0	1	0	0	0	0	0	0	0	0	0	1	0	0	0	0	0	0	2	0	1	1	0	0	0	0	0	0	0	0	3	0	1	0	1	0	0	0	0	1	0	0	1	0	0	0	0	0	0	0	1	0	0	0	0	1	0	0	1	0	1	1	1	0	1	0	0	1	0	0	0	0	0	0	1	0	0	0	0	0	0	0	0	0	0	0	0	1	0	0	2	0	0	0	0	0	0	1	0	0	1	1	0	0	0	0	0	0	0	0	0	0	0	0	0	1	2	0	1	1	1	0	0	0	0	0	1	0	0	0	1	0	0	0	0	0	0	0	1	0	0	0	1	0	0	0	1	1	1	0	0	0	0	0	0	0	0	0	0	0	1	0	0	0	0	1	1	0	1	0	0	0	0	0	0	0	0	0	0	1	0	0
0	0	0	0	0	0	0	2	1	1	1	1	2	0	0	1	1	3	0	0	0	1	1	0	1	1	1	0	2	1	3	3	3	0	2	2	2	1	4	2	4	1	0	1	2	2	0	0	1	1	1	0	1	0	0	1	2	0	2	0	0	1	1	1	0	0	0	0	0	0	0	0	0	1	0	3	1	0	7	1	2	0	2	3	14	20	3	2	4	0	2	3	0	1	1	1	1	0	1	0	1	2	1	0	2	0	0	0	1	2	3	0	1	0	1	0	1	3	5	0	1	0	2	4	0	5	8	3	6	6	8	11	5	7	8	20	0	129	14	7	3	1	0	3	0	0	0	2	1	0	0	0	0	0	0	2	0	0	0	2	1	1	1	1	6	1	3	1	3	1	0	1	3	4	1	3	0	0	1	1	0	1	0	0	0	0	1	1	0	0	0	0	0	1	1	0	0	0	0	0	0	0	0	0	0	0	1	0	0	2	0	0	0	1	0	2	0	3	0	1	0	0	0	0	0	0	0	0	1	0	0	1	0	1	0	0	1	0	0	0	0	1	0	0	0	0	0	0	0	1	0	0	0	0	1	0	0	0	0	0	0	0	1	0	0	0	1	0	0	0	0	0	0	0	0	0	0	0	0	0	0	0	0	0	0	1	0	0	0	0	0	0	1	1	0	0	1	2	0	1	0	0	0	0	0	0	0	0	0	0	0	0	0	0	1	0	0	0	0	0	0	0	0	0	0	0	0	0	0	0	0	2	0	0	0	1	0	0	0	0	0	0	1	0	0	1	0	0	0	0	0	0	0	0	0	0	1	0	0	0	0	0	0	0	0	0	0	0	0	0	0	0	0	0	0	0	1	0	1	0	0	0	1	0	0	0	1	1	1	0	1	1	0	0	0	0	0	0	0	0	0	0	0	0	0	0	0	0	0	1	0	0	0	0	0	0	0	0	1	1	1	2	0	0	0	0	0	0	0	1	0	0	0	0	1	0	0	0	0	0	0	0	0	0	0	0	0	0	0	0	0	0	0	0	0	0	0	0	1	0	0	0	1	0	0	0	1	0	0	0	0	0	0	0	0	0	0	0	0	0	0	0	0	0	0	0	1	0	0
0	0	0	0	0	0	0	0	2	1	0	0	2	1	1	1	0	0	2	3	2	2	2	0	0	0	0	4	0	1	2	3	1	4	1	1	1	3	3	5	0	0	2	1	1	1	2	0	1	1	0	0	0	0	0	2	0	1	0	1	0	1	0	3	1	1	0	0	1	2	1	0	1	1	0	1	4	4	6	0	2	0	3	1	12	12	4	3	2	4	4	2	0	1	2	0	1	1	0	0	2	0	0	0	0	4	0	1	2	1	0	1	0	0	2	1	1	0	4	1	3	1	1	2	3	1	6	8	5	6	12	7	14	5	29	71	129	0	19	7	2	4	0	2	1	2	1	0	1	0	0	0	0	0	0	2	1	2	3	1	1	3	1	0	2	0	2	2	1	1	2	3	3	0	0	2	3	1	1	0	3	0	2	1	1	0	0	2	1	1	0	0	0	0	0	0	0	2	0	0	1	2	0	0	0	0	1	0	0	0	0	0	0	1	0	1	1	0	1	2	0	0	1	0	1	0	0	0	1	1	0	0	1	1	2	0	0	0	0	1	1	0	0	1	0	0	0	0	1	0	1	0	0	0	0	0	0	0	0	0	0	0	0	0	0	0	0	0	0	0	0	0	0	0	0	0	0	0	0	0	0	2	1	0	0	0	0	0	1	0	0	0	0	0	0	1	0	0	0	0	0	0	0	0	1	0	0	0	0	0	0	1	0	0	0	0	0	0	0	0	0	0	0	1	0	0	1	0	0	0	0	2	0	0	1	1	0	0	1	0	0	0	2	0	0	0	0	0	0	0	0	1	0	1	0	0	1	0	0	0	0	0	0	0	0	0	0	0	0	0	0	0	1	1	0	1	0	1	0	0	1	0	0	2	0	1	0	0	0	0	0	0	0	0	0	0	0	0	0	0	0	0	0	1	0	0	0	0	0	0	0	1	0	0	0	0	0	0	0	0	0	1	0	0	0	0	0	0	0	0	0	0	0	0	0	0	0	0	1	0	0	0	0	0	0	0	0	0	0	0	0	0	1	0	1	0	1	0	0	0	1	1	0	0	0	0	0	0	1	0	0	0	0	0	0	0	0	0	0	0	1	0	0	0	0	0	0	0	0
0	0	0	0	0	0	0	2	1	2	1	1	2	1	2	1	2	0	2	1	0	0	0	1	0	2	0	4	3	2	4	5	2	4	2	6	3	8	4	4	0	0	3	2	3	2	0	0	1	2	0	1	0	2	0	1	0	2	2	2	1	0	0	3	0	2	2	0	0	1	0	1	3	3	1	2	2	5	9	4	0	1	2	8	36	40	8	3	9	6	1	6	5	3	2	2	0	1	1	3	1	3	1	2	1	2	3	2	1	3	1	2	0	2	1	3	1	2	5	3	11	9	7	7	1	8	7	16	19	11	24	62	34	9	6	19	14	19	0	20	10	2	0	2	0	1	2	1	0	0	2	2	0	2	2	1	0	1	0	3	4	1	1	2	2	5	2	2	1	4	3	3	5	2	1	2	3	1	2	1	1	1	1	2	1	2	2	1	1	0	1	0	1	0	0	0	0	0	0	0	1	0	0	0	0	0	0	0	1	0	1	1	0	1	0	4	1	4	0	1	0	3	1	2	0	3	0	2	0	1	3	0	0	1	1	1	0	0	2	0	2	0	0	0	1	0	0	0	1	0	0	0	0	0	1	1	0	0	0	0	0	0	1	0	0	0	2	1	0	0	0	0	0	0	0	1	0	0	0	0	1	0	0	0	1	0	0	0	0	0	0	1	0	0	0	1	0	0	0	2	0	1	0	0	0	0	0	0	0	0	0	0	1	1	0	0	0	0	0	0	0	0	0	0	1	1	1	1	0	0	0	0	2	0	0	0	0	0	0	0	0	0	0	1	0	0	0	0	0	0	0	1	0	1	0	0	0	0	0	1	0	0	0	0	0	0	0	0	0	0	0	0	0	0	0	0	1	0	0	0	0	0	0	0	0	0	0	1	0	1	0	0	0	0	0	0	0	0	1	0	0	0	0	0	0	0	0	0	0	0	0	0	0	0	0	1	0	0	0	0	0	0	0	0	0	0	0	1	0	1	1	0	0	0	0	0	0	0	0	0	0	0	0	1	0	1	1	0	2	0	0	0	1	1	0	0	0	0	0	0	0	0	0	2	1	0	0	0	0	0	0	0	0	0	0	1	0	0	0	1	0	0	0	1	0	1	0	0	0
0	0	0	0	0	0	0	2	0	2	0	2	1	1	3	3	1	4	3	2	2	0	0	2	0	1	2	7	3	1	22	25	14	6	11	12	22	6	6	4	0	1	3	1	3	1	2	2	1	3	0	1	1	0	0	2	1	1	1	4	0	0	2	2	2	0	4	2	3	3	0	1	0	2	7	8	7	28	30	4	3	2	3	1	20	8	2	2	6	4	3	3	2	4	3	1	0	2	0	1	6	1	3	2	0	3	5	3	2	0	2	3	4	1	3	1	3	2	11	4	22	15	14	3	2	9	1	4	4	11	51	29	25	9	3	7	7	7	20	0	41	7	2	10	3	1	1	2	2	2	0	1	2	3	1	2	1	0	0	0	2	7	5	11	6	5	9	3	7	8	11	2	7	5	4	3	9	5	4	8	5	4	1	2	2	3	3	2	2	0	0	1	0	0	1	0	0	2	0	0	0	1	0	0	0	1	1	1	0	2	2	1	3	2	1	3	3	3	1	1	2	0	0	0	0	0	1	1	1	0	0	0	1	0	2	1	0	0	1	1	1	0	1	0	0	1	0	0	1	0	1	0	1	0	0	1	0	0	0	0	0	0	0	0	0	0	0	0	0	1	1	0	0	0	0	0	0	0	0	1	0	0	0	0	0	1	0	0	1	0	0	0	0	0	0	0	0	0	1	1	1	2	0	0	0	1	0	0	0	0	0	0	1	0	0	0	0	0	0	0	0	0	1	0	1	0	1	0	0	0	1	1	0	1	0	0	0	0	1	0	0	0	0	0	1	0	0	0	0	0	1	0	0	0	0	1	0	1	0	1	1	0	0	1	0	0	0	0	1	0	1	0	0	1	1	0	2	1	1	1	1	0	1	0	0	0	1	1	0	1	0	0	0	0	0	1	0	1	0	0	0	0	0	0	0	0	0	1	0	0	0	1	0	0	1	1	0	0	0	0	0	0	0	0	0	1	3	2	0	1	0	0	1	0	0	0	0	0	0	1	1	0	1	0	0	0	0	0	0	0	0	0	0	0	1	1	0	0	0	0	0	0	0	0	1	0	1	0	0	0	0	0	0	1	0	0	0	0	0	0	0	0	1	0	0	0	0	0	0
0	0	0	0	0	0	0	0	1	0	1	1	1	0	1	2	4	1	3	2	2	3	0	0	4	1	3	6	5	5	11	23	15	4	9	9	8	4	0	1	0	0	4	2	0	0	1	0	0	1	1	0	1	0	0	0	0	0	1	0	1	0	1	4	0	1	1	3	2	0	0	4	1	1	2	1	4	16	25	0	0	2	2	6	9	2	2	6	2	2	0	1	4	1	1	2	1	0	3	5	1	1	0	0	1	1	2	3	4	3	4	1	1	1	1	0	0	2	4	1	8	10	5	3	1	1	1	5	3	10	15	11	17	6	8	3	3	2	10	41	0	13	10	15	3	1	0	0	0	2	2	3	1	0	9	8	3	2	3	4	3	5	2	6	8	7	21	7	4	5	19	5	7	3	1	5	3	8	6	3	7	7	7	3	4	3	5	1	1	0	0	1	0	0	0	2	1	0	0	0	0	0	0	0	0	0	0	1	1	3	0	1	2	2	2	4	2	3	2	1	3	2	1	1	1	2	5	1	2	4	2	2	1	2	2	0	0	2	0	0	1	1	1	0	0	0	0	1	0	0	2	0	0	0	1	0	0	1	0	0	0	0	0	1	0	1	2	0	0	0	0	0	0	0	0	0	0	0	0	0	1	1	0	1	0	0	0	0	0	0	1	0	0	1	0	0	0	0	0	0	0	1	0	2	0	0	0	0	0	0	1	0	0	0	1	1	0	0	1	0	0	0	0	0	1	0	0	1	0	0	1	1	0	1	0	0	0	1	0	0	0	0	0	0	0	0	0	0	0	0	0	1	0	0	0	0	0	0	0	1	0	1	1	0	0	0	0	0	0	0	0	1	0	1	0	0	0	0	0	1	0	1	1	0	1	0	0	1	0	0	1	1	0	2	0	1	0	0	0	0	1	0	0	0	0	0	0	1	0	0	0	1	0	0	0	0	1	0	0	1	0	0	0	0	0	0	0	0	1	0	0	0	0	0	0	2	0	0	0	0	0	0	0	0	0	0	0	0	0	0	0	0	0	1	1	0	0	1	0	0	0	0	0	0	0	0	1	1	1	0	0	1	1	1	1	0	1	0	0	0	1	0	0	0	0	0	0	0	0
0	0	0	0	0	0	0	2	1	1	0	0	0	1	1	0	2	2	2	0	1	0	2	0	3	4	3	9	5	8	7	10	12	10	10	4	6	2	0	2	0	1	0	0	2	0	1	1	0	0	0	1	1	0	2	0	1	2	0	2	1	4	3	1	1	1	0	1	0	0	1	0	2	0	1	2	4	4	5	2	0	1	2	4	2	1	4	0	0	0	2	6	2	2	1	0	4	1	1	0	2	2	2	0	3	2	1	0	2	4	3	1	3	1	0	3	1	4	0	4	6	3	4	0	1	2	0	3	3	3	2	1	3	2	0	2	1	4	2	7	13	0	176	40	13	4	4	6	1	0	4	3	3	3	8	8	5	6	3	10	7	28	14	52	5	7	77	17	9	8	9	2	5	1	4	5	4	9	9	9	16	16	7	6	7	5	2	1	3	1	1	0	1	1	0	0	0	0	2	0	2	1	0	1	0	1	0	1	1	0	0	1	5	2	7	4	3	2	4	3	9	0	0	0	3	3	3	0	2	4	4	1	3	1	2	0	2	0	0	1	0	1	1	1	0	1	1	0	2	0	0	0	0	2	0	0	1	0	1	0	0	1	1	0	0	0	1	0	1	0	0	1	1	0	0	1	0	1	0	1	1	0	1	0	0	1	1	0	0	1	1	1	0	0	1	0	0	0	0	2	0	0	2	0	1	0	0	0	0	1	0	0	0	0	0	1	1	1	1	0	2	0	1	0	1	0	0	1	1	0	1	1	3	4	0	1	0	1	1	1	1	3	2	0	0	1	0	0	2	0	0	1	0	0	1	1	0	0	0	0	0	0	0	0	0	0	1	0	1	0	0	1	1	0	0	0	0	0	0	1	1	0	1	1	0	1	3	0	0	1	1	0	2	0	0	1	1	0	0	0	0	0	3	0	0	0	0	1	0	1	0	0	0	1	1	1	2	0	0	1	1	0	0	0	0	0	0	0	2	0	0	0	0	0	0	0	0	0	0	0	0	0	0	0	0	1	0	1	0	1	1	1	0	0	0	0	0	0	0	0	0	0	0	0	0	0	0	0	0	0	0	1	0	0	0	0	0	0	1	0	0	0	0	0	1	0	0	0	0
0	0	0	0	0	0	0	0	0	1	2	1	1	0	0	0	0	1	2	2	1	1	1	1	4	7	5	7	5	8	4	7	12	12	2	7	2	3	0	0	1	0	0	0	0	0	0	0	1	2	0	0	0	0	0	2	1	1	0	0	4	0	2	2	0	1	1	3	0	0	0	2	2	3	2	6	2	4	6	0	1	1	0	1	2	4	3	3	1	3	2	0	1	1	7	1	2	0	3	0	4	3	2	1	0	2	1	3	1	2	0	2	2	0	0	2	3	2	1	2	2	6	0	2	2	0	3	0	1	2	2	4	1	1	2	1	0	0	0	2	10	176	0	84	17	7	4	3	3	0	0	2	2	10	9	5	3	6	2	8	5	13	10	26	5	5	20	9	3	4	4	1	1	0	2	3	5	6	8	4	10	28	13	6	5	3	7	4	4	3	0	0	0	1	3	1	0	0	0	0	1	1	4	1	0	0	1	1	0	1	3	2	6	2	2	2	2	3	3	4	4	1	2	2	3	0	0	1	1	4	4	2	1	3	3	2	0	2	1	1	1	2	1	0	0	2	0	2	1	1	0	0	1	2	0	0	0	0	0	0	0	0	1	0	1	2	0	0	4	0	0	0	1	0	0	0	0	1	1	1	0	0	0	0	0	1	0	1	0	1	0	0	1	0	1	0	0	1	1	0	1	2	0	0	0	0	2	0	1	0	0	0	0	1	1	0	1	0	0	0	0	0	0	0	0	0	0	0	0	0	0	1	0	1	2	2	0	1	2	1	0	0	0	0	0	0	0	0	0	3	0	0	0	0	0	2	0	0	0	0	1	0	0	0	1	0	1	1	1	1	0	0	1	1	0	0	1	0	0	1	0	1	0	0	0	0	0	0	0	0	0	0	0	0	0	0	0	1	0	0	0	0	0	2	1	0	0	0	0	0	0	0	1	0	0	1	0	1	0	1	0	0	1	0	1	0	2	2	2	2	1	0	1	0	0	1	0	0	0	0	0	1	1	0	1	0	0	0	0	0	1	0	0	0	1	1	1	0	2	0	0	0	0	1	0	0	0	1	0	0	0	1	2	0	0	1	0	1	0	0	1	0	0	0	0	0	0	0	0
0	0	0	0	0	0	0	0	2	0	1	1	3	1	4	0	0	2	5	0	4	4	2	3	3	5	8	5	8	12	11	8	17	12	6	4	5	1	0	2	0	0	1	2	0	1	0	0	0	0	0	0	0	1	1	2	0	0	1	1	1	2	1	2	1	3	1	1	1	0	0	2	2	3	0	3	7	3	5	0	2	1	1	1	2	2	4	3	2	0	2	2	3	2	4	4	1	1	1	0	2	4	1	2	1	1	1	1	2	1	0	1	0	0	0	2	1	1	3	0	3	7	1	1	2	1	2	2	0	1	3	6	7	5	2	3	3	2	2	10	15	40	84	0	15	4	1	1	1	5	1	2	2	9	4	4	2	1	3	6	7	8	8	18	4	5	18	4	3	5	4	2	2	1	2	2	7	9	4	5	11	24	12	3	8	6	8	3	1	3	0	0	1	1	1	2	2	2	0	0	0	1	1	1	1	1	0	1	1	0	2	1	1	4	5	1	1	1	0	2	1	3	0	1	1	2	1	2	2	3	3	1	3	1	1	1	0	2	2	1	0	0	0	1	0	1	2	2	1	0	0	0	1	1	2	0	0	0	0	2	0	1	0	0	0	1	0	0	0	0	0	0	1	1	0	0	0	0	0	0	0	0	0	0	0	2	2	0	0	0	2	0	1	0	0	0	1	0	1	0	1	1	1	1	0	0	0	0	1	0	0	1	0	1	1	0	1	0	0	0	0	1	0	0	1	0	0	0	0	0	0	0	0	0	0	0	1	1	0	0	1	2	0	1	1	0	1	0	1	1	0	0	0	0	1	0	0	0	0	0	0	0	0	0	0	0	0	0	0	0	0	2	2	0	0	0	0	0	2	1	0	1	1	0	3	1	0	1	0	1	1	0	0	0	0	0	0	0	0	0	0	0	0	0	0	1	0	0	1	0	0	0	0	0	0	0	0	0	0	0	0	0	1	0	2	0	1	0	1	0	0	0	0	0	0	0	1	1	0	1	0	0	0	0	0	0	0	0	0	0	1	1	2	2	0	1	0	1	2	1	0	0	1	0	0	1	0	0	0	0	0	0	1	0	0	1	0	0	0	4	0	0	0	1	0	0	1	0	0
0	0	0	0	0	0	0	2	0	1	1	1	3	1	2	3	1	0	3	0	4	1	1	2	8	9	7	5	10	9	4	3	4	10	5	3	4	2	1	1	1	0	0	1	0	2	1	0	2	2	1	2	0	0	0	0	2	3	0	1	2	2	2	1	1	3	0	3	1	0	0	0	0	1	1	1	1	0	0	1	0	1	0	1	1	1	2	2	0	1	1	2	5	1	3	2	4	1	4	1	4	7	5	2	1	1	1	1	4	1	0	1	0	0	1	0	1	1	2	0	1	1	4	0	0	1	1	0	0	1	3	1	3	0	2	2	0	1	0	3	3	13	17	15	0	37	16	10	4	2	2	5	5	7	7	2	2	2	8	4	4	9	8	11	2	1	8	13	6	0	3	0	3	2	1	3	3	2	7	15	47	61	37	17	7	9	11	3	5	4	1	0	0	1	0	0	0	1	0	1	2	0	2	0	3	0	1	1	2	1	0	3	12	11	4	0	0	2	5	1	3	2	0	1	2	0	1	1	4	4	4	6	7	2	5	0	0	2	1	1	0	0	1	0	1	1	1	0	0	0	0	0	2	0	0	1	1	0	0	0	1	0	0	1	1	0	0	1	0	0	0	2	1	0	1	0	0	0	2	0	0	2	2	0	0	0	1	0	2	1	0	1	0	0	0	0	1	3	0	0	0	0	0	0	0	0	0	1	2	0	0	0	1	2	2	0	0	0	0	0	0	1	3	0	1	1	1	2	0	0	0	2	1	1	0	4	1	0	4	1	2	0	0	2	0	1	0	0	0	0	0	0	0	3	0	0	1	0	1	1	1	0	0	1	0	0	2	2	0	0	3	0	0	3	0	0	0	1	0	1	0	1	0	1	0	1	1	1	0	0	2	0	0	0	0	0	1	0	0	0	0	0	0	1	1	0	0	0	0	0	0	1	2	0	0	0	1	0	1	0	1	1	0	0	0	0	0	1	2	0	0	1	0	1	0	0	0	1	0	0	0	0	0	0	0	0	0	0	0	0	0	0	0	0	0	1	0	1	0	1	0	0	0	0	0	1	0	0	0	0	2	0	0	0	1	0	1	0	0	0	1	0	0	0	0	0	1	0	0
0	0	0	0	0	0	0	1	0	0	0	0	1	0	0	2	0	2	1	5	4	4	3	3	16	16	16	7	5	1	1	0	4	7	2	3	4	2	4	0	0	1	1	2	0	1	1	0	0	1	0	0	2	1	2	1	1	3	1	1	1	2	0	4	0	0	0	1	0	0	1	1	0	1	1	0	3	1	3	2	1	0	0	0	3	0	1	0	0	0	1	1	2	1	2	2	1	1	4	4	4	1	1	1	1	1	0	1	1	0	1	2	1	0	0	4	0	0	0	0	1	1	2	1	1	1	0	1	1	2	1	0	2	0	0	1	0	2	1	1	1	4	7	4	37	0	34	6	10	5	5	3	10	12	5	5	7	8	9	9	6	8	3	9	0	4	8	3	4	3	1	1	0	2	5	1	3	1	5	16	22	11	15	12	7	7	2	3	2	2	1	1	3	0	0	1	0	2	1	1	2	1	0	2	1	0	0	0	2	1	3	4	4	5	3	1	0	2	3	7	4	4	1	1	1	2	2	3	0	1	3	9	1	4	2	4	1	3	2	1	0	1	0	0	1	1	3	0	0	1	1	3	2	2	1	1	1	0	0	0	2	0	0	0	0	0	1	1	1	0	1	1	1	0	0	0	0	0	0	0	0	0	0	0	0	0	2	0	1	0	1	0	1	0	0	0	0	1	1	0	1	1	0	1	0	0	1	0	0	0	0	0	0	0	0	2	0	0	1	0	1	0	1	0	0	4	2	2	0	1	1	3	3	2	1	3	2	1	1	2	1	0	1	0	1	0	0	1	0	0	0	0	0	1	0	0	3	1	0	0	0	1	0	2	1	0	0	0	0	0	0	1	1	3	0	0	1	3	3	3	0	1	1	1	3	1	0	0	3	1	1	0	0	1	0	0	0	0	1	0	1	1	0	0	0	0	0	0	0	0	0	0	0	0	1	1	0	0	2	0	0	2	1	0	2	0	2	0	0	1	0	0	2	0	2	0	0	0	0	0	0	0	0	2	0	1	1	0	0	0	1	3	0	2	2	0	1	1	0	0	0	0	0	1	0	0	0	1	1	0	0	0	1	0	1	0	0	1	1	0	0	0	1	1	0	0	0	1	0
0	0	0	0	0	0	0	1	1	0	1	1	1	1	0	1	1	3	6	1	3	3	4	3	9	6	11	3	5	3	3	1	4	2	3	1	1	1	2	0	1	0	0	1	0	1	1	0	0	1	0	0	0	0	0	0	0	0	1	0	2	1	0	1	3	1	2	1	1	3	0	0	0	0	1	2	3	3	3	2	1	3	0	3	1	2	0	1	1	1	0	0	0	1	4	1	1	3	2	0	5	2	1	2	1	0	1	1	0	1	1	0	0	1	1	1	0	1	1	1	0	2	0	0	1	1	0	0	2	0	0	1	1	2	1	1	0	1	2	1	0	4	4	1	16	34	0	31	6	11	6	7	17	17	2	5	7	3	16	8	3	4	7	3	3	5	1	1	4	5	6	1	1	0	5	0	3	0	2	11	10	4	5	7	2	6	2	4	1	0	0	0	1	2	2	0	2	0	0	1	0	0	0	1	0	0	0	1	5	2	0	4	3	5	9	8	2	1	7	4	7	6	5	3	4	1	4	5	6	2	12	6	9	4	6	5	0	0	1	2	2	0	2	0	1	1	3	2	0	0	0	0	2	0	0	2	0	0	0	1	0	0	1	0	1	1	0	2	0	1	0	0	0	1	1	0	0	1	1	0	0	1	2	0	2	0	1	0	1	2	1	0	1	0	0	1	1	0	0	1	0	0	0	1	1	2	0	0	0	1	1	1	0	0	0	2	0	1	0	0	1	1	0	1	2	2	0	0	2	0	0	1	1	1	3	0	3	2	3	2	2	2	0	2	0	1	0	1	0	0	0	0	1	0	1	1	1	1	1	0	0	0	1	0	1	0	0	2	1	0	2	0	0	0	1	0	1	1	1	3	1	0	2	1	1	1	4	3	0	1	0	1	0	2	0	0	1	0	0	1	1	0	1	1	0	1	0	1	1	1	0	0	1	0	0	0	1	0	0	0	1	0	0	0	2	1	1	1	1	0	1	0	1	0	0	0	0	0	1	0	0	1	1	0	0	0	0	0	0	1	0	2	0	1	1	0	3	0	0	0	2	1	2	0	1	1	0	0	1	0	0	0	0	0	0	1	0	2	2	0	0	0	0	0	0	1	0	1	0
0	0	0	0	0	0	0	1	0	2	2	1	3	0	1	1	1	3	2	3	0	5	6	2	7	11	2	2	1	3	2	3	5	2	3	4	1	2	0	1	0	0	0	1	1	1	0	0	1	0	2	0	1	1	0	1	0	2	0	1	0	4	0	0	0	1	1	2	2	1	0	0	0	0	1	4	5	2	4	0	0	0	1	0	1	0	1	2	2	0	1	0	0	1	2	1	1	1	1	0	1	0	1	1	0	0	0	0	1	0	3	1	1	1	0	0	0	2	2	3	0	1	0	0	1	2	0	0	0	0	4	0	0	1	0	0	2	0	1	2	0	6	3	1	10	6	31	0	20	14	9	13	70	32	7	4	14	10	17	8	7	8	8	2	0	2	3	2	1	1	0	2	3	1	2	4	0	4	1	8	4	3	1	5	2	3	0	3	2	2	2	1	2	1	0	1	0	0	0	0	0	2	0	2	0	0	0	0	1	0	0	0	1	6	9	7	3	3	14	9	3	5	1	1	3	1	6	5	1	2	3	6	5	4	4	2	0	1	1	1	0	1	0	0	1	1	2	1	0	1	0	1	0	0	1	1	1	0	1	0	0	0	0	1	0	0	2	0	1	0	0	0	0	1	0	0	0	0	0	0	0	0	1	1	3	2	1	1	0	2	2	0	0	1	0	2	0	0	0	0	2	2	0	1	2	2	1	0	0	1	0	0	1	0	2	1	1	0	2	1	0	1	1	2	0	2	2	1	1	0	0	1	1	4	2	2	1	1	1	2	3	4	0	0	0	1	0	0	0	0	0	0	0	0	0	1	0	2	1	0	0	1	0	1	0	1	0	1	1	0	0	0	0	1	1	0	0	1	1	1	2	1	1	0	1	1	2	2	1	2	1	1	0	1	1	0	1	1	1	0	0	1	0	1	0	1	0	0	0	1	0	0	0	0	1	3	0	0	0	0	0	1	1	0	0	1	4	0	2	2	1	0	1	0	1	0	0	1	0	0	0	0	0	1	0	1	0	0	0	0	0	0	0	2	1	5	2	0	0	0	0	0	0	0	1	1	0	0	1	1	0	0	2	0	0	1	0	2	0	1	1	1	0	0	0	0	0	0	1
0	0	0	0	0	0	0	2	2	1	1	0	0	0	1	0	1	1	2	1	2	0	1	3	0	1	2	1	0	2	0	1	3	0	1	0	0	1	0	0	0	0	0	0	1	1	3	0	0	0	0	0	1	0	0	3	1	1	0	0	4	0	0	0	2	1	0	0	0	0	0	1	3	1	1	2	0	2	1	0	1	1	3	1	0	0	0	0	2	0	1	2	1	0	0	0	0	1	2	2	2	3	1	0	1	0	1	1	1	1	0	0	1	1	0	1	1	0	0	0	0	2	0	0	1	1	0	1	1	0	0	1	2	0	1	0	1	1	0	2	0	1	3	1	4	10	6	20	0	134	120	119	22	2	4	2	1	9	15	4	2	2	3	2	0	1	3	0	1	1	0	3	1	0	1	0	0	2	0	2	2	4	1	1	2	2	2	0	1	3	3	0	1	0	0	0	0	0	0	0	0	1	2	1	1	1	0	1	0	0	2	0	0	0	4	5	0	8	9	14	3	3	4	4	2	2	2	5	7	2	1	4	9	4	2	2	2	0	2	0	1	0	0	1	0	2	1	1	0	0	1	0	0	1	0	0	0	0	0	1	0	0	2	0	0	1	2	0	1	0	0	0	1	0	0	0	1	0	0	0	0	1	1	0	0	3	2	0	0	0	1	0	1	0	0	0	1	2	2	2	1	0	0	1	0	0	0	2	1	0	0	0	1	0	0	0	1	0	1	1	1	1	1	0	0	1	1	0	0	0	0	2	1	2	2	2	7	0	3	0	1	1	0	1	0	0	1	2	1	1	0	0	1	0	1	1	2	1	1	0	0	0	1	0	0	1	1	0	1	1	1	1	0	2	1	0	0	1	1	2	0	0	1	1	3	1	2	2	4	4	2	0	2	2	0	0	1	0	1	0	2	0	0	1	0	0	0	2	0	2	1	0	0	0	0	0	0	0	0	4	0	0	0	0	1	1	2	0	4	0	1	4	0	0	0	0	0	0	1	0	0	0	0	0	0	1	1	0	1	2	1	1	6	3	4	4	1	0	1	0	3	0	1	4	1	0	2	1	0	1	1	1	0	3	1	0	1	2	2	0	2	0	0	0	0	1	0	0	0
0	0	0	0	0	0	0	2	0	0	0	0	2	0	2	0	0	2	0	0	2	3	2	2	0	1	6	1	0	0	0	1	2	0	1	0	1	0	0	3	1	0	0	0	0	0	0	1	1	3	1	0	0	3	0	1	0	1	2	2	2	2	1	2	1	0	1	1	2	1	0	2	0	0	0	5	2	0	1	1	0	2	0	0	1	0	0	2	0	0	0	1	0	1	1	0	0	0	1	1	0	2	0	1	0	0	0	1	0	0	0	0	0	0	0	0	1	0	1	2	2	1	0	0	0	0	1	0	1	0	1	0	0	0	0	1	0	0	0	2	2	0	0	5	2	5	11	14	134	0	101	38	13	5	2	3	5	4	11	9	1	5	4	0	2	1	1	5	2	0	3	1	1	0	0	2	0	2	3	3	1	4	3	1	0	1	1	1	2	0	2	2	3	0	1	0	0	3	0	0	0	1	0	3	1	1	1	0	3	2	4	1	1	2	6	3	1	2	5	9	4	5	8	1	4	3	1	4	6	3	5	6	9	4	4	3	0	3	1	1	0	1	0	0	0	1	1	0	0	2	1	3	1	1	0	1	0	3	0	1	0	0	1	0	1	0	1	0	2	1	0	0	0	1	0	0	1	1	0	0	0	2	1	0	0	1	0	0	1	0	0	0	1	0	1	2	1	2	0	0	4	0	0	1	0	0	0	1	0	1	1	0	0	0	0	3	3	2	2	1	2	2	1	0	0	2	0	1	1	0	1	2	3	2	3	4	7	5	4	1	0	2	2	1	0	1	0	0	1	1	1	1	0	1	0	0	1	1	0	0	0	1	1	0	1	2	1	1	0	1	2	1	1	0	0	0	0	0	1	1	2	2	4	1	1	1	5	4	7	2	2	0	1	1	0	0	0	1	0	1	0	0	0	2	0	2	0	2	2	1	0	3	0	2	2	1	0	2	1	1	1	0	1	0	2	1	3	4	1	3	1	0	2	2	1	1	1	2	0	0	0	0	1	2	1	0	0	1	3	0	0	2	3	5	8	8	0	2	1	1	0	0	2	0	5	0	1	1	0	1	0	0	1	2	0	1	0	1	0	1	2	0	0	0	0	0	0	1	0
0	0	0	0	0	0	0	0	0	0	0	0	0	0	0	1	0	3	0	2	1	4	2	0	5	2	2	6	0	2	0	4	1	1	0	0	1	1	0	1	0	1	0	0	1	2	0	0	0	0	0	0	0	1	2	1	0	1	0	2	1	1	1	3	0	0	0	0	0	0	0	2	0	0	0	0	0	1	0	1	0	0	1	0	0	1	0	0	0	1	0	2	0	0	1	2	1	0	1	0	4	0	0	0	0	0	2	0	0	1	0	0	0	0	1	0	0	0	1	1	0	1	2	2	0	1	0	0	0	2	1	1	3	0	1	1	0	0	2	0	2	4	0	1	2	5	6	9	120	101	0	51	8	4	2	2	2	3	8	3	1	0	0	1	1	1	1	1	1	3	1	2	0	1	0	2	0	2	0	1	0	0	2	1	2	3	0	0	1	0	0	0	0	1	0	0	0	0	0	0	0	1	0	3	0	1	0	1	2	2	0	0	1	2	4	3	1	2	4	4	5	6	3	2	3	2	2	5	0	3	5	10	4	1	4	2	0	0	0	0	2	0	0	0	1	0	0	2	0	0	0	1	0	1	1	0	1	0	0	0	1	0	1	0	1	1	0	0	2	1	0	0	0	0	0	0	0	1	0	0	0	1	0	1	0	0	0	1	0	1	1	0	0	1	1	0	1	1	2	0	2	0	1	0	0	0	0	0	0	0	0	1	0	0	1	1	1	0	1	1	2	0	1	0	0	1	2	0	3	1	1	1	3	2	3	6	1	1	1	1	1	3	3	0	1	0	2	1	4	1	2	1	0	0	0	0	1	1	0	0	0	1	1	0	0	0	0	2	0	0	2	0	1	0	0	2	0	1	1	1	2	0	4	2	2	5	6	6	0	1	4	0	0	0	1	1	1	0	1	0	1	0	0	1	2	0	0	1	0	2	1	1	1	2	0	2	0	1	0	1	0	1	1	3	0	1	2	3	1	4	2	0	1	1	0	1	0	0	0	0	3	0	1	0	2	1	1	0	0	2	1	7	5	5	4	3	2	1	1	5	1	1	1	0	1	1	0	0	1	0	1	0	0	1	0	2	0	0	2	0	2	0	0	1	1	0	1	0	1
0	0	0	0	0	0	0	0	1	1	1	1	0	1	0	1	0	1	2	3	1	4	4	0	4	2	4	4	2	1	0	0	1	0	0	1	0	1	1	1	0	0	0	0	0	0	0	1	0	0	0	2	1	0	1	0	0	1	3	2	1	1	1	1	1	1	1	0	0	1	0	1	1	0	2	1	2	1	0	1	1	1	0	1	2	0	1	1	2	0	0	1	0	1	0	1	0	1	0	1	0	3	2	1	1	2	0	0	2	0	2	0	0	1	0	0	1	0	2	1	1	1	0	2	0	0	0	0	0	0	1	3	0	1	0	2	0	0	2	1	3	3	2	2	5	3	7	13	119	38	51	0	32	10	2	2	5	10	11	7	5	3	2	3	0	1	2	1	2	3	1	2	3	0	0	5	1	2	1	5	0	3	3	2	1	0	1	0	1	0	1	1	0	0	0	1	0	0	0	1	0	1	0	0	0	0	1	0	0	0	0	1	0	0	8	3	6	7	6	13	6	7	9	4	8	2	6	10	5	2	2	5	5	3	4	1	1	0	0	1	0	0	1	0	1	0	1	1	1	1	0	0	0	0	0	0	0	1	2	1	1	0	0	0	0	0	1	0	0	0	0	0	0	0	0	0	0	0	1	0	2	0	0	0	0	1	1	0	0	1	0	0	1	2	1	0	1	1	0	0	3	0	0	1	0	0	0	2	0	0	1	0	1	1	0	1	2	0	3	0	0	1	1	2	1	0	0	2	1	0	0	0	2	3	0	3	4	5	2	1	0	1	1	0	0	0	0	0	1	1	1	1	1	0	0	0	1	0	0	0	0	0	4	1	0	1	0	0	0	0	2	2	1	1	0	1	0	0	0	2	0	0	2	0	5	0	4	3	1	2	1	1	1	0	0	1	0	0	0	1	0	1	3	0	0	0	1	0	1	0	0	0	2	0	0	1	0	0	2	2	1	0	0	0	4	0	0	2	0	3	0	2	1	0	0	1	0	1	2	0	1	0	0	0	2	0	1	0	1	1	1	0	2	4	0	4	2	3	2	1	0	1	1	0	1	0	0	1	0	1	0	0	2	0	1	0	0	0	1	0	1	0	0	2	0	0	1	1	0
0	0	0	0	0	0	0	4	0	1	1	1	2	1	0	0	2	2	2	0	3	7	4	3	2	4	9	8	2	0	2	1	2	2	3	2	2	0	0	2	0	0	1	0	0	1	1	0	2	0	0	0	0	1	1	2	1	0	1	0	2	3	2	0	0	1	1	1	1	0	0	1	3	1	3	1	0	1	1	0	0	1	0	1	0	0	1	1	2	1	0	0	0	2	3	3	0	0	3	1	2	1	1	0	2	0	0	0	3	2	1	1	0	1	1	1	1	3	0	1	1	3	2	0	1	1	0	1	4	0	0	2	0	0	0	0	0	0	0	2	1	3	2	2	5	10	17	70	22	13	8	32	0	38	8	10	13	15	100	13	15	9	2	2	3	5	2	5	4	4	3	2	2	1	1	6	3	2	4	8	6	3	3	4	3	1	0	0	1	0	1	0	1	0	1	0	0	0	0	0	0	1	2	1	1	1	0	0	0	2	0	0	1	0	6	14	1	8	19	13	8	15	6	5	1	4	5	4	5	3	2	4	4	2	2	2	0	1	1	0	0	1	0	0	0	1	0	0	0	0	0	0	0	0	0	1	0	1	0	1	0	0	0	1	1	0	0	1	1	0	1	0	0	0	0	0	0	0	0	2	0	2	1	0	0	0	1	1	0	0	0	0	0	0	1	1	0	0	0	0	2	1	0	1	1	1	0	0	2	1	0	0	0	0	0	0	2	1	1	1	4	1	1	0	0	1	0	0	1	2	1	1	2	2	3	6	1	3	1	2	0	3	0	0	3	0	0	1	0	1	0	0	1	0	0	1	0	0	1	0	0	0	1	0	1	0	0	0	0	0	2	1	0	1	0	0	3	1	2	0	2	2	2	1	0	1	2	1	1	0	0	2	1	0	1	0	0	0	2	0	0	1	1	1	0	0	0	1	1	0	1	0	0	0	0	2	1	1	2	1	1	1	2	0	1	2	4	0	2	2	0	1	0	1	1	1	0	0	0	0	1	0	1	1	1	0	0	1	0	0	0	1	2	3	2	2	1	1	1	3	1	0	0	1	0	2	1	0	0	0	0	1	0	0	1	1	0	0	0	0	2	0	0	0	0	0	1	1	0
0	0	0	0	0	0	0	2	0	4	2	0	0	0	2	3	1	2	1	2	2	10	5	3	2	7	2	10	1	3	3	3	3	2	0	1	2	1	1	0	0	0	2	0	1	0	1	1	0	0	0	1	1	2	0	2	0	2	1	3	2	0	2	5	0	3	1	2	2	2	1	0	0	3	2	2	2	0	1	0	1	1	1	1	1	0	1	2	0	1	0	2	2	3	1	0	2	2	3	2	3	0	3	0	1	0	4	1	3	1	1	2	0	1	2	0	0	0	2	4	2	4	0	0	2	2	0	0	1	0	1	2	3	3	0	1	0	0	2	3	0	3	10	9	7	12	17	32	2	5	4	10	38	0	11	12	21	29	88	23	15	14	16	4	5	6	5	4	8	5	2	4	2	1	7	4	9	4	12	16	13	14	4	2	6	2	5	0	1	0	1	1	1	2	0	1	0	1	0	1	1	1	0	1	0	1	0	0	2	1	1	3	1	2	9	6	3	3	12	8	13	5	2	1	3	1	2	6	4	7	6	3	3	5	2	0	0	1	1	1	2	1	1	0	1	2	0	0	2	4	1	0	0	0	1	0	0	0	0	0	0	0	0	0	1	0	2	1	0	0	0	0	0	0	0	0	0	0	0	0	1	0	1	0	1	0	0	2	0	0	0	0	0	0	1	1	0	0	0	0	1	0	0	0	0	1	0	1	0	1	0	0	1	1	0	2	2	1	0	2	1	0	0	0	1	0	0	0	0	0	1	1	0	3	2	0	1	0	3	0	1	1	1	0	0	0	1	1	0	3	0	1	1	1	0	0	1	0	0	1	0	0	1	0	0	0	0	1	1	0	0	1	0	0	0	2	1	2	2	0	2	1	0	0	1	0	0	2	1	0	1	0	0	0	0	2	0	0	0	1	0	0	0	0	0	1	0	0	0	1	1	0	1	1	3	0	1	0	0	1	1	1	0	0	0	0	1	0	1	0	1	1	0	0	1	0	1	0	0	1	0	1	1	2	1	0	1	1	0	0	1	0	2	2	1	1	1	0	1	1	2	0	0	0	1	1	0	0	0	1	0	0	0	2	0	1	2	0	1	0	0	0	0	0	0	1	0	0	1
0	0	0	0	0	0	0	2	0	2	1	2	1	0	1	1	1	2	6	4	2	7	3	0	2	5	3	5	8	3	3	3	9	4	1	2	4	3	1	0	0	0	1	0	0	1	1	0	1	2	0	0	0	1	0	1	1	5	3	3	1	1	0	3	2	0	1	1	1	1	2	1	3	1	6	8	6	11	5	1	2	0	0	1	2	1	1	2	2	2	0	1	1	3	2	0	0	0	2	2	2	4	3	1	3	3	0	3	1	2	1	0	3	0	1	2	0	2	2	1	4	2	4	3	2	0	0	1	2	2	0	2	2	5	1	0	0	0	2	1	9	8	9	4	7	5	2	7	4	2	2	2	8	11	0	295	15	111	8	9	8	23	6	5	10	8	11	14	14	7	10	10	7	0	8	36	9	11	8	6	9	7	2	1	1	3	2	0	1	3	1	1	0	1	0	1	0	0	1	0	0	0	1	0	0	1	1	1	0	0	0	1	1	1	9	12	3	6	9	7	3	1	4	0	3	6	2	2	2	0	5	0	2	2	0	0	0	2	1	0	0	0	0	0	0	0	0	2	0	0	0	0	0	0	0	0	0	0	0	0	0	2	1	0	0	1	0	0	0	0	0	1	0	0	0	0	0	0	0	0	0	0	1	0	0	0	0	0	1	0	0	0	0	0	0	0	1	1	1	0	0	0	0	0	1	0	1	0	1	1	0	0	1	0	0	0	0	0	0	0	0	1	1	1	2	0	1	0	0	0	0	0	1	2	2	0	2	2	0	0	3	2	3	2	1	1	0	0	1	1	2	0	1	1	0	0	0	0	0	0	1	0	0	0	1	0	0	0	1	1	1	0	2	0	1	2	2	0	0	2	0	0	1	1	0	1	0	1	2	0	1	0	1	1	0	0	0	0	0	0	0	1	0	1	0	0	0	0	0	2	0	1	1	0	0	1	0	1	0	0	1	0	0	1	2	2	2	0	0	0	0	0	0	1	0	0	0	0	0	0	0	1	0	0	0	1	0	0	0	1	0	1	0	1	1	1	0	0	1	0	0	0	0	0	1	0	0	0	1	1	0	0	0	0	0	1	1	0	0	2	0	2	0	0	0	0	0	0	0
0	0	0	0	0	0	0	1	3	2	1	0	3	2	0	1	0	4	5	4	5	7	7	2	1	2	5	14	2	0	7	6	4	1	2	2	1	1	0	2	3	0	0	2	1	1	0	1	0	1	1	1	1	0	3	2	3	3	4	6	6	1	2	2	4	3	3	4	3	2	3	1	4	2	2	3	2	9	7	1	4	2	0	3	3	1	0	1	2	1	0	2	0	0	0	0	2	3	4	2	3	6	1	2	1	0	2	3	1	5	3	1	0	0	4	1	1	0	4	3	0	3	4	3	0	0	1	0	0	0	2	4	3	1	1	0	2	2	1	2	8	8	5	4	2	5	5	4	2	3	2	2	10	12	295	0	16	88	10	10	6	16	7	6	11	5	6	17	14	11	18	16	6	3	12	48	18	20	16	7	3	2	2	2	1	3	1	1	1	0	1	1	1	1	0	3	0	2	0	0	2	0	1	0	1	0	0	1	2	1	2	1	2	3	9	13	2	10	13	3	4	3	2	3	4	1	2	3	1	3	2	1	2	2	2	0	3	1	2	0	1	0	0	0	0	0	0	0	1	0	0	0	0	0	0	0	1	1	0	0	1	0	0	0	0	0	0	1	0	1	0	1	0	0	0	1	0	1	0	0	1	0	0	0	0	1	0	0	0	1	0	0	0	0	0	0	0	0	0	0	0	0	1	0	0	2	0	0	0	0	1	0	1	0	0	0	2	0	0	1	1	0	1	0	0	0	1	1	0	1	0	0	1	0	4	0	4	4	2	2	3	2	1	0	0	0	1	0	1	0	0	2	0	0	1	0	0	1	0	0	0	0	1	0	0	0	0	0	0	1	0	1	0	0	0	1	1	2	0	1	0	3	0	0	0	2	0	1	0	1	0	0	1	0	0	0	0	0	1	0	0	0	0	1	0	0	0	1	0	0	0	0	0	0	0	0	0	0	1	0	0	0	1	2	0	0	0	1	2	0	0	0	0	0	0	0	0	0	0	0	0	1	0	0	0	0	0	0	0	1	0	1	2	1	1	0	0	0	0	1	0	0	0	0	1	0	1	0	0	0	0	0	1	2	0	1	1	0	1	0	0	0	0	1	1	0	0	0	0
0	0	0	0	0	0	0	0	1	4	1	1	0	4	1	2	0	2	6	5	7	23	12	3	5	10	9	4	3	5	3	4	4	0	1	6	3	1	0	1	0	0	1	0	1	1	1	1	1	1	1	0	1	0	4	1	3	1	2	3	10	1	4	7	3	2	1	4	2	2	1	1	3	3	1	3	3	1	2	0	0	2	2	0	2	1	0	0	1	3	0	0	0	2	2	3	0	2	5	4	4	4	5	1	2	0	1	1	2	3	4	4	1	0	1	1	2	4	3	4	7	2	2	0	0	0	1	1	1	0	3	1	0	0	1	1	0	1	0	1	3	5	3	2	2	7	7	14	1	5	2	5	13	21	15	16	0	27	16	7	7	7	3	6	5	2	4	7	3	3	7	4	3	1	12	11	8	5	20	21	5	2	1	1	1	2	1	0	0	1	0	1	0	3	0	0	0	0	2	0	0	0	0	0	0	0	0	0	0	2	1	1	1	2	3	6	3	3	5	4	7	4	1	0	2	1	0	3	2	1	4	2	3	1	2	2	0	0	1	0	0	0	0	0	0	1	0	0	0	0	0	0	0	0	0	0	1	0	0	0	0	0	0	0	1	0	0	2	0	1	0	0	0	2	0	1	1	1	0	0	1	0	0	0	1	0	0	1	1	0	0	0	2	0	1	0	0	2	1	0	0	0	0	1	0	0	1	1	0	1	0	0	2	1	0	0	1	1	2	0	0	3	0	0	0	0	0	1	0	0	0	1	0	1	2	0	0	0	2	1	0	0	0	1	1	0	0	1	1	2	1	0	2	1	0	0	0	0	0	0	1	0	1	0	0	1	0	0	1	1	0	0	1	0	0	0	0	0	2	0	2	2	2	0	0	0	0	1	0	0	1	0	0	0	1	0	0	0	0	0	0	0	0	1	3	0	1	1	1	0	0	0	0	0	0	1	1	1	0	0	1	0	0	1	0	0	2	1	0	0	0	0	0	0	0	0	0	0	1	0	0	0	0	0	0	0	1	1	0	0	0	0	4	0	0	1	0	1	1	1	1	1	2	0	0	1	1	0	0	1	0	0	1	1	0	0	0	0	0	0	1	1	1	1	0	0	0	0	1
0	0	0	0	0	0	0	1	2	3	1	1	0	0	0	1	1	3	0	1	6	3	6	4	4	4	4	11	3	3	3	3	3	2	0	2	1	0	2	0	0	1	0	0	1	2	2	0	1	1	0	0	0	0	0	0	0	1	4	7	1	2	4	4	0	1	2	1	1	0	0	2	7	2	4	3	3	4	3	1	0	1	1	2	2	0	1	2	0	1	0	3	1	1	2	0	1	0	4	1	1	3	0	2	1	2	1	1	3	1	4	1	0	1	1	2	1	1	0	0	0	3	2	2	1	2	0	1	2	1	2	2	0	4	1	2	0	2	1	0	2	6	6	1	2	8	3	10	9	4	3	10	15	29	111	88	27	0	26	11	7	16	8	2	3	10	4	5	11	5	13	7	5	4	8	11	11	14	7	8	7	6	2	3	3	2	2	1	0	0	0	1	0	1	0	0	0	0	0	1	2	1	2	0	0	0	0	0	0	0	0	0	1	3	8	16	5	11	26	9	6	3	5	2	4	3	2	2	3	3	2	1	4	2	4	0	0	1	1	1	0	0	0	0	2	1	0	0	0	2	1	0	1	1	1	1	0	1	0	0	1	0	0	0	0	2	0	0	0	1	0	0	0	0	1	0	0	0	1	0	0	0	1	0	0	2	0	1	0	2	2	0	0	0	0	1	0	0	1	0	0	2	0	0	0	0	0	1	0	0	3	0	0	0	0	1	1	0	0	1	0	0	0	1	0	1	0	1	1	2	0	0	3	1	1	1	4	0	0	0	2	0	2	1	0	0	0	0	0	0	1	0	0	1	1	0	1	0	1	0	0	0	1	0	0	0	0	0	0	0	0	0	0	1	0	0	0	0	1	1	1	1	2	1	1	2	1	1	1	0	0	1	1	0	0	0	0	0	0	0	1	0	1	1	0	0	1	0	0	0	2	0	0	0	1	1	0	0	0	2	1	0	0	1	2	0	1	1	0	1	1	1	0	0	0	0	0	0	0	0	0	1	0	0	0	0	0	0	0	0	1	0	0	0	0	0	1	1	1	0	0	0	0	0	1	0	0	0	0	1	0	0	0	0	0	0	1	0	0	0	0	0	0	0	0	0	0	0	0
0	0	0	0	0	0	0	0	0	0	0	1	2	2	2	1	4	3	1	1	5	5	2	4	2	6	3	2	5	2	2	2	3	4	0	2	2	0	0	0	0	1	0	2	1	1	1	1	0	0	0	0	0	0	0	0	0	0	0	3	0	2	0	2	2	0	0	2	1	4	0	3	0	1	2	3	3	1	2	0	0	0	1	1	2	0	1	1	2	1	0	2	3	1	3	2	2	0	1	1	0	3	6	0	1	0	1	0	1	1	2	1	1	0	1	1	0	0	0	2	3	3	1	0	0	1	0	0	1	0	1	2	1	1	2	1	0	3	0	0	3	3	2	3	8	9	16	17	15	11	8	11	100	88	8	10	16	26	0	38	13	9	16	7	5	2	7	8	2	4	1	2	3	1	3	6	4	2	6	13	9	6	1	5	2	1	2	3	3	4	4	0	0	2	0	0	0	0	1	1	2	0	0	0	0	0	0	0	0	0	2	0	0	0	26	16	3	7	16	19	17	18	6	1	4	3	8	6	8	5	3	7	8	3	3	2	0	1	1	0	0	0	1	1	3	0	1	1	0	1	0	1	1	0	0	1	0	0	0	0	0	0	1	1	0	0	0	0	0	0	0	0	0	0	0	0	0	0	1	0	1	1	0	2	1	0	1	0	1	2	0	1	0	0	0	0	0	1	0	2	1	1	1	1	0	1	0	1	0	0	0	1	0	0	0	0	0	0	1	0	1	1	1	0	2	0	1	0	1	1	1	3	0	0	2	0	3	1	6	3	3	1	1	2	0	0	0	1	1	2	0	0	1	0	0	1	1	1	0	0	0	0	0	0	2	1	1	1	0	1	2	0	2	1	0	1	2	0	2	2	0	1	0	0	2	0	3	0	2	2	1	0	0	1	0	1	0	2	1	0	0	0	2	2	0	0	1	0	0	0	0	0	0	1	1	1	0	1	1	0	0	1	2	1	1	1	1	2	3	2	0	1	0	1	1	0	1	0	0	1	1	1	1	0	0	0	2	0	1	0	2	2	0	0	1	0	2	2	1	2	1	0	0	1	0	0	1	0	0	0	0	0	0	0	0	0	0	0	0	0	0	0	1	0	0	1	1	1	0
0	0	0	0	0	0	0	0	0	2	0	0	1	0	0	2	0	2	2	2	5	2	2	1	2	5	5	4	1	0	0	1	1	2	1	1	0	2	1	0	0	1	0	0	0	0	3	0	0	3	1	1	0	2	0	5	2	0	3	2	2	0	2	2	0	1	0	0	1	1	0	2	0	5	0	3	4	1	1	2	2	0	0	0	1	2	1	1	1	0	0	1	0	1	0	0	1	0	0	1	1	3	1	0	1	0	1	0	1	1	1	1	2	0	1	0	1	1	0	1	1	5	1	0	1	0	1	0	2	0	1	2	1	5	4	1	2	1	3	0	4	10	8	6	4	9	8	8	4	9	3	7	13	23	9	10	7	11	38	0	47	42	30	14	2	4	6	7	2	6	5	5	3	1	1	4	4	2	4	7	5	4	6	5	7	5	3	2	0	3	0	1	1	2	0	2	0	2	0	1	0	0	0	0	0	1	0	1	0	0	0	1	2	3	107	14	4	3	9	5	44	12	7	3	3	3	5	4	5	10	9	8	5	1	7	1	0	0	0	0	0	0	0	0	0	3	2	0	0	1	0	0	0	0	1	0	0	0	0	0	1	0	0	0	0	1	1	1	1	1	0	0	0	0	0	0	0	0	0	0	1	0	0	0	1	0	0	1	2	0	1	0	0	1	0	1	1	0	1	0	1	0	1	0	0	0	0	0	1	0	1	1	0	0	0	0	2	0	2	1	2	0	0	1	0	0	1	0	1	1	0	0	1	1	0	1	2	1	3	2	0	3	3	1	0	0	0	0	0	0	0	0	0	0	0	1	0	0	0	1	2	3	0	0	0	3	1	0	0	0	0	1	0	0	1	2	1	0	1	1	2	1	0	2	1	0	1	1	0	1	2	1	0	1	0	0	1	0	0	0	0	0	0	0	2	0	0	0	0	0	0	0	1	0	0	1	0	1	0	0	0	1	1	1	0	2	1	1	0	2	2	1	0	1	0	2	1	1	0	1	0	0	0	0	1	0	0	1	1	1	0	1	3	1	0	1	0	0	1	0	0	1	1	1	0	0	1	2	1	0	1	0	0	1	0	0	0	0	0	1	0	1	0	0	0	0	0	0	0
0	0	0	0	0	0	0	1	0	1	2	1	1	0	0	1	1	0	3	0	3	3	3	1	0	1	1	3	4	1	5	3	5	3	1	0	2	1	0	1	0	0	0	0	0	1	0	1	0	0	1	0	0	1	1	0	1	0	0	1	2	0	1	3	0	1	0	2	1	1	0	0	1	0	1	2	3	1	0	0	0	0	2	3	1	2	1	1	4	1	1	0	2	2	0	0	0	1	0	2	2	1	0	0	0	0	1	4	4	0	0	1	1	0	1	0	0	0	0	0	0	2	1	0	2	2	1	0	0	2	3	0	1	4	0	2	1	1	4	2	3	7	5	7	4	6	3	7	2	1	1	5	15	15	8	6	7	7	13	47	0	26	40	13	5	6	8	11	6	6	4	0	3	1	0	4	5	5	2	4	6	1	1	5	4	1	4	2	0	2	1	2	2	0	1	0	2	0	0	2	0	0	0	1	2	0	0	1	0	0	1	1	1	3	127	11	3	8	9	12	33	10	2	5	7	5	12	4	3	4	6	8	5	7	3	2	2	1	2	0	0	1	0	0	2	1	1	0	0	0	1	1	0	0	0	0	1	1	1	0	0	0	0	2	0	0	0	0	0	2	0	2	0	0	0	0	1	0	0	1	0	1	0	0	0	0	0	0	0	1	0	0	0	0	0	0	0	1	1	0	1	0	0	0	0	1	0	0	0	0	0	1	1	0	0	1	1	1	2	1	2	0	1	0	0	0	1	0	1	1	0	1	1	1	1	0	3	0	2	0	3	2	1	3	1	1	1	0	0	1	1	0	0	0	1	0	0	0	1	0	0	0	1	0	1	0	1	0	1	2	0	0	1	0	0	1	0	1	1	0	1	1	0	0	1	1	1	2	0	2	2	1	0	0	0	0	0	0	1	0	0	1	0	1	0	0	0	0	0	0	0	0	0	0	1	0	0	1	1	0	0	0	0	1	0	0	1	0	2	1	0	3	1	1	1	0	0	1	0	0	0	0	1	0	0	0	0	0	0	1	0	0	3	2	1	1	1	0	1	1	0	0	1	0	0	0	0	2	1	0	0	2	0	0	0	1	0	1	1	1	0	0	1	0	0	0	0	0	0
0	0	0	0	0	0	0	1	1	0	2	2	1	0	2	0	0	1	3	2	2	6	3	2	5	5	6	6	4	2	5	3	1	7	0	4	5	1	0	0	0	1	0	0	0	0	0	0	0	1	0	1	0	1	1	1	2	1	0	1	0	1	0	3	3	1	1	2	0	1	1	2	3	4	2	3	6	5	4	2	2	2	1	2	1	2	0	3	2	0	1	0	0	1	0	1	0	2	2	0	4	1	3	2	1	1	1	0	3	0	2	1	1	3	2	1	3	1	2	4	0	2	3	1	1	1	1	0	1	3	2	1	2	3	2	1	1	3	1	7	5	28	13	8	9	8	4	8	2	5	0	3	9	14	23	16	7	16	9	42	26	0	40	27	9	15	28	22	16	7	11	3	12	2	2	9	7	10	8	7	8	14	10	2	2	0	5	3	0	0	2	1	2	1	0	0	1	0	1	1	1	0	1	0	0	0	1	0	1	2	1	4	0	5	21	5	5	9	8	4	9	7	3	3	5	5	4	1	4	1	7	5	6	3	3	1	1	0	0	0	1	0	2	1	1	0	2	0	0	0	0	0	0	1	0	0	1	0	2	0	0	0	0	0	0	0	0	0	0	2	0	0	0	0	0	1	0	0	0	0	0	1	1	1	0	1	0	0	0	0	1	1	1	0	1	0	1	0	0	0	0	0	1	0	0	0	0	1	0	0	0	0	1	1	0	0	1	1	2	0	0	1	0	0	1	3	0	0	1	1	0	0	1	1	0	1	1	2	2	1	1	1	0	2	1	0	0	0	0	1	2	0	0	0	0	0	0	0	0	1	0	0	2	0	1	0	0	0	0	0	2	0	0	0	0	0	0	0	1	0	0	0	1	0	0	2	0	3	0	0	0	1	0	0	0	0	0	0	0	0	0	0	0	0	2	1	0	0	0	1	0	0	1	0	2	0	1	0	0	1	1	0	1	1	0	0	0	1	0	1	1	0	0	0	0	0	0	2	0	0	0	0	2	1	0	1	0	1	0	0	2	0	1	1	0	2	0	0	0	0	0	0	0	0	0	0	0	0	0	0	0	0	0	1	0	0	0	0	0	0	0	1	0	0	0	0	0	0	0
0	0	0	0	0	0	0	0	0	0	1	0	0	0	1	0	0	1	3	2	3	1	1	0	2	3	3	2	0	1	2	2	8	1	2	1	2	1	1	0	0	1	0	1	0	1	1	0	0	1	2	0	1	0	2	1	0	0	1	1	2	1	5	3	1	3	1	1	2	0	0	0	0	4	1	2	1	0	1	0	2	1	0	0	3	2	2	1	2	3	1	1	1	1	1	1	1	0	4	1	0	1	1	1	0	0	1	0	0	3	3	1	2	2	0	1	0	0	0	3	2	2	1	0	1	1	2	0	1	2	3	0	1	2	1	0	1	1	1	5	2	14	10	8	8	3	7	8	3	4	0	2	2	16	6	7	3	8	16	30	40	40	0	63	3	7	6	13	8	7	3	3	0	1	5	5	1	3	5	2	5	4	3	3	1	2	3	0	3	0	0	2	1	0	3	1	0	0	0	1	1	2	1	1	1	1	0	1	1	1	0	3	2	3	33	12	3	3	4	3	22	5	5	2	5	4	5	2	5	10	5	3	4	4	2	1	3	1	0	0	0	1	0	1	2	0	1	1	0	0	0	1	0	0	0	1	0	0	0	2	0	1	1	0	0	0	0	0	1	0	2	0	0	0	1	0	0	0	2	0	0	1	2	0	0	0	0	1	0	1	0	1	0	0	0	0	1	0	1	1	0	0	0	0	0	0	0	1	0	0	0	0	1	0	1	1	0	0	0	0	0	3	0	1	0	0	1	3	0	5	1	2	2	3	0	0	1	2	3	6	2	3	0	2	0	2	0	0	0	0	1	0	0	0	0	0	0	1	0	0	0	0	0	0	0	0	0	0	0	1	1	0	2	0	2	0	0	2	2	0	1	2	1	0	1	2	1	3	0	0	0	1	1	0	0	0	0	1	0	1	0	0	1	0	1	0	0	2	1	0	1	0	1	1	1	0	0	0	0	0	0	0	1	0	1	2	0	1	2	1	1	1	0	1	0	1	0	0	0	0	1	0	0	0	0	0	0	0	0	0	0	1	0	0	2	0	0	1	0	1	1	1	0	0	1	0	1	0	1	0	0	0	0	0	2	0	0	1	0	0	0	0	1	0	0	0	0	0	1
0	0	0	0	0	0	0	2	2	1	1	0	1	1	0	1	3	3	4	2	1	0	4	1	5	6	8	3	6	3	5	7	2	6	3	0	7	1	1	2	0	0	2	1	1	0	0	0	0	0	0	0	0	1	0	0	2	1	0	0	2	1	1	0	1	1	0	2	0	1	1	1	1	1	2	0	3	1	4	3	0	2	0	5	1	3	0	1	0	4	2	0	0	0	0	1	0	0	3	1	0	3	1	0	1	1	1	1	2	1	2	1	0	0	1	0	1	0	0	1	1	3	4	1	1	1	2	1	0	0	6	6	4	2	0	0	1	0	2	11	6	52	26	18	11	9	3	2	2	0	1	3	2	4	5	6	6	2	7	14	13	27	63	0	11	10	23	15	4	4	4	4	2	4	5	3	6	1	1	3	11	10	5	2	4	3	1	0	2	1	2	1	0	1	0	2	0	0	0	1	0	0	0	1	1	1	3	1	3	0	2	3	2	2	18	2	3	3	5	2	12	5	4	5	0	2	3	0	2	5	6	5	3	1	4	2	0	2	1	2	1	2	1	1	0	0	0	1	0	0	0	0	0	1	0	0	0	0	0	0	0	0	0	0	0	1	1	0	0	0	0	0	1	0	1	1	0	0	0	0	1	0	0	0	0	0	0	0	0	2	1	0	1	0	0	0	0	1	2	0	1	1	0	0	0	1	0	0	0	0	0	1	0	0	0	1	1	0	1	0	0	0	1	0	0	0	0	0	1	1	1	0	0	1	3	0	2	3	2	3	2	1	0	1	0	0	0	0	0	1	0	0	0	0	0	1	1	0	0	0	0	0	0	1	0	0	0	1	0	0	0	2	0	1	1	0	1	0	0	3	0	0	0	1	0	2	1	2	1	0	0	1	1	0	1	0	0	0	0	0	0	0	0	0	0	0	0	0	0	0	0	0	1	0	2	1	0	0	1	1	0	0	0	0	0	1	0	0	0	0	0	0	0	0	0	1	0	0	0	1	0	0	1	0	0	0	0	0	1	0	1	0	0	0	0	2	0	1	0	0	1	0	0	0	0	0	2	0	1	2	1	0	0	0	0	1	0	0	0	0	1	0	0	1	2	0	0	0	0
0	0	0	0	0	0	0	0	1	0	2	0	1	2	0	0	0	2	3	0	1	4	2	3	0	2	2	5	2	1	2	6	6	1	1	3	1	2	1	0	0	0	1	3	0	1	1	0	3	0	0	0	1	0	0	0	0	0	1	2	0	1	0	3	0	0	0	0	1	0	1	0	0	4	2	1	5	6	7	0	1	3	4	2	3	2	2	2	2	2	1	1	0	0	3	1	0	0	1	1	2	2	0	4	0	2	0	2	2	3	2	1	1	1	0	1	1	1	2	1	5	1	2	2	0	2	4	0	0	4	4	1	8	5	4	4	6	2	2	6	8	5	5	4	2	0	3	0	0	2	1	0	3	5	10	11	5	3	5	2	5	9	3	11	0	114	11	25	34	91	12	6	11	8	10	3	6	3	3	5	2	6	6	0	2	1	0	1	0	0	1	0	1	1	1	1	0	0	1	0	0	0	0	3	2	0	0	0	1	0	1	0	0	0	4	5	0	6	1	2	3	1	2	2	1	4	1	1	1	1	0	0	3	1	0	0	1	0	0	1	1	0	0	0	0	0	1	0	2	0	0	1	1	0	0	0	1	0	0	0	0	0	1	0	0	2	0	0	0	1	1	0	0	0	1	0	1	0	0	1	0	0	0	0	0	1	0	0	0	0	0	0	0	1	1	0	0	0	0	0	1	0	0	0	0	1	0	1	1	0	0	1	1	0	0	0	0	0	1	0	0	0	0	0	0	1	1	0	0	1	0	2	0	0	0	0	1	0	0	0	1	0	1	0	0	0	1	0	0	0	1	0	0	0	0	0	0	1	0	0	0	0	1	2	0	1	0	0	1	1	0	0	0	0	0	0	0	0	2	0	1	1	0	2	0	0	0	1	0	1	0	0	0	0	0	0	0	0	0	0	0	0	0	0	0	0	1	0	0	0	1	0	0	0	0	0	0	0	0	0	0	0	0	0	1	0	1	0	0	0	0	0	0	0	0	0	0	0	0	0	0	0	0	0	0	1	0	0	0	1	0	0	0	0	0	0	0	0	0	0	0	0	1	0	1	1	0	2	0	0	0	0	0	0	0	0	0	0	1	0	0	0	0	0	1	0	1	0	0
0	0	0	0	0	0	0	2	1	2	2	0	0	0	0	1	2	4	2	0	2	2	2	2	1	2	1	3	2	4	5	4	1	2	0	1	2	0	0	0	1	1	1	0	0	1	2	2	0	0	0	0	1	1	1	0	1	2	1	2	2	0	1	1	2	3	0	2	2	2	2	3	1	3	7	2	4	5	10	2	1	2	1	3	5	0	3	1	3	0	1	0	2	1	0	1	2	0	1	1	2	2	2	3	1	0	2	3	4	3	0	0	1	1	1	3	1	0	5	4	3	2	3	4	1	4	1	2	1	2	0	4	9	7	2	5	1	0	5	5	7	7	5	5	1	4	5	2	1	1	1	1	5	6	8	5	2	10	2	4	6	15	7	10	114	0	19	77	74	110	13	3	9	4	6	7	4	10	5	5	3	2	2	0	0	1	2	1	0	3	0	0	1	0	1	1	0	1	0	1	0	0	2	0	0	1	0	1	0	1	1	0	0	1	8	6	3	4	3	4	4	2	1	1	4	0	4	1	1	1	1	2	2	3	1	0	2	1	2	0	0	0	0	0	2	0	0	0	0	0	0	0	0	0	0	0	0	0	0	0	2	0	0	0	0	0	0	0	0	0	0	0	0	1	0	0	0	0	0	0	0	0	0	0	1	0	0	0	0	1	1	0	1	0	1	0	2	1	0	0	0	1	0	0	0	0	0	1	0	1	0	0	0	1	0	0	0	0	1	1	0	0	1	0	1	0	1	0	0	0	0	0	0	0	0	1	2	0	1	0	0	1	0	1	0	0	0	1	1	0	0	0	0	1	0	0	0	0	1	0	0	0	1	0	0	0	0	0	0	1	1	0	0	0	0	1	0	2	0	0	1	0	0	0	2	0	1	1	0	1	0	0	0	0	1	0	0	0	0	1	1	1	0	0	1	1	1	0	1	1	0	0	0	0	0	0	0	0	0	0	1	0	0	1	0	0	2	1	0	2	1	0	0	0	1	0	0	0	0	0	0	0	0	0	0	0	0	1	0	0	1	1	1	0	0	1	0	1	0	0	0	0	1	1	0	0	0	0	0	2	0	0	0	1	0	0	0	0	0	0	1	0	0	0	0	0	0	0	1
0	0	0	0	0	0	0	1	1	1	0	2	2	1	1	1	2	0	3	3	2	3	1	2	3	3	3	7	7	3	5	8	8	5	6	3	7	6	1	1	0	0	0	1	0	2	2	0	3	0	0	2	0	0	2	0	0	1	1	0	1	2	3	4	1	1	1	0	1	1	1	2	4	0	3	4	6	5	7	0	1	3	3	0	2	1	3	1	3	1	3	1	3	1	1	0	0	1	1	1	1	1	3	2	1	0	0	3	3	2	1	2	0	1	0	2	3	2	3	3	5	3	0	3	0	3	2	1	2	1	5	1	6	4	2	4	3	2	2	9	21	77	20	18	8	8	1	3	3	1	1	2	2	5	11	6	4	4	7	6	8	28	6	23	11	19	0	46	19	11	19	5	8	3	4	3	13	11	7	6	6	9	7	3	0	2	2	1	0	2	2	0	1	2	0	0	0	1	0	0	0	1	0	0	0	0	0	0	1	0	0	1	2	0	4	5	2	3	5	4	4	3	0	2	1	1	0	2	4	3	2	4	2	5	3	0	0	3	0	1	0	2	0	0	2	1	2	0	0	0	1	0	0	0	0	0	1	0	0	0	0	0	0	1	0	0	0	0	0	0	0	1	0	0	0	0	0	0	0	0	0	2	0	0	0	1	0	0	1	0	1	0	1	0	0	0	0	0	2	1	1	2	0	0	0	0	0	0	0	1	1	1	0	1	0	0	0	1	0	0	1	0	0	1	0	0	0	0	0	1	1	0	0	0	0	0	0	1	3	1	2	1	0	0	0	0	0	0	0	1	0	0	0	0	0	2	1	0	0	0	1	1	1	0	0	0	0	0	0	0	1	1	0	0	1	0	0	1	0	2	1	2	1	0	0	0	0	0	0	0	0	0	1	0	0	0	0	0	0	0	0	0	0	0	0	0	0	0	1	0	0	0	0	0	1	0	0	0	1	0	0	0	1	0	0	0	1	1	0	1	1	0	0	1	0	0	0	1	0	0	0	0	0	0	0	0	1	0	0	0	0	0	1	0	0	1	0	0	0	0	1	0	1	0	1	1	1	0	0	0	0	0	0	0	0	0	0	0	0	0	0	1	0	1	0	0	1	1	0
0	0	0	0	0	0	0	3	1	3	0	5	1	2	0	1	1	3	2	1	2	4	4	1	0	2	4	8	5	1	2	9	5	1	3	0	6	1	2	1	1	0	1	1	0	1	0	0	0	2	0	0	1	0	1	1	1	1	1	0	2	1	0	2	1	2	2	0	1	2	2	0	2	3	1	3	6	5	9	2	0	1	0	2	2	4	1	3	1	5	3	1	1	2	0	0	2	0	2	0	1	0	4	2	3	0	1	1	2	2	1	1	0	2	0	0	2	1	3	1	4	3	2	2	2	2	2	0	2	1	2	1	3	4	2	1	1	2	2	3	7	17	9	4	13	3	1	2	0	5	1	1	5	4	14	17	7	5	8	7	11	22	13	15	25	77	46	0	50	40	23	10	8	2	7	10	7	10	8	3	1	9	2	4	2	0	1	0	2	2	1	0	1	2	0	1	1	0	1	0	1	0	0	0	0	0	2	1	1	1	0	1	1	1	8	6	2	4	5	2	5	3	0	4	1	2	0	4	2	3	2	3	0	2	2	1	2	0	0	1	0	0	1	0	0	2	1	1	0	0	0	2	0	1	0	0	0	1	0	0	0	0	0	0	0	1	0	1	1	0	0	0	0	0	0	0	0	0	0	0	0	2	0	0	0	1	0	1	1	0	0	0	0	0	1	0	0	0	0	0	0	0	1	0	0	0	0	0	0	0	0	0	0	0	1	0	0	1	0	1	0	0	0	0	1	1	0	1	1	0	0	0	0	1	2	0	0	0	0	3	0	0	0	0	1	0	1	0	1	0	0	1	0	0	1	1	0	0	0	0	0	1	0	1	0	0	1	0	1	0	1	0	0	1	0	1	0	0	1	1	0	0	1	0	1	1	2	1	0	1	0	1	0	0	0	0	0	0	0	0	0	0	1	0	1	1	0	0	1	1	0	0	0	1	0	2	0	0	0	0	0	1	1	0	0	2	0	2	0	0	0	0	0	0	0	0	0	0	0	0	0	0	0	0	0	0	0	0	0	0	0	0	1	0	1	1	0	0	0	0	4	0	0	1	0	0	0	2	1	0	0	0	1	1	0	0	0	0	1	0	0	0	0	0	0	0	0	0	0
0	0	0	0	0	0	0	0	2	0	3	1	1	2	0	1	0	3	2	1	1	3	0	1	2	1	0	4	1	4	7	5	4	3	1	2	1	2	0	1	0	1	0	0	0	0	3	0	0	0	0	0	1	1	0	0	0	0	0	1	2	1	0	1	1	1	1	3	1	2	3	1	6	4	7	4	3	9	5	1	1	1	3	5	2	2	2	2	3	1	2	2	0	0	1	1	2	2	0	1	3	1	2	0	0	1	3	0	2	1	2	3	1	0	0	2	3	5	0	4	4	4	3	0	1	2	1	2	1	5	1	1	6	4	0	2	3	1	1	7	4	9	3	3	6	4	4	1	1	2	1	2	4	8	14	14	3	11	2	2	6	16	8	4	34	74	19	50	0	141	26	7	17	8	8	14	8	8	4	2	8	6	3	0	2	1	2	0	1	0	0	0	2	0	0	0	0	0	1	1	1	1	0	0	0	0	0	1	0	1	0	0	0	1	7	4	5	5	7	3	5	4	2	2	5	5	2	2	4	2	1	1	4	1	0	1	0	1	1	0	1	0	0	2	0	0	0	0	0	0	0	0	0	0	1	0	1	1	1	0	0	0	0	0	0	0	1	0	0	0	1	0	1	0	0	0	1	0	0	0	0	0	0	0	1	0	0	1	2	0	2	1	1	0	1	1	2	1	0	0	0	0	0	0	0	0	0	1	0	1	0	0	0	0	1	1	0	0	0	0	0	0	0	0	0	0	1	1	3	0	1	1	1	1	0	1	0	3	1	1	1	0	0	1	2	0	0	0	1	0	1	0	1	0	0	0	0	0	0	1	2	0	0	1	2	0	0	0	0	0	0	1	0	1	0	1	0	0	1	1	1	1	0	0	1	0	1	3	2	0	1	0	0	1	0	0	0	0	0	0	0	0	1	0	0	0	0	0	0	0	1	0	1	1	1	0	0	0	0	0	0	0	0	0	0	0	2	1	2	0	0	0	1	0	0	1	0	0	0	0	0	1	0	1	1	0	0	0	0	0	1	1	1	0	1	0	1	0	1	0	0	0	0	0	2	2	0	0	0	0	0	0	0	0	1	0	1	3	0	0	0	1	0	0	1	0	0	0	1
0	0	0	0	0	0	0	0	0	1	0	0	0	0	2	1	2	1	1	3	1	2	5	1	2	2	3	2	2	3	8	9	4	2	1	0	2	0	1	0	0	1	0	2	0	1	0	1	0	2	0	0	0	2	1	1	0	0	0	1	2	2	3	0	1	1	3	5	2	1	1	0	1	2	3	3	8	7	14	1	3	4	4	5	4	5	0	1	2	3	1	1	1	0	1	4	0	0	0	6	0	1	1	2	0	1	1	3	3	4	1	3	1	2	0	0	3	3	2	2	6	5	8	1	1	1	3	2	0	2	3	9	6	8	0	0	1	1	4	8	5	8	4	5	0	3	5	1	1	0	3	3	4	5	7	11	3	5	4	6	6	7	7	4	91	110	11	40	141	0	28	10	25	5	16	9	6	4	7	0	3	1	1	2	4	1	1	1	0	1	4	2	0	0	0	0	0	0	0	0	0	0	1	1	0	0	0	0	1	0	0	1	1	0	1	4	5	6	1	3	0	3	4	2	1	0	3	0	3	3	1	0	4	1	4	0	0	1	0	1	1	2	0	0	0	0	2	0	0	1	0	0	1	1	1	0	0	1	0	0	0	1	0	0	1	1	0	0	0	0	0	0	0	0	0	0	1	0	1	0	0	0	0	0	0	0	0	0	0	0	0	0	0	0	0	1	0	0	0	0	1	1	0	0	0	0	0	1	0	0	1	0	0	0	1	1	1	0	1	0	0	0	1	0	0	0	0	0	1	2	0	0	0	1	1	1	0	0	2	2	0	1	0	0	0	0	0	0	3	1	0	0	0	0	0	0	0	0	1	0	0	0	0	0	0	0	0	0	0	0	0	0	0	1	1	0	1	0	0	1	1	0	0	0	1	1	1	0	1	0	1	0	0	0	1	0	1	0	0	0	0	1	0	1	1	0	0	0	0	0	0	0	0	0	0	1	0	0	1	0	0	1	0	0	0	0	0	0	0	0	2	0	0	1	0	1	0	0	0	0	0	0	1	0	0	0	0	1	0	1	0	0	2	1	0	2	1	0	0	0	0	0	0	0	1	0	0	1	0	0	0	1	0	0	0	0	0	1	2	0	0	0	1	0	0	0	0	0	0
0	0	0	0	0	0	0	0	4	1	1	2	3	1	0	2	3	3	7	0	4	4	2	4	3	2	3	7	3	6	8	23	12	5	3	10	5	1	5	0	2	1	3	0	1	0	0	1	0	1	0	0	1	0	1	0	6	5	7	2	1	4	2	2	1	2	1	1	0	6	3	3	11	4	5	5	14	19	17	1	1	2	4	5	3	3	2	3	3	3	0	4	2	1	0	1	3	2	3	1	2	3	3	2	0	1	1	2	3	2	4	1	2	2	1	4	2	3	2	4	9	6	5	3	4	3	3	1	5	1	7	3	4	3	2	3	0	2	3	11	19	9	4	4	3	1	6	0	0	3	1	1	3	2	10	18	7	13	1	5	4	11	3	4	12	13	19	23	26	28	0	19	27	10	15	18	31	20	9	4	6	6	3	4	3	0	3	4	2	0	3	0	1	0	1	1	1	4	1	1	1	0	0	0	0	0	0	0	1	0	1	2	0	3	6	3	7	3	5	4	2	1	0	1	0	2	2	3	3	0	1	0	0	0	4	0	0	1	0	1	1	0	0	0	0	1	0	0	0	0	0	0	0	0	0	0	0	0	0	0	0	0	0	0	0	0	0	0	0	0	0	2	0	1	0	0	0	1	0	0	1	0	0	1	0	0	0	0	0	0	0	2	0	1	0	0	0	1	0	0	1	0	0	1	0	0	0	0	0	0	0	0	0	0	0	0	0	0	1	0	0	2	0	1	0	0	0	2	0	0	1	0	1	1	1	1	1	0	0	1	0	1	2	0	0	0	0	0	0	0	1	0	1	0	0	1	0	0	0	0	0	1	1	0	1	1	0	0	1	1	1	1	1	0	3	1	1	0	0	1	1	0	1	0	0	1	1	0	0	1	1	0	1	0	0	0	0	0	0	0	0	0	0	0	0	0	0	0	0	0	0	0	0	0	0	0	1	1	0	1	0	0	1	0	0	3	1	0	1	0	1	0	0	1	1	1	0	0	0	0	0	0	0	0	0	0	0	0	0	1	0	0	0	0	1	2	0	0	0	0	1	0	1	0	0	0	0	0	0	0	1	1	1	0	0	1	0	0	1	0	0	0	1	0	0	0	0	0	0
0	0	0	0	0	0	0	2	0	4	0	2	0	0	1	0	4	4	5	4	3	6	5	2	3	4	2	5	4	0	4	6	3	7	5	1	1	0	0	1	0	0	4	4	3	0	0	0	0	2	1	2	1	0	1	2	1	3	4	5	1	1	0	9	2	7	8	6	4	6	3	6	5	21	10	15	14	9	8	4	0	5	4	5	7	1	0	2	0	1	2	0	3	0	2	1	1	2	4	2	1	2	2	4	0	4	0	2	0	7	5	4	0	1	0	1	1	4	3	7	9	4	5	2	5	0	4	0	2	0	2	0	3	1	0	1	1	3	3	2	5	2	1	2	0	1	1	2	3	1	2	2	2	4	10	16	4	7	2	5	0	3	3	4	6	3	5	10	7	10	19	0	13	36	881	40	12	5	8	2	5	2	1	0	0	1	1	2	0	0	1	1	0	2	0	0	0	0	0	0	1	0	0	2	0	0	0	2	0	1	0	1	0	1	6	4	2	2	2	1	2	2	3	1	0	1	0	2	1	1	2	0	3	0	1	0	0	0	0	1	2	0	0	0	0	0	2	1	0	0	0	1	0	0	1	0	0	0	0	0	1	2	1	0	0	0	0	0	0	0	0	0	0	0	0	0	0	0	0	0	1	0	0	0	0	0	0	1	0	0	0	0	0	0	0	0	0	0	0	0	0	0	0	0	0	0	0	2	1	0	0	0	1	0	0	1	0	0	0	0	0	0	0	0	0	0	0	0	0	0	0	0	1	0	0	1	1	0	0	1	0	0	2	0	1	0	0	0	0	1	0	0	1	1	1	0	0	0	0	0	0	0	0	1	0	0	0	1	0	0	0	0	0	0	0	0	0	0	0	2	2	1	0	1	1	2	0	0	0	1	0	2	0	0	0	0	1	0	0	0	0	1	2	0	0	0	0	0	0	0	0	0	0	0	0	1	0	0	0	1	0	1	0	0	0	0	0	1	1	1	0	0	1	0	0	1	0	0	0	0	0	0	1	0	0	0	0	0	0	0	1	0	1	2	1	1	0	1	0	0	0	0	0	0	1	1	2	0	0	0	0	0	1	0	0	0	0	0	0	0	0	2	0	0	0	0	0	0	0
0	0	0	0	0	0	0	2	2	3	3	2	2	0	2	0	0	1	4	1	0	7	3	3	3	3	1	3	4	4	4	13	4	2	3	1	3	5	5	3	0	0	2	2	1	4	2	0	0	0	1	0	0	2	1	1	0	3	1	2	1	1	1	2	0	2	2	6	2	2	4	4	4	9	5	6	8	26	23	4	7	4	12	13	3	1	4	3	4	3	0	2	2	2	2	0	1	3	3	2	2	1	3	2	2	2	3	1	4	3	1	4	1	2	0	2	3	4	6	11	8	5	4	6	7	7	2	1	1	7	3	1	2	9	2	6	3	3	5	7	7	5	1	2	3	0	1	3	1	1	0	3	2	2	7	6	3	5	3	3	3	12	0	2	11	9	8	8	17	25	27	13	0	31	14	11	6	6	4	2	3	3	2	0	0	0	0	1	0	0	0	1	0	0	0	0	0	0	1	0	0	0	0	1	0	0	0	1	0	0	0	1	0	1	2	2	2	2	1	0	0	1	1	0	0	1	0	2	0	2	2	0	0	1	1	0	0	0	2	0	0	0	0	0	0	0	0	0	0	0	0	0	0	0	1	0	0	0	0	0	0	0	0	0	1	0	0	0	0	0	0	1	1	0	0	1	0	0	0	0	0	0	0	0	1	0	0	0	0	0	0	0	3	0	1	0	0	0	1	0	1	0	0	0	0	0	0	0	0	0	2	0	0	0	0	1	0	0	0	0	1	0	0	1	0	1	0	0	0	0	2	1	0	0	0	0	1	1	0	1	0	0	0	0	0	0	1	0	0	1	0	0	0	1	0	0	1	0	0	0	0	0	2	0	0	0	0	0	0	0	1	0	0	0	0	0	0	0	0	0	0	0	1	0	2	1	1	0	0	1	0	0	1	0	0	0	0	0	0	0	0	0	0	0	0	1	1	0	1	1	0	0	0	0	1	0	1	0	1	1	0	0	0	0	1	0	1	1	2	1	0	0	0	0	0	0	0	0	0	0	0	0	0	0	0	0	0	0	1	1	0	0	0	0	1	1	0	0	1	1	0	0	0	0	0	0	0	0	0	1	1	0	0	0	0	0	1	0	0	0	0	0	0	1	0	0	0	0	1
0	0	0	0	0	0	0	4	1	1	5	4	2	2	1	1	2	3	3	1	3	6	2	3	0	2	0	3	0	1	6	6	4	3	3	5	2	3	2	4	3	1	2	2	1	0	0	0	2	3	0	2	1	0	2	0	0	6	2	3	3	3	1	3	8	5	6	4	3	10	2	5	11	48	9	10	15	11	12	9	7	2	27	11	2	1	1	1	5	0	1	0	3	2	1	2	1	2	2	1	1	3	4	1	2	6	1	3	1	5	4	2	1	0	2	2	3	6	7	12	5	4	4	4	6	3	5	4	1	5	1	2	4	2	2	2	4	0	2	5	3	1	0	1	2	2	0	1	0	0	1	0	1	1	0	3	1	4	1	1	1	2	1	4	8	4	3	2	8	5	10	36	31	0	27	10	5	6	1	0	2	2	2	3	1	0	2	1	0	1	2	0	0	0	1	0	0	0	0	0	0	0	0	1	0	0	0	0	0	1	0	2	0	3	4	1	2	2	2	4	1	0	0	1	2	2	1	2	0	2	1	1	1	0	1	3	1	0	0	0	0	0	0	0	0	1	0	0	0	0	0	0	0	1	0	0	0	1	0	0	0	0	0	0	0	0	0	1	0	0	0	0	0	0	0	1	1	0	0	0	0	0	0	0	1	0	0	0	0	0	0	0	0	0	0	0	1	0	1	0	0	1	0	0	0	0	0	0	0	0	0	2	0	0	0	0	1	0	0	0	1	0	0	0	0	0	1	0	0	0	1	0	0	1	0	1	0	2	1	1	0	0	1	1	0	1	0	0	0	0	0	0	0	0	0	0	0	0	0	0	0	2	0	0	0	0	0	1	0	0	0	1	0	0	0	1	1	1	0	0	0	0	1	0	0	0	2	0	0	0	0	0	0	1	0	1	0	0	0	0	0	0	0	1	0	0	1	0	0	0	0	0	0	0	0	0	1	0	0	0	0	0	0	0	1	0	0	0	0	0	0	1	1	0	0	0	0	0	0	0	0	0	1	0	0	1	0	0	0	2	0	1	1	0	1	0	0	0	0	1	0	1	0	0	1	1	0	1	1	0	0	0	0	0	0	0	1	0	0	1	0	1	0	0	0	0	0	0	1
0	0	0	0	0	0	0	1	2	4	1	6	2	1	0	2	4	6	5	2	6	9	4	2	2	1	0	4	2	2	4	8	8	3	5	1	1	0	2	2	0	1	1	2	0	3	0	0	2	2	3	0	0	2	2	0	2	2	3	3	3	0	3	4	4	8	8	7	3	6	3	10	14	12	9	7	16	6	5	3	3	2	9	4	3	1	0	3	0	1	0	1	1	0	1	1	2	1	6	4	5	6	3	3	2	3	3	4	3	4	3	1	1	1	3	2	2	5	5	7	9	4	5	1	5	2	0	1	1	3	2	3	0	2	0	0	1	0	1	4	1	4	2	2	1	5	5	2	1	0	0	0	1	7	8	12	12	8	3	1	0	2	5	5	10	6	4	7	8	16	15	881	14	27	0	66	13	11	10	2	4	2	3	0	1	0	1	1	0	1	0	0	0	0	0	0	0	0	0	0	0	0	1	0	0	0	0	2	1	0	0	0	1	1	3	4	3	5	4	3	5	0	1	3	0	1	2	2	4	0	0	1	0	1	0	0	0	2	0	0	2	0	1	0	1	1	1	1	0	0	0	0	0	0	0	0	0	0	0	0	0	0	0	0	0	0	0	0	0	0	0	0	0	0	0	0	0	0	0	1	1	0	1	0	0	0	0	0	0	1	0	1	0	0	1	0	0	0	1	0	1	0	0	1	0	0	0	0	0	0	0	0	1	0	0	1	0	0	0	2	1	0	0	1	0	1	0	0	0	0	1	0	0	2	0	0	0	2	0	0	0	0	0	0	0	0	0	0	0	0	0	0	0	0	0	0	0	0	0	0	0	0	0	1	2	0	1	0	0	1	0	0	0	0	0	1	0	0	1	0	1	0	0	0	1	0	0	1	1	0	0	0	0	0	0	0	0	0	0	1	0	0	0	0	0	0	0	0	0	0	0	0	0	0	0	0	0	0	0	1	0	0	1	3	0	0	1	0	1	2	0	1	0	0	0	0	0	0	0	0	1	0	1	0	0	1	0	0	1	2	0	1	0	0	1	1	0	0	0	0	0	0	0	0	0	1	1	0	0	1	1	0	0	0	0	0	0	1	1	0	0	0	0	0	0	0	0	0	0
0	0	0	0	0	0	0	2	3	0	2	3	1	2	0	1	1	3	1	3	3	13	4	5	0	3	2	5	3	1	2	3	7	1	5	1	5	0	0	0	1	1	3	2	0	0	3	1	0	2	0	1	1	0	1	3	2	3	2	3	4	2	3	10	2	7	5	12	6	2	3	4	4	2	6	7	12	5	8	2	1	3	3	2	3	1	1	1	3	1	1	1	2	1	0	2	0	2	3	1	3	3	5	5	1	2	3	2	4	0	5	0	1	2	0	0	0	3	6	4	4	3	8	1	1	2	0	3	3	2	2	2	0	1	1	4	3	2	2	3	5	5	3	2	3	1	0	4	0	2	2	5	6	4	36	48	11	11	6	4	4	9	5	3	3	7	3	10	14	9	18	40	11	10	66	0	13	15	13	5	5	0	2	3	2	6	4	1	3	2	4	1	1	0	1	0	0	0	0	1	0	0	0	0	0	0	2	1	0	0	1	1	1	0	5	5	4	5	7	2	3	2	4	1	0	1	0	3	5	1	3	2	2	1	2	3	0	0	1	0	0	0	0	1	0	2	0	0	0	1	0	1	0	0	0	0	0	0	0	0	0	0	0	0	0	0	0	0	0	0	0	0	0	0	0	0	0	0	1	0	0	0	1	1	0	0	0	0	0	0	0	0	0	0	1	0	0	0	2	1	0	2	0	0	1	0	0	0	0	0	0	0	0	2	0	0	0	1	0	1	1	0	1	0	0	0	0	0	0	0	0	0	1	0	0	0	2	1	0	1	0	1	0	0	1	0	0	0	0	0	0	0	1	0	0	0	0	0	0	0	0	0	0	0	0	0	0	0	0	0	0	1	0	0	1	0	1	0	1	0	0	0	1	1	1	0	0	0	0	1	0	0	0	0	0	0	0	0	0	0	1	1	0	2	0	0	0	1	0	0	0	0	0	0	0	0	0	0	0	0	0	0	0	0	1	0	1	1	2	0	0	0	1	0	0	0	1	0	0	1	0	0	0	0	0	0	1	1	0	0	0	1	0	1	0	0	0	0	0	0	0	1	0	1	2	1	1	0	1	0	1	0	0	0	0	0	0	0	0	0	0	0	0	0	0	0	0	0	1
0	0	0	0	0	0	0	3	0	3	2	2	2	4	0	1	2	3	14	4	3	10	10	3	4	4	4	17	7	9	21	24	30	7	6	7	4	2	1	1	0	0	1	1	1	1	3	0	0	0	0	0	0	2	1	0	1	2	2	0	0	3	8	11	1	4	8	2	2	2	0	3	5	3	3	17	29	15	8	2	1	1	3	7	1	2	4	2	3	3	3	3	1	2	6	0	2	1	1	3	10	8	6	4	4	2	4	1	5	2	4	3	2	0	0	0	3	3	6	3	8	5	10	2	1	3	2	3	4	4	6	8	4	0	1	1	0	3	3	9	3	4	5	7	3	3	3	0	0	0	0	1	3	9	9	18	8	11	4	4	5	7	1	6	6	4	13	7	8	6	31	12	6	5	13	13	0	675	90	17	6	10	2	3	2	2	1	1	0	0	1	1	0	0	1	0	1	0	1	0	0	1	1	0	0	0	0	1	2	0	2	0	0	2	6	4	1	0	4	4	2	2	3	0	0	2	3	1	1	2	0	2	2	0	1	1	1	1	1	0	0	0	0	0	0	0	0	0	1	0	1	1	0	0	0	0	0	0	0	0	1	1	0	0	0	1	0	0	1	0	0	0	0	0	0	0	1	0	0	0	0	0	1	1	1	0	1	0	0	0	0	0	1	0	0	1	0	1	0	0	0	0	0	0	0	0	0	0	0	0	0	0	0	0	0	0	0	0	2	0	0	1	1	0	0	2	2	0	0	0	0	0	0	1	0	1	3	0	1	1	1	1	0	0	0	1	1	0	1	0	2	0	0	1	0	0	1	0	0	0	0	1	0	0	1	1	0	0	0	0	0	0	1	0	0	0	1	0	0	1	0	0	0	2	0	1	1	1	0	0	0	0	1	0	0	0	0	0	0	1	1	1	0	0	0	0	0	0	0	0	0	0	1	1	0	1	0	1	2	0	2	1	1	0	0	0	2	1	1	0	0	0	0	0	0	0	0	1	0	0	0	0	0	0	0	0	1	0	0	0	1	0	1	2	0	1	0	0	0	0	1	1	0	0	0	0	0	0	0	0	0	0	1	0	0	0	0	0	0	1	0	0	1	0	0	0	1	0	0
0	0	0	0	0	0	0	0	1	1	3	2	0	2	1	1	2	7	16	5	3	9	6	6	6	5	9	26	7	5	7	21	26	6	7	7	7	4	2	2	2	0	0	2	1	2	1	2	0	0	0	0	1	0	0	1	0	2	5	1	1	3	4	8	5	2	4	9	2	3	1	3	5	7	5	14	36	11	10	3	1	3	3	4	2	3	1	4	3	1	2	3	2	0	2	2	3	2	4	2	6	7	8	2	2	3	3	3	4	5	5	2	0	2	4	5	4	4	6	8	7	13	7	7	1	1	1	2	3	3	4	5	2	1	0	2	0	1	1	5	8	9	6	9	2	1	0	4	2	2	2	2	2	4	11	20	5	14	2	2	5	10	3	1	3	10	11	10	8	4	20	5	6	6	11	15	675	0	64	6	9	5	1	2	3	3	1	2	2	0	1	0	0	0	1	0	1	1	0	0	0	0	0	2	0	1	0	1	1	1	1	0	0	2	1	3	2	1	3	1	3	3	1	3	3	2	1	1	0	2	1	1	0	0	0	0	0	0	0	1	0	1	0	0	0	0	1	0	0	1	0	0	0	1	0	0	0	0	0	0	0	1	0	0	0	0	1	2	1	1	1	1	0	0	0	0	0	0	0	0	0	0	0	0	0	0	0	0	0	1	1	0	1	0	0	1	1	0	1	1	0	0	0	0	1	0	0	0	0	0	0	0	0	1	0	0	2	0	0	0	0	1	0	0	0	0	0	0	1	1	0	0	1	0	0	0	1	1	0	1	1	1	1	1	0	0	0	0	0	0	0	1	1	0	0	1	0	0	0	0	0	0	0	0	0	0	1	2	1	0	0	0	0	0	0	0	0	0	0	0	0	1	1	0	0	0	1	0	0	1	0	0	0	0	0	0	0	1	0	0	1	0	0	1	1	2	0	1	0	0	1	0	0	0	0	0	0	0	0	3	0	0	0	1	2	0	0	0	0	0	1	0	0	0	0	0	0	0	0	1	1	1	0	0	0	1	0	0	0	0	0	0	1	1	0	0	1	1	1	1	0	0	0	1	1	1	1	0	0	0	0	0	0	0	0	0	1	0	0	0	0	0	1	0	0	0	0	0	0
0	0	0	0	0	0	0	3	0	1	1	1	2	2	0	0	2	9	18	4	5	11	14	8	11	11	14	72	21	8	14	11	43	13	6	5	13	1	4	1	2	1	0	1	2	2	1	0	2	1	2	1	0	0	1	2	5	2	5	5	1	6	3	9	0	5	1	7	2	4	4	3	1	1	3	6	12	4	6	1	3	0	2	1	2	0	1	1	3	3	0	1	0	1	2	2	0	4	4	5	8	7	8	6	0	2	5	1	4	8	4	1	2	0	1	0	1	2	6	4	4	11	3	3	3	5	0	0	1	2	2	3	2	2	1	3	1	1	2	4	6	9	8	4	7	5	2	1	0	3	0	1	4	12	8	16	20	7	6	4	2	8	5	1	3	5	7	8	4	7	9	8	4	1	10	13	90	64	0	31	19	12	5	3	4	2	2	2	2	1	0	1	0	1	0	0	0	1	0	0	0	0	0	1	2	1	1	1	0	1	0	0	2	2	5	2	1	1	4	1	2	4	3	1	0	0	0	1	0	1	1	2	2	0	1	1	1	2	0	0	0	0	1	1	0	1	0	0	0	0	0	0	1	0	1	1	0	0	0	0	0	0	1	0	0	0	2	1	0	3	0	0	0	0	0	0	0	0	0	0	0	0	2	0	0	0	0	1	1	0	0	0	0	0	0	0	0	0	0	1	0	0	0	0	0	1	0	0	1	0	2	1	0	0	1	0	1	1	0	0	1	0	0	2	1	0	1	1	1	0	0	0	3	1	1	1	0	0	0	1	0	1	0	0	0	0	1	1	0	1	0	0	0	0	1	1	0	1	0	0	0	0	0	0	0	0	2	0	1	0	1	0	1	2	1	0	0	0	1	0	1	0	1	0	0	0	1	1	0	1	0	0	0	2	0	2	0	0	0	0	0	0	1	0	1	0	1	0	0	1	1	2	0	1	2	1	0	0	0	1	1	1	0	0	1	0	0	0	2	0	0	0	1	0	1	0	1	1	1	0	0	0	1	0	0	0	0	0	0	1	0	1	0	1	0	0	1	0	1	1	0	2	0	0	0	2	0	0	0	0	0	0	0	0	0	0	0	0	0	0	0	0	0	0	0	0	0	0	1
0	0	0	0	0	0	0	1	0	1	0	2	3	3	1	0	1	6	7	2	6	3	12	10	30	52	53	34	11	8	3	4	8	12	6	7	3	1	0	0	0	0	0	1	0	1	2	2	1	1	0	1	2	1	3	2	5	6	2	3	3	3	4	6	1	2	1	2	2	2	2	1	0	1	2	6	3	2	6	3	3	2	1	3	4	1	3	1	2	2	0	0	0	2	3	3	3	2	4	8	9	8	5	4	2	2	2	1	0	8	3	1	2	0	0	1	1	2	2	1	7	2	1	2	2	1	1	1	1	2	1	0	1	1	1	1	1	0	1	8	3	9	4	5	15	16	11	8	2	3	1	5	8	16	6	7	21	8	13	7	4	7	2	3	5	5	6	3	2	0	4	2	2	0	2	5	17	6	31	0	50	12	8	5	3	5	5	1	1	1	1	0	0	1	0	4	0	0	0	1	0	1	0	1	1	0	1	1	4	0	0	1	2	0	2	5	2	5	2	6	1	1	1	1	0	0	3	3	1	2	0	1	3	2	3	2	0	1	2	0	0	0	0	0	1	0	4	0	0	0	0	1	0	0	1	1	0	1	0	1	1	0	0	1	1	0	1	1	0	0	0	0	0	0	1	0	0	0	1	0	0	1	0	0	0	1	0	0	0	0	0	0	0	0	1	2	0	0	2	1	0	0	0	0	1	0	0	0	0	0	0	1	0	2	0	0	1	1	0	0	1	0	0	1	0	0	0	0	0	0	0	2	1	1	3	0	1	1	1	0	3	0	2	0	1	0	1	0	0	0	0	1	0	0	0	0	1	2	1	0	1	0	1	0	0	0	0	0	1	1	0	0	1	1	1	1	0	0	0	2	4	1	0	0	0	0	0	0	0	1	0	1	0	0	0	0	1	0	0	0	1	1	0	1	0	0	0	0	0	0	0	0	0	0	0	0	0	0	0	0	0	0	0	0	1	2	0	1	0	1	0	0	0	0	0	0	0	0	0	2	0	1	0	0	0	0	1	0	0	0	0	0	0	1	2	0	1	1	1	2	0	2	1	0	0	1	0	0	0	0	0	0	0	1	0	0	0	0	0	0	2	0	1	0	0	0	0	0	0
0	0	0	0	0	0	0	0	1	1	0	0	1	1	0	0	4	1	5	7	1	5	4	6	19	24	45	20	13	13	7	7	7	16	4	3	7	4	4	1	0	2	0	0	1	1	1	2	3	2	1	0	0	0	0	0	2	2	3	2	2	2	1	5	1	3	1	4	1	0	0	2	0	4	1	6	5	2	4	0	2	0	1	1	2	1	1	3	2	0	0	4	3	2	2	3	5	1	5	9	2	5	1	6	0	0	2	4	1	2	7	1	1	1	2	0	2	0	0	1	3	2	2	1	0	0	2	1	3	2	4	3	1	1	2	0	0	3	1	5	7	16	10	11	47	22	10	4	2	1	0	0	6	13	9	3	5	7	9	5	6	8	5	11	2	3	6	1	8	3	6	5	3	2	4	5	6	9	19	50	0	56	18	15	7	4	3	2	1	2	0	0	0	0	1	1	0	0	0	1	0	2	0	0	0	0	1	2	1	0	1	1	6	4	5	1	1	0	1	1	6	4	2	0	2	4	0	3	0	1	1	3	3	1	1	2	1	2	0	0	2	1	0	0	0	1	1	0	0	0	0	2	1	2	0	0	0	0	0	0	1	1	0	0	0	0	2	0	0	1	1	1	0	1	2	0	1	0	0	0	0	0	0	0	0	0	0	1	0	0	1	0	0	2	2	0	0	1	0	0	1	0	0	0	1	0	1	0	0	0	0	0	0	0	0	0	0	2	0	1	0	1	0	0	0	4	2	0	0	1	0	0	1	2	3	1	0	2	3	1	0	2	0	1	0	1	1	0	0	0	0	0	1	1	0	0	1	0	0	1	2	0	1	0	0	0	1	0	0	0	0	2	1	0	0	0	1	0	0	1	1	1	0	4	1	2	0	1	0	1	0	0	0	1	0	3	0	1	0	0	0	0	0	1	0	0	0	1	0	0	0	1	1	1	0	0	0	0	0	0	1	0	1	0	1	1	1	0	1	0	0	0	0	0	0	0	0	0	0	0	1	0	2	0	0	0	1	1	0	0	0	2	0	1	0	1	1	1	0	1	1	0	1	0	0	0	0	0	1	0	0	0	0	0	0	0	2	0	0	0	0	1	0	0	0	0	0	0	0
0	0	0	0	0	0	0	0	0	0	0	1	1	3	1	1	0	4	2	9	7	1	5	2	6	10	16	20	13	11	6	2	11	23	7	4	6	2	6	0	0	1	2	1	1	0	0	1	0	1	1	1	0	0	0	0	2	1	2	0	3	1	1	6	1	2	0	3	2	1	2	0	1	0	2	1	4	3	3	0	1	0	2	0	2	1	1	2	0	1	0	2	1	3	3	3	0	2	5	4	5	6	7	3	2	1	1	1	1	5	3	4	2	1	2	1	1	0	1	1	4	6	3	2	1	0	1	1	0	4	3	0	5	0	0	0	1	0	1	4	7	16	28	24	61	11	4	3	4	4	0	3	3	14	7	2	2	6	6	4	1	14	4	10	6	2	9	9	6	1	6	2	3	2	2	0	10	5	12	12	56	0	39	12	8	8	4	6	1	1	1	0	1	1	0	2	0	3	1	0	1	1	0	0	0	0	0	1	1	0	1	2	7	5	2	1	2	2	2	2	3	0	2	1	0	2	2	3	0	3	3	1	1	0	2	0	0	1	2	2	1	2	1	0	1	1	1	0	0	0	0	1	1	0	1	0	0	0	0	0	0	0	0	1	1	1	0	0	1	2	0	2	0	0	0	0	0	0	0	0	0	0	1	2	0	0	0	1	0	1	1	0	0	0	0	0	0	0	0	1	0	0	0	0	1	0	0	1	0	1	1	1	0	0	0	1	0	1	0	0	1	0	0	0	0	1	1	1	1	0	0	0	0	2	0	1	4	1	3	1	1	0	0	0	0	0	0	1	1	0	0	1	0	0	0	0	0	2	1	1	1	0	0	0	0	0	1	0	0	1	2	0	0	1	0	1	2	0	0	0	0	1	1	0	1	0	0	1	0	1	0	0	2	0	0	0	0	3	0	0	1	0	0	0	0	0	0	0	1	0	0	0	0	0	0	0	0	1	0	1	1	1	0	0	0	1	0	0	0	2	1	1	0	1	0	0	2	0	0	0	0	0	0	0	0	1	0	0	0	0	0	0	3	0	1	0	0	0	0	1	0	0	0	0	0	1	0	0	0	0	0	0	0	0	1	0	0	0	1	0	0	0	1	0	0	0	1	0	2
0	0	0	0	0	0	0	1	1	0	0	0	1	2	1	2	1	1	3	1	5	3	0	2	5	8	15	4	2	9	5	2	5	10	6	2	5	4	1	0	0	0	2	0	0	1	1	0	1	1	0	0	2	1	0	1	2	3	2	0	2	0	2	2	3	1	1	1	1	2	0	1	0	0	0	4	0	5	1	0	0	0	1	3	0	1	4	1	0	0	0	3	1	4	0	4	2	3	4	1	0	1	2	0	0	1	0	0	2	3	1	1	3	0	0	0	0	0	0	2	1	2	2	0	0	1	0	1	1	2	4	3	2	2	5	1	0	2	1	1	7	7	13	12	37	15	5	1	1	3	2	3	3	4	2	2	1	2	1	6	1	10	3	5	6	2	7	2	3	1	3	1	2	2	3	2	2	1	5	8	18	39	0	45	31	31	13	2	3	6	0	1	1	0	0	0	1	0	0	0	0	0	0	2	2	0	0	1	0	3	2	2	11	8	4	0	1	1	5	2	2	1	2	2	0	3	1	1	0	3	0	0	3	2	3	0	1	2	0	1	5	2	0	0	1	0	3	0	0	0	1	0	0	0	0	0	0	0	0	0	1	2	0	1	1	1	0	0	0	0	1	2	1	1	0	0	0	0	0	2	0	0	0	1	0	0	0	2	0	1	0	1	1	0	0	0	2	1	0	0	1	0	0	1	1	0	0	0	2	0	0	0	1	3	1	1	0	0	0	0	1	0	0	0	0	0	0	0	0	1	1	2	0	0	0	1	1	1	1	1	1	2	1	0	0	0	1	0	0	1	0	0	0	1	1	1	0	0	0	1	0	0	0	0	1	0	0	1	1	1	0	0	3	0	1	0	0	0	1	0	1	0	0	1	0	0	1	0	0	0	0	0	0	0	0	1	0	0	0	0	0	0	0	0	0	0	0	1	1	0	2	1	0	1	0	0	0	0	0	0	0	0	0	0	0	0	0	1	2	1	0	1	1	0	0	0	0	0	0	1	0	0	0	0	0	0	1	0	0	0	0	0	2	0	0	0	1	0	0	0	0	1	0	1	1	0	1	0	0	0	0	0	0	0	0	1	0	0	1	2	0	0	0	0	0	0	0	0	0
0	0	0	0	0	0	0	1	2	1	1	0	2	0	0	3	0	2	1	3	3	1	3	4	10	5	11	5	2	3	5	2	2	10	3	2	1	2	0	0	0	1	1	1	0	0	1	2	0	0	0	2	0	1	0	0	1	1	0	0	1	2	1	1	1	1	1	2	2	1	0	0	2	0	1	1	0	2	3	0	0	1	1	1	1	2	2	1	1	0	1	1	2	3	3	2	0	3	0	4	3	1	2	2	0	0	1	0	0	1	0	3	0	0	0	1	1	2	0	0	2	4	0	1	0	1	0	0	1	2	1	2	0	4	0	0	0	1	2	2	3	6	6	3	17	12	7	5	1	1	1	2	4	2	1	2	1	3	5	5	5	2	3	2	0	0	3	4	0	2	4	0	0	3	0	3	3	2	3	5	15	12	45	0	21	64	17	9	5	4	0	1	1	0	4	2	1	1	0	2	1	1	0	1	0	5	0	1	1	2	2	4	8	11	3	4	1	4	0	3	2	5	1	3	0	3	0	2	2	4	2	2	0	0	6	1	2	1	0	2	1	0	3	1	0	3	0	1	1	0	0	0	0	3	1	1	0	0	0	0	0	1	0	0	0	0	0	1	0	0	1	0	0	4	0	1	0	0	0	0	2	2	0	3	0	0	2	0	0	1	2	0	0	0	0	1	1	0	0	0	0	0	0	2	1	0	1	0	1	0	1	2	0	0	0	0	0	1	0	0	1	2	0	0	0	0	1	1	1	1	0	1	2	2	0	1	3	1	1	0	1	0	1	1	1	2	0	0	1	0	1	0	1	0	1	0	1	0	0	0	0	1	2	1	1	1	1	1	0	0	1	1	0	1	0	0	0	1	0	0	0	1	2	1	2	1	0	1	0	0	1	0	1	0	0	0	1	0	0	0	0	0	1	1	0	0	1	0	0	0	0	0	0	0	2	0	0	0	1	0	0	0	0	0	0	0	0	3	0	0	0	0	0	0	0	0	0	1	1	0	0	0	0	0	0	0	0	0	0	1	0	1	0	0	1	0	1	0	0	0	1	0	1	0	0	2	1	0	0	0	0	0	0	0	0	0	0	1	0	0	0	0	0	0	0	0	0	0	0
0	0	0	0	0	0	0	1	1	0	1	1	3	1	0	3	2	1	1	1	2	1	1	4	4	6	4	3	4	7	1	4	0	14	6	2	2	2	2	2	0	0	1	0	0	2	0	0	0	0	1	1	1	0	4	1	2	0	1	1	4	2	1	3	0	1	1	1	0	0	1	0	3	0	0	0	3	1	2	0	0	0	0	1	1	1	6	2	1	0	2	2	1	2	5	2	1	1	4	5	1	1	1	1	1	0	1	2	3	0	0	1	2	0	2	1	1	1	1	2	2	3	3	1	1	2	3	0	1	1	2	2	5	1	1	1	0	1	1	2	4	7	5	8	7	7	2	2	2	0	2	1	3	6	1	1	1	3	2	7	4	2	1	4	2	0	0	2	2	4	3	0	0	1	1	2	2	3	4	3	7	8	31	21	0	39	48	7	1	1	1	0	1	0	0	0	0	1	2	0	0	1	0	0	0	1	0	2	1	2	1	2	6	8	4	1	0	1	2	1	1	0	4	0	0	2	1	1	0	1	1	0	1	0	4	1	2	3	4	1	3	1	1	1	0	0	3	1	0	0	1	0	2	1	1	2	0	0	0	0	0	1	0	2	0	0	0	2	0	0	1	2	1	0	2	0	0	0	0	0	1	1	0	0	1	0	0	0	0	1	0	0	1	0	2	0	1	1	0	0	0	0	1	1	0	0	2	1	0	0	0	0	0	0	1	0	0	0	0	0	1	0	1	1	0	1	0	0	0	4	0	0	0	0	1	2	0	2	0	2	1	1	0	0	0	0	0	0	0	0	0	0	0	0	0	0	1	0	0	0	1	0	0	1	0	1	1	0	0	2	2	2	0	0	0	0	1	0	2	0	1	0	2	0	0	0	0	1	0	1	1	1	0	0	0	0	1	1	0	0	0	0	0	0	0	0	2	1	0	0	0	0	0	0	2	0	1	1	0	0	1	0	0	0	0	0	0	0	1	0	1	2	0	0	0	0	0	0	0	0	0	0	1	1	1	0	0	0	0	0	0	1	0	0	2	1	0	0	0	1	1	0	0	0	0	0	1	0	1	0	2	1	0	0	0	1	0	0	0	0	1	0	0	0	0	0	0	0	0
0	0	0	0	0	0	0	0	0	1	1	0	0	1	1	2	1	3	3	1	0	3	5	1	4	3	4	2	5	1	3	1	2	5	3	1	1	0	0	0	0	1	0	2	0	1	0	0	0	1	1	0	1	0	2	0	0	3	0	1	1	5	2	0	1	1	0	0	1	0	0	0	2	1	0	2	1	0	0	0	1	0	0	0	0	0	2	1	0	2	0	0	0	1	1	0	0	0	3	1	3	1	1	0	3	1	2	0	4	0	0	0	0	0	0	0	0	1	1	1	1	0	1	0	3	0	1	1	0	1	1	3	1	1	0	0	0	0	2	3	3	5	3	6	9	7	6	3	2	1	3	0	1	2	3	3	2	2	1	5	1	0	2	3	1	1	2	0	1	1	0	1	0	0	0	6	2	3	2	5	4	8	31	64	39	0	50	15	6	5	1	1	0	1	2	0	2	0	1	0	0	0	1	0	0	2	2	3	1	1	0	8	19	18	0	2	0	0	2	2	0	3	0	1	0	0	2	3	1	2	2	2	3	1	1	5	1	1	3	3	2	4	0	0	3	1	1	2	0	1	1	0	0	0	2	0	0	0	2	1	0	1	2	1	0	1	1	2	0	1	0	1	2	0	4	1	1	0	0	0	1	0	1	1	0	0	0	2	0	0	0	1	1	1	1	1	2	1	2	0	1	0	0	2	0	0	1	0	0	1	0	0	0	0	0	0	3	2	2	0	1	0	1	0	0	0	0	3	0	2	0	1	0	1	0	3	0	0	1	3	4	0	1	1	1	2	0	0	0	0	0	1	1	1	0	0	0	1	0	0	0	0	0	1	0	1	0	1	2	0	0	1	0	0	1	1	2	0	1	1	0	2	0	1	0	0	1	1	0	0	0	2	0	0	0	1	0	0	0	1	0	1	1	0	0	0	0	0	0	0	0	0	0	0	1	1	1	0	1	2	0	0	1	0	0	0	1	2	0	0	0	0	0	0	0	0	0	0	0	0	0	1	0	0	0	1	0	1	0	0	0	1	1	1	2	0	0	0	0	1	1	0	1	0	0	0	0	0	0	0	1	1	0	0	0	0	0	0	0	0	1	0	0	0	0	0	0	1	0
0	0	0	0	0	0	0	0	1	1	0	1	2	1	2	0	0	0	3	0	0	2	1	0	1	3	2	2	5	3	1	2	0	9	4	1	2	1	2	1	1	0	0	1	0	1	2	1	0	2	1	1	1	1	0	0	1	2	0	1	1	0	1	0	2	1	0	0	0	1	3	1	0	0	2	0	0	1	1	1	0	0	0	1	2	1	0	1	0	1	0	1	2	4	2	2	0	1	2	6	1	3	3	2	0	0	0	1	1	1	2	2	1	0	1	0	1	1	1	1	0	3	0	0	0	0	1	0	0	2	1	3	1	1	1	1	1	0	2	3	5	2	7	8	11	2	2	0	2	1	0	1	0	5	2	1	1	2	2	3	4	5	3	1	0	2	2	1	2	1	3	1	0	2	1	4	1	1	2	5	3	4	13	17	48	50	0	31	6	6	2	0	0	0	1	1	1	2	1	1	2	0	0	0	1	1	2	1	5	2	4	6	20	7	1	1	0	0	1	3	0	1	1	0	0	0	1	1	0	0	0	1	2	1	0	2	2	2	2	3	3	0	0	0	1	1	4	1	1	2	0	0	2	2	0	0	0	0	1	2	0	0	0	0	0	2	1	1	2	0	0	0	0	0	1	0	0	0	0	1	0	1	1	0	0	2	1	0	2	0	0	0	0	0	1	0	0	0	0	1	0	1	0	0	0	0	0	1	0	0	0	0	0	1	0	0	0	0	1	2	0	1	1	0	0	1	0	0	0	2	2	1	4	2	3	1	0	0	3	0	1	0	0	0	0	0	0	0	0	0	0	0	0	1	0	0	1	0	0	0	0	0	1	0	0	1	1	0	0	1	0	0	2	2	0	0	1	0	0	0	2	2	0	0	0	2	1	4	0	2	1	1	1	0	0	0	0	0	0	1	0	0	1	0	0	0	0	0	1	1	0	0	0	0	0	3	1	0	0	0	0	0	0	1	1	0	1	0	0	1	1	1	2	1	0	0	0	0	0	0	1	0	1	1	0	0	0	0	0	0	1	0	0	2	0	0	1	2	0	0	0	1	1	0	0	0	0	0	0	0	0	0	0	0	0	0	0	0	0	0	1	0	0	0	0	0	1	0	0
0	0	0	0	0	0	0	0	1	1	0	0	0	0	1	0	0	2	1	3	0	1	1	0	1	0	3	2	3	1	3	1	1	1	3	0	0	1	1	1	0	0	1	0	0	0	2	1	0	0	1	0	0	0	1	1	0	1	1	0	0	0	2	0	1	2	0	1	1	0	0	0	0	2	0	3	1	0	1	0	1	1	0	0	0	1	2	0	0	0	0	0	2	2	0	1	3	0	0	1	2	1	0	0	0	0	0	1	4	1	1	1	0	0	0	1	1	0	0	1	1	1	1	0	0	0	0	0	0	2	2	0	0	1	1	1	1	2	1	2	1	1	4	3	3	3	4	3	0	1	0	0	0	0	0	1	0	1	3	2	2	3	0	0	1	1	1	0	0	1	4	2	1	1	1	1	1	2	2	1	2	6	2	9	7	15	31	0	28	10	1	0	1	2	2	2	3	2	0	0	0	1	0	0	0	0	3	4	7	9	2	10	19	9	1	0	0	1	1	2	1	2	1	2	0	0	0	1	1	1	2	0	1	1	1	2	7	3	2	6	4	2	0	5	2	2	9	3	2	0	0	0	1	1	2	1	1	1	2	1	0	1	0	1	0	0	2	0	0	1	0	0	0	1	1	0	0	1	0	0	0	1	1	0	0	0	2	1	1	0	0	2	1	0	1	0	0	3	1	0	0	0	1	0	1	0	1	1	0	0	1	0	0	1	1	0	1	0	1	1	2	2	1	0	1	2	1	2	0	0	1	1	2	1	2	1	0	2	0	1	2	1	1	0	0	0	0	1	0	0	0	0	0	0	0	0	0	0	0	0	0	1	0	0	1	0	0	0	2	0	0	0	0	2	0	1	1	0	0	0	0	1	1	0	1	0	0	0	1	0	1	2	0	0	1	1	1	1	0	0	0	0	2	0	0	0	2	0	0	0	0	0	0	0	0	0	0	0	1	0	1	0	0	1	0	0	1	1	0	0	0	1	0	0	0	0	0	0	0	0	0	0	0	1	1	0	0	1	0	0	1	0	1	0	0	0	0	0	0	0	0	2	1	0	1	0	0	0	0	0	1	1	0	0	0	0	0	0	1	1	1	0	0	0	0	1	0	0	0
0	0	0	0	0	0	0	0	1	0	0	0	1	0	0	1	1	0	0	1	3	0	1	0	1	2	1	1	1	1	1	3	1	1	2	1	0	0	0	0	1	0	1	1	0	1	2	0	1	0	0	0	0	1	1	0	0	1	1	0	0	0	0	1	0	0	0	0	0	0	0	0	1	0	2	0	0	0	2	1	1	0	0	1	0	0	2	0	2	0	1	2	2	3	1	0	1	0	0	1	2	0	2	3	1	1	0	0	1	0	1	0	0	1	0	0	1	0	0	0	1	0	0	0	0	0	1	0	0	0	1	0	3	0	0	0	0	1	1	2	1	3	4	1	5	2	1	2	1	2	1	1	1	1	1	1	0	0	3	0	0	0	3	2	0	0	0	2	1	0	2	0	0	0	0	3	0	2	2	1	1	1	3	5	1	6	6	28	0	21	4	1	3	5	3	0	1	2	2	1	1	3	0	0	6	1	0	2	21	59	11	28	12	8	2	0	0	1	0	2	2	0	0	1	1	0	0	0	0	2	0	0	1	1	4	2	7	11	12	11	7	3	5	2	2	4	9	1	2	0	2	1	0	0	0	2	2	1	0	0	1	1	0	0	0	0	0	3	2	1	2	3	0	2	2	1	0	0	1	1	0	1	1	0	3	2	0	0	1	1	1	2	0	4	3	1	0	0	1	0	2	1	0	1	0	1	0	0	3	2	0	0	0	0	0	2	2	0	1	0	5	1	2	1	0	0	3	1	2	1	1	1	3	5	3	0	1	0	1	2	0	2	1	0	0	0	2	0	1	0	0	0	0	1	1	0	0	0	1	0	0	1	1	0	0	0	2	0	0	0	0	0	1	1	1	0	0	0	5	0	1	1	0	3	1	1	2	1	1	0	0	0	0	0	0	0	0	0	0	0	0	0	0	2	0	2	0	2	0	0	0	0	0	0	1	0	0	0	0	1	0	0	0	1	2	2	0	0	1	2	1	2	0	1	0	0	0	0	0	0	0	0	0	0	2	0	0	0	0	0	0	1	0	0	0	0	0	0	1	1	0	0	0	0	0	0	2	0	0	0	0	0	0	0	0	0	0	0	1	1	0	0	0	0	1	0	0	1	0
0	0	0	0	0	0	0	0	1	0	0	0	0	0	0	0	1	0	0	0	3	0	3	1	2	0	2	1	1	1	1	1	1	3	0	0	0	1	0	0	1	0	1	1	0	0	1	1	0	0	0	0	0	2	0	0	0	1	0	0	0	0	0	2	0	0	1	0	2	0	0	0	0	0	1	0	2	0	2	0	0	2	0	1	1	0	2	0	0	0	0	1	0	0	1	0	0	0	1	2	1	0	1	2	1	0	0	1	1	0	0	0	1	0	0	1	0	1	1	0	0	1	1	0	0	0	1	1	1	0	0	1	1	1	0	1	0	1	0	0	0	1	3	3	4	2	0	2	3	0	0	0	0	0	3	0	1	0	4	3	2	0	0	1	0	3	2	2	0	1	0	0	0	1	1	2	0	0	1	1	2	1	6	4	1	5	6	10	21	0	8	2	8	5	4	4	1	0	3	1	0	5	3	3	0	1	2	4	46	61	43	74	14	12	1	1	1	4	2	1	2	1	1	0	1	2	4	0	3	2	2	1	1	1	2	9	24	20	19	10	5	6	3	1	10	5	15	0	3	0	1	4	1	2	1	3	1	0	2	1	1	1	1	0	0	0	2	1	1	1	2	0	0	2	0	3	0	2	0	1	1	1	1	2	2	1	0	1	1	0	1	0	2	0	1	0	1	1	3	1	1	1	1	0	1	1	0	0	1	0	0	1	0	0	2	2	3	0	3	0	1	1	0	1	2	0	3	1	4	1	2	3	2	3	3	1	1	1	3	6	4	7	1	1	0	1	1	1	1	0	1	0	0	0	0	0	2	1	1	1	0	0	0	0	0	0	0	0	0	1	2	1	1	1	0	0	1	2	1	4	1	3	1	2	0	0	0	0	0	0	0	0	0	2	1	0	1	0	0	0	0	0	1	0	0	0	0	1	1	0	0	0	1	0	2	1	0	0	1	1	0	1	0	1	0	1	0	0	1	2	1	2	0	0	1	0	0	0	0	0	2	0	1	0	0	0	1	1	0	1	1	0	0	2	1	0	0	1	0	1	1	0	0	0	0	1	0	0	0	0	0	2	0	0	2	0	0	1	1	0	0	1	0	0	1	0	0	0	0
0	0	0	0	0	0	0	0	0	2	0	0	0	0	0	0	1	0	0	0	0	1	0	1	0	0	0	2	1	2	0	3	1	0	1	3	0	1	1	1	0	1	0	0	1	0	0	0	0	0	1	0	1	0	0	1	0	0	0	0	0	0	1	0	0	0	0	0	1	0	0	0	0	0	0	0	1	0	0	0	0	0	0	2	1	1	2	1	0	0	0	2	0	0	0	0	0	0	2	0	0	0	0	1	0	0	3	1	2	0	1	2	0	1	0	0	0	1	0	0	0	2	0	2	0	0	0	0	0	0	0	0	0	1	2	0	0	0	1	0	0	1	0	0	1	1	0	2	3	2	0	1	1	1	1	1	0	0	4	0	1	2	0	2	1	0	2	1	0	4	3	1	0	2	0	4	1	1	0	1	0	1	0	0	1	1	2	1	4	8	0	3	31	15	12	16	15	4	3	5	10	9	3	6	9	5	12	10	10	11	23	4	3	9	0	0	1	0	0	1	1	2	0	2	1	1	0	0	1	4	0	4	2	1	4	11	51	11	9	7	5	4	12	9	31	17	11	3	5	3	4	4	0	5	3	1	0	0	0	0	1	1	0	0	3	1	2	1	1	3	0	1	2	0	3	1	1	2	0	0	2	2	3	2	6	1	2	1	3	0	1	1	1	3	0	2	0	0	2	0	0	0	1	0	0	0	0	1	1	0	0	0	0	0	1	1	1	2	1	3	1	1	4	4	0	0	0	3	0	3	7	4	6	2	4	1	2	5	3	9	6	9	3	0	0	1	0	2	0	1	1	0	0	0	0	4	0	3	0	0	0	0	1	1	0	0	0	2	1	1	3	4	0	2	3	3	0	3	3	1	5	1	1	1	2	0	0	0	0	1	0	0	0	1	0	1	0	0	0	0	2	1	0	1	1	1	0	1	0	0	0	2	1	1	0	2	1	1	1	0	1	1	0	1	3	0	2	0	4	0	1	0	1	0	1	2	0	1	0	0	0	0	0	0	0	2	0	0	0	0	1	0	1	1	0	2	1	0	0	1	0	1	1	0	1	0	0	1	0	0	0	0	0	0	0	0	1	0	0	2	1	0	0	0	0	0	0	0	0
0	0	0	0	0	0	0	0	0	1	0	0	0	1	0	0	0	0	0	0	0	1	0	0	0	1	0	1	1	0	0	0	1	1	0	1	0	0	0	0	0	0	1	0	0	0	0	0	0	0	0	0	0	0	1	0	0	1	1	0	0	1	0	0	0	1	1	0	0	0	0	0	0	1	0	0	0	1	0	0	1	0	0	1	0	2	0	0	0	0	0	0	1	1	0	0	0	1	0	0	0	0	1	1	0	0	0	0	0	0	0	0	0	0	0	0	0	2	0	1	0	0	2	1	0	0	0	0	0	0	0	0	0	0	1	0	0	0	0	1	1	0	0	0	0	1	0	1	0	2	0	1	0	1	1	1	1	1	0	1	2	1	2	1	0	0	0	0	0	2	0	1	1	0	0	1	1	0	1	0	0	0	1	1	0	1	0	0	1	2	3	0	37	21	30	43	17	3	2	1	3	8	6	2	4	6	6	8	5	3	2	2	4	1	0	0	0	0	0	0	0	0	0	1	1	1	1	1	1	2	0	1	0	3	1	4	7	4	2	4	5	26	50	14	9	5	4	6	2	8	3	2	2	0	4	3	1	1	0	1	2	1	2	0	0	2	1	1	2	2	0	0	0	0	0	1	0	0	2	0	1	0	2	2	2	1	0	1	1	0	1	0	0	0	3	0	0	1	1	1	0	0	0	1	0	1	0	2	0	0	1	0	0	0	0	0	3	1	2	1	1	1	0	1	0	0	0	3	2	1	3	0	1	2	0	0	1	1	0	1	1	3	0	0	1	0	1	0	0	0	0	0	0	0	1	0	0	0	0	1	0	0	0	0	2	0	0	0	2	2	0	1	1	1	1	2	1	1	1	0	0	0	1	1	1	0	0	0	1	0	1	0	0	0	1	0	0	0	0	1	2	0	0	1	0	0	1	0	1	0	1	1	1	0	0	0	0	1	1	1	0	1	0	1	0	4	0	0	0	0	1	0	0	1	0	0	0	0	0	1	0	0	1	0	0	0	0	0	0	0	1	0	1	0	0	0	0	0	0	0	0	1	0	0	0	1	0	0	0	1	0	0	0	0	0	0	0	0	2	1	0	0	0	1	1	0	0	0	0
0	0	0	0	0	0	0	0	0	0	0	1	0	0	1	0	0	0	1	1	0	0	0	0	1	0	1	0	0	0	0	1	0	1	0	1	0	0	1	0	0	0	0	0	0	0	0	0	0	1	0	0	0	1	0	2	0	1	0	0	1	0	1	0	0	0	0	0	0	0	0	1	0	0	0	0	0	0	0	0	0	0	0	0	0	0	1	0	0	1	1	0	0	0	0	1	0	0	0	0	1	1	0	1	0	1	0	0	0	0	0	1	0	0	0	0	1	0	0	0	0	1	0	0	0	0	0	0	0	1	0	0	0	0	2	1	0	0	1	0	0	1	0	1	0	3	1	2	1	3	0	0	1	1	0	1	0	0	0	1	2	2	1	0	1	1	1	1	2	0	1	0	0	0	0	1	0	0	0	0	0	1	1	1	1	0	0	1	3	8	31	37	0	59	21	47	15	6	3	3	6	3	4	4	6	8	3	6	3	8	5	2	1	0	1	0	0	0	0	0	4	1	1	0	0	0	0	0	1	1	0	1	1	1	1	3	10	13	9	3	6	8	20	12	26	15	7	6	1	8	7	1	0	3	0	0	0	0	0	0	0	0	0	1	0	2	4	0	2	1	0	0	1	0	1	0	2	0	0	0	0	4	3	3	3	5	3	1	3	0	0	1	2	1	0	1	0	0	0	0	1	0	1	0	0	0	0	1	1	0	1	1	0	3	2	0	0	0	2	3	1	2	0	0	3	1	2	2	3	0	5	2	2	1	2	0	0	1	5	3	3	2	1	2	3	1	0	0	1	0	1	1	3	0	2	0	3	3	0	0	0	0	0	0	0	0	1	1	2	1	4	2	1	1	0	0	1	2	1	0	1	1	0	1	0	1	0	0	0	0	0	0	0	0	0	1	1	0	0	0	0	0	1	1	0	0	2	0	0	1	1	1	0	0	1	0	0	0	0	1	0	1	1	1	0	1	3	1	0	0	2	0	0	0	0	0	2	0	0	0	1	0	0	1	0	0	0	1	0	1	0	1	0	2	1	1	0	0	0	1	0	2	0	0	0	1	1	0	0	0	0	0	0	1	2	0	0	1	0	0	0	0	0	0	1	1	0	0	0
0	0	0	0	0	0	0	0	0	1	0	0	1	0	1	1	1	1	1	0	1	1	0	1	1	1	0	0	0	0	1	1	0	2	1	1	1	1	0	0	1	0	0	0	0	1	0	0	0	0	0	0	0	0	1	0	0	0	0	0	0	1	0	0	0	0	0	0	0	2	0	0	1	0	0	0	0	1	0	0	1	0	0	0	0	0	0	2	0	2	1	0	0	0	1	0	0	0	0	0	0	0	0	0	0	1	0	0	0	0	0	0	0	0	1	1	0	1	0	0	1	0	0	0	0	0	0	0	1	0	1	0	1	1	0	0	1	0	0	0	0	1	1	1	1	0	2	1	0	0	1	0	0	2	1	1	3	1	2	2	0	1	0	1	1	0	2	2	0	0	0	2	0	0	0	0	0	0	1	1	0	1	0	0	0	1	0	2	5	5	15	21	59	0	40	21	27	10	7	5	5	3	3	1	2	4	5	7	2	3	3	3	1	3	0	0	0	0	0	1	1	1	1	0	3	0	2	1	2	1	1	1	1	3	1	3	6	4	4	4	0	7	7	1	11	5	5	5	5	4	1	3	0	3	2	1	0	0	1	0	0	3	3	0	1	1	3	1	0	4	0	0	0	0	0	0	0	0	0	0	1	3	2	4	0	4	1	1	2	0	2	1	0	1	0	1	1	0	1	1	0	0	1	0	0	0	0	0	0	0	0	0	1	2	1	1	1	2	3	0	1	0	3	0	1	3	1	0	1	2	1	6	2	1	0	2	1	2	1	1	2	3	2	6	0	1	0	0	1	0	0	0	0	0	0	0	0	1	1	0	1	1	0	0	4	1	2	0	0	2	4	1	3	1	1	1	2	0	1	3	1	0	0	0	0	3	0	0	0	1	0	0	0	0	0	0	0	1	0	0	1	0	0	0	0	0	0	0	1	0	0	0	0	1	1	0	0	0	0	0	0	0	0	0	1	2	1	1	3	0	1	0	1	0	0	0	0	0	0	0	0	2	0	1	0	0	1	0	1	0	0	0	0	1	1	0	0	2	1	1	0	0	0	1	0	0	0	1	0	1	1	0	1	2	0	1	0	0	0	1	0	0	0	0	0	0	0	0	0
0	0	0	0	0	0	0	0	1	0	0	0	0	0	0	1	0	0	0	0	0	0	0	0	0	0	0	0	0	0	0	0	0	0	1	0	0	0	1	0	0	0	1	0	0	0	0	0	0	0	0	0	0	0	0	0	0	0	0	0	0	0	0	0	0	1	0	0	0	0	1	1	0	0	0	0	0	0	1	0	3	0	1	0	0	0	1	1	0	0	0	0	0	0	1	0	1	0	0	0	1	0	0	0	0	0	0	0	0	0	1	1	0	0	0	1	0	0	0	0	0	0	0	0	0	0	0	0	0	1	1	1	1	0	0	1	1	0	0	1	0	0	3	1	0	0	2	0	0	1	0	0	1	0	0	0	0	0	0	0	1	0	3	0	1	1	0	0	0	0	1	0	0	1	0	1	1	1	0	0	1	0	0	4	0	2	1	2	3	4	12	30	21	40	0	435	43	12	8	8	5	4	8	9	15	17	9	7	5	5	4	1	1	3	2	1	0	0	1	0	0	0	1	2	0	3	0	0	1	3	0	1	0	1	1	7	5	2	6	3	5	6	16	10	16	2	2	7	8	5	3	5	2	1	2	0	0	1	0	1	1	0	1	1	3	2	2	0	4	2	1	1	1	0	0	0	1	1	0	1	0	3	1	5	3	2	0	3	3	1	3	0	2	0	1	0	1	0	1	0	0	0	0	1	0	0	0	0	0	0	1	0	0	1	0	1	3	2	1	4	1	0	0	0	1	1	1	4	1	4	2	1	3	1	1	2	1	2	3	4	6	2	1	1	0	0	1	0	1	2	1	1	1	0	0	0	1	1	1	0	1	1	1	2	0	2	2	1	1	3	3	5	0	1	3	2	5	1	1	0	0	0	2	0	0	0	0	1	1	1	2	0	0	0	0	0	1	1	0	0	0	0	0	1	0	2	0	0	0	1	0	0	1	0	0	0	2	0	1	0	1	0	0	0	0	1	1	1	1	0	1	0	3	0	1	0	0	1	1	0	0	0	0	0	0	0	0	0	0	1	0	1	1	1	1	0	0	0	0	1	0	0	1	0	1	1	0	0	0	0	0	1	0	0	0	0	1	2	0	0	1	0	0	0	0	2	2	0	1
0	0	0	0	0	0	0	0	0	0	0	0	1	0	2	0	1	0	0	0	0	1	1	0	0	1	1	0	1	1	1	0	0	0	0	1	1	0	0	1	0	0	1	0	1	0	0	0	1	0	0	0	0	1	0	1	0	1	0	1	0	0	1	0	0	0	0	1	0	1	0	0	0	0	0	0	2	0	1	0	0	0	0	0	0	0	0	0	1	0	0	0	0	0	0	0	0	0	0	0	0	0	0	1	0	0	0	0	0	0	0	0	0	0	0	0	0	0	0	0	1	0	1	0	0	0	0	0	0	1	0	0	0	0	0	1	0	0	0	0	2	0	1	2	0	1	0	1	0	0	0	1	0	1	1	3	0	0	0	2	0	0	1	2	1	1	0	1	0	0	1	0	0	0	0	0	0	0	0	4	1	2	0	2	0	0	1	2	0	4	16	43	47	21	435	0	69	15	6	8	5	4	6	4	12	14	6	9	3	1	3	5	0	1	1	2	1	0	1	1	1	0	0	0	3	1	1	1	2	0	3	2	0	1	2	0	9	2	5	1	2	13	21	12	14	7	1	3	8	12	9	3	1	5	0	1	0	0	1	1	0	3	0	0	0	2	5	1	0	0	1	1	2	1	1	2	1	1	3	0	2	5	4	3	1	1	3	1	2	0	2	4	0	1	1	0	0	0	1	0	2	1	0	0	0	1	0	2	0	2	1	0	0	3	0	1	0	1	2	0	1	1	3	2	2	2	1	5	2	2	2	4	1	1	2	0	0	0	1	2	2	5	0	1	1	0	0	1	1	1	0	1	0	1	0	0	1	1	1	0	0	1	0	3	1	1	0	0	1	0	1	1	2	1	3	3	1	4	0	2	2	1	1	0	0	0	0	0	1	1	0	1	1	0	0	0	1	0	0	0	0	0	0	0	1	0	0	0	0	0	0	2	0	0	0	1	1	1	0	1	1	1	1	0	0	1	0	0	2	3	0	0	0	0	0	1	0	0	0	0	0	0	0	0	0	0	0	0	1	0	0	0	0	1	0	2	0	0	0	0	1	0	0	0	0	0	0	1	0	0	0	0	1	0	1	0	1	1	0	0	1	0	0	0	0	0	1	0	1
0	0	0	0	0	0	0	1	0	0	0	1	0	0	0	0	0	0	1	0	0	0	0	0	2	0	0	0	0	0	1	0	0	1	0	0	0	1	2	0	0	0	0	0	0	0	0	1	0	0	0	0	0	0	0	1	0	1	0	0	1	0	0	0	0	0	1	0	1	0	0	0	0	0	0	0	0	0	1	0	0	0	1	0	1	0	0	0	0	1	0	1	0	0	0	1	0	1	0	0	0	0	0	0	0	0	0	0	0	1	0	1	1	1	0	0	0	0	1	1	0	1	0	0	0	0	0	1	0	0	0	0	0	1	0	1	0	0	0	0	1	0	0	2	0	0	2	0	0	0	0	0	0	0	0	0	0	0	0	0	2	1	0	0	0	0	0	1	0	0	1	0	0	0	0	0	1	1	0	0	0	0	1	1	0	2	1	3	1	1	15	17	15	27	43	69	0	23	15	7	9	6	16	7	31	23	8	16	7	2	2	2	0	1	0	0	1	0	1	0	1	2	0	1	0	1	2	2	1	0	3	0	2	3	5	2	7	3	6	0	1	9	11	9	19	13	4	8	4	10	5	5	2	2	3	2	0	0	0	0	1	2	1	1	0	4	4	2	0	1	3	1	1	0	3	0	0	1	0	1	0	3	2	4	4	11	5	3	3	0	3	2	3	2	0	0	0	2	0	2	0	0	0	0	0	0	1	2	2	2	1	0	1	1	1	0	1	3	2	0	0	3	2	3	1	1	4	2	1	4	3	9	2	4	1	1	0	0	4	4	2	2	4	0	1	0	0	1	3	0	0	1	0	0	1	2	0	1	1	0	0	0	1	0	3	0	1	0	0	4	3	4	1	1	4	4	4	1	0	3	2	1	0	0	1	2	0	0	0	0	0	0	1	0	0	0	0	0	0	0	0	0	0	0	0	0	1	2	0	0	0	0	0	1	3	0	1	0	3	1	0	0	1	2	1	0	0	0	0	1	0	0	2	1	0	0	0	1	0	0	0	0	0	0	0	1	0	0	0	1	0	0	1	0	1	0	0	2	0	1	2	1	0	0	0	1	0	0	0	0	0	0	0	0	1	0	0	1	1	0	0	1	0	0	1	0	0	0	0
0	0	0	0	0	0	0	0	0	0	0	0	0	0	0	1	0	0	0	0	0	0	0	0	1	2	1	0	3	0	3	1	1	2	0	0	0	0	1	0	0	0	0	0	0	0	0	0	1	0	0	0	0	0	0	0	0	2	0	0	0	0	0	0	0	1	0	0	1	1	0	0	0	0	0	0	0	0	1	0	0	0	0	0	1	0	0	0	2	0	1	0	2	0	0	0	0	0	0	0	0	0	0	0	1	0	0	1	2	0	0	1	0	1	0	0	0	1	0	0	1	0	0	0	1	0	0	0	0	0	0	0	0	1	0	0	0	2	0	2	0	0	0	2	1	2	0	0	0	3	0	0	0	1	0	2	0	0	0	2	0	0	0	0	0	1	1	0	0	0	4	0	0	0	0	0	0	1	1	0	0	3	0	1	1	0	2	2	2	0	4	3	6	10	12	15	23	0	608	30	42	16	10	10	5	6	6	4	2	3	3	0	1	0	0	1	0	0	2	0	2	1	0	1	2	1	2	0	1	2	2	1	1	0	1	3	2	2	2	2	3	4	6	2	7	4	0	6	1	2	4	3	2	2	2	2	1	1	1	0	0	0	3	1	2	2	6	3	0	3	2	2	0	2	1	0	1	0	0	0	1	7	12	12	5	6	1	4	3	2	2	3	1	1	2	3	0	1	0	1	0	1	0	0	1	0	1	1	1	1	1	1	0	0	0	2	2	4	0	0	1	2	0	1	1	1	3	2	1	1	5	4	3	1	1	2	2	0	3	2	1	0	1	2	1	1	2	1	0	2	0	1	0	3	1	1	1	0	0	1	2	0	0	1	1	2	1	2	4	4	5	7	2	3	5	4	4	0	3	2	1	1	1	0	1	0	3	1	2	0	1	0	0	0	0	0	1	0	0	1	0	0	0	1	1	0	1	1	0	0	0	1	1	0	0	0	0	0	2	1	0	1	1	1	2	1	1	1	0	1	1	1	1	1	1	0	0	0	0	0	0	1	0	0	1	0	0	0	0	1	0	1	1	0	0	0	1	0	1	1	1	1	1	0	0	0	0	0	1	0	0	0	0	1	1	0	0	0	0	0	0	0	1	0	0	0	1	1	1
0	0	0	0	0	0	0	0	0	1	0	0	0	0	0	0	0	0	1	0	0	0	0	0	1	0	1	0	0	1	1	1	0	0	0	0	0	0	0	0	0	0	0	0	0	0	1	0	0	0	0	0	1	0	1	0	1	0	1	0	0	0	0	1	0	0	1	0	0	1	0	0	0	0	1	0	0	0	0	1	0	1	0	0	0	0	0	0	1	0	0	1	0	0	0	0	0	0	0	0	1	1	0	0	0	0	0	1	0	1	0	0	1	0	0	1	0	0	1	1	0	0	0	1	0	0	1	0	1	0	1	0	1	0	0	0	0	0	0	0	0	2	0	0	0	1	0	0	0	0	0	0	0	0	1	0	2	0	1	0	0	1	0	0	1	0	0	1	1	0	1	0	1	0	0	0	1	0	0	0	0	1	0	0	2	1	1	0	2	3	3	2	3	7	8	6	15	608	0	32	78	17	15	13	4	8	5	8	3	2	2	1	3	1	0	0	1	0	0	1	0	0	0	0	2	0	0	0	0	0	0	1	1	2	1	0	2	3	2	5	2	2	3	3	7	7	2	2	5	9	5	2	1	1	5	1	0	2	0	0	1	3	0	1	3	2	8	2	1	0	1	1	2	0	0	0	3	2	2	0	1	10	2	4	11	4	1	5	2	1	1	4	1	3	0	2	0	2	0	1	0	0	1	0	0	0	0	0	0	1	0	0	0	2	0	5	1	3	0	2	0	0	1	0	2	1	1	3	2	4	7	2	1	2	0	0	0	2	1	2	2	3	3	1	1	3	1	1	1	0	0	1	0	1	0	2	0	0	1	0	1	0	0	0	0	1	2	2	2	4	2	8	4	4	3	9	2	7	3	0	1	1	1	2	1	1	1	1	0	1	2	1	0	2	0	0	1	0	0	0	0	1	1	3	1	0	1	1	1	2	0	0	0	0	1	0	1	1	0	2	1	0	0	1	1	1	1	0	1	1	0	0	0	0	1	0	3	0	0	0	1	0	1	1	0	0	1	1	0	1	1	0	4	0	0	0	0	1	0	1	1	0	0	0	1	0	1	0	0	0	0	1	0	0	0	0	0	0	0	0	1	0	0	0	0	0	1	0	1
0	0	0	0	0	0	0	0	0	0	0	0	1	0	0	0	1	2	0	1	0	0	0	0	0	0	0	0	1	1	0	0	1	0	0	0	0	0	0	1	0	1	0	0	1	0	0	0	0	0	0	2	0	0	1	0	1	0	0	1	0	0	0	0	0	0	0	1	1	0	0	0	1	0	0	2	2	0	0	0	0	0	0	1	0	0	0	0	0	0	0	0	0	0	0	1	1	0	1	0	0	0	0	0	0	1	0	1	0	0	0	0	0	1	0	1	0	0	0	0	0	0	1	0	0	0	0	0	0	0	1	0	0	0	0	0	0	0	0	0	0	0	0	0	1	1	1	0	0	0	0	1	0	1	0	0	0	1	1	1	2	1	1	1	0	1	0	0	1	0	1	0	0	0	0	1	0	0	0	1	1	0	0	2	0	0	1	0	1	1	5	1	3	5	8	8	7	30	32	0	136	10	10	7	11	4	0	1	4	2	1	0	1	2	2	1	1	0	0	1	0	0	0	0	4	0	1	1	1	2	2	2	0	0	0	5	2	2	1	1	2	3	2	0	2	1	1	2	1	2	5	2	2	1	1	3	2	1	0	1	1	1	1	1	1	5	5	1	0	0	1	1	0	1	1	0	1	0	0	0	3	5	7	5	8	5	3	2	3	0	2	2	1	0	1	4	0	0	2	0	4	2	0	3	0	1	1	2	1	0	0	2	0	2	0	2	3	2	2	0	2	0	0	4	3	1	1	1	2	5	8	5	0	0	1	0	0	4	0	3	5	4	2	1	6	6	1	1	3	1	2	0	1	0	0	1	1	1	2	1	1	0	4	0	1	0	3	0	2	4	10	17	6	7	9	14	7	6	3	3	3	3	0	0	0	1	0	0	1	0	0	0	1	0	0	1	0	0	0	0	0	0	0	4	1	0	2	0	0	1	3	2	0	0	1	0	1	0	0	0	3	1	1	3	1	2	0	1	3	1	0	1	1	1	1	0	0	1	1	0	0	0	0	0	0	1	0	0	0	1	0	0	2	0	2	1	0	2	0	1	1	1	1	2	0	0	0	0	0	0	0	0	0	1	0	0	1	0	1	0	0	0	0	0	0	1	0	0	0
0	0	0	0	0	0	0	0	0	0	0	0	1	1	0	0	0	0	0	0	1	0	0	0	1	0	0	1	1	0	1	0	0	0	0	0	0	0	0	0	1	0	1	0	0	0	0	1	0	0	0	0	0	0	1	0	1	0	0	1	0	0	0	0	1	1	0	1	0	0	0	0	0	0	0	1	0	0	0	0	0	0	1	0	0	1	0	2	0	0	0	0	0	1	0	0	0	0	0	1	1	0	0	0	0	0	0	0	0	1	0	0	1	0	0	0	0	0	0	0	0	0	0	0	1	0	0	1	0	0	0	0	0	0	0	0	0	1	1	0	0	2	1	0	2	2	0	0	0	0	0	0	0	1	0	2	0	2	2	0	0	1	1	0	0	0	0	1	1	0	1	1	0	0	0	0	0	0	0	0	0	1	0	1	0	0	2	0	1	0	10	3	6	5	5	5	9	42	78	136	0	21	7	7	6	3	0	2	5	1	1	3	0	0	0	0	0	1	2	2	2	2	2	0	0	0	0	1	1	2	1	1	1	4	1	1	3	1	1	0	1	4	1	4	3	2	3	1	4	5	5	0	0	3	4	4	1	1	0	0	0	1	2	1	2	2	6	2	1	1	1	2	1	0	0	1	0	1	2	0	3	8	7	8	2	6	3	3	1	5	2	1	3	0	0	0	0	3	1	4	0	2	0	0	0	0	0	0	0	2	0	0	1	1	2	1	2	3	0	0	1	0	0	2	2	1	0	3	6	5	1	3	1	1	2	2	3	0	2	4	8	5	1	2	4	2	1	1	1	2	0	0	2	1	5	0	0	0	2	2	0	3	1	1	0	2	1	1	3	3	8	8	6	3	4	9	0	7	6	2	1	2	2	4	3	2	2	0	0	0	0	0	0	1	0	1	1	0	0	0	2	0	2	1	0	0	0	1	0	0	0	0	1	0	0	0	0	1	0	0	1	1	0	0	0	0	0	1	0	2	0	0	0	1	2	1	0	0	0	0	0	0	0	0	0	0	0	0	0	0	0	1	0	0	0	1	0	0	0	0	2	1	0	1	1	0	0	0	0	0	0	0	1	1	1	0	1	1	3	0	0	0	0	0	0	0	0	0	0
0	0	0	0	0	0	0	0	0	1	0	0	0	1	0	0	1	0	0	0	0	0	0	0	0	1	1	0	0	0	0	0	0	0	0	0	0	0	0	0	0	0	0	0	0	0	0	0	0	0	0	0	2	1	0	0	0	0	1	0	1	1	0	0	0	0	0	1	2	0	0	0	2	1	0	0	1	0	0	0	1	0	0	0	0	1	1	0	0	0	0	0	0	0	0	0	0	0	1	1	0	0	2	0	0	0	0	0	0	0	1	1	0	0	0	0	1	0	1	1	1	0	0	0	0	0	0	0	0	0	1	0	0	1	0	0	0	2	0	1	0	1	1	1	0	1	0	2	1	1	1	1	1	1	0	0	0	1	0	0	0	0	2	0	0	0	1	0	1	0	0	0	0	0	0	0	1	0	0	1	2	1	0	1	1	0	0	1	3	5	9	8	3	3	4	4	6	16	17	10	21	0	19	36	9	6	0	9	4	1	0	1	1	1	2	0	0	1	0	0	2	4	0	1	2	2	0	0	1	2	1	0	2	2	3	3	1	5	2	0	1	1	1	4	7	3	5	0	3	2	6	6	2	3	3	3	1	0	1	1	0	2	2	1	0	2	12	5	6	0	1	1	1	1	1	1	0	2	2	0	6	29	7	6	11	4	4	7	4	3	3	1	2	2	2	1	1	2	2	3	0	0	0	1	2	0	0	0	1	1	0	0	0	2	2	5	6	2	9	2	0	2	2	1	3	1	3	5	8	13	7	6	5	4	2	2	1	5	4	5	8	5	4	2	3	1	1	0	2	1	1	0	0	1	0	0	3	2	1	0	1	1	4	0	1	1	1	1	3	6	10	17	9	5	0	9	3	5	7	6	6	5	4	1	1	2	0	0	0	0	1	0	0	1	1	0	1	0	0	2	1	0	1	2	1	0	2	1	0	1	0	1	1	0	1	1	1	1	2	2	0	0	0	1	0	3	1	1	3	2	3	1	0	0	0	0	1	2	0	1	1	1	0	1	1	1	1	1	0	0	1	0	1	1	2	0	0	0	2	4	1	1	0	1	0	0	0	0	1	0	0	0	0	1	2	1	0	2	1	0	0	1	0	1	2	0	0	0	1
0	0	0	0	0	0	0	0	0	0	0	0	0	0	0	0	0	0	1	0	0	0	2	2	0	1	2	0	1	0	0	0	1	0	0	1	1	0	0	0	1	0	0	0	0	1	0	0	1	0	0	0	0	0	0	0	0	0	0	0	0	1	0	0	0	0	0	0	0	0	0	0	0	0	0	0	0	0	1	0	0	0	0	0	1	0	0	1	0	0	1	0	0	0	0	0	0	1	0	0	0	0	0	1	0	0	0	0	0	0	0	0	0	2	0	0	0	0	0	0	0	0	0	0	0	0	0	0	0	0	1	0	0	0	0	1	0	0	0	0	0	0	4	1	2	0	0	0	2	0	0	0	2	0	1	1	0	2	0	0	0	1	1	0	0	2	0	0	0	1	0	0	0	0	1	0	1	0	0	0	0	0	0	0	0	1	0	0	0	3	3	6	4	3	8	6	16	10	15	10	7	19	0	38	17	9	3	11	2	4	3	2	0	1	1	0	0	0	0	1	3	1	0	1	1	1	0	1	1	0	1	1	1	1	1	3	7	0	4	4	1	4	2	3	12	8	2	11	8	9	13	4	4	8	7	9	2	1	0	0	2	3	4	3	5	8	15	9	2	0	2	4	1	0	0	2	2	0	0	2	2	31	15	25	47	22	9	8	5	2	3	1	4	5	0	4	2	3	3	2	4	1	0	0	1	0	2	1	2	2	0	2	1	4	4	1	1	3	2	5	1	3	1	1	2	3	2	8	5	4	4	7	4	2	1	2	3	0	4	4	4	3	2	2	4	2	0	2	1	2	2	0	0	0	2	2	2	0	2	2	0	1	3	0	1	1	2	2	2	0	2	13	5	5	5	5	2	8	3	1	2	0	2	3	3	0	0	1	0	1	1	0	0	1	0	2	0	0	1	1	0	2	0	1	0	0	0	2	0	0	0	0	1	0	0	1	1	3	2	2	1	2	1	0	1	2	1	1	3	0	0	0	0	1	0	2	0	0	1	0	0	0	0	0	0	1	0	0	0	0	2	0	0	0	0	1	0	0	2	2	1	2	1	0	0	2	0	0	0	0	0	0	0	0	1	0	0	1	0	1	0	0	1	0	0	1	0	0	0
0	0	0	0	0	0	0	0	0	1	0	0	0	0	1	0	1	0	0	1	0	0	0	1	1	1	1	1	0	0	1	1	1	0	2	0	1	0	0	0	0	0	0	0	0	0	0	0	0	0	1	0	0	0	0	0	1	1	0	0	0	0	0	0	1	0	1	0	0	0	0	0	0	0	0	1	0	0	0	0	0	0	0	1	0	1	0	0	0	0	0	0	1	0	0	1	1	0	1	1	0	0	0	2	0	1	2	1	0	0	0	0	0	0	1	0	0	0	0	0	0	1	2	0	1	0	0	0	0	1	0	0	1	0	0	2	0	0	0	0	0	1	1	1	0	2	1	2	1	3	3	0	1	1	0	0	0	0	0	0	1	0	1	1	3	0	0	0	0	1	0	2	1	1	0	0	0	2	1	1	0	0	2	1	0	0	0	0	0	3	6	2	4	1	9	4	7	10	13	7	7	36	38	0	18	14	6	10	3	2	2	0	0	2	1	1	0	1	0	0	0	1	1	2	1	0	0	1	3	0	1	2	2	0	1	4	9	1	7	1	4	2	7	5	8	18	7	5	0	14	12	9	5	12	13	2	0	1	2	0	2	1	3	0	5	13	25	7	6	2	2	2	0	1	4	2	0	1	1	2	3	18	6	9	18	9	3	5	4	4	6	5	4	3	1	7	1	3	2	3	0	0	0	1	0	2	0	0	1	0	1	1	1	1	4	3	1	8	2	4	1	1	1	1	0	4	5	9	4	14	18	9	3	3	2	0	2	5	2	2	7	5	2	4	0	1	1	2	0	0	2	0	1	0	0	2	0	1	1	0	3	0	1	0	4	0	0	2	6	5	3	7	3	3	2	2	1	4	1	4	1	1	1	3	2	1	0	1	0	1	0	0	0	1	1	0	2	0	1	0	0	1	0	1	1	0	0	0	2	0	1	0	2	0	1	2	2	0	0	0	1	2	0	1	2	1	1	1	0	0	1	3	0	0	0	0	1	0	0	0	1	0	0	1	0	1	0	0	0	1	0	1	0	0	0	1	1	3	2	4	0	1	0	0	1	0	0	0	0	0	0	0	1	0	1	0	1	0	0	3	0	0	0	0	0	0	1	0	1
0	0	0	0	0	0	0	0	0	0	1	0	0	0	0	0	0	0	0	2	0	0	0	0	0	0	0	0	0	0	0	1	0	1	1	0	0	1	0	0	1	0	0	0	1	0	2	0	0	0	0	2	0	0	0	0	0	0	1	0	0	0	0	1	0	0	0	1	0	0	0	0	0	0	0	0	1	0	0	0	0	1	1	0	1	0	0	0	1	0	0	0	1	0	1	0	1	0	0	2	0	0	0	0	0	0	0	0	0	0	1	0	0	0	0	0	1	2	0	0	0	0	0	0	0	0	0	0	0	1	0	0	0	0	1	0	0	0	0	0	0	0	0	1	3	1	0	0	1	1	0	0	1	0	0	1	0	0	0	0	2	0	1	1	2	0	0	0	0	0	0	0	0	0	0	0	0	0	2	1	0	0	2	0	0	0	1	0	6	0	9	4	6	2	15	12	31	5	4	11	6	9	17	18	0	65	22	16	2	3	2	0	1	0	1	1	1	1	1	1	0	0	0	0	1	1	0	0	1	1	0	2	0	2	1	2	3	3	4	1	3	4	10	14	16	3	11	32	19	48	15	14	6	1	5	1	1	0	0	0	1	1	1	1	3	1	2	3	2	4	2	1	1	2	0	2	1	0	0	2	2	8	3	8	11	2	4	11	7	3	1	2	1	1	4	2	0	1	0	3	0	0	0	2	1	0	2	1	3	0	2	1	0	0	1	1	2	0	0	0	0	1	1	2	1	1	6	3	6	0	5	4	1	2	0	2	0	1	2	2	2	2	1	0	3	0	1	2	2	1	1	0	0	0	2	2	0	2	0	0	0	1	0	1	0	0	2	0	2	1	1	2	2	3	0	5	0	3	2	2	2	0	1	0	2	1	0	0	0	0	0	0	0	0	2	3	0	0	1	0	0	0	0	0	0	0	0	0	0	1	1	1	0	2	2	1	2	0	0	1	0	0	2	1	2	1	1	4	1	2	2	0	1	0	1	0	0	1	0	0	1	0	0	0	0	0	1	0	1	0	1	1	1	2	0	2	0	0	1	1	0	0	0	1	0	0	1	0	0	0	0	0	0	0	0	0	0	1	0	0	1	0	0	2	0	1	0	0	0
0	0	0	0	0	0	0	0	1	0	0	1	1	1	0	0	0	0	0	0	0	0	0	0	0	1	0	1	0	0	0	0	0	0	1	0	0	0	0	1	1	0	0	0	0	0	1	0	0	1	0	0	0	0	0	0	0	0	0	0	0	1	1	0	0	0	0	1	1	1	0	0	0	0	0	0	0	0	0	0	0	0	0	2	0	0	0	0	0	0	0	1	1	0	0	0	0	0	1	1	1	0	0	1	1	0	0	0	0	0	0	0	0	0	0	0	0	0	0	0	0	1	3	0	0	0	0	0	0	0	0	0	0	0	0	1	0	0	0	1	0	1	0	1	0	0	0	0	1	1	1	0	1	1	1	0	0	0	0	1	0	0	1	1	0	1	0	0	0	0	0	0	0	0	0	0	0	1	1	0	0	0	0	5	1	2	1	0	1	1	5	6	8	4	17	14	23	6	8	4	3	6	9	14	65	0	21	13	8	2	4	1	3	0	0	0	0	0	1	0	1	0	1	0	0	1	1	0	1	0	0	0	1	3	0	3	4	5	4	7	2	10	18	51	11	9	7	75	30	37	11	14	2	5	5	3	1	0	0	0	0	1	2	2	0	0	4	2	2	2	2	1	1	1	0	1	0	1	1	1	1	3	3	5	5	4	1	4	3	1	1	0	1	0	0	0	0	4	0	0	0	0	0	0	1	1	0	0	1	2	1	0	1	0	1	0	2	1	1	0	1	0	1	3	1	0	0	3	1	4	5	1	3	1	1	0	2	0	1	1	2	0	1	1	0	2	0	2	0	1	0	0	1	0	0	1	2	0	1	0	1	0	0	0	0	0	0	0	0	1	3	3	1	2	1	2	2	3	0	2	0	2	1	1	1	1	0	1	0	0	0	0	0	0	0	0	0	0	1	0	0	0	1	0	1	0	0	0	1	0	1	0	2	0	1	0	0	1	0	1	0	0	0	0	2	0	0	0	1	1	0	0	0	1	0	0	0	1	1	0	0	0	1	0	0	2	0	1	0	1	0	1	0	0	0	1	0	0	0	1	0	1	1	0	1	0	1	0	0	0	0	0	0	1	0	0	0	1	1	1	0	1	0	1	0	0	1	0	0
0	0	0	0	0	0	0	0	1	0	0	0	0	0	1	0	1	1	0	0	0	1	0	0	0	0	3	1	2	1	0	1	1	0	0	0	0	1	0	0	1	0	0	0	0	0	0	0	0	0	0	0	0	0	0	0	2	0	0	0	0	1	1	1	0	1	0	0	0	0	0	0	0	0	1	0	1	0	0	0	1	1	0	0	0	1	1	1	0	0	1	0	0	0	0	0	0	1	0	0	0	0	0	0	0	0	1	0	1	1	1	0	0	0	1	1	0	0	0	0	1	0	0	0	0	0	1	1	0	0	0	0	0	0	2	1	1	1	0	1	0	0	1	0	1	0	0	0	0	1	0	1	0	0	1	0	0	0	0	0	0	1	0	3	0	0	0	2	0	0	0	0	0	0	0	2	0	0	1	1	1	0	0	0	0	2	2	3	0	2	12	6	3	5	9	6	8	6	5	0	0	0	3	6	22	21	0	86	7	6	14	4	0	1	0	1	2	0	0	0	0	0	0	0	0	0	2	1	2	0	0	1	0	2	2	5	9	6	7	4	4	12	19	61	24	23	30	17	32	51	5	11	5	8	9	2	2	2	0	0	0	0	3	0	0	4	8	3	5	2	2	1	2	2	0	0	3	5	1	3	2	5	3	1	2	1	4	1	2	0	2	1	3	2	0	2	1	2	0	1	0	1	1	0	3	2	0	0	0	0	0	1	1	2	1	0	0	1	2	1	3	1	2	1	0	2	2	3	2	2	3	5	1	0	2	2	1	0	2	2	1	1	1	0	1	2	0	1	0	0	0	0	0	0	0	0	0	2	0	0	0	0	0	0	0	1	0	0	0	1	2	1	1	3	1	1	0	1	3	3	0	0	1	0	0	0	2	2	2	0	1	0	1	0	2	1	0	1	0	0	0	0	1	0	0	0	0	0	0	0	1	0	0	1	0	0	0	0	0	0	0	1	1	0	0	1	0	1	1	0	1	0	1	0	0	0	0	0	0	0	0	0	1	0	0	0	0	0	0	0	0	1	1	1	0	0	0	0	1	0	0	1	0	0	1	0	0	0	0	0	0	1	0	0	0	0	0	0	0	0	1	0	0	0	0	0	0	1	1
0	0	0	0	0	0	0	0	0	0	0	0	0	0	0	1	0	0	0	0	1	0	0	0	3	1	1	1	1	0	0	0	0	0	0	2	1	0	0	0	0	0	0	0	1	0	1	0	1	0	0	0	0	0	0	0	0	1	0	0	0	0	0	1	0	1	0	0	1	0	0	0	2	1	0	0	0	0	0	0	0	0	0	1	0	0	0	0	0	0	0	0	2	0	0	1	0	0	1	1	0	1	0	0	0	0	1	1	0	0	0	0	1	0	0	1	0	2	0	1	0	1	0	0	0	1	0	0	0	2	2	2	0	0	0	0	0	0	0	1	1	1	1	1	1	0	1	0	1	0	1	0	0	0	1	1	0	0	0	1	1	0	1	1	0	1	0	1	1	0	0	2	1	0	2	1	1	1	1	1	2	1	1	1	2	3	1	4	2	4	10	8	6	7	7	9	16	4	8	1	2	9	11	10	16	13	86	0	19	4	17	3	1	5	0	0	0	0	0	0	2	0	0	2	1	0	1	1	0	1	1	1	0	2	1	1	22	10	11	7	7	13	14	27	81	36	31	17	24	11	3	5	4	7	5	2	1	0	1	0	0	2	1	3	1	3	5	5	1	3	1	3	2	1	0	1	0	1	1	1	2	3	1	3	5	3	1	2	2	4	0	1	0	1	1	4	1	2	3	4	0	2	1	0	1	1	0	3	0	0	1	0	1	0	1	3	1	2	2	0	0	1	0	0	0	1	3	4	1	1	4	5	4	0	2	2	1	0	2	3	2	0	1	1	0	0	1	0	0	2	0	1	2	0	0	1	0	0	1	0	0	0	1	0	0	1	0	0	2	0	2	5	3	0	0	1	0	3	1	1	2	1	0	2	0	1	3	0	0	2	0	0	0	0	0	0	0	0	0	1	0	3	0	1	0	0	1	0	1	0	0	1	0	2	1	0	0	1	0	0	1	1	0	1	1	3	1	0	1	1	1	0	0	1	0	0	0	0	0	0	0	0	0	1	0	0	0	0	1	1	1	0	0	0	0	1	0	0	0	0	0	2	1	2	1	0	0	0	1	0	0	0	1	0	2	0	1	1	0	0	0	0	0	0	0	0	0	0	0
0	0	0	0	0	0	0	0	0	1	0	1	0	0	0	0	1	1	0	0	0	1	1	1	0	0	0	0	0	2	1	1	1	2	1	1	1	1	0	3	0	0	0	1	0	0	0	0	0	0	0	0	0	0	1	0	0	0	0	0	0	4	0	1	0	1	0	0	0	0	0	0	0	0	0	1	0	3	1	0	1	1	0	1	1	1	3	0	0	2	0	0	0	1	1	1	0	0	1	0	1	1	3	0	0	1	1	0	2	0	0	0	0	0	0	0	1	0	0	1	1	0	0	0	1	0	1	0	0	2	0	0	1	1	0	0	0	0	1	0	1	1	0	1	2	2	5	1	0	3	2	0	0	2	0	2	0	0	0	0	0	1	1	3	1	0	1	1	0	1	1	0	0	0	1	0	2	1	0	4	1	1	0	1	1	1	5	7	21	46	10	5	3	2	5	3	7	2	3	4	5	4	2	3	2	8	7	19	0	186	175	22	11	3	2	0	0	0	0	0	2	1	1	0	0	0	1	0	3	2	1	0	1	1	3	6	26	13	16	14	12	9	8	6	12	19	42	3	4	5	3	2	5	0	3	2	2	0	0	3	0	1	1	1	3	0	5	3	2	2	1	0	3	0	2	2	0	1	0	1	1	2	2	2	4	1	1	1	2	1	1	0	2	0	1	3	1	0	1	0	1	0	1	2	1	0	0	3	0	1	1	1	0	2	1	1	0	1	1	2	2	1	1	0	1	0	4	2	6	0	5	4	6	1	3	2	2	4	1	4	5	2	0	0	0	1	0	1	0	0	0	0	1	0	0	0	0	0	0	2	3	1	1	0	1	0	2	0	0	3	3	1	0	0	1	2	2	4	1	3	1	3	1	1	0	0	0	0	0	2	1	0	0	0	1	1	0	0	0	0	0	0	1	3	0	0	0	0	1	1	0	0	0	0	0	0	0	1	0	0	1	0	0	0	2	0	0	0	1	1	0	0	0	0	0	0	0	0	0	0	0	1	1	0	1	0	0	2	3	0	0	1	0	0	0	2	0	1	0	2	0	1	1	0	0	0	2	1	0	1	0	0	0	2	2	0	1	0	0	2	0	0	1	0	0	0	0	0	0
0	0	0	0	0	0	0	0	0	0	0	0	0	0	0	0	0	1	0	0	1	0	4	1	0	1	3	0	2	0	0	1	2	3	0	0	0	0	0	0	0	0	1	1	0	0	0	0	1	0	0	0	0	0	0	2	1	1	1	0	1	0	2	0	0	0	0	0	2	0	0	0	0	2	0	2	1	1	0	1	0	0	1	0	1	1	0	1	1	1	0	1	1	0	0	0	1	1	0	0	1	0	0	0	0	0	0	1	0	1	1	1	0	0	0	1	0	1	0	0	0	0	1	1	0	0	0	0	0	0	0	0	0	1	1	0	2	0	0	2	3	0	1	0	1	1	2	0	0	2	2	0	2	1	0	1	2	0	0	0	0	2	1	0	0	1	0	1	1	0	0	1	0	1	0	0	0	1	1	0	0	0	3	2	2	1	2	9	59	61	11	3	8	3	5	1	2	3	2	2	1	1	4	2	3	2	6	4	186	0	72	52	11	3	0	4	0	2	0	0	1	0	0	2	1	3	0	0	3	2	2	1	1	2	3	2	14	9	7	19	14	4	4	3	5	7	18	0	1	3	0	2	2	3	2	0	2	1	0	0	1	1	1	2	0	2	3	3	0	0	1	1	0	2	1	3	0	0	0	1	1	1	1	2	1	0	2	1	0	0	1	1	5	1	2	3	1	2	0	0	0	1	0	0	1	1	1	1	2	1	0	1	2	0	0	2	0	1	0	1	0	0	0	1	0	1	0	2	4	3	1	2	2	3	1	3	2	5	7	1	0	1	2	0	0	0	0	2	1	1	0	1	1	2	0	0	0	0	0	1	0	0	0	0	0	0	0	1	1	0	1	1	1	1	1	2	0	1	0	3	3	1	1	1	0	2	2	1	1	0	0	1	2	4	0	0	0	0	0	0	0	0	0	0	1	0	0	0	1	0	0	0	0	0	1	0	0	0	1	0	0	0	0	0	0	1	0	0	2	0	0	1	0	1	1	1	0	1	0	0	0	0	0	0	0	0	0	0	0	1	1	0	0	2	1	0	1	1	0	1	1	0	1	0	1	0	0	1	0	0	1	1	1	0	0	0	0	0	0	0	1	0	0	1	0	0	0	1	0
0	0	0	0	0	0	0	0	0	0	0	0	1	0	0	1	0	0	1	0	0	0	0	1	2	0	1	2	0	0	1	0	2	1	1	0	1	0	1	0	0	1	0	0	0	1	1	0	1	0	0	0	0	0	1	1	1	0	0	0	0	0	0	0	1	1	1	0	0	1	1	0	2	0	4	0	1	0	1	0	1	0	0	1	1	1	0	1	0	1	0	0	1	0	1	0	0	0	1	0	1	0	0	0	1	0	1	0	0	1	0	0	0	0	0	0	1	0	1	0	1	1	0	0	0	0	0	0	1	0	1	1	0	0	0	1	0	0	1	2	0	0	3	2	0	3	0	0	2	4	0	0	0	1	0	2	1	0	2	0	1	1	0	2	1	1	0	0	0	0	1	0	0	0	0	1	2	1	0	0	1	1	2	2	1	0	4	2	11	43	23	2	5	3	4	3	2	3	2	1	1	0	3	2	2	4	14	17	175	72	0	22	10	4	1	2	1	2	0	1	1	0	0	1	4	1	0	1	3	2	3	2	0	2	3	9	65	21	12	10	16	3	5	5	7	32	24	2	6	11	2	4	0	1	3	6	3	0	1	0	2	0	1	2	2	2	2	1	3	1	4	0	1	2	3	2	0	0	0	2	0	2	1	2	1	1	1	0	2	2	3	1	1	2	1	2	1	2	4	1	1	1	0	1	0	2	2	2	0	0	0	0	2	1	1	0	1	2	1	3	3	1	1	1	1	0	2	2	1	3	8	5	5	5	5	0	2	5	2	2	4	2	0	1	0	1	0	1	0	2	0	1	0	0	1	0	0	1	0	0	0	0	0	0	2	0	1	1	1	2	2	1	1	0	0	1	0	0	3	2	4	1	0	0	0	2	0	0	0	0	0	0	1	0	0	0	1	0	1	0	1	1	1	1	0	1	0	1	0	1	0	1	0	0	1	0	1	0	1	0	0	2	0	0	1	1	2	0	2	2	1	0	0	1	0	0	0	0	0	0	0	1	1	1	0	1	0	1	0	0	0	2	3	0	2	0	1	0	0	0	0	1	1	0	0	0	1	0	0	1	0	1	1	0	0	0	0	0	0	0	1	1	0	1	0	0	0	0	0
0	0	0	0	0	0	0	1	0	1	0	0	1	0	0	1	2	1	0	1	1	1	1	1	6	1	0	3	1	1	4	1	0	1	1	1	0	0	0	0	0	0	2	2	2	0	0	0	0	1	0	0	0	0	0	1	0	0	1	1	1	1	2	0	0	0	0	0	0	1	0	1	0	0	0	0	0	1	0	1	0	0	1	0	0	1	2	1	0	0	1	1	0	0	2	2	0	1	0	2	0	1	1	1	0	0	1	1	0	0	0	0	0	0	0	0	1	0	1	0	0	0	0	0	0	0	0	1	1	0	0	0	4	0	2	2	0	0	1	1	1	1	2	1	3	4	4	0	0	1	0	1	0	3	1	1	1	0	0	1	1	4	3	3	0	0	1	1	0	1	2	1	1	2	0	1	0	0	0	1	1	2	2	4	2	8	6	10	28	74	4	2	2	3	1	5	2	0	1	0	3	1	2	0	0	1	4	3	22	52	22	0	20	7	1	2	1	1	2	0	2	1	0	0	0	0	0	1	0	2	0	3	1	1	4	3	3	15	21	12	5	4	2	3	5	4	6	1	0	0	0	2	1	0	2	1	1	1	1	0	0	0	1	0	2	1	0	0	3	0	0	1	2	0	1	0	0	1	1	0	1	2	0	1	2	1	0	0	1	0	1	1	1	2	0	1	1	1	0	0	0	2	0	0	2	0	0	1	0	0	0	1	0	4	0	1	1	2	0	0	0	0	3	0	0	0	0	4	2	1	0	2	4	1	1	0	1	2	5	0	3	6	2	0	1	1	0	0	1	0	0	0	1	0	1	0	1	1	2	1	1	0	0	0	0	1	1	0	0	0	1	0	0	2	1	2	0	0	0	2	0	2	1	1	1	1	0	0	0	1	0	1	0	1	0	0	0	1	2	1	0	0	1	2	1	0	0	0	0	0	0	0	0	0	0	0	0	2	0	0	1	1	1	0	2	0	0	1	0	2	1	0	1	0	1	0	0	0	0	0	0	0	0	0	0	0	1	0	1	1	0	0	0	0	2	0	0	0	0	1	0	0	0	0	0	0	0	0	0	0	0	0	1	0	0	2	0	1	3	0	0	0	0	0	2	1	0	0	0
0	0	0	0	0	0	0	0	0	0	1	2	1	0	2	0	0	0	1	1	0	1	1	0	2	2	3	3	2	1	2	1	0	2	3	2	2	2	0	0	2	0	0	0	1	1	1	0	1	0	1	0	0	1	1	0	0	0	0	0	2	1	0	0	0	0	0	1	1	0	0	0	0	1	1	0	0	0	1	1	1	1	0	1	4	0	0	0	0	0	0	0	0	1	4	3	1	1	2	0	0	0	0	1	0	1	1	1	1	2	4	0	1	0	0	0	0	0	0	0	4	0	0	1	1	1	0	0	0	1	1	0	0	2	0	1	0	0	0	3	2	5	6	1	12	4	3	1	0	1	1	0	1	1	1	2	1	1	0	2	1	0	2	2	0	0	2	1	0	1	0	0	0	0	1	1	0	0	2	2	6	7	11	8	6	19	20	19	12	14	3	4	1	1	1	0	0	1	3	1	0	1	0	0	1	3	0	1	11	11	10	20	0	106	0	2	0	0	0	2	2	1	0	1	1	0	1	3	4	3	4	3	0	4	1	2	3	6	4	5	4	2	1	2	3	5	3	2	0	1	1	2	0	1	0	1	0	0	0	0	0	0	0	0	0	1	1	1	0	3	2	2	0	0	0	1	1	0	1	0	0	0	1	0	0	1	0	0	2	0	0	1	0	0	0	0	0	1	0	0	0	0	0	1	1	1	1	0	1	0	1	0	1	0	1	0	0	1	0	0	0	1	0	1	2	1	0	2	1	0	1	1	3	4	0	0	0	3	2	4	2	2	1	0	0	1	0	1	0	0	1	2	0	1	0	0	0	1	0	2	0	0	0	0	0	0	0	0	1	3	0	0	0	1	1	0	0	1	0	0	3	0	2	1	0	0	1	0	0	0	0	1	0	0	0	1	0	1	0	0	0	0	0	0	0	0	1	0	1	0	0	0	0	0	0	0	0	0	2	0	0	0	0	1	0	0	0	1	4	0	0	1	0	0	1	1	0	0	0	0	1	0	1	1	0	0	0	1	1	1	0	0	1	1	0	2	0	0	1	0	1	0	0	2	1	0	1	0	0	0	0	0	0	0	0	0	0	0	2	0	0	0	1	0	0	0	0	0	0
0	0	0	0	0	0	0	0	0	0	1	0	0	2	0	0	1	1	0	2	1	1	0	3	2	2	1	2	3	1	1	1	2	2	3	0	0	0	0	1	0	0	0	0	1	1	0	1	0	0	0	0	1	1	1	0	2	0	2	1	1	1	0	1	0	1	2	1	0	0	0	0	0	0	1	0	3	3	1	1	0	0	0	0	0	0	1	0	0	0	3	0	0	0	2	1	0	0	0	1	3	1	0	1	1	0	0	1	0	1	0	3	2	1	0	0	1	0	0	1	1	1	2	1	1	2	0	0	0	1	2	2	1	1	2	0	1	1	1	2	2	2	2	4	11	5	5	6	0	2	2	0	0	2	1	3	2	3	0	3	3	5	3	2	0	1	0	1	1	0	3	1	1	3	1	0	2	2	2	0	4	5	8	11	8	18	7	9	8	12	9	1	0	3	3	1	1	0	1	2	0	1	1	2	0	0	1	5	3	3	4	7	106	0	5	2	0	2	1	1	1	1	0	0	0	1	1	3	3	2	6	0	2	6	4	5	2	4	10	0	4	1	1	4	2	1	1	2	0	1	3	1	2	1	0	1	1	1	0	0	1	0	0	0	2	0	0	0	2	1	0	2	2	0	1	0	3	0	0	1	0	0	1	2	0	1	0	0	1	1	3	0	0	0	0	0	0	0	0	0	0	0	1	0	0	1	1	0	2	0	0	0	0	0	0	2	1	0	1	0	0	2	1	0	0	3	1	0	2	1	0	2	1	2	0	1	4	0	3	1	1	2	0	3	1	0	0	0	2	1	0	0	0	0	0	1	2	0	1	4	2	0	0	0	0	0	2	0	1	0	3	1	0	3	1	2	0	1	0	2	1	1	0	1	2	1	1	0	1	2	0	0	2	0	0	0	0	0	0	0	0	1	1	0	1	0	0	1	1	0	0	0	0	0	0	4	0	1	0	1	0	1	0	2	0	0	0	1	0	1	2	0	0	1	0	0	0	0	1	0	1	1	1	1	0	1	1	2	0	0	1	1	1	0	0	1	0	1	2	4	0	0	0	0	0	1	0	1	0	0	0	0	1	2	0	0	1	0	0	0	0	0	0	0	0	0	0	1	0
0	0	0	0	0	0	0	0	0	1	2	2	2	0	0	1	1	1	3	1	1	1	4	3	3	1	2	3	2	2	3	1	1	3	2	2	0	1	0	0	0	1	0	0	0	0	2	0	0	0	1	0	0	1	0	1	1	0	0	1	1	2	0	2	0	1	1	3	1	0	1	1	2	2	1	4	1	4	5	0	0	1	4	0	1	2	1	0	0	2	0	0	0	2	0	1	1	2	5	0	3	1	1	0	0	1	0	3	0	1	0	0	0	1	0	1	1	1	1	0	2	1	0	0	1	0	1	0	1	1	1	0	2	3	1	2	0	0	0	1	2	7	2	5	4	3	9	9	4	6	4	8	6	9	9	9	3	8	26	107	127	21	33	18	4	8	4	8	7	1	6	6	2	4	3	5	6	1	5	2	5	2	4	3	4	0	1	1	2	1	0	0	1	0	2	1	0	0	0	2	0	2	1	1	1	0	0	0	2	0	1	1	0	5	0	19	7	9	7	9	73	16	7	8	7	12	11	3	12	6	9	11	10	2	7	0	1	0	1	0	0	1	0	0	1	1	0	0	0	0	0	1	0	0	0	0	0	0	0	0	0	0	1	0	0	0	0	0	0	0	0	0	1	1	1	0	0	0	0	0	1	1	0	0	1	0	1	0	1	1	0	0	1	1	0	1	0	0	3	0	1	1	0	0	0	1	0	1	0	1	0	2	0	0	0	0	0	0	4	3	1	1	0	0	2	1	0	0	0	2	1	0	2	0	1	0	3	2	2	0	2	0	2	1	1	0	0	0	0	1	0	1	0	0	0	0	0	1	1	1	1	1	0	0	1	0	0	0	0	0	2	0	0	1	0	0	4	2	2	1	2	4	1	3	0	2	1	0	0	1	0	1	0	0	1	0	1	0	0	0	0	0	0	0	0	0	1	0	0	0	1	1	0	0	0	1	1	0	1	0	0	0	0	0	1	0	1	2	0	0	0	1	1	1	0	0	1	0	0	0	0	0	1	0	1	0	1	0	1	1	3	0	0	2	1	0	0	0	1	0	0	2	0	1	0	1	0	1	0	0	0	1	0	0	0	0	1	0	1	0	1	0	0	1	0	0	0	0	0
0	0	0	0	0	0	0	0	0	1	0	0	0	1	0	1	3	0	0	1	4	2	3	2	1	2	0	2	2	2	3	1	2	1	1	1	1	1	1	0	0	0	0	2	0	1	0	0	0	0	0	3	0	2	0	3	0	1	0	0	0	1	1	0	2	2	1	0	2	0	2	0	4	3	0	2	1	1	3	0	2	1	0	1	0	0	0	0	0	0	1	2	1	1	1	0	0	0	1	1	1	1	1	2	1	1	2	0	5	2	1	0	2	2	1	0	0	0	2	1	0	2	3	1	0	2	0	1	0	1	1	3	1	2	1	2	2	1	4	3	4	4	2	1	0	1	8	7	5	3	3	3	14	6	12	13	6	16	16	14	11	5	12	2	5	6	5	6	4	4	3	4	2	1	4	5	4	3	2	5	1	1	0	4	1	2	1	0	0	1	0	0	0	0	1	2	0	1	0	1	0	0	0	1	1	0	1	0	0	4	2	2	2	2	19	0	13	66	54	32	7	19	9	6	9	9	12	4	5	2	7	4	6	3	6	1	1	1	0	0	0	0	0	0	0	0	1	0	2	0	0	0	1	0	0	0	0	0	0	1	0	0	1	1	1	1	0	0	0	1	1	0	0	2	0	0	1	0	0	0	0	0	0	1	0	1	0	1	2	0	0	0	0	1	0	0	0	0	2	0	0	0	1	1	2	1	0	0	0	1	0	1	0	0	0	2	0	0	0	1	0	2	0	0	1	0	0	0	0	1	0	2	0	1	0	1	3	1	6	0	1	2	0	1	0	1	0	0	1	0	0	0	0	0	1	0	0	0	1	0	0	2	0	0	0	1	1	0	0	0	0	0	1	0	1	1	0	0	1	1	1	0	1	4	1	0	0	1	1	1	0	1	0	0	1	0	1	0	0	0	0	0	0	1	2	0	0	0	0	0	0	0	1	0	0	2	0	0	1	1	0	0	0	0	0	1	1	0	1	1	1	2	0	0	0	1	1	0	0	0	1	2	1	0	0	1	0	0	1	0	0	0	0	1	1	1	1	1	1	0	0	0	1	0	0	0	1	0	0	0	0	1	1	1	0	0	0	0	2	0	0	0	0	2	0	0	0	0	0
0	0	0	0	0	0	0	0	0	0	0	1	0	0	0	1	2	1	2	1	1	0	0	1	4	0	0	0	0	1	2	2	0	0	0	1	0	0	1	1	0	0	1	0	2	1	0	1	0	0	0	0	1	1	0	0	0	0	1	2	0	0	2	1	1	0	0	3	2	4	0	1	0	2	3	2	1	1	0	1	2	0	1	2	0	1	1	2	1	0	0	0	0	1	2	0	2	1	0	0	0	2	0	3	1	0	1	0	1	0	0	1	1	1	0	2	1	1	2	0	0	3	2	1	1	0	1	0	1	0	1	1	1	1	0	0	0	1	1	3	2	3	2	1	0	0	2	3	0	1	1	6	1	3	3	2	3	5	3	4	3	5	3	3	0	3	2	2	5	5	7	2	2	2	3	4	1	2	1	2	1	2	1	1	0	0	0	0	0	1	1	0	0	0	0	1	1	0	1	1	0	0	0	0	1	0	2	0	0	0	1	1	0	0	7	13	0	22	9	10	5	4	11	8	2	6	7	2	7	5	1	1	1	1	1	0	1	1	0	0	0	2	0	0	0	0	1	0	0	1	0	0	0	0	2	0	0	0	0	1	1	0	0	1	0	0	1	2	0	0	0	0	2	0	0	0	0	0	0	0	1	1	0	0	2	1	0	2	0	0	1	0	0	0	0	0	0	1	1	0	0	1	2	0	1	0	0	0	1	0	0	0	0	1	1	0	0	1	1	0	0	0	0	0	1	0	0	1	0	1	1	2	1	0	0	0	2	2	1	0	1	1	3	2	0	0	1	0	0	0	1	0	1	0	0	0	0	0	1	0	1	1	1	0	1	1	0	1	1	0	0	0	0	1	0	0	1	1	0	0	0	0	0	1	0	1	2	1	0	1	1	0	0	1	0	2	0	1	0	0	2	0	1	1	0	0	1	1	1	0	0	0	0	1	0	0	0	0	0	0	1	1	0	0	0	2	1	1	0	0	0	0	0	0	0	0	0	1	0	0	0	0	0	0	0	0	0	0	0	0	1	0	1	1	0	2	1	0	0	0	0	0	0	1	0	0	0	0	0	0	1	0	0	1	1	0	0	1	0	0	0	0	0	0	0	0	0	0	1
0	0	0	0	0	0	0	1	2	0	0	1	0	0	0	0	1	2	0	2	0	1	1	0	0	3	1	4	1	0	3	2	1	4	2	1	0	0	1	0	0	0	1	1	1	1	0	1	0	2	0	0	0	1	0	0	0	0	2	2	1	1	1	0	1	3	1	0	1	3	1	2	0	2	0	2	2	4	4	4	0	0	3	0	0	0	2	1	0	1	0	1	0	1	2	1	1	0	1	0	2	3	0	2	2	1	0	4	1	0	0	0	0	0	1	1	0	0	2	1	2	1	1	1	0	2	1	1	3	0	2	0	0	2	0	1	3	0	4	3	3	2	3	1	2	2	1	3	8	2	2	7	8	3	6	10	3	11	7	3	8	9	3	3	6	4	3	4	5	6	3	2	2	2	5	5	0	1	1	5	0	2	1	4	1	0	0	1	1	4	0	0	0	0	0	0	0	0	0	0	1	1	0	1	1	0	0	0	0	2	2	1	0	2	9	66	22	0	52	25	9	8	6	11	8	8	4	1	5	2	2	2	5	0	3	1	0	1	0	1	0	0	0	0	1	1	0	1	0	1	0	0	0	0	1	0	0	0	1	0	0	0	0	0	0	0	2	0	1	0	0	0	0	0	0	0	0	2	1	0	0	1	0	0	1	0	0	0	0	0	1	0	1	0	1	0	0	2	0	0	0	0	1	0	0	0	0	0	2	0	0	0	1	0	0	0	2	0	0	0	0	0	0	1	0	0	0	0	1	1	1	1	1	0	0	0	1	0	2	0	1	0	1	1	1	0	0	1	0	0	0	0	1	0	0	0	0	1	0	0	0	0	1	0	0	0	1	0	0	2	0	0	1	0	0	2	1	2	1	0	1	0	0	0	1	0	0	2	0	1	1	0	0	0	0	1	0	0	0	0	1	1	1	1	0	1	0	0	0	0	0	0	0	1	1	1	0	0	0	0	0	0	0	1	0	0	2	3	1	0	0	1	1	0	0	1	1	0	1	1	0	1	0	0	0	0	1	0	0	0	1	0	1	0	4	0	2	1	0	1	0	0	1	0	0	0	0	0	0	0	0	1	0	0	2	0	0	0	0	0	0	0	1	0	0	1	1	2	0
0	0	0	0	0	0	0	1	0	1	2	0	0	1	1	0	1	0	4	1	2	3	2	2	3	2	2	3	4	1	1	4	3	4	0	1	0	3	1	0	0	1	0	0	0	0	0	1	1	1	1	0	0	0	1	0	1	1	2	1	1	1	1	3	0	6	1	2	1	1	0	0	1	3	1	2	0	2	2	0	1	0	3	0	0	0	2	1	0	0	0	0	0	0	0	2	1	3	4	0	0	1	0	3	0	0	2	1	1	1	1	0	0	1	0	0	0	2	1	3	2	0	3	0	0	1	1	3	3	1	1	1	0	2	1	0	0	1	0	1	2	4	3	0	5	3	7	14	9	5	4	6	19	12	9	13	5	26	16	9	9	8	4	5	1	3	5	5	7	1	5	2	1	2	4	7	4	3	4	2	1	2	5	0	2	2	1	1	0	2	0	0	0	0	1	1	1	2	0	0	2	0	0	0	1	1	0	0	0	0	0	2	0	1	7	54	9	52	0	71	7	17	8	4	4	8	1	5	3	1	3	1	5	4	1	0	0	2	0	1	0	1	2	0	2	1	1	0	1	2	0	0	0	0	1	0	0	0	0	0	0	1	2	0	2	0	1	0	0	0	0	1	2	1	0	0	0	0	0	2	0	0	0	0	0	0	0	0	1	0	0	0	0	0	0	0	1	0	1	0	1	0	0	1	0	1	1	2	0	1	0	2	1	0	0	1	1	0	1	0	1	0	0	0	0	0	0	1	0	0	0	0	3	2	1	2	2	1	1	3	1	0	1	1	0	0	0	0	0	0	0	0	1	0	0	0	0	0	1	1	0	0	1	1	1	0	0	0	0	0	0	0	0	3	1	0	0	0	2	2	1	1	0	0	0	3	2	2	0	1	1	0	0	1	0	1	1	0	1	0	0	0	0	2	0	0	0	0	1	0	0	1	1	0	2	0	0	0	0	1	1	0	0	0	1	1	0	0	0	1	2	1	0	0	1	0	0	0	0	0	0	0	0	0	0	0	1	0	0	0	2	2	1	1	3	0	0	0	0	0	1	2	0	3	0	0	0	0	0	0	0	2	0	0	2	1	0	1	1	0	1	0	0	0	0	1	0	0	0
0	0	0	0	0	0	0	0	0	0	0	0	0	0	2	0	0	3	1	2	1	3	0	3	1	2	1	2	0	3	4	1	2	2	2	2	0	0	3	1	0	0	0	0	0	0	0	1	0	0	0	1	1	0	0	0	0	0	2	0	1	1	1	0	2	3	0	1	1	1	0	1	0	4	3	1	0	3	1	2	0	1	2	2	0	1	0	0	3	1	1	0	0	0	1	1	1	2	2	2	2	1	0	0	0	0	1	0	3	2	1	0	1	0	1	0	0	1	0	1	1	0	0	1	0	2	2	1	1	1	1	1	2	1	0	0	1	2	1	1	1	3	4	2	1	7	4	9	14	9	4	13	13	8	7	3	4	9	19	5	12	4	3	2	2	4	4	2	3	3	4	1	0	4	3	2	4	1	1	6	1	2	2	3	1	2	3	2	2	1	1	0	0	1	0	1	0	0	1	1	2	0	1	0	1	0	0	0	0	0	1	0	2	1	9	32	10	25	71	0	12	43	25	10	14	11	12	7	7	5	5	8	12	3	2	2	0	2	2	2	1	1	0	1	2	1	0	1	0	0	0	1	0	0	2	1	0	0	0	0	0	1	1	1	0	0	0	1	0	0	1	0	0	0	0	1	0	0	0	0	0	0	0	0	1	1	2	0	2	0	0	0	0	0	1	0	2	2	0	0	1	1	0	0	0	0	0	3	1	1	1	0	0	3	0	2	0	0	1	1	2	1	0	1	0	0	0	1	2	1	0	0	3	2	3	2	2	2	2	2	2	0	3	1	1	0	0	0	3	0	0	1	0	2	0	1	1	0	0	0	1	0	0	1	0	0	1	0	1	0	0	0	1	1	0	0	0	1	2	2	3	1	1	2	0	4	5	0	0	1	0	0	1	0	0	1	0	0	0	0	0	1	0	1	0	0	0	1	0	0	0	0	0	1	1	1	0	0	0	0	1	0	1	0	0	0	4	6	3	1	1	1	0	0	0	1	0	1	1	0	0	0	0	1	0	0	0	1	0	1	1	1	1	1	0	4	0	0	2	3	0	1	1	0	0	0	1	0	2	0	0	1	0	0	3	1	1	0	0	1	0	1	0	1	0	0	0	0	0
0	0	0	0	0	0	0	2	0	0	1	3	0	1	0	0	0	2	2	2	2	1	4	1	4	3	1	2	1	2	2	1	1	1	1	1	1	0	1	1	1	0	0	0	0	0	0	0	0	0	0	0	2	1	0	0	0	1	0	1	1	2	1	1	2	2	0	0	1	0	0	2	2	0	1	1	0	0	2	0	0	0	1	0	1	0	2	1	2	1	1	0	2	2	0	1	0	0	0	0	0	0	1	1	0	1	0	2	0	0	0	0	0	0	1	0	1	0	0	2	0	3	0	0	1	0	0	1	1	0	1	2	0	3	0	1	0	0	0	2	3	9	4	1	3	4	7	3	3	4	5	6	8	13	3	4	7	6	17	44	33	9	22	12	3	4	4	5	5	0	2	2	0	1	5	3	2	3	2	1	6	3	2	2	1	0	0	1	2	2	1	0	4	1	0	1	1	2	0	0	2	2	3	0	0	1	0	2	2	1	1	2	2	1	73	7	5	9	7	12	0	23	6	7	10	6	18	6	24	28	36	18	29	6	4	1	0	1	0	1	2	0	0	1	4	0	1	1	1	1	0	1	2	1	2	1	1	0	1	0	0	0	0	0	2	0	0	0	1	0	0	0	1	0	0	0	1	0	1	1	0	1	0	1	0	0	1	0	1	3	0	1	1	2	1	0	1	0	0	1	2	0	0	1	0	0	0	0	0	0	1	1	0	0	3	1	2	0	0	0	0	0	1	1	3	0	0	0	0	2	0	1	0	1	3	2	4	7	0	3	1	5	2	0	1	1	1	0	0	1	1	0	0	0	1	0	0	1	1	0	0	0	0	0	1	0	1	0	1	1	0	0	0	0	1	1	2	2	5	2	2	0	1	0	3	2	2	1	1	1	0	0	0	0	1	0	1	2	0	1	0	0	1	0	0	1	1	0	0	0	0	0	1	1	1	3	1	0	1	0	1	1	1	1	1	0	2	4	3	2	1	1	0	2	0	0	0	0	1	0	0	0	0	1	1	1	1	0	0	1	0	0	2	1	5	2	1	0	2	1	2	3	0	0	2	0	1	0	0	0	1	1	0	0	0	0	1	0	0	0	0	1	0	0	0	3	1	0	1
0	0	0	0	0	0	0	1	0	1	0	0	0	1	0	0	1	1	0	0	0	3	2	1	1	2	1	2	0	2	2	1	1	1	0	0	2	0	0	1	0	0	0	0	0	1	1	1	0	0	0	0	0	0	0	0	0	1	0	0	0	1	1	0	0	0	0	0	1	0	2	0	0	1	2	2	2	0	0	0	0	0	1	0	1	0	1	0	0	1	0	0	0	1	2	0	0	0	0	0	0	0	1	0	0	1	0	1	2	2	0	1	1	0	2	1	0	1	2	1	0	1	0	2	0	1	0	0	1	1	0	0	1	1	1	1	0	0	3	0	2	0	1	3	2	4	6	5	3	5	6	7	15	5	1	3	4	3	18	12	10	7	5	5	1	2	3	3	4	3	1	2	1	0	0	2	2	3	4	1	4	0	1	5	0	3	1	2	0	1	2	0	1	1	0	0	2	1	0	0	2	4	1	1	0	0	0	0	1	0	0	1	1	1	16	19	4	8	17	43	23	0	30	18	35	20	64	31	15	10	6	10	20	7	7	2	0	0	0	0	1	0	0	1	0	3	1	0	0	1	0	0	0	1	0	0	1	0	0	0	0	1	0	0	0	0	0	0	0	1	0	0	0	0	1	0	1	0	0	0	1	1	2	0	0	1	1	0	1	0	0	1	0	0	0	0	1	1	1	0	0	1	1	0	1	0	0	1	1	1	0	0	0	0	1	0	1	1	2	2	1	1	0	0	0	0	0	2	2	0	1	1	1	1	3	2	4	2	3	2	2	3	3	2	0	1	1	2	0	0	0	0	2	1	0	0	0	0	0	1	0	2	0	0	0	0	0	1	2	0	0	2	0	0	1	1	0	2	1	4	1	0	1	2	0	0	2	3	0	0	1	2	0	0	0	0	1	1	0	0	0	0	1	1	0	0	0	0	0	0	0	1	1	0	0	1	0	0	1	1	3	0	0	0	0	1	4	2	2	1	2	1	2	0	0	0	0	0	1	0	1	1	0	0	0	0	1	0	0	0	0	1	0	1	4	1	1	1	2	1	0	0	0	0	1	1	1	0	0	2	0	0	0	0	0	1	0	0	0	0	0	0	1	0	0	1	0	0	0
0	0	0	0	0	0	0	1	1	1	0	0	0	2	0	0	0	0	2	0	0	2	0	2	4	3	0	1	2	1	0	0	1	0	2	1	0	1	0	0	1	0	0	1	0	0	0	2	0	0	0	2	0	0	0	2	1	0	1	1	2	1	1	1	0	0	0	0	1	0	0	1	1	1	0	0	1	1	2	0	1	0	0	0	0	0	1	1	0	0	1	0	0	0	0	0	0	2	1	0	1	3	0	0	0	0	0	1	1	0	0	0	2	0	1	0	0	0	0	1	1	1	0	1	1	2	0	0	0	0	0	1	0	0	2	0	0	1	1	0	1	0	2	0	0	1	5	1	4	8	3	9	6	2	4	2	1	5	6	7	2	3	5	4	2	1	0	0	2	4	0	3	1	0	1	4	3	1	3	1	2	2	2	1	4	0	1	1	0	1	0	0	1	1	1	0	0	0	0	0	2	0	0	1	0	1	0	0	1	0	0	0	0	0	7	9	11	6	8	25	6	30	0	35	43	14	19	24	12	7	5	8	9	2	1	2	1	2	0	1	1	0	0	0	0	0	0	0	0	0	0	0	1	0	1	0	2	1	0	0	0	0	0	1	0	1	1	1	0	1	0	0	0	0	1	0	0	1	0	0	0	0	0	0	2	0	1	0	1	0	1	0	0	0	1	0	3	1	0	0	1	3	2	0	0	0	1	1	0	0	0	1	1	0	0	0	0	1	0	0	0	0	0	1	1	0	0	1	1	0	1	1	1	4	1	1	3	0	2	2	2	1	1	3	0	0	0	1	3	0	0	1	1	1	0	1	0	1	2	0	0	1	1	0	1	0	0	0	0	0	0	0	0	0	1	0	0	0	1	0	0	1	0	0	2	0	1	0	1	2	1	1	1	0	0	0	1	0	2	0	1	1	0	0	1	0	0	1	0	1	1	0	0	0	2	0	0	0	0	0	0	0	0	2	2	1	1	6	2	3	1	2	1	0	1	1	0	1	0	0	0	0	0	0	3	0	1	1	1	1	0	0	2	2	2	3	1	2	0	1	0	0	0	0	0	1	0	1	1	0	0	0	0	1	3	1	2	0	0	1	1	0	0	0	0	1	0	0	1
0	0	0	0	0	0	0	0	0	0	0	1	0	1	0	2	1	1	0	0	1	0	1	0	1	0	0	2	1	0	2	2	1	2	1	3	2	1	0	0	1	0	0	0	0	0	0	0	2	0	0	1	2	0	1	0	2	1	0	0	0	1	1	0	1	1	1	0	1	0	1	1	0	2	0	1	0	2	0	1	1	0	0	0	0	0	0	1	1	1	1	1	0	0	0	2	0	0	0	0	1	1	0	0	0	1	0	0	0	0	0	1	0	1	0	0	0	0	0	1	0	2	1	0	0	0	2	0	0	1	0	0	1	0	1	0	0	0	2	0	1	0	2	1	1	1	3	1	4	1	2	4	5	1	0	3	0	2	1	3	5	3	2	5	2	1	2	4	2	2	1	1	0	1	3	1	0	3	1	1	0	1	2	3	0	1	0	2	1	0	2	1	0	0	2	0	1	1	0	0	0	1	1	2	0	0	0	2	0	2	1	0	1	0	8	6	8	11	4	10	7	18	35	0	108	49	26	30	8	5	7	2	3	3	2	3	2	0	0	0	1	0	0	1	1	0	0	0	1	0	1	3	1	1	1	1	0	0	0	0	0	1	1	0	2	0	0	0	0	0	0	0	0	0	0	1	0	0	0	0	2	2	0	1	1	1	1	0	1	0	2	0	0	1	0	0	0	0	2	0	1	1	0	1	1	0	0	0	0	0	0	1	0	0	0	1	2	3	1	0	0	0	1	1	0	1	0	1	0	2	0	0	0	3	1	1	1	1	5	0	1	0	4	2	0	0	1	2	0	0	0	0	0	0	0	0	1	0	0	0	0	0	1	0	2	0	0	0	0	1	2	0	1	1	1	3	1	1	0	2	0	2	1	4	1	3	0	0	2	1	2	0	0	0	0	0	1	1	0	0	0	2	0	0	0	2	0	1	2	0	0	0	2	1	3	1	0	2	0	1	0	0	0	4	1	1	5	6	1	2	0	0	0	0	1	1	1	0	0	1	0	0	0	2	1	0	1	0	0	1	2	0	1	1	3	0	1	0	0	1	1	1	0	0	0	1	1	0	1	0	0	0	1	0	2	0	0	1	1	0	0	1	0	0	0	0	1	0	1
0	0	0	0	0	0	0	1	1	1	0	0	1	1	0	1	0	1	1	0	1	1	3	1	1	0	1	4	0	0	2	0	0	0	1	0	1	0	0	0	1	0	0	0	1	1	0	0	0	0	1	0	0	0	0	0	0	0	0	1	0	0	1	0	1	0	2	1	0	3	1	1	0	0	1	2	1	1	1	0	0	0	2	1	0	0	0	2	0	0	0	0	0	0	0	0	2	0	0	1	3	0	1	0	0	0	1	1	1	1	1	1	2	1	0	0	0	3	0	0	2	1	1	0	0	0	0	0	1	0	0	1	1	2	0	1	0	1	0	0	1	3	3	1	2	1	4	3	2	4	3	8	1	3	3	4	2	4	4	3	7	5	5	0	1	4	1	1	5	1	0	0	0	2	0	0	0	3	0	0	2	0	0	0	0	0	0	0	1	1	1	1	0	3	0	3	0	2	2	4	0	2	1	1	1	0	0	1	0	1	4	0	1	0	7	9	2	8	4	14	10	35	43	108	0	85	70	57	20	10	9	8	7	4	1	1	2	0	0	0	0	0	0	1	1	0	1	0	2	0	0	3	0	0	0	1	1	1	0	2	0	0	0	0	1	0	1	1	0	0	0	1	0	0	2	1	1	0	1	0	1	0	0	0	0	0	1	0	0	0	1	1	0	0	1	1	0	1	1	1	0	1	1	0	1	0	0	0	0	0	1	0	1	0	0	0	1	0	0	1	0	0	0	0	1	1	0	1	0	1	1	0	1	1	2	1	1	2	4	1	4	3	4	3	0	0	0	1	0	0	0	1	1	0	0	1	1	1	0	1	1	0	0	1	0	1	1	0	0	0	1	4	2	0	0	1	1	1	1	1	2	3	1	2	2	0	0	0	0	2	0	0	0	1	2	0	0	1	0	1	1	0	1	1	0	0	1	0	0	0	0	1	0	1	1	2	0	0	1	0	2	1	1	1	4	2	1	5	1	4	1	0	3	2	0	1	1	0	0	0	1	1	1	0	0	1	1	0	3	3	4	0	3	3	1	1	0	0	0	0	1	2	1	0	0	0	0	0	1	0	0	1	0	0	0	3	0	4	3	0	0	1	0	0	0	0	1	0	0
0	0	0	0	0	0	0	0	1	0	2	2	0	1	0	0	0	1	1	0	0	0	1	0	0	0	1	0	1	2	1	0	0	2	1	1	1	1	0	1	0	0	0	1	0	0	1	0	2	0	1	0	0	0	0	1	0	0	1	0	0	0	1	0	1	2	0	2	0	1	0	1	1	0	1	0	1	3	1	0	0	0	0	0	2	0	0	0	0	0	1	2	0	0	1	3	0	0	0	1	0	1	1	1	0	0	0	1	1	1	1	1	2	1	0	1	0	2	0	0	0	1	0	3	0	0	0	0	0	1	0	1	0	0	0	1	0	0	3	0	2	3	0	2	0	2	1	1	2	3	2	2	4	1	6	1	1	3	3	3	5	5	4	2	4	0	1	2	5	0	2	1	1	2	1	1	2	2	0	0	4	2	3	3	2	0	0	0	0	2	1	1	0	0	3	1	1	1	0	0	0	2	1	0	1	1	0	0	0	3	1	0	0	1	12	9	6	8	8	11	6	20	14	49	85	0	56	17	18	13	12	4	7	8	5	1	0	0	0	2	1	0	0	0	1	0	2	1	0	0	2	0	0	0	0	0	1	0	0	0	0	0	0	0	0	0	1	0	0	0	0	1	1	0	0	0	1	0	2	0	1	0	1	1	0	2	0	1	0	1	0	0	0	0	1	1	1	1	1	2	0	0	0	0	0	1	0	1	0	0	1	1	0	0	0	1	0	1	2	1	0	3	0	2	0	0	0	0	0	2	1	2	0	2	1	1	3	3	1	1	2	1	2	1	0	1	0	0	0	5	0	0	0	1	0	1	1	1	0	0	0	0	1	0	0	0	0	1	1	0	1	2	0	0	1	3	2	0	0	3	2	1	0	0	3	0	1	1	2	0	0	1	0	1	0	2	1	0	0	0	0	1	2	1	1	0	0	0	0	0	0	1	0	0	0	1	0	0	0	0	1	0	1	0	0	1	3	1	1	1	1	0	0	1	0	0	0	0	0	1	0	0	1	0	0	1	0	0	1	0	0	3	0	1	1	0	1	0	1	0	0	0	0	0	1	0	1	0	0	0	0	1	0	1	0	1	1	0	0	1	0	0	2	0	0	0	0	1	1
0	0	0	0	0	0	0	0	1	0	0	0	1	0	0	0	0	1	0	3	1	1	3	0	2	0	0	1	1	1	1	0	1	1	1	0	0	0	0	0	0	0	0	0	0	0	1	0	0	0	0	0	0	1	0	1	0	0	0	0	0	0	1	2	1	1	0	1	1	0	0	1	0	1	0	1	1	2	0	0	1	1	0	0	0	1	0	0	0	1	2	0	0	0	0	0	0	1	2	2	0	0	1	2	0	0	2	0	2	0	0	0	1	0	1	1	1	0	1	0	0	1	1	0	0	0	0	1	1	0	2	0	3	1	1	0	0	0	0	1	5	3	0	1	1	2	4	6	2	1	2	6	5	2	2	2	0	2	8	5	12	4	5	3	1	4	0	0	2	3	2	0	0	1	2	0	3	1	0	3	0	2	1	0	1	2	1	0	0	4	0	1	0	2	0	1	2	2	0	1	0	0	0	0	0	1	2	1	1	0	0	0	1	1	11	12	7	4	1	12	18	64	19	26	70	56	0	24	46	26	13	7	15	7	5	2	2	1	1	0	3	0	1	0	1	2	1	0	0	0	1	0	1	0	0	1	1	1	0	1	0	0	1	0	2	0	1	1	0	1	0	1	0	0	1	0	0	0	0	1	3	1	1	1	0	1	0	0	0	0	0	1	0	0	0	1	2	0	0	0	1	1	0	1	1	2	0	0	1	0	0	0	0	0	1	0	0	2	1	0	2	1	0	0	0	1	0	0	1	0	1	0	2	3	1	0	3	4	5	1	2	2	4	1	2	1	0	1	1	0	0	0	1	1	0	1	0	1	0	0	0	1	1	0	0	0	1	0	1	0	0	0	0	1	0	2	2	2	1	1	2	2	1	0	0	2	2	2	1	1	0	0	0	1	0	1	0	0	0	0	2	0	0	0	0	1	0	0	2	0	0	0	1	0	0	0	0	0	1	1	0	1	0	0	1	1	1	3	1	2	1	0	1	0	0	0	1	0	0	0	0	0	0	0	0	0	1	0	0	0	0	1	0	2	3	1	1	0	1	1	0	0	0	0	0	0	2	0	1	0	2	0	0	0	1	1	3	1	0	2	1	1	0	0	0	0	0	0	1
0	0	0	0	0	0	0	1	2	0	0	0	1	0	0	1	0	0	0	0	1	1	0	2	0	2	3	1	0	1	0	1	3	3	2	1	0	0	0	3	1	0	0	2	0	1	1	0	1	1	0	0	0	0	0	0	0	1	1	0	1	0	0	1	2	0	0	1	1	1	1	2	1	1	0	0	2	2	0	0	1	0	0	0	0	0	1	0	1	0	0	1	1	0	0	1	1	0	0	0	0	0	1	0	0	0	2	0	0	1	0	0	0	0	0	0	0	0	1	0	1	0	1	0	0	1	0	1	0	0	0	1	1	0	0	0	0	0	2	1	1	0	1	2	1	3	5	5	5	4	5	10	4	6	2	3	3	2	6	4	4	1	2	0	1	1	2	4	2	0	3	2	2	2	2	3	1	1	1	3	3	3	1	2	1	3	1	1	0	0	0	1	0	1	0	1	2	0	0	1	1	0	1	1	0	0	1	1	0	0	1	1	3	3	3	4	2	1	5	7	6	31	24	30	57	17	24	0	38	25	8	14	16	4	6	0	1	3	2	2	1	0	0	0	2	1	0	0	0	0	2	0	2	1	2	0	2	0	0	1	0	1	0	0	0	0	2	0	0	1	0	0	1	0	0	1	0	0	0	1	1	1	0	2	3	2	1	1	0	1	0	1	0	0	0	0	3	2	0	2	0	0	0	0	2	0	2	0	0	0	0	0	0	0	0	0	1	1	1	2	1	2	0	2	0	1	0	0	2	1	3	1	1	7	2	2	2	8	2	0	3	6	6	5	1	0	1	0	0	1	1	0	0	0	0	0	1	0	1	1	2	1	0	0	1	0	2	1	0	3	4	2	1	1	0	0	2	0	3	2	1	2	0	1	5	1	1	1	0	2	2	0	0	0	1	0	0	0	0	1	0	0	1	1	0	0	0	1	0	0	1	0	0	4	0	0	1	0	2	0	2	0	0	0	2	4	1	7	3	4	0	0	2	1	0	0	0	0	1	2	1	0	1	1	0	1	0	0	1	0	3	3	0	6	0	2	3	0	0	1	0	2	2	0	0	0	1	0	0	0	0	1	0	0	2	0	0	1	0	1	1	1	1	2	0	0	1	0	1
0	0	0	0	0	0	0	0	2	0	0	0	0	1	1	0	0	1	0	1	1	1	0	0	2	0	0	1	1	2	2	1	0	0	0	0	0	1	0	1	0	0	0	0	1	0	0	1	1	1	0	1	0	1	0	0	1	0	0	0	2	1	0	1	1	1	1	1	2	0	0	0	0	0	1	1	0	2	0	1	1	0	1	0	0	1	0	0	0	1	1	0	0	0	0	0	0	1	0	0	0	0	2	0	2	0	0	2	1	1	2	0	0	0	1	0	2	1	1	0	0	1	0	0	1	3	1	0	0	1	0	0	0	1	0	0	1	1	0	1	2	2	1	2	4	0	6	1	7	6	0	5	5	4	2	1	2	3	8	5	3	4	5	2	1	1	4	2	4	3	3	1	0	0	4	5	1	0	0	1	0	0	0	2	0	1	0	1	0	3	1	1	1	2	1	2	1	1	0	1	1	1	1	3	1	1	2	0	3	3	3	0	4	3	12	5	7	5	3	7	24	15	12	8	20	18	46	38	0	86	44	26	45	20	8	2	0	1	4	0	1	0	0	0	1	0	1	0	1	0	0	0	2	0	0	0	1	0	0	1	0	0	0	0	0	0	3	1	0	0	0	1	1	0	0	0	0	2	0	0	1	0	0	0	0	0	2	0	0	0	1	2	0	0	0	0	0	0	2	2	1	0	1	0	1	0	0	0	1	0	0	0	0	2	1	1	1	2	5	1	1	1	1	1	1	1	0	1	3	1	0	3	3	2	4	2	6	5	4	6	2	3	6	3	4	3	0	1	1	0	1	2	2	0	0	2	1	0	1	1	2	1	2	0	2	0	1	0	1	0	1	3	0	0	1	0	4	3	2	2	3	3	1	1	2	4	1	0	2	1	1	2	0	0	0	0	1	0	0	0	1	1	2	3	0	0	0	0	0	1	0	0	0	0	1	0	0	0	0	2	0	1	1	0	6	1	3	1	1	3	3	1	0	0	0	0	2	1	0	1	0	1	0	0	0	0	0	0	0	1	1	0	0	2	5	1	2	1	3	0	1	1	0	1	1	2	0	3	0	0	0	0	1	1	2	2	2	1	1	0	1	1	0	0	0	0	0	0	1
0	0	0	0	0	0	0	0	0	1	0	0	1	0	0	0	1	1	1	0	1	2	1	3	0	0	0	0	0	0	1	0	0	3	3	1	1	1	0	0	1	0	0	0	0	0	1	1	0	0	0	0	0	0	3	1	1	2	0	1	2	1	4	1	0	0	0	1	0	2	1	0	1	2	0	0	1	1	2	0	1	0	0	1	0	0	0	1	1	0	0	0	2	0	1	1	0	0	1	1	0	1	0	2	0	0	0	0	1	1	0	0	1	1	0	0	1	0	0	1	2	0	0	0	0	0	0	0	0	1	0	0	0	0	0	0	0	1	1	0	4	4	4	3	4	1	2	2	2	3	3	2	3	7	0	3	1	3	5	10	4	1	10	5	1	1	3	3	2	3	0	1	2	2	0	1	2	2	1	2	1	3	3	4	1	2	0	1	2	2	4	2	1	1	3	0	0	2	0	2	2	2	0	0	1	0	0	1	2	2	2	2	3	2	6	2	5	2	1	5	28	10	7	5	10	13	26	25	86	0	182	8	45	34	18	3	2	1	0	0	0	3	2	2	1	0	0	3	0	2	1	0	0	1	1	0	0	0	0	0	0	0	0	0	0	0	0	0	0	2	0	1	0	0	2	0	0	2	0	0	0	1	0	0	1	1	0	0	1	0	1	0	0	0	1	1	0	0	1	0	0	0	0	1	2	0	0	0	1	1	0	0	0	1	1	1	4	1	1	0	0	4	0	1	1	0	3	1	3	1	2	1	2	4	2	2	5	7	6	3	1	5	4	6	0	0	2	0	3	0	1	0	1	0	0	1	1	0	1	0	0	0	0	0	0	0	1	2	1	0	2	2	2	2	3	0	4	0	1	2	1	1	3	1	0	0	2	3	0	0	2	1	0	0	0	2	0	0	1	0	1	0	0	1	1	1	0	0	0	0	0	0	1	0	1	0	0	0	0	1	0	0	0	1	0	1	1	3	1	4	1	0	0	1	0	0	0	0	0	0	1	0	0	1	0	0	0	1	1	0	1	0	1	2	1	2	0	1	1	1	1	0	1	0	1	0	1	0	1	0	0	0	1	0	2	1	0	2	1	0	1	0	0	1	0	0	0	0	0
0	0	0	0	0	0	0	0	1	4	2	0	0	0	1	1	1	0	2	1	3	0	0	0	2	0	2	0	0	0	0	0	2	3	1	1	1	1	0	0	1	0	1	0	0	2	0	1	0	0	0	0	0	1	0	0	1	0	2	0	0	0	2	0	1	1	1	0	2	1	3	1	1	1	3	1	2	1	1	1	0	0	0	1	1	0	0	1	0	0	0	0	0	0	0	0	0	2	1	0	1	2	0	1	0	0	0	1	1	1	1	0	1	0	0	1	0	0	0	1	1	2	1	1	0	0	1	0	0	0	0	0	0	0	0	1	0	0	3	0	2	4	4	3	4	3	12	3	1	5	5	2	2	6	5	2	4	2	3	9	6	7	5	6	0	1	2	2	1	1	1	2	2	1	0	3	0	1	1	0	1	3	0	2	1	2	0	2	0	2	0	0	0	1	0	3	3	2	0	2	1	1	1	1	0	0	0	1	1	2	3	0	4	6	9	7	1	2	3	5	36	6	5	7	9	12	13	8	44	182	0	41	59	49	38	3	1	4	2	1	0	2	2	1	1	1	0	1	0	2	1	0	0	1	2	0	1	0	0	0	2	1	0	2	0	0	0	1	0	0	0	1	0	1	0	0	0	1	2	0	0	1	0	0	3	0	2	1	0	0	2	0	0	1	1	0	1	1	1	0	1	0	0	1	0	2	0	0	1	2	1	0	1	1	0	1	4	1	1	2	1	1	1	1	0	1	0	2	0	3	1	3	0	3	2	1	5	4	6	5	3	6	13	0	1	1	1	3	2	2	0	0	1	0	0	0	1	0	2	0	1	1	4	0	2	1	0	0	1	0	2	2	1	1	1	1	2	3	2	2	3	0	0	3	3	2	4	0	1	1	1	0	0	0	0	0	0	1	0	2	0	1	2	1	1	0	2	0	0	0	0	1	0	0	2	0	1	1	0	0	0	1	0	0	0	2	1	1	2	3	0	0	0	0	0	1	0	0	0	1	0	0	0	0	0	0	0	0	0	1	0	1	2	2	4	1	0	0	0	0	1	0	2	0	1	0	0	1	1	0	0	0	1	1	0	1	2	1	0	2	0	0	0	0	1	0	0	0	0
0	0	0	0	0	0	0	0	1	0	0	1	1	1	2	2	0	1	0	0	2	0	2	3	3	2	2	1	1	2	2	0	1	1	1	0	0	1	0	1	0	0	1	1	1	1	0	0	0	0	0	0	0	1	0	0	0	0	1	0	0	1	0	0	0	0	0	0	1	1	0	1	1	1	1	2	1	3	0	0	0	1	1	1	1	0	0	1	0	1	0	0	0	0	1	3	0	1	0	1	2	0	1	0	2	0	1	1	1	0	0	0	0	0	1	0	0	1	0	0	1	0	1	0	2	0	1	0	0	2	0	0	0	2	0	0	1	0	0	0	2	1	2	1	6	9	6	6	4	6	10	5	4	3	0	1	2	1	7	8	8	5	3	5	0	2	4	3	1	0	0	0	0	1	1	2	2	1	2	1	3	1	0	2	0	2	1	0	0	1	4	1	1	1	1	2	0	1	1	2	1	0	1	2	2	0	1	1	0	1	2	3	3	0	11	4	1	2	1	8	18	10	8	2	8	4	7	14	26	8	41	0	299	73	37	7	1	2	1	3	1	0	0	1	1	0	1	1	0	1	0	0	0	0	0	2	0	1	0	0	0	0	1	1	3	0	0	1	1	0	3	1	1	0	0	0	1	1	1	0	0	0	0	1	0	2	0	2	1	1	0	0	0	0	0	0	0	1	2	2	1	0	1	0	0	1	1	1	0	2	3	0	0	0	0	1	0	0	5	1	0	2	2	1	2	3	2	3	1	2	0	4	1	4	0	4	8	16	11	4	7	10	8	3	0	0	0	0	0	0	1	0	0	3	0	0	2	0	0	0	2	1	0	2	0	0	2	1	1	1	3	2	3	0	0	0	2	3	1	4	5	3	1	2	4	1	0	2	1	0	1	0	0	2	0	1	0	1	1	1	1	1	1	1	2	2	0	3	0	0	0	0	1	4	0	1	0	1	3	1	2	1	0	2	4	2	3	3	7	3	1	0	0	2	0	0	0	0	0	1	0	0	0	0	0	0	1	0	1	0	0	1	3	5	4	0	1	2	0	2	1	0	1	2	0	1	1	1	1	0	0	0	2	0	0	0	0	1	1	1	1	0	0	1	0	0	1	0	0
0	0	0	0	0	0	0	0	1	1	1	0	1	0	0	2	1	1	1	1	0	0	1	0	0	1	1	2	0	1	0	1	0	1	1	0	2	1	1	0	1	0	0	1	0	0	0	1	0	0	0	0	1	0	0	0	0	0	1	1	0	0	0	1	2	4	0	0	0	0	0	0	2	1	0	1	1	0	0	2	0	1	0	0	1	1	0	1	0	0	1	0	1	0	1	0	0	3	1	0	0	2	0	0	1	0	0	1	1	1	0	0	0	2	0	0	1	0	1	2	0	0	1	1	0	1	0	1	0	0	0	1	1	0	0	0	0	1	0	1	1	3	1	3	7	1	9	5	9	9	4	5	4	3	2	2	3	4	8	5	5	6	4	3	3	2	2	0	4	4	0	3	0	1	0	2	2	0	2	3	3	1	3	0	1	3	2	1	1	1	2	0	1	1	0	0	2	1	1	0	1	2	1	2	0	1	0	0	1	1	0	1	0	2	10	6	1	5	5	12	29	20	9	3	7	7	15	16	45	45	59	299	0	42	28	3	2	2	1	2	0	1	0	1	1	3	0	0	0	2	2	1	0	1	0	0	1	0	0	1	1	1	2	1	0	0	1	2	0	0	0	1	1	0	0	0	1	1	0	0	0	4	0	2	1	0	2	1	0	1	2	1	0	2	0	0	1	1	1	2	1	1	0	1	1	0	4	0	0	0	0	0	2	2	1	2	0	2	1	2	3	3	1	2	3	0	3	1	2	2	1	0	4	2	6	1	5	8	2	6	3	8	5	2	0	1	1	2	1	0	1	0	1	0	0	2	0	1	0	1	3	0	1	0	2	3	1	1	4	1	0	3	3	2	1	0	1	1	4	3	4	6	2	3	1	1	0	0	4	1	0	0	0	0	0	0	0	0	0	1	1	2	1	0	0	0	1	2	1	1	0	1	0	0	0	0	1	2	1	1	0	0	0	1	1	1	3	6	2	3	1	0	0	1	1	1	1	0	1	0	1	0	0	0	1	0	0	1	0	0	1	1	1	3	2	2	1	1	4	0	1	1	0	0	3	1	2	2	1	0	0	0	0	0	1	1	1	1	0	0	1	0	2	0	0	0	0	0	0
0	0	0	0	0	0	0	0	1	0	0	0	2	0	1	0	0	4	0	1	0	0	1	0	1	1	0	3	2	3	1	3	2	2	0	1	0	0	0	0	0	1	0	0	1	0	2	0	0	0	1	0	2	1	0	0	0	0	0	0	2	0	2	1	0	0	1	0	0	0	1	0	1	1	0	2	1	1	0	0	1	1	1	0	0	0	0	0	0	1	0	0	0	0	0	0	2	1	0	0	1	1	0	0	0	1	0	1	0	0	1	1	2	0	0	0	0	0	2	1	1	3	0	0	0	0	0	1	0	0	1	0	1	2	0	0	1	1	1	0	2	1	3	1	2	4	4	4	4	4	1	3	2	5	2	2	1	2	3	1	7	3	4	1	1	3	5	2	1	1	0	0	1	0	1	1	0	0	0	2	1	0	2	0	0	1	1	1	1	1	1	3	1	3	1	1	3	0	2	0	4	2	1	0	2	3	2	2	1	2	2	1	4	6	2	3	1	0	4	3	6	7	2	3	4	8	7	4	20	34	49	73	42	0	87	7	1	0	1	0	0	1	0	2	0	0	2	0	0	0	1	1	1	0	1	1	0	1	1	0	0	0	0	1	2	0	0	1	0	1	0	1	0	1	0	1	0	3	1	1	0	2	2	0	1	1	3	2	1	0	1	0	1	0	0	2	0	1	1	1	1	1	0	1	0	0	0	1	2	0	0	1	2	1	3	3	3	0	2	1	1	3	0	2	1	2	1	4	0	2	2	4	2	4	4	4	17	16	12	10	6	18	10	3	0	0	0	0	0	3	1	0	0	0	0	2	1	0	0	0	0	0	1	1	1	0	0	0	1	1	2	5	3	1	2	0	1	4	0	4	4	2	1	1	3	3	2	0	0	3	1	1	1	1	1	2	0	1	0	0	1	1	1	0	1	1	0	0	0	0	1	0	0	0	2	1	3	2	2	1	1	1	1	1	1	2	1	6	4	3	2	1	2	1	0	0	1	0	0	1	0	1	0	1	0	0	0	1	1	1	0	1	1	2	5	0	0	1	1	1	0	1	2	0	2	1	0	0	0	1	0	1	0	0	0	0	0	0	0	0	0	0	1	1	0	1	0	1	1
0	0	0	0	0	0	0	0	0	0	1	0	0	0	0	1	0	1	2	0	2	1	1	0	3	2	3	1	4	0	0	5	1	2	0	0	0	0	1	1	0	1	0	0	0	1	1	0	0	0	0	1	0	0	1	1	2	1	0	3	2	0	0	0	0	1	0	0	0	0	0	0	0	1	0	0	0	0	1	0	1	0	1	1	0	0	0	1	1	1	1	0	0	2	1	1	0	0	0	0	1	1	0	0	2	1	1	2	0	0	0	0	0	0	1	0	2	0	2	0	1	0	2	0	3	0	1	1	0	0	1	0	0	1	0	1	0	2	1	2	2	2	3	1	5	2	6	4	2	4	4	4	2	2	0	2	2	4	3	7	3	3	2	4	0	1	3	2	0	4	4	1	1	1	0	2	1	0	1	3	1	2	3	6	4	1	0	1	4	2	4	1	1	1	1	2	5	1	1	0	1	3	1	1	1	0	2	1	3	3	3	4	1	4	7	6	1	3	1	2	4	7	1	2	1	5	5	6	8	18	38	37	28	87	0	12	3	4	1	1	3	0	0	1	2	3	1	0	0	3	3	1	1	1	0	0	1	0	2	0	1	1	1	0	0	3	2	0	0	0	1	0	0	0	2	0	2	1	0	0	0	2	2	1	0	0	0	0	0	1	0	0	0	1	1	2	2	1	3	2	1	0	0	0	2	0	0	2	0	2	1	0	1	0	1	1	1	3	1	2	2	0	0	1	1	0	2	4	2	1	5	1	4	4	4	6	8	16	10	10	3	13	5	6	1	0	0	0	4	1	2	2	2	0	0	0	0	0	1	1	0	0	0	0	1	2	0	0	1	1	3	0	1	4	2	3	2	2	3	2	2	3	3	2	3	2	0	1	1	2	1	2	2	0	1	0	0	0	0	0	1	2	0	1	1	1	2	0	0	1	1	1	0	0	4	1	0	0	1	2	0	0	0	2	0	1	2	0	1	0	0	0	0	0	2	1	0	0	0	0	0	1	0	0	1	0	0	0	0	2	0	0	1	9	2	2	2	1	2	1	0	1	0	0	1	0	1	2	0	0	0	0	0	1	0	1	0	0	0	0	0	0	1	0	0	0	0	0	0
0	0	0	0	0	0	0	0	0	0	0	0	0	1	0	1	0	0	1	0	1	0	1	0	0	4	0	2	1	1	1	0	2	0	0	0	1	1	0	1	0	0	0	1	0	1	1	0	0	0	0	0	1	0	1	0	1	0	0	1	2	0	1	1	0	0	1	0	0	0	0	0	2	0	1	1	1	0	1	0	0	1	1	1	1	0	0	0	0	0	0	0	0	1	1	0	0	1	1	0	1	2	2	1	0	2	1	1	0	0	0	0	0	1	0	0	0	0	1	1	0	0	1	1	0	0	0	0	0	0	1	1	1	1	1	0	0	0	1	1	0	0	2	1	0	4	5	2	2	3	2	1	2	0	0	0	2	0	2	1	2	1	1	2	0	0	0	1	1	0	0	0	0	3	0	3	1	0	1	2	2	0	0	1	1	5	2	2	2	9	11	4	3	3	7	0	2	3	0	5	1	3	3	4	2	3	5	1	6	2	9	3	2	5	0	1	0	1	0	2	1	2	2	3	1	1	2	0	2	3	3	7	3	7	12	0	16	5	5	2	4	4	5	0	3	6	2	0	4	0	0	1	1	1	3	3	1	0	0	0	0	1	1	2	1	1	0	4	2	2	2	1	1	1	1	2	1	4	0	0	2	0	1	0	3	0	0	3	1	1	1	4	1	1	0	6	1	3	0	1	2	0	1	0	0	2	0	0	0	2	0	0	1	0	2	0	1	1	0	1	4	2	3	1	1	1	2	5	4	1	1	5	4	6	2	6	3	14	39	24	21	14	6	2	1	1	0	0	2	1	1	1	1	1	0	0	1	2	0	1	0	1	2	0	0	1	1	0	4	1	3	3	1	1	5	2	1	4	2	6	7	4	1	2	1	1	0	0	1	0	0	0	1	0	1	1	1	0	0	0	1	0	1	0	1	1	0	0	0	1	0	0	1	0	3	1	2	0	1	0	1	0	0	1	2	0	2	2	4	2	0	1	0	1	0	0	0	0	0	0	2	2	0	1	0	0	0	0	1	0	2	0	1	2	1	1	1	1	2	1	0	1	0	1	0	0	0	0	1	1	0	0	0	0	0	0	1	0	1	0	0	0	0	1	0	0	0	0	1
0	0	0	0	0	0	0	0	1	0	0	0	0	0	0	0	0	1	1	1	0	1	1	0	0	1	2	0	0	0	0	1	1	0	3	0	0	0	2	0	0	1	1	0	0	1	0	0	0	0	0	0	0	0	0	0	1	1	1	1	0	0	0	0	0	0	0	1	0	0	0	0	0	1	1	0	2	1	0	1	1	0	0	0	0	1	1	2	0	0	0	1	0	1	3	0	0	0	0	1	1	1	0	0	0	0	1	0	1	0	0	0	0	0	0	1	0	0	0	1	0	2	0	0	0	1	0	1	0	0	2	1	0	1	0	0	1	0	0	0	0	2	0	0	0	1	0	0	2	0	0	1	0	0	0	3	0	0	0	0	2	1	3	0	1	2	0	2	0	0	0	0	0	1	0	0	1	0	1	0	1	0	1	2	2	1	2	7	7	24	51	7	10	6	5	9	7	2	2	2	3	1	7	9	3	4	9	22	26	14	65	3	3	2	1	1	1	0	0	0	0	0	1	2	2	0	2	1	0	2	1	1	2	1	3	16	0	7	19	7	8	9	13	4	24	29	20	8	4	9	4	5	0	2	3	4	1	1	0	2	0	0	1	1	1	0	2	2	3	1	1	0	0	0	1	1	1	1	0	1	0	1	1	3	4	2	0	1	3	0	2	1	2	1	1	2	1	1	1	1	0	1	0	0	0	1	0	0	3	3	1	0	0	1	1	0	1	1	1	1	0	0	1	2	1	0	2	4	6	9	2	2	6	1	1	3	0	4	11	6	3	3	3	0	0	1	0	0	2	3	1	0	0	0	0	1	0	1	0	0	2	0	1	1	0	0	1	2	1	0	4	1	1	2	1	2	1	0	2	5	3	3	1	3	0	0	0	1	2	1	0	1	0	0	1	0	0	0	0	0	0	0	0	1	1	0	0	0	0	1	1	0	0	0	0	1	0	1	0	1	0	1	0	0	0	2	2	0	2	0	0	0	0	1	0	1	0	0	0	0	0	0	1	0	0	0	0	0	1	1	0	1	0	2	3	1	1	1	1	0	0	0	0	2	2	0	0	0	1	0	0	0	0	0	1	1	0	0	0	0	0	0	0	0	0	0	0	1	0
0	0	0	0	0	0	0	0	0	1	0	0	0	0	0	1	0	0	0	0	0	0	2	0	1	0	0	0	0	1	0	0	0	1	1	0	2	2	0	0	0	1	0	0	1	3	1	0	1	0	0	0	0	0	0	2	0	0	0	0	0	0	0	0	0	0	1	0	0	0	1	0	0	0	1	1	1	0	0	1	0	0	0	0	0	2	2	0	0	0	0	1	1	0	0	1	0	0	0	0	0	1	1	0	0	0	0	0	1	0	0	0	1	1	0	0	1	1	1	0	0	0	2	0	0	0	0	2	0	0	0	0	0	1	1	0	0	0	0	0	2	0	2	2	2	3	0	1	0	3	0	0	1	1	2	1	0	1	1	0	1	0	1	2	0	1	3	0	1	1	1	0	0	0	2	0	1	0	2	1	2	1	2	1	3	1	2	3	11	20	11	4	13	4	2	2	3	2	3	2	1	5	0	1	3	5	6	10	13	9	21	15	6	4	0	1	1	1	2	2	1	0	2	0	0	0	1	3	1	1	4	2	2	0	4	5	7	0	146	34	17	18	9	2	9	11	13	4	4	4	2	4	3	2	3	2	0	0	0	1	1	1	0	0	0	1	1	2	0	2	0	0	0	1	1	0	0	1	0	1	1	1	0	2	0	1	0	2	1	0	0	0	1	1	2	1	2	1	0	0	0	0	1	0	0	1	0	0	1	0	0	0	1	0	0	2	0	1	0	2	0	0	0	1	1	1	1	3	4	0	1	1	4	4	2	2	0	2	2	1	0	1	0	0	0	0	0	0	1	2	1	0	1	0	0	0	1	0	0	0	1	0	0	1	0	1	3	0	0	1	1	0	1	2	0	0	1	1	2	0	0	0	1	3	1	0	1	1	0	0	0	0	0	0	0	1	0	0	0	0	0	0	0	1	0	0	0	0	1	0	2	4	0	0	1	0	0	0	0	1	2	0	0	0	1	1	1	1	1	1	0	0	0	0	0	0	1	0	0	0	0	1	0	0	1	0	1	0	0	0	0	0	0	1	1	1	0	0	1	0	0	1	0	0	1	1	0	0	1	0	1	0	0	1	0	0	0	0	0	0	0	0	1	0	0	0	0	0	0
0	0	0	0	0	0	0	0	0	0	0	0	0	0	0	0	0	0	0	0	0	1	1	1	1	2	2	0	0	1	1	0	1	0	3	0	0	0	0	1	0	0	0	0	1	1	0	0	0	0	0	0	0	2	1	0	0	1	1	0	1	0	0	0	2	0	0	1	3	0	0	0	1	0	1	1	0	0	0	1	0	0	0	0	1	0	1	1	0	0	1	0	1	1	1	1	1	0	0	0	0	0	1	0	0	0	0	0	2	0	0	0	0	0	0	0	0	0	0	0	1	0	0	0	1	0	0	1	0	0	1	1	1	0	1	0	0	0	2	1	0	0	1	2	1	2	1	1	2	1	0	0	1	1	1	2	1	1	1	0	2	0	0	1	0	2	0	0	1	0	0	0	2	0	0	1	1	0	0	2	0	2	0	0	4	3	2	2	12	19	9	2	9	4	6	5	6	2	2	1	1	2	4	7	4	4	7	11	16	7	12	21	4	10	1	0	0	0	0	2	0	0	0	0	0	0	1	2	4	0	2	1	1	1	1	5	19	146	0	81	31	12	9	3	3	5	10	2	2	5	2	4	0	3	1	0	0	0	1	0	0	3	1	0	3	2	2	2	2	2	0	2	2	0	1	1	0	0	1	1	0	2	1	0	1	0	1	1	2	1	1	2	1	0	0	0	1	1	2	1	0	2	1	2	0	1	0	0	0	0	0	0	0	0	1	1	1	1	2	0	1	0	0	0	0	0	0	0	2	1	3	2	1	1	0	1	0	2	5	2	0	3	1	1	1	0	0	0	2	0	0	0	1	1	2	0	1	1	0	0	0	0	1	0	1	0	0	1	0	1	0	2	1	0	0	0	1	2	1	0	1	0	1	2	0	0	1	0	0	2	2	0	1	0	0	0	1	2	0	0	0	1	0	0	1	0	0	0	0	0	1	1	0	0	0	0	0	0	0	0	1	0	0	0	1	0	0	0	2	0	0	0	1	0	1	0	0	0	0	0	1	0	0	0	0	1	0	1	0	0	0	0	0	0	0	1	0	2	1	0	1	0	2	1	0	1	0	0	0	0	1	0	0	1	1	1	0	1	0	0	0	1	0	0	2	0	0	0	0
0	0	0	0	0	0	0	0	0	1	0	0	1	0	0	1	0	0	2	0	0	0	2	0	2	1	0	1	2	1	0	1	0	1	0	1	1	2	0	0	0	1	0	0	0	0	0	0	0	0	0	0	1	3	1	0	1	3	1	2	0	0	0	2	1	0	0	1	0	0	0	0	0	0	0	0	1	0	0	0	0	0	0	1	1	0	0	2	1	1	1	1	0	2	1	0	0	1	0	0	0	0	1	0	1	0	1	0	1	0	0	1	0	0	0	0	0	0	0	0	0	0	1	0	0	1	0	0	0	2	0	0	0	1	0	0	0	1	0	1	0	1	1	1	1	1	2	1	0	1	0	1	0	1	0	0	0	1	0	0	0	0	0	2	1	0	1	1	0	1	1	1	0	0	0	0	0	1	0	0	0	2	1	2	1	3	3	6	11	10	7	4	3	4	3	1	0	2	5	1	0	0	4	1	1	7	4	7	14	19	10	12	5	0	0	0	0	1	1	2	1	0	1	0	0	2	0	2	0	0	1	3	2	0	1	2	7	34	81	0	119	14	8	4	5	5	13	0	5	3	1	2	0	0	3	2	4	0	0	0	1	0	2	1	0	0	0	0	2	0	1	2	3	1	0	1	1	0	0	1	0	3	1	3	0	1	1	2	0	1	0	0	1	0	0	1	1	0	1	0	1	1	2	0	2	0	0	0	1	0	0	0	1	3	2	0	0	0	1	0	1	1	1	0	0	0	0	2	1	1	1	2	0	4	4	1	0	1	0	0	4	1	1	0	0	0	1	0	1	1	0	0	0	1	2	1	1	0	0	0	0	0	1	0	0	0	1	1	0	1	2	3	1	0	1	1	0	2	0	0	0	0	1	0	1	0	0	0	0	0	0	2	0	0	0	0	0	0	0	0	0	0	1	1	0	0	0	0	1	0	0	0	0	0	2	1	0	1	0	2	0	0	0	0	2	0	0	0	1	1	1	0	1	1	0	0	0	1	0	0	0	0	0	0	0	1	0	0	0	0	0	1	2	1	1	1	1	1	1	0	0	0	0	2	2	2	0	0	0	0	0	0	1	2	0	1	0	0	0	0	0	0	0	0	0	0	0	0	1
0	0	0	0	0	0	0	0	0	0	0	0	0	1	0	0	0	1	0	0	1	1	2	1	2	0	1	0	1	0	1	0	1	1	0	0	1	0	0	0	0	0	0	0	0	1	0	0	0	0	1	1	0	0	0	0	3	2	0	0	2	0	1	1	1	0	0	0	0	0	0	0	0	1	0	0	0	1	0	0	0	0	0	0	0	0	0	1	0	0	0	0	2	0	2	0	2	0	0	0	1	1	1	1	0	0	0	0	0	0	0	0	1	1	0	0	0	0	0	0	0	0	0	0	0	2	0	0	0	2	0	0	0	0	1	0	0	1	2	1	1	0	1	0	0	0	2	0	1	0	2	0	0	2	0	1	0	0	0	0	0	1	0	1	1	0	0	0	1	1	1	2	0	0	2	0	0	0	0	0	2	1	5	1	3	2	3	4	7	5	5	5	6	0	5	2	1	3	2	2	1	1	1	4	3	2	4	7	12	14	16	5	4	4	0	0	0	0	0	1	2	1	1	1	0	1	3	1	1	0	0	1	0	0	3	4	8	17	31	119	0	9	7	11	15	9	42	3	5	5	1	2	4	2	4	0	1	0	0	0	0	1	1	1	2	1	3	0	1	2	2	2	2	1	0	1	0	0	0	0	1	1	1	3	1	1	2	0	1	1	0	1	1	2	2	2	1	0	2	0	1	0	1	0	0	0	1	1	0	2	1	1	1	0	0	2	0	1	0	1	0	0	1	0	1	1	0	1	3	2	0	2	3	3	1	1	1	2	5	0	0	0	1	1	2	0	0	0	2	0	0	0	0	0	0	0	1	0	0	0	0	0	0	0	0	0	1	1	2	1	4	3	0	0	0	0	0	2	3	0	0	0	2	1	1	1	0	0	0	0	2	0	0	0	0	1	0	1	0	0	0	0	0	1	1	1	1	0	0	0	0	1	0	0	0	1	0	2	0	1	0	1	0	0	0	1	2	3	0	2	0	0	0	0	0	0	0	0	0	0	0	0	0	0	0	1	0	0	0	0	0	1	1	0	1	2	0	2	1	2	2	1	0	1	0	0	0	0	0	0	0	1	2	0	0	0	0	0	0	0	0	0	1	0	0	0	0	0	0
0	0	0	0	0	0	0	0	0	0	1	1	0	0	0	2	1	0	0	0	1	0	0	1	1	0	1	0	1	0	0	0	0	0	0	0	1	0	0	0	0	0	0	0	0	0	0	0	0	0	0	0	0	1	0	0	1	0	0	0	0	0	0	0	0	0	1	0	0	1	0	2	1	2	0	1	0	0	1	0	0	0	0	1	0	1	1	0	0	0	0	0	0	0	0	0	1	1	0	0	0	0	0	0	0	0	0	0	0	1	1	1	0	0	0	0	0	0	0	0	0	0	0	0	0	0	1	0	0	1	0	0	0	0	0	0	1	0	0	0	1	1	2	0	0	1	0	1	0	1	0	0	1	1	0	0	0	0	0	0	1	0	1	2	0	0	2	0	0	2	0	0	0	0	0	0	0	1	0	0	1	2	2	0	1	4	0	2	3	6	4	26	8	7	6	13	9	4	2	3	4	1	4	2	4	10	12	13	9	4	3	4	2	1	1	0	2	0	1	1	0	0	0	0	0	0	0	0	0	3	2	0	1	1	0	4	9	18	12	14	9	0	162	38	15	7	9	12	8	4	1	1	1	4	3	0	0	0	2	1	1	0	1	3	0	0	2	3	1	1	0	0	0	1	2	1	1	0	0	1	0	4	0	1	2	1	2	2	2	0	0	0	2	1	0	4	1	0	0	2	1	0	0	0	0	2	0	0	0	1	0	2	0	2	1	2	2	1	1	1	0	1	0	1	0	0	0	0	1	0	1	5	0	0	0	0	2	0	7	1	4	2	0	2	1	1	0	2	0	1	2	1	0	0	0	0	0	0	0	0	0	0	2	1	1	0	0	0	1	0	2	2	1	0	1	1	0	0	3	0	0	1	0	0	0	1	2	0	0	0	0	1	0	0	0	0	0	2	0	1	0	2	0	0	1	0	1	0	0	0	0	1	0	0	1	0	1	0	0	0	0	0	0	0	0	0	0	0	0	0	0	1	0	0	0	0	0	0	0	1	1	0	0	1	0	0	1	0	0	0	0	0	1	0	0	0	0	1	0	0	0	0	0	0	1	0	0	0	0	0	0	0	1	0	0	0	0	0	0	0	0	0	0	0	1	1	0	0	0
0	0	0	0	0	0	0	0	0	1	1	0	0	0	0	0	1	0	1	0	0	1	2	0	0	0	2	1	0	0	0	0	1	0	1	1	1	1	0	0	0	0	0	0	0	0	0	0	0	0	0	0	0	0	0	0	0	0	0	0	0	0	1	1	0	0	0	1	0	1	0	0	0	1	1	0	0	0	1	1	0	0	0	1	0	1	0	0	1	2	0	0	0	1	1	1	0	0	0	0	1	0	0	0	2	0	0	0	0	0	0	1	1	0	0	0	0	0	0	0	0	1	1	0	0	0	0	0	0	0	0	0	1	1	1	0	0	0	0	1	1	1	1	0	1	0	2	0	0	0	0	1	0	1	0	0	0	0	1	0	0	2	0	1	0	0	0	1	0	0	0	0	0	0	1	0	0	0	1	0	0	1	0	3	1	0	0	0	5	3	12	50	20	7	16	21	11	6	3	2	1	1	2	7	10	18	19	14	8	4	5	2	1	1	0	0	0	0	2	0	0	0	0	0	0	0	1	0	0	2	2	0	0	0	0	5	13	9	9	8	7	162	0	43	18	5	4	18	8	9	5	6	2	0	1	2	1	0	0	0	0	1	1	1	0	0	1	0	0	2	0	2	0	4	0	0	0	1	0	0	1	2	1	2	2	2	2	1	1	2	0	0	1	2	1	1	2	0	1	0	0	0	2	0	1	0	1	0	1	1	1	0	1	0	0	1	1	2	2	0	1	0	0	0	0	2	0	0	0	2	3	3	0	0	1	1	3	1	2	1	1	2	1	0	2	3	1	0	1	0	2	3	1	0	0	2	2	0	1	0	1	0	3	0	0	0	0	0	0	0	2	2	1	1	1	1	1	3	1	0	3	0	0	3	2	1	0	0	0	0	0	0	0	0	0	0	0	1	0	0	0	0	1	0	0	2	0	2	1	0	1	0	0	0	0	0	0	0	0	0	0	0	0	2	1	1	0	0	2	0	0	0	0	0	0	0	0	0	0	0	0	1	0	0	0	0	0	0	0	0	0	2	0	0	1	0	3	0	0	1	0	1	1	1	2	0	1	0	0	0	0	0	2	0	0	0	0	0	0	1	0	0	0	0	0	1	0	0	1
0	0	0	0	0	0	0	0	1	0	0	1	1	0	0	0	0	1	0	2	0	0	1	2	1	3	0	0	1	0	1	0	1	1	1	0	0	0	0	1	0	0	0	0	0	1	0	0	0	0	0	0	0	0	0	1	0	0	0	0	0	0	0	0	0	0	0	0	0	0	0	0	0	1	0	0	0	0	0	0	0	1	0	0	0	0	0	0	0	0	1	0	0	0	1	1	1	2	0	1	0	0	0	1	0	0	0	0	0	0	0	0	0	0	0	0	0	0	0	0	0	0	0	1	0	0	0	0	2	0	0	0	0	1	1	0	0	1	0	0	0	1	0	1	0	0	0	0	1	0	0	0	0	0	0	0	0	0	1	0	0	1	1	1	0	0	0	0	2	0	0	0	0	0	0	1	0	0	1	0	0	0	0	1	1	0	0	5	2	1	9	14	12	1	10	12	9	2	3	0	4	4	3	5	14	51	61	27	6	3	5	3	2	4	0	0	0	0	0	1	1	1	0	1	1	0	0	0	0	2	1	1	1	2	1	0	4	2	3	4	11	38	43	0	16	6	15	26	32	17	3	2	2	5	2	1	1	0	1	1	2	3	0	0	1	0	3	1	0	1	0	2	0	1	2	2	1	2	1	0	2	3	3	3	4	0	1	2	0	1	0	0	1	0	1	0	3	0	0	0	1	1	2	0	0	1	1	1	2	0	3	0	0	2	3	1	1	0	0	0	0	2	1	1	1	0	0	2	2	3	2	1	1	3	2	0	0	2	2	1	0	1	0	0	1	0	0	0	1	1	0	0	0	0	1	0	2	0	1	1	1	0	1	0	0	1	0	0	1	0	1	4	2	1	2	1	1	0	0	1	0	3	0	2	1	0	1	0	0	0	0	0	0	0	0	0	0	1	1	0	0	0	0	0	2	0	0	0	1	0	0	0	0	0	1	1	0	0	0	0	0	0	0	0	0	2	0	1	2	0	0	0	0	0	0	0	0	1	0	0	2	0	0	0	0	0	0	0	1	0	0	0	0	1	0	0	0	2	1	0	2	1	0	0	0	0	0	0	0	0	1	0	0	0	0	1	0	0	0	1	0	0	0	0	1	0	0	0	0
0	0	0	0	0	0	0	0	1	0	0	0	0	0	0	0	0	0	1	1	0	3	0	1	1	1	1	0	0	0	0	0	1	0	0	0	1	0	0	1	0	1	0	0	1	0	0	1	0	0	0	0	0	1	0	0	0	0	0	1	0	0	1	0	1	0	0	0	0	1	1	0	1	0	0	1	0	0	0	0	1	0	0	0	0	0	2	1	0	0	0	0	1	0	0	0	0	0	1	1	0	1	0	1	0	0	1	1	2	1	1	0	0	0	0	1	0	0	2	0	1	2	0	0	0	0	0	1	0	0	0	1	2	0	1	0	0	0	1	0	0	0	0	0	1	1	1	1	0	0	1	1	0	1	0	0	0	2	3	0	2	1	2	0	0	2	2	0	0	0	0	0	0	0	1	0	0	0	0	1	0	1	1	0	0	3	1	2	2	10	31	9	26	11	16	14	19	7	7	2	3	7	12	8	16	11	24	81	12	5	7	5	3	2	1	0	0	1	2	2	4	0	0	1	1	1	1	2	1	1	1	1	1	0	2	3	24	9	3	5	15	15	18	16	0	24	18	11	10	10	3	6	1	3	2	5	0	1	1	0	0	4	1	2	1	2	5	0	0	2	5	1	1	1	2	0	1	1	1	0	1	1	0	2	5	4	1	2	0	0	1	3	0	2	1	2	1	0	0	0	2	1	3	0	1	0	1	0	0	0	1	0	0	0	2	1	0	0	1	1	1	2	0	3	1	1	4	6	5	5	4	5	1	4	2	3	1	2	2	7	3	2	1	1	2	2	1	1	0	2	0	1	0	0	0	1	2	0	1	0	1	2	0	1	0	1	2	0	4	2	0	2	1	4	2	2	0	2	3	1	2	2	2	0	2	0	0	0	1	2	0	0	0	2	0	1	0	1	1	0	0	0	0	3	1	0	0	0	1	0	2	0	0	1	0	2	0	0	1	0	1	1	3	3	0	0	2	0	4	0	0	0	0	0	0	1	0	0	0	0	2	0	1	2	2	1	0	0	0	1	0	0	0	4	1	0	0	1	2	1	0	3	0	0	2	0	0	0	0	0	1	1	0	1	0	0	1	0	0	1	0	2	1	0	0	0	1	1	1
0	0	0	0	0	0	0	0	1	0	0	0	0	0	0	0	0	0	0	1	0	2	1	1	2	0	0	1	1	0	0	0	1	1	2	0	0	0	0	1	0	1	0	1	0	0	1	1	0	2	1	0	0	0	0	0	0	0	0	0	0	0	0	0	2	0	0	0	0	0	0	0	0	0	1	0	1	0	0	0	0	0	0	1	0	0	0	1	1	1	0	0	0	0	0	0	0	1	0	1	2	0	0	0	0	0	0	0	0	1	0	0	0	2	1	1	0	0	0	0	1	0	0	0	0	0	0	0	1	0	1	1	2	1	0	0	0	0	0	1	0	1	2	1	1	1	1	1	2	1	0	0	1	2	0	0	1	1	0	3	1	0	0	0	0	0	1	2	0	0	1	0	0	1	1	2	0	0	1	0	1	1	0	3	0	1	1	2	4	5	17	5	15	5	2	7	13	4	7	1	2	3	8	18	3	9	23	36	19	7	32	4	5	1	1	0	0	1	1	1	0	3	0	0	0	0	2	1	0	0	1	0	3	0	3	6	29	11	5	5	9	7	5	6	24	0	9	4	2	13	1	4	3	7	3	4	1	1	1	1	3	1	1	1	4	3	1	3	2	7	1	4	2	3	1	3	1	0	1	0	0	4	5	0	3	2	0	2	4	2	2	4	4	1	2	0	0	0	3	1	1	0	0	0	1	3	0	0	0	0	1	3	1	1	3	1	3	1	2	0	2	5	0	3	0	1	3	5	3	5	9	7	4	4	1	3	1	1	5	7	3	1	1	1	2	0	2	0	1	0	0	1	0	1	1	1	0	4	3	0	3	1	2	0	1	0	1	0	0	0	2	9	0	2	0	1	3	0	2	2	4	0	3	0	2	0	1	0	0	0	0	1	1	2	1	1	0	0	0	1	0	0	2	2	0	1	0	0	0	1	2	2	1	1	2	4	1	0	1	2	1	1	2	1	2	1	2	5	1	1	3	1	1	1	1	0	1	1	0	1	2	0	0	0	1	0	0	0	0	1	1	0	0	0	0	0	3	1	1	0	1	0	1	1	0	1	0	2	0	0	1	0	0	0	1	0	0	0	0	0	0	0	1	1	0	1	1	0	0
0	0	0	0	0	0	0	0	0	0	1	1	0	0	0	0	0	0	0	0	0	0	0	0	1	3	1	0	1	0	1	0	1	1	0	0	0	0	0	0	0	0	0	0	0	0	0	0	0	0	0	1	0	0	1	0	0	0	0	0	0	0	0	0	0	1	1	0	0	1	0	0	0	0	1	0	1	0	0	0	0	0	0	2	1	0	1	0	1	1	0	0	0	2	0	0	0	2	1	1	0	0	1	0	0	0	1	1	0	0	0	0	0	0	0	1	0	1	0	0	0	0	0	0	0	0	0	1	0	0	0	0	0	1	1	0	0	0	0	0	0	1	0	2	1	3	3	2	1	1	0	1	0	0	0	0	0	0	1	2	1	2	1	0	1	0	2	1	0	2	0	2	0	0	1	0	0	1	0	4	1	1	3	0	3	1	4	9	9	15	11	4	7	5	2	1	4	0	2	1	3	5	2	7	11	7	30	31	42	18	24	6	3	1	0	1	1	0	1	0	1	1	0	0	1	2	1	0	1	0	0	1	0	2	1	2	20	13	10	13	42	9	4	15	18	9	0	3	7	12	2	2	1	2	3	6	0	0	0	0	1	2	0	0	3	4	3	2	0	1	4	0	3	1	3	2	1	2	0	0	1	3	2	1	4	2	0	1	2	1	0	0	1	1	2	2	2	3	0	0	1	0	0	1	1	3	0	0	1	2	2	1	1	2	1	3	1	0	0	2	2	3	1	0	2	1	1	4	5	2	0	3	3	3	2	2	1	1	3	2	0	2	0	1	2	0	0	0	0	0	0	0	0	0	3	3	0	0	0	1	1	0	1	0	0	0	0	1	2	1	1	1	0	1	2	0	3	0	3	1	1	0	1	0	0	2	1	0	0	1	0	0	0	0	0	1	1	0	0	1	0	2	2	2	0	0	1	0	0	2	0	0	1	0	1	0	1	0	0	0	0	0	0	0	1	1	1	1	3	0	0	0	0	0	0	0	1	0	0	0	0	0	0	2	0	0	0	1	1	0	1	1	0	0	1	1	0	0	0	1	0	1	1	1	1	0	2	3	0	0	0	0	0	0	0	0	0	1	0	1	1	1	1	1	0	0	0	0	0
0	0	0	0	0	0	0	1	0	0	0	0	0	1	1	0	0	0	0	0	0	0	1	0	0	1	1	0	1	0	1	0	1	0	2	0	0	2	1	0	0	0	1	0	0	0	0	0	0	0	0	1	0	0	1	0	0	1	0	0	0	0	1	1	1	0	0	0	0	0	0	0	0	0	0	0	0	0	1	1	0	0	0	0	0	0	0	0	0	0	0	0	1	0	1	0	0	0	0	1	0	1	0	0	0	0	1	0	1	1	0	0	0	0	0	1	0	1	0	0	1	0	0	1	1	1	1	1	2	0	0	0	0	0	0	0	0	0	0	0	1	0	2	2	0	0	2	1	1	0	2	1	0	0	2	0	0	0	1	0	0	0	1	1	0	0	0	1	0	0	0	1	0	0	1	0	0	0	0	0	0	0	0	1	1	2	1	3	1	0	3	6	6	5	7	3	8	6	2	2	1	0	11	5	32	75	17	17	3	0	2	1	2	2	0	0	0	1	0	1	1	0	0	0	0	1	0	0	0	3	1	1	0	0	0	0	8	4	2	0	3	12	18	26	11	4	3	0	57	50	19	13	6	5	4	2	1	0	0	0	0	0	1	0	4	3	0	4	3	3	1	4	2	2	1	1	2	2	0	0	3	6	1	5	9	1	1	4	3	3	2	2	1	2	2	0	0	0	1	0	0	0	0	1	0	0	0	1	3	1	1	0	2	0	2	0	2	1	1	0	2	1	1	0	0	0	2	2	0	3	2	3	0	0	1	1	1	0	2	1	2	3	1	2	1	1	0	0	0	0	0	1	0	0	1	0	1	0	0	0	0	0	1	0	0	1	1	0	0	0	1	3	2	3	2	2	2	2	1	0	0	0	1	0	0	0	1	0	0	1	0	0	0	2	1	0	0	2	1	0	0	0	0	0	0	0	2	1	0	0	0	0	1	0	0	1	0	1	0	3	0	0	0	1	1	0	2	0	1	0	0	1	0	0	1	0	0	0	0	0	0	0	0	0	1	0	0	0	2	0	1	1	0	0	0	1	0	1	0	1	0	0	1	0	0	0	0	1	0	0	0	1	1	0	0	0	0	0	0	0	0	0	0	0	0	0	0	1	0
0	0	0	0	0	0	0	0	0	0	0	0	0	0	0	0	1	1	1	1	0	0	0	1	0	0	0	0	0	2	0	0	0	2	0	0	0	0	0	0	1	0	0	0	1	0	0	0	0	0	0	0	0	1	0	0	0	0	0	1	0	0	0	0	0	0	0	0	1	0	0	0	0	0	1	0	0	0	0	0	0	0	0	0	2	0	0	2	0	0	0	0	1	0	0	1	0	0	0	0	0	0	0	1	0	0	0	0	0	2	0	1	0	1	0	0	0	1	0	0	1	0	0	0	0	0	0	1	0	0	0	1	0	0	0	0	0	1	1	1	0	2	1	1	0	0	0	0	0	0	0	1	0	2	0	1	0	0	0	0	0	0	0	0	2	0	0	0	0	0	0	0	0	0	0	0	1	0	0	0	0	0	0	1	0	0	1	2	2	3	5	2	1	5	8	8	4	1	5	1	4	3	8	0	19	30	32	24	4	1	6	0	0	0	0	2	0	0	1	0	1	0	0	1	2	0	0	0	1	0	0	0	0	0	0	4	4	4	2	5	5	8	8	32	10	2	7	57	0	45	7	23	6	10	5	1	3	1	1	0	0	3	1	1	4	1	3	6	5	2	0	1	3	2	1	1	0	3	2	0	1	5	1	5	5	1	2	1	1	3	2	1	2	1	2	2	3	0	2	0	1	0	1	0	0	0	0	1	3	0	1	0	1	1	0	2	1	2	1	0	1	1	0	0	2	2	1	2	0	0	4	1	3	1	1	0	1	2	1	1	2	1	0	1	1	0	0	2	0	1	0	0	0	1	1	0	0	1	0	0	0	1	1	0	0	1	0	1	0	1	0	4	1	1	1	0	3	1	0	1	1	0	0	1	0	0	0	1	0	0	0	0	1	0	0	2	0	0	0	0	0	0	0	2	0	0	1	0	0	0	1	0	0	1	2	0	1	0	1	0	2	0	2	0	0	1	1	0	1	0	0	0	0	0	0	1	1	0	0	0	0	0	0	0	0	0	1	1	1	0	0	1	0	0	0	1	0	1	0	2	0	2	0	0	2	0	0	0	0	0	0	0	0	0	0	0	0	0	1	0	0	0	0	0	0	0	1	0	0
0	0	0	0	0	0	0	0	0	0	0	0	1	0	0	0	0	0	0	0	0	0	0	1	1	1	1	0	0	0	1	0	0	0	1	0	0	1	0	0	0	0	0	0	0	1	0	0	0	0	0	3	0	0	0	0	1	0	0	0	1	2	0	0	0	0	1	0	0	0	1	0	0	0	0	0	0	0	0	0	0	0	0	0	2	0	1	0	0	0	0	0	0	0	0	0	1	0	0	0	0	0	1	1	0	0	0	1	0	0	0	0	0	0	0	0	0	1	0	0	0	0	0	1	0	0	1	1	0	0	0	0	0	0	0	0	1	0	0	0	0	0	1	0	0	1	0	1	0	2	0	1	0	4	0	0	0	2	1	1	0	0	0	0	0	0	0	0	0	1	0	0	0	0	0	1	0	1	0	0	0	0	0	0	0	1	2	0	0	0	3	8	8	4	5	12	10	2	9	2	5	2	9	14	48	37	51	11	5	3	11	0	1	1	0	0	1	1	2	0	1	1	0	0	0	0	0	0	0	2	2	1	2	0	3	0	9	4	5	3	5	4	9	17	10	13	12	50	45	0	24	41	9	8	4	3	1	1	2	2	1	1	1	1	2	5	6	6	1	3	2	2	2	3	2	3	1	2	0	1	3	3	2	9	4	2	1	2	1	1	0	1	1	3	0	2	2	1	1	1	1	0	1	1	1	1	0	0	4	1	1	1	0	1	2	1	2	4	1	2	1	1	1	0	2	1	1	5	2	4	5	4	0	1	2	1	1	1	1	2	0	0	1	4	0	1	2	1	1	1	0	0	1	1	1	1	2	1	0	0	5	3	2	0	0	2	0	0	1	1	3	2	1	0	3	2	0	1	1	2	1	1	1	0	1	0	1	0	0	0	1	0	0	1	1	0	0	0	1	0	0	0	0	2	1	0	1	1	0	1	1	1	0	0	0	0	0	0	2	0	0	1	1	1	1	0	0	1	3	1	0	0	0	0	1	0	0	0	1	0	0	0	0	0	0	0	0	1	0	0	0	0	0	0	1	1	0	0	2	2	0	0	0	0	1	1	0	0	1	1	1	1	0	1	0	0	0	1	0	0	0	1	1	0	0	0	1	0	1
0	0	0	0	0	0	0	0	0	0	0	0	0	0	0	0	1	0	0	0	0	0	1	0	0	0	0	0	1	0	0	0	0	0	0	0	0	0	0	0	0	0	0	0	0	0	0	1	0	0	0	0	0	0	0	0	1	1	0	0	0	0	0	2	0	0	0	0	0	1	0	0	0	0	0	0	0	0	1	0	0	1	0	0	0	2	0	0	1	1	0	0	0	1	0	0	0	0	0	1	0	0	0	0	0	0	0	0	0	1	0	1	0	0	0	0	0	0	0	0	0	0	0	0	0	0	0	0	0	0	0	0	0	0	0	2	0	1	0	1	2	0	0	0	0	1	0	0	1	1	0	0	0	1	0	0	0	1	0	0	1	0	0	0	0	0	1	0	0	0	0	0	0	0	0	0	1	0	0	0	0	0	1	0	1	1	0	0	2	1	4	3	7	1	3	9	5	4	5	5	5	6	13	12	15	11	5	3	3	0	2	0	1	3	0	0	0	0	0	0	0	0	0	1	0	2	1	2	0	1	1	0	2	1	3	0	4	2	2	1	1	1	5	3	3	1	2	19	7	24	0	28	4	10	6	4	1	2	1	0	1	2	6	1	3	2	3	5	4	3	5	1	1	3	1	2	2	1	2	0	1	6	3	22	14	10	4	8	7	5	2	2	5	3	4	2	2	1	2	1	1	1	0	0	1	1	0	0	1	3	1	0	0	0	1	2	2	2	1	1	0	0	1	0	1	3	3	7	2	2	5	3	2	3	0	0	2	1	1	1	2	0	1	2	0	1	1	0	2	1	0	0	0	1	2	1	1	2	0	2	3	1	0	0	1	0	0	2	2	2	3	4	4	1	3	0	3	1	5	0	1	2	0	0	1	2	1	0	0	0	1	0	0	0	2	0	0	2	0	0	0	0	2	0	0	0	2	0	0	1	0	0	1	1	1	1	1	3	0	0	3	0	1	0	1	0	1	0	0	0	0	0	0	0	0	1	0	0	0	0	0	0	0	0	0	0	0	0	2	1	0	2	1	2	0	0	1	1	0	1	1	1	0	0	0	0	2	0	2	0	1	1	0	0	0	1	0	0	0	0	0	0	0	1	0	1	0	0	1
0	0	0	0	0	0	0	0	0	0	0	0	0	0	0	0	0	1	1	0	0	0	0	1	0	0	1	1	0	1	0	0	0	0	1	0	0	0	2	0	1	0	1	0	0	0	0	0	0	0	0	0	0	0	0	0	0	0	0	1	0	0	0	1	0	1	0	0	1	0	2	0	0	0	0	1	0	0	1	0	0	0	0	1	0	0	0	1	0	0	1	0	1	1	0	0	0	0	1	1	1	0	0	0	0	0	0	0	0	0	0	0	0	1	0	0	0	0	0	0	0	0	0	0	0	0	1	0	0	0	1	0	0	0	1	0	0	0	0	0	0	0	0	0	0	3	0	1	0	3	1	0	0	0	0	0	0	0	1	0	1	0	1	0	1	0	0	2	0	0	0	1	0	0	0	1	1	0	0	1	2	1	0	0	0	0	0	0	1	4	4	2	1	3	5	3	5	3	2	2	0	6	4	9	14	14	11	5	2	2	4	2	2	1	1	0	0	0	0	1	1	0	0	3	3	0	0	0	0	0	0	0	1	1	1	1	5	4	4	2	2	1	6	2	6	4	2	13	23	41	28	0	13	14	10	8	3	1	0	0	2	1	1	2	3	3	9	11	5	5	5	5	1	3	1	3	1	1	0	1	4	9	6	5	7	6	3	3	7	2	4	3	4	3	4	4	2	1	1	1	0	0	0	0	2	3	0	2	2	0	1	2	1	3	3	1	3	0	2	1	1	1	0	1	3	3	1	1	2	5	1	3	1	0	2	0	0	2	1	0	1	0	2	1	0	0	3	0	1	0	0	0	2	2	2	2	1	1	1	1	0	1	0	0	0	0	1	0	0	3	2	4	2	1	3	0	1	2	1	0	0	4	2	1	0	0	0	2	0	0	0	1	1	0	0	0	1	1	1	2	1	1	1	0	0	1	0	0	1	0	1	0	0	1	1	0	2	0	0	1	1	0	2	1	1	2	2	0	2	0	0	0	1	0	0	1	0	0	1	0	0	0	0	0	0	1	0	0	1	0	0	0	0	0	1	1	1	1	0	0	1	0	0	0	0	0	1	1	1	0	0	1	0	0	0	0	0	0	1	1	0	0	2	1	0	0	0	0	0
0	0	0	0	0	0	0	0	1	0	1	0	0	0	0	1	0	1	0	0	1	0	0	0	0	1	1	0	0	0	0	0	1	0	2	1	0	0	0	0	0	0	1	0	0	0	0	0	0	0	0	0	0	1	0	1	0	0	0	0	0	1	0	0	0	0	0	0	0	0	0	0	0	1	0	0	0	0	0	0	1	0	0	0	0	0	0	1	0	0	0	1	0	1	0	2	0	0	0	1	1	0	0	2	0	0	0	0	0	0	0	0	0	1	0	0	0	1	0	0	1	0	0	0	1	0	0	0	0	0	1	0	0	0	0	1	0	0	0	1	0	0	1	1	2	2	2	0	0	1	0	0	0	0	0	0	0	1	1	0	0	0	0	0	1	0	0	0	0	1	0	0	0	0	0	0	0	0	1	0	1	1	0	0	2	0	2	1	0	1	0	2	0	0	2	1	2	2	1	2	0	2	4	5	6	2	5	4	5	2	0	1	0	2	0	1	0	0	0	0	2	0	1	1	0	0	1	2	2	0	0	0	0	1	1	1	0	3	0	0	4	1	2	2	1	3	1	6	6	9	4	13	0	21	19	30	4	6	1	2	5	1	6	7	17	7	12	13	44	17	11	11	0	1	9	3	5	1	3	1	3	11	1	8	17	4	5	8	43	12	3	6	11	1	11	11	3	1	3	0	5	0	2	0	2	1	0	1	4	3	0	5	1	2	2	2	3	1	2	1	1	0	2	2	4	4	6	4	5	4	8	1	4	1	3	2	1	2	2	2	2	1	0	0	1	3	1	1	3	2	2	2	1	0	2	1	1	1	3	1	1	1	1	2	0	2	2	1	2	0	2	2	1	1	2	0	1	2	0	2	5	1	2	1	2	2	1	0	1	1	3	0	1	0	1	0	1	2	1	0	0	0	2	0	1	0	1	0	2	0	1	1	1	1	1	1	2	1	1	0	0	0	1	0	2	1	0	0	1	1	0	1	0	0	0	1	1	1	0	0	0	1	0	0	1	0	0	0	1	0	1	1	1	0	1	1	1	1	1	1	2	2	1	0	0	0	0	0	0	0	1	1	0	1	0	2	1	0	1	0	0	0	0	0	0	0	0	1	1
0	0	0	0	0	0	0	0	0	0	1	0	0	0	1	1	0	0	0	0	0	0	0	0	1	0	0	1	0	0	0	2	0	1	0	1	1	1	0	0	0	1	0	1	0	2	1	0	1	1	1	0	0	0	0	0	0	0	0	0	0	0	1	0	2	0	0	1	0	0	0	0	0	0	0	0	0	0	0	0	0	0	0	1	0	0	0	0	0	0	0	1	0	1	0	1	0	0	0	0	0	0	0	1	0	0	0	0	0	0	0	1	0	0	0	0	0	0	0	0	0	1	0	1	0	1	1	0	0	0	0	0	0	1	0	0	0	0	0	0	0	2	2	1	0	2	0	0	1	1	1	0	0	0	0	0	0	1	0	0	0	1	0	1	0	0	0	1	0	1	0	0	0	1	0	0	0	1	0	0	2	0	0	3	1	0	2	1	0	2	5	0	3	3	1	5	2	2	1	1	3	3	8	12	1	5	8	7	0	3	1	0	1	1	0	0	0	0	0	0	1	1	0	1	0	0	0	1	0	1	1	0	1	0	1	1	2	2	3	0	2	4	0	5	3	7	2	5	10	8	10	14	21	0	252	56	0	3	3	0	2	4	7	4	5	10	33	26	20	8	5	5	5	5	4	0	0	0	2	4	4	8	5	8	15	2	9	5	12	8	2	8	15	5	5	8	1	3	6	1	5	1	1	2	3	3	1	3	1	4	1	0	3	6	7	0	0	4	4	4	3	3	1	2	6	6	6	10	7	5	10	6	6	2	1	2	1	1	1	2	1	0	3	1	2	1	0	1	1	2	0	0	1	0	0	0	5	3	0	2	1	1	1	1	1	0	0	2	4	4	1	1	0	0	2	1	1	2	1	0	5	0	1	1	6	0	0	0	1	2	2	0	0	1	0	1	1	0	0	0	1	0	2	1	0	0	1	0	0	1	0	1	2	3	1	0	1	2	0	1	1	1	1	0	2	0	1	0	2	2	1	0	0	0	0	2	1	0	1	0	0	0	0	0	1	1	1	0	0	1	0	0	2	1	0	0	2	0	2	1	0	0	0	0	1	0	0	0	0	0	0	0	0	0	0	0	1	0	2	1	0	0	0	0	0	0	0	0	0
0	0	0	0	0	0	0	0	0	0	0	0	0	0	0	2	0	1	0	0	0	0	0	0	1	1	0	0	0	0	0	1	0	0	0	0	0	1	0	1	1	0	0	0	0	0	0	0	1	0	0	0	1	0	0	1	0	0	0	2	1	0	0	0	0	1	0	0	0	0	2	0	0	1	0	0	0	0	0	0	0	0	0	1	1	0	1	0	1	0	0	0	0	0	0	0	0	1	1	0	0	0	0	1	0	0	0	1	0	0	0	0	1	1	0	0	0	0	0	0	0	0	0	0	1	0	0	0	0	0	0	0	0	0	0	0	1	0	1	0	1	0	0	2	0	1	0	1	0	0	1	0	0	1	0	0	0	1	0	1	0	0	0	0	0	0	0	0	1	1	0	1	1	0	0	0	0	0	1	1	0	1	0	1	1	2	0	2	0	1	3	4	0	2	2	0	3	2	5	1	4	3	7	13	5	5	9	5	3	2	3	2	0	0	0	0	2	1	1	2	2	0	1	1	0	0	0	2	0	1	2	0	0	1	0	3	3	3	1	3	4	3	1	2	2	3	3	4	5	4	6	10	19	252	0	98	6	3	0	2	2	8	2	6	9	14	14	27	21	14	3	4	4	4	4	4	3	1	2	3	7	7	2	6	4	2	1	8	13	2	3	2	10	5	5	16	7	2	5	3	1	4	1	0	0	2	0	1	3	1	2	1	0	2	0	3	1	0	2	1	4	3	5	1	6	5	13	7	6	8	11	5	4	2	1	1	0	3	2	3	1	2	1	0	1	1	1	0	1	1	0	1	0	0	1	1	1	3	1	2	3	2	0	3	1	0	0	0	0	2	0	4	2	4	1	0	1	4	2	4	4	2	0	2	1	1	0	0	0	3	1	1	2	1	0	0	2	0	2	1	1	2	0	1	2	1	0	0	0	0	0	1	0	0	0	0	1	1	2	0	0	1	1	1	1	0	3	0	2	0	0	0	1	2	0	0	0	1	0	0	1	0	0	0	0	1	0	0	0	0	0	0	1	2	1	0	0	1	3	2	2	1	1	3	1	1	0	1	0	0	0	0	0	0	0	2	0	0	0	1	0	0	1	0	1	1	0	0	0
0	0	0	0	0	0	0	1	0	0	1	0	0	0	0	0	0	1	0	0	0	0	0	0	0	2	0	2	1	0	0	0	0	0	0	0	0	1	1	0	0	0	0	0	0	0	0	0	0	1	0	1	0	0	0	0	0	0	1	2	0	0	0	1	1	0	0	0	0	0	0	0	1	0	0	0	0	0	1	0	0	0	1	0	1	0	0	0	2	0	0	0	0	0	1	1	0	1	1	1	1	0	0	0	0	0	0	0	0	2	0	0	0	0	0	1	0	0	0	0	0	0	0	0	0	1	0	0	0	0	0	3	0	0	1	0	0	0	1	1	0	0	0	0	1	1	2	1	0	1	0	0	1	0	0	0	0	1	1	0	0	0	1	0	0	0	0	0	0	0	0	0	0	0	0	0	0	0	1	1	0	0	0	1	2	0	0	1	2	3	1	3	0	1	0	1	2	2	1	3	4	3	9	2	1	3	2	2	2	0	6	1	1	1	0	0	0	0	0	1	1	0	0	1	1	0	1	0	0	0	0	2	0	1	0	3	4	2	0	2	0	0	2	1	5	4	6	2	1	3	4	8	30	56	98	0	2	2	4	4	8	2	6	5	11	12	12	18	58	17	20	16	9	8	12	7	1	4	1	0	3	6	2	8	4	3	3	7	17	1	6	6	32	8	15	10	6	2	2	4	0	1	0	1	1	0	2	5	0	3	5	6	5	4	2	2	0	2	1	0	0	4	5	2	5	12	2	6	6	3	11	3	3	1	0	2	0	1	0	3	2	0	0	1	0	1	4	1	2	1	0	1	1	2	1	1	2	2	0	2	2	1	2	0	0	1	1	2	0	3	2	2	2	1	2	4	1	4	3	1	3	1	2	1	1	0	1	2	0	1	0	0	1	0	1	1	1	1	0	0	1	0	0	0	1	3	0	0	0	0	0	1	0	1	1	1	2	1	4	2	4	1	0	0	0	1	0	1	1	0	1	0	0	1	1	0	0	0	1	0	0	0	1	0	1	0	1	0	1	1	1	1	1	0	0	0	1	1	1	2	1	2	0	0	1	1	0	1	0	1	1	0	0	0	0	1	1	1	0	0	1	0	0	0	1	1	1	0	0
0	0	0	0	0	0	0	0	0	0	1	0	0	0	0	0	0	0	1	0	0	0	0	1	0	0	0	0	0	0	0	0	0	1	0	0	0	1	0	0	0	0	0	0	0	0	1	0	0	0	0	0	1	0	0	1	1	0	0	0	0	0	0	0	0	0	0	0	1	0	0	0	0	0	0	0	0	0	0	1	0	1	0	0	0	0	0	0	1	0	0	0	0	2	0	0	0	1	1	0	0	0	2	0	0	0	0	0	0	1	0	1	0	0	0	0	0	0	0	0	0	1	0	0	1	0	0	0	0	0	0	1	0	0	0	0	0	0	0	0	0	1	0	0	1	1	0	1	0	0	1	0	0	0	0	1	1	0	0	0	1	1	0	0	1	0	1	0	1	0	0	0	0	0	0	0	0	0	0	0	0	0	0	0	0	0	0	1	2	1	0	1	0	0	0	0	0	1	0	2	1	1	2	0	1	1	2	1	2	2	3	1	0	1	0	0	0	0	0	0	1	1	2	0	1	1	1	2	1	0	1	0	1	0	1	1	1	0	0	4	1	0	1	1	0	1	0	1	3	1	1	3	4	0	6	2	0	18	23	8	45	17	10	24	15	7	5	2	10	12	12	21	8	17	35	55	46	16	7	6	1	3	1	5	4	4	3	1	4	5	9	4	9	37	30	6	9	4	2	3	2	2	5	2	3	5	4	10	15	6	5	11	8	7	7	2	1	3	0	1	0	2	4	3	4	9	5	3	1	2	2	0	1	2	0	2	2	0	0	1	1	0	0	0	0	0	0	1	0	1	2	2	4	1	1	2	2	1	2	3	3	2	2	0	0	0	1	1	0	1	0	1	0	1	2	0	1	1	1	1	0	1	0	1	3	1	1	2	3	2	0	3	1	1	3	0	1	1	1	0	0	0	1	0	0	1	2	1	0	0	2	0	0	1	1	2	3	1	1	2	1	0	0	0	1	0	4	1	3	0	1	0	0	0	0	0	0	0	1	0	1	2	1	2	0	0	0	0	1	1	1	1	1	0	1	0	2	0	0	1	4	0	1	0	0	0	0	0	1	0	0	0	0	0	0	1	1	0	2	0	0	0	0	0	0	0	1	0	0
0	0	0	0	0	0	0	1	0	0	0	0	0	0	1	0	0	0	0	0	1	0	0	0	0	1	0	0	0	0	1	1	0	1	1	1	1	0	0	0	0	0	0	0	0	0	0	1	0	0	0	0	0	1	0	0	0	0	0	0	0	0	0	1	0	0	0	1	0	0	1	0	0	0	0	1	0	1	0	0	0	1	0	0	0	0	1	0	0	0	0	0	0	0	0	1	1	0	0	0	0	0	0	0	0	0	0	0	1	0	0	0	0	0	1	0	0	0	0	1	0	0	0	0	0	0	0	0	0	0	0	0	0	0	0	0	0	0	0	0	1	0	0	0	0	0	0	0	0	3	0	1	1	0	0	1	0	1	0	0	1	0	0	0	0	0	0	1	1	1	0	0	0	1	0	0	0	0	0	1	0	0	0	0	0	0	0	1	1	0	0	1	0	0	1	0	0	1	2	1	1	0	1	1	0	0	2	0	0	1	0	1	0	1	0	0	0	0	0	0	0	0	1	0	1	0	1	0	0	0	0	1	0	1	0	0	1	0	0	0	0	0	0	0	1	1	0	0	1	1	2	1	6	3	3	2	18	0	74	26	20	10	2	2	8	3	2	2	4	3	10	7	7	16	6	16	29	12	3	5	3	0	4	3	2	1	1	1	4	2	2	1	2	2	6	1	3	1	4	2	1	0	1	2	5	4	8	12	15	11	4	8	2	1	2	0	0	1	2	1	3	4	7	1	0	3	1	2	3	2	1	2	0	0	0	0	0	1	0	0	0	0	1	1	0	0	0	0	0	0	0	1	3	2	0	3	1	4	1	2	4	0	1	0	1	1	1	1	0	1	2	2	0	2	3	0	0	1	0	1	0	2	0	1	0	0	0	1	1	0	0	2	2	1	2	3	0	2	1	1	0	1	2	1	0	1	0	2	0	1	1	0	0	1	2	1	2	0	3	0	0	0	1	1	1	0	1	0	0	3	0	1	1	0	1	0	0	0	0	1	0	0	0	0	2	0	1	3	2	1	1	0	1	2	0	0	0	0	3	0	0	1	4	0	0	1	0	0	1	0	3	0	1	0	1	0	2	1	1	0	0	0	1	0	0	0	2	0	1
0	0	0	0	0	0	0	0	0	0	1	1	1	1	0	0	0	0	0	2	0	0	0	0	2	0	0	0	0	0	0	0	1	0	0	1	0	0	0	1	0	0	0	0	0	0	0	0	0	0	0	0	0	1	0	0	0	1	0	0	1	0	0	0	0	0	0	0	0	0	0	0	0	0	0	0	1	1	0	0	0	0	0	0	0	0	0	0	0	0	0	0	0	0	0	0	0	0	0	0	0	1	0	0	0	0	0	0	0	0	0	0	0	0	0	0	0	0	0	1	0	0	0	0	0	0	0	0	0	0	0	0	0	0	0	0	0	0	0	0	0	1	0	0	0	0	0	1	0	0	0	2	0	0	0	0	0	0	0	0	1	2	0	0	0	0	0	0	1	0	0	0	0	0	0	0	0	0	0	0	0	0	0	0	0	2	1	2	0	2	0	0	0	1	0	1	0	1	0	0	0	1	0	2	0	0	0	1	0	0	1	1	0	0	0	0	0	1	0	0	1	0	0	0	0	0	0	0	0	0	0	0	0	1	2	0	0	0	1	0	0	2	0	1	1	1	0	0	1	2	1	0	1	3	0	4	23	74	0	22	28	4	7	4	3	4	1	2	6	2	1	1	2	10	5	8	32	27	9	4	6	1	0	5	1	2	2	1	3	3	5	6	1	11	4	4	6	2	1	1	3	2	3	2	2	7	8	12	7	9	16	7	7	3	3	2	1	1	2	4	1	2	5	0	0	3	0	0	0	2	3	0	2	1	0	0	1	1	1	0	0	0	0	1	0	1	1	0	0	3	3	4	5	1	1	2	1	2	4	5	0	1	1	0	2	1	0	1	2	2	1	1	3	2	1	1	1	1	1	1	0	1	1	1	1	0	2	0	1	0	1	2	3	2	2	0	0	0	3	2	0	2	3	1	2	0	1	1	1	0	0	0	1	1	4	1	0	1	1	0	1	1	1	1	0	1	0	2	0	0	0	0	0	0	0	0	1	1	1	1	0	1	2	1	1	0	0	0	0	0	0	2	2	1	0	1	1	0	1	0	1	0	0	1	1	1	1	1	0	0	3	1	1	1	3	1	0	0	1	0	0	1	0	1	0	0	1	1	0
0	0	0	0	0	0	0	0	0	0	0	0	0	0	0	0	0	0	0	0	1	1	0	0	0	0	0	1	0	0	1	0	0	0	0	0	0	0	0	0	0	0	0	0	0	0	0	0	0	1	0	0	0	0	1	1	0	0	0	0	0	0	0	0	1	0	0	0	0	0	0	0	0	0	0	0	0	0	1	0	0	0	1	1	1	0	0	0	1	0	0	1	0	0	1	0	0	0	0	0	0	1	0	0	0	0	0	0	0	1	0	0	1	0	0	0	0	0	0	1	1	0	0	0	0	0	0	0	0	0	0	0	0	0	0	0	0	0	0	0	0	0	0	2	0	0	1	0	1	1	0	1	1	0	0	0	0	0	0	0	0	0	2	0	0	0	0	0	0	0	0	0	0	0	0	0	0	0	0	1	0	0	0	0	0	1	2	1	0	1	0	1	0	0	1	1	0	0	0	1	0	1	0	0	0	0	0	0	3	0	0	0	0	0	0	1	1	0	0	0	0	0	0	0	2	0	1	1	1	0	0	0	1	0	0	0	2	1	0	0	0	1	0	1	0	1	0	0	0	2	0	0	2	0	2	4	8	26	22	0	9	8	4	3	7	1	1	4	4	3	2	6	4	6	5	6	4	7	7	4	1	3	2	1	1	2	0	0	1	3	2	0	2	7	2	1	3	1	4	0	3	3	4	3	4	10	7	20	25	11	26	9	5	0	1	2	0	1	0	0	4	4	3	0	3	4	2	1	1	1	0	0	3	0	1	0	0	0	0	0	0	1	1	0	0	1	1	0	0	0	1	3	3	0	2	2	3	2	0	0	1	1	0	1	1	0	0	1	1	2	0	1	1	1	1	0	1	0	1	1	1	0	1	0	0	3	0	0	1	5	2	0	2	2	3	0	2	1	1	1	1	1	2	0	0	0	0	1	3	0	0	3	2	2	0	0	1	2	2	0	0	0	1	1	0	2	0	0	1	0	2	3	1	1	0	1	0	0	0	0	0	1	1	1	0	0	2	2	2	0	2	1	1	1	0	2	1	0	2	2	2	1	1	1	0	0	1	0	1	2	1	0	1	0	0	1	1	0	0	1	2	1	0	0	0	0	0	0	1
0	0	0	0	0	0	0	0	1	0	0	0	0	0	0	0	1	0	1	0	0	0	0	0	1	0	0	0	0	0	0	0	0	0	1	0	0	0	0	0	0	0	0	0	1	0	0	0	0	0	0	0	0	0	1	0	1	0	0	0	0	0	0	0	0	0	1	0	0	0	0	1	0	0	0	0	0	0	0	0	0	0	0	0	0	0	1	1	0	0	0	0	0	0	1	0	1	0	0	1	2	2	0	0	0	0	0	0	1	0	0	0	1	0	0	1	0	0	1	0	0	0	0	0	0	0	0	0	0	1	0	0	0	0	0	0	0	0	0	0	0	0	0	0	1	2	0	0	0	0	1	1	0	0	0	1	0	1	0	1	0	0	0	0	0	2	0	0	0	0	0	1	0	0	0	0	1	0	0	1	1	0	1	0	0	0	0	0	1	1	1	2	0	0	1	0	1	0	1	1	0	0	2	2	1	0	0	0	0	1	2	0	0	1	0	0	1	0	0	0	0	0	0	0	0	0	0	0	0	0	2	0	1	0	1	0	0	1	0	1	0	1	0	2	0	3	1	0	0	1	1	2	5	2	2	8	45	20	28	9	0	9	11	19	6	5	3	7	0	4	5	7	4	18	27	22	17	14	2	5	7	1	1	4	1	2	3	1	5	2	4	7	3	34	12	6	9	0	6	1	9	3	4	2	5	9	8	18	51	15	24	10	13	6	2	0	0	0	2	2	5	1	5	2	7	8	5	3	2	1	1	3	3	1	0	1	1	1	0	2	0	0	0	0	1	2	1	2	1	3	0	5	5	2	2	1	2	5	1	3	1	0	1	0	1	0	0	0	1	2	4	1	3	1	1	1	0	3	0	1	4	2	4	3	1	1	0	2	0	1	1	0	4	4	3	4	2	0	1	0	1	0	1	1	2	1	2	1	0	1	2	2	0	1	2	1	0	1	1	1	1	2	1	0	0	0	0	2	2	1	0	0	0	1	0	1	0	1	0	0	0	1	0	0	0	0	0	1	3	0	2	1	1	1	0	0	0	1	2	1	2	4	0	1	0	0	2	0	1	0	0	1	1	2	0	0	0	0	2	0	0	0	1	0	0	1	2	0	0
0	0	0	0	0	0	0	0	0	0	0	0	0	1	0	0	1	0	0	0	0	0	1	1	0	1	0	0	0	0	2	0	0	0	0	0	0	0	0	1	0	0	0	1	1	0	0	0	0	1	0	0	0	0	0	0	0	0	0	0	1	1	1	0	0	0	1	0	0	0	0	0	0	1	0	0	0	0	0	0	1	0	0	0	0	0	0	0	1	0	0	0	0	0	0	2	1	0	0	0	0	0	0	0	1	0	0	1	0	1	0	0	1	1	0	2	0	0	0	0	0	0	0	1	0	0	0	0	0	0	0	0	0	0	0	0	0	0	0	0	0	1	0	1	0	0	0	0	0	0	0	0	0	0	2	0	0	0	0	0	0	0	1	0	0	0	0	0	0	1	0	2	0	0	0	0	1	1	0	0	1	0	2	1	1	1	0	1	1	1	1	1	0	3	0	3	2	0	3	1	1	2	3	1	1	1	0	2	1	1	0	0	0	0	0	0	0	0	1	1	0	1	0	1	0	0	0	1	0	0	1	0	1	0	1	1	0	1	3	0	1	0	1	3	4	1	2	0	3	1	2	1	1	4	8	2	17	10	4	8	9	0	60	80	26	8	2	8	7	3	4	9	3	9	7	16	13	23	21	36	10	6	1	4	1	1	2	3	4	7	7	19	11	25	14	12	7	3	1	1	1	4	5	2	4	6	4	4	7	3	3	8	22	12	5	3	7	2	5	4	2	2	16	5	7	7	5	3	5	1	2	2	1	1	0	2	2	0	0	1	1	0	0	2	0	1	1	0	4	2	0	4	6	1	1	6	6	2	4	10	4	1	2	4	2	2	1	2	2	2	2	4	2	1	0	1	2	5	3	2	1	1	0	0	0	0	0	2	0	1	2	3	1	4	2	1	2	2	1	2	0	2	1	0	4	0	2	1	1	1	3	2	1	1	1	4	4	3	2	1	1	0	0	0	1	1	0	2	2	1	2	0	1	0	0	0	1	2	0	0	1	1	0	2	1	0	1	2	1	0	0	1	0	3	0	1	0	0	2	3	4	4	2	0	1	2	0	0	0	0	0	0	2	2	1	2	3	0	1	0	0	1	0	2	2	0	0	1	0
0	0	0	0	0	0	0	0	0	0	0	0	0	0	0	0	1	1	0	0	0	0	0	0	0	0	0	0	0	0	1	0	0	1	0	0	0	0	0	0	0	0	0	0	0	0	0	0	1	1	0	0	0	0	1	0	0	0	0	0	0	1	0	0	0	0	0	0	0	0	0	0	0	1	0	0	0	0	0	0	0	0	1	0	0	0	0	0	0	1	0	0	0	0	0	1	2	1	0	0	0	1	0	0	0	0	0	0	0	0	1	0	0	0	0	0	0	0	0	0	0	0	1	2	0	0	0	0	0	2	0	1	1	0	0	0	1	0	1	0	0	1	1	0	0	0	1	0	2	1	1	0	0	0	1	0	0	0	1	0	0	0	1	0	1	0	0	0	0	0	0	1	0	0	0	0	0	0	1	0	0	0	0	0	0	2	0	0	0	1	0	2	0	3	1	0	1	3	0	1	2	2	4	3	1	2	3	1	1	1	1	1	0	0	1	1	0	0	2	1	0	0	0	1	0	0	1	0	0	0	0	1	2	0	1	1	1	0	1	2	1	1	1	0	1	1	0	1	1	1	6	1	6	7	2	6	10	2	7	4	11	60	0	1398	144	32	7	10	12	3	5	7	3	6	8	10	12	13	6	14	29	5	4	4	3	7	3	3	13	15	35	47	20	32	26	18	3	1	1	5	6	2	0	3	4	1	4	2	1	3	7	8	8	10	6	5	2	3	3	3	5	7	18	4	13	15	6	4	2	5	5	3	2	1	2	0	1	0	2	3	0	0	1	0	0	0	6	3	6	4	3	5	5	1	1	5	3	7	4	2	1	2	2	0	2	0	1	2	4	5	3	1	0	0	3	1	4	2	1	2	0	4	1	1	1	2	0	1	0	2	2	1	2	2	1	1	0	1	1	2	1	0	1	0	4	0	4	0	2	1	1	1	0	3	0	2	1	1	0	1	0	1	1	0	1	1	1	2	1	0	2	2	1	0	0	2	0	1	0	0	0	0	2	2	0	0	2	0	0	1	4	1	1	0	4	1	1	1	3	0	1	2	1	0	1	0	0	0	0	1	0	2	1	1	1	0	0	1	0	2	0	0	0	1	0	3	1	1	1
0	0	0	0	0	0	0	0	0	1	0	0	0	0	1	3	0	0	0	0	2	0	1	0	0	0	1	0	1	0	1	0	0	0	0	0	1	0	1	1	1	0	0	1	0	0	0	0	0	0	0	1	0	0	0	0	0	0	1	0	0	0	0	0	0	2	0	0	0	0	0	0	0	0	0	0	0	0	0	0	0	0	0	0	0	0	0	0	1	0	0	0	0	0	1	2	0	1	0	0	1	1	0	0	0	0	0	0	1	0	0	0	0	0	0	2	0	1	0	0	0	0	0	0	0	0	0	0	0	0	1	0	0	1	0	0	0	0	0	0	1	0	0	0	1	0	0	1	0	0	0	0	1	0	0	0	0	0	1	0	2	0	0	0	0	0	1	0	0	0	0	0	0	0	0	0	0	0	0	1	0	1	1	0	2	1	0	1	0	0	0	0	1	0	1	0	1	1	1	1	1	1	3	0	1	2	0	3	1	2	2	0	0	0	0	1	1	0	0	1	0	0	1	0	0	0	0	0	0	0	2	1	1	1	0	2	1	0	0	1	1	3	1	0	2	1	0	0	1	1	1	2	7	4	6	5	24	2	4	3	19	80	1398	0	133	17	5	14	15	8	7	10	5	5	11	12	15	16	7	15	12	5	2	2	0	5	4	9	9	18	31	30	20	55	37	17	2	5	3	1	6	2	5	1	3	3	3	3	6	1	6	6	8	16	7	2	1	3	3	5	3	1	11	7	4	18	7	7	3	7	4	1	0	2	3	0	1	1	0	2	0	0	0	0	2	0	3	1	1	2	2	4	3	2	1	6	3	4	5	4	1	3	1	0	3	1	1	1	6	0	2	5	8	1	0	2	1	1	4	3	0	4	1	1	2	1	2	0	0	1	0	1	2	3	1	2	1	4	3	3	1	0	0	2	1	1	0	1	0	3	2	0	1	5	0	1	3	2	2	0	0	1	1	3	0	1	4	1	1	0	4	0	0	0	0	0	1	3	1	0	0	0	0	0	0	0	1	0	1	0	0	0	1	3	0	0	1	3	0	3	2	4	2	2	2	0	0	1	0	1	0	0	0	1	0	0	2	0	2	0	0	0	2	0	1	0	0	0	1
0	0	0	0	0	0	0	0	0	0	0	0	0	1	0	0	0	0	0	0	0	0	1	0	0	0	0	0	0	0	0	0	1	0	0	0	1	1	0	0	0	0	0	0	0	0	0	0	0	1	0	0	0	0	0	0	0	0	0	0	0	0	0	0	0	0	0	1	0	0	2	0	0	1	0	0	1	0	0	0	1	1	0	0	0	0	0	0	0	0	1	0	0	0	0	0	0	0	0	1	0	0	2	0	0	0	1	0	0	1	0	0	0	0	0	0	1	0	0	0	0	0	0	0	0	0	0	0	0	0	0	2	0	0	0	0	0	0	0	0	0	0	1	0	1	0	1	0	0	1	1	0	1	1	0	0	1	0	0	0	0	0	0	0	0	0	0	0	0	1	0	0	1	0	0	0	0	0	0	1	0	1	1	0	0	0	0	0	0	0	3	0	0	1	3	0	0	2	3	1	2	0	5	5	3	0	0	1	3	0	2	2	0	2	0	1	0	0	2	0	2	0	0	2	1	0	2	0	0	0	0	3	0	2	0	1	1	0	3	0	2	0	0	1	1	4	3	4	4	2	3	3	17	5	9	11	15	8	3	7	6	26	144	133	0	38	10	17	15	13	4	9	6	5	7	8	13	7	6	8	20	4	1	4	8	0	10	9	17	16	41	75	54	43	57	38	10	1	5	4	1	1	1	4	7	3	2	3	10	2	4	6	7	6	5	5	3	4	2	3	6	4	7	7	15	22	11	8	2	6	6	2	1	1	2	1	1	1	2	1	0	0	2	2	2	1	4	0	0	2	2	2	4	1	2	4	4	3	2	4	2	3	0	1	2	1	0	3	3	1	2	3	3	4	2	2	2	2	0	5	5	4	2	2	1	0	1	1	4	2	2	1	3	1	1	0	0	1	0	1	0	0	1	0	1	0	1	1	1	1	2	0	2	0	5	3	4	1	2	1	1	1	2	1	2	1	0	3	2	0	2	1	2	0	1	0	0	0	1	0	0	0	0	0	0	2	0	1	1	0	1	0	0	2	1	0	1	2	1	3	1	1	2	1	1	0	0	1	0	0	0	0	0	2	1	0	4	0	0	2	1	0	1	0	0	0	1	0	0
0	0	0	0	0	0	0	0	0	2	0	0	0	1	0	0	0	0	0	0	0	1	1	1	0	0	0	0	0	0	1	0	2	0	0	0	0	0	0	0	0	0	0	0	0	0	0	0	1	0	0	1	0	0	0	0	0	0	0	0	1	0	0	0	0	0	0	0	0	0	0	0	0	0	0	0	0	0	0	0	0	0	0	0	0	1	0	0	1	0	0	0	0	0	1	0	0	0	0	0	0	0	1	0	1	0	0	0	0	2	0	1	0	0	0	0	0	0	1	0	0	0	0	1	0	0	0	0	1	0	0	0	0	0	0	1	0	0	0	0	1	0	2	1	0	0	1	0	1	0	1	0	0	0	1	0	0	2	0	1	0	0	0	1	2	0	0	1	0	1	0	0	0	0	0	0	1	0	0	0	0	1	1	0	0	1	2	0	0	0	1	2	2	1	2	2	4	2	2	5	2	2	8	13	1	0	4	3	0	2	2	1	1	0	0	1	0	0	0	0	0	0	1	0	0	0	0	0	0	0	0	0	0	0	3	1	0	1	2	0	1	0	0	0	2	3	4	3	1	5	2	3	7	10	14	12	7	3	4	1	5	8	32	17	38	0	25	27	11	4	5	7	4	2	9	4	6	3	3	6	36	4	4	8	11	6	14	47	24	17	32	80	26	8	6	27	3	2	3	1	1	3	1	4	5	4	0	4	2	3	3	6	3	4	7	7	4	4	1	4	3	2	8	12	11	13	13	24	2	4	9	4	4	1	2	3	1	2	1	1	3	2	1	0	1	1	3	2	0	3	2	1	3	1	1	5	7	4	1	8	6	2	1	1	0	2	2	1	3	5	2	3	5	2	3	5	2	2	3	2	5	4	5	4	2	2	2	1	0	1	1	1	2	3	2	2	2	1	1	2	1	1	0	0	0	0	0	1	0	0	0	1	1	1	1	1	1	2	0	2	1	0	1	0	1	1	3	1	1	0	0	0	1	2	0	0	0	0	0	0	1	0	1	0	2	0	3	1	0	1	2	2	1	1	0	1	0	1	2	3	3	1	3	0	3	1	1	1	0	1	0	0	1	0	0	1	1	0	1	0	1	0	0	0	1	1	1	0	0
0	0	0	0	0	0	0	0	0	1	0	0	0	0	0	0	0	0	1	0	0	0	0	0	0	1	0	0	0	0	0	0	0	0	0	0	0	0	0	2	1	1	0	0	0	0	0	0	0	0	1	1	0	0	0	0	0	0	1	0	0	1	0	0	0	0	0	0	0	0	0	0	0	0	0	0	0	2	0	0	0	0	0	0	0	0	0	0	1	0	0	0	1	1	0	0	1	0	0	0	0	1	1	0	0	0	0	0	1	0	0	0	0	0	0	0	1	0	0	0	0	0	0	0	0	0	0	0	0	0	0	1	0	0	0	0	1	0	2	0	2	1	0	0	0	1	0	2	2	1	0	1	0	2	0	0	0	0	0	1	0	0	0	1	0	0	0	0	1	0	0	0	0	0	0	0	0	1	2	1	2	0	0	0	0	1	1	2	0	2	2	1	4	3	2	5	4	6	8	5	6	12	15	25	2	4	8	5	5	3	2	0	1	0	0	0	1	2	1	0	0	0	1	0	1	1	1	2	3	0	0	0	1	0	2	0	2	1	2	0	3	2	1	3	5	1	3	0	3	6	3	9	12	33	14	12	5	2	1	1	3	2	7	5	10	25	0	32	14	2	3	6	3	3	3	2	2	2	3	2	11	34	8	13	61	17	19	28	13	6	9	10	18	6	8	14	4	0	6	2	1	1	1	0	1	2	0	4	3	1	1	1	1	5	5	7	3	4	1	6	2	3	5	4	5	5	12	16	8	8	29	9	3	4	2	0	2	3	2	1	1	2	2	4	2	2	2	3	0	1	0	1	1	0	5	2	1	5	1	1	2	1	4	0	1	0	4	2	1	5	4	4	4	1	3	7	1	4	2	3	6	3	1	0	3	0	0	1	1	1	1	0	1	2	2	0	1	0	0	0	0	0	0	1	1	1	3	0	1	1	4	0	0	1	2	1	3	0	0	1	0	0	0	5	0	3	2	3	1	1	0	0	1	1	1	0	0	0	0	0	0	1	0	0	0	1	1	0	0	0	1	1	0	0	2	1	1	2	2	1	1	1	0	1	1	0	0	3	0	0	1	1	1	1	0	0	1	2	0	0	0	1	1	0	0	0	1	0	0
0	0	0	0	0	0	0	0	0	0	0	0	0	0	0	0	0	0	0	0	0	0	0	0	1	1	0	0	0	0	0	0	0	0	0	1	0	0	0	0	0	0	0	1	0	0	0	0	0	0	0	1	0	0	0	0	0	0	0	0	0	0	1	0	0	0	0	1	1	0	0	0	0	0	0	0	0	0	1	1	0	0	1	0	0	0	0	1	1	0	0	0	0	1	0	0	0	0	1	1	1	1	1	1	0	1	2	0	0	1	0	0	0	0	0	0	0	0	0	0	0	0	1	0	0	0	0	0	0	0	0	0	1	0	0	0	0	0	1	0	0	0	0	0	1	1	2	0	0	0	0	0	1	1	0	1	2	0	0	1	0	0	0	0	0	0	0	1	0	0	0	0	0	1	0	0	0	2	1	1	0	0	0	1	2	2	1	0	3	1	1	1	0	1	0	1	2	3	2	1	2	5	9	7	3	2	3	5	3	3	1	0	1	0	0	0	2	0	0	1	0	0	1	0	1	0	1	0	1	0	1	1	2	1	0	4	2	2	2	0	0	3	0	1	0	3	2	4	6	6	5	11	13	26	27	18	2	2	2	4	7	8	10	14	17	27	32	0	20	8	2	6	3	5	2	4	4	3	1	1	4	12	3	8	9	4	12	7	17	5	6	25	43	14	11	73	5	3	3	2	5	2	1	1	1	3	2	2	4	5	0	3	5	2	6	6	5	3	5	2	2	7	6	11	15	12	29	33	11	17	27	12	4	1	4	2	3	0	1	2	0	3	0	1	1	2	1	0	1	1	2	1	1	0	1	3	1	4	3	2	1	3	0	1	1	0	3	1	4	1	2	3	3	1	2	2	6	3	2	1	3	5	1	7	3	1	2	2	1	1	2	2	1	2	1	1	0	2	0	0	0	0	2	2	2	0	0	1	0	0	1	0	4	1	2	2	0	0	2	0	2	1	2	1	0	1	3	1	4	3	2	0	0	0	1	0	0	0	1	0	0	0	3	0	1	1	1	0	0	1	2	1	0	2	0	1	2	0	1	3	0	3	1	2	3	1	1	0	2	1	0	0	0	2	3	0	0	0	2	0	0	0	0	0	0	0	1	0	0
0	0	0	0	0	0	0	0	0	0	0	1	0	1	0	1	1	0	0	0	1	0	1	0	0	0	1	0	0	0	0	0	1	0	1	0	0	0	0	0	0	0	0	0	0	0	0	1	0	0	0	0	0	0	1	0	1	1	0	0	1	1	0	1	0	0	0	0	0	0	0	0	0	0	0	0	0	1	0	0	1	0	0	1	0	1	0	0	0	0	0	1	0	0	0	1	0	0	0	1	0	1	0	0	0	0	0	1	0	0	0	0	0	0	0	0	0	0	1	0	0	0	0	0	0	0	0	0	0	0	1	0	0	0	0	0	0	0	0	0	0	1	4	0	0	1	0	1	1	2	2	0	1	0	0	0	0	0	0	1	0	0	1	0	0	0	0	1	0	0	0	0	0	0	0	0	1	1	0	0	0	1	0	0	0	0	2	0	2	1	1	2	2	0	4	0	0	0	1	0	1	6	2	6	2	2	5	1	2	0	3	3	0	2	0	0	0	1	0	0	1	0	0	0	0	0	0	0	0	0	0	1	0	0	0	2	3	0	2	2	1	1	0	0	0	2	0	3	5	1	4	5	44	20	21	58	10	4	6	4	0	7	12	15	15	11	14	20	0	32	15	17	9	10	14	10	5	4	8	4	4	3	3	8	8	8	3	10	30	5	3	10	48	10	26	23	10	1	0	3	4	1	1	2	0	3	1	4	1	3	6	1	4	4	1	2	3	1	0	1	2	2	8	3	6	7	7	2	3	4	6	0	4	1	2	1	1	2	0	0	0	1	2	0	0	0	1	2	0	0	0	1	1	1	0	0	0	1	3	1	1	1	1	0	1	3	2	2	3	4	4	2	3	1	1	3	1	6	1	1	0	1	2	0	1	0	4	1	4	2	1	0	2	2	0	0	0	2	0	4	0	1	0	1	1	2	1	0	0	0	0	2	1	1	0	0	2	3	2	0	1	0	1	1	0	0	1	1	2	0	0	0	0	2	0	0	0	0	0	1	0	2	0	1	1	0	2	2	1	0	1	0	3	1	1	1	1	3	1	1	0	3	1	3	0	0	0	0	1	0	1	0	0	0	0	0	0	0	0	0	0	0	0	0	1	2	1	0	0
0	0	0	0	0	0	0	0	0	1	0	0	0	0	0	1	1	0	1	0	0	2	0	0	1	0	1	1	0	0	0	0	0	1	0	0	0	0	1	0	0	0	0	0	0	0	0	0	0	0	0	0	0	0	0	0	0	0	0	1	0	0	0	0	0	0	0	0	0	1	0	0	0	0	0	0	0	1	1	0	0	0	0	0	0	0	1	0	0	0	0	0	0	0	0	0	0	0	0	0	1	0	0	0	0	0	1	0	0	0	0	1	0	0	0	0	0	0	1	0	0	0	0	1	0	0	0	0	0	0	0	0	0	0	0	0	0	0	0	1	0	0	0	0	0	0	1	0	0	1	1	0	0	0	0	1	1	1	0	1	2	2	0	0	1	0	0	0	0	0	0	0	0	0	0	0	0	1	3	0	1	2	0	0	0	1	0	1	1	1	3	2	1	4	2	0	1	3	0	0	1	0	0	2	4	2	2	3	2	0	1	0	3	1	0	1	0	0	0	0	0	1	1	0	0	0	1	1	0	2	0	0	0	1	0	2	1	2	2	0	2	1	2	1	2	7	1	3	2	3	3	5	17	8	14	17	12	3	2	3	4	3	3	8	13	4	2	8	32	0	57	45	11	9	7	12	1	3	3	1	3	2	3	5	1	2	3	0	10	0	2	8	7	4	5	4	6	4	0	1	1	1	0	2	2	1	0	1	1	3	3	1	1	2	1	3	0	2	2	1	1	1	4	2	1	4	0	2	5	2	3	4	3	0	0	0	1	1	0	0	0	1	0	0	0	0	0	1	0	1	1	1	2	1	1	1	1	0	2	3	2	0	0	1	0	1	2	1	2	3	3	2	1	2	1	0	0	2	1	0	2	1	1	2	0	0	3	1	1	1	0	1	2	2	1	0	0	0	0	0	2	0	0	1	1	0	1	0	1	1	1	2	1	1	1	1	0	1	1	1	1	2	0	0	1	0	0	1	0	0	1	0	0	1	1	2	0	0	1	0	0	0	0	0	1	0	1	0	1	2	0	0	1	2	1	1	0	0	1	2	0	2	1	1	1	0	0	0	0	0	0	1	2	1	0	1	0	1	0	0	0	0	0	1	0	0	0	0	1
0	0	0	0	0	0	0	1	0	0	0	0	0	0	0	0	0	0	0	0	0	1	0	1	1	1	0	0	0	1	0	0	0	0	1	0	1	0	0	1	0	1	0	0	0	0	0	0	0	0	0	0	0	0	0	2	0	0	0	1	0	0	1	1	0	0	0	0	1	0	0	0	0	0	0	1	0	0	0	0	1	0	0	0	1	0	1	0	0	0	0	0	0	0	0	0	1	0	1	0	0	1	0	0	0	0	0	0	0	0	1	1	0	0	1	0	0	1	0	0	0	0	1	0	0	1	0	0	0	0	0	0	0	1	1	0	0	0	0	1	0	0	0	0	0	1	0	0	0	0	0	0	1	0	0	0	0	0	0	0	0	0	2	0	1	0	0	0	1	0	0	0	0	0	0	0	0	1	0	0	1	0	1	1	1	0	0	0	2	2	0	0	0	0	1	1	3	2	1	1	1	1	2	2	2	2	2	1	1	1	4	0	2	0	0	1	0	0	0	1	0	0	0	0	0	0	0	0	0	0	0	3	0	0	1	2	1	0	0	1	2	0	0	0	5	1	4	1	0	2	5	5	11	5	3	20	12	10	1	2	5	4	5	7	4	5	3	2	15	57	0	48	67	29	12	16	5	7	1	3	4	4	2	2	4	3	1	0	7	4	1	6	7	11	10	4	4	1	5	2	1	2	0	0	3	5	2	8	6	4	1	2	1	1	3	1	2	1	3	3	1	1	3	3	0	2	4	3	3	3	3	4	0	0	1	2	1	0	0	0	0	2	2	1	1	0	2	1	0	0	2	1	1	0	0	0	1	0	2	0	0	1	2	2	2	2	1	1	1	2	1	0	0	2	1	0	1	0	2	3	2	1	0	0	1	0	1	0	0	0	0	1	1	2	1	1	2	1	0	0	1	0	0	1	2	0	1	1	1	1	2	1	0	1	1	1	0	0	1	0	1	0	0	2	1	0	2	1	0	0	0	0	0	0	0	1	1	0	0	0	0	0	0	0	0	1	0	1	1	1	3	0	0	0	0	0	1	1	1	3	1	1	0	1	1	1	0	2	0	2	0	1	2	0	0	1	0	1	0	0	0	0	0	0	0	0	0	0	0
0	0	0	0	0	0	0	0	0	0	1	1	0	0	0	0	2	0	0	0	1	1	0	1	0	0	0	0	1	0	0	0	0	1	0	0	0	0	0	1	0	0	0	0	0	0	0	0	0	0	1	0	0	0	0	2	0	0	0	0	0	0	0	0	0	0	0	0	0	0	0	0	0	0	0	0	0	0	0	0	1	1	0	0	0	0	0	0	0	0	1	0	0	1	0	1	0	0	0	2	0	0	0	0	0	0	0	0	0	0	0	0	0	0	0	0	1	0	0	0	0	0	0	0	0	0	0	0	0	0	0	0	1	0	0	1	0	0	0	0	0	1	0	0	2	1	0	0	0	0	0	0	0	0	1	1	0	0	0	0	2	0	0	0	0	0	1	0	0	0	2	0	1	0	0	0	0	1	0	0	1	2	2	0	2	1	0	0	3	0	1	0	0	0	1	1	1	2	1	1	2	1	4	2	1	1	1	3	0	1	0	1	2	2	0	0	0	0	1	0	0	0	0	0	1	1	1	0	1	1	1	1	1	1	0	1	0	0	2	2	2	0	2	2	1	4	0	4	1	2	1	5	11	5	4	16	21	7	1	6	7	9	7	10	9	7	6	6	17	45	48	0	20	37	19	34	6	6	2	1	5	1	1	0	7	2	4	2	9	3	4	3	7	10	19	2	4	2	1	1	1	4	0	0	3	2	1	5	6	6	4	4	1	4	1	1	0	0	0	0	2	1	1	0	2	4	3	0	1	4	3	1	0	0	0	0	0	0	0	3	1	1	1	0	0	2	1	0	0	2	0	1	1	0	0	1	3	1	0	2	1	0	1	0	0	3	1	0	1	0	0	0	2	1	0	4	0	0	1	0	0	2	0	2	0	2	0	0	0	0	1	0	1	1	1	0	1	3	0	0	1	1	0	0	0	0	0	1	3	0	0	2	0	0	2	3	0	0	2	1	0	0	0	1	0	1	0	0	1	0	0	1	0	1	0	0	0	0	0	0	0	0	0	0	0	0	1	0	1	1	0	0	0	0	2	1	0	3	2	2	0	1	1	1	0	0	1	2	0	0	0	1	0	0	0	0	2	0	2	0	0	0	0	1	0	0	0	0	1
0	0	0	0	0	0	0	0	0	0	0	0	1	0	0	0	0	1	0	1	0	1	2	1	0	0	0	0	0	3	0	1	0	0	0	0	1	0	0	0	0	0	0	0	0	0	0	0	0	0	0	0	0	0	0	0	0	0	0	0	0	0	0	0	0	0	0	0	2	0	0	0	0	0	1	1	0	0	1	0	0	1	0	0	0	0	0	0	0	0	0	0	0	0	0	0	0	0	0	3	0	1	0	0	0	0	1	1	0	1	0	0	0	1	0	0	0	1	0	0	0	1	0	0	0	0	0	0	0	0	0	1	0	0	1	0	0	0	0	0	0	1	1	1	1	1	0	0	1	0	0	0	0	0	0	0	0	0	0	0	0	0	0	1	0	0	0	0	1	0	0	0	1	0	0	0	0	0	0	0	0	0	1	0	1	2	0	0	0	0	2	0	1	0	1	2	1	0	2	0	1	1	1	0	1	1	2	2	3	0	1	2	0	2	1	0	2	0	2	0	1	0	0	0	0	1	0	1	1	0	0	1	1	0	0	1	0	0	2	3	2	0	0	0	1	2	3	2	3	2	1	1	0	5	4	9	8	7	2	4	4	3	3	5	6	4	3	3	9	11	67	20	0	85	11	14	4	2	3	3	4	1	0	1	3	2	1	3	6	3	3	3	8	4	7	5	7	2	1	2	0	3	1	0	1	2	2	3	5	7	6	6	3	1	0	0	1	3	0	1	4	1	3	4	5	2	2	1	2	1	0	1	1	0	1	0	0	1	0	1	3	2	0	0	1	0	0	0	1	0	2	0	2	1	2	2	0	0	0	1	3	2	0	0	0	1	0	0	1	2	1	0	1	0	0	0	0	0	0	1	1	0	1	2	1	0	1	0	1	2	0	1	0	0	0	0	0	1	0	2	0	0	0	0	1	2	0	2	1	0	0	0	3	0	0	2	2	0	2	0	2	1	0	0	0	0	1	0	1	2	1	0	1	0	1	0	0	0	1	0	0	1	2	1	1	1	2	1	3	0	0	1	0	0	0	0	0	0	1	1	2	0	1	2	1	3	0	0	0	1	0	0	0	1	1	0	0	1	0	1	0	2	1	0	0	0	0	0	0
0	0	0	0	0	0	0	0	2	0	0	1	0	1	0	0	0	1	0	0	0	0	0	0	1	0	2	0	0	2	0	0	0	0	0	0	0	0	0	0	0	0	0	0	0	0	2	0	0	0	0	0	0	0	0	0	0	0	1	0	1	0	0	0	0	0	0	0	0	0	0	0	0	0	0	1	0	0	1	0	0	0	1	0	0	0	1	0	0	0	0	0	0	0	2	0	1	0	0	0	0	0	0	0	0	0	0	0	0	0	0	1	0	1	0	0	1	0	0	0	1	0	0	0	0	0	0	0	0	0	0	0	0	0	0	1	0	0	0	0	0	0	0	1	0	0	1	1	0	1	0	0	0	0	0	0	2	0	0	0	0	0	0	0	0	1	0	0	0	0	1	0	0	0	0	0	0	0	0	0	1	0	1	4	0	0	0	1	2	2	0	0	0	0	0	1	0	2	0	1	0	1	0	1	2	1	2	1	0	2	2	0	0	0	1	2	0	0	1	0	0	0	0	0	0	0	0	0	0	0	1	0	0	1	0	1	0	1	0	1	1	1	4	1	1	3	1	2	2	3	3	3	1	5	4	8	17	16	10	6	18	9	6	5	5	2	3	5	10	9	29	37	85	0	22	35	9	5	5	1	2	1	2	2	1	1	3	0	8	5	4	2	5	10	7	5	3	2	1	2	3	3	1	3	4	3	2	7	10	6	6	2	0	2	2	1	1	2	0	3	1	2	1	2	1	4	3	5	1	1	1	3	3	1	1	0	1	0	2	1	1	1	2	1	0	0	1	0	0	0	1	0	2	0	1	2	1	0	2	3	1	0	0	1	0	1	0	2	1	0	1	0	0	1	1	0	0	0	0	2	2	2	0	1	0	0	1	0	0	0	1	0	1	1	1	0	0	2	0	1	0	1	0	1	2	1	0	0	0	2	0	2	0	1	1	1	1	0	1	1	0	0	0	1	0	1	0	0	0	0	2	0	0	1	0	1	0	0	1	1	1	0	0	0	0	0	0	0	1	3	0	3	1	0	0	0	0	0	0	1	1	2	1	0	0	0	1	0	1	1	1	0	1	0	1	0	0	0	2	1	0	0	0	1	0	0	1	0	0
0	0	0	0	0	0	0	0	0	0	0	0	1	0	0	0	0	0	0	1	0	0	0	1	1	0	0	0	0	0	0	2	0	0	0	0	0	0	0	0	0	1	0	0	0	0	0	0	0	0	1	0	1	0	0	0	0	0	0	0	0	2	0	0	0	0	0	0	0	0	0	0	0	0	0	0	0	0	0	0	0	0	1	0	0	1	0	0	0	0	0	0	0	0	2	1	1	0	0	2	0	0	0	0	0	0	1	0	0	0	0	1	0	0	0	0	0	0	0	0	0	0	0	0	0	0	0	0	0	0	0	0	0	0	1	1	0	0	0	0	0	0	0	0	1	0	1	0	0	0	0	0	0	0	0	0	0	1	0	0	0	0	1	1	1	0	0	0	0	0	0	0	0	0	0	0	0	0	0	1	2	0	0	0	2	4	1	1	2	0	3	0	1	0	0	1	3	1	0	1	0	1	0	4	0	0	0	0	2	1	3	1	0	1	1	0	0	0	0	0	0	1	1	0	2	0	1	0	0	2	0	0	0	0	2	1	1	1	1	0	0	2	0	2	2	1	3	1	1	2	1	1	9	4	4	12	35	6	5	5	27	7	8	11	7	9	3	2	14	7	12	19	11	22	0	16	7	3	4	6	3	5	0	1	0	1	5	2	7	5	5	7	19	28	53	10	15	5	3	8	3	2	1	3	3	4	0	12	13	10	3	3	7	6	1	4	1	3	2	2	1	2	7	1	5	14	4	2	6	3	3	0	0	1	6	1	3	1	1	0	0	1	1	1	0	0	1	2	2	6	1	2	2	2	0	3	0	2	2	2	2	0	1	0	1	3	0	3	4	1	1	2	1	3	0	0	0	1	1	2	3	1	1	3	1	2	0	1	1	0	0	3	0	5	4	2	1	1	2	3	1	0	0	1	1	0	1	0	0	0	0	2	1	2	0	0	1	2	0	1	0	1	1	0	2	1	1	0	0	0	0	0	1	0	1	0	0	1	2	1	0	0	0	0	1	1	2	0	1	0	2	0	1	1	0	2	2	2	0	1	0	1	2	0	1	0	2	0	0	1	0	0	1	0	0	0	1	0	1	0	0	1	1	0	1	2	0	2	0
0	0	0	0	0	0	0	0	1	0	0	0	1	1	0	0	0	0	0	1	0	0	1	1	0	1	0	0	0	1	0	0	0	1	0	0	0	0	0	0	0	0	0	0	0	1	0	0	0	0	0	0	0	0	0	1	0	0	0	0	0	0	1	1	0	0	0	0	0	0	0	0	0	0	0	0	0	0	0	0	0	0	0	0	0	0	0	1	0	0	0	0	0	0	0	0	0	0	0	1	0	0	0	0	0	0	0	0	0	0	0	0	0	0	1	0	0	0	0	0	0	0	0	0	0	0	0	0	0	0	0	0	0	0	0	0	0	0	1	0	0	1	0	0	0	0	0	0	0	0	0	0	0	0	0	1	1	0	0	0	0	1	0	1	0	0	0	0	0	0	0	0	1	1	0	0	0	0	0	0	0	0	0	1	0	1	0	0	1	3	1	1	0	0	0	2	0	0	0	0	1	1	2	2	2	1	0	1	2	3	2	0	1	0	0	0	0	0	0	1	0	0	0	1	1	0	0	1	0	0	0	0	0	1	0	2	1	0	1	1	1	1	0	2	0	3	2	1	1	3	2	3	3	0	4	7	55	16	8	6	22	16	10	12	8	4	2	4	10	12	16	34	14	35	16	0	52	10	6	4	2	2	3	3	2	0	0	1	10	4	5	4	11	13	20	4	5	2	3	3	3	4	1	1	0	3	4	6	8	5	5	4	2	4	1	1	0	0	2	2	0	0	2	3	3	5	1	2	2	2	2	1	2	0	0	0	1	0	0	2	0	0	1	0	0	0	1	0	1	3	1	2	1	3	0	2	2	2	1	2	3	0	2	1	0	0	0	0	1	3	2	2	1	1	0	0	1	0	0	0	3	1	0	0	0	1	1	0	0	0	1	0	0	3	0	2	0	0	0	0	1	1	2	0	1	0	1	2	0	1	1	0	1	1	1	2	1	0	0	0	0	0	1	0	0	0	1	0	0	1	0	0	0	0	0	0	3	0	0	0	0	0	1	0	0	1	0	2	0	1	1	0	1	2	0	3	1	1	0	1	0	1	1	0	0	0	0	0	0	1	0	0	0	1	1	0	0	0	1	0	2	0	0	2	1	0	0	0	0
0	0	0	0	0	0	0	1	0	0	0	0	2	0	0	0	0	1	0	1	0	0	0	1	0	0	1	0	0	1	2	0	0	0	0	0	0	0	0	0	0	0	0	2	0	0	0	0	0	0	0	0	0	0	0	0	0	1	1	0	0	0	1	0	0	0	0	0	0	0	0	0	0	0	0	0	1	0	0	0	0	0	0	0	0	0	0	0	0	2	0	1	0	1	0	0	0	0	0	0	1	0	0	0	0	0	1	0	0	0	0	0	0	0	0	0	0	0	0	0	0	0	1	0	0	1	1	0	1	0	0	1	0	0	2	0	0	0	0	0	0	0	0	0	0	0	0	0	1	1	0	0	0	0	0	0	1	0	0	0	1	0	0	0	1	0	0	0	1	1	0	0	0	1	0	0	1	0	0	0	1	0	0	0	0	1	0	0	0	0	1	0	2	0	1	1	0	1	3	1	0	0	2	0	1	0	3	0	0	0	0	0	1	3	0	1	0	0	0	0	1	1	0	0	1	1	0	0	0	0	0	1	1	0	2	1	1	0	0	1	0	1	0	1	1	1	1	2	0	1	2	1	5	0	3	1	46	29	32	4	17	13	12	15	13	6	2	4	5	1	5	6	4	9	7	52	0	14	8	7	6	4	1	4	2	2	1	1	5	3	6	7	4	16	9	2	7	1	2	0	0	1	6	5	3	1	5	7	9	6	9	5	6	3	0	3	2	1	2	1	0	3	4	2	3	7	2	4	1	2	3	0	1	1	1	0	1	0	1	1	0	1	0	0	1	1	1	2	0	1	0	1	4	1	1	5	3	6	1	1	1	1	5	1	2	1	2	1	3	2	0	1	2	3	1	3	2	1	1	2	0	1	1	2	0	1	0	0	0	1	0	2	2	0	1	2	1	1	0	0	0	3	3	0	0	0	1	1	1	0	0	1	0	1	3	0	0	1	1	0	0	1	0	0	0	0	1	0	1	1	0	0	1	1	0	0	0	0	0	0	1	1	1	3	0	0	0	0	0	0	0	0	1	0	1	0	0	1	1	1	1	0	1	0	0	0	1	0	2	0	0	2	1	0	0	1	0	0	0	0	0	0	1	0	0	0	1	0	1
0	0	0	0	0	0	0	0	0	0	0	0	0	0	0	0	0	0	0	1	1	0	0	0	0	0	0	0	0	0	0	0	0	0	0	0	0	0	1	0	0	0	0	0	0	0	0	0	0	0	1	2	0	0	0	1	1	0	0	0	0	0	0	0	0	0	1	0	0	0	0	0	0	0	0	0	0	0	0	0	0	0	0	0	0	0	0	0	0	0	0	0	0	1	0	0	0	0	0	0	0	0	2	0	0	0	0	0	0	0	1	0	1	0	0	1	0	0	0	1	0	1	0	0	0	0	0	0	0	0	1	0	0	0	0	0	0	0	0	0	0	1	1	0	0	0	1	0	0	1	1	0	0	0	0	1	1	0	0	0	0	0	0	0	0	0	0	0	0	0	1	0	0	0	0	0	0	0	0	0	0	0	0	0	0	0	0	1	0	2	2	0	0	0	1	1	1	0	2	0	1	2	0	1	0	1	5	1	1	0	0	1	0	0	0	0	0	2	0	0	0	0	1	0	0	0	0	0	2	2	1	1	1	3	1	4	1	1	0	0	0	0	1	2	1	0	2	2	3	2	1	1	1	0	1	4	16	12	27	7	14	23	13	16	7	3	2	3	4	3	7	6	2	5	3	10	14	0	37	30	2	4	1	2	2	1	2	1	3	2	9	7	4	21	10	2	6	0	3	5	4	6	3	6	10	9	18	3	9	4	13	28	29	4	4	2	1	2	3	0	1	2	10	4	3	3	2	0	1	4	3	1	1	0	0	1	0	0	2	2	0	1	0	1	0	0	0	2	3	2	1	4	5	3	2	2	6	3	7	7	1	1	2	2	1	2	0	0	2	1	3	0	1	0	0	2	1	3	2	0	0	0	2	3	2	0	0	2	1	0	2	2	4	3	5	2	2	1	1	1	0	1	1	3	0	2	0	2	0	3	0	0	2	3	0	1	2	3	2	1	0	2	1	0	0	1	2	0	2	3	1	3	0	0	0	1	1	0	0	0	1	0	2	1	0	2	0	0	1	0	3	1	0	0	0	1	0	1	2	2	1	0	1	1	2	2	2	0	0	0	0	0	0	1	1	2	1	1	0	0	1	2	0	0	0	0	1	4	0
0	0	0	0	0	0	0	0	0	0	0	0	0	0	0	0	1	0	0	0	1	1	0	1	0	0	0	0	0	0	0	0	0	0	0	0	0	0	1	0	0	0	1	0	0	0	0	0	0	0	0	0	0	0	0	0	0	0	0	0	0	0	0	0	1	0	0	0	0	0	0	0	0	0	1	1	0	0	0	0	0	0	0	0	0	0	0	0	0	0	0	0	0	0	0	0	0	0	0	0	0	0	0	1	0	0	0	0	0	0	1	0	1	0	0	0	1	0	0	0	0	0	0	1	1	0	0	0	0	0	0	0	1	0	0	0	0	0	0	0	0	0	1	0	2	0	1	0	0	0	0	1	0	0	0	0	0	1	1	0	0	0	2	0	0	0	0	0	0	1	0	0	0	0	0	1	0	0	0	1	0	0	0	0	0	0	0	0	1	0	0	2	0	0	0	3	0	0	2	0	2	2	0	1	0	1	1	1	0	0	0	1	1	0	0	0	0	1	0	0	1	0	0	0	1	2	0	0	0	0	2	1	0	1	0	0	0	0	1	0	0	0	0	1	1	1	0	0	2	0	2	0	3	2	2	1	7	3	9	7	2	21	6	7	6	3	3	1	8	3	1	2	3	5	4	6	8	37	0	188	4	2	2	2	0	3	0	2	3	1	9	9	3	8	5	2	2	3	1	1	0	6	2	5	3	10	5	4	8	3	6	18	31	8	1	4	4	0	4	1	2	1	3	6	4	3	0	1	1	1	2	1	2	1	1	0	0	3	1	2	0	2	0	0	0	0	2	2	1	2	2	5	19	5	5	10	3	8	11	8	1	2	5	2	2	2	2	3	4	0	3	0	1	4	1	2	0	1	1	2	2	2	2	0	2	1	1	1	1	2	4	0	1	1	7	0	2	2	1	3	3	3	1	2	1	0	2	0	1	1	3	1	1	1	2	4	2	0	3	1	0	1	0	1	1	3	3	0	1	1	1	0	1	1	1	1	0	0	0	2	0	0	1	1	0	0	1	2	0	1	1	0	2	2	1	0	1	0	2	1	1	5	2	1	2	4	1	2	1	4	0	0	1	2	0	2	2	1	0	1	0	1	1	1	0	0	1	1	1
0	0	0	0	0	0	0	0	0	0	0	0	0	0	1	0	0	0	0	0	0	1	1	0	1	0	0	0	1	0	1	0	2	1	1	0	0	0	1	0	0	0	0	0	0	0	0	0	0	0	0	0	0	0	0	1	0	0	0	0	1	0	0	0	0	0	0	0	0	0	0	0	1	0	0	0	0	0	0	0	0	0	0	1	1	0	0	0	1	0	0	0	0	0	0	2	0	0	0	0	0	0	0	0	0	0	0	0	0	0	0	1	0	0	0	0	0	0	0	1	1	1	0	0	0	0	1	0	1	0	0	0	0	0	0	0	0	0	0	1	0	1	1	0	0	0	0	0	0	0	0	0	2	0	0	0	0	0	0	0	1	0	0	0	1	0	0	0	0	0	0	0	0	0	1	0	0	0	0	0	0	0	2	0	0	0	1	0	1	1	0	0	0	0	1	0	1	0	0	0	0	0	2	2	2	1	3	1	1	1	2	0	0	1	0	0	0	0	2	0	1	0	0	0	0	0	1	1	0	0	0	0	0	1	0	0	1	1	1	1	0	1	0	0	0	0	0	0	0	1	0	1	1	4	3	0	6	5	4	4	5	36	14	15	8	6	2	1	4	1	3	1	3	1	6	4	7	30	188	0	4	3	0	3	1	5	0	4	4	5	11	9	2	8	4	6	2	2	5	1	3	4	3	1	3	5	9	3	3	3	5	4	23	9	2	2	1	1	2	2	2	9	5	5	6	5	5	4	2	2	5	2	2	1	2	1	0	0	1	0	1	1	0	0	1	1	2	2	1	5	2	5	7	4	3	5	8	8	11	10	5	1	0	2	1	0	4	2	0	1	1	1	3	6	2	1	1	0	1	2	3	4	0	2	2	0	1	1	0	1	1	3	4	2	2	1	1	0	1	1	2	4	1	1	2	3	1	1	3	4	2	1	1	2	2	2	4	0	4	0	2	0	1	1	0	0	1	0	1	2	0	1	1	0	0	0	2	0	1	0	0	2	0	1	0	0	0	1	2	2	2	0	1	0	1	2	1	3	2	2	1	4	4	0	1	1	0	0	1	1	1	0	0	1	2	1	1	1	1	0	1	2	1	0	2	0	5	1	0
0	0	0	0	0	0	0	0	0	0	0	1	0	0	0	0	0	0	1	0	0	1	0	1	0	1	0	0	0	0	0	0	1	0	0	1	0	0	0	0	0	0	0	0	0	0	0	0	0	0	0	0	0	0	0	0	0	0	2	0	0	0	0	1	0	0	0	1	0	0	1	0	0	0	0	0	0	1	0	0	0	0	0	1	0	0	0	0	1	0	1	0	0	0	0	0	0	1	0	0	0	0	1	0	0	0	0	1	0	0	0	0	0	0	0	1	0	0	0	1	0	0	1	0	0	0	0	0	0	1	0	1	0	0	0	0	0	0	1	0	1	1	0	0	0	0	0	0	0	0	0	2	0	1	0	1	1	0	1	1	0	0	0	1	0	0	0	0	0	0	1	1	0	0	1	0	0	0	0	0	0	0	0	2	1	1	0	0	0	1	2	1	0	1	0	2	0	1	1	3	3	6	2	3	2	1	2	2	1	1	0	1	0	0	1	0	1	0	0	0	0	1	0	2	1	1	3	1	1	0	0	0	0	0	0	2	0	1	0	0	1	0	1	2	1	0	1	3	1	3	1	4	3	4	7	3	1	3	6	1	7	10	29	12	20	36	11	4	4	3	4	5	4	2	3	2	6	2	4	4	0	6	2	9	6	13	11	22	13	30	67	33	6	8	9	7	5	1	3	1	2	2	1	0	1	0	3	0	4	3	0	3	6	10	10	4	5	5	4	5	2	1	13	3	9	8	7	8	5	1	4	3	3	2	3	1	1	2	0	1	2	4	1	0	1	2	1	0	1	4	5	4	5	1	3	5	5	10	1	3	1	5	3	1	1	2	2	4	7	9	9	5	4	4	1	2	2	6	5	2	2	2	3	2	0	0	0	1	1	0	2	2	0	5	4	1	1	0	2	0	3	1	3	1	1	1	0	0	4	1	0	2	0	0	2	3	3	1	0	0	1	1	1	1	0	1	0	1	0	1	0	0	0	0	0	0	2	0	0	1	1	0	1	0	0	1	1	2	0	1	1	0	1	3	0	1	3	3	2	0	2	4	2	0	0	2	0	1	2	0	1	0	0	1	1	1	0	0	1	0	1	0	0	0	1	1	0	0	0
0	0	0	0	0	0	0	0	0	0	0	0	0	0	0	0	0	0	0	0	0	0	1	0	0	1	0	1	1	0	0	0	0	0	0	0	0	0	0	1	1	0	0	0	0	0	1	0	0	1	0	1	0	0	0	0	0	1	0	0	0	0	1	1	1	1	1	0	1	0	1	1	0	0	0	1	0	2	0	0	0	1	0	0	0	0	0	0	0	0	0	0	0	0	0	0	0	0	3	0	0	1	0	0	0	0	1	0	0	0	0	1	0	0	0	0	0	0	0	0	0	0	0	1	0	0	1	0	1	0	0	0	1	0	0	0	0	2	0	0	1	0	0	0	2	0	1	0	1	2	1	0	2	0	0	0	0	0	1	0	1	1	1	0	0	0	2	2	0	0	0	0	0	0	0	0	0	0	0	1	0	0	0	2	1	0	1	1	1	1	2	0	4	3	3	5	3	7	10	5	8	29	31	18	8	3	5	3	2	1	2	2	0	0	1	0	1	1	0	0	1	1	0	2	0	0	1	1	0	1	1	0	4	2	2	0	1	1	2	3	1	4	2	3	1	4	3	6	5	3	6	9	11	8	7	6	3	0	1	3	1	6	5	5	4	4	34	12	3	2	4	1	1	1	5	2	4	4	2	3	6	0	17	17	83	44	36	19	6	11	6	7	6	3	6	8	3	1	3	1	4	0	1	1	2	1	1	0	2	0	2	0	0	3	3	4	2	2	2	3	1	9	3	3	5	1	7	18	8	16	21	6	3	1	4	2	2	7	3	5	2	1	1	1	6	2	5	2	3	4	2	0	0	1	2	0	2	4	3	3	4	3	4	3	2	2	2	7	4	5	12	16	11	9	3	6	5	14	5	0	4	2	3	1	2	1	0	2	1	0	0	0	1	2	1	1	0	3	0	3	0	0	0	1	0	0	0	0	0	0	0	1	0	1	2	2	1	0	1	0	0	0	0	0	2	0	2	1	1	0	2	1	0	2	1	3	0	0	1	1	0	1	1	0	1	1	1	1	0	0	0	0	0	1	3	0	2	0	2	1	3	0	1	0	3	1	0	1	0	2	0	0	0	0	2	1	1	0	1	1	0	0	0	1	0	1	0	0	0
0	0	0	0	0	0	0	0	1	0	1	0	0	0	0	0	0	0	0	0	0	0	0	0	0	1	0	0	0	1	1	2	1	0	0	0	0	0	0	0	0	0	0	0	0	0	0	0	0	0	0	0	0	0	0	1	0	0	0	0	0	1	0	1	0	0	0	0	0	0	0	0	0	0	0	0	0	0	1	0	0	0	0	0	0	0	1	0	0	0	0	1	0	0	0	0	0	1	1	0	0	0	0	0	0	1	0	1	0	0	0	0	0	0	0	0	0	1	0	0	1	0	0	0	0	2	0	0	0	1	0	0	1	0	0	0	0	1	0	0	0	1	0	0	2	0	2	1	1	1	0	0	1	1	1	0	0	1	0	0	0	1	2	0	0	0	0	0	0	0	0	0	0	0	1	1	1	0	2	0	0	1	0	0	0	1	1	1	1	1	3	2	3	2	1	4	2	12	2	7	7	7	15	6	3	3	3	1	2	1	1	0	1	1	0	0	0	0	0	0	0	2	0	0	0	1	1	0	0	0	0	0	0	2	2	1	1	0	1	1	1	0	1	3	0	5	2	1	1	2	3	6	1	5	2	2	1	4	0	2	1	1	4	2	1	4	8	3	3	3	2	1	0	2	0	3	1	1	2	0	2	17	0	23	16	187	42	23	8	10	8	5	3	1	2	2	0	0	3	0	0	3	0	3	2	0	0	1	1	1	2	2	1	3	8	4	3	9	1	1	3	3	4	2	6	6	8	5	3	4	7	5	2	2	2	1	0	2	2	2	3	3	2	2	2	2	2	0	1	5	2	2	1	0	3	3	0	3	1	4	3	0	1	0	1	1	2	4	4	14	7	15	22	13	9	14	5	7	7	6	5	1	2	1	1	4	1	0	0	0	1	0	1	1	0	0	0	0	0	1	0	4	0	0	1	1	3	1	0	0	2	1	1	0	0	3	0	1	1	2	1	3	0	0	2	1	0	1	2	2	1	0	1	0	0	1	0	0	1	0	0	2	0	0	1	1	0	0	0	0	1	1	0	1	1	1	0	0	0	1	0	0	0	0	1	0	0	2	1	0	3	0	1	0	1	0	0	0	0	0	0	0	0	1	1	0	0	1	0
0	0	0	0	0	0	0	0	0	0	0	0	0	0	0	0	0	0	0	0	0	0	0	0	0	1	0	1	0	0	0	0	0	0	1	0	0	0	0	0	0	0	0	0	0	0	1	0	0	0	0	0	1	0	1	1	0	0	0	1	0	0	0	0	0	0	0	0	0	0	0	0	0	0	1	1	0	0	0	0	0	0	0	0	1	0	2	0	0	0	1	0	0	0	0	0	0	0	0	1	1	0	0	1	0	0	0	0	0	1	0	0	0	0	0	0	1	0	0	0	0	0	0	1	0	0	0	0	0	0	0	0	0	0	0	0	0	0	0	0	1	0	0	0	0	0	0	1	0	0	1	0	0	0	0	0	0	0	2	0	0	1	0	0	0	0	0	0	0	0	1	0	0	0	0	1	1	0	0	0	0	2	1	3	0	1	0	0	0	2	2	2	3	4	5	3	4	12	4	5	8	6	25	9	8	5	1	3	2	2	2	1	0	2	0	1	0	0	0	0	1	0	0	1	0	1	1	2	0	0	0	1	2	0	1	0	3	2	0	3	3	1	2	3	2	0	1	5	5	9	22	5	8	8	6	8	5	3	5	1	4	4	4	2	4	8	13	8	8	5	2	0	1	2	1	3	4	2	2	3	9	17	23	0	49	38	14	35	11	15	1	3	0	3	3	4	1	1	2	0	1	2	1	2	0	2	2	0	0	0	1	1	3	2	2	7	5	3	2	1	2	3	1	0	3	4	3	6	7	1	9	2	1	3	2	3	1	1	0	2	3	2	2	1	2	0	3	1	1	1	0	3	1	2	0	2	4	1	1	0	1	0	1	1	2	1	2	3	4	4	1	11	5	7	5	3	2	3	2	3	1	0	1	1	0	3	1	0	0	0	0	0	2	0	0	1	0	1	0	0	0	2	1	3	0	1	0	1	0	0	0	0	0	0	2	4	0	2	0	0	3	0	1	0	1	1	1	3	0	1	0	2	0	1	0	1	0	0	0	0	0	0	0	0	1	0	0	1	0	0	0	0	1	0	1	0	1	0	0	0	1	3	3	0	0	1	1	0	0	0	0	0	0	0	3	0	1	1	1	0	0	0	0	0	1	0	0	0	1
0	0	0	0	0	0	0	1	0	0	0	1	0	0	0	0	0	0	1	0	0	1	0	0	0	0	0	0	0	0	0	0	0	0	0	0	0	2	1	0	0	1	1	0	0	1	0	0	0	1	0	0	0	0	1	0	0	0	0	0	0	0	0	0	1	1	0	0	0	0	0	0	0	0	0	0	0	0	1	1	0	0	2	0	0	0	0	0	0	0	0	0	0	0	0	0	0	0	0	1	0	0	0	1	0	0	0	1	0	0	0	0	0	2	1	0	0	1	0	0	1	0	0	0	0	0	0	0	0	0	0	0	0	1	1	1	0	0	1	0	0	0	0	0	0	0	2	3	0	0	0	0	0	1	0	0	1	0	1	1	0	0	0	0	0	1	0	0	1	0	0	0	1	1	0	0	1	0	0	0	0	0	0	0	1	0	0	0	3	2	6	2	3	0	3	1	4	5	11	8	2	11	47	18	11	5	2	5	4	1	1	2	0	0	1	0	2	1	0	1	0	0	2	1	0	0	0	3	0	1	3	0	1	1	0	3	4	0	1	0	1	2	2	4	5	3	4	9	5	4	14	7	17	15	4	4	4	2	1	1	1	1	3	0	8	11	61	9	8	1	4	7	3	1	0	2	2	2	0	1	6	83	16	49	0	29	26	27	13	14	3	7	8	3	3	3	3	0	3	2	3	1	2	1	0	1	1	0	2	3	2	2	3	2	5	7	2	4	2	3	2	3	3	3	1	2	6	8	5	8	12	7	1	0	4	1	3	1	3	1	5	2	1	4	1	2	1	1	0	2	2	2	0	2	0	2	1	2	0	1	0	0	2	1	2	0	2	1	4	5	8	10	7	3	2	3	4	3	5	3	5	1	5	1	1	2	1	1	0	0	0	0	0	1	1	1	1	0	1	1	0	0	0	1	1	0	1	1	1	1	0	0	0	2	0	0	3	1	3	2	2	0	2	1	1	4	0	0	1	0	1	0	1	0	0	1	1	1	0	0	0	0	1	0	2	0	0	0	0	0	0	0	1	2	0	2	1	1	4	1	1	2	0	1	0	2	0	0	1	2	0	1	0	0	0	0	0	1	1	0	1	0	0	0	0	0	0	0	0
0	0	0	0	0	0	0	0	0	1	0	2	0	0	1	1	0	0	1	0	1	0	0	0	0	0	1	0	1	1	0	0	0	0	1	0	0	0	0	0	0	0	0	0	0	0	0	0	0	0	0	0	0	0	0	0	0	0	0	1	0	0	1	0	0	0	0	0	0	1	0	0	0	0	0	1	0	1	0	0	0	0	1	0	0	1	0	0	0	0	0	0	0	0	0	0	0	0	1	0	1	0	0	0	0	0	0	1	0	1	0	0	0	0	1	0	0	0	0	0	0	0	1	0	0	0	0	0	0	0	0	1	0	1	0	1	1	0	0	1	0	1	1	2	0	0	0	2	3	1	0	1	0	0	0	1	0	2	0	0	0	1	0	0	1	0	1	1	0	0	0	0	0	0	0	0	0	0	0	1	0	0	0	0	0	0	2	0	2	1	1	1	5	4	2	1	11	6	4	5	6	4	22	9	2	4	1	3	1	0	1	1	1	1	0	1	1	0	0	1	0	1	0	1	0	2	1	2	0	1	0	2	0	1	0	0	2	1	0	1	1	1	2	0	4	2	2	1	1	2	10	6	4	2	2	3	4	1	2	2	2	1	7	5	0	6	17	4	8	2	3	2	2	1	1	0	2	1	3	5	13	44	187	38	29	0	54	28	7	10	10	9	1	1	3	6	2	0	1	0	0	1	1	2	1	2	2	0	3	1	0	4	1	7	5	9	5	7	0	1	2	2	2	2	3	7	2	14	4	4	10	6	1	0	3	1	1	2	3	2	2	2	2	3	1	2	4	1	2	7	2	0	1	0	1	2	2	3	1	1	0	0	2	0	1	1	1	3	4	8	3	19	17	12	6	7	6	11	6	2	1	1	1	1	1	1	0	0	1	0	1	0	0	0	0	2	2	0	0	0	0	2	1	3	4	0	0	2	0	0	0	1	1	0	4	1	3	0	1	1	2	0	0	1	2	1	2	1	1	1	1	0	0	1	1	2	0	0	0	0	0	0	0	1	0	1	1	2	0	2	1	2	0	1	1	0	0	3	2	2	0	5	0	1	0	0	0	1	0	0	2	0	0	0	1	2	2	0	0	0	1	0	0	0	0	1	0	0	0
0	0	0	0	0	0	0	0	0	0	0	0	0	0	0	0	0	0	0	0	2	1	0	0	0	0	1	0	1	2	1	0	1	0	0	0	1	1	0	0	0	1	0	0	0	1	3	0	0	0	0	0	0	0	1	0	0	1	0	0	1	0	0	0	0	0	0	0	0	0	1	0	0	0	0	0	1	2	0	0	0	0	1	0	0	0	0	0	0	0	0	0	0	0	0	1	2	2	0	0	0	0	0	0	0	0	0	0	1	0	0	0	0	0	1	0	0	0	0	0	0	0	0	0	0	0	0	0	0	0	0	0	0	0	0	0	0	0	0	0	0	1	0	2	1	2	1	1	2	0	0	1	1	0	0	0	0	0	1	0	0	0	0	0	0	0	0	0	0	0	0	0	0	0	0	0	1	0	0	0	0	0	0	2	0	0	1	2	0	0	2	0	3	1	0	3	5	1	1	3	3	4	9	3	4	1	4	1	1	2	1	0	0	0	1	0	0	0	0	2	1	1	1	1	1	0	0	1	2	0	2	0	2	3	0	0	0	0	1	1	2	2	2	1	1	0	0	1	2	1	4	3	5	9	1	3	3	1	2	0	3	2	3	4	10	14	19	12	3	3	1	4	1	3	5	0	1	2	0	0	11	36	42	14	26	54	0	42	10	12	15	12	6	0	1	9	2	4	2	3	1	2	1	2	1	3	0	2	1	3	4	3	3	9	9	11	2	11	1	7	2	3	5	5	4	6	4	16	10	8	15	5	2	1	3	2	4	0	1	2	1	1	3	1	0	2	3	1	2	6	4	1	3	1	1	6	3	7	1	4	1	3	4	4	0	3	5	1	13	15	14	28	32	13	4	5	9	11	2	2	5	3	2	2	1	4	1	2	3	0	1	0	0	1	0	1	0	1	0	2	3	2	2	1	1	1	0	0	0	1	0	0	0	2	0	2	0	7	3	2	2	0	3	2	3	3	1	1	2	1	0	0	2	1	1	0	2	0	2	0	0	0	0	1	1	1	1	0	1	0	4	1	1	1	0	0	0	1	0	2	5	1	0	1	3	1	0	0	0	2	0	1	2	3	0	0	0	1	1	0	0	0	0	0	1	1	0	2	3
0	0	0	0	0	0	0	0	0	0	0	0	0	0	0	0	0	0	0	0	2	0	0	1	0	1	0	0	0	0	0	0	1	0	0	0	0	0	0	1	0	1	0	0	0	0	0	0	0	0	0	0	0	0	0	0	1	0	0	1	0	0	1	0	0	0	0	0	0	0	0	0	0	0	0	0	0	1	0	0	0	0	0	0	0	0	0	0	0	0	0	0	0	0	0	1	0	0	0	0	0	1	0	0	0	0	0	0	0	0	1	0	0	0	1	0	0	0	0	0	0	1	0	0	0	1	0	0	0	0	0	0	0	0	0	0	0	0	0	0	0	0	1	0	0	0	0	1	0	0	1	0	1	2	0	0	1	1	0	1	0	0	1	0	0	0	0	1	1	0	0	1	0	0	0	0	0	0	1	0	1	1	2	0	0	2	0	1	0	1	1	1	1	1	3	1	3	4	5	2	3	7	8	5	11	4	1	2	1	1	0	0	0	0	0	1	2	0	0	0	0	0	0	0	0	1	0	1	0	0	1	2	1	2	0	3	1	2	1	2	0	2	1	2	2	2	1	4	1	2	8	3	8	5	8	7	1	1	1	0	1	3	3	9	9	47	28	7	10	0	0	2	3	0	2	1	1	1	2	4	22	19	23	35	27	28	42	0	16	29	17	17	7	5	6	8	3	1	1	0	1	2	2	1	2	1	1	2	6	1	2	1	2	6	8	4	2	4	2	0	3	5	7	5	7	4	4	7	2	8	9	5	1	0	2	1	0	0	2	1	3	1	2	1	0	3	3	0	2	3	1	4	3	0	1	3	2	1	4	4	2	1	2	0	1	1	4	2	2	2	6	10	4	2	3	4	4	7	3	1	1	4	5	0	2	1	1	0	1	0	0	1	1	1	3	1	1	2	3	0	1	3	2	1	2	2	0	2	2	0	0	2	0	1	4	1	3	1	1	0	0	1	1	0	2	1	0	0	1	1	0	0	2	0	1	0	1	0	0	2	1	2	0	0	0	0	0	0	0	1	2	1	2	2	0	1	1	1	3	2	1	3	1	1	3	0	0	0	0	1	1	0	1	0	0	0	2	0	0	1	0	1	0	0	1	0	1	0	0
0	0	0	0	0	0	0	0	0	0	0	0	0	0	1	0	0	0	1	2	0	0	0	0	1	1	0	0	0	1	0	0	0	0	0	0	1	0	0	0	0	1	0	0	0	1	0	0	0	1	0	0	0	0	0	0	0	0	1	0	1	0	0	0	0	2	0	0	0	1	1	1	0	0	0	0	0	1	0	0	0	0	0	0	0	0	0	0	0	0	1	0	0	0	0	0	0	0	0	0	0	1	0	1	0	0	0	0	0	0	0	0	0	0	0	0	1	0	0	1	0	2	0	0	1	0	0	0	0	0	0	0	0	0	0	0	0	1	0	1	0	0	0	0	2	1	1	0	0	1	0	0	0	0	1	0	1	0	1	2	0	0	0	0	0	0	1	1	2	0	0	0	0	0	0	0	0	0	1	0	0	0	0	0	0	0	2	1	1	1	3	1	3	2	3	2	3	3	2	3	1	4	5	4	7	3	2	2	2	0	2	1	2	1	1	2	0	0	1	2	1	1	1	1	0	0	0	0	0	1	0	1	0	1	0	1	3	1	2	0	1	2	1	0	0	4	2	3	1	1	7	7	43	12	13	17	4	4	3	1	5	4	13	9	17	24	13	17	30	10	7	9	6	8	7	10	5	3	3	4	13	6	8	11	13	7	10	16	0	22	13	15	10	5	8	11	2	1	2	0	1	1	0	2	0	1	1	1	1	6	2	3	1	2	2	1	3	1	1	4	1	4	2	2	6	3	3	6	2	5	4	7	2	2	0	1	1	1	1	0	0	1	2	3	1	0	1	2	1	3	1	2	0	3	1	3	5	2	1	1	2	0	2	1	2	0	1	2	1	1	8	4	3	1	3	2	2	4	1	2	2	1	1	0	1	0	1	2	1	0	0	0	1	2	0	0	1	1	1	1	0	3	0	1	0	2	3	1	2	2	0	1	1	0	1	1	1	0	2	0	0	2	0	5	2	2	1	3	0	1	0	0	0	2	0	0	0	0	0	0	1	0	1	2	0	1	0	0	0	1	1	0	1	0	1	0	2	2	0	0	1	1	5	0	0	3	1	1	0	0	0	0	0	0	1	1	0	0	0	1	0	0	0	1	0	0	0	3	0
0	0	0	0	0	0	0	0	0	1	0	0	0	0	0	0	0	1	0	1	0	0	0	0	1	1	0	1	1	0	0	0	1	0	0	1	0	0	0	0	0	0	0	0	0	0	0	1	1	0	0	0	0	1	0	0	0	0	0	1	0	0	0	0	1	0	0	0	0	0	1	0	0	0	0	0	0	0	0	0	0	1	0	0	0	0	0	0	0	0	1	0	0	0	0	0	1	1	0	0	0	0	0	0	0	0	0	0	0	0	0	0	0	0	0	1	0	0	0	0	1	1	0	0	1	0	0	0	0	1	0	0	0	0	0	0	0	0	0	0	0	1	1	0	1	0	2	2	0	0	1	1	0	0	0	1	0	2	2	0	1	0	1	2	0	1	0	0	0	0	0	0	0	0	1	0	0	1	0	0	0	1	1	1	1	0	0	0	1	0	0	0	0	0	1	0	0	2	1	0	5	3	2	4	3	1	0	4	1	0	2	0	0	1	1	0	0	0	0	0	3	0	0	0	0	1	0	1	0	0	0	1	1	0	1	1	0	0	1	1	1	0	2	1	0	2	1	3	3	1	5	2	12	8	2	1	5	2	3	3	2	7	15	18	16	17	6	5	5	0	4	3	3	5	5	4	3	2	1	5	30	11	10	15	14	10	12	29	22	0	18	14	7	8	5	13	0	1	1	0	2	3	0	0	2	2	5	0	5	3	2	0	2	5	5	2	1	1	1	2	1	2	4	4	5	7	4	2	1	2	5	4	2	1	0	0	0	0	2	3	1	2	2	0	3	0	4	2	1	4	2	1	4	4	1	6	7	0	0	4	2	1	3	0	2	4	3	5	3	6	3	5	4	4	1	4	0	3	2	2	0	2	2	1	1	0	1	0	2	2	1	0	2	1	3	1	1	1	1	1	3	1	0	1	1	2	0	1	1	1	1	1	3	0	1	0	1	1	1	0	0	0	2	3	0	0	1	0	2	1	1	0	0	0	0	0	2	0	1	0	1	0	1	1	0	0	0	2	1	0	2	2	1	0	1	1	0	0	1	2	1	2	1	1	0	0	1	0	0	0	2	0	1	0	0	1	0	0	0	0	1	0	1	2	0	0	0	0	1
0	0	0	0	0	0	0	0	0	0	0	1	0	0	1	1	0	0	2	1	0	1	1	0	0	1	1	0	1	1	0	0	1	2	0	1	0	0	0	0	0	1	0	0	0	1	1	0	1	0	0	0	0	0	0	0	0	0	0	1	0	0	0	0	0	0	1	0	0	0	0	0	0	0	0	0	0	0	1	0	0	0	0	0	1	0	0	1	1	0	0	0	0	1	1	1	0	0	0	0	0	0	0	0	1	0	1	0	0	0	1	0	0	0	0	1	0	0	0	0	0	0	0	0	0	0	0	2	0	0	0	0	0	0	0	0	0	0	0	0	1	1	0	2	0	1	1	2	1	0	1	0	0	0	0	0	0	2	0	1	0	1	0	1	0	1	1	0	2	0	0	0	0	0	0	0	0	1	0	0	1	1	0	2	0	0	0	0	1	1	1	1	0	2	3	2	3	2	1	2	2	3	3	6	1	1	2	0	1	1	3	1	0	3	0	0	1	1	0	0	0	0	1	2	1	0	0	0	1	1	2	0	2	1	0	1	2	0	1	0	0	0	0	0	1	2	0	2	2	0	2	4	3	2	3	6	9	2	5	2	4	7	35	31	41	32	9	6	3	2	1	4	3	4	5	5	6	9	9	11	67	6	8	1	3	10	15	17	13	18	0	237	13	10	14	12	3	1	2	1	6	3	4	2	2	4	3	2	2	3	2	1	10	20	12	10	7	5	4	9	5	2	17	2	15	15	18	10	6	4	6	2	1	0	4	1	0	3	3	2	0	3	0	2	4	1	3	1	1	9	4	4	2	4	4	11	10	13	4	6	2	3	3	2	3	0	1	6	5	5	6	9	7	4	2	4	1	4	3	1	0	2	5	0	3	0	2	3	1	3	1	0	5	4	3	1	0	3	1	2	0	2	2	6	3	0	0	1	1	0	2	1	0	3	3	3	3	1	1	3	0	3	0	0	2	2	1	0	2	0	0	0	4	0	0	0	0	0	0	0	1	3	0	0	1	0	1	2	1	1	3	1	1	1	0	1	3	2	0	0	7	3	1	0	1	1	0	0	0	0	1	1	2	1	2	1	0	0	0	1	1	0	1	1	2	0	2	2	0
0	0	0	0	0	0	0	1	0	0	0	1	0	0	0	0	0	0	0	0	0	1	0	2	0	0	1	0	0	0	0	0	0	1	0	0	0	0	0	0	0	0	0	0	1	0	0	0	0	0	1	0	0	1	0	0	0	1	0	1	0	0	0	0	0	0	0	0	0	0	0	0	0	0	0	0	0	1	0	0	0	0	1	0	0	1	0	0	0	2	0	0	0	0	0	0	0	0	0	1	0	0	0	0	0	1	0	0	0	0	0	0	0	0	0	0	0	1	0	0	0	0	0	0	0	0	0	0	0	0	0	0	0	0	0	0	0	0	1	0	0	1	0	0	1	0	0	0	0	0	0	0	0	0	0	0	0	0	1	0	0	1	1	0	0	0	0	0	1	0	2	0	0	0	1	0	0	0	0	0	0	0	1	0	0	1	0	2	2	0	1	0	1	1	0	4	2	3	4	2	1	1	1	5	2	0	1	1	0	1	1	1	1	0	0	0	0	0	0	0	1	1	0	0	1	0	1	1	2	0	0	0	1	0	0	4	1	0	2	0	1	0	0	0	3	4	0	2	1	1	2	3	6	8	2	6	4	1	6	0	7	19	47	30	75	80	10	25	10	8	6	3	3	2	7	4	7	7	9	9	33	7	5	3	7	9	12	17	15	14	237	0	23	12	14	23	8	5	0	2	4	1	1	3	2	2	4	1	5	1	3	6	5	11	9	11	7	7	5	6	2	5	14	4	15	19	5	12	6	7	11	6	4	4	2	2	1	1	3	3	1	1	3	3	2	2	0	5	1	7	2	1	3	5	1	7	6	11	5	2	5	2	3	0	0	3	2	2	8	4	3	7	2	3	1	1	0	6	5	1	2	1	2	4	2	2	1	3	2	1	2	1	3	3	2	1	2	0	1	0	0	2	2	0	0	0	3	1	2	2	2	0	2	2	2	1	1	2	1	0	3	0	0	1	1	1	1	1	1	2	3	2	2	0	0	0	4	1	1	0	0	1	0	0	0	1	0	0	2	0	3	2	0	2	5	1	0	2	2	0	1	1	1	0	1	1	0	0	0	0	0	1	1	0	1	0	0	1	0	0	0	1	0	0	3	0	1	1	1
0	0	0	0	0	0	0	0	0	0	0	0	0	0	0	0	0	0	0	0	1	0	0	2	0	0	0	0	0	1	0	1	0	0	0	1	0	0	0	1	0	0	0	0	0	0	0	1	0	1	0	0	0	0	0	0	0	0	0	0	0	0	0	0	0	0	1	0	0	0	0	0	2	0	0	0	0	0	0	0	0	1	0	0	1	0	0	1	1	0	0	0	0	0	0	0	0	0	1	0	0	0	0	1	0	0	1	0	0	0	0	0	1	0	1	0	0	0	0	0	0	0	0	0	0	1	0	0	0	0	0	1	0	0	1	0	1	0	0	0	0	0	1	1	0	1	1	0	1	1	0	1	0	0	0	0	2	0	0	0	0	1	0	1	0	1	1	0	1	0	0	0	3	0	0	0	1	1	0	0	0	0	1	0	1	1	0	1	0	2	1	0	2	0	2	0	3	1	1	1	3	2	4	4	1	1	3	0	2	5	1	1	0	0	1	0	0	1	0	0	1	0	0	0	0	0	0	0	0	0	0	0	0	1	0	1	2	1	1	1	1	2	1	1	0	4	1	1	2	1	5	4	11	15	10	32	9	2	1	2	3	11	20	20	54	26	18	43	48	7	7	7	8	5	19	11	4	4	3	2	6	6	3	0	8	1	6	7	10	7	13	23	0	27	48	146	7	1	6	6	3	2	1	2	3	2	1	3	2	1	7	2	8	6	6	2	0	1	2	1	4	2	13	3	13	22	16	11	1	4	5	1	3	0	0	1	1	3	1	1	3	0	0	1	2	1	0	2	1	1	3	1	4	0	0	2	3	1	1	3	0	1	0	0	0	3	0	1	0	4	5	3	2	3	4	2	3	7	2	3	2	0	3	1	2	0	0	1	0	3	0	5	0	6	2	0	1	0	1	2	3	0	1	1	2	0	0	0	1	1	0	1	1	2	1	0	5	0	0	1	2	1	0	2	1	0	3	0	2	0	2	1	2	0	0	2	1	1	0	0	1	0	1	1	0	1	0	0	1	0	0	0	1	1	0	0	1	2	1	3	3	1	0	1	0	0	0	0	0	1	0	0	0	2	0	2	1	2	1	0	1	0	1	1	0	0	1	0	1
0	0	0	0	0	0	0	0	0	0	0	1	1	0	0	0	0	0	0	0	1	0	0	1	0	0	1	0	1	1	0	0	0	0	0	0	0	0	1	0	0	0	0	0	0	0	1	0	0	0	0	0	0	0	1	0	1	0	0	0	0	0	1	0	0	0	0	0	0	0	0	0	0	0	0	0	0	0	1	0	0	0	0	0	1	1	0	0	0	0	0	0	0	0	0	0	0	0	0	0	0	1	0	1	0	0	0	2	0	2	0	0	1	0	0	0	0	0	1	0	2	0	0	0	1	0	1	0	0	1	0	0	0	0	0	0	1	0	0	0	1	0	0	0	0	0	0	1	0	0	1	2	0	0	0	0	0	0	0	1	0	0	0	0	1	0	0	0	0	0	1	0	0	0	0	0	0	0	0	0	2	0	0	0	0	1	0	0	4	0	3	0	1	1	0	1	2	1	3	0	0	2	5	3	1	0	2	1	0	1	2	2	0	0	1	1	0	0	0	0	2	0	0	1	0	0	0	0	0	0	1	0	2	0	1	1	1	1	0	0	2	1	2	0	2	1	1	2	1	3	3	3	1	5	5	8	37	2	11	7	34	25	32	55	43	8	6	14	10	4	11	10	4	10	28	13	16	21	8	8	8	3	1	3	3	1	0	5	5	8	10	12	27	0	76	11	17	4	3	5	4	6	2	2	10	3	2	12	9	12	8	14	18	10	6	4	1	1	1	4	4	7	11	10	16	33	18	10	3	4	6	2	3	3	2	0	0	2	1	1	2	2	1	0	0	1	0	0	1	0	2	1	3	5	3	4	4	0	1	2	4	1	2	0	1	1	1	0	0	1	2	1	3	1	3	3	1	1	0	3	2	2	0	3	1	2	1	1	0	2	0	2	3	1	3	0	0	0	2	3	0	0	3	2	1	0	1	1	0	0	0	1	2	2	3	5	2	2	1	1	0	2	0	1	1	1	0	2	2	0	1	2	0	1	0	1	0	1	0	0	1	0	3	0	2	0	0	1	1	3	0	4	0	1	1	1	2	0	0	0	4	0	2	1	3	2	0	0	1	3	0	1	0	1	2	2	1	0	0	0	1	0	2	0	0	0	0	1	1
0	0	0	0	0	0	0	0	0	0	0	0	1	0	0	0	0	0	0	0	0	0	0	1	0	0	1	0	0	0	0	1	0	0	1	0	0	1	1	1	0	0	0	0	0	0	0	0	0	0	0	0	0	1	0	0	0	0	0	0	0	0	0	1	0	1	0	0	0	0	0	0	1	0	0	1	1	0	0	0	0	0	0	0	0	0	0	0	0	0	0	1	0	0	1	0	1	0	0	0	0	0	0	0	0	0	0	0	0	1	0	0	0	1	1	0	0	1	1	0	0	0	0	0	0	0	0	1	1	1	0	0	0	0	0	0	0	0	0	0	0	1	1	0	0	0	0	0	0	1	1	1	1	1	0	0	1	0	0	0	0	1	0	0	1	1	0	1	1	0	0	0	1	0	1	1	0	0	0	1	2	0	0	0	2	1	1	1	3	1	0	3	0	0	1	1	0	2	0	1	0	2	0	1	4	0	0	1	1	2	1	0	0	0	0	0	0	1	0	1	1	0	1	0	1	1	0	0	0	1	1	0	0	0	1	0	1	2	0	0	2	0	1	1	1	2	2	2	2	0	4	4	11	5	5	15	30	6	4	2	12	14	26	37	57	6	8	11	26	5	10	19	7	7	53	20	9	10	5	4	9	6	2	3	3	3	1	6	8	5	14	14	48	76	0	36	18	3	4	3	5	1	3	3	2	1	3	5	6	6	3	3	5	5	4	2	3	2	1	3	3	2	6	3	12	22	7	8	3	2	2	3	3	0	3	3	1	1	3	1	0	2	3	0	1	0	1	1	1	4	1	3	2	0	1	3	5	3	5	2	3	2	1	1	2	1	0	4	1	1	0	4	2	0	1	1	2	2	3	1	2	0	1	4	4	0	1	2	0	0	3	2	1	2	1	2	2	1	0	1	1	2	0	1	0	2	0	0	1	0	1	0	1	0	4	0	0	0	1	1	2	2	1	1	0	1	0	2	0	2	1	0	1	0	0	1	0	0	1	1	0	0	1	1	0	0	0	1	1	0	3	0	1	1	1	1	1	1	1	0	1	3	2	0	1	2	4	1	0	0	3	0	1	0	0	0	1	4	0	0	0	0	2	0	0	0	1	0	1
0	0	0	0	0	0	0	0	0	1	1	0	1	0	0	0	0	0	0	0	0	0	0	0	1	1	0	0	0	0	0	0	0	0	0	0	0	0	0	0	0	0	0	1	0	0	0	0	0	0	0	0	0	0	0	1	1	0	1	1	0	0	0	0	0	0	0	0	0	0	0	0	0	1	0	0	0	0	0	0	0	0	0	0	0	0	1	0	0	0	0	0	0	0	0	1	0	0	0	0	0	0	0	0	0	0	1	1	0	1	0	1	0	1	0	0	0	0	0	0	0	0	0	0	0	0	0	0	0	0	0	2	0	0	0	0	0	1	1	0	0	0	0	0	0	0	1	2	0	2	0	0	1	1	0	0	0	1	0	1	0	0	0	0	0	0	0	0	1	1	0	0	0	0	0	0	1	1	0	2	0	0	0	1	0	1	0	0	1	0	2	0	1	1	0	0	0	3	2	4	0	1	4	7	2	0	2	4	3	3	2	1	0	0	1	0	0	0	0	0	0	0	0	0	1	1	1	0	0	1	0	0	0	2	2	6	2	1	0	1	2	4	1	0	2	0	2	0	2	2	2	4	11	8	16	10	6	1	4	1	6	12	18	17	38	27	14	73	23	4	4	2	5	5	10	4	2	2	2	6	7	8	2	4	3	6	9	8	11	13	12	23	146	11	36	0	17	6	3	2	4	2	5	0	6	7	2	2	7	3	1	5	9	13	6	5	3	5	3	5	1	5	12	18	30	41	21	11	7	8	10	8	4	2	3	2	1	2	2	1	1	2	2	0	1	0	2	1	1	1	0	1	2	1	1	7	4	4	1	1	1	1	1	3	0	1	2	2	5	4	4	6	2	3	1	1	1	1	3	0	4	3	2	3	3	0	0	2	0	2	3	0	1	1	2	1	2	3	2	0	0	0	3	2	1	1	4	4	0	0	1	1	2	3	3	0	3	1	1	3	1	0	0	2	2	4	2	0	1	4	0	1	2	0	1	0	1	0	1	1	1	0	1	2	0	0	1	0	0	1	3	4	3	1	0	1	0	2	2	0	1	4	0	1	2	3	0	2	1	1	0	0	0	0	0	1	1	2	0	0	0	0	0	0	0	0	0	1	2
0	0	0	0	0	0	0	0	0	1	0	0	0	1	0	0	0	0	0	1	1	1	0	1	2	1	1	0	0	0	0	0	0	0	0	0	0	0	0	0	0	0	0	0	0	0	1	0	0	0	0	0	0	0	0	0	1	1	0	0	0	0	2	0	0	0	0	0	0	0	0	0	0	0	0	0	0	0	0	0	0	1	0	0	0	0	0	0	0	0	1	2	0	0	0	0	0	1	0	0	0	0	0	0	0	1	1	3	0	0	0	0	0	0	0	0	0	2	1	0	1	0	0	0	1	0	0	0	1	0	0	0	0	1	0	0	1	0	0	0	0	0	0	1	1	0	1	0	1	1	1	1	0	0	1	0	0	0	0	1	0	1	1	0	0	2	0	0	2	0	0	0	0	1	0	0	0	1	0	0	0	0	2	1	1	2	0	0	0	1	0	0	0	1	1	0	0	0	0	0	0	1	2	1	0	0	1	1	1	1	1	1	0	0	0	0	0	0	1	2	1	1	3	0	0	1	2	3	0	0	1	0	1	0	2	1	1	2	1	1	1	1	2	3	1	0	2	0	3	2	2	2	3	1	7	6	9	3	6	3	9	7	3	2	10	3	4	5	10	6	4	4	7	3	15	5	7	6	2	2	5	3	0	1	3	2	2	3	2	0	3	8	7	17	18	17	0	8	16	6	2	6	0	7	11	4	3	4	11	16	10	11	3	6	0	2	0	2	2	2	5	7	10	9	12	20	16	6	4	3	6	3	3	4	2	5	1	3	1	1	1	0	0	2	0	1	2	3	1	0	3	0	1	2	1	4	4	3	7	2	2	1	3	0	2	1	1	0	3	2	1	2	1	0	0	3	0	0	0	2	1	4	2	6	2	5	2	2	0	0	4	2	0	1	1	1	0	1	4	1	2	2	0	0	0	0	2	0	1	0	1	4	2	3	4	5	3	1	3	1	0	1	1	0	1	0	1	1	3	2	0	0	2	0	1	0	0	0	1	0	0	1	1	0	0	0	1	0	1	2	1	0	1	3	0	1	0	1	3	3	0	2	1	2	3	1	0	0	0	2	1	0	1	1	0	1	2	1	2	0	0	0	0	0	0	0	0	2	1
0	0	0	0	0	0	0	0	2	0	1	0	0	1	0	0	0	1	1	1	0	0	0	0	0	1	1	2	0	1	1	0	1	0	0	0	1	0	0	0	0	0	0	0	0	0	0	0	0	1	0	0	0	0	0	0	0	0	0	0	1	1	0	0	0	0	0	1	0	1	1	0	0	0	0	1	0	1	0	0	0	0	0	0	0	0	1	0	0	1	0	0	1	0	1	2	1	0	0	0	0	0	0	0	0	0	0	1	0	0	0	0	1	0	0	0	1	0	1	0	0	0	1	0	0	0	0	0	2	0	0	0	0	0	0	0	2	0	0	0	0	0	1	0	3	1	0	0	2	2	1	1	0	0	1	0	2	0	1	0	1	0	0	1	0	1	0	0	1	0	1	0	0	0	0	0	1	0	0	0	1	0	1	0	1	1	0	3	0	1	0	1	0	0	0	0	2	1	2	0	3	2	3	3	1	4	2	2	0	2	2	1	1	0	0	0	1	2	0	2	0	1	1	0	1	1	0	2	0	0	1	1	1	1	1	3	1	1	1	0	0	0	0	0	0	0	3	0	0	1	1	1	1	3	2	2	4	1	2	1	0	3	1	5	1	2	0	3	1	4	1	2	2	2	5	2	1	0	3	2	1	1	0	1	0	0	4	1	1	1	1	5	1	4	3	6	8	0	52	28	18	10	1	6	10	6	7	4	4	2	5	3	3	3	1	6	1	0	6	4	6	16	5	7	6	9	7	5	4	1	0	1	6	4	3	2	3	2	1	1	1	1	2	2	2	1	1	1	0	1	0	0	1	1	2	2	2	3	6	0	1	4	5	2	0	1	0	3	1	1	2	2	2	1	0	2	2	1	2	3	2	2	14	14	8	2	1	2	4	2	2	2	3	8	2	2	4	5	1	1	1	1	1	0	0	0	1	2	3	0	3	1	2	4	8	5	2	4	2	2	1	0	0	0	6	0	2	2	5	0	2	0	0	1	2	0	0	0	2	0	2	1	0	0	2	3	4	1	1	1	5	4	2	1	1	2	1	5	5	5	3	2	4	4	3	1	0	4	5	0	1	3	0	0	1	3	0	1	0	0	0	0	1	0	1	1	1	1	1
0	0	0	0	0	0	0	0	0	0	0	1	0	0	0	1	0	1	0	0	0	1	1	0	1	0	0	0	0	1	0	0	0	0	1	0	0	2	0	0	0	0	0	0	1	0	0	0	0	0	0	0	0	1	0	0	2	0	0	0	0	0	0	0	1	0	0	0	0	3	0	0	0	0	1	0	1	1	0	1	0	0	0	2	0	0	1	1	0	0	0	0	0	0	0	0	0	0	0	1	0	0	0	1	0	1	1	0	1	0	0	2	0	1	2	0	0	0	0	0	0	0	0	1	0	0	0	0	0	0	0	0	1	0	0	0	0	0	0	1	0	0	1	1	0	1	0	0	2	0	2	0	0	0	1	0	1	1	0	1	1	0	1	2	0	0	2	0	0	0	0	0	1	1	1	2	0	1	0	2	0	0	0	0	0	2	0	1	1	3	2	1	0	1	1	1	0	0	0	2	1	2	3	2	0	0	0	3	1	0	4	0	0	0	3	2	1	0	1	0	0	1	0	2	1	1	0	0	2	1	1	2	1	1	3	0	1	0	2	1	2	0	1	0	0	3	0	1	2	1	2	1	3	6	5	2	2	4	1	4	6	1	1	3	5	3	6	3	0	0	5	1	1	1	3	3	2	3	1	5	3	3	3	2	3	1	2	1	2	1	2	0	6	3	4	3	16	52	0	55	32	5	4	6	3	5	2	2	3	2	6	4	4	4	3	4	3	1	7	12	21	22	7	16	5	6	8	5	9	3	5	5	3	5	6	4	5	3	4	2	0	3	2	2	1	1	1	1	2	3	0	2	4	1	1	3	2	6	6	0	8	3	1	0	3	0	0	0	3	2	1	1	0	1	0	3	4	1	3	3	2	4	7	20	5	0	3	2	3	6	5	0	1	2	4	3	4	1	2	3	2	0	1	1	0	2	2	2	0	1	0	3	4	3	9	9	4	1	2	1	0	1	1	3	1	3	4	0	4	1	0	2	2	0	0	1	0	1	0	0	2	0	1	1	0	1	0	1	1	3	4	7	4	2	1	5	1	4	6	8	9	2	1	5	7	1	1	2	0	1	2	0	1	2	0	1	0	0	0	0	1	1	1	1	0	1	2	0	2
0	0	0	0	0	0	0	0	0	1	0	0	0	0	0	0	3	2	1	0	1	0	1	1	0	2	1	0	1	0	1	0	0	0	0	0	0	0	0	0	1	0	0	0	0	0	0	0	1	0	0	0	0	1	0	0	0	0	1	1	1	0	0	0	0	1	1	0	0	1	0	0	0	0	0	0	0	0	1	0	0	0	0	0	0	1	1	1	0	1	0	0	0	0	1	0	0	0	0	2	1	0	0	0	0	0	0	1	1	1	1	0	0	0	0	0	1	1	0	1	0	2	1	0	0	0	1	0	1	0	0	1	0	0	1	0	1	0	2	1	0	2	0	0	0	0	1	0	2	0	0	0	0	0	0	0	0	0	2	0	0	0	1	0	0	0	1	0	0	0	0	0	0	0	0	1	0	1	1	1	0	1	0	0	0	0	1	0	0	1	0	1	0	1	0	0	2	1	1	0	4	3	2	3	3	0	1	4	0	0	1	0	0	0	0	0	0	0	0	0	1	0	0	0	1	2	0	2	2	0	0	2	2	1	2	1	1	0	1	0	0	2	0	0	0	1	0	0	0	1	1	1	0	1	3	4	3	2	1	0	1	1	5	1	4	1	2	2	3	1	2	1	2	2	8	3	0	5	1	1	1	1	0	0	2	0	3	0	0	0	1	2	6	5	3	2	6	28	55	0	66	17	4	5	8	3	1	1	8	5	2	8	2	3	1	3	2	1	3	8	18	12	5	11	11	7	7	2	3	3	1	2	0	3	6	6	3	3	2	3	1	2	1	0	0	0	1	2	3	4	0	2	0	1	3	1	2	2	1	2	2	1	0	1	1	1	2	1	1	3	1	2	0	0	2	0	2	3	2	1	4	3	11	22	15	2	3	4	7	3	5	2	2	5	4	4	4	3	2	2	0	3	2	2	1	2	1	3	1	2	6	2	3	7	20	22	6	3	0	4	2	1	0	2	5	2	2	2	2	1	1	4	1	3	1	0	1	1	0	1	0	1	2	1	1	2	2	1	2	0	8	4	10	4	1	1	6	5	12	11	3	1	6	5	4	2	1	2	1	1	3	1	0	1	3	2	1	1	1	0	1	0	0	0	1	1	4	0	0
0	0	0	0	0	0	0	0	0	0	0	1	1	0	0	1	1	0	0	0	2	0	1	0	0	0	1	0	1	0	0	0	0	2	1	0	1	0	0	0	0	0	1	0	0	0	0	1	0	0	0	0	1	0	0	1	0	2	0	0	0	0	1	0	0	0	0	0	0	0	0	0	0	0	0	1	0	0	1	0	0	0	0	0	1	0	0	0	1	0	0	1	0	0	0	1	0	0	1	0	1	0	1	0	0	0	0	0	2	0	1	3	0	0	0	1	0	0	1	1	0	1	0	0	0	0	0	0	1	0	0	0	0	0	0	0	0	0	0	1	0	0	1	1	0	1	0	2	1	4	2	3	2	1	0	0	0	0	1	1	1	0	0	1	1	0	1	0	0	1	1	0	1	0	1	0	0	0	0	0	1	0	1	0	0	1	0	0	2	1	0	0	1	0	0	2	0	0	0	4	0	0	4	0	0	0	0	0	1	0	1	0	0	0	1	0	0	0	1	1	2	0	1	1	0	0	1	0	1	0	1	1	1	1	1	2	0	0	0	1	1	1	0	1	2	1	1	0	1	1	1	0	5	5	1	0	2	1	3	3	9	1	6	6	1	1	1	5	4	1	1	1	0	3	3	3	0	4	0	3	2	4	0	1	3	0	1	1	1	2	6	4	3	4	5	4	2	18	32	66	0	42	10	18	23	7	3	0	1	2	13	5	8	13	6	5	3	3	6	12	14	14	14	15	2	10	9	3	4	2	4	0	5	5	5	6	4	1	0	1	1	1	0	1	2	2	1	0	2	8	8	6	3	3	1	2	8	4	5	2	4	3	2	1	3	0	2	5	4	2	1	4	1	5	0	0	1	2	1	1	1	3	2	13	4	3	2	3	6	9	5	1	6	4	6	1	2	4	3	4	2	5	1	5	6	1	4	3	3	1	1	4	3	7	46	28	14	5	1	1	1	1	3	3	1	4	2	3	1	2	1	2	1	1	3	0	1	0	1	0	0	2	4	1	2	0	0	0	3	3	5	5	6	1	3	3	4	3	8	8	7	4	7	3	3	1	0	0	0	2	1	2	1	1	4	1	1	1	0	0	2	0	1	0	1	2	0	1	1
0	0	0	0	0	0	0	0	0	0	0	0	0	0	0	1	1	1	0	0	0	0	0	0	1	1	0	0	0	0	0	0	0	1	0	1	0	1	0	1	0	0	0	1	0	1	1	0	0	0	0	0	0	0	0	0	0	0	1	1	1	1	1	0	0	0	0	0	0	0	0	0	0	1	0	0	2	0	0	0	0	0	0	0	1	0	0	1	0	0	0	0	0	0	0	0	1	0	0	1	0	0	1	0	0	1	1	1	0	1	0	0	0	0	1	0	0	0	1	0	1	0	0	0	1	0	0	0	0	0	0	0	0	0	0	0	0	0	1	2	1	0	2	1	0	1	0	2	0	0	0	0	1	0	0	0	0	2	1	0	0	0	0	1	0	1	2	0	0	1	0	0	0	1	0	2	0	0	0	0	0	0	0	0	0	0	1	0	1	1	0	0	0	0	0	1	0	1	0	2	2	0	1	0	0	0	1	2	0	1	1	2	0	0	1	0	1	0	0	1	0	1	3	1	1	0	1	0	0	0	0	0	1	1	0	0	1	0	2	1	0	0	0	1	1	0	0	0	0	0	1	0	0	1	4	1	2	0	2	3	3	4	2	2	1	3	1	2	1	1	2	4	3	3	2	4	1	6	6	4	2	0	3	2	1	1	2	2	1	3	3	1	2	6	1	2	6	10	5	17	42	0	19	154	74	16	4	2	3	4	9	14	11	6	6	6	1	5	0	3	9	7	2	10	8	5	1	4	1	0	0	2	3	3	1	0	1	3	0	0	2	1	0	0	0	0	0	0	1	1	1	6	7	4	1	5	0	6	8	4	3	3	1	1	1	0	1	0	0	1	1	1	2	1	0	0	0	2	1	0	4	2	4	9	4	1	0	3	3	2	3	3	8	17	10	4	8	2	7	0	0	2	3	3	5	1	3	5	2	2	3	5	4	9	40	16	12	3	4	1	2	1	2	1	2	1	0	0	6	3	0	0	4	4	2	1	0	0	0	0	2	1	2	6	4	2	3	3	6	2	7	3	8	1	3	2	2	6	7	1	4	7	12	3	3	3	2	1	0	2	0	1	3	2	1	1	0	0	1	1	0	1	0	1	3	2	1	1	0
0	0	0	0	0	0	0	0	0	0	0	0	1	0	0	0	0	0	1	0	1	1	0	0	0	0	0	0	0	0	0	1	0	0	0	0	1	0	0	0	0	1	0	2	0	0	0	0	1	0	1	0	0	0	0	0	0	0	0	0	0	0	1	0	0	0	0	0	0	0	0	0	0	0	1	0	0	0	0	1	1	0	0	0	0	0	0	0	0	0	0	0	0	0	0	0	0	1	0	0	1	0	0	0	0	0	0	0	0	1	0	0	0	0	0	0	0	0	0	0	0	0	0	0	0	0	0	0	0	0	0	1	0	0	0	0	0	0	0	0	0	2	0	1	0	0	0	0	0	0	1	0	0	0	0	1	0	0	1	1	0	1	0	0	0	0	0	1	0	0	0	0	0	0	0	0	0	0	0	0	0	0	0	0	1	0	0	1	0	1	1	0	1	1	0	0	0	0	1	0	0	0	0	0	0	0	1	1	1	0	0	0	0	1	0	1	2	1	0	0	0	1	2	0	1	0	0	0	1	0	0	1	0	0	0	1	0	1	1	2	1	0	2	2	3	0	0	0	1	1	0	0	2	1	1	0	5	1	3	4	4	5	0	5	1	1	1	1	1	0	0	0	1	1	1	1	6	3	2	3	1	1	0	1	2	1	1	2	0	0	4	1	1	2	3	5	0	1	4	4	10	19	0	42	11	42	19	1	5	1	13	15	5	4	1	0	1	0	1	3	1	0	3	8	4	3	1	1	2	3	1	0	2	1	3	0	0	2	1	0	1	0	0	1	0	2	1	1	1	1	2	8	10	2	3	2	3	5	10	4	4	4	2	2	0	0	2	1	0	0	2	1	1	2	0	1	0	0	3	1	1	0	4	3	3	0	2	1	1	4	1	7	12	17	32	4	13	17	3	10	2	0	3	5	2	1	1	3	3	5	3	5	6	11	11	2	9	3	3	2	0	1	0	2	2	1	3	1	2	1	2	2	0	0	1	1	1	0	0	0	0	0	0	2	2	2	4	2	7	2	4	4	2	0	0	2	0	3	5	5	1	5	3	2	1	5	1	1	2	2	2	0	1	1	3	2	0	0	0	0	1	0	1	0	0	4	1	1	0
0	0	0	0	0	0	0	1	0	0	0	1	1	0	2	0	0	0	0	0	0	1	0	1	0	1	0	2	1	0	0	0	0	0	0	1	0	0	0	0	0	0	0	0	1	0	0	0	0	0	0	0	0	0	0	0	0	0	0	0	1	1	0	1	0	1	0	1	0	2	1	0	0	0	0	1	0	1	0	0	0	0	0	0	0	0	0	0	0	0	0	0	0	0	0	0	0	0	0	0	0	0	0	0	0	0	0	2	0	1	0	0	0	0	0	0	0	0	0	0	0	0	1	0	0	0	0	0	0	0	0	0	1	0	0	0	0	0	0	0	2	0	0	1	0	1	1	1	1	1	0	1	1	0	0	0	1	0	1	0	0	0	0	0	0	0	0	0	0	0	1	0	0	0	1	0	0	0	0	0	0	0	1	2	1	2	0	0	1	0	0	1	0	0	1	0	0	0	0	3	0	1	0	1	2	0	0	0	2	0	1	0	1	0	0	1	0	0	1	0	1	0	0	1	0	0	1	0	0	1	1	0	1	1	0	0	0	0	2	0	0	0	0	0	0	0	1	1	0	1	0	0	0	2	0	1	2	2	2	3	2	2	3	1	4	4	0	1	2	2	0	0	0	3	3	1	5	6	5	1	0	1	3	2	1	2	2	1	2	0	2	3	2	2	3	0	7	6	6	5	18	154	42	0	36	22	11	2	10	3	9	11	8	3	1	3	1	3	3	1	5	6	10	3	7	2	0	3	0	0	0	2	4	0	1	1	4	1	4	2	1	1	1	3	1	1	0	1	2	4	4	3	9	4	2	1	6	3	2	0	3	1	4	1	1	1	1	1	3	1	1	0	4	1	1	1	1	0	2	0	0	3	3	2	5	3	3	1	3	0	3	2	6	22	18	7	11	12	4	4	1	0	0	3	1	4	2	3	1	2	4	5	4	13	37	9	4	0	1	1	1	2	0	1	1	2	2	0	1	0	2	2	2	1	1	0	0	1	1	2	3	4	3	2	1	1	2	2	5	10	3	6	3	0	2	2	1	2	2	6	4	6	7	2	5	3	4	3	0	2	3	1	2	1	2	5	2	2	0	0	1	0	0	2	0	1	1	1	2
0	0	0	0	0	0	0	0	0	0	0	1	0	0	1	0	0	0	0	0	0	0	0	0	0	1	0	0	0	0	0	0	1	1	1	0	0	0	0	1	0	0	0	0	0	0	0	0	1	0	0	0	0	0	0	1	0	1	0	1	1	0	0	1	0	1	0	0	0	0	0	0	0	0	1	0	0	0	0	0	0	0	0	0	0	0	0	0	0	0	0	0	0	0	2	0	0	0	0	0	0	0	1	0	0	0	0	0	0	0	1	0	0	0	0	0	0	1	0	0	0	0	0	0	0	0	1	0	0	0	0	1	0	0	0	0	0	1	0	0	0	1	0	0	0	0	1	2	0	0	0	0	1	0	1	0	0	0	0	0	0	0	0	0	0	0	0	0	0	0	0	0	0	0	0	1	0	1	0	1	1	1	1	1	0	0	0	1	0	1	0	0	0	0	0	0	0	1	0	0	0	2	1	0	1	1	3	1	1	1	0	2	1	0	0	2	1	0	0	0	0	1	0	1	1	0	1	2	1	2	0	0	1	0	2	0	0	0	0	2	0	0	1	0	1	1	1	0	0	1	1	2	2	3	0	1	3	5	2	4	5	4	4	3	7	5	1	1	0	2	3	3	1	4	3	0	3	10	3	3	1	2	2	0	0	1	1	2	0	2	2	2	3	10	2	6	11	10	3	8	23	74	11	36	0	35	14	3	20	2	16	25	19	6	6	3	1	3	3	8	5	4	9	12	5	12	6	2	0	3	3	1	0	4	1	3	1	2	0	4	1	0	4	0	0	2	0	2	0	5	5	4	5	3	4	3	6	3	8	4	2	4	1	1	2	0	3	3	4	1	1	0	1	1	2	2	2	2	0	0	1	0	2	0	2	5	1	1	4	1	2	1	7	10	11	1	5	6	4	2	1	2	3	2	3	1	0	0	0	2	1	0	5	10	11	6	4	5	3	0	0	3	1	0	2	1	0	3	1	0	1	0	2	3	0	1	0	0	0	2	3	0	0	1	0	0	1	2	4	3	8	3	3	1	5	4	2	5	4	2	1	2	0	1	3	2	3	1	1	0	1	1	3	2	2	1	1	1	1	0	1	0	0	0	0	0	2	0	2
0	0	0	0	0	0	0	0	1	0	0	0	0	0	0	1	1	1	0	0	3	0	0	0	0	1	1	0	0	0	0	0	0	0	0	1	0	0	0	0	0	0	0	0	0	0	0	0	0	0	0	0	0	0	0	1	0	0	0	0	0	0	1	0	1	1	0	0	0	0	0	0	0	0	0	0	0	1	0	0	0	0	1	0	0	0	0	1	0	0	1	0	0	0	0	0	0	1	0	0	0	1	0	0	0	0	0	1	0	0	0	0	0	0	0	0	0	0	0	0	0	0	0	0	1	0	0	0	1	0	0	0	0	0	0	0	0	0	0	1	0	0	0	0	0	0	2	2	0	0	0	0	1	1	0	2	0	0	1	0	1	0	0	1	1	0	0	0	0	0	0	0	0	0	0	0	0	0	1	0	0	0	0	0	0	0	0	0	1	1	0	1	0	0	0	1	0	0	0	1	0	0	0	2	0	1	2	1	0	1	2	0	1	1	1	1	0	0	1	0	0	0	0	0	0	1	2	0	0	0	2	1	0	0	0	2	1	1	1	0	0	2	0	1	0	3	3	0	0	1	1	3	1	3	2	0	5	4	7	10	9	6	1	3	3	4	2	3	3	1	5	2	2	3	4	3	1	9	10	5	0	1	0	2	1	2	3	1	1	2	4	2	2	3	1	7	4	6	5	3	7	16	42	22	35	0	54	2	12	2	16	110	28	3	5	0	1	0	2	1	3	1	7	5	2	2	0	4	2	0	0	0	0	0	2	4	2	1	1	1	1	1	0	0	1	0	0	1	1	2	3	6	5	5	4	2	2	5	9	5	6	0	4	2	1	0	2	0	2	0	1	1	0	0	1	0	1	0	0	2	0	0	2	3	1	0	3	0	1	2	2	2	5	6	11	5	5	4	1	3	5	1	1	0	3	1	1	2	3	0	1	1	3	6	5	3	7	4	2	2	0	1	2	0	3	1	1	0	0	3	0	1	2	0	0	0	1	2	0	0	0	0	1	1	4	2	3	1	7	3	1	2	0	1	0	0	2	2	2	2	4	0	5	1	5	0	1	1	0	0	4	0	0	1	1	0	1	0	0	2	2	2	1	2	0	1	1	2	3
0	0	0	0	0	0	0	0	0	1	0	0	0	0	0	0	0	0	0	0	0	0	0	1	1	0	0	1	0	0	1	0	0	1	0	0	0	0	0	0	0	0	0	1	0	0	0	1	0	1	0	0	0	0	0	0	0	0	0	1	0	0	0	0	1	0	0	0	1	0	0	0	0	0	0	0	0	0	0	0	0	0	0	1	0	0	0	0	0	0	0	0	1	0	0	0	1	0	0	0	0	0	0	0	0	0	0	1	0	2	0	0	1	0	0	0	0	0	0	0	0	0	0	0	0	0	0	0	0	0	0	0	0	0	0	0	0	0	0	0	0	0	2	0	0	1	0	1	0	0	0	0	0	0	1	0	1	0	0	0	0	0	0	0	0	0	0	0	0	0	0	0	0	0	0	0	0	0	0	0	1	0	0	1	2	1	0	1	0	0	0	0	0	0	0	0	1	1	0	1	0	0	2	0	2	0	0	0	0	1	2	0	1	1	0	0	0	0	1	0	0	0	1	0	0	0	0	2	0	0	0	1	4	0	0	0	0	0	0	0	1	0	1	1	1	0	0	0	0	0	0	0	0	1	0	2	4	8	8	7	8	4	4	3	2	0	0	2	1	0	2	1	2	2	0	4	5	18	5	9	3	1	0	2	1	2	0	1	1	5	3	4	1	2	3	2	3	7	2	1	3	4	19	11	14	54	0	8	3	3	10	20	12	3	3	1	1	1	0	1	3	1	3	2	3	2	3	1	3	2	4	0	1	1	0	1	0	1	1	0	1	0	0	0	0	0	2	2	1	1	4	7	8	5	3	2	2	2	3	0	2	1	0	0	0	1	0	1	1	1	1	0	0	0	1	2	1	0	0	1	2	0	2	1	1	1	0	1	0	1	3	3	3	10	7	1	5	4	4	3	1	2	2	1	0	2	0	5	1	3	4	0	1	3	3	2	1	0	1	1	0	1	1	0	3	1	0	0	0	0	2	1	2	0	1	2	1	0	0	0	0	1	1	3	3	1	1	3	2	1	1	0	1	3	1	0	1	4	2	2	1	2	3	2	1	1	1	3	0	0	0	0	0	1	2	0	0	1	0	1	0	0	0	1	0	0	2	0	0
0	0	0	0	0	0	0	0	0	0	0	0	1	0	0	0	0	1	0	0	0	2	0	0	0	1	0	0	0	0	1	0	0	0	0	0	0	1	0	1	0	1	0	0	0	0	0	0	0	0	1	0	0	0	0	0	0	0	0	0	1	0	0	1	0	1	0	0	0	0	0	0	0	0	0	0	1	1	0	1	0	0	1	0	0	0	0	0	0	0	0	0	1	0	0	1	0	0	0	0	0	0	0	0	0	0	0	0	0	1	0	1	0	0	0	0	1	0	0	0	0	0	0	0	0	0	0	0	0	0	0	0	0	0	1	0	0	0	0	0	0	0	0	0	1	0	0	0	2	1	0	2	0	1	0	0	1	1	1	0	0	1	1	0	1	1	0	0	1	1	0	2	0	0	0	0	0	0	0	0	0	1	0	0	1	0	1	1	0	0	1	2	1	0	0	2	2	1	0	2	0	0	1	0	1	0	0	3	3	1	2	1	0	0	1	0	0	0	2	3	0	1	1	0	0	1	0	0	0	0	0	1	0	1	2	0	0	0	0	0	1	0	0	1	0	0	0	1	1	0	0	2	1	3	1	5	10	12	12	20	18	4	2	3	3	4	4	2	4	1	8	5	3	7	12	6	7	3	4	3	0	0	1	0	0	0	2	2	1	0	2	1	3	12	5	2	4	4	2	1	0	2	1	2	3	2	8	0	35	63	10	5	3	1	1	2	2	1	1	0	3	1	5	1	1	2	0	2	2	3	1	0	2	2	2	2	0	1	1	1	1	0	0	0	0	1	1	0	0	3	0	0	1	1	1	2	2	3	1	1	1	2	0	0	0	0	0	2	0	1	1	1	1	0	0	0	0	2	0	0	3	1	0	0	2	1	0	0	1	1	2	0	2	2	0	0	1	0	1	0	1	2	0	0	0	1	1	1	3	1	2	0	1	1	3	0	2	4	0	0	1	1	0	1	0	1	0	0	1	0	0	0	2	2	1	0	0	0	1	0	2	1	1	1	2	0	1	0	1	0	1	0	0	1	2	0	1	3	5	2	2	2	0	3	0	0	1	0	0	0	1	0	0	1	1	0	0	0	1	0	0	0	0	0	0	0	0	1	0
0	0	0	0	0	0	0	0	1	0	2	0	1	0	0	1	0	2	0	0	2	0	0	0	0	0	0	1	0	1	2	0	0	0	0	0	0	0	0	1	0	0	0	0	0	0	0	0	0	0	0	0	0	0	0	1	0	0	0	0	0	0	1	0	0	0	0	1	0	0	0	1	1	0	0	1	0	0	0	0	0	0	0	0	0	1	1	0	0	0	0	0	0	0	0	1	2	0	0	0	1	0	0	0	0	0	0	0	0	0	0	0	0	0	0	1	0	0	1	0	0	0	0	1	1	0	0	0	1	0	0	0	0	0	0	1	0	0	0	0	0	0	1	1	2	0	0	0	1	0	0	0	2	0	1	0	0	0	0	1	0	0	0	0	1	0	0	0	0	0	0	1	0	0	0	0	0	0	1	0	0	0	2	1	0	0	0	0	3	1	1	0	1	0	0	0	2	1	0	1	0	1	2	1	3	1	0	0	0	2	0	0	1	2	0	0	1	2	0	1	0	1	0	0	0	0	1	0	1	1	1	0	0	2	0	0	3	1	0	1	0	0	1	2	0	0	1	3	3	4	1	2	4	1	3	0	15	15	7	25	51	7	1	6	10	2	3	4	1	1	6	6	5	10	13	8	9	9	8	3	4	2	1	0	2	3	1	6	1	5	2	5	2	9	6	7	11	4	3	8	1	3	5	10	20	12	3	35	0	35	84	10	7	2	1	1	4	2	1	2	0	5	8	4	7	7	4	2	1	4	2	0	4	1	2	1	3	2	0	1	0	1	0	0	0	0	0	0	0	1	2	0	1	2	2	1	5	3	3	0	0	1	1	0	0	1	0	0	1	2	2	1	1	1	1	0	0	1	1	0	4	0	2	1	1	1	0	0	1	1	0	1	6	1	3	2	4	3	4	3	1	5	0	1	0	1	2	0	0	0	2	0	2	6	1	3	3	0	1	1	1	0	0	2	3	1	2	0	1	1	1	0	1	2	1	0	1	0	1	1	2	0	0	1	1	1	1	0	2	1	3	2	1	0	1	2	1	1	0	1	2	3	4	0	4	0	1	0	1	3	0	1	2	0	1	1	0	0	1	0	0	0	0	0	0	2	1	0	1
0	0	0	0	0	0	0	0	0	0	0	0	0	0	1	0	0	0	0	0	0	0	1	0	0	0	0	0	1	0	0	0	0	0	0	0	0	0	0	1	0	0	0	0	0	0	0	0	0	0	0	0	1	0	2	0	1	0	0	0	0	0	0	0	0	0	0	0	0	0	1	0	1	0	0	1	0	0	0	0	0	1	0	0	0	0	0	0	0	1	0	0	0	0	0	0	0	0	0	0	1	0	0	0	0	0	1	0	0	0	2	0	0	0	0	0	0	0	0	0	0	0	0	0	0	0	0	0	0	1	0	1	0	0	0	0	0	0	0	0	0	1	0	0	0	0	1	1	0	1	0	0	1	1	1	0	1	0	0	0	0	0	0	0	0	1	1	0	1	0	0	0	0	0	0	0	0	0	0	0	0	1	0	0	0	1	0	0	2	0	0	0	0	0	0	2	2	1	1	0	2	1	2	0	0	2	0	0	1	1	0	0	0	0	1	1	0	0	1	1	0	1	0	0	0	0	0	0	0	1	2	2	0	0	2	2	3	0	0	0	2	1	1	0	0	0	2	1	0	1	3	0	3	4	1	3	6	11	9	11	15	3	3	1	2	3	1	5	3	3	4	6	7	6	10	5	6	4	3	3	3	0	1	0	3	1	3	1	6	3	3	1	1	12	6	3	16	2	2	5	2	4	1	3	2	2	3	63	35	0	21	6	6	1	2	3	2	1	1	1	1	3	1	5	3	3	2	1	1	2	1	3	2	2	1	2	4	1	2	0	0	1	0	0	0	1	1	1	1	1	1	0	1	3	1	2	1	1	0	2	0	1	1	1	0	1	1	0	1	0	1	1	3	1	1	1	0	1	1	2	0	3	1	2	3	2	2	1	1	0	0	0	1	3	0	1	1	3	1	2	0	1	0	0	0	1	1	0	3	1	0	0	1	1	3	2	0	1	0	0	2	1	1	0	0	0	1	1	0	0	0	0	0	0	0	0	0	1	0	1	0	0	1	0	0	2	0	2	1	4	1	2	1	1	0	1	0	0	0	0	0	2	2	0	2	0	0	2	0	0	1	1	1	3	0	1	1	1	0	1	0	0	2	0	0	0	0	1	0
0	0	0	0	0	0	0	0	0	0	1	0	0	0	0	0	1	0	0	0	0	0	0	0	1	1	0	0	0	0	0	0	0	0	0	0	0	0	0	0	0	0	0	0	0	0	0	0	0	0	0	0	0	0	0	0	0	1	0	0	0	0	0	0	0	0	1	0	0	0	0	0	0	1	0	0	0	0	0	0	0	0	1	0	0	0	1	0	0	0	0	0	0	0	0	0	0	0	0	0	1	0	0	1	1	0	0	0	0	0	1	0	2	1	1	0	0	0	0	0	0	0	0	0	0	0	1	0	0	0	1	0	0	0	0	0	0	0	0	0	1	0	0	0	0	0	1	0	0	1	0	1	0	0	0	1	0	3	0	1	0	0	0	0	0	0	1	0	0	1	0	0	2	0	0	0	0	0	2	0	0	1	0	1	0	0	0	1	0	0	0	1	1	0	1	1	1	1	0	0	0	0	0	1	2	1	0	1	1	0	0	0	1	0	0	0	0	0	0	1	1	0	0	0	1	1	0	0	0	0	1	3	0	0	1	0	1	0	0	0	1	0	1	3	1	1	2	1	1	1	1	1	0	1	2	5	5	4	16	26	24	3	7	6	4	3	1	0	6	3	1	4	6	6	3	5	9	13	6	5	0	2	2	1	2	0	4	2	2	2	2	3	7	8	3	1	10	5	6	2	13	9	13	9	16	16	10	10	84	21	0	14	9	2	2	2	2	2	2	4	1	2	2	5	2	3	2	1	0	1	1	1	3	3	0	1	1	1	0	0	4	0	1	2	3	1	0	2	0	1	1	3	3	0	3	2	2	4	3	0	1	2	4	0	1	1	2	3	2	3	1	2	0	1	0	0	0	1	2	0	5	1	2	1	2	0	1	0	1	0	0	1	4	2	6	1	2	4	0	3	0	0	1	3	1	1	0	1	1	2	3	0	1	5	7	5	3	0	0	1	0	1	1	1	1	0	2	0	3	3	0	0	0	0	0	0	0	0	0	1	0	0	2	2	0	0	0	0	3	6	3	2	0	1	1	0	1	1	2	2	1	3	4	2	0	1	0	1	2	1	0	0	0	1	0	0	2	1	0	1	0	0	0	0	3	1	1	1	0
0	0	0	0	0	0	0	0	1	0	1	0	0	0	0	0	1	0	1	0	0	0	2	1	1	1	0	1	0	0	0	0	0	0	0	0	0	1	1	0	0	0	0	0	0	0	0	0	0	0	0	0	0	1	0	0	0	0	0	1	2	1	0	0	0	0	0	0	1	0	0	0	0	0	0	0	0	0	0	0	0	0	0	0	0	0	0	0	0	0	0	0	0	0	0	1	1	0	2	0	0	0	0	0	0	1	0	0	0	1	0	0	0	1	0	0	0	0	1	0	0	0	2	0	0	0	0	0	0	0	0	0	0	2	0	0	0	1	0	0	0	0	0	1	0	0	1	0	0	0	1	0	0	0	0	0	0	0	1	1	1	0	0	1	1	0	1	0	0	0	0	0	0	2	0	0	0	0	1	1	0	1	0	2	0	0	0	0	0	1	0	0	1	0	0	0	0	1	0	2	0	0	2	1	1	0	1	0	1	1	0	1	0	0	2	1	0	0	2	0	1	0	1	1	0	1	0	0	0	0	0	0	0	1	0	0	0	0	0	0	1	2	0	0	0	3	1	0	0	1	0	2	5	0	1	6	11	8	7	9	10	8	8	6	6	6	1	3	1	1	2	4	6	2	3	4	5	28	18	4	3	0	2	1	2	4	3	1	3	0	1	6	2	14	3	5	11	3	4	8	5	14	15	11	25	110	20	5	10	6	14	0	46	9	2	1	1	0	2	2	3	3	7	3	8	5	5	2	2	2	1	1	1	1	0	0	1	4	2	0	0	0	1	0	1	2	0	1	1	1	2	8	9	4	1	5	3	3	8	2	1	3	3	1	2	3	3	0	1	0	0	0	1	2	1	0	1	1	1	2	1	2	1	1	2	2	1	0	0	3	2	2	5	13	7	3	6	5	3	2	1	0	1	1	3	0	3	1	4	3	2	2	5	3	8	4	7	1	1	1	4	0	0	0	0	1	2	4	1	0	0	0	0	0	0	0	1	2	0	0	1	0	0	0	0	2	1	1	0	3	3	2	0	1	0	1	1	1	2	2	3	2	2	2	4	2	2	0	0	1	1	0	2	0	1	1	1	0	1	2	1	0	1	0	1	0	0	1	0
0	0	0	0	0	0	0	0	0	0	0	0	0	0	0	0	0	0	0	2	0	0	0	0	0	0	1	1	0	0	0	0	0	1	0	1	0	0	0	0	0	0	0	1	1	0	0	0	1	1	0	0	0	0	1	0	0	1	0	0	0	1	0	0	1	0	0	0	2	0	0	0	0	0	0	0	0	0	0	0	0	1	0	0	0	0	0	0	0	0	1	0	0	0	0	0	1	0	1	1	0	0	0	0	0	0	0	0	0	1	0	0	0	0	1	0	0	0	0	0	0	0	1	0	1	2	0	0	0	0	0	0	0	0	0	0	0	0	1	1	0	0	0	0	1	0	0	1	1	0	0	1	0	1	1	1	2	0	0	0	1	1	1	0	1	0	0	0	0	0	0	1	0	0	1	0	0	0	0	0	0	0	1	0	0	0	0	0	0	0	0	0	0	1	0	0	1	0	0	0	1	0	1	1	0	1	1	1	0	2	2	0	1	0	0	0	0	1	1	0	0	0	1	0	1	0	0	0	0	0	1	0	2	2	1	1	0	1	0	1	1	0	1	0	0	1	1	2	1	0	0	1	1	3	0	5	8	2	7	5	13	22	8	8	7	3	1	5	4	1	1	1	3	0	7	2	6	29	31	23	6	0	1	3	3	1	3	2	1	2	10	5	8	18	5	9	3	3	4	2	8	11	5	8	19	28	12	3	7	6	9	46	0	16	7	4	2	2	4	1	4	2	16	8	8	11	4	4	2	2	1	0	3	0	0	2	0	0	1	1	2	1	0	3	1	1	1	2	1	2	6	7	10	8	3	8	5	14	9	7	3	3	2	0	3	0	0	5	2	1	2	1	0	2	1	0	2	0	0	1	5	2	2	2	4	1	1	2	1	2	2	1	4	6	2	6	5	5	2	4	3	4	3	2	4	3	1	3	2	1	4	5	4	4	5	2	7	3	1	0	1	0	0	0	4	2	4	3	1	0	0	1	2	2	0	0	0	2	0	0	0	0	0	1	0	0	3	2	1	4	0	2	1	3	1	0	3	1	3	1	3	3	1	1	2	0	1	1	0	0	4	0	1	1	2	4	1	0	0	0	1	0	1	0	1	0	1	0	0
0	0	0	0	0	0	0	0	0	0	0	0	0	0	0	1	0	0	0	1	1	1	0	1	0	1	0	2	0	0	0	1	0	0	0	0	0	1	1	1	0	0	0	1	0	0	1	0	0	0	0	0	0	1	0	1	0	0	0	2	0	0	0	0	0	0	0	0	1	0	0	0	0	0	0	0	0	0	0	0	0	0	0	1	0	0	0	0	0	0	0	0	0	0	0	0	0	0	0	0	0	0	2	0	0	0	1	0	0	0	1	1	0	0	0	1	0	0	0	0	0	0	0	0	0	0	0	0	0	0	0	0	0	0	1	0	0	0	1	0	0	0	1	1	2	0	0	0	0	0	0	1	0	1	0	0	1	0	0	0	0	1	0	0	0	1	1	0	0	0	0	0	0	0	0	2	0	1	0	2	0	0	3	0	0	0	1	1	0	0	0	0	3	2	1	3	1	0	2	2	1	2	4	1	0	0	2	0	2	0	1	4	0	0	0	0	1	0	0	3	0	0	0	0	0	0	0	0	2	1	1	0	2	1	0	0	1	0	0	3	0	2	0	2	0	1	2	0	1	1	0	3	2	6	2	4	7	1	3	0	6	12	10	16	6	4	5	2	4	2	1	4	1	2	6	4	3	4	8	9	10	3	3	2	2	7	9	6	2	5	20	11	6	10	5	13	6	3	4	3	13	6	4	3	6	3	3	1	2	1	2	9	16	0	27	10	2	10	3	11	6	13	139	57	29	30	15	10	6	6	5	4	3	4	3	8	1	1	3	1	1	1	0	1	1	1	0	1	4	4	6	3	3	4	2	13	25	38	12	6	9	9	10	1	1	2	4	6	13	1	3	5	3	2	0	1	1	3	5	6	5	4	4	7	3	4	1	2	2	1	0	1	3	8	3	5	5	3	2	3	5	0	3	6	4	1	3	1	2	0	3	1	3	2	5	5	5	7	3	5	1	4	0	2	0	3	2	0	2	1	0	0	1	1	0	2	1	0	0	0	2	0	0	0	2	1	2	1	2	3	3	5	2	2	2	3	4	2	4	6	8	6	5	3	2	0	0	2	1	1	1	0	1	1	0	0	1	1	0	0	0	0	0	1	0	1	1	0	0
0	0	0	0	0	0	0	1	0	1	0	0	0	1	1	0	1	0	0	1	0	0	1	0	0	0	0	1	0	0	0	0	0	0	1	1	1	0	0	0	0	0	0	0	1	0	0	0	0	0	0	0	1	0	0	1	0	0	0	0	0	0	1	0	0	0	0	0	0	0	1	0	0	0	0	2	0	0	0	0	0	0	1	0	1	0	0	0	1	0	0	0	2	0	0	1	0	0	0	0	1	0	1	0	0	0	0	0	1	0	0	0	1	0	0	0	0	0	0	0	0	1	0	0	0	0	0	0	0	0	0	0	0	0	0	0	1	0	0	0	1	0	1	1	2	0	0	2	0	0	1	0	0	0	0	0	0	0	0	0	0	0	1	0	0	0	0	1	1	1	0	0	0	0	0	0	0	0	1	0	0	0	1	0	1	0	0	1	0	2	1	0	2	1	0	0	1	0	0	0	2	2	4	4	1	1	1	1	1	0	1	0	1	0	0	0	1	0	0	0	3	1	0	0	0	0	1	0	1	1	0	0	1	3	1	2	1	0	1	2	0	1	0	3	2	3	1	2	0	2	1	3	2	7	0	2	7	2	3	1	2	5	6	7	5	7	5	6	1	1	3	1	0	2	1	1	0	4	1	2	10	3	8	2	5	5	9	8	2	5	12	9	6	6	4	6	0	1	3	1	6	6	1	1	6	5	3	1	1	2	2	2	7	27	0	45	8	39	19	25	6	9	12	16	15	13	11	19	6	14	9	5	3	2	3	2	5	0	1	1	2	2	2	6	4	3	2	2	5	28	1	2	4	3	1	15	29	17	11	10	8	6	8	1	4	2	3	7	23	9	4	5	7	6	7	7	3	12	13	10	3	5	4	5	3	2	1	0	2	4	4	1	1	2	2	0	1	2	4	1	1	5	4	9	2	3	1	1	1	1	1	1	0	3	4	4	6	6	1	3	2	4	1	3	6	6	1	3	3	2	0	1	2	0	1	0	0	0	2	0	0	1	2	0	0	1	2	0	2	3	0	3	2	1	3	4	5	3	2	2	7	4	6	3	5	0	0	0	1	0	1	0	2	0	2	5	2	1	1	0	0	0	0	1	0	1	0	1	0
0	0	0	0	0	0	0	1	0	0	0	1	0	0	0	0	1	0	0	0	1	0	0	0	1	0	0	0	0	1	0	0	1	0	1	0	2	1	1	0	0	0	0	0	1	0	0	0	0	0	0	0	0	0	0	1	0	0	0	0	0	0	0	2	0	1	0	0	0	0	0	0	1	1	0	0	0	1	0	0	0	0	0	0	0	0	1	0	0	0	1	1	0	0	0	0	0	0	0	0	0	0	0	0	1	0	0	0	0	0	0	0	0	0	0	0	0	1	0	0	0	0	0	0	0	1	0	0	0	0	0	0	0	0	0	0	0	0	0	0	1	1	0	0	0	2	2	1	0	3	1	1	0	2	0	0	0	1	0	0	1	0	1	1	0	0	0	0	1	1	0	1	1	0	1	0	0	0	0	0	0	1	1	0	0	0	0	0	2	2	1	0	0	1	1	1	0	2	5	2	1	5	1	3	1	0	0	3	1	2	0	1	0	2	0	2	0	0	1	2	1	0	0	1	0	1	0	0	1	1	1	1	2	3	1	0	0	2	1	0	2	2	1	1	1	1	3	0	2	1	2	1	2	0	3	2	2	0	2	2	0	3	5	2	5	7	7	6	2	3	1	1	0	1	4	1	3	2	4	2	4	4	4	7	7	9	11	4	1	2	10	11	2	4	2	5	2	6	4	3	5	6	0	3	3	0	1	2	1	3	2	1	4	10	45	0	19	34	42	24	13	17	14	12	9	14	21	11	16	11	14	16	4	3	11	6	2	6	2	6	5	0	4	6	2	2	3	5	3	17	4	1	1	1	2	6	14	3	3	5	9	3	7	4	3	2	4	2	16	2	6	4	17	5	3	2	4	14	22	9	18	16	10	4	5	3	0	2	2	2	4	1	2	3	2	0	3	0	0	0	2	1	3	7	4	2	1	3	0	1	0	2	3	2	4	7	3	2	0	2	4	3	3	3	6	4	3	1	4	6	3	2	2	1	1	1	4	0	0	0	2	0	1	0	2	1	1	1	1	1	2	3	5	4	0	1	5	2	5	6	6	2	2	4	1	0	0	0	1	1	1	1	2	1	0	3	2	0	0	0	0	1	1	1	1	0	1	3	0
0	0	0	0	0	0	0	0	0	0	0	0	0	0	0	0	0	0	0	0	0	0	0	0	0	1	0	1	0	1	0	0	1	1	0	0	0	0	0	0	0	2	0	2	0	0	0	0	0	0	0	0	0	0	0	0	0	0	0	0	0	0	0	1	0	0	1	0	1	0	0	0	0	0	0	0	0	0	1	0	0	0	1	1	0	0	0	0	0	1	0	0	0	0	0	0	1	0	0	0	0	2	0	0	0	1	0	0	0	0	1	2	0	0	0	0	0	0	0	0	0	0	0	0	0	0	0	0	0	0	0	0	1	0	0	0	0	0	0	0	0	1	1	1	0	0	0	1	1	3	1	2	2	2	0	2	1	1	0	2	1	1	0	1	0	0	0	0	0	1	0	0	0	1	0	0	0	2	1	1	0	0	0	0	0	3	0	1	2	3	1	3	0	1	3	0	1	2	1	3	2	6	1	1	2	2	0	1	0	0	1	1	0	1	0	0	0	2	1	0	2	1	0	2	1	0	0	1	1	4	4	0	0	3	1	1	1	0	1	0	0	2	1	1	0	3	1	2	1	2	2	3	3	0	1	0	1	0	1	0	0	7	2	1	3	4	3	5	3	0	2	0	1	1	1	0	2	1	4	1	5	2	3	5	2	5	2	2	3	1	7	7	0	1	3	3	0	1	3	2	3	1	1	1	1	1	1	2	4	2	2	1	2	2	8	19	0	60	28	16	9	8	5	8	7	4	5	5	4	11	5	3	5	5	4	2	7	3	4	3	0	3	7	10	8	4	4	9	14	25	5	0	1	2	1	3	2	9	3	4	3	3	2	4	5	0	6	3	29	4	32	11	22	8	0	12	17	30	169	36	20	7	12	8	8	4	0	3	1	2	2	0	0	2	1	1	1	1	1	2	1	4	2	3	4	1	3	1	1	0	0	1	1	0	1	2	0	1	7	2	3	5	5	3	13	15	1	1	13	2	1	3	0	1	0	2	1	0	0	0	3	2	0	2	0	2	1	1	0	0	1	2	5	1	4	3	2	1	4	4	3	4	4	2	0	2	2	0	0	0	2	2	2	0	0	2	1	1	1	1	0	0	0	0	0	2	0	0	1
0	0	0	0	0	0	0	0	0	0	0	0	1	0	0	0	0	1	0	1	0	1	0	0	1	0	0	1	0	1	1	0	0	0	1	1	1	0	1	0	0	0	0	1	0	0	0	0	0	0	0	0	0	1	0	1	1	0	2	0	0	1	0	0	0	0	1	0	0	0	0	0	0	0	0	0	0	0	0	0	0	0	0	0	0	0	0	2	1	0	0	0	0	1	0	0	0	0	0	0	0	0	0	0	0	1	0	0	0	1	1	0	0	0	0	0	0	0	0	0	0	1	0	2	0	0	0	0	0	0	1	0	0	0	0	0	0	0	0	0	0	1	0	0	0	0	1	0	0	2	0	0	1	1	0	0	1	0	0	0	1	1	0	0	0	0	1	1	0	0	0	0	0	0	0	1	0	0	1	1	2	1	0	1	0	2	0	0	0	0	2	1	0	2	2	1	3	4	3	2	3	2	3	8	0	1	1	2	1	1	2	2	1	0	0	0	1	0	0	0	0	1	1	3	0	1	2	1	2	1	1	0	2	0	3	1	1	1	1	0	1	1	2	0	0	1	0	1	2	4	2	0	1	4	0	2	3	1	1	1	0	2	3	3	4	4	4	3	1	2	1	0	3	2	3	0	1	2	0	1	5	2	9	3	4	7	11	4	1	1	5	7	1	1	2	5	2	0	1	1	3	5	0	3	3	0	1	1	2	1	2	0	2	10	39	34	60	0	15	9	10	4	4	6	5	4	7	17	4	12	3	5	4	3	5	3	4	4	3	4	0	2	6	8	6	7	6	5	10	30	3	3	1	2	5	6	18	4	5	3	5	4	6	2	9	3	9	11	97	19	24	9	21	8	9	8	14	23	41	9	14	8	12	2	4	7	0	1	3	1	3	1	3	1	2	1	1	2	1	1	2	1	3	12	3	2	2	0	1	2	2	2	2	0	2	3	2	2	4	0	5	5	2	3	9	8	6	3	8	4	3	1	3	1	1	2	1	0	0	0	0	2	1	0	0	1	0	2	1	0	3	1	0	2	0	2	3	4	6	2	7	4	2	1	2	2	1	1	1	1	0	0	0	1	2	0	1	0	0	1	0	1	2	0	0	2	1	1	0
0	0	0	0	0	0	0	0	0	0	1	0	0	0	2	1	0	0	1	0	0	0	0	0	0	0	1	1	0	0	0	2	1	0	0	0	0	0	0	0	0	0	0	0	0	0	0	0	1	0	0	0	0	0	0	2	0	0	0	0	1	0	0	1	0	1	0	0	0	0	0	0	0	0	0	0	0	0	0	0	0	1	1	0	0	0	0	2	0	0	0	0	0	0	0	0	1	0	0	0	0	1	1	1	0	0	0	0	0	0	0	0	0	0	0	0	0	0	1	0	0	0	1	0	0	1	0	0	0	0	2	0	0	1	0	1	0	0	0	0	1	1	0	0	0	1	0	2	1	2	1	3	1	0	0	0	2	0	1	2	2	2	0	1	1	1	0	0	0	1	1	0	0	0	0	0	2	0	0	0	0	0	0	0	0	2	1	1	1	3	1	2	2	3	1	2	2	0	0	2	0	9	2	2	0	1	2	2	1	0	1	0	0	1	4	0	1	0	1	1	0	2	0	1	0	2	1	1	5	1	1	5	1	2	1	0	1	0	2	1	0	1	2	0	1	2	0	1	1	1	1	2	2	4	2	1	0	2	2	0	2	5	3	3	2	1	1	5	0	2	3	0	0	0	2	2	2	3	4	2	4	2	1	2	2	0	1	2	1	1	4	5	2	1	1	3	2	6	7	3	6	0	1	3	3	2	0	1	1	1	2	2	4	3	19	42	28	15	0	56	26	12	5	11	6	6	7	5	9	8	8	4	4	6	9	7	6	5	6	2	0	4	5	7	1	2	4	2	7	18	4	6	4	3	0	5	10	5	4	1	7	5	11	5	4	2	1	5	11	5	10	3	8	0	4	6	8	10	24	15	27	36	25	7	11	4	4	0	0	5	6	3	2	4	0	0	0	0	1	0	1	1	8	6	0	0	1	1	0	2	3	2	1	0	2	8	9	7	3	7	2	5	2	2	10	8	7	4	23	5	1	1	2	1	1	0	0	0	0	0	0	4	2	0	1	3	3	0	1	0	4	1	5	1	6	5	3	13	7	11	10	1	3	0	1	0	2	2	2	2	0	0	1	0	0	4	0	0	3	1	1	0	0	1	0	1	2	0	0
0	0	0	0	0	0	0	0	0	0	0	0	0	1	0	0	0	0	0	0	1	0	2	1	1	2	0	0	0	1	1	0	1	1	1	1	0	0	0	0	0	0	0	1	0	1	0	0	0	0	0	0	0	0	1	0	0	0	0	1	0	1	1	0	0	0	0	0	0	0	0	1	2	2	0	1	0	0	0	0	0	0	0	0	0	1	0	0	0	0	0	0	0	1	1	1	0	0	0	0	0	0	0	0	0	1	0	0	0	1	0	1	0	0	0	0	0	0	0	0	1	1	0	0	1	0	0	0	1	0	0	1	0	0	0	0	0	0	0	0	0	0	0	0	0	0	0	1	1	1	1	0	1	2	0	1	0	1	0	1	1	0	0	0	0	1	0	1	0	0	0	0	0	0	2	1	0	0	0	0	1	0	0	0	0	0	2	1	0	0	3	1	3	0	4	0	0	0	2	0	0	2	5	4	0	0	1	0	2	1	3	0	0	0	3	1	0	0	0	1	0	2	0	0	1	1	0	2	1	0	2	1	2	1	2	1	1	2	0	0	1	1	0	0	1	0	2	0	0	2	1	1	1	4	1	0	1	1	4	0	2	4	3	5	3	4	6	2	1	1	3	0	1	3	2	2	1	0	1	2	5	3	1	1	3	1	7	0	4	2	9	6	1	4	3	5	2	4	12	8	12	3	3	1	8	1	1	0	2	1	4	2	1	11	25	24	16	9	56	0	46	27	8	14	10	4	9	4	8	7	3	2	5	2	6	9	4	2	1	1	1	4	5	0	2	3	4	1	5	26	7	1	2	4	2	7	15	15	2	2	14	6	10	4	4	0	6	3	11	8	1	1	6	1	2	4	3	4	4	9	7	8	18	10	5	3	0	3	1	4	3	3	1	6	4	3	2	2	4	1	1	2	2	8	7	1	6	4	2	1	5	1	2	1	2	11	12	4	6	7	2	3	3	3	7	7	3	4	5	2	5	1	4	1	0	1	1	1	2	0	1	0	0	1	1	4	1	5	0	1	7	3	0	11	3	5	2	6	15	8	9	4	8	4	5	0	3	3	2	1	1	4	2	2	3	4	3	1	0	1	0	0	1	1	0	2	0	0	1
0	0	0	0	0	0	0	0	0	0	0	0	0	0	0	0	0	0	0	2	0	0	1	1	0	2	0	1	0	0	1	0	0	0	0	0	1	1	0	1	1	0	0	0	0	0	0	0	0	1	0	0	0	0	0	0	1	0	0	0	0	1	0	1	0	0	0	0	1	0	0	0	0	0	0	0	0	0	1	0	1	0	0	0	0	0	0	0	0	0	1	0	1	1	0	0	1	0	0	0	1	0	0	0	0	0	1	1	1	0	0	0	0	0	0	0	0	0	0	0	0	0	0	0	0	0	0	0	1	0	0	0	0	0	0	0	0	0	0	0	0	2	0	0	0	1	1	0	1	2	2	0	4	1	0	1	0	0	1	2	2	0	0	0	0	0	1	0	0	0	0	0	1	1	1	1	0	0	1	1	0	1	1	1	1	1	0	2	5	1	1	1	1	1	1	1	0	1	0	2	1	0	1	1	0	1	3	0	2	0	3	0	0	0	1	0	0	0	1	2	0	1	0	0	0	0	2	1	1	0	1	0	3	1	2	4	0	0	1	1	0	0	1	0	1	2	2	2	1	1	0	1	1	3	4	0	0	3	1	4	5	2	5	3	6	3	2	2	2	1	1	2	4	1	1	0	0	1	2	2	2	1	3	2	2	2	2	3	1	1	5	2	4	4	3	1	5	6	21	18	14	9	1	5	5	3	3	3	0	1	1	3	4	6	6	13	9	10	26	46	0	110	7	26	8	7	14	5	9	5	5	2	7	7	15	5	4	5	3	1	2	1	3	4	0	1	6	1	2	6	0	2	0	3	0	1	5	6	2	3	4	6	3	1	2	1	5	4	4	0	0	1	1	2	2	3	5	1	4	4	11	26	30	46	17	9	2	3	0	5	4	3	3	3	4	2	4	1	0	2	3	1	2	6	3	0	2	3	2	3	3	2	1	3	6	19	14	3	4	0	0	0	2	1	3	5	5	5	5	2	0	2	3	0	3	0	1	0	0	1	0	1	0	0	1	2	2	4	2	2	4	4	6	8	1	3	4	6	13	18	6	4	5	3	3	1	2	0	5	2	0	0	3	3	0	0	2	0	0	2	0	0	1	2	0	0	1	2	0
0	0	0	0	0	0	0	0	0	1	0	1	0	0	2	0	1	0	0	0	1	1	2	0	1	0	1	1	0	2	0	0	0	1	1	1	0	1	0	0	0	0	1	0	1	0	0	0	1	0	0	0	0	0	0	1	0	0	0	0	0	0	0	1	2	2	0	0	0	0	0	0	0	1	0	0	0	0	0	0	0	0	1	1	0	0	1	1	1	1	0	1	0	0	0	0	0	0	1	0	1	0	0	0	0	0	0	0	0	2	0	0	1	0	1	0	0	0	0	0	1	0	0	0	0	0	0	0	0	0	0	0	0	0	1	0	0	0	0	0	0	0	0	1	1	0	1	1	1	2	0	1	1	0	1	0	3	0	1	0	0	1	3	0	0	0	0	0	0	0	2	0	0	0	0	0	1	1	0	0	1	0	0	2	0	0	1	2	1	1	1	1	2	0	0	1	3	2	0	0	0	2	3	1	1	0	1	1	1	0	1	0	1	2	1	2	0	0	0	1	0	1	0	0	0	3	1	2	1	4	1	2	3	3	0	2	0	0	0	1	0	1	0	2	2	5	3	1	1	1	0	1	0	3	3	4	2	4	2	4	1	2	7	1	4	2	3	7	2	1	1	1	1	2	2	0	3	2	1	9	1	9	3	3	3	2	3	5	4	2	2	5	2	7	2	5	7	16	22	12	14	7	0	6	4	1	1	1	5	3	2	3	2	13	9	17	8	4	12	27	110	0	16	25	22	8	21	9	6	10	7	4	14	5	15	15	5	4	2	6	1	1	4	7	1	3	2	1	2	5	1	5	2	0	2	4	5	5	2	2	4	5	2	3	2	2	2	4	6	4	6	5	3	1	1	1	4	1	14	8	7	10	14	31	13	3	2	2	6	5	3	1	2	3	1	3	1	5	0	4	0	2	1	4	2	0	2	1	1	1	0	2	0	4	6	12	3	1	2	3	2	3	1	2	1	4	8	1	4	0	0	1	2	0	2	0	1	1	0	1	0	4	1	2	2	2	1	2	0	3	3	5	1	3	2	3	1	4	8	8	4	7	2	2	2	2	1	1	1	2	2	2	2	1	0	2	3	0	1	2	2	2	1	0	0	0	0	0	1
0	0	0	0	0	0	0	0	0	0	0	0	1	1	0	0	1	0	1	0	0	0	2	0	0	0	0	0	0	0	0	1	2	0	0	0	0	0	0	1	0	0	0	0	0	0	0	0	1	1	0	0	0	0	0	0	0	0	1	0	0	0	1	0	0	1	0	0	0	0	0	0	0	1	0	0	0	0	0	0	0	0	2	0	0	0	0	0	1	0	0	0	0	1	1	0	1	0	0	1	1	0	0	1	1	0	0	0	0	1	0	0	0	0	0	0	0	0	0	0	1	1	0	0	0	1	0	1	1	0	0	0	0	0	1	0	0	0	0	1	0	1	0	0	3	1	0	1	1	1	1	1	1	0	1	1	0	0	1	0	1	0	0	1	0	1	0	0	0	1	0	0	0	0	0	1	1	0	0	0	0	0	0	0	1	1	1	1	2	0	4	0	0	3	0	3	2	0	1	0	0	2	1	1	1	1	2	0	1	0	1	3	0	1	0	0	0	0	0	0	1	0	0	1	0	0	0	0	1	0	1	2	1	0	0	3	1	0	0	1	1	0	0	1	0	0	1	1	0	1	1	0	2	1	5	5	4	7	5	3	5	16	18	11	7	8	5	6	8	4	3	1	3	1	7	2	4	10	3	5	13	3	4	1	3	2	5	7	2	4	17	14	13	11	6	12	10	5	7	5	14	2	3	10	9	7	3	5	8	1	2	7	16	139	12	14	5	4	5	8	7	16	0	104	68	43	17	13	7	3	4	1	1	4	5	4	1	3	4	0	1	1	1	0	2	0	3	0	2	11	3	8	9	5	3	9	7	19	5	9	10	7	2	2	2	5	1	0	7	4	3	3	3	1	2	1	3	3	3	8	3	2	8	4	4	0	1	1	2	2	2	2	2	6	2	3	7	4	3	2	3	2	3	2	2	4	4	2	2	1	0	5	5	3	9	5	6	3	1	3	0	1	1	1	1	3	2	3	3	1	2	1	1	2	0	0	1	1	1	0	1	0	4	0	2	1	1	0	7	2	0	5	4	0	1	4	0	2	6	5	9	3	2	4	0	0	3	0	2	1	0	0	0	2	4	1	1	1	1	1	1	2	0	0	0	1	0	0	0
0	0	0	0	0	0	0	0	0	1	0	0	0	0	0	0	0	0	1	0	0	1	0	0	1	1	0	0	0	0	1	0	1	0	1	0	0	0	0	0	0	0	0	0	0	0	0	0	0	0	0	0	0	0	0	0	0	0	0	0	0	0	0	0	0	1	0	0	0	0	0	0	1	0	0	0	0	0	0	0	0	0	0	0	0	0	0	1	0	0	0	0	0	0	1	0	0	0	1	1	0	0	0	0	0	1	1	0	0	0	0	0	1	0	0	0	0	0	0	0	0	0	0	1	0	1	0	1	0	0	0	0	0	0	0	0	0	1	0	0	0	0	0	0	0	0	1	2	0	0	0	2	0	0	1	0	0	1	0	1	0	0	1	0	0	0	1	0	0	0	1	0	1	0	1	0	0	0	2	1	0	0	0	0	1	0	0	0	1	1	4	1	0	0	0	2	3	1	0	4	2	1	1	1	2	3	1	0	0	1	1	0	1	0	0	0	0	1	0	1	1	0	1	1	0	2	0	2	1	1	1	1	2	2	1	1	2	1	0	0	0	1	0	1	3	3	0	0	0	0	0	1	2	2	1	2	3	1	0	0	2	5	4	7	7	12	4	11	3	2	3	0	4	2	1	3	2	4	6	5	3	3	2	0	3	2	5	5	2	4	2	4	3	10	3	18	9	7	16	11	15	10	8	3	12	5	2	1	4	5	5	3	8	57	16	12	8	6	11	14	26	25	104	0	61	21	25	9	8	4	5	1	4	5	3	4	2	3	3	2	2	3	1	1	2	1	2	2	2	5	2	3	5	2	2	6	11	8	8	4	3	1	4	1	3	1	1	5	6	4	3	3	2	2	1	0	3	0	6	1	3	3	5	8	2	2	1	4	3	1	4	3	2	7	4	2	3	1	4	1	2	2	1	4	4	0	1	1	1	4	1	0	3	2	5	10	11	2	0	1	1	2	1	1	2	3	1	1	7	1	2	1	1	2	1	1	1	0	0	0	1	1	1	1	2	1	2	1	8	1	6	1	4	2	2	2	3	2	5	12	5	2	7	2	1	0	1	1	0	0	0	0	2	1	4	2	2	2	1	0	0	0	0	1	1	0	1	1	1
0	0	0	0	0	0	0	0	0	0	0	0	0	0	0	0	1	2	0	0	0	0	0	0	1	0	2	0	2	0	1	2	0	0	0	0	0	0	0	0	0	0	0	0	0	1	0	0	0	1	0	0	1	1	0	1	0	1	0	0	0	2	1	0	0	0	0	1	0	0	0	0	0	1	0	1	0	0	0	0	0	0	0	0	0	0	1	0	0	1	0	0	0	0	0	0	0	0	0	0	1	1	0	0	0	0	0	0	0	0	0	0	2	0	0	1	0	0	0	1	0	1	1	0	0	0	0	0	0	1	0	0	0	0	1	0	0	0	1	1	1	1	0	1	1	0	2	0	0	0	0	1	0	1	2	0	0	0	2	0	0	1	0	0	0	1	0	1	0	0	0	0	0	0	0	0	0	0	1	0	0	0	0	0	0	0	0	1	0	2	0	0	3	1	1	2	1	1	2	3	2	3	2	0	1	1	0	0	1	0	1	0	2	0	2	1	1	0	0	0	3	0	1	0	1	0	0	0	1	1	0	2	3	1	1	1	1	1	0	0	1	0	0	1	1	0	2	0	2	2	1	3	4	6	6	5	4	0	0	3	7	7	13	4	15	11	5	15	6	1	0	2	5	1	5	3	3	3	4	6	9	5	6	3	1	3	4	7	6	5	15	15	13	16	12	30	12	6	5	11	2	8	4	7	5	2	3	1	7	3	2	8	8	29	15	9	7	5	6	10	8	22	68	61	0	115	81	12	16	9	10	4	5	4	3	5	2	2	3	3	1	5	4	1	2	0	1	1	1	5	2	2	5	3	4	5	9	8	0	4	6	6	4	0	2	0	2	5	5	5	8	3	3	2	4	1	0	5	5	2	3	3	5	4	3	3	1	2	0	3	4	2	4	5	4	2	0	6	0	2	2	0	4	5	1	1	3	3	0	1	3	1	3	3	5	5	3	5	1	1	2	1	2	0	2	3	2	2	5	0	0	1	4	0	0	1	0	2	1	2	1	0	1	0	2	0	1	2	1	3	2	3	0	3	1	3	2	1	3	5	3	4	2	1	1	2	0	1	1	1	2	2	3	0	2	2	1	4	0	2	1	0	0	0	0	0	0	0	2
0	0	0	0	0	0	0	0	0	0	0	0	0	0	0	1	0	0	1	1	0	1	0	0	0	0	0	1	0	0	0	0	0	1	0	0	0	1	1	0	0	0	0	0	0	0	0	0	0	0	0	0	0	0	0	0	0	0	0	0	0	0	2	0	0	0	1	0	0	0	0	0	0	1	0	1	0	0	0	1	0	0	1	0	0	0	0	0	0	0	1	0	0	0	0	0	0	0	1	0	0	0	0	0	0	1	1	2	0	0	0	0	0	0	0	0	1	0	0	0	0	0	1	0	0	0	0	1	0	0	1	0	0	1	1	2	0	0	1	0	0	0	0	0	1	4	2	2	1	2	1	0	1	0	0	0	0	1	0	0	0	3	0	0	1	0	0	1	0	0	0	0	1	0	1	0	2	0	0	0	4	1	0	0	1	0	1	2	0	0	0	0	1	3	1	2	1	1	1	1	1	1	3	4	1	0	2	1	0	1	0	0	1	3	1	0	0	0	0	0	0	0	0	1	1	0	1	1	1	0	1	3	0	2	0	1	0	1	0	0	1	0	2	0	1	1	1	0	2	1	3	3	4	6	5	12	9	3	3	4	8	7	15	18	22	13	5	12	7	4	2	4	2	4	14	5	7	3	3	5	8	1	6	4	2	7	6	4	3	7	15	19	22	33	22	41	20	9	6	7	10	5	3	2	12	2	2	2	7	3	3	5	11	30	13	14	4	4	6	4	7	8	43	21	115	0	50	8	4	5	11	1	4	1	3	3	1	2	2	3	1	1	3	2	0	1	3	2	0	1	3	5	3	3	1	2	10	7	1	4	5	4	4	3	1	1	0	1	4	4	2	2	2	4	3	7	1	3	6	4	2	6	2	6	2	5	2	2	0	5	2	1	2	5	1	1	1	2	0	2	2	0	3	0	1	1	0	1	1	2	4	0	3	0	3	6	0	1	1	0	2	1	0	0	3	1	0	0	1	5	1	0	4	3	1	1	0	1	0	0	1	0	0	3	1	1	0	1	2	1	2	0	1	2	0	0	2	3	3	2	1	0	2	1	1	2	1	2	0	2	0	0	1	3	1	1	0	0	0	1	1	0	1	0	0	1	0	1	2
0	0	0	0	0	0	0	1	0	0	0	0	0	0	0	0	0	0	1	0	0	1	0	1	0	2	1	0	0	1	0	1	0	1	0	1	0	0	0	0	0	0	1	0	0	1	0	0	0	1	1	0	0	0	0	1	1	0	0	0	1	0	1	1	0	0	0	0	1	0	0	0	0	0	0	0	0	0	1	0	0	0	0	0	0	0	1	0	0	0	0	0	0	3	1	0	0	1	0	0	1	2	2	1	0	0	0	1	0	0	0	0	0	0	0	0	1	0	0	0	0	0	1	0	0	0	0	0	1	0	0	0	0	1	0	0	0	1	1	1	0	0	0	0	1	2	0	2	1	0	2	0	0	0	1	1	0	0	1	1	1	0	1	0	1	1	0	0	1	0	0	0	0	1	0	0	2	0	1	0	2	1	0	1	0	0	0	1	3	3	0	0	2	1	1	1	4	3	1	1	0	3	2	5	6	0	2	3	4	0	2	0	0	1	0	0	0	0	0	0	0	0	0	0	0	0	0	0	0	3	0	2	3	1	2	2	2	1	0	0	0	0	0	0	4	3	1	2	1	1	3	1	6	6	13	2	5	1	0	2	5	5	6	7	11	13	12	29	7	0	4	3	2	3	4	1	2	2	0	5	7	7	8	3	6	2	4	4	3	4	18	5	16	18	7	21	16	7	8	7	9	1	1	0	6	0	3	0	4	2	2	5	4	15	11	21	5	7	7	9	14	21	17	25	81	50	0	36	22	12	15	6	4	4	6	6	2	1	2	2	3	3	0	3	0	1	3	2	1	5	5	2	5	2	1	4	6	6	3	6	5	2	4	1	0	3	2	2	6	7	5	1	2	2	4	2	0	4	8	7	7	3	5	12	3	2	3	0	1	2	4	1	3	2	1	2	0	1	1	4	0	4	2	1	2	2	2	1	0	1	1	2	1	2	3	3	3	1	2	1	0	3	4	0	2	2	4	0	4	1	0	1	0	3	1	0	0	0	0	1	0	1	0	0	0	1	0	0	2	0	2	0	0	0	0	0	1	3	4	3	6	1	1	2	3	1	2	1	1	1	2	0	0	2	0	2	0	1	1	0	0	1	1	0	2	1	1	0	0
0	0	0	0	0	0	0	0	1	0	0	0	0	0	0	1	0	0	0	0	0	0	2	3	0	1	0	0	0	0	0	0	1	0	0	0	0	0	0	0	0	0	0	0	0	0	0	0	0	0	0	2	0	0	0	0	0	0	0	0	0	0	0	1	0	0	0	0	2	0	0	0	0	1	0	0	0	0	0	0	0	0	0	0	0	0	0	0	0	0	1	0	0	0	1	0	0	0	0	0	1	0	0	1	2	0	0	0	1	0	0	0	1	0	0	1	0	0	0	1	1	0	0	0	1	0	0	1	1	1	1	0	0	0	0	1	0	0	1	0	1	1	0	0	2	2	0	1	0	1	0	2	0	0	0	1	1	1	0	0	0	0	3	0	0	0	0	1	1	0	2	0	0	0	0	0	0	0	1	0	0	1	0	1	0	3	0	2	1	1	3	3	2	0	4	5	2	2	3	1	3	5	8	9	3	3	3	4	2	2	2	4	2	0	0	0	1	0	1	1	0	2	1	1	1	0	0	0	1	1	2	3	1	4	4	5	4	3	0	2	1	0	0	2	6	5	4	2	2	5	7	1	4	10	7	6	3	2	0	1	3	3	4	7	8	24	16	33	2	2	3	0	1	5	2	2	4	0	1	4	8	18	5	6	8	14	16	7	6	2	10	12	11	10	8	11	6	5	5	2	3	4	1	3	2	4	1	2	2	1	1	2	4	10	19	11	5	17	5	4	5	9	13	9	12	8	36	0	41	61	171	22	7	7	6	5	0	1	4	3	5	3	3	1	2	4	2	1	2	9	2	2	2	0	5	2	11	7	1	2	4	2	4	1	1	3	3	4	5	6	11	5	9	3	4	4	1	10	4	10	5	6	2	3	0	0	3	0	2	1	3	0	1	1	1	0	2	3	0	1	2	0	3	2	1	1	0	1	0	1	2	1	0	3	1	2	2	3	1	2	3	3	0	3	2	2	0	3	2	1	0	0	1	0	0	0	0	0	0	0	1	0	1	0	2	0	0	2	1	1	1	1	1	2	2	0	1	3	3	0	1	3	3	2	0	1	2	0	0	0	0	0	1	2	2	3	0	1	1	2	0	2	0	0	0	1	0	0	0
0	0	0	0	0	0	0	0	0	0	0	0	1	0	0	1	0	0	0	0	0	1	0	0	1	0	0	1	1	1	0	0	2	0	0	0	2	0	0	0	0	0	0	0	0	0	0	0	0	0	0	1	0	0	0	0	0	0	1	0	2	0	0	0	0	0	1	0	0	0	0	0	0	0	0	0	1	0	0	1	0	0	0	1	0	0	1	0	1	0	0	0	1	1	0	0	1	0	0	0	0	1	0	1	0	0	2	0	0	0	0	0	0	0	0	1	0	0	0	0	0	1	0	0	0	0	0	0	0	0	1	1	0	0	0	1	0	0	0	0	0	1	0	0	0	0	2	1	0	1	3	1	1	0	0	0	0	1	1	1	1	1	0	1	0	0	0	1	3	1	0	0	0	0	0	0	0	1	1	0	0	1	0	1	0	0	0	0	2	4	0	2	3	1	1	2	1	1	2	2	6	8	5	4	6	1	2	1	6	4	1	2	1	2	0	0	0	1	0	2	0	2	1	0	0	0	1	2	3	3	0	1	2	0	2	4	6	4	2	1	3	1	0	2	5	3	5	0	0	2	2	2	5	7	6	6	1	3	0	1	2	5	2	3	2	2	8	11	3	5	3	1	2	1	6	2	1	1	1	2	5	8	3	7	5	4	10	2	2	1	6	6	1	3	3	7	4	4	9	3	4	1	2	0	0	2	3	2	1	1	0	2	2	6	6	16	4	4	9	8	9	6	7	8	16	4	22	41	0	114	49	43	17	4	7	11	6	9	10	5	3	8	6	6	2	1	3	2	3	7	1	0	0	2	2	4	6	2	0	2	3	0	6	3	0	1	3	2	2	6	8	7	5	3	1	8	3	5	10	13	15	10	6	13	4	2	1	0	0	3	2	2	1	3	1	1	1	0	1	1	0	0	1	4	2	0	1	0	0	0	3	0	0	3	3	2	0	3	4	4	2	3	0	3	6	0	3	2	4	2	0	0	0	3	0	2	0	0	0	1	0	1	0	0	2	0	0	1	3	1	0	2	2	0	1	1	1	2	4	1	3	0	0	0	0	0	0	0	1	0	1	0	0	2	2	0	1	0	1	1	0	0	0	0	2	1	1	0	0
0	0	0	0	0	0	0	0	0	0	2	0	0	0	1	0	0	2	1	0	2	1	1	0	1	1	2	1	0	0	0	0	0	1	0	1	0	1	0	0	1	0	0	0	0	0	0	0	0	0	1	0	0	0	1	0	0	0	0	0	0	0	1	0	0	0	0	1	0	0	0	0	0	1	0	0	0	1	0	0	1	0	0	0	1	0	0	0	0	0	0	0	0	0	0	1	0	1	0	0	2	0	0	1	0	0	0	0	0	0	0	0	0	0	0	1	0	0	0	0	1	1	0	1	1	1	0	0	0	1	1	0	1	0	1	0	0	0	0	0	0	0	0	0	0	1	0	0	0	0	1	0	2	0	0	1	0	2	1	1	1	1	5	1	1	0	1	0	0	2	0	0	0	0	0	0	0	1	0	0	1	0	1	1	4	2	2	0	1	1	3	1	0	2	4	2	4	1	4	5	5	13	4	14	0	4	2	1	0	3	3	1	0	1	2	1	1	1	0	1	2	0	0	2	1	2	0	1	1	1	3	2	2	2	1	1	9	0	1	1	2	0	2	3	5	5	2	3	0	4	2	5	4	5	8	3	2	2	2	1	1	1	5	7	6	4	8	17	4	2	3	4	1	1	3	2	2	4	1	2	1	16	4	1	8	4	8	8	5	2	4	7	4	4	2	8	3	1	3	3	2	0	3	0	3	0	2	3	4	2	1	2	2	6	14	11	11	12	8	7	5	10	3	4	9	5	12	61	114	0	114	38	12	7	6	5	7	5	7	8	5	7	5	3	1	2	4	5	5	3	4	0	2	2	1	2	2	3	3	1	4	2	3	1	3	2	3	3	4	7	13	10	13	7	2	3	6	18	12	10	18	1	4	4	2	1	2	0	2	1	2	0	2	0	1	0	1	0	3	0	0	0	1	1	1	3	0	1	1	1	2	0	0	0	2	2	1	3	1	0	0	0	1	4	2	2	1	3	5	2	3	0	3	1	1	0	0	0	0	0	2	1	0	1	1	1	0	1	2	0	1	1	1	1	0	1	3	4	4	1	1	2	1	0	0	0	0	2	0	0	3	0	0	0	0	1	2	2	0	0	1	0	0	0	1	0	0	0	0
0	0	0	0	0	0	0	0	0	0	0	0	0	0	0	0	0	0	2	1	0	0	1	0	0	0	0	0	1	0	0	2	2	0	1	0	0	0	0	0	0	0	0	0	0	1	0	0	1	1	1	0	0	0	0	0	1	1	1	0	0	1	2	1	0	0	0	0	0	0	0	0	0	0	0	0	0	0	0	0	0	0	0	0	0	1	0	1	0	0	1	0	0	0	0	0	0	0	0	0	0	0	1	0	1	0	0	0	0	0	0	0	0	1	0	1	0	0	0	0	0	0	0	0	1	0	1	0	0	0	0	1	0	1	1	0	0	0	0	1	1	1	0	0	0	1	0	0	0	1	1	0	1	1	0	0	0	0	1	0	0	0	1	1	0	0	1	0	1	0	1	0	2	1	1	0	0	0	0	0	0	0	1	0	0	0	2	1	1	2	7	3	5	1	2	2	3	5	7	8	1	7	4	18	5	5	3	4	5	1	8	0	1	0	1	0	1	1	0	0	0	1	1	0	1	1	1	3	0	2	1	0	1	2	5	1	2	1	3	1	0	1	3	2	4	9	0	2	4	5	5	1	8	10	11	11	2	1	3	0	1	2	5	4	6	9	29	27	6	3	3	3	0	1	3	2	3	3	2	5	4	21	7	9	12	10	15	9	4	5	6	11	5	6	2	10	6	0	5	1	4	0	1	0	3	0	4	1	2	1	1	1	1	5	9	14	5	3	8	3	5	7	4	5	10	11	15	171	49	114	0	31	10	2	8	6	3	4	8	5	3	4	0	2	3	0	1	0	3	1	0	1	0	0	1	5	6	6	4	3	0	2	2	2	1	1	0	2	4	2	9	11	7	5	3	2	3	6	9	2	8	3	5	8	1	0	3	0	2	1	0	1	0	2	2	0	5	1	1	0	1	1	0	1	0	1	0	0	1	0	0	4	5	2	4	2	0	2	1	2	2	0	0	4	2	4	1	0	3	1	0	0	0	2	0	0	0	1	0	0	0	0	1	0	0	1	0	1	0	1	0	2	1	0	0	1	2	2	3	2	2	3	1	0	2	1	0	2	1	0	0	1	0	0	0	3	0	1	0	0	1	0	1	1	0	0	1	0	2
0	0	0	0	0	0	0	0	0	0	0	0	1	0	0	0	1	0	1	0	2	2	0	0	2	0	1	2	1	0	0	0	1	0	1	0	0	1	0	0	0	0	0	0	0	0	2	0	0	0	0	0	0	0	0	1	0	0	0	1	0	1	0	0	0	0	0	1	0	0	0	0	0	0	0	1	0	0	1	0	0	1	0	0	1	0	0	1	0	0	0	0	0	0	0	1	0	0	0	2	0	0	0	1	0	1	1	0	0	0	1	0	1	0	0	0	0	0	0	0	0	0	0	0	0	0	0	0	0	0	0	0	0	0	0	0	2	2	0	1	1	1	1	0	2	3	1	1	2	2	1	0	1	1	0	0	1	0	3	0	1	0	2	0	2	0	0	0	1	0	0	0	1	0	0	0	0	0	0	2	0	0	2	1	0	1	1	1	1	3	4	0	2	6	1	4	9	4	2	5	3	6	7	9	4	1	5	5	4	2	5	2	1	2	0	2	2	1	0	0	1	1	1	0	0	2	0	1	3	1	3	4	0	4	1	5	2	1	2	2	2	5	3	1	5	7	3	3	1	4	3	3	1	6	5	3	0	2	0	0	3	2	3	1	2	4	9	12	0	4	4	1	1	3	0	1	0	1	1	2	3	6	5	2	7	6	5	5	7	4	2	6	1	2	3	8	3	1	5	2	0	2	0	2	1	0	0	0	0	3	1	1	0	4	5	16	3	5	4	2	2	4	1	1	4	1	6	22	43	38	31	0	25	9	9	11	2	9	9	5	0	10	5	5	2	1	3	1	4	1	2	2	1	2	1	0	5	1	1	0	4	3	0	0	1	2	0	1	1	2	4	7	3	1	1	5	2	9	5	6	6	9	6	5	3	2	0	1	0	1	1	1	0	2	1	0	1	1	0	2	1	1	0	2	1	0	1	2	2	1	1	0	0	0	2	2	1	1	1	2	1	0	1	1	1	1	3	2	0	0	1	0	1	1	1	1	0	0	0	1	0	1	0	0	0	0	1	1	1	0	0	3	0	1	2	3	2	1	1	1	1	0	2	1	4	3	1	0	1	0	0	0	0	1	0	3	1	1	1	1	2	0	0	0	0	0	0	0	0
0	0	0	0	0	0	0	0	0	0	0	0	1	0	0	0	0	1	0	2	1	0	0	0	1	2	1	1	0	0	0	2	0	0	1	0	2	0	0	0	0	0	0	0	0	0	0	1	0	0	0	1	1	0	1	0	2	0	0	0	2	1	1	0	0	0	0	0	1	0	0	0	0	1	1	0	0	1	0	0	0	1	1	0	0	0	1	2	2	0	1	1	1	0	1	0	0	1	2	0	1	1	0	0	2	0	1	0	1	0	0	2	1	0	1	2	0	0	0	0	1	0	0	2	0	0	0	0	1	0	1	0	0	0	0	0	0	0	2	0	0	3	0	0	1	3	1	1	1	3	3	2	2	0	1	1	0	3	0	1	1	1	2	0	0	0	0	0	1	0	1	1	0	0	0	1	0	1	3	1	1	0	0	2	0	0	4	2	3	2	6	1	2	2	3	1	2	3	1	0	1	5	4	3	1	3	1	4	6	2	5	4	3	1	2	0	1	1	3	3	0	1	1	0	1	0	2	1	3	2	0	1	4	2	4	4	6	4	1	0	3	0	0	1	1	4	3	0	3	0	2	1	4	6	4	3	1	0	2	3	3	1	2	0	1	4	3	4	4	3	0	0	1	3	0	2	1	1	2	2	3	3	2	1	1	1	2	1	2	2	1	4	3	3	3	4	3	6	3	0	5	3	2	4	0	0	1	2	4	2	3	1	3	3	3	4	5	4	4	5	7	14	1	4	5	4	4	7	17	12	10	25	0	32	9	25	6	10	19	10	3	5	1	1	1	1	2	1	3	2	2	0	1	1	2	3	1	3	1	0	1	2	0	0	0	0	2	0	2	3	2	3	4	0	2	0	0	4	3	5	6	9	6	11	4	4	1	4	1	2	0	1	0	3	0	0	3	1	3	1	0	0	1	1	0	0	0	1	1	1	0	1	0	0	4	2	0	1	3	2	2	2	0	0	5	1	3	2	3	1	1	2	0	1	0	0	0	0	0	0	0	1	2	0	0	4	1	1	0	1	1	2	5	2	2	3	4	0	3	3	4	2	3	1	1	0	1	1	0	0	1	1	2	1	1	0	1	0	1	1	0	0	0	0	0	0	0	1	1
0	0	0	0	0	0	0	1	1	0	0	0	0	0	1	0	1	0	3	1	0	0	1	1	2	1	2	0	2	2	1	1	1	1	0	0	1	0	0	0	0	0	0	0	0	2	1	0	0	0	0	1	0	0	0	0	0	0	1	2	0	0	1	0	1	1	0	1	0	0	0	0	1	1	0	1	0	0	0	0	0	0	0	1	2	0	0	0	0	0	0	0	0	3	0	1	0	0	1	1	1	1	0	0	1	0	0	0	2	2	0	0	1	0	1	0	0	1	0	1	0	0	1	1	0	0	1	0	1	0	0	0	0	0	0	0	0	0	0	1	1	4	1	0	1	2	1	4	2	2	2	3	2	3	2	0	1	1	0	1	1	1	3	1	0	0	0	1	1	1	1	0	0	1	2	0	1	0	1	1	2	2	0	2	0	1	2	1	5	3	2	2	1	1	1	1	4	1	2	0	1	4	2	3	2	1	0	0	1	3	5	1	4	2	0	1	0	0	2	2	1	1	4	3	1	2	3	7	2	4	3	4	2	4	4	6	1	4	1	4	3	0	0	3	4	4	3	0	1	1	3	0	1	2	2	1	2	0	1	0	1	1	1	2	1	1	4	1	1	0	0	0	0	1	1	0	1	0	1	1	2	1	2	3	0	0	1	0	2	1	0	4	0	3	0	2	4	4	5	3	5	3	1	0	4	0	1	2	1	2	3	1	0	4	2	3	5	3	6	2	7	5	4	5	4	1	4	7	4	7	2	9	32	0	29	119	29	25	17	7	3	14	7	3	2	1	1	3	1	5	0	1	1	2	0	5	0	4	0	2	0	2	1	1	0	2	2	0	5	2	7	2	2	2	0	2	2	3	5	6	10	7	9	9	7	5	1	2	0	3	2	1	2	0	1	1	1	2	1	0	1	2	0	1	2	1	2	1	0	2	0	0	0	1	3	3	3	1	1	1	2	1	0	0	4	2	1	5	7	2	2	2	3	2	0	1	0	1	0	0	1	0	0	0	0	0	0	1	0	1	0	3	1	5	8	1	5	0	3	4	0	1	3	0	0	1	0	1	0	0	0	1	1	1	1	3	2	2	0	0	1	1	1	0	1	0	1	0	0
0	0	0	0	0	0	0	0	0	0	0	0	0	0	0	0	0	0	1	1	2	0	3	0	0	1	0	0	0	1	1	1	0	0	1	0	0	0	0	0	0	0	0	1	0	0	0	0	1	0	1	0	0	0	0	0	1	0	0	1	0	0	1	0	0	1	0	0	2	0	0	0	0	2	1	1	0	2	0	0	0	0	0	0	0	3	0	0	1	0	0	0	1	0	1	0	1	1	0	1	1	0	0	0	0	0	1	0	0	0	1	1	0	1	1	1	0	0	0	0	1	0	0	0	0	1	1	1	0	0	0	0	0	0	0	0	0	1	0	0	0	0	2	0	0	1	3	2	2	3	3	0	3	2	2	4	2	1	2	0	1	0	0	3	0	0	0	2	0	1	1	0	0	0	0	0	0	0	1	3	3	0	0	0	1	0	3	2	3	3	4	0	2	0	1	2	1	1	0	1	2	2	1	2	0	1	2	2	3	1	5	1	0	0	1	0	0	0	1	3	3	3	1	1	2	1	1	2	4	2	2	0	6	4	4	2	1	2	0	4	1	0	1	2	2	1	2	1	1	2	0	2	3	1	1	0	0	0	0	1	0	0	2	3	2	2	2	4	2	0	1	0	1	1	6	0	1	0	1	2	3	4	2	2	4	3	3	2	0	0	4	2	0	2	3	3	2	3	6	6	5	1	3	1	1	2	0	2	2	1	0	0	0	3	3	11	4	5	9	6	15	15	5	3	3	3	6	6	7	6	8	9	9	29	0	75	16	9	5	5	1	6	8	5	3	0	2	2	4	2	1	1	2	0	0	2	1	1	2	0	3	1	1	1	1	1	1	2	6	1	3	2	1	0	0	1	1	1	6	12	11	35	29	37	27	8	6	5	2	7	3	0	1	3	1	1	2	2	0	0	0	1	2	4	0	1	0	1	0	1	1	1	1	3	3	5	0	2	1	0	3	1	1	2	8	3	8	11	14	3	2	1	3	0	1	1	2	0	0	1	0	0	2	0	1	0	0	2	1	1	2	4	6	12	13	4	4	4	4	4	0	1	4	2	2	1	1	0	0	1	1	1	2	2	3	3	1	1	1	0	1	0	0	0	1	0	0	2	0
0	0	0	0	0	0	0	0	0	1	1	1	0	0	2	0	0	0	1	1	2	1	0	0	0	2	1	1	3	0	1	1	1	0	0	0	0	0	1	0	0	0	1	0	0	0	0	0	0	2	0	1	1	1	1	0	0	1	2	1	0	1	0	1	0	0	0	1	0	0	1	0	0	0	2	0	0	1	0	1	0	0	0	0	0	0	0	0	0	0	0	0	1	0	0	0	0	2	0	0	1	0	1	0	0	0	0	1	0	0	1	0	0	1	0	1	0	1	0	0	0	0	0	1	0	0	1	1	0	0	0	1	0	0	0	0	1	1	0	0	0	1	2	0	4	3	0	2	2	4	6	3	6	0	0	0	0	1	0	1	0	1	0	0	0	1	0	0	1	1	1	1	0	1	0	0	1	0	1	0	1	1	1	1	2	3	1	1	0	1	1	0	0	2	2	0	1	2	0	0	2	2	2	0	2	0	2	2	2	3	0	0	0	1	0	1	0	0	2	2	2	2	1	1	1	1	0	2	2	2	1	4	1	4	6	6	3	2	1	1	1	0	1	0	3	3	2	1	0	1	0	0	2	2	1	2	2	0	0	0	1	2	0	0	1	3	0	2	1	0	2	0	0	0	1	0	0	1	0	1	1	2	1	3	1	1	2	1	1	0	1	2	1	0	3	2	5	2	4	6	6	0	0	1	3	4	1	2	1	2	1	0	2	8	2	6	2	3	7	9	5	15	4	4	5	3	6	5	11	5	6	11	25	119	75	0	27	27	11	8	4	5	4	1	2	1	1	2	4	2	0	0	2	0	0	0	5	1	1	1	2	0	1	0	1	0	3	2	1	3	4	3	1	1	3	2	2	4	8	8	21	22	6	11	11	6	1	2	3	2	2	1	1	2	2	0	0	0	0	0	1	1	3	4	0	1	1	0	1	1	1	1	3	1	2	5	2	0	4	2	2	4	1	2	2	2	4	5	6	2	2	0	1	0	2	2	1	1	0	0	0	0	2	1	1	0	0	1	0	1	2	2	6	13	4	3	3	3	4	2	0	1	0	1	1	1	1	0	3	2	1	0	0	2	0	0	0	1	0	2	0	0	0	0	0	1	0	0	0
0	0	0	0	0	0	0	0	0	0	0	1	1	0	0	1	0	1	0	0	0	1	0	1	1	1	1	1	0	0	0	0	1	1	0	2	0	1	0	0	1	0	0	0	0	1	0	0	1	0	0	0	1	0	0	1	0	1	1	1	0	0	1	0	1	0	0	0	1	0	0	1	1	2	0	1	0	2	0	0	0	0	2	1	0	0	0	0	0	0	0	0	0	0	1	0	0	1	0	1	2	1	0	1	0	1	1	0	1	1	0	1	0	0	1	0	1	0	0	1	0	1	0	0	1	1	1	0	0	0	1	0	0	0	0	0	0	0	0	0	0	0	0	1	1	2	3	1	7	7	1	4	1	1	2	4	0	4	3	2	3	1	1	2	1	2	0	0	0	0	1	1	1	0	0	2	3	1	0	1	0	4	1	3	0	0	0	0	1	1	2	1	0	1	1	0	0	2	0	0	3	1	3	2	0	2	1	1	2	2	2	1	0	4	3	3	2	1	2	2	4	4	3	1	1	3	3	2	6	5	5	8	5	17	8	3	0	0	0	0	1	2	3	0	1	1	1	1	1	1	2	0	1	1	0	0	2	0	1	0	1	2	1	1	1	1	2	3	1	1	1	0	0	1	3	1	1	0	0	0	1	2	0	1	3	1	4	0	1	0	0	1	1	0	1	1	1	3	5	3	4	1	0	4	1	2	0	0	3	4	1	1	0	1	5	2	7	4	6	4	4	5	1	2	2	1	2	0	6	7	3	2	6	29	16	27	0	20	4	7	4	11	9	4	2	0	3	0	1	2	2	0	0	0	0	3	4	4	0	3	0	0	3	3	1	3	1	1	1	1	1	6	5	1	1	1	4	2	0	2	11	13	11	6	11	1	2	4	3	1	1	1	1	1	0	1	2	1	2	0	0	1	1	1	2	1	2	2	1	2	0	0	1	0	1	2	1	2	2	2	1	1	3	7	4	3	9	12	18	7	4	2	1	1	1	1	0	1	0	0	0	2	0	0	2	1	0	2	0	1	2	0	5	17	12	5	5	1	1	3	0	1	1	3	3	0	0	1	1	0	1	2	0	4	4	0	0	1	1	2	0	0	0	0	0	1	0	1	1
0	0	0	0	0	0	0	0	0	1	0	0	0	0	0	0	0	2	2	2	0	0	2	1	2	1	1	1	0	1	1	0	2	1	0	0	0	0	0	0	1	0	2	1	0	0	1	0	0	0	0	0	0	0	0	0	1	0	0	0	0	0	1	1	1	0	0	0	1	0	0	1	0	0	0	2	1	0	0	0	0	0	0	1	0	1	0	0	0	0	0	0	0	0	0	0	1	1	0	0	3	0	2	1	0	0	1	1	1	1	0	1	0	1	0	0	0	2	0	1	0	0	0	1	0	0	1	1	0	0	0	0	1	1	1	3	0	0	0	0	1	1	1	1	0	1	2	1	0	5	1	5	3	0	2	4	0	0	1	1	0	2	2	3	0	0	1	0	3	0	0	0	1	2	2	1	0	1	0	1	2	1	1	1	2	0	0	2	0	1	5	1	1	2	2	0	0	0	2	4	0	5	0	5	1	0	0	0	4	5	5	2	3	0	2	1	2	0	1	2	7	2	0	1	2	3	4	8	5	7	4	16	8	16	16	14	4	2	2	1	2	0	1	2	2	1	1	0	2	1	1	2	2	1	3	1	0	1	1	0	1	0	0	1	1	2	3	0	2	1	0	0	1	0	1	0	0	0	3	0	2	7	2	1	1	2	0	0	1	0	3	1	3	2	1	2	3	2	3	3	1	3	2	1	2	1	1	1	2	1	1	4	0	1	0	6	3	4	5	2	5	4	3	3	2	2	1	1	9	5	4	9	10	25	9	27	20	0	45	36	11	82	14	4	3	0	0	0	5	2	1	0	0	1	3	0	2	3	0	0	2	1	0	0	3	1	1	3	1	2	10	2	1	2	1	0	2	1	5	13	14	5	9	8	2	2	5	0	0	0	0	0	0	1	2	0	0	1	2	0	0	1	2	0	2	4	2	0	3	0	0	0	1	1	1	4	0	1	2	2	3	0	0	2	3	2	2	9	6	1	1	0	1	1	0	0	1	0	0	0	0	0	0	0	2	0	0	0	0	1	0	0	3	6	3	4	2	1	4	2	1	2	2	0	2	1	2	1	0	1	0	0	1	0	0	0	0	2	1	0	0	1	0	1	0	0	1	0	1
0	0	0	0	0	0	0	1	0	1	0	0	0	0	0	0	3	2	0	1	0	0	0	1	1	3	1	0	0	0	0	0	0	1	0	0	1	0	0	1	0	0	0	0	1	0	0	0	0	0	0	0	0	1	0	0	1	1	0	2	2	1	0	0	1	0	1	2	1	0	0	2	0	0	0	1	1	0	1	2	0	0	1	0	0	2	2	0	0	2	0	0	1	0	0	0	0	0	0	0	0	1	0	1	0	0	3	0	1	0	0	0	0	0	0	0	1	0	0	0	1	0	1	1	0	0	0	0	1	0	2	0	2	1	0	0	0	1	0	1	0	1	2	0	4	1	3	1	3	4	1	2	1	3	0	2	2	0	6	3	2	2	3	2	0	1	3	0	1	2	0	0	0	1	0	0	1	0	0	1	3	3	1	1	0	1	3	0	1	3	3	0	5	1	3	1	4	3	1	0	2	4	4	2	2	1	2	2	1	7	2	5	2	3	2	6	1	2	1	2	0	3	2	5	4	1	5	2	4	6	6	11	2	12	10	39	11	2	5	0	5	7	2	2	2	5	3	2	1	1	1	1	2	1	2	0	0	0	1	0	0	0	2	0	2	1	2	1	0	0	0	0	0	2	1	0	1	2	1	1	0	3	2	0	3	3	1	2	1	2	3	3	1	1	3	2	1	1	4	2	0	0	1	4	0	1	1	1	0	2	0	2	1	3	1	2	4	3	6	1	3	2	4	3	3	2	2	4	10	7	8	9	19	17	5	11	4	45	0	130	7	72	2	6	3	2	0	1	3	1	1	1	0	0	1	1	0	1	0	0	0	4	0	2	0	1	0	1	2	1	3	3	1	2	1	6	1	1	6	8	10	8	0	8	1	0	2	0	2	3	3	1	1	1	0	0	0	0	0	1	0	2	0	1	0	0	2	1	0	1	0	0	0	0	0	1	0	0	0	1	3	3	1	1	0	3	2	2	5	0	0	0	1	1	2	0	1	0	0	0	1	0	0	0	0	1	0	0	1	1	0	2	1	3	0	1	2	2	1	2	1	0	1	2	2	1	0	2	1	1	1	1	0	0	1	0	0	2	0	0	1	0	0	0	0	0	0	1	0
0	0	0	0	0	0	0	0	0	0	0	0	0	0	0	2	0	0	0	0	0	0	3	0	1	1	2	0	0	0	0	0	0	0	0	2	1	1	0	0	0	1	0	0	1	0	0	0	1	2	0	0	0	0	1	0	1	0	1	0	0	0	1	0	0	0	0	1	0	1	0	0	1	0	0	0	0	0	1	0	0	0	0	0	0	0	0	0	0	1	1	1	0	1	1	1	0	0	1	0	0	2	0	0	1	1	0	0	2	1	0	0	0	0	0	1	0	0	2	0	0	0	1	0	0	0	0	0	0	0	1	1	0	1	1	1	0	0	0	0	0	1	1	0	1	2	2	2	0	1	1	1	2	0	0	2	1	0	3	2	0	1	6	3	0	0	1	3	1	2	1	1	1	1	0	1	1	1	1	0	1	1	1	0	2	3	0	1	2	6	9	1	3	1	4	2	4	2	2	3	4	5	4	2	2	1	2	3	4	1	2	0	4	1	0	0	0	0	3	2	3	2	2	0	1	1	1	0	6	3	5	4	6	10	10	24	6	1	2	0	0	1	1	1	7	7	2	1	1	2	1	0	2	2	3	3	1	0	0	0	2	1	3	2	1	1	1	2	0	0	0	3	1	1	0	2	1	2	2	0	1	5	2	2	1	2	2	1	0	3	2	3	1	1	1	1	1	1	2	3	1	0	0	2	4	1	0	1	1	0	0	0	1	1	1	6	3	4	2	1	1	6	0	2	3	3	2	3	5	8	5	5	10	7	5	8	7	36	130	0	18	241	11	4	1	0	0	4	1	1	0	0	1	3	2	2	0	0	0	0	1	2	2	2	2	3	1	1	0	1	7	6	4	4	2	1	4	2	8	11	11	5	3	1	1	2	2	1	1	0	1	2	0	1	1	0	0	0	0	0	0	2	4	1	0	1	1	2	0	4	0	0	0	3	0	1	0	1	0	1	3	0	2	1	2	3	3	9	3	3	0	1	2	2	1	0	1	3	1	0	1	1	0	0	0	0	0	1	1	2	0	2	1	2	1	2	3	0	0	1	5	1	1	0	0	1	1	1	0	0	0	1	1	0	2	0	2	0	1	1	0	0	1	2	0	1	0	0	1
0	0	0	0	0	0	0	0	0	1	0	0	0	0	0	1	0	0	0	1	0	2	2	0	1	0	1	1	1	1	1	2	0	2	1	0	0	0	0	1	0	0	0	0	0	2	0	0	1	0	0	0	0	1	2	0	0	0	0	0	0	1	0	1	1	0	1	0	0	1	0	0	0	0	0	0	1	1	1	0	1	0	0	0	2	0	0	0	0	0	0	0	0	1	1	0	0	1	0	0	2	1	1	1	0	0	0	1	1	1	2	0	0	1	0	1	1	1	0	0	0	1	0	2	0	1	0	0	0	0	0	0	0	1	0	0	0	0	0	0	0	1	0	1	2	1	2	3	1	0	1	0	0	1	3	3	0	2	3	0	3	1	2	2	1	0	2	0	1	0	0	0	0	0	0	0	1	1	0	3	0	1	1	1	1	4	1	2	0	4	6	1	3	2	6	2	2	1	2	5	8	8	4	7	2	2	1	2	5	0	4	3	2	1	2	1	1	1	1	2	1	2	2	1	4	2	2	3	2	1	3	7	3	6	3	21	3	0	0	4	0	4	1	0	3	3	0	2	2	0	2	1	2	1	1	2	1	0	0	0	0	1	0	0	0	3	1	0	0	0	0	1	3	1	0	0	0	0	0	1	2	2	3	3	5	2	1	3	0	1	0	1	3	2	0	1	1	1	0	1	1	2	1	1	1	1	1	1	0	0	4	0	2	1	2	5	0	0	0	1	2	1	1	2	1	1	3	5	3	5	3	0	3	3	1	4	4	11	7	18	0	16	7	6	1	5	1	1	2	1	1	1	1	0	2	0	1	1	1	0	2	1	1	0	1	3	2	2	1	2	2	0	2	1	2	3	4	4	5	6	5	1	3	3	4	0	1	1	0	1	0	1	0	2	0	0	0	0	0	0	0	1	1	2	2	1	1	1	0	1	0	1	0	1	1	2	1	1	1	1	0	2	1	3	3	1	4	2	1	0	0	0	1	0	0	0	1	0	1	2	0	1	0	0	0	1	0	0	0	0	2	1	2	0	0	0	1	1	2	1	2	1	2	1	0	0	0	0	0	0	0	0	1	0	1	2	0	0	0	1	2	0	2	1	1	0	0	0	1
0	0	0	0	0	0	0	1	0	0	0	0	0	1	0	0	0	0	1	0	0	0	1	1	0	2	4	1	2	0	1	1	0	0	2	1	0	1	1	0	0	1	0	0	0	2	0	0	1	0	0	0	0	0	1	0	2	0	2	0	0	1	0	1	1	0	0	0	0	0	1	1	0	0	1	0	0	0	1	0	0	0	0	2	0	1	2	1	0	0	0	0	0	2	0	1	1	0	0	0	2	1	1	1	0	1	0	1	1	1	0	0	0	0	0	0	0	0	0	1	1	1	1	1	0	1	0	0	0	1	0	1	0	0	0	1	0	0	0	0	0	3	0	2	0	0	2	4	1	2	3	1	3	1	2	2	0	0	1	3	2	1	3	1	0	1	1	0	0	1	1	0	0	0	0	1	1	1	1	0	2	0	2	0	1	0	0	1	2	7	9	3	2	3	2	5	2	0	3	4	5	5	3	5	2	0	1	0	2	1	2	6	2	2	0	2	1	0	0	0	5	3	1	0	3	1	2	6	3	5	6	10	8	18	13	14	3	1	3	1	0	2	2	1	2	1	2	3	1	0	0	0	1	0	2	0	0	0	0	1	0	0	0	0	0	2	2	3	1	1	2	1	2	1	1	0	1	1	2	1	4	1	3	2	2	2	1	1	1	2	3	1	0	2	2	2	0	1	3	2	1	1	0	1	0	1	0	0	1	1	0	0	1	1	2	0	3	2	4	4	1	1	1	3	5	1	3	3	8	7	4	10	5	14	6	5	11	82	72	241	16	0	17	8	3	2	0	3	1	1	1	1	1	0	1	0	1	1	2	1	2	0	1	1	0	3	0	1	1	6	7	5	1	2	2	3	4	3	6	16	11	3	1	5	3	5	3	3	3	2	2	0	2	0	0	1	0	1	0	0	0	0	2	4	4	3	0	0	1	0	0	1	0	1	2	1	1	1	1	2	1	0	1	1	2	4	5	5	3	3	1	1	0	1	0	0	0	0	0	0	1	1	0	1	1	1	0	0	0	0	3	2	2	4	2	2	2	2	2	2	0	3	1	0	0	0	2	1	1	0	1	1	0	5	1	2	1	0	2	0	2	1	0	0	0	0	1	1	0
0	0	0	0	0	0	0	0	0	0	1	1	0	0	0	0	1	0	0	0	0	1	0	0	0	0	0	0	0	0	0	1	0	1	1	2	0	0	0	0	0	0	0	0	0	0	0	0	1	0	0	0	0	0	0	0	2	0	0	0	0	0	0	0	0	0	0	1	0	2	0	0	0	0	0	0	0	1	0	0	0	0	1	1	0	1	0	1	2	0	0	0	0	0	0	0	0	0	0	0	1	0	1	0	1	0	1	0	1	1	0	0	0	0	0	0	1	0	0	0	0	0	0	0	0	0	0	0	0	0	0	1	1	0	0	0	1	2	0	0	0	2	0	0	0	1	0	0	0	2	3	1	0	1	3	1	0	2	1	3	1	0	0	0	1	0	0	0	0	0	2	2	0	1	0	0	0	1	0	2	0	0	1	1	0	1	0	1	1	1	3	0	1	2	1	0	4	1	3	2	1	4	2	2	1	1	1	1	0	2	0	2	1	0	2	0	3	1	1	3	2	3	1	4	4	2	4	6	6	4	13	8	5	10	5	6	3	0	1	1	1	0	1	0	1	1	0	1	0	1	1	2	0	3	1	0	0	1	0	1	0	0	1	0	2	1	2	0	2	0	2	1	0	2	1	1	0	0	0	0	1	1	2	2	1	2	3	2	2	2	0	3	0	1	3	2	0	2	2	1	0	0	0	1	4	0	0	0	0	0	1	1	0	0	2	4	7	6	5	5	3	4	1	1	4	3	0	3	6	5	0	5	1	7	8	4	9	14	2	11	7	17	0	22	1	5	3	1	1	3	1	2	0	1	1	0	1	0	1	0	4	1	2	1	3	0	2	2	5	2	7	4	3	4	3	4	9	6	5	13	10	6	1	2	1	3	3	2	3	0	0	2	0	1	0	0	2	3	2	0	0	1	4	0	0	1	4	0	1	1	1	0	0	0	1	2	0	2	1	1	2	1	3	3	2	3	11	8	6	5	1	2	0	0	1	0	0	0	0	1	1	1	0	2	0	1	0	0	0	1	0	0	1	2	6	1	1	0	2	0	2	0	1	1	2	1	0	1	2	0	1	0	0	3	1	0	1	0	1	1	0	1	0	0	0	2	0	0	1
0	0	0	0	0	0	0	1	0	0	0	1	0	0	0	0	0	1	0	0	0	0	0	0	0	0	1	0	2	0	1	0	0	0	0	0	1	1	0	0	0	1	1	0	1	0	0	1	0	0	0	0	0	0	0	0	0	2	1	1	1	0	0	0	0	1	0	0	0	2	0	0	0	0	0	0	1	0	1	1	0	0	0	0	0	1	0	0	0	1	0	0	0	0	0	0	0	1	1	0	1	0	0	0	0	0	0	0	2	1	0	0	0	0	1	0	2	0	0	2	0	0	1	0	0	0	0	0	0	1	0	1	0	0	0	0	0	0	1	0	0	0	0	1	2	0	2	0	1	1	0	0	0	0	2	0	1	1	2	1	3	2	2	1	0	1	0	0	1	0	0	0	0	1	0	0	0	1	0	0	1	0	0	1	0	1	0	0	0	1	0	0	2	6	1	1	0	2	1	1	2	2	2	4	0	1	0	1	0	0	1	0	0	3	1	1	2	1	1	1	0	2	3	2	3	1	1	5	3	6	0	3	2	3	6	2	0	0	1	0	1	2	0	0	1	1	1	2	1	4	2	1	0	1	0	1	0	1	1	0	0	2	0	0	2	0	4	1	0	0	1	0	0	1	1	0	0	1	0	0	0	1	2	1	4	3	1	1	3	0	2	3	1	0	0	0	2	2	2	0	1	0	1	3	0	0	0	0	0	0	2	0	3	1	6	6	10	8	7	0	4	7	0	1	1	2	3	1	6	3	2	5	1	3	5	1	4	4	6	4	6	8	22	0	10	6	3	7	5	6	1	0	1	1	0	1	4	4	1	0	1	2	4	2	6	2	4	2	8	2	10	10	8	4	5	7	27	7	14	15	13	3	7	2	6	4	2	0	2	2	2	3	1	0	1	0	1	2	1	0	1	2	1	3	2	1	0	0	2	0	0	2	1	2	1	3	2	2	2	3	1	1	5	1	9	8	7	5	12	5	2	0	0	0	0	0	0	0	0	0	2	2	0	0	0	1	0	0	0	0	0	1	0	2	8	4	1	3	2	3	2	2	3	0	1	0	1	3	0	0	0	2	3	1	1	3	2	2	1	2	1	0	3	1	0	1	0	2	1
0	0	0	0	0	0	0	0	0	1	0	0	0	0	0	0	0	0	1	0	0	0	2	1	1	0	0	0	0	0	0	0	0	0	1	0	1	0	0	0	0	0	0	1	0	0	0	0	0	0	0	0	0	0	0	1	0	0	3	0	1	0	0	0	0	0	1	1	0	0	0	2	1	0	0	0	0	0	0	0	1	0	1	1	0	0	0	0	0	0	0	0	0	1	0	0	0	0	0	2	0	0	0	0	0	0	0	0	0	0	1	0	0	0	0	0	0	0	0	0	0	0	0	0	1	0	1	1	0	0	0	0	1	0	0	0	0	0	0	1	0	0	0	1	0	1	0	0	0	0	1	0	3	0	1	0	1	0	0	0	1	1	0	0	0	0	0	1	2	0	0	1	0	0	0	1	0	0	0	1	0	0	0	1	0	1	0	0	0	0	0	1	3	0	0	1	1	1	1	6	4	3	4	0	3	0	1	0	0	0	0	1	0	1	1	0	0	1	0	1	1	0	0	0	0	0	2	1	4	0	1	0	0	0	1	1	0	0	1	0	2	1	2	1	2	2	2	1	1	0	0	0	1	2	1	0	0	0	0	0	1	0	0	2	2	1	2	1	0	0	1	0	1	0	0	0	1	0	0	1	1	6	2	2	1	1	0	0	1	3	4	2	2	0	1	1	0	2	1	0	2	0	0	1	0	1	0	0	0	0	3	1	1	1	4	2	8	6	1	2	0	1	2	2	2	0	0	2	2	1	3	2	1	2	3	2	2	3	3	1	1	3	1	10	0	61	21	10	14	2	1	0	1	1	0	2	3	5	1	2	2	3	5	3	3	3	10	3	2	8	3	5	5	9	8	9	17	7	2	2	1	1	0	2	0	1	0	1	1	1	2	0	0	1	5	3	0	1	2	1	0	1	3	5	1	1	1	2	0	1	0	0	0	0	1	0	1	1	4	1	4	3	4	3	5	5	4	4	2	3	2	1	3	3	2	3	2	1	0	0	1	1	0	1	0	0	2	0	0	3	0	0	0	1	0	1	1	1	2	2	2	1	0	4	2	0	1	0	0	0	1	1	0	0	2	1	3	1	1	2	0	1	0	1	0	2	0	0	1
0	0	0	0	0	0	0	0	0	0	0	0	0	0	0	0	0	1	0	0	0	0	1	0	0	1	1	1	0	2	1	0	0	0	1	1	0	0	0	0	0	1	0	2	0	0	0	0	0	0	0	0	0	0	0	0	0	0	1	0	0	2	0	0	0	0	0	0	0	0	0	0	0	1	0	0	0	1	0	0	0	0	0	0	0	1	0	0	0	1	0	0	0	0	2	0	0	0	0	0	0	0	0	0	0	0	3	0	0	0	0	0	0	0	0	0	0	1	0	0	0	0	0	0	0	0	0	0	2	0	0	1	0	0	0	0	1	0	0	0	0	1	0	0	1	0	1	1	0	1	0	0	0	0	1	0	0	0	0	0	1	0	2	0	0	0	0	0	0	0	0	0	0	1	0	0	1	0	0	0	1	0	0	2	0	2	0	0	0	1	1	0	1	1	0	0	0	1	3	6	2	1	2	1	0	2	2	0	1	0	1	1	1	0	0	1	0	0	0	0	1	1	0	0	0	1	1	0	3	0	1	0	1	0	0	1	1	0	0	0	0	1	3	0	2	0	0	1	0	1	1	0	3	1	1	1	0	0	1	1	2	1	0	0	1	1	2	2	0	0	0	2	0	0	0	0	1	0	0	1	2	2	2	0	2	2	2	3	0	0	1	2	1	1	0	0	1	1	1	0	2	0	2	1	2	0	0	1	0	1	1	2	1	1	3	2	4	7	2	3	1	3	0	1	0	1	1	4	1	2	0	1	1	1	0	1	0	0	2	0	5	2	5	6	61	0	65	14	7	7	1	2	1	2	2	1	3	2	4	4	6	2	10	5	7	9	10	4	8	12	5	4	7	16	21	15	17	9	9	1	2	3	1	0	0	1	1	1	0	1	1	1	0	2	0	0	2	0	1	1	0	1	3	3	3	2	0	0	2	1	0	0	1	0	0	1	1	0	8	5	3	3	4	2	3	1	3	1	1	1	1	0	1	0	2	1	2	1	0	0	1	2	3	0	3	2	0	0	0	0	0	4	1	1	3	1	1	1	1	1	1	2	2	0	1	1	0	0	0	1	0	0	0	0	2	0	0	2	2	2	0	2	0	1	1	2	0	0	1
0	0	0	0	0	0	0	0	0	0	0	0	0	0	0	0	1	0	0	0	0	0	0	0	0	1	0	0	0	0	0	0	0	1	1	0	0	0	0	0	0	0	0	0	0	0	0	0	0	0	0	0	0	0	0	0	0	0	0	0	0	0	0	0	0	1	0	0	1	0	1	0	0	0	0	0	0	0	0	0	0	0	1	0	0	0	0	0	0	0	0	0	0	0	0	0	0	0	1	0	0	0	0	0	0	0	0	0	0	1	0	1	0	0	0	0	1	0	0	0	0	0	0	0	0	1	0	0	0	0	0	0	0	0	0	1	0	0	0	0	0	0	0	1	0	0	0	0	1	0	2	0	0	1	0	1	0	0	0	0	1	0	0	0	1	0	0	1	0	0	0	0	1	0	0	0	1	0	1	1	1	0	1	0	0	0	0	0	2	1	0	1	0	0	1	0	0	2	1	1	1	1	0	1	1	0	0	1	0	0	0	0	0	0	0	0	1	0	0	0	1	1	0	1	0	0	0	1	0	2	1	0	1	0	0	0	0	0	0	1	0	0	1	0	1	2	0	0	0	2	1	3	1	0	1	4	0	0	1	1	1	1	6	3	4	3	2	1	1	0	2	1	0	1	1	1	1	0	2	2	1	5	2	3	1	4	3	3	1	4	3	0	0	0	1	2	2	1	1	1	1	0	1	0	0	0	2	1	0	1	0	0	1	0	2	3	4	6	4	4	6	2	3	2	1	3	3	2	3	4	1	3	2	1	2	1	3	0	0	0	1	0	3	3	21	65	0	60	29	7	5	0	1	1	4	0	6	1	3	5	7	3	6	7	6	12	34	5	7	17	7	6	11	15	9	8	7	7	7	2	4	0	2	1	2	1	1	0	1	0	2	0	0	1	0	1	1	3	1	3	1	3	5	6	6	1	4	4	1	0	0	1	1	3	0	2	3	3	5	3	1	0	2	3	6	3	4	5	6	1	3	2	3	1	3	0	2	1	0	1	1	2	0	0	0	0	1	3	1	1	0	1	3	1	2	2	3	5	1	2	5	2	2	0	0	0	2	1	1	2	0	0	2	0	1	3	6	0	0	1	2	1	0	0	0	1	1	0	3
0	0	0	0	0	0	0	1	0	0	0	0	0	0	1	0	0	0	0	0	0	0	0	0	0	0	0	0	1	0	0	0	0	1	0	0	0	0	0	0	0	0	0	0	0	0	0	0	0	0	0	0	0	1	2	0	0	0	0	0	0	0	0	0	1	0	0	0	0	0	0	0	1	0	0	0	0	0	0	0	0	0	0	0	0	2	0	0	0	0	0	0	0	0	0	0	1	2	0	2	0	0	1	0	0	1	0	0	0	0	2	0	1	0	0	0	0	0	1	0	0	0	0	0	0	0	0	0	0	0	0	0	0	0	1	0	0	0	0	0	0	0	0	0	0	1	1	0	2	0	1	0	1	1	0	0	1	0	1	0	0	0	0	0	0	1	0	0	0	0	0	0	0	0	0	0	0	0	1	0	0	1	0	0	0	0	0	1	0	1	2	0	0	0	0	1	1	1	1	1	1	0	2	2	2	2	1	0	1	2	1	0	1	0	0	0	0	1	0	0	0	2	1	2	1	0	1	0	1	0	3	0	2	0	0	0	0	0	0	0	0	2	0	0	1	0	0	0	2	1	0	0	1	1	0	1	1	0	0	0	2	0	3	1	0	2	3	0	2	1	1	0	0	0	2	0	2	2	2	2	0	2	0	1	1	1	1	0	2	2	1	5	2	0	1	1	3	1	1	2	0	0	1	1	2	1	2	0	0	1	2	1	2	1	2	5	9	5	2	1	1	1	0	2	1	2	2	1	2	5	0	1	1	3	2	2	0	0	1	4	1	3	1	7	10	14	60	0	52	10	3	1	1	2	0	5	6	2	4	6	3	6	11	12	19	32	62	5	6	6	8	4	5	4	3	6	4	4	4	8	2	2	3	0	1	1	1	0	3	0	2	1	3	3	1	1	0	3	1	2	2	0	6	3	7	4	2	4	4	1	2	1	2	1	0	1	2	1	2	3	4	11	11	12	8	10	2	1	1	3	2	0	3	3	1	2	1	1	0	1	2	0	0	0	0	1	0	1	0	1	1	2	1	0	2	0	3	0	3	3	4	5	3	0	0	0	2	0	1	2	0	1	2	2	3	1	1	1	0	0	1	1	2	2	1	0	0	1	1
0	0	0	0	0	0	0	0	0	1	0	0	0	0	0	1	0	0	1	1	0	0	0	0	0	0	0	0	0	0	0	0	0	1	0	0	0	0	0	0	0	0	0	0	1	0	0	0	0	1	0	0	0	0	0	0	0	1	0	0	0	0	0	1	1	0	1	0	1	1	1	0	1	0	0	0	0	1	0	0	0	0	1	0	0	0	0	0	0	0	0	0	1	0	0	1	0	0	0	0	0	0	1	1	0	0	1	0	0	0	0	0	1	1	0	0	1	0	0	0	1	0	0	0	0	1	0	0	0	0	0	0	1	1	0	0	0	0	0	0	0	2	0	1	0	0	0	0	1	1	4	1	0	0	1	1	1	0	1	0	0	0	0	0	0	1	0	1	1	3	0	0	0	0	0	0	1	0	0	0	0	1	0	1	0	0	0	0	1	1	0	0	1	1	1	1	3	0	1	3	1	2	1	0	2	0	0	0	0	1	0	1	0	2	0	1	0	0	0	3	0	0	3	0	0	0	1	0	1	3	2	0	1	0	4	2	2	1	2	1	2	0	1	1	0	1	0	0	0	1	2	1	3	1	1	2	0	0	0	0	1	4	6	1	0	0	0	1	0	0	0	0	1	0	2	1	0	3	1	1	1	3	1	1	0	2	2	2	1	1	1	1	1	1	1	1	1	0	2	3	2	1	1	2	0	1	1	0	0	1	0	1	1	4	5	3	14	10	7	5	2	2	2	2	1	0	1	2	3	5	3	4	3	1	4	4	1	5	3	1	2	1	1	5	14	7	29	52	0	21	5	1	1	1	3	9	10	3	0	3	1	6	19	11	7	11	34	12	21	11	10	5	8	9	11	11	11	11	6	5	5	4	4	3	2	3	1	0	0	3	0	0	1	2	2	2	2	3	0	0	3	3	8	10	8	2	3	2	2	1	0	2	1	1	1	1	6	4	2	13	2	8	7	11	12	12	5	4	6	5	0	4	4	2	2	2	1	1	1	1	1	1	0	2	1	2	1	2	1	2	3	1	1	4	3	0	4	1	1	2	3	5	1	4	0	0	0	0	0	0	0	1	1	1	1	3	4	3	1	4	1	0	1	1	0	0	3	1	1
0	0	0	0	0	0	0	0	0	0	0	0	1	0	0	0	0	1	1	0	0	2	0	0	0	1	0	1	0	0	0	0	0	0	0	0	0	0	0	1	0	0	0	0	0	0	0	0	1	0	1	0	0	0	0	0	0	0	0	0	0	2	0	0	0	0	0	1	0	1	0	1	0	0	1	0	0	0	0	0	0	0	0	0	0	0	1	0	0	0	0	1	0	0	0	1	0	1	1	0	0	0	0	0	0	0	0	0	0	0	0	0	0	1	0	0	0	0	0	0	1	1	1	0	0	1	0	0	1	0	1	1	1	0	0	1	0	0	0	0	0	0	3	1	0	0	0	0	1	1	1	1	1	3	1	0	2	0	2	0	1	1	0	1	0	0	1	0	0	1	0	1	1	0	0	0	0	0	1	0	0	0	1	0	0	0	0	0	0	0	1	0	0	0	2	1	0	2	0	1	2	1	2	0	1	1	0	2	0	1	2	0	0	1	1	0	0	0	0	0	1	0	0	0	0	5	0	1	0	0	2	0	0	3	1	1	3	2	0	1	0	1	0	1	2	0	0	0	1	1	1	0	2	2	1	1	1	0	3	0	3	2	4	2	2	3	1	1	0	1	0	2	0	0	6	3	1	2	2	5	4	4	5	1	2	7	6	3	3	4	9	7	1	0	4	1	0	1	3	4	8	1	1	4	5	2	1	3	1	1	1	1	2	4	28	17	25	30	18	26	6	5	11	5	5	1	5	9	7	3	1	1	2	5	2	2	2	2	1	1	1	1	3	6	2	7	7	10	21	0	6	2	1	5	8	10	69	10	7	6	19	17	35	4	4	8	5	35	39	8	5	10	4	5	9	5	1	6	9	9	4	8	2	1	3	2	1	1	1	5	3	2	2	1	5	2	1	0	1	3	1	3	6	16	9	3	6	5	4	2	1	3	1	5	2	4	5	4	9	5	4	6	5	6	5	7	1	2	2	2	2	1	4	0	0	4	0	0	1	1	3	1	2	1	0	1	0	1	0	2	4	4	3	0	2	1	3	5	12	4	12	8	4	1	2	2	3	0	1	2	0	0	4	3	3	2	1	3	2	2	0	0	0	2	0	1	1	1	1
0	0	0	0	0	0	0	0	0	0	0	0	0	0	0	2	0	0	0	2	0	0	0	0	0	1	0	0	0	0	0	0	0	0	0	0	0	1	0	0	0	0	0	0	0	0	0	0	0	0	0	0	0	1	0	0	0	0	0	0	0	0	0	0	0	0	1	0	0	1	1	1	0	0	0	0	0	0	0	1	0	0	0	0	0	0	0	0	1	0	0	0	1	0	0	0	0	0	0	1	0	0	0	0	0	0	0	0	0	0	1	1	0	0	0	0	1	1	0	0	0	0	0	0	0	0	0	0	2	0	0	0	2	0	0	0	0	0	0	1	0	0	0	0	0	0	0	0	0	1	2	1	0	0	2	0	1	1	0	0	1	2	1	0	1	0	0	0	1	0	1	0	0	0	0	0	2	0	0	0	0	0	0	1	0	0	0	0	0	1	1	0	1	0	1	0	0	0	0	2	0	1	2	2	1	0	0	0	0	0	0	0	1	0	0	0	1	0	0	0	1	0	0	0	0	0	0	1	1	1	0	1	1	1	2	1	1	1	0	0	0	2	2	0	0	0	0	0	0	0	0	0	2	0	0	0	2	0	3	1	0	0	3	2	2	2	0	2	0	1	2	0	2	1	1	1	0	1	2	2	5	2	2	0	2	2	4	1	1	2	4	2	3	2	1	0	3	0	0	0	8	1	2	4	5	3	4	0	2	1	1	2	6	6	1	4	5	3	4	7	0	1	3	2	2	3	5	2	1	4	0	2	2	0	1	0	2	1	1	0	1	1	1	1	1	1	5	3	5	6	0	13	11	16	27	9	11	8	21	17	67	106	8	8	7	7	6	12	10	1	2	1	2	2	2	1	2	1	4	2	1	1	4	3	6	2	1	1	1	9	3	4	9	10	10	7	6	5	5	12	8	14	19	12	12	6	6	5	4	3	5	5	1	1	3	0	11	49	19	6	3	3	2	4	5	2	2	2	0	1	2	3	5	4	2	1	3	3	0	1	5	2	2	1	4	2	1	2	4	2	0	3	3	0	0	1	3	2	9	10	28	51	16	7	6	0	1	1	2	0	0	1	5	3	3	4	3	1	1	2	4	0	0	1	2	2	1	2	0
0	0	0	0	0	0	0	1	0	2	0	0	1	1	0	0	0	0	0	0	0	0	1	1	1	0	0	0	1	0	0	0	1	0	0	0	0	0	0	0	2	0	0	0	0	0	0	0	1	0	0	0	1	1	0	0	0	0	0	1	1	0	0	0	0	0	0	1	0	0	0	0	0	1	0	0	0	0	0	0	0	0	0	0	0	0	0	0	0	1	1	0	1	0	0	0	0	0	1	1	0	0	0	1	0	0	0	0	0	0	0	1	0	0	0	0	0	0	0	1	0	1	0	0	0	0	0	0	0	0	0	0	1	1	0	0	0	1	1	0	1	1	0	0	0	0	0	0	0	1	1	1	0	1	0	2	0	0	0	0	0	0	0	0	0	0	0	1	0	0	0	0	0	0	0	0	0	1	0	1	0	1	0	0	0	1	0	0	0	0	0	0	1	0	1	1	1	1	1	0	0	0	0	0	0	0	0	1	0	1	1	0	2	0	1	0	0	0	0	1	0	0	1	0	1	0	0	0	2	0	0	0	0	0	2	1	0	0	0	0	0	1	3	0	1	1	0	1	0	0	0	0	2	0	1	1	2	1	4	3	5	4	5	4	2	1	1	1	1	1	1	1	0	0	2	2	1	4	5	5	4	0	2	3	2	0	1	4	2	1	4	1	1	1	3	1	0	0	2	2	6	6	8	3	4	6	7	0	0	0	3	8	7	3	2	1	0	3	6	1	2	5	8	3	2	5	2	2	0	0	1	2	0	1	1	0	0	0	1	0	1	1	2	0	0	2	0	1	1	2	13	0	103	47	8	4	5	4	34	8	9	4	1	2	4	1	2	4	3	0	0	1	2	0	2	3	1	1	2	1	5	0	1	1	1	0	0	2	0	1	1	4	14	20	36	7	11	10	10	31	8	6	6	3	6	5	3	5	3	4	4	3	6	4	4	4	8	3	3	7	1	2	2	1	1	0	0	2	1	0	0	0	2	0	1	1	0	2	1	0	0	0	2	1	0	3	1	1	3	2	1	1	0	1	0	0	1	3	2	2	2	4	7	2	2	0	3	6	1	2	1	1	3	2	0	1	3	2	0	0	2	1	0	0	3	5	1	2	2
0	0	0	0	0	0	0	0	0	0	0	1	1	0	0	0	0	0	0	0	0	0	0	0	0	1	0	0	0	0	0	0	0	0	0	0	0	0	1	0	0	0	0	0	0	0	0	1	0	2	1	0	0	0	0	0	0	0	0	0	0	0	0	0	0	0	1	1	0	1	0	1	0	0	1	0	0	0	0	0	0	0	0	1	0	0	0	1	0	0	0	0	0	0	0	0	0	1	0	0	0	0	0	0	0	0	1	0	0	0	0	1	0	0	0	0	0	0	1	0	0	0	0	0	0	0	0	0	0	1	0	0	0	0	0	0	0	0	0	0	0	0	0	0	0	0	1	0	1	0	0	1	1	1	1	0	2	0	1	0	0	0	0	0	0	0	0	0	1	0	1	1	0	0	0	1	0	1	0	0	1	0	0	1	0	1	0	0	0	0	0	0	3	0	1	0	0	0	0	1	2	0	0	1	0	1	0	2	1	1	0	1	0	0	0	0	1	1	1	0	0	2	1	0	1	0	1	0	2	1	1	0	1	0	2	1	0	1	1	0	0	0	1	0	0	0	0	0	0	1	0	2	1	1	0	1	4	3	5	3	5	6	5	3	4	3	1	1	1	2	1	1	2	2	2	1	4	5	19	7	5	0	1	1	0	1	3	3	0	4	2	3	4	3	2	2	1	1	4	0	3	7	10	9	5	5	8	1	1	1	3	9	10	3	4	1	1	1	4	2	0	2	9	5	5	3	5	2	0	2	0	1	1	1	2	2	0	0	0	1	1	1	0	1	1	1	1	1	1	1	11	103	0	45	12	1	9	13	85	21	6	6	1	3	1	3	0	2	3	1	0	1	1	2	3	2	1	1	0	0	1	1	5	4	3	3	1	2	0	2	1	5	7	15	23	2	3	5	7	5	4	4	1	1	1	5	2	3	3	3	2	2	1	3	2	5	9	7	3	4	1	2	0	2	0	2	0	1	1	1	1	0	2	0	2	2	2	0	1	0	1	3	1	2	1	2	3	4	0	2	2	0	0	2	1	1	1	3	4	2	7	8	6	0	4	2	1	1	2	4	0	3	4	2	3	0	4	1	0	2	0	1	1	0	0	2	1	1	3
0	0	0	0	0	0	0	0	0	0	0	1	0	0	0	0	0	0	0	0	0	1	0	1	0	0	0	0	0	0	0	1	0	0	0	0	0	1	0	0	0	0	0	0	0	0	0	0	0	0	0	0	0	0	0	0	1	0	0	0	0	0	0	0	0	0	0	0	0	0	1	0	0	0	0	0	0	0	1	0	0	0	0	1	0	0	0	0	0	0	0	0	0	0	0	0	0	0	0	0	1	1	0	1	0	0	0	0	0	0	0	0	0	0	0	0	0	0	0	0	0	0	0	0	0	0	0	0	0	0	0	0	0	0	1	0	0	1	1	0	0	0	0	0	3	1	0	0	0	1	0	0	0	1	1	0	1	1	0	0	0	0	0	0	0	1	0	0	0	0	0	1	1	0	0	0	1	0	0	0	1	0	1	0	0	1	1	0	1	0	0	0	0	0	0	1	0	3	1	0	1	1	0	0	0	0	0	0	0	2	0	0	1	0	0	0	0	0	0	2	0	1	1	0	0	1	1	0	0	0	0	3	0	0	0	1	0	0	1	1	0	0	0	0	0	1	0	0	1	1	1	2	0	0	0	2	1	2	1	0	2	1	1	2	1	1	0	0	1	1	0	0	1	0	2	3	1	3	5	4	1	1	0	2	2	0	1	0	3	4	4	5	0	5	0	1	2	1	1	1	3	4	2	4	3	5	5	1	2	3	0	4	8	4	3	1	2	2	3	4	3	0	5	2	3	3	2	0	2	2	0	2	1	2	0	0	0	1	0	3	0	0	1	1	1	2	1	2	1	5	16	47	45	0	36	9	6	8	39	12	21	9	6	1	3	0	5	3	1	1	0	2	2	0	1	3	0	0	0	1	0	1	2	2	0	0	1	0	1	0	2	2	6	11	5	4	4	5	6	23	5	9	9	3	11	1	0	3	6	7	5	1	1	3	5	2	8	8	6	3	1	1	0	1	0	1	0	0	0	1	2	0	3	1	3	1	3	2	0	1	3	3	1	5	2	3	1	2	2	1	2	1	1	2	0	0	2	1	2	5	5	5	2	2	1	2	4	1	0	1	2	3	1	2	5	0	1	1	3	1	0	3	0	1	1	2	0	1	0
0	0	0	0	0	0	0	0	1	0	0	0	1	0	0	0	0	1	0	1	0	0	0	0	0	0	0	0	0	0	0	1	0	1	0	0	0	0	0	0	0	0	0	0	1	0	0	0	0	0	0	1	0	0	0	0	1	0	0	0	0	0	1	0	1	0	0	1	0	0	0	0	0	0	0	0	1	0	0	0	0	0	0	0	0	0	1	0	0	0	0	1	0	0	0	0	0	0	0	0	1	1	0	0	0	1	0	0	0	0	0	0	0	1	0	0	0	0	0	2	0	0	0	0	0	1	0	0	0	0	0	0	2	0	0	0	0	0	0	0	0	1	0	1	0	0	1	0	1	0	0	0	0	0	0	1	0	1	0	0	1	0	0	0	0	0	0	1	0	0	0	1	0	0	0	0	0	0	1	0	0	0	1	1	0	0	0	0	1	0	0	1	2	0	0	0	1	1	0	0	5	0	2	0	2	0	0	0	0	0	1	1	0	0	0	1	0	0	0	0	1	0	0	0	0	0	0	0	0	0	0	0	0	0	0	0	0	0	2	2	0	0	0	1	0	1	3	1	1	1	2	2	2	0	1	1	1	0	1	2	2	1	1	1	2	1	5	1	0	1	0	0	2	1	0	0	1	2	5	3	3	2	3	0	0	1	1	1	1	1	4	1	0	3	1	1	1	2	1	3	1	1	3	2	4	4	3	1	2	1	3	1	3	2	1	2	1	5	0	2	0	2	3	2	4	1	1	5	2	1	1	1	2	0	0	0	0	3	1	2	2	1	1	0	0	2	4	0	3	8	27	8	12	36	0	13	10	10	39	53	12	14	10	3	7	2	10	12	5	4	0	0	3	1	5	1	0	1	0	1	1	1	3	1	0	2	1	0	2	2	0	4	11	1	1	0	7	1	1	14	4	5	8	9	11	8	9	4	3	2	6	4	2	2	1	2	7	14	6	2	3	2	4	1	3	1	4	1	0	3	3	3	3	4	0	1	0	1	1	1	3	0	5	4	1	1	1	1	2	1	0	1	1	3	0	0	2	0	1	1	14	8	0	2	2	1	1	3	1	4	0	2	1	3	3	3	3	3	0	0	1	0	1	0	2	2	1	3	1
0	0	0	0	0	0	0	1	0	2	1	0	0	0	0	0	0	0	0	1	0	0	0	0	0	0	0	0	0	0	0	0	0	1	1	0	0	0	0	0	0	0	0	0	0	0	0	0	0	0	0	0	0	1	0	0	0	0	0	0	0	0	0	1	0	0	0	0	1	0	0	0	0	0	0	0	0	0	0	0	0	1	0	1	0	0	0	1	0	0	0	0	0	0	0	0	0	0	0	0	0	1	0	0	0	0	0	1	0	1	1	0	0	0	0	0	0	0	1	0	0	1	0	0	0	0	0	0	0	0	0	0	1	0	0	0	0	0	0	1	0	1	2	0	0	0	1	1	1	0	0	0	1	0	0	0	0	0	1	1	0	0	0	1	0	0	2	1	0	0	1	0	0	0	0	0	0	1	1	0	0	0	1	0	0	0	0	0	0	0	4	0	0	0	0	0	2	1	2	1	0	0	2	2	2	1	0	1	0	0	0	0	0	1	0	0	0	0	0	1	0	0	1	0	1	1	1	0	2	1	0	0	2	2	0	0	1	0	0	1	0	0	2	0	1	1	3	0	0	1	1	2	1	0	1	1	2	3	2	2	1	6	5	6	4	5	2	3	0	1	0	1	2	2	3	2	5	2	10	5	5	0	3	2	2	2	6	3	3	6	11	7	2	4	3	7	4	2	3	1	2	5	2	1	3	2	2	2	1	2	2	5	8	13	15	6	3	6	5	7	1	4	9	6	5	2	4	2	4	2	5	0	3	5	2	0	3	0	1	2	0	0	0	1	2	1	0	5	9	10	9	4	1	9	13	0	24	38	15	51	16	16	6	5	6	7	3	30	17	4	5	2	1	2	4	5	4	4	4	2	3	3	2	1	2	1	0	0	1	0	3	3	4	7	4	0	1	2	0	4	3	1	6	2	5	2	3	4	1	1	3	2	0	2	2	5	3	5	5	3	0	3	2	5	4	3	2	0	2	2	1	1	1	1	2	4	0	0	0	0	0	0	4	0	1	1	2	2	1	2	0	1	5	1	0	0	2	3	4	5	4	7	1	0	3	1	1	2	2	2	2	0	0	0	2	3	1	0	0	0	1	2	0	1	0	1	0	1	2
0	0	0	0	0	0	0	0	0	0	0	0	0	0	0	0	0	1	0	0	0	0	1	0	1	0	0	0	0	0	0	1	0	3	0	0	0	0	0	0	0	0	0	0	0	0	0	0	0	0	0	0	0	0	0	0	0	0	0	0	1	1	0	0	0	0	1	0	0	0	0	0	0	0	0	2	0	0	0	0	0	0	1	1	0	0	0	0	1	1	1	0	1	0	0	0	0	0	1	0	0	0	0	0	0	0	0	0	0	0	0	0	0	0	0	1	0	2	0	1	0	0	0	0	1	0	0	0	1	1	0	1	0	1	0	0	1	1	0	0	0	0	0	0	1	3	1	0	2	1	1	1	0	1	0	0	0	1	1	0	0	0	0	1	0	0	1	0	0	0	0	0	1	0	0	0	1	0	0	1	1	0	0	1	1	0	1	0	0	2	0	0	3	0	1	1	0	1	0	1	0	3	2	0	0	2	0	0	0	0	0	1	0	2	0	0	0	0	0	1	0	0	0	1	1	1	0	1	1	1	1	2	0	1	0	1	0	1	1	1	1	0	2	2	2	0	0	1	0	2	1	1	1	5	1	2	2	1	1	3	2	6	3	3	4	7	1	1	0	1	1	3	0	1	0	2	3	6	3	8	5	2	0	4	1	2	3	2	5	7	10	6	3	4	5	4	4	2	2	2	8	0	3	6	6	2	2	2	5	1	2	3	5	25	29	14	2	18	10	15	5	5	7	11	9	10	6	11	6	2	6	5	1	0	1	5	4	2	0	0	1	1	1	4	3	3	6	6	10	69	11	5	9	6	10	24	0	43	14	10	42	20	21	2	9	6	9	22	13	8	2	6	3	3	3	5	2	5	4	5	9	4	4	3	6	1	1	0	2	3	2	2	1	10	2	3	5	3	1	3	1	5	5	11	3	3	2	4	2	1	2	3	2	1	6	3	12	11	7	3	3	7	2	2	5	3	4	2	3	5	5	2	1	2	4	0	0	3	0	1	0	2	0	1	4	0	0	0	0	5	2	1	2	1	1	1	1	4	9	9	26	5	8	1	3	1	4	3	1	2	1	2	1	1	1	2	2	2	0	0	1	1	1	0	0	0	2	0	1
0	0	0	0	0	0	0	0	0	0	0	0	0	2	0	0	0	0	0	0	0	0	0	1	2	0	1	0	2	0	0	0	0	0	1	1	0	1	0	0	0	0	0	0	0	2	0	0	0	0	0	0	0	0	0	0	0	0	0	0	0	0	0	0	1	0	0	0	0	0	0	0	0	0	0	0	0	1	1	0	0	0	0	0	0	0	0	0	0	2	0	0	0	0	0	0	2	0	0	0	0	0	1	0	0	1	0	0	1	0	0	0	0	0	0	0	0	0	0	1	1	0	0	0	0	0	0	2	0	0	0	0	0	0	0	1	0	0	0	1	0	0	0	0	0	1	1	2	1	1	1	0	0	0	0	1	0	0	1	0	0	0	1	0	1	0	0	0	0	0	0	0	0	0	0	0	0	0	1	2	0	2	0	0	0	1	0	0	0	1	3	0	3	1	1	1	1	0	0	1	0	2	0	1	2	0	2	0	0	0	1	1	1	0	1	0	0	1	0	0	1	0	1	0	1	1	1	0	0	0	0	0	1	0	0	2	1	0	1	0	0	0	0	0	0	4	0	0	1	1	2	1	1	3	3	2	1	4	2	2	5	2	7	4	3	4	5	4	1	0	0	1	0	0	2	2	6	3	8	8	10	4	3	1	2	3	7	1	2	0	13	11	1	0	3	4	3	3	6	2	4	6	5	3	3	5	2	3	3	1	4	3	14	38	17	3	9	4	5	15	6	5	19	8	8	7	6	7	2	3	6	1	3	4	1	1	4	3	1	0	1	1	0	4	5	2	1	2	3	10	8	4	13	8	10	38	43	0	18	28	17	18	6	2	5	1	3	12	11	5	6	5	3	3	2	2	2	3	6	2	3	1	2	3	3	1	1	2	1	3	1	3	6	4	13	2	3	2	5	3	3	5	5	2	7	3	1	3	4	0	0	3	1	2	1	5	10	7	3	3	5	1	1	3	5	1	3	2	3	1	0	2	2	3	2	2	5	0	1	1	0	0	0	1	3	1	1	0	0	0	1	1	0	1	0	1	3	4	6	6	12	10	6	2	2	3	1	1	2	1	2	1	3	1	1	1	1	0	1	2	1	0	0	3	0	2	3	0	0
0	0	0	0	0	0	0	0	1	0	0	1	0	0	0	0	0	0	0	1	0	0	0	0	0	0	0	0	0	0	1	0	0	0	0	0	0	0	0	1	0	1	0	0	0	0	0	0	0	0	0	0	1	0	0	0	0	0	0	0	0	0	0	0	0	0	0	0	0	0	0	0	0	0	0	1	1	1	1	0	0	0	0	0	0	0	0	0	1	0	0	0	1	0	0	0	0	0	0	0	0	0	0	0	0	0	0	0	0	0	0	1	0	0	0	0	0	0	0	0	0	2	0	0	0	0	0	0	0	0	0	0	0	0	0	0	0	0	0	0	0	0	0	0	1	0	1	1	1	0	0	0	1	0	0	0	0	1	0	0	1	0	0	0	0	1	0	0	0	1	0	0	0	0	0	0	0	0	0	1	0	1	0	0	0	0	0	0	1	1	0	0	0	1	1	1	1	0	1	2	2	1	2	1	0	1	0	1	0	0	0	2	0	1	1	1	1	0	1	0	1	0	2	0	0	0	0	1	1	1	2	0	0	0	1	0	0	0	0	0	0	0	1	1	1	3	0	0	0	0	0	1	3	0	1	0	2	1	4	0	1	4	4	5	2	1	1	3	3	2	2	0	0	2	2	1	1	7	11	11	1	3	1	1	0	1	1	4	1	0	4	5	1	1	5	1	7	6	6	1	5	8	10	2	8	9	3	1	3	0	3	8	9	12	11	3	3	5	4	2	2	2	5	8	0	1	3	1	0	3	4	1	1	0	2	1	0	0	0	0	1	2	1	1	1	4	3	4	0	7	21	34	85	39	39	15	14	18	0	60	9	14	1	3	7	2	2	9	2	3	0	1	0	1	5	1	3	3	2	3	1	3	3	1	2	1	1	1	2	1	4	8	8	12	7	7	7	2	6	6	1	6	6	7	5	1	2	2	3	4	1	1	2	3	3	3	11	8	5	3	2	3	1	1	3	2	0	2	1	1	1	1	0	2	0	1	1	2	0	1	2	6	0	0	1	3	1	4	7	1	0	1	1	1	0	1	2	3	1	2	13	5	10	1	4	0	3	2	0	1	2	6	0	1	2	1	3	3	2	0	0	0	1	0	0	1	1	0	1
0	0	0	0	0	0	0	0	0	0	0	1	0	0	1	0	1	0	0	0	0	0	0	0	0	0	0	0	0	0	1	1	0	0	0	1	0	0	0	0	0	0	0	0	0	0	0	0	0	0	0	0	0	0	0	0	0	0	0	0	1	0	0	0	0	0	0	0	0	0	0	0	0	0	0	0	0	0	0	0	0	1	0	0	0	0	0	0	1	0	0	0	0	0	0	0	0	0	0	1	0	1	0	0	0	0	0	0	0	0	0	0	0	0	0	0	0	1	0	0	0	0	0	0	0	0	0	0	0	0	0	0	0	0	0	0	0	0	1	1	1	0	0	0	1	0	0	0	0	0	0	0	0	1	0	0	0	0	0	1	0	1	0	0	0	0	0	0	1	0	0	0	0	0	0	0	0	0	0	0	1	1	1	0	0	0	0	0	0	1	0	1	0	0	0	0	0	1	0	1	2	0	2	0	0	0	0	0	2	1	0	1	2	4	1	0	0	0	1	0	0	1	0	0	1	0	0	1	1	0	0	0	1	0	1	1	0	0	0	0	0	0	0	1	0	0	1	0	0	0	2	1	1	2	2	2	3	2	5	0	3	10	2	4	4	8	1	2	1	3	0	2	1	3	2	2	1	7	8	10	3	3	4	0	1	1	4	4	1	4	6	2	3	2	2	1	2	0	0	2	2	4	4	0	4	5	0	1	0	2	0	2	7	6	10	5	4	3	1	2	3	2	9	4	4	4	6	2	2	1	3	0	0	2	0	1	3	0	0	0	0	1	0	0	2	4	5	6	3	6	17	8	21	12	53	51	10	28	60	0	9	14	9	4	5	5	1	18	5	3	4	6	3	0	3	2	1	1	5	3	1	1	1	0	5	2	2	0	2	0	2	3	2	6	10	3	2	0	2	4	0	3	2	8	7	2	7	1	2	1	3	1	3	0	3	0	5	5	3	2	1	1	4	3	0	6	2	1	0	1	0	0	2	2	3	2	3	1	2	0	2	0	1	3	1	2	4	0	2	0	1	4	2	0	1	1	2	3	1	2	7	7	4	2	2	1	0	0	1	0	2	0	2	3	2	2	0	4	2	1	1	1	0	2	1	2	0	3	0
0	0	0	0	0	0	0	0	0	0	0	0	0	0	0	0	0	1	0	0	1	0	0	0	0	0	1	0	0	2	0	2	0	1	0	0	1	0	0	0	0	0	0	1	1	1	0	0	1	0	0	0	0	0	0	0	0	0	1	0	0	0	0	0	0	0	0	0	0	1	0	0	0	1	0	0	0	0	0	0	0	0	1	0	0	0	1	0	0	1	0	0	0	0	1	0	0	0	0	0	0	1	0	0	0	0	1	1	0	1	0	0	0	0	0	0	0	1	0	0	2	0	0	0	0	0	0	1	0	0	0	0	0	0	0	0	0	0	0	1	0	0	1	0	1	0	0	0	0	0	0	0	0	0	1	0	1	0	0	2	0	0	0	0	0	0	1	0	2	0	0	0	0	0	0	0	0	0	0	1	2	1	0	0	1	0	0	0	0	0	0	0	0	1	1	0	0	2	1	1	0	1	0	3	0	1	0	0	3	0	0	1	0	2	1	0	1	0	0	1	0	0	0	0	1	0	0	2	2	0	1	2	3	0	0	0	2	1	0	0	0	0	1	1	1	3	1	0	0	5	3	0	1	1	3	2	3	4	0	1	1	4	1	1	2	6	2	1	1	2	0	1	3	1	2	3	1	1	1	5	1	4	3	1	0	0	1	2	2	2	2	5	0	4	3	1	2	1	8	2	4	3	4	3	2	6	2	1	0	0	1	1	3	9	8	9	3	5	7	14	4	4	10	3	6	5	5	4	3	4	0	4	1	0	3	2	0	2	0	1	2	2	4	1	2	6	7	3	1	19	67	9	6	21	12	16	42	17	9	9	0	208	29	2	7	2	11	29	5	5	4	2	2	2	1	1	1	2	3	1	0	2	1	2	2	1	1	0	1	2	3	2	5	8	4	8	3	2	2	6	4	14	14	28	14	4	11	5	2	4	2	4	0	3	6	1	12	23	20	11	3	3	4	6	4	4	3	2	2	3	1	1	4	4	4	2	0	1	1	4	1	0	1	4	3	3	4	2	5	1	2	1	1	1	1	1	3	8	5	9	56	28	11	2	3	2	2	0	2	2	4	0	3	5	4	3	5	7	3	1	0	0	1	1	3	0	0	0	2
0	0	0	0	0	0	0	0	0	0	0	0	0	0	0	0	0	0	0	0	0	0	0	0	1	0	0	0	0	0	0	0	0	0	0	0	0	0	0	0	0	0	0	0	0	1	0	1	2	0	0	0	0	1	1	1	0	0	1	1	0	0	0	1	0	0	0	0	0	0	1	0	0	1	1	0	1	0	0	0	0	0	0	0	0	0	1	0	0	2	0	0	0	0	0	0	0	0	0	0	1	0	0	0	0	0	1	0	0	0	1	0	0	0	0	0	0	1	0	0	0	1	0	0	0	0	0	0	1	1	0	0	0	0	0	0	0	0	0	0	1	0	0	0	0	1	0	1	0	1	1	0	0	0	0	0	0	0	0	3	0	0	0	0	0	0	1	1	0	0	1	0	0	2	0	0	1	0	0	0	0	0	0	1	0	0	0	1	1	0	0	0	0	1	1	1	0	0	0	0	3	1	1	0	1	0	0	0	1	0	0	0	0	0	1	2	1	0	0	0	0	2	1	0	0	0	1	1	1	0	1	1	0	0	0	1	0	0	0	0	0	0	0	0	2	1	0	0	1	3	1	1	1	1	2	1	2	0	1	1	0	1	2	3	3	2	1	3	1	0	1	0	2	0	0	0	1	1	2	1	5	3	0	0	0	0	3	1	0	1	3	2	1	1	2	1	1	4	3	1	3	3	4	1	4	0	1	2	1	1	2	3	3	9	6	3	3	4	5	6	6	5	7	1	6	4	2	2	0	2	2	3	2	2	1	0	0	1	4	2	1	0	1	2	3	2	3	6	6	17	106	4	6	9	14	16	20	18	14	14	208	0	28	4	19	7	10	30	9	2	2	3	0	1	4	0	2	2	7	0	3	2	4	0	2	0	3	0	1	1	4	5	7	6	4	2	2	2	2	7	4	7	19	20	33	10	15	7	7	2	2	5	4	2	5	4	15	24	20	14	7	3	6	2	3	2	3	0	3	0	2	1	3	3	0	1	5	3	1	1	2	2	5	2	1	6	0	1	1	2	2	1	4	2	0	1	2	5	5	6	32	35	12	3	1	2	2	2	0	2	1	2	0	3	4	4	4	4	1	0	1	0	1	1	1	1	1	2	2
0	0	0	0	0	0	0	0	0	0	0	0	0	0	0	0	0	0	1	2	0	1	0	0	1	0	0	0	0	0	0	0	0	0	0	0	0	0	0	0	0	1	1	0	0	0	0	0	0	0	0	0	0	0	0	0	0	0	0	0	0	0	0	1	0	0	0	0	0	0	0	0	0	1	0	2	1	0	0	0	0	0	0	0	0	0	0	0	1	0	0	1	0	0	1	0	0	0	0	0	0	0	0	0	1	0	0	0	0	0	0	0	0	0	0	0	0	0	0	0	2	0	0	1	0	0	0	1	0	0	0	0	0	1	1	1	0	0	0	0	1	0	0	0	0	0	1	0	1	1	1	4	1	1	0	1	1	1	0	0	1	2	0	0	1	1	1	0	0	0	1	0	2	0	0	0	0	0	0	1	1	0	0	2	0	0	1	0	1	0	1	0	0	0	1	0	1	0	0	4	1	4	3	1	0	0	0	1	1	0	0	0	0	0	0	0	1	1	1	0	0	0	1	1	0	1	1	0	2	0	4	0	1	1	0	2	1	0	1	1	0	2	3	1	0	2	1	1	1	2	0	0	1	1	0	2	2	1	1	0	1	2	2	1	0	1	4	0	1	0	2	1	0	0	1	2	5	2	5	0	3	4	1	1	2	2	4	2	2	3	3	3	0	2	1	1	3	5	1	0	2	1	2	4	1	4	0	0	1	1	4	3	2	10	8	7	2	6	11	10	3	2	2	4	4	4	4	4	6	3	2	0	0	1	1	1	3	0	0	2	1	1	2	4	5	10	6	11	19	35	8	1	1	6	10	6	21	6	1	9	29	28	0	18	23	12	33	42	16	3	4	2	6	4	3	1	4	3	3	6	3	4	4	3	3	2	1	2	2	3	1	2	2	3	5	4	3	3	0	3	4	5	25	31	22	7	12	12	3	0	4	4	0	1	0	3	8	6	25	9	7	8	5	4	7	14	3	3	3	2	2	1	6	2	4	2	0	4	1	0	0	0	1	1	0	5	1	1	1	0	2	1	1	3	3	1	6	2	3	7	8	8	3	3	2	2	3	2	4	1	2	1	2	6	4	5	3	1	3	3	1	0	2	1	0	0	0	4	3
0	0	0	0	0	0	0	0	0	0	1	0	0	0	1	1	0	1	0	0	1	0	1	0	1	0	1	0	1	0	1	1	0	1	0	0	0	0	0	0	0	0	0	0	0	0	0	1	0	0	0	0	0	0	0	0	1	0	0	0	1	0	1	0	0	0	0	0	0	0	0	0	1	0	1	1	0	0	1	0	0	0	1	0	0	0	0	0	0	0	1	0	0	0	0	0	0	0	0	0	0	0	0	0	0	1	0	0	0	0	0	0	0	1	0	0	0	0	0	0	0	0	0	2	0	0	1	0	0	0	0	0	1	0	0	0	0	0	0	1	0	0	0	0	1	2	0	1	0	0	0	1	0	0	0	0	0	0	0	0	0	0	0	1	2	0	0	1	1	0	0	1	0	0	1	0	0	0	0	0	0	0	0	1	1	1	0	0	0	0	1	0	0	0	2	3	0	1	0	0	1	0	0	0	1	0	0	0	0	0	0	0	0	0	0	0	0	0	1	1	0	0	0	0	1	0	0	0	0	0	0	2	0	1	0	0	1	1	0	0	0	1	0	0	1	0	0	0	0	0	0	0	2	1	3	0	0	0	0	1	0	4	0	0	1	1	0	1	0	1	2	0	0	1	0	1	1	2	2	2	1	3	0	1	1	0	4	0	1	0	2	0	0	0	1	3	0	2	0	1	1	1	2	1	1	2	0	0	0	1	0	1	0	1	1	4	4	2	5	4	1	3	2	1	0	3	1	1	3	1	2	0	0	1	1	0	3	0	2	2	0	1	1	2	3	5	7	12	11	4	8	2	3	1	3	5	2	2	3	4	2	4	18	0	33	18	20	12	8	4	1	4	2	2	1	3	3	3	2	2	3	0	1	0	1	0	1	0	4	0	2	2	2	3	2	2	0	4	0	0	2	13	14	10	11	11	33	4	5	2	4	0	5	0	1	1	0	5	10	7	10	8	61	17	5	4	1	2	4	4	4	2	5	9	8	4	2	3	1	1	4	0	1	2	2	2	2	1	0	0	1	0	1	2	0	2	0	1	1	1	3	5	5	2	1	1	2	3	2	2	0	5	3	5	0	2	4	6	5	2	1	3	0	1	1	2	3	6	5
0	0	0	0	0	0	0	0	0	0	1	1	0	0	0	0	0	0	1	1	0	0	0	0	0	0	1	1	0	0	0	0	0	0	0	0	1	0	0	0	0	0	0	0	1	0	0	1	0	0	0	0	0	0	0	0	0	0	1	0	0	0	0	0	0	0	2	2	0	0	0	0	0	0	0	0	0	0	0	0	0	0	1	0	1	0	0	1	0	0	0	2	0	0	0	0	0	0	0	0	0	0	0	0	0	0	0	0	2	0	0	0	0	0	0	0	0	0	0	0	0	0	0	0	0	0	0	0	0	0	0	0	0	0	0	0	0	0	0	0	0	0	1	0	0	1	1	0	0	1	0	0	1	0	1	0	0	0	2	0	1	1	0	0	0	0	0	0	2	0	1	0	0	0	2	0	1	0	0	0	0	0	1	1	0	0	0	1	0	0	0	2	0	4	0	1	3	1	0	1	0	1	1	4	0	0	0	0	1	0	2	0	0	0	1	0	1	0	1	0	1	0	1	2	0	0	0	1	2	0	2	0	2	1	1	0	0	0	1	0	0	1	0	0	0	1	0	0	0	0	1	0	0	1	1	0	0	1	2	1	1	2	2	3	2	0	1	1	1	0	2	0	0	0	1	0	2	1	2	1	1	2	1	2	2	1	0	1	2	2	3	0	0	1	2	0	2	0	3	1	3	1	0	1	2	1	0	0	0	0	1	2	3	1	4	3	5	9	4	4	2	2	2	3	2	1	0	1	0	3	1	1	0	0	1	1	1	3	0	2	1	0	3	6	3	7	6	19	7	4	7	4	1	3	7	6	9	5	7	5	7	19	23	33	0	49	38	20	4	4	0	3	4	1	4	1	1	3	3	3	3	1	3	1	2	2	0	0	2	2	0	3	6	5	2	4	2	1	1	3	8	10	11	12	4	7	14	2	3	2	2	1	2	2	1	1	6	6	4	9	4	6	14	11	4	4	2	2	2	1	3	2	2	3	1	1	2	4	0	0	2	1	0	1	1	4	0	2	0	1	3	2	4	0	0	1	3	1	2	6	3	7	1	1	1	2	0	1	3	1	2	0	2	2	4	1	4	3	1	1	1	1	1	2	1	4	1	2	3
0	0	0	0	0	0	0	0	0	0	0	0	0	0	1	0	0	1	0	0	0	0	1	0	0	0	0	0	1	0	1	0	0	0	1	0	0	0	0	0	0	0	0	0	0	0	0	0	0	0	0	0	0	0	0	0	1	0	0	0	0	1	1	0	1	1	0	0	0	0	1	0	0	0	0	0	0	0	0	1	1	1	0	0	0	1	0	0	0	0	0	0	0	0	0	1	0	0	0	0	1	0	0	0	0	0	0	0	0	0	1	0	0	0	0	0	0	1	0	0	0	0	0	1	0	0	0	0	1	0	0	0	0	0	0	1	0	0	0	0	0	0	0	0	0	0	0	1	1	2	0	1	0	0	0	0	1	0	1	3	0	0	0	0	1	0	0	0	0	0	1	0	0	0	0	0	1	0	0	0	0	0	0	1	1	1	1	0	0	0	0	0	0	1	2	1	0	2	1	0	2	1	1	0	0	0	1	1	0	0	0	1	0	0	0	1	1	0	0	0	0	0	0	0	1	0	0	0	0	0	1	0	3	0	2	1	0	1	0	0	0	0	0	1	1	0	0	1	1	2	0	0	2	0	0	1	0	1	1	0	0	2	0	1	1	2	0	0	3	1	2	3	1	1	3	0	1	2	2	0	2	2	1	1	0	1	3	1	0	4	0	3	3	1	1	1	1	1	0	1	0	0	0	1	0	0	1	0	1	1	1	3	0	2	2	2	0	3	2	0	1	2	5	1	0	1	3	3	1	2	1	2	0	2	1	0	3	1	1	3	3	3	0	2	3	9	12	32	11	8	7	1	3	0	2	7	6	1	2	5	2	7	12	18	49	0	65	16	3	4	2	1	3	4	0	1	4	7	1	2	4	2	5	4	1	0	0	1	0	1	1	1	0	0	0	4	0	1	0	1	3	4	8	7	11	6	6	2	2	0	1	2	5	0	1	0	1	3	3	3	4	6	14	11	3	3	3	2	3	2	2	1	2	1	2	3	1	0	0	0	1	4	2	3	3	0	1	1	0	0	0	2	2	1	0	0	1	3	0	3	3	2	3	2	1	0	2	2	0	0	2	2	1	5	1	0	0	1	1	4	0	2	0	3	0	0	0	1	4
0	0	0	0	0	0	0	0	0	1	0	0	0	1	0	0	1	1	0	1	0	0	0	2	0	0	0	0	0	0	1	1	0	1	0	0	0	0	1	1	0	0	0	0	0	0	0	0	0	1	1	0	0	0	0	0	0	0	0	0	0	0	0	0	0	0	1	0	0	0	0	0	0	0	0	0	0	0	0	0	0	0	0	0	0	0	0	0	0	0	0	0	0	0	0	0	0	0	0	0	0	0	0	0	0	0	0	0	0	0	1	1	0	0	0	0	0	1	0	0	0	0	0	1	1	0	0	0	0	0	0	0	0	0	0	0	0	0	0	0	0	1	1	0	2	0	0	0	1	1	0	0	0	0	0	0	0	0	1	1	1	0	0	0	0	0	0	1	0	0	0	0	0	0	1	0	0	1	2	0	1	1	0	1	1	0	1	0	2	0	0	0	1	2	2	0	1	1	2	3	1	1	2	0	2	0	0	0	2	0	1	1	0	2	0	1	0	1	0	1	1	0	0	0	1	0	1	2	1	1	0	2	1	0	0	1	1	3	0	1	1	0	0	0	2	1	0	1	0	0	0	1	2	0	0	1	1	1	0	0	0	1	1	1	0	2	4	3	2	2	1	1	0	0	0	0	2	0	2	4	2	2	2	2	2	1	5	4	1	3	1	2	0	1	0	2	1	0	0	2	2	1	2	1	3	2	0	0	0	1	2	3	0	4	3	4	6	9	1	6	5	2	1	1	2	0	2	3	3	3	0	0	2	2	1	3	1	1	0	1	2	0	2	4	10	10	34	62	34	5	6	2	0	5	10	3	9	3	2	1	11	10	33	20	38	65	0	33	20	12	5	1	7	7	3	1	6	4	5	1	1	2	4	1	5	2	1	2	0	1	2	2	0	1	0	0	2	1	1	4	6	7	10	8	8	10	6	4	2	2	2	0	1	2	1	1	6	1	5	2	9	5	7	10	5	4	1	1	4	2	0	2	1	4	2	7	3	1	2	0	2	1	0	1	1	0	0	1	1	2	0	1	2	2	3	0	1	3	1	2	4	5	5	2	0	4	1	0	3	0	0	1	3	6	1	0	1	2	2	1	0	0	1	0	0	1	0	1	4
0	0	0	0	0	0	0	0	0	0	0	0	0	0	0	0	0	0	0	0	0	0	0	0	0	0	1	0	2	0	0	0	1	1	0	1	0	0	0	0	0	1	0	0	0	1	0	0	0	1	0	0	0	0	1	0	0	0	0	1	1	1	0	2	0	0	0	1	1	0	0	0	0	0	0	0	0	1	1	1	0	0	0	0	1	1	0	1	0	0	0	0	0	0	0	0	0	0	2	0	0	0	1	1	0	0	0	0	0	0	0	0	0	0	0	0	0	0	0	0	0	0	0	0	1	0	0	0	0	0	0	0	0	0	0	1	0	0	0	0	0	0	1	0	2	0	2	1	0	1	2	0	0	1	0	0	0	0	1	0	0	0	0	1	0	0	0	0	0	0	0	1	0	1	0	0	0	2	0	0	0	0	1	1	0	1	0	0	0	0	2	0	1	0	1	0	0	2	2	0	1	1	2	2	0	0	0	0	0	1	1	0	0	0	0	0	1	0	0	0	0	1	0	0	0	1	0	1	0	2	0	1	1	0	0	0	2	0	1	1	1	0	0	0	0	0	1	0	1	0	2	0	1	2	0	2	1	1	1	1	0	2	2	1	3	1	2	1	2	1	1	0	0	2	3	0	1	0	3	2	4	7	4	3	1	3	1	2	2	5	6	2	1	0	4	2	0	3	0	1	5	0	1	1	3	0	1	2	0	0	3	0	5	6	7	2	3	11	5	3	4	4	0	5	5	1	2	4	2	3	2	1	0	0	2	2	1	3	1	1	2	1	2	2	3	4	5	5	12	35	12	4	2	3	12	30	22	12	9	18	29	30	42	12	20	16	33	0	14	13	1	4	7	4	5	6	7	3	3	0	2	2	5	2	0	2	2	0	1	1	2	3	5	5	2	1	1	1	2	3	3	7	7	8	10	2	4	3	3	1	2	1	0	2	1	2	4	9	4	3	4	4	5	5	7	4	5	3	1	3	2	2	4	4	2	1	0	1	1	0	4	1	2	1	1	1	1	0	1	1	1	0	0	1	6	1	2	2	3	1	10	4	3	3	0	1	0	1	0	0	0	0	0	2	2	0	1	1	0	0	1	0	0	1	1	0	0	1	2
0	0	0	0	0	0	0	1	0	1	0	1	1	0	1	0	0	2	0	0	0	1	1	1	1	0	0	0	0	1	0	0	1	0	1	0	0	0	0	0	0	0	0	0	0	1	0	0	0	0	0	1	0	1	0	0	0	0	0	1	1	0	0	0	0	0	0	0	0	0	0	0	0	0	0	0	1	0	0	0	0	0	1	0	0	0	0	0	0	0	0	1	0	0	0	0	1	1	0	0	1	0	0	1	0	0	0	0	0	0	0	0	0	0	0	0	0	0	0	1	0	0	0	0	1	0	0	0	0	0	0	1	0	0	0	1	0	0	0	1	0	1	1	0	0	0	1	1	1	0	0	0	0	1	1	0	1	0	0	0	1	0	0	0	1	0	0	1	0	0	1	0	0	0	0	0	0	1	1	1	0	0	1	0	0	2	0	2	0	0	1	2	2	0	1	1	0	4	2	2	3	3	2	6	2	0	0	2	0	1	1	0	1	1	0	0	1	0	0	1	1	2	0	0	0	1	1	0	1	1	1	1	4	1	1	4	1	0	0	0	2	1	0	1	4	0	2	0	0	1	2	0	2	4	0	0	0	0	2	1	1	2	4	6	3	3	1	4	3	2	1	1	1	1	4	1	3	2	4	0	7	4	4	4	4	4	13	2	1	3	5	8	0	0	1	5	3	1	3	1	4	0	0	3	4	2	1	0	1	1	2	1	2	13	23	16	29	97	11	11	4	6	7	6	5	4	6	5	2	4	4	1	2	5	6	1	1	1	2	0	1	1	5	8	2	8	7	6	21	39	10	3	3	1	5	17	13	11	2	5	5	9	16	8	4	3	20	14	0	36	7	4	9	10	9	5	9	13	9	5	7	4	6	6	4	1	0	1	2	1	4	1	0	3	2	1	0	1	0	3	3	3	1	5	5	1	3	2	5	5	1	0	0	2	2	5	4	4	6	1	2	2	3	3	2	5	4	2	2	3	1	0	1	0	2	3	3	0	0	1	0	0	0	3	0	1	0	0	1	0	1	2	2	2	3	1	2	0	2	3	5	1	5	3	4	0	0	2	2	1	1	2	1	1	1	0	2	1	0	0	1	0	2	1	2	0	2	2	0
0	0	0	0	0	0	0	0	1	0	1	0	1	0	0	0	0	1	0	0	0	1	0	0	0	1	1	0	0	0	0	0	0	0	1	0	0	0	0	0	0	0	0	0	0	0	0	0	0	1	0	0	0	0	0	1	0	0	0	0	1	0	0	0	0	0	0	0	0	0	0	0	1	0	1	0	0	0	0	0	0	0	1	0	1	0	0	0	0	0	0	0	1	0	0	1	0	0	2	0	1	0	0	0	0	1	0	0	0	0	1	0	0	0	0	0	0	0	0	0	0	0	0	0	0	0	0	1	0	0	0	1	0	0	0	1	0	0	0	0	0	0	1	0	0	0	0	0	1	1	0	0	0	0	1	1	1	0	1	0	2	0	1	0	1	1	0	0	0	0	1	0	0	0	1	0	0	0	0	1	0	1	1	0	2	0	1	0	0	1	1	2	1	2	3	0	4	4	4	4	3	6	0	5	1	1	1	0	3	0	2	0	3	0	0	0	0	2	0	0	1	0	0	1	0	0	0	3	0	0	0	1	1	1	1	1	0	1	1	1	1	0	0	0	2	0	1	0	1	1	2	3	0	4	2	3	1	1	2	2	2	2	5	0	1	5	5	1	4	3	2	0	2	0	1	3	2	1	0	1	9	5	14	4	5	8	15	2	1	6	5	4	4	1	1	4	2	1	2	3	2	1	0	1	1	0	1	1	2	0	3	0	1	1	9	2	4	19	5	8	0	4	4	4	5	4	7	6	6	7	2	2	3	2	1	3	1	2	1	1	2	6	2	2	8	12	17	6	11	8	1	0	1	1	4	4	8	5	3	3	5	2	3	4	4	4	12	13	36	0	12	16	43	60	37	26	19	13	14	5	5	3	3	4	4	1	0	0	0	2	2	0	2	2	1	1	7	1	1	0	0	5	2	4	1	3	2	0	1	1	2	0	0	2	2	2	0	1	3	4	4	2	2	1	2	5	2	5	2	0	3	1	2	2	1	0	1	0	0	1	0	0	1	1	2	1	1	1	0	0	2	1	0	2	0	2	0	1	4	4	4	4	2	0	1	0	0	1	0	1	0	3	1	3	1	2	1	3	1	0	0	0	1	0	0	1	1	2	0
0	0	0	0	0	0	0	0	0	0	0	0	0	0	0	0	1	1	0	0	0	0	0	0	0	1	0	0	1	0	0	0	3	2	0	1	0	0	1	0	0	0	0	0	0	0	0	0	0	0	0	0	0	0	1	1	0	1	0	0	0	0	0	1	0	0	0	1	1	0	1	0	0	0	0	0	0	1	0	0	0	0	0	1	0	0	0	0	0	0	0	0	0	1	1	0	0	0	1	1	1	0	2	0	0	0	0	0	0	0	0	0	0	0	0	2	0	0	0	0	0	0	0	0	0	0	0	0	0	0	1	0	0	1	0	0	0	0	0	1	0	0	0	0	3	0	2	0	1	2	2	2	2	0	1	0	0	0	2	0	0	2	1	0	0	1	1	1	0	0	1	0	1	0	0	0	0	0	1	0	0	2	0	1	2	0	0	0	0	2	3	0	4	4	3	1	3	5	2	10	8	10	2	3	1	3	2	2	3	1	2	1	0	3	2	0	0	0	0	0	0	0	0	2	1	1	0	4	1	2	2	3	0	2	3	3	4	1	0	2	4	2	2	1	0	2	1	1	0	3	3	2	2	1	0	2	0	2	1	0	4	2	3	2	2	2	4	2	4	3	1	0	1	1	1	2	0	3	3	1	9	12	7	1	8	3	14	6	8	3	6	3	5	2	0	4	1	2	1	1	1	1	2	1	1	1	1	1	2	1	1	0	2	3	4	6	32	24	10	1	0	6	3	3	8	2	5	11	8	13	9	4	2	7	3	4	1	10	3	7	2	7	7	10	3	5	7	8	10	5	2	0	0	0	0	5	2	6	0	4	4	2	4	1	0	2	5	1	7	12	0	66	43	15	9	25	22	195	27	14	13	3	6	4	2	1	2	3	0	0	2	0	0	1	1	1	1	0	2	0	1	1	1	4	2	0	3	4	2	0	0	1	2	0	1	0	3	4	4	2	2	1	0	0	6	1	7	5	5	5	2	1	0	3	0	0	0	0	0	0	0	0	3	2	3	1	2	0	0	1	1	0	2	4	1	0	1	0	4	1	0	1	0	1	0	2	1	0	0	1	0	1	1	1	0	2	2	1	0	1	0	1	0	4	0	1	1	0	0
0	0	0	0	0	0	0	1	0	0	0	0	1	0	0	1	1	0	1	0	0	0	0	0	0	0	0	1	1	1	0	1	1	0	0	0	0	1	0	0	1	0	0	0	0	1	0	0	0	0	0	0	0	0	0	0	1	0	0	1	0	0	0	0	0	2	0	0	0	1	1	0	0	0	0	0	0	0	0	0	0	1	0	0	1	0	0	2	0	0	0	0	0	0	1	0	0	2	0	0	0	0	0	0	0	0	0	0	1	0	0	0	0	0	1	0	0	0	0	0	0	0	0	0	1	1	0	0	1	0	1	1	0	0	0	1	0	0	0	0	1	1	0	2	0	1	0	0	1	1	0	2	1	1	0	1	0	0	0	1	0	0	0	2	0	0	1	0	1	0	1	0	0	1	0	1	0	0	0	0	2	0	0	1	2	1	0	0	0	1	4	1	2	1	5	1	4	7	8	17	8	17	13	7	2	3	1	5	1	1	1	0	0	1	0	0	0	0	0	0	0	2	0	0	4	2	0	2	3	2	2	2	3	5	0	3	1	0	2	3	3	2	2	4	2	9	1	3	4	2	4	4	2	1	4	2	1	2	1	1	1	4	1	5	3	3	4	3	2	2	0	0	0	0	2	2	1	0	0	1	5	16	15	11	10	19	28	10	4	5	9	7	3	1	4	6	2	2	1	2	4	1	1	0	0	1	0	1	1	1	2	0	1	5	5	4	11	9	3	1	1	5	3	3	3	2	1	5	7	10	11	7	3	2	2	3	6	2	3	6	0	5	4	10	5	4	6	4	5	10	1	1	1	2	0	2	6	5	1	6	2	3	2	4	3	1	1	4	4	16	66	0	58	24	12	37	14	44	12	5	7	5	2	2	3	1	1	1	0	2	1	0	0	1	1	0	3	0	0	2	3	2	0	2	1	1	2	2	0	2	0	1	1	2	2	1	3	0	1	1	1	0	4	4	5	4	2	1	2	1	0	2	1	3	3	0	0	0	0	1	2	1	0	0	0	0	1	0	0	0	0	1	0	2	4	1	2	1	2	0	1	1	1	2	1	1	2	1	0	0	0	0	0	1	0	0	0	0	0	0	1	0	0	2	0	0	1	1	0
0	0	0	0	0	0	0	0	0	0	0	0	0	0	0	0	0	1	0	0	0	1	0	1	0	0	0	0	1	0	1	0	0	0	0	1	0	0	1	0	0	0	0	0	0	0	1	0	0	0	0	0	0	0	0	0	1	0	0	0	1	1	1	0	0	0	2	0	0	0	0	0	0	0	0	1	3	0	1	0	0	0	0	1	1	0	0	0	0	0	0	0	0	0	1	0	0	1	0	0	0	0	0	0	0	0	0	0	0	0	0	0	0	0	1	0	0	0	0	0	0	0	0	1	0	1	0	0	1	1	0	0	1	0	0	0	0	1	0	0	0	1	1	2	0	1	0	0	0	1	1	1	0	0	2	0	1	0	2	0	1	0	2	0	0	0	0	0	0	0	1	0	0	0	0	0	1	0	1	1	1	0	3	0	0	0	2	0	1	1	0	1	1	3	0	2	1	2	4	6	6	9	5	3	2	1	1	3	0	1	1	0	0	0	0	1	0	1	0	1	0	0	0	1	2	0	0	1	0	2	1	3	3	3	1	1	1	1	1	1	0	1	1	2	1	0	0	2	1	1	4	2	1	0	2	2	0	0	3	1	3	2	0	8	3	5	4	3	3	1	0	2	1	0	1	1	2	1	1	3	4	11	22	5	7	17	32	4	3	4	7	2	2	3	2	2	1	2	0	0	1	2	1	4	1	0	0	1	1	3	0	1	0	3	7	17	22	21	8	6	1	3	3	2	3	2	2	9	5	13	7	3	4	2	1	1	5	1	1	4	2	1	3	8	5	7	11	5	8	4	2	2	1	2	3	1	3	3	0	3	2	0	6	2	4	3	7	7	9	43	43	58	0	46	16	34	24	67	13	11	4	3	2	4	0	3	0	2	1	3	1	2	3	1	1	2	2	1	2	1	1	0	1	1	3	3	1	0	1	1	1	0	1	1	2	1	3	1	5	0	1	2	3	4	3	5	3	1	1	1	1	0	0	1	1	1	1	0	0	0	1	1	0	0	1	1	0	1	0	0	0	1	1	2	3	0	1	3	1	4	3	2	1	1	0	1	1	0	0	0	0	0	0	0	0	2	1	0	3	0	1	0	0	0	0	2	0	3	0
0	0	0	0	0	0	0	0	0	0	0	0	1	0	0	1	1	0	0	1	0	0	0	0	0	0	0	0	0	0	0	0	1	0	0	1	0	1	0	0	0	0	0	1	0	0	1	0	0	2	0	0	0	1	0	0	0	0	0	0	0	1	0	0	0	0	0	0	1	0	0	0	1	0	0	0	0	0	0	0	0	0	1	0	1	0	1	0	1	0	0	1	1	0	0	0	0	0	0	0	0	0	1	0	1	0	1	1	0	0	0	0	0	0	0	0	0	0	0	0	1	0	0	1	0	0	1	0	1	0	0	0	0	0	0	0	0	1	0	1	1	0	1	0	3	3	0	1	2	0	0	1	1	0	0	0	0	1	1	0	0	0	0	1	0	0	0	1	1	1	0	0	0	0	0	0	0	0	2	1	0	1	0	1	0	0	2	2	1	1	2	1	1	1	1	1	1	3	4	7	3	5	5	3	3	2	3	0	0	1	0	2	1	3	1	0	1	0	3	1	0	0	0	1	0	0	1	1	0	2	1	0	2	1	4	1	2	2	0	0	0	0	1	1	4	2	1	3	1	0	1	1	1	0	4	1	1	2	2	1	1	1	0	1	4	2	1	1	1	2	2	1	0	1	3	1	3	0	4	6	4	9	13	7	3	12	13	2	1	4	4	3	3	1	0	3	0	1	1	0	5	1	2	1	1	0	0	0	1	1	1	2	2	2	6	5	8	8	0	1	2	1	1	2	2	4	2	3	3	7	5	1	0	2	0	1	1	2	2	4	1	2	4	4	9	16	15	4	9	5	2	0	2	0	1	2	3	3	1	0	2	1	4	2	1	4	7	4	10	60	15	24	46	0	91	164	15	16	9	6	6	2	3	4	3	1	0	1	2	0	3	1	1	2	0	1	0	1	0	1	1	2	3	4	0	3	1	1	2	1	4	1	0	0	1	0	2	1	1	0	2	3	3	0	1	4	0	0	3	4	4	4	0	3	0	2	0	0	0	0	1	0	0	1	0	2	0	1	1	1	0	1	0	0	1	1	1	1	2	0	2	2	2	0	1	0	0	0	1	0	0	1	3	1	2	0	0	1	1	0	2	0	1	0	0	1	0	0	1
0	0	0	0	0	0	0	0	0	0	0	1	0	0	0	0	0	1	1	1	0	1	1	0	0	1	1	0	0	0	0	0	0	0	0	0	0	0	0	0	0	0	0	0	0	0	0	0	0	0	0	0	0	0	0	0	1	0	0	0	0	1	0	0	0	0	0	0	0	0	0	0	0	0	1	1	0	2	0	0	0	0	1	0	1	0	0	1	0	0	0	0	0	0	1	0	0	0	0	1	0	0	0	0	0	0	0	0	0	0	0	0	0	0	0	0	0	0	0	0	0	0	0	0	0	0	0	0	0	2	1	0	0	0	1	1	0	0	0	1	0	0	0	0	0	0	1	1	1	0	0	0	0	0	1	0	0	0	0	1	0	0	2	1	0	0	1	0	0	1	3	0	0	0	0	1	0	0	1	1	0	0	1	0	0	1	0	0	1	0	3	1	0	1	3	3	4	5	3	9	4	0	5	2	0	1	1	0	1	1	0	1	1	1	0	1	0	0	1	0	1	1	1	1	0	1	0	0	1	3	1	0	1	2	2	5	1	0	0	1	0	1	1	2	2	0	2	2	1	3	3	3	2	2	1	2	2	3	1	1	1	0	3	0	2	3	3	2	1	1	1	0	0	1	0	0	1	0	1	2	1	3	9	5	2	6	4	3	3	1	2	1	4	3	1	1	0	0	0	2	0	0	0	1	2	1	1	0	1	1	0	1	1	0	7	3	0	9	4	2	2	1	2	1	4	3	4	4	1	2	3	1	2	0	0	3	1	1	1	2	2	2	3	5	8	21	9	3	11	9	2	2	3	1	5	4	3	2	5	3	1	4	3	1	4	0	3	5	9	37	9	12	16	91	0	43	12	9	5	1	4	0	0	0	0	3	0	1	1	0	1	3	3	1	0	0	0	1	2	1	2	0	1	0	2	0	2	0	1	1	3	1	0	0	3	3	1	2	1	0	1	4	1	2	2	4	4	1	2	0	0	1	2	1	3	1	0	1	0	0	0	1	2	0	1	3	0	2	1	2	1	0	0	0	0	1	1	1	2	2	4	3	0	1	0	1	0	1	1	0	0	1	2	0	3	0	0	2	1	2	0	0	2	1	0	1	1	0	0
0	0	0	0	0	0	0	0	1	0	2	0	0	0	0	0	0	0	0	0	0	0	0	0	0	1	0	0	0	0	0	1	1	0	0	1	0	0	0	0	0	0	0	0	0	2	0	0	0	0	0	0	1	1	0	0	1	0	0	0	0	0	0	0	0	0	0	0	0	0	0	0	0	0	0	0	1	1	1	0	0	0	0	1	1	0	0	0	0	0	0	0	0	0	0	0	0	1	0	2	0	0	1	0	0	0	0	0	0	0	0	0	0	0	0	0	0	0	0	0	0	0	0	0	1	0	0	0	0	0	2	0	0	0	0	0	0	1	0	0	0	0	0	0	0	0	0	0	0	0	2	1	0	2	2	1	0	0	1	2	1	0	0	0	0	1	0	1	1	0	1	0	0	1	1	0	0	0	0	1	0	1	0	0	0	1	0	1	0	0	3	2	0	1	2	3	4	4	9	14	9	9	5	2	5	2	1	1	2	2	1	2	0	2	0	1	0	2	0	0	1	1	0	3	1	3	2	0	0	0	1	0	0	0	3	2	2	0	0	1	0	1	1	1	2	1	0	2	0	2	0	0	0	1	0	4	0	0	1	0	1	1	1	2	2	5	7	2	3	0	0	4	0	0	0	0	3	2	2	1	2	6	14	3	3	7	5	4	2	4	4	1	2	3	1	1	3	2	3	0	0	0	1	1	2	0	2	0	0	1	0	0	0	1	7	2	12	8	6	4	3	1	1	0	1	7	2	4	8	3	2	5	0	2	1	2	1	0	6	1	3	3	4	7	9	15	8	6	11	5	1	3	2	3	1	5	5	2	1	2	1	0	1	3	1	1	1	6	5	26	25	37	34	164	43	0	15	17	9	5	6	0	2	0	2	1	0	0	0	2	2	0	0	3	3	0	2	1	0	1	1	0	1	4	0	1	4	0	2	0	1	0	0	1	0	0	0	2	1	0	3	2	0	1	2	2	3	1	2	5	1	0	2	1	0	0	0	3	0	0	0	1	1	0	0	0	0	0	0	0	1	0	0	4	1	0	2	3	1	2	1	1	0	1	2	0	2	1	0	2	0	0	0	0	1	0	1	0	0	1	0	0	1	0	0	0	0	0	1
0	0	0	0	0	0	0	0	0	0	1	0	0	1	0	0	0	1	0	0	0	1	1	0	0	0	1	0	0	0	0	0	0	0	1	1	0	0	0	0	0	0	2	0	0	0	0	0	0	0	0	0	0	1	0	1	0	0	2	0	0	0	0	0	0	0	0	0	0	0	0	0	0	0	0	0	0	0	0	0	0	0	0	0	1	0	0	0	2	0	0	0	0	0	0	0	2	1	0	2	0	0	0	0	0	1	0	0	1	0	1	0	0	0	0	0	0	0	1	1	0	1	0	1	0	2	0	0	1	0	0	0	0	1	0	0	1	0	1	2	0	0	1	0	0	1	1	0	0	0	0	0	3	1	2	1	0	0	2	1	0	0	0	1	0	0	0	0	0	1	1	0	0	1	0	1	1	0	0	0	1	2	0	0	1	2	1	1	0	1	0	1	1	2	5	1	4	4	2	7	0	3	2	1	0	2	0	0	2	0	0	0	0	0	4	0	1	1	0	0	2	0	0	1	1	2	2	2	4	4	2	2	1	1	2	1	1	1	1	0	0	0	1	1	0	3	3	2	3	0	3	1	1	1	1	1	1	0	1	1	0	2	4	1	2	2	1	6	1	0	1	0	0	0	0	1	2	1	0	1	2	5	5	2	4	6	9	4	2	0	1	0	3	1	2	1	0	2	4	2	1	0	0	1	2	1	1	0	0	0	0	1	2	1	3	4	17	14	8	3	5	4	3	3	0	1	0	1	3	6	3	2	0	2	1	2	4	2	1	4	4	4	9	27	17	17	7	4	11	1	2	1	1	0	0	4	2	2	3	1	1	2	4	3	1	4	6	7	9	19	22	14	24	15	12	15	0	21	20	10	3	2	3	1	3	0	2	0	0	0	0	1	0	3	1	0	1	1	1	1	1	0	1	4	4	3	2	2	2	0	0	1	0	1	1	1	3	1	2	3	1	3	1	1	3	5	5	5	11	2	0	1	4	0	0	0	2	1	0	1	0	1	0	0	0	1	0	0	0	0	0	2	1	2	3	3	3	0	3	3	4	3	0	3	0	1	0	1	0	0	0	0	0	0	0	0	0	1	2	1	0	0	1	0	0	0	0	1	2
0	0	0	0	0	0	0	0	0	1	0	0	0	0	0	0	1	0	0	0	0	1	0	0	0	0	1	2	1	2	0	2	1	1	1	0	0	0	0	0	0	0	0	0	0	0	0	0	0	0	0	0	0	0	1	1	1	0	0	1	0	0	0	0	0	0	0	0	0	1	0	0	0	0	1	0	0	0	0	0	0	0	0	1	0	0	0	0	2	0	0	1	0	0	0	0	1	0	1	1	1	0	0	0	0	1	0	0	1	0	0	0	0	0	0	0	0	0	0	0	0	0	0	1	0	0	0	1	0	0	1	0	0	0	0	0	0	1	0	1	0	0	0	0	1	3	1	1	1	0	1	0	1	2	0	2	0	0	0	0	1	0	2	0	0	2	1	0	0	0	0	0	0	1	0	0	0	0	0	0	0	0	0	1	0	0	0	0	0	2	3	1	2	0	1	4	1	0	7	6	7	5	8	4	3	3	1	3	4	1	0	0	1	1	2	0	1	2	0	1	2	2	0	1	1	0	2	0	3	0	3	3	1	4	2	4	0	1	2	2	2	0	3	0	2	0	0	2	1	1	1	2	2	2	4	4	1	1	1	0	3	5	2	1	2	2	4	3	6	2	0	0	0	0	1	0	1	3	1	0	6	14	7	3	3	11	11	7	4	3	4	6	7	1	2	1	0	1	1	3	2	2	0	0	2	0	0	2	1	1	1	1	0	3	12	14	30	23	10	4	1	1	3	0	5	3	4	10	5	18	6	9	4	3	1	4	2	1	1	2	4	3	6	7	7	9	7	4	11	6	1	1	1	0	1	4	5	3	3	1	2	2	3	3	3	7	4	3	13	13	195	44	67	16	9	17	21	0	48	21	12	6	5	1	2	1	1	0	1	2	2	1	0	1	0	1	1	0	0	3	1	1	1	3	3	1	0	0	2	2	1	1	2	1	5	2	0	1	3	1	1	3	1	1	5	3	4	2	7	2	2	1	1	1	1	2	0	0	0	0	0	0	0	2	0	1	2	0	1	0	1	0	0	0	4	2	3	1	5	5	5	0	3	1	1	2	0	2	0	0	1	0	2	0	0	3	2	0	0	1	0	1	0	0	0	1	0	1	0
0	0	0	0	0	0	0	0	1	0	0	0	1	0	1	1	0	0	0	0	0	0	1	0	0	0	0	0	0	1	0	0	1	3	1	1	0	2	1	0	0	0	0	0	0	0	1	0	0	0	0	0	0	0	0	0	0	0	0	0	1	0	0	0	0	0	0	0	0	0	0	0	1	0	0	1	0	0	0	0	0	0	0	0	1	0	0	1	0	0	0	1	0	0	0	0	0	0	1	1	0	0	1	1	0	0	0	0	0	0	1	0	1	0	0	0	0	0	0	1	0	0	0	0	0	0	0	1	0	0	0	0	0	0	1	0	1	0	0	1	0	0	0	2	0	3	1	1	1	1	1	0	2	2	0	0	2	1	2	1	1	1	2	0	2	0	0	1	1	0	0	0	0	0	1	1	0	0	1	0	0	0	1	0	2	1	0	0	5	1	3	1	1	1	1	0	0	3	3	3	6	7	3	1	2	0	3	1	1	0	3	0	0	0	2	1	0	1	2	2	5	1	1	0	1	0	1	3	2	1	2	1	4	0	3	2	2	2	1	0	3	3	1	0	3	2	3	1	0	1	5	1	0	1	2	3	1	0	1	1	0	3	1	4	0	3	2	2	1	1	2	1	0	0	1	0	1	2	1	1	5	5	7	2	5	6	2	3	1	2	3	5	2	0	3	3	0	2	3	2	1	1	3	2	0	0	0	0	1	1	2	1	0	5	13	22	169	41	24	4	4	14	3	6	5	6	8	4	10	12	9	5	3	5	6	8	0	5	6	8	5	6	5	14	2	9	7	4	6	9	4	2	0	0	0	4	4	6	2	5	3	7	3	2	3	1	5	3	9	14	27	12	13	9	5	9	20	48	0	57	30	9	5	4	5	0	0	0	1	2	3	2	2	2	1	0	1	0	0	2	3	0	6	4	4	0	2	2	1	0	0	1	0	1	2	0	1	1	2	2	0	6	2	2	7	10	11	10	8	4	1	2	2	0	1	1	1	1	2	0	0	0	0	1	1	0	0	0	2	1	2	2	2	3	6	2	6	1	2	1	5	2	0	1	0	0	1	5	1	1	1	1	2	1	4	1	2	2	0	2	0	0	0	1	0	1	0	0	1
0	0	0	0	0	0	0	0	0	0	0	0	1	1	0	1	0	0	2	2	0	0	1	1	0	0	0	0	1	0	0	0	1	1	0	0	1	1	0	0	0	0	0	0	1	0	0	1	0	0	0	0	0	0	0	0	0	0	0	0	0	0	0	1	1	0	1	1	0	1	0	1	0	0	0	1	0	0	0	0	1	0	0	1	0	0	0	0	0	0	0	0	0	0	0	1	0	0	0	0	0	1	2	0	0	0	0	0	0	0	1	0	0	1	0	1	0	0	1	0	1	1	0	1	0	0	0	0	1	1	0	1	0	0	0	0	0	0	0	1	1	1	1	1	1	3	3	1	2	1	1	2	0	0	2	1	0	1	2	1	0	0	0	3	0	0	2	1	1	1	1	2	0	0	0	0	1	0	0	2	1	0	0	0	0	1	0	0	0	4	1	0	0	3	0	2	3	2	0	3	2	6	1	4	2	2	3	1	3	3	2	2	0	2	1	1	0	0	2	2	2	4	0	2	1	3	1	2	2	2	2	4	3	4	2	6	5	0	0	0	0	0	0	1	1	2	1	0	1	2	0	0	2	0	4	1	1	1	1	1	1	2	2	3	5	2	3	1	1	0	3	0	1	2	2	0	2	0	2	2	2	0	6	3	3	2	2	1	2	2	1	1	3	3	1	0	2	3	3	1	1	0	1	0	0	2	1	0	0	2	0	2	1	6	10	9	36	9	15	9	4	8	8	1	2	4	7	10	13	10	2	6	5	6	12	8	2	13	8	11	6	16	13	15	2	1	2	8	5	9	2	1	0	1	1	2	5	2	3	3	1	0	6	2	3	2	1	0	5	5	14	5	11	6	1	5	10	21	57	0	72	29	15	4	5	6	2	1	3	4	2	2	2	0	2	1	3	3	4	3	1	2	0	2	4	0	2	0	1	0	1	0	0	3	2	2	2	3	6	2	4	2	3	6	4	11	10	13	24	7	4	3	1	1	2	2	0	1	0	1	0	1	1	0	2	0	1	0	1	1	0	4	3	4	1	1	2	2	3	1	0	1	4	3	2	0	0	1	2	0	0	1	0	1	0	1	0	2	0	1	0	0	1	1	0	1	1	1	3
0	0	0	0	0	0	0	1	1	0	0	1	0	0	1	0	0	0	0	0	0	1	0	1	0	0	1	3	0	0	1	0	0	0	1	1	0	0	0	0	1	0	0	0	0	0	1	0	1	0	0	0	0	0	1	0	0	0	1	0	0	0	2	0	0	1	1	0	0	0	0	0	0	0	1	0	0	0	0	0	0	0	4	0	0	0	0	0	0	0	0	0	2	0	0	0	0	0	2	0	0	1	1	0	0	0	1	0	0	0	0	0	0	0	0	0	1	1	0	1	1	1	0	0	0	0	0	0	1	0	0	0	0	0	0	0	0	1	0	1	0	1	0	0	0	0	1	2	0	2	2	0	2	2	0	0	2	1	0	2	1	0	1	0	1	1	1	0	1	1	1	2	0	0	1	0	0	0	1	4	1	0	1	0	1	0	2	0	1	1	5	0	1	1	0	2	2	1	1	3	1	6	2	1	2	0	0	2	1	3	4	0	3	1	2	1	0	1	1	3	2	1	0	0	2	2	2	1	3	1	3	5	4	4	2	7	3	0	1	0	0	0	3	0	2	4	1	0	1	1	1	0	5	5	4	3	0	0	0	1	4	1	0	0	5	5	6	3	0	2	2	0	1	2	3	3	0	0	2	3	2	4	5	1	5	1	5	1	2	0	0	2	2	2	2	4	1	2	2	4	1	4	1	0	1	0	2	3	4	0	5	1	5	5	3	18	20	14	27	7	11	7	3	3	3	2	7	5	15	18	8	6	6	10	11	21	11	14	10	11	5	11	10	13	1	2	4	2	5	4	1	5	1	0	1	3	9	3	1	1	0	3	3	3	3	4	1	2	7	5	13	7	4	6	4	6	3	12	30	72	0	30	20	5	9	3	0	2	2	1	2	0	0	4	0	2	0	2	0	0	2	2	1	1	1	2	3	2	1	1	0	1	1	2	2	3	0	0	3	2	1	3	1	4	1	6	1	4	14	1	3	4	1	1	3	0	0	0	1	0	0	1	1	0	0	0	0	1	0	2	1	1	2	4	5	1	1	3	4	3	7	2	1	2	0	0	3	1	3	1	0	1	2	4	1	2	1	1	0	1	0	0	1	1	1	1	0	0	1
0	0	0	0	0	0	0	0	0	1	0	0	0	1	0	0	0	0	0	0	1	0	0	1	1	0	1	0	0	0	1	0	2	0	1	0	0	1	0	0	0	0	0	0	1	0	0	0	0	2	0	0	0	0	1	0	0	1	0	0	1	0	2	2	1	1	1	0	0	1	0	0	0	1	0	0	0	0	0	0	0	0	1	0	0	0	0	0	0	0	0	1	1	1	1	0	0	1	1	0	0	3	0	0	0	0	0	1	2	0	0	0	0	0	0	1	0	0	1	0	0	0	0	0	0	0	1	0	1	0	0	0	0	1	1	1	0	0	0	0	1	0	1	1	1	1	0	1	0	2	0	0	2	1	0	3	2	1	1	1	1	0	2	0	1	0	2	0	1	0	0	1	0	0	0	0	0	1	0	1	1	1	0	1	0	2	2	1	1	3	1	0	1	0	0	1	1	1	1	3	2	5	0	1	0	2	0	1	3	1	1	2	0	1	4	0	0	0	1	1	0	0	1	2	3	1	2	2	3	1	0	3	6	2	3	4	3	0	0	0	0	1	0	3	2	0	0	0	0	1	2	4	1	0	2	1	1	2	1	0	2	1	4	4	4	4	3	5	1	1	1	2	0	2	1	1	1	0	2	4	2	2	1	0	1	1	3	4	1	2	2	1	0	2	0	3	4	2	4	3	3	2	0	3	0	0	0	1	0	3	1	2	2	4	5	16	7	8	36	8	26	10	2	3	3	6	3	6	10	1	3	9	9	7	35	22	13	5	8	5	1	3	6	3	1	3	0	2	4	8	1	0	1	1	1	3	4	1	3	1	2	2	4	0	1	2	2	2	4	3	3	5	3	2	0	0	2	6	9	29	30	0	94	31	20	3	2	1	2	4	2	4	2	2	2	1	1	3	1	0	0	2	5	7	4	1	3	1	2	1	2	1	2	0	3	3	4	1	3	3	0	3	6	4	7	7	8	6	28	6	5	2	1	2	3	1	0	1	1	0	2	1	1	0	1	1	0	1	1	1	4	1	2	6	7	4	8	6	7	4	5	6	3	1	1	5	1	1	1	0	3	0	2	0	1	2	2	1	3	1	0	3	1	1	0	2	0	0	1
0	0	0	0	0	0	0	1	0	0	0	2	1	1	1	0	1	0	0	1	0	1	0	0	2	1	2	0	0	0	0	0	1	0	2	0	0	0	0	0	0	0	0	0	0	1	0	1	1	1	0	0	1	0	0	0	1	0	0	0	1	0	1	0	1	0	0	1	0	1	0	0	0	0	1	1	0	0	0	0	1	0	1	0	1	0	0	1	0	0	0	0	0	0	1	0	0	1	2	0	0	0	1	1	0	0	1	0	0	1	0	0	0	0	0	1	0	0	0	0	1	0	0	1	0	0	0	0	0	0	1	0	0	0	1	0	1	0	0	1	1	1	0	1	0	1	2	1	1	4	4	2	2	0	1	0	2	2	0	0	0	1	1	0	0	0	1	1	0	0	1	0	1	1	0	1	0	1	1	0	0	1	0	2	2	0	0	1	0	1	1	1	0	0	2	1	0	1	1	0	2	4	2	1	1	1	1	0	1	1	0	1	2	0	1	1	0	0	0	1	1	1	0	1	1	0	1	0	1	3	0	1	2	1	3	1	1	1	1	1	2	0	0	0	2	3	1	1	0	1	0	2	2	1	0	2	0	0	1	1	4	0	1	1	2	5	1	1	2	1	0	0	1	0	1	0	1	2	2	0	3	3	2	1	5	1	2	5	1	2	5	2	3	0	1	2	2	14	7	11	2	4	4	3	2	2	2	0	2	1	2	1	2	4	4	10	12	12	25	18	30	14	8	5	5	2	5	2	6	4	5	6	6	9	29	6	11	9	0	3	3	1	1	7	0	1	2	3	4	2	4	1	5	2	3	2	4	2	3	1	1	4	4	1	3	5	4	5	6	3	6	2	2	3	0	2	3	5	5	15	20	94	0	26	37	14	0	6	3	5	5	3	1	1	1	5	1	1	0	1	1	1	2	9	1	1	0	3	1	0	2	2	3	6	5	9	7	0	3	2	4	2	4	3	9	10	6	8	21	6	8	2	3	2	1	0	0	1	1	0	0	1	0	0	1	1	2	1	4	3	4	4	7	11	5	9	10	7	21	15	5	5	2	6	6	2	2	1	0	2	0	0	2	0	4	2	2	0	1	5	2	2	0	1	0	1	1	0	0
0	0	0	0	0	0	0	1	0	0	0	0	2	0	0	1	0	1	0	0	1	0	0	0	1	0	1	0	0	0	1	0	0	0	0	1	0	0	0	0	0	1	0	0	0	0	0	0	1	0	0	0	0	0	0	0	1	0	0	0	1	0	0	1	0	1	1	1	0	0	0	0	1	1	0	0	0	2	0	0	0	0	0	1	1	0	0	1	1	1	0	0	0	1	0	0	1	0	0	0	0	0	1	0	1	0	0	0	0	0	1	0	0	0	0	0	0	0	0	0	0	0	0	0	0	1	1	0	0	0	0	0	0	1	0	0	0	2	0	0	0	1	0	0	1	1	1	0	1	1	2	0	1	0	1	0	0	1	0	2	0	0	0	1	2	0	0	0	0	0	0	1	0	0	0	1	2	0	0	0	4	0	1	1	0	1	0	0	3	2	1	1	1	0	0	0	0	0	2	0	4	1	3	3	0	1	0	2	1	1	0	1	1	1	3	4	1	0	0	2	0	2	0	4	2	0	0	1	1	1	3	2	3	1	2	2	3	3	2	0	1	0	3	2	0	0	0	0	1	0	0	1	1	1	2	1	1	1	1	0	3	0	1	1	2	4	0	7	0	2	0	2	2	1	3	0	2	3	0	2	2	1	1	1	1	1	2	0	0	1	0	4	1	3	4	3	6	14	20	22	13	9	3	2	0	3	1	0	1	2	1	1	2	7	5	4	8	2	7	10	46	31	4	8	4	6	12	3	13	4	8	5	11	9	37	11	6	8	8	1	3	5	2	2	2	0	1	0	3	1	3	1	4	2	1	1	3	3	1	0	2	0	3	0	1	4	1	2	6	4	4	2	4	4	0	0	1	1	4	4	5	31	26	0	47	7	4	2	1	5	6	3	3	1	1	1	0	2	0	0	1	0	2	3	3	0	0	1	2	2	1	1	5	2	6	18	1	3	1	1	0	4	2	1	0	7	2	4	6	9	1	0	2	2	2	0	1	0	0	0	1	1	0	2	1	2	3	1	2	5	6	10	13	8	6	4	8	5	11	10	6	2	3	3	2	1	1	0	0	0	1	0	2	0	2	1	1	1	2	1	1	0	2	0	0	1	0	1	0
0	0	0	0	0	0	0	2	1	1	0	0	0	1	1	0	0	1	0	4	1	0	0	1	1	2	1	1	1	1	0	1	0	0	0	0	0	1	1	1	1	0	0	0	0	0	0	0	1	0	0	0	0	0	0	1	0	0	0	1	0	0	0	0	0	1	0	1	0	1	0	0	0	0	0	0	0	0	1	0	0	0	0	2	0	0	1	0	0	0	0	0	1	0	1	0	1	0	1	0	0	1	0	0	0	0	0	0	0	0	0	0	0	0	0	0	0	0	1	1	0	0	1	0	0	0	0	0	0	0	0	2	0	0	0	0	0	0	0	0	1	0	0	3	0	3	1	1	3	1	2	5	0	1	0	0	0	1	2	1	1	0	1	0	0	2	0	1	1	1	0	1	2	0	1	1	0	0	0	0	1	1	0	2	0	0	0	1	1	0	2	1	0	0	0	0	1	1	1	0	3	1	3	2	2	1	0	0	0	0	0	1	0	2	0	1	0	1	0	0	3	0	2	1	2	3	0	5	2	0	3	4	1	3	3	1	0	1	0	1	1	0	2	1	2	2	0	0	0	1	1	0	2	6	1	1	3	0	1	0	1	0	1	2	1	2	3	3	1	0	1	0	1	0	1	0	0	2	2	2	0	2	1	0	1	1	1	2	1	1	3	2	2	1	4	3	2	8	5	15	4	4	3	5	2	1	1	2	1	3	2	2	4	3	3	5	8	4	11	5	17	13	4	2	3	2	3	0	4	2	1	3	4	7	27	11	11	2	1	1	4	3	1	6	0	0	2	1	2	3	6	1	3	0	0	2	6	3	2	5	2	2	3	1	2	1	5	0	4	4	2	3	0	3	0	2	3	2	5	5	9	20	37	47	0	14	5	5	3	12	10	2	1	2	2	2	2	1	1	1	0	1	1	7	5	0	2	1	1	0	2	5	3	3	6	8	1	2	3	3	4	4	3	2	6	8	6	6	19	4	3	3	3	0	1	1	1	2	0	1	2	0	1	1	1	4	0	1	3	6	4	11	23	28	13	11	11	12	25	21	8	3	1	7	1	3	1	2	1	3	2	0	3	3	2	2	0	2	0	4	1	1	0	0	0	1	0	2	2
0	0	0	0	0	0	0	0	0	0	1	0	0	0	1	0	0	1	0	1	1	0	2	1	0	1	2	0	0	1	2	2	1	1	0	1	1	0	0	0	0	1	0	0	0	0	1	0	0	1	0	0	0	0	0	0	0	1	1	2	0	1	1	2	1	2	0	0	0	0	1	1	0	0	1	0	1	0	0	0	0	0	1	0	0	1	1	0	1	0	0	0	0	0	1	1	0	0	1	0	0	0	0	1	0	0	0	0	1	0	1	0	0	0	0	0	1	0	2	0	0	0	1	0	0	0	0	0	0	0	0	0	0	2	0	0	0	1	0	0	0	1	0	1	1	1	1	1	1	1	5	0	1	0	1	2	0	2	0	0	1	2	2	2	0	0	0	1	0	1	1	2	1	0	0	0	1	0	0	0	2	0	0	1	0	0	2	0	1	0	0	0	1	3	0	0	2	0	1	1	2	2	0	1	1	1	0	1	0	2	2	1	0	1	2	0	1	0	3	4	2	0	0	3	0	0	2	1	4	0	2	1	1	3	2	1	0	0	0	0	1	1	1	0	0	0	2	0	0	0	2	0	2	0	1	0	1	0	0	3	1	0	2	1	0	2	0	1	0	0	0	2	0	0	2	1	1	0	1	0	0	1	4	3	2	1	4	1	0	0	0	2	0	2	0	0	5	2	0	2	3	1	0	3	5	0	1	1	1	2	0	2	1	4	2	3	4	7	4	3	9	3	0	2	3	5	2	0	2	1	0	2	4	5	8	6	1	2	0	2	0	5	3	4	1	1	1	1	3	2	2	0	3	0	2	1	1	1	1	2	1	0	2	0	2	0	2	2	1	1	1	1	3	1	3	1	0	1	0	6	3	3	14	7	14	0	24	23	16	17	10	4	1	3	0	2	4	3	0	0	0	2	1	1	3	1	5	0	6	0	1	3	6	3	6	8	4	2	4	2	1	1	4	1	1	5	5	7	6	8	3	2	3	1	0	3	0	1	1	0	2	1	3	3	2	0	3	0	1	1	2	10	77	47	38	73	20	6	9	8	1	2	1	3	2	4	3	2	0	0	0	2	3	3	2	2	3	4	3	0	1	0	0	1	0	0	0	0	1
0	0	0	0	0	0	0	1	2	0	0	2	0	0	0	1	0	2	0	0	1	1	2	2	2	0	0	0	1	1	0	0	1	0	2	0	0	0	0	0	1	0	0	0	0	0	0	1	1	0	0	0	0	0	0	1	1	1	0	1	2	0	0	0	0	1	0	0	2	0	1	0	0	1	0	3	0	0	0	0	0	0	0	0	0	0	0	0	0	0	0	0	0	0	1	0	2	1	2	0	1	2	2	1	0	0	0	0	0	0	1	0	0	0	1	1	1	1	1	1	3	1	0	1	3	0	0	0	1	0	1	0	1	1	0	0	1	0	0	1	0	3	0	0	1	0	4	2	2	5	6	4	2	0	0	0	0	1	3	1	1	0	1	1	0	1	0	2	1	1	1	0	1	2	0	0	1	1	1	0	0	0	1	0	0	1	1	0	2	0	0	0	0	0	0	0	0	3	1	0	2	0	0	0	0	0	2	3	0	2	0	0	1	1	1	0	2	0	2	5	2	2	1	0	0	1	2	1	1	2	4	0	0	2	0	0	0	1	1	0	0	2	0	1	0	1	1	1	0	1	1	0	1	0	0	1	1	0	2	0	0	0	0	2	1	2	0	2	4	3	1	0	1	1	0	1	0	0	1	1	0	0	1	1	1	0	1	1	1	1	2	1	0	1	1	0	2	1	3	3	2	0	2	3	1	3	0	0	0	2	1	1	1	1	1	0	0	0	4	0	2	2	1	1	1	2	3	3	1	2	3	0	1	1	6	1	2	5	2	2	1	3	3	2	0	1	1	1	1	1	1	0	1	1	1	0	1	1	1	2	1	3	1	1	0	0	1	2	0	0	2	1	0	0	0	0	2	1	0	2	0	2	0	4	5	24	0	44	6	11	4	2	0	2	1	1	0	2	0	2	3	0	1	1	4	0	0	1	0	0	0	2	1	1	4	2	2	2	0	2	2	2	2	1	1	3	2	4	5	4	3	2	2	1	0	2	1	1	1	0	1	1	1	1	2	2	2	1	1	1	5	8	16	16	22	22	11	2	7	0	3	1	2	3	4	4	2	1	2	0	0	3	2	2	2	1	0	2	2	3	1	1	0	3	2	2	1	1	1
0	0	0	0	0	0	0	0	0	0	0	1	0	1	1	0	0	1	1	0	1	0	3	1	1	1	0	0	0	0	1	0	0	0	0	0	0	1	0	1	1	0	0	0	0	0	0	0	0	1	0	0	0	0	0	0	1	1	0	0	0	0	1	0	1	0	0	0	0	1	0	0	1	1	0	2	0	0	0	1	0	0	0	0	1	0	0	0	0	0	1	0	0	0	1	0	0	0	0	0	1	0	2	0	0	0	0	0	2	1	0	0	1	0	0	0	2	0	0	0	0	0	0	0	0	1	0	0	0	0	0	1	1	1	0	0	1	0	1	1	1	0	0	1	1	0	3	2	2	4	6	3	1	2	1	1	1	1	0	1	2	3	3	2	1	1	0	1	3	0	0	0	0	0	1	0	1	0	1	0	1	1	0	1	1	1	4	0	1	0	0	0	0	0	1	0	0	1	1	0	0	0	1	1	0	1	2	0	0	1	0	0	0	0	0	1	1	2	2	0	1	3	0	0	0	1	2	1	0	3	0	2	0	0	1	0	1	1	0	0	0	0	0	0	0	0	0	0	1	0	0	2	0	0	0	2	2	1	0	0	2	2	1	0	1	1	1	2	1	1	0	0	0	0	1	0	0	2	1	1	1	2	0	0	1	0	2	0	2	0	3	3	1	1	2	2	2	2	2	4	3	3	1	1	1	0	1	0	0	1	0	0	2	2	0	2	3	1	0	3	3	2	1	4	2	2	0	0	0	0	0	1	4	2	5	2	4	0	0	1	1	3	2	0	1	1	0	0	0	1	1	2	2	0	0	0	0	2	1	0	0	0	2	0	0	1	2	0	1	0	3	1	2	1	1	0	0	0	0	1	2	1	6	2	5	23	44	0	39	26	8	4	1	1	1	2	0	1	2	3	0	0	1	1	0	0	2	2	1	1	1	1	2	3	1	3	1	1	3	2	1	1	1	0	1	0	0	2	5	2	2	2	1	1	0	1	0	0	0	2	3	1	0	1	1	2	3	3	0	3	3	19	19	5	6	18	6	6	7	1	3	1	2	1	3	1	2	5	1	0	0	1	1	5	4	1	2	2	0	2	1	0	1	1	2	0	1	0	1
0	0	0	0	0	0	0	2	0	0	1	0	1	0	1	0	1	0	0	0	0	0	2	3	0	0	0	1	1	3	0	0	1	0	0	0	0	0	0	0	0	0	0	0	0	1	0	0	1	0	0	0	0	0	1	0	0	0	0	0	0	0	0	0	1	0	0	0	1	0	0	0	0	0	0	0	1	0	0	0	0	0	1	1	1	0	0	0	0	0	1	0	0	0	0	0	0	0	0	0	0	1	1	1	2	0	0	1	1	1	1	0	1	0	0	0	0	1	1	1	0	0	1	0	0	1	0	0	0	0	0	0	0	0	0	0	1	0	0	0	0	0	0	0	0	3	0	1	4	7	0	1	1	1	2	0	0	1	2	0	0	0	0	1	0	0	0	0	2	1	0	0	0	0	1	0	0	0	0	0	0	0	0	0	0	0	0	1	1	0	0	1	0	0	1	1	0	2	0	1	0	0	0	0	0	0	2	0	0	1	0	0	0	1	0	1	0	0	0	0	1	0	1	2	0	2	1	0	2	0	1	1	4	0	1	1	2	0	0	0	0	0	0	0	1	0	0	0	0	0	0	0	1	1	0	0	3	1	1	1	0	0	0	0	4	0	1	1	4	1	0	0	1	0	1	0	0	1	1	0	1	1	0	0	0	1	3	1	1	2	1	2	0	0	0	0	0	4	3	7	6	3	1	3	4	1	0	1	1	1	1	0	1	2	2	2	1	3	0	1	0	6	2	3	0	0	1	2	0	2	2	0	1	0	2	3	3	0	2	1	0	3	3	2	1	0	1	3	0	1	1	0	0	1	2	1	2	1	2	2	1	1	2	4	2	0	0	1	2	0	0	0	1	2	1	0	0	1	1	3	2	2	3	1	3	16	6	39	0	79	30	4	0	3	0	7	4	0	4	4	1	0	1	5	6	2	3	2	1	2	5	1	0	2	1	1	2	5	2	1	2	5	1	3	2	1	5	3	2	7	7	1	3	0	0	2	1	1	0	2	1	2	4	2	2	3	12	2	5	10	5	21	20	4	10	18	11	7	6	5	3	0	1	10	8	11	2	4	2	1	2	4	3	2	4	3	3	2	2	2	1	0	0	1	3	1	0	0	1
0	0	0	0	0	0	0	0	2	1	0	0	0	0	0	0	0	1	0	0	0	1	0	0	1	1	0	0	0	0	0	0	1	1	0	0	0	0	1	0	0	0	0	0	0	0	0	2	0	0	1	0	0	0	0	0	1	0	1	1	1	0	0	1	0	0	0	1	0	0	0	1	0	2	1	0	0	0	0	0	1	1	0	1	0	0	0	0	3	0	0	0	1	0	0	2	0	0	1	0	0	0	2	1	1	0	1	0	0	0	1	0	0	1	0	0	0	0	0	0	0	0	0	1	0	1	0	1	0	0	1	0	0	0	0	0	0	0	1	1	0	1	0	1	0	1	1	2	4	2	1	2	0	0	0	1	0	0	2	1	2	0	0	0	1	1	0	1	0	0	1	1	1	0	0	1	0	1	1	1	1	1	0	0	1	0	2	0	0	0	1	0	0	1	1	1	0	0	1	0	0	0	1	1	0	0	0	2	2	0	0	1	0	2	1	1	1	1	1	1	1	0	2	1	2	0	1	2	1	0	1	0	1	3	2	0	1	0	2	0	0	0	0	0	2	0	1	1	0	0	0	0	1	2	3	1	2	0	0	5	1	1	2	1	2	1	1	1	2	1	0	0	2	0	0	0	1	0	2	1	0	0	0	0	0	0	0	0	0	2	3	1	3	2	0	2	0	2	6	3	9	2	4	0	1	2	1	1	1	0	0	3	2	1	4	2	2	1	5	4	5	5	2	1	3	5	2	1	3	1	1	1	2	3	7	2	1	0	3	0	1	2	0	2	1	1	0	0	3	5	9	1	2	0	2	0	3	3	1	0	2	1	3	0	2	1	1	1	1	2	0	2	3	0	0	2	0	2	2	4	1	4	5	5	12	17	11	26	79	0	114	4	1	2	1	6	4	2	2	1	3	1	1	2	2	4	3	2	1	1	0	5	3	1	4	5	1	5	2	3	1	1	2	2	5	1	3	0	4	3	5	3	2	1	3	0	0	0	0	1	1	2	1	2	1	1	6	1	5	8	19	53	63	11	8	16	7	18	15	9	2	3	1	8	7	5	1	5	1	3	1	4	3	3	4	4	4	2	1	1	1	1	1	0	3	3	1	4	0
0	0	0	0	0	0	0	0	1	0	0	0	0	0	0	0	0	0	0	0	0	0	1	0	1	1	1	1	1	0	0	0	0	0	0	0	0	0	0	0	0	0	0	1	0	0	0	0	0	0	1	0	0	0	0	0	0	1	0	0	0	0	1	0	0	0	0	0	0	0	0	0	0	1	0	0	0	0	0	0	0	0	0	0	0	0	0	0	0	0	0	0	0	0	0	0	0	0	1	1	0	0	0	0	0	0	0	0	0	0	0	0	0	0	0	0	1	0	0	0	0	0	0	0	0	2	0	0	0	0	1	0	0	0	0	0	1	0	0	0	1	1	0	1	2	1	0	1	2	2	4	1	0	1	1	0	1	0	1	2	2	0	0	0	0	0	0	0	1	1	1	0	0	0	0	0	0	0	0	0	0	0	0	1	1	0	1	1	0	0	0	1	0	0	2	0	0	1	2	0	0	1	1	0	0	0	1	0	1	0	0	0	0	0	0	0	1	1	1	0	0	1	1	2	0	0	0	2	1	2	1	1	0	1	1	0	0	0	2	0	2	0	0	0	0	0	0	0	0	1	1	0	3	2	1	0	0	0	1	2	1	2	2	0	2	1	1	2	1	0	0	1	0	1	0	1	0	2	4	1	2	0	1	0	0	1	1	0	0	1	1	2	0	0	3	3	4	2	5	5	5	3	1	3	2	2	3	2	0	0	0	2	2	0	4	4	2	3	6	3	4	3	2	4	4	2	4	3	2	2	0	1	0	2	3	2	1	0	3	1	0	2	0	2	2	1	2	2	0	3	3	1	1	2	0	3	2	1	4	2	3	4	1	2	0	1	2	2	4	2	2	1	1	3	1	2	0	2	3	2	2	2	5	6	10	10	4	8	30	114	0	2	5	7	3	5	7	1	2	3	6	3	2	6	4	3	3	9	0	2	7	5	2	7	6	10	10	3	3	4	3	3	0	0	3	3	2	2	2	6	7	2	1	3	0	0	0	0	1	0	3	0	5	1	5	1	11	4	5	7	31	35	23	7	17	12	26	36	13	10	8	7	6	17	22	12	6	4	1	2	1	2	4	2	8	1	4	1	2	1	2	0	1	1	2	1	0	1	0
0	0	0	0	0	0	0	0	2	0	0	0	0	0	0	0	0	1	0	0	0	2	2	0	0	0	0	0	0	2	0	0	0	0	2	0	0	0	0	1	0	0	0	0	1	1	0	1	0	1	0	0	0	0	1	0	0	1	0	0	0	0	0	0	0	0	0	0	0	0	0	0	1	0	0	1	0	0	0	0	0	0	0	0	0	2	0	0	0	0	0	0	2	0	0	1	0	1	0	0	0	1	0	0	0	0	0	0	0	0	0	0	0	0	0	0	0	0	0	0	0	0	0	1	1	1	0	1	0	0	1	0	0	0	0	0	1	0	0	0	1	0	0	0	0	0	1	1	0	0	0	1	2	0	0	0	0	1	0	1	1	1	1	1	0	0	0	1	0	0	0	2	0	0	0	0	0	0	0	1	0	0	0	0	1	2	1	2	0	0	0	0	0	0	0	1	0	0	1	0	0	0	0	0	0	0	0	0	0	1	0	1	1	0	1	1	0	0	0	0	0	2	1	0	0	1	0	0	2	1	0	0	0	1	2	0	1	0	0	2	0	1	0	0	0	1	0	0	0	0	0	1	0	0	1	0	3	2	2	0	0	3	1	1	1	1	0	2	0	1	1	0	1	0	3	0	2	2	0	3	2	0	0	0	0	0	0	1	0	0	0	1	5	2	2	0	2	2	0	2	1	3	7	2	1	2	3	0	1	0	1	2	1	1	1	1	0	1	3	3	3	1	2	3	2	1	1	0	2	0	1	1	1	1	0	1	1	0	1	2	1	0	2	3	0	1	0	1	0	2	4	4	5	2	4	3	2	3	8	3	2	5	2	2	3	1	2	3	1	0	0	0	2	1	3	0	1	1	2	2	0	4	3	3	2	4	2	4	4	4	2	0	13	11	6	47	15	7	12	7	9	3	9	3	10	7	3	10	6	7	35	31	23	14	5	7	8	13	7	3	3	3	2	0	5	1	1	2	2	1	4	3	5	1	0	2	6	2	1	3	3	6	9	7	15	37	8	6	7	3	11	2	3	3	0	5	3	10	4	7	6	10	23	21	34	12	9	24	11	11	6	14	20	28	16	7	7	7	4	1	3	2	1	4	4	1	4	5	3
0	0	0	0	0	0	0	0	0	0	0	1	1	0	0	0	0	0	1	0	0	0	0	0	1	0	1	0	0	0	0	0	0	1	0	0	0	0	0	0	0	0	0	0	0	0	1	0	0	0	0	0	0	0	0	0	1	0	0	0	1	1	1	0	0	0	0	0	2	0	1	0	0	0	0	1	0	0	0	0	0	0	1	0	0	0	0	0	0	0	0	0	0	0	1	0	1	0	0	1	0	1	1	0	0	0	0	0	0	0	0	0	0	0	1	0	0	0	0	1	0	0	0	1	0	0	0	0	0	0	0	0	1	0	0	0	0	0	0	0	0	2	0	0	0	0	0	0	2	1	0	1	1	0	1	1	0	1	0	0	0	0	1	1	0	0	1	0	0	0	1	0	1	0	0	0	1	0	0	0	0	2	0	1	0	0	1	0	0	0	0	0	0	0	0	1	1	0	0	1	0	0	0	0	0	0	1	0	0	2	1	0	0	2	0	0	0	0	0	1	0	0	1	0	0	0	0	0	0	0	0	0	0	1	2	1	0	0	1	0	0	0	0	0	0	1	0	0	1	0	0	1	1	0	2	1	1	2	3	2	4	1	2	2	3	2	1	1	2	2	1	1	0	1	0	0	2	4	1	4	0	1	1	2	0	0	0	1	1	2	5	3	0	3	1	1	0	3	1	2	6	8	12	6	7	5	3	2	6	1	4	5	4	3	1	2	0	3	2	1	3	2	2	2	4	2	3	1	1	2	0	0	0	2	1	1	1	0	1	0	0	2	0	1	0	0	0	3	1	2	9	14	7	6	11	4	1	6	8	2	5	7	2	2	6	0	0	5	0	2	0	0	3	1	3	0	0	0	2	2	0	2	1	3	1	1	0	1	0	1	5	13	0	29	46	35	41	39	42	27	4	5	3	3	3	7	4	9	12	11	19	16	17	17	4	3	8	9	4	4	3	1	0	1	1	2	1	1	1	1	1	3	1	6	3	3	0	2	1	1	1	0	4	5	4	8	8	7	8	6	3	2	1	0	3	1	3	2	0	7	7	12	22	4	4	2	1	3	3	4	3	0	2	4	4	1	4	1	2	0	0	3	0	0	5	2	5	1	3
0	0	0	0	0	0	0	1	0	0	0	0	0	0	0	0	0	0	1	0	0	1	0	0	0	0	0	1	0	0	0	1	0	0	0	1	0	0	0	0	0	0	0	0	0	0	1	0	0	0	0	0	0	0	1	0	0	1	0	0	0	1	1	0	0	0	0	0	0	1	1	0	0	1	0	1	0	0	0	0	0	0	0	0	0	0	0	0	0	0	0	0	0	0	0	0	0	0	0	0	0	1	0	0	0	0	0	0	0	1	0	0	0	0	0	0	0	0	0	0	0	1	0	1	0	0	0	0	0	0	1	1	0	0	0	0	0	0	0	0	2	0	0	0	0	1	2	1	2	1	0	0	0	0	1	0	0	0	1	1	0	0	0	0	0	0	0	0	1	0	0	0	0	1	0	0	0	0	2	0	1	0	0	0	0	0	0	0	0	2	1	0	0	0	0	0	0	0	2	0	1	1	1	1	0	0	0	0	0	4	0	1	0	0	0	0	1	0	1	0	0	0	0	0	1	1	1	0	0	0	0	2	0	1	0	0	0	0	0	0	0	0	0	0	2	2	0	2	0	1	0	0	0	1	1	0	1	1	2	2	4	4	2	3	1	3	2	2	2	2	2	1	0	1	5	3	0	3	1	2	5	2	1	0	1	0	1	1	2	1	4	3	6	1	2	1	1	8	2	5	4	17	17	22	10	6	10	2	1	3	2	13	6	8	2	3	2	1	4	6	3	3	6	7	5	5	2	1	3	0	2	2	3	0	3	2	1	1	1	1	2	0	1	0	1	2	1	3	2	1	10	20	15	11	1	7	10	4	12	6	8	6	3	3	5	0	1	5	3	2	1	1	1	2	1	3	3	1	2	0	4	2	1	1	2	3	2	1	3	2	7	11	29	0	53	13	13	14	7	18	2	5	0	0	1	4	1	4	4	4	10	11	5	11	20	11	30	6	8	0	1	1	0	1	3	2	0	3	4	0	0	1	1	0	1	1	2	2	1	0	0	1	3	4	1	3	7	11	9	6	5	1	2	0	1	0	1	5	9	6	11	14	24	3	11	6	1	4	2	3	0	4	2	1	2	1	3	2	2	3	2	1	2	1	0	3	0	2	2
0	0	0	0	0	0	0	0	0	0	0	0	0	0	0	0	0	1	0	1	1	0	0	0	1	1	2	0	1	0	0	0	0	0	0	0	0	0	0	0	0	0	0	0	0	0	0	0	0	0	0	0	0	0	0	0	0	0	0	0	0	1	0	0	0	0	0	0	0	0	0	0	0	1	0	0	0	0	0	0	0	0	0	0	0	0	0	0	0	0	0	0	0	1	0	0	0	0	0	0	1	0	0	0	0	0	0	0	0	0	0	0	0	0	0	0	0	0	0	0	0	0	0	0	0	0	0	0	0	0	0	1	1	1	0	1	0	0	0	0	0	0	0	0	0	0	0	1	0	0	1	0	1	0	0	0	1	0	0	0	0	0	0	1	0	1	0	0	0	1	0	0	0	0	0	0	0	0	0	0	0	0	0	0	0	0	0	1	0	1	0	1	0	0	0	0	0	0	0	0	0	1	0	1	2	0	2	0	1	0	0	0	0	0	1	1	0	0	0	0	1	0	0	0	2	0	0	1	0	0	0	0	0	1	1	1	1	0	0	0	0	0	0	0	0	1	0	1	0	1	2	0	1	0	0	1	3	2	2	3	3	2	1	1	1	2	2	1	0	1	1	1	0	1	4	0	1	5	7	2	4	1	0	0	1	0	0	3	0	3	3	2	2	3	1	2	1	2	4	4	6	10	32	18	11	11	7	0	3	0	6	7	2	3	2	2	1	2	0	4	4	1	2	4	4	1	1	1	1	1	2	1	0	1	1	2	0	2	0	1	0	0	0	1	5	0	0	1	2	5	10	36	23	5	1	4	2	13	7	10	4	4	5	2	2	0	0	2	2	1	1	1	1	0	0	3	1	0	1	2	0	2	1	1	2	0	1	1	0	1	3	6	46	53	0	14	14	56	16	16	6	1	3	4	8	3	1	5	4	8	7	11	8	9	4	2	9	9	3	0	3	1	1	2	0	1	1	1	1	1	1	1	0	0	3	0	0	2	0	2	3	1	1	5	0	6	2	6	6	2	2	1	1	3	2	2	2	3	6	4	7	7	12	4	5	3	0	7	0	3	0	1	5	2	4	1	3	0	1	1	1	2	0	1	3	0	1	0	3
0	0	0	0	0	0	0	1	0	0	0	0	0	1	0	0	0	0	0	0	1	0	0	0	0	0	0	0	0	0	0	0	1	1	0	0	0	0	0	0	0	0	0	0	0	0	0	1	0	0	0	0	0	0	0	0	1	0	1	0	0	1	0	0	0	0	0	0	0	0	0	0	0	0	0	0	0	0	0	0	0	0	0	0	0	1	0	0	0	0	0	0	0	0	1	0	0	1	0	0	0	0	0	0	0	0	0	0	1	0	0	1	0	0	0	0	0	0	1	0	0	0	0	1	1	0	0	1	1	1	0	0	1	0	0	0	0	0	0	1	1	1	0	0	0	0	0	0	0	0	1	1	0	2	0	0	0	0	1	0	0	0	0	0	0	0	0	0	0	0	0	0	0	1	0	0	0	0	2	0	3	0	1	0	0	1	0	1	0	0	1	0	1	0	0	0	0	0	0	1	1	0	2	0	3	0	1	0	1	0	0	0	1	0	0	0	2	1	1	1	0	0	0	0	0	2	1	0	0	2	0	1	0	2	0	1	0	1	0	0	1	0	0	0	1	1	1	0	2	0	0	0	0	1	0	1	0	3	0	0	4	1	1	2	0	2	0	1	0	0	1	0	0	0	2	2	2	2	0	1	1	1	0	1	1	2	1	1	0	1	1	1	0	0	2	1	1	2	3	4	1	4	4	7	1	5	1	0	2	1	1	3	6	5	0	0	1	1	0	3	2	3	3	2	2	1	2	0	1	0	0	0	0	1	1	0	1	0	0	0	0	1	0	0	3	0	1	1	2	2	7	7	2	4	0	0	3	2	7	3	8	2	4	2	4	4	0	1	1	1	1	0	2	1	0	0	0	1	0	1	2	1	5	1	2	2	1	2	7	6	5	47	35	13	14	0	39	19	61	21	6	7	5	4	5	7	0	9	9	12	138	50	19	21	4	2	7	9	3	3	4	2	2	3	1	5	1	2	1	1	2	2	2	0	0	2	4	1	3	1	4	4	6	11	8	14	7	12	18	5	10	2	4	0	2	0	4	5	5	5	3	7	22	7	5	9	3	8	7	12	2	8	8	4	14	2	4	2	1	0	1	3	2	3	2	5	3	1	4
0	0	0	0	0	0	0	0	0	0	0	0	0	0	0	0	0	0	1	0	0	0	0	1	1	0	0	0	0	1	0	1	0	0	0	0	1	0	0	0	0	0	1	0	0	0	0	0	0	1	0	0	0	0	1	0	0	0	0	2	1	0	0	0	0	0	0	0	0	0	0	0	0	0	1	0	0	0	0	0	0	1	0	0	0	0	0	0	0	0	0	0	0	0	0	1	0	0	1	0	0	0	0	0	0	0	0	0	0	0	0	0	1	0	0	0	0	0	0	1	0	0	0	0	0	1	0	0	0	0	0	0	0	0	0	0	0	0	0	0	0	1	0	0	1	0	1	1	1	0	1	0	0	0	0	0	0	0	0	1	0	0	0	0	0	0	0	0	0	1	0	1	0	0	0	0	0	0	0	1	0	0	0	1	1	0	0	1	0	1	0	0	1	0	1	1	0	1	1	0	1	1	0	2	0	0	0	0	0	0	1	0	0	0	1	1	0	0	1	0	1	1	1	1	0	1	0	0	1	0	0	0	0	0	0	1	0	0	1	0	0	0	0	0	0	0	1	0	0	0	0	1	1	1	2	1	1	0	0	2	2	2	0	1	0	2	1	0	0	0	2	1	0	0	1	0	1	2	2	1	1	0	0	0	1	2	0	1	1	1	0	2	1	0	2	2	0	4	4	4	2	8	13	11	5	5	5	1	4	1	2	6	5	5	1	3	1	1	0	2	4	1	7	3	0	1	0	2	1	1	5	1	3	1	2	0	2	0	0	0	0	0	2	1	0	2	1	0	2	1	6	11	3	4	7	1	5	3	7	2	3	2	3	0	2	0	2	1	0	7	1	3	2	0	0	2	1	1	1	3	0	1	1	0	2	4	0	0	4	4	7	15	41	13	14	39	0	63	14	8	3	5	4	1	4	1	1	8	4	6	13	76	73	124	9	7	9	6	1	5	1	1	0	2	1	0	0	4	3	2	4	2	1	2	1	2	2	1	2	1	2	0	4	2	4	3	8	13	27	13	7	7	0	2	3	2	2	8	6	8	0	7	14	8	12	5	2	8	4	1	4	2	3	3	5	0	1	2	1	1	3	0	0	3	2	4	6	2	0
0	0	0	0	0	0	0	0	1	1	0	0	0	0	0	1	0	0	0	2	0	0	0	0	0	1	0	0	1	0	0	0	0	0	0	0	1	0	0	0	0	1	0	0	0	0	0	0	0	0	0	0	0	0	0	0	1	0	0	0	0	0	0	0	0	0	0	2	0	1	0	0	0	0	0	0	0	0	0	1	0	0	0	0	0	0	1	0	1	0	0	0	0	2	0	0	0	0	0	0	1	0	1	1	2	0	0	0	0	0	0	1	0	0	0	0	0	0	0	0	1	0	0	0	0	0	1	0	0	1	0	0	0	0	0	2	0	0	0	1	0	0	1	0	0	0	0	1	0	1	0	0	0	0	0	0	0	0	2	0	0	0	1	0	0	0	0	0	0	0	0	0	0	0	0	0	0	1	0	0	1	3	0	0	1	0	0	1	0	0	0	0	0	1	1	0	0	0	0	0	0	0	0	0	0	0	1	0	0	0	0	1	1	0	0	0	1	0	0	0	2	1	0	1	1	0	0	0	0	0	1	1	0	1	0	0	0	0	2	0	1	2	1	1	1	0	0	2	0	0	2	1	2	0	0	1	1	2	0	1	0	2	1	4	1	1	0	2	2	0	1	3	1	2	1	0	1	1	2	0	0	3	0	1	0	0	1	2	1	1	3	0	0	0	1	3	1	5	1	3	4	2	17	12	6	4	4	0	3	3	4	5	5	3	2	0	1	2	0	2	1	5	4	1	6	2	1	3	0	0	1	1	1	2	2	0	1	1	0	0	0	1	3	2	1	0	3	3	3	0	5	10	5	5	1	2	3	2	2	0	2	2	3	4	1	1	1	1	1	1	0	0	1	1	1	1	1	0	0	3	2	3	1	2	1	3	2	1	0	2	1	7	39	14	56	19	63	0	16	14	1	2	2	3	2	4	2	3	3	10	8	25	13	25	4	4	7	6	4	0	0	0	0	1	3	2	0	1	1	0	5	0	3	4	1	0	1	0	2	1	2	1	2	4	1	9	5	11	16	6	2	0	4	1	1	0	2	1	1	3	5	6	12	2	8	1	3	5	6	5	2	2	2	3	8	3	0	1	2	1	0	2	1	0	3	2	1	3	2
0	0	0	0	0	0	0	0	0	0	0	0	0	0	0	0	0	0	1	0	0	0	0	1	0	0	0	0	1	0	0	0	0	0	0	0	0	0	1	0	0	0	0	0	0	0	0	0	0	1	0	0	0	0	0	0	0	0	0	1	0	1	0	0	0	0	0	0	0	1	0	0	0	0	0	0	0	0	1	0	0	0	1	0	0	0	0	1	0	0	0	0	0	0	0	1	0	0	0	1	1	0	0	0	0	1	0	3	0	0	0	0	0	0	0	0	0	1	0	0	0	0	0	0	0	0	1	0	0	0	0	0	0	1	0	0	0	0	1	0	0	0	0	0	0	1	0	1	1	0	1	0	2	0	0	1	0	0	1	0	1	0	0	0	0	0	0	0	0	0	0	0	0	0	0	0	0	0	0	0	0	0	0	0	0	0	0	0	0	0	0	0	0	0	0	0	0	0	0	0	0	0	1	1	1	1	0	0	0	0	1	2	0	0	0	0	0	0	1	0	0	0	2	0	0	0	0	0	0	1	0	1	0	0	0	0	0	0	0	0	0	0	0	1	1	0	0	1	0	1	0	1	1	0	2	0	1	1	3	1	1	1	1	3	0	1	0	0	0	0	0	0	0	0	2	0	0	1	1	1	2	0	0	0	1	0	0	3	1	1	1	1	1	2	0	2	4	1	2	2	3	7	3	4	4	1	4	1	4	1	0	3	2	2	4	0	1	1	1	4	0	0	3	4	0	0	1	0	1	3	1	0	3	1	0	0	2	2	0	0	0	0	2	1	2	1	1	1	0	1	5	10	7	6	1	0	1	5	6	2	2	2	0	0	1	0	1	2	0	1	2	0	2	0	2	0	1	0	0	4	0	1	0	0	1	0	0	2	4	2	2	12	42	7	16	61	14	16	0	22	3	6	4	3	3	4	2	7	13	37	68	38	16	8	4	5	9	8	7	3	2	2	0	2	3	2	2	0	0	0	1	0	1	2	1	4	3	1	0	1	2	7	4	10	11	7	6	15	5	6	3	0	1	2	0	0	2	2	2	2	2	8	10	3	6	2	3	2	6	12	4	11	7	1	4	6	3	4	2	2	0	1	0	1	3	3	4	2	2
0	0	0	0	0	0	0	1	0	0	0	0	0	0	1	0	0	0	1	0	0	0	0	0	0	1	1	0	0	0	0	0	0	1	0	0	0	0	0	0	0	0	0	0	0	0	0	0	0	0	0	0	0	0	0	0	0	1	0	0	1	0	0	0	0	0	0	1	1	0	0	0	0	1	0	0	0	0	0	0	0	0	0	0	0	0	0	0	0	0	1	0	0	0	0	0	0	0	0	1	0	1	0	0	0	0	0	1	0	0	0	0	1	0	0	0	0	1	0	0	0	0	0	0	0	0	0	2	0	0	0	0	0	0	0	0	0	0	0	0	0	0	0	0	0	0	1	0	0	1	0	1	0	1	0	0	0	0	0	0	0	0	1	0	0	1	0	0	0	0	0	0	0	0	1	0	1	0	0	0	0	0	0	0	0	1	1	0	0	0	0	1	0	0	0	0	0	1	0	0	0	2	1	0	0	0	0	1	0	0	0	1	0	0	0	0	0	0	0	0	1	0	0	0	1	0	0	1	0	0	2	1	1	0	0	0	0	0	0	0	0	1	0	0	0	1	1	0	0	0	0	2	0	0	1	0	0	1	2	1	0	2	2	3	1	2	0	0	4	0	0	0	2	1	3	0	0	1	3	1	0	3	1	0	1	0	2	0	1	1	2	0	2	3	1	0	1	1	3	2	4	0	10	4	2	3	3	0	3	2	3	2	4	3	1	0	2	1	0	1	2	4	2	1	2	2	4	1	1	0	0	2	1	0	0	0	0	0	1	0	0	0	0	0	1	1	3	2	0	3	12	31	5	23	14	4	3	3	6	4	6	7	3	0	3	1	4	3	3	0	0	2	1	1	1	1	1	3	2	3	0	0	1	0	1	0	2	3	4	1	3	7	27	18	16	21	8	14	22	0	14	6	4	7	1	5	3	5	12	15	9	5	6	6	3	1	6	12	5	3	2	1	3	2	0	2	1	3	1	1	5	1	4	4	3	0	4	3	1	1	3	4	2	4	7	6	2	7	3	2	4	0	2	1	1	0	2	4	4	0	8	14	11	2	8	2	0	0	3	2	3	0	7	2	3	1	6	0	1	2	2	1	0	0	2	4	1	2	2
0	0	0	0	0	0	0	0	0	1	0	0	0	0	0	0	0	0	1	0	0	0	0	0	0	0	0	0	1	0	0	0	1	0	0	0	0	0	0	0	0	0	0	0	0	0	0	0	0	0	0	0	0	0	0	0	0	0	0	0	0	0	0	0	0	0	0	2	0	0	0	0	0	0	0	0	0	0	0	0	0	0	2	0	0	0	1	0	0	0	1	0	0	0	0	0	1	0	0	0	0	0	1	1	0	0	0	0	0	0	0	0	0	1	0	0	1	0	1	0	0	0	0	0	1	0	0	0	0	0	0	0	0	0	0	0	0	0	0	0	1	0	0	0	0	1	1	0	2	0	1	0	0	0	0	0	0	1	0	0	0	0	0	0	0	1	0	0	0	0	0	0	0	0	0	1	1	1	0	1	0	1	0	0	0	0	0	0	0	0	2	2	0	1	0	0	0	0	0	0	2	1	0	0	0	0	0	0	0	0	1	0	0	0	0	0	2	1	0	0	0	0	1	0	1	0	2	0	1	1	0	1	1	1	1	1	0	0	0	0	0	0	0	0	0	0	0	0	0	0	0	1	0	1	1	1	0	0	0	1	1	0	1	1	0	1	0	0	0	2	1	1	0	0	1	1	0	0	3	2	3	0	0	0	0	0	3	1	0	3	0	0	3	0	1	0	2	1	2	0	2	0	2	1	1	5	1	1	1	0	0	1	3	5	1	2	1	2	1	1	3	0	3	2	2	2	0	2	0	0	1	1	0	1	0	1	0	0	0	0	0	0	0	1	0	0	1	2	3	1	8	8	4	5	4	3	1	3	1	0	4	4	4	2	8	3	6	3	3	0	1	3	1	1	2	1	1	1	3	1	2	0	1	1	0	0	3	0	1	3	6	9	4	2	6	6	3	1	3	14	0	26	18	8	13	28	11	12	53	14	11	8	2	0	3	3	8	11	12	10	4	5	1	3	3	1	0	3	2	3	6	3	7	8	4	9	1	7	5	2	2	5	6	13	8	2	5	0	0	2	4	0	0	1	2	0	1	3	2	3	6	12	8	4	6	1	4	4	3	3	2	3	16	9	10	8	10	6	2	1	4	1	2	4	4	6	4	4	7
0	0	0	0	0	0	0	0	0	1	0	0	0	0	0	0	0	0	0	0	0	1	0	0	0	0	0	0	0	1	0	0	0	1	0	1	0	1	0	1	0	0	0	0	0	0	1	0	0	0	0	0	0	0	1	0	0	0	0	0	0	0	0	0	0	1	1	0	0	0	0	1	0	0	0	1	0	0	0	0	0	1	0	0	1	0	0	0	1	0	1	0	0	0	0	0	0	0	1	0	1	1	1	0	0	0	0	0	0	0	0	0	1	0	0	0	0	1	0	0	1	0	0	0	0	0	0	0	0	0	0	0	0	0	0	0	0	0	0	0	0	0	0	0	0	1	0	1	0	0	0	1	1	0	1	0	0	0	0	0	1	0	0	0	0	1	0	0	0	1	0	1	0	0	0	1	1	0	0	1	0	0	0	0	0	1	0	0	0	0	1	0	0	0	0	0	0	0	1	0	0	0	2	1	0	0	0	3	0	0	1	0	0	1	0	0	0	1	0	1	0	0	1	2	0	1	0	0	1	0	1	1	2	1	2	0	0	0	1	0	0	2	0	0	0	0	2	0	0	0	0	1	0	0	2	0	0	1	2	1	0	2	0	0	0	1	0	0	1	0	0	1	0	1	0	1	3	1	3	4	1	0	4	2	0	2	2	3	3	1	2	2	0	0	2	0	2	1	0	3	5	2	0	0	2	1	2	2	5	1	0	0	4	0	5	1	4	1	1	2	1	2	2	2	0	0	4	0	0	0	1	1	0	2	1	1	1	1	2	2	1	0	1	2	1	1	3	0	3	3	14	6	4	9	5	1	5	5	6	3	14	7	5	13	10	4	7	7	3	5	1	2	0	2	0	0	0	1	0	2	2	2	1	0	1	2	0	0	0	1	3	3	5	5	1	7	5	2	6	6	26	0	69	10	46	92	57	27	15	4	6	3	4	0	3	6	5	29	24	15	11	8	9	9	3	4	1	2	1	3	4	3	4	10	10	6	4	2	1	1	5	3	7	4	7	1	2	2	3	4	3	3	1	2	2	0	4	4	3	5	6	14	2	8	3	4	0	3	2	3	1	4	12	5	6	4	13	6	1	4	1	3	2	3	0	4	3	2	3
0	0	0	0	0	0	0	0	0	0	1	0	1	0	0	1	0	0	1	0	0	0	0	0	0	0	0	0	0	0	0	0	0	1	0	1	0	0	0	0	0	0	0	0	1	0	0	1	0	0	1	1	0	0	1	1	1	0	1	0	0	0	0	0	0	0	0	0	0	0	0	0	0	0	0	0	0	1	1	0	0	1	0	1	0	0	0	0	0	0	1	1	1	0	1	0	0	0	0	0	0	0	0	0	0	0	0	1	0	0	0	0	0	0	0	1	0	0	0	0	2	0	2	0	0	0	0	0	0	1	0	0	0	0	1	0	0	0	0	0	0	3	0	0	0	0	1	0	0	0	0	3	1	0	0	0	0	1	2	0	0	0	1	0	0	0	0	1	1	0	0	2	0	0	0	0	0	0	1	0	0	0	0	1	0	1	1	2	0	1	0	0	1	0	0	0	0	0	1	0	2	1	0	0	0	1	1	0	1	0	1	1	0	1	0	0	1	1	0	0	1	1	0	0	1	2	0	1	2	0	2	1	1	1	0	1	0	0	0	1	0	0	1	0	0	2	2	0	0	0	2	1	2	2	0	0	1	2	3	2	1	1	1	0	1	0	0	2	0	0	0	0	0	0	0	2	3	1	1	1	3	0	0	1	0	1	2	2	0	0	2	2	1	3	0	3	0	1	1	2	1	3	3	0	3	1	2	0	0	0	1	1	3	3	4	3	2	3	8	2	2	1	3	1	4	3	2	3	1	1	0	0	1	0	2	3	1	2	0	4	1	2	4	1	3	3	5	6	8	6	19	6	1	9	8	6	5	5	6	2	14	19	25	14	11	8	10	7	1	2	1	0	1	3	1	1	1	1	6	0	1	5	2	2	1	1	1	1	1	1	2	9	3	0	3	5	4	2	4	4	18	69	0	21	539	32	37	36	7	4	4	2	3	3	3	5	13	47	251	45	12	18	10	9	5	9	4	3	4	5	9	0	7	2	8	8	4	1	1	1	2	3	5	7	11	1	3	4	3	2	5	2	2	1	1	1	6	3	5	9	12	33	12	4	10	5	2	4	4	2	3	2	10	9	9	8	14	4	1	4	4	3	0	3	3	1	1	3	6
0	0	0	0	0	0	0	0	0	0	0	0	0	0	0	0	0	0	0	0	0	1	1	2	1	0	0	0	1	0	0	1	0	0	0	0	0	0	2	0	1	0	1	0	0	0	0	0	0	1	0	0	0	0	1	1	0	0	0	0	0	0	0	0	1	0	0	2	0	0	0	0	1	0	0	0	0	0	0	0	0	0	0	1	0	0	0	1	1	0	0	0	1	0	0	0	0	1	0	1	0	0	0	0	1	0	0	0	0	0	0	1	1	0	0	0	0	0	0	0	0	0	0	0	0	0	0	0	0	0	1	0	0	0	0	0	0	1	0	0	0	0	2	0	1	0	1	1	1	2	1	0	1	0	1	1	1	1	2	0	1	0	0	0	0	0	0	0	0	1	0	0	0	1	0	2	0	1	0	1	1	0	0	1	0	0	0	0	2	0	1	1	1	0	1	0	0	1	3	4	1	2	1	1	0	0	0	1	3	0	1	2	0	0	0	1	1	1	2	1	0	1	0	0	1	1	0	1	3	1	1	1	0	0	1	0	1	1	0	1	1	0	0	0	3	2	2	0	2	2	0	0	0	1	1	0	0	1	1	0	1	0	0	2	0	0	1	2	1	1	1	0	0	1	1	0	0	3	2	1	1	1	0	3	1	3	1	1	1	1	6	0	1	2	1	2	0	0	1	2	5	3	5	3	2	0	1	0	1	0	3	1	2	6	9	7	3	12	6	8	6	4	2	4	5	0	1	2	4	1	1	2	1	1	4	4	1	0	1	1	2	4	0	3	5	3	6	3	10	16	12	3	1	3	9	2	11	2	7	8	28	20	31	10	12	7	8	8	5	4	4	2	1	4	0	4	4	3	4	2	1	7	9	3	7	1	1	1	5	2	6	3	3	0	4	4	1	3	3	7	8	10	21	0	32	7	16	6	2	3	1	2	1	2	0	6	11	9	43	47	19	12	4	15	15	7	6	5	5	5	7	2	5	3	5	1	2	2	2	0	0	2	4	3	2	3	0	1	3	1	3	4	1	0	3	3	6	6	7	16	15	13	3	9	3	4	3	1	5	5	0	2	2	3	6	7	7	2	3	1	0	0	1	4	0	0	1	1	2
0	0	0	0	0	0	0	0	0	1	0	0	0	0	0	0	1	0	0	0	1	0	1	0	0	0	0	0	0	0	0	0	0	0	0	0	0	0	0	0	1	0	0	0	0	2	0	0	0	1	0	0	0	0	0	0	0	0	0	0	0	0	0	0	1	0	0	0	0	2	0	0	1	0	0	0	2	0	0	0	0	0	0	0	1	0	0	0	0	0	0	0	0	0	0	0	0	0	0	0	1	0	1	0	0	0	0	1	0	0	0	0	0	0	0	0	1	1	0	0	1	1	0	0	0	0	0	0	0	0	0	0	1	1	0	1	0	0	0	0	0	0	1	0	1	0	0	0	0	0	2	0	0	0	0	0	3	0	0	2	0	2	1	0	0	1	0	1	0	1	0	0	0	0	0	0	0	1	1	0	0	0	0	0	0	0	0	0	0	0	1	0	0	0	0	1	0	1	1	1	0	1	0	1	0	1	0	0	0	1	0	1	0	1	0	2	0	0	0	0	0	0	1	0	0	1	0	0	0	1	1	2	0	1	1	1	1	0	1	0	1	1	0	2	1	0	0	0	0	1	0	0	1	0	2	1	0	0	2	0	2	4	4	1	1	0	1	2	1	1	2	0	1	2	1	1	0	0	1	2	1	0	1	0	1	4	1	2	0	1	3	0	2	1	0	1	0	0	0	1	6	5	2	1	3	3	0	0	0	0	1	3	4	4	2	4	4	3	0	7	3	2	2	4	1	1	2	1	2	1	0	1	0	2	0	0	2	2	0	0	2	4	0	2	1	3	6	7	8	9	12	6	1	11	11	5	3	7	5	7	14	33	22	11	4	11	8	10	5	1	2	1	3	0	2	0	4	3	4	4	1	4	1	3	5	3	4	0	6	2	4	10	3	1	8	5	4	2	3	1	13	46	539	32	0	26	31	20	7	2	2	3	1	2	3	7	3	31	460	34	16	8	11	9	12	7	2	2	2	4	5	5	8	3	8	5	4	0	3	4	0	2	1	1	4	2	3	1	1	0	1	1	3	1	1	2	6	5	4	10	17	28	12	8	3	6	3	5	1	1	2	3	8	7	4	13	11	6	3	2	0	0	1	0	2	1	2	7	6
0	0	0	0	0	0	0	0	1	0	0	0	0	0	1	1	0	0	0	0	0	0	0	1	0	0	1	0	0	2	0	0	0	0	0	0	1	0	0	0	1	0	0	0	0	1	0	0	0	0	0	0	0	0	0	0	1	0	0	0	0	1	0	0	1	0	0	1	0	0	0	0	0	1	1	0	0	0	0	1	0	0	0	0	0	0	0	0	0	0	0	0	0	0	0	1	0	0	0	0	1	0	0	1	0	0	0	0	0	0	0	0	0	0	0	0	1	0	0	0	0	0	0	0	0	0	0	0	0	0	0	0	0	0	0	0	0	0	0	0	0	0	0	1	0	0	1	1	0	2	0	0	0	1	0	0	0	0	0	0	0	1	0	0	0	1	0	1	0	0	0	0	1	0	0	0	0	2	0	0	0	0	0	0	0	0	0	0	2	0	1	0	0	0	2	0	0	0	0	0	0	0	0	0	0	0	0	0	0	0	1	0	0	0	0	0	0	1	0	0	1	0	0	2	0	0	1	0	0	1	0	2	0	1	1	1	0	0	0	0	1	0	2	0	0	1	0	0	0	0	0	1	0	0	1	3	1	1	0	0	1	0	0	1	0	0	1	0	2	0	0	0	2	1	0	0	0	2	0	3	1	0	1	1	0	0	1	2	2	2	0	0	0	0	2	1	0	0	2	2	1	1	1	4	1	1	2	1	1	1	1	0	3	1	3	2	1	2	0	1	0	0	4	0	1	1	2	1	0	3	1	0	0	1	1	1	1	4	0	1	1	3	1	1	1	2	1	4	2	3	6	5	5	1	8	2	3	3	1	2	4	10	7	11	7	6	10	2	1	3	0	1	3	3	0	1	3	1	0	0	2	1	1	0	0	1	0	0	2	4	3	7	7	4	3	7	1	4	4	5	28	92	32	7	26	0	86	52	11	4	4	4	2	3	4	2	3	20	21	7	10	11	8	8	5	5	2	2	4	3	6	11	15	21	21	14	10	9	2	2	2	9	6	4	12	5	1	1	2	0	2	1	1	1	0	2	3	2	5	3	3	8	7	3	2	3	4	6	4	2	2	4	18	21	21	14	25	16	4	3	2	2	4	4	1	6	3	2	10
0	0	0	0	0	0	0	0	0	0	0	0	0	0	1	0	0	0	1	0	1	0	0	0	0	0	0	0	1	0	0	0	1	1	0	0	0	0	0	0	0	0	0	1	0	0	0	0	0	0	0	0	0	0	0	0	1	0	0	0	0	0	2	0	0	1	0	0	1	0	0	0	0	0	0	0	1	0	0	0	1	0	1	0	0	0	0	0	0	1	1	0	0	0	0	0	0	0	0	0	0	0	1	0	0	0	0	0	1	0	0	0	0	0	0	0	1	2	0	1	0	0	0	0	0	0	0	0	1	1	0	0	0	0	0	0	0	0	0	0	0	0	0	0	0	0	0	0	0	0	0	1	0	0	0	0	1	1	1	0	0	0	0	0	1	1	0	0	0	0	0	0	1	1	0	0	0	0	1	0	0	0	0	1	2	0	0	2	0	0	0	1	2	0	0	0	1	1	1	2	0	2	0	0	0	0	0	1	0	0	0	0	1	0	1	0	1	0	0	0	1	0	0	0	1	0	0	0	0	0	2	0	1	0	2	0	0	0	0	0	1	1	0	0	0	0	1	2	1	1	2	0	1	1	0	0	2	0	1	0	2	2	4	0	1	0	3	0	1	1	1	0	0	0	1	1	1	0	2	1	0	0	3	0	1	0	0	0	3	0	0	3	0	1	0	4	2	1	2	1	4	3	1	2	0	1	0	1	2	1	0	3	1	3	1	1	3	2	1	6	2	2	4	1	3	0	2	0	1	0	0	1	0	2	0	1	2	2	2	1	1	0	4	0	1	0	4	2	3	6	6	3	2	0	9	3	2	1	2	7	11	15	12	33	14	6	6	4	3	2	3	2	1	1	2	4	2	0	2	2	3	3	0	0	2	5	0	2	3	3	3	3	4	1	1	0	1	2	2	3	11	57	37	16	31	86	0	31	8	5	5	3	3	4	3	2	3	5	26	13	17	15	22	16	6	6	2	1	2	4	13	4	11	16	22	4	5	2	3	0	4	4	3	5	7	5	2	1	1	2	3	1	1	0	1	2	3	3	1	2	4	9	8	3	3	5	3	3	6	4	3	1	8	6	9	8	18	5	6	4	3	6	3	1	1	4	2	8	4
0	0	0	0	0	0	0	0	0	0	1	1	0	0	0	0	0	0	0	0	1	0	0	0	0	0	1	0	0	0	0	0	0	0	1	0	1	0	0	0	0	0	0	0	0	0	0	0	0	0	0	1	0	0	0	0	0	1	0	0	0	0	1	0	0	0	0	0	1	0	0	0	0	0	0	0	2	1	0	0	0	0	0	0	0	0	1	0	0	0	0	0	0	0	0	0	0	0	1	0	0	1	0	0	0	0	0	0	0	0	0	0	1	0	0	1	0	0	1	0	0	0	0	0	0	1	0	0	0	0	0	0	0	1	1	1	0	0	0	1	1	1	0	0	0	0	1	0	2	2	1	0	1	0	0	1	1	0	0	0	0	0	2	0	0	0	0	0	0	0	0	0	0	0	0	1	0	1	0	0	1	0	1	0	1	0	0	0	2	1	1	0	0	0	0	0	2	1	1	0	1	1	2	0	0	0	0	0	0	0	1	0	0	1	0	0	1	0	0	1	0	0	1	1	0	0	0	1	0	0	0	3	2	0	0	0	0	0	0	0	0	0	2	0	0	0	0	1	0	1	0	0	0	0	0	0	1	2	1	1	1	1	0	1	1	1	0	1	0	0	1	1	2	0	0	2	1	2	0	1	0	0	1	1	1	2	0	2	1	1	1	1	0	1	0	4	0	2	2	3	3	5	3	3	0	2	5	1	0	0	1	1	3	1	1	3	1	0	1	4	3	1	2	1	3	1	1	1	0	1	0	2	1	1	1	0	2	0	1	2	1	0	0	0	2	0	4	4	2	5	5	5	3	3	4	4	4	3	2	1	5	7	12	4	2	2	4	3	2	0	4	2	0	1	0	0	2	0	2	0	2	1	3	1	1	0	1	2	2	2	9	10	9	4	5	9	8	3	7	5	12	27	36	6	20	52	31	0	6	6	13	1	4	0	0	2	7	29	33	17	12	10	5	7	5	0	2	1	2	4	7	3	15	7	8	2	3	5	0	2	5	0	9	10	18	9	2	3	1	0	4	2	1	2	1	1	2	10	1	8	0	24	8	17	10	6	8	3	2	3	4	6	29	25	41	29	33	14	5	2	5	0	7	1	2	3	1	3	7
0	0	0	0	0	0	0	0	0	0	0	0	0	1	0	0	0	0	0	0	0	1	0	0	0	0	0	0	1	0	1	0	1	1	0	0	0	0	0	0	0	0	0	0	0	0	1	0	0	0	0	0	0	0	0	0	0	0	0	0	0	0	0	1	0	2	0	0	0	0	0	0	0	0	0	1	1	1	0	0	1	0	0	0	0	0	0	0	0	0	1	0	1	0	0	0	0	1	0	1	1	0	1	0	1	0	0	0	0	1	0	0	0	0	0	0	0	0	0	1	0	0	0	0	1	0	0	1	2	0	0	0	0	0	0	1	0	0	0	0	0	0	0	1	0	0	1	0	0	2	0	1	1	0	0	0	1	0	0	0	0	0	1	0	0	1	1	1	0	0	0	0	1	0	0	0	0	0	0	0	0	1	1	0	0	0	1	0	0	1	0	1	0	1	0	0	0	0	1	0	0	0	0	2	0	1	0	1	1	1	0	0	1	1	0	0	1	0	1	0	0	0	0	2	0	0	2	0	0	0	0	0	1	0	0	0	0	1	0	1	0	0	1	1	1	0	0	0	0	0	0	1	2	0	0	0	0	0	1	3	0	1	2	0	1	0	1	0	0	1	1	3	1	0	0	0	1	0	1	3	4	0	0	0	1	0	0	2	2	1	1	2	1	0	1	0	1	3	0	1	3	2	3	1	0	3	1	3	0	3	1	4	2	2	1	0	1	1	0	2	2	1	2	1	0	1	0	0	0	1	1	2	1	0	0	1	1	3	0	0	0	1	1	2	0	2	1	4	2	4	4	3	3	6	3	1	2	4	3	2	2	7	3	5	3	2	2	3	5	1	2	0	1	2	1	2	2	2	1	1	1	2	1	2	1	6	0	1	1	1	0	6	12	4	4	9	4	3	13	12	53	15	7	2	7	11	8	6	0	45	17	6	6	3	1	5	2	10	5	6	2	3	6	5	2	0	1	0	2	2	3	1	1	7	5	1	5	3	4	1	4	14	10	21	12	12	5	6	5	1	4	3	1	0	0	0	2	1	0	3	5	8	2	6	3	2	6	8	7	9	4	7	18	13	17	3	11	8	5	2	5	4	3	1	4	8	7	7	7
0	0	0	0	0	0	0	0	0	0	0	0	0	0	0	1	0	1	0	0	1	0	0	0	0	1	1	0	0	0	0	0	0	0	0	0	0	0	0	0	0	0	0	0	0	0	0	0	0	0	0	0	0	1	0	0	0	0	0	1	0	1	0	0	0	0	0	0	0	1	0	0	0	0	1	0	0	2	0	0	0	0	0	0	0	0	0	0	0	0	0	0	0	0	0	0	0	1	0	0	0	0	0	0	0	0	0	1	0	0	1	0	0	1	0	1	0	1	0	0	0	0	0	1	0	0	0	0	1	0	0	0	0	0	0	0	1	0	0	0	0	1	0	0	0	0	1	1	2	1	2	0	0	1	2	0	0	0	0	0	0	1	0	0	0	1	0	1	0	0	0	0	1	0	0	0	0	0	1	0	0	0	0	0	0	0	1	0	0	0	0	0	1	0	1	0	0	0	2	1	0	1	0	0	1	0	0	0	1	0	1	0	0	0	0	0	0	0	0	0	0	0	1	0	0	0	0	0	1	0	0	0	1	0	1	1	1	0	0	0	0	0	0	0	0	1	2	0	0	1	1	0	0	1	0	0	0	1	0	0	1	1	1	3	1	0	1	0	0	1	1	0	0	2	0	1	0	3	1	4	1	0	0	0	1	0	1	0	2	1	0	2	1	0	0	0	0	0	1	2	1	2	5	2	2	0	3	1	0	1	2	3	1	0	1	1	0	2	2	1	3	1	1	4	1	2	1	1	0	1	0	1	1	2	1	1	2	0	1	4	1	0	1	0	1	1	0	1	1	2	3	4	3	7	2	1	1	0	4	1	4	2	0	2	2	0	2	1	5	1	0	2	1	1	1	0	0	2	0	0	1	1	0	2	0	0	0	1	2	1	2	7	11	4	8	12	6	10	37	15	14	4	4	3	2	4	5	6	45	0	25	7	7	7	1	3	5	8	5	1	2	1	0	0	0	0	3	1	0	0	2	0	3	6	4	2	5	4	3	2	0	4	2	8	3	13	4	4	3	3	3	1	1	1	0	1	3	3	3	3	4	3	7	5	2	3	5	3	8	20	9	3	13	4	6	3	2	6	3	1	0	1	2	1	2	4	8	8	3
0	0	0	0	0	0	0	0	0	0	0	0	0	0	0	0	0	0	0	1	0	2	0	0	0	0	0	0	1	0	0	0	0	0	0	0	0	0	0	0	0	0	0	0	0	0	0	0	0	0	0	0	0	0	0	0	0	0	1	0	0	0	2	0	0	0	0	1	0	1	0	0	0	0	0	0	0	0	0	0	1	0	0	0	0	1	0	0	0	0	0	0	1	0	0	0	0	1	0	0	0	0	0	0	0	0	1	0	0	0	1	0	1	0	0	1	0	0	0	1	0	0	0	0	0	0	0	0	1	0	0	0	1	0	0	0	0	0	0	0	0	0	0	0	0	0	0	0	1	0	1	0	1	1	0	0	0	2	0	0	0	0	1	0	1	0	0	0	1	0	0	0	0	0	0	0	0	1	1	0	0	0	2	0	0	0	0	0	0	0	0	1	1	0	0	0	0	0	0	3	0	0	0	1	1	1	1	0	0	0	0	0	0	0	1	0	0	0	0	0	0	0	1	0	0	0	0	1	0	0	0	0	0	1	1	0	1	2	1	0	0	0	1	0	2	2	0	0	1	1	0	1	1	0	0	0	2	1	0	0	2	3	1	2	2	0	4	1	0	1	2	0	0	0	0	1	0	0	3	2	0	0	2	0	0	0	0	0	0	1	2	2	0	0	1	1	1	3	0	6	1	3	3	4	1	1	4	2	2	0	3	2	4	3	1	0	0	2	3	5	3	0	0	1	3	4	1	2	3	2	0	1	0	0	1	1	0	0	0	0	0	0	1	0	0	0	0	2	0	1	5	4	2	5	6	3	2	0	1	3	2	2	4	4	2	1	2	2	1	2	0	0	1	4	3	1	0	1	0	1	0	2	2	1	2	1	0	1	5	0	7	35	19	10	7	138	13	8	68	9	11	6	4	1	2	4	5	13	17	25	0	28	16	9	1	3	5	7	4	0	2	5	0	2	1	1	2	2	1	0	7	0	2	1	5	3	2	2	2	0	4	3	11	11	11	21	7	12	13	6	3	1	2	1	0	2	2	4	2	4	9	8	8	12	12	11	10	11	10	14	5	10	24	17	18	10	10	4	4	2	2	1	3	3	2	5	6	2	3
0	0	0	0	0	0	0	0	1	0	0	0	0	0	0	0	0	0	0	1	0	0	1	0	0	0	0	0	1	0	0	0	0	0	1	0	0	0	0	0	0	0	0	0	0	0	0	0	0	0	0	0	0	0	0	0	0	1	0	1	1	0	0	1	1	0	0	0	0	1	0	0	0	0	0	0	0	0	0	0	0	0	0	0	2	0	0	0	1	0	0	0	0	0	0	0	0	1	0	0	0	0	1	1	0	0	0	0	0	0	1	0	0	0	0	0	0	1	0	0	0	0	0	0	0	0	0	0	0	0	2	0	0	0	1	0	0	1	0	1	1	0	0	0	1	0	0	0	0	3	1	0	0	0	1	0	0	0	0	0	0	0	0	0	0	0	0	0	0	0	0	0	0	0	0	0	0	0	2	0	1	0	1	0	0	0	0	0	0	0	2	1	1	0	0	2	0	1	0	2	0	1	0	0	1	0	0	1	0	0	1	0	0	0	1	0	0	0	1	0	0	1	0	0	1	1	0	0	0	0	1	0	1	0	1	0	0	4	1	0	1	1	0	0	0	2	0	0	0	1	0	0	1	1	1	1	0	0	0	3	2	2	1	0	0	1	0	0	2	2	1	2	0	2	2	0	1	0	1	1	2	1	1	0	0	1	0	2	1	1	1	0	1	1	0	1	4	1	3	2	4	5	5	5	0	1	0	0	0	0	0	2	5	1	1	2	1	2	2	1	2	2	5	0	1	0	2	1	0	0	4	0	1	0	1	1	0	0	0	0	1	1	0	2	0	0	1	1	2	3	5	3	2	1	4	2	3	3	1	1	4	5	4	0	1	2	0	1	0	0	1	1	0	1	1	0	1	1	1	0	1	1	2	1	5	3	2	1	1	5	5	31	16	11	11	50	76	25	38	5	8	3	2	2	3	4	3	1	6	7	28	0	149	35	4	8	10	6	1	1	2	1	3	3	3	2	1	1	1	4	3	3	3	2	2	2	2	1	1	0	1	2	13	4	6	12	12	39	41	18	7	8	2	4	0	1	1	5	4	4	7	3	13	10	7	4	4	14	5	9	9	6	5	7	4	6	4	1	5	1	0	2	1	0	1	5	5	2	2
0	0	0	0	0	0	0	0	0	0	0	0	1	0	0	0	1	0	0	0	0	2	0	0	0	0	0	0	1	0	0	1	0	0	0	0	1	0	0	0	0	1	0	0	1	1	1	0	0	0	0	0	0	0	1	0	1	0	1	0	0	0	0	0	0	0	0	0	0	0	0	1	0	0	0	0	0	0	0	0	0	0	0	0	0	0	0	0	0	0	0	0	0	0	0	0	1	0	1	0	0	0	0	1	2	1	0	0	2	0	1	1	0	0	0	0	0	1	1	0	0	0	0	0	0	0	0	1	0	0	0	1	0	0	0	0	0	0	0	0	0	0	1	0	2	0	1	0	0	0	1	2	0	1	1	0	0	0	0	1	0	1	1	1	0	0	0	0	1	0	0	0	0	0	0	0	1	0	0	0	1	0	0	0	0	0	0	0	0	1	1	1	0	0	1	0	0	1	0	0	1	1	1	2	0	2	0	0	0	0	0	0	0	0	0	1	0	0	1	0	1	1	0	2	0	0	1	0	0	1	0	1	0	0	0	1	0	0	0	0	0	0	0	0	0	1	1	1	0	0	1	0	1	2	0	0	0	0	1	2	0	1	0	1	2	1	0	4	1	1	0	0	3	0	1	1	0	2	1	1	0	0	1	0	0	1	0	0	1	3	0	2	1	2	1	2	2	2	4	3	3	4	6	4	5	3	1	1	2	1	1	5	4	3	0	3	1	2	1	2	1	0	5	3	3	3	1	0	0	0	5	0	0	0	1	3	1	1	0	0	0	0	0	1	0	1	1	2	1	1	1	6	1	1	2	0	2	1	2	3	0	4	0	5	2	5	1	0	0	0	2	1	1	0	0	0	0	2	0	0	1	2	3	5	3	6	1	2	0	3	2	23	17	5	8	19	73	13	16	6	2	4	3	1	1	2	3	4	6	7	16	149	0	54	12	7	4	10	3	1	2	0	2	0	1	1	0	3	2	2	0	5	3	4	3	1	1	1	0	1	3	1	4	3	3	15	20	19	35	21	14	1	0	2	1	3	1	5	9	5	5	4	8	9	16	7	5	15	8	5	6	4	3	6	7	10	6	5	1	2	2	2	0	1	3	0	2	2	3
0	0	0	0	0	0	0	0	0	0	0	0	1	0	0	0	0	2	0	0	0	0	0	0	1	0	0	0	0	0	0	0	0	1	1	0	0	1	0	0	0	0	0	0	0	0	0	1	0	0	0	0	0	1	0	1	0	0	0	0	0	0	0	0	1	0	0	0	0	0	0	0	0	0	0	0	0	0	0	0	0	0	0	0	0	0	0	0	0	0	0	0	0	0	0	0	1	0	0	1	1	0	1	2	0	0	0	0	0	1	1	0	0	0	0	0	0	0	0	0	0	0	0	2	0	0	0	0	0	0	1	0	0	0	1	0	0	0	0	0	0	1	0	0	0	0	0	0	0	2	2	0	0	1	0	0	0	0	1	0	0	0	1	0	0	0	0	1	1	0	0	0	0	0	0	0	1	0	1	0	1	0	1	0	0	0	0	0	0	0	1	0	0	1	0	0	1	0	0	0	0	0	0	0	2	0	1	2	0	0	0	0	0	0	0	0	1	1	0	1	1	0	0	1	1	0	0	4	0	0	0	4	0	0	0	0	0	0	0	0	0	0	0	0	1	1	0	0	1	0	1	1	1	3	0	1	1	1	1	2	1	1	3	5	0	1	1	1	1	1	1	0	0	1	2	1	1	3	1	2	0	1	0	0	2	0	2	1	0	0	3	2	2	2	0	3	3	4	3	7	7	9	11	13	10	6	3	1	6	1	5	3	4	2	3	2	0	0	0	1	3	4	3	2	3	0	2	3	3	0	2	0	0	1	3	1	0	1	0	3	1	1	0	2	0	0	3	1	1	5	1	4	3	3	2	2	1	2	3	0	3	2	1	0	2	0	2	2	2	2	0	2	1	0	0	1	1	1	1	3	2	0	6	2	3	3	1	3	2	1	7	14	17	11	9	21	124	25	8	6	0	0	3	2	2	3	4	0	3	7	9	35	54	0	10	12	6	6	4	3	1	4	1	4	1	1	0	1	0	1	2	1	1	1	3	1	0	2	2	0	1	3	5	4	3	5	9	17	31	21	9	3	4	1	1	4	1	6	3	2	4	4	12	7	6	6	1	9	2	2	2	1	7	4	5	3	2	3	1	1	3	0	1	1	1	3	2	2	3
0	0	0	0	0	0	0	0	0	0	0	1	0	0	0	0	1	1	0	0	0	0	0	1	0	2	0	0	1	2	1	1	0	1	0	0	0	1	0	0	0	1	1	0	0	0	0	0	2	0	0	0	0	1	0	0	0	0	0	1	0	0	0	1	0	1	0	0	1	0	0	0	1	0	0	0	0	0	0	0	0	0	1	0	0	0	0	0	0	0	0	1	1	0	1	0	0	0	1	0	1	1	0	1	0	0	0	0	0	0	0	0	0	0	0	0	0	0	0	0	0	1	0	0	0	0	0	1	0	0	0	0	1	0	0	0	0	0	0	1	0	1	0	0	0	1	0	1	0	2	0	0	0	3	0	0	0	1	1	0	1	2	1	2	0	0	1	0	1	0	0	0	1	0	0	0	0	0	2	0	0	0	0	2	2	1	0	0	1	2	0	0	1	1	0	0	3	0	1	1	0	1	0	1	2	1	0	1	0	1	1	0	0	0	0	0	0	1	2	1	1	0	2	3	1	0	0	0	1	1	2	0	0	2	4	3	0	1	0	2	0	1	0	1	0	2	1	0	2	0	1	1	1	1	0	1	1	2	4	0	2	1	0	0	5	1	2	2	0	1	1	2	0	1	0	1	3	0	2	2	2	2	0	2	0	4	0	4	1	1	3	2	1	3	4	3	4	8	9	20	46	40	11	37	11	5	3	3	1	3	7	8	5	5	4	4	1	2	2	2	6	6	9	5	5	3	3	1	3	2	4	2	4	3	3	2	1	1	0	0	1	2	1	1	1	0	0	0	1	2	3	4	2	5	1	2	6	1	3	3	6	5	0	1	1	1	1	1	2	2	1	2	2	1	3	0	1	5	2	2	2	3	5	6	6	6	4	1	1	4	6	5	4	20	4	4	9	4	4	3	3	3	3	0	3	4	3	0	1	1	1	4	12	10	0	58	11	4	3	1	1	3	1	0	0	1	3	0	4	1	2	2	4	1	2	0	1	2	0	0	2	0	1	4	0	1	4	7	6	9	14	17	4	7	3	0	2	9	13	4	14	2	8	3	3	2	2	6	1	1	0	6	3	2	4	0	3	1	2	1	0	1	1	0	2	3	2	1	1
0	0	0	0	0	0	0	1	0	0	0	0	1	0	1	1	0	0	0	0	0	0	0	1	0	0	0	0	0	0	0	0	0	0	0	0	0	1	0	0	0	0	0	0	0	0	0	0	1	1	0	0	0	0	1	1	0	0	0	0	0	1	0	4	0	1	1	0	0	1	0	1	0	0	0	0	1	0	0	0	1	0	0	1	0	0	0	1	0	1	1	0	0	0	0	2	1	0	0	0	1	0	0	0	0	1	1	1	0	0	0	1	1	0	0	0	0	1	1	0	1	0	0	0	0	0	1	0	0	0	0	0	0	0	0	0	0	0	1	1	0	1	1	0	0	1	0	3	0	1	2	1	2	0	1	0	1	1	1	1	0	0	0	1	0	0	0	2	0	1	0	1	0	0	0	0	1	0	1	0	0	0	0	0	0	1	3	0	0	1	2	0	0	0	0	1	0	0	0	0	0	1	1	2	1	0	0	0	0	0	0	0	0	4	1	2	0	1	0	1	3	1	0	1	2	1	0	0	0	0	0	1	0	1	1	1	1	0	0	1	1	0	0	1	2	4	0	1	0	0	1	0	1	0	0	1	2	1	1	0	1	4	2	1	3	1	1	2	0	1	1	3	2	1	0	2	0	1	4	2	3	2	3	4	0	1	2	1	1	0	3	1	0	5	0	0	5	5	9	22	28	16	2	9	6	3	2	0	3	2	5	4	2	5	4	7	2	3	8	11	19	12	5	10	5	6	3	2	2	2	2	2	2	3	5	5	2	4	1	1	2	1	2	3	0	1	2	1	1	4	0	4	5	2	2	5	3	5	3	0	1	4	3	1	1	0	1	2	5	2	0	1	1	0	3	0	1	2	0	2	3	3	9	18	8	8	2	3	1	5	10	7	3	11	2	2	7	4	5	1	3	6	5	6	7	2	2	2	5	3	3	8	7	12	58	0	19	8	3	1	1	1	1	1	3	1	3	4	6	1	3	1	3	2	2	1	0	1	1	0	1	2	2	6	5	3	4	5	2	7	12	11	9	3	5	4	6	26	39	28	7	14	17	10	5	5	4	4	2	0	0	1	6	5	3	2	4	1	1	1	4	0	0	0	0	0	0	1	1
0	0	0	0	0	0	0	0	0	0	0	2	0	1	0	2	0	0	0	1	0	0	1	0	1	0	0	0	0	0	0	0	0	0	0	0	0	0	0	0	0	0	0	0	0	0	1	0	0	1	0	0	0	0	0	1	0	0	0	0	1	0	0	0	0	0	1	1	0	0	1	0	1	0	0	0	1	0	0	0	0	0	1	0	0	0	0	1	0	0	0	0	0	0	0	1	0	0	2	0	1	1	0	0	0	0	0	1	1	1	0	0	0	0	0	1	1	0	0	0	1	1	1	0	0	0	0	1	0	0	0	0	0	0	1	0	0	0	0	0	1	2	0	0	1	0	1	0	0	0	0	0	1	1	0	0	1	0	0	0	0	1	0	0	0	0	0	0	0	0	1	0	1	1	0	0	0	0	0	0	0	0	0	0	1	1	1	0	0	0	1	0	0	0	2	1	1	0	1	1	0	1	1	2	2	0	0	0	0	0	1	0	0	0	1	0	0	0	0	0	1	0	0	0	0	0	0	1	0	0	1	0	1	3	0	2	0	0	0	0	0	1	0	0	0	1	1	0	1	0	1	2	2	1	1	2	3	2	0	1	0	4	1	3	4	1	3	0	2	0	0	0	2	1	1	1	0	2	2	4	3	1	0	0	3	3	0	3	1	1	3	1	5	2	0	3	3	2	4	6	14	12	9	4	4	7	1	2	3	0	3	7	7	5	6	3	0	2	9	12	14	3	6	11	3	0	3	2	0	1	0	1	0	3	0	2	1	0	0	0	1	1	0	2	1	1	3	2	6	5	11	8	9	8	7	3	12	10	11	5	12	15	8	0	6	1	6	4	4	0	3	3	3	2	1	0	3	0	1	2	0	4	7	1	1	4	2	1	2	1	10	8	8	30	9	7	9	7	9	6	8	5	13	11	3	3	3	7	2	5	5	10	4	6	11	19	0	23	7	8	3	2	1	1	5	1	1	3	3	1	1	5	2	4	1	2	4	1	0	1	0	1	3	3	3	2	5	5	6	4	8	4	4	4	3	2	2	12	19	17	69	32	84	10	14	7	5	5	6	3	3	1	4	5	4	5	4	8	1	3	0	1	1	0	1	0	1	1	2
0	0	0	0	0	0	0	0	0	0	0	1	0	0	0	1	0	0	1	0	2	0	1	0	0	0	2	0	0	1	0	1	0	0	0	0	0	0	0	1	0	1	0	0	0	1	0	0	0	1	0	0	0	0	0	0	0	0	0	0	0	0	0	0	1	0	1	0	0	0	0	0	0	0	0	0	0	0	0	1	0	1	0	0	0	0	0	0	1	0	0	1	0	0	0	0	0	0	0	0	1	1	0	0	0	0	0	1	1	0	0	3	0	0	0	0	0	0	1	0	0	0	0	0	0	0	0	0	0	1	0	0	0	0	0	0	0	0	0	0	0	0	1	0	0	0	0	0	0	2	1	0	1	0	1	0	1	0	1	1	1	0	0	0	0	0	0	0	0	0	1	0	0	0	0	0	1	0	0	0	0	1	0	0	1	0	0	0	0	0	1	1	0	0	0	1	0	0	1	0	1	1	3	0	0	1	0	1	1	0	0	2	0	1	0	0	0	0	0	0	0	0	0	2	0	0	0	0	0	0	1	1	2	2	0	0	1	0	0	1	2	0	0	0	0	0	0	1	0	0	3	0	1	2	1	1	1	0	1	2	1	3	1	2	1	2	0	0	3	1	0	0	0	0	2	0	1	3	0	0	1	0	1	2	1	0	7	1	0	1	1	2	0	2	0	1	1	4	1	3	5	3	3	0	5	4	0	4	0	1	0	1	3	7	6	2	1	2	7	4	3	1	3	2	5	1	1	3	3	3	2	1	1	1	2	0	2	1	0	1	1	1	2	2	1	0	3	1	4	4	49	3	7	8	14	5	11	7	8	5	23	24	6	5	6	3	1	9	4	1	4	0	1	1	2	2	1	1	1	3	0	1	0	3	2	2	2	1	5	5	3	13	9	6	9	9	6	6	8	12	11	29	47	9	31	20	5	29	10	8	7	6	10	6	4	8	23	0	32	8	8	11	7	2	1	4	2	5	0	1	4	2	3	5	2	3	0	1	3	3	5	1	5	4	7	4	0	2	5	1	4	4	1	0	2	1	2	5	9	8	20	258	39	5	8	2	7	2	2	4	2	3	14	10	12	11	3	6	6	1	0	2	0	0	5	3	1	6	1
0	0	0	0	0	0	0	0	0	0	0	0	0	0	0	1	0	0	0	0	0	0	0	0	0	1	0	0	1	0	1	0	3	0	0	0	1	1	0	0	0	0	0	0	0	0	0	0	0	0	0	0	0	0	0	0	0	0	0	0	0	0	0	0	0	0	1	1	0	1	0	1	0	0	0	0	1	0	0	0	0	0	0	1	0	1	1	0	0	1	0	0	0	0	1	0	0	0	1	0	0	1	0	0	0	0	0	0	0	0	0	0	0	0	0	0	0	0	0	0	0	0	0	0	0	0	0	0	1	0	0	0	0	0	1	0	1	0	0	0	0	0	0	0	1	2	0	0	0	1	0	2	2	0	0	1	0	0	1	0	1	0	0	1	0	0	1	0	0	1	0	0	1	0	0	0	2	0	0	0	0	0	0	1	0	1	0	1	0	1	1	1	0	0	1	0	3	2	0	0	0	2	2	0	0	0	0	0	0	1	1	0	2	0	1	1	0	0	0	0	1	1	0	0	1	0	1	2	0	0	0	3	1	2	1	1	0	0	0	0	0	0	0	0	1	1	0	0	1	2	0	0	1	0	2	4	1	3	1	2	1	2	0	2	2	0	0	2	2	1	1	2	2	1	0	0	1	2	3	4	0	1	1	0	3	1	3	1	2	1	1	1	0	1	1	1	3	2	2	0	1	4	3	1	3	2	1	0	1	0	0	1	1	3	1	0	7	4	3	6	4	2	1	0	1	1	2	1	4	1	1	1	3	1	1	4	2	2	0	0	1	1	1	2	4	8	5	2	2	9	19	3	3	6	6	5	7	3	5	3	20	20	25	10	4	3	5	4	6	3	4	1	5	1	1	1	2	3	2	6	3	3	3	1	3	4	0	3	2	2	3	7	4	8	3	3	1	4	7	5	12	24	251	43	460	21	26	33	5	5	4	1	3	4	3	3	7	32	0	64	14	22	5	10	6	10	2	2	3	3	6	4	9	4	3	3	2	4	1	2	3	3	3	4	9	1	4	1	5	2	7	3	3	2	3	2	7	6	9	11	14	27	14	5	5	1	4	6	2	2	3	2	9	8	7	8	19	9	3	3	4	0	0	1	2	3	5	4	4
0	0	0	0	0	0	0	0	0	0	1	0	0	0	0	0	0	0	0	0	0	0	0	0	0	0	0	0	0	0	0	0	0	0	0	0	1	0	0	0	0	0	0	0	0	0	0	1	0	0	0	0	0	0	0	0	0	0	0	0	0	0	0	0	0	1	0	0	0	0	0	0	0	0	0	0	0	0	0	0	0	0	1	0	0	0	0	1	0	0	0	0	0	0	0	0	1	1	0	0	1	1	0	0	0	0	0	0	0	0	0	1	2	0	0	0	0	0	0	0	0	0	1	0	0	1	0	0	0	0	0	0	0	2	0	0	1	0	0	0	1	1	1	0	0	0	0	0	4	1	1	2	1	1	0	0	0	2	0	0	0	1	0	1	0	0	0	0	0	0	1	1	1	0	1	0	0	3	1	0	0	1	0	0	0	2	0	0	1	1	0	1	1	0	0	1	1	1	2	0	0	2	2	0	1	1	0	0	0	0	0	0	0	1	0	1	0	0	1	0	0	1	0	1	0	0	1	0	2	1	0	1	1	1	2	0	1	1	0	2	1	0	0	0	0	2	0	3	0	0	0	1	0	1	0	2	2	0	0	0	1	1	1	0	1	2	1	0	0	1	0	1	0	1	1	0	0	1	1	0	0	0	2	0	2	1	2	0	0	0	3	0	1	1	1	3	1	2	1	4	1	1	2	1	0	2	1	0	1	0	1	1	0	5	3	2	2	0	7	7	0	3	3	1	1	0	1	2	4	0	2	2	2	1	0	2	2	2	1	1	1	2	1	3	1	5	3	3	13	5	6	7	4	3	2	3	3	3	3	2	11	14	9	7	9	3	2	3	1	4	2	1	0	0	0	0	3	1	2	2	2	3	2	1	3	2	2	2	1	3	4	3	4	0	0	3	5	0	3	3	10	15	45	47	34	7	13	17	6	1	0	1	1	3	1	1	8	8	64	0	56	34	11	19	22	12	8	3	7	7	5	6	11	5	5	6	4	1	2	1	4	6	4	4	5	3	3	1	1	1	7	3	4	2	2	3	8	5	7	10	8	13	11	5	4	2	4	3	0	5	2	0	2	8	10	10	5	7	9	4	1	0	3	2	1	3	1	1	6
0	0	0	0	0	0	0	0	0	0	0	0	0	1	1	0	0	0	0	1	1	1	0	0	0	0	0	0	0	0	0	0	2	0	0	0	1	0	0	0	0	0	0	0	0	0	0	2	1	1	0	0	0	0	0	0	1	0	1	0	1	0	0	0	0	0	1	0	1	0	0	0	1	0	1	0	0	0	0	1	1	0	0	0	0	0	2	0	0	0	0	0	0	0	1	0	0	0	0	0	0	0	0	0	0	1	0	0	1	0	0	1	0	0	0	0	2	1	0	1	0	0	0	0	0	0	0	0	0	1	1	1	0	0	0	0	1	0	0	0	0	1	0	0	1	0	1	0	0	1	0	1	1	1	1	0	1	1	0	0	0	1	0	0	0	1	0	0	0	0	0	0	0	0	0	0	2	0	1	0	1	1	0	0	1	0	0	1	0	0	1	0	0	0	1	1	0	0	1	3	1	0	1	1	0	0	0	1	1	0	0	1	0	0	0	0	1	0	1	1	1	3	0	0	2	1	0	2	0	0	0	2	0	1	0	1	0	2	1	0	0	0	0	0	1	1	0	0	2	0	3	1	0	1	0	4	1	0	1	0	1	1	0	0	1	1	0	2	1	1	1	0	2	0	0	0	0	0	0	2	1	0	1	3	2	2	2	0	0	0	0	3	2	0	2	1	0	1	0	2	1	2	0	1	0	0	0	1	1	2	0	4	1	1	2	4	3	5	2	2	0	2	0	1	2	2	0	3	2	0	2	1	2	2	3	2	1	3	3	3	0	1	2	1	4	3	1	4	2	4	3	1	1	1	3	0	3	5	2	1	3	7	7	10	4	4	9	4	2	4	2	1	1	2	1	3	1	1	0	4	1	0	4	0	4	1	2	1	2	1	3	3	3	1	3	4	1	0	2	2	4	11	12	19	16	10	17	12	2	2	2	2	2	1	1	1	3	8	14	56	0	134	12	39	13	10	2	1	5	9	24	7	26	15	6	9	2	3	3	1	2	1	3	0	7	2	3	1	4	3	2	1	3	2	1	4	5	7	1	10	6	3	4	8	3	4	6	4	3	3	3	2	5	4	9	12	11	14	4	5	2	0	3	3	0	4	0	2	8
0	0	0	0	0	0	0	0	0	0	0	1	0	0	1	1	0	0	0	0	0	1	0	0	0	0	1	0	0	1	0	1	0	1	0	1	0	0	0	0	0	0	1	0	0	0	0	1	0	0	0	0	0	0	0	0	0	0	0	0	0	0	1	0	0	0	1	0	1	0	0	0	0	0	0	1	1	0	0	0	0	1	0	0	0	0	0	2	0	0	0	1	1	0	0	1	1	0	0	0	0	0	1	0	0	1	1	0	0	1	0	0	2	0	0	0	1	1	0	0	0	0	0	0	1	0	0	0	0	0	0	0	2	0	0	0	2	1	0	0	0	0	0	0	1	2	0	1	0	0	1	0	1	1	0	0	0	0	1	1	0	0	0	0	0	0	0	1	0	1	0	1	0	0	0	0	1	0	1	0	0	1	0	0	0	0	0	0	0	1	1	1	1	0	0	1	0	1	0	1	1	0	2	2	0	0	1	1	0	0	2	1	0	1	0	0	1	0	0	0	1	0	0	0	1	0	1	0	1	0	1	1	0	1	0	0	1	0	0	0	1	0	0	0	1	1	0	0	0	1	0	0	0	1	1	1	0	0	1	0	2	0	1	1	1	0	0	1	0	2	0	0	1	0	1	0	1	2	1	0	1	0	3	0	0	0	0	1	2	0	3	0	1	2	2	0	1	0	1	1	1	1	1	2	3	1	1	1	0	1	1	0	0	4	4	3	5	5	5	3	0	3	1	2	1	1	3	3	3	0	0	0	2	1	1	4	1	0	3	0	2	0	1	1	3	3	0	11	8	6	3	2	2	1	2	3	7	1	3	1	3	3	8	8	6	6	5	4	2	2	1	0	2	3	4	2	3	3	6	2	3	3	2	4	4	1	2	1	5	1	3	3	1	1	1	2	1	0	2	1	5	8	18	12	8	11	15	10	3	1	5	1	0	4	3	1	2	11	22	34	134	0	16	84	27	14	5	7	1	13	20	9	26	6	8	5	3	3	4	1	2	1	4	2	3	1	2	4	0	1	0	2	2	1	2	8	5	3	4	2	4	7	7	4	2	5	2	2	2	0	1	4	6	6	8	11	7	6	5	7	2	1	3	1	1	2	3	1	1
0	0	0	0	0	0	0	1	0	0	0	0	0	0	0	0	0	0	0	0	2	0	0	0	0	0	0	0	0	0	0	0	0	0	0	0	0	2	0	0	0	0	1	0	0	0	0	1	0	0	0	0	0	0	1	0	0	0	1	0	0	0	0	1	2	0	0	0	0	0	0	0	1	0	0	0	0	0	0	0	0	0	0	0	0	0	2	0	0	0	0	0	0	0	1	0	0	0	1	0	0	1	0	1	0	0	1	0	0	0	1	0	0	0	0	0	0	0	0	0	1	0	0	1	0	0	1	0	1	0	0	0	0	0	0	1	0	0	0	0	0	0	1	1	0	1	0	1	0	1	1	0	2	0	0	1	0	0	2	1	0	1	1	0	0	0	1	1	0	0	1	0	0	0	1	0	1	0	0	0	1	0	0	0	0	1	0	0	0	0	0	0	1	0	0	1	1	1	0	1	0	0	1	0	2	0	1	0	0	0	0	1	0	0	0	0	0	0	0	1	1	0	0	0	1	1	0	0	1	0	0	0	0	1	0	0	0	0	0	0	0	0	0	0	3	2	0	0	2	1	1	2	1	1	1	0	0	1	1	1	1	0	1	1	2	1	0	2	1	0	0	0	0	0	1	1	0	1	0	1	1	0	0	1	2	0	3	1	0	2	0	0	0	0	1	0	1	0	1	0	3	2	0	0	1	2	1	0	0	1	1	0	0	0	1	3	5	2	2	3	2	1	1	1	2	0	4	0	0	1	0	1	0	0	1	1	3	0	1	2	1	1	3	5	4	4	2	11	7	5	2	2	0	0	4	2	2	1	1	4	4	6	5	61	14	14	7	5	3	2	0	4	3	3	1	0	1	1	2	3	1	6	4	2	3	4	2	1	1	2	0	2	0	0	1	2	0	0	0	3	1	9	10	4	11	8	22	5	6	0	0	3	2	1	1	1	1	7	5	11	12	16	0	41	5	4	1	1	0	2	2	3	9	17	9	6	4	1	2	0	2	1	3	1	1	4	0	0	0	0	0	0	2	0	3	0	3	1	2	1	4	3	3	3	2	1	2	0	1	1	2	4	0	1	4	5	2	3	6	1	2	1	2	4	1	1	5	2	4
0	0	0	0	0	0	0	0	0	0	0	2	0	0	0	0	1	0	1	0	0	0	1	0	0	0	0	0	0	0	0	0	0	0	0	2	1	0	0	0	1	0	0	0	0	0	0	0	0	0	0	0	0	0	1	0	0	1	0	0	0	0	1	0	0	0	0	0	0	0	1	0	1	0	0	1	0	0	0	1	0	0	0	0	1	0	0	0	0	0	0	0	0	0	0	1	1	0	0	0	0	0	0	0	0	0	0	0	0	1	0	0	0	0	0	0	0	1	0	0	2	0	0	0	0	0	0	0	0	0	0	0	1	0	0	2	0	0	0	0	0	0	0	0	0	0	0	0	0	0	3	0	0	0	1	2	1	1	1	1	1	1	0	0	0	1	0	0	0	0	0	0	0	0	3	0	0	1	0	0	0	0	0	0	0	0	1	1	1	1	1	1	1	0	0	0	2	1	1	3	0	1	0	1	1	0	0	1	0	0	0	0	1	2	0	0	0	1	0	0	1	0	2	4	1	0	0	0	0	1	0	2	1	1	2	1	0	0	0	0	0	0	2	0	3	1	0	1	0	1	0	1	0	0	1	0	0	1	1	1	0	0	0	3	1	0	5	1	1	0	2	1	0	1	0	0	0	0	1	1	1	0	0	0	1	1	2	0	5	3	0	1	2	1	1	2	0	0	3	2	3	1	2	1	0	0	0	1	2	0	1	0	0	2	3	3	3	3	2	3	1	2	1	1	0	0	0	3	3	4	4	1	0	0	2	2	7	2	1	1	3	1	3	1	3	2	3	12	11	6	4	1	2	1	1	5	2	3	1	3	6	2	4	17	11	11	10	5	3	1	0	4	4	0	2	1	1	1	2	6	4	4	3	1	2	1	1	0	3	2	0	0	1	1	2	3	2	1	2	2	3	9	9	15	9	8	16	7	5	0	2	3	0	4	0	1	1	2	10	19	39	84	41	0	15	14	11	4	6	6	9	2	11	10	6	3	1	2	1	1	3	2	0	2	1	0	2	0	2	2	0	0	1	0	1	1	1	5	2	4	5	7	1	5	2	3	5	1	0	1	2	1	1	5	4	7	4	6	3	2	4	0	2	1	1	3	1	1	6
0	0	0	0	0	0	0	0	0	0	0	0	0	0	0	0	0	0	1	0	0	0	0	1	0	0	0	0	0	1	0	0	0	0	0	0	0	0	0	0	0	0	0	1	0	1	0	0	1	0	0	0	1	0	0	0	0	0	0	0	0	0	0	0	0	0	0	0	0	0	0	0	0	0	0	0	0	0	0	0	0	0	0	0	0	0	0	0	0	1	0	0	1	1	0	0	0	0	0	0	0	0	0	0	0	1	0	1	0	0	0	0	0	0	0	0	0	0	0	0	0	1	1	0	0	0	0	0	0	0	0	0	1	0	0	0	0	0	0	0	0	0	1	2	0	2	2	0	1	2	0	4	1	0	2	0	0	2	1	0	0	0	1	0	1	0	0	0	0	0	0	0	1	1	0	1	0	2	1	1	1	0	0	0	0	0	1	0	2	0	3	0	0	1	0	0	1	2	1	1	0	0	1	2	2	2	0	1	2	0	1	2	0	0	1	0	0	0	1	0	1	0	2	1	4	0	1	2	6	0	0	4	1	1	0	2	0	1	1	2	0	0	1	0	0	2	1	1	0	1	1	1	2	2	1	0	1	1	0	0	0	1	1	0	2	1	0	0	0	1	1	0	0	0	2	0	0	0	1	0	0	2	2	1	1	2	3	2	2	0	2	1	1	1	0	2	1	6	1	5	1	2	2	1	2	3	3	0	3	0	1	0	4	0	6	6	13	9	10	7	3	1	1	2	2	3	2	2	6	2	2	1	5	4	8	2	4	3	0	2	3	2	2	9	5	3	6	8	12	5	5	1	0	0	3	4	5	5	3	0	4	3	7	5	4	3	5	7	2	2	6	5	3	1	2	2	3	5	7	4	1	7	9	0	6	1	1	1	2	5	3	5	1	3	0	1	1	3	3	0	3	3	5	15	12	5	6	5	2	0	1	3	1	1	0	3	5	1	6	22	13	27	5	15	0	155	22	5	20	15	6	5	3	5	3	2	2	1	0	3	2	0	3	1	0	2	0	1	0	1	3	0	3	9	6	4	4	6	5	6	6	4	5	6	2	2	3	2	0	1	3	3	2	0	1	9	3	2	3	4	1	0	4	2	0	1	0	1	4
0	0	0	0	0	0	0	0	0	0	0	0	1	0	0	0	0	0	0	0	0	0	0	0	0	0	2	0	1	0	2	0	0	1	0	0	0	0	0	0	0	1	0	0	0	0	0	0	0	1	0	0	1	0	0	1	0	0	0	0	0	0	1	1	0	0	0	0	0	1	0	1	1	0	1	1	2	0	0	0	1	0	0	0	1	0	0	1	0	0	0	0	0	0	0	1	0	1	0	1	0	0	0	0	1	0	0	1	0	0	0	1	0	1	0	0	0	0	0	1	0	0	1	0	1	1	0	0	0	0	0	0	0	0	1	1	0	0	0	1	0	0	0	0	0	0	1	1	1	1	1	0	2	0	2	0	0	0	1	2	0	0	2	1	0	0	0	2	0	0	3	0	0	0	0	0	0	0	0	2	1	1	0	0	0	0	0	0	2	1	0	4	1	2	1	1	0	1	1	2	0	3	2	1	1	0	1	3	0	1	1	0	0	0	0	1	2	0	1	0	0	1	1	1	2	1	1	4	1	1	2	2	1	2	1	0	2	1	0	0	1	0	1	2	0	1	1	0	1	0	0	2	1	0	0	1	0	0	1	2	0	1	1	1	1	1	3	1	0	0	0	1	0	1	1	0	0	1	3	0	1	0	1	1	4	1	3	1	2	0	2	1	0	1	1	4	0	0	3	2	4	1	1	2	1	1	1	1	1	0	0	1	2	3	6	4	15	8	8	7	5	4	3	3	3	1	2	2	0	2	4	1	1	2	3	2	3	2	3	3	1	4	3	8	5	1	3	10	12	7	2	0	2	1	1	3	3	1	2	6	4	2	14	4	4	3	4	4	5	5	1	4	5	4	4	2	5	3	10	11	6	7	10	7	8	5	3	0	1	1	3	1	2	2	1	5	0	2	2	2	1	4	9	7	7	5	6	0	0	0	1	2	1	1	1	1	1	4	10	12	10	14	4	14	155	0	36	13	34	22	6	4	7	3	4	1	2	1	0	1	0	0	1	0	2	3	1	1	1	2	0	2	2	1	3	1	8	4	6	6	5	3	2	3	2	1	1	0	1	0	0	0	0	1	4	5	0	4	1	2	0	0	1	0	0	0	0	0	5
0	0	0	0	0	0	0	1	0	1	0	0	0	0	0	0	0	0	0	0	0	0	0	0	1	0	0	0	1	0	0	0	0	0	0	1	0	0	0	0	0	0	0	1	0	0	0	0	0	0	1	0	2	0	0	1	0	1	1	1	1	0	0	1	0	0	0	1	0	0	0	0	0	0	0	0	1	0	1	0	1	0	0	0	0	1	0	0	0	2	0	0	0	0	0	0	0	0	0	2	0	0	1	0	0	0	1	2	0	0	1	1	0	0	0	1	0	0	0	0	0	0	0	0	0	1	0	0	0	1	0	0	0	1	1	1	0	0	0	3	0	0	2	1	0	2	1	4	2	3	2	0	4	1	2	0	2	1	1	1	1	0	0	0	1	2	1	0	2	0	1	0	1	0	1	1	2	0	0	0	1	0	0	0	0	1	1	1	0	0	2	0	3	1	1	0	0	1	1	0	0	1	1	1	1	0	0	1	0	0	2	0	0	0	1	1	1	2	0	4	2	4	1	5	1	3	1	1	3	1	1	3	3	1	2	2	2	1	0	0	2	0	0	0	2	2	1	2	1	0	1	2	0	1	3	0	4	1	0	0	0	0	1	4	0	3	2	3	1	0	2	0	1	0	1	1	1	2	3	1	0	2	0	1	0	2	1	0	1	1	1	1	3	0	0	2	1	2	4	2	2	0	3	2	0	1	0	0	2	1	2	2	4	2	1	3	1	6	7	3	5	8	2	1	2	0	4	0	3	1	1	3	3	1	8	4	9	2	2	3	4	5	11	7	4	3	4	2	5	1	2	0	0	0	4	2	4	3	0	2	3	3	3	1	2	3	1	5	4	2	7	2	3	0	4	3	5	4	11	10	1	8	6	2	6	5	2	0	5	3	2	1	1	0	1	1	0	0	2	1	0	1	4	6	2	2	2	2	1	3	2	1	0	0	3	3	1	2	2	8	2	5	1	11	22	36	0	60	44	27	2	4	1	0	1	2	1	1	0	2	1	1	1	1	1	2	1	2	0	3	0	0	5	4	10	4	4	4	3	7	1	1	3	4	4	0	1	0	1	0	0	2	4	1	0	0	1	1	1	1	0	3	2	1	1	2	0	1	0
0	0	0	0	0	0	0	0	0	1	1	1	1	0	0	0	0	0	1	0	0	0	1	0	1	0	1	3	1	0	1	0	1	1	0	3	1	0	0	0	0	0	0	1	1	0	0	0	1	0	1	1	0	0	0	0	0	0	1	1	0	0	0	0	0	1	1	1	0	0	0	0	0	0	0	0	0	0	1	0	0	0	0	0	1	0	0	0	0	0	1	0	2	0	1	1	1	0	2	0	1	0	0	0	0	0	0	0	1	0	1	0	2	0	0	0	0	0	0	0	1	0	0	0	0	0	1	1	0	0	0	0	0	1	0	1	0	0	1	2	0	0	2	0	1	0	1	0	0	4	3	2	0	0	0	1	1	1	2	1	0	1	1	0	0	1	1	2	1	0	0	1	1	0	0	1	1	0	0	1	0	0	1	3	0	2	0	1	0	0	0	0	1	1	1	0	0	1	0	1	1	1	1	1	4	0	1	0	0	0	0	1	1	1	2	0	1	3	0	6	4	2	6	6	5	1	3	7	1	3	1	3	6	6	0	2	0	1	0	0	3	0	0	1	0	5	1	0	0	1	0	0	0	0	0	1	1	0	2	0	2	2	2	1	3	1	3	1	1	1	1	0	0	0	0	0	0	0	0	0	1	1	1	3	0	1	1	0	3	0	0	1	0	2	2	0	1	2	0	2	3	0	1	0	3	0	0	0	0	1	0	4	3	0	3	1	1	3	4	4	5	1	3	1	2	0	0	3	2	3	0	2	2	5	11	5	12	9	2	9	2	5	8	5	4	1	5	1	4	2	2	2	1	0	1	0	2	2	2	1	2	0	3	2	2	2	1	3	2	5	5	1	1	0	1	1	5	2	10	13	4	6	8	4	6	7	4	2	3	0	2	2	1	3	1	2	4	1	0	3	3	2	3	5	2	2	1	1	0	1	2	1	3	1	0	4	3	5	2	3	1	7	1	4	5	13	60	0	16	19	3	2	7	0	2	0	0	0	0	1	0	1	1	1	1	0	0	0	2	0	0	0	3	12	7	3	3	1	4	3	2	2	1	1	1	0	3	1	1	1	0	1	1	2	2	1	0	2	1	0	2	1	1	0	2	2	1	0	1
0	0	0	0	0	0	0	0	0	0	0	0	0	0	0	0	0	0	0	0	0	0	1	1	3	1	3	0	0	0	1	1	0	0	0	0	3	0	0	0	0	0	0	1	2	0	1	0	0	0	0	0	0	0	1	0	0	0	0	0	0	0	0	0	1	0	1	0	0	0	0	0	0	0	2	0	0	2	0	1	0	0	0	0	0	0	2	1	0	0	1	0	0	0	0	1	0	0	1	1	0	0	0	0	0	0	0	0	0	0	1	0	0	0	0	0	0	1	1	0	0	0	0	0	0	0	0	0	0	1	0	1	0	0	0	0	0	0	0	0	1	2	2	1	2	0	1	2	4	1	1	0	2	1	0	2	0	0	3	0	2	0	2	0	0	0	0	0	2	0	1	1	2	0	1	2	1	0	2	0	1	0	2	0	1	0	0	0	1	1	4	0	0	3	1	2	0	0	1	3	0	3	3	0	1	1	1	1	1	2	2	0	4	0	0	1	0	1	0	3	3	2	2	1	1	1	1	3	1	1	2	7	2	4	1	4	2	1	2	1	0	0	2	2	4	1	3	1	1	3	0	2	1	2	2	1	3	0	0	1	2	2	1	1	2	1	1	4	2	0	0	1	1	0	0	0	1	2	1	1	0	1	2	0	1	1	2	1	0	2	2	1	2	2	0	1	3	5	4	2	1	6	2	1	1	0	0	1	1	0	3	1	1	2	3	4	13	8	23	5	5	4	3	7	5	1	4	2	4	5	3	0	3	7	14	6	18	6	5	3	1	3	6	12	2	1	6	1	6	2	0	1	1	0	0	2	3	3	1	0	2	3	3	4	2	3	4	1	2	2	5	2	1	3	2	2	11	7	8	24	14	28	21	6	19	6	5	5	2	4	2	2	1	4	1	1	3	1	0	1	2	1	4	5	2	4	2	2	2	0	1	1	2	0	4	6	3	0	3	7	5	1	0	6	20	34	44	16	0	15	5	2	4	2	4	1	4	0	2	0	0	0	0	1	2	0	1	1	1	2	2	4	1	11	6	4	8	3	10	5	4	1	4	2	1	1	1	1	0	1	4	0	1	1	1	6	1	3	0	1	2	0	0	0	0	0	1	0	3
0	0	0	0	0	0	0	0	0	0	1	2	0	1	0	0	0	0	1	0	0	1	0	0	1	1	1	0	3	0	1	0	0	0	0	0	0	0	0	0	1	0	0	0	0	0	0	0	0	0	0	0	0	0	0	0	0	0	0	0	1	0	0	0	2	0	0	0	0	0	0	2	0	0	0	0	0	0	0	0	1	0	0	0	0	0	0	0	0	2	0	0	0	0	0	1	2	0	0	0	0	0	0	1	0	0	0	1	1	0	0	0	0	0	0	0	0	0	0	0	0	0	0	0	0	0	0	0	0	0	0	0	0	1	0	0	1	0	1	1	0	0	2	0	0	1	0	2	0	3	4	3	2	0	0	0	0	1	2	2	1	1	1	0	0	2	1	0	0	0	0	1	1	0	2	0	0	0	0	1	0	2	1	0	0	0	1	0	2	2	0	0	0	0	0	3	1	1	1	1	2	2	0	0	2	1	0	1	1	0	2	2	0	1	0	1	0	0	1	1	2	1	3	2	4	1	2	4	3	4	3	3	3	3	0	2	0	1	0	1	2	0	0	0	0	1	0	0	0	1	0	0	1	2	0	0	0	3	0	0	1	1	0	0	0	0	1	3	0	0	0	0	2	0	0	1	1	3	1	2	1	0	2	1	0	1	1	1	1	1	0	2	0	0	2	4	2	0	1	1	2	3	1	0	0	3	0	0	1	0	3	0	0	1	2	6	2	4	5	2	2	0	1	1	0	5	1	1	2	2	1	0	1	2	3	2	7	1	0	3	0	3	5	5	3	1	1	3	5	2	1	0	1	1	3	2	5	1	1	1	3	0	2	4	1	2	2	3	3	0	5	1	1	4	0	5	2	2	4	7	1	6	6	9	4	8	4	2	7	3	6	1	1	0	1	1	2	0	0	1	3	3	5	5	4	3	4	4	2	0	0	4	2	1	1	1	1	1	3	7	9	13	2	6	15	22	27	19	15	0	13	5	7	4	2	3	0	2	0	1	4	1	2	0	1	2	2	1	2	1	3	4	3	6	9	5	9	5	4	4	5	4	4	4	3	1	1	4	0	2	2	2	3	5	3	2	3	5	4	2	1	2	0	0	1	0	0	1	1
0	0	0	0	0	0	0	1	0	0	0	1	0	0	0	1	0	0	0	0	0	1	1	0	0	0	0	1	0	0	0	0	1	1	0	0	0	1	0	0	0	0	0	0	0	0	0	0	0	0	0	0	0	0	0	0	0	0	0	1	1	2	1	0	0	0	0	0	0	0	0	0	0	1	0	0	0	0	0	0	0	0	0	0	0	0	0	0	0	0	0	1	0	0	1	1	1	0	1	1	1	0	0	0	0	0	0	0	0	0	1	0	0	0	1	0	0	1	1	0	0	0	1	1	0	0	1	0	0	2	1	0	1	0	0	0	0	0	1	0	0	0	1	0	0	0	1	1	1	1	2	0	0	1	0	0	0	1	0	2	0	1	1	0	0	1	1	0	0	2	1	0	0	0	0	0	0	1	0	0	0	1	0	0	1	0	1	0	1	1	1	1	2	1	1	0	0	1	0	0	0	3	0	1	2	0	1	1	0	0	1	1	0	2	0	1	0	0	2	1	1	2	1	0	1	1	1	0	3	1	0	1	1	2	0	0	0	0	0	1	0	0	0	0	0	3	0	0	0	0	0	0	0	1	0	1	1	0	0	2	0	2	2	4	2	0	0	2	0	1	0	0	1	2	0	0	0	1	1	0	0	2	1	0	1	1	0	0	0	1	0	3	2	1	1	0	0	2	0	1	1	0	2	2	1	0	2	0	1	0	0	0	0	0	0	3	1	3	1	5	0	0	2	2	0	1	0	0	0	3	0	1	1	2	2	2	4	1	0	0	0	1	1	2	2	1	3	2	0	2	2	0	1	2	3	1	5	0	1	0	1	2	2	4	3	2	0	2	1	3	2	0	1	4	0	1	0	2	1	4	3	5	8	1	3	3	3	2	7	5	7	4	1	0	1	2	4	5	1	5	6	4	9	7	5	6	13	7	3	2	7	3	0	2	2	3	1	4	6	5	24	20	2	9	6	6	2	3	5	13	0	23	17	2	2	3	1	4	2	1	2	3	1	0	4	5	2	2	0	1	2	2	0	6	8	5	9	5	6	8	3	3	4	6	3	4	6	3	2	1	3	8	0	3	10	15	5	4	6	9	8	1	0	8	2	0	3	2	3
0	0	0	0	0	0	0	0	0	0	0	0	0	0	0	1	1	0	1	0	0	1	1	0	0	1	0	0	0	0	1	2	0	0	0	0	0	0	0	0	1	0	0	1	1	0	0	0	0	0	0	1	1	0	0	0	0	0	1	1	0	1	0	0	1	0	0	1	1	0	0	0	0	0	1	0	0	0	1	0	0	0	1	0	0	0	0	0	1	1	0	0	0	0	0	0	1	0	0	0	0	0	0	0	0	0	0	0	0	1	0	0	1	0	0	0	0	0	0	0	1	0	0	0	0	0	0	0	0	0	1	1	0	0	0	0	0	0	0	0	0	0	0	0	1	0	0	0	4	0	0	2	1	1	0	0	0	1	1	1	3	0	1	0	0	0	0	0	0	0	0	0	0	1	1	0	0	0	0	0	0	1	1	0	2	0	1	1	2	2	0	0	0	0	0	0	0	1	0	1	0	1	0	3	0	0	0	0	0	1	0	0	1	0	1	2	0	1	1	1	1	1	2	0	0	0	0	0	1	0	0	0	0	1	0	1	0	0	0	0	0	1	0	0	0	1	0	1	0	0	0	0	1	0	0	0	0	1	0	3	0	0	2	0	1	0	0	0	0	0	0	1	0	0	0	0	0	3	0	1	0	1	0	2	0	0	0	0	0	0	0	2	1	2	0	1	0	0	2	4	2	0	2	2	0	1	1	0	0	0	0	0	1	0	1	2	3	1	1	1	2	1	1	1	1	0	1	0	0	0	0	0	2	2	1	0	2	0	0	1	0	1	2	0	1	0	2	0	4	1	3	0	0	0	3	1	2	2	1	0	1	1	1	2	2	1	2	2	0	1	1	2	0	4	1	0	1	1	2	3	4	2	2	0	3	2	2	2	1	3	2	3	3	1	1	2	2	0	0	1	3	3	0	2	5	11	4	3	1	0	0	3	5	1	2	1	5	2	4	6	7	9	3	2	5	4	4	2	2	5	23	0	11	5	6	5	5	2	3	0	3	3	4	4	7	2	2	2	0	1	2	2	1	0	4	4	6	4	3	4	0	2	0	10	8	9	12	5	3	5	1	5	4	8	5	11	6	15	14	20	10	5	5	3	1	2	2	6	4
0	0	0	0	0	0	0	1	0	0	0	0	0	0	0	0	0	1	0	0	0	0	0	1	0	0	0	0	0	1	0	0	0	1	0	0	0	0	0	1	0	1	0	0	1	2	0	0	1	0	0	0	0	0	1	0	0	0	0	1	1	0	1	0	0	0	0	0	0	0	0	0	0	1	1	0	0	2	0	0	0	1	0	1	0	1	0	0	0	0	1	0	0	0	0	0	0	0	0	0	1	0	0	0	0	2	0	1	1	1	1	0	0	0	0	0	0	0	0	0	0	0	1	0	0	0	0	0	0	1	0	0	0	0	0	0	0	0	0	1	0	0	1	0	0	2	1	1	0	2	1	1	0	0	0	0	0	0	0	0	1	0	0	0	0	0	0	0	1	0	0	1	0	1	0	1	0	0	1	0	0	0	1	0	0	0	2	0	0	0	1	0	0	1	3	0	2	1	0	1	0	0	0	0	1	0	1	0	0	0	0	1	0	0	1	0	0	1	0	0	0	2	1	0	3	0	1	2	0	0	0	0	0	2	0	0	0	0	1	1	0	0	0	0	0	1	0	0	0	0	0	1	0	0	1	0	0	1	0	1	0	1	1	0	2	1	1	0	0	0	0	0	1	0	1	0	1	0	1	1	0	0	1	0	1	0	2	2	0	0	4	2	2	0	1	2	2	0	2	1	1	4	0	2	2	2	2	2	1	0	0	0	2	1	2	2	0	3	2	4	3	2	1	1	4	4	0	1	0	3	0	1	0	3	3	1	1	1	1	2	1	0	0	0	3	1	3	3	4	4	5	2	2	3	3	1	1	2	0	2	4	3	6	5	2	2	1	4	1	2	0	1	0	0	2	2	4	1	2	1	1	1	3	2	3	3	2	1	3	2	1	5	1	1	0	2	1	3	1	4	7	4	7	5	8	15	11	15	1	3	2	3	3	1	4	3	2	3	9	11	26	26	9	11	3	7	1	7	4	7	17	11	0	11	12	8	8	4	3	2	3	4	5	5	10	5	2	2	2	2	1	1	1	6	4	0	5	13	1	5	4	7	1	4	3	3	10	4	2	5	2	2	6	18	17	38	20	84	18	4	4	10	3	3	2	2	4	3	9
0	0	0	0	0	0	0	0	1	0	0	0	0	1	0	0	0	0	0	1	1	0	1	0	0	1	0	0	0	3	0	0	0	0	0	0	0	0	0	0	0	0	0	1	0	0	0	0	0	0	0	0	0	2	0	0	1	0	0	0	1	0	0	0	0	0	1	0	0	0	2	0	0	1	0	0	0	0	0	0	0	0	0	0	0	0	0	0	0	0	1	0	0	0	0	0	0	2	0	0	0	1	1	1	1	1	0	1	0	0	0	0	0	1	0	0	0	0	0	0	0	0	1	0	0	0	0	0	0	0	0	0	0	0	0	1	0	0	0	0	0	0	0	0	1	0	0	0	0	2	1	0	1	0	1	0	0	0	1	1	1	0	1	0	0	0	1	0	0	1	1	0	0	0	0	0	0	0	0	0	0	1	0	0	0	0	1	0	1	0	0	1	0	0	0	0	1	1	0	1	1	0	1	0	0	1	0	1	0	1	1	0	0	1	1	0	0	0	0	0	2	0	0	0	2	1	0	1	0	1	0	2	1	1	0	1	1	0	0	1	0	0	0	0	0	1	0	0	0	0	0	0	0	0	2	1	0	0	0	1	1	0	0	0	0	2	1	0	2	1	0	1	0	1	0	0	1	0	1	0	0	2	0	1	0	1	1	0	2	0	0	0	0	1	0	0	0	1	0	3	1	4	0	1	3	0	0	2	2	0	0	0	2	1	0	1	1	1	1	1	0	0	2	2	0	3	3	0	3	1	2	1	1	2	0	0	1	1	1	2	0	1	0	0	3	0	1	3	2	0	4	0	0	1	4	1	2	3	2	2	4	3	2	9	3	1	4	4	0	2	3	3	1	3	1	1	0	1	0	1	1	2	2	2	0	1	1	1	0	1	3	1	6	0	0	0	2	4	2	4	8	10	2	3	3	21	16	7	7	6	1	2	4	1	1	2	4	5	4	5	15	6	17	10	5	3	0	0	2	4	2	5	11	0	112	37	17	10	5	2	5	0	4	5	4	2	1	0	3	3	1	3	1	1	0	1	2	2	2	2	3	4	3	4	2	0	4	1	2	2	2	7	2	4	10	7	14	12	6	4	7	6	2	2	1	5	4	3	22
0	0	0	0	0	0	0	1	0	0	0	0	0	0	0	0	0	0	0	0	0	0	0	0	0	0	0	0	1	0	0	1	0	0	0	0	0	0	0	0	1	0	0	1	1	0	0	0	0	0	0	0	0	0	0	0	0	1	0	1	0	0	0	0	0	1	0	0	0	0	0	0	0	0	0	0	0	0	0	0	0	0	0	0	0	0	0	0	0	0	0	0	0	1	0	0	0	0	1	0	0	0	0	0	0	0	0	0	0	0	0	1	0	0	0	0	0	0	0	0	0	0	0	0	0	0	0	0	0	0	1	0	1	0	0	0	1	0	0	0	0	0	0	0	0	2	0	1	0	1	0	0	1	1	0	0	0	0	1	0	1	0	0	0	0	1	0	0	0	0	1	0	0	0	0	0	0	0	1	0	0	0	0	0	0	0	0	0	0	1	1	0	0	0	1	0	0	1	1	1	2	0	0	0	1	0	0	0	0	1	0	1	1	0	0	0	0	0	1	0	0	0	1	1	0	0	0	0	0	0	0	0	1	0	2	0	0	0	1	0	0	0	0	0	0	1	0	1	0	1	0	0	0	0	0	1	0	1	0	0	0	0	0	0	1	0	1	1	0	1	0	0	1	0	1	0	0	0	1	0	0	1	0	0	0	1	1	1	0	0	0	0	0	0	0	1	1	2	0	1	3	2	1	1	0	0	1	1	1	0	0	0	0	0	1	1	0	1	1	0	3	2	0	1	0	1	1	0	0	1	0	1	0	0	1	2	1	0	2	1	0	0	1	0	2	2	3	1	2	0	2	1	2	3	0	2	4	2	0	3	4	0	4	8	1	2	2	2	2	1	0	3	1	0	3	0	0	1	1	2	3	3	1	2	1	0	0	0	0	3	0	0	3	1	3	0	1	1	1	3	4	10	8	5	8	21	22	8	5	4	5	2	3	3	2	2	1	2	3	5	6	8	9	6	3	4	1	2	4	2	2	6	12	112	0	256	33	20	7	5	10	10	10	5	8	2	2	3	1	3	1	0	1	1	3	2	1	2	2	5	3	1	1	3	3	3	7	4	2	3	4	3	11	6	7	15	17	16	3	4	3	4	7	2	4	4	5	7	61
0	0	0	0	0	0	0	0	0	1	0	0	0	0	0	0	0	0	1	0	0	0	0	0	0	1	0	0	0	0	0	0	0	0	0	0	1	0	0	0	0	0	0	0	0	0	0	0	0	0	0	0	0	0	0	0	0	0	0	1	0	0	0	0	1	0	0	0	0	0	1	0	0	0	0	0	0	0	0	0	0	0	1	0	0	0	1	0	0	0	0	1	0	0	0	1	0	0	0	0	0	0	0	0	0	0	0	0	0	1	0	1	0	1	0	0	0	0	0	0	0	0	0	0	0	0	0	0	0	0	0	0	0	0	0	0	0	0	0	0	2	0	1	0	0	0	0	0	0	1	1	1	1	0	0	0	0	0	0	2	0	0	1	1	0	0	0	0	1	1	1	1	0	0	0	0	0	0	0	0	0	0	0	0	0	0	0	0	0	0	2	0	0	0	0	1	0	0	0	0	1	0	2	0	0	0	0	0	0	1	0	0	1	0	0	1	0	1	0	1	0	0	1	1	1	0	0	0	0	0	1	0	1	0	1	0	1	0	0	0	0	0	0	0	1	0	0	0	1	0	1	1	1	2	0	0	0	0	0	1	1	0	2	0	0	0	0	0	0	2	1	0	0	1	0	0	0	1	1	0	0	3	1	1	1	2	0	0	0	0	0	0	2	1	1	0	0	0	1	0	0	1	1	0	1	0	2	0	0	0	0	0	0	2	0	1	2	2	0	1	0	0	0	1	1	1	0	0	2	0	0	1	0	1	1	2	1	0	0	0	0	0	0	0	3	1	0	2	2	4	1	1	2	1	1	4	0	2	1	2	2	1	2	4	1	3	7	1	3	0	0	0	1	2	1	0	0	2	1	2	0	1	0	0	1	3	2	1	2	0	0	2	3	1	0	2	2	0	4	0	9	6	8	1	5	14	4	2	1	2	3	2	1	1	0	1	2	3	3	6	9	5	6	3	2	1	2	0	1	3	3	5	8	37	256	0	48	35	7	6	9	7	9	12	7	6	2	0	1	1	0	4	1	1	2	3	4	0	0	1	1	2	2	4	5	3	6	1	5	4	2	7	11	6	6	9	18	24	3	2	7	8	3	6	1	8	12	12	150
0	0	0	0	0	0	0	0	0	0	0	1	0	0	0	0	0	0	0	0	0	1	0	0	1	0	0	0	0	0	0	0	0	1	0	0	0	0	0	0	0	0	0	0	0	0	0	0	0	0	0	0	1	0	0	0	0	0	0	0	0	0	0	0	0	0	0	0	0	0	0	1	0	0	0	0	0	0	0	0	0	0	0	0	0	0	0	0	1	0	0	0	0	0	0	0	0	0	0	0	0	0	1	0	0	0	0	0	0	0	0	0	0	0	0	0	0	1	0	0	0	0	0	0	0	0	0	0	1	0	0	0	0	1	0	0	0	0	0	0	0	0	0	1	0	0	0	0	0	1	0	0	0	1	0	0	0	0	1	1	0	0	0	0	0	0	0	0	0	0	0	0	0	0	0	1	0	0	1	0	0	2	0	0	0	0	0	0	0	0	0	0	2	0	0	0	0	0	3	0	0	1	0	1	0	0	0	0	0	0	0	0	0	0	1	1	0	1	0	0	0	0	0	1	1	0	1	0	2	0	0	0	1	1	0	0	0	1	0	0	0	0	0	0	0	1	1	0	1	0	0	0	1	1	0	0	0	0	1	0	0	1	0	1	0	0	0	0	0	0	1	0	0	0	0	3	0	1	0	2	2	0	0	0	1	0	2	1	0	2	0	4	1	0	0	1	0	0	0	1	1	0	1	0	0	1	1	0	1	0	0	1	0	1	0	4	1	1	0	1	1	1	1	1	0	0	0	0	0	0	0	0	0	0	2	1	0	1	1	1	1	0	0	0	2	2	2	1	1	0	3	0	2	3	0	0	0	5	1	3	0	5	0	2	2	1	3	0	3	1	0	0	1	0	0	0	2	0	1	0	0	0	0	1	1	0	1	0	1	0	0	6	0	2	0	4	2	1	3	4	1	4	4	2	4	10	5	3	5	5	2	2	1	0	1	0	4	0	2	4	2	3	4	1	2	2	1	0	4	0	1	5	8	17	33	48	0	58	14	9	12	13	5	3	8	4	2	3	1	1	6	2	1	0	1	1	0	2	1	1	1	1	2	0	4	0	4	2	3	4	1	4	8	5	5	5	14	8	2	4	6	5	4	4	4	8	6	19	41
0	0	0	0	0	0	0	0	1	0	0	0	0	0	0	0	0	0	0	0	1	1	0	1	0	0	0	0	0	0	0	0	0	0	0	0	0	1	0	0	0	0	0	0	0	0	0	0	0	0	0	0	0	0	0	1	1	0	0	0	0	0	1	0	0	0	0	0	0	0	0	0	0	0	0	1	1	0	0	0	0	0	0	0	0	0	0	0	0	0	1	0	0	0	0	0	0	0	0	0	1	0	0	0	0	0	0	0	0	0	0	0	0	0	0	1	0	0	0	0	0	0	0	0	0	0	0	0	0	0	0	0	0	0	0	1	0	0	0	0	0	0	0	1	1	0	0	1	0	2	0	1	0	0	0	0	0	0	0	1	1	2	0	0	0	0	1	0	0	0	0	0	0	0	0	0	1	0	1	0	0	0	0	1	0	0	0	0	0	0	1	0	0	0	1	0	1	0	0	1	0	2	0	0	1	1	0	0	0	1	0	0	0	0	0	0	1	0	0	1	0	0	1	0	0	0	0	0	1	0	0	0	0	0	0	0	0	0	0	1	0	0	0	1	0	1	0	0	0	0	0	0	1	0	1	0	0	0	1	0	1	2	1	3	0	0	0	0	0	0	0	0	0	0	1	0	0	0	0	0	0	0	0	0	1	0	0	0	0	0	0	1	1	1	0	0	0	0	1	1	0	0	0	1	0	2	0	0	0	1	0	2	2	0	0	0	0	0	0	1	0	1	1	0	2	1	0	0	0	0	1	0	0	1	0	1	1	0	0	3	0	0	0	0	1	1	1	1	1	0	3	2	0	2	1	0	3	0	2	1	1	3	4	3	4	0	1	1	0	0	0	0	0	0	1	3	1	0	1	1	0	1	1	0	2	1	1	0	1	0	0	2	2	2	2	1	1	0	1	3	7	2	1	2	0	9	2	5	3	4	2	1	1	2	2	1	1	1	4	1	3	3	1	2	1	1	1	0	0	2	4	2	4	10	20	35	58	0	40	16	19	14	10	9	4	1	4	1	1	3	1	0	0	1	0	0	1	1	2	3	0	4	0	6	0	3	5	4	5	4	1	3	15	7	6	4	11	10	4	1	5	15	11	13	4	13	8	32	41
0	0	0	0	0	0	0	0	0	0	0	0	0	0	1	0	0	0	0	0	0	0	0	0	0	0	0	0	0	0	0	0	0	0	0	0	1	0	0	0	0	0	0	0	1	0	0	0	0	1	0	0	0	0	0	0	1	0	0	0	0	1	0	0	0	0	1	0	0	0	0	0	0	0	0	0	1	0	0	0	0	0	0	0	0	0	0	1	0	0	0	0	0	0	0	0	0	0	0	0	0	0	2	0	0	0	0	0	0	0	1	1	0	0	0	0	1	0	0	0	0	0	0	0	0	0	0	0	0	0	0	0	0	1	0	0	0	1	0	0	0	0	0	0	0	0	1	0	1	0	0	2	0	0	0	0	1	0	0	0	0	0	0	0	0	0	0	0	0	0	0	0	0	0	0	0	0	0	1	0	0	0	0	1	0	0	0	0	0	0	0	0	0	0	1	0	0	0	0	1	0	0	1	0	0	1	0	0	0	0	0	0	0	1	0	0	0	1	0	1	1	1	0	0	0	0	0	1	0	0	0	0	1	0	0	0	0	0	0	0	0	0	0	0	0	0	0	0	0	1	0	1	0	1	0	1	1	0	1	0	0	0	0	1	1	0	0	1	0	1	0	0	1	1	2	0	0	0	0	1	0	1	1	0	0	0	2	0	0	1	0	1	0	0	1	1	1	2	0	0	1	0	0	1	0	0	0	1	1	0	0	0	0	0	2	0	0	0	0	2	0	0	1	0	1	0	0	0	0	0	0	0	0	0	0	0	0	0	0	1	1	0	0	0	0	0	0	0	1	1	0	1	1	0	1	0	0	1	0	2	1	1	1	1	0	0	2	1	0	0	0	0	0	0	0	0	0	0	2	0	1	1	1	0	0	1	1	0	0	0	1	1	1	1	0	3	2	2	0	1	5	1	1	2	3	2	3	0	4	3	2	1	0	2	0	1	0	3	1	2	3	4	2	1	0	0	0	0	2	0	2	3	3	5	7	7	14	40	0	94	28	12	8	9	2	1	2	2	1	1	0	1	0	0	2	1	1	1	0	1	1	4	2	1	3	1	3	0	7	2	5	5	4	6	4	2	7	6	4	1	2	9	7	17	18	18	8	28	12
0	0	0	0	0	0	0	0	1	1	0	0	1	0	0	0	0	0	0	0	0	0	0	1	1	1	1	0	0	0	0	0	0	0	0	0	1	1	0	0	0	0	0	0	0	1	0	0	0	0	0	0	0	1	1	0	0	0	0	0	0	0	0	0	0	0	0	0	0	0	0	0	0	0	0	0	0	0	0	0	0	0	0	0	0	0	0	0	0	0	0	0	0	0	0	0	0	0	0	0	0	1	0	0	0	0	0	0	0	0	1	0	0	0	0	0	0	0	1	0	0	0	0	0	0	0	0	0	0	0	0	0	0	0	0	0	0	0	0	1	0	0	0	1	0	0	0	0	0	0	0	0	0	1	0	0	0	0	1	1	0	0	0	1	0	0	0	0	0	0	0	0	0	0	0	1	0	1	0	2	0	0	1	0	0	0	0	0	0	0	0	1	0	0	0	0	0	0	0	0	0	1	0	0	0	0	0	0	0	0	0	0	0	0	0	0	0	1	0	0	0	0	0	1	0	1	0	2	1	0	1	1	0	1	0	0	0	0	0	0	0	1	0	0	0	1	0	0	0	0	0	0	0	0	0	0	0	1	1	0	0	0	0	0	0	0	0	0	1	0	0	0	0	1	1	0	0	0	2	0	1	1	0	0	0	0	0	2	0	0	0	0	0	0	1	1	0	0	0	1	0	0	0	2	2	0	0	0	1	1	1	0	0	0	0	0	0	0	0	0	1	1	0	0	2	0	1	0	1	0	0	1	0	0	1	0	0	0	0	0	2	0	1	0	0	0	1	1	1	1	1	0	0	1	1	0	1	1	1	0	4	1	0	1	0	0	0	0	1	1	0	1	0	0	0	0	1	0	0	1	0	0	0	0	1	0	0	2	2	1	0	3	1	0	2	1	1	1	1	1	2	1	1	0	4	2	0	2	1	2	0	0	1	0	0	0	1	3	2	1	1	1	0	1	3	1	2	1	0	1	1	0	2	2	5	6	9	16	94	0	16	8	8	4	3	2	3	1	0	1	0	0	0	1	0	2	0	0	1	1	1	1	6	2	2	4	6	4	5	4	3	2	4	1	4	1	5	6	4	4	5	12	26	17	18	19	5	24	8
0	0	0	0	0	0	0	0	1	0	0	0	0	0	0	0	0	0	0	1	0	0	0	0	0	1	0	0	0	0	0	0	0	0	1	0	0	0	0	0	0	0	0	0	0	0	0	0	0	1	0	0	0	0	0	0	1	0	0	0	1	0	0	0	0	0	0	0	0	0	0	0	2	1	0	0	1	0	0	0	0	0	0	0	0	0	1	0	0	0	0	0	0	0	2	0	1	0	0	1	0	0	0	0	0	1	0	0	0	0	0	1	0	0	0	1	0	0	0	0	0	2	1	0	0	0	0	0	0	0	0	0	0	0	0	0	0	0	0	1	0	0	0	0	0	0	0	0	0	0	3	1	1	0	0	0	0	0	1	0	0	0	1	0	0	0	0	0	0	0	0	0	0	0	1	0	0	1	0	0	1	0	0	0	0	0	1	0	0	2	0	0	1	0	0	0	0	0	1	0	0	1	0	1	1	0	0	0	0	0	0	0	1	1	0	1	0	0	0	0	0	1	0	0	1	0	0	1	0	1	0	0	1	0	0	2	0	0	1	0	0	1	0	2	2	2	0	0	0	0	0	0	0	0	1	0	1	0	0	0	0	1	0	0	0	1	0	0	0	0	0	0	0	1	0	0	1	1	0	0	1	0	0	0	0	0	0	1	1	1	1	0	1	1	0	1	0	2	2	0	0	2	0	3	3	0	0	2	2	0	0	1	0	2	0	2	3	0	0	1	0	0	1	1	1	1	0	1	0	2	0	0	0	1	0	0	0	0	1	1	0	1	1	2	1	1	1	2	1	3	5	0	1	3	3	0	0	0	2	2	1	2	0	4	2	1	2	4	0	0	0	2	1	1	0	0	0	0	0	0	0	2	0	1	2	2	1	3	1	1	3	3	1	0	3	4	2	2	2	3	2	5	2	0	0	2	4	5	4	0	4	1	3	1	2	1	0	5	3	4	2	2	2	3	2	0	1	0	0	4	2	3	3	5	10	9	12	19	28	16	0	38	25	9	9	6	1	2	1	0	4	1	0	0	0	2	1	1	0	2	1	4	2	1	3	7	5	2	6	6	13	15	10	10	3	11	8	10	9	8	11	21	17	47	22	35	7	34	15
0	0	0	0	0	0	0	0	0	0	0	0	1	0	0	0	0	0	0	0	0	0	0	0	0	1	1	1	1	1	0	1	1	0	1	0	0	0	0	0	0	0	0	0	0	1	0	0	0	0	0	0	0	0	0	0	0	0	0	0	1	0	0	0	0	0	0	1	0	0	0	0	0	0	1	0	0	0	0	0	0	0	0	0	0	0	0	0	0	0	1	0	0	0	0	0	0	0	1	0	0	0	0	0	0	0	0	1	0	1	0	0	0	0	0	0	0	0	0	1	0	0	0	0	1	0	0	0	0	0	0	0	0	0	0	0	0	0	0	0	0	0	1	0	0	0	1	0	0	0	0	0	0	1	1	1	0	1	1	0	0	0	0	0	0	0	0	0	1	0	0	0	0	0	0	0	0	1	0	1	0	0	0	0	0	1	0	0	0	0	0	0	0	2	0	0	0	1	0	0	0	1	0	0	0	0	0	0	1	0	1	0	0	1	0	2	0	1	0	0	0	1	0	0	1	0	0	0	1	0	0	0	0	1	1	2	0	1	0	0	0	0	1	0	0	0	0	0	0	0	0	0	1	0	0	0	2	0	1	1	1	1	0	0	0	0	1	0	2	0	0	0	1	0	0	0	1	0	0	2	0	1	2	0	0	0	0	2	0	0	3	1	0	0	0	0	1	1	0	1	2	1	0	4	0	0	1	1	0	0	0	0	0	0	1	0	2	2	4	0	1	4	0	1	0	0	1	0	1	1	0	1	1	0	0	0	2	0	0	1	1	1	1	2	1	2	2	0	1	1	2	0	3	3	0	0	2	0	6	0	0	2	0	0	1	4	1	1	0	0	0	1	1	0	1	1	1	0	0	1	1	1	1	1	0	1	1	1	2	2	0	6	0	1	1	4	0	1	7	4	5	3	3	2	2	9	4	0	14	4	3	2	1	3	0	2	1	1	3	6	1	1	1	2	0	0	1	1	0	1	3	3	4	0	10	7	13	14	12	8	38	0	52	55	30	12	1	6	1	3	2	2	0	1	3	0	2	1	1	2	2	2	3	2	2	5	6	4	20	12	10	8	27	5	14	7	15	3	4	7	6	4	8	16	27	149	22	63	11
0	0	0	0	0	0	0	0	0	1	0	1	0	0	0	0	0	1	1	0	0	0	0	0	0	0	0	0	0	0	0	0	0	0	0	0	0	0	0	0	1	0	0	0	0	0	0	0	0	0	0	0	0	0	0	0	0	0	0	0	0	0	0	0	0	1	0	0	0	0	0	0	0	1	0	0	0	0	0	0	0	0	0	0	0	0	1	0	0	1	0	0	0	0	0	1	0	0	0	1	0	0	0	0	0	0	0	0	0	0	0	0	0	0	2	0	0	0	0	0	0	0	0	0	0	0	0	0	1	0	0	1	0	0	0	0	0	0	0	1	0	0	1	0	0	0	1	0	0	1	1	0	1	1	0	0	0	0	1	0	1	2	0	1	0	0	0	0	0	1	0	1	0	1	1	0	0	0	1	0	2	0	0	0	1	0	1	0	0	1	0	1	0	0	0	0	0	0	1	0	0	0	0	0	0	1	1	0	1	0	1	0	1	1	1	1	0	0	0	0	0	0	0	0	1	1	0	1	0	0	0	0	0	0	0	0	1	0	0	0	0	0	0	0	1	0	0	0	0	0	0	0	0	0	0	1	1	0	2	1	0	0	2	0	0	1	0	3	0	0	0	0	2	0	0	1	1	2	1	0	1	1	0	0	1	0	0	0	1	1	0	0	1	3	1	1	1	0	1	2	4	2	0	3	0	1	1	1	0	1	2	0	0	0	2	1	0	1	2	0	0	1	4	1	1	0	0	1	0	0	1	0	2	0	2	2	0	0	0	0	0	0	0	0	0	3	0	0	0	2	2	2	1	1	5	4	0	0	0	1	1	5	1	1	0	2	0	2	0	1	3	0	0	0	2	1	0	0	0	1	1	1	0	0	1	3	1	0	4	1	5	9	4	3	1	6	4	2	4	2	6	7	5	4	1	6	3	9	10	2	11	13	4	5	1	2	3	5	3	4	3	4	3	0	3	1	1	1	0	2	1	4	5	4	10	9	5	10	8	8	25	52	0	184	67	27	4	6	3	3	3	1	2	2	1	0	3	4	2	3	4	3	4	5	4	18	14	14	44	20	27	45	42	25	25	10	13	13	5	3	6	5	2	8	10	24	14	16	6
0	0	0	0	0	0	0	1	1	0	0	0	0	0	0	0	0	0	0	1	1	0	0	0	1	0	0	1	0	0	0	0	0	0	0	0	0	0	1	1	0	0	0	0	1	0	0	0	0	0	0	0	0	0	0	0	1	1	0	1	0	1	0	0	0	0	1	0	0	0	1	1	0	0	0	0	0	0	0	0	0	0	0	0	0	0	0	0	0	0	0	0	0	2	0	0	0	0	0	0	0	1	0	0	0	0	0	0	0	0	0	0	0	0	0	0	0	0	0	0	0	0	0	0	0	0	1	0	0	0	0	0	1	0	0	0	0	0	1	0	0	0	0	0	0	2	0	1	0	2	0	0	1	2	0	0	0	0	0	0	0	1	0	0	0	0	0	0	1	0	0	0	0	0	0	0	0	0	0	0	0	0	0	0	1	0	1	1	0	0	0	0	1	1	0	0	0	0	1	0	0	1	0	1	0	0	0	1	0	0	1	0	1	1	0	0	0	0	0	1	1	0	0	2	0	0	0	1	0	1	0	0	0	1	0	1	0	0	0	0	0	1	0	0	2	0	2	0	0	0	0	0	0	0	0	0	2	0	1	1	0	2	2	0	0	0	0	0	1	0	0	0	1	0	0	0	3	1	1	1	0	0	0	0	0	1	1	0	2	1	0	0	1	0	1	2	0	0	1	1	1	6	2	2	1	1	3	1	1	0	2	0	1	0	0	0	2	0	0	1	0	2	0	1	0	3	0	0	0	1	0	0	0	0	0	1	0	0	0	0	0	1	2	0	1	0	0	0	2	1	1	1	2	5	4	0	1	1	0	3	4	2	1	2	1	3	1	1	3	1	2	0	0	1	0	0	0	2	1	0	0	0	0	2	1	3	1	1	2	2	1	7	5	4	5	11	2	4	10	4	13	4	7	3	1	4	5	10	21	8	11	4	3	4	4	6	3	4	4	4	0	2	1	2	1	0	1	1	1	0	0	4	5	5	5	12	3	9	9	4	9	55	184	0	27	23	7	3	0	4	1	2	1	0	2	0	1	1	1	2	1	5	3	5	8	13	17	8	46	23	16	18	34	21	13	7	12	6	3	4	6	1	7	6	11	32	29	16	6
0	0	0	0	0	0	0	0	0	0	0	0	0	0	0	0	0	1	0	0	0	0	0	0	0	0	0	0	0	1	0	1	1	0	1	1	0	0	0	1	0	1	0	0	0	0	0	0	0	0	0	0	0	1	0	0	0	1	1	1	1	0	1	0	2	0	0	0	0	0	2	0	0	0	0	0	0	0	1	0	0	1	0	0	1	0	0	0	0	0	0	0	0	0	0	0	0	0	0	0	0	0	0	1	1	0	0	0	0	0	0	1	0	0	0	0	0	0	0	0	0	0	2	0	0	0	0	1	2	0	0	0	0	0	0	0	0	0	0	0	0	0	1	0	0	0	0	0	0	1	2	2	1	1	0	0	0	0	0	1	0	0	0	0	0	0	0	0	1	0	0	0	0	0	0	0	0	0	0	0	0	0	0	0	1	0	0	1	2	0	0	0	0	0	0	0	0	1	0	0	0	1	0	0	0	0	0	0	1	0	0	0	0	0	1	0	0	0	0	0	1	0	3	1	0	0	0	0	0	0	0	0	1	0	1	0	0	1	0	0	0	0	0	0	2	1	0	1	0	0	0	0	1	1	0	1	0	2	1	0	0	1	0	0	0	2	0	1	1	1	0	0	1	0	1	0	0	0	0	0	0	1	1	1	2	0	1	0	0	0	1	0	0	2	0	0	0	2	0	1	2	4	2	1	0	4	3	2	1	0	0	0	0	2	0	2	0	0	1	1	1	2	2	2	2	1	0	2	2	1	0	0	0	0	1	1	2	2	0	0	0	1	0	0	0	3	0	0	1	0	4	0	1	2	1	1	4	3	1	1	3	1	0	2	1	3	1	1	0	2	3	0	1	0	1	0	0	0	1	2	0	1	1	1	1	2	2	1	2	1	5	15	4	1	0	8	4	1	11	7	8	7	11	2	4	12	7	18	12	3	11	6	3	3	0	5	3	7	9	5	7	3	1	1	0	2	1	1	2	1	4	7	10	4	8	7	8	4	2	3	9	30	67	27	0	20	6	1	1	2	7	2	3	0	2	3	4	4	5	2	5	5	6	8	8	19	42	12	13	9	10	68	66	119	83	34	38	31	12	6	5	2	7	7	8	9	6	7	8
0	0	0	0	0	0	0	0	0	0	0	1	0	0	0	0	0	0	1	0	1	0	0	0	0	0	0	0	1	0	0	0	0	0	0	0	0	0	0	0	1	0	0	0	0	0	0	0	0	0	0	0	0	0	0	0	0	1	1	0	1	0	0	0	0	1	0	0	0	0	0	0	0	0	0	0	0	0	0	1	0	0	0	0	0	1	1	0	0	0	1	0	0	1	1	0	1	0	0	0	0	0	0	0	0	1	0	1	0	1	0	0	0	0	0	0	0	1	0	0	0	0	0	0	0	0	0	0	0	0	0	0	1	0	0	1	0	0	1	0	0	1	0	0	0	1	0	1	1	0	1	0	0	0	1	0	0	0	0	0	0	1	0	0	1	0	0	0	0	0	0	0	0	1	1	0	0	1	0	0	0	1	0	0	0	1	0	0	0	0	2	0	0	0	0	0	1	0	0	1	0	1	1	1	0	2	0	0	0	0	1	0	0	1	0	1	0	0	0	0	1	0	0	0	1	1	0	1	0	0	0	0	0	0	0	0	0	0	1	1	1	0	0	0	1	0	0	0	0	0	0	1	0	1	1	0	0	0	0	0	0	0	0	0	2	0	1	1	0	0	1	0	1	0	1	1	0	2	0	0	1	1	1	0	0	1	1	0	1	0	0	1	1	0	0	0	0	3	1	2	0	2	2	1	0	2	1	0	1	2	0	2	0	1	1	1	2	1	3	4	2	2	1	1	0	1	1	0	0	1	1	0	4	0	0	0	1	0	1	0	1	1	1	1	0	2	0	1	2	1	2	3	2	3	1	1	0	1	3	2	3	6	5	2	4	0	0	1	1	1	1	0	1	2	3	0	1	1	0	0	0	1	1	2	4	0	2	2	3	1	1	37	8	3	6	14	3	9	7	6	2	1	1	3	2	5	5	9	12	13	21	12	15	5	1	3	2	4	1	3	2	1	4	0	2	3	2	0	0	2	5	2	5	2	2	6	4	1	1	2	6	12	27	23	20	0	11	18	5	7	8	3	3	0	1	2	4	4	2	2	5	5	4	8	14	16	11	27	41	12	33	28	25	15	19	4	12	6	3	3	0	2	0	1	3	9	9	6	4
0	0	0	0	0	0	0	0	1	0	1	0	0	0	0	0	0	0	0	0	0	0	0	1	0	0	0	0	0	0	0	0	0	0	0	0	0	1	0	0	0	0	0	0	0	0	0	0	0	0	0	0	0	0	1	0	0	0	0	0	0	0	0	2	0	0	1	0	1	0	0	0	0	0	0	0	0	0	1	0	0	0	0	1	0	0	1	0	0	0	0	0	0	0	0	0	0	0	0	0	1	0	0	0	0	0	0	1	0	0	0	0	0	0	1	0	0	0	0	1	0	0	0	0	0	0	0	0	0	0	0	0	0	0	1	0	0	0	1	0	0	0	0	0	0	1	0	0	1	0	1	1	0	1	0	0	1	0	2	0	0	0	0	0	0	0	1	0	0	0	0	0	0	0	0	1	1	0	0	1	1	0	1	0	0	0	0	0	0	1	0	0	0	1	0	0	0	0	1	0	0	1	0	0	1	0	0	0	0	0	0	1	0	1	1	0	0	1	1	0	1	1	1	1	1	0	1	0	0	0	0	1	0	0	0	0	0	1	0	0	0	1	0	0	0	0	0	0	1	0	0	0	0	1	0	1	0	1	0	2	0	1	2	1	0	3	1	1	2	1	0	1	2	0	2	0	0	0	1	0	1	1	0	0	0	1	1	0	0	0	1	0	0	0	0	1	1	4	0	2	0	3	4	2	1	3	1	1	1	0	0	1	3	2	2	1	1	0	3	1	2	1	1	2	1	0	0	0	0	0	0	1	1	0	0	0	0	0	0	0	0	0	0	0	2	0	1	0	1	0	1	1	3	1	1	2	0	1	1	4	4	0	1	2	0	1	0	1	0	1	2	1	0	0	0	0	0	2	0	1	0	0	2	3	0	3	2	3	12	6	11	8	8	7	2	7	8	5	6	2	5	2	3	0	3	1	2	2	5	4	7	12	20	9	4	4	5	0	4	3	3	2	0	2	0	1	1	0	1	2	2	2	2	1	2	2	2	4	2	3	1	1	4	7	6	11	0	38	12	12	7	1	3	3	4	1	2	3	2	3	1	6	4	3	6	11	5	20	12	10	17	6	4	4	5	5	2	0	1	1	1	0	2	2	4	5	2	1	4
0	0	0	0	0	0	0	0	1	0	2	0	0	0	0	0	1	0	0	0	0	0	1	0	0	0	0	0	0	0	1	0	0	0	0	0	0	0	0	0	0	0	0	0	1	0	0	0	0	0	0	0	0	0	1	0	0	1	1	0	1	0	1	0	0	1	0	1	0	0	0	0	0	0	0	0	0	2	0	0	1	0	0	0	0	0	0	1	0	0	0	0	2	0	1	0	1	0	0	0	1	0	0	0	0	0	0	0	0	0	0	0	0	0	1	0	0	0	0	0	0	0	0	0	0	0	0	0	0	0	0	0	0	1	1	0	0	0	0	0	0	1	0	0	0	0	0	0	0	1	0	0	1	1	0	0	1	0	0	1	0	1	0	0	0	1	0	0	0	1	0	0	0	0	0	1	0	0	0	0	1	0	0	0	0	1	0	1	0	1	0	0	1	0	0	0	0	0	1	0	0	1	0	0	0	1	0	0	2	0	1	0	1	2	0	0	0	0	0	1	0	0	1	0	0	0	0	0	0	1	0	0	1	1	0	0	0	0	1	0	0	0	0	0	0	0	1	0	1	1	0	0	0	0	0	0	0	3	0	2	1	2	0	0	1	1	0	0	2	0	1	0	1	0	0	2	0	0	2	1	2	1	0	1	0	2	0	0	0	2	2	0	0	1	1	0	0	1	1	1	0	3	2	2	2	1	3	0	0	2	0	1	2	1	0	1	1	2	0	5	4	2	0	1	2	1	0	2	1	1	1	1	1	1	2	1	2	0	0	1	0	0	0	0	0	0	3	1	2	1	2	1	4	2	1	2	0	0	4	0	2	1	1	1	2	1	1	0	0	1	0	0	1	1	2	0	0	0	0	0	1	1	1	1	1	0	1	3	2	1	4	6	7	11	6	12	13	11	15	7	0	2	4	1	1	1	1	3	6	4	12	39	19	17	7	5	5	2	1	1	1	4	0	0	1	1	2	0	1	1	2	2	2	0	3	0	3	1	2	1	2	6	6	3	1	18	38	0	34	7	6	3	1	1	0	1	1	2	5	1	2	5	4	4	10	5	2	5	5	9	12	2	3	4	2	1	2	1	0	0	2	1	3	1	3	2	4	1	1
0	0	0	0	0	0	0	0	0	0	1	0	1	0	0	1	0	0	0	1	1	1	0	1	0	0	0	1	0	0	0	0	0	0	0	0	0	0	2	0	0	0	0	0	0	0	0	0	0	1	0	0	0	0	0	0	1	0	0	0	0	0	0	0	1	0	0	0	0	0	0	0	0	0	0	0	1	0	0	0	0	0	0	0	0	0	0	0	0	0	0	0	0	0	0	0	0	0	0	1	1	1	0	0	0	0	0	0	0	0	0	0	0	0	0	0	1	1	1	1	1	0	0	0	0	0	0	0	0	0	0	0	0	0	0	0	0	0	2	0	0	0	0	0	0	0	0	0	1	3	0	1	0	0	0	0	0	0	1	1	0	0	0	1	0	0	0	0	0	0	0	0	1	0	1	0	0	0	0	0	0	0	0	0	0	0	0	0	0	0	0	0	0	1	0	1	0	0	0	0	0	0	0	0	1	0	0	1	3	0	0	1	1	0	1	1	0	0	0	0	0	0	1	0	3	1	0	1	0	1	0	1	0	1	0	1	1	0	0	0	0	0	0	1	0	0	1	2	1	0	2	1	1	0	0	1	1	2	0	2	3	1	0	1	1	0	0	0	1	1	1	1	3	1	1	0	0	1	0	2	0	0	0	0	0	0	1	0	0	1	1	2	1	1	1	0	1	1	1	2	3	6	7	5	4	7	2	1	2	1	3	0	1	2	2	1	0	1	1	0	2	0	7	8	1	2	2	1	3	2	0	1	0	0	1	0	0	0	1	1	0	0	0	0	0	0	1	0	1	0	4	3	0	2	2	1	0	0	7	2	5	1	1	0	0	0	1	1	1	0	0	0	0	1	1	0	0	1	2	1	0	1	4	2	3	1	1	0	5	5	5	7	8	9	6	18	27	16	5	3	0	3	3	3	1	2	1	1	5	3	13	41	35	31	6	2	6	5	5	1	4	0	0	2	0	1	0	2	1	2	0	0	2	3	1	1	1	1	1	0	1	1	3	0	1	5	12	34	0	13	5	3	0	3	0	0	1	4	1	2	2	7	5	3	7	3	4	5	1	5	5	3	6	5	2	3	3	1	2	0	0	0	2	1	1	1	1	2	1
0	0	0	0	0	0	0	0	0	0	0	0	0	0	0	0	0	1	0	0	0	0	1	0	1	0	0	0	0	1	0	1	0	0	0	0	0	0	0	0	0	0	0	0	0	0	0	0	0	1	0	0	0	0	0	0	0	0	0	0	0	1	0	0	0	0	0	2	0	0	0	0	0	0	1	0	1	0	0	0	0	1	0	0	0	1	1	0	1	1	0	1	0	0	1	0	0	0	1	0	2	1	0	0	0	0	0	1	0	0	1	2	1	1	0	0	0	0	0	0	1	0	0	0	0	1	1	0	0	0	0	1	0	0	0	1	0	0	0	0	0	1	0	0	0	0	1	0	2	0	2	1	0	0	1	1	0	0	0	1	1	0	0	0	1	0	0	0	0	1	1	0	1	2	2	0	0	0	1	0	0	0	0	1	0	0	0	0	0	1	0	0	1	0	1	0	1	1	1	1	0	0	0	1	0	1	0	1	0	1	0	1	1	0	1	0	0	0	0	1	1	0	1	1	3	0	0	0	1	0	1	0	0	1	2	0	1	0	0	0	0	0	0	0	1	1	0	0	0	0	1	0	0	1	0	1	1	1	0	0	0	0	1	0	0	1	0	1	0	2	1	1	0	3	0	1	0	0	1	2	1	0	0	0	0	2	0	1	1	0	1	0	0	3	0	1	2	1	3	0	3	2	2	10	3	3	1	0	1	4	6	3	4	3	3	1	0	0	0	1	2	3	2	1	3	1	0	1	1	0	1	0	1	1	1	1	1	1	1	2	0	0	1	0	3	0	1	1	2	2	2	2	2	1	1	2	5	0	1	0	1	2	0	0	1	0	2	1	0	0	1	0	0	1	2	0	0	0	1	1	2	1	3	5	6	1	1	3	10	8	7	3	6	6	2	5	13	6	6	2	2	4	2	1	0	0	2	0	1	3	6	18	21	21	9	7	4	1	2	1	3	1	0	2	1	2	3	0	2	1	1	1	2	3	3	1	1	3	1	1	0	3	3	4	2	7	12	7	13	0	29	8	3	2	1	1	3	6	4	3	3	4	7	14	14	11	4	18	4	4	5	4	3	4	9	5	2	1	2	1	1	1	0	2	1	2	2	4	1
0	0	0	0	0	0	0	0	0	0	0	0	0	1	1	0	1	0	0	0	0	1	1	1	0	0	0	0	0	0	3	0	2	0	0	0	1	0	0	0	0	0	0	0	0	0	0	0	1	0	1	0	0	0	0	0	1	1	1	1	0	1	1	0	0	0	0	1	0	1	0	1	0	0	1	1	0	0	1	0	0	0	0	0	0	0	0	0	0	0	0	0	0	0	0	0	0	0	0	1	1	1	0	0	0	1	0	0	0	0	0	0	0	0	0	0	0	0	0	1	1	0	0	0	0	0	0	0	0	0	0	1	1	0	0	0	0	0	0	0	0	1	1	1	0	1	0	0	1	0	1	1	0	1	0	0	0	1	2	0	0	2	0	1	0	1	0	0	1	0	0	1	0	0	0	0	1	0	0	0	0	0	0	0	0	0	1	1	0	1	1	1	0	0	0	0	0	0	1	0	0	1	2	0	1	0	0	1	0	1	0	0	0	1	3	0	1	1	2	1	0	0	0	2	4	0	0	3	1	1	0	0	1	0	0	2	0	0	0	0	0	0	0	0	0	1	1	1	0	0	0	0	1	0	0	1	1	1	0	2	2	0	4	0	1	2	1	2	1	0	3	0	0	0	2	1	0	3	1	2	1	0	1	0	0	1	4	2	1	2	3	3	0	0	3	3	1	5	4	8	5	7	4	3	8	1	1	1	3	1	3	3	0	3	0	2	1	3	4	7	4	3	0	6	2	2	2	1	0	1	0	0	1	0	2	2	2	0	0	0	2	3	0	0	0	0	0	1	3	4	0	1	2	2	0	0	2	1	0	1	2	2	2	1	3	0	0	1	1	2	1	0	0	0	1	1	0	1	2	0	1	4	4	6	4	2	5	3	5	19	31	11	3	5	2	10	7	2	3	4	4	3	5	3	1	2	3	4	4	3	3	7	14	9	14	12	8	4	7	7	2	0	0	0	3	0	0	0	2	3	2	2	1	1	1	0	6	1	0	0	4	2	3	1	7	8	7	6	5	29	0	35	1	7	2	4	9	15	8	5	5	3	7	10	25	6	4	11	0	6	0	6	2	9	4	6	4	3	3	0	1	2	0	2	2	2	0	3	2
0	0	0	0	0	0	0	1	0	0	0	1	0	1	0	0	0	0	0	0	0	1	1	0	1	1	0	1	0	0	0	2	1	3	1	1	0	1	0	0	0	0	0	1	0	0	0	1	0	0	0	1	0	0	0	0	1	0	0	1	0	0	1	1	2	0	0	0	0	1	0	0	0	0	0	0	0	1	1	0	0	0	0	1	0	0	0	0	0	0	0	1	0	1	0	1	1	0	0	0	0	0	0	0	0	1	0	0	0	0	0	1	0	0	0	0	0	0	0	0	0	1	0	0	0	1	0	1	0	0	2	0	0	0	0	0	0	0	0	0	0	1	0	1	0	3	2	0	1	2	7	0	1	0	1	1	0	0	2	1	0	0	1	0	0	1	0	0	1	0	0	0	0	1	1	1	0	0	1	0	2	0	0	1	1	1	0	0	1	0	0	0	1	0	1	0	0	1	0	0	1	0	0	1	1	1	1	0	1	0	2	0	0	1	0	0	0	0	2	1	0	1	0	0	0	3	1	3	0	0	1	1	1	1	0	0	1	0	0	1	1	0	2	0	0	0	1	1	1	0	2	0	1	0	0	1	1	0	2	1	1	1	1	0	0	2	1	1	0	0	0	0	1	3	0	0	0	1	0	0	0	0	1	0	0	2	1	1	0	2	1	2	0	4	0	4	0	4	7	4	5	3	4	6	3	2	0	0	2	2	2	2	2	5	3	3	2	1	1	3	4	5	5	1	3	0	0	1	2	1	2	3	2	3	4	2	0	0	2	2	1	2	0	1	0	4	1	2	1	4	3	1	0	1	1	1	1	1	1	4	1	1	1	0	2	2	1	0	2	1	0	1	1	1	0	0	2	0	2	4	1	1	4	10	11	10	8	19	21	53	35	2	2	1	1	2	7	0	0	0	0	3	2	4	1	1	1	2	3	1	1	8	1	3	17	11	4	4	3	3	1	2	0	0	0	2	0	0	4	4	2	2	1	3	0	4	2	0	1	0	1	2	1	2	2	3	1	3	3	8	35	0	32	8	5	14	10	11	8	10	5	1	3	4	7	2	2	2	2	2	2	1	3	0	0	4	2	2	0	4	0	0	1	1	0	2	1	1	0
0	0	0	0	0	0	0	1	0	0	0	0	0	1	0	0	2	0	0	0	1	1	0	3	1	2	0	0	0	1	0	1	2	0	1	1	0	0	0	0	0	0	1	2	0	0	0	0	0	0	0	0	0	0	0	2	0	1	0	1	2	1	0	0	0	2	0	0	1	0	0	0	0	2	0	0	0	1	2	0	0	1	0	1	0	0	0	0	0	0	0	0	1	0	1	0	0	2	1	0	0	0	0	0	1	0	0	0	0	0	0	0	1	0	0	0	1	0	0	0	1	0	0	0	0	0	0	1	0	0	0	1	1	1	3	0	0	1	1	0	0	0	0	2	0	0	0	0	6	3	5	2	2	2	0	2	4	0	0	3	3	1	0	0	0	1	1	1	1	2	0	1	0	1	0	0	1	1	0	0	0	3	2	0	0	1	0	1	0	0	1	1	0	0	1	0	1	1	4	2	0	1	0	0	1	0	1	0	0	0	3	0	1	1	0	0	1	1	1	1	2	0	2	1	3	0	0	0	0	1	2	3	1	1	1	1	0	0	0	2	1	1	0	0	0	0	0	0	0	0	1	0	1	2	1	1	1	1	2	1	1	0	1	1	0	1	0	0	3	1	0	0	0	1	1	1	1	0	2	1	1	0	0	1	1	0	1	2	1	1	1	0	1	0	1	3	1	2	4	10	6	8	2	3	3	0	1	0	1	1	0	0	1	2	2	5	5	0	5	0	6	1	4	4	0	1	0	1	2	1	1	0	5	1	6	6	5	3	1	1	2	2	1	0	0	1	3	1	1	3	3	0	0	1	1	5	2	0	1	2	1	4	1	1	4	2	2	0	2	0	2	0	1	0	0	0	1	0	2	3	2	2	7	13	23	77	16	19	20	63	23	3	1	2	1	4	0	4	1	2	0	1	2	1	3	1	1	1	1	1	2	2	0	4	4	9	4	1	3	4	3	2	2	1	3	2	5	3	1	3	0	1	1	1	1	1	1	0	0	0	0	0	2	1	3	3	3	1	0	3	1	32	0	15	9	20	15	12	10	5	5	2	2	4	7	0	0	4	1	2	2	3	0	3	2	0	1	3	1	0	2	2	1	0	0	2	3	2	0
0	0	0	0	0	0	0	0	0	0	0	0	2	0	0	1	1	0	0	0	1	0	1	0	1	3	0	0	1	1	0	0	0	1	2	0	0	1	1	0	0	0	1	0	0	0	0	0	1	1	0	0	0	1	1	0	1	0	0	1	1	1	0	0	0	0	0	2	2	0	0	0	0	0	1	0	1	1	0	0	0	0	0	0	1	0	0	1	0	0	0	1	0	0	0	0	1	0	0	3	0	1	0	0	0	1	0	0	0	0	0	0	0	0	0	0	0	0	0	1	1	0	1	0	0	0	0	1	0	0	0	1	0	1	0	1	0	0	1	0	1	0	0	2	0	2	1	2	3	5	5	4	3	2	1	1	0	0	0	1	2	1	0	0	0	0	0	0	0	1	0	2	0	0	0	1	2	1	1	1	1	0	0	0	0	1	2	0	0	2	1	0	2	1	1	1	0	0	0	0	0	1	0	0	2	0	1	0	0	2	0	0	1	0	2	1	1	0	1	1	1	1	2	1	3	1	2	6	2	2	2	5	3	2	9	2	2	1	0	1	0	0	0	1	4	0	0	0	0	0	2	0	0	1	2	0	0	2	1	1	1	3	0	3	2	1	0	2	1	2	0	0	0	0	1	2	0	0	2	0	3	1	1	0	2	1	1	2	0	0	1	2	1	1	1	1	3	1	2	4	1	1	0	0	1	1	3	1	0	1	1	1	3	2	1	4	1	2	1	11	8	3	0	2	3	2	0	2	0	1	0	1	2	5	12	13	17	6	3	2	0	4	2	2	1	1	1	0	4	0	0	1	2	2	3	1	1	1	1	0	1	2	3	2	0	1	2	1	2	2	4	2	2	0	0	4	2	0	3	4	4	6	11	8	28	47	16	5	4	11	7	3	0	0	3	0	2	1	2	1	1	2	1	0	1	1	0	2	0	1	1	4	2	1	7	3	4	0	2	2	2	1	0	0	9	1	4	12	11	6	6	0	6	1	1	1	0	1	0	1	0	1	2	0	0	0	3	1	3	2	7	8	15	0	43	26	13	5	4	4	2	2	4	6	3	2	0	1	1	1	1	0	1	3	0	2	0	1	2	0	2	1	2	1	0	2	2	2	1
0	0	0	0	0	0	0	0	2	0	0	0	0	0	0	0	0	1	0	1	0	1	2	2	0	0	0	0	0	2	0	0	1	3	1	0	1	0	1	0	0	0	0	0	0	0	0	0	0	0	0	0	0	0	0	1	0	2	0	2	1	1	0	0	1	0	0	0	0	0	0	0	0	0	0	1	0	0	1	0	0	0	0	0	0	1	1	0	0	0	0	0	1	0	0	0	0	0	0	2	1	1	2	0	0	0	0	1	1	0	0	0	0	0	0	0	0	0	0	0	1	0	0	1	1	0	0	0	0	0	0	0	0	0	0	1	0	1	0	1	1	0	1	0	0	2	1	1	4	8	4	0	2	1	1	1	0	0	1	0	1	0	2	0	0	0	0	1	1	0	1	1	1	1	1	0	0	0	0	2	0	1	0	1	2	2	0	0	0	1	0	0	1	1	1	0	1	0	0	2	0	2	0	0	0	0	0	0	0	1	2	2	0	0	1	1	0	4	3	0	5	4	2	3	1	1	3	0	5	1	4	4	2	5	2	1	3	1	0	1	1	0	1	0	1	0	1	0	0	1	0	1	1	0	1	0	1	0	0	0	0	0	4	0	1	0	2	0	1	1	0	2	0	0	0	0	1	0	1	1	0	3	1	1	0	1	0	0	1	1	0	5	0	1	1	0	0	1	1	1	3	3	0	2	5	0	1	2	1	0	1	0	1	2	3	0	4	0	6	3	1	2	1	2	1	0	0	2	1	0	0	2	2	8	13	4	12	3	0	1	0	2	6	8	0	3	2	2	3	2	0	0	1	0	0	0	1	0	0	1	1	0	3	0	0	0	3	6	3	0	1	4	3	1	0	1	3	4	6	1	5	7	5	6	13	38	22	6	10	8	17	0	3	1	2	2	3	1	0	1	2	2	1	3	1	0	1	1	0	0	0	0	1	1	3	5	3	2	3	2	1	2	3	1	6	3	10	7	6	9	8	4	4	0	3	2	1	0	2	0	0	3	1	2	2	1	4	0	0	1	2	5	9	43	0	63	10	8	4	7	0	3	2	1	0	1	2	2	0	2	2	4	2	1	0	2	3	4	2	1	1	4	1	2	0	0	2	0	0
0	0	0	0	0	0	0	1	0	1	0	1	2	2	0	0	0	0	1	0	0	0	0	0	0	0	0	0	0	0	1	0	1	0	0	1	0	0	0	0	0	0	2	1	0	0	0	0	0	1	0	0	1	0	0	0	2	0	0	0	0	0	0	1	0	0	1	0	0	1	0	0	0	0	0	1	2	0	2	1	1	0	0	0	1	1	0	0	1	0	0	0	0	1	1	0	0	1	2	0	1	1	0	1	0	0	0	0	1	0	1	0	0	0	0	1	0	0	0	0	0	0	1	0	0	0	1	0	1	0	0	0	0	0	0	1	0	0	0	1	0	0	1	1	1	0	0	5	4	8	3	4	2	1	1	0	1	0	0	1	1	2	0	2	0	1	1	1	0	2	2	1	1	0	1	0	1	0	0	0	1	0	0	0	1	0	0	0	0	0	2	0	1	0	0	2	0	0	0	1	1	0	1	1	2	1	0	1	2	0	0	0	2	1	0	1	2	0	0	4	2	1	3	0	1	0	1	2	1	2	1	0	2	0	2	1	1	1	1	1	2	0	0	0	0	0	1	1	1	1	0	1	1	0	0	0	0	0	1	2	0	1	1	0	0	1	1	1	1	1	0	1	0	0	2	3	0	1	0	2	1	0	1	0	2	0	0	1	0	1	1	1	0	1	1	1	1	2	5	1	3	2	2	2	4	0	0	0	2	1	0	1	0	3	4	1	3	2	5	5	3	3	4	2	3	0	0	0	1	1	1	3	3	1	4	3	5	4	1	2	0	2	1	4	1	1	2	0	0	1	1	0	1	0	0	0	1	1	1	1	1	1	1	2	1	0	0	1	1	2	0	1	0	1	1	0	3	2	2	1	1	4	9	4	11	73	22	18	18	16	12	5	1	0	2	0	2	0	0	0	0	0	1	3	2	2	2	1	0	1	2	1	3	4	0	4	2	1	2	3	4	8	0	1	4	1	4	3	4	5	5	4	0	1	2	3	1	0	1	2	2	0	0	0	3	2	1	1	0	1	4	14	20	26	63	0	18	6	6	6	0	4	2	4	2	3	2	1	1	0	2	1	1	1	1	3	3	1	1	5	2	0	0	2	0	1	0	0	2
0	0	0	0	0	0	0	0	0	0	0	0	1	0	1	3	1	0	0	0	0	0	0	0	0	0	1	0	0	0	0	0	0	1	0	0	0	0	0	0	0	0	0	1	0	1	0	0	0	0	0	0	0	0	0	0	1	0	0	1	0	0	0	0	0	0	1	0	0	0	0	1	1	0	0	0	1	0	0	0	0	0	0	0	0	0	0	0	0	0	0	1	0	0	0	1	0	0	0	1	0	1	0	0	0	0	2	0	0	1	0	0	0	0	0	0	0	1	0	0	0	0	0	0	0	1	1	0	0	0	1	1	0	0	0	0	0	1	0	0	0	0	1	0	0	1	3	2	1	0	2	2	1	1	0	0	0	1	2	0	1	0	0	0	0	0	0	0	1	1	0	0	0	0	0	0	0	1	1	1	1	0	1	1	0	0	1	0	0	0	1	0	0	0	0	0	0	1	0	0	0	0	0	1	0	0	0	0	0	1	1	0	0	0	0	1	1	2	0	0	1	1	1	1	0	1	1	3	2	0	0	1	1	0	2	1	1	0	0	1	0	0	3	0	0	3	0	0	0	0	1	1	1	2	0	1	2	0	1	1	0	0	1	1	1	0	1	2	1	0	1	0	0	0	2	1	0	0	1	1	3	2	0	1	1	0	0	1	2	0	3	0	1	2	1	0	0	1	1	6	4	2	0	1	2	2	1	1	1	0	1	1	3	4	5	5	2	3	3	2	4	1	0	3	2	2	1	1	1	3	2	2	4	5	4	3	5	2	2	3	1	2	1	1	1	1	3	3	4	3	3	1	1	2	2	2	1	3	2	2	3	2	6	0	3	1	1	2	2	0	1	2	1	1	1	2	3	3	6	2	1	8	10	8	11	20	11	6	11	7	26	3	3	1	2	4	2	2	2	2	1	4	6	6	6	3	3	2	2	3	2	1	1	1	2	6	2	2	7	8	5	5	3	1	4	8	4	3	8	9	9	6	5	2	1	4	0	1	1	0	1	2	3	1	4	4	2	1	1	3	9	10	15	13	10	18	0	36	12	15	6	10	8	11	14	10	4	4	1	3	1	6	2	4	5	7	5	0	2	1	1	1	1	2	0	5	1	1	3
0	0	0	0	0	0	0	0	1	0	0	1	0	1	1	0	0	1	0	0	1	1	0	1	2	1	0	1	0	0	1	0	1	1	0	0	0	0	0	0	0	0	0	0	2	0	0	0	1	0	0	0	0	0	0	0	0	1	0	0	0	1	0	0	0	1	1	0	0	0	0	0	1	2	0	0	0	0	1	0	1	0	1	0	1	0	1	1	1	1	0	0	1	0	0	0	0	1	0	0	0	2	1	0	0	0	0	0	0	1	0	0	0	0	0	0	0	0	1	0	0	0	0	1	1	0	0	0	0	0	1	1	0	0	0	0	0	0	0	0	1	0	0	1	1	1	0	0	0	2	1	3	1	0	0	0	1	1	2	0	0	0	1	1	0	1	0	0	0	0	0	1	0	0	0	0	0	1	0	1	1	0	0	0	0	0	2	0	0	1	0	0	0	2	0	0	2	0	1	2	0	0	0	3	0	0	0	0	1	1	0	0	0	1	0	1	0	1	0	0	0	1	2	0	0	0	0	0	1	1	0	2	1	1	1	1	1	0	2	1	2	1	0	2	1	1	0	1	1	0	1	1	1	0	1	1	0	0	0	0	1	0	1	3	2	1	2	0	3	0	1	3	0	0	2	1	1	1	0	3	3	0	0	0	1	3	1	1	2	0	2	2	2	0	1	2	1	5	4	5	3	6	3	2	5	2	4	3	1	0	1	1	1	2	3	2	1	4	13	6	6	4	2	2	1	3	3	3	2	4	2	1	0	0	4	3	1	1	2	0	1	2	0	3	1	1	5	0	1	5	2	3	3	1	0	3	4	4	3	3	8	5	2	1	1	3	3	2	0	1	0	1	3	1	1	3	0	1	1	2	3	6	7	5	12	6	2	6	7	18	36	10	2	5	3	5	8	1	2	4	3	4	3	6	5	2	3	10	1	3	4	5	5	6	9	26	12	5	6	5	7	3	1	5	6	4	4	1	3	5	5	4	13	2	2	0	2	1	1	0	1	1	4	1	4	4	3	2	4	6	15	11	12	5	8	6	36	0	50	84	12	6	10	33	21	8	1	6	0	3	0	6	8	9	6	9	5	6	6	1	3	1	1	1	1	0	2	0	3
0	0	0	0	0	0	0	0	0	0	0	1	0	0	0	1	1	1	1	0	0	0	1	2	1	1	0	0	0	0	1	0	0	2	0	0	0	0	0	0	0	1	0	0	0	1	0	0	0	0	0	0	0	0	0	1	0	0	1	1	0	0	0	0	1	0	0	0	0	0	0	0	0	0	0	0	0	0	0	0	1	0	0	0	0	1	0	0	0	0	1	0	0	0	0	2	0	0	0	1	0	0	0	0	0	0	0	0	0	0	0	1	0	0	0	0	0	0	2	0	1	0	2	1	0	0	0	0	0	0	2	1	0	1	0	0	1	0	0	0	0	0	2	2	0	0	0	0	1	1	1	2	1	1	1	0	1	1	1	1	1	0	0	0	0	0	0	0	1	0	0	0	1	0	0	0	0	1	1	1	0	0	0	0	0	0	0	0	1	0	0	0	0	1	0	0	0	1	0	0	0	2	2	2	1	0	1	0	0	0	0	0	1	2	1	1	0	0	0	2	2	2	0	0	0	1	1	0	3	1	0	0	4	1	2	2	1	1	1	1	1	0	0	1	2	1	0	0	0	2	0	0	1	2	3	1	0	3	1	2	2	2	3	0	1	2	2	1	1	1	1	2	1	0	0	0	1	2	2	2	2	2	0	0	4	2	0	3	0	1	0	2	1	0	1	2	3	5	6	12	8	7	5	2	4	2	2	5	0	0	2	2	3	4	2	5	4	6	7	15	13	8	6	5	3	3	4	3	4	4	3	1	3	3	4	4	1	4	1	0	2	2	2	2	2	1	1	3	1	12	9	2	4	2	1	4	9	6	1	1	5	5	3	1	2	0	1	3	2	4	4	2	1	2	2	1	3	5	2	3	4	7	21	11	25	9	7	7	6	15	13	4	0	9	6	5	6	1	2	4	2	3	5	7	4	5	1	1	0	3	2	4	9	3	13	39	19	9	9	7	1	4	2	2	5	6	3	4	10	4	6	3	1	2	2	0	1	2	0	1	0	1	2	1	5	2	2	5	1	4	8	8	10	4	4	6	12	50	0	367	14	10	15	12	2	5	5	3	3	2	0	5	0	6	5	5	5	2	0	1	2	2	3	1	1	0	3	2	0
0	0	0	0	0	0	0	2	1	0	0	0	0	1	0	0	0	0	0	0	0	0	0	1	0	1	0	1	0	0	1	0	1	1	0	0	0	0	1	0	0	0	0	1	0	0	0	0	0	0	0	0	0	0	0	0	0	1	1	0	0	1	2	0	0	0	0	0	0	0	1	0	2	0	0	0	0	0	0	1	0	0	0	0	0	0	1	0	0	0	0	0	1	0	0	1	0	0	0	0	0	1	0	0	0	0	0	1	1	1	0	1	1	0	1	0	1	0	0	0	0	0	0	1	0	0	0	0	1	0	0	0	2	0	1	0	0	0	0	0	0	0	0	1	1	0	0	0	0	1	5	1	3	1	0	1	1	0	2	0	1	0	1	0	0	0	0	0	0	0	0	0	1	1	0	0	0	1	1	2	1	1	0	0	1	1	0	0	1	1	1	0	1	1	1	0	1	1	1	1	0	4	2	4	1	1	0	0	2	1	0	1	0	4	0	0	0	1	0	3	1	1	1	1	0	0	1	1	0	1	0	2	0	1	1	1	0	0	0	0	2	0	1	0	1	0	1	1	2	2	1	0	1	1	2	2	1	0	0	2	1	3	0	3	3	3	1	3	1	2	3	2	1	1	1	1	1	2	1	2	0	1	1	0	1	2	2	2	0	2	0	0	3	0	0	0	3	5	8	11	8	1	5	6	2	2	2	2	1	0	2	2	1	6	2	6	4	2	11	8	18	8	5	12	5	2	3	0	1	1	2	1	3	4	4	2	3	2	2	1	1	2	0	3	2	1	2	3	2	4	10	2	2	5	1	5	9	6	2	2	9	6	7	1	6	3	2	1	3	4	1	0	4	0	2	2	3	5	1	1	3	4	15	10	21	8	0	1	5	9	10	7	7	6	4	5	8	3	2	0	3	5	9	16	10	3	2	8	3	3	4	4	5	2	4	28	17	8	11	10	10	2	1	4	6	6	7	3	5	4	8	4	5	2	5	1	1	3	1	1	2	2	3	2	2	2	3	1	2	3	5	10	5	4	7	6	15	84	367	0	22	15	19	17	10	7	3	5	3	1	3	5	3	3	3	7	4	2	4	1	2	1	1	3	0	2	0	3	1
0	0	0	0	0	0	0	0	0	0	1	0	0	1	0	0	0	0	0	2	0	0	0	0	0	0	0	1	0	1	0	0	0	0	0	0	0	1	0	0	1	0	0	0	1	0	0	0	0	0	0	1	0	0	0	2	1	0	0	0	0	0	0	0	0	1	0	0	0	0	0	0	0	0	0	0	0	0	0	0	0	0	1	0	0	1	0	0	0	0	0	1	0	2	0	0	0	0	1	0	0	0	0	0	0	0	0	1	0	0	0	0	0	0	0	1	0	0	1	0	0	0	0	0	0	0	1	0	0	0	0	0	0	1	1	0	0	1	0	0	0	0	0	0	0	0	2	0	3	0	1	0	1	2	0	0	1	0	1	0	0	0	1	1	0	0	1	4	0	0	1	0	0	0	0	0	1	0	0	0	1	0	0	1	1	1	0	0	0	1	0	0	0	0	0	1	2	1	1	1	2	1	1	0	0	0	0	0	0	1	0	0	1	0	0	0	0	0	1	0	2	0	0	1	1	0	0	0	1	1	1	1	1	0	0	0	0	0	1	0	2	0	0	2	0	1	0	0	0	0	1	1	2	0	2	1	4	0	1	2	2	4	1	2	1	3	1	0	0	0	1	0	2	1	0	0	1	1	1	1	2	3	0	1	1	0	5	1	1	1	7	1	3	4	1	1	0	3	9	3	7	4	1	4	1	4	1	2	2	0	1	3	3	8	7	6	3	7	10	9	6	4	9	5	3	1	6	1	3	1	2	1	4	0	0	0	0	1	1	5	2	0	2	2	2	1	5	4	3	12	28	2	7	5	14	4	26	12	13	7	56	32	8	3	3	3	4	10	5	4	0	1	3	2	4	1	4	5	5	0	7	5	5	6	8	1	3	3	3	2	8	6	7	11	7	3	0	5	2	8	6	6	12	15	17	3	4	0	5	4	9	7	5	4	14	7	69	20	14	8	6	4	4	5	6	5	1	2	4	5	3	0	4	3	3	1	1	0	1	1	1	2	4	1	5	5	1	2	2	3	5	5	5	2	0	0	6	12	14	22	0	60	30	8	4	4	2	4	1	2	2	4	1	2	4	6	7	3	3	2	1	0	1	1	1	2	2	4	0
0	0	0	0	0	0	0	0	0	0	0	2	0	0	0	0	3	1	0	0	0	0	0	3	0	0	0	0	0	0	1	2	0	0	0	1	0	0	0	0	0	0	0	0	0	0	0	0	1	1	0	0	0	0	0	1	0	0	0	0	0	1	1	1	0	0	0	0	0	0	1	0	0	1	0	1	0	0	0	0	0	0	0	0	0	1	0	0	0	0	0	0	0	0	0	0	0	0	1	1	0	0	0	0	0	1	0	0	0	0	0	0	1	1	0	0	1	0	0	0	0	0	1	0	0	0	0	0	0	0	0	0	1	0	0	0	0	1	0	0	0	0	0	0	0	0	1	0	0	0	1	1	0	0	0	0	1	0	0	1	0	0	1	0	0	0	0	0	0	0	0	0	0	1	0	1	1	0	2	2	0	0	1	0	0	0	1	2	0	0	1	1	2	0	0	0	1	1	0	1	1	1	2	1	0	1	1	2	1	0	1	0	0	0	2	0	0	0	2	1	3	0	0	1	2	0	0	2	1	0	0	0	1	1	1	1	0	1	0	0	1	0	1	1	3	0	1	0	2	0	1	0	2	0	1	2	0	1	0	1	4	4	2	4	1	1	1	3	3	2	1	1	0	2	1	1	0	0	5	4	4	0	0	3	2	5	1	3	1	2	3	1	1	0	3	4	2	2	2	1	4	7	5	6	2	0	2	2	3	2	3	2	3	6	4	2	4	4	1	4	4	7	3	2	4	0	1	3	0	2	3	0	2	1	1	1	1	2	0	1	1	3	0	2	1	2	2	5	5	8	51	4	8	5	8	7	5	10	5	7	28	35	8	5	7	2	5	4	1	4	1	1	2	2	3	1	3	0	2	1	2	6	5	2	3	2	1	1	0	3	7	10	12	14	7	7	7	6	8	14	12	14	33	13	28	8	9	24	8	3	8	3	4	4	2	14	32	258	27	13	3	7	3	7	4	3	1	2	1	4	3	2	7	4	1	2	1	4	4	1	4	2	3	5	5	5	6	5	7	4	3	1	2	2	3	4	10	6	10	15	60	0	52	5	10	4	7	1	2	3	4	3	5	6	10	5	4	7	2	0	3	1	1	1	1	1	3	3	3
0	0	0	0	0	0	0	1	0	0	0	0	0	0	2	1	0	0	0	0	1	0	0	0	0	0	1	0	0	1	0	0	0	0	0	0	0	0	0	0	0	0	0	0	0	1	0	0	1	0	0	0	0	0	1	0	0	0	1	0	0	1	0	0	0	0	0	0	0	0	0	0	0	0	0	0	0	0	0	0	0	1	0	0	1	0	0	0	0	0	0	0	0	1	0	0	0	0	0	0	0	0	0	0	0	0	0	0	0	0	0	0	0	0	0	0	0	1	0	0	0	0	0	0	0	0	0	2	0	0	0	0	0	0	0	0	1	0	0	0	0	0	0	1	0	0	2	0	1	2	1	1	0	0	0	0	2	0	0	1	1	0	0	0	1	1	1	0	0	0	1	0	0	0	0	0	0	0	0	1	1	0	0	1	0	1	1	1	0	0	1	0	0	0	1	0	0	1	0	1	0	0	1	0	0	1	0	1	1	1	1	0	0	0	0	1	0	1	0	1	0	0	0	0	1	0	0	2	0	1	2	1	0	2	0	0	0	0	2	0	0	0	1	0	0	1	1	1	0	0	0	0	1	0	1	0	1	4	0	1	0	2	1	2	2	3	0	1	1	1	0	1	1	1	2	1	1	1	2	4	2	1	0	3	0	0	0	1	5	1	1	1	0	2	2	0	1	4	1	6	7	12	3	7	0	5	3	0	4	2	4	2	1	5	6	2	4	2	3	8	5	2	2	7	2	2	1	3	0	1	1	2	3	3	4	0	1	2	1	1	2	1	1	3	0	2	2	3	1	4	16	7	6	2	0	1	8	6	10	4	11	12	3	5	1	3	5	3	5	2	0	1	1	2	0	0	0	3	0	4	1	3	2	3	1	1	2	2	1	1	6	23	22	24	12	22	14	12	10	11	8	2	12	3	12	7	8	8	2	7	8	13	8	12	8	17	84	39	14	11	4	7	3	1	5	2	3	1	4	4	4	0	1	3	1	2	2	0	2	6	2	3	4	3	6	4	4	4	5	7	7	3	2	4	2	2	8	10	15	19	30	52	0	15	10	7	1	9	4	2	5	4	6	4	9	5	4	0	4	0	1	0	1	0	2	1	1	2	2
0	0	0	0	0	0	0	1	0	0	0	2	0	0	1	0	0	0	0	0	0	0	0	0	0	2	1	1	0	0	0	0	1	0	0	0	0	0	0	0	0	0	0	0	0	0	0	0	0	0	0	0	0	0	0	0	0	1	1	0	0	1	1	0	0	0	0	1	0	0	0	0	1	0	0	0	0	0	0	1	0	0	0	0	0	0	0	0	1	0	0	0	2	0	0	0	0	1	0	0	0	1	1	0	1	0	0	0	1	0	0	0	0	0	0	0	0	0	1	0	0	0	0	0	0	0	0	0	0	0	0	0	0	0	1	0	0	0	2	0	0	0	1	0	0	1	0	0	4	0	0	0	1	0	0	0	0	0	1	1	0	0	0	0	0	1	0	1	0	0	0	0	0	0	0	1	0	1	0	0	0	0	1	0	0	0	0	0	0	0	0	0	0	1	0	0	0	0	0	2	1	1	0	0	1	0	0	2	0	0	0	0	2	0	1	0	1	0	3	0	0	0	0	0	0	0	0	0	1	0	0	2	0	0	0	1	2	0	1	2	1	0	1	0	0	1	1	0	0	0	0	0	0	0	3	0	0	0	1	1	1	0	0	2	1	0	1	2	3	1	1	1	2	0	0	0	0	1	1	0	0	0	0	0	1	1	1	1	0	1	0	0	1	1	0	1	2	4	5	5	3	3	2	2	1	1	2	3	0	0	2	2	1	3	3	4	2	1	0	4	3	2	4	2	1	1	2	2	0	0	0	1	1	0	2	1	3	0	2	0	1	0	1	0	4	0	0	0	4	1	7	2	0	2	2	0	1	2	1	2	2	3	3	2	1	2	2	3	3	0	1	2	1	0	1	1	3	1	1	3	2	1	6	3	7	3	3	1	10	8	17	21	4	3	4	7	8	2	3	2	4	8	4	9	8	3	3	17	6	5	12	10	9	7	3	10	10	5	5	5	8	4	3	5	6	3	4	1	2	4	6	10	4	4	3	4	0	6	1	2	1	2	5	5	8	8	3	4	3	14	10	4	4	6	1	4	11	33	12	17	8	5	15	0	69	24	16	25	5	5	5	11	15	17	13	20	1	5	4	2	4	3	3	1	1	1	2	1	2
0	0	0	0	0	0	0	0	0	0	0	0	0	0	0	0	0	0	0	1	0	0	0	1	0	2	0	1	0	1	0	0	0	1	0	0	1	0	0	0	0	0	0	0	0	0	0	0	0	0	0	0	0	1	1	0	1	0	1	1	0	0	0	0	0	1	0	1	0	0	0	0	0	0	1	0	0	0	0	0	0	0	0	0	0	0	0	0	0	0	0	0	0	0	0	0	0	1	0	0	0	1	0	1	0	0	0	0	0	0	0	1	0	0	0	0	0	0	0	2	0	0	0	0	0	0	0	0	0	0	0	0	0	0	1	0	0	0	1	1	0	0	0	0	0	0	1	1	1	5	1	1	0	1	1	1	0	1	0	0	0	0	1	0	1	0	1	0	2	1	0	1	0	1	0	2	0	1	0	0	0	0	1	0	0	0	0	1	0	0	1	0	0	0	1	0	0	0	1	0	1	0	0	1	0	1	1	1	0	1	0	0	1	0	0	0	0	0	0	0	2	1	0	0	0	1	0	0	1	1	1	0	3	2	1	0	2	1	0	2	0	1	2	0	2	0	1	0	2	1	0	0	0	1	1	1	0	0	1	0	0	1	1	2	1	3	1	3	0	1	1	0	1	0	1	0	0	2	2	1	0	3	1	0	0	0	3	3	0	0	1	1	0	3	1	2	3	3	7	4	3	3	1	5	3	5	1	0	4	2	0	4	2	2	5	1	0	2	1	5	3	2	0	1	1	1	3	0	0	0	2	4	1	0	2	1	3	2	2	0	0	0	2	1	2	1	0	0	0	2	6	2	4	1	2	3	3	2	4	2	3	1	2	1	1	1	0	0	4	1	0	1	0	1	0	2	0	1	0	2	0	1	6	2	1	2	4	3	8	7	22	34	4	11	5	5	12	8	6	8	6	3	10	3	3	2	3	10	3	2	12	7	16	6	3	5	14	8	5	4	3	2	2	2	2	2	4	1	1	3	3	8	3	2	3	5	4	0	3	2	3	2	4	8	8	14	6	10	7	14	25	7	7	3	0	2	14	21	2	10	4	10	10	69	0	35	14	40	5	5	8	9	5	13	18	10	8	6	6	3	1	2	4	4	0	2	2	3	6
0	0	0	0	0	0	0	0	0	0	0	0	0	1	0	0	0	2	1	0	1	0	0	1	0	0	1	1	0	0	0	2	0	0	0	1	0	0	1	0	0	0	0	0	0	0	0	0	0	0	0	1	1	0	3	0	0	0	0	0	0	0	0	1	1	0	0	0	0	0	0	0	0	0	0	1	0	1	0	1	0	0	0	0	0	2	0	0	0	0	0	0	0	0	0	0	0	1	1	0	1	0	0	0	0	0	0	0	0	0	0	0	1	1	1	0	0	0	0	0	0	0	0	0	0	0	0	1	0	0	0	0	0	0	0	0	0	0	0	0	0	0	0	1	1	0	1	1	0	0	1	0	2	1	0	0	1	0	0	0	0	0	0	0	1	0	1	0	2	0	0	1	0	1	1	1	0	1	2	1	0	1	0	2	0	0	0	0	0	1	0	1	1	0	1	0	1	0	0	0	0	0	2	0	0	0	0	0	0	0	0	0	0	1	1	0	0	0	0	0	0	1	1	1	0	0	0	0	2	0	0	1	1	1	0	0	0	1	1	2	0	0	0	0	0	1	0	0	0	1	0	0	0	0	1	1	0	1	1	0	0	2	0	0	0	1	0	1	0	0	1	0	3	0	0	0	0	2	4	1	2	1	0	1	2	0	1	0	3	0	1	1	0	2	2	3	1	1	1	2	1	3	5	3	2	0	1	0	0	0	1	2	0	0	0	0	2	2	0	0	1	2	0	0	2	2	1	1	0	0	1	3	0	1	1	1	0	1	1	1	0	0	1	0	0	1	0	0	0	2	0	0	2	2	1	1	1	3	0	1	2	2	2	1	2	0	4	1	0	0	2	1	1	0	1	0	1	2	0	0	0	5	2	1	3	4	4	1	11	5	12	12	2	6	3	9	5	1	2	2	1	4	5	4	6	3	5	6	2	3	11	4	7	6	2	5	7	2	1	2	4	5	1	3	2	1	0	0	1	1	4	9	3	0	3	3	0	3	1	4	7	5	18	13	19	16	11	5	3	11	6	2	0	2	1	3	10	8	5	7	4	4	7	24	35	0	46	104	7	6	14	24	16	8	12	17	5	7	4	5	4	6	3	6	5	5	2	4	2
0	0	0	0	0	0	0	0	0	0	0	0	0	0	0	0	0	0	0	1	0	0	0	0	0	1	1	0	0	0	0	0	0	0	0	0	0	0	0	0	0	0	0	0	0	0	0	0	0	0	1	0	0	0	0	0	0	0	0	1	0	0	0	0	0	0	0	0	0	0	0	0	1	0	0	0	0	0	0	0	0	0	0	0	0	0	0	0	0	0	0	0	0	1	0	0	0	0	0	1	0	0	0	0	0	0	0	0	0	0	0	0	0	0	0	0	0	0	0	0	0	2	0	0	0	0	0	0	0	0	0	0	0	1	0	0	1	0	0	1	1	0	0	0	0	0	0	0	2	1	0	0	1	0	0	1	1	0	1	1	0	0	1	2	0	0	1	0	0	0	0	2	0	0	1	1	0	1	0	0	0	0	1	1	1	0	0	0	2	0	0	0	1	0	0	0	0	0	1	0	0	0	0	0	1	1	0	0	2	0	1	0	1	0	0	1	0	0	0	1	1	1	0	1	0	1	2	1	0	1	0	1	2	0	1	0	0	0	0	0	0	0	1	0	0	0	2	0	0	0	2	1	0	0	0	0	0	0	1	1	2	0	0	0	0	1	0	1	0	0	0	1	0	1	2	0	1	2	1	0	0	0	0	1	0	0	0	0	1	1	0	0	0	0	4	0	0	0	1	1	0	2	1	4	3	1	1	1	1	0	0	2	1	0	0	0	2	1	2	3	2	1	3	1	0	1	2	2	0	0	0	1	1	0	1	1	0	2	0	1	0	2	0	1	1	0	2	2	0	3	1	3	1	4	1	1	4	1	3	0	2	2	3	2	0	2	1	0	0	0	1	2	1	0	0	2	0	0	1	0	3	1	2	1	1	3	2	2	2	1	6	9	1	1	0	3	2	3	3	0	4	0	2	3	3	4	3	8	6	5	10	4	5	1	2	4	5	7	4	4	6	2	2	5	3	1	1	3	1	1	6	12	10	4	7	6	4	5	3	6	5	6	14	17	42	11	5	2	4	4	4	2	0	0	2	2	4	1	5	3	2	7	1	16	14	46	0	16	8	7	13	88	8	26	17	23	17	14	14	7	4	7	5	10	3	7	7	3	11
0	0	0	0	0	0	0	0	0	0	0	0	0	0	0	0	0	0	0	1	0	1	0	0	0	0	0	0	0	0	1	1	0	0	1	0	1	0	0	2	0	0	0	0	0	0	0	0	0	0	0	0	0	0	0	0	0	1	0	0	0	0	0	0	0	0	0	0	0	0	1	0	0	0	1	0	0	0	0	0	0	0	0	0	0	0	0	0	0	0	0	0	0	0	0	0	1	0	1	1	0	0	0	0	0	0	0	1	1	1	0	0	1	0	0	0	0	0	1	0	0	0	0	0	0	0	1	0	0	0	2	1	0	0	0	1	0	0	0	0	1	0	1	0	0	1	0	0	1	1	0	1	0	0	0	0	0	0	0	2	2	0	0	0	2	0	0	2	0	1	0	0	0	1	0	0	0	0	0	0	0	0	0	0	0	0	0	0	0	0	1	0	0	1	0	1	0	0	0	0	0	0	0	0	0	0	0	0	1	1	0	0	0	1	1	0	0	0	0	0	0	0	1	0	0	0	0	0	3	0	1	1	2	0	2	0	0	0	0	0	0	0	0	0	0	2	3	1	0	0	0	1	0	0	1	1	0	0	1	0	0	0	0	1	1	1	3	0	0	0	2	2	0	0	0	0	0	0	2	0	1	1	2	0	0	1	0	0	1	0	0	0	0	0	1	2	0	4	2	2	0	1	1	3	1	1	3	0	0	2	1	0	1	2	0	0	0	1	2	3	0	1	0	1	1	2	1	0	0	2	2	0	1	1	0	0	1	1	2	1	0	1	1	3	0	0	1	0	0	0	1	6	1	1	3	2	3	1	2	0	0	2	2	3	1	2	0	1	2	1	0	1	0	0	1	1	1	2	5	1	1	1	1	0	2	2	1	5	4	5	4	24	3	4	7	8	8	5	2	0	4	3	4	1	5	6	3	3	8	3	11	14	15	9	6	4	5	2	6	3	4	2	0	1	2	0	0	1	1	4	3	5	4	1	4	1	2	4	0	4	2	4	14	8	12	27	20	5	5	18	11	2	4	1	2	1	4	6	3	5	4	1	9	25	40	104	16	0	8	6	9	24	3	9	3	6	5	2	2	3	5	1	0	3	1	4	2	6	1
0	0	0	0	0	0	0	0	0	0	0	0	0	0	0	0	0	0	1	0	1	0	1	0	2	1	1	0	1	0	0	0	0	0	0	0	0	0	0	0	0	0	0	0	0	0	0	0	1	0	1	1	0	0	0	0	0	0	0	1	0	1	2	0	0	0	0	0	0	0	0	0	1	0	0	0	0	0	0	0	0	0	0	1	0	0	0	0	0	0	1	0	0	0	1	1	0	0	0	1	0	0	0	0	0	0	0	1	0	0	0	1	0	0	0	0	0	0	0	0	1	1	0	0	0	0	0	0	0	0	0	0	0	0	0	0	0	1	0	0	1	0	0	0	0	1	1	1	0	0	1	0	0	0	1	0	0	0	0	1	1	0	1	1	0	0	0	1	0	0	0	0	0	1	0	1	0	0	0	0	1	0	0	0	1	0	0	0	0	0	0	0	0	0	0	0	0	1	0	0	0	1	0	0	0	0	0	1	0	0	0	0	0	0	0	0	0	0	0	2	0	0	1	1	1	0	1	0	0	1	1	1	1	0	0	1	1	1	0	0	0	0	0	0	0	0	0	0	0	1	2	1	0	0	0	0	1	1	0	1	1	0	0	0	0	0	0	2	1	0	0	0	0	1	0	0	2	0	1	1	2	0	1	0	1	0	0	0	0	0	0	0	0	1	0	1	0	5	0	1	0	0	2	0	1	0	0	0	1	0	2	0	0	1	1	1	0	1	2	2	5	1	2	0	1	0	1	0	1	0	1	1	0	0	0	3	1	0	1	0	0	1	2	0	0	0	1	1	0	1	2	1	2	0	1	2	1	2	0	1	2	0	4	2	3	0	3	0	2	0	0	0	0	1	1	0	0	0	1	2	3	1	0	0	1	0	2	1	2	1	1	11	3	2	0	7	4	6	6	3	3	2	4	5	1	4	6	2	7	8	10	5	8	2	1	2	6	2	2	0	3	2	1	0	0	1	1	1	0	0	2	3	2	2	2	5	3	5	7	5	6	20	44	46	13	41	12	5	1	4	0	2	1	1	0	1	1	0	3	3	1	2	4	5	5	7	8	8	0	63	168	19	10	10	9	5	5	4	7	4	3	2	1	5	16	12	14	8	2
0	0	0	0	0	0	0	0	0	0	0	0	0	0	0	0	1	0	1	0	0	0	0	2	0	0	0	0	0	0	0	1	0	0	0	0	0	1	1	0	0	0	0	0	0	0	0	0	0	1	0	0	0	0	0	0	0	1	0	0	1	0	1	0	0	0	0	1	0	0	1	0	1	0	0	0	0	0	0	0	0	0	0	0	1	0	0	0	0	0	1	0	0	0	0	0	1	1	1	0	1	0	0	1	0	0	0	0	0	0	0	0	0	0	0	0	0	0	0	0	0	0	0	0	0	0	1	1	0	0	0	0	0	0	1	0	0	0	0	0	0	0	0	0	0	0	0	1	1	1	0	1	0	1	1	0	1	1	0	0	0	0	0	2	0	2	0	0	0	0	0	0	1	0	1	0	0	0	0	0	0	0	0	0	0	0	0	0	0	0	0	1	0	1	0	0	0	0	0	0	0	0	0	0	0	0	0	0	1	0	1	0	0	0	0	0	0	0	0	0	0	2	0	0	0	0	0	0	0	0	0	0	0	1	0	1	0	0	0	0	0	0	0	0	0	0	0	0	0	1	0	0	0	0	0	1	0	0	0	2	0	0	1	1	0	1	0	1	0	0	2	0	1	1	1	1	0	0	4	1	0	2	0	0	2	0	2	1	0	0	0	0	1	3	0	1	2	0	1	1	2	2	2	2	0	0	0	0	3	0	1	1	0	1	0	1	0	1	2	1	2	2	1	0	1	2	1	0	0	0	0	0	0	0	1	2	0	1	1	0	0	0	0	0	0	1	2	2	0	2	0	2	4	1	4	2	2	1	1	0	2	2	1	2	1	0	0	0	1	1	1	0	0	0	0	2	0	0	1	0	1	0	2	0	3	0	0	0	1	3	2	11	4	3	3	12	1	5	12	2	3	3	2	5	1	2	4	3	9	20	14	9	5	2	1	0	3	4	2	5	3	0	1	1	1	0	0	1	1	2	1	5	5	2	3	4	4	4	2	4	6	12	20	23	9	12	10	9	5	4	6	2	2	1	2	0	3	3	2	1	2	3	2	5	5	6	7	6	63	0	17	11	9	4	6	5	4	5	1	0	1	1	3	7	6	13	31	5	5
0	0	0	0	0	0	0	0	1	0	0	0	0	1	0	0	0	0	0	1	0	2	0	0	0	0	0	0	0	0	1	0	1	0	0	0	0	0	0	0	0	0	1	0	0	0	0	1	0	1	0	0	0	0	0	0	0	1	0	0	0	1	0	0	0	1	1	0	0	1	0	0	2	1	0	0	0	0	0	0	0	1	0	0	0	0	0	0	0	0	0	0	0	0	1	0	0	1	0	0	0	0	1	0	0	0	0	0	0	0	0	0	0	0	0	0	0	1	0	0	0	0	0	0	0	0	0	0	0	0	0	0	0	0	0	0	0	0	0	0	0	0	0	0	2	0	0	0	1	0	1	0	0	0	0	0	0	0	0	1	0	0	0	1	0	0	0	0	0	0	1	0	1	0	1	1	0	0	0	0	0	0	0	0	2	1	0	1	0	0	0	0	0	1	0	0	0	0	0	0	0	0	0	0	0	0	0	0	0	1	0	0	0	0	0	0	1	0	0	0	1	0	0	0	0	0	2	0	0	0	0	0	0	0	0	0	0	1	1	0	0	0	0	1	1	1	0	0	0	1	1	0	1	0	0	1	0	3	3	1	0	0	0	0	0	0	1	0	1	0	0	0	0	1	0	0	0	0	0	1	1	0	3	0	0	2	0	1	0	2	1	0	0	0	3	0	1	1	2	3	1	0	2	3	1	4	0	1	0	1	0	1	4	1	1	1	2	0	0	1	0	2	0	0	2	0	2	0	1	3	0	0	1	0	1	1	1	0	1	0	0	1	1	0	1	0	0	0	0	0	0	1	0	2	0	2	1	2	2	2	4	1	2	0	2	2	0	0	1	0	0	0	0	0	0	0	0	1	1	0	0	3	0	1	2	0	0	0	2	1	1	6	3	0	0	2	4	2	4	3	2	1	3	0	2	2	3	4	4	9	5	9	6	2	0	0	3	2	3	2	3	1	2	2	3	0	0	0	4	2	3	1	2	2	4	2	1	1	5	3	13	10	27	16	10	33	17	12	5	5	0	2	2	1	2	2	1	0	0	3	2	4	5	5	8	14	13	9	168	17	0	24	9	5	4	3	7	2	6	1	1	4	3	1	9	16	13	3	0
0	0	0	0	0	0	0	0	0	0	0	0	0	0	0	0	1	0	0	0	0	1	1	0	0	2	0	0	0	0	2	0	0	0	2	0	1	0	0	1	0	0	0	0	0	0	1	0	0	0	0	0	0	0	0	0	0	0	0	0	0	0	0	0	0	0	0	0	0	0	0	0	1	1	1	0	0	0	1	0	0	1	0	0	1	0	0	0	1	0	1	0	1	0	0	1	0	0	0	0	0	0	0	0	0	0	0	0	0	0	0	0	1	0	0	0	0	0	0	1	0	0	0	0	0	0	0	0	0	0	1	0	0	0	0	0	0	0	0	0	1	1	1	0	0	0	0	0	1	0	0	0	1	0	0	0	0	0	0	0	2	0	0	0	0	0	0	0	0	1	1	0	0	0	0	0	0	0	0	0	0	0	0	0	1	1	0	1	0	2	0	0	0	0	1	0	0	0	1	0	0	0	0	0	0	0	1	0	0	1	1	0	0	0	1	1	0	1	2	1	1	0	0	0	1	1	0	1	0	0	0	0	0	1	0	0	0	0	0	0	1	0	0	0	1	0	0	1	0	1	1	1	1	0	0	0	0	0	1	0	1	0	2	0	0	0	1	0	0	1	1	1	0	0	0	0	2	0	0	0	0	0	0	0	1	0	1	0	0	0	1	1	0	1	0	0	0	3	0	1	2	1	0	1	1	0	0	0	1	1	0	0	0	0	0	1	2	0	0	4	0	2	0	0	2	0	0	0	0	0	1	0	1	1	1	0	2	0	1	1	0	1	0	2	1	0	0	1	1	0	1	1	3	3	2	0	2	1	6	0	0	2	1	5	0	2	1	0	2	3	1	0	0	1	1	0	0	0	1	1	1	0	0	0	0	2	3	1	4	4	2	14	0	4	1	8	2	2	11	0	3	4	2	2	3	4	1	6	7	3	10	6	4	1	6	1	1	3	2	0	2	4	4	1	3	0	2	1	0	2	8	5	2	7	3	7	4	3	5	2	15	8	45	18	68	28	6	2	3	4	6	1	3	0	4	1	6	6	5	5	4	3	4	11	9	24	88	24	19	11	24	0	15	20	22	14	10	17	9	3	4	9	8	7	6	19	6	9	11
0	0	0	0	0	0	0	0	1	0	0	0	0	0	0	0	1	1	0	0	1	0	0	0	1	0	0	0	0	0	0	0	0	0	2	0	0	0	0	0	0	0	0	0	0	0	0	0	0	0	0	0	0	0	0	1	0	0	0	0	0	0	0	0	0	0	0	1	0	0	0	0	0	0	0	0	0	0	0	0	0	0	0	0	1	0	0	0	0	0	0	0	0	0	0	0	0	1	0	0	0	0	0	0	0	0	0	1	0	0	0	0	0	0	0	0	0	0	1	0	0	0	0	1	0	1	0	0	0	0	0	2	0	0	0	1	0	0	0	0	1	0	2	1	0	1	0	2	0	1	0	2	0	0	0	1	1	0	0	0	0	0	0	0	0	0	0	1	0	0	1	1	0	0	0	0	1	0	0	0	0	0	0	0	0	0	0	0	0	0	0	0	0	1	0	1	0	0	0	0	1	0	0	1	0	0	0	1	0	1	1	1	0	1	0	1	0	0	0	0	0	0	0	1	0	0	0	0	1	1	1	2	0	0	0	0	0	0	0	1	2	1	2	0	0	0	0	1	0	0	0	0	0	0	0	0	0	1	1	1	1	2	1	0	0	1	1	0	0	2	2	0	0	1	1	0	1	0	1	0	0	0	1	0	0	0	2	1	0	1	2	1	0	0	1	0	1	0	1	0	1	3	1	2	3	0	0	0	2	1	0	2	1	1	2	2	2	0	1	2	3	2	0	2	3	1	0	1	0	0	0	0	2	1	2	0	0	1	0	1	1	0	0	3	0	0	2	2	1	4	5	3	4	1	1	0	1	3	0	2	3	0	2	3	2	1	3	0	1	1	1	0	0	3	2	0	0	2	2	0	2	2	2	2	3	3	2	1	3	3	4	20	2	2	5	8	3	2	7	7	16	12	10	2	8	18	8	29	18	13	24	5	3	7	3	6	4	14	9	2	5	6	0	1	2	0	4	1	1	3	0	4	6	2	11	11	8	15	4	4	10	27	42	34	66	25	4	3	6	3	2	3	0	1	2	1	2	8	0	3	1	5	6	15	5	16	8	3	10	9	9	15	0	52	100	23	50	20	3	4	4	2	2	6	2	13	16	15	10
0	0	0	0	0	0	0	0	0	0	0	0	0	1	0	0	0	0	0	2	1	1	1	0	1	0	0	0	0	0	0	0	2	1	0	0	1	0	2	0	0	0	1	0	0	0	0	0	0	0	0	0	1	0	0	0	0	0	0	0	0	0	0	1	0	0	0	0	0	0	0	0	1	0	0	0	1	0	0	0	0	0	0	0	0	0	0	1	0	0	0	0	0	0	0	0	0	0	0	0	0	0	0	0	0	1	0	0	0	0	0	0	0	0	0	0	0	0	0	0	0	0	0	1	0	0	0	0	0	0	0	0	0	0	0	1	0	0	0	1	1	0	0	0	0	0	0	0	3	2	1	0	0	2	0	2	1	0	0	1	0	1	0	0	0	1	0	1	0	0	0	0	0	0	0	0	0	0	0	1	0	0	0	0	0	0	0	0	0	0	0	0	1	2	0	0	0	1	0	1	1	1	0	0	0	1	0	0	2	0	0	0	0	2	0	1	1	0	0	0	0	0	1	0	0	1	0	0	1	0	1	0	0	0	1	0	0	1	1	2	0	0	0	0	1	0	0	0	0	1	0	0	1	0	0	0	0	0	1	0	2	2	1	1	2	0	1	2	0	1	0	0	1	0	0	1	0	1	2	1	1	0	0	0	0	0	3	0	0	0	1	0	2	1	0	0	1	0	2	1	1	2	1	1	2	1	1	1	0	3	1	0	1	1	0	1	0	1	0	2	3	1	2	1	0	3	2	2	2	0	0	1	1	1	2	2	4	0	0	0	0	5	3	1	0	0	0	2	1	3	3	2	2	2	3	0	1	1	1	3	5	3	6	5	2	5	6	2	1	3	1	1	0	1	0	0	0	0	1	1	4	0	0	0	3	3	2	5	2	3	2	28	4	1	2	4	3	3	1	2	9	5	9	3	7	21	6	25	13	4	17	7	6	4	2	5	5	10	8	8	4	6	1	5	0	1	1	2	1	5	3	8	18	4	6	6	5	7	6	1	10	5	25	21	119	15	4	4	5	4	9	0	3	3	1	1	4	9	6	3	2	6	4	17	13	8	26	9	10	4	5	20	52	0	266	105	50	44	12	9	5	3	6	4	3	10	8	12	13
0	0	0	0	0	0	0	0	0	0	0	0	1	1	0	0	0	0	0	0	0	0	0	1	0	0	0	0	2	0	0	0	0	0	0	0	0	0	1	0	0	0	0	0	0	0	0	0	0	1	0	0	0	0	0	1	0	0	0	0	0	1	0	1	0	1	0	0	0	0	0	0	0	0	0	0	0	0	0	0	0	0	0	0	0	0	0	1	0	0	0	0	0	0	0	0	0	0	0	0	0	2	0	0	0	1	1	0	0	0	0	0	0	0	0	2	1	0	0	0	0	0	0	0	0	1	0	0	1	0	0	0	0	0	0	0	0	0	0	0	1	0	0	0	1	1	0	0	1	0	0	1	1	0	0	0	0	0	0	0	0	0	2	0	0	0	0	0	1	0	0	0	0	0	0	0	0	0	0	0	0	1	0	0	0	0	0	0	0	2	0	0	2	0	0	1	1	1	0	0	1	2	1	1	0	0	0	2	2	0	0	0	0	0	0	0	1	2	2	3	0	0	3	2	0	0	1	2	2	2	0	0	1	0	0	0	1	0	1	0	0	0	0	0	0	1	0	0	0	0	0	0	0	0	0	0	0	1	3	0	0	1	1	0	1	0	0	3	0	0	0	0	1	1	0	1	0	1	0	2	1	2	1	3	0	1	0	0	1	0	2	1	0	2	0	0	0	1	0	3	4	1	3	2	2	1	2	1	1	0	0	1	2	0	2	0	0	2	0	3	0	0	4	4	2	1	0	2	2	0	0	0	1	1	3	0	4	0	1	2	1	1	1	1	2	2	1	3	1	3	3	0	3	5	3	2	1	1	2	2	4	4	4	0	4	1	1	2	1	1	0	0	0	2	3	1	0	0	4	0	1	1	4	2	2	2	2	4	4	4	8	16	4	2	4	14	5	8	4	3	10	6	9	6	4	21	9	41	17	6	18	4	7	5	4	3	4	12	7	10	9	8	4	4	1	4	0	2	1	3	10	5	17	10	7	6	5	6	4	4	3	14	25	13	83	19	5	2	2	9	4	0	2	0	0	1	5	6	5	3	4	10	9	13	18	12	17	3	9	6	4	22	100	266	0	42	34	23	9	4	7	6	2	5	3	6	5	10	12
0	0	0	0	0	0	0	2	0	0	1	1	0	0	0	0	0	1	0	1	0	0	0	0	0	1	0	0	0	1	0	0	0	0	0	0	0	1	0	0	0	0	0	0	0	0	1	0	0	0	0	1	0	0	1	0	0	1	0	0	0	0	0	0	0	0	0	0	0	0	1	0	0	0	0	0	0	0	0	1	0	1	0	0	0	0	0	0	0	0	0	0	0	0	0	1	0	0	0	0	1	0	0	0	0	1	0	1	0	0	1	0	0	0	0	1	0	0	0	0	0	0	0	1	0	0	0	0	1	1	1	0	0	0	1	1	0	0	1	0	0	0	1	1	0	0	1	1	0	1	2	0	1	1	1	1	0	0	0	0	1	0	0	1	0	0	0	0	0	0	1	0	0	0	0	0	0	0	0	0	0	0	1	0	1	0	0	0	0	0	0	0	0	1	0	0	0	0	0	0	0	1	0	0	0	0	0	0	0	0	0	2	0	0	0	0	0	0	1	1	0	1	1	0	3	1	1	0	2	1	1	0	1	0	1	0	1	0	1	1	0	0	0	1	0	0	0	0	0	0	1	0	2	0	2	1	1	0	1	1	0	2	0	0	0	1	0	0	0	1	1	0	0	0	0	0	1	2	2	1	1	1	0	0	0	2	0	0	1	1	1	0	2	2	0	1	1	3	1	2	1	1	2	5	1	0	0	0	1	1	0	1	4	0	5	3	2	0	4	4	0	2	1	2	2	1	2	3	0	1	3	3	0	3	3	0	0	0	0	0	2	2	0	3	1	0	3	1	3	2	4	1	0	0	3	3	2	1	1	2	3	4	5	2	1	0	0	0	0	2	2	0	2	0	0	0	0	3	1	1	2	2	2	1	2	2	1	1	3	4	1	7	1	1	1	2	0	3	6	1	8	4	8	7	13	14	8	29	3	3	10	6	10	3	0	2	5	11	8	10	12	11	5	7	9	5	0	1	6	2	15	11	38	7	15	9	5	4	2	1	11	7	10	7	34	4	5	1	3	5	6	4	0	2	2	3	7	9	5	7	6	5	5	20	10	17	23	6	5	5	3	14	23	105	42	0	44	73	9	8	5	6	7	3	3	2	3	9	6
0	0	0	0	0	0	0	0	0	0	0	0	0	1	0	0	0	0	0	0	1	1	0	0	1	2	0	0	0	0	1	0	0	1	0	1	0	0	0	1	0	0	0	0	0	0	0	0	0	0	0	0	0	0	0	0	1	0	0	1	0	0	0	0	0	1	0	1	0	0	0	0	0	0	0	0	1	0	2	0	0	0	0	0	0	0	0	0	0	0	2	1	0	0	0	0	0	0	0	0	1	0	1	1	0	0	0	0	0	0	0	0	0	0	0	0	0	1	0	0	0	0	1	0	0	0	0	0	0	0	0	0	0	1	0	0	0	0	0	0	1	0	0	0	1	0	0	0	1	0	0	0	0	2	1	1	0	1	0	0	0	0	0	0	0	0	0	0	1	0	0	0	1	1	0	0	0	1	0	0	2	0	0	0	0	0	0	0	0	0	1	0	0	0	1	1	0	0	0	1	1	0	0	1	0	0	0	1	1	0	0	0	0	1	1	0	0	0	0	1	1	0	2	0	0	1	3	0	2	0	2	0	1	0	0	1	0	0	0	0	0	0	0	0	1	0	0	0	0	0	0	0	1	1	0	1	1	2	0	1	0	3	0	2	4	1	1	0	0	0	0	2	0	0	1	0	0	1	2	1	0	1	0	1	0	2	0	2	0	0	0	0	1	1	1	1	2	0	0	1	1	0	0	2	1	1	0	0	0	1	2	1	1	1	2	2	1	1	0	3	2	3	1	2	1	0	0	0	1	2	0	1	1	2	1	0	0	0	0	2	0	1	1	2	3	0	6	1	4	1	3	3	4	1	3	1	2	1	3	0	5	4	3	4	4	0	1	1	2	1	2	0	1	0	0	1	0	2	2	0	1	2	2	1	0	3	0	2	3	4	4	7	4	3	3	4	1	0	3	6	10	13	14	7	11	25	18	33	11	2	10	4	6	2	3	4	4	3	19	5	11	7	2	4	3	0	1	0	1	3	5	6	20	14	17	18	14	11	7	5	8	15	13	12	38	12	2	2	3	2	4	2	1	0	3	3	5	5	5	4	7	4	4	1	8	5	17	5	5	4	7	10	50	50	34	44	0	69	11	6	5	8	3	4	4	8	2	15	33
0	0	0	0	0	0	0	0	0	0	0	0	1	1	0	1	1	0	0	0	0	2	0	1	0	0	0	1	0	0	0	0	0	0	0	0	0	0	0	0	0	1	0	0	0	0	0	0	0	0	0	1	0	0	0	0	0	0	0	1	0	0	0	0	0	1	0	0	1	0	0	1	0	0	0	0	1	0	1	0	0	0	0	1	0	0	0	0	0	0	0	0	0	0	0	0	0	1	0	0	2	0	0	0	0	0	0	0	0	1	0	0	0	0	0	0	1	0	0	0	2	0	1	0	1	1	0	0	0	1	0	0	0	1	0	0	0	0	0	0	0	0	1	0	0	1	2	2	2	1	0	0	0	0	0	0	0	0	0	0	1	0	1	0	0	0	0	0	3	1	0	0	0	0	1	0	0	0	0	0	0	0	0	1	0	0	0	0	0	1	0	0	1	0	2	1	1	0	0	0	1	2	1	0	1	1	0	1	0	0	0	1	0	0	0	0	1	0	1	0	0	0	0	1	4	0	1	1	1	2	1	1	1	0	0	0	0	0	1	0	0	0	0	0	0	0	1	0	0	1	0	0	0	0	0	1	0	1	0	0	0	0	1	0	0	0	2	0	0	1	1	0	1	0	0	0	0	1	1	1	0	0	0	1	1	0	1	0	0	0	0	1	2	0	4	2	1	1	0	1	1	0	0	2	1	0	1	0	0	1	1	0	0	1	1	0	1	0	0	1	0	0	1	2	4	0	1	1	0	2	1	1	0	2	1	1	1	2	2	0	0	0	0	2	1	2	0	1	3	3	1	2	1	1	3	0	2	0	3	4	7	4	1	6	3	1	2	1	1	3	1	0	0	1	2	0	1	0	2	2	1	1	0	1	2	4	2	2	2	2	1	7	1	2	0	2	2	1	4	0	6	6	4	2	6	16	5	14	8	6	4	1	5	3	1	1	8	6	9	7	14	6	3	6	2	4	1	2	3	5	4	15	84	12	16	24	8	10	6	6	10	3	13	6	31	6	0	1	1	1	3	2	3	1	4	1	0	6	2	2	3	7	0	5	6	7	14	2	4	5	2	17	20	44	23	73	69	0	18	7	6	5	10	4	1	7	3	10	18
0	0	0	0	0	0	0	0	0	0	0	0	0	1	0	0	0	1	1	0	1	0	0	0	0	1	1	0	0	0	1	1	0	0	0	0	0	0	0	0	0	0	0	0	0	0	0	0	1	1	0	0	0	0	1	1	0	0	0	0	0	0	1	0	0	0	0	0	1	0	0	0	0	0	3	0	1	0	0	0	0	0	0	0	0	0	0	0	0	0	0	0	0	0	0	0	0	0	1	0	0	0	0	1	0	0	0	0	0	2	0	0	0	0	0	0	0	0	1	0	0	0	0	0	0	1	0	0	0	0	0	0	0	0	1	0	0	0	0	0	0	1	0	0	0	1	2	0	2	0	2	1	0	1	0	1	0	0	0	0	1	0	0	0	1	0	0	1	0	2	1	0	0	0	1	0	0	0	0	0	0	1	1	0	0	0	0	1	1	1	0	2	0	0	0	0	1	0	0	1	3	1	0	0	0	1	0	0	0	0	0	3	2	0	1	2	0	0	1	0	0	0	0	1	3	0	0	0	1	1	0	1	0	0	0	1	0	0	0	0	0	0	0	0	0	0	0	0	1	0	0	1	1	2	0	0	2	1	1	0	2	1	0	2	0	1	0	2	0	0	0	2	0	2	1	1	0	0	0	1	1	1	0	1	1	0	1	0	0	0	0	0	1	0	0	0	2	0	0	1	0	1	0	0	1	0	0	1	1	0	0	1	0	0	1	0	1	0	3	0	0	1	1	1	0	0	1	1	1	0	0	1	1	0	1	0	1	1	0	1	0	2	1	1	1	2	0	0	1	2	1	0	0	3	0	0	0	1	2	2	3	1	3	5	1	1	2	0	0	1	0	0	3	1	1	0	2	0	0	0	0	3	1	2	0	3	2	0	2	1	2	4	2	2	1	1	1	2	2	1	2	1	1	3	3	4	6	5	5	3	4	5	1	1	2	1	1	6	3	9	4	5	6	3	3	1	1	1	0	4	6	14	18	6	3	3	2	4	4	4	9	4	5	3	12	3	1	0	2	2	3	0	1	2	2	1	2	6	0	4	3	2	4	4	6	4	14	2	7	1	6	9	3	12	9	9	11	18	0	128	66	15	8	13	3	5	4	5	13
0	0	0	0	0	0	0	0	0	0	0	0	0	0	0	0	0	0	0	0	0	1	1	0	0	1	1	0	0	0	0	0	0	0	0	0	0	0	0	0	0	0	0	0	0	0	2	0	0	0	0	0	0	0	1	0	0	0	0	1	0	0	1	0	0	0	1	0	0	0	0	0	0	1	1	2	0	0	0	0	0	0	0	0	0	0	0	0	0	0	0	1	0	0	0	0	0	0	0	1	0	0	0	0	0	0	0	0	0	0	1	0	0	0	0	3	0	0	0	0	0	0	1	1	0	2	0	0	0	0	0	0	0	0	0	0	0	0	1	0	0	0	0	4	0	0	0	1	0	1	0	0	0	0	2	0	0	0	0	1	1	0	0	0	0	0	0	0	0	0	0	0	0	1	0	0	1	0	0	0	0	0	2	0	0	0	0	1	1	0	2	1	0	1	0	0	0	0	0	0	0	0	1	3	0	1	0	0	2	0	0	0	0	0	0	0	0	0	0	1	0	0	1	0	0	1	2	1	0	0	2	1	0	0	0	0	0	0	0	0	0	0	1	1	1	0	1	0	0	0	0	1	0	1	1	0	0	0	0	1	0	0	2	0	2	0	0	0	0	0	0	0	1	1	0	0	0	0	1	0	0	1	0	0	0	0	0	1	1	0	1	0	0	0	0	0	0	0	0	0	0	1	0	0	0	2	1	0	0	1	1	2	0	0	0	0	1	1	1	1	2	2	1	0	2	1	0	2	1	0	0	1	1	0	0	2	2	0	0	1	1	0	1	2	2	2	1	0	4	2	2	0	2	1	0	0	0	2	0	1	1	0	3	2	1	4	1	0	0	0	1	0	0	0	2	1	1	1	2	1	1	1	5	1	4	0	3	2	2	1	1	1	0	3	1	0	1	1	2	2	1	4	4	1	2	3	4	2	2	1	2	1	2	1	1	1	3	1	3	4	5	7	1	2	4	2	1	0	1	2	9	20	4	4	4	2	4	1	1	4	8	7	3	4	6	3	1	0	0	1	0	4	0	0	1	5	1	1	1	1	2	0	0	2	3	5	7	3	4	0	1	3	4	9	4	8	6	7	128	0	88	21	12	10	7	7	1	4	6
0	0	0	0	0	0	0	0	1	0	0	0	0	1	0	0	0	0	0	2	0	1	1	0	0	0	0	1	0	1	0	1	0	1	0	0	0	0	0	0	0	0	0	1	0	0	0	0	0	0	0	0	0	0	0	1	0	0	1	0	0	2	1	0	0	0	0	1	0	0	0	0	1	1	0	1	0	1	1	0	0	0	0	0	1	0	0	0	0	0	0	0	0	0	0	0	0	1	0	0	0	0	0	0	0	0	0	0	0	1	0	0	0	0	0	1	0	1	1	0	1	0	0	0	0	0	0	0	0	0	0	0	2	0	0	0	0	1	0	0	1	0	1	0	1	0	0	1	2	2	2	1	2	0	0	0	1	0	0	0	0	0	0	1	0	1	0	0	0	0	0	0	0	0	0	0	0	0	0	2	0	0	0	0	1	1	1	1	0	0	1	0	0	0	1	1	0	0	1	0	0	0	0	0	1	0	1	0	0	1	1	0	0	0	1	0	0	0	1	0	0	0	1	0	0	0	1	1	1	1	0	1	1	0	0	0	0	0	0	0	0	0	0	0	0	0	1	0	0	0	0	0	0	0	0	1	0	0	0	2	0	0	0	0	1	1	0	0	0	0	0	0	0	0	0	2	0	1	0	1	1	0	0	0	1	1	0	0	0	1	1	0	1	1	0	0	0	0	1	1	2	0	1	1	1	2	0	0	0	0	0	1	1	0	0	0	0	0	1	0	0	2	1	0	1	1	0	0	0	1	1	2	0	1	1	0	0	0	1	0	2	2	0	1	0	0	2	1	1	0	4	2	0	0	1	1	1	1	0	1	0	1	1	1	1	0	0	1	1	0	0	1	1	2	0	0	0	0	0	0	0	0	2	1	1	1	1	1	1	1	2	3	0	2	1	1	3	0	0	2	4	1	4	0	0	2	3	5	5	0	2	0	2	3	0	4	0	0	4	1	2	2	2	4	1	0	0	2	2	1	8	10	4	7	3	7	6	5	2	5	11	6	6	6	5	0	1	2	0	1	1	0	2	2	1	2	1	3	2	2	1	3	1	4	1	4	4	5	3	1	1	4	4	5	7	5	5	6	66	88	0	77	24	23	7	3	1	4	8
0	0	0	0	0	0	0	0	0	0	0	0	1	0	0	1	0	0	0	0	0	0	0	0	0	0	0	0	0	0	0	0	0	0	0	0	1	0	0	0	0	0	0	0	0	0	0	0	1	1	1	1	0	1	1	0	0	0	0	0	0	0	0	0	0	0	0	0	0	2	0	1	0	0	1	0	0	0	0	1	0	0	0	0	0	0	0	0	0	0	0	0	0	0	0	0	0	0	0	0	1	1	0	1	1	0	0	1	0	0	0	2	0	0	0	0	0	0	0	0	0	0	0	0	0	0	0	0	0	0	0	0	0	0	0	0	0	0	0	0	0	0	0	0	0	0	0	1	0	0	0	0	0	0	2	0	1	0	0	1	0	1	0	0	0	0	1	0	1	0	0	2	0	1	0	0	0	0	0	0	1	0	0	0	0	0	0	0	0	1	0	0	0	0	0	0	1	0	0	0	0	1	0	0	0	1	0	0	0	0	1	0	0	0	0	0	0	0	0	1	1	0	0	1	1	0	1	1	1	0	0	0	0	0	0	0	0	0	1	0	0	0	0	0	2	0	1	0	0	1	0	0	0	0	0	0	0	0	1	1	0	1	0	0	0	0	1	0	0	0	0	0	2	0	1	0	0	2	1	2	0	0	0	0	0	0	0	1	0	0	0	1	0	0	0	0	0	0	1	0	0	1	0	0	0	2	0	0	0	0	0	0	0	0	0	1	0	1	0	0	0	2	2	0	0	0	1	2	0	0	0	0	0	1	0	0	0	1	0	0	0	1	1	0	1	2	1	1	0	0	0	1	1	3	0	2	1	0	0	1	0	0	0	3	1	2	0	0	0	0	1	0	0	0	0	0	0	1	0	0	0	3	2	0	1	0	1	0	0	1	0	2	3	1	2	3	0	2	1	1	1	3	3	0	0	2	6	0	4	1	1	2	2	0	1	0	1	2	0	0	0	1	1	0	0	0	3	1	0	2	1	5	10	6	4	8	5	15	9	12	21	4	5	1	2	2	0	1	0	1	2	0	2	1	4	0	1	1	2	1	0	1	0	3	2	6	7	1	2	1	4	9	2	3	6	6	8	5	15	21	77	0	65	30	3	6	2	5	9
0	0	0	0	0	0	0	0	0	0	0	0	0	0	0	0	0	0	0	0	0	1	0	0	0	0	0	0	1	0	0	0	1	0	0	0	1	0	0	0	0	0	0	0	0	0	0	1	0	0	0	1	0	0	0	0	0	0	0	0	1	0	1	0	0	0	0	0	0	1	0	0	0	0	0	0	0	0	0	0	1	0	0	0	0	0	0	1	0	0	0	0	0	0	1	0	0	0	0	0	0	0	1	0	0	0	0	0	0	0	1	0	0	0	0	1	0	0	0	0	0	0	0	0	0	0	0	0	1	0	0	1	0	0	1	0	0	0	0	1	0	0	0	0	0	1	0	0	0	0	0	0	0	0	0	0	1	0	1	0	1	0	1	0	0	0	0	0	0	1	1	0	0	0	0	0	1	1	0	1	0	1	0	0	0	0	0	0	0	0	0	0	0	0	0	0	0	1	0	0	0	0	1	0	0	0	0	0	1	0	0	0	1	0	0	0	0	1	0	0	0	1	0	0	0	2	0	1	0	0	0	0	2	1	1	0	0	1	0	0	1	0	0	0	1	1	1	0	0	1	0	2	0	0	1	0	0	1	0	0	1	0	0	2	1	0	1	0	0	0	0	0	1	0	1	0	1	0	1	1	0	0	0	0	0	0	0	0	0	1	1	0	1	2	2	0	0	1	1	0	1	0	1	0	0	1	0	0	0	2	0	1	1	0	0	1	0	2	0	1	1	1	0	0	0	1	1	0	0	0	1	0	0	1	0	0	0	0	0	1	2	0	0	3	0	0	0	2	1	0	0	0	1	0	1	0	1	0	1	0	1	1	2	0	1	0	1	0	2	1	0	0	0	1	2	1	1	0	0	1	1	1	0	2	0	0	0	1	0	1	1	1	0	2	0	2	0	1	0	0	2	2	0	1	1	4	3	7	3	2	3	1	0	1	1	0	1	0	0	3	3	3	2	2	4	1	2	1	0	0	0	5	3	2	7	3	4	11	7	26	17	8	2	7	7	0	2	3	2	0	0	1	1	2	1	0	1	1	3	1	1	1	1	3	4	3	5	0	1	3	3	8	2	6	2	7	3	10	8	12	24	65	0	64	5	4	4	9	11
0	0	0	0	0	0	0	0	0	0	0	0	0	0	0	0	0	0	0	0	0	0	0	1	0	0	0	0	0	0	0	0	0	0	0	0	0	1	0	0	0	1	0	0	0	0	0	0	0	0	0	0	0	0	0	0	0	1	0	1	0	0	1	0	0	0	0	0	0	2	0	0	0	0	0	0	0	0	0	0	0	0	2	0	0	0	0	0	0	0	0	0	0	1	0	0	0	1	0	0	0	0	0	0	0	0	0	1	0	0	0	0	0	0	1	0	0	0	0	0	0	1	0	0	0	1	0	0	0	0	0	0	0	0	0	0	0	0	1	0	0	0	0	1	0	1	0	0	0	0	1	2	0	0	0	1	1	0	0	0	0	0	0	1	0	0	1	0	0	0	0	0	1	0	0	0	0	0	0	0	0	0	0	0	0	0	0	0	0	0	0	1	0	0	0	0	0	0	0	0	0	1	0	0	2	1	0	0	0	1	1	0	0	0	1	2	0	0	0	1	0	0	0	0	0	0	0	2	0	1	0	1	0	1	0	1	0	0	0	0	0	0	0	0	0	1	1	0	0	0	1	1	0	0	0	0	0	0	1	0	0	2	1	0	0	0	0	0	0	1	0	1	0	1	0	2	0	0	1	0	0	1	1	0	0	0	0	0	1	2	1	0	1	0	0	0	0	0	1	0	0	1	0	2	0	2	1	0	0	0	0	0	0	1	1	1	0	0	1	1	2	0	0	1	0	0	0	0	0	0	1	0	0	0	0	0	0	1	0	2	1	0	0	1	1	1	0	2	1	2	1	0	0	1	0	1	0	3	0	2	1	1	1	1	2	3	0	1	1	0	4	2	0	0	1	0	0	0	1	1	1	1	1	0	0	1	3	1	1	0	1	4	0	1	1	3	3	0	1	0	4	3	3	4	0	4	1	1	1	1	3	0	1	1	0	0	0	0	1	2	3	1	4	1	2	0	1	0	0	0	8	3	3	2	2	6	4	13	17	17	47	16	8	6	7	1	2	1	1	2	2	1	0	1	2	2	2	1	1	3	1	1	0	1	4	6	10	3	5	7	1	7	6	4	5	3	4	4	13	10	23	30	64	0	15	9	2	13	12
0	0	0	0	0	0	0	0	1	0	0	0	0	0	0	0	0	0	0	0	0	0	1	0	0	0	0	0	0	0	0	0	0	0	0	0	0	0	2	0	0	0	0	0	0	0	0	0	0	0	0	0	0	0	0	1	1	0	0	0	0	0	1	1	0	0	0	0	0	0	0	0	0	0	0	0	0	0	0	0	0	0	0	0	0	0	1	0	0	1	0	0	0	0	0	0	0	1	0	0	0	0	1	1	0	0	0	1	0	0	0	0	0	0	0	0	0	1	0	0	0	0	0	1	0	0	0	0	0	0	0	0	0	0	0	0	0	0	0	0	0	1	0	0	0	0	0	0	0	0	1	0	0	0	0	1	0	0	0	0	0	0	0	2	1	0	0	0	1	0	0	0	0	0	0	0	0	0	0	0	0	0	0	0	0	0	0	0	1	1	0	1	1	0	0	0	1	0	0	0	0	2	0	0	0	0	0	0	0	0	0	2	0	0	0	0	0	0	0	0	0	0	0	0	0	0	0	0	0	0	1	0	0	0	0	0	0	0	2	0	0	1	0	1	0	0	0	0	0	0	0	0	0	0	1	1	0	0	0	0	0	2	0	1	0	1	0	0	1	0	0	0	0	0	1	1	0	0	0	2	1	0	1	1	0	0	1	1	0	0	2	3	0	0	0	0	0	1	0	1	1	3	0	0	0	0	0	0	0	0	3	1	1	0	0	1	0	0	0	0	0	0	0	1	0	0	2	0	2	1	0	0	0	1	1	0	0	0	0	0	1	0	0	0	0	1	0	1	0	0	2	3	0	1	2	0	0	0	0	1	3	1	0	1	1	0	0	1	2	0	0	0	0	0	0	0	0	0	0	0	1	0	0	0	0	0	2	2	3	3	2	4	5	0	3	2	2	3	3	2	4	0	3	0	2	1	1	2	4	2	2	1	3	1	2	0	1	5	2	1	0	1	1	1	0	0	1	2	0	1	2	1	2	1	4	1	4	4	18	18	22	27	10	11	8	3	4	3	1	1	2	0	0	0	0	0	0	1	1	0	1	1	2	1	0	5	3	1	16	6	9	6	2	3	3	3	4	1	3	7	7	3	5	15	0	47	26	15	7
0	0	0	0	0	0	0	0	1	0	1	0	0	0	1	0	0	0	0	0	1	0	0	0	0	0	0	0	0	0	0	0	0	0	0	1	0	0	1	0	0	0	0	0	0	0	0	0	0	0	0	1	1	0	0	0	0	0	0	0	1	0	1	0	0	1	0	0	0	0	1	0	0	0	0	0	0	0	1	0	0	0	0	0	1	0	0	0	0	0	0	0	0	0	1	0	0	0	0	0	1	0	0	0	0	0	0	0	0	0	0	0	0	0	0	1	1	0	0	0	0	0	0	0	0	1	0	0	0	0	0	0	0	0	0	0	0	0	1	0	0	0	0	0	0	0	1	0	1	0	0	0	0	1	0	0	0	0	1	0	0	0	0	0	0	0	0	0	0	0	0	0	0	0	0	0	0	0	0	0	0	0	0	0	0	0	0	1	0	0	0	0	1	0	2	0	0	0	0	1	0	0	1	0	1	0	0	0	0	0	0	1	0	0	0	0	0	1	1	0	3	1	1	0	0	0	0	0	0	0	0	0	0	1	0	0	0	0	0	0	0	1	1	0	0	1	0	0	0	0	1	0	0	0	1	1	0	0	0	0	1	0	3	0	0	1	0	0	2	0	0	0	0	0	2	0	0	0	0	0	1	1	0	0	0	1	1	0	0	0	0	0	0	0	0	0	0	1	1	1	2	2	4	1	0	1	0	0	2	0	1	0	0	1	1	0	2	2	1	2	0	0	1	0	0	1	1	1	1	0	0	0	0	0	0	1	1	0	0	1	0	0	2	1	2	2	1	0	0	1	2	5	2	2	2	1	0	2	1	2	0	1	0	2	4	0	1	0	0	1	1	0	2	1	1	0	0	1	1	1	1	2	1	1	1	0	2	0	1	3	1	1	2	3	0	5	4	2	3	4	6	4	1	0	1	6	4	3	8	4	5	5	0	3	3	0	0	3	3	3	4	2	1	3	1	0	2	2	0	0	0	2	2	5	4	8	8	13	18	19	35	149	24	32	9	9	5	2	1	2	2	2	2	2	0	1	5	0	0	2	2	1	1	1	2	5	7	4	12	13	16	19	13	10	6	2	8	7	5	7	3	6	4	9	47	0	56	61	10
0	0	0	0	0	0	0	1	0	0	0	0	0	0	0	0	0	1	0	0	0	0	0	0	0	0	0	0	0	0	0	0	1	0	0	0	0	0	0	0	0	0	0	0	0	1	0	0	0	0	0	0	0	1	1	0	0	0	1	0	0	0	0	0	0	0	0	0	0	0	0	0	0	0	0	0	0	0	1	0	0	0	0	0	0	1	0	0	0	0	0	1	1	0	0	0	0	1	0	0	0	0	0	0	0	0	0	0	0	0	0	0	0	0	0	0	0	0	0	0	0	0	0	0	0	0	0	0	0	0	0	0	0	0	0	1	1	0	0	0	0	0	0	1	1	0	0	0	0	0	1	1	1	0	0	0	0	0	1	0	0	0	0	0	1	0	1	0	0	0	0	0	0	0	0	0	1	0	0	0	0	1	0	0	0	0	1	0	0	0	0	0	0	0	2	1	0	1	1	0	0	0	0	1	0	1	0	0	0	0	0	0	0	0	0	0	0	1	0	0	1	0	0	1	1	0	0	1	0	0	0	1	0	0	0	0	0	0	0	0	0	0	0	0	1	1	0	0	1	1	0	0	0	0	0	1	1	2	1	0	2	0	1	0	1	1	1	1	1	0	0	0	0	1	0	0	1	1	1	5	0	0	0	0	0	0	0	1	0	0	2	1	1	0	1	0	0	1	2	4	0	1	1	1	2	1	2	0	1	0	1	0	1	1	0	1	0	1	2	0	1	0	0	1	0	0	1	0	1	0	1	0	0	1	0	0	0	1	0	0	0	1	0	0	0	0	1	0	3	1	1	1	1	0	1	0	2	3	1	0	0	1	0	3	1	0	0	0	2	1	1	1	0	0	1	0	0	0	0	1	0	0	1	0	0	0	1	1	0	1	0	4	5	0	1	3	6	1	4	1	4	3	1	1	2	3	2	1	7	8	6	5	2	2	2	0	1	1	5	1	0	3	5	1	0	0	0	1	1	0	3	2	4	4	5	12	6	8	8	5	7	22	14	29	6	9	2	4	1	2	0	1	3	2	2	0	1	2	3	0	2	3	1	2	2	2	7	2	14	31	13	6	16	8	5	3	2	3	4	1	1	2	4	2	26	56	0	19	8
0	0	0	0	0	0	0	0	0	0	0	0	0	0	0	0	0	0	1	0	1	0	0	0	0	2	1	1	1	0	0	0	0	0	0	0	0	0	0	0	0	0	0	0	0	0	0	0	0	0	0	0	0	0	0	0	0	0	0	0	0	0	0	0	1	0	0	1	0	0	0	0	0	0	0	0	0	0	1	1	0	2	0	0	0	0	0	1	0	0	0	0	0	0	0	0	1	0	0	0	0	0	0	0	1	0	0	0	0	0	0	0	0	0	0	0	0	0	1	0	0	0	1	0	1	0	0	0	0	0	0	0	0	0	0	0	0	0	0	0	0	0	0	0	0	1	1	0	0	1	0	1	1	0	0	0	0	0	1	0	0	0	0	0	0	0	1	0	0	0	0	0	0	0	0	0	0	0	0	0	0	0	0	0	0	1	0	0	1	0	0	0	0	0	0	0	0	1	0	0	0	0	0	0	0	0	1	0	0	1	0	0	0	1	0	0	0	2	0	0	0	0	0	0	0	1	0	0	0	0	0	0	0	1	0	0	1	0	0	0	0	0	0	0	1	0	0	1	0	0	0	0	1	0	0	0	0	0	1	0	0	1	1	0	0	0	0	0	0	0	0	0	0	0	2	0	0	4	1	1	0	0	1	0	0	0	2	0	3	0	2	1	0	1	0	1	2	1	0	0	1	1	1	1	0	2	0	1	0	1	1	1	0	0	1	3	0	1	0	0	2	0	0	1	0	1	0	0	0	0	0	0	1	0	2	0	1	0	1	0	0	1	0	2	0	0	0	1	1	1	2	2	1	1	3	1	0	0	0	3	0	2	4	6	2	1	1	1	2	2	0	1	3	0	0	0	1	1	0	1	0	0	0	1	2	0	1	0	0	4	1	5	1	2	0	1	2	3	2	2	4	2	3	1	7	2	8	3	7	8	2	2	2	2	1	1	1	6	4	1	2	1	2	1	1	0	1	0	0	1	2	6	3	3	7	12	19	32	28	24	34	63	16	16	7	6	1	1	2	4	3	1	2	2	0	0	1	0	2	3	4	3	2	1	3	4	3	6	8	5	3	9	15	12	10	9	15	10	5	4	4	5	9	13	15	61	19	0	22
0	0	0	0	0	0	0	0	0	0	0	0	0	0	0	0	0	0	0	0	1	0	0	0	1	0	0	0	1	0	0	0	0	0	0	0	0	0	1	0	0	0	1	0	0	0	0	1	0	0	0	0	0	0	0	0	0	0	0	0	0	0	1	0	0	0	0	1	0	0	0	0	0	0	0	0	0	0	0	0	0	0	0	0	0	0	0	0	0	0	0	0	0	0	0	0	1	0	0	0	0	0	1	0	0	0	0	0	0	0	0	0	0	0	0	1	0	0	0	0	0	0	0	0	0	1	0	1	0	0	0	0	0	1	0	0	0	0	0	0	0	0	0	0	0	0	0	1	0	0	1	0	0	1	0	0	1	0	0	0	0	0	1	0	0	1	0	0	1	0	0	0	1	1	0	1	0	0	1	0	0	2	0	0	0	0	0	0	0	0	0	0	0	0	1	1	0	1	1	0	0	1	0	1	0	0	1	0	0	0	0	0	0	0	0	0	1	0	0	0	1	0	1	1	0	1	1	1	1	0	0	0	0	1	0	1	0	0	0	1	0	0	1	0	1	0	0	0	0	1	1	0	1	0	0	0	0	1	0	1	0	0	1	1	0	0	0	0	0	1	0	1	0	0	0	0	1	0	1	0	0	0	0	1	0	0	3	0	0	1	0	1	1	1	1	2	1	1	2	0	1	0	0	2	2	3	0	0	1	0	0	0	0	0	0	0	1	0	0	1	0	1	0	1	2	2	0	0	0	0	2	0	1	0	0	0	1	1	0	1	1	0	1	1	1	1	3	1	1	1	0	2	3	0	1	2	1	0	1	0	2	2	3	5	3	4	4	2	0	0	0	0	0	1	0	1	2	0	1	3	1	1	0	0	2	1	1	1	1	0	0	3	3	2	3	4	0	2	2	2	7	3	6	2	6	10	4	7	7	3	3	2	3	3	1	1	2	1	4	6	8	1	4	6	4	5	0	1	3	1	3	4	9	22	61	150	41	41	12	8	15	11	6	6	8	4	4	1	1	1	2	0	0	1	0	2	3	3	0	1	0	3	2	2	6	2	11	1	2	5	0	11	10	13	12	6	33	18	13	6	8	9	11	12	7	10	8	22	0
