0	0	0	0	0	0	0	0	0	0	0	0	0	0	0	0	0	0	0	0	0	0	0	0	0	0	0	0	0	0	0	0	0	0	0	0	0	0	0	0	0	0	0	0	0	0	0	0	0	0	0	0	0	0	0	0	0	0	0	0	0	0	0	0	0	0	0	0	0	0	0	0	0	0	0	0	0	0	0	0	0	0	0	0	0	0	0	0	0	0	0	0	0	0	0	0	0	0	0	0	0	0	0	0	0	0	0	0	0	0	0	0	0	0	0	0	0	0	0	0	0	0	0	0	0	0	0	0	0	0	0	0	0	0	0	0	0	0	0	0	0	0	0	0	0	0	0	0	0	0	0	0	0	0	0	0	0	0	0	0	0	0	0	0	0	0	0	0	0	0	0	0	0	0	0	0	0	0	0	0	0	0	0	0	0	0	0	0	0	0	0	0	0	0	0	0	0	0	0	0	0	0	0	0	0	0	0	0	0	0	0	0	0	0	0	0	0	0	0	0	0	0	0	0	0	0	0	0	0	0	0	0	0	0	0	0	0	0	0	0	0	0	0	0	0	0	0	0	0	0	0	0	0	0	0	0	0	0	0	0	0	0	0	0	0	0	0	0	0	0	0	0	0	0	0	0	0	0	0	0	0	0	0	0	0	0	0	0	0	0	0	0	0	0	0	0	0	0	0	0	0	0	0	0	0	0	0	0	0	0	0	0	0	0	0	0	0	0	0	0	0	0	0	0	0	0	0	0	0	0	0	0	0	0	0	0	0	0	0	0	0	0	0	0	0	0	0	0	0	0	0	0	0	0	0	0	0	0	0	0	0	0	0	0	0	0	0	0	0	0	0	0	0	0	0	0	0	0	0	0	0	0	0	0	0	0	0	0	0	0	0	0	0	0	0	0	0	0	0	0	0	0	0	0	0	0	0	0	0	0	0	0	0	0	0	0	0	0	0	0	0	0	0	0	0	0	0	0	0	0	0	0	0	0	0	0	0	0	0	0	0	0	0	0	0	0	0	0	0	0	0	0	0	0	0	0	0	0	0	0	0	0	0	0	0	0	0	0	0	0	0	0	0	0	0	0	0	0	0	0	0	0	0	0	0	0	0	0	0
0	0	0	0	0	0	0	0	0	0	0	0	0	0	0	0	0	0	0	0	0	0	0	0	0	0	0	0	0	0	0	0	0	0	0	0	0	0	0	0	0	0	0	0	0	0	0	0	0	0	0	0	0	0	0	0	0	0	0	0	0	0	0	0	0	0	0	0	0	0	0	0	0	0	0	0	0	0	0	0	0	0	0	0	0	0	0	0	0	0	0	0	0	0	0	0	0	0	0	0	0	0	0	0	0	0	0	0	0	0	0	0	0	0	0	0	0	0	0	0	0	0	0	0	0	0	0	0	0	0	0	0	0	0	0	0	0	0	0	0	0	0	0	0	0	0	0	0	0	0	0	0	0	0	0	0	0	0	0	0	0	0	0	0	0	0	0	0	0	0	0	0	0	0	0	0	0	0	0	0	0	0	0	0	0	0	0	0	0	0	0	0	0	0	0	0	0	0	0	0	0	0	0	0	0	0	0	0	0	0	0	0	0	0	0	0	0	0	0	0	0	0	0	0	0	0	0	0	0	0	0	0	0	0	0	0	0	0	0	0	0	0	0	0	0	0	0	0	0	0	0	0	0	0	0	0	0	0	0	0	0	0	0	0	0	0	0	0	0	0	0	0	0	0	0	0	0	0	0	0	0	0	0	0	0	0	0	0	0	0	0	0	0	0	0	0	0	0	0	0	0	0	0	0	0	0	0	0	0	0	0	0	0	0	0	0	0	0	0	0	0	0	0	0	0	0	0	0	0	0	0	0	0	0	0	0	0	0	0	0	0	0	0	0	0	0	0	0	0	0	0	0	0	0	0	0	0	0	0	0	0	0	0	0	0	0	0	0	0	0	0	0	0	0	0	0	0	0	0	0	0	0	0	0	0	0	0	0	0	0	0	0	0	0	0	0	0	0	0	0	0	0	0	0	0	0	0	0	0	0	0	0	0	0	0	0	0	0	0	0	0	0	0	0	0	0	0	0	0	0	0	0	0	0	0	0	0	0	0	0	0	0	0	0	0	0	0	0	0	0	0	0	0	0	0	0	0	0	0	0	0	0	0	0	0	0	0	0	0	0	0	0	0	0	0	0	0	0	0	0	0	0	0	0	0	0	0	0	0
0	0	0	0	0	0	0	0	0	0	0	0	0	0	0	0	0	0	0	0	0	0	0	0	0	0	0	0	0	0	0	0	0	0	0	0	0	0	0	0	0	0	0	0	0	0	0	0	0	0	0	0	0	0	0	0	0	0	0	0	0	0	0	0	0	0	0	0	0	0	0	0	0	0	0	0	0	0	0	0	0	0	0	0	0	0	0	0	0	0	0	0	0	0	0	0	0	0	0	0	0	0	0	0	0	0	0	0	0	0	0	0	0	0	0	0	0	0	0	0	0	0	0	0	0	0	0	0	0	0	0	0	0	0	0	0	0	0	0	0	0	0	0	0	0	0	0	0	0	0	0	0	0	0	0	0	0	0	0	0	0	0	0	0	0	0	0	0	0	0	0	0	0	0	0	0	0	0	0	0	0	0	0	0	0	0	0	0	0	0	0	0	0	0	0	0	0	0	0	0	0	0	0	0	0	0	0	0	0	0	0	0	0	0	0	0	0	0	0	0	0	0	0	0	0	0	0	0	0	0	0	0	0	0	0	0	0	0	0	0	0	0	0	0	0	0	0	0	0	0	0	0	0	0	0	0	0	0	0	0	0	0	0	0	0	0	0	0	0	0	0	0	0	0	0	0	0	0	0	0	0	0	0	0	0	0	0	0	0	0	0	0	0	0	0	0	0	0	0	0	0	0	0	0	0	0	0	0	0	0	0	0	0	0	0	0	0	0	0	0	0	0	0	0	0	0	0	0	0	0	0	0	0	0	0	0	0	0	0	0	0	0	0	0	0	0	0	0	0	0	0	0	0	0	0	0	0	0	0	0	0	0	0	0	0	0	0	0	0	0	0	0	0	0	0	0	0	0	0	0	0	0	0	0	0	0	0	0	0	0	0	0	0	0	0	0	0	0	0	0	0	0	0	0	0	0	0	0	0	0	0	0	0	0	0	0	0	0	0	0	0	0	0	0	0	0	0	0	0	0	0	0	0	0	0	0	0	0	0	0	0	0	0	0	0	0	0	0	0	0	0	0	0	0	0	0	0	0	0	0	0	0	0	0	0	0	0	0	0	0	0	0	0	0	0	0	0	0	0	0	0	0	0	0	0	0	0	0	0
0	0	0	0	0	0	0	0	0	0	0	0	0	0	0	0	0	0	0	0	0	0	0	0	0	0	0	0	0	0	0	0	0	0	0	0	0	0	0	0	0	0	0	0	0	0	0	0	0	0	0	0	0	0	0	0	0	0	0	0	0	0	0	0	0	0	0	0	0	0	0	0	0	0	0	0	0	0	0	0	0	0	0	0	0	0	0	0	0	0	0	0	0	0	0	0	0	0	0	0	0	0	0	0	0	0	0	0	0	0	0	0	0	0	0	0	0	0	0	0	0	0	0	0	0	0	0	0	0	0	0	0	0	0	0	0	0	0	0	0	0	0	0	0	0	0	0	0	0	0	0	0	0	0	0	0	0	0	0	0	0	0	0	0	0	0	0	0	0	0	0	0	0	0	0	0	0	0	0	0	0	0	0	0	0	0	0	0	0	0	0	0	0	0	0	0	0	0	0	0	0	0	0	0	0	0	0	0	0	0	0	0	0	0	0	0	0	0	0	0	0	0	0	0	0	0	0	0	0	0	0	0	0	0	0	0	0	0	0	0	0	0	0	0	0	0	0	0	0	0	0	0	0	0	0	0	0	0	0	0	0	0	0	0	0	0	0	0	0	0	0	0	0	0	0	0	0	0	0	0	0	0	0	0	0	0	0	0	0	0	0	0	0	0	0	0	0	0	0	0	0	0	0	0	0	0	0	0	0	0	0	0	0	0	0	0	0	0	0	0	0	0	0	0	0	0	0	0	0	0	0	0	0	0	0	0	0	0	0	0	0	0	0	0	0	0	0	0	0	0	0	0	0	0	0	0	0	0	0	0	0	0	0	0	0	0	0	0	0	0	0	0	0	0	0	0	0	0	0	0	0	0	0	0	0	0	0	0	0	0	0	0	0	0	0	0	0	0	0	0	0	0	0	0	0	0	0	0	0	0	0	0	0	0	0	0	0	0	0	0	0	0	0	0	0	0	0	0	0	0	0	0	0	0	0	0	0	0	0	0	0	0	0	0	0	0	0	0	0	0	0	0	0	0	0	0	0	0	0	0	0	0	0	0	0	0	0	0	0	0	0	0	0	0	0	0	0	0	0	0	0	0	0	0	0	0	0	0	0
0	0	0	0	0	0	0	0	0	0	0	0	0	0	0	0	0	0	0	0	0	0	0	0	0	0	0	0	0	0	0	0	0	0	0	0	0	0	0	0	0	0	0	0	0	0	0	0	0	0	0	0	0	0	0	0	0	0	0	0	0	0	0	0	0	0	0	0	0	0	0	0	0	0	0	0	0	0	0	0	0	0	0	0	0	0	0	0	0	0	0	0	0	0	0	0	0	0	0	0	0	0	0	0	0	0	0	0	0	0	0	0	0	0	0	0	0	0	0	0	0	0	0	0	0	0	0	0	0	0	0	0	0	0	0	0	0	0	0	0	0	0	0	0	0	0	0	0	0	0	0	0	0	0	0	0	0	0	0	0	0	0	0	0	0	0	0	0	0	0	0	0	0	0	0	0	0	0	0	0	0	0	0	0	0	0	0	0	0	0	0	0	0	0	0	0	0	0	0	0	0	0	0	0	0	0	0	0	0	0	0	0	0	0	0	0	0	0	0	0	0	0	0	0	0	0	0	0	0	0	0	0	0	0	0	0	0	0	0	0	0	0	0	0	0	0	0	0	0	0	0	0	0	0	0	0	0	0	0	0	0	0	0	0	0	0	0	0	0	0	0	0	0	0	0	0	0	0	0	0	0	0	0	0	0	0	0	0	0	0	0	0	0	0	0	0	0	0	0	0	0	0	0	0	0	0	0	0	0	0	0	0	0	0	0	0	0	0	0	0	0	0	0	0	0	0	0	0	0	0	0	0	0	0	0	0	0	0	0	0	0	0	0	0	0	0	0	0	0	0	0	0	0	0	0	0	0	0	0	0	0	0	0	0	0	0	0	0	0	0	0	0	0	0	0	0	0	0	0	0	0	0	0	0	0	0	0	0	0	0	0	0	0	0	0	0	0	0	0	0	0	0	0	0	0	0	0	0	0	0	0	0	0	0	0	0	0	0	0	0	0	0	0	0	0	0	0	0	0	0	0	0	0	0	0	0	0	0	0	0	0	0	0	0	0	0	0	0	0	0	0	0	0	0	0	0	0	0	0	0	0	0	0	0	0	0	0	0	0	0	0	0	0	0	0	0	0	0	0	0	0	0	0	0	0	0	0	0	0
0	0	0	0	0	0	0	0	0	0	0	0	0	0	0	0	0	0	0	0	0	0	0	0	0	0	0	0	0	0	0	0	0	0	0	0	0	0	0	0	0	0	0	0	0	0	0	0	0	0	0	0	0	0	0	0	0	0	0	0	0	0	0	0	0	0	0	0	0	0	0	0	0	0	0	0	0	0	0	0	0	0	0	0	0	0	0	0	0	0	0	0	0	0	0	0	0	0	0	0	0	0	0	0	0	0	0	0	0	0	0	0	0	0	0	0	0	0	0	0	0	0	0	0	0	0	0	0	0	0	0	0	0	0	0	0	0	0	0	0	0	0	0	0	0	0	0	0	0	0	0	0	0	0	0	0	0	0	0	0	0	0	0	0	0	0	0	0	0	0	0	0	0	0	0	0	0	0	0	0	0	0	0	0	0	0	0	0	0	0	0	0	0	0	0	0	0	0	0	0	0	0	0	0	0	0	0	0	0	0	0	0	0	0	0	0	0	0	0	0	0	0	0	0	0	0	0	0	0	0	0	0	0	0	0	0	0	0	0	0	0	0	0	0	0	0	0	0	0	0	0	0	0	0	0	0	0	0	0	0	0	0	0	0	0	0	0	0	0	0	0	0	0	0	0	0	0	0	0	0	0	0	0	0	0	0	0	0	0	0	0	0	0	0	0	0	0	0	0	0	0	0	0	0	0	0	0	0	0	0	0	0	0	0	0	0	0	0	0	0	0	0	0	0	0	0	0	0	0	0	0	0	0	0	0	0	0	0	0	0	0	0	0	0	0	0	0	0	0	0	0	0	0	0	0	0	0	0	0	0	0	0	0	0	0	0	0	0	0	0	0	0	0	0	0	0	0	0	0	0	0	0	0	0	0	0	0	0	0	0	0	0	0	0	0	0	0	0	0	0	0	0	0	0	0	0	0	0	0	0	0	0	0	0	0	0	0	0	0	0	0	0	0	0	0	0	0	0	0	0	0	0	0	0	0	0	0	0	0	0	0	0	0	0	0	0	0	0	0	0	0	0	0	0	0	0	0	0	0	0	0	0	0	0	0	0	0	0	0	0	0	0	0	0	0	0	0	0	0	0	0	0	0	0	0	0	0	0	0
0	0	0	0	0	0	0	0	0	0	0	0	0	0	0	0	0	0	0	0	0	0	0	0	0	0	0	0	0	0	0	0	0	0	0	0	0	0	0	0	0	0	0	0	0	0	0	0	0	0	0	0	0	0	0	0	0	0	0	0	0	0	0	0	0	0	0	0	0	0	0	0	0	0	0	0	0	0	0	0	0	0	0	0	0	0	0	0	0	0	0	0	0	0	0	0	0	0	0	0	0	0	0	0	0	0	0	0	0	0	0	0	0	0	0	0	0	0	0	0	0	0	0	0	0	0	0	0	0	0	0	0	0	0	0	0	0	0	0	0	0	0	0	0	0	0	0	0	0	0	0	0	0	0	0	0	0	0	0	0	0	0	0	0	0	0	0	0	0	0	0	0	0	0	0	0	0	0	0	0	0	0	0	0	0	0	0	0	0	0	0	0	0	0	0	0	0	0	0	0	0	0	0	0	0	0	0	0	0	0	0	0	0	0	0	0	0	0	0	0	0	0	0	0	0	0	0	0	0	0	0	0	0	0	0	0	0	0	0	0	0	0	0	0	0	0	0	0	0	0	0	0	0	0	0	0	0	0	0	0	0	0	0	0	0	0	0	0	0	0	0	0	0	0	0	0	0	0	0	0	0	0	0	0	0	0	0	0	0	0	0	0	0	0	0	0	0	0	0	0	0	0	0	0	0	0	0	0	0	0	0	0	0	0	0	0	0	0	0	0	0	0	0	0	0	0	0	0	0	0	0	0	0	0	0	0	0	0	0	0	0	0	0	0	0	0	0	0	0	0	0	0	0	0	0	0	0	0	0	0	0	0	0	0	0	0	0	0	0	0	0	0	0	0	0	0	0	0	0	0	0	0	0	0	0	0	0	0	0	0	0	0	0	0	0	0	0	0	0	0	0	0	0	0	0	0	0	0	0	0	0	0	0	0	0	0	0	0	0	0	0	0	0	0	0	0	0	0	0	0	0	0	0	0	0	0	0	0	0	0	0	0	0	0	0	0	0	0	0	0	0	0	0	0	0	0	0	0	0	0	0	0	0	0	0	0	0	0	0	0	0	0	0	0	0	0	0	0	0	0	0	0	0	0	0	0	0	0	0
0	0	0	0	0	0	0	0	36	9	4	3	1	2	4	5	3	1	2	2	1	1	2	1	3	1	0	2	1	2	2	3	2	0	2	2	0	1	1	0	1	1	0	1	3	1	1	2	4	2	1	0	2	0	2	1	1	3	2	1	0	0	1	1	2	0	0	2	2	1	1	3	0	0	0	1	0	0	1	0	0	0	1	0	1	1	1	2	1	0	0	0	0	0	0	1	0	0	0	0	0	1	1	0	0	0	0	0	0	0	1	0	1	1	0	3	0	3	2	1	3	2	1	5	8	6	2	7	2	0	1	1	1	2	0	1	0	2	3	1	3	2	4	1	1	0	1	0	1	0	0	0	1	0	0	0	1	1	2	1	2	0	0	2	1	1	0	1	2	1	1	0	0	1	0	1	0	0	1	0	0	0	1	0	0	0	0	0	0	0	0	0	1	1	2	1	1	6	2	1	1	0	0	1	1	0	1	0	0	0	0	0	2	0	1	1	2	1	1	1	0	1	0	1	1	2	0	0	0	1	0	0	0	1	0	1	0	0	0	0	0	1	1	1	0	1	0	1	1	1	1	1	0	2	2	2	1	0	1	1	1	0	0	0	0	1	0	0	0	0	2	0	0	0	0	1	1	0	0	1	0	0	0	0	0	0	1	0	0	0	1	0	0	1	0	0	0	1	0	1	2	2	2	2	1	0	0	0	0	0	0	1	0	0	0	0	0	0	1	1	1	0	0	0	0	0	0	0	0	0	0	0	0	0	0	0	0	0	0	1	0	3	1	0	1	0	0	1	0	0	0	0	0	0	0	0	0	0	0	1	0	0	0	0	0	0	0	1	1	0	0	0	0	0	0	2	1	0	0	1	3	0	0	0	0	0	0	0	2	0	0	0	0	0	0	1	0	1	0	0	0	0	0	0	0	0	0	0	0	0	0	0	0	0	0	0	1	0	0	0	0	0	0	0	0	0	0	0	0	0	0	0	0	0	0	0	0	0	0	0	0	0	0	0	0	0	0	0	1	0	0	0	0	0	0	0	1	0	0	0	1	0	0	0	0	0	0	0	0	0	0	0	0	1	1	0	0	0	0	0	0	0	0	0	0	0	0	1	0
0	0	0	0	0	0	0	36	0	21	21	6	5	10	6	10	3	5	2	0	0	0	0	0	4	1	1	1	0	5	4	4	5	1	1	0	1	4	1	2	1	1	0	1	0	5	0	1	4	1	3	1	1	2	1	1	0	0	3	0	1	0	1	3	1	6	0	4	1	0	7	2	3	3	1	1	0	0	1	1	0	1	0	0	0	0	0	0	0	0	1	0	1	2	1	2	1	0	0	0	1	0	0	0	1	1	0	1	1	0	0	0	1	4	2	1	2	1	0	8	7	5	4	3	9	11	6	4	7	2	0	2	0	1	0	2	3	1	8	1	4	3	4	3	0	1	0	0	1	2	0	1	0	0	0	1	0	0	1	2	0	1	2	0	0	0	1	0	0	4	0	1	0	1	2	1	0	0	0	1	0	2	0	0	1	0	0	0	0	1	1	0	0	0	0	0	1	2	1	0	0	1	1	2	2	1	1	1	0	0	0	0	2	0	2	1	2	0	2	0	1	0	1	2	0	2	1	1	1	1	0	1	1	1	0	0	0	2	2	0	1	1	0	0	3	1	1	1	1	1	0	0	0	2	0	1	1	2	1	1	0	0	1	0	0	2	0	0	0	1	0	1	0	0	0	0	0	0	0	1	0	2	0	0	0	0	0	0	1	0	0	1	0	1	1	0	0	1	1	0	0	1	0	3	1	1	0	0	1	0	1	1	1	0	0	0	0	0	1	0	0	1	0	0	0	0	0	0	0	0	0	0	0	0	0	0	0	0	0	0	1	0	0	0	1	0	0	0	0	0	0	1	0	0	1	0	0	0	0	0	1	0	0	0	1	1	0	0	0	0	0	0	1	0	0	0	0	0	0	0	0	0	0	0	0	0	0	0	0	0	0	2	0	0	1	0	0	0	0	0	0	0	0	0	2	0	0	0	0	0	0	0	0	0	0	0	0	0	0	0	1	0	0	0	0	0	0	0	0	0	0	0	0	0	0	0	0	0	0	0	0	0	0	1	0	0	0	0	0	0	0	1	0	0	0	0	0	0	0	0	0	0	0	1	1	0	1	1	0	0	0	0	0	0	0	0	0	0	0	0	0	0	0	0	0	0	0	0	0
0	0	0	0	0	0	0	9	21	0	33	10	5	24	53	24	7	5	5	1	2	0	2	4	5	3	2	1	8	8	3	4	0	1	3	2	3	1	0	1	3	3	4	4	3	6	3	5	5	5	7	2	6	0	4	2	1	1	2	4	2	2	4	3	3	1	4	2	1	4	5	3	1	0	3	1	1	2	2	3	2	2	1	2	1	0	1	2	1	1	0	0	0	1	0	0	2	0	1	1	1	0	0	0	1	2	0	3	2	1	2	1	2	2	1	2	4	0	7	10	20	12	6	7	11	12	15	5	3	5	4	3	1	1	0	0	3	1	6	3	4	3	4	4	2	2	1	0	1	0	0	0	0	0	0	0	0	0	3	3	1	1	1	0	2	3	2	1	2	1	1	4	1	2	0	1	0	2	0	1	1	0	0	0	1	1	0	2	1	1	3	0	1	2	0	2	4	5	0	1	1	0	0	0	0	1	2	1	0	0	1	2	0	0	2	2	4	2	2	2	0	0	0	0	0	1	1	0	0	2	2	0	0	0	1	3	0	0	1	1	1	0	0	1	0	0	3	1	1	0	1	1	2	0	0	3	0	1	1	1	2	0	0	0	0	1	0	0	0	0	1	0	1	0	1	0	1	0	0	0	1	0	0	0	0	2	0	1	0	0	0	0	2	1	0	0	1	0	2	2	0	0	0	1	3	1	0	1	0	1	0	0	0	0	0	0	0	0	1	0	0	0	0	1	0	0	0	1	1	0	0	0	0	0	0	0	0	0	0	0	0	0	1	0	0	0	0	1	0	1	0	0	1	0	0	1	0	0	1	0	1	1	0	0	0	0	0	0	1	0	1	1	0	0	1	1	0	0	1	0	1	1	0	0	0	0	0	0	0	0	0	0	1	0	0	0	0	0	1	0	0	0	0	0	0	0	0	0	1	0	0	0	0	0	0	2	2	0	0	0	0	0	1	0	2	0	0	0	1	0	0	0	0	0	0	0	0	0	0	0	0	0	0	0	0	0	0	0	0	0	0	1	0	0	0	0	0	0	0	0	0	0	0	1	0	0	0	1	0	0	0	0	0	0	0	1	0	1	0	0	1	0	0	0	0	0	0	0	0
0	0	0	0	0	0	0	4	21	33	0	23	3	13	26	13	5	6	0	1	2	1	1	5	4	6	3	2	12	7	9	5	3	0	4	2	5	0	4	3	0	2	3	1	2	3	5	4	9	3	7	8	0	1	0	4	2	4	3	2	1	2	1	0	0	1	2	2	3	2	6	6	4	0	0	3	2	0	1	1	1	0	0	0	1	0	0	2	2	0	2	1	1	0	1	1	2	0	1	1	1	0	0	1	2	1	1	0	0	1	3	3	2	1	0	3	3	9	5	4	6	4	0	7	14	24	9	2	1	2	2	1	0	2	1	2	4	3	3	3	6	1	5	4	1	0	1	1	0	2	3	1	0	3	1	0	0	2	0	0	2	0	3	0	1	0	0	1	0	4	2	0	2	3	1	3	0	0	1	0	0	0	0	0	0	0	1	0	1	1	1	0	1	0	1	0	3	2	0	0	2	1	1	2	0	2	2	1	0	0	1	1	0	4	4	1	2	5	1	2	1	1	1	1	2	0	2	0	3	0	0	3	1	1	0	0	0	0	0	0	0	0	1	2	0	2	1	1	2	1	0	1	0	0	1	0	1	0	0	0	1	1	0	0	0	0	0	0	0	0	1	0	1	1	0	0	0	0	0	0	1	0	1	0	1	0	2	1	0	0	0	0	1	1	0	0	0	0	0	0	0	1	1	1	1	0	0	0	0	0	0	0	0	0	0	0	0	1	1	0	0	0	0	0	0	0	0	0	0	0	0	0	0	0	0	0	0	2	0	1	0	0	1	0	0	0	1	0	0	0	0	0	0	1	1	0	0	0	0	0	1	2	0	1	0	0	0	0	1	0	0	0	0	0	0	1	0	0	0	0	0	0	0	0	0	0	0	0	0	0	0	0	0	1	0	0	0	0	0	1	0	0	0	0	0	0	0	0	1	0	0	0	0	0	1	0	0	0	1	0	0	0	0	0	0	0	0	0	0	0	0	0	0	0	0	0	0	0	0	0	1	0	0	0	0	0	0	0	0	0	0	1	0	0	0	0	0	0	0	0	0	0	0	0	0	0	0	0	0	0	0	0	0	0	0	0	0	0	0	0	0	0	0	2	0	0	0	0	0
0	0	0	0	0	0	0	3	6	10	23	0	21	35	23	17	8	4	15	5	2	1	2	10	8	15	10	6	23	22	16	9	5	4	3	6	2	1	2	3	4	4	5	3	6	5	10	10	8	5	4	6	2	6	1	0	3	6	7	1	1	0	2	2	0	1	3	1	1	2	2	1	2	0	3	2	1	0	0	0	0	0	1	0	1	1	2	4	2	0	0	0	0	1	0	0	0	0	1	0	2	3	2	2	0	0	2	3	4	0	0	4	2	1	3	2	4	5	5	3	6	7	3	10	18	16	4	3	3	5	2	3	2	1	3	3	6	2	12	17	7	4	7	5	1	3	1	3	1	1	0	2	0	1	2	3	0	2	0	1	2	1	2	1	1	0	0	1	1	3	1	0	0	0	1	1	1	1	0	1	2	1	1	0	2	1	1	0	0	1	2	1	0	0	1	0	1	2	2	0	2	0	1	0	2	1	0	0	1	0	0	1	0	0	4	3	6	3	2	1	2	0	0	1	0	0	1	1	0	0	0	1	1	0	0	0	0	1	0	0	0	1	1	0	1	1	0	1	1	0	0	0	0	0	1	1	1	1	1	0	0	0	0	0	0	0	0	0	1	0	0	1	0	0	0	0	0	0	1	1	3	0	0	0	2	2	0	1	0	1	1	0	2	0	0	0	0	1	2	1	1	1	0	2	0	0	1	0	0	0	1	1	0	0	0	0	1	0	0	0	0	0	0	2	0	0	0	0	1	0	1	1	0	0	0	0	0	1	0	1	0	1	1	1	1	0	0	0	0	1	0	0	0	0	0	0	0	0	0	0	0	0	1	0	3	0	0	1	0	0	1	0	0	1	0	0	0	0	0	0	0	0	0	0	0	0	0	0	0	0	0	0	1	0	0	1	0	0	0	0	0	0	0	1	0	0	0	0	0	0	0	0	0	0	0	0	0	0	0	0	1	0	0	0	0	0	0	0	0	0	0	1	0	0	0	0	0	1	0	0	0	0	0	1	0	0	1	0	1	1	0	0	0	0	0	0	0	1	0	0	0	0	0	2	0	0	0	0	2	0	0	0	0	0	0	0	0	0	0	0	0	0	0	0	0	0	0	0	0
0	0	0	0	0	0	0	1	5	5	3	21	0	37	12	22	23	23	43	2	0	2	7	40	54	8	6	5	8	7	7	1	4	8	2	5	3	1	0	3	6	3	6	3	10	22	9	10	3	4	4	2	4	3	3	3	4	4	10	7	8	4	2	2	0	1	8	1	9	7	6	3	2	2	3	2	1	1	3	0	2	3	0	0	3	3	2	3	5	2	1	2	1	0	0	0	0	0	0	1	3	4	3	0	0	2	2	2	0	6	3	2	4	0	3	3	7	12	10	5	3	6	1	14	9	6	3	5	6	14	12	3	0	3	0	5	4	4	10	9	12	11	7	8	3	3	3	1	1	1	2	0	1	2	2	0	0	0	1	2	2	0	2	2	2	1	0	2	3	4	1	2	3	1	0	0	0	2	1	0	2	1	0	0	0	0	1	1	0	2	1	3	1	2	1	3	2	6	2	0	0	0	1	0	1	1	0	3	1	2	2	1	0	1	1	10	3	9	15	2	0	2	1	2	0	2	1	2	1	2	1	0	1	0	0	1	0	0	2	1	1	2	2	1	2	0	2	1	2	1	1	2	0	2	2	1	1	1	0	0	2	1	0	0	0	0	0	0	0	0	0	0	0	0	2	0	0	0	1	1	0	0	0	0	0	0	0	0	0	2	2	1	0	0	1	2	0	0	1	1	1	1	0	1	2	0	0	0	0	0	0	1	0	0	0	0	0	0	0	0	2	0	0	0	0	1	0	0	2	0	0	0	0	0	1	0	0	1	2	0	0	0	0	1	1	0	2	0	1	0	0	1	0	0	1	0	0	0	0	0	2	0	0	0	0	0	2	0	0	1	0	0	0	0	0	0	0	0	0	0	0	0	0	0	1	1	0	0	0	0	0	0	0	0	1	0	0	0	0	0	0	1	0	1	1	0	0	0	0	0	2	0	0	0	0	0	1	0	0	0	1	0	0	0	0	1	0	1	0	0	0	0	0	0	0	0	0	0	0	0	0	0	0	0	1	0	0	0	0	0	0	1	0	0	1	0	0	0	0	0	0	0	1	0	0	1	0	1	0	0	0	0	1	0	0	0	0	0	0	0	0	0	0	0	0	1	0	0	0
0	0	0	0	0	0	0	2	10	24	13	35	37	0	48	85	23	17	9	2	1	3	2	6	12	7	6	1	7	2	9	7	2	6	5	3	5	0	1	5	4	5	3	1	4	18	19	11	4	5	6	3	3	1	2	4	5	3	6	5	3	0	0	7	1	7	3	1	2	5	4	4	4	3	5	1	0	0	4	1	1	0	0	0	1	0	2	4	2	2	1	0	0	1	1	4	0	1	1	2	1	2	0	0	1	2	0	3	2	1	2	2	1	2	1	4	5	6	10	5	16	26	9	17	8	14	4	3	4	9	9	4	2	3	1	2	0	7	7	10	11	3	7	5	3	1	2	3	1	0	0	0	0	3	1	1	0	1	2	2	1	2	3	0	1	0	0	0	2	4	1	3	1	0	1	0	0	1	2	0	3	0	1	0	1	1	1	0	0	0	1	0	2	4	1	4	4	3	0	0	0	1	1	0	2	2	0	0	1	0	0	0	1	0	4	5	6	7	5	0	0	1	2	1	0	0	1	0	2	1	0	1	1	2	2	0	0	1	1	0	1	1	1	1	3	2	0	0	1	0	0	1	0	1	1	0	1	0	0	0	2	0	0	0	0	0	0	0	1	1	1	0	1	1	1	0	0	0	0	0	0	1	0	0	0	0	1	0	0	0	1	1	0	0	0	0	0	1	0	1	0	0	3	1	1	1	0	1	0	0	0	2	0	0	0	0	2	1	0	0	0	0	0	0	1	0	0	0	0	0	0	0	1	0	0	1	1	0	1	0	0	1	1	0	1	2	0	0	0	0	0	0	1	0	0	1	0	0	1	0	0	0	0	1	0	0	0	0	1	1	2	0	2	0	2	0	1	1	1	0	0	0	0	0	0	0	1	0	0	0	0	0	1	0	0	0	0	0	0	0	1	1	0	0	0	1	0	1	0	0	0	0	0	0	0	0	0	0	2	1	0	0	0	0	0	0	0	0	0	1	0	0	1	0	0	0	0	0	0	0	0	0	0	0	0	0	0	0	2	0	0	0	1	0	1	0	0	0	0	0	0	0	0	0	0	1	0	1	0	0	0	0	0	0	0	0	0	0	1	0	0	0	0	0	1	0	0	0	0
0	0	0	0	0	0	0	4	6	53	26	23	12	48	0	17	9	12	7	3	0	3	1	4	5	10	4	3	9	5	6	6	2	2	7	7	5	1	1	4	3	5	1	2	2	8	11	6	4	10	9	4	6	9	2	5	4	3	1	2	2	3	1	3	2	2	2	1	3	0	3	4	3	2	3	4	1	2	1	1	0	0	2	0	1	0	0	3	0	1	0	0	1	0	1	0	1	1	0	0	1	1	0	1	0	0	0	0	3	3	0	3	1	1	2	1	5	3	7	11	20	48	7	5	8	7	2	4	1	9	3	3	1	3	1	1	4	2	3	5	2	0	3	0	1	1	1	2	2	0	1	1	1	0	1	1	0	1	0	3	3	1	2	2	0	2	1	1	2	1	0	1	2	1	1	0	0	0	0	1	0	0	0	0	1	1	2	1	0	1	2	1	0	4	1	0	3	6	3	1	0	2	2	1	0	4	0	0	2	1	0	0	0	3	4	3	6	1	3	1	2	0	1	1	2	0	1	0	1	1	1	1	0	1	3	0	0	0	2	0	0	0	0	1	4	0	0	0	2	2	1	3	0	1	0	0	1	2	0	1	0	0	0	1	0	0	0	1	0	0	0	0	0	1	1	0	0	1	0	0	0	0	1	0	0	0	0	1	0	0	0	1	0	0	0	0	1	0	0	0	0	0	0	1	1	0	1	0	0	0	0	0	0	1	1	0	0	2	0	0	0	1	1	0	0	0	0	0	2	0	0	2	0	0	1	0	0	0	0	0	0	0	1	0	0	0	0	2	0	2	0	0	1	1	0	0	1	0	0	0	0	0	0	0	0	1	0	0	0	0	2	0	0	0	0	0	0	1	0	0	0	0	0	0	0	1	0	0	0	1	1	0	0	0	1	0	0	1	0	0	0	0	0	1	0	0	0	0	0	0	0	0	0	0	0	1	1	0	1	0	0	0	0	0	1	0	0	0	1	0	0	0	1	0	1	1	0	0	0	0	2	0	0	0	0	0	0	0	0	0	0	1	0	0	0	0	1	0	0	0	0	0	0	0	0	0	0	0	0	0	0	0	1	0	0	1	0	0	0	0	0	1	0	0	1	1	0	0	0
0	0	0	0	0	0	0	5	10	24	13	17	22	85	17	0	46	15	4	2	0	3	3	8	11	5	1	4	3	3	6	1	5	3	4	1	4	1	2	2	4	2	5	0	3	4	12	6	3	4	9	5	0	2	0	1	2	4	5	5	5	3	8	3	2	3	1	3	4	6	3	7	2	0	3	4	3	0	3	1	1	1	0	3	1	1	0	4	4	3	4	2	0	0	1	0	1	1	2	0	1	1	4	0	1	1	2	0	6	2	4	3	2	1	2	5	6	6	12	19	25	11	7	39	25	13	8	3	6	15	12	1	2	4	3	3	2	6	9	4	10	6	10	4	1	4	2	3	0	0	2	3	1	2	0	4	3	0	2	1	2	2	0	0	1	0	2	1	0	2	1	0	1	0	1	2	1	0	0	0	1	1	0	0	1	0	3	2	1	0	0	0	0	2	0	4	6	4	2	1	1	1	1	0	1	4	0	0	1	1	0	1	1	3	2	1	4	6	6	1	3	1	0	3	2	1	1	0	2	2	0	1	1	0	0	0	0	1	0	0	2	2	1	0	1	0	1	1	1	2	1	0	0	0	1	0	2	0	0	3	0	0	0	0	0	1	0	0	0	0	0	1	2	0	0	0	2	0	0	0	0	0	0	2	4	0	0	1	1	0	2	0	1	1	2	1	0	3	1	0	1	2	0	0	0	0	0	0	0	1	0	0	2	0	0	0	0	0	0	0	1	0	0	0	0	0	0	0	0	0	0	2	1	0	0	0	0	0	0	0	0	0	2	0	1	0	1	0	0	0	0	0	0	0	0	0	0	0	0	0	0	0	0	1	0	0	0	0	1	0	0	1	0	0	0	0	1	0	0	0	0	0	0	0	1	0	0	0	1	0	0	0	0	0	0	0	0	0	0	0	1	0	0	1	0	1	0	0	0	0	0	0	0	0	0	0	0	0	0	0	1	0	1	1	0	0	0	1	0	0	0	1	0	0	0	0	0	0	0	0	0	0	2	0	0	0	1	0	0	1	2	0	0	0	0	0	0	1	0	0	0	0	0	0	0	0	0	1	0	0	0	0	0	0	0	0	1	0	0	0	0	0	0	0	0	0	1	0	0
0	0	0	0	0	0	0	3	3	7	5	8	23	23	9	46	0	28	12	1	0	3	8	8	5	5	2	2	3	2	3	1	0	0	2	3	2	7	2	2	4	1	2	1	2	12	16	1	4	4	7	1	3	4	1	3	2	3	5	10	7	8	4	6	5	5	5	4	2	7	9	6	8	3	5	0	4	5	3	4	0	2	2	0	4	1	4	5	2	4	2	1	0	0	0	1	0	2	3	1	1	1	1	0	0	1	1	3	5	4	2	6	8	4	5	8	4	17	36	17	13	5	10	120	7	6	6	12	15	31	11	2	3	5	5	1	1	2	6	6	5	3	9	6	2	5	2	3	3	0	6	4	3	0	2	0	1	2	2	3	1	6	1	0	3	1	2	4	2	3	0	1	4	0	2	1	3	5	2	1	0	0	0	2	0	0	2	4	0	2	2	2	1	4	4	7	4	7	1	1	1	1	4	3	1	4	0	0	1	0	0	0	1	1	11	5	5	4	4	7	3	3	0	2	1	2	1	1	2	3	0	1	1	1	0	1	0	0	0	0	1	0	0	1	3	1	3	6	2	2	0	2	0	1	0	1	4	0	0	0	2	1	0	0	0	3	0	1	1	0	3	1	0	0	1	0	1	0	0	1	0	0	0	0	0	0	1	2	1	1	2	1	3	0	0	0	0	2	1	0	3	0	3	2	2	1	1	0	0	0	0	0	1	0	0	0	1	0	0	0	1	0	1	1	0	0	0	0	0	0	1	0	0	0	0	0	0	0	1	0	0	2	1	0	0	0	0	0	0	0	0	0	0	0	0	1	0	0	0	0	0	0	1	0	0	0	0	0	0	0	0	3	1	0	0	1	0	0	0	0	0	0	0	0	1	0	0	0	0	0	0	0	0	0	0	1	0	0	1	0	0	0	1	0	0	1	0	1	2	1	1	0	0	1	1	0	0	0	0	0	0	1	0	1	0	0	0	1	1	1	0	0	0	0	0	2	1	0	0	0	0	0	0	0	0	0	1	0	1	0	0	1	0	1	0	0	1	0	0	1	0	1	0	0	0	1	0	1	0	0	0	0	0	1	0	0	1	0	0	1	0	0	0	0	1	0	0	0	0
0	0	0	0	0	0	0	1	5	5	6	4	23	17	12	15	28	0	32	4	1	2	0	13	11	3	1	5	6	4	4	4	3	6	6	6	3	1	0	7	8	6	6	4	10	18	35	6	5	4	13	10	7	5	3	4	5	3	12	19	6	7	3	3	1	7	3	4	4	13	13	15	6	1	3	5	2	3	5	1	0	2	1	2	5	1	4	6	5	0	0	2	4	1	1	4	2	1	2	1	0	0	0	0	2	3	2	2	2	3	3	2	0	2	4	4	4	7	5	5	9	14	10	10	3	4	4	2	11	7	8	0	0	1	0	0	1	0	3	4	2	7	3	4	3	1	1	1	1	1	3	6	2	3	2	6	2	3	4	10	2	1	3	6	0	4	5	4	2	2	3	0	0	1	0	2	2	1	0	1	0	0	3	0	0	1	3	3	2	1	1	2	3	5	3	3	3	6	2	3	1	1	2	1	2	0	1	1	0	0	0	0	0	0	3	5	4	3	4	5	2	2	2	2	0	2	0	1	2	0	1	1	4	1	0	2	2	2	0	0	0	2	0	4	2	0	3	2	1	0	1	1	2	1	3	0	2	0	1	0	0	0	0	0	0	1	2	0	0	0	0	1	1	0	0	0	2	0	1	1	0	1	2	0	0	1	0	1	1	0	0	0	0	1	0	1	0	0	1	1	0	1	0	2	0	0	0	0	0	0	0	0	1	0	0	0	0	0	0	1	0	0	0	0	0	0	0	1	0	0	1	0	0	0	1	1	0	0	0	0	0	1	1	0	0	1	0	1	1	1	0	0	0	0	1	0	0	0	1	0	0	1	0	0	0	0	1	0	0	0	0	0	0	1	1	1	0	0	0	0	0	0	0	0	0	0	0	0	0	0	0	0	0	1	0	0	1	0	2	0	0	0	0	0	2	0	0	0	0	0	0	1	0	0	0	1	1	2	0	0	2	1	0	0	1	0	0	0	0	0	0	1	0	0	0	1	1	0	0	1	0	0	0	0	0	0	1	0	2	0	0	0	0	0	0	0	0	0	2	0	0	0	0	0	0	0	1	0	0	0	0	0	0	0	0	0	0	0	0	0	0	0	0	0	0	0	1	0	0
0	0	0	0	0	0	0	2	2	5	0	15	43	9	7	4	12	32	0	12	0	1	11	24	23	25	5	7	11	6	3	2	6	10	17	11	4	3	3	4	7	14	11	4	24	70	29	5	9	15	8	2	5	3	3	6	5	13	14	14	8	4	1	6	3	8	3	2	1	7	5	2	3	0	1	4	4	4	1	2	1	0	0	2	1	1	3	4	9	3	2	0	1	1	1	2	2	2	1	0	4	1	1	1	1	1	3	1	2	4	3	2	3	3	3	1	4	10	6	2	5	7	3	5	4	11	3	3	6	5	4	2	2	1	2	1	1	5	3	7	4	3	5	4	0	2	1	0	4	4	6	4	2	3	1	1	1	1	3	4	2	0	2	1	0	1	2	5	1	1	2	0	1	1	4	2	2	0	1	1	0	2	0	0	1	0	1	1	2	0	3	1	1	1	3	2	3	4	2	0	0	0	0	1	1	0	1	1	1	0	2	0	4	0	1	3	8	6	5	5	3	2	2	3	3	0	2	1	0	1	0	2	1	3	1	0	0	0	1	0	0	2	0	2	1	0	0	3	1	0	0	1	1	0	0	0	1	0	0	0	0	0	0	0	2	1	1	0	0	0	1	0	0	1	1	0	1	0	0	0	0	0	0	0	0	1	0	0	0	0	0	1	0	1	0	0	0	0	0	1	0	1	1	1	0	0	0	0	0	0	0	0	1	2	0	0	0	0	1	0	0	0	0	0	0	0	1	0	1	0	0	0	0	0	0	0	0	1	0	1	0	1	2	1	0	1	0	0	0	0	0	0	2	0	0	0	1	0	1	1	0	0	0	0	0	0	0	0	0	1	0	1	1	0	0	2	0	1	0	0	0	0	0	0	0	0	0	0	1	0	0	1	0	0	0	0	1	0	0	1	0	0	1	0	0	0	1	0	0	0	0	0	0	0	0	0	1	0	0	0	1	0	0	0	0	0	1	0	0	0	0	1	0	1	1	0	0	0	0	0	0	0	0	0	0	0	0	1	0	1	0	0	0	0	1	0	0	0	0	0	0	0	0	1	0	0	0	0	0	0	0	0	0	0	0	0	0	0	1	0	0	0	0	1	0	0	0	0	0
0	0	0	0	0	0	0	2	0	1	1	5	2	2	3	2	1	4	12	0	33	28	15	4	4	7	11	4	1	3	2	4	1	1	11	5	1	3	1	5	4	7	8	14	31	5	7	4	0	3	3	1	4	3	0	2	5	6	7	2	2	1	1	1	0	3	2	5	4	3	1	1	2	2	0	0	1	3	2	2	0	1	0	3	0	0	4	7	10	3	1	1	0	1	2	0	4	1	1	3	3	3	6	3	5	6	6	8	4	5	1	2	0	1	1	0	1	2	2	0	2	3	0	2	0	1	2	1	1	0	1	2	1	1	1	2	1	1	2	4	5	1	2	0	1	1	3	1	1	3	1	4	5	0	2	0	0	1	3	1	3	0	0	1	2	4	0	0	3	0	0	1	2	0	0	0	0	0	1	0	0	1	1	0	1	0	3	0	3	1	1	1	1	2	2	0	1	2	1	1	1	0	0	0	1	0	0	0	0	0	0	0	1	0	4	2	5	5	5	2	4	0	1	1	0	0	2	2	0	2	1	2	1	1	0	0	0	0	0	0	0	0	0	0	0	0	0	0	0	0	2	1	1	1	0	1	1	0	0	0	1	0	1	0	0	0	0	2	0	0	0	0	0	1	1	1	0	0	1	0	0	0	0	0	0	1	0	1	1	0	1	0	0	0	1	0	0	3	0	1	2	0	1	1	1	0	0	0	0	0	0	0	0	0	0	0	0	0	0	0	0	0	0	0	0	2	0	0	0	0	1	1	0	1	1	1	0	0	0	0	0	0	1	0	0	0	1	0	0	1	0	0	0	1	0	0	0	0	1	0	0	0	1	0	0	0	0	0	0	0	1	0	0	0	1	0	0	0	0	0	0	1	0	0	0	0	1	0	0	0	0	0	0	0	0	0	0	0	0	0	0	0	1	1	0	1	0	0	1	0	0	0	0	1	0	0	0	0	0	0	0	0	0	0	0	0	0	1	0	0	0	0	0	0	0	0	1	0	0	0	0	0	0	1	0	0	1	0	0	1	0	0	0	0	1	0	0	0	1	0	0	0	0	0	0	0	0	0	0	0	1	0	0	0	1	0	0	0	0	0	0	1	0	0	1	0	0	0	1
0	0	0	0	0	0	0	1	0	2	2	2	0	1	0	0	0	1	0	33	0	44	9	4	4	2	2	3	3	1	3	2	3	2	7	1	0	6	3	2	6	6	3	6	8	6	6	1	2	2	0	2	3	2	2	0	1	5	2	4	1	1	1	0	1	2	0	3	1	4	0	0	2	0	1	0	2	0	2	2	0	0	3	0	1	2	2	4	3	4	1	0	0	3	1	1	1	1	1	0	3	0	4	6	7	8	2	3	4	4	2	0	0	1	1	1	2	3	0	1	1	0	0	3	0	0	2	2	0	1	0	0	0	1	0	1	1	3	3	3	0	1	0	2	2	1	3	0	0	0	2	1	1	1	0	2	1	2	4	3	4	1	1	0	0	0	1	0	1	1	0	0	0	0	1	0	1	0	0	0	0	0	0	1	0	1	2	1	1	0	0	1	1	0	1	1	0	0	1	1	0	0	0	1	2	1	1	1	1	0	0	0	2	2	1	3	5	8	9	5	2	2	0	0	0	0	0	1	2	3	5	0	0	0	0	0	0	1	1	0	0	1	0	0	0	1	1	0	1	0	0	1	1	0	0	1	0	2	0	0	0	0	0	0	0	2	0	0	0	0	0	0	0	0	0	0	0	0	0	0	0	1	0	0	0	0	0	1	0	0	0	0	0	0	0	0	0	0	1	1	0	1	2	0	0	1	1	0	0	0	0	0	0	1	0	0	0	0	1	0	0	1	0	1	0	0	1	0	1	0	1	0	0	0	0	0	0	0	2	1	0	0	0	1	0	0	0	1	0	0	0	1	0	0	0	2	0	0	0	0	0	0	1	0	0	0	0	1	0	1	0	0	1	0	0	2	0	0	1	0	0	0	0	0	0	0	1	0	0	0	1	0	0	0	0	0	0	0	0	0	0	0	0	1	1	0	0	0	0	1	0	0	0	0	0	0	1	0	0	1	0	0	0	0	0	1	0	0	0	0	0	0	2	0	1	0	0	1	0	0	0	0	0	0	0	0	1	0	1	0	0	0	1	1	0	0	0	0	0	0	0	0	0	0	0	0	0	0	0	2	0	0	0	1	0	0	0	0	0	0	0	0	0	0	0	0	0	0	0
0	0	0	0	0	0	0	1	0	0	1	1	2	3	3	3	3	2	1	28	44	0	16	7	4	8	10	1	4	7	1	2	3	10	11	4	4	2	2	0	2	1	3	8	6	2	0	4	1	2	2	3	0	2	1	0	0	4	5	4	0	1	2	3	0	1	0	1	1	0	2	0	0	1	3	1	0	0	1	3	2	1	1	0	2	1	0	2	3	3	1	2	2	0	0	2	0	1	0	2	1	3	0	3	10	8	4	3	7	2	2	0	1	0	3	2	4	3	1	0	2	1	1	5	0	6	0	0	0	3	2	3	1	1	0	0	2	3	2	2	3	2	2	0	4	1	1	2	2	1	0	3	0	2	0	0	1	1	3	1	1	0	0	0	0	0	0	0	0	1	0	0	2	2	2	0	0	1	0	0	0	0	1	1	1	0	1	0	0	1	2	1	0	1	1	2	1	2	2	1	0	0	1	0	1	1	1	0	1	2	1	0	0	1	2	2	7	5	9	4	4	0	0	5	0	0	1	1	1	1	0	1	0	0	1	0	1	0	0	1	0	0	1	0	2	0	2	0	0	0	0	0	0	0	0	0	1	1	0	0	0	0	1	0	1	1	0	0	0	0	0	0	0	0	0	0	0	1	0	1	0	0	0	0	1	0	0	0	0	0	0	0	1	0	0	0	0	1	0	0	1	0	1	1	2	1	0	0	0	0	0	0	0	0	0	0	0	0	0	1	0	0	0	0	0	0	1	1	0	0	1	0	0	2	1	0	0	0	0	0	0	1	1	0	1	1	0	0	0	0	0	0	0	0	0	0	0	1	0	0	0	0	0	0	0	1	0	0	0	0	0	0	0	0	2	0	0	0	0	0	0	0	0	0	0	0	0	0	0	0	0	0	0	1	0	0	1	0	0	0	0	0	0	0	0	0	0	0	0	0	0	0	2	1	0	0	0	1	0	0	0	1	0	0	0	0	0	0	0	0	0	0	0	0	0	0	0	0	0	0	0	0	0	1	0	0	0	0	0	0	1	1	0	1	1	0	0	0	0	0	1	1	0	0	0	1	0	0	0	0	0	0	0	0	0	0	0	0	0	0	0	0	0	0	0	0	0	1	0
0	0	0	0	0	0	0	2	0	2	1	2	7	2	1	3	8	0	11	15	9	16	0	17	12	8	5	5	3	1	8	5	6	9	12	3	5	4	1	2	1	6	6	3	7	9	1	1	0	2	5	3	2	1	1	2	3	2	5	4	2	0	1	1	1	0	4	0	3	3	1	0	2	0	0	2	0	1	0	1	0	1	0	0	1	2	1	6	5	12	2	2	1	0	1	1	0	0	1	2	2	2	2	4	2	4	4	10	14	5	2	4	0	1	2	5	4	5	3	1	3	3	0	1	2	1	2	1	5	1	3	3	2	2	1	2	2	0	10	2	4	4	3	3	1	1	2	1	2	2	3	4	4	0	2	1	2	2	2	3	3	2	5	0	1	1	1	0	3	4	0	0	0	3	1	1	1	1	1	0	0	1	1	1	1	1	2	4	0	0	0	1	1	1	2	1	2	3	1	0	2	1	0	1	1	0	0	0	0	0	0	1	0	1	5	8	10	52	60	11	2	1	1	0	3	0	1	0	0	0	3	0	1	0	1	0	0	0	0	0	0	0	1	2	0	0	1	2	1	0	0	0	0	0	0	0	0	0	1	1	0	1	0	0	1	0	0	0	0	1	0	0	0	0	1	0	1	1	1	1	1	0	0	0	0	0	0	0	0	0	0	0	0	3	0	1	4	2	0	0	1	0	4	0	2	0	0	1	0	0	0	0	0	0	0	0	1	1	1	2	1	1	1	0	0	0	1	0	1	0	0	0	0	0	1	0	0	0	0	0	1	0	1	1	0	0	0	0	0	0	0	0	0	2	0	0	1	1	1	1	0	0	0	0	1	0	0	0	0	0	0	1	1	1	0	2	0	1	1	0	0	0	0	0	0	1	0	0	0	0	0	0	1	0	0	0	0	0	0	0	0	1	0	0	0	0	0	0	0	0	0	0	0	0	0	0	0	0	0	0	0	0	1	0	0	0	1	0	0	0	0	0	0	0	1	0	0	0	0	0	0	0	0	0	0	0	0	0	0	0	0	0	2	1	0	0	0	0	0	0	0	0	0	0	0	0	0	1	0	0	2	0	0	0	0	0	0	1	0	0	1	0	0	0	0	1	0	0	0
0	0	0	0	0	0	0	1	0	4	5	10	40	6	4	8	8	13	24	4	4	7	17	0	45	8	1	3	2	1	5	5	4	7	9	7	4	3	1	1	2	7	5	2	8	10	3	1	1	2	4	3	4	2	1	2	6	6	13	5	6	3	7	1	0	1	2	2	4	5	5	4	1	2	2	2	2	3	3	3	4	1	3	2	1	2	2	6	3	9	3	4	3	1	0	1	1	2	3	0	4	2	6	1	4	2	2	12	5	10	1	6	5	4	2	10	15	25	9	5	1	4	4	14	4	5	1	4	13	19	8	2	2	6	3	3	4	3	9	11	7	7	15	3	4	5	5	3	2	1	7	4	1	1	0	0	1	0	0	4	4	3	1	2	1	2	1	1	4	2	1	1	1	0	1	4	1	0	0	0	0	1	1	3	0	1	4	3	1	1	2	2	3	0	2	3	4	3	1	2	1	1	2	1	1	2	1	2	2	1	1	0	1	2	8	11	8	27	28	7	4	2	0	0	4	1	2	3	1	4	1	0	0	3	1	1	0	1	0	0	0	0	0	0	1	1	1	1	1	0	0	3	1	0	0	1	2	1	1	0	1	0	0	0	0	0	1	0	2	3	0	0	0	0	0	2	0	0	1	0	0	2	1	1	2	1	0	2	0	1	2	0	0	0	0	0	1	0	1	1	4	0	3	1	2	2	0	0	0	0	0	0	1	1	0	0	0	0	0	0	0	0	1	0	1	0	0	0	0	0	0	0	1	0	0	0	2	2	1	2	2	2	0	3	0	0	0	1	1	0	0	2	1	0	0	1	1	0	1	0	1	0	0	0	0	0	1	0	0	0	1	1	1	0	2	1	1	0	0	1	0	0	0	0	0	0	0	0	0	0	0	0	2	1	0	0	0	0	0	0	0	0	1	0	0	0	0	0	0	0	0	0	0	0	0	0	1	1	0	0	0	1	0	1	0	1	0	0	0	0	1	0	0	0	0	0	0	0	0	0	0	0	0	1	0	0	1	1	0	0	1	0	0	0	0	1	1	0	0	0	0	0	0	0	1	0	0	0	0	0	0	0	0	1	0	0	0	0	0	0	0	0	0	0	0	0	1	1	1
0	0	0	0	0	0	0	3	4	5	4	8	54	12	5	11	5	11	23	4	4	4	12	45	0	15	3	5	14	7	10	7	3	8	13	3	2	1	0	3	3	3	2	3	7	9	4	3	3	5	1	4	2	1	2	2	4	3	7	6	3	5	3	2	1	5	1	2	1	3	1	2	0	0	2	0	0	2	0	1	2	0	1	2	0	0	2	1	2	1	1	3	2	2	0	0	1	1	4	3	2	2	0	1	2	4	3	8	1	5	4	4	1	2	2	4	9	15	8	4	7	2	0	6	4	8	3	1	6	19	5	7	1	3	3	3	2	11	16	16	28	4	6	2	3	2	4	2	2	2	0	2	2	1	0	2	2	1	2	0	2	1	1	0	2	3	2	5	5	2	0	1	1	1	1	2	0	1	1	0	2	0	0	0	0	0	1	1	0	1	0	1	1	1	0	0	2	2	3	0	0	1	0	1	0	1	2	1	0	1	1	1	1	1	6	10	24	19	8	2	5	1	1	0	1	3	0	0	4	2	1	0	0	2	1	0	0	0	1	1	3	1	0	0	1	2	1	1	0	1	0	1	0	0	0	0	0	0	3	0	1	0	0	0	1	1	1	0	2	0	0	0	1	1	1	0	0	1	2	0	0	0	0	1	0	0	1	1	0	0	1	0	0	0	0	0	0	2	2	1	4	0	2	3	0	0	0	1	0	0	0	0	0	0	1	0	0	0	0	1	0	1	0	0	0	0	0	0	0	0	1	0	1	0	0	1	0	1	0	0	1	2	1	0	0	0	0	0	1	0	1	0	1	3	0	0	0	0	0	0	0	1	0	1	0	1	0	0	0	1	0	2	2	0	0	1	0	0	1	0	1	0	1	0	1	0	0	0	0	1	1	0	0	0	0	0	0	0	0	0	0	0	0	0	1	0	0	0	0	0	0	1	0	0	0	0	0	2	0	0	2	1	1	0	1	0	0	0	0	0	0	0	0	0	0	0	0	0	0	0	0	0	0	1	0	0	1	1	0	0	0	2	0	0	0	0	0	1	2	0	0	0	0	0	0	0	0	0	0	0	0	1	0	1	0	0	0	0	0	0	0	0	0	0	0	0	1	1	0
0	0	0	0	0	0	0	1	1	3	6	15	8	7	10	5	5	3	25	7	2	8	8	8	15	0	27	24	32	15	5	10	5	20	80	10	4	1	2	2	5	8	4	2	11	13	11	14	11	4	4	1	4	1	2	2	2	3	6	2	1	2	1	2	1	1	3	3	0	3	1	0	1	1	0	1	0	1	1	1	0	1	0	1	1	0	2	4	6	1	1	0	2	1	1	0	0	1	1	0	0	1	2	0	3	3	2	6	3	2	3	4	2	0	1	4	3	3	0	3	4	3	2	1	2	5	3	3	3	3	2	1	1	0	1	0	2	3	4	17	9	4	3	2	1	3	1	1	2	2	1	0	1	0	2	1	1	2	1	2	0	1	2	3	1	2	0	0	1	1	0	0	0	2	1	3	1	2	1	0	2	2	0	0	0	1	1	1	0	1	0	1	0	1	1	4	1	3	0	1	0	1	0	2	0	1	1	2	1	0	0	0	0	2	3	4	6	9	8	2	2	0	0	2	1	0	1	2	0	1	0	0	1	3	1	1	1	0	0	0	1	0	1	1	0	1	3	0	0	0	1	2	0	0	0	1	1	0	1	0	1	0	0	0	1	0	0	0	0	1	0	0	0	0	0	0	2	0	2	0	0	1	0	0	0	0	0	0	1	2	0	0	0	0	2	1	1	0	0	0	0	1	1	0	1	2	0	0	0	0	0	0	0	0	0	0	0	0	0	0	0	1	1	0	1	0	1	1	0	0	0	0	0	1	0	0	0	0	1	1	0	1	0	0	0	1	0	0	0	0	0	0	0	1	0	0	0	0	1	0	0	0	0	0	0	0	0	0	0	1	1	1	0	0	0	1	1	1	1	1	0	0	0	0	0	0	0	0	0	0	0	0	0	0	0	0	0	0	0	0	0	0	0	0	0	0	0	1	0	1	0	0	0	0	0	0	0	0	0	1	0	0	0	0	1	1	0	0	1	0	0	1	0	0	0	0	0	0	0	0	1	0	0	1	0	0	0	0	0	0	0	0	0	0	0	0	0	0	0	0	0	0	0	0	1	0	0	0	0	0	0	0	0	0	2	0	0	0	0	0	0	0	0	1	0	1	0	0	0
0	0	0	0	0	0	0	0	1	2	3	10	6	6	4	1	2	1	5	11	2	10	5	1	3	27	0	123	18	5	3	5	3	8	41	21	9	4	3	4	2	18	4	1	2	16	6	19	17	15	10	2	2	4	2	1	4	7	2	1	2	2	0	0	2	3	1	0	1	0	2	2	0	1	0	1	0	3	2	0	0	1	1	1	1	2	4	0	2	1	0	0	0	0	0	1	2	0	2	1	0	2	2	0	1	3	1	4	2	1	0	1	1	1	3	2	2	1	2	1	3	2	2	5	0	2	2	0	2	0	2	2	0	0	0	2	2	3	4	3	0	2	2	2	1	4	0	2	0	0	1	2	2	0	2	1	0	2	0	1	0	2	0	0	1	0	1	1	0	0	0	0	0	1	0	1	0	0	1	0	1	0	0	1	1	0	1	0	0	0	0	1	0	3	1	0	2	0	1	0	1	1	0	1	1	1	1	1	1	0	2	0	1	0	0	2	4	2	1	3	0	1	0	0	0	0	1	1	0	1	0	0	1	1	0	0	0	1	0	0	0	0	1	0	0	2	2	2	2	1	1	1	1	1	0	1	1	0	1	0	0	0	1	0	0	1	0	1	0	0	0	0	0	0	1	1	0	1	0	0	1	0	0	0	1	0	1	1	0	0	0	0	0	0	0	0	1	0	0	0	0	0	0	2	0	2	1	1	0	0	1	0	0	0	0	0	0	0	0	0	0	2	0	0	2	0	2	0	0	0	1	0	0	0	0	0	0	0	0	0	0	0	0	0	0	0	1	0	0	0	0	0	0	0	0	0	0	0	1	1	0	1	0	0	0	0	0	0	1	0	0	0	1	0	0	1	0	0	0	1	0	0	1	0	0	0	0	0	0	0	0	0	0	0	0	0	0	0	0	0	0	1	0	0	0	0	0	0	0	0	0	0	0	0	0	0	0	0	0	0	0	0	0	0	1	0	1	0	0	0	0	0	0	0	0	0	0	0	0	0	0	0	0	0	0	0	0	0	1	1	0	0	0	0	1	0	0	0	0	1	0	0	0	0	0	0	0	0	0	1	0	0	0	0	0	0	1	0	0	0	1	0	1	0	0	0	0	0	0
0	0	0	0	0	0	0	2	1	1	2	6	5	1	3	4	2	5	7	4	3	1	5	3	5	24	123	0	18	10	2	11	7	6	26	15	11	8	2	4	4	12	4	3	5	5	5	19	39	17	10	2	2	3	1	4	1	4	2	1	3	2	1	1	0	0	0	1	1	1	1	2	1	2	1	0	2	0	2	2	3	1	1	1	1	0	1	3	2	0	1	0	2	1	0	2	0	0	0	1	1	1	0	3	4	0	0	1	0	0	0	1	0	0	1	0	4	3	0	1	2	2	1	2	2	3	0	1	0	0	4	0	0	1	0	0	4	2	0	6	6	0	1	0	1	3	0	0	0	0	0	0	5	2	0	1	1	0	1	0	1	0	0	3	0	1	2	0	3	1	0	0	0	0	0	3	0	1	0	1	0	0	1	0	0	1	1	0	1	1	0	2	1	2	0	1	2	1	0	0	2	0	1	2	1	0	0	0	1	0	0	0	0	1	2	6	1	2	1	3	1	1	0	1	2	1	1	0	0	1	1	1	1	1	1	1	0	0	0	2	1	0	0	1	0	0	0	0	1	2	0	0	0	0	0	1	1	1	0	1	0	0	0	0	0	0	0	1	0	1	2	0	0	0	1	0	0	2	1	0	0	0	0	0	1	0	0	0	1	0	0	0	0	0	0	0	1	0	0	0	0	1	1	2	0	1	0	0	0	1	0	0	0	0	0	0	0	0	0	0	0	1	0	0	0	0	0	0	0	0	0	0	0	0	0	0	1	0	0	0	1	1	0	0	0	0	0	1	0	0	0	0	0	0	0	0	1	0	0	0	1	1	1	1	0	0	0	0	0	0	1	0	0	0	0	0	0	0	0	0	0	0	0	0	0	0	0	0	0	0	0	0	0	0	0	1	0	0	0	0	0	0	0	0	0	0	0	0	1	0	0	0	0	0	0	1	0	0	0	0	1	0	0	0	0	0	0	0	0	0	0	0	0	0	0	0	0	0	0	0	0	0	0	1	0	1	0	0	1	0	0	1	0	0	0	0	0	0	0	0	0	0	0	0	0	1	1	1	0	0	0	0	0	0	0	0	1	0	0	0	1	0	0	0	0	0	0	0	0
0	0	0	0	0	0	0	1	0	8	12	23	8	7	9	3	3	6	11	1	3	4	3	2	14	32	18	18	0	60	5	15	13	14	12	7	1	8	0	2	3	8	2	6	3	12	11	21	23	6	7	5	3	2	1	2	2	1	4	2	1	1	1	1	1	2	0	2	2	2	1	2	3	2	0	2	1	0	0	1	0	0	0	0	0	2	0	1	0	1	0	1	1	3	0	0	2	0	0	1	0	0	1	0	2	2	3	0	1	5	0	2	2	1	0	3	6	5	3	0	4	4	1	0	1	6	2	1	2	4	3	0	2	2	3	1	2	1	3	20	10	2	6	0	1	0	1	0	3	2	2	0	3	0	3	0	0	2	0	0	0	0	0	1	3	0	1	0	3	2	1	3	1	0	0	1	0	0	0	1	1	0	0	0	0	1	0	0	1	0	0	1	1	0	1	1	3	0	1	1	1	0	0	0	1	0	0	0	1	0	1	0	1	2	2	2	5	4	1	3	2	1	1	2	2	2	0	1	3	0	2	1	0	0	0	0	1	0	0	0	0	0	0	0	0	1	1	0	0	0	1	1	2	1	1	0	1	0	1	0	0	0	1	0	0	0	0	0	0	1	0	1	0	0	0	0	1	0	1	1	0	1	1	0	0	1	0	0	0	0	1	0	0	1	0	0	0	0	0	1	1	1	1	2	0	2	0	1	0	0	1	0	1	0	0	0	1	0	0	0	0	0	0	0	0	0	0	0	0	0	1	0	0	0	1	0	0	0	0	0	0	0	1	0	0	0	0	0	0	0	1	0	0	0	0	0	0	0	0	0	0	0	0	0	0	0	0	1	0	0	0	1	0	0	0	0	0	0	1	0	0	0	0	0	0	0	0	0	1	0	0	0	0	0	0	0	0	0	1	0	0	0	0	0	1	0	0	0	0	0	2	1	0	0	0	0	0	0	0	0	0	0	0	0	0	0	0	0	0	0	0	0	1	0	0	1	0	0	0	0	1	0	0	0	0	0	0	1	0	0	0	0	0	0	1	0	1	1	0	0	0	0	0	0	0	0	1	0	0	0	0	2	0	1	0	0	0	1	0	1	0	0	0	0	0	0	0	0	0
0	0	0	0	0	0	0	2	5	8	7	22	7	2	5	3	2	4	6	3	1	7	1	1	7	15	5	10	60	0	23	46	19	11	14	2	3	1	3	6	1	5	1	1	4	4	6	17	11	6	3	1	2	1	2	1	0	0	3	3	2	1	1	2	2	1	2	0	5	4	0	3	0	0	2	0	1	0	1	0	1	0	0	0	1	1	0	1	4	0	1	0	1	0	1	1	0	2	0	2	3	0	0	1	2	2	2	0	1	1	0	0	0	1	1	3	3	2	3	2	4	2	1	4	1	4	2	4	3	1	1	2	0	1	3	2	2	6	10	16	6	2	2	2	0	2	3	1	2	1	3	2	2	0	0	0	1	2	2	1	0	0	0	1	0	1	3	0	1	0	0	1	0	0	1	1	0	0	0	0	0	0	1	0	0	1	0	0	1	0	2	0	0	1	0	2	0	2	0	2	1	1	1	0	0	0	2	0	0	0	1	1	0	1	2	0	7	3	1	2	3	1	1	0	0	1	1	0	1	1	1	0	1	1	0	0	1	0	0	0	1	1	0	0	0	1	0	0	1	1	0	0	0	0	0	0	0	2	0	0	0	0	0	0	0	0	1	0	1	0	0	0	0	0	2	0	0	1	1	1	0	0	1	0	1	1	0	0	0	1	0	0	0	0	0	0	0	0	0	0	1	0	0	0	0	0	0	0	0	0	1	1	0	0	0	0	0	0	1	0	0	0	0	1	0	0	0	0	0	0	0	0	0	1	0	0	1	0	0	0	0	0	1	0	1	0	0	0	1	0	0	0	1	0	0	0	1	0	0	0	0	0	0	0	0	0	1	0	0	0	2	1	0	0	1	0	0	1	0	0	0	0	0	0	1	0	0	0	0	0	0	0	0	0	1	0	1	0	0	0	0	0	0	0	1	1	0	0	0	0	1	0	0	0	0	0	0	0	1	0	0	0	0	0	0	0	0	0	0	0	1	0	0	0	0	0	0	0	0	0	1	0	0	0	0	1	0	0	0	0	0	0	0	0	0	0	0	0	0	0	0	1	0	0	0	0	0	2	0	0	0	0	0	0	0	0	0	0	0	0	0	0	0	0	1	0	0	0	0
0	0	0	0	0	0	0	2	4	3	9	16	7	9	6	6	3	4	3	2	3	1	8	5	10	5	3	2	5	23	0	54	23	3	4	2	4	5	1	3	0	0	1	1	3	5	6	2	2	4	6	3	1	1	1	0	2	2	1	2	2	4	1	0	0	0	0	0	1	1	4	1	1	1	1	2	0	0	0	0	0	0	0	2	1	1	0	0	2	0	0	1	0	1	2	0	1	0	0	1	0	0	1	0	0	7	0	1	0	1	1	0	0	1	1	3	1	2	2	1	4	6	2	2	12	11	2	3	2	2	2	2	0	1	5	4	5	2	13	23	23	3	3	3	2	1	1	0	0	1	0	3	1	1	1	0	1	1	2	1	4	1	0	1	1	3	1	1	1	0	1	2	1	2	0	0	0	0	0	1	1	0	0	0	0	0	0	0	1	1	1	1	2	0	0	0	0	0	2	0	0	0	1	0	1	1	0	0	1	2	0	1	2	1	1	3	5	3	1	0	1	0	0	0	0	1	0	2	1	2	1	1	1	0	0	1	0	1	0	1	0	2	1	2	1	1	2	0	1	0	0	0	2	1	0	1	0	0	0	0	0	0	0	0	2	0	0	1	1	0	0	0	0	0	1	0	0	0	1	0	1	0	0	0	1	0	1	0	0	0	0	0	0	0	1	1	1	1	1	1	0	0	1	2	0	0	0	0	0	0	1	0	0	0	1	0	0	0	0	1	0	0	1	0	1	0	1	0	0	0	0	0	0	0	0	0	0	0	1	0	0	2	0	0	1	0	1	0	0	1	1	0	0	0	1	0	0	1	0	0	0	0	0	0	1	0	0	0	0	0	0	1	0	0	1	0	0	0	0	0	0	0	1	0	0	0	1	0	0	0	0	0	0	1	0	0	0	0	0	0	0	0	0	0	0	0	0	0	0	0	0	0	0	0	0	0	2	1	0	0	0	0	1	0	0	0	0	0	0	1	0	0	0	0	0	0	0	1	0	0	0	1	1	0	0	0	2	0	0	1	0	0	0	0	0	1	0	1	0	0	0	1	0	0	0	0	0	0	0	0	0	0	0	0	0	0	0	0	0	0	0	0	0	0	0	0	0	0	1
0	0	0	0	0	0	0	3	4	4	5	9	1	7	6	1	1	4	2	4	2	2	5	5	7	10	5	11	15	46	54	0	153	18	8	4	0	2	1	1	2	2	0	3	4	4	8	8	3	0	3	1	0	1	1	2	2	0	1	1	3	0	0	0	0	1	0	0	1	0	0	2	1	0	0	2	1	1	2	0	1	1	0	0	0	0	1	0	0	0	2	0	0	0	0	0	0	1	0	0	0	1	2	1	0	4	1	3	1	0	1	1	0	0	1	0	1	2	2	3	1	1	2	5	2	3	4	1	1	3	3	2	1	6	2	1	7	4	8	48	15	4	2	2	2	4	1	1	2	1	0	0	1	0	0	1	0	0	1	1	0	1	0	0	1	0	0	1	0	1	0	1	1	0	1	0	3	0	1	1	1	0	1	0	0	0	0	2	1	0	0	2	0	1	0	0	1	2	0	1	0	0	1	0	1	1	1	0	2	0	0	0	0	1	1	4	6	8	1	4	1	0	0	0	1	1	3	1	0	3	1	2	2	0	0	0	0	1	0	0	1	2	1	0	0	0	1	0	0	3	0	0	0	0	1	0	1	1	0	0	0	1	1	0	0	0	0	0	0	0	3	0	1	0	0	0	0	0	0	0	1	0	1	1	0	0	1	0	0	0	0	1	0	0	0	1	0	1	0	1	1	0	0	0	0	1	0	0	0	1	1	0	0	0	0	0	0	0	0	0	0	0	0	2	0	0	0	0	0	1	2	0	0	1	0	0	0	0	0	1	0	1	0	0	0	2	0	0	0	1	0	0	0	0	0	0	0	1	0	0	0	1	0	0	1	0	0	1	0	0	0	0	0	0	0	0	0	0	0	0	0	0	0	0	0	0	0	0	0	1	0	0	0	1	0	1	0	0	0	1	0	0	0	0	0	2	0	1	0	0	0	0	0	0	0	0	0	0	0	0	0	0	1	0	0	2	0	0	0	1	0	2	0	0	1	0	0	0	0	0	0	0	0	0	0	0	0	1	2	0	1	0	1	0	1	0	1	2	1	1	0	0	0	0	0	0	0	0	0	0	0	0	0	0	0	1	1	0	1	0	0	0	0	1	0	0	0	0	0
0	0	0	0	0	0	0	2	5	0	3	5	4	2	2	5	0	3	6	1	3	3	6	4	3	5	3	7	13	19	23	153	0	38	8	1	0	1	0	1	2	2	2	2	2	6	0	7	7	2	1	2	1	1	3	0	1	1	2	0	1	1	0	1	1	0	0	1	2	0	1	0	1	0	2	1	0	1	0	0	0	0	0	0	0	1	1	2	0	6	2	1	2	1	0	0	0	0	0	4	0	1	1	0	0	0	0	1	2	5	0	2	1	0	2	0	3	2	4	1	2	1	2	6	2	11	2	2	3	2	3	4	0	2	2	4	1	11	15	32	7	2	2	5	1	2	2	0	0	0	3	0	0	1	0	0	0	0	1	0	1	0	0	0	0	1	0	1	3	1	2	1	0	1	0	0	0	0	1	0	0	0	2	0	0	1	0	0	2	0	0	1	1	0	2	0	2	4	0	1	3	0	0	0	2	1	1	0	1	0	0	1	0	1	4	6	10	13	2	0	3	0	1	0	0	0	1	1	1	1	0	1	1	1	1	1	1	1	1	0	0	0	1	1	1	2	2	0	3	2	1	0	0	0	0	1	1	1	0	0	0	1	0	0	0	0	0	0	0	1	0	0	0	0	0	0	0	1	0	0	2	1	1	0	0	0	0	1	0	0	2	0	1	0	1	2	0	0	1	1	0	1	0	0	2	1	0	0	0	0	0	0	0	0	0	0	0	0	0	0	0	0	0	0	0	0	0	0	1	0	0	0	1	1	0	0	0	0	1	0	1	0	0	0	0	0	0	0	0	0	0	0	0	1	0	0	0	0	0	0	0	0	0	1	0	0	0	0	0	0	0	0	0	1	0	1	0	0	0	0	0	1	1	0	0	0	0	0	0	0	0	0	0	0	0	0	1	0	0	1	0	0	0	1	0	0	1	0	0	0	0	0	0	0	0	0	1	1	0	0	0	0	1	1	0	0	1	0	2	0	0	0	1	0	0	0	0	0	0	0	0	0	0	0	0	1	0	0	0	0	0	0	0	0	0	0	1	0	0	0	0	0	0	1	2	0	0	0	0	0	1	0	1	0	0	0	0	0	1	0	0	0	0	0	0	0	0	1	0
0	0	0	0	0	0	0	0	1	1	0	4	8	6	2	3	0	6	10	1	2	10	9	7	8	20	8	6	14	11	3	18	38	0	13	9	2	2	2	1	3	1	2	4	7	5	4	5	2	0	2	1	1	2	2	2	0	1	3	0	0	1	0	0	1	1	1	1	0	1	1	2	1	1	0	1	0	2	0	2	3	1	1	3	0	0	0	0	2	2	1	1	0	0	2	1	1	1	2	1	1	0	1	2	1	5	3	7	4	3	2	2	0	0	2	1	4	2	4	2	3	4	2	2	3	6	2	1	0	2	1	4	1	3	2	3	3	4	15	28	12	1	7	1	1	3	1	2	0	2	0	2	0	1	0	1	0	1	0	2	1	2	1	0	1	0	0	0	1	1	1	0	0	1	0	0	1	0	1	0	0	2	1	0	0	1	0	0	0	1	1	0	2	0	0	0	1	1	1	0	3	2	0	0	3	1	0	0	1	0	0	1	0	2	2	3	8	9	5	2	0	1	0	0	1	2	0	0	1	1	1	0	1	2	0	0	0	2	0	0	0	0	1	1	2	1	1	1	0	1	0	1	0	2	0	0	2	0	0	0	0	0	0	0	0	0	0	0	0	1	0	0	0	1	0	1	1	0	0	0	1	0	0	1	0	2	2	1	0	0	0	0	0	0	1	0	1	1	2	0	0	0	0	1	2	0	0	0	0	1	1	0	1	0	1	0	0	0	1	0	0	0	0	0	1	0	0	0	0	0	2	0	0	0	0	0	0	0	0	0	0	0	1	0	0	1	0	0	0	1	0	1	1	1	0	0	0	1	0	0	1	0	0	0	0	0	0	0	0	0	0	0	0	0	0	0	0	0	0	0	0	0	0	0	0	1	0	0	1	0	0	0	0	0	2	0	0	0	0	0	0	0	0	0	0	0	0	0	0	1	1	0	0	0	0	0	0	1	0	0	1	0	0	0	0	1	1	0	0	0	0	0	0	0	0	0	0	0	0	0	0	0	0	0	1	0	0	0	2	0	0	0	0	0	0	0	1	0	0	0	0	0	0	0	0	0	0	0	0	0	0	0	1	0	1	0	0	0	0	0	0	0	0	0	0	0	0	0	0
0	0	0	0	0	0	0	2	1	3	4	3	2	5	7	4	2	6	17	11	7	11	12	9	13	80	41	26	12	14	4	8	8	13	0	19	7	4	4	2	7	8	6	8	23	12	9	9	13	7	7	2	2	2	0	6	0	6	8	5	2	3	1	0	1	0	3	2	4	1	1	1	4	0	0	0	3	0	5	2	3	1	0	0	0	2	2	4	5	2	1	0	0	0	2	1	0	2	2	1	4	2	0	0	2	4	0	4	2	1	1	1	2	0	0	2	3	2	2	1	5	7	4	1	1	1	2	1	2	5	2	3	1	2	1	2	1	3	4	5	5	2	2	1	3	0	0	0	3	2	2	1	3	4	0	3	2	1	0	1	0	0	1	2	0	0	0	0	1	0	0	0	0	0	0	0	0	2	1	2	1	1	1	1	1	0	1	0	1	1	0	1	1	0	1	0	2	2	1	1	1	1	1	0	0	1	0	0	0	0	1	1	1	1	2	5	8	5	3	2	1	1	0	0	0	1	0	3	0	0	1	3	0	2	0	0	0	0	0	0	1	2	0	0	0	0	2	1	0	0	0	1	0	0	0	0	1	0	0	1	0	0	1	1	0	0	0	0	0	0	0	0	0	0	0	0	0	0	0	0	0	0	0	0	0	0	0	0	0	0	0	1	0	0	0	0	0	0	0	0	0	0	2	1	0	0	0	0	0	0	0	0	0	1	0	0	0	0	0	0	0	0	1	0	0	0	0	0	0	0	1	0	0	0	0	0	0	0	0	0	0	1	0	1	1	1	0	0	0	0	0	0	0	2	0	0	0	0	0	0	0	0	0	0	0	1	0	0	0	0	0	0	1	0	0	0	0	0	1	1	0	2	0	1	1	0	0	0	0	0	0	0	0	0	0	0	0	1	0	0	0	0	0	0	1	1	0	0	0	0	0	1	0	0	0	1	0	0	1	0	1	0	0	0	0	0	0	0	0	0	0	0	0	0	0	0	0	0	0	0	0	0	0	1	0	0	0	0	0	0	0	0	0	0	0	1	0	0	0	0	0	0	0	0	1	0	0	0	0	0	0	0	0	1	0	0	0	0	0	0	1	0	0	0	0	0	0	0	0
0	0	0	0	0	0	0	2	0	2	2	6	5	3	7	1	3	6	11	5	1	4	3	7	3	10	21	15	7	2	2	4	1	9	19	0	41	23	6	5	7	37	9	15	19	19	8	11	14	15	10	9	8	5	2	3	5	6	4	3	2	3	2	2	2	1	1	5	1	6	2	0	0	1	2	3	0	1	1	1	3	0	1	2	0	2	3	2	2	3	0	0	1	1	0	0	1	2	0	2	2	0	2	0	1	1	1	5	5	0	1	2	1	0	2	1	0	3	3	3	4	5	5	1	2	0	1	0	3	2	1	0	1	3	1	1	0	0	1	4	2	1	1	0	0	1	0	1	0	1	1	3	5	0	3	2	0	4	3	0	0	3	3	2	1	0	1	1	3	0	0	1	0	0	3	1	0	2	0	0	0	2	0	0	0	1	1	1	1	0	0	1	0	1	0	1	0	0	1	0	2	1	0	2	1	0	0	0	0	0	0	0	0	2	2	2	2	3	5	2	3	0	0	0	0	2	1	2	0	0	1	1	1	1	0	1	0	0	0	0	1	0	0	0	0	0	0	0	0	1	2	0	1	0	0	0	0	0	0	0	0	0	0	0	0	0	0	0	0	0	0	0	0	0	1	1	1	1	0	0	0	0	0	0	0	0	1	0	1	0	0	1	0	1	1	2	0	0	1	1	1	0	1	0	0	0	1	1	0	0	0	0	0	0	1	0	0	0	0	0	0	1	0	0	0	0	0	0	0	0	0	0	0	0	0	0	0	0	1	0	0	1	0	0	0	0	0	0	0	0	0	0	0	0	0	0	1	0	2	0	0	0	1	1	0	1	0	0	0	0	0	0	0	0	2	0	0	0	0	0	1	0	0	0	0	0	0	0	1	0	1	1	0	0	0	0	0	0	1	0	0	0	0	0	0	0	0	0	0	0	0	0	0	1	1	0	1	1	0	0	0	0	0	0	0	1	0	0	0	0	0	0	0	0	0	0	1	1	0	0	0	0	0	0	0	0	0	1	2	0	0	0	0	0	0	0	0	0	1	0	1	0	1	0	0	1	0	0	0	0	0	1	0	0	0	0	0	0	0	0	0	0	0	1	0	0	0	0	0
0	0	0	0	0	0	0	0	1	3	5	2	3	5	5	4	2	3	4	1	0	4	5	4	2	4	9	11	1	3	4	0	0	2	7	41	0	43	5	19	16	23	7	7	10	11	13	8	7	16	18	15	8	8	4	2	3	5	2	4	2	0	3	1	1	0	3	0	1	3	3	3	2	1	2	7	0	2	3	3	1	1	0	2	1	0	5	0	2	3	0	4	1	0	1	0	3	0	2	2	1	2	1	1	1	0	0	0	0	1	2	2	2	2	3	1	2	2	3	1	3	4	4	4	1	1	0	2	3	1	2	0	1	0	0	1	2	2	3	2	0	2	0	0	1	0	1	1	1	0	2	3	11	2	1	2	1	4	4	2	1	2	0	2	2	1	0	1	2	1	0	0	1	1	0	0	1	0	0	0	1	2	1	0	1	0	0	0	0	1	2	2	1	3	0	2	0	1	1	1	0	0	0	2	1	1	0	0	0	0	1	2	0	1	2	1	3	6	3	1	0	0	1	1	0	1	0	2	0	0	0	0	0	3	1	0	0	0	0	0	1	0	0	0	0	0	1	0	0	1	0	0	1	0	2	0	1	0	1	0	0	1	0	0	1	1	1	0	0	0	0	1	0	0	0	0	0	2	1	0	0	0	0	0	0	1	0	1	0	0	1	0	0	0	0	0	0	0	0	1	1	1	1	0	0	1	0	0	0	0	0	0	0	1	0	0	0	0	0	0	0	1	0	0	0	0	0	0	0	0	0	0	0	0	0	0	0	0	0	0	1	0	2	1	0	0	0	0	0	0	1	0	0	0	0	0	0	0	0	0	0	0	0	0	0	0	0	0	1	0	1	0	0	0	1	0	1	1	1	0	0	0	0	0	0	0	0	0	0	0	0	0	0	0	0	0	0	1	0	0	0	0	0	0	0	0	0	0	1	0	0	0	0	1	0	0	1	1	0	0	0	1	0	0	1	0	0	0	0	0	0	0	0	0	0	0	0	1	0	0	0	0	0	0	0	0	0	1	0	0	0	0	0	0	0	0	0	0	0	0	0	0	0	0	0	0	0	0	0	0	0	2	0	0	0	0	0	1	0	0	1	0	0	0	0	0	0	0	0
0	0	0	0	0	0	0	1	4	1	0	1	1	0	1	1	7	1	3	3	6	2	4	3	1	1	4	8	8	1	5	2	1	2	4	23	43	0	19	14	17	12	13	11	9	5	3	5	5	6	11	6	7	5	4	2	0	3	2	4	3	1	0	1	1	0	1	0	1	1	2	0	0	1	1	5	3	3	1	0	0	0	1	0	1	1	2	1	4	3	0	0	0	0	1	0	2	0	0	1	1	0	0	1	0	1	2	1	0	2	3	0	0	0	0	0	1	1	3	1	0	4	4	3	0	2	0	1	2	3	2	0	0	2	1	0	0	0	1	1	1	0	2	1	0	1	1	1	0	2	1	1	10	8	3	3	5	6	5	4	0	1	0	1	1	1	0	2	0	0	1	0	0	0	0	2	0	2	1	1	1	2	0	0	0	1	1	0	0	1	0	1	3	3	3	0	2	1	0	0	0	1	1	2	0	0	0	1	0	1	0	0	0	2	1	0	2	2	2	0	1	1	0	0	0	1	0	0	0	1	0	2	0	0	1	1	0	0	1	0	0	0	0	0	0	0	0	0	2	1	0	0	1	0	0	0	1	1	0	0	0	0	0	0	0	0	0	0	0	0	0	0	0	0	0	1	0	1	0	0	1	0	0	0	0	0	0	0	0	0	0	0	1	0	0	0	0	1	0	0	1	0	0	2	0	0	0	0	0	0	0	0	1	0	0	0	0	0	0	0	0	0	0	0	0	0	0	1	1	0	0	1	0	0	0	0	0	0	0	0	0	0	1	0	0	1	0	1	0	0	0	0	0	0	0	1	1	0	0	1	2	0	0	0	0	0	0	0	0	0	0	0	0	0	0	0	0	0	0	0	1	0	0	0	0	0	0	2	0	0	0	1	0	0	0	0	0	0	0	0	2	0	0	0	0	0	0	1	0	0	0	0	0	0	0	1	0	0	0	0	0	0	1	1	0	0	0	0	0	0	0	0	1	0	0	1	0	0	0	0	0	0	0	0	0	0	0	0	0	0	0	0	1	0	0	0	0	1	0	0	0	0	0	0	0	1	0	1	0	0	2	0	0	0	0	1	1	0	0	0	0	0	0	1	0	0	0	0	0
0	0	0	0	0	0	0	1	1	0	4	2	0	1	1	2	2	0	3	1	3	2	1	1	0	2	3	2	0	3	1	1	0	2	4	6	5	19	0	73	18	8	5	4	5	5	4	4	0	7	5	8	17	17	3	6	4	2	1	3	0	0	2	1	3	5	1	0	1	1	3	4	1	3	2	2	4	6	4	9	2	0	1	3	3	5	1	3	1	3	0	0	0	0	1	0	2	0	3	1	1	2	3	0	1	0	0	2	0	0	0	1	2	0	0	1	1	1	0	2	2	3	9	2	2	1	2	2	1	0	1	0	0	2	0	0	1	0	2	4	1	3	2	0	1	2	0	1	0	1	1	3	32	28	8	8	5	24	10	1	4	4	1	2	2	0	2	1	1	1	0	1	0	0	2	1	2	1	0	1	1	0	0	0	1	0	0	0	1	1	1	4	1	8	1	2	0	1	2	0	1	0	0	2	1	0	0	0	0	0	1	0	0	1	0	1	3	0	1	2	2	1	1	0	0	1	0	0	0	0	1	1	0	0	1	2	0	0	0	1	0	0	0	0	0	1	0	0	0	0	0	1	1	1	1	0	0	0	0	0	1	1	0	0	0	2	0	0	0	1	0	0	0	0	0	0	0	0	0	0	0	0	0	0	0	1	1	0	0	0	0	1	0	0	0	1	1	0	1	0	0	0	1	0	0	1	0	0	0	0	0	0	0	0	0	1	0	0	0	0	0	0	1	2	1	0	0	0	0	0	0	0	0	0	0	0	1	0	1	0	0	0	0	0	1	1	0	0	1	1	0	0	0	0	1	0	1	0	0	0	0	0	0	0	0	0	0	0	1	0	0	0	0	0	0	0	0	0	0	0	0	0	0	0	0	0	0	0	0	0	0	0	0	0	0	0	0	1	0	0	0	0	0	0	0	0	0	1	0	0	0	1	1	0	0	1	0	0	0	1	0	0	0	0	0	0	0	0	0	0	0	0	0	0	0	0	0	0	0	0	0	0	0	2	0	0	0	0	0	0	0	0	0	0	0	0	1	1	0	0	0	1	0	0	0	0	0	0	0	0	0	0	0	0	0	0	0	0	0	0	0	0	0	0	0	0	0	0	0
0	0	0	0	0	0	0	0	2	1	3	3	3	5	4	2	2	7	4	5	2	0	2	1	3	2	4	4	2	6	3	1	1	1	2	5	19	14	73	0	31	15	11	8	1	5	5	6	2	7	9	14	40	19	13	5	4	7	5	5	4	3	1	1	3	2	2	1	0	2	4	6	4	2	2	4	2	2	10	1	1	0	0	1	1	2	3	2	1	1	0	2	0	1	1	1	0	2	0	1	0	3	4	0	0	0	0	4	0	0	3	3	0	1	0	1	2	0	2	1	3	2	5	3	1	4	0	1	2	1	1	0	2	1	1	0	1	1	2	5	0	2	1	0	0	1	1	1	0	0	2	3	13	9	5	6	1	13	9	3	0	2	1	0	2	0	0	1	2	1	0	1	1	2	1	2	1	0	1	1	0	0	0	0	0	0	1	1	2	0	1	1	1	3	4	2	1	2	1	0	1	2	1	1	1	1	0	0	1	0	0	1	0	1	1	2	2	1	0	0	3	0	0	1	0	0	0	1	0	1	0	0	0	0	0	0	0	1	1	0	1	0	0	0	0	1	1	0	1	0	0	0	0	1	1	0	0	1	0	0	1	0	1	0	0	0	0	0	0	0	0	0	1	0	0	1	0	0	0	0	0	1	0	0	0	0	0	0	0	0	1	1	0	0	0	0	0	0	1	0	0	0	0	0	0	0	0	0	0	0	0	0	0	1	0	0	0	0	0	0	0	1	0	2	0	0	1	0	0	0	0	0	0	0	0	0	1	2	1	0	1	0	1	0	1	0	0	0	0	0	0	1	0	0	0	0	0	1	0	0	0	0	0	2	0	0	0	0	0	0	0	0	0	0	1	0	0	1	0	0	0	0	0	0	0	0	0	0	0	0	0	0	0	0	0	0	0	0	0	0	0	0	0	1	0	0	0	0	0	0	0	0	0	0	0	1	1	1	0	0	0	0	0	0	0	0	0	0	0	0	0	0	1	0	0	0	0	0	0	1	2	0	1	0	0	0	0	0	0	0	0	0	0	3	0	0	0	0	0	0	0	0	0	0	0	0	0	0	0	0	0	0	0	0	0	0	0	0	1	0	1	0	0	0	0	0	0	0	0
0	0	0	0	0	0	0	1	1	3	0	4	6	4	3	4	4	8	7	4	6	2	1	2	3	5	2	4	3	1	0	2	2	3	7	7	16	17	18	31	0	27	15	8	14	10	9	7	5	9	22	21	24	31	14	14	12	11	7	7	6	1	3	1	2	3	2	2	1	2	5	6	2	2	1	4	2	5	6	4	4	2	2	3	6	0	3	7	2	3	0	2	1	1	1	0	1	1	1	0	2	1	1	2	0	0	3	2	4	1	0	2	4	3	1	2	2	1	2	2	1	5	4	2	0	1	5	0	2	2	3	0	1	0	0	0	0	1	4	1	2	2	1	0	4	0	1	0	0	1	1	6	22	5	3	10	1	12	6	4	1	0	1	3	1	0	4	1	3	0	2	0	1	3	3	0	1	1	2	1	0	1	0	0	1	0	1	0	0	4	0	1	6	4	3	2	0	3	2	2	1	0	1	0	1	0	0	0	0	0	1	1	0	1	1	1	1	0	2	2	0	1	1	1	1	2	2	0	3	1	0	1	3	1	3	0	0	2	1	1	0	1	1	1	0	2	1	1	0	1	1	1	3	1	0	0	1	1	0	0	0	0	0	0	1	0	0	0	0	0	1	2	0	1	1	0	0	0	1	0	0	1	0	2	1	0	1	0	1	1	1	1	0	0	0	0	0	0	0	0	0	0	0	1	1	0	0	0	0	1	0	0	0	0	0	0	0	0	0	0	0	0	0	0	0	0	0	2	1	0	1	0	1	0	0	0	0	0	1	0	0	0	0	1	0	0	0	1	0	0	0	0	0	0	0	0	0	1	0	0	0	1	0	1	0	0	0	1	0	1	1	0	1	1	0	1	0	1	0	0	0	0	1	0	0	0	0	0	0	0	0	2	1	0	0	1	0	0	0	0	0	0	0	0	0	0	0	2	0	0	0	0	2	1	0	0	0	0	1	1	1	0	0	1	0	0	1	1	0	0	0	0	0	0	0	0	0	0	0	0	0	0	1	0	0	0	0	0	0	0	0	0	0	0	1	0	0	0	0	0	0	0	0	0	0	0	0	1	0	0	0	0	0	0	1	0	0	0	0	0	0	0	0	0	0	0	0	0	0
0	0	0	0	0	0	0	1	1	3	2	4	3	5	5	2	1	6	14	7	6	1	6	7	3	8	18	12	8	5	0	2	2	1	8	37	23	12	8	15	27	0	24	9	22	32	20	7	10	12	21	28	6	11	9	4	5	8	8	7	4	2	1	2	2	2	5	4	4	2	3	4	2	3	3	1	4	5	1	1	1	0	0	1	2	2	2	7	5	2	1	1	0	1	1	0	2	0	0	1	0	0	3	3	1	2	4	1	1	2	2	2	1	1	1	0	3	1	0	2	5	2	5	4	2	1	1	1	2	2	1	0	1	1	0	2	0	0	2	5	2	1	2	0	1	1	1	0	0	0	0	3	10	5	3	5	2	3	5	2	2	3	2	1	1	2	1	1	2	1	2	1	0	2	1	0	0	2	2	0	1	0	0	0	0	0	0	1	0	1	1	1	2	3	0	1	2	1	2	1	1	2	2	1	1	1	0	2	1	0	0	0	0	0	2	2	4	3	3	3	1	4	1	0	2	0	1	2	2	0	0	2	2	1	1	0	0	0	0	0	0	0	2	0	0	0	0	0	0	0	1	1	1	0	0	1	0	3	0	0	1	0	0	1	1	1	0	0	0	1	0	0	0	0	2	1	1	1	1	0	0	0	0	0	0	0	0	0	0	1	1	1	0	1	0	0	0	0	0	0	1	0	0	0	0	1	0	0	0	0	0	1	0	0	0	0	1	0	1	1	1	0	0	0	0	1	0	0	0	0	0	1	0	0	0	0	0	0	0	0	1	0	0	1	1	0	1	0	0	0	0	0	0	0	1	0	0	1	0	0	0	0	0	0	0	0	0	0	0	0	0	0	0	0	0	0	0	1	0	0	0	0	0	0	0	0	0	0	0	0	0	0	0	0	0	0	0	0	0	0	0	0	0	0	0	0	0	0	0	0	2	0	1	0	0	2	1	0	0	0	0	0	0	0	0	0	0	0	0	0	0	1	0	0	0	0	0	0	0	0	1	0	0	0	0	0	0	0	1	0	0	1	0	0	0	0	0	0	0	0	0	1	0	0	0	0	0	0	0	0	0	0	0	0	0	0	0	0	0	0	0	0	0	0	1	1	0	0	0
0	0	0	0	0	0	0	0	0	4	3	5	6	3	1	5	2	6	11	8	3	3	6	5	2	4	4	4	2	1	1	0	2	2	6	9	7	13	5	11	15	24	0	36	32	17	8	3	3	1	6	10	5	4	5	3	16	21	10	8	3	2	2	1	1	1	3	1	2	2	7	3	2	2	1	1	2	1	1	4	2	0	2	2	3	3	7	17	8	2	3	2	3	0	1	0	4	1	2	3	8	6	6	2	1	4	1	0	2	0	2	1	3	2	0	2	1	5	2	3	1	3	3	1	0	2	1	0	2	1	2	1	1	3	0	6	2	1	3	3	3	2	4	0	0	1	2	1	0	2	4	3	20	11	2	2	2	2	9	11	1	4	1	2	2	1	1	3	0	0	1	1	0	0	1	1	1	2	2	0	0	0	1	0	0	1	1	1	0	0	5	0	6	4	4	1	1	1	1	2	1	2	1	1	1	0	0	2	1	1	0	0	1	1	0	5	1	3	3	1	1	0	0	2	1	1	0	2	0	0	1	1	1	1	0	1	1	1	0	1	0	0	0	0	0	1	1	1	0	1	1	0	0	0	1	1	0	0	0	0	0	0	1	0	0	0	0	0	0	0	1	0	0	0	0	0	1	0	0	0	0	1	0	1	0	0	0	0	0	1	1	1	0	1	0	2	1	0	1	0	0	0	1	0	3	0	1	0	0	1	0	0	0	0	0	0	0	1	0	0	1	1	1	0	0	0	1	0	0	0	0	0	0	0	1	1	0	0	0	1	1	0	0	0	0	0	1	0	0	0	0	1	0	0	1	0	1	1	0	0	0	0	0	0	1	2	0	0	0	0	0	0	2	0	0	0	0	0	0	1	0	0	0	0	0	1	1	0	0	0	0	1	0	0	0	0	0	0	0	0	0	0	0	0	0	0	0	0	0	0	1	1	0	0	0	1	0	0	1	0	0	1	0	0	1	0	0	1	0	0	0	0	0	0	0	0	0	0	0	0	0	0	0	0	0	0	0	0	0	0	0	1	0	0	0	0	0	0	0	0	0	0	0	0	0	0	0	0	0	0	0	0	0	0	1	1	0	0	0	0	0	0	0	0	0	0	0	0	0
0	0	0	0	0	0	0	1	1	4	1	3	3	1	2	0	1	4	4	14	6	8	3	2	3	2	1	3	6	1	1	3	2	4	8	15	7	11	4	8	8	9	36	0	28	7	5	0	2	4	1	6	4	3	4	3	6	13	8	4	2	0	1	3	1	5	4	1	5	2	2	2	1	1	1	1	1	1	1	4	2	3	1	0	2	2	8	9	8	9	0	1	0	1	1	1	2	1	2	1	2	3	3	5	2	4	1	4	2	2	1	2	1	0	0	3	0	1	4	1	3	1	0	0	2	2	3	3	2	1	1	0	0	0	2	2	0	1	2	2	0	1	0	3	1	2	2	1	0	1	1	8	7	6	3	6	3	4	5	4	1	0	1	0	2	1	0	0	3	2	0	0	1	0	1	0	0	1	1	2	0	1	0	1	0	1	4	2	1	1	2	1	2	1	3	1	1	0	0	0	1	0	1	0	0	1	2	0	0	0	1	1	0	1	2	1	2	3	4	4	3	0	2	0	3	2	0	0	0	1	2	4	1	3	0	1	0	0	0	1	0	0	1	0	1	0	0	0	0	2	0	0	0	2	1	0	2	0	0	0	0	0	0	0	0	0	0	0	0	1	1	0	0	0	0	0	2	1	0	2	0	0	0	0	1	0	0	0	1	0	0	1	0	0	1	0	0	0	0	1	1	0	0	0	0	0	1	0	1	0	0	0	0	0	0	0	0	0	0	0	0	1	1	0	0	0	0	0	0	0	0	0	1	0	0	0	0	0	0	0	0	2	0	1	0	0	0	1	1	1	0	0	0	2	1	0	0	0	2	0	0	1	0	0	1	0	1	0	0	1	1	0	0	0	0	1	0	2	0	0	0	0	0	1	0	0	0	0	0	0	0	0	0	0	0	0	0	0	0	0	1	1	0	1	0	0	0	0	0	0	0	0	0	0	1	0	0	0	0	1	0	0	0	1	0	0	0	0	0	0	0	1	0	0	0	0	0	0	0	0	0	0	0	0	0	0	0	1	0	0	0	0	0	0	0	0	0	1	0	0	0	0	1	0	1	0	1	0	0	0	0	0	0	0	0	0	0	0	0	0	0	0	0	0	0	0	0	0	0
0	0	0	0	0	0	0	3	0	3	2	6	10	4	2	3	2	10	24	31	8	6	7	8	7	11	2	5	3	4	3	4	2	7	23	19	10	9	5	1	14	22	32	28	0	19	9	2	0	4	7	5	3	4	2	8	14	10	19	8	3	4	2	3	5	0	1	4	0	3	3	6	2	3	2	3	3	2	1	0	0	1	0	1	5	0	2	6	8	5	3	2	1	0	2	1	1	3	1	2	1	5	5	0	7	1	1	6	4	1	2	3	4	2	1	1	2	2	3	2	4	1	1	1	2	3	2	3	4	2	1	1	1	1	0	4	2	1	4	3	2	0	2	3	1	0	1	0	2	2	3	6	4	0	2	2	0	3	6	3	2	2	1	1	1	0	2	1	2	0	1	1	0	0	2	1	1	2	0	1	0	0	0	0	1	1	1	0	1	0	3	1	3	2	2	0	0	2	0	1	2	0	1	1	3	1	0	1	1	0	0	0	2	0	0	1	2	6	4	6	1	1	1	0	0	0	2	1	3	0	2	2	1	0	1	1	1	0	2	0	0	1	0	0	2	0	0	0	1	0	1	0	1	0	0	1	0	1	0	1	0	0	0	0	0	0	0	2	0	0	0	0	1	1	0	0	1	0	2	0	0	1	1	0	0	2	0	0	0	0	0	1	0	0	0	0	0	0	0	0	0	0	0	0	1	0	0	0	1	0	0	0	0	1	0	0	0	2	0	0	0	0	0	0	0	1	0	0	0	0	0	0	1	0	1	0	1	0	0	0	0	1	0	0	0	0	0	2	0	0	0	2	0	0	0	2	0	0	0	0	0	0	0	1	0	0	0	1	0	0	1	0	0	1	0	0	0	0	0	0	0	0	0	3	0	0	0	0	1	0	0	0	0	0	0	0	2	1	0	0	0	0	1	0	3	1	0	0	0	1	0	1	1	1	0	0	1	0	0	0	0	0	0	0	0	1	1	0	0	0	1	0	0	0	0	0	0	0	0	0	0	0	0	0	0	0	0	0	0	0	0	0	0	0	0	0	0	0	1	1	0	0	0	0	0	0	0	0	0	0	0	0	0	0	0	0	0	0	0	0	0	0	0	1	0	0	1	0	0
0	0	0	0	0	0	0	1	5	6	3	5	22	18	8	4	12	18	70	5	6	2	9	10	9	13	16	5	12	4	5	4	6	5	12	19	11	5	5	5	10	32	17	7	19	0	66	15	6	17	24	7	7	6	3	9	5	7	19	8	4	2	4	0	3	1	4	1	2	3	6	2	3	5	2	3	1	3	4	2	0	2	0	2	0	3	4	4	3	0	2	2	2	3	0	1	0	0	2	5	0	1	0	0	1	2	2	3	1	0	4	2	1	2	2	1	3	4	3	1	5	11	8	3	2	4	4	3	6	6	0	5	0	0	0	0	2	4	1	6	5	0	3	0	2	2	1	0	0	2	3	3	6	0	5	1	1	4	4	5	0	0	0	3	0	1	3	2	0	1	1	0	0	0	3	1	1	0	0	2	0	0	0	1	1	2	3	0	1	2	0	1	1	1	2	1	1	1	0	1	1	0	1	0	1	1	0	1	1	1	0	1	0	0	2	3	5	7	8	4	1	0	3	0	2	0	0	1	0	1	1	2	3	0	2	0	0	0	0	0	0	0	0	1	0	2	3	1	0	0	0	1	1	0	1	1	0	0	0	1	1	0	0	0	0	0	0	0	0	3	1	1	1	0	1	0	1	0	0	0	1	0	0	0	0	0	0	0	0	0	0	0	0	0	0	1	2	0	1	1	1	0	2	0	0	1	0	0	0	0	0	0	0	0	2	0	0	0	0	0	1	0	1	1	2	0	0	1	0	0	0	0	0	1	0	0	0	1	0	1	0	1	1	0	0	1	1	0	0	0	0	0	1	2	0	0	1	0	1	0	0	0	0	0	0	0	0	0	1	0	0	0	1	0	0	0	0	0	0	1	0	0	0	0	0	0	0	0	0	1	0	0	0	0	0	0	0	0	0	0	0	0	1	1	0	0	0	1	0	0	0	0	0	1	0	0	1	0	0	0	0	0	2	0	0	0	0	0	0	1	0	0	0	0	1	0	0	0	0	0	0	0	0	0	0	0	0	0	0	1	0	1	0	0	1	0	0	0	0	0	0	0	1	0	0	1	0	2	1	0	0	0	0	0	0	1	1	0	1	0	0	0	0	0	0	1	0	0	1
0	0	0	0	0	0	0	1	0	3	5	10	9	19	11	12	16	35	29	7	6	0	1	3	4	11	6	5	11	6	6	8	0	4	9	8	13	3	4	5	9	20	8	5	9	66	0	21	7	18	62	25	11	16	4	6	8	2	6	5	5	4	5	0	3	5	3	2	2	9	8	5	4	4	4	6	2	4	2	0	1	0	1	2	5	3	1	2	2	1	1	0	1	0	2	1	1	4	0	1	1	2	0	3	1	1	1	1	3	2	1	7	0	1	3	2	1	8	3	4	11	26	12	2	5	3	4	3	9	2	1	0	1	0	2	1	3	2	2	6	2	3	2	1	2	2	2	0	0	1	1	1	2	4	3	2	2	0	5	2	0	2	1	0	0	1	0	2	3	2	1	2	0	1	2	0	2	2	1	0	0	0	1	1	1	1	1	1	1	1	2	1	2	4	1	1	3	0	1	2	1	1	2	1	2	1	0	0	0	1	0	1	0	0	2	2	3	5	3	1	0	0	0	0	1	1	1	0	1	2	1	0	2	2	1	0	0	0	0	0	0	0	0	0	0	1	0	1	2	0	0	1	0	0	1	2	0	0	1	0	0	0	0	0	0	0	1	1	0	1	0	0	0	0	0	0	1	0	0	0	0	0	1	1	0	1	0	0	0	1	0	0	0	0	0	0	0	0	0	1	0	1	2	1	1	0	1	0	1	1	0	0	0	1	0	0	0	0	0	1	0	0	1	0	0	0	1	1	0	0	0	0	0	0	0	0	0	0	1	1	0	2	0	0	1	1	1	0	0	0	0	1	0	1	0	0	0	0	0	0	0	0	0	0	0	0	0	0	0	0	0	0	0	1	0	0	0	0	0	0	1	0	0	0	0	0	0	0	1	1	0	1	0	0	1	0	0	0	0	0	0	0	0	0	0	0	0	0	0	0	2	1	0	1	0	0	0	0	0	1	0	0	0	0	0	0	0	0	0	0	1	0	0	0	0	0	0	0	0	0	0	1	0	0	0	0	0	0	0	0	0	0	0	1	0	1	0	0	0	0	0	0	0	0	1	0	0	0	0	0	0	1	0	0	0	2	0	0	0	0	0	0	0	0	0	0	1	1	1
0	0	0	0	0	0	0	2	1	5	4	10	10	11	6	6	1	6	5	4	1	4	1	1	3	14	19	19	21	17	2	8	7	5	9	11	8	5	4	6	7	7	3	0	2	15	21	0	132	55	15	4	6	3	1	1	0	2	5	6	1	0	0	2	1	2	1	0	0	1	2	3	2	0	0	1	3	2	1	0	2	2	2	1	0	0	1	1	1	2	2	2	1	0	0	1	0	0	0	1	1	1	1	1	1	0	0	1	1	0	1	0	1	1	0	1	3	1	4	2	4	5	1	8	1	1	0	0	0	2	3	2	0	1	1	1	2	1	6	5	3	4	2	5	0	2	5	1	2	1	2	2	2	4	2	0	0	2	1	1	3	1	1	2	0	0	0	0	0	0	0	2	1	0	0	0	1	0	0	1	0	0	1	0	2	1	1	0	1	0	0	0	1	0	0	1	0	1	0	1	1	1	0	0	2	0	1	0	0	1	0	1	0	0	1	2	2	3	4	1	2	1	3	0	0	0	0	1	0	1	0	1	3	0	0	0	0	1	0	0	2	0	0	0	1	0	0	1	0	0	1	0	0	0	0	0	0	1	1	0	0	0	0	0	0	0	0	0	0	1	0	0	1	0	0	2	0	0	0	0	0	0	0	0	0	0	0	0	0	1	0	0	0	0	1	2	0	0	1	0	1	1	2	1	1	1	1	0	0	0	0	0	0	1	1	1	0	0	0	0	2	0	0	0	0	0	0	0	0	0	1	0	0	0	0	1	0	0	1	0	0	0	2	0	2	0	0	0	1	0	0	1	0	0	0	1	0	0	0	0	1	0	0	0	0	1	0	0	0	0	0	0	0	0	0	1	1	0	0	0	0	0	0	0	0	0	0	0	0	0	0	0	1	0	0	0	0	0	0	0	0	1	0	0	0	1	0	0	0	0	0	0	0	0	1	0	0	0	1	0	1	1	0	0	0	0	0	0	0	0	0	0	0	0	0	0	0	0	1	0	0	0	0	0	0	0	0	0	0	0	0	1	0	0	0	0	0	0	0	1	1	0	0	0	0	0	0	1	0	0	0	1	0	0	0	0	0	0	0	0	0	0	0	0	1	0	1	0	0
0	0	0	0	0	0	0	4	4	5	9	8	3	4	4	3	4	5	9	0	2	1	0	1	3	11	17	39	23	11	2	3	7	2	13	14	7	5	0	2	5	10	3	2	0	6	7	132	0	39	4	13	3	0	1	0	0	0	3	2	3	3	0	2	1	1	1	2	4	0	2	0	0	1	3	2	1	2	0	2	1	0	1	1	0	3	2	4	5	2	1	0	0	0	0	0	0	0	0	0	1	0	1	1	1	1	3	6	2	3	0	1	2	4	0	2	3	4	1	2	1	8	4	2	1	0	1	2	0	2	0	2	0	3	0	1	1	3	2	4	4	2	1	1	1	0	1	2	0	2	1	0	3	1	1	1	0	0	2	1	3	1	0	3	0	0	0	0	0	1	0	1	0	2	0	0	1	2	0	0	0	0	0	0	0	0	0	0	1	0	2	2	2	0	0	1	1	3	1	0	2	0	0	0	0	0	0	0	1	0	2	1	0	1	2	2	0	3	1	0	0	0	2	0	0	3	0	0	2	1	1	2	0	1	0	1	0	0	0	0	0	0	0	1	0	0	1	2	1	0	0	0	0	0	0	0	0	0	0	0	0	0	0	0	0	0	0	0	1	0	0	1	0	0	0	1	0	1	0	0	1	1	0	1	0	0	0	0	0	0	0	0	0	1	1	0	0	0	0	0	0	1	0	0	1	1	0	0	0	0	0	0	0	0	0	0	0	0	0	0	0	0	1	0	0	0	0	0	0	0	0	0	0	0	1	0	0	0	0	0	0	0	0	0	1	0	1	0	0	0	0	0	0	0	1	0	0	0	0	0	1	1	0	0	0	0	0	0	0	1	0	0	0	0	0	0	0	1	0	0	0	0	0	0	0	0	0	0	0	0	0	0	0	0	1	0	0	0	0	0	0	0	0	0	0	0	0	0	0	0	0	0	0	0	0	0	0	0	1	0	0	0	0	0	0	0	0	0	0	0	0	0	0	0	0	0	0	0	0	0	0	0	1	0	0	0	0	0	0	0	0	0	1	0	0	0	0	0	0	1	0	0	1	0	0	0	0	0	0	1	0	0	0	0	0	0	0	0	0	0	0	0	0	0	0	1	0	0	1
0	0	0	0	0	0	0	2	1	5	3	5	4	5	10	4	4	4	15	3	2	2	2	2	5	4	15	17	6	6	4	0	2	0	7	15	16	6	7	7	9	12	1	4	4	17	18	55	39	0	18	13	5	3	1	3	3	1	2	0	0	0	2	0	0	2	2	0	1	2	1	1	3	1	1	2	2	2	2	1	3	0	0	2	1	1	1	1	2	1	1	0	0	0	2	3	1	0	1	2	0	2	2	0	1	0	2	2	1	0	0	1	1	0	0	1	3	1	1	1	4	5	3	4	3	1	1	2	0	3	2	1	0	2	1	1	0	1	6	0	4	1	4	1	1	2	1	0	3	2	1	3	5	4	2	0	1	2	3	2	2	0	1	0	1	4	0	1	2	0	0	0	0	1	2	0	1	0	0	0	1	0	1	0	0	0	3	0	1	1	2	0	0	0	0	2	1	4	1	2	0	1	1	0	0	1	0	1	1	2	1	1	1	0	1	1	0	4	0	2	0	0	0	1	0	0	1	1	0	2	2	0	1	0	0	1	1	1	0	0	2	1	0	1	1	1	1	0	2	1	0	0	0	0	0	1	0	0	1	1	0	0	0	0	0	0	0	0	0	0	0	0	0	1	0	0	0	0	0	0	1	0	0	0	0	0	0	1	1	1	0	2	0	0	0	0	0	0	0	0	0	0	1	0	0	1	0	0	0	1	0	0	0	0	0	0	0	1	0	0	0	0	0	0	0	0	0	0	0	0	0	0	0	0	0	1	0	2	1	0	0	0	0	0	3	0	0	0	0	1	0	0	0	0	0	1	0	0	0	0	0	0	0	0	0	0	0	0	0	0	0	0	0	0	0	1	0	0	1	0	0	0	0	0	0	0	0	0	1	0	0	0	2	0	1	0	0	0	0	0	1	0	0	0	0	0	1	0	0	0	0	0	0	0	0	0	0	0	0	0	0	0	0	0	0	1	0	0	0	0	0	0	0	0	0	0	0	1	0	0	0	0	0	0	0	0	1	0	0	0	0	0	0	0	0	0	0	0	1	0	0	1	0	0	1	0	0	0	0	0	0	0	0	0	0	0	1	0	0	0	0	0	0	1	0	0	0	0	0
0	0	0	0	0	0	0	1	3	7	7	4	4	6	9	9	7	13	8	3	0	2	5	4	1	4	10	10	7	3	6	3	1	2	7	10	18	11	5	9	22	21	6	1	7	24	62	15	4	18	0	109	16	10	4	2	2	5	5	5	4	1	2	3	0	1	1	0	1	3	4	4	4	3	1	3	0	5	3	1	0	0	0	0	1	0	3	4	3	1	1	2	1	0	0	2	2	0	0	1	1	1	1	0	0	0	0	2	1	1	1	1	3	1	0	1	3	3	0	1	4	11	9	1	6	0	0	2	1	1	4	3	2	0	2	1	0	1	3	4	1	3	2	0	1	0	1	1	0	0	1	4	4	8	7	3	3	2	3	3	2	1	0	2	0	1	4	0	1	0	1	0	3	1	0	1	1	1	1	0	1	1	0	1	1	0	1	1	1	2	0	2	3	2	1	0	0	2	1	1	1	1	0	1	1	2	1	0	0	1	0	2	0	0	1	0	3	0	4	1	0	2	0	0	1	0	1	0	0	0	2	0	0	0	1	1	1	0	0	0	0	0	0	0	0	0	1	1	1	0	1	2	0	1	3	1	0	1	0	0	0	0	1	0	0	1	0	0	0	1	0	0	0	0	0	0	0	1	0	0	0	2	1	0	0	0	1	0	0	0	0	0	0	0	0	1	1	1	0	2	0	2	1	1	0	0	1	0	0	0	0	0	0	0	0	0	0	0	1	1	0	0	0	0	1	0	1	0	0	1	0	1	0	0	0	0	0	1	0	0	0	2	0	0	2	1	0	0	1	0	0	0	0	0	0	0	0	0	0	1	0	0	0	0	0	0	0	0	0	0	0	1	1	0	0	0	2	0	0	0	0	0	0	0	0	0	1	0	0	0	0	0	0	0	0	0	0	0	0	0	1	0	0	0	1	0	0	1	1	0	0	0	1	0	0	0	0	0	0	0	0	0	0	1	0	1	0	0	0	0	0	1	0	0	0	0	0	0	0	0	0	0	0	0	0	0	0	0	1	0	1	0	0	1	0	0	0	0	0	0	0	0	0	0	0	0	0	0	0	0	0	2	0	0	1	0	0	0	0	0	0	0	0	0	0	0	1	0	0
0	0	0	0	0	0	0	0	1	2	8	6	2	3	4	5	1	10	2	1	2	3	3	3	4	1	2	2	5	1	3	1	2	1	2	9	15	6	8	14	21	28	10	6	5	7	25	4	13	13	109	0	31	14	5	6	6	10	7	0	4	2	0	2	3	4	1	3	3	4	1	2	1	2	5	6	0	6	2	2	1	1	1	2	0	1	3	3	3	2	0	1	1	2	2	0	1	0	0	2	2	0	0	1	0	0	1	1	0	0	0	3	2	1	4	2	1	3	0	3	3	6	5	2	2	2	2	0	2	2	1	1	1	2	0	3	0	3	2	3	0	2	0	0	0	2	0	1	0	1	0	2	9	3	2	1	2	4	1	0	0	1	2	2	1	2	2	5	1	0	0	1	0	1	3	1	1	0	1	0	0	0	1	0	0	0	0	1	2	2	2	2	2	5	0	2	1	0	0	1	1	0	1	1	0	1	0	1	0	1	0	0	1	0	2	5	1	0	1	1	0	1	0	1	1	0	1	0	0	0	1	0	0	0	0	0	0	0	1	0	0	0	1	0	0	1	0	1	0	2	0	1	0	0	0	1	0	1	1	0	0	0	0	0	0	0	0	0	0	0	0	0	1	0	0	0	0	1	0	0	0	0	0	0	0	0	0	0	0	1	0	0	0	0	0	1	0	2	1	0	0	0	0	0	1	0	0	0	0	1	0	0	0	0	0	1	0	0	0	0	0	1	0	1	0	0	0	0	0	0	0	0	0	0	0	0	1	0	0	1	0	1	1	0	0	0	0	1	2	0	1	0	0	0	0	0	0	0	0	1	1	1	0	0	0	0	0	0	1	0	1	0	0	0	1	0	0	1	0	0	0	0	0	0	1	0	1	0	1	0	0	0	1	0	0	0	1	0	0	0	0	0	0	1	0	0	0	0	0	0	0	0	0	0	0	0	0	0	0	2	0	0	0	0	1	0	0	0	0	0	0	1	0	0	0	0	0	0	0	0	0	0	0	0	0	1	0	1	0	0	0	0	0	0	0	0	1	0	0	0	0	0	0	0	0	0	0	0	0	0	0	0	0	0	0	0	0	0	1	0	0	0	1	0	0	0	0	1	0
0	0	0	0	0	0	0	2	1	6	0	2	4	3	6	0	3	7	5	4	3	0	2	4	2	4	2	2	3	2	1	0	1	1	2	8	8	7	17	40	24	6	5	4	3	7	11	6	3	5	16	31	0	44	10	10	7	3	4	6	2	3	0	5	3	1	0	2	0	2	4	3	0	2	3	7	5	9	8	4	3	1	3	5	5	2	1	2	3	2	1	1	1	0	0	1	0	0	1	2	0	2	1	2	1	2	3	0	4	0	0	2	2	1	2	1	3	1	3	5	4	4	11	3	1	2	1	1	2	2	1	0	1	1	1	0	1	0	2	6	1	1	0	0	3	1	2	0	2	0	1	1	6	9	6	8	1	11	8	4	0	3	0	2	7	0	0	0	0	0	0	0	3	0	0	1	0	1	0	1	0	0	1	1	1	0	0	2	0	1	0	3	0	4	1	2	1	3	1	0	1	3	1	1	2	1	1	1	0	1	0	1	1	0	1	0	0	4	1	1	2	0	1	1	1	0	1	0	0	0	0	0	1	2	1	0	0	1	1	0	1	0	0	0	1	2	1	1	0	1	0	1	1	1	0	1	1	1	2	0	1	0	1	0	0	0	1	0	0	0	1	1	0	0	0	0	0	0	1	1	0	0	0	0	0	0	0	0	1	0	0	0	0	1	0	0	0	1	0	1	0	0	0	0	0	0	0	0	0	0	1	0	0	0	0	0	0	0	0	0	0	0	0	0	0	0	0	0	0	0	0	0	0	0	1	0	0	2	1	0	0	0	0	0	0	0	0	0	0	0	0	0	0	0	0	0	0	0	0	0	0	0	0	0	0	0	1	1	0	0	0	1	0	2	0	0	0	1	0	0	0	0	0	0	0	0	0	0	0	0	0	0	0	0	0	0	0	0	1	1	0	0	0	0	1	0	1	0	0	0	0	0	0	0	0	0	0	0	0	0	0	0	1	0	0	0	0	0	1	0	0	0	0	0	0	0	0	0	0	0	0	2	0	0	0	0	0	0	1	0	0	0	0	0	0	0	0	0	0	0	0	1	0	0	0	0	0	0	0	0	0	0	0	0	0	0	0	0	0	0	0	0	0	0	0	0	0	0	0
0	0	0	0	0	0	0	0	2	0	1	6	3	1	9	2	4	5	3	3	2	2	1	2	1	1	4	3	2	1	1	1	1	2	2	5	8	5	17	19	31	11	4	3	4	6	16	3	0	3	10	14	44	0	23	56	10	11	3	6	6	1	5	6	5	1	5	0	1	5	17	9	5	4	8	9	6	21	18	6	5	3	2	2	7	4	5	7	1	2	1	1	0	0	3	1	0	1	0	3	4	0	1	0	4	4	1	1	2	2	0	2	2	1	2	0	2	4	2	4	4	3	13	5	4	4	3	2	3	3	2	3	0	1	3	0	0	1	0	0	1	1	1	0	1	1	0	0	3	1	0	5	12	5	5	2	2	8	8	7	2	2	0	3	2	3	2	0	1	1	0	1	1	3	4	1	2	0	0	0	0	0	0	1	0	0	2	0	1	3	4	2	4	7	5	2	4	1	2	1	0	2	1	0	3	1	0	2	0	2	2	1	0	1	2	0	2	2	1	1	1	2	1	1	1	3	3	0	1	0	1	2	4	0	2	0	0	0	2	1	2	1	0	0	2	1	1	0	1	3	1	0	1	1	0	1	2	0	0	0	0	1	0	0	2	1	0	0	1	0	0	0	0	1	1	0	1	0	0	0	0	1	0	0	0	0	0	0	0	0	0	2	1	0	2	1	0	0	0	0	0	1	0	1	1	0	0	0	1	1	0	0	0	0	0	1	0	0	0	1	0	0	0	0	1	0	0	0	0	0	0	0	0	0	1	1	1	1	0	0	1	0	1	0	0	0	0	0	0	0	1	0	0	0	0	1	1	0	0	0	0	0	0	0	0	1	1	0	1	0	0	0	0	2	0	0	1	0	0	1	0	0	0	1	0	0	0	0	0	0	0	0	0	0	0	0	0	0	0	1	0	1	0	0	0	0	0	0	0	0	1	0	1	0	0	1	0	1	0	0	1	0	1	0	0	0	0	0	1	0	1	0	0	0	0	0	1	0	0	0	1	0	0	0	0	0	0	0	0	1	1	0	0	0	0	0	0	0	0	0	0	0	0	0	0	0	1	0	0	1	1	0	0	1	0	0	0	0	0	1	0	0	0	1	0	0	0	0	0
0	0	0	0	0	0	0	2	1	4	0	1	3	2	2	0	1	3	3	0	2	1	1	1	2	2	2	1	1	2	1	1	3	2	0	2	4	4	3	13	14	9	5	4	2	3	4	1	1	1	4	5	10	23	0	45	9	8	1	2	1	2	0	3	7	6	1	6	2	4	4	4	6	1	3	7	23	25	34	17	8	5	5	17	27	9	8	6	2	2	1	0	0	2	0	1	2	3	2	1	2	4	1	2	1	0	1	1	0	1	2	0	4	1	0	0	3	2	3	1	2	2	3	1	1	0	2	1	2	0	1	1	0	2	0	0	0	0	0	0	0	1	2	1	0	3	0	1	1	0	2	7	6	9	17	34	9	11	10	8	5	4	4	3	8	2	3	2	2	0	1	1	0	0	0	2	1	0	0	1	0	1	1	0	1	1	1	2	1	3	2	8	9	16	8	5	1	2	1	1	3	3	0	2	2	1	1	1	0	1	0	0	0	0	1	1	1	2	0	2	2	2	2	0	0	1	0	2	0	1	1	2	1	0	0	0	0	0	0	1	0	0	1	0	2	0	1	0	0	1	1	1	1	0	1	0	1	0	0	0	0	2	1	1	0	2	2	1	2	0	0	0	0	1	0	1	1	0	0	0	0	0	0	0	1	0	0	0	0	2	0	0	0	0	0	1	0	0	0	0	1	0	1	0	0	1	0	2	1	0	0	1	1	0	0	0	0	0	0	2	0	0	0	0	0	0	0	0	0	0	2	0	0	0	0	2	1	0	0	1	0	1	0	0	0	0	1	0	0	0	0	1	0	0	0	0	1	0	1	1	0	1	0	0	0	0	0	0	0	0	0	0	0	1	0	0	0	0	0	0	2	0	0	0	0	0	0	0	1	1	0	0	1	0	0	0	0	0	0	1	0	0	0	0	0	0	0	0	0	0	1	0	0	0	0	0	0	1	0	1	0	0	0	0	0	0	0	0	0	0	0	0	0	0	0	0	0	0	0	0	0	0	0	0	0	0	0	1	0	0	0	1	0	0	0	0	0	0	0	0	0	0	0	0	0	0	0	0	0	0	0	0	0	0	0	1	1	0	1	0	1	0	0	0	0	0	0	0	0
0	0	0	0	0	0	0	1	1	2	4	0	3	4	5	1	3	4	6	2	0	0	2	2	2	2	1	4	2	1	0	2	0	2	6	3	2	2	6	5	14	4	3	3	8	9	6	1	0	3	2	6	10	56	45	0	25	6	5	7	11	5	5	8	6	16	7	9	4	7	10	5	5	2	4	11	15	14	36	7	16	4	4	8	15	5	11	4	5	4	2	1	0	1	0	2	4	1	2	1	2	3	1	0	2	1	2	3	2	1	2	1	1	1	2	0	2	2	3	1	3	0	12	1	1	0	2	5	3	4	1	0	2	0	0	0	0	0	0	1	0	0	0	0	1	2	2	0	0	0	2	7	12	10	5	17	4	9	14	21	6	2	2	2	2	1	2	2	0	1	1	0	3	0	3	4	2	1	1	2	0	0	0	0	2	0	0	1	1	1	5	4	8	23	8	1	1	3	1	1	1	1	2	2	3	4	0	2	2	0	0	0	0	0	2	1	1	2	2	3	4	0	0	1	0	0	0	3	0	1	3	3	1	1	0	2	0	0	2	0	0	0	0	0	2	0	3	0	0	1	0	0	1	0	1	1	3	0	0	1	1	0	0	0	0	0	2	0	0	0	1	0	0	0	1	2	0	0	3	0	0	1	0	0	0	1	1	0	0	0	0	1	1	1	0	2	0	0	1	0	0	0	0	0	2	0	0	0	0	0	1	0	0	0	0	0	0	0	0	0	0	0	0	0	1	0	1	0	1	0	1	0	1	0	0	0	0	0	0	1	0	0	1	0	0	0	1	0	0	0	0	0	1	0	0	0	0	0	0	0	0	0	0	0	0	0	0	0	0	0	1	0	0	0	1	2	0	1	1	0	1	1	0	0	0	0	0	0	0	0	1	0	1	0	1	0	0	1	0	0	0	0	0	0	0	0	0	0	0	0	0	0	0	0	0	0	0	0	0	0	0	0	0	0	0	0	0	0	0	0	1	1	0	0	0	1	0	0	0	0	0	0	0	0	0	0	2	2	0	0	0	0	0	1	0	1	0	0	0	0	0	1	1	0	0	0	1	2	0	0	0	0	0	0	0	0	0	0	0	0	0	0	0	0	0	0	1	0	1
0	0	0	0	0	0	0	1	0	1	2	3	4	5	4	2	2	5	5	5	1	0	3	6	4	2	4	1	2	0	2	2	1	0	0	5	3	0	4	4	12	5	16	6	14	5	8	0	0	3	2	6	7	10	9	25	0	54	16	31	12	4	2	6	12	8	12	12	7	12	5	7	2	3	4	3	2	4	7	3	6	1	5	1	12	12	27	51	11	7	3	1	2	0	1	2	0	2	1	3	1	4	1	0	2	3	2	1	2	3	2	2	2	2	0	2	6	3	2	2	0	7	3	5	0	2	3	3	7	5	3	1	3	0	0	0	1	0	0	0	0	1	0	3	3	6	2	2	0	2	3	11	7	7	3	7	5	11	12	33	5	10	4	2	2	2	2	6	2	0	0	0	0	0	1	1	0	1	2	1	2	0	1	2	0	0	1	3	0	3	3	4	3	8	6	1	2	2	1	1	2	1	1	3	1	5	1	2	0	1	1	1	0	2	1	0	3	1	4	8	1	2	2	2	1	0	3	0	1	3	2	2	4	1	0	1	0	1	0	0	1	1	1	1	0	1	1	1	0	0	1	2	0	2	1	0	0	1	2	0	0	0	0	0	2	0	0	1	0	3	0	1	0	1	0	0	1	1	2	0	0	0	1	1	0	0	0	0	0	0	0	0	0	1	0	1	0	1	1	0	0	0	0	1	0	0	0	0	0	0	0	0	0	0	0	0	0	1	1	0	0	2	0	0	0	0	0	0	0	0	1	0	1	0	0	0	1	0	0	0	0	1	1	0	1	0	0	0	0	0	0	0	0	0	3	0	0	1	0	0	0	0	0	0	0	0	0	1	0	1	0	0	1	3	0	0	1	0	1	0	1	0	0	0	0	0	0	0	0	0	0	0	0	0	0	0	0	0	0	0	1	0	1	0	0	1	0	0	0	0	0	0	0	0	0	0	0	0	0	0	0	1	0	0	0	0	1	0	0	0	1	1	0	0	0	1	1	0	0	0	0	0	0	0	0	1	0	0	0	0	0	1	0	0	0	0	0	1	0	0	0	1	0	0	0	0	1	0	0	0	0	0	0	0	0	0	1	0	0	0	0	0	0	0	0	0	0	0	0
0	0	0	0	0	0	0	3	0	1	4	6	4	3	3	4	3	3	13	6	5	4	2	6	3	3	7	4	1	0	2	0	1	1	6	6	5	3	2	7	11	8	21	13	10	7	2	2	0	1	5	10	3	11	8	6	54	0	77	56	10	3	7	6	6	10	5	9	5	8	7	5	2	4	4	7	1	5	6	2	0	2	5	0	2	5	9	55	28	8	4	1	0	0	0	0	2	1	2	2	6	2	4	3	2	7	1	4	4	4	1	1	1	2	1	6	3	1	3	3	1	1	9	6	1	0	2	2	3	7	2	0	0	2	2	0	0	3	2	1	1	2	1	2	0	2	4	4	0	1	5	11	6	3	1	5	2	4	5	13	4	4	2	2	1	2	4	3	2	2	0	1	2	2	1	1	1	1	0	1	1	0	1	2	0	1	2	3	0	3	0	2	3	5	5	5	2	0	1	2	0	0	1	0	2	2	0	0	0	1	0	1	0	0	3	5	2	3	5	12	5	0	3	0	1	1	0	1	4	2	1	2	5	3	2	1	1	0	0	0	2	1	1	1	1	1	1	0	1	0	1	0	1	1	2	3	1	2	1	0	3	1	2	1	0	1	1	0	0	0	1	0	0	0	0	0	0	1	2	2	0	0	0	0	0	1	0	0	0	1	0	0	0	0	0	0	0	0	0	0	0	0	2	2	0	0	0	0	0	1	1	0	0	0	0	0	1	0	0	0	0	1	0	0	0	0	1	0	0	0	0	1	0	0	0	0	1	0	0	1	0	0	0	0	1	1	0	0	0	0	0	1	0	0	0	0	0	0	0	0	0	1	0	0	0	0	1	0	1	0	0	1	0	0	0	1	1	0	0	0	1	0	0	0	0	0	0	0	1	0	0	0	0	0	0	0	0	0	0	1	1	2	0	0	0	0	0	1	0	1	0	0	0	1	0	0	1	0	0	0	0	0	1	0	0	0	0	1	1	0	0	0	1	0	0	0	0	0	0	0	0	0	0	0	1	0	0	0	2	0	0	0	0	1	0	0	0	1	0	0	0	0	0	0	0	0	1	0	0	0	0	0	0	0	0	0	0	0	0	0	1	0	0	0	0	1	0	0	0
0	0	0	0	0	0	0	2	3	2	3	7	10	6	1	5	5	12	14	7	2	5	5	13	7	6	2	2	4	3	1	1	2	3	8	4	2	2	1	5	7	8	10	8	19	19	6	5	3	2	5	7	4	3	1	5	16	77	0	76	10	4	3	7	0	5	7	8	4	13	7	3	3	3	5	4	1	1	2	8	2	2	3	4	7	2	7	10	13	6	2	3	2	3	2	2	3	1	2	2	3	2	2	0	4	3	4	4	5	1	8	3	0	4	5	6	3	9	6	1	2	2	6	3	4	2	5	2	1	3	1	0	0	1	1	0	1	2	1	5	5	6	2	2	2	1	2	2	4	2	7	4	7	0	0	0	0	2	5	12	1	2	6	1	2	1	3	4	4	2	1	3	3	0	1	1	1	1	0	2	2	1	1	0	1	0	1	4	0	3	1	2	4	2	2	1	5	2	0	2	0	2	1	1	0	1	2	1	1	2	1	0	4	1	2	1	3	8	10	15	3	1	1	4	1	2	1	0	2	1	1	5	2	2	1	1	1	1	1	3	0	0	3	0	3	1	0	0	1	0	0	1	1	0	1	1	0	0	1	1	0	0	0	0	1	0	0	0	0	1	2	1	0	0	1	2	0	0	0	1	3	0	0	0	0	0	0	1	0	1	0	0	0	0	0	0	0	3	1	1	0	0	0	4	0	0	0	0	2	2	0	0	1	1	0	0	1	0	0	0	0	1	0	1	1	1	0	0	0	0	0	0	0	0	0	0	0	2	2	0	0	0	1	0	0	0	1	0	1	0	1	0	0	1	0	0	1	0	1	0	0	0	0	0	0	0	1	0	0	0	0	1	0	0	0	0	0	1	1	1	0	0	1	0	0	0	0	0	0	1	0	0	0	0	0	0	0	0	0	0	0	1	0	1	0	0	1	1	0	0	0	0	1	0	0	0	1	1	0	1	3	0	0	0	0	0	0	0	0	0	0	0	0	0	0	0	0	0	0	0	1	0	0	0	0	0	0	0	1	0	0	1	2	1	0	0	0	0	0	0	0	0	1	0	1	2	0	0	0	0	2	0	1	0	0	0	0	0	0	0	0	0	0	0	0	0	0	0	1
0	0	0	0	0	0	0	1	0	4	2	1	7	5	2	5	10	19	14	2	4	4	4	5	6	2	1	1	2	3	2	1	0	0	5	3	4	4	3	5	7	7	8	4	8	8	5	6	2	0	5	0	6	6	2	7	31	56	76	0	33	4	7	5	5	10	9	8	23	30	9	7	3	3	5	2	4	1	9	3	3	4	0	2	6	8	7	25	10	4	0	2	0	2	0	2	1	0	0	4	1	2	0	0	2	2	3	6	8	7	2	3	8	2	2	7	3	14	7	2	4	3	10	5	4	3	2	2	5	4	6	2	1	1	0	2	4	5	5	2	2	4	2	4	3	4	1	0	1	5	6	2	9	1	2	5	2	4	3	17	8	1	2	4	4	6	3	4	3	1	1	3	2	1	1	1	1	0	1	1	1	1	0	1	1	1	0	1	2	2	0	1	5	6	5	2	3	3	1	2	1	3	1	5	1	2	1	1	0	0	2	0	0	0	4	4	4	10	7	16	3	3	4	1	1	3	0	3	1	1	1	4	2	5	3	2	0	1	1	0	0	0	0	1	0	2	1	1	0	1	0	0	0	0	1	2	1	2	2	2	2	0	0	0	0	1	0	0	0	1	0	1	0	1	0	1	0	1	2	0	0	0	0	0	1	1	1	0	1	1	2	0	1	0	0	1	1	1	0	1	1	1	1	2	0	0	2	0	0	0	1	0	1	0	0	0	1	0	0	0	0	0	0	0	1	1	0	0	0	0	0	0	1	0	0	0	1	0	1	0	0	0	0	0	0	0	0	1	1	0	1	0	0	0	0	0	0	1	1	0	0	0	0	0	0	0	1	0	0	0	0	0	1	1	0	0	1	0	1	1	1	0	0	0	0	0	0	0	0	0	2	0	0	1	0	0	0	0	0	0	0	0	1	1	0	0	0	0	1	1	0	0	1	0	1	0	0	0	1	0	1	0	1	0	0	0	0	0	0	0	0	0	0	0	0	0	0	0	1	0	0	0	0	1	0	1	1	2	0	2	0	0	0	0	1	0	0	0	0	0	0	0	0	0	0	0	0	0	0	0	2	0	0	0	2	1	0	0	0	1	0	0	0	0	0	0	0	0	0
0	0	0	0	0	0	0	0	1	2	1	1	8	3	2	5	7	6	8	2	1	0	2	6	3	1	2	3	1	2	2	3	1	0	2	2	2	3	0	4	6	4	3	2	3	4	5	1	3	0	4	4	2	6	1	11	12	10	10	33	0	41	13	17	11	19	18	18	15	495	24	10	6	1	8	3	7	3	1	3	0	4	5	2	5	1	1	9	6	1	2	2	1	0	0	1	2	1	4	5	3	0	3	0	1	0	1	2	0	5	3	6	2	2	5	11	2	10	7	8	1	4	7	5	4	1	3	2	12	11	8	3	2	4	2	3	3	1	1	1	2	2	1	1	2	2	3	1	0	2	6	4	2	4	0	6	2	5	6	27	11	3	3	6	4	8	6	5	6	2	1	1	3	2	0	2	2	5	2	0	1	1	2	2	0	1	1	4	2	2	3	6	4	6	7	7	9	3	6	3	1	2	2	3	3	2	4	6	3	1	0	2	2	1	0	1	5	2	7	4	4	11	1	2	1	1	3	3	3	1	1	5	1	4	0	0	0	2	1	0	1	1	1	1	0	2	1	0	0	2	0	1	0	4	0	2	3	3	0	1	0	1	0	1	0	1	1	0	0	2	0	1	0	0	1	5	2	0	2	0	0	1	1	1	0	0	0	1	0	0	1	0	1	0	1	0	0	2	1	2	1	1	2	2	2	0	1	0	0	0	0	0	0	1	0	0	0	0	1	0	0	0	1	0	0	0	0	0	1	0	2	0	0	0	0	0	0	1	1	0	0	0	1	0	0	0	2	0	0	0	3	0	1	0	0	1	0	0	0	0	0	1	0	1	1	0	0	0	0	1	0	1	0	0	0	1	1	0	0	1	0	1	0	0	0	0	0	0	0	0	0	0	1	0	0	0	0	0	0	0	0	1	0	0	2	0	0	1	0	0	1	0	1	1	1	0	0	1	0	0	1	1	0	0	0	0	0	0	0	0	0	0	0	0	0	1	0	0	0	0	0	0	0	0	0	0	0	1	0	1	0	0	0	0	0	0	0	0	0	0	0	1	0	0	0	0	0	0	1	0	0	0	0	0	0	0	1	0	1	1	0	0	0	1	0	0	0	0	0
0	0	0	0	0	0	0	0	0	2	2	0	4	0	3	3	8	7	4	1	1	1	0	3	5	2	2	2	1	1	4	0	1	1	3	3	0	1	0	3	1	2	2	0	4	2	4	0	3	0	1	2	3	1	2	5	4	3	4	4	41	0	55	7	13	10	17	11	16	24	12	2	5	6	7	3	1	1	1	2	4	4	0	3	3	7	2	8	0	1	0	2	0	0	1	3	2	2	2	3	5	2	0	3	0	0	3	1	1	2	7	15	13	7	9	6	5	5	10	3	3	3	2	9	3	2	7	1	10	7	7	5	4	5	1	1	0	1	4	1	1	2	6	4	7	5	4	3	3	0	2	2	0	2	0	3	0	2	2	12	4	3	7	6	13	20	27	91	29	0	7	3	4	2	5	5	4	3	1	2	0	1	0	0	0	0	4	6	2	3	3	4	4	5	8	11	13	11	3	3	9	4	8	9	15	5	1	1	7	3	1	3	2	4	7	2	2	5	2	5	6	3	4	4	7	6	5	1	4	5	2	3	4	5	0	1	0	0	0	0	2	1	0	0	3	0	1	2	2	1	3	2	2	1	2	1	4	2	3	1	0	1	0	0	0	1	1	0	2	0	0	1	1	0	1	2	2	0	1	0	0	0	2	2	1	1	0	1	2	0	0	0	2	1	0	2	2	3	0	0	2	3	1	1	2	1	1	0	0	0	0	0	0	1	0	0	0	0	0	0	0	0	1	0	1	0	0	1	1	0	0	0	0	0	0	0	0	0	1	0	0	1	0	0	0	1	1	1	0	1	0	1	0	0	1	0	0	0	1	1	0	0	0	1	1	1	0	0	1	1	0	1	0	2	1	1	0	1	0	1	0	0	1	0	0	0	0	0	0	0	1	0	0	0	0	1	0	0	0	0	0	0	1	0	0	1	0	1	2	0	0	1	1	0	0	0	0	1	0	2	1	0	1	0	0	0	0	1	0	1	1	2	0	0	0	1	0	0	1	0	0	0	0	0	1	0	0	0	0	0	0	1	0	4	0	0	1	0	1	1	0	0	1	0	0	0	0	0	0	2	1	0	0	0	0	0	0	0	1	0	1	0	0	0	0	0	0	0	0
0	0	0	0	0	0	0	1	1	4	1	2	2	0	1	8	4	3	1	1	1	2	1	7	3	1	0	1	1	1	1	0	0	0	1	2	3	0	2	1	3	1	2	1	2	4	5	0	0	2	2	0	0	5	0	5	2	7	3	7	13	55	0	34	21	9	10	5	9	11	11	16	14	10	5	5	3	3	5	4	6	3	9	5	4	1	2	6	1	1	1	1	0	2	3	1	1	1	5	1	4	0	1	0	0	4	0	3	0	4	3	6	7	7	3	7	7	5	6	9	6	9	7	6	4	0	5	2	14	4	8	1	1	2	2	0	0	5	0	1	1	2	1	2	2	1	4	2	1	1	4	0	1	2	1	2	0	2	2	5	4	7	7	11	8	9	11	57	11	5	4	8	7	2	8	4	4	3	3	1	3	3	2	0	0	2	3	2	3	3	3	4	4	5	8	43	33	11	4	5	6	4	6	11	9	4	1	3	2	2	1	1	1	0	2	1	1	1	1	2	6	4	6	2	4	5	4	3	4	2	0	2	3	3	4	1	1	0	1	1	2	0	1	2	2	0	4	2	5	2	1	1	1	2	3	5	4	5	1	1	1	1	0	2	0	2	3	0	0	1	1	1	1	1	0	0	0	1	1	1	0	0	0	2	3	0	0	0	1	1	0	0	1	2	1	2	0	1	1	0	6	1	1	1	0	1	0	0	0	0	1	0	1	0	0	0	0	0	0	0	0	0	0	0	0	0	0	0	0	1	1	0	0	0	0	2	1	0	2	0	0	0	1	1	0	0	0	0	0	2	1	1	0	0	0	0	0	1	1	0	1	0	0	0	0	0	0	0	0	0	0	2	1	0	1	0	0	1	1	0	1	2	0	0	0	0	0	2	0	0	0	1	1	0	1	0	1	1	1	1	0	1	3	1	1	0	0	0	0	0	0	1	0	0	0	0	2	0	1	0	0	1	0	1	0	0	0	0	1	0	1	0	1	0	0	0	0	0	1	1	0	0	0	1	0	1	1	0	1	1	1	0	0	2	1	0	0	0	0	0	0	0	0	0	0	0	0	0	0	0	0	0	0	0	2	0	0	0	0	0	0	0	0	0	0	1	0	0	0
0	0	0	0	0	0	0	1	3	3	0	2	2	7	3	3	6	3	6	1	0	3	1	1	2	2	0	1	1	2	0	0	1	0	0	2	1	1	1	1	1	2	1	3	3	0	0	2	2	0	3	2	5	6	3	8	6	6	7	5	17	7	34	0	98	14	17	10	9	21	34	7	13	12	11	12	8	4	9	5	15	7	4	7	6	3	3	2	1	0	3	1	2	1	0	0	2	3	3	1	1	2	1	2	2	2	0	2	1	1	0	5	3	1	3	5	2	0	3	3	7	4	3	5	2	3	1	3	6	5	5	2	1	0	0	1	1	1	0	1	1	2	3	3	4	2	2	1	2	2	2	0	0	5	4	2	2	3	1	14	6	2	11	11	8	11	4	12	5	6	4	3	6	3	3	5	1	5	3	2	2	0	0	4	2	0	1	5	4	1	5	4	15	5	18	34	18	11	4	1	5	4	8	5	2	0	0	1	0	3	1	0	1	0	2	1	1	2	3	0	1	1	4	5	2	1	4	0	1	3	0	1	2	2	1	3	0	0	0	2	1	0	1	0	3	2	0	1	0	0	1	1	1	0	2	2	3	3	1	1	1	0	1	1	0	0	0	0	0	3	0	0	1	0	0	0	1	0	1	1	0	1	0	0	0	1	0	1	1	1	1	2	0	0	1	1	0	1	1	0	1	1	0	1	2	2	1	0	1	0	0	0	0	0	0	0	0	0	0	0	0	0	0	0	0	0	1	0	0	1	1	0	1	0	1	0	0	0	1	0	2	0	0	0	0	0	0	0	0	1	1	0	1	0	1	0	0	1	0	0	0	1	0	0	0	0	0	0	0	1	0	0	1	0	0	1	0	0	0	0	0	0	0	0	0	0	0	0	0	0	0	0	1	0	0	0	0	0	0	0	0	0	0	0	0	0	0	1	1	0	0	0	0	0	0	0	0	0	0	0	0	1	1	0	0	1	0	0	0	1	0	2	0	2	0	1	0	0	0	0	0	0	0	0	0	0	1	0	0	1	0	0	0	0	0	0	0	0	0	0	0	0	0	0	0	0	0	0	0	0	1	0	1	0	0	0	0	0	0	0	0	0	0	0	0	0	1	0	0
0	0	0	0	0	0	0	2	1	3	0	0	0	1	2	2	5	1	3	0	1	0	1	0	1	1	2	0	1	2	0	0	1	1	1	2	1	1	3	3	2	2	1	1	5	3	3	1	1	0	0	3	3	5	7	6	12	6	0	5	11	13	21	98	0	17	12	6	9	5	19	8	9	13	7	6	3	4	14	6	23	9	10	3	6	1	1	5	6	2	1	5	1	3	0	1	1	1	1	1	2	0	1	1	1	0	0	1	4	1	1	7	0	0	1	4	5	3	3	6	0	2	4	2	0	1	1	1	3	3	4	5	1	3	0	0	0	2	0	0	0	3	2	1	0	1	2	1	1	1	2	3	2	1	1	4	1	2	2	15	5	6	7	10	7	13	6	17	1	2	5	9	7	4	8	4	4	2	5	2	2	1	1	1	2	2	3	3	3	2	4	4	13	14	53	52	14	3	3	4	6	4	5	9	4	2	3	1	1	2	0	1	1	0	2	1	2	1	1	1	2	2	1	1	2	3	2	3	1	1	2	1	6	2	2	1	0	0	1	1	4	0	0	0	0	0	0	1	1	2	0	1	1	0	1	4	8	1	0	2	1	2	1	1	2	1	0	1	2	1	1	1	2	0	0	2	1	0	1	1	1	0	0	0	1	0	0	0	2	1	1	1	0	1	1	0	2	2	2	1	2	0	2	0	0	0	0	1	1	2	1	0	0	0	1	0	0	0	0	0	1	1	0	0	0	0	1	0	0	0	0	1	0	3	1	1	1	0	0	0	1	0	0	0	0	0	0	0	1	0	0	1	0	1	1	1	1	0	0	1	0	0	0	0	0	0	1	1	0	1	1	0	0	0	1	0	0	0	1	1	1	0	1	0	0	0	0	1	0	0	0	0	0	0	0	0	0	0	0	0	0	0	0	0	0	0	0	0	1	0	0	0	0	1	0	0	0	0	0	0	0	0	0	1	0	0	0	1	0	0	0	0	0	0	0	0	0	0	0	0	0	0	0	0	0	0	0	0	0	0	1	1	0	2	1	0	0	0	0	0	0	0	0	0	0	0	0	1	0	0	0	0	0	0	0	0	0	1	0	0	0	0	0	0	0	0	0	0	0
0	0	0	0	0	0	0	0	6	1	1	1	1	7	2	3	5	7	8	3	2	1	0	1	5	1	3	0	2	1	0	1	0	1	0	1	0	0	5	2	3	2	1	5	0	1	5	2	1	2	1	4	1	1	6	16	8	10	5	10	19	10	9	14	17	0	42	82	18	25	13	2	1	1	3	2	4	4	4	8	8	9	4	4	8	10	3	3	2	4	6	3	1	2	4	2	3	2	2	4	3	5	1	0	1	0	2	2	1	1	3	3	2	3	1	2	2	2	5	1	4	1	1	4	0	1	0	2	2	3	4	1	0	0	0	1	1	1	0	1	2	1	4	4	2	2	1	1	2	2	3	4	3	4	2	0	6	6	3	54	29	17	14	9	18	22	10	11	3	2	1	2	3	2	3	8	1	3	6	1	1	3	1	4	2	4	1	3	4	4	10	5	17	11	36	9	3	4	3	2	2	1	6	10	2	2	2	1	1	0	0	0	2	0	3	2	0	1	2	3	6	3	3	4	3	1	7	2	2	2	2	4	6	3	3	2	0	1	1	0	0	3	0	0	0	1	1	0	1	3	0	3	0	3	4	4	5	4	2	1	3	0	0	1	1	2	3	0	1	0	1	1	0	1	0	0	0	0	1	0	0	0	1	0	0	0	1	1	0	0	0	1	0	0	0	0	2	0	2	0	1	1	0	2	2	0	0	1	1	0	0	0	1	0	0	0	0	1	0	0	0	0	0	0	0	0	0	0	0	0	0	0	0	0	0	1	0	1	0	1	0	2	0	1	0	1	1	0	1	0	0	1	1	1	1	0	1	0	1	1	0	0	0	0	0	0	0	0	0	0	0	1	0	0	0	1	0	0	1	1	0	0	0	1	0	0	0	0	0	0	0	0	0	0	0	1	0	0	0	0	1	0	0	0	0	0	0	2	0	1	1	0	0	1	0	0	0	2	0	0	0	0	0	0	0	0	1	0	0	0	0	1	0	0	0	0	0	0	0	0	0	0	0	1	0	0	0	2	1	1	0	0	0	1	0	0	0	1	0	0	0	0	0	1	0	1	0	1	0	0	0	0	0	0	0	0	0	0	0	0	0	0	0	0	0	0	0	0	0
0	0	0	0	0	0	0	0	0	4	2	3	8	3	2	1	5	3	3	2	0	0	4	2	1	3	1	0	0	2	0	0	0	1	3	1	3	1	1	2	2	5	3	4	1	4	3	1	1	2	1	1	0	5	1	7	12	5	7	9	18	17	10	17	12	42	0	103	62	20	7	2	4	6	1	3	3	1	4	5	9	1	5	6	4	12	6	17	8	6	2	0	2	0	0	3	1	2	5	7	6	4	1	1	3	1	0	0	6	1	7	7	10	2	6	7	7	6	4	1	3	2	5	1	0	1	0	6	1	2	4	1	1	0	1	0	3	0	2	1	0	1	0	3	0	2	3	0	1	3	4	3	3	3	2	3	0	1	6	20	61	26	13	8	19	20	13	15	3	2	3	3	3	2	5	3	6	1	4	3	2	2	0	2	2	3	2	11	5	6	3	5	4	8	13	8	2	2	1	5	2	3	4	6	3	3	5	5	1	1	1	1	1	0	1	1	0	2	4	5	3	6	5	0	1	3	4	2	1	2	3	7	8	8	3	2	0	0	0	1	0	1	0	0	1	1	0	0	1	0	0	0	3	0	4	5	1	2	2	2	1	2	0	1	1	0	2	0	0	2	0	0	1	0	1	3	0	1	2	1	0	0	0	1	0	0	0	2	1	0	1	1	0	0	1	0	2	1	0	0	1	1	1	1	2	3	1	0	0	0	1	1	0	0	0	0	0	0	0	0	1	0	0	0	1	0	0	1	0	0	0	0	1	1	1	0	0	1	1	1	1	1	0	1	1	0	2	0	0	1	0	1	2	1	1	0	2	0	1	0	0	0	0	0	1	0	0	0	2	0	0	1	0	0	0	1	0	0	0	1	0	0	0	0	0	0	0	1	0	0	1	0	0	0	0	0	0	0	0	0	1	0	0	0	0	0	0	0	1	0	0	0	0	1	0	0	1	0	0	0	0	1	1	0	0	0	0	0	0	2	0	0	0	0	0	0	1	1	0	1	0	0	0	0	0	0	0	0	2	1	0	0	0	0	0	0	0	0	0	0	0	0	0	0	0	0	0	0	0	0	0	0	1	1	0	0	1	1	0	0	0	0	1	0	0	0	0	0	0
0	0	0	0	0	0	0	2	4	2	2	1	1	1	1	3	4	4	2	5	3	1	0	2	2	3	0	1	2	0	0	0	1	1	2	5	0	0	0	1	2	4	1	1	4	1	2	0	2	0	0	3	2	0	6	9	12	9	8	8	18	11	5	10	6	82	103	0	24	17	4	2	1	2	7	2	3	5	8	2	2	2	3	8	11	16	15	6	4	2	2	3	4	1	3	2	1	3	11	5	3	5	3	1	0	1	1	2	4	2	4	5	2	0	2	3	0	2	0	1	1	4	2	1	3	1	2	2	3	4	3	1	2	2	4	0	0	0	0	3	2	0	4	2	0	2	3	0	0	5	4	5	2	4	2	10	1	1	4	28	66	38	12	7	16	17	10	3	5	3	1	0	5	3	4	2	7	3	4	2	3	1	2	1	1	1	3	9	5	4	6	2	19	13	16	12	5	2	1	2	3	3	7	10	5	1	1	3	2	2	0	0	1	1	2	1	2	2	4	10	10	5	7	0	2	1	3	1	1	1	5	5	9	6	1	1	0	0	1	1	0	0	0	1	2	2	0	0	0	1	1	1	1	1	3	2	4	3	0	1	1	2	1	2	0	0	3	1	0	1	1	1	1	0	1	0	1	1	4	1	0	2	0	0	0	1	1	2	0	1	1	0	0	0	1	0	3	0	1	0	1	0	0	0	0	0	1	0	0	0	0	0	0	0	1	0	0	2	0	1	0	1	0	0	0	0	0	0	0	0	0	1	0	0	0	0	0	0	1	0	0	3	0	0	0	0	0	0	0	0	1	0	1	1	1	0	0	0	0	1	0	0	0	0	0	0	1	0	0	2	0	0	2	1	3	0	0	0	0	1	0	0	0	0	0	0	1	0	0	0	0	0	0	2	0	0	0	0	0	1	0	0	1	0	0	0	1	0	0	0	0	0	0	2	0	0	0	0	0	0	1	0	1	1	0	0	0	0	0	0	0	0	0	0	0	0	0	0	0	0	0	0	0	0	0	0	0	0	1	0	0	0	1	0	1	1	0	0	0	0	0	0	0	1	1	1	0	0	0	0	0	0	1	0	0	1	0	1	0	0	0	0	0	0	0	0	0	0	0
0	0	0	0	0	0	0	2	1	1	3	1	9	2	3	4	2	4	1	4	1	1	3	4	1	0	1	1	2	5	1	1	2	0	4	1	1	1	1	0	1	4	2	5	0	2	2	0	4	1	1	3	0	1	2	4	7	5	4	23	15	16	9	9	9	18	62	24	0	29	5	4	4	1	1	2	1	3	5	3	3	1	2	3	5	2	2	7	5	6	4	3	4	3	3	2	2	5	5	7	2	2	1	2	2	2	1	6	4	6	7	15	13	3	8	5	10	6	2	1	2	1	2	6	1	3	0	3	4	1	2	4	2	1	1	1	0	2	0	0	3	3	2	3	4	1	3	3	2	5	9	5	2	3	2	1	1	5	3	10	27	14	4	5	9	11	9	6	8	3	3	5	0	1	1	6	3	0	3	0	1	1	0	1	3	1	0	7	7	5	2	0	5	5	6	4	6	2	5	1	2	3	5	2	8	1	1	6	3	2	1	0	2	1	2	4	1	3	3	13	14	6	4	4	3	1	3	4	5	7	3	3	8	7	2	2	0	0	1	0	0	2	1	0	4	2	3	0	2	2	1	0	0	1	0	1	0	0	2	1	0	0	1	1	4	3	1	2	0	4	0	0	1	1	1	2	0	0	2	2	0	0	0	0	1	0	0	1	1	1	3	0	0	1	0	1	0	0	1	2	1	2	1	0	1	0	0	0	1	0	0	1	1	1	0	0	0	0	0	0	0	1	0	1	0	0	0	0	0	0	0	0	0	1	1	1	1	0	0	0	1	1	2	1	0	0	0	1	0	2	0	0	1	0	0	0	1	0	1	1	0	0	0	0	0	0	0	0	0	1	1	2	0	1	1	1	2	0	0	0	0	0	1	1	0	1	1	0	0	0	0	0	0	0	1	0	0	0	2	0	1	0	1	0	1	1	0	0	0	1	1	0	1	0	1	2	0	0	0	0	0	0	0	1	1	0	0	0	0	0	1	0	1	0	0	0	0	0	0	1	0	0	0	1	0	0	0	1	0	1	2	1	0	0	0	0	0	0	0	0	0	0	0	0	0	0	0	0	0	0	1	0	0	0	0	0	0	0	0	0	0	0	0	0	0	0	1	0	1
0	0	0	0	0	0	0	1	0	4	2	2	7	5	0	6	7	13	7	3	4	0	3	5	3	3	0	1	2	4	1	0	0	1	1	6	3	1	1	2	2	2	2	2	3	3	9	1	0	2	3	4	2	5	4	7	12	8	13	30	495	24	11	21	5	25	20	17	29	0	19	9	7	8	5	4	5	1	8	4	5	5	3	2	5	7	4	11	12	4	2	3	3	0	2	1	2	5	0	2	2	3	0	0	0	1	3	1	4	5	8	12	5	2	4	5	5	10	7	4	8	3	9	10	5	2	2	0	9	9	3	4	0	1	1	3	2	1	0	5	2	3	4	1	1	2	1	2	1	2	4	1	1	2	1	1	0	4	2	21	12	12	4	10	2	9	7	9	5	4	1	3	2	3	1	2	2	3	0	1	3	1	1	0	3	2	2	6	2	1	3	3	6	6	3	8	4	5	0	0	0	2	5	2	5	5	1	3	1	0	1	0	2	1	4	4	4	4	4	10	10	1	1	3	0	3	4	1	1	2	1	2	2	3	3	1	1	0	0	2	1	2	0	2	2	1	1	0	2	2	0	0	2	1	0	2	3	2	1	2	1	1	0	0	1	0	2	0	0	1	0	1	0	2	0	1	1	0	1	0	0	1	0	1	1	0	0	0	2	0	0	0	1	0	0	2	0	2	0	0	2	2	3	2	3	1	1	0	0	0	1	0	0	1	1	0	0	0	1	1	0	0	0	0	0	0	0	0	0	0	0	0	0	0	0	2	0	2	0	1	1	0	0	0	0	0	1	1	1	0	0	0	0	0	0	0	1	0	1	0	0	0	0	1	1	0	0	1	1	0	3	2	0	2	1	0	0	1	2	0	0	0	0	0	1	0	1	1	0	0	0	0	0	0	0	1	0	0	0	0	0	0	3	1	0	1	0	0	2	0	1	0	0	0	0	0	0	0	1	0	0	1	0	0	1	0	0	0	0	0	0	0	0	0	1	0	0	1	0	0	1	0	0	1	0	1	1	1	0	3	0	0	1	0	0	1	0	0	1	0	0	0	1	1	0	0	0	0	0	0	0	0	0	0	0	0	0	0	0	0	0	0	0	0	0	0	0	0	0
0	0	0	0	0	0	0	1	7	5	6	2	6	4	3	3	9	13	5	1	0	2	1	5	1	1	2	1	1	0	4	0	1	1	1	2	3	2	3	4	5	3	7	2	3	6	8	2	2	1	4	1	4	17	4	10	5	7	7	9	24	12	11	34	19	13	7	4	5	19	0	37	14	2	16	8	9	10	19	4	13	3	3	6	8	2	3	4	2	1	1	2	1	1	0	0	2	2	0	2	3	0	0	0	0	0	1	0	2	0	1	4	1	3	2	2	3	1	6	8	10	8	11	4	1	4	3	2	5	2	3	2	0	0	1	3	3	2	2	4	3	4	2	2	1	1	0	3	0	1	1	4	3	2	1	4	2	4	2	19	2	1	6	4	3	4	1	3	1	1	2	4	3	1	1	3	1	0	1	1	0	1	3	1	1	0	2	2	2	5	5	3	7	7	7	9	10	9	0	3	1	4	5	1	3	1	0	0	2	1	0	3	1	1	1	1	1	3	4	3	2	1	1	1	1	0	1	0	1	1	1	1	3	2	2	0	2	1	0	1	1	1	1	0	1	0	3	0	1	2	2	1	2	0	2	3	2	1	2	2	2	1	1	0	0	1	0	0	1	1	2	0	0	0	1	1	0	1	0	0	2	0	0	0	0	0	1	1	0	0	0	0	0	1	0	0	0	0	1	0	2	1	3	2	1	0	0	0	2	1	1	0	0	0	0	0	0	0	2	1	0	1	0	0	0	0	0	0	0	1	0	0	0	0	2	1	0	0	0	1	1	0	0	1	0	0	1	0	0	0	1	0	1	0	1	0	0	0	0	0	1	0	0	0	0	0	2	1	0	0	0	0	0	1	1	1	0	0	0	0	0	0	0	0	0	0	0	0	0	0	0	1	0	0	0	0	1	0	0	0	0	0	1	0	0	0	0	0	0	1	0	0	0	0	0	0	1	0	0	1	1	1	0	0	0	0	0	0	0	0	0	0	0	0	1	0	0	0	0	0	0	0	0	0	0	0	1	0	0	0	0	0	0	0	1	0	1	1	0	0	0	0	0	0	0	0	1	0	0	0	0	0	0	0	0	0	0	0	0	1	0	0	1	0	0	0	0	0	0
0	0	0	0	0	0	0	3	2	3	6	1	3	4	4	7	6	15	2	1	0	0	0	4	2	0	2	2	2	3	1	2	0	2	1	0	3	0	4	6	6	4	3	2	6	2	5	3	0	1	4	2	3	9	4	5	7	5	3	7	10	2	16	7	8	2	2	2	4	9	37	0	24	18	27	14	7	7	5	9	4	4	1	0	3	4	0	1	3	0	1	0	1	0	1	1	1	1	1	1	2	0	1	0	2	0	0	0	2	0	1	4	4	1	0	3	3	5	7	11	33	8	34	12	8	3	3	5	2	3	4	2	1	0	0	1	0	0	2	1	3	5	1	5	1	2	3	0	0	0	1	1	5	3	2	4	4	3	1	7	2	1	1	2	3	1	5	3	6	0	2	2	2	0	5	2	1	0	1	1	0	0	0	1	1	1	3	0	1	1	1	0	5	5	2	9	2	8	3	3	2	2	2	0	2	0	1	1	0	1	0	0	3	2	4	1	2	1	1	3	4	2	2	3	2	1	0	2	2	1	2	2	1	1	1	1	0	1	3	0	1	1	0	2	1	3	1	1	1	1	0	2	1	0	1	2	1	1	4	1	0	0	1	1	0	0	0	0	2	1	1	2	0	1	0	1	0	0	0	0	0	0	0	1	1	1	0	1	0	0	1	0	0	1	0	0	0	1	0	0	0	0	0	1	2	1	0	0	1	1	0	0	1	1	0	0	0	0	1	2	0	1	0	0	1	0	0	0	0	0	0	0	0	0	0	0	0	2	1	1	0	0	0	1	0	0	0	0	0	0	0	1	1	0	0	0	1	1	0	1	0	0	0	2	0	0	0	0	0	0	0	0	0	0	1	0	0	0	1	0	0	0	1	0	0	0	0	0	0	0	0	0	0	0	0	0	0	0	0	0	0	0	0	0	0	0	0	1	1	0	0	1	0	1	0	0	0	1	2	0	0	0	0	0	0	0	0	0	0	0	0	0	0	0	0	0	0	0	0	0	0	0	0	0	0	0	1	0	1	0	0	1	1	0	0	0	0	0	0	0	0	0	0	0	0	0	0	0	0	0	0	0	0	0	0	0	0	0	0	1	0	0	0	0	0	0	0	1	0
0	0	0	0	0	0	0	0	3	1	4	2	2	4	3	2	8	6	3	2	2	0	2	1	0	1	0	1	3	0	1	1	1	1	4	0	2	0	1	4	2	2	2	1	2	3	4	2	0	3	4	1	0	5	6	5	2	2	3	3	6	5	14	13	9	1	4	1	4	7	14	24	0	72	15	6	7	0	7	7	6	3	1	1	3	0	2	1	0	1	0	0	0	0	0	2	1	0	2	0	2	1	0	1	1	0	2	1	0	2	1	2	1	5	4	4	4	5	8	21	8	3	7	5	2	0	3	3	6	5	0	0	0	2	1	1	0	0	2	1	2	2	1	2	2	2	1	2	2	1	1	1	2	1	1	1	1	0	4	2	2	2	2	2	2	0	1	10	5	5	5	3	5	2	6	3	0	4	4	1	0	2	0	1	0	1	1	4	1	1	3	6	2	5	4	17	26	7	3	1	3	3	5	11	6	3	0	2	3	1	1	1	1	2	0	1	1	1	0	1	0	1	1	5	1	2	4	3	1	1	1	1	3	2	0	0	0	1	2	0	1	0	1	2	1	0	2	2	2	1	0	0	2	1	1	4	1	0	2	1	1	1	0	1	0	0	2	0	0	0	0	1	1	0	0	0	1	0	1	0	1	0	1	4	1	0	0	2	0	0	0	0	0	0	1	1	1	1	0	1	1	0	1	1	1	2	1	1	0	1	1	1	0	0	0	0	0	0	0	0	0	0	1	0	0	0	0	0	0	0	0	0	0	0	0	0	0	0	0	1	0	2	0	0	1	1	1	1	0	0	2	1	1	0	0	1	1	1	0	1	3	1	0	0	1	0	1	0	0	0	0	1	2	0	2	0	1	0	0	0	0	0	0	0	0	3	0	2	0	0	1	0	0	1	0	0	1	1	0	0	0	0	2	0	0	0	0	1	0	0	0	0	0	0	0	0	0	0	0	0	0	0	1	0	0	0	0	0	1	0	2	0	0	0	0	0	0	0	0	0	0	0	0	0	1	0	0	0	0	0	0	0	1	0	0	0	1	0	0	1	0	1	0	0	0	0	0	0	1	0	0	0	0	0	0	0	0	0	0	1	0	0	0	0	0	0	0	0	0
0	0	0	0	0	0	0	0	3	0	0	0	2	3	2	0	3	1	0	2	0	1	0	2	0	1	1	2	2	0	1	0	0	1	0	1	1	1	3	2	2	3	2	1	3	5	4	0	1	1	3	2	2	4	1	2	3	4	3	3	1	6	10	12	13	1	6	2	1	8	2	18	72	0	16	9	4	4	10	8	6	3	3	6	2	1	1	1	0	0	2	1	0	0	0	0	0	0	0	1	3	1	0	0	1	0	3	1	1	1	2	1	2	2	1	0	1	1	2	9	4	3	8	6	5	0	4	2	4	4	3	3	1	1	2	0	1	2	2	2	1	2	2	1	1	1	2	0	1	1	2	1	2	1	0	3	1	0	2	0	1	1	1	2	4	5	2	5	3	2	0	8	6	2	2	3	2	1	0	1	1	0	0	1	0	0	1	1	0	0	3	1	3	5	4	10	14	2	1	3	2	6	0	4	6	4	0	1	0	1	0	0	0	1	1	2	0	3	0	2	2	0	4	1	2	4	2	1	0	0	1	1	2	1	0	2	0	1	1	0	2	0	1	0	1	3	0	0	3	0	2	2	0	1	0	1	2	1	2	2	1	0	0	0	1	2	2	2	0	1	0	1	0	0	0	1	1	0	1	2	1	0	2	0	1	0	1	1	0	1	0	0	0	0	1	0	0	1	3	1	1	1	2	1	0	1	1	0	0	0	0	0	0	0	1	0	0	1	0	0	1	0	0	0	0	0	0	0	0	0	1	0	1	0	1	0	0	1	0	1	0	1	0	0	1	1	1	0	0	0	0	0	0	0	0	0	0	2	0	0	0	0	0	0	0	0	0	0	0	0	0	0	1	0	0	0	0	0	0	0	1	0	0	0	0	0	0	1	0	0	1	0	0	0	0	0	1	0	0	0	1	1	0	0	0	2	0	0	1	0	0	0	0	1	1	1	1	0	0	0	0	0	0	0	2	0	0	0	0	1	0	0	0	0	0	0	0	0	1	0	0	0	0	0	0	0	0	1	0	0	0	0	0	0	1	0	0	0	0	1	0	0	0	0	0	0	0	1	0	0	0	1	0	0	1	1	0	0	0	0	0	0	1	0	0	0	0	0	0
0	0	0	0	0	0	0	0	1	3	0	3	3	5	3	3	5	3	1	0	1	3	0	2	2	0	0	1	0	2	1	0	2	0	0	2	2	1	2	2	1	3	1	1	2	2	4	0	3	1	1	5	3	8	3	4	4	4	5	5	8	7	5	11	7	3	1	7	1	5	16	27	15	16	0	90	23	9	23	18	10	5	3	2	5	2	4	1	1	1	0	1	0	0	2	0	0	1	0	1	1	0	1	1	1	0	2	1	1	0	0	2	0	1	0	2	0	1	7	10	9	4	23	0	2	0	3	5	2	3	3	0	1	0	1	0	2	1	0	2	3	2	0	2	3	1	3	1	0	1	4	1	6	3	4	5	2	1	1	7	0	1	1	2	2	0	1	3	2	3	1	2	1	2	3	2	1	1	1	2	0	0	0	1	1	0	1	1	0	2	4	4	8	4	3	6	6	2	3	1	0	2	1	1	1	2	1	0	2	0	1	0	1	2	2	2	0	2	3	2	2	0	2	1	2	0	1	1	0	2	0	0	1	0	1	0	0	1	1	0	0	0	0	2	0	0	1	0	2	2	0	0	1	0	0	1	1	2	1	0	0	0	1	0	2	0	2	1	0	0	1	0	0	0	0	1	0	0	0	1	0	0	1	0	0	0	0	0	0	0	0	0	0	1	0	0	0	0	0	4	1	0	2	0	1	2	0	0	0	0	0	0	0	0	1	0	2	0	0	1	0	0	0	0	0	0	1	0	0	0	0	1	1	0	0	0	0	0	0	1	0	0	2	0	0	0	0	0	0	1	0	0	1	0	0	0	0	0	0	0	0	1	0	0	0	0	0	0	0	0	0	1	0	0	1	0	0	1	0	1	0	0	0	1	0	0	0	0	0	0	0	0	2	0	0	1	0	0	0	0	0	0	0	1	0	0	0	0	0	1	0	0	0	0	0	1	0	1	0	0	0	0	0	0	0	1	1	0	1	0	0	0	0	0	0	0	0	0	0	0	0	0	0	2	1	0	0	0	0	0	0	0	0	0	0	0	0	0	0	0	0	0	0	0	0	0	0	1	1	0	0	0	1	0	0	0	0	0	1	1	0	0	0	0	0	0	0	0	0
0	0	0	0	0	0	0	1	1	1	3	2	2	1	4	4	0	5	4	0	0	1	2	2	0	1	1	0	2	0	2	2	1	1	0	3	7	5	2	4	4	1	1	1	3	3	6	1	2	2	3	6	7	9	7	11	3	7	4	2	3	3	5	12	6	2	3	2	2	4	8	14	6	9	90	0	41	14	11	20	12	5	0	8	8	3	0	0	0	1	0	1	1	2	0	2	0	0	1	4	4	0	0	2	0	0	1	0	0	0	2	1	0	0	1	0	0	3	2	5	7	5	20	2	0	2	2	3	2	2	1	0	1	1	1	0	1	1	1	3	3	1	0	1	1	0	1	0	0	2	2	1	1	6	8	7	3	3	0	4	1	2	3	3	2	5	0	2	3	0	2	4	1	3	5	1	1	1	0	0	2	1	1	0	1	0	1	3	3	4	4	1	5	5	3	6	3	2	2	1	1	1	2	2	3	0	0	2	2	1	0	1	1	0	2	2	1	3	2	0	1	1	0	0	1	0	1	0	0	0	0	0	7	1	0	0	0	0	1	1	0	0	0	0	0	1	1	0	1	0	2	1	2	1	2	2	1	2	2	1	1	1	0	0	0	0	1	0	0	0	0	0	0	1	0	1	2	1	1	0	0	0	0	0	0	0	0	0	0	0	0	0	0	0	0	1	1	1	0	1	0	1	0	0	0	1	2	0	0	0	0	0	0	0	0	0	0	0	0	0	0	0	0	2	0	0	0	0	0	0	0	0	0	0	0	0	0	0	0	0	1	1	0	0	0	0	0	0	0	0	0	0	0	0	0	0	0	0	1	0	0	0	1	0	0	0	0	0	0	0	0	1	1	0	0	2	0	1	0	0	0	0	0	1	0	0	1	0	0	0	0	0	0	0	0	0	0	0	0	0	0	1	0	0	0	0	0	0	0	0	0	1	1	0	0	0	0	0	0	0	0	0	0	0	0	0	0	0	0	0	0	0	0	0	0	0	0	0	0	0	1	0	0	0	1	0	0	1	0	0	1	0	0	0	0	0	0	0	0	0	0	0	0	0	1	0	0	0	0	0	0	0	0	0	0	0	0	1	0	0	0	0	0	0	0	1	0	0	0
0	0	0	0	0	0	0	0	0	1	2	1	1	0	1	3	4	2	4	1	2	0	0	2	0	0	0	2	1	1	0	1	0	0	3	0	0	3	4	2	2	4	2	1	3	1	2	3	1	2	0	0	5	6	23	15	2	1	1	4	7	1	3	8	3	4	3	3	1	5	9	7	7	4	23	41	0	106	28	92	17	9	6	8	9	3	1	2	0	1	0	2	0	0	0	1	1	0	3	0	0	2	0	2	0	0	1	0	1	0	2	2	4	2	0	1	1	1	0	1	2	4	6	0	0	1	0	2	3	2	0	1	1	2	1	0	2	1	0	1	0	0	1	4	2	1	0	0	1	1	2	2	2	3	8	5	6	5	6	4	3	2	2	4	3	3	0	3	0	0	2	2	1	0	4	5	1	2	0	0	0	2	0	2	0	0	0	1	1	1	0	8	12	15	6	3	3	3	1	1	0	1	1	3	1	1	2	1	1	0	0	0	2	0	1	1	0	0	0	2	1	1	1	0	0	0	2	1	3	1	0	0	1	0	0	1	1	0	1	1	2	0	0	1	1	0	1	0	0	0	0	0	1	1	2	1	4	6	0	0	1	0	0	1	0	1	1	1	0	0	1	0	1	0	2	1	1	1	0	0	0	0	0	0	0	1	0	0	0	0	0	0	0	1	0	0	1	1	0	1	1	0	0	0	1	1	0	1	0	0	0	1	0	0	0	0	1	0	0	1	0	0	1	0	1	0	0	0	0	0	0	0	0	0	1	0	0	0	2	0	0	0	0	0	2	0	1	0	0	1	0	0	0	1	0	0	0	0	0	2	0	0	1	0	1	0	0	0	0	0	0	1	1	0	0	0	0	0	0	1	0	1	1	0	0	0	0	0	0	0	0	0	0	0	0	0	0	1	0	0	0	0	0	1	0	0	0	0	1	0	1	0	0	0	0	1	0	0	1	0	0	0	2	0	0	0	0	0	1	1	1	0	0	0	0	0	0	0	0	0	0	0	0	1	1	0	1	0	1	1	0	0	0	1	0	0	0	0	0	0	0	0	0	0	0	0	0	0	1	0	0	0	0	0	0	0	0	1	0	0	0	0	0	0	0	0	0	0	1
0	0	0	0	0	0	0	0	0	2	0	0	1	0	2	0	5	3	4	3	0	0	1	3	2	1	3	0	0	0	0	1	1	2	0	1	2	3	6	2	5	5	1	1	2	3	4	2	2	2	5	6	9	21	25	14	4	5	1	1	3	1	3	4	4	4	1	5	3	1	10	7	0	4	9	14	106	0	29	27	14	5	10	3	16	4	5	4	2	0	0	0	0	1	1	1	0	0	2	3	0	1	1	2	0	0	1	0	0	0	1	1	2	2	2	1	1	4	4	4	1	2	14	2	2	2	1	2	1	4	1	1	0	0	0	0	1	1	0	1	1	1	0	1	1	0	0	0	1	1	0	2	6	4	7	11	4	6	6	8	3	1	3	5	0	3	0	1	1	1	3	2	2	1	0	3	2	3	0	0	0	0	0	1	0	1	1	0	1	2	4	8	2	4	2	5	2	0	1	0	1	0	0	1	1	1	0	0	0	1	0	1	0	0	0	0	0	0	0	1	1	0	1	0	0	0	0	0	1	0	3	2	2	1	0	0	0	1	0	0	1	0	0	0	0	1	0	4	0	1	1	1	1	2	1	3	1	2	0	0	1	1	0	1	0	0	0	0	1	0	0	0	0	0	0	0	2	1	2	0	1	0	0	1	0	1	1	0	0	1	0	0	0	0	1	0	0	0	0	1	0	0	0	2	1	1	0	0	0	0	0	1	0	0	0	0	0	0	0	1	0	0	0	1	1	0	0	0	0	0	0	1	0	0	0	0	0	1	0	0	0	0	0	2	0	1	1	0	0	2	0	0	0	1	0	1	0	0	0	0	0	1	0	0	0	0	0	0	1	0	0	0	0	0	1	0	0	0	0	0	0	0	0	0	1	0	0	0	1	0	2	0	0	0	0	0	1	0	0	0	0	0	0	0	0	0	0	0	0	1	0	0	0	0	0	0	0	0	0	1	0	0	0	1	0	1	0	0	0	0	0	0	0	1	0	0	0	0	0	0	0	0	0	0	0	0	0	0	0	1	0	0	0	0	0	0	1	0	0	0	0	0	0	0	1	0	1	0	0	0	0	0	0	0	0	0	0	0	1	0	0	0	0	0	0	0	0	0	0
0	0	0	0	0	0	0	1	1	2	1	0	3	4	1	3	3	5	1	2	2	1	0	3	0	1	2	2	0	1	0	2	0	0	5	1	3	1	4	10	6	1	1	1	1	4	2	1	0	2	3	2	8	18	34	36	7	6	2	9	1	1	5	9	14	4	4	8	5	8	19	5	7	10	23	11	28	29	0	59	38	6	2	8	29	5	8	1	0	2	0	0	3	0	0	1	2	2	1	3	1	2	2	0	2	3	1	0	2	1	2	2	6	1	0	0	1	2	3	3	5	2	8	1	1	4	0	3	3	2	1	2	0	1	0	1	1	0	0	0	1	0	2	2	1	1	2	1	1	1	1	0	4	6	2	7	5	8	4	10	3	2	7	3	4	5	2	3	2	0	2	3	2	0	5	2	1	3	1	2	1	1	1	0	0	0	0	2	0	0	3	11	8	33	7	8	2	1	0	2	3	1	4	1	3	0	2	0	1	0	1	1	1	2	2	1	1	3	2	3	2	1	1	2	1	1	1	0	3	0	0	4	1	4	1	1	0	0	1	0	1	1	1	0	2	1	0	0	0	0	1	0	2	2	0	0	3	2	0	0	1	0	0	1	1	1	1	0	0	1	0	0	1	2	0	1	0	0	1	0	0	0	1	0	0	0	0	0	0	0	0	0	0	0	1	0	0	0	0	0	0	1	0	0	0	0	0	0	0	0	1	0	0	0	1	0	0	0	1	0	0	0	0	0	0	1	0	0	0	0	0	0	1	0	0	0	0	1	1	0	0	3	2	0	1	1	1	0	0	1	0	0	1	0	0	0	0	0	0	0	0	1	1	0	0	0	1	0	0	0	2	1	0	1	0	0	2	2	0	0	0	0	0	0	0	0	0	0	0	0	0	0	0	1	0	0	0	0	0	0	0	0	0	0	0	0	0	0	0	1	0	0	0	0	0	0	0	1	0	1	0	1	1	0	0	0	0	0	0	0	0	0	0	0	0	0	0	0	0	0	0	0	0	0	1	0	0	0	0	1	0	0	0	0	0	0	0	0	0	0	1	0	0	0	0	0	0	0	1	0	0	0	0	1	0	0	0	1	0	0	0	0	0	0	1	0	0	0	0
0	0	0	0	0	0	0	0	1	3	1	0	0	1	1	1	4	1	2	2	2	3	1	3	1	1	0	2	1	0	0	0	0	2	2	1	3	0	9	1	4	1	4	4	0	2	0	0	2	1	1	2	4	6	17	7	3	2	8	3	3	2	4	5	6	8	5	2	3	4	4	9	7	8	18	20	92	27	59	0	49	11	11	20	12	5	4	3	0	1	2	1	1	2	1	0	0	2	1	1	1	3	0	1	0	0	1	0	0	0	0	1	0	0	0	1	1	0	0	2	1	1	4	2	2	1	0	1	1	2	1	1	0	0	0	2	1	1	0	2	4	0	1	1	1	3	1	0	0	0	0	2	3	3	5	4	6	2	1	4	3	4	1	6	2	5	4	3	3	2	2	4	1	0	3	3	2	1	1	0	0	2	1	0	3	1	1	2	1	2	4	6	7	16	8	7	1	0	3	1	1	2	1	0	3	0	0	5	0	0	0	1	0	1	1	1	0	0	0	1	2	3	3	1	0	4	1	3	0	0	2	1	1	2	1	0	0	0	0	0	0	0	0	1	1	0	1	2	1	0	0	2	3	1	2	0	2	0	1	1	0	1	0	0	0	0	0	1	0	1	0	1	0	1	1	1	0	0	1	2	0	0	0	0	0	1	1	0	0	0	0	1	0	1	0	2	1	0	1	0	1	1	0	1	0	0	0	1	0	0	0	0	1	0	0	1	0	0	0	0	0	0	0	0	0	0	0	0	0	0	0	0	0	0	0	0	0	0	0	0	1	1	1	0	0	0	0	0	0	0	0	0	0	1	0	0	0	0	0	0	0	0	0	0	0	0	0	0	0	0	0	1	1	0	2	0	0	0	0	0	0	0	0	0	0	0	1	0	0	0	0	0	0	0	0	0	0	0	0	0	0	0	0	0	0	0	0	0	0	0	0	0	0	0	1	0	0	0	0	0	0	0	1	0	0	1	0	0	0	1	0	0	0	0	0	0	0	1	0	0	0	0	0	0	0	1	0	0	0	0	0	0	0	0	1	0	0	0	0	0	0	0	0	0	0	0	0	0	0	0	0	0	0	0	0	0	0	0	0	0	0	0	0	0	0	0	0	0	0
0	0	0	0	0	0	0	0	0	2	1	0	2	1	0	1	0	0	1	0	0	2	0	4	2	0	0	3	0	1	0	1	0	3	3	3	1	0	2	1	4	1	2	2	0	0	1	2	1	3	0	1	3	5	8	16	6	0	2	3	0	4	6	15	23	8	9	2	3	5	13	4	6	6	10	12	17	14	38	49	0	17	19	28	37	5	6	8	1	1	3	1	0	0	2	1	2	5	3	1	0	0	0	0	2	0	0	2	0	3	0	0	3	0	1	0	0	2	5	0	3	3	7	2	1	0	1	2	3	1	4	0	0	1	0	0	1	0	1	0	2	2	1	2	3	0	3	0	0	1	0	2	3	7	4	9	2	0	4	8	6	2	8	7	1	8	5	6	5	5	2	4	1	4	2	5	4	3	1	5	3	1	0	0	1	1	1	1	3	3	5	10	26	25	22	5	3	1	0	2	0	2	3	5	2	1	0	0	0	0	3	3	1	1	0	2	3	0	2	2	2	1	3	1	0	1	0	3	0	0	1	1	2	2	0	0	0	0	0	1	0	0	0	0	0	0	0	1	0	0	0	0	1	0	2	6	7	1	0	1	1	0	0	2	0	0	2	0	0	1	1	1	0	2	0	2	0	0	1	0	1	1	0	0	0	0	1	0	0	0	0	0	0	0	0	0	0	1	0	1	0	0	1	0	0	1	2	0	2	0	0	0	0	1	1	0	0	0	0	0	0	0	0	0	0	0	0	0	0	0	0	0	0	1	0	0	0	0	1	0	2	0	0	0	0	1	0	0	1	1	1	1	0	0	0	0	0	0	0	2	1	0	0	0	0	0	0	1	0	0	0	0	0	0	1	0	1	0	0	0	0	0	0	0	0	0	0	0	1	0	0	0	0	0	1	0	0	0	0	0	0	0	0	0	0	0	0	0	0	0	0	0	1	0	0	1	1	0	0	1	1	0	1	0	0	1	1	0	0	0	0	0	0	1	1	0	0	0	0	0	0	0	0	0	0	0	0	0	1	0	0	0	0	0	0	0	1	0	0	0	0	0	0	0	2	0	0	0	1	0	0	0	0	1	0	1	0	0	0	0	0	0	0	0	1	0	0	1	0
0	0	0	0	0	0	0	0	1	2	0	0	3	0	0	1	2	2	0	1	0	1	1	1	0	1	1	1	0	0	0	1	0	1	1	0	1	0	0	0	2	0	0	3	1	2	0	2	0	0	0	1	1	3	5	4	1	2	2	4	4	4	3	7	9	9	1	2	1	5	3	4	3	3	5	5	9	5	6	11	17	0	42	12	4	9	1	0	3	1	1	1	1	2	0	0	2	2	3	1	3	1	0	0	0	0	0	1	0	0	1	3	3	1	2	3	1	1	0	3	2	1	4	1	1	0	0	1	2	3	0	3	1	1	0	1	0	1	0	0	1	0	1	0	2	1	2	2	0	1	0	4	1	2	3	4	4	3	1	10	1	7	15	29	9	7	8	5	5	4	6	4	6	1	8	6	6	5	4	2	1	4	1	1	0	1	1	1	2	4	8	14	18	16	38	16	4	1	3	2	6	2	5	6	1	1	0	0	2	0	0	2	1	3	2	1	0	2	0	1	2	1	2	5	4	4	3	1	1	1	1	2	5	6	2	2	0	0	2	0	2	1	0	2	0	0	0	0	0	0	2	1	1	1	3	6	10	0	3	2	1	0	0	1	0	0	0	1	0	0	2	0	2	0	2	3	2	0	1	1	0	0	0	2	0	1	0	0	0	0	2	0	0	2	0	0	3	1	0	1	1	4	1	1	1	1	1	0	0	0	0	0	0	0	1	0	0	2	0	0	0	0	0	0	0	0	1	0	0	0	0	0	0	0	0	0	1	1	2	1	1	0	0	1	0	0	0	0	1	0	0	0	1	0	0	0	1	1	1	0	1	0	0	0	0	0	0	0	0	0	0	0	1	0	0	0	1	2	0	0	0	1	0	0	0	0	0	0	0	0	0	0	0	0	0	1	0	0	0	0	0	0	1	0	0	0	2	0	0	0	0	0	0	0	1	1	0	0	0	1	0	0	0	0	0	0	0	0	0	0	0	1	0	0	0	0	0	0	1	0	0	1	0	0	0	0	0	4	1	0	0	0	0	0	0	0	0	0	0	0	0	0	0	0	0	0	0	2	0	0	0	0	0	0	0	1	0	0	0	0	0	0	0	0	1	0	0	1	0
0	0	0	0	0	0	0	1	0	1	0	1	0	0	2	0	2	1	0	0	3	1	0	3	1	0	1	1	0	0	0	0	0	1	0	1	0	1	1	0	2	0	2	1	0	0	1	2	1	0	0	1	3	2	5	4	5	5	3	0	5	0	9	4	10	4	5	3	2	3	3	1	1	3	3	0	6	10	2	11	19	42	0	32	12	6	3	1	0	0	3	1	0	1	1	0	0	0	3	1	3	1	2	1	0	0	2	0	1	0	3	0	1	2	1	0	2	0	1	2	2	0	3	2	3	0	0	1	1	0	5	0	0	0	0	1	1	0	0	2	1	0	0	1	0	0	0	1	0	1	2	2	1	3	3	4	9	3	2	1	2	1	11	10	4	2	2	2	0	3	2	3	4	1	1	3	3	6	2	1	1	1	0	2	2	4	3	2	3	2	7	23	14	13	6	9	2	0	1	1	3	0	3	2	2	2	1	2	0	3	1	0	1	0	1	1	0	0	0	2	2	1	1	3	2	1	0	0	1	3	1	1	2	1	2	0	1	0	0	0	1	2	0	0	0	0	1	1	0	4	0	2	2	4	2	2	2	3	2	1	0	0	0	0	0	2	0	0	1	4	0	1	2	0	3	3	0	2	0	1	2	1	0	2	0	1	0	0	0	1	1	1	0	0	0	0	0	1	0	1	0	0	0	0	0	0	1	0	1	2	0	0	0	1	0	1	0	1	0	0	0	0	0	1	0	0	0	0	0	1	0	0	0	1	0	0	0	2	4	1	0	1	1	0	0	0	1	0	0	0	0	0	0	1	0	1	0	1	0	1	0	0	0	1	0	0	1	0	0	0	0	0	1	1	0	0	1	0	0	2	1	0	1	0	0	0	0	1	0	0	0	1	0	0	1	0	0	0	0	0	0	0	1	0	0	0	0	0	0	0	0	0	1	0	0	0	0	0	0	0	1	0	0	0	0	0	0	0	0	1	0	0	0	0	0	0	0	1	0	0	1	0	0	0	0	0	1	0	1	1	0	0	0	0	0	0	0	0	0	0	0	0	0	1	0	0	0	0	0	0	1	0	0	0	0	0	0	0	0	0	0	1	1	0	0	0	0	0	0
0	0	0	0	0	0	0	0	0	2	0	0	0	0	0	3	0	2	2	3	0	0	0	2	2	1	1	1	0	0	2	0	0	3	0	2	2	0	3	1	3	1	2	0	1	2	2	1	1	2	0	2	5	2	17	8	1	0	4	2	2	3	5	7	3	4	6	8	3	2	6	0	1	6	2	8	8	3	8	20	28	12	32	0	22	10	4	3	2	1	0	0	1	0	1	3	2	1	2	1	4	0	1	1	0	4	0	2	0	2	1	2	2	2	2	0	1	0	2	1	0	3	2	3	1	3	0	1	3	0	3	0	0	0	0	2	0	1	1	1	3	3	0	1	1	2	0	1	0	1	3	1	3	2	4	13	13	10	4	5	6	4	1	5	1	1	1	1	5	0	2	2	2	1	4	4	4	3	0	1	3	2	1	1	1	2	1	2	0	4	10	24	28	13	9	5	4	1	2	0	1	2	1	2	2	4	1	1	1	0	1	1	0	2	2	2	0	0	1	1	1	2	1	1	1	0	0	0	1	3	0	4	1	0	2	1	0	1	1	1	0	0	0	1	0	2	1	0	1	0	0	1	0	1	1	1	2	1	3	0	1	2	0	0	0	0	0	0	0	1	0	0	2	1	0	1	1	0	1	1	0	0	0	0	0	0	0	0	1	0	1	0	0	0	0	0	0	0	0	0	0	0	0	3	0	0	0	0	0	0	1	0	0	0	0	0	0	0	1	1	0	0	0	0	2	0	0	0	0	0	0	0	0	0	0	0	0	0	1	1	1	0	0	0	0	0	0	0	0	1	0	0	0	0	0	0	0	1	0	0	0	0	0	0	0	0	0	0	1	0	0	0	0	0	1	1	1	1	0	1	0	0	1	0	0	1	0	0	1	0	0	0	1	0	0	0	1	0	0	0	0	0	0	0	0	2	0	0	0	0	1	1	0	0	0	0	1	1	1	0	0	1	0	0	0	0	0	0	1	0	0	1	0	0	0	0	0	0	0	0	0	0	0	0	0	0	0	0	0	1	0	1	1	0	0	0	0	1	0	0	0	0	0	0	0	0	1	0	0	0	0	0	0	0	0	0	0	0	0	0	0	0	0	0	1	0	0	0	0
0	0	0	0	0	0	0	1	0	1	1	1	3	1	1	1	4	5	1	0	1	2	1	1	0	1	1	1	0	1	1	0	0	0	0	0	1	1	3	1	6	2	3	2	5	0	5	0	0	1	1	0	5	7	27	15	12	2	7	6	5	3	4	6	6	8	4	11	5	5	8	3	3	2	5	8	9	16	29	12	37	4	12	22	0	21	17	9	1	3	1	1	1	0	1	2	1	2	5	5	4	2	2	1	1	0	0	1	2	0	1	1	3	0	1	0	0	1	0	0	2	2	2	3	0	0	0	0	2	1	1	1	0	0	1	0	1	1	1	0	1	1	2	1	3	1	2	2	3	1	2	6	3	7	6	13	4	6	10	14	3	5	10	4	5	4	0	3	3	2	0	2	2	1	4	0	0	3	0	0	0	1	2	1	1	0	0	2	1	4	7	29	44	86	9	4	2	1	2	0	1	1	2	4	1	1	0	2	2	0	0	0	0	1	1	3	0	1	2	4	2	1	4	2	1	0	1	0	1	1	1	0	2	0	2	1	0	0	0	1	0	1	1	0	0	0	0	1	0	1	0	0	1	0	1	1	3	0	0	0	0	1	0	1	0	0	1	0	2	2	0	0	0	0	2	0	0	1	1	1	1	0	0	0	0	1	0	0	1	0	1	0	0	0	1	0	2	0	0	1	0	0	0	0	0	1	1	1	0	1	0	1	0	0	0	0	0	0	0	0	0	0	0	1	0	0	1	1	0	0	0	0	0	0	0	0	0	0	0	0	2	0	0	0	0	0	0	0	0	0	1	2	2	3	0	0	0	0	0	0	0	0	0	0	0	0	0	0	0	0	0	0	1	1	1	1	1	1	1	1	0	0	0	0	0	1	0	0	1	0	0	0	0	0	0	0	0	0	0	0	0	0	0	0	0	1	0	0	1	1	0	0	1	0	0	0	0	0	0	1	0	0	0	0	1	0	1	0	0	0	0	0	0	1	0	0	0	0	0	0	0	0	0	1	1	1	1	0	0	0	0	0	0	0	0	0	0	1	0	0	0	0	0	0	0	0	1	0	0	0	1	0	0	0	0	0	0	0	0	0	0	0	0	0	0	2	0	0	0
0	0	0	0	0	0	0	1	0	0	0	1	3	0	0	1	1	1	1	0	2	1	2	2	0	0	2	0	2	1	1	0	1	0	2	2	0	1	5	2	0	2	3	2	0	3	3	0	3	1	0	1	2	4	9	5	12	5	2	8	1	7	1	3	1	10	12	16	2	7	2	4	0	1	2	3	3	4	5	5	5	9	6	10	21	0	50	6	1	4	0	3	2	0	1	2	0	4	10	7	4	4	0	0	1	0	2	0	5	0	2	1	1	1	0	1	1	3	2	1	2	0	1	1	2	0	0	2	2	1	0	0	0	0	0	1	0	0	1	0	0	1	1	0	1	3	2	1	1	1	2	9	1	5	5	8	4	2	8	11	13	9	10	11	4	2	1	4	4	0	0	3	0	2	3	2	4	2	2	1	2	0	0	0	1	0	1	0	0	6	19	21	21	19	6	6	1	1	2	2	2	3	0	2	0	0	4	0	0	0	1	0	0	0	0	1	1	1	1	5	1	1	0	2	0	3	1	1	1	1	2	3	2	6	3	2	0	0	0	0	0	0	1	3	0	0	0	0	0	1	0	1	2	3	1	3	3	2	0	1	0	0	0	1	0	0	0	0	0	2	1	1	1	0	1	1	1	0	0	0	2	1	0	1	0	1	1	1	0	0	2	1	0	0	0	2	0	2	1	1	0	1	1	1	1	1	0	0	0	0	1	1	0	1	0	1	0	0	0	0	0	0	1	0	0	0	0	0	0	0	1	0	0	0	0	0	2	0	0	0	1	0	0	0	0	1	1	0	0	0	1	0	1	0	0	0	1	0	0	1	0	0	0	1	1	0	0	1	1	1	0	1	1	0	0	1	0	0	3	1	2	0	2	0	0	0	0	0	0	1	0	0	0	0	0	0	0	0	1	0	1	0	0	0	0	0	0	0	0	0	0	1	0	1	0	0	0	0	0	0	0	1	0	1	0	0	0	0	0	0	0	0	0	0	1	0	1	0	0	0	0	0	0	0	0	0	0	0	0	1	1	0	0	0	0	0	0	0	0	0	0	1	0	0	0	0	1	0	0	0	0	0	0	1	0	1	0	0	1	0	0	0	0	1	0	0	0	0	0
0	0	0	0	0	0	0	1	0	1	0	2	2	2	0	0	4	4	3	4	2	0	1	2	2	2	4	1	0	0	0	1	1	0	2	3	5	2	1	3	3	2	7	8	2	4	1	1	2	1	3	3	1	5	8	11	27	9	7	7	1	2	2	3	1	3	6	15	2	4	3	0	2	1	4	0	1	5	8	4	6	1	3	4	17	50	0	25	4	3	2	3	1	1	0	0	3	6	2	10	10	6	5	2	1	1	1	0	2	2	4	1	1	1	0	4	3	2	1	0	4	4	3	2	0	0	1	0	0	1	3	0	0	3	1	1	0	1	1	1	1	1	1	1	0	1	1	1	1	1	5	16	9	6	1	13	4	11	28	17	6	11	2	4	1	2	1	2	0	0	1	1	1	1	1	5	1	1	2	0	0	0	1	1	1	0	0	0	3	6	7	12	13	12	9	0	1	1	1	1	0	0	1	0	1	0	1	0	1	1	0	0	1	2	3	0	3	2	3	6	7	3	0	1	0	1	2	2	3	0	1	3	8	2	1	2	0	0	0	0	0	2	0	0	1	0	0	0	2	0	2	0	1	1	1	3	0	0	0	1	1	0	0	0	0	1	0	2	0	0	0	1	0	0	1	1	1	2	0	2	0	0	0	0	1	0	1	0	0	1	0	0	0	0	0	0	0	0	1	0	1	3	0	0	1	1	3	0	0	0	0	0	1	1	0	0	0	0	0	1	0	0	1	0	1	0	0	0	0	0	0	0	1	0	0	0	2	0	0	0	0	0	0	0	1	0	1	0	1	0	0	1	1	1	0	0	0	1	0	0	0	2	0	1	0	1	1	0	0	1	0	1	0	2	0	0	0	0	0	0	1	0	0	0	0	0	0	0	0	0	0	0	0	0	0	1	0	0	0	0	0	0	0	0	0	0	0	0	0	0	1	0	0	0	1	0	0	0	0	0	0	0	0	0	0	0	1	0	0	0	0	0	0	0	0	0	0	0	0	0	0	0	0	1	2	0	1	1	1	1	0	2	0	0	0	0	0	0	0	0	0	0	0	0	2	0	0	1	0	1	0	0	0	0	0	0	0	0	1	1	0	0	0	0	0	1	0	1	1
0	0	0	0	0	0	0	2	0	2	2	4	3	4	3	4	5	6	4	7	4	2	6	6	1	4	0	3	1	1	0	0	2	0	4	2	0	1	3	2	7	7	17	9	6	4	2	1	4	1	4	3	2	7	6	4	51	55	10	25	9	8	6	2	5	3	17	6	7	11	4	1	1	1	1	0	2	4	1	3	8	0	1	3	9	6	25	0	19	9	2	0	0	0	1	2	2	2	3	7	12	3	5	1	1	6	0	3	2	2	1	2	2	0	2	1	3	2	3	1	2	3	1	2	2	1	0	3	4	3	1	2	5	0	0	2	2	0	3	1	5	1	0	1	0	1	3	3	1	2	9	23	9	8	5	2	3	5	12	14	10	5	7	2	1	5	4	3	0	3	0	3	0	2	0	0	0	0	0	1	1	1	1	2	0	3	0	4	4	1	6	2	3	10	1	2	1	0	0	1	0	1	2	1	0	1	0	1	1	1	0	2	1	4	1	1	2	3	6	14	5	1	1	0	0	3	1	1	1	1	0	2	5	1	1	1	0	1	1	1	0	0	1	0	2	1	0	0	3	2	1	0	0	1	1	1	2	2	2	1	0	1	1	0	0	1	0	0	0	1	0	0	1	0	1	4	1	1	1	2	1	0	0	1	0	0	1	1	0	1	1	1	0	1	0	1	1	0	1	3	1	1	3	1	0	0	0	0	1	1	0	0	0	0	0	1	0	0	1	0	1	0	0	0	1	0	0	0	0	0	0	1	0	0	0	1	0	0	0	0	0	0	1	0	0	0	0	1	1	0	0	0	0	0	0	0	1	0	0	0	0	0	0	0	0	0	0	0	0	1	0	3	0	0	0	1	1	0	1	2	0	0	0	0	0	0	0	0	0	1	0	0	0	0	1	0	0	0	0	0	0	1	0	0	0	1	0	0	1	0	0	0	0	0	0	1	0	1	0	0	0	1	0	0	0	1	1	0	0	0	0	0	0	1	0	0	0	0	0	0	0	1	0	1	1	0	0	1	0	0	0	1	1	0	0	1	0	0	1	0	1	1	0	0	0	0	0	1	0	0	0	0	1	0	0	0	0	0	1	1	0	0	0	0	0	0	1	0	0
0	0	0	0	0	0	0	1	0	1	2	2	5	2	0	4	2	5	9	10	3	3	5	3	2	6	2	2	0	4	2	0	0	2	5	2	2	4	1	1	2	5	8	8	8	3	2	1	5	2	3	3	3	1	2	5	11	28	13	10	6	0	1	1	6	2	8	4	5	12	2	3	0	0	1	0	0	2	0	0	1	3	0	2	1	1	4	19	0	41	4	5	1	2	6	2	5	5	4	2	14	2	2	3	0	4	4	9	9	3	4	0	2	0	4	3	4	7	2	3	3	2	1	5	0	0	1	0	7	7	4	2	0	2	0	0	2	0	0	5	0	6	1	2	1	3	3	1	0	4	12	15	3	3	3	3	2	1	7	7	12	2	3	2	0	5	3	6	1	4	0	0	0	1	2	1	0	2	1	0	1	2	0	1	4	1	2	1	2	3	1	3	1	1	1	2	0	3	1	1	2	0	0	1	0	0	0	3	1	1	0	0	1	0	4	6	1	0	11	41	9	5	1	3	1	4	1	2	2	3	5	3	5	3	1	1	1	1	1	1	0	1	0	1	2	0	0	2	0	1	0	1	0	0	1	3	0	1	2	0	1	0	1	0	0	0	0	0	2	1	1	1	1	0	0	0	0	0	1	3	1	0	0	0	1	0	1	0	2	1	1	0	0	0	1	0	1	1	0	1	1	1	1	0	2	1	0	0	1	1	0	0	1	0	0	0	1	0	0	0	0	0	0	1	0	0	0	0	0	1	0	0	0	0	0	0	0	0	0	2	0	0	0	0	0	0	0	0	0	0	0	1	0	0	0	0	0	0	0	0	1	0	0	0	1	0	0	0	0	0	1	1	1	0	0	0	0	0	0	1	3	0	2	0	0	0	1	0	0	0	0	0	0	0	0	0	0	0	0	1	0	0	0	1	0	0	0	0	0	0	1	0	0	0	0	0	0	0	0	1	0	0	0	0	0	0	0	0	0	0	0	0	1	0	1	0	0	0	0	0	1	1	0	0	0	0	0	1	0	1	2	0	0	0	0	0	0	0	0	0	1	0	0	0	0	0	0	0	0	1	0	0	0	0	0	0	0	0	0	0	0	0	0	0	0	1	0	0	0
0	0	0	0	0	0	0	0	0	1	0	0	2	2	1	3	4	0	3	3	4	3	12	9	1	1	1	0	1	0	0	0	6	2	2	3	3	3	3	1	3	2	2	9	5	0	1	2	2	1	1	2	2	2	2	4	7	8	6	4	1	1	1	0	2	4	6	2	6	4	1	0	1	0	1	1	1	0	2	1	1	1	0	1	3	4	3	9	41	0	12	6	4	4	3	7	3	6	8	7	8	21	19	10	4	9	16	19	8	6	6	5	5	4	2	8	6	4	0	0	0	0	1	0	0	1	2	0	0	1	1	1	1	0	3	0	2	1	2	4	2	2	3	0	5	2	0	2	5	7	18	5	2	1	2	0	0	1	0	6	4	2	4	2	2	3	2	4	1	4	0	0	1	0	3	0	2	1	0	1	4	1	0	0	1	0	0	1	0	2	3	0	1	1	2	4	0	0	3	2	0	1	0	2	2	0	1	1	0	0	1	3	0	0	5	1	1	9	10	29	7	4	1	3	0	1	0	3	6	5	5	6	3	6	2	1	0	2	0	0	0	0	0	2	0	1	0	0	0	0	0	0	1	0	1	3	1	3	0	0	1	0	0	0	1	0	1	0	2	1	0	1	0	1	1	1	0	1	2	1	0	0	0	1	0	1	1	0	0	0	0	1	1	0	0	1	1	1	2	2	1	0	1	0	1	1	0	0	0	0	0	0	1	0	0	0	1	1	0	0	1	0	1	0	0	1	0	0	0	0	1	1	0	1	0	0	2	0	1	0	0	3	1	0	1	1	0	0	0	1	0	0	2	0	0	0	0	0	0	1	0	0	0	0	0	0	0	0	0	1	1	1	1	1	1	1	0	1	0	0	0	1	1	0	1	0	0	0	1	0	1	0	1	0	1	1	1	0	0	0	0	1	1	1	0	0	0	0	0	0	2	0	1	0	2	1	2	1	0	2	0	0	0	1	0	0	1	0	0	0	0	0	0	0	0	0	0	0	0	0	1	0	0	0	1	0	0	0	0	1	0	0	0	0	0	0	0	0	0	0	0	0	0	0	0	1	0	0	0	0	0	1	0	0	0	1	0	0	0	0	0	0	0	0	0	0	0	0	0
0	0	0	0	0	0	0	0	1	0	2	0	1	1	0	4	2	0	2	1	1	1	2	3	1	1	0	1	0	1	0	2	2	1	1	0	0	0	0	0	0	1	3	0	3	2	1	2	1	1	1	0	1	1	1	2	3	4	2	0	2	0	1	3	1	6	2	2	4	2	1	1	0	2	0	0	0	0	0	2	3	1	3	0	1	0	2	2	4	12	0	28	10	3	2	14	5	0	4	3	8	17	10	4	7	8	19	18	4	5	7	7	1	0	1	6	3	2	2	0	0	1	1	2	1	1	0	0	4	2	1	1	2	0	0	1	0	0	1	0	5	4	2	1	3	5	5	1	4	12	28	5	1	0	2	1	0	4	1	1	2	2	2	1	3	3	1	1	0	2	1	0	0	1	3	0	0	0	2	1	2	2	0	0	1	2	1	2	3	0	0	1	3	0	1	1	1	1	0	1	5	1	3	0	3	1	0	3	3	1	0	0	2	1	2	1	2	4	3	6	7	3	3	0	5	1	5	0	4	5	6	4	2	2	2	0	0	0	1	3	0	1	0	2	1	1	1	3	1	0	0	0	0	2	2	0	2	0	0	0	1	0	0	2	0	1	0	0	0	1	0	0	0	1	0	2	1	0	1	0	0	1	2	0	2	1	0	1	1	0	1	1	0	0	0	0	1	1	1	1	0	1	0	1	0	0	0	1	1	1	0	0	1	0	0	0	0	1	0	1	0	2	0	0	1	0	0	0	0	1	2	0	0	1	0	0	2	0	0	1	2	0	0	0	0	0	1	0	0	0	0	0	1	1	0	0	1	1	0	0	0	0	0	0	0	0	1	0	0	0	0	1	0	4	0	1	2	1	1	0	1	1	0	0	0	0	1	0	0	0	1	0	1	0	0	0	0	0	0	1	1	1	0	0	0	0	2	0	0	1	0	0	0	0	0	0	1	0	0	0	0	0	0	2	0	0	2	0	0	0	0	0	0	1	0	2	0	0	0	0	1	1	0	0	1	0	1	1	0	1	2	1	4	1	1	0	0	0	0	0	0	0	0	0	0	0	0	0	0	0	0	0	0	1	1	0	0	0	0	0	1	0	1	0	0	0	0	0	0
0	0	0	0	0	0	0	0	0	0	1	0	2	0	0	2	1	2	0	1	0	2	2	4	3	0	0	0	1	0	1	0	1	1	0	0	4	0	0	2	2	1	2	1	2	2	0	2	0	0	2	1	1	1	0	1	1	1	3	2	2	2	1	1	5	3	0	3	3	3	2	0	0	1	1	1	2	0	0	1	1	1	1	0	1	3	3	0	5	6	28	0	17	11	11	8	3	1	5	2	1	6	1	1	2	4	8	10	8	9	9	5	3	3	2	5	4	1	2	2	2	0	1	2	2	0	1	1	2	3	2	1	1	0	0	2	0	0	0	1	0	2	0	3	1	5	7	10	9	34	13	0	1	0	1	0	1	1	0	1	2	1	1	0	1	2	1	3	1	0	1	0	1	0	0	1	2	1	2	0	2	2	1	0	1	1	0	3	2	1	1	0	2	1	0	0	0	1	1	0	3	3	1	0	0	0	0	1	2	3	1	3	4	2	3	4	0	3	2	6	16	9	2	4	1	3	3	2	7	30	4	5	12	3	5	1	3	0	0	1	0	2	0	0	2	3	3	0	0	2	1	1	2	0	1	1	0	1	1	1	2	1	2	1	0	0	1	0	1	1	0	0	0	0	0	1	1	0	1	1	0	1	1	1	1	2	1	0	3	1	2	0	1	0	0	0	2	1	4	2	2	1	1	1	0	0	0	0	2	1	0	1	2	1	0	0	1	0	0	2	0	0	0	0	0	0	2	1	0	0	1	1	0	0	0	1	1	2	4	1	0	1	1	1	0	0	0	0	0	0	1	1	2	0	0	0	0	2	2	2	0	0	0	1	1	0	0	0	0	1	0	0	1	1	0	1	0	1	2	0	0	1	1	3	1	0	0	0	0	0	3	0	0	1	0	0	0	1	0	0	1	1	1	1	1	0	0	0	0	1	0	2	0	0	0	1	1	0	1	1	0	0	1	0	1	0	0	0	1	2	1	1	1	0	0	1	0	0	1	0	0	0	0	0	0	0	1	0	1	2	2	1	1	1	0	3	0	0	0	2	2	0	1	0	2	1	0	0	0	0	0	0	0	0	0	0	0	1	1	0	0	0	1	1	1	0	1	0	2
0	0	0	0	0	0	0	0	1	0	1	0	1	0	1	0	0	4	1	0	0	2	1	3	2	2	0	2	1	1	0	0	2	0	0	1	1	0	0	0	1	0	3	0	1	2	1	1	0	0	1	1	1	0	0	0	2	0	2	0	1	0	0	2	1	1	2	4	4	3	1	1	0	0	0	1	0	0	3	1	0	1	0	1	1	2	1	0	1	4	10	17	0	87	15	5	2	0	0	2	1	5	1	0	2	0	5	2	5	5	5	2	6	3	0	2	1	1	3	3	0	0	0	1	0	2	1	0	2	0	1	2	0	0	2	0	1	0	3	0	0	2	1	1	4	4	6	8	17	15	2	1	1	1	0	1	0	0	1	0	1	0	2	3	0	2	2	1	6	1	0	0	0	2	3	2	0	2	0	1	4	1	1	1	4	1	6	3	5	5	1	1	0	1	0	1	0	0	2	0	1	1	0	2	2	1	0	3	5	1	1	2	3	3	2	1	2	3	2	1	6	5	1	2	1	2	4	7	7	7	7	10	4	0	2	3	0	4	0	0	1	0	1	0	1	2	1	1	1	1	1	1	1	0	0	1	2	2	2	1	0	0	1	3	1	1	1	1	2	4	0	0	3	0	0	1	1	2	2	2	1	0	1	0	2	1	2	0	3	0	2	1	3	2	2	1	1	3	1	4	2	0	4	1	0	2	0	0	2	0	1	1	1	1	0	1	0	1	1	0	1	1	0	1	0	2	0	0	1	0	0	0	0	0	2	1	1	0	9	1	4	1	2	3	1	1	0	1	1	0	0	0	2	0	2	0	1	1	1	4	1	0	0	0	0	0	0	0	2	0	1	1	0	1	0	0	1	2	1	0	0	1	1	0	0	0	0	0	0	0	2	0	1	0	0	0	0	0	1	1	0	0	0	0	0	1	1	2	0	0	1	1	0	1	0	1	0	1	0	0	0	1	0	0	2	0	0	0	1	1	2	0	1	0	0	1	0	0	0	1	0	1	0	1	0	0	1	1	1	2	4	0	0	1	2	0	2	0	1	1	0	0	1	0	0	1	0	0	0	1	0	0	1	0	0	0	0	0	0	0	0	0	0	0	2	0	0	0	2
0	0	0	0	0	0	0	0	2	1	0	1	0	1	0	0	0	1	1	1	3	0	0	1	2	1	0	1	3	0	1	0	1	0	0	1	0	0	0	1	1	1	0	1	0	3	0	0	0	0	0	2	0	0	2	1	0	0	3	2	0	0	2	1	3	2	0	1	3	0	1	0	0	0	0	2	0	1	0	2	0	2	1	0	0	0	1	0	2	4	3	11	87	0	22	6	2	0	3	0	1	2	2	3	2	0	1	0	3	2	1	3	3	2	1	4	1	2	1	0	0	0	0	2	1	0	0	0	1	0	2	1	0	0	2	1	0	0	0	1	1	0	1	2	2	4	5	5	11	13	6	2	0	0	0	1	0	0	0	0	1	2	0	1	0	1	2	1	2	2	1	0	1	1	1	1	2	1	0	2	1	3	3	0	3	6	2	3	7	2	1	1	0	0	1	0	3	0	0	3	3	2	3	0	1	3	4	1	5	1	0	2	3	1	0	2	0	1	6	2	2	7	2	3	3	1	3	1	10	8	5	3	3	3	4	4	1	2	3	0	1	1	0	1	1	0	0	0	2	0	1	2	1	0	0	3	4	0	1	1	1	1	2	0	2	1	1	1	0	1	0	0	0	0	1	0	1	1	3	1	1	0	0	0	0	0	2	1	0	3	0	0	1	0	0	0	1	1	0	1	3	0	1	0	0	1	0	1	1	0	0	0	0	2	1	1	1	3	0	1	0	0	4	1	3	0	1	1	0	0	1	2	1	1	2	3	0	3	0	1	2	2	0	3	1	0	1	3	0	2	1	0	0	0	1	2	1	0	1	0	0	0	0	0	1	1	0	0	1	1	0	4	3	0	1	5	1	0	3	2	1	1	0	0	1	0	2	0	0	0	1	0	0	0	1	1	0	0	0	3	0	1	0	0	1	0	0	0	1	2	1	0	0	0	0	0	0	0	3	1	0	1	0	0	0	0	1	0	1	0	0	1	0	0	0	1	0	0	1	0	0	0	0	0	0	0	3	0	0	1	2	0	0	0	1	1	0	0	0	0	0	0	0	0	0	0	1	0	0	0	0	0	0	0	2	0	0	0	0	0	0	0	0	0	1	2	0	0	1
0	0	0	0	0	0	0	0	1	0	1	0	0	1	1	1	0	1	1	2	1	0	1	0	0	1	0	0	0	1	2	0	0	2	2	0	1	1	1	1	1	1	1	1	2	0	2	0	0	2	0	2	0	3	0	0	1	0	2	0	0	1	3	0	0	4	0	3	3	2	0	1	0	0	2	0	0	1	0	1	2	0	1	1	1	1	0	1	6	3	2	11	15	22	0	24	4	2	2	7	5	3	2	1	0	4	4	2	2	2	7	3	4	6	0	1	1	1	1	1	1	1	1	2	0	2	0	1	1	2	3	0	1	1	2	1	0	0	1	0	0	2	3	0	0	0	0	6	0	9	6	1	2	0	2	0	1	1	1	1	4	2	1	1	0	0	2	0	1	0	0	0	0	1	0	1	2	1	4	3	1	0	3	2	2	2	4	7	6	3	1	2	0	2	0	5	1	1	2	2	0	1	0	2	3	0	0	1	3	3	2	2	0	2	0	3	0	1	5	0	8	3	4	1	2	2	5	2	11	31	9	5	2	5	6	7	0	0	2	1	0	0	0	0	0	2	0	2	2	0	0	3	1	1	0	1	0	1	2	2	4	0	2	0	3	1	4	0	0	0	1	0	1	2	2	3	0	0	4	1	0	0	0	3	0	0	0	0	2	3	2	2	1	0	2	0	1	1	1	1	1	2	3	2	1	1	2	0	0	0	1	2	0	0	1	2	0	0	0	0	0	0	1	1	0	1	1	0	0	0	1	1	0	0	2	2	1	1	4	0	1	2	0	2	2	3	2	0	0	0	0	2	1	0	0	1	0	0	0	0	3	0	0	0	0	0	2	0	0	1	2	0	2	1	0	0	0	3	1	0	1	0	2	2	0	0	0	1	0	0	0	0	0	1	0	0	0	1	1	1	2	0	1	0	0	1	2	0	1	1	2	1	2	1	0	1	2	1	1	1	0	1	0	0	0	0	1	0	2	1	0	0	0	1	0	0	0	0	0	0	0	0	0	0	0	0	1	1	0	1	1	0	1	0	0	1	1	1	2	0	0	0	0	1	1	1	1	2	0	0	1	1	0	2	0	0	0	0	0	1	0	0	0	0	0	0	2	0	0
0	0	0	0	0	0	0	1	2	0	1	0	0	4	0	0	1	4	2	0	1	2	1	1	0	0	1	2	0	1	0	0	0	1	1	0	0	0	0	1	0	0	0	1	1	1	1	1	0	3	2	0	1	1	1	2	2	0	2	2	1	3	1	0	1	2	3	2	2	1	0	1	2	0	0	2	1	1	1	0	1	0	0	3	2	2	0	2	2	7	14	8	5	6	24	0	24	6	4	8	5	11	6	3	2	2	6	3	3	1	3	5	1	0	1	3	3	0	0	2	1	0	2	2	0	1	0	1	0	1	1	0	0	1	1	0	0	0	1	0	2	0	1	1	2	0	2	0	2	3	8	2	1	0	1	0	1	1	3	2	1	3	2	4	2	1	0	3	1	1	0	0	1	0	1	2	2	0	1	2	0	1	0	1	1	5	1	4	3	1	2	0	0	2	2	1	2	0	0	1	5	0	1	1	1	2	0	1	4	0	0	1	0	1	0	1	1	3	3	3	6	3	1	1	1	5	2	5	3	7	22	17	6	7	5	2	1	1	0	0	0	0	1	0	0	1	1	1	2	0	0	0	0	0	2	2	0	1	1	1	2	1	0	0	0	2	1	0	1	0	0	0	1	1	2	1	1	0	2	2	1	1	0	1	0	1	4	2	0	1	1	0	1	2	0	1	0	1	0	1	0	1	1	0	0	0	0	1	2	0	1	0	0	1	0	1	0	0	0	1	0	0	0	1	1	0	0	0	0	0	1	1	1	1	2	1	0	0	2	1	1	0	2	0	0	1	0	0	1	0	0	1	1	2	0	0	0	0	1	0	0	1	1	2	2	0	0	0	1	0	0	2	0	0	1	1	0	1	0	1	1	0	0	0	2	0	0	1	1	0	2	0	0	1	1	0	0	0	0	0	0	1	1	0	0	0	1	1	0	0	1	1	1	1	2	2	0	0	1	0	1	0	1	3	0	0	0	0	0	1	0	0	2	1	0	0	0	0	0	0	0	0	0	0	0	0	1	0	1	1	1	1	0	1	0	0	1	0	1	1	0	0	0	0	0	0	1	1	0	1	0	1	0	0	0	0	0	0	0	1	1	0	0	0	0	0	1	0	0
0	0	0	0	0	0	0	0	1	2	2	0	0	0	1	1	0	2	2	4	1	0	0	1	1	0	2	0	2	0	1	0	0	1	0	1	3	2	2	0	1	2	4	2	1	0	1	0	0	1	2	1	0	0	2	4	0	2	3	1	2	2	1	2	1	3	1	1	2	2	2	1	1	0	0	0	1	0	2	0	2	2	0	2	1	0	3	2	5	3	5	3	2	2	4	24	0	29	19	12	16	9	5	5	3	0	1	1	4	1	5	2	1	1	1	0	0	1	1	1	0	0	1	0	1	0	0	0	0	1	0	1	1	1	0	0	0	0	0	2	2	0	2	0	0	1	1	0	0	3	2	2	1	3	0	0	1	1	1	1	4	6	2	0	4	1	2	1	2	1	1	0	1	0	2	0	4	1	0	1	1	0	0	1	2	3	1	2	4	3	5	2	1	1	0	0	1	3	0	0	1	0	2	1	3	1	0	2	0	1	0	0	0	0	1	0	0	1	1	1	1	2	2	0	0	1	3	1	3	1	5	15	4	3	0	1	0	0	0	0	1	0	0	0	0	0	1	0	0	0	0	1	0	2	2	3	0	1	1	0	1	0	0	0	1	2	1	1	0	0	0	1	0	0	1	2	1	2	1	1	0	0	2	1	2	0	1	0	2	1	2	0	0	2	0	1	0	2	0	0	0	2	0	0	0	0	2	0	1	0	0	0	0	0	0	0	0	1	0	0	0	2	0	0	0	0	0	0	0	0	0	0	0	1	0	0	0	0	0	0	0	0	0	1	1	0	1	0	0	0	0	2	1	0	0	0	1	0	1	0	1	0	0	0	0	0	1	1	0	1	0	0	0	0	0	0	0	2	0	1	0	1	0	1	1	0	1	0	0	0	0	1	0	0	0	1	0	0	0	0	0	1	0	0	0	1	0	0	0	0	0	0	0	0	0	0	1	0	0	0	0	0	0	2	0	0	0	0	0	0	1	0	0	1	0	0	0	1	0	0	0	1	0	0	0	1	0	0	0	0	1	0	0	0	0	0	0	0	0	1	0	0	1	1	0	1	1	0	0	0	1	0	0	0	0	0	0	0	1	0	0	0	0	1	1	0	1	0	0
0	0	0	0	0	0	0	0	0	0	0	0	0	1	1	1	2	1	2	1	1	1	0	2	1	1	0	0	0	2	0	1	0	1	2	2	0	0	0	2	1	0	1	1	3	0	4	0	0	0	0	0	0	1	3	1	2	1	1	0	1	2	1	3	1	2	2	3	5	5	2	1	0	0	1	0	0	0	2	2	5	2	0	1	2	4	6	2	5	6	0	1	0	0	2	6	29	0	41	18	7	7	8	3	1	0	1	0	0	1	3	1	1	0	1	0	1	0	0	0	0	0	1	1	0	1	0	1	1	2	2	2	0	0	1	0	0	0	0	1	0	0	0	3	2	0	2	0	0	3	8	4	2	1	1	5	0	3	3	1	4	5	7	2	3	2	0	1	2	0	1	1	1	1	0	0	1	1	2	1	3	4	0	0	1	2	2	1	1	2	0	2	2	5	2	0	2	2	4	0	0	0	0	3	1	0	1	0	1	1	1	1	0	0	1	1	1	2	1	1	7	1	0	2	0	0	0	1	0	7	2	14	3	7	1	1	0	0	0	0	0	0	1	0	0	0	1	1	0	1	0	1	0	1	1	1	0	0	2	1	0	0	0	2	0	0	2	0	0	0	0	0	0	1	0	1	0	0	1	0	0	0	1	0	0	0	0	2	1	1	1	0	0	0	1	0	0	1	0	1	0	1	0	0	0	1	2	0	1	0	1	0	0	1	0	1	0	1	0	1	1	0	0	0	0	0	0	0	0	0	0	0	0	0	0	0	0	0	0	0	0	0	0	0	0	0	1	0	0	0	0	1	1	0	0	0	2	0	0	0	0	0	0	1	0	0	0	0	0	0	0	0	1	0	0	0	1	1	0	1	0	0	1	0	0	0	0	0	0	0	2	0	0	0	0	0	0	0	1	0	1	0	1	1	0	0	0	0	0	2	0	1	1	0	0	0	0	0	0	0	2	0	0	0	0	0	0	0	1	0	0	0	0	0	0	0	0	0	0	0	0	0	1	1	0	1	0	0	1	1	0	0	0	1	0	0	0	0	0	0	1	0	0	0	0	2	0	0	0	0	0	1	0	0	0	0	0	0	0	0	0	1	0	0	0	0	0	0	0
0	0	0	0	0	0	0	0	0	1	1	1	0	1	0	2	3	2	1	1	1	0	1	3	4	1	2	0	0	0	0	0	0	2	2	0	2	0	3	0	1	0	2	2	1	2	0	0	0	1	0	0	1	0	2	2	1	2	2	0	4	2	5	3	1	2	5	11	5	0	0	1	2	0	0	1	3	2	1	1	3	3	3	2	5	10	2	3	4	8	4	5	0	3	2	4	19	41	0	58	15	9	2	4	1	4	2	0	1	4	3	1	3	1	2	0	2	3	3	0	2	1	0	3	0	1	0	0	1	0	1	1	2	0	0	1	0	0	2	2	0	1	1	2	2	1	2	3	0	1	10	7	1	2	0	2	4	1	6	6	10	12	13	0	4	5	5	3	0	2	0	1	0	0	0	2	1	2	0	2	3	0	3	0	0	4	0	1	6	6	6	5	6	4	0	1	2	0	4	1	3	2	3	1	0	0	2	0	2	1	2	1	0	2	0	2	0	3	0	1	3	1	1	1	2	3	0	0	1	6	7	31	16	8	6	1	0	0	0	0	0	2	1	1	0	0	0	0	0	0	1	0	0	2	1	3	1	2	1	1	0	0	0	0	0	0	0	0	3	0	1	2	0	0	0	1	0	2	0	0	1	1	0	2	0	0	1	1	0	1	1	0	1	0	0	0	0	1	0	1	0	1	0	0	0	0	1	1	0	0	1	1	0	0	0	0	0	1	0	1	0	1	0	1	0	0	0	0	0	0	1	0	1	0	0	0	0	1	1	0	0	1	0	0	1	0	0	3	0	1	2	1	0	0	0	1	1	0	0	1	1	0	0	1	0	0	0	0	0	1	1	0	1	0	0	1	0	2	0	0	1	2	0	1	0	0	0	0	0	0	0	0	1	0	1	0	0	0	0	0	0	0	0	1	1	2	1	0	0	0	1	0	0	1	1	0	0	0	0	0	1	1	1	0	0	0	0	1	0	1	0	0	1	0	0	0	0	0	1	0	0	0	0	0	0	0	0	1	0	0	0	1	1	0	1	0	1	1	1	0	1	1	0	0	0	0	0	0	0	0	1	0	0	0	0	0	0	1	1	0	0	0	1	0	0	0	1	1	0
0	0	0	0	0	0	0	0	0	1	1	0	1	2	0	0	1	1	0	3	0	2	2	0	3	0	1	1	1	2	1	0	4	1	1	2	2	1	1	1	0	1	3	1	2	5	1	1	0	2	1	2	2	3	1	1	3	2	2	4	5	3	1	1	1	4	7	5	7	2	2	1	0	1	1	4	0	3	3	1	1	1	1	1	5	7	10	7	2	7	3	2	2	0	7	8	12	18	58	0	85	17	6	2	0	2	1	1	1	1	2	4	2	0	0	2	0	1	1	1	2	0	2	1	2	0	0	1	2	3	2	0	0	0	2	2	0	0	1	1	0	0	2	0	3	1	0	0	0	1	14	14	1	2	1	2	1	1	5	1	9	12	4	4	4	3	7	1	2	1	0	1	0	2	1	2	1	3	1	0	1	1	0	1	2	1	3	4	2	5	4	4	2	4	4	0	1	2	1	0	1	1	0	1	0	0	1	1	2	0	0	0	1	0	2	1	0	0	1	8	6	3	4	1	0	2	3	2	3	4	6	17	4	2	3	0	0	1	0	0	0	0	0	0	1	1	0	0	1	0	0	1	0	0	0	0	3	2	0	2	0	0	1	0	0	0	1	0	0	0	1	0	0	0	1	3	1	0	2	1	1	1	0	0	1	0	0	1	2	0	0	0	0	0	0	1	0	0	0	0	1	1	0	1	1	1	0	0	0	0	0	0	0	1	0	1	0	1	0	0	0	0	0	0	0	0	0	0	0	0	0	0	0	1	2	0	1	2	1	2	1	1	0	0	0	0	1	0	0	1	0	0	0	0	0	2	0	0	1	3	0	0	0	0	0	0	0	0	1	0	0	1	0	0	0	0	1	0	1	2	0	0	1	0	0	0	0	1	0	0	1	0	0	1	0	0	0	0	0	0	0	0	1	0	0	0	0	1	0	0	1	0	0	2	1	0	1	2	2	0	2	0	1	0	0	1	0	0	0	0	0	0	0	0	0	0	0	0	0	1	0	1	0	0	0	0	1	2	0	0	1	1	1	0	0	0	1	1	1	1	1	0	0	0	0	0	0	0	0	1	0	0	0	1	0	0	0	1	1	0	0	0	0	0	1	0	0	1	1
0	0	0	0	0	0	0	0	1	1	1	2	3	1	1	1	1	0	4	3	3	1	2	4	2	0	0	1	0	3	0	0	0	1	4	2	1	1	1	0	2	0	8	2	1	0	1	1	1	0	1	2	0	4	2	2	1	6	3	1	3	5	4	1	2	3	6	3	2	2	3	2	2	3	1	4	0	0	1	1	0	3	3	4	4	4	10	12	14	8	8	1	1	1	5	5	16	7	15	85	0	45	20	6	2	4	2	7	2	2	1	2	1	0	1	1	3	2	3	1	2	1	1	4	1	0	0	0	4	2	0	1	0	0	1	0	1	1	1	1	1	1	2	4	0	1	0	2	0	2	13	8	3	2	0	3	0	2	1	3	11	5	5	2	3	2	3	1	1	2	2	0	0	0	2	1	1	0	3	0	1	0	1	1	2	1	1	3	2	1	2	4	4	1	4	2	0	0	1	0	2	0	2	1	1	2	0	0	0	0	0	0	2	1	1	2	0	4	3	3	3	1	1	1	2	0	1	0	3	6	11	16	7	5	1	2	1	0	2	0	0	1	0	0	1	0	1	1	1	1	0	1	1	1	0	1	0	0	1	0	0	1	0	1	1	0	1	2	2	0	0	1	1	1	0	0	2	1	1	2	0	0	1	0	0	0	0	0	0	1	0	0	0	2	1	0	1	0	0	2	1	1	1	0	0	0	0	0	0	1	0	0	0	1	0	0	0	0	0	0	0	0	0	0	1	0	0	0	0	0	0	0	1	2	1	0	0	1	1	0	3	1	1	0	1	0	0	0	0	0	0	1	0	2	1	1	0	0	0	2	0	1	1	1	0	0	2	0	0	0	0	1	1	0	0	1	0	0	0	1	0	0	1	0	1	0	1	0	1	0	1	0	0	0	0	0	0	0	0	1	0	0	0	0	0	0	0	0	0	0	0	0	0	2	0	1	0	0	0	0	1	0	1	1	0	0	0	0	0	0	0	0	1	0	0	0	0	0	1	0	0	0	0	1	0	0	1	0	2	1	0	1	0	0	0	0	1	0	0	0	0	0	1	0	1	1	0	0	0	0	1	0	0	0	0	0	0	1	0	0	0	1	0	0	1	0	0	0	0
0	0	0	0	0	0	0	1	0	0	0	3	4	2	1	1	1	0	1	3	0	3	2	2	2	1	2	1	0	0	0	1	1	0	2	0	2	0	2	3	1	0	6	3	5	1	2	1	0	2	1	0	2	0	4	3	4	2	2	2	0	2	0	2	0	5	4	5	2	3	0	0	1	1	0	0	2	1	2	3	0	1	1	0	2	4	6	3	2	21	17	6	5	2	3	11	9	7	9	17	45	0	51	6	9	6	5	11	3	2	0	1	3	0	1	3	1	4	1	0	0	1	0	2	0	2	0	0	1	3	1	3	0	0	1	1	1	1	0	0	1	1	2	3	1	2	0	1	1	2	10	6	3	2	1	2	1	3	2	5	4	5	2	1	2	1	2	0	2	2	1	0	1	0	3	4	0	2	2	0	0	0	0	0	2	1	0	1	0	4	2	4	1	0	1	3	1	0	0	0	0	1	4	1	2	1	0	0	2	1	1	1	0	2	1	2	1	1	6	6	3	2	1	2	2	0	1	3	3	4	5	7	3	2	5	0	1	0	0	0	2	2	1	0	0	0	0	1	0	0	0	0	1	1	1	0	1	0	0	1	0	0	2	1	0	0	2	1	0	0	0	3	0	2	0	1	0	0	1	1	1	2	1	0	0	0	1	1	0	0	0	0	1	0	1	0	0	0	1	0	1	0	0	0	1	0	0	0	0	0	0	0	0	0	0	0	1	1	1	1	2	1	0	0	0	1	0	0	1	0	1	0	0	1	0	0	0	0	1	0	0	0	0	0	0	0	0	0	1	0	0	2	2	0	1	1	0	0	1	0	0	0	2	0	0	0	0	0	0	1	0	1	0	0	0	0	2	1	1	0	0	0	0	0	0	0	1	1	1	0	0	1	0	0	0	0	0	0	0	0	0	0	1	1	0	0	1	0	0	0	1	0	1	0	1	0	1	0	2	0	0	0	1	0	0	0	0	1	0	0	0	0	0	0	0	0	0	0	1	0	0	0	0	0	0	2	0	1	1	0	2	0	1	0	0	0	0	0	0	0	0	1	0	0	0	0	0	0	0	0	0	0	0	0	0	1	0	0	1	0	0	0	0	1	1	0	0	0	0
0	0	0	0	0	0	0	1	0	0	0	2	3	0	0	4	1	0	1	6	4	0	2	6	0	2	2	0	1	0	1	2	1	1	0	2	1	0	3	4	1	3	6	3	5	0	0	1	1	2	1	0	1	1	1	1	1	4	2	0	3	0	1	1	1	1	1	3	1	0	0	1	0	0	1	0	0	1	2	0	0	0	2	1	2	0	5	5	2	19	10	1	1	2	2	6	5	8	2	6	20	51	0	25	9	8	14	5	2	1	2	1	2	1	0	4	0	3	0	1	1	1	0	0	0	0	1	0	2	0	0	0	0	1	0	0	1	1	0	1	1	0	2	0	0	1	1	2	2	2	8	5	3	0	0	0	3	2	4	6	8	5	1	2	0	1	1	1	0	0	0	1	0	0	1	0	1	0	1	0	1	0	0	0	0	3	1	0	3	1	4	0	0	2	2	0	2	1	0	0	1	0	3	1	0	1	0	1	1	1	0	0	1	1	0	1	1	1	3	7	3	2	1	1	0	0	2	0	1	2	7	9	1	1	1	2	0	0	0	1	0	0	0	0	1	0	0	0	0	1	1	1	0	0	0	1	1	0	0	0	1	0	0	0	0	0	1	0	0	1	0	0	0	2	0	0	0	0	0	0	0	0	0	0	1	0	0	0	0	0	1	0	2	1	1	0	0	0	2	0	0	0	0	0	1	1	0	1	0	1	1	2	0	1	0	0	0	0	1	0	0	0	2	1	0	0	0	0	1	0	1	1	0	0	1	0	0	0	0	1	0	1	0	0	1	0	1	0	0	0	0	0	0	0	1	0	0	1	0	0	1	1	0	0	1	1	0	0	0	0	2	1	1	1	0	0	4	2	1	1	1	0	0	1	0	0	0	0	0	0	1	0	1	0	0	1	0	0	0	0	0	3	1	3	0	0	0	0	2	0	1	0	0	0	1	0	1	0	1	0	0	0	1	0	0	0	1	0	0	0	1	1	0	1	0	0	0	0	0	0	0	0	0	0	0	0	0	0	0	0	0	0	1	0	0	2	0	0	0	0	0	1	0	1	0	1	0	0	1	0	0	0	0	0	0	0	0	0	0	0	0	1	0	0	0	0	2	0	0
0	0	0	0	0	0	0	0	0	0	1	2	0	0	1	0	0	0	1	3	6	3	4	1	1	0	0	3	0	1	0	1	0	2	0	0	1	1	0	0	2	3	2	5	0	0	3	1	1	0	0	1	2	0	2	0	0	3	0	0	0	3	0	2	1	0	1	1	2	0	0	0	1	0	1	2	2	2	0	1	0	0	1	1	1	0	2	1	3	10	4	1	0	3	1	3	5	3	4	2	6	6	25	0	25	4	4	6	5	1	1	1	2	0	0	0	0	0	0	0	1	0	1	1	0	0	0	0	1	0	1	0	2	0	0	0	1	1	1	0	2	0	0	0	1	0	2	2	2	4	4	5	0	0	0	1	2	4	0	3	4	4	1	1	0	0	2	1	0	0	0	1	0	0	1	0	1	0	1	0	1	0	0	0	2	0	0	0	1	0	2	2	0	0	1	0	0	0	1	1	0	0	1	1	0	0	0	0	1	1	1	0	0	0	1	1	0	1	2	3	1	0	0	1	0	1	0	0	1	0	2	3	0	1	2	1	1	1	0	0	1	0	1	0	0	0	0	0	0	0	0	0	0	2	0	0	0	0	0	0	1	0	1	1	0	0	0	0	0	0	0	1	0	0	1	0	0	0	1	0	1	0	0	0	0	0	0	0	0	0	0	0	0	1	0	1	1	0	0	0	0	0	1	1	0	1	0	1	0	1	0	0	0	0	0	0	1	0	0	0	0	0	0	0	0	2	0	0	0	0	0	0	0	0	0	0	0	1	2	1	1	1	0	0	1	0	1	0	0	0	2	0	0	0	0	0	0	1	0	0	0	0	0	1	1	0	1	0	0	0	0	1	0	2	0	0	0	0	0	0	0	0	0	0	1	0	1	2	0	0	0	0	0	0	0	0	0	0	0	0	0	0	0	0	0	0	0	1	0	0	1	2	1	0	0	2	1	0	0	1	1	0	0	1	0	0	0	0	0	0	0	0	0	0	0	0	0	0	0	0	0	0	1	1	0	0	0	2	0	0	0	1	0	1	0	0	0	0	1	0	0	0	0	0	0	0	1	0	0	0	0	0	0	0	0	0	0	0	0	0	0	0	0	0	0	0	0	0	0
0	0	0	0	0	0	0	0	1	1	2	0	0	1	0	1	0	2	1	5	7	10	2	4	2	3	1	4	2	2	0	0	0	1	2	1	1	0	1	0	0	1	1	2	7	1	1	1	1	1	0	0	1	4	1	2	2	2	4	2	1	0	0	2	1	1	3	0	2	0	0	2	1	1	1	0	0	0	2	0	2	0	0	0	1	1	1	1	0	4	7	2	2	2	0	2	3	1	1	0	2	9	9	25	0	31	7	2	4	0	0	1	1	0	2	0	1	0	0	0	1	1	0	1	1	0	0	0	0	0	2	1	3	1	1	0	0	1	1	2	2	1	0	0	0	0	0	1	1	3	0	3	2	1	1	0	0	0	1	0	0	0	1	2	1	2	0	2	1	0	0	0	0	1	0	1	1	0	0	0	0	1	1	1	1	0	3	2	0	1	1	0	1	1	3	1	1	0	1	0	0	0	2	0	0	1	0	0	0	1	0	0	0	0	2	1	2	2	2	4	3	1	0	2	0	0	0	1	2	1	3	1	1	1	0	0	0	0	0	0	0	0	0	0	0	1	0	0	0	1	0	0	0	0	1	0	1	0	0	1	0	0	0	0	0	1	0	0	0	0	0	0	0	0	1	3	0	1	1	0	1	0	0	1	2	0	0	0	0	0	0	0	1	0	0	0	0	0	0	1	0	1	1	0	2	0	0	0	2	0	0	0	1	1	0	0	0	0	0	0	0	1	1	0	0	0	0	0	1	1	1	1	0	0	0	0	0	1	2	2	0	1	0	0	1	1	0	0	1	0	0	1	0	0	2	0	2	0	0	0	1	0	0	0	0	0	0	0	0	0	0	1	1	1	0	1	1	0	0	0	1	0	0	0	0	0	1	0	0	1	2	0	0	0	1	0	0	0	0	0	0	0	0	0	0	0	0	2	0	1	0	1	0	0	0	0	0	1	0	1	1	0	0	0	0	0	0	0	0	0	1	0	0	0	0	0	0	0	0	0	0	0	0	0	0	0	1	1	0	1	1	0	0	1	0	0	2	0	0	0	0	0	0	0	0	0	1	0	0	0	0	0	0	0	0	0	0	0	1	0	0	0	0	1	0	0	0	0	0
0	0	0	0	0	0	0	0	1	2	1	0	2	2	0	1	1	3	1	6	8	8	4	2	4	3	3	0	2	2	7	4	0	5	4	1	0	1	0	0	0	2	4	4	1	2	1	0	1	0	0	0	2	4	0	1	3	7	3	2	0	0	4	2	0	0	1	1	2	1	0	0	0	0	0	0	0	0	3	0	0	0	0	4	0	0	1	6	4	9	8	4	0	0	4	2	0	0	4	2	4	6	8	4	31	0	37	32	7	2	5	0	0	0	2	2	1	3	0	1	0	1	3	0	0	0	1	1	1	2	4	1	1	1	0	0	0	1	0	3	2	6	2	0	0	1	1	4	1	3	3	3	3	1	0	0	1	3	2	1	2	0	0	0	1	0	0	1	1	1	0	0	0	1	1	2	0	1	1	0	0	1	0	0	0	2	0	0	1	0	2	2	2	0	0	2	0	1	1	0	2	0	0	2	1	1	1	0	0	2	1	1	0	2	3	2	4	0	7	6	3	2	0	0	3	1	0	2	1	1	1	3	2	0	1	0	0	0	0	2	0	0	0	0	0	0	0	0	1	0	0	0	0	0	1	2	2	0	1	0	0	1	1	0	0	0	0	0	1	0	1	0	0	0	0	1	2	1	0	0	1	1	0	0	0	2	0	0	1	1	0	0	0	0	0	0	0	0	2	1	0	1	2	0	0	0	0	0	0	0	0	0	0	0	2	0	0	1	0	0	1	0	0	0	0	0	0	1	0	0	0	0	0	0	0	0	1	0	1	1	1	0	0	0	0	0	1	0	0	0	0	0	1	0	0	1	1	0	0	0	0	1	1	1	0	0	0	1	0	1	0	0	0	0	0	0	1	0	0	0	0	0	0	0	1	0	0	0	0	0	0	1	0	0	0	0	1	0	0	0	0	0	0	0	0	0	0	0	0	0	1	0	0	1	0	0	0	0	0	0	0	0	0	0	1	0	1	1	0	1	1	1	0	1	0	1	0	0	0	0	0	0	0	0	0	0	0	0	1	2	0	0	0	1	0	0	0	0	0	1	0	0	0	1	0	0	1	0	0	0	1	0	0	0	0	0	0	1	0	0	0	0	0	0	0	0	0	0	0
0	0	0	0	0	0	0	0	0	0	1	2	2	0	0	2	1	2	3	6	2	4	4	2	3	2	1	0	3	2	0	1	0	3	0	1	0	2	0	0	3	4	1	1	1	2	1	0	3	2	0	1	3	1	1	2	2	1	4	3	1	3	0	0	0	2	0	1	1	3	1	0	2	3	2	1	1	1	1	1	0	0	2	0	0	2	1	0	4	16	19	8	5	1	4	6	1	1	2	1	2	5	14	4	7	37	0	40	8	4	2	1	1	1	1	2	0	3	2	1	2	2	3	0	0	2	0	0	0	3	1	0	1	1	2	2	0	1	1	2	2	0	1	1	0	5	1	2	2	6	5	2	1	0	0	0	1	0	0	1	2	1	1	1	1	3	2	1	1	2	3	0	2	0	0	0	0	0	1	1	1	1	0	0	0	1	1	2	3	0	1	1	1	0	2	1	1	1	2	0	2	0	1	0	0	0	2	1	3	0	0	0	0	1	3	3	0	4	9	8	4	1	2	0	0	0	0	3	4	2	4	6	2	0	1	0	0	0	2	1	1	0	0	0	1	0	1	1	1	0	0	1	1	0	2	0	1	1	0	0	0	0	0	0	0	0	2	0	0	0	0	1	0	0	1	1	1	1	0	0	1	0	0	0	0	0	0	0	0	0	1	0	2	1	1	0	1	1	1	0	3	0	1	1	0	0	1	0	0	0	0	2	0	0	0	0	0	0	0	0	0	0	0	1	0	1	0	0	0	0	0	0	1	1	0	2	1	0	2	0	0	1	0	0	1	0	0	0	0	0	0	0	1	0	0	0	0	2	0	0	1	0	1	0	0	1	0	0	0	0	0	0	0	0	1	0	0	0	2	1	0	2	0	0	0	1	0	1	0	0	0	0	0	1	0	0	1	0	0	0	0	0	1	1	0	0	0	0	0	0	1	0	1	0	0	1	0	0	0	2	0	0	1	0	1	0	1	0	0	1	1	0	0	0	0	0	0	0	0	0	0	0	0	0	0	0	0	0	1	0	0	0	0	0	0	0	1	0	0	0	0	0	0	1	0	0	0	0	0	0	0	0	1	0	0	0	0	0	0	0	0	0	0	0	0	0	0	0	0
0	0	0	0	0	0	0	0	1	3	0	3	2	3	0	0	3	2	1	8	3	3	10	12	8	6	4	1	0	0	1	3	1	7	4	5	0	1	2	4	2	1	0	4	6	3	1	1	6	2	2	1	0	1	1	3	1	4	4	6	2	1	3	2	1	2	0	2	6	1	0	0	1	1	1	0	0	0	0	0	2	1	0	2	1	0	0	3	9	19	18	10	2	0	2	3	1	0	0	1	7	11	5	6	2	32	40	0	25	15	5	0	2	2	6	3	3	6	2	1	0	2	4	0	2	0	0	1	1	4	1	2	2	1	1	0	0	2	1	1	3	1	1	3	0	3	3	2	6	10	7	3	0	0	2	0	0	1	1	2	3	2	1	1	1	3	0	1	1	1	1	1	4	2	0	1	2	0	0	2	0	0	0	2	0	2	2	3	1	1	0	0	0	0	1	3	0	1	1	2	1	0	2	1	3	1	1	0	1	1	4	1	2	1	4	5	7	5	17	14	6	3	1	3	3	1	2	2	3	3	3	0	1	2	1	2	3	0	0	1	1	0	0	0	0	1	1	0	0	0	1	0	0	2	0	1	1	0	1	1	2	1	0	1	0	1	0	1	1	1	0	0	0	0	1	0	0	2	1	0	0	0	0	0	0	0	0	1	0	2	0	0	1	0	0	0	0	1	0	0	1	2	2	1	0	0	0	0	0	0	0	0	0	0	0	0	0	0	1	0	1	0	0	0	0	0	0	0	0	0	0	0	0	0	2	0	1	1	0	0	1	0	2	0	0	0	0	0	0	0	0	0	1	1	0	0	1	0	2	1	0	0	1	0	0	0	1	0	0	1	2	1	0	0	0	0	0	3	2	1	0	0	0	0	0	0	0	0	0	0	0	0	0	0	0	0	0	0	0	1	0	0	0	0	0	0	0	1	0	0	0	0	0	0	0	2	0	0	0	0	0	0	0	1	0	0	0	0	2	1	1	1	0	0	0	0	0	0	1	0	0	0	0	0	1	0	0	0	0	1	1	0	1	0	0	0	0	1	1	0	0	0	0	0	0	1	0	0	0	0	0	0	0	0	1	0	1	1	0	1	0	0	0	0	0	0	0	0	0
0	0	0	0	0	0	0	0	1	2	0	4	0	2	3	6	5	2	2	4	4	7	14	5	1	3	2	0	1	1	0	1	2	4	2	5	0	0	0	0	4	1	2	2	4	1	3	1	2	1	1	0	4	2	0	2	2	4	5	8	0	1	0	1	4	1	6	4	4	4	2	2	0	1	1	0	1	0	2	0	0	0	1	0	2	5	2	2	9	8	4	8	5	3	2	3	4	0	1	1	2	3	2	5	4	7	8	25	0	61	21	11	3	3	0	10	10	7	3	3	0	0	1	0	3	2	1	2	2	3	1	3	2	3	4	2	3	5	2	3	4	2	3	4	3	4	3	5	5	16	4	1	0	0	0	1	0	3	3	4	3	2	1	3	2	5	4	2	0	1	0	0	1	0	0	0	1	1	1	1	0	3	0	0	2	1	1	3	1	1	1	1	2	0	2	0	0	6	1	2	2	2	0	3	0	2	1	1	2	0	0	4	1	4	6	6	9	8	27	7	16	3	5	1	3	1	2	2	2	8	2	3	1	1	1	2	1	1	0	0	1	1	0	1	1	0	1	1	0	1	0	1	1	2	1	1	0	2	0	1	0	0	0	0	1	0	0	1	0	1	1	0	0	0	0	1	0	2	0	0	1	0	0	2	0	0	1	3	1	0	0	0	1	0	1	0	2	0	1	2	4	1	1	1	0	1	0	0	1	0	0	0	1	0	2	0	0	0	1	1	1	2	0	0	0	0	0	0	0	0	2	0	0	1	0	0	1	2	2	1	1	0	2	1	1	1	1	0	0	0	0	0	1	0	0	0	0	0	1	2	0	0	0	1	0	0	0	1	0	1	1	0	0	0	1	0	0	0	1	0	1	0	0	2	1	0	0	1	0	0	0	0	0	0	0	1	0	0	0	0	1	0	0	1	0	2	1	1	0	0	0	0	1	0	0	0	0	2	0	1	0	0	1	0	0	0	0	0	0	1	1	1	0	1	1	0	1	1	0	0	0	0	0	0	0	0	1	1	0	0	1	1	0	0	0	0	0	0	0	0	0	1	0	0	2	1	0	0	0	0	0	0	0	0	0	0	0	0	0	0	0	0	0	0	2	0	0	0	0
0	0	0	0	0	0	0	0	0	1	1	0	6	1	3	2	4	3	4	5	4	2	5	10	5	2	1	0	5	1	1	0	5	3	1	0	1	2	0	0	1	2	0	2	1	0	2	0	3	0	1	0	0	2	1	1	3	4	1	7	5	2	4	1	1	1	1	2	6	5	0	0	2	1	0	0	0	0	1	0	3	0	0	2	0	0	2	2	3	6	5	9	5	2	2	1	1	1	4	1	2	2	1	1	0	2	4	15	61	0	24	7	4	4	5	10	14	12	2	1	3	0	1	4	2	1	1	1	3	2	5	1	0	4	3	3	4	4	5	4	6	3	5	6	7	12	8	8	8	20	5	1	1	2	1	0	0	0	1	2	2	1	3	0	0	5	3	5	0	2	0	1	3	2	0	1	2	0	0	3	0	3	2	0	0	1	1	6	0	2	0	0	1	1	0	0	3	1	2	1	1	1	2	0	1	0	0	0	4	2	0	0	1	3	16	13	4	9	13	11	9	3	1	3	1	3	1	6	7	10	1	2	4	5	3	2	1	2	1	0	0	1	1	1	2	3	4	1	0	1	0	2	0	0	1	0	0	0	0	0	1	0	0	1	0	1	0	0	2	0	0	0	2	0	1	2	0	3	0	1	0	2	0	1	0	1	1	1	0	0	0	0	1	0	1	1	2	2	1	1	2	0	0	1	3	1	0	0	0	1	0	0	0	0	1	0	0	0	1	0	1	0	1	0	0	0	0	1	0	1	0	1	0	0	0	1	1	1	2	1	1	0	2	0	0	0	0	0	0	1	0	0	1	1	0	0	0	0	2	0	0	0	0	0	1	0	0	0	2	2	1	3	2	1	0	0	2	0	1	2	1	0	0	0	0	0	2	1	1	0	0	0	0	0	0	0	0	0	0	1	3	0	0	0	0	0	0	0	0	1	0	0	0	0	2	1	0	0	0	1	0	0	1	0	0	0	0	0	0	3	2	0	3	0	0	0	0	0	0	1	0	0	1	0	0	0	0	1	2	1	1	1	0	0	0	0	0	1	0	0	0	1	0	0	0	0	0	1	0	2	1	0	0	0	2	0	0	0	0	0	0	0	0	1	0	1	0	0	0
0	0	0	0	0	0	0	1	0	2	3	0	3	2	0	4	2	3	3	1	2	2	2	1	4	3	0	0	0	0	1	1	0	2	1	1	2	3	0	3	0	2	2	1	2	4	1	1	0	0	1	0	0	0	2	2	2	1	8	2	3	7	3	0	1	3	7	4	7	8	1	1	1	2	0	2	2	1	2	0	0	1	3	1	1	2	4	1	4	6	7	9	5	1	7	3	5	3	3	2	1	0	2	1	0	5	2	5	21	24	0	39	10	4	7	25	15	10	5	1	1	1	0	1	1	2	3	0	8	1	4	4	1	3	2	2	3	3	3	4	2	4	2	5	9	10	34	9	9	18	5	1	1	0	0	1	0	1	2	4	5	4	2	0	1	2	9	7	9	5	0	0	3	3	0	1	0	1	1	0	1	1	2	1	3	3	6	6	5	2	1	1	1	4	4	1	3	4	7	4	4	3	4	1	2	1	1	5	3	1	1	1	5	6	2	8	4	7	8	11	29	12	5	2	3	3	12	9	13	5	1	2	4	9	6	4	2	0	0	1	0	2	0	1	3	0	4	0	0	1	2	0	2	1	0	4	1	0	1	0	0	0	2	1	1	3	0	0	1	1	1	1	1	1	1	1	0	3	1	2	1	0	1	2	3	0	1	2	1	0	0	0	0	0	0	2	0	2	1	0	1	1	2	3	1	4	0	0	0	0	0	1	1	0	0	0	0	1	1	1	3	1	0	0	0	0	0	2	1	0	2	0	0	0	0	1	0	1	3	1	2	2	3	1	0	0	2	0	1	0	0	0	1	1	1	0	1	1	1	2	1	1	0	0	1	0	0	0	0	1	1	2	0	1	1	0	1	2	0	0	1	0	0	1	0	0	1	0	2	1	1	0	0	0	0	0	0	0	0	0	0	0	0	0	1	2	0	0	2	0	0	0	0	1	0	0	0	0	0	0	1	1	1	0	0	0	0	0	0	0	1	1	1	0	0	0	0	0	0	0	0	2	0	0	0	1	1	1	0	0	0	1	0	1	0	0	0	1	0	2	0	0	0	0	0	0	0	0	1	0	0	0	0	0	0	0	0	0	1	0	0	0	0	0	0	0	0	0	2
0	0	0	0	0	0	0	0	0	1	3	4	2	2	3	3	6	2	2	2	0	0	4	6	4	4	1	1	2	0	0	1	2	2	1	2	2	0	1	3	2	2	1	2	3	2	7	0	1	1	1	3	2	2	0	1	2	1	3	3	6	15	6	5	7	3	7	5	15	12	4	4	2	1	2	1	2	1	2	1	0	3	0	2	1	1	1	2	0	5	7	5	2	3	3	5	2	1	1	4	2	1	1	1	1	0	1	0	11	7	39	0	37	6	17	64	18	16	3	1	0	5	0	3	4	0	1	4	12	7	7	6	0	4	2	4	2	3	3	0	2	6	7	4	10	9	17	4	5	4	3	3	0	0	1	2	0	0	0	1	9	5	2	5	3	8	8	10	16	3	5	2	2	1	1	3	4	3	3	1	3	1	2	1	1	1	3	6	0	2	1	2	0	3	1	6	4	11	6	7	1	5	3	3	4	7	0	0	4	2	2	2	2	8	2	2	2	2	11	3	17	15	16	6	5	5	10	11	12	4	6	2	5	6	7	2	1	3	0	1	1	1	1	4	1	3	3	1	3	1	3	3	1	0	1	0	0	2	1	0	0	0	1	0	0	0	2	1	2	1	0	1	0	2	1	1	0	1	0	0	0	0	0	0	1	1	3	4	2	1	2	2	0	0	1	2	1	2	0	0	2	1	4	1	1	1	1	0	1	0	0	0	1	0	0	1	0	1	0	0	1	0	1	0	2	0	0	2	0	0	0	0	1	0	1	1	0	2	1	2	2	2	2	2	2	0	0	2	2	0	3	0	2	0	2	0	0	0	1	1	1	0	0	0	0	0	1	1	0	1	0	1	0	1	1	0	1	0	1	1	1	0	0	0	1	1	0	0	0	0	0	0	0	0	0	0	1	0	0	0	0	0	0	0	1	0	0	0	0	0	1	0	0	0	1	0	0	0	1	0	0	0	0	0	0	0	1	0	0	0	1	0	0	0	0	0	0	0	0	0	0	0	0	0	0	0	0	2	0	1	0	0	2	0	0	0	0	1	0	0	0	0	0	0	0	1	0	1	0	0	0	0	0	0	0	0	0	1	0	0	0	0	0	0	0	0	1	0	0
0	0	0	0	0	0	0	1	1	2	2	2	4	1	1	2	8	0	3	0	0	1	0	5	1	2	1	0	2	0	0	0	1	0	2	1	2	0	2	0	4	1	3	1	4	1	0	1	2	1	3	2	2	2	4	1	2	1	0	8	2	13	7	3	0	2	10	2	13	5	1	4	1	2	0	0	4	2	6	0	3	3	1	2	3	1	1	2	2	5	1	3	6	3	4	1	1	1	3	2	1	3	2	2	1	0	1	2	3	4	10	37	0	18	15	17	13	9	2	5	1	3	0	2	2	5	4	0	5	1	5	7	4	0	0	0	1	1	0	1	2	3	1	2	11	12	12	5	5	8	3	0	0	2	0	1	0	2	0	11	5	1	7	2	6	7	18	15	32	9	3	6	2	2	4	8	7	2	3	4	3	1	3	2	2	3	7	16	6	2	1	1	3	2	3	3	8	6	6	11	10	5	5	2	9	4	1	7	8	3	0	1	1	10	11	1	3	2	1	4	10	20	57	10	14	11	40	14	3	4	4	6	3	9	6	7	3	0	1	0	1	1	0	0	5	0	3	1	3	4	3	5	2	2	4	1	3	1	4	2	2	1	0	1	0	2	2	2	0	2	1	0	0	2	1	2	2	3	4	4	1	2	1	2	1	0	1	0	2	0	3	2	1	4	2	3	2	1	2	3	11	2	5	6	0	1	0	0	2	2	2	0	0	0	0	0	1	0	1	1	0	0	0	0	0	0	0	0	1	0	0	2	0	1	0	1	0	1	1	0	6	1	5	2	2	1	1	1	1	0	0	2	3	2	1	2	0	1	1	0	2	0	2	1	1	1	1	2	0	1	3	1	1	1	2	0	0	0	2	1	0	0	3	1	0	0	0	0	0	0	0	0	1	1	0	2	0	1	0	1	0	0	0	0	0	0	0	0	2	1	1	0	0	1	0	1	0	0	0	0	0	1	0	0	2	1	0	0	0	1	1	0	1	0	1	0	1	0	1	2	0	0	0	0	0	2	0	2	0	0	1	2	0	0	0	0	0	0	0	0	0	0	1	0	0	0	0	0	0	0	0	0	1	1	0	0	0	0	1	0	1	0	0	0	0	0	0	0	1
0	0	0	0	0	0	0	1	4	2	1	1	0	2	1	1	4	2	3	1	1	0	1	4	2	0	1	0	1	1	1	0	0	0	0	0	2	0	0	1	3	1	2	0	2	2	1	1	4	0	1	1	1	1	1	1	2	2	4	2	2	7	7	1	0	3	2	0	3	2	3	1	5	2	1	0	2	2	1	0	0	1	2	2	0	1	1	0	0	4	0	3	3	2	6	0	1	0	1	0	0	0	1	0	0	0	1	2	3	4	4	6	18	0	104	19	6	4	8	5	1	0	1	9	3	3	4	6	13	5	8	19	5	6	6	3	1	1	4	2	2	5	4	11	19	15	8	4	0	2	4	0	0	1	0	0	2	1	2	1	3	1	3	1	4	3	5	6	22	33	2	4	1	1	4	5	0	2	0	0	0	2	3	3	1	0	6	10	3	1	1	4	3	2	2	5	6	10	22	14	5	4	4	11	8	9	2	4	2	2	2	1	4	15	5	1	1	3	2	3	5	8	15	12	22	4	8	8	3	4	3	1	2	1	4	1	0	1	2	4	2	4	3	3	13	4	9	18	4	12	2	6	1	0	0	0	2	2	2	3	5	0	1	1	0	1	0	2	3	0	0	0	2	0	0	2	0	0	1	1	1	0	2	3	3	2	3	2	0	2	1	2	1	1	2	3	0	3	3	6	2	2	9	7	0	3	1	1	0	1	0	3	0	0	0	1	1	0	2	0	0	0	1	1	0	0	0	0	0	0	1	1	1	0	0	1	1	1	1	3	1	1	1	1	0	0	1	0	0	1	0	3	0	1	0	0	0	0	0	0	2	1	0	0	1	1	0	0	1	2	2	1	3	1	1	1	2	1	2	1	0	1	0	1	0	0	0	0	0	0	1	0	0	0	0	0	0	0	0	0	0	0	0	1	0	0	0	0	0	1	0	0	1	0	0	1	1	1	0	1	0	0	0	2	0	0	1	1	0	0	0	0	0	0	0	0	0	0	0	0	0	0	1	0	0	0	0	0	1	3	2	1	0	0	0	0	0	0	0	0	0	0	1	1	0	0	1	0	0	0	0	0	0	2	0	0	1	0	0	0	2	0	0	0	0	0	0	1	0
0	0	0	0	0	0	0	0	2	1	0	3	3	1	2	2	5	4	3	1	1	3	2	2	2	1	3	1	0	1	1	1	2	2	0	2	3	0	0	0	1	1	0	0	1	2	3	0	0	0	0	4	2	2	0	2	0	1	5	2	5	9	3	3	1	1	6	2	8	4	2	0	4	1	0	1	0	2	0	0	1	2	1	2	1	0	0	2	4	2	1	2	0	1	0	1	1	1	2	0	1	1	0	0	2	2	1	6	0	5	7	17	15	104	0	33	17	7	9	0	4	0	3	3	6	4	2	13	8	8	12	17	2	5	3	2	1	2	1	1	3	5	5	21	43	28	24	7	4	3	3	1	1	1	1	0	0	0	3	0	3	2	1	0	5	5	3	7	24	18	1	3	2	1	1	2	2	1	1	3	3	2	0	3	0	0	1	6	0	1	1	1	0	0	1	1	3	11	7	10	4	4	3	3	3	1	2	9	4	0	1	2	2	7	6	5	1	5	5	2	6	11	7	11	16	8	12	9	5	0	1	3	5	2	0	5	2	1	2	4	4	3	3	3	7	5	3	15	4	5	2	1	1	2	0	4	4	1	4	1	3	0	0	2	1	2	3	1	2	1	1	0	1	1	0	2	1	1	0	0	2	0	3	1	3	1	3	0	0	0	0	0	2	2	1	0	2	0	0	3	9	5	10	4	4	1	1	2	0	0	1	0	0	0	0	1	0	0	0	0	1	0	1	2	0	0	0	0	1	0	0	0	1	1	0	2	0	0	1	0	0	2	0	0	0	0	0	0	2	0	0	0	0	2	0	1	1	1	0	3	3	1	0	1	1	0	1	0	0	1	1	0	0	0	1	1	1	0	1	0	0	0	0	0	0	0	0	1	0	1	0	0	0	0	0	0	1	0	1	0	0	1	0	1	0	0	1	0	0	0	0	0	0	0	0	0	0	0	0	0	1	1	1	1	0	0	2	0	0	0	0	1	0	0	0	0	1	1	0	0	1	0	0	0	0	0	2	1	1	1	0	0	0	0	0	0	0	0	1	1	1	0	0	0	1	0	1	2	0	0	0	0	0	0	0	0	0	1	0	0	0	0	1	0	0	0	2	1	0
0	0	0	0	0	0	0	3	1	2	3	2	3	4	1	5	8	4	1	0	1	2	5	10	4	4	2	0	3	3	3	0	0	1	2	1	1	0	1	1	2	0	2	3	1	1	2	1	2	1	1	2	1	0	0	0	2	6	6	7	11	6	7	5	4	2	7	3	5	5	2	3	4	0	2	0	1	1	0	1	0	3	0	0	0	1	4	1	3	8	6	5	2	4	1	3	0	0	0	2	1	3	4	0	0	2	2	3	10	10	25	64	17	19	33	0	68	26	10	7	2	2	1	6	4	8	6	6	17	12	13	11	4	3	2	4	1	5	5	1	1	6	10	12	14	23	26	6	6	5	3	3	1	1	1	1	0	1	2	4	2	7	1	1	3	7	5	9	20	9	3	1	2	3	0	4	1	0	1	0	1	3	1	2	2	1	2	11	5	4	2	1	3	2	4	3	2	8	7	4	3	3	3	2	3	4	3	3	3	0	2	2	2	5	4	12	3	4	5	11	12	8	4	2	3	4	6	5	4	5	3	1	2	0	1	2	0	1	0	3	0	0	0	2	3	1	1	2	3	6	2	3	1	1	2	1	2	3	1	1	1	0	1	0	1	0	3	0	0	2	0	1	1	1	1	0	0	1	1	4	3	1	1	2	2	3	1	0	0	2	2	1	1	2	0	0	1	0	1	2	1	1	1	3	3	1	0	2	0	0	2	0	0	0	0	0	0	0	1	0	0	1	1	1	1	1	1	0	1	0	1	1	0	0	0	1	1	1	0	0	0	0	0	1	2	1	0	0	0	1	1	0	2	0	2	0	0	0	1	0	1	1	2	1	1	0	0	0	0	0	0	1	0	0	1	2	0	0	1	0	1	2	0	1	0	0	0	0	0	0	0	0	0	0	0	0	0	0	1	0	0	1	1	0	0	0	0	0	0	0	0	0	0	2	1	1	2	1	2	1	0	0	0	0	1	0	1	0	0	0	1	0	0	0	0	0	0	0	0	0	0	1	0	0	0	0	0	0	1	4	1	0	0	0	0	0	0	0	0	2	0	0	0	0	1	2	0	0	0	0	1	0	0	0	1	1	0	0	1	0	1	0	0	1	0	0	0	0	3
0	0	0	0	0	0	0	0	2	4	3	4	7	5	5	6	4	4	4	1	2	4	4	15	9	3	2	4	6	3	1	1	3	4	3	0	2	1	1	2	2	3	1	0	2	3	1	3	3	3	3	1	3	2	3	2	6	3	3	3	2	5	7	2	5	2	7	0	10	5	3	3	4	1	0	0	1	1	1	1	0	1	2	1	0	1	3	3	4	6	3	4	1	1	1	3	0	1	2	0	3	1	0	0	1	1	0	3	10	14	15	18	13	6	17	68	0	79	16	1	4	4	2	9	2	3	7	2	20	24	15	9	3	6	2	3	2	2	11	7	1	13	10	12	15	23	9	5	1	1	2	2	3	0	1	2	0	2	0	3	1	3	1	1	2	4	2	5	8	3	3	2	4	2	3	1	4	0	0	0	0	0	0	1	0	1	5	4	3	1	1	0	2	0	1	1	5	3	2	7	3	3	2	3	6	4	2	1	3	1	0	2	1	5	12	10	11	3	9	6	9	7	3	2	6	3	6	4	1	4	3	1	2	3	3	4	2	1	2	1	2	2	0	2	1	1	2	1	2	0	1	2	2	0	0	6	1	1	1	0	2	1	0	0	0	0	1	2	0	0	0	0	1	0	0	1	1	2	1	1	0	0	1	1	1	4	2	2	1	1	0	1	1	0	1	1	1	5	0	0	1	3	1	4	2	1	1	0	2	0	0	0	0	0	0	1	0	0	0	0	0	2	1	1	1	0	0	1	0	0	0	0	0	0	0	1	0	0	0	1	0	1	2	0	0	0	0	0	0	1	0	0	0	1	1	0	0	1	1	2	0	0	1	0	2	0	0	0	0	0	0	0	1	1	0	0	1	0	1	0	0	0	0	0	1	0	1	0	0	2	1	0	0	0	0	0	0	0	0	0	0	0	0	0	1	0	0	0	1	1	0	0	0	1	2	0	0	1	1	0	0	0	3	0	0	0	0	0	0	0	0	0	0	1	1	0	0	0	0	0	0	0	0	1	0	0	0	1	0	2	0	1	1	0	0	0	0	0	0	0	0	2	1	0	0	0	1	0	0	0	1	0	0	1	0	0	0	0	0	0	1	0	1	0	0	0	1	0	0
0	0	0	0	0	0	0	3	1	0	9	5	12	6	3	6	17	7	10	2	3	3	5	25	15	3	1	3	5	2	2	2	2	2	2	3	2	1	1	0	1	1	5	1	2	4	8	1	4	1	3	3	1	4	2	2	3	1	9	14	10	5	5	0	3	2	6	2	6	10	1	5	5	1	1	3	1	4	2	0	2	1	0	0	1	3	2	2	7	4	2	1	1	2	1	0	1	0	3	1	2	4	3	0	0	3	3	6	7	12	10	16	9	4	7	26	79	0	16	8	3	2	1	14	3	7	3	10	21	30	11	5	2	5	3	4	1	3	4	4	5	5	8	12	5	4	5	6	4	3	4	2	0	2	0	1	0	1	0	4	3	2	3	1	3	5	2	3	4	5	2	0	1	0	1	1	1	0	2	1	2	0	4	1	2	0	2	4	0	2	0	0	4	4	3	1	7	7	2	2	3	0	1	1	4	4	1	2	2	1	1	1	3	3	10	6	12	8	10	7	4	7	1	1	4	3	2	4	1	2	2	2	3	4	0	0	1	0	1	0	2	3	1	1	2	0	2	4	0	0	0	2	1	0	0	2	2	1	1	0	0	0	0	1	0	1	0	0	0	0	2	0	1	0	1	0	0	1	0	1	1	0	2	1	1	1	0	0	1	0	1	0	2	0	0	0	0	2	1	2	1	3	1	3	0	0	0	0	0	1	0	0	1	1	1	0	0	1	1	0	1	0	0	0	0	0	0	0	1	0	0	1	0	1	0	0	1	1	2	0	0	2	0	0	0	1	0	2	0	1	0	0	1	0	0	0	0	0	0	1	0	0	0	0	1	1	0	0	0	0	0	1	2	2	0	0	0	0	0	1	0	0	1	1	1	0	0	0	0	1	0	0	0	2	0	0	0	0	0	0	0	0	0	0	0	0	0	0	0	0	1	0	0	0	0	1	0	0	0	2	1	0	1	0	0	0	0	0	0	1	0	0	0	0	0	0	0	0	0	0	0	0	0	1	1	0	0	0	0	2	0	1	0	0	0	0	0	1	0	0	0	0	0	0	2	0	1	0	0	1	0	0	0	0	0	0	0	0	0	0	0	0	0	0	0	0	0	0	0
0	0	0	0	0	0	0	2	0	7	5	5	10	10	7	12	36	5	6	2	0	1	3	9	8	0	2	0	3	3	2	2	4	4	2	3	3	3	0	2	2	0	2	4	3	3	3	4	1	1	0	0	3	2	3	3	2	3	6	7	7	10	6	3	3	5	4	0	2	7	6	7	8	2	7	2	0	4	3	0	5	0	1	2	0	2	1	3	2	0	2	2	3	1	1	0	1	0	3	1	3	1	0	0	0	0	2	2	3	2	5	3	2	8	9	10	16	16	0	20	8	3	4	88	12	8	6	26	106	83	37	3	2	6	3	0	1	4	2	2	5	8	9	8	5	6	2	1	0	1	1	0	1	2	2	1	1	2	1	3	5	4	0	0	2	4	4	5	13	8	1	1	4	2	2	1	0	0	2	3	1	0	0	0	2	0	1	1	0	2	0	6	0	3	4	4	7	13	2	3	5	1	1	2	5	1	1	1	1	1	1	0	1	3	2	4	5	3	1	2	5	3	3	2	2	1	2	1	3	1	1	1	1	0	1	1	0	2	0	1	0	2	3	2	3	3	2	4	6	1	1	0	1	0	1	1	1	3	1	1	1	0	0	0	1	0	0	0	0	0	2	0	0	0	1	0	0	2	1	1	1	1	0	0	1	0	0	1	0	0	0	1	0	2	2	1	1	1	0	2	1	0	4	2	1	0	0	0	1	1	0	0	1	1	0	0	0	0	0	0	0	0	1	0	1	0	0	0	0	2	0	0	1	0	1	0	0	0	2	0	0	0	2	0	1	1	1	1	0	0	0	0	2	0	1	1	3	0	0	0	0	0	0	1	1	0	0	0	1	0	0	1	2	0	0	0	0	1	0	0	0	1	0	0	0	0	0	0	0	0	0	0	0	0	1	0	0	0	0	0	0	0	0	0	0	0	0	0	1	0	1	0	2	0	0	0	0	0	0	0	1	1	0	0	0	0	1	0	0	0	0	0	0	0	1	0	0	1	1	0	1	0	0	0	0	1	0	0	1	1	0	0	0	2	0	0	0	1	1	0	0	0	0	0	0	0	0	0	0	0	0	0	0	0	0	0	0	0	0	0	0	0	0	0	0	0	0	0	0
0	0	0	0	0	0	0	1	8	10	4	3	5	5	11	19	17	5	2	0	1	0	1	5	4	3	1	1	0	2	1	3	1	2	1	3	1	1	2	1	2	2	3	1	2	1	4	2	2	1	1	3	5	4	1	1	2	3	1	2	8	3	9	3	6	1	1	1	1	4	8	11	21	9	10	5	1	4	3	2	0	3	2	1	0	1	0	1	3	0	0	2	3	0	1	2	1	0	0	1	1	0	1	0	0	1	1	1	3	1	1	1	5	5	0	7	1	8	20	0	29	8	7	19	9	7	6	15	16	5	8	8	3	3	1	2	1	4	4	1	0	5	4	6	2	1	0	3	0	1	1	1	0	0	1	1	2	4	2	6	1	0	3	0	1	5	6	2	4	3	2	4	3	5	2	1	1	0	2	0	0	0	2	0	0	1	1	3	2	3	2	2	2	1	2	3	17	18	4	1	3	4	3	1	5	2	2	2	1	1	0	2	0	1	1	1	3	1	4	0	2	2	2	1	4	1	2	1	0	1	1	1	1	2	0	0	0	0	1	1	4	1	2	2	4	0	1	1	3	4	2	1	1	0	0	3	2	2	1	2	1	0	0	0	1	1	0	3	0	0	1	2	0	1	0	0	0	1	0	0	1	1	0	0	1	0	1	0	0	1	1	0	1	1	0	1	2	1	0	0	0	2	0	1	0	1	0	1	0	1	1	0	1	0	0	1	0	0	0	1	0	0	1	0	0	0	0	0	1	0	1	0	0	0	1	0	0	0	0	0	0	1	1	1	0	0	1	0	0	2	1	0	1	0	0	1	0	1	1	0	0	0	0	0	0	0	0	1	0	0	0	0	0	2	0	0	0	0	1	0	0	0	0	0	0	1	0	1	0	0	0	0	0	0	0	0	0	1	0	0	0	0	0	0	0	0	1	0	0	1	0	0	0	0	0	0	0	1	2	0	0	1	0	0	0	0	0	0	0	0	0	0	0	0	0	1	0	0	1	1	0	0	0	0	0	0	0	2	1	0	1	1	0	0	0	0	0	0	0	0	0	1	0	0	0	0	1	0	0	0	0	0	0	0	0	1	0	0	0	1	0	0	0	0	0	0	0	0	0
0	0	0	0	0	0	0	3	7	20	6	6	3	16	20	25	13	9	5	2	1	2	3	1	7	4	3	2	4	4	4	1	2	3	5	4	3	0	2	3	1	5	1	3	4	5	11	4	1	4	4	3	4	4	2	3	0	1	2	4	1	3	6	7	0	4	3	1	2	8	10	33	8	4	9	7	2	1	5	1	3	2	2	0	2	2	4	2	3	0	0	2	0	0	1	1	0	0	2	2	2	0	1	1	1	0	2	0	0	3	1	0	1	1	4	2	4	3	8	29	0	32	16	22	9	5	7	9	10	12	4	1	1	2	1	1	0	2	5	4	1	4	1	2	0	1	0	0	3	1	2	1	3	3	3	2	1	5	0	4	2	2	2	2	2	2	2	2	3	1	0	4	4	0	0	2	2	2	2	1	0	0	0	1	0	0	0	2	1	0	0	0	1	1	1	4	3	5	3	0	2	1	1	2	1	1	1	2	0	1	1	0	0	1	0	3	3	5	1	3	0	2	2	2	2	1	0	2	0	0	0	0	0	0	1	1	0	1	1	0	0	2	0	2	0	1	1	1	2	1	1	1	1	0	0	3	1	0	0	0	0	0	0	0	0	1	0	0	1	0	0	0	1	1	0	2	1	0	1	1	2	0	0	0	0	0	0	2	0	0	0	1	1	0	0	1	0	0	1	1	0	1	0	0	1	0	1	1	0	0	0	0	0	0	0	1	0	0	0	0	0	0	0	0	0	0	0	0	0	0	0	1	0	0	0	0	0	0	1	0	1	1	0	1	0	0	0	0	0	0	0	0	1	1	0	0	0	1	2	0	1	0	0	0	1	0	0	0	0	0	0	2	1	0	1	0	0	1	0	0	0	0	1	0	0	0	0	1	0	0	0	1	0	0	0	0	0	0	0	0	0	0	0	0	0	0	0	1	1	0	3	0	0	0	0	0	0	0	0	0	0	1	0	0	0	0	0	0	0	0	1	0	0	0	0	0	0	0	0	0	0	0	0	0	0	0	0	0	0	0	0	0	0	0	0	1	0	1	0	0	1	0	0	0	0	0	0	0	0	0	1	0	0	0	0	0	0	0	0	0	0	0	0	0	0	0	0	0	0
0	0	0	0	0	0	0	2	5	12	4	7	6	26	48	11	5	14	7	3	0	1	3	4	2	3	2	2	4	2	6	1	1	4	7	5	4	4	3	2	5	2	3	1	1	11	26	5	8	5	11	6	4	3	2	0	7	1	2	3	4	3	9	4	2	1	2	4	1	3	8	8	3	3	4	5	4	2	2	1	3	1	0	3	2	0	4	3	2	0	1	0	0	0	1	0	0	0	1	0	1	1	1	0	1	1	2	2	0	0	1	5	3	0	0	2	4	2	3	8	32	0	30	5	5	6	1	2	6	3	2	1	2	1	1	2	0	1	4	3	2	4	2	2	1	4	0	1	2	0	1	1	3	3	2	4	1	1	2	2	1	0	0	0	2	4	4	1	2	1	2	2	3	0	0	1	1	0	0	1	0	0	0	1	0	0	0	1	0	1	2	2	4	4	4	2	4	3	1	0	1	0	3	1	0	0	0	1	1	0	1	2	0	1	3	4	0	3	1	1	1	1	0	2	1	1	0	0	1	2	0	0	2	0	1	2	1	1	0	0	1	0	2	1	1	1	2	3	1	0	0	0	0	2	0	0	2	2	0	0	0	0	1	0	1	0	1	0	0	0	0	1	1	0	1	0	0	0	1	0	1	0	0	0	0	2	1	0	0	0	0	0	0	0	0	0	1	0	2	0	0	1	1	1	0	0	0	0	0	1	0	0	1	0	0	0	0	0	0	0	0	0	0	0	0	1	1	0	0	0	1	0	0	0	0	0	0	0	0	0	1	0	0	0	0	1	0	0	0	1	0	0	1	0	0	0	0	0	0	0	0	0	1	1	1	0	0	0	0	1	0	1	0	0	0	0	0	0	0	0	1	0	0	0	0	1	0	1	0	0	0	0	0	0	0	0	0	0	0	0	1	1	0	0	0	0	2	0	0	0	0	1	0	1	0	0	0	1	0	0	0	0	0	0	0	1	0	0	0	0	0	0	1	0	0	0	0	0	1	1	0	1	0	1	1	0	0	0	1	0	0	0	0	1	0	0	0	0	0	1	0	0	0	0	0	0	0	0	0	0	0	0	0	0	0	1	0	0	0	0	1	0	0	0	0	0	0	0	0
0	0	0	0	0	0	0	1	4	6	0	3	1	9	7	7	10	10	3	0	0	1	0	4	0	2	2	1	1	1	2	2	2	2	4	5	4	4	9	5	4	5	3	0	1	8	12	1	4	3	9	5	11	13	3	12	3	9	6	10	7	2	7	3	4	1	5	2	2	9	11	34	7	8	23	20	6	14	8	4	7	4	3	2	2	1	3	1	1	1	1	1	0	0	1	2	1	1	0	2	1	0	0	1	0	3	3	4	1	1	0	0	0	1	3	1	2	1	4	7	16	30	0	1	1	2	3	0	1	7	2	1	1	2	1	1	0	0	0	0	4	2	4	1	0	2	2	2	1	1	2	2	1	3	4	1	2	6	2	4	2	2	2	4	0	2	2	2	2	3	1	2	3	0	2	0	1	1	0	0	0	0	1	1	0	0	0	0	2	2	2	2	4	5	4	2	7	4	1	1	3	4	1	2	2	1	0	2	1	0	2	1	1	1	1	1	3	3	3	1	0	0	0	0	2	0	0	0	1	1	0	0	0	0	2	0	0	0	1	2	1	2	0	0	0	2	1	1	1	1	0	2	1	0	0	2	1	1	1	2	1	0	0	0	1	0	0	0	0	1	0	0	0	0	1	0	0	0	0	0	1	0	0	0	0	0	0	0	0	1	0	0	0	1	0	1	0	0	1	1	1	0	0	1	2	0	0	0	1	0	0	0	1	1	0	1	0	0	0	0	0	0	1	0	0	0	0	0	0	0	0	1	0	0	0	0	1	0	0	0	0	0	0	1	0	0	1	0	0	0	0	1	2	0	0	1	0	0	0	0	1	0	0	0	1	0	0	0	1	0	0	0	0	0	0	0	2	0	1	0	1	0	0	0	0	0	0	0	0	1	0	0	0	1	0	0	0	1	0	0	0	0	0	0	0	0	0	0	1	0	1	0	0	0	0	0	0	0	0	0	0	0	0	0	0	0	0	1	0	0	0	0	1	0	0	1	0	0	0	0	0	0	0	0	1	0	0	2	1	0	0	0	1	0	0	0	0	0	0	0	0	0	0	0	0	0	0	0	0	0	0	0	1	0	0	1	0	0	0	0	0	0	0	0	0	0	0	1	0
0	0	0	0	0	0	0	5	3	7	7	10	14	17	5	39	120	10	5	2	3	5	1	14	6	1	5	2	0	4	2	5	6	2	1	1	4	3	2	3	2	4	1	0	1	3	2	8	2	4	1	2	3	5	1	1	5	6	3	5	5	9	6	5	2	4	1	1	6	10	4	12	5	6	0	2	0	2	1	2	2	1	2	3	3	1	2	2	5	0	2	2	1	2	2	2	0	1	3	1	4	2	0	1	1	0	0	0	0	4	1	3	2	9	3	6	9	14	88	19	22	5	1	0	20	12	8	17	23	47	18	6	2	5	5	0	1	3	5	9	8	6	6	8	2	4	3	1	3	2	1	1	0	3	2	1	1	0	0	9	3	2	0	1	1	4	4	2	9	7	2	3	4	2	0	2	0	0	3	1	2	0	0	1	0	0	0	2	1	0	0	2	1	1	1	3	7	9	4	0	3	1	2	4	3	5	1	0	1	2	1	0	1	2	4	4	5	6	5	1	0	2	3	2	0	1	1	3	1	1	0	1	1	1	1	1	0	0	1	2	0	0	1	2	1	0	2	2	3	1	1	0	1	0	2	2	1	1	1	0	0	0	0	0	0	1	1	0	0	2	1	0	2	1	0	1	1	2	0	2	0	0	1	0	0	2	0	1	2	1	1	0	1	0	2	1	0	1	0	0	1	1	0	1	1	0	0	0	1	1	0	0	0	0	1	0	0	0	0	0	0	0	1	0	0	1	1	0	0	0	1	0	0	0	1	0	1	0	1	1	0	3	1	0	2	1	1	0	0	0	0	0	1	0	0	0	0	0	0	0	0	0	0	0	0	0	0	0	0	0	1	0	0	0	0	0	1	0	1	1	0	0	0	0	0	0	0	0	0	1	0	0	1	0	0	0	0	0	0	0	0	0	0	0	0	0	0	0	0	0	0	0	0	0	0	0	1	2	1	0	0	0	0	0	1	0	0	0	0	0	0	0	0	1	0	1	1	0	0	1	0	0	0	0	0	0	0	0	0	0	0	0	0	0	0	0	1	0	0	0	1	0	0	0	0	0	0	0	0	0	0	0	0	0	0	0	0	0	0	0	0	0	0	0	0	0	0	0	0
0	0	0	0	0	0	0	8	9	11	14	18	9	8	8	25	7	3	4	0	0	0	2	4	4	2	0	2	1	1	12	2	2	3	1	2	1	0	2	1	0	2	0	2	2	2	5	1	1	3	6	2	1	4	1	1	0	1	4	4	4	3	4	2	0	0	0	3	1	5	1	8	2	5	2	0	0	2	1	2	1	1	3	1	0	2	0	2	0	0	1	2	0	1	0	0	1	0	0	2	1	0	0	0	1	0	0	2	3	2	1	4	2	3	6	4	2	3	12	9	9	5	1	20	0	25	42	20	5	14	21	6	2	6	8	2	8	5	14	6	14	23	19	9	4	6	2	1	0	3	1	0	1	0	3	2	0	2	1	2	0	4	3	1	2	2	1	4	6	4	2	3	2	0	1	2	1	2	1	0	1	1	0	1	1	0	3	0	1	0	0	3	0	0	1	2	5	5	1	1	0	2	1	1	3	2	0	0	1	0	0	0	2	1	1	6	9	2	1	0	1	2	2	1	4	2	0	1	1	2	0	4	1	0	2	0	1	0	0	1	3	0	1	2	3	3	4	2	3	2	0	0	0	0	0	0	1	1	0	1	0	1	0	0	1	1	0	1	0	0	0	0	0	1	1	2	0	2	0	0	0	3	0	0	0	0	0	1	0	0	0	0	0	0	1	0	1	1	0	0	1	2	1	2	0	3	1	0	0	0	0	0	0	1	0	1	0	0	1	0	0	0	0	0	0	0	0	0	0	0	0	0	0	0	1	0	0	0	1	0	0	1	1	1	0	0	2	0	0	0	0	1	0	0	0	0	0	0	0	0	1	0	0	0	0	0	0	0	0	0	0	2	2	0	0	0	0	0	0	1	2	1	0	0	0	0	0	1	2	0	0	0	0	0	0	0	0	0	0	1	0	1	0	0	0	1	0	0	0	2	1	0	0	0	1	0	0	0	0	0	1	1	1	0	0	0	0	0	0	2	0	0	0	0	0	0	0	0	1	0	0	0	0	0	0	0	0	1	0	1	0	0	0	0	1	2	0	0	0	0	0	1	0	0	0	0	0	0	1	0	0	0	0	0	0	0	0	0	0	0	0	0	0	0	0	0	0	1	0
0	0	0	0	0	0	0	6	11	12	24	16	6	14	7	13	6	4	11	1	0	6	1	5	8	5	2	3	6	4	11	3	11	6	1	0	1	2	1	4	1	1	2	2	3	4	3	1	0	1	0	2	2	4	0	0	2	0	2	3	1	2	0	3	1	1	1	1	3	2	4	3	0	0	0	2	1	2	4	1	0	0	0	3	0	0	0	1	0	1	1	0	2	0	2	1	0	1	1	0	0	2	0	0	0	0	2	0	2	1	2	0	5	3	4	8	3	7	8	7	5	6	2	12	25	0	22	7	3	6	6	6	2	5	5	6	5	12	18	13	30	9	25	8	5	4	0	2	2	1	1	0	1	0	1	1	0	1	0	1	0	1	1	2	0	0	1	1	0	2	1	0	2	1	1	1	0	0	1	0	1	2	1	0	1	1	1	1	1	1	1	0	0	2	1	2	2	1	0	0	1	0	1	4	1	1	1	0	1	1	1	2	0	1	3	7	7	4	3	1	1	3	1	2	0	2	0	0	1	0	0	0	1	0	2	1	0	0	1	0	3	1	0	2	2	1	3	2	4	4	2	1	0	1	0	0	1	0	0	0	1	1	0	0	1	0	0	0	0	0	0	0	0	0	0	0	1	0	0	1	1	1	0	0	2	1	1	0	1	2	1	0	0	0	0	0	0	1	1	0	1	2	0	3	1	0	0	0	0	1	0	0	0	0	0	1	0	0	0	0	0	1	0	0	0	1	0	1	0	0	0	0	1	1	0	0	0	0	0	0	0	0	1	0	0	0	1	0	0	0	0	0	2	1	1	0	0	0	0	0	0	1	1	0	1	0	0	0	0	1	0	1	0	0	0	0	0	0	1	0	0	0	1	0	1	0	0	0	0	0	0	1	1	0	1	0	0	0	0	0	0	0	0	1	1	0	1	0	0	0	1	2	0	1	0	0	0	0	1	0	0	0	0	0	0	0	0	0	0	1	0	0	0	0	0	0	1	0	0	0	0	0	1	0	0	0	0	1	0	0	0	0	1	1	0	0	0	0	0	0	0	0	0	0	0	0	0	0	0	0	1	0	0	0	0	0	0	0	0	0	0	0	0	0	0	0	1	0	0
0	0	0	0	0	0	0	2	6	15	9	4	3	4	2	8	6	4	3	2	2	0	2	1	3	3	2	0	2	2	2	4	2	2	2	1	0	0	2	0	5	1	1	3	2	4	4	0	1	1	0	2	1	3	2	2	3	2	5	2	3	7	5	1	1	0	0	2	0	2	3	3	3	4	3	2	0	1	0	0	1	0	0	0	0	0	1	0	1	2	0	1	1	0	0	0	0	0	0	0	0	0	1	0	0	1	0	0	1	1	3	1	4	4	2	6	7	3	6	6	7	1	3	8	42	22	0	30	17	9	17	14	6	8	6	7	5	10	12	4	4	15	25	13	4	2	2	0	6	2	0	0	0	0	0	2	0	1	0	3	2	2	1	0	1	3	0	2	2	6	1	3	1	0	3	1	2	0	0	0	0	1	0	2	1	0	1	0	0	0	0	2	2	1	1	3	1	6	3	2	2	1	1	3	0	1	0	1	1	0	1	0	1	1	1	6	0	1	1	0	3	1	1	0	3	1	0	2	2	1	0	0	2	1	1	0	1	2	0	2	0	2	2	4	1	2	5	0	0	1	0	1	0	2	2	0	1	1	1	2	0	1	0	1	0	0	1	1	0	1	1	0	1	2	1	0	0	0	2	0	1	0	0	2	1	0	3	1	0	1	1	1	0	0	0	1	1	0	0	0	5	2	2	1	2	1	2	1	1	0	2	0	0	1	0	1	0	0	0	0	1	0	0	0	0	0	0	0	0	0	0	1	1	0	1	0	0	2	1	2	0	0	0	1	0	0	1	0	0	0	0	1	2	0	0	0	1	0	1	2	0	0	0	0	0	0	1	0	1	0	1	1	1	0	1	0	0	0	1	1	1	0	0	0	0	0	0	0	0	0	0	0	1	0	0	0	0	0	1	0	0	0	0	0	0	0	0	0	0	0	0	0	0	2	0	0	0	0	0	0	2	0	0	0	0	0	0	1	1	0	0	0	1	0	1	0	0	0	0	0	0	0	1	0	0	1	0	1	2	0	1	1	1	0	0	1	0	0	1	0	0	0	0	0	2	2	0	1	0	0	0	0	0	0	0	0	0	0	0	0	0	0	0	0	0	0	0	0	0
0	0	0	0	0	0	0	7	4	5	2	3	5	3	4	3	12	2	3	1	2	0	1	4	1	3	0	1	1	4	3	1	2	1	1	0	2	1	2	1	0	1	0	3	3	3	3	0	2	2	2	0	1	2	1	5	3	2	2	2	2	1	2	3	1	2	6	2	3	0	2	5	3	2	5	3	2	2	3	1	2	1	1	1	0	2	0	3	0	0	0	1	0	0	1	1	0	1	0	1	0	0	0	0	0	1	0	1	2	1	0	4	0	6	13	6	2	10	26	15	9	2	0	17	20	7	30	0	21	23	117	24	4	8	8	6	8	6	4	3	7	27	13	28	6	7	6	3	2	0	1	2	0	1	0	1	1	0	0	2	1	1	3	1	0	2	1	2	6	9	4	1	1	0	1	2	3	1	0	1	1	0	2	0	1	0	0	0	0	1	1	1	0	1	2	3	5	11	1	4	2	0	1	2	4	3	1	1	1	0	0	2	1	1	5	2	4	3	0	4	0	0	1	1	0	0	2	3	1	3	2	1	2	0	2	1	2	0	1	0	0	1	1	1	2	1	5	6	9	7	2	2	1	0	0	2	1	1	2	1	0	1	1	0	0	0	0	0	0	1	0	0	0	1	1	0	1	1	0	1	0	0	0	0	0	3	0	0	1	1	0	1	1	1	0	1	0	0	1	1	3	0	0	3	2	4	0	1	0	0	0	0	0	0	2	0	1	1	0	0	0	0	0	0	0	0	0	0	0	0	0	0	0	0	1	0	0	1	0	0	1	1	0	1	3	1	1	0	0	0	0	0	0	0	2	0	0	3	0	1	1	2	0	0	1	1	0	1	1	0	2	0	1	0	1	0	1	0	1	0	1	0	0	0	0	0	1	0	0	1	0	0	0	0	0	0	1	0	1	0	1	0	0	0	1	0	1	1	0	0	1	0	0	0	1	0	0	1	0	0	0	0	1	0	1	0	0	1	0	0	0	0	0	0	2	0	0	0	0	1	0	1	0	0	0	0	0	2	2	0	1	0	0	0	1	0	0	0	0	0	0	0	0	1	0	0	1	0	0	0	0	0	2	0	0	0	0	0	0	0	0	0	0	0	0	0	0	0	0
0	0	0	0	0	0	0	2	7	3	1	3	6	4	1	6	15	11	6	1	0	0	5	13	6	3	2	0	2	3	2	1	3	0	2	3	3	2	1	2	2	2	2	2	4	6	9	0	0	0	1	2	2	3	2	3	7	3	1	5	12	10	14	6	3	2	1	3	4	9	5	2	6	4	2	2	3	1	3	1	3	2	1	3	2	2	0	4	7	0	4	2	2	1	1	0	0	1	1	2	4	1	2	1	0	1	0	1	2	3	8	12	5	13	8	17	20	21	106	16	10	6	1	23	5	3	17	21	0	60	52	12	2	4	4	6	2	8	3	4	1	10	10	15	4	9	4	5	2	1	0	4	3	2	0	0	1	0	0	3	2	3	0	1	2	4	2	7	8	10	2	4	6	2	3	2	2	2	2	0	0	0	1	1	2	1	0	3	1	1	2	2	1	1	0	2	9	18	5	5	0	1	3	7	2	4	3	2	2	1	1	0	1	3	6	8	4	2	3	4	5	1	3	1	2	2	4	3	0	1	1	2	5	1	2	2	3	0	2	1	2	1	1	4	0	3	5	1	2	2	3	1	1	1	1	3	3	1	1	1	0	0	1	0	1	0	2	1	0	0	0	0	1	1	0	1	2	2	3	1	1	1	0	1	1	1	1	1	1	0	0	0	1	1	1	0	1	2	1	0	2	2	1	2	2	0	0	0	1	1	0	0	0	0	0	0	0	1	0	1	0	0	0	0	0	1	0	1	0	0	0	1	0	0	0	1	0	0	0	0	0	0	1	2	1	1	0	1	0	0	0	0	0	1	0	0	0	2	2	1	1	0	0	0	0	0	0	0	0	0	0	0	0	0	0	1	0	1	0	0	2	1	0	0	0	0	2	0	0	0	0	0	0	0	0	0	0	0	1	0	0	0	2	0	1	0	0	1	0	0	2	0	1	1	0	0	0	0	0	0	2	0	0	0	0	0	0	0	0	1	0	0	0	1	0	0	1	1	1	0	0	0	0	0	0	0	1	0	0	0	1	0	0	0	0	0	0	0	0	0	0	0	0	1	0	0	1	0	2	0	0	1	0	0	0	0	0	0	0	0	0	0	0	0	0	0	1	0	0
0	0	0	0	0	0	0	0	2	5	2	5	14	9	9	15	31	7	5	0	1	3	1	19	19	3	0	0	4	1	2	3	2	2	5	2	1	3	0	1	2	2	1	1	2	6	2	2	2	3	1	2	2	3	0	4	5	7	3	4	11	7	4	5	3	3	2	4	1	9	2	3	5	4	3	2	2	4	2	2	1	3	0	0	1	1	1	3	7	1	2	3	0	0	2	1	1	2	0	3	2	3	0	0	0	2	3	4	3	2	1	7	1	5	8	12	24	30	83	5	12	3	7	47	14	6	9	23	60	0	34	11	6	8	5	3	3	7	9	6	9	15	17	9	5	11	5	2	3	1	3	3	2	1	1	1	0	0	1	4	3	3	3	1	2	2	4	2	7	4	1	0	4	1	1	0	0	0	1	0	2	3	2	2	1	1	2	2	1	1	1	1	3	2	1	0	5	6	4	3	0	1	1	2	2	4	0	1	0	1	1	1	1	1	4	7	5	6	10	6	4	2	2	2	2	6	2	3	2	5	0	0	2	2	1	2	0	1	1	2	1	1	3	0	1	3	3	5	1	1	0	1	1	1	1	1	2	2	3	1	1	0	1	0	0	0	1	1	1	0	0	0	1	0	1	0	0	0	3	0	0	0	1	0	0	0	0	3	0	2	0	0	0	0	1	2	1	1	0	2	0	4	3	1	0	1	0	0	0	0	1	0	0	0	0	0	0	0	0	0	0	0	0	1	1	0	0	1	0	0	0	0	0	1	0	0	0	0	1	0	2	0	1	0	1	0	0	0	1	0	0	1	1	0	0	1	0	0	0	1	1	0	2	1	0	0	0	0	2	0	0	0	4	2	0	0	1	1	1	0	0	0	0	1	0	0	0	0	0	0	0	0	0	0	0	0	0	0	0	0	0	0	1	0	1	0	0	0	0	0	0	1	0	0	0	0	2	0	0	0	1	0	0	0	1	0	0	0	0	0	1	0	0	0	0	0	0	0	0	0	0	0	0	0	0	0	0	0	0	2	3	1	0	0	0	1	0	0	0	0	0	0	0	0	0	0	0	0	1	0	0	0	0	1	0	0	0	0	0	0	0	0	0	0	0	0	0	0	0
0	0	0	0	0	0	0	1	0	4	2	2	12	9	3	12	11	8	4	1	0	2	3	8	5	2	2	4	3	1	2	3	3	1	2	1	2	2	1	1	3	1	2	1	1	0	1	3	0	2	4	1	1	2	1	1	3	2	1	6	8	7	8	5	4	4	4	3	2	3	3	4	0	3	3	1	0	1	1	1	4	0	5	3	1	0	3	1	4	1	1	2	1	2	3	1	0	2	1	2	0	1	0	1	2	4	1	1	1	5	4	7	5	8	12	13	15	11	37	8	4	2	2	18	21	6	17	117	52	34	0	19	1	11	9	5	4	5	7	3	9	35	13	52	11	10	6	2	0	2	2	2	0	1	0	1	1	2	1	9	0	1	2	1	0	1	3	3	8	11	1	0	2	0	3	3	0	1	2	0	1	1	0	0	0	0	0	4	3	2	1	0	0	1	2	3	4	8	3	5	3	2	2	3	4	2	1	1	2	1	0	1	0	3	12	7	0	4	3	1	1	2	5	2	2	3	1	8	3	0	1	0	2	2	2	1	3	0	0	0	2	2	0	2	2	6	1	7	7	1	0	3	0	0	2	0	0	2	0	1	2	1	1	2	0	4	2	0	2	0	1	0	0	0	0	0	0	1	0	4	1	1	1	3	0	0	2	0	0	0	2	1	0	4	4	1	1	2	2	2	1	2	1	6	3	1	3	0	2	0	0	1	0	0	0	0	1	0	1	0	0	1	0	0	0	0	0	0	0	0	1	1	0	0	0	1	0	0	4	0	0	1	1	0	1	1	0	1	0	0	0	1	0	0	1	0	0	0	2	0	2	0	0	1	0	1	0	0	1	2	1	0	1	0	0	1	0	0	2	0	0	0	0	0	0	1	0	0	1	0	0	0	0	0	0	0	0	0	0	0	1	0	0	0	0	0	0	1	0	1	0	0	0	0	0	1	1	0	1	0	0	1	0	0	0	0	0	1	0	1	1	0	0	0	0	0	0	0	0	0	0	0	0	0	0	0	0	1	0	0	1	0	0	2	0	1	1	0	0	0	0	0	1	0	0	0	1	0	0	0	0	0	0	1	0	0	0	1	0	0	0	0	0	0	0	0	0	0	0
0	0	0	0	0	0	0	1	2	3	1	3	3	4	3	1	2	0	2	2	0	3	3	2	7	1	2	0	0	2	2	2	4	4	3	0	0	0	0	0	0	0	1	0	1	5	0	2	2	1	3	1	0	3	1	0	1	0	0	2	3	5	1	2	5	1	1	1	4	4	2	2	0	3	0	0	1	1	2	1	0	3	0	0	1	0	0	2	2	1	1	1	2	1	0	0	1	2	1	0	1	3	0	0	1	1	0	2	3	1	4	6	7	19	17	11	9	5	3	8	1	1	1	6	6	6	14	24	12	11	19	0	39	24	7	11	2	3	7	2	5	16	9	116	20	25	10	6	3	2	0	2	0	1	0	0	0	0	0	1	0	3	1	0	1	1	4	6	16	5	1	0	1	1	2	0	0	1	1	2	2	1	2	0	2	1	2	2	2	1	0	0	0	0	1	2	3	9	4	2	2	0	4	2	10	2	3	4	1	0	0	2	2	5	11	10	3	2	1	3	1	2	3	3	4	3	0	3	0	1	0	0	1	0	4	2	2	0	3	1	5	3	1	5	7	13	17	21	5	5	2	1	0	2	0	3	2	1	2	1	1	0	0	0	2	0	1	1	1	1	0	0	1	0	0	1	1	3	1	0	0	0	2	2	1	1	1	1	1	0	1	2	0	2	2	2	0	1	1	4	4	2	6	4	2	2	0	1	1	0	0	0	0	1	1	0	0	1	0	0	0	0	1	0	0	0	0	0	3	1	1	0	1	2	1	1	1	1	2	1	0	2	2	0	0	0	0	0	1	0	1	0	1	1	0	1	1	2	1	1	0	1	1	1	0	0	0	0	1	0	1	0	0	1	1	2	0	0	0	0	0	1	0	0	0	1	1	0	0	0	0	0	0	0	0	0	0	0	0	0	0	0	1	0	0	0	0	0	1	1	1	0	0	1	0	0	1	0	0	0	0	1	1	2	1	0	1	1	1	1	0	1	0	0	0	0	0	0	0	0	0	0	1	0	0	0	1	0	2	2	2	0	1	0	0	0	1	0	1	0	0	0	0	0	0	1	0	0	0	0	0	2	1	0	0	0	0	0	0	0	0	0	2	0	0	0	0	0	0
0	0	0	0	0	0	0	1	0	1	0	2	0	2	1	2	3	0	2	1	0	1	2	2	1	1	0	0	2	0	0	1	0	1	1	1	1	0	0	2	1	1	1	0	1	0	1	0	0	0	2	1	1	0	0	2	3	0	0	1	2	4	1	1	1	0	1	2	2	0	0	1	0	1	1	1	1	0	0	0	0	1	0	0	0	0	0	5	0	1	2	1	0	0	1	0	1	0	2	0	0	0	0	2	3	1	1	2	2	0	1	0	4	5	2	4	3	2	2	3	1	2	1	2	2	2	6	4	2	6	1	39	0	20	10	21	9	6	5	1	2	10	7	10	7	8	1	4	5	1	0	1	0	0	0	0	0	0	1	0	0	0	0	0	1	2	1	0	2	4	3	2	0	1	1	2	0	0	0	1	1	1	0	0	0	0	2	3	0	1	0	1	1	0	0	1	2	1	4	1	1	2	2	0	5	1	0	2	2	1	0	1	0	10	2	7	6	1	2	2	1	1	1	1	3	2	2	2	4	1	1	2	0	1	3	2	1	1	3	3	2	3	8	12	7	17	62	7	5	2	1	2	2	1	1	1	2	0	1	0	1	0	2	2	1	0	1	1	0	2	1	0	1	1	2	1	0	1	1	1	2	1	0	3	1	0	2	1	1	1	1	1	1	2	1	3	2	3	2	1	3	3	4	5	5	1	2	1	0	0	1	0	0	1	0	0	0	0	0	0	1	1	0	0	2	0	0	1	0	1	0	0	0	2	1	0	0	0	1	1	2	2	2	1	2	0	0	0	1	0	0	0	1	0	0	1	0	1	0	2	0	0	1	2	0	1	3	0	0	0	0	1	0	1	2	1	1	0	1	3	0	0	0	0	0	0	0	0	0	1	0	0	0	0	0	0	0	0	0	0	0	0	1	0	0	0	1	0	1	0	0	1	1	0	0	0	2	0	0	1	0	0	0	0	1	0	0	0	0	1	1	0	0	0	0	0	0	0	0	0	0	0	0	0	1	0	1	0	0	0	0	1	0	0	1	0	0	0	0	0	0	0	0	1	0	1	0	0	0	0	1	1	0	0	1	0	0	0	1	0	0	0	0	0	0	0	0	0	0
0	0	0	0	0	0	0	2	1	1	2	1	3	3	3	4	5	1	1	1	1	1	2	6	3	0	0	1	2	1	1	6	2	3	2	3	0	2	2	1	0	1	3	0	1	0	0	1	3	2	0	2	1	1	2	0	0	2	1	1	4	5	2	0	3	0	0	2	1	1	0	0	2	1	0	1	2	0	1	0	1	1	0	0	0	0	3	0	2	0	0	0	0	0	1	1	1	0	0	0	0	0	1	0	1	1	1	1	3	4	3	4	0	6	5	3	6	5	6	3	2	1	2	5	6	5	8	8	4	8	11	24	20	0	78	61	21	24	10	6	5	29	20	21	5	9	7	1	6	1	1	1	0	2	0	0	0	0	0	0	0	1	2	0	4	2	3	1	2	2	4	0	1	1	1	1	0	0	1	0	1	0	0	3	0	1	0	0	0	0	0	2	2	3	1	1	0	2	2	1	1	0	3	2	2	1	1	2	0	0	0	0	1	4	5	20	7	2	3	0	3	3	2	3	1	5	1	1	2	0	1	0	3	2	1	0	0	0	2	0	3	3	2	2	2	1	10	5	2	1	1	1	0	0	2	0	0	0	0	0	1	0	0	0	0	0	0	0	1	0	0	0	0	1	0	1	0	0	1	0	1	1	1	0	1	1	1	1	0	0	0	1	2	0	1	3	1	0	3	1	2	4	2	1	0	1	0	0	1	0	0	1	0	0	0	0	2	0	1	0	0	0	1	0	0	1	1	0	0	0	0	0	1	0	0	0	1	0	2	1	0	0	2	0	1	0	0	1	0	1	0	0	0	0	1	2	0	0	1	0	0	0	0	0	0	0	1	0	1	1	2	0	0	0	0	0	0	0	2	0	0	1	0	0	0	1	1	1	1	0	0	0	0	0	0	0	0	0	0	0	0	0	0	0	0	0	0	0	0	1	1	0	0	0	1	0	0	0	1	0	0	0	2	0	0	0	0	1	1	0	0	1	0	0	0	1	0	1	0	0	1	0	0	0	0	0	0	0	2	0	1	0	0	0	3	0	0	1	0	0	0	0	0	0	0	0	0	0	1	0	0	0	0	0	0	0	0	0	0	0	0	0	0	0	0	0	0	0	0
0	0	0	0	0	0	0	0	0	0	1	3	0	1	1	3	5	0	2	1	0	0	1	3	3	1	0	0	3	3	5	2	2	2	1	1	0	1	0	1	0	0	0	2	0	0	2	1	0	1	2	0	1	3	0	0	0	2	1	0	2	1	2	0	0	0	1	4	1	1	1	0	1	2	1	1	1	0	0	0	0	0	0	0	1	0	1	0	0	3	0	0	2	2	2	1	0	1	0	2	1	1	0	0	1	0	2	1	4	3	2	2	0	6	3	2	2	3	3	1	1	1	1	5	8	5	6	8	4	5	9	7	10	78	0	76	31	38	9	5	7	13	8	12	7	5	7	2	3	1	0	3	1	2	0	0	1	0	0	3	0	1	0	2	0	1	1	2	2	0	0	1	0	0	1	1	0	0	3	0	0	0	0	1	1	0	0	0	0	0	0	0	0	1	1	1	1	0	0	2	0	2	0	2	0	0	2	0	2	0	1	0	3	2	8	14	6	2	2	1	2	1	1	1	3	4	1	2	1	0	0	2	0	0	0	1	1	1	1	1	2	3	6	2	2	7	5	2	1	0	0	2	0	0	1	1	0	1	0	0	1	0	0	0	0	0	1	1	0	3	1	0	0	0	0	0	1	0	0	2	0	1	0	1	0	2	1	1	0	0	1	1	0	0	3	1	1	0	1	0	2	3	4	3	1	0	1	0	0	0	0	1	0	0	0	0	0	0	1	0	0	0	2	0	0	0	0	0	2	1	0	0	1	0	1	2	0	1	1	2	0	0	2	0	0	1	0	0	0	1	0	1	0	0	0	1	2	1	1	1	0	0	0	0	0	0	1	0	3	1	0	1	0	0	0	1	0	0	0	2	0	0	1	0	0	0	1	0	1	0	1	1	1	0	0	0	0	0	0	0	1	0	0	1	1	0	0	1	0	0	0	0	0	0	0	0	1	0	1	0	3	0	2	0	0	0	1	0	0	0	2	0	0	0	0	0	0	0	1	0	0	0	1	0	0	0	2	1	0	0	1	1	0	1	0	0	0	1	0	0	0	0	0	1	1	0	0	0	0	0	1	0	0	0	0	0	0	0	0	0	0	0	0	0	0	1	0	1	0
0	0	0	0	0	0	0	1	2	0	2	3	5	2	1	3	1	0	1	2	1	0	2	3	3	0	2	0	1	2	4	1	4	3	2	1	1	0	0	0	0	2	6	2	4	0	1	1	1	1	1	3	0	0	0	0	0	0	0	2	3	1	0	1	0	1	0	0	1	3	3	1	1	0	0	0	0	0	1	2	0	1	1	2	0	1	1	2	0	0	1	2	0	1	1	0	0	0	1	2	0	1	0	0	0	0	2	0	2	3	2	4	0	3	2	4	3	4	0	2	1	2	1	0	2	6	7	6	6	3	5	11	21	61	76	0	34	26	1	1	2	14	4	7	6	7	6	0	5	2	1	1	1	0	1	0	0	0	0	1	1	2	1	1	0	0	3	0	0	1	0	0	0	1	0	0	1	0	1	1	0	1	0	1	0	0	1	0	0	0	0	1	0	0	1	1	2	2	0	1	2	1	0	0	0	1	1	1	2	2	0	0	1	2	7	6	5	4	4	2	1	2	0	0	3	0	1	8	2	1	0	0	1	1	0	1	1	1	3	1	2	1	2	1	3	3	7	2	4	0	0	0	0	1	1	1	1	1	1	1	0	1	0	0	1	0	0	0	0	1	1	2	0	0	0	0	2	1	2	0	1	0	0	1	2	2	2	0	1	1	1	2	1	0	0	1	0	0	2	2	3	1	2	3	1	1	1	0	0	0	1	0	0	1	0	1	1	1	0	0	1	2	1	0	2	0	0	0	0	0	0	0	1	1	1	0	0	0	0	0	0	1	1	0	1	0	1	1	1	1	0	0	0	0	0	0	1	3	1	2	1	1	0	1	0	1	0	2	0	2	1	0	0	2	1	0	0	0	0	0	1	0	0	0	0	0	0	0	0	0	0	0	0	0	0	1	0	0	0	0	0	0	0	0	0	1	1	0	0	0	1	2	2	0	0	0	0	0	0	1	0	0	0	0	0	0	0	0	0	0	0	1	0	0	1	0	0	0	0	0	1	0	0	0	0	0	0	0	0	1	1	0	0	1	0	0	1	0	1	1	1	1	0	1	0	1	0	0	0	0	0	2	0	0	0	0	0	0	0	0	1	0	1	1	0	0	1	0	0
0	0	0	0	0	0	0	0	3	3	4	6	4	0	4	2	1	1	1	1	1	2	2	4	2	2	2	4	2	2	5	7	1	3	1	0	2	0	1	1	0	0	2	0	2	2	3	2	1	0	0	0	1	0	0	0	1	0	1	4	3	0	0	1	0	1	3	0	0	2	3	0	0	1	2	1	2	1	1	1	1	0	1	0	1	0	0	2	2	2	0	0	1	0	0	0	0	0	0	0	1	1	1	1	0	0	0	0	3	4	3	2	1	1	1	1	2	1	1	1	0	0	0	1	8	5	5	8	2	3	4	2	9	21	31	34	0	60	13	1	10	22	13	9	6	2	0	0	3	1	2	2	0	0	0	1	0	1	1	1	0	0	1	0	0	0	0	1	1	1	0	0	0	4	0	0	1	2	0	0	0	1	0	0	0	1	0	1	0	0	1	0	1	0	0	0	1	0	1	1	0	0	2	2	2	0	1	1	0	1	0	1	0	2	6	5	9	4	4	1	0	1	0	2	4	0	2	1	0	0	0	1	2	2	0	1	1	1	1	1	0	3	1	2	3	7	4	1	1	0	2	2	1	0	0	0	0	0	3	0	1	0	0	0	1	0	1	1	1	0	0	0	0	0	0	0	0	0	0	0	0	0	1	0	2	0	0	1	0	0	0	1	0	0	0	1	0	0	2	2	1	1	4	2	0	1	0	0	1	0	0	0	0	0	0	0	1	1	0	0	0	1	0	0	0	0	0	0	0	0	0	0	0	1	0	1	0	2	0	1	1	0	1	0	0	0	1	0	0	2	1	1	0	0	0	1	1	1	0	0	0	0	0	0	0	0	0	0	0	0	0	2	1	0	1	0	2	0	1	0	2	1	0	0	0	0	0	0	0	0	0	0	0	1	0	0	0	0	0	0	0	1	0	1	0	0	0	1	0	1	0	0	0	0	0	0	0	0	0	0	1	1	0	0	0	0	0	0	0	0	1	1	1	0	0	0	0	0	0	0	0	2	0	0	1	0	1	0	1	1	0	0	0	0	0	0	0	0	1	1	0	0	1	1	0	1	0	0	0	0	0	0	0	0	0	0	0	0	0	0	0	0	0	0	0	0	0	1	0
0	0	0	0	0	0	0	2	1	1	3	2	4	7	2	6	2	0	5	1	3	3	0	3	11	3	3	2	1	6	2	4	11	4	3	0	2	0	0	1	1	0	1	1	1	4	2	1	3	1	1	3	0	1	0	0	0	3	2	5	1	1	5	1	2	1	0	0	2	1	2	0	0	2	1	1	1	1	0	1	0	1	0	1	1	0	1	0	0	1	0	0	0	0	0	0	0	0	0	0	1	1	1	1	1	1	1	2	5	4	3	3	1	1	2	5	2	3	4	4	2	1	0	3	5	12	10	6	8	7	5	3	6	24	38	26	60	0	26	8	16	25	24	6	2	8	2	1	2	3	0	1	2	0	0	0	0	1	1	0	1	0	0	1	1	4	1	1	0	3	1	0	1	2	0	1	1	2	1	1	1	0	1	1	1	2	1	0	0	1	0	0	3	0	1	0	2	2	3	2	5	2	0	0	2	2	2	2	1	0	1	3	2	2	9	17	10	5	6	2	0	2	1	1	1	1	1	2	3	1	0	2	0	0	1	1	0	0	1	1	0	1	1	1	2	3	5	3	1	1	1	0	1	0	0	0	0	0	0	1	1	0	0	0	0	1	0	1	0	0	1	0	0	0	0	0	0	1	0	1	1	0	1	0	0	0	0	0	0	1	0	1	0	1	3	1	2	0	1	0	0	1	2	2	1	0	0	0	1	0	0	0	0	0	0	1	0	0	0	0	0	0	0	0	0	0	0	0	1	1	0	0	0	0	1	1	0	1	0	1	0	0	3	1	0	1	0	1	0	0	0	0	1	0	0	1	1	1	0	0	0	0	0	1	0	0	0	0	0	1	0	0	0	2	0	0	1	0	1	1	1	0	0	0	0	0	0	0	1	0	0	0	1	0	0	0	0	0	0	0	0	0	0	0	0	0	1	0	0	0	0	1	0	0	0	0	0	0	0	0	1	1	0	0	0	0	0	0	1	0	0	0	0	0	0	0	0	0	0	0	0	0	0	0	0	0	2	0	0	0	1	1	0	0	0	0	0	2	0	0	0	0	0	0	0	1	1	0	1	0	0	0	1	0	0	1	0	0	1	0	1	0	0	0	0	0	0	0	0
0	0	0	0	0	0	0	3	8	6	3	12	10	7	3	9	6	3	3	2	3	2	10	9	16	4	4	0	3	10	13	8	15	15	4	1	3	1	2	2	4	2	3	2	4	1	2	6	2	6	3	2	2	0	0	0	0	2	1	5	1	4	0	0	0	0	2	0	0	0	2	2	2	2	0	1	0	0	0	0	1	0	0	1	1	1	1	3	0	2	1	0	3	0	1	1	0	0	2	1	1	0	0	1	1	0	1	1	2	5	3	3	0	4	1	5	11	4	2	4	5	4	0	5	14	18	12	4	3	9	7	7	5	10	9	1	13	26	0	18	299	19	35	17	0	4	0	2	1	2	4	2	0	1	0	1	0	0	3	1	0	3	3	1	0	0	0	3	1	0	0	1	2	0	1	0	1	0	2	1	0	0	0	0	1	0	0	2	1	0	0	0	2	3	1	2	1	1	1	1	0	2	2	0	3	1	0	1	0	1	0	0	1	1	7	6	26	6	4	1	2	2	3	3	1	1	1	2	3	0	1	0	1	1	2	1	1	0	0	0	2	0	0	2	1	1	2	3	1	0	2	0	1	1	0	0	0	0	0	1	1	1	2	1	0	0	1	0	0	0	0	0	1	0	1	0	0	0	0	1	0	0	1	0	1	0	1	0	0	2	0	1	1	1	0	0	0	0	1	0	0	2	3	1	0	1	0	0	0	0	0	0	2	0	1	0	0	0	0	0	0	0	1	0	0	0	0	1	0	0	1	0	0	2	1	0	1	0	1	1	0	1	3	1	0	0	0	1	0	0	0	1	0	1	1	1	0	0	0	0	0	0	0	0	0	1	0	0	0	1	0	0	0	0	0	0	1	1	0	0	0	1	0	1	0	0	0	0	0	0	0	0	0	0	1	0	0	0	1	0	0	0	0	0	0	0	1	2	1	1	0	0	0	0	0	1	1	0	0	0	0	0	0	0	0	1	0	0	0	0	1	0	0	0	0	0	0	0	0	0	0	0	0	0	0	0	0	1	0	0	0	1	0	0	0	0	0	0	0	0	0	0	0	0	0	0	0	0	1	0	1	0	0	1	0	0	0	0	0	0	0	1	0	1	0	0	0	0	0
0	0	0	0	0	0	0	1	1	3	3	17	9	10	5	4	6	4	7	4	3	2	2	11	16	17	3	6	20	16	23	48	32	28	5	4	2	1	4	5	1	5	3	2	3	6	6	5	4	0	4	3	6	0	0	1	0	1	5	2	1	1	1	1	0	1	1	3	0	5	4	1	1	2	2	3	1	1	0	2	0	0	2	1	0	0	1	1	5	4	0	1	0	1	0	0	2	1	2	1	1	0	1	0	2	3	2	1	3	4	4	0	1	2	1	1	7	4	2	1	4	3	0	9	6	13	4	3	4	6	3	2	1	6	5	1	1	8	18	0	58	5	15	1	2	4	0	0	1	1	0	2	2	0	0	0	2	0	0	1	1	2	2	0	0	0	0	2	1	1	1	2	0	0	1	0	0	0	1	0	2	0	0	0	0	0	0	0	1	0	1	1	0	1	2	1	0	1	0	1	0	0	0	1	1	0	2	0	1	0	0	0	2	0	1	4	20	16	1	5	2	1	0	1	2	3	0	0	1	1	0	0	1	0	1	1	0	0	1	0	0	0	1	2	0	1	0	2	1	1	1	0	1	0	1	1	1	0	0	1	0	0	1	0	2	1	2	0	0	1	0	0	0	0	0	0	1	0	0	0	1	0	1	0	3	1	0	0	0	0	0	1	0	0	1	0	1	0	0	0	3	0	2	2	0	0	0	0	0	0	1	0	0	0	0	0	0	1	0	1	0	0	0	0	0	0	0	2	0	0	0	0	0	0	0	2	0	0	0	1	0	0	0	1	0	0	0	0	0	0	0	0	0	0	1	2	0	0	1	0	0	0	0	0	0	1	0	0	0	0	0	0	0	3	2	0	0	1	0	0	0	1	0	0	0	1	0	1	0	0	0	0	0	0	0	0	0	0	0	0	0	0	1	0	0	0	0	0	0	0	0	0	0	0	0	0	0	0	1	0	0	0	0	0	0	1	1	0	0	0	0	0	0	0	0	0	1	0	0	0	0	1	0	0	0	1	1	1	0	0	0	0	0	0	0	0	0	0	0	0	0	0	0	0	0	0	0	0	0	0	0	0	0	1	0	1	0	0	0	0	0	0	0	0	0	0	0	0	0
0	0	0	0	0	0	0	3	4	4	6	7	12	11	2	10	5	2	4	5	0	3	4	7	28	9	0	6	10	6	23	15	7	12	5	2	0	1	1	0	2	2	3	0	2	5	2	3	4	4	1	0	1	1	0	0	0	1	5	2	2	1	1	1	0	2	0	2	3	2	3	3	2	1	3	3	0	1	1	4	2	1	1	3	1	0	1	5	0	2	5	0	0	1	0	2	2	0	0	0	1	1	1	2	2	2	2	3	4	6	2	2	2	2	3	1	1	5	5	0	1	2	4	8	14	30	4	7	1	9	9	5	2	5	7	2	10	16	299	58	0	14	33	6	4	4	4	2	5	0	1	3	0	0	2	1	2	2	2	0	3	2	1	2	1	1	0	3	1	0	1	0	0	0	0	1	0	1	0	0	1	0	2	1	0	0	1	0	0	0	0	3	3	2	2	0	0	2	1	0	3	0	0	1	0	1	0	1	0	2	1	1	3	1	4	13	35	16	2	2	1	0	0	0	2	0	2	1	0	0	1	0	0	0	0	0	1	1	1	0	0	0	1	2	0	0	1	1	2	2	1	2	0	0	0	1	1	0	0	1	0	0	1	0	0	0	0	2	0	0	0	0	0	0	0	1	0	1	1	0	0	1	0	1	0	0	1	0	0	1	0	0	1	0	0	0	0	0	0	1	0	1	2	0	0	0	1	0	0	1	0	0	1	0	0	0	1	0	1	0	0	0	0	0	0	0	0	1	0	0	0	0	1	0	0	0	0	0	0	1	0	0	1	0	0	0	0	0	1	0	2	0	0	1	0	0	0	0	1	0	0	0	0	0	2	1	0	0	0	0	0	0	0	1	1	1	0	0	0	0	0	1	0	0	0	0	0	0	0	0	0	0	0	0	1	0	0	0	0	0	0	0	0	0	0	2	0	0	1	0	0	0	0	0	0	0	0	0	0	0	1	1	0	0	0	0	1	0	0	0	0	0	0	0	0	0	0	0	0	0	0	0	1	0	0	0	0	1	2	1	1	2	0	0	0	0	0	0	0	0	0	0	0	0	0	0	0	0	1	0	0	0	0	0	1	0	0	0	1	0	0	0	0	0	0	0	0	0	0
0	0	0	0	0	0	0	2	3	3	1	4	11	3	0	6	3	7	3	1	1	2	4	7	4	4	2	0	2	2	3	4	2	1	2	1	2	0	3	2	2	1	2	1	0	0	3	4	2	1	3	2	1	1	1	0	1	2	6	4	2	2	2	2	3	1	1	0	3	3	4	5	2	2	2	1	0	1	0	0	2	0	0	3	1	1	1	1	6	2	4	2	2	0	2	0	0	0	1	0	1	1	0	0	1	6	0	1	2	3	4	6	3	5	5	6	13	5	8	5	4	4	2	6	23	9	15	27	10	15	35	16	10	29	13	14	22	25	19	5	14	0	389	26	5	15	4	0	3	3	3	2	1	0	0	0	0	0	0	1	1	1	0	0	1	2	0	2	6	3	0	1	4	0	3	1	1	1	0	0	1	0	1	0	0	0	1	1	1	1	0	0	0	0	0	3	1	7	1	2	2	0	1	0	3	3	0	3	0	2	1	0	0	1	12	28	13	7	3	1	2	3	5	2	0	3	1	1	1	0	1	0	3	1	1	0	2	2	2	0	0	0	2	6	2	2	7	4	2	4	4	2	0	0	0	2	0	0	0	1	0	1	0	0	0	0	2	0	0	3	0	0	2	0	0	1	0	0	0	0	2	2	2	1	0	1	0	2	0	1	0	0	1	0	0	1	0	1	0	1	0	0	2	2	2	1	3	1	0	0	0	0	1	0	1	0	0	1	1	0	0	0	1	0	0	0	2	0	0	0	0	0	0	0	0	1	0	0	1	4	0	0	0	1	0	2	0	0	1	0	0	0	0	0	1	0	0	1	1	1	0	1	0	0	0	0	0	1	0	0	0	2	0	1	1	0	1	0	0	2	0	0	0	0	0	1	0	1	0	0	0	1	0	0	0	0	1	0	0	0	1	1	2	0	0	0	1	0	0	0	0	0	0	1	0	0	0	1	0	0	1	0	0	0	1	0	0	2	1	0	0	0	2	0	1	0	0	0	0	0	0	1	0	0	1	0	0	3	0	1	0	1	0	0	0	0	1	0	0	0	0	0	0	0	1	1	1	1	1	0	0	0	0	0	0	0	1	0	0	0	0	1	0	0	0	0	1	0	0
0	0	0	0	0	0	0	4	4	4	5	7	7	7	3	10	9	3	5	2	0	2	3	15	6	3	2	1	6	2	3	2	2	7	2	1	0	2	2	1	1	2	4	0	2	3	2	2	1	4	2	0	0	1	2	0	0	1	2	2	1	6	1	3	2	4	0	4	2	4	2	1	1	2	0	0	1	0	2	1	1	1	0	0	2	1	1	0	1	3	2	0	1	1	3	1	2	0	1	2	2	2	2	0	0	2	1	1	3	5	2	7	1	4	5	10	10	8	9	4	1	2	4	6	19	25	25	13	10	17	13	9	7	20	8	4	13	24	35	15	33	389	0	24	7	6	1	1	2	2	1	1	0	0	0	0	0	1	1	1	0	2	0	2	1	1	3	3	4	2	0	1	1	2	0	2	0	0	0	0	0	2	0	0	1	1	1	1	2	2	1	1	2	1	2	2	0	3	2	1	4	1	0	1	4	1	3	2	0	1	1	0	2	3	14	18	15	8	3	3	4	3	2	1	3	1	3	2	0	0	0	0	0	2	1	3	1	0	0	1	2	0	0	1	0	4	5	5	3	3	1	2	2	2	0	2	1	1	1	0	0	3	0	0	0	0	1	0	0	0	0	0	0	1	1	0	0	1	3	0	1	0	2	0	2	0	0	0	1	0	1	0	1	2	1	3	1	1	0	0	4	1	3	4	0	1	0	1	0	0	0	1	0	0	1	0	0	1	0	0	0	1	2	0	0	1	0	0	0	0	0	0	1	0	0	1	0	0	0	0	0	2	2	0	0	0	0	0	0	0	0	0	1	0	1	1	0	0	0	0	1	0	2	0	0	0	0	0	0	0	0	1	0	2	0	0	1	1	1	0	0	1	1	0	1	1	0	0	1	0	0	0	1	0	0	0	0	0	0	1	0	0	0	1	0	0	0	0	0	1	0	1	0	2	1	0	0	1	1	1	0	0	0	0	0	1	0	0	0	0	0	0	0	0	0	0	0	0	0	0	0	0	0	0	0	0	1	1	1	1	1	0	0	0	0	0	1	0	1	0	0	0	0	0	0	0	0	0	0	0	0	0	0	0	1	0	0	0	0	0	0	0	0	1	0	0	0	0	0
0	0	0	0	0	0	0	1	3	4	4	5	8	5	0	4	6	4	4	0	2	0	3	3	2	2	2	0	0	2	3	2	5	1	1	0	0	1	0	0	0	0	0	3	3	0	1	5	1	1	0	0	0	0	1	0	3	2	2	4	1	4	2	3	1	4	3	2	3	1	2	5	2	1	2	1	4	1	2	1	2	0	1	1	1	0	1	1	2	0	1	3	1	2	0	1	0	3	2	0	4	3	0	0	0	0	1	3	4	6	5	4	2	11	21	12	12	12	8	6	2	2	1	8	9	8	13	28	15	9	52	116	10	21	12	7	9	6	17	1	6	26	24	0	22	21	3	4	3	2	1	2	1	0	1	0	1	2	3	3	3	1	1	1	2	6	5	8	12	7	2	1	1	1	5	1	1	1	1	0	2	0	0	0	1	2	2	2	2	0	0	0	1	1	0	2	3	4	4	4	5	0	6	0	2	2	2	1	2	1	1	1	2	5	9	7	4	4	1	3	4	6	5	4	3	1	8	8	2	2	4	1	0	2	4	2	1	0	1	1	0	0	2	4	8	6	6	7	4	4	0	0	2	0	1	1	0	2	0	1	1	0	1	1	0	1	0	1	1	0	1	1	0	0	2	1	0	1	0	1	3	1	1	1	4	0	3	3	1	0	2	0	0	2	0	0	2	1	2	1	1	4	2	3	1	2	1	2	0	0	1	1	0	1	0	0	0	0	0	0	0	0	0	0	0	0	0	1	0	0	0	0	0	2	2	2	0	2	2	1	3	2	2	2	2	1	3	1	0	0	0	0	1	1	0	3	0	0	0	2	0	0	0	0	0	1	1	0	0	0	2	0	1	1	1	2	4	0	0	0	1	1	0	0	0	1	0	1	0	1	0	0	0	0	0	0	0	1	0	0	1	0	0	0	0	1	1	1	0	0	2	0	0	0	2	0	0	0	0	0	1	1	0	0	0	0	0	0	1	1	0	1	0	0	0	0	0	0	0	0	0	1	0	0	0	1	0	0	0	0	1	1	0	0	0	1	0	0	0	0	0	1	0	0	0	0	0	0	0	1	0	1	0	1	0	0	0	0	1	1	1	0	1	0	0	0	0	0	0
0	0	0	0	0	0	0	1	0	2	1	1	3	3	1	1	2	3	0	1	2	4	1	4	3	1	1	1	1	0	2	2	1	1	3	0	1	0	1	0	4	1	0	1	1	2	2	0	1	1	1	0	3	1	0	1	3	0	2	3	2	7	2	4	0	2	0	0	4	1	1	1	2	1	3	1	2	1	1	1	3	2	0	1	3	1	0	0	1	5	3	1	4	2	0	2	0	2	2	3	0	1	0	1	0	0	0	0	3	7	9	10	11	19	43	14	15	5	5	2	0	1	0	2	4	5	4	6	4	5	11	20	7	5	7	6	6	2	0	2	4	5	7	22	0	78	40	11	6	2	3	0	4	0	0	1	2	0	1	1	1	2	1	1	1	0	1	3	6	8	0	2	0	0	2	0	1	1	3	2	1	0	2	1	0	0	2	4	3	1	1	0	0	1	0	2	3	7	6	3	4	1	3	3	7	1	4	0	3	2	1	1	3	18	13	8	2	3	3	4	5	9	8	7	5	0	9	9	8	1	2	2	1	0	2	2	2	1	3	2	4	2	3	6	2	6	8	3	4	3	4	0	3	1	0	2	0	1	3	1	1	0	2	0	0	1	0	1	0	1	2	1	2	0	1	1	0	0	1	4	0	1	0	1	1	1	1	0	1	1	0	0	2	2	3	0	0	1	0	2	5	8	13	8	0	2	0	1	2	2	1	0	0	0	0	0	0	3	1	0	0	1	1	0	1	0	0	0	0	0	3	0	1	1	0	0	1	1	0	1	4	4	2	0	1	0	1	0	0	0	0	1	1	1	0	0	0	0	0	0	0	0	1	1	0	0	1	0	0	1	0	0	0	1	0	2	3	1	0	1	0	1	0	0	0	1	1	0	0	0	1	0	0	0	0	1	0	0	0	0	0	0	0	0	0	0	0	0	2	3	0	0	0	2	0	4	2	0	0	5	1	1	1	1	0	0	0	0	0	1	1	0	0	1	1	0	0	0	0	1	0	0	0	0	0	0	1	0	3	1	0	0	2	1	0	0	0	0	1	0	0	0	0	1	0	0	0	0	0	0	0	0	1	0	0	0	1	1	1	0	0	0	0	0	0	0	0	0	0
0	0	0	0	0	0	0	0	1	2	0	3	3	1	1	4	5	1	2	1	1	1	1	5	2	3	4	3	0	2	1	4	2	3	0	1	0	1	2	1	0	1	1	2	0	2	2	2	0	2	0	2	1	1	3	2	6	2	1	4	2	5	1	2	1	2	2	2	1	2	1	2	2	1	1	0	1	0	1	3	0	1	0	2	1	3	1	1	3	2	5	5	4	4	0	0	1	0	1	1	1	2	1	0	0	1	5	3	4	12	10	9	12	15	28	23	23	4	6	1	1	4	2	4	6	4	2	7	9	11	10	25	8	9	5	7	2	8	4	4	4	15	6	21	78	0	32	10	7	2	4	0	0	1	0	1	1	2	0	1	4	1	0	0	2	4	7	6	7	4	0	0	2	0	1	2	2	1	1	0	2	0	1	0	0	1	1	2	2	3	1	0	0	1	1	0	3	8	1	3	3	1	3	3	1	4	3	3	1	3	0	1	2	12	14	15	4	4	5	3	5	5	1	2	2	1	4	6	4	2	3	4	2	3	3	1	4	0	2	2	1	1	0	0	4	6	5	1	6	3	1	0	2	1	1	0	2	0	1	4	0	1	0	0	0	0	1	2	0	0	0	0	0	0	2	1	0	0	1	1	1	1	0	2	4	3	3	1	1	1	1	2	0	0	2	0	2	2	3	2	4	4	4	5	3	1	0	0	1	0	0	0	0	0	0	0	0	0	0	0	0	1	0	0	1	1	2	0	0	0	0	0	0	0	0	0	1	1	2	0	2	0	1	1	1	0	2	0	1	1	1	2	0	2	1	2	1	2	0	0	2	0	0	0	1	0	0	0	2	2	0	2	2	0	1	3	1	2	0	0	0	0	0	0	0	0	0	1	1	0	1	0	0	0	0	0	0	0	1	0	0	1	0	1	0	0	0	1	0	0	1	0	1	3	0	1	1	0	1	2	0	0	0	2	1	1	1	1	0	2	1	0	2	0	0	0	0	0	0	0	0	0	0	1	0	0	1	0	1	1	1	2	0	0	0	0	0	1	1	0	0	0	0	0	0	1	1	1	0	1	0	1	0	0	0	0	1	1	0	0	0	0	0	0	0	0	0	0	0
0	0	0	0	0	0	0	1	0	1	1	1	3	2	1	2	2	1	1	3	3	1	2	5	4	1	0	0	1	3	1	1	2	1	0	0	1	1	0	1	1	1	2	2	1	1	2	5	1	1	1	0	2	0	0	2	2	4	2	1	3	4	4	2	2	1	3	3	3	1	0	3	1	2	3	1	0	0	2	1	3	2	0	0	2	2	1	3	3	0	5	7	6	5	0	2	1	2	2	0	0	0	1	2	0	1	1	3	3	8	34	17	12	8	24	26	9	5	2	0	0	0	2	3	2	0	2	6	4	5	6	10	1	7	7	6	0	2	0	0	4	4	1	3	40	32	0	15	16	5	1	2	2	1	0	0	1	0	1	1	5	1	3	2	1	3	3	1	8	7	1	0	1	0	2	0	0	1	1	2	1	2	1	1	4	1	5	6	3	2	1	1	3	1	5	2	3	4	6	5	4	0	0	0	8	5	5	3	4	1	2	1	5	8	6	6	3	3	5	4	10	12	5	12	5	5	6	17	9	8	5	3	1	4	2	2	2	1	1	1	0	1	1	1	5	5	6	5	0	3	1	5	1	0	2	0	2	3	2	2	1	1	0	2	0	0	1	0	1	0	1	0	0	2	0	1	0	1	0	2	0	0	0	3	1	0	2	2	3	2	1	0	1	1	0	0	2	1	4	3	3	5	3	1	0	2	0	0	0	2	0	2	1	0	0	0	1	0	1	0	1	2	2	2	1	0	1	1	0	0	0	1	1	2	2	2	4	1	1	1	1	1	1	0	1	1	2	1	1	4	1	1	1	0	0	1	2	0	2	0	2	0	0	0	0	1	1	0	1	1	0	0	2	1	2	0	1	1	0	0	0	1	1	0	0	0	1	0	0	0	1	0	0	1	0	0	0	0	0	0	0	1	0	2	0	1	0	1	1	1	1	0	0	0	0	0	0	0	0	1	0	2	0	0	0	0	0	1	0	0	0	1	0	0	0	0	0	0	0	0	1	1	0	1	1	0	2	3	0	1	0	0	1	2	0	1	0	0	0	0	0	0	1	0	2	0	1	0	0	0	0	1	2	0	0	0	0	0	0	1	1	0	0	1	1	0	3	0	2
0	0	0	0	0	0	0	0	0	0	1	3	1	3	2	3	3	1	0	1	0	2	1	3	2	1	2	0	0	1	0	1	0	2	0	1	1	1	1	1	0	0	1	1	0	0	0	1	2	0	1	1	0	0	1	0	2	4	2	0	1	3	2	1	1	1	0	0	3	2	3	0	2	0	1	0	0	0	1	0	0	2	1	1	2	1	1	3	1	2	1	10	8	5	6	0	0	0	3	0	2	1	2	2	1	4	2	2	5	8	9	4	5	4	7	6	5	6	1	3	0	1	2	1	1	2	0	3	5	2	2	6	4	1	2	0	0	1	2	0	2	0	1	4	11	10	15	0	52	12	2	0	1	0	0	0	0	1	1	4	0	0	3	1	1	4	2	3	1	4	2	0	0	0	0	2	0	0	1	1	0	0	2	1	4	2	4	7	2	2	1	2	0	1	2	1	1	3	5	3	3	0	2	2	3	4	6	5	1	4	1	3	5	14	4	5	2	0	2	2	7	13	6	4	4	1	6	24	19	4	7	3	3	3	9	2	4	3	6	3	1	2	3	2	0	3	2	3	2	5	1	2	1	1	1	2	1	0	1	0	0	0	1	1	0	1	1	0	4	0	2	0	0	0	1	3	0	1	1	3	0	0	1	3	2	1	2	1	0	0	0	0	1	1	2	1	0	2	3	6	3	1	2	2	3	4	3	1	1	1	0	0	0	0	0	0	0	0	1	0	1	1	0	1	0	1	1	0	0	0	1	0	3	2	1	3	0	1	3	3	4	0	2	4	0	1	2	1	0	0	1	2	0	0	1	3	1	1	0	3	4	1	0	0	0	1	0	0	0	2	0	2	2	2	2	3	2	0	0	1	1	1	2	0	0	0	1	2	0	0	0	1	0	0	0	0	0	0	0	0	2	0	0	0	0	1	2	0	3	1	1	0	1	0	0	1	0	1	3	1	1	3	3	0	0	0	0	1	1	2	1	0	0	0	0	0	0	2	0	0	1	0	0	0	0	1	3	1	4	0	0	0	0	2	0	0	0	0	0	0	1	0	0	0	0	0	1	0	0	3	1	0	0	0	0	0	0	0	0	1	1	0	1	0	1	0	2	1	1
0	0	0	0	0	0	0	1	1	1	0	1	1	1	2	0	3	1	4	1	0	2	2	2	2	2	0	0	3	2	0	2	0	0	3	0	1	0	0	0	0	0	0	0	2	0	0	2	0	3	0	0	2	3	1	0	0	0	4	1	0	3	1	2	1	2	1	0	2	1	0	0	2	1	0	0	1	1	1	0	0	0	0	0	3	1	1	1	0	5	4	9	17	11	0	2	0	0	0	0	0	1	2	2	1	1	2	6	5	8	9	5	5	0	4	6	1	4	0	0	3	2	1	3	0	2	6	2	2	3	0	3	5	6	3	5	3	2	1	1	5	3	2	3	6	7	16	52	0	27	1	1	1	0	1	1	0	1	1	1	3	1	2	0	0	4	2	0	3	2	1	1	1	0	2	3	2	0	0	0	1	0	2	2	2	3	2	5	2	0	0	1	0	0	0	0	2	3	1	1	1	0	3	0	1	0	1	2	2	2	2	4	3	5	8	4	2	3	2	2	4	6	4	6	3	1	5	9	11	6	1	2	0	3	2	2	2	0	2	0	2	0	0	3	4	3	1	1	3	2	2	1	2	1	1	1	0	0	0	0	2	0	1	0	1	0	2	1	1	0	0	0	0	3	0	0	1	0	1	1	1	0	0	2	5	1	3	2	1	2	3	2	3	0	2	1	2	0	2	1	6	4	1	1	2	1	0	0	2	0	0	0	0	0	0	1	2	0	0	1	1	1	4	1	0	0	0	0	1	0	1	0	2	0	0	1	1	0	1	7	1	4	2	1	0	2	1	0	0	2	0	0	1	0	3	0	1	0	0	0	1	1	1	1	1	0	0	1	1	0	2	2	2	2	2	0	1	0	1	1	0	0	2	0	0	1	0	1	0	1	0	0	0	0	0	1	0	0	2	0	0	0	1	3	0	0	2	1	1	1	0	1	0	1	1	0	1	0	1	0	0	0	2	0	1	2	0	0	0	2	0	1	1	0	0	0	0	1	0	1	1	1	0	0	1	0	1	1	0	0	3	1	0	0	1	0	0	0	0	1	0	0	0	0	0	0	0	0	1	1	0	0	0	0	0	0	0	0	0	0	1	0	0	0	0	0	0	0	0
0	0	0	0	0	0	0	0	2	0	2	1	1	0	0	0	0	1	4	3	0	1	2	1	2	2	0	0	2	1	1	1	0	2	2	1	0	2	1	0	1	0	2	1	2	2	1	1	2	2	0	1	0	1	0	0	2	1	2	5	2	0	1	2	1	2	3	5	5	2	1	0	1	1	1	2	1	1	1	0	1	1	1	1	1	1	1	2	4	7	12	34	15	13	9	3	3	3	1	1	2	2	2	4	3	3	6	10	16	20	18	4	8	2	3	5	1	3	1	1	1	0	1	2	3	1	2	0	1	1	2	2	1	1	1	2	1	3	2	1	0	3	2	2	2	2	5	12	27	0	9	0	2	0	0	1	1	1	2	1	0	2	2	0	3	2	2	1	2	1	1	1	0	0	0	1	1	0	1	0	0	2	2	1	1	3	0	4	1	3	2	0	2	0	0	2	2	1	1	1	2	0	2	1	0	3	0	2	4	1	1	3	2	2	6	3	1	4	4	5	8	13	8	6	2	2	4	8	10	6	4	3	0	1	5	3	1	0	1	0	2	1	1	0	2	1	1	3	0	1	1	0	0	1	1	0	1	3	0	1	0	0	0	0	1	1	1	0	1	1	1	0	0	0	0	1	0	1	1	0	0	0	0	0	1	0	1	1	1	1	0	0	0	0	1	0	1	0	1	1	3	0	2	1	0	1	0	0	0	0	0	0	1	0	0	1	1	1	0	0	0	2	1	0	0	1	0	0	0	0	0	1	3	2	0	0	1	1	3	3	5	1	2	0	0	0	1	0	0	0	0	2	0	1	0	0	0	1	1	1	0	0	0	0	3	0	1	1	1	0	0	2	1	1	2	0	0	1	0	0	1	0	0	2	1	0	0	0	0	0	0	0	0	1	0	0	0	0	0	0	0	1	0	1	0	1	1	0	1	3	0	0	1	2	1	1	0	0	1	1	0	0	3	0	0	1	2	1	0	2	2	1	0	0	0	1	0	1	0	1	1	0	0	0	1	0	0	2	2	2	0	2	1	0	0	1	1	0	0	1	0	0	0	0	0	1	0	1	0	0	0	0	0	0	0	0	0	1	2	0	0	1	0	1	0	0	0	0	0
0	0	0	0	0	0	0	0	0	0	3	0	2	0	1	2	6	3	6	1	2	0	3	7	0	1	1	0	2	3	0	0	3	0	2	1	2	1	1	2	1	0	4	1	3	3	1	2	1	1	1	0	1	0	2	2	3	5	7	6	6	2	4	2	2	3	4	4	9	4	1	1	1	2	4	2	2	0	1	0	0	0	2	3	2	2	5	9	12	18	28	13	2	6	6	8	2	8	10	14	13	10	8	4	0	3	5	7	4	5	5	3	3	4	3	3	2	4	1	1	2	1	2	1	1	1	0	1	0	3	2	0	0	1	0	1	2	0	4	0	1	3	1	1	3	4	1	2	1	9	0	3	2	3	1	2	0	3	3	7	7	8	3	2	5	6	2	0	3	2	1	1	2	1	3	2	4	1	1	2	2	2	2	3	2	1	3	6	4	9	5	0	1	2	1	0	1	4	2	6	1	1	4	2	2	3	1	1	5	1	0	2	0	0	4	1	1	2	3	18	17	3	1	3	2	1	2	4	6	26	19	16	10	15	1	3	1	1	0	0	2	0	0	0	0	0	1	0	0	0	0	1	2	1	1	3	0	3	0	0	0	0	1	0	1	2	1	0	0	0	1	1	0	0	0	3	0	0	0	1	0	1	0	0	0	0	1	5	0	1	0	1	1	0	0	0	0	1	2	0	1	2	0	1	0	1	2	1	0	0	0	0	1	1	1	0	0	1	1	0	1	0	0	0	0	0	0	0	1	0	0	0	0	0	0	1	1	0	0	0	0	1	0	1	2	0	1	0	0	0	0	0	0	1	1	0	1	0	1	1	1	0	0	0	0	1	1	0	0	0	1	0	1	1	0	1	0	0	1	0	0	0	2	0	0	0	0	0	1	1	1	0	0	0	0	0	0	0	0	0	0	0	0	1	0	0	0	1	1	0	1	0	2	0	0	0	0	1	0	0	0	0	1	0	1	0	0	0	0	0	1	0	2	0	0	1	0	0	1	0	0	0	0	0	0	0	0	0	1	0	0	0	0	0	0	0	0	0	1	0	0	0	0	0	0	2	0	1	0	0	0	0	0	1	0	0	1	0	0	0	0	1	0	0	0	0	0	0	0
0	0	0	0	0	0	0	0	1	0	1	2	0	0	1	3	4	6	4	4	1	3	4	4	2	0	2	0	0	2	3	0	0	2	1	3	3	1	3	3	6	3	3	8	6	3	1	2	0	3	4	2	1	5	7	7	11	11	4	2	4	2	0	0	3	4	3	5	5	1	4	1	1	1	1	1	2	2	0	2	2	4	2	1	6	9	16	23	15	5	5	0	1	2	1	2	2	4	7	14	8	6	5	5	3	3	2	3	1	1	1	3	0	0	1	3	2	2	0	1	1	1	2	1	0	0	0	2	4	3	2	2	1	1	3	1	2	1	2	2	3	2	1	2	0	0	2	0	1	0	3	0	7	6	5	6	3	9	14	3	0	3	2	6	3	2	0	2	0	1	0	1	1	1	2	2	2	2	0	0	1	1	3	0	0	1	0	4	0	1	2	4	2	8	2	3	0	3	0	1	0	0	1	3	2	1	0	1	0	0	0	1	1	2	1	1	0	1	3	2	2	1	0	0	2	1	2	2	3	1	1	3	2	2	1	0	0	1	0	0	1	2	0	0	0	2	0	1	1	0	0	0	1	0	0	0	0	0	1	1	0	1	1	0	0	0	0	0	0	0	0	1	1	0	1	0	0	0	1	1	0	0	1	1	0	2	1	0	0	1	0	0	0	0	0	1	0	0	0	1	0	1	0	2	0	1	0	0	0	0	2	1	0	0	0	0	0	1	0	0	0	0	0	0	0	0	0	0	0	0	0	0	0	0	0	0	1	0	1	0	0	0	0	0	0	1	0	0	1	2	1	0	2	1	0	0	0	1	0	0	0	0	0	0	0	0	0	0	0	0	2	0	2	0	0	2	1	1	1	0	1	0	0	0	0	0	0	0	0	0	0	0	0	1	1	0	0	0	0	1	0	0	0	0	0	0	0	0	0	1	1	0	0	0	1	1	1	0	0	0	0	0	0	0	0	0	0	0	0	0	0	1	0	0	1	0	0	0	0	0	0	0	1	0	0	2	0	0	0	0	0	0	0	1	0	1	0	0	1	0	0	1	0	1	0	0	1	0	0	2	0	0	0	0	0	0	1	0	0	0	0	0	0	0	0	0	0	1	0
0	0	0	0	0	0	0	1	0	0	0	0	1	0	1	1	3	2	2	5	1	0	4	1	2	1	2	5	3	2	1	1	0	0	3	5	11	10	32	13	22	10	20	7	4	6	2	2	3	5	4	9	6	12	6	12	7	6	7	9	2	0	1	0	2	3	3	2	2	1	3	5	2	2	6	1	2	6	4	3	3	1	1	3	3	1	9	9	3	2	1	1	1	0	2	1	1	2	1	1	3	3	3	0	2	3	1	0	0	1	1	0	0	0	1	1	3	0	1	0	3	3	1	0	1	1	0	0	3	2	0	0	0	0	1	1	0	2	0	2	0	1	0	1	4	0	2	1	1	2	2	7	0	46	7	6	4	25	31	7	4	3	0	2	0	0	2	2	0	3	1	1	0	0	0	0	2	0	0	3	2	1	0	1	0	0	0	4	1	1	0	1	1	2	3	1	1	1	0	0	3	0	2	1	0	1	1	0	1	1	0	0	0	0	0	1	5	3	4	1	1	2	1	0	3	2	2	1	0	0	0	2	0	2	1	0	0	0	0	1	1	1	0	0	1	0	0	0	0	0	0	0	0	0	0	0	2	1	0	0	0	0	0	1	0	0	0	0	1	0	0	0	0	0	0	1	0	0	1	2	0	0	0	1	0	0	0	0	1	0	0	0	2	2	0	1	1	0	0	0	0	0	1	0	0	0	2	0	0	0	0	1	0	0	1	0	0	0	1	0	1	1	1	0	0	0	0	0	0	0	0	0	0	0	0	1	0	0	0	0	0	0	0	0	0	1	0	0	0	0	0	0	1	0	0	2	0	1	1	0	0	0	0	0	0	1	0	0	0	1	0	0	0	0	0	0	0	0	0	1	0	0	0	0	0	0	0	0	0	0	1	0	0	0	0	0	0	0	0	0	0	0	0	0	1	0	0	0	0	0	0	0	0	0	0	1	0	0	0	0	1	1	0	0	0	0	1	0	0	0	1	0	0	0	0	0	1	0	1	0	0	0	0	0	0	0	0	0	0	0	0	0	0	0	1	0	0	0	0	0	0	0	0	0	0	0	0	0	0	0	0	0	0	0	0	0	0	0	1	1	0	0	0	0	0	0	0	0	0
0	0	0	0	0	0	0	0	0	0	3	1	2	3	0	2	0	3	3	0	1	2	0	1	1	0	0	2	0	0	1	0	1	1	4	0	2	8	28	9	5	5	11	6	0	0	4	4	1	4	8	3	9	5	9	10	7	3	0	1	4	2	2	5	1	4	3	4	3	2	2	3	1	1	3	6	3	4	6	3	7	2	3	2	7	5	6	8	3	1	0	0	1	0	0	0	3	1	2	2	2	2	0	0	1	1	0	0	0	2	0	0	2	1	1	1	0	2	2	0	3	3	3	3	0	0	0	1	2	1	1	1	0	2	2	0	0	0	1	0	0	0	0	0	0	1	1	0	0	0	3	6	46	0	22	19	8	60	20	2	1	4	1	0	1	1	0	0	1	1	1	1	0	0	2	2	1	1	2	0	0	0	0	1	0	0	1	1	0	2	3	1	4	3	0	0	3	0	0	0	0	0	0	0	0	0	0	1	0	0	0	0	1	0	0	0	0	3	3	1	2	0	1	0	0	0	0	2	0	1	1	1	1	3	0	0	0	0	0	0	0	0	0	0	0	0	0	0	0	1	0	2	0	0	0	0	0	2	2	0	0	0	0	1	0	0	0	1	0	0	0	1	0	0	0	0	0	1	0	0	0	1	0	1	0	0	0	0	0	0	1	1	0	1	0	0	0	1	1	0	0	0	0	2	0	0	0	1	0	0	2	0	0	0	0	0	0	0	0	0	0	1	0	0	2	1	0	0	0	0	0	0	1	0	1	0	0	0	0	0	0	0	0	0	0	0	0	1	0	1	0	0	0	0	0	1	0	0	0	0	0	0	0	1	0	0	0	0	0	0	0	0	1	0	0	0	0	0	0	0	1	0	0	0	0	0	0	0	0	0	0	0	0	0	0	1	0	0	0	0	1	0	0	0	0	0	0	0	0	0	1	0	0	0	0	0	0	0	0	0	0	0	0	0	0	1	0	0	0	0	0	1	0	0	0	0	0	0	0	0	0	0	0	0	1	0	0	0	0	0	0	0	0	1	0	1	0	0	0	0	0	0	0	0	0	0	0	0	1	0	1	2	0	0	0	0	1	0	0	0	0	0	0	0	0	0	0	1	0
0	0	0	0	0	0	0	0	0	0	1	2	2	1	1	0	2	2	1	2	0	0	2	0	0	2	2	0	3	0	1	0	0	0	0	3	1	3	8	5	3	3	2	3	2	5	3	2	1	2	7	2	6	5	17	5	3	1	0	2	0	0	1	4	1	2	2	2	2	1	1	2	1	0	4	8	8	7	2	5	4	3	3	4	6	5	1	5	3	2	2	1	0	0	2	1	0	1	0	1	0	1	0	0	1	0	0	2	0	1	0	1	0	0	1	1	1	0	2	1	3	2	4	2	3	1	0	0	0	1	0	0	0	0	0	1	0	0	0	0	2	0	0	1	0	0	0	0	1	0	1	5	7	22	0	43	44	35	19	2	1	2	0	2	1	1	0	2	0	1	0	2	0	1	0	0	0	1	1	2	0	0	1	1	0	2	3	0	0	2	4	2	1	3	5	2	1	2	0	0	0	1	0	0	0	0	1	0	1	0	0	0	0	1	0	0	1	0	1	1	3	3	1	0	0	0	0	1	1	1	0	0	1	1	0	1	0	2	1	0	0	0	0	1	0	1	1	0	0	0	0	0	1	0	1	0	2	0	2	0	0	0	0	0	1	1	0	0	0	1	1	0	0	0	1	0	0	0	1	1	0	1	0	0	2	0	0	0	0	0	0	0	0	0	0	1	1	2	1	0	0	0	0	2	1	0	0	1	0	0	0	0	0	1	0	0	0	0	0	0	0	0	0	0	0	0	2	0	0	0	0	0	2	0	1	1	1	0	0	1	0	0	0	0	1	0	1	0	0	1	1	0	0	0	0	0	1	0	0	0	0	0	0	0	0	0	0	0	0	0	0	2	0	0	0	0	0	2	0	1	0	0	0	0	0	0	0	0	0	0	0	0	0	0	0	0	0	1	0	0	0	0	0	0	0	1	0	0	1	0	0	0	0	0	0	0	0	0	1	0	0	0	0	0	0	1	0	0	0	1	0	0	0	0	0	0	1	0	0	0	0	0	0	0	0	1	0	0	1	0	0	0	0	0	0	0	0	0	0	0	0	0	0	0	0	0	1	0	0	0	0	0	0	0	0	0	0	0	0	0	0	0	1	0	0	0	0	0	0
0	0	0	0	0	0	0	0	1	0	0	3	0	1	1	4	0	6	1	0	2	0	1	0	2	1	1	1	0	0	0	1	0	1	3	2	2	3	8	6	10	5	2	6	2	1	2	0	1	0	3	1	8	2	34	17	7	5	0	5	6	3	2	2	4	0	3	10	1	1	4	4	1	3	5	7	5	11	7	4	9	4	4	13	13	8	13	2	3	0	1	0	1	1	0	0	0	5	2	2	3	2	0	1	0	0	0	0	1	0	1	2	1	0	0	1	2	1	1	1	2	4	1	1	2	1	2	1	0	1	1	0	0	0	0	0	1	0	1	0	1	0	0	0	1	1	0	0	1	1	2	6	6	19	43	0	41	44	29	3	7	4	6	3	1	2	3	3	3	0	1	1	0	3	0	0	1	3	0	1	1	0	0	0	0	1	2	3	0	1	4	8	10	11	2	4	3	1	0	2	0	0	3	0	1	0	0	1	0	0	0	0	1	0	0	0	1	0	0	1	1	1	0	0	1	2	2	2	0	1	2	0	1	0	0	1	0	0	0	0	0	0	0	0	0	0	0	0	1	0	0	0	1	2	1	1	0	1	0	1	0	1	0	0	0	0	0	0	1	1	0	0	0	0	0	1	0	0	1	0	1	1	0	0	0	0	0	0	1	1	0	0	0	0	0	2	0	0	0	0	0	0	0	0	0	3	0	0	0	1	0	0	0	0	0	0	0	0	0	0	0	0	0	0	0	0	0	0	0	0	1	1	0	0	0	0	0	1	0	0	0	1	0	0	0	0	0	0	0	0	0	0	0	0	0	0	0	0	1	0	0	0	0	0	1	0	0	0	0	0	0	1	0	1	0	1	1	0	1	0	0	1	0	0	0	0	1	1	0	0	0	0	0	0	0	0	0	0	0	0	0	1	0	0	0	0	0	1	0	0	1	0	0	0	0	1	1	1	1	1	0	0	0	0	0	0	0	1	1	0	1	0	0	0	0	1	0	0	0	1	0	0	0	0	0	0	0	0	0	0	0	0	0	0	0	1	1	0	0	0	0	0	0	1	0	0	0	0	0	0	0	0	0	0	0	0	0	0	1	0	0	0	0	0	0	0	0	0	0
0	0	0	0	0	0	0	1	0	0	0	0	0	0	0	3	1	2	1	0	1	1	2	1	2	1	0	1	0	1	1	0	0	0	2	0	1	5	5	1	1	2	2	3	0	1	2	0	0	1	3	2	1	2	9	4	5	2	0	2	2	0	0	2	1	6	0	1	1	0	2	4	1	1	2	3	6	4	5	6	2	4	9	13	4	4	4	3	2	0	0	1	0	0	1	1	1	0	4	1	0	1	3	2	0	1	1	0	0	0	0	0	0	2	0	0	0	0	1	2	1	1	2	1	0	0	0	1	1	0	1	0	0	0	1	0	0	0	0	2	2	0	0	1	2	1	1	0	0	1	0	3	4	8	44	41	0	14	10	2	3	4	3	3	2	0	1	0	3	0	0	0	1	1	1	3	2	0	1	1	0	0	1	0	0	2	1	0	0	0	5	4	4	7	4	0	0	1	1	0	0	0	0	1	3	2	3	1	4	0	0	1	0	0	1	1	2	0	0	2	0	1	1	1	0	0	1	1	0	2	1	1	1	2	0	0	0	0	0	1	1	0	2	2	0	0	1	0	0	0	0	0	1	1	0	0	0	0	0	0	0	0	0	1	0	0	1	0	1	0	0	0	1	0	1	0	1	2	0	0	0	0	0	1	0	0	0	0	0	1	0	1	0	0	0	0	0	0	0	0	0	0	2	1	0	0	0	2	2	0	1	0	1	0	0	1	0	0	0	0	0	0	0	0	0	0	1	0	0	0	0	0	0	0	0	0	0	0	0	0	0	0	0	0	0	0	0	0	0	0	0	0	0	0	0	0	0	0	0	0	0	0	0	0	1	0	0	0	0	0	0	0	0	1	0	0	0	0	0	1	0	0	0	0	0	0	0	0	0	0	0	0	0	0	0	0	1	0	0	0	0	0	0	0	0	0	0	0	0	0	0	0	0	0	0	0	1	2	0	1	0	0	0	0	2	0	0	0	0	0	0	0	1	0	0	0	0	0	0	0	0	0	0	1	0	0	0	0	0	2	1	0	1	1	0	0	0	0	0	0	0	0	1	0	0	0	0	0	0	0	0	0	0	0	0	1	1	0	0	1	0	0	0	0	0	0	0	1	0
0	0	0	0	0	0	0	1	0	0	2	2	0	1	1	0	2	3	1	1	2	1	2	0	1	2	2	0	2	2	1	0	0	1	1	4	4	6	24	13	12	3	2	4	3	4	0	2	0	2	2	4	11	8	11	9	11	4	2	4	5	2	2	3	2	6	1	1	5	4	4	3	0	0	1	3	5	6	8	2	0	3	3	10	6	2	11	5	1	1	4	1	0	0	1	1	1	3	1	1	2	3	2	4	0	3	0	1	3	0	1	0	2	1	0	1	2	1	2	4	5	1	6	0	2	1	1	0	0	0	2	0	0	0	0	0	1	1	0	0	2	0	1	2	0	2	0	1	1	1	3	9	25	60	35	44	14	0	49	5	2	3	1	0	5	3	0	3	0	2	0	1	0	1	0	2	1	0	1	0	0	2	0	0	0	1	0	0	0	1	2	4	6	8	6	0	2	0	0	1	0	3	3	1	1	0	1	2	2	0	3	0	0	1	0	1	2	1	4	3	1	3	0	0	2	1	0	1	1	3	1	2	0	1	1	0	0	0	1	0	0	0	0	0	1	0	0	0	0	0	0	0	1	1	1	3	2	1	0	0	0	0	1	0	0	1	0	0	0	0	1	1	0	0	0	0	1	0	2	0	2	1	0	0	0	0	0	0	1	0	0	0	0	0	0	0	1	0	0	0	1	0	0	0	0	0	0	2	0	0	0	0	0	0	0	1	0	0	0	0	0	0	1	0	1	0	0	0	0	0	0	0	0	1	1	1	1	1	0	0	1	0	0	0	0	0	0	0	1	0	0	0	0	0	0	0	0	0	0	0	0	0	1	0	0	0	0	0	0	0	0	0	0	0	0	0	2	1	0	0	1	0	0	0	0	0	0	0	0	0	0	0	0	0	0	0	0	0	0	0	0	0	0	1	0	0	0	0	0	0	0	0	0	0	0	0	0	0	0	0	0	1	0	0	0	0	0	0	1	0	0	0	0	0	1	0	0	0	0	1	0	0	2	0	0	0	0	1	1	0	0	0	0	0	0	0	0	0	0	0	0	0	2	0	0	1	0	1	0	0	0	0	0	1	0	0	0	0	0	0	1	0	0	0	0	0	0	0	0
0	0	0	0	0	0	0	2	1	3	0	0	1	2	0	2	2	4	3	3	4	3	2	0	2	1	0	1	0	2	2	1	1	0	0	3	4	5	10	9	6	5	9	5	6	4	5	1	2	3	3	1	8	8	10	14	12	5	5	3	6	2	2	1	2	3	6	4	3	2	2	1	4	2	1	0	6	6	4	1	4	1	2	4	10	8	28	12	7	0	1	0	1	0	1	3	1	3	6	5	1	2	4	0	1	2	0	1	3	1	2	0	0	2	3	2	0	0	1	2	0	2	2	0	1	0	0	0	0	1	1	0	1	0	0	0	1	1	3	0	2	0	1	3	1	0	1	1	1	2	3	14	31	20	19	29	10	49	0	6	5	2	3	0	0	2	1	5	0	0	1	1	4	0	0	2	0	1	1	0	1	0	2	3	0	2	1	3	2	1	2	8	5	5	4	3	0	0	0	0	0	0	0	0	2	1	0	0	1	0	0	0	0	1	3	0	1	3	1	2	1	0	0	0	1	0	0	2	0	2	2	3	1	1	0	0	1	0	0	1	1	0	0	1	0	0	1	1	3	1	0	1	1	2	0	2	1	2	1	0	1	0	1	0	0	0	0	0	0	0	0	0	0	0	0	0	0	0	2	1	1	0	0	0	1	1	1	0	0	0	0	0	0	0	0	0	1	0	1	0	1	0	1	0	0	0	0	0	0	0	0	0	0	1	0	0	0	0	0	0	0	0	0	0	0	0	1	0	1	0	0	0	0	0	0	0	0	1	0	2	0	1	0	0	0	0	0	0	0	0	0	0	0	1	0	0	0	0	0	0	0	0	0	0	1	0	0	1	0	1	0	0	0	0	0	2	0	1	0	0	0	0	0	0	0	0	0	0	0	0	0	0	0	0	0	0	0	0	0	0	0	0	0	1	0	1	1	0	0	0	1	0	0	0	1	0	1	1	1	0	0	0	0	0	0	1	0	0	0	0	0	0	0	0	0	0	0	0	0	1	0	1	0	0	1	0	0	0	0	0	2	0	0	1	0	0	0	0	0	0	0	0	0	0	0	0	0	0	0	0	0	1	0	0	0	0	0	0	1	0	0	0	0	0	0	0	0	0	0
0	0	0	0	0	0	0	1	2	3	0	1	2	2	3	1	3	10	4	1	3	1	3	4	0	2	1	0	0	1	1	1	0	2	1	0	2	4	1	3	4	2	11	4	3	5	2	1	1	2	3	0	4	7	8	21	33	13	12	17	27	12	5	14	15	54	20	28	10	21	19	7	2	0	7	4	4	8	10	4	8	10	1	5	14	11	17	14	7	6	1	1	0	0	1	2	1	1	6	1	3	5	6	3	0	1	1	2	4	2	4	1	11	1	0	4	3	4	3	6	4	2	4	9	2	1	3	2	3	4	9	1	0	0	3	1	1	0	1	1	0	1	1	3	1	1	1	4	1	1	7	3	7	2	2	3	2	5	6	0	9	9	9	3	5	2	3	2	3	1	2	2	4	1	2	2	3	2	1	0	1	1	0	2	1	0	1	1	3	3	6	6	11	33	8	8	5	4	2	4	4	2	4	7	2	0	1	2	0	1	0	1	1	1	1	2	0	0	1	3	4	5	2	2	1	1	3	1	3	4	0	2	4	6	2	0	0	1	0	1	0	0	3	0	1	2	1	2	0	1	1	2	2	2	1	3	2	2	1	0	1	0	0	0	0	0	2	2	0	1	0	0	0	0	1	2	0	0	0	2	0	0	0	1	1	1	2	0	2	1	1	1	1	1	0	0	0	1	0	2	0	0	2	0	0	0	0	0	0	0	0	1	1	0	1	0	2	0	0	2	0	0	0	0	0	0	0	0	0	1	2	0	0	0	0	0	0	0	0	0	0	0	1	1	1	0	0	0	0	0	0	0	1	1	1	0	1	0	0	0	0	0	1	0	0	0	0	0	1	0	0	2	1	0	0	0	1	0	0	1	1	0	0	0	0	0	0	0	1	0	0	0	0	0	0	0	0	0	0	0	1	0	0	0	1	0	1	0	0	0	0	1	2	0	1	0	0	1	0	0	1	0	0	0	0	0	0	0	0	0	0	0	0	0	0	0	0	0	0	0	0	0	0	0	0	0	0	0	0	0	0	0	0	0	0	0	0	1	0	0	0	0	0	0	1	1	1	0	0	0	0	0	0	0	0	0	0	0	0	0	0	0	0	0	0	0	0	0	0
0	0	0	0	0	0	0	2	0	1	2	2	2	1	3	2	1	2	2	3	4	1	3	4	2	0	0	1	0	0	4	0	1	1	0	0	1	0	4	0	1	2	1	1	2	0	0	3	3	2	2	0	0	2	5	6	5	4	1	8	11	4	4	6	5	29	61	66	27	12	2	2	2	1	0	1	3	3	3	3	6	1	2	6	3	13	6	10	12	4	2	2	1	1	4	1	4	4	10	9	11	4	8	4	0	2	2	3	3	2	5	9	5	3	3	2	1	3	5	1	2	1	2	3	0	0	2	1	2	3	0	0	0	0	0	1	0	1	0	1	3	1	0	3	1	4	5	0	3	0	7	0	4	1	1	7	3	2	5	9	0	281	17	1	15	14	11	3	2	2	1	0	1	1	4	1	5	3	2	0	4	3	1	1	0	1	2	9	9	12	6	4	9	5	9	5	1	2	2	0	1	1	6	1	2	1	2	3	2	1	0	1	1	1	0	0	1	2	3	4	10	4	3	5	3	3	1	1	4	7	5	10	17	17	1	2	0	0	0	1	0	0	0	1	0	1	0	2	0	1	0	0	2	1	1	4	3	1	1	0	1	0	0	2	2	3	0	1	0	0	1	0	1	0	2	2	0	1	3	2	0	1	0	2	0	0	0	1	0	1	0	0	0	1	0	0	0	2	0	2	1	2	1	2	1	2	1	0	0	0	0	1	0	0	1	0	0	0	0	0	0	1	0	0	0	1	1	0	1	1	0	0	0	0	0	0	1	0	2	1	0	1	0	2	0	2	2	0	0	0	0	0	2	1	0	0	0	1	0	0	0	0	0	1	0	0	0	0	1	0	0	4	1	1	1	3	1	0	1	0	1	0	2	0	1	0	1	0	1	0	0	0	0	0	0	0	0	0	0	0	0	2	1	0	0	0	0	0	0	0	0	0	0	2	0	0	0	1	1	1	0	0	0	0	0	1	0	0	0	0	1	0	0	0	0	0	0	0	0	1	2	0	0	0	0	0	0	0	2	2	0	1	0	0	0	1	0	0	1	0	0	2	0	0	2	0	0	1	2	2	0	0	1	0	0	0	0	0	0	0	0	0	0	0	0	0	0	1	0
0	0	0	0	0	0	0	0	1	1	0	1	0	2	1	2	6	1	0	0	1	0	2	3	1	1	2	0	0	0	1	1	0	2	0	3	2	1	4	2	0	3	4	0	2	0	2	1	1	0	1	1	3	2	4	2	10	4	2	1	3	3	7	2	6	17	26	38	14	12	1	1	2	1	1	2	2	1	2	4	2	7	1	4	5	9	11	5	2	2	2	1	0	2	2	3	6	5	12	12	5	5	5	4	0	0	1	2	2	1	4	5	1	1	2	7	3	2	4	0	2	0	2	2	4	1	2	1	3	3	1	3	0	1	1	2	0	0	3	2	2	1	2	1	2	1	1	0	1	2	8	3	3	4	2	4	4	3	2	9	281	0	13	8	16	14	5	3	2	4	3	0	2	2	4	3	1	0	4	2	3	1	4	2	2	3	3	3	10	20	17	5	9	10	15	3	2	0	4	5	1	5	7	6	5	0	2	4	1	1	0	0	1	1	2	1	1	1	3	8	8	5	5	0	3	1	4	1	2	4	11	8	32	7	6	3	0	1	0	0	1	2	1	1	1	0	0	0	0	0	0	3	4	0	3	4	2	1	3	2	0	1	0	0	0	0	0	1	1	0	1	1	0	2	0	1	3	1	2	0	2	0	0	0	0	0	0	1	0	1	1	3	1	1	1	1	0	2	1	1	2	1	1	1	0	1	1	0	2	0	1	2	0	0	0	1	0	0	0	1	0	1	0	0	0	0	0	1	0	0	0	2	0	0	0	0	0	0	0	1	0	0	0	0	1	0	1	0	1	1	0	0	0	1	0	1	0	0	0	0	1	2	1	0	0	1	0	0	0	0	1	1	4	0	0	1	0	0	1	0	2	0	0	0	0	0	1	0	0	1	0	0	1	0	0	0	0	0	0	0	0	0	0	0	0	0	0	0	0	0	1	0	0	0	0	0	1	0	0	2	2	1	1	0	0	1	0	0	2	0	0	1	1	0	0	0	0	0	1	1	0	1	1	0	0	1	1	0	0	2	0	1	0	0	0	0	1	0	0	1	0	0	1	0	0	0	0	0	0	0	0	0	0	0	0	0	0	1	1	0	0	0	0	1	0	0	0	0	0
0	0	0	0	0	0	0	0	2	1	3	2	2	3	2	0	1	3	2	0	1	0	5	1	1	2	0	0	0	0	0	0	0	1	1	3	0	0	1	1	1	2	1	1	1	0	1	1	0	1	0	2	0	0	4	2	4	2	6	2	3	7	7	11	7	14	13	12	4	4	6	1	2	1	1	3	2	3	7	1	8	15	11	1	10	10	2	7	3	4	2	1	2	0	1	2	2	7	13	4	5	2	1	1	1	0	1	1	1	3	2	2	7	3	1	1	1	3	0	3	2	0	2	0	3	1	1	3	0	3	2	1	0	2	0	1	1	0	3	2	1	0	0	1	1	0	3	3	2	2	3	2	0	1	0	6	3	1	3	9	17	13	0	52	33	23	8	4	2	5	4	2	3	1	7	9	7	3	9	1	3	1	2	0	2	2	1	7	6	18	39	11	20	5	23	6	1	0	5	5	4	10	7	1	4	1	3	4	1	2	1	2	1	2	0	1	1	1	1	5	3	1	2	1	3	2	5	3	1	2	5	5	7	3	4	1	1	0	0	2	2	1	0	3	0	0	0	1	3	0	2	1	0	2	1	3	8	2	4	0	3	1	0	0	1	1	0	0	1	0	0	1	0	1	1	0	1	2	2	3	0	0	1	1	0	0	1	2	2	1	0	1	0	0	2	2	1	1	0	1	1	2	0	1	2	1	0	0	2	0	0	0	0	0	1	1	1	0	1	0	0	1	1	0	0	0	2	1	0	0	0	2	0	0	0	0	0	1	0	0	0	0	1	0	1	3	2	0	0	0	0	0	0	0	0	0	1	0	0	2	4	0	0	1	0	1	2	0	0	0	0	0	1	0	1	2	1	3	0	0	1	0	0	0	0	0	0	0	0	0	0	0	0	0	1	0	0	0	0	0	0	0	0	1	2	0	0	0	1	0	2	1	2	0	0	0	0	0	1	0	0	2	0	0	0	1	2	1	0	0	0	0	0	1	1	0	1	1	0	0	0	0	0	0	0	1	1	1	1	1	1	0	2	0	0	0	0	0	0	0	0	1	0	0	0	0	0	1	0	0	0	0	0	0	0	0	0	0	0	1	0	0	2	1	1	0	0	0	1
0	0	0	0	0	0	0	2	0	0	0	1	2	0	2	0	0	6	1	1	0	0	0	2	0	3	0	3	1	1	1	0	0	0	2	2	2	1	2	0	3	1	2	0	1	3	0	2	3	0	2	2	2	3	3	2	2	2	1	4	6	6	11	11	10	9	8	7	5	10	4	2	2	2	2	3	4	5	3	6	7	29	10	5	4	11	4	2	2	2	1	0	3	1	1	4	0	2	0	4	2	1	2	1	2	0	1	1	3	0	0	5	2	1	0	1	1	1	0	0	2	0	4	1	1	2	0	1	1	1	1	0	0	0	2	1	0	1	1	0	2	0	2	1	1	0	2	1	0	0	2	6	2	0	2	3	3	0	0	3	1	8	52	0	33	19	8	9	6	5	4	3	3	5	18	21	13	11	9	0	1	0	1	1	0	2	4	1	5	7	22	8	11	6	38	15	2	3	3	3	4	2	7	5	6	2	1	1	4	2	2	1	0	2	1	0	0	0	1	2	0	2	6	0	1	5	1	2	2	1	2	4	6	6	4	1	1	0	0	3	0	2	1	0	1	0	1	0	3	4	0	3	0	4	2	6	16	4	4	2	0	0	0	1	0	1	0	3	0	1	2	1	3	1	0	0	3	0	1	1	2	2	1	1	0	0	0	0	0	1	0	0	0	0	0	1	1	1	1	1	2	0	3	1	1	0	1	0	1	0	0	2	0	0	1	0	0	1	0	0	0	0	0	1	0	0	1	0	0	1	0	0	1	0	0	0	0	0	0	2	1	3	0	0	2	0	0	0	0	0	1	0	0	0	0	0	2	1	0	1	0	2	1	0	0	0	0	0	1	0	1	1	1	1	1	0	1	1	2	0	1	0	0	0	1	1	1	0	0	1	0	1	0	0	0	0	0	0	1	1	1	0	0	0	0	0	0	0	1	2	0	0	0	0	0	0	0	0	0	1	1	1	0	0	0	0	0	0	0	0	0	0	2	0	0	1	0	1	0	0	0	1	0	0	0	0	0	0	0	2	1	0	0	0	0	0	0	0	0	0	0	0	0	0	1	0	0	0	0	0	0	0	0	0	0	0	0	0	0	0	0	1	0	0	0	0	0	0	0
0	0	0	0	0	0	0	1	0	2	1	1	2	1	0	1	3	0	0	2	0	0	1	1	2	1	1	0	3	0	1	1	0	1	0	1	2	1	2	2	1	1	2	2	1	0	0	0	0	1	0	1	7	2	8	2	2	1	2	4	4	13	8	8	7	18	19	16	9	2	3	3	2	4	2	2	3	0	4	2	1	9	4	1	5	4	1	1	0	2	3	1	0	0	0	2	4	3	4	4	3	2	0	0	1	1	1	1	2	0	1	3	6	4	5	3	2	3	2	1	2	2	0	1	2	0	1	0	2	2	0	1	1	4	0	0	0	1	0	0	1	1	1	2	1	2	1	1	0	3	5	3	0	1	1	1	2	5	0	5	15	16	33	33	0	114	18	13	7	8	3	3	3	4	15	17	10	10	8	2	2	4	0	2	3	4	2	4	22	17	9	6	9	3	24	8	9	2	3	5	3	8	16	6	3	3	8	2	2	1	2	0	2	1	0	1	0	4	3	2	3	5	8	4	0	6	3	2	1	6	5	3	5	10	4	2	3	1	2	0	2	2	0	0	0	0	0	1	5	0	1	2	1	3	3	22	6	4	2	0	1	1	2	1	1	3	3	0	3	3	3	0	2	1	3	1	0	1	3	0	0	1	1	3	4	0	1	0	0	0	1	0	1	1	1	0	2	1	1	4	1	1	3	2	1	1	0	2	0	0	0	2	0	0	0	0	0	0	0	0	0	0	0	3	1	1	0	0	0	0	1	0	0	0	0	0	0	0	2	0	0	2	1	1	0	0	1	0	0	0	2	0	0	0	0	0	0	0	0	0	0	0	0	0	1	0	0	0	0	1	1	1	1	1	1	1	0	1	2	0	2	1	0	1	0	0	0	0	0	1	0	0	0	1	0	0	0	0	0	0	0	0	1	1	0	0	1	1	1	0	1	1	0	1	0	0	1	3	0	1	1	0	0	2	0	0	0	0	0	2	0	0	1	0	0	0	0	0	0	0	0	0	0	0	0	1	0	1	1	0	0	0	0	0	0	0	1	0	0	0	0	0	0	1	1	0	1	1	0	0	0	0	0	0	0	0	0	0	0	1	0	0	0	0	0	0	0	0	2
0	0	0	0	0	0	0	1	0	3	0	0	1	0	2	0	1	4	1	4	0	0	1	2	3	2	0	1	0	1	3	0	1	0	0	0	1	1	0	0	0	2	1	1	0	1	1	0	0	4	1	2	0	3	2	1	2	2	1	6	8	20	9	11	13	22	20	17	11	9	4	1	0	5	0	5	3	3	5	5	8	7	2	1	4	2	2	5	5	3	3	2	2	1	0	1	1	2	5	3	2	1	1	0	2	0	3	3	5	5	2	8	7	3	5	7	4	5	4	5	2	4	2	4	2	0	3	2	4	2	1	1	2	2	1	0	0	4	0	0	1	2	1	6	0	4	3	4	4	2	6	2	0	1	1	2	0	3	2	2	14	14	23	19	114	0	56	30	11	2	3	3	5	6	9	7	11	7	7	0	3	2	2	4	0	4	6	15	9	4	6	2	3	5	20	12	9	4	4	6	14	6	18	3	6	10	2	5	0	0	1	4	2	0	4	3	1	1	4	4	1	2	9	0	4	4	10	3	5	4	0	3	9	6	7	1	0	1	0	0	1	1	1	0	0	0	1	1	2	1	3	1	2	3	5	16	3	7	1	1	2	0	0	1	0	2	1	2	1	0	1	2	0	0	2	4	0	1	2	2	0	1	1	2	0	0	0	1	1	2	0	1	0	0	1	2	1	2	0	0	0	2	1	3	0	1	1	0	1	1	0	0	0	0	0	0	0	0	0	0	0	0	0	0	0	1	0	0	0	0	0	0	0	0	0	1	0	1	0	3	1	1	2	0	2	0	0	1	0	0	0	1	1	0	2	0	0	0	2	0	1	1	0	1	1	0	1	0	0	0	2	2	1	1	2	0	0	2	0	0	2	1	0	0	0	0	0	0	0	0	0	0	0	0	0	0	0	0	0	0	1	0	0	0	0	0	0	0	0	1	1	0	0	1	0	2	1	1	0	1	1	0	0	0	1	0	0	0	1	0	0	1	0	0	1	0	0	0	0	0	1	0	0	0	0	0	0	0	0	0	0	0	1	1	1	1	1	0	0	2	1	0	0	0	0	0	0	0	0	0	0	0	0	0	0	0	1	0	0	0	0	0	0	0	0	1	0	1	0
0	0	0	0	0	0	0	0	1	2	0	0	0	0	1	2	2	5	2	0	1	0	1	1	2	0	1	2	1	3	1	0	0	0	0	1	0	0	2	0	4	1	1	0	2	3	0	0	0	0	4	2	0	2	3	2	2	4	3	3	6	27	11	4	6	10	13	10	9	7	1	5	1	2	1	0	0	0	2	4	5	8	2	1	0	1	1	4	3	2	1	1	2	2	2	0	2	0	5	7	3	2	1	2	0	0	2	0	4	3	9	8	18	5	3	5	2	2	4	6	2	4	2	4	1	1	0	1	2	4	3	4	1	3	1	3	0	1	0	0	0	0	3	5	1	7	3	2	2	2	2	0	2	0	0	3	1	0	1	3	11	5	8	8	18	56	0	66	12	7	5	3	7	7	7	10	3	2	4	2	4	3	4	5	2	1	6	7	10	8	5	6	1	5	8	6	8	3	6	10	24	7	20	14	15	7	4	4	4	3	2	1	1	0	4	1	1	2	2	4	5	5	32	6	6	6	13	7	3	3	0	3	5	11	6	1	1	0	1	0	0	1	1	2	2	1	0	4	3	3	3	0	5	2	3	10	10	5	3	3	2	0	0	3	1	0	3	2	0	1	0	2	0	0	3	4	4	0	3	2	0	0	0	3	1	0	1	0	3	2	0	2	1	1	2	0	5	2	3	2	3	2	1	2	1	3	0	0	1	1	0	1	1	0	0	0	3	0	0	0	2	0	0	0	0	0	0	0	0	0	2	0	0	0	2	2	0	1	0	1	0	0	1	0	1	0	0	0	1	0	1	1	0	0	1	1	1	0	1	0	2	0	0	0	0	2	0	0	0	1	0	0	2	2	3	0	1	1	1	2	0	0	2	0	0	0	0	0	0	0	0	0	1	1	0	0	0	0	0	0	0	0	1	1	1	0	0	0	1	0	0	0	0	1	0	0	0	0	0	1	0	1	1	1	1	1	2	1	2	0	0	1	0	0	0	1	1	0	0	0	1	0	1	1	0	0	0	0	0	1	1	0	0	0	0	0	0	0	0	0	0	1	1	1	0	0	1	0	0	0	1	0	0	0	1	1	0	1	0	0	0	0	0	1	0	0	0	1	0
0	0	0	0	0	0	0	1	0	1	1	1	2	0	1	1	4	4	5	0	0	0	0	1	5	0	1	0	0	0	1	1	1	0	0	1	1	2	1	1	1	1	3	0	1	2	2	0	0	1	0	5	0	0	2	2	6	3	4	4	5	91	57	12	17	11	15	3	6	9	3	3	10	5	3	2	3	1	3	3	6	5	2	1	3	4	2	3	6	4	1	3	1	1	0	3	1	1	3	1	1	0	1	1	2	1	1	1	2	5	7	10	15	6	7	9	5	3	5	2	2	1	2	2	4	1	2	2	7	2	3	6	0	1	2	0	1	1	3	2	3	2	3	8	3	6	1	3	0	1	0	2	2	0	2	3	0	3	5	2	3	3	4	9	13	30	66	0	14	11	5	3	6	9	8	9	5	1	0	1	0	5	2	0	2	2	2	6	4	4	3	0	2	1	10	17	22	12	5	10	11	7	19	23	21	5	1	1	1	0	2	1	4	3	6	3	0	4	2	3	2	4	9	5	10	5	5	3	2	2	2	5	2	6	4	0	0	0	1	1	0	0	2	0	2	0	1	3	7	4	0	2	2	3	2	11	7	4	3	3	2	0	1	2	1	0	3	2	1	3	3	2	1	2	1	0	1	1	3	0	2	1	3	0	2	1	2	1	0	1	1	0	2	0	2	3	2	5	1	3	4	1	3	2	0	2	1	1	2	2	1	0	0	0	0	0	0	1	0	0	1	1	0	0	1	0	0	1	0	0	0	0	0	0	1	1	0	1	1	0	0	0	2	0	1	1	2	0	1	1	1	1	0	0	1	0	3	0	1	1	0	0	0	0	0	0	0	0	0	0	1	0	1	0	0	0	0	0	0	3	0	0	1	0	1	0	0	0	0	1	1	1	0	1	1	0	0	0	0	0	1	0	1	0	0	0	0	0	0	0	1	0	1	2	0	2	2	0	2	1	0	0	0	0	0	0	0	0	1	1	0	0	0	0	0	0	0	0	1	3	0	0	1	1	2	1	0	0	0	1	0	0	0	0	1	1	1	0	0	0	0	1	0	0	0	0	0	0	0	0	0	0	1	0	0	0	1	1	0	0	0	0	0	0	0	0	0	0	0
0	0	0	0	0	0	0	2	0	2	0	1	3	2	2	0	2	2	1	3	1	0	3	4	5	1	0	3	3	1	1	0	3	1	1	3	2	0	1	2	3	2	0	3	2	0	3	0	0	2	1	1	0	1	2	0	2	2	4	3	6	29	11	5	1	3	3	5	8	5	1	6	5	3	2	3	0	1	2	3	5	5	0	5	3	4	0	0	1	1	0	1	6	2	1	1	2	2	0	2	1	2	0	0	1	1	1	1	0	0	9	16	32	22	24	20	8	4	13	4	3	2	2	9	6	0	2	6	8	7	8	16	2	2	2	0	1	0	1	1	1	6	4	12	6	7	8	1	3	2	3	0	0	1	0	3	3	0	0	3	2	2	2	6	7	11	12	14	0	19	6	7	4	4	8	4	5	1	1	3	0	2	2	2	3	2	3	9	6	5	1	2	1	4	2	5	7	17	14	14	8	5	6	6	16	11	3	4	3	1	0	1	1	6	0	6	1	1	5	1	7	4	14	8	10	8	7	7	2	3	2	1	1	4	7	4	0	3	4	1	1	2	2	4	7	0	1	6	7	7	3	1	0	4	1	2	2	3	0	0	1	0	2	1	1	1	1	0	1	0	2	0	0	0	2	2	0	1	2	3	0	0	0	1	0	1	0	1	1	1	2	3	0	1	5	3	2	2	2	5	2	1	4	5	3	1	2	0	2	1	0	0	0	0	0	0	0	1	0	0	2	0	0	1	0	0	0	1	0	0	0	1	0	0	1	0	0	0	1	1	0	1	1	2	0	1	1	0	0	0	1	0	0	0	1	1	0	0	1	1	0	0	1	2	0	0	0	0	1	0	2	1	0	0	0	0	0	0	2	4	0	0	0	0	0	0	0	0	1	0	0	0	0	0	0	0	0	0	1	0	0	0	0	0	1	0	0	0	1	0	0	0	0	0	0	0	1	0	0	1	0	0	1	0	0	1	1	3	1	0	0	1	0	0	0	0	1	0	0	0	1	1	0	0	0	1	1	1	0	0	1	1	0	0	1	0	0	0	0	0	1	0	0	0	0	1	0	0	0	0	0	0	1	0	0	0	0	0	0	0	0	0	0	0	2	0	0	3	0
0	0	0	0	0	0	0	1	4	1	4	3	4	4	1	2	3	2	1	0	1	1	4	2	2	1	0	1	2	0	0	1	1	1	0	0	1	0	1	1	0	1	0	2	0	1	2	0	1	0	0	0	0	1	0	1	0	2	2	1	2	0	5	6	2	2	2	3	3	4	1	0	5	2	3	0	0	1	0	2	5	4	3	0	2	0	0	3	4	4	2	0	1	2	0	1	1	0	2	1	2	2	0	0	0	1	2	1	1	2	5	3	9	33	18	9	3	5	8	3	1	1	3	7	4	2	6	9	10	4	11	5	4	2	0	1	1	3	0	1	0	3	2	7	8	4	7	4	2	1	2	1	3	1	1	0	0	2	0	1	2	4	5	5	8	2	7	11	19	0	8	5	6	3	2	4	1	1	1	1	1	3	3	0	1	1	0	1	2	4	3	1	1	1	1	2	7	21	42	17	3	5	1	8	18	10	2	4	3	3	2	2	1	5	4	0	0	1	1	1	2	1	8	4	9	7	7	5	2	1	1	2	2	2	1	3	0	2	2	4	2	0	3	4	6	1	1	15	14	7	4	4	2	2	3	2	2	0	5	5	1	2	2	0	1	0	5	0	3	2	1	0	1	2	4	1	0	0	2	2	0	0	0	3	1	0	1	4	2	1	4	1	0	1	2	2	3	2	0	3	3	4	11	9	2	3	0	1	0	0	0	0	0	1	1	0	1	0	1	0	0	1	1	1	0	0	0	0	1	0	0	0	1	3	0	1	1	1	1	2	1	0	1	0	1	0	2	0	3	2	1	0	1	0	0	1	2	1	1	1	2	1	0	1	0	0	0	0	1	0	1	0	1	1	1	0	1	2	0	1	1	0	2	0	0	2	0	0	0	0	0	0	0	0	0	0	1	0	0	0	0	0	0	1	0	0	1	1	0	0	0	0	0	0	0	0	0	0	0	0	2	0	0	1	0	0	0	0	0	0	0	0	0	0	0	0	0	0	0	1	1	0	0	0	0	1	0	2	2	0	0	0	0	0	0	0	0	2	0	1	0	0	0	1	0	0	0	0	0	0	0	0	1	0	0	0	0	0	0	0	0	0	1	0	0	1	0	0	0
0	0	0	0	0	0	0	1	0	1	2	1	1	1	0	1	0	3	2	0	0	0	0	1	0	0	0	0	1	0	1	0	2	1	0	0	0	1	0	0	2	2	1	0	1	1	1	0	0	0	1	0	0	0	1	1	0	0	1	1	1	7	4	4	5	1	3	1	3	1	2	2	5	0	1	2	2	3	2	2	2	6	2	2	0	0	1	0	0	0	1	1	0	1	0	0	1	1	0	0	2	1	0	0	0	0	3	1	0	0	0	5	3	2	1	3	3	2	1	2	0	2	1	2	2	1	1	4	2	1	1	1	3	4	0	0	0	1	0	1	1	0	0	2	0	0	1	2	1	1	1	0	1	1	0	1	0	0	1	2	1	3	4	4	3	3	5	5	6	8	0	23	34	52	9	12	6	5	7	1	3	1	0	1	1	2	6	4	2	1	0	0	2	1	4	8	8	5	16	20	13	9	7	52	19	8	3	6	2	2	0	0	0	2	2	1	0	1	0	2	1	0	8	2	6	6	4	1	3	2	1	2	1	2	5	1	3	0	0	2	1	0	0	1	3	1	4	3	3	3	2	4	7	6	5	13	10	10	5	7	3	1	1	1	0	3	2	2	2	1	2	0	1	2	2	4	3	4	2	2	0	0	2	3	1	1	1	0	0	2	0	2	1	1	0	0	5	0	1	3	1	2	0	2	6	7	0	1	0	0	2	1	1	0	0	0	0	0	0	0	0	0	1	1	0	0	1	0	0	1	0	0	0	1	1	0	0	0	0	0	0	1	2	1	0	0	1	1	0	1	0	0	3	2	0	0	2	2	1	0	2	2	1	0	1	0	0	0	0	0	0	2	2	2	1	0	2	0	1	0	0	1	0	1	1	0	0	1	1	0	0	0	0	0	1	0	0	0	0	2	1	0	0	0	0	1	0	1	1	0	0	0	1	1	0	1	1	0	0	0	2	1	0	1	0	0	0	0	0	0	0	0	0	0	0	0	0	0	1	0	0	0	0	0	0	0	1	1	1	0	0	0	1	2	0	1	0	0	0	0	2	1	0	0	0	0	0	1	0	0	0	0	0	0	0	1	0	0	0	0	0	0	0	0	1	0	0	1	0
0	0	0	0	0	0	0	0	1	4	0	0	2	3	1	0	1	0	0	1	0	0	0	1	1	0	0	0	3	1	2	1	1	0	0	1	0	0	1	1	0	1	1	0	1	0	2	2	1	0	0	1	0	1	1	0	0	1	3	3	1	3	8	3	9	2	3	0	5	3	4	2	3	8	2	4	2	2	3	4	4	4	3	2	2	3	1	3	0	0	0	0	0	0	0	0	0	1	1	1	0	0	1	1	0	0	0	1	0	1	0	2	6	4	3	1	2	0	1	4	4	2	2	3	3	0	3	1	4	0	0	0	2	0	1	0	0	0	1	2	0	1	1	1	2	0	0	0	1	1	1	1	1	1	2	1	0	1	1	2	0	0	2	3	3	3	3	3	7	5	23	0	49	10	10	9	6	1	1	2	1	0	0	2	0	2	2	2	2	1	2	1	2	5	5	7	7	5	3	7	3	9	4	22	7	0	1	2	0	1	1	0	1	1	0	1	2	0	0	2	0	0	3	1	3	6	4	2	1	0	1	1	2	2	4	0	2	1	1	0	2	2	0	2	0	0	0	2	7	0	3	3	4	7	1	4	5	10	5	2	1	0	2	0	0	0	1	0	1	3	0	0	5	0	6	3	0	0	1	2	1	3	1	0	1	0	1	1	0	0	0	0	1	0	0	2	2	2	1	1	0	3	1	2	1	2	2	1	0	0	0	0	1	0	0	0	3	0	0	0	0	0	0	0	1	0	0	1	0	0	0	1	1	0	1	0	1	0	0	0	1	1	0	1	1	0	0	0	1	0	0	1	0	0	1	1	1	1	0	2	0	0	0	0	0	1	1	1	0	2	0	1	0	2	0	0	0	0	0	0	1	0	0	0	0	0	0	1	0	0	0	0	0	1	0	0	0	0	0	0	0	0	1	0	0	0	1	0	0	0	1	0	0	0	1	0	1	0	0	0	0	0	1	0	0	0	0	1	0	0	0	0	0	0	0	0	0	1	0	0	0	0	0	0	0	0	0	1	3	1	1	0	0	0	0	0	0	1	0	0	0	0	0	1	1	0	0	1	2	0	0	0	0	0	0	0	0	0	0	0	0	0	0	0	1	0	1	0	1
0	0	0	0	0	0	0	0	0	1	2	0	3	1	2	1	4	0	1	2	0	2	0	1	1	0	0	0	1	0	1	1	0	0	0	0	1	0	0	1	1	0	0	1	0	0	0	1	0	0	3	0	3	1	0	3	0	2	3	2	3	4	7	6	7	3	3	5	0	2	3	2	5	6	1	1	1	2	2	1	1	6	4	2	2	0	1	0	0	1	0	1	0	1	0	1	1	1	0	0	0	1	0	0	0	0	2	4	1	3	3	2	2	1	2	2	4	1	4	3	4	3	3	4	2	2	1	1	6	4	2	1	0	1	0	0	0	1	2	0	0	4	1	1	0	2	1	0	1	0	2	1	0	0	0	0	1	0	4	4	1	2	3	3	3	5	7	6	4	6	34	49	0	16	11	6	4	1	2	1	3	1	1	4	0	0	3	2	3	1	2	0	2	1	3	9	13	3	6	11	6	10	9	31	13	6	0	3	2	3	1	2	1	2	0	3	1	1	2	1	1	1	4	1	1	1	3	1	1	6	1	2	0	2	5	0	1	2	1	2	1	2	2	1	0	0	1	1	2	3	1	6	4	3	5	5	7	3	4	1	1	0	0	0	0	2	1	2	1	1	3	0	0	1	0	1	2	1	1	1	1	1	1	1	2	1	0	2	3	0	1	1	0	1	1	3	1	0	2	1	1	1	4	0	7	2	1	1	0	1	0	0	0	1	0	1	0	0	1	1	0	0	1	0	1	0	0	0	0	0	0	0	1	0	0	0	0	1	1	1	0	0	0	0	2	1	0	1	1	0	2	0	1	0	2	1	0	0	0	1	0	0	0	1	1	0	0	1	0	1	0	0	4	0	0	0	0	0	0	2	0	1	0	0	0	0	1	1	0	1	1	0	0	0	1	0	0	0	0	0	1	0	1	0	0	0	0	0	0	0	0	0	0	0	1	0	0	0	1	0	0	0	0	0	2	0	0	0	1	0	0	0	0	0	1	0	1	0	0	0	0	0	1	1	0	0	0	0	0	0	0	0	0	1	0	1	0	1	0	0	0	0	0	0	1	1	0	0	0	0	0	0	0	0	0	0	0	0	0	0	0	0	0	1	0	0	0	0	0
0	0	0	0	0	0	0	1	1	2	3	0	1	0	1	0	0	1	1	0	0	2	3	0	1	2	1	0	0	0	2	0	1	1	0	0	1	0	0	2	3	2	0	0	0	0	1	0	2	1	1	1	0	3	0	0	0	2	0	1	2	2	2	3	4	2	2	3	1	3	1	0	2	2	2	3	0	1	0	0	4	1	1	1	1	2	1	2	1	0	1	0	2	1	1	0	0	1	0	2	0	0	0	0	1	1	0	2	0	2	3	1	2	1	1	3	2	0	2	5	0	0	0	2	0	1	0	0	2	1	0	1	1	1	0	1	4	2	0	0	0	0	2	1	0	0	0	0	0	0	1	1	0	0	1	3	1	1	0	1	1	2	1	5	4	6	7	9	4	3	52	10	16	0	8	12	10	8	7	2	3	1	4	3	2	0	1	2	2	2	1	2	0	0	1	6	8	3	12	6	10	29	10	13	9	2	5	4	0	3	3	5	1	2	0	0	1	0	2	1	0	0	2	3	3	5	1	1	2	1	2	0	2	1	1	2	1	1	1	3	3	2	0	2	2	0	3	1	3	4	1	7	14	13	12	9	10	16	16	11	6	3	2	0	2	1	3	1	5	5	0	4	0	2	4	3	2	0	2	4	1	1	0	1	1	3	0	0	1	1	2	2	0	0	3	3	4	1	2	1	3	3	2	4	1	2	1	1	1	1	0	2	0	1	0	0	0	0	0	0	0	0	0	0	0	0	0	0	0	1	0	0	1	0	0	1	0	1	0	1	2	2	3	3	2	0	0	2	1	1	0	1	1	1	1	2	0	1	0	1	0	0	0	0	0	2	0	0	1	2	1	1	0	1	0	0	0	0	1	1	1	0	0	1	1	0	0	0	0	0	0	0	0	0	0	0	0	0	0	0	0	0	0	1	0	0	0	0	1	0	0	0	0	0	0	1	0	0	1	2	0	0	0	1	0	0	0	0	0	1	0	0	0	0	0	1	0	0	0	0	0	0	0	0	1	0	0	0	1	1	0	0	0	1	0	0	0	1	1	0	1	0	0	0	0	0	0	1	0	0	1	0	0	0	0	0	1	0	0	0	0	0	0	0	0	1	0	0	1
0	0	0	0	0	0	0	0	2	0	1	1	0	1	1	1	2	0	4	0	1	2	1	1	1	1	0	0	0	1	0	1	0	0	0	3	0	0	2	1	3	1	1	1	2	3	2	0	0	2	0	3	0	4	0	3	1	1	1	1	0	5	8	3	8	3	5	4	1	1	1	5	6	2	3	5	4	0	5	3	2	8	1	4	4	3	1	0	2	3	3	0	3	1	0	1	2	0	0	1	2	3	1	1	0	1	0	0	0	0	0	1	4	4	1	0	3	1	2	2	0	0	2	0	1	1	3	1	3	1	3	2	1	1	1	0	0	0	1	1	0	3	0	5	2	1	2	0	2	0	3	2	0	2	0	0	1	0	0	2	4	4	7	18	15	9	7	8	8	2	9	10	11	8	0	257	25	19	5	1	5	2	0	4	1	4	4	2	5	5	2	4	4	3	8	16	8	3	5	8	11	15	22	23	6	3	3	6	1	2	1	4	1	0	0	1	0	1	0	2	3	2	7	3	8	5	2	0	3	3	3	1	5	1	1	2	1	0	2	0	1	1	2	0	1	2	0	3	1	2	2	4	6	4	8	13	37	9	9	1	0	2	1	0	1	1	2	3	2	5	2	1	1	0	1	2	1	0	1	4	0	1	1	1	2	3	0	1	0	1	0	1	1	0	1	5	0	0	0	3	1	3	0	3	2	5	2	0	2	0	1	0	0	0	0	1	1	0	0	2	1	1	1	0	1	1	0	0	0	0	0	1	0	1	0	1	0	0	1	0	0	1	1	0	0	1	1	1	0	1	0	0	0	0	1	2	0	0	1	1	0	0	1	0	1	0	0	1	0	0	1	0	1	0	0	3	1	1	1	2	0	0	0	0	0	0	0	0	0	0	0	0	0	0	0	0	0	0	0	0	0	0	1	0	0	0	0	1	0	0	2	0	0	0	1	0	0	0	1	0	0	1	0	0	0	0	0	0	0	0	0	0	0	1	3	1	0	0	0	0	0	0	0	0	0	0	1	0	0	1	0	0	1	0	0	0	0	0	0	0	0	0	0	0	0	1	0	0	0	1	0	0	0	0	0	0	0	0	0	1	0	1	0	0	0	0	0	0	0
0	0	0	0	0	0	0	1	1	1	3	1	0	0	0	2	1	2	2	0	0	0	1	4	2	3	1	3	1	1	0	0	0	0	0	1	0	2	1	2	0	0	1	0	1	1	0	0	0	0	1	1	1	1	2	4	1	1	1	1	2	5	4	5	4	8	3	2	6	2	3	2	3	3	2	1	5	3	2	3	5	6	3	4	0	2	5	0	1	0	0	1	2	1	1	2	0	0	2	2	1	4	0	0	1	2	0	1	0	1	1	3	8	5	2	4	1	1	1	1	2	1	0	2	2	1	1	2	2	0	3	0	2	1	1	0	0	1	0	0	1	1	2	1	0	2	0	2	3	1	2	2	0	2	0	0	3	2	2	2	1	3	9	21	17	7	10	9	4	4	12	9	6	12	257	0	21	12	8	3	2	2	5	1	2	0	5	4	7	10	6	4	3	0	14	19	5	3	5	7	14	17	40	16	10	8	4	4	4	1	1	1	1	0	1	0	2	0	1	2	2	4	6	2	3	6	3	2	2	1	3	1	4	4	2	1	0	2	1	0	1	1	1	0	1	1	2	1	2	4	0	0	5	10	11	34	38	15	1	2	1	1	0	0	1	2	1	4	1	1	1	1	1	2	7	1	2	1	0	2	2	1	1	0	1	2	2	2	1	2	0	0	1	0	1	1	2	0	3	1	2	1	1	1	3	3	0	2	0	2	2	0	3	2	0	0	1	0	0	0	1	0	0	0	0	0	2	1	0	0	0	0	0	1	1	0	0	0	0	1	3	2	1	0	1	1	1	2	0	0	3	2	0	0	0	0	0	1	0	0	0	0	1	0	0	0	2	0	0	0	1	0	0	3	0	3	2	1	1	1	0	1	0	2	1	0	1	0	1	0	0	0	0	0	1	1	1	0	0	0	0	1	0	0	0	0	1	1	0	1	0	0	0	1	2	2	0	0	0	0	0	1	1	0	1	1	0	0	0	0	0	0	1	0	0	0	0	0	1	0	0	0	1	2	0	1	0	0	0	0	0	0	0	0	0	0	0	0	0	0	0	0	0	0	2	0	0	0	0	0	1	0	0	0	0	0	0	0	1	0	0	1	0	0	0	0	0	1	0
0	0	0	0	0	0	0	0	0	0	0	1	0	0	0	1	3	2	2	0	1	0	1	1	0	1	0	0	0	0	0	3	0	1	0	0	1	0	2	1	1	0	1	0	1	1	2	1	1	1	1	1	0	2	1	2	0	1	1	1	2	4	4	1	4	1	6	7	3	2	1	1	0	2	1	1	1	2	1	2	4	6	3	4	0	4	1	0	0	2	0	2	0	2	2	2	4	1	1	1	1	0	1	1	1	0	0	2	1	2	0	4	7	0	2	1	4	1	0	1	2	1	1	0	1	0	2	3	2	0	0	0	0	0	0	1	1	1	1	0	0	1	0	1	1	2	0	0	2	1	4	2	2	1	0	1	2	1	0	3	5	1	7	13	10	11	3	5	5	1	6	6	4	10	25	21	0	175	31	8	4	2	0	1	0	4	6	4	9	4	6	8	6	3	7	2	2	1	5	3	8	8	14	8	6	3	3	5	0	1	4	1	1	1	0	0	1	0	0	3	1	2	4	1	4	1	3	0	1	0	2	0	1	7	2	1	1	1	1	0	1	0	1	0	1	0	1	1	2	3	3	2	0	9	12	29	61	25	8	5	3	0	1	1	3	2	1	1	0	0	4	2	1	3	0	3	1	3	1	2	2	1	0	0	1	0	1	0	2	0	2	0	0	0	4	3	2	2	1	0	1	2	1	1	2	1	2	1	0	2	1	0	0	0	0	0	0	0	0	0	0	1	0	0	0	0	0	0	1	0	1	0	1	1	2	0	0	1	0	0	0	0	1	0	1	1	2	0	0	1	0	0	1	1	1	0	0	0	3	0	0	0	0	1	0	1	0	1	0	1	1	0	1	0	0	0	2	1	4	1	0	1	0	1	1	1	1	1	0	0	0	0	1	0	0	0	0	0	0	0	0	0	1	0	0	2	1	0	1	0	0	1	0	0	0	0	1	1	0	1	2	1	0	0	1	0	0	0	1	0	1	0	0	0	0	0	0	0	0	0	0	0	1	0	0	0	1	2	0	1	0	0	0	0	0	0	0	0	1	0	0	1	1	1	1	0	0	1	0	0	2	0	0	0	0	0	1	1	0	1	0	0	1	0	0	0	0	0	1
0	0	0	0	0	0	0	0	0	2	0	1	2	1	0	0	5	1	0	0	0	1	1	0	1	2	0	1	0	0	0	0	0	0	2	2	0	2	1	0	1	2	2	1	2	0	2	0	2	0	1	0	1	0	0	1	1	1	1	0	5	3	3	5	2	3	1	3	0	3	0	0	4	1	1	1	2	3	3	1	3	5	6	3	3	2	1	0	2	1	0	1	2	1	1	0	1	1	2	3	0	2	0	0	0	1	0	0	1	0	1	3	2	2	1	0	0	0	0	0	2	0	1	0	2	0	0	1	2	0	1	1	0	0	0	0	2	2	0	0	1	1	0	1	1	1	1	0	0	0	1	2	0	1	1	3	0	0	1	2	3	0	3	11	10	7	2	1	1	1	5	1	1	8	19	12	175	0	38	17	9	7	6	2	1	3	2	2	6	4	4	2	6	2	6	7	4	1	4	2	4	11	10	4	3	3	2	4	1	1	0	2	0	0	1	0	2	0	0	2	3	3	3	0	0	3	0	3	1	3	4	1	3	5	2	0	0	0	1	1	0	0	1	1	0	3	1	0	3	0	1	1	3	10	21	14	32	10	2	2	1	0	1	0	2	1	2	0	6	1	3	2	1	5	4	2	1	1	3	0	2	0	1	0	1	0	1	0	0	0	1	0	0	0	1	2	2	1	0	2	2	2	2	1	2	3	1	0	1	0	1	0	1	0	1	0	0	0	0	0	0	0	0	0	1	1	0	0	0	1	1	0	0	1	0	0	0	0	1	1	1	1	0	0	1	1	0	0	0	1	2	1	1	5	0	3	0	1	0	0	0	0	0	1	0	0	0	0	1	0	1	0	1	0	1	0	0	3	2	1	1	2	1	0	0	1	0	1	0	0	0	0	0	1	0	0	0	0	0	0	0	0	0	1	0	0	2	0	1	0	0	1	1	0	0	1	2	0	1	1	1	1	0	0	0	0	2	0	0	0	0	0	0	0	1	0	0	0	1	0	0	1	1	0	2	0	1	0	0	0	0	2	1	1	0	0	1	1	0	0	0	0	0	0	0	1	0	1	0	1	0	0	0	0	0	0	1	0	0	0	1	0	0	1	0	1	0	0	1
0	0	0	0	0	0	0	1	0	0	1	0	1	2	0	0	2	0	1	1	0	0	1	0	1	1	1	0	0	0	0	1	1	1	1	0	0	1	0	1	2	2	2	1	0	0	1	0	0	0	1	1	0	0	0	1	2	0	0	1	2	1	3	3	5	6	4	4	3	0	1	1	4	0	1	0	0	0	1	1	1	4	2	0	0	2	2	0	1	0	2	2	0	0	4	1	0	2	0	1	3	2	1	1	0	1	1	0	1	0	1	3	3	0	1	1	0	2	2	2	2	0	0	3	1	1	0	0	2	1	2	1	0	1	3	1	0	1	2	1	0	0	0	1	3	1	1	1	0	1	1	0	0	2	1	0	1	1	1	1	2	4	9	9	8	7	4	0	1	1	7	1	2	7	5	8	31	38	0	49	22	11	8	3	2	2	9	8	11	9	2	2	2	1	2	3	0	1	4	3	10	9	7	7	3	3	3	5	0	3	0	1	0	0	1	0	0	0	0	1	1	1	1	1	3	5	0	1	5	2	2	1	4	5	7	4	1	1	1	1	1	1	0	1	1	1	0	1	2	2	1	1	6	10	16	22	9	8	5	4	5	2	1	1	0	6	3	0	2	2	3	1	6	6	3	5	6	1	4	3	1	0	0	0	0	0	0	0	2	2	0	0	1	0	1	2	4	1	1	0	0	1	2	2	0	2	0	5	3	2	0	0	1	0	0	0	0	0	0	3	0	3	1	0	0	0	1	0	0	0	3	1	0	0	0	1	0	1	1	1	1	3	1	0	0	0	2	2	1	0	0	0	1	0	1	1	0	1	0	0	0	2	0	0	1	1	0	1	0	0	0	0	0	1	1	1	2	1	2	1	0	2	1	0	0	0	1	0	2	0	0	1	0	0	0	0	1	0	0	0	0	0	0	0	0	0	0	0	0	0	1	0	0	2	0	1	1	0	0	2	0	2	0	1	0	1	0	0	1	0	0	0	0	0	0	0	0	0	0	1	0	0	0	0	1	1	2	0	0	0	0	1	0	0	0	0	2	0	1	1	0	0	0	0	1	0	0	0	1	0	0	0	0	0	1	0	1	0	0	0	0	0	0	0	0	1	0	0	0
0	0	0	0	0	0	0	0	1	1	0	1	0	0	1	0	1	1	1	0	0	0	0	0	0	0	0	1	1	0	1	1	0	0	2	0	0	1	1	1	1	0	0	2	1	2	0	1	0	0	0	0	1	0	1	2	1	1	2	1	0	2	1	2	2	1	3	2	0	1	1	1	1	1	2	0	0	0	2	0	5	2	1	1	0	1	0	1	0	1	1	0	1	2	3	2	1	1	2	0	0	0	0	0	0	0	1	2	1	3	0	1	4	0	3	0	0	1	3	0	1	1	0	1	0	0	0	1	0	0	0	2	1	0	0	1	0	1	1	0	0	0	0	0	2	0	2	1	0	0	2	0	3	0	2	1	1	0	0	0	0	2	1	0	2	0	2	1	3	1	1	2	1	2	1	3	8	17	49	0	56	16	4	5	3	12	5	5	6	7	1	3	1	0	3	1	3	1	3	1	3	4	4	1	2	1	1	4	1	1	1	2	1	3	0	1	0	1	1	1	1	0	4	1	3	4	3	0	2	3	2	2	2	5	5	2	2	2	0	0	2	1	2	0	0	0	1	2	1	2	0	3	4	3	7	10	5	7	3	2	6	2	0	5	1	3	4	4	2	4	2	2	5	7	7	8	2	4	2	2	0	1	0	0	1	2	1	2	2	0	2	0	1	2	2	0	0	1	0	1	1	0	1	1	2	1	0	2	1	2	0	1	0	1	0	0	0	1	0	0	2	1	0	0	0	0	0	0	0	0	0	1	0	0	0	2	1	1	1	2	1	1	0	1	1	1	1	0	0	0	0	0	1	1	0	1	0	0	3	4	1	0	3	1	1	0	0	0	0	0	1	0	3	1	3	2	0	5	2	1	2	0	4	1	0	0	1	0	0	1	0	0	1	1	2	1	0	0	0	0	2	0	1	1	1	0	1	0	1	1	0	0	0	0	0	0	0	1	0	0	0	1	3	0	1	0	0	0	0	0	0	0	1	0	0	2	0	0	1	0	0	0	0	0	1	0	0	0	0	0	1	0	0	0	1	1	0	0	2	0	2	0	0	0	1	0	0	1	0	0	1	0	0	0	0	0	0	0	0	0	0	0	0	1	0	1	1	0	0
0	0	0	0	0	0	0	0	0	1	0	2	2	3	0	1	0	0	0	0	0	0	0	0	2	2	1	0	1	0	1	1	0	0	1	0	1	1	1	0	0	1	0	0	0	0	0	0	0	1	1	0	0	0	0	0	2	1	2	1	1	0	3	2	2	1	2	3	1	3	0	0	0	1	0	2	0	0	1	0	3	1	1	3	0	2	0	1	1	4	2	2	4	1	1	0	1	3	3	1	1	0	1	1	0	0	1	0	0	0	1	3	3	0	3	1	0	2	1	0	0	0	0	2	1	1	0	1	0	2	1	2	1	1	0	0	0	1	0	2	1	1	0	2	1	2	1	0	1	0	2	1	2	0	0	1	0	0	1	1	4	3	3	1	2	3	4	0	0	1	3	1	3	3	5	2	4	9	22	56	0	36	7	4	8	14	11	2	8	6	1	1	1	0	3	0	0	2	0	1	4	2	3	1	2	1	2	4	0	3	5	3	2	1	0	2	0	0	0	1	0	2	3	2	2	4	2	0	0	3	4	2	3	3	5	2	0	0	2	0	0	1	1	0	0	0	0	1	0	1	3	1	5	7	10	9	1	1	4	3	4	1	2	2	1	1	4	1	0	1	1	5	5	7	11	9	4	3	2	4	2	2	0	1	3	0	0	3	3	4	1	1	1	2	2	1	0	5	1	6	2	1	1	0	2	2	1	3	2	1	1	0	0	1	0	1	0	1	1	1	1	3	1	1	0	2	0	1	1	0	0	0	0	0	0	1	1	2	1	3	0	1	0	0	1	0	3	0	0	0	0	2	2	2	1	3	0	1	1	0	0	2	1	0	2	1	0	0	0	2	2	0	1	0	1	1	3	2	3	6	2	1	1	1	1	0	1	0	0	2	1	1	0	0	0	1	0	0	0	0	0	0	3	1	0	0	3	0	0	1	0	1	1	0	1	0	1	2	1	0	1	0	0	1	0	1	0	1	0	0	0	1	0	0	0	0	0	0	1	0	0	1	0	0	1	0	1	0	1	0	1	1	1	0	1	0	0	0	0	0	0	2	0	0	0	0	1	1	0	0	0	0	0	0	0	0	0	1	0	0	0	0	0	0	1	0	0	0	0
0	0	0	0	0	0	0	0	2	0	0	1	1	0	0	1	0	0	2	1	0	0	1	1	0	2	0	0	0	0	0	0	0	2	1	2	2	2	0	0	1	0	0	1	0	0	0	0	0	0	1	0	0	0	1	0	0	0	1	1	1	1	3	0	1	3	2	1	1	1	1	0	2	0	0	1	2	0	1	2	1	4	1	2	1	0	0	1	2	1	2	2	1	3	0	1	0	4	0	1	0	0	0	0	1	1	1	0	3	3	1	1	1	2	2	3	0	0	0	0	0	0	0	0	1	2	1	0	0	3	1	1	1	0	0	1	1	0	0	0	0	0	2	0	0	0	2	0	0	2	2	1	1	0	0	0	0	2	0	1	3	1	1	0	4	2	3	5	2	3	1	0	1	1	2	2	2	7	11	16	36	0	44	16	14	11	20	1	7	2	0	2	1	2	1	2	2	0	2	3	2	8	4	4	0	2	10	14	4	5	5	6	2	1	1	0	1	0	1	0	3	4	3	4	4	1	4	2	3	3	4	0	5	3	6	4	2	3	2	3	0	0	1	2	1	1	2	1	3	2	2	1	6	9	12	12	6	5	11	5	4	3	4	3	1	4	10	4	1	8	2	4	4	8	6	20	7	4	11	2	0	1	0	2	1	1	2	5	3	6	4	3	1	1	2	1	4	4	4	1	1	1	3	0	0	2	2	2	3	2	1	0	1	1	0	0	1	0	1	2	0	2	0	0	3	0	0	1	0	2	0	0	0	2	0	0	4	0	1	3	1	1	1	2	0	1	2	0	0	1	0	1	1	1	1	1	3	1	0	1	3	2	0	0	2	0	0	0	3	0	2	3	2	3	4	1	1	6	2	3	2	0	0	2	0	0	0	0	1	0	1	0	0	0	0	0	0	0	0	1	0	0	1	0	3	0	1	1	0	0	0	0	1	0	0	1	2	1	2	2	2	1	1	0	0	1	0	0	1	0	1	0	0	1	0	0	0	0	0	2	1	0	0	1	1	0	1	0	1	0	0	1	0	0	0	0	0	1	0	1	0	1	0	0	0	0	0	1	0	0	0	0	0	0	0	0	0	1	1	0	1	0	0	0	1	1	1	1	1
0	0	0	0	0	0	0	1	0	0	0	1	0	1	0	0	0	3	0	1	0	1	1	1	0	0	0	1	0	1	0	1	2	1	1	0	1	0	0	0	0	0	1	0	0	0	1	1	0	1	0	1	1	0	1	0	1	1	1	0	2	0	2	0	1	1	0	2	0	1	3	0	0	0	0	1	0	0	1	1	0	1	0	1	2	0	1	1	0	0	0	1	1	3	3	0	0	0	3	0	1	0	0	0	1	0	0	0	0	2	2	2	3	3	0	1	0	4	0	2	0	0	1	0	0	1	0	2	1	2	0	2	0	0	0	0	0	1	0	0	2	1	0	0	2	1	1	2	2	2	2	3	0	0	1	0	1	0	2	0	1	4	2	1	0	2	4	2	2	3	0	0	1	4	0	5	0	6	8	4	7	44	0	27	12	11	11	2	4	4	1	1	1	1	0	3	2	0	1	5	3	8	8	1	3	4	14	21	5	17	7	7	4	4	0	2	1	0	0	0	1	2	5	6	2	7	5	2	2	0	4	2	1	1	4	4	1	1	1	1	1	0	1	0	4	2	0	2	1	1	3	1	13	9	4	3	2	6	10	9	9	1	3	3	6	7	27	9	9	8	3	4	4	9	8	23	10	7	29	9	6	5	4	1	3	1	0	2	4	8	3	5	0	3	4	1	7	4	2	5	2	2	1	2	3	7	1	1	0	1	1	1	2	1	2	0	1	0	0	0	0	0	2	1	1	0	1	0	2	0	0	0	1	0	0	1	1	1	4	3	3	4	1	3	2	3	4	3	3	1	1	0	0	2	2	1	1	0	1	4	0	2	2	1	0	1	0	1	0	5	1	6	3	1	0	0	1	3	6	2	2	0	0	1	1	1	1	0	0	1	0	0	0	1	1	1	0	0	2	1	2	0	2	0	2	0	1	0	0	2	2	1	3	1	1	1	3	3	1	0	1	1	0	1	1	2	0	0	0	1	0	1	1	0	0	0	1	1	0	2	0	1	1	1	0	2	2	0	1	2	0	4	0	0	0	0	0	1	0	1	0	1	0	0	0	0	1	2	0	1	0	2	0	1	0	0	0	1	0	0	0	0	1	0	1	1	0	0	0
0	0	0	0	0	0	0	0	0	0	0	0	0	0	0	0	2	0	0	0	1	1	1	3	0	0	1	0	0	0	0	0	0	0	1	0	0	0	0	0	0	0	0	1	0	1	1	0	0	0	1	0	1	1	0	0	2	2	0	1	2	0	0	4	1	4	2	1	1	0	1	1	1	1	1	0	2	1	0	0	0	1	2	1	1	0	1	2	1	0	0	0	1	0	2	1	1	0	0	1	1	0	0	0	1	0	0	2	0	0	1	1	2	3	3	2	1	1	0	0	1	1	1	1	1	0	2	0	1	2	0	0	0	3	1	1	0	1	0	0	1	0	0	0	1	0	1	1	2	1	3	0	1	1	1	0	0	0	3	2	1	2	0	1	2	4	5	0	2	0	1	2	4	3	4	1	1	2	3	5	4	16	27	0	59	28	9	1	1	2	1	2	3	0	1	0	0	2	0	2	4	4	2	1	1	3	17	21	27	97	16	27	7	2	0	0	0	0	1	5	2	5	2	9	4	7	5	3	4	2	1	1	3	5	8	25	3	1	1	3	2	2	0	0	1	2	2	1	2	3	3	2	6	2	2	4	1	2	7	5	2	3	3	2	3	8	16	3	5	4	1	2	3	3	7	7	6	7	29	7	5	6	4	3	1	1	3	2	6	9	9	4	3	1	4	2	10	3	10	4	3	4	3	1	2	1	2	2	5	1	3	2	2	1	1	2	1	3	3	2	1	1	0	2	1	0	2	1	1	0	0	0	0	1	0	2	3	4	0	3	2	6	5	1	3	3	5	1	1	1	2	2	2	0	3	6	2	1	2	0	6	0	2	2	1	3	1	1	1	2	2	6	2	3	10	4	5	9	8	5	4	1	7	2	0	0	0	0	0	2	1	0	1	2	0	1	0	0	0	0	0	0	2	1	0	0	0	0	0	2	3	3	0	1	1	1	2	2	1	2	2	4	0	0	3	2	0	0	0	2	0	1	0	0	0	1	0	0	1	1	0	0	2	1	0	0	2	4	3	1	2	2	2	1	0	0	0	0	1	0	1	0	0	1	0	4	0	0	0	0	2	1	1	0	1	0	0	0	0	0	0	0	0	0	0	1	1	0	1
0	0	0	0	0	0	0	0	1	1	0	2	0	1	1	1	0	0	1	1	0	1	1	0	0	0	1	0	0	0	0	0	0	0	1	0	1	0	1	0	1	0	0	0	1	1	1	2	0	0	1	0	1	0	1	2	0	0	1	1	0	0	0	2	2	2	2	1	3	3	1	1	0	0	1	1	0	0	0	3	1	0	2	1	1	1	1	0	4	1	1	1	4	3	2	1	2	1	0	2	2	2	0	2	1	0	0	0	2	0	3	1	2	1	0	2	0	2	2	0	0	0	0	0	1	1	1	1	2	1	0	2	0	0	1	0	0	1	1	0	0	0	1	1	0	0	4	4	2	1	2	0	0	0	0	0	0	0	0	1	0	2	2	0	3	0	2	2	3	1	1	0	0	2	1	2	0	1	2	3	8	14	12	59	0	49	11	4	3	2	2	0	1	0	0	1	4	3	2	0	2	3	1	1	4	3	6	10	16	34	13	14	9	3	1	3	0	2	0	1	1	3	5	2	5	4	3	4	5	4	0	3	5	2	8	25	5	1	0	0	1	3	0	1	2	0	1	1	1	0	3	5	1	5	3	2	2	1	4	3	2	4	2	5	2	3	4	2	3	3	2	2	1	3	5	6	6	5	5	6	3	4	3	3	1	0	2	3	9	6	5	1	1	2	3	2	3	2	2	4	1	1	0	0	4	0	0	4	3	3	1	2	1	0	2	1	0	2	0	1	0	2	1	2	2	0	2	0	1	0	2	1	0	3	1	1	8	1	2	1	3	6	1	1	0	1	3	0	1	1	1	2	1	2	2	0	1	1	1	2	3	0	1	3	0	1	3	1	1	3	2	3	2	6	7	5	5	9	12	4	3	1	6	0	0	1	0	0	1	0	0	0	1	0	1	0	1	0	1	0	0	0	3	1	0	0	0	1	1	1	0	0	1	2	3	0	2	2	2	2	2	3	1	0	2	2	0	0	0	1	0	0	0	1	1	0	0	1	1	1	1	1	1	1	0	0	0	1	0	2	3	2	1	1	2	0	2	0	1	0	3	0	2	2	1	1	1	1	1	1	0	0	0	0	1	0	0	1	0	0	1	0	0	0	0	1	0	0	1
0	0	0	0	0	0	0	0	0	1	0	1	0	1	1	0	0	1	0	0	1	0	1	1	0	1	0	1	1	1	0	0	1	1	0	1	0	1	0	0	0	0	1	1	1	2	1	1	0	0	0	0	0	0	1	0	0	1	0	1	1	0	2	0	2	4	3	1	1	2	0	1	1	0	0	0	0	1	0	1	1	1	4	2	0	0	0	3	1	0	2	1	1	6	2	5	3	2	4	1	1	1	3	0	0	2	1	2	1	1	3	1	3	0	0	1	1	0	0	1	0	0	0	0	0	1	0	0	1	1	0	1	0	1	0	0	1	2	0	0	0	0	1	2	0	1	1	2	3	3	1	1	0	0	2	1	2	1	2	0	1	3	2	2	4	4	1	2	2	1	2	2	0	0	4	0	4	3	2	12	14	11	11	28	49	0	17	4	9	1	0	1	1	0	2	1	0	2	2	1	3	7	6	2	3	3	4	11	18	9	6	6	8	1	0	1	0	1	1	0	1	3	6	7	4	2	1	3	4	3	1	0	7	4	12	28	2	1	1	1	0	1	3	1	0	0	1	1	1	3	3	1	3	6	1	4	2	3	1	2	3	1	2	1	3	5	4	1	4	5	5	4	2	0	4	9	2	4	9	1	2	2	4	1	1	3	1	4	0	5	8	1	0	2	1	1	2	2	2	1	2	0	3	3	3	2	1	2	4	2	0	2	2	0	0	0	1	1	1	0	1	3	2	3	1	3	0	3	0	1	0	1	1	0	1	1	1	1	2	2	1	2	2	1	1	1	1	1	2	0	1	2	2	0	0	2	2	2	1	1	3	2	1	1	3	1	0	1	3	0	1	3	2	3	5	3	6	7	9	3	2	1	1	0	0	1	1	0	0	0	0	0	0	0	0	0	1	0	2	0	0	1	1	0	0	0	1	0	1	0	0	3	0	0	1	1	1	0	0	1	1	1	1	0	0	0	0	0	0	0	2	0	0	0	0	0	0	0	0	0	0	0	0	0	2	1	0	1	3	2	0	1	0	2	1	0	0	0	0	1	1	0	0	0	1	1	0	0	1	1	0	2	0	0	0	0	0	0	2	2	0	0	0	0	0	0	0	0	1
0	0	0	0	0	0	0	0	0	0	1	1	1	1	2	3	2	3	1	3	2	1	2	4	1	1	1	1	0	0	0	0	0	0	1	1	0	1	0	1	1	0	1	4	1	3	1	1	0	3	1	0	0	2	1	0	1	2	1	0	1	4	3	1	3	1	2	3	0	2	2	3	1	1	1	1	0	1	0	1	1	1	3	1	0	1	0	0	2	0	1	0	6	2	4	1	1	2	0	3	1	0	1	0	3	0	1	2	1	1	6	3	7	6	1	2	5	2	1	1	0	0	0	0	3	1	1	0	0	2	0	2	2	0	0	1	0	1	0	0	1	1	1	2	2	1	5	4	2	0	3	0	0	1	3	2	1	0	1	1	2	3	1	4	2	6	6	2	3	0	6	2	3	1	4	5	6	2	9	5	11	20	11	9	11	17	0	19	15	6	3	0	0	2	4	1	3	5	1	6	10	5	5	6	2	6	14	33	34	11	4	9	3	0	1	1	2	0	0	1	3	9	4	11	4	7	5	10	13	3	3	0	3	10	32	14	0	0	2	2	1	2	0	1	3	2	2	0	3	3	2	3	4	7	3	11	3	8	5	2	0	5	0	2	3	3	2	2	4	1	2	4	2	2	3	4	4	5	8	3	2	0	0	0	1	0	1	0	2	2	1	1	0	2	3	3	5	4	3	3	2	2	2	2	4	1	0	1	1	2	2	0	1	0	0	0	1	1	0	2	2	2	1	0	0	0	1	0	0	0	0	0	0	0	0	0	0	0	0	3	3	0	3	1	2	1	0	0	1	1	1	1	0	0	3	2	0	3	0	1	0	1	0	1	0	0	1	1	0	1	2	2	0	2	2	2	2	2	0	2	0	1	1	3	0	1	0	0	0	2	0	0	0	0	0	0	1	0	0	1	0	0	3	1	1	1	1	1	0	1	1	0	0	0	0	2	0	0	0	0	0	1	2	2	2	1	0	0	1	1	1	0	1	0	1	0	0	0	1	0	0	0	1	1	0	1	2	2	1	1	1	0	0	0	0	0	0	1	0	1	0	0	0	0	0	1	0	3	0	0	1	0	0	0	0	0	0	0	0	1	0	0	0	0	3	0	0	0	0
0	0	0	0	0	0	0	0	0	2	0	0	1	0	1	2	4	3	1	0	1	0	4	3	1	1	0	0	0	0	0	2	0	0	0	1	0	0	0	1	0	1	1	2	0	0	1	0	0	0	1	1	2	0	2	1	3	3	4	1	4	6	2	5	3	3	11	9	7	6	2	0	4	1	1	3	1	0	2	2	1	1	2	2	2	0	0	4	1	1	2	3	3	3	7	4	2	1	1	4	3	1	0	0	2	0	2	3	3	6	6	6	16	10	6	11	4	4	1	3	2	1	0	2	0	1	0	0	3	2	4	2	3	0	0	0	1	0	2	0	0	1	1	2	4	2	6	7	5	4	6	4	4	1	0	3	0	0	3	1	9	3	7	1	4	15	7	6	9	1	4	2	2	2	2	4	4	2	8	5	2	1	2	1	4	4	19	0	25	13	4	2	3	3	2	2	1	2	4	2	6	1	9	6	3	4	5	7	11	4	2	2	7	4	0	1	2	3	0	3	9	26	19	7	7	11	22	12	11	15	4	4	13	55	42	12	1	0	3	0	3	2	1	0	0	2	0	1	2	1	1	2	2	5	4	1	2	2	4	3	1	0	0	2	1	1	3	0	4	2	1	2	0	0	0	3	3	3	5	0	1	0	0	3	1	0	0	3	2	2	1	0	0	0	2	0	2	2	1	3	0	2	0	1	1	1	0	1	0	0	0	0	0	1	0	1	0	0	3	0	1	0	0	0	0	0	1	0	0	0	0	0	0	1	0	0	2	0	3	1	1	2	1	1	0	1	0	2	0	3	0	1	0	1	1	5	1	1	1	1	2	0	0	0	0	0	1	0	1	0	2	2	1	1	1	0	0	1	2	2	1	1	0	1	1	1	0	1	0	0	0	0	1	0	0	1	0	0	0	0	0	1	0	0	0	0	0	0	1	1	1	0	0	0	0	0	1	1	0	0	1	1	1	1	0	1	0	1	0	0	0	0	0	0	0	0	0	1	1	0	0	0	0	1	0	1	1	1	0	0	1	1	1	1	0	0	0	0	0	0	0	1	0	0	1	0	0	1	0	1	1	0	0	0	0	0	0	0	1	0	0	1	0	1	0	0	1	0	0
0	0	0	0	0	0	0	0	0	1	1	0	0	0	0	1	0	2	2	3	1	0	0	1	0	0	0	1	1	1	1	1	2	0	1	1	0	0	1	2	0	0	0	1	1	1	1	1	1	1	1	2	0	1	1	1	0	0	0	2	2	2	3	4	3	4	5	5	7	2	2	1	1	0	0	3	1	1	0	1	3	2	3	0	1	0	3	4	2	0	3	2	5	7	6	3	4	1	6	2	2	0	3	1	0	1	3	1	1	0	5	0	6	3	0	5	3	0	0	2	1	0	2	1	1	1	0	0	1	1	3	2	0	0	0	0	0	0	1	1	0	1	2	2	3	2	3	2	2	1	4	0	1	0	0	0	0	0	2	3	9	10	6	5	22	9	10	4	6	2	2	2	3	2	5	7	9	6	11	6	8	7	4	1	3	9	15	25	0	16	4	2	2	2	2	1	3	1	2	4	5	5	6	3	7	0	4	6	8	2	3	2	0	3	0	1	1	0	1	4	4	5	4	5	2	2	2	5	5	5	10	10	25	29	12	4	2	1	2	0	1	0	1	0	0	0	0	0	2	4	0	0	3	9	1	8	3	3	1	2	1	1	0	2	1	3	2	0	4	2	2	0	0	1	1	3	0	0	3	1	1	1	0	3	0	1	1	0	1	2	3	2	2	2	2	1	5	2	3	0	1	4	0	3	0	2	1	1	0	3	0	0	1	0	0	0	0	1	0	0	0	1	1	0	1	1	1	1	0	0	0	0	0	0	1	0	1	0	1	1	1	2	1	0	0	1	0	1	1	1	0	0	5	0	0	1	1	3	0	0	0	0	0	0	0	1	0	0	1	0	0	1	0	1	0	1	0	2	1	3	1	0	0	1	0	0	1	0	0	2	0	2	0	0	0	0	0	0	1	0	0	1	1	0	2	0	0	1	1	0	1	1	1	1	2	1	1	0	0	0	0	0	0	0	0	0	0	0	1	0	1	0	0	0	0	0	0	0	0	1	0	0	1	1	0	0	0	2	1	1	0	1	0	0	1	1	0	2	1	0	0	0	0	0	1	0	0	0	0	0	0	1	0	0	1	0	0	0	1	0	0	0	0	1	0	0	0	1	0
0	0	0	0	0	0	0	0	1	1	1	1	2	0	1	0	2	1	0	1	0	1	0	1	1	1	0	1	0	0	1	0	0	1	1	0	1	1	1	0	4	1	0	1	0	2	1	0	0	1	2	2	1	3	3	1	3	3	3	2	2	3	3	1	2	4	6	4	5	1	5	1	1	0	2	4	1	2	0	2	3	4	2	4	4	6	6	1	3	2	0	1	5	2	3	1	3	2	6	5	1	4	1	0	1	0	0	1	1	2	2	2	2	1	1	4	1	2	2	3	0	1	2	0	0	1	0	1	1	1	2	1	1	0	0	0	0	1	0	0	0	1	2	0	1	3	2	2	0	3	9	1	1	2	2	1	0	1	1	3	12	20	18	7	17	4	8	4	5	4	1	1	1	2	5	10	4	4	9	7	6	2	4	2	2	1	6	13	16	0	12	4	10	2	5	8	3	1	1	4	1	4	7	5	2	3	0	5	5	2	0	0	0	0	1	0	1	2	1	3	4	2	3	2	3	1	3	3	3	4	2	5	23	15	2	3	1	2	1	0	0	1	0	0	1	0	1	1	1	1	0	0	3	1	2	8	7	0	4	1	1	0	1	1	0	0	0	1	1	4	0	1	2	0	0	3	3	3	1	0	0	1	0	1	0	0	1	1	3	1	0	1	0	1	0	2	3	1	0	2	2	0	0	1	0	0	2	0	0	0	1	0	0	0	0	0	2	0	1	0	0	1	2	1	1	1	0	0	0	0	0	0	0	0	0	0	0	3	0	1	2	2	2	0	1	0	2	0	0	1	2	0	1	0	0	0	0	0	1	1	1	0	0	1	0	0	0	0	0	1	0	2	0	2	1	1	1	2	0	0	2	1	0	0	0	0	1	0	0	0	0	0	0	0	0	0	0	0	0	1	0	0	1	0	1	1	0	0	0	0	0	1	1	1	1	0	1	1	0	0	0	1	1	1	1	0	0	0	2	0	0	0	0	0	0	0	0	0	1	0	1	0	1	1	0	1	0	0	0	0	0	0	0	0	1	0	0	0	0	1	1	0	0	1	1	0	0	0	0	1	0	0	1	0	0	0	0	0	0	0	0	0	0	1	0	0	0	0	0
0	0	0	0	0	0	0	0	1	3	1	2	1	1	2	0	2	1	3	1	0	2	0	2	0	0	0	0	0	2	1	0	0	1	0	0	2	0	1	1	0	1	5	2	3	0	2	0	2	2	0	2	0	4	2	5	3	0	1	0	3	3	3	5	4	10	3	6	2	3	5	1	3	3	4	4	0	4	3	4	5	8	7	10	7	19	7	6	1	3	0	1	1	1	1	2	5	0	6	4	2	2	4	2	1	2	1	0	1	0	1	1	1	1	1	2	1	0	0	2	0	2	2	0	0	1	0	1	2	1	1	0	0	0	0	0	1	0	0	1	0	0	1	0	1	1	1	1	0	2	5	2	0	3	4	4	5	2	2	6	6	17	39	22	9	6	5	3	1	3	0	2	2	1	2	6	6	4	2	1	1	0	1	1	2	0	3	4	4	12	0	47	21	9	11	4	1	2	0	2	2	4	10	4	2	1	3	4	2	1	1	2	2	0	0	0	0	2	0	2	2	0	2	1	1	2	1	1	1	2	3	4	3	4	4	0	0	0	0	1	1	0	0	1	0	1	1	0	3	0	1	1	2	1	5	3	5	5	1	2	1	0	0	0	1	0	1	2	0	1	0	0	1	1	2	1	2	0	0	1	1	0	0	2	1	0	1	1	0	2	0	0	1	0	1	4	1	0	1	0	1	1	1	1	1	3	1	0	0	0	0	1	0	0	0	0	1	0	0	0	0	0	0	0	0	1	0	0	0	0	0	0	0	0	1	0	0	0	1	2	0	1	0	0	1	0	0	0	0	2	0	0	1	0	1	1	0	1	0	0	0	0	0	0	0	0	0	0	2	0	2	2	0	0	0	0	0	1	0	0	0	1	0	0	0	0	0	0	0	0	0	0	0	0	0	0	0	0	0	0	1	0	0	0	0	0	3	1	0	0	1	0	0	1	0	0	0	0	0	0	0	0	0	0	1	0	0	1	0	0	1	1	0	0	0	0	0	0	1	0	0	0	0	0	0	1	0	1	1	1	0	0	0	0	0	0	0	0	0	0	0	0	0	0	0	0	0	0	0	0	0	0	1	0	0	0	0	0	3	0	0	0	1	0	1	0	0	0	0
0	0	0	0	0	0	0	0	0	0	0	1	3	0	1	0	2	2	1	1	1	1	1	2	1	1	1	2	1	0	1	2	1	0	1	1	2	1	4	1	1	1	0	1	1	1	1	0	2	0	2	2	3	2	8	4	4	2	2	1	6	4	4	4	4	5	5	2	0	3	3	0	6	1	4	1	8	8	11	6	10	14	23	24	29	21	12	2	3	0	1	0	1	1	2	0	2	2	5	4	4	4	0	2	0	2	1	0	1	0	1	2	1	4	1	1	0	0	6	2	0	2	2	2	3	0	2	1	2	1	0	0	1	2	0	1	0	0	0	1	3	0	1	0	0	0	1	2	1	0	0	4	1	1	2	8	4	4	8	6	4	5	11	8	6	2	6	0	2	1	0	1	0	2	4	4	8	2	2	3	1	2	1	2	0	1	0	2	2	4	47	0	44	16	13	1	2	1	2	1	1	3	1	2	0	0	0	0	3	1	0	0	0	0	0	0	0	1	1	3	2	1	2	1	1	2	0	1	1	2	2	3	2	4	1	2	0	1	0	0	0	0	0	1	1	1	0	1	1	1	1	0	1	2	3	1	4	2	3	2	0	1	0	2	0	0	0	0	0	1	0	0	0	0	2	1	1	1	1	1	2	0	0	0	0	0	0	0	1	1	0	1	0	0	1	0	0	0	0	0	1	1	4	0	1	1	1	0	0	1	0	0	1	0	0	0	0	0	0	0	0	0	1	0	0	0	0	0	0	0	0	0	1	0	1	0	1	0	0	0	0	0	0	0	1	0	2	0	1	0	0	0	0	0	1	0	0	1	1	0	1	1	0	0	0	0	0	0	0	0	0	0	0	0	0	0	0	1	0	3	0	0	0	0	1	0	0	0	0	1	0	0	0	0	1	1	0	0	1	0	0	0	0	0	0	2	0	1	1	0	0	0	0	1	0	0	1	0	0	0	0	0	0	0	1	0	1	0	0	0	0	0	0	1	0	0	0	1	0	1	0	0	0	0	0	1	0	0	0	0	2	0	1	0	0	0	0	0	0	0	0	0	0	0	0	0	0	0	1	0	0	0	1	0	0	0	0	1	0	0	1	0	0	0	0	0	0	2	0
0	0	0	0	0	0	0	1	0	1	1	0	1	2	0	0	1	3	1	1	1	0	1	3	1	0	0	1	1	0	2	0	1	2	1	0	1	3	1	1	6	2	6	2	3	1	2	1	2	0	3	2	0	4	9	8	3	3	4	5	4	4	4	15	13	17	4	19	5	6	7	5	2	3	8	5	12	2	8	7	26	18	14	28	44	21	13	3	1	1	3	2	0	0	0	0	1	2	6	2	4	1	0	0	1	2	1	0	2	1	1	0	3	3	0	3	2	4	0	2	1	4	4	1	0	0	2	0	1	3	0	0	1	2	0	0	1	3	2	0	3	0	2	1	0	0	3	0	0	2	1	2	1	4	1	10	4	6	5	11	9	9	20	11	9	3	1	2	1	1	2	2	2	0	4	3	6	6	2	1	1	1	1	3	1	1	0	3	2	10	21	44	0	41	15	8	3	1	3	1	1	1	1	3	3	3	0	3	2	0	3	1	0	1	1	1	3	0	2	2	1	1	1	1	1	0	3	1	2	0	3	2	1	5	1	1	0	0	0	0	1	1	0	2	0	1	1	0	1	0	1	1	0	2	2	7	3	2	1	3	0	1	0	0	0	2	0	0	0	2	0	0	0	1	0	4	1	2	0	0	0	0	0	0	1	1	1	0	2	0	1	1	0	0	0	0	0	1	1	1	1	0	1	0	0	3	0	1	2	0	0	0	0	1	1	1	0	0	0	0	0	0	0	0	0	0	1	0	0	0	1	0	0	0	0	0	0	1	1	0	0	0	1	0	0	0	0	1	0	0	0	0	1	1	0	0	0	0	1	0	0	0	0	0	0	0	0	1	1	0	0	0	0	1	0	1	0	1	2	0	0	0	0	0	0	1	2	1	0	1	2	0	0	0	1	0	0	1	0	1	0	0	1	0	0	1	0	0	0	0	0	0	0	1	1	1	1	0	0	1	2	0	0	0	1	0	0	2	0	0	1	0	0	0	0	1	0	0	0	0	1	0	0	0	1	1	0	0	0	0	0	2	0	1	0	0	0	1	0	0	0	0	0	1	0	1	0	3	0	0	0	0	2	0	0	0	0	0	0	0	0	0	0	0	0	0	0	0	0
0	0	0	0	0	0	0	1	0	2	0	0	2	4	4	2	4	5	1	2	0	1	1	0	1	1	3	2	0	1	0	1	0	0	0	1	3	3	8	3	4	3	4	1	2	1	4	0	0	0	2	5	4	7	16	23	8	5	2	6	6	5	5	5	14	11	8	13	5	6	7	5	5	5	4	5	15	4	33	16	25	16	13	13	86	19	12	10	1	1	0	1	1	0	2	2	1	5	4	4	1	0	2	0	1	0	0	0	0	1	4	3	2	2	0	2	0	4	3	1	1	4	5	1	0	2	1	1	1	2	1	0	0	3	1	0	0	0	3	1	2	0	1	1	1	1	1	1	0	0	2	8	2	3	3	11	7	8	5	33	5	10	5	6	3	5	5	1	4	1	1	5	1	0	3	0	3	2	1	0	0	2	1	0	0	0	2	3	2	2	9	16	41	0	20	8	3	1	1	3	2	0	0	5	4	2	0	0	2	1	1	0	2	0	0	1	1	1	0	2	5	0	2	0	1	1	3	0	0	2	1	2	5	2	5	0	3	0	1	2	1	0	1	1	2	0	0	0	1	2	0	0	0	3	0	1	4	1	1	0	2	0	0	0	2	0	3	1	0	1	0	1	0	1	0	3	0	0	2	1	1	0	0	0	0	0	1	1	0	0	1	0	0	1	1	0	1	0	2	0	0	1	0	1	1	1	1	1	0	0	0	0	0	0	0	0	0	0	0	0	0	0	0	0	0	0	0	0	0	0	0	0	0	0	0	0	0	0	0	0	1	1	2	1	0	0	0	0	1	0	0	1	0	0	0	1	0	0	0	0	1	0	1	0	0	0	0	0	0	0	0	0	1	1	2	0	1	0	0	0	1	0	0	0	0	0	0	0	0	0	2	0	0	0	0	0	0	0	0	0	0	0	0	0	0	0	0	0	1	0	1	0	1	0	0	0	0	0	0	0	1	0	1	0	0	0	0	0	0	0	0	0	0	0	0	0	0	0	1	1	0	0	0	1	1	0	1	0	0	0	0	0	0	0	0	0	0	1	0	1	0	0	0	0	0	0	0	0	0	0	0	0	0	0	0	0	0	0	0	0	0	0	0	0	0	0	1	0	0
0	0	0	0	0	0	0	2	0	0	1	1	1	1	1	0	4	3	3	2	1	1	2	2	0	1	1	0	1	0	0	0	2	0	1	0	0	3	1	4	3	0	4	3	2	2	1	0	0	0	1	0	1	5	8	8	6	5	2	5	7	8	8	18	53	36	13	16	6	3	7	2	4	4	3	3	6	2	7	8	22	38	6	9	9	6	9	1	1	2	1	0	0	1	0	2	0	2	0	4	4	1	2	1	3	0	2	1	2	0	4	1	3	2	1	4	1	3	4	2	1	4	4	1	1	1	1	2	0	1	2	1	0	1	1	1	0	1	1	2	2	0	2	0	0	1	5	2	0	0	1	2	3	0	5	2	4	6	4	8	9	15	23	38	24	20	8	10	2	1	4	5	3	1	8	14	7	6	2	3	3	1	0	1	0	2	4	2	2	5	11	13	15	20	0	16	3	5	1	3	0	2	6	4	3	3	2	3	2	1	2	0	1	4	2	1	0	1	2	2	1	2	3	2	2	4	0	1	3	2	3	2	3	3	4	2	0	0	3	0	1	0	0	2	1	1	1	0	1	1	1	1	1	0	3	3	10	6	1	4	1	0	2	1	0	1	2	0	2	0	1	1	0	2	1	0	2	0	1	0	0	1	0	1	1	0	2	0	1	1	0	0	0	0	2	1	0	1	0	0	1	1	2	2	1	1	0	1	1	1	0	0	0	0	0	2	0	0	0	0	1	0	0	1	0	0	1	1	0	0	0	0	1	0	0	0	1	0	2	1	0	0	0	0	0	1	0	0	0	1	0	1	1	0	1	1	2	0	1	0	0	0	0	0	0	0	1	1	0	1	0	0	0	1	2	0	0	1	0	0	2	1	0	0	1	0	1	0	1	0	0	1	1	1	0	0	1	0	0	0	0	0	0	0	0	0	0	0	0	0	0	0	0	0	0	0	1	0	1	1	0	0	0	0	1	0	0	0	1	0	0	0	0	0	0	0	0	0	0	0	0	0	0	1	0	0	0	0	0	0	3	0	0	0	0	0	0	1	0	0	0	1	0	0	0	0	1	0	1	0	2	0	0	1	0	0	0	0	0	0	0	0	0	0	0	1	1	0	0
0	0	0	0	0	0	0	1	0	2	0	0	3	4	0	4	7	3	2	0	1	2	1	3	0	4	0	1	1	2	0	0	0	0	0	1	2	0	2	2	2	1	1	1	0	1	1	1	1	2	0	2	2	2	5	1	1	5	1	2	7	11	43	34	52	9	8	12	4	8	9	9	17	10	6	6	3	5	8	7	5	16	9	5	4	6	0	2	2	4	1	0	1	0	5	1	0	0	1	0	2	3	0	0	1	2	1	3	0	0	1	6	3	5	1	3	1	1	4	3	4	2	2	3	2	2	3	3	2	0	3	2	1	1	1	1	0	0	2	1	0	3	2	2	2	0	2	1	0	2	0	3	1	0	2	4	0	0	3	8	5	3	6	15	8	12	6	17	5	2	8	7	9	6	16	19	2	7	3	1	0	2	3	0	1	1	1	2	1	8	4	1	8	8	16	0	11	7	2	7	7	4	7	15	7	1	2	2	0	1	0	2	1	0	0	1	2	2	1	2	3	2	5	0	2	4	5	3	3	3	1	1	4	1	2	1	1	1	0	2	0	0	1	1	1	0	2	1	1	2	0	0	2	2	1	6	5	5	0	2	1	1	0	0	1	1	2	0	1	2	0	1	1	0	3	5	0	1	1	2	2	1	0	0	1	0	0	3	0	0	0	1	0	2	2	1	0	1	2	0	1	3	2	2	1	2	0	1	1	1	0	0	0	0	0	0	0	0	0	0	0	1	0	0	0	0	0	0	0	0	0	0	0	0	0	0	0	1	0	0	0	1	0	2	0	0	1	2	0	1	0	0	0	0	0	0	2	0	0	1	0	1	1	0	0	1	0	0	0	0	0	0	3	2	0	1	0	0	0	0	1	0	0	1	1	0	0	0	0	0	0	1	0	0	1	0	0	0	0	0	0	0	0	0	0	1	0	1	0	0	0	0	1	0	1	0	0	0	0	0	0	0	0	0	0	0	1	1	0	0	0	0	0	0	0	0	0	0	0	0	0	0	0	0	1	0	0	0	0	2	1	0	0	2	0	0	0	0	1	0	0	0	1	0	0	1	0	1	1	0	1	0	0	0	0	0	0	0	0	0	1	0	0	0	0	0	1	0	0
0	0	0	0	0	0	0	1	1	4	3	1	2	4	3	6	4	3	3	1	0	1	2	4	2	1	2	2	3	0	0	1	2	1	2	0	0	2	0	1	0	2	1	1	0	1	3	0	1	1	0	1	1	4	1	1	2	2	5	3	9	13	33	18	14	3	2	5	6	4	10	2	26	14	6	3	3	2	2	1	3	4	2	4	2	1	1	1	0	0	1	0	0	3	1	2	1	2	2	1	0	1	2	0	1	0	1	0	0	3	3	4	8	6	3	2	5	7	7	17	3	4	7	7	5	2	1	5	9	5	4	3	2	0	1	2	1	2	1	0	0	1	0	3	3	3	3	1	2	2	1	0	1	3	1	3	0	2	0	5	1	2	1	2	9	9	8	22	7	7	8	7	13	8	8	5	2	4	0	3	0	2	2	0	4	0	3	1	3	3	1	2	3	3	3	11	0	42	18	5	11	2	8	14	7	2	1	2	4	0	1	0	0	2	1	1	1	1	1	2	0	0	6	0	1	3	4	1	1	0	2	2	1	2	3	2	1	1	1	1	1	1	1	4	0	3	2	4	2	1	4	1	3	3	4	2	4	2	2	8	1	1	1	0	1	1	1	0	2	1	0	0	1	0	0	0	0	1	1	2	0	0	2	2	0	0	0	0	0	0	0	0	0	0	0	2	2	0	1	0	0	0	2	3	1	2	0	1	0	0	1	0	0	0	0	1	0	0	0	0	2	1	1	1	0	2	0	0	0	0	0	0	1	0	1	2	0	0	0	1	1	0	0	1	1	0	0	0	1	0	2	1	1	1	1	1	0	0	1	1	1	0	0	0	0	0	2	1	0	1	1	1	0	2	2	1	1	0	1	1	1	0	1	0	0	0	0	0	2	0	0	0	0	0	0	0	0	0	1	1	0	0	0	0	0	2	0	0	0	1	0	0	0	0	0	0	0	1	0	0	0	0	0	1	0	0	0	1	1	0	0	0	0	0	1	0	1	1	0	0	2	0	0	0	1	0	0	0	0	1	1	2	0	0	0	0	0	0	0	0	0	0	0	0	0	1	1	0	0	0	1	0	0	0	1	0	0	0	0	1	0	0	0	0	0	0	1	0	1
0	0	0	0	0	0	0	6	2	5	2	2	6	3	6	4	7	6	4	2	0	2	3	3	2	3	0	1	0	2	0	2	4	1	2	0	1	1	1	2	3	1	1	0	2	1	0	1	3	4	2	0	3	1	2	3	2	0	2	3	3	11	11	11	3	4	2	2	2	5	9	8	7	2	2	2	3	0	1	0	1	1	0	1	1	1	1	0	3	0	1	1	0	0	1	0	3	2	0	2	0	0	1	0	0	1	1	1	6	1	4	11	6	10	11	8	3	7	13	18	5	3	4	9	5	1	6	11	18	6	8	9	1	2	0	2	0	2	1	1	2	7	3	4	7	8	4	3	3	1	4	3	1	0	2	1	1	0	0	4	2	0	0	3	2	4	3	12	17	21	5	5	3	3	3	3	1	1	1	1	2	0	0	2	3	2	5	2	1	1	2	1	1	1	5	7	42	0	17	11	6	5	4	6	10	1	0	2	1	1	2	1	2	5	4	2	1	3	1	2	1	1	6	4	5	4	4	6	0	1	0	2	3	1	1	4	2	0	2	1	3	1	0	2	3	1	4	6	11	3	3	2	3	4	2	0	8	1	1	2	0	0	0	1	1	0	1	0	2	0	1	1	5	0	2	0	1	0	0	0	1	2	1	0	0	0	2	3	0	0	1	0	0	3	0	0	1	2	2	3	2	3	2	5	2	1	1	0	1	1	1	1	0	0	1	0	0	1	0	0	1	0	3	1	0	0	0	0	0	0	0	2	0	0	0	0	0	0	1	3	0	1	2	0	1	2	1	0	1	0	1	2	2	1	0	1	0	1	1	1	0	0	1	0	0	1	0	1	0	0	2	0	1	1	1	0	3	0	0	0	1	0	2	0	0	1	0	0	0	1	0	0	0	0	0	0	0	0	0	0	0	0	0	0	0	0	0	0	0	1	0	0	0	0	0	0	1	0	0	0	1	0	0	0	0	1	1	0	0	0	0	0	2	1	0	0	0	0	0	0	0	1	2	0	0	0	0	2	0	0	0	0	1	0	0	0	2	0	1	0	0	0	0	0	0	0	0	0	0	0	1	0	0	0	0	0	0	0	0	0	0	0	2	1	0	0	0	1	0
0	0	0	0	0	0	0	2	1	0	0	2	2	0	3	2	1	2	2	1	1	2	1	1	3	0	1	0	1	0	2	0	0	1	1	1	1	0	2	1	2	2	1	0	0	0	1	0	1	1	1	0	1	2	1	1	1	1	0	1	6	3	4	4	3	3	1	1	5	0	0	3	3	1	3	2	1	1	0	3	0	3	1	2	2	2	1	0	1	3	0	1	2	0	2	0	0	4	4	1	1	0	0	1	1	1	2	1	1	2	7	6	6	22	7	7	2	2	2	4	3	1	1	4	1	0	3	1	5	4	3	4	4	2	0	0	1	3	1	0	1	1	2	4	6	1	6	5	1	1	2	0	0	0	0	0	1	0	0	2	2	4	5	3	3	4	6	5	14	42	16	3	6	12	5	5	5	4	4	3	0	2	1	0	2	2	1	4	2	1	0	2	3	1	1	2	18	17	0	133	24	6	10	13	92	32	5	8	0	1	2	4	2	3	1	0	0	3	0	0	2	2	18	13	23	19	6	0	1	2	2	2	1	5	5	3	0	2	2	4	5	1	3	4	7	1	2	9	12	5	4	6	9	7	5	6	3	4	6	4	2	1	1	1	1	1	3	2	3	4	0	2	1	3	0	1	1	2	3	2	1	1	0	3	1	1	3	6	1	1	0	3	1	1	5	2	2	5	1	4	0	3	7	8	7	8	1	1	0	3	2	0	1	0	1	0	0	0	0	3	0	1	1	0	1	0	0	0	0	0	0	0	0	0	1	0	1	0	2	1	1	2	3	1	0	1	0	2	0	1	2	2	0	1	0	2	1	2	0	3	0	0	1	0	0	0	0	2	0	0	2	2	0	1	1	0	0	3	1	2	1	0	2	0	1	0	2	0	0	0	0	0	1	0	0	0	0	0	0	0	1	0	0	1	1	0	0	0	0	0	0	1	1	0	1	0	2	0	0	0	0	1	0	0	0	0	0	2	1	0	0	0	0	0	0	0	0	1	1	0	0	0	1	0	0	0	1	0	0	1	0	1	3	1	0	1	0	0	0	1	1	0	0	1	0	0	0	0	0	0	0	0	1	0	0	0	2	0	0	0	0	0	0	0	1	1	0	0	0
0	0	0	0	0	0	0	1	0	1	0	0	0	0	1	1	1	3	0	1	1	1	0	2	0	1	0	0	1	2	0	1	1	0	1	0	1	0	0	0	2	1	2	0	1	1	2	1	0	2	1	1	0	1	1	1	1	2	2	2	3	3	5	1	4	2	5	2	1	0	3	3	1	3	1	1	1	0	2	1	2	2	1	0	0	2	1	1	1	2	1	0	0	3	2	1	0	0	1	0	0	0	0	1	0	0	0	2	2	1	4	7	11	14	10	4	7	2	3	1	0	0	1	0	1	0	2	4	5	3	5	2	1	1	2	1	1	2	1	1	0	2	1	4	3	3	5	3	1	1	6	1	0	0	0	2	0	1	0	4	0	5	5	3	5	6	10	10	14	17	20	7	11	6	8	7	3	2	3	1	1	3	5	2	0	1	6	2	4	4	2	1	1	3	3	7	5	11	133	0	30	14	20	32	93	51	13	5	9	3	4	2	3	3	1	2	0	1	0	3	6	7	9	13	31	27	11	1	1	2	0	2	1	2	6	5	3	2	1	3	3	1	2	3	2	3	2	7	16	7	5	8	5	9	1	8	6	7	8	6	3	2	1	0	1	2	1	0	0	3	2	2	0	1	1	3	1	5	2	3	0	3	1	2	1	0	1	1	3	2	2	2	0	0	5	1	6	6	1	7	3	3	6	6	9	6	1	1	0	0	0	0	0	0	0	1	0	1	0	1	0	1	0	2	0	0	0	0	2	0	0	1	0	0	0	2	0	2	2	0	0	3	1	2	2	2	1	0	1	0	0	2	3	1	0	1	0	0	1	3	1	0	1	1	0	0	0	1	1	0	1	2	0	3	0	2	2	0	1	1	0	1	0	0	0	2	0	0	0	0	0	1	0	0	0	1	0	0	0	0	1	1	2	0	0	0	0	0	0	1	0	1	1	4	1	1	2	1	2	1	1	2	1	0	0	0	0	1	0	2	1	0	0	1	0	1	0	0	0	1	0	1	1	0	0	0	0	0	0	0	0	1	0	1	0	0	0	0	1	0	0	0	0	1	2	0	0	0	0	0	0	0	0	0	0	1	0	0	0	2	0	0	0	0	0	0	0	0	0
0	0	0	0	0	0	0	1	0	1	2	2	0	0	0	1	1	1	0	1	0	0	2	1	0	0	1	2	1	1	0	0	3	3	1	2	0	0	1	1	1	1	1	1	2	1	1	1	2	0	1	1	1	0	3	1	2	0	0	1	1	9	6	5	6	2	2	3	2	0	1	2	3	2	0	1	0	1	3	1	0	6	3	1	1	2	0	0	2	0	5	3	1	3	0	5	1	0	3	1	2	0	1	0	0	2	2	1	2	1	4	1	10	5	4	3	3	3	5	3	2	1	3	3	0	1	2	2	0	0	3	2	1	1	0	2	0	5	0	0	3	2	4	5	4	3	4	3	1	2	1	0	3	0	0	0	0	0	0	4	1	1	4	4	3	14	24	11	8	3	13	3	6	10	11	14	8	4	10	3	4	2	3	4	2	3	10	6	5	1	2	1	1	2	0	7	11	6	24	30	0	35	92	26	32	17	7	12	6	6	3	2	3	8	2	2	1	2	4	1	1	6	18	10	18	32	6	3	4	5	3	1	3	2	3	5	1	1	1	1	0	0	0	2	3	1	2	1	2	1	4	7	4	6	8	13	9	10	13	7	7	1	0	0	3	0	3	1	0	2	3	1	2	0	2	2	0	0	5	3	2	2	3	2	1	0	2	1	2	3	2	1	2	1	1	3	1	4	2	1	1	2	5	0	5	3	1	2	0	2	0	0	1	2	0	0	1	0	0	0	0	2	0	1	0	0	0	0	0	1	0	0	0	0	1	0	1	2	1	5	1	2	3	0	1	1	1	1	0	1	0	0	2	2	1	0	0	1	1	0	3	0	0	2	0	0	1	1	0	0	2	2	2	0	3	1	1	0	0	0	0	0	0	1	0	0	0	0	0	0	0	0	0	0	0	0	0	1	0	0	0	0	0	0	0	1	0	2	1	0	1	0	0	0	2	1	1	1	0	0	0	0	1	0	0	1	0	0	0	0	0	1	0	0	0	0	0	0	1	0	0	0	1	0	0	0	0	0	2	0	1	1	0	0	0	1	2	1	1	0	0	0	0	0	0	2	1	0	1	0	1	0	1	0	0	0	0	0	1	0	0	0	0	1	0	0	0	0	1
0	0	0	0	0	0	0	0	1	0	1	0	0	1	2	1	1	1	0	0	0	0	1	1	1	1	1	0	0	1	0	0	0	2	1	1	0	1	0	2	0	2	2	0	0	0	1	1	0	1	1	0	3	2	3	1	1	0	2	3	2	4	4	4	4	1	3	3	3	2	4	2	3	6	2	1	1	0	1	2	2	2	0	2	1	3	0	1	0	1	1	3	1	2	1	0	0	0	2	1	0	1	0	0	0	0	0	0	2	1	3	5	5	4	4	3	3	0	1	4	1	0	4	1	2	0	1	0	1	1	2	0	2	0	2	1	0	2	2	0	0	0	1	0	1	1	0	0	0	0	1	0	0	0	1	0	0	3	0	2	1	5	10	2	8	6	7	7	5	5	9	9	10	29	15	17	8	11	9	4	2	8	8	4	3	7	5	1	5	4	4	3	1	0	2	4	2	5	6	14	35	0	36	8	11	10	11	10	3	3	1	0	3	0	2	0	1	1	3	1	2	1	10	5	11	25	6	2	2	2	0	1	7	4	2	2	3	3	1	1	1	1	1	1	3	0	0	3	3	2	7	8	17	33	20	20	13	23	27	14	4	2	1	1	1	4	7	4	1	2	1	1	2	3	2	1	3	6	8	4	1	3	2	1	0	1	0	5	1	2	1	2	0	0	6	3	2	3	1	1	1	2	6	2	1	7	1	0	0	1	3	0	0	0	0	0	0	0	0	0	1	0	1	1	1	2	1	1	0	1	0	1	0	0	0	1	1	1	4	0	0	3	3	0	0	2	0	1	0	0	0	2	0	2	2	0	0	0	1	1	0	0	1	0	0	0	0	0	1	2	1	1	0	0	1	1	4	2	0	2	2	0	0	1	1	0	2	0	0	0	0	1	0	0	0	0	0	1	1	0	0	1	1	1	0	0	0	1	0	0	1	0	0	2	0	1	3	0	2	2	0	0	2	1	1	0	0	0	0	0	0	1	0	0	0	0	0	1	0	0	1	0	0	1	1	0	0	0	0	0	0	2	1	0	0	0	0	0	0	0	1	0	2	1	0	0	0	2	1	0	0	0	0	0	0	0	0	1	0	0	1	0	0	0	1	0	1	0	1
0	0	0	0	0	0	0	0	1	0	1	1	1	1	2	1	4	2	0	0	0	1	0	2	0	0	0	1	0	1	1	1	0	0	1	0	0	1	0	1	1	2	1	1	1	1	2	0	0	1	0	1	1	1	0	2	1	1	1	1	2	8	6	8	5	6	4	7	5	5	5	2	5	0	1	2	1	0	4	1	3	5	3	1	2	0	1	2	0	0	3	1	0	3	0	1	2	0	3	0	2	4	3	1	2	0	1	2	0	2	4	3	5	4	3	3	2	1	1	3	1	3	1	2	1	1	1	1	3	1	2	4	2	3	0	0	2	0	2	0	0	1	0	6	3	3	0	2	3	2	4	1	2	0	0	3	0	3	0	4	6	7	7	7	16	18	20	19	6	1	7	4	9	10	22	40	14	10	7	4	3	4	8	2	1	6	5	9	6	7	10	1	1	0	6	7	8	4	10	20	92	36	0	27	16	8	3	7	7	3	2	1	2	6	2	1	0	0	3	6	3	6	14	3	5	13	5	1	4	1	3	2	5	7	3	2	1	0	1	1	0	1	2	1	3	0	2	3	4	1	1	5	7	5	7	28	10	10	11	6	2	1	0	1	1	3	3	0	1	4	2	0	3	3	2	0	0	1	3	3	2	1	1	1	1	1	1	0	2	2	0	0	1	0	0	5	3	4	2	3	2	4	1	1	2	3	1	0	0	0	0	0	0	0	0	1	0	1	1	1	0	0	0	2	0	1	0	0	0	1	0	1	1	0	1	0	0	0	3	0	2	0	0	0	0	1	2	1	1	0	0	1	1	0	0	0	0	0	1	0	0	1	0	1	2	1	0	0	1	2	0	1	0	0	1	2	1	1	1	0	0	2	0	1	0	0	0	0	1	0	0	0	0	0	0	0	0	0	0	0	1	0	0	0	1	0	0	0	0	1	0	0	0	0	1	2	0	0	0	1	1	1	0	1	0	0	0	0	1	0	0	0	1	0	0	0	0	1	0	1	0	0	0	0	1	0	0	0	1	0	1	1	0	0	0	1	0	0	0	0	0	0	0	0	0	0	1	0	0	0	1	0	1	0	0	0	0	0	0	0	1	1	0	0	1	0	0	1	0
0	0	0	0	0	0	0	1	2	0	2	0	0	0	1	0	3	1	1	0	1	0	1	1	1	2	1	2	0	0	0	0	0	0	0	2	2	2	2	1	0	1	1	0	1	0	1	0	0	0	1	1	1	0	2	2	3	0	1	5	3	9	11	5	9	10	6	10	2	2	1	0	11	4	1	2	3	1	1	0	5	6	2	2	4	2	0	1	1	2	0	0	2	0	2	1	1	3	1	1	1	1	1	1	0	2	0	1	3	0	1	3	2	11	3	2	3	1	2	1	2	1	2	4	1	4	3	2	7	2	3	2	0	2	2	0	2	0	0	1	1	0	1	0	3	3	0	2	0	1	2	3	1	0	0	0	1	1	0	7	1	6	1	5	6	3	14	23	6	8	52	22	31	13	23	16	8	4	7	1	1	4	1	1	1	2	6	6	3	5	4	2	3	5	4	15	14	6	13	32	26	8	27	0	44	8	4	2	0	1	1	0	3	4	0	2	2	0	2	3	1	1	7	2	12	7	6	0	1	4	2	3	6	1	1	0	1	1	1	0	4	0	0	1	2	0	2	2	2	4	2	5	5	6	5	8	8	7	6	1	3	2	1	0	0	0	0	0	1	0	0	1	0	0	1	2	2	2	4	3	3	2	1	0	1	0	1	1	1	0	0	1	0	0	0	4	1	2	3	4	0	0	1	4	1	5	1	2	0	1	1	1	0	2	1	0	0	0	0	0	0	0	1	0	1	0	2	0	0	0	0	0	0	0	1	0	0	0	1	0	1	2	1	1	0	0	1	0	0	2	0	1	0	0	0	1	0	0	0	1	0	2	0	3	0	1	1	0	0	0	0	0	1	0	0	1	0	0	0	2	0	0	0	2	0	2	0	0	0	0	0	1	1	0	0	0	0	0	0	0	1	0	0	0	2	0	0	0	0	1	1	0	0	0	0	0	0	0	2	0	1	0	0	0	0	0	1	1	0	0	1	0	0	0	0	0	0	0	0	1	0	0	1	0	0	1	0	0	1	0	0	0	0	0	1	0	0	0	0	0	0	0	1	0	0	0	0	0	1	0	1	0	0	0	1	0	0	0	0	0	0	0	0	1	0	0	0	0	0
0	0	0	0	0	0	0	1	2	0	0	2	1	2	0	1	1	2	1	1	2	1	1	1	0	0	1	1	1	0	1	1	2	3	0	1	1	0	1	1	1	1	1	0	3	1	2	2	0	0	1	0	2	3	2	3	1	2	0	1	3	15	9	2	4	2	3	5	8	5	3	2	6	6	1	3	1	1	3	3	2	1	2	2	1	0	1	0	0	2	3	0	2	1	3	1	3	1	0	0	1	2	0	0	0	1	0	3	0	1	2	4	9	8	3	3	6	4	5	5	1	0	2	3	3	1	0	4	2	2	4	10	5	2	0	0	2	2	3	1	0	3	4	2	7	1	8	3	1	0	2	2	0	0	0	1	3	1	2	2	2	5	4	6	3	6	15	21	16	18	19	7	13	9	6	10	6	3	3	2	2	0	3	1	4	3	2	3	7	2	2	0	3	4	3	7	7	10	92	93	32	11	16	44	0	13	3	2	5	0	1	2	4	4	0	1	1	0	0	0	2	2	11	7	14	10	5	5	1	1	0	0	3	1	5	1	2	0	0	1	2	2	4	1	2	3	2	3	5	8	4	13	7	3	0	4	6	3	4	4	2	1	1	0	1	2	2	0	2	2	3	0	1	2	1	1	2	1	4	2	1	0	1	2	3	1	3	2	2	1	0	0	1	0	1	1	3	1	3	4	4	4	3	1	3	3	2	1	0	2	2	1	0	0	0	0	0	0	0	0	0	0	0	0	0	0	0	1	0	0	0	0	1	1	1	0	0	2	0	0	0	1	3	2	2	1	1	0	0	0	0	2	1	1	1	1	0	2	1	2	0	1	0	2	1	0	0	0	0	2	1	0	1	0	0	0	0	0	2	1	2	0	0	0	0	0	1	0	0	0	1	0	0	0	1	0	0	1	0	0	0	1	0	1	0	1	0	1	0	1	1	0	2	1	0	1	0	1	0	0	1	1	0	0	1	1	1	1	0	0	0	0	0	1	0	0	0	0	0	0	1	0	0	0	0	0	1	0	0	1	0	1	2	0	0	0	1	0	0	0	0	2	0	0	0	0	0	1	0	1	1	0	0	0	0	0	0	0	1	0	0	0	0	1	0	1	2	0	0
0	0	0	0	0	0	0	0	1	1	2	1	1	2	4	4	4	0	0	0	1	1	0	2	1	1	1	0	0	0	1	1	1	1	1	0	1	0	0	1	0	1	0	1	1	1	1	0	0	1	2	1	1	1	1	4	5	2	1	2	2	5	4	0	2	2	3	1	1	5	1	0	3	4	2	0	1	1	0	0	1	1	2	4	1	0	0	1	0	0	1	0	1	3	0	2	1	0	0	0	2	1	1	0	1	1	0	1	2	0	1	7	4	9	1	4	4	4	1	2	1	0	1	5	2	1	1	3	4	4	2	2	1	1	0	1	0	2	1	0	1	3	1	2	1	4	5	4	0	3	3	1	1	0	0	0	2	0	1	0	1	0	1	2	3	10	7	5	11	10	8	0	6	2	3	8	3	3	3	1	1	2	4	3	3	3	6	4	0	3	1	0	3	2	3	1	2	1	32	51	17	10	8	8	13	0	15	13	4	6	1	5	5	5	2	3	1	3	1	0	1	5	18	25	89	62	8	5	4	2	1	0	1	3	3	4	5	3	3	1	4	2	2	0	2	5	2	7	8	13	7	30	8	5	4	1	3	3	10	3	2	0	1	0	0	1	8	5	5	6	2	0	1	2	2	2	3	2	4	8	2	1	6	1	4	3	9	3	6	1	0	2	1	5	5	8	9	7	9	6	12	5	13	4	3	11	0	0	1	5	2	1	0	0	0	0	1	0	1	0	0	0	0	1	0	0	0	0	0	0	0	0	0	0	0	1	0	3	2	0	3	5	5	1	1	0	0	3	3	1	0	0	1	3	1	1	3	2	2	1	0	2	0	0	0	0	0	0	0	2	0	2	3	1	2	1	2	0	1	1	2	0	1	0	0	1	1	1	0	0	0	1	0	0	2	0	0	0	0	1	0	0	0	0	0	0	0	1	0	1	2	1	0	1	2	1	0	2	0	1	1	2	1	1	2	0	1	1	0	0	0	0	0	0	0	0	1	1	0	0	0	1	0	0	0	0	0	0	3	2	1	0	0	1	1	0	2	0	1	0	0	0	0	0	0	0	1	2	0	0	0	0	0	0	1	0	0	0	0	0	0	0	1	0	0	1	1	0	0
0	0	0	0	0	0	0	1	1	2	2	0	0	0	0	0	0	1	1	0	1	1	0	1	2	1	1	0	0	2	0	1	1	0	0	0	0	0	0	0	0	0	0	2	0	0	0	1	0	0	1	0	1	0	1	0	1	0	2	1	4	1	1	0	3	2	5	1	1	1	0	1	0	0	1	0	2	0	2	0	0	0	1	1	0	4	1	0	0	1	0	0	0	4	0	0	0	1	2	1	0	0	0	0	0	1	2	1	1	0	1	0	1	2	2	3	2	1	1	2	1	0	0	1	0	1	0	1	3	0	1	3	0	1	2	1	1	2	0	2	0	0	3	2	4	3	5	6	1	0	1	0	1	0	1	0	3	1	0	1	2	2	3	1	8	2	4	1	3	2	3	1	0	5	3	4	3	2	3	1	2	10	14	17	6	4	14	5	4	0	3	0	0	0	2	2	1	0	5	13	7	11	3	4	3	15	0	40	17	11	7	8	10	8	0	1	0	0	2	0	3	2	9	20	16	31	10	2	9	1	6	3	6	2	10	7	0	2	4	3	5	2	1	3	2	2	2	2	1	8	5	19	9	10	2	5	0	5	14	8	2	4	4	3	3	4	10	2	6	6	3	2	1	3	2	6	8	5	51	17	2	3	1	1	3	3	5	5	4	2	3	1	1	2	6	6	39	15	6	8	5	4	9	3	4	14	3	2	3	3	4	0	2	2	0	2	2	1	2	1	1	1	0	3	0	1	0	0	1	1	0	0	1	0	1	1	1	1	2	2	0	8	5	3	3	2	5	1	2	1	2	0	1	4	1	4	1	1	2	5	1	2	0	3	1	0	1	1	2	2	1	6	1	0	6	2	2	0	5	2	1	0	0	0	0	3	0	1	0	0	0	0	1	0	0	0	1	1	0	0	1	2	0	1	0	1	1	0	1	1	3	0	0	2	2	1	3	3	1	0	2	2	1	1	0	3	0	0	2	0	0	2	1	0	0	0	1	1	0	1	0	0	0	3	0	0	2	0	2	1	2	3	0	0	0	0	0	0	0	1	1	0	1	0	2	0	1	0	0	1	0	0	1	0	0	0	0	1	1	1	1	0	1	0	1	1	1	2	0
0	0	0	0	0	0	0	0	1	1	1	0	3	0	0	0	0	1	1	0	1	0	0	2	1	2	1	0	0	0	0	0	0	0	0	0	0	1	0	0	0	2	2	0	1	1	0	0	0	1	0	1	1	2	1	2	2	0	1	1	6	1	3	1	1	1	5	3	6	3	0	1	2	1	0	2	1	0	0	5	0	0	2	1	2	0	0	1	3	1	3	1	3	1	1	1	2	0	0	1	0	0	1	0	0	0	1	0	1	0	5	0	7	4	9	3	1	2	1	2	2	1	2	0	0	0	1	1	2	1	1	4	2	2	0	1	1	2	1	0	1	3	2	1	0	3	3	5	2	2	1	1	0	1	0	1	1	2	0	2	3	4	4	1	2	5	4	1	4	4	6	2	3	4	6	4	5	4	5	4	4	14	21	21	10	11	33	7	6	5	4	0	3	0	3	2	2	2	8	5	12	10	7	2	2	13	40	0	25	16	6	10	10	10	2	1	2	0	2	1	4	9	7	21	12	31	13	10	8	1	3	1	3	5	11	8	2	2	3	3	2	2	0	1	3	2	1	2	1	4	4	5	6	9	3	10	1	2	15	3	2	3	1	4	3	1	3	2	1	4	3	1	3	1	3	7	6	3	23	6	4	3	3	4	2	4	3	0	4	6	3	1	1	1	3	5	7	9	10	4	6	6	4	3	6	8	2	0	1	0	2	0	2	2	2	1	0	0	0	1	0	1	1	2	0	0	0	1	1	0	0	2	0	1	1	1	1	3	2	5	2	2	4	2	1	5	0	0	1	0	0	1	2	2	5	1	0	1	1	2	1	1	1	0	0	2	2	0	1	2	1	3	0	4	3	2	2	2	4	0	1	0	1	0	0	1	0	0	0	0	0	0	0	1	0	1	0	0	1	0	0	0	3	2	0	0	0	0	2	0	2	0	0	1	0	0	0	2	1	1	2	0	0	2	1	1	0	0	0	1	1	1	1	0	0	0	0	0	0	2	0	0	0	0	0	1	1	1	1	0	0	0	3	1	2	0	0	0	0	0	0	1	0	0	1	0	0	0	0	0	0	0	0	0	0	1	0	0	0	0	0	0	1	0	0	1	0	1	0
0	0	0	0	0	0	0	0	0	0	0	1	1	1	2	1	1	0	1	0	1	1	0	2	0	1	1	1	1	0	1	2	1	1	0	0	0	0	0	1	0	1	1	0	1	1	0	0	1	1	0	0	0	0	0	2	0	0	1	0	3	7	2	0	1	1	1	2	3	1	2	0	3	0	2	2	1	0	1	0	0	2	0	1	2	0	1	1	1	0	3	2	5	5	3	4	0	1	2	2	0	2	1	1	0	0	3	1	2	4	3	4	8	2	4	3	3	2	1	1	0	1	1	1	1	1	1	1	2	0	2	1	2	0	2	2	0	1	0	1	0	0	0	2	3	1	4	1	2	4	5	0	1	0	1	0	4	2	1	0	2	1	1	4	2	0	4	1	3	3	2	0	2	0	1	4	0	1	0	1	0	4	5	27	16	18	34	11	8	5	2	3	2	2	2	0	4	1	0	9	6	3	7	0	5	4	17	25	0	18	5	10	17	4	3	1	0	2	0	4	3	14	5	11	8	6	16	12	15	8	3	3	3	11	29	57	0	3	2	2	0	1	1	0	2	1	1	1	0	4	2	5	4	3	2	1	2	1	2	1	4	0	2	1	2	1	1	2	2	1	1	2	0	2	4	7	3	2	8	2	1	4	1	1	3	1	2	2	5	2	2	0	1	2	1	0	4	6	1	7	4	3	3	2	3	3	4	0	2	0	2	1	0	1	0	0	3	1	1	1	2	2	5	2	1	2	1	0	0	0	0	0	1	1	1	0	0	2	2	2	2	3	2	1	1	1	3	1	0	0	1	3	2	1	0	5	1	1	2	2	3	0	1	1	0	2	0	0	1	1	1	6	2	1	5	3	4	4	6	2	4	0	5	1	3	0	1	0	1	0	0	1	0	1	0	0	1	0	1	2	1	0	1	0	1	0	0	0	1	2	0	0	1	3	3	1	4	2	1	1	1	0	0	0	3	2	1	0	0	1	0	0	0	0	0	1	0	0	0	0	0	0	1	1	0	1	2	1	2	2	0	1	1	0	0	1	0	1	0	1	0	0	1	1	2	0	1	0	0	2	0	0	1	0	1	1	1	3	1	0	1	1	0	0	1	0	2	0	0
0	0	0	0	0	0	0	0	0	0	0	0	2	0	1	1	0	0	0	0	0	2	0	1	1	0	0	0	0	0	2	0	0	0	0	0	0	1	0	0	0	0	1	0	0	1	1	1	0	2	1	1	1	2	1	0	1	1	2	0	1	3	2	3	2	0	1	2	2	0	1	1	1	1	0	1	0	1	0	0	0	0	3	0	0	0	1	1	1	0	1	3	1	1	3	0	1	1	1	0	0	1	1	1	1	2	0	1	0	2	1	2	3	2	0	0	1	1	1	1	1	0	0	2	0	1	0	0	1	1	1	0	1	0	0	2	1	0	1	0	2	2	1	1	2	3	1	4	2	1	1	0	1	0	0	0	0	0	0	1	1	1	2	2	1	0	3	0	1	3	2	1	3	3	2	1	1	1	3	1	3	5	17	97	34	9	11	4	2	2	1	1	0	1	1	1	0	1	1	3	6	3	3	1	0	6	11	16	18	0	15	76	19	3	1	0	2	0	2	0	0	14	2	8	6	7	6	4	4	5	2	2	2	1	5	29	2	4	3	6	3	0	0	0	1	2	1	2	0	3	4	5	3	3	2	2	2	2	3	4	6	1	2	6	2	2	9	1	3	4	4	1	3	6	7	9	6	5	18	5	4	5	2	2	2	0	6	4	6	11	3	1	1	2	2	0	10	12	4	6	6	2	0	5	4	4	6	2	2	2	3	1	0	1	1	1	0	0	2	0	3	4	1	1	0	3	0	0	0	0	1	0	0	1	1	1	1	2	3	4	6	11	6	5	3	2	1	1	3	2	0	1	3	2	4	4	0	1	2	4	6	2	2	1	1	0	1	1	2	4	3	6	5	6	5	4	2	7	4	4	4	0	1	1	1	1	2	0	2	1	1	2	1	0	0	0	0	2	2	0	0	1	2	3	1	0	1	0	0	0	0	1	1	4	3	1	3	4	2	2	3	1	2	3	0	1	1	1	2	2	0	1	0	1	0	0	3	0	0	0	0	0	0	1	0	0	0	2	0	4	0	3	1	0	1	0	0	1	0	0	0	0	0	1	0	0	1	1	0	1	0	0	2	0	0	0	0	2	0	0	0	1	0	0	0	1	0	0	1
0	0	0	0	0	0	0	0	0	1	1	0	2	0	0	0	0	0	2	0	0	1	0	1	1	0	2	0	1	1	0	0	0	0	1	0	1	0	1	0	1	0	0	1	0	0	0	0	2	1	0	0	0	2	0	0	1	0	1	2	0	1	1	1	0	0	1	0	1	1	0	0	1	0	1	0	0	0	1	0	3	0	1	1	0	1	0	0	0	1	0	1	1	0	2	0	0	1	2	0	0	1	0	1	0	1	0	4	0	0	1	2	0	2	1	2	0	1	1	0	1	1	2	1	0	1	1	0	1	1	0	0	0	0	1	0	0	1	0	0	1	1	1	1	1	0	2	1	2	1	0	0	0	0	0	0	0	3	0	0	0	0	1	2	2	1	2	2	0	2	0	1	1	3	1	1	4	0	0	1	5	5	7	16	13	6	4	2	3	0	1	0	3	1	2	0	1	2	2	4	3	1	2	1	1	1	7	6	5	15	0	16	4	3	2	1	0	1	1	1	1	5	4	1	3	1	0	3	3	2	1	0	0	1	2	10	3	4	1	1	1	2	2	1	0	0	0	0	0	1	0	5	2	4	1	1	2	1	2	1	2	2	5	5	4	5	11	4	5	6	6	4	0	2	1	11	5	16	12	6	9	5	5	5	4	1	2	6	21	66	30	4	0	4	5	5	9	12	6	2	3	0	4	0	3	4	7	1	7	6	4	4	0	1	3	3	1	1	5	2	2	5	4	2	1	4	2	1	0	0	0	0	0	2	1	6	4	5	2	1	3	5	4	12	5	4	9	1	2	6	3	8	7	3	3	12	3	2	4	5	2	2	6	1	3	2	3	0	4	0	3	33	13	13	23	10	2	10	10	11	3	4	8	1	1	0	0	1	1	0	1	2	1	1	0	0	0	0	0	0	0	2	1	2	1	1	2	0	1	2	1	2	6	6	1	3	6	4	1	3	3	3	2	1	3	1	3	2	1	2	2	1	1	0	0	1	0	0	4	0	1	1	0	1	2	2	3	2	3	2	2	1	0	0	2	0	0	0	2	0	1	0	2	0	2	1	1	0	0	2	2	0	0	1	0	0	2	2	1	0	1	1	1	1	3	0	1	0	2
0	0	0	0	0	0	0	0	0	2	1	1	1	0	0	1	0	0	0	0	0	0	1	0	1	0	0	0	0	1	1	0	1	1	1	0	2	0	0	1	1	0	0	1	0	1	1	1	1	1	2	0	1	1	0	0	1	1	0	0	2	3	1	0	1	0	1	0	0	0	3	0	1	0	0	1	0	1	1	1	3	2	0	1	0	0	0	2	0	3	0	3	2	2	2	1	0	1	1	0	0	1	0	0	0	1	0	1	4	0	1	2	1	1	2	2	2	1	0	2	0	2	1	0	0	2	0	2	0	1	1	2	1	0	0	0	1	3	0	0	1	0	0	1	1	1	1	3	4	3	2	1	0	0	0	0	1	0	0	1	1	0	2	1	0	4	1	1	1	2	0	0	2	5	4	1	1	2	1	2	3	6	7	27	14	6	9	2	2	0	2	0	1	0	0	2	0	1	4	2	2	0	1	0	2	5	8	10	10	76	16	0	19	2	0	0	0	0	1	0	0	5	0	5	5	8	6	3	4	2	1	1	1	5	1	16	3	3	3	2	1	2	1	3	2	2	0	0	1	1	4	4	4	1	3	3	1	3	5	4	3	6	2	3	0	4	8	2	7	4	0	2	1	2	4	1	3	7	18	8	5	1	6	6	2	4	5	4	11	8	7	4	4	2	3	1	8	21	14	5	4	5	1	1	3	2	3	1	5	2	1	1	2	0	1	1	0	2	2	4	0	2	2	0	2	3	3	2	1	0	0	1	0	3	3	1	1	1	6	9	2	13	15	5	5	3	4	3	4	1	2	3	6	2	1	5	1	3	4	9	5	0	2	0	3	5	0	0	2	1	7	22	17	7	5	5	5	1	10	7	2	3	5	0	1	2	2	0	1	0	0	0	0	1	1	0	2	0	0	0	0	1	2	0	0	2	0	1	2	1	1	3	2	2	1	2	4	1	0	1	2	4	1	3	3	1	0	2	2	0	0	1	0	0	0	1	1	3	1	1	0	1	0	0	2	0	1	6	4	0	0	1	1	1	1	2	0	1	4	1	1	0	0	0	2	2	0	3	1	1	1	0	3	0	1	0	0	0	0	0	0	0	0	1	1	0	1	0	2
0	0	0	0	0	0	0	2	2	0	0	0	0	1	0	1	1	0	4	1	2	0	0	1	1	0	1	0	1	0	2	0	0	0	1	0	0	0	0	0	0	0	1	0	2	0	0	0	0	1	0	1	1	0	0	0	0	0	4	0	2	2	1	1	1	2	1	1	2	2	1	3	1	0	1	1	2	0	1	0	1	1	1	0	0	0	1	1	1	0	2	4	3	3	0	0	0	0	0	1	2	0	1	0	0	0	0	2	1	1	5	2	1	4	2	2	1	3	1	0	0	0	1	1	2	0	1	1	1	1	0	2	0	1	3	1	0	2	1	2	3	0	2	2	3	2	5	5	3	2	0	1	0	1	0	1	0	0	0	1	1	1	1	0	2	2	1	4	1	1	0	1	1	1	1	1	1	0	0	1	2	2	4	7	9	8	3	7	0	0	2	0	0	2	1	1	0	2	2	3	3	3	2	3	4	5	10	10	17	19	4	19	0	12	2	3	2	2	1	1	1	9	2	9	10	5	5	13	6	5	0	2	1	2	4	20	5	1	3	2	2	2	1	2	2	2	2	1	2	2	1	2	2	2	2	2	1	2	2	3	1	0	1	3	3	1	1	1	1	0	2	0	1	0	1	1	4	5	8	5	2	3	1	9	3	3	2	5	5	3	4	2	5	3	3	0	8	15	9	9	9	7	3	4	3	3	0	1	0	3	1	0	1	2	1	1	0	0	0	1	3	2	3	2	1	2	0	0	0	0	0	0	1	1	0	3	0	2	1	7	4	14	13	5	1	1	2	0	0	2	1	5	2	0	1	1	2	1	9	3	0	0	3	1	1	0	0	1	0	1	2	11	4	4	3	0	3	1	2	2	0	0	2	1	1	2	1	0	1	1	0	0	1	0	0	1	0	0	0	1	3	0	1	1	2	0	0	0	3	3	1	0	1	3	2	1	7	1	1	2	1	5	0	1	0	5	1	0	0	1	0	0	1	0	0	1	1	0	0	0	3	0	0	2	1	1	6	1	1	1	2	4	0	0	1	0	0	0	0	2	1	0	0	0	1	2	5	0	1	1	0	0	0	0	0	0	0	0	0	0	0	1	1	0	0	0	0	0	0
0	0	0	0	0	0	0	0	0	0	4	0	1	0	3	3	1	0	0	0	2	1	1	2	1	2	0	1	2	1	1	1	1	2	1	2	1	2	1	1	1	0	1	1	0	0	0	0	1	0	0	0	0	1	0	0	2	0	1	0	1	4	0	0	0	0	0	1	1	1	1	2	2	1	2	0	0	0	2	1	1	3	0	2	1	0	2	4	0	0	1	2	3	1	2	1	0	0	2	0	1	2	1	0	0	2	1	1	4	3	6	8	10	15	7	5	5	3	3	1	1	1	1	2	1	1	1	1	3	1	3	5	10	4	2	2	2	2	1	0	1	1	3	5	18	12	8	14	5	2	0	2	0	0	1	0	0	1	1	1	1	1	2	2	1	0	0	3	6	5	2	1	2	2	0	0	1	0	0	3	1	1	4	2	3	1	0	4	3	0	0	0	1	0	4	0	2	5	3	3	8	0	6	4	4	5	8	10	4	3	3	2	12	0	2	0	2	1	2	2	0	6	4	7	9	7	11	16	2	6	0	2	2	2	2	1	8	5	8	5	2	3	4	2	10	5	11	9	2	5	6	1	0	2	2	2	3	0	1	1	1	3	1	0	0	0	2	3	1	1	3	0	1	2	1	2	0	3	3	2	3	1	5	1	9	1	6	5	3	1	2	1	1	2	2	1	8	6	5	12	32	27	18	1	4	1	3	1	0	2	2	1	0	0	0	1	0	0	0	0	1	0	2	1	0	0	1	0	1	1	1	1	0	1	0	1	3	0	3	3	3	4	4	1	2	1	1	1	1	0	4	1	0	1	2	2	1	1	2	6	4	0	0	0	1	1	1	0	0	1	2	3	3	1	2	1	0	1	0	1	1	1	0	1	2	0	0	0	0	0	0	0	0	0	0	0	0	0	1	2	1	1	2	0	2	1	1	0	1	0	3	1	2	1	0	2	2	3	0	0	1	0	2	2	2	1	0	1	0	0	0	0	0	0	0	0	0	0	0	0	0	1	2	0	0	0	0	1	2	2	0	1	0	1	0	0	1	0	0	0	1	0	0	0	0	1	1	0	0	0	1	0	0	0	2	0	0	0	0	0	0	0	0	0	0	1	0	0	0
0	0	0	0	0	0	0	1	2	2	4	4	1	4	4	2	11	3	1	4	1	2	5	8	6	3	0	2	2	2	1	1	4	2	2	2	2	1	0	1	1	2	0	2	0	2	2	1	2	1	1	2	1	2	1	2	1	3	2	4	0	7	2	2	2	3	1	2	2	4	1	4	0	1	2	2	1	0	2	1	0	2	1	2	1	0	3	1	4	5	2	3	2	0	0	0	1	1	0	2	1	1	0	1	2	3	3	4	6	16	2	2	11	5	6	4	12	10	2	1	0	3	1	4	1	3	1	5	6	4	12	11	2	5	8	7	6	9	7	1	4	12	14	9	13	14	6	4	8	6	4	1	0	0	0	0	1	0	3	1	0	2	0	1	0	4	4	6	0	4	2	0	0	0	0	1	0	1	1	0	0	1	0	0	1	0	1	0	0	1	0	0	1	0	2	0	1	4	1	1	2	2	2	0	0	2	0	2	3	1	2	0	2	2	0	102	13	9	6	4	6	0	1	2	0	1	5	5	1	8	3	3	1	2	3	2	1	1	2	0	1	1	2	0	2	1	5	3	2	0	0	1	2	2	1	0	0	1	1	0	0	1	1	0	1	0	1	2	0	0	0	0	1	0	0	2	1	0	4	0	0	0	1	0	1	0	0	1	2	2	0	2	0	0	1	1	1	0	1	3	1	2	0	0	2	0	0	0	0	1	0	0	1	0	0	0	0	3	1	0	0	1	0	1	0	0	0	0	0	1	1	1	1	1	0	1	1	1	2	0	0	2	0	0	1	0	0	1	1	0	0	0	0	0	1	1	2	0	0	1	0	0	0	0	0	0	0	0	0	1	0	0	1	1	0	0	1	3	0	1	0	0	0	0	0	1	0	0	0	0	0	0	0	0	1	0	0	0	0	0	1	0	2	1	0	0	0	1	0	0	0	0	0	0	0	0	1	0	0	0	0	0	0	0	0	0	1	0	1	1	0	0	0	0	0	1	0	0	0	1	0	1	0	0	0	0	0	0	0	0	0	1	0	2	2	0	0	0	0	1	0	0	0	0	1	1	0	1	0	0	0	0	0	0	0	0	0	3	0	0	0	1	0	0	1	0	1	1	0
0	0	0	0	0	0	0	1	1	2	1	3	10	5	3	1	5	5	3	2	3	2	8	11	10	4	2	6	2	0	3	4	6	3	5	2	1	0	1	2	1	2	5	1	1	3	2	2	2	1	0	5	0	0	1	1	0	5	1	4	1	2	1	1	1	2	1	1	4	4	1	1	1	2	2	2	1	0	1	1	2	1	1	2	3	1	0	1	6	1	1	4	1	2	3	1	0	1	2	1	2	2	1	1	1	2	3	5	6	13	8	2	1	1	5	12	10	6	4	1	3	4	1	4	6	7	6	2	8	7	7	10	7	20	14	6	5	17	6	4	13	28	18	7	8	15	6	5	4	3	1	1	1	0	0	0	1	1	0	2	0	1	1	0	1	3	1	3	6	0	1	1	3	0	1	0	0	0	0	1	2	0	2	0	3	1	1	1	1	0	0	0	1	1	1	1	1	2	0	2	2	0	1	2	1	3	1	1	1	0	1	0	3	0	102	0	37	9	7	4	1	3	1	2	2	6	3	1	2	0	0	1	1	1	1	0	0	1	2	1	2	1	0	1	2	3	10	2	0	1	1	2	2	0	2	1	1	3	0	1	0	0	0	0	1	1	0	1	0	1	0	2	0	2	0	1	0	0	1	1	0	0	0	0	1	0	1	0	0	2	0	3	0	1	0	0	2	1	0	1	1	2	0	1	0	1	0	0	0	0	2	0	1	0	0	1	1	1	0	2	1	0	2	2	0	1	0	1	2	0	1	0	2	0	0	0	2	1	2	3	0	1	1	0	0	0	1	0	0	2	0	0	1	0	1	0	0	0	0	0	0	1	0	0	1	0	0	0	1	0	1	0	0	0	1	0	0	0	2	0	1	1	1	0	0	0	1	0	0	1	2	0	0	1	0	0	0	0	0	0	0	0	0	1	2	0	0	0	0	2	0	0	0	0	0	0	0	2	0	0	0	1	1	1	0	0	0	0	1	0	0	0	0	0	0	0	0	0	0	0	0	0	0	0	0	1	0	2	2	0	1	0	0	1	2	2	3	1	0	0	0	0	0	0	0	0	0	2	0	0	0	0	0	0	0	0	0	0	0	0	0	0	0	0	0	0	0	0	1
0	0	0	0	0	0	0	2	2	4	2	6	3	6	6	4	5	4	8	5	5	7	10	8	24	6	4	1	5	7	5	6	10	8	8	2	3	2	3	2	1	4	1	2	2	5	3	2	0	0	3	1	0	2	1	1	3	2	3	4	5	2	1	1	2	0	0	2	1	4	1	2	1	0	0	1	0	0	1	0	3	0	0	0	0	1	3	2	1	1	2	0	2	0	0	1	0	1	0	0	0	1	1	0	2	4	0	7	9	4	4	2	3	1	1	3	11	12	5	3	3	0	3	5	9	7	0	4	4	5	0	3	6	7	6	5	9	10	26	20	35	13	15	4	2	4	3	2	2	1	1	0	5	0	1	1	2	2	1	0	1	1	1	0	0	1	1	0	1	0	0	2	1	1	0	2	1	2	0	0	0	1	1	0	0	0	2	2	1	1	0	0	3	1	0	2	1	1	0	0	1	1	0	2	1	1	0	2	0	2	0	0	2	2	13	37	0	28	11	3	0	1	2	3	1	1	0	2	3	1	0	0	0	1	2	2	1	1	3	0	1	4	3	2	0	0	0	0	0	1	0	0	5	0	1	2	1	1	1	0	0	0	1	0	1	0	0	1	0	0	0	0	0	0	2	0	0	0	0	0	1	0	1	0	0	1	1	0	0	0	0	0	3	1	1	0	0	3	1	0	1	0	1	0	0	0	0	0	0	1	0	0	0	0	0	0	0	0	0	1	0	0	2	0	0	0	0	0	1	0	0	0	1	0	0	0	1	0	1	1	1	2	0	0	0	0	1	1	1	0	0	0	0	0	1	0	0	2	0	0	0	0	0	0	1	0	0	0	0	0	1	0	0	0	0	0	0	0	0	0	2	1	0	0	0	1	0	0	0	0	0	1	0	0	0	0	0	0	0	1	0	0	0	0	1	1	0	0	0	2	0	0	0	0	1	1	0	0	0	0	0	0	1	0	0	1	0	0	1	0	0	1	0	0	0	1	0	0	0	0	0	0	0	0	0	0	0	0	0	1	1	0	0	0	1	0	0	0	0	0	0	0	0	0	0	1	1	0	0	0	0	1	0	0	0	0	0	0	0	0	0	0	0	1	0	0	0	0	0
0	0	0	0	0	0	0	1	0	2	5	3	9	7	1	6	4	3	6	5	8	5	52	27	19	9	2	2	4	3	3	8	13	9	5	3	6	2	0	1	0	3	3	3	6	7	5	3	3	4	0	0	4	2	2	2	1	3	8	10	2	5	1	2	1	1	2	2	3	4	3	1	1	3	2	3	0	0	3	0	0	2	0	0	1	1	2	3	0	9	4	3	3	1	1	3	1	2	3	0	4	1	1	1	2	0	4	5	8	9	7	2	2	3	5	4	3	8	3	1	5	3	3	6	2	4	1	3	2	6	4	2	1	2	2	4	4	5	6	16	16	7	8	4	3	4	3	0	3	4	2	1	3	3	0	0	0	1	3	0	2	1	1	0	4	1	2	4	1	1	1	0	1	0	1	0	0	0	0	1	0	0	0	0	2	1	0	3	0	2	2	1	0	1	1	2	1	3	3	1	2	1	0	0	0	3	0	0	2	0	1	0	2	1	9	9	28	0	23	1	5	2	3	0	0	1	0	0	2	1	1	1	1	3	0	0	0	1	0	2	0	0	0	0	2	1	1	1	0	0	1	1	1	0	0	0	0	1	1	0	0	0	0	0	1	0	1	0	1	1	0	0	0	0	0	1	0	0	2	0	0	2	0	0	1	2	0	1	0	0	0	2	2	1	0	1	3	1	0	1	2	0	1	1	0	0	1	0	0	1	0	1	0	1	1	1	0	0	0	0	0	1	0	1	0	2	0	0	0	0	0	0	0	1	0	1	0	1	1	2	1	0	2	1	2	0	1	1	0	0	0	1	0	1	0	0	1	0	0	0	0	1	1	0	0	0	1	0	0	0	0	0	2	0	1	1	1	0	0	0	0	1	0	0	0	1	0	0	0	0	0	0	1	0	0	0	0	0	0	0	0	0	0	0	1	0	1	0	0	0	0	0	2	0	0	1	0	0	0	1	0	0	1	0	0	0	0	0	2	0	0	0	1	0	0	0	0	0	0	0	0	0	0	0	1	0	0	1	0	0	0	2	0	0	0	0	1	0	0	0	0	0	0	0	1	0	0	1	0	1	0	0	0	0	0	0	0	0	0	0	1	0	1	0	1	0	0	0	0
0	0	0	0	0	0	0	1	2	2	1	2	15	5	3	6	4	4	5	5	9	9	60	28	8	8	1	1	1	1	1	1	2	5	3	5	3	2	1	0	2	3	3	4	4	8	3	4	1	0	4	1	1	1	0	2	4	5	10	7	7	2	1	3	1	2	4	4	3	4	4	1	0	0	3	2	0	0	2	0	2	0	0	1	2	1	3	6	11	10	3	2	2	6	5	3	1	1	0	1	3	6	3	2	2	7	9	17	27	13	8	11	1	2	5	5	9	10	1	4	1	1	3	5	1	3	1	0	3	10	3	1	2	3	2	4	4	6	4	1	2	3	3	1	3	5	5	2	2	4	3	3	4	3	1	0	0	4	1	1	3	3	1	1	3	4	2	2	5	1	0	0	2	2	0	1	0	0	0	1	0	1	0	1	0	1	0	0	1	1	0	1	2	0	2	1	1	1	0	0	4	3	3	2	0	1	2	2	0	2	1	1	1	2	6	7	11	23	0	28	6	0	6	0	0	1	5	4	2	4	3	2	1	1	4	0	0	0	0	1	0	0	1	0	2	1	0	0	0	1	0	0	0	1	1	4	1	0	0	2	0	0	0	0	0	0	0	1	0	0	1	0	1	0	1	1	0	0	1	0	0	0	0	1	0	0	1	0	1	0	1	1	1	1	0	1	0	0	3	0	1	1	0	0	0	1	0	0	3	0	0	0	0	1	0	0	0	0	1	0	2	2	0	1	0	0	1	0	0	1	0	1	1	0	1	0	0	1	1	1	0	0	0	0	2	0	1	2	0	0	0	1	0	0	0	0	0	1	0	0	0	1	0	0	1	0	1	0	1	1	0	0	0	0	0	0	0	0	0	0	0	0	0	0	0	0	0	0	0	0	0	1	0	0	0	0	0	1	1	0	0	0	0	0	1	0	1	0	0	0	1	1	1	4	0	0	0	0	0	0	1	0	0	0	0	0	0	0	0	1	1	0	0	0	1	0	0	0	1	0	0	0	0	0	0	0	0	1	0	1	0	1	0	0	0	0	0	0	0	1	1	1	1	0	0	0	0	1	0	0	0	2	0	0	0	0	0	1	0	0	1	0	0	0	0	0	0	0	0
0	0	0	0	0	0	0	1	0	2	2	1	2	0	1	1	7	5	5	2	5	4	11	7	2	2	3	3	3	2	0	4	0	2	2	2	1	0	2	0	2	3	1	4	6	4	1	1	0	2	1	1	1	1	2	3	8	12	15	16	4	5	2	0	1	3	5	10	13	10	3	3	1	2	2	0	2	1	3	1	2	1	2	1	4	5	6	14	41	29	6	6	1	2	0	3	1	1	1	8	3	6	7	3	4	6	8	14	7	11	11	3	4	3	2	11	6	7	2	0	3	1	1	1	0	1	0	4	4	6	1	3	2	0	1	2	1	2	1	5	2	1	3	3	4	3	4	2	2	5	18	2	1	1	1	1	2	3	2	3	4	8	5	2	2	4	4	3	1	1	2	2	1	1	2	2	3	2	1	1	1	0	0	5	1	0	1	3	4	3	2	3	2	2	2	2	2	2	0	3	1	1	6	3	0	0	0	1	4	0	1	0	1	2	4	4	3	1	28	0	13	3	3	2	2	1	3	4	2	8	4	4	6	2	1	0	0	0	1	1	1	0	0	3	0	0	0	0	1	1	1	2	0	0	1	5	1	2	1	1	1	0	0	0	1	1	0	0	1	2	0	0	0	0	2	0	1	0	0	0	0	0	0	1	0	1	0	1	0	1	0	0	2	2	1	1	0	0	0	0	0	0	1	0	0	0	0	0	0	1	0	1	1	0	5	0	0	0	0	0	0	0	0	1	1	2	0	1	0	0	1	0	0	1	0	0	0	1	0	0	2	0	0	0	0	1	2	0	1	1	0	0	0	0	0	0	1	0	1	0	0	0	0	0	0	2	0	1	1	2	1	0	0	0	0	1	1	0	0	1	0	0	1	1	0	0	0	0	0	0	0	1	0	0	0	1	0	0	0	1	0	0	1	2	1	0	1	0	0	0	1	0	0	0	0	0	0	0	0	0	0	0	0	0	0	0	1	0	0	0	0	0	0	0	0	0	0	0	0	0	0	1	0	0	0	0	1	0	1	1	0	0	0	0	0	0	0	1	0	0	0	0	0	0	0	0	0	1	0	0	0	0	0	0	0	0	0	0	0	1	0	0	0	0	1	2	0	1	0
0	0	0	0	0	0	0	0	1	0	1	2	0	0	2	3	3	2	3	4	2	4	2	4	5	2	0	1	2	3	1	1	3	0	1	3	0	1	2	3	0	1	1	3	1	1	0	2	0	0	0	0	2	1	2	4	1	5	3	3	4	6	6	1	2	6	3	10	14	10	2	4	0	2	2	1	1	1	2	2	2	2	2	1	2	1	7	5	9	7	7	16	6	2	8	6	1	7	3	6	3	3	3	1	3	3	4	6	16	9	29	17	10	5	6	12	9	4	5	2	0	1	0	0	1	1	3	0	5	4	1	1	1	3	2	1	0	0	2	2	1	2	4	4	5	5	10	7	4	8	17	2	1	2	3	1	0	1	1	4	10	8	3	0	3	1	5	2	7	2	1	0	1	0	3	2	1	3	1	1	0	3	1	2	1	1	3	9	4	4	2	2	1	5	1	3	0	1	2	6	1	2	3	1	2	1	3	4	3	0	1	0	1	0	6	1	0	5	6	13	0	20	5	4	2	2	4	8	11	19	3	4	6	14	7	1	3	2	1	0	4	0	1	1	2	1	5	2	2	1	0	2	1	3	1	2	1	2	2	1	2	0	0	0	0	0	0	0	0	0	0	0	1	1	0	1	0	3	0	1	2	0	0	0	2	3	1	2	1	2	0	1	0	1	2	2	2	0	0	2	0	1	2	1	3	0	1	0	0	1	0	3	1	0	0	0	1	1	0	0	1	1	1	0	3	0	0	0	0	0	0	0	0	0	0	0	0	1	2	0	1	1	3	1	3	0	0	0	0	0	1	0	0	2	2	2	3	0	2	0	0	0	1	0	0	0	0	0	0	0	1	1	0	0	1	0	1	0	1	0	2	0	2	0	0	0	0	1	0	0	0	0	0	1	0	0	0	0	0	1	0	1	0	0	0	0	0	2	1	0	1	0	0	0	1	0	1	0	0	1	1	0	0	0	0	1	0	0	0	1	0	1	0	1	1	0	0	0	0	0	0	0	1	0	0	2	2	1	1	0	1	1	0	0	0	1	0	0	0	0	0	1	2	0	1	1	0	0	0	0	0	0	0	0	2	0	0	1	0	0	0	0	1	1	0	0	0	2	1
0	0	0	0	0	0	0	1	0	0	1	0	2	1	0	1	3	2	2	0	2	0	1	2	1	0	1	1	1	1	0	0	0	1	1	0	0	1	1	0	1	4	0	0	1	0	0	1	0	0	2	1	0	2	2	0	2	0	1	3	11	3	4	1	2	3	6	5	6	1	1	2	1	0	0	1	1	0	1	3	1	1	1	2	1	1	3	1	5	4	3	9	5	7	3	3	2	1	1	3	1	2	2	0	1	2	1	3	3	3	12	15	20	8	11	8	7	7	3	2	2	1	0	2	2	3	1	0	1	2	2	2	1	3	1	2	1	2	2	1	0	3	3	6	9	5	12	13	6	13	3	1	2	0	3	1	1	3	0	5	4	5	1	2	5	2	5	4	4	1	0	0	1	0	2	4	2	3	1	0	2	4	2	5	3	3	9	26	5	2	0	1	1	0	2	2	0	1	2	7	6	1	6	1	2	5	2	9	14	14	5	5	9	6	0	3	1	2	0	3	20	0	15	17	7	4	47	104	86	10	7	2	2	12	16	4	3	3	3	2	0	1	0	2	6	3	5	4	1	3	4	2	2	6	0	5	1	1	4	1	1	0	3	2	0	3	1	1	3	2	0	2	2	1	0	0	1	3	5	2	1	1	1	2	2	0	0	3	0	1	1	1	1	2	2	1	4	5	3	3	6	5	5	1	4	2	1	0	3	1	0	0	0	0	0	0	2	2	0	0	0	2	0	1	1	0	0	1	1	0	0	0	1	2	0	2	1	0	6	1	4	0	1	1	4	0	1	1	0	1	1	0	0	1	0	0	0	1	2	3	0	2	1	0	1	0	0	0	2	2	0	2	2	1	4	0	0	1	2	2	2	1	0	1	0	0	1	1	0	0	0	1	0	0	0	1	0	0	0	0	1	0	2	1	1	0	0	0	1	2	2	4	0	1	0	2	2	1	2	2	0	1	0	0	0	0	1	0	0	2	0	1	0	0	2	0	0	0	1	0	0	0	0	0	0	1	0	1	0	2	0	3	0	0	0	0	0	0	0	0	0	0	0	0	0	0	1	0	1	0	1	1	0	0	0	0	0	0	2	0	0	0	0	0	2	0	0	0	0
0	0	0	0	0	0	0	0	1	0	1	0	1	2	1	0	0	2	2	1	0	0	1	0	1	0	0	0	1	1	0	0	1	0	0	0	1	0	1	0	1	1	0	2	1	3	0	3	2	0	0	0	1	1	2	0	2	3	1	4	1	4	6	4	1	3	5	7	4	1	1	2	1	4	2	0	1	1	1	3	3	2	1	1	4	0	0	1	1	1	3	2	1	2	4	1	2	0	1	4	1	1	1	0	0	0	2	1	5	1	5	16	57	15	7	4	3	1	3	2	2	0	0	3	2	1	1	1	3	2	5	3	1	2	1	0	0	1	3	0	0	5	2	5	8	1	5	6	4	8	1	0	1	1	1	0	1	0	0	2	3	5	2	6	8	9	32	9	14	8	8	3	4	2	7	6	4	3	1	4	3	3	5	2	5	6	4	19	4	3	2	2	1	2	3	5	6	6	18	9	18	10	14	7	11	18	9	7	5	2	4	0	2	4	1	1	2	3	6	3	5	15	0	15	21	30	55	15	8	4	2	0	5	3	8	3	1	0	2	1	4	4	5	0	1	2	1	3	2	7	1	4	3	1	6	10	1	4	2	2	1	1	1	2	0	1	5	1	0	1	2	2	2	1	1	3	0	2	3	5	1	0	3	0	3	0	1	1	0	0	1	0	0	4	4	3	0	4	1	7	4	2	5	3	0	2	0	1	1	3	1	1	1	0	1	1	0	0	0	0	0	0	0	0	0	1	1	0	0	0	1	0	0	3	1	0	1	0	1	1	0	1	1	0	2	1	0	0	0	0	2	1	0	1	0	3	1	1	0	1	2	0	0	0	1	0	0	0	0	1	0	1	2	0	0	1	1	0	0	1	0	1	1	1	1	0	1	1	0	0	0	0	0	1	1	0	0	0	0	0	0	0	0	0	0	0	4	0	1	0	2	0	0	1	0	0	1	1	2	1	1	0	2	0	3	2	0	1	1	0	0	0	0	0	0	0	0	0	1	0	0	0	1	1	0	0	0	1	3	0	0	0	1	0	0	1	0	1	0	0	0	1	0	0	0	0	0	0	1	2	0	1	0	1	0	0	0	0	0	0	0	0	0	0	0	0	0	0	0
0	0	0	0	0	0	0	1	2	0	1	1	2	1	1	3	2	2	3	1	0	5	0	0	0	2	0	1	2	0	0	0	0	0	0	0	1	0	0	1	1	0	2	0	0	0	0	0	0	1	0	1	1	1	0	1	2	0	4	1	2	4	2	5	1	4	0	0	4	3	1	3	5	1	1	0	0	0	2	1	1	5	3	1	2	2	1	0	3	3	0	4	2	3	1	1	0	2	1	1	1	2	1	1	2	0	0	3	1	3	2	6	10	12	11	2	2	1	2	1	2	2	0	2	1	2	0	1	1	2	2	3	1	3	1	0	2	1	3	1	0	2	1	4	7	2	12	4	6	6	3	0	0	0	0	0	1	0	0	2	5	0	1	0	4	0	6	5	8	4	2	1	1	3	3	2	1	0	1	1	2	4	6	9	2	7	11	7	5	2	1	1	1	0	2	0	0	4	13	13	10	5	3	2	7	25	20	21	11	8	1	5	9	7	2	2	3	0	0	2	4	17	15	0	74	38	39	14	5	3	2	1	0	3	4	6	7	3	6	3	6	4	5	4	4	1	4	14	7	10	4	8	6	1	2	5	2	0	4	3	1	3	1	2	2	3	2	3	3	2	0	2	1	3	2	3	4	3	11	6	2	3	2	2	1	3	3	1	2	2	1	2	1	1	1	2	16	9	2	11	11	9	9	4	7	4	2	4	0	0	1	0	1	0	0	2	1	1	0	1	4	1	0	0	1	1	1	0	2	1	0	0	1	2	2	1	2	2	1	3	2	7	3	1	0	0	2	4	2	0	0	1	4	1	0	2	1	0	2	3	2	0	1	0	0	0	1	0	2	1	2	6	0	3	2	0	2	0	1	1	2	2	1	0	0	2	0	0	1	0	0	0	0	0	0	0	0	0	0	1	1	0	1	0	0	0	1	2	0	1	4	1	0	1	1	2	0	0	0	0	0	0	1	0	1	0	0	1	0	1	1	0	1	0	0	0	0	0	0	0	0	0	0	0	1	0	2	2	1	2	0	0	0	0	0	1	0	0	1	1	0	0	0	0	0	0	0	1	0	0	0	1	0	2	0	0	0	0	2	2	0	0	1	0	0	0	0	0	0
0	0	0	0	0	0	0	1	0	0	2	0	0	0	2	2	1	0	3	0	0	0	3	4	1	1	0	2	2	0	0	1	0	1	0	0	0	0	0	0	1	2	1	3	0	2	1	0	0	0	1	1	1	1	0	0	1	1	1	1	1	7	4	2	2	3	1	2	3	0	1	2	1	2	2	1	0	0	1	0	0	4	2	1	1	0	0	0	1	0	5	1	1	3	2	1	0	0	2	0	2	2	0	0	0	3	0	3	3	1	3	5	14	22	16	3	6	4	2	4	2	1	2	0	4	0	3	0	2	2	2	4	3	1	3	3	4	1	1	2	2	0	3	3	5	2	5	4	3	2	2	2	3	0	0	1	0	2	1	1	3	3	3	1	0	4	6	10	10	9	6	3	1	3	8	3	4	0	3	3	2	4	2	4	5	4	4	7	2	3	1	1	1	1	2	2	1	5	23	31	18	11	5	12	14	89	16	12	8	6	3	5	10	9	0	2	1	0	0	2	2	7	21	74	0	52	25	12	1	5	0	2	3	2	12	6	3	2	2	3	7	2	4	4	3	2	5	5	8	13	5	19	3	7	0	3	3	5	6	5	2	3	1	2	0	0	6	4	2	1	0	4	1	1	1	1	3	3	7	2	2	1	2	1	0	2	4	2	1	3	2	1	0	0	3	3	9	4	6	6	12	9	9	7	7	6	2	0	1	0	0	0	3	0	1	0	0	1	1	0	2	1	0	2	0	0	0	0	0	0	1	0	0	0	1	1	0	0	0	3	1	5	2	2	1	1	0	2	1	2	0	3	1	1	1	3	1	1	1	3	1	0	0	1	1	0	0	1	0	0	1	0	0	3	1	1	1	0	1	2	0	0	0	1	0	0	0	0	0	0	0	0	1	1	0	0	0	0	0	0	0	0	0	0	0	0	0	0	1	0	1	1	0	0	0	0	0	0	1	1	0	0	2	1	0	2	0	1	0	0	1	0	0	0	2	0	0	0	0	0	0	2	1	0	1	0	0	0	1	1	0	1	0	0	1	1	0	0	0	0	0	1	1	0	1	1	1	1	1	0	1	0	0	0	0	1	1	0	1	0	0	0	0	1	1	0	0	0	1
0	0	0	0	0	0	0	2	2	1	0	0	2	0	0	1	2	2	0	0	0	0	0	1	3	0	0	1	2	1	1	1	0	2	1	2	1	1	1	0	2	0	1	2	0	0	1	0	3	0	0	0	0	3	1	0	0	1	2	3	1	6	5	1	3	1	3	1	1	3	0	1	2	4	0	0	0	0	1	4	1	4	1	0	0	3	1	3	4	1	1	3	2	1	2	5	1	0	3	2	0	0	0	1	0	1	0	1	1	3	3	5	11	4	8	4	3	3	1	1	1	1	0	1	2	2	1	0	2	6	3	3	2	5	4	0	0	1	1	3	0	3	1	1	0	1	5	1	1	2	1	1	2	0	0	2	0	1	0	1	3	1	2	5	6	4	6	5	8	7	6	6	1	5	5	6	1	3	5	4	4	1	7	7	4	2	7	11	2	1	2	2	0	1	4	4	3	4	19	27	32	25	13	7	10	62	31	31	6	7	1	8	5	7	1	6	1	1	1	1	2	4	30	38	52	0	20	6	6	6	3	2	2	3	6	4	1	1	5	5	2	2	0	0	2	2	0	3	4	7	4	11	9	4	6	11	1	3	11	9	3	1	3	2	0	2	5	4	4	2	4	2	4	7	7	2	4	3	17	9	3	4	2	2	4	4	2	5	5	1	1	3	2	2	4	7	7	2	3	2	3	5	8	1	4	6	0	1	1	2	0	0	0	0	1	1	0	0	0	0	3	2	1	1	1	1	0	1	0	0	0	0	0	0	0	0	1	1	1	2	1	4	5	2	3	2	1	2	1	1	0	1	1	2	1	6	0	2	3	2	2	1	1	1	0	0	0	0	3	1	2	4	0	0	2	3	0	0	2	1	0	1	0	0	2	1	0	1	1	0	1	1	1	0	0	0	0	0	1	0	0	1	0	2	2	1	0	2	0	1	1	1	0	1	2	0	2	1	2	1	0	1	0	1	1	0	1	1	0	0	0	1	1	1	0	1	0	0	0	1	1	0	0	1	1	1	0	2	1	1	0	1	1	0	0	0	0	1	0	1	1	0	1	0	0	1	1	1	0	1	0	0	0	0	0	1	0	0	1	0	0	0	0	0	2	1	0	0	0
0	0	0	0	0	0	0	0	1	1	2	1	1	1	1	1	1	0	2	2	0	1	1	2	0	1	1	1	0	1	0	3	1	0	0	1	0	0	0	0	2	1	0	0	2	0	1	0	0	1	1	1	1	3	0	0	3	0	1	0	3	5	4	4	2	7	4	3	3	4	1	0	4	2	1	1	2	0	1	1	0	3	0	0	1	1	2	1	1	0	5	3	4	3	5	2	3	0	0	3	1	1	2	0	0	0	0	2	2	1	12	10	40	8	12	6	6	2	2	2	0	0	0	1	0	0	0	2	4	2	1	0	2	1	1	1	2	1	1	0	2	1	3	8	9	4	6	6	5	4	2	2	2	0	0	2	1	0	0	3	1	4	5	1	3	10	13	5	7	7	4	4	3	1	2	3	3	0	0	3	2	4	5	5	3	1	5	22	2	3	1	0	3	3	0	5	4	4	6	11	6	6	5	6	5	8	10	13	16	6	0	6	5	11	5	3	0	0	5	3	4	47	55	39	25	20	0	40	13	6	3	2	8	3	8	8	4	2	4	0	2	2	2	1	3	0	1	2	4	5	4	7	6	1	2	3	1	7	5	0	4	0	1	1	2	3	1	0	1	2	1	0	0	3	3	1	2	1	7	6	2	0	1	3	0	2	2	3	1	1	0	2	1	2	1	4	2	4	5	7	6	0	2	6	2	2	0	1	0	0	2	1	0	0	1	0	0	1	0	1	0	2	1	1	0	0	0	0	0	0	0	0	0	0	1	1	0	2	0	1	2	5	2	1	1	1	1	0	0	1	0	2	3	0	2	0	1	1	2	0	1	1	0	1	0	0	0	0	1	2	2	1	1	1	1	1	1	1	3	1	0	0	0	1	0	0	1	0	0	1	0	0	0	0	2	0	0	1	0	0	4	0	0	0	1	1	0	0	0	1	1	0	0	1	3	1	1	0	0	1	3	0	1	0	2	0	0	1	2	1	1	0	0	0	0	3	0	0	0	0	0	0	0	0	0	0	2	1	1	1	0	0	1	2	2	0	1	0	0	1	0	0	0	0	0	0	0	0	0	0	0	0	0	0	1	0	1	0	0	0	0	0	0	0	0	0	0	0	0
0	0	0	0	0	0	0	0	1	0	0	1	2	0	0	0	1	1	1	2	1	1	0	3	0	2	1	0	1	0	2	1	1	0	3	2	2	0	0	1	0	2	2	0	1	1	0	1	0	1	0	0	0	0	2	3	0	1	0	3	3	1	3	0	3	2	2	1	4	1	0	2	3	1	1	0	1	0	0	3	3	1	0	0	0	1	2	1	2	3	0	2	7	1	2	5	1	1	0	2	0	3	0	0	1	2	3	2	2	6	9	11	14	8	9	5	4	4	1	1	2	0	0	3	1	0	2	3	3	3	8	3	2	1	2	8	1	2	2	0	1	1	2	8	9	6	17	24	9	8	4	2	1	2	1	2	1	1	2	1	1	1	3	2	2	3	7	3	7	5	1	2	1	1	0	2	0	3	1	0	0	2	2	3	4	3	10	12	5	3	1	1	1	0	1	3	1	6	0	1	3	2	1	0	5	5	2	10	12	4	3	3	13	16	5	1	2	0	4	4	8	104	15	14	12	6	40	0	40	7	1	0	1	8	12	8	2	1	2	2	0	1	0	2	2	3	3	9	4	3	3	2	3	1	1	2	0	1	1	2	0	0	2	0	0	0	3	2	1	0	1	1	1	2	5	3	0	0	4	3	1	0	3	2	5	0	4	1	1	4	0	0	2	3	2	0	3	2	3	6	6	5	7	4	0	4	0	2	0	1	1	0	1	1	0	0	1	2	1	2	0	4	3	0	2	2	2	0	0	0	0	1	1	0	2	0	0	1	4	5	3	4	1	1	1	2	0	0	0	0	1	2	1	2	0	1	0	0	1	3	0	0	1	0	0	0	1	0	1	1	0	2	2	0	4	2	1	1	1	0	1	0	2	0	1	1	0	0	0	0	0	0	1	1	0	0	0	1	0	1	0	1	0	1	0	1	0	1	1	1	1	0	2	0	1	1	1	0	0	0	2	1	1	0	1	1	0	0	0	0	1	0	1	0	0	0	1	1	0	0	1	1	2	1	0	1	0	1	0	0	1	0	2	1	3	1	0	0	0	1	0	1	0	0	1	0	0	0	2	0	0	0	0	0	0	1	1	1	0	1	0	0	0	0	0	0	0	0	0
0	0	0	0	0	0	0	0	1	0	3	0	1	2	1	2	2	2	0	0	2	1	0	1	4	0	0	0	3	1	1	0	1	1	0	0	0	0	0	0	3	2	0	0	3	0	1	0	2	0	0	0	0	1	0	0	1	4	2	1	3	4	4	1	1	2	1	1	5	1	1	2	1	0	0	0	3	1	3	0	0	1	1	1	1	1	3	1	2	6	4	7	7	10	11	3	3	0	1	3	3	3	1	1	2	1	4	3	2	7	13	12	3	3	5	4	1	1	3	0	0	1	1	1	1	1	2	1	0	2	3	0	4	2	1	2	0	3	3	1	0	1	0	2	8	4	9	19	11	10	6	3	0	0	1	0	0	1	0	3	4	2	1	2	1	5	3	2	2	2	3	1	1	2	3	2	1	1	5	2	0	3	2	4	5	4	13	11	5	3	1	1	2	0	3	3	1	0	1	1	4	2	4	1	1	4	9	8	15	4	3	4	6	2	1	2	3	2	2	2	11	86	8	5	1	6	13	40	0	18	6	7	2	6	21	7	2	3	1	3	0	4	2	2	0	2	0	0	1	2	1	3	0	4	3	7	1	2	1	4	0	1	0	1	0	0	3	1	0	0	1	0	1	0	1	2	1	2	8	1	1	1	4	1	0	3	1	4	1	3	0	1	0	0	1	0	1	1	2	1	3	0	3	0	1	4	2	1	2	3	0	2	0	0	1	0	1	0	0	0	0	1	0	0	1	1	1	1	0	0	0	1	0	1	1	1	0	3	5	1	2	1	1	0	3	2	1	0	0	1	1	2	2	0	1	1	0	0	2	1	0	2	0	0	0	0	0	0	0	0	0	3	2	2	1	4	2	3	0	1	2	0	0	0	0	0	0	0	0	0	0	0	0	0	0	1	0	0	0	0	0	1	0	0	5	0	1	1	1	1	0	0	2	0	0	0	2	0	0	0	0	1	3	0	0	0	1	0	0	0	0	1	1	1	0	0	0	1	0	0	1	0	0	0	0	0	2	2	2	3	0	2	1	1	1	0	1	0	1	0	1	0	0	0	0	1	0	0	0	0	2	1	0	0	0	0	1	0	0	1	0	0	1	0	0	0	1	0	1
0	0	0	0	0	0	0	1	1	2	0	0	2	1	1	2	3	0	1	2	3	1	0	4	2	1	1	1	0	1	2	3	1	1	0	0	0	1	0	1	1	0	0	1	0	1	2	1	1	2	0	0	0	0	1	1	3	2	1	1	1	5	2	3	1	2	2	1	7	2	1	1	1	0	2	0	1	0	0	0	0	1	3	3	1	1	0	1	3	5	5	30	7	8	31	7	1	7	6	4	6	4	2	0	1	1	2	3	8	10	5	4	4	4	0	5	4	2	1	1	0	2	1	1	2	0	1	3	1	5	0	1	1	0	0	1	0	1	0	1	0	0	0	2	1	2	8	4	6	6	26	1	0	1	1	1	2	3	2	4	7	4	2	1	6	4	3	2	3	1	2	0	6	1	3	1	0	3	2	3	3	3	0	2	4	3	3	15	5	4	2	2	0	2	2	3	0	1	2	2	5	2	1	4	1	2	1	1	8	5	2	2	5	6	8	0	1	1	4	8	19	10	4	3	5	6	6	7	18	0	13	11	10	17	17	1	1	0	0	0	0	2	3	0	3	0	0	2	1	2	2	0	1	0	2	4	0	1	0	1	1	0	0	1	1	1	0	1	0	0	0	0	1	1	0	0	0	1	1	0	1	1	0	0	0	2	0	2	0	3	1	1	2	1	3	0	0	2	0	1	3	3	1	3	2	0	0	2	0	1	2	1	0	2	1	0	0	0	0	0	0	2	0	1	1	1	0	1	0	1	1	0	0	0	3	2	0	1	2	2	3	1	0	0	0	2	0	3	0	1	0	1	1	1	2	0	0	0	0	0	1	0	0	0	2	1	0	1	1	0	2	2	2	1	1	0	0	1	1	1	3	0	0	0	1	1	2	0	0	0	0	0	0	0	0	0	0	0	0	0	1	0	1	0	1	1	1	0	1	0	2	0	0	0	1	1	2	2	2	0	0	1	0	0	0	1	0	0	0	0	0	1	0	0	0	0	0	0	0	1	0	1	0	0	1	0	0	0	0	2	0	3	0	2	1	0	1	0	0	0	0	0	0	0	0	0	2	0	1	0	0	0	1	0	0	0	1	0	0	0	1	0	0	1	0	0	0	0	1
0	0	0	0	0	0	0	0	0	2	0	0	1	0	1	0	0	1	0	1	5	0	3	1	1	0	0	1	2	1	1	1	0	1	1	1	0	0	1	0	0	0	1	2	2	1	1	0	1	2	2	1	0	1	1	3	2	1	1	1	1	2	0	0	2	2	3	5	3	1	1	2	1	1	0	0	0	3	0	2	1	1	1	0	1	2	1	0	5	5	6	4	7	5	9	22	5	2	7	6	11	5	7	2	3	1	4	3	2	1	1	6	4	3	1	3	3	2	1	1	0	0	0	0	0	0	0	2	1	0	1	0	1	1	0	0	0	0	1	0	1	1	0	4	2	3	5	7	1	4	19	1	0	1	0	2	1	1	2	0	5	11	5	2	5	0	0	2	2	1	1	1	1	2	3	3	2	4	2	2	4	4	4	1	0	1	3	4	10	2	3	2	3	1	3	1	2	0	2	0	3	0	3	2	0	1	6	3	3	2	1	1	0	0	3	0	0	1	3	4	3	7	2	2	0	3	3	1	6	13	0	101	17	14	8	3	1	1	1	1	1	0	0	0	2	0	2	2	2	0	2	0	0	1	0	2	1	3	1	0	0	0	1	1	1	0	1	0	0	0	1	1	2	1	2	1	1	1	1	2	1	0	2	0	0	0	2	1	1	0	1	0	0	0	0	1	1	1	2	0	1	1	0	0	1	0	0	1	0	0	0	0	1	1	1	0	0	0	0	1	1	0	2	1	0	0	0	0	1	0	0	0	2	0	1	1	0	3	1	2	0	2	2	1	0	0	0	0	0	2	1	1	0	0	0	1	0	0	0	1	1	2	0	0	0	0	0	2	1	0	1	0	2	2	0	2	1	1	0	0	1	0	0	1	1	0	1	0	0	1	1	0	0	0	0	1	0	0	1	0	1	0	0	0	0	0	0	0	1	1	0	1	0	0	1	0	0	0	0	0	1	4	0	0	0	2	0	0	0	2	0	0	1	1	0	0	0	0	0	1	0	1	1	0	0	0	0	0	1	1	1	2	0	1	0	0	0	0	2	1	0	1	0	0	0	1	1	1	0	1	2	0	0	0	0	0	0	1	0	0	1	0	0	0	0	1	0	1	0
0	0	0	0	0	0	0	0	1	0	3	1	0	1	1	1	1	1	2	2	0	1	0	0	0	0	0	1	1	0	1	2	1	0	3	1	0	2	1	0	1	2	1	4	2	2	0	1	2	0	0	0	0	2	2	3	2	2	5	4	5	3	2	1	1	4	7	5	3	2	1	2	1	1	0	0	0	2	4	1	1	2	1	4	0	3	3	2	3	6	4	5	10	3	5	17	15	14	31	17	16	7	9	3	1	3	6	0	3	2	2	2	6	1	3	1	1	2	1	1	0	0	0	1	4	0	0	1	2	0	0	0	2	0	2	0	1	2	0	0	0	0	0	1	2	4	3	3	2	3	16	3	2	1	0	0	1	2	3	2	10	8	5	4	3	3	3	5	1	2	2	1	2	0	1	1	0	1	1	2	2	0	2	1	3	0	0	4	10	5	4	3	2	2	2	1	2	2	2	2	1	1	2	3	0	0	3	1	3	2	0	1	2	2	3	1	0	1	2	4	4	2	0	1	2	2	2	0	7	11	101	0	20	9	3	2	2	2	2	1	1	0	0	1	1	0	1	0	1	0	0	0	2	2	0	3	1	1	2	0	1	1	0	0	0	0	3	0	1	1	0	1	0	1	1	0	1	1	2	0	0	1	0	1	0	1	1	0	0	1	0	0	0	0	0	2	0	0	0	0	1	0	3	1	0	0	2	0	1	1	1	1	1	0	1	0	0	0	0	1	2	0	2	0	0	0	0	0	0	0	0	0	0	0	1	2	0	0	1	3	0	3	3	0	1	0	0	0	0	0	0	2	0	0	1	1	0	0	1	0	0	2	2	1	1	0	0	0	1	0	0	1	0	0	0	0	3	0	0	0	0	1	0	0	0	0	0	0	0	0	1	1	1	0	0	0	0	0	1	1	1	0	0	0	0	1	1	1	0	0	0	1	0	1	0	0	1	0	0	1	1	1	1	0	1	1	0	0	0	0	0	1	2	1	0	0	0	0	0	1	1	0	1	0	0	1	0	1	0	2	1	0	0	0	0	1	1	0	2	0	1	1	0	1	1	0	2	1	1	0	0	1	0	0	0	1	1	0	0	0	1	0	0	1	0	0	1	0	0
0	0	0	0	0	0	0	0	1	0	1	1	1	1	0	1	1	4	1	1	0	0	1	0	0	1	1	1	0	1	1	2	1	1	0	1	0	0	0	0	3	2	1	1	1	3	2	3	0	1	0	0	1	4	1	1	4	5	2	2	1	4	3	2	6	6	8	9	8	2	3	1	3	2	1	7	1	2	1	1	2	5	2	1	2	2	8	5	5	3	2	12	4	3	2	6	4	3	16	4	7	3	1	0	1	2	2	1	1	4	4	5	3	2	5	2	2	3	1	1	0	2	0	1	1	1	2	2	5	2	2	1	0	3	0	1	2	0	1	1	0	3	0	0	1	2	1	3	0	0	10	2	0	1	1	1	1	0	1	4	17	32	7	6	5	9	5	2	1	2	1	2	0	2	5	4	1	3	4	2	3	5	1	3	5	7	3	13	25	23	3	2	1	5	3	4	1	3	1	1	3	7	5	6	3	1	6	3	3	2	0	1	1	2	1	1	0	1	1	6	6	2	5	0	3	2	8	1	2	10	17	20	0	52	9	3	0	1	1	2	0	1	2	0	5	0	2	1	0	1	1	0	2	2	2	3	3	0	3	0	2	2	0	0	0	1	2	0	0	0	0	2	4	1	1	0	1	2	2	2	1	1	0	0	1	1	0	1	1	1	1	1	1	1	0	2	0	1	1	1	1	0	1	0	0	0	2	1	0	2	1	0	0	0	0	0	1	0	1	2	0	2	0	2	0	1	0	0	1	1	0	0	1	0	1	1	0	1	1	1	0	0	0	2	1	0	0	0	0	1	2	1	1	0	2	1	1	2	0	0	1	0	0	1	2	2	0	0	0	0	0	1	1	0	0	1	1	3	1	1	0	0	0	0	2	0	0	0	2	2	0	1	0	0	0	1	0	0	1	0	0	0	0	0	0	0	0	0	0	0	0	0	1	3	1	1	0	0	0	0	0	0	2	0	1	0	0	0	0	0	1	0	0	0	0	0	0	1	0	0	1	0	0	0	0	0	0	0	2	0	2	0	0	1	1	0	0	0	0	0	0	0	0	0	0	0	0	1	1	0	0	0	1	0	0	0	0	0	0	0	0	0	0	1	0	0	0	0	0
0	0	0	0	0	0	0	1	1	0	1	0	0	2	1	0	1	1	3	1	0	0	0	3	2	3	1	1	0	1	0	0	1	2	2	1	3	0	0	0	1	1	1	3	0	0	2	0	1	0	0	0	2	0	0	1	1	3	2	5	4	5	3	2	2	3	8	6	7	3	2	1	2	1	0	1	0	1	4	2	2	6	1	0	0	6	2	1	3	6	2	3	0	3	5	7	3	7	8	2	5	2	1	1	1	0	0	2	1	5	9	6	9	1	2	0	3	4	0	2	0	0	0	1	0	0	1	0	1	2	2	0	1	2	0	1	2	0	1	0	0	1	2	2	0	3	4	3	3	1	15	2	2	3	1	0	2	1	1	6	17	7	3	6	10	6	11	6	4	2	2	2	2	1	1	4	7	5	5	5	3	3	1	5	2	4	10	55	29	15	4	4	5	2	3	1	2	1	5	2	2	4	7	1	1	3	2	5	11	1	1	5	2	2	2	1	1	3	1	2	14	12	3	3	2	3	3	8	6	17	14	9	52	0	18	6	3	1	0	1	1	0	0	1	0	2	1	1	0	3	2	0	1	7	0	6	1	2	2	1	2	0	0	0	0	1	7	0	2	2	0	0	2	2	2	4	0	1	1	2	0	2	2	1	3	0	0	4	1	1	2	0	0	0	0	1	1	4	1	1	2	0	3	2	0	2	1	0	2	0	1	1	0	0	0	0	1	0	0	0	1	0	3	0	1	0	1	0	0	1	1	0	3	0	2	0	0	1	0	1	1	4	0	0	0	0	0	0	0	1	0	0	0	0	1	1	1	1	0	0	1	0	0	2	0	0	0	0	1	1	0	2	4	0	0	2	1	0	2	2	0	1	1	0	0	0	0	0	0	0	0	0	0	0	0	0	0	0	0	2	0	1	0	1	0	0	0	0	0	0	1	0	0	2	0	0	0	0	2	0	0	1	0	2	1	1	0	1	0	0	0	0	0	1	0	1	0	1	0	0	0	0	0	0	0	2	0	0	2	1	1	0	1	0	0	0	1	0	0	0	0	0	0	0	0	1	0	0	0	0	1	0	0	2	0	0	0	0	0	2	0	0	1	0	0	1	0	1	0
0	0	0	0	0	0	0	0	0	1	0	0	0	2	3	0	0	0	1	0	0	1	1	1	1	1	0	1	0	0	0	0	1	0	0	0	1	1	1	0	3	1	0	0	1	2	1	0	0	0	1	0	1	2	0	0	0	2	1	3	0	0	4	1	2	3	3	1	2	3	2	1	0	0	1	0	0	0	1	1	0	2	2	2	2	3	1	1	1	2	2	5	2	4	6	5	0	1	6	3	1	5	1	2	0	1	1	1	1	3	6	7	6	4	0	1	3	0	1	0	1	1	2	1	2	2	1	2	2	1	2	4	3	1	0	0	0	1	2	1	0	1	1	4	2	3	2	9	2	5	1	1	1	0	0	0	0	1	0	2	1	6	4	4	4	7	6	4	7	1	5	4	5	1	1	2	2	2	7	5	5	6	4	8	8	12	32	42	12	2	4	1	1	5	4	2	3	1	5	6	3	2	3	1	5	3	10	11	29	5	2	1	4	2	3	1	2	0	4	1	7	16	8	4	12	6	8	12	21	17	8	3	9	18	0	20	1	1	2	1	1	1	3	1	1	1	0	1	2	1	6	1	1	3	3	4	2	2	3	2	0	3	1	0	1	0	1	1	2	1	2	1	0	1	2	1	0	1	0	3	0	0	1	6	1	1	2	1	2	1	2	2	2	0	0	0	4	2	3	4	4	2	2	1	4	3	0	1	1	1	1	1	0	2	0	1	1	1	1	0	3	2	2	2	0	2	1	0	0	4	0	0	0	1	0	0	0	2	2	5	4	2	3	0	2	1	1	1	0	2	1	1	3	0	2	3	1	1	2	1	1	0	1	1	1	0	0	0	2	0	0	3	2	1	1	3	3	5	0	3	3	3	0	0	0	0	0	0	0	0	0	0	1	0	0	0	0	0	0	1	0	0	1	0	0	0	1	0	2	2	1	0	0	0	1	1	4	1	1	2	1	4	0	2	0	0	0	0	0	0	1	0	0	1	0	1	0	0	1	0	0	1	1	1	0	0	0	2	2	0	1	1	0	0	0	1	0	0	0	0	0	1	0	0	0	0	1	1	0	0	0	0	0	0	0	0	0	0	0	0	0	0	1	0	0	1	0	0	1
0	0	0	0	0	0	0	1	0	3	0	0	1	0	0	0	1	2	0	0	0	0	0	1	0	1	0	1	0	0	1	0	1	0	0	1	0	1	2	0	0	0	1	1	1	0	0	0	1	1	1	0	0	0	0	2	1	1	1	2	0	1	1	3	1	2	2	1	2	1	0	1	0	2	0	0	1	0	1	0	0	2	0	1	1	2	2	1	1	1	0	1	3	4	7	2	1	1	1	0	2	0	2	1	0	0	0	2	2	2	4	2	7	1	5	2	4	0	1	0	1	2	0	1	0	1	0	1	2	2	1	2	2	0	1	1	1	1	1	1	0	0	3	2	2	1	2	2	2	3	3	0	0	0	1	1	0	0	0	0	2	3	1	1	2	1	1	0	4	3	1	0	0	2	2	1	1	0	4	2	2	4	4	25	25	28	14	12	4	3	0	2	1	0	2	1	2	4	3	5	5	2	2	0	1	4	7	8	57	29	10	16	20	1	2	0	2	0	0	0	1	4	3	6	6	4	8	8	7	1	3	2	3	6	20	0	1	1	0	0	0	1	0	2	0	0	0	1	3	5	1	3	1	3	2	1	1	3	3	1	0	0	1	4	1	8	6	0	0	2	2	3	0	5	3	2	3	2	3	0	1	3	2	3	2	3	1	1	4	7	3	2	2	3	5	1	5	4	2	2	5	4	2	3	1	1	2	1	0	1	2	1	0	0	2	0	1	0	1	1	4	2	0	1	0	0	0	2	1	0	4	0	1	0	3	1	4	4	4	7	6	6	3	4	1	2	2	0	0	3	1	3	4	0	0	5	1	3	0	3	4	1	1	1	0	1	0	3	4	3	2	6	2	4	4	3	2	6	4	4	0	1	0	1	0	3	1	2	0	1	0	0	0	2	0	0	0	0	0	0	1	1	1	1	0	1	2	1	0	2	1	1	2	1	1	2	2	2	1	0	1	1	2	0	1	0	1	0	0	0	0	1	0	0	0	0	0	1	0	1	1	1	0	1	0	0	3	3	4	0	0	3	0	1	1	1	0	1	0	2	1	2	0	1	1	1	0	0	0	1	1	0	0	0	1	0	1	0	1	0	0	0	0	0	0	0	0	0	0
0	0	0	0	0	0	0	0	0	0	0	0	0	0	0	0	0	2	0	0	0	1	0	0	0	1	0	0	1	1	0	0	1	0	0	0	0	0	0	0	0	0	1	0	1	0	0	0	0	1	1	0	0	0	0	0	0	1	1	0	0	0	1	0	0	0	0	0	0	1	2	0	0	0	0	0	1	0	0	0	0	0	1	0	0	0	0	0	1	0	0	3	0	1	0	1	0	0	0	0	1	1	0	1	0	0	0	3	1	1	2	1	3	0	2	0	2	1	0	0	0	1	0	0	1	0	1	2	3	0	3	2	1	0	1	1	1	0	1	0	1	2	1	1	2	4	2	4	2	1	1	0	0	0	0	0	0	0	1	0	0	0	1	1	3	0	1	0	0	0	3	2	1	1	1	0	1	0	1	2	0	2	1	3	5	2	0	1	2	1	0	0	0	3	0	1	1	2	0	3	1	3	1	1	2	5	0	2	0	2	3	3	5	8	1	0	1	0	0	0	3	3	1	7	3	1	4	2	2	1	1	2	0	3	1	1	0	40	25	5	5	5	3	6	3	0	4	1	2	3	3	2	2	0	1	1	0	0	3	2	1	1	0	2	0	1	0	2	0	1	1	3	2	2	1	1	2	1	1	4	7	4	9	14	13	10	11	6	9	9	1	5	15	25	5	1	4	10	14	10	12	5	1	3	5	2	2	4	2	0	0	1	1	2	0	0	1	2	0	1	1	3	1	2	1	0	0	0	1	0	2	4	1	0	3	6	3	3	2	13	13	25	63	9	4	1	2	0	1	1	3	0	1	6	0	2	4	8	10	8	6	1	1	1	2	0	1	0	1	2	7	7	8	0	1	2	2	0	0	0	0	2	2	1	1	2	0	2	2	0	0	0	1	0	0	0	0	0	0	0	0	1	1	0	0	4	0	1	1	3	3	1	1	1	2	0	1	2	0	0	2	6	3	3	3	1	2	1	2	1	3	0	1	0	1	0	0	0	0	0	0	1	0	1	0	1	0	5	1	3	1	1	1	1	1	0	1	0	0	2	1	1	0	0	2	2	0	2	2	2	0	0	0	1	0	0	0	0	0	0	2	1	0	0	0	1	0	1	0
0	0	0	0	0	0	0	0	2	0	0	1	0	1	0	1	0	2	0	0	1	0	0	1	0	0	1	0	0	0	1	1	1	2	0	0	0	0	0	1	2	0	1	0	0	0	0	1	0	1	0	0	1	0	0	0	1	0	1	1	2	0	0	0	0	1	0	0	0	0	1	1	1	1	1	0	0	1	0	0	0	0	0	1	0	0	0	1	1	2	0	0	4	2	0	1	0	0	0	1	0	0	0	1	0	0	0	0	1	2	0	3	0	1	1	1	1	0	2	0	1	1	0	0	0	0	2	0	0	1	0	0	1	0	1	1	1	0	0	0	1	2	0	0	1	0	1	3	0	0	1	1	0	0	2	0	0	0	0	1	0	1	0	0	1	1	0	0	3	2	0	1	2	1	0	2	1	0	1	2	0	3	1	1	1	1	0	0	1	2	0	1	0	0	0	1	1	0	2	2	1	3	0	1	0	3	2	2	3	4	4	3	1	5	1	1	1	1	0	0	2	3	0	3	2	1	2	1	3	0	1	2	1	1	1	1	40	0	44	14	8	6	7	5	3	3	2	1	2	2	5	0	2	0	0	1	0	0	3	0	1	0	1	2	0	3	0	0	1	1	1	3	2	0	0	2	2	3	4	2	4	1	1	6	10	4	10	8	6	4	0	7	9	25	2	2	4	4	4	8	12	8	5	4	3	3	0	1	1	0	2	0	4	1	1	1	0	1	1	0	1	3	2	3	1	2	2	0	0	0	0	2	2	0	2	3	1	4	3	8	10	11	16	10	7	2	1	1	2	0	1	1	3	3	2	2	3	5	9	5	2	2	3	2	2	1	0	1	3	3	4	1	3	1	0	3	0	0	2	1	2	0	2	0	1	0	1	1	0	0	0	0	0	1	0	1	0	0	0	1	0	0	3	2	0	1	0	2	0	2	1	1	1	1	0	0	2	3	1	0	1	2	3	1	0	0	3	0	1	1	0	1	0	1	0	1	4	0	0	0	0	0	0	1	2	1	1	2	0	1	0	2	1	0	0	1	1	2	0	1	0	0	0	0	2	0	0	0	1	1	2	2	2	0	0	0	2	0	2	1	1	0	0	0	0	0	0	0	1
0	0	0	0	0	0	0	0	2	1	0	0	2	1	2	0	0	0	1	0	1	0	0	0	1	0	0	0	0	0	0	0	1	0	0	0	0	1	0	1	1	0	0	0	2	0	0	0	0	0	0	1	1	2	0	2	0	0	1	1	1	0	1	0	1	1	0	1	1	0	0	3	2	1	1	1	1	0	1	0	0	2	0	1	0	0	0	1	1	0	1	0	0	3	2	0	0	0	0	0	2	0	0	0	0	0	2	0	0	1	0	0	1	2	2	0	2	1	0	1	1	0	1	1	0	1	0	1	2	1	0	3	3	2	1	3	1	1	0	1	1	2	0	1	3	2	1	6	2	1	0	0	0	0	1	0	0	1	0	0	0	0	0	0	2	0	1	1	4	2	0	1	1	1	2	1	1	1	1	0	2	2	1	1	0	1	2	3	2	1	0	0	0	1	3	0	1	2	2	1	1	1	1	1	0	3	4	3	2	3	1	3	3	8	2	2	3	0	0	1	1	3	2	6	2	5	4	2	1	0	1	2	1	0	2	0	25	44	0	10	10	26	7	5	14	6	5	1	2	4	5	3	1	0	0	1	1	2	1	1	2	0	0	3	1	0	0	2	3	2	0	0	3	1	1	2	4	4	4	1	2	3	5	6	6	7	7	7	1	2	1	2	8	9	2	2	2	1	5	10	19	11	10	4	4	3	4	1	2	0	1	1	2	4	0	0	1	1	0	1	2	2	3	0	0	0	1	0	0	0	0	1	2	1	2	1	0	3	0	2	4	8	10	3	1	1	0	1	0	3	0	1	3	4	5	1	0	3	4	7	4	0	1	0	1	0	0	0	0	1	5	0	1	1	0	1	2	0	2	0	0	0	0	2	1	0	0	0	0	0	0	0	1	0	0	0	0	1	0	0	1	2	0	0	0	0	3	1	0	2	1	0	1	0	0	0	0	0	1	0	1	1	3	1	2	2	1	0	0	1	0	0	2	1	1	0	1	0	0	2	0	2	0	0	0	0	2	1	1	3	0	0	1	3	3	1	1	3	0	0	0	0	0	1	1	1	1	1	1	0	0	0	0	0	0	0	0	1	2	0	1	1	1	0	1	0	0	0	0
0	0	0	0	0	0	0	0	0	1	0	0	1	0	0	0	0	0	0	0	0	1	0	0	1	0	0	2	0	0	1	0	0	0	0	0	0	0	1	0	1	0	1	1	0	0	0	0	0	0	0	0	0	1	1	0	0	0	3	0	0	0	1	2	1	0	1	1	0	2	1	0	0	0	0	1	1	0	0	0	1	0	0	1	1	0	0	1	1	0	3	1	0	0	1	0	0	0	0	0	0	0	1	0	0	2	1	1	0	0	1	1	0	4	4	3	1	0	1	1	0	0	2	2	1	0	2	0	1	2	0	1	3	0	1	1	1	1	0	0	0	0	1	1	2	2	1	3	0	0	0	0	1	0	0	0	1	0	1	1	1	0	2	3	0	0	0	1	1	4	2	0	2	3	0	0	0	1	1	0	0	3	1	3	0	1	2	0	0	0	1	0	0	2	0	2	1	1	4	3	1	1	1	0	1	1	3	3	2	6	1	2	2	5	0	1	0	2	1	1	0	2	1	3	3	5	0	2	3	0	1	1	2	1	1	0	5	14	10	0	166	24	9	5	14	6	3	3	9	8	14	5	2	0	1	0	1	3	0	1	1	1	0	2	0	3	2	1	2	4	3	2	0	1	0	0	2	1	6	0	1	5	5	10	6	15	22	7	6	1	0	3	3	5	5	2	4	5	7	15	9	10	13	8	12	1	1	0	1	1	1	0	0	1	0	1	0	0	0	0	0	0	1	0	1	0	1	0	0	1	1	0	0	2	0	1	3	1	1	0	3	2	3	7	3	0	2	0	1	2	0	3	1	1	2	0	0	2	2	3	1	0	1	0	1	0	1	1	2	1	4	0	1	0	1	0	0	2	1	1	1	1	0	0	0	0	0	0	0	0	2	0	1	0	0	0	0	1	1	1	0	0	0	1	0	0	0	0	0	1	1	1	1	1	1	0	0	0	1	0	1	1	1	2	1	0	0	1	2	2	1	0	1	0	0	0	0	0	0	0	0	0	0	0	1	0	1	5	1	1	1	0	2	1	0	0	0	0	2	0	0	1	0	2	0	0	0	2	1	0	2	1	0	1	0	0	0	1	0	1	1	0	0	0	0	0	0	0	0
0	0	0	0	0	0	0	0	1	1	0	0	1	1	0	2	1	0	0	0	0	0	0	0	3	1	0	1	0	1	0	1	0	0	1	1	1	0	0	1	0	0	0	0	0	0	0	2	0	2	0	0	1	2	0	0	1	2	0	0	1	2	2	1	4	0	0	0	0	1	1	1	1	2	0	0	2	1	1	0	0	2	1	0	0	0	0	0	0	0	0	0	1	1	0	0	1	0	0	0	0	2	0	1	0	0	1	1	1	0	0	1	1	2	4	0	2	2	0	4	0	1	1	0	3	3	0	0	2	1	2	5	2	3	2	2	0	0	2	0	0	0	2	0	4	1	0	1	2	2	2	1	1	0	0	0	1	0	1	0	0	1	2	0	2	1	0	0	1	2	1	2	1	3	1	1	1	0	1	2	0	0	1	2	1	0	1	3	1	0	1	0	1	1	1	0	1	3	5	3	0	1	0	4	2	4	5	2	0	3	1	1	2	2	1	2	1	0	0	1	4	0	4	6	7	2	2	0	0	0	1	1	0	1	1	0	5	8	10	166	0	24	9	9	12	3	4	5	9	16	17	4	0	0	1	0	1	1	0	0	1	2	2	1	4	2	2	2	1	1	0	0	0	2	1	2	4	1	3	3	4	5	5	5	8	9	14	4	4	0	2	0	5	2	10	4	3	4	4	8	6	22	10	11	26	4	2	0	0	0	1	1	1	0	0	0	3	0	0	1	0	0	0	1	1	0	0	1	1	0	0	0	3	1	0	0	2	0	1	2	1	6	2	4	1	1	0	1	1	1	1	0	3	3	2	1	2	2	2	3	1	0	0	1	0	1	0	0	2	3	5	1	1	4	0	1	2	1	0	1	0	0	2	0	1	0	0	1	0	2	0	0	0	0	0	0	0	0	0	0	1	0	0	0	0	0	0	1	1	0	0	1	0	0	0	1	1	1	0	0	1	1	1	2	0	1	0	0	1	0	0	0	0	0	1	0	0	0	0	0	0	1	0	0	1	0	0	0	5	1	1	0	0	1	0	0	0	0	0	0	2	0	0	0	0	0	1	0	0	1	1	2	1	2	0	1	0	0	2	0	0	0	0	0	1	1	1	1	0
0	0	0	0	0	0	0	1	1	0	0	1	2	1	0	2	0	2	2	0	1	0	0	0	1	0	0	0	0	1	2	2	0	0	2	0	0	0	0	0	1	0	0	0	1	0	0	0	0	1	0	0	0	1	0	0	1	1	0	0	1	1	0	0	0	3	1	0	2	2	1	1	0	0	0	0	0	0	1	0	0	1	2	0	1	0	2	0	1	0	1	2	0	1	0	0	0	0	2	0	1	2	0	0	0	0	0	0	1	1	2	1	1	4	3	0	2	3	2	1	2	0	2	0	0	1	2	1	1	1	2	3	3	3	3	1	3	1	0	0	0	0	0	0	2	1	1	2	0	1	0	2	1	0	0	0	0	0	0	0	0	2	1	2	2	1	1	0	2	0	0	2	2	2	1	1	0	0	1	1	1	0	0	2	3	1	2	2	0	1	0	0	1	0	0	0	1	1	1	1	0	1	1	0	2	2	2	2	1	0	2	2	2	3	1	1	4	0	0	0	0	1	4	4	2	2	2	1	4	2	0	0	1	0	1	1	5	6	26	24	24	0	37	14	13	11	10	7	9	8	5	4	1	0	0	0	0	1	1	1	2	1	0	0	1	1	1	1	1	0	2	1	1	2	1	0	0	1	2	0	1	3	2	3	3	5	6	3	2	0	1	6	3	3	8	0	1	0	3	3	7	9	8	18	4	1	0	3	2	0	0	1	0	0	1	0	2	1	1	0	1	0	0	1	3	0	1	3	1	0	0	1	0	0	0	0	1	0	2	2	3	1	2	2	0	0	1	1	0	1	2	0	2	2	3	1	1	0	2	1	3	3	0	0	0	1	0	1	1	2	1	3	0	2	1	2	0	1	0	0	0	2	1	0	1	0	0	0	0	1	0	0	0	0	0	0	0	0	0	0	0	1	0	0	2	0	0	1	0	1	3	0	1	0	1	0	0	3	3	1	1	3	1	1	0	0	0	1	1	0	1	0	0	1	1	0	0	0	0	0	0	0	0	1	0	0	0	1	0	1	1	1	0	0	0	1	0	1	0	0	1	1	0	1	1	2	0	0	0	0	0	0	0	0	0	1	0	0	0	0	0	0	1	0	0	1	0	0	3
0	0	0	0	0	0	0	1	0	0	1	1	2	1	0	1	0	0	0	0	0	1	1	0	0	1	1	0	0	0	1	1	1	1	0	0	0	0	0	0	1	2	0	1	0	0	0	0	0	0	0	1	0	0	1	0	1	1	3	0	1	0	1	1	0	0	0	0	1	0	1	0	1	1	0	0	0	0	1	0	0	0	0	0	1	1	0	1	0	0	0	0	1	0	0	1	0	1	1	0	0	1	0	1	0	0	0	0	0	1	0	1	0	3	3	0	0	1	3	2	0	2	0	1	1	0	2	1	1	3	0	1	8	2	6	2	1	1	0	1	1	2	0	2	3	0	1	3	0	1	0	0	0	0	0	0	2	0	0	3	0	1	0	1	0	1	1	2	2	3	0	0	2	0	2	1	1	1	0	2	1	1	1	0	0	3	0	1	1	0	0	0	0	1	0	1	1	0	3	2	0	1	2	0	4	2	1	0	1	0	2	1	1	4	2	0	3	0	1	0	1	0	5	5	4	0	2	0	2	3	0	0	2	0	3	0	3	7	7	9	9	37	0	32	14	31	12	8	4	0	3	1	1	0	0	0	1	0	0	1	1	2	0	0	0	2	0	1	1	3	0	1	1	1	0	0	2	0	0	3	0	1	2	1	5	3	5	2	1	1	3	1	3	0	1	1	0	1	1	4	7	9	11	4	0	1	1	0	0	1	1	0	1	1	0	0	1	0	0	0	0	1	0	0	0	1	0	2	1	2	1	1	0	0	0	3	0	0	0	0	1	1	4	1	0	0	0	0	0	1	0	1	2	2	2	1	1	1	0	2	2	0	0	0	0	1	1	1	1	0	3	3	0	0	1	0	0	0	3	1	0	0	0	0	0	1	1	0	1	0	0	2	0	0	1	1	0	0	0	0	0	0	0	3	1	0	0	3	2	0	1	0	1	0	1	0	0	1	1	0	1	0	0	1	1	1	0	1	0	0	0	1	1	0	0	0	0	1	0	1	0	0	0	0	1	1	1	0	3	0	2	0	0	0	0	0	0	1	0	0	0	0	1	0	0	0	0	3	2	0	0	0	0	0	0	0	1	0	0	0	0	0	0	1	0	0	0	1	1
0	0	0	0	0	0	0	1	0	1	2	0	1	1	1	0	1	4	2	0	0	0	2	0	0	1	0	1	0	0	2	0	1	1	0	0	0	0	0	0	1	0	0	0	0	1	0	0	1	1	0	0	0	0	0	0	1	1	0	1	1	0	2	0	0	0	0	1	0	2	0	2	2	0	2	0	1	0	0	1	0	2	0	1	0	3	0	0	1	2	2	0	0	1	0	0	0	0	1	0	0	0	0	0	0	0	0	0	1	1	1	4	0	3	3	2	2	1	2	2	2	1	0	2	2	2	4	1	4	0	2	5	12	2	2	1	2	1	2	2	2	6	1	4	6	0	1	2	3	0	0	0	0	0	1	0	2	0	1	0	1	1	3	0	0	0	2	0	4	4	1	2	1	2	0	0	0	1	1	0	0	2	0	0	1	1	1	0	0	0	1	1	2	1	2	1	4	2	4	3	2	1	1	1	1	0	3	1	0	0	1	3	2	2	0	1	2	0	0	3	1	2	0	4	4	0	1	2	2	0	0	1	0	1	1	2	6	5	5	5	9	14	32	0	35	33	15	15	11	7	4	2	1	2	1	2	0	2	1	0	1	0	1	0	0	1	1	0	0	1	0	1	0	0	0	2	1	0	1	1	1	0	3	1	1	6	8	1	0	0	0	1	3	3	4	1	3	4	3	3	10	6	7	11	4	2	2	0	0	1	0	0	0	2	1	1	1	0	0	0	0	1	0	0	0	0	3	0	0	1	0	2	1	1	1	0	0	0	0	1	1	0	3	0	2	0	0	1	0	0	0	2	0	0	1	0	0	0	2	2	1	0	1	0	0	0	0	0	0	0	2	0	0	2	0	0	1	1	1	1	0	1	1	0	0	1	0	0	1	0	0	0	0	1	0	0	0	0	0	0	0	0	1	0	0	0	0	0	0	0	1	1	1	0	0	0	0	1	0	1	1	0	2	1	0	1	0	0	0	1	1	0	1	0	0	0	0	0	0	0	0	0	0	0	1	0	0	0	0	0	0	0	1	0	1	0	0	1	0	0	0	0	0	1	0	0	0	1	1	0	0	2	0	1	0	1	0	0	0	0	0	1	1	0	0	0	0	0	0
0	0	0	0	0	0	0	0	3	0	0	1	2	3	4	1	3	2	1	0	0	2	0	1	1	0	0	0	0	0	1	0	1	2	0	0	0	0	0	0	0	0	0	1	2	0	0	1	0	1	0	0	1	2	2	2	0	1	3	0	0	3	2	3	0	0	1	2	4	2	1	1	1	1	0	0	1	0	2	1	0	0	0	0	0	0	1	2	2	0	1	2	1	1	0	0	0	0	0	1	1	0	1	0	0	0	1	0	1	2	3	1	5	13	7	3	1	2	3	4	0	1	0	1	3	2	1	2	0	1	2	7	7	2	2	3	3	2	1	0	0	2	0	8	2	4	5	0	4	2	0	0	1	0	0	0	0	1	0	1	0	1	0	1	0	0	2	2	7	6	3	0	0	2	1	1	1	0	1	0	0	1	4	1	2	0	3	0	0	1	0	1	0	2	1	1	0	3	7	2	3	3	3	2	2	2	2	3	2	1	0	2	2	10	2	2	0	2	2	0	2	6	1	4	3	2	3	2	0	3	2	1	5	0	1	0	3	3	14	14	12	13	14	35	0	26	28	28	10	14	6	3	2	1	2	1	1	1	0	0	1	0	1	1	0	0	0	0	1	1	1	0	0	2	1	0	1	1	1	2	3	0	3	7	2	1	5	3	1	3	0	1	1	1	2	4	1	4	1	6	12	24	31	11	4	4	2	0	1	2	1	0	1	1	1	1	0	1	1	0	0	1	1	0	1	0	0	1	0	0	0	0	2	0	1	1	0	0	2	1	0	3	4	2	3	1	2	1	1	1	0	1	0	3	6	1	2	1	3	2	2	0	0	3	1	0	0	1	0	1	3	2	1	1	2	2	0	0	1	0	1	0	0	0	0	0	1	0	0	1	0	0	1	0	0	0	0	1	0	0	1	2	1	1	1	1	0	0	0	0	1	1	0	2	0	0	1	1	0	0	3	0	0	0	1	2	2	0	0	0	0	2	0	1	0	0	0	2	0	0	0	1	1	0	0	0	0	0	1	2	1	1	2	2	1	0	1	0	0	1	0	0	2	0	0	1	0	0	0	1	0	0	2	0	0	0	0	1	0	1	0	1	0	0	0	1	0	0	1
0	0	0	0	0	0	0	1	1	0	2	1	0	2	0	0	1	0	0	0	1	0	0	1	2	1	2	0	1	1	1	0	2	1	0	0	0	0	1	1	2	0	1	0	0	2	1	0	0	1	0	1	2	1	0	0	1	1	1	2	2	0	0	2	0	1	1	2	2	1	0	3	0	3	0	1	0	1	1	0	0	0	0	2	0	0	0	1	0	1	1	3	2	0	2	1	0	0	0	1	0	0	0	0	1	0	0	1	0	3	0	3	0	4	5	1	1	0	3	0	1	1	2	0	3	1	2	1	3	3	6	13	17	1	7	3	7	3	1	1	0	2	4	6	6	6	5	3	3	1	0	2	0	0	1	0	0	0	0	2	1	0	0	0	0	0	1	0	0	1	1	0	0	0	2	1	0	3	1	0	0	1	2	2	0	0	2	2	0	0	1	1	1	0	1	0	3	1	1	3	1	0	0	0	3	5	2	2	1	2	0	2	2	5	1	3	0	1	1	0	1	3	2	1	2	2	0	3	2	0	0	0	0	2	1	0	0	3	6	6	3	11	31	33	26	0	35	13	4	4	2	0	2	0	2	0	0	0	3	1	1	1	0	0	0	1	1	1	0	1	0	1	0	2	0	0	0	0	3	1	1	0	0	1	0	1	2	0	1	0	2	1	0	2	1	0	0	2	0	3	2	8	12	3	5	1	0	1	0	0	1	0	1	0	1	0	0	0	0	0	0	0	0	0	0	0	0	1	1	0	0	1	2	1	0	0	0	1	0	2	4	3	1	1	2	1	1	0	2	0	0	1	0	1	2	1	0	0	1	1	0	0	2	0	0	0	1	1	0	2	3	1	1	0	1	1	2	1	0	0	0	2	1	0	0	0	1	2	0	1	0	0	0	0	1	0	0	0	0	0	0	1	2	0	1	1	0	0	1	0	1	0	0	2	0	0	2	0	0	0	0	0	0	0	2	0	1	1	1	0	1	2	0	0	0	0	0	1	1	0	0	1	1	0	0	0	0	1	2	1	0	0	3	1	2	0	1	0	0	0	0	1	1	0	2	0	0	1	0	0	0	0	0	0	0	0	0	0	1	1	1	0	0	1	0	1	0	2	0
0	0	0	0	0	0	0	0	1	3	1	0	2	0	0	1	3	3	0	0	1	2	1	1	1	3	2	0	1	0	2	1	2	1	2	0	1	0	0	1	1	0	1	0	0	3	0	0	1	1	1	0	1	1	1	3	1	1	0	1	1	1	4	0	0	1	0	0	3	1	3	1	2	0	1	1	1	0	0	1	0	0	1	1	0	0	0	0	0	0	1	3	1	0	0	1	1	1	0	0	1	0	0	0	0	0	1	1	1	4	4	3	3	9	3	1	2	2	2	1	1	2	1	2	4	3	5	5	5	3	1	17	62	10	5	7	4	5	2	0	1	7	5	6	8	5	6	2	1	1	1	0	0	0	1	0	1	0	1	1	0	0	0	1	0	1	0	1	1	1	4	0	1	3	0	2	1	1	0	1	0	2	0	2	1	1	2	0	0	1	1	0	1	0	1	2	2	4	2	2	2	0	2	2	2	2	2	1	1	1	0	0	2	11	5	10	0	1	0	0	5	5	1	4	5	0	1	3	0	0	2	1	2	1	0	0	4	2	5	3	4	10	12	15	28	35	0	18	8	1	3	2	0	0	1	1	0	1	1	1	0	0	0	2	0	0	1	0	0	0	0	0	1	0	0	0	2	2	1	0	1	0	0	1	0	1	2	2	1	0	0	0	2	2	3	1	2	2	0	0	5	7	9	13	4	2	3	0	2	1	0	0	0	0	1	0	1	0	1	0	1	0	0	0	0	0	1	0	1	1	0	0	1	2	1	0	0	1	0	1	3	4	2	0	0	0	0	0	0	0	0	1	2	1	0	0	0	1	4	1	0	0	1	0	0	0	2	1	1	0	1	1	1	2	0	1	0	0	0	1	0	0	0	0	0	0	0	1	0	0	0	0	0	0	0	0	0	0	0	0	0	0	0	0	1	0	1	0	1	1	0	1	0	0	0	0	1	1	0	0	1	0	1	0	1	0	0	1	0	2	0	0	0	0	0	0	1	1	0	0	0	0	0	1	0	0	1	1	2	0	1	2	1	1	0	0	1	2	1	0	0	0	0	0	0	1	1	1	0	1	2	0	0	0	0	0	0	0	0	0	0	0	0	0	0	1	0	0	1
0	0	0	0	0	0	0	1	1	1	1	1	1	0	0	1	6	2	3	0	0	0	2	1	1	0	2	0	0	0	0	0	0	1	1	0	0	0	0	0	1	0	1	0	0	1	1	1	2	0	1	1	1	0	0	0	1	0	0	1	0	2	2	1	1	0	0	0	0	0	0	1	2	0	0	0	0	4	0	2	1	0	1	0	1	0	0	0	2	0	3	0	1	0	2	1	0	1	0	0	1	1	0	0	0	0	1	0	1	1	0	1	1	18	15	2	1	4	4	1	1	3	1	2	2	2	0	6	1	5	7	21	7	5	2	2	1	3	3	2	1	4	5	7	3	1	5	3	1	3	0	1	0	0	0	0	0	0	1	2	2	0	1	0	1	1	4	3	6	15	3	2	1	1	3	1	1	0	1	2	1	1	2	1	1	1	0	1	0	1	0	1	0	0	0	1	4	6	9	7	1	3	3	2	3	7	2	2	1	2	0	0	1	9	3	2	0	1	0	0	2	4	3	14	5	3	2	9	0	2	2	0	1	1	1	1	1	1	1	3	5	7	8	15	28	13	18	0	29	14	3	1	1	0	1	3	0	1	1	1	2	0	2	1	1	0	1	1	0	0	0	0	1	1	2	2	2	2	1	1	1	2	3	2	3	0	2	1	2	0	1	2	1	2	4	5	3	3	0	5	4	8	25	20	11	2	1	0	2	1	3	0	1	1	0	2	0	0	0	0	0	1	0	1	1	0	0	1	0	1	0	2	1	0	0	0	0	1	0	2	3	2	2	0	2	0	0	1	1	0	1	0	0	0	1	2	0	0	0	2	1	1	0	0	0	0	0	0	1	0	0	0	4	1	4	1	0	1	0	0	0	1	0	1	0	0	0	0	0	0	0	0	0	0	1	0	0	0	0	0	0	0	1	0	2	0	0	0	0	0	1	1	1	0	1	0	0	0	1	0	0	1	1	1	0	0	0	0	0	0	0	1	0	0	0	0	0	0	0	0	0	0	0	0	0	0	0	0	0	1	0	0	1	1	0	0	0	0	1	0	0	0	0	1	1	0	0	0	0	1	0	0	0	0	0	0	0	0	1	0	0	0	0	2	0	1	0	0	1
0	0	0	0	0	0	0	1	1	1	2	1	2	1	2	1	2	1	1	0	1	0	1	1	0	0	2	1	0	1	1	0	3	0	0	0	0	2	0	1	0	0	0	0	1	0	2	0	1	2	1	0	0	1	0	0	0	1	1	0	0	2	5	0	1	1	1	0	2	2	1	1	2	3	2	1	0	0	0	1	0	0	0	1	0	0	2	3	0	0	1	0	1	2	2	2	0	0	0	1	1	0	0	0	0	1	1	0	0	0	0	3	3	4	4	3	2	0	6	3	2	1	1	3	3	4	0	9	2	1	7	5	5	2	1	4	1	1	1	1	2	2	3	4	4	6	0	2	3	0	0	1	0	0	0	1	0	0	3	0	0	0	3	3	5	2	3	7	7	14	3	7	2	3	1	2	2	3	2	1	0	3	1	2	1	1	3	2	2	1	3	1	1	1	1	1	2	11	12	16	2	3	4	2	5	8	1	1	0	0	0	1	2	2	2	0	0	0	0	1	2	1	2	7	8	4	4	4	1	1	2	1	0	0	2	3	2	2	2	9	9	9	4	11	10	4	8	29	0	43	5	9	2	1	2	2	3	4	3	2	1	2	2	0	1	3	2	0	2	3	2	1	0	1	1	0	1	0	3	4	1	1	2	3	2	2	3	1	0	0	1	0	3	1	5	2	3	5	3	5	2	7	17	134	9	7	1	1	0	2	2	0	0	0	1	0	0	2	0	1	0	1	0	0	0	0	0	0	0	0	0	0	1	0	0	0	1	0	2	3	5	0	2	2	0	0	0	0	1	2	0	0	1	1	2	1	0	0	2	2	0	0	1	0	0	0	0	1	2	2	3	3	0	0	4	0	0	0	2	0	1	0	0	1	0	1	1	0	0	1	0	0	0	0	0	0	0	0	0	0	0	0	0	1	0	0	0	2	0	0	0	0	1	0	0	0	0	0	0	0	1	0	1	3	0	0	1	2	0	0	0	0	0	0	0	0	0	0	1	0	0	0	0	1	0	1	1	0	1	1	0	0	0	0	1	0	2	0	0	1	0	1	3	0	0	0	0	1	1	0	0	1	0	0	0	0	0	0	0	0	0	0	1	0	0	0	0	0	1
0	0	0	0	0	0	0	1	1	0	1	0	1	0	2	2	2	0	0	0	0	0	0	0	1	0	1	2	0	1	0	3	2	1	0	1	1	1	0	0	1	0	1	2	0	0	0	0	0	1	0	2	1	3	1	1	0	0	0	1	2	1	2	0	2	3	0	1	2	2	2	1	1	0	2	0	0	1	0	0	0	0	4	0	1	1	0	2	1	0	0	2	1	0	0	0	0	1	0	0	1	0	1	0	1	0	0	0	1	1	1	1	4	12	5	6	0	0	1	4	1	0	1	1	2	4	1	7	2	1	1	5	2	1	0	0	0	1	0	1	2	4	3	4	3	3	3	5	2	1	0	0	0	1	0	0	0	0	1	1	1	0	0	4	0	1	3	4	7	7	3	0	3	4	2	4	3	0	2	2	1	2	1	3	0	3	3	1	4	1	0	1	0	2	1	2	1	3	5	7	1	2	1	4	8	13	8	4	4	3	1	1	2	5	0	1	1	0	1	1	1	3	7	10	13	7	5	3	2	2	0	0	1	3	1	5	3	2	4	8	16	8	0	7	14	4	1	14	43	0	16	16	5	2	1	3	0	1	9	6	3	0	2	3	2	3	2	1	3	4	1	0	0	0	2	1	2	6	2	0	0	2	2	3	1	6	7	6	2	1	1	0	4	4	3	6	2	5	7	12	7	7	41	89	27	13	1	0	0	1	1	0	0	0	0	0	0	0	1	2	0	1	1	1	0	0	0	0	0	0	1	1	0	0	0	0	2	2	1	0	6	1	2	1	1	0	3	1	0	0	0	1	1	0	2	1	0	1	1	3	2	0	0	0	1	0	1	0	2	3	4	0	0	3	1	0	3	1	0	0	1	1	1	0	1	0	0	0	0	0	0	0	0	0	0	0	0	2	0	0	3	1	1	0	0	2	0	0	0	2	2	0	0	0	0	1	1	0	0	0	1	2	0	0	0	0	0	0	0	1	0	0	0	0	1	1	0	0	1	1	0	0	0	2	0	0	0	1	0	0	0	0	1	0	1	1	0	1	1	0	0	0	0	1	0	0	0	0	1	1	0	0	1	0	2	1	0	0	0	0	0	0	0	1	0	1	0	0	0
0	0	0	0	0	0	0	1	0	1	0	0	1	0	1	1	0	1	0	2	0	0	0	0	0	1	1	0	1	0	0	0	1	0	0	2	0	0	0	0	1	1	1	0	1	0	0	1	0	0	1	0	0	1	1	0	1	1	0	0	0	3	1	1	0	0	0	1	1	0	2	0	0	2	0	2	0	1	1	0	0	2	0	0	0	0	2	1	0	0	0	1	1	1	0	0	0	0	1	0	0	0	1	0	0	0	0	1	0	0	2	3	3	2	2	2	1	0	1	2	1	0	0	1	0	2	0	2	3	0	0	2	1	1	0	0	2	1	2	1	1	4	1	0	4	1	1	1	2	1	0	0	0	0	0	0	0	0	0	1	0	0	2	0	1	3	3	0	3	4	2	3	1	1	2	0	3	1	1	0	3	2	3	3	3	3	2	1	0	0	1	1	1	0	1	0	4	3	4	5	4	7	1	2	4	7	5	4	2	4	0	4	1	6	0	1	0	1	0	1	0	4	1	4	5	4	4	3	1	2	2	0	1	2	6	1	3	5	5	14	17	5	3	4	6	2	3	3	5	16	0	16	8	0	1	4	2	1	2	4	4	0	2	4	1	4	0	3	8	2	2	3	2	1	0	4	3	7	6	9	5	12	6	8	8	3	16	12	9	3	4	2	4	1	39	11	18	10	11	14	10	9	9	5	109	30	4	2	3	1	1	1	1	0	1	0	2	0	0	1	1	3	1	2	3	0	1	0	0	1	0	1	1	0	1	0	0	5	0	4	1	5	2	4	3	2	2	2	1	2	0	3	2	2	0	5	0	4	2	5	2	2	0	2	2	1	0	0	2	2	0	4	5	0	0	0	2	1	2	0	0	1	0	0	0	0	1	1	0	0	0	1	0	0	0	0	0	0	0	0	0	1	4	0	0	0	1	0	0	1	1	2	0	1	0	0	1	0	1	0	1	1	2	0	1	0	1	1	2	1	0	0	0	0	1	0	0	0	0	1	1	0	0	0	0	0	0	2	3	0	0	0	0	0	1	0	0	0	1	0	0	0	0	0	0	0	0	0	0	2	0	0	0	0	0	0	0	0	0	0	0	0	0	1	1	0	0	0	0
0	0	0	0	0	0	0	1	0	1	1	0	2	1	3	0	2	1	1	1	1	0	0	3	1	2	1	0	1	0	0	0	0	1	1	0	0	0	1	0	1	1	0	0	0	1	1	0	0	0	2	1	1	0	1	0	2	0	1	0	1	2	1	1	1	3	0	1	0	0	1	2	0	2	0	1	0	1	0	2	0	1	2	1	0	1	0	0	1	0	0	1	1	2	3	0	1	1	0	1	1	0	1	0	0	0	1	0	1	2	0	3	5	6	1	3	2	2	0	1	1	0	2	0	0	1	1	2	1	1	3	1	2	1	2	0	2	0	0	0	2	2	2	0	0	0	5	2	1	0	1	0	0	2	0	0	0	0	1	2	0	3	1	3	2	1	0	2	1	4	4	3	6	7	4	0	2	1	1	3	1	1	1	2	5	1	3	2	0	0	1	0	1	0	1	0	1	2	6	8	7	8	5	5	13	30	19	5	5	5	5	4	2	1	1	2	0	1	0	2	2	2	4	8	19	11	7	2	3	0	0	0	0	0	1	3	2	0	3	5	4	4	1	2	3	0	2	1	9	16	16	0	16	6	6	4	4	1	14	4	3	3	1	2	3	2	6	2	4	11	4	3	4	2	0	0	4	5	9	3	1	3	8	3	2	3	8	7	0	3	2	1	3	4	5	13	17	2	4	9	4	4	8	10	19	32	1	3	0	2	2	0	0	2	0	0	2	0	1	1	1	2	2	1	1	0	0	0	0	0	0	1	0	0	0	0	0	1	1	1	4	1	0	2	1	1	0	2	0	4	0	3	0	2	3	2	0	0	0	1	3	0	0	2	1	3	0	0	1	2	0	2	1	1	1	0	2	0	0	0	2	0	2	2	0	0	1	0	0	0	0	0	0	0	0	0	1	1	0	1	0	1	1	3	1	1	0	0	0	0	0	1	1	1	0	2	1	2	2	1	1	2	0	1	0	0	0	0	0	0	1	0	0	0	1	0	0	0	0	0	0	0	0	2	1	0	0	2	2	0	1	0	0	1	0	0	0	0	0	0	0	3	0	0	0	1	0	0	1	0	0	0	0	0	0	0	0	1	0	0	0	0	0	0	0	0	3	0	0
0	0	0	0	0	0	0	0	0	2	0	0	0	0	0	0	0	2	1	1	1	0	0	1	0	0	1	0	2	0	2	0	0	0	0	1	1	1	1	0	3	1	0	0	1	1	0	0	0	0	0	0	1	1	1	1	0	1	1	0	0	2	1	1	1	0	3	1	0	2	2	1	2	0	1	2	1	1	2	3	1	1	2	0	1	2	1	0	0	1	0	2	1	1	1	0	0	0	0	0	1	1	0	0	0	0	1	0	1	0	2	1	2	1	1	1	2	1	1	1	1	0	1	1	0	0	0	1	1	1	0	0	2	0	0	0	1	1	1	1	0	0	2	2	3	2	1	1	2	0	2	1	0	0	1	1	1	1	1	2	2	4	0	0	1	2	5	2	0	2	7	4	4	14	6	5	0	3	6	4	5	6	13	6	1	3	4	2	3	3	2	1	0	0	1	2	3	3	9	5	4	17	7	5	7	8	9	6	4	3	2	4	2	0	2	2	5	1	0	0	1	2	3	6	3	9	6	3	0	1	0	2	2	1	1	1	2	2	1	2	0	1	1	1	2	2	0	1	2	5	8	16	0	21	12	10	5	10	311	38	12	3	4	1	1	2	6	3	12	12	6	3	10	2	2	3	5	6	7	7	3	2	3	3	0	2	2	4	3	1	1	1	2	0	2	7	8	2	2	2	1	2	3	4	5	13	1	4	1	2	1	1	0	3	1	2	0	0	0	1	1	0	0	0	1	1	0	0	0	0	0	1	0	1	0	1	1	1	0	1	1	3	4	0	2	0	2	1	0	1	2	0	1	3	2	1	1	2	0	1	2	0	1	0	1	1	0	0	0	2	3	1	0	1	2	1	0	2	1	2	1	1	0	0	0	0	0	0	0	0	0	0	0	0	1	0	0	0	1	0	1	0	0	0	0	1	0	0	0	2	1	1	2	3	1	0	2	1	1	1	0	0	0	0	0	1	0	0	0	0	0	0	1	0	1	0	1	2	1	1	1	0	0	0	2	0	2	1	0	2	0	0	1	0	0	0	0	0	0	0	0	0	0	0	0	0	0	1	0	0	1	0	0	0	0	1	0	0	0	0	1	0	0	0	0	0	0	0	0
0	0	0	0	0	0	0	2	2	0	0	0	2	1	1	0	1	1	0	1	0	0	0	0	0	0	1	0	1	0	1	0	0	2	0	0	0	0	1	1	1	0	0	2	0	0	0	0	0	0	1	0	1	1	0	0	2	1	0	0	4	1	2	0	0	3	0	1	1	1	0	0	1	1	0	1	1	2	2	1	0	1	4	1	0	3	1	1	0	0	2	0	0	0	1	0	2	1	2	0	1	1	0	2	0	0	0	2	2	0	1	0	2	0	2	1	0	0	0	0	0	2	0	0	0	1	2	0	1	1	0	2	1	0	0	1	0	0	1	0	0	0	2	0	1	1	0	1	1	1	1	0	0	0	0	2	1	1	2	2	1	0	2	4	3	3	2	3	4	2	6	7	3	13	4	10	9	10	10	3	7	9	9	2	5	6	7	5	9	1	1	2	2	3	0	2	3	4	7	9	6	33	5	6	3	5	10	9	3	3	4	1	2	2	2	0	0	0	1	0	3	6	1	1	7	4	1	1	4	0	1	2	2	7	3	3	0	0	0	0	0	0	0	2	1	0	0	0	1	2	0	6	21	0	118	18	3	49	31	25	13	1	1	2	1	6	8	1	6	6	1	6	6	5	8	11	2	2	8	7	2	1	1	3	1	0	1	4	4	5	4	0	0	0	1	7	1	4	2	3	3	1	0	2	2	7	1	1	1	1	1	0	1	1	1	0	0	1	1	0	0	3	0	0	1	2	0	0	0	1	2	0	1	0	1	0	0	1	1	2	2	0	1	0	2	0	1	2	0	0	0	0	0	1	2	1	0	0	1	0	1	0	0	1	0	1	0	2	0	1	1	0	2	1	1	3	0	3	2	1	3	0	2	2	0	1	0	2	0	1	1	0	0	0	1	1	0	0	0	1	1	0	0	1	0	0	0	0	0	0	0	0	1	0	0	1	0	1	0	0	0	1	2	0	0	0	0	0	0	1	1	0	0	0	0	0	1	0	1	0	0	1	0	2	0	0	0	1	2	1	0	0	0	0	1	0	0	0	0	0	0	0	3	1	4	0	1	0	0	0	0	0	0	0	1	0	0	1	2	0	1	0	1	0	0	1	1	1	0
0	0	0	0	0	0	0	2	0	0	1	1	2	1	0	1	0	3	0	0	0	0	0	0	0	0	0	0	1	0	0	1	0	0	0	0	2	0	1	1	0	0	1	1	0	1	1	0	0	0	3	0	0	0	1	1	1	2	1	1	0	2	3	2	1	4	4	3	0	0	2	1	1	0	0	2	2	1	0	2	2	3	2	1	1	1	1	1	1	1	2	1	0	0	0	2	2	1	1	0	0	1	0	0	1	1	2	0	1	1	0	1	4	0	0	2	0	0	1	0	0	0	0	2	0	0	2	0	1	1	2	0	1	2	1	1	0	0	0	1	0	0	0	1	0	1	2	1	1	1	1	0	0	0	1	1	0	1	0	1	1	3	1	2	3	5	3	2	1	3	5	1	5	12	8	11	12	21	16	7	10	12	4	2	3	1	3	4	1	2	5	3	2	0	3	1	4	2	5	1	8	20	7	5	0	4	2	3	2	2	1	3	2	2	1	2	1	0	1	1	1	0	6	2	0	6	2	1	3	2	0	0	2	0	3	2	1	0	0	1	1	0	0	1	2	2	1	1	2	1	1	6	12	118	0	25	17	78	11	20	5	2	3	4	1	3	4	4	2	6	2	1	3	9	9	7	7	2	5	2	1	3	2	2	2	0	0	5	2	1	1	5	5	0	2	3	3	1	1	0	2	1	1	3	2	1	2	1	1	0	0	0	0	1	0	1	0	1	0	0	0	0	1	0	0	0	0	0	0	0	1	0	0	0	0	0	1	1	1	0	1	1	1	1	1	3	2	0	0	2	0	0	1	2	1	2	1	0	0	2	0	1	0	0	1	0	0	0	1	0	0	1	1	1	1	1	0	2	1	0	1	0	2	2	0	0	0	1	0	0	0	0	0	0	0	1	1	0	0	0	1	0	0	1	1	0	2	0	0	0	0	0	0	1	1	1	1	2	0	1	1	2	0	0	1	0	0	1	0	0	0	1	1	1	0	1	0	1	1	0	0	0	0	0	1	1	0	1	0	1	0	0	0	0	0	0	0	0	0	0	0	0	0	0	0	1	1	0	0	1	0	3	1	0	1	1	0	0	0	0	0	1	0	1	0	0	0	1	0
0	0	0	0	0	0	0	2	1	3	0	1	1	0	0	0	1	0	0	1	1	0	0	1	0	1	1	1	0	0	1	0	1	0	0	0	0	0	0	0	0	1	1	0	1	1	2	0	0	1	1	1	1	1	0	1	0	3	1	2	2	1	5	2	4	4	5	2	1	2	3	2	4	1	1	2	1	3	0	0	6	6	2	1	1	3	3	1	3	3	0	1	1	3	1	2	3	1	3	0	1	0	1	0	0	2	0	1	1	0	4	0	1	0	4	1	6	2	1	3	3	0	2	2	0	0	0	2	3	1	0	3	1	0	1	1	0	0	0	1	1	2	2	1	2	0	0	2	1	0	3	0	0	0	0	1	0	3	2	3	4	4	3	6	22	16	10	11	2	2	13	4	5	9	13	34	29	14	22	10	9	12	3	4	2	4	11	1	8	8	3	1	7	1	3	6	2	0	6	8	13	20	28	8	4	1	5	10	1	2	1	3	2	2	0	1	2	0	4	5	2	5	10	5	3	11	3	2	7	4	2	3	3	6	4	1	1	1	1	0	0	0	0	2	1	0	1	3	2	3	4	4	10	18	25	0	16	21	10	5	3	2	1	2	1	2	3	1	3	3	0	0	3	4	7	7	3	0	1	1	2	0	1	2	0	1	2	5	2	2	1	1	1	2	1	1	0	5	1	1	0	1	2	1	4	3	1	0	0	0	2	0	0	0	0	0	0	0	0	0	0	0	1	0	0	1	0	0	0	0	0	4	0	0	0	0	0	1	0	0	0	0	0	1	0	1	0	0	1	0	1	3	2	1	3	3	0	1	3	1	0	0	0	0	0	0	1	0	0	0	1	1	3	2	0	0	0	0	1	0	1	0	3	0	2	0	1	0	1	0	1	2	0	0	0	1	1	0	1	0	0	1	0	0	0	0	1	0	0	0	0	0	0	2	0	0	1	2	1	0	1	0	0	1	1	0	0	0	0	1	0	1	1	0	0	0	1	0	0	0	0	0	0	0	0	0	0	1	1	0	0	0	0	0	0	0	0	0	0	0	1	0	0	1	1	1	0	0	0	0	0	1	1	0	0	0	0	1	0	0	0	0	1	1	0	1	0	0	0
0	0	0	0	0	0	0	1	1	0	1	1	1	1	1	2	4	2	1	1	0	1	0	2	0	1	1	1	1	0	0	1	1	2	1	0	1	1	0	0	1	0	0	2	0	0	0	0	0	0	0	0	1	2	1	3	0	1	0	1	3	4	4	3	8	5	1	4	0	3	2	1	1	2	1	1	4	1	3	2	7	10	2	2	3	3	0	2	0	1	2	0	2	4	0	0	0	0	1	3	0	1	1	0	1	2	1	1	0	0	1	0	3	2	4	2	1	2	1	2	1	2	1	1	1	1	1	1	3	2	0	2	2	0	0	1	0	0	0	1	1	0	1	0	0	2	2	1	0	1	0	0	2	0	2	0	0	2	1	2	3	2	8	16	6	3	10	7	2	2	10	5	7	10	37	38	61	32	9	5	1	6	2	1	2	2	3	2	3	7	5	4	3	4	10	5	4	8	3	6	9	13	10	8	6	3	0	1	2	2	2	1	1	3	0	1	1	0	1	1	1	1	1	2	3	1	1	0	1	0	1	1	3	1	2	1	0	0	1	1	1	0	1	0	1	0	0	0	3	0	2	4	5	3	17	16	0	22	5	5	1	2	2	0	3	3	3	2	0	3	1	0	1	5	2	1	1	0	3	0	1	2	1	1	1	0	1	3	0	0	0	0	1	0	2	1	2	0	0	1	2	1	3	3	1	3	3	0	0	1	0	0	0	0	0	0	0	0	0	0	0	0	0	0	0	1	0	0	0	1	0	0	0	0	0	0	1	1	1	0	2	1	0	1	0	0	0	0	0	0	1	0	0	0	1	0	0	0	0	0	1	0	0	1	0	0	1	0	1	1	0	0	2	0	0	1	0	2	3	2	1	2	0	0	0	0	0	0	1	0	0	0	0	1	0	0	0	0	0	0	0	0	0	0	0	1	0	0	0	1	0	0	0	0	0	0	0	0	1	1	1	0	0	0	0	2	0	0	0	0	0	1	0	0	1	0	0	0	0	0	0	0	0	0	0	0	2	0	2	0	0	1	0	0	1	0	0	0	0	0	0	0	0	0	0	1	0	0	0	0	0	0	0	0	0	0	0	0	0	1	0	0	1	0	0	1	0	0	0
0	0	0	0	0	0	0	0	2	1	0	1	1	0	2	0	0	0	0	0	2	1	0	1	0	0	0	1	0	2	0	1	1	0	0	0	0	1	0	1	1	3	0	0	1	0	0	1	0	0	1	1	1	0	0	0	1	2	0	2	3	2	5	3	1	4	2	3	0	2	1	1	0	1	2	2	6	2	2	0	1	0	3	1	0	2	0	2	1	3	0	1	2	0	1	1	1	0	2	2	0	0	0	0	0	0	1	0	2	0	0	2	1	2	1	3	1	1	3	2	0	2	1	1	1	0	1	1	1	2	2	1	0	0	1	1	0	0	0	0	0	0	1	2	1	0	3	0	0	3	3	0	1	2	0	1	0	1	2	2	1	1	2	4	4	7	5	4	3	0	10	10	3	16	9	15	25	10	8	7	1	5	6	2	1	3	8	2	3	0	5	2	2	1	6	5	2	1	4	7	10	23	10	7	3	3	5	2	1	2	1	3	2	0	1	3	1	1	0	2	2	1	4	0	5	3	7	1	2	1	3	1	0	2	2	3	0	0	2	3	1	1	0	2	1	0	1	1	4	1	1	1	10	49	78	21	22	0	19	18	6	2	0	4	4	4	3	2	3	5	3	1	6	2	8	1	3	1	2	1	0	2	0	4	1	0	2	2	2	2	1	1	1	0	4	2	5	4	0	3	1	0	0	1	1	4	1	1	5	3	0	0	0	1	1	0	0	0	0	0	1	1	0	2	0	0	0	0	1	0	1	0	0	2	0	1	0	1	0	0	0	1	3	1	0	0	1	1	1	0	2	2	1	0	0	1	0	2	0	1	1	1	1	1	1	0	0	0	1	1	1	1	2	2	2	2	0	1	0	1	1	1	1	0	0	0	1	0	0	0	0	0	0	0	0	0	0	0	0	0	0	1	1	1	1	0	0	0	0	0	1	1	2	1	0	0	2	1	1	0	1	0	0	0	0	0	0	1	1	0	1	0	0	0	0	0	1	0	1	0	0	0	0	0	0	0	1	0	0	0	0	2	1	1	0	0	1	0	0	0	0	0	0	0	0	0	1	0	0	1	0	1	0	0	0	0	0	1	1	0	0	0	0	0	1	0	0	0	0
0	0	0	0	0	0	0	1	1	1	0	1	0	0	0	0	0	1	0	0	0	0	1	1	3	1	1	0	1	0	0	0	0	0	0	0	1	0	0	0	0	0	0	0	0	0	1	1	0	1	0	1	2	0	0	0	2	1	1	2	0	3	1	1	0	2	2	0	2	1	2	4	2	2	1	2	0	0	0	1	0	3	2	3	0	0	0	2	2	0	0	1	2	1	2	1	1	2	1	0	1	0	0	0	0	1	0	1	0	0	1	1	4	2	4	1	1	1	1	1	0	0	1	1	0	0	1	2	1	3	0	2	1	0	0	1	3	0	0	0	0	0	1	0	3	1	2	1	0	0	0	1	0	2	2	0	0	0	1	1	1	3	4	4	2	1	3	3	0	5	5	5	4	16	9	1	8	2	5	3	4	11	10	7	4	1	5	4	1	4	1	3	1	1	1	0	2	1	6	8	13	27	11	6	4	10	14	15	2	3	2	5	2	1	1	0	1	1	0	1	2	4	2	4	6	11	5	1	1	0	1	2	3	2	3	3	3	3	1	0	0	1	0	1	0	3	1	1	3	9	2	14	311	31	11	10	5	19	0	41	17	1	5	1	2	2	12	5	6	17	2	5	2	7	3	11	6	5	7	6	3	2	2	4	1	2	4	4	1	2	4	3	1	1	6	10	7	2	4	4	1	1	1	3	5	14	2	0	1	3	3	2	1	1	0	1	0	0	0	1	0	0	0	0	1	1	1	0	0	0	0	0	0	0	0	0	1	0	1	1	1	0	1	2	2	1	1	1	1	0	1	0	0	1	1	4	3	0	2	0	2	0	1	0	0	0	1	1	2	0	1	1	0	1	1	1	1	1	2	1	1	1	1	0	0	0	0	0	0	0	0	0	0	0	0	0	0	0	0	1	0	1	1	4	0	1	0	1	0	0	0	1	1	1	1	1	2	1	0	0	3	3	1	0	0	0	0	1	1	0	2	1	1	1	0	0	0	0	0	0	2	0	0	0	0	0	1	0	2	0	0	1	0	0	1	0	0	0	0	1	0	0	0	0	2	0	0	0	0	1	1	0	1	2	0	1	0	1	0	0	1	0	0	0	0	0	0	0	0
0	0	0	0	0	0	0	1	1	1	0	0	0	0	1	3	0	0	0	0	0	0	1	0	0	0	0	1	0	0	0	0	0	0	1	0	0	0	0	0	0	0	0	0	1	1	0	0	0	1	0	0	0	0	0	1	0	0	1	2	1	1	1	1	2	1	2	1	1	2	2	1	1	2	0	1	0	0	0	1	1	2	1	0	0	1	1	1	0	0	0	1	1	1	2	1	0	1	1	2	0	1	0	0	1	0	0	1	1	0	0	0	2	3	1	1	0	0	1	2	0	0	2	0	1	0	2	1	1	1	1	1	0	0	0	1	0	1	1	1	1	1	0	1	1	4	2	0	0	1	0	1	0	0	0	1	0	0	0	0	0	2	0	2	0	1	3	3	0	5	7	2	1	11	1	2	5	2	4	2	3	5	9	5	3	2	2	3	2	1	2	2	3	0	4	2	8	2	4	6	7	14	6	1	4	3	8	3	1	4	1	4	3	1	0	1	0	0	2	1	1	1	2	3	5	9	0	2	4	1	0	0	0	1	2	1	2	0	1	1	0	1	1	0	0	1	1	1	2	6	4	4	38	25	20	5	5	18	41	0	29	5	2	1	3	1	3	2	9	15	5	7	5	5	4	9	10	3	6	6	1	3	0	1	1	2	0	1	6	0	1	1	0	0	1	9	5	1	3	2	2	1	4	1	4	7	3	1	1	3	0	1	0	0	0	1	0	1	2	1	0	1	1	0	3	0	1	1	0	0	0	1	0	1	0	0	1	0	1	0	1	3	0	1	2	2	0	0	0	1	0	0	2	3	2	0	0	3	2	1	2	0	1	1	1	0	1	0	1	0	1	0	0	1	1	0	0	2	2	0	0	0	1	0	0	0	0	0	0	0	0	2	0	1	0	1	0	0	0	0	0	0	0	0	0	1	0	1	0	0	1	0	0	0	0	0	1	0	1	1	1	0	1	1	2	1	0	0	1	3	0	0	1	0	0	0	1	0	2	0	0	2	1	0	1	1	0	1	1	0	1	0	0	1	1	0	0	0	0	0	0	0	0	0	0	0	0	0	0	0	0	0	0	0	0	0	1	0	0	0	0	0	0	0	0	0	0	1	1
0	0	0	0	0	0	0	1	0	2	1	0	2	2	0	0	2	0	0	1	0	0	0	1	1	1	0	0	0	0	0	0	0	0	0	0	0	0	1	1	0	1	0	0	0	1	0	0	0	0	0	0	1	0	0	1	0	3	0	2	0	0	1	1	1	3	1	1	0	1	2	0	1	1	0	1	1	1	1	0	1	1	0	1	0	0	1	0	1	1	1	2	0	1	4	2	1	0	0	0	0	0	1	1	0	0	0	2	0	1	0	0	2	5	3	1	2	0	1	1	0	0	1	0	0	1	0	0	0	1	2	1	1	1	1	0	1	1	1	0	0	0	0	1	1	0	1	0	2	0	0	0	0	0	0	0	0	0	1	1	1	0	3	0	1	2	2	2	1	1	3	1	1	6	0	1	3	1	5	6	4	4	9	2	2	3	0	1	1	1	1	0	0	2	1	1	1	0	2	3	7	4	2	3	2	2	2	2	4	6	2	3	1	1	0	0	0	0	0	1	2	1	1	1	2	3	4	0	0	1	0	1	2	2	0	0	1	1	2	1	1	2	1	1	1	1	0	2	1	3	4	3	12	13	5	3	1	6	17	29	0	12	8	1	3	4	12	11	30	62	29	14	15	17	5	9	17	6	11	5	4	6	5	3	1	0	1	0	1	5	2	1	0	2	0	12	2	1	2	1	1	0	0	1	5	7	5	5	5	4	2	1	1	0	0	2	2	1	0	0	1	0	1	0	1	1	3	1	0	1	1	0	0	0	1	2	1	1	0	1	1	3	0	2	0	2	3	1	0	1	1	1	0	1	0	8	0	1	1	2	0	1	0	1	2	3	0	1	1	0	3	3	2	2	2	2	2	3	2	0	2	1	1	1	0	0	0	1	0	0	0	0	0	0	0	0	0	0	0	0	1	1	0	1	2	0	0	1	0	1	1	0	1	0	0	0	2	3	1	2	0	0	0	1	0	0	0	0	0	1	0	0	2	0	1	0	0	2	1	1	0	0	1	0	0	1	0	2	1	1	0	0	1	0	0	0	0	1	0	0	0	0	0	0	0	1	0	0	0	0	0	0	1	0	0	0	0	0	0	1	0	1	1	1	0	0	0	1	0
0	0	0	0	0	0	0	0	0	0	1	0	1	0	0	0	1	0	0	0	0	0	1	0	0	0	0	0	0	0	0	1	1	0	0	0	1	0	1	0	0	0	0	0	0	0	0	0	0	0	0	0	0	1	2	0	0	1	0	0	1	1	1	0	2	0	2	2	0	1	1	0	1	0	0	1	0	1	0	1	0	0	0	2	1	0	0	1	0	0	0	1	0	1	0	1	0	0	0	0	1	0	0	0	0	1	0	1	0	0	0	0	1	0	0	0	1	0	0	0	0	0	0	0	1	1	1	1	0	0	1	0	0	0	0	1	0	0	1	0	0	1	3	0	0	1	1	0	0	0	0	1	0	0	0	1	0	0	0	0	0	1	1	0	1	0	0	0	0	2	1	0	0	3	2	1	0	0	2	2	1	3	1	3	4	1	5	0	1	0	0	1	1	0	0	1	1	0	1	2	1	2	1	2	1	0	4	3	0	1	2	6	0	3	1	0	0	0	0	0	0	0	1	3	3	1	0	0	1	0	0	1	2	0	3	0	1	0	0	1	2	1	2	0	0	1	0	0	2	0	0	3	3	1	2	2	2	2	1	5	12	0	51	8	16	5	2	36	21	6	74	25	7	10	4	5	13	13	3	6	8	4	5	5	3	1	0	0	3	5	3	1	1	2	4	5	7	3	2	1	1	1	2	6	4	3	3	10	3	4	5	1	0	3	2	0	2	1	3	0	1	2	1	0	2	2	0	0	1	0	0	0	1	1	1	1	0	0	1	1	1	0	3	2	0	2	4	3	0	2	1	3	1	6	4	7	0	1	1	1	1	2	1	0	2	1	1	2	0	3	3	2	1	1	3	3	3	5	3	0	0	0	1	1	0	2	0	0	1	0	0	0	0	0	1	0	0	0	0	1	0	0	1	0	1	0	2	0	2	0	0	2	0	1	4	2	6	3	1	3	1	1	1	1	0	1	1	2	1	1	0	0	1	0	0	0	2	1	1	0	0	0	1	0	2	0	1	1	0	0	1	1	2	0	0	0	0	0	0	1	2	1	0	2	1	1	0	1	0	2	0	1	1	0	1	1	1	0	1	0	0	0	0	1	0	0	0	0	0
0	0	0	0	0	0	0	0	1	0	0	0	0	0	0	0	0	0	0	1	0	1	0	0	0	0	1	0	1	0	0	1	0	0	1	0	0	0	0	1	0	0	1	0	0	0	0	0	0	0	1	0	1	0	1	0	0	2	0	0	0	0	0	1	1	0	0	1	1	0	1	1	0	0	1	0	0	0	0	0	0	0	0	0	0	0	0	1	1	0	0	2	1	2	2	0	0	0	0	1	0	2	0	1	0	1	0	0	0	0	2	1	0	1	0	1	0	0	0	0	0	1	0	0	0	0	0	1	1	1	1	0	2	0	0	0	0	0	2	1	1	0	0	1	2	0	0	1	1	0	1	1	0	0	0	0	0	1	1	0	0	0	0	0	2	0	0	1	2	2	1	2	0	2	1	0	1	1	1	0	2	4	3	3	2	2	0	0	0	1	0	0	0	0	2	0	1	0	1	1	0	1	0	1	1	1	4	1	2	2	5	2	1	1	1	0	1	0	0	0	0	3	1	1	1	3	1	2	0	0	1	0	0	0	1	1	0	1	0	0	2	0	0	1	1	0	0	2	2	2	2	1	4	1	3	1	2	0	5	2	8	51	0	13	6	3	12	141	8	2	34	23	4	7	3	6	17	17	0	2	8	7	8	1	3	3	3	2	5	11	8	5	2	2	6	3	5	4	3	2	2	1	1	0	1	1	20	17	5	12	7	7	3	1	0	4	1	0	1	0	1	0	0	2	2	0	0	1	0	0	1	1	0	1	1	0	0	5	2	3	2	2	3	2	3	3	3	2	3	5	3	2	9	0	6	10	1	0	1	2	1	6	2	1	4	2	1	1	7	5	1	2	3	3	1	0	5	2	4	1	2	0	2	1	0	0	2	0	0	0	0	0	0	2	1	0	1	1	0	0	0	0	0	1	0	1	1	1	1	2	0	3	3	0	3	4	4	2	2	5	4	1	1	1	1	1	4	2	0	0	0	1	0	1	0	0	1	0	2	0	0	0	0	1	2	1	1	0	2	1	0	0	0	0	0	0	0	0	1	0	1	0	0	1	1	0	0	1	0	0	1	1	0	1	1	0	0	0	1	0	0	0	1	1	3	2	0	2	0
0	0	0	0	0	0	0	0	0	0	0	0	0	0	1	0	0	0	0	0	0	0	0	0	0	0	0	0	0	0	0	0	0	0	1	0	0	0	0	0	0	1	0	0	0	0	0	0	0	0	0	0	0	0	1	0	0	1	0	0	1	0	2	1	1	1	1	2	1	0	0	1	1	0	0	0	1	1	1	0	2	1	0	0	1	1	0	0	0	0	2	1	3	0	0	0	0	2	0	0	1	1	0	1	0	0	0	1	0	1	1	0	1	1	2	0	0	1	0	0	0	0	0	0	0	0	1	0	0	0	2	0	2	0	0	0	0	0	1	0	0	0	0	1	0	0	2	1	0	0	0	0	1	1	0	0	1	0	0	0	2	0	0	1	1	1	3	2	1	0	1	0	0	0	0	0	1	0	1	5	2	3	3	2	5	1	2	2	2	1	0	2	0	0	1	0	0	1	1	0	0	1	1	0	0	0	3	4	1	6	5	3	3	0	0	0	0	0	0	0	0	2	2	2	2	2	1	0	1	1	1	0	0	0	0	4	2	2	3	2	1	0	0	0	1	0	2	1	0	3	4	2	1	2	4	2	0	4	1	1	1	8	13	0	33	36	10	32	11	3	7	31	10	16	17	7	20	6	4	5	7	5	2	2	2	3	1	1	3	8	11	2	1	2	0	2	2	5	2	1	2	3	1	2	3	1	7	16	22	17	4	7	2	1	2	1	0	1	1	1	3	1	0	0	1	1	0	2	0	0	0	0	0	0	0	0	1	2	1	2	3	2	1	2	2	2	5	3	3	2	4	2	3	0	5	6	1	1	4	3	1	3	1	3	1	3	3	0	3	6	5	3	1	3	2	4	5	6	2	3	1	5	2	1	1	0	1	0	0	0	0	0	1	1	0	0	1	1	0	1	0	1	0	3	0	3	1	0	2	1	0	1	2	7	3	4	3	5	3	7	4	0	1	0	0	2	1	1	3	0	0	2	1	0	0	0	0	1	3	1	0	0	0	1	3	0	0	2	2	1	0	0	1	1	0	1	0	0	0	1	0	1	0	0	0	0	0	3	0	0	0	0	0	0	0	1	0	0	1	0	1	0	0	0	0	3	1	0	0
0	0	0	0	0	0	0	0	0	0	0	0	0	0	0	0	0	0	2	0	0	1	1	0	1	1	0	0	0	0	2	0	0	0	0	0	1	0	0	0	1	1	0	0	0	0	0	0	0	0	0	0	0	2	0	0	2	0	1	0	0	0	0	0	2	1	1	0	4	1	0	0	0	1	2	0	0	0	1	0	0	0	0	0	0	0	0	0	0	1	0	0	1	2	3	0	1	0	0	0	1	0	0	0	0	0	0	0	1	0	1	0	0	0	1	1	0	0	1	1	0	1	1	0	1	1	0	0	1	0	0	2	1	0	0	1	1	0	0	2	0	0	0	0	0	0	0	0	1	1	1	0	0	0	1	0	0	0	0	0	2	0	1	0	1	0	1	1	1	1	0	0	0	2	1	1	3	2	0	1	1	1	6	3	2	3	3	1	1	0	1	0	0	2	0	1	1	1	1	1	3	1	1	0	1	0	3	3	2	2	4	0	3	0	1	1	1	1	0	1	0	0	0	2	0	0	2	0	0	1	1	0	0	0	1	1	0	0	1	0	4	1	0	0	0	0	0	1	1	2	1	3	1	1	1	1	3	4	2	3	3	16	6	33	0	17	6	14	11	3	16	52	21	21	5	5	10	5	3	1	1	5	9	1	0	1	1	1	2	7	5	2	0	0	5	4	4	1	1	2	0	1	1	1	1	2	7	5	7	10	5	3	2	1	2	1	2	2	0	1	1	1	1	0	0	0	0	0	0	0	0	0	1	0	0	0	1	0	1	3	2	0	1	2	0	3	2	2	0	4	2	1	0	0	2	2	1	0	4	3	0	1	2	4	0	4	2	3	1	4	0	3	3	2	3	0	5	4	5	4	8	6	0	2	0	2	2	0	1	1	1	0	0	0	0	0	0	0	0	0	0	2	0	1	1	1	1	0	1	1	1	2	3	2	3	0	5	0	0	3	2	1	0	1	0	1	0	1	0	0	0	1	0	0	1	0	0	1	1	1	0	0	1	1	1	0	1	4	1	1	0	0	1	1	0	1	0	0	0	0	0	0	0	1	1	0	3	0	1	0	0	0	0	1	0	0	0	0	2	1	0	1	0	0	0	1	2	1	0
0	0	0	0	0	0	0	1	2	1	0	0	0	0	0	1	3	1	1	0	2	1	0	0	1	0	1	0	0	0	0	0	0	0	0	0	1	0	2	0	0	1	0	0	0	0	0	0	0	0	1	0	0	1	2	0	0	1	0	1	1	1	2	0	1	2	0	0	3	0	1	0	0	2	0	0	1	0	1	0	0	0	2	0	0	0	1	1	0	0	1	0	1	1	1	2	2	0	0	0	0	0	0	0	1	0	0	1	0	1	3	0	2	1	2	0	0	1	0	1	1	0	0	1	1	0	0	0	0	0	4	0	0	0	0	0	0	1	0	1	0	0	0	1	1	0	0	1	0	1	2	0	0	0	1	0	0	1	0	0	3	0	1	1	3	2	0	0	1	0	3	0	2	1	1	2	2	1	6	3	1	4	7	8	3	5	3	1	3	0	0	0	2	0	1	1	1	0	1	2	0	4	3	0	2	1	4	1	1	2	5	4	1	0	0	1	0	0	0	1	0	3	1	3	0	2	3	0	0	1	0	0	1	1	0	8	1	3	0	3	2	1	2	1	0	1	0	0	3	3	4	2	2	6	3	2	3	4	2	1	4	5	3	36	17	0	19	17	7	4	10	14	9	27	15	25	14	8	7	5	2	2	4	1	0	2	3	2	10	21	8	2	2	0	0	5	3	2	4	3	3	0	1	0	1	0	9	4	18	8	11	1	0	3	0	4	3	4	1	2	2	1	0	1	0	2	1	1	0	0	0	0	1	0	0	3	3	2	1	2	1	2	5	1	2	3	4	1	0	5	6	2	3	2	4	5	2	0	2	0	1	2	0	2	1	2	0	2	1	1	3	5	2	4	6	8	4	32	11	9	5	4	2	1	0	4	0	3	1	1	0	0	0	0	0	0	3	0	1	2	0	1	2	0	1	2	1	0	2	1	1	2	0	4	3	2	6	2	1	3	4	1	1	0	1	1	1	0	0	1	0	0	0	0	0	0	0	1	0	0	0	1	1	0	0	1	0	1	3	1	1	1	0	0	0	0	0	1	1	1	0	1	0	0	0	0	0	2	2	3	1	0	0	0	1	0	0	0	1	1	0	0	0	1	0	0	0	1	0
0	0	0	0	0	0	0	0	0	0	0	0	0	0	0	0	0	2	1	0	0	0	0	1	1	0	0	0	0	1	0	0	0	0	0	0	1	0	0	0	0	0	0	0	0	0	1	0	0	0	0	0	1	0	2	2	0	1	0	0	1	1	3	0	0	3	2	3	1	2	0	0	2	2	2	1	1	0	1	0	2	0	0	0	1	0	0	0	0	1	0	1	1	1	4	1	1	2	0	1	1	2	1	0	0	0	2	0	0	0	0	2	2	0	3	3	1	0	0	0	0	1	0	1	0	0	1	0	2	1	2	1	1	0	1	0	1	0	1	2	0	2	1	0	0	1	1	1	2	1	1	0	0	0	0	0	1	0	0	2	0	0	0	0	3	1	3	3	1	5	2	1	1	3	2	1	1	2	3	4	4	10	27	16	4	4	2	3	2	0	1	0	0	3	2	2	1	1	3	1	3	7	3	0	2	8	10	3	1	9	11	8	1	2	1	0	0	1	0	0	0	1	5	2	6	5	1	3	3	0	1	3	2	7	1	6	0	0	0	2	2	1	0	1	0	1	1	1	2	2	0	6	6	8	4	3	3	3	12	3	12	2	12	10	6	19	0	19	20	21	5	9	4	5	8	41	82	25	24	38	4	5	4	3	1	2	3	5	13	20	8	9	3	4	7	12	14	5	7	7	1	2	2	1	5	5	4	3	6	4	7	2	2	5	0	1	1	1	0	1	1	3	0	1	2	0	1	1	1	0	1	0	0	1	0	2	1	2	3	9	4	1	2	4	4	4	12	1	3	2	4	1	2	3	3	8	1	2	1	3	4	0	2	3	2	0	0	1	3	4	1	4	2	2	4	3	3	7	3	4	2	1	0	1	2	0	0	0	0	0	1	0	1	0	0	1	0	2	0	2	0	2	1	0	0	1	2	2	0	0	2	0	0	2	0	4	3	2	1	2	2	2	1	1	0	1	1	0	2	0	0	1	1	0	1	0	0	0	1	0	0	1	1	1	0	2	0	1	0	1	1	1	0	0	0	0	3	0	2	2	0	1	0	1	0	1	0	0	0	0	0	0	0	2	0	0	0	1	0	0	1	0	0	0	2	1	0	1	0
0	0	0	0	0	0	0	0	0	0	0	0	0	0	1	0	1	0	0	2	0	0	0	0	0	0	1	1	0	0	1	0	0	0	0	0	0	0	0	0	0	0	0	0	2	0	1	0	0	0	0	0	0	0	1	0	1	0	0	0	0	0	0	0	1	0	0	1	2	0	0	0	0	2	1	0	1	0	0	1	0	1	0	0	0	0	2	0	0	0	0	0	1	1	0	0	1	0	0	0	2	1	0	0	0	0	0	1	1	0	0	1	2	2	1	0	2	0	0	3	0	0	0	0	1	0	1	0	1	1	0	1	1	0	1	0	1	1	0	0	2	0	0	1	1	2	0	0	1	0	0	0	0	1	0	0	0	0	0	2	1	1	0	3	0	2	2	2	0	0	2	0	2	1	3	4	1	0	0	4	1	4	9	3	2	1	2	0	0	1	2	0	0	1	0	0	0	0	2	0	1	4	0	0	0	5	2	2	2	1	4	2	1	3	2	1	1	0	1	0	0	1	1	3	4	4	0	2	1	1	0	0	0	0	1	0	2	0	2	1	2	1	1	0	0	1	0	1	0	1	3	2	3	1	4	1	2	2	5	2	11	36	141	32	14	17	19	0	25	9	40	31	11	15	12	8	52	31	9	9	15	5	4	2	8	0	3	4	6	16	11	5	0	1	8	4	6	8	4	1	0	2	0	0	1	1	10	20	13	16	5	2	1	2	2	1	0	5	2	0	1	2	2	0	2	1	0	0	0	0	0	2	0	0	1	2	2	2	0	3	1	2	2	4	2	4	3	3	3	1	1	2	2	2	4	13	2	2	0	1	0	2	1	5	2	2	0	2	5	4	1	3	5	3	4	3	3	5	2	3	4	3	2	0	0	4	1	0	1	0	0	1	0	0	0	0	0	0	1	0	0	1	1	2	1	1	1	1	2	3	1	1	1	2	2	2	1	5	3	2	4	0	0	0	2	0	0	0	0	1	0	2	0	0	1	1	0	1	1	2	0	0	0	0	0	1	1	1	0	2	0	2	1	3	0	2	0	0	1	0	1	2	0	0	2	1	1	1	1	0	1	1	0	0	0	1	1	1	0	2	0	0	0	0	1	0	0	1	0
0	0	0	0	0	0	0	0	0	0	0	1	0	1	0	0	1	0	0	0	0	0	0	2	2	0	0	0	0	1	1	0	0	0	0	0	0	0	0	0	0	0	0	0	0	0	0	0	1	0	0	0	0	1	2	0	0	0	0	0	0	2	0	0	2	1	0	0	0	0	1	2	0	0	0	0	0	1	0	0	0	0	1	0	2	0	0	0	2	2	0	1	2	0	0	1	0	0	3	0	2	0	0	0	0	1	0	1	0	2	1	2	0	3	2	0	0	0	0	0	1	0	0	0	0	0	0	0	0	1	2	1	0	1	0	0	1	0	0	0	0	0	0	1	0	0	1	4	1	1	0	0	1	0	0	1	1	0	0	0	0	1	1	0	3	1	0	1	1	3	2	1	1	5	2	1	0	6	2	2	0	1	9	5	3	4	4	4	4	1	0	0	0	0	2	1	2	2	3	0	0	1	1	1	2	5	6	1	2	3	5	7	1	1	0	0	0	1	0	1	0	3	0	3	2	4	1	1	0	0	0	1	0	2	2	0	0	1	3	2	1	1	1	0	1	0	0	0	2	3	8	4	12	6	2	3	0	3	6	9	30	21	8	11	11	7	20	25	0	70	31	14	10	13	6	12	29	9	4	16	16	10	5	1	0	4	2	10	7	7	6	3	3	3	3	15	9	3	2	5	5	2	1	3	8	15	5	7	1	2	2	3	1	0	1	3	0	0	1	0	1	0	1	1	2	0	0	0	0	0	1	1	0	1	0	1	3	2	2	2	0	1	1	2	1	1	3	0	2	0	0	1	1	4	7	8	1	2	1	1	0	0	2	0	1	1	0	0	1	3	3	2	3	0	2	2	1	2	4	1	3	1	1	1	2	1	1	1	0	0	1	0	0	1	0	0	0	1	1	1	1	1	1	0	0	0	0	0	1	0	0	1	1	1	1	3	1	1	1	1	4	1	3	0	1	1	0	0	0	1	1	1	0	0	1	1	0	1	0	1	0	0	0	0	0	0	1	0	1	3	2	1	1	0	3	1	0	0	0	0	0	0	0	1	1	0	1	0	1	0	0	1	2	0	0	0	2	0	0	1	1	0	0	0	0	1	1	0	0
0	0	0	0	0	0	0	0	1	0	0	0	0	1	0	0	0	0	0	0	0	0	1	3	0	1	0	1	1	0	0	0	1	1	0	0	0	0	1	0	0	1	0	1	0	3	1	1	0	0	1	0	0	0	0	0	3	0	1	1	2	0	1	3	1	0	2	1	4	1	1	1	0	1	0	0	0	0	1	1	1	0	4	1	2	2	0	1	1	1	1	1	4	1	0	0	0	0	0	0	0	0	1	0	0	0	0	1	1	0	1	1	2	0	1	2	0	0	0	0	0	0	1	2	0	0	1	1	0	0	0	1	2	0	3	1	0	0	0	1	0	3	0	0	1	0	0	0	0	1	0	0	0	0	1	1	0	0	0	1	0	0	0	1	3	0	1	3	0	2	1	3	1	5	5	1	0	1	2	4	1	8	8	4	3	5	1	2	2	4	1	1	2	1	0	2	1	0	4	3	2	2	4	0	2	6	6	4	1	4	6	4	0	1	0	1	0	1	0	2	0	2	1	2	1	2	2	0	0	0	0	1	0	2	1	2	1	1	2	4	1	0	3	1	1	1	0	0	3	4	2	11	12	6	6	3	3	5	17	15	62	6	2	3	3	4	21	9	70	0	13	8	10	8	4	16	20	16	9	9	9	4	5	1	1	1	6	2	7	10	4	4	3	3	5	33	16	3	3	3	1	3	0	2	4	9	3	3	3	6	1	1	0	1	0	0	1	1	2	0	1	4	0	0	0	1	1	1	1	1	0	0	1	0	0	0	0	1	1	0	1	2	3	0	0	2	2	1	1	3	1	1	2	1	5	3	1	1	3	1	2	0	3	1	0	0	0	1	1	2	3	0	6	4	0	1	2	3	2	1	2	1	3	0	0	0	0	3	0	0	0	0	1	0	0	1	0	0	0	0	0	2	0	0	0	1	1	0	2	1	0	0	1	2	1	2	1	0	0	1	2	0	1	0	1	0	0	0	0	0	1	0	0	0	1	0	0	0	0	0	1	1	1	1	2	0	1	1	0	0	1	1	0	0	1	0	1	0	0	0	0	0	0	1	0	0	1	0	0	2	0	0	0	1	0	0	0	1	0	0	0	1	0	0	0	1	0	1	0
0	0	0	0	0	0	0	2	0	1	1	0	0	1	0	0	3	0	1	0	0	0	0	0	0	0	0	2	0	0	0	3	0	0	0	0	0	0	0	0	1	0	1	1	0	1	0	0	0	0	0	0	1	0	0	1	0	1	2	0	0	0	1	0	1	1	0	1	0	0	2	1	0	0	1	0	1	0	0	0	1	2	0	0	0	1	0	0	1	0	0	0	0	0	1	0	0	0	1	1	0	0	0	0	0	1	0	0	1	0	1	0	1	0	1	0	0	2	2	1	0	0	0	1	0	0	1	0	0	0	1	0	1	0	1	1	0	1	0	0	0	0	0	1	2	0	1	2	0	1	1	0	0	0	1	0	0	1	0	0	1	1	0	2	3	1	0	3	2	1	2	0	3	0	2	1	4	3	3	2	1	2	3	1	2	5	2	1	2	0	0	0	0	0	1	0	0	1	0	2	3	1	2	0	3	2	3	3	1	4	6	0	2	3	0	0	0	0	1	0	0	0	2	0	0	4	1	1	1	0	1	0	0	0	2	2	1	1	0	3	0	2	0	0	1	0	0	0	2	1	2	4	6	1	2	0	1	3	2	5	29	74	34	7	16	10	5	40	31	13	0	72	19	18	6	7	17	8	1	5	7	3	2	4	4	1	1	5	4	3	10	2	4	0	2	3	0	1	2	3	3	1	2	0	3	3	6	5	4	1	4	1	0	0	1	1	2	2	0	0	0	0	0	0	2	0	0	0	1	1	0	0	0	2	0	1	0	0	1	1	1	0	0	2	1	1	2	1	0	0	1	2	0	2	4	5	2	2	2	2	0	1	0	1	3	0	1	0	2	1	2	0	3	5	1	1	1	5	0	3	3	1	3	0	0	1	1	0	0	1	0	0	0	0	0	0	0	0	1	1	0	2	0	0	0	1	0	1	0	1	0	1	1	1	1	0	2	2	3	0	2	1	0	0	1	0	0	0	1	1	0	0	0	0	0	0	1	1	0	0	1	0	1	1	0	0	0	0	0	0	0	0	1	0	0	0	1	0	0	0	2	1	0	0	1	1	0	2	2	0	1	0	2	0	0	0	0	1	1	1	1	1	0	1	0	1	0	1	1
0	0	0	0	0	0	0	0	1	0	0	1	0	0	0	1	1	1	0	0	0	0	0	0	0	0	0	0	1	0	0	0	0	0	0	0	1	0	0	0	2	0	0	0	0	1	0	0	1	0	0	0	1	0	0	0	1	0	1	1	1	1	1	0	1	1	0	1	0	1	0	2	1	1	0	0	0	0	0	1	1	0	1	0	0	1	1	0	1	1	0	0	0	0	0	0	1	0	2	0	1	3	0	1	0	0	1	0	0	0	1	1	0	0	0	1	0	0	0	2	0	1	0	0	0	0	0	0	0	0	0	0	0	0	0	2	0	0	0	0	0	0	0	1	1	0	0	0	0	0	1	1	0	1	0	0	0	1	0	0	0	1	1	1	0	2	2	2	0	0	0	0	0	4	1	1	2	2	1	2	5	4	4	2	2	4	4	2	0	1	0	0	0	1	1	1	0	1	2	2	1	1	0	1	0	0	2	1	2	1	4	2	0	0	0	2	0	0	0	0	0	2	2	2	4	2	0	1	0	0	1	1	2	0	1	3	3	3	0	2	0	1	1	1	0	1	0	0	1	0	3	3	3	6	1	0	0	1	5	7	14	25	23	31	52	14	9	31	14	8	72	0	28	11	11	10	10	6	2	3	2	1	4	1	1	3	0	5	3	5	5	2	0	0	2	2	3	3	1	4	1	1	3	2	2	2	7	5	6	10	6	0	1	1	1	0	2	0	0	0	0	1	2	0	3	1	0	1	1	0	1	0	0	0	0	0	2	1	0	2	0	2	0	2	2	2	4	2	1	0	2	2	3	2	0	5	1	2	1	0	0	0	2	0	0	0	1	0	3	3	3	1	1	2	1	4	3	1	1	3	1	0	1	1	0	1	0	0	0	2	0	2	0	1	0	3	0	0	0	0	0	2	1	0	1	2	2	0	1	1	1	0	0	2	3	1	0	1	1	1	1	1	1	0	1	0	0	0	2	0	1	0	0	0	2	0	0	0	1	0	2	3	2	1	0	0	1	2	1	0	0	0	0	1	0	0	0	0	0	1	0	0	0	0	0	0	2	0	3	1	1	0	0	0	0	0	0	1	0	2	0	0	0	0	1	1	1	0	1
0	0	0	0	0	0	0	0	0	1	1	0	0	1	0	2	0	1	0	0	0	0	0	0	1	0	0	0	0	0	0	1	0	0	0	0	0	0	0	1	0	0	0	0	1	1	0	1	0	0	0	1	0	0	0	0	0	0	0	0	0	1	1	1	2	0	1	1	1	0	0	0	1	0	0	0	1	0	1	0	0	2	2	2	0	1	0	1	1	0	0	0	3	0	1	1	0	0	0	0	1	0	0	0	0	0	0	0	0	2	1	0	0	2	1	1	1	1	0	0	1	1	0	2	0	0	1	0	1	1	0	1	1	0	0	0	0	0	1	0	0	2	0	0	2	0	0	0	0	0	0	1	0	0	0	0	1	0	0	0	1	0	0	3	2	0	0	1	0	1	1	5	0	0	1	1	1	1	6	5	5	4	4	3	1	2	2	0	0	2	1	0	0	0	0	1	1	5	1	0	2	2	3	0	1	1	1	3	0	3	0	1	1	1	1	0	0	0	1	0	1	2	2	1	1	4	0	1	1	1	2	0	4	2	0	0	2	2	3	0	0	1	1	0	0	0	1	1	0	0	2	4	10	6	3	3	1	6	2	5	15	7	4	10	21	9	4	11	10	10	19	28	0	29	16	9	5	4	1	3	3	2	3	1	0	0	0	2	2	2	4	2	1	0	4	1	3	0	1	4	3	0	0	0	3	1	3	6	3	3	3	1	1	0	0	0	3	0	1	1	2	0	2	2	1	0	0	0	1	2	3	0	0	2	0	0	0	1	0	2	0	0	1	0	1	2	0	1	1	2	2	1	0	0	3	5	1	1	1	1	1	0	1	1	0	1	1	1	2	1	1	0	3	1	0	3	3	5	1	3	3	1	1	1	0	0	0	1	0	1	0	0	0	1	0	0	0	0	0	0	0	2	3	0	0	0	0	1	0	1	1	1	5	0	0	1	3	1	0	1	1	0	2	0	0	0	1	0	1	1	0	0	0	0	0	0	0	0	2	0	1	1	0	1	1	0	0	1	0	0	0	0	1	2	1	0	0	0	1	1	0	0	1	0	1	2	0	1	0	1	1	1	0	0	1	0	0	0	0	0	0	0	0	1	0	0	0	0	0
0	0	0	0	0	0	0	0	0	0	1	0	0	1	1	0	0	0	1	1	0	0	0	0	1	0	0	0	0	0	0	0	0	1	0	0	0	0	0	0	1	0	0	0	1	0	0	0	0	1	0	0	0	1	1	0	1	0	0	1	0	0	1	0	0	1	0	0	1	2	0	1	0	0	0	1	0	0	2	1	2	0	0	1	0	0	0	0	0	1	1	0	0	0	2	1	0	1	0	0	1	2	2	0	0	0	0	0	0	0	1	2	2	0	1	1	0	0	0	1	1	0	0	1	1	0	2	1	1	0	0	0	1	1	0	0	0	0	0	0	0	0	1	0	0	0	2	0	3	0	0	0	0	0	0	0	0	0	0	0	0	2	1	1	1	0	0	2	0	2	2	0	1	2	0	2	3	5	6	7	7	8	9	3	3	0	2	0	1	0	1	0	1	1	2	0	0	0	3	1	0	3	3	0	2	2	3	1	2	6	2	2	0	2	0	2	0	0	0	0	1	1	1	3	1	7	3	2	0	1	1	1	1	2	1	5	2	0	1	1	2	2	1	0	2	2	0	1	1	0	1	2	2	5	9	4	5	2	7	5	17	10	7	16	21	27	5	15	13	8	18	11	29	0	57	34	11	5	3	9	4	4	4	3	1	1	0	6	7	5	7	3	2	3	0	2	6	6	3	0	1	2	3	2	2	1	4	1	2	5	6	2	1	3	1	3	1	0	1	0	1	0	3	0	3	0	0	0	0	1	1	0	0	1	0	1	0	0	0	0	0	3	2	1	0	2	1	2	0	3	0	0	1	3	1	4	1	2	1	2	1	1	2	1	1	0	2	0	1	0	0	2	4	0	2	5	2	6	8	2	3	4	0	1	0	0	0	1	0	1	0	0	0	0	0	0	0	0	0	0	0	0	0	1	0	1	0	2	2	0	2	3	2	1	2	0	2	2	3	0	2	0	0	1	1	1	0	2	0	0	0	2	0	0	0	0	0	0	0	0	1	1	0	0	0	0	0	1	0	0	0	0	0	0	0	1	1	0	0	0	1	0	1	0	0	1	0	2	0	0	1	0	0	0	1	0	1	0	1	0	1	0	0	0	1	0	0	0	0
0	0	0	0	0	0	0	0	0	1	0	0	2	1	1	0	1	0	1	1	0	0	1	0	1	0	1	1	0	2	1	0	0	0	0	1	0	0	0	0	1	2	0	0	0	1	0	0	0	0	0	0	0	1	0	1	0	0	1	0	1	1	0	0	0	0	1	1	1	0	1	0	0	0	0	0	2	0	0	1	0	2	3	0	2	1	1	1	0	1	0	0	0	1	2	2	1	0	0	1	0	0	0	1	1	0	1	1	0	1	1	1	1	0	0	1	0	1	1	0	0	1	1	0	1	0	1	1	0	1	0	0	2	0	0	0	0	0	1	0	0	0	1	2	1	2	0	1	0	0	0	1	0	0	1	0	1	0	0	1	2	0	1	0	3	2	3	1	2	4	2	6	0	4	1	7	0	4	3	7	11	6	8	7	5	4	3	0	1	0	2	2	0	0	1	3	0	2	0	1	2	2	2	1	1	2	2	3	4	7	1	4	1	1	0	0	2	0	1	2	0	0	1	2	1	7	3	5	1	0	2	1	1	2	2	3	1	0	1	0	1	1	0	0	1	0	0	2	1	2	0	0	2	8	9	7	2	8	3	4	5	4	3	17	5	15	8	12	6	4	6	11	16	57	0	36	10	2	0	6	0	1	3	1	0	0	0	1	6	5	3	0	3	3	4	1	7	1	1	1	1	0	1	1	3	3	4	2	4	1	2	2	1	1	1	2	0	0	0	1	0	4	0	0	0	2	0	1	0	0	0	1	0	1	1	1	0	2	1	2	2	1	1	1	0	1	4	1	1	1	2	2	2	0	2	2	0	1	1	1	0	2	1	1	0	1	1	1	0	2	2	3	4	0	2	3	3	5	5	5	0	3	0	1	0	1	1	1	1	0	1	0	1	1	0	0	1	1	0	1	1	0	0	1	0	1	0	2	0	1	1	0	0	1	0	2	3	1	0	1	2	1	2	0	0	0	1	1	1	0	0	0	0	2	0	0	0	0	0	1	0	0	0	1	0	0	1	3	1	0	1	2	0	1	1	0	0	0	0	0	0	0	1	0	0	1	0	1	0	0	0	1	1	0	0	0	0	0	0	0	0	0	0	0	0	1	0	2	0
0	0	0	0	0	0	0	1	0	0	0	0	0	0	0	0	0	0	0	1	0	0	0	2	0	0	1	0	0	0	0	0	0	1	0	1	0	1	0	1	0	1	0	0	0	0	0	2	1	0	0	0	0	0	1	2	0	0	2	1	5	2	0	0	2	0	3	0	2	1	1	1	0	1	1	1	1	0	1	1	2	3	3	1	0	1	1	4	0	1	2	1	1	0	3	1	2	1	1	3	0	1	0	0	3	1	1	0	1	2	1	1	2	2	2	0	1	0	0	0	2	0	0	1	2	0	0	0	1	0	0	1	1	1	0	0	0	0	0	0	1	1	0	1	1	1	1	3	0	1	3	0	1	0	0	1	0	0	0	2	2	1	0	0	1	4	4	0	2	1	4	3	1	3	2	1	3	2	5	8	9	20	23	7	6	9	4	3	3	3	1	1	4	3	0	5	0	0	1	3	2	1	0	2	1	2	6	7	7	9	11	1	1	2	2	1	0	1	1	0	1	0	3	3	1	2	1	3	2	0	1	0	0	4	1	2	1	2	2	0	2	0	0	2	0	0	0	2	0	1	4	0	3	11	7	7	1	1	11	9	9	5	6	7	5	25	41	8	12	16	7	10	9	34	36	0	26	6	10	11	1	5	4	2	2	1	1	5	6	14	5	0	0	0	2	4	3	3	3	1	1	1	3	0	2	5	3	5	9	3	6	3	1	1	4	0	1	1	1	3	2	2	2	1	0	1	2	1	1	0	1	0	0	0	0	1	2	0	3	0	1	6	3	1	0	2	1	0	2	1	1	1	3	2	1	3	2	1	1	3	0	0	2	0	1	0	1	0	1	0	0	2	6	4	3	3	5	6	5	3	3	1	2	3	1	2	1	1	0	2	0	0	0	0	0	0	1	0	1	0	0	1	1	0	1	0	3	1	1	0	2	1	0	0	2	0	0	1	0	0	3	0	1	0	1	0	0	0	0	0	1	0	0	0	1	0	1	0	0	0	1	1	2	2	0	1	0	1	0	2	1	0	1	2	0	0	0	0	0	0	0	2	0	0	0	0	1	2	2	1	1	0	0	0	0	0	0	0	1	0	0	0	0	1	0	0	0	0	2
0	0	0	0	0	0	0	1	0	1	0	0	0	0	0	2	1	2	1	0	0	0	1	0	0	2	0	0	1	0	0	0	0	1	0	1	0	0	0	0	0	1	1	2	1	1	1	0	0	0	0	0	0	1	1	0	1	0	0	0	2	2	0	1	1	0	0	1	0	1	0	0	1	1	0	2	1	2	0	0	0	2	0	1	0	1	1	1	0	0	1	1	1	1	0	1	1	0	0	1	2	0	0	0	0	2	1	0	0	0	0	0	2	0	1	0	1	0	0	0	1	0	0	1	0	1	0	1	2	0	0	1	0	0	1	2	0	0	0	1	0	0	0	0	0	0	0	0	1	0	0	0	0	0	0	0	1	1	0	0	0	3	1	3	0	0	4	1	0	0	3	0	2	2	1	2	1	1	6	2	4	7	10	6	6	2	4	3	0	3	2	1	1	0	2	0	0	1	1	1	0	3	0	2	2	3	8	6	3	6	5	3	4	0	1	0	0	0	0	1	0	1	0	4	3	4	2	0	1	0	1	1	1	0	0	3	2	2	4	2	4	0	2	1	1	0	2	2	1	2	3	4	5	2	7	3	1	3	6	10	17	13	17	20	10	14	82	52	29	20	17	10	5	11	10	26	0	26	11	31	11	5	4	6	1	2	0	4	12	26	8	6	2	1	3	5	10	6	6	2	0	1	0	1	2	13	10	5	8	14	1	1	5	1	2	2	0	1	2	0	3	2	0	1	0	0	1	0	0	0	1	0	0	0	1	0	1	2	0	1	0	3	3	1	5	4	2	2	1	3	1	2	3	3	1	7	0	1	1	3	0	0	1	2	2	4	0	0	0	0	4	4	6	3	3	0	2	5	2	2	5	1	3	0	0	1	0	0	0	1	0	0	0	1	0	1	0	1	1	0	0	1	2	1	0	0	0	0	0	0	1	1	0	0	2	5	5	1	2	3	3	1	1	1	1	0	1	1	0	2	0	1	0	1	0	0	0	2	0	0	0	1	1	1	2	0	0	0	2	1	0	0	1	0	1	0	0	0	0	0	0	2	0	1	1	0	1	0	0	1	0	1	0	0	0	1	0	2	0	0	0	0	2	0	2	0	0	0	0
0	0	0	0	0	0	0	0	0	0	0	0	0	0	1	0	0	0	0	0	0	1	1	0	1	0	1	2	0	1	0	0	1	0	0	1	2	1	0	0	0	1	0	1	0	0	0	0	1	0	1	1	0	0	0	0	1	1	0	1	0	0	1	0	0	0	1	1	0	0	1	0	0	0	0	1	1	1	0	0	0	0	2	0	1	0	2	1	0	1	0	0	2	1	0	0	2	0	2	0	1	0	0	0	1	1	1	2	2	3	3	1	3	0	1	1	2	1	2	1	0	0	0	2	2	0	0	1	2	0	1	3	1	0	0	1	0	1	0	0	1	0	1	1	0	0	1	1	0	1	0	0	0	1	0	0	2	0	0	0	1	1	2	0	1	1	0	1	1	0	4	0	1	0	0	1	3	1	1	4	3	4	7	7	5	4	5	3	0	3	0	1	2	0	0	1	1	0	2	5	0	6	1	2	1	2	5	3	2	5	16	7	5	3	0	0	0	0	0	0	3	3	2	3	3	3	1	0	2	1	1	1	2	1	1	2	1	3	4	1	1	1	0	0	1	0	2	2	0	6	7	5	6	2	2	0	0	1	5	3	6	13	17	6	5	8	25	31	9	16	8	6	4	5	2	6	26	0	15	49	41	20	9	13	3	2	3	17	35	12	23	9	4	0	18	15	12	8	11	5	3	2	2	1	3	5	27	7	5	10	1	3	0	5	1	0	1	1	0	1	1	0	0	1	0	0	3	0	0	1	2	0	0	0	0	0	0	0	1	4	2	3	2	4	4	2	4	2	2	3	2	4	6	9	10	18	2	0	2	2	3	2	2	3	2	1	2	1	7	2	8	7	2	2	4	2	3	5	4	1	3	3	2	1	1	0	1	1	2	0	0	0	2	1	1	0	0	1	0	0	0	0	0	0	1	0	0	0	1	5	1	2	4	2	1	2	4	1	1	2	2	1	1	0	0	0	1	1	1	0	0	1	0	1	0	0	0	0	0	1	0	1	0	1	1	1	0	2	0	1	1	0	1	0	1	0	1	1	1	0	0	0	1	0	1	2	0	0	0	1	1	0	0	1	0	0	0	0	2	1	0	1	0	0	2	0	0	1	1
0	0	0	0	0	0	0	0	0	0	0	1	1	0	0	0	0	1	0	1	0	0	1	1	2	2	0	1	1	1	1	0	0	0	0	0	1	0	0	0	1	1	0	0	2	0	0	0	0	0	0	0	1	0	0	3	2	2	0	2	2	1	1	1	1	1	2	4	2	1	0	0	1	1	0	1	0	2	1	1	1	1	0	1	1	0	0	1	1	2	1	1	2	3	4	2	1	1	0	2	1	1	0	1	1	0	0	1	0	0	1	0	4	1	0	1	1	0	1	0	1	1	0	0	0	0	2	0	3	3	0	1	1	1	0	2	0	0	0	0	1	0	3	0	1	1	0	1	1	1	0	1	1	0	1	1	0	2	2	0	3	2	2	1	3	2	3	3	2	2	2	1	1	2	1	0	1	3	4	2	2	11	29	29	5	9	8	5	3	1	0	1	0	2	1	1	1	0	3	2	5	8	3	4	4	4	51	23	8	18	12	18	8	3	4	1	0	2	1	0	0	5	3	11	7	17	7	4	8	1	1	2	2	1	0	3	1	4	4	6	3	2	0	1	1	3	1	1	3	2	6	9	7	8	5	1	3	2	7	6	11	3	0	4	3	7	24	9	4	9	1	2	1	3	0	10	11	15	0	26	5	3	4	4	4	1	0	10	16	8	8	2	0	1	7	9	45	18	9	10	4	2	7	1	2	9	11	1	7	4	0	1	2	4	2	2	0	0	1	2	1	1	2	3	1	0	0	0	0	1	1	1	1	0	2	0	1	2	1	1	1	2	5	2	6	1	4	1	2	0	1	2	2	3	3	6	0	1	4	2	2	0	1	3	1	0	0	1	1	0	3	3	3	4	5	2	5	2	4	4	1	2	0	0	1	0	0	0	0	1	2	0	1	1	0	1	0	0	0	1	1	0	2	1	0	1	1	1	0	2	2	2	1	2	0	0	3	1	0	0	5	1	2	1	1	0	1	0	2	0	0	0	0	0	0	1	1	0	0	2	1	1	1	3	0	1	0	3	1	1	0	1	3	2	0	0	0	0	0	1	1	0	1	1	0	1	4	0	0	2	0	0	0	0	1	1	0	0	0	0	0	0	0	0	0	0	1	0	0
0	0	0	0	0	0	0	1	1	0	0	1	1	0	0	0	1	1	0	0	0	1	1	0	0	0	0	0	1	1	0	0	0	0	0	0	0	0	0	0	0	0	0	2	0	0	0	0	0	0	0	0	1	0	0	0	0	2	1	0	0	0	1	1	1	0	1	1	2	0	0	0	0	2	1	0	0	0	0	2	0	1	1	1	1	0	2	2	3	1	0	1	2	1	1	2	1	0	0	1	2	1	0	0	0	0	0	0	0	1	2	0	4	1	0	4	1	1	1	0	1	0	0	2	0	1	0	1	1	0	4	0	1	0	2	0	0	1	1	0	0	0	0	1	4	1	2	3	1	0	1	1	2	0	1	0	0	0	1	2	2	0	3	1	0	2	2	0	3	2	2	2	1	4	4	2	2	0	3	2	4	2	9	7	6	1	3	0	1	0	1	1	0	1	0	2	2	0	2	3	3	4	3	3	2	8	17	6	2	5	6	8	5	2	0	1	0	0	0	0	1	2	5	6	2	9	6	3	1	0	2	0	2	2	3	0	4	2	1	0	3	0	3	1	2	1	0	1	4	0	9	3	7	7	2	1	0	1	6	6	5	6	2	5	1	5	38	9	16	9	5	3	3	9	6	11	31	49	26	0	14	11	5	6	3	6	7	15	18	10	18	12	5	2	12	18	66	16	17	9	1	2	5	2	1	12	6	4	3	1	1	2	0	2	1	1	1	4	1	0	3	6	1	2	2	0	0	0	1	0	0	0	1	0	2	0	0	2	1	1	3	5	1	3	4	1	1	1	1	1	1	2	5	4	3	10	1	2	2	2	3	2	0	0	0	1	0	1	1	1	6	3	4	2	0	3	2	6	8	1	1	5	0	1	2	0	0	1	0	0	0	0	0	0	1	0	0	0	0	0	0	0	1	0	3	1	0	0	2	3	1	0	1	1	0	0	3	1	1	1	2	0	2	0	2	1	0	0	0	0	0	0	0	0	2	1	0	0	2	1	0	1	1	0	0	0	1	3	1	0	1	1	1	0	1	2	0	0	0	0	0	2	2	2	0	3	1	2	1	0	0	0	0	0	1	0	0	0	0	0	0	0	1	0	1	1	0	0	1
0	0	0	0	0	0	0	0	0	1	1	3	0	0	0	0	0	0	0	0	0	0	1	0	0	0	1	0	0	0	1	1	2	1	0	0	0	1	0	0	0	0	0	0	0	1	0	0	1	1	0	0	0	0	0	0	0	0	3	0	0	0	0	0	1	0	0	0	0	0	2	0	1	1	0	0	0	1	0	0	1	0	2	0	1	2	0	1	1	0	0	0	1	1	0	1	0	0	1	1	0	1	0	1	1	1	1	0	1	0	1	0	1	1	2	3	0	1	1	1	2	1	1	0	0	1	1	0	1	0	1	0	2	1	0	1	0	1	0	1	0	2	1	3	0	1	0	0	1	0	0	0	0	0	0	1	0	2	1	0	0	2	0	2	0	0	0	2	0	0	0	1	1	1	0	2	2	2	1	0	2	0	6	5	3	2	2	1	1	0	1	2	0	1	0	2	0	1	1	0	2	1	2	3	1	2	2	4	1	4	9	5	2	3	0	0	1	0	0	0	2	1	1	2	2	3	2	1	1	1	1	0	1	0	0	1	7	4	2	1	4	1	0	1	3	1	1	1	1	0	5	1	3	2	1	2	1	0	3	1	4	8	8	7	1	2	4	15	16	9	7	2	3	4	0	1	11	41	5	14	0	441	42	8	5	9	5	37	27	12	14	14	7	4	30	15	13	12	9	10	3	1	3	0	5	16	11	6	5	4	3	4	2	2	0	1	3	3	0	1	2	0	0	1	2	1	1	0	0	0	0	0	3	3	2	1	1	0	0	3	4	2	3	5	2	4	0	3	3	4	3	4	7	7	8	19	4	5	1	8	3	0	0	0	3	5	1	1	7	11	12	7	5	2	4	2	2	4	2	0	0	1	2	2	0	1	1	1	0	0	1	1	1	1	1	0	0	0	1	0	0	1	0	1	0	1	0	0	2	1	4	2	2	2	0	2	5	1	1	3	2	1	1	0	3	2	2	2	0	2	1	1	0	0	0	0	0	0	0	0	0	1	1	2	1	0	4	0	4	1	0	1	0	0	2	1	1	0	0	0	1	1	2	0	2	5	0	1	0	0	0	0	2	0	1	0	1	0	0	1	2	1	2	0	1	0	1	0	1
0	0	0	0	0	0	0	0	2	0	0	0	0	1	0	0	0	1	0	0	1	0	0	2	0	1	0	0	1	0	0	0	1	0	0	0	0	0	0	1	1	0	1	0	1	0	0	0	1	0	2	0	0	1	0	1	0	0	0	0	1	0	0	1	0	0	0	2	0	1	0	0	0	0	0	0	0	0	0	0	1	0	1	0	0	1	0	0	0	0	1	1	0	0	0	1	0	0	1	1	0	2	0	0	0	1	0	0	0	2	0	0	2	0	0	1	0	0	1	1	0	0	0	0	3	1	0	0	1	0	1	0	1	1	1	0	0	0	0	0	1	2	0	1	1	1	0	0	0	0	1	0	0	1	1	1	0	1	0	0	1	0	0	2	1	1	0	1	0	0	0	3	1	1	1	1	1	0	0	1	2	1	5	6	4	2	0	0	1	1	0	0	0	0	1	1	0	2	1	3	2	3	1	2	0	1	3	3	4	5	5	1	3	1	0	0	0	2	0	0	0	1	0	3	1	4	0	0	1	1	0	1	1	2	0	3	4	1	3	5	5	3	1	0	0	0	0	2	1	2	12	3	2	1	3	0	2	2	2	3	6	4	7	5	5	2	5	5	10	4	3	1	2	4	1	5	5	20	3	11	441	0	96	15	10	10	6	30	21	6	9	17	10	4	23	10	12	9	10	6	4	4	4	0	3	10	14	3	2	4	1	3	2	2	2	1	4	0	2	1	3	3	0	1	0	1	0	0	0	0	1	1	1	0	1	0	4	2	4	1	2	4	3	7	1	1	3	1	3	4	5	1	8	10	15	21	1	6	2	7	3	1	0	2	5	3	0	0	11	7	7	6	3	2	1	3	2	3	1	1	1	1	2	2	0	1	0	2	0	1	0	0	1	1	0	0	0	0	1	0	0	0	0	2	1	3	0	1	1	1	2	1	1	2	2	4	5	3	0	1	3	1	2	0	0	0	0	0	0	0	1	0	0	0	0	0	1	0	1	0	1	2	0	0	2	0	0	1	2	1	0	1	0	0	2	1	1	0	2	1	0	1	0	1	2	0	0	1	0	0	0	1	2	1	1	1	0	0	2	0	0	1	0	1	0	0	1	0	1
0	0	0	0	0	0	0	0	0	0	1	0	0	0	1	0	0	2	0	0	0	0	0	1	0	0	0	0	1	1	0	1	1	0	0	0	0	0	0	0	0	0	0	0	1	0	1	0	0	0	1	0	0	0	0	0	1	0	0	0	1	2	0	0	0	1	0	0	0	0	0	0	1	2	1	0	0	0	1	0	0	0	0	0	0	0	0	0	0	0	2	1	1	0	0	0	2	1	0	0	1	1	0	0	0	0	0	0	0	0	1	0	1	2	3	1	1	2	0	0	0	0	0	1	0	0	0	0	0	1	1	2	0	1	0	0	1	1	1	1	0	2	2	1	0	0	0	1	0	0	0	1	0	0	0	0	0	0	0	0	0	0	1	1	1	1	0	3	0	0	2	1	1	0	1	1	0	1	0	0	0	0	4	4	3	4	0	0	0	0	0	0	0	0	0	0	2	1	0	1	3	2	1	1	1	6	1	3	1	2	5	6	1	5	1	0	1	0	0	0	0	1	3	2	2	2	1	3	4	0	2	0	0	2	1	2	9	1	5	5	5	2	2	3	3	0	0	3	2	2	6	8	3	1	2	1	1	0	2	0	5	5	8	2	9	4	4	4	5	5	2	4	3	4	3	4	4	9	4	5	42	96	0	26	21	12	20	36	9	8	3	7	18	4	26	10	9	5	8	7	6	1	5	3	8	7	9	4	7	4	4	2	3	4	2	0	0	3	1	2	1	0	1	0	1	1	0	0	1	1	0	0	0	0	2	1	2	1	1	2	2	2	0	8	9	3	3	3	1	0	4	3	4	10	14	9	2	6	6	3	0	1	0	1	2	1	1	2	0	14	18	5	1	2	4	1	0	4	1	4	0	0	1	0	0	0	2	1	0	0	0	1	0	2	0	0	1	0	0	0	1	0	1	0	0	0	2	2	1	2	4	1	2	1	1	0	3	2	0	3	3	2	1	2	1	1	1	1	0	0	0	3	1	1	1	0	0	1	2	0	0	0	2	1	3	1	0	0	1	0	0	0	0	0	0	1	0	1	0	1	0	1	0	0	1	1	2	0	1	1	2	2	0	2	0	0	1	2	0	0	0	0	0	0	2	0	0	0	0
0	0	0	0	0	0	0	0	0	0	0	0	0	0	0	2	0	0	0	0	0	0	0	1	1	0	0	0	0	0	0	1	0	1	0	0	0	0	0	0	2	0	1	0	0	0	1	0	1	0	0	0	0	0	0	0	1	0	0	0	1	2	2	0	0	0	1	0	0	1	0	1	4	0	0	0	0	1	0	0	0	2	2	0	0	1	0	1	0	1	0	1	0	0	3	1	1	0	2	0	0	0	0	0	1	0	0	0	2	1	2	0	2	3	1	2	1	1	0	0	0	0	0	0	0	0	2	0	1	0	3	2	3	0	1	1	0	0	0	0	1	1	0	1	1	2	3	3	2	0	0	1	1	1	0	0	1	0	0	1	2	0	1	1	3	2	3	0	1	3	3	0	1	1	1	0	0	0	0	0	1	2	1	3	3	1	0	3	3	1	2	0	0	0	1	0	2	0	3	2	2	1	1	0	2	1	1	4	1	2	5	6	9	1	0	0	0	0	1	1	0	2	0	2	1	2	3	2	1	0	0	1	0	1	6	3	14	6	6	10	5	3	1	1	7	1	1	2	3	3	8	3	3	3	2	2	1	4	4	1	3	5	1	2	1	1	3	2	1	1	4	1	1	3	1	2	6	13	4	6	8	15	26	0	207	37	23	20	7	1	4	11	50	15	18	3	4	9	23	10	4	3	1	2	1	4	9	2	2	3	2	1	3	7	1	2	3	0	1	0	3	0	0	3	1	0	2	3	0	1	0	0	0	2	1	0	1	1	4	2	5	5	22	16	8	6	2	1	2	0	3	5	7	7	17	5	4	14	5	8	5	1	0	1	0	2	3	0	5	7	27	5	4	2	2	1	3	1	1	1	1	0	2	1	0	0	0	0	0	1	0	0	0	3	0	0	0	0	0	0	2	1	0	0	4	1	0	0	1	1	0	0	4	2	1	2	3	2	2	1	1	2	6	4	3	2	2	1	1	0	0	1	0	1	0	0	0	2	0	1	1	3	1	0	0	2	2	2	3	0	1	3	0	0	1	2	0	1	1	3	2	0	0	2	2	1	1	0	1	0	0	0	0	0	0	0	0	1	0	0	1	0	1	1	0	0	0	1	0
0	0	0	0	0	0	0	0	0	0	1	2	0	0	0	4	0	0	0	0	0	1	0	2	0	0	1	1	0	1	1	0	0	0	0	0	0	0	0	0	1	0	0	1	0	0	0	0	0	0	0	0	0	0	1	0	0	0	0	1	0	1	3	0	1	0	0	0	1	1	0	1	1	1	0	0	0	0	0	0	0	0	0	0	0	0	1	0	1	0	2	1	2	0	0	0	2	0	0	1	0	0	1	0	2	0	0	0	0	0	3	1	1	3	3	2	1	1	1	1	0	0	0	0	0	2	1	0	1	0	0	1	1	1	0	2	2	0	1	3	0	0	2	4	1	4	1	2	5	1	0	0	0	0	2	0	0	0	1	1	0	0	0	0	4	0	1	2	0	1	1	1	2	1	2	1	1	1	0	1	3	1	3	1	1	1	1	1	0	0	1	0	1	0	1	1	0	0	1	1	1	0	1	1	3	4	3	2	3	2	4	2	3	9	1	1	0	1	0	0	2	2	3	1	0	4	0	5	0	0	0	0	1	3	1	2	13	10	6	6	8	3	5	1	2	0	0	3	2	1	8	2	0	1	2	0	1	1	1	1	1	3	3	2	0	0	1	8	0	1	4	1	0	1	0	2	1	3	4	3	5	10	21	207	0	25	31	11	8	5	3	12	71	28	13	2	5	5	13	15	5	5	2	2	2	5	6	5	6	1	2	4	11	2	0	3	1	0	1	0	0	4	2	2	0	1	0	0	1	0	1	0	0	0	0	3	1	0	0	2	7	10	7	18	8	3	6	4	2	1	4	6	7	12	12	2	0	6	11	9	4	0	1	2	2	3	1	0	5	2	22	2	3	3	6	2	1	1	0	1	0	2	1	0	1	1	1	0	0	0	0	0	0	0	0	0	0	1	1	0	0	0	1	2	0	1	2	0	2	1	0	3	2	3	2	2	2	2	2	4	2	3	3	3	1	2	1	1	2	2	0	0	1	0	0	0	0	3	0	1	2	0	0	0	1	0	2	1	6	3	1	1	0	2	0	0	1	0	0	0	1	0	1	1	0	1	2	1	1	1	1	0	1	0	0	0	0	0	0	0	0	0	2	0	0	0	1	0	0
0	0	0	0	0	0	0	0	0	2	0	2	0	0	0	0	0	1	1	1	0	0	0	1	0	0	0	0	1	1	0	0	0	2	0	0	1	0	1	0	0	0	0	0	2	0	1	0	0	0	0	0	0	0	0	1	0	1	0	1	0	1	0	1	0	0	0	1	0	0	0	1	0	0	0	0	1	1	0	1	0	1	1	0	1	1	0	0	0	1	1	2	1	0	0	1	0	0	0	0	0	0	0	0	0	2	0	0	0	1	0	1	0	2	1	3	4	1	0	0	0	2	0	2	0	1	0	3	1	0	0	1	0	1	2	2	0	0	0	1	0	1	0	0	1	3	0	1	1	0	0	2	0	0	0	0	0	0	1	1	0	0	0	0	0	0	0	1	1	0	1	0	1	3	3	2	0	0	0	2	0	1	1	1	0	3	0	0	1	0	0	0	1	0	0	0	0	0	1	0	0	1	1	0	1	3	3	4	1	0	1	4	3	1	0	0	1	2	0	1	3	0	0	3	2	4	2	0	3	2	0	1	1	0	1	3	10	4	7	15	9	5	3	6	1	1	1	0	2	6	3	3	2	0	0	1	0	0	2	2	0	1	3	3	1	2	2	0	4	1	1	3	0	1	0	1	2	2	1	6	9	10	12	37	25	0	26	17	0	1	4	7	16	11	16	2	8	2	4	6	2	1	5	3	4	8	6	0	1	0	1	3	2	2	1	1	3	2	1	1	0	0	0	1	1	1	0	0	1	1	0	1	0	0	1	2	0	1	0	4	2	3	3	4	0	4	1	2	1	1	2	2	2	7	9	3	3	5	3	6	1	3	0	2	2	1	0	0	3	5	8	3	4	1	2	3	2	2	2	0	0	0	0	1	0	2	0	0	0	0	0	0	0	1	0	0	1	1	0	0	0	2	2	1	2	1	1	1	0	2	0	0	2	0	1	1	3	1	3	2	2	1	10	2	3	1	2	0	1	1	0	1	0	0	0	1	0	0	1	0	0	1	0	0	2	1	1	2	3	0	0	0	1	0	0	0	1	2	0	0	2	0	3	2	3	1	1	0	1	1	1	0	1	2	0	0	1	0	0	0	0	0	0	0	0	0	1	0	1
0	0	0	0	0	0	0	1	0	0	2	0	0	1	0	0	1	0	0	0	0	0	0	0	1	0	1	0	0	0	1	1	0	2	0	1	0	0	1	0	1	0	0	0	0	0	0	0	0	0	1	0	0	0	0	1	0	0	0	1	0	0	0	0	0	1	0	1	0	0	1	0	0	1	0	0	0	1	0	1	1	0	0	0	0	1	1	1	1	1	0	1	2	2	0	4	1	0	1	0	0	1	0	0	0	0	0	0	1	1	1	3	1	3	3	1	2	0	0	1	0	1	0	0	0	1	3	0	1	0	2	1	2	1	1	2	0	0	1	0	1	0	0	3	1	3	2	2	3	1	1	1	0	0	0	0	0	0	1	2	0	0	1	0	1	0	1	2	0	1	1	1	0	0	0	2	1	1	0	1	0	2	0	3	2	1	1	0	1	1	1	0	1	1	2	0	0	2	3	1	2	0	1	1	3	9	5	3	2	6	2	5	2	6	0	1	1	0	1	0	1	0	1	3	4	2	2	4	1	0	2	1	0	0	2	1	11	10	7	22	14	6	5	8	5	2	2	2	3	7	16	8	2	1	0	2	1	2	4	0	1	0	3	1	1	3	3	3	2	6	1	0	0	0	0	1	0	3	0	7	5	6	20	23	31	26	0	21	8	4	0	5	11	12	30	2	4	14	11	23	8	4	7	4	11	8	2	1	0	1	2	0	1	2	1	2	1	2	2	0	0	2	0	0	0	1	2	0	0	2	1	0	1	0	1	4	1	3	7	3	9	4	13	6	6	4	0	1	1	1	2	3	2	6	4	3	2	7	5	2	0	0	1	1	0	0	1	1	1	3	10	5	2	1	2	4	0	2	1	1	1	1	1	0	0	0	1	0	0	1	1	0	1	0	0	0	0	0	0	0	0	0	0	0	3	2	0	0	1	1	3	2	0	2	1	1	0	0	1	0	1	0	2	1	2	1	2	0	0	0	0	1	2	1	0	0	2	0	0	1	1	2	0	0	1	0	1	1	1	1	0	0	0	2	0	1	0	0	0	1	2	0	0	1	1	0	0	1	1	1	0	0	0	0	1	0	0	0	1	0	0	0	0	0	1	0	0	1	0
0	0	0	0	0	0	0	0	0	1	1	1	0	0	1	1	2	1	0	1	1	0	0	2	1	0	1	0	0	0	0	0	1	1	0	0	1	0	0	0	0	0	0	0	0	0	0	0	0	1	0	0	0	0	0	0	0	0	1	0	1	1	0	1	0	1	2	2	1	0	1	1	2	1	0	0	0	0	0	0	0	0	0	0	0	1	0	1	0	0	1	0	0	1	0	2	0	2	1	1	0	1	0	0	0	0	0	1	3	1	2	4	0	2	0	0	2	0	1	0	2	0	0	1	1	0	1	0	1	3	0	1	1	1	1	0	1	0	0	0	0	2	0	3	0	1	2	1	2	1	5	0	0	0	0	0	0	0	0	0	1	1	2	0	0	1	0	1	1	4	0	1	2	0	1	2	0	0	0	2	3	5	2	2	3	4	0	3	0	1	1	0	0	1	0	3	0	3	6	1	1	5	0	1	2	3	5	0	2	4	6	4	5	5	1	0	0	1	0	1	2	3	1	1	2	5	3	1	4	2	1	0	1	4	1	1	6	8	7	7	4	3	2	1	3	0	2	1	1	6	12	7	4	4	5	5	3	2	4	1	0	0	2	1	1	2	5	4	10	2	5	5	2	6	1	5	4	17	10	15	37	30	36	20	11	17	21	0	24	9	7	14	12	5	63	13	23	31	56	20	4	4	5	5	6	8	6	4	3	8	0	0	4	0	1	2	2	1	3	1	2	4	0	1	0	1	2	0	0	2	0	1	0	2	1	2	0	4	1	2	3	6	8	8	4	3	2	1	1	2	1	0	4	6	11	11	1	1	5	5	3	3	0	0	2	1	1	0	0	5	12	10	8	1	0	0	1	2	1	3	0	1	1	1	4	0	1	0	1	0	0	0	1	1	0	0	0	0	0	0	0	0	0	2	4	1	1	0	1	1	4	4	0	4	1	0	1	4	0	1	2	4	2	1	1	0	0	0	5	1	1	0	0	1	0	0	1	1	0	0	1	1	2	0	0	1	1	0	4	1	1	0	1	1	1	0	0	1	0	0	0	0	0	1	1	1	2	1	1	1	1	1	0	0	1	0	0	0	0	0	0	0	1	0	3	1	0	0	1
0	0	0	0	0	0	0	0	1	0	0	0	0	0	0	1	1	1	0	1	0	0	0	0	0	1	0	1	0	0	0	0	0	0	0	1	0	0	0	0	1	0	0	1	0	0	0	0	0	1	0	0	1	0	0	0	0	0	0	1	0	2	1	1	2	0	1	0	1	2	0	0	0	0	0	0	0	0	0	0	0	0	0	1	1	0	0	0	2	0	1	3	3	0	2	0	2	1	0	2	0	0	0	0	0	1	0	0	1	0	1	2	2	0	0	0	1	1	0	0	0	0	0	2	0	1	0	1	1	0	0	1	1	0	0	1	0	0	0	0	0	0	1	1	1	1	3	0	1	1	0	0	1	0	0	1	0	1	0	2	0	0	2	0	0	1	3	0	1	2	0	0	3	1	0	1	2	0	2	2	3	3	4	6	9	0	2	2	1	3	0	1	2	0	1	0	0	0	1	3	2	1	2	1	2	6	4	4	5	6	21	11	5	3	2	0	0	0	1	0	1	0	0	2	1	5	1	1	1	0	1	0	1	1	2	4	9	6	1	6	4	2	1	0	1	1	1	2	0	2	9	0	3	4	2	2	0	2	1	6	1	3	5	3	2	10	13	6	7	7	4	3	2	7	6	6	12	35	16	18	27	21	9	7	8	0	8	24	0	30	40	30	6	1	6	6	15	16	14	9	3	1	1	1	3	4	21	3	5	8	3	4	4	2	0	0	3	0	3	1	3	5	3	0	0	1	1	0	0	0	0	0	0	0	0	2	1	3	0	2	3	11	8	9	9	7	4	2	3	5	5	5	2	8	10	11	3	4	4	6	1	1	2	1	4	1	4	0	9	6	12	20	10	6	11	1	4	6	3	3	0	2	4	1	0	1	0	0	0	0	1	1	0	0	0	0	0	1	0	0	0	0	2	1	2	3	2	1	2	2	3	0	3	2	6	4	7	0	2	1	6	4	4	1	1	1	0	0	1	1	2	0	1	0	1	3	1	0	1	0	2	0	0	1	0	1	1	4	1	1	0	1	0	2	1	0	2	0	1	1	1	0	1	0	1	1	3	1	1	0	1	0	1	1	2	0	1	0	0	0	0	2	0	1	0	1	0	0	0
0	0	0	0	0	0	0	0	0	0	0	1	2	0	0	0	1	0	0	0	0	0	0	1	0	2	0	0	0	1	0	0	0	0	0	0	0	0	0	0	1	1	1	0	0	0	1	1	0	1	0	1	0	0	2	0	0	1	1	1	0	0	1	1	1	0	0	1	1	0	0	0	0	1	0	0	0	1	0	0	0	0	1	0	0	0	1	1	1	0	0	1	0	3	3	1	1	1	1	0	1	0	0	0	0	1	0	2	0	0	0	1	0	2	0	2	1	0	0	1	0	0	1	1	0	2	1	1	0	2	0	0	1	0	0	1	0	1	2	0	1	1	0	0	1	1	2	0	2	1	1	1	0	0	0	1	1	0	0	1	1	1	1	1	0	2	2	1	1	1	2	0	0	1	1	2	0	0	2	0	4	6	8	9	6	5	2	2	2	1	2	1	0	0	1	0	0	0	1	2	3	2	2	0	1	1	2	6	2	11	66	8	3	1	2	2	0	0	0	1	2	1	0	2	3	1	1	4	3	3	0	1	1	1	1	7	9	4	2	1	0	0	1	0	3	0	0	0	0	1	3	3	1	5	1	2	0	2	2	0	5	5	11	8	7	21	20	16	7	10	3	5	2	5	5	14	26	12	8	10	12	6	8	1	5	1	4	9	30	0	45	7	5	2	1	3	12	3	3	3	2	5	2	3	0	4	10	5	15	17	8	6	1	3	2	0	1	3	2	4	4	5	3	4	2	0	1	1	1	0	1	0	2	0	0	0	2	5	7	1	4	1	3	5	5	0	12	7	2	7	2	3	9	5	7	17	1	1	4	1	2	1	4	4	2	4	1	1	4	5	3	17	7	4	11	6	7	19	9	9	3	4	4	5	1	2	1	3	1	1	1	0	0	0	1	0	0	0	1	1	0	0	1	2	1	1	0	1	0	2	1	0	1	4	1	5	4	3	6	6	4	1	0	1	2	1	1	0	1	0	0	0	1	0	0	0	0	1	0	1	2	1	0	1	0	2	1	0	0	2	0	1	3	0	1	0	0	1	0	2	0	0	0	1	4	0	2	0	1	1	0	0	1	2	0	0	0	1	1	0	1	0	0	1	2	1	3	1	1
0	0	0	0	0	0	0	1	0	0	0	1	2	1	0	2	2	0	0	1	0	0	0	2	1	0	0	0	1	0	0	0	2	0	0	0	1	0	0	1	1	1	1	0	0	0	0	0	0	0	0	0	0	0	0	0	0	0	0	2	1	0	0	1	1	0	1	1	3	0	0	1	0	0	0	0	0	0	0	0	0	2	1	1	1	2	0	1	1	0	1	2	2	0	2	1	2	1	1	0	0	0	1	0	0	0	1	0	0	0	0	2	3	1	0	2	0	1	0	1	0	0	0	1	0	1	1	0	0	0	2	1	1	0	1	1	0	0	0	0	0	0	1	2	0	1	1	0	3	0	0	0	0	1	0	0	0	0	0	1	0	1	0	0	1	0	0	1	2	4	0	0	1	2	0	0	2	1	0	2	1	4	3	9	5	8	1	1	3	0	0	0	1	1	0	0	0	1	0	2	2	1	0	0	0	0	3	3	2	3	30	7	4	2	0	0	0	0	1	0	0	1	1	1	2	1	0	0	0	1	1	0	1	2	2	3	1	0	1	0	2	1	3	0	0	2	0	1	1	1	4	2	1	4	1	1	0	1	4	1	2	3	8	11	5	8	8	11	6	4	10	5	4	7	3	5	8	23	8	18	14	9	3	4	3	4	0	7	40	45	0	22	4	2	7	6	6	5	6	5	1	1	1	3	1	5	36	9	15	34	7	5	4	1	3	0	3	5	0	1	3	2	2	4	2	1	0	0	0	1	0	1	1	1	2	4	2	3	3	2	2	2	3	6	8	8	19	4	4	4	9	8	13	11	10	19	3	3	5	7	3	3	0	2	1	2	0	1	10	5	10	26	24	5	12	6	7	6	9	6	4	1	2	2	1	2	2	0	0	0	0	1	0	0	0	0	0	1	0	0	2	2	1	0	3	0	2	1	3	2	3	3	4	11	5	4	15	6	2	3	12	7	1	3	2	2	0	0	0	1	0	2	0	0	1	2	0	0	0	0	1	3	7	2	1	3	2	5	1	3	2	3	2	0	2	0	0	2	0	0	1	1	0	0	2	2	0	1	2	1	1	0	0	0	1	1	0	1	1	1	0	3	1	0	1	2	1	1	2
0	0	0	0	0	0	0	0	1	0	0	0	1	1	1	0	1	0	1	0	0	0	0	0	0	0	0	0	0	0	0	1	0	0	1	1	0	0	1	1	1	1	1	1	1	0	0	0	0	2	0	0	0	2	0	1	0	0	0	0	0	0	0	2	1	1	1	0	0	0	0	0	0	0	0	0	0	0	0	1	0	0	1	0	0	1	0	1	0	1	1	0	1	0	2	0	0	0	0	0	0	0	0	0	0	0	0	0	0	0	0	2	2	2	0	1	1	0	1	0	1	0	0	0	0	0	1	1	0	0	1	2	1	1	1	2	1	1	1	1	0	0	0	0	0	2	0	0	2	0	1	0	0	1	0	0	1	0	0	1	0	3	1	0	0	1	2	0	3	1	2	0	1	2	1	0	0	0	0	0	1	3	5	4	1	1	1	0	2	1	0	1	1	0	0	1	0	0	3	2	1	2	0	1	0	2	1	1	0	1	4	4	2	1	2	3	0	2	1	0	1	1	0	2	1	3	2	0	1	1	0	0	1	0	2	2	5	7	2	3	0	6	1	1	1	1	0	2	0	0	2	1	1	0	5	1	0	1	3	1	1	1	5	2	2	2	9	5	3	4	2	2	2	3	0	0	6	9	2	12	14	17	7	11	12	7	5	14	30	7	22	0	21	8	5	1	3	6	9	4	5	3	3	4	5	4	17	6	8	8	3	4	11	5	4	1	5	3	5	4	1	1	3	3	1	1	0	2	2	0	1	0	0	0	1	0	3	1	2	2	13	6	8	38	13	16	2	4	4	5	15	16	34	21	43	16	6	10	7	18	3	2	2	2	1	2	1	0	8	14	98	10	8	7	4	4	2	5	3	4	2	0	2	4	4	2	0	0	0	0	2	1	0	0	0	0	0	1	0	0	0	0	1	2	1	1	1	1	1	3	3	2	5	7	3	7	12	4	1	0	3	2	6	1	6	1	2	2	1	4	4	1	1	1	3	2	0	0	2	0	1	2	0	2	5	1	3	1	3	2	0	1	0	0	0	0	3	1	1	0	0	1	1	3	3	1	1	3	2	2	1	1	0	1	0	0	0	3	0	1	1	1	0	0	0	1	1	0	0
0	0	0	0	0	0	0	0	0	2	1	2	0	0	0	1	3	0	0	0	0	1	0	0	0	0	0	0	0	0	0	0	1	0	0	0	0	1	0	0	0	0	0	0	0	0	0	0	0	0	0	0	0	1	0	1	0	0	0	1	1	2	1	0	0	0	0	0	0	1	0	0	0	0	0	0	0	0	0	0	0	0	0	0	0	0	0	0	0	1	0	1	3	1	1	1	0	0	1	0	0	1	2	0	1	0	2	1	1	1	0	0	1	1	2	1	1	2	0	1	1	0	0	1	0	0	0	1	1	0	0	0	1	2	0	1	0	0	1	0	1	1	1	0	2	0	1	1	3	0	1	0	2	0	0	0	0	0	0	1	0	1	0	0	1	0	1	2	0	0	1	1	0	0	1	1	0	0	1	1	1	1	0	3	1	0	0	0	2	0	1	0	0	0	0	0	0	0	1	0	2	0	1	0	1	1	1	1	1	1	0	4	5	1	0	0	3	2	1	2	0	1	0	1	0	2	1	2	0	2	0	0	1	0	2	2	15	9	8	3	5	3	3	3	1	0	2	1	3	4	4	3	2	0	5	1	1	1	1	0	0	1	2	1	0	2	3	0	3	3	4	0	1	2	3	0	2	4	0	5	7	10	18	50	71	16	11	12	6	5	4	21	0	32	7	2	1	6	9	4	2	0	2	2	3	5	6	0	3	6	2	4	2	2	0	2	2	2	3	0	0	1	1	0	3	0	0	1	1	1	0	3	2	3	2	1	1	3	5	2	7	7	10	22	10	5	2	2	2	0	4	5	7	25	22	5	10	25	12	9	12	3	2	1	1	0	3	2	0	4	40	1	8	3	1	2	3	3	2	1	1	1	2	2	0	0	0	0	0	3	0	0	0	0	0	0	0	1	1	0	1	2	0	1	2	0	0	0	1	1	4	1	3	3	0	3	4	1	1	1	3	3	1	3	7	2	6	3	2	4	2	1	1	1	0	0	1	0	0	2	0	1	0	0	2	0	2	5	2	2	1	0	0	1	1	0	0	1	1	0	0	0	1	4	4	0	1	3	0	1	0	1	1	1	0	0	1	0	1	0	1	0	0	1	0	0	0	0	0
0	0	0	0	0	0	0	1	1	1	1	0	0	0	0	1	0	1	1	0	0	0	3	0	0	0	0	0	1	0	0	0	0	0	0	1	0	0	0	0	0	1	1	0	0	0	0	0	1	0	0	0	1	0	0	1	1	0	0	0	0	1	2	0	1	0	0	0	1	0	1	1	0	0	1	0	1	0	0	1	0	2	0	0	0	0	0	1	0	0	0	0	2	0	0	2	2	0	0	0	2	0	1	1	0	0	1	0	0	0	0	0	4	1	2	2	0	0	2	1	0	0	1	0	0	0	0	1	1	0	4	2	2	0	0	0	0	1	1	0	0	0	2	2	2	0	1	1	0	0	0	0	2	1	0	0	0	0	0	1	1	1	0	0	1	0	1	0	1	1	1	0	1	0	0	0	0	0	0	2	2	1	3	1	2	2	2	0	2	1	0	0	0	1	0	2	0	3	1	0	1	0	0	0	0	5	2	1	2	2	4	2	3	2	0	1	1	1	1	2	1	2	4	1	0	2	2	3	0	1	0	0	1	0	0	3	25	25	9	5	2	3	0	3	1	2	2	2	1	4	1	4	0	0	0	2	0	0	1	0	2	2	2	2	0	0	4	1	3	3	0	0	0	3	3	0	1	0	1	2	4	4	4	15	28	11	12	5	1	2	2	8	32	0	3	2	6	7	4	6	2	3	2	1	4	0	6	0	1	1	0	1	1	1	0	0	2	0	2	1	0	1	0	2	3	1	0	0	1	0	0	1	2	1	1	1	1	2	3	2	14	6	7	7	8	3	2	1	2	2	2	6	5	4	5	0	6	12	21	11	2	1	1	0	2	3	1	1	1	4	11	5	2	0	5	3	2	0	2	1	0	0	0	1	0	1	1	0	0	0	0	1	1	0	0	0	0	0	0	0	0	1	2	2	3	0	1	0	1	2	2	4	0	0	1	2	2	4	0	1	0	2	5	4	4	1	0	2	3	1	2	3	0	1	0	0	1	1	1	0	1	1	0	1	3	0	4	7	3	2	2	0	2	0	4	1	0	0	1	3	1	0	0	1	2	1	0	1	1	1	2	0	0	2	0	1	0	0	2	1	2	1	0	0	1	0	1	1	0
0	0	0	0	0	0	0	0	1	0	0	0	1	0	0	2	0	0	0	1	0	0	0	0	0	2	0	0	0	0	1	0	1	1	0	1	0	0	0	0	0	0	0	1	0	0	0	1	1	0	0	0	0	2	0	0	0	0	0	0	1	0	1	1	1	0	1	1	0	0	0	0	1	1	0	0	0	1	1	0	0	0	0	0	1	0	0	0	1	0	0	0	2	0	2	0	0	1	0	0	1	1	1	0	0	0	1	0	1	1	0	1	2	2	1	0	1	0	2	0	0	0	0	2	1	0	0	0	1	1	4	2	1	1	3	0	0	3	0	1	0	0	1	0	3	2	0	2	2	1	0	0	0	0	0	0	0	0	0	0	0	1	2	0	1	1	2	2	5	2	0	0	1	3	1	1	4	1	1	2	2	2	4	4	3	1	3	2	2	0	1	1	0	1	2	2	0	0	5	5	1	6	0	0	1	5	6	3	1	2	5	3	3	2	1	0	1	0	0	1	2	2	4	1	3	4	1	2	1	3	0	0	0	0	0	5	5	2	2	5	10	8	1	4	2	1	3	4	5	3	39	5	2	1	2	1	2	4	6	1	0	4	6	0	5	0	7	8	3	5	2	2	4	0	4	2	3	18	7	12	30	23	26	18	13	16	30	63	6	1	7	5	7	3	0	28	19	15	12	16	13	6	4	6	11	29	3	1	0	3	3	1	0	1	2	1	0	0	0	0	1	1	1	1	2	1	0	0	0	0	1	0	0	0	3	0	1	0	2	1	2	5	8	9	0	2	2	2	0	3	1	4	0	7	4	6	1	3	1	1	1	1	1	2	4	1	0	0	0	2	8	2	0	3	1	2	1	2	3	1	0	0	2	0	1	0	1	0	0	0	0	0	0	1	1	1	0	0	0	0	0	0	0	0	3	1	0	1	1	2	0	1	0	0	1	2	2	2	2	0	1	3	3	2	0	2	0	1	1	1	1	0	0	0	0	0	0	0	1	0	0	2	2	0	0	0	0	1	1	1	0	0	2	3	0	1	2	0	0	0	0	0	1	2	0	0	0	0	0	3	0	0	1	1	0	0	0	0	3	2	0	0	0	0	1	1	2	1	1
0	0	0	0	0	0	0	0	0	0	0	0	2	0	0	1	0	1	0	0	0	0	1	0	0	1	0	0	0	0	1	1	2	0	0	2	0	0	1	0	0	0	2	0	0	1	0	2	0	0	1	1	0	1	1	2	1	0	0	1	0	2	2	1	0	0	0	0	1	2	0	0	1	0	0	1	0	0	0	2	0	0	0	0	0	2	0	1	0	1	0	0	1	0	0	1	1	0	0	1	0	0	0	1	0	0	0	0	0	1	2	2	3	3	0	0	1	0	1	1	1	0	1	1	0	0	1	1	0	2	1	2	3	3	1	1	1	1	0	0	0	1	3	0	0	0	0	1	1	0	0	1	1	0	1	2	0	0	0	0	0	1	2	1	0	2	0	3	3	2	0	2	3	3	5	1	3	2	2	0	1	1	1	2	2	1	3	0	1	2	4	0	0	0	1	1	2	0	2	1	3	3	5	4	1	8	6	5	0	0	5	1	0	1	1	0	0	1	1	1	2	1	3	2	3	7	4	0	0	0	1	2	2	1	0	1	1	2	2	2	4	0	1	1	4	0	1	5	2	6	11	13	7	7	3	1	1	2	10	9	12	5	3	2	4	5	12	4	15	33	3	2	1	2	1	4	5	15	9	18	15	10	10	3	2	2	2	13	6	3	6	1	2	2	28	0	21	5	10	5	3	4	4	2	14	66	0	2	2	4	5	2	0	0	1	0	1	0	0	0	1	0	0	0	2	0	1	1	0	0	0	1	0	0	0	0	0	1	2	1	1	2	2	2	1	0	0	2	1	2	0	2	3	2	2	5	2	4	1	0	2	0	1	2	0	2	1	1	1	1	1	4	2	0	3	1	1	2	1	1	0	2	1	1	0	0	0	0	0	0	1	0	0	1	0	1	0	0	0	1	0	0	0	0	0	0	0	1	1	0	0	0	3	1	2	2	2	3	0	0	1	3	1	2	2	0	0	0	1	0	2	0	0	0	0	0	1	0	0	0	0	0	3	0	0	0	1	1	2	0	2	0	0	1	1	0	0	0	0	0	0	0	1	1	0	0	0	0	0	0	0	0	0	2	1	0	0	2	0	1	0	0	0	0	0	1	1	0	0
0	0	0	0	0	0	0	0	0	1	0	0	0	0	1	0	0	0	0	0	0	0	4	1	0	1	1	1	0	0	1	0	0	1	0	0	0	0	1	0	0	0	1	0	0	2	0	0	0	0	1	0	0	0	0	0	0	0	0	1	0	2	0	0	2	2	2	3	0	0	0	0	1	0	0	1	1	0	0	1	0	3	0	0	2	0	0	1	1	1	1	2	1	1	1	0	0	0	0	0	1	0	0	1	0	0	1	0	2	2	0	1	2	0	2	1	1	0	1	2	0	1	0	0	1	0	1	0	1	1	1	0	2	1	1	0	0	2	0	1	0	0	1	2	0	2	2	0	2	1	0	0	1	0	1	0	0	1	1	0	0	0	1	1	2	1	5	2	2	3	5	2	1	4	0	2	2	2	4	0	0	4	7	10	3	2	5	2	5	3	1	0	0	1	0	0	2	1	2	6	1	2	3	1	3	9	39	7	4	10	9	8	8	8	1	2	0	3	0	0	2	4	0	16	9	7	2	3	1	0	1	0	0	1	4	5	4	4	2	4	3	1	0	3	1	0	2	3	3	2	18	17	8	1	3	0	2	5	7	5	2	7	5	2	4	3	14	6	9	16	0	3	3	6	7	3	10	12	45	66	13	12	9	4	5	8	4	23	15	12	6	3	1	6	19	21	0	31	24	22	7	4	5	6	8	28	3	5	4	1	6	0	0	1	2	2	1	1	1	1	0	1	0	0	0	1	1	1	1	0	0	1	0	2	1	1	2	2	1	2	1	7	3	2	4	3	0	1	2	0	1	5	5	3	5	4	2	2	4	1	2	1	1	0	2	0	1	1	1	5	6	9	6	3	1	3	2	4	3	1	0	0	3	0	1	1	0	1	0	0	1	1	0	0	0	0	0	0	0	1	1	0	1	0	1	0	0	0	0	1	2	0	2	2	0	0	2	3	0	2	0	1	0	0	0	0	0	0	0	1	1	1	0	0	0	0	0	0	1	0	0	0	2	1	0	0	1	2	2	1	1	0	2	0	1	1	0	0	1	1	0	0	0	1	1	2	0	1	1	0	0	3	0	0	0	1	0	0	0	0	1	1	2	0	0	1	1	0	1
0	0	0	0	0	0	0	1	1	0	0	1	0	1	0	3	2	0	0	3	0	1	2	0	2	0	0	0	0	0	1	1	0	1	0	0	0	1	0	0	0	0	0	0	0	0	0	0	0	0	1	2	1	0	0	0	1	0	3	1	2	3	1	1	2	0	1	0	0	2	0	1	1	1	0	1	1	0	0	0	1	1	1	0	0	2	0	0	1	1	1	1	3	1	1	1	2	1	1	0	0	0	0	0	0	0	1	1	0	2	2	2	1	3	0	0	5	2	1	1	0	0	0	1	1	1	0	0	2	1	2	1	3	0	0	0	0	0	0	0	0	1	1	1	1	2	1	2	0	0	1	0	0	1	2	0	0	0	0	1	2	2	1	1	1	2	2	5	2	2	0	2	0	1	0	0	2	1	1	1	5	4	4	3	2	2	4	2	2	1	0	0	1	0	1	1	0	2	5	6	4	3	4	2	1	7	15	9	6	12	12	21	15	6	0	1	3	1	0	0	0	5	4	9	4	2	4	2	1	2	1	0	1	4	2	4	10	4	1	5	4	0	1	4	4	2	2	3	5	5	10	2	2	4	1	5	0	4	2	1	1	3	4	5	1	2	5	8	3	3	1	3	0	6	1	3	6	8	18	16	12	9	5	9	5	2	14	31	16	3	5	6	6	7	15	5	31	0	124	56	9	9	6	4	1	13	0	1	5	4	3	3	0	1	1	1	2	1	0	0	1	0	1	1	2	0	1	1	0	1	0	3	0	0	4	1	2	1	2	2	5	21	20	8	7	4	3	2	0	5	3	2	5	5	5	7	1	2	5	9	3	3	1	2	1	2	2	2	1	3	4	7	12	4	0	0	3	2	5	3	1	1	1	0	1	0	3	2	0	0	0	1	0	0	0	0	0	0	0	0	1	1	3	1	2	0	1	0	1	4	1	1	1	2	0	3	3	3	1	2	5	2	3	1	1	0	4	0	2	1	0	0	1	0	2	0	0	0	0	1	0	1	0	3	2	0	1	0	2	0	1	1	0	0	0	0	0	0	0	0	1	1	0	1	1	0	0	2	1	1	1	1	1	0	1	0	0	0	0	0	1	2	0	0	1	1	1	0	0
0	0	0	0	0	0	0	0	1	2	0	2	1	0	0	1	1	1	0	0	1	0	0	1	2	0	0	0	0	0	1	0	1	2	0	1	0	0	1	1	0	0	1	0	0	1	0	1	0	0	0	1	0	0	0	1	1	0	1	0	1	0	1	1	2	2	0	1	1	0	1	0	0	3	0	0	0	0	0	1	0	0	0	0	0	1	1	1	0	2	1	4	1	0	1	0	0	0	0	0	0	1	2	0	0	2	1	0	1	1	1	0	2	3	0	1	0	1	0	0	1	2	1	0	0	1	0	1	1	0	2	1	2	3	1	2	2	1	1	0	0	0	0	2	0	3	4	3	2	1	2	0	0	1	1	0	0	0	1	0	0	1	0	1	1	0	3	1	2	0	1	1	2	2	0	3	1	0	1	0	1	4	2	10	2	2	3	1	3	0	1	0	1	2	0	2	1	2	1	1	2	1	2	3	3	9	6	10	1	4	6	14	9	5	1	0	1	0	3	0	0	3	1	2	6	3	5	3	2	0	2	0	1	1	3	2	14	4	5	7	4	3	1	3	1	0	0	0	3	7	11	4	2	2	1	1	0	0	4	3	2	2	3	2	1	4	7	4	2	3	2	1	1	3	1	3	6	11	9	17	9	10	8	23	13	4	11	56	14	3	6	9	9	4	12	10	24	124	0	56	14	7	4	4	5	6	1	1	1	1	1	4	0	3	4	5	2	3	1	1	1	1	0	0	0	2	0	1	0	1	0	2	3	2	1	1	1	2	7	8	5	19	21	4	4	4	1	3	1	1	4	3	9	2	8	5	4	7	6	9	3	2	1	0	0	0	0	0	4	2	8	5	5	3	3	1	2	3	4	1	1	0	0	2	0	1	0	0	0	0	1	1	1	1	0	0	0	0	0	1	0	0	0	0	2	0	0	0	2	3	6	0	1	5	1	1	9	2	0	1	2	2	3	3	2	0	1	2	1	1	0	0	1	1	0	2	0	0	0	0	0	0	0	0	2	1	1	4	2	2	1	0	1	2	1	1	0	0	0	0	0	0	2	1	3	1	1	1	0	0	3	0	0	0	0	0	0	1	0	3	0	0	2	0	0	0	1	1	1
0	0	0	0	0	0	0	1	0	2	0	1	1	1	0	0	0	1	1	1	1	0	0	1	1	0	0	0	1	0	1	1	1	0	0	1	1	0	0	0	0	0	0	1	0	1	1	0	0	0	2	0	1	0	0	0	0	0	1	1	2	0	0	0	1	0	0	0	2	0	0	0	1	1	4	1	1	1	0	0	1	1	1	0	1	1	0	3	1	2	1	2	4	1	1	1	0	1	1	0	2	0	0	0	1	1	0	0	2	1	0	0	3	6	3	2	0	2	2	0	1	0	1	0	0	0	0	1	0	2	2	4	1	1	0	2	2	0	0	0	1	1	0	1	2	2	3	6	1	1	0	1	0	0	0	0	0	0	0	2	2	1	1	1	4	0	2	3	5	3	3	1	1	1	3	1	0	2	0	1	6	1	5	4	4	1	3	3	0	2	0	0	1	0	0	0	0	3	4	7	1	1	3	4	4	6	8	4	7	6	2	5	9	12	3	1	0	1	0	0	2	3	7	11	6	2	7	6	1	1	0	0	1	1	4	2	10	8	10	15	8	3	4	3	6	3	0	5	5	12	14	9	2	3	0	1	1	3	4	2	1	1	2	1	2	3	7	1	5	3	3	4	4	0	1	1	2	5	10	9	10	6	7	10	15	6	23	20	9	3	5	4	4	6	16	5	22	56	56	0	26	14	12	6	13	7	7	3	1	1	2	2	2	2	0	1	2	0	1	1	0	1	1	0	1	0	1	0	0	0	0	0	0	1	3	0	4	1	2	1	5	17	19	7	1	2	0	0	0	4	2	2	3	3	7	1	2	2	4	5	3	1	0	0	1	2	2	1	2	1	3	6	2	4	6	0	1	6	1	1	0	0	0	1	0	1	0	0	0	2	1	0	1	2	1	0	1	0	0	2	1	0	0	0	1	0	2	0	1	1	2	0	0	1	3	1	1	1	1	0	2	1	1	1	3	0	1	1	3	0	1	0	0	1	0	0	2	1	0	0	1	0	1	1	1	0	0	0	2	0	1	0	1	0	0	0	0	1	1	2	1	1	0	0	3	1	1	1	1	1	0	1	0	1	1	0	2	0	0	0	0	0	1	0	0	0	0	0	0
0	0	0	0	0	0	0	2	0	0	0	1	1	0	0	1	3	0	0	2	0	1	1	4	4	0	0	0	1	1	0	1	0	0	0	1	1	1	0	0	0	1	0	1	0	1	0	1	0	0	0	0	0	0	1	0	0	0	0	1	1	2	6	1	2	1	1	1	1	2	2	0	1	1	1	0	1	0	0	1	0	1	0	0	0	0	1	1	1	1	0	2	2	3	1	0	0	0	0	1	1	1	0	0	0	0	3	1	4	2	1	2	11	2	9	1	1	1	1	0	0	0	1	1	1	1	5	3	2	0	1	4	3	2	2	3	1	0	0	3	0	0	4	1	5	4	3	3	6	3	1	0	0	0	0	0	0	1	1	0	1	2	1	2	1	0	3	4	2	3	1	0	1	3	1	2	1	2	0	1	2	1	2	3	1	2	2	0	1	2	1	1	1	0	1	1	0	2	0	3	1	1	2	0	4	12	5	6	4	6	3	4	9	32	1	1	1	2	1	0	0	6	4	11	12	3	6	6	3	3	1	1	1	2	4	5	12	12	19	9	6	7	7	10	12	2	5	4	2	7	10	4	1	3	2	0	2	1	1	2	1	1	2	2	0	3	1	0	5	1	3	1	3	1	1	1	0	3	4	1	3	4	6	4	5	2	8	4	3	2	1	5	2	2	13	3	7	9	14	26	0	99	26	7	4	3	1	0	0	2	1	2	0	2	0	3	0	0	0	2	1	0	0	0	0	0	0	2	0	0	1	2	2	0	2	0	0	2	2	3	4	9	15	1	1	3	0	1	2	0	5	5	1	0	1	1	1	3	4	0	1	0	2	1	1	1	0	1	1	0	0	0	8	0	4	2	1	1	2	2	0	0	0	2	0	0	0	1	0	0	0	0	0	1	0	0	0	0	1	0	3	0	0	1	1	2	0	0	1	0	1	1	2	2	2	0	5	0	0	0	0	1	2	0	1	0	1	0	0	0	3	2	0	0	1	0	2	0	1	0	0	0	1	1	0	0	1	1	0	0	0	0	2	1	0	1	0	0	1	1	0	0	1	0	2	1	0	1	0	2	1	0	0	0	0	1	1	2	1	1	0	0	0	1	1	0	0	0	0
0	0	0	0	0	0	0	2	1	0	1	1	1	0	0	2	0	1	1	0	1	0	0	0	0	1	0	1	1	0	0	0	1	0	0	0	1	0	0	0	0	0	0	0	0	0	1	1	1	0	2	0	0	1	0	0	0	0	0	1	1	3	1	1	0	1	1	0	2	2	1	0	0	1	0	1	0	0	1	1	0	4	0	0	0	1	3	1	1	0	1	1	0	0	2	1	2	1	1	1	1	0	0	0	1	1	0	2	1	0	1	1	2	2	5	1	3	3	0	2	1	1	0	1	2	2	2	0	2	4	2	2	3	4	3	1	1	1	2	0	1	0	1	4	8	4	5	1	4	0	2	1	0	0	0	0	0	0	0	0	2	1	2	0	1	2	2	1	1	4	2	3	1	3	3	1	2	2	1	0	1	1	2	4	1	0	2	2	4	0	1	1	0	1	1	3	0	3	3	3	2	2	4	0	4	5	4	6	3	2	0	5	7	27	2	2	0	0	1	0	1	5	2	9	9	5	0	5	0	3	1	0	0	0	2	4	5	8	11	10	22	9	9	6	24	8	7	8	7	7	9	4	2	1	1	1	1	0	1	1	0	1	1	3	1	0	2	2	2	3	1	1	0	2	0	1	1	2	2	2	1	4	1	3	5	1	4	4	1	5	1	3	0	3	6	4	4	9	7	14	99	0	49	6	9	3	0	2	0	0	3	1	1	0	0	1	2	0	3	0	1	2	1	0	1	0	0	1	0	0	0	1	2	1	1	1	1	0	3	1	2	7	10	2	1	2	3	3	1	2	0	0	1	0	3	3	0	1	2	1	2	1	0	0	0	0	1	1	1	2	1	3	5	1	3	0	0	1	2	0	0	0	1	0	2	1	0	1	1	1	0	0	1	0	0	0	0	0	0	0	0	0	0	0	1	1	1	0	1	0	1	0	0	1	0	1	1	0	0	2	1	1	1	2	1	1	1	1	1	2	1	0	0	0	0	0	0	1	0	1	0	0	0	1	1	2	1	1	2	2	0	2	0	0	2	0	0	0	0	0	1	0	0	0	1	1	1	0	0	1	1	1	0	0	1	0	2	0	0	0	1	0	1	1	0	0	0	1	0
0	0	0	0	0	0	0	2	0	0	1	0	0	3	0	0	3	0	1	1	2	1	4	3	2	1	0	1	1	0	1	0	0	0	2	1	1	0	1	0	0	0	1	0	0	2	2	2	0	1	1	0	0	0	1	0	0	2	0	1	2	1	1	0	2	0	1	0	1	3	3	0	1	2	2	0	0	0	0	0	1	1	0	0	0	1	0	3	1	1	0	1	4	1	3	1	0	0	0	0	1	0	0	1	1	2	1	2	1	0	2	4	5	9	10	1	1	1	4	0	0	1	0	0	1	0	2	0	1	3	1	6	4	2	4	2	4	2	3	2	2	2	3	2	13	4	3	2	1	2	0	0	1	0	0	0	2	0	1	2	1	1	0	3	3	1	1	3	4	11	0	1	4	2	0	1	1	2	2	1	1	3	1	3	0	3	2	0	0	0	1	4	1	0	2	2	2	2	7	6	5	6	1	1	3	13	9	4	3	0	4	1	3	18	0	0	1	1	0	1	2	5	5	9	9	8	2	7	3	1	0	3	1	3	2	2	1	5	10	13	10	8	11	7	31	12	9	25	17	41	9	8	3	0	1	2	3	0	1	4	0	2	1	1	1	1	2	0	1	0	2	3	0	3	1	3	0	2	7	5	3	4	5	1	2	5	7	5	1	2	1	3	2	2	4	4	5	6	4	12	26	49	0	32	11	4	4	0	1	0	1	0	2	0	0	1	0	0	0	3	0	1	0	2	0	1	0	0	1	0	0	0	1	1	2	1	0	1	2	2	2	1	5	1	2	1	1	2	0	2	0	1	2	0	1	1	2	0	1	0	0	3	1	0	0	0	1	0	0	0	1	0	0	1	0	0	0	0	0	1	0	2	1	0	0	0	0	1	0	0	0	0	0	0	0	0	1	0	1	1	1	0	1	0	0	0	0	1	0	1	1	1	0	1	1	0	2	0	0	0	2	0	0	2	0	1	1	1	2	1	2	1	0	0	0	0	1	0	0	0	0	0	1	1	0	0	1	1	2	0	3	2	0	0	1	2	2	0	0	1	0	0	3	1	1	0	1	1	0	0	1	1	0	1	0	1	1	0	2	0	0	0	1	0	3	0	0	0	0
0	0	0	0	0	0	0	2	3	1	1	2	1	1	1	0	2	2	1	1	0	1	0	1	3	0	2	2	2	0	2	0	0	1	1	0	0	2	0	0	1	0	0	0	0	0	1	1	0	0	1	0	0	1	0	0	1	2	4	2	2	1	1	1	0	2	1	0	0	2	2	1	1	1	0	0	0	2	0	1	0	1	0	3	0	1	0	1	0	0	1	1	1	0	2	0	0	0	0	1	0	0	0	1	0	0	1	1	1	1	3	1	6	7	4	3	4	3	2	1	0	1	1	1	2	3	1	3	2	1	6	4	5	1	3	3	2	2	1	2	0	2	4	3	8	5	1	2	1	1	1	2	0	2	2	0	1	0	0	0	2	1	1	1	2	3	2	2	5	9	2	2	0	4	3	1	1	1	2	1	0	0	2	1	0	3	2	1	3	1	1	0	0	1	2	2	3	5	8	6	0	2	1	4	1	4	3	3	2	5	0	1	4	1	0	1	0	1	0	0	1	1	3	4	7	1	6	4	0	3	0	1	0	2	1	3	3	4	4	8	11	18	4	11	11	3	13	20	134	89	5	10	4	2	3	1	3	1	3	1	1	6	0	2	1	0	1	0	3	2	0	2	0	2	1	0	1	1	1	2	0	0	3	2	2	3	4	5	1	3	3	4	2	1	6	2	6	4	4	6	7	6	32	0	20	5	2	2	0	2	1	0	0	1	0	0	1	1	0	0	0	3	0	0	0	0	2	1	0	0	0	0	1	0	0	0	0	0	0	1	1	2	3	3	0	0	2	1	1	1	2	0	2	1	2	2	0	4	2	1	1	0	1	0	0	0	2	0	0	1	3	1	1	1	3	1	0	0	1	0	0	0	1	2	0	0	0	0	1	0	0	0	0	0	1	0	0	0	0	0	2	0	1	0	1	0	0	0	0	1	0	0	2	3	1	0	0	0	0	2	1	0	2	1	0	0	0	1	0	1	1	0	1	0	0	1	0	0	0	0	0	1	0	0	1	0	1	1	3	1	0	0	0	0	1	0	0	0	0	0	0	0	1	0	0	1	1	0	0	0	0	1	1	0	0	0	0	0	1	0	0	1	0	0	0	1	0	0	1
0	0	0	0	0	0	0	1	1	3	1	0	2	1	1	0	2	0	0	1	0	2	2	2	0	1	0	0	0	0	0	0	2	2	0	0	0	0	0	0	1	0	3	0	1	0	1	1	1	0	0	1	0	1	0	2	0	0	0	0	2	2	0	2	0	2	2	0	1	3	1	2	1	0	1	0	1	1	0	0	0	1	0	0	0	1	1	0	2	1	0	0	0	0	1	0	0	0	0	1	0	1	1	0	2	0	0	0	0	3	1	1	0	0	4	3	2	0	1	0	1	0	2	1	0	1	2	2	2	0	3	2	5	0	1	1	0	1	0	0	0	2	0	1	0	3	0	3	2	0	0	0	0	0	1	0	0	0	0	0	1	0	2	1	1	0	1	0	3	2	6	1	7	1	2	3	2	2	0	2	2	0	3	2	4	3	4	1	0	0	1	1	0	1	1	1	1	2	7	9	5	1	2	1	3	3	4	6	3	4	3	3	3	4	2	0	0	0	0	0	3	4	0	7	7	4	2	0	1	2	1	0	0	0	4	1	5	3	4	12	26	4	0	4	4	5	4	11	9	27	109	19	5	2	2	4	1	1	5	4	5	4	1	3	1	1	5	1	8	4	3	2	3	2	3	2	2	3	2	1	5	3	8	1	2	4	11	6	3	0	1	5	3	4	11	14	8	1	5	13	4	9	11	20	0	15	2	4	0	0	0	0	0	1	0	1	0	1	0	0	3	0	2	0	0	0	0	0	0	0	1	0	1	0	0	2	0	0	0	0	2	5	4	3	0	1	0	0	1	1	1	0	0	3	1	2	1	0	1	1	0	0	1	1	0	2	0	0	1	0	2	2	1	0	0	2	2	0	1	0	2	2	1	0	0	0	0	0	0	0	0	0	0	1	0	0	0	0	0	0	3	0	0	1	0	1	0	1	2	0	0	1	0	3	1	4	1	0	0	1	3	2	0	0	1	3	1	0	0	0	2	0	0	0	0	2	0	2	0	0	1	0	1	0	0	0	1	0	2	0	0	0	1	3	1	2	0	0	0	0	1	0	0	0	0	1	0	0	2	0	0	0	2	0	0	2	0	0	0	0	1	0	0	1	1	2	1	0	1
0	0	0	0	0	0	0	0	1	1	0	0	0	1	0	0	1	0	0	0	1	1	0	2	0	2	2	1	2	0	0	1	1	0	0	0	1	0	1	0	0	1	0	0	0	1	0	1	1	1	0	0	0	0	1	0	0	0	0	0	0	1	1	2	0	0	3	0	0	1	0	1	2	1	2	1	1	1	0	0	1	1	0	0	1	1	1	0	1	1	0	0	2	1	1	0	0	1	0	1	0	0	1	1	0	0	0	0	1	1	4	1	1	3	1	1	1	0	0	1	0	0	0	0	3	0	1	4	0	1	1	2	1	1	0	1	1	0	1	0	0	1	1	2	2	1	2	4	1	1	1	1	0	0	0	3	0	0	0	0	2	1	1	0	1	1	3	2	1	3	7	2	2	2	5	3	1	3	2	1	2	2	7	1	0	2	1	1	2	0	3	1	3	1	1	2	2	1	8	6	3	7	3	5	3	11	14	8	3	4	4	2	3	1	0	1	0	0	1	0	0	2	2	4	6	6	2	4	4	0	0	0	0	2	3	1	2	3	3	1	4	1	1	2	4	1	2	2	7	13	30	32	13	7	1	3	3	4	14	7	7	3	1	1	2	0	5	1	15	9	3	2	1	1	3	5	13	5	9	12	16	10	7	4	5	8	8	8	4	4	5	4	5	0	29	66	28	13	6	7	3	3	4	5	15	0	3	1	2	2	3	1	1	1	0	1	0	1	0	0	0	2	0	0	0	0	0	0	2	0	0	0	0	0	1	1	0	1	0	2	1	1	7	5	2	1	0	1	0	1	0	1	2	2	0	6	1	1	4	1	1	1	0	0	0	1	3	0	0	0	6	3	1	0	2	0	2	3	2	1	1	1	2	0	0	0	2	0	0	0	0	0	0	0	0	0	0	0	0	0	0	2	1	0	0	1	1	0	1	0	0	0	0	0	5	2	1	0	2	3	2	0	1	0	0	0	0	0	1	0	1	1	2	0	0	0	1	1	0	1	0	0	0	0	0	0	1	2	0	1	1	0	1	1	1	0	0	0	0	0	0	1	0	1	1	2	0	0	0	1	0	0	0	0	0	0	1	1	1	0	1	1	0	0	0	0	0	0	2
0	0	0	0	0	0	0	0	0	0	0	1	0	0	1	0	1	0	0	0	1	0	0	0	0	0	1	0	0	0	0	0	0	0	0	1	0	0	0	0	0	0	1	1	0	0	1	1	0	0	1	0	0	0	0	0	0	0	0	2	1	1	0	1	0	0	1	1	0	1	0	0	1	1	0	2	0	0	0	0	2	1	1	0	1	0	3	0	0	0	0	0	0	0	2	0	2	2	1	0	0	0	0	0	0	0	1	0	0	0	0	1	0	1	1	0	1	0	0	0	1	0	0	0	1	0	2	0	0	0	3	0	2	0	1	1	0	0	0	0	1	3	0	1	0	0	0	3	0	0	2	0	2	0	0	0	0	0	0	0	1	1	0	1	0	1	0	1	2	0	0	2	1	1	2	0	2	1	0	0	1	2	1	2	0	1	0	0	1	2	1	1	0	1	0	0	0	1	1	1	1	1	1	1	2	0	3	2	4	6	7	3	0	3	0	0	0	1	0	0	1	1	0	2	2	0	0	0	2	0	0	2	2	1	0	2	2	0	4	1	2	0	1	2	2	0	3	1	1	1	4	1	1	1	2	1	3	1	2	3	5	3	20	7	7	9	4	10	5	3	6	7	3	4	4	3	10	27	11	6	11	14	9	9	6	6	2	6	21	10	36	17	6	6	3	0	3	0	1	7	1	0	4	2	2	3	0	18	9	24	6	9	3	0	2	4	3	3	2	1	2	1	2	1	0	1	0	0	1	2	2	0	1	1	0	2	2	0	0	2	3	5	3	2	3	5	15	3	8	4	6	2	8	12	14	544	1	4	3	8	3	1	2	3	3	2	3	3	12	6	6	7	6	3	5	3	3	9	0	5	1	2	3	0	2	0	1	2	2	0	1	1	1	0	1	0	2	0	0	0	1	1	0	2	2	3	1	0	0	2	5	2	1	4	4	2	9	6	2	2	4	0	4	3	1	1	0	0	2	3	0	0	1	0	1	1	0	1	0	0	1	2	1	0	1	1	1	1	0	1	0	2	1	2	0	0	1	0	1	1	0	0	0	0	2	0	0	1	1	1	0	0	2	0	1	0	0	3	0	0	1	0	1	0	1	0	1	1	2
0	0	0	0	0	0	0	0	0	1	0	0	0	1	0	0	0	0	0	0	0	0	1	0	1	0	1	0	1	0	0	0	0	0	0	1	0	0	0	0	0	0	0	0	0	0	0	0	0	0	0	0	0	0	2	0	0	0	0	0	0	0	0	0	1	1	0	0	0	0	0	0	1	0	0	0	1	0	0	1	0	0	0	0	1	0	0	0	0	0	1	0	0	1	0	1	0	0	1	0	0	0	1	1	0	0	0	0	0	0	0	0	0	1	2	2	0	0	0	1	1	0	0	0	0	0	1	1	0	0	0	1	1	0	0	0	0	0	0	0	0	1	1	2	1	0	0	1	0	0	1	0	0	1	1	0	2	2	0	0	0	0	0	0	2	0	0	1	0	1	1	1	1	1	0	2	1	0	5	2	3	2	1	2	4	2	1	1	1	0	0	0	1	1	1	1	1	0	1	1	2	0	0	2	1	0	2	0	0	2	1	1	1	1	0	0	0	0	0	0	0	0	1	4	0	1	1	2	1	2	1	0	1	0	1	1	4	1	1	0	0	3	0	0	0	1	0	0	1	0	2	3	4	1	1	0	0	1	0	1	5	10	17	16	5	4	3	20	7	3	5	5	6	1	2	5	5	7	1	4	6	3	4	2	5	0	1	4	3	5	9	6	0	0	1	2	5	1	1	3	0	2	0	2	4	1	18	0	22	32	30	10	4	3	3	2	2	2	2	2	1	1	1	3	1	0	1	1	0	0	0	1	1	1	0	0	1	2	2	3	1	3	4	3	4	9	7	9	4	5	8	2	2	11	10	21	6	1	1	2	1	3	5	2	3	3	3	2	12	6	4	5	1	5	2	1	0	2	2	5	5	2	2	2	1	3	0	2	0	0	1	0	0	0	1	0	0	0	0	0	0	2	1	2	1	1	4	0	1	1	0	1	2	3	5	1	5	1	3	6	5	1	3	1	1	2	3	0	0	0	0	1	0	1	0	0	1	5	5	0	2	1	0	4	0	3	1	1	1	1	1	1	1	0	0	0	1	1	0	0	0	4	0	1	3	2	1	1	0	1	3	0	0	0	0	1	0	0	0	0	0	2	1	2	0	1	1	0	0
0	0	0	0	0	0	0	0	1	0	0	0	0	0	0	0	0	0	0	0	0	0	0	0	0	0	0	0	0	0	0	0	0	0	0	0	0	0	0	0	0	0	0	1	1	0	1	0	0	0	0	0	0	1	1	0	0	0	2	0	0	0	0	1	1	1	0	0	1	0	2	1	0	0	0	0	0	0	0	0	2	0	1	0	0	0	0	1	1	0	1	2	2	1	0	2	1	1	0	0	0	0	0	0	2	0	0	0	1	0	0	1	2	0	0	0	2	0	1	0	0	0	1	1	0	0	1	0	1	0	2	1	0	1	0	0	1	1	0	0	0	0	0	0	2	1	0	1	2	0	0	0	0	0	0	0	2	0	0	0	0	2	2	1	0	1	1	2	2	0	0	0	0	1	2	0	0	1	3	1	2	3	0	5	3	4	1	0	0	0	0	0	2	0	1	1	0	1	0	0	0	0	0	0	0	1	3	1	2	2	7	5	0	0	0	0	0	0	3	0	0	3	1	0	1	1	0	0	2	0	0	1	0	2	1	0	2	1	2	1	0	2	0	0	1	0	2	2	0	0	3	0	1	1	1	0	0	5	1	1	5	3	5	22	7	18	6	13	1	3	4	6	3	2	4	9	8	5	7	3	5	2	7	2	6	1	0	3	5	15	15	8	3	1	0	2	4	5	1	1	0	0	1	0	0	2	9	22	0	95	50	9	4	4	3	1	0	3	4	2	4	6	3	3	1	0	1	0	2	0	0	0	3	2	1	3	2	1	0	4	2	3	2	2	5	9	28	19	16	13	6	8	4	4	2	5	2	3	2	5	6	2	2	3	3	3	2	2	6	5	5	5	13	6	7	2	12	13	11	7	8	7	5	4	1	4	3	1	0	2	0	0	0	0	0	0	0	0	0	1	1	1	0	2	2	1	3	0	0	2	2	3	5	9	3	9	4	8	3	12	12	1	0	0	0	3	1	0	1	2	1	1	1	1	0	0	1	2	1	2	0	0	2	1	4	1	1	0	2	0	1	2	0	0	3	0	0	1	0	0	0	1	1	1	2	1	2	3	0	0	1	0	1	3	2	1	0	0	2	0	0	1	0	0	2	1	0	3	3
0	0	0	0	0	0	0	0	0	1	0	0	0	0	0	1	0	0	0	0	0	0	0	0	0	0	0	1	0	0	0	1	0	1	0	0	0	0	0	0	1	0	1	0	0	0	1	0	0	1	0	1	0	1	0	0	0	1	2	0	0	0	0	0	2	0	0	0	0	0	1	1	1	0	0	0	0	0	0	0	0	0	2	0	1	0	0	1	1	0	1	1	0	0	0	0	0	0	0	0	1	0	1	1	0	0	0	0	0	1	0	0	2	1	0	0	0	1	1	1	0	1	0	1	0	1	0	0	1	0	0	0	0	0	0	0	0	0	0	0	1	0	0	0	2	0	2	1	0	0	0	0	0	0	0	1	0	0	0	0	0	0	0	0	0	1	1	2	1	0	0	0	1	1	0	2	2	0	2	2	1	2	1	1	3	2	2	0	3	0	0	1	0	0	1	1	0	1	3	0	2	1	0	1	2	5	3	0	0	2	6	2	3	2	1	0	1	1	0	1	1	1	3	0	0	2	0	1	3	1	0	1	2	0	1	1	0	0	0	1	0	0	1	1	2	0	1	1	2	1	1	2	2	1	0	0	1	3	3	3	4	4	12	17	10	8	4	16	2	6	1	10	3	5	1	3	14	10	4	1	4	4	4	3	1	0	1	8	8	17	34	8	6	1	3	4	1	4	1	1	2	0	0	2	0	2	24	32	95	0	45	11	2	3	3	8	3	1	1	2	4	4	4	2	1	2	1	0	0	0	1	2	1	0	1	3	2	3	2	2	4	1	3	3	2	9	18	16	17	7	10	4	7	5	7	14	1	3	4	2	6	4	4	4	3	6	2	2	5	6	8	8	6	3	13	9	12	10	5	2	4	8	5	1	2	3	1	2	2	1	2	0	0	0	1	0	0	0	2	0	1	2	1	5	1	1	2	1	3	0	3	3	7	11	3	4	9	9	2	7	7	2	1	0	2	0	1	0	0	2	1	2	1	1	1	1	0	1	1	2	0	2	3	1	2	2	1	0	1	1	1	2	2	1	0	2	0	0	0	0	2	0	1	2	0	1	0	0	0	2	0	0	0	1	0	2	0	2	1	0	0	0	0	0	2	1	0	0	2
0	0	0	0	0	0	0	0	1	0	0	1	0	0	0	0	0	0	0	0	0	0	0	0	0	0	1	0	1	1	1	1	0	1	0	0	0	0	0	0	0	0	0	0	0	0	0	0	0	0	0	0	1	0	0	1	0	1	0	1	0	0	1	0	1	0	1	0	0	1	1	0	1	0	0	0	0	0	1	0	0	0	0	1	0	1	0	0	0	0	0	0	1	0	1	1	0	1	1	0	0	0	1	0	0	0	0	0	0	0	0	0	2	0	1	2	0	0	0	1	0	0	0	0	0	0	2	0	0	1	0	0	1	0	0	1	0	0	0	1	0	0	0	1	1	0	0	0	0	0	0	2	0	2	0	0	1	0	0	0	0	1	0	0	0	0	0	1	0	0	2	0	0	0	1	2	1	1	0	0	1	1	1	3	1	0	2	0	0	1	0	0	0	0	0	0	1	1	2	0	0	3	0	1	2	2	4	2	2	3	4	1	1	2	0	2	0	0	0	0	0	0	1	1	0	0	2	1	0	2	0	1	1	1	1	2	0	2	1	1	1	0	1	0	1	1	0	3	2	1	1	2	1	1	0	2	0	0	3	0	2	5	7	4	5	11	7	5	2	1	4	6	3	6	2	6	1	1	0	1	3	1	4	2	2	1	2	0	3	8	7	3	2	0	3	5	6	3	1	2	1	3	1	1	0	3	6	30	50	45	0	10	5	5	3	6	2	4	3	3	3	3	1	3	3	3	3	0	0	0	1	2	2	2	1	3	1	1	1	2	2	2	5	2	5	6	9	29	25	33	12	2	8	2	4	3	2	2	1	0	4	0	6	8	4	3	3	1	10	6	1	1	8	3	6	6	5	7	3	4	4	3	10	1	1	2	2	2	1	1	0	1	0	2	0	0	0	0	0	0	3	1	3	3	1	1	1	3	1	3	4	3	4	8	8	12	10	7	6	16	17	2	2	2	3	0	3	2	1	3	1	0	1	0	0	2	0	1	1	1	0	1	2	3	6	3	2	1	3	1	2	2	4	0	2	1	1	1	1	1	0	2	1	0	1	2	1	0	4	1	0	2	0	0	0	0	1	0	2	0	0	2	0	0	0	0	2	1	0
0	0	0	0	0	0	0	1	1	0	0	1	1	2	0	0	0	0	0	0	0	0	0	0	0	0	0	0	0	1	0	0	0	0	0	0	0	0	0	0	0	1	0	0	0	0	0	0	0	0	0	0	0	0	1	0	0	0	0	0	0	0	0	0	0	0	1	0	1	0	0	0	1	0	0	0	1	1	0	0	0	0	0	0	1	1	0	0	0	0	0	1	1	0	2	0	0	0	1	0	0	0	2	0	0	0	2	0	0	0	1	0	0	3	0	0	0	0	0	0	0	0	0	0	0	0	0	0	0	0	1	0	0	1	1	0	0	0	0	0	0	0	1	1	0	0	2	0	0	0	0	1	1	0	0	0	0	0	0	1	1	2	0	2	2	0	1	0	0	0	1	0	0	2	0	0	0	0	0	1	0	0	1	2	2	2	0	0	0	0	1	0	0	0	0	0	0	1	0	0	0	0	0	1	1	1	0	0	1	1	4	1	0	1	0	0	0	1	0	1	3	0	1	0	0	0	1	0	2	1	0	1	0	1	1	1	1	0	1	0	1	1	0	0	0	0	0	0	0	0	1	0	1	0	0	0	0	0	2	1	1	1	7	7	3	1	2	2	3	1	1	0	1	2	2	3	1	3	1	2	4	3	2	1	4	3	0	0	4	6	5	4	4	1	1	2	0	3	4	2	2	1	0	0	0	1	9	10	9	11	10	0	19	8	3	10	6	5	3	3	2	2	6	2	2	1	1	0	0	0	0	1	1	3	2	3	1	6	1	0	3	1	1	2	3	11	9	8	18	89	22	5	10	5	5	6	4	4	4	7	1	8	8	13	18	3	7	1	64	8	2	5	8	6	5	1	2	3	1	3	1	4	1	2	3	3	2	3	0	0	1	1	0	1	0	0	1	1	0	0	0	2	1	5	6	1	1	2	1	2	3	1	7	11	7	13	5	7	7	5	7	8	5	7	3	5	2	2	1	1	1	1	1	1	3	0	1	4	2	2	6	0	6	5	2	0	3	2	1	1	1	1	2	1	1	3	1	0	1	5	0	0	2	4	6	1	0	1	0	1	0	1	0	0	1	0	1	0	1	2	0	0	3	1	5	2	1	1	2
0	0	0	0	0	0	0	0	1	0	0	0	0	0	0	2	1	1	1	0	0	0	0	1	0	0	0	0	1	0	0	0	0	1	0	0	0	1	0	0	0	0	0	0	0	0	0	0	0	0	0	0	0	0	1	0	0	0	1	1	0	0	1	0	0	1	0	0	1	0	0	1	0	0	0	0	0	0	0	1	0	0	0	0	0	0	1	0	1	1	1	2	1	0	0	0	0	0	0	0	0	0	0	0	1	0	0	0	1	0	1	1	0	0	0	0	0	1	1	1	0	1	1	0	0	0	0	0	0	0	0	0	0	0	0	0	0	0	2	0	1	1	0	0	0	0	1	0	0	1	1	0	0	0	0	0	1	0	0	1	0	0	0	0	0	0	1	0	0	0	1	1	0	0	0	3	0	1	1	0	0	1	2	2	1	2	1	0	1	0	0	1	0	0	0	0	0	0	1	0	1	0	0	0	0	0	2	2	0	0	0	2	1	0	1	1	0	0	0	1	1	0	1	1	3	0	0	1	0	0	1	1	0	0	0	0	1	4	2	0	1	0	1	0	1	1	0	1	0	0	1	0	0	1	0	0	0	0	1	0	1	0	3	2	2	0	2	1	1	0	0	1	1	1	1	1	5	0	2	0	2	2	3	3	11	2	1	4	4	1	4	11	2	1	0	0	0	0	0	2	0	1	2	0	0	1	3	4	4	2	5	19	0	86	5	13	28	4	3	2	1	4	2	3	2	3	0	1	1	2	0	1	4	0	1	1	1	2	0	2	2	1	2	2	6	11	7	7	10	14	24	7	14	8	9	5	12	5	4	3	2	5	6	13	6	26	16	10	17	12	7	2	6	3	3	2	1	3	2	3	0	2	3	3	2	0	1	2	1	3	1	1	1	0	0	1	0	0	2	0	1	2	1	4	4	2	1	1	5	3	8	10	13	6	3	6	7	5	4	1	4	7	5	6	6	4	4	0	2	5	1	1	0	1	0	0	3	0	3	2	6	4	6	2	4	5	5	1	3	2	1	1	0	2	0	0	1	1	1	1	4	1	2	1	4	2	1	1	4	2	2	3	2	4	0	0	3	1	1	1	2	0	3	1	0	2	2	4	0
0	0	0	0	0	0	0	0	0	0	0	0	0	0	1	0	0	0	2	0	1	0	0	1	0	0	0	0	0	0	0	0	0	0	1	0	1	0	0	1	0	0	0	0	1	0	1	1	0	0	0	0	0	0	0	0	0	0	1	0	1	1	0	0	0	0	0	0	1	1	0	1	0	0	0	0	0	0	0	0	1	0	1	0	0	1	1	0	0	0	0	1	1	2	0	1	0	1	0	1	1	0	1	0	1	0	0	0	0	0	0	0	0	0	0	0	0	1	1	0	0	0	1	0	1	0	1	0	0	0	0	1	1	0	0	1	0	0	0	0	0	0	0	1	0	0	0	0	0	0	1	0	0	0	1	0	0	0	1	0	0	0	0	0	0	0	0	0	0	1	0	0	1	1	0	2	0	0	0	1	1	1	1	1	0	0	0	1	0	0	0	0	1	0	0	0	0	0	0	0	2	0	0	2	0	0	2	2	1	1	1	0	2	0	0	0	0	1	1	0	0	0	0	0	0	0	0	1	0	2	1	0	0	0	2	0	2	1	4	1	0	0	1	2	1	0	0	1	0	0	0	2	3	1	1	0	0	1	1	0	0	3	1	1	1	3	5	2	0	1	0	1	0	3	1	1	1	5	4	2	2	2	4	7	2	2	2	0	2	3	1	5	2	1	1	0	1	1	3	2	2	0	0	1	1	1	0	3	4	3	5	8	86	0	17	26	53	6	1	6	5	2	1	1	12	2	4	1	1	2	2	3	1	2	0	3	2	2	0	0	3	2	1	4	4	12	3	4	5	6	17	8	10	8	3	3	17	2	3	6	7	14	11	10	5	47	24	2	12	10	6	2	3	2	2	0	0	0	0	2	2	1	2	0	4	3	0	1	1	0	0	1	2	1	1	0	1	0	1	0	0	1	1	2	7	5	2	1	4	5	9	12	12	6	5	14	14	4	5	2	4	7	6	2	7	7	10	0	4	2	0	1	2	0	2	2	2	2	3	3	4	3	7	6	8	5	2	2	1	1	2	0	3	1	3	0	0	2	0	1	1	2	3	4	4	3	2	4	5	4	2	3	0	0	0	0	2	5	0	4	0	1	2	1	0	3	0	2	1
0	0	0	0	0	0	0	0	0	0	0	0	0	0	1	0	0	0	0	0	0	0	0	0	1	0	0	0	0	0	1	0	0	1	0	1	0	0	0	0	0	0	0	0	0	2	0	1	0	0	0	0	0	0	0	0	0	0	0	0	0	0	0	0	1	0	0	1	0	1	0	0	0	1	1	0	0	0	1	0	1	1	0	0	0	0	0	0	0	0	0	0	0	1	1	0	0	0	0	0	0	0	0	0	0	2	0	0	2	1	0	0	0	0	0	0	0	1	0	0	0	0	0	1	0	0	0	2	0	0	0	1	0	0	0	0	0	0	1	0	0	1	1	0	0	0	0	0	0	0	1	0	1	0	0	0	0	0	0	1	1	0	1	1	0	0	0	0	0	1	0	0	0	0	0	0	0	1	0	0	0	0	2	1	2	0	0	0	0	0	0	0	1	0	0	0	0	1	1	0	0	0	0	1	0	0	0	2	0	1	3	1	1	0	0	0	0	1	0	5	0	0	1	0	1	1	1	0	1	1	1	1	0	0	0	2	0	1	0	0	0	1	0	1	1	1	1	0	1	0	1	0	1	1	0	0	0	1	0	0	0	2	0	2	2	0	0	2	1	0	1	1	0	1	1	4	2	1	2	1	0	2	2	1	0	1	1	1	0	2	3	4	0	0	2	1	2	1	4	0	0	0	0	0	0	0	2	3	3	3	3	3	5	17	0	137	32	13	9	4	2	2	1	5	20	4	2	0	3	1	5	0	1	4	0	0	4	2	2	3	2	0	0	0	1	8	0	2	2	3	5	0	4	0	3	2	8	2	2	1	4	22	5	6	8	17	9	9	6	2	2	0	4	3	3	0	0	1	3	3	1	2	1	2	5	6	3	4	0	2	0	1	2	0	1	1	2	3	0	3	2	1	3	4	12	9	3	0	5	4	5	11	11	2	1	3	2	6	5	2	1	4	1	8	16	12	17	5	1	3	3	4	2	4	2	1	2	5	5	3	3	7	10	6	14	9	5	1	1	3	2	1	4	0	2	1	2	5	5	3	8	7	9	16	19	4	3	6	11	4	6	3	3	1	2	1	3	3	2	0	2	2	0	2	2	2	6	4	1
0	0	0	0	0	0	0	0	0	0	0	0	0	0	0	0	0	0	0	0	0	0	0	0	0	0	0	0	0	0	0	0	0	0	0	0	0	0	1	0	0	0	0	0	0	0	0	1	0	0	0	1	0	1	0	0	0	0	0	0	0	0	0	0	0	0	0	0	0	0	0	0	0	0	0	0	0	0	0	1	0	0	1	0	0	1	0	1	0	0	0	0	1	1	2	1	0	1	0	1	0	0	0	0	0	0	0	0	0	0	0	1	0	1	1	0	1	0	0	1	1	0	1	0	1	1	1	0	0	0	0	0	0	0	0	1	0	1	0	0	0	0	0	0	0	0	0	0	1	1	0	0	0	0	0	0	1	1	0	0	0	1	1	0	0	0	0	0	0	0	0	0	1	0	1	0	0	0	0	0	1	0	0	2	1	0	0	1	0	0	0	0	1	0	2	0	1	0	0	1	0	0	1	0	0	0	2	1	0	1	3	1	1	1	0	1	0	1	0	0	0	0	1	2	0	1	0	0	0	0	0	0	0	0	1	0	0	1	0	1	0	0	0	1	1	0	0	2	0	0	0	0	2	0	1	0	0	0	1	1	2	0	4	1	1	4	1	1	3	0	1	0	0	3	2	0	2	0	2	1	1	1	0	2	3	1	2	2	0	0	0	1	2	0	1	0	2	1	5	1	3	1	1	0	1	1	4	2	1	8	6	10	13	26	137	0	52	9	5	2	6	3	2	1	13	4	3	3	0	3	0	3	2	3	1	1	0	4	1	2	3	1	1	3	1	1	2	3	3	7	9	5	4	3	2	1	12	3	2	4	2	18	4	7	10	30	25	24	6	4	1	0	1	1	1	0	2	1	0	0	0	1	0	2	2	5	0	5	2	2	0	1	0	1	0	1	2	1	1	4	1	2	4	4	9	5	2	3	8	5	10	9	6	1	6	5	3	9	3	2	0	1	3	7	12	12	8	5	5	2	5	3	2	2	1	1	3	4	2	2	4	9	6	7	17	7	1	2	1	1	2	0	2	3	2	1	0	2	1	7	5	4	10	6	11	1	5	5	9	4	3	2	2	2	1	2	1	5	3	1	3	1	0	2	1	5	5	5	0
0	0	0	0	0	0	0	0	0	0	0	1	0	2	0	0	1	0	0	0	0	0	1	0	0	0	0	0	1	0	0	0	0	0	0	0	0	0	0	0	0	1	0	0	0	0	0	0	0	0	0	0	0	0	0	0	0	1	1	1	0	0	0	0	0	0	0	0	0	0	0	0	0	0	2	0	1	0	0	0	0	0	0	0	0	0	0	0	1	1	0	1	0	1	0	0	0	0	0	0	0	1	0	1	0	0	0	0	0	0	0	0	1	1	0	0	0	0	0	0	0	0	0	0	0	0	0	1	0	0	1	0	0	2	0	1	1	0	0	0	1	0	0	0	0	0	1	0	2	1	0	0	0	0	0	0	0	0	0	2	0	0	1	0	0	0	3	0	0	1	0	3	0	0	1	1	0	0	0	0	0	1	1	1	0	1	1	0	0	2	1	0	0	0	0	0	0	0	0	0	1	0	0	0	0	1	2	0	3	0	1	0	0	0	0	1	0	0	0	0	1	2	0	1	0	0	0	1	1	0	0	0	1	1	1	1	1	0	1	0	3	2	1	1	0	0	1	0	0	0	2	2	0	0	0	0	0	0	0	0	2	2	1	0	2	3	1	0	0	1	2	2	3	1	0	1	0	1	0	1	3	4	0	3	1	3	1	2	3	1	3	5	2	2	0	1	1	2	2	2	0	2	0	1	0	0	3	2	0	3	2	6	28	53	32	52	0	12	5	3	6	5	2	6	19	9	3	2	2	1	1	2	0	1	2	2	4	0	0	1	3	2	1	3	3	13	1	7	3	11	16	16	5	5	1	5	10	6	6	5	3	29	12	12	12	100	18	16	6	2	4	0	2	3	1	3	4	0	4	3	2	1	5	1	2	10	4	4	6	0	3	2	2	1	0	2	0	1	0	2	2	1	2	5	15	11	4	1	5	0	4	15	28	9	2	11	1	12	5	1	10	5	6	6	12	3	8	1	3	4	3	3	2	1	4	0	2	0	1	3	5	3	9	3	13	6	2	3	4	0	2	0	2	1	1	0	0	1	4	5	2	3	2	4	7	10	1	2	6	6	6	2	2	1	2	0	0	2	0	4	2	3	2	6	1	1	2	0	1
0	0	0	0	0	0	0	0	0	0	1	0	0	1	2	0	0	0	0	0	0	0	1	0	0	0	0	0	0	0	0	0	0	0	0	0	0	0	0	0	0	0	1	0	2	0	0	0	0	1	0	0	0	0	0	0	1	0	0	0	0	0	0	0	0	1	0	2	0	0	0	0	0	1	0	0	0	0	0	0	0	2	1	0	0	0	0	0	0	1	1	0	1	3	0	0	1	1	1	1	0	1	0	0	0	1	0	0	0	0	1	1	0	0	0	0	0	1	0	0	0	0	0	0	0	0	0	1	1	0	0	1	0	0	0	1	1	0	0	1	0	1	1	0	3	0	0	0	0	1	1	1	0	0	0	0	0	0	0	0	0	0	0	1	0	0	0	1	1	0	0	0	0	0	0	0	0	0	0	1	1	0	0	3	2	1	1	0	1	0	0	0	0	0	0	0	0	1	0	1	0	0	1	0	0	0	1	0	1	0	1	2	0	0	3	1	0	0	0	0	1	2	0	1	1	0	1	2	0	0	0	0	0	0	1	0	2	1	1	0	0	1	0	0	1	0	0	0	2	0	0	0	0	1	1	0	0	0	0	1	1	1	0	1	2	4	1	5	0	1	2	0	0	0	0	1	1	1	0	4	3	0	3	0	0	2	2	1	0	3	5	3	2	0	0	0	1	1	3	0	0	0	0	1	1	1	3	2	3	1	4	5	4	6	13	9	12	0	111	7	9	6	8	13	84	19	6	4	1	1	3	3	3	2	1	3	3	6	2	1	2	0	3	2	6	6	4	6	5	3	7	9	2	2	2	2	11	2	4	3	5	20	14	6	12	11	9	6	2	3	2	5	3	3	3	3	3	3	2	4	2	1	1	6	13	16	7	6	3	3	2	1	3	1	1	1	0	1	2	2	6	5	9	9	97	23	6	8	15	11	8	37	24	7	9	19	6	15	16	4	8	10	4	7	6	6	3	3	2	4	9	12	4	4	4	1	5	10	4	6	3	3	1	7	12	49	6	1	4	3	6	3	1	4	4	2	3	4	6	5	3	3	4	7	24	7	8	6	5	7	6	1	3	1	1	2	1	4	6	1	1	0	2	5	6	6	3	6	7
0	0	0	0	0	0	0	1	1	1	1	0	0	0	0	0	0	0	1	0	1	0	1	0	0	0	0	0	0	1	0	0	0	1	0	0	0	0	0	0	0	1	0	0	0	0	0	0	0	0	1	0	0	0	0	0	1	0	0	0	1	0	0	0	0	0	0	0	0	1	2	1	0	0	0	0	0	0	1	0	0	0	0	1	0	0	0	1	0	0	0	0	1	0	0	0	0	0	0	0	0	1	1	0	0	0	0	1	1	1	1	0	1	2	0	1	0	1	0	0	0	0	0	0	1	0	0	0	0	0	1	0	0	1	1	0	0	0	0	0	1	1	0	0	1	0	1	1	0	0	1	0	1	0	0	0	0	0	0	0	0	0	1	0	0	0	0	0	0	1	0	0	1	0	0	0	0	0	0	0	1	1	0	3	0	1	0	3	0	1	0	0	0	0	0	0	0	0	0	0	0	0	1	0	0	1	2	0	1	2	5	2	0	0	1	0	0	0	1	0	0	0	0	0	1	0	0	1	0	0	0	0	1	0	1	1	0	1	0	0	0	1	0	0	1	0	1	0	0	1	0	1	0	1	0	0	0	0	0	2	0	3	1	1	0	1	0	2	1	2	0	0	1	1	0	1	2	0	1	1	0	2	1	1	1	1	2	3	3	2	0	5	3	2	0	0	1	0	1	1	0	3	0	0	0	0	2	2	4	1	3	3	3	1	9	5	5	111	0	27	26	5	11	23	37	26	6	8	3	2	1	2	3	4	3	1	6	2	1	1	2	4	1	3	2	10	2	5	7	6	3	8	2	1	0	1	2	4	4	3	5	8	17	2	9	14	5	6	2	2	1	4	0	4	6	5	3	1	1	4	3	2	11	10	18	19	13	9	5	3	4	1	4	4	3	2	4	5	2	1	7	8	10	13	46	22	11	18	18	10	9	25	19	8	12	9	9	14	16	6	5	11	4	1	6	9	6	5	3	5	16	6	3	4	1	2	1	2	5	4	3	3	0	9	14	17	5	2	4	2	1	1	7	4	2	1	0	3	5	5	2	3	6	4	18	8	7	8	6	7	7	2	0	3	1	1	2	6	4	1	2	3	3	5	12	4	7	5	2
0	0	0	0	0	0	0	1	0	0	0	0	0	0	0	0	0	1	0	0	0	1	2	0	1	0	0	0	0	0	1	0	0	0	0	0	0	0	0	0	0	1	0	0	0	0	1	0	0	0	1	0	0	1	2	0	0	0	0	0	0	0	0	0	0	0	0	1	0	1	1	2	0	0	1	0	1	1	0	0	0	0	0	1	0	0	1	0	0	0	1	2	0	1	0	1	0	1	1	0	0	1	0	0	0	0	0	0	1	0	1	0	1	0	0	0	0	0	0	1	0	0	0	0	0	0	0	0	1	0	0	0	0	0	0	0	0	0	0	1	0	0	0	0	0	0	0	0	1	0	0	0	0	0	0	0	0	0	0	2	0	1	0	0	0	0	0	0	0	0	0	0	1	0	2	0	0	0	3	0	1	2	0	2	1	0	2	0	0	0	0	0	0	0	0	0	0	0	3	1	0	0	1	0	0	0	1	1	1	0	2	4	1	0	0	2	1	0	0	0	0	0	0	1	0	0	1	2	0	0	1	1	2	0	0	1	1	0	1	0	1	0	0	0	0	0	0	0	1	2	1	1	1	0	0	0	0	0	1	1	0	0	0	1	1	2	1	0	0	0	0	0	1	0	1	3	0	1	2	0	1	1	2	0	0	1	0	1	1	4	1	4	0	1	0	0	1	0	1	1	2	0	3	0	0	0	1	2	2	2	3	3	2	6	4	2	3	7	27	0	54	14	19	51	6	30	9	2	4	3	0	3	2	5	6	7	17	13	3	0	3	1	1	2	9	4	3	4	3	5	2	2	5	1	5	0	3	4	4	2	4	8	9	2	4	3	2	3	0	0	0	1	10	6	5	5	3	1	2	3	3	3	10	20	16	5	6	6	5	3	3	1	4	3	2	2	3	1	1	1	7	22	72	28	9	14	13	12	9	6	7	8	13	13	12	11	6	11	15	7	8	6	5	3	2	2	5	0	0	4	9	5	1	3	1	1	0	1	3	1	3	5	4	7	2	6	9	3	3	3	5	1	9	4	4	0	0	2	1	2	2	3	1	2	5	1	6	8	3	2	1	0	2	0	3	0	1	0	5	1	2	4	1	2	5	3	0	3	2
0	0	0	0	0	0	0	1	0	0	0	0	2	0	0	1	1	0	0	0	0	0	1	0	0	0	0	0	0	0	0	0	0	0	0	0	0	0	0	0	0	1	1	0	0	1	0	2	0	0	0	0	0	0	0	0	0	0	0	0	0	0	0	0	1	0	1	0	0	0	0	0	0	1	0	0	0	0	0	0	0	0	0	0	0	0	0	1	0	1	0	0	1	0	0	0	0	1	0	0	0	2	0	0	0	1	0	1	1	1	3	1	0	0	1	0	0	1	0	0	0	0	0	0	0	0	1	0	0	0	0	0	1	0	0	1	0	0	0	0	0	0	0	0	0	0	1	1	1	0	1	0	1	0	0	0	0	0	0	0	0	0	0	0	0	0	2	1	2	0	0	0	0	0	1	1	0	0	0	2	1	0	0	1	0	1	2	1	0	0	0	0	0	0	1	0	2	1	0	0	0	1	0	0	0	0	1	0	2	3	2	0	3	1	0	1	0	0	2	0	1	0	0	4	2	3	0	0	0	0	1	2	0	1	3	4	1	1	2	0	0	1	0	0	0	0	1	0	0	0	1	1	1	0	0	0	0	1	0	0	1	1	1	3	1	2	1	1	1	1	0	0	2	1	0	2	3	1	1	3	2	3	1	3	0	0	0	2	3	4	3	1	0	0	1	1	0	1	1	0	1	1	0	0	3	0	2	1	4	4	3	2	1	5	2	6	6	9	26	54	0	20	13	27	12	11	3	5	2	2	3	0	0	3	3	2	12	3	2	0	2	2	1	2	15	8	8	8	9	10	7	15	7	7	1	1	3	1	6	4	13	6	15	6	8	4	2	1	1	1	1	6	8	12	7	14	8	2	1	6	2	4	7	14	6	5	7	2	2	3	5	0	1	2	1	1	0	1	2	2	5	8	13	9	10	7	7	5	6	13	6	10	17	16	17	24	8	20	53	7	19	6	3	1	3	5	5	3	3	6	3	1	0	5	1	0	3	3	4	0	0	4	2	6	4	11	8	3	7	4	3	6	6	8	5	2	1	1	2	4	0	3	3	1	7	8	2	6	7	3	0	1	1	1	2	0	1	1	6	3	0	0	5	3	7	2	3	6	1
0	0	0	0	0	0	0	0	1	0	0	0	0	0	1	0	0	0	0	0	1	0	1	0	1	1	2	1	0	0	0	0	0	0	0	1	1	0	0	1	0	0	1	1	0	0	0	0	0	0	0	1	0	0	0	0	2	1	1	0	0	0	0	0	1	0	0	1	1	0	1	1	0	0	0	0	0	0	0	0	0	0	0	0	0	0	0	0	0	0	2	0	1	0	0	0	2	0	1	0	0	1	0	0	1	0	0	0	2	0	1	0	0	0	0	1	2	0	0	0	0	0	0	0	0	1	0	0	0	0	1	0	1	0	0	2	1	0	0	0	0	0	1	0	1	1	2	1	1	2	0	0	1	1	0	0	0	0	0	0	1	1	1	0	0	0	0	1	0	1	0	0	0	0	1	0	1	0	3	1	3	2	0	1	2	3	2	0	1	1	0	0	0	0	0	1	1	0	1	1	2	0	0	0	0	0	1	1	2	4	5	2	2	0	1	0	0	1	2	0	1	2	0	1	1	2	2	4	1	2	0	0	2	0	2	2	3	3	2	0	0	0	1	1	1	0	0	1	1	1	3	2	0	3	0	0	0	1	0	1	0	2	0	1	1	1	3	2	0	4	0	1	0	0	4	2	2	0	1	6	0	3	0	0	4	0	2	4	5	5	2	1	1	1	1	0	1	0	1	1	0	2	1	3	0	2	1	1	6	4	3	2	4	2	2	3	5	6	5	14	20	0	31	11	5	5	3	7	2	3	2	5	5	2	1	11	38	34	7	4	3	1	2	4	7	6	11	4	4	6	5	11	3	3	0	3	3	5	2	3	12	0	4	1	3	3	2	2	5	3	2	6	7	18	8	11	9	3	4	2	1	2	9	15	3	7	4	1	1	2	2	0	2	1	1	0	1	1	1	2	4	4	19	11	1	2	3	2	3	10	4	0	7	14	8	8	5	8	9	3	12	6	3	3	5	2	1	1	0	4	2	1	2	0	1	1	0	1	2	1	2	3	5	3	4	2	6	5	15	12	8	5	6	4	1	2	2	1	1	2	3	1	1	1	5	4	1	2	1	5	1	1	0	0	0	1	0	0	2	0	1	0	0	0	3	3	2	2	1
0	0	0	0	0	0	0	0	0	0	0	0	0	0	1	0	1	0	0	0	0	0	1	1	0	1	0	0	0	0	1	0	0	0	1	0	0	0	1	0	0	0	1	1	0	1	1	0	1	0	0	0	0	0	0	0	0	0	0	0	1	1	0	0	0	0	0	0	0	0	0	0	1	0	0	0	1	0	0	0	0	0	0	0	0	1	1	0	0	1	0	0	0	4	1	0	0	0	0	0	0	0	2	0	1	0	0	0	0	1	0	1	0	1	1	1	1	0	1	1	0	0	1	1	0	0	0	0	0	0	0	1	0	1	2	1	0	0	1	0	0	1	2	0	1	0	2	0	4	1	0	0	1	0	0	0	0	1	0	0	0	0	1	0	0	0	0	0	0	1	1	0	1	0	1	0	0	0	1	0	1	0	2	0	1	2	1	0	1	2	0	1	0	0	0	0	1	3	1	0	0	1	0	1	0	0	0	1	5	1	4	2	3	2	0	2	2	0	0	0	1	0	0	0	0	1	1	3	0	0	2	2	0	3	2	0	1	2	3	1	0	0	0	0	1	0	0	0	0	1	1	2	0	0	1	1	0	0	0	1	1	1	0	0	1	0	0	2	1	0	0	2	2	3	0	2	0	0	2	1	0	0	1	0	2	0	0	0	3	3	2	3	1	0	1	0	0	1	0	1	0	1	0	0	2	0	2	1	3	4	1	6	2	1	1	2	2	8	11	19	13	31	0	42	5	21	9	3	3	1	5	8	4	7	9	22	22	15	6	5	6	3	1	3	2	5	5	3	4	6	2	7	3	3	1	0	0	4	4	2	13	6	1	5	1	4	1	2	2	1	1	1	7	7	1	3	3	2	4	1	1	2	4	3	2	5	0	3	1	5	0	0	1	0	0	1	1	0	1	2	1	14	17	8	6	5	9	13	10	32	12	9	5	2	3	6	2	7	1	4	2	14	3	1	5	4	5	5	7	9	9	0	1	4	2	0	2	2	1	1	0	2	2	1	2	4	38	10	13	11	14	9	9	3	3	6	4	3	2	3	1	5	2	3	6	14	9	10	3	6	2	2	3	1	0	1	3	1	3	3	0	1	0	3	5	3	1	1	2
0	0	0	0	0	0	0	0	0	1	0	2	0	0	0	0	1	0	0	0	1	0	0	0	0	0	0	0	0	1	0	2	0	0	0	0	0	0	2	2	0	0	0	0	0	1	0	0	0	0	0	1	0	0	0	0	0	0	1	0	0	0	0	0	0	0	0	0	1	0	0	0	0	0	0	2	0	1	0	0	0	0	1	0	1	0	0	0	1	0	0	0	1	1	1	1	0	0	1	0	0	0	1	0	0	0	1	0	0	0	0	0	0	1	2	1	1	0	0	0	0	0	0	0	0	0	0	0	0	1	0	0	0	0	0	0	0	0	0	0	0	0	0	0	0	0	2	1	1	0	0	0	0	0	0	0	0	0	0	0	0	0	0	1	3	0	0	0	1	1	1	0	0	0	0	0	0	0	0	0	1	0	1	2	2	3	0	0	0	1	0	0	0	0	1	0	1	1	0	2	1	1	2	0	0	1	3	2	2	1	2	0	2	1	1	2	0	1	1	1	0	1	0	0	2	1	1	0	0	1	1	0	2	0	2	1	2	3	0	0	1	1	0	0	0	0	0	1	0	1	2	1	0	0	0	0	0	2	0	0	0	0	2	0	0	1	1	0	1	0	0	0	2	0	0	1	1	1	3	2	1	1	0	3	2	1	0	1	0	4	4	3	0	2	1	0	0	1	0	0	0	0	2	0	0	0	1	3	3	2	3	2	3	1	5	1	6	13	23	51	27	11	42	0	16	295	9	5	5	2	4	6	4	1	2	4	10	7	1	1	1	2	3	4	2	4	6	2	2	5	2	11	2	1	3	1	1	1	4	2	3	9	5	3	2	6	3	5	2	2	0	3	2	5	2	4	4	0	1	2	2	2	3	7	8	3	4	5	3	1	3	1	1	3	2	0	1	2	3	2	9	18	22	13	12	14	20	21	33	25	9	10	10	6	4	4	4	10	14	2	12	9	6	8	7	6	5	3	3	10	27	17	5	2	2	2	4	4	3	0	3	3	1	4	3	6	17	6	4	5	7	7	4	9	5	3	4	5	3	1	1	3	8	2	12	10	3	9	5	6	1	3	5	1	1	1	2	1	6	3	1	1	1	1	5	7	3	2	5
0	0	0	0	0	0	0	0	0	0	0	0	0	1	0	0	0	0	0	0	0	0	0	1	0	1	2	0	0	0	1	0	0	1	0	0	0	0	1	0	0	0	0	0	0	2	0	0	0	0	1	0	0	1	0	1	0	0	1	1	0	1	0	0	0	0	1	0	0	0	0	1	0	0	0	0	1	1	0	0	0	0	0	2	0	0	1	1	0	0	1	0	0	3	0	1	0	0	0	0	1	0	0	0	0	0	0	0	0	0	0	2	0	0	0	1	1	0	1	0	0	0	0	0	0	0	0	0	0	1	0	0	2	0	0	2	0	0	0	0	0	0	0	0	1	1	1	0	0	0	0	0	0	2	0	0	0	1	0	0	0	0	0	0	1	0	0	1	0	0	0	1	1	0	1	0	0	1	0	0	0	3	1	1	2	1	0	0	1	1	0	0	0	0	0	0	0	0	1	0	0	1	0	1	0	0	0	0	1	0	1	2	1	0	0	0	0	0	0	1	3	1	0	1	0	1	0	2	1	1	0	0	0	1	0	0	1	1	0	1	1	3	0	0	1	0	0	1	0	0	3	1	1	1	0	0	0	0	1	3	1	2	2	1	0	0	2	2	2	0	2	3	1	3	0	0	0	0	1	2	2	0	1	1	0	1	0	0	0	2	2	1	3	3	2	2	0	2	0	1	0	1	0	0	0	0	0	1	1	1	3	2	2	12	20	13	19	84	37	6	12	5	5	16	0	20	7	1	2	2	1	4	3	1	3	4	5	3	2	2	3	1	0	2	8	9	3	1	8	1	8	4	2	3	0	1	8	2	2	4	5	26	5	6	5	11	5	1	4	2	2	3	2	1	2	1	1	0	1	2	0	0	0	4	5	8	7	1	3	2	2	0	3	3	0	0	1	0	1	5	5	9	3	13	73	25	13	7	49	10	8	84	13	4	3	11	7	14	8	4	0	12	7	10	17	9	12	2	4	10	7	7	1	0	2	1	3	4	4	1	4	5	4	5	12	22	11	2	3	3	7	0	6	2	0	1	1	3	2	7	7	6	4	11	75	5	4	9	13	18	5	1	3	0	2	1	1	4	5	2	2	0	1	1	4	7	3	8	2
0	0	0	0	0	0	0	0	0	0	0	0	1	0	0	0	0	0	0	2	0	0	0	0	0	0	0	0	0	0	0	0	0	0	0	0	0	0	0	0	0	1	0	0	1	0	0	0	0	0	0	0	0	0	0	0	0	0	1	1	0	0	0	0	0	0	0	0	0	0	0	0	0	0	0	0	0	0	1	0	0	0	0	0	0	0	0	0	0	1	0	0	2	0	1	0	0	0	0	0	0	1	0	2	0	0	1	0	0	0	0	0	0	0	0	1	0	0	0	0	0	1	0	1	0	1	0	0	1	0	0	0	0	1	0	0	0	0	0	0	0	0	1	0	0	1	0	1	0	1	0	0	0	1	0	0	0	0	0	0	1	0	0	0	1	1	0	0	0	0	0	0	0	0	1	0	0	1	0	0	2	0	0	0	0	3	0	0	1	1	1	0	0	0	0	0	2	0	0	0	0	2	1	0	0	0	1	0	2	3	4	3	2	0	0	1	0	2	0	2	0	0	1	1	0	1	0	2	1	1	0	0	1	0	2	0	0	2	0	0	0	0	1	0	0	0	0	0	0	0	0	0	1	2	0	1	1	0	1	0	1	2	0	1	0	2	0	1	0	1	0	1	0	0	2	1	0	0	0	0	1	1	1	0	1	1	1	1	1	0	1	1	0	1	1	0	1	0	2	0	0	0	1	0	0	0	1	0	0	2	3	1	3	2	4	4	9	19	26	30	11	5	21	295	20	0	21	3	3	2	2	4	5	5	0	5	8	5	0	4	2	4	1	4	3	3	1	3	5	5	1	6	2	1	1	2	6	2	4	1	1	3	9	5	6	6	5	2	2	2	1	2	5	2	3	0	5	2	1	0	0	3	3	10	5	6	6	5	1	9	2	1	1	3	1	2	2	2	1	5	10	17	11	9	24	15	25	23	47	22	10	17	10	5	5	8	6	9	4	4	8	5	4	3	5	7	11	4	4	12	51	9	6	5	0	2	5	3	2	1	3	1	4	3	7	12	11	4	2	6	7	6	6	7	3	2	2	4	8	4	0	4	4	6	17	19	4	14	11	15	6	3	2	2	3	0	4	3	7	3	3	2	4	3	8	4	6	10	6
0	0	0	0	0	0	0	0	0	0	0	0	0	0	0	0	0	0	1	0	1	1	1	0	0	1	2	0	0	0	1	0	0	0	0	0	0	0	0	1	0	0	1	0	0	0	1	0	0	0	1	0	0	0	0	1	0	1	0	0	0	0	0	1	1	0	0	0	0	0	0	0	0	0	1	0	0	0	0	0	0	1	0	0	1	0	0	0	0	0	0	2	0	1	1	0	0	0	0	0	0	0	0	0	0	0	0	0	0	0	0	0	0	0	0	1	0	0	0	0	0	1	0	1	0	0	0	0	0	0	0	0	0	1	0	0	0	0	0	0	0	2	0	0	0	2	1	1	0	0	0	0	0	0	2	0	1	0	1	0	1	0	2	1	0	0	0	0	0	0	1	0	0	0	0	2	0	0	1	0	0	0	1	2	2	0	1	1	1	0	0	0	1	0	1	0	0	0	0	0	0	1	0	2	0	0	0	0	1	0	2	3	0	1	0	0	0	0	1	0	0	0	1	1	0	0	0	2	1	0	0	0	0	1	1	0	0	2	1	1	0	1	0	3	0	0	1	0	0	0	1	0	0	0	0	0	0	0	1	1	3	0	0	0	0	1	1	0	0	1	0	0	0	0	0	2	1	3	0	0	1	0	0	2	0	0	2	2	1	1	0	0	0	0	0	1	1	1	0	1	0	0	0	2	0	0	0	1	1	1	3	1	0	4	2	3	3	6	6	9	3	3	9	9	7	21	0	20	5	4	8	19	9	11	8	7	2	1	3	0	0	0	2	0	1	1	2	2	3	2	3	2	3	2	0	0	3	1	1	1	2	5	4	2	3	1	0	2	0	2	1	1	1	3	0	2	1	3	4	0	1	1	1	2	5	6	0	3	0	4	4	0	1	2	3	2	0	1	1	2	14	21	3	3	5	7	32	16	10	7	5	8	4	0	6	3	2	2	4	1	3	4	5	8	4	3	4	7	3	20	195	13	2	3	3	1	2	3	0	2	0	2	1	2	5	6	13	3	7	5	12	7	7	22	19	9	14	10	3	6	3	5	2	7	8	17	14	55	6	9	10	4	2	3	0	0	1	5	1	2	2	0	2	1	4	7	1	3	6
0	0	0	0	0	0	0	0	0	1	0	0	0	0	0	0	0	1	0	0	0	1	0	0	0	1	0	0	0	0	0	0	0	0	0	0	0	1	0	0	2	0	0	0	0	1	1	0	0	0	0	0	0	0	0	0	0	0	0	0	0	1	0	0	0	0	1	0	0	0	0	0	0	0	0	0	0	0	0	0	0	0	0	0	1	0	0	0	0	0	0	1	0	1	0	0	0	0	0	0	0	0	0	0	0	1	0	0	0	1	2	2	0	0	0	0	1	0	0	0	0	0	0	0	0	1	0	0	1	1	0	0	1	0	0	0	0	0	1	2	1	0	0	1	0	0	1	0	0	0	0	0	0	0	0	0	0	0	0	0	0	1	1	0	0	0	0	1	1	0	0	1	0	0	0	1	0	0	0	0	1	1	0	1	0	3	0	0	1	0	0	0	0	0	1	0	0	0	0	0	0	1	0	0	1	0	0	1	0	0	1	2	0	0	0	1	0	0	0	1	0	1	0	0	0	1	0	0	1	1	0	0	0	0	0	2	0	0	0	0	1	3	2	0	1	1	0	1	0	0	0	0	0	0	0	0	0	0	0	1	1	0	1	2	0	1	1	0	0	1	0	1	0	0	1	1	0	0	0	0	0	0	0	3	0	0	0	0	0	1	0	2	1	0	0	1	1	1	1	0	2	1	0	1	0	0	0	1	0	0	0	0	1	1	0	3	2	4	8	2	5	7	3	5	1	3	20	0	18	29	21	9	6	4	4	2	2	2	1	1	1	1	1	0	3	3	1	0	2	2	0	3	0	0	2	1	1	0	2	0	0	1	1	1	2	1	2	1	1	0	1	4	1	2	1	3	1	1	2	1	0	0	4	0	5	5	2	0	3	4	3	2	6	5	1	5	0	5	6	9	8	14	4	1	4	7	20	12	7	1	3	4	1	1	1	1	0	2	3	1	1	0	2	3	3	2	1	4	8	8	16	31	4	14	5	3	4	2	0	2	1	2	0	3	1	3	6	1	1	2	4	2	5	6	30	31	12	6	3	3	1	4	2	2	5	8	5	11	13	5	2	5	9	3	1	2	3	6	6	2	4	1	2	4	8	8	0	4	18
0	0	0	0	0	0	0	0	0	1	0	1	2	0	2	0	0	0	1	0	1	0	1	0	0	0	0	0	0	0	0	0	1	0	0	0	0	1	0	0	1	0	0	0	0	0	0	0	0	0	0	0	0	0	0	1	0	0	0	0	1	1	0	0	0	0	0	0	0	0	0	0	0	0	0	0	0	0	0	0	0	0	0	0	0	0	0	0	0	0	0	0	1	0	0	0	0	0	0	0	0	1	1	0	1	0	0	0	0	0	1	0	1	0	1	1	0	1	0	1	0	0	0	0	0	0	0	0	0	0	0	3	0	0	2	0	0	1	0	0	0	0	0	0	0	0	0	0	1	0	1	0	0	0	0	0	0	0	1	0	1	0	0	0	0	0	0	0	0	1	0	0	0	0	0	0	1	0	0	0	1	0	2	1	1	0	0	0	0	0	0	0	0	0	0	0	0	0	0	2	0	0	0	0	0	0	1	1	0	0	0	1	0	1	0	2	1	0	0	0	0	1	0	2	0	0	0	0	0	0	1	0	1	0	0	1	1	0	0	0	1	1	1	0	0	1	1	0	0	0	0	0	0	0	0	0	0	1	0	0	0	1	0	0	0	0	1	0	0	1	1	1	1	0	0	1	0	0	0	1	0	0	1	0	1	1	0	0	0	1	0	2	1	1	0	0	1	0	0	0	0	0	1	0	0	2	1	0	2	0	0	0	1	1	3	0	2	1	3	4	2	2	3	5	2	3	5	18	0	128	23	11	2	2	1	2	2	1	0	0	0	2	0	0	2	1	0	2	1	1	0	1	0	2	1	0	2	0	2	1	2	4	2	1	0	0	1	0	4	0	0	1	1	1	0	1	2	0	0	1	0	1	0	3	1	1	4	1	3	1	10	6	3	4	5	3	3	2	4	5	20	9	2	0	2	3	8	11	2	3	2	0	1	2	1	1	0	1	2	1	1	0	0	2	2	0	2	3	1	2	10	10	5	11	2	1	1	3	0	3	2	1	0	0	1	1	4	0	1	3	4	4	10	9	21	9	6	7	2	4	3	1	5	0	3	3	4	4	3	3	3	3	3	3	3	1	3	5	1	1	5	1	4	4	4	2	4	6	8
0	0	0	0	0	0	0	0	0	0	0	0	0	0	0	0	0	0	0	0	0	0	0	0	0	0	0	0	0	0	0	1	0	0	0	0	0	0	0	0	0	0	0	0	0	0	0	0	0	0	1	0	0	0	0	0	0	0	0	0	0	0	1	1	0	0	0	0	0	0	1	0	0	0	0	0	0	0	0	0	0	0	1	0	0	0	0	0	1	0	1	0	0	0	0	0	0	0	0	0	0	0	0	0	1	0	0	0	0	1	0	0	0	0	0	0	0	0	2	0	0	0	0	0	0	0	0	0	0	0	0	1	1	0	1	0	0	1	0	0	0	0	0	0	0	0	0	0	0	0	0	0	0	0	0	0	0	0	0	1	1	0	0	1	0	0	0	0	0	0	1	0	0	1	0	0	0	1	0	0	0	2	0	0	0	1	0	0	0	0	0	0	0	0	0	0	0	0	0	0	1	1	1	0	0	0	1	0	0	0	0	0	0	1	1	0	0	0	1	0	0	0	0	1	0	0	0	0	0	1	0	0	1	1	4	0	0	0	0	1	0	0	2	1	0	0	1	1	0	0	1	0	0	1	0	0	1	0	0	0	1	0	0	0	0	0	0	0	0	1	1	0	2	1	0	0	0	1	1	0	0	0	1	1	0	1	2	2	0	0	1	0	1	0	0	0	0	1	1	0	0	0	0	0	0	0	2	0	0	0	0	0	2	2	1	3	1	1	2	3	2	3	1	2	2	2	4	29	128	0	34	9	1	3	0	3	4	1	2	1	1	0	0	1	0	1	0	0	0	1	0	1	3	0	0	0	1	4	0	1	2	0	2	0	3	1	0	1	1	0	0	2	2	1	0	0	1	0	0	0	0	2	3	2	6	3	0	0	2	5	6	6	6	8	5	2	2	2	6	3	8	10	3	0	3	5	11	8	1	0	0	1	6	4	2	3	1	0	2	1	2	2	1	2	1	3	1	3	6	5	4	13	11	5	4	2	2	1	0	1	2	1	1	4	0	5	1	0	4	3	5	3	7	5	15	6	8	8	11	5	1	7	4	2	3	4	0	5	4	3	1	1	4	2	2	2	3	3	6	2	2	2	2	0	4	1	1	1	9
0	0	0	0	0	0	0	0	0	0	0	1	0	0	0	0	1	1	0	1	1	1	0	0	1	0	1	0	1	0	0	2	0	2	1	0	0	0	0	0	1	0	0	0	0	0	0	1	0	0	0	0	0	0	2	1	1	0	0	0	2	0	1	1	0	0	0	0	0	0	0	0	0	1	0	0	0	0	0	0	0	0	0	0	0	1	0	0	0	1	2	1	0	1	1	1	0	0	1	0	0	1	1	0	1	0	0	0	2	0	2	0	0	1	0	1	0	0	0	1	0	1	0	1	0	0	0	0	0	0	1	1	0	0	0	0	0	0	1	0	0	0	0	0	3	0	0	1	1	0	0	0	0	0	0	1	0	0	0	2	0	0	0	0	1	0	2	0	0	0	0	0	0	0	0	0	1	1	3	0	0	0	0	0	2	0	0	0	0	0	0	0	1	0	0	0	0	0	0	0	0	0	0	0	0	0	0	0	0	1	0	0	0	1	1	1	0	0	0	1	0	0	1	0	1	0	0	0	0	1	0	0	0	1	0	4	2	0	0	1	0	0	1	0	0	0	0	0	0	1	0	0	0	2	1	0	0	1	0	0	1	0	1	0	0	0	1	0	1	0	0	1	3	1	0	1	1	2	1	0	0	1	0	0	1	0	1	0	0	1	0	1	0	0	1	0	0	0	0	0	1	0	0	0	1	0	2	0	0	1	1	0	0	2	5	0	1	3	1	0	3	2	5	4	1	2	8	21	23	34	0	43	4	3	5	0	4	1	2	3	0	0	0	4	1	1	0	0	0	3	0	1	1	2	0	0	1	0	1	1	3	2	4	0	0	3	0	0	1	1	0	3	0	1	0	1	0	0	1	0	1	0	3	0	5	4	5	2	1	3	1	0	2	1	3	2	0	1	2	2	7	7	4	2	1	4	5	5	4	2	1	3	2	3	4	0	0	0	2	0	1	0	1	0	2	4	2	3	6	7	7	5	3	3	1	3	0	0	0	2	0	3	3	1	0	1	2	0	1	1	7	9	5	8	80	16	12	4	6	1	1	1	1	2	3	6	5	3	2	2	1	3	2	1	1	0	3	0	2	1	5	1	2	1	3	5	0	2	4
0	0	0	0	0	0	0	0	0	0	0	1	0	0	2	2	0	0	0	1	0	0	0	0	0	0	0	0	0	0	0	0	0	0	0	0	0	1	0	0	0	1	0	0	0	0	0	0	0	0	1	0	0	0	0	0	0	1	0	0	0	0	0	0	1	0	0	1	0	0	0	0	0	0	1	0	0	1	0	0	0	0	0	0	0	0	0	1	0	1	0	1	0	2	1	1	0	0	0	0	0	0	1	0	1	0	0	0	0	1	0	0	2	1	0	1	0	1	0	0	1	0	1	0	0	0	1	0	1	0	1	0	0	0	0	0	0	0	0	0	0	0	0	0	0	0	1	0	0	1	0	0	0	0	0	1	0	0	0	0	0	2	2	0	0	0	0	0	1	0	0	1	0	0	1	0	0	0	1	1	0	0	0	0	1	1	0	0	0	0	0	0	0	0	0	0	0	2	0	1	0	1	1	0	0	0	0	2	0	0	0	1	0	1	1	0	0	0	1	0	0	0	0	0	0	0	0	1	1	0	0	0	0	0	0	0	4	2	1	0	0	1	1	2	0	1	0	2	0	1	1	1	1	0	0	4	0	0	0	1	0	0	1	0	0	0	0	2	1	0	0	0	0	0	1	0	0	0	1	0	0	1	0	0	0	1	0	1	0	0	1	0	3	1	0	1	1	3	2	0	2	1	0	0	0	0	0	1	0	2	2	1	1	3	0	3	2	3	2	3	0	5	8	6	4	4	19	9	11	9	43	0	27	13	10	3	4	3	2	1	2	1	0	2	1	0	2	1	0	0	0	0	2	0	0	0	3	5	3	0	1	0	2	1	0	1	0	2	4	1	1	0	1	0	1	1	2	2	2	1	1	0	0	4	3	2	1	1	0	0	0	2	0	3	1	1	0	0	2	0	3	10	7	5	2	6	5	6	6	7	3	1	1	2	0	0	1	1	3	0	2	4	0	6	1	2	1	2	8	6	17	7	1	4	1	2	3	1	0	0	1	1	1	1	0	2	9	5	3	10	15	14	12	31	51	10	10	1	3	7	2	0	2	4	2	8	4	10	3	4	3	5	3	0	1	1	1	1	2	2	3	3	1	0	1	0	0	4	2
0	0	0	0	0	0	0	0	0	0	0	0	0	1	0	1	0	0	0	0	0	0	0	1	1	0	0	0	0	0	0	0	1	0	0	0	0	0	0	0	1	0	0	1	1	0	0	0	0	0	0	0	0	0	0	1	1	0	0	1	0	0	0	1	0	0	1	0	0	0	0	0	0	1	1	0	0	0	1	0	0	0	0	0	0	0	1	0	0	0	0	0	0	1	0	1	0	0	1	0	1	0	0	0	0	0	1	0	0	0	0	1	0	1	1	0	0	0	1	0	0	0	0	0	0	1	1	0	0	0	0	1	0	1	1	1	0	0	0	0	1	0	1	0	1	0	1	3	2	3	0	0	0	1	2	0	0	0	0	0	0	0	0	1	0	0	0	0	0	1	0	1	1	1	0	0	1	0	0	0	0	0	1	0	0	1	0	0	0	0	0	1	0	0	1	0	1	0	0	0	0	0	1	0	1	0	1	0	1	0	0	0	1	0	1	2	1	0	1	0	0	1	0	1	0	0	0	1	0	0	2	0	1	3	0	1	1	2	2	0	3	0	0	1	2	2	1	1	1	0	1	0	0	1	0	0	0	0	0	0	0	1	0	0	1	1	0	0	0	1	0	0	0	0	0	0	0	0	1	1	3	1	0	0	0	0	1	0	0	2	1	0	2	2	0	0	0	0	3	0	2	2	1	1	1	0	1	1	3	1	2	1	4	1	1	2	0	3	3	2	0	5	4	4	3	5	9	6	2	1	4	27	0	49	20	8	6	3	4	2	1	3	4	2	2	3	0	0	0	0	1	1	0	0	1	0	1	1	1	1	4	4	5	2	0	1	2	0	0	0	1	0	1	2	0	0	2	1	2	1	0	2	0	1	3	2	0	3	2	2	1	0	3	3	2	1	2	2	0	4	6	7	2	1	1	2	4	8	6	11	3	2	4	2	1	1	1	3	4	1	2	6	6	3	7	2	2	4	7	8	8	0	2	1	3	1	0	0	0	0	0	0	0	2	0	1	13	11	8	11	16	5	6	8	11	4	4	3	3	1	1	1	2	0	2	14	14	11	0	6	7	7	1	0	0	0	1	4	2	2	0	0	1	3	2	1	1	2	2
0	0	0	0	0	0	0	0	0	0	0	0	0	0	0	0	0	0	0	1	0	2	0	0	0	1	0	0	0	1	0	1	1	0	0	0	0	0	0	0	0	0	0	0	0	1	0	0	0	0	0	0	0	0	0	0	0	0	0	0	0	0	0	0	3	0	1	0	1	0	0	0	0	0	0	0	0	0	0	0	1	0	1	0	0	0	0	0	0	1	1	0	0	1	0	1	1	0	0	1	2	1	0	0	0	0	1	0	1	0	0	0	1	0	1	0	0	1	0	0	0	0	0	0	0	1	0	0	0	1	0	2	2	0	0	1	1	0	2	0	0	0	0	2	1	0	2	2	0	2	0	0	0	0	0	0	0	1	0	0	0	0	0	0	0	0	0	0	0	3	1	0	0	0	1	1	1	1	0	0	0	2	0	1	3	0	0	1	0	0	0	0	0	0	0	0	0	0	0	0	0	0	0	0	1	0	0	1	1	1	2	3	1	1	1	0	0	1	0	1	0	2	3	2	0	0	0	0	1	0	0	0	0	0	1	0	0	0	1	2	1	0	0	1	0	1	2	0	0	0	0	0	1	0	0	0	0	2	0	1	0	1	1	0	0	0	1	0	1	0	2	0	2	1	1	0	0	0	0	0	3	0	0	2	0	0	0	2	0	0	1	0	3	1	0	0	2	0	2	1	0	1	1	0	0	0	1	1	2	0	2	3	0	2	4	3	1	2	4	5	3	2	7	1	1	5	11	4	2	3	3	13	49	0	62	10	2	3	4	4	6	1	1	0	1	2	0	7	0	1	2	1	1	0	2	0	1	2	2	2	3	1	0	1	1	1	0	0	0	0	1	2	2	2	4	1	0	0	1	1	3	2	1	2	3	1	1	2	0	1	2	0	0	1	0	2	2	0	1	3	5	3	5	6	2	4	2	1	3	8	3	2	1	1	2	2	1	3	1	2	2	4	3	0	1	2	4	1	4	7	6	2	2	1	0	1	1	0	1	0	0	0	2	2	0	1	8	12	9	28	11	9	4	7	9	0	3	3	3	3	2	0	1	2	3	6	5	4	3	2	1	0	1	2	0	0	3	2	0	1	0	1	0	0	1	1	0	1	1
0	0	0	0	0	0	0	0	0	0	0	0	1	0	1	0	0	1	0	1	0	1	1	0	0	0	0	0	1	0	0	0	0	0	0	0	0	0	0	0	0	0	1	0	1	0	0	0	1	0	0	0	1	1	0	0	0	0	0	0	0	0	0	1	1	0	1	0	1	0	2	0	0	1	0	0	1	0	0	0	0	0	0	0	0	0	0	0	0	0	0	0	2	2	2	2	0	0	0	2	1	0	1	0	0	0	0	2	0	0	0	1	0	0	0	0	0	0	1	1	0	0	0	1	1	0	1	1	0	0	0	1	1	0	1	1	0	1	1	0	0	0	0	2	0	0	2	1	0	0	0	0	0	1	1	0	0	1	0	0	0	0	0	0	0	0	2	1	1	0	1	1	0	0	0	1	2	0	0	0	0	0	0	0	1	1	0	0	1	0	1	1	0	0	0	0	1	0	1	0	1	0	1	1	1	0	1	1	1	1	1	3	0	0	0	0	0	0	1	0	0	0	1	2	1	0	1	2	1	3	1	1	1	2	0	3	3	2	2	0	0	0	0	1	1	0	1	0	0	0	1	0	0	1	0	0	0	0	0	0	1	1	1	0	0	0	0	1	0	0	0	0	0	0	1	0	1	0	2	2	2	1	2	1	0	1	1	1	0	0	2	1	2	1	3	0	1	4	1	3	2	1	2	0	0	1	0	0	1	1	1	2	1	0	0	1	2	1	3	6	3	1	9	2	3	0	8	4	1	0	5	10	20	62	0	32	8	9	2	1	3	4	0	2	5	1	1	0	0	2	2	4	0	1	0	0	1	1	5	5	6	1	3	1	1	0	2	3	0	1	1	3	3	6	2	1	4	2	0	2	0	3	0	5	2	2	0	1	1	1	0	0	1	0	1	1	0	1	1	5	2	4	8	4	1	1	3	4	3	7	5	1	0	0	3	3	3	2	2	1	2	3	8	1	0	2	3	0	3	8	8	3	1	0	1	0	0	0	2	0	0	0	1	0	1	3	12	8	13	82	17	10	3	10	6	3	4	1	2	1	1	0	2	1	2	9	7	3	3	1	2	3	1	0	1	1	1	0	2	1	0	0	0	1	2	0	0	0	2
0	0	0	0	0	0	0	0	0	0	0	0	0	1	0	0	0	1	0	1	0	0	0	0	1	0	0	0	0	0	0	0	0	0	0	0	0	0	0	0	0	0	1	0	0	0	0	1	0	1	0	0	0	1	2	0	0	0	0	0	0	0	2	0	1	1	0	0	1	2	1	0	0	0	0	0	0	0	0	0	0	0	0	0	0	0	0	1	0	0	0	1	1	3	2	1	0	0	0	0	0	0	0	0	0	0	2	0	0	1	1	1	1	1	2	1	1	0	0	0	0	0	0	0	0	0	0	0	1	0	1	1	0	0	2	0	1	1	0	2	0	1	1	2	0	0	2	3	1	0	1	0	1	0	1	0	0	1	0	0	0	0	0	0	0	1	2	1	0	1	0	0	0	1	1	0	0	0	1	2	1	0	1	2	1	1	0	0	0	0	0	0	0	0	0	0	2	0	0	2	0	1	0	0	0	1	1	1	0	1	6	1	3	1	1	0	0	1	0	0	0	2	0	1	1	0	1	0	1	2	1	2	1	0	0	1	6	3	1	1	0	0	3	0	1	0	0	0	0	0	0	0	1	0	0	0	0	1	0	0	2	1	0	0	0	3	2	2	1	0	1	0	0	1	1	1	0	0	0	0	1	0	1	0	3	2	4	2	2	0	4	0	1	1	0	0	1	1	1	0	0	1	1	0	2	1	2	0	3	3	3	3	1	3	0	1	2	3	1	7	2	11	22	4	4	5	7	2	2	3	0	3	8	10	32	0	23	15	10	4	3	3	2	2	2	4	3	0	2	0	1	7	0	1	0	0	1	0	2	4	2	6	1	2	2	1	1	1	1	2	2	2	5	3	5	5	3	2	1	1	3	1	3	4	2	1	1	3	0	6	1	2	0	0	2	1	0	1	2	4	0	7	16	2	2	4	2	7	2	9	4	6	1	2	1	3	1	1	3	3	1	1	1	4	3	1	3	1	2	6	7	2	1	3	0	3	1	0	1	1	0	0	1	1	0	2	10	18	12	41	52	24	9	9	5	1	3	5	2	2	2	1	0	0	3	3	4	5	5	4	3	2	0	0	2	0	0	0	0	0	0	0	2	1	0	2	0	0	2
0	0	0	0	0	0	0	0	0	0	0	0	0	1	0	0	0	0	0	0	0	0	0	2	0	0	0	1	0	1	0	0	0	0	0	0	0	0	1	1	0	0	0	0	1	0	0	0	0	0	0	1	0	1	1	0	1	1	0	1	0	0	1	0	1	0	0	0	1	0	0	0	0	0	0	0	0	0	0	0	0	1	0	0	0	2	2	0	0	2	2	1	1	0	1	0	0	0	0	1	0	0	0	0	0	1	1	1	1	1	0	0	0	1	0	1	0	1	0	0	0	0	1	1	0	0	0	0	0	0	0	1	0	1	0	0	0	0	1	0	0	0	0	0	1	1	4	0	1	1	1	1	0	0	1	0	0	1	0	0	1	0	0	0	0	0	0	0	0	1	0	1	0	0	0	0	0	0	0	1	1	4	1	3	8	1	0	2	1	0	0	1	0	0	1	0	0	0	1	0	1	1	0	0	0	0	1	1	0	1	4	1	0	3	1	2	1	0	0	0	0	1	1	2	0	1	0	0	0	0	0	0	0	0	0	4	3	1	0	3	2	1	0	0	0	0	0	0	1	2	0	0	1	0	1	0	1	0	1	1	1	0	0	1	1	3	1	2	3	0	0	2	0	0	0	2	1	0	1	0	1	4	2	1	1	0	1	0	1	2	2	3	1	1	1	0	2	2	1	4	0	1	0	0	0	0	2	1	2	2	1	1	1	2	4	0	4	3	6	17	12	38	22	10	5	8	2	2	2	4	4	4	6	2	8	23	0	14	6	2	1	2	3	2	1	0	2	7	2	0	1	3	2	3	1	2	2	3	3	4	5	2	4	2	4	1	0	0	3	2	1	3	5	5	4	5	3	1	1	4	2	4	7	6	3	5	2	0	3	1	1	2	0	1	1	0	0	0	2	2	3	19	34	9	3	2	6	4	2	6	4	4	2	8	2	3	3	7	7	3	5	4	0	2	4	3	1	3	3	5	7	6	2	0	2	2	2	1	0	1	2	0	0	2	4	3	5	9	6	7	23	18	14	9	3	4	4	3	3	2	0	0	0	3	1	6	2	7	1	0	4	3	1	1	0	0	0	0	2	3	0	1	1	0	3	1	3	1	2
0	0	0	0	0	0	0	0	0	0	2	1	1	0	0	0	0	0	1	0	0	0	0	2	1	0	0	0	0	0	0	0	0	0	0	0	0	0	0	2	0	0	0	0	0	1	0	0	0	2	1	0	2	1	0	0	0	0	2	0	1	0	0	0	0	1	1	0	0	2	0	2	0	1	0	0	0	1	1	0	0	1	2	0	0	0	0	0	0	0	0	2	0	3	1	0	0	0	1	2	1	0	0	1	1	0	0	1	2	1	1	2	1	1	0	1	0	1	0	0	0	0	0	0	0	0	2	1	0	0	0	1	0	0	1	0	2	1	0	0	0	0	0	2	1	1	1	1	0	1	0	0	0	0	0	1	0	1	1	0	0	0	1	0	0	1	1	1	0	1	0	0	1	1	0	0	1	0	1	1	2	0	1	4	1	1	0	0	0	3	0	0	1	0	0	1	0	0	0	2	2	1	0	0	2	3	1	3	2	2	5	1	2	0	1	1	0	1	1	1	1	0	0	2	0	1	2	1	3	1	3	0	1	1	2	4	3	4	3	1	0	0	0	0	0	1	1	1	0	2	5	1	1	1	1	1	1	1	0	0	1	0	5	2	0	2	2	2	2	1	0	1	1	0	2	0	2	0	2	2	0	2	1	1	0	1	3	4	3	5	3	1	3	2	0	1	2	1	2	1	2	0	1	0	0	1	0	2	1	3	1	6	2	2	2	4	0	6	2	13	3	34	15	7	3	5	1	2	1	1	1	3	3	3	9	15	14	0	22	11	5	6	4	0	6	6	5	2	3	3	3	9	2	0	4	0	4	2	5	1	7	0	1	0	3	3	0	0	5	2	1	11	6	19	6	10	3	2	3	3	1	0	7	2	1	1	2	0	1	2	0	0	1	1	1	1	0	1	0	0	1	2	11	6	2	1	1	5	7	6	3	2	5	3	3	1	6	5	2	1	3	11	3	3	3	0	2	0	0	2	7	1	0	1	0	0	0	2	0	1	0	2	1	1	1	1	4	15	8	14	10	5	1	2	1	0	1	2	2	1	3	0	2	2	3	5	4	1	1	1	1	0	0	0	0	1	2	1	0	2	0	0	2	1	2	0	3	2	1
0	0	0	0	0	0	0	0	0	0	0	0	2	1	0	0	1	0	0	0	2	0	0	1	0	1	0	0	0	0	1	0	1	0	0	1	0	0	1	1	1	0	0	0	0	0	1	1	0	1	0	0	1	0	0	0	0	0	2	1	1	1	2	1	0	0	1	1	0	0	0	1	0	0	0	0	2	0	1	0	1	2	4	1	0	0	0	0	0	1	0	4	9	0	4	2	0	0	1	1	1	1	0	2	2	1	2	0	2	2	3	1	1	1	1	0	0	2	2	0	1	0	0	1	1	0	1	0	0	1	4	2	1	2	1	0	0	0	1	0	0	1	0	2	0	2	1	3	1	3	0	1	0	0	0	0	0	0	0	0	2	0	0	0	2	0	0	1	1	1	0	0	1	0	1	0	0	1	1	1	1	1	4	0	2	2	0	3	1	0	1	0	1	0	2	0	0	1	2	2	1	4	3	1	0	2	2	2	2	3	2	6	1	3	2	2	1	1	1	0	2	6	1	1	0	1	0	4	5	2	1	1	1	0	2	4	2	3	0	1	1	2	0	0	2	0	0	0	2	1	0	1	0	1	1	0	1	0	1	1	0	1	2	1	1	1	3	0	2	1	1	0	0	0	1	3	0	1	1	1	0	4	1	4	0	0	7	1	0	7	3	2	5	3	2	2	1	2	7	2	2	3	2	0	0	0	0	2	0	2	1	1	0	0	2	1	0	2	1	3	2	7	6	1	2	0	3	1	0	2	2	2	4	4	2	10	6	22	0	25	3	8	3	4	2	5	5	0	1	1	3	2	1	1	0	1	2	2	2	8	6	4	1	1	1	2	2	0	2	1	3	12	7	7	5	6	5	2	1	2	2	1	2	3	0	4	2	0	4	1	0	0	1	0	0	0	1	0	0	3	0	2	4	2	3	2	1	3	2	5	1	3	2	5	0	2	5	3	1	0	2	3	3	0	2	1	1	0	0	3	1	0	1	0	1	0	1	0	1	1	0	1	1	1	0	1	8	12	13	13	4	4	5	3	2	1	3	2	1	0	0	1	0	1	2	3	1	1	1	0	0	1	0	2	0	0	0	0	1	0	3	0	1	0	4	1	0	0	0
0	0	0	0	0	0	0	1	0	0	1	1	0	0	0	0	0	0	1	0	1	0	0	2	0	1	0	0	0	0	0	1	0	0	0	0	0	0	0	0	0	0	1	0	0	1	1	0	0	0	0	1	0	0	1	1	0	1	0	0	0	0	0	0	0	1	1	0	0	1	1	1	1	1	1	0	0	0	0	0	0	1	1	1	0	0	0	0	2	0	1	1	1	1	0	1	0	0	0	2	0	0	1	1	2	1	0	0	1	1	1	2	0	3	0	0	1	0	0	0	0	0	0	1	0	0	2	0	0	0	0	1	1	1	2	0	1	1	1	1	1	4	0	1	1	0	1	3	7	3	0	0	0	0	1	0	0	0	2	0	1	1	0	2	0	3	1	0	1	2	0	0	1	1	0	1	0	1	1	2	3	3	3	3	1	2	3	1	1	1	2	0	0	0	1	0	1	3	1	0	5	0	0	0	0	0	2	5	2	4	1	9	7	3	0	3	1	2	1	0	0	1	1	3	3	2	1	5	1	2	2	3	1	1	5	7	13	8	2	0	2	2	0	1	1	2	1	2	3	0	4	1	1	2	0	0	0	0	1	0	1	1	3	2	3	2	9	3	2	0	1	2	2	0	2	0	1	4	1	1	3	1	2	2	2	4	3	2	2	1	2	2	2	2	1	1	2	2	8	1	3	1	2	1	0	2	2	3	4	2	2	0	2	0	3	2	1	1	1	0	0	4	5	1	2	4	0	1	0	1	3	1	2	4	1	4	2	11	25	0	33	17	14	8	9	9	2	1	1	2	0	4	3	3	2	2	1	3	9	13	13	2	2	1	1	2	2	1	1	2	2	10	5	9	7	2	3	1	5	4	1	1	2	5	0	1	2	2	1	1	0	0	1	0	1	1	1	0	1	0	1	1	2	0	3	1	1	2	4	6	5	1	2	2	2	2	3	3	2	1	0	7	6	1	2	1	0	0	3	3	0	0	3	2	0	1	1	0	1	2	0	0	0	1	0	1	9	18	9	9	5	6	4	2	2	0	3	3	0	0	0	1	0	0	2	0	1	4	1	1	2	1	1	1	1	0	1	1	0	1	1	0	1	1	0	0	1	1	0
0	0	0	0	0	0	0	0	1	0	0	0	0	0	0	0	0	0	0	0	0	0	1	2	1	0	0	1	0	0	0	0	1	0	0	0	1	0	0	1	0	1	1	0	0	0	0	0	0	0	0	0	0	1	0	0	0	0	0	0	0	0	0	2	1	0	1	0	1	1	1	0	0	0	0	1	0	0	0	1	2	1	0	1	2	1	0	0	0	0	2	0	4	2	1	1	0	0	0	1	3	0	0	1	0	1	0	1	1	1	2	2	6	1	0	0	0	0	0	0	1	1	0	0	0	0	0	1	0	2	0	0	2	0	0	0	1	0	0	0	0	0	0	3	4	2	1	4	1	5	0	0	0	0	0	0	0	1	0	0	0	0	0	1	0	1	0	0	0	1	0	1	0	2	0	3	0	1	1	1	0	1	3	2	3	1	3	1	1	2	0	0	0	1	0	0	1	0	1	0	1	0	2	1	0	3	0	2	2	6	3	2	4	3	0	0	1	1	0	2	1	4	0	2	1	1	2	3	2	3	0	0	0	1	4	6	13	10	4	3	1	3	1	1	0	4	3	3	5	6	1	4	1	2	1	0	2	0	1	1	1	1	2	3	2	1	4	1	0	1	1	0	0	0	2	1	0	2	1	3	4	2	2	5	7	2	9	3	3	4	2	13	7	14	2	1	1	5	5	5	4	2	2	1	2	1	3	1	2	4	2	3	2	3	2	3	3	2	2	3	2	3	6	1	3	2	0	1	0	1	0	2	1	6	3	3	1	5	3	33	0	31	27	12	11	4	2	1	1	0	4	4	4	5	2	1	6	12	29	26	8	2	2	4	0	2	2	3	2	1	3	13	6	11	4	4	4	2	2	1	0	2	2	2	1	1	0	1	0	1	0	2	0	0	0	1	1	0	2	3	3	1	2	2	3	2	0	3	3	7	7	2	3	3	2	2	5	3	0	2	6	7	2	1	3	1	2	4	1	3	3	2	1	0	1	0	1	1	1	1	1	1	0	1	1	0	6	10	10	9	0	1	1	1	1	0	1	1	1	1	0	1	1	1	0	1	1	3	2	2	1	2	1	0	1	0	0	0	0	1	0	0	1	0	0	2	0	0	0
0	0	0	0	0	0	0	3	0	0	0	1	0	1	0	0	2	1	1	0	0	1	0	2	2	1	0	1	0	0	2	1	0	0	1	1	0	0	0	0	0	0	0	2	1	1	2	0	0	0	2	1	0	0	1	0	1	0	0	0	0	1	0	0	0	2	1	3	1	0	0	0	2	1	0	1	0	0	3	1	0	0	1	0	0	0	0	0	0	3	0	1	1	2	2	0	0	0	1	1	1	0	1	1	1	0	1	0	0	0	2	2	1	1	2	0	1	2	0	1	1	0	0	3	1	0	0	1	0	0	1	2	2	0	0	1	0	0	1	0	0	0	2	2	4	0	1	0	4	1	1	0	0	0	0	1	0	0	1	0	1	0	0	3	2	1	0	0	1	0	1	1	0	2	1	2	0	1	3	1	1	1	4	6	6	2	0	2	2	2	1	0	0	1	0	1	0	1	2	3	2	3	0	2	1	5	8	2	3	11	5	13	14	4	2	1	2	0	0	0	1	0	1	7	5	4	5	4	1	1	2	3	0	4	2	6	25	11	8	2	6	1	1	0	3	3	4	2	0	1	5	1	3	0	1	0	1	1	0	3	3	0	2	2	0	2	1	2	1	2	0	2	0	3	1	6	3	3	2	5	2	4	2	5	10	3	4	6	11	1	2	6	7	6	5	2	7	21	19	17	9	7	1	2	5	1	5	3	3	1	2	1	1	2	0	1	2	0	4	1	2	1	3	2	1	4	0	1	2	0	0	1	3	1	4	3	2	6	8	17	31	0	250	17	6	1	5	0	0	1	1	4	6	7	4	4	6	5	4	17	6	3	3	1	2	0	3	0	1	2	8	18	4	4	4	2	1	4	1	2	2	3	2	1	0	1	0	2	0	1	0	0	2	0	1	2	0	0	1	0	0	0	3	1	0	1	1	0	2	2	5	2	1	1	2	2	4	1	0	3	2	5	3	0	1	2	1	1	0	2	1	0	0	1	1	0	0	0	0	0	0	1	2	0	1	2	3	9	6	6	1	0	0	0	0	3	2	0	0	2	1	0	3	0	1	2	1	1	2	1	0	1	0	0	0	1	0	2	1	1	1	3	0	1	0	0	0	1	2
0	0	0	0	0	0	0	1	0	1	1	1	0	1	1	2	1	1	2	1	0	1	1	0	1	0	0	0	1	1	0	0	0	1	0	0	2	1	0	1	0	0	0	0	0	1	0	2	0	0	0	1	0	1	0	1	1	0	1	0	1	0	1	0	0	0	0	0	2	0	0	0	0	0	2	0	0	0	2	1	0	0	1	0	0	0	0	1	0	1	0	1	2	0	0	2	0	0	0	0	1	0	0	0	0	0	0	2	2	2	3	2	5	1	0	0	2	0	2	1	0	0	0	1	1	1	0	0	1	1	1	2	2	2	2	1	1	3	3	0	1	0	2	2	2	1	1	2	2	2	0	0	0	0	0	0	0	0	0	1	0	0	1	0	1	2	1	2	1	1	2	0	0	3	1	1	1	0	1	0	0	1	1	5	1	2	3	1	1	2	0	0	1	2	0	0	0	2	3	1	3	3	0	1	3	5	5	4	2	6	4	15	13	4	0	1	0	2	0	0	3	1	1	3	2	5	2	1	1	0	2	3	0	0	3	3	63	16	10	3	2	2	4	3	4	1	2	2	2	2	2	0	4	1	1	0	0	3	1	0	0	3	3	1	1	5	2	2	1	3	0	0	1	2	1	3	3	2	5	1	3	3	0	22	7	3	13	8	8	3	3	8	10	7	8	2	3	20	21	19	15	10	5	3	4	7	3	4	2	3	5	1	2	1	0	1	1	3	1	1	1	2	1	3	0	1	2	1	0	0	0	0	4	1	0	2	3	4	3	14	27	250	0	20	5	5	3	2	1	3	5	3	3	5	5	1	3	6	14	22	5	3	1	1	2	1	0	1	6	2	10	11	4	4	2	2	1	2	1	2	2	1	1	1	1	1	2	1	0	1	1	0	1	2	1	0	0	0	0	0	0	0	2	1	0	3	1	3	1	4	6	2	0	4	0	0	2	0	1	2	5	1	4	2	0	0	4	0	3	1	3	1	1	0	0	0	0	0	1	0	1	2	0	1	0	3	0	6	1	4	1	0	1	2	1	0	2	0	1	1	0	1	1	0	2	2	2	2	2	0	3	0	2	0	4	0	1	3	2	1	0	1	3	2	0	0	0	0	3
0	0	0	0	0	0	0	0	0	0	0	1	1	0	0	0	0	0	1	0	1	0	1	3	0	0	0	0	0	0	0	0	0	0	1	0	1	0	0	0	1	1	0	1	0	0	0	0	0	0	0	0	0	0	0	0	0	0	0	0	0	0	1	0	0	1	1	0	1	0	1	1	0	0	0	0	0	2	0	0	0	1	0	0	0	0	0	0	0	0	0	1	3	3	2	0	1	0	0	0	0	0	0	0	0	0	0	0	1	0	1	2	2	1	0	1	0	0	0	1	1	0	1	0	1	0	1	1	2	0	0	0	1	0	0	0	0	1	1	1	0	1	0	2	0	1	0	4	1	0	1	0	0	0	0	0	0	0	0	1	2	0	0	0	1	0	0	0	2	0	1	1	0	3	0	0	0	0	0	1	0	2	3	1	1	1	1	1	0	0	0	0	0	1	0	2	1	0	1	2	0	0	0	1	2	1	3	2	1	5	12	5	5	1	0	0	0	1	0	0	1	1	0	1	2	2	1	1	0	0	1	0	2	0	0	4	9	10	3	7	4	2	1	0	2	1	0	0	2	1	4	2	0	0	1	1	1	1	2	1	2	2	2	2	2	1	4	4	2	0	2	2	0	1	1	1	1	4	2	3	5	7	8	16	18	4	6	8	9	5	6	38	22	7	9	2	2	8	4	7	1	2	1	3	3	5	2	3	2	3	2	2	2	4	0	3	3	2	3	2	2	4	3	4	2	4	0	0	0	1	4	2	2	0	2	2	2	0	4	8	12	17	20	0	31	10	0	5	4	3	6	9	9	10	11	2	7	20	32	244	16	6	3	3	1	3	3	0	4	7	30	18	11	8	5	5	5	4	4	3	4	2	1	1	0	3	1	1	0	0	0	2	0	0	0	1	0	0	0	2	3	2	1	2	2	2	1	0	7	3	12	4	3	10	1	3	14	3	3	1	6	10	9	5	3	2	6	2	0	2	2	2	0	1	1	1	0	3	1	0	1	1	0	0	0	0	4	7	4	1	0	0	0	1	2	0	1	1	1	0	1	1	1	0	2	2	1	4	2	4	1	0	2	0	0	1	1	0	2	0	0	1	0	0	1	0	1	1	1
0	0	0	0	0	0	0	1	1	0	0	1	1	1	0	1	0	0	0	0	0	1	0	0	0	0	0	0	0	1	1	0	0	0	1	0	0	0	1	1	0	1	0	0	0	0	1	2	1	3	2	0	0	0	0	0	1	1	0	0	0	0	0	0	0	0	1	0	0	0	0	0	1	1	0	0	2	0	1	0	0	0	0	0	0	0	1	0	0	1	0	0	1	1	2	0	1	0	1	0	1	0	1	1	1	0	1	0	1	0	0	2	2	0	0	2	0	0	1	0	0	0	0	2	0	0	0	3	1	1	1	0	2	1	0	1	0	0	0	0	0	0	0	2	1	1	1	0	0	0	2	0	0	0	1	0	0	0	0	1	0	1	1	2	0	2	1	1	0	1	0	1	2	2	0	1	1	1	0	1	1	0	2	3	0	1	2	0	0	1	1	1	0	0	0	0	1	1	0	2	1	0	0	0	2	1	3	1	1	3	5	5	1	2	1	0	0	2	2	0	3	4	2	0	1	3	1	1	3	0	0	1	1	0	2	1	4	7	1	3	1	0	0	2	3	2	0	2	0	1	3	1	2	2	1	0	0	0	2	2	0	0	3	2	0	2	4	2	1	0	1	2	1	0	0	0	5	4	6	4	2	1	9	8	8	0	6	4	9	5	8	13	10	8	0	1	4	7	4	1	1	1	2	0	0	2	3	4	5	2	5	3	6	4	1	1	3	6	2	9	15	7	2	2	8	3	1	3	2	0	1	1	2	1	5	2	1	6	2	9	11	6	5	31	0	67	9	6	0	6	12	50	30	11	15	5	16	18	18	40	49	10	1	1	0	1	5	1	3	2	11	8	15	18	3	11	0	4	3	3	0	5	3	3	1	1	2	3	1	1	0	0	3	0	0	0	0	0	4	0	1	3	5	2	3	2	4	5	4	11	17	7	11	9	1	6	13	14	6	2	7	35	7	2	9	3	6	4	2	2	2	1	0	3	0	1	0	1	1	0	2	0	0	2	1	4	8	2	15	3	2	0	2	2	0	1	2	3	2	0	3	1	1	2	3	3	4	3	2	1	1	1	0	1	0	1	4	3	0	1	2	1	1	1	3	0	1	1	3
0	0	0	0	0	0	0	0	0	0	0	0	0	2	0	0	0	1	1	0	0	1	0	0	0	1	0	0	0	0	0	2	0	1	1	0	0	1	1	0	0	0	0	0	0	1	1	0	0	0	1	0	0	0	0	0	0	1	0	0	0	1	0	0	0	1	0	0	0	0	0	0	1	1	0	0	0	1	1	0	1	0	0	0	0	1	0	0	0	1	0	0	1	0	3	1	0	0	0	0	0	0	0	0	1	0	0	0	1	0	0	0	1	0	0	1	0	1	1	0	0	1	0	1	0	0	0	1	1	0	1	0	0	0	1	0	0	1	0	0	0	2	0	1	0	0	1	1	2	0	0	1	1	0	0	0	0	0	0	0	2	0	3	0	0	0	0	1	1	0	0	0	1	0	1	1	1	1	0	1	0	1	3	3	1	1	1	1	1	0	0	0	0	0	1	0	0	2	1	2	1	2	1	0	1	0	2	5	1	2	4	3	1	1	0	0	0	0	0	1	0	0	1	0	1	2	1	2	2	2	0	0	0	0	1	2	1	2	1	0	1	0	0	0	1	1	0	0	0	0	2	1	0	0	3	1	0	0	1	2	2	2	3	2	3	3	4	4	1	2	1	2	2	2	1	2	4	2	1	1	4	1	3	6	3	4	4	3	7	0	8	16	5	3	2	0	3	4	4	2	3	2	1	0	1	1	5	9	9	9	6	11	11	12	8	1	13	6	10	4	8	6	5	4	9	3	1	3	1	1	1	0	3	2	1	4	0	6	5	9	4	1	5	10	67	0	16	6	8	10	53	71	64	13	7	11	21	11	3	13	21	10	5	10	6	8	4	5	5	8	10	10	12	11	4	5	1	3	2	5	0	4	5	2	3	2	5	3	0	0	0	1	1	1	2	0	4	1	1	1	1	3	3	2	1	0	4	4	4	4	8	12	22	12	4	23	110	19	7	5	6	21	7	3	8	4	3	1	3	4	5	1	0	1	1	1	0	1	0	0	2	1	3	5	1	1	6	3	7	1	1	1	2	0	3	1	3	3	1	1	2	3	0	4	3	0	4	4	2	1	2	3	0	1	0	0	0	2	3	2	2	1	1	3	1	2	2	1	0
0	0	0	0	0	0	0	0	0	0	1	0	2	0	0	1	0	0	0	1	0	0	0	0	0	0	1	0	0	0	1	0	0	0	0	0	0	0	0	0	0	1	1	0	0	1	1	0	1	0	0	0	0	0	1	1	0	0	1	0	2	1	0	0	0	1	2	0	0	1	1	0	1	1	0	0	1	1	1	0	0	0	1	0	0	1	1	0	0	0	1	0	0	1	2	0	1	1	0	1	0	0	1	1	0	1	0	0	1	0	2	0	1	1	0	0	0	0	1	1	0	0	1	1	2	1	1	1	0	0	0	0	0	0	0	1	1	0	0	0	0	0	0	3	1	2	2	2	1	1	1	0	0	0	1	0	0	0	0	0	2	1	2	0	1	0	0	2	1	2	1	0	0	0	1	1	2	0	2	1	3	2	4	5	3	1	0	0	0	2	0	2	0	0	0	1	0	1	0	1	1	0	2	1	1	0	5	0	3	1	9	4	2	1	0	1	1	1	1	2	0	1	0	2	0	1	1	0	1	0	0	0	0	0	1	2	2	1	0	2	0	1	0	0	2	1	0	0	0	3	2	0	2	1	2	0	0	1	1	0	3	4	3	5	2	4	12	3	3	2	2	4	0	1	4	1	2	4	4	1	0	3	3	2	6	1	0	2	4	12	19	2	2	2	2	0	0	3	1	0	0	3	1	2	0	0	15	7	28	18	9	9	7	3	0	2	1	4	2	3	8	11	5	6	3	1	2	1	0	0	0	2	0	0	1	3	2	5	5	2	2	5	3	0	9	16	0	31	10	14	15	13	11	4	1	0	4	3	1	12	8	5	6	1	3	3	4	3	4	2	3	9	23	16	24	30	15	9	19	8	4	7	8	3	3	3	3	2	0	0	1	1	0	1	1	0	0	1	0	2	2	0	2	4	4	4	0	4	4	1	6	2	7	32	9	18	23	15	20	14	60	6	4	2	6	0	3	0	1	6	5	1	1	0	2	0	2	0	2	0	1	0	6	5	1	3	4	2	9	5	2	2	4	2	3	2	0	4	0	0	1	1	0	0	2	1	1	2	0	1	1	0	1	1	1	0	1	1	2	2	1	1	2	3	2	3	2	1	2
0	0	0	0	0	0	0	1	0	1	0	0	0	0	2	0	0	1	0	0	1	0	0	1	0	0	0	1	0	0	0	0	0	0	0	0	0	1	0	0	1	0	0	1	2	0	0	0	0	0	0	1	0	0	0	0	0	0	0	1	0	1	0	0	0	0	0	0	1	1	0	0	1	0	0	0	0	0	0	0	0	0	0	0	0	0	0	1	0	0	0	0	1	3	0	0	0	0	3	0	0	0	0	0	0	0	0	0	0	0	0	2	1	0	0	0	0	2	1	0	0	0	0	0	0	0	0	0	1	0	1	0	0	1	0	1	0	1	1	0	0	0	0	1	0	0	1	1	0	0	0	0	0	1	0	0	0	0	0	0	0	0	0	0	0	1	0	0	0	0	1	0	1	2	1	2	0	0	2	0	0	0	3	1	0	1	0	2	1	0	0	0	1	0	0	2	0	0	2	0	1	1	1	0	0	3	1	0	1	1	1	3	0	1	1	0	1	1	2	0	0	1	0	4	2	2	0	0	0	3	0	0	0	0	1	0	0	1	1	0	1	1	0	1	1	0	0	1	0	1	2	2	1	2	0	0	0	1	1	0	1	3	2	3	2	1	1	3	0	1	1	2	1	2	1	0	2	2	1	1	3	1	3	1	4	2	1	1	2	7	4	4	2	1	2	2	1	2	3	0	1	3	2	1	0	1	3	9	19	16	29	8	7	4	2	3	7	6	5	4	8	4	3	2	1	3	2	0	2	0	0	1	0	7	0	0	7	2	0	1	1	0	2	5	6	6	31	0	181	35	13	5	7	2	3	5	1	1	2	3	5	6	8	16	10	7	6	1	5	0	1	5	9	3	11	7	5	3	8	6	3	11	12	6	0	3	1	3	5	3	2	1	0	1	0	0	1	0	0	1	3	3	4	10	0	1	1	2	6	5	3	3	11	41	31	24	12	12	11	51	33	2	2	2	1	2	2	2	0	3	2	2	0	0	2	0	2	1	0	1	2	5	0	3	2	1	1	3	2	0	0	0	2	0	3	0	0	0	0	1	4	1	1	1	3	0	1	2	2	4	1	0	1	0	0	0	1	0	2	2	3	0	1	0	2	1	1	0	0
0	0	0	0	0	0	0	0	0	0	0	0	1	0	0	0	0	1	0	0	0	0	0	1	1	0	0	0	0	1	0	0	0	0	0	0	0	0	1	0	0	0	0	1	0	0	0	1	0	0	1	2	0	0	0	0	0	0	1	1	0	0	0	0	1	1	0	0	0	1	0	0	0	0	0	0	0	0	0	0	1	1	0	0	0	0	1	1	0	0	0	0	1	0	0	1	0	0	0	0	0	1	0	0	1	0	0	0	0	0	1	2	1	0	2	0	0	0	0	0	0	0	0	0	0	0	0	0	0	1	0	1	1	0	0	1	0	0	0	0	1	1	0	0	0	1	1	0	0	0	0	1	0	0	0	0	0	1	0	0	0	1	0	0	0	0	1	1	0	3	0	1	1	1	0	0	0	0	1	0	0	0	3	1	1	2	1	0	1	0	0	1	0	1	0	0	1	1	0	1	0	0	1	0	0	3	2	1	0	3	2	4	0	1	1	0	1	0	0	1	0	0	0	2	1	1	0	0	0	0	0	0	0	0	0	0	1	2	0	1	1	0	0	0	1	2	0	1	1	0	1	0	0	0	0	1	0	1	1	0	0	0	3	3	0	0	3	3	2	1	0	1	1	0	1	2	1	2	2	1	3	3	1	2	2	1	1	1	3	2	4	4	2	2	0	1	2	0	1	0	2	1	0	1	1	0	8	4	16	17	25	18	10	5	2	3	3	5	7	3	9	4	4	2	8	5	3	2	1	0	0	0	0	0	0	2	2	3	1	1	1	0	1	4	0	8	10	181	0	77	19	3	3	3	5	2	7	1	0	5	4	5	11	26	21	11	3	5	18	4	2	2	3	3	5	8	6	1	5	6	2	12	8	7	6	5	4	2	1	3	3	1	1	0	2	0	0	0	1	2	1	0	2	3	4	4	5	1	6	1	5	3	16	30	21	27	9	18	15	44	16	5	2	3	2	1	2	2	0	3	0	3	2	0	0	0	1	1	1	2	1	2	3	6	3	3	1	1	4	1	1	0	2	1	1	2	0	2	2	3	2	2	0	2	2	0	2	1	4	2	1	1	4	0	2	1	0	5	1	1	1	1	1	2	3	3	3	0	1
0	0	0	0	0	0	0	0	0	1	0	1	0	0	2	0	0	1	0	1	0	0	0	0	0	0	0	0	0	0	1	1	0	1	0	0	0	0	1	0	0	0	0	1	0	0	0	0	0	1	0	0	0	0	0	0	0	0	0	0	0	1	2	1	0	0	1	0	2	0	0	0	0	0	1	0	1	2	1	0	1	0	0	1	0	0	0	0	0	1	0	0	0	2	0	0	0	0	1	1	0	0	0	0	0	0	0	0	0	1	0	0	0	1	0	1	1	1	0	2	0	1	0	0	0	0	0	0	0	0	0	0	0	1	1	1	2	0	0	0	0	0	0	0	0	1	4	0	2	0	0	2	0	1	1	0	0	0	0	0	0	1	0	0	0	0	0	1	0	2	1	0	0	1	1	0	1	1	0	0	0	1	1	1	1	0	1	3	1	1	2	0	0	0	1	1	0	0	1	0	1	0	0	2	0	1	1	0	0	2	6	1	2	0	0	2	0	0	0	1	0	1	0	0	2	1	1	0	1	1	2	0	1	1	2	3	1	0	3	2	1	1	1	0	1	0	0	0	2	0	2	4	1	0	2	0	0	0	0	1	1	2	5	2	4	5	2	1	0	3	0	0	2	3	1	1	3	3	0	1	4	4	0	0	1	1	1	2	5	7	4	5	0	2	3	2	0	5	1	4	0	2	2	1	1	1	4	5	13	7	33	89	14	6	3	7	11	3	6	5	10	6	6	5	1	5	2	2	1	1	3	0	0	1	2	0	0	3	1	2	0	1	3	3	6	10	14	35	77	0	23	12	3	6	8	4	4	3	2	4	2	7	6	25	10	12	12	6	20	5	1	3	7	4	5	5	5	4	2	2	2	0	8	4	4	3	6	3	3	1	3	1	0	1	1	0	0	2	2	2	3	2	5	2	11	4	3	2	2	1	7	9	14	15	14	21	16	14	7	11	13	3	3	0	3	1	2	0	1	0	0	3	1	2	0	1	0	0	4	1	2	1	3	7	5	5	2	1	1	5	2	0	1	0	0	1	1	1	2	2	1	0	2	2	4	1	0	2	0	1	0	1	2	1	0	0	1	1	0	2	1	0	3	2	0	1	0	1	2
0	0	0	0	0	0	0	0	0	0	0	0	0	0	0	0	0	0	0	0	0	0	0	0	1	0	0	0	1	0	1	0	0	0	0	0	1	0	0	0	0	0	0	0	0	0	0	0	0	0	0	1	0	1	0	0	0	0	1	1	3	0	1	1	0	0	0	1	0	0	1	0	2	0	0	0	0	0	0	0	1	0	0	0	1	1	0	0	0	0	0	1	0	1	0	0	0	0	2	0	0	0	0	2	0	0	0	0	0	0	0	3	0	0	0	1	0	0	0	1	0	0	0	0	0	0	0	0	0	0	0	1	0	0	0	0	1	0	0	0	2	0	0	0	0	1	1	1	0	0	0	1	0	0	1	0	0	0	0	0	0	0	0	1	2	0	1	1	1	1	0	0	2	0	0	3	0	2	0	0	0	0	1	2	1	1	1	0	0	2	0	0	0	0	0	0	2	1	2	0	0	0	0	0	0	0	2	0	1	0	3	2	1	4	0	0	0	0	0	0	1	1	2	0	0	0	0	1	1	0	1	0	2	0	1	1	3	1	0	0	1	2	0	0	0	0	0	1	0	0	0	0	2	0	0	1	1	2	1	0	1	1	3	4	2	6	4	1	0	1	1	2	2	0	2	1	1	2	1	1	3	5	4	3	4	2	2	1	5	2	9	15	4	2	1	0	1	3	4	2	5	0	0	2	1	0	6	8	6	10	12	22	24	17	5	9	16	7	3	2	7	5	2	2	8	1	3	0	0	0	0	0	1	2	2	1	1	3	3	0	4	1	5	6	12	53	15	13	19	23	0	17	26	10	8	7	10	4	6	4	4	16	11	11	12	13	7	2	18	11	10	7	13	6	6	1	5	2	4	4	0	5	5	5	4	2	4	1	2	1	1	4	2	0	1	1	0	0	1	1	1	2	3	4	7	1	3	1	4	6	11	10	32	32	3	42	52	38	7	3	25	16	5	5	6	1	2	0	3	8	1	2	0	0	1	2	1	2	4	2	1	2	1	2	6	1	2	3	1	2	0	1	3	1	0	4	2	1	1	0	2	1	1	0	3	2	4	3	3	2	3	3	1	1	1	0	3	1	5	1	2	1	2	1	4	3	1	2	2
0	0	0	0	0	0	0	0	1	0	0	0	1	0	0	0	0	0	0	0	1	0	0	2	0	0	0	0	0	0	0	0	0	1	0	0	0	0	0	1	0	0	1	0	2	0	1	1	0	0	0	0	0	0	1	0	0	1	0	0	0	1	1	0	1	1	1	0	0	0	0	1	1	0	0	0	0	0	0	0	1	0	0	0	2	0	1	0	1	0	0	1	0	0	2	1	2	1	1	0	1	2	0	0	1	0	0	0	0	0	0	0	2	3	0	0	0	0	0	0	0	0	1	0	1	0	1	0	0	1	1	0	0	0	1	0	1	0	1	0	0	0	0	0	1	2	1	2	0	2	0	0	0	0	0	0	0	0	0	0	0	0	0	0	0	1	1	1	0	0	0	1	0	1	0	2	0	1	0	0	2	1	0	2	2	2	1	1	0	0	0	0	0	1	1	0	1	2	2	2	0	2	1	1	2	0	0	1	3	1	8	3	5	1	0	0	0	1	1	0	0	0	1	1	3	1	2	2	2	1	1	2	1	0	1	3	0	1	1	3	0	0	1	2	1	1	1	0	0	1	3	3	0	0	0	3	0	2	0	0	1	3	2	2	1	2	1	2	1	1	2	2	1	0	2	1	2	4	2	2	4	1	3	5	6	2	3	0	5	3	8	16	5	6	4	2	5	2	3	2	5	0	1	0	0	1	2	2	8	4	2	5	7	8	0	5	16	9	8	2	15	11	7	11	4	6	2	3	1	1	1	0	1	1	4	7	3	9	2	4	4	4	3	9	50	71	13	5	3	12	17	0	21	7	6	2	13	6	4	11	54	18	5	3	4	9	6	0	2	6	4	9	18	17	11	6	2	2	3	4	5	1	4	2	4	2	1	3	1	1	3	0	1	3	0	1	0	1	0	1	1	8	2	6	9	3	6	3	8	14	23	16	29	16	2	15	39	27	10	5	12	159	10	4	8	4	11	3	4	3	4	2	0	1	0	0	2	0	3	1	1	2	0	3	3	2	11	10	7	3	3	3	2	0	0	4	1	2	2	5	2	0	3	3	5	8	4	6	2	0	1	1	3	1	0	1	0	1	3	0	1	0	0	2	2	0	2	3	2
0	0	0	0	0	0	0	0	0	1	0	0	0	1	1	0	0	0	2	0	0	0	0	1	1	0	0	0	0	1	0	0	0	1	0	0	0	0	0	0	0	0	0	0	0	1	0	0	0	0	0	0	0	0	0	1	0	0	0	0	1	0	0	1	0	1	2	1	1	0	1	1	1	0	1	0	0	0	1	0	0	1	0	0	2	1	1	0	0	2	1	2	2	0	1	1	1	1	0	0	0	2	0	0	0	1	1	1	1	1	1	2	3	0	0	2	0	1	2	1	1	1	2	1	0	2	2	0	0	1	0	1	1	0	0	0	0	1	0	0	0	0	1	1	1	0	1	0	1	0	0	2	1	0	0	0	0	0	0	1	2	0	0	0	0	1	0	0	0	1	3	0	1	1	0	0	1	1	1	1	2	1	0	2	1	2	0	0	5	1	1	0	1	0	1	0	1	2	0	3	2	0	1	0	1	1	1	2	2	3	7	6	2	0	0	1	0	0	0	0	0	0	0	4	1	1	3	1	2	1	0	0	1	0	3	4	1	3	3	1	3	2	2	0	0	0	2	0	1	1	2	0	1	0	1	2	0	1	0	2	0	1	9	3	0	3	2	2	1	2	0	3	0	1	2	3	3	6	2	5	7	8	4	7	7	2	2	4	2	9	13	34	7	5	0	3	5	5	9	3	1	1	2	2	0	2	8	2	4	7	8	10	14	10	4	4	5	2	2	5	7	3	3	2	2	2	3	0	0	3	1	2	0	1	0	0	2	2	1	3	4	6	3	9	30	64	11	7	3	3	26	21	0	19	37	12	10	9	10	14	9	7	8	7	4	7	4	2	20	19	25	7	17	12	7	8	3	0	2	4	1	3	3	1	1	1	0	0	3	2	1	4	1	1	0	1	0	0	1	1	1	2	2	2	7	4	0	2	1	6	9	3	10	12	2	7	55	16	3	3	10	11	3	3	7	5	4	1	3	3	0	1	3	0	0	2	1	0	1	0	3	5	2	1	4	2	1	4	5	6	0	0	2	1	0	0	2	1	0	0	1	0	0	2	1	4	2	1	2	2	0	1	0	0	0	1	0	1	0	0	0	2	0	0	2	2	1	1	1
0	0	0	0	0	0	0	0	0	0	1	0	0	0	1	0	0	0	0	1	0	0	2	0	3	1	0	0	0	0	0	0	1	1	2	0	0	0	0	0	0	0	0	2	0	2	1	0	0	0	0	0	0	0	0	0	0	0	1	0	0	0	0	0	1	1	1	1	0	0	0	0	0	0	0	0	1	1	0	1	0	0	1	0	3	0	1	0	0	0	1	0	0	0	0	2	0	0	0	0	2	0	0	0	0	0	0	1	0	1	1	0	2	1	2	0	1	0	0	0	1	0	0	0	0	1	0	0	1	0	0	1	0	0	0	0	0	0	1	0	1	0	0	1	1	2	0	0	0	1	1	1	0	0	0	0	0	0	1	1	1	1	0	0	0	0	0	0	0	0	2	0	0	1	0	0	1	5	0	1	2	1	2	0	2	0	0	1	0	0	0	0	1	0	0	0	1	1	1	1	2	2	0	0	1	3	4	2	1	2	3	2	0	1	0	0	0	1	0	0	2	1	1	1	1	2	0	2	0	1	0	0	0	0	0	0	6	3	4	1	3	2	2	0	3	1	1	0	1	0	2	2	3	1	2	1	0	0	1	3	1	6	0	0	0	2	3	2	4	1	2	2	0	3	0	2	3	9	3	4	7	10	10	7	12	7	6	6	8	5	11	21	25	4	7	2	3	5	2	3	0	0	0	1	3	2	12	11	4	5	2	5	8	8	0	3	5	2	1	1	7	3	3	1	3	1	2	0	2	0	2	0	0	0	1	1	3	0	1	3	5	7	5	10	11	13	4	2	3	6	10	7	19	0	232	16	8	8	3	7	5	3	3	4	3	6	4	1	11	65	58	2	11	6	2	2	1	1	2	1	2	1	3	1	0	2	1	1	0	3	1	0	0	1	0	0	0	2	0	0	1	1	2	1	1	0	0	1	2	0	4	4	1	2	3	5	6	2	7	1	2	7	5	5	5	0	3	4	0	1	3	0	1	0	2	0	1	0	1	1	1	2	1	3	1	1	3	0	1	0	2	0	2	2	1	0	0	1	0	0	0	1	1	2	1	1	1	2	1	3	1	0	0	1	1	0	0	0	2	0	0	0	0	1	3	0	1	0	0
0	0	0	0	0	0	0	0	1	0	1	0	1	0	0	0	0	1	0	0	0	0	0	0	0	0	0	0	0	0	1	0	0	0	0	0	0	0	1	0	0	1	1	1	0	0	0	0	1	0	0	0	0	0	0	0	3	0	0	0	0	1	0	1	1	1	1	1	0	0	1	0	0	0	0	0	0	0	0	0	0	0	0	0	0	0	0	0	0	0	0	0	2	1	0	0	0	0	0	0	1	1	1	0	2	0	0	0	0	0	1	2	1	0	0	2	1	0	1	0	0	0	0	0	0	1	0	2	0	0	1	0	0	1	0	0	0	0	1	1	0	1	1	0	0	1	0	1	3	0	1	0	0	0	0	0	0	0	0	1	0	0	0	0	0	2	1	1	1	0	0	1	2	1	1	0	1	0	1	0	1	1	2	3	2	0	3	1	0	0	1	1	0	0	1	0	1	0	0	0	1	2	0	0	1	1	1	5	0	4	3	1	1	2	1	1	1	0	0	0	2	0	0	0	1	1	2	0	1	2	0	1	2	1	2	0	0	2	5	2	2	3	2	1	6	2	0	1	2	2	0	3	2	2	1	3	1	0	1	2	0	4	6	5	2	4	3	4	7	5	4	0	3	1	2	1	1	10	3	3	8	15	14	17	12	9	4	11	10	7	10	43	22	5	4	2	5	5	8	7	1	3	1	2	1	0	14	10	2	7	4	5	9	3	3	2	1	2	0	5	1	0	1	3	0	1	0	2	1	0	0	0	1	2	0	0	1	4	0	2	2	4	5	11	15	7	1	3	5	8	8	6	37	232	0	22	5	7	6	7	3	4	4	1	5	1	1	1	9	55	86	4	7	5	3	2	1	1	0	1	1	1	1	3	1	2	2	1	0	0	0	0	0	1	0	0	2	0	1	0	1	0	0	4	2	0	0	2	1	2	4	6	4	5	3	7	12	4	1	3	2	3	3	3	4	1	1	1	1	2	2	1	0	0	0	0	1	2	1	0	2	0	2	0	1	1	2	3	0	2	1	0	0	1	2	2	1	0	1	0	0	0	0	0	4	1	2	0	1	1	0	1	1	0	1	1	0	1	0	0	0	0	0	1	1	3	1	1	1
0	0	0	0	0	0	0	0	0	1	0	0	0	1	0	0	1	0	0	0	2	0	0	1	0	0	0	0	0	0	0	0	0	0	0	0	0	1	0	0	0	0	0	0	2	0	0	1	0	1	0	0	0	1	0	0	0	0	0	0	1	0	0	0	1	0	0	0	0	0	0	0	1	0	0	0	0	1	0	0	0	0	1	0	0	0	0	0	0	0	0	0	0	2	1	0	0	0	1	2	1	1	0	0	0	1	0	0	0	0	0	0	2	0	1	0	0	0	1	1	0	0	1	0	0	0	0	0	0	1	0	1	1	2	1	0	1	1	1	2	0	0	1	3	0	2	1	3	0	0	0	0	2	1	0	0	0	0	0	0	0	1	0	0	0	0	1	0	1	1	0	1	1	2	2	0	0	3	1	1	3	1	1	6	0	2	2	5	1	0	1	0	0	1	1	0	1	1	2	1	0	0	0	1	1	1	4	1	5	4	12	5	1	2	1	0	0	0	0	0	2	0	3	2	3	6	0	1	1	0	1	1	1	1	3	5	2	2	1	0	1	1	1	0	1	1	0	2	1	1	5	2	1	1	2	3	0	1	4	0	8	7	10	6	2	5	8	13	8	3	5	5	5	4	2	3	7	18	6	10	19	21	9	5	2	3	3	11	11	17	19	16	5	0	6	5	4	7	5	1	1	3	1	2	2	6	544	21	5	14	3	6	5	3	2	1	5	2	1	0	1	3	0	1	1	2	0	1	0	0	0	0	0	0	0	0	2	0	1	2	1	4	1	2	5	11	0	5	2	4	7	2	12	16	22	0	3	3	6	4	4	4	1	4	2	2	2	2	6	16	10	12	9	2	4	4	1	4	7	2	2	4	1	2	0	3	2	2	0	0	1	2	0	2	1	0	1	0	1	0	0	3	1	0	1	0	1	1	1	1	2	2	1	4	4	3	7	4	3	5	5	2	2	1	3	1	4	1	0	1	1	1	0	2	0	1	0	0	0	0	0	0	0	1	1	2	0	1	3	1	1	0	4	2	0	1	1	1	0	1	1	1	2	0	1	3	1	2	0	0	1	0	0	0	1	2	0	0	1	0	1	1	0	0	4	0	1	0	1
0	0	0	0	0	0	0	0	0	0	0	0	0	0	1	0	0	0	1	0	0	0	1	1	0	0	0	1	0	1	0	0	0	0	0	1	0	1	1	0	0	0	1	0	0	1	0	0	0	0	0	0	0	1	1	0	0	0	1	0	0	0	0	0	1	1	2	0	1	1	0	1	1	0	0	0	0	0	0	0	0	1	0	0	0	1	0	1	0	0	1	0	1	1	0	0	1	2	1	0	0	0	0	0	2	1	0	1	0	0	1	0	0	0	1	0	0	0	3	0	0	0	0	0	0	0	1	0	0	0	0	1	0	0	2	1	1	1	0	0	0	0	0	0	0	1	2	1	1	0	1	0	0	0	1	0	0	0	0	1	0	0	1	2	0	0	1	3	0	2	2	1	0	0	0	0	0	0	0	0	0	3	1	2	1	2	0	1	1	0	0	0	0	0	2	2	0	0	1	0	0	0	0	0	0	3	1	0	1	0	3	1	2	1	2	0	0	1	0	1	3	0	1	1	1	0	1	0	0	0	0	0	1	1	1	1	4	3	0	0	2	1	1	0	2	0	0	0	0	0	0	0	1	0	1	0	0	0	3	0	0	0	1	1	1	2	1	2	1	1	2	1	1	1	0	2	0	2	0	1	4	1	2	4	0	3	2	1	3	1	3	6	10	6	1	2	2	1	4	2	1	0	2	0	1	1	1	6	2	1	2	4	12	17	8	12	10	11	2	3	3	3	0	1	8	6	3	1	2	1	1	3	1	1	1	1	2	4	2	1	6	6	3	7	16	21	4	1	7	4	10	13	10	8	5	3	0	17	14	8	10	23	5	2	2	6	8	2	6	7	8	5	5	4	2	0	1	1	2	2	2	1	1	1	4	5	3	3	1	0	1	0	0	0	0	0	1	0	1	0	1	1	1	0	9	5	3	0	7	6	20	13	9	6	0	6	7	3	1	2	1	17	19	10	31	3	2	5	1	4	2	2	2	1	0	1	0	3	4	0	1	2	1	1	2	3	4	4	4	2	0	1	0	1	1	1	2	2	2	3	0	2	6	5	10	6	4	3	0	6	4	2	2	1	2	0	0	1	3	0	0	0	0	1	2	3	0	0	3
0	0	0	0	0	0	0	0	0	0	0	0	0	0	0	0	0	0	0	0	0	1	1	0	0	0	0	0	0	0	1	1	0	1	0	0	0	0	0	1	1	1	1	0	0	0	0	0	0	0	0	0	0	0	0	0	1	0	0	1	0	0	1	1	0	0	0	0	0	0	0	1	1	2	0	0	0	0	0	0	0	1	1	1	0	0	1	0	0	0	1	2	1	0	0	0	0	0	0	0	0	0	1	1	0	0	2	0	0	0	1	0	1	0	1	0	1	0	0	1	1	0	0	0	0	0	0	3	2	0	0	2	1	0	1	3	1	1	0	0	0	1	0	0	0	2	0	1	0	1	0	1	1	0	0	0	0	0	0	0	1	0	0	1	0	0	0	0	0	1	2	1	0	1	0	1	0	1	1	0	1	1	0	1	1	2	3	1	3	0	1	1	0	0	0	0	0	1	2	0	1	0	0	0	2	2	1	1	1	1	2	3	1	1	0	0	2	0	1	0	0	1	1	0	1	2	1	0	0	0	0	0	2	1	1	3	8	5	3	2	2	0	1	0	1	0	1	0	0	1	4	0	2	0	0	1	0	2	0	3	1	1	0	1	0	0	2	2	2	1	2	2	1	2	1	1	1	0	1	2	5	6	6	14	6	5	7	1	4	1	3	10	25	12	3	4	2	2	7	2	3	1	0	4	0	1	4	1	3	3	2	4	5	2	2	3	6	2	4	4	1	5	4	1	2	2	1	0	0	4	0	5	1	2	1	0	3	2	2	3	12	5	6	20	18	11	3	1	1	3	4	6	9	8	7	3	17	0	50	24	12	9	5	2	2	1	1	0	6	5	19	6	1	6	3	6	0	0	4	1	0	1	1	3	3	0	1	0	0	0	1	0	2	1	1	0	0	0	0	2	2	4	1	2	1	1	1	0	2	4	13	2	2	4	2	3	10	4	1	3	2	8	14	10	10	3	5	6	2	4	2	0	2	1	0	0	2	0	1	1	0	0	0	1	1	3	4	7	5	3	5	1	3	0	1	2	3	1	2	1	1	0	2	1	3	4	1	3	2	2	0	2	2	2	1	0	1	0	1	0	2	0	0	1	3	1	1	1	1
0	0	0	0	0	0	0	0	0	1	0	0	0	1	0	0	0	1	1	1	0	0	1	1	0	1	1	0	0	0	0	0	0	0	0	2	0	0	0	0	0	0	0	2	0	1	0	0	0	0	0	0	0	0	1	0	0	0	1	1	0	1	1	0	0	1	1	0	1	1	0	0	0	0	0	1	0	0	0	0	0	1	0	0	0	0	0	0	0	0	0	2	1	1	0	1	1	0	0	1	0	1	0	0	0	0	0	2	1	2	1	1	1	0	0	1	1	0	0	1	2	0	0	0	0	0	1	0	2	0	2	1	0	1	1	1	0	0	0	1	1	1	0	0	0	0	2	0	0	1	1	0	1	0	0	1	0	0	0	0	0	0	0	0	0	2	1	1	1	1	1	0	0	0	1	0	3	0	0	3	1	0	1	2	1	1	0	1	0	1	0	1	1	0	1	0	1	1	0	1	1	1	1	0	1	2	2	1	2	2	4	4	9	2	0	0	0	0	0	1	2	2	0	2	1	3	2	1	2	0	0	1	0	0	2	0	10	9	4	2	2	2	0	2	3	1	4	0	2	1	2	0	0	1	0	3	0	0	2	2	1	1	1	4	4	2	1	0	1	3	2	1	1	1	1	1	1	2	4	2	1	2	6	5	11	3	5	5	4	4	5	7	12	21	1	1	4	5	6	4	4	2	1	2	1	4	3	1	2	4	1	4	4	3	2	2	6	4	4	4	6	2	4	4	2	4	1	2	2	0	1	3	1	2	5	2	3	5	2	9	29	4	14	32	18	3	1	2	0	2	6	4	10	3	6	6	14	50	0	34	22	4	2	2	0	3	1	2	6	5	10	9	5	5	5	2	1	0	4	2	2	0	3	2	1	2	0	0	1	0	1	0	0	0	0	0	1	2	0	1	1	1	0	0	1	3	1	2	6	5	7	1	4	5	1	3	2	3	1	2	6	9	7	1	1	3	4	4	2	4	0	0	1	1	1	0	2	1	4	3	0	0	1	0	1	1	7	9	7	5	1	0	1	0	1	2	2	2	2	0	1	1	1	2	1	1	3	2	0	3	0	0	1	2	0	0	1	0	1	1	0	0	1	0	1	0	1	1	0
0	0	0	0	0	0	0	1	0	0	0	0	0	0	0	0	0	0	1	0	0	0	1	0	0	0	1	0	0	0	0	0	0	0	0	0	0	1	0	0	0	0	0	0	0	0	0	0	0	0	1	1	0	0	1	0	0	0	0	0	0	1	0	0	1	1	0	1	1	0	0	1	1	0	0	0	2	0	0	0	2	0	1	0	0	1	0	0	0	1	0	2	4	0	0	0	0	0	1	3	2	0	0	0	0	0	0	1	2	0	2	1	0	0	3	0	2	1	0	0	0	0	0	0	0	0	2	1	1	1	0	1	2	0	1	2	0	0	0	0	0	1	0	2	0	0	0	3	0	1	1	0	0	0	0	0	0	0	0	0	0	0	2	1	0	0	0	1	1	1	0	2	1	1	1	0	0	0	0	4	0	1	4	0	2	1	1	1	0	1	0	0	0	0	0	1	1	1	3	3	0	1	0	1	2	1	5	2	2	4	5	9	3	6	1	0	0	0	0	0	0	3	1	3	3	2	0	3	1	0	1	0	0	0	1	3	8	5	7	3	3	1	2	2	2	1	1	2	2	3	5	1	1	0	2	1	0	1	0	1	2	1	2	3	3	0	3	1	1	1	2	0	1	2	1	3	3	2	2	2	8	7	3	8	9	6	2	5	6	1	7	18	9	11	1	0	1	9	9	5	0	1	0	1	1	1	8	2	5	2	0	7	3	6	1	4	5	3	3	2	4	3	2	2	4	1	1	0	1	1	1	0	1	2	5	4	4	1	8	13	26	17	22	244	40	13	12	3	5	4	4	11	14	7	7	4	8	24	34	0	33	3	2	0	4	2	1	2	1	9	14	17	5	11	5	3	3	3	1	1	2	0	2	2	1	2	0	2	0	0	0	0	0	2	0	1	0	0	0	1	2	3	4	4	2	0	1	3	1	9	5	2	2	3	1	5	9	5	3	2	2	9	6	6	3	1	3	4	3	5	0	0	2	0	0	0	1	1	1	1	0	0	1	0	2	0	4	6	6	5	1	2	1	3	0	2	0	4	2	1	0	0	2	3	2	2	5	3	2	5	0	1	0	1	0	0	0	0	0	0	0	1	1	0	0	0	1	1	3
0	0	0	0	0	0	0	0	1	1	1	0	2	0	0	0	0	0	0	0	0	0	0	1	0	0	0	1	0	0	0	0	0	1	0	0	0	2	0	0	0	0	0	0	0	0	0	1	1	0	0	1	0	0	0	0	0	0	0	0	0	0	1	0	0	0	0	0	0	0	1	0	3	0	0	0	0	0	0	0	1	1	0	0	0	0	0	0	1	0	0	0	1	0	3	0	1	0	1	0	0	0	1	0	1	0	1	0	0	0	1	1	2	2	3	1	0	0	0	0	1	0	1	0	1	0	0	1	1	1	2	0	0	0	0	1	0	0	0	0	0	0	1	0	0	2	2	4	1	0	1	0	0	0	0	0	0	0	0	0	0	1	4	0	0	1	2	0	0	2	2	0	0	0	0	0	0	0	0	1	0	3	0	6	3	3	0	2	0	1	0	1	0	1	0	0	1	0	0	1	3	0	0	0	0	0	1	1	3	6	2	5	0	4	0	0	0	0	0	0	0	0	2	2	1	2	1	0	0	1	1	0	1	1	1	4	6	2	4	1	1	3	2	1	2	0	0	1	0	2	2	3	2	1	0	0	1	1	2	2	0	1	1	1	0	1	4	0	0	2	0	0	1	1	0	0	0	3	2	3	3	3	0	5	4	1	0	3	1	2	3	3	12	2	1	2	2	3	3	3	1	2	0	1	0	1	3	1	6	6	4	1	2	7	4	2	3	5	5	4	13	12	13	3	5	1	2	0	2	2	3	1	4	3	6	2	5	7	6	13	8	6	5	16	49	21	8	5	4	2	4	54	9	5	3	4	10	12	22	33	0	9	3	3	4	6	2	2	5	7	9	18	11	24	16	5	3	2	1	2	2	0	5	2	0	2	3	0	1	0	3	1	0	2	0	0	0	1	1	1	2	1	7	2	3	3	1	2	7	15	17	9	9	6	9	8	13	11	10	6	5	66	9	3	4	2	6	2	2	7	2	0	2	0	0	0	3	3	2	2	3	2	3	3	1	3	21	12	11	8	0	0	1	3	1	0	1	1	0	2	1	3	0	1	7	6	2	4	2	3	2	1	1	2	1	0	0	1	3	0	1	0	0	1	1	2	0	5	2
0	0	0	0	0	0	0	0	0	1	2	0	0	0	0	0	0	1	0	0	0	0	0	0	1	0	1	1	0	0	0	1	0	0	0	0	0	0	0	0	1	0	0	1	0	0	0	0	1	0	0	1	0	0	1	0	0	1	0	0	1	0	0	1	0	0	0	0	0	0	0	0	1	0	1	0	0	1	1	0	0	0	0	0	0	0	2	0	0	0	0	0	0	0	0	1	0	0	0	0	1	0	1	0	0	1	0	0	0	0	1	0	0	1	1	1	0	0	0	0	0	0	0	0	0	1	0	2	0	0	0	1	0	0	0	1	0	0	0	0	0	1	0	0	0	0	0	1	1	0	0	0	0	0	0	0	0	0	0	0	0	2	0	2	0	1	0	0	0	1	2	0	0	0	0	0	0	0	2	0	2	2	2	0	0	2	1	0	0	0	0	1	0	0	0	1	0	0	0	0	0	0	1	2	1	2	2	1	0	2	2	0	0	0	0	1	0	1	1	0	0	2	0	0	0	1	1	0	2	0	2	2	0	0	0	1	1	2	0	0	0	3	0	0	0	0	0	1	0	0	2	0	0	0	1	0	0	1	0	0	1	2	6	3	1	2	0	2	0	0	1	0	0	1	2	0	0	2	0	2	0	1	1	1	0	3	0	3	1	1	3	2	3	1	1	0	1	3	2	1	0	1	3	0	0	1	1	3	2	4	0	8	5	14	22	18	29	20	8	8	6	0	6	9	26	3	5	1	4	0	2	0	4	1	1	6	2	0	4	2	2	3	3	6	10	10	5	6	5	7	16	18	7	3	4	4	23	9	4	3	9	0	11	6	8	13	7	6	3	5	6	4	3	3	3	6	2	2	3	1	3	1	2	3	5	7	5	3	0	1	0	0	2	2	2	0	0	1	3	0	2	3	2	4	11	11	5	5	13	13	31	126	72	11	10	19	5	25	7	3	8	32	7	7	24	2	15	3	5	6	5	7	1	1	0	2	0	0	1	2	1	3	6	4	5	11	3	5	4	3	1	2	1	0	1	3	4	2	2	5	2	2	3	6	15	7	0	2	7	5	9	6	0	0	0	1	1	2	3	1	1	1	0	2	5	2	2	5	1
0	0	0	0	0	0	0	0	0	0	0	1	0	0	0	0	1	0	0	1	1	0	0	0	0	0	0	1	0	0	0	0	0	0	0	1	0	0	0	0	0	0	0	0	0	0	0	0	0	0	0	0	0	0	0	0	0	0	0	0	0	0	0	0	0	0	0	0	0	0	0	0	0	0	0	1	1	0	1	0	0	0	0	0	0	0	0	0	0	0	0	0	0	0	0	1	0	0	0	0	1	2	0	0	0	1	1	1	0	0	0	0	2	0	0	2	1	0	0	0	0	1	0	0	0	1	0	0	0	2	0	1	1	0	0	0	0	0	0	0	0	0	2	0	1	0	0	0	1	0	0	0	0	0	0	0	0	1	0	1	0	1	0	1	0	0	0	0	1	0	1	0	0	0	1	1	0	0	0	3	1	0	2	2	1	1	0	0	0	0	0	0	0	1	0	1	0	1	1	1	0	1	0	0	0	0	0	1	1	2	6	2	3	0	0	0	0	1	0	0	1	1	0	1	0	1	0	1	0	0	0	2	0	0	1	1	1	3	1	1	0	0	0	1	0	2	1	0	1	0	0	0	1	0	0	0	0	1	1	1	0	1	2	1	2	0	2	1	2	3	0	2	1	2	1	2	1	2	1	0	0	0	0	0	1	0	1	0	2	4	0	2	2	1	1	1	1	1	1	0	2	0	1	1	1	0	2	5	2	4	6	8	6	11	5	4	12	14	17	9	15	4	1	5	5	9	4	1	2	2	4	2	5	0	3	1	4	1	1	2	2	3	1	3	1	5	6	8	11	6	11	5	8	3	4	1	5	5	2	2	3	11	0	40	102	13	16	11	3	0	2	3	3	3	3	6	3	2	3	1	4	6	6	6	12	12	11	8	5	3	1	2	1	2	0	2	0	0	3	0	2	7	5	9	13	7	6	3	6	9	5	10	23	17	19	21	5	21	28	11	12	9	4	2	2	2	2	3	3	2	0	3	1	1	1	0	3	4	7	2	5	6	6	14	9	22	1	2	2	1	1	3	1	4	0	1	2	2	0	4	2	1	2	3	7	2	4	4	3	5	2	1	1	2	1	1	4	2	3	0	2	0	1	4	4	9	4	6	2
0	0	0	0	0	0	0	0	0	0	1	0	0	1	0	1	0	0	0	0	0	0	0	0	1	0	0	1	0	0	0	0	1	0	0	1	0	0	0	2	1	0	0	0	1	0	0	0	0	0	0	0	0	0	0	0	0	0	0	0	1	1	0	0	0	0	0	0	0	1	0	2	0	0	0	0	0	0	0	0	0	0	1	0	0	1	1	0	0	0	0	1	0	0	0	2	0	1	1	0	1	0	0	1	0	1	0	0	1	0	0	0	1	0	1	1	0	0	1	0	0	1	0	0	0	0	0	0	0	1	1	1	2	0	0	1	0	1	0	0	0	0	0	0	1	0	0	0	1	0	0	0	0	1	0	0	0	0	0	0	1	0	1	0	0	1	0	0	2	1	0	0	1	0	0	0	1	1	0	1	0	0	1	2	3	1	1	0	0	1	0	0	0	0	0	0	0	0	0	1	2	0	1	3	2	0	3	0	1	1	1	0	1	0	0	0	0	0	0	0	0	0	0	0	1	1	1	0	0	0	0	1	1	2	1	1	1	2	0	0	1	0	0	0	3	0	0	0	0	0	2	2	0	1	0	0	1	1	0	1	1	0	1	3	4	2	3	5	0	1	1	0	1	1	1	0	2	3	3	0	0	2	1	1	2	2	1	0	1	4	2	2	1	0	2	2	0	2	0	0	1	0	0	0	1	0	3	2	3	4	8	13	13	10	6	7	12	6	2	2	6	1	5	3	6	5	2	1	1	0	0	1	2	1	1	2	2	0	1	1	4	1	1	3	1	10	1	16	26	25	11	3	7	4	1	4	2	2	2	0	3	6	40	0	121	18	30	18	10	4	3	2	2	5	0	1	5	1	2	2	4	1	4	3	3	8	6	3	3	4	1	0	1	1	0	1	0	1	0	1	1	1	2	3	5	5	4	3	2	1	4	9	6	18	5	14	6	16	9	8	16	3	3	3	3	6	6	1	1	4	0	2	0	0	0	2	0	5	8	3	1	3	11	14	7	9	4	2	0	1	1	2	1	0	0	1	0	1	0	2	3	3	1	3	2	0	2	0	5	2	4	0	0	0	2	0	1	3	2	2	3	3	0	4	3	3	0	5	1
0	0	0	0	0	0	0	0	1	0	0	3	0	0	0	0	0	0	0	0	0	0	1	0	0	0	0	0	0	0	1	1	0	0	0	0	0	0	0	0	0	0	1	1	0	0	0	0	0	0	0	0	0	0	0	0	0	0	0	0	1	1	0	0	0	0	1	0	0	1	0	0	1	0	0	0	1	0	0	0	0	0	0	0	0	1	0	0	1	0	0	1	0	1	0	2	0	0	0	0	0	0	1	1	0	0	0	0	0	1	1	0	1	1	1	1	2	1	1	0	1	1	1	0	0	1	0	1	0	0	0	0	0	0	0	0	0	0	0	0	2	0	0	0	0	1	0	0	1	3	0	0	0	0	0	1	1	0	1	0	0	0	0	0	1	1	0	0	0	0	1	0	1	0	1	0	0	0	1	1	2	2	0	1	0	3	0	0	0	0	0	0	0	0	0	0	0	0	0	0	0	0	2	0	1	0	1	0	0	1	3	3	1	1	0	1	1	0	1	0	0	1	1	0	1	0	0	0	0	2	0	1	2	0	1	0	2	2	1	1	0	0	0	0	1	0	0	0	0	1	2	1	1	0	1	0	0	1	0	1	2	2	4	1	0	1	2	2	1	0	3	0	0	1	0	1	2	2	1	0	3	5	2	0	2	2	0	2	4	2	1	1	1	2	4	0	2	1	0	1	1	0	0	0	0	0	3	3	3	3	4	18	6	5	8	10	12	12	9	4	8	3	1	2	5	6	3	2	0	3	0	0	0	1	1	2	4	3	1	1	0	2	2	1	0	6	3	10	21	10	12	4	4	3	5	2	2	2	0	4	4	8	102	121	0	26	31	13	6	3	1	2	1	3	0	4	2	0	1	3	7	1	3	6	10	13	10	6	2	8	3	0	0	0	1	0	0	0	2	2	0	4	1	4	9	5	7	5	8	1	3	7	18	7	9	21	6	16	12	14	5	3	5	3	2	3	1	1	2	0	1	0	3	3	3	1	2	6	5	7	7	4	9	12	10	18	3	4	0	0	3	3	0	3	1	1	0	2	2	2	2	1	7	1	9	2	3	1	3	3	1	2	1	1	1	1	3	4	3	1	1	1	3	3	3	1	2	3	4
0	0	0	0	0	0	0	0	1	0	0	0	0	0	1	0	0	0	0	0	0	1	0	0	1	0	0	0	0	0	0	0	0	0	1	1	0	0	0	0	0	0	2	0	0	0	0	1	0	0	0	0	0	1	0	0	0	0	0	0	0	1	0	0	0	0	0	0	0	0	0	0	0	0	0	0	0	0	0	0	0	0	0	0	0	0	1	0	0	0	0	0	0	1	0	0	0	0	0	0	0	0	1	0	0	0	1	0	0	0	0	0	1	1	0	0	0	1	0	0	0	0	0	0	0	0	0	1	0	0	1	0	1	0	0	1	0	0	1	1	1	0	0	1	0	0	1	1	0	0	1	0	1	0	0	0	0	0	0	0	0	1	1	0	0	0	2	0	0	0	0	1	0	2	0	0	1	0	1	0	1	0	1	3	1	1	0	0	1	0	0	0	0	0	0	1	0	1	0	0	0	0	1	1	0	0	0	2	2	0	2	5	0	1	0	0	0	0	0	2	0	0	0	0	0	0	0	0	0	1	0	0	2	0	0	1	0	1	0	0	1	1	1	0	0	0	0	0	0	0	1	3	1	1	0	0	0	0	0	0	3	1	2	3	4	2	0	2	1	0	0	0	1	0	1	0	4	1	0	1	5	3	1	2	3	1	0	1	1	4	2	2	0	3	1	2	0	2	0	2	1	0	0	0	2	1	2	3	3	6	3	3	26	47	17	30	100	11	14	3	4	3	4	6	11	6	1	1	0	1	3	1	1	1	0	1	1	3	2	2	2	0	1	3	1	8	3	7	11	12	13	9	7	6	1	2	6	1	3	2	6	13	13	18	26	0	78	21	9	5	2	5	3	3	4	2	1	0	3	0	3	1	0	2	0	3	3	5	2	3	0	2	1	0	0	1	0	2	0	0	1	2	3	2	10	4	4	1	6	9	6	14	14	7	6	19	3	14	5	3	8	2	3	2	6	5	5	4	2	3	4	0	2	0	3	4	2	4	5	0	3	4	4	5	10	9	5	5	0	1	0	2	1	4	0	0	2	2	2	5	4	3	2	3	5	3	3	4	2	2	2	1	0	1	0	1	0	3	3	0	0	1	2	2	7	6	3	1	1
0	0	0	0	0	0	0	0	0	0	0	0	2	0	0	0	0	1	0	0	0	0	0	1	0	0	0	0	0	1	0	0	0	0	0	0	0	0	0	0	0	0	0	1	0	0	0	0	0	0	0	0	1	1	0	0	0	1	1	1	0	0	0	0	1	0	0	1	0	0	2	0	1	0	0	0	0	0	1	0	0	0	1	0	0	0	1	0	0	0	1	0	0	0	2	0	1	0	0	0	2	0	0	1	0	0	0	1	0	0	0	1	1	0	1	0	0	0	0	0	0	0	0	0	0	0	1	0	0	0	0	0	3	1	1	0	0	0	0	0	0	0	0	1	1	0	1	0	0	1	1	0	0	0	0	0	0	0	0	0	0	0	2	0	0	1	0	0	0	0	0	1	0	0	0	2	0	0	0	0	0	0	0	1	3	0	1	1	0	0	0	0	0	0	1	0	2	0	0	0	1	0	0	1	0	0	1	2	0	1	3	0	0	1	0	0	0	1	1	0	0	0	0	1	0	0	0	1	0	0	0	0	0	0	0	0	1	0	0	1	0	0	1	0	0	1	2	0	0	1	0	0	0	0	0	1	1	0	1	1	0	1	1	3	2	0	0	0	0	0	1	1	1	2	1	1	0	2	0	0	1	0	1	3	1	0	1	1	4	1	0	1	3	1	0	1	1	2	0	2	0	1	1	2	0	3	3	3	2	2	3	7	16	24	9	25	18	9	5	2	2	2	1	3	5	5	0	2	1	0	0	0	2	0	2	1	0	0	2	2	2	3	0	3	5	4	4	6	3	12	7	6	4	4	1	2	8	1	1	1	2	7	16	30	31	78	0	63	8	0	3	2	0	1	1	1	3	1	1	2	1	1	1	2	4	4	7	1	3	0	0	0	0	3	0	2	0	1	1	2	2	1	3	7	2	6	2	1	4	3	4	8	11	5	6	9	4	5	5	1	5	5	3	3	8	1	0	2	1	4	1	3	0	0	0	2	1	5	7	4	3	8	12	15	19	9	1	0	1	0	1	1	1	2	1	0	2	1	2	0	4	1	5	2	1	3	2	2	2	3	2	3	0	2	0	4	2	2	1	5	3	2	1	0	3	1	3	6	1
0	0	0	0	0	0	0	1	0	0	0	1	0	0	0	0	0	0	0	0	1	0	0	0	0	0	0	0	1	0	0	1	0	0	0	0	0	0	0	0	1	0	0	0	1	0	0	0	0	0	0	0	1	0	0	0	1	0	0	0	0	0	0	0	1	0	0	0	0	1	1	0	0	0	0	0	0	0	0	0	1	0	0	0	0	1	0	0	0	0	0	0	0	0	0	0	1	0	0	0	0	0	0	0	0	1	0	0	1	0	0	1	2	0	0	0	0	0	0	1	0	0	0	0	0	0	0	1	0	0	0	0	0	0	0	2	0	0	0	0	0	1	0	0	0	0	0	0	1	1	0	0	0	0	0	0	0	0	1	0	0	0	0	0	0	0	0	0	0	0	0	1	1	0	1	0	1	0	1	0	0	0	1	1	1	1	1	0	0	0	0	0	1	0	1	0	1	1	2	1	1	0	0	0	0	0	1	0	0	1	0	0	1	0	0	0	0	0	0	1	0	0	0	0	1	0	0	0	0	1	2	0	0	0	0	3	0	1	0	1	0	1	1	0	1	1	1	0	1	0	0	0	0	2	0	0	0	0	1	0	1	2	1	0	3	2	1	2	0	1	0	0	1	0	1	0	0	1	1	1	1	0	2	0	0	0	1	0	0	1	1	0	2	1	0	1	1	2	0	1	1	1	0	0	0	0	3	2	2	2	1	1	10	2	9	24	16	6	6	3	1	2	2	5	1	2	2	1	0	1	0	2	0	0	3	1	0	0	0	1	3	0	1	0	1	5	3	1	5	6	2	0	2	1	1	2	2	0	2	2	2	6	11	18	13	21	63	0	6	4	0	1	1	3	0	1	2	0	1	1	0	2	2	2	2	3	3	6	2	4	3	1	0	2	3	1	0	1	0	0	2	2	4	1	6	3	0	3	4	1	3	0	7	4	2	4	3	7	3	0	3	2	2	1	5	8	3	0	0	2	4	0	1	0	2	3	3	2	3	3	1	8	20	5	16	5	1	0	1	0	2	1	2	0	1	0	1	1	0	3	2	3	4	6	7	1	4	3	4	0	2	2	1	0	4	2	2	3	2	0	0	1	1	2	5	2	1	3	1
0	0	0	0	0	0	0	1	0	1	1	0	0	1	0	1	0	0	0	0	0	0	0	0	0	0	1	0	0	0	0	0	0	0	0	0	1	0	1	0	0	0	0	0	0	1	0	0	0	0	0	1	0	1	0	0	0	1	0	0	0	1	0	0	0	0	2	0	0	1	0	0	0	0	0	0	0	1	0	0	0	0	0	1	0	1	0	0	0	0	0	0	2	1	0	1	0	0	0	1	0	0	0	0	0	0	0	0	0	2	0	0	0	1	0	0	0	0	1	0	0	0	1	0	0	0	1	1	0	2	1	1	0	1	3	0	0	0	0	0	0	0	0	0	0	2	1	0	1	1	0	0	0	0	0	0	0	0	0	1	1	0	0	1	0	0	0	0	1	1	0	0	0	1	0	0	0	1	0	0	0	3	0	1	1	3	0	1	1	0	2	0	1	0	0	0	0	0	0	1	0	1	1	0	0	0	2	1	1	2	4	2	0	0	0	1	0	0	1	1	0	2	0	2	0	3	1	1	0	1	1	1	0	1	2	4	1	3	0	2	2	1	1	0	0	0	1	1	2	2	2	1	0	0	1	0	1	1	2	1	1	0	7	3	1	1	3	5	1	1	2	3	2	1	0	1	0	7	1	1	7	11	0	5	5	3	1	0	9	4	10	8	0	1	0	1	1	1	4	2	1	1	0	0	1	0	12	12	6	5	10	64	17	12	6	6	6	2	2	0	1	5	2	2	4	2	0	1	4	1	1	4	0	0	0	1	3	5	2	1	2	1	6	4	3	5	4	5	18	20	18	2	20	11	9	6	6	6	6	1	5	3	3	10	6	9	8	6	0	23	4	2	2	2	7	2	2	1	1	1	2	2	1	4	3	2	1	1	0	0	0	1	1	0	0	1	1	0	1	0	0	1	2	0	2	1	3	1	2	1	3	3	7	2	5	9	13	8	3	4	7	3	0	2	5	2	3	1	1	1	1	0	0	1	3	0	1	2	4	2	6	4	3	2	1	1	0	1	2	2	0	0	0	1	0	2	0	2	0	0	4	2	0	4	2	0	0	0	2	0	0	2	0	0	1	0	0	0	0	1	2	0	0	2	0	2	3	2	1
0	0	0	0	0	0	0	0	0	0	0	0	1	1	0	0	0	0	1	0	1	0	0	0	1	1	0	0	0	0	0	0	0	0	0	0	0	0	0	0	1	0	0	1	0	0	0	0	1	0	0	0	0	0	0	0	1	0	0	0	1	1	0	1	1	0	0	2	1	0	0	0	0	0	0	0	0	0	0	0	0	0	0	0	0	1	1	1	0	1	0	1	0	1	1	0	1	0	1	0	0	1	0	0	0	1	0	1	1	2	1	1	1	2	1	0	0	0	0	0	0	1	0	0	0	1	0	0	0	0	2	0	0	1	1	2	0	1	1	0	0	0	0	0	1	2	1	2	0	0	0	0	1	0	0	0	0	0	1	0	0	0	0	0	1	0	1	0	0	0	0	2	1	2	0	0	1	0	0	0	2	0	5	2	3	0	1	0	0	1	0	0	0	0	1	0	1	0	0	0	0	2	2	0	2	2	2	2	1	4	0	1	1	1	1	0	0	0	1	2	0	2	1	1	0	1	2	1	0	0	0	0	0	1	0	3	2	3	1	1	3	2	0	0	1	2	0	0	2	3	2	2	2	1	0	0	1	1	0	0	0	3	5	6	4	1	4	4	3	2	1	3	1	0	2	0	0	2	0	1	11	7	14	7	2	5	3	5	6	5	5	14	4	4	2	1	5	3	2	1	0	2	0	1	0	0	6	6	5	6	6	8	12	10	2	4	2	3	2	0	1	3	1	2	2	2	2	0	0	0	1	1	0	0	1	2	2	2	1	2	1	2	2	7	2	8	2	0	4	5	11	6	19	65	55	16	7	5	5	9	7	5	0	4	3	5	0	4	23	0	13	1	5	3	2	0	2	2	2	0	3	1	2	1	0	1	1	1	1	2	0	0	0	0	0	0	0	1	1	0	1	1	0	0	2	1	0	3	6	2	2	4	2	1	0	4	8	6	3	3	6	2	4	2	1	2	1	1	1	1	1	2	0	0	0	0	0	1	2	1	0	0	1	0	1	1	3	1	4	1	0	0	0	0	2	0	1	2	1	1	0	3	1	0	1	0	3	0	2	1	1	2	0	0	1	1	1	0	1	1	1	0	0	2	1	2	1	0	2
0	0	0	0	0	0	0	0	0	1	0	1	0	2	2	0	0	0	0	1	0	0	0	1	0	1	0	1	0	2	0	0	0	0	0	0	1	0	0	0	1	0	0	1	1	0	0	0	0	0	0	1	0	0	0	1	0	0	0	0	0	0	0	0	1	0	0	0	1	3	0	0	0	0	0	0	0	0	2	0	0	0	0	0	0	0	0	0	1	1	0	0	1	0	2	0	0	0	1	0	0	0	2	0	0	0	0	2	1	1	1	0	3	2	1	0	0	0	0	0	0	0	0	1	0	0	1	2	0	0	1	1	0	2	0	1	0	0	0	0	0	0	0	2	0	0	0	0	2	0	1	2	0	0	0	0	0	0	0	0	0	1	0	1	1	2	0	1	2	1	0	0	0	1	1	1	1	1	0	1	2	2	1	2	2	1	2	2	0	0	2	0	0	0	0	0	1	2	2	1	2	1	0	0	1	0	1	1	1	3	3	7	2	2	0	1	1	0	0	1	1	0	0	2	1	2	2	0	0	2	1	0	0	0	0	2	7	4	5	4	5	1	3	2	3	3	1	0	3	4	0	0	3	1	0	1	0	1	1	1	3	3	1	5	0	3	1	1	3	3	2	3	1	0	2	0	4	8	3	6	12	7	18	27	22	8	10	12	12	3	10	98	40	11	8	1	6	4	8	3	0	1	1	3	2	6	6	4	5	8	1	2	7	6	2	1	4	2	1	0	1	2	1	0	2	1	1	1	0	0	0	1	1	1	1	2	1	1	3	2	3	8	10	30	11	10	3	1	2	1	10	4	25	58	86	10	8	19	10	14	9	6	2	3	1	2	3	0	4	13	0	6	16	7	2	5	3	4	4	0	1	2	0	3	2	0	0	1	2	0	0	0	0	0	1	0	0	0	1	1	1	2	0	1	0	1	3	3	0	1	3	2	5	4	4	5	11	6	1	3	8	8	6	2	6	0	1	0	1	5	1	1	0	1	0	0	1	2	0	0	0	0	3	4	1	4	4	1	8	3	2	0	1	0	1	1	0	1	0	0	2	1	0	1	2	2	1	0	0	1	1	2	1	0	1	0	0	2	1	2	0	0	0	2	1	1	0	1	0
0	0	0	0	0	0	0	0	0	1	0	0	0	0	0	1	3	0	1	0	0	0	1	1	2	1	0	0	1	1	1	0	0	0	0	0	0	0	0	0	0	0	0	0	0	0	0	0	0	0	1	0	1	0	0	0	0	1	1	0	1	1	2	0	0	1	1	0	2	2	0	0	1	0	1	1	1	0	1	1	0	0	0	0	0	1	1	3	1	1	1	0	1	4	0	2	0	0	0	1	1	1	1	1	1	0	0	1	0	3	2	1	1	1	0	1	0	1	1	0	2	1	0	0	2	1	1	0	0	0	0	0	1	0	1	0	2	0	0	0	0	2	1	0	0	2	0	2	2	2	0	0	0	0	2	1	0	0	0	2	4	1	0	1	1	2	0	0	1	0	2	1	0	1	0	0	0	0	0	0	0	3	6	6	3	3	2	2	1	2	2	0	0	0	0	0	1	0	2	2	2	1	1	0	0	2	6	3	6	6	33	22	11	3	0	0	0	0	0	0	1	2	1	6	0	4	1	2	3	2	0	1	1	2	3	6	7	1	0	0	1	3	3	0	2	1	1	0	3	0	4	2	1	0	1	1	0	1	1	0	3	2	2	3	3	5	4	3	2	0	0	1	0	2	3	2	4	7	3	3	7	6	5	5	2	3	5	10	20	17	26	10	1	5	2	4	9	7	5	6	0	3	0	1	2	3	7	5	5	8	1	5	2	2	0	0	0	5	4	1	6	6	1	3	3	2	1	4	1	2	3	0	0	2	3	2	3	11	12	10	13	18	11	18	8	10	9	5	2	3	7	9	7	2	4	12	5	6	9	17	18	4	3	2	2	5	2	1	2	1	6	0	158	30	22	11	10	9	5	3	1	1	3	1	2	0	1	2	2	0	0	0	0	0	1	0	0	0	0	0	0	0	4	2	1	1	1	2	5	5	3	4	1	7	5	5	16	2	5	5	6	5	1	2	3	3	2	1	0	1	2	2	0	0	1	0	2	2	1	1	1	1	0	0	0	1	7	9	2	3	3	0	1	2	2	1	0	1	1	1	3	0	1	1	0	0	1	2	1	2	1	0	0	1	1	2	0	0	0	0	0	0	0	2	2	2	1	0	0
0	0	0	0	0	0	0	0	1	0	0	0	0	2	0	0	1	0	1	0	1	0	1	1	2	0	1	0	0	0	0	0	0	0	1	0	0	0	0	0	1	0	2	0	0	1	0	0	0	0	1	0	0	0	0	0	1	0	0	1	0	0	1	1	0	0	0	2	0	0	0	0	2	1	0	1	1	0	0	1	0	1	1	0	1	1	0	0	1	1	0	1	0	3	2	0	0	1	1	0	1	0	1	0	1	0	0	0	0	2	0	0	1	3	0	0	1	2	2	0	1	0	0	0	2	0	1	1	0	4	1	0	0	0	0	0	1	0	0	0	0	0	0	1	0	2	2	2	2	1	1	2	0	1	0	0	0	0	0	1	1	4	1	1	1	1	2	1	0	1	2	0	4	0	1	0	1	1	0	3	1	2	3	2	2	2	0	1	0	0	0	0	0	1	0	3	0	1	0	0	2	0	0	1	1	3	1	0	2	5	13	17	4	3	1	0	0	2	0	0	0	2	2	0	0	0	1	2	2	2	2	0	1	4	2	2	8	3	1	1	1	0	0	0	1	1	1	4	0	0	5	1	0	2	1	3	2	2	0	0	2	1	3	1	3	2	2	5	3	6	3	1	3	4	4	6	6	2	3	4	5	3	1	4	3	4	2	8	10	7	24	8	8	2	0	2	6	12	5	2	8	5	0	1	1	1	6	1	13	6	8	8	6	3	4	1	2	3	0	10	8	7	7	2	2	5	1	1	1	2	0	1	1	2	3	5	5	6	7	5	6	4	4	11	15	12	23	9	3	7	13	18	17	11	7	9	5	1	5	5	11	3	3	2	1	3	0	1	2	5	16	158	0	37	43	20	12	7	2	7	1	2	2	3	4	1	2	0	1	0	0	1	1	0	0	1	1	0	0	0	1	3	4	0	3	1	4	0	4	9	8	1	4	10	7	4	27	9	4	7	16	9	3	3	3	2	2	2	1	5	2	1	1	1	1	1	2	0	0	1	0	0	1	1	0	2	3	3	8	3	3	1	3	0	2	1	1	1	1	1	2	1	1	0	1	2	1	1	1	0	1	1	0	0	1	1	0	2	0	2	1	1	1	1	1	1	0	1	1
0	0	0	0	0	0	0	0	0	0	0	1	0	0	0	0	0	1	0	0	0	0	1	0	0	0	0	0	0	0	0	0	1	0	0	0	0	0	0	0	1	0	0	0	1	0	1	0	0	0	0	0	2	2	1	0	3	0	0	1	0	2	0	0	0	0	0	1	1	2	1	0	0	0	0	0	0	0	1	0	0	0	1	0	1	0	2	0	0	1	4	1	1	0	1	0	0	0	0	0	0	0	1	2	1	0	0	0	0	1	1	1	1	1	0	0	1	2	0	2	0	0	0	0	0	0	0	0	0	2	0	1	1	0	0	2	0	2	0	3	1	1	2	1	1	0	1	2	2	1	1	0	0	0	0	1	1	0	0	0	1	0	0	1	1	1	2	0	0	1	2	2	0	1	0	3	0	0	1	1	0	3	1	3	6	3	2	1	1	2	0	0	1	1	1	2	2	1	1	3	0	0	0	0	0	1	0	4	1	6	13	7	4	1	1	0	0	0	0	0	0	1	0	3	3	0	1	0	2	1	2	0	0	0	1	4	0	1	1	0	4	2	0	2	1	0	2	1	0	3	0	1	1	1	1	2	0	2	1	1	2	1	3	3	2	4	2	3	0	4	5	2	1	0	0	4	3	2	4	2	2	2	2	2	3	1	1	1	6	4	5	7	3	0	3	0	3	4	3	4	0	1	1	1	0	0	3	5	6	3	3	6	3	2	3	1	3	3	4	6	12	18	7	5	1	2	3	2	1	1	1	0	2	2	6	3	5	19	7	9	11	4	4	8	18	11	16	3	3	4	6	17	12	6	5	2	4	6	5	11	24	3	3	5	3	3	1	3	2	3	7	30	37	0	36	46	13	4	6	6	4	1	4	2	0	2	0	1	3	0	3	1	1	1	2	0	1	1	0	2	1	3	7	4	2	3	3	3	1	5	3	5	6	14	6	7	11	7	6	4	15	13	6	2	4	0	4	1	0	4	7	3	0	1	0	0	1	1	1	0	0	0	1	1	1	3	8	8	10	3	2	2	3	1	2	0	1	4	1	0	2	1	2	0	3	2	2	2	0	2	1	2	1	0	0	0	3	0	1	1	1	0	3	0	2	0	2	2	1
0	0	0	0	0	0	0	0	0	1	0	0	0	2	0	0	0	1	0	1	0	2	0	2	0	0	0	0	0	1	1	0	0	0	0	2	1	0	0	1	0	0	0	0	0	0	0	0	0	0	0	1	0	0	0	1	0	0	0	0	0	1	1	0	1	0	0	3	1	1	1	1	2	0	1	0	0	1	0	2	1	0	0	1	1	0	0	0	0	1	0	0	0	1	0	1	0	0	0	0	0	0	0	0	0	0	1	0	1	0	1	1	2	1	1	1	0	0	0	0	1	0	0	0	0	0	1	1	0	0	0	1	2	0	0	1	1	0	0	2	1	1	0	1	0	1	2	2	2	2	0	0	0	0	0	0	0	0	0	0	1	0	1	1	1	2	3	0	0	1	1	0	0	0	0	0	0	1	1	3	1	4	0	10	7	5	2	1	0	1	0	0	0	2	2	0	2	1	1	0	3	1	1	0	0	2	6	3	5	5	23	5	3	2	0	1	0	1	0	0	1	4	0	2	1	2	1	4	1	1	0	0	0	0	1	4	1	0	0	1	0	1	1	0	2	1	0	4	4	1	0	1	2	1	1	0	0	2	1	1	2	3	1	2	3	6	4	4	2	0	1	1	0	2	2	3	3	4	5	0	4	1	4	2	6	2	2	0	11	11	12	4	1	5	1	3	1	0	3	6	4	3	0	3	0	2	5	2	7	13	6	5	3	2	3	1	1	3	6	5	7	8	1	2	2	3	0	1	0	0	0	1	0	4	2	5	4	6	5	7	4	4	2	5	3	4	24	11	5	5	6	11	7	2	3	4	2	3	5	5	16	3	3	0	0	4	1	0	7	2	2	22	43	36	0	88	24	13	25	13	4	4	4	6	2	0	2	5	0	3	1	0	1	1	1	1	0	0	0	1	0	3	5	2	4	2	3	0	4	4	1	2	5	11	8	8	21	6	2	3	19	6	3	2	1	4	2	1	0	4	1	1	0	1	2	0	0	2	2	2	2	1	1	1	5	1	3	5	3	2	2	2	1	2	1	2	2	3	0	1	1	1	2	1	1	2	1	0	3	1	4	0	1	1	0	2	0	1	1	4	2	0	0	3	1	0	0	1	2
0	0	0	0	0	0	0	2	0	1	1	0	0	0	0	0	1	1	2	0	2	0	2	1	1	1	1	0	0	0	0	0	1	0	0	0	0	0	0	0	1	0	0	1	0	0	0	1	0	1	0	0	0	0	0	2	0	1	0	0	1	1	0	1	0	1	1	0	1	0	1	0	0	0	0	2	0	0	0	0	0	0	0	1	1	1	0	1	0	1	1	1	0	5	0	1	0	0	1	0	1	0	0	0	1	0	0	0	0	0	0	0	0	1	1	2	0	0	0	0	0	0	0	0	0	0	0	0	1	0	1	2	1	0	1	0	0	0	0	0	1	0	0	2	2	3	0	3	0	0	1	2	0	0	0	1	0	0	2	0	3	1	2	0	1	0	0	0	0	0	0	0	0	0	3	3	0	0	1	2	1	1	0	4	5	3	2	0	1	1	0	0	1	0	0	1	1	0	0	2	1	1	2	1	0	1	2	2	3	4	10	5	0	1	0	0	0	1	0	1	0	0	1	0	1	3	1	2	4	0	2	0	1	2	3	3	2	3	1	0	1	2	0	0	2	1	1	1	0	0	0	0	1	3	1	0	1	2	1	0	2	3	0	4	0	8	3	3	2	1	1	4	3	5	3	3	0	2	2	3	2	3	1	1	2	3	4	0	1	6	6	4	2	3	2	1	3	0	1	0	2	0	0	1	2	0	3	1	2	9	6	1	2	0	0	0	3	3	5	5	14	11	3	4	1	0	2	3	1	0	1	1	0	1	1	5	5	10	6	2	4	2	2	5	11	5	30	7	8	5	1	6	8	2	2	4	0	6	2	3	5	6	6	1	4	2	1	1	2	0	5	11	20	46	88	0	43	10	26	12	9	11	26	9	1	1	4	4	4	1	3	1	0	2	0	0	0	0	1	2	5	5	5	5	1	6	3	1	5	3	4	3	1	16	12	17	8	3	9	6	12	7	1	1	1	1	0	0	0	2	4	4	0	3	1	2	0	1	1	0	3	1	2	1	1	7	6	4	5	1	4	1	4	5	3	2	2	0	0	3	2	3	2	3	0	4	2	1	0	1	0	1	1	0	1	0	2	1	2	1	2	0	0	0	3	1	0	4	2
0	0	0	0	0	0	0	1	0	0	0	0	0	1	0	1	0	0	0	0	0	0	0	1	0	1	0	0	0	0	0	0	0	0	0	0	1	0	0	0	0	0	0	0	0	0	0	1	0	0	2	0	0	1	0	0	1	1	0	1	1	0	0	0	0	0	0	0	2	0	0	0	1	0	0	0	0	0	2	0	1	1	1	1	1	0	0	1	0	0	2	0	1	1	0	0	0	1	0	1	0	2	4	0	1	1	0	0	0	2	1	1	0	2	1	0	1	0	0	0	0	0	2	1	0	0	0	1	0	1	0	0	1	0	0	0	2	1	1	0	0	1	1	4	3	1	1	2	1	0	0	1	0	0	0	1	0	2	0	1	1	0	1	1	0	0	1	0	0	1	2	0	0	0	1	2	2	0	2	0	3	1	1	5	5	6	2	0	0	1	0	0	0	1	0	0	1	3	0	2	1	4	1	0	0	2	2	2	4	2	2	5	3	0	1	0	0	1	0	1	1	0	1	2	1	0	1	1	2	0	1	3	1	1	3	2	2	0	2	0	2	0	0	1	0	2	0	0	0	3	2	2	0	0	0	0	0	0	1	0	2	3	5	5	5	4	3	3	1	2	1	3	3	2	3	5	2	3	5	2	2	2	0	3	1	2	0	1	4	7	7	2	3	2	1	1	2	3	2	1	1	0	0	0	2	2	3	0	12	12	5	2	1	0	0	2	4	3	3	3	8	9	3	4	1	5	1	1	2	1	0	2	2	0	4	3	3	3	5	3	4	1	1	5	0	1	15	5	6	5	5	2	3	1	1	1	1	0	1	3	3	2	3	5	2	1	3	2	2	2	3	10	12	13	24	43	0	15	71	89	16	14	27	7	0	1	2	0	1	2	1	2	0	1	1	0	2	1	0	2	0	1	3	5	1	2	2	1	1	1	3	2	1	10	9	2	8	2	3	6	14	4	0	0	1	1	0	1	1	0	1	1	1	1	0	1	2	0	1	2	1	1	0	0	1	3	4	1	1	2	4	0	2	0	0	0	1	0	2	0	2	1	1	2	2	0	0	5	0	1	0	1	0	0	1	1	2	1	0	0	0	1	1	2	0	1	4	3	0
0	0	0	0	0	0	0	0	0	0	0	0	0	1	1	0	0	0	1	0	0	0	1	0	0	1	0	0	0	1	0	0	0	0	0	0	1	0	0	1	1	1	0	2	0	0	0	0	1	0	0	1	1	0	0	1	0	0	1	0	0	1	1	0	0	0	0	0	0	1	0	0	0	0	1	1	0	0	2	0	0	2	0	1	1	0	0	0	0	1	1	1	2	0	3	1	2	1	2	0	0	1	2	0	0	0	0	3	0	0	2	0	0	1	0	0	0	0	1	0	1	0	0	0	0	0	0	0	1	1	0	0	0	0	0	0	0	0	1	1	0	0	1	0	1	2	1	0	0	1	0	1	0	0	2	0	0	1	1	0	0	0	3	1	1	2	1	0	0	2	0	0	0	0	1	1	1	3	1	5	2	6	3	9	9	7	2	1	2	2	1	1	1	0	1	0	0	0	3	0	0	2	1	0	0	0	0	2	4	7	10	1	1	1	3	0	0	0	0	0	0	1	0	0	0	0	1	1	3	1	1	0	3	0	5	6	0	0	0	2	1	1	0	1	0	1	0	1	0	1	1	0	2	3	2	0	2	1	1	2	3	5	2	6	4	32	7	5	2	3	5	1	5	6	5	6	5	5	2	6	4	3	4	1	1	2	2	2	6	19	6	5	3	0	2	2	4	2	3	6	1	1	0	0	0	3	9	2	13	10	7	3	3	0	1	1	0	3	1	1	2	3	2	0	0	2	3	1	0	0	0	2	1	0	2	2	1	2	2	1	2	4	2	4	4	3	9	3	1	4	2	2	0	1	1	4	1	0	0	3	2	2	2	1	0	0	1	0	1	2	4	9	7	4	13	10	15	0	62	36	14	8	14	2	0	0	2	1	1	1	0	0	0	0	1	0	1	1	0	0	2	0	3	1	1	1	1	0	4	0	1	0	4	2	8	2	3	2	1	5	3	4	1	0	1	0	1	0	0	2	3	1	0	0	2	0	0	2	1	3	0	1	2	2	0	0	2	3	2	0	1	4	0	1	1	0	0	2	1	1	0	0	1	0	0	2	0	1	1	0	1	0	0	1	0	1	0	0	0	0	0	1	0	0	0	0	1	0	0
0	0	0	0	0	0	0	0	0	1	0	0	0	1	0	0	0	0	0	0	1	0	1	0	1	1	0	0	1	0	0	0	0	0	1	0	1	0	0	0	0	0	0	0	0	0	0	0	0	1	0	0	0	0	0	1	1	0	1	1	0	0	1	0	1	1	0	0	0	2	0	1	0	0	0	0	0	0	0	0	0	0	0	0	1	3	0	1	0	0	1	2	1	3	1	0	0	0	0	1	0	1	1	0	0	0	2	2	1	1	0	1	2	2	1	1	1	0	0	1	0	0	1	1	0	1	1	1	0	1	2	0	1	2	0	0	1	1	0	0	0	0	1	0	0	0	0	0	1	0	1	1	0	0	0	1	0	0	0	0	1	1	0	2	2	0	1	0	2	0	1	0	0	1	1	1	4	2	2	2	3	2	6	8	12	9	0	2	1	0	0	0	2	0	0	0	1	0	1	1	0	0	1	0	2	1	5	4	6	4	10	10	2	0	0	2	0	0	0	0	1	2	0	1	1	2	3	1	0	1	0	0	1	2	0	4	0	2	2	1	0	0	3	1	1	0	0	0	2	0	2	0	1	2	1	1	3	0	2	2	2	3	4	2	5	11	3	2	4	2	0	1	1	8	5	5	2	4	4	8	2	1	1	1	0	2	1	1	3	9	9	3	2	2	3	1	3	5	4	1	2	2	0	1	1	2	0	2	11	5	3	1	2	0	3	0	4	2	1	2	1	4	4	1	1	1	4	2	0	0	1	2	2	1	0	1	1	3	1	5	2	1	1	4	3	2	19	8	5	2	4	3	2	2	0	7	2	4	4	1	1	3	3	2	1	3	1	1	1	2	4	5	2	6	25	26	71	62	0	99	9	8	9	4	2	1	1	1	2	1	0	0	1	0	0	2	0	1	0	0	3	0	2	2	2	0	2	1	2	1	3	3	2	6	3	3	6	3	1	10	8	4	1	3	1	1	0	1	0	0	0	1	0	0	1	0	0	0	1	0	0	2	0	1	0	0	3	2	4	1	2	3	0	1	1	1	0	0	1	1	0	0	0	2	0	2	2	0	1	0	1	0	1	2	1	2	1	0	0	0	0	2	0	2	1	2	0	1	0
0	0	0	0	0	0	0	1	0	0	0	0	0	0	0	0	0	0	0	0	0	0	0	1	0	1	1	0	0	0	0	0	0	0	1	0	0	0	0	0	0	0	1	0	0	1	0	0	0	0	0	0	0	1	0	0	0	0	1	1	1	1	0	0	1	1	1	1	0	0	0	0	0	0	1	0	1	0	0	0	0	0	2	1	1	1	0	2	1	0	0	0	0	2	0	1	1	1	0	2	1	0	1	0	0	0	1	1	0	2	0	1	1	1	0	0	0	1	0	0	0	0	0	1	1	0	1	0	0	0	0	0	3	0	2	0	0	1	0	0	0	2	0	0	1	0	0	1	1	0	0	0	1	0	1	0	1	0	0	1	0	0	0	0	0	0	2	3	4	1	0	0	2	1	2	1	1	1	1	1	6	3	2	5	4	3	2	2	3	0	0	3	0	0	0	0	1	0	2	1	0	2	0	2	1	1	2	0	2	4	11	7	2	1	1	0	0	0	0	1	0	2	1	1	2	1	1	0	1	1	0	0	1	2	3	4	0	1	0	1	1	0	1	1	0	0	1	0	0	0	0	0	2	1	0	0	2	1	1	0	0	0	1	3	4	9	4	3	1	1	3	3	3	2	5	3	2	1	4	1	0	1	4	1	1	0	1	3	3	9	6	4	1	1	1	1	1	3	1	1	2	0	1	0	0	1	5	5	7	2	4	3	3	2	3	0	3	4	4	3	6	2	1	2	2	0	0	1	1	0	0	1	1	1	2	1	4	3	2	4	1	2	2	3	3	5	8	6	6	2	4	4	4	1	1	2	2	1	2	1	2	1	1	2	3	0	2	1	1	0	0	3	7	6	13	12	89	36	99	0	23	13	12	4	6	1	0	3	3	0	0	1	0	1	1	1	1	0	3	1	1	3	5	3	1	0	0	0	2	3	1	2	1	4	4	1	6	4	7	8	6	2	0	0	5	0	0	1	0	3	2	0	2	2	2	0	1	4	2	1	0	3	0	2	1	2	1	1	1	1	2	3	2	2	1	0	1	0	0	0	0	3	1	0	2	1	0	1	1	0	0	1	0	0	2	0	1	0	2	1	1	0	0	0	3	0	0	0	0
0	0	0	0	0	0	0	3	0	1	0	0	0	0	0	0	0	0	0	0	0	0	0	0	1	0	0	0	0	0	0	0	0	0	0	1	0	1	0	0	0	0	0	0	0	0	1	0	0	0	0	0	0	0	2	1	1	1	0	1	0	0	1	0	1	0	0	0	0	0	0	0	0	1	0	0	0	0	0	0	0	0	1	0	0	2	1	0	3	0	1	0	0	1	1	1	0	0	1	0	0	0	1	0	1	0	0	0	1	1	1	1	0	0	0	1	0	0	0	0	0	1	1	0	2	0	1	1	2	0	0	0	0	0	0	1	2	1	0	0	0	0	0	1	0	0	0	1	0	1	0	1	0	1	0	0	0	1	0	1	1	2	1	1	2	2	0	0	0	1	0	1	0	1	0	0	0	1	0	2	2	2	2	4	3	2	0	1	1	2	0	0	0	1	2	1	1	1	1	0	0	2	0	0	2	2	1	1	4	4	3	2	0	1	0	1	2	0	0	0	2	2	0	2	0	0	0	1	2	3	1	0	0	0	3	0	0	2	0	1	0	0	0	0	1	0	0	0	1	1	0	2	1	3	1	1	1	1	1	0	2	0	2	1	8	5	2	4	3	2	3	1	3	3	0	3	5	3	1	1	0	1	0	1	0	0	1	0	0	3	4	2	1	0	0	0	0	1	1	0	0	0	0	0	2	1	1	5	8	4	4	1	0	2	1	0	2	2	3	3	2	1	1	2	0	0	1	0	0	0	1	1	0	3	0	3	2	1	2	1	0	2	2	4	0	0	4	3	2	2	0	5	1	2	1	2	2	0	2	2	2	3	4	4	7	3	1	0	2	3	1	1	1	4	4	9	16	14	9	23	0	93	22	6	1	3	4	3	2	0	3	2	4	0	1	1	1	2	0	1	0	1	2	3	2	0	3	1	0	1	2	0	2	0	8	2	3	1	5	14	7	3	0	0	0	1	2	0	0	0	1	1	1	2	0	0	0	1	0	0	1	0	0	2	3	2	1	0	2	4	1	3	1	1	0	1	2	2	2	1	1	1	1	0	1	1	0	2	0	0	1	0	1	1	1	2	2	1	3	1	2	0	1	0	1	1	2	0	1
0	0	0	0	0	0	0	0	0	1	0	0	0	0	0	0	0	0	0	1	0	0	0	0	0	0	0	0	0	0	0	0	1	0	2	0	0	0	0	0	0	0	0	0	0	0	0	0	0	0	0	0	0	0	0	1	0	0	0	0	1	0	2	0	0	0	0	0	0	0	0	0	0	0	0	0	1	0	0	0	0	1	0	0	0	0	0	0	0	1	1	1	1	1	0	0	1	0	2	0	0	0	0	0	0	0	2	0	0	0	0	0	0	1	0	2	0	0	1	0	0	0	0	0	1	0	0	0	1	0	0	1	0	1	0	0	1	0	1	1	1	0	1	1	1	0	1	1	0	0	0	0	0	0	0	1	0	0	0	0	0	0	0	0	1	1	0	0	0	0	1	0	1	0	0	1	1	2	2	0	1	0	0	1	1	1	1	1	0	1	1	0	0	0	1	0	0	0	0	1	0	0	2	0	0	0	0	0	0	0	4	3	0	1	0	1	1	1	0	0	0	1	1	2	0	1	0	0	0	0	0	1	0	1	3	1	2	0	0	1	0	2	0	1	0	2	0	1	0	1	1	0	1	0	0	0	2	1	1	0	1	0	0	5	6	4	1	3	1	1	1	0	1	4	3	1	1	3	2	5	1	1	0	0	2	0	1	1	2	4	1	0	1	0	0	2	0	1	0	0	0	0	2	0	2	1	2	2	7	8	3	4	2	1	2	1	1	1	2	3	4	2	2	2	0	3	1	0	1	2	0	0	2	2	3	1	4	0	1	1	2	3	1	2	5	4	7	11	12	0	5	1	3	1	1	4	1	1	0	0	0	1	6	1	1	1	1	2	2	1	2	1	2	1	4	11	14	8	8	13	93	0	35	7	1	4	0	1	1	1	1	0	0	0	1	0	0	1	0	4	0	3	3	5	3	1	0	1	6	0	1	3	3	4	9	8	4	2	4	19	3	1	1	0	1	3	0	0	0	1	1	2	0	1	0	0	1	2	3	0	1	2	3	2	1	2	2	1	2	1	1	1	1	1	0	2	0	1	1	0	0	0	0	0	0	1	0	0	3	0	0	0	0	0	0	1	0	1	0	0	1	0	0	1	0	2	1	2	0
0	0	0	0	0	0	0	0	0	0	0	0	0	0	0	0	0	0	0	0	0	0	0	0	1	0	1	0	0	0	1	0	1	0	0	0	0	0	0	0	1	0	0	0	0	0	0	0	0	0	0	0	0	0	0	0	0	0	1	0	0	1	0	0	1	0	0	0	1	0	0	1	0	0	0	0	1	0	0	0	0	0	1	1	0	2	0	0	2	1	0	1	1	0	2	0	0	1	0	1	1	0	0	0	0	0	0	0	0	0	0	0	3	0	0	0	0	1	0	0	1	0	0	0	0	1	0	0	0	0	0	0	0	0	1	0	0	0	0	0	0	0	1	0	0	0	1	2	2	0	2	0	0	0	0	0	0	0	0	0	2	0	0	0	0	0	2	1	0	2	0	0	0	0	0	0	0	1	1	4	1	0	0	7	6	1	1	0	0	0	0	0	0	0	0	0	1	2	2	0	0	0	0	0	0	1	0	1	5	1	8	5	2	0	0	1	0	0	0	1	2	0	1	1	0	0	0	2	0	0	0	0	0	1	0	0	2	2	0	0	2	1	0	1	0	1	0	0	0	1	0	2	0	2	2	3	0	1	1	1	1	1	2	2	0	2	0	2	1	3	3	1	1	0	0	2	3	2	0	0	2	2	1	2	1	0	1	1	4	4	2	2	2	0	2	1	3	1	0	0	0	1	1	1	1	2	3	2	5	5	10	1	3	2	1	0	5	1	11	10	7	9	4	3	0	3	1	4	0	3	3	0	0	1	0	3	7	7	2	2	2	2	1	1	3	5	8	12	8	8	5	4	3	3	1	1	1	1	3	2	5	2	6	4	3	0	1	2	1	2	0	3	2	4	4	26	27	14	9	12	22	35	0	15	4	5	4	3	3	2	1	0	1	0	1	0	0	0	2	1	1	4	7	7	4	1	2	1	2	3	7	4	4	13	33	8	5	3	10	22	8	5	2	1	3	1	0	1	1	1	3	2	5	0	0	1	0	1	1	2	0	0	4	1	0	0	3	2	4	5	4	2	6	2	0	4	0	3	2	0	0	0	2	1	1	0	4	3	1	1	0	0	1	1	0	0	1	2	2	2	2	1	0	0	1	1	4	1	1
0	0	0	0	0	0	0	0	0	0	0	0	0	0	0	0	0	0	0	0	0	0	0	0	0	0	0	0	0	0	0	0	0	0	1	0	0	0	0	0	0	0	0	1	3	0	0	0	0	0	0	0	0	1	0	0	0	0	0	0	0	0	0	0	0	1	0	0	1	0	0	0	0	0	1	1	0	0	0	0	0	0	0	0	0	0	0	0	0	0	0	3	0	0	2	0	1	0	1	0	0	0	1	0	0	0	0	0	2	0	1	0	1	1	0	1	0	1	0	0	0	0	0	0	0	0	0	0	0	1	0	0	0	0	0	0	0	0	1	0	0	0	0	0	0	0	0	0	0	2	0	0	0	0	0	0	0	0	0	0	0	0	0	0	1	0	0	0	0	0	1	0	0	1	0	2	1	0	0	1	1	2	1	2	0	0	3	1	1	0	0	0	0	0	0	1	0	0	0	0	1	1	1	2	0	0	0	0	1	1	1	0	1	1	0	0	0	0	0	1	0	1	1	0	1	0	1	0	0	0	1	0	0	0	0	1	1	0	2	0	0	0	0	0	0	0	0	1	1	0	0	2	0	2	2	0	0	0	0	0	1	1	1	1	2	1	1	0	1	0	0	1	1	1	1	3	0	1	0	1	2	2	0	1	0	1	0	1	1	5	2	4	2	1	0	1	0	0	2	1	2	0	0	2	0	0	0	2	4	1	1	2	3	0	2	2	1	6	10	20	14	15	3	7	4	10	2	0	3	2	0	4	1	2	5	4	6	2	3	5	2	1	1	1	3	2	3	6	7	4	5	2	1	1	3	2	1	3	2	2	2	3	6	3	6	2	2	2	4	1	3	1	3	2	6	9	7	2	4	4	6	7	15	0	12	9	4	6	4	3	3	2	2	2	0	0	0	1	3	2	8	3	24	158	1	3	4	7	0	3	2	3	6	8	29	6	1	5	18	8	5	3	5	0	2	2	2	5	2	1	6	4	3	0	4	3	0	2	3	2	2	3	0	4	3	7	5	2	1	2	1	3	7	8	2	0	1	2	0	2	1	3	0	1	2	4	1	5	3	1	2	2	1	2	1	2	2	3	7	1	2	0	2	5	9	4	4	1	3
0	0	0	0	0	0	0	0	0	0	0	0	1	0	0	1	1	0	0	0	0	0	0	0	1	0	0	0	0	1	0	0	0	0	1	0	0	0	0	0	0	0	0	0	0	0	0	0	0	0	0	1	0	0	0	0	0	0	0	0	0	0	0	0	0	0	0	0	0	1	0	0	0	0	0	0	0	1	0	0	0	0	0	0	0	0	0	0	0	1	0	1	0	1	0	2	1	0	0	0	1	0	0	1	0	1	0	0	1	0	0	1	0	0	0	0	1	1	0	0	0	0	0	0	0	1	0	0	0	0	0	0	0	0	0	0	0	0	0	0	0	0	1	0	0	0	0	0	0	1	0	0	0	0	0	0	0	0	0	0	1	0	0	1	0	0	0	1	0	0	1	0	0	1	0	1	1	0	0	0	1	0	1	0	0	0	0	1	0	0	0	1	0	0	1	1	0	0	1	0	0	1	0	0	0	0	0	0	3	1	1	1	1	2	0	0	0	0	0	0	0	0	1	0	0	2	0	1	0	1	1	0	2	0	0	0	1	1	1	0	1	1	0	0	0	0	0	0	0	1	0	0	0	0	0	2	0	0	0	0	0	0	0	1	0	0	2	0	2	0	0	0	0	0	0	1	0	1	1	2	0	0	0	0	1	0	0	4	0	1	1	4	0	0	1	0	1	1	0	0	0	2	0	0	0	0	2	1	1	2	1	3	2	4	5	2	2	13	18	16	6	3	2	8	5	5	5	5	1	6	5	3	3	3	2	2	3	1	0	0	1	0	1	0	1	3	3	0	6	4	4	4	1	0	1	0	4	3	1	1	0	5	12	3	10	0	4	2	3	0	2	2	4	0	2	1	0	0	2	6	1	1	4	12	0	64	32	18	8	12	6	4	2	3	2	3	0	3	4	8	14	13	12	42	7	11	11	25	6	4	4	4	8	3	10	3	1	5	6	3	1	5	1	1	2	4	1	2	6	3	8	3	4	5	1	2	4	5	4	4	5	4	5	3	3	9	1	1	0	1	3	3	4	2	1	4	1	2	3	4	3	3	3	4	5	5	5	4	5	6	4	2	1	2	1	1	3	5	35	14	6	4	1	8	17	7	6	4	8
0	0	0	0	0	0	0	0	0	0	0	0	1	0	1	0	0	0	0	0	0	0	1	0	0	0	0	0	0	0	0	0	0	1	0	0	0	0	0	0	0	0	1	0	0	0	0	0	0	0	0	0	0	0	0	0	0	0	0	0	0	0	0	0	0	0	0	0	1	0	0	0	3	0	0	0	0	0	0	0	0	0	0	1	1	0	0	0	0	0	0	0	0	0	0	0	0	0	0	0	0	0	0	0	0	0	1	0	0	0	0	1	0	0	0	0	0	0	0	1	0	1	0	0	0	0	0	0	0	0	1	1	0	1	0	0	0	0	0	1	0	1	1	1	1	0	0	0	1	0	0	0	0	0	0	0	0	0	0	0	0	0	0	1	0	0	0	0	0	2	0	0	0	0	0	0	1	1	0	0	0	0	1	0	1	1	1	1	0	0	0	0	1	0	0	0	0	1	0	2	0	0	0	2	0	1	3	1	0	1	0	2	2	0	1	0	1	1	0	0	0	0	0	2	0	1	0	1	0	1	0	0	0	0	0	3	2	0	0	0	0	0	1	1	0	0	0	0	1	0	0	0	0	1	0	0	0	0	0	0	0	2	0	0	2	4	0	4	1	0	1	1	0	0	1	2	1	0	0	0	1	1	0	0	1	2	0	0	1	2	2	2	0	1	0	0	1	0	1	1	0	1	0	0	0	0	0	3	4	3	2	3	0	3	6	5	10	16	19	5	5	7	5	3	8	6	6	5	1	3	4	2	2	1	2	1	5	1	4	1	1	1	1	3	1	2	3	3	5	3	2	2	1	2	2	3	5	0	2	2	2	7	12	8	13	3	4	3	2	1	0	0	1	2	0	1	1	0	1	1	3	4	5	9	64	0	201	64	21	22	7	3	0	1	3	4	1	0	1	6	6	2	3	21	6	12	8	8	4	1	3	6	7	6	11	3	4	8	2	5	7	2	3	0	4	5	2	1	2	1	1	6	2	6	5	1	1	6	9	4	7	3	12	7	9	20	2	4	1	2	2	2	6	4	0	4	2	4	2	4	4	4	4	5	6	4	2	4	2	7	1	1	2	5	3	2	4	4	16	14	3	1	4	8	21	17	9	10	5
0	0	0	0	0	0	0	0	0	0	0	0	0	1	0	0	0	0	0	1	1	0	0	0	0	0	0	0	0	0	1	0	0	0	0	0	0	0	0	0	0	0	1	0	0	0	0	0	0	0	1	1	0	0	0	0	0	0	0	0	0	0	0	0	0	0	0	1	1	1	0	0	0	0	0	1	0	0	0	1	0	0	0	0	0	0	0	0	1	0	1	0	0	2	0	0	1	0	0	0	1	1	0	1	1	0	0	0	0	2	1	0	0	0	0	0	1	0	0	0	0	0	0	0	0	0	0	1	2	0	0	1	0	1	1	0	0	0	0	0	0	0	0	0	1	0	1	1	0	0	0	0	0	0	0	1	0	0	0	0	1	1	0	1	0	0	0	0	0	0	0	0	1	0	0	1	1	0	1	1	1	0	1	0	0	1	0	0	1	1	0	0	2	0	1	0	0	0	2	0	0	2	0	0	1	1	0	0	1	2	0	2	1	0	0	1	0	0	0	0	0	1	1	0	0	0	1	0	0	2	1	0	0	0	0	1	0	1	0	0	0	0	1	0	1	1	0	0	1	0	1	1	0	0	0	1	0	1	0	0	0	0	2	1	2	0	0	1	1	0	1	0	0	0	1	1	0	1	0	0	1	0	2	0	1	0	1	1	0	1	2	0	0	1	1	0	0	3	0	0	0	0	0	0	0	2	1	0	3	1	2	2	1	0	3	0	4	7	13	6	7	4	0	4	7	6	0	2	4	0	5	1	0	1	0	1	2	2	2	2	0	0	2	1	2	5	3	1	4	6	4	1	0	1	2	2	3	1	0	0	3	5	11	6	10	3	7	3	1	1	0	1	2	0	2	4	2	2	1	0	4	0	4	4	32	201	0	242	23	29	6	0	0	0	3	6	0	1	3	5	7	3	9	13	13	10	2	8	8	2	1	4	8	1	7	6	4	3	7	5	2	3	5	5	4	1	3	4	1	3	4	9	5	4	4	0	3	7	9	6	7	16	6	18	7	29	4	2	6	2	1	1	3	1	4	2	4	0	2	4	1	2	2	7	3	2	3	1	9	2	2	1	0	1	4	3	5	6	18	8	6	1	5	8	19	15	11	13	3
0	0	0	0	0	0	0	0	0	0	0	0	0	0	0	0	0	0	0	0	0	0	0	0	0	0	0	0	0	0	0	0	0	0	0	0	0	2	0	0	0	0	0	0	0	0	0	0	0	0	0	0	0	0	0	0	0	0	0	0	0	0	2	0	1	0	1	0	0	1	0	0	2	1	0	0	0	0	0	0	0	0	1	0	0	0	0	0	0	0	0	0	0	0	1	1	0	0	0	1	0	1	0	2	0	0	1	0	1	1	0	0	0	0	1	0	0	0	0	1	1	1	0	0	1	0	0	0	0	0	0	0	0	1	0	0	0	0	0	1	0	1	0	1	0	1	0	2	1	0	0	0	0	0	0	1	0	0	0	0	0	0	0	0	0	0	0	0	0	0	1	1	1	0	0	0	1	1	0	0	0	0	0	0	0	0	0	1	0	0	0	0	1	0	0	0	0	0	0	0	0	0	0	0	0	1	1	0	0	0	1	0	0	0	0	0	0	0	0	0	1	1	1	0	0	1	0	0	0	0	0	0	0	0	0	2	2	1	0	0	1	0	0	0	0	2	1	0	0	0	1	0	0	2	1	0	0	0	0	0	1	0	0	0	0	3	0	0	1	3	0	0	1	1	1	1	0	1	0	1	1	2	1	0	0	0	0	0	0	3	0	0	0	0	0	0	1	2	0	0	1	1	1	0	0	0	2	2	1	2	2	3	2	1	4	5	4	6	9	6	2	1	3	5	1	5	3	0	1	0	2	1	3	2	1	3	0	0	0	2	1	2	1	1	3	3	2	3	2	3	1	3	0	1	1	2	3	0	0	2	0	3	8	3	6	5	1	6	1	1	1	2	0	1	5	4	0	1	1	3	3	1	3	6	18	64	242	0	52	20	8	0	0	1	2	0	1	4	6	8	6	6	5	7	10	8	6	10	4	0	2	3	7	3	7	1	1	5	5	2	3	0	1	0	2	2	0	2	3	1	0	8	1	1	4	6	8	10	22	10	16	11	6	17	9	16	2	0	1	1	1	1	1	1	2	4	2	3	2	5	2	4	5	6	4	3	1	4	1	4	2	1	1	2	4	2	4	5	12	19	6	1	5	18	24	14	23	9	5
0	0	0	0	0	0	0	2	0	0	0	0	0	0	0	1	0	0	1	0	0	0	0	0	0	0	0	0	1	0	0	0	0	1	0	1	0	0	0	0	0	0	0	0	1	0	1	0	0	1	0	1	0	0	1	0	0	1	0	0	0	0	0	0	0	0	0	0	0	0	0	0	0	0	0	0	0	1	0	0	1	0	0	1	1	0	0	0	0	1	0	0	0	0	0	1	0	0	0	0	1	1	0	0	0	0	0	0	0	1	2	0	0	0	0	0	0	0	0	0	0	0	0	0	2	0	0	0	0	0	1	0	0	1	1	0	0	1	0	0	0	0	1	0	0	1	0	0	0	0	1	0	0	0	0	0	0	0	0	1	1	0	0	0	0	0	0	0	1	0	1	0	0	0	0	1	0	0	2	0	0	1	0	0	1	0	0	0	0	0	0	0	0	0	1	0	2	0	0	0	0	0	1	0	0	0	0	0	1	2	1	1	1	0	0	0	0	0	0	0	0	0	0	1	0	1	0	0	0	0	0	0	2	0	0	0	2	0	0	0	0	0	1	1	0	0	0	0	0	0	0	0	0	0	0	1	1	0	0	0	0	1	0	0	1	1	0	1	0	0	0	0	0	0	1	0	0	2	0	0	0	0	0	0	0	0	0	1	0	1	0	0	0	0	0	0	0	0	0	0	0	1	0	1	0	0	2	0	0	2	1	0	1	1	0	2	6	3	5	5	2	1	1	3	3	1	0	3	3	2	1	0	2	0	1	0	3	1	4	1	0	0	0	0	1	0	0	5	1	3	2	1	3	0	0	0	1	0	1	0	1	0	5	3	2	2	3	2	0	1	2	2	1	3	0	4	1	1	2	3	2	1	3	4	8	21	23	52	0	36	8	4	3	2	2	3	1	4	5	5	5	2	4	6	5	1	1	5	1	1	0	2	0	1	4	2	2	1	6	3	3	1	2	1	3	3	2	2	5	0	1	6	4	1	8	3	3	4	11	16	15	3	1	10	6	6	1	2	0	0	0	0	1	0	0	1	1	0	2	5	5	7	4	4	7	3	4	2	4	1	1	1	1	13	4	5	6	8	10	29	8	7	14	20	18	14	20	16	1
0	0	0	0	0	0	0	0	0	0	0	0	0	0	1	0	0	0	0	0	0	0	0	0	1	0	0	0	0	0	0	1	0	0	0	0	0	0	0	0	0	0	0	0	0	1	1	0	0	0	0	0	0	0	1	0	0	0	1	0	0	0	0	0	0	0	0	0	0	0	0	0	0	0	0	0	0	0	0	0	0	0	0	0	0	1	0	1	0	0	0	0	0	0	0	0	0	0	0	0	0	0	0	0	1	0	0	0	0	0	1	0	0	0	1	0	2	1	0	0	0	0	1	1	0	0	0	1	0	0	0	0	1	0	0	0	0	0	0	0	0	0	0	1	0	0	0	0	1	0	1	0	0	0	0	0	0	0	0	0	0	1	0	1	1	0	0	1	0	0	0	0	1	0	0	0	0	0	0	1	2	0	1	2	0	0	2	0	2	0	0	1	1	0	0	0	0	1	0	0	0	0	0	0	0	0	0	0	0	1	0	0	1	0	0	1	0	0	0	0	0	0	0	0	0	0	1	0	0	0	1	0	2	0	0	1	0	0	0	0	2	1	0	0	1	1	0	0	1	0	0	0	0	1	0	0	0	0	0	0	0	0	0	0	1	1	0	0	0	0	1	2	1	1	0	2	1	0	1	0	0	1	0	1	0	0	1	0	0	1	0	0	3	0	0	0	0	0	0	2	0	1	0	0	0	0	0	0	2	1	1	0	3	0	2	2	0	3	3	3	3	2	5	1	2	9	4	4	1	5	3	0	2	1	1	6	1	2	1	1	1	1	1	0	1	0	0	3	3	1	1	1	2	3	0	0	0	0	0	0	0	1	3	4	8	3	0	4	0	2	0	0	0	0	3	1	2	1	1	0	0	1	2	3	12	22	29	20	36	0	17	6	5	2	1	3	0	6	4	8	13	3	5	6	8	6	7	5	6	1	0	1	1	1	3	1	4	4	2	2	4	4	0	2	1	1	1	1	0	2	2	5	6	5	10	5	2	7	9	5	7	6	1	3	3	3	1	0	0	2	3	2	6	6	2	2	2	5	1	4	0	4	1	4	3	1	3	0	5	4	3	2	0	3	8	5	8	16	56	34	16	12	19	100	46	25	20	8	8
0	0	0	0	0	0	0	0	0	0	0	0	0	0	1	0	0	0	0	0	1	0	0	0	1	0	0	0	0	0	0	0	0	0	0	1	0	0	0	0	0	0	0	0	0	0	0	0	0	0	0	0	0	0	0	1	0	0	0	2	0	1	0	0	0	0	1	0	0	0	0	0	1	1	0	0	0	2	0	0	0	0	0	0	0	0	0	0	0	1	1	3	2	1	0	2	0	2	0	1	1	0	1	0	2	0	0	0	0	0	1	0	0	1	0	0	1	0	0	0	0	0	0	0	0	0	0	0	0	0	0	0	0	0	1	0	0	0	0	0	0	0	0	0	1	1	1	0	0	0	1	0	1	0	0	0	0	0	0	0	0	0	0	0	0	0	0	1	0	0	0	0	1	0	0	0	0	0	0	0	1	1	0	1	0	0	0	0	0	0	0	0	2	2	0	0	0	0	0	0	0	0	0	0	1	0	0	0	0	1	1	0	0	0	0	2	0	0	0	0	0	0	0	0	0	1	0	0	0	0	1	1	0	0	0	0	0	0	0	2	0	0	0	0	0	0	0	0	0	0	0	0	0	1	0	1	0	0	0	0	0	0	0	0	1	0	1	0	1	0	0	0	0	0	1	0	0	0	2	0	1	0	0	0	0	0	1	0	1	1	0	2	0	0	0	1	1	0	1	1	0	0	0	0	0	0	1	1	0	2	0	1	1	0	0	0	3	2	4	3	5	2	0	3	2	2	4	3	10	6	1	0	1	2	0	1	1	0	0	0	0	0	1	0	0	0	1	2	3	3	1	3	1	1	0	1	1	1	1	0	3	0	1	1	3	0	0	3	0	0	0	0	0	3	1	3	1	0	0	0	3	1	1	3	6	7	6	8	8	17	0	47	17	12	6	6	4	15	23	66	10	2	6	2	3	6	9	5	0	2	1	1	4	3	0	0	1	1	2	3	2	0	0	0	2	0	0	2	1	0	5	5	14	18	14	4	5	5	4	3	4	8	5	1	3	2	0	2	1	3	0	0	1	1	2	0	3	1	2	2	5	0	1	3	4	1	3	2	2	1	2	0	0	4	18	8	12	44	17	13	15	12	18	22	11	11	7	5	9
0	0	0	0	0	0	0	0	2	0	0	0	0	0	0	0	0	0	1	0	0	0	0	0	0	0	0	0	0	0	0	0	0	0	0	1	0	1	0	0	2	0	1	0	0	0	1	0	0	0	0	0	0	0	0	0	0	0	0	0	0	0	1	0	0	0	0	0	0	0	1	0	0	0	0	0	0	0	0	0	0	0	1	0	0	0	0	0	0	0	0	0	0	0	0	0	1	0	0	0	0	1	0	0	0	1	0	0	0	0	0	0	0	0	0	0	0	0	0	0	1	0	0	0	0	1	0	0	0	0	0	0	0	0	1	0	0	0	0	0	0	1	0	0	0	0	0	1	0	0	0	0	0	0	0	0	0	0	0	0	0	0	0	1	0	0	0	1	0	0	0	0	0	0	0	0	0	0	1	0	1	0	0	0	0	0	0	0	2	0	0	0	0	0	1	1	0	0	0	1	0	1	0	1	0	1	0	0	1	2	2	0	0	0	0	0	1	0	1	1	0	1	0	0	0	1	0	0	0	0	0	1	1	0	0	0	0	0	0	0	0	0	2	0	0	0	0	0	0	0	1	0	0	0	0	2	0	0	0	2	0	0	0	0	0	0	0	1	0	0	0	2	0	0	0	0	0	0	0	0	1	0	1	0	0	0	0	0	1	0	1	1	0	1	0	0	1	1	1	0	0	0	0	0	0	0	1	0	0	0	1	1	1	1	1	1	2	1	1	1	0	0	0	1	0	1	0	2	6	6	0	2	0	0	0	2	2	0	0	0	2	0	0	2	0	1	1	1	1	1	4	0	4	0	0	2	0	0	0	0	1	0	2	0	0	2	0	1	1	0	0	0	1	1	0	1	2	0	0	1	2	0	0	2	4	3	0	0	4	6	47	0	16	12	14	9	5	25	41	18	7	3	2	1	2	0	4	7	1	2	0	0	0	1	0	0	0	1	0	1	1	2	0	0	1	2	1	0	0	0	2	5	8	15	9	1	3	2	5	0	5	1	4	1	1	0	1	2	1	0	0	3	1	0	3	2	2	0	4	3	2	2	1	3	1	0	0	1	1	0	1	1	3	4	13	5	6	11	7	7	6	7	5	9	2	4	2	10	8
0	0	0	0	0	0	0	0	0	1	0	1	0	1	0	0	0	0	0	0	0	0	1	2	0	0	0	0	0	0	0	0	0	0	0	0	0	0	0	0	1	0	0	0	0	0	0	1	0	2	0	1	0	0	1	1	0	0	0	0	1	0	1	1	0	0	0	0	0	0	0	0	0	0	2	0	0	0	0	0	0	0	0	1	0	0	0	0	0	1	1	0	1	0	0	0	0	0	1	0	0	0	1	0	0	0	0	0	0	0	0	0	1	0	0	0	0	0	0	0	0	0	0	1	0	1	1	0	0	0	0	0	0	0	1	0	0	1	0	0	0	0	1	0	0	0	0	0	0	0	0	0	0	0	0	0	0	0	0	0	0	1	0	0	0	0	1	0	0	0	0	0	0	0	0	0	1	0	0	1	0	0	0	1	1	0	0	1	0	0	0	0	0	0	1	0	0	0	1	0	0	0	0	1	0	0	1	0	0	1	1	0	1	0	0	0	0	1	0	0	0	0	0	0	1	1	0	1	0	0	0	1	0	0	1	0	1	0	1	1	0	0	0	0	1	0	0	0	0	0	0	0	0	0	0	0	0	0	0	0	0	0	0	1	0	0	1	0	0	1	0	0	0	0	1	0	0	2	1	0	1	1	0	0	0	0	1	1	0	0	0	0	0	1	0	0	0	0	1	1	0	1	0	0	0	0	1	0	0	0	0	0	1	2	2	0	2	3	4	4	1	2	1	1	3	1	1	6	3	6	2	0	3	0	1	0	0	1	1	1	0	2	1	0	3	1	0	0	1	0	2	1	1	0	0	0	0	2	0	0	0	2	1	1	0	1	0	0	1	0	0	0	1	1	1	0	0	0	1	0	4	0	1	2	2	0	0	0	3	5	17	16	0	16	29	10	15	15	41	11	4	3	2	1	0	1	2	4	1	1	2	1	0	0	3	0	1	0	1	1	1	1	1	1	1	1	3	1	1	1	1	5	10	9	11	9	3	1	2	4	1	0	0	0	0	1	3	0	0	0	1	3	2	1	3	1	3	0	3	2	2	1	1	3	0	3	0	2	0	3	1	3	0	5	5	1	6	10	3	1	2	3	7	5	2	4	3	3	8
0	0	0	0	0	0	0	0	0	0	1	0	0	0	0	0	0	1	0	0	0	1	0	1	0	0	0	0	0	0	1	1	0	0	0	0	0	0	0	0	0	0	0	0	0	0	0	0	0	0	0	0	0	0	0	0	0	0	0	1	0	0	0	0	0	0	0	2	0	0	0	0	1	0	0	0	0	0	1	0	0	0	0	0	0	0	0	0	0	0	0	1	0	0	1	1	0	0	0	1	0	0	0	0	0	0	1	0	0	0	0	0	1	0	0	0	0	2	0	0	0	0	1	0	0	0	0	0	0	0	0	0	0	0	0	0	1	0	0	0	0	0	0	0	0	0	1	0	0	1	0	1	0	0	0	0	0	0	0	0	0	0	0	0	1	0	1	1	0	0	0	1	0	0	0	0	0	1	0	1	0	0	1	2	0	0	0	0	0	0	0	0	0	0	1	0	0	0	0	0	0	0	0	0	0	0	0	1	1	0	1	1	0	0	0	1	0	0	0	0	1	0	1	0	1	0	0	1	0	0	0	0	0	0	0	2	0	1	0	0	0	0	0	1	0	0	0	0	0	0	0	0	0	0	0	0	1	0	0	1	0	0	2	1	0	0	0	0	1	0	0	1	1	0	1	0	1	1	1	0	1	1	2	3	0	1	0	1	0	0	0	0	0	0	1	1	0	0	1	2	1	0	0	0	1	0	0	0	0	0	2	1	0	1	0	1	1	1	4	3	2	1	0	3	3	3	2	5	4	8	1	3	3	1	0	0	1	1	0	0	0	0	2	0	0	1	1	1	0	1	0	3	1	1	1	2	0	1	0	2	2	2	2	1	0	0	3	2	0	0	0	0	0	1	1	2	1	0	0	1	0	0	0	2	3	1	0	1	2	2	12	12	16	0	26	7	10	14	13	14	7	7	0	2	2	7	9	5	1	2	2	3	0	1	1	2	1	0	2	2	3	1	0	3	1	5	1	0	5	4	1	7	38	130	26	13	4	3	0	2	1	2	1	1	2	1	2	1	2	1	3	3	1	1	4	12	4	5	10	1	2	7	5	3	1	2	1	1	4	3	5	4	9	6	5	4	6	13	6	5	2	1	3	4	5	3	3	6	23
0	0	0	0	0	0	0	0	1	0	0	0	1	0	1	0	0	0	0	0	0	0	0	0	0	0	0	0	0	1	0	0	0	2	0	0	0	0	0	0	0	0	0	0	0	0	1	0	1	1	0	0	0	0	0	1	0	0	0	0	0	0	1	0	0	0	0	0	1	0	0	0	0	0	0	0	0	0	0	0	1	0	1	0	0	0	0	1	0	1	0	0	0	1	0	1	0	0	1	0	0	0	0	0	1	0	0	0	0	0	0	0	0	0	0	0	0	0	1	0	0	0	0	0	0	1	0	0	0	0	0	0	0	0	0	0	0	0	1	0	1	0	0	0	0	0	0	0	0	0	0	1	0	0	0	0	0	0	0	0	0	0	1	0	0	0	0	1	0	0	1	0	1	0	0	1	0	0	0	2	0	0	1	0	1	0	0	0	0	0	0	1	1	0	0	1	0	0	0	0	0	0	0	0	1	2	0	0	0	0	0	1	0	0	1	0	0	0	0	0	0	0	1	0	0	0	2	0	0	0	0	0	0	0	0	0	0	0	0	0	0	0	1	0	0	1	0	1	0	0	0	0	1	1	0	0	0	0	0	0	0	1	1	0	0	0	0	0	0	0	0	0	0	0	0	0	0	1	0	1	1	0	0	0	0	0	0	0	0	1	0	0	0	0	1	0	0	0	0	1	0	0	0	1	0	0	1	1	0	1	0	0	0	1	1	0	0	1	3	2	1	1	0	2	0	1	3	1	5	5	3	1	2	0	1	2	1	1	0	1	0	1	1	0	0	2	1	0	2	1	1	0	0	0	0	1	0	1	0	0	0	2	0	0	1	0	0	3	0	0	1	1	0	2	1	0	1	1	0	1	1	1	1	0	2	3	3	2	2	1	6	14	29	26	0	20	35	19	35	12	4	1	2	2	1	1	1	2	1	0	2	1	1	3	1	1	2	1	0	0	1	1	0	0	1	0	0	0	2	1	0	4	9	16	10	13	4	5	0	1	4	3	0	1	1	1	0	1	0	1	0	1	1	3	3	3	5	2	3	5	1	2	2	2	2	3	1	2	2	2	2	1	3	11	5	10	7	10	2	3	4	1	9	5	3	4	4	5	9
0	0	0	0	0	0	0	1	0	0	0	1	0	0	0	0	1	0	0	0	0	0	0	0	0	0	0	1	0	0	0	1	0	0	0	0	0	0	0	0	1	0	0	0	0	0	0	0	0	0	0	0	0	0	0	0	0	0	0	0	0	1	0	0	0	1	0	0	0	1	0	0	0	0	1	0	0	0	0	0	0	1	0	0	0	0	1	0	0	1	0	0	0	1	0	0	1	0	0	0	0	0	1	0	0	0	0	0	1	0	0	0	2	0	0	0	0	0	0	0	0	0	0	0	0	0	0	0	0	0	0	0	0	0	0	1	0	0	0	0	0	0	0	0	1	0	0	0	1	0	0	0	0	1	0	0	0	0	0	0	0	0	0	0	0	0	0	0	0	0	0	0	0	0	0	1	0	0	0	1	1	0	1	1	0	0	0	1	0	0	0	1	0	0	0	0	0	0	0	1	0	0	0	0	0	0	0	1	0	0	0	0	1	0	0	0	0	0	0	1	0	1	0	0	0	0	0	0	1	0	1	0	1	0	0	0	0	1	0	0	0	0	1	0	0	0	0	0	0	0	0	0	0	1	1	1	0	0	0	1	0	0	0	0	0	0	1	0	0	1	0	3	0	0	0	0	1	0	1	0	0	0	0	0	0	0	0	0	0	0	0	0	0	0	1	1	0	0	0	0	0	0	0	0	0	0	0	0	0	0	0	0	1	0	1	1	2	1	2	2	1	0	1	0	0	2	2	5	3	2	2	1	1	2	1	1	0	1	0	1	1	2	0	1	0	0	0	0	0	0	1	1	1	0	0	0	0	0	0	1	0	0	2	1	0	1	2	1	1	0	0	0	1	0	1	0	0	0	2	1	1	0	0	0	3	4	6	0	3	3	6	9	10	7	20	0	48	25	16	6	3	1	2	1	1	2	2	2	0	0	1	3	2	0	1	1	0	0	0	1	0	1	0	0	0	0	0	0	2	1	1	4	2	2	8	8	4	2	3	1	2	0	0	0	0	1	0	1	0	0	1	0	1	0	1	0	2	1	2	2	0	3	1	3	1	0	1	0	1	3	2	0	3	6	4	2	6	4	1	2	1	5	6	4	1	1	3	2	6
0	0	0	0	0	0	0	0	0	0	0	0	0	0	0	0	0	1	1	0	0	1	0	0	0	0	0	0	0	1	0	0	1	0	0	0	0	0	0	0	0	0	0	0	2	0	0	0	0	0	0	1	0	0	0	0	0	0	0	0	0	0	1	0	0	0	0	0	0	0	1	0	1	1	0	0	0	1	0	0	0	0	0	1	0	0	0	0	0	1	0	0	0	0	0	0	0	0	0	0	0	0	0	0	0	1	1	0	0	0	0	1	0	0	1	0	0	0	0	0	0	0	0	0	0	0	0	1	0	0	0	0	0	0	0	0	0	0	0	0	0	1	0	0	0	0	0	0	0	0	0	0	0	0	0	0	1	0	0	0	0	0	0	0	0	0	0	0	0	1	0	0	0	0	0	1	0	0	1	0	0	0	0	0	1	1	1	0	0	0	0	0	0	0	1	0	0	0	0	0	0	0	0	0	0	0	1	0	1	0	0	2	0	0	0	0	0	0	0	0	0	0	0	0	0	0	0	0	0	0	0	0	0	0	0	0	0	0	0	0	0	0	0	0	0	0	0	0	0	0	0	1	0	0	1	1	0	0	0	0	0	0	1	1	0	3	0	0	0	0	0	0	0	0	1	1	0	0	0	0	0	0	1	0	0	1	0	0	0	0	0	0	0	0	0	0	0	0	0	1	0	0	1	0	0	0	2	0	0	0	0	1	0	1	2	2	0	0	4	3	0	1	1	1	1	2	0	0	3	2	0	0	2	2	0	0	0	0	1	1	1	0	0	0	0	4	0	1	0	0	0	0	0	0	2	1	1	0	1	0	0	0	0	0	0	0	0	0	1	0	0	0	1	1	0	0	2	1	0	1	1	0	0	0	0	1	0	1	1	0	4	5	15	10	35	48	0	31	14	6	1	0	3	0	0	1	3	1	2	2	1	1	2	0	1	0	1	0	0	0	0	0	0	1	0	2	1	2	0	2	0	2	11	4	5	6	3	2	1	1	0	1	1	1	1	0	0	1	2	0	2	2	1	1	0	3	0	3	5	1	0	1	1	2	2	1	0	2	2	6	2	2	1	6	11	7	10	5	4	3	1	3	3	4	4	3	3	2	5
0	0	0	0	0	0	0	1	0	0	0	0	0	0	1	0	0	0	0	0	0	0	0	0	0	0	0	0	0	0	0	0	0	0	1	0	1	0	1	0	0	0	0	0	1	0	0	0	0	0	0	0	0	0	0	1	0	0	0	0	0	0	1	0	0	0	0	0	0	0	0	0	1	0	0	0	1	0	0	0	0	0	0	0	0	0	0	0	0	0	0	1	0	0	1	0	0	0	0	0	0	0	0	0	0	0	0	0	0	0	0	0	1	0	0	0	0	0	0	1	0	0	1	0	0	0	0	0	0	0	0	0	0	0	0	0	0	0	0	0	0	0	0	1	0	0	0	0	0	0	0	0	0	0	1	0	0	0	0	0	0	0	0	0	0	0	0	0	0	0	0	0	0	0	0	0	0	0	0	0	0	0	0	0	0	0	0	0	0	0	0	0	1	0	0	0	0	0	0	0	1	1	0	0	1	0	1	0	0	2	0	0	0	0	0	0	0	0	1	0	0	0	0	0	0	0	1	1	0	0	0	0	0	0	0	0	0	0	1	1	0	0	0	0	1	0	0	0	0	2	0	1	0	0	0	0	0	0	0	0	0	0	1	1	0	0	2	0	1	0	0	0	0	0	1	0	1	1	0	0	0	0	0	0	1	1	0	0	1	0	1	1	1	0	0	0	0	0	0	0	0	0	0	0	0	0	0	0	0	0	0	1	0	0	3	1	1	1	5	1	1	1	0	2	0	2	1	5	2	2	1	0	2	0	1	1	0	1	0	0	0	0	0	0	0	1	1	0	0	2	0	1	0	2	0	0	0	0	2	0	1	1	0	1	0	2	1	1	0	1	0	0	0	1	0	0	1	1	1	0	2	1	0	1	3	0	1	4	4	6	15	25	15	14	19	25	31	0	77	7	1	4	0	0	2	2	2	1	2	0	0	1	1	0	2	0	1	0	1	0	1	1	0	1	0	2	0	1	0	0	0	2	4	10	12	8	2	3	1	1	4	1	0	1	2	2	0	1	0	1	1	2	0	0	2	3	0	3	8	2	2	4	2	2	1	1	1	1	3	1	1	2	5	12	13	14	19	10	2	1	3	7	7	8	2	5	3	2	8
0	0	0	0	0	0	0	0	0	1	0	0	0	0	0	0	1	2	0	0	0	0	0	0	0	0	0	0	1	0	0	0	0	0	0	1	0	0	0	0	0	0	0	0	0	0	0	0	0	0	0	0	1	0	0	0	0	0	0	0	0	0	1	0	0	0	0	0	2	0	0	0	0	0	0	0	0	0	0	0	0	0	0	0	0	1	0	0	0	0	0	0	1	0	1	0	0	1	0	0	0	0	0	0	0	0	0	0	0	0	0	0	0	0	1	1	0	0	0	0	0	0	0	0	0	0	1	1	1	0	0	0	0	0	0	0	0	0	1	0	0	0	0	0	0	1	0	0	2	0	0	0	0	0	0	0	0	0	0	0	0	0	0	1	0	0	0	0	1	0	0	0	0	0	0	0	0	0	0	0	0	0	2	0	1	2	0	0	1	0	0	1	0	0	0	0	1	0	0	0	0	1	0	0	0	0	0	1	1	2	0	0	0	1	0	0	0	0	1	0	0	0	0	0	0	1	0	0	0	0	1	1	1	0	0	0	0	0	0	1	0	0	0	0	0	0	0	0	0	0	0	0	1	0	0	1	0	0	0	0	0	0	0	0	0	1	0	1	1	0	1	0	0	0	0	1	1	0	0	0	1	1	0	0	1	0	0	0	0	1	0	0	1	0	0	0	0	0	0	0	1	0	1	0	0	0	0	0	0	2	0	0	2	1	0	1	0	2	2	1	2	1	1	3	1	1	1	6	4	6	2	2	0	1	1	2	2	0	0	1	2	1	0	0	4	1	0	0	1	2	1	0	1	0	1	1	1	0	0	0	1	3	3	0	2	0	1	0	1	1	1	0	0	0	0	1	0	0	0	3	0	0	2	3	4	1	3	6	5	4	23	41	41	13	35	16	14	77	0	22	5	0	0	1	4	7	2	2	2	0	0	2	2	5	1	1	0	1	0	2	1	2	1	1	0	1	0	2	1	1	0	2	14	16	15	7	2	1	0	3	3	0	4	2	3	4	0	1	1	0	3	0	2	1	5	0	3	2	5	4	2	0	2	2	2	1	2	2	2	3	3	1	1	8	9	19	16	22	7	6	6	10	11	5	5	7	6	5	7
0	0	0	0	0	0	0	0	0	0	1	0	0	0	0	0	0	0	1	0	0	0	0	0	0	0	0	0	0	0	0	1	1	0	0	0	0	0	0	0	0	0	0	0	0	0	0	0	0	0	0	0	1	1	1	0	0	1	0	0	0	0	1	0	0	0	0	1	0	0	0	0	0	0	0	0	0	0	0	0	0	0	0	0	0	0	0	0	1	0	1	0	1	3	1	0	0	0	0	0	1	0	0	0	0	0	0	1	0	1	0	0	1	0	0	0	0	0	0	0	0	0	0	0	1	0	0	0	0	0	0	0	0	0	0	0	0	0	0	0	0	0	1	0	0	0	0	0	0	0	0	1	0	0	0	0	0	0	0	0	0	0	0	1	0	0	0	0	0	0	2	0	0	0	0	0	0	0	0	0	0	1	1	0	0	0	1	0	0	1	0	0	1	0	0	0	1	0	0	0	0	0	0	0	0	1	0	0	2	0	0	0	1	2	0	0	1	0	0	1	1	0	0	1	0	0	0	1	0	0	0	1	0	2	1	0	0	1	0	1	0	0	0	0	0	0	0	0	0	0	0	1	0	1	0	0	0	0	1	0	0	1	0	1	0	2	2	0	1	0	1	0	0	0	1	0	0	0	1	0	0	0	0	0	0	0	0	0	0	1	0	0	0	0	0	1	1	0	1	2	0	0	1	0	0	0	0	0	1	0	0	0	0	0	3	4	2	2	1	1	2	2	2	2	5	5	2	9	5	3	2	0	4	3	5	4	2	0	3	0	3	0	0	2	0	1	2	1	2	2	1	1	1	0	0	0	0	2	1	1	1	0	0	1	2	0	2	0	0	0	1	0	0	2	1	2	2	0	0	1	1	4	1	2	8	6	5	8	5	8	66	18	11	14	12	6	6	7	22	0	20	4	6	3	4	5	7	8	2	2	2	1	3	0	1	1	1	2	2	5	1	1	3	3	1	2	4	0	0	0	2	4	16	30	7	3	2	0	0	1	6	3	3	2	1	4	2	2	1	1	3	2	7	2	1	4	3	2	6	3	2	1	2	6	5	1	2	3	0	5	3	2	2	4	6	6	12	44	30	10	6	2	6	24	20	12	3	11	18
0	0	0	0	0	0	0	0	0	0	0	0	0	1	0	1	0	0	0	0	0	0	0	0	0	0	0	0	0	0	0	0	0	0	0	0	0	2	0	0	0	0	0	1	0	0	0	0	0	1	1	0	0	0	0	0	1	1	0	0	0	0	0	0	0	1	1	0	1	0	0	0	0	1	0	0	0	0	0	0	0	0	0	0	0	1	0	0	0	0	1	1	0	0	2	0	0	1	0	0	0	0	0	0	0	0	0	0	1	3	0	0	0	0	0	0	0	0	0	0	0	1	0	0	0	0	0	1	0	0	1	0	0	0	1	0	0	0	0	0	0	1	0	1	0	0	0	2	0	0	0	0	0	1	0	0	0	0	0	1	0	0	0	1	0	1	0	1	0	0	1	0	1	0	0	0	0	0	0	2	0	0	2	0	0	0	0	0	0	0	1	0	0	0	0	0	0	0	1	1	0	0	1	1	0	0	1	0	1	0	0	0	3	1	1	0	0	0	0	0	0	1	0	1	0	0	4	0	0	1	1	1	0	0	0	1	0	0	1	0	1	0	0	0	1	0	0	0	0	3	0	0	1	1	1	0	0	0	0	0	1	0	0	0	0	0	0	0	1	0	0	0	0	0	1	0	0	0	1	0	0	0	1	2	0	0	0	0	0	0	2	0	1	0	0	0	1	1	0	1	3	0	1	2	3	0	1	0	1	1	3	0	1	0	2	1	2	6	7	7	5	4	1	9	5	10	14	8	20	8	7	3	6	5	2	0	3	1	0	1	3	0	0	3	1	1	2	3	1	3	1	1	1	1	1	0	1	2	1	2	2	2	2	1	0	1	2	2	0	1	1	0	1	1	0	5	0	2	3	1	0	0	1	8	14	6	7	6	5	13	10	7	4	7	4	3	1	1	5	20	0	25	10	5	4	10	35	40	4	1	2	4	2	2	2	1	0	3	4	2	4	1	0	2	4	2	4	3	5	2	9	16	8	17	6	2	3	2	0	1	2	3	1	2	2	8	1	0	3	1	7	4	9	13	9	9	8	7	4	4	4	5	2	1	3	5	4	5	9	6	1	4	7	3	1	3	2	12	22	6	9	2	2	8	22	8	3	4	21
0	0	0	0	0	0	0	0	0	0	0	0	1	1	0	0	0	0	0	0	0	0	1	0	0	0	1	0	0	0	0	0	0	0	0	0	0	0	0	0	0	0	0	1	0	0	0	1	0	0	0	0	0	1	0	0	0	2	1	0	1	0	1	0	0	0	0	0	0	0	0	0	0	1	0	1	0	0	0	0	0	0	0	0	0	0	0	1	0	1	1	1	0	1	0	1	1	0	0	0	0	0	3	0	0	0	0	0	0	0	0	0	0	0	1	1	0	0	0	0	0	1	0	0	1	0	0	0	0	0	0	0	0	0	0	0	1	0	0	0	0	1	0	0	0	1	1	0	0	1	0	0	0	0	0	1	0	0	0	0	2	0	0	0	0	0	0	0	0	0	0	0	0	0	0	1	0	0	0	0	0	0	0	0	0	1	0	1	1	0	0	0	0	0	0	0	0	0	0	1	0	1	0	0	1	0	2	0	0	1	2	1	0	1	0	0	0	0	0	0	1	0	0	0	0	1	0	1	1	0	0	0	0	1	0	1	1	0	2	0	0	1	0	0	2	1	0	0	0	1	1	1	0	0	0	1	0	1	1	0	1	0	0	1	2	1	2	1	1	2	2	2	2	0	0	1	1	0	0	0	1	0	0	1	0	2	0	0	0	0	2	0	2	1	0	0	0	1	0	0	0	0	0	0	0	2	1	2	1	2	1	2	2	1	1	2	1	5	8	22	8	4	14	18	9	17	21	14	9	10	7	10	7	3	4	7	19	2	2	1	1	0	0	2	3	3	0	3	0	2	2	8	2	1	0	3	1	4	1	3	1	3	7	1	4	2	1	2	1	1	2	0	3	3	3	5	1	0	0	3	1	3	4	3	13	2	3	6	2	3	2	3	3	7	1	1	0	4	0	4	25	0	18	9	4	7	35	46	3	4	2	5	3	3	3	1	3	1	4	3	4	2	2	2	2	3	1	6	6	10	24	10	6	7	5	4	2	3	1	1	4	1	1	2	0	6	5	3	4	5	10	9	31	28	12	6	2	7	4	4	2	5	4	1	4	6	5	5	4	7	8	2	3	0	1	3	3	3	12	6	3	3	3	3	12	4	2	1	5
0	0	0	0	0	0	0	0	0	0	0	0	0	0	0	0	1	0	1	1	0	0	0	1	0	0	0	0	0	0	0	0	0	0	0	0	0	0	0	0	0	0	0	0	1	1	0	0	0	0	0	0	0	0	0	0	1	0	0	1	0	1	3	0	0	0	0	1	1	3	1	0	2	0	0	0	0	0	0	0	0	1	1	0	0	0	0	0	0	1	0	1	0	0	1	1	0	1	0	1	0	1	1	0	0	0	1	0	0	0	0	0	0	0	0	1	0	0	0	0	0	0	0	0	0	0	0	0	2	1	0	1	1	0	0	0	0	0	0	1	0	2	0	0	0	0	0	0	1	0	0	0	0	0	0	0	0	0	0	0	1	0	0	0	1	0	1	1	0	0	0	1	1	0	1	0	1	0	0	1	3	1	2	2	3	1	3	0	1	1	0	0	1	0	0	0	0	0	0	2	0	1	0	0	0	0	0	3	1	2	1	2	1	2	2	0	0	0	0	1	0	2	0	1	0	0	0	0	0	1	0	0	0	0	1	1	1	3	0	0	0	0	0	1	1	2	0	1	0	1	4	1	0	0	0	0	0	1	1	0	0	1	0	0	0	2	1	1	1	0	0	1	3	0	0	1	2	0	2	1	0	0	1	0	1	2	0	0	2	1	1	1	0	2	0	0	1	3	0	0	0	0	1	1	0	1	0	1	0	1	3	1	1	1	3	4	2	9	10	72	13	19	17	22	3	11	3	4	2	3	4	7	2	5	8	16	34	11	4	2	2	3	2	1	5	3	2	4	2	5	3	2	2	2	0	1	1	1	0	4	7	2	5	2	1	3	3	4	2	0	0	4	4	7	5	5	3	3	2	5	2	3	7	24	12	3	9	5	4	5	6	2	2	0	2	2	3	0	0	6	10	18	0	14	5	5	12	10	8	6	2	4	4	5	7	3	2	7	11	2	3	6	5	3	3	1	2	2	0	6	11	4	1	1	1	0	2	2	0	1	4	0	1	1	2	4	6	5	4	2	6	12	14	13	3	2	7	4	1	2	1	2	2	3	3	6	2	8	6	3	3	3	0	3	3	1	2	4	5	4	4	2	0	1	4	3	3	3	4
0	0	0	0	0	0	0	0	0	0	0	1	1	0	1	1	0	0	0	1	1	0	0	0	0	0	0	0	0	0	0	0	1	0	0	0	0	0	0	1	0	0	0	1	0	1	0	0	0	0	0	1	0	0	0	0	0	0	1	1	0	0	1	0	0	0	0	0	0	1	0	0	0	0	1	0	1	0	0	0	0	0	0	0	0	0	0	0	1	1	0	1	0	0	0	0	0	1	1	0	0	1	3	0	0	0	1	0	1	0	0	0	0	1	1	0	0	0	0	0	0	0	0	0	0	1	0	0	0	0	0	0	0	0	1	0	1	0	0	0	0	0	1	0	0	1	2	0	3	1	1	0	0	0	0	0	0	1	1	0	0	0	1	0	1	0	1	0	0	1	0	0	0	1	0	0	0	1	0	1	1	0	0	1	1	0	1	0	0	0	0	0	0	0	0	0	0	0	1	0	0	1	0	0	1	0	1	2	0	3	2	0	1	0	1	1	0	0	0	2	0	1	0	0	0	2	0	1	0	0	0	0	0	1	0	1	0	2	0	1	0	0	3	0	1	0	0	0	1	0	0	3	0	1	1	0	0	1	4	0	1	0	1	3	1	0	0	2	0	0	0	0	0	1	1	0	1	0	1	0	1	2	0	0	2	1	0	2	1	2	0	2	1	2	0	0	0	1	0	0	1	0	0	0	1	0	2	2	2	5	3	5	4	2	4	4	5	9	13	28	9	11	8	13	13	9	3	1	0	0	2	5	1	6	4	2	9	6	2	0	2	1	1	2	2	2	4	10	3	2	4	6	2	1	4	0	0	2	0	4	2	4	9	3	4	2	7	1	0	0	1	2	0	4	2	5	5	1	2	3	3	5	7	158	42	21	13	7	6	6	2	1	1	2	2	1	0	0	1	3	5	9	14	0	8	2	4	16	7	5	2	6	5	4	18	4	6	8	17	7	7	6	3	1	9	2	2	3	1	4	3	2	8	4	0	2	1	2	0	2	0	4	1	3	2	7	5	2	3	1	5	5	7	7	2	0	0	2	1	2	5	0	4	4	5	3	1	2	2	6	2	2	0	2	2	1	1	0	7	6	3	1	3	3	9	3	4	4	2
0	0	0	0	0	0	0	0	2	0	0	0	1	0	0	0	0	2	0	0	1	0	0	0	1	0	0	0	1	1	0	0	0	0	1	0	0	0	0	0	0	0	0	0	3	0	0	0	0	0	1	0	1	0	0	0	0	0	0	0	2	0	1	0	0	0	0	0	1	0	0	0	0	0	0	0	0	0	0	0	0	0	0	0	0	0	0	0	0	0	0	1	0	1	0	0	0	0	1	0	0	0	0	0	0	0	0	0	0	0	1	1	0	0	0	0	1	0	0	0	0	0	0	0	0	1	0	1	1	1	0	0	0	0	1	0	0	0	0	0	0	0	0	0	0	0	0	0	0	0	0	0	1	0	0	0	0	0	0	1	0	0	2	0	0	0	1	0	1	0	0	0	0	0	0	0	0	0	0	1	0	3	2	0	0	0	1	0	2	1	0	0	0	0	0	0	0	0	1	0	0	0	1	2	0	0	0	0	1	1	1	0	2	2	0	2	1	1	1	1	0	1	0	0	0	2	1	0	5	1	0	0	0	0	0	0	0	0	0	0	0	2	1	0	1	1	1	2	0	0	0	1	0	0	1	0	0	1	0	0	2	1	0	0	1	1	0	1	0	0	0	1	0	0	0	1	0	1	0	3	0	1	0	4	0	2	3	4	2	1	3	1	2	3	3	0	1	2	2	1	1	1	0	1	0	0	2	1	2	1	1	6	4	7	12	9	15	97	46	9	10	1	6	12	73	24	5	4	2	3	1	2	1	2	1	2	3	2	3	3	3	0	0	2	3	1	4	0	4	11	7	9	7	1	2	1	9	1	1	2	3	11	13	5	9	10	2	6	2	2	0	1	3	2	4	1	1	1	2	1	2	3	4	1	7	6	13	10	5	8	3	2	0	2	1	1	0	2	4	4	4	4	5	8	0	29	13	10	23	10	6	24	15	1	4	6	6	8	8	2	1	6	2	5	8	15	8	2	0	3	11	12	6	7	5	5	3	6	7	6	7	8	7	7	18	91	3	0	4	2	4	0	1	3	3	3	0	3	3	8	8	6	8	15	37	5	3	9	13	16	6	1	0	5	2	1	6	5	8	2	2	4	3	5	9	4	6	5	1
0	0	0	0	0	0	0	0	0	0	0	0	0	1	0	1	1	0	0	1	0	0	0	0	0	0	0	0	0	1	0	2	0	0	1	0	0	0	0	0	0	0	0	0	1	0	0	1	0	0	0	0	0	0	0	0	1	0	0	0	0	1	0	0	0	0	0	0	1	1	0	0	0	2	0	0	0	0	0	0	0	0	0	2	1	0	0	1	0	0	0	0	1	0	1	0	1	0	2	0	0	0	0	0	0	0	0	0	2	0	2	0	0	0	0	0	0	0	0	0	0	0	0	0	1	0	0	0	0	0	0	0	0	0	0	1	0	0	0	0	2	0	0	1	0	0	1	1	0	1	0	0	0	0	1	0	0	0	1	0	0	0	0	0	0	0	0	0	0	0	1	0	0	0	0	0	2	0	0	0	0	0	0	0	0	0	1	0	0	1	0	2	1	0	0	1	2	0	0	0	1	0	0	0	1	0	1	0	0	0	1	2	0	1	0	0	1	0	0	0	0	0	0	0	0	1	1	1	0	1	0	1	0	0	0	1	4	1	0	0	0	0	0	0	1	1	0	0	0	2	0	1	1	0	0	0	1	0	1	1	0	0	1	3	1	2	1	1	0	1	1	2	0	1	1	0	0	0	1	1	1	3	0	1	1	1	2	1	3	1	0	1	0	0	1	0	0	0	0	0	2	1	0	0	1	1	3	1	1	1	1	1	2	5	9	5	11	23	22	14	7	2	5	14	25	15	7	7	3	5	4	6	2	4	1	4	2	1	2	1	2	1	3	2	2	0	4	1	4	4	1	3	4	0	0	0	5	1	3	0	3	11	7	5	5	4	6	3	1	1	1	1	1	3	2	6	2	1	0	0	0	1	1	3	11	12	10	8	1	6	6	0	1	7	1	2	1	2	7	5	10	7	5	2	29	0	31	25	17	6	3	13	9	4	1	6	3	6	5	1	2	3	5	2	4	10	8	5	4	6	23	39	10	4	4	8	4	5	4	3	2	6	3	3	9	26	1	2	2	2	6	2	5	7	4	2	2	8	15	10	5	12	14	17	21	9	8	11	33	21	11	2	6	5	1	4	2	8	11	3	7	4	7	8	19	5	8	8	18
0	0	0	0	0	0	0	0	0	0	0	0	0	0	0	0	0	0	1	0	0	0	0	0	0	0	0	0	0	0	0	0	1	0	0	0	0	0	0	0	0	0	0	0	0	0	0	0	0	1	0	0	1	0	0	0	0	0	1	0	0	0	0	0	0	0	0	1	0	0	0	0	0	0	0	0	0	0	0	0	0	2	0	0	0	0	0	0	0	0	2	0	1	0	2	1	0	0	1	0	0	1	0	0	0	0	0	0	1	0	0	0	0	0	1	0	0	0	0	1	0	2	0	0	0	1	0	1	0	0	0	0	1	0	0	1	0	1	1	0	0	1	0	1	0	0	0	2	2	1	0	0	0	0	0	0	0	0	1	1	0	0	0	0	1	0	0	0	0	1	0	1	0	0	0	1	1	2	0	1	3	1	1	0	0	1	1	0	0	0	3	0	0	0	0	0	0	0	0	0	0	0	0	0	0	0	1	0	0	1	2	0	0	1	0	0	0	1	1	1	0	0	4	1	0	0	0	0	1	1	0	1	0	0	1	2	0	0	3	0	0	0	0	0	0	0	1	0	0	0	1	0	0	0	2	1	0	0	0	0	0	2	1	1	1	1	2	1	0	1	0	2	0	0	0	3	0	0	1	0	0	0	2	0	2	1	0	1	2	0	2	1	0	1	0	0	0	1	0	2	0	1	0	0	0	1	1	4	3	2	1	1	1	2	3	2	4	6	11	13	7	3	9	20	13	25	32	20	8	11	5	5	4	2	3	2	6	1	1	1	0	1	1	1	4	4	0	1	5	3	3	6	0	0	0	1	3	1	1	1	1	5	6	4	7	4	2	0	3	0	3	1	4	3	3	3	2	1	2	0	3	0	2	4	11	8	2	6	1	7	9	4	2	9	1	2	3	2	2	7	35	35	12	4	13	31	0	139	16	11	1	8	8	3	3	4	0	2	6	5	3	4	3	4	3	5	9	4	7	4	53	44	8	6	7	4	7	2	1	3	3	4	2	1	3	4	5	3	2	4	4	4	7	13	4	7	7	3	6	6	5	3	5	6	11	7	7	16	6	14	6	3	2	5	2	2	5	2	11	5	2	2	4	4	16	3	2	9	20
0	0	0	0	0	0	0	0	0	0	0	0	0	1	0	0	1	0	0	0	0	0	0	0	0	1	0	0	0	0	0	1	0	0	0	0	0	1	1	0	2	0	0	0	0	1	0	0	0	0	1	0	0	0	0	0	0	1	1	0	1	1	0	1	0	2	0	0	0	0	0	1	1	0	0	0	0	0	0	0	0	0	0	0	0	0	0	0	0	0	0	0	2	0	0	1	0	0	0	1	0	0	0	1	2	0	0	1	1	0	0	0	0	0	0	0	0	0	0	0	1	0	0	0	0	0	0	1	1	0	1	0	0	0	1	0	1	0	2	0	0	0	0	1	0	1	1	0	1	0	1	0	0	0	0	1	0	0	0	0	0	0	0	0	1	0	0	0	0	1	1	0	0	0	1	1	0	0	0	0	0	1	0	0	1	0	1	0	1	0	1	1	0	0	0	1	0	0	0	0	2	1	0	0	1	1	0	0	0	0	0	1	0	0	1	0	0	0	0	0	2	0	0	2	0	2	0	1	1	0	0	1	0	0	0	1	1	2	1	0	1	1	3	0	0	0	0	0	2	0	0	0	0	0	0	0	0	0	1	1	1	0	1	0	0	0	2	1	0	0	1	0	1	2	2	1	0	0	1	0	0	1	2	0	0	1	0	0	1	1	1	1	0	0	1	1	0	0	0	0	0	0	1	0	1	0	0	0	0	1	3	2	1	1	0	3	1	8	18	12	5	2	13	21	7	23	16	12	11	8	5	6	8	1	4	7	4	5	3	2	3	0	3	0	5	4	4	2	1	2	1	3	2	1	2	1	0	0	2	3	2	5	3	3	5	1	1	3	1	3	3	2	0	3	0	1	1	0	1	0	1	1	1	7	25	8	8	10	5	5	5	7	4	5	2	2	1	1	2	8	40	46	10	16	10	25	139	0	10	7	6	7	1	4	2	2	2	4	6	4	3	0	0	2	2	5	2	2	2	4	17	29	6	7	2	3	1	3	1	4	0	4	0	3	2	9	2	1	4	5	7	6	7	10	7	5	4	4	1	3	4	6	3	4	9	5	3	13	10	7	2	1	2	6	0	4	3	8	16	4	1	3	1	5	21	6	5	5	12
0	0	0	0	0	0	0	0	0	1	1	0	0	0	0	0	2	0	0	1	0	0	0	0	0	0	0	1	0	0	0	0	0	0	0	0	1	0	0	0	0	0	0	0	0	0	0	0	0	0	1	0	0	0	0	0	0	0	0	1	0	2	0	1	1	0	1	0	0	2	0	1	0	1	0	0	1	0	0	0	0	0	0	0	1	0	0	1	0	0	0	0	0	1	1	0	0	0	0	0	0	0	2	0	0	0	0	0	0	0	2	0	2	0	0	0	1	0	1	0	1	0	1	0	0	0	0	0	0	0	0	1	1	0	0	0	0	0	1	0	1	0	0	0	2	0	1	3	1	1	1	0	0	0	1	0	0	0	0	0	0	0	1	1	1	0	1	0	1	0	1	0	0	1	0	0	1	1	0	1	0	0	0	0	1	1	0	1	1	0	0	1	0	1	0	0	0	0	0	0	1	0	0	0	0	0	1	2	1	0	1	2	3	1	0	0	0	0	0	0	1	1	1	0	1	0	0	1	1	1	1	0	0	0	2	0	1	0	0	0	1	0	2	0	0	1	1	0	0	0	0	0	0	0	0	0	0	0	0	0	0	2	1	2	1	2	0	2	1	2	0	1	0	2	0	1	0	1	0	2	2	1	1	1	2	0	1	1	2	0	3	1	1	1	1	1	0	1	2	1	1	1	0	0	2	1	0	1	0	3	1	1	5	4	5	8	5	15	18	9	6	3	10	33	49	47	10	7	2	1	4	6	6	3	3	2	2	7	2	4	3	2	1	7	4	4	4	6	6	2	4	8	1	2	1	1	7	2	6	1	7	13	6	2	8	6	4	4	2	6	0	5	4	1	4	5	1	4	2	2	0	6	2	0	6	4	8	4	1	6	0	1	1	1	1	0	2	2	2	2	4	3	8	7	23	17	16	10	0	21	16	32	8	4	0	7	6	11	6	1	7	12	5	12	8	8	11	10	7	19	19	10	1	0	2	2	4	4	0	4	0	2	2	6	9	11	9	5	9	3	3	4	3	7	7	5	2	4	4	6	2	6	3	9	47	24	10	44	14	11	10	8	5	2	3	4	6	3	4	3	2	1	3	2	4	3	1	3	6
0	0	0	0	0	0	0	0	0	0	0	0	0	0	0	0	1	0	0	0	1	0	0	0	0	1	0	0	0	0	0	0	0	1	0	0	0	0	0	0	0	0	0	0	1	0	0	0	0	0	0	0	0	0	0	0	0	1	0	1	0	0	0	0	0	1	0	0	1	0	1	0	0	0	1	0	0	1	1	0	0	0	0	0	1	0	0	0	0	0	1	1	0	2	1	0	0	2	0	0	0	0	0	0	1	0	0	0	0	1	0	0	1	1	0	0	1	0	0	1	0	0	0	0	2	0	0	0	0	0	1	1	0	1	0	0	1	0	1	0	0	0	1	0	3	0	1	1	1	3	0	1	0	0	0	0	0	0	0	0	0	0	0	2	0	1	0	0	0	0	0	0	0	0	0	1	0	0	0	1	1	0	2	2	1	0	1	1	0	0	0	0	0	0	0	0	1	1	0	1	0	0	1	1	1	1	1	0	2	0	2	1	3	0	0	2	2	0	0	0	0	2	0	1	0	1	1	1	1	0	1	0	0	0	2	2	3	2	2	1	0	1	0	0	0	0	1	0	0	2	1	0	2	0	0	0	1	0	0	0	1	0	2	1	1	1	0	3	0	1	1	1	1	0	1	0	0	5	2	3	1	1	2	1	1	2	1	1	2	2	2	3	1	2	2	0	1	4	3	1	0	0	1	1	0	0	2	1	2	0	3	2	3	5	4	5	0	11	10	6	13	10	32	25	10	22	7	1	3	0	2	7	11	8	7	9	6	6	5	6	7	2	4	3	11	4	1	5	1	1	6	14	6	0	2	1	6	4	5	9	15	13	9	1	1	9	3	1	1	2	1	5	9	5	4	3	1	0	1	3	1	0	3	3	4	1	2	0	1	1	2	2	1	2	0	0	2	0	0	2	1	4	6	5	10	6	11	7	21	0	41	26	13	7	2	6	7	10	1	4	2	28	22	6	13	6	9	8	5	29	11	3	3	5	0	1	2	2	1	0	0	3	2	0	1	4	53	17	21	5	10	6	5	6	4	6	1	3	2	2	2	2	3	2	4	23	10	14	8	5	4	1	3	2	0	2	0	2	3	1	3	1	1	1	3	4	0	0	2
0	0	0	0	0	0	0	0	0	0	0	0	2	0	0	0	1	0	0	0	0	0	0	0	0	0	0	0	2	1	0	0	0	1	0	0	0	0	0	0	0	2	1	0	0	0	2	0	0	0	0	0	0	1	1	0	0	0	0	0	1	0	0	0	0	1	0	0	1	1	0	0	0	0	0	0	1	0	0	0	0	0	0	1	0	0	1	0	1	2	0	0	1	1	2	1	0	0	1	1	0	1	1	1	0	1	1	0	0	0	0	1	1	0	0	0	0	1	1	0	3	0	1	0	1	1	0	1	2	0	0	1	0	1	0	1	0	0	0	0	0	0	0	2	0	1	1	1	0	0	1	1	0	1	0	1	0	0	1	0	0	1	2	0	1	1	0	1	0	0	0	1	0	0	2	0	0	0	1	0	0	0	2	3	0	0	1	1	1	0	1	0	0	1	0	0	0	0	0	0	1	1	0	1	1	2	3	2	0	0	1	1	1	3	0	0	0	0	1	1	1	2	2	4	1	1	1	1	0	2	0	0	0	1	1	1	3	1	1	1	0	3	1	1	1	1	0	1	0	2	1	0	1	0	0	0	0	1	0	1	1	0	0	0	1	1	2	1	0	0	0	1	1	2	1	2	1	1	2	1	4	2	4	0	0	0	3	4	3	1	3	3	4	2	0	0	2	1	6	2	1	1	1	0	0	0	5	0	2	3	4	3	8	9	5	10	4	8	9	7	6	4	12	9	8	10	5	3	2	0	1	3	3	3	5	4	4	3	1	5	7	5	6	12	17	8	6	3	5	7	11	23	9	4	4	2	20	13	7	5	17	31	5	4	3	6	4	3	3	2	3	3	8	3	1	4	3	1	3	1	2	1	7	2	4	3	1	2	0	0	1	0	2	2	2	1	1	0	0	2	2	2	2	2	6	3	1	6	16	41	0	32	13	10	5	7	7	9	6	2	9	80	42	11	22	9	8	2	5	12	2	0	2	3	1	3	1	1	2	1	1	1	1	2	2	4	14	6	13	9	1	3	5	1	3	1	2	3	4	5	3	3	1	1	16	15	8	7	7	5	2	0	2	0	0	2	2	2	1	1	0	0	1	0	1	3	0	1	0
0	0	0	0	0	0	0	0	0	0	0	0	0	0	0	0	0	1	0	0	0	0	0	0	1	0	0	0	1	0	0	0	0	0	1	0	0	0	1	0	0	0	1	0	1	0	1	0	0	0	0	0	0	0	0	0	0	0	0	0	0	1	1	0	0	0	0	0	0	0	0	1	0	0	0	1	0	0	0	0	0	0	0	1	0	1	0	0	0	0	0	2	1	0	1	1	0	1	0	0	0	0	0	2	1	0	0	0	0	0	0	0	0	0	0	0	0	0	0	0	0	1	0	0	0	2	0	0	0	1	0	0	1	0	0	2	0	1	0	0	0	0	1	0	0	0	0	0	1	0	0	0	0	0	0	0	0	0	0	1	0	0	1	0	1	0	0	0	0	0	0	0	0	0	0	0	1	1	0	0	1	0	1	3	0	3	0	0	1	1	0	0	0	0	0	0	0	0	1	1	0	0	0	0	0	1	0	0	0	1	2	3	0	1	0	0	0	0	1	0	0	4	0	1	1	1	0	0	0	0	1	1	0	0	0	1	1	1	0	1	1	0	0	1	1	0	1	1	0	0	2	1	1	0	0	0	0	1	1	0	0	2	3	1	2	2	0	1	1	0	1	0	1	3	0	1	1	2	2	0	2	1	1	0	3	0	2	4	0	0	3	2	1	4	1	0	0	1	0	0	1	0	1	0	1	0	2	1	3	3	3	1	10	12	11	9	15	37	25	8	10	0	9	10	84	17	8	4	0	1	3	1	2	2	1	6	4	2	3	1	2	2	2	4	7	12	2	3	3	9	10	16	3	4	6	2	13	2	1	2	9	126	10	9	7	14	8	0	3	4	2	4	1	5	2	3	2	0	3	2	0	3	4	3	4	6	4	3	2	1	1	0	1	3	1	3	1	1	2	1	4	5	4	6	24	13	8	7	32	26	32	0	43	8	6	11	6	20	6	5	10	16	16	5	22	10	21	6	5	7	4	3	2	4	0	2	1	3	4	1	5	6	4	2	3	10	9	8	6	5	3	5	3	5	2	3	1	3	1	2	2	1	1	6	28	6	8	7	8	2	2	2	2	0	1	2	3	4	5	1	3	0	2	4	3	5	2	3	2
0	0	0	0	0	0	0	0	0	0	0	0	0	0	0	0	0	0	0	0	0	2	0	0	0	0	0	0	0	0	0	0	0	0	0	0	0	0	1	0	2	1	0	0	1	0	0	0	0	0	1	0	0	1	0	0	0	0	1	1	1	1	0	0	0	0	0	0	1	0	0	0	0	0	0	1	0	0	0	0	1	0	1	0	1	0	0	0	0	1	0	0	0	0	2	1	0	1	0	0	0	1	0	1	0	0	1	0	1	0	0	0	0	1	0	0	0	0	2	0	0	0	0	0	0	0	0	0	1	0	0	0	1	0	0	2	0	0	0	0	0	0	0	0	0	1	0	1	0	1	2	0	0	0	0	0	0	0	0	2	0	0	2	0	0	0	0	1	0	0	1	0	0	0	0	0	0	1	0	0	1	1	3	0	1	0	0	0	1	1	0	0	0	1	0	1	0	0	1	1	0	0	0	0	2	0	0	0	1	1	6	2	1	2	0	0	0	2	1	0	0	0	0	0	0	0	0	2	2	0	0	0	1	0	0	2	1	1	1	1	0	1	1	1	0	0	0	1	1	0	0	1	2	1	0	0	0	2	1	0	1	0	3	2	3	0	0	1	1	1	1	0	5	2	0	0	0	4	1	1	2	1	2	4	2	2	0	0	3	1	4	5	3	0	0	3	2	1	1	0	2	0	0	2	0	0	1	2	5	7	4	7	13	12	11	6	28	24	19	13	17	7	5	10	13	10	4	1	1	6	2	1	4	1	0	1	2	5	2	2	3	1	0	3	11	22	7	11	16	14	32	29	10	1	4	1	9	2	4	2	9	72	23	6	18	14	11	7	7	2	5	1	4	6	5	1	1	4	2	1	2	3	4	6	8	7	8	7	0	1	4	0	0	0	1	2	2	1	2	3	2	3	4	5	15	9	8	1	8	13	13	43	0	27	8	54	14	97	21	8	19	20	5	2	7	3	5	1	2	0	7	3	1	1	1	3	1	1	3	2	2	4	5	4	5	16	5	2	1	2	2	1	1	1	1	1	3	1	2	0	3	2	4	4	9	2	1	6	2	6	5	1	2	1	0	0	0	2	3	1	4	1	2	1	3	3	1	4	3
0	0	0	0	0	0	0	0	0	0	0	0	0	0	0	0	1	0	0	1	0	1	0	0	0	0	0	0	0	0	0	0	0	0	0	1	1	0	0	0	1	0	0	0	1	1	1	0	0	0	0	0	0	0	0	0	0	1	0	0	1	0	0	0	1	1	1	2	0	0	0	1	0	1	0	0	0	0	0	0	0	0	0	0	0	1	0	0	0	0	0	0	1	0	1	1	0	0	1	2	2	0	0	0	0	1	0	0	0	0	1	0	1	0	0	2	1	0	0	0	0	1	0	0	0	1	2	0	1	0	0	1	0	0	0	0	0	0	0	0	0	1	2	0	2	3	0	0	1	2	0	0	0	0	0	0	0	0	0	0	2	0	0	0	1	1	1	2	0	0	1	0	0	0	0	1	0	0	2	0	0	0	1	1	2	0	0	0	1	1	1	1	1	0	0	0	0	0	0	4	0	2	0	0	1	1	2	1	3	4	6	2	3	1	0	0	0	0	4	0	0	1	1	1	0	1	1	0	0	0	0	1	3	2	0	1	1	1	0	1	0	0	0	0	2	2	0	0	0	0	1	1	3	0	1	2	0	1	1	0	0	1	0	7	2	4	2	2	1	2	1	2	0	1	1	0	0	2	2	1	2	2	1	2	3	0	2	4	2	4	11	7	3	0	0	1	2	2	5	1	2	1	1	3	3	0	4	3	9	11	8	11	6	6	2	1	9	7	8	13	16	14	2	6	4	5	0	1	2	4	3	2	2	1	0	2	8	3	5	2	3	1	4	10	9	12	32	41	30	15	32	16	12	2	5	4	6	4	5	3	6	11	17	18	7	7	5	4	2	1	4	7	10	14	11	16	10	2	6	4	0	4	13	8	3	6	1	3	1	1	3	1	0	1	3	0	0	0	5	0	2	3	5	4	1	4	3	4	4	7	10	8	27	0	31	230	23	107	61	21	242	8	4	6	2	1	4	0	3	2	6	1	1	1	0	1	0	3	3	1	1	2	1	3	5	2	4	3	3	3	2	1	1	2	0	2	1	4	1	3	1	0	1	2	3	1	0	2	3	4	4	2	0	1	1	1	0	1	3	0	3	3	1	3	2	0	3	4	4
0	0	0	0	0	0	0	0	0	0	1	0	0	0	0	0	1	0	0	0	0	0	0	0	0	0	0	0	0	0	0	0	0	0	0	1	0	0	0	0	0	0	0	1	0	0	0	1	0	0	0	0	0	0	0	0	0	0	0	1	1	0	0	0	0	0	0	0	1	0	0	0	0	1	0	0	0	0	0	1	0	1	0	0	0	0	1	0	0	2	0	0	0	0	0	2	0	0	1	1	0	1	1	0	0	0	0	0	0	2	0	1	0	0	0	1	2	0	0	0	0	0	0	0	1	0	0	1	0	0	0	0	0	1	0	0	0	0	0	0	0	0	1	2	0	0	0	0	1	1	0	1	0	0	0	0	0	0	1	1	0	0	0	0	0	0	0	0	0	0	0	1	1	0	1	2	0	0	0	0	1	0	1	1	3	1	0	0	2	1	0	0	1	0	0	1	0	0	1	1	2	0	1	0	0	2	2	0	3	3	1	1	2	0	0	0	1	0	0	0	1	0	0	1	0	2	3	1	0	1	1	0	1	0	1	1	2	0	0	1	0	1	1	0	0	0	0	1	0	0	0	0	1	0	1	0	0	0	1	0	0	4	3	3	3	3	0	2	1	1	1	3	0	2	0	2	2	1	0	0	0	2	1	1	2	1	1	1	6	1	5	3	0	1	1	2	0	0	1	3	2	0	1	1	1	5	4	5	3	3	8	7	3	5	1	6	2	9	12	12	17	8	3	4	3	5	6	1	1	2	4	0	1	2	3	1	2	3	0	2	2	2	0	1	1	4	9	31	21	14	3	2	2	3	3	4	0	2	1	1	9	10	19	5	9	6	6	2	5	0	4	5	7	6	8	12	9	8	3	4	8	9	33	29	10	11	7	7	4	3	0	0	3	1	1	1	1	2	1	1	2	3	7	18	4	1	3	2	0	2	5	6	8	31	0	16	6	11	88	49	24	2	1	1	3	2	0	3	3	2	2	1	2	0	1	2	0	1	3	2	2	4	5	5	3	3	6	2	5	0	3	5	6	4	1	0	3	0	2	1	6	1	3	1	3	2	2	1	0	6	2	1	3	3	0	1	0	1	4	3	1	2	0	1	4	2	2	2	0
0	0	0	0	0	0	0	0	0	2	0	0	0	0	1	0	0	1	0	0	0	0	0	0	0	0	0	1	0	0	0	0	0	0	1	0	0	1	1	1	0	2	1	0	0	0	0	0	0	0	0	0	0	1	0	0	0	0	0	0	0	0	0	0	0	0	0	0	2	0	0	0	0	1	1	0	1	0	0	0	1	1	0	0	0	0	0	1	0	1	0	1	1	0	1	2	0	0	0	0	1	0	0	2	0	0	1	2	0	1	0	0	1	1	0	1	0	1	0	0	0	0	0	0	0	0	0	0	0	0	1	0	0	0	0	0	0	0	1	0	0	0	0	0	4	1	0	1	0	1	0	1	1	0	0	1	0	0	0	0	0	0	0	0	0	2	0	2	0	0	1	0	0	1	0	2	0	1	1	0	0	1	1	1	0	1	2	0	1	0	0	0	1	0	0	0	0	0	0	1	1	1	2	0	1	1	1	0	1	1	3	2	1	2	0	0	1	1	0	0	0	2	0	2	0	0	1	1	0	1	0	0	1	0	1	2	0	0	0	0	1	0	0	0	0	0	0	0	0	1	0	2	0	1	1	0	0	0	1	0	0	2	4	4	0	2	4	2	3	2	0	1	1	0	2	0	5	2	0	0	2	4	0	2	2	1	1	0	4	5	4	7	3	2	2	2	0	3	1	1	0	1	0	0	4	2	2	1	9	4	12	13	6	14	3	5	11	19	9	11	24	8	6	4	11	8	3	1	1	3	0	0	1	2	3	3	3	1	2	2	2	2	0	3	6	23	18	24	27	21	42	15	7	5	7	3	6	3	3	5	8	19	21	14	21	19	9	4	9	4	5	5	4	7	8	17	2	2	3	1	2	8	8	6	3	3	6	1	2	1	0	0	0	2	1	1	0	0	1	1	1	1	3	4	6	6	4	2	7	6	7	11	54	230	16	0	19	251	39	7	85	9	7	1	5	3	1	1	0	1	1	1	3	1	2	1	2	2	5	3	2	3	5	4	0	8	2	5	7	2	0	3	4	1	1	1	0	2	1	0	2	3	2	5	1	2	4	2	3	3	1	3	1	0	0	1	2	2	3	1	0	2	3	1	1	0	2	4	1
0	0	0	0	0	0	0	1	0	2	0	0	1	0	1	0	0	1	1	0	1	0	0	1	0	0	0	0	0	0	2	0	1	0	0	1	1	0	0	1	0	1	0	0	1	1	0	0	0	0	0	0	0	0	0	0	0	1	1	0	0	0	2	0	0	0	1	0	0	0	1	0	0	1	0	0	0	0	0	0	1	0	0	1	0	0	0	0	0	2	1	1	0	0	2	0	1	0	0	1	0	1	1	1	0	0	0	0	0	0	0	0	0	1	0	2	0	0	0	0	0	0	0	1	0	0	0	0	0	2	1	1	2	0	1	0	0	0	1	0	0	0	0	0	2	1	0	0	1	0	0	1	0	0	0	1	1	0	1	0	0	1	0	0	1	1	0	2	1	0	1	1	0	0	0	0	1	2	1	0	1	2	3	2	2	1	0	1	1	1	0	1	1	0	1	0	0	1	2	2	1	3	0	0	0	0	3	0	4	3	6	4	7	2	1	0	0	0	0	0	1	2	1	0	0	2	1	1	2	2	0	1	0	0	4	2	1	2	0	0	1	0	0	0	1	2	1	0	0	1	1	1	2	0	1	1	0	2	2	1	2	6	4	3	5	6	3	1	1	1	2	0	3	2	3	0	5	4	3	3	5	5	3	3	2	3	0	1	7	4	15	12	4	2	2	2	2	3	9	1	5	1	2	0	1	1	9	5	4	9	10	5	7	14	2	3	1	6	9	6	8	5	2	4	7	6	2	0	0	1	0	1	1	1	3	1	3	6	5	3	5	4	2	14	13	110	23	12	9	16	52	39	55	6	12	7	7	10	2	9	13	5	5	6	6	3	4	3	13	8	11	16	27	11	21	8	8	3	6	6	3	4	5	1	1	4	4	1	2	4	1	0	1	1	2	0	1	1	0	1	0	3	2	6	6	3	0	2	6	7	7	6	14	23	6	19	0	22	7	8	33	13	6	4	2	1	6	1	1	6	4	2	0	2	0	2	1	4	0	1	1	0	0	3	4	7	8	2	3	1	4	0	2	2	3	2	2	4	2	1	1	1	1	2	3	3	2	0	1	2	0	1	0	2	1	0	0	1	4	1	0	1	2	2	1	0	1	4	2
0	0	0	0	0	0	0	0	0	0	0	0	0	0	0	0	0	2	0	0	0	1	0	1	2	0	0	0	0	0	1	0	1	1	0	1	1	0	0	1	0	0	0	0	0	0	0	0	0	0	0	0	0	1	1	0	0	0	1	0	1	1	0	0	0	2	0	0	0	0	0	1	0	0	1	0	0	0	1	0	0	0	0	1	0	0	0	1	0	1	0	0	1	0	1	0	0	0	0	2	0	0	0	0	1	0	0	0	2	0	0	0	0	1	0	1	1	0	0	1	0	1	0	2	0	0	0	1	0	0	0	0	0	0	0	0	0	0	0	0	0	1	1	0	0	0	0	1	0	0	1	0	0	0	0	1	2	0	1	1	1	0	0	0	3	1	0	0	0	0	0	0	0	0	0	0	1	0	0	1	2	1	3	2	2	0	0	1	0	1	0	0	0	0	0	0	1	0	0	1	1	0	0	0	1	2	3	2	2	4	4	1	1	3	0	2	0	0	0	0	0	1	1	0	0	1	0	0	0	2	0	0	0	0	1	2	2	3	0	0	1	3	1	1	1	0	1	0	0	0	0	2	1	1	2	2	0	1	1	0	3	3	2	5	0	2	2	5	1	0	2	1	1	2	1	1	1	1	1	1	1	3	2	2	2	1	0	4	0	3	6	4	1	4	2	3	3	3	2	1	0	0	0	0	0	0	6	1	8	9	7	7	5	4	6	9	12	15	14	11	20	8	7	10	14	9	2	2	1	0	0	1	3	3	2	1	7	5	3	3	3	1	0	3	14	19	15	12	18	14	38	27	16	2	4	4	3	4	3	5	11	25	21	16	16	14	5	7	8	6	6	2	9	7	6	3	2	2	3	4	1	2	3	5	5	8	3	5	1	4	1	1	0	0	1	0	0	0	1	2	3	1	7	8	8	6	2	4	11	10	9	20	97	107	11	251	22	0	38	9	57	12	7	2	4	4	2	1	1	6	4	4	3	2	0	0	2	0	4	3	1	4	5	3	2	6	3	3	4	5	2	3	0	3	1	2	4	1	1	2	1	1	2	2	8	3	2	3	3	2	2	2	0	2	2	2	1	1	5	0	0	0	1	3	8	4	2	1	2
0	0	0	0	0	0	0	0	0	0	1	0	0	2	1	0	0	0	0	0	0	0	0	0	0	0	0	0	0	1	0	0	0	0	1	0	0	0	0	0	1	0	1	0	0	0	0	1	1	0	0	0	0	0	0	0	0	0	0	1	0	0	1	0	0	0	0	0	0	1	0	2	0	0	0	0	1	0	0	0	0	0	0	1	0	0	0	0	0	0	0	1	0	3	1	1	0	0	0	2	0	2	1	0	0	0	0	0	0	0	0	1	0	0	0	2	1	0	0	2	0	0	0	1	0	1	0	0	0	0	1	0	0	1	1	0	0	0	0	1	0	0	1	0	0	1	0	3	1	1	0	0	0	0	1	1	0	0	1	0	1	0	1	0	0	0	0	2	0	0	0	0	1	1	1	0	0	1	0	0	1	2	1	1	2	0	0	0	0	0	0	0	0	0	1	0	0	0	0	2	0	2	0	2	0	0	1	1	1	2	1	0	1	0	0	0	0	0	0	0	0	2	2	0	1	2	0	0	0	2	0	0	0	2	1	1	0	1	1	1	0	3	1	0	0	0	0	1	0	0	1	2	1	0	0	1	1	1	0	1	1	1	2	3	0	1	1	3	1	0	3	1	0	3	0	0	2	1	0	1	1	0	0	2	2	3	1	0	2	6	2	1	1	0	2	0	0	1	0	1	0	0	0	0	0	2	2	3	3	2	6	7	4	5	5	3	5	16	16	15	53	9	1	14	8	4	4	3	2	2	2	3	4	1	2	3	7	2	1	2	0	0	1	3	6	7	20	11	15	7	7	10	3	7	1	3	1	1	1	3	10	7	28	9	12	5	5	3	3	3	1	5	4	6	2	9	3	1	1	7	5	4	10	18	6	2	7	5	6	2	2	0	1	2	0	0	0	1	0	2	4	4	11	17	8	5	6	6	6	1	6	6	21	61	88	39	7	38	0	26	27	11	7	2	5	1	3	3	0	4	2	2	1	0	1	1	0	4	2	2	3	4	2	7	4	11	3	3	7	2	3	2	3	1	2	1	0	2	2	1	2	4	3	2	4	2	2	6	3	2	2	1	0	2	3	2	0	3	5	3	0	1	0	5	4	4	0	3	3
0	0	0	0	0	0	0	0	0	0	0	0	0	1	0	0	0	0	0	0	1	0	0	0	0	1	0	0	0	0	0	0	0	0	0	0	0	0	1	0	1	0	0	1	0	0	1	0	0	0	0	2	0	0	1	0	0	0	1	0	0	2	0	0	0	0	0	0	0	0	1	0	0	0	0	0	0	1	1	0	1	1	0	0	1	0	0	0	1	2	0	1	0	1	1	0	0	0	0	0	0	0	0	1	1	0	2	0	1	1	0	0	0	1	0	1	0	2	0	0	0	0	0	0	0	0	0	0	0	0	0	0	1	0	0	1	0	0	0	0	0	0	1	0	5	2	1	1	0	1	0	0	0	0	0	1	1	0	0	0	1	2	0	1	1	1	1	1	1	0	0	0	0	2	0	0	1	1	2	0	0	2	0	2	2	1	0	0	0	0	0	0	1	0	1	0	0	0	0	1	0	2	1	0	0	1	0	1	1	2	3	1	2	0	0	0	0	1	0	0	1	2	1	0	1	1	1	0	0	0	0	1	0	0	2	0	0	0	0	0	0	1	0	1	0	0	0	0	0	0	0	1	1	0	1	0	1	0	0	1	2	3	5	7	3	3	2	2	1	1	0	1	1	0	1	0	3	2	0	1	3	1	3	1	4	2	0	1	1	6	3	0	1	1	0	0	2	2	1	0	0	2	0	2	1	3	2	6	12	7	16	5	1	2	2	2	1	4	6	7	7	3	4	2	4	4	1	1	1	1	0	0	1	2	1	3	3	1	0	1	2	3	2	1	2	5	14	51	44	11	3	5	3	1	3	5	2	3	2	2	6	3	11	8	14	3	1	0	4	3	3	5	7	4	3	6	6	5	10	8	14	19	22	8	3	5	5	2	3	2	3	1	1	2	0	1	0	0	2	5	2	3	2	7	2	1	5	4	1	4	2	5	8	21	49	7	8	9	26	0	20	4	2	0	1	1	1	0	0	1	1	1	2	0	0	1	1	0	6	0	1	1	3	6	0	4	2	2	1	3	2	1	1	0	0	0	0	2	1	2	0	2	2	2	3	1	0	1	0	1	0	2	1	2	1	1	0	1	3	5	0	1	1	2	3	0	2	0	1
0	0	0	0	0	0	0	0	1	0	0	1	1	0	0	1	0	2	1	0	0	0	0	0	2	0	0	1	0	0	0	0	0	1	1	0	0	0	0	0	1	0	0	0	0	0	0	1	0	0	0	0	0	1	0	0	0	0	3	1	1	1	0	0	0	0	0	1	0	0	1	0	0	0	0	0	0	0	0	0	1	0	1	0	0	0	0	0	0	0	0	0	0	0	0	1	0	2	1	2	1	0	0	1	1	0	0	0	0	0	1	0	0	0	1	0	0	1	1	0	0	0	0	0	1	0	2	0	2	1	0	0	0	0	3	0	1	1	0	0	1	1	0	1	1	0	0	1	0	0	0	0	1	0	0	0	0	0	0	1	0	2	0	1	1	1	0	0	0	2	2	0	0	0	0	0	2	1	0	0	1	2	1	2	2	1	0	1	0	0	0	0	2	1	0	0	0	1	0	1	0	0	1	1	1	1	2	2	1	3	3	2	1	1	0	0	0	0	1	0	1	0	1	0	0	0	3	2	0	0	1	1	0	0	1	1	2	1	1	1	1	1	1	1	3	0	1	0	1	1	1	1	0	0	1	1	1	1	3	1	0	1	4	4	2	4	2	4	4	2	2	1	1	2	2	3	3	2	5	2	2	3	3	1	2	2	1	2	6	4	12	3	3	0	1	1	0	5	2	2	0	1	2	1	3	2	4	5	12	7	17	7	4	4	1	0	10	8	5	8	19	12	2	12	0	8	3	1	1	2	1	2	2	2	2	1	5	3	2	0	6	2	5	6	7	6	60	33	16	13	25	12	10	2	2	5	1	2	6	2	5	8	12	16	5	8	5	3	7	6	8	6	16	15	19	12	14	3	8	6	7	3	8	5	1	7	2	3	3	4	2	1	1	3	1	0	0	1	1	1	4	4	3	7	1	2	3	3	7	2	9	10	19	242	24	85	33	57	27	20	0	9	6	1	5	1	2	1	1	4	4	0	4	0	1	0	2	1	2	3	1	3	6	5	4	4	6	7	2	1	3	3	2	1	3	0	2	1	2	1	0	2	1	1	3	5	4	2	2	1	1	2	3	1	1	2	1	1	6	0	1	1	0	1	4	2	3	2	2
0	0	0	0	0	0	0	0	0	0	0	0	0	0	0	0	1	1	0	0	0	1	0	1	1	0	0	0	0	0	0	0	0	0	0	0	1	0	0	0	0	0	1	0	0	0	0	1	0	0	0	0	0	0	0	0	1	0	0	0	1	0	1	1	0	0	1	0	0	1	1	0	0	0	0	0	0	0	1	0	0	0	0	1	0	1	0	1	0	0	0	0	1	1	1	0	0	0	1	0	0	0	0	0	0	0	0	0	0	0	1	0	1	0	1	0	0	0	1	1	1	0	0	0	1	0	0	0	0	0	1	1	0	0	0	0	1	1	0	0	1	0	0	1	1	0	2	3	0	0	0	0	1	0	0	0	0	1	0	0	0	1	2	1	0	0	1	0	0	0	1	0	0	0	1	1	1	1	2	1	0	1	1	4	3	1	1	1	0	1	0	0	0	0	0	0	0	0	1	2	0	0	1	0	1	2	2	0	0	1	3	4	5	0	0	1	0	0	0	0	0	1	0	0	0	1	0	1	1	1	4	1	0	1	4	1	6	2	1	1	1	3	0	0	0	0	0	1	0	2	1	2	0	1	2	0	0	0	3	0	0	1	1	0	1	1	2	0	1	0	1	1	0	0	1	0	1	1	1	0	1	1	2	2	3	1	0	4	4	1	7	2	3	2	3	3	1	2	2	1	1	1	0	0	2	0	0	1	1	2	2	8	7	7	4	1	5	10	11	6	6	6	14	9	12	5	4	0	0	2	0	4	6	4	3	1	4	11	3	7	7	5	1	10	35	21	6	2	5	3	16	159	11	7	3	2	17	8	9	9	66	32	9	3	3	2	5	2	3	2	8	5	9	13	6	7	4	4	4	2	3	1	5	3	5	2	3	0	1	4	0	2	1	1	1	1	0	1	2	1	1	2	6	6	6	3	4	0	12	28	80	16	20	8	2	9	13	12	11	4	9	0	12	5	11	2	6	3	4	9	5	1	0	0	0	2	0	2	1	1	1	0	2	1	1	4	10	11	11	4	4	4	7	1	0	2	5	3	1	4	2	1	2	1	2	7	3	5	3	3	3	2	2	1	1	1	0	2	2	1	0	1	1	1	0	0	3	2	4
0	0	0	0	0	0	0	0	0	1	0	0	0	0	0	1	0	0	0	0	0	0	1	0	1	0	0	0	0	0	1	1	1	0	0	0	0	1	0	0	0	0	0	0	0	2	0	0	0	0	0	0	1	1	0	0	0	1	0	1	0	1	0	1	0	0	1	1	0	0	0	0	1	0	0	0	2	0	1	1	1	0	0	0	0	0	0	0	0	0	0	1	0	0	0	1	0	0	1	1	1	1	1	0	0	0	1	0	1	1	1	0	0	0	1	0	3	1	0	0	0	0	0	0	1	0	0	1	0	0	0	1	0	2	2	0	0	0	0	0	0	0	0	0	1	0	0	3	2	3	1	0	0	0	0	0	0	0	0	0	0	1	0	0	0	0	1	0	1	0	0	1	0	0	0	1	0	0	0	3	0	1	0	0	1	1	2	1	0	1	0	0	0	1	0	0	0	0	0	1	1	2	0	0	0	1	1	0	0	2	2	1	0	2	0	1	1	1	0	0	0	0	2	1	2	0	1	1	3	0	0	1	2	0	0	2	3	3	3	1	1	1	0	2	0	0	1	1	1	0	2	0	0	2	0	0	0	0	1	1	0	1	1	1	0	1	1	0	3	1	0	1	2	0	2	1	1	1	2	2	1	2	1	6	3	10	2	2	4	0	1	6	1	5	3	1	0	3	3	1	2	1	0	2	0	1	4	3	0	1	2	5	5	6	1	3	6	4	4	5	3	3	3	6	7	4	5	2	0	1	1	0	6	3	8	1	0	3	3	6	2	3	4	9	7	7	4	2	2	3	5	10	3	5	3	2	19	14	7	6	9	7	4	3	5	3	3	2	0	4	6	1	3	6	3	1	0	1	1	0	0	1	2	5	1	3	5	1	2	0	0	0	1	0	0	0	0	0	1	3	0	2	5	3	2	5	3	0	5	22	42	16	5	4	1	7	6	7	7	2	6	12	0	15	28	5	18	11	5	20	3	2	0	1	0	0	1	0	4	1	0	1	1	1	2	2	15	11	4	5	3	3	2	2	2	0	8	7	2	2	1	2	3	6	6	11	12	5	5	5	2	3	3	2	0	1	0	0	1	4	0	0	0	0	1	3	1	2	3
0	0	0	0	0	0	0	0	0	0	0	0	0	0	0	1	1	0	0	0	0	0	0	1	0	0	0	0	0	0	0	0	1	0	0	0	0	1	0	0	1	0	0	1	0	0	0	0	0	0	1	0	0	0	0	0	0	0	0	0	0	0	1	0	1	0	0	1	1	0	0	0	0	0	0	0	0	1	0	0	0	0	0	0	0	1	0	0	0	1	2	0	0	0	0	3	2	0	0	0	1	0	0	1	0	0	0	1	0	0	0	0	0	2	1	0	0	0	0	0	0	0	0	0	0	0	0	0	0	0	0	2	0	0	0	0	0	0	0	0	0	0	0	0	1	2	0	0	0	0	0	0	0	0	0	0	0	0	0	0	0	0	0	0	2	0	1	0	0	1	1	0	0	1	0	0	0	0	1	0	1	0	1	0	0	0	2	1	0	1	0	0	0	0	0	0	1	0	0	0	0	1	1	0	0	1	1	2	0	3	1	3	1	2	0	1	0	0	0	0	0	0	0	0	1	1	0	0	0	0	0	0	0	2	2	0	3	1	1	2	2	1	1	1	0	0	0	1	3	0	0	1	0	0	0	1	0	0	0	1	1	1	1	0	1	0	1	0	0	0	0	0	0	1	0	0	1	0	1	0	0	0	2	4	3	2	1	1	1	1	3	1	3	4	2	2	0	1	3	1	0	2	2	1	0	0	3	1	0	0	2	7	6	2	8	7	6	7	1	3	1	3	1	8	10	3	8	3	2	2	0	6	3	0	1	4	2	3	0	1	1	0	2	5	2	3	2	2	3	0	5	4	3	5	3	1	10	10	1	6	3	7	2	3	3	2	3	1	2	2	2	2	3	2	2	1	0	0	3	0	0	0	1	0	1	0	5	0	1	2	0	0	1	3	0	0	1	1	1	3	2	2	3	1	5	2	4	2	12	6	11	5	2	6	1	1	4	2	2	0	1	5	15	0	72	17	158	34	5	11	6	1	1	1	1	2	0	2	0	1	2	4	1	2	3	3	5	3	7	5	1	0	2	2	2	0	4	4	5	1	4	5	1	8	11	5	8	4	5	12	13	4	5	1	2	1	1	3	1	0	1	2	2	4	0	1	0	2	1
0	0	0	0	0	0	0	0	0	2	0	0	0	0	1	0	0	1	0	0	0	0	0	0	1	1	1	0	0	0	0	0	0	0	0	0	1	0	0	0	0	0	1	0	0	0	0	0	0	0	0	1	0	0	0	0	0	0	0	0	0	0	0	0	0	0	0	0	1	1	0	0	0	2	0	0	0	0	0	0	0	0	0	0	1	0	0	0	0	0	0	1	2	0	0	0	0	0	0	0	0	0	0	0	0	1	1	0	0	0	0	0	2	0	0	1	0	0	0	0	0	0	0	1	0	0	0	1	0	1	0	1	1	0	0	0	0	0	0	0	0	1	0	0	0	1	0	0	1	0	1	0	0	0	0	0	2	0	0	0	0	0	0	0	0	1	1	0	0	0	0	0	2	0	0	1	1	0	0	1	0	0	1	3	2	0	2	0	0	1	1	1	1	0	1	0	0	0	0	0	0	1	0	0	1	2	0	1	3	0	3	3	0	2	0	0	0	0	0	0	0	0	3	1	0	1	2	1	0	0	0	1	1	1	0	1	3	0	2	1	0	0	1	0	1	2	1	0	0	0	1	0	0	0	1	1	0	0	0	2	0	0	1	0	0	1	0	2	1	1	1	1	0	1	0	1	1	0	1	2	3	0	1	3	1	3	2	1	1	2	2	6	7	4	0	2	0	1	2	3	1	1	0	0	1	0	1	1	0	2	3	3	6	7	16	12	12	6	6	2	3	5	5	7	17	5	4	3	2	1	2	1	7	1	0	3	4	3	2	2	3	1	0	3	9	8	6	1	2	3	6	8	7	5	4	3	31	10	1	3	4	24	2	3	2	6	8	5	5	1	6	3	3	4	1	1	1	1	1	5	0	1	3	2	2	4	4	2	3	1	2	1	1	1	1	0	0	0	0	1	4	2	3	9	8	4	3	2	8	13	22	22	7	2	3	5	2	4	5	1	5	11	28	72	0	13	52	11	6	11	2	1	2	2	1	0	1	2	1	2	0	2	1	5	0	4	6	3	5	3	0	1	1	3	1	1	2	2	0	5	0	2	1	4	12	9	5	8	6	6	4	3	1	1	0	0	0	0	3	0	0	0	0	0	2	2	2	0	3
0	0	0	0	0	0	0	0	0	0	0	0	1	0	0	0	0	0	0	0	1	0	0	1	0	1	0	0	0	0	0	2	0	1	0	1	0	0	0	0	0	0	0	0	1	0	0	0	0	1	1	0	0	0	0	0	0	0	0	0	0	0	0	1	0	0	0	0	0	0	0	0	0	0	1	0	0	1	0	1	1	0	0	0	0	0	0	1	0	0	0	0	0	0	0	0	0	0	0	1	0	0	0	0	0	0	0	0	0	0	0	0	1	0	0	0	0	0	0	0	0	1	0	0	0	0	0	0	0	0	0	0	0	0	0	0	0	0	1	1	0	0	1	0	0	1	0	0	2	1	0	0	0	1	1	0	0	0	1	0	1	1	1	0	0	0	1	0	1	0	0	0	0	0	0	1	0	0	1	0	1	1	2	2	2	0	1	1	0	0	0	0	0	0	0	0	0	1	0	0	1	0	0	0	1	0	3	1	2	1	1	1	5	1	0	0	1	0	0	0	1	0	2	0	2	0	0	1	0	1	2	1	0	1	0	0	1	0	2	0	1	0	1	1	2	0	0	0	0	0	0	0	1	0	0	0	2	0	0	1	0	1	1	2	1	1	1	0	1	0	0	0	0	1	0	0	0	0	0	1	2	0	1	2	2	1	1	0	1	1	2	1	2	1	2	0	0	0	0	0	0	1	1	0	3	0	1	2	3	0	0	5	4	7	12	12	3	6	9	2	5	2	4	6	9	7	3	2	0	3	4	2	2	2	2	1	3	0	1	1	1	2	0	2	3	4	0	2	1	1	1	4	5	0	1	1	3	3	3	1	2	2	2	6	3	5	1	8	2	2	0	3	2	0	4	1	1	0	1	0	1	3	1	2	4	5	1	2	3	1	0	2	1	5	0	0	2	2	1	2	2	3	1	2	15	10	5	5	8	6	9	10	3	1	2	3	1	4	1	1	1	2	5	17	13	0	46	9	4	4	6	8	6	3	1	5	5	3	3	1	3	2	1	3	9	3	2	2	4	3	2	0	1	4	5	2	2	7	11	16	18	12	14	21	54	5	6	7	45	28	19	5	4	4	0	1	3	4	5	2	0	1	3	1	3	3	6	5	3
0	0	0	0	0	0	0	0	0	0	0	0	0	0	0	0	0	0	1	0	0	0	1	0	0	0	1	0	0	0	0	0	1	1	0	0	0	0	0	0	1	0	0	0	1	0	0	0	0	0	0	0	0	0	0	0	1	0	0	0	0	0	0	0	0	1	0	0	0	0	0	0	0	0	1	0	0	0	0	0	1	0	0	0	1	0	1	1	0	1	2	0	0	1	1	0	0	0	0	0	0	0	1	0	0	1	1	0	0	0	0	1	0	1	2	1	0	0	1	0	0	0	0	0	0	0	0	0	0	0	0	1	0	0	1	0	0	0	0	1	1	0	0	0	0	1	0	0	0	2	0	0	1	0	0	0	0	0	0	0	0	0	2	0	0	0	2	0	1	0	0	0	0	0	0	0	0	2	0	0	0	0	0	0	0	0	0	0	0	0	0	1	0	0	0	1	0	1	0	0	0	0	0	1	1	1	0	0	1	1	3	0	1	0	1	0	0	0	0	1	0	1	0	0	0	1	0	0	1	0	0	0	0	0	0	1	2	3	1	0	0	0	0	0	2	1	0	0	1	0	1	0	0	0	0	0	0	0	0	0	0	1	4	1	0	1	1	0	0	0	0	0	1	0	1	0	1	1	1	0	2	0	1	2	1	2	2	0	0	1	0	2	6	0	0	0	0	4	1	1	1	1	1	0	1	0	0	3	1	1	3	2	4	10	17	8	8	3	6	5	5	1	5	5	12	11	4	1	2	1	2	1	2	4	3	3	1	2	1	0	2	1	4	6	6	3	3	2	2	2	2	11	4	3	1	4	2	5	4	3	6	15	2	6	1	5	0	3	3	1	1	2	2	4	2	0	0	1	0	0	2	0	0	2	1	2	3	0	2	1	0	1	3	1	0	0	1	0	0	4	4	1	2	2	8	8	9	2	11	9	8	21	5	4	0	1	6	2	3	1	2	6	18	158	52	46	0	27	12	13	2	3	1	0	1	2	3	3	5	3	1	4	4	1	3	6	3	3	4	1	3	3	2	2	4	1	6	6	1	4	4	1	8	8	27	9	8	6	11	9	6	3	6	1	0	0	1	2	0	0	1	0	0	0	2	2	5	1	3
0	0	0	0	0	0	0	0	0	0	0	0	1	0	0	1	1	0	0	1	0	0	0	0	0	0	0	0	0	0	0	0	0	0	0	0	0	0	0	0	1	0	1	0	0	0	0	0	0	0	0	0	0	0	0	0	0	1	0	0	0	1	0	0	1	0	0	0	0	0	0	0	0	0	0	0	0	0	0	0	0	0	0	0	0	0	0	0	0	0	0	0	0	0	0	0	0	0	1	0	0	1	0	0	0	1	0	0	0	0	0	0	0	1	0	0	0	0	0	0	0	0	1	0	0	0	1	1	0	0	1	1	0	1	0	0	0	0	0	0	0	2	0	0	0	1	1	1	0	1	0	0	0	0	0	1	0	0	0	0	0	0	1	0	0	0	1	0	3	0	0	1	0	0	0	0	0	0	0	0	1	0	0	0	0	0	0	1	0	0	1	0	2	0	0	1	1	0	2	1	0	0	0	1	1	1	0	0	0	1	2	2	0	1	0	0	0	0	0	0	0	0	1	1	1	1	1	0	0	0	0	0	0	1	0	0	1	0	0	1	0	1	1	0	0	1	1	0	2	0	1	0	0	0	1	0	0	1	1	0	0	2	2	1	1	0	0	0	0	0	0	0	0	2	1	0	1	1	0	0	2	0	1	1	1	0	0	0	0	0	0	2	3	2	1	0	0	0	2	1	0	1	1	1	0	0	0	0	0	0	2	2	0	0	5	5	1	3	5	0	3	1	5	3	2	4	7	4	3	3	3	2	4	1	0	1	3	0	0	0	4	1	0	2	4	1	0	2	2	0	0	3	1	4	1	1	5	6	4	4	2	3	3	1	1	4	2	0	1	1	0	1	2	1	1	0	1	0	1	1	0	0	1	5	2	1	4	2	2	1	2	0	1	0	0	0	2	1	2	0	3	6	2	3	2	5	4	2	10	8	2	6	1	0	3	1	1	1	3	0	1	3	11	34	11	9	27	0	43	15	7	4	3	1	0	1	4	2	2	1	1	2	1	0	2	3	10	1	2	3	2	2	1	2	1	4	5	14	1	3	3	0	7	12	8	11	16	14	6	10	19	13	2	2	3	1	0	0	2	1	0	1	0	0	1	2	1	2	2
0	0	0	0	0	0	0	0	0	1	0	0	0	0	1	0	1	0	0	0	0	0	0	0	0	1	0	0	0	0	0	0	2	0	0	0	0	0	0	0	0	0	0	0	0	0	0	0	0	0	0	0	1	1	0	0	0	1	0	0	0	0	1	0	0	0	0	0	0	0	0	0	1	0	1	0	1	0	0	0	0	0	0	1	0	0	0	0	0	0	0	1	1	1	2	0	0	1	0	0	0	0	0	0	0	0	0	2	0	0	0	0	0	0	0	0	0	0	0	0	0	0	0	0	0	0	1	0	0	0	0	1	0	1	0	0	0	1	0	0	0	1	0	1	0	0	0	1	0	0	0	0	0	0	0	1	0	1	0	0	0	2	0	0	0	1	2	1	1	0	0	0	1	0	0	0	1	0	1	0	0	1	0	0	0	0	1	0	1	2	0	0	0	0	1	0	1	0	1	0	0	0	1	0	0	0	2	0	0	2	1	2	0	0	1	1	1	2	0	0	0	0	1	0	0	0	2	0	0	0	0	0	0	0	0	0	2	1	0	2	1	1	0	0	0	1	0	0	0	0	2	0	0	0	0	0	0	1	1	1	0	1	0	3	0	0	2	0	0	0	1	2	1	0	1	0	0	1	2	0	0	0	0	1	2	1	0	5	1	1	0	1	2	3	1	1	0	2	1	3	0	1	2	0	0	1	2	0	1	0	1	1	2	4	1	5	3	2	3	0	3	0	7	3	4	4	3	8	1	6	6	8	7	4	3	2	3	0	0	3	1	0	3	0	2	3	1	0	0	1	3	4	3	0	1	0	1	2	2	3	2	5	3	1	2	2	1	0	1	1	1	0	1	0	0	0	1	0	0	0	0	0	1	2	6	2	1	3	5	0	1	0	1	5	2	2	0	0	1	0	5	6	0	1	0	4	7	2	7	5	5	5	2	3	3	0	1	1	0	0	1	4	5	5	6	4	12	43	0	18	10	2	2	5	4	1	2	1	2	4	1	1	3	1	0	5	6	5	2	5	2	0	0	2	3	6	12	17	8	2	6	2	2	4	8	24	79	14	9	15	27	8	2	1	2	1	1	0	2	3	1	1	1	1	0	1	0	4	1
0	0	0	0	0	0	0	0	0	0	0	0	0	1	0	0	1	0	0	0	0	0	0	0	0	0	0	0	0	0	1	1	0	0	0	0	0	0	0	0	0	0	0	0	0	1	0	0	0	0	0	0	0	0	0	0	0	0	0	0	0	1	0	1	0	0	2	0	0	0	0	0	0	1	0	0	1	0	0	1	0	0	1	0	0	0	0	0	0	0	0	2	1	0	1	1	0	0	1	0	0	0	0	0	0	1	1	1	1	3	0	0	1	0	0	0	0	1	0	0	0	0	0	0	2	1	0	0	1	0	1	1	1	0	0	0	0	0	0	0	0	0	0	1	1	2	0	2	2	2	0	0	0	0	1	0	0	0	0	0	0	0	0	0	2	0	0	1	0	0	0	0	0	1	0	0	0	0	0	0	0	0	1	2	1	0	1	0	0	0	0	0	0	0	0	0	0	0	0	2	0	0	0	0	0	0	0	1	1	2	2	0	1	0	1	0	0	0	1	0	1	2	0	1	0	0	1	0	0	0	2	0	0	0	0	0	1	1	1	2	0	0	0	1	0	0	2	0	0	1	1	0	0	1	0	1	0	0	0	3	1	1	0	0	0	1	0	1	1	0	1	0	1	0	0	0	2	0	0	0	2	0	0	0	2	1	0	1	1	0	1	4	4	1	1	0	1	1	1	0	0	2	1	1	0	0	3	0	2	2	3	1	5	2	3	2	4	4	5	4	6	4	9	10	10	12	20	8	2	5	7	6	8	7	8	6	5	2	3	3	3	2	1	2	2	4	6	3	3	0	8	3	3	1	2	1	4	4	4	5	7	6	2	4	0	3	4	2	1	1	5	1	5	4	4	2	0	2	0	3	0	1	1	1	3	1	3	1	0	2	0	0	1	4	1	1	2	0	1	0	2	10	6	4	3	6	4	4	19	29	12	7	0	2	2	1	6	6	4	1	4	9	20	11	11	4	13	15	18	0	13	3	2	1	5	1	3	4	3	0	4	5	2	2	1	2	25	3	8	7	5	3	5	4	6	3	9	9	3	2	1	2	4	5	11	216	39	34	8	10	4	4	4	1	0	0	1	0	2	3	1	1	1	1	1	3	2	2	2
0	0	0	0	0	0	0	0	0	0	0	0	0	0	0	0	0	0	0	0	0	0	0	1	0	0	0	0	0	1	0	0	0	0	0	0	0	0	0	0	0	0	0	0	1	0	1	0	0	0	0	0	0	1	0	1	1	0	0	0	0	1	1	0	0	0	0	0	1	0	0	0	2	0	0	0	1	0	0	0	0	0	0	0	0	0	0	0	0	0	0	1	2	0	0	0	1	0	0	0	0	0	1	0	1	1	1	1	1	2	1	1	1	0	0	1	0	0	0	0	1	0	0	0	0	0	0	0	0	1	1	0	1	0	2	0	1	0	1	0	0	0	0	0	1	1	0	1	0	2	1	0	1	0	0	1	0	0	0	0	1	0	0	0	0	0	0	0	0	0	0	0	0	0	0	0	1	0	0	0	0	1	0	0	0	2	1	0	1	0	1	0	1	0	0	0	0	0	0	1	0	0	0	1	0	0	0	1	0	0	2	0	0	0	0	0	0	0	1	0	0	0	0	1	1	0	1	1	0	0	0	0	1	0	1	0	3	0	0	1	0	1	0	1	0	1	0	0	0	0	0	1	0	1	0	0	0	1	2	0	0	0	0	0	0	0	0	0	1	1	0	1	0	0	0	1	0	0	0	0	1	1	0	0	0	0	0	1	2	0	0	4	2	2	1	2	1	0	0	1	3	1	2	1	2	1	0	0	1	1	1	1	1	0	3	5	3	9	16	9	3	2	9	27	7	51	195	16	10	4	7	17	8	6	8	7	7	7	1	0	3	1	3	2	2	5	5	2	0	0	1	4	0	3	2	1	2	2	0	0	2	5	0	0	1	4	1	4	1	1	1	2	2	7	1	4	1	3	0	2	1	1	3	6	8	1	4	0	1	2	5	2	1	1	0	1	0	0	0	2	9	24	11	3	11	23	53	17	19	11	2	4	7	6	2	1	4	4	2	1	4	5	3	6	2	6	2	7	10	13	0	20	2	5	5	2	2	4	0	2	2	4	2	3	1	5	11	5	3	4	6	7	19	11	18	11	5	8	5	2	3	4	4	3	8	7	6	48	10	12	6	2	4	1	1	1	0	5	6	2	2	0	1	1	8	4	3	0	15
0	0	0	0	0	0	0	0	0	0	0	1	0	0	0	1	0	1	1	0	0	0	0	0	0	1	0	0	0	0	0	2	0	0	0	0	0	0	0	0	0	1	0	1	0	0	0	0	0	0	1	1	0	0	0	1	1	0	0	0	0	2	0	2	0	1	0	0	0	0	0	0	0	0	0	0	0	0	0	0	0	1	0	1	0	0	0	0	0	0	0	1	0	1	0	0	0	0	0	0	0	0	1	0	0	1	0	1	1	0	1	0	0	0	1	0	0	0	0	0	0	0	0	0	0	0	0	0	0	0	0	1	0	1	0	1	1	0	0	0	0	0	0	1	0	0	1	0	1	1	0	1	0	1	0	0	0	0	0	0	0	1	0	0	0	1	1	0	1	0	0	0	0	0	0	0	0	0	0	0	1	0	1	1	0	0	0	0	0	0	1	0	0	0	0	0	0	0	0	0	1	1	0	0	0	0	2	1	0	1	1	1	0	0	0	0	1	0	0	0	1	1	0	0	0	1	0	0	1	1	0	1	0	0	0	1	0	1	0	0	0	0	1	0	2	2	0	1	0	0	0	0	0	0	1	1	1	0	1	0	0	0	1	2	1	0	1	2	1	0	0	0	0	2	0	0	1	1	0	0	1	0	3	1	0	1	1	0	0	0	2	1	1	3	0	0	1	0	0	0	2	0	1	0	0	1	0	1	1	2	0	1	1	1	4	3	3	12	6	5	1	1	0	17	7	9	13	31	10	13	5	7	0	2	3	2	6	1	0	0	2	0	1	2	1	1	1	2	3	3	2	2	1	0	1	1	2	0	0	0	0	7	3	2	0	0	3	0	0	2	1	2	1	3	1	4	1	1	1	0	1	2	2	4	3	6	9	8	6	5	5	5	5	7	4	4	2	2	2	4	16	10	4	2	12	39	44	29	10	3	0	3	3	1	1	1	2	4	2	1	0	1	2	1	1	8	3	4	2	3	20	0	17	17	11	7	1	3	3	5	2	4	2	5	3	8	4	2	2	4	4	4	6	4	9	8	7	6	19	5	7	8	10	14	10	7	2	18	27	24	5	8	14	5	0	5	4	5	17	2	2	2	2	6	15	6	3	8	42
0	0	0	0	0	0	0	0	0	0	0	0	0	1	1	0	0	0	0	0	2	0	0	0	0	0	0	0	1	0	0	0	1	0	0	0	0	1	0	1	0	0	0	0	0	0	0	0	0	0	0	0	0	0	0	0	0	1	0	0	0	0	1	0	0	0	0	0	1	0	0	0	0	0	0	0	0	0	0	0	0	0	0	0	0	0	0	0	1	0	0	1	1	0	0	2	0	0	1	0	1	0	0	0	0	0	0	0	0	3	1	0	1	0	0	0	0	0	0	0	0	1	1	0	0	0	1	0	0	0	0	0	0	0	0	0	1	0	0	0	0	2	0	0	0	2	0	0	1	0	2	0	0	0	0	0	1	0	0	0	0	1	0	2	1	0	0	0	0	0	0	0	0	0	0	1	0	0	0	1	0	0	1	0	0	0	1	0	0	0	0	0	0	0	0	0	0	2	0	0	0	0	1	0	0	0	1	1	0	0	1	0	1	0	0	0	0	1	0	0	0	0	0	1	0	1	0	1	1	0	1	2	0	0	0	0	1	0	2	1	0	0	1	1	0	0	0	0	0	0	0	0	1	0	1	1	0	0	1	1	2	1	0	1	0	0	1	0	0	0	0	0	0	0	0	0	0	0	0	0	0	0	1	0	1	0	2	0	1	1	0	1	1	0	0	0	0	1	1	0	0	0	0	1	0	2	1	0	1	1	1	1	0	2	2	2	2	4	3	1	0	2	1	5	1	6	2	4	5	11	3	1	2	2	1	1	2	0	1	3	1	0	1	0	0	0	1	0	2	1	0	0	3	1	0	0	2	2	1	2	2	1	1	0	3	2	0	1	0	0	0	0	1	0	0	0	1	0	0	2	1	0	5	3	4	2	5	1	4	6	14	8	10	38	9	2	11	4	14	16	8	6	1	8	6	10	8	6	1	3	2	2	1	1	2	3	0	3	1	2	4	0	0	1	2	6	1	3	2	2	2	17	0	113	70	10	16	6	3	1	5	1	2	3	2	3	0	0	2	1	3	1	6	3	6	3	2	3	11	5	5	8	9	5	3	2	3	7	7	14	6	4	10	21	9	5	10	50	6	4	4	4	6	13	9	11	7	14	69
0	0	0	0	0	0	0	0	0	0	0	0	0	0	0	0	0	0	1	0	0	0	0	0	0	0	0	0	0	0	0	0	0	0	0	0	0	0	0	0	0	0	0	0	0	0	0	0	0	0	0	0	0	0	0	0	0	0	0	0	0	0	0	2	0	0	0	0	0	0	0	0	0	0	0	0	0	1	0	0	1	0	0	0	1	0	0	1	0	0	1	0	0	0	1	1	1	0	0	0	0	0	1	0	0	1	0	0	1	0	0	0	0	0	0	0	1	0	0	0	0	0	0	1	0	0	0	0	1	0	0	0	0	0	0	0	0	0	0	0	0	0	0	0	1	0	0	0	0	0	0	0	0	0	0	0	0	0	0	0	0	0	1	0	0	0	0	0	0	0	0	0	0	0	1	0	0	0	0	0	0	1	0	0	1	0	0	0	0	0	0	1	0	0	0	0	0	1	0	1	0	0	0	0	1	0	0	0	0	1	0	0	0	0	0	0	0	0	0	0	1	0	0	0	0	1	0	0	1	0	1	1	0	1	1	0	0	1	1	0	0	1	0	0	1	0	0	0	0	0	0	0	0	0	1	0	0	0	1	0	0	0	1	0	0	0	0	0	0	0	0	0	0	0	2	0	1	1	0	0	0	0	1	1	0	0	1	1	0	0	0	1	1	1	0	0	0	0	1	1	0	0	0	0	0	0	0	1	1	1	0	1	1	0	4	2	1	4	4	3	5	0	4	2	0	5	3	14	11	5	3	4	1	1	0	3	0	1	0	2	0	1	0	1	3	1	0	0	0	2	0	1	0	0	0	2	1	1	1	0	0	1	1	0	3	0	0	0	1	0	1	0	1	1	1	3	1	0	0	2	2	1	0	0	5	6	4	1	1	5	18	15	9	130	16	2	4	10	16	30	17	7	1	4	7	4	6	7	0	5	3	4	1	1	0	1	2	2	0	0	0	0	1	1	2	3	0	1	5	1	5	17	113	0	31	9	7	0	0	1	3	1	3	1	1	5	2	1	3	1	1	0	5	2	4	10	7	3	12	9	3	4	4	4	3	3	3	4	7	5	6	3	8	8	4	8	11	33	14	3	2	6	9	6	11	7	4	7	65
0	0	0	0	0	0	0	0	0	0	0	0	0	0	1	0	0	0	1	0	1	0	1	0	0	0	0	0	0	0	0	1	0	0	0	0	0	0	0	0	0	0	0	0	0	1	0	0	0	0	0	0	0	0	0	0	0	0	0	0	0	0	0	0	0	0	0	0	0	1	1	0	0	0	0	0	0	0	0	0	1	0	0	0	0	1	0	0	1	0	0	0	0	0	0	0	0	0	0	0	0	0	0	0	0	0	0	0	1	0	0	0	1	0	0	0	1	0	1	0	0	0	0	0	0	0	1	2	0	0	0	0	0	0	0	1	0	0	0	0	0	1	0	0	1	0	0	0	0	0	0	1	0	0	0	0	0	1	0	0	0	0	1	0	0	1	0	0	0	0	0	0	1	0	3	0	0	1	0	0	0	0	0	0	1	0	1	0	0	0	0	0	0	0	0	0	1	0	0	0	0	0	0	0	0	0	0	0	0	0	0	0	0	0	0	0	0	0	1	0	1	2	0	0	2	0	0	0	0	0	0	0	0	0	0	0	1	0	1	0	1	1	0	0	0	0	0	0	0	1	1	1	1	0	0	0	1	0	0	0	1	0	0	0	1	0	1	1	1	1	0	2	0	0	0	1	0	0	0	2	0	0	1	0	0	0	0	0	1	0	1	3	0	0	0	0	0	2	0	0	1	0	0	0	0	0	1	0	0	1	0	3	0	2	2	1	4	4	1	1	1	1	2	2	2	0	3	5	2	4	1	1	3	0	1	0	2	0	1	0	1	1	0	1	0	1	2	2	0	0	1	0	0	2	0	0	0	0	1	0	0	0	1	0	3	3	0	2	3	0	0	1	1	0	2	1	0	2	1	2	0	0	0	4	1	5	4	4	8	10	14	9	11	26	10	8	5	12	15	7	6	5	1	0	5	4	7	2	2	0	1	0	1	0	1	2	0	0	1	0	1	0	0	1	1	1	1	0	4	5	5	11	70	31	0	23	23	11	5	2	5	3	3	1	2	4	1	0	1	1	3	0	2	0	0	3	3	5	9	12	5	9	9	5	3	4	2	7	5	9	4	1	10	85	3	14	48	35	7	5	4	6	11	9	9	7	13	15	21
0	0	0	0	0	0	0	0	0	0	0	0	0	0	1	0	2	1	0	0	0	0	0	0	0	0	0	0	1	0	0	0	0	0	0	0	0	1	0	0	0	0	0	0	0	0	0	0	0	0	0	0	0	0	0	1	1	0	0	0	1	1	0	1	0	0	0	0	0	0	0	0	0	0	0	0	0	0	0	0	0	0	0	0	0	0	0	0	0	0	2	1	1	1	0	0	0	0	0	0	0	0	0	0	0	1	0	0	0	0	0	0	0	0	0	0	0	0	0	1	0	0	1	1	0	0	0	0	0	0	0	0	0	1	0	0	0	0	0	0	0	0	0	0	0	0	0	0	0	1	1	0	0	0	0	1	0	0	0	0	0	0	0	1	0	0	1	0	0	0	0	0	0	1	1	0	0	0	0	2	0	0	0	1	0	0	0	0	0	0	0	0	1	0	0	0	0	0	0	1	0	0	0	0	0	0	0	0	1	0	1	1	1	0	1	0	1	0	0	0	0	0	0	0	0	1	3	0	0	0	0	0	0	1	1	0	0	1	0	0	0	0	0	0	0	0	0	0	0	1	0	0	0	0	1	0	0	0	0	0	0	0	0	0	0	0	0	1	1	0	0	0	0	0	0	0	0	0	1	1	0	0	0	0	0	1	0	0	3	0	2	2	0	0	0	0	0	0	2	0	0	0	0	1	2	0	1	0	0	1	2	0	0	2	1	1	0	1	2	1	0	1	0	2	1	2	1	3	1	2	3	2	1	1	0	3	2	0	0	1	0	0	0	1	1	1	0	0	0	1	2	0	2	0	0	1	1	0	0	0	0	2	0	2	1	4	2	3	0	0	0	0	1	0	0	2	1	0	0	0	0	0	1	3	2	1	0	6	3	5	4	1	9	13	13	8	6	8	7	3	2	4	0	2	5	8	4	3	2	1	3	2	3	1	2	1	2	0	1	1	0	2	0	2	0	5	2	1	1	1	2	7	10	9	23	0	30	1	0	1	3	4	0	1	3	1	0	1	0	0	2	2	2	1	2	7	1	3	13	9	4	12	6	5	3	3	3	2	2	4	1	3	10	42	4	8	11	7	2	3	1	1	8	7	6	5	3	6	2
0	0	0	0	0	0	0	0	0	0	0	0	0	0	0	0	1	1	0	1	0	0	0	0	0	0	0	0	0	0	0	0	0	0	0	1	0	0	0	0	0	0	0	0	0	0	0	0	0	0	0	0	0	1	0	0	1	0	0	0	0	0	0	0	0	0	1	0	0	0	0	0	0	0	0	0	0	0	0	0	0	0	0	0	0	1	0	0	0	0	0	0	0	0	0	0	0	0	0	0	0	0	0	0	0	0	0	0	1	0	0	0	1	0	1	0	0	0	0	0	0	0	0	1	0	1	0	0	1	0	0	0	0	0	0	0	0	0	0	1	0	0	0	0	0	0	0	0	0	0	0	0	1	0	1	0	0	0	0	0	0	0	1	0	0	0	1	0	1	0	0	0	1	0	0	0	0	0	0	0	0	0	1	0	0	0	0	0	0	0	0	0	0	0	0	0	1	0	0	0	0	0	0	0	0	1	1	0	0	3	0	1	1	0	0	0	0	0	0	0	0	0	0	0	0	0	0	1	0	0	0	0	0	0	0	0	0	4	1	0	0	0	0	0	0	0	1	0	0	0	0	0	1	1	0	1	0	1	0	1	0	2	1	0	0	0	0	0	0	0	1	0	0	0	0	1	0	0	1	0	0	1	0	0	0	0	2	1	1	0	0	0	1	1	0	1	0	0	0	2	2	0	1	0	0	1	0	1	1	0	0	1	3	2	2	3	2	5	1	0	3	0	2	4	3	5	2	4	1	2	0	3	0	1	0	1	2	0	1	1	1	0	0	0	0	0	2	2	1	0	1	2	1	1	1	0	0	2	2	1	3	0	3	0	2	2	1	3	1	0	1	2	2	1	0	0	2	0	0	1	0	1	0	0	4	1	3	8	3	2	5	3	3	4	4	4	3	2	2	2	3	2	2	1	3	4	7	1	4	2	1	1	1	0	0	2	1	2	0	1	2	0	1	0	1	5	3	4	2	3	2	1	16	7	23	30	0	20	6	2	2	6	5	4	4	6	2	0	1	1	1	0	2	1	1	2	6	6	11	27	9	32	30	12	4	2	3	5	5	3	3	5	15	25	3	13	16	4	3	2	1	2	1	10	7	11	13	19	4
0	0	0	0	0	0	0	0	0	0	0	1	0	0	0	0	0	0	0	0	1	0	0	0	0	0	0	0	0	0	1	0	0	0	0	1	1	0	0	0	0	0	0	0	0	0	0	0	0	1	0	0	0	0	0	0	0	0	0	0	0	0	0	0	0	0	1	0	0	1	0	0	0	0	0	0	0	0	0	1	0	0	1	0	0	0	0	0	0	0	0	0	0	0	0	0	1	0	0	0	0	0	0	0	0	0	0	0	1	0	0	0	0	0	1	0	0	0	1	0	0	0	0	0	0	0	0	0	1	0	0	0	0	1	0	0	0	0	0	0	0	0	0	0	0	0	0	2	1	1	0	0	0	0	0	0	0	0	0	0	0	0	1	1	0	0	0	0	0	0	0	1	0	0	0	0	0	0	0	0	0	0	1	0	1	0	0	1	0	0	0	1	0	0	0	0	1	0	1	0	0	1	1	0	0	1	1	0	0	0	0	3	0	0	0	0	0	0	0	0	0	0	0	0	0	0	0	1	1	0	0	0	1	1	0	1	0	0	0	0	0	0	1	0	2	1	1	0	0	0	0	0	2	0	1	0	0	0	0	0	2	1	0	1	1	1	0	1	1	0	1	0	0	0	0	0	2	0	0	0	0	0	1	2	3	0	0	1	0	1	0	0	0	1	0	0	0	0	0	1	0	1	0	0	2	1	1	5	2	1	1	4	0	2	5	4	0	10	2	1	3	1	2	4	4	3	3	2	3	1	0	1	0	0	0	0	1	2	0	0	1	0	0	3	1	1	0	1	1	0	2	0	0	0	2	0	3	0	1	1	3	0	4	5	6	4	5	2	2	1	2	2	0	1	2	1	0	2	0	4	1	2	1	2	5	6	7	10	4	7	5	2	1	3	5	2	2	3	1	0	2	3	2	2	6	5	2	3	4	2	1	3	1	3	1	2	4	0	4	0	1	2	0	2	2	3	3	2	1	4	4	3	6	0	11	1	20	0	11	12	11	51	11	6	18	11	1	0	0	1	1	1	0	0	1	3	2	5	6	10	9	16	37	19	5	2	3	4	7	3	2	2	6	10	9	8	7	15	2	3	2	4	7	9	8	17	16	37	5
0	0	0	0	0	0	0	0	0	0	0	0	0	0	0	0	0	0	0	0	0	0	0	0	0	0	0	0	0	0	0	0	0	0	0	0	0	0	0	0	0	0	0	0	0	0	0	1	0	0	0	0	0	0	0	0	0	0	0	1	0	1	1	0	0	0	0	0	0	0	0	0	0	1	0	0	0	0	0	0	0	1	0	0	0	0	0	0	0	0	0	1	0	1	0	0	0	0	1	0	1	1	0	0	0	0	0	1	0	0	0	0	1	0	0	0	0	0	1	1	0	1	0	0	1	0	0	0	1	0	0	0	0	0	1	0	0	0	0	0	0	0	0	0	0	0	0	0	0	0	1	0	1	0	0	0	0	0	0	0	0	1	0	0	0	0	0	1	0	0	1	0	0	0	0	1	0	1	0	1	1	0	0	1	1	0	1	1	0	1	1	0	0	1	0	0	0	0	1	0	1	0	0	0	0	0	0	0	0	0	4	1	0	0	0	0	0	0	1	0	0	1	1	0	0	0	0	0	0	0	0	0	0	0	1	0	0	0	0	0	0	0	0	0	0	1	0	0	1	1	0	0	1	1	1	0	0	1	0	2	1	1	2	3	1	0	1	1	0	0	0	1	2	0	0	0	0	0	0	2	0	1	2	0	0	1	0	0	1	0	0	2	0	1	1	0	1	0	0	0	1	0	0	0	0	0	0	5	1	1	1	2	3	3	5	2	1	4	5	3	4	2	1	3	4	2	0	0	0	0	0	0	0	1	2	1	0	0	1	1	1	0	1	1	1	0	2	0	1	4	4	3	1	1	1	0	4	1	4	1	2	1	7	8	5	5	7	3	4	2	0	1	0	1	2	1	1	1	1	2	0	3	1	3	4	9	9	22	11	9	4	5	2	0	0	3	1	1	0	0	0	1	0	0	7	4	1	1	0	1	2	4	3	3	3	5	0	4	2	6	2	1	4	0	1	3	5	2	2	3	0	3	3	0	5	0	6	11	0	98	138	33	39	35	13	13	2	1	0	2	0	2	2	1	2	0	1	3	2	2	5	6	3	1	3	2	0	1	0	0	2	2	0	3	5	4	2	3	2	6	0	3	3	8	6	9	20	7	1
0	0	0	0	0	0	0	0	0	0	0	0	0	0	0	0	0	1	0	0	0	0	0	0	0	0	0	0	0	0	0	0	0	0	0	0	0	0	0	1	0	0	0	0	0	0	0	0	0	0	0	0	0	0	0	0	0	0	0	0	0	0	1	0	0	0	1	0	1	0	0	0	0	0	0	0	0	0	0	0	0	0	0	0	0	0	0	0	0	0	0	0	1	0	0	0	0	0	0	1	0	0	0	0	0	0	0	0	0	1	0	0	2	0	0	0	0	0	0	1	0	1	0	1	0	0	0	1	0	0	0	0	0	0	0	0	0	0	0	0	0	0	0	0	1	0	0	0	1	1	0	0	0	0	0	1	0	1	1	0	1	1	0	0	0	0	0	3	0	1	0	0	0	0	0	0	0	0	1	0	0	2	2	1	1	0	0	0	1	0	0	1	0	1	0	0	0	0	0	1	0	0	1	1	0	0	1	2	0	0	0	1	0	0	1	0	0	0	0	0	0	0	0	0	0	1	0	0	0	1	1	1	0	0	0	1	0	0	2	0	0	0	1	0	0	0	0	0	0	1	1	0	1	0	0	0	0	0	0	0	1	0	0	1	1	0	0	2	1	0	0	0	0	0	1	0	0	1	2	1	0	0	0	1	1	0	1	0	0	1	0	0	2	0	0	0	0	1	0	0	0	1	0	0	0	1	0	0	2	2	1	2	2	3	3	2	3	6	4	1	0	1	1	0	1	1	2	2	3	1	2	0	0	0	0	1	1	1	1	2	1	0	0	0	0	0	0	1	2	1	2	1	0	1	0	0	0	1	3	1	2	2	2	3	7	0	4	3	2	1	0	1	1	0	2	0	2	3	0	1	0	0	2	2	4	4	6	10	16	5	3	0	4	2	1	1	1	1	3	1	1	1	1	2	6	3	3	4	4	0	1	1	2	1	2	3	1	3	2	0	3	1	1	1	2	1	3	1	4	0	2	5	1	1	2	1	2	12	98	0	191	9	10	14	8	6	2	1	1	0	1	0	0	1	1	2	1	3	4	5	0	5	4	5	3	1	3	2	3	1	2	1	1	2	0	5	4	2	5	5	4	4	4	8	3	7	9	5	0
0	0	0	0	0	0	0	0	0	0	1	0	0	0	2	0	0	0	0	0	0	0	0	0	0	1	0	0	1	1	0	0	0	0	0	0	0	0	0	2	0	1	0	0	0	0	0	0	0	0	0	0	0	1	0	0	0	0	1	0	0	0	0	0	0	0	0	0	0	1	0	0	0	0	0	1	0	0	0	0	0	0	1	0	0	0	0	0	1	1	1	0	0	0	0	0	0	0	0	0	0	0	0	0	0	0	0	0	0	0	0	0	0	0	1	0	0	0	1	0	0	0	0	0	0	0	0	0	0	0	0	0	0	1	0	1	0	0	0	0	0	0	0	0	0	0	1	1	1	1	0	0	0	0	0	0	0	0	0	0	2	0	0	0	0	1	1	0	1	1	0	0	0	0	0	0	0	0	0	0	0	1	0	0	1	0	0	0	0	1	0	0	1	0	0	0	2	0	0	0	0	1	0	0	1	0	0	0	0	0	1	0	3	0	0	0	0	0	0	0	0	0	0	0	0	1	0	1	1	0	0	1	1	0	0	1	0	0	0	0	0	0	0	0	0	0	0	0	0	0	1	0	1	0	0	0	0	0	2	0	0	0	0	0	0	0	0	0	0	1	1	2	1	1	0	1	0	0	1	0	0	1	0	1	2	0	1	1	2	2	1	1	0	1	0	0	0	0	0	1	0	0	0	0	1	0	1	2	0	0	0	6	6	4	3	4	5	3	3	3	0	2	0	3	4	3	0	1	2	2	0	1	0	0	0	0	2	0	0	0	1	0	1	1	2	2	1	2	1	2	1	1	3	1	2	0	1	0	0	0	3	1	5	1	7	3	3	1	6	0	0	1	0	0	2	3	1	0	0	0	1	1	0	2	5	7	7	16	15	7	4	5	1	1	4	2	0	4	3	6	2	4	4	0	7	2	3	0	0	0	1	5	2	1	2	2	1	1	3	1	1	1	0	2	0	3	1	1	1	4	2	2	5	3	5	3	2	11	138	191	0	17	18	16	9	11	0	0	0	1	0	0	0	2	0	1	1	4	2	3	2	5	4	4	2	1	0	2	0	3	0	0	2	3	5	5	5	10	3	4	4	4	8	7	7	6	21	7	0
0	0	0	0	0	0	0	0	0	0	0	0	0	0	0	0	0	0	0	0	0	0	0	0	0	0	0	0	0	0	1	0	0	0	0	0	0	0	0	0	0	0	0	0	0	0	1	0	0	0	0	0	2	0	0	0	0	0	0	0	0	0	0	0	0	0	0	0	0	0	0	0	0	0	0	0	0	0	0	0	0	1	0	0	0	0	0	1	1	0	1	0	1	0	0	0	1	0	0	1	0	0	0	0	0	0	0	0	0	0	2	0	0	0	0	1	0	0	0	0	0	1	0	0	0	0	0	1	0	0	0	0	0	0	0	0	2	0	0	1	0	1	0	1	0	0	1	0	1	0	0	0	0	0	0	0	0	0	1	0	0	1	0	1	0	0	0	0	1	0	0	0	0	0	0	0	0	1	0	0	1	0	1	0	1	0	0	0	0	0	0	0	0	0	0	0	0	1	0	1	0	0	0	0	0	1	0	0	0	0	1	1	0	1	1	0	0	0	0	1	0	0	0	0	2	0	0	1	0	1	1	0	0	0	1	1	1	0	2	0	1	0	0	0	1	1	0	0	0	0	0	0	0	1	0	0	0	0	0	2	0	0	0	0	0	1	1	0	0	1	0	3	1	1	0	1	1	1	1	1	1	2	0	3	0	1	2	1	0	1	3	2	1	1	2	0	0	1	0	0	0	0	0	1	0	0	2	1	0	2	1	0	4	3	7	9	3	3	3	5	4	3	2	3	5	1	2	2	1	1	3	1	0	0	0	0	0	2	1	0	1	1	2	1	0	1	0	5	2	1	2	2	5	2	0	0	2	0	0	0	2	3	6	3	4	4	8	8	4	0	0	1	0	0	1	1	1	1	2	3	0	2	0	3	4	3	16	11	3	6	8	1	0	2	3	0	1	1	0	3	3	1	0	4	8	6	4	4	2	3	1	6	4	2	4	3	0	4	4	1	3	0	1	4	2	2	4	2	1	5	4	4	1	1	3	4	6	51	33	9	17	0	24	17	55	8	2	2	0	1	2	0	2	5	1	4	1	0	2	4	13	11	16	18	8	3	2	4	6	5	4	1	5	3	0	3	6	5	9	1	1	1	4	4	7	10	14	15	7
0	0	0	0	0	0	0	0	0	0	0	0	0	0	0	2	0	0	0	0	0	0	0	0	0	0	0	0	0	0	1	0	0	0	0	0	0	0	0	1	1	0	0	0	0	0	0	0	1	0	0	0	0	0	0	0	0	0	0	0	0	0	0	0	0	0	0	0	0	0	0	0	0	0	0	0	0	0	0	0	0	0	0	0	0	0	0	0	0	0	0	0	0	0	0	0	0	1	0	0	0	0	0	1	0	0	0	0	0	1	0	0	0	1	0	0	0	0	0	0	0	0	0	0	0	1	1	0	0	0	0	1	0	0	1	0	0	0	0	0	1	0	0	0	0	0	0	0	0	0	0	1	0	0	0	0	0	2	0	0	0	1	0	0	0	0	1	1	0	0	0	0	1	0	0	1	1	1	0	0	0	0	1	2	1	0	1	0	1	1	0	0	0	0	0	0	0	2	1	1	1	0	0	1	0	0	0	0	1	0	0	0	0	2	0	0	0	0	0	0	1	0	1	0	1	0	0	2	0	0	1	1	0	0	1	0	0	0	0	0	0	0	0	0	1	1	0	0	0	0	0	0	0	0	0	0	0	0	0	1	1	1	0	0	1	1	1	0	0	1	1	2	0	0	0	2	1	0	1	1	1	0	2	1	0	0	0	2	0	0	7	0	0	0	2	3	2	0	0	1	1	0	1	0	1	0	1	0	2	3	2	6	6	7	10	6	9	1	0	4	2	5	2	1	4	4	1	0	0	1	3	1	0	2	1	1	0	1	1	0	0	2	0	0	0	3	6	0	3	3	1	0	2	1	2	0	1	0	1	1	3	6	6	11	9	4	12	20	3	1	3	0	1	1	1	2	0	2	0	0	0	3	4	0	5	12	6	6	1	1	5	4	0	1	0	0	1	0	4	3	1	1	1	1	7	3	2	0	2	2	1	4	5	1	5	5	0	5	2	3	6	2	1	1	1	1	4	1	3	2	2	2	2	3	3	0	5	11	39	10	18	24	0	121	15	8	0	1	1	0	1	0	1	2	1	2	2	2	5	8	1	3	6	3	2	2	3	1	2	2	1	4	2	1	2	2	4	0	5	2	2	0	3	1	1	7	8	7	2
0	0	0	0	0	0	0	0	1	0	0	1	0	0	0	0	0	0	0	1	0	1	0	1	1	1	0	1	0	0	0	0	0	0	1	0	0	0	2	0	0	0	0	0	0	0	0	0	0	0	0	0	0	0	0	0	0	0	0	1	0	0	1	0	0	1	0	0	1	1	0	0	0	0	2	0	1	0	0	0	0	0	0	0	1	0	1	1	0	0	0	0	1	0	0	0	0	1	0	0	1	0	0	1	0	0	0	0	0	0	0	0	0	0	0	0	1	1	0	0	0	1	0	0	0	0	0	0	0	0	0	0	0	0	0	0	0	0	0	0	0	0	0	0	0	1	1	0	0	0	0	0	0	0	0	0	1	0	0	0	0	0	0	0	0	0	1	1	0	0	0	0	1	0	0	2	0	0	0	0	0	1	1	1	1	0	1	1	1	1	0	0	0	1	1	0	0	0	0	0	0	1	0	0	0	0	3	0	1	1	1	0	2	0	0	0	0	0	0	0	0	0	1	0	0	1	0	1	0	0	0	0	0	0	1	1	1	1	0	0	0	1	0	0	0	0	1	0	1	2	0	2	0	2	0	0	0	0	0	0	0	0	1	1	1	0	1	0	0	1	1	1	1	0	1	2	1	1	3	0	2	0	1	0	0	0	0	0	1	1	2	2	0	1	0	0	1	3	0	1	1	1	1	0	0	0	0	4	1	1	3	5	2	6	6	7	3	7	9	7	6	3	1	4	5	3	2	3	0	4	1	1	2	2	0	1	2	1	1	1	1	0	1	0	2	5	5	3	6	7	2	3	1	3	0	1	1	1	0	0	3	4	14	14	12	5	15	5	2	0	4	0	1	1	1	1	0	2	1	2	2	2	1	4	3	7	18	17	10	3	1	1	0	1	1	0	1	1	2	2	2	2	1	3	7	3	1	3	6	0	2	2	4	3	5	4	3	3	7	6	5	1	1	2	5	3	1	0	1	2	3	5	3	1	1	1	4	6	35	14	16	17	121	0	17	12	4	1	2	0	2	0	0	0	4	0	2	1	0	2	5	1	5	4	2	2	4	9	4	2	2	2	1	2	1	1	2	1	5	2	2	2	5	3	4	4	9	5	3
0	0	0	0	0	0	0	0	0	0	0	0	1	0	0	0	0	0	0	0	0	0	0	0	0	0	0	0	0	0	0	0	0	1	0	0	0	0	0	0	0	0	0	0	0	0	0	0	0	0	0	0	0	0	0	0	0	1	0	0	0	1	0	0	0	0	0	0	0	0	0	0	1	0	1	1	1	0	1	0	0	0	0	0	1	0	2	1	0	1	1	0	0	0	0	0	0	0	0	0	0	0	0	0	0	0	0	1	0	0	0	0	0	0	0	0	0	1	0	0	0	1	1	0	0	0	0	0	0	0	0	0	1	0	0	0	1	0	0	0	0	1	0	0	0	0	1	0	1	1	0	0	0	1	0	0	0	0	1	0	0	0	0	0	0	0	0	2	0	0	0	0	0	1	0	0	0	2	1	1	1	1	0	0	0	2	0	0	0	0	0	0	1	1	0	1	1	0	0	0	0	1	1	0	0	0	0	0	0	0	2	2	1	0	0	0	0	1	0	0	0	0	0	1	1	1	0	0	0	1	0	0	0	0	0	0	0	2	0	1	1	0	1	1	0	0	0	0	0	0	0	1	2	0	1	0	0	0	0	1	0	2	2	3	1	0	0	0	0	2	0	0	1	0	0	0	2	1	0	0	1	2	3	0	1	2	1	0	0	0	1	5	2	3	0	0	0	2	2	1	0	1	0	1	0	0	1	0	4	2	6	2	4	8	14	17	13	12	14	2	4	4	2	3	12	7	5	1	1	0	0	0	0	0	1	0	4	1	0	0	1	1	0	0	1	1	1	2	3	5	6	3	4	1	1	1	2	1	1	2	1	5	9	7	10	10	19	16	1	1	1	0	0	1	5	1	1	0	0	1	3	1	0	3	3	9	7	9	6	3	3	1	0	2	1	0	1	2	3	1	2	0	2	2	18	9	3	2	9	1	2	3	5	5	3	0	4	2	4	0	4	1	2	3	0	9	3	2	0	1	1	3	2	1	2	3	4	18	13	8	9	55	15	17	0	27	1	1	1	2	1	2	2	0	2	3	1	0	4	1	13	7	17	8	6	3	2	5	4	6	3	1	3	5	2	3	4	3	5	2	2	2	2	2	7	3	10	12	3
0	0	0	0	0	0	0	0	0	0	0	0	0	0	0	0	0	0	0	0	0	0	0	0	0	0	0	1	0	1	0	0	1	0	0	0	0	0	0	0	0	0	0	0	0	0	0	0	0	0	0	1	0	0	0	0	1	0	0	1	0	0	1	0	0	0	0	0	0	1	0	0	0	0	0	0	0	0	0	1	0	0	0	0	1	0	0	0	0	0	0	0	0	0	0	0	1	1	0	0	0	2	0	0	0	0	0	0	0	0	1	0	2	0	0	0	0	0	1	0	0	0	0	0	0	0	1	0	0	0	0	0	0	0	0	0	0	0	0	1	0	0	0	1	0	0	0	1	0	0	0	2	0	0	1	0	0	0	0	0	0	1	1	0	1	0	0	1	1	1	0	0	0	0	0	1	0	0	1	0	0	0	2	0	0	1	1	1	0	1	1	1	1	0	0	0	0	0	0	0	0	0	0	1	0	0	0	1	1	0	2	0	1	0	0	1	0	0	0	0	2	1	0	0	0	1	0	1	0	0	0	1	0	2	0	0	1	1	0	0	0	0	1	0	0	0	0	0	1	0	0	0	0	0	1	0	0	0	0	1	1	0	1	0	0	1	2	1	0	0	0	0	0	0	0	1	0	1	1	0	0	0	1	2	0	1	0	1	1	2	3	1	0	0	0	0	0	0	1	0	0	2	0	0	0	0	1	3	1	2	3	0	5	5	9	7	6	49	17	6	11	2	4	6	22	12	6	3	1	5	1	2	1	1	3	2	3	1	1	1	0	2	3	0	4	1	3	1	3	5	1	2	2	1	1	2	3	3	1	0	3	11	22	9	18	9	9	5	1	1	4	1	2	3	1	7	3	0	0	2	2	2	0	7	9	20	29	16	6	3	2	0	1	1	1	1	0	2	4	4	8	6	4	7	91	26	4	9	11	4	4	10	16	2	3	8	7	6	11	4	4	4	2	3	4	3	6	3	5	2	5	8	3	5	4	1	6	11	13	6	11	8	8	12	27	0	2	6	1	2	4	1	1	3	1	1	3	4	2	7	4	7	5	13	12	5	1	3	8	9	5	3	5	1	1	2	1	2	5	5	3	2	2	5	9	11	4	14	3
0	0	0	0	0	0	0	0	0	0	0	1	0	0	0	1	1	1	0	1	1	0	0	1	1	0	0	0	0	0	2	0	0	0	0	0	0	0	0	0	0	0	0	0	0	0	0	0	0	1	0	0	0	0	0	2	0	0	0	1	0	0	1	1	0	0	0	0	0	1	1	1	0	0	0	0	1	0	0	0	0	0	1	0	1	0	1	0	0	0	1	1	1	3	1	1	0	0	0	1	1	0	0	0	1	0	0	0	1	0	1	0	0	0	2	0	0	0	0	0	0	0	0	0	0	0	0	0	1	0	0	1	1	0	2	0	1	2	0	1	0	0	1	0	1	1	2	3	1	0	0	0	0	0	0	0	0	0	0	0	0	1	1	0	0	0	0	0	1	0	1	0	0	0	1	0	1	1	2	0	1	1	2	2	0	0	2	1	0	0	0	0	0	1	0	0	0	0	1	0	0	0	0	0	1	0	2	1	2	0	3	1	6	0	0	0	0	0	0	1	2	0	0	2	0	0	2	0	2	0	0	0	0	0	0	3	0	1	2	1	0	0	1	0	0	0	1	0	1	0	0	0	2	0	0	0	2	1	1	0	0	1	1	0	1	0	0	1	1	1	0	1	0	0	1	0	0	0	0	1	4	0	0	2	2	1	1	1	1	1	2	3	2	4	0	1	1	1	1	0	1	1	1	1	1	1	1	1	1	1	2	3	5	2	5	1	2	6	5	9	8	6	38	17	11	11	13	6	4	1	2	9	13	8	12	10	5	4	8	9	6	3	0	4	8	6	4	1	1	2	2	11	1	3	2	0	4	4	7	4	21	3	1	4	3	5	1	1	0	3	4	7	3	8	3	6	4	2	3	1	1	2	3	5	1	2	4	2	1	1	0	1	3	2	0	0	0	0	0	2	1	5	6	5	3	1	5	2	9	53	14	9	5	4	6	2	8	3	3	2	6	10	15	5	6	2	3	10	6	25	11	4	0	2	1	0	2	1	2	2	0	2	0	4	1	2	0	26	61	17	8	5	5	10	4	4	2	4	0	1	3	2	5	2	10	21	4	14	3	5	2	1	2	2	0	2	0	1	0	1	0	0	1	1	3	1	0	1	1
0	0	0	0	0	0	0	0	0	0	0	0	0	0	0	0	0	0	1	0	0	0	0	1	1	0	0	0	1	0	0	1	0	0	0	1	1	0	0	0	0	0	0	1	0	0	0	0	0	0	0	1	0	0	1	2	0	0	0	2	1	0	0	0	0	2	0	0	1	1	0	0	0	1	0	1	0	0	0	0	0	4	0	0	0	0	1	1	1	0	1	0	1	0	1	0	0	0	1	2	0	1	0	2	1	0	0	0	1	1	1	2	2	0	1	0	1	0	0	2	0	0	2	0	1	1	1	2	0	0	1	0	0	0	1	0	0	0	1	1	1	3	1	0	0	0	3	1	1	2	0	0	0	0	0	0	0	1	0	0	0	0	1	0	1	0	0	0	1	2	1	1	0	0	0	0	2	0	0	0	0	0	0	4	1	1	2	1	2	0	1	0	0	0	0	0	0	2	0	0	0	0	0	0	0	0	0	1	1	2	2	6	1	1	0	2	0	1	1	0	1	1	1	2	0	2	1	1	2	0	0	1	0	0	2	3	5	2	1	5	0	1	0	0	0	1	1	0	0	1	2	2	1	1	1	1	0	0	0	1	2	1	0	2	4	1	1	1	0	1	0	2	1	1	3	1	0	2	3	3	0	1	0	2	1	2	1	0	4	0	5	1	5	7	1	1	2	0	4	0	1	1	1	1	0	2	1	1	0	0	1	2	1	2	1	2	3	1	2	3	3	5	10	6	2	4	3	1	0	0	0	5	11	12	8	18	9	15	12	18	10	9	6	7	2	3	2	3	1	1	3	10	4	0	3	1	4	7	9	6	12	5	2	2	4	5	0	0	1	1	1	9	3	8	5	4	1	3	2	1	0	1	2	2	1	4	2	0	2	0	2	2	0	1	1	1	1	1	1	2	0	3	5	2	0	2	3	1	5	17	6	8	2	3	2	5	2	3	3	2	7	11	11	3	3	2	3	1	5	3	5	2	0	1	0	1	0	0	1	1	0	2	1	1	1	6	26	0	321	20	6	4	2	3	1	4	6	1	0	1	2	0	2	3	5	10	4	4	0	3	0	1	2	0	0	3	0	0	1	2	1	2	0	1	0	1	1	1	0
0	0	0	0	0	0	0	1	0	0	0	1	0	2	0	0	1	2	0	0	1	0	0	0	0	0	1	1	0	0	0	2	0	2	0	2	0	0	0	0	0	1	0	0	0	0	0	0	0	0	1	0	1	0	0	0	0	2	1	0	0	0	1	0	0	1	2	1	0	0	0	1	0	0	0	0	1	0	0	0	1	1	1	0	0	0	1	0	0	0	0	1	1	0	0	1	0	1	0	0	2	1	0	0	0	1	1	0	0	2	0	0	0	1	1	1	0	0	1	1	0	1	1	0	0	0	2	2	0	0	0	2	0	2	0	0	1	0	0	0	2	0	1	0	3	1	0	4	0	2	1	0	0	0	1	0	0	1	0	0	2	0	1	0	1	0	0	0	0	2	1	3	0	1	0	0	0	0	0	0	1	1	1	3	0	3	1	0	1	0	1	0	0	0	0	0	0	0	0	0	2	0	1	1	0	3	2	1	2	0	3	4	1	2	0	2	0	0	0	1	1	0	3	1	1	1	1	0	2	0	1	0	2	2	2	4	1	0	1	1	5	0	3	0	1	2	2	0	1	0	3	2	0	2	0	1	2	0	2	1	1	0	2	2	1	3	0	0	1	0	0	1	0	0	1	0	2	0	1	1	4	2	1	3	6	3	1	4	1	0	1	3	2	3	1	2	2	2	2	2	0	2	2	3	2	0	0	1	2	1	3	1	3	1	1	1	4	4	4	3	7	15	13	4	3	2	7	1	1	4	1	3	8	9	13	12	6	8	13	9	10	6	1	4	15	7	9	2	4	1	1	7	5	1	0	3	4	5	7	6	11	4	2	0	0	0	1	1	2	4	8	2	8	10	3	5	1	2	4	1	2	2	4	1	0	1	6	1	0	0	1	1	0	2	0	0	2	0	1	1	3	4	4	3	4	2	2	4	9	21	13	6	1	3	5	7	3	4	7	1	2	11	4	7	5	4	4	2	2	8	3	2	2	3	1	0	1	0	0	1	0	0	1	2	1	1	61	321	0	30	4	7	3	4	3	0	5	8	0	1	0	1	1	3	2	9	4	6	2	1	4	3	2	0	1	1	0	2	1	0	1	1	0	2	5	3	1	1	3
0	0	0	0	0	0	0	0	0	0	0	1	0	0	0	1	0	0	1	1	0	0	0	0	0	0	1	0	0	0	1	0	0	0	0	0	0	0	0	0	0	0	0	0	0	1	0	0	0	0	0	0	0	1	0	0	0	0	0	2	1	0	1	1	0	1	1	0	1	3	0	0	0	0	0	0	1	1	1	0	0	0	1	1	0	1	1	0	1	1	1	2	2	1	1	1	0	1	0	0	1	0	0	0	1	2	0	1	0	1	0	1	0	3	1	4	2	2	1	0	0	0	0	0	1	0	0	0	0	2	0	2	0	0	0	1	1	0	0	0	1	1	1	0	1	1	1	0	0	2	0	0	0	0	0	0	2	0	0	0	2	2	1	2	0	0	1	1	0	0	0	1	0	1	1	0	1	0	0	0	0	0	2	1	2	2	1	0	1	0	1	0	0	0	0	2	1	0	1	0	0	0	0	0	1	2	1	0	2	4	2	0	1	2	0	0	1	0	1	1	0	2	0	2	1	1	1	0	3	2	1	2	0	1	0	0	3	1	3	1	1	1	0	0	2	1	0	1	1	0	0	0	2	1	1	0	0	0	0	0	1	0	1	1	1	1	1	2	3	0	0	0	0	0	0	2	1	1	1	0	1	1	0	0	3	0	1	1	1	2	3	2	2	2	1	0	1	0	2	0	0	2	0	1	0	1	1	1	0	1	1	1	2	1	3	1	0	3	2	3	4	12	11	5	3	6	5	2	3	3	1	10	11	28	82	41	7	14	13	9	9	6	4	1	3	1	5	0	1	5	2	3	6	0	2	1	2	3	5	5	8	3	1	1	0	1	0	0	2	1	3	3	3	3	2	1	2	0	1	1	4	1	5	2	1	2	2	1	0	2	3	0	0	1	1	0	0	1	0	1	1	5	2	1	2	2	4	5	3	5	9	5	2	3	0	2	1	5	2	3	1	4	5	5	3	3	1	3	5	7	4	4	1	1	1	0	1	1	2	0	1	1	0	0	2	2	17	20	30	0	20	11	1	3	2	1	3	6	3	5	0	0	0	1	0	9	3	2	1	1	2	0	3	3	0	2	3	0	2	2	1	0	4	0	0	0	1	1	1
0	0	0	0	0	0	0	0	0	0	0	0	0	0	0	2	0	0	0	0	0	1	0	1	0	0	0	0	0	0	0	1	0	0	0	0	0	0	0	0	0	0	0	0	0	0	0	0	0	0	1	0	0	1	0	0	0	0	0	0	0	0	1	0	1	0	0	0	2	0	0	0	0	0	0	1	0	0	0	0	0	0	0	0	0	1	0	0	2	0	2	2	4	2	1	1	1	0	0	1	0	2	0	0	1	0	0	1	1	1	0	0	1	2	0	1	0	0	0	1	0	0	0	0	0	0	1	1	1	3	1	2	0	1	1	1	0	1	0	0	1	0	1	1	0	1	0	0	3	0	0	0	0	0	0	0	1	0	2	0	0	0	1	1	0	0	1	0	1	0	0	1	0	0	0	0	0	0	0	1	1	0	0	2	3	0	1	1	0	0	0	2	0	0	3	1	1	0	0	0	1	0	1	0	0	1	2	0	0	0	2	0	2	0	0	1	1	0	0	0	1	0	0	0	0	0	0	1	0	0	1	1	2	1	1	0	1	0	0	1	1	1	2	0	1	0	1	0	0	0	0	1	0	0	0	0	0	0	0	1	0	1	0	0	0	1	1	0	2	1	0	0	0	0	1	1	0	1	0	1	0	0	0	1	1	0	0	1	0	0	2	0	1	2	0	2	1	1	1	1	0	0	3	0	0	1	0	1	1	1	2	1	1	2	2	2	2	6	1	5	3	8	14	7	7	7	12	4	4	5	7	15	16	11	17	52	23	10	4	5	0	1	1	0	2	1	2	0	1	2	0	3	0	2	1	1	0	5	1	1	0	1	1	1	3	0	1	2	0	0	2	3	3	2	2	4	4	1	2	2	1	1	4	1	3	2	1	1	0	3	0	0	1	3	0	1	2	1	3	3	7	10	6	5	4	6	4	7	3	10	1	3	2	2	3	0	4	2	3	2	3	4	3	1	0	2	3	2	2	5	6	4	3	1	3	2	1	1	0	1	0	2	1	2	1	4	8	6	4	20	0	109	23	33	6	4	1	0	1	1	0	1	1	1	2	12	1	6	1	5	3	0	0	3	2	1	0	3	4	1	1	2	2	5	3	2	1	1	4
0	0	0	0	0	0	0	0	1	1	1	0	1	0	1	0	1	0	0	0	0	1	0	0	2	0	0	1	0	0	0	0	0	0	0	0	0	0	0	0	0	1	1	0	0	1	0	1	0	0	0	0	0	0	1	0	1	0	1	0	0	1	0	0	1	0	0	0	1	0	0	1	0	0	0	0	0	0	0	0	0	0	0	1	0	0	2	1	0	0	1	1	0	0	0	1	0	0	1	1	1	0	0	1	0	0	0	0	1	1	1	0	2	1	0	0	1	1	0	1	0	0	0	0	0	0	1	0	0	1	0	0	1	0	1	0	0	1	1	0	2	1	0	1	0	2	0	0	1	2	0	0	0	0	0	0	0	0	0	0	1	1	0	0	0	0	0	0	1	0	0	0	0	0	0	0	0	2	1	0	1	1	4	2	2	1	0	1	1	0	0	0	2	0	0	0	2	0	1	1	1	2	1	0	1	0	3	0	1	3	1	1	4	1	1	0	0	2	1	0	1	3	0	0	1	1	0	0	2	3	2	0	0	0	1	3	1	2	0	0	0	1	0	0	1	0	2	0	0	0	0	0	0	0	0	0	1	2	1	0	0	1	0	0	0	1	1	2	1	1	0	0	0	0	2	0	0	0	1	1	1	1	0	3	1	0	0	0	1	1	3	1	0	0	0	0	0	1	0	0	0	2	2	0	0	0	2	1	2	2	2	1	1	0	1	0	0	3	1	1	6	5	9	7	0	6	7	2	4	3	9	14	5	9	10	24	18	5	4	6	1	0	0	0	0	1	2	0	0	0	1	3	0	0	0	0	1	1	0	2	0	2	3	2	3	2	1	1	0	0	0	0	1	2	2	1	0	4	3	3	3	1	2	3	3	2	1	1	0	2	0	3	3	3	1	0	2	2	0	2	4	9	12	5	0	2	4	6	4	6	3	5	1	1	5	3	0	3	2	1	3	4	3	0	1	0	3	2	0	3	7	4	1	0	0	2	0	1	2	0	0	0	0	0	2	1	5	4	7	11	109	0	31	28	4	1	5	1	2	1	3	2	0	2	3	3	4	4	0	2	1	3	1	0	1	0	0	1	4	0	0	0	2	1	3	1	2	1	4
0	0	0	0	0	0	0	0	0	0	0	0	0	1	0	0	0	0	0	0	1	0	2	0	0	0	0	0	0	0	0	1	0	0	0	0	0	1	0	0	0	0	0	0	0	0	0	0	1	0	0	0	0	0	0	0	0	0	2	0	0	0	0	0	0	0	0	1	0	1	0	1	1	0	0	0	0	0	0	0	0	0	0	1	0	0	0	1	0	0	4	1	0	0	1	0	0	0	1	1	0	1	1	0	0	0	0	1	0	0	0	2	0	0	0	0	1	0	0	0	0	0	1	0	0	1	1	0	0	0	0	1	0	0	0	0	0	0	0	0	0	0	0	0	2	0	1	0	0	1	0	0	0	0	0	0	1	0	0	0	0	0	2	0	0	1	0	0	0	0	1	0	0	0	1	0	0	1	0	0	1	0	0	2	1	0	0	1	0	0	0	1	0	0	0	0	0	1	3	0	0	1	0	0	2	0	0	3	1	1	0	1	0	0	0	0	0	0	0	0	0	0	1	0	0	1	1	2	1	0	0	0	0	1	0	0	1	1	1	2	0	0	0	1	2	3	1	1	0	1	0	0	1	0	0	0	0	1	0	0	1	2	0	1	1	0	0	1	1	0	1	0	1	0	0	1	1	1	3	1	0	0	0	0	0	1	0	1	0	3	2	0	0	2	2	0	2	0	1	1	2	0	0	0	1	1	1	1	0	2	4	2	0	3	4	2	2	1	7	9	6	6	9	4	6	6	7	5	10	7	5	12	6	4	3	9	14	1	5	4	1	0	1	0	2	2	4	2	2	1	3	2	2	2	0	4	0	3	1	1	1	1	1	1	0	1	1	2	0	0	1	1	3	3	1	4	2	0	0	2	1	1	6	7	4	6	3	1	1	6	1	1	2	1	1	1	1	0	2	7	9	31	14	7	1	5	7	7	3	5	5	3	1	1	6	4	2	0	3	1	2	7	2	2	1	1	2	1	0	5	19	6	6	5	2	2	2	0	2	0	0	2	1	0	2	1	5	2	3	1	23	31	0	102	13	3	3	0	3	4	1	1	0	4	0	3	4	3	2	3	6	1	0	1	1	1	1	0	5	1	3	0	1	4	4	1	1	5	1
0	0	0	0	0	0	0	0	0	0	0	0	0	0	0	0	1	0	0	0	1	1	1	0	0	0	0	0	0	0	0	0	0	0	0	0	0	0	0	3	0	0	0	0	0	0	1	0	0	0	1	0	0	0	0	1	0	1	1	0	0	4	2	0	2	1	0	0	0	0	0	0	0	0	0	0	1	0	0	0	0	0	0	0	0	0	0	0	0	0	1	1	1	0	0	1	0	1	0	0	0	0	0	1	1	1	0	0	0	0	1	0	0	0	0	0	0	0	2	0	0	1	0	0	0	1	0	0	0	0	2	0	0	0	1	1	0	0	0	0	0	0	0	0	1	0	2	2	0	0	0	1	0	1	0	0	1	0	1	0	0	0	0	0	0	1	0	0	0	0	2	0	1	1	0	0	0	1	0	0	0	0	0	1	1	2	0	1	0	0	0	0	1	0	0	2	0	0	1	1	0	0	0	0	0	1	0	1	0	0	0	1	0	1	2	1	0	0	0	0	0	0	0	0	0	0	2	1	1	2	1	0	1	0	0	1	1	0	3	1	1	0	0	0	2	1	1	1	0	0	0	1	0	0	0	0	0	1	0	1	0	0	0	1	1	0	0	3	0	0	0	1	2	0	1	2	0	0	2	0	0	0	0	0	2	0	2	1	2	0	0	0	1	0	3	1	0	0	2	0	1	0	0	0	3	1	2	0	0	1	0	1	2	1	0	3	1	4	4	4	8	4	3	9	2	7	22	6	9	5	8	31	8	7	10	9	9	2	3	2	1	0	2	1	2	0	2	0	1	0	1	0	1	2	1	2	1	0	0	3	3	0	4	0	3	4	2	0	1	0	0	2	0	1	2	5	0	1	1	2	1	1	2	8	2	4	1	1	0	6	1	0	1	1	3	0	1	0	1	2	13	28	13	7	3	7	13	10	7	6	1	5	1	2	4	1	2	3	1	0	1	1	2	2	3	4	2	2	2	4	11	4	3	2	0	1	1	0	1	1	2	5	2	0	0	3	10	3	4	3	33	28	102	0	8	4	8	4	2	3	3	1	1	1	2	5	2	4	1	5	1	3	1	5	1	5	3	4	7	2	1	0	1	2	3	0	1	4	3
0	0	0	0	0	0	0	0	0	0	0	0	1	1	0	0	0	0	1	1	0	1	0	0	0	0	1	0	1	0	0	1	0	0	0	0	0	0	0	0	1	0	0	0	0	1	0	0	0	0	0	0	0	0	0	0	0	0	0	1	0	0	1	0	1	0	0	1	0	0	1	0	0	1	0	0	0	0	0	1	0	0	0	0	0	0	0	0	0	0	1	0	2	1	0	0	0	0	1	0	0	0	0	0	0	0	0	0	0	0	0	0	0	0	0	0	0	0	0	0	0	0	0	0	1	0	0	1	0	0	0	0	1	3	0	0	0	0	0	0	0	0	0	0	0	0	0	0	1	0	0	0	1	0	0	0	0	0	0	0	0	0	0	0	0	1	0	1	1	0	0	0	0	0	0	0	0	0	0	1	1	0	0	0	2	1	0	0	1	1	0	0	0	0	0	0	0	0	0	0	0	0	0	1	0	1	0	2	0	1	2	1	1	0	2	2	1	0	0	0	0	0	0	0	1	0	2	3	1	1	0	0	1	0	0	1	1	0	3	0	0	0	0	1	1	2	0	0	1	1	1	0	0	1	0	0	1	0	1	1	0	0	0	0	0	0	0	0	3	1	0	0	1	0	1	0	1	1	0	1	2	2	0	1	0	0	0	1	1	1	2	0	1	4	0	1	1	0	1	0	0	2	1	1	1	1	0	0	3	0	2	1	0	3	2	2	1	4	2	4	5	1	3	5	0	3	19	30	21	15	80	51	11	9	6	5	3	1	2	2	1	0	1	2	0	3	3	3	1	0	0	0	0	1	2	0	1	1	1	0	1	1	0	0	1	0	1	1	0	2	1	2	2	2	1	3	0	1	1	1	0	0	0	2	1	0	4	2	0	2	2	3	3	4	3	1	0	2	5	1	9	12	3	2	3	4	4	7	7	4	3	2	1	0	1	1	3	1	2	0	3	0	2	2	1	5	4	1	3	6	18	9	6	4	0	2	1	1	2	1	0	1	1	4	2	1	4	1	3	2	6	4	13	8	0	14	9	4	5	5	3	1	2	3	3	7	9	9	4	2	7	2	5	1	2	0	1	0	1	2	1	0	1	1	8	4	1	0	6
0	0	0	0	0	0	0	0	0	0	0	0	0	0	0	0	0	0	0	0	0	0	0	1	0	0	0	0	0	0	1	0	0	0	1	0	0	0	0	0	0	0	0	0	0	0	1	0	0	0	0	0	0	0	0	1	0	0	0	0	0	0	0	0	0	0	0	1	0	1	0	0	0	0	0	0	0	0	0	0	0	0	0	0	0	0	0	1	0	0	0	3	0	1	1	0	0	0	0	0	0	0	2	0	0	0	0	0	0	0	0	0	0	0	0	0	0	0	0	0	1	0	0	0	2	0	1	0	0	1	1	0	0	0	0	0	0	0	0	0	0	0	0	1	0	0	1	0	0	1	0	1	0	1	0	1	0	0	0	0	1	0	0	0	0	1	0	1	0	0	1	0	1	0	0	0	0	0	0	1	0	0	0	0	0	0	0	0	1	0	0	0	0	0	0	0	0	0	1	0	1	0	1	0	0	0	0	0	1	0	0	2	0	0	0	2	0	0	0	0	1	0	1	1	1	0	0	1	0	0	0	1	0	0	1	1	0	1	1	0	0	1	0	0	0	0	0	0	0	1	0	0	0	0	0	0	0	0	0	0	0	0	0	1	1	0	0	2	1	0	0	0	0	1	0	0	0	0	0	2	1	1	1	2	0	0	1	0	0	0	0	0	0	1	1	0	1	0	1	0	1	0	2	0	2	0	0	0	0	2	1	3	0	0	1	1	0	2	1	0	2	2	6	3	1	2	9	31	9	6	16	10	4	0	3	1	4	0	1	0	0	3	0	0	1	1	2	0	2	1	4	4	0	0	2	1	1	2	2	2	0	3	1	1	1	0	0	0	2	0	1	1	1	0	2	2	0	0	1	0	1	2	4	0	4	4	2	4	1	2	0	2	1	12	3	0	3	3	0	4	9	6	2	0	3	2	7	5	5	6	1	3	1	2	0	1	2	2	1	0	0	2	0	0	1	2	1	4	6	3	11	8	3	10	3	7	2	3	0	2	1	4	2	0	3	1	4	4	0	1	4	1	3	4	14	0	63	16	19	5	2	4	0	2	9	10	11	9	9	6	10	9	6	6	0	0	1	3	0	2	2	1	2	1	6	4	1	1	8
0	0	0	0	0	0	0	1	0	0	0	0	0	0	1	0	1	0	0	0	0	0	0	1	0	0	0	0	1	0	0	1	1	1	0	0	0	0	1	0	0	0	0	0	0	0	0	0	0	0	0	1	0	0	0	0	0	0	0	0	0	1	0	0	0	0	0	0	0	0	1	0	1	0	0	0	0	1	0	0	1	0	0	0	0	0	0	0	0	0	0	0	2	0	1	1	0	0	1	1	1	0	0	0	2	0	1	0	0	0	0	0	0	0	0	0	0	0	0	0	0	0	0	1	0	0	0	0	0	0	1	1	0	0	0	1	0	0	0	0	0	1	1	0	0	0	0	0	0	1	0	0	0	0	0	1	0	0	0	0	0	1	0	0	1	1	0	1	0	0	0	0	0	0	0	0	0	1	2	0	0	0	0	0	2	0	0	0	0	0	0	0	0	0	0	0	0	2	0	0	2	0	0	0	1	2	0	0	0	0	0	0	0	1	0	3	0	1	0	0	0	0	0	0	0	0	1	0	1	1	0	1	0	1	0	0	1	1	1	0	0	0	0	0	1	1	1	0	2	0	0	0	0	0	0	0	0	1	0	0	0	0	0	0	0	0	3	0	0	1	1	0	0	1	0	0	0	1	0	0	1	1	0	0	1	1	0	0	2	0	0	3	0	0	2	0	0	0	0	0	0	0	2	0	0	0	1	1	0	0	1	1	1	0	2	0	0	3	0	0	1	2	4	4	1	2	14	12	6	8	12	10	4	3	4	3	4	1	3	3	1	2	2	1	2	3	0	0	0	1	2	1	2	0	1	1	2	3	2	0	1	4	2	0	0	2	2	1	0	1	0	0	1	1	2	2	1	0	0	1	2	0	0	1	1	2	4	2	1	2	3	2	3	4	5	2	0	0	3	3	8	2	7	0	0	2	7	4	2	1	2	1	3	1	3	0	2	4	0	0	2	5	8	4	2	2	6	5	12	9	5	7	2	7	3	1	6	2	1	1	1	1	2	2	1	3	2	6	5	3	1	5	3	8	9	63	0	28	9	7	0	3	1	1	3	8	19	6	3	9	12	9	8	2	1	1	2	1	0	2	1	1	0	3	2	1	1	2	4
0	0	0	0	0	0	0	0	0	0	0	1	0	0	0	1	0	0	0	0	0	0	0	0	1	0	0	0	1	0	1	2	0	0	0	0	0	1	1	0	0	0	0	1	0	0	0	0	0	0	0	0	0	0	0	0	1	1	0	0	0	0	0	0	0	1	0	0	0	0	1	0	0	0	0	0	0	0	0	0	0	0	0	1	1	0	0	0	0	0	0	0	0	0	1	0	0	0	1	1	0	0	0	0	0	0	0	1	0	1	1	1	0	0	0	0	0	1	1	0	1	0	0	0	0	0	0	0	0	0	0	0	0	1	1	0	0	2	0	0	0	0	0	0	0	1	0	0	0	0	0	0	0	0	0	0	0	0	0	1	0	0	0	0	0	0	0	0	0	2	0	1	1	1	0	0	0	1	0	0	0	1	1	0	0	0	1	0	2	0	0	0	1	1	1	0	0	0	0	0	1	0	0	0	0	0	0	0	1	1	0	1	0	0	0	1	0	0	0	1	0	0	1	0	0	1	0	0	0	0	0	0	0	0	0	1	0	2	3	0	0	1	1	1	0	0	2	0	0	1	0	0	0	0	0	0	0	0	0	0	1	0	0	0	0	1	0	0	0	0	0	0	0	0	0	0	0	1	0	0	0	0	1	1	0	2	0	1	0	1	2	1	1	0	0	0	0	0	0	1	0	0	0	0	0	0	0	1	1	0	1	0	1	2	5	2	1	4	3	2	1	1	3	5	3	4	10	6	7	8	4	1	3	3	1	5	3	2	2	3	1	0	0	1	3	3	4	0	2	1	1	2	1	1	0	1	2	1	2	4	1	2	2	1	2	2	1	1	2	2	1	1	1	4	3	0	0	2	0	0	2	1	3	2	2	4	0	3	0	5	1	0	0	5	2	1	3	3	2	2	7	7	4	2	3	8	3	4	4	3	3	3	1	4	0	2	4	1	2	2	1	3	7	4	2	7	6	14	17	9	8	6	3	3	5	3	6	5	3	3	4	0	2	1	0	4	4	1	8	6	0	1	0	4	4	16	28	0	22	19	5	6	2	7	12	5	20	11	19	22	62	40	18	4	0	1	1	5	5	1	1	2	2	2	2	2	4	6	4
0	0	0	0	0	0	0	0	0	0	0	0	0	0	0	0	0	2	0	1	0	0	0	0	2	0	0	0	0	0	0	1	0	0	0	1	0	0	0	0	0	0	0	0	1	0	0	0	0	1	0	0	0	0	0	0	0	0	0	0	0	1	0	0	0	0	0	0	0	1	0	0	0	0	0	0	0	0	0	0	0	0	0	0	0	0	0	1	0	0	0	0	1	0	2	1	0	0	1	1	0	0	0	1	0	0	0	1	0	0	0	0	0	0	1	0	0	0	1	0	0	0	0	0	0	0	1	0	0	0	0	1	0	0	0	1	1	0	0	0	0	0	1	0	1	1	0	0	0	0	1	1	0	0	0	0	0	0	0	0	1	0	0	0	0	0	0	0	0	0	0	0	0	1	0	0	1	0	1	2	0	0	0	1	1	0	0	0	1	0	0	0	0	0	0	1	0	1	0	1	1	0	0	0	0	1	0	0	0	0	2	4	0	0	0	0	0	0	0	0	0	0	0	1	0	0	0	0	1	0	2	2	0	0	0	0	0	0	0	2	0	0	0	0	0	0	1	1	0	1	1	0	0	0	0	0	0	0	0	0	0	0	1	0	0	1	2	1	0	0	0	0	1	0	0	0	0	1	0	0	0	2	0	1	0	0	0	0	1	0	0	1	1	1	0	0	1	0	0	1	1	0	0	0	0	0	1	0	0	0	1	1	1	0	5	1	4	6	5	1	2	1	2	3	2	8	3	3	2	11	6	3	3	3	2	2	3	2	1	0	1	0	1	1	2	1	0	0	2	2	1	2	0	0	1	0	2	2	2	2	0	2	0	0	2	2	2	0	0	1	0	1	1	1	0	0	2	1	1	0	2	1	2	0	3	2	2	2	2	1	2	4	3	10	3	2	5	8	5	6	4	4	1	1	3	15	6	1	4	2	4	1	2	1	2	1	2	1	2	1	2	1	2	5	0	11	1	1	8	3	5	19	11	12	9	13	11	6	2	4	2	2	5	0	4	2	0	0	0	3	1	2	3	2	5	19	9	22	0	22	12	10	5	6	5	6	5	7	13	12	11	13	103	6	3	1	2	8	2	1	1	2	0	5	0	8	2	8	13
0	0	0	0	0	0	0	0	0	0	0	0	0	0	0	0	1	0	0	0	0	0	0	0	0	0	1	0	0	0	0	1	0	0	0	0	0	0	0	0	0	0	0	0	1	0	0	1	1	0	0	0	0	0	0	0	0	0	0	0	0	1	0	0	0	0	0	0	0	0	0	0	1	1	0	0	0	0	0	0	0	0	0	0	0	0	0	0	0	0	0	2	1	0	0	1	1	0	0	1	0	0	0	0	0	1	0	0	0	0	2	0	0	0	1	2	0	0	0	0	0	1	0	0	0	0	0	0	0	0	0	0	0	0	0	1	1	0	0	0	0	0	0	0	0	0	0	0	1	1	0	0	0	0	0	0	0	0	0	0	0	1	0	0	0	2	0	0	0	1	0	0	0	0	0	0	0	0	1	0	0	1	1	0	0	1	1	0	0	1	0	0	0	1	0	0	0	0	1	0	0	0	0	0	0	0	1	0	1	0	0	1	2	0	1	0	0	0	1	0	0	0	0	1	0	1	1	1	0	0	1	0	0	0	0	2	2	1	0	0	0	0	0	0	1	0	0	0	1	0	0	0	0	0	0	0	0	0	1	0	0	1	0	1	0	1	2	0	0	0	0	1	1	0	0	0	0	0	1	0	0	1	1	3	0	0	1	0	1	2	0	0	0	3	0	0	1	0	0	2	1	0	1	0	0	0	1	0	0	0	1	5	1	1	3	7	5	5	5	2	4	2	3	1	7	4	6	3	4	5	1	7	1	3	1	2	2	1	0	0	1	2	1	0	0	1	0	1	3	2	0	5	0	0	0	1	3	1	0	1	2	5	4	2	2	5	0	3	0	1	0	1	1	0	1	3	0	1	1	0	1	0	0	2	4	4	4	5	5	4	2	3	2	1	5	2	1	2	4	3	4	4	2	2	8	10	6	3	6	2	5	2	0	3	1	0	1	2	1	2	1	4	2	1	5	16	4	3	2	2	2	5	5	9	12	9	27	10	2	5	3	4	8	2	1	7	1	1	1	5	1	1	4	3	5	5	7	19	22	0	20	75	30	33	16	1	4	3	20	19	20	16	50	7	4	0	12	4	7	3	1	2	5	5	4	9	5	12	11
0	0	0	0	0	0	0	1	0	0	0	0	0	0	0	0	0	0	0	0	0	1	0	0	0	0	0	0	0	0	0	0	0	0	0	1	0	0	0	0	0	0	0	0	0	0	0	1	0	0	0	0	0	0	0	0	0	0	0	0	0	0	0	0	0	0	0	0	0	0	0	0	0	0	0	0	0	0	1	0	0	0	0	0	0	0	0	1	1	0	0	2	0	0	0	0	0	1	1	1	0	0	0	0	0	0	0	0	0	0	0	0	0	0	1	0	0	0	0	0	1	0	0	1	0	0	0	0	0	0	0	0	0	0	0	1	0	0	0	0	0	0	0	0	0	0	0	1	0	0	0	0	0	0	0	0	0	0	0	0	0	0	0	0	0	1	0	0	1	0	2	0	0	1	0	0	0	0	0	2	0	0	0	1	3	1	0	0	0	1	0	0	0	0	0	0	0	0	1	0	0	1	0	0	0	0	1	0	0	0	1	1	1	1	0	0	0	0	1	0	0	0	0	0	0	1	0	0	1	0	0	1	0	0	0	1	1	0	0	0	2	1	0	0	0	0	0	0	0	0	0	0	0	0	0	1	0	0	0	0	0	2	1	0	0	0	0	1	0	0	2	0	0	1	0	0	0	0	1	0	1	0	0	2	1	2	2	0	1	0	1	0	0	1	0	0	0	1	0	1	0	1	0	0	1	0	0	0	0	2	0	0	4	1	8	5	2	3	2	2	0	3	1	1	7	0	3	1	3	1	1	2	1	2	1	2	0	3	0	0	0	1	0	1	3	2	1	4	2	1	2	2	1	0	0	1	0	1	1	0	1	2	2	3	2	4	4	2	4	0	2	3	2	2	1	2	2	0	0	0	1	0	0	1	3	4	1	2	5	0	5	2	2	2	1	0	0	2	2	2	4	2	1	5	8	5	5	4	2	2	3	2	3	1	6	2	1	1	2	0	0	2	1	4	0	18	4	3	6	1	3	7	5	3	5	4	9	9	5	0	2	13	1	5	13	4	3	2	0	0	0	3	1	3	3	2	0	5	12	20	0	57	86	78	3	5	0	5	14	8	11	7	7	1	5	1	3	2	5	1	0	2	0	6	3	8	7	11	3
0	0	0	0	0	0	0	0	0	0	0	0	0	0	0	0	1	0	0	0	0	1	0	0	0	0	0	0	0	1	1	0	0	0	0	0	0	0	1	0	0	1	0	0	0	0	0	0	0	1	0	0	1	0	0	1	1	0	0	0	1	0	0	0	0	0	0	0	0	0	0	0	1	0	0	0	0	0	0	0	0	0	0	0	0	1	0	1	0	0	0	0	0	0	0	0	0	0	1	0	0	1	1	0	0	0	0	0	1	1	0	0	0	0	0	0	2	0	0	1	0	0	0	0	1	0	0	0	0	0	0	0	0	0	0	1	0	0	0	0	0	0	0	1	0	0	0	0	0	0	0	1	0	0	0	0	0	0	0	0	2	0	1	0	0	0	1	1	0	0	1	0	0	0	0	0	1	0	0	0	2	1	1	0	0	0	0	1	0	0	0	0	0	0	1	0	0	0	0	0	0	0	0	0	2	0	0	1	0	0	0	0	0	0	0	0	0	0	1	0	1	0	1	0	1	0	0	1	0	0	1	1	0	0	1	2	1	0	0	1	0	1	0	0	0	1	0	0	1	0	0	3	0	0	0	0	0	0	0	0	0	1	0	1	0	1	1	2	0	0	1	0	0	0	0	2	2	0	0	2	1	1	1	0	0	0	0	0	0	0	1	1	0	0	0	0	0	1	0	1	0	0	0	0	0	1	0	4	1	0	2	0	1	2	7	4	3	3	3	3	3	1	5	3	6	4	5	4	1	7	1	0	1	0	0	1	0	0	1	1	1	0	1	1	1	3	1	1	2	0	1	0	0	1	0	1	2	0	1	0	3	2	1	3	1	3	1	3	2	3	1	0	1	1	1	3	1	0	0	3	1	0	0	3	3	4	2	4	7	4	0	2	1	7	2	3	1	4	0	1	5	5	2	0	6	12	3	6	6	2	3	1	2	0	1	3	1	1	4	2	2	1	2	5	2	12	1	0	2	2	4	8	8	4	9	12	32	16	6	5	5	11	3	1	7	7	2	0	1	0	1	2	1	1	1	4	3	6	10	75	57	0	142	73	13	1	5	3	19	8	9	11	18	10	3	4	9	5	5	1	2	4	2	6	11	4	9	21	10
0	0	0	0	0	0	0	0	0	0	0	0	1	0	0	0	0	0	0	0	0	0	0	0	0	0	0	0	0	0	0	0	0	0	0	1	0	0	0	0	0	0	0	1	0	1	0	0	1	0	0	0	0	0	0	1	0	0	1	0	0	1	0	0	0	0	0	0	0	1	0	0	0	0	0	0	0	0	0	0	0	0	0	0	0	0	0	0	0	0	0	1	1	0	0	0	1	0	0	0	1	0	0	0	0	0	0	0	0	0	0	0	1	1	0	0	1	0	0	0	0	0	0	0	0	0	0	0	0	0	1	0	0	0	0	0	1	0	0	0	0	0	0	0	0	0	1	0	0	0	0	0	0	0	0	0	1	2	0	0	0	1	0	0	0	0	1	0	0	0	0	0	0	0	0	0	1	0	0	0	0	0	0	0	2	0	0	0	0	0	0	0	0	0	0	1	0	0	0	0	0	2	0	1	0	0	1	0	1	0	2	0	0	0	0	0	0	0	1	0	2	0	0	0	1	1	0	0	0	0	0	0	0	0	0	0	0	0	0	0	0	0	1	0	2	1	0	0	3	0	0	0	0	3	0	0	0	0	0	0	0	0	0	0	0	0	0	0	0	0	0	0	1	1	1	0	0	1	1	2	2	0	0	0	1	3	0	0	1	0	0	1	1	0	1	1	0	0	2	0	1	0	3	1	0	0	0	0	1	1	1	2	2	3	9	10	2	4	6	1	3	1	2	8	4	4	2	2	5	4	1	2	2	1	2	0	0	2	0	0	1	3	1	1	1	0	0	1	0	2	1	3	0	1	0	2	6	2	1	2	0	3	2	1	7	2	5	4	0	1	0	1	1	2	2	2	1	1	0	1	1	0	2	0	3	4	2	5	4	1	1	1	1	5	2	1	1	2	2	2	2	4	2	4	8	14	5	3	3	3	1	1	4	1	3	2	1	2	3	2	1	2	3	1	1	14	8	7	2	4	4	10	9	4	9	6	30	37	3	4	4	16	6	5	17	5	5	2	1	0	1	0	0	1	2	0	1	2	5	30	86	142	0	82	8	2	4	4	20	11	3	5	10	5	2	5	4	5	5	3	1	3	3	4	10	12	8	20	2
0	0	0	0	0	0	0	0	1	1	0	2	0	0	0	0	0	0	1	0	0	0	0	0	0	0	0	0	0	0	0	0	1	0	0	0	0	0	0	0	0	0	0	0	0	0	0	0	0	0	0	0	0	0	0	0	0	0	0	0	0	0	0	0	0	1	0	1	0	1	0	0	0	0	0	0	0	0	0	0	0	0	1	0	0	0	0	0	0	0	0	0	0	0	1	0	1	0	0	0	0	0	1	0	0	1	1	0	0	0	0	0	0	1	0	0	0	0	0	0	0	0	0	0	0	0	0	1	1	0	0	0	1	0	1	1	1	0	0	0	0	0	0	0	1	0	0	0	0	0	0	1	0	0	0	1	0	0	0	0	0	0	0	0	1	0	1	0	0	1	0	1	0	0	0	0	1	0	0	0	0	0	0	1	2	0	0	0	0	1	0	0	1	0	0	0	0	0	1	1	0	1	0	0	0	0	0	0	1	1	0	0	0	0	0	0	0	0	0	0	0	0	0	0	0	0	0	0	0	0	0	1	0	0	0	1	0	0	1	2	0	1	0	1	0	0	0	1	0	1	0	0	0	1	0	1	0	0	0	0	0	2	1	0	1	0	1	0	1	1	0	0	0	0	0	0	1	0	1	2	0	1	0	2	1	2	1	1	0	1	0	3	4	1	2	1	1	1	1	0	0	0	1	0	0	1	0	1	1	2	0	4	1	4	16	6	4	7	4	2	1	1	3	2	11	6	7	2	0	2	2	4	0	2	1	0	3	2	1	0	1	0	0	0	2	4	0	1	2	2	0	3	2	2	0	0	5	1	2	3	1	6	3	3	1	3	2	6	4	0	1	1	0	0	1	3	2	0	2	0	0	0	1	1	4	5	7	6	4	4	3	3	3	3	2	3	2	2	2	6	1	1	3	4	15	17	6	4	9	2	1	6	4	2	1	5	2	2	2	2	1	1	6	8	4	21	8	12	4	5	3	14	5	4	5	5	12	19	1	5	4	18	3	4	8	13	2	3	3	1	1	2	4	1	3	2	1	7	6	33	78	73	82	0	16	7	1	3	36	23	12	7	10	3	3	6	6	4	2	1	0	2	3	6	6	9	11	12	4
0	0	0	0	0	0	0	0	1	0	0	0	0	0	0	0	0	0	0	0	0	0	0	1	0	1	0	0	0	0	0	0	2	0	1	0	0	0	0	0	0	0	0	1	0	0	1	0	0	1	0	0	0	0	0	0	0	0	1	0	0	0	0	0	0	0	0	1	0	0	0	0	0	0	0	1	0	1	0	0	2	0	0	0	0	0	2	0	0	0	0	2	0	0	1	0	0	0	0	0	1	0	0	0	0	0	0	0	2	0	0	0	0	0	1	1	0	2	0	0	0	0	0	0	0	0	2	0	0	0	0	0	0	0	1	0	0	0	0	0	0	1	0	0	0	0	2	0	0	0	0	0	0	0	0	0	0	0	0	1	2	0	0	1	1	0	0	0	0	0	0	1	1	0	0	2	1	0	1	1	0	0	0	0	1	1	0	1	1	1	0	0	0	0	0	0	0	0	0	2	0	0	0	0	0	0	2	1	2	0	2	2	1	0	1	0	0	1	0	0	1	0	0	0	1	0	0	1	0	0	0	1	0	0	0	1	2	2	1	0	0	1	0	0	0	2	0	1	0	0	0	0	0	4	0	1	0	0	2	0	0	1	1	0	1	0	0	2	1	0	1	0	1	0	0	0	1	1	0	0	2	2	1	2	0	3	1	1	1	4	2	3	4	2	0	0	1	1	3	3	2	1	1	0	0	1	2	3	2	0	1	6	4	4	19	11	7	24	18	5	7	5	6	12	75	17	8	5	3	3	3	2	2	3	2	3	1	3	2	2	0	1	2	2	3	3	2	3	2	4	3	5	1	1	4	1	10	3	1	2	7	15	7	2	9	5	1	7	2	1	2	0	1	3	1	0	2	0	0	2	1	0	1	2	5	6	3	4	7	3	4	1	0	1	2	1	2	1	2	5	3	4	3	5	37	21	11	9	47	4	16	28	9	3	3	1	3	8	4	3	3	2	6	11	12	54	27	8	8	11	8	10	3	3	3	3	4	5	3	3	2	8	2	2	6	12	10	5	2	0	2	3	0	2	3	9	3	12	5	16	3	13	8	16	0	10	9	15	43	39	9	4	4	1	0	3	4	3	4	1	1	1	5	3	6	2	3	7	2
0	0	0	0	0	0	0	0	0	0	0	0	1	1	0	0	1	0	0	0	0	1	0	0	0	0	0	1	0	0	0	0	0	0	0	1	0	1	0	0	0	0	0	0	0	1	0	0	0	0	0	0	0	0	0	0	0	0	2	0	0	0	0	0	0	1	0	1	0	0	0	0	0	0	0	0	0	0	0	0	0	0	0	0	0	0	0	0	0	1	0	1	1	0	1	0	1	2	0	0	1	0	1	0	0	0	0	1	1	0	0	1	0	0	0	2	0	0	0	0	0	0	0	0	0	0	2	0	0	0	0	1	1	0	0	1	1	1	0	0	0	1	0	0	0	1	0	0	0	1	2	0	0	0	0	0	0	1	0	1	0	0	0	0	0	0	0	0	1	0	0	0	1	0	1	0	0	1	0	0	0	0	0	4	1	1	1	0	0	0	0	0	1	0	0	1	1	0	0	0	2	0	0	0	0	0	0	0	0	0	1	2	2	1	1	0	1	0	0	0	1	0	0	0	1	1	0	0	1	0	1	0	0	1	0	1	2	0	1	0	0	2	0	0	1	0	1	0	0	0	0	1	0	0	1	1	1	0	0	0	1	1	0	0	0	0	1	1	0	0	1	0	2	1	1	0	0	2	1	3	5	0	1	1	1	1	0	1	1	0	2	1	0	1	0	0	2	0	1	1	1	1	0	1	1	2	0	2	1	1	2	1	2	3	4	1	10	7	8	1	8	4	14	10	5	19	17	8	3	4	6	8	14	6	9	3	6	5	3	0	1	2	2	2	3	0	1	0	0	1	2	8	4	1	1	3	6	4	1	2	6	7	2	0	2	3	3	1	0	0	2	0	2	2	2	4	0	2	2	1	1	1	0	4	5	4	2	3	3	1	1	0	3	2	3	0	1	1	1	1	5	6	6	3	5	9	7	5	24	23	15	6	2	1	2	2	3	3	2	1	5	7	11	5	9	5	9	11	24	216	7	7	2	3	4	3	2	2	2	1	1	3	2	2	3	5	21	10	9	9	12	3	3	5	7	10	8	5	6	1	5	1	2	7	10	0	67	94	12	11	8	3	2	2	0	1	4	1	6	1	2	1	0	2	1	2	1	1	4
0	0	0	0	0	0	0	0	1	0	0	0	0	0	0	0	0	1	0	0	0	0	0	0	0	0	0	1	1	0	0	0	0	0	0	0	0	0	0	0	0	0	0	1	0	0	0	0	0	0	0	0	0	1	0	1	1	1	0	0	0	0	0	0	0	0	0	0	0	0	1	0	0	0	0	0	0	1	0	0	0	0	0	1	1	1	0	0	0	0	0	0	0	1	1	1	1	0	0	0	0	0	0	1	1	1	0	0	0	0	0	0	0	1	1	0	1	1	0	1	0	0	0	0	0	0	0	1	1	0	1	0	0	0	0	0	0	1	0	0	0	1	0	0	0	1	1	1	0	0	0	1	0	0	1	0	0	0	0	1	0	0	0	0	1	0	1	0	0	0	0	0	0	0	0	0	0	0	0	0	1	0	1	0	1	0	0	0	0	0	0	0	0	0	1	0	1	0	0	0	1	0	1	0	0	1	1	0	1	1	1	0	5	1	0	0	1	0	0	0	0	1	0	0	1	1	0	0	0	2	1	2	0	0	1	0	0	0	1	0	1	0	0	0	0	0	1	0	0	0	0	0	0	1	1	0	0	1	0	0	0	0	0	0	3	0	0	1	1	1	0	2	0	0	0	1	1	0	4	1	0	0	2	1	2	1	0	2	3	2	0	1	1	0	0	0	0	0	1	1	0	1	1	1	0	0	0	1	2	0	1	0	1	2	3	5	1	8	7	6	2	1	9	3	4	4	14	5	4	0	5	4	14	5	7	4	2	4	1	1	1	1	2	1	4	4	1	1	2	0	4	4	2	1	2	1	4	1	3	5	2	0	4	2	3	3	2	4	0	3	1	1	1	2	1	2	0	0	2	0	0	0	4	1	5	2	3	1	4	3	3	0	0	1	1	1	0	1	2	2	4	5	2	1	3	8	7	3	10	10	8	8	1	0	2	4	2	2	2	0	4	3	12	8	5	6	8	16	79	39	6	2	3	3	2	3	3	3	0	3	0	2	3	4	2	1	4	4	4	3	1	4	4	2	9	11	19	20	5	4	0	5	4	1	9	67	0	34	10	9	10	4	5	0	0	3	2	2	3	2	2	0	0	3	3	2	3	1	5
0	0	0	0	0	0	0	0	1	1	0	0	1	1	0	1	1	0	0	0	0	0	1	0	0	0	0	1	0	2	0	0	0	0	0	0	0	1	0	0	1	0	0	0	0	2	0	1	0	0	0	0	0	0	0	2	0	0	0	0	0	0	0	0	1	1	0	0	0	0	0	0	0	1	1	0	0	0	0	0	0	2	0	0	0	0	1	1	0	0	0	0	0	0	2	1	0	0	0	0	0	0	0	0	0	0	0	0	0	1	0	1	0	0	2	0	0	0	0	0	0	0	0	0	0	0	1	0	0	0	0	0	0	0	0	0	0	0	0	0	0	1	0	0	0	1	0	0	0	1	1	0	0	0	0	0	0	1	0	0	1	0	1	0	1	0	0	0	0	0	1	1	0	1	0	0	1	1	0	1	1	1	2	0	1	0	3	1	0	0	0	0	3	0	0	1	0	0	0	0	0	2	0	0	1	2	0	0	0	1	0	3	0	0	1	2	0	1	1	1	0	0	0	1	1	1	0	0	0	0	1	1	1	0	1	0	2	0	1	2	0	0	3	1	0	1	1	0	1	0	0	0	1	0	0	0	0	0	0	0	0	1	1	3	0	2	0	1	0	0	2	0	1	2	1	2	0	0	0	2	1	1	0	0	1	0	1	1	1	0	1	3	3	1	0	0	1	2	1	1	1	0	1	0	0	0	1	1	3	0	0	1	1	4	6	5	2	6	8	8	6	2	10	9	9	14	55	11	4	5	3	10	11	4	3	5	7	1	1	4	3	1	2	4	3	4	2	2	1	2	3	6	1	2	0	2	3	3	2	3	4	2	4	0	1	4	2	3	0	0	0	2	1	2	0	1	5	1	0	1	2	0	3	5	4	4	1	4	2	0	2	1	2	1	2	0	2	1	2	3	5	5	8	2	9	11	16	13	44	14	7	7	6	2	1	2	0	3	6	1	2	5	5	4	8	7	6	14	14	34	48	18	7	4	7	2	5	4	1	2	2	4	1	9	5	3	14	4	6	2	6	4	3	4	9	9	6	11	7	3	5	3	4	3	15	94	34	0	16	16	9	5	3	3	2	1	0	4	8	4	2	3	2	4	3	3	4	2	4
0	0	0	0	0	0	0	0	0	0	0	2	0	0	0	0	0	0	0	0	0	0	0	0	0	0	0	0	0	0	0	0	0	0	0	0	0	0	0	0	0	0	0	0	0	1	0	0	0	0	0	0	0	0	0	0	0	0	0	0	1	0	0	0	0	0	0	0	0	0	0	0	1	0	1	0	1	0	1	0	1	0	0	0	0	0	0	0	0	0	0	0	0	0	0	0	0	0	0	0	0	0	1	0	0	0	0	0	0	0	1	0	0	0	0	0	0	0	0	0	0	0	0	0	1	0	0	0	2	1	0	0	0	1	0	0	0	1	1	0	1	1	0	0	0	0	0	0	1	0	0	0	0	1	0	0	0	0	0	0	2	0	0	0	0	0	0	0	0	0	0	2	0	0	0	0	0	0	1	0	0	0	0	0	1	1	0	0	0	0	0	1	0	0	1	1	0	0	0	0	1	1	0	1	0	0	0	0	0	0	0	1	1	0	0	0	0	0	0	0	0	1	1	0	1	0	0	2	0	1	0	1	1	0	0	0	2	1	1	1	0	0	2	1	0	0	0	0	1	1	0	1	0	0	0	0	0	0	0	0	0	0	0	0	1	2	0	1	1	0	2	3	0	0	0	2	0	0	0	1	0	0	1	1	1	1	1	1	1	1	2	2	0	1	0	0	1	1	0	1	0	0	0	0	2	0	1	0	0	0	4	0	4	5	11	9	6	5	6	3	7	1	3	5	13	11	6	13	3	4	2	3	0	3	3	5	1	1	1	1	2	2	2	2	2	2	0	2	4	0	3	2	2	1	1	0	0	2	0	2	2	7	3	5	3	2	2	4	2	2	0	1	1	0	3	0	0	1	1	1	0	3	1	3	5	2	9	1	4	5	2	1	0	4	2	1	2	3	2	0	9	4	6	2	13	33	6	10	14	8	7	8	2	3	0	3	1	3	3	0	2	3	5	5	6	45	11	6	9	8	10	27	7	7	5	2	5	7	0	3	0	6	2	4	4	8	3	0	2	1	1	0	2	1	4	9	3	19	13	20	14	19	20	36	43	12	10	16	0	428	30	14	17	4	1	0	2	4	7	1	3	0	3	2	4	10	0	8	10
0	0	0	0	0	0	0	0	0	0	0	0	0	0	0	0	0	0	0	0	2	0	0	0	0	0	1	0	0	0	0	0	0	0	0	0	0	0	0	0	0	0	0	0	0	0	0	0	1	0	0	0	0	1	0	0	0	0	0	0	0	2	0	0	0	0	0	0	0	0	0	0	0	0	0	0	0	0	0	0	0	0	0	0	0	0	1	0	1	0	0	0	1	0	0	1	0	0	0	1	0	0	0	0	0	0	0	0	0	2	0	0	0	0	0	0	0	1	0	0	0	0	0	0	0	0	0	0	0	0	0	0	0	0	0	0	0	0	0	0	0	0	0	1	0	1	0	3	1	0	0	2	0	0	0	0	0	0	0	0	2	0	0	0	0	0	0	0	0	0	0	0	0	0	1	0	0	1	0	0	0	0	1	0	1	1	0	1	0	1	0	0	0	0	0	0	0	0	0	0	0	0	0	0	1	0	1	0	2	1	2	1	1	0	0	0	0	1	0	0	0	0	2	0	0	1	0	0	0	0	1	0	0	0	0	1	2	1	0	0	1	0	0	0	1	0	1	1	0	1	2	0	0	0	1	0	0	1	1	0	0	2	0	0	0	3	0	0	0	2	0	1	1	0	0	1	1	1	2	0	0	0	1	0	1	1	1	1	0	1	1	2	1	1	3	0	0	1	0	1	2	1	0	0	0	1	1	1	0	2	1	1	2	4	4	4	6	7	7	2	3	5	6	6	18	15	9	5	3	3	2	4	6	2	1	4	0	1	0	1	2	1	0	4	1	1	1	4	2	1	2	0	2	3	1	0	6	2	3	5	3	5	5	2	3	2	3	0	0	1	1	2	0	2	1	1	1	0	0	0	0	0	1	1	6	7	2	4	1	4	1	0	3	3	2	3	6	1	3	5	6	7	3	6	16	21	14	7	11	5	5	2	6	4	6	3	2	2	2	1	1	3	5	12	6	28	9	10	15	10	12	24	14	5	9	4	3	3	0	1	3	5	2	2	6	9	5	3	1	1	5	2	3	5	2	6	9	22	12	19	8	8	11	23	39	11	9	16	428	0	28	12	11	3	2	1	1	5	2	0	1	3	0	3	6	3	5	8	10
0	0	0	0	0	0	0	0	0	0	0	0	0	0	0	0	0	0	0	1	0	0	2	0	0	0	0	0	0	0	0	0	1	0	0	0	0	2	0	0	0	0	0	0	0	0	0	0	0	0	0	0	0	1	0	0	0	0	2	2	0	1	0	1	0	0	0	0	1	0	0	0	0	0	0	0	0	0	0	0	0	0	1	0	1	0	0	0	0	0	0	0	0	0	1	0	1	0	1	0	1	0	0	0	0	1	0	0	0	1	0	0	0	0	0	1	1	0	0	0	1	0	0	0	0	1	0	0	0	0	0	0	1	0	1	0	0	0	1	0	0	0	0	0	0	0	0	1	0	0	0	0	0	1	0	0	0	0	0	0	0	0	0	0	0	0	1	0	0	0	0	0	0	1	0	1	2	0	0	1	0	0	0	2	0	0	1	1	0	0	0	0	0	0	2	1	1	1	0	0	1	0	1	1	1	0	0	0	0	0	2	1	0	1	0	0	0	0	0	0	0	1	0	0	1	0	0	0	2	0	2	0	0	1	0	1	0	2	0	2	1	0	0	0	0	0	2	0	0	0	0	0	1	0	0	0	0	0	1	0	0	0	1	0	0	1	0	1	0	0	1	1	1	1	0	1	0	1	0	0	0	0	2	0	1	1	0	1	1	0	1	1	0	2	0	0	0	1	3	0	1	1	1	0	0	0	0	3	1	0	0	0	2	2	6	3	6	6	7	1	0	1	2	1	5	6	10	2	3	1	1	3	7	1	2	3	4	1	0	2	1	0	3	1	1	2	1	1	1	0	3	1	0	1	0	1	4	0	0	0	2	9	2	4	1	2	2	2	0	1	1	1	1	1	4	0	0	1	1	0	1	0	0	2	4	1	2	2	1	3	2	1	1	5	2	2	2	1	3	3	1	8	3	2	6	11	6	2	10	4	2	2	5	4	2	1	0	2	2	0	1	3	2	13	4	19	6	19	27	4	6	5	6	6	4	1	3	2	2	2	0	4	1	2	3	5	2	0	4	2	3	1	6	1	7	10	12	62	11	20	11	9	3	12	9	8	10	9	30	28	0	63	13	3	2	1	0	1	0	2	0	1	3	0	3	1	6	0	2
0	0	0	0	0	0	0	0	0	0	0	0	0	0	0	0	0	0	0	0	0	0	0	0	1	0	0	0	2	0	0	0	0	0	0	1	2	0	0	0	0	0	0	0	0	0	1	1	0	0	2	0	0	0	0	0	0	0	0	0	0	0	0	0	0	0	0	0	0	0	0	0	0	1	0	0	0	0	0	0	0	0	0	0	0	0	0	0	0	1	0	0	0	0	1	1	0	1	0	0	0	0	0	0	0	0	0	0	0	0	0	0	0	0	0	0	0	0	0	0	0	0	0	0	0	0	0	0	1	0	0	2	1	0	0	2	0	0	0	0	0	0	0	1	0	1	1	0	0	0	0	0	0	2	0	0	0	0	1	0	0	0	0	0	0	0	0	0	0	0	0	0	0	0	0	0	0	0	0	0	0	0	2	1	0	2	0	0	1	0	0	0	0	0	0	0	0	0	0	0	0	0	0	0	0	0	0	0	0	0	0	0	0	0	0	0	1	0	2	0	0	1	1	1	0	0	0	0	1	0	0	1	0	0	0	0	0	2	0	1	2	0	0	2	0	0	0	0	1	0	0	0	0	0	3	1	0	1	0	0	0	1	1	0	0	0	0	1	1	0	0	0	1	0	1	0	1	0	0	0	0	1	2	0	0	0	0	1	0	0	0	1	1	0	0	0	3	1	0	1	0	1	1	1	0	0	0	0	0	0	2	1	3	3	3	2	2	1	2	0	1	1	2	3	1	3	4	5	3	1	3	5	7	0	3	2	3	0	1	1	2	1	0	0	1	3	0	0	1	1	3	1	1	0	1	0	2	2	0	1	1	6	1	0	2	1	3	2	2	2	2	0	1	2	0	1	1	0	0	1	0	0	0	2	2	1	1	1	1	2	0	1	3	4	1	0	2	2	1	2	4	2	3	2	1	2	3	1	8	1	0	2	1	2	1	3	1	2	1	2	2	2	3	4	3	5	3	13	8	4	2	8	4	3	1	3	5	2	2	1	0	1	4	2	1	3	1	1	3	0	0	3	1	3	2	9	9	40	13	16	7	11	5	7	4	3	4	5	14	12	63	0	15	0	2	1	4	3	1	1	0	2	1	1	2	2	4	4	7
0	0	0	0	0	0	0	0	0	0	0	0	1	0	1	0	0	0	0	0	0	0	0	0	0	0	0	0	0	0	0	0	1	1	0	0	0	0	0	0	0	0	0	0	0	0	0	0	0	0	0	0	0	0	0	0	0	0	1	0	0	0	0	1	0	0	1	1	0	0	0	0	0	0	1	0	0	0	0	0	0	0	0	0	0	0	0	1	0	0	0	0	1	0	0	0	0	0	0	0	0	0	0	0	0	0	1	0	0	0	0	0	1	0	0	0	0	0	0	0	0	0	1	0	0	0	0	2	0	0	0	1	0	0	0	0	0	1	0	0	0	0	0	0	1	0	2	0	0	0	0	0	0	0	0	0	0	0	0	0	1	0	0	0	0	0	0	1	1	1	0	0	0	0	0	0	0	0	0	0	0	0	0	1	0	0	0	0	0	1	1	1	2	0	0	0	0	0	1	0	1	0	1	0	0	0	1	0	1	2	0	3	0	0	0	0	0	0	0	0	0	0	0	0	0	0	0	0	0	1	0	0	1	0	0	0	0	2	0	0	1	0	0	0	2	0	0	0	0	1	0	0	0	0	1	1	0	0	1	0	1	1	0	0	0	0	0	0	2	0	2	0	0	0	1	0	0	0	0	0	2	2	0	0	1	1	0	0	1	1	0	0	1	0	1	0	0	1	0	0	0	0	0	1	2	0	2	0	1	0	0	0	2	0	3	2	2	3	0	2	1	0	3	5	3	2	2	9	3	4	2	3	1	1	1	0	1	0	0	1	1	0	2	2	0	0	1	1	4	2	1	3	0	0	1	0	2	2	1	0	1	0	1	0	1	0	0	1	0	0	1	0	0	1	1	1	0	0	1	0	1	0	1	1	1	2	0	1	1	0	0	3	0	9	3	3	1	5	1	2	7	3	0	0	0	6	2	2	5	3	2	2	2	0	3	1	0	0	0	1	3	2	3	5	1	4	6	2	2	4	4	14	10	8	10	10	15	6	0	1	2	5	2	1	3	5	2	2	2	3	0	1	0	1	5	6	8	18	103	50	7	18	10	10	4	2	5	3	17	11	13	15	0	9	4	3	4	4	0	4	4	3	6	4	3	6	2	6	11
0	0	0	0	0	0	0	1	0	0	0	0	0	0	0	0	1	0	0	0	1	0	0	1	1	0	0	0	1	0	0	0	0	0	1	0	0	0	0	0	0	0	0	0	0	0	0	0	0	0	0	0	0	1	0	0	0	0	0	0	0	0	0	0	0	0	1	0	0	0	0	0	0	0	0	0	0	0	1	0	1	0	0	0	0	1	0	0	0	0	1	0	0	0	2	0	0	0	0	1	0	0	0	0	0	0	0	0	0	0	0	0	1	2	0	0	1	0	0	0	0	0	0	0	0	0	0	0	0	1	1	0	0	0	0	0	0	0	1	1	0	0	0	1	0	0	0	0	0	0	1	0	0	0	0	0	0	1	0	0	0	0	0	0	0	0	0	0	0	0	0	0	0	0	0	0	0	0	0	0	0	0	1	0	0	0	0	0	0	0	0	0	0	0	1	0	0	0	0	0	0	0	0	0	0	0	0	0	0	0	1	0	0	0	0	0	0	0	0	0	0	0	1	2	0	0	0	0	0	0	0	0	0	2	0	0	1	0	0	1	2	0	0	1	0	0	0	0	0	0	0	0	0	0	0	0	0	0	2	0	0	0	1	0	1	0	2	0	0	1	0	0	0	0	0	0	0	1	0	0	0	1	2	0	0	2	0	0	1	2	0	1	1	2	1	2	0	0	0	1	0	0	1	0	0	0	0	0	3	1	0	0	4	0	1	2	1	1	3	0	1	0	1	1	0	2	3	3	3	2	1	0	0	2	0	0	1	0	2	1	0	0	0	0	1	1	1	0	0	1	1	1	0	1	0	0	1	2	2	1	2	0	2	0	1	1	2	0	0	0	0	1	0	0	1	0	0	1	2	0	1	0	1	2	2	5	1	2	13	3	4	4	5	6	11	6	6	12	8	4	3	0	3	2	5	5	5	6	2	2	0	0	1	1	3	0	2	2	2	2	1	1	2	1	1	4	1	2	1	1	1	5	21	8	85	42	25	10	3	2	3	3	1	2	5	1	2	0	0	3	3	0	1	5	1	6	2	4	6	7	1	10	5	3	1	2	0	3	4	3	3	0	9	0	13	23	119	20	3	6	3	2	15	13	7	15	9	8	9
0	0	0	0	0	0	0	1	0	0	0	0	0	0	0	0	0	0	0	1	0	0	0	0	0	2	0	0	0	0	0	0	0	1	0	0	0	0	0	0	1	0	1	0	0	0	0	0	0	0	1	0	0	0	0	0	0	0	0	2	0	0	2	0	0	0	0	0	0	0	0	0	0	1	0	0	0	0	0	0	0	0	0	0	0	0	0	0	0	0	1	0	0	2	0	0	0	0	0	0	0	0	0	0	0	0	0	1	0	2	0	0	0	0	0	1	0	0	0	0	0	0	0	0	0	0	0	0	0	0	0	0	1	0	0	0	0	0	0	0	1	0	1	0	0	0	0	0	0	0	0	0	0	0	0	0	0	0	0	0	0	0	0	0	0	0	1	0	0	0	0	0	0	0	0	0	0	0	1	0	0	0	0	1	1	0	0	0	1	0	0	0	0	0	0	0	1	0	0	0	0	0	0	1	0	1	0	0	1	0	0	1	0	2	0	0	0	0	0	0	2	0	0	0	0	0	1	0	0	0	0	0	0	0	0	1	0	0	0	0	0	0	0	0	0	0	0	0	0	2	0	0	0	1	1	0	0	0	0	0	0	1	1	0	0	1	0	0	0	0	0	0	1	1	0	0	0	0	1	1	1	1	0	0	0	0	1	1	2	0	1	0	0	0	0	1	0	1	0	1	0	1	0	0	0	0	1	0	2	0	0	1	0	0	2	1	2	1	1	3	2	0	0	1	2	3	0	1	3	2	1	1	0	0	1	2	0	0	0	1	1	0	4	0	0	0	1	0	2	0	1	0	0	1	1	1	2	1	0	0	1	0	1	2	1	0	0	4	1	1	1	1	1	0	0	1	1	0	1	2	1	0	0	1	1	3	4	4	4	8	18	13	5	5	5	4	11	13	9	6	1	1	3	2	2	1	2	0	3	0	0	1	0	1	0	0	1	2	3	1	1	1	0	2	0	0	0	3	2	0	1	0	9	4	3	4	3	9	5	0	5	0	2	1	2	1	0	0	1	0	2	1	1	1	2	0	1	0	3	4	5	3	2	3	0	0	0	2	1	2	2	2	4	13	0	179	21	8	4	3	4	21	31	13	0	4	9	5	5
0	0	0	0	0	0	0	0	0	1	0	0	0	0	1	0	0	0	0	0	0	0	0	0	0	0	0	0	0	0	0	1	0	0	0	0	0	1	0	0	0	0	1	0	0	1	2	0	0	0	0	0	0	0	1	0	0	0	0	1	0	0	0	0	0	0	0	1	0	0	0	0	0	1	0	0	0	0	0	0	1	1	0	0	0	1	0	0	0	1	0	0	0	0	0	0	0	0	0	0	0	1	0	0	0	0	0	0	0	0	0	0	0	0	0	1	0	0	0	1	0	1	1	0	0	0	0	0	0	0	0	0	0	0	0	0	0	1	0	1	0	0	0	0	0	0	0	0	0	0	0	0	0	0	0	0	1	0	0	0	0	0	0	0	0	0	1	0	0	0	1	0	0	0	0	0	0	0	0	0	0	0	0	0	0	0	0	0	0	0	0	0	0	0	0	0	0	0	0	1	0	0	0	0	0	0	0	1	1	0	0	0	0	0	0	0	0	0	0	0	0	0	0	0	1	1	0	1	0	0	0	1	0	0	0	0	0	0	0	0	1	1	0	1	0	0	0	0	0	1	0	0	1	0	1	0	0	0	1	0	0	1	0	1	0	0	0	1	0	0	0	0	0	0	0	0	1	0	1	0	0	1	0	0	0	0	0	0	0	0	1	0	0	1	0	0	1	0	0	0	1	0	1	0	2	0	0	1	1	2	0	0	0	0	1	2	0	2	1	0	0	1	1	1	1	0	0	2	1	2	0	1	0	0	1	0	0	1	0	0	0	1	0	1	1	0	0	0	1	0	0	1	1	0	1	2	0	0	0	0	0	1	1	0	1	1	4	2	0	1	0	2	1	0	2	0	1	1	2	0	2	1	0	2	1	2	3	2	5	5	8	5	1	4	10	2	7	14	19	6	3	3	1	1	1	4	2	4	4	2	2	2	0	1	1	1	0	2	2	1	2	1	1	1	0	1	0	1	1	0	1	5	5	8	14	8	13	8	4	5	5	3	2	1	3	2	2	3	1	2	1	0	1	5	0	0	1	1	1	0	1	4	5	6	3	1	3	1	0	1	1	1	3	23	179	0	66	12	4	4	4	16	32	10	3	4	5	9	5
0	0	0	0	0	0	0	0	0	0	0	0	0	0	0	1	1	0	0	0	0	0	0	0	0	0	1	1	0	0	0	1	0	0	0	0	0	1	0	0	0	0	0	0	0	1	0	0	0	1	0	0	0	0	1	0	1	0	0	0	1	0	0	0	0	0	1	0	0	0	0	0	0	0	0	0	0	0	0	0	0	0	0	0	0	0	0	0	0	0	0	0	0	0	0	0	0	0	0	0	0	0	0	0	0	0	0	1	0	0	0	0	0	1	0	0	0	0	0	0	0	0	0	0	0	0	0	0	0	0	0	0	0	0	0	0	0	0	0	0	0	1	0	0	1	1	0	0	0	0	1	1	0	1	0	0	1	0	0	0	0	0	0	0	0	1	0	1	0	0	0	0	0	1	0	0	1	1	1	0	0	0	0	0	0	0	0	0	0	0	0	0	0	0	0	0	0	0	2	0	0	0	0	0	0	0	0	0	1	0	2	0	0	0	0	0	0	0	0	0	0	0	0	0	1	0	1	1	1	1	0	1	0	0	0	1	0	2	0	0	0	0	1	0	0	0	0	0	0	0	0	0	0	0	0	0	0	0	0	1	0	1	0	0	0	0	0	1	2	0	0	0	0	1	0	0	0	0	0	0	1	0	1	0	0	1	0	0	1	0	0	0	1	0	0	0	0	0	0	2	1	2	1	0	0	1	0	0	0	0	1	1	3	2	3	1	0	1	2	1	1	0	3	2	1	4	1	3	3	3	3	1	1	3	1	0	0	2	0	1	0	0	1	1	4	0	1	1	0	1	3	0	0	0	0	0	0	1	1	0	0	1	4	1	3	0	2	2	0	1	0	0	0	3	0	2	2	0	1	1	2	0	1	2	3	4	5	4	6	8	12	6	6	6	7	6	10	19	16	12	2	3	2	1	6	2	5	3	6	0	2	3	0	0	0	2	0	1	0	0	1	0	0	1	0	3	1	0	1	1	0	4	10	11	48	11	16	7	2	4	5	6	4	2	4	1	0	0	0	3	0	0	1	3	1	1	2	1	2	12	3	9	4	6	4	4	2	0	2	1	0	4	4	119	21	66	0	27	5	4	4	7	24	27	5	17	21	16	6
0	0	0	0	0	0	0	0	0	1	0	0	0	0	0	0	0	0	0	0	0	0	1	0	0	0	0	0	1	0	0	0	0	0	0	0	1	0	0	0	0	0	0	0	0	0	0	0	0	0	0	0	0	0	0	0	0	0	0	0	0	0	0	0	1	0	1	1	0	0	0	0	0	0	0	1	1	0	1	0	0	0	0	0	0	0	0	0	0	0	0	1	0	0	0	0	0	0	1	1	1	0	0	0	0	1	0	1	0	0	0	1	0	0	1	0	0	0	0	0	0	0	0	0	0	0	0	0	0	0	1	0	0	0	0	0	0	0	0	0	0	0	0	0	1	1	0	0	0	1	0	0	0	0	0	0	0	0	0	0	0	1	0	0	0	0	1	1	0	0	0	0	0	0	0	0	1	0	0	0	1	1	1	0	1	0	0	0	0	0	0	1	0	0	0	0	0	0	0	0	0	1	0	0	0	0	1	0	3	2	2	0	0	0	3	0	0	0	1	0	1	0	0	0	0	0	0	1	0	0	1	0	0	0	0	0	0	0	1	1	0	0	0	0	1	0	0	0	0	0	0	1	0	1	0	1	0	1	1	0	0	0	0	0	0	0	1	1	0	1	1	1	0	0	0	0	2	0	0	0	0	0	2	1	0	0	0	0	0	1	1	3	0	0	0	2	0	0	1	0	2	0	0	0	0	1	3	0	0	2	0	0	1	5	3	5	2	4	6	0	1	0	1	1	4	3	5	6	5	3	0	1	4	2	0	0	0	1	0	1	0	2	3	0	3	2	1	0	5	1	1	1	1	0	1	0	1	0	0	0	1	2	2	3	4	3	2	3	0	0	2	0	2	0	1	1	1	0	0	0	1	1	2	3	5	4	6	5	8	16	44	11	10	13	10	4	5	10	22	44	12	3	4	0	5	8	2	8	3	2	2	4	2	1	1	2	1	1	3	1	1	2	0	3	0	4	2	0	0	0	5	5	50	33	35	7	4	15	3	2	10	5	0	1	3	2	1	0	2	0	3	1	0	4	0	3	1	5	8	4	2	5	5	4	3	1	2	4	4	5	1	3	4	20	8	12	27	0	13	6	11	10	18	41	24	22	11	20	21
0	0	0	0	0	0	0	0	0	0	0	0	0	1	0	0	0	0	1	0	0	0	0	0	0	0	0	0	0	0	0	1	1	0	0	0	0	0	0	1	0	0	0	0	0	1	0	0	0	0	0	1	0	0	1	0	0	0	0	0	1	1	0	0	0	0	0	0	0	0	0	0	0	0	1	0	0	1	0	0	0	0	0	0	0	1	1	1	0	0	0	1	0	0	0	0	1	0	1	1	0	1	0	0	1	0	0	0	0	0	1	0	1	0	0	1	0	0	0	0	0	0	0	0	0	0	0	0	0	0	0	0	1	0	0	0	0	1	0	0	1	0	0	1	1	0	0	0	0	2	0	0	1	0	0	1	0	0	1	0	0	1	0	0	0	0	0	0	0	0	0	0	0	0	0	1	0	0	0	0	0	1	0	0	0	2	0	1	1	0	3	0	0	0	0	0	0	0	0	0	1	0	0	0	1	0	1	0	1	0	1	0	0	0	0	0	0	0	0	0	0	2	0	2	1	1	0	0	0	0	0	0	0	0	0	1	0	2	2	0	2	0	0	0	0	1	0	1	0	0	0	0	0	2	0	0	0	1	0	0	0	1	1	1	2	1	0	0	0	0	1	0	0	1	0	1	0	2	0	0	0	2	0	0	0	0	1	0	0	1	1	0	1	2	3	0	0	0	0	0	1	0	2	1	0	1	0	0	2	1	2	1	1	0	2	3	0	6	4	5	6	2	3	6	5	7	1	6	1	6	2	2	2	0	2	0	2	0	1	0	0	1	2	2	0	3	2	2	1	0	5	3	0	2	0	1	3	1	1	0	3	3	3	2	3	3	1	2	0	1	1	0	0	1	1	2	0	0	0	2	3	0	2	7	35	16	18	12	10	56	17	7	3	6	2	1	4	2	7	30	22	12	5	7	8	11	11	16	4	3	1	5	3	3	4	3	4	5	5	3	6	2	1	1	3	5	0	2	2	2	6	17	6	14	7	2	3	2	2	5	3	9	5	5	5	5	0	1	1	2	4	4	5	7	1	0	0	5	2	7	5	5	5	2	4	6	3	8	7	2	0	1	0	3	4	4	5	13	0	11	4	5	6	23	74	13	6	6	12
0	0	0	0	0	0	0	0	0	0	0	0	0	0	0	0	1	0	0	0	0	0	0	0	0	0	0	0	1	0	0	0	0	0	0	0	0	0	0	0	0	0	0	0	0	0	0	0	0	0	0	0	0	1	0	0	0	0	0	1	1	0	0	0	0	0	0	0	0	0	1	1	1	0	1	0	0	0	0	0	0	0	0	0	0	0	1	1	0	0	0	0	0	0	1	1	0	0	0	0	0	0	0	0	0	0	0	1	0	0	0	0	0	0	0	0	0	0	0	1	0	0	0	0	0	0	0	0	0	0	0	0	0	0	0	0	0	0	0	0	0	0	0	1	0	0	1	1	0	0	0	0	1	0	0	0	1	0	0	0	0	0	1	0	1	0	0	0	0	0	0	0	0	0	1	0	1	0	0	0	0	0	0	0	0	2	1	0	0	0	0	0	0	0	0	0	1	0	0	2	0	0	0	0	0	0	1	0	0	0	0	0	0	0	0	0	0	0	0	1	0	0	0	2	0	0	0	1	1	0	0	0	0	2	0	0	0	1	0	1	0	0	0	0	1	1	0	0	0	0	0	0	0	0	0	0	1	0	0	0	1	0	0	0	1	1	0	2	1	0	1	2	0	0	0	0	0	1	0	0	1	0	0	0	0	0	0	0	0	0	1	1	0	1	2	1	0	0	3	0	1	0	0	0	0	0	0	0	0	0	0	2	1	4	0	1	4	1	1	1	3	0	3	3	2	3	2	2	1	2	1	2	2	1	1	0	3	2	0	1	1	1	1	0	1	2	2	2	1	2	1	0	0	0	0	0	0	0	1	0	0	1	0	2	1	0	5	0	1	1	2	0	2	1	4	1	0	0	0	1	1	0	2	1	14	14	8	19	29	34	13	7	1	5	3	2	3	1	6	10	6	6	4	6	2	3	5	4	3	1	1	1	1	0	3	1	1	0	3	5	0	1	4	0	0	2	0	1	3	3	2	2	4	3	5	3	2	3	6	5	4	1	2	2	2	5	1	2	0	2	1	0	1	2	2	2	2	1	1	3	1	1	3	1	1	1	2	4	1	0	2	1	4	6	3	4	4	6	11	0	54	13	9	11	9	6	9	3	4
0	0	0	0	0	0	0	0	0	1	0	0	0	0	0	0	0	0	0	0	0	0	1	0	0	0	1	1	0	0	0	0	0	0	1	0	1	0	0	1	0	0	0	0	0	0	0	0	0	0	0	0	0	0	1	0	0	1	0	0	0	1	0	0	0	0	0	0	0	0	0	0	0	0	0	0	0	0	0	0	0	0	0	0	0	0	0	0	0	0	1	0	0	0	0	1	0	0	0	0	0	0	0	0	0	0	0	0	0	0	0	0	1	2	0	1	1	0	0	0	0	1	0	0	0	0	0	0	0	0	0	0	0	0	0	1	0	1	0	0	0	0	0	1	0	0	1	1	1	0	0	0	0	0	0	0	0	1	0	0	0	0	0	0	0	0	0	0	0	0	0	0	0	0	0	0	0	1	0	0	0	1	0	0	1	0	0	0	0	0	0	1	0	0	0	1	0	0	0	0	0	1	1	0	0	0	1	0	1	0	1	0	0	0	0	0	0	1	1	0	0	0	0	0	0	0	0	0	0	1	1	1	0	0	0	0	2	1	1	1	0	0	0	0	0	1	0	0	0	0	0	0	1	1	0	0	0	0	1	0	0	0	0	1	0	0	1	0	1	0	1	0	0	1	0	0	0	0	0	0	2	0	0	1	0	0	0	0	0	1	0	1	1	2	0	0	1	1	0	0	0	1	0	0	1	1	1	0	0	0	0	0	2	0	2	3	2	1	2	2	0	1	0	1	2	3	2	4	5	2	5	3	0	0	0	0	0	0	3	1	0	1	0	0	2	2	1	3	1	1	2	1	0	0	0	1	0	2	0	0	1	1	2	3	1	0	3	0	2	1	0	0	1	1	2	2	0	0	0	1	2	1	2	2	6	3	6	6	8	16	15	6	2	2	4	1	1	3	6	6	9	3	4	3	2	7	2	1	2	3	0	3	4	3	1	0	0	0	0	0	1	0	0	1	0	0	1	0	1	1	2	2	4	2	4	1	1	2	0	4	4	1	2	2	2	3	0	1	1	1	1	0	3	1	1	2	1	1	1	1	0	2	1	0	1	2	2	2	3	1	0	0	4	3	4	4	4	11	4	54	0	29	11	13	8	7	8	5	3
0	0	0	0	0	0	0	0	0	0	0	0	0	0	1	0	0	0	0	1	0	0	0	0	0	0	0	0	0	0	0	0	0	0	0	0	0	0	0	0	0	0	0	0	0	0	0	0	0	0	0	0	0	0	0	0	0	0	0	0	0	0	0	0	0	0	0	0	0	0	0	0	0	0	0	0	0	0	0	0	0	0	1	0	0	0	0	0	0	0	0	0	0	0	0	0	0	1	0	0	1	0	1	0	0	0	0	0	0	0	0	0	0	0	0	0	0	0	0	0	0	0	0	0	0	0	0	0	0	0	0	0	0	0	0	0	0	0	1	0	0	1	0	0	0	0	0	0	0	1	1	0	0	0	0	0	0	0	0	0	0	0	0	1	0	0	0	0	0	0	0	0	0	0	1	1	0	0	0	0	0	0	0	0	0	0	0	1	0	0	0	0	0	0	0	0	0	0	0	0	0	0	1	0	0	0	0	0	1	1	1	0	1	0	1	0	0	0	0	0	0	0	0	0	0	0	0	0	0	0	0	0	0	0	0	0	1	0	1	0	0	0	0	1	1	0	0	0	0	0	0	0	0	0	1	0	0	0	0	0	1	0	0	0	1	0	0	0	0	1	1	0	0	0	0	0	0	1	0	0	1	1	0	0	0	0	0	0	2	0	3	1	0	1	0	0	1	2	0	0	0	0	0	1	0	1	0	2	1	0	2	0	0	1	2	1	3	0	3	4	0	0	1	1	0	2	0	1	1	2	1	3	0	1	0	0	1	0	0	0	0	3	1	1	1	1	1	0	1	0	1	0	2	0	0	1	0	0	0	1	0	1	0	3	1	1	2	1	0	0	0	0	1	0	0	0	1	1	2	0	0	0	1	0	4	1	1	1	7	12	12	7	3	1	1	5	3	7	10	2	2	3	2	1	4	4	2	3	1	1	0	0	1	3	2	2	1	0	1	1	1	1	0	2	0	1	0	1	1	1	0	2	4	6	6	1	2	4	3	4	4	1	0	2	2	2	0	2	1	0	2	0	0	0	0	1	1	2	2	2	2	4	3	2	1	1	0	3	0	3	1	2	3	2	21	16	7	10	5	13	29	0	39	15	4	2	6	7	1
0	0	0	0	0	0	0	0	0	0	0	0	0	0	0	0	0	0	0	0	0	0	0	0	0	0	1	0	0	0	0	0	0	0	0	0	0	0	0	0	0	0	0	0	0	0	0	0	0	0	0	1	0	0	0	0	0	0	0	0	0	0	0	0	0	0	1	0	0	0	1	0	0	1	0	0	0	0	0	0	0	0	1	0	0	0	0	0	0	0	1	1	0	0	0	0	0	0	1	0	0	0	0	0	0	0	0	0	0	0	0	0	0	0	1	0	1	0	0	0	0	0	0	0	0	0	0	0	0	0	0	2	0	0	0	1	0	0	0	0	0	0	0	1	0	0	0	1	0	0	0	0	0	0	1	0	0	0	0	0	0	0	2	0	0	0	0	0	0	1	0	0	0	0	0	0	1	0	0	0	0	0	1	0	0	0	0	0	0	0	1	0	0	0	0	0	0	2	0	0	0	0	0	0	0	1	1	1	0	0	1	0	1	0	0	0	0	1	0	0	1	0	0	1	0	0	0	0	1	0	0	0	0	1	1	0	0	0	1	0	0	1	0	1	0	0	0	0	1	0	0	0	0	1	0	1	1	0	0	0	1	0	1	0	0	0	0	0	0	0	0	0	0	0	0	0	2	0	0	1	2	0	0	1	2	0	0	1	0	0	1	0	0	0	0	0	2	0	2	1	0	1	1	0	0	0	1	1	0	0	0	3	3	2	0	0	2	2	3	1	5	0	0	1	1	4	2	2	4	2	2	1	1	0	0	2	1	2	1	1	1	0	3	0	1	1	2	1	1	3	2	0	0	0	0	0	0	0	1	1	0	0	1	0	3	2	1	1	0	0	0	0	1	3	0	0	1	0	0	0	1	0	0	2	1	4	5	5	14	19	18	5	7	3	9	6	3	7	11	6	2	3	0	3	3	7	4	1	3	1	1	2	2	1	0	3	2	1	0	1	0	1	0	2	0	3	0	0	1	1	1	2	6	9	11	8	1	7	3	4	8	4	3	5	2	2	1	0	0	4	2	2	1	1	1	2	0	2	0	5	0	2	3	3	5	0	0	2	3	0	3	1	6	15	31	32	24	18	6	9	11	39	0	28	10	16	20	11	11
0	0	0	0	0	0	0	0	0	0	2	0	0	0	0	0	0	0	1	0	0	0	0	0	0	1	0	0	0	0	0	1	0	0	0	1	0	1	0	0	0	0	0	0	1	0	0	0	0	1	0	0	0	1	0	0	0	0	0	0	1	0	0	0	0	0	0	0	0	0	0	0	0	0	0	0	0	0	0	0	0	0	0	0	0	1	0	0	0	0	0	1	0	0	0	0	1	0	0	0	0	1	0	0	1	0	0	0	0	1	0	0	0	0	0	1	0	0	0	0	0	0	0	0	0	0	0	0	0	0	0	0	0	0	0	1	0	0	1	0	0	0	1	0	0	0	1	0	0	1	0	0	0	0	0	0	0	0	0	0	0	1	1	0	0	0	1	0	0	0	0	0	1	0	0	0	0	1	0	1	0	0	0	0	0	0	0	1	1	1	0	0	0	0	0	0	0	1	0	0	1	0	0	1	1	0	0	0	0	0	1	1	0	0	0	0	1	0	0	0	1	0	0	0	1	0	0	0	0	1	0	1	1	0	0	0	0	0	0	0	0	0	1	0	0	1	0	2	0	1	1	0	0	0	1	1	0	0	0	0	1	1	1	0	0	1	0	0	0	0	1	0	1	0	0	1	0	0	0	0	0	1	0	1	0	0	0	0	1	1	0	0	1	0	0	0	0	0	0	0	1	1	0	0	1	0	0	2	0	0	0	1	1	1	2	2	6	5	5	2	3	0	3	1	1	3	1	4	4	0	1	0	3	0	1	1	0	1	0	1	0	1	2	0	1	3	3	0	2	2	1	2	0	1	1	0	1	1	0	0	1	2	4	4	3	2	0	2	2	2	2	2	1	0	3	0	2	0	2	0	0	1	0	5	8	8	8	18	20	100	22	9	5	4	5	4	4	8	5	24	8	3	1	3	5	8	4	5	2	1	0	4	1	3	1	1	2	3	5	2	1	1	0	4	0	1	0	0	1	1	1	6	13	6	9	7	10	9	8	8	7	4	1	3	2	5	1	1	2	0	5	1	4	2	1	1	3	2	5	5	6	6	4	6	3	2	3	4	2	3	0	1	4	13	13	10	27	41	23	11	13	15	28	0	35	57	27	29	8
0	0	0	0	0	0	0	0	0	0	0	0	0	1	1	0	1	0	0	1	0	0	0	0	0	0	0	0	0	1	0	0	0	0	0	0	0	0	0	0	0	1	0	0	0	0	0	1	0	0	0	0	0	0	0	0	0	0	0	0	0	0	0	0	0	0	0	0	0	0	0	0	0	0	0	0	0	0	1	0	1	1	0	1	0	0	0	0	0	0	0	1	2	1	0	0	1	0	0	1	1	1	0	0	0	0	0	0	2	0	0	0	0	0	0	0	0	0	0	0	0	0	0	0	0	0	0	0	0	0	0	0	0	0	0	0	0	0	0	0	0	0	0	0	0	0	1	1	0	0	0	0	0	0	0	0	0	0	0	0	0	0	1	0	0	0	0	0	2	0	1	1	0	0	0	0	0	0	0	0	1	1	1	0	0	0	3	0	0	0	1	0	0	0	0	0	0	0	1	0	0	1	1	0	0	0	1	0	1	0	3	1	0	0	1	0	0	1	0	1	0	2	0	0	1	2	0	0	0	0	0	0	0	0	0	0	0	0	1	0	1	0	0	0	0	0	0	0	0	0	1	0	0	0	0	0	0	1	0	0	0	0	3	0	0	0	2	1	0	0	0	1	0	1	0	0	2	2	0	1	1	0	2	0	0	0	1	3	0	2	1	0	0	1	1	0	0	1	0	0	1	0	3	0	1	0	1	0	2	2	0	5	0	0	2	1	1	6	12	5	7	3	5	5	4	8	4	8	4	4	3	1	2	1	2	0	3	2	4	0	0	0	0	1	3	1	2	2	3	0	4	2	2	3	1	4	2	3	1	0	1	5	4	3	3	7	3	5	0	1	1	2	1	2	1	3	0	0	1	3	1	0	1	9	17	21	19	24	18	46	11	2	2	5	3	1	4	2	5	20	22	12	4	9	9	19	16	21	4	3	1	3	3	2	4	1	1	8	4	3	4	0	1	0	2	3	2	1	0	1	8	15	9	11	9	6	7	8	6	3	7	7	1	4	7	9	3	0	5	0	3	3	4	3	8	6	2	2	0	4	3	11	10	6	6	1	3	3	4	6	3	2	3	7	0	3	5	24	74	9	8	4	10	35	0	41	12	32	25
0	0	0	0	0	0	0	0	0	0	0	0	1	0	1	0	0	0	0	0	0	0	1	0	0	1	0	0	0	0	0	0	0	0	0	0	0	0	0	0	0	1	0	0	0	1	0	0	1	0	0	0	0	0	0	0	0	1	0	0	0	0	1	0	0	0	0	0	0	0	0	0	0	0	0	1	0	0	0	0	0	0	0	0	2	0	1	0	1	0	0	0	0	2	0	0	0	0	0	0	0	0	0	0	0	0	0	0	0	1	0	0	0	0	0	0	0	0	0	0	0	0	0	0	0	0	0	0	0	0	0	0	0	0	1	0	0	0	0	0	0	0	0	0	0	0	0	0	0	0	0	0	0	0	0	0	0	0	0	0	0	0	0	0	0	1	0	0	0	1	0	0	0	1	0	0	0	1	1	1	0	1	1	1	1	0	0	0	0	0	0	0	0	0	1	0	0	0	1	0	0	0	0	0	1	1	1	1	0	1	0	0	0	1	0	0	0	0	0	2	0	0	0	0	0	1	0	0	0	0	1	0	0	1	1	0	1	0	0	0	1	1	0	0	1	1	1	1	0	1	0	0	0	1	0	1	1	0	0	0	0	0	2	3	1	0	1	0	1	1	1	1	0	0	1	0	0	0	0	1	0	0	0	0	0	0	0	1	1	1	2	1	0	0	1	1	1	1	0	0	0	0	0	1	2	0	0	1	1	1	0	2	2	3	2	5	1	6	4	3	2	3	3	7	7	4	7	8	2	1	5	0	1	1	0	2	1	0	1	0	2	0	0	0	0	2	3	1	3	1	3	0	2	0	3	0	3	1	0	0	2	2	9	3	1	6	1	2	2	2	1	2	1	0	0	1	1	0	2	0	1	2	1	4	7	17	15	14	14	25	11	4	4	3	4	1	3	5	7	12	8	4	3	3	4	5	3	6	3	4	3	5	3	0	2	0	0	4	4	0	2	0	3	1	2	3	2	2	1	3	4	6	11	7	7	5	11	17	9	7	6	10	7	4	3	11	1	1	3	0	2	1	1	0	4	4	1	2	8	9	8	4	12	9	2	2	2	3	10	3	1	2	6	15	4	4	17	22	13	6	7	2	16	57	41	0	62	110	11
0	0	0	0	0	0	0	0	0	0	0	0	0	0	0	1	0	1	0	0	0	0	0	1	1	0	0	0	0	0	0	0	0	0	0	0	0	0	0	0	0	0	0	0	1	0	1	1	0	0	1	0	0	0	0	1	0	0	0	0	0	0	0	1	0	0	0	0	1	0	0	0	0	0	0	0	0	0	0	0	0	0	0	0	0	0	0	1	0	0	0	1	0	0	2	1	1	0	1	0	0	0	2	0	0	0	0	0	0	0	0	1	0	0	2	0	1	0	0	0	0	0	0	0	0	1	0	0	1	0	0	0	0	0	0	1	0	0	0	0	0	1	0	0	0	0	3	2	0	0	0	0	0	0	0	0	0	0	0	0	0	0	0	0	0	0	0	0	0	0	0	1	0	0	0	0	0	0	0	1	0	1	0	1	0	0	0	1	0	0	0	0	0	1	1	1	1	0	0	0	0	1	0	0	2	1	1	0	2	0	1	1	0	0	1	0	0	0	0	0	0	0	0	0	0	0	0	0	1	0	0	1	0	0	0	0	0	0	0	0	1	0	0	0	0	0	0	0	0	0	0	3	0	1	0	0	0	0	0	0	0	0	0	1	2	0	0	0	1	0	0	1	0	0	0	0	0	0	1	0	1	1	0	0	1	1	0	0	0	3	1	1	0	1	2	1	1	1	1	0	0	0	0	0	1	0	1	1	0	0	2	1	2	0	6	5	2	3	7	0	3	2	1	3	3	6	1	0	4	1	0	0	1	0	0	0	3	3	0	1	0	0	0	1	1	2	2	1	3	0	1	2	1	1	1	1	0	1	1	1	0	2	4	0	2	3	3	1	3	1	0	1	0	2	0	0	4	1	0	0	2	1	4	4	6	9	11	23	20	20	7	2	3	3	4	3	3	3	6	3	3	2	3	4	6	8	2	5	1	0	0	2	1	3	2	2	1	2	0	2	3	3	1	0	2	6	5	1	0	2	3	3	7	4	13	3	13	16	20	9	21	14	8	9	10	4	0	1	1	1	1	2	1	1	1	1	1	4	2	5	7	9	8	11	3	1	3	4	0	5	6	4	2	9	9	5	21	11	6	9	8	6	20	27	12	62	0	47	3
0	0	0	0	0	0	0	1	0	0	0	0	0	0	0	0	0	0	0	0	0	1	0	1	1	0	0	0	0	0	0	0	1	0	0	0	0	0	0	0	0	0	0	0	0	0	1	0	0	0	0	1	0	0	0	0	0	0	0	0	0	0	0	0	0	0	0	0	0	0	0	1	0	0	0	0	0	0	0	0	1	1	0	0	0	0	1	0	0	0	0	0	0	0	0	0	0	0	1	1	0	0	0	0	0	0	0	0	0	0	0	0	0	1	1	0	0	0	0	0	0	0	1	0	1	0	0	0	0	0	0	0	0	0	1	0	1	0	0	0	0	0	0	0	0	0	0	1	0	0	0	1	0	1	0	0	1	0	0	0	1	0	0	0	0	1	1	0	3	0	1	0	0	0	0	1	0	0	0	0	0	1	0	0	0	0	0	0	1	0	0	2	0	0	0	0	0	1	0	0	0	0	1	0	0	0	2	1	0	0	0	0	0	0	1	0	0	0	0	1	2	0	0	0	0	0	0	0	0	0	1	0	0	1	0	0	1	0	0	0	1	0	1	0	0	2	0	0	0	0	0	0	0	1	1	0	0	0	0	1	1	0	2	0	1	1	1	1	0	1	1	0	0	0	2	0	0	1	0	0	0	0	0	1	0	0	1	0	0	1	1	0	0	1	1	0	0	0	1	0	0	1	0	0	0	0	1	0	3	0	1	1	4	2	4	5	0	6	5	3	6	2	1	2	8	10	3	4	6	1	2	4	2	1	0	0	1	2	0	1	0	1	0	1	1	1	1	0	0	1	2	3	1	0	1	0	0	1	1	1	5	5	6	5	3	1	6	3	2	0	1	0	1	2	1	4	3	0	1	0	0	2	1	1	4	10	13	9	16	8	5	10	3	6	5	2	2	2	5	11	4	1	3	4	5	8	9	5	3	0	1	3	4	4	2	4	4	1	3	0	2	2	2	2	0	5	1	2	4	2	0	8	14	7	15	6	19	37	7	5	7	15	7	5	12	14	1	1	1	1	1	1	5	4	0	1	2	6	8	12	11	21	20	12	7	1	1	2	8	8	0	4	6	8	5	9	16	20	6	3	5	7	11	29	32	110	47	0	11
0	0	0	0	0	0	0	0	0	0	0	0	0	0	0	0	0	0	0	1	0	0	0	1	0	0	0	0	0	0	1	0	0	0	0	0	0	0	0	0	0	0	0	0	0	1	1	0	1	0	0	0	0	0	0	1	0	0	1	0	0	0	0	0	0	0	0	0	1	0	0	0	0	0	0	0	1	0	0	0	0	0	0	0	0	0	1	0	0	0	0	2	2	1	0	0	0	0	0	1	0	0	0	0	0	0	0	0	0	0	2	0	1	0	0	3	0	0	0	0	0	0	0	0	0	0	0	0	0	0	0	0	0	0	0	0	0	0	0	0	0	0	0	0	0	0	2	1	0	0	0	0	0	0	0	0	0	0	0	0	0	0	1	0	2	0	0	0	0	0	0	1	0	1	0	0	1	1	0	0	0	1	0	1	1	1	0	0	0	0	0	0	0	0	0	0	1	0	0	0	1	1	0	0	0	0	0	0	0	1	2	2	0	0	0	1	0	0	0	0	1	0	0	0	1	0	0	0	1	1	0	0	0	0	1	0	0	1	0	0	0	3	1	0	1	0	1	1	1	0	0	0	0	0	0	0	0	0	0	1	0	0	0	0	0	0	0	0	0	0	1	1	0	0	0	2	0	1	0	1	1	1	0	0	0	1	0	1	0	1	2	0	0	0	1	0	1	0	1	0	0	0	0	1	1	2	2	0	3	2	0	2	0	1	1	0	1	7	2	2	1	1	2	5	2	6	6	18	8	9	4	2	2	1	2	2	2	1	0	0	0	2	3	1	3	0	2	0	1	2	2	2	1	0	1	1	3	1	0	3	2	1	2	1	4	1	1	1	1	2	0	0	1	1	2	2	0	0	0	0	1	0	1	3	8	5	3	5	1	8	9	8	8	23	9	6	5	8	7	18	21	5	4	2	1	18	20	12	6	2	0	2	3	4	0	1	2	2	3	1	2	4	3	1	3	3	3	2	1	2	15	42	69	65	21	2	4	5	1	0	0	7	2	3	3	3	1	0	3	1	4	4	1	3	6	8	4	4	13	11	3	10	2	4	2	4	5	4	10	10	2	7	11	9	5	5	6	21	12	4	3	1	11	8	25	11	3	11	0
