0	0	0	0	0	0	0	0	0	0	0	0	0	0	0	0	0	0	0	0	0	0	0	0	0	0	0	0	0	0	0	0	0	0	0	0	0	0	0	0	0	0	0	0	0	0	0	0	0	0	0	0	0	0	0	0	0	0	0	0	0	0	0	0	0	0	0	0	0	0	0	0	0	0	0	0	0	0	0	0	0	0	0	0	0	0	0	0	0	0	0	0	0	0	0	0	0	0	0	0	0	0	0	0	0	0	0	0	0	0	0	0	0	0	0	0	0	0	0	0	0	0	0	0	0	0	0	0	0	0	0	0	0	0	0	0	0	0	0	0	0	0	0	0	0	0	0	0	0	0	0	0	0	0	0	0	0	0	0	0	0	0	0	0	0	0	0	0	0	0	0	0	0	0	0	0	0	0	0	0	0	0	0	0	0	0	0	0	0	0	0	0	0	0	0	0	0	0	0	0	0	0	0	0	0	0	0	0	0	0	0	0	0	0	0	0	0	0	0	0	0	0	0	0	0	0	0	0	0	0	0	0	0	0	0	0	0	0	0	0	0	0	0	0	0	0	0	0	0	0	0	0	0	0	0	0	0	0	0	0	0	0	0	0	0	0	0	0	0	0	0	0	0	0	0	0	0	0	0	0	0	0	0	0	0	0	0	0	0	0	0	0	0	0	0	0	0	0	0	0	0	0	0	0	0	0	0	0	0	0	0	0	0	0	0	0	0	0	0	0	0	0	0	0	0	0	0	0	0	0	0	0	0	0	0	0	0	0	0	0	0	0	0	0	0	0	0	0	0	0	0	0	0	0	0	0	0	0	0	0	0	0	0	0	0	0	0	0	0	0	0	0	0	0	0	0	0	0	0	0	0	0	0	0	0	0	0	0	0	0	0	0	0	0	0	0	0	0	0	0	0	0	0	0	0	0	0	0	0	0	0	0	0	0	0	0	0	0	0	0	0	0	0	0	0	0	0	0	0	0	0	0	0	0	0	0	0	0	0	0	0	0	0	0	0	0	0	0	0	0	0	0	0	0	0	0	0	0	0	0	0	0	0	0	0	0	0	0	0	0	0	0	0	0	0	0	0	0	0	0	0	0	0	0	0	0	0	0	0
0	0	0	0	0	0	0	0	0	0	0	0	0	0	0	0	0	0	0	0	0	0	0	0	0	0	0	0	0	0	0	0	0	0	0	0	0	0	0	0	0	0	0	0	0	0	0	0	0	0	0	0	0	0	0	0	0	0	0	0	0	0	0	0	0	0	0	0	0	0	0	0	0	0	0	0	0	0	0	0	0	0	0	0	0	0	0	0	0	0	0	0	0	0	0	0	0	0	0	0	0	0	0	0	0	0	0	0	0	0	0	0	0	0	0	0	0	0	0	0	0	0	0	0	0	0	0	0	0	0	0	0	0	0	0	0	0	0	0	0	0	0	0	0	0	0	0	0	0	0	0	0	0	0	0	0	0	0	0	0	0	0	0	0	0	0	0	0	0	0	0	0	0	0	0	0	0	0	0	0	0	0	0	0	0	0	0	0	0	0	0	0	0	0	0	0	0	0	0	0	0	0	0	0	0	0	0	0	0	0	0	0	0	0	0	0	0	0	0	0	0	0	0	0	0	0	0	0	0	0	0	0	0	0	0	0	0	0	0	0	0	0	0	0	0	0	0	0	0	0	0	0	0	0	0	0	0	0	0	0	0	0	0	0	0	0	0	0	0	0	0	0	0	0	0	0	0	0	0	0	0	0	0	0	0	0	0	0	0	0	0	0	0	0	0	0	0	0	0	0	0	0	0	0	0	0	0	0	0	0	0	0	0	0	0	0	0	0	0	0	0	0	0	0	0	0	0	0	0	0	0	0	0	0	0	0	0	0	0	0	0	0	0	0	0	0	0	0	0	0	0	0	0	0	0	0	0	0	0	0	0	0	0	0	0	0	0	0	0	0	0	0	0	0	0	0	0	0	0	0	0	0	0	0	0	0	0	0	0	0	0	0	0	0	0	0	0	0	0	0	0	0	0	0	0	0	0	0	0	0	0	0	0	0	0	0	0	0	0	0	0	0	0	0	0	0	0	0	0	0	0	0	0	0	0	0	0	0	0	0	0	0	0	0	0	0	0	0	0	0	0	0	0	0	0	0	0	0	0	0	0	0	0	0	0	0	0	0	0	0	0	0	0	0	0	0	0	0	0	0	0	0	0	0	0	0	0	0	0
0	0	0	0	0	0	0	0	0	0	0	0	0	0	0	0	0	0	0	0	0	0	0	0	0	0	0	0	0	0	0	0	0	0	0	0	0	0	0	0	0	0	0	0	0	0	0	0	0	0	0	0	0	0	0	0	0	0	0	0	0	0	0	0	0	0	0	0	0	0	0	0	0	0	0	0	0	0	0	0	0	0	0	0	0	0	0	0	0	0	0	0	0	0	0	0	0	0	0	0	0	0	0	0	0	0	0	0	0	0	0	0	0	0	0	0	0	0	0	0	0	0	0	0	0	0	0	0	0	0	0	0	0	0	0	0	0	0	0	0	0	0	0	0	0	0	0	0	0	0	0	0	0	0	0	0	0	0	0	0	0	0	0	0	0	0	0	0	0	0	0	0	0	0	0	0	0	0	0	0	0	0	0	0	0	0	0	0	0	0	0	0	0	0	0	0	0	0	0	0	0	0	0	0	0	0	0	0	0	0	0	0	0	0	0	0	0	0	0	0	0	0	0	0	0	0	0	0	0	0	0	0	0	0	0	0	0	0	0	0	0	0	0	0	0	0	0	0	0	0	0	0	0	0	0	0	0	0	0	0	0	0	0	0	0	0	0	0	0	0	0	0	0	0	0	0	0	0	0	0	0	0	0	0	0	0	0	0	0	0	0	0	0	0	0	0	0	0	0	0	0	0	0	0	0	0	0	0	0	0	0	0	0	0	0	0	0	0	0	0	0	0	0	0	0	0	0	0	0	0	0	0	0	0	0	0	0	0	0	0	0	0	0	0	0	0	0	0	0	0	0	0	0	0	0	0	0	0	0	0	0	0	0	0	0	0	0	0	0	0	0	0	0	0	0	0	0	0	0	0	0	0	0	0	0	0	0	0	0	0	0	0	0	0	0	0	0	0	0	0	0	0	0	0	0	0	0	0	0	0	0	0	0	0	0	0	0	0	0	0	0	0	0	0	0	0	0	0	0	0	0	0	0	0	0	0	0	0	0	0	0	0	0	0	0	0	0	0	0	0	0	0	0	0	0	0	0	0	0	0	0	0	0	0	0	0	0	0	0	0	0	0	0	0	0	0	0	0	0	0	0	0	0	0	0	0	0	0	0
0	0	0	0	0	0	0	0	0	0	0	0	0	0	0	0	0	0	0	0	0	0	0	0	0	0	0	0	0	0	0	0	0	0	0	0	0	0	0	0	0	0	0	0	0	0	0	0	0	0	0	0	0	0	0	0	0	0	0	0	0	0	0	0	0	0	0	0	0	0	0	0	0	0	0	0	0	0	0	0	0	0	0	0	0	0	0	0	0	0	0	0	0	0	0	0	0	0	0	0	0	0	0	0	0	0	0	0	0	0	0	0	0	0	0	0	0	0	0	0	0	0	0	0	0	0	0	0	0	0	0	0	0	0	0	0	0	0	0	0	0	0	0	0	0	0	0	0	0	0	0	0	0	0	0	0	0	0	0	0	0	0	0	0	0	0	0	0	0	0	0	0	0	0	0	0	0	0	0	0	0	0	0	0	0	0	0	0	0	0	0	0	0	0	0	0	0	0	0	0	0	0	0	0	0	0	0	0	0	0	0	0	0	0	0	0	0	0	0	0	0	0	0	0	0	0	0	0	0	0	0	0	0	0	0	0	0	0	0	0	0	0	0	0	0	0	0	0	0	0	0	0	0	0	0	0	0	0	0	0	0	0	0	0	0	0	0	0	0	0	0	0	0	0	0	0	0	0	0	0	0	0	0	0	0	0	0	0	0	0	0	0	0	0	0	0	0	0	0	0	0	0	0	0	0	0	0	0	0	0	0	0	0	0	0	0	0	0	0	0	0	0	0	0	0	0	0	0	0	0	0	0	0	0	0	0	0	0	0	0	0	0	0	0	0	0	0	0	0	0	0	0	0	0	0	0	0	0	0	0	0	0	0	0	0	0	0	0	0	0	0	0	0	0	0	0	0	0	0	0	0	0	0	0	0	0	0	0	0	0	0	0	0	0	0	0	0	0	0	0	0	0	0	0	0	0	0	0	0	0	0	0	0	0	0	0	0	0	0	0	0	0	0	0	0	0	0	0	0	0	0	0	0	0	0	0	0	0	0	0	0	0	0	0	0	0	0	0	0	0	0	0	0	0	0	0	0	0	0	0	0	0	0	0	0	0	0	0	0	0	0	0	0	0	0	0	0	0	0	0	0	0	0	0	0	0	0	0	0
0	0	0	0	0	0	0	0	0	0	0	0	0	0	0	0	0	0	0	0	0	0	0	0	0	0	0	0	0	0	0	0	0	0	0	0	0	0	0	0	0	0	0	0	0	0	0	0	0	0	0	0	0	0	0	0	0	0	0	0	0	0	0	0	0	0	0	0	0	0	0	0	0	0	0	0	0	0	0	0	0	0	0	0	0	0	0	0	0	0	0	0	0	0	0	0	0	0	0	0	0	0	0	0	0	0	0	0	0	0	0	0	0	0	0	0	0	0	0	0	0	0	0	0	0	0	0	0	0	0	0	0	0	0	0	0	0	0	0	0	0	0	0	0	0	0	0	0	0	0	0	0	0	0	0	0	0	0	0	0	0	0	0	0	0	0	0	0	0	0	0	0	0	0	0	0	0	0	0	0	0	0	0	0	0	0	0	0	0	0	0	0	0	0	0	0	0	0	0	0	0	0	0	0	0	0	0	0	0	0	0	0	0	0	0	0	0	0	0	0	0	0	0	0	0	0	0	0	0	0	0	0	0	0	0	0	0	0	0	0	0	0	0	0	0	0	0	0	0	0	0	0	0	0	0	0	0	0	0	0	0	0	0	0	0	0	0	0	0	0	0	0	0	0	0	0	0	0	0	0	0	0	0	0	0	0	0	0	0	0	0	0	0	0	0	0	0	0	0	0	0	0	0	0	0	0	0	0	0	0	0	0	0	0	0	0	0	0	0	0	0	0	0	0	0	0	0	0	0	0	0	0	0	0	0	0	0	0	0	0	0	0	0	0	0	0	0	0	0	0	0	0	0	0	0	0	0	0	0	0	0	0	0	0	0	0	0	0	0	0	0	0	0	0	0	0	0	0	0	0	0	0	0	0	0	0	0	0	0	0	0	0	0	0	0	0	0	0	0	0	0	0	0	0	0	0	0	0	0	0	0	0	0	0	0	0	0	0	0	0	0	0	0	0	0	0	0	0	0	0	0	0	0	0	0	0	0	0	0	0	0	0	0	0	0	0	0	0	0	0	0	0	0	0	0	0	0	0	0	0	0	0	0	0	0	0	0	0	0	0	0	0	0	0	0	0	0	0	0	0	0	0	0	0	0	0	0	0	0
0	0	0	0	0	0	0	0	0	0	0	0	0	0	0	0	0	0	0	0	0	0	0	0	0	0	0	0	0	0	0	0	0	0	0	0	0	0	0	0	0	0	0	0	0	0	0	0	0	0	0	0	0	0	0	0	0	0	0	0	0	0	0	0	0	0	0	0	0	0	0	0	0	0	0	0	0	0	0	0	0	0	0	0	0	0	0	0	0	0	0	0	0	0	0	0	0	0	0	0	0	0	0	0	0	0	0	0	0	0	0	0	0	0	0	0	0	0	0	0	0	0	0	0	0	0	0	0	0	0	0	0	0	0	0	0	0	0	0	0	0	0	0	0	0	0	0	0	0	0	0	0	0	0	0	0	0	0	0	0	0	0	0	0	0	0	0	0	0	0	0	0	0	0	0	0	0	0	0	0	0	0	0	0	0	0	0	0	0	0	0	0	0	0	0	0	0	0	0	0	0	0	0	0	0	0	0	0	0	0	0	0	0	0	0	0	0	0	0	0	0	0	0	0	0	0	0	0	0	0	0	0	0	0	0	0	0	0	0	0	0	0	0	0	0	0	0	0	0	0	0	0	0	0	0	0	0	0	0	0	0	0	0	0	0	0	0	0	0	0	0	0	0	0	0	0	0	0	0	0	0	0	0	0	0	0	0	0	0	0	0	0	0	0	0	0	0	0	0	0	0	0	0	0	0	0	0	0	0	0	0	0	0	0	0	0	0	0	0	0	0	0	0	0	0	0	0	0	0	0	0	0	0	0	0	0	0	0	0	0	0	0	0	0	0	0	0	0	0	0	0	0	0	0	0	0	0	0	0	0	0	0	0	0	0	0	0	0	0	0	0	0	0	0	0	0	0	0	0	0	0	0	0	0	0	0	0	0	0	0	0	0	0	0	0	0	0	0	0	0	0	0	0	0	0	0	0	0	0	0	0	0	0	0	0	0	0	0	0	0	0	0	0	0	0	0	0	0	0	0	0	0	0	0	0	0	0	0	0	0	0	0	0	0	0	0	0	0	0	0	0	0	0	0	0	0	0	0	0	0	0	0	0	0	0	0	0	0	0	0	0	0	0	0	0	0	0	0	0	0	0	0	0	0	0	0	0	0	0
0	0	0	0	0	0	0	0	0	0	0	0	0	0	0	0	0	0	0	0	0	0	0	0	0	0	0	0	0	0	0	0	0	0	0	0	0	0	0	0	0	0	0	0	0	0	0	0	0	0	0	0	0	0	0	0	0	0	0	0	0	0	0	0	0	0	0	0	0	0	0	0	0	0	0	0	0	0	0	0	0	0	0	0	0	0	0	0	0	0	0	0	0	0	0	0	0	0	0	0	0	0	0	0	0	0	0	0	0	0	0	0	0	0	0	0	0	0	0	0	0	0	0	0	0	0	0	0	0	0	0	0	0	0	0	0	0	0	0	0	0	0	0	0	0	0	0	0	0	0	0	0	0	0	0	0	0	0	0	0	0	0	0	0	0	0	0	0	0	0	0	0	0	0	0	0	0	0	0	0	0	0	0	0	0	0	0	0	0	0	0	0	0	0	0	0	0	0	0	0	0	0	0	0	0	0	0	0	0	0	0	0	0	0	0	0	0	0	0	0	0	0	0	0	0	0	0	0	0	0	0	0	0	0	0	0	0	0	0	0	0	0	0	0	0	0	0	0	0	0	0	0	0	0	0	0	0	0	0	0	0	0	0	0	0	0	0	0	0	0	0	0	0	0	0	0	0	0	0	0	0	0	0	0	0	0	0	0	0	0	0	0	0	0	0	0	0	0	0	0	0	0	0	0	0	0	0	0	0	0	0	0	0	0	0	0	0	0	0	0	0	0	0	0	0	0	0	0	0	0	0	0	0	0	0	0	0	0	0	0	0	0	0	0	0	0	0	0	0	0	0	0	0	0	0	0	0	0	0	0	0	0	0	0	0	0	0	0	0	0	0	0	0	0	0	0	0	0	0	0	0	0	0	0	0	0	0	0	0	0	0	0	0	0	0	0	0	0	0	0	0	0	0	0	0	0	0	0	0	0	0	0	0	0	0	0	0	0	0	0	0	0	0	0	0	0	0	0	0	0	0	0	0	0	0	0	0	0	0	0	0	0	0	0	0	0	0	0	0	0	0	0	0	0	0	0	0	0	0	0	0	0	0	0	0	0	0	0	0	0	0	0	0	0	0	0	0	0	0	0	0	0	0	0	0	0	0	0	0
0	0	0	0	0	0	0	0	23	7	4	6	2	4	3	5	10	6	3	2	1	3	0	0	0	1	1	1	0	1	1	2	1	0	0	0	1	0	1	2	0	0	0	0	0	2	0	0	0	2	0	0	1	0	0	1	1	1	1	5	4	1	2	2	1	4	4	0	1	2	3	0	1	1	1	0	2	1	0	0	1	0	1	0	1	0	1	0	0	1	1	1	0	0	1	0	0	0	0	0	0	0	0	0	1	0	2	1	0	0	0	0	0	0	0	1	0	0	1	0	0	0	0	0	0	1	1	1	0	0	1	1	1	0	1	0	0	0	1	0	0	0	0	0	0	0	1	0	0	0	0	0	0	1	0	0	0	0	0	0	0	0	0	0	1	0	0	0	0	0	0	1	1	2	0	1	0	0	0	0	0	0	0	0	0	0	0	0	1	0	0	1	0	0	0	0	0	1	0	0	0	0	0	1	0	1	0	2	0	0	0	1	0	0	0	0	0	0	1	0	0	1	0	0	0	0	0	0	0	1	0	2	0	0	0	0	0	0	0	0	0	0	0	0	0	0	0	0	0	0	1	0	1	0	0	0	1	0	1	0	2	1	0	0	0	0	0	0	1	0	0	0	0	0	1	0	1	0	1	0	0	0	1	0	0	0	0	0	0	0	0	1	0	0	0	1	0	1	0	0	0	0	1	0	0	0	0	0	0	0	0	0	0	0	0	0	0	0	0	1	0	0	0	1	0	0	0	0	0	0	0	0	0	0	1	0	0	0	0	0	0	0	1	0	0	0	2	0	0	0	1	0	0	0	0	0	0	0	1	1	0	0	0	1	0	0	0	0	0	1	2	0	0	0	0	0	0	0	0	1	0	0	0	0	0	0	0	0	0	0	0	0	0	0	0	1	0	0	0	0	0	0	0	1	0	0	0	0	0	1	0	0	0	0	0	0	0	0	0	0	0	0	0	1	0	1	1	0	0	0	0	0	0	0	0	0	0	0	0	0	0	0	1	1	1	0	0	0	0	0	1	0	0	0	0	0	1	0	0	0	1	0	0	0	0	0	0	1	0	0	0	0	0	0	0	0	0	0	0	1	1	0	0	0	0	0	0	0	0
0	0	0	0	0	0	0	23	0	26	24	4	7	4	3	12	5	4	2	0	0	3	1	1	1	0	2	0	0	0	5	0	2	2	3	2	2	2	2	0	1	0	0	0	0	0	0	1	0	2	0	2	0	0	0	0	1	1	4	3	5	4	2	3	2	5	2	0	0	0	2	2	0	0	0	1	1	2	0	0	0	1	0	1	1	0	1	2	0	0	1	1	1	0	1	0	1	1	0	1	1	0	0	0	1	1	0	0	0	1	1	0	0	1	0	1	1	0	0	0	1	1	1	0	0	1	0	0	0	0	0	0	0	0	0	0	0	0	0	0	0	0	1	1	0	0	0	0	0	0	0	0	0	0	1	1	0	0	0	2	0	0	1	0	0	0	0	0	1	0	0	0	1	1	1	1	0	0	0	0	0	0	0	0	0	1	0	0	1	1	0	0	0	0	0	2	0	0	0	0	0	0	0	1	2	1	0	0	0	0	1	0	0	0	0	1	0	0	0	0	0	1	0	0	0	0	0	0	0	0	0	1	0	0	0	0	0	0	0	0	0	0	0	0	0	0	0	0	1	1	1	2	0	0	0	0	0	0	0	1	0	0	1	1	1	0	1	0	0	1	0	0	0	0	0	0	0	0	0	0	0	0	0	0	0	0	1	0	1	0	0	1	0	1	0	0	0	0	0	0	0	0	0	0	0	0	0	0	0	0	0	0	1	0	1	1	0	0	0	0	0	1	0	0	0	0	0	0	0	1	0	0	0	2	0	0	0	0	0	0	0	0	1	0	0	0	0	0	0	1	0	0	0	0	0	0	0	0	0	0	0	0	0	0	0	0	0	0	0	0	0	0	0	0	0	0	0	1	0	1	0	0	0	0	0	0	0	0	0	1	0	0	0	0	0	0	0	0	0	0	0	0	0	1	1	0	0	0	0	0	2	1	0	0	0	0	0	0	0	0	0	0	0	0	0	0	0	0	0	0	0	0	0	0	0	0	0	1	0	0	0	0	0	0	0	0	0	0	0	0	1	0	0	0	0	1	0	0	0	0	0	0	0	0	0	0	0	0	0	0	0	0	0	0	0	0	0	0	0	0	1	1	0	0	0	0	0	0	0
0	0	0	0	0	0	0	7	26	0	37	19	14	18	7	16	5	2	0	1	1	0	0	0	0	1	1	0	2	2	3	7	3	2	2	1	3	3	1	0	1	0	0	1	0	0	1	0	0	0	3	0	0	0	1	1	0	1	4	8	8	7	2	3	8	3	4	1	0	2	2	2	0	0	2	3	3	0	0	0	1	1	0	0	1	1	2	0	0	1	0	0	0	1	1	3	1	1	0	1	0	1	0	0	1	0	0	0	0	0	0	1	0	2	1	0	0	0	0	0	1	0	0	1	1	0	0	1	0	1	0	0	0	0	0	1	0	0	0	0	0	0	0	0	0	1	0	0	0	0	1	0	0	1	0	1	0	0	0	1	0	0	0	1	0	0	1	1	0	0	0	0	1	0	0	0	0	0	0	0	0	0	0	0	0	0	0	0	0	0	0	0	0	0	0	0	0	1	0	1	1	0	0	2	0	0	1	1	1	1	0	2	0	0	0	1	0	1	0	0	2	0	0	0	0	0	0	0	0	0	0	0	1	1	1	0	0	0	0	0	0	0	0	0	0	1	1	1	0	1	0	0	0	1	0	0	0	1	1	2	1	1	0	0	0	0	0	0	1	1	0	1	0	0	0	0	0	0	0	1	0	0	0	0	0	0	0	0	1	0	0	0	0	0	0	0	0	0	0	0	0	1	0	0	0	0	0	0	0	0	0	0	0	0	0	0	0	0	0	0	0	0	0	0	0	0	0	0	1	0	0	0	1	0	0	0	0	0	0	0	1	0	0	0	1	0	2	1	0	1	0	0	0	0	0	0	0	0	0	0	0	0	0	1	0	0	0	0	0	0	0	0	0	0	0	0	0	0	0	0	0	0	0	0	0	0	0	1	0	0	0	0	0	0	0	0	0	0	0	0	0	0	0	0	0	0	0	0	1	0	0	1	0	1	0	1	0	0	1	1	0	0	0	0	0	0	0	1	0	0	0	0	0	0	0	0	0	0	1	0	0	0	0	0	0	0	0	0	0	0	0	0	0	0	0	0	0	0	0	0	0	0	0	0	0	0	0	0	0	1	0	1	0	0	0	0	0	0	0	1	0	0	2	0	0	0	0	0	0
0	0	0	0	0	0	0	4	24	37	0	27	10	10	10	9	9	1	3	2	0	1	1	0	0	0	1	0	1	0	1	0	1	2	1	5	4	7	3	0	1	1	1	0	0	0	0	0	0	0	0	0	0	0	1	3	1	3	3	7	14	11	8	6	6	6	5	2	2	0	1	4	0	0	5	3	2	0	1	0	1	1	0	2	1	2	0	0	0	0	2	0	0	0	1	0	1	0	0	0	1	0	0	0	1	1	0	0	2	0	0	0	0	2	0	0	0	0	0	1	0	0	0	2	1	0	0	1	0	0	0	1	1	0	0	0	0	0	0	0	1	0	0	1	1	0	0	0	0	0	0	0	0	0	0	1	0	0	1	0	0	0	0	0	0	0	0	0	0	0	1	0	0	0	1	0	0	1	0	0	0	0	0	0	0	0	0	0	0	0	0	0	0	0	0	1	0	0	0	0	1	0	1	1	0	1	1	0	1	0	0	0	1	0	0	0	0	0	0	0	0	0	0	0	0	0	0	0	1	0	0	0	0	0	0	0	0	0	0	0	0	0	0	0	1	0	0	0	0	1	1	1	0	0	0	1	0	0	2	0	0	0	0	0	1	0	0	0	0	0	0	0	0	1	0	0	1	0	0	0	0	0	1	0	0	0	0	0	0	0	0	1	0	0	0	0	0	0	0	0	0	1	0	0	0	0	0	0	0	0	0	0	1	0	1	0	0	0	0	0	0	0	1	0	0	0	0	0	0	0	0	0	0	0	1	0	0	1	0	0	1	2	0	1	0	1	1	2	0	0	0	0	0	0	1	0	0	0	0	1	0	1	0	1	0	0	0	0	0	1	0	0	0	0	0	0	0	0	0	0	1	0	0	0	0	0	0	0	0	0	0	0	0	1	0	1	0	0	0	0	0	0	0	0	0	0	0	0	0	0	0	0	0	0	0	0	0	1	0	1	0	0	0	0	0	0	0	0	0	0	0	1	0	0	0	0	0	0	0	0	0	0	0	1	0	0	0	0	0	0	0	0	0	0	0	0	0	0	0	0	0	0	0	0	0	0	0	0	0	0	0	0	0	0	0	0	0	0	0	0	0	0	0	0	1	1	0	0	0
0	0	0	0	0	0	0	6	4	19	27	0	27	8	7	5	1	2	2	0	0	0	0	1	0	1	1	0	0	0	1	1	0	2	2	0	5	4	2	0	0	0	1	0	1	2	1	2	0	0	1	1	1	3	2	3	1	2	3	3	5	5	1	1	1	1	3	4	1	1	0	0	0	0	1	1	1	0	1	0	2	2	1	2	1	0	0	0	0	0	1	1	0	0	0	0	2	2	0	0	0	0	0	1	0	0	0	2	0	0	1	0	0	0	0	0	0	0	1	0	0	0	1	0	1	1	1	1	0	0	0	1	0	0	0	0	0	0	0	0	0	0	0	0	0	0	0	0	0	1	0	0	0	0	1	0	0	0	0	0	0	0	0	0	1	1	0	0	0	0	1	0	1	1	0	2	0	1	0	1	0	0	0	1	0	0	1	1	0	0	0	0	1	0	0	0	0	0	0	1	1	1	0	0	1	0	0	0	1	0	0	0	1	0	0	0	1	0	1	0	0	0	1	0	0	0	0	0	0	0	0	2	0	0	0	0	0	0	0	0	0	0	0	0	0	0	0	0	0	0	0	0	0	0	0	0	0	1	1	0	0	0	2	1	0	0	0	1	0	0	0	0	0	0	0	0	0	0	0	1	0	0	0	0	0	1	0	0	0	0	0	0	0	0	0	0	0	0	0	1	0	0	0	0	0	0	0	0	0	0	0	0	0	0	0	1	1	0	0	1	0	0	0	0	0	0	0	0	0	2	0	0	0	0	0	0	0	0	0	0	0	2	0	0	1	0	0	0	1	0	0	0	0	0	0	0	0	0	0	1	0	0	0	0	0	0	0	0	0	0	0	0	0	0	0	0	0	0	0	0	0	0	0	0	0	1	0	0	0	0	0	1	0	0	0	0	0	0	0	0	0	1	0	0	0	0	0	1	0	1	1	0	0	0	0	1	0	1	0	0	0	1	0	0	0	0	1	0	0	0	0	0	0	0	0	0	0	0	0	0	0	0	0	0	0	0	1	0	0	0	0	1	0	0	0	0	0	0	0	0	0	0	0	0	0	0	0	0	0	0	0	0	0	0	0	0	0	0	0	0	0	0	1	0	1	0	0	0	0
0	0	0	0	0	0	0	2	7	14	10	27	0	35	2	5	4	2	0	1	0	0	0	0	1	0	1	1	0	2	1	4	2	1	2	1	0	4	5	0	0	2	0	0	0	2	0	0	0	0	1	0	0	2	0	1	0	2	3	1	2	3	2	2	2	4	3	1	1	3	1	3	0	0	1	2	1	0	1	0	1	1	0	1	2	1	0	1	1	0	0	0	0	3	2	1	0	2	0	1	0	0	0	0	0	0	0	1	0	0	0	0	1	0	0	0	0	0	0	1	0	1	0	0	2	0	1	1	1	1	0	0	0	0	0	0	0	0	0	0	0	0	0	1	0	0	0	0	0	0	0	0	0	0	0	1	0	0	1	0	0	0	0	0	0	0	0	0	0	0	0	0	1	0	0	0	0	0	0	0	0	0	1	0	0	0	0	0	0	1	0	0	0	1	0	0	0	0	1	1	1	1	1	0	0	1	1	0	0	0	0	1	0	0	0	0	1	0	0	0	0	0	0	0	0	0	0	0	0	0	0	0	0	2	0	0	0	0	0	0	0	0	0	0	1	0	0	0	0	0	0	0	0	1	0	0	0	0	0	2	0	0	0	0	1	0	0	1	0	0	0	0	0	0	2	0	0	0	0	0	0	0	0	0	0	0	0	0	0	0	0	0	0	0	1	0	0	0	0	0	0	1	0	0	0	0	0	0	0	0	0	0	0	0	0	0	0	0	0	0	0	0	0	0	0	1	1	1	0	0	0	0	0	0	2	0	0	0	0	0	0	0	0	0	0	0	0	0	0	0	0	0	0	0	0	0	0	0	0	0	0	1	0	0	0	0	0	0	0	0	0	0	0	0	0	0	0	2	2	1	0	0	0	0	0	0	0	0	0	0	0	0	0	1	0	0	0	0	0	0	0	0	1	0	0	0	0	0	0	0	0	0	0	0	0	0	0	0	0	0	0	0	0	0	0	0	1	0	1	0	0	0	0	0	0	0	0	0	0	0	0	0	0	0	0	0	0	0	0	0	0	0	0	0	0	0	0	0	0	0	0	0	0	0	0	1	0	0	0	0	0	0	0	1	1	0	0	0	0	0	0	0	0	0	0	0	0	0	0
0	0	0	0	0	0	0	4	4	18	10	8	35	0	19	7	3	2	3	1	2	0	2	0	2	2	2	0	3	2	2	5	1	3	1	2	2	5	3	4	0	0	2	2	0	1	1	0	0	3	1	0	0	0	1	0	2	2	5	3	3	5	3	2	5	2	4	6	4	1	3	0	0	2	3	3	1	0	3	1	1	0	1	2	1	1	1	0	0	2	1	1	0	0	1	2	0	0	0	1	0	0	0	1	1	0	0	0	0	0	0	0	0	0	0	0	0	0	0	0	1	0	0	1	0	2	1	0	0	0	0	0	0	0	0	0	0	0	0	0	0	1	0	0	0	0	0	0	0	0	0	1	0	0	0	0	0	2	2	0	0	0	0	0	0	0	0	0	0	1	0	0	0	0	0	0	0	0	0	1	0	0	0	0	0	0	0	0	0	0	0	0	1	0	0	0	1	0	0	1	0	1	1	0	0	0	1	1	0	1	0	0	2	1	0	0	1	0	0	0	0	0	1	0	0	0	0	0	0	0	0	0	0	0	0	0	1	0	0	0	2	0	0	0	0	1	1	0	0	0	1	0	1	1	0	0	0	0	2	0	0	0	1	0	0	0	0	0	0	0	0	0	0	0	0	1	0	0	0	0	0	0	0	1	0	0	0	0	0	0	0	0	0	1	0	0	0	0	0	1	0	0	0	0	0	0	1	0	0	0	1	0	0	1	0	0	0	0	1	0	1	1	0	0	0	0	0	0	0	0	0	0	0	2	0	1	0	0	0	0	1	0	0	0	1	0	0	1	0	0	0	0	1	0	0	0	0	0	0	0	0	0	0	0	0	0	0	0	0	1	0	0	0	0	0	0	0	0	0	0	0	0	1	0	0	1	1	0	0	0	0	0	0	0	0	0	0	0	0	0	0	0	0	0	1	0	0	0	1	0	0	0	0	1	0	0	1	0	0	1	0	0	0	0	1	0	0	0	0	1	0	0	0	1	0	0	0	0	1	0	0	0	0	0	1	0	0	0	0	0	0	0	0	0	0	0	0	0	0	0	0	0	0	0	0	0	0	0	0	0	0	0	0	0	1	0	0	0	0	0	1	0	0	0	0	0	0	0	0
0	0	0	0	0	0	0	3	3	7	10	7	2	19	0	33	8	6	3	2	1	2	1	0	0	0	3	4	2	0	9	16	8	1	3	12	5	6	5	3	3	1	1	2	1	0	0	2	2	1	0	0	1	1	0	0	0	1	2	3	10	16	9	11	3	8	5	5	7	2	5	5	0	3	4	4	1	1	0	1	3	2	1	1	2	2	2	0	0	0	1	1	0	2	1	1	0	1	0	0	2	1	1	0	0	0	0	2	0	0	1	0	1	0	0	0	0	0	1	0	2	1	0	1	2	0	0	1	0	2	0	1	0	1	0	0	0	0	0	0	0	0	0	0	0	0	1	0	0	0	1	0	0	1	0	0	0	0	0	0	0	0	0	0	0	1	1	1	0	0	0	0	1	1	0	0	0	2	0	0	0	0	0	0	0	0	0	0	0	1	0	0	0	0	0	1	1	0	0	0	0	1	0	0	0	0	0	1	0	0	0	1	0	2	0	0	0	0	0	0	0	0	1	0	1	0	0	0	0	0	0	0	0	0	1	0	0	0	0	0	0	0	0	0	0	0	0	0	1	0	0	0	2	1	0	0	1	0	0	0	0	0	0	1	0	1	0	0	0	0	0	1	1	0	0	1	1	0	0	0	1	0	0	0	0	0	0	0	0	0	1	0	0	0	0	0	0	0	0	0	0	0	1	0	0	0	0	0	0	0	0	0	0	0	0	0	0	0	0	0	0	2	0	3	0	0	0	1	1	0	0	0	2	0	0	0	1	2	0	0	0	1	0	0	0	1	0	1	0	0	0	1	0	2	0	0	0	0	0	1	1	0	1	1	1	0	0	0	0	0	0	1	0	0	0	0	0	0	1	1	1	1	2	1	0	1	1	1	0	0	0	0	0	0	0	1	0	0	0	0	0	0	0	0	1	0	1	0	0	0	0	0	0	0	0	0	0	0	1	0	0	1	1	0	2	0	0	0	0	0	0	0	0	0	0	0	0	0	0	0	0	0	0	0	0	0	0	1	0	0	1	0	0	0	0	0	0	0	0	0	0	1	0	0	1	0	0	0	1	0	0	0	0	0	0	0	0	0	0	0	0	0	0	0	0	0	0	0	0
0	0	0	0	0	0	0	5	12	16	9	5	5	7	33	0	21	12	4	2	2	1	2	1	5	1	1	0	1	1	7	10	5	3	4	4	7	10	2	7	3	1	0	1	2	2	0	0	1	1	1	0	4	2	3	1	1	1	1	5	7	4	16	17	6	11	8	2	7	4	3	3	3	2	5	0	3	1	7	0	2	1	0	2	1	1	1	1	0	0	0	1	0	0	1	0	1	0	0	1	2	0	1	0	2	0	0	0	1	1	0	0	0	0	2	0	2	0	0	0	1	1	0	0	1	0	2	2	0	0	1	0	1	1	0	0	1	0	0	0	1	0	0	0	1	0	0	0	0	1	0	0	0	0	1	0	0	2	0	0	0	0	0	2	0	1	0	0	0	0	0	1	2	1	1	1	0	1	0	1	1	0	0	0	0	0	0	0	0	0	0	0	0	0	0	0	0	0	0	0	0	2	1	1	0	3	1	1	0	0	0	1	2	1	1	0	1	0	0	0	0	1	0	0	0	1	0	1	0	0	0	1	0	0	0	0	0	0	0	1	0	0	0	0	0	0	1	0	0	1	0	0	0	0	1	1	0	1	0	0	0	0	0	0	0	1	1	0	0	0	0	0	0	0	0	0	0	0	1	1	0	0	0	0	0	0	1	0	0	0	0	1	1	0	0	0	0	0	1	0	0	0	0	1	0	0	0	0	0	0	0	1	0	0	0	0	0	0	0	0	0	0	0	0	0	0	0	0	0	1	0	0	0	0	0	0	0	0	0	0	1	0	0	0	0	0	0	0	0	0	0	1	1	0	0	0	0	0	0	1	0	0	0	0	2	0	0	0	0	1	0	1	0	0	0	1	1	0	0	0	0	1	1	0	1	0	0	0	0	0	0	0	0	0	0	0	0	0	0	0	0	0	0	0	0	0	1	0	0	0	0	0	0	0	0	0	0	0	0	0	1	0	1	0	1	0	0	0	0	0	0	1	0	0	0	1	0	1	0	0	1	0	0	0	0	0	0	0	1	0	0	1	0	0	0	0	0	0	0	1	1	0	0	0	0	0	0	1	0	0	0	0	0	0	0	0	0	0	0	0	0	0	1	0	0	0	0	0	0
0	0	0	0	0	0	0	10	5	5	9	1	4	3	8	21	0	16	6	3	3	0	2	1	0	1	1	2	4	1	3	11	2	0	3	5	2	6	4	0	8	4	1	0	2	2	0	1	1	2	0	1	0	1	2	4	0	2	1	2	8	9	19	23	24	41	14	1	6	5	9	12	2	2	1	4	2	1	1	4	2	4	1	2	2	2	1	0	0	1	3	0	0	0	0	0	0	3	0	1	0	2	0	0	0	0	3	0	0	0	0	0	0	0	2	0	0	0	0	1	0	0	0	1	1	1	0	1	1	1	0	0	0	0	0	0	0	0	1	0	0	2	1	0	0	1	0	0	0	1	0	0	0	0	0	1	0	0	1	0	0	0	1	2	0	0	2	0	0	0	0	1	0	0	0	1	1	1	0	1	0	0	0	0	0	0	0	1	0	0	0	0	0	0	0	0	0	0	2	0	0	2	1	3	0	1	1	1	2	0	2	0	0	0	0	0	0	1	1	0	0	0	0	0	1	0	0	0	0	0	1	0	0	0	1	1	0	0	0	0	2	0	0	0	0	0	0	1	0	0	0	0	0	0	0	0	1	3	0	1	1	0	0	1	0	0	0	0	0	0	0	0	0	0	0	1	0	1	0	0	0	0	0	0	0	0	0	0	0	1	0	0	0	0	0	0	0	0	0	1	2	1	0	0	0	0	0	0	0	0	0	0	1	1	0	0	1	0	0	0	0	0	0	1	1	0	0	0	0	0	0	0	1	0	0	0	0	2	0	0	0	1	0	1	1	0	0	0	0	0	0	0	0	0	0	1	0	1	1	0	0	0	0	0	0	0	1	0	0	0	1	0	0	1	1	0	0	0	0	0	1	1	0	0	0	0	1	0	0	0	0	0	0	0	1	1	0	0	0	0	0	0	0	1	1	0	1	0	0	0	0	0	0	0	0	2	1	0	0	1	0	0	1	0	0	1	0	1	0	1	0	0	0	0	0	0	0	0	1	0	0	0	0	0	0	0	0	1	0	0	0	0	1	0	0	0	0	0	0	0	0	0	0	0	0	0	1	0	0	0	0	0	0	0	0	0	0	0	1	0	0	1	0	0	0	0	0	1	0
0	0	0	0	0	0	0	6	4	2	1	2	2	2	6	12	16	0	29	5	2	4	1	3	0	3	2	2	1	2	4	4	1	1	2	1	2	5	0	4	1	2	2	1	3	1	1	4	0	2	0	1	0	1	1	0	0	0	3	4	5	6	8	7	23	17	7	4	5	6	12	9	1	1	1	4	2	2	0	3	1	3	3	2	2	4	0	0	3	0	0	2	2	1	0	1	1	4	1	2	0	0	0	0	1	0	2	0	0	1	0	2	0	0	0	1	0	0	1	1	1	3	1	0	1	1	1	0	0	1	1	0	0	1	0	0	0	0	1	0	0	0	0	0	0	0	0	0	0	0	0	0	1	0	0	0	0	0	0	0	0	0	0	2	0	0	0	0	0	1	1	0	0	1	0	0	0	1	1	1	0	0	0	0	0	0	0	0	0	0	1	0	0	0	1	1	0	0	1	2	0	2	0	1	0	0	0	2	3	1	0	0	1	1	1	0	0	1	0	0	0	0	1	0	0	0	0	1	1	0	0	0	0	1	0	0	0	0	2	0	0	0	0	0	0	1	0	2	0	0	0	0	1	0	0	0	2	1	0	1	3	0	1	0	2	0	1	0	0	0	0	0	0	0	0	0	0	0	0	0	0	1	0	2	0	0	0	0	0	2	0	0	0	0	0	0	0	0	0	0	0	0	0	0	0	0	0	0	0	0	1	0	1	0	0	0	0	1	1	0	1	0	0	1	0	0	0	1	0	0	0	1	0	0	0	0	1	0	1	0	0	2	0	1	0	1	0	2	0	0	0	0	1	1	0	0	1	0	0	0	0	1	1	0	0	0	0	0	0	0	1	0	1	0	1	1	0	0	0	0	1	0	0	0	0	0	1	0	0	0	0	0	0	0	0	0	0	1	0	0	0	1	0	0	0	1	0	0	0	0	0	0	0	2	0	0	0	0	0	0	0	2	0	0	0	0	0	0	0	0	0	0	0	0	0	0	0	0	0	1	0	0	0	1	0	0	0	1	0	0	0	0	0	0	0	0	0	0	0	0	0	0	1	0	1	0	0	0	1	0	1	0	0	0	0	1	0	0	0	1	0	0	0	0	0	0	0	0	0
0	0	0	0	0	0	0	3	2	0	3	2	0	3	3	4	6	29	0	15	7	2	0	3	3	2	7	3	2	3	6	7	3	1	0	2	1	6	1	3	0	1	3	2	2	1	1	6	1	3	2	1	1	1	0	2	1	1	1	0	1	9	15	13	16	10	3	3	6	3	18	9	5	1	2	2	1	1	3	1	3	2	5	2	2	0	1	0	2	1	0	4	0	2	1	1	1	2	1	0	2	0	1	0	0	1	1	0	0	1	0	0	0	0	0	0	0	1	2	1	3	2	3	2	0	1	3	3	1	0	3	0	3	0	2	0	1	0	0	0	0	1	0	0	0	0	0	0	1	0	0	0	1	0	1	1	1	0	1	0	0	0	0	2	1	4	1	0	1	1	1	2	0	0	3	4	1	1	0	0	1	0	0	0	0	0	0	0	0	0	1	1	0	1	0	1	0	1	0	0	0	2	2	2	2	1	2	1	1	0	0	1	0	1	0	0	2	0	1	0	0	0	1	0	0	1	0	0	0	1	0	0	0	0	0	1	0	0	0	0	0	0	0	0	2	0	0	0	2	0	1	0	0	1	1	1	0	0	2	1	0	1	0	0	1	0	0	1	0	1	1	1	0	0	0	0	2	0	0	1	0	0	1	0	2	0	0	0	0	0	0	0	1	0	0	1	0	0	0	1	1	0	0	0	1	0	0	0	0	0	2	0	1	1	0	1	0	0	0	1	1	0	1	0	0	0	2	0	1	0	0	0	0	0	0	0	1	1	0	0	0	0	0	0	1	0	0	0	1	0	0	0	0	0	0	0	0	0	0	0	0	0	0	0	0	0	0	0	0	0	0	1	0	0	0	0	0	0	0	0	1	1	0	0	0	0	2	0	0	0	0	0	0	0	0	1	0	0	0	0	0	0	0	0	0	0	0	0	1	0	1	1	0	0	0	0	1	0	1	0	1	0	0	1	0	0	0	0	0	0	0	0	0	0	0	0	0	2	0	0	1	0	0	0	0	0	0	0	0	0	0	0	0	0	0	0	0	1	0	0	0	0	0	0	1	0	0	0	1	0	0	0	0	0	0	0	0	0	0	0	0	0	1	0	0	0	0	0	0
0	0	0	0	0	0	0	2	0	1	2	0	1	1	2	2	3	5	15	0	23	11	9	8	5	4	11	9	9	3	6	6	0	0	2	1	1	1	1	4	3	1	6	0	5	3	3	10	7	3	2	2	3	0	2	2	3	1	3	1	1	1	4	3	6	7	4	4	3	8	14	4	4	2	2	2	1	3	0	2	5	9	3	3	2	0	1	0	3	1	0	3	2	1	1	5	1	6	1	1	4	1	0	0	0	1	0	0	0	2	3	1	0	1	0	1	1	0	0	2	3	3	1	2	1	1	6	2	1	2	4	1	2	0	1	1	1	0	0	0	0	0	0	0	1	0	0	0	0	0	0	1	1	0	0	0	1	1	0	1	0	0	0	0	1	0	0	1	0	4	1	2	0	2	2	0	3	3	0	0	0	1	0	3	1	1	0	2	2	0	1	0	1	0	0	1	0	0	1	1	2	3	3	1	2	2	1	1	0	2	2	2	0	0	0	0	0	0	1	1	1	1	1	0	0	0	0	0	0	0	0	0	0	0	0	1	0	0	0	0	0	0	0	0	0	0	0	0	1	0	0	0	0	0	0	0	1	0	2	3	0	2	1	0	1	2	0	0	1	1	0	0	0	0	0	0	0	0	0	0	1	1	0	0	1	0	3	1	0	1	0	0	0	0	1	0	0	0	1	0	1	0	0	0	0	0	0	0	1	1	0	0	0	1	3	0	1	1	0	2	0	1	0	0	0	0	0	0	1	0	0	0	0	0	1	0	1	1	0	1	0	0	1	1	0	0	0	0	1	2	2	0	0	0	0	0	0	0	0	0	1	0	0	1	0	1	1	1	0	1	0	0	0	0	0	0	0	0	0	1	0	0	0	0	0	0	0	0	1	0	0	0	0	0	1	0	0	0	0	0	0	0	1	0	0	1	0	0	0	0	0	0	0	1	1	0	0	0	0	0	0	0	1	0	0	0	0	1	0	1	1	0	0	1	1	0	0	0	0	0	0	0	1	0	0	0	0	1	0	1	0	2	0	1	0	0	0	0	0	0	0	0	0	1	0	0	0	0	0	0	0	0	0	0	0	0	0	0	0	2	1	0	0	0	0	1	0	1	0
0	0	0	0	0	0	0	1	0	1	0	0	0	2	1	2	3	2	7	23	0	40	11	2	8	5	4	4	4	3	3	2	1	0	0	0	1	0	2	3	1	0	2	0	2	3	3	9	3	4	2	3	2	0	1	0	2	1	0	1	2	1	1	0	2	3	0	0	5	3	4	6	1	0	1	0	0	2	0	4	7	5	5	1	3	0	1	0	0	0	2	1	1	2	1	3	2	6	4	3	2	5	3	3	2	2	0	0	0	1	1	1	0	0	0	3	1	2	1	2	0	4	4	0	0	0	5	3	8	3	2	2	2	1	0	0	0	0	0	0	0	0	1	0	0	0	1	0	0	0	0	1	2	0	0	0	1	0	0	0	0	0	1	1	0	3	1	0	1	4	3	0	0	4	2	1	2	1	0	3	1	0	1	0	0	1	0	0	0	0	0	0	1	0	1	0	1	0	1	2	2	3	5	3	0	0	2	0	2	0	1	2	1	4	0	0	0	0	0	1	0	0	0	0	1	1	0	0	0	0	0	0	0	0	1	0	0	0	1	1	0	1	0	0	1	1	0	0	0	0	0	1	0	2	0	0	1	3	1	1	3	2	1	3	2	0	2	0	0	0	1	0	0	0	0	0	0	0	0	3	0	1	0	1	0	0	0	1	0	2	0	2	1	0	0	1	1	0	0	1	0	0	0	1	0	0	1	0	1	0	0	0	0	0	0	0	0	1	0	1	0	1	0	2	0	1	0	0	1	0	0	0	0	0	0	0	0	0	0	0	0	1	0	0	2	0	1	0	0	0	0	0	0	1	0	1	0	1	0	0	0	1	0	0	1	1	0	0	0	0	0	1	1	0	0	0	1	0	0	0	0	0	0	0	0	0	0	0	0	1	0	0	0	0	0	0	0	0	0	0	1	0	1	0	0	0	0	0	0	0	1	0	1	1	0	0	0	1	1	0	0	0	1	1	0	0	0	0	1	0	0	0	0	0	1	0	0	0	0	0	0	1	1	0	1	1	0	0	0	0	1	0	0	0	0	0	0	0	0	0	0	0	0	0	2	0	0	0	0	0	1	0	0	0	0	0	1	0	0	0	0	0	0	0	0	0	0	0	0
0	0	0	0	0	0	0	3	3	0	1	0	0	0	2	1	0	4	2	11	40	0	29	11	6	9	2	2	1	3	0	1	0	1	0	0	0	3	1	1	1	3	1	3	2	3	0	7	2	4	1	3	5	1	1	1	1	1	1	1	0	0	1	3	0	1	4	2	1	1	5	0	2	2	0	1	0	2	1	2	3	3	2	1	3	0	0	0	1	0	0	2	5	1	2	2	1	2	9	1	4	5	3	2	2	1	5	1	2	3	1	4	0	2	1	3	1	3	4	4	2	3	4	1	3	2	0	1	5	4	2	2	0	1	0	3	1	0	1	0	0	0	0	0	0	0	1	1	0	0	1	0	2	0	1	0	2	2	0	0	1	1	0	0	0	0	0	0	0	1	4	0	1	2	0	0	1	1	0	0	0	0	2	3	1	0	0	1	2	0	1	0	0	0	1	0	1	0	0	1	3	5	5	0	3	4	4	1	2	1	2	0	1	1	1	0	0	1	0	0	0	0	0	0	0	0	0	0	0	0	1	0	0	3	0	1	1	1	0	0	0	1	2	0	0	1	0	0	0	2	0	1	1	0	1	1	3	0	1	0	1	1	3	1	1	1	1	0	0	1	1	1	1	0	0	0	1	0	0	0	0	2	0	1	1	0	0	2	1	1	0	0	1	0	2	0	2	0	0	0	0	0	2	0	0	0	0	0	0	0	1	0	1	0	0	1	0	1	0	0	1	2	2	1	0	1	0	0	1	1	0	0	1	0	0	0	0	0	0	0	0	1	1	0	1	0	0	0	0	0	1	1	0	0	0	0	0	0	0	0	1	0	0	0	2	1	0	0	0	0	0	0	1	0	0	0	0	1	0	1	0	0	0	0	1	0	0	1	0	1	0	0	2	0	0	0	0	0	0	0	0	1	1	1	0	0	0	1	0	1	0	1	0	0	0	1	0	0	0	0	2	0	1	0	0	0	0	0	0	0	0	0	0	0	0	0	1	0	0	0	0	0	0	0	0	0	0	0	0	0	0	0	0	0	1	0	0	0	1	0	1	0	0	0	0	0	0	0	1	0	0	0	0	0	1	1	0	0	0	1	1	0	1	0	1	0	1	1	0
0	0	0	0	0	0	0	0	1	0	1	0	0	2	1	2	2	1	0	9	11	29	0	34	14	10	5	5	2	7	1	2	1	0	2	3	2	2	1	1	0	1	2	4	4	6	5	16	4	7	4	4	7	1	3	3	0	0	2	0	2	0	2	1	0	0	1	1	1	0	4	2	1	1	0	1	2	2	4	5	6	8	6	2	3	0	1	1	6	2	4	3	4	0	3	2	6	9	9	4	3	3	4	1	1	0	0	3	2	1	4	2	0	1	1	2	1	5	3	3	1	3	5	2	1	1	0	2	8	2	4	1	2	0	0	1	2	1	0	2	0	0	0	0	0	0	0	0	0	0	1	0	1	2	1	2	1	0	0	3	0	2	0	0	1	0	1	1	0	1	3	1	1	1	2	3	0	0	0	0	1	0	0	0	0	0	0	1	0	1	0	3	0	2	1	0	2	1	0	3	2	6	6	3	3	2	3	1	4	4	0	1	1	2	0	1	0	0	0	0	0	1	0	0	2	0	0	0	0	0	0	0	2	1	0	0	0	0	0	0	0	0	1	0	0	0	1	0	2	1	0	0	1	0	0	0	0	1	0	2	0	1	0	1	0	1	0	2	0	0	1	1	0	1	0	0	0	1	1	0	0	0	1	0	1	0	0	1	0	2	1	0	0	0	0	0	1	0	1	0	0	1	1	0	0	1	1	0	1	0	0	0	0	1	0	0	1	1	1	0	1	1	0	2	2	0	0	0	0	0	0	1	0	1	0	0	1	1	0	0	2	1	0	0	0	0	1	0	1	0	0	1	0	0	0	0	2	0	1	0	0	1	0	0	1	1	0	0	0	0	0	0	1	0	0	0	1	0	0	0	0	0	0	1	2	0	1	0	0	0	0	0	0	0	0	0	1	0	0	0	0	0	1	0	1	0	0	0	1	0	1	0	0	0	0	0	0	0	0	0	0	1	0	0	0	0	1	0	0	0	0	1	0	0	0	1	1	0	0	0	0	1	0	0	0	0	0	0	0	0	0	0	0	0	0	0	0	0	0	0	0	1	0	0	0	0	0	0	0	0	0	1	0	1	0	2	1	0	0	0	0	1	0	0	0	1	1	0	0
0	0	0	0	0	0	0	0	1	0	0	1	0	0	0	1	1	3	3	8	2	11	34	0	61	12	4	6	3	1	3	1	2	2	1	2	0	2	2	1	3	2	2	2	6	1	9	12	8	13	10	5	3	1	4	0	2	2	3	0	0	2	2	0	2	1	1	1	0	2	1	2	1	2	1	2	1	0	3	2	1	1	2	3	4	0	2	2	8	6	2	4	11	13	13	7	11	11	29	11	4	8	6	4	5	1	3	1	4	2	4	1	3	2	1	3	2	4	2	1	4	1	1	0	2	3	4	7	3	2	4	2	5	3	0	1	0	0	0	0	0	0	0	0	3	1	0	1	1	2	1	1	1	1	2	1	1	0	1	0	1	1	2	2	1	1	0	0	3	1	2	0	1	0	0	0	0	2	1	4	0	1	1	1	0	0	0	1	0	3	0	1	0	0	0	1	2	3	1	2	2	7	7	3	6	2	4	2	0	0	0	0	0	1	2	1	0	0	4	0	2	0	0	1	3	0	0	0	0	0	0	0	2	1	0	1	1	0	0	0	0	0	0	1	0	3	0	0	1	0	1	0	2	1	1	0	3	1	3	0	3	0	3	0	2	1	0	1	1	3	0	0	0	0	0	0	0	1	1	1	1	1	0	1	1	1	0	0	0	0	1	0	0	1	3	0	0	3	1	0	0	0	0	1	0	2	0	1	1	0	0	0	0	0	0	1	1	1	0	0	1	1	0	1	2	0	0	0	0	0	0	0	1	0	0	0	0	0	1	0	1	0	0	0	2	0	0	1	1	0	0	1	0	0	0	1	0	0	1	0	1	0	0	0	2	0	1	0	0	0	0	0	1	0	1	0	0	1	0	0	0	0	0	1	0	1	0	0	0	0	0	1	0	0	1	1	0	0	1	1	0	0	0	0	1	0	0	0	0	0	0	0	1	2	0	0	0	5	1	1	1	1	0	0	3	0	0	0	1	0	0	0	0	0	0	0	0	0	0	1	0	0	0	0	0	1	0	0	0	0	0	0	0	1	0	0	1	0	0	0	0	0	0	0	1	0	0	0	0	1	0	1	0	1	2	1	1	0	0	0	1	0	0	1	0	0	0	0	0
0	0	0	0	0	0	0	0	1	0	0	0	1	2	0	5	0	0	3	5	8	6	14	61	0	27	6	3	5	5	3	0	1	1	2	0	2	0	4	2	0	1	4	2	5	4	9	6	3	7	3	7	2	2	5	1	0	1	1	0	1	3	2	0	1	2	1	0	5	0	4	2	1	2	2	2	0	2	0	4	4	1	1	1	1	2	1	2	4	6	6	11	12	20	13	8	5	13	10	5	6	6	1	0	3	2	1	0	4	4	1	0	2	2	0	1	0	0	0	6	2	3	1	2	1	3	4	4	4	3	6	0	0	0	0	1	0	0	0	0	0	0	0	1	2	0	0	0	0	0	0	2	0	3	2	1	2	0	2	0	0	0	2	2	1	1	2	2	2	1	0	3	0	1	0	0	1	2	4	1	1	0	0	0	0	0	1	0	0	0	2	1	1	2	1	0	1	0	0	3	0	2	3	3	2	1	1	3	1	1	2	3	1	1	0	1	1	0	2	0	1	0	0	1	0	0	0	0	0	0	2	0	0	1	0	1	0	0	0	0	0	0	0	0	0	0	0	0	1	0	1	1	0	1	1	1	1	0	1	2	1	1	0	0	1	3	0	0	1	0	0	0	2	1	0	1	1	0	1	1	1	0	0	0	0	0	0	3	0	0	2	1	0	1	0	1	1	0	0	1	1	0	2	0	0	0	0	0	1	0	0	0	0	0	0	0	1	1	0	2	0	0	2	2	0	1	0	0	1	0	0	0	0	0	0	0	0	0	0	0	0	0	0	0	2	0	1	0	0	1	0	0	0	1	0	0	0	0	0	0	0	1	0	1	0	0	0	0	0	0	0	0	0	0	0	0	0	0	0	0	0	0	2	0	0	0	1	0	0	1	0	0	0	0	0	1	1	0	0	0	0	0	0	0	0	0	0	0	0	0	0	0	0	1	1	0	0	1	0	2	2	0	0	1	1	0	0	1	0	1	0	0	0	0	0	0	0	1	0	1	1	0	1	0	1	0	0	0	1	0	1	1	1	1	0	1	1	0	1	0	0	0	0	0	0	1	0	0	0	0	0	0	0	1	1	0	0	0	1	0	0	2	0	0	0	0	0	0	0
0	0	0	0	0	0	0	1	0	1	0	1	0	2	0	1	1	3	2	4	5	9	10	12	27	0	63	32	6	4	4	0	2	4	1	1	3	3	2	1	8	5	7	4	5	5	8	3	7	4	2	4	12	3	6	5	2	0	2	5	0	3	3	3	1	2	2	1	5	3	2	1	1	3	3	2	1	5	2	0	4	7	3	5	8	5	1	5	3	6	4	5	2	6	4	11	8	9	3	1	1	3	3	1	1	4	1	2	1	0	1	2	0	1	0	2	4	2	1	2	2	2	0	2	4	3	3	1	2	6	2	0	0	1	0	1	0	0	2	1	0	0	0	1	1	0	0	1	0	1	0	1	0	0	0	0	1	0	1	0	1	0	1	1	1	2	0	2	0	1	1	0	1	2	2	0	0	0	1	1	0	0	1	0	0	0	0	1	0	0	1	0	1	0	2	1	0	0	3	0	0	4	3	1	1	1	6	2	3	0	1	1	2	0	2	0	1	0	0	0	0	0	0	0	0	0	0	0	0	1	0	0	1	1	1	0	0	1	0	0	1	1	0	0	1	0	0	0	0	1	0	0	0	0	1	0	0	1	2	0	0	0	1	1	1	1	0	1	0	0	2	0	0	0	0	0	0	1	0	0	0	0	0	2	0	1	1	1	0	0	1	1	0	0	0	1	0	0	2	0	0	1	0	0	0	0	0	0	1	1	0	0	0	0	1	0	0	0	1	0	0	0	1	1	0	0	0	0	0	0	0	2	0	0	0	0	0	0	0	2	1	1	0	0	1	0	1	0	0	0	0	1	1	1	0	0	0	0	0	0	0	0	0	1	1	0	1	0	0	0	0	0	0	0	0	0	0	0	0	0	0	0	0	2	1	2	2	1	0	0	0	0	2	0	0	0	0	1	0	0	1	0	0	0	0	0	0	0	0	1	0	1	2	0	0	0	0	0	0	0	1	1	0	0	0	0	1	0	0	0	0	0	0	0	0	0	1	0	0	0	0	0	0	0	0	0	0	1	0	2	2	0	0	0	0	0	0	0	0	0	0	1	0	0	1	0	0	0	0	0	0	1	0	0	0	0	0	0	0	1	1	0	0	1	0	2	0	0	2
0	0	0	0	0	0	0	1	2	1	1	1	1	2	3	1	1	2	7	11	4	2	5	4	6	63	0	69	8	10	4	2	5	1	0	1	2	4	9	9	7	4	13	2	2	6	4	3	6	5	4	3	23	4	3	2	2	4	1	3	2	2	5	2	3	6	1	1	4	6	5	2	1	1	2	4	0	6	4	6	3	2	2	4	6	4	5	5	7	3	3	4	3	5	1	8	8	7	4	6	5	5	2	1	3	2	2	3	2	0	0	0	1	0	0	2	0	2	2	4	2	1	2	0	4	4	5	4	3	4	1	2	2	1	1	0	0	1	0	0	0	0	0	0	0	0	2	0	0	0	1	1	0	1	0	0	2	0	0	0	1	0	1	0	1	0	0	2	0	1	0	0	2	1	0	0	1	0	0	0	0	0	3	0	0	1	0	2	0	1	2	1	2	0	0	0	0	1	1	0	0	1	2	0	3	3	2	2	0	1	1	0	0	2	1	2	2	0	1	2	0	0	0	0	0	2	0	0	0	1	0	1	2	1	1	1	0	0	0	0	0	0	0	0	0	0	1	1	1	0	0	0	1	1	0	0	0	0	0	3	1	1	1	0	0	1	1	1	0	0	0	0	0	1	0	0	0	0	0	0	0	0	0	0	1	1	1	0	0	0	0	1	0	1	0	1	0	1	0	0	0	0	0	1	0	0	0	0	0	0	0	0	0	0	1	0	0	0	0	1	0	1	3	1	0	0	3	0	0	0	0	0	0	0	0	0	0	0	1	1	0	0	1	0	0	0	1	0	1	1	0	0	0	0	0	1	0	0	0	0	0	1	0	0	0	0	0	0	0	0	1	0	0	0	1	0	0	0	1	0	0	1	0	3	1	1	1	0	0	0	0	1	0	0	0	0	0	1	1	0	1	1	0	0	0	0	0	1	1	0	0	0	0	0	1	0	0	0	0	0	0	0	1	0	0	0	2	1	0	0	0	0	0	0	0	1	0	0	0	0	0	0	0	1	1	0	0	0	0	1	0	1	1	0	0	0	1	1	0	0	0	0	1	0	1	0	0	0	0	0	0	0	0	2	0	1	1	0	0	0	0	0	0	0	1	1	0	1	0
0	0	0	0	0	0	0	1	0	0	0	0	1	0	4	0	2	2	3	9	4	2	5	6	3	32	69	0	23	21	5	5	2	6	0	3	7	5	5	11	17	4	14	8	11	13	11	1	3	5	4	8	36	1	5	3	2	5	4	4	2	2	7	1	2	7	1	4	11	6	6	6	1	6	6	2	4	3	3	4	5	5	10	9	11	7	5	1	4	1	7	3	3	1	3	3	9	12	5	1	2	2	5	1	0	1	0	2	0	1	0	0	2	0	0	1	0	1	2	2	4	1	1	2	2	6	4	2	1	3	2	0	1	0	0	1	1	0	0	1	0	0	0	0	0	0	0	0	0	0	0	0	1	0	0	0	1	1	0	0	0	1	1	0	1	1	3	0	0	4	0	1	0	0	1	0	0	0	2	1	1	0	0	0	1	0	1	0	0	1	1	0	2	1	1	0	0	1	1	1	4	0	2	1	1	4	7	2	2	5	0	1	0	1	1	1	1	1	0	0	1	0	0	1	1	0	0	0	0	0	0	1	1	0	0	0	0	1	0	0	0	1	2	0	0	0	1	1	0	0	0	0	0	0	0	2	1	1	1	0	0	0	2	0	2	0	0	1	1	0	2	1	0	0	1	2	0	0	0	1	0	1	0	0	0	0	0	0	0	0	1	0	0	0	0	1	0	1	1	0	1	0	0	0	0	0	0	0	0	0	0	0	1	1	0	2	0	0	0	0	0	1	2	0	0	0	2	0	0	1	0	1	1	1	1	1	0	0	1	1	1	0	0	4	0	0	2	0	0	1	0	1	1	1	2	1	0	0	0	0	0	0	0	0	0	1	0	0	0	0	1	0	2	0	0	0	1	0	0	0	0	0	0	1	1	0	0	0	0	0	0	0	0	0	0	0	0	0	0	0	2	0	1	0	1	0	0	1	0	0	1	0	0	1	1	1	0	1	1	2	0	0	0	0	0	0	0	0	0	0	0	0	0	0	0	0	0	0	1	0	0	0	2	1	0	1	0	0	0	0	0	0	0	0	0	0	0	0	0	0	0	0	0	0	0	0	0	0	0	0	0	1	0	0	2	0	0	0	1	0	1	1	0	0	0	1	0	0	0
0	0	0	0	0	0	0	0	0	2	1	0	0	3	2	1	4	1	2	9	4	1	2	3	5	6	8	23	0	28	5	5	3	2	6	2	3	1	7	8	11	5	6	7	9	22	8	10	11	3	1	1	12	5	1	1	0	4	1	1	3	0	4	5	0	4	3	6	33	13	15	16	9	10	12	5	6	10	9	3	36	13	22	29	22	9	6	5	2	1	3	4	2	1	1	5	6	10	1	2	0	2	1	0	0	2	1	0	3	1	0	1	1	0	1	0	4	1	3	5	3	3	0	2	7	4	8	2	1	3	0	1	0	1	2	0	0	1	2	1	1	0	0	1	0	1	0	2	0	0	0	2	0	1	0	0	2	0	1	2	1	2	0	0	2	2	1	3	1	3	2	0	1	0	0	1	1	3	1	0	1	2	0	1	0	1	1	2	0	1	0	0	0	0	0	1	0	1	0	2	1	3	1	1	1	5	2	0	2	2	4	0	2	4	4	0	0	0	1	0	0	0	0	0	0	0	1	1	0	0	0	0	0	0	0	0	0	0	0	0	0	0	0	1	0	0	1	1	1	3	4	1	0	0	1	0	1	1	3	2	1	0	2	2	0	1	2	0	1	1	1	1	1	0	0	0	0	0	0	0	0	0	1	0	0	2	0	1	0	1	0	1	0	0	2	0	0	0	0	0	1	1	0	0	0	0	0	0	0	1	0	0	0	0	0	1	2	1	1	0	2	0	0	0	0	2	0	0	2	1	0	0	0	0	0	0	0	1	1	0	1	0	0	0	1	2	0	0	1	0	0	0	1	0	0	0	0	0	1	1	0	1	0	0	1	1	1	0	0	0	0	0	0	1	0	0	0	0	0	0	2	0	1	0	0	0	0	0	0	1	0	0	0	0	0	1	0	0	1	0	0	0	1	1	0	0	0	0	0	1	0	0	0	0	0	0	1	0	1	0	0	0	1	0	0	1	1	0	1	0	0	0	0	1	1	0	1	0	2	0	0	0	1	0	0	0	0	0	0	0	0	0	0	0	0	0	1	0	1	0	0	0	0	0	0	0	0	2	0	0	0	0	0	0	1	0	0	2	0	0	0	0	0	0	0	0	0	0	0
0	0	0	0	0	0	0	1	0	2	0	0	2	2	0	1	1	2	3	3	3	3	7	1	5	4	10	21	28	0	16	9	10	6	4	6	3	12	8	37	29	6	13	2	6	10	7	7	6	5	2	1	3	8	7	2	1	3	0	1	2	4	5	2	5	5	10	14	35	14	10	4	5	4	21	8	7	10	6	4	8	9	11	13	14	7	4	5	4	3	1	1	3	2	3	2	3	3	3	1	0	1	2	0	1	1	0	2	2	2	0	0	0	1	0	0	0	1	4	3	2	0	1	1	2	6	3	4	3	4	2	1	2	1	0	1	0	0	0	1	0	0	0	1	2	1	2	0	1	0	0	4	2	0	0	0	0	0	2	1	0	1	3	1	0	0	0	1	2	1	1	0	1	2	1	1	0	1	2	1	0	0	0	0	0	0	0	0	0	1	0	0	0	0	0	1	1	0	0	2	3	3	1	2	5	1	5	0	3	1	2	1	1	2	3	0	2	1	0	0	0	0	1	0	0	0	1	0	0	0	0	0	0	1	0	1	0	0	0	0	0	1	0	0	0	0	0	0	0	0	1	0	0	0	0	1	0	1	0	2	0	0	0	1	1	0	0	1	0	0	1	0	0	0	0	0	0	0	0	1	0	1	0	0	0	0	2	0	1	0	0	1	0	0	0	1	0	0	0	0	0	0	0	1	0	1	0	1	0	1	0	0	1	0	1	1	1	0	0	0	0	0	0	0	0	0	0	0	0	1	0	1	0	0	0	0	0	1	1	0	1	0	1	1	1	2	0	0	0	0	0	1	0	1	0	0	0	0	0	0	0	0	0	0	1	0	0	0	1	0	0	0	0	0	0	0	1	0	0	1	0	1	0	0	0	1	0	0	1	1	0	0	0	0	0	0	0	0	1	0	0	1	1	0	0	0	0	0	0	0	1	0	0	0	0	0	0	0	0	0	0	0	1	0	1	0	1	1	0	0	0	0	0	1	0	0	0	0	0	0	0	0	0	0	0	0	0	0	0	0	1	0	2	1	1	1	0	1	0	0	0	0	1	0	0	0	0	0	0	0	0	0	0	0	1	0	0	1	0	0	1	0	1	1	0	0	0	0	0
0	0	0	0	0	0	0	1	5	3	1	1	1	2	9	7	3	4	6	6	3	0	1	3	3	4	4	5	5	16	0	33	10	9	4	6	16	22	56	18	6	2	2	3	4	6	1	2	0	1	2	1	4	4	4	0	3	0	2	1	4	16	49	13	9	12	9	19	22	16	10	5	2	2	5	5	8	2	1	6	4	3	1	5	2	2	2	2	3	3	2	1	1	2	0	3	1	4	1	1	1	3	0	0	0	1	0	0	0	0	1	2	0	0	0	1	0	2	1	1	1	0	0	1	2	2	3	2	2	0	1	2	0	1	0	1	0	0	0	0	0	0	0	0	0	0	0	0	0	0	0	0	0	1	1	0	0	1	0	0	0	0	0	0	1	1	0	0	1	1	2	0	0	0	0	0	0	0	0	0	0	0	0	1	1	0	0	0	0	1	0	0	3	0	2	1	0	0	1	0	2	0	1	0	0	1	3	1	2	3	1	0	6	2	1	0	0	2	0	0	0	0	0	1	0	0	1	0	0	0	0	0	0	0	0	0	1	0	0	0	0	0	1	0	1	0	0	0	1	1	1	0	1	0	0	0	0	1	0	0	2	1	0	1	0	0	0	0	1	0	0	0	0	1	0	1	0	2	1	0	1	0	0	0	0	0	0	0	1	1	0	1	0	1	0	0	0	0	0	0	0	0	0	1	0	0	0	0	0	0	0	0	0	0	2	2	0	0	0	0	0	2	0	0	1	1	0	0	1	1	0	0	0	0	0	0	1	1	2	0	0	0	0	0	0	0	1	1	0	0	1	1	1	0	2	1	0	1	0	0	0	1	0	0	0	0	0	0	0	0	0	0	0	1	0	0	1	0	0	0	1	0	0	0	0	0	0	0	0	1	0	0	0	0	0	0	0	0	0	0	1	0	1	1	0	0	0	0	0	0	0	0	1	0	0	0	0	1	2	0	0	0	0	1	0	1	0	1	0	0	0	3	0	1	0	0	0	0	1	0	1	0	0	0	0	0	0	0	1	0	0	0	0	0	0	0	0	0	0	0	0	1	0	0	0	0	0	0	0	0	0	0	0	0	0	0	1	0	1	1	1	0	0	0	0	0	0	0	0
0	0	0	0	0	0	0	2	0	7	0	1	4	5	16	10	11	4	7	6	2	1	2	1	0	0	2	5	5	9	33	0	13	5	7	4	6	26	21	5	6	4	1	0	1	3	0	2	3	4	1	1	5	6	1	0	0	2	4	2	4	14	20	20	8	18	21	30	8	7	7	8	3	5	8	5	5	3	1	4	2	2	3	3	3	2	2	5	3	1	1	2	1	3	0	1	2	2	1	0	1	1	0	0	1	0	0	1	1	1	0	0	0	0	0	0	0	1	0	2	3	1	0	0	1	0	3	1	0	2	1	1	0	0	0	0	1	0	0	1	0	0	0	0	0	1	0	0	1	0	0	0	0	0	0	0	0	1	1	0	0	0	1	0	0	2	0	0	1	0	1	0	1	0	0	0	0	1	0	0	1	1	0	0	0	2	0	0	0	1	0	0	0	0	1	0	1	0	1	0	0	1	0	1	1	0	2	2	3	1	1	0	1	2	2	0	1	1	2	0	1	0	0	1	0	0	0	1	0	0	0	0	0	0	0	0	0	0	0	0	0	0	0	0	0	0	0	0	0	0	0	3	0	0	1	1	0	1	0	0	0	0	1	0	1	0	0	1	0	0	0	0	0	1	0	0	0	0	1	1	1	0	0	0	0	0	0	0	0	0	0	0	0	1	0	0	0	0	1	0	0	0	0	0	0	0	0	0	0	0	0	0	1	1	1	0	0	1	0	1	0	1	0	1	0	1	0	0	0	0	0	2	1	0	0	0	0	0	0	0	0	0	0	0	1	1	0	1	0	0	0	1	0	1	0	0	0	0	1	0	0	0	0	0	0	0	0	0	0	0	0	1	0	1	0	0	0	0	0	0	1	1	0	0	1	1	0	0	0	1	0	1	0	0	0	1	1	0	0	0	0	0	0	0	0	0	0	0	0	0	0	0	0	0	1	0	0	0	0	0	0	0	0	1	0	1	0	1	0	0	0	0	0	0	0	0	0	0	1	0	0	0	2	1	1	0	0	1	0	0	0	0	0	1	0	0	0	0	0	0	1	1	0	2	0	0	1	0	0	0	0	0	0	0	0	0	0	0	0	0	0	0	0	0	0	0	0	0	1
0	0	0	0	0	0	0	1	2	3	1	0	2	1	8	5	2	1	3	0	1	0	1	2	1	2	5	2	3	10	10	13	0	38	15	16	8	19	29	17	7	7	4	1	2	1	0	1	1	3	0	0	4	7	3	3	3	3	0	1	4	4	4	3	6	4	3	17	9	7	1	2	5	6	20	10	6	10	1	4	2	2	3	2	5	5	4	3	3	1	2	1	1	0	0	1	3	2	0	1	0	0	1	0	0	0	0	0	0	0	2	2	1	2	0	1	0	0	1	0	0	0	0	1	0	1	2	2	1	0	1	0	0	0	0	0	0	0	1	0	0	1	0	0	1	1	0	1	0	0	0	0	0	0	0	0	0	0	1	0	0	0	1	0	0	0	0	0	0	0	0	0	1	2	0	0	0	1	0	0	2	0	0	0	0	0	0	0	1	0	0	0	0	0	0	0	0	0	0	0	1	1	1	0	0	3	2	1	1	1	0	0	0	3	2	1	1	0	1	0	0	0	0	1	0	0	0	0	0	0	0	0	0	0	0	0	1	0	0	0	2	0	0	0	0	0	1	0	1	1	0	0	1	0	1	0	1	1	0	1	0	0	1	0	1	0	0	1	0	0	0	0	0	2	1	1	1	0	0	0	0	0	0	0	0	0	1	0	1	0	0	0	0	0	0	0	0	0	0	0	0	0	0	0	0	0	0	1	0	1	0	0	0	0	0	0	0	0	0	0	0	1	0	0	2	2	0	0	1	0	1	0	0	0	0	0	0	1	0	0	0	0	0	0	1	0	1	0	0	0	0	0	0	0	2	0	0	0	0	0	0	0	0	0	0	1	0	0	0	0	0	0	0	0	0	0	0	0	0	0	1	0	0	1	0	1	0	0	1	0	0	2	0	0	0	0	0	1	0	0	0	0	0	0	0	0	0	0	0	0	1	0	1	0	0	0	0	2	0	0	0	0	0	2	0	0	1	1	1	0	0	0	0	0	0	0	0	0	0	0	1	1	0	0	0	0	1	1	0	0	1	0	0	0	1	1	0	0	0	0	0	1	1	0	0	0	1	0	0	0	1	0	0	0	0	0	0	1	0	0	0	3	0	1	0	0	0	0	0
0	0	0	0	0	0	0	0	2	2	2	2	1	3	1	3	0	1	1	0	0	1	0	2	1	4	1	6	2	6	9	5	38	0	39	24	8	19	23	14	12	8	4	3	8	4	2	1	0	1	2	2	7	18	4	4	2	4	5	6	4	5	4	2	4	2	2	9	5	1	3	2	1	3	5	3	8	8	2	3	4	5	2	4	2	5	8	4	5	5	1	2	0	0	0	1	2	3	1	1	0	0	0	0	0	1	0	0	1	0	0	1	0	1	0	0	0	2	1	0	1	0	0	1	1	2	2	0	0	2	0	0	1	0	1	0	3	0	0	0	0	0	0	0	1	0	0	0	0	0	0	0	0	1	0	0	1	0	0	0	0	0	1	0	0	1	0	1	0	0	0	0	0	0	0	0	1	0	0	1	0	0	0	0	1	0	0	0	1	0	0	0	0	1	0	0	0	1	1	0	1	2	0	1	4	2	1	0	0	1	1	1	1	1	0	0	0	0	2	0	1	0	0	1	0	1	0	0	0	0	1	1	0	0	0	0	0	0	1	0	0	0	0	0	0	0	1	0	0	1	0	0	0	0	0	0	0	1	0	0	0	1	0	0	0	0	0	0	0	0	0	1	1	0	0	0	0	0	1	0	0	0	1	0	0	0	0	0	1	0	0	0	0	0	0	0	0	0	0	0	1	1	0	0	0	0	0	0	0	1	0	0	1	0	0	0	1	0	0	0	2	0	1	0	0	0	0	0	0	0	0	0	0	1	0	1	0	2	0	1	1	1	2	0	0	0	0	0	0	0	2	0	0	0	1	0	0	0	0	0	0	0	0	0	0	1	0	1	0	0	0	1	0	2	0	0	0	1	0	0	0	1	0	0	0	0	0	0	0	1	1	0	1	0	1	0	0	0	0	0	0	0	0	0	0	0	0	0	1	0	0	1	0	0	0	0	0	0	0	0	0	0	0	0	0	0	0	1	1	0	0	0	0	0	0	0	0	0	0	0	0	0	0	2	0	0	0	0	0	0	1	0	1	0	0	0	0	0	0	1	0	0	0	1	1	0	0	0	0	0	0	0	0	0	0	0	0	0	0	0	1	1	0	0	0	2	0	0	0
0	0	0	0	0	0	0	0	3	2	1	2	2	1	3	4	3	2	0	2	0	0	2	1	2	1	0	0	6	4	4	7	15	39	0	33	10	15	11	7	5	5	3	4	1	1	1	1	0	2	2	0	1	7	7	2	5	2	4	0	10	2	1	5	3	2	3	1	1	3	3	2	1	0	1	6	1	3	1	1	0	2	3	4	2	4	4	2	0	0	0	2	2	0	0	2	2	3	0	1	0	1	2	1	0	0	0	0	0	0	1	1	0	0	0	1	0	1	1	0	0	0	1	0	1	1	2	0	0	1	0	0	0	0	0	0	0	0	0	0	0	0	1	0	1	0	0	0	0	0	0	0	0	0	0	0	0	0	1	0	0	0	0	0	0	0	0	0	0	0	1	0	1	1	0	0	0	0	0	0	0	2	0	0	0	0	0	0	0	0	0	0	0	1	0	0	0	1	0	0	0	0	2	1	0	0	1	0	0	1	0	1	0	0	1	1	0	0	1	0	0	1	0	1	1	0	0	0	0	0	0	0	0	0	0	0	1	1	0	0	0	0	0	0	0	1	0	0	1	0	0	1	0	0	0	1	2	1	0	0	1	0	1	2	0	0	0	0	0	0	0	0	0	0	0	0	0	0	0	1	0	0	0	1	0	0	0	0	0	0	0	1	0	0	0	0	0	0	0	1	0	1	0	0	0	1	0	0	1	0	1	0	0	0	1	0	0	1	1	0	0	1	1	0	0	0	1	0	0	0	0	0	2	0	1	0	1	0	0	0	0	1	0	0	1	0	0	0	1	0	0	0	1	0	0	0	1	0	0	0	0	1	0	0	0	0	0	0	0	0	0	1	1	0	0	0	0	0	0	0	0	0	1	0	0	1	0	0	0	0	0	0	1	0	0	0	0	0	0	0	0	0	0	0	0	0	0	0	0	0	0	1	0	0	0	0	0	1	0	0	0	0	0	0	0	0	0	1	0	0	0	0	0	0	2	0	0	0	0	0	0	1	0	0	0	0	0	0	1	1	1	0	0	0	0	0	0	0	1	0	1	0	0	0	1	0	0	0	0	0	0	0	0	0	0	1	0	0	0	0	0	0	0	0	0	0	0	0	0
0	0	0	0	0	0	0	0	2	1	5	0	1	2	12	4	5	1	2	1	0	0	3	2	0	1	1	3	2	6	6	4	16	24	33	0	81	69	43	11	7	9	1	0	3	4	4	0	0	0	0	0	4	18	11	2	3	8	6	6	10	8	4	6	8	7	5	3	1	5	1	4	0	2	6	5	1	3	1	0	4	6	2	1	0	5	7	2	2	2	1	1	1	2	3	1	1	3	1	1	1	0	0	0	0	0	0	0	4	0	0	1	0	0	1	1	0	0	1	1	0	1	1	1	1	0	1	0	0	0	0	0	2	0	1	0	0	0	0	0	0	1	1	1	0	1	0	0	0	1	0	0	1	0	0	0	0	0	0	0	0	0	0	0	0	0	2	0	1	0	0	0	0	0	0	0	0	1	0	1	0	0	1	0	0	1	2	1	1	0	0	0	0	0	0	0	0	1	0	2	0	1	0	0	2	1	0	1	2	0	0	2	1	0	0	2	1	0	0	0	1	0	1	0	0	0	0	0	0	0	0	1	0	0	0	0	0	0	0	0	0	0	0	0	0	0	1	0	0	0	1	0	0	2	0	0	1	0	1	0	3	0	0	0	0	0	0	0	1	0	2	1	0	0	0	0	0	0	0	0	1	0	1	0	0	0	0	0	0	0	0	1	1	0	0	0	0	0	0	0	1	1	0	0	0	0	0	0	0	0	0	0	0	0	0	0	0	1	0	0	0	0	0	0	1	0	1	0	0	2	0	0	0	0	0	1	1	0	1	0	0	0	0	0	0	0	0	1	0	0	0	0	0	0	0	0	0	0	0	0	0	0	0	1	0	0	0	0	0	0	0	0	0	0	0	0	0	0	0	0	0	0	0	0	1	0	1	0	1	0	0	0	0	0	0	0	0	0	0	0	0	0	1	0	0	0	0	0	0	1	0	1	0	0	0	0	0	0	0	0	0	0	0	0	0	0	0	0	0	0	0	0	0	0	1	1	0	2	0	0	0	0	1	1	0	0	0	0	1	0	0	0	0	0	0	0	0	0	0	0	0	0	0	1	0	0	0	0	0	0	0	0	0	0	0	0	0	1	1	0	0	1	0	1	0	0	0	0	0
0	0	0	0	0	0	0	1	2	3	4	5	0	2	5	7	2	2	1	1	1	0	2	0	2	3	2	7	3	3	16	6	8	8	10	81	0	47	20	9	7	7	2	4	1	4	1	0	0	2	0	2	2	16	7	10	5	11	13	10	27	25	7	7	9	2	5	0	5	4	1	2	2	1	1	1	3	1	1	2	2	2	0	2	1	7	2	3	2	1	0	1	1	3	0	1	2	0	1	2	1	0	0	0	1	0	0	0	1	0	0	0	0	0	0	0	0	1	0	0	1	1	1	0	1	1	0	1	1	1	1	0	0	1	0	0	0	0	0	1	0	0	0	2	0	0	0	0	0	0	2	0	1	0	1	0	1	0	0	0	1	1	0	0	0	0	2	0	0	0	0	0	0	0	1	0	0	0	0	0	0	1	0	0	0	0	0	0	1	0	1	0	0	1	0	0	1	0	0	0	0	0	1	0	1	1	0	2	0	1	1	1	1	1	0	0	1	0	1	0	0	0	0	1	0	0	0	0	1	1	1	0	0	1	1	0	2	0	0	0	0	0	0	0	1	0	0	1	0	0	1	0	0	0	0	2	0	2	0	0	0	1	1	0	0	0	0	0	0	0	0	0	1	1	1	0	0	1	0	0	0	0	1	0	0	0	0	0	0	1	0	1	1	2	0	0	0	0	0	0	0	0	1	1	0	0	0	0	0	0	0	1	0	0	0	0	0	0	0	0	2	0	0	1	0	1	0	0	0	0	0	1	0	0	0	0	0	1	1	0	1	0	0	0	0	0	1	1	1	0	0	1	0	0	0	0	1	1	1	0	0	0	0	0	0	0	1	0	0	0	1	0	0	1	0	0	0	0	0	0	0	1	0	0	0	1	0	1	0	0	0	0	0	0	0	0	0	0	0	2	0	1	0	0	0	2	0	0	0	0	0	0	0	0	0	2	0	1	0	1	0	0	0	0	1	0	0	0	0	1	0	0	0	0	0	0	0	0	0	1	2	0	0	0	1	0	0	0	0	0	1	0	1	1	0	0	1	1	0	0	0	0	0	1	1	0	0	0	0	0	0	0	0	0	1	0	0	0	0	0	0	1	0	0	0	0	0	0	1
0	0	0	0	0	0	0	0	2	3	7	4	4	5	6	10	6	5	6	1	0	3	2	2	0	3	4	5	1	12	22	26	19	19	15	69	47	0	83	14	7	2	3	0	2	2	4	2	3	4	0	2	4	10	5	1	2	9	3	9	11	19	9	7	3	5	6	8	5	9	7	1	2	1	11	6	4	2	3	1	1	1	2	3	3	1	4	3	3	1	2	1	0	0	0	1	1	2	1	1	0	1	1	0	0	0	1	0	0	1	0	0	0	0	1	0	0	1	0	2	2	1	1	0	0	3	2	0	0	1	1	0	0	0	1	1	0	0	0	0	0	0	0	0	1	0	0	0	0	0	1	0	2	0	1	0	0	0	0	0	1	0	1	0	1	0	1	0	0	0	1	0	1	1	0	0	1	1	0	2	0	0	0	0	0	0	0	0	1	1	0	0	0	0	0	0	0	0	0	0	1	1	0	0	2	0	0	3	1	1	0	0	1	1	1	2	1	0	0	1	0	0	0	1	0	0	0	0	0	0	0	0	0	0	0	0	1	0	0	0	1	0	0	0	0	0	0	0	0	0	0	0	1	0	0	0	0	1	0	2	0	0	1	0	1	0	0	1	0	0	0	0	2	0	0	0	0	0	0	0	0	0	0	1	0	0	0	0	1	1	0	0	0	0	0	0	0	0	1	0	0	0	0	0	0	0	1	0	0	0	0	0	0	1	0	1	1	0	0	0	0	0	0	1	0	0	0	0	1	1	0	0	1	0	1	2	0	0	0	0	0	0	0	2	0	0	0	1	0	1	1	0	0	0	0	0	0	0	0	0	0	0	0	0	0	0	0	0	0	0	1	1	0	0	0	0	0	0	0	1	0	1	0	2	0	1	1	1	0	1	0	1	0	0	0	0	0	0	0	0	1	1	0	1	0	0	0	0	1	0	0	0	0	3	0	0	0	0	0	2	1	0	1	1	0	0	2	0	3	1	0	1	0	0	0	0	0	0	0	0	0	0	0	0	0	0	0	1	0	0	0	1	1	0	0	0	0	0	0	0	1	0	0	0	0	0	0	0	0	1	0	0	0	0	0	0	0	0	0	0	0	2	0	0	0	0	0	0	1
0	0	0	0	0	0	0	1	2	1	3	2	5	3	5	2	4	0	1	1	2	1	1	2	4	2	9	5	7	8	56	21	29	23	11	43	20	83	0	20	20	10	5	1	3	3	2	0	2	1	0	3	4	13	13	4	2	2	4	4	11	10	20	7	5	6	7	16	5	6	5	2	0	0	7	2	1	5	1	1	2	1	1	2	3	7	3	3	0	1	3	0	2	1	1	2	3	3	0	2	1	0	2	0	0	1	0	0	1	0	0	0	0	0	0	0	0	1	2	2	0	1	0	0	2	2	3	2	1	1	0	0	0	0	0	0	0	1	0	0	0	0	0	1	1	0	1	0	0	1	1	0	0	0	0	1	1	0	0	1	0	0	0	0	1	0	1	0	0	2	0	0	1	2	0	0	0	2	2	0	0	1	1	1	0	1	0	0	0	0	0	0	1	3	0	1	2	0	1	0	2	1	0	0	0	2	1	3	1	0	2	1	1	1	1	1	1	0	0	0	0	0	0	1	0	0	1	0	0	0	1	0	0	0	0	0	0	1	0	0	0	1	0	0	0	0	0	1	1	0	0	0	0	0	1	0	0	1	0	1	1	1	1	1	0	2	0	0	0	0	1	0	0	0	0	0	0	0	1	1	0	1	1	1	0	0	0	1	0	0	0	0	0	0	0	0	0	0	1	0	0	0	0	0	0	0	0	0	0	0	0	0	0	0	1	0	0	0	0	1	0	1	0	0	0	0	0	2	0	0	0	1	0	0	0	0	0	1	0	1	0	0	0	0	0	0	0	0	0	0	0	0	0	0	0	1	0	1	0	0	0	0	0	0	0	0	0	1	0	0	1	0	0	0	0	0	0	0	0	1	2	0	1	2	1	0	0	0	0	0	0	0	0	0	1	0	0	0	0	2	0	0	0	0	0	1	0	0	0	0	0	0	0	1	2	0	1	1	0	0	0	0	0	0	1	0	0	0	0	0	0	1	0	0	1	0	0	0	0	2	0	0	0	1	1	0	0	0	0	0	0	0	0	0	0	0	1	0	1	2	0	1	0	0	1	0	0	0	0	1	0	0	0	0	0	1	0	1	0	1	0	0	1	0	0	0	0	0	0
0	0	0	0	0	0	0	2	0	0	0	0	0	4	3	7	0	4	3	4	3	1	1	1	2	1	9	11	8	37	18	5	17	14	7	11	9	14	20	0	122	24	8	5	4	3	1	0	0	3	3	0	13	11	4	1	3	3	5	3	1	2	5	4	3	3	6	6	16	4	3	1	2	1	8	3	6	5	1	2	3	3	5	3	5	5	10	0	3	1	3	2	4	2	2	1	6	5	1	1	0	0	1	0	2	4	0	0	1	1	3	1	0	0	0	0	1	1	0	2	2	4	1	0	2	2	4	2	0	2	0	1	2	0	1	0	0	0	0	0	0	0	1	0	0	1	0	1	1	0	0	1	3	1	1	1	0	1	0	1	0	0	0	1	0	0	0	2	2	3	1	0	1	1	1	0	0	1	0	0	0	0	0	0	0	0	0	0	0	0	1	0	0	0	1	0	0	0	3	1	0	1	4	1	0	1	1	1	0	0	2	1	1	4	3	0	0	0	0	0	0	0	0	0	0	0	1	0	0	0	1	0	0	0	0	0	1	0	1	0	1	0	0	2	1	0	0	1	0	1	0	2	0	0	0	0	1	2	2	2	2	3	2	3	1	0	2	1	0	0	0	0	1	2	0	1	0	1	0	1	0	0	0	0	0	0	0	0	1	1	1	1	0	0	0	1	0	0	0	0	0	0	0	0	1	0	1	1	0	1	0	0	0	1	0	1	1	0	0	0	1	0	1	0	0	1	0	0	0	0	0	0	0	0	0	0	0	2	0	1	0	0	1	0	0	1	0	1	0	0	0	1	0	0	0	0	0	1	0	0	0	0	0	0	0	0	0	0	0	0	0	0	1	1	0	0	0	1	0	0	0	1	0	0	0	0	1	0	0	0	0	0	0	0	0	0	0	0	0	0	0	0	0	0	1	0	0	1	1	0	0	0	0	1	0	0	0	0	0	1	0	1	1	0	0	0	0	0	0	0	0	0	0	1	0	0	0	0	0	0	0	0	0	0	0	0	0	0	0	0	0	0	0	1	0	0	0	0	0	0	0	1	0	0	0	0	1	0	0	0	1	1	0	0	0	0	0	0	0	0	0	0	3	1	1	0	0	1	0
0	0	0	0	0	0	0	0	1	1	1	0	0	0	3	3	8	1	0	3	1	1	0	3	0	8	7	17	11	29	6	6	7	12	5	7	7	7	20	122	0	37	29	7	4	6	3	5	2	5	0	3	26	15	6	1	0	3	3	2	7	1	6	4	2	4	2	3	8	6	9	3	0	1	10	2	3	7	3	4	2	3	5	8	9	10	7	7	8	7	9	4	2	1	7	5	3	9	2	2	0	3	1	0	0	0	0	0	1	0	1	3	0	1	0	0	2	1	0	0	3	0	0	1	2	3	6	3	0	1	2	0	0	0	0	0	1	1	0	1	0	0	0	0	1	0	1	0	1	0	1	3	0	1	0	1	0	0	1	0	0	3	1	0	1	0	0	0	0	0	1	0	1	2	0	0	0	2	2	0	0	0	0	1	1	0	0	1	0	1	1	0	0	0	3	0	0	2	2	0	0	3	2	2	2	6	3	0	1	4	1	2	2	0	1	0	1	1	1	1	0	1	0	0	1	0	0	0	2	0	0	0	0	1	0	0	1	0	0	0	0	2	0	0	0	0	1	0	0	0	0	0	1	0	0	1	1	1	0	0	0	0	0	0	0	0	1	0	1	1	0	0	1	0	0	0	0	0	0	0	0	0	0	0	0	0	0	1	2	0	0	1	1	0	0	0	1	0	0	1	0	0	1	0	0	1	0	2	0	0	0	0	0	0	0	0	1	1	0	0	1	1	1	0	0	0	0	0	1	0	1	0	1	0	0	0	0	0	1	0	0	0	0	1	0	0	1	0	0	0	1	0	1	0	0	1	0	1	0	0	0	0	0	1	0	0	0	0	0	0	0	1	0	0	0	0	0	1	0	0	0	0	0	0	0	0	0	0	1	0	0	0	0	0	1	0	0	0	0	1	0	0	0	1	0	1	1	0	1	1	0	0	0	0	0	0	0	1	3	1	1	0	1	0	1	1	0	0	0	1	0	0	0	0	0	0	0	0	0	0	0	0	0	0	0	0	0	0	2	0	0	0	0	0	0	0	0	1	0	0	1	0	0	0	1	0	0	0	0	0	0	0	0	0	0	0	0	0	0	0	1	2	0	0	0	0	0	1	0
0	0	0	0	0	0	0	0	0	0	1	0	2	0	1	1	4	2	1	1	0	3	1	2	1	5	4	4	5	6	2	4	7	8	5	9	7	2	10	24	37	0	22	6	3	2	5	3	1	2	1	1	6	23	9	3	3	3	2	2	4	2	4	1	0	4	2	4	2	7	1	4	1	0	4	2	2	3	2	5	2	2	7	6	6	10	11	16	5	5	4	2	2	0	2	2	3	5	0	4	1	0	1	1	1	0	3	2	0	0	1	0	0	2	0	0	1	0	0	1	1	3	0	1	2	3	0	2	3	1	0	1	1	0	1	0	1	0	0	0	0	0	0	1	0	0	1	1	0	0	0	1	1	0	1	0	0	0	0	0	0	0	0	3	1	1	0	1	0	0	0	1	0	1	0	0	0	1	0	0	0	1	0	0	0	0	2	0	0	0	0	0	0	0	0	0	0	0	0	0	0	0	0	3	2	1	1	2	2	0	0	0	2	1	0	1	1	0	1	1	0	0	1	1	1	1	0	2	0	0	0	1	0	1	0	0	0	0	0	1	1	1	0	1	0	1	1	0	2	1	0	0	0	0	0	0	0	2	0	1	1	1	0	1	1	0	2	0	0	0	0	1	0	0	0	1	0	0	0	0	0	1	0	0	0	0	0	0	1	1	0	0	0	0	1	0	0	0	0	0	1	0	0	0	1	1	0	0	0	0	0	0	0	0	0	1	1	0	1	0	0	0	1	0	0	1	0	1	0	1	1	0	0	0	0	0	0	0	0	1	0	0	1	0	0	0	1	2	0	0	0	1	0	1	0	0	1	0	1	0	0	0	0	0	0	0	0	0	0	0	0	0	0	2	0	0	1	0	0	0	0	0	0	0	0	0	0	0	1	0	0	0	0	1	0	1	0	0	0	0	0	0	0	0	0	0	1	0	0	0	0	0	1	1	0	0	0	0	0	1	0	0	1	1	1	1	0	0	1	0	0	0	0	2	0	0	0	0	0	0	0	0	0	0	0	0	1	0	0	1	1	0	1	1	0	1	0	1	1	0	0	1	0	0	0	0	0	1	0	0	0	0	0	0	0	1	0	0	0	1	0	0	0	0	1	0	0	0	0
0	0	0	0	0	0	0	0	0	0	1	1	0	2	1	0	1	2	3	6	2	1	2	2	4	7	13	14	6	13	2	1	4	4	3	1	2	3	5	8	29	22	0	26	17	7	5	2	5	5	10	1	58	8	5	4	5	4	3	2	1	2	0	1	1	1	1	0	5	4	4	3	3	1	7	2	4	5	4	4	2	2	3	7	10	7	10	21	12	7	11	3	2	3	5	12	9	8	0	5	3	2	0	1	1	0	2	1	1	2	2	0	0	2	0	1	3	1	3	4	2	0	1	0	2	2	0	0	2	2	0	0	2	3	1	1	0	0	1	1	0	1	1	1	1	4	0	0	1	0	0	1	1	0	2	0	4	1	0	1	1	0	0	1	3	0	0	0	0	2	1	1	2	1	1	1	0	1	1	0	1	0	0	1	0	0	1	1	0	0	0	1	0	0	1	0	0	0	0	2	2	1	0	1	1	1	8	5	0	1	2	1	1	2	2	1	0	1	0	0	0	1	0	0	1	1	1	1	0	0	0	1	0	0	0	0	0	0	0	0	1	0	1	0	0	2	0	1	1	2	1	0	0	0	1	1	0	0	1	0	0	0	1	2	0	0	1	3	1	1	1	0	3	0	0	0	1	1	1	2	0	0	1	0	1	1	1	0	0	0	0	0	0	0	0	0	0	0	0	2	2	0	0	1	0	0	0	0	1	0	0	0	0	1	0	0	0	0	0	0	0	1	1	0	1	1	1	0	0	0	0	0	1	0	0	0	0	1	1	0	0	1	0	2	0	0	0	0	0	0	0	2	1	0	0	0	0	0	0	0	1	0	0	1	0	0	0	1	0	1	0	1	0	0	0	1	0	0	0	1	0	1	1	0	0	0	0	0	0	1	0	0	0	0	0	0	0	0	0	0	0	0	0	2	0	0	1	1	0	0	1	0	1	0	0	2	0	0	0	0	1	0	0	0	0	1	1	0	0	0	1	1	0	0	0	0	0	0	0	0	1	0	0	2	0	0	2	0	0	0	0	1	0	0	0	0	1	0	0	1	0	0	0	0	0	0	0	0	0	0	1	0	0	0	0	0	0	0	0	0	0	1	0	0	0	1	0	0	0
0	0	0	0	0	0	0	0	0	1	0	0	0	2	2	1	0	1	2	0	0	3	4	2	2	4	2	8	7	2	3	0	1	3	4	0	4	0	1	5	7	6	26	0	22	18	4	3	6	8	3	5	18	1	3	1	1	2	0	1	1	0	0	1	0	0	0	3	6	4	0	2	2	2	2	2	3	4	2	3	9	6	7	10	12	33	8	48	11	11	3	2	1	2	2	7	13	12	1	2	2	3	2	3	1	0	0	1	2	1	2	0	0	1	1	4	0	2	3	4	0	0	1	2	5	8	6	2	2	1	1	1	4	1	5	1	1	1	0	0	2	1	1	2	1	0	0	0	0	0	0	1	1	0	1	2	0	0	0	3	0	1	1	1	3	3	1	0	1	1	2	4	0	0	2	2	0	0	0	0	0	0	2	2	1	0	0	0	0	0	0	0	1	0	1	0	0	0	1	0	2	5	1	0	2	11	10	9	2	3	2	4	3	2	1	4	0	0	1	0	2	0	0	0	1	1	0	0	0	0	0	0	2	0	1	0	0	0	1	1	0	0	0	0	0	2	0	1	2	1	1	0	1	0	2	2	0	2	2	2	1	0	0	0	0	1	2	0	0	0	0	0	3	0	0	0	1	0	0	0	0	0	0	0	0	0	0	0	0	0	1	0	2	1	0	0	0	0	0	1	0	0	0	1	0	3	0	1	0	0	0	0	0	1	0	0	2	2	1	0	0	1	1	0	0	1	0	0	1	1	0	1	1	0	0	0	0	1	0	0	2	0	1	0	0	0	2	1	0	0	0	1	0	1	1	0	0	0	0	0	0	0	0	0	0	0	0	0	0	0	0	0	0	0	0	0	0	0	0	1	1	0	1	0	0	0	0	1	1	0	0	0	0	1	0	0	0	0	0	1	0	0	0	1	0	0	0	0	0	0	1	1	1	1	0	0	0	2	3	0	0	1	0	0	0	0	3	1	0	0	0	0	0	0	0	1	0	0	0	0	0	0	0	0	0	0	1	0	1	0	1	0	0	0	0	0	0	0	0	0	0	0	0	0	0	0	1	0	0	0	0	1	1	1	0	0	1	0	1	0	1	0	1	0	0	0	0	0	1
0	0	0	0	0	0	0	0	0	0	0	1	0	0	1	2	2	3	2	5	2	2	4	6	5	5	2	11	9	6	4	1	2	8	1	3	1	2	3	4	4	3	17	22	0	122	24	6	8	11	11	8	9	6	2	3	0	0	1	1	2	4	0	3	2	1	1	2	3	6	1	1	0	2	3	5	4	6	4	5	9	1	9	16	14	7	5	8	6	2	2	1	3	1	7	3	14	23	4	1	0	4	2	2	0	2	2	5	8	2	1	0	2	1	1	1	0	1	2	6	1	1	5	5	11	11	18	4	4	4	0	2	3	0	3	0	0	0	1	2	0	0	0	2	0	0	0	1	0	0	1	0	0	1	0	0	0	0	0	0	0	1	0	0	2	0	2	0	2	2	2	1	2	4	0	1	1	1	1	2	1	0	2	1	0	0	0	0	0	0	0	0	1	2	0	0	0	1	0	5	2	3	2	4	7	20	31	11	6	4	1	4	4	2	2	3	0	0	0	1	0	0	2	0	0	1	0	0	0	0	0	1	1	0	0	0	1	0	0	0	1	0	0	2	1	2	0	1	1	4	0	0	1	1	2	4	2	2	6	3	0	0	0	1	2	0	0	0	0	0	0	1	0	0	2	1	1	1	0	0	0	0	1	0	0	1	0	0	0	0	0	2	0	0	1	0	0	0	3	0	0	1	0	0	0	1	0	2	1	0	0	1	3	1	1	0	0	0	0	0	1	1	0	0	1	1	1	0	0	1	0	0	0	0	0	0	0	2	0	0	0	0	1	0	1	0	1	1	0	0	0	0	1	0	0	0	0	0	0	0	0	0	0	0	0	0	0	1	0	1	0	0	3	3	0	0	3	0	0	0	0	1	0	0	0	0	2	0	0	0	0	0	1	0	0	0	0	0	0	0	0	0	0	1	0	0	0	0	1	0	0	0	1	0	1	1	1	0	2	1	1	1	0	0	1	0	1	1	0	1	0	0	0	0	0	0	0	1	0	0	0	0	0	0	1	1	0	0	2	0	1	1	0	1	0	1	0	0	0	0	0	0	1	0	1	0	0	0	0	1	0	0	1	0	0	0	0	0	0	1	0	0	1	0	0	1	1	0	1
0	0	0	0	0	0	0	2	0	0	0	2	2	1	0	2	2	1	1	3	3	3	6	1	4	5	6	13	22	10	6	3	1	4	1	4	4	2	3	3	6	2	7	18	122	0	30	14	11	15	9	3	8	1	4	4	0	1	1	1	0	3	3	3	0	1	0	3	8	2	0	3	0	3	4	2	2	10	11	2	12	5	15	36	55	6	10	8	4	1	8	2	3	1	4	6	17	22	2	2	1	3	1	2	2	2	3	0	3	2	1	1	0	1	0	0	3	0	5	9	5	6	4	4	13	10	24	6	7	3	1	3	3	1	0	0	1	0	0	0	0	0	0	0	1	1	0	1	1	0	0	1	0	1	1	0	1	0	1	0	0	1	5	1	0	0	0	0	3	2	1	2	4	0	1	0	3	0	1	1	2	0	0	0	0	0	0	0	0	2	0	0	1	0	0	0	1	0	0	1	1	5	2	6	5	10	22	9	3	0	3	4	1	5	1	0	0	0	2	1	1	2	0	1	0	1	0	0	0	0	1	0	0	0	1	0	0	0	0	0	1	0	0	1	0	1	1	1	2	1	2	3	1	1	1	1	1	2	5	1	0	1	3	0	1	1	1	1	0	0	0	1	1	0	0	0	0	0	0	1	0	1	0	0	2	2	1	0	0	0	0	1	0	0	1	1	0	1	1	2	0	1	0	0	1	0	0	0	0	0	3	0	0	0	0	1	0	0	0	0	0	0	1	1	0	0	0	0	0	0	1	0	2	0	0	1	0	2	3	1	2	1	2	0	0	0	0	2	0	0	0	0	0	0	0	1	1	0	0	1	1	0	0	0	0	1	1	0	0	1	0	0	0	1	2	0	2	0	0	0	0	0	0	0	0	1	0	1	0	0	0	0	1	2	0	1	0	0	1	0	0	0	0	0	0	0	0	0	1	0	1	0	1	1	0	3	1	0	0	3	0	0	1	0	1	1	1	0	0	0	0	0	0	0	0	0	1	0	0	0	0	0	0	1	0	0	0	0	0	1	1	0	0	0	1	0	0	0	1	0	0	0	0	0	0	0	1	0	0	0	1	0	0	0	1	0	0	0	0	0	0	0	1	0	0	0	0	0	1
0	0	0	0	0	0	0	0	0	1	0	1	0	1	0	0	0	1	1	3	3	0	5	9	9	8	4	11	8	7	1	0	0	2	1	4	1	4	2	1	3	5	5	4	24	30	0	23	27	53	28	19	10	0	1	2	1	1	3	1	0	1	4	1	4	0	1	0	4	4	1	4	1	1	1	3	2	5	4	4	7	2	7	10	7	3	3	8	2	6	3	3	3	5	16	8	23	71	17	2	4	5	1	0	0	1	0	3	3	1	1	3	2	2	0	0	0	3	7	3	1	1	7	5	9	8	16	12	9	10	7	7	3	1	3	1	1	1	0	0	0	1	0	0	0	0	1	1	1	0	1	0	0	1	1	2	1	0	2	2	2	1	0	1	1	2	1	1	2	2	2	2	4	1	3	1	3	2	1	1	0	1	0	1	0	0	0	0	1	0	2	2	0	1	0	1	0	2	0	4	5	4	9	3	11	10	12	5	2	2	2	8	3	4	1	3	3	0	1	3	1	1	0	0	0	0	0	0	0	1	0	0	0	1	1	0	1	0	1	1	0	0	0	0	0	0	1	0	1	0	0	1	0	1	2	1	1	4	5	7	1	1	1	1	0	1	3	2	1	1	1	0	0	0	1	0	0	0	1	0	1	1	1	1	1	0	0	1	0	0	0	1	0	0	0	0	0	0	1	1	1	0	0	0	0	0	1	0	0	1	0	0	0	0	0	0	2	2	0	1	0	0	1	0	1	0	0	0	0	0	0	2	0	0	0	0	2	0	0	0	2	1	0	1	0	1	0	1	0	1	1	0	0	0	0	0	1	0	0	0	0	2	1	0	1	0	0	1	0	0	0	0	0	0	0	0	1	1	1	1	1	1	0	1	0	0	2	0	0	1	0	0	0	1	0	0	0	1	0	1	0	0	0	1	1	0	1	3	0	1	0	0	0	0	2	0	0	1	0	0	1	0	1	0	0	0	0	0	0	0	0	0	1	0	0	0	0	0	0	0	1	0	0	1	0	1	1	1	0	1	1	1	0	1	0	0	0	1	0	0	1	1	0	0	0	0	1	0	0	1	1	0	1	1	0	0	1	0	0	1	0	0	1	0	0	0	0	0	0
0	0	0	0	0	0	0	0	1	0	0	2	0	0	2	0	1	4	6	10	9	7	16	12	6	3	3	1	10	7	2	2	1	1	1	0	0	2	0	0	5	3	2	3	6	14	23	0	148	30	8	8	6	5	1	0	1	3	1	1	1	0	3	0	2	3	2	3	6	3	7	4	3	3	2	0	0	3	1	2	6	15	12	8	7	1	5	3	2	2	2	0	4	5	2	4	5	12	6	3	9	3	7	2	2	1	2	1	7	2	3	1	1	0	0	1	3	4	1	11	1	2	5	2	8	7	12	18	11	6	2	2	2	1	2	2	1	0	0	0	0	0	3	0	1	0	1	0	1	1	0	0	0	0	0	2	1	0	1	0	4	0	2	2	1	0	0	1	0	5	4	6	1	0	2	1	2	4	1	0	1	2	2	2	0	0	0	1	0	1	0	1	0	2	1	1	3	0	1	2	7	11	11	6	10	6	8	4	2	2	0	2	4	1	0	2	1	0	0	0	0	0	1	0	1	0	3	1	0	0	1	0	1	0	0	1	1	1	1	0	1	1	0	0	0	0	0	0	0	0	1	1	3	1	2	1	1	1	4	2	2	1	4	0	0	1	0	0	1	1	1	1	2	2	2	1	0	1	2	3	0	1	2	1	0	0	1	0	0	0	1	1	2	2	0	0	1	2	0	2	1	1	0	0	0	0	0	1	0	1	0	0	1	0	0	0	1	0	1	0	1	0	0	0	0	0	1	0	0	0	0	0	0	0	0	0	0	1	1	0	1	0	0	0	3	2	0	2	0	1	0	1	0	0	0	1	0	0	0	0	0	1	0	0	0	0	1	1	1	0	0	0	0	0	0	0	1	0	2	0	0	2	1	1	0	0	1	1	0	1	1	0	1	0	0	0	0	1	0	0	0	0	0	0	0	1	0	0	0	1	0	0	0	1	1	0	1	1	1	0	1	0	0	0	1	0	0	1	0	0	0	0	0	0	0	0	0	1	0	0	1	1	1	0	0	1	0	0	0	0	0	2	0	0	1	1	0	0	0	0	0	0	0	0	0	0	0	0	4	0	0	0	0	0	1	1	0	0	0	1	0	1	0	0	0	0	1	0	1
0	0	0	0	0	0	0	0	0	0	0	0	0	0	2	1	1	0	1	7	3	2	4	8	3	7	6	3	11	6	0	3	1	0	0	0	0	3	2	0	2	1	5	6	8	11	27	148	0	44	8	14	4	0	0	1	0	0	1	0	1	2	3	0	2	1	4	0	3	2	1	2	4	2	4	0	1	3	3	6	5	15	15	6	12	1	2	0	2	3	3	3	1	4	7	1	6	8	15	9	12	4	4	2	1	2	2	1	4	5	5	4	0	0	2	0	4	3	6	10	3	7	8	7	12	7	12	25	21	16	3	0	3	3	0	1	1	2	0	1	0	1	1	1	1	0	0	0	0	0	1	1	0	1	0	1	0	2	1	0	1	1	1	2	1	2	0	0	0	5	4	3	3	2	0	2	3	0	2	1	2	2	1	0	1	0	0	1	0	0	1	0	0	0	0	2	1	2	0	2	1	9	8	8	20	9	7	1	5	3	3	6	3	6	1	1	0	0	0	0	0	0	0	1	0	0	0	0	0	1	0	1	0	3	0	0	0	0	0	0	0	0	0	0	0	1	3	0	2	2	0	2	1	0	3	0	3	3	11	4	3	1	1	0	3	0	3	0	1	2	0	0	1	1	0	0	0	3	0	2	2	0	1	1	1	1	1	1	2	0	0	1	0	0	0	0	0	0	1	1	0	0	1	0	0	0	0	0	0	2	0	0	0	0	1	0	2	0	2	1	1	1	0	1	1	1	1	0	0	1	2	0	0	0	2	0	0	0	0	1	0	1	0	2	1	0	1	1	1	1	1	1	1	0	0	0	0	0	0	0	0	0	0	0	0	0	0	0	0	1	0	0	0	0	0	0	0	1	0	0	0	0	0	1	1	1	0	0	1	0	0	0	0	0	0	1	0	0	1	0	0	1	0	0	0	0	0	0	0	0	0	0	0	0	1	1	0	0	0	4	0	0	0	0	0	0	0	0	0	0	0	2	0	0	0	1	0	0	0	0	0	0	0	0	0	0	0	0	0	1	0	1	0	0	0	1	0	2	0	0	0	0	0	0	1	0	1	0	0	0	0	1	0	0	1	1	0	0	0	0	1	1	0	1	0	0	0	0	0
0	0	0	0	0	0	0	2	2	0	0	0	0	3	1	1	2	2	3	3	4	4	7	13	7	4	5	5	3	5	1	4	3	1	2	0	2	4	1	3	5	2	5	8	11	15	53	30	44	0	52	31	4	2	2	2	2	1	3	0	0	0	1	1	1	1	0	0	1	3	2	2	3	0	0	0	0	0	0	5	4	6	4	8	2	4	1	5	6	0	2	2	3	3	6	6	7	14	32	10	6	12	9	3	2	6	2	4	6	2	3	1	0	3	1	0	4	2	3	2	2	5	7	7	11	2	6	17	6	11	11	4	2	1	2	1	0	2	1	0	0	0	1	1	0	1	0	0	0	0	0	0	2	0	1	0	1	0	2	1	1	0	3	1	2	1	3	0	0	4	3	3	3	4	0	1	2	3	4	2	1	1	0	2	0	1	2	0	0	2	1	1	0	0	0	0	1	1	3	3	7	14	9	11	16	7	4	6	3	0	1	3	1	2	4	1	0	1	0	0	0	1	0	0	1	0	0	1	0	2	0	0	0	0	0	1	2	1	0	0	1	1	1	0	0	0	2	3	0	3	1	1	0	0	1	1	3	0	2	2	0	2	2	2	0	2	0	2	4	1	0	0	0	0	0	1	1	0	1	2	1	2	1	0	0	1	1	1	2	2	0	0	0	0	0	1	1	0	0	0	1	0	0	0	1	0	1	0	1	0	0	0	1	0	2	1	3	1	0	1	0	1	1	1	3	0	0	0	0	1	1	1	1	0	0	0	0	0	1	1	1	1	2	0	0	1	1	1	2	1	1	0	0	0	1	1	0	2	0	0	1	0	0	0	0	0	0	0	1	0	0	1	1	0	0	0	1	0	0	1	0	1	0	0	2	0	0	2	0	0	0	0	0	0	0	1	0	0	0	0	1	1	0	1	1	1	0	0	0	0	0	0	0	0	0	1	0	1	0	0	0	0	0	1	0	1	0	0	0	0	0	0	0	0	0	0	0	0	0	0	0	0	0	0	0	0	1	0	0	0	0	0	1	0	0	0	0	1	0	0	1	0	0	0	0	1	1	0	0	0	0	0	1	0	1	1	1	0	0	1	1	0	0	0	0	0	1	2	0
0	0	0	0	0	0	0	0	0	3	0	1	1	1	0	1	0	0	2	2	2	1	4	10	3	2	4	4	1	2	2	1	0	2	2	0	0	0	0	3	0	1	10	3	11	9	28	8	8	52	0	126	5	1	2	1	1	0	1	1	1	1	1	2	1	1	1	1	2	3	3	0	2	2	1	1	0	2	1	1	1	4	4	5	7	2	1	5	11	0	0	4	0	3	5	7	9	13	23	13	18	15	18	2	1	4	6	10	12	1	6	5	2	0	1	2	4	2	5	4	1	1	1	4	6	2	6	11	10	7	8	3	4	3	1	3	3	1	1	1	0	0	0	1	0	0	1	0	0	0	2	1	1	4	1	2	2	0	1	1	1	3	3	0	3	2	2	2	1	2	3	2	3	3	3	1	1	0	0	0	1	2	1	2	0	1	3	0	0	1	1	0	0	0	2	0	3	5	2	3	7	11	5	14	30	11	18	13	5	4	1	4	1	5	2	5	1	1	1	0	0	0	0	0	0	2	0	0	0	0	0	1	0	0	0	1	3	0	0	0	1	1	1	0	1	1	0	1	1	0	2	1	2	1	1	1	1	2	8	3	2	0	2	0	2	2	3	1	2	1	1	0	1	0	0	0	1	0	0	1	0	0	0	0	1	1	0	1	0	1	0	0	1	0	1	1	1	0	0	2	2	0	2	1	0	1	0	0	1	0	0	0	1	0	1	0	0	2	0	0	0	2	1	0	0	1	0	0	0	0	0	0	0	1	1	0	0	1	0	0	3	0	0	2	2	1	1	2	0	0	0	0	1	0	0	0	1	1	1	0	0	0	0	0	1	0	0	0	0	1	0	1	1	1	0	0	0	1	0	0	0	2	0	1	1	2	0	0	0	0	0	0	1	0	1	0	0	1	0	1	0	0	0	0	2	0	0	1	1	0	0	1	1	0	0	1	6	0	2	1	1	1	0	0	0	0	0	1	3	0	0	0	0	0	0	0	1	0	0	0	0	0	0	0	0	0	0	0	0	0	0	0	0	0	1	0	0	1	0	0	1	0	0	0	0	1	0	0	0	0	0	1	0	0	0	0	1	1	1	0	0	1	2	0	0	1	0	1	1
0	0	0	0	0	0	0	0	2	0	0	1	0	0	0	0	1	1	1	2	3	3	4	5	7	4	3	8	1	1	1	1	0	2	0	0	2	2	3	0	3	1	1	5	8	3	19	8	14	31	126	0	3	0	3	2	1	0	0	1	2	0	0	0	1	3	1	0	1	0	2	0	0	3	3	1	1	1	4	8	2	6	7	1	5	3	2	8	4	4	3	2	4	4	5	9	10	13	9	5	12	14	9	3	3	3	4	7	5	5	2	1	0	2	2	0	6	2	13	7	3	1	6	6	6	6	12	27	5	13	12	2	5	2	2	2	0	1	0	1	1	1	1	0	0	1	0	0	0	0	0	0	2	1	1	1	1	2	3	2	0	1	2	3	8	2	1	1	3	7	9	0	3	1	1	3	2	1	3	0	2	0	1	0	1	1	0	0	1	1	2	2	1	2	1	0	1	2	1	3	5	8	9	15	112	18	16	28	4	4	3	4	3	8	11	3	2	0	3	0	1	1	1	0	1	0	0	0	0	1	1	1	1	1	0	2	0	0	0	0	0	0	0	0	2	0	0	0	1	0	0	1	3	3	2	6	5	1	11	3	1	1	4	2	2	1	3	0	2	1	1	0	0	0	0	0	1	0	0	0	1	2	1	0	1	2	0	0	0	1	2	2	1	1	1	0	2	0	0	2	1	4	1	0	1	3	2	0	0	2	1	1	1	0	0	1	2	1	1	0	1	2	0	0	0	0	0	1	0	0	2	1	1	0	0	0	0	1	1	0	1	2	1	1	0	4	2	0	1	0	0	0	1	0	0	0	0	0	0	0	1	0	1	0	1	0	0	0	0	1	0	1	2	0	1	2	0	0	0	1	0	0	0	1	0	0	1	2	0	0	0	1	1	0	1	0	1	0	0	0	0	0	1	2	0	0	0	0	1	0	1	0	1	0	0	2	0	0	0	0	0	0	0	0	0	2	0	0	0	0	1	1	0	1	0	0	0	1	0	0	3	1	0	0	0	0	1	0	1	2	0	0	0	1	1	0	0	0	0	1	0	1	0	0	0	0	0	0	0	2	0	0	0	0	1	0	0	1	0	4	0	1	0	0	0	0	0	0	0
0	0	0	0	0	0	0	1	0	0	0	1	0	0	1	4	0	0	1	3	2	5	7	3	2	12	23	36	12	3	4	5	4	7	1	4	2	4	4	13	26	6	58	18	9	8	10	6	4	4	5	3	0	2	6	4	4	1	2	2	1	2	4	10	1	2	3	6	7	2	3	1	1	2	4	3	0	2	5	2	3	5	6	16	15	9	3	8	6	5	9	3	4	4	12	12	15	24	5	2	0	2	2	0	1	1	0	0	4	2	1	4	0	1	2	0	1	1	2	1	4	2	4	1	3	3	3	2	4	3	1	2	1	0	2	0	0	0	1	0	0	0	2	0	1	0	0	0	0	1	0	0	0	2	0	1	2	0	1	0	0	2	1	0	1	2	1	1	3	0	1	3	0	2	2	0	0	0	0	0	0	0	0	0	0	1	0	2	0	0	0	0	0	1	0	1	2	1	2	0	0	0	2	3	1	4	4	0	1	0	3	2	1	4	2	0	0	0	0	1	0	0	0	0	0	0	1	1	1	0	0	1	1	1	0	0	0	1	0	0	0	1	0	0	3	0	1	1	0	0	2	0	1	1	1	1	1	1	2	2	0	1	1	1	0	0	0	0	0	3	0	1	0	0	1	0	0	0	0	0	0	0	0	0	0	0	2	1	0	1	0	0	0	0	0	0	0	0	0	0	1	0	0	0	0	1	0	0	0	0	0	0	1	0	0	0	0	0	0	2	0	0	2	1	0	1	0	0	2	0	0	0	0	0	2	1	1	0	1	0	0	0	0	0	1	1	0	0	0	0	0	1	0	0	1	0	3	1	0	0	1	0	0	0	1	0	0	1	0	1	0	0	1	0	0	0	1	0	0	0	1	1	0	0	0	0	0	0	0	0	0	0	0	0	2	0	0	0	0	1	0	0	0	0	0	0	0	0	0	0	0	0	0	0	1	0	0	0	0	0	2	0	1	1	0	0	0	2	0	0	0	0	0	1	1	0	0	1	0	0	0	0	0	0	0	1	0	0	0	0	1	0	0	0	0	0	0	0	0	0	0	0	0	0	1	0	0	0	0	2	0	1	1	0	0	0	0	0	0	0	0	1	0	0	1	1	1	0	0
0	0	0	0	0	0	0	0	0	0	0	3	2	0	1	2	1	1	1	0	0	1	1	1	2	3	4	1	5	8	4	6	7	18	7	18	16	10	13	11	15	23	8	1	6	1	0	5	0	2	1	0	2	0	27	9	10	13	3	1	5	5	2	3	1	2	0	2	1	2	1	1	1	0	4	2	1	3	2	0	0	1	0	3	7	6	1	5	5	6	1	1	5	2	1	1	0	3	1	1	1	1	0	2	0	0	0	0	0	0	0	1	1	0	0	1	0	0	0	1	1	3	0	0	0	0	0	4	2	0	1	0	1	1	0	0	0	0	0	0	1	0	0	0	0	0	0	0	0	0	0	1	0	0	0	2	1	1	1	0	0	0	0	3	1	1	0	1	0	0	0	1	0	0	0	0	0	0	0	1	0	0	1	2	1	1	0	1	1	1	0	0	0	0	0	1	0	0	0	2	1	2	0	0	0	1	1	1	3	0	3	1	2	1	0	1	1	2	1	0	0	0	1	0	1	0	0	0	0	0	1	0	0	0	0	0	0	0	0	0	0	0	0	0	0	0	0	1	0	0	0	0	1	0	0	1	1	1	0	0	1	0	0	0	0	1	0	0	0	0	0	0	0	1	0	1	0	0	0	0	0	0	0	0	1	0	0	0	0	0	0	0	2	1	0	0	1	0	0	0	0	0	0	0	0	1	0	0	0	1	0	0	0	0	0	0	0	0	0	0	0	1	0	0	0	0	0	0	0	0	1	1	0	1	0	1	0	0	0	0	1	1	0	0	0	1	1	0	0	0	0	1	0	0	0	0	2	0	0	0	0	0	2	0	0	1	0	0	0	0	0	0	0	0	0	0	0	0	0	0	0	1	0	0	0	1	0	1	0	1	1	0	0	0	1	0	1	0	0	0	1	1	0	0	1	0	0	0	0	0	0	0	0	1	2	0	0	1	0	1	0	0	0	1	1	0	0	0	1	0	0	1	0	0	0	1	0	0	1	0	0	0	0	0	0	0	0	0	0	0	0	0	0	0	0	0	0	0	0	0	0	0	0	0	0	0	0	0	0	0	0	1	0	0	0	0	0	0	0	0	0	0	1	0	0	0	0	0	0
0	0	0	0	0	0	0	0	0	1	1	2	0	1	0	3	2	1	0	2	1	1	3	4	5	6	3	5	1	7	4	1	3	4	7	11	7	5	13	4	6	9	5	3	2	4	1	1	0	2	2	3	6	27	0	18	24	35	10	4	4	5	2	2	1	4	4	2	0	2	4	2	1	4	1	1	4	2	0	1	1	2	1	2	1	2	4	6	5	3	5	4	2	0	0	4	0	2	1	1	2	0	0	0	0	0	0	1	0	0	1	0	0	0	0	0	1	0	2	0	1	0	0	0	3	1	1	2	1	0	0	0	1	0	0	1	0	0	0	0	1	0	1	0	1	0	0	1	0	0	0	1	0	0	0	0	0	1	2	0	1	1	0	0	0	0	0	0	0	0	0	0	0	2	3	1	1	0	1	0	1	0	0	3	0	2	1	0	0	1	0	1	0	0	0	1	0	1	0	0	2	3	1	2	1	0	3	0	0	0	0	0	1	2	0	0	1	0	0	0	0	0	0	0	0	0	0	0	0	0	1	0	0	1	0	0	0	0	0	0	1	0	0	0	0	0	0	1	1	0	0	0	1	1	0	1	2	0	1	4	0	2	0	0	1	1	0	1	0	0	1	0	0	0	0	0	0	0	0	1	1	0	0	0	0	0	0	0	0	0	0	1	0	0	0	0	0	1	0	0	1	0	0	0	0	0	0	0	0	0	1	0	0	0	0	0	0	0	0	1	1	0	0	0	0	1	1	0	2	1	0	0	1	0	0	0	0	0	1	0	0	0	0	0	0	0	1	0	0	0	0	0	0	0	0	0	1	0	0	0	0	0	0	1	0	0	0	1	0	1	0	1	1	0	0	0	0	0	0	1	0	0	0	0	1	1	0	0	0	0	0	0	0	0	0	0	0	2	0	0	0	0	0	0	0	0	0	1	0	1	0	0	1	0	0	1	0	0	0	0	1	1	1	0	1	1	0	2	0	0	0	0	0	0	0	0	0	0	0	2	0	0	0	0	0	0	0	1	0	1	0	0	0	0	0	0	1	0	1	0	0	0	0	0	0	0	0	0	1	1	0	1	1	0	0	0	0	0	0	0	0	0	0	0	0	0	0	0	0
0	0	0	0	0	0	0	1	0	1	3	3	1	0	0	1	4	0	2	2	0	1	3	0	1	5	2	3	1	2	0	0	3	4	2	2	10	1	4	1	1	3	4	1	3	4	2	0	1	2	1	2	4	9	18	0	105	10	4	4	1	2	3	3	3	1	1	0	0	1	2	1	1	2	1	1	1	2	0	0	0	2	1	0	2	0	2	1	6	5	5	7	2	3	1	2	4	1	1	0	2	0	1	1	0	0	1	0	1	0	0	0	0	0	0	1	2	0	0	0	0	1	0	0	1	1	0	0	3	0	1	0	1	1	1	0	2	1	0	0	1	1	1	0	3	0	1	0	1	0	0	1	0	0	0	0	0	0	0	0	0	0	3	0	1	1	0	0	1	0	1	2	1	1	0	0	1	0	0	0	0	0	0	1	0	0	1	0	0	0	0	1	0	1	1	0	1	1	0	2	0	2	2	0	0	0	0	2	1	0	0	2	0	1	1	0	0	0	1	0	0	0	0	0	0	0	0	0	0	0	0	0	0	0	0	1	0	0	0	1	0	0	0	0	0	0	0	0	0	0	0	1	0	1	0	0	0	1	2	0	0	0	0	1	0	0	0	0	1	0	0	0	1	0	1	0	2	1	0	0	0	1	0	2	1	0	0	0	0	0	0	0	1	0	0	0	0	0	0	0	0	0	1	0	1	0	1	0	0	0	0	0	0	0	0	3	1	0	1	0	0	0	0	0	0	1	0	0	0	1	0	1	2	3	0	0	0	0	0	0	1	1	0	0	0	2	1	0	0	1	0	0	0	0	0	0	0	0	1	0	0	0	0	0	2	0	0	0	0	1	0	0	0	0	0	0	0	0	0	1	0	0	0	1	0	1	0	1	0	0	0	0	0	0	0	0	0	0	0	1	0	0	0	0	3	0	0	0	0	0	0	0	1	0	1	2	0	1	1	1	0	0	0	0	0	0	0	0	0	0	0	0	0	0	0	0	0	1	1	0	0	1	0	0	1	0	0	1	0	1	0	0	1	0	1	0	0	0	0	1	0	0	2	0	0	0	0	0	1	0	0	0	0	0	0	1	0	0	1	1	1	0	0	0	0	0	0	1	0
0	0	0	0	0	0	0	1	1	0	1	1	0	2	0	1	0	0	1	3	2	1	0	2	0	2	2	2	0	1	3	0	3	2	5	3	5	2	2	3	0	3	5	1	0	0	1	1	0	2	1	1	4	10	24	105	0	36	13	4	3	7	1	3	3	0	1	1	0	2	3	2	2	0	1	2	0	0	1	1	0	0	0	3	2	2	1	0	4	2	5	2	0	1	1	2	2	2	1	0	0	1	0	0	1	0	0	1	0	0	1	0	0	1	0	0	0	1	1	0	1	1	0	0	1	0	1	2	1	1	1	0	1	0	0	0	0	0	0	0	0	1	0	2	1	0	1	0	1	3	0	0	0	1	1	0	1	0	0	1	0	0	0	1	0	2	0	0	0	2	0	0	0	0	0	0	0	0	0	0	0	0	0	0	1	0	0	0	0	2	1	1	0	0	0	0	0	0	0	2	1	0	0	0	0	2	0	2	0	0	1	0	1	0	2	1	0	1	0	0	0	0	0	0	0	0	0	0	3	0	0	0	0	0	0	0	0	1	0	0	0	0	0	0	0	1	0	0	1	0	1	0	0	0	0	0	1	2	0	2	1	0	2	0	0	0	0	0	0	0	0	1	1	0	0	0	1	1	0	0	0	0	0	0	0	0	0	1	1	2	0	0	0	1	0	1	0	0	0	1	0	0	0	0	0	0	0	0	0	0	0	0	1	1	1	0	0	1	0	0	1	0	0	0	0	0	1	0	0	0	0	0	1	0	0	0	0	0	0	0	0	0	0	0	0	1	1	0	0	0	1	0	0	0	1	1	0	0	0	0	0	1	0	0	0	1	0	0	0	0	0	0	0	1	0	0	0	0	0	0	0	1	0	0	0	0	0	0	0	0	0	2	1	1	0	0	0	0	0	0	0	1	0	1	0	0	0	1	0	0	0	0	0	0	0	2	0	0	0	0	0	0	0	0	1	0	0	0	1	0	0	1	0	0	1	0	0	1	1	0	0	0	0	0	1	0	0	0	0	0	0	0	0	1	0	0	0	0	1	0	0	0	0	1	0	0	0	0	0	0	0	0	1	0	0	0	0	1	0	1	0	0	0	1	0	0	0	1	0
0	0	0	0	0	0	0	1	1	1	3	2	2	2	1	1	2	0	1	1	1	1	0	2	1	0	4	5	4	3	0	2	3	4	2	8	11	9	2	3	3	3	4	2	0	1	1	3	0	1	0	0	1	13	35	10	36	0	29	6	5	3	0	6	3	2	2	1	1	1	2	1	1	0	2	1	1	0	0	0	1	1	1	0	2	1	1	1	2	2	4	4	5	0	2	1	1	1	1	0	2	1	1	0	1	0	1	0	2	0	0	0	0	0	0	0	0	1	0	0	1	1	0	0	0	1	0	2	0	1	0	0	1	0	1	0	0	0	0	0	1	0	0	1	1	0	0	0	0	0	0	0	1	0	1	0	0	1	0	1	0	0	0	1	0	0	0	1	0	0	0	0	0	0	0	0	0	0	0	1	0	1	1	0	0	0	0	0	0	0	0	3	1	1	0	0	0	0	0	0	0	2	0	0	0	0	0	1	0	0	0	0	0	2	0	1	0	2	1	1	0	0	0	0	1	0	0	0	0	0	0	0	0	0	0	1	0	0	0	0	0	0	1	1	0	1	1	0	1	0	0	1	0	0	0	0	0	0	1	0	0	3	0	0	0	1	1	0	1	1	0	0	1	0	0	0	0	0	0	0	0	0	0	1	0	0	2	0	0	0	0	0	0	1	0	1	0	1	0	0	1	0	0	0	1	0	0	0	1	0	0	0	1	0	0	0	0	0	0	0	0	0	1	0	0	0	0	1	0	0	0	0	0	0	1	0	1	2	0	0	0	0	0	1	0	0	0	0	0	0	0	2	0	0	0	0	1	0	0	0	0	0	0	0	0	1	0	0	0	0	0	0	0	1	0	0	0	0	0	0	0	0	0	0	0	0	0	0	1	1	0	0	0	0	0	0	1	0	0	0	0	1	0	1	0	0	0	0	0	1	0	1	1	0	0	0	0	0	0	0	1	0	0	0	0	0	0	0	1	0	1	0	0	0	0	0	0	0	0	0	1	0	0	0	1	0	0	0	0	0	1	0	0	0	0	0	0	0	0	0	0	0	0	1	0	0	0	0	0	0	0	0	0	0	0	1	0	0	0	0	0	0	0	0	0	0	0	0	0
0	0	0	0	0	0	0	1	4	4	3	3	3	5	2	1	1	3	1	3	0	1	2	3	1	2	1	4	1	0	2	4	0	5	4	6	13	3	4	5	3	2	3	0	1	1	3	1	1	3	1	0	2	3	10	4	13	29	0	28	17	7	7	4	2	2	1	0	1	1	1	3	2	0	0	2	0	1	0	2	3	0	2	2	2	0	1	3	1	2	2	0	1	2	2	1	0	0	0	0	0	0	2	1	0	0	1	0	0	0	1	0	0	0	0	2	0	0	0	1	0	0	0	1	1	0	1	0	1	0	0	0	1	1	0	1	0	0	0	0	1	0	0	1	0	0	1	0	1	0	0	0	0	0	0	0	0	1	2	0	1	0	0	1	0	1	1	0	0	1	0	0	0	0	0	2	1	1	0	1	0	0	0	0	0	0	0	0	0	0	0	0	1	1	0	0	1	1	0	1	1	0	0	2	1	0	2	1	0	1	1	1	1	0	2	0	0	0	0	0	0	0	0	1	0	0	0	0	0	2	2	0	0	0	0	1	0	0	0	0	0	1	1	0	0	0	0	0	0	0	1	0	0	0	0	0	0	0	1	0	1	3	0	0	0	2	0	2	0	0	0	0	0	1	1	0	0	0	0	0	0	0	0	0	0	0	0	0	0	0	0	0	0	0	0	0	1	0	2	0	0	0	0	0	0	1	0	0	0	0	1	0	0	0	0	0	0	0	0	0	0	0	0	1	0	0	1	0	0	0	1	1	0	0	0	0	0	1	2	0	1	0	0	0	0	0	0	1	0	0	0	0	0	0	0	0	0	0	0	0	0	1	0	0	0	0	0	1	0	0	0	1	0	0	0	0	0	0	0	0	1	0	0	1	0	0	0	0	0	0	0	0	1	0	1	0	0	0	0	0	0	0	0	0	0	0	0	0	0	1	0	0	0	0	0	0	0	0	0	0	0	1	0	0	0	0	0	0	0	0	0	0	0	0	0	0	1	1	0	0	0	0	2	0	0	0	1	0	0	0	0	0	0	0	0	1	0	0	0	0	0	0	0	0	0	0	1	1	0	0	1	0	0	0	0	0	0	1	0	2	0	0	0	0	0	0	0	0	0
0	0	0	0	0	0	0	5	3	8	7	3	1	3	3	5	2	4	0	1	1	1	0	0	0	5	3	4	1	1	1	2	1	6	0	6	10	9	4	3	2	2	2	1	1	1	1	1	0	0	1	1	2	1	4	4	4	6	28	0	23	14	3	10	5	2	4	2	1	3	1	0	2	0	1	1	1	1	0	1	2	2	1	0	1	3	1	2	1	1	0	1	0	0	0	1	1	0	2	1	1	0	0	1	0	0	0	0	0	1	0	1	1	0	0	0	1	0	0	0	0	2	1	0	1	0	0	0	0	1	1	1	0	0	2	0	0	1	0	1	1	0	1	0	0	1	1	0	0	0	0	0	1	0	0	0	0	0	0	0	0	1	0	0	0	1	0	1	0	0	2	1	0	0	1	0	1	1	1	0	2	0	0	0	0	0	0	0	0	0	0	0	0	0	2	0	0	0	0	0	0	1	0	0	0	1	1	0	1	0	0	0	1	2	2	1	0	0	0	1	0	0	1	0	0	0	0	1	0	0	0	0	0	0	0	1	0	1	1	0	0	0	0	0	0	0	0	0	0	0	1	1	0	0	0	0	0	0	0	1	0	0	0	0	0	0	0	0	2	0	1	1	0	0	2	0	1	0	0	0	2	1	0	0	0	0	0	0	0	0	0	0	0	0	0	0	0	0	1	0	0	0	0	0	0	1	1	0	1	0	0	0	0	0	0	0	0	0	0	0	0	0	2	1	0	0	0	0	0	0	0	0	0	0	0	1	0	1	0	0	2	1	0	1	0	1	0	2	0	0	0	0	0	0	0	0	0	0	0	0	0	0	0	1	0	0	0	0	0	0	1	0	0	0	0	1	0	0	0	0	0	0	0	0	0	1	0	0	2	0	1	2	0	0	0	0	0	0	0	0	0	0	0	0	1	0	0	0	0	0	1	0	0	1	0	0	1	0	0	0	0	0	0	0	0	0	0	0	0	0	0	0	0	0	2	0	1	0	0	0	0	0	0	0	0	0	0	0	0	0	0	0	0	0	0	0	0	0	0	0	0	0	0	0	1	0	0	0	0	0	0	0	0	1	0	0	1	0	0	0	1	0	0	0	0	0	0	0	0
0	0	0	0	0	0	0	4	5	8	14	5	2	3	10	7	8	5	1	1	2	0	2	0	1	0	2	2	3	2	4	4	4	4	10	10	27	11	11	1	7	4	1	1	2	0	0	1	1	0	1	2	1	5	4	1	3	5	17	23	0	14	6	5	9	6	2	3	4	5	3	0	0	0	4	2	2	1	1	0	1	0	1	1	0	1	0	0	4	3	3	1	2	1	0	2	2	1	1	2	1	0	0	0	1	0	2	0	1	0	0	0	0	0	1	1	0	1	2	2	1	2	1	0	2	0	0	0	2	1	0	0	0	1	0	0	0	0	0	0	0	0	0	0	0	1	0	0	0	0	0	0	0	0	0	0	0	1	0	0	1	0	0	0	1	1	0	1	0	0	0	0	0	0	0	0	1	2	0	0	0	0	1	0	0	0	0	0	0	0	0	0	0	0	0	1	0	0	1	1	2	0	0	1	0	0	2	1	1	0	0	0	1	1	0	0	0	0	0	0	0	0	0	0	1	0	0	0	0	0	0	0	0	0	1	0	0	0	0	0	0	0	0	0	1	0	0	1	1	0	1	0	0	0	0	0	0	0	0	0	0	1	1	0	0	0	1	0	1	1	0	0	0	0	0	0	0	0	0	0	0	0	0	0	0	0	0	0	0	0	0	0	1	0	0	0	0	0	0	0	0	0	0	0	0	0	1	1	0	0	0	0	1	0	1	0	0	0	0	1	1	0	0	0	1	0	1	1	0	0	0	0	0	1	1	0	0	0	0	0	0	0	0	1	1	2	0	0	0	1	0	0	0	0	0	0	0	0	0	0	0	1	0	0	0	0	0	0	0	0	0	0	0	0	0	0	0	1	0	0	0	0	1	0	0	0	0	0	0	0	0	0	0	0	0	1	0	0	0	0	0	0	0	0	1	1	1	0	0	0	0	0	2	0	1	0	1	1	0	0	0	0	0	0	0	0	1	0	0	0	0	0	0	0	0	0	1	0	0	0	0	0	0	0	0	1	0	0	0	0	0	0	0	0	0	0	0	0	0	0	0	0	0	0	0	0	0	1	1	0	0	0	0	0	0	0	0	0	1	0	0	0	0	0	0	2	0	0	0
0	0	0	0	0	0	0	1	4	7	11	5	3	5	16	4	9	6	9	1	1	0	0	2	3	3	2	2	0	4	16	14	4	5	2	8	25	19	10	2	1	2	2	0	4	3	1	0	2	0	1	0	2	5	5	2	7	3	7	14	14	0	25	36	15	7	8	3	6	3	4	1	4	5	4	2	3	1	3	3	2	1	0	1	0	1	1	4	1	1	1	1	2	1	2	2	3	0	1	0	1	0	0	0	0	0	0	4	0	0	1	1	1	1	0	0	0	0	1	0	0	2	0	1	1	2	1	0	1	2	1	0	1	1	0	0	1	0	1	0	0	1	0	0	0	0	0	0	0	0	0	1	0	0	0	0	0	0	0	0	1	0	0	1	0	0	1	0	0	1	1	1	0	0	0	0	1	1	2	0	0	0	0	1	1	0	0	0	0	1	0	0	0	0	0	0	1	1	0	2	0	1	0	4	1	1	2	1	0	1	1	0	1	1	0	0	0	0	0	0	0	0	1	0	0	0	0	0	0	0	0	0	1	1	0	0	1	0	1	0	0	0	1	0	0	0	0	0	0	0	0	0	1	0	0	1	0	0	0	1	1	0	1	0	0	0	1	0	0	0	0	0	1	0	1	0	0	0	0	0	0	0	0	0	0	0	0	1	0	2	0	0	0	0	0	0	0	0	0	0	0	0	0	0	0	0	0	0	0	0	0	0	0	0	0	0	0	0	0	0	0	0	0	0	0	0	0	0	1	0	0	0	0	0	0	1	0	0	1	0	0	0	1	0	0	0	0	0	0	0	0	1	0	0	0	0	0	0	0	0	1	0	0	1	1	0	1	2	0	0	0	1	0	0	0	0	1	0	0	0	0	0	0	1	0	0	0	1	0	0	0	1	0	0	0	0	0	0	0	1	0	0	0	0	1	0	0	0	1	0	0	0	0	0	0	0	0	1	0	0	0	1	0	0	1	0	0	0	1	0	0	0	0	0	0	0	0	0	0	0	0	0	0	0	0	1	0	0	0	0	0	1	0	1	0	0	0	0	0	0	0	0	0	0	0	0	0	0	0	0	0	0	0	0	0	0	0	0	0	1	0	1	0	0	1	0	0	0	0
0	0	0	0	0	0	0	2	2	2	8	1	2	3	9	16	19	8	15	4	1	1	2	2	2	3	5	7	4	5	49	20	4	4	1	4	7	9	20	5	6	4	0	0	0	3	4	3	3	1	1	0	4	2	2	3	1	0	7	3	6	25	0	78	38	28	4	10	6	9	10	4	2	5	3	5	3	4	3	3	7	1	0	5	7	1	1	1	0	0	0	2	1	1	0	0	2	0	4	0	0	0	0	0	0	1	0	2	0	1	0	0	1	0	0	1	1	0	1	2	0	2	0	0	0	0	0	0	1	1	0	0	0	1	1	0	0	0	0	0	1	1	0	0	0	0	1	0	0	0	0	0	1	0	1	0	0	0	0	0	0	0	0	1	1	1	0	0	0	1	0	1	0	0	0	0	1	0	0	1	0	0	0	0	0	0	0	0	0	0	0	0	1	0	0	0	0	0	0	1	2	1	2	2	2	2	0	0	0	0	0	0	2	0	0	0	2	1	0	0	0	0	0	0	0	0	0	0	0	0	1	0	0	1	0	0	0	0	0	0	0	0	1	0	1	0	0	0	1	0	0	0	0	0	0	2	0	3	0	1	0	0	0	0	0	0	0	0	1	1	0	1	0	0	0	0	0	0	0	0	0	2	0	0	0	0	1	1	0	0	1	0	0	1	0	0	0	0	0	1	1	0	0	0	0	0	0	0	0	1	0	0	1	0	1	0	0	0	0	0	0	0	1	1	1	0	0	0	1	1	0	1	0	0	0	0	0	0	2	0	0	0	0	0	0	0	0	0	1	0	0	1	0	0	0	0	0	0	0	1	0	0	0	0	0	0	1	0	0	0	1	0	0	1	0	1	0	0	1	0	0	0	0	0	0	1	0	0	0	0	0	0	0	0	1	0	0	0	0	0	0	0	0	0	0	0	0	1	0	0	0	1	1	0	0	0	0	0	0	0	0	1	0	1	0	1	0	0	0	0	0	0	0	0	0	0	0	1	0	0	0	0	0	1	0	0	1	0	0	1	0	0	0	0	0	1	0	0	0	0	0	0	0	0	0	0	0	0	0	0	1	0	0	0	0	0	1	0	0	0	1	0	0	0	0	0	1	0	0
0	0	0	0	0	0	0	2	3	3	6	1	2	2	11	17	23	7	13	3	0	3	1	0	0	3	2	1	5	2	13	20	3	2	5	6	7	7	7	4	4	1	1	1	3	3	1	0	0	1	2	0	10	3	2	3	3	6	4	10	5	36	78	0	85	17	8	6	4	4	5	8	3	3	2	5	1	2	0	1	4	2	0	1	4	0	0	1	1	1	1	1	2	1	2	2	2	2	1	0	0	0	0	0	0	1	0	0	2	0	0	0	0	0	0	1	2	0	0	2	1	1	0	1	1	1	3	2	1	0	1	1	1	0	0	0	0	0	0	0	0	0	0	0	1	0	1	0	0	0	1	0	1	0	0	2	0	0	0	0	0	0	0	0	1	0	0	0	0	1	0	0	0	0	0	0	0	0	0	0	0	0	0	0	1	0	1	0	0	0	0	0	0	0	0	0	0	0	1	0	0	0	1	2	2	0	4	1	0	1	0	0	1	0	1	1	0	1	0	0	0	0	0	0	0	0	0	0	1	0	0	0	0	2	0	0	0	0	0	0	0	0	0	0	2	1	0	0	1	1	0	0	0	0	1	1	0	0	0	1	0	0	0	0	0	0	0	1	1	1	0	0	1	3	0	0	0	1	0	0	0	0	0	0	0	1	0	0	0	0	0	1	1	0	0	0	0	2	0	0	0	1	0	0	0	0	0	0	0	0	0	0	0	0	0	1	0	0	0	0	0	0	0	0	0	0	0	1	0	0	0	0	0	1	0	0	0	1	0	0	1	2	0	0	0	1	0	0	1	1	0	0	1	1	0	1	1	0	0	0	0	2	1	0	0	0	0	1	0	1	0	0	1	1	0	0	0	0	0	0	0	0	0	0	0	0	0	0	1	0	0	0	0	0	2	1	0	0	0	0	0	0	0	1	0	0	0	1	0	0	0	0	0	0	0	0	1	0	0	0	0	0	0	1	1	0	0	1	0	0	1	1	0	1	0	0	1	0	0	0	0	0	1	0	0	1	0	0	0	1	0	0	0	0	1	0	0	0	0	1	0	0	0	0	0	1	0	0	0	0	0	0	0	0	0	0	0	0	0	1	0	1	1	1	0	0	0	0	0
0	0	0	0	0	0	0	1	2	8	6	1	2	5	3	6	24	23	16	6	2	0	0	2	1	1	3	2	0	5	9	8	6	4	3	8	9	3	5	3	2	0	1	0	2	0	4	2	2	1	1	1	1	1	1	3	3	3	2	5	9	15	38	85	0	18	5	4	4	4	8	3	4	0	5	2	2	2	1	2	1	2	4	3	2	1	1	2	0	0	3	1	0	0	1	0	0	3	3	0	0	0	1	0	0	0	2	0	0	3	0	0	1	0	0	0	0	2	2	1	4	1	1	2	1	1	1	0	2	0	0	0	1	0	2	0	2	0	0	1	0	0	0	1	0	0	0	0	0	0	0	1	0	1	0	1	0	0	0	0	1	1	0	0	0	1	1	0	0	0	1	1	0	0	0	0	0	0	2	0	0	0	0	0	0	0	1	0	0	0	0	0	0	0	1	0	1	0	0	0	1	0	0	0	0	0	1	0	1	0	0	1	0	0	1	0	1	1	0	0	0	0	0	0	0	2	0	0	0	0	0	0	0	1	0	0	0	0	0	0	0	0	0	1	0	0	0	1	0	0	0	0	0	1	0	0	0	0	0	0	0	1	0	1	0	0	1	0	0	0	0	0	1	0	0	1	0	0	1	0	0	0	0	0	0	0	0	0	0	1	0	0	0	0	1	0	0	0	0	0	0	1	0	0	0	0	1	0	0	1	0	0	0	0	0	0	0	0	0	1	0	0	0	0	1	0	0	0	0	0	0	0	0	0	1	0	0	0	1	0	0	0	0	0	0	3	0	0	0	1	0	1	0	0	1	0	0	0	0	1	0	1	1	0	0	0	0	0	0	0	0	0	1	0	0	0	2	1	0	0	0	0	0	0	0	0	0	0	0	0	1	0	1	0	0	0	0	0	0	0	0	0	0	0	0	0	0	0	0	0	1	0	0	0	0	0	1	0	0	1	0	0	1	0	0	0	0	1	0	1	0	0	0	0	0	1	0	0	0	0	0	0	0	0	0	0	0	0	0	0	0	0	1	0	0	1	0	0	0	0	0	0	0	0	0	0	0	0	0	1	0	1	1	0	0	0	0	0	0	0	0	1	0	0	0	0	0	0	0
0	0	0	0	0	0	0	4	5	3	6	1	4	2	8	11	41	17	10	7	3	1	0	1	2	2	6	7	4	5	12	18	4	2	2	7	2	5	6	3	4	4	1	0	1	1	0	3	1	1	1	3	2	2	4	1	0	2	2	2	6	7	28	17	18	0	24	16	17	11	25	12	7	1	4	3	5	3	4	3	4	5	2	3	2	2	0	1	0	0	1	3	1	0	1	0	1	2	1	1	1	0	0	0	1	1	1	1	1	1	2	0	1	2	0	0	1	1	0	2	0	0	0	1	0	0	2	0	0	1	2	0	1	3	1	0	0	0	0	0	0	0	1	0	0	1	0	0	0	0	0	0	0	0	0	0	0	0	1	1	0	0	1	0	1	0	1	0	0	0	0	0	0	0	0	1	0	1	1	0	0	0	0	0	0	0	0	0	0	0	0	2	1	0	0	0	1	1	2	1	2	1	1	0	1	0	1	0	1	0	1	2	0	0	0	0	0	0	0	1	1	0	0	0	0	0	0	1	0	0	1	0	0	0	0	0	0	0	0	0	2	0	0	0	0	0	0	1	1	1	0	1	1	0	0	1	3	0	1	2	0	2	0	0	0	1	0	1	0	0	0	0	0	1	0	1	0	0	0	1	0	1	0	0	0	1	0	0	0	0	1	0	0	0	0	1	0	0	0	0	0	0	0	1	0	1	0	0	1	0	0	0	1	1	1	0	1	1	2	0	0	0	0	2	0	0	0	0	0	0	0	0	1	0	0	0	0	1	0	0	0	2	0	0	0	0	1	0	0	0	0	0	0	0	0	1	0	0	0	0	0	0	0	1	0	0	0	0	0	1	0	1	0	1	0	0	0	0	0	3	0	0	0	1	2	1	0	0	0	0	0	0	0	0	0	0	0	0	0	0	0	0	1	0	0	0	0	0	0	0	0	0	0	0	0	0	0	0	0	3	1	0	0	0	0	0	0	0	0	0	0	0	0	1	0	0	0	0	0	0	0	0	0	0	1	0	0	0	0	0	0	0	0	1	0	0	0	1	0	1	1	0	0	0	0	1	0	0	0	0	0	0	1	1	0	0	0	1	0	0	0	0	0	0	0	1	0	0	0
0	0	0	0	0	0	0	4	2	4	5	3	3	4	5	8	14	7	3	4	0	4	1	1	1	2	1	1	3	10	9	21	3	2	3	5	5	6	7	6	2	2	1	0	1	0	1	2	4	0	1	1	3	0	4	1	1	2	1	4	2	8	4	8	5	24	0	31	8	16	15	17	9	6	10	9	5	6	5	6	4	2	4	3	2	2	2	4	2	1	1	1	5	0	0	0	0	1	0	2	1	0	1	0	0	0	0	0	0	0	1	1	0	0	0	0	0	1	0	2	3	1	3	1	1	3	0	2	3	0	0	1	0	1	0	0	0	0	0	0	0	1	0	0	0	0	0	0	0	0	0	0	0	0	0	0	0	0	0	0	0	1	0	0	0	1	2	0	0	1	2	0	1	0	0	1	0	0	0	0	0	0	0	0	0	0	0	1	1	0	0	0	2	0	1	0	0	0	0	0	1	0	1	1	1	1	1	1	1	0	1	0	0	2	1	0	0	0	0	0	1	0	0	1	1	0	0	0	0	0	0	0	0	0	0	0	0	1	0	0	0	0	0	0	0	1	1	0	1	1	1	0	0	0	1	0	0	0	1	0	1	1	2	2	1	1	0	0	0	2	0	1	1	0	1	1	0	0	0	0	0	0	0	0	0	0	0	0	0	1	0	0	0	0	0	0	0	0	0	1	1	1	0	0	1	0	0	0	0	0	1	1	0	0	1	0	0	0	1	0	0	0	0	0	0	0	0	1	0	0	1	1	0	0	0	1	1	0	0	0	0	0	1	0	0	1	0	0	0	0	0	1	1	1	0	0	0	0	2	0	0	0	0	0	0	0	0	0	1	0	0	0	1	0	1	0	0	0	0	2	0	0	1	0	0	0	0	1	0	0	0	0	0	1	0	0	0	1	0	1	0	0	0	0	0	0	0	0	1	0	0	1	0	0	0	0	0	0	0	0	0	0	0	0	0	0	1	0	0	0	0	0	0	0	0	0	0	1	0	0	0	0	0	0	1	0	0	0	0	0	0	0	1	0	0	0	0	0	0	1	0	0	0	0	0	0	1	0	1	0	0	0	0	0	0	0	0	0	0	0	0	0	0	0	0	0	0	0	0
0	0	0	0	0	0	0	0	0	1	2	4	1	6	5	2	1	4	3	4	0	2	1	1	0	1	1	4	6	14	19	30	17	9	1	3	0	8	16	6	3	4	0	3	2	3	0	3	0	0	1	0	6	2	2	0	1	1	0	2	3	3	10	6	4	16	31	0	31	35	7	15	12	13	34	16	18	11	4	6	3	3	5	4	4	3	2	2	1	0	1	2	0	1	1	1	2	2	0	2	0	1	0	0	1	1	0	0	0	1	0	2	2	1	2	1	3	1	1	1	0	1	1	1	2	0	3	2	1	1	1	0	1	0	0	0	0	0	0	0	0	0	0	0	1	0	0	0	0	1	0	0	0	1	1	0	0	0	0	0	1	0	1	0	1	0	0	2	0	1	0	2	2	0	0	0	2	1	0	0	0	0	1	0	1	1	0	0	0	0	0	0	0	0	0	1	0	0	1	0	2	1	0	0	0	2	1	1	1	1	1	0	2	3	1	0	1	0	0	0	0	0	1	0	0	0	0	0	1	0	1	0	0	0	0	0	1	0	0	0	0	0	0	0	0	0	0	0	0	0	2	0	1	1	0	0	1	1	1	0	0	0	0	1	1	2	0	0	0	0	0	0	0	1	0	0	0	0	0	1	1	0	0	0	0	2	0	0	1	0	0	0	0	0	0	0	1	1	1	0	1	1	1	0	0	0	0	0	0	0	0	0	1	0	0	0	1	0	0	0	0	1	0	0	0	1	0	0	0	0	0	0	0	1	0	2	0	0	0	0	1	3	0	0	0	0	0	1	0	0	1	0	0	0	0	1	0	0	0	0	1	0	0	0	0	0	0	0	0	1	0	0	1	0	0	0	0	1	0	0	1	2	1	1	0	0	0	0	1	0	0	0	0	0	0	0	0	0	0	0	0	1	0	0	0	0	0	0	1	0	0	1	0	0	0	0	0	0	0	0	1	0	0	1	0	0	0	0	0	1	0	0	0	0	1	1	0	1	0	0	0	0	0	0	0	0	0	0	0	1	0	0	1	0	0	0	0	0	0	0	0	0	0	0	0	0	0	0	0	0	0	0	0	1	0	1	1	0	0	0	0	0	0	0	0	0	0	1	0
0	0	0	0	0	0	0	1	0	0	2	1	1	4	7	7	6	5	6	3	5	1	1	0	5	5	4	11	33	35	22	8	9	5	1	1	5	5	5	16	8	2	5	6	3	8	4	6	3	1	2	1	7	1	0	0	0	1	1	1	4	6	6	4	4	17	8	31	0	267	26	26	15	7	18	3	10	9	5	10	14	14	5	9	14	1	1	2	1	3	0	0	1	0	3	5	2	4	1	1	1	1	3	1	0	0	0	0	0	3	0	1	0	1	0	1	1	0	1	3	1	0	2	4	2	3	2	4	1	3	0	1	0	1	0	0	1	1	0	0	0	0	0	1	1	2	0	0	0	1	0	0	0	0	0	0	0	1	0	2	1	0	0	1	1	1	0	0	1	1	1	1	1	1	1	0	2	3	1	0	1	1	1	0	1	0	0	1	0	0	0	0	0	0	0	0	1	1	0	1	1	0	0	0	1	3	2	0	1	0	2	2	1	1	2	0	1	0	0	0	0	0	0	0	0	0	0	0	0	0	0	0	0	0	0	0	0	0	0	0	0	1	0	0	0	1	2	0	1	2	0	1	0	0	1	0	0	4	2	1	1	0	0	0	1	0	0	1	0	1	0	0	0	0	1	1	1	0	1	0	0	0	1	0	1	0	1	0	1	1	0	1	0	0	0	0	0	0	0	0	0	0	0	1	0	0	1	0	0	1	0	0	1	0	0	0	0	0	0	2	0	0	0	1	0	0	0	0	1	0	0	1	0	0	2	0	0	0	0	0	0	0	0	1	1	1	1	0	0	0	1	0	1	0	0	1	0	0	0	0	0	0	1	0	2	0	0	0	0	0	0	0	0	0	0	0	0	0	1	0	0	0	0	0	1	1	0	0	1	0	0	0	0	0	0	2	0	0	0	0	0	1	0	0	1	0	0	1	0	0	0	0	0	1	0	0	0	0	0	0	0	0	0	1	0	0	0	0	0	1	0	1	0	0	0	1	0	0	0	0	0	0	0	0	1	0	0	0	0	1	1	0	1	1	0	0	0	0	0	0	0	0	0	0	0	1	0	0	0	0	0	0	0	0	2	0	0	0	0	0	1	0	0	0	0	0	0	0	0
0	0	0	0	0	0	0	2	0	2	0	1	3	1	2	4	5	6	3	8	3	1	0	2	0	3	6	6	13	14	16	7	7	1	3	5	4	9	6	4	6	7	4	4	6	2	4	3	2	3	3	0	2	2	2	1	2	1	1	3	5	3	9	4	4	11	16	35	267	0	32	26	12	6	16	4	9	19	11	6	16	8	9	5	4	2	4	2	0	0	3	1	0	0	2	3	2	2	1	0	2	4	0	0	1	3	0	2	0	0	0	0	0	0	0	1	0	1	2	4	4	2	2	1	4	6	2	2	1	3	1	0	0	0	1	0	0	0	0	0	0	1	0	0	0	0	0	0	0	0	0	0	0	0	0	0	0	1	1	0	0	0	0	1	0	0	1	0	0	1	0	1	1	0	3	3	1	0	0	0	0	0	0	2	0	0	0	0	1	1	0	1	0	0	0	0	1	1	0	1	1	2	3	3	1	2	2	8	2	1	1	1	2	3	3	1	0	0	0	0	0	2	1	0	0	0	0	0	0	0	0	0	1	0	0	0	0	0	0	1	0	1	0	1	0	0	1	0	0	1	0	0	0	2	2	0	0	2	2	0	1	1	1	1	0	0	0	0	0	1	0	0	0	1	0	0	0	1	1	0	1	1	0	0	0	0	0	0	0	0	0	0	0	0	0	0	0	0	0	1	0	0	1	0	0	3	0	0	0	1	0	0	0	0	0	0	2	0	0	0	1	1	2	0	0	0	0	1	1	0	1	0	1	0	0	1	0	1	0	1	1	1	2	0	0	0	0	1	0	0	1	0	0	1	1	0	0	1	0	1	1	0	0	0	1	0	0	0	0	0	0	0	0	1	0	0	0	0	0	2	1	1	0	0	0	0	1	0	0	0	0	0	1	0	0	0	0	0	0	0	0	0	0	0	0	0	0	0	0	0	0	0	1	0	0	0	0	1	0	1	0	1	0	0	1	0	0	0	0	0	0	1	0	1	0	0	0	0	0	0	0	1	0	1	0	0	0	1	0	0	1	0	0	0	0	0	0	1	1	0	0	0	0	0	0	0	1	0	0	0	1	0	1	0	0	0	1	0	0	1	0	0	0	0	0	0	1	0	0
0	0	0	0	0	0	0	3	2	2	1	0	1	3	5	3	9	12	18	14	4	5	4	1	4	2	5	6	15	10	10	7	1	3	3	1	1	7	5	3	9	1	4	0	1	0	1	7	1	2	3	2	3	1	4	2	3	2	1	1	3	4	10	5	8	25	15	7	26	32	0	93	10	7	3	3	5	6	4	4	7	6	8	7	2	1	2	1	0	0	0	1	1	1	3	2	2	3	0	0	1	2	0	1	1	0	0	1	2	0	0	0	3	0	0	0	1	0	0	3	3	1	0	0	1	3	0	0	0	2	2	0	1	2	0	2	0	0	0	0	0	1	0	0	0	1	0	0	0	0	0	0	0	0	0	0	1	0	1	2	1	0	0	0	0	0	0	0	0	0	0	1	1	1	1	0	1	1	1	4	1	0	0	0	0	0	1	0	0	0	1	0	2	1	0	0	1	2	0	2	1	0	1	1	0	1	0	0	2	1	1	1	3	1	0	2	0	1	0	1	0	0	0	1	1	0	1	0	0	1	0	0	0	0	0	2	0	0	2	0	1	0	0	0	0	0	0	0	1	0	0	0	1	1	0	1	0	1	2	2	1	1	0	0	0	2	0	0	1	1	0	0	0	2	3	0	1	0	0	0	1	0	1	0	0	0	1	0	0	0	1	0	1	0	0	0	0	2	0	0	0	1	0	0	0	0	0	0	1	0	0	0	0	0	0	0	0	0	1	0	1	1	1	0	0	0	0	1	2	0	1	0	0	0	0	0	1	0	0	1	0	0	1	0	0	0	0	0	0	0	0	0	1	0	0	0	1	0	0	0	0	0	0	1	0	1	0	0	0	3	0	0	0	0	0	0	1	1	0	1	0	1	0	0	1	1	0	0	1	0	1	0	0	1	0	1	0	0	0	0	1	0	0	0	0	0	0	0	0	0	0	0	0	2	1	0	0	1	1	0	0	0	0	0	0	1	0	0	0	0	2	0	0	0	0	0	0	0	0	0	0	0	1	1	1	0	0	0	0	0	0	0	0	0	1	0	0	0	0	0	1	0	1	0	0	0	0	0	0	0	0	0	0	0	0	1	0	0	0	1	0	0	0	0	0	0	0	1	0
0	0	0	0	0	0	0	0	2	2	4	0	3	0	5	3	12	9	9	4	6	0	2	2	2	1	2	6	16	4	5	8	2	2	2	4	2	1	2	1	3	4	3	2	1	3	4	4	2	2	0	0	1	1	2	1	2	1	3	0	0	1	4	8	3	12	17	15	26	26	93	0	27	5	3	5	5	5	4	14	11	8	6	7	1	2	2	1	0	2	4	2	1	0	1	1	0	1	0	1	0	0	1	1	0	1	1	0	0	0	1	0	2	0	1	0	0	2	0	3	3	0	2	0	5	2	3	2	1	2	2	1	0	0	0	0	0	0	0	0	0	0	0	0	0	0	0	0	0	0	1	1	1	0	0	0	1	0	0	1	0	0	1	1	1	0	0	1	0	1	4	1	1	2	0	0	0	0	0	0	1	0	0	0	1	1	0	0	1	0	0	0	0	0	1	0	0	0	1	1	0	2	0	1	1	2	4	3	1	0	2	1	2	0	2	1	0	0	1	0	0	0	0	0	0	0	0	0	0	1	0	0	0	0	0	0	0	0	0	0	0	0	0	1	0	0	0	1	0	0	0	0	1	1	0	1	1	2	3	1	1	2	3	0	0	1	0	1	1	0	0	0	0	0	0	0	1	0	0	0	0	0	0	0	1	0	0	1	0	1	1	0	0	0	1	0	1	0	1	0	0	1	0	1	0	0	1	0	0	0	0	0	0	0	0	0	0	0	1	0	0	1	0	1	0	0	0	0	0	0	1	0	0	0	0	0	1	0	2	1	0	1	0	1	0	2	0	0	0	3	0	3	0	0	0	0	0	0	0	0	1	0	0	0	0	0	0	0	0	1	0	0	0	0	0	0	0	0	2	0	1	0	0	0	0	3	0	1	0	0	0	0	1	0	0	0	0	0	0	0	0	0	0	0	0	0	0	0	1	0	0	0	1	0	1	1	0	1	0	1	0	0	3	0	0	0	0	0	0	0	0	0	1	0	0	0	0	0	0	0	0	0	0	0	0	1	0	0	0	0	0	0	1	0	0	1	1	0	0	0	0	0	0	0	0	1	0	1	0	0	0	0	0	0	2	1	0	0	1	0	1	0	1	0	1	1	0	0	0
0	0	0	0	0	0	0	1	0	0	0	0	0	0	0	3	2	1	5	4	1	2	1	1	1	1	1	1	9	5	2	3	5	1	1	0	2	2	0	2	0	1	3	2	0	0	1	3	4	3	2	0	1	1	1	1	2	1	2	2	0	4	2	3	4	7	9	12	15	12	10	27	0	21	3	4	10	5	5	18	7	12	9	7	3	0	0	0	3	0	0	0	0	0	1	2	2	2	1	3	0	0	0	0	1	1	1	0	1	0	0	2	0	0	1	1	2	1	4	1	4	4	5	2	4	2	2	0	1	1	2	0	2	1	0	0	0	1	1	0	0	0	2	0	0	0	1	0	0	0	1	0	0	0	0	0	0	1	1	1	1	1	0	1	1	1	2	0	1	0	1	0	1	3	1	1	0	0	1	0	0	0	0	0	0	0	0	0	1	0	0	2	1	0	0	0	0	0	0	0	1	3	0	3	4	0	1	5	0	0	1	1	1	1	3	0	0	1	0	1	1	0	0	0	0	0	1	0	0	0	0	1	0	0	0	1	0	1	0	0	0	0	0	0	0	0	0	1	1	0	0	0	0	2	0	0	1	2	0	2	1	0	2	0	1	2	0	1	0	0	0	0	0	1	0	1	0	0	0	0	0	0	0	0	0	0	0	0	0	0	0	0	1	0	0	0	1	0	0	0	0	0	0	1	0	0	0	0	1	1	0	1	0	0	0	1	0	0	1	0	1	0	0	0	0	0	1	0	1	0	0	0	1	2	0	0	0	0	1	0	1	0	1	0	1	0	0	0	1	0	0	2	0	0	0	0	2	0	0	1	0	0	1	0	0	0	0	0	0	0	0	0	0	0	0	1	0	0	0	0	0	0	0	0	2	1	0	0	1	1	0	0	0	1	0	0	1	0	0	0	0	0	0	0	0	0	0	0	0	0	0	1	0	0	0	0	1	0	1	0	0	0	0	0	0	0	0	0	0	0	0	0	0	0	0	0	0	0	0	0	0	0	0	0	0	0	1	0	0	0	0	1	0	0	0	0	0	0	0	0	0	0	0	0	1	0	0	0	0	0	0	1	0	0	0	0	0	1	0	0	1	0	0	0	0	0	0	0	0
0	0	0	0	0	0	0	1	0	0	0	0	0	2	3	2	2	1	1	2	0	2	1	2	2	3	1	6	10	4	2	5	6	3	0	2	1	1	0	1	1	0	1	2	2	3	1	3	2	0	2	3	2	0	4	2	0	0	0	0	0	5	5	3	0	1	6	13	7	6	7	5	21	0	3	11	12	14	18	21	9	7	11	6	5	4	0	3	2	2	1	0	0	1	3	1	0	3	1	2	0	0	0	0	0	0	0	2	1	0	1	2	1	0	0	0	0	1	0	3	6	2	6	2	2	2	3	2	3	0	0	3	0	0	0	1	4	1	1	1	0	1	0	0	0	0	2	0	0	0	0	0	1	1	0	0	2	1	0	0	0	0	0	2	1	0	0	1	0	0	1	2	1	3	2	1	0	1	0	2	0	0	2	0	0	0	0	0	0	0	1	0	0	0	0	0	0	1	3	0	0	1	1	2	1	1	3	4	2	0	3	1	0	3	2	1	0	0	1	0	0	1	0	1	1	0	0	0	1	0	1	0	0	2	0	0	0	0	0	0	1	0	0	0	0	0	1	0	1	1	0	1	0	1	1	0	0	0	2	0	2	3	2	1	1	0	3	1	0	0	0	0	0	1	0	0	1	0	2	0	0	0	0	1	1	0	2	0	2	2	0	0	1	0	0	0	1	1	0	1	0	2	1	1	0	0	1	0	0	0	0	0	0	0	0	0	0	0	0	2	1	1	0	2	0	2	1	0	0	0	1	0	1	0	1	0	1	2	0	2	3	2	0	0	0	0	2	1	0	1	0	2	0	0	0	0	0	1	0	0	0	0	0	1	1	0	0	1	0	0	0	0	0	1	0	1	1	0	1	1	0	1	0	0	0	0	0	0	0	0	0	0	0	0	0	0	1	0	2	1	1	0	0	0	0	0	2	0	0	0	0	0	1	0	0	0	0	0	0	2	0	0	1	1	0	0	0	0	0	0	0	0	0	0	0	0	0	0	0	1	1	0	0	0	0	0	0	0	0	0	1	1	0	0	0	0	0	0	1	0	0	0	0	0	0	0	1	0	0	0	1	0	0	0	0	0	0	0	0	0	0	0	0	0	0	1	0	0	0
0	0	0	0	0	0	0	1	0	2	5	1	1	3	4	5	1	1	2	2	1	0	0	1	2	3	2	6	12	21	5	8	20	5	1	6	1	11	7	8	10	4	7	2	3	4	1	2	4	0	1	3	4	4	1	1	1	2	0	1	4	4	3	2	5	4	10	34	18	16	3	3	3	3	0	25	36	38	5	1	6	4	1	12	11	8	7	2	4	2	0	2	0	0	1	1	1	2	0	2	0	2	2	0	3	0	0	1	1	0	0	0	0	0	1	0	1	0	3	0	2	2	0	1	1	2	1	2	1	2	1	2	1	0	0	1	1	0	1	0	0	1	1	2	0	0	0	0	0	1	0	0	2	0	1	1	1	0	0	1	1	2	1	0	1	0	1	1	1	2	1	1	1	2	0	0	0	0	0	0	0	1	0	1	0	0	0	1	0	0	0	0	0	0	0	1	1	0	0	0	1	1	0	0	4	4	3	2	0	0	3	2	1	1	1	1	2	0	0	0	0	0	0	1	1	0	0	0	0	0	2	0	0	0	1	0	0	0	0	0	0	0	0	0	1	0	0	0	1	1	1	0	0	1	3	1	1	2	0	1	0	1	0	0	1	0	0	2	1	0	1	0	2	0	0	0	1	1	0	0	0	0	0	0	0	2	0	0	0	0	1	0	0	1	0	2	0	0	0	1	0	1	0	0	0	0	0	1	0	0	0	1	0	0	0	0	0	0	0	0	0	0	0	0	1	1	1	0	0	0	2	1	0	0	0	0	0	0	0	0	1	2	0	0	1	0	0	0	0	1	0	0	0	0	1	0	0	0	0	0	0	0	0	1	0	0	0	0	0	1	0	0	0	0	0	0	1	0	0	1	1	2	0	1	0	0	0	0	0	0	1	0	0	0	1	0	0	0	0	1	2	0	0	0	0	0	0	0	0	0	0	0	1	1	0	0	2	0	0	1	2	0	3	0	0	0	0	0	0	1	0	0	0	1	0	1	1	0	0	0	0	1	0	0	0	0	0	0	0	0	0	0	0	0	0	0	0	0	0	0	1	0	0	0	0	0	0	0	0	1	1	0	0	0	0	0	0	0	1	0	0	0	0	1	0	0	0	0	0
0	0	0	0	0	0	0	0	1	3	3	1	2	3	4	0	4	4	2	2	0	1	1	2	2	2	4	2	5	8	5	5	10	3	6	5	1	6	2	3	2	2	2	2	5	2	3	0	0	0	1	1	3	2	1	1	2	1	2	1	2	2	5	5	2	3	9	16	3	4	3	5	4	11	25	0	44	15	3	2	2	3	3	7	2	3	0	4	1	0	0	1	1	1	0	0	2	2	1	3	0	0	0	1	0	2	1	0	0	0	0	0	1	0	1	1	0	1	1	0	2	0	1	3	1	4	4	4	0	1	0	1	0	1	1	1	2	0	0	1	0	1	1	0	0	0	0	0	0	0	0	1	1	0	0	0	0	1	0	1	1	1	1	0	2	1	1	0	0	3	0	1	0	0	1	0	0	0	0	0	1	0	0	0	0	0	2	1	0	0	0	0	0	0	0	0	0	0	1	0	0	1	0	0	2	1	0	1	0	0	1	1	2	2	0	0	0	1	1	0	0	0	0	0	1	0	1	0	0	1	0	0	0	0	0	0	0	0	1	1	0	1	0	0	0	0	1	0	0	0	0	1	0	2	1	0	2	0	3	1	2	0	2	0	0	1	0	0	0	0	0	0	0	0	0	0	0	0	0	0	0	0	2	0	0	0	0	0	0	0	0	0	1	1	0	0	0	0	0	0	0	0	0	0	0	0	1	0	0	0	1	0	1	0	3	0	0	1	0	0	0	1	1	2	0	1	1	0	0	0	1	1	1	1	0	0	0	0	1	0	1	1	0	0	0	0	0	0	0	0	2	0	0	2	1	0	1	0	0	0	0	0	0	0	1	0	0	0	0	0	0	1	1	1	0	0	0	0	1	0	0	0	0	0	0	0	0	0	0	0	0	0	0	1	0	0	0	1	1	0	0	0	0	0	0	0	1	0	0	0	0	2	0	0	0	0	0	0	2	0	2	0	0	0	0	0	0	0	0	0	0	1	1	0	1	0	0	0	1	0	0	0	1	0	0	0	1	1	0	0	0	0	1	1	0	0	0	0	0	0	0	0	0	0	0	0	0	0	1	0	0	1	0	0	1	0	0	0	0	0	0	0	0	0	0	1	0	1	0
0	0	0	0	0	0	0	2	1	3	2	1	1	1	1	3	2	2	1	1	0	0	2	1	0	1	0	4	6	7	8	5	6	8	1	1	3	4	1	6	3	2	4	3	4	2	2	0	1	0	0	1	0	1	4	1	0	1	0	1	2	3	3	1	2	5	5	18	10	9	5	5	10	12	36	44	0	40	11	6	6	2	4	7	6	5	3	1	1	2	2	2	0	0	1	0	3	2	1	1	0	1	0	1	0	1	0	0	1	0	0	1	0	0	0	0	1	0	1	6	1	1	1	3	2	1	2	1	1	1	2	0	2	1	0	0	1	0	3	0	0	0	0	0	0	0	2	0	0	0	0	0	0	0	0	0	0	0	0	2	0	0	0	1	0	1	1	0	3	1	0	2	0	0	3	1	1	0	1	0	1	0	1	0	1	2	0	1	0	0	1	0	0	0	0	1	0	0	0	0	0	0	2	1	0	0	1	4	2	1	1	1	2	2	4	1	0	0	0	0	0	0	0	0	0	0	0	1	0	0	0	0	0	0	0	0	0	1	0	1	0	0	0	0	1	0	1	0	0	2	0	6	0	1	0	1	0	3	0	5	0	0	0	1	1	0	0	0	1	2	0	0	0	0	0	0	1	0	1	1	0	0	0	0	0	0	0	0	1	0	0	2	0	0	0	0	0	1	0	0	0	0	0	0	0	0	0	0	0	0	0	0	0	1	0	0	1	0	2	1	1	1	1	0	0	0	0	1	0	0	1	0	0	0	0	0	1	2	0	2	0	1	2	0	1	0	0	0	2	0	0	1	0	0	0	0	0	1	0	0	0	0	0	1	0	1	1	1	0	1	1	1	2	0	0	0	0	0	0	1	1	0	0	0	0	4	0	0	0	0	0	0	0	0	0	0	0	0	0	0	0	0	0	0	1	0	0	0	0	0	0	0	1	1	1	0	0	1	0	0	0	0	0	0	0	0	0	0	1	1	0	0	0	0	0	0	0	0	1	0	0	1	1	0	0	0	0	0	0	1	0	0	0	0	0	0	0	0	0	0	0	0	0	0	0	0	1	0	0	0	0	0	0	0	0	0	0	0	1	1	0	1	0	1	1	0	0	0	1
0	0	0	0	0	0	0	1	2	0	0	0	0	0	1	1	1	2	1	3	2	2	2	0	2	5	6	3	10	10	2	3	10	8	3	3	1	2	5	5	7	3	5	4	6	10	5	3	3	0	2	1	2	3	2	2	0	0	1	1	1	1	4	2	2	3	6	11	9	19	6	5	5	14	38	15	40	0	24	6	12	3	5	22	15	12	4	4	1	1	4	0	1	1	1	3	3	2	1	1	0	0	5	2	0	1	1	1	2	1	1	0	0	0	2	0	1	0	1	6	4	2	1	5	4	7	4	3	4	1	1	1	1	1	1	0	1	0	1	0	0	1	1	0	0	2	1	0	0	0	0	0	0	0	1	1	0	0	1	0	0	0	0	1	1	0	0	0	0	1	0	0	2	0	1	1	1	0	0	1	0	0	0	0	0	0	0	0	0	1	1	1	0	0	0	0	2	0	0	1	0	1	2	2	3	4	4	2	1	2	1	1	3	2	2	1	0	1	1	0	1	0	0	1	1	0	0	0	0	0	0	1	1	0	0	1	0	0	0	0	0	0	0	1	1	1	1	0	1	0	1	2	1	0	0	3	1	2	3	1	0	1	2	0	0	2	1	0	1	0	1	3	0	0	0	0	0	0	0	1	0	0	0	0	0	1	0	1	0	1	0	1	0	0	0	0	0	1	0	0	0	0	0	0	1	0	0	0	0	0	0	0	0	0	0	0	1	0	1	1	2	0	0	3	1	0	0	0	1	2	0	0	2	1	0	0	0	1	1	2	1	0	1	0	2	2	1	1	0	0	1	1	0	0	2	0	0	1	0	0	1	1	0	1	1	0	0	0	1	0	0	0	0	1	2	2	0	0	1	1	1	2	0	0	1	1	0	2	0	0	0	0	1	0	0	0	0	0	1	0	0	1	0	0	0	0	1	0	0	0	0	0	0	0	0	0	2	0	0	0	0	0	2	0	1	2	0	0	0	0	0	0	0	0	0	0	1	0	0	0	0	0	0	0	0	0	0	0	1	0	1	0	1	0	1	1	0	0	1	0	0	0	0	0	0	0	1	0	0	0	1	0	0	0	0	0	0	0	0	0	0	0	0	0	0	0	1	0	0
0	0	0	0	0	0	0	0	0	0	1	1	1	3	0	7	1	0	3	0	0	1	4	3	0	2	4	3	9	6	1	1	1	2	1	1	1	3	1	1	3	2	4	2	4	11	4	1	3	0	1	4	5	2	0	0	1	0	0	0	1	3	3	0	1	4	5	4	5	11	4	4	5	18	5	3	11	24	0	23	13	5	17	15	14	6	1	4	1	1	0	0	1	2	2	1	2	1	3	0	3	2	0	0	0	0	1	0	0	0	0	3	1	1	1	0	1	1	0	7	10	8	4	5	10	14	7	2	1	3	0	0	3	0	2	1	0	0	0	0	0	0	0	1	0	0	0	1	1	0	1	0	1	0	1	0	0	0	1	2	1	0	1	1	1	1	0	1	0	0	4	3	1	0	1	3	2	1	0	1	0	0	0	0	0	0	0	1	0	0	0	0	0	0	1	0	0	0	4	1	3	2	3	1	3	9	8	2	1	4	2	7	7	2	2	1	1	0	1	0	0	0	0	0	0	0	0	0	2	1	0	0	2	0	0	0	1	1	0	0	0	2	1	0	0	1	0	2	0	0	1	0	2	0	0	0	0	2	3	2	1	1	1	2	1	0	1	0	0	1	0	0	2	1	2	0	1	1	1	0	2	0	1	0	1	0	0	0	0	2	0	1	0	1	0	0	1	0	0	0	1	1	1	0	1	0	0	0	0	1	0	0	0	0	1	1	0	1	0	0	1	1	0	0	0	1	1	2	0	0	0	0	1	4	0	0	0	0	1	3	1	1	1	1	0	1	0	0	0	0	1	0	1	0	1	0	0	0	1	0	1	0	0	2	1	0	0	0	0	0	0	1	0	1	0	1	0	0	1	1	1	1	1	1	0	0	1	0	0	0	0	0	0	1	0	1	0	0	0	0	1	0	0	2	0	0	1	1	1	0	1	1	1	1	1	0	0	0	1	2	0	0	0	0	0	0	0	1	0	0	1	0	0	0	0	0	1	0	0	0	0	0	0	0	0	0	0	1	0	0	0	0	1	0	0	0	0	1	0	0	0	1	1	0	0	0	0	0	0	1	0	1	0	0	0	0	1	1	0	1	2	0	1	1	0	0	1	1	1
0	0	0	0	0	0	0	0	0	0	0	0	0	1	1	0	4	3	1	2	4	2	5	2	4	0	6	4	3	4	6	4	4	3	1	0	2	1	1	2	4	5	4	3	5	2	4	2	6	5	1	8	2	0	1	0	1	0	2	1	0	3	3	1	2	3	6	6	10	6	4	14	18	21	1	2	6	6	23	0	38	24	30	8	6	1	2	1	1	0	1	0	2	2	2	2	1	2	1	3	3	1	1	4	4	0	1	0	1	0	1	0	1	1	2	0	3	0	3	8	19	15	8	4	17	2	6	6	4	3	2	1	0	0	0	0	0	0	1	0	1	1	0	0	1	1	0	0	1	0	1	0	0	0	1	1	1	0	0	0	0	2	1	1	0	0	2	1	1	3	5	1	4	0	0	0	0	0	0	0	1	0	1	0	1	0	0	0	1	1	0	0	0	0	2	0	1	0	0	2	2	2	3	2	2	6	2	4	1	1	2	0	2	2	0	1	0	2	0	1	0	0	0	0	0	0	0	0	1	0	0	0	0	0	0	0	0	0	2	1	0	0	0	2	1	1	1	1	3	2	0	1	0	0	0	3	1	1	2	0	2	5	5	3	4	3	0	1	0	1	0	0	0	1	0	0	0	0	0	0	1	0	1	0	0	1	0	1	0	2	0	1	0	1	0	0	0	1	1	0	0	1	1	0	0	2	0	0	0	0	0	0	0	0	0	0	1	0	0	0	1	0	1	0	0	0	1	0	0	0	0	0	0	2	0	0	0	2	0	1	1	4	3	3	2	0	0	1	4	1	1	0	1	3	1	0	0	1	0	2	1	2	0	0	1	0	2	0	0	0	0	0	1	0	0	0	0	0	0	0	1	0	1	0	0	0	0	0	1	0	0	1	1	1	0	0	0	0	0	0	0	0	0	0	0	0	0	0	0	1	1	0	0	0	0	1	1	0	0	1	0	0	0	0	0	1	0	1	0	0	0	1	0	0	0	1	0	0	0	0	0	0	0	0	0	1	0	0	0	0	0	0	0	0	0	0	0	1	0	0	0	0	0	0	0	0	0	0	0	0	0	1	1	0	0	1	0	1	0	0	0	0	0	0	0	1	0	2	0
0	0	0	0	0	0	0	1	0	1	1	2	1	1	3	2	2	1	3	5	7	3	6	1	4	4	3	5	36	8	4	2	2	4	0	4	2	1	2	3	2	2	2	9	9	12	7	6	5	4	1	2	3	0	1	0	0	1	3	2	1	2	7	4	1	4	4	3	14	16	7	11	7	9	6	2	6	12	13	38	0	92	127	15	13	1	3	1	1	1	1	0	1	1	3	1	3	7	4	0	4	1	0	0	0	1	0	0	1	2	2	0	1	0	2	0	2	1	2	14	8	10	2	9	11	5	13	7	1	1	1	2	0	0	0	0	2	0	0	0	0	2	1	0	0	2	0	0	0	0	0	0	0	1	0	0	0	1	0	0	0	0	1	0	0	0	1	1	1	2	2	4	2	2	0	0	0	1	0	0	1	0	0	0	1	1	0	0	1	0	0	0	0	2	1	0	2	1	0	1	0	2	5	1	2	7	3	3	3	1	1	4	0	0	1	1	0	0	0	0	0	0	0	0	0	0	1	0	0	0	0	0	0	1	2	1	0	0	0	0	0	0	0	0	0	0	0	0	1	0	2	3	3	0	1	1	2	1	2	3	1	1	0	0	1	2	2	1	1	0	0	1	2	0	1	0	0	0	1	0	0	0	0	0	0	1	0	0	2	0	0	1	1	1	0	0	1	0	1	0	0	1	0	0	0	0	1	0	0	1	1	1	0	2	0	0	0	0	0	0	0	2	0	0	0	1	1	2	0	1	0	1	1	1	0	0	0	2	1	0	3	0	2	0	0	1	2	0	1	0	1	0	0	0	0	2	0	0	0	0	0	1	1	0	0	1	0	0	1	0	0	0	0	2	0	0	0	0	0	2	3	0	0	1	1	1	1	0	0	0	0	0	0	0	0	1	1	0	2	0	0	0	0	0	0	0	0	0	0	0	0	0	0	0	0	1	0	0	0	0	0	0	0	0	0	1	2	0	0	0	1	0	0	0	1	0	0	0	0	0	2	0	0	0	0	0	0	0	0	0	0	1	0	0	0	0	0	0	1	0	0	0	2	0	0	0	0	0	0	0	0	0	1	0	0	0	0	0	1	0	0	0	0	0	0	1	0	1	0
0	0	0	0	0	0	0	0	1	1	1	2	1	0	2	1	4	3	2	9	5	3	8	1	1	7	2	5	13	9	3	2	2	5	2	6	2	1	1	3	3	2	2	6	1	5	2	15	15	6	4	6	5	1	2	2	0	1	0	2	0	1	1	2	2	5	2	3	14	8	6	8	12	7	4	3	2	3	5	24	92	0	38	10	10	2	1	3	0	2	1	0	0	2	1	2	2	5	0	2	1	4	3	3	0	1	4	3	1	0	1	0	1	0	1	2	2	0	4	12	9	10	9	9	7	5	15	8	3	3	0	2	0	1	2	1	1	1	0	1	0	0	0	0	0	0	0	1	1	0	0	0	0	0	1	3	1	0	1	0	0	1	0	2	1	1	0	1	0	2	4	0	2	1	0	0	6	0	0	2	0	0	0	0	0	0	0	0	1	0	1	0	0	1	1	1	0	1	0	0	1	3	1	5	2	6	3	8	1	0	0	4	1	5	0	1	2	0	0	0	0	0	0	1	0	0	0	0	0	0	0	1	1	0	0	0	1	0	0	1	0	0	0	0	0	1	0	0	2	1	0	0	0	2	2	1	0	1	5	2	2	1	2	0	2	2	1	0	2	0	0	0	0	0	0	1	1	1	0	0	0	0	1	0	1	0	0	0	0	1	1	1	2	0	0	0	0	0	1	1	0	2	0	1	0	0	0	1	0	2	0	0	1	1	0	0	0	1	0	0	0	1	1	2	1	0	0	1	0	0	0	0	0	1	1	0	0	0	0	0	1	1	1	1	0	4	0	0	0	1	0	0	1	0	0	0	1	0	0	0	1	0	0	0	0	0	0	0	0	0	0	1	0	0	0	0	2	0	1	0	0	2	1	0	1	0	1	1	0	0	0	0	1	0	0	1	0	1	2	1	0	0	0	0	0	0	1	0	0	0	1	0	1	0	1	0	0	0	0	0	1	1	0	0	1	1	0	2	0	0	1	0	0	0	1	0	0	0	0	0	0	0	0	0	0	0	0	1	0	1	0	0	0	0	0	0	0	0	1	0	0	0	0	0	1	1	0	0	0	0	0	0	0	0	0	0	0	0	0	1	2	0	1	0	0	0	0	0	1
0	0	0	0	0	0	0	1	0	0	0	1	0	1	1	0	1	3	5	3	5	2	6	2	1	3	2	10	22	11	1	3	3	2	3	2	0	2	1	5	5	7	3	7	9	15	7	12	15	4	4	7	6	0	1	1	0	1	2	1	1	0	0	0	4	2	4	5	5	9	8	6	9	11	1	3	4	5	17	30	127	38	0	18	17	4	2	5	0	2	4	0	3	2	6	1	5	10	4	2	4	2	2	2	1	4	4	1	2	0	0	0	0	1	0	1	0	1	1	15	7	10	7	11	19	13	31	10	4	7	0	2	4	2	1	2	1	0	0	0	1	1	1	0	1	0	0	0	1	0	0	0	0	1	0	1	1	0	0	0	0	0	0	2	1	0	0	1	3	4	2	3	2	3	3	1	0	2	0	0	0	0	0	0	1	1	1	0	0	0	0	0	1	1	1	0	0	1	1	3	1	3	5	3	0	10	3	3	1	3	3	3	2	3	1	1	0	1	1	0	0	0	0	0	1	1	0	0	0	1	0	0	2	0	1	0	0	0	1	0	0	0	0	1	1	0	1	0	2	1	1	2	4	1	1	0	3	1	7	1	2	5	0	2	2	1	2	0	1	0	1	0	0	1	0	0	0	0	0	0	0	0	0	1	0	0	0	3	1	3	1	0	2	1	0	0	0	0	0	0	0	1	0	0	0	0	0	1	0	1	1	1	1	1	1	2	0	0	1	0	0	1	0	1	1	2	1	1	0	0	0	0	0	0	0	0	1	2	0	2	0	2	1	2	1	1	2	0	2	0	1	1	2	1	0	0	1	0	0	0	0	0	0	1	0	0	0	0	0	0	0	0	0	2	1	0	0	0	0	1	1	2	0	0	0	0	2	1	0	0	0	0	0	1	0	1	0	0	0	0	0	1	1	0	0	1	0	0	1	0	2	1	1	1	0	0	0	0	1	2	0	0	0	0	0	0	0	0	0	0	0	0	0	0	0	0	0	0	1	1	0	1	1	0	0	0	1	0	0	1	0	0	0	0	0	0	0	1	0	1	0	0	0	0	0	0	1	0	0	0	0	0	0	0	0	1	0	0	0	1	0	1	0	1	0	1	0	1	1
0	0	0	0	0	0	0	0	1	0	2	2	1	2	1	2	2	2	2	3	1	1	2	3	1	5	4	9	29	13	5	3	2	4	4	1	2	3	2	3	8	6	7	10	16	36	10	8	6	8	5	1	16	3	2	0	3	0	2	0	1	1	5	1	3	3	3	4	9	5	7	7	7	6	12	7	7	22	15	8	15	10	18	0	1046	14	7	7	3	4	3	0	1	1	1	1	7	7	3	0	4	1	1	3	0	1	1	1	2	2	2	1	0	2	0	0	0	0	6	8	0	4	0	6	10	11	21	6	4	5	5	1	0	0	0	0	0	0	2	1	1	0	1	1	0	0	0	0	0	0	2	0	0	0	1	0	1	0	1	0	0	1	0	1	1	0	2	0	0	1	3	0	0	3	1	0	0	2	1	1	0	1	0	0	1	0	0	0	0	1	1	0	0	0	1	1	2	2	0	0	1	2	3	1	3	4	6	8	1	1	3	1	2	1	1	1	1	0	0	0	0	0	1	1	0	0	0	0	2	0	0	0	1	0	1	0	0	0	0	0	0	1	1	0	1	0	0	0	1	2	1	1	1	1	2	1	3	4	0	0	2	2	0	1	0	0	0	0	1	0	0	1	2	2	1	1	0	1	1	1	0	0	0	0	0	0	0	0	0	0	0	0	0	0	0	0	1	0	1	1	3	1	0	0	0	0	0	1	0	0	1	0	0	1	0	1	1	1	0	0	0	0	1	0	0	0	0	1	1	0	2	0	0	1	3	1	0	0	1	1	2	4	0	0	2	1	0	0	1	0	2	1	1	0	1	1	0	0	0	0	0	1	0	0	0	1	0	0	0	0	0	1	0	0	0	0	1	1	0	0	1	0	1	1	0	0	1	1	0	1	0	0	0	0	0	0	0	0	0	0	0	0	0	0	0	0	0	0	0	1	1	0	0	1	2	0	1	0	0	0	1	1	1	1	0	0	0	0	0	0	1	1	0	0	0	0	0	0	1	0	0	0	0	1	0	0	0	0	1	0	1	0	0	1	0	1	0	0	0	1	0	0	0	0	1	0	0	0	1	1	0	1	1	0	1	0	1	0	1	1	0	1	1	1	0	0	0	0	0
0	0	0	0	0	0	0	1	1	1	1	1	2	1	2	1	2	2	2	2	3	3	3	4	1	8	6	11	22	14	2	3	5	2	2	0	1	3	3	5	9	6	10	12	14	55	7	7	12	2	7	5	15	7	1	2	2	2	2	1	0	0	7	4	2	2	2	4	14	4	2	1	3	5	11	2	6	15	14	6	13	10	17	1046	0	16	2	4	1	4	2	1	0	4	3	3	6	6	1	1	3	1	2	1	1	0	1	2	2	1	0	3	0	0	0	1	1	1	0	8	7	3	7	4	6	15	14	6	1	4	0	2	3	6	1	1	0	0	1	0	1	1	2	1	0	1	1	0	2	0	0	0	3	0	1	0	1	1	1	1	0	1	1	0	0	1	2	0	1	2	1	0	4	2	1	0	1	0	1	0	0	0	1	0	0	0	0	0	1	0	0	0	0	1	0	0	1	1	2	0	0	3	1	2	1	9	10	4	5	2	2	7	2	4	0	0	0	1	0	0	1	0	1	0	1	0	0	0	1	0	0	0	0	0	0	0	1	0	0	1	0	1	1	0	0	0	0	1	0	0	1	0	1	0	1	3	1	1	4	0	1	2	2	0	2	1	0	0	1	3	0	1	2	2	1	0	0	0	1	2	1	2	1	1	0	0	0	0	0	0	0	1	0	0	1	0	0	0	0	1	0	3	0	0	0	1	1	0	0	0	1	0	2	0	0	0	0	1	0	0	0	1	0	0	1	0	1	0	0	2	0	0	1	1	1	0	0	1	1	1	2	3	2	0	0	3	0	0	0	1	1	1	1	0	0	0	0	0	0	0	0	0	0	0	0	1	0	1	0	0	0	0	0	0	0	0	0	0	0	0	0	1	1	1	2	0	0	1	0	0	0	0	1	0	0	0	0	0	0	0	0	0	1	0	0	0	0	0	0	0	0	0	1	0	1	0	0	0	0	0	0	1	0	1	0	0	0	1	0	0	0	0	1	0	1	0	0	0	1	0	0	1	0	1	0	0	0	0	0	0	1	0	0	0	0	1	0	1	0	1	0	0	0	0	0	0	1	0	0	0	0	0	0	1	1	0	0	0	1	0	3	1	1	0	0	0	0	0	0
0	0	0	0	0	0	0	0	0	1	2	0	1	1	2	1	2	4	0	0	0	0	0	0	2	5	4	7	9	7	2	2	5	5	4	5	7	1	7	5	10	10	7	33	7	6	3	1	1	4	2	3	9	6	2	0	2	1	0	3	1	1	1	0	1	2	2	3	1	2	1	2	0	4	8	3	5	12	6	1	1	2	4	14	16	0	27	19	2	6	2	1	4	2	1	5	5	7	1	2	0	2	3	1	0	1	2	1	1	2	3	0	1	0	0	0	1	0	2	3	0	1	2	3	3	4	5	3	0	4	5	2	1	1	1	0	0	0	0	1	0	1	1	1	0	0	2	1	0	1	0	0	0	1	1	1	2	0	0	2	1	0	1	2	1	1	1	0	3	0	1	0	2	1	1	1	1	1	2	0	2	0	0	0	1	2	0	0	0	0	0	1	0	0	0	1	0	1	0	1	0	2	2	1	4	5	10	3	0	1	2	1	1	3	2	1	0	0	0	0	0	0	1	1	0	1	0	0	0	2	0	0	0	1	0	0	0	0	0	0	0	0	0	0	1	1	1	2	0	0	1	1	1	0	0	0	0	0	1	1	0	1	0	0	0	2	0	0	0	0	2	0	1	1	0	0	0	0	1	1	0	2	0	1	0	1	1	0	2	0	0	0	1	0	0	2	0	1	0	0	0	0	0	0	0	1	0	1	1	0	0	0	2	0	1	0	0	1	0	1	1	0	0	0	1	2	1	0	0	0	0	0	0	0	0	0	3	0	2	1	1	1	1	1	1	1	1	1	0	0	1	0	1	0	0	0	0	1	2	0	0	0	0	0	0	0	0	0	0	0	0	0	0	0	0	0	0	1	0	0	0	1	1	0	1	0	0	1	0	0	0	0	0	0	0	0	0	0	0	0	1	0	0	0	1	0	0	0	0	0	1	1	0	0	0	1	1	1	0	0	0	1	0	0	1	0	0	0	0	0	0	0	1	0	1	0	0	1	1	0	0	0	0	0	0	0	0	1	0	1	0	0	1	0	0	1	0	0	0	0	0	0	0	0	0	1	0	0	0	1	0	1	0	0	1	1	0	0	0	0	0	0	0	1	0	0	0	0	0
0	0	0	0	0	0	0	1	1	2	0	0	0	1	2	1	1	0	1	1	1	0	1	2	1	1	5	5	6	4	2	2	4	8	4	7	2	4	3	10	7	11	10	8	5	10	3	5	2	1	1	2	3	1	4	2	1	1	1	1	0	1	1	0	1	0	2	2	1	4	2	2	0	0	7	0	3	4	1	2	3	1	2	7	2	27	0	30	4	6	8	4	2	3	5	1	4	2	3	1	0	2	2	1	1	0	1	0	2	0	1	0	1	0	0	1	1	1	1	0	1	1	1	3	1	2	1	1	0	1	2	1	2	0	0	3	1	0	1	2	0	1	0	0	0	1	1	1	0	0	0	0	2	1	1	0	0	0	1	0	0	1	1	1	0	0	1	2	0	0	0	0	1	0	0	0	1	0	0	0	0	0	0	0	1	0	1	0	1	1	0	0	0	0	0	0	0	1	1	0	2	0	2	1	1	4	2	1	1	0	2	0	1	1	1	1	1	1	0	0	1	0	0	1	0	0	1	2	0	0	1	0	1	1	2	0	0	0	0	0	0	0	0	0	2	1	0	1	0	0	0	0	2	1	2	1	1	0	3	2	1	1	0	0	1	1	0	0	0	2	1	0	0	0	0	0	1	0	0	1	1	0	0	1	0	1	0	0	0	0	0	0	0	0	0	0	1	1	0	0	0	0	1	0	1	0	0	1	1	2	0	0	0	0	1	0	0	0	0	0	0	0	0	1	1	0	0	0	1	0	0	0	0	0	1	0	0	0	0	0	2	1	0	2	1	0	0	0	0	0	1	0	1	1	1	0	0	1	0	0	0	0	0	0	1	1	0	0	1	0	0	0	0	0	1	0	0	0	1	0	0	1	0	0	0	0	1	0	0	1	0	0	0	0	0	0	0	0	0	0	0	0	0	0	1	0	0	4	0	0	0	0	0	0	1	0	0	1	0	0	1	0	1	1	0	1	3	0	1	0	0	0	0	0	1	0	0	0	0	1	1	1	0	0	0	1	1	1	1	0	0	3	1	0	1	0	0	0	1	0	0	0	2	1	0	1	1	0	0	1	0	0	0	0	1	0	0	0	0	1	0	1	0	1	0	1	0	0	0
0	0	0	0	0	0	0	0	2	0	0	0	1	0	0	1	0	0	0	0	0	0	1	2	2	5	5	1	5	5	2	5	3	4	2	2	3	3	3	0	7	16	21	48	8	8	8	3	0	5	5	8	8	5	6	1	0	1	3	2	0	4	1	1	2	1	4	2	2	2	1	1	0	3	2	4	1	4	4	1	1	3	5	7	4	19	30	0	23	13	8	3	2	1	5	8	10	3	5	1	2	0	3	2	1	1	2	1	3	0	1	1	0	2	1	0	1	1	6	2	1	2	0	1	4	2	1	4	0	2	1	1	0	0	0	0	2	1	0	1	0	2	1	0	1	0	2	1	0	0	1	0	0	1	0	1	0	2	1	1	0	0	1	1	0	2	0	1	0	1	1	0	0	2	0	1	1	1	0	0	0	0	2	0	0	0	1	0	1	0	0	0	1	2	0	0	0	1	2	0	1	3	0	1	0	6	9	4	2	2	2	1	2	2	2	2	0	1	0	0	1	0	1	0	0	0	2	0	2	0	0	1	1	0	1	3	0	0	0	0	0	0	1	1	1	0	0	0	0	1	1	1	0	0	1	1	0	2	3	0	1	0	0	0	0	1	1	0	0	0	0	0	0	1	0	2	1	1	0	0	0	1	1	0	1	0	0	1	0	0	1	1	0	1	1	1	1	0	0	0	0	1	1	0	0	0	0	0	0	0	0	0	1	0	0	0	0	0	0	1	0	0	1	0	0	0	1	0	2	0	0	0	0	1	0	0	0	0	0	0	2	0	2	1	1	1	0	0	0	0	0	1	0	0	1	1	0	0	1	1	0	0	0	0	1	0	0	0	0	0	0	0	0	0	0	1	0	1	2	2	0	1	0	0	1	0	2	0	0	0	1	0	1	1	1	0	0	1	1	0	0	1	0	0	0	0	1	1	0	0	0	0	1	1	1	0	0	2	0	3	1	1	0	0	0	0	0	1	0	2	0	0	1	1	2	0	0	0	0	0	0	0	0	0	0	0	0	0	0	0	0	1	1	0	0	0	0	0	0	0	0	0	0	0	0	0	0	0	0	0	0	1	1	1	0	0	0	1	0	0	1	0	0	0	1	1	0	0	0
0	0	0	0	0	0	0	0	0	0	0	0	1	0	0	0	0	3	2	3	0	1	6	8	4	3	7	4	2	4	3	3	3	5	0	2	2	3	0	3	8	5	12	11	6	4	2	2	2	6	11	4	6	5	5	6	4	2	1	1	4	1	0	1	0	0	2	1	1	0	0	0	3	2	4	1	1	1	1	1	1	0	0	3	1	2	4	23	0	125	28	10	7	7	18	29	13	6	7	1	4	1	3	0	3	2	2	1	3	2	1	0	1	1	1	0	1	0	4	4	0	1	1	0	2	2	2	1	2	0	1	2	3	2	0	0	0	0	0	0	0	2	2	0	2	1	0	0	1	0	0	1	0	0	2	1	1	0	0	0	0	1	0	0	0	1	1	1	0	0	0	0	0	1	1	1	1	0	0	0	2	0	1	0	0	1	0	1	1	0	1	0	1	0	1	0	1	3	0	1	1	0	2	0	1	3	7	2	3	2	0	0	2	1	3	1	1	0	1	0	1	0	2	0	0	1	0	1	1	0	1	1	0	0	0	0	0	1	0	1	1	0	0	0	0	0	1	1	2	1	0	2	2	1	2	0	0	0	2	1	0	3	0	1	1	0	1	0	0	1	1	0	0	0	1	0	0	1	0	0	0	2	2	0	0	1	2	1	1	0	0	0	0	0	1	0	1	0	1	0	0	2	0	0	1	3	0	0	1	0	0	1	2	0	0	1	1	0	1	0	1	0	1	2	1	1	0	0	1	0	0	1	0	2	0	0	1	1	0	0	1	0	1	0	1	0	1	1	0	0	0	0	0	1	0	0	0	0	1	0	1	0	0	0	0	1	1	0	0	0	1	2	1	0	0	0	0	0	1	0	1	0	0	0	1	0	0	2	0	0	1	0	0	0	1	0	0	0	0	0	0	1	0	1	0	0	0	2	0	0	0	0	0	0	0	0	0	0	1	1	0	0	0	0	0	1	0	0	1	0	0	0	0	0	0	0	0	0	0	0	1	0	0	0	0	0	0	1	1	1	0	0	0	0	0	0	0	0	1	2	1	0	0	0	0	0	1	0	0	1	1	0	0	0	1	1	0	2	0	2	0	0	0	2	0	1	0	1	0
0	0	0	0	0	0	0	1	0	1	0	0	0	2	0	0	1	0	1	1	0	0	2	6	6	6	3	1	1	3	3	1	1	5	0	2	1	1	1	1	7	5	7	11	2	1	6	2	3	0	0	4	5	6	3	5	2	2	2	1	3	1	0	1	0	0	1	0	3	0	0	2	0	2	2	0	2	1	1	0	1	2	2	4	4	6	6	13	125	0	111	8	0	7	13	15	13	6	3	0	1	1	0	0	0	0	2	1	2	2	1	2	0	0	0	1	1	1	0	1	0	0	0	0	1	1	4	1	1	2	0	1	2	0	1	1	2	3	1	0	0	1	0	1	2	0	0	0	0	0	0	4	1	1	1	0	4	1	0	1	1	1	1	3	1	0	0	0	0	0	0	0	2	0	0	0	0	0	1	0	2	0	0	1	1	0	1	0	1	3	1	0	1	0	0	0	1	0	2	0	1	2	0	0	1	5	7	0	3	1	0	1	3	2	2	1	0	0	0	1	0	0	1	1	3	0	0	0	0	1	1	1	1	1	0	0	0	0	0	0	1	1	0	0	0	0	0	0	1	1	0	0	1	0	0	0	0	1	1	2	2	1	1	0	1	2	1	1	0	0	1	0	1	1	0	0	1	0	0	1	1	0	1	2	1	1	1	1	0	1	0	0	0	1	0	0	2	1	0	1	1	0	1	1	0	1	0	0	1	0	0	0	1	1	1	0	2	1	0	0	0	1	1	0	0	0	1	0	0	1	0	0	2	0	1	1	0	2	0	1	1	0	0	0	0	0	0	1	0	2	0	1	0	0	0	0	0	0	0	2	1	0	0	1	1	0	0	0	1	4	0	0	0	0	1	1	0	1	0	1	1	1	0	0	1	1	0	1	0	0	1	0	2	1	0	0	0	1	0	0	0	0	0	0	0	0	0	0	0	0	0	0	1	0	2	0	0	0	0	0	1	0	1	1	0	1	1	0	1	1	0	0	0	0	0	0	0	0	0	1	0	0	0	0	0	0	0	0	0	0	1	1	0	0	1	1	0	0	0	0	0	0	0	0	0	1	0	0	0	0	0	0	0	0	0	1	0	0	0	1	1	1	1	0	0	0	0	0	0
0	0	0	0	0	0	0	1	1	0	2	1	0	1	1	0	3	0	0	0	2	0	4	2	6	4	3	7	3	1	2	1	2	1	0	1	0	2	3	3	9	4	11	3	2	8	3	2	3	2	0	3	9	1	5	5	5	4	2	0	3	1	0	1	3	1	1	1	0	3	0	4	0	1	0	0	2	4	0	1	1	1	4	3	2	2	8	8	28	111	0	17	6	7	6	12	6	5	4	0	1	1	1	1	0	2	1	0	3	2	2	0	2	0	1	0	1	1	1	1	0	2	0	2	0	0	1	0	1	0	0	0	1	0	1	0	0	1	1	0	1	0	0	1	1	1	0	0	1	0	2	1	0	1	1	1	1	0	2	0	0	0	1	0	0	0	0	0	1	0	1	0	0	2	0	0	1	0	0	1	1	1	0	2	0	0	0	0	1	0	1	0	0	1	0	1	2	0	2	0	2	3	0	0	5	4	2	3	1	1	0	1	2	0	1	1	1	2	0	2	0	0	0	1	1	1	0	0	1	0	0	1	1	0	0	0	0	0	0	1	0	0	0	0	1	0	3	0	0	0	0	0	0	0	0	0	1	0	1	0	1	1	0	0	0	0	2	0	1	1	1	1	0	0	0	0	0	1	0	0	0	0	0	1	0	1	0	0	0	0	0	0	1	0	0	0	0	1	0	0	1	0	1	0	0	0	0	0	0	1	0	0	0	0	1	0	1	0	0	1	1	1	0	0	0	0	0	0	0	2	0	0	0	1	0	0	0	0	0	1	0	2	0	0	1	0	1	0	0	0	0	0	0	0	0	0	1	0	0	0	1	0	0	0	0	0	0	0	1	0	0	0	0	0	0	0	0	1	0	0	0	0	0	1	1	1	1	0	0	0	0	0	0	0	0	0	0	0	0	0	0	0	1	0	0	0	0	0	0	0	0	1	0	0	0	0	0	2	1	2	1	0	0	0	1	0	0	0	0	0	0	2	0	0	0	0	0	0	0	0	0	0	0	1	0	0	0	1	0	0	0	0	0	1	0	0	1	0	0	0	0	0	1	0	0	0	0	1	0	0	0	0	0	1	0	1	0	0	0	0	2	1	1	2	1	0	0	0	0
0	0	0	0	0	0	0	1	1	0	0	1	0	1	1	1	0	2	4	3	1	2	3	4	11	5	4	3	4	1	1	2	1	2	2	1	1	1	0	2	4	2	3	2	1	2	3	0	3	2	4	2	3	1	4	7	2	4	0	1	1	1	2	1	1	3	1	2	0	1	1	2	0	0	2	1	2	0	0	0	0	0	0	0	1	1	4	3	10	8	17	0	20	25	14	18	7	5	2	3	1	3	3	1	2	1	0	3	1	2	3	0	0	0	1	4	0	0	0	0	0	0	0	0	1	2	2	0	2	1	2	3	0	0	0	1	1	1	1	1	0	1	0	0	0	2	0	0	2	1	1	0	0	0	1	0	1	2	1	1	1	1	2	0	1	1	0	0	0	1	0	0	1	0	0	0	1	0	0	0	2	0	1	0	4	0	2	1	1	0	1	0	4	0	1	2	0	0	2	0	1	1	1	1	1	1	5	3	0	0	1	0	0	3	0	1	2	0	0	1	2	1	1	0	0	1	1	0	1	0	0	0	2	0	1	1	0	0	1	0	0	0	1	2	0	1	0	0	0	0	0	3	1	1	2	0	0	2	2	3	1	0	0	1	0	1	0	0	0	0	0	2	0	0	0	1	0	0	0	0	0	0	0	1	0	0	1	0	1	0	0	1	0	0	0	0	0	0	0	1	1	0	0	0	1	0	0	0	0	0	0	0	0	0	1	1	0	0	2	0	1	1	1	0	0	1	0	0	0	0	1	1	1	0	0	0	1	1	0	0	1	0	2	0	0	1	0	0	0	0	1	1	0	0	0	1	0	0	0	1	0	0	0	0	0	0	0	0	1	0	0	0	0	0	1	1	0	0	1	1	0	0	0	0	0	0	0	1	0	0	0	0	0	0	0	0	1	0	0	0	1	0	0	0	0	0	1	0	0	0	0	2	0	0	0	0	2	1	0	0	1	0	1	1	0	0	0	1	0	0	0	0	1	0	0	0	0	1	0	0	0	1	0	1	0	0	0	0	0	2	0	0	1	0	0	0	0	0	2	0	0	0	0	0	1	0	0	0	0	0	0	1	0	0	2	1	1	0	0	2	2	0	0	0	0	0	0	0	0
0	0	0	0	0	0	0	0	1	0	0	0	0	0	0	0	0	2	0	2	1	5	4	11	12	2	3	3	2	3	1	1	1	0	2	1	1	0	2	4	2	2	2	1	3	3	3	4	1	3	0	4	4	5	2	2	0	5	1	0	2	2	1	2	0	1	5	0	1	0	1	1	0	0	0	1	0	1	1	2	1	0	3	1	0	4	2	2	7	0	6	20	0	30	10	9	3	2	3	2	1	4	4	0	0	1	0	5	3	3	3	0	1	1	1	1	0	1	0	2	1	0	1	0	4	2	2	0	1	1	2	0	1	0	1	1	1	1	0	0	0	2	0	1	1	0	1	2	0	0	1	1	3	1	1	0	0	1	1	1	0	1	2	3	1	1	0	0	0	0	1	1	1	1	1	2	1	0	3	0	0	1	1	0	0	1	0	0	0	0	1	2	0	0	1	1	0	1	2	0	2	3	5	1	2	2	2	3	1	2	4	0	0	2	0	0	1	1	0	1	1	0	0	0	1	0	0	0	0	1	0	0	1	0	1	0	0	0	0	0	0	0	0	0	1	0	1	1	1	0	0	0	1	0	1	1	1	1	1	0	1	2	1	0	1	1	0	0	0	1	0	2	0	1	1	1	0	0	0	1	0	0	0	0	0	1	2	1	2	1	0	1	0	0	1	4	2	0	1	2	1	0	0	0	0	1	1	0	0	0	0	0	0	0	1	1	0	1	1	0	0	0	1	0	0	1	0	0	1	1	0	0	0	0	0	0	0	1	0	2	2	0	0	0	1	0	0	0	1	0	0	0	0	0	0	0	0	1	0	0	0	0	0	0	0	0	0	1	0	0	1	0	0	1	0	1	0	0	0	0	0	0	0	0	1	0	0	1	0	0	0	0	0	0	1	0	0	0	1	0	0	0	0	0	0	0	0	0	0	0	0	0	0	0	0	0	0	0	1	1	0	0	0	1	0	0	0	0	0	0	0	0	0	1	0	0	1	0	0	0	0	1	0	0	0	0	0	0	0	0	0	0	1	0	1	0	0	0	1	1	0	0	0	2	0	0	1	0	0	0	0	0	2	0	0	1	0	0	1	1	2	1	1	0	1	0	1	0	0
0	0	0	0	0	0	0	0	0	1	0	0	3	0	2	0	0	1	2	1	2	1	0	13	20	6	5	1	1	2	2	3	0	0	0	2	3	0	1	2	1	0	3	2	1	1	5	5	4	3	3	4	4	2	0	3	1	0	2	0	1	1	1	1	0	0	0	1	0	0	1	0	0	1	0	1	0	1	2	2	1	2	2	1	4	2	3	1	7	7	7	25	30	0	39	12	10	5	9	2	1	7	6	5	4	1	1	3	8	1	2	1	3	0	0	1	0	1	2	2	3	1	1	0	1	2	4	3	1	2	3	0	1	1	4	1	2	0	0	1	0	2	0	3	2	0	0	1	1	0	1	0	4	3	2	2	1	1	2	0	2	2	0	0	0	0	0	0	0	2	0	1	1	1	0	1	1	0	0	0	1	0	1	1	0	1	1	0	2	2	1	0	1	1	2	2	3	2	4	1	2	1	4	3	5	3	4	1	3	2	3	2	1	0	2	1	3	0	0	0	3	0	0	0	0	2	1	0	1	0	1	1	0	0	2	1	0	1	0	0	1	0	1	2	0	0	0	1	2	1	1	2	0	2	0	0	1	1	2	1	0	0	1	3	0	1	0	1	1	0	1	0	0	0	0	1	0	1	0	1	0	0	0	0	2	1	0	0	0	1	0	0	2	0	2	1	0	1	0	0	0	0	0	1	0	0	0	0	1	0	0	1	0	0	1	0	0	0	0	0	0	0	1	0	0	0	0	2	0	0	1	0	0	0	0	0	0	0	1	0	1	0	0	0	0	1	0	0	1	1	0	0	2	0	0	0	1	0	0	0	2	0	1	0	0	0	1	0	0	2	0	0	0	0	0	1	1	0	0	0	0	0	0	0	0	0	0	0	1	1	1	0	0	0	0	0	0	0	1	0	1	1	1	1	0	0	0	0	0	0	1	0	0	0	2	1	0	0	0	1	0	0	0	0	1	0	1	0	0	1	0	0	0	1	2	0	0	0	0	0	0	2	0	0	0	0	0	0	0	2	1	0	0	0	0	1	1	0	0	2	1	1	0	0	0	2	0	0	0	0	0	0	0	0	0	2	0	0	0	0	1	0	1	1	0	0	0	0	0
0	0	0	0	0	0	0	1	1	1	1	0	2	1	1	1	0	0	1	1	1	2	3	13	13	4	1	3	1	3	0	0	0	0	0	3	0	0	1	2	7	2	5	2	7	4	16	2	7	6	5	5	12	1	0	1	1	2	2	0	0	2	0	2	1	1	0	1	3	2	3	1	1	3	1	0	1	1	2	2	3	1	6	1	3	1	5	5	18	13	6	14	10	39	0	86	15	9	8	1	3	2	5	0	0	0	2	2	3	2	3	0	1	1	2	2	2	0	2	1	2	0	1	2	1	2	2	4	4	2	1	4	2	0	1	2	1	1	0	1	0	3	0	3	0	0	0	0	1	3	0	0	1	0	0	2	2	3	0	0	0	2	1	2	1	0	2	1	1	1	1	4	0	0	0	2	0	1	0	0	2	1	0	0	0	1	1	0	1	2	0	2	1	0	1	0	0	1	0	1	3	3	5	1	0	5	9	0	1	0	1	2	0	1	4	1	1	0	0	1	0	1	0	1	0	0	0	0	0	0	3	0	0	1	0	1	0	0	1	0	0	1	1	0	0	0	1	0	1	1	0	0	0	0	1	2	3	2	1	1	1	2	0	1	0	1	2	0	1	0	1	0	0	2	1	0	0	1	0	1	1	0	1	0	0	0	1	0	0	0	0	1	1	0	0	0	0	1	1	0	0	0	0	0	0	0	0	0	0	1	0	1	1	0	1	1	0	0	0	0	0	0	0	3	0	1	1	0	2	0	0	0	0	0	0	0	1	0	0	1	1	0	1	1	0	0	0	0	0	0	0	0	0	0	0	0	1	0	0	0	1	0	1	1	2	1	0	1	0	0	1	1	0	0	0	1	1	0	0	0	0	3	0	1	0	1	0	1	0	0	0	1	1	0	0	0	0	0	0	1	1	0	0	0	0	2	0	1	0	0	0	0	0	0	1	2	3	1	1	1	0	0	0	0	0	0	1	1	0	0	0	0	0	1	0	0	0	1	0	0	0	1	0	0	0	0	0	2	1	0	0	0	0	2	0	1	0	0	0	0	1	0	0	0	1	0	0	0	1	0	1	0	1	0	0	1	1	0	1	0	0	0	1	1	0	0	0	0	1
0	0	0	0	0	0	0	0	0	3	0	0	1	2	1	0	0	1	1	5	3	2	2	7	8	11	8	3	5	2	3	1	1	1	2	1	1	1	2	1	5	2	12	7	3	6	8	4	1	6	7	9	12	1	4	2	2	1	1	1	2	2	0	2	0	0	0	1	5	3	2	1	2	1	1	0	0	3	1	2	1	2	1	1	3	5	1	8	29	15	12	18	9	12	86	0	59	23	5	3	1	2	1	1	1	1	1	1	2	0	2	1	2	0	2	0	1	2	2	2	4	0	4	1	2	3	5	3	1	3	2	2	2	3	0	0	0	1	2	1	0	0	0	0	0	0	2	0	3	0	1	0	1	1	1	4	1	0	0	1	1	2	0	0	0	0	1	0	0	2	1	1	1	2	2	2	1	0	0	1	0	0	0	0	0	0	1	0	1	0	2	0	0	0	2	0	0	0	2	2	0	4	4	2	3	4	3	1	1	2	2	1	0	2	0	2	0	0	2	0	1	1	0	0	0	0	0	0	0	1	1	1	1	1	2	0	0	0	0	0	1	0	0	1	0	3	1	0	1	1	0	0	2	1	0	0	1	0	0	0	1	0	5	0	0	0	1	1	0	1	0	1	0	0	1	0	0	0	0	1	0	1	0	1	1	0	1	1	0	0	0	1	1	1	1	2	1	0	1	0	0	0	0	0	0	0	0	0	0	1	1	0	0	0	0	0	0	0	1	0	0	0	0	1	1	0	1	0	0	0	1	0	2	0	1	0	0	0	0	0	0	2	0	2	2	0	0	0	0	0	0	0	0	0	0	1	0	1	0	0	1	0	0	0	1	0	0	0	0	0	0	0	0	0	1	0	0	1	0	0	0	0	0	1	0	0	1	0	0	1	0	0	0	0	0	0	0	0	0	0	1	1	0	0	0	0	0	0	0	0	0	0	0	0	2	0	2	1	1	0	0	0	0	0	0	1	0	1	1	0	0	0	2	1	1	0	0	0	0	0	0	0	0	1	1	0	0	1	0	0	0	0	0	2	0	0	0	0	0	2	0	0	0	0	0	0	1	0	0	0	0	0	0	0	1	0	1	0	0	0	0	0	0	0	0	2	0	0	0
0	0	0	0	0	0	0	0	1	1	1	2	0	0	0	1	0	1	1	1	2	1	6	11	5	8	8	9	6	3	1	2	3	2	2	1	2	1	3	6	3	3	9	13	14	17	23	5	6	7	9	10	15	0	0	4	2	1	0	1	2	3	2	2	0	1	0	2	2	2	2	0	2	0	1	2	3	3	2	1	3	2	5	7	6	5	4	10	13	13	6	7	3	10	15	59	0	75	6	6	1	4	1	1	2	2	0	2	3	3	2	1	0	0	0	1	2	1	1	5	1	3	0	2	3	4	6	5	5	2	8	1	0	2	1	0	1	0	0	0	0	2	1	1	0	1	0	0	0	1	1	2	4	1	0	4	2	0	2	0	0	1	0	2	1	3	1	2	1	2	1	1	3	0	0	0	2	0	0	0	0	0	0	0	0	0	1	2	0	3	0	1	0	1	0	0	1	1	2	2	2	2	4	3	4	3	19	4	3	2	2	0	5	4	3	1	0	1	0	0	0	1	0	0	0	0	0	0	0	1	0	0	0	0	2	0	0	0	0	0	0	0	0	1	2	0	0	1	0	0	0	1	2	2	2	2	0	0	0	1	2	0	1	0	0	0	3	1	0	0	0	1	1	0	1	0	0	1	0	0	1	2	0	1	0	0	0	1	0	0	0	0	0	0	0	0	0	0	0	0	1	0	0	0	0	1	0	0	1	0	0	0	2	2	1	1	1	1	1	1	3	1	0	0	0	0	1	1	1	0	0	0	2	1	0	0	0	0	0	0	0	0	0	1	2	0	5	2	0	1	1	0	1	0	0	0	1	0	0	0	1	0	1	1	0	0	0	0	0	0	0	0	0	1	0	0	1	0	2	2	0	0	0	0	1	0	0	1	2	0	1	0	1	0	1	0	0	0	0	1	0	0	1	1	0	0	0	0	0	0	0	0	1	1	0	0	1	0	2	1	0	1	1	0	1	1	0	1	0	0	0	1	0	0	1	0	2	0	0	0	0	0	1	0	0	0	0	0	0	0	0	1	0	0	0	0	0	3	0	1	1	1	0	0	1	0	0	0	0	0	0	0	0	0	1	1	0	1	1	0	0	1	0	0	0	0	0	0	0
0	0	0	0	0	0	0	0	1	1	0	2	2	0	1	0	3	4	2	6	6	2	9	11	13	9	7	12	10	3	4	2	2	3	3	3	0	2	3	5	9	5	8	12	23	22	71	12	8	14	13	13	24	3	2	1	2	1	0	0	1	0	0	2	3	2	1	2	4	2	3	1	2	3	2	2	2	2	1	2	7	5	10	7	6	7	2	3	6	6	5	5	2	5	9	23	75	0	3	5	6	6	10	3	0	0	1	3	4	3	1	0	1	0	2	0	0	3	3	9	4	1	8	2	5	3	11	5	3	5	2	1	2	1	1	2	1	1	1	0	2	0	0	2	2	1	1	0	0	1	0	2	1	0	0	0	1	0	1	2	0	0	1	3	4	0	1	0	0	1	1	1	1	2	2	2	0	2	1	0	2	1	2	0	0	0	1	1	0	1	0	1	1	1	0	0	0	1	0	0	4	5	2	5	6	6	21	2	3	1	3	0	2	2	1	1	0	0	1	0	1	0	0	0	0	0	2	0	0	1	1	1	0	0	0	0	0	0	0	0	0	0	0	0	0	1	0	0	0	1	2	1	1	1	1	3	2	2	4	0	3	2	2	4	0	0	2	0	1	1	0	0	0	1	1	0	1	0	0	0	0	0	0	0	2	2	0	0	0	0	0	1	0	0	0	0	0	2	0	1	1	0	0	0	1	0	0	1	0	0	0	0	0	1	1	0	0	0	0	0	0	1	0	0	0	0	0	2	0	0	0	1	1	1	0	0	2	1	1	0	0	0	0	1	0	0	1	0	1	0	1	0	1	1	1	0	0	1	1	0	1	1	1	0	0	0	1	0	1	0	0	1	1	0	0	0	0	1	0	0	0	0	1	1	1	1	0	1	0	0	0	0	2	0	0	0	1	0	0	0	0	1	1	2	0	0	1	0	0	2	0	0	0	1	0	0	0	0	1	0	4	0	0	0	1	1	2	0	0	0	0	0	1	0	0	0	0	0	0	0	0	1	1	0	0	0	1	1	0	0	0	0	0	0	1	1	0	1	0	0	0	0	0	1	1	1	0	0	0	1	0	0	0	1	0	0	1	0	1	0	0	1	1	0	0	1	0	1	0
0	0	0	0	0	0	0	0	0	0	0	0	0	0	0	0	0	1	1	1	4	9	9	29	10	3	4	5	1	3	1	1	0	1	0	1	1	1	0	1	2	0	0	1	4	2	17	6	15	32	23	9	5	1	1	1	1	1	0	2	1	1	4	1	3	1	0	0	1	1	0	0	1	1	0	1	1	1	3	1	4	0	4	3	1	1	3	5	7	3	4	2	3	9	8	5	6	3	0	20	11	22	19	7	5	7	4	4	7	4	9	5	2	3	0	3	1	5	3	2	1	1	3	1	6	7	2	5	8	5	7	1	3	1	2	2	1	0	0	0	0	1	0	0	1	0	2	0	0	0	1	0	1	1	1	1	1	1	1	2	1	1	1	0	1	2	2	2	1	3	4	3	0	4	2	1	1	0	0	1	1	0	0	1	1	0	1	0	1	2	1	1	1	3	1	0	1	4	3	3	5	22	16	9	4	7	4	3	5	1	3	1	0	0	4	3	3	1	0	0	0	0	1	0	1	1	1	2	1	0	0	0	0	1	0	1	0	1	1	0	0	0	0	0	1	0	2	0	0	1	1	1	3	1	3	1	0	2	2	1	1	0	1	3	1	1	3	0	1	0	5	3	0	1	1	0	0	0	2	2	1	1	1	1	1	0	1	0	0	3	1	0	0	0	0	1	3	2	0	1	0	0	1	0	0	1	1	2	0	0	2	0	1	0	1	1	1	2	0	0	0	1	2	0	0	0	0	1	0	0	0	0	0	1	0	0	0	0	0	0	0	0	0	1	1	2	2	0	0	0	0	1	0	0	0	0	1	0	0	1	0	1	0	0	0	1	0	1	0	0	0	1	0	0	0	0	0	0	0	1	2	1	0	0	1	0	1	0	0	0	0	0	0	0	2	1	0	0	2	0	0	0	0	0	0	0	0	0	0	0	0	1	1	2	0	1	0	0	0	0	1	2	0	2	0	0	1	0	0	1	0	0	0	0	0	0	1	0	1	0	0	0	0	1	0	0	1	0	0	0	0	0	0	1	0	0	0	0	1	0	0	0	0	0	0	0	0	1	1	0	0	0	1	0	0	1	2	0	0	0	1	0	1	0	0	1	0	0	1
0	0	0	0	0	0	0	0	1	1	0	0	1	1	0	1	1	2	0	1	3	1	4	11	5	1	6	1	2	1	1	0	1	1	1	1	2	1	2	1	2	4	5	2	1	2	2	3	9	10	13	5	2	1	1	0	0	0	0	1	2	0	0	0	0	1	2	2	1	0	0	1	3	2	2	3	1	1	0	3	0	2	2	0	1	2	1	1	1	0	0	3	2	2	1	3	6	5	20	0	129	33	24	8	2	4	6	2	7	4	15	7	4	2	2	6	10	1	4	2	1	0	0	2	4	1	3	5	4	11	11	4	4	0	0	1	1	0	0	0	0	0	0	1	0	0	0	0	0	1	0	0	3	1	2	1	1	1	2	0	2	1	0	1	0	0	3	3	4	7	5	5	2	3	2	3	1	2	0	4	2	1	1	2	0	0	1	0	2	3	1	2	0	2	2	2	4	9	5	6	23	50	55	29	5	1	5	2	3	1	1	3	2	1	3	5	2	0	0	1	0	0	0	0	0	1	0	1	0	0	1	0	0	0	4	2	0	0	2	1	0	1	0	0	1	1	0	4	0	3	1	1	3	1	1	1	2	4	5	0	1	1	1	0	1	1	2	1	3	2	0	0	0	1	0	3	0	0	1	0	1	0	1	1	0	1	1	1	2	1	2	0	2	1	0	0	1	2	2	1	2	2	0	2	0	1	0	0	1	0	1	0	0	2	0	0	0	1	3	3	1	0	2	1	1	0	1	1	1	0	0	0	0	0	2	0	0	0	0	1	3	2	1	0	1	0	0	1	0	1	0	1	0	0	0	1	0	0	1	0	0	0	0	0	0	1	0	0	1	1	0	0	0	0	0	0	1	0	0	0	1	0	0	0	1	1	0	0	1	0	0	0	0	0	1	1	0	0	1	0	0	0	0	0	0	0	1	0	0	0	0	0	1	1	1	0	1	2	0	2	0	0	1	1	0	1	2	0	0	1	0	0	0	1	0	0	0	1	0	0	0	1	2	0	0	1	0	0	0	0	1	0	1	0	1	0	0	0	0	2	0	0	0	0	0	0	0	0	0	1	1	1	0	0	1	0	1	1	0	2	0	0	0	0	0	0	1	0	0
0	0	0	0	0	0	0	0	1	0	1	0	0	0	2	2	0	0	2	4	2	4	3	4	6	1	5	2	0	0	1	1	0	0	0	1	1	0	1	0	0	1	3	2	0	1	4	9	12	6	18	12	0	1	2	2	0	2	0	1	1	1	0	0	0	1	1	0	1	2	1	0	0	0	0	0	0	0	3	3	4	1	4	4	3	0	0	2	4	1	1	1	1	1	3	1	1	6	11	129	0	45	24	5	6	14	11	7	12	13	8	9	4	4	4	9	2	13	8	3	0	3	6	1	3	2	1	4	11	13	11	8	6	6	2	0	0	5	1	0	0	0	0	0	0	1	0	0	1	0	0	0	0	0	2	1	4	0	2	0	0	2	3	3	5	3	3	0	4	12	9	3	4	4	2	2	2	1	3	4	0	0	2	1	1	1	1	3	0	3	1	2	1	3	4	3	3	7	6	11	33	26	46	43	9	3	2	2	4	0	2	1	0	3	4	1	4	0	2	1	0	0	1	0	0	0	0	0	0	0	0	0	2	0	2	2	0	0	0	0	0	0	2	0	0	2	0	1	2	2	1	1	0	1	3	4	0	4	6	2	3	2	9	2	2	4	4	2	1	0	2	1	0	2	0	0	3	0	0	0	0	1	1	0	1	1	0	2	1	0	0	2	2	1	1	0	2	0	0	0	0	1	1	0	2	0	0	0	0	1	0	0	1	1	1	1	0	2	0	1	1	2	0	0	1	1	1	1	1	0	1	0	0	1	0	0	0	0	0	0	0	0	2	0	0	0	1	0	0	0	0	0	0	0	0	0	0	0	0	0	0	0	1	2	0	0	1	1	0	0	0	0	0	1	0	0	3	1	0	0	0	1	0	2	1	0	0	0	0	0	0	0	0	0	1	0	1	0	1	1	0	1	0	1	0	1	0	0	0	0	0	0	1	4	1	1	0	1	0	1	0	0	1	0	1	2	0	1	1	0	1	0	0	0	0	0	0	0	0	2	0	1	0	0	0	0	0	1	0	0	0	1	0	1	0	0	0	0	1	0	0	0	0	0	1	0	2	0	1	0	0	2	0	0	0	1	2	1	3	0	0	0	0	0	0	0	0	2	0
0	0	0	0	0	0	0	0	0	1	0	0	0	0	1	0	2	0	0	1	5	5	3	8	6	3	5	2	2	1	3	1	0	0	1	0	0	1	0	0	3	0	2	3	4	3	5	3	4	12	15	14	2	1	0	0	1	1	0	0	0	0	0	0	0	0	0	1	1	4	2	0	0	0	2	0	1	0	2	1	1	4	2	1	1	2	2	0	1	1	1	3	4	7	2	2	4	6	22	33	45	0	168	12	5	6	3	14	22	21	8	0	1	3	1	2	5	5	5	2	0	1	1	2	3	2	3	3	7	8	11	5	2	7	4	3	0	3	0	1	0	0	2	2	3	2	0	1	3	0	2	2	1	4	3	1	0	2	2	3	2	4	1	1	4	2	1	2	1	3	6	0	2	2	1	6	4	2	0	3	0	2	1	4	0	0	0	0	4	1	1	1	1	3	1	5	2	3	5	5	9	13	17	27	11	6	6	2	1	2	2	2	0	2	6	1	3	0	0	0	0	1	2	0	0	0	0	1	0	0	1	0	2	0	0	0	0	0	0	0	0	0	1	1	1	1	1	1	2	3	1	1	4	0	2	2	1	2	2	0	2	2	2	1	0	1	1	2	1	2	0	1	0	0	1	1	0	0	0	2	1	0	1	0	0	1	1	0	0	2	0	2	1	0	0	0	1	1	1	5	1	0	0	2	0	0	0	2	0	1	0	0	0	0	1	3	0	1	2	2	3	2	0	1	2	0	0	0	1	1	2	0	0	0	0	0	0	1	0	1	1	0	0	2	1	0	0	0	0	0	0	0	0	0	1	0	1	0	1	0	1	0	0	1	1	1	1	0	0	0	1	0	2	1	1	0	0	0	0	0	1	0	0	0	1	0	1	2	0	1	1	0	0	0	0	0	0	0	0	2	1	0	0	1	2	0	2	0	0	0	0	0	1	0	2	1	2	1	0	0	1	0	0	1	0	1	1	0	0	1	1	0	0	0	0	0	1	0	0	0	0	0	1	0	1	0	1	0	0	0	0	1	0	1	1	1	2	0	0	0	0	0	0	0	0	0	0	0	0	1	2	0	1	0	0	0	1	0	0	1	0	0	0	1	0	0	0	0	1
0	0	0	0	0	0	0	0	0	0	0	0	0	0	1	1	0	0	1	0	3	3	4	6	1	3	2	5	1	2	0	0	1	0	2	0	0	1	2	1	1	1	0	2	2	1	1	7	4	9	18	9	2	0	0	1	0	1	2	0	0	0	0	0	1	0	1	0	3	0	0	1	0	0	2	0	0	5	0	1	0	3	2	1	2	3	2	3	3	0	1	3	4	6	5	1	1	10	19	24	24	168	0	15	9	11	9	20	70	46	8	3	3	1	2	2	5	5	8	4	1	2	0	1	3	2	2	2	6	3	11	5	6	4	1	3	1	0	2	2	0	1	1	0	0	1	0	0	1	1	0	1	2	1	0	6	5	2	1	1	3	2	5	2	2	10	2	1	1	5	2	2	2	3	1	3	3	2	3	6	0	1	2	2	0	1	3	3	3	4	2	2	2	0	2	1	2	6	5	9	5	8	9	17	8	6	2	4	7	3	4	5	1	2	4	4	3	3	1	3	0	0	2	0	0	0	0	0	0	1	0	1	0	2	0	1	0	0	0	1	1	0	0	0	1	0	3	3	1	2	0	1	0	2	0	1	2	3	2	1	1	3	1	1	1	3	1	0	2	2	0	0	2	1	0	0	1	0	1	3	0	1	0	1	0	1	0	1	0	2	2	0	1	2	1	2	1	4	0	3	0	0	1	0	1	1	0	0	2	0	1	1	2	0	1	1	3	0	0	2	0	0	1	0	0	0	2	0	0	0	1	0	1	1	0	0	2	0	1	0	0	1	1	0	1	1	1	0	1	0	1	0	0	0	0	0	1	1	0	0	0	1	1	2	0	0	0	2	0	0	0	0	2	0	0	0	0	0	0	0	0	1	1	0	2	2	0	0	1	0	2	1	0	0	0	0	0	0	1	0	0	0	0	0	0	1	0	0	0	0	0	1	0	0	1	0	0	1	3	1	2	0	0	0	0	2	1	0	0	1	0	0	0	0	0	1	0	0	0	0	0	0	1	0	0	0	0	0	0	0	0	1	1	1	0	1	0	0	0	0	0	0	0	0	0	1	0	0	0	0	0	1	1	0	1	2	0	0	1	0	0	2	0	0	0	0	0	1	1
0	0	0	0	0	0	0	0	0	0	0	1	0	1	0	0	0	0	0	0	3	2	1	4	0	1	1	1	0	0	0	0	0	0	1	0	0	0	0	0	0	1	1	3	2	2	0	2	2	3	2	3	0	2	0	1	0	0	1	1	0	0	0	0	0	0	0	0	1	0	1	1	0	0	0	1	1	2	0	4	0	3	2	3	1	1	1	2	0	0	1	1	0	5	0	1	1	3	7	8	5	12	15	0	64	33599	39	33	6	21	14	6	2	7	2	8	8	12	8	2	1	5	1	2	1	2	1	2	2	5	13	3	6	6	3	6	3	2	2	0	1	0	0	1	0	1	0	1	3	1	1	2	0	1	1	3	2	3	0	2	5	7	9	7	4	7	5	6	7	5	1	5	2	6	11	6	5	3	1	4	4	7	1	2	0	2	3	5	7	5	1	3	3	6	4	4	18	27	30	16	9	2	5	16	3	4	0	0	1	2	3	0	2	1	3	2	1	0	1	2	2	0	1	1	1	0	1	0	1	1	3	0	0	2	2	2	2	0	1	2	0	0	0	3	2	0	1	0	2	1	0	2	0	2	3	3	4	3	4	6	0	1	5	1	2	0	1	0	0	0	1	1	0	3	0	0	0	0	1	2	1	1	2	0	2	1	0	1	7	2	5	3	2	4	1	1	2	2	5	2	4	0	0	0	3	1	2	3	0	1	1	2	1	0	0	3	5	0	1	0	0	1	0	3	0	4	0	0	1	1	0	0	1	0	1	1	0	0	1	0	0	1	0	0	3	1	1	0	0	1	0	0	0	2	0	1	1	0	0	0	0	0	0	0	1	1	0	0	1	0	0	1	3	1	0	0	0	0	0	0	0	0	0	1	0	1	0	2	0	0	0	0	1	1	0	1	1	0	3	0	0	0	0	0	0	0	2	0	1	0	1	0	0	0	0	0	1	1	1	3	2	0	0	1	2	1	1	0	0	0	0	0	0	0	0	0	0	0	0	1	0	0	0	0	0	2	0	1	1	0	1	0	0	0	1	0	0	3	1	0	0	0	0	0	1	1	0	1	0	0	0	0	0	0	2	0	0	0	0	2	1	1	2	0	1	1	1	0	0
0	0	0	0	0	0	0	1	1	1	1	0	0	1	0	2	0	1	0	0	2	2	1	5	3	1	3	0	0	1	0	1	0	0	0	0	1	0	0	2	0	1	1	1	0	2	0	2	1	2	1	3	1	0	0	0	1	1	0	0	1	0	0	0	0	1	0	1	0	1	1	0	1	0	3	0	0	0	0	4	0	0	1	0	1	0	1	1	3	0	0	2	0	4	0	1	2	0	5	2	6	5	9	64	0	62	12	13	10	16	14	9	1	9	4	5	9	4	3	4	0	1	1	3	1	0	0	2	0	4	6	4	6	12	2	6	1	4	0	1	0	1	0	3	1	0	1	0	2	0	0	2	2	0	1	3	3	3	3	4	9	14	4	2	4	9	2	4	4	5	5	1	2	3	1	1	1	2	1	5	4	5	4	4	3	2	1	6	10	6	5	7	4	5	5	6	7	11	21	3	3	0	7	8	4	0	2	2	0	4	1	1	3	2	4	7	8	3	0	2	1	0	0	0	0	2	0	1	3	0	0	0	1	0	0	1	1	1	0	1	1	0	2	3	2	0	2	0	0	3	0	2	2	2	0	3	1	1	0	1	2	2	1	0	1	2	4	4	1	2	0	1	2	2	3	3	1	2	0	3	1	0	0	0	2	1	3	4	5	6	5	1	4	2	0	0	4	3	4	4	4	2	2	0	0	3	0	2	1	1	2	2	2	2	2	2	3	1	2	0	2	0	1	0	1	1	0	1	0	0	0	0	0	0	0	0	0	1	0	1	0	0	0	0	0	1	0	0	1	1	0	1	0	0	2	1	1	0	0	0	0	2	1	0	0	0	2	0	1	1	3	1	1	0	1	0	1	1	2	1	1	1	0	0	0	2	1	0	0	1	1	0	0	0	0	0	0	0	0	0	0	1	0	0	0	0	1	0	1	0	1	0	2	1	0	2	3	2	1	0	1	1	0	0	1	0	1	0	1	0	0	0	1	1	0	0	0	1	1	0	0	0	0	0	0	0	0	2	0	0	0	0	0	1	0	1	0	0	1	0	0	0	0	0	2	2	1	1	0	1	1	2	0	0	0	1	0	0	0	0	0	1	0	0	0	0	1	0	0
0	0	0	0	0	0	0	0	1	0	1	0	0	0	0	0	0	0	1	1	2	1	0	1	2	4	2	1	2	1	1	0	0	1	0	0	0	0	1	4	0	0	0	0	2	2	1	1	2	6	4	3	1	0	0	0	0	0	0	0	0	0	1	1	0	1	0	1	0	3	0	1	1	0	0	2	1	1	0	0	1	1	4	1	0	1	0	1	2	0	2	1	1	1	0	1	2	0	7	4	14	6	11	33599	62	0	29	28	8	16	15	10	6	10	0	7	4	12	5	4	1	0	1	0	0	1	1	2	2	6	6	13	9	7	2	4	0	0	0	0	0	1	0	1	1	1	1	1	0	1	0	0	4	0	0	1	1	4	3	5	7	15	6	3	4	9	4	3	1	5	3	1	14	8	3	8	3	3	3	2	7	5	3	5	0	2	2	4	7	1	3	2	1	3	8	6	10	25	36	11	9	5	1	13	1	1	2	0	1	2	2	2	1	2	11	4	5	1	0	0	0	2	0	1	2	0	0	0	0	2	0	0	1	1	5	1	0	1	0	1	0	3	0	1	1	0	0	0	0	3	2	1	3	1	4	5	2	6	1	0	6	1	4	1	3	1	3	4	2	0	2	2	3	0	0	0	0	1	1	3	1	2	3	0	0	2	1	6	2	3	3	3	3	3	2	1	1	1	1	3	0	1	0	1	3	0	0	0	0	0	0	2	1	2	2	1	0	3	3	0	4	4	0	3	0	1	0	1	0	1	0	0	2	0	0	1	0	1	2	1	1	0	3	2	4	1	0	0	1	1	0	0	0	0	1	1	0	1	0	0	0	0	1	3	0	0	0	0	0	1	2	0	1	0	0	1	0	1	0	1	1	1	0	1	0	1	1	0	1	0	0	0	0	0	1	1	0	0	0	2	0	0	1	2	0	0	1	1	0	1	0	0	0	2	1	0	3	2	1	1	1	0	0	0	0	0	0	1	0	0	0	0	0	0	1	0	0	0	0	0	0	1	0	0	0	0	0	2	0	0	0	0	0	1	3	1	0	0	1	0	1	0	3	1	1	0	0	0	3	1	1	0	2	1	3	1	1	1	2	3	1	0	0	0	0	2	0	1	0
0	0	0	0	0	0	0	2	0	0	0	0	0	0	0	0	3	2	1	0	0	5	0	3	1	1	2	0	1	0	0	0	0	0	0	0	0	1	0	0	0	3	2	0	2	3	0	2	2	2	6	4	0	0	0	1	0	1	1	0	2	0	0	0	2	1	0	0	0	0	0	1	1	0	0	1	0	1	1	1	0	4	4	1	1	2	1	2	2	2	1	0	0	1	2	1	0	1	4	6	11	3	9	39	12	29	0	13	12	10	9	8	3	3	5	2	7	56	9	1	2	0	2	2	1	2	0	3	7	7	22	19	13	9	2	3	1	0	1	0	0	0	1	0	1	0	1	0	3	1	1	1	1	3	0	0	4	3	3	2	4	6	11	4	6	23	18	8	8	7	14	11	10	13	7	3	6	3	1	8	7	11	6	5	2	4	3	1	5	3	0	3	0	1	9	5	6	11	19	8	7	6	8	8	8	5	2	4	1	5	2	2	1	5	7	5	3	1	0	0	1	1	0	0	0	0	0	0	1	0	0	0	2	3	1	3	0	0	3	2	0	0	1	1	0	0	1	2	3	1	1	1	4	2	4	1	0	2	8	1	2	3	8	2	5	4	5	1	4	2	3	2	3	1	0	1	1	1	3	2	1	2	4	1	1	0	0	4	3	1	1	1	0	2	1	1	4	4	5	4	3	1	1	2	2	1	0	0	0	2	1	1	1	0	2	0	1	3	3	1	4	4	0	2	1	3	0	0	2	1	1	0	0	0	1	0	0	0	0	0	1	0	2	2	4	1	1	0	3	1	1	0	1	0	0	3	0	1	2	0	1	1	0	0	2	2	0	0	0	0	1	1	1	0	1	2	0	0	0	0	3	0	0	3	0	0	0	0	0	1	2	0	0	1	1	1	0	0	0	0	1	1	2	1	0	1	0	0	0	0	0	0	2	0	0	0	4	2	0	3	2	2	2	0	1	1	2	0	1	1	0	1	1	0	0	0	0	0	0	0	1	0	0	1	0	1	0	1	1	0	1	1	0	1	2	0	0	1	0	0	0	0	0	0	2	1	1	0	0	0	0	1	1	0	0	0	0	0	0	3	0	1	0	0	1	0	1	0	1
0	0	0	0	0	0	0	1	0	0	0	2	1	0	2	0	0	0	0	0	0	1	3	1	0	2	3	2	0	2	0	1	0	0	0	0	0	0	0	0	0	2	1	1	5	0	3	1	1	4	10	7	0	0	1	0	1	0	0	0	0	4	2	0	0	1	0	0	0	2	1	0	0	2	1	0	0	1	0	0	0	3	1	1	2	1	0	1	1	1	0	3	5	3	2	1	2	3	4	2	7	14	20	33	13	28	13	0	46	13	3	6	1	1	2	4	2	14	5	0	0	3	0	0	3	4	2	3	2	6	13	20	24	26	12	6	1	2	0	2	0	0	1	0	1	2	2	1	0	1	2	3	2	3	2	0	4	1	0	4	5	8	4	6	12	13	6	3	4	4	4	2	5	3	4	3	3	2	1	5	5	4	0	2	0	1	1	4	4	2	1	3	1	0	0	4	0	4	10	2	5	4	5	12	3	0	2	3	3	3	1	5	0	1	11	11	9	2	1	1	2	1	0	1	0	0	1	1	1	0	0	1	0	0	2	1	0	0	1	0	0	0	2	0	0	1	1	2	1	1	0	0	1	3	5	1	2	3	5	3	2	1	2	1	3	0	4	1	1	2	2	1	1	1	2	2	0	2	1	1	2	1	1	1	1	0	0	4	0	1	3	0	0	2	0	2	0	6	3	0	5	1	0	1	1	1	0	2	0	1	2	1	2	1	0	1	0	1	2	0	2	0	0	2	2	1	0	0	1	1	0	0	0	1	0	0	0	0	1	1	2	0	0	1	0	1	2	0	1	2	0	1	0	0	0	0	0	0	1	0	0	2	1	0	1	0	2	0	0	0	0	0	1	0	0	2	2	0	0	0	1	0	0	1	0	1	2	0	2	1	1	0	0	1	2	1	0	1	0	1	0	1	0	0	2	1	0	1	0	0	0	0	1	1	0	1	2	3	3	4	2	0	0	3	0	0	1	0	2	0	0	0	0	0	0	1	0	0	0	0	0	1	0	1	0	0	0	0	0	1	0	1	0	1	1	1	0	0	0	0	0	0	0	0	0	0	0	0	0	0	0	0	1	0	3	1	0	2	1	1	0	0	0	2	2	0	1	0	0
0	0	0	0	0	0	0	0	0	0	2	0	0	0	0	1	0	0	0	0	0	2	2	4	4	1	2	0	3	2	0	1	0	1	0	4	1	0	1	1	1	0	1	2	8	3	3	7	4	6	12	5	4	0	0	1	0	2	0	0	1	0	0	2	0	1	0	0	0	0	2	0	1	1	1	0	1	2	0	1	1	1	2	2	2	1	2	3	3	2	3	1	3	8	3	2	3	4	7	7	12	22	70	6	10	8	12	46	0	13	4	3	1	1	2	4	2	12	4	3	1	2	1	0	0	2	5	2	1	4	8	6	9	7	2	3	3	2	1	2	3	0	0	0	4	0	1	1	3	1	0	1	3	6	2	1	3	1	3	5	4	2	3	2	3	7	3	2	1	4	5	3	3	4	3	2	1	0	0	2	3	2	2	2	0	0	0	3	2	4	2	1	1	2	1	2	5	4	5	6	4	2	4	15	6	4	6	4	3	3	3	2	1	2	14	6	6	3	0	2	0	1	1	0	1	0	0	0	1	0	0	0	1	1	1	1	1	0	0	0	1	1	1	0	2	1	0	1	0	4	0	0	2	3	3	2	1	1	5	0	0	0	1	3	0	3	5	0	0	0	1	1	2	2	2	0	1	2	0	1	0	0	0	1	2	0	2	1	0	0	1	2	2	0	0	0	3	3	3	3	2	1	0	0	1	1	1	1	0	0	0	1	1	2	3	2	1	2	2	1	0	3	1	1	0	0	1	0	1	0	0	0	0	1	0	1	0	0	1	0	2	1	0	2	0	1	1	1	1	0	0	0	0	1	0	0	0	0	0	0	1	0	0	0	1	1	1	0	1	0	2	0	0	1	0	0	1	0	0	0	0	0	1	1	0	1	0	1	0	3	0	0	2	2	0	1	0	0	0	1	0	1	0	0	2	0	0	1	0	0	0	1	0	2	2	0	5	4	0	2	2	1	0	1	0	0	1	0	0	0	0	0	1	0	0	1	0	0	1	0	0	0	0	0	0	1	0	2	0	0	0	0	1	0	0	1	0	0	0	0	0	0	0	1	0	1	0	0	0	0	1	1	2	0	2	1	0	0	1	1	0	1	1	0	1	0	0	0	2
0	0	0	0	0	0	0	0	1	0	0	0	0	0	0	1	0	1	1	2	1	3	1	2	4	0	0	1	1	2	0	1	0	0	0	0	0	1	0	1	0	0	2	1	2	2	1	2	5	2	1	5	2	0	0	0	0	0	0	1	0	0	1	0	3	1	0	1	3	0	0	0	0	0	0	0	0	1	0	0	2	0	0	2	1	2	0	0	2	2	2	2	3	1	2	0	3	3	4	4	13	21	46	21	16	16	10	13	13	0	29	7	6	6	3	8	5	9	6	1	1	0	4	3	2	0	0	4	6	6	6	3	8	5	5	4	2	1	2	1	1	0	0	1	0	0	0	0	1	0	2	1	2	4	1	2	5	1	2	4	7	4	5	1	3	8	3	2	1	4	1	2	4	4	3	1	2	0	3	2	2	5	2	3	1	2	0	0	4	5	1	0	0	2	0	4	6	7	7	6	11	5	8	11	5	0	0	3	1	3	2	2	2	2	3	4	1	1	0	0	0	1	0	0	1	0	0	0	0	0	0	2	0	1	0	2	1	1	1	0	1	0	0	1	1	1	3	2	0	0	0	1	1	4	1	1	1	2	2	1	2	1	2	2	1	3	2	0	1	0	0	1	2	0	1	3	0	0	1	2	1	1	2	1	1	2	0	2	3	1	2	2	3	3	0	0	1	5	3	0	1	1	1	0	0	1	0	1	2	1	0	0	0	0	1	3	1	0	0	0	1	1	1	0	0	1	2	0	0	0	0	1	0	0	0	1	2	0	0	0	1	1	1	0	0	0	0	0	0	0	1	0	1	0	1	1	0	0	0	1	0	0	0	0	0	0	0	0	0	3	0	0	0	0	0	1	0	0	0	1	1	0	0	3	5	0	1	0	1	0	1	2	0	0	0	1	0	0	1	1	0	0	0	1	0	1	0	1	1	0	0	1	0	0	1	0	2	0	0	1	0	3	0	1	2	0	1	1	0	0	0	0	0	0	0	0	0	0	0	0	0	0	1	0	0	0	1	1	1	0	0	0	2	1	0	0	0	0	1	0	0	0	0	0	1	0	1	0	0	0	0	1	1	0	0	0	0	0	1	0	0	1	0	0	0	0	1	0	2
0	0	0	0	0	0	0	0	1	0	0	1	0	0	1	0	0	0	0	3	1	1	4	4	1	1	0	0	0	0	1	0	2	0	1	0	0	0	0	3	1	1	2	2	1	1	1	3	5	3	6	2	1	0	1	0	1	0	1	0	0	1	0	0	0	2	1	0	0	0	0	1	0	1	0	0	0	1	0	1	2	1	0	2	0	3	1	1	1	1	2	3	3	2	3	2	2	1	9	15	8	8	8	14	14	15	9	3	4	29	0	12	9	26	4	19	8	2	4	0	1	2	1	1	0	1	2	1	3	3	5	1	2	1	0	2	1	0	0	0	0	0	3	0	0	0	1	1	0	0	2	0	1	0	2	0	2	1	1	1	1	3	4	0	2	0	3	3	1	10	5	2	3	0	4	4	2	3	1	6	3	4	5	3	3	1	5	1	0	1	5	4	2	2	2	2	11	8	18	18	9	7	7	9	1	0	2	3	5	3	1	3	0	2	2	0	2	0	1	1	1	1	0	0	1	1	0	0	0	0	0	0	0	1	0	0	1	0	0	0	1	0	1	0	1	1	0	0	2	0	4	0	1	1	1	1	1	1	1	2	1	1	3	0	0	1	0	0	0	1	1	1	3	0	2	2	1	1	0	0	2	0	0	0	0	1	0	0	1	1	1	2	2	1	0	1	0	2	0	0	0	1	1	0	1	1	0	1	0	0	0	0	1	1	0	0	1	2	0	0	0	0	0	0	0	1	0	2	0	0	0	0	0	0	0	0	0	0	1	0	0	0	1	0	1	0	0	0	1	1	0	1	0	2	0	1	0	0	0	0	0	0	0	0	0	0	0	0	0	1	1	0	0	1	0	1	0	2	0	0	1	0	1	1	0	0	0	0	0	0	0	0	0	0	1	0	0	0	1	0	1	2	0	0	0	1	0	0	0	1	0	0	0	0	0	0	0	0	2	0	1	2	0	0	0	0	0	0	1	0	1	1	1	1	0	0	0	0	1	0	0	1	0	0	0	0	0	0	0	1	1	0	1	0	1	1	0	0	1	0	0	1	0	0	1	0	0	1	1	1	0	0	0	1	0	1	0	1	0	1	1	1	0	0	1	0	1	0	0
0	0	0	0	0	0	0	0	0	1	0	0	0	0	0	0	0	2	0	1	1	4	2	1	0	2	0	0	1	0	2	0	2	1	1	1	0	0	0	1	3	0	0	0	0	1	3	1	4	1	5	1	4	1	0	0	0	0	0	1	0	1	0	0	0	0	1	2	1	0	0	0	2	2	0	0	1	0	3	0	0	0	0	1	3	0	0	1	0	2	0	0	0	1	0	1	1	0	5	7	9	0	3	6	9	10	8	6	3	7	12	0	27	35	13	68	19	7	7	1	0	2	1	0	1	1	0	1	4	4	4	2	6	1	1	1	3	2	1	0	1	2	1	0	0	0	0	0	0	0	1	1	0	0	1	0	1	0	0	3	4	3	0	0	3	5	2	3	2	5	1	2	0	3	5	11	3	6	6	7	5	5	2	0	5	1	1	2	3	4	5	4	5	9	5	12	19	35	36	53	18	4	4	7	2	0	1	1	1	1	0	5	0	1	5	0	0	0	0	2	1	0	0	0	0	0	1	0	0	1	0	0	0	3	0	0	0	0	0	1	0	0	0	0	0	0	0	3	3	0	0	0	0	0	3	1	0	1	0	4	2	3	4	3	0	1	2	1	0	2	3	2	5	2	0	0	0	1	0	3	3	0	0	0	1	3	3	6	2	1	1	1	1	0	2	2	1	0	1	1	1	1	1	0	0	2	0	0	1	1	1	1	0	3	1	1	0	1	0	3	2	1	0	1	0	1	1	0	0	0	1	0	1	0	0	0	1	0	1	0	0	0	0	3	0	0	0	1	1	0	0	0	1	0	0	0	0	0	1	0	1	0	0	0	1	0	1	0	0	0	0	1	0	0	2	0	2	0	1	0	0	0	0	0	0	0	0	1	0	0	0	2	1	0	0	0	0	0	0	0	1	0	0	0	0	0	0	0	1	0	1	0	0	0	2	1	0	0	2	0	0	0	0	0	0	0	0	0	0	0	0	0	1	1	0	1	0	0	0	0	1	0	0	0	0	0	0	0	0	1	0	0	0	1	0	2	0	0	0	0	2	0	0	1	1	2	0	0	0	0	2	0	1	2	0	1	0	1	0	0	0	0	2	0	0	0	1	1	0
0	0	0	0	0	0	0	0	0	0	0	0	1	0	1	0	0	0	0	0	0	0	0	3	2	0	1	2	1	0	0	0	1	0	0	0	0	0	0	0	0	0	0	0	2	0	2	1	0	0	2	0	0	1	0	0	0	0	0	1	0	1	1	0	1	1	0	2	0	0	3	2	0	1	0	1	0	0	1	1	1	1	0	0	0	1	1	0	1	0	2	0	1	3	1	2	0	1	2	4	4	1	3	2	1	6	3	1	1	6	9	27	0	18	53	35	9	2	2	2	0	0	0	1	1	0	3	0	2	2	1	0	2	1	1	2	0	1	0	1	0	0	0	1	1	0	0	0	1	0	0	1	0	0	1	0	1	1	0	1	0	1	1	0	4	3	2	1	1	3	2	3	1	1	9	8	1	4	4	7	5	2	4	0	1	4	1	1	4	4	4	8	1	10	7	6	6	10	11	19	7	5	4	3	1	1	1	0	1	3	0	0	0	3	1	2	0	2	0	1	0	0	0	0	0	0	1	1	0	0	0	0	0	0	1	0	0	1	0	1	2	0	0	1	0	3	2	0	1	2	0	0	1	2	2	1	0	0	1	2	4	1	5	2	2	3	2	4	1	0	4	2	2	0	1	0	1	0	3	0	1	0	2	1	3	2	0	3	2	1	3	3	1	1	0	2	1	1	2	3	0	0	0	0	0	2	0	0	0	0	0	1	0	0	1	1	0	1	2	0	1	1	0	0	1	0	0	0	0	0	0	0	0	0	0	0	0	1	0	1	0	1	2	0	0	2	0	0	1	2	1	0	1	0	0	0	1	1	0	1	0	0	0	1	0	2	0	0	1	1	0	0	1	0	1	1	0	0	0	0	1	0	1	1	1	1	0	2	0	0	0	2	0	2	0	0	0	0	1	0	2	0	0	0	0	0	1	0	0	0	0	0	0	0	0	0	0	0	1	1	1	0	0	1	1	1	0	0	0	0	0	1	0	0	0	0	0	0	1	0	0	0	0	0	0	0	1	1	0	0	1	0	0	0	0	0	0	0	0	0	0	0	0	0	1	0	0	0	2	0	2	0	0	0	0	1	0	0	0	0	0	1	0	0	3	1	1	0	0
0	0	0	0	0	0	0	0	1	2	2	0	0	0	0	0	0	0	0	1	0	2	1	2	2	1	0	0	0	1	0	0	2	1	0	0	0	0	0	0	1	2	2	1	1	1	2	0	0	3	0	2	1	0	0	0	1	0	0	0	0	1	0	0	0	2	0	1	1	0	0	0	0	0	0	0	0	0	1	1	0	0	1	2	0	0	0	2	1	0	0	0	1	0	1	0	0	0	3	2	4	3	1	7	9	10	3	1	1	6	26	35	18	0	53	25	6	3	1	0	0	1	1	0	0	2	0	0	0	2	0	2	0	3	0	1	3	0	0	0	0	0	2	0	0	0	0	0	1	0	0	0	0	2	2	1	0	0	0	2	2	3	1	0	1	1	0	2	0	1	4	3	2	5	8	1	5	1	8	6	1	2	3	2	1	2	1	3	4	6	6	7	12	14	6	26	24	17	21	17	4	1	2	0	0	1	0	2	0	2	3	1	2	1	6	2	0	1	1	0	1	1	0	2	0	0	0	2	0	1	1	0	1	1	1	1	2	1	0	0	0	0	0	1	0	1	0	0	0	2	0	2	3	0	0	3	0	3	0	0	2	0	3	0	0	2	0	1	2	2	1	1	0	0	0	2	1	1	2	1	0	1	0	1	1	1	1	1	2	0	1	1	2	2	0	2	1	0	1	0	1	0	1	0	1	0	0	1	1	1	2	0	0	0	0	1	1	0	0	1	0	0	0	0	0	0	1	0	0	0	0	0	0	0	0	1	0	0	0	0	0	1	0	0	0	1	0	1	0	1	1	0	0	0	1	1	0	0	0	0	0	1	0	1	1	1	0	0	0	0	0	0	1	1	0	0	2	0	1	1	2	0	0	0	1	1	1	1	0	0	1	0	2	0	1	0	0	0	1	0	0	0	0	1	1	1	0	1	0	1	0	0	0	1	1	0	0	1	2	1	0	0	2	2	1	0	0	0	0	0	1	1	0	0	0	1	0	1	0	0	0	0	0	2	0	0	0	0	0	0	1	0	0	0	1	0	0	0	1	1	0	0	0	0	0	0	1	0	0	0	0	0	0	0	1	1	1	0	1	1	0	2	0	0	0	1	0	0	0
0	0	0	0	0	0	0	0	0	1	0	0	0	0	0	2	2	0	0	0	0	1	1	1	0	0	0	0	1	0	0	0	0	0	0	1	0	1	0	0	0	0	0	1	1	0	0	0	2	1	1	2	2	0	0	0	0	0	0	0	1	0	0	0	0	0	0	2	0	0	0	1	1	0	1	1	0	2	1	2	2	1	0	0	0	0	0	1	1	0	1	1	1	0	2	2	0	2	0	2	4	1	2	2	4	0	5	2	2	3	4	13	53	53	0	18	4	3	0	1	2	1	0	2	0	0	0	0	1	0	2	1	3	1	3	2	0	1	0	1	0	2	1	0	0	0	0	0	0	0	0	1	0	0	0	1	0	1	1	1	3	0	0	2	3	3	2	5	3	4	5	1	1	1	4	1	4	4	6	3	5	0	3	1	1	1	0	1	3	5	4	7	11	13	9	21	15	11	6	10	5	6	3	4	0	1	0	2	0	1	1	0	0	0	0	0	1	0	1	0	0	0	3	0	2	0	0	0	0	0	0	0	0	0	0	0	0	1	0	0	1	1	0	1	0	0	2	2	1	1	0	0	2	1	0	3	1	2	2	2	0	3	4	2	4	1	0	3	2	3	3	4	2	4	1	0	0	1	1	4	1	1	1	3	0	1	3	4	1	3	5	2	2	7	0	0	1	0	2	0	1	0	0	0	0	0	0	0	1	1	2	1	0	1	0	2	0	0	1	2	0	0	0	0	2	0	1	1	0	1	0	0	0	1	1	0	0	0	0	0	1	0	0	1	1	1	1	0	1	0	0	0	0	0	0	0	2	0	0	0	1	0	0	0	1	0	0	0	0	0	1	1	0	1	1	0	1	0	0	0	0	0	0	0	0	0	0	0	0	0	0	1	1	0	0	0	0	0	0	0	0	0	1	0	2	0	0	1	1	0	1	0	0	0	0	0	0	2	0	0	0	0	2	0	0	1	0	0	0	0	0	0	0	0	0	0	0	2	0	0	0	1	0	0	0	0	0	1	0	0	0	0	1	0	0	0	0	0	0	0	0	0	0	0	0	0	0	0	0	1	1	0	0	2	1	1	0	1	0	0	0	1	0	0	2	0	1	0	0
0	0	0	0	0	0	0	1	1	0	0	0	0	0	0	0	0	1	0	1	3	3	2	3	1	2	2	1	0	0	1	0	1	0	1	1	0	0	0	0	0	0	1	4	1	0	0	1	0	0	2	0	0	1	0	1	0	0	2	0	1	0	1	1	0	0	0	1	1	1	0	0	1	0	0	1	0	0	0	0	0	2	1	0	1	0	1	0	0	1	0	4	1	1	2	0	1	0	3	6	9	2	2	8	5	7	2	4	4	8	19	68	35	25	18	0	15	3	3	1	0	1	0	2	1	1	1	4	2	5	5	1	3	1	0	0	0	1	1	0	0	1	0	0	0	0	1	1	0	0	0	0	1	0	0	1	0	0	3	2	0	2	1	1	1	1	5	1	2	3	4	0	2	2	6	1	5	2	2	3	1	4	1	3	0	0	3	0	1	4	2	4	3	4	7	13	8	9	10	43	11	3	3	5	0	1	0	2	1	0	2	0	1	2	2	0	3	0	1	0	1	1	0	0	2	0	1	0	0	0	0	0	1	0	0	0	0	1	0	0	0	0	0	0	1	0	1	3	0	0	0	0	0	3	1	0	1	4	2	1	3	2	6	4	2	3	1	2	0	1	3	0	1	0	4	0	0	0	2	1	1	1	1	1	6	0	1	1	0	6	3	1	3	3	1	0	1	1	1	0	1	1	0	0	0	1	1	1	3	2	0	0	0	0	1	1	1	1	2	0	2	3	0	0	0	0	0	2	1	0	1	0	1	0	0	0	1	2	0	0	0	0	0	0	1	2	0	3	1	0	1	0	2	0	1	0	1	0	0	0	0	0	0	0	1	1	0	0	1	0	0	0	0	1	1	0	1	0	0	0	0	1	0	0	0	0	0	1	0	0	0	0	0	0	0	0	0	0	0	0	0	0	0	2	0	0	0	0	0	0	1	0	0	0	0	0	0	0	1	0	1	0	0	0	0	0	0	0	0	0	0	0	0	0	0	0	0	0	0	0	0	0	0	1	1	0	0	1	0	0	0	0	1	0	0	0	0	0	0	0	0	0	0	1	0	0	0	0	0	1	0	3	0	0	1	0	1	0	0	1	0	0	0	0	1	0	0	2	0
0	0	0	0	0	0	0	0	1	0	0	0	0	0	0	2	0	0	0	1	1	1	1	2	0	4	0	0	4	0	0	0	0	0	0	0	0	0	0	1	2	1	3	0	0	3	0	3	4	4	4	6	1	0	1	2	0	0	0	1	0	0	1	2	0	1	0	3	1	0	1	0	2	0	1	0	1	1	1	3	2	2	0	0	1	1	1	1	1	1	1	0	0	0	2	1	2	0	1	10	2	5	5	8	9	4	7	2	2	5	8	19	9	6	4	15	0	14	4	0	0	4	1	4	3	0	0	6	1	6	10	1	2	2	1	0	2	0	0	0	1	1	1	2	0	0	0	0	0	0	1	0	0	0	0	0	0	1	1	1	1	2	1	1	4	8	8	2	0	17	9	8	5	10	25	14	8	10	7	10	4	1	2	0	0	2	0	3	1	2	3	3	2	4	6	2	5	12	13	68	35	8	8	3	1	0	4	0	3	3	1	1	1	3	1	1	0	1	0	1	1	1	0	0	0	1	0	0	1	0	0	0	0	0	2	2	0	0	0	0	1	3	1	0	0	0	2	0	1	0	1	1	1	2	3	2	2	2	1	6	4	4	18	2	2	2	2	1	2	5	0	4	3	1	2	0	1	2	1	1	0	0	1	1	4	1	1	1	3	2	1	0	1	1	0	2	3	3	3	3	1	0	0	0	1	0	0	0	0	2	1	2	0	0	0	0	0	1	1	0	3	1	1	0	1	1	1	0	0	2	2	1	0	0	0	0	0	0	1	0	0	1	0	1	3	1	0	0	1	1	0	0	1	1	0	1	1	0	0	0	0	0	1	0	1	0	0	0	0	1	1	0	0	0	2	1	1	1	0	2	0	2	0	0	1	0	0	2	0	0	2	0	1	0	1	1	0	0	0	0	0	0	0	0	0	2	1	1	1	1	0	0	0	2	1	0	0	1	1	2	1	1	0	0	0	0	2	2	0	0	0	1	0	1	0	0	0	0	0	0	1	0	1	0	1	0	0	0	1	0	0	1	1	0	1	0	0	0	1	1	0	1	0	0	0	2	0	0	0	0	0	0	0	0	0	1	1	0	0	0	1	0	1	0	0	0	0	0	1
0	0	0	0	0	0	0	0	0	0	0	0	0	0	0	0	0	0	1	0	2	3	5	4	0	2	2	1	1	1	2	1	0	2	1	0	1	1	1	1	1	0	1	2	1	0	3	4	3	2	2	2	1	0	0	0	1	1	0	0	1	0	0	0	2	1	1	1	0	1	0	2	1	1	0	1	0	0	1	0	1	0	1	0	1	0	1	1	0	1	1	0	1	1	0	2	1	3	5	1	13	5	5	12	4	12	56	14	12	9	2	7	2	3	3	3	14	0	17	4	2	3	2	6	4	6	2	3	9	7	38	19	9	3	5	1	3	0	1	2	0	1	2	0	0	2	0	1	0	0	0	2	1	2	1	1	1	0	1	1	1	6	7	11	20	16	11	6	9	16	11	10	10	20	9	7	6	6	3	8	4	1	2	1	0	1	0	2	2	0	1	1	3	5	4	5	4	6	8	11	20	12	6	23	8	2	1	6	2	2	6	1	8	7	6	2	0	1	0	0	0	1	0	0	0	0	0	0	1	0	0	1	0	2	2	2	0	1	2	0	1	0	0	1	0	2	2	3	2	2	1	4	2	3	2	1	6	5	7	6	5	4	12	7	5	2	7	5	2	5	1	1	4	3	3	0	1	1	3	1	1	1	2	0	1	0	2	1	1	3	0	2	0	1	0	1	0	2	0	1	4	4	2	0	1	0	0	1	1	2	2	0	0	1	2	2	3	1	1	0	4	3	3	3	1	2	1	0	0	0	1	1	1	1	0	0	1	1	3	0	0	1	2	0	4	5	0	2	1	1	3	1	0	0	1	2	2	1	0	0	2	0	0	1	0	0	1	0	1	3	1	0	0	1	1	0	1	0	2	1	1	2	0	1	0	1	0	0	0	1	1	0	1	0	0	1	1	0	0	0	0	1	1	0	0	0	0	0	2	1	0	1	0	1	0	2	2	0	0	1	1	1	2	0	3	0	0	0	2	0	0	0	0	0	0	0	0	2	1	0	1	0	0	1	1	0	1	1	0	0	1	0	1	0	1	0	0	1	0	0	0	0	1	0	0	0	1	0	1	0	0	1	1	1	1	2	0	1	1	0	1	0	1	0	1	0	0	1	0
0	0	0	0	0	0	0	1	0	0	0	1	0	0	1	0	0	1	2	0	1	4	3	2	0	1	2	2	3	4	1	0	1	1	1	1	0	0	2	0	0	0	3	3	2	5	7	1	6	3	5	13	2	0	2	0	1	0	0	0	2	1	1	0	2	0	0	1	1	2	0	0	4	0	3	1	1	1	0	3	2	4	1	6	0	2	1	6	4	0	1	0	0	2	2	2	1	3	3	4	8	5	8	8	3	5	9	5	4	6	4	7	2	1	0	3	4	17	0	6	9	3	11	18	4	6	7	40	9	18	45	12	10	5	0	1	2	0	0	1	0	1	1	3	0	1	0	1	0	0	0	0	1	1	0	0	0	2	0	2	1	1	3	4	7	2	7	2	6	21	34	11	10	11	2	4	5	1	0	1	2	1	0	1	1	1	2	3	2	2	0	2	1	4	0	1	1	3	3	2	11	10	12	20	23	9	6	11	7	1	11	8	5	28	11	2	1	0	1	0	1	1	1	0	1	1	0	0	0	1	0	0	0	1	0	0	1	0	2	0	0	1	1	0	1	1	0	1	2	1	2	1	2	1	0	3	1	19	24	13	6	6	8	2	4	4	5	2	3	3	3	0	1	0	1	1	0	0	1	4	2	0	0	1	0	2	1	3	2	0	1	0	1	1	1	1	0	2	2	0	1	0	0	1	1	0	0	1	1	2	0	1	0	0	0	1	1	3	2	0	0	3	1	0	1	1	0	1	0	0	0	1	1	0	0	0	1	0	1	0	1	1	0	1	1	3	1	1	0	1	3	0	1	1	1	2	0	1	0	1	2	1	0	2	2	1	1	0	1	0	0	0	2	0	0	0	0	2	0	0	1	0	3	1	0	0	0	1	0	1	0	0	0	0	0	0	0	0	1	0	0	1	1	1	0	1	0	0	0	1	0	0	0	0	0	0	1	1	1	0	1	0	0	1	0	1	0	0	0	0	0	0	1	0	0	0	0	0	0	2	0	0	0	0	0	1	0	1	1	0	0	0	1	0	0	1	0	0	1	0	0	0	0	0	2	1	1	0	1	1	0	1	0	1	1	1	0	1	2	0	1	0	0	0	0	1	0	0	0
0	0	0	0	0	0	0	0	0	0	1	0	1	0	0	0	1	1	1	2	2	4	3	1	6	2	4	2	5	3	1	2	0	0	0	1	0	2	2	2	0	1	4	4	6	9	3	11	10	2	4	7	1	1	0	0	0	0	1	0	2	0	2	2	1	2	2	1	3	4	3	3	1	3	0	0	6	6	7	8	14	12	15	8	8	3	0	2	4	1	1	0	2	2	1	2	5	9	2	2	3	2	4	2	4	4	1	0	3	1	0	1	2	0	1	1	0	4	6	0	15	15	29	75	121	15	19	31	16	10	3	3	6	0	2	1	2	0	0	1	0	0	0	0	0	1	0	0	1	1	0	0	0	0	0	0	2	0	0	0	1	3	0	1	1	0	0	1	1	7	4	4	2	3	2	1	1	4	1	3	1	2	2	1	1	0	1	0	0	0	0	1	0	2	1	2	2	1	3	0	7	3	6	5	8	11	7	5	8	2	1	3	1	6	1	2	1	1	0	0	0	0	0	0	2	0	1	0	2	0	0	1	0	0	0	0	0	1	1	2	0	0	0	0	2	0	2	0	0	2	0	1	4	0	0	2	0	7	12	9	1	3	5	2	1	1	4	1	1	2	2	0	1	1	1	0	0	1	1	0	0	0	1	0	2	1	0	0	0	2	0	1	1	0	0	0	0	1	1	0	0	1	0	2	0	0	0	0	0	1	0	0	2	1	0	2	1	0	1	0	1	0	0	1	0	1	1	1	1	1	3	0	0	0	2	1	0	0	0	2	1	1	1	0	1	0	2	2	1	1	0	0	0	0	0	1	1	0	0	0	0	0	0	0	0	0	0	0	1	0	0	0	0	0	1	1	0	0	0	1	0	1	0	2	0	1	1	0	1	0	0	0	0	0	1	0	0	0	0	0	1	0	1	1	0	3	0	0	0	0	0	0	0	0	0	0	0	0	0	0	1	0	0	0	1	0	0	1	0	0	0	0	0	1	0	0	0	0	0	3	2	1	0	0	1	1	0	0	0	0	0	0	0	0	0	0	0	1	0	1	0	0	0	0	0	0	0	1	1	0	1	0	0	0	1	1	0	0	0	0	1	0	0	0	0	0	0	0	0
0	0	0	0	0	0	0	0	1	1	0	0	0	1	2	1	0	1	3	3	0	2	1	4	2	2	2	4	3	2	1	3	0	1	0	0	1	2	0	2	3	1	2	0	1	5	1	1	3	2	1	3	4	1	1	0	1	1	0	0	1	0	0	1	4	0	3	0	1	4	3	3	4	6	2	2	1	4	10	19	8	9	7	0	7	0	1	1	0	0	0	0	1	3	2	4	1	4	1	1	0	0	1	1	0	1	2	0	1	1	1	0	0	0	2	0	0	2	9	15	0	45	12	20	17	7	6	3	1	7	5	0	1	1	2	1	0	0	0	0	0	0	0	1	0	0	1	1	0	0	0	1	1	0	1	0	1	0	0	2	1	1	1	1	5	0	2	0	0	2	4	1	2	1	0	1	0	1	0	1	0	0	1	0	0	0	0	0	0	1	0	1	0	0	0	0	0	0	0	2	1	3	5	1	4	3	1	2	1	1	2	4	10	5	2	2	0	0	2	0	0	1	0	0	1	1	0	0	1	0	1	0	1	0	2	0	2	1	0	0	0	0	1	1	1	1	0	2	1	1	1	1	1	1	3	3	5	4	8	8	5	7	4	1	4	0	4	1	0	1	0	0	1	1	1	0	0	1	0	1	1	1	0	1	1	1	1	2	1	1	0	0	0	0	0	0	1	0	0	0	0	3	1	1	0	0	0	0	2	0	1	1	0	1	1	1	0	0	0	0	2	3	1	1	1	2	3	0	0	0	0	1	3	0	0	1	0	0	0	1	0	0	3	0	3	2	1	0	0	0	1	0	0	1	0	0	1	0	2	1	0	0	0	0	0	0	1	0	0	0	0	0	0	1	0	0	2	0	1	0	1	1	0	1	1	0	0	1	0	0	0	0	0	0	1	0	0	0	0	0	2	0	0	1	0	0	0	0	0	2	1	1	1	1	0	1	0	0	0	1	0	0	0	0	0	1	0	0	0	0	1	0	0	0	0	0	0	0	0	0	0	0	0	0	0	1	1	1	0	0	0	1	0	0	0	1	0	0	0	0	0	0	0	2	0	1	1	1	0	0	0	0	0	0	0	0	0	1	0	0	0	0	0	0	0	0	0	0	1
0	0	0	0	0	0	0	0	1	0	0	0	1	0	1	1	0	3	2	3	4	3	3	1	3	2	1	1	3	0	0	1	0	0	0	1	1	1	1	4	0	3	0	0	1	6	1	2	7	5	1	1	2	3	0	1	1	1	0	2	2	2	2	1	1	0	1	1	0	2	1	0	4	2	2	0	1	2	8	15	10	10	10	4	3	1	1	2	1	0	2	0	0	1	0	0	3	1	1	0	3	1	2	5	1	0	0	3	2	0	2	2	0	1	1	1	4	3	3	15	45	0	43	21	7	4	8	2	4	11	2	0	3	1	2	1	0	1	0	0	2	1	0	0	0	0	1	0	0	0	0	1	0	1	1	0	0	0	1	0	0	0	1	2	1	3	2	1	2	5	8	3	3	2	1	1	1	0	1	1	0	1	0	0	0	0	0	0	0	1	1	1	0	1	0	1	1	1	0	1	3	1	2	1	6	3	0	0	2	2	1	3	5	3	2	1	0	0	0	0	0	0	1	0	0	0	0	0	0	0	0	0	1	0	0	1	0	1	1	0	0	0	0	0	0	0	1	0	0	0	2	2	0	1	1	1	2	2	4	5	8	3	1	0	1	1	3	0	1	2	2	0	1	0	0	1	0	2	2	0	0	0	0	2	0	1	2	1	0	0	0	0	0	0	1	0	0	0	0	0	2	0	0	1	0	0	1	0	0	1	0	0	0	0	2	0	1	1	2	4	0	4	0	0	2	1	0	1	0	1	1	1	0	0	0	1	1	0	0	0	0	0	4	1	2	4	1	1	2	4	0	2	0	0	0	1	1	0	0	0	1	0	0	2	1	0	1	0	0	0	1	0	0	0	1	1	1	1	0	0	1	1	1	0	0	0	0	2	0	0	0	1	0	1	1	0	0	0	0	0	0	0	0	0	0	0	0	1	0	0	0	2	1	0	1	0	0	2	0	1	1	0	1	0	0	0	1	0	1	0	0	0	0	0	1	0	0	0	0	0	0	0	0	0	0	1	0	1	1	0	0	1	0	0	0	0	0	0	0	0	0	0	0	0	0	1	0	0	0	0	0	1	0	2	0	0	0	0	0	0	0	0	0	0	0	0	1	0	0
0	0	0	0	0	0	0	0	1	0	0	1	0	0	0	0	0	1	3	1	4	4	5	1	1	0	2	1	0	1	0	0	0	0	1	1	1	1	0	1	0	0	1	1	5	4	7	5	8	7	1	6	4	0	0	0	0	0	0	1	1	0	0	0	1	0	3	1	2	2	0	2	5	6	0	1	1	1	4	8	2	9	7	0	7	2	1	0	1	0	0	0	1	1	1	4	0	8	3	0	6	1	0	1	1	1	2	0	1	4	1	1	0	1	0	0	1	2	11	29	12	43	0	23	8	7	9	6	19	13	9	6	2	1	0	0	0	0	0	1	0	0	0	1	0	0	0	0	0	0	0	0	0	0	0	1	0	0	0	1	1	2	1	0	0	2	1	1	1	9	10	3	2	6	3	2	5	5	1	2	1	1	2	0	1	0	0	0	1	1	1	0	0	2	0	0	1	3	1	5	3	7	5	0	7	4	5	8	2	3	2	4	2	4	1	1	0	0	1	0	0	1	0	0	0	0	0	0	0	0	1	0	1	0	0	1	0	1	1	0	0	0	0	0	1	1	0	1	2	2	3	2	1	2	1	5	4	3	2	6	12	7	3	9	7	1	1	2	2	0	2	5	2	3	1	0	2	1	0	2	1	0	2	2	0	2	0	1	0	0	0	1	1	0	0	1	1	0	0	1	2	1	0	0	0	0	0	0	0	1	1	0	0	0	0	0	1	0	1	0	2	1	0	0	1	2	0	1	0	2	2	1	0	0	0	1	0	0	0	1	1	1	0	2	3	1	0	2	1	1	0	0	0	0	0	0	0	2	0	1	1	0	0	0	0	2	0	0	0	0	0	0	0	2	0	1	1	2	2	1	1	0	1	1	0	1	0	0	1	0	0	0	0	0	1	1	0	0	0	1	0	2	0	0	0	1	0	0	1	2	0	0	0	0	1	1	1	1	1	0	0	0	0	1	0	1	1	0	1	2	0	0	0	0	0	0	0	0	0	0	0	1	0	0	0	1	0	2	0	0	1	2	1	0	0	0	0	0	0	0	0	0	0	0	0	0	0	0	1	1	0	0	0	0	0	0	0	1	0	0	1	1	0	1	0	0	0	0	0
0	0	0	0	0	0	0	0	0	1	2	0	0	1	1	0	1	0	2	2	0	1	2	0	2	2	0	2	2	1	1	0	1	1	0	1	0	0	0	0	1	1	0	2	5	4	5	2	7	7	4	6	1	0	0	0	0	0	1	0	0	1	0	1	2	1	1	1	4	1	0	0	2	2	1	3	3	5	5	4	9	9	11	6	4	3	3	1	0	0	2	0	0	0	2	1	2	2	1	2	1	2	1	2	3	0	2	0	0	3	1	0	1	0	2	2	4	6	18	75	20	21	23	0	46	22	11	21	7	4	0	2	3	1	0	1	1	0	1	0	0	0	0	1	1	1	0	0	0	0	0	0	0	0	1	0	0	1	2	0	1	2	1	2	1	2	0	1	1	10	5	5	5	2	2	3	1	0	3	0	0	3	1	1	1	1	0	0	2	2	1	0	2	0	1	1	0	3	3	4	1	5	1	5	6	5	2	11	3	4	7	9	10	13	2	1	1	0	2	0	0	1	1	0	0	1	1	0	0	0	0	0	0	0	2	0	1	0	1	0	1	0	0	2	0	0	0	0	2	1	2	0	2	0	1	5	2	6	22	10	8	4	4	1	0	2	1	1	3	1	0	1	1	2	2	2	0	1	0	2	1	0	2	0	2	0	2	3	2	0	0	2	0	1	0	0	0	2	2	0	0	0	0	0	1	1	0	1	0	0	0	0	0	2	0	4	0	1	2	0	0	0	3	2	2	2	2	1	2	0	1	2	1	1	1	1	0	1	1	2	2	1	2	2	1	2	3	0	3	0	0	3	3	0	0	1	0	0	1	0	0	3	0	0	0	0	0	0	0	0	0	1	1	0	1	0	2	1	0	2	2	1	0	0	0	1	1	0	0	0	1	0	0	3	0	0	1	0	0	0	0	0	0	0	1	0	0	0	2	0	2	0	0	1	2	0	0	2	0	1	1	0	0	1	1	0	1	0	2	0	0	1	0	0	0	0	0	0	0	0	1	1	0	0	1	0	0	0	1	0	0	0	1	0	0	2	0	1	1	0	1	0	1	0	0	0	1	0	2	0	0	0	0	1	0	1	1	0	1	0	0	0	1	1	0	1	0	0	1
0	0	0	0	0	0	0	0	0	1	1	1	2	0	2	1	1	1	0	1	0	3	1	2	1	4	4	2	7	2	2	1	0	1	1	1	1	0	2	2	2	2	2	5	11	13	9	8	12	11	6	6	3	0	3	1	1	0	1	1	2	1	0	1	1	0	1	2	2	4	1	5	4	2	1	1	2	4	10	17	11	7	19	10	6	3	1	4	2	1	0	1	4	1	1	2	3	5	6	4	3	3	3	1	1	0	1	3	0	2	0	1	1	0	0	1	3	4	4	121	17	7	8	46	0	28	62	26	6	7	4	2	3	2	2	2	0	0	0	0	1	1	0	1	0	2	0	2	0	1	1	0	2	1	0	0	0	0	2	1	0	3	2	1	1	3	1	3	3	1	4	2	2	1	1	4	1	2	0	1	0	2	0	0	0	1	1	0	0	1	1	0	0	0	1	1	1	1	2	1	4	8	7	2	15	10	6	5	2	4	7	5	5	20	3	0	0	0	0	0	0	0	0	0	0	0	1	0	0	0	1	1	0	1	0	0	2	0	1	0	1	0	1	0	1	0	0	1	1	0	0	1	4	2	1	1	2	7	15	5	7	1	3	0	0	3	0	2	1	1	1	1	1	1	2	0	1	0	0	2	1	0	0	1	2	1	0	1	0	0	0	1	0	0	0	0	1	1	1	0	0	0	0	0	0	0	1	0	2	0	1	0	0	1	0	1	5	0	1	1	1	1	2	0	1	1	1	3	1	2	1	0	2	0	0	0	2	1	1	2	3	0	1	3	2	1	2	1	1	3	0	1	1	0	0	1	0	1	0	0	0	0	0	2	0	1	0	0	0	0	0	1	0	0	0	0	2	1	0	1	1	0	2	1	0	0	1	0	1	0	1	1	0	0	1	1	2	0	0	0	1	0	2	0	0	0	0	0	0	0	2	0	0	1	0	0	1	0	3	0	0	0	0	1	0	1	0	2	0	0	0	0	1	0	0	0	1	0	0	1	0	0	0	0	0	0	0	0	1	0	0	0	0	0	0	0	1	1	0	0	0	0	0	1	1	0	0	0	0	0	1	0	0	0	1	0	0	0	1	1	1	1	0	0	0	1	0	0	0
0	0	0	0	0	0	0	1	1	0	0	1	0	2	0	0	1	1	1	1	0	2	1	3	3	3	4	6	4	6	2	0	1	2	1	0	1	3	2	2	3	3	2	8	11	10	8	7	7	2	2	6	3	0	1	1	0	1	0	0	0	2	0	1	1	0	3	0	3	6	3	2	2	2	2	4	1	7	14	2	5	5	13	11	15	4	2	2	2	1	0	2	2	2	2	3	4	3	7	1	2	2	2	2	0	1	2	4	2	0	1	1	0	2	0	1	0	6	6	15	7	4	7	22	28	0	69	4	3	2	2	4	4	2	3	1	0	0	0	2	1	0	1	0	0	0	1	0	0	2	2	0	0	1	1	1	1	0	1	0	1	1	0	2	0	2	0	1	1	2	3	2	3	2	1	1	0	0	2	1	2	1	1	0	2	2	2	0	1	0	0	2	0	0	0	0	0	2	5	2	3	4	1	2	8	27	11	7	6	0	5	7	20	13	1	0	1	2	0	0	0	0	0	0	0	0	1	1	0	0	0	0	1	1	1	0	1	0	0	0	1	0	1	0	0	0	0	1	2	2	0	1	1	0	3	5	3	7	10	8	2	6	1	2	1	2	1	3	4	1	0	0	0	1	0	0	0	0	1	0	0	0	1	1	1	0	1	2	1	1	1	0	3	1	0	0	1	1	0	0	0	2	0	0	0	0	0	1	1	0	1	0	0	1	0	2	1	1	0	1	2	1	1	2	1	1	0	1	1	0	0	0	1	1	0	1	0	0	1	1	2	2	1	0	3	1	0	1	2	1	0	0	0	1	1	1	1	0	0	3	0	0	0	0	1	0	0	0	0	0	1	2	0	0	1	0	0	0	0	0	1	0	1	1	1	0	0	0	0	0	0	0	0	0	0	1	0	0	0	0	0	0	1	2	0	0	0	0	1	0	1	0	0	2	0	1	1	0	2	0	1	1	2	1	4	0	1	1	0	0	0	0	0	0	0	0	0	0	0	1	1	2	0	0	0	0	0	0	1	0	1	1	0	0	0	0	0	0	2	0	0	0	0	0	0	0	0	1	0	0	1	0	1	0	0	0	1	0	1	0	1	1	1	2	0	1	0	1	0
0	0	0	0	0	0	0	1	0	0	0	1	1	1	0	2	0	1	3	6	5	0	0	4	4	3	5	4	8	3	3	3	2	2	2	1	0	2	3	4	6	0	0	6	18	24	16	12	12	6	6	12	3	0	1	0	1	0	1	0	0	1	0	3	1	2	0	3	2	2	0	3	2	3	1	4	2	4	7	6	13	15	31	21	14	5	1	1	2	4	1	2	2	4	2	5	6	11	2	3	1	3	2	1	0	1	0	2	5	0	2	0	3	0	0	1	0	2	7	19	6	8	9	11	62	69	0	12	5	8	3	2	2	3	1	3	1	0	1	1	0	1	1	1	0	0	0	0	0	0	0	0	0	1	0	0	0	0	1	1	0	3	0	0	1	1	1	2	0	2	10	4	3	2	0	1	0	3	0	0	1	3	0	1	0	1	0	0	0	0	1	0	3	0	2	0	0	3	1	1	3	5	3	4	9	13	13	9	5	1	7	7	8	8	3	0	0	0	2	1	0	0	0	0	0	0	1	0	0	1	1	1	2	0	1	0	1	0	1	0	0	0	1	0	1	1	0	0	0	2	1	3	0	2	1	2	1	6	11	3	3	2	1	2	4	1	1	2	2	2	0	1	1	0	0	1	2	1	1	1	0	0	1	2	2	0	1	0	2	0	2	0	0	1	0	0	0	1	0	0	0	1	0	0	0	0	0	0	0	0	0	0	0	0	0	1	0	0	1	0	1	0	2	1	0	2	2	1	2	1	0	0	0	0	1	0	2	0	1	2	2	1	1	0	2	1	0	0	2	0	2	0	0	1	1	0	0	0	0	0	0	0	0	0	0	0	0	1	2	1	1	0	0	1	0	1	0	0	0	0	0	0	1	1	1	0	0	0	0	0	1	2	0	0	1	0	0	0	0	0	0	0	1	0	0	0	0	1	0	0	1	0	1	1	0	1	1	1	0	1	1	0	0	1	0	0	0	0	1	0	0	0	0	1	1	0	1	0	0	0	0	0	0	0	0	0	0	0	0	0	0	0	0	0	2	0	0	1	0	0	0	0	0	0	0	1	0	1	1	0	0	0	0	0	0	0	0	0	0	0	2	0	0	0	1	0	0	0	0
0	0	0	0	0	0	0	1	0	1	1	1	1	0	1	2	1	0	3	2	3	1	2	7	4	1	4	2	2	4	2	1	2	0	0	0	1	0	2	2	3	2	0	2	4	6	12	18	25	17	11	27	2	4	2	0	2	2	0	0	0	0	0	2	0	0	2	2	4	2	0	2	0	2	2	4	1	3	2	6	7	8	10	6	6	3	1	4	1	1	0	0	0	3	4	3	5	5	5	5	4	3	2	2	2	2	3	3	2	4	1	1	0	0	0	4	6	3	40	31	3	2	6	21	26	4	12	0	16	29	13	4	6	1	2	0	2	0	1	1	0	0	0	0	0	0	2	0	2	0	0	0	1	0	0	1	4	0	1	1	2	2	0	2	1	4	2	1	5	4	9	2	4	5	4	5	1	0	2	3	1	0	3	1	1	0	1	2	1	2	0	0	1	0	3	0	2	5	3	3	4	2	12	11	37	22	4	8	5	5	5	4	6	21	1	4	1	0	1	2	0	0	1	0	0	0	0	0	1	0	0	0	1	1	1	1	2	0	0	0	0	0	0	1	0	1	1	0	0	1	0	1	1	3	2	3	5	5	8	11	3	4	5	5	1	1	0	2	1	2	2	0	2	1	0	1	2	2	0	3	0	0	4	0	0	1	0	0	2	0	0	0	0	1	0	1	0	2	1	1	3	1	1	1	1	1	1	0	3	1	2	1	1	0	0	1	0	2	3	1	1	2	1	0	0	2	0	0	2	0	0	0	0	0	0	1	0	1	2	0	1	0	3	1	0	0	0	1	2	2	0	2	0	0	2	0	0	0	0	0	3	0	0	0	1	0	0	0	0	0	1	1	0	0	0	0	0	0	0	2	0	1	0	1	0	1	1	0	1	0	0	0	1	0	1	0	0	1	3	0	0	0	1	0	0	1	0	0	0	0	1	1	1	1	0	0	3	0	3	2	2	1	0	0	0	0	2	2	1	1	0	0	0	0	0	0	0	0	1	0	2	0	0	0	0	0	0	0	1	0	0	0	0	0	0	0	0	0	1	0	0	1	0	0	0	0	0	0	0	2	0	0	0	0	0	1	0	1	0	0	1	0	0	0	0	1	0	0	0
0	0	0	0	0	0	0	0	0	0	0	0	1	0	0	0	1	0	1	1	8	5	8	3	4	2	3	1	1	3	2	0	1	0	0	0	1	0	1	0	0	3	2	2	4	7	9	11	21	6	10	5	4	2	1	3	1	0	1	0	2	1	1	1	2	0	3	1	1	1	0	1	1	3	1	0	1	4	1	4	1	3	4	4	1	0	0	0	2	1	1	2	1	1	4	1	5	3	8	4	11	7	6	2	0	2	7	2	1	6	3	4	2	0	1	2	1	9	9	16	1	4	19	7	6	3	5	16	0	185	11	3	4	2	0	1	1	1	1	0	0	1	0	0	0	0	1	0	0	0	0	2	0	0	0	0	1	0	1	1	0	1	1	4	2	2	1	3	3	12	17	2	5	5	2	2	5	4	2	2	0	1	1	3	1	0	0	0	1	1	3	0	2	0	0	0	4	3	3	3	9	23	25	9	5	6	8	4	4	3	6	2	2	5	3	0	2	0	0	0	0	1	0	0	0	0	1	0	0	1	0	0	1	2	0	0	0	0	0	1	0	0	0	1	1	1	1	0	0	1	2	2	0	0	1	0	3	3	8	1	7	2	10	3	0	0	1	1	2	1	0	0	2	1	0	1	1	0	2	3	2	2	0	0	2	0	0	0	3	0	1	1	0	2	0	0	1	0	2	0	2	0	0	0	0	0	0	0	1	0	0	0	0	0	0	0	0	0	0	0	1	0	2	0	2	1	0	1	1	1	0	0	0	0	2	0	0	0	1	0	2	0	2	0	1	2	1	1	1	1	2	2	0	0	0	0	1	1	1	1	1	0	0	0	2	0	0	0	0	0	0	0	1	2	1	2	1	0	0	0	0	0	3	0	1	0	0	1	0	0	0	0	0	0	0	0	0	0	0	0	2	0	0	1	2	0	1	0	0	1	0	0	0	0	1	0	2	0	1	1	0	1	0	0	1	1	0	1	1	0	0	0	0	0	0	0	1	1	0	0	0	1	1	0	0	0	0	0	0	0	0	0	0	0	1	0	0	0	0	0	0	0	0	1	0	1	0	0	0	0	1	1	0	0	0	0	0	0	0	1	0	0	0	0	0	1	3	1	0
0	0	0	0	0	0	0	0	0	1	0	0	1	0	2	0	1	1	0	2	3	4	2	2	3	6	4	3	3	4	0	2	0	2	1	0	1	1	1	2	1	1	2	1	4	3	10	6	16	11	7	13	3	0	0	0	1	1	0	1	1	2	1	0	0	1	0	1	3	3	2	2	1	0	2	1	1	1	3	3	1	3	7	5	4	4	1	2	0	2	0	1	1	2	2	3	2	5	5	11	13	8	3	5	4	6	7	6	4	6	3	4	2	2	0	5	6	7	18	10	7	11	13	4	7	2	8	29	185	0	15	4	6	7	2	2	2	0	0	0	0	1	1	1	0	0	0	1	0	2	1	0	2	2	1	1	1	0	0	1	0	2	1	4	2	3	6	1	6	24	29	1	6	7	3	8	5	3	1	2	1	0	1	1	0	1	0	0	2	1	2	0	0	3	3	1	1	4	2	6	17	22	24	11	12	6	1	3	3	3	4	4	2	9	2	0	1	1	0	0	0	1	0	1	0	0	0	0	0	0	0	1	0	1	1	0	0	0	0	1	0	1	0	0	0	0	0	0	0	0	0	3	1	0	1	3	8	6	11	9	8	4	6	2	3	2	1	4	1	1	0	1	1	1	1	0	0	0	1	0	3	1	2	2	2	2	1	0	1	0	0	0	0	1	1	1	0	1	0	0	0	0	0	1	0	0	1	0	1	0	1	0	0	0	1	0	0	2	1	0	1	0	1	1	1	2	1	0	0	0	2	0	0	0	1	1	2	0	1	1	0	1	0	1	1	4	3	0	1	0	1	0	0	0	0	0	0	0	1	0	1	0	0	1	0	0	0	0	1	1	0	0	2	0	0	0	0	1	0	0	0	2	0	0	0	0	0	0	0	1	0	0	0	0	0	1	0	0	0	0	0	0	0	2	0	0	0	0	0	0	0	0	0	0	1	1	1	0	0	4	1	1	1	1	0	0	0	1	0	0	0	0	1	0	1	0	0	0	0	0	0	0	0	0	0	0	0	0	0	0	0	2	0	0	1	0	0	0	0	1	0	0	0	0	0	0	0	0	0	0	0	0	2	0	0	0	0	0	0	0	0	0	1	0	0	1	1	0	0
0	0	0	0	0	0	0	1	0	0	0	0	0	0	0	1	0	1	3	4	2	2	4	4	6	2	1	2	0	2	1	1	1	0	0	0	1	1	0	0	2	0	0	1	0	1	7	2	3	11	8	12	1	1	0	1	1	0	0	1	0	1	0	1	0	2	0	1	0	1	2	2	2	0	1	0	2	1	0	2	1	0	0	5	0	5	2	1	1	0	0	2	2	3	1	2	8	2	7	11	11	11	11	13	6	6	22	13	8	6	5	4	1	0	2	5	10	38	45	3	5	2	9	0	4	2	3	13	11	15	0	20	21	11	6	3	2	0	1	0	0	1	0	0	0	1	3	0	1	0	0	2	2	1	0	2	2	2	1	2	4	3	4	6	9	8	4	3	5	16	19	9	11	11	8	3	6	3	1	1	3	2	3	1	1	1	1	1	2	5	2	2	2	1	1	2	3	5	3	4	15	12	12	57	19	4	2	6	4	3	5	7	3	7	10	1	2	1	0	1	1	0	0	0	0	0	0	0	1	0	0	1	0	2	0	0	0	0	1	0	0	1	0	0	2	2	2	2	1	5	0	0	2	0	2	3	3	5	9	8	5	4	6	3	2	8	1	1	2	1	1	1	1	1	1	0	0	0	0	3	0	1	1	0	5	2	0	4	2	2	1	2	2	1	3	0	1	2	1	2	2	0	0	1	1	1	0	0	0	1	0	0	1	3	2	1	0	5	2	4	1	2	2	2	0	1	0	0	2	0	0	1	1	0	0	0	1	1	0	1	2	2	2	4	2	3	2	2	2	0	0	0	1	1	0	2	1	2	2	1	1	0	0	1	1	1	0	0	0	1	0	0	1	1	1	1	2	0	0	0	6	0	1	1	5	1	1	1	1	0	0	0	0	0	2	0	0	0	0	1	0	0	3	0	0	0	0	0	0	1	1	1	0	1	0	1	6	1	0	1	2	0	0	1	0	0	0	1	1	1	0	0	0	0	0	0	1	0	0	0	1	0	0	0	0	0	0	0	0	0	1	1	0	0	0	0	0	1	0	0	0	1	0	1	0	0	1	1	0	0	0	1	0	0	2	1	0	0	1	1	0	1	0	1	0	0	1	0	2
0	0	0	0	0	0	0	1	0	0	1	1	0	0	1	0	0	0	0	1	2	2	1	2	0	0	2	0	1	1	2	1	0	0	0	0	0	0	0	1	0	1	0	1	2	3	7	2	0	4	3	2	2	0	0	0	0	0	0	1	0	0	0	1	0	0	1	0	1	0	0	1	0	3	2	1	0	1	0	1	2	2	2	1	2	2	1	1	2	1	0	3	0	0	4	2	1	1	1	4	8	5	5	3	4	13	19	20	6	3	1	2	0	2	1	1	1	19	12	3	0	0	6	2	2	4	2	4	3	4	20	0	151	17	4	2	4	0	0	0	0	1	0	0	1	2	0	1	0	0	3	1	0	0	1	2	1	2	0	1	6	4	16	13	17	11	17	5	6	9	5	14	23	3	2	3	4	1	3	2	3	3	1	2	1	1	0	2	3	3	1	3	1	1	4	3	0	5	8	1	6	5	2	11	8	2	6	7	15	4	5	6	3	5	26	3	5	0	2	0	0	0	0	0	0	0	0	1	1	0	0	1	1	0	4	3	2	1	0	1	3	0	1	0	1	2	1	3	3	3	2	4	2	5	3	9	7	2	13	2	2	1	7	3	1	1	5	2	2	1	0	0	2	4	1	0	3	0	3	2	1	2	1	3	2	3	0	2	1	1	2	3	1	5	0	1	4	4	0	3	10	0	0	1	0	0	1	1	0	1	0	1	1	1	2	2	0	1	1	1	3	2	2	1	1	3	0	2	1	0	0	3	0	0	0	2	0	1	1	3	0	2	1	1	2	3	2	0	2	3	1	0	1	0	1	2	0	2	2	0	1	0	0	0	0	0	1	2	0	1	3	0	0	0	3	0	0	2	1	3	1	1	1	0	1	3	1	1	2	1	1	1	0	1	0	1	1	0	0	0	0	0	1	1	0	1	0	1	1	2	0	0	1	2	1	0	0	1	2	2	1	1	1	1	0	1	0	0	0	0	0	0	0	0	1	0	0	0	1	0	0	1	0	1	1	0	1	1	0	1	2	0	0	1	0	0	0	0	0	0	0	0	0	0	1	1	0	0	1	0	0	1	0	1	0	2	2	0	0	2	0	2	1	0	2	0	2	1	0
0	0	0	0	0	0	0	1	0	0	1	0	0	0	0	1	0	0	3	2	2	0	2	5	0	0	2	1	0	2	0	0	0	1	0	2	0	0	0	2	0	1	2	4	3	3	3	2	3	2	4	5	1	1	1	1	1	1	1	0	0	1	0	1	1	1	0	1	0	0	1	0	2	0	1	0	2	1	3	0	0	0	4	0	3	1	2	0	3	2	1	0	1	1	2	2	0	2	3	4	6	2	6	6	6	9	13	24	9	8	2	6	2	0	3	3	2	9	10	6	1	3	2	3	3	4	2	6	4	6	21	151	0	25	5	1	1	1	2	0	1	2	0	1	2	1	2	0	0	1	1	0	2	1	2	2	1	1	2	4	5	9	8	4	14	10	4	7	6	7	6	6	7	8	0	0	1	3	1	3	0	2	3	1	3	2	1	2	2	1	3	0	1	1	0	2	0	6	2	1	6	4	4	10	14	9	4	4	15	14	14	7	4	9	75	3	3	0	2	1	2	1	0	0	0	0	0	2	1	0	0	0	1	2	1	4	0	0	1	1	1	2	0	1	1	3	4	2	5	5	4	1	4	2	8	12	2	7	6	5	2	1	2	1	4	4	4	2	1	1	1	0	3	6	2	1	2	2	4	2	0	2	2	2	2	1	4	2	3	0	4	2	2	1	0	0	3	1	6	2	5	2	0	4	1	0	1	0	0	0	0	0	1	1	2	0	3	1	3	1	0	2	2	1	2	3	1	0	2	0	2	2	0	0	0	1	3	0	0	0	0	0	0	3	3	2	1	0	1	1	1	2	0	0	0	1	0	0	1	1	2	0	2	2	2	0	1	0	0	0	0	1	0	0	1	3	1	0	1	2	0	1	0	3	1	1	0	0	1	1	1	0	0	0	0	0	0	0	0	1	0	0	1	0	1	0	0	0	0	1	0	0	1	1	1	2	1	1	1	2	1	1	2	0	0	0	2	0	3	0	1	1	0	0	0	0	0	1	0	0	2	0	1	1	1	0	0	1	0	0	0	1	0	1	0	0	0	0	0	0	0	0	1	0	1	0	1	1	2	0	2	1	0	0	0	2	0	0	0	1	3	1	0	0	2	1	0	1	1
0	0	0	0	0	0	0	0	0	0	0	0	0	0	1	1	0	1	0	0	1	1	0	3	0	1	1	0	1	1	1	0	0	0	0	0	1	0	0	0	0	0	3	1	0	1	1	1	3	1	3	2	0	1	0	1	0	0	1	0	1	1	1	0	0	3	1	0	1	0	2	0	1	0	0	1	1	1	0	0	0	1	2	0	6	1	0	0	2	0	0	0	0	1	0	3	2	1	1	0	6	7	4	6	12	7	9	26	7	5	1	1	1	3	1	1	2	3	5	0	1	1	1	1	2	2	3	1	2	7	11	17	25	0	44	6	2	3	0	1	1	1	1	2	0	3	0	1	0	2	1	2	3	3	4	1	2	6	8	7	10	26	42	14	12	13	6	9	7	1	4	1	5	2	2	5	3	4	4	4	8	2	3	3	2	1	0	2	3	3	0	3	3	0	3	2	3	4	6	5	8	3	3	6	7	2	1	4	4	6	3	5	3	8	15	10	3	5	3	0	0	1	2	0	0	2	0	1	0	0	1	0	0	2	4	2	2	1	1	0	1	0	1	0	2	1	2	3	5	5	3	1	3	0	2	10	2	3	3	5	1	0	2	2	2	3	5	0	2	1	1	1	2	0	0	1	0	1	2	3	1	1	1	1	2	0	1	3	1	5	0	3	1	1	1	0	5	3	4	5	3	2	0	0	0	0	1	1	0	1	0	2	2	1	4	5	3	4	1	3	0	3	0	0	1	1	1	0	2	0	0	0	0	0	0	0	0	0	2	0	3	1	0	1	2	2	1	0	1	3	1	0	1	1	0	0	1	0	0	2	0	0	0	3	0	1	0	2	1	0	2	2	1	0	0	2	0	1	1	0	2	1	0	0	2	0	1	2	2	0	3	1	1	0	0	0	1	1	0	0	0	0	1	0	1	3	1	2	0	0	1	1	0	1	1	1	3	4	6	4	3	0	2	1	1	2	2	1	0	0	1	0	0	0	0	2	1	1	0	0	1	0	0	0	1	1	2	0	0	0	0	0	0	0	0	1	0	2	0	0	0	0	2	0	1	0	1	0	0	0	1	0	0	0	2	0	2	1	1	3	1	2	2	2	0	0	1	1	0
0	0	0	0	0	0	0	1	0	0	0	0	0	0	0	0	0	0	2	1	0	0	0	0	0	0	1	0	2	0	0	0	0	1	0	1	0	1	0	1	0	1	1	5	3	0	3	2	0	2	1	2	2	0	0	1	0	1	0	2	0	0	1	0	2	1	0	0	0	1	0	0	0	0	0	1	0	1	2	0	0	2	1	0	1	1	0	0	0	1	1	0	1	4	1	0	1	1	2	0	2	4	1	3	2	2	2	12	2	5	0	1	1	0	3	0	1	5	0	2	2	2	0	0	2	3	1	2	0	2	6	4	5	44	0	26	8	2	3	1	6	2	1	2	2	1	1	1	2	1	1	0	2	3	7	5	3	6	3	6	7	13	27	9	8	6	2	3	6	3	1	0	7	1	0	1	2	0	0	2	3	2	2	2	0	1	1	3	1	1	0	2	0	2	2	0	1	3	3	1	3	1	1	0	8	1	0	3	9	1	0	1	4	0	8	17	9	2	0	1	1	1	0	0	0	0	0	1	0	1	2	2	1	1	8	6	2	2	2	3	2	1	0	1	2	1	3	6	7	8	2	0	2	3	6	4	3	2	2	3	0	1	0	1	3	0	3	1	2	1	1	3	2	0	0	0	2	1	1	0	1	0	1	2	2	1	0	1	1	2	2	2	2	1	0	0	2	1	6	10	4	5	3	1	3	0	2	1	0	4	1	0	3	2	3	5	5	4	3	1	2	1	3	1	1	1	2	0	1	0	0	0	0	1	0	0	1	1	0	0	1	2	0	2	0	1	0	2	1	0	0	1	0	0	1	0	3	1	0	0	0	0	0	1	1	0	1	0	0	0	2	3	0	0	1	1	0	1	2	2	0	1	0	1	2	3	0	1	2	2	0	2	1	0	1	0	1	1	0	0	0	0	2	1	1	1	0	1	1	0	1	1	1	1	4	1	3	3	12	7	6	1	2	1	3	2	2	2	1	1	1	0	0	2	0	1	0	0	0	0	0	0	2	2	0	0	1	1	0	1	1	0	1	0	2	1	3	1	0	1	0	0	0	3	1	0	0	1	1	0	0	2	2	1	4	1	0	2	3	2	2	3	2	0	0	0	1	1	0
0	0	0	0	0	0	0	0	0	1	0	0	0	0	0	0	0	0	0	1	0	3	1	1	1	1	0	1	0	1	1	0	0	0	0	0	0	1	0	0	0	0	1	1	0	0	1	2	1	1	3	2	0	0	1	0	0	0	1	0	0	0	0	0	0	0	0	0	0	0	2	0	0	1	1	1	0	0	1	0	0	1	2	0	1	0	3	0	0	1	0	1	1	1	2	0	0	2	2	1	0	3	3	6	6	4	3	6	3	4	2	1	2	1	2	0	0	1	1	1	1	1	0	1	2	1	3	0	1	2	3	2	1	6	26	0	22	10	3	3	0	5	1	1	1	1	1	6	1	2	4	0	6	9	5	4	9	10	14	23	15	6	4	6	3	3	1	3	7	1	3	1	4	3	1	0	2	1	1	4	1	3	0	2	1	3	2	2	7	1	1	1	1	3	0	3	5	2	2	2	0	1	1	2	2	4	2	0	4	3	2	0	0	1	1	29	21	6	0	2	2	0	1	5	0	0	3	0	0	0	0	1	2	7	7	1	2	0	0	0	0	0	0	1	2	2	2	3	2	1	5	2	4	1	3	0	0	1	1	1	1	0	1	0	4	0	1	1	2	1	1	1	3	0	1	2	0	0	1	1	1	2	0	1	3	1	1	1	3	2	1	0	1	0	2	2	3	3	9	9	6	2	1	1	4	0	1	2	1	1	0	1	2	5	2	2	2	2	0	2	2	2	3	3	0	1	0	0	1	0	2	1	0	2	0	0	2	1	0	0	0	2	0	0	1	2	2	1	2	0	3	1	0	2	2	0	3	0	0	1	2	1	1	0	1	0	0	1	1	0	2	1	1	0	0	2	3	1	1	0	1	0	0	0	2	1	1	1	1	0	0	1	1	1	0	1	0	1	0	2	0	2	0	1	2	1	0	1	0	2	1	0	0	2	2	5	1	9	10	5	6	1	0	2	3	3	1	1	0	0	0	0	0	0	1	0	1	0	1	1	1	0	0	0	0	0	0	1	1	0	1	1	1	3	1	0	1	1	3	1	1	0	0	2	3	1	1	0	1	2	0	1	2	0	3	0	0	2	1	2	3	3	0	2	2	0	0	2	1
0	0	0	0	0	0	0	0	0	0	0	0	0	0	0	1	0	0	1	1	0	1	2	0	0	0	0	1	0	0	0	1	0	3	0	0	0	0	0	0	1	1	0	1	0	1	1	1	1	0	3	0	0	0	0	2	0	0	0	0	0	1	0	0	2	0	0	0	1	0	0	0	0	4	1	2	1	1	0	0	2	1	1	0	0	0	1	2	0	2	0	1	1	2	1	0	1	1	1	1	0	0	1	3	1	0	1	1	3	2	1	3	0	3	0	0	2	3	2	2	0	0	0	1	0	0	1	2	1	2	2	4	1	2	8	22	0	23	3	2	3	2	3	7	5	4	6	4	2	0	0	1	4	9	47	25	22	27	20	11	7	4	2	7	0	0	0	1	2	0	0	0	0	0	0	0	1	1	0	2	1	1	1	2	3	3	3	5	3	2	0	2	0	3	3	0	1	0	2	1	0	0	3	0	0	1	0	4	2	1	2	3	3	1	3	21	7	4	7	6	1	1	1	1	4	2	1	0	0	1	2	2	5	4	2	5	0	0	0	1	1	3	1	3	1	0	4	2	2	4	2	2	2	0	1	1	2	0	0	1	0	0	2	0	0	3	1	2	1	0	1	0	0	0	0	1	0	1	0	1	0	0	2	0	1	1	0	0	0	2	0	0	0	1	1	1	2	1	3	1	1	0	0	1	0	1	1	0	0	1	3	1	2	2	2	3	0	2	4	3	0	1	0	1	0	0	0	0	1	0	2	1	1	0	0	0	0	3	1	0	0	1	0	0	0	1	0	1	1	0	1	0	0	0	1	1	0	0	0	0	0	0	0	1	0	2	0	0	1	1	1	0	1	0	2	1	0	0	0	1	0	1	2	0	0	2	1	0	1	3	0	0	0	2	0	1	2	0	0	0	1	1	1	1	1	0	1	2	0	0	0	0	0	3	3	4	3	28	8	4	1	5	1	1	1	1	5	4	2	2	0	0	1	1	0	0	1	0	0	1	0	0	0	0	1	1	0	0	2	3	1	0	1	3	2	0	2	2	0	0	0	0	0	0	3	2	1	0	1	1	0	1	2	0	1	0	0	2	2	1	5	3	3	1	0	0	3	2	1
0	0	0	0	0	0	0	0	0	0	0	0	0	0	0	0	0	0	0	0	0	0	1	0	0	0	1	0	1	0	0	0	0	0	0	0	0	0	1	0	1	0	0	1	0	0	1	0	2	2	1	1	0	0	0	1	0	0	0	1	0	0	0	0	0	0	0	0	1	0	0	0	1	1	0	0	0	0	0	0	0	1	0	0	0	0	0	1	0	3	1	1	1	0	1	1	0	1	0	0	5	3	0	2	4	0	0	2	2	1	0	2	1	0	1	1	0	0	0	0	0	1	0	0	0	0	0	0	1	0	0	0	1	3	2	10	23	0	19	6	7	18	4	4	6	8	4	5	1	4	1	1	10	5	12	10	9	34	11	9	2	2	0	0	2	0	4	2	1	0	0	0	0	0	1	0	2	1	1	1	2	2	1	4	2	1	3	2	6	4	1	1	0	0	1	0	3	0	4	2	0	0	0	2	1	1	0	1	0	1	1	0	0	2	1	10	6	6	4	9	2	1	1	3	2	3	0	1	1	3	1	3	4	11	6	0	3	1	4	0	1	1	0	2	2	4	0	2	5	4	3	2	2	1	1	2	2	0	0	1	0	0	1	0	1	0	1	2	1	1	4	1	0	2	0	0	1	1	3	1	1	0	0	0	0	0	2	1	1	3	2	2	1	3	2	1	4	0	4	1	4	0	2	4	0	0	0	0	2	1	1	0	2	2	2	2	0	1	0	0	1	0	0	1	0	0	0	1	0	1	1	1	0	0	0	0	1	2	0	0	0	0	1	0	0	0	1	0	1	1	1	2	2	0	0	0	2	0	0	1	1	0	0	2	0	0	0	1	0	1	0	0	1	0	0	0	2	2	1	0	1	0	0	0	1	1	2	1	1	0	1	2	1	1	0	1	1	1	3	1	2	0	2	3	0	1	4	1	0	0	1	1	0	0	1	3	16	20	5	9	3	3	1	3	2	2	4	4	1	1	0	2	1	1	0	0	0	3	0	0	1	1	2	2	0	1	0	0	0	0	1	2	1	2	5	1	0	0	7	1	1	0	2	0	0	1	0	1	0	0	1	1	0	5	1	1	1	2	3	9	4	4	0	4	1	2	1	1	1
0	0	0	0	0	0	0	1	0	0	0	0	0	0	0	0	1	1	0	0	0	1	0	0	0	2	0	0	2	0	0	0	1	0	0	0	0	0	0	0	0	0	1	0	1	0	0	0	0	1	1	0	1	0	0	0	0	0	0	0	0	1	0	0	0	0	0	0	0	0	0	0	1	1	1	0	3	1	0	1	0	0	0	2	1	0	1	0	0	1	1	1	0	0	0	2	0	1	0	0	1	0	2	2	0	0	1	0	1	2	0	1	0	0	0	1	0	1	0	0	0	0	0	1	0	0	1	1	1	0	1	0	2	0	3	3	3	19	0	29	40	23	4	8	6	5	3	2	1	2	4	2	5	3	3	2	3	13	3	7	3	1	3	2	1	0	0	0	1	0	0	2	0	1	0	1	0	0	1	1	0	1	1	1	1	0	1	0	4	2	1	1	0	0	1	0	2	0	0	0	0	1	0	1	3	1	0	0	0	0	0	0	1	0	0	1	0	2	3	8	4	4	4	0	2	1	1	2	1	3	4	3	5	11	3	4	1	0	1	1	0	0	2	2	2	4	3	0	2	2	1	1	0	1	0	1	0	0	0	2	0	0	0	0	0	0	1	0	0	1	0	0	0	1	1	1	0	0	2	0	0	0	0	1	2	0	0	0	0	0	0	2	1	1	2	0	0	0	2	2	3	2	0	0	1	1	1	2	0	0	0	1	0	2	3	0	0	1	3	0	1	2	0	0	1	0	1	0	1	0	0	1	1	0	0	0	1	0	1	0	0	1	0	0	0	0	1	0	1	0	0	0	0	0	0	0	2	0	0	0	2	1	1	2	0	0	1	0	2	3	1	1	1	1	2	0	1	0	0	0	1	0	1	1	1	1	2	0	3	1	1	0	0	0	0	0	0	1	2	0	1	1	1	3	5	1	2	1	0	0	0	0	0	1	2	1	17	10	3	1	1	2	1	0	3	2	4	4	0	1	1	0	1	1	1	0	0	1	0	1	0	2	0	1	1	0	0	0	0	1	1	1	1	0	2	6	4	3	4	1	2	0	0	3	4	0	1	0	0	2	1	3	0	0	2	2	2	1	5	3	10	6	0	2	4	1	0	1	1
0	0	0	0	0	0	0	0	0	0	0	0	0	0	0	0	0	0	0	0	0	0	2	0	0	1	0	1	1	1	0	1	0	0	0	0	1	0	0	0	1	0	1	0	2	0	0	0	1	0	1	1	0	0	0	0	0	0	0	1	0	0	0	0	1	0	0	0	0	0	0	0	0	1	0	1	0	0	0	0	0	1	0	1	0	1	2	1	0	0	0	1	0	1	1	1	0	0	0	0	0	1	2	0	1	0	0	2	2	1	0	0	1	0	1	0	0	2	1	1	0	0	1	0	0	2	1	1	0	0	0	0	0	1	1	3	2	6	29	0	58	25	5	10	5	9	2	1	0	2	2	1	2	0	6	7	3	4	4	2	3	1	0	2	0	0	1	2	0	0	0	2	2	0	0	1	0	0	1	0	1	0	0	0	0	0	2	2	1	0	1	1	1	0	0	1	0	1	0	2	1	2	0	1	0	1	1	0	3	1	0	1	1	1	2	1	4	0	1	6	8	5	6	3	7	5	6	5	5	0	20	5	20	9	4	3	1	0	1	0	0	2	0	2	1	1	1	1	5	1	1	0	2	2	0	0	0	2	1	0	0	1	2	0	0	0	1	0	0	0	0	0	1	1	2	0	1	0	0	2	0	0	0	0	1	1	0	0	0	0	0	0	0	2	0	0	0	0	3	3	0	1	1	0	1	0	0	0	0	2	3	2	0	1	0	0	0	0	1	0	2	2	0	0	1	0	0	0	0	0	0	1	1	0	0	1	0	0	2	0	1	1	2	0	1	0	0	0	0	0	0	0	0	0	0	1	2	0	1	0	0	0	1	0	0	3	0	1	2	0	0	1	0	0	0	1	1	1	0	0	1	0	0	1	2	0	0	0	0	0	3	0	0	0	2	0	1	2	2	0	1	3	2	2	3	1	0	2	4	0	0	0	2	2	7	16	10	4	1	4	7	6	4	1	2	1	8	5	2	1	1	1	0	2	2	3	0	0	1	0	0	0	1	1	1	1	0	0	0	1	1	5	2	3	4	2	1	1	0	1	0	0	1	2	0	1	1	3	3	1	0	0	0	0	0	3	1	3	6	2	2	0	5	2	2	0	1	2	2
0	0	0	0	0	0	0	0	0	0	1	0	0	0	0	1	0	0	0	0	0	0	0	0	0	0	0	0	1	0	0	0	0	0	0	0	0	0	0	0	0	0	0	2	0	0	0	0	0	0	0	1	0	1	1	1	0	1	1	1	0	0	1	0	0	0	0	0	0	0	0	0	0	0	0	0	0	0	0	1	0	0	1	1	1	0	0	0	0	0	1	0	0	0	0	0	0	2	0	0	0	0	0	1	0	0	0	0	3	1	0	1	0	0	0	0	1	0	0	0	0	2	0	0	1	1	0	0	0	0	0	0	1	1	6	0	3	7	40	58	0	39	9	7	7	5	2	2	2	1	2	3	2	4	5	4	4	3	3	1	1	2	1	1	2	0	0	0	1	0	0	4	0	0	0	1	0	0	0	0	1	0	1	0	2	1	0	3	0	1	0	0	1	0	0	0	0	0	1	0	1	1	2	1	0	0	0	1	0	1	0	2	0	0	1	2	1	5	2	1	10	10	15	3	5	4	1	3	1	3	7	8	5	4	1	1	3	0	1	1	0	1	3	4	1	4	0	1	1	1	6	0	0	0	1	1	0	0	0	0	1	0	0	0	0	2	0	0	0	1	0	0	0	0	0	1	0	1	1	2	3	0	1	0	1	0	1	0	0	0	1	0	1	0	0	2	0	0	1	2	1	1	0	0	2	0	0	0	1	0	1	1	3	0	0	0	0	1	0	0	0	1	0	0	1	0	1	0	0	0	0	0	0	0	0	0	1	0	0	0	0	1	0	1	0	0	0	0	0	1	0	0	1	0	0	1	0	0	1	0	0	1	1	2	1	1	0	0	0	1	0	0	0	0	2	0	0	0	0	2	0	0	0	1	0	0	1	1	1	0	1	0	0	0	0	0	2	0	0	0	0	1	0	1	1	1	2	0	0	0	1	3	2	0	4	5	10	10	3	3	1	1	1	2	1	3	4	6	2	0	0	0	1	1	1	0	2	0	0	1	1	0	0	0	0	1	0	0	2	0	1	3	2	2	1	3	4	0	2	1	1	2	0	0	1	2	1	1	1	0	0	1	1	1	1	0	2	1	0	3	7	3	2	0	4	0	2	2	1
0	0	0	0	0	0	0	0	0	0	0	0	0	1	0	0	2	0	1	0	0	0	0	0	0	0	0	0	0	0	0	0	1	0	0	1	0	0	0	0	0	0	1	1	0	0	1	0	1	0	0	1	0	0	0	1	1	0	0	0	0	1	1	0	0	0	1	0	0	1	1	0	0	1	1	1	0	1	0	1	2	0	1	0	1	1	1	2	2	1	0	1	2	2	3	0	2	0	1	0	0	0	1	0	1	1	0	0	0	0	0	2	0	0	2	1	1	1	1	0	0	1	0	0	1	0	1	0	1	1	1	1	2	1	2	5	2	18	23	25	39	0	28	19	9	11	4	0	3	2	1	2	9	10	11	7	4	8	3	2	3	2	3	0	1	2	1	1	1	0	1	1	1	0	3	0	0	0	1	0	2	0	1	1	0	1	1	0	0	2	0	1	1	1	1	4	0	1	1	3	1	0	2	1	1	1	0	0	1	2	1	0	0	2	1	0	3	3	5	2	14	9	2	5	6	1	2	1	4	5	7	7	6	11	2	2	3	1	0	0	1	5	1	1	0	1	1	2	1	0	1	0	1	2	1	0	1	0	0	1	0	1	0	0	0	3	1	0	0	0	0	0	0	0	0	0	0	0	0	0	2	2	1	0	2	0	0	0	0	1	1	0	0	1	4	0	2	0	2	3	1	1	1	0	1	0	0	0	2	0	1	0	2	0	1	1	0	1	0	1	1	0	0	0	0	0	1	0	0	0	1	0	0	1	0	0	0	0	0	1	0	0	0	1	0	0	0	0	0	0	0	1	0	0	0	0	1	0	1	0	0	0	0	0	0	0	0	0	0	0	0	2	0	0	0	0	0	0	0	0	0	0	3	0	0	0	0	1	0	1	0	0	1	0	0	0	1	0	2	0	2	1	0	0	0	0	0	0	0	1	0	0	1	2	4	8	11	7	0	3	5	1	3	3	1	3	2	2	1	0	0	0	1	3	0	0	0	1	0	0	1	1	0	0	2	0	2	2	1	1	1	3	5	5	2	0	2	2	0	0	0	1	2	0	0	0	1	2	2	0	0	1	1	0	0	2	3	0	3	4	3	7	4	1	1	0	3	1	1
0	0	0	0	0	0	0	0	1	0	0	0	0	0	0	0	1	0	0	0	1	0	0	0	0	0	0	0	0	0	0	0	0	0	1	1	0	0	0	1	0	0	1	1	0	0	0	3	1	1	0	1	2	0	1	1	0	0	0	1	0	0	0	0	0	1	0	0	0	0	0	0	2	0	1	1	0	1	0	0	1	0	1	1	2	1	0	1	2	0	0	0	0	0	0	0	1	0	0	0	0	2	1	0	0	0	1	1	0	0	3	1	0	2	1	0	1	2	1	0	0	0	0	0	0	1	1	0	0	1	0	0	0	1	1	1	3	4	4	5	9	28	0	49	13	6	3	0	2	3	1	0	5	1	2	6	1	7	6	1	1	1	0	0	0	0	2	1	1	0	0	1	0	0	2	1	0	1	1	1	0	0	1	1	0	0	0	0	2	2	0	1	0	0	0	1	0	0	1	0	1	0	0	1	1	0	0	2	0	0	1	0	0	0	2	2	1	2	4	2	10	4	7	3	5	6	2	5	6	2	9	12	6	4	3	1	0	0	0	1	2	0	1	1	1	0	1	0	2	0	0	1	1	0	2	2	0	0	0	1	1	0	1	0	0	0	3	1	1	0	0	1	1	0	0	0	0	1	0	0	0	0	0	1	0	1	0	2	0	1	1	0	1	0	1	0	1	1	0	1	0	3	2	0	0	0	0	3	0	0	0	0	1	0	0	1	1	0	3	0	1	0	2	0	0	0	0	0	0	2	2	1	0	1	0	2	0	3	1	2	0	0	0	0	0	1	0	2	0	1	0	1	0	0	0	0	0	0	0	2	0	1	1	1	0	2	1	0	0	0	0	0	0	0	0	2	0	0	1	1	2	1	0	1	1	0	2	2	0	0	0	0	2	0	0	0	1	0	1	0	0	0	1	0	0	1	2	0	0	1	0	1	0	1	3	3	7	9	1	1	1	2	3	1	0	1	2	0	0	2	1	0	2	0	0	0	0	1	2	0	1	0	2	1	1	0	0	0	2	2	0	1	1	1	0	0	0	3	1	1	0	0	1	1	0	0	0	1	1	1	1	0	1	0	0	0	0	0	4	3	3	1	1	3	0	1	1	0	0
0	0	0	0	0	0	0	0	1	0	1	0	1	0	0	0	0	0	0	0	0	0	0	0	1	1	0	0	1	1	0	0	0	0	0	1	2	0	1	0	0	1	1	2	2	0	0	0	1	1	1	0	0	0	0	0	2	1	1	0	0	0	0	0	1	0	0	0	1	0	0	0	0	0	2	0	0	0	1	0	0	0	0	1	1	1	0	0	0	1	1	0	1	3	3	0	1	2	0	1	0	2	0	1	3	1	0	0	0	1	0	0	1	0	0	0	2	0	3	0	1	0	1	1	1	0	1	0	0	1	0	0	1	2	2	1	7	4	8	10	7	19	49	0	20	15	3	2	2	1	3	1	6	9	7	4	2	1	1	5	0	1	0	1	1	0	0	0	0	1	0	3	1	0	1	0	2	0	0	0	0	0	0	1	3	2	3	2	0	3	0	0	0	0	0	0	0	0	0	0	1	1	1	1	1	0	0	1	0	1	0	1	1	0	1	5	1	5	5	6	6	16	8	8	8	8	1	5	3	2	4	10	7	2	0	0	0	0	0	0	0	1	1	1	0	2	0	0	0	0	2	1	1	1	0	1	0	0	0	0	0	0	1	0	0	0	0	4	1	0	0	1	0	1	1	1	2	0	0	0	0	0	0	0	1	1	0	1	0	0	2	1	0	0	0	0	1	0	1	2	0	0	0	0	0	0	0	0	0	0	1	0	1	2	0	0	1	0	0	0	0	2	3	1	1	0	0	0	0	0	1	0	0	0	0	1	0	0	0	2	0	0	1	0	0	0	0	0	0	0	0	0	0	0	2	0	0	0	0	0	1	1	0	0	0	1	0	0	0	1	1	3	1	0	0	0	0	1	0	0	0	0	0	0	1	0	1	0	1	0	0	0	0	0	1	0	0	1	0	0	1	2	0	1	1	2	0	1	0	1	0	0	2	1	2	3	4	1	2	2	0	4	4	0	0	1	1	0	0	1	1	0	0	0	1	0	0	0	1	0	0	0	0	0	0	0	0	0	0	3	1	0	2	1	1	0	3	0	1	0	1	1	0	1	3	0	0	0	0	0	1	0	2	0	0	1	0	0	2	1	1	1	1	1	1	2	0	1	2
0	0	0	0	0	0	0	0	0	0	1	0	0	0	0	1	0	0	0	1	0	0	0	3	2	1	0	0	0	2	0	0	1	1	1	0	0	1	1	0	1	0	1	1	0	1	0	1	1	0	0	0	1	0	1	3	1	1	0	0	0	0	0	1	0	0	0	1	1	0	0	0	0	0	0	0	0	0	0	1	0	0	1	0	0	0	0	1	2	2	1	0	1	2	0	0	0	2	1	0	0	3	0	0	1	1	1	1	4	0	0	0	1	0	0	0	0	0	0	0	0	0	0	1	0	0	0	0	0	0	0	1	2	0	2	1	5	6	6	5	7	9	13	20	0	122	19	5	2	5	1	13	13	12	8	14	4	7	4	1	1	2	2	0	1	0	0	0	0	2	0	0	0	2	1	1	1	1	0	1	1	0	1	0	1	0	3	2	1	1	1	0	0	1	1	1	0	1	0	0	1	0	0	0	3	0	0	1	1	2	1	0	0	1	1	5	5	10	10	7	14	4	5	3	6	0	1	1	1	0	4	3	3	2	0	1	0	0	1	0	0	0	0	2	0	1	0	2	1	0	1	1	0	0	3	0	1	0	0	0	0	0	1	0	0	0	0	1	0	1	1	0	0	0	0	0	0	0	2	0	2	0	4	0	0	1	0	0	0	0	0	0	0	0	2	1	0	3	2	1	1	1	0	0	2	0	1	1	1	0	0	1	2	1	0	1	0	0	0	0	0	0	0	1	0	0	0	0	1	0	2	0	0	0	0	0	1	0	0	0	0	1	0	0	0	1	0	0	1	0	0	0	0	0	0	0	1	0	0	0	1	0	0	0	0	0	0	1	1	0	1	1	0	0	1	0	0	0	0	0	1	0	0	0	0	0	2	0	0	0	1	0	1	0	2	2	1	0	1	0	0	2	0	1	1	1	1	1	0	0	1	1	0	1	1	2	1	2	2	2	1	1	0	1	2	0	2	2	2	2	1	0	0	0	0	0	0	2	0	0	0	0	3	0	0	0	0	0	1	0	2	1	0	2	2	2	1	0	0	0	1	0	0	2	0	1	1	1	0	0	0	1	0	0	0	1	0	1	2	3	3	0	1	1	1	1	0	0	0
0	0	0	0	0	0	0	0	0	1	0	0	0	0	0	0	1	0	0	0	0	0	0	1	0	0	0	0	1	1	0	1	1	0	0	1	0	0	0	1	0	0	4	0	0	1	0	0	0	1	0	1	0	0	0	0	0	0	0	1	1	0	0	0	0	1	0	0	2	0	1	0	0	0	0	0	0	2	0	1	2	0	0	0	1	0	1	0	1	0	1	2	0	0	0	0	1	1	0	0	1	2	1	1	0	1	0	2	0	0	0	0	0	0	0	0	0	2	1	1	0	0	0	1	2	0	0	0	0	0	1	2	1	3	1	1	4	8	5	9	5	11	6	15	122	0	36	7	7	4	3	18	22	20	7	8	6	7	6	2	1	1	0	1	2	1	0	0	0	0	0	0	0	0	1	0	2	0	0	3	0	0	0	1	0	0	2	3	2	0	1	1	1	1	0	1	1	0	1	0	0	0	0	3	0	0	0	0	0	0	1	2	1	0	0	6	5	8	20	13	35	13	5	3	5	4	0	1	0	1	3	2	3	2	0	0	1	0	0	0	1	1	1	1	0	2	0	2	0	0	0	0	0	2	0	0	3	0	0	0	0	0	0	0	1	2	2	0	1	0	1	0	0	0	0	0	0	0	1	0	0	2	1	0	2	0	0	0	0	1	0	0	0	1	1	0	0	1	2	1	0	1	0	0	0	0	0	0	0	3	1	0	0	1	0	0	0	1	0	0	0	0	2	0	0	0	0	0	0	0	3	1	0	0	0	0	0	0	0	0	1	0	0	1	1	1	0	0	0	0	0	0	0	1	0	0	0	0	0	0	0	0	0	1	1	0	0	0	2	0	1	0	1	0	0	1	0	0	0	0	0	0	0	3	1	1	2	0	0	1	0	2	0	0	1	0	0	0	2	0	1	0	1	2	0	0	2	0	1	0	1	0	0	0	0	2	3	2	3	1	2	2	2	1	0	0	0	0	1	1	0	0	1	0	0	0	2	1	0	1	1	1	0	0	0	0	0	0	0	0	1	0	2	2	1	3	1	1	2	0	1	0	1	0	1	0	0	0	0	1	1	0	1	1	2	1	0	0	0	1	3	2	0	0	2	1	0	1	3
0	0	0	0	0	0	0	1	0	0	0	0	0	0	1	0	0	0	0	0	1	1	0	0	0	0	2	0	0	2	0	0	0	0	0	0	0	0	1	0	1	1	0	0	0	0	1	1	0	0	1	0	0	0	0	1	1	0	1	1	0	0	1	1	0	0	0	0	0	0	0	0	1	2	0	0	2	1	0	0	0	0	0	0	1	2	1	2	0	0	0	0	1	0	0	2	0	1	2	0	0	0	0	0	1	1	1	2	1	0	1	0	0	0	0	1	0	0	0	0	1	1	0	0	0	1	0	2	1	0	3	0	2	0	1	1	6	4	3	2	2	4	3	3	19	36	0	39	7	6	9	22	20	9	2	6	5	3	7	3	1	0	1	0	1	0	0	2	0	4	0	1	0	0	1	0	1	0	0	0	0	0	0	1	1	0	4	1	4	0	0	3	1	0	2	2	2	0	0	0	0	1	2	0	1	0	0	1	0	0	1	1	3	0	1	4	3	9	14	43	28	9	5	3	2	0	2	1	1	2	0	2	2	0	1	0	0	0	1	0	0	0	1	0	0	0	1	1	0	0	0	0	0	1	0	1	0	0	0	0	0	1	0	0	0	0	0	0	0	0	0	0	2	0	0	0	1	0	1	0	0	0	0	0	0	1	1	0	3	0	1	2	1	1	1	0	1	0	1	0	1	0	1	1	0	1	0	1	0	0	0	1	2	0	2	0	0	0	0	0	0	0	0	1	1	0	1	1	0	1	1	0	0	0	0	1	1	0	0	0	0	0	1	1	1	0	1	0	0	0	1	0	1	0	2	0	0	0	0	0	2	0	1	0	0	1	0	0	1	0	2	0	0	1	0	0	0	0	0	0	1	0	1	0	0	0	0	0	0	1	0	0	1	0	0	0	0	0	0	1	1	0	2	0	0	1	0	0	0	0	0	1	0	2	1	4	1	1	1	0	3	1	1	0	2	1	2	1	0	1	2	0	1	1	1	0	0	0	0	0	1	0	0	0	0	1	0	0	0	2	0	0	0	1	1	0	1	4	1	0	0	2	1	0	1	0	1	0	0	0	0	1	1	1	1	2	0	0	0	1	1	1	1	3	0	0	1	0	0
0	0	0	0	0	0	0	0	0	0	0	0	0	0	0	0	0	0	0	0	0	1	0	1	0	1	0	0	2	0	0	0	1	0	0	0	0	0	0	1	0	1	0	0	1	1	1	0	0	0	0	0	0	0	1	0	0	0	0	0	0	0	0	0	0	0	0	0	0	0	0	0	0	0	0	0	0	0	1	0	0	1	0	0	0	1	1	1	0	0	0	0	2	1	0	0	0	0	0	0	0	1	0	1	0	1	0	1	1	0	1	0	0	0	0	1	0	1	1	0	1	0	0	0	2	0	0	0	0	1	0	1	0	1	1	6	4	5	2	1	2	0	0	2	5	7	39	0	47	21	22	12	10	11	3	4	2	2	4	1	0	0	1	0	1	0	1	1	0	0	0	1	0	1	2	0	0	0	1	0	1	0	0	0	1	0	0	1	1	0	1	1	0	0	0	0	1	1	1	1	1	1	0	0	0	2	0	2	0	1	1	1	0	0	1	0	2	8	21	37	12	4	3	0	3	2	0	1	0	1	0	1	2	0	3	1	1	0	0	0	1	1	1	1	1	0	0	1	2	0	0	0	0	0	0	1	0	0	0	1	1	0	0	0	0	0	0	0	0	0	0	1	0	0	0	0	0	0	0	0	0	1	0	2	1	1	1	1	1	0	1	0	2	0	1	0	0	1	1	0	2	0	2	3	0	0	1	0	1	2	1	2	0	2	0	0	0	2	0	2	0	0	0	0	0	1	0	0	0	0	1	0	1	0	0	0	0	0	0	1	1	1	1	0	0	0	1	1	0	0	1	0	0	1	0	0	1	1	0	0	0	2	0	0	1	0	0	0	0	0	2	0	2	0	0	0	0	0	0	0	0	0	1	0	0	0	0	0	1	0	0	0	0	0	0	0	0	1	0	0	0	0	0	0	1	0	1	0	0	0	0	1	0	1	2	1	1	0	2	0	1	0	2	0	0	0	0	3	1	1	0	0	0	0	0	0	0	0	1	0	0	1	1	0	0	0	0	0	0	0	1	1	0	0	0	0	1	1	0	0	0	2	0	0	1	1	0	2	0	0	1	1	0	0	3	0	1	0	3	2	2	0	1	0	0	0	1	0	0
0	0	0	0	0	0	0	0	0	0	0	0	0	0	0	0	0	0	1	0	0	0	0	1	0	0	0	0	0	1	0	1	0	0	0	0	0	0	0	1	1	0	1	0	0	1	1	1	0	0	0	0	0	0	0	1	1	0	1	0	0	0	0	0	0	0	0	0	0	0	0	0	0	0	0	0	0	0	1	1	0	1	1	0	2	0	0	0	1	0	1	2	0	1	1	3	0	0	0	0	1	3	1	3	2	0	3	0	3	1	0	0	1	1	0	0	0	0	0	1	0	0	0	0	0	0	0	2	0	0	1	0	0	0	2	1	2	1	1	0	2	3	2	2	2	7	7	47	0	48	39	19	3	4	1	3	3	2	5	2	3	1	1	0	0	3	1	1	1	0	0	0	0	0	0	1	0	1	1	0	0	1	1	1	1	2	3	4	0	1	1	1	0	0	0	0	0	0	2	0	1	0	1	1	1	0	0	1	1	0	1	0	1	1	3	5	2	11	10	8	5	1	2	3	2	0	1	2	0	1	1	0	2	1	0	0	0	0	0	0	1	0	1	0	0	0	2	0	2	0	0	2	0	1	0	1	0	1	0	1	0	0	2	0	0	1	0	0	1	0	0	0	0	0	0	0	1	0	0	0	0	0	1	0	0	1	1	0	0	0	1	0	1	0	0	1	2	2	1	3	0	0	0	0	0	0	0	1	0	1	1	1	1	2	1	0	1	0	1	1	0	1	0	0	1	0	0	0	0	0	0	0	1	0	0	0	1	0	0	0	0	0	0	0	0	0	0	0	1	0	0	0	0	1	0	0	0	0	0	0	1	0	1	1	0	0	0	0	0	0	0	0	1	0	1	3	0	0	0	1	0	1	0	0	0	1	0	0	1	0	0	1	0	0	2	0	1	1	0	1	1	1	1	2	0	1	0	0	1	1	1	0	0	0	1	0	3	1	2	1	1	1	0	2	0	1	1	1	0	1	1	0	1	0	0	0	0	2	0	0	0	0	0	0	0	0	0	0	0	0	0	1	0	1	2	2	1	1	1	0	0	0	0	0	0	0	0	0	0	1	0	1	0	1	1	1	1	0	2	1	1	1	1	1	3	0	1	0	1
0	0	0	0	0	0	0	0	0	0	0	1	0	0	0	1	1	0	0	0	0	0	0	2	0	1	0	0	0	0	0	0	0	0	0	1	0	0	1	0	0	0	0	0	0	0	0	1	0	0	0	0	1	0	0	0	3	0	0	0	0	0	0	0	0	0	0	1	1	0	0	0	0	0	1	0	0	0	0	0	0	0	0	0	0	1	0	0	0	0	0	1	0	0	3	0	1	1	0	1	0	0	1	1	0	1	1	1	1	0	0	0	0	0	0	0	0	0	0	1	0	0	0	0	1	2	0	0	0	2	0	0	1	2	1	2	0	4	2	2	1	2	3	1	5	4	6	21	48	0	43	14	2	4	0	1	2	1	1	4	3	0	1	0	1	0	0	0	0	0	0	0	1	1	0	0	2	0	1	0	2	3	1	1	0	0	3	4	1	1	4	1	0	0	0	3	0	0	2	0	0	1	1	1	1	2	1	0	0	0	0	1	0	0	1	0	0	7	10	8	3	3	0	0	1	1	0	2	0	1	0	1	1	0	0	0	0	1	0	2	0	0	0	1	0	0	0	0	1	1	0	1	0	0	0	0	1	0	0	0	0	0	3	0	1	1	0	0	0	1	0	0	0	0	2	1	0	0	1	0	0	1	0	0	0	0	0	1	0	0	1	0	0	0	0	2	0	0	2	0	0	0	0	0	0	0	0	1	1	0	1	0	0	1	1	0	0	1	0	1	0	0	1	0	0	0	0	0	0	0	0	0	0	0	0	0	0	1	0	1	0	0	0	0	0	1	0	0	1	0	0	0	0	0	0	0	1	1	0	0	0	0	0	1	0	0	0	0	1	0	0	0	0	1	0	1	0	0	0	0	0	0	0	0	0	1	0	0	0	1	1	0	0	0	1	0	0	0	0	0	0	0	0	2	1	0	0	0	0	0	0	1	0	0	0	1	1	2	0	0	0	1	1	2	1	0	1	0	0	1	0	0	0	0	0	0	1	0	0	1	0	0	0	0	2	1	0	0	0	0	0	0	0	1	0	1	0	1	0	1	0	0	3	0	0	0	0	0	1	0	0	0	0	0	0	3	0	1	0	0	0	0	0	1	1	0	0	0	0
0	0	0	0	0	0	0	0	0	1	0	0	0	0	1	0	0	0	0	0	0	1	1	1	0	0	1	0	0	0	0	0	0	0	0	0	2	1	1	0	1	0	0	0	1	0	1	0	1	0	2	0	0	0	0	0	0	0	0	0	0	0	0	1	0	0	0	0	0	0	0	1	1	0	0	0	0	0	1	1	0	0	0	2	0	0	0	1	0	0	2	1	1	1	0	1	1	0	1	0	0	2	0	1	0	0	1	2	0	2	2	1	0	0	0	0	1	0	0	0	0	0	0	0	1	2	0	0	0	1	0	3	1	1	1	4	0	1	4	2	2	1	1	3	1	3	9	22	39	43	0	29	7	1	2	1	3	3	2	2	1	1	2	0	2	2	0	0	0	0	0	0	2	0	1	0	1	1	1	0	1	0	0	3	1	3	0	2	0	0	0	1	1	2	0	0	2	0	1	0	0	1	1	1	1	1	0	0	1	0	1	0	1	2	1	1	5	11	11	10	6	1	0	1	1	1	1	0	0	0	2	0	1	1	1	1	0	0	1	0	0	1	0	0	1	0	0	1	0	0	1	0	0	1	0	0	0	0	0	0	1	0	1	0	1	0	0	1	0	1	0	0	1	0	0	0	1	0	0	0	0	0	0	0	0	1	0	0	0	0	1	0	2	0	0	0	2	3	2	3	0	1	1	0	0	0	1	0	1	0	2	0	0	1	2	1	0	0	1	1	0	0	0	0	0	0	0	0	1	0	1	0	0	0	0	0	0	0	0	0	0	0	0	0	0	1	1	2	0	0	0	0	0	0	0	1	1	1	1	2	0	0	0	0	0	0	0	0	0	0	0	0	1	0	1	0	0	0	0	1	0	0	0	0	1	0	1	0	0	0	0	1	1	0	0	0	0	0	1	0	0	0	0	0	1	1	0	0	0	1	0	0	0	0	0	0	3	2	1	3	1	0	1	0	0	1	0	1	0	2	0	0	0	0	0	0	0	1	1	1	1	2	0	0	1	0	0	0	1	0	0	0	0	1	3	0	0	1	1	0	0	0	0	1	0	1	0	1	0	1	0	0	2	1	3	2	1	0	0	0	2	0	0	0	0	0	0	0	2
0	0	0	0	0	0	0	0	0	0	0	0	0	1	0	0	0	0	0	1	1	0	0	1	2	1	1	0	2	4	0	0	0	0	0	0	0	0	0	1	3	1	1	1	0	1	0	0	1	0	1	0	0	1	1	1	0	0	0	0	0	1	0	0	1	0	0	0	0	0	0	1	0	0	0	1	0	0	0	0	0	0	0	0	0	0	0	0	1	4	1	0	1	0	0	0	2	2	0	0	0	2	1	2	2	0	1	3	1	1	0	1	1	0	1	0	0	2	0	0	1	1	0	0	0	0	0	0	2	0	2	1	0	2	0	0	1	1	2	1	3	2	0	1	13	18	22	12	19	14	29	0	50	19	7	6	11	11	9	4	1	1	1	1	2	4	2	0	1	1	0	1	0	0	1	1	2	1	1	0	0	1	0	0	0	1	4	0	1	2	4	2	1	2	0	1	0	1	1	0	2	1	0	1	0	1	0	1	1	0	0	0	1	2	1	2	7	53	43	19	7	4	0	2	1	1	0	0	0	1	1	0	1	0	0	0	1	0	1	0	2	1	0	2	1	2	0	1	1	0	0	1	0	1	1	0	1	0	0	2	1	0	0	1	0	1	0	0	1	0	0	0	1	0	0	0	0	3	1	0	0	0	0	1	1	1	0	0	1	0	3	0	2	0	0	1	2	1	1	0	1	0	1	0	0	2	1	0	2	1	0	0	0	0	0	2	0	0	0	1	0	1	0	0	0	1	0	0	1	0	0	2	0	0	0	0	0	0	0	0	0	0	0	0	0	0	0	0	0	0	1	0	0	0	0	0	0	0	0	0	0	0	0	0	2	0	0	0	1	2	0	0	1	0	1	0	0	0	0	0	0	0	0	1	0	0	1	0	2	0	0	0	0	1	1	1	0	0	1	1	2	0	1	0	0	0	0	0	0	1	0	1	0	0	0	2	7	2	0	1	1	4	0	1	1	0	1	1	1	0	0	0	0	0	0	1	1	0	0	1	1	0	1	1	1	0	1	0	0	1	0	0	2	0	3	0	0	1	0	0	0	0	3	0	2	0	0	0	2	0	0	0	0	1	0	0	0	1	2	2	5	2	1	1	1	1	0	1	1
0	0	0	0	0	0	0	0	0	0	0	0	0	0	0	0	0	1	1	1	2	2	1	1	0	0	0	1	0	2	0	0	0	0	0	1	1	2	0	3	0	1	1	1	0	0	0	0	0	2	1	2	0	0	0	0	0	1	0	1	0	0	1	1	0	0	0	0	0	0	0	1	0	1	2	1	0	0	1	0	0	0	0	0	3	0	2	0	0	1	0	0	3	4	1	1	4	1	1	3	0	1	2	0	2	4	1	2	3	2	1	0	0	0	0	1	0	1	1	0	1	0	0	0	2	0	0	1	0	2	2	0	2	3	2	6	4	10	5	2	2	9	5	6	13	22	20	10	3	2	7	50	0	283	6	15	14	17	18	3	4	2	1	1	2	0	2	1	0	0	1	0	1	0	0	0	0	0	0	0	1	2	1	3	2	5	5	2	1	2	0	1	0	1	2	0	0	1	1	0	1	0	1	0	0	2	3	0	0	1	0	0	0	0	0	6	10	98	33	11	6	5	2	0	0	0	0	0	1	0	2	1	2	3	2	3	1	1	0	1	1	0	0	1	0	1	0	0	0	0	2	1	0	0	0	1	0	0	0	0	2	0	0	0	0	1	1	2	1	0	0	0	0	0	0	0	0	0	0	0	1	0	1	0	2	1	0	0	1	0	1	0	2	1	1	0	3	1	0	2	3	0	0	1	0	1	0	0	1	0	0	0	1	0	2	1	0	0	1	0	1	0	0	2	2	0	0	0	0	0	0	0	0	0	0	0	0	0	0	0	0	1	0	1	0	1	0	0	0	0	1	0	0	1	0	0	1	0	0	0	0	0	1	1	1	1	0	0	2	1	1	1	1	0	0	1	0	1	0	2	0	0	0	0	1	2	0	1	0	0	0	1	1	0	1	1	0	0	1	1	0	0	1	1	0	1	0	1	0	1	1	0	0	1	2	1	5	1	2	4	0	1	0	1	0	1	0	0	0	1	0	0	1	0	0	0	0	0	0	0	0	0	1	0	1	0	0	0	0	1	1	1	1	1	0	0	1	0	3	0	0	0	0	1	1	1	0	0	0	0	0	0	1	1	4	1	0	1	2	2	4	2	0	4	1	0	0	1	0
0	0	0	0	0	0	0	1	0	1	0	0	0	0	1	0	0	0	0	0	0	0	2	1	3	0	1	0	1	0	1	0	0	1	0	0	0	0	0	1	1	0	0	0	1	1	1	0	1	0	4	1	2	0	0	0	1	0	0	0	0	0	0	0	1	0	0	1	0	0	0	0	0	1	0	0	0	0	0	0	1	0	1	0	0	1	1	1	0	1	1	0	1	3	0	1	1	0	1	1	0	4	1	1	0	0	3	3	6	4	0	0	0	2	0	0	0	2	1	0	0	1	0	0	1	1	1	0	0	2	1	0	1	3	3	9	9	5	3	0	4	10	1	9	12	20	9	11	4	4	1	19	283	0	12	17	20	12	10	2	2	3	2	1	0	2	1	0	0	0	0	0	2	0	2	0	0	0	3	0	0	2	3	3	2	2	2	3	0	1	2	0	1	0	0	1	1	1	2	1	0	0	0	1	2	0	3	2	2	1	2	1	0	0	1	7	7	38	19	12	11	4	2	1	2	1	1	0	0	2	0	3	1	0	0	4	0	0	0	1	1	1	1	2	0	0	0	2	2	1	0	1	1	0	1	2	1	1	2	2	1	0	0	0	0	1	0	0	0	0	2	0	1	1	0	0	0	0	0	1	1	0	0	1	1	0	1	0	1	0	2	2	0	1	0	0	4	0	1	1	0	1	0	0	1	0	0	0	0	1	0	0	1	0	0	1	0	1	1	1	0	1	1	0	0	0	3	0	0	0	0	0	1	0	1	1	0	0	2	1	0	0	0	0	0	0	0	0	0	0	1	1	0	0	0	0	1	0	0	0	0	0	0	0	0	0	1	1	0	0	1	0	0	0	1	1	0	0	2	1	0	0	0	0	1	0	0	0	0	0	1	1	0	1	1	1	1	0	0	0	0	1	1	1	0	0	0	0	1	0	0	1	0	2	3	2	2	4	2	3	1	0	0	0	1	0	1	1	2	0	0	0	1	0	1	1	0	0	0	0	0	1	0	1	0	0	0	1	1	0	2	0	1	4	0	0	1	1	0	0	0	1	2	0	0	0	0	0	0	0	1	2	0	0	0	0	1	3	0	1	3	1	1	0	0	1	2	1	0
0	0	0	0	0	0	0	0	1	0	0	1	0	0	0	1	0	0	1	0	0	1	1	2	2	0	0	0	0	0	1	0	0	0	0	0	1	1	0	1	0	1	2	1	0	1	1	0	0	1	1	1	0	0	0	0	1	1	0	0	0	0	1	0	0	0	0	1	0	0	0	0	0	0	1	0	0	1	1	1	0	1	0	1	1	1	1	0	2	1	1	1	1	2	0	1	0	0	1	2	2	3	0	1	1	0	0	2	2	1	2	1	1	2	0	0	0	1	0	0	1	1	0	1	0	1	0	0	0	1	0	1	2	4	7	5	47	12	3	6	5	11	2	7	8	7	2	3	1	0	2	7	6	12	0	122	58	22	11	4	1	1	3	0	0	2	1	0	0	0	0	1	3	1	0	3	3	0	1	0	3	1	1	2	1	0	1	6	5	0	3	0	0	1	0	0	2	0	0	0	1	1	0	1	4	0	1	1	3	2	2	0	1	0	1	10	11	3	10	2	4	2	0	1	1	4	0	1	1	1	2	3	4	2	1	5	3	1	0	1	0	1	2	2	1	3	1	0	6	3	1	2	4	0	2	0	0	0	1	0	0	0	3	0	0	3	1	0	1	0	1	0	1	0	2	0	0	1	2	0	2	0	0	1	0	2	2	0	2	0	1	0	1	0	1	1	0	0	1	3	2	1	1	1	2	0	0	0	2	2	2	2	1	2	1	2	1	0	0	1	0	0	0	0	2	0	0	0	1	0	0	0	0	0	0	1	0	0	0	0	0	2	1	2	1	0	1	1	2	3	0	1	1	0	0	0	0	0	0	0	1	0	1	0	0	1	0	0	0	1	1	1	2	2	0	1	1	0	1	0	0	0	0	1	0	0	3	1	1	0	1	1	0	2	0	0	1	1	2	0	1	1	1	1	0	2	0	0	1	0	0	0	1	1	1	1	6	11	6	3	2	1	1	1	0	2	0	0	1	0	0	0	0	0	0	0	0	0	0	0	0	1	0	1	1	0	0	0	1	0	0	1	0	0	0	0	1	1	1	1	0	0	1	1	0	1	1	1	1	1	0	0	0	3	0	2	2	0	1	1	2	3	0	1	3	0	0	3	2
0	0	0	0	0	0	0	0	1	1	1	0	1	0	0	0	1	0	1	0	0	0	2	1	1	0	0	0	0	0	0	0	0	0	0	0	0	0	1	1	1	0	0	2	0	0	2	2	1	0	2	1	1	2	0	0	0	0	0	0	0	0	0	2	1	0	0	0	0	0	0	0	0	0	1	0	0	1	0	1	0	3	1	0	0	1	0	1	1	0	1	0	0	2	2	4	4	0	1	1	1	1	6	3	3	1	0	0	1	2	0	0	0	1	1	1	0	1	0	0	0	0	1	0	0	1	0	1	0	1	2	2	2	1	5	4	25	10	2	7	4	7	6	4	14	8	6	4	3	1	1	6	15	17	122	0	37	23	12	4	1	3	2	1	1	4	0	1	0	2	0	0	0	0	0	1	1	0	1	1	0	1	0	2	2	0	1	1	0	2	1	0	0	0	0	0	1	1	2	1	1	1	0	1	0	0	2	0	2	0	1	0	2	0	2	6	9	9	0	5	5	2	2	2	2	1	0	2	1	1	3	2	2	0	3	2	1	0	0	0	0	1	3	1	1	1	1	2	2	0	0	2	2	0	1	1	0	0	0	1	0	0	0	1	2	0	0	1	0	1	1	1	1	0	0	0	1	0	0	0	0	1	0	0	0	0	1	1	0	0	2	0	0	0	0	1	0	1	0	0	0	0	1	0	1	0	0	0	0	1	0	0	0	2	1	2	0	1	0	0	2	2	0	0	1	1	0	0	0	0	1	0	0	0	0	0	0	0	1	0	0	0	0	0	1	1	0	0	0	1	0	1	1	1	1	1	0	1	0	1	2	0	1	0	0	1	1	0	2	1	1	0	0	0	0	2	1	0	1	1	0	0	0	1	0	0	0	2	0	0	0	0	1	1	1	1	0	0	1	0	1	1	0	1	0	0	0	0	1	0	0	0	0	0	2	1	3	6	1	1	0	1	0	1	0	0	0	1	1	0	0	0	2	1	0	0	2	1	1	1	0	0	0	1	0	1	0	0	2	0	0	0	1	0	0	0	2	0	1	2	1	0	0	0	2	1	0	2	1	0	0	3	2	0	1	2	2	0	4	2	7	2	0	1	0	0	2	0	1
0	0	0	0	0	0	0	0	0	0	0	0	0	0	0	0	0	0	1	1	1	2	1	1	2	1	2	1	2	0	0	0	0	1	0	0	1	0	1	0	0	0	4	0	0	1	1	1	0	1	2	1	2	1	0	0	1	0	0	0	0	0	0	0	0	0	0	0	0	0	1	1	0	2	1	0	0	0	0	1	0	1	1	1	1	2	0	0	1	4	1	1	0	1	2	1	2	1	1	1	4	0	5	2	3	1	4	4	3	5	2	1	1	0	0	0	0	1	0	2	1	0	0	0	0	1	0	4	1	1	2	1	1	2	3	9	22	9	3	3	4	4	1	2	4	6	5	2	3	2	3	11	14	20	58	37	0	23	39	10	3	6	3	1	1	1	1	0	0	0	0	1	1	0	2	0	0	1	0	0	2	0	1	3	1	2	3	6	2	2	0	0	0	1	0	1	1	1	0	2	1	1	0	2	2	0	3	0	2	1	1	0	0	0	3	26	31	6	7	5	5	2	1	0	1	3	0	0	2	0	0	3	5	4	1	2	0	0	0	0	1	0	0	0	0	1	1	2	2	1	0	3	2	2	3	2	2	2	1	2	1	0	0	0	0	1	1	0	1	0	2	1	1	0	1	1	0	2	3	0	0	2	1	0	0	1	0	0	0	1	1	2	0	0	1	2	0	2	3	2	2	2	1	1	0	1	1	1	0	0	3	0	1	0	3	1	4	1	1	1	2	0	0	0	2	0	0	1	1	0	0	0	0	0	0	1	0	1	1	0	0	0	0	0	1	2	0	0	0	1	0	1	1	0	0	0	1	1	1	0	0	2	0	0	0	0	0	0	0	0	1	0	5	0	1	2	2	0	1	1	2	1	0	0	1	1	0	0	1	1	1	0	1	1	0	2	1	0	0	2	0	0	1	1	0	0	0	1	1	1	0	0	1	1	1	2	2	0	1	2	3	2	0	0	1	2	1	2	2	2	0	0	0	0	0	1	0	0	0	0	2	1	1	0	2	1	1	1	2	0	0	0	1	2	0	1	1	1	1	2	0	1	0	0	0	3	0	1	0	0	1	0	1	1	1	2	1	0	2	3	1	0	2	0	1	0	0	0	0
0	0	0	0	0	0	0	0	0	0	0	0	0	2	0	2	0	0	0	1	0	2	0	0	0	0	0	1	0	0	1	1	0	0	0	0	0	0	0	1	0	0	1	0	0	0	0	0	2	0	0	2	0	1	1	0	0	1	1	0	1	0	0	0	0	0	0	0	1	1	0	0	1	1	0	1	0	0	0	0	1	0	0	0	1	0	0	2	0	1	0	2	1	1	3	0	0	0	1	1	0	2	2	3	3	4	3	1	1	1	1	0	1	0	1	0	1	0	2	0	0	0	0	1	0	0	0	0	0	0	2	2	1	6	6	10	27	34	13	4	3	8	7	1	7	7	3	2	2	1	3	11	17	12	22	23	23	0	51	10	4	4	2	1	0	1	1	0	2	1	0	0	2	0	0	0	1	0	2	0	3	1	1	1	1	0	4	4	2	0	1	0	0	0	2	0	1	0	0	1	1	1	1	0	0	1	2	2	2	2	1	3	1	1	0	14	11	14	8	3	5	3	4	1	4	3	2	1	2	1	1	2	0	5	1	1	1	0	0	0	1	3	0	0	1	2	0	1	2	4	0	2	1	4	0	1	2	0	0	1	1	1	2	1	0	0	1	1	0	0	1	0	2	0	0	1	0	0	0	0	1	2	2	2	2	1	0	0	0	2	0	3	0	0	3	2	1	1	1	1	1	0	2	0	0	2	1	0	0	2	0	3	0	1	3	0	0	2	1	0	0	1	1	0	1	0	0	0	0	0	0	0	0	0	0	0	0	0	1	0	0	1	1	1	0	0	0	3	0	0	1	1	0	0	1	0	0	0	0	0	1	1	0	1	0	0	0	0	0	0	1	1	0	1	3	0	1	2	0	2	0	0	0	1	2	0	0	1	1	2	0	1	2	0	2	1	1	0	0	0	1	0	0	1	4	2	1	1	0	0	1	0	2	1	1	2	3	10	4	2	1	0	2	0	1	2	3	3	0	0	0	0	0	1	0	0	3	1	1	0	0	0	1	0	0	1	0	0	0	0	2	0	4	3	1	0	0	0	1	0	1	1	0	3	0	1	1	1	2	0	1	1	0	0	2	1	0	0	0	4	5	3	0	2	3	3	1	0	0
0	0	0	0	0	0	0	0	0	0	1	0	1	2	0	0	1	0	1	0	0	0	0	1	2	1	0	0	1	2	0	1	1	0	1	0	0	0	0	0	1	0	0	0	0	1	2	1	1	2	1	3	1	1	2	0	0	0	2	0	0	0	0	0	0	1	0	0	0	1	1	0	1	0	0	0	0	1	1	0	0	1	0	1	1	0	1	1	0	0	2	1	1	2	0	0	2	1	1	2	2	2	1	0	3	3	3	0	3	2	1	0	0	0	1	3	1	1	0	0	0	1	0	2	2	1	1	1	1	0	1	0	2	8	3	14	20	11	3	4	3	3	6	1	4	6	7	4	5	1	2	9	18	10	11	12	39	51	0	28	10	2	4	4	0	1	0	0	3	1	1	1	2	0	1	0	2	1	2	0	0	3	2	2	5	3	3	8	5	2	2	1	1	1	0	2	1	2	2	1	0	0	0	0	0	1	3	0	1	2	2	0	0	1	2	12	55	16	8	3	5	2	3	2	1	2	1	0	1	2	2	1	2	1	2	3	0	0	0	1	2	0	1	2	1	1	3	2	1	2	0	1	0	0	1	1	0	2	1	1	0	0	0	1	1	0	0	2	2	0	2	0	0	0	0	0	0	1	0	1	0	2	0	1	0	2	0	2	0	2	1	1	1	2	0	1	1	2	4	3	1	2	0	0	1	0	0	0	1	2	2	1	1	2	6	0	2	4	2	0	1	0	1	0	0	2	0	0	1	0	0	0	0	0	2	0	0	0	1	0	0	0	0	0	0	0	1	0	1	1	0	1	0	0	1	2	1	1	0	0	1	1	0	0	0	0	0	0	0	0	0	1	1	1	0	2	0	0	1	1	0	1	1	0	1	0	0	0	0	0	1	0	1	1	1	0	1	1	0	0	0	1	2	1	1	1	0	1	0	0	0	0	1	3	1	2	4	3	6	3	3	3	1	1	3	1	1	0	1	1	1	1	1	2	0	0	0	0	1	0	0	0	0	1	2	0	1	0	0	0	0	1	1	1	0	0	1	1	1	2	0	0	0	1	0	1	0	1	2	2	0	1	2	1	2	0	2	2	0	2	3	2	3	2	4	1	2	0	0
0	0	0	0	0	0	0	0	2	1	0	0	0	0	0	0	0	0	0	1	0	0	3	0	0	0	0	0	2	1	0	0	0	0	0	0	0	0	1	1	0	0	1	3	0	0	2	0	0	1	1	2	0	0	0	0	1	1	0	0	0	0	0	0	0	1	0	0	2	0	2	1	1	0	1	1	2	0	2	0	0	0	0	0	1	2	0	1	0	1	0	1	1	0	0	1	0	2	2	0	0	3	1	2	4	5	2	4	5	4	1	3	1	2	1	2	1	1	2	0	2	0	1	0	1	0	1	1	1	1	2	1	4	7	6	23	11	9	7	2	1	2	1	5	1	2	3	1	2	4	2	4	3	2	4	4	10	10	28	0	34	8	17	9	1	2	1	1	2	0	3	2	0	1	0	2	0	0	2	1	1	5	5	4	2	5	1	17	14	4	3	2	2	2	2	2	1	4	1	0	0	1	0	3	0	1	3	2	2	2	3	0	1	2	5	18	20	10	2	2	3	0	0	0	0	1	1	0	3	1	3	1	1	1	0	3	1	1	0	1	1	1	1	1	2	0	0	1	5	1	1	2	2	0	1	2	1	2	0	0	0	0	0	2	0	0	1	0	0	1	1	1	0	0	1	0	1	0	1	0	0	1	1	1	0	1	2	2	0	2	4	4	1	2	2	1	1	3	9	4	4	3	2	0	1	4	0	1	3	3	1	5	1	1	1	0	0	1	1	1	1	3	0	0	0	1	0	0	2	0	0	0	1	1	0	0	0	0	0	0	0	0	0	1	1	1	0	0	2	0	0	0	0	0	1	1	0	0	0	0	1	1	0	0	2	0	0	0	1	2	0	0	0	0	0	0	2	0	0	0	2	2	1	2	2	1	0	1	0	1	0	0	2	0	2	0	1	0	0	2	1	0	0	2	0	0	0	0	1	0	3	0	1	1	3	0	1	5	7	9	5	0	1	1	2	3	3	1	0	1	1	1	1	0	1	0	2	1	0	0	1	0	1	0	0	0	0	0	0	0	2	1	1	1	1	5	2	2	1	0	1	0	2	2	1	2	0	0	3	0	2	2	0	1	3	2	2	1	3	11	4	1	1	0	0	0	0	2	2
0	0	0	0	0	0	0	0	0	0	0	0	0	0	0	0	0	0	0	0	0	1	0	1	0	1	1	0	1	0	0	0	0	0	0	0	1	1	0	0	0	0	1	0	0	0	2	4	1	1	1	0	0	0	1	0	0	0	1	0	1	1	0	0	1	0	0	1	1	0	1	0	1	0	1	1	0	0	1	0	0	0	0	0	0	1	0	0	0	1	0	1	0	2	0	1	0	0	1	2	0	2	3	5	9	7	4	5	4	7	1	4	0	2	3	0	1	1	1	1	1	0	1	1	0	1	0	2	0	0	4	6	5	10	7	15	7	2	3	3	1	3	1	0	1	1	1	0	3	3	1	1	4	2	1	1	3	4	10	34	0	36	13	4	7	5	5	1	3	0	0	2	3	3	1	2	2	1	0	0	7	6	4	5	2	2	2	9	5	7	0	1	0	2	0	0	7	7	5	3	4	1	1	3	1	3	1	0	3	2	0	2	2	0	3	8	10	2	3	0	0	0	0	0	0	0	0	0	1	0	0	2	0	1	3	4	0	0	1	1	2	1	1	0	1	1	1	0	2	1	0	0	2	1	0	2	1	1	1	2	0	1	2	1	1	0	1	1	3	4	2	3	3	1	0	0	0	2	3	2	0	2	4	2	3	2	2	1	1	2	7	1	3	5	1	1	6	4	11	5	3	2	0	0	1	3	5	2	1	3	2	0	3	2	5	6	1	5	1	4	1	0	1	0	0	2	0	0	1	0	0	1	0	0	0	1	0	0	1	1	0	2	1	1	1	2	5	0	2	0	0	0	2	2	3	0	0	0	0	0	1	0	1	0	0	1	3	0	1	1	3	3	1	1	1	1	1	0	0	0	1	0	0	1	1	2	3	1	3	1	0	1	0	0	1	1	2	1	2	0	1	1	1	0	3	0	0	1	1	0	1	0	1	3	3	0	3	2	3	4	0	0	0	1	6	2	0	1	0	1	0	1	0	0	1	0	0	1	0	1	0	1	0	0	1	1	0	0	0	0	0	1	0	0	0	1	0	0	0	0	2	0	0	0	0	0	3	1	0	4	0	1	0	3	2	1	1	3	1	1	3	4	0	2	2	1	0	0	1
0	0	0	0	0	0	0	0	0	0	0	0	0	0	0	0	0	0	0	0	0	1	2	1	0	0	0	1	2	1	0	0	0	0	0	0	1	0	0	0	3	0	0	1	1	1	1	0	1	0	3	1	2	0	1	0	0	0	0	1	0	0	0	0	1	0	1	0	0	0	0	0	1	0	2	1	0	0	0	2	0	1	0	1	1	0	1	0	1	1	0	1	1	2	2	2	1	0	1	1	2	4	2	7	14	15	6	8	2	4	3	3	1	3	0	2	2	6	1	3	1	0	2	2	3	1	3	2	1	2	3	4	9	26	13	6	4	2	1	1	2	2	1	1	2	1	0	0	1	0	1	1	2	3	1	3	6	4	2	8	36	0	76	24	8	19	6	7	2	2	5	2	5	3	1	3	5	3	2	8	9	6	1	1	4	0	5	4	9	5	3	0	0	3	5	4	7	2	4	3	3	3	3	4	5	0	1	1	1	1	1	1	1	2	6	4	3	1	0	0	1	0	0	0	0	0	1	0	1	1	0	1	2	5	1	2	3	1	0	0	0	1	1	3	1	0	3	1	4	7	0	2	7	2	2	3	3	3	1	3	1	0	1	2	1	3	3	2	2	2	2	0	3	3	1	1	1	1	1	4	3	5	2	2	2	1	4	5	6	6	4	1	1	8	1	4	8	9	13	7	9	2	4	0	0	0	0	1	1	1	3	4	4	3	5	5	8	6	2	3	0	0	1	1	2	2	0	0	1	1	1	0	1	0	0	1	0	2	0	0	2	0	0	0	1	2	1	1	1	1	1	1	1	1	0	2	0	0	3	2	2	0	0	0	3	0	1	0	1	1	0	0	1	0	0	1	0	0	2	0	2	1	1	1	1	1	0	2	1	0	1	1	1	1	0	1	0	2	1	0	0	2	1	2	2	2	0	1	2	1	0	0	0	1	1	1	2	4	5	2	2	3	4	3	1	1	0	0	1	0	1	0	0	1	0	1	0	0	0	0	0	1	1	1	1	1	0	0	1	0	0	1	1	0	1	0	1	0	0	0	0	2	0	2	1	4	2	1	1	4	2	1	2	3	0	3	3	2	3	2	3	3	1	0	0	0	0	0	1
0	0	0	0	0	0	0	0	1	0	0	0	0	0	0	0	1	0	0	0	1	0	0	2	2	1	1	1	0	3	0	1	1	1	0	0	0	1	0	0	1	0	0	1	0	5	0	2	1	3	3	2	1	0	0	3	0	0	0	0	0	0	0	0	0	1	0	1	0	0	0	1	0	0	1	1	0	0	1	1	1	0	0	0	1	1	1	1	0	1	1	2	2	0	1	0	0	1	1	0	3	1	5	9	4	6	11	4	3	5	4	0	1	1	0	1	1	7	3	0	1	1	1	1	2	0	0	0	1	1	4	16	8	42	27	4	2	0	3	0	1	3	0	0	2	0	1	1	1	1	2	1	1	2	3	2	3	2	4	17	13	76	0	58	10	25	9	6	7	6	5	6	3	8	3	3	2	1	3	6	8	5	6	3	0	2	2	3	8	3	4	3	1	1	1	3	2	2	4	7	2	0	2	4	4	5	2	0	2	1	6	2	2	2	6	6	4	0	0	2	2	0	0	1	1	0	0	2	0	0	2	0	1	0	5	2	0	2	0	2	0	0	5	1	2	2	2	2	3	5	3	4	3	4	8	5	2	0	1	2	2	1	1	2	2	2	1	2	3	0	3	2	5	1	1	1	0	3	2	3	1	1	2	1	2	5	4	2	3	2	2	1	1	1	3	1	5	9	12	8	11	5	4	3	2	1	1	0	3	4	4	0	2	2	2	9	7	6	7	1	4	2	3	3	0	1	2	0	0	2	1	1	0	2	0	1	1	1	2	2	0	0	1	0	2	2	5	0	1	1	5	2	1	2	0	0	1	2	1	0	1	1	1	1	1	1	1	1	1	0	1	3	0	2	1	2	0	0	3	0	2	1	1	3	2	0	5	2	1	2	0	0	2	0	1	0	0	0	2	1	1	0	1	1	1	0	1	1	1	0	0	2	0	3	0	1	7	2	2	2	4	0	2	2	1	0	3	1	0	0	1	0	1	0	1	0	0	0	0	1	0	2	2	1	0	2	1	0	1	1	0	0	2	0	1	0	1	0	0	0	0	1	2	0	0	1	3	0	1	3	0	1	2	1	2	3	2	2	1	1	1	2	1	3	1	1	2	1	0
0	0	0	0	0	0	0	0	0	1	0	0	0	0	0	2	2	2	2	0	1	0	0	2	2	1	0	0	0	1	0	0	0	0	0	0	0	0	0	1	0	3	1	1	0	1	1	2	2	1	0	3	0	3	0	0	1	1	1	0	0	1	1	0	0	0	0	0	1	1	0	1	1	2	0	0	1	1	1	1	0	2	2	1	0	2	1	1	0	3	0	0	3	0	2	0	2	3	0	1	3	1	2	7	2	3	4	6	2	1	0	0	0	0	2	1	1	11	4	1	1	2	0	2	1	2	0	2	4	4	6	13	4	14	9	6	7	0	2	2	1	0	0	1	0	1	0	0	0	0	0	1	1	1	0	1	1	1	4	9	4	24	58	0	34	30	19	16	7	1	4	2	8	3	1	5	5	6	2	6	3	3	2	0	1	2	2	1	3	3	2	1	1	2	5	2	5	12	6	1	2	3	2	2	0	1	1	2	1	6	5	1	4	0	4	1	3	0	2	0	0	0	0	0	2	0	1	0	0	0	3	0	2	0	2	4	2	2	2	0	2	2	2	2	3	2	1	1	3	7	2	4	7	3	14	10	3	1	3	1	1	0	2	2	1	7	9	4	2	2	4	2	7	4	0	1	4	0	2	4	2	1	3	2	7	4	2	6	6	4	4	2	0	3	0	3	2	5	8	17	12	5	2	1	1	1	2	1	5	3	2	5	1	1	0	8	11	12	9	2	7	6	1	0	1	2	1	0	0	1	0	0	1	0	1	0	1	0	1	0	1	1	1	2	2	3	5	2	3	1	2	2	0	1	1	1	0	1	0	0	1	0	0	2	1	0	1	3	1	6	1	1	1	4	2	0	3	0	0	0	0	2	2	3	1	4	0	0	0	1	0	0	2	0	1	0	2	1	0	1	1	1	1	2	3	0	0	1	0	0	0	2	0	1	2	0	2	4	4	5	0	2	1	0	1	1	2	0	0	0	0	1	0	0	1	0	0	0	0	1	1	0	1	0	0	0	0	0	0	1	0	1	0	1	0	0	1	0	0	1	0	1	0	0	0	0	0	0	0	0	1	2	1	1	2	0	0	1	1	7	0	0	3	2	1	1	1	0	1
0	0	0	0	0	0	0	1	0	0	0	1	0	0	0	0	0	0	1	1	0	0	1	1	1	1	1	1	2	0	1	0	0	0	0	0	0	1	1	0	1	1	3	3	2	0	1	1	1	2	3	8	1	1	0	1	0	0	0	0	1	0	1	1	0	1	0	1	1	0	0	1	1	1	1	2	0	1	1	0	0	1	1	1	0	1	0	0	0	1	0	1	1	0	1	0	1	4	1	0	5	4	2	4	4	4	6	12	3	3	2	3	4	1	3	1	4	20	7	1	5	1	0	1	1	0	1	1	2	2	9	17	14	12	8	3	0	2	1	0	2	1	0	1	1	2	1	1	0	1	2	2	2	0	0	1	1	0	0	1	7	8	10	34	0	81	60	44	55	5	5	20	23	11	4	3	8	2	2	7	11	2	3	1	0	1	1	1	2	3	1	2	2	7	4	0	3	7	6	3	3	2	2	3	3	2	1	2	3	11	8	3	1	5	6	0	2	0	0	1	0	0	0	0	2	2	0	0	0	0	1	1	0	0	3	2	2	2	0	0	1	0	1	1	2	1	2	3	3	4	2	3	4	6	6	13	6	4	5	8	2	4	2	5	4	2	10	4	2	1	11	3	10	6	1	5	2	5	5	5	3	2	1	1	4	2	3	4	2	2	2	2	2	0	1	1	4	8	3	3	8	0	3	0	1	1	0	2	5	3	4	0	0	3	1	5	8	4	2	0	6	2	3	2	1	5	1	2	3	4	1	1	1	0	0	1	0	0	0	0	1	2	0	1	2	2	4	3	3	4	1	0	0	0	3	0	2	0	1	1	1	0	0	2	0	0	3	0	2	1	2	1	3	0	2	1	3	1	1	1	0	1	1	2	1	2	0	2	0	2	2	0	0	1	1	0	0	0	0	3	0	1	2	0	0	1	1	2	1	0	0	0	0	1	3	1	3	0	2	2	2	1	2	3	0	1	1	1	2	0	0	0	0	0	0	1	0	0	0	2	0	0	0	1	1	1	1	0	0	1	1	0	2	1	0	0	1	0	0	0	0	0	1	0	1	1	1	0	3	0	1	2	1	1	2	0	0	2	1	1	3	1	0	2	0	1	0	0	0
0	0	0	0	0	0	0	0	0	0	0	1	0	0	1	1	0	0	4	0	3	0	0	1	1	2	0	1	2	0	1	2	0	1	0	0	0	0	0	0	0	1	0	3	0	0	2	0	2	1	2	2	2	1	0	1	2	0	1	1	1	0	1	0	1	0	1	0	1	0	0	0	1	0	0	1	1	0	1	0	0	1	0	0	1	1	0	2	1	0	0	1	1	0	0	0	3	0	2	0	3	2	10	7	9	9	23	13	7	8	0	5	3	1	3	1	8	16	2	0	0	3	2	2	3	2	1	4	2	3	8	11	10	13	6	3	0	0	0	0	0	2	0	0	0	1	0	0	3	0	2	4	0	2	2	4	1	1	1	2	5	19	25	30	81	0	94	20	29	4	4	10	18	7	9	8	6	4	5	19	15	4	3	3	0	2	1	2	1	5	1	1	0	2	0	1	3	5	2	4	1	2	3	4	1	0	3	5	1	2	4	1	2	4	4	1	2	0	0	2	2	1	0	2	0	1	0	0	0	1	0	0	0	1	2	2	1	1	1	0	0	2	0	2	3	0	2	4	4	3	1	0	3	7	5	8	5	3	6	5	5	1	9	6	5	2	12	6	1	6	2	4	7	3	1	0	1	2	7	7	2	2	2	0	6	2	7	5	5	2	1	4	0	0	3	4	6	7	4	4	8	1	0	2	1	1	1	2	1	1	1	1	0	0	4	3	4	5	0	2	5	4	1	0	0	0	2	1	0	0	3	0	1	1	1	1	1	2	1	1	2	1	2	0	0	3	0	3	3	2	0	0	2	1	1	0	4	1	1	1	2	0	0	1	1	1	0	0	0	1	1	2	2	2	2	2	2	0	2	0	1	2	0	0	1	0	3	1	2	3	1	0	0	0	1	0	0	0	0	2	2	0	0	0	1	0	0	0	1	1	0	0	3	0	1	0	1	0	1	0	1	3	1	1	2	2	3	1	0	0	0	0	1	1	0	1	2	0	1	1	2	0	1	0	0	1	0	0	0	0	0	2	0	0	0	1	1	1	1	1	0	0	0	1	0	1	1	0	0	0	0	1	1	0	0	1	0	1	2	5	1	2	2	0	1	0	2	1	0
0	0	0	0	0	0	0	0	0	1	0	0	0	0	1	0	2	0	1	0	1	0	1	0	2	0	0	3	1	0	0	0	0	0	0	2	2	1	1	0	0	0	0	1	2	0	1	0	0	3	2	1	1	0	0	0	0	0	1	0	0	1	0	0	1	1	2	0	0	1	0	0	2	0	1	1	1	0	0	2	1	0	0	2	2	1	1	0	1	0	0	0	0	0	2	1	1	1	2	3	3	1	2	5	2	4	18	6	3	3	3	2	2	0	2	5	8	11	7	0	2	2	1	0	1	0	1	2	1	6	4	17	4	6	2	1	0	4	0	1	0	1	2	0	0	0	0	1	1	0	0	2	2	1	1	0	1	1	0	1	5	6	9	19	60	94	0	77	92	8	4	10	22	12	7	10	15	14	6	12	11	7	0	1	1	3	1	2	1	0	0	4	1	3	3	0	3	9	5	5	7	3	4	4	3	2	0	2	5	2	3	0	3	5	4	2	2	0	0	2	1	1	0	0	0	0	0	0	0	1	1	0	1	3	3	2	0	1	1	0	0	0	2	1	1	1	4	3	1	4	2	0	6	2	9	9	10	7	1	1	4	3	9	2	8	5	14	2	4	5	6	5	15	6	0	1	2	3	5	7	3	5	1	5	9	4	2	7	5	4	3	2	1	1	0	1	2	2	4	5	4	5	2	0	0	2	0	1	1	0	0	1	2	2	2	4	6	12	3	7	3	6	3	2	0	8	1	0	0	1	1	0	1	0	0	0	2	0	0	3	1	0	1	1	2	1	3	0	0	0	2	2	1	1	2	3	0	1	0	1	0	1	0	0	1	0	0	0	1	0	0	0	1	1	2	3	0	1	1	2	1	3	2	2	2	1	4	3	0	1	0	0	2	0	0	0	1	0	1	0	2	1	0	0	1	1	0	0	1	1	1	0	0	0	0	0	2	1	0	2	1	1	0	0	0	0	2	1	0	0	0	0	0	0	0	1	0	0	1	0	0	0	1	1	2	0	0	0	1	2	0	2	0	0	0	0	2	0	0	1	0	1	0	0	0	0	1	1	1	0	1	2	1	0	1	0	0	1	0	1	1	1	2	1	1	1	1	0	0
0	0	0	0	0	0	0	0	0	1	0	0	0	0	1	0	0	0	0	1	0	0	1	0	2	2	2	0	3	1	0	0	0	1	0	0	0	0	0	2	0	1	0	0	0	0	1	1	0	0	2	1	1	1	0	0	0	1	0	1	1	0	0	0	0	0	0	2	0	0	0	1	0	1	1	0	0	0	1	1	1	1	1	0	0	0	2	1	1	0	0	0	0	0	1	0	2	0	2	3	0	2	1	6	4	3	8	3	2	2	3	3	1	2	5	1	2	6	2	1	0	1	1	1	3	1	2	1	3	1	3	5	7	9	3	3	1	2	0	2	0	1	1	0	0	0	2	1	1	0	0	0	1	0	0	1	0	0	0	1	1	7	6	16	44	20	77	0	42	1	5	4	15	3	4	15	16	6	11	9	11	4	3	0	1	1	2	1	2	0	1	3	5	2	2	1	4	7	4	4	2	3	2	3	2	0	0	5	3	5	1	3	0	1	5	2	1	2	0	0	0	0	0	1	1	0	0	0	0	1	0	1	0	3	1	4	0	1	2	2	1	1	2	0	1	4	4	1	1	2	3	2	3	4	6	10	3	6	4	4	3	0	4	5	2	12	18	15	8	12	14	1	15	5	4	3	0	7	3	13	5	2	3	2	5	6	4	11	9	6	8	5	1	2	3	0	6	4	5	8	5	4	3	6	2	0	2	4	2	1	2	2	0	1	6	7	9	14	11	1	8	5	5	2	0	4	0	1	1	0	1	1	0	0	0	0	0	1	1	1	3	0	0	2	3	3	1	2	2	2	3	0	2	0	2	1	2	1	0	0	0	1	1	0	1	0	1	0	1	1	0	2	1	0	0	1	2	2	0	1	0	3	3	2	1	0	0	0	1	1	0	0	0	0	1	1	2	1	0	0	3	0	2	1	1	1	0	4	1	1	0	0	0	1	1	1	1	2	3	2	3	0	2	2	4	2	0	1	1	0	1	1	1	1	0	2	0	0	2	1	0	0	0	1	2	0	0	0	0	0	0	0	0	0	1	0	1	1	1	0	0	0	0	1	2	0	0	0	0	2	0	0	1	2	2	2	0	1	1	0	1	0	1	1	0	3	1	0	1
0	0	0	0	0	0	0	0	1	0	0	0	0	0	0	0	0	0	1	0	1	0	0	3	2	0	0	0	1	2	1	1	0	0	0	1	0	0	0	2	0	0	0	1	2	3	2	0	0	0	1	3	3	0	0	1	0	0	0	0	0	0	0	0	0	0	0	0	1	0	0	0	1	0	1	0	3	0	0	1	1	0	3	0	1	3	0	0	0	0	1	0	0	0	1	0	1	0	1	4	4	1	1	7	4	1	8	4	1	1	1	2	1	0	3	2	0	9	6	1	0	2	1	1	3	1	0	5	3	6	5	6	6	7	6	7	2	1	1	0	1	1	1	0	0	0	0	0	1	0	0	1	0	0	0	0	0	2	3	2	3	2	7	7	55	29	92	42	0	3	4	18	50	9	8	7	16	9	6	11	7	2	1	1	0	1	2	3	2	4	2	3	1	5	1	2	3	2	4	5	2	2	1	2	2	2	1	4	2	1	6	3	0	3	5	2	1	1	1	1	0	1	1	0	2	0	0	0	0	1	0	0	1	0	2	2	2	0	1	0	1	0	1	0	0	3	2	2	2	5	3	2	5	6	7	12	12	8	4	5	4	5	5	8	9	12	38	14	6	9	1	1	9	4	3	2	2	3	5	5	2	2	1	3	4	4	1	5	3	4	2	3	1	1	2	5	4	4	4	4	4	4	1	1	0	1	1	1	0	1	2	0	2	2	1	4	6	5	3	2	5	8	6	1	3	3	2	3	1	0	0	2	0	0	0	2	1	0	0	1	0	0	2	1	4	11	8	3	4	3	0	1	0	1	0	2	0	1	0	0	0	0	1	1	2	1	0	0	1	1	1	0	1	0	1	1	2	0	1	2	1	0	0	1	3	3	1	0	0	2	0	0	1	2	2	2	1	0	1	0	0	0	1	2	1	2	0	0	3	2	1	0	0	0	2	1	2	2	2	0	0	1	0	1	0	0	3	0	1	0	0	1	1	0	0	1	2	1	1	0	0	0	0	0	0	0	2	0	0	0	1	0	1	0	1	0	0	0	0	0	0	1	0	2	1	1	0	0	1	0	0	0	1	1	0	1	0	0	0	2	0	0	0	1	0	2	0	0	1
0	0	0	0	0	0	0	0	0	0	0	0	0	1	0	0	0	1	1	4	4	1	1	1	1	1	1	4	3	1	1	0	0	0	0	0	0	0	2	3	0	0	2	1	2	2	2	5	5	4	2	7	0	0	0	0	2	0	1	0	0	1	1	1	0	0	1	1	1	1	0	1	0	0	2	3	1	1	0	3	2	2	4	1	2	0	0	1	0	0	0	1	0	2	1	2	2	1	3	7	12	3	5	5	5	5	7	4	4	4	10	5	3	1	4	3	17	16	21	7	2	5	9	10	1	2	2	4	12	24	16	9	7	1	3	1	0	0	0	0	0	0	0	1	2	0	4	0	0	0	0	1	0	0	0	2	0	1	1	0	0	2	6	1	5	4	8	1	3	0	207	18	17	40	17	5	5	9	5	4	3	1	1	0	0	1	0	0	1	1	1	2	1	2	2	0	5	5	3	7	13	8	19	6	6	4	2	3	2	1	3	0	5	5	2	0	0	1	2	0	0	0	0	0	0	0	0	0	0	1	1	1	2	2	0	3	0	1	0	0	1	0	1	0	0	0	1	1	0	2	3	1	3	0	2	2	5	7	3	14	10	4	44	6	6	7	8	1	0	8	2	1	5	2	2	1	2	0	0	0	2	2	2	2	1	1	0	2	2	1	3	2	0	1	1	0	0	2	1	1	0	0	2	0	0	1	1	0	1	2	0	0	0	1	1	1	2	1	2	2	2	3	1	0	2	0	1	1	1	2	0	0	1	0	0	0	0	0	1	1	1	2	0	2	1	0	2	0	1	2	1	0	1	1	0	0	0	3	0	0	0	1	0	0	1	2	0	0	0	0	0	0	3	2	0	0	0	1	1	1	1	1	2	0	0	0	0	0	0	0	1	0	2	1	0	1	1	0	0	0	0	0	0	0	0	0	0	0	1	0	0	0	0	0	1	2	1	1	2	0	0	1	1	1	1	1	0	0	1	0	1	0	0	0	0	0	0	0	1	1	0	2	0	0	0	0	0	0	0	0	0	0	0	1	0	0	1	1	0	0	0	0	0	2	0	0	1	1	0	0	1	2	1	1	1	1	1	0	1	0	4	0	0	1	0	2	0	0	0
0	0	0	0	0	0	0	0	0	0	1	1	0	0	0	0	0	1	1	1	3	4	3	2	0	1	0	0	2	1	2	1	0	0	1	0	0	1	0	1	1	0	1	2	2	1	2	4	4	3	3	9	1	0	0	1	0	0	0	2	0	1	0	0	1	0	2	0	1	0	0	4	1	1	1	0	0	0	4	5	2	4	2	3	1	1	0	1	0	0	1	0	1	0	1	1	1	1	4	5	9	6	2	1	5	3	14	4	5	1	5	1	2	4	5	4	9	11	34	4	4	8	10	5	4	3	10	9	17	29	19	5	6	4	1	3	0	0	0	0	0	1	0	0	0	0	0	0	0	0	0	0	1	0	0	0	0	0	1	3	0	5	5	4	5	4	4	5	4	207	0	20	10	30	6	3	5	7	2	2	3	2	1	0	0	2	1	0	0	2	0	2	0	2	1	1	1	3	2	3	13	8	8	10	9	3	2	3	3	2	10	3	1	7	4	2	2	0	0	0	1	1	1	0	1	0	1	0	0	0	0	0	0	1	1	1	0	0	0	1	0	0	2	1	1	1	1	1	2	3	1	3	5	6	2	2	6	7	10	17	12	8	20	10	5	5	6	3	1	6	1	0	2	1	1	1	1	2	2	3	1	1	0	1	1	0	3	0	2	2	0	0	2	1	0	1	3	1	2	1	1	1	1	0	1	1	1	1	1	2	1	1	1	0	1	1	2	2	1	0	1	1	2	1	0	1	2	1	0	1	0	1	0	0	0	1	0	1	0	0	2	0	1	1	3	3	0	0	2	3	0	0	0	3	0	0	0	0	2	0	1	0	1	1	0	0	0	1	0	0	0	0	0	0	0	1	0	1	0	0	0	0	0	0	0	1	1	1	0	1	1	1	0	1	1	0	0	0	0	0	1	0	0	0	0	0	2	0	0	0	2	0	1	0	1	1	1	1	0	2	1	0	0	0	1	1	1	0	1	1	0	0	0	0	0	0	0	1	1	0	0	0	0	0	0	1	0	1	0	0	0	1	0	1	0	0	0	1	0	1	0	1	1	0	0	1	0	0	1	1	0	1	0	3	1	0	0	0	1	0	2	2	0	0	0	0	0	2	1
0	0	0	0	0	0	0	1	0	0	0	0	0	0	0	1	1	0	2	2	0	0	1	0	3	0	0	1	0	0	0	0	0	0	0	0	0	0	0	0	0	1	1	4	1	2	2	6	3	3	2	0	3	1	0	2	0	0	0	1	0	1	1	0	1	0	0	2	1	1	1	1	0	2	1	1	2	0	3	1	4	0	3	0	0	0	0	0	0	0	0	0	1	1	4	1	1	1	3	5	3	0	2	5	1	1	11	2	3	2	2	2	3	3	1	0	8	10	11	4	1	3	3	5	2	2	4	2	2	1	9	14	6	1	0	1	0	0	2	2	4	1	1	3	0	0	1	1	0	0	0	1	0	0	1	0	1	0	1	2	2	2	6	2	20	10	10	4	18	18	20	0	93	97	8	9	12	9	6	3	4	1	1	3	0	1	2	0	1	1	0	1	3	0	1	1	3	2	3	1	2	2	3	6	4	0	2	3	6	0	6	4	2	2	4	0	1	1	0	1	0	0	0	0	0	0	0	0	0	0	0	2	1	1	0	3	1	0	0	0	2	0	2	2	3	0	0	1	1	4	0	2	3	2	3	14	8	13	5	29	13	21	29	17	14	20	19	6	9	3	2	2	4	4	3	1	2	5	8	3	3	1	1	1	2	2	0	1	2	1	1	0	2	1	1	1	0	3	2	2	3	1	0	0	0	0	3	1	0	1	3	1	0	0	1	1	2	2	3	1	2	6	3	3	3	1	1	5	0	1	2	0	1	1	0	2	0	1	2	1	0	3	2	2	2	7	5	1	2	1	0	0	1	0	0	1	1	0	0	2	0	0	0	1	2	1	1	0	1	2	1	1	0	0	2	0	0	1	2	3	1	1	3	0	1	1	2	0	2	0	0	0	0	1	3	2	0	0	0	0	0	0	0	2	1	0	2	1	1	0	0	0	0	1	1	0	0	0	2	1	2	3	1	2	1	0	1	0	0	0	2	0	1	0	0	0	1	0	1	1	1	0	0	0	1	0	1	0	0	0	1	0	0	0	0	1	1	1	1	0	1	0	1	0	1	0	0	1	0	1	1	0	1	0	1	0	0	0	1	3	2	2	2	2	1	1	0	0	0
0	0	0	0	0	0	0	1	1	1	0	1	1	0	1	2	0	0	0	0	0	1	1	1	0	1	2	0	1	1	0	1	1	0	1	0	0	1	1	1	1	0	2	0	2	4	4	1	3	3	3	3	0	0	0	1	0	0	0	0	0	0	0	0	0	0	1	2	1	1	1	1	1	1	1	0	0	2	1	4	2	2	2	0	4	2	1	0	0	2	0	1	1	1	0	1	3	1	0	2	4	2	2	2	2	14	10	5	3	4	3	0	1	2	1	2	5	10	10	2	2	3	2	5	2	3	3	4	5	6	11	23	7	5	7	4	0	0	0	2	0	1	0	1	0	0	0	0	0	1	2	0	1	2	3	0	1	2	2	0	3	5	3	8	23	18	22	15	50	17	10	93	0	25	4	8	12	7	5	5	5	1	2	2	1	1	1	3	2	1	1	2	2	2	2	2	1	6	7	4	4	2	2	5	1	2	0	5	1	2	9	7	2	10	5	3	0	1	2	3	2	0	0	0	0	1	0	0	0	0	0	1	0	0	1	2	3	0	0	0	0	2	0	1	4	1	2	2	4	4	2	6	6	1	6	16	21	13	9	7	5	6	14	10	9	10	20	10	2	4	2	5	3	3	4	0	4	6	2	5	2	0	3	0	4	2	1	2	1	1	1	0	0	0	2	1	2	0	0	2	3	1	0	1	1	2	2	1	1	3	2	1	0	1	1	2	1	3	1	3	4	8	4	2	1	4	6	1	3	1	0	0	0	0	0	1	0	0	1	1	0	2	0	2	5	0	6	2	4	1	0	1	3	0	2	2	2	2	0	2	0	1	0	0	2	0	1	2	2	0	3	2	1	2	1	1	1	1	2	3	2	4	1	0	1	2	0	0	1	1	0	0	0	2	1	0	1	1	0	0	0	1	1	0	1	0	2	0	1	0	0	2	1	0	0	2	0	3	1	2	1	0	0	3	2	2	2	0	1	0	0	0	0	0	0	0	0	0	3	0	0	0	0	0	0	0	0	0	0	1	0	2	0	0	1	1	0	1	0	0	0	0	0	0	0	1	0	0	0	1	4	1	2	0	0	3	1	0	0	0	0	1	1	0	1	0	0	0	1
0	0	0	0	0	0	0	2	1	0	0	1	0	0	1	1	0	1	0	2	4	2	1	0	1	2	1	0	0	2	0	0	2	0	1	0	0	1	2	1	2	1	1	0	4	0	1	0	2	4	3	1	2	0	2	1	0	0	0	0	0	0	0	0	0	0	0	0	1	0	1	2	3	3	2	0	0	0	0	0	2	1	3	3	2	1	0	2	1	0	2	0	1	1	0	2	0	2	4	3	4	2	3	6	3	8	13	3	4	4	0	3	1	5	1	2	10	20	11	3	1	2	6	2	1	2	2	5	5	7	11	3	8	2	1	3	0	0	1	0	0	0	0	0	2	0	0	1	0	1	0	0	0	0	1	0	0	0	0	1	3	3	8	3	11	7	12	3	9	40	30	97	25	0	26	10	20	15	1	2	3	6	2	0	0	0	0	1	3	1	1	2	2	5	1	2	1	2	6	7	8	4	3	6	4	1	2	1	1	2	6	4	1	2	1	1	2	0	2	1	1	0	0	0	0	0	0	0	0	0	0	0	0	1	0	2	0	0	0	1	0	1	2	0	0	1	1	1	4	1	1	2	3	2	0	4	9	6	4	9	16	15	102	17	15	9	10	5	6	5	2	3	8	1	0	1	3	5	1	6	1	1	0	3	3	2	1	3	2	2	1	2	1	1	1	1	0	3	2	4	4	1	0	1	0	1	0	1	1	0	0	1	0	0	1	2	2	3	1	1	5	3	1	0	0	6	2	0	4	2	2	0	0	0	0	1	0	1	0	1	0	0	2	2	5	5	1	1	2	0	2	0	1	2	0	0	3	1	1	0	1	1	0	0	0	0	0	0	1	1	1	0	2	0	1	3	0	1	0	2	2	0	2	0	2	4	0	0	3	4	0	1	0	0	1	0	0	0	0	0	1	0	0	1	0	0	0	2	0	0	0	2	3	1	0	2	1	0	0	1	2	0	1	0	0	1	0	2	1	0	0	0	0	0	0	1	0	1	0	2	1	1	1	0	0	1	0	0	1	0	0	0	1	0	0	0	0	2	0	0	1	1	0	0	0	0	0	0	0	0	0	0	0	2	0	1	0	0	0	1	0	0	1	0	0	1	0	0	0
0	0	0	0	0	0	0	0	1	0	1	0	0	0	0	1	0	0	3	2	2	0	2	0	0	2	0	1	0	1	0	0	0	0	0	0	1	0	0	1	0	0	1	2	0	1	3	2	0	0	3	1	2	0	3	0	0	0	0	1	0	0	0	0	0	0	0	0	1	3	1	0	1	2	0	1	3	1	1	0	0	0	3	1	1	1	0	0	1	0	0	0	1	0	0	2	0	2	2	2	2	1	1	11	1	3	7	4	3	3	4	5	9	8	4	6	25	9	2	2	0	1	3	2	1	1	0	4	2	3	8	2	0	2	0	1	0	1	0	0	0	3	2	1	1	1	1	2	0	0	1	1	0	2	0	0	2	0	1	0	1	1	3	1	4	9	7	4	8	17	6	8	4	26	0	30	25	44	14	16	0	5	3	2	1	0	0	2	0	1	0	2	2	3	5	1	8	3	6	15	8	3	2	4	1	0	1	1	2	1	3	0	1	0	3	2	0	0	1	0	1	0	0	1	0	1	0	0	1	0	0	0	0	1	0	2	0	0	0	2	0	0	0	2	1	0	4	1	0	0	0	4	2	0	2	2	0	2	1	3	3	8	43	16	2	6	2	2	6	10	0	1	5	3	1	0	1	2	3	1	2	3	1	0	7	0	1	4	3	5	1	4	1	3	2	0	0	0	3	2	0	0	0	0	0	0	1	0	1	1	0	1	1	1	2	4	2	2	2	3	0	1	0	0	3	6	2	0	3	0	1	1	0	0	0	1	0	1	0	0	1	1	1	2	2	0	1	3	2	0	1	0	1	0	0	1	0	0	0	0	0	2	1	0	0	2	1	1	1	2	2	0	0	2	1	1	2	3	1	5	0	0	1	1	0	2	2	0	1	1	3	1	0	0	0	1	0	2	0	0	0	1	0	0	0	0	1	0	0	0	2	1	2	0	0	1	0	0	2	0	2	1	2	0	2	1	1	0	0	1	0	0	0	0	0	0	0	0	0	1	0	0	0	1	0	0	1	0	0	0	0	0	1	0	0	0	0	0	1	0	0	1	0	0	0	0	1	0	0	3	0	0	1	1	2	0	2	0	1	0	0	1	0	0	1	0	0	0	2
0	0	0	0	0	0	0	1	1	0	0	2	0	0	0	1	1	0	4	0	1	0	3	0	0	0	0	0	1	1	0	0	0	0	0	0	0	0	0	0	0	0	1	2	1	0	1	1	2	1	1	3	0	0	1	0	0	0	2	0	0	0	0	0	0	1	1	0	0	3	0	0	1	1	0	0	1	1	3	0	0	0	1	0	0	1	0	1	1	0	0	0	2	1	2	2	0	2	1	3	2	6	3	6	1	8	3	3	2	1	4	11	8	1	1	1	14	7	4	1	1	1	2	3	4	1	1	5	2	8	3	3	0	5	1	0	0	0	1	1	1	0	1	0	1	0	0	0	1	0	0	1	0	0	3	1	0	0	0	2	2	3	3	5	3	8	10	15	7	5	3	9	8	10	30	0	102	57	42	28	9	7	3	3	0	1	1	2	0	3	0	4	4	7	2	2	12	4	6	7	4	0	2	2	0	1	0	1	1	3	2	1	2	1	2	2	2	2	1	0	0	0	0	1	0	1	0	0	0	0	1	1	0	0	1	1	0	0	0	1	2	1	0	0	0	1	0	0	1	1	1	0	1	3	4	5	1	1	3	0	5	5	9	9	1	4	9	5	2	7	6	4	6	4	3	2	2	2	7	4	2	1	4	5	7	3	4	9	7	5	2	3	2	2	2	2	3	0	3	2	1	1	0	0	2	0	0	1	1	1	1	1	1	1	4	4	3	5	1	3	1	1	2	2	2	2	2	1	3	0	1	0	0	0	0	0	0	0	1	2	2	0	0	2	1	1	2	1	1	0	2	3	0	0	1	0	2	1	1	0	0	0	0	0	0	1	1	0	0	1	0	1	0	0	0	3	1	0	2	2	1	1	0	1	1	1	1	0	1	0	1	1	0	0	1	1	0	0	1	1	1	0	0	0	1	0	1	0	0	0	0	0	0	0	1	0	0	1	1	0	1	0	0	0	2	0	2	1	2	0	0	0	0	0	0	0	0	3	1	0	0	0	0	0	0	0	1	0	0	0	0	0	0	1	0	0	0	0	0	1	0	0	0	0	1	0	0	0	0	0	1	0	0	1	1	0	1	0	1	1	0	0	0	1	1	0	0	1	0
0	0	0	0	0	0	0	0	0	0	0	0	0	0	0	0	1	0	1	3	2	1	0	0	1	0	1	0	1	0	0	0	0	1	0	0	0	1	0	0	0	0	0	0	1	3	3	2	3	2	1	2	0	0	1	1	0	0	1	1	1	1	1	0	0	0	0	2	2	1	1	0	0	0	0	0	1	1	2	0	0	6	0	0	1	1	1	1	1	0	1	1	1	1	0	1	2	0	1	1	2	4	3	5	1	3	6	3	1	2	2	3	1	5	4	5	8	6	5	1	0	1	5	1	1	0	0	1	5	5	6	4	1	3	2	2	1	2	0	0	0	0	0	2	1	2	1	0	0	2	1	2	0	0	3	1	0	1	2	0	2	5	2	5	8	6	15	16	16	5	5	12	12	20	25	102	0	120	17	15	10	5	1	4	0	1	0	0	3	0	1	4	1	1	1	5	6	4	4	4	5	1	3	3	3	1	0	3	0	2	2	2	2	1	2	0	1	2	0	2	1	0	0	0	0	0	0	1	0	1	0	1	1	1	0	0	2	0	0	1	1	2	0	0	0	1	1	2	2	1	1	1	1	0	3	5	1	5	2	6	3	3	19	13	7	9	10	11	3	9	7	3	10	11	5	3	2	3	4	5	7	2	6	5	2	4	5	1	0	8	2	4	0	3	3	0	0	5	1	3	6	0	0	0	0	0	1	2	1	0	0	1	1	3	3	3	2	5	4	1	3	0	1	1	2	4	3	2	2	1	1	0	0	0	1	1	2	1	1	0	0	1	2	2	2	3	5	1	2	2	1	2	1	0	2	1	0	1	0	0	0	1	1	0	1	0	0	1	3	2	3	0	2	1	1	1	0	0	0	0	0	1	0	1	1	4	1	1	0	0	1	1	0	0	0	0	1	1	0	0	1	0	1	0	0	0	0	1	1	0	1	0	0	0	1	1	2	2	3	1	2	0	0	1	3	1	1	0	0	0	0	0	1	0	0	0	0	1	1	2	0	0	0	1	1	0	0	0	0	0	0	1	0	2	1	0	0	2	1	1	0	0	1	0	0	1	0	0	1	1	1	4	1	0	1	0	1	0	0	1	1	1	1	0	0	3	2	0	1
0	0	0	0	0	0	0	0	0	0	1	1	0	0	2	1	1	1	1	3	1	1	0	2	2	0	0	0	3	1	0	1	1	0	0	1	0	1	2	1	2	1	1	0	1	0	2	4	0	3	0	1	0	0	0	0	0	0	1	1	2	1	0	0	0	1	0	1	3	0	1	0	0	1	0	0	0	0	1	0	1	0	2	2	0	1	0	1	0	0	0	0	0	0	1	0	0	2	0	2	1	2	2	3	2	3	3	2	0	0	3	6	4	1	4	2	10	6	1	4	1	0	5	0	2	0	3	0	4	3	3	1	3	4	0	1	1	1	0	0	0	0	1	0	1	0	0	0	1	0	1	1	0	0	0	0	1	0	1	0	1	3	1	6	2	4	14	6	9	9	7	9	7	15	44	57	120	0	16	6	9	1	2	0	3	0	1	0	1	2	1	2	2	5	6	3	0	3	4	8	4	1	3	2	3	2	1	1	0	0	1	0	0	1	1	1	0	2	0	0	1	1	0	0	0	0	0	0	0	0	0	1	1	0	0	0	0	1	1	2	0	2	0	0	0	1	2	0	3	1	2	1	1	1	3	6	2	6	2	3	2	5	15	20	10	9	0	6	10	9	5	2	10	10	0	2	1	4	4	3	0	0	4	5	3	5	4	1	4	3	2	4	2	2	1	1	1	3	4	0	1	0	1	1	0	0	2	1	1	1	2	3	2	0	0	0	0	0	2	2	3	1	1	2	2	3	2	0	0	1	0	1	0	0	0	0	0	0	0	0	2	2	1	3	2	1	2	0	5	0	1	1	0	2	1	0	0	0	0	0	0	0	2	0	0	0	1	0	1	0	0	1	2	1	0	0	1	0	0	0	1	1	0	0	0	2	0	1	0	1	0	0	1	0	0	1	1	0	0	0	0	0	0	0	0	0	1	1	0	0	0	2	0	0	1	0	2	1	1	0	0	1	0	0	1	1	2	1	0	0	0	0	0	0	0	0	0	0	0	1	0	0	1	0	0	0	0	1	0	0	0	0	1	0	0	0	0	0	0	1	0	0	0	0	1	0	2	1	0	1	2	0	1	0	1	0	0	0	1	0	1	0	0	0	1	0	0	0	0
0	0	0	0	0	0	0	0	0	0	0	0	0	0	0	0	0	1	0	0	0	0	0	1	4	1	0	2	1	2	0	0	0	0	0	0	0	0	2	0	2	0	1	0	1	1	1	1	2	4	0	3	0	0	1	0	0	0	0	1	0	2	0	0	2	1	0	0	1	0	1	0	1	0	0	0	1	0	0	0	0	0	0	1	1	2	0	0	0	1	0	0	3	0	0	0	0	1	0	0	3	0	3	1	1	3	1	1	0	3	1	6	4	8	6	2	7	3	0	1	0	1	1	3	0	2	0	2	2	1	1	3	1	4	0	1	0	1	1	1	0	1	1	0	0	0	0	1	1	1	1	1	0	3	1	1	0	2	2	2	0	2	3	2	2	5	6	11	6	5	2	6	5	1	14	42	17	16	0	51	6	7	4	3	0	1	0	0	0	1	1	9	2	15	11	5	8	5	4	8	1	1	2	1	2	0	1	1	0	0	0	1	1	1	2	1	1	1	0	2	0	1	0	0	0	0	0	1	1	0	0	0	0	0	1	1	2	1	1	1	0	0	0	2	3	0	1	1	0	0	1	1	0	1	2	3	2	1	0	2	0	3	5	1	1	5	5	4	4	8	8	11	7	3	4	5	2	1	2	2	3	5	3	2	11	5	6	47	16	5	3	2	6	3	0	2	4	3	1	2	0	2	2	1	1	0	1	1	1	1	3	2	1	2	0	1	3	2	1	3	2	3	3	3	1	1	0	1	1	0	2	0	0	1	0	0	0	0	0	0	0	0	2	1	0	1	2	1	1	0	1	1	0	0	0	0	1	0	0	0	2	0	0	0	0	1	0	0	0	0	1	1	1	0	1	0	3	2	1	0	0	0	0	0	0	2	1	1	0	0	2	1	0	2	0	2	1	1	0	1	0	1	0	0	1	0	1	0	0	0	0	0	1	2	3	0	0	0	0	0	2	0	2	2	1	2	0	0	0	0	0	0	0	0	1	0	0	0	2	1	1	0	0	0	0	0	0	1	0	1	0	0	2	0	0	0	0	0	1	2	0	1	0	0	0	0	0	0	0	1	0	1	0	7	2	0	1	2	1	0	0	1	0	0	1	1	0	0	1
0	0	0	0	0	0	0	0	0	0	0	1	0	1	0	1	1	1	0	0	3	0	0	4	1	1	0	1	0	1	0	0	0	1	0	1	0	2	0	0	0	0	0	0	2	1	1	0	1	2	0	0	0	1	0	0	0	1	1	0	0	0	1	0	0	0	0	0	0	0	4	0	0	2	0	0	0	1	1	0	0	2	0	1	0	0	0	0	0	0	1	0	0	0	0	1	0	0	1	4	4	3	6	4	5	2	8	5	2	2	6	7	7	6	3	3	10	8	1	3	1	1	2	0	1	1	0	3	2	2	1	2	3	4	2	4	2	1	1	0	0	0	1	0	1	3	0	0	0	0	0	0	0	0	0	1	0	0	0	1	0	8	6	6	7	19	12	9	11	4	2	3	5	2	16	28	15	6	51	0	27	14	6	2	1	2	0	2	6	4	3	7	2	24	18	9	8	16	12	11	6	3	5	3	1	2	1	0	0	1	0	1	0	1	2	3	2	0	0	0	0	0	0	0	2	0	0	0	0	0	0	0	0	0	0	0	0	0	0	1	1	0	2	0	2	0	0	1	1	0	1	0	1	0	2	1	1	2	0	3	0	1	9	2	0	2	7	5	4	4	3	0	2	7	0	0	3	4	1	3	2	1	6	4	8	4	7	17	8	7	6	5	0	5	3	0	1	7	1	4	2	1	3	0	1	1	1	3	1	1	0	2	3	1	5	1	3	4	3	2	3	0	0	1	1	4	0	3	0	1	1	0	0	0	0	0	1	0	1	0	0	0	0	0	3	2	3	1	0	1	1	2	0	0	1	3	1	2	0	1	0	1	0	0	1	0	0	0	1	0	1	1	0	0	0	2	1	2	2	1	0	1	1	1	1	1	0	2	1	2	0	0	1	0	0	0	0	1	0	0	0	0	0	1	0	1	0	0	0	0	0	0	0	1	1	0	0	2	1	1	1	0	1	0	2	1	1	0	0	0	1	0	1	0	0	0	2	1	1	0	0	1	1	0	1	0	0	0	0	0	1	0	0	1	2	0	1	0	2	1	1	0	1	2	1	0	1	0	1	0	1	1	2	1	1	1	0	0	1	1	0	2	0	1	0	0	0	1	1
0	0	0	0	0	0	0	0	0	0	0	0	0	0	0	1	0	0	1	0	1	0	1	0	1	0	0	1	1	0	0	1	2	0	0	0	0	0	0	0	0	0	1	0	1	2	0	1	2	1	1	2	0	0	1	0	0	0	0	2	0	0	0	0	0	0	0	0	1	0	1	1	0	0	0	1	1	0	0	1	1	0	0	0	0	2	0	0	2	2	1	2	0	1	2	0	0	2	1	2	0	0	0	4	4	7	7	5	3	2	3	5	5	1	5	1	4	4	2	1	0	0	1	0	0	2	1	1	0	1	3	3	0	8	3	1	1	2	0	1	1	2	0	0	1	0	0	1	0	2	1	0	1	0	3	0	2	3	0	1	7	9	8	3	11	15	11	11	7	3	3	4	5	3	0	9	10	9	6	27	0	28	10	1	3	0	2	2	5	8	3	4	2	5	23	5	11	7	7	1	2	3	2	1	0	0	0	2	1	1	2	3	1	1	4	0	0	1	2	1	2	0	0	0	2	0	0	1	0	0	1	0	1	1	0	1	1	0	2	1	2	3	3	0	0	0	1	2	0	3	2	1	3	1	1	2	2	0	3	4	1	0	1	4	1	3	2	1	3	3	2	0	11	4	0	1	1	3	4	3	2	4	5	3	9	9	7	9	8	20	14	8	7	3	0	5	5	14	4	11	6	1	1	4	3	1	3	2	2	1	1	6	1	1	5	8	6	4	1	3	2	3	2	0	2	0	0	0	1	0	1	0	0	0	0	0	1	0	2	0	2	1	1	1	1	1	5	1	0	2	1	0	0	0	0	0	0	0	0	1	0	1	1	0	2	2	0	1	1	1	0	1	2	0	2	0	1	1	2	3	2	0	1	0	0	0	0	0	1	0	0	0	0	1	1	0	1	2	0	1	1	1	0	1	0	1	0	0	1	0	0	0	0	0	1	1	2	1	1	2	2	1	0	2	0	0	1	0	1	0	0	0	0	0	0	1	0	0	0	0	1	0	0	0	0	0	0	2	0	0	0	0	0	0	0	0	0	0	2	0	2	0	0	0	1	0	1	4	1	1	0	4	3	3	0	0	1	1	2	2	0	1	1	0	0	0	1	0	2
0	0	0	0	0	0	0	0	0	0	0	0	0	0	0	0	0	0	0	1	0	0	0	1	0	0	0	0	2	0	0	1	0	0	2	0	1	0	1	0	0	1	0	0	0	0	1	2	2	1	2	0	0	0	0	0	0	1	0	0	0	0	0	0	0	0	0	0	1	0	0	0	0	0	1	0	0	0	0	0	0	0	0	1	0	0	0	0	0	0	1	0	1	0	1	0	0	1	0	1	0	2	1	7	5	5	11	4	2	5	4	5	2	2	0	4	1	1	1	2	0	1	1	3	2	1	3	0	1	0	2	3	2	2	2	3	1	2	1	0	0	0	0	0	0	0	0	0	1	3	0	1	2	2	1	1	0	1	3	5	6	6	5	3	2	4	7	4	2	1	2	1	1	6	5	7	5	1	7	14	28	0	35	4	6	5	1	6	9	10	6	12	8	11	18	4	21	9	5	4	2	1	3	6	1	0	1	4	0	0	0	0	0	1	4	2	2	3	1	0	0	0	0	0	0	0	1	1	1	3	0	2	3	0	0	0	3	0	2	0	2	1	3	0	1	1	2	0	0	4	2	1	1	1	0	2	0	1	1	1	4	0	1	1	1	2	2	2	3	3	4	3	4	2	1	2	3	1	2	2	2	0	6	3	10	2	3	4	10	29	24	11	11	7	10	1	7	6	9	3	0	2	2	0	2	1	1	0	1	3	0	3	3	0	2	2	3	4	0	0	4	2	0	0	0	2	0	0	0	0	1	0	0	0	0	1	1	1	0	0	1	0	0	1	1	0	0	2	0	0	0	0	0	0	0	1	1	0	0	1	2	1	0	0	2	1	0	0	2	1	0	1	1	0	0	1	3	0	0	0	0	1	0	1	1	1	0	1	2	0	0	2	0	0	1	1	0	0	0	2	0	0	1	0	1	1	1	1	0	0	0	0	0	0	1	0	1	1	2	1	1	1	1	0	0	0	1	0	1	0	0	1	1	0	0	1	1	0	0	0	1	0	2	1	0	0	0	0	0	0	0	0	1	1	2	0	0	0	1	0	0	0	1	0	0	0	0	4	1	0	0	3	4	3	6	1	1	1	2	6	2	2	1	0	1	1	2	0	1
0	0	0	0	0	0	0	0	0	0	0	0	1	0	0	0	0	0	0	0	1	2	0	1	0	1	3	0	0	0	0	0	0	0	0	1	0	0	1	0	0	0	0	2	2	0	0	2	1	0	1	1	0	1	0	0	0	1	0	0	1	0	0	0	0	0	0	1	1	0	0	0	0	2	0	0	1	0	0	1	0	0	0	0	1	0	0	2	1	0	0	1	1	1	0	0	0	2	0	1	2	1	2	1	4	3	6	0	2	2	5	2	4	3	3	1	2	2	0	2	1	0	2	1	0	1	0	3	1	1	3	1	3	3	2	0	1	1	1	0	1	1	1	0	1	0	0	0	1	1	0	0	1	3	1	0	1	1	2	5	4	1	6	2	3	3	0	3	1	1	1	1	2	2	3	3	1	2	4	6	10	35	0	17	9	7	3	5	9	18	16	14	10	10	8	17	10	6	5	2	1	0	1	0	1	1	1	0	1	2	1	4	0	1	2	3	2	1	2	1	2	1	0	2	1	0	0	0	2	1	0	1	0	1	0	0	1	1	0	1	1	0	0	0	2	0	2	1	2	0	0	0	1	0	1	3	1	0	0	0	2	1	2	1	2	1	1	1	0	3	1	1	3	1	0	0	0	1	2	0	1	5	3	2	4	5	5	8	7	11	32	10	25	28	11	4	9	8	6	3	4	1	3	1	0	2	1	1	1	1	1	2	2	5	5	0	3	2	1	1	1	2	3	1	0	0	0	0	2	1	0	0	0	0	0	1	0	0	0	0	0	1	0	1	1	1	2	1	0	1	1	0	0	0	2	0	1	0	1	0	0	0	0	1	0	1	2	0	0	0	0	0	0	0	0	0	0	5	2	0	1	0	1	1	1	0	1	2	0	0	0	0	0	0	1	0	0	0	0	1	1	0	2	0	2	0	1	0	0	1	0	2	1	0	1	0	0	0	3	2	0	0	2	0	1	1	2	0	0	0	0	0	0	1	0	1	0	0	0	0	1	0	1	0	0	1	0	1	0	1	0	2	2	1	0	0	0	1	1	0	1	0	0	1	1	1	1	2	0	3	1	1	4	0	0	2	1	1	0	1	2	1	1	0	0	2	0	0	0
0	0	0	0	0	0	0	0	0	0	0	1	0	0	0	0	0	0	0	3	0	3	0	1	0	0	0	0	1	0	1	0	0	0	0	0	0	0	1	0	1	0	1	2	1	0	1	2	0	2	2	0	0	2	3	1	0	0	0	0	0	1	0	0	0	0	0	0	0	2	0	0	0	0	1	0	0	0	0	0	0	0	0	0	0	0	0	0	0	1	2	0	0	1	0	0	0	0	1	2	1	4	2	2	4	5	5	2	2	3	3	0	0	2	1	3	0	1	1	1	0	0	0	1	0	0	1	1	3	1	1	2	1	3	2	2	2	4	1	0	0	1	1	1	0	1	1	0	1	1	3	0	3	3	2	2	3	1	2	4	5	1	3	0	1	3	1	0	1	0	0	3	2	0	2	3	4	0	3	2	1	4	17	0	45	77	10	6	16	19	13	5	4	2	4	0	8	2	4	1	1	2	1	1	0	0	3	1	0	1	1	2	1	1	1	1	4	1	1	1	1	1	0	0	0	1	0	0	0	0	0	2	2	1	3	3	0	2	1	0	2	0	0	3	0	0	1	0	1	0	1	1	0	2	0	2	0	1	2	1	0	0	0	0	0	2	1	1	0	0	0	0	1	2	0	0	0	2	0	1	2	3	1	2	2	0	1	2	5	2	4	3	8	11	6	2	7	5	2	4	0	0	0	2	1	0	0	0	1	1	1	1	3	2	1	3	3	3	1	2	1	1	0	1	0	1	1	0	0	0	1	0	0	0	1	1	0	1	0	0	0	1	0	1	2	1	1	1	0	0	0	0	0	0	0	2	0	0	0	0	0	0	0	1	1	0	0	0	0	1	0	0	2	1	0	1	1	0	1	1	1	0	1	0	0	1	0	0	0	0	0	0	1	1	0	0	0	0	0	1	0	0	0	1	0	0	1	0	0	2	0	1	0	0	1	0	1	1	1	1	0	0	1	0	0	3	0	0	0	0	1	0	0	0	1	0	0	0	0	0	0	0	2	0	0	0	0	2	0	0	1	0	0	2	0	0	0	0	0	0	0	0	1	2	0	0	0	0	1	1	4	3	5	1	2	0	2	2	1	1	1	0	1	1	0	1	0	1	1
0	0	0	0	0	0	0	0	0	0	0	0	0	0	0	0	0	0	0	1	0	1	0	0	0	0	0	1	0	0	1	0	0	1	0	0	0	0	0	0	1	0	0	1	0	0	0	0	1	0	0	1	0	1	0	0	1	0	0	0	0	1	0	1	0	0	0	1	1	0	0	1	0	0	0	0	1	0	0	1	1	0	1	1	0	1	1	0	0	1	0	4	0	0	0	0	0	0	1	0	1	0	0	0	3	0	2	0	0	1	3	5	1	1	1	0	0	0	1	1	0	0	1	1	0	2	0	1	1	0	1	1	3	2	0	1	3	2	1	0	2	0	0	3	1	0	1	1	1	0	1	0	2	2	1	2	1	1	5	2	2	4	0	1	0	0	1	1	0	0	0	0	1	0	1	0	0	3	0	1	3	6	9	45	0	107	11	4	7	15	16	1	4	0	3	6	4	4	3	1	0	0	0	2	1	1	0	1	0	0	0	0	0	1	1	0	1	0	1	1	0	1	0	1	2	0	0	0	0	1	1	0	1	1	0	4	3	0	1	0	0	0	1	0	1	0	2	2	0	0	0	0	0	0	2	1	0	0	1	0	0	0	1	0	0	0	1	0	2	0	2	3	1	0	2	1	0	0	0	1	0	1	0	3	2	2	3	3	3	6	4	4	6	13	4	0	2	3	0	2	1	1	1	0	0	1	1	2	2	0	1	2	3	3	3	2	1	1	1	1	0	0	0	0	0	1	0	0	0	0	0	0	0	0	0	0	0	0	1	0	1	0	0	0	0	1	0	1	0	0	0	0	0	0	0	0	0	1	0	1	0	1	0	0	0	1	0	0	0	1	0	0	0	1	1	0	0	0	0	1	1	0	0	1	0	0	0	0	0	0	1	0	0	1	1	0	0	1	1	0	0	1	2	1	0	1	0	0	0	0	1	0	1	1	0	0	0	0	0	0	1	0	0	1	0	0	0	0	0	0	0	2	0	0	1	0	0	0	0	0	0	0	1	0	0	1	0	0	0	1	0	0	0	0	0	0	2	1	0	1	0	0	1	1	1	0	2	0	0	2	0	2	1	4	3	3	0	0	0	0	1	2	4	0	0	1	0	2	0
0	0	0	0	0	0	0	0	1	0	0	0	0	0	0	0	0	0	0	1	1	0	0	0	0	0	1	0	1	0	0	2	0	0	0	1	0	0	1	0	0	0	0	0	0	0	0	0	0	1	1	1	1	1	2	0	0	0	0	0	0	0	0	0	0	0	0	1	0	0	0	1	0	0	0	0	2	0	0	0	1	0	1	0	0	2	0	0	1	0	0	0	1	1	1	0	0	0	0	0	1	0	1	2	2	2	4	1	0	2	1	1	4	2	1	0	2	1	1	0	0	0	0	1	1	2	1	0	0	1	1	1	2	1	1	3	3	1	0	0	1	1	0	2	0	0	0	0	2	0	3	1	5	2	0	0	2	0	3	5	2	0	2	2	1	2	3	1	1	1	2	1	1	0	0	1	1	0	1	2	0	5	7	77	107	0	20	7	7	19	16	4	1	7	5	4	7	2	2	1	1	0	1	1	0	1	2	1	1	1	0	0	0	1	1	2	2	0	0	2	1	0	0	0	0	0	0	1	0	0	0	0	0	0	2	0	0	0	0	0	0	1	1	1	0	3	1	1	0	0	2	2	1	1	2	0	0	0	1	1	1	1	4	0	1	0	1	1	0	1	4	3	2	1	1	0	0	2	1	2	0	1	0	2	1	0	0	2	3	4	1	4	6	6	6	0	1	1	2	2	4	2	1	0	0	0	2	0	0	1	0	1	1	3	1	3	1	0	0	1	0	1	0	0	0	0	0	0	1	2	1	0	0	0	0	0	0	0	0	0	0	2	0	0	0	0	1	0	0	0	0	0	0	2	0	2	0	1	1	1	0	0	1	0	0	0	0	0	0	0	0	0	4	0	1	1	0	2	0	0	1	0	0	0	0	0	0	0	0	0	0	0	0	0	1	0	0	1	0	1	0	0	0	0	0	0	3	0	1	0	0	0	1	1	0	0	0	1	1	2	1	0	0	0	0	0	1	1	0	0	0	0	0	0	1	0	0	0	0	1	0	1	0	1	0	0	0	1	0	1	1	0	1	0	1	0	0	1	0	1	0	1	0	0	0	0	3	3	0	2	6	3	0	0	6	0	1	1	3	3	3	2	0	0	1	1	1	0	1
0	0	0	0	0	0	0	0	0	0	0	1	0	0	0	0	0	0	0	0	0	0	0	0	1	0	0	1	1	0	0	0	0	0	0	2	0	0	0	0	0	2	1	0	0	0	0	0	0	2	3	0	0	0	1	1	0	0	0	0	0	0	0	1	1	0	0	0	0	0	1	0	0	0	0	2	0	0	0	0	0	0	1	0	0	0	1	1	0	1	0	2	0	1	1	1	1	1	1	1	1	0	3	3	1	2	3	1	0	0	5	1	1	1	0	3	0	0	2	1	0	0	0	0	1	2	0	1	0	0	1	0	1	0	1	2	3	3	1	2	0	1	0	3	3	2	4	0	3	3	0	4	5	2	1	1	3	4	3	1	2	5	2	2	1	1	1	2	2	0	1	2	1	0	0	1	0	1	0	0	2	1	3	10	11	20	0	30	11	9	7	1	3	1	2	2	2	2	3	2	1	0	0	3	0	0	2	0	1	1	1	1	0	0	1	1	3	5	1	4	1	0	0	0	0	0	1	0	0	1	1	1	0	1	1	0	0	0	0	0	1	1	1	1	1	0	0	0	1	0	1	0	3	0	1	1	0	1	0	0	0	0	0	0	0	0	0	1	0	0	1	1	0	0	1	0	0	0	1	2	0	1	2	1	0	2	0	1	2	1	1	1	2	2	4	0	2	4	1	0	0	0	0	0	1	1	0	1	0	2	0	3	1	6	1	2	0	0	2	1	0	1	1	0	1	0	1	0	0	0	0	0	1	0	0	0	0	0	0	0	0	0	0	0	0	0	2	0	1	0	0	2	0	0	0	1	2	1	0	0	1	0	0	0	0	0	0	0	1	0	0	0	0	0	0	0	1	0	0	0	0	0	0	0	0	0	0	1	0	0	0	1	0	1	0	0	0	0	0	0	0	0	1	0	0	0	0	1	1	0	0	0	0	0	2	0	0	0	0	2	0	1	0	0	1	0	0	0	0	0	0	0	0	0	0	0	1	1	0	0	0	0	0	0	0	0	0	0	0	0	0	0	1	0	2	1	0	0	0	1	0	0	0	0	0	0	0	2	0	1	2	3	5	4	2	3	2	0	2	0	1	0	2	0	0	1	2	0	1
0	0	0	0	0	0	0	0	0	0	0	1	0	0	0	0	1	0	0	2	0	1	1	1	0	1	2	0	2	0	0	0	0	0	0	1	0	0	0	0	1	0	1	0	0	0	0	1	1	0	0	0	2	1	0	0	0	0	0	0	0	0	0	0	0	0	1	0	1	0	0	0	0	0	1	1	1	0	1	0	0	0	0	0	0	0	0	0	1	0	0	1	0	0	0	0	2	1	0	0	3	0	3	5	6	4	1	4	3	0	1	2	1	3	1	0	3	2	3	0	0	0	0	0	0	0	0	2	0	0	1	2	2	2	3	2	5	2	0	2	3	0	0	2	2	3	1	1	4	4	2	0	2	3	6	1	6	4	8	17	9	4	3	1	1	2	2	1	3	0	0	0	3	1	2	2	0	0	0	2	2	6	5	6	4	7	30	0	36	14	4	0	2	2	1	7	3	2	3	0	2	2	0	4	0	0	2	0	2	0	3	1	1	1	0	4	14	3	4	1	0	1	1	0	0	2	2	0	0	1	1	1	2	0	0	2	1	0	2	0	0	2	3	1	1	2	2	0	0	0	1	1	1	1	1	3	0	0	2	0	1	1	0	0	2	0	1	0	2	0	1	0	2	0	0	0	0	1	0	0	1	3	0	1	1	1	0	2	3	2	4	3	2	1	3	1	3	2	3	1	1	0	0	1	0	2	2	0	0	1	1	1	0	5	1	3	1	1	0	0	1	0	0	0	1	0	2	0	1	0	0	0	0	0	1	0	0	0	1	1	0	0	0	0	0	2	0	0	0	1	1	0	0	0	2	1	1	0	0	0	0	1	0	0	1	1	0	1	1	2	0	2	0	0	1	0	0	2	0	0	0	0	0	1	1	0	1	1	1	0	0	1	0	0	1	1	1	0	0	1	1	1	0	1	0	2	2	0	0	0	0	1	2	1	1	0	1	1	2	1	1	0	1	1	0	1	0	2	0	0	0	0	1	0	1	0	0	1	0	0	0	1	0	1	0	0	0	0	0	0	1	1	0	0	0	1	1	2	1	0	0	0	2	0	3	0	5	2	1	1	1	1	3	0	2	1	0	1	3	0	2	1	0	0	0	1	1	0	0
0	0	0	0	0	0	0	1	1	0	0	0	0	0	0	0	0	0	0	2	0	2	0	0	0	0	0	0	0	0	0	0	1	1	0	1	1	1	0	0	0	0	0	0	0	0	1	0	0	0	0	1	0	1	0	0	0	0	0	0	0	0	0	0	0	0	1	0	0	1	0	1	1	0	0	0	0	0	0	1	1	1	0	0	1	0	1	1	1	1	1	1	0	2	1	1	0	0	1	2	0	4	3	7	10	7	5	4	2	4	0	3	4	4	3	1	1	2	2	0	0	0	1	2	0	1	0	1	1	2	2	3	2	3	1	7	3	6	4	1	0	0	2	0	1	2	4	1	0	1	0	1	1	0	5	0	2	2	5	14	5	9	8	3	2	1	1	2	2	1	0	1	2	3	0	0	3	1	0	6	5	9	9	16	7	7	11	36	0	27	0	3	2	0	3	2	5	4	2	3	1	2	1	2	0	1	0	1	0	2	2	1	0	1	1	5	5	2	3	2	3	2	0	0	1	0	0	1	3	0	2	1	2	1	3	2	0	1	0	0	1	1	0	0	2	1	2	0	0	2	0	1	0	2	0	1	0	1	1	0	0	1	1	4	0	0	1	0	1	1	2	1	2	0	0	0	1	2	0	0	1	2	0	0	1	3	0	3	4	2	1	2	3	6	2	2	3	6	4	7	1	2	0	0	0	1	0	0	1	0	0	4	2	6	4	4	1	2	2	4	4	4	0	0	0	0	1	0	0	0	0	0	0	2	2	0	0	0	0	0	0	0	2	0	1	0	1	0	0	1	0	0	1	0	0	0	1	1	0	1	1	0	0	0	0	1	2	1	0	0	3	1	0	0	1	0	1	2	2	1	0	1	0	1	0	0	0	1	0	0	0	0	0	0	1	2	2	0	2	2	0	0	1	0	2	1	0	0	0	0	1	1	0	2	1	1	1	0	1	0	2	1	0	1	0	0	0	0	1	0	1	0	0	0	0	1	0	0	0	0	0	0	2	0	0	0	0	1	0	0	0	0	0	0	0	1	1	0	1	1	2	0	3	2	1	1	0	0	1	1	1	1	2	2	2	3	2	1	1	4	3	2	4	2	0	1	1	0	0
0	0	0	0	0	0	0	0	1	0	0	0	1	0	1	0	0	0	0	0	0	0	1	3	0	0	1	1	1	1	1	1	0	0	0	0	0	1	0	0	1	0	0	0	0	2	0	1	0	2	1	1	0	1	1	0	2	0	0	0	0	1	0	0	0	0	0	0	0	1	0	0	0	0	0	0	0	1	0	1	0	0	0	1	0	0	1	0	0	3	0	0	0	2	2	0	3	1	2	3	3	1	4	5	6	1	3	2	4	5	1	4	4	6	5	4	2	0	2	0	1	1	1	2	1	0	0	2	1	1	5	3	1	3	1	1	2	4	2	0	1	2	2	3	1	0	0	0	1	1	0	2	2	1	0	2	2	0	2	4	7	5	3	3	3	5	0	0	4	1	2	1	1	1	1	3	0	2	1	4	8	10	18	19	15	19	9	14	27	0	19	3	7	5	5	6	8	4	5	0	2	1	1	0	1	1	0	2	1	1	0	1	0	0	0	4	7	0	2	0	0	0	2	0	0	0	0	0	0	0	0	1	1	1	0	0	0	0	2	0	0	0	0	0	1	1	0	0	1	0	0	2	1	0	0	1	2	3	0	0	1	2	3	3	1	1	1	0	1	0	3	2	2	0	2	0	0	2	1	0	3	0	2	1	1	0	2	3	1	3	6	1	11	8	3	2	5	2	4	3	2	0	1	0	1	0	3	0	1	1	2	1	0	2	1	1	1	2	2	1	1	0	1	1	0	0	1	0	0	0	0	0	0	0	2	1	0	0	0	1	0	1	1	0	1	0	1	2	0	1	1	0	1	1	0	0	0	0	0	0	1	0	0	1	1	0	0	0	0	1	1	0	0	0	0	0	0	0	0	1	0	0	0	0	1	0	0	0	0	2	1	0	0	1	0	2	0	0	0	0	1	0	0	0	1	0	2	0	0	0	1	0	1	0	2	1	1	0	5	2	2	2	1	0	1	1	2	0	0	1	1	1	0	1	0	0	0	0	0	0	1	0	0	0	0	1	0	0	0	1	1	0	0	0	1	3	1	0	1	2	0	0	1	1	3	0	0	0	1	1	2	1	0	2	1	4	2	1	0	0	1	1	0	2	2	1	0	0	1
0	0	0	0	0	0	0	0	0	0	0	0	0	0	0	0	0	1	1	1	0	1	0	0	2	1	2	1	0	0	0	0	0	0	0	0	1	0	0	1	1	0	0	0	0	0	2	0	1	1	1	2	0	0	0	0	1	0	0	0	0	0	0	0	0	0	0	0	0	0	1	0	0	1	0	0	1	1	0	0	0	1	0	1	0	0	0	0	1	1	1	1	1	1	0	2	0	0	1	1	1	1	2	1	5	3	0	1	2	1	5	5	4	6	4	2	3	1	0	0	0	1	1	1	1	0	1	0	3	2	2	1	3	0	0	1	0	1	1	1	0	0	0	0	1	1	0	1	1	4	0	4	0	2	3	1	0	1	2	3	0	3	4	2	1	1	0	1	2	1	0	0	1	1	0	0	1	1	1	3	3	6	16	13	16	16	7	4	0	19	0	17	21	8	5	11	11	1	2	2	1	0	1	1	0	2	1	0	0	0	1	0	0	2	2	0	1	2	1	0	1	0	0	0	0	0	0	0	0	1	0	1	1	0	0	1	1	0	0	0	1	0	1	0	1	0	0	1	1	1	0	3	2	0	2	1	0	1	0	0	1	0	0	0	1	1	0	1	1	4	2	1	2	0	0	2	2	1	0	2	0	0	0	1	2	1	1	0	3	3	7	10	18	13	4	5	4	2	0	1	0	2	0	2	0	2	3	1	1	0	2	2	1	2	2	4	1	3	0	0	2	2	0	0	0	0	0	0	1	1	1	0	0	1	0	0	0	0	1	0	1	0	2	0	0	0	1	1	0	0	1	0	0	0	1	0	0	0	0	0	0	0	0	1	0	2	0	0	0	0	0	1	0	0	0	0	0	0	1	0	0	1	0	0	0	0	0	0	0	1	0	0	1	1	0	0	0	2	0	0	0	1	0	1	0	1	1	0	0	0	0	0	0	0	1	0	1	1	0	0	2	2	0	0	2	1	1	1	0	0	0	2	1	0	1	0	0	0	0	0	0	0	1	0	0	0	1	0	0	0	0	0	0	0	0	0	0	0	0	0	0	0	0	0	1	1	0	2	0	0	1	0	3	3	1	0	3	1	1	0	0	0	1	0	0	2	0	1	0
0	0	0	0	0	0	0	1	0	0	0	0	0	0	0	0	0	0	1	0	0	0	3	1	1	0	1	0	0	0	0	0	0	0	0	0	0	0	0	0	0	0	1	0	0	0	2	1	0	1	0	2	0	0	1	1	1	3	0	0	0	0	0	0	0	2	0	0	0	1	0	0	2	0	0	0	0	1	0	0	0	0	0	0	0	1	0	0	0	0	0	0	2	0	2	0	1	1	1	2	2	1	2	3	7	2	3	3	1	0	4	4	8	7	7	4	3	1	2	1	1	1	0	0	0	2	0	0	0	0	2	3	0	3	2	1	2	1	1	1	0	1	1	0	0	1	3	1	1	1	1	2	1	0	0	0	0	0	1	2	1	0	3	1	2	1	4	3	3	2	2	1	2	2	2	4	4	2	9	7	4	12	14	5	1	4	1	0	3	3	17	0	92	30	33	35	15	11	8	2	3	0	2	1	1	4	2	2	0	0	1	3	1	0	0	2	2	1	1	1	3	0	0	0	0	2	0	0	0	1	0	1	0	1	0	1	3	0	3	1	1	2	0	0	0	1	2	0	1	1	0	1	0	1	0	0	0	0	0	0	1	1	4	2	1	1	2	0	0	3	1	0	5	3	2	1	0	1	0	0	3	0	2	5	4	2	4	6	7	6	15	20	28	8	2	3	3	5	1	0	2	2	2	0	1	1	0	0	0	0	1	0	3	1	3	1	3	2	2	2	0	1	0	0	1	0	0	0	0	0	0	1	0	0	0	0	0	0	0	0	0	0	1	1	0	0	1	0	2	1	0	0	1	0	0	0	0	0	0	0	0	0	0	0	1	0	1	1	0	1	1	0	1	0	0	1	1	0	0	0	1	0	0	0	0	2	0	1	0	0	0	0	0	0	0	1	0	0	1	0	2	0	0	0	0	0	1	0	1	0	0	1	1	0	0	0	1	0	1	0	0	0	1	0	0	0	1	0	0	2	0	1	0	0	0	0	0	0	0	1	1	0	1	0	0	0	1	0	0	0	0	1	1	0	1	0	1	0	0	1	1	1	0	1	1	1	1	0	1	1	0	0	2	4	1	0	2	1	1	2	0	1	0	2	0	1	1	0	0
0	0	0	0	0	0	0	0	0	0	0	1	0	1	0	0	0	0	0	1	1	0	0	0	1	1	2	2	0	0	3	0	0	0	0	0	0	0	1	0	0	0	0	1	1	1	0	0	0	0	0	1	0	0	0	0	0	1	1	0	0	0	1	0	0	1	2	0	0	0	2	0	1	0	0	0	0	0	0	0	0	0	1	0	0	0	0	1	1	1	0	4	0	1	1	0	0	1	1	0	1	1	2	3	4	1	0	1	1	0	2	5	1	12	11	3	2	3	1	0	0	0	0	2	0	0	3	1	2	0	2	1	1	3	0	1	0	0	0	1	1	1	0	0	0	1	1	0	0	0	1	1	0	1	0	0	0	0	1	2	0	0	1	1	2	0	1	5	1	1	0	3	2	2	2	4	1	2	2	2	2	8	10	4	4	1	3	2	2	7	21	92	0	29	18	56	11	4	5	0	3	2	0	1	0	0	2	0	0	1	0	1	0	0	2	2	1	0	0	0	0	0	1	0	0	0	0	0	1	0	0	0	1	0	1	1	1	1	1	0	1	2	1	0	1	0	1	0	0	0	0	0	0	0	1	0	1	1	0	0	1	0	1	2	1	3	2	2	1	1	0	0	1	0	0	0	1	0	1	2	0	2	0	0	3	2	3	2	11	7	9	10	18	4	2	1	2	3	0	1	1	0	1	1	0	2	0	0	0	1	1	0	0	1	1	1	1	1	0	3	1	0	0	0	1	0	0	0	1	1	1	0	0	0	0	0	0	0	0	0	0	0	0	2	0	0	1	0	1	1	1	1	2	0	0	1	0	0	0	0	0	0	0	0	0	1	1	0	0	0	0	0	0	0	0	0	0	2	1	0	0	0	1	0	1	0	1	0	0	0	1	1	0	0	0	0	0	1	0	1	0	0	1	0	2	1	3	1	0	0	0	0	0	0	1	1	0	1	0	0	0	0	1	1	0	0	1	0	0	0	0	0	1	0	0	0	0	0	1	0	1	0	0	0	0	0	0	0	0	1	0	0	1	0	0	0	0	0	0	1	0	0	0	0	0	0	1	1	0	0	1	0	1	0	1	5	0	1	4	0	0	0	0	0	0	1	0	0	0
0	0	0	0	0	0	0	0	0	0	0	0	1	0	0	0	0	0	1	0	0	0	2	0	2	0	0	1	0	0	0	0	0	1	1	0	1	0	3	0	0	0	0	0	2	0	1	2	0	0	0	2	1	0	0	1	0	1	1	0	0	0	0	0	0	0	0	0	0	0	1	0	0	0	0	0	0	0	0	0	2	1	1	0	1	0	0	2	0	0	1	0	0	1	0	0	1	1	3	2	3	3	0	6	5	3	1	0	2	2	2	9	10	14	13	4	4	5	4	2	0	1	2	0	0	0	0	0	0	3	1	1	1	0	2	3	3	0	0	0	0	1	0	0	1	1	0	0	0	0	2	2	1	0	1	0	1	0	1	2	2	3	1	2	7	2	3	2	5	2	2	0	2	5	3	7	1	5	15	24	5	11	10	2	0	7	1	2	0	5	8	30	29	0	202	23	24	8	7	3	5	1	1	3	2	0	0	0	0	2	2	0	1	0	4	2	4	0	1	2	0	0	2	1	2	0	0	0	0	0	1	1	0	1	0	0	2	1	0	1	0	1	1	0	0	0	1	0	0	0	0	3	2	2	2	0	1	1	1	2	3	2	2	3	1	1	1	1	1	2	4	4	3	2	1	1	1	0	2	1	1	2	3	2	5	1	4	6	11	11	8	11	8	3	5	4	2	3	2	1	2	0	1	0	0	0	1	1	0	2	1	1	2	2	2	6	7	3	2	2	1	2	0	1	0	1	0	4	0	1	0	1	0	0	0	1	0	1	1	1	0	0	4	0	1	1	0	1	0	0	0	1	1	0	0	0	1	0	1	0	0	1	0	0	0	1	2	1	0	0	2	0	0	0	0	0	0	1	0	0	0	0	1	0	0	1	1	0	0	0	0	0	0	0	0	2	1	0	0	0	0	0	0	0	1	0	0	1	0	1	1	1	0	1	1	1	1	0	1	1	1	2	0	0	1	0	0	2	0	1	1	0	0	1	0	0	0	0	0	0	1	0	2	0	0	0	0	0	0	0	0	0	0	0	1	0	0	0	0	0	0	0	0	0	0	0	1	1	2	0	0	5	1	0	1	1	0	1	1	2	1	1	0	0	1	1	0	0	0
0	0	0	0	0	0	0	0	0	0	0	0	0	0	0	0	0	1	0	0	1	1	1	0	1	2	0	1	0	0	2	1	0	0	0	0	0	0	0	1	3	0	1	1	0	0	0	1	0	0	2	1	0	0	0	1	0	0	0	2	0	0	0	0	1	0	1	0	0	0	0	1	0	0	0	0	0	0	1	2	1	1	1	1	0	0	0	0	1	0	0	1	1	2	1	2	0	0	1	2	4	1	2	4	5	8	9	0	1	0	2	5	7	6	9	7	6	4	0	1	0	0	0	1	1	0	2	3	0	3	1	4	0	3	2	0	3	1	1	0	0	1	0	0	1	0	2	0	0	0	0	0	2	0	0	0	0	2	0	2	0	5	1	5	4	0	3	2	1	2	1	1	2	1	5	2	1	6	11	18	23	18	8	4	3	5	2	1	3	5	5	33	18	202	0	19	24	15	5	7	2	1	1	2	1	0	1	1	1	1	1	1	1	3	1	1	0	0	0	1	2	1	1	1	0	0	0	0	0	0	0	0	0	1	0	0	0	3	1	0	1	1	0	2	1	1	1	1	1	1	4	2	0	2	2	2	0	4	2	0	0	3	1	3	1	3	3	2	4	5	6	3	3	4	1	2	1	0	2	1	1	2	8	3	9	3	4	18	10	9	15	19	17	8	2	3	4	9	1	2	1	1	0	0	0	1	1	0	2	1	1	0	0	1	3	1	4	1	0	0	1	1	1	0	0	2	0	3	0	0	0	1	0	0	0	0	0	0	0	1	0	1	0	0	0	0	0	1	0	1	1	0	2	1	0	0	0	1	0	1	0	0	0	1	2	0	0	1	0	1	0	0	0	1	0	3	0	1	1	0	2	0	1	0	0	0	0	1	0	1	0	0	0	1	0	1	0	1	0	0	1	1	2	0	1	2	0	0	0	0	0	0	0	2	0	0	0	0	0	3	0	0	1	2	0	2	0	0	0	0	0	2	0	0	2	1	0	0	0	2	1	0	1	0	0	0	0	0	0	1	0	0	1	1	1	1	1	0	1	0	0	0	0	1	0	2	1	1	0	3	0	2	2	2	0	0	3	0	1	1	0	0	1	0	1	1	1	2	1
0	0	0	0	0	0	0	0	2	0	1	0	0	0	1	0	0	1	1	1	0	0	0	1	0	1	0	0	1	1	1	0	0	0	0	0	0	0	1	0	0	0	0	0	0	0	1	1	2	0	0	0	1	1	1	0	0	0	0	0	1	0	0	0	0	0	0	1	0	0	0	0	0	0	1	0	1	0	0	0	0	1	0	1	0	1	0	0	0	0	1	2	1	2	0	0	0	0	0	2	3	5	1	4	6	6	5	4	2	4	2	12	6	26	21	13	2	5	1	2	0	1	0	1	1	0	0	0	0	1	2	3	2	2	0	3	0	0	0	1	0	4	1	0	1	1	2	0	0	3	0	1	0	1	0	0	1	0	2	2	0	4	3	2	0	1	0	1	2	0	1	1	2	2	1	2	5	3	5	9	5	4	17	0	6	4	2	7	2	6	11	35	56	23	19	0	40	9	12	8	5	5	1	1	3	1	1	2	2	1	0	2	1	1	1	1	2	1	0	0	1	1	1	0	0	1	0	0	0	0	0	0	1	0	1	1	0	0	0	1	0	0	0	1	1	0	1	0	2	2	0	3	1	1	0	0	1	0	0	2	0	2	1	1	1	0	2	2	0	3	0	2	0	0	4	0	0	0	0	1	1	2	2	1	1	3	0	7	6	3	4	7	12	4	1	1	2	0	3	1	0	1	0	0	0	2	0	0	1	3	0	2	2	1	0	1	1	0	0	0	2	0	2	0	0	0	0	1	1	0	0	0	0	0	0	0	0	1	0	0	0	1	2	1	0	1	1	2	1	1	0	1	0	1	0	0	0	0	0	1	0	1	0	0	1	0	0	0	0	0	1	0	1	0	0	0	2	0	0	0	0	0	0	0	0	0	1	2	1	0	0	0	0	0	1	0	0	0	0	0	1	0	0	0	0	0	0	0	0	1	0	0	0	0	0	0	1	0	0	0	1	1	1	0	0	1	1	0	0	0	0	0	1	0	0	0	0	0	1	0	0	1	0	0	0	0	0	0	0	0	1	0	0	1	1	1	0	0	1	0	0	0	0	0	1	1	1	0	0	2	0	2	0	0	2	1	0	0	0	0	0	0	0	0	0	3	0	1	0
0	0	0	0	0	0	0	0	0	0	0	0	0	1	1	0	0	0	0	0	1	1	2	2	1	0	0	0	0	1	0	1	0	0	0	0	1	0	2	0	0	0	0	0	0	1	0	3	1	1	3	1	2	0	0	1	0	0	1	0	0	1	0	0	1	1	0	0	1	1	1	0	0	0	1	0	0	2	0	1	2	0	0	2	1	0	0	0	1	1	2	0	0	3	0	0	1	0	1	4	3	2	2	18	7	10	6	0	5	6	11	19	6	24	15	8	5	4	1	2	0	1	1	0	1	0	0	2	4	1	3	0	0	3	1	5	1	3	2	0	0	0	0	0	0	1	2	1	0	0	2	0	0	1	2	1	1	1	1	1	7	7	2	5	3	3	3	4	3	5	1	3	1	1	8	12	6	0	8	8	11	21	10	8	4	7	2	3	5	8	11	15	11	24	24	40	0	33	35	6	2	0	3	5	2	1	0	0	0	2	1	0	0	2	2	2	1	0	0	2	1	2	0	0	0	0	0	0	0	1	0	0	0	1	3	3	0	0	1	0	0	1	1	1	1	0	1	0	2	3	2	0	1	0	4	2	1	1	0	5	3	2	0	2	1	1	0	1	2	2	3	4	2	1	1	0	1	1	1	4	3	0	1	1	8	1	3	4	6	4	7	8	4	3	4	2	2	3	2	1	2	0	2	0	0	0	0	1	1	1	0	1	5	2	0	2	1	2	1	1	0	0	1	0	0	2	0	0	0	0	1	0	0	0	1	1	1	0	1	0	1	0	2	2	0	0	2	0	0	0	0	0	0	0	0	0	0	0	0	0	0	0	2	1	0	1	0	0	1	0	3	0	1	1	0	0	0	1	1	2	0	1	0	0	0	0	1	1	1	2	0	0	1	0	1	0	0	0	0	0	1	0	0	0	0	0	0	0	2	1	0	0	0	0	0	0	3	2	1	3	1	1	0	1	1	3	0	0	0	0	0	0	0	0	0	0	0	0	1	0	0	0	0	0	0	0	0	1	1	0	0	0	1	0	1	0	0	0	1	0	0	0	0	1	0	2	1	1	0	1	0	1	2	1	0	2	0	0	1	1	0	1	0	1	0	1	0	1	0
0	0	0	0	0	0	0	1	0	1	0	0	0	0	0	0	0	0	1	0	0	0	1	3	0	0	1	1	1	0	0	0	0	1	1	1	0	0	0	0	2	0	0	0	1	0	2	0	2	1	5	2	1	0	1	1	0	0	1	0	0	1	0	0	0	1	0	0	1	1	2	0	0	1	0	0	0	0	0	0	1	1	1	2	1	1	1	1	3	0	0	0	1	2	1	0	1	1	4	9	7	3	6	27	11	25	11	4	4	7	8	35	10	17	11	9	12	6	3	1	0	1	3	3	1	2	3	5	3	4	5	5	6	4	3	2	0	0	0	1	0	1	0	0	1	0	0	1	0	0	0	1	1	1	0	1	1	0	2	4	7	2	2	12	7	5	9	7	2	5	3	2	6	2	3	4	4	3	5	16	7	9	6	2	4	2	2	2	4	4	1	11	4	8	15	9	33	0	117	25	7	7	3	4	1	0	1	1	5	4	2	0	1	1	1	3	1	0	1	0	2	1	1	0	0	1	0	1	0	0	1	0	1	1	0	1	0	0	1	1	0	1	0	1	0	2	0	0	1	0	0	2	1	1	2	3	3	3	0	3	1	4	5	6	3	0	1	0	2	1	3	1	7	2	2	2	0	2	1	0	0	1	3	1	1	1	0	3	7	3	3	2	3	0	0	2	2	0	4	0	2	1	0	0	0	0	0	1	0	4	0	1	0	1	1	0	3	3	1	1	2	3	0	0	2	1	2	4	0	1	0	1	0	0	0	0	0	1	1	1	0	0	1	4	4	0	1	0	1	0	0	0	0	1	2	0	0	1	0	0	0	0	0	1	0	0	1	0	0	0	0	0	0	1	0	2	3	0	2	0	0	0	0	0	1	1	0	1	0	1	0	1	0	0	0	0	0	0	1	0	1	0	1	0	0	0	0	1	0	0	0	0	0	0	2	0	0	2	1	0	0	2	0	0	1	0	0	0	1	0	0	0	0	0	0	1	0	1	1	1	0	1	0	0	0	0	0	0	1	0	0	0	1	0	2	0	0	0	0	0	0	0	0	0	0	1	1	0	3	3	0	1	1	0	4	2	0	0	1	1	1	1	1	0	0	0	1	2	0
0	0	0	0	0	0	0	0	0	0	0	0	1	0	0	0	2	1	0	1	1	0	0	1	0	3	1	1	0	0	1	1	0	1	0	0	0	0	1	3	2	0	0	1	0	0	0	1	0	3	2	1	2	0	0	0	0	0	0	0	1	0	0	1	0	2	0	1	0	0	0	1	0	3	0	1	0	0	4	0	0	0	1	0	2	0	1	2	0	2	2	2	2	4	0	2	2	0	3	5	6	5	5	30	21	36	19	10	5	7	18	36	11	21	6	10	13	8	3	3	0	0	1	3	2	5	1	3	3	2	3	8	2	6	3	2	2	4	0	0	1	1	1	0	0	1	0	1	2	2	1	1	1	2	0	2	0	0	2	1	5	4	4	6	6	2	5	4	4	3	2	3	7	6	6	6	4	4	4	12	7	5	5	4	3	2	3	3	2	5	2	8	5	7	5	12	35	117	0	17	10	3	5	9	3	1	1	1	1	0	1	2	1	3	6	2	1	3	0	0	1	1	0	2	1	0	1	0	0	0	0	0	0	2	0	2	1	1	0	0	0	1	1	0	1	1	1	3	0	1	1	0	1	2	1	0	2	0	3	2	3	3	4	0	3	2	2	0	1	3	0	1	1	0	2	3	1	0	1	1	0	1	0	2	7	0	1	3	1	5	3	0	8	1	3	4	3	2	4	3	0	1	0	1	0	0	0	1	0	2	0	1	0	1	1	3	2	5	1	4	1	3	0	1	0	0	2	0	0	1	1	2	0	1	0	2	1	0	0	0	0	0	0	1	1	1	1	0	3	1	2	1	0	0	1	1	0	0	0	0	1	0	1	0	0	0	0	0	0	2	1	0	0	1	0	1	0	0	0	1	1	0	0	0	0	2	3	2	0	0	0	0	0	0	1	0	0	0	0	1	0	0	0	0	0	1	0	0	0	1	0	0	2	0	1	0	2	1	2	5	0	2	0	0	2	0	2	1	0	0	0	0	1	0	0	0	0	1	0	0	0	1	0	0	0	0	0	0	0	0	0	0	0	0	1	0	0	0	1	0	0	0	0	1	0	1	0	0	2	0	0	1	1	0	2	0	0	0	0	1	1	1	0	0	2	0	1	0	0
0	0	0	0	0	0	0	0	0	1	0	1	1	1	0	0	0	2	0	1	2	1	3	2	3	0	0	1	2	2	0	0	0	0	0	2	0	0	0	1	0	0	2	0	5	1	4	2	2	3	3	3	0	2	0	2	2	0	1	0	1	2	1	0	0	1	0	0	1	1	2	1	0	0	0	0	0	1	1	2	1	0	3	0	0	1	0	0	1	0	0	0	0	1	1	2	2	0	3	6	11	5	9	16	3	11	8	2	6	6	18	53	19	17	10	43	68	11	2	0	2	1	5	4	1	2	1	3	3	6	4	1	1	5	1	2	1	2	0	2	0	3	0	0	0	0	0	1	0	0	0	0	0	1	0	1	2	1	1	0	3	3	7	1	3	4	5	4	5	7	3	1	4	7	15	7	4	8	8	11	1	4	2	1	1	1	2	0	3	0	2	2	0	3	7	8	6	25	17	0	25	6	12	6	1	1	2	0	3	2	3	2	1	2	2	2	1	0	0	1	0	1	2	0	0	0	0	0	0	0	0	0	0	1	0	0	1	1	2	0	1	0	0	0	1	0	0	0	1	1	3	0	1	1	4	1	2	1	1	0	3	5	2	1	3	2	2	1	1	7	1	3	4	0	1	1	1	0	4	0	0	2	3	1	5	3	2	5	3	4	1	2	1	3	0	0	1	3	2	2	3	0	0	0	1	0	0	1	2	2	0	0	1	0	3	0	2	1	0	1	0	0	0	0	0	0	0	0	0	0	0	0	0	0	0	0	0	0	0	0	0	0	0	2	0	1	0	1	0	0	0	1	1	3	0	1	0	0	0	0	0	0	1	0	0	0	1	2	0	0	0	0	1	0	0	0	0	0	0	2	4	2	0	0	1	0	1	2	1	1	0	0	1	2	0	0	0	0	0	0	0	0	0	1	0	0	0	0	0	2	0	0	1	0	2	0	2	0	1	0	1	1	0	1	0	0	1	0	0	0	0	0	1	0	0	0	0	0	0	0	0	1	0	1	0	0	1	0	1	0	0	0	0	0	0	0	0	0	0	0	0	0	1	1	0	0	1	0	0	0	0	0	1	0	0	0	0	0	2	2	2	1	1	0	0	0	0	0	0
0	0	0	0	0	0	0	0	0	1	1	1	1	0	0	0	0	0	0	2	2	3	2	2	0	0	0	4	1	3	2	0	1	1	0	0	0	1	2	0	0	0	2	2	2	1	5	7	1	7	7	5	0	1	2	0	1	0	1	0	2	0	2	0	1	2	1	2	1	1	1	0	1	0	1	0	0	0	3	2	0	1	1	1	0	0	2	1	1	1	2	1	2	2	3	0	2	4	5	23	33	9	5	9	3	9	7	5	4	11	9	18	7	4	5	11	35	20	11	7	1	3	3	1	4	3	3	4	9	17	15	6	6	8	3	0	0	0	0	1	1	1	1	1	1	0	0	1	1	0	0	2	1	0	1	1	1	1	0	0	4	3	2	2	3	1	7	2	2	13	13	2	4	8	8	4	5	4	1	6	2	2	1	1	0	1	1	2	1	2	1	3	3	5	2	5	2	7	10	25	0	15	25	12	9	1	3	3	1	1	0	0	1	3	2	0	1	0	0	1	1	1	0	1	0	0	0	0	0	0	1	0	0	2	1	2	0	0	1	0	0	1	0	4	0	0	1	1	0	2	0	1	1	2	0	1	5	2	3	3	7	2	5	2	1	4	2	1	1	1	4	1	1	2	1	2	0	1	0	1	1	2	0	0	1	1	0	3	1	2	3	4	2	0	1	1	3	1	0	1	3	0	1	1	0	2	1	0	4	0	0	1	0	0	0	1	0	2	2	1	3	2	1	1	1	1	1	0	2	0	0	0	0	1	0	0	0	0	1	0	0	0	1	1	3	2	1	1	0	0	1	1	1	0	0	0	0	0	0	0	0	0	0	0	2	1	1	0	0	1	1	0	0	0	0	1	0	0	1	0	0	2	0	1	2	2	0	0	0	0	0	3	1	0	0	1	0	1	0	0	0	0	1	0	1	0	0	1	0	0	0	0	0	1	0	0	0	0	1	0	1	1	0	0	2	1	1	1	0	0	1	0	0	0	2	1	0	0	0	1	1	0	0	0	0	0	0	0	0	1	0	0	0	0	0	0	1	1	0	1	0	0	0	0	0	1	0	0	1	1	0	0	0	0	0	0	0	1	0	1	0	1	1	0	0	0	0	1	0
0	0	0	0	0	0	0	0	0	0	0	1	1	1	1	2	2	2	2	3	3	5	6	7	2	4	1	0	3	3	0	1	1	2	0	1	0	1	1	1	3	0	1	5	3	5	4	11	9	14	11	8	0	2	3	2	0	2	0	1	0	1	1	0	0	1	0	1	0	2	0	2	3	1	1	1	0	1	2	2	2	3	3	2	3	2	0	3	0	2	3	1	3	1	3	4	2	5	22	50	26	13	8	2	0	5	6	4	2	5	7	4	5	1	6	3	8	12	10	3	3	1	7	5	8	4	5	2	23	22	12	5	4	3	1	1	0	0	1	2	1	0	0	1	0	0	1	1	0	1	1	1	0	0	1	1	1	1	0	1	1	3	0	3	2	2	3	3	2	8	8	2	2	4	3	0	1	1	1	3	3	1	0	2	0	0	0	2	2	1	0	0	2	1	1	5	0	7	3	6	15	0	222	19	7	0	5	1	3	2	2	2	1	5	3	1	2	1	0	1	0	0	1	0	0	1	0	0	0	1	0	0	0	2	2	0	0	1	0	0	0	0	0	1	0	0	0	0	2	1	0	1	0	0	2	0	5	2	0	2	3	1	4	1	0	0	1	2	2	1	1	2	1	0	0	0	0	0	1	4	1	0	0	1	1	0	1	0	0	1	1	1	0	0	1	3	2	0	0	1	1	2	0	1	0	2	1	0	1	1	1	1	0	0	0	1	2	2	0	0	1	1	2	1	0	0	1	0	0	0	1	0	0	0	0	0	0	1	1	0	0	1	0	0	3	1	0	1	0	1	0	1	1	1	0	1	1	1	0	1	0	0	0	0	1	0	0	1	0	0	0	0	0	1	0	0	0	0	0	1	0	0	0	1	0	1	1	0	0	0	2	1	0	0	0	0	0	0	1	2	1	0	0	0	0	0	0	1	0	0	0	0	1	1	0	0	1	0	0	0	0	0	0	0	0	0	0	0	1	0	1	1	0	0	0	1	0	0	1	0	0	0	1	0	0	0	0	0	1	0	0	0	1	1	0	0	1	0	0	0	1	0	0	0	0	1	1	0	0	0	0	1	0	2	1	1	0	0	0	1	0	1	0	0	2	0	0	0	0
0	0	0	0	0	0	0	0	0	0	1	0	1	1	0	1	1	0	2	3	5	5	6	7	3	3	2	2	1	1	1	0	1	0	2	0	1	0	0	4	2	0	0	1	2	2	9	11	8	9	5	9	2	0	1	2	0	0	0	0	0	0	2	1	0	1	1	0	0	3	1	0	0	1	0	0	2	2	3	3	5	1	5	3	1	2	2	0	2	0	0	1	5	4	5	4	4	2	16	55	46	17	9	5	7	1	8	5	4	8	7	4	4	2	3	3	8	6	12	6	5	2	5	1	7	1	3	12	25	24	12	2	4	3	1	1	3	0	0	0	2	2	0	1	0	0	2	0	1	1	1	0	1	0	0	0	0	1	0	0	1	3	2	2	2	3	4	2	1	19	8	3	2	3	2	2	3	3	2	5	2	3	1	1	0	1	0	0	1	1	1	2	0	1	1	1	3	3	5	12	25	222	0	16	8	3	1	2	1	2	3	0	1	3	2	2	1	0	1	1	0	0	0	0	0	1	1	0	0	0	1	1	0	1	0	0	0	0	0	0	0	1	0	0	0	0	0	2	4	0	0	0	3	1	1	3	2	2	2	2	5	5	8	3	0	1	3	1	2	0	1	0	0	0	1	0	1	0	0	0	0	1	1	0	0	4	0	1	1	2	1	2	1	2	1	0	2	2	0	2	0	0	0	0	1	2	0	1	0	2	2	0	0	1	0	3	3	1	0	1	0	3	3	2	0	2	1	0	2	0	0	0	0	0	0	0	0	0	2	0	0	0	1	2	0	3	1	2	2	0	0	0	0	1	0	1	1	0	0	0	0	1	0	0	2	0	0	2	2	1	0	1	0	0	1	0	0	0	0	0	0	1	2	4	2	1	1	1	0	0	1	0	1	0	0	0	0	0	0	0	2	0	0	0	0	0	0	0	1	0	1	0	1	1	1	0	0	0	1	0	2	0	1	0	1	0	0	0	0	0	0	0	0	0	0	0	0	0	0	0	0	0	0	0	0	0	0	0	0	0	0	0	1	0	0	0	1	0	0	1	0	1	0	0	0	2	0	0	0	0	0	1	0	1	0	0	1	0	0	1	0	0	0	0	0	0	0	0	0
0	0	0	0	0	0	0	1	1	2	1	0	0	0	0	1	3	1	2	1	3	0	3	3	3	1	0	1	1	2	0	1	0	1	1	0	0	0	0	1	2	3	1	0	4	6	3	6	8	11	14	15	3	0	2	0	0	0	2	0	1	4	2	2	0	0	1	0	0	3	1	1	3	2	0	0	1	2	1	2	1	5	3	1	2	1	1	1	0	0	0	1	1	3	1	2	3	5	9	29	43	27	17	16	8	13	8	12	15	11	9	7	3	0	4	5	3	23	20	5	1	1	0	5	2	2	4	11	9	11	57	11	10	6	0	2	0	2	1	1	1	1	1	1	0	3	0	0	1	1	1	1	0	1	1	1	2	0	0	3	3	4	4	2	3	4	4	3	2	6	10	6	5	6	4	2	3	2	1	3	1	6	0	1	2	1	3	4	2	0	1	1	1	3	2	1	5	4	9	6	12	19	16	0	14	9	4	4	6	2	5	3	1	9	3	3	3	4	0	1	2	1	0	0	0	1	0	2	0	1	0	1	0	2	1	0	0	0	0	1	0	0	0	0	0	0	2	1	0	1	3	0	4	4	0	1	3	2	7	4	3	3	6	3	1	3	4	1	0	2	0	1	2	1	1	0	0	2	2	2	1	2	0	0	1	0	0	2	0	3	1	1	1	1	1	1	1	1	1	1	1	0	1	0	0	0	1	3	1	1	2	1	0	0	1	0	2	0	0	1	3	0	1	0	1	2	1	0	1	2	0	1	0	0	0	0	0	1	0	3	0	1	0	0	2	0	3	0	1	0	0	0	0	0	1	0	1	0	0	0	1	0	0	0	0	1	0	0	0	2	0	1	0	0	1	1	0	0	0	0	0	2	0	0	2	0	1	0	0	1	0	1	0	0	0	0	0	0	0	0	1	0	0	0	0	0	0	0	1	1	1	1	0	1	0	1	2	0	1	1	0	0	1	2	0	2	2	1	2	0	1	0	0	0	0	1	0	0	0	0	0	0	0	0	0	1	0	0	0	0	0	1	0	1	0	0	0	0	1	1	0	0	0	0	1	2	0	1	0	0	0	0	1	1	1	0	0	0	1	1	2	2	1	0	0	0	1	0	0
0	0	0	0	0	0	0	0	2	0	0	1	0	0	0	0	0	0	2	2	0	3	3	6	2	1	3	1	1	5	0	1	0	4	0	2	1	2	0	0	2	2	1	2	7	5	11	10	20	16	30	112	1	0	1	0	0	0	1	0	0	1	2	2	0	1	1	0	1	1	0	1	4	1	4	2	0	3	3	2	2	2	0	3	1	4	1	0	1	1	5	1	2	5	0	3	4	6	4	5	9	11	8	3	4	1	8	3	6	5	1	2	1	0	0	0	1	8	23	8	4	6	7	6	15	8	9	37	5	12	19	8	14	7	8	2	0	1	3	0	0	1	1	1	3	0	1	0	1	1	1	0	0	2	4	0	2	0	0	0	1	5	4	0	3	1	3	2	2	6	9	4	1	4	1	0	3	3	2	1	0	1	1	0	1	0	0	0	0	1	0	1	0	2	1	3	2	1	3	1	9	7	8	14	0	27	14	17	12	4	6	13	8	18	7	3	2	0	1	1	1	0	0	0	0	0	1	0	0	0	4	0	0	0	0	3	1	0	0	2	0	0	0	0	1	0	2	1	1	5	0	2	3	1	5	2	3	5	10	5	4	3	2	2	1	0	1	0	0	0	1	1	0	0	0	0	0	1	4	1	0	0	0	1	1	2	0	0	1	1	0	1	2	1	1	1	2	1	2	2	0	1	0	0	0	1	0	0	0	1	0	1	0	1	1	1	3	0	0	2	0	2	2	1	2	0	1	2	1	1	1	1	0	0	0	0	0	0	0	0	0	0	2	2	4	3	1	1	0	0	0	0	0	0	0	2	0	0	0	0	1	0	0	1	1	0	2	0	0	1	0	0	1	1	0	1	0	0	1	1	0	1	1	2	0	1	0	0	0	0	0	0	0	0	0	0	0	0	0	0	0	1	0	0	3	0	1	0	0	0	0	3	1	0	2	0	0	4	3	1	1	1	1	2	1	0	1	0	2	1	0	0	0	0	0	0	0	0	1	0	0	0	0	0	0	1	0	1	0	2	0	1	1	0	0	1	0	0	0	0	0	0	1	0	0	0	1	0	1	0	0	0	0	1	1	1	1	1	1	2	2	0	0	0	2	1	0	0	0
0	0	0	0	0	0	0	1	1	0	1	0	1	0	0	3	1	0	1	2	0	4	2	2	1	1	3	4	5	1	1	0	3	2	0	1	1	0	2	1	6	1	1	11	20	10	10	6	9	7	11	18	4	1	0	0	2	0	0	1	0	1	2	0	0	0	1	2	3	2	1	2	0	1	4	1	0	4	9	6	7	6	10	4	9	5	4	6	3	5	4	1	2	3	5	4	3	6	7	1	3	6	6	4	0	1	5	0	4	0	0	0	1	1	1	1	0	2	9	11	3	3	4	5	10	27	13	22	6	6	4	2	9	2	1	4	1	1	1	1	0	1	0	0	0	0	0	2	0	2	1	1	2	0	0	0	0	1	1	1	3	0	5	1	2	0	2	0	2	4	3	0	2	1	0	1	1	2	0	2	0	0	1	0	1	1	0	0	1	1	2	4	0	0	0	1	1	0	1	1	1	0	3	9	27	0	47	68	14	7	4	21	10	16	9	0	2	0	0	1	1	0	0	0	1	1	0	1	1	0	0	0	0	2	0	3	0	0	0	0	0	0	2	4	0	0	2	0	1	1	0	2	0	1	2	2	4	6	12	3	1	2	2	1	1	2	2	0	0	1	0	1	0	3	0	2	2	1	3	0	0	1	0	1	1	1	0	3	1	0	0	2	2	0	0	1	0	1	2	1	0	0	0	1	0	0	0	1	0	0	0	0	1	3	0	1	0	0	2	1	1	0	0	1	0	4	0	2	1	0	0	0	0	1	1	0	0	0	0	0	0	0	2	2	2	2	2	0	2	1	0	1	1	0	0	0	0	0	0	0	0	1	0	1	1	0	0	0	1	0	0	0	1	0	0	0	0	0	2	1	0	0	0	0	1	1	0	1	0	0	0	1	0	1	1	1	0	1	0	0	1	0	0	0	0	0	1	0	0	0	0	2	0	0	1	1	2	0	0	0	3	0	2	0	1	0	0	0	1	0	1	0	0	0	0	1	0	0	0	1	0	0	0	0	1	1	0	0	0	0	0	0	1	0	1	0	0	0	0	0	2	0	0	0	0	0	1	0	0	0	0	1	2	0	0	0	0	0	2	0	1	0	0	2	2	0	0	0	1
0	0	0	0	0	0	0	0	0	1	1	0	1	1	0	1	1	0	2	1	2	4	3	4	1	6	2	7	2	5	3	2	2	1	1	0	0	0	1	1	3	1	8	10	31	22	12	8	7	4	18	16	4	1	3	0	0	0	2	1	2	2	0	4	1	1	1	1	2	2	0	4	1	3	3	0	1	4	8	2	3	3	3	6	10	10	2	9	7	7	2	5	2	4	9	3	19	21	4	5	2	6	2	0	2	2	2	2	6	0	2	1	1	0	0	0	4	1	6	7	1	0	5	2	6	11	13	4	8	1	2	6	4	1	0	2	0	0	0	1	0	0	0	0	0	0	0	0	0	1	0	0	3	3	1	2	3	2	3	3	1	1	2	1	1	3	0	0	1	2	2	2	0	2	1	0	0	1	1	1	0	1	1	3	0	2	2	2	0	0	1	2	2	0	1	1	0	1	1	2	3	5	1	4	14	47	0	25	12	8	5	10	4	9	3	1	3	1	1	1	3	0	2	0	0	0	0	1	0	1	0	0	1	0	0	2	0	0	2	0	0	0	0	1	0	1	0	0	1	0	0	1	3	2	1	1	1	3	5	4	1	1	1	2	1	0	0	2	0	1	1	1	1	0	2	0	3	0	1	2	1	1	0	1	0	0	0	0	1	1	0	0	0	1	0	1	0	0	0	2	0	0	1	0	0	1	1	0	0	2	0	0	0	0	0	0	1	0	0	3	1	1	1	0	1	1	2	1	0	1	2	0	1	0	0	0	2	0	0	0	1	0	0	0	0	0	0	2	0	4	3	1	0	0	0	2	0	1	2	1	0	1	0	0	2	0	2	1	1	1	0	0	1	1	0	1	1	0	0	0	1	0	0	0	1	0	1	0	0	0	0	0	0	0	0	0	0	0	1	0	2	0	0	1	1	1	0	1	1	0	0	0	0	2	0	0	0	1	1	3	0	0	0	0	0	0	0	1	0	0	0	1	1	1	0	1	0	1	0	0	1	1	1	0	0	0	1	0	0	0	0	2	1	0	1	0	0	0	1	0	0	0	1	0	1	0	1	0	1	0	0	0	1	0	1	1	0	0	0	0	1	0	0	0	0	2	0	0	0
0	0	0	0	0	0	0	2	0	1	0	0	0	1	1	1	1	2	1	1	0	1	1	2	3	2	2	2	0	0	1	2	1	0	0	1	2	3	3	1	0	2	5	9	11	9	5	4	1	6	13	28	0	1	0	2	2	1	1	0	1	1	0	1	0	0	1	1	0	8	0	3	5	4	2	1	4	2	2	4	3	8	3	8	4	3	1	4	2	0	3	3	3	1	0	1	4	2	3	2	2	2	4	0	2	0	4	3	4	3	3	1	0	2	2	2	0	6	11	5	2	0	8	11	5	7	9	8	4	3	6	7	4	4	3	0	4	1	0	0	1	0	2	1	1	0	1	2	1	0	0	1	0	2	1	0	0	2	0	2	0	1	0	2	2	5	2	5	4	3	3	3	5	1	1	1	3	1	1	0	2	4	0	1	1	1	0	0	1	2	0	2	0	0	1	2	0	1	1	0	3	1	2	4	17	68	25	0	47	8	9	29	7	16	8	4	1	0	2	0	0	1	1	0	1	0	0	1	0	0	0	1	0	1	2	0	0	2	1	0	0	1	1	2	3	0	0	1	1	0	2	2	4	0	6	4	2	1	10	5	1	5	1	7	3	3	1	0	1	1	1	1	0	0	1	1	0	0	0	0	0	0	0	0	1	1	0	2	1	0	1	2	1	1	1	0	0	1	0	2	0	0	0	2	1	0	0	0	0	1	0	0	2	0	1	1	2	1	0	1	2	0	2	3	2	1	0	0	1	1	1	1	0	1	0	0	0	0	0	1	2	0	3	1	1	2	2	1	1	4	2	0	0	0	0	2	1	0	0	1	2	1	3	1	0	1	0	1	0	0	1	1	2	0	0	2	0	1	0	0	2	1	2	0	0	2	0	1	2	0	0	1	0	1	0	0	0	0	0	1	0	0	0	0	2	0	0	0	1	0	0	0	1	0	2	0	1	2	0	1	0	0	1	1	2	2	1	1	1	0	0	0	0	0	0	0	1	1	2	0	0	1	1	1	0	1	1	0	2	0	1	0	0	1	0	0	0	0	0	0	1	0	0	0	1	0	1	0	0	0	0	1	0	0	0	0	0	1	0	1	0	0	0	0	1	0	0	0	0
0	0	0	0	0	0	0	0	0	1	1	1	0	0	0	0	2	3	1	0	2	2	4	0	1	3	0	2	2	3	2	3	1	0	0	2	0	1	1	0	1	2	0	2	6	3	2	2	5	3	5	4	1	3	0	1	0	0	0	1	1	0	0	0	1	1	1	1	1	2	2	1	0	2	0	0	2	1	1	1	3	1	1	1	5	0	1	2	3	3	1	0	1	3	1	1	3	3	5	3	4	1	7	1	0	1	1	3	3	1	5	1	1	0	0	1	3	2	7	8	1	2	2	3	2	6	5	5	4	3	4	15	15	4	9	4	2	0	0	3	0	1	0	0	1	0	0	0	1	0	1	1	0	2	3	2	2	2	1	2	3	1	2	1	3	1	5	3	2	2	3	6	1	1	2	1	0	0	0	0	1	0	1	0	0	1	1	2	0	1	0	0	0	0	1	2	0	5	1	3	1	3	1	6	12	14	12	47	0	38	13	7	9	9	16	4	0	1	0	0	2	1	0	0	1	1	2	1	0	1	1	0	1	2	0	0	0	0	2	0	0	0	2	1	3	5	3	1	4	6	3	3	3	3	3	2	4	2	10	2	1	3	0	1	4	1	1	0	1	0	1	0	0	0	1	0	0	0	2	1	2	0	1	2	1	0	0	0	1	1	0	0	3	0	3	1	0	0	1	0	0	1	3	0	0	1	0	0	0	1	0	0	1	1	0	1	1	2	1	1	1	2	0	3	1	1	1	0	0	2	1	1	0	0	0	1	0	0	0	2	1	2	1	1	4	1	1	1	2	1	2	1	1	0	1	0	1	0	0	1	1	0	0	0	0	1	0	0	1	2	0	0	1	0	0	1	1	1	0	1	1	0	1	0	2	3	1	1	2	2	2	2	1	1	2	0	2	0	2	0	0	1	0	0	0	1	0	0	3	0	0	2	0	0	2	2	3	4	0	1	2	0	0	0	1	0	0	1	0	0	1	1	0	0	1	0	2	1	1	1	1	0	1	1	1	1	1	1	0	0	1	0	0	0	1	0	1	1	2	0	0	0	0	1	0	0	0	0	0	0	0	0	0	0	0	0	0	0	0	0	0	0	1	1	0	0	1	1	1
0	0	0	0	0	0	0	0	0	1	0	0	0	1	0	0	0	1	0	2	0	1	4	0	1	0	1	5	2	1	3	1	1	1	1	0	1	1	0	0	4	0	1	3	4	0	2	2	3	0	4	4	0	0	0	0	0	0	1	0	0	1	0	1	0	0	0	1	0	1	1	0	0	0	0	0	1	2	4	1	1	0	3	1	2	1	0	2	2	1	1	0	2	2	0	2	2	1	1	1	0	2	3	2	4	2	5	3	3	3	3	1	3	2	1	0	3	2	1	2	1	2	3	4	4	0	1	5	3	3	3	4	14	6	1	3	1	1	0	1	1	2	0	1	2	0	0	1	0	0	0	0	1	1	2	0	1	2	2	2	2	1	1	6	11	2	2	5	1	1	2	0	2	2	1	3	2	0	0	1	1	0	2	1	0	1	1	0	2	1	0	0	1	2	1	1	2	4	0	2	1	2	2	2	4	7	8	8	38	0	13	18	9	12	28	0	2	3	1	0	1	0	0	0	0	0	0	0	0	1	0	1	1	1	1	3	1	1	0	1	0	1	1	0	1	3	4	4	10	11	1	8	19	5	12	7	6	0	11	6	1	2	1	4	0	3	1	2	1	2	1	1	2	0	0	5	1	3	1	1	1	0	2	1	1	1	1	3	1	2	1	1	0	0	0	2	1	3	2	3	3	2	0	1	0	1	0	0	1	0	1	1	3	0	0	0	0	1	4	2	4	2	2	2	2	3	1	1	1	2	1	1	1	0	1	1	2	1	3	1	2	0	1	3	3	3	1	0	2	2	2	0	1	0	0	0	3	1	1	1	2	0	0	2	1	0	1	1	1	1	1	1	2	1	1	1	2	2	0	1	2	2	0	1	2	6	0	4	0	2	0	0	1	1	0	2	0	0	1	1	1	0	0	1	1	1	0	1	1	0	1	0	1	1	2	1	2	1	3	4	2	0	2	1	2	2	1	0	2	1	0	0	0	1	0	0	0	1	2	0	0	0	0	0	0	0	0	1	0	0	0	0	2	0	0	0	0	1	1	0	0	2	0	0	1	0	2	1	0	0	1	0	1	2	1	0	3	1	1	2	1	3	0	0	0	1	2	0	0
0	0	0	0	0	0	0	0	1	0	0	0	0	0	0	0	2	0	0	2	1	2	0	0	2	1	1	0	4	2	1	1	0	1	0	0	1	0	2	2	1	0	2	2	1	3	2	0	3	1	1	3	3	3	0	0	1	0	1	0	0	1	0	0	0	1	1	1	2	1	1	2	1	3	3	1	1	1	2	2	1	0	3	3	2	2	2	2	0	0	0	1	4	3	1	2	2	3	3	1	2	2	4	3	1	2	2	1	3	2	1	0	0	3	1	2	1	6	11	1	2	1	2	7	7	5	7	5	6	4	5	5	14	3	0	2	2	1	0	0	0	1	1	0	1	1	1	1	1	0	1	0	0	2	2	1	1	1	2	3	0	1	6	5	8	4	3	1	6	3	10	6	9	6	3	2	2	1	0	0	2	0	1	1	0	0	1	3	2	0	1	1	0	2	1	0	1	2	1	3	0	2	3	5	6	4	5	9	13	13	0	29	24	43	11	0	0	1	0	1	0	0	0	0	1	1	0	1	0	1	1	0	1	0	1	0	0	2	1	0	1	0	1	0	3	0	1	3	6	7	0	5	7	4	7	18	10	21	32	7	4	2	3	3	4	2	5	4	2	2	1	2	2	3	3	1	1	0	1	5	3	2	0	0	1	2	0	0	1	0	1	1	0	0	1	1	1	0	1	3	1	2	0	2	2	0	0	0	2	0	1	0	0	1	1	1	2	1	2	3	1	8	4	4	2	1	2	2	1	0	0	1	1	4	0	1	0	1	4	2	2	4	3	6	4	6	0	1	3	1	3	5	0	2	0	0	2	0	0	1	2	0	0	0	0	2	0	0	2	1	0	1	0	1	0	0	1	1	3	4	1	3	1	2	0	2	2	1	0	0	0	1	2	0	0	0	1	0	0	0	0	1	0	0	1	1	1	0	0	0	1	0	1	1	0	0	0	1	1	2	0	1	4	5	1	1	2	0	0	0	1	0	0	0	0	0	0	0	3	0	0	1	1	0	0	2	1	0	1	0	1	0	0	0	1	0	1	0	0	0	0	0	0	0	0	0	0	0	0	1	0	1	1	0	0	0	1	0	0	2	0	0	0	0	1	1	1	0	0
0	0	0	0	0	0	0	1	0	2	0	0	1	0	1	1	0	0	1	2	2	0	1	0	3	1	0	1	0	1	0	0	0	1	1	2	1	0	1	1	2	0	1	4	4	4	8	2	6	3	4	4	2	1	0	2	0	0	1	0	0	0	0	0	1	2	0	0	2	1	1	1	1	1	2	1	1	1	7	0	4	4	3	1	7	1	0	1	0	1	1	0	0	2	2	1	0	0	1	3	1	2	5	0	1	2	2	5	2	2	3	5	0	1	0	0	1	1	8	3	4	3	4	9	5	7	7	4	2	4	7	6	7	5	1	0	3	0	0	1	2	0	0	1	0	2	1	1	0	1	0	0	0	1	0	0	0	3	0	0	2	1	2	1	3	1	0	3	3	0	3	4	7	4	0	1	2	0	1	1	3	0	4	2	0	0	1	1	1	1	0	3	1	0	1	2	0	0	2	2	0	2	0	3	13	21	10	29	7	18	29	0	61	68	11	1	0	0	0	1	0	0	0	0	0	1	0	1	1	0	0	2	1	0	2	2	1	1	0	1	0	1	2	0	1	0	3	0	2	2	3	6	2	1	4	6	8	4	16	8	4	3	2	2	3	3	3	2	1	2	0	1	1	1	1	0	1	0	3	0	1	1	0	1	0	1	2	1	0	1	1	0	1	0	0	0	0	1	0	3	4	1	1	2	0	1	1	0	0	0	1	0	1	1	0	1	1	1	0	1	3	5	1	3	2	0	4	0	2	3	1	1	0	1	0	0	0	0	3	2	1	3	1	2	0	2	1	2	3	1	1	3	2	1	1	1	0	1	2	0	1	0	0	0	0	0	4	1	1	0	1	0	0	2	2	0	0	1	0	0	1	1	1	0	2	1	1	3	0	1	0	1	0	1	1	0	1	0	0	0	0	0	1	0	0	1	0	1	0	0	0	0	2	0	0	2	0	3	1	0	1	0	2	2	1	1	0	0	0	0	0	0	0	1	1	0	0	0	0	1	0	1	0	1	0	0	0	1	0	0	2	1	1	0	0	0	1	0	0	0	0	0	0	0	0	1	0	0	0	1	0	0	0	0	0	0	1	1	0	0	0	1	1	0	1	0	0	0	1
0	0	0	0	0	0	0	0	0	0	1	1	0	2	0	2	0	1	0	0	1	1	1	0	1	2	0	0	2	1	6	1	0	1	0	1	1	1	1	1	2	2	1	3	4	1	3	4	3	1	1	3	1	2	1	0	1	0	1	1	1	1	2	1	0	0	0	2	1	2	3	2	1	0	1	2	2	3	7	2	0	1	2	2	2	1	1	2	2	3	2	0	0	1	0	0	5	2	0	2	0	0	1	2	3	1	1	0	1	2	0	0	0	2	0	1	1	8	5	1	10	5	2	10	5	20	8	6	2	2	3	3	4	3	4	0	3	0	1	1	0	0	0	1	0	1	3	0	1	0	1	1	0	0	1	2	0	1	0	1	2	1	2	4	1	2	3	0	0	5	1	2	2	1	1	2	2	0	1	0	1	0	0	1	0	0	0	1	0	0	0	1	0	1	1	1	0	1	1	1	1	1	1	1	8	10	4	7	9	9	24	61	0	26	3	1	5	1	0	0	1	0	0	0	0	0	0	0	0	0	0	0	0	3	1	1	0	0	0	1	0	0	1	0	3	0	3	0	1	3	2	2	1	1	1	7	4	4	14	2	1	4	2	2	3	2	2	1	3	1	1	1	2	1	1	0	1	0	2	4	1	0	0	1	0	1	1	0	1	0	0	0	0	0	1	0	0	2	1	0	0	2	0	0	0	0	0	0	0	0	0	0	2	1	1	0	0	0	0	2	1	0	3	0	1	3	4	1	2	1	4	0	0	2	2	1	0	4	1	2	0	1	4	3	3	5	2	2	1	0	3	3	1	1	1	1	1	0	0	0	0	2	0	0	0	0	0	2	0	1	0	2	0	1	0	1	1	0	0	1	0	2	3	2	2	1	0	1	2	0	2	0	1	1	0	1	0	0	0	0	0	3	0	0	0	0	0	0	0	1	1	1	0	0	1	1	1	3	1	4	0	2	0	0	0	2	0	0	2	1	0	0	1	0	0	1	0	1	1	0	0	0	1	0	1	1	1	0	0	1	0	0	0	0	0	0	0	0	0	0	0	0	0	0	0	0	2	0	1	1	1	0	0	0	0	0	0	0	0	0	1	1	0	0	0	2	0	0	0
0	0	0	0	0	0	0	0	0	0	0	0	0	1	2	1	0	1	1	0	4	1	2	1	1	0	2	1	4	2	2	2	3	1	0	0	1	1	1	4	0	1	2	2	2	5	4	1	6	2	5	8	4	1	2	1	0	2	0	2	1	1	0	0	0	0	2	3	1	3	1	0	1	3	1	2	2	2	2	2	0	5	3	1	4	3	1	2	1	2	0	3	2	0	1	2	4	2	0	1	3	2	2	1	2	2	5	1	2	2	2	1	3	1	0	2	3	7	28	6	5	3	4	13	20	13	8	21	5	9	7	5	9	8	0	1	1	2	0	1	0	2	0	0	1	0	0	0	1	0	2	2	0	0	0	0	0	1	1	2	0	2	2	0	5	4	5	1	3	5	7	2	10	2	0	1	1	1	1	1	1	1	1	1	1	1	0	1	1	0	2	0	0	0	3	1	2	1	3	2	3	5	3	9	18	16	9	16	9	12	43	68	26	0	10	1	2	1	1	0	0	0	0	0	1	0	0	0	1	1	0	0	0	1	0	3	1	0	0	0	1	0	0	2	1	1	1	2	1	1	3	6	3	1	5	4	8	8	90	8	4	1	2	3	3	3	4	2	2	0	1	4	1	2	1	0	0	0	2	1	2	1	2	0	0	1	2	0	1	1	0	0	0	0	0	2	0	1	1	0	2	1	3	0	0	2	0	1	0	1	1	1	0	0	0	1	0	0	3	0	0	1	2	0	2	2	2	2	2	2	2	1	0	0	0	0	0	0	1	0	1	2	2	3	0	4	2	1	2	2	1	2	3	0	1	0	2	2	1	0	2	0	0	2	1	0	0	0	1	1	0	2	2	0	1	0	1	0	0	2	2	1	3	1	3	2	1	1	1	0	1	0	0	0	0	2	0	0	0	0	1	0	0	0	0	3	1	1	0	3	0	1	0	0	0	0	1	1	1	0	0	3	0	1	0	0	0	0	0	2	1	0	2	0	1	1	0	1	0	0	0	0	2	0	0	0	1	0	0	1	0	0	0	0	0	0	0	0	0	0	1	0	1	0	1	0	0	1	1	0	0	0	1	2	0	0	0	0	1	0	1	1	0	1	1	0	1	0	0
0	0	0	0	0	0	0	0	0	0	0	0	0	0	0	1	0	1	0	0	0	1	0	2	0	2	1	1	4	3	1	2	2	0	1	0	0	1	1	3	1	0	2	1	2	1	1	0	1	4	2	11	2	0	0	1	2	0	2	2	0	0	0	1	1	0	1	1	2	3	0	2	3	2	1	0	4	2	2	0	1	0	1	1	0	2	1	2	3	2	1	0	0	2	4	0	3	1	4	3	4	6	4	3	4	11	7	11	14	3	2	5	1	6	0	2	1	6	11	1	2	2	1	2	3	1	3	1	3	2	10	26	75	15	8	1	3	1	0	2	1	1	2	1	1	0	1	1	3	1	1	1	0	1	1	2	3	0	2	5	3	6	6	4	6	4	4	5	5	2	4	4	5	1	3	2	2	1	2	2	4	4	2	1	1	1	1	0	1	0	2	0	2	4	1	1	2	1	6	2	2	3	2	3	7	9	3	8	16	28	11	11	3	10	0	6	3	0	2	0	3	0	0	1	0	1	1	0	1	3	2	0	3	1	2	0	4	1	1	1	0	2	2	2	1	1	2	3	7	8	3	2	6	5	11	7	4	2	6	1	3	2	5	1	2	1	1	5	2	1	0	0	1	1	0	0	0	5	3	1	0	1	0	3	2	0	2	1	1	1	1	2	2	1	0	0	2	0	6	5	4	3	0	0	0	3	1	1	1	1	2	0	0	0	4	0	1	3	1	4	3	2	2	0	1	2	1	0	1	0	1	0	1	0	1	0	0	1	1	0	1	1	2	1	1	2	3	1	4	3	1	2	1	0	0	0	0	0	0	0	1	0	0	2	0	0	0	0	0	0	0	1	2	0	1	2	1	0	0	0	3	1	2	2	3	1	2	0	3	1	0	0	0	0	0	2	0	0	2	2	2	2	0	2	0	0	0	0	2	0	2	0	2	1	3	2	2	3	5	3	1	1	2	4	1	0	1	0	1	2	3	1	0	1	0	1	0	0	0	0	0	0	1	2	0	3	1	0	0	1	0	0	0	1	1	0	1	0	2	0	1	1	3	0	0	0	0	2	0	0	0	0	1	1	2	0	0	0	1	1	3	0	1	0	0	1	0	1	0
0	0	0	0	0	0	0	0	1	1	0	0	0	0	0	0	0	0	0	0	0	0	1	1	1	0	2	1	0	0	0	0	1	0	1	2	0	2	1	0	0	1	1	4	3	0	3	2	1	1	5	3	0	1	0	0	1	1	0	1	0	0	0	1	0	0	0	0	0	1	2	1	0	1	1	0	1	1	1	1	1	1	1	1	0	1	1	2	1	1	1	1	0	1	1	2	1	1	3	5	1	1	4	2	7	4	5	11	6	4	0	0	2	2	0	0	1	2	2	2	2	1	1	1	0	0	0	4	0	0	1	3	3	10	17	29	21	10	1	1	2	0	2	5	5	6	4	0	5	0	1	2	6	7	10	6	26	14	12	18	8	4	6	1	0	1	2	2	2	0	2	0	3	1	2	2	0	1	1	3	0	2	3	1	0	2	1	4	5	4	0	2	2	2	1	1	2	3	2	2	0	1	2	3	3	0	1	4	4	0	0	1	1	1	6	0	32	6	1	5	2	2	0	1	1	0	0	1	1	2	4	0	1	2	4	1	1	0	1	1	1	1	1	0	2	1	1	3	3	3	1	2	3	4	2	1	1	0	0	2	2	0	1	2	2	0	3	1	2	0	1	0	0	0	1	0	0	0	1	1	0	1	0	0	1	0	1	3	1	1	0	2	0	2	1	1	4	1	1	3	4	1	0	1	2	0	1	0	2	0	1	2	2	0	0	1	0	2	2	2	0	3	1	0	1	0	0	0	0	0	0	0	0	1	1	0	1	0	1	0	0	1	0	0	0	1	0	0	0	1	1	0	0	1	1	0	1	0	0	0	0	1	0	1	0	1	1	1	0	0	0	0	0	1	1	2	1	1	1	1	0	1	0	1	0	3	1	2	0	1	0	0	2	1	0	0	0	2	1	1	0	0	1	1	2	0	3	0	0	0	1	1	2	0	1	1	3	4	8	5	5	2	1	2	1	0	1	0	1	0	0	0	0	1	0	1	1	1	0	2	0	0	1	1	1	1	1	0	0	0	0	1	0	1	2	1	3	0	0	0	0	1	1	2	2	0	1	1	0	1	1	0	1	0	0	0	1	1	0	1	2	1	0	1	1	1	1	1	0
0	0	0	0	0	0	0	0	0	0	0	1	1	1	0	1	0	0	2	0	0	0	0	0	1	1	2	1	0	2	0	1	1	0	0	1	1	1	1	0	1	1	0	0	0	0	3	1	0	0	1	2	0	1	1	0	0	0	0	0	0	0	2	0	1	0	0	1	1	0	0	0	0	0	2	0	0	0	1	0	0	2	0	1	0	0	1	0	1	0	1	2	1	3	1	0	0	0	3	2	4	3	3	1	8	5	3	9	6	1	2	0	0	0	1	3	0	0	1	1	0	0	0	1	0	1	0	1	2	1	2	5	3	3	9	21	7	6	0	4	1	3	1	1	5	5	3	2	2	0	5	7	10	7	11	9	31	11	55	20	10	3	4	3	2	2	2	1	1	0	2	1	0	2	0	2	1	0	1	2	0	2	2	4	1	2	3	14	5	7	1	2	1	4	0	2	1	1	1	1	1	2	1	3	2	2	3	1	0	2	0	0	5	2	3	32	0	12	9	3	3	1	1	1	0	2	1	1	0	1	1	1	1	0	1	2	0	1	1	0	0	0	1	0	0	1	0	1	2	2	0	2	1	0	2	2	2	0	4	2	1	1	0	3	1	2	0	3	0	2	2	0	0	0	0	0	0	0	1	0	1	0	0	1	1	3	0	1	3	1	0	2	0	3	1	1	4	0	2	3	2	1	0	1	0	3	0	0	1	0	1	1	2	3	4	1	0	1	1	3	0	0	0	0	0	1	1	1	0	0	0	0	0	0	0	0	0	1	2	0	1	0	0	0	1	0	1	0	1	2	1	0	0	1	0	1	0	0	1	1	0	0	0	0	2	0	3	1	1	0	0	1	0	0	0	0	0	1	1	0	0	0	1	1	0	3	1	3	1	1	0	2	1	0	0	0	0	0	0	0	1	0	1	0	1	0	0	0	0	0	0	0	1	1	2	1	4	2	3	4	3	3	0	1	0	0	0	1	1	0	0	0	0	0	1	0	0	1	1	0	0	1	1	0	0	2	1	0	0	1	0	0	0	1	1	1	1	1	0	0	0	3	0	0	1	3	1	0	1	1	0	0	0	2	1	1	0	0	0	1	2	3	1	0	0	0	0	1	0
0	0	0	0	0	0	0	0	0	1	0	0	0	0	0	0	1	1	0	0	0	1	0	0	0	0	0	1	0	1	2	1	0	0	0	0	0	0	0	0	1	0	1	0	0	0	0	0	0	1	1	0	0	2	0	0	1	2	0	0	0	0	1	1	1	0	0	0	0	0	1	0	1	0	0	1	0	1	0	2	0	0	1	0	1	0	1	1	0	0	2	0	1	0	0	0	1	0	1	0	0	0	3	0	3	1	1	2	3	1	0	0	2	1	0	0	1	1	0	1	0	0	0	0	0	2	0	0	0	1	1	0	0	5	2	6	4	6	2	0	5	3	2	5	10	8	9	8	11	7	11	53	98	38	3	9	6	14	16	10	2	1	0	0	0	0	0	2	1	1	0	1	1	0	0	2	2	2	1	0	1	3	1	1	0	0	5	3	2	0	2	1	0	0	0	1	0	0	3	0	0	1	0	4	0	0	1	0	1	3	1	0	1	1	0	6	12	0	28	6	2	0	1	0	1	1	1	2	0	0	0	3	1	0	0	1	1	0	0	1	0	1	0	1	0	1	0	1	0	0	0	1	0	0	1	1	0	0	2	0	0	0	1	0	0	0	1	1	1	0	0	2	2	1	0	0	0	1	2	0	0	0	0	1	0	1	0	2	0	2	1	0	1	2	1	2	2	1	0	4	2	0	0	1	0	3	1	1	1	0	1	1	2	2	2	0	0	0	1	0	0	0	0	0	1	1	1	0	0	1	1	0	0	0	0	1	1	0	0	0	0	0	0	0	2	0	1	1	1	0	0	0	2	0	1	0	0	0	0	0	0	0	0	0	2	0	1	0	0	0	1	0	0	1	0	1	0	0	1	0	0	0	1	0	0	0	0	0	0	2	0	0	0	0	1	0	0	0	0	0	1	0	0	1	0	1	1	2	1	1	1	0	0	1	1	1	2	4	2	1	0	0	0	1	0	0	2	1	0	1	2	0	0	0	2	0	0	0	0	1	0	1	0	0	0	0	2	0	1	1	0	2	0	2	0	0	0	2	1	0	0	0	0	2	1	0	1	1	0	2	0	0	1	1	0	3	0	1	2	1	5	1	4	1	1	1	1	0	0
0	0	0	0	0	0	0	1	0	0	0	1	0	0	0	0	1	0	1	1	0	0	0	4	2	0	1	0	1	0	0	2	1	2	1	0	1	0	0	0	1	1	0	1	0	2	1	0	0	0	1	3	0	1	0	1	0	1	0	0	0	0	0	0	0	0	0	0	0	0	0	1	0	1	0	1	0	1	1	0	0	0	1	0	0	0	0	0	1	0	0	0	0	0	0	2	0	1	0	0	2	0	1	1	0	0	0	1	0	0	1	0	0	1	1	1	0	0	1	0	2	0	1	2	0	0	2	1	0	0	0	2	2	3	0	0	7	4	3	1	2	5	4	5	10	20	14	21	10	10	11	43	33	19	10	0	7	8	8	2	3	0	0	2	0	0	0	0	1	2	0	0	2	2	1	1	0	0	0	0	2	1	2	1	1	0	1	4	3	2	1	1	0	1	0	0	0	1	0	0	0	0	1	0	1	0	1	2	0	1	0	0	0	1	2	1	9	28	0	62	15	5	4	3	2	2	1	1	2	2	1	0	0	2	1	0	0	0	0	1	2	1	0	1	0	1	0	1	1	0	0	0	0	1	0	0	2	0	2	0	0	0	2	0	1	1	1	1	0	0	0	1	0	0	0	0	0	0	0	1	0	0	1	0	1	0	0	1	0	0	2	1	1	2	0	0	1	0	1	1	0	1	1	0	1	0	0	0	1	2	1	0	0	3	1	0	0	0	1	0	0	0	0	0	0	0	1	0	0	0	0	0	0	0	0	0	0	0	0	0	1	0	0	1	1	0	1	0	0	0	0	1	0	0	0	0	2	0	0	1	0	0	0	0	0	0	0	0	0	0	2	0	0	0	0	0	0	0	0	0	0	0	1	0	0	3	1	3	1	0	1	0	1	0	0	0	0	0	0	0	0	0	0	0	1	1	0	0	0	1	1	0	0	1	0	1	4	0	1	3	2	0	1	0	0	2	1	0	2	0	0	0	0	0	0	0	0	0	0	0	0	0	0	0	1	0	0	0	1	0	1	1	0	1	0	1	0	2	0	0	0	0	0	1	1	1	0	1	1	0	1	1	2	3	2	0	1	1	2	2	5	0	3	2	0	0	1	0	0
0	0	0	0	0	0	0	0	0	0	0	0	0	0	0	0	0	0	0	1	1	0	0	0	0	0	2	0	0	0	0	0	0	0	0	0	0	1	0	0	1	1	0	0	1	1	3	0	0	0	0	0	1	0	0	0	0	1	0	1	0	0	0	0	0	1	0	0	0	0	1	0	1	0	0	0	0	0	0	1	0	0	0	0	0	0	0	0	0	1	2	1	1	0	1	0	0	0	0	1	1	0	3	2	2	0	0	1	2	0	1	2	1	0	0	0	1	0	0	0	0	0	0	0	0	0	1	2	0	0	1	0	1	0	1	2	6	9	8	6	1	2	2	6	7	13	43	37	8	8	10	19	11	12	2	5	5	3	3	2	0	0	2	0	1	2	2	0	1	0	0	1	3	1	0	0	2	0	2	0	1	0	1	1	1	2	4	1	2	0	0	1	0	2	1	0	2	0	0	1	1	1	1	1	1	1	1	0	0	0	1	1	0	0	0	5	3	6	62	0	33	5	3	4	3	2	2	1	1	2	2	1	3	2	3	2	0	0	0	0	1	0	0	0	0	0	0	0	0	0	0	1	2	1	1	0	0	0	0	1	1	0	0	0	0	0	0	0	0	0	0	0	0	0	0	0	0	0	0	0	0	0	0	2	0	1	0	1	1	2	0	1	1	0	0	2	1	1	3	1	1	1	2	0	1	1	0	0	0	0	2	0	1	0	0	1	0	0	0	0	0	0	0	1	0	0	0	0	0	0	0	0	0	1	0	0	0	0	0	1	0	1	0	0	0	0	1	0	0	2	0	1	0	0	0	0	1	0	0	0	0	1	0	1	0	0	1	0	0	1	0	0	0	0	0	0	0	0	0	0	0	0	0	0	0	0	0	0	0	0	0	1	0	1	1	0	0	0	1	0	0	0	1	1	1	0	0	0	1	0	0	1	2	2	1	2	0	2	1	2	2	2	1	1	0	0	0	1	2	0	0	0	1	0	1	1	0	1	0	0	0	0	0	0	0	1	0	0	0	1	1	0	0	1	1	2	1	2	1	0	0	0	0	1	0	1	0	0	0	2	1	1	0	1	2	3	1	3	0	3	3	3	3	0	0	0	1	1	3
0	0	0	0	0	0	0	0	0	2	0	0	0	0	0	0	0	0	0	1	0	0	0	2	1	0	0	1	0	0	0	1	0	1	0	1	0	0	0	0	0	0	0	2	0	1	1	0	0	0	0	1	0	0	0	0	0	0	0	0	0	0	0	0	0	1	1	0	0	0	0	0	1	0	0	0	0	1	0	0	0	0	0	0	1	0	1	1	1	0	0	2	1	3	0	1	0	1	0	0	0	0	0	2	1	0	1	2	0	0	1	1	0	1	0	1	1	0	1	0	0	0	0	0	0	0	0	0	0	0	1	0	2	0	1	2	1	2	4	8	10	14	10	6	14	35	28	12	5	3	6	7	6	11	4	5	5	5	5	3	0	1	2	0	0	2	1	0	0	0	1	0	2	1	1	0	1	1	0	0	2	0	2	1	0	1	1	0	3	0	1	3	0	0	2	1	1	2	1	0	1	0	0	2	1	1	3	0	2	1	0	0	1	0	3	2	3	2	15	33	0	12	7	5	6	2	1	1	2	2	4	2	1	1	1	2	0	0	2	0	1	0	0	0	1	0	2	0	1	1	2	2	0	1	1	0	0	0	0	0	0	0	0	1	1	0	1	1	0	1	0	1	1	0	0	0	0	1	0	0	1	1	1	0	1	0	0	1	0	2	0	1	0	2	0	0	1	2	3	3	0	0	0	0	0	1	0	0	1	0	0	0	0	1	1	1	0	2	0	1	0	0	1	1	2	1	0	0	2	0	0	0	0	0	1	1	1	0	0	1	0	0	0	1	1	0	0	1	2	0	0	0	1	1	0	0	1	0	0	1	0	2	1	0	2	0	0	0	1	1	2	0	0	0	0	2	0	1	0	1	0	0	0	0	0	1	0	1	0	2	1	0	4	1	1	0	0	1	0	0	0	0	0	1	1	0	1	0	0	1	0	2	0	0	0	2	3	5	4	1	2	2	1	3	0	1	3	2	2	0	0	0	0	0	0	1	0	0	0	0	2	0	1	0	0	2	0	2	3	2	0	1	0	0	4	1	2	1	0	1	2	0	0	0	0	0	1	0	1	1	1	0	0	1	1	1	0	1	1	3	6	2	4	1	1	1	1	1	0
0	0	0	0	0	0	0	1	1	0	0	0	0	0	0	1	0	0	0	1	0	0	1	0	0	0	0	0	0	0	0	0	0	0	1	0	0	0	0	0	1	0	1	0	0	2	1	0	0	1	0	1	0	0	0	0	0	0	0	0	0	0	0	0	0	0	0	0	0	2	0	0	0	1	0	0	0	0	0	0	0	0	0	0	0	0	0	0	0	0	0	1	0	0	1	1	1	0	0	0	0	1	0	0	0	2	1	1	1	1	1	0	0	1	0	1	1	1	1	0	1	0	1	1	0	0	0	0	1	1	0	0	1	1	1	0	1	1	4	5	10	9	4	16	4	13	9	4	1	3	1	4	5	4	2	2	2	3	2	0	0	0	0	0	0	1	1	0	1	0	1	0	0	0	0	0	0	1	1	0	0	0	1	1	1	0	0	1	2	0	0	0	0	0	1	1	2	1	1	1	1	0	0	1	0	0	0	1	1	0	0	0	0	0	0	2	1	0	5	5	12	0	12	8	16	8	1	2	2	3	6	3	6	2	0	1	0	0	0	0	0	1	0	1	0	2	0	0	1	0	0	1	1	1	0	0	1	0	0	1	1	0	0	1	0	0	0	0	0	0	0	1	0	1	0	0	0	1	0	0	0	0	0	2	0	0	0	0	1	0	0	0	0	0	1	1	0	1	1	1	0	0	0	0	1	3	2	0	2	0	0	0	0	0	1	3	1	0	0	0	0	0	0	0	0	0	1	0	0	0	0	1	0	0	0	1	0	1	0	0	1	0	0	0	0	0	0	0	0	1	0	0	1	1	0	0	0	0	0	0	0	0	2	1	0	0	1	0	0	1	1	0	0	0	0	0	1	2	0	1	0	1	1	1	0	1	1	0	0	0	0	0	0	1	1	0	0	0	0	2	1	0	2	1	1	0	1	1	0	0	0	0	1	1	0	1	2	2	1	1	0	1	1	2	0	1	0	0	1	0	2	3	0	0	1	0	2	0	0	0	2	0	0	1	0	2	1	0	0	0	0	1	2	1	1	2	0	2	0	1	0	0	1	0	0	1	0	0	1	0	0	0	0	0	0	0	0	1	2	3	0	0	0	1	0	0	1	0	1
0	0	0	0	0	0	0	0	0	0	0	1	0	1	1	0	0	1	1	1	0	0	0	0	0	0	0	0	0	1	0	0	0	0	0	1	0	0	0	0	0	1	0	0	2	0	0	1	0	0	0	1	0	1	0	0	0	0	0	1	0	1	0	0	0	0	0	1	0	1	0	0	0	0	0	0	0	0	0	0	0	0	0	1	1	1	0	1	2	1	0	1	0	0	0	0	0	0	1	0	1	2	2	1	0	0	0	0	1	0	0	0	0	0	3	0	0	0	1	0	0	1	0	1	0	0	0	1	0	0	0	0	0	2	0	1	1	1	4	6	15	2	7	8	5	5	5	3	2	0	0	0	2	2	0	2	1	4	3	0	0	0	0	0	0	0	0	0	1	0	1	0	0	0	0	0	0	0	0	0	0	0	0	0	0	0	0	1	0	2	0	0	1	2	1	1	0	1	0	2	0	1	0	0	0	0	2	1	0	0	0	0	0	0	0	0	1	1	4	3	7	12	0	32	25	10	8	7	6	5	14	5	7	0	0	3	2	0	0	0	1	1	2	1	0	0	0	1	0	1	0	1	1	0	0	0	0	0	1	1	0	0	0	0	0	1	2	0	0	0	0	0	0	0	0	2	0	0	0	1	0	2	1	0	0	1	1	0	0	0	1	0	0	1	0	1	0	0	1	1	0	0	2	0	0	1	1	0	0	1	0	1	0	2	0	0	2	1	0	0	0	0	0	0	0	0	0	0	1	0	0	0	0	0	0	0	1	0	1	0	0	2	0	1	0	0	0	0	1	0	0	0	0	0	0	0	0	0	0	0	0	0	0	1	0	0	0	0	0	0	0	0	1	0	0	0	0	0	0	1	0	1	1	0	0	1	0	0	1	1	0	1	2	0	0	0	0	2	0	0	0	1	2	0	2	0	1	1	0	0	0	1	2	0	1	1	3	3	1	1	0	1	0	0	1	2	4	2	2	2	1	2	1	0	0	0	0	0	0	2	0	1	4	0	0	0	1	0	0	2	1	2	0	1	0	3	3	2	1	1	0	0	3	1	0	0	1	0	0	0	1	0	0	1	1	0	0	2	1	2	2	1	0	0	0	1	0	0	1
0	0	0	0	0	0	0	0	0	0	0	0	0	0	0	0	0	0	0	0	0	0	0	1	1	0	0	1	0	0	1	1	1	1	1	0	1	1	1	0	0	1	0	0	0	1	0	0	1	0	0	0	0	0	0	0	0	0	1	0	0	0	0	0	0	0	1	0	0	0	1	0	0	1	1	0	0	1	0	0	0	1	0	1	0	1	1	0	0	1	1	0	0	0	1	0	0	0	0	0	0	0	0	1	0	1	0	1	0	0	0	0	0	2	0	0	0	0	0	0	0	0	0	0	0	0	0	0	0	1	0	0	0	0	0	5	1	3	0	3	3	5	3	8	3	3	3	0	3	0	1	2	0	1	1	2	0	1	2	0	0	0	1	0	0	2	0	1	0	0	0	0	0	0	1	1	0	0	0	0	0	0	2	0	1	0	0	0	0	0	0	0	0	1	1	0	0	0	2	0	1	0	0	0	0	0	0	0	0	0	0	0	0	0	1	1	1	0	3	4	5	8	32	0	76	46	9	10	8	8	7	3	4	1	1	1	0	1	0	0	1	2	0	1	0	1	0	0	2	0	0	1	0	0	0	1	1	0	0	1	2	0	0	0	1	1	0	0	1	0	0	0	0	0	1	0	1	1	0	1	0	0	0	0	0	1	0	1	0	0	0	0	0	1	0	0	0	0	1	3	1	0	0	1	0	1	3	0	0	0	0	0	1	0	0	0	1	0	2	0	0	0	0	0	0	0	0	1	0	0	0	2	0	0	0	0	1	0	0	1	0	1	2	0	0	0	0	0	0	1	0	0	0	0	0	0	0	2	0	1	1	0	0	0	1	0	0	0	1	2	0	1	0	0	0	0	0	1	0	0	0	0	2	1	1	0	0	0	1	0	0	0	1	0	0	2	1	1	1	0	0	1	0	1	0	0	0	0	0	0	0	1	0	1	2	0	2	0	1	0	1	2	1	1	0	0	0	0	2	2	1	2	1	1	0	1	0	0	0	0	1	0	0	0	1	0	1	1	1	2	2	0	0	2	1	1	0	2	0	0	0	0	0	1	0	0	0	2	1	1	0	1	1	0	0	1	0	0	0	0	1	0	2	0	1	0	0	0	0
0	0	0	0	0	0	0	0	0	0	0	0	0	0	1	0	1	0	0	0	1	0	2	3	0	0	0	1	0	0	0	0	0	0	1	0	0	0	0	0	1	1	1	1	0	0	0	1	0	1	0	1	0	1	0	0	0	1	0	0	1	0	0	0	0	0	1	0	0	0	1	0	0	1	1	1	0	1	0	0	0	0	1	0	1	0	0	0	0	3	1	0	1	0	0	0	0	0	1	0	0	0	0	1	0	2	0	0	1	1	1	0	0	0	2	2	0	0	1	2	1	0	0	0	0	0	0	0	0	0	0	0	0	0	0	0	4	2	2	7	5	6	5	8	6	5	2	3	2	1	1	1	0	2	1	2	1	4	1	0	0	0	1	2	2	0	0	1	2	0	1	0	0	0	0	0	0	0	0	2	2	0	1	0	2	0	0	0	1	0	0	0	0	2	0	0	0	0	1	0	0	0	0	0	0	1	0	1	1	0	1	0	0	1	0	1	0	1	2	3	6	16	25	76	0	15	8	4	2	4	11	4	6	0	2	2	0	1	0	0	0	1	0	2	0	0	0	0	0	0	0	0	0	1	2	1	0	0	1	0	0	0	0	0	0	1	1	1	0	0	0	0	0	0	0	0	0	0	1	0	0	1	0	0	1	1	0	0	0	0	1	0	0	0	0	0	0	1	1	1	0	0	1	0	1	0	0	0	0	0	0	1	0	0	2	0	1	0	1	0	1	0	0	0	0	0	0	0	0	0	0	1	0	0	0	0	0	1	0	0	0	0	0	1	0	1	0	1	1	0	0	0	0	1	0	0	1	0	0	0	0	1	0	0	0	0	1	1	0	1	0	0	0	0	1	0	0	0	0	0	0	0	0	0	0	0	0	0	0	0	1	0	0	0	0	0	0	1	0	0	0	1	1	0	1	1	0	1	1	0	0	0	0	0	1	1	4	1	0	0	0	1	0	1	0	2	1	0	1	2	0	1	2	2	0	1	0	1	0	2	0	1	1	1	0	1	0	0	1	1	1	2	2	1	3	2	1	1	0	0	1	0	0	0	2	0	0	1	0	0	0	1	0	1	0	0	1	0	1	1	1	0	2	0	0	1	1	0	1
0	0	0	0	0	0	0	0	0	0	0	0	0	0	0	1	0	0	1	0	1	0	0	0	0	0	2	0	0	0	0	0	0	1	0	0	0	0	0	0	0	1	1	1	1	1	0	0	0	0	2	0	0	0	0	0	0	0	0	0	0	0	0	0	2	0	0	0	0	0	0	0	0	0	0	0	0	0	0	0	0	0	1	0	0	1	0	0	1	0	1	1	0	2	0	0	0	0	1	1	0	0	0	0	2	0	0	0	0	0	1	0	0	0	0	0	1	0	1	0	1	0	0	1	0	0	0	0	0	0	0	0	0	2	0	0	2	3	1	5	4	1	6	8	0	4	0	2	0	1	1	1	0	1	4	1	3	3	2	1	0	0	0	0	2	1	0	0	0	0	0	0	1	0	1	1	0	0	0	0	0	0	0	1	0	0	0	2	0	0	0	2	0	0	0	1	0	1	0	0	0	1	1	1	0	1	0	0	1	0	1	1	0	0	1	0	2	1	2	2	2	8	10	46	15	0	14	8	8	11	19	7	9	1	3	0	1	0	1	0	0	0	0	1	0	0	0	0	1	0	2	1	1	1	2	0	0	0	0	0	0	0	0	0	1	0	0	0	1	0	0	0	2	0	1	0	1	0	0	0	0	0	0	0	1	0	0	0	0	0	2	0	1	0	0	0	0	0	1	0	3	0	1	0	0	0	0	1	2	0	0	0	0	0	1	0	0	0	1	0	0	0	1	0	0	0	1	2	1	0	0	0	1	0	1	2	1	0	0	0	0	0	0	0	1	0	0	0	1	1	2	1	0	2	0	0	0	0	0	0	2	0	0	0	0	1	0	1	1	0	0	1	0	0	0	0	0	0	1	1	0	0	0	0	1	0	0	0	0	0	1	0	1	0	0	0	1	0	0	0	0	0	0	0	0	0	0	0	2	0	1	1	2	1	3	0	0	0	0	3	2	1	1	0	0	0	1	1	1	0	0	0	0	2	0	1	0	2	0	0	0	0	1	1	0	1	0	0	3	0	2	3	2	4	0	1	0	0	0	0	1	0	0	4	1	1	0	0	0	1	1	0	0	1	1	0	1	0	2	0	3	0	1	2	0	0	0	1	1
0	0	0	0	0	0	0	0	0	0	0	0	0	0	0	0	0	0	0	0	0	0	0	0	0	0	0	0	1	1	1	0	0	0	0	0	0	0	1	1	0	0	1	0	0	0	0	3	0	0	0	0	1	0	0	0	0	0	0	0	0	0	0	0	0	0	0	0	0	0	1	0	1	0	0	1	0	0	0	0	1	0	0	0	0	0	1	2	0	0	0	1	0	1	0	0	0	2	1	0	0	0	0	1	0	0	0	1	0	0	0	1	1	0	0	1	0	0	0	1	0	0	0	1	1	1	1	0	1	0	0	0	0	0	0	3	1	0	1	6	1	2	2	1	1	0	2	0	1	0	1	0	0	1	0	0	0	2	1	1	0	1	0	1	0	0	0	0	0	0	1	0	0	0	0	0	0	0	0	0	0	1	0	0	0	0	1	2	0	0	0	0	0	0	0	0	0	0	1	0	0	0	1	0	1	0	0	0	2	0	0	0	0	0	1	0	1	1	1	2	1	1	8	9	8	14	0	221	17	20	10	3	5	2	1	1	0	0	0	0	0	0	1	1	0	0	0	0	0	0	0	0	0	0	1	1	0	1	1	0	0	0	1	2	0	0	0	0	0	0	0	0	0	1	0	0	0	0	0	0	0	0	0	0	0	0	0	0	0	0	0	0	0	0	2	1	0	0	2	3	0	1	0	0	0	0	0	1	1	0	0	1	0	1	0	0	0	1	2	0	1	0	0	1	0	0	1	0	0	1	0	0	0	0	0	1	0	2	0	0	0	0	0	0	0	0	0	0	0	0	1	0	0	0	0	0	0	0	0	0	1	0	0	0	0	1	1	1	1	2	0	1	0	0	1	1	0	0	1	1	1	0	1	1	0	0	1	0	0	0	1	0	0	1	1	1	1	1	0	1	1	0	0	0	0	1	0	3	0	0	1	1	1	2	1	3	0	0	0	0	0	2	0	0	1	1	0	0	0	0	0	4	0	1	1	1	1	0	0	2	0	0	2	0	1	1	0	0	2	4	0	1	1	1	0	1	0	0	1	1	0	0	1	0	0	0	0	1	0	0	0	0	0	2	1	0	0	0	0	0	1	2	1	3	0	2	1	1	2
0	0	0	0	0	0	0	0	0	0	0	0	0	0	0	1	0	1	0	0	0	0	0	0	0	0	0	0	1	0	0	1	0	0	0	0	0	0	0	0	0	2	1	0	0	0	0	1	0	1	0	0	1	0	0	0	0	0	0	1	0	0	0	0	0	1	0	0	0	0	0	0	0	0	0	0	1	0	0	0	0	0	0	0	0	0	2	0	1	0	0	0	0	0	0	0	0	0	2	1	0	1	0	0	1	0	0	1	0	0	0	0	1	2	0	0	0	0	0	0	0	0	0	0	0	1	0	0	0	0	0	1	2	1	1	0	0	1	2	5	3	1	5	5	1	1	1	1	2	2	0	0	0	0	1	2	0	1	0	0	0	0	2	0	0	0	0	0	0	0	0	0	0	0	0	0	1	0	1	0	1	1	0	0	0	1	0	0	1	0	0	0	0	0	0	0	0	1	0	0	0	0	0	2	0	1	1	1	1	0	1	1	0	0	0	1	1	2	1	1	1	2	7	10	4	8	221	0	27	13	4	2	1	0	0	1	0	0	1	0	0	0	0	1	0	0	1	1	0	0	0	0	1	0	0	0	0	2	1	0	0	1	0	0	0	0	1	1	0	0	0	0	1	0	0	0	0	0	0	0	0	0	0	0	0	0	0	0	0	0	0	1	0	1	1	0	1	2	0	0	0	0	0	1	0	1	0	0	1	0	0	2	1	0	0	0	1	0	0	0	0	0	0	0	0	0	0	0	0	0	0	0	0	0	0	1	0	0	1	1	1	0	0	0	0	0	0	0	0	0	1	0	0	0	0	0	0	1	0	1	0	1	1	1	0	0	0	0	1	0	0	0	0	0	0	0	0	0	0	1	0	0	0	1	0	0	1	0	1	0	0	0	0	1	1	0	0	1	0	0	0	1	0	0	0	0	0	1	0	1	0	2	1	2	0	1	3	1	0	1	1	1	2	1	1	1	0	1	0	0	1	1	2	0	0	0	2	0	1	0	0	1	0	0	1	1	1	3	1	0	2	2	2	2	0	1	0	1	0	1	0	0	0	0	1	0	1	0	1	0	0	0	0	0	0	1	0	0	1	1	0	1	0	0	1	0	0	0	1
0	0	0	0	0	0	0	0	0	0	1	0	0	0	0	0	0	1	0	0	0	0	0	0	0	0	0	0	0	0	0	0	0	0	0	0	1	0	0	0	2	0	0	0	0	0	0	0	0	0	0	0	1	0	0	0	3	0	0	0	0	0	0	1	0	0	0	1	0	0	0	0	0	1	0	0	0	0	2	1	0	0	0	2	1	0	0	2	1	0	1	1	0	1	0	0	0	0	1	0	0	0	0	1	3	0	1	1	1	0	0	0	0	0	0	0	1	1	0	2	1	0	0	0	0	0	0	1	0	0	1	1	1	0	0	0	0	1	1	5	1	4	6	3	1	0	1	0	0	0	0	0	1	0	1	1	2	2	1	3	1	1	0	0	0	0	0	0	0	0	0	0	0	0	1	0	0	0	1	0	0	1	2	0	0	0	0	0	3	0	0	0	1	0	0	0	0	0	0	0	0	0	0	0	0	1	0	0	0	0	0	1	0	1	1	1	0	0	2	1	2	2	6	8	2	8	17	27	0	25	8	9	3	1	0	1	0	0	0	1	0	0	1	1	0	1	1	1	0	1	1	0	1	1	0	2	0	0	0	0	0	0	0	0	1	0	0	0	0	0	0	0	0	0	0	0	0	0	0	1	1	0	1	0	0	0	0	0	0	0	1	0	0	1	0	0	0	1	0	1	2	0	1	1	0	0	0	1	0	1	0	2	0	0	0	2	1	0	0	1	1	0	0	0	0	0	0	0	0	1	0	2	0	3	0	1	0	0	0	0	0	0	0	0	0	0	0	0	2	0	0	0	0	0	0	0	1	0	0	0	0	0	1	0	0	0	2	0	0	0	0	0	1	0	1	0	0	0	1	0	0	0	0	1	1	0	0	0	0	1	2	1	0	0	1	0	2	1	0	0	0	0	1	1	1	0	2	1	0	0	1	3	0	0	3	4	1	0	2	0	2	1	1	1	0	1	1	1	2	0	0	0	0	1	0	0	3	0	0	0	0	0	0	1	0	1	0	0	2	2	1	1	2	3	1	1	0	2	0	1	1	0	0	0	0	0	0	0	0	1	2	0	0	1	1	1	0	1	1	2	0	0	0	1	0	1	1	0	2
0	0	0	0	0	0	0	1	0	0	0	0	0	0	0	0	0	0	1	0	0	0	0	0	0	1	1	0	0	0	0	0	0	0	0	0	1	0	0	0	0	0	0	0	0	0	1	0	1	2	0	1	0	0	0	0	0	0	2	0	0	0	0	0	0	0	0	0	0	0	1	1	0	0	0	1	0	0	1	0	0	0	1	0	0	2	0	0	0	1	0	0	1	0	0	1	1	1	0	0	0	0	1	1	0	2	0	0	0	0	0	1	0	1	0	0	0	0	1	0	0	0	0	0	0	0	1	0	1	0	0	0	0	0	1	0	1	3	3	0	3	5	2	2	0	1	2	1	1	1	0	1	0	2	1	1	0	1	2	1	0	1	0	0	0	1	1	1	1	1	0	0	0	0	0	0	1	0	0	0	0	3	1	0	1	0	1	1	0	0	1	1	0	0	0	0	1	0	0	0	0	1	0	1	0	0	1	0	1	1	1	0	0	1	3	2	1	0	2	2	2	3	5	8	4	11	20	13	25	0	17	8	22	3	1	1	1	0	0	0	0	0	4	0	0	0	0	3	0	2	1	0	0	0	0	0	0	0	0	1	0	0	0	0	1	0	1	0	0	0	0	0	0	0	0	0	0	0	0	0	1	0	2	0	0	0	1	0	1	0	0	0	0	0	0	1	1	0	1	1	0	2	1	2	0	0	1	0	1	2	0	0	1	1	0	0	0	0	0	3	0	2	4	1	0	1	1	0	0	0	0	0	0	1	1	0	0	1	0	0	0	1	0	1	1	0	0	1	0	1	0	0	0	0	0	0	0	0	2	0	0	1	0	0	0	0	0	0	0	0	0	0	0	0	0	0	1	0	0	0	1	0	1	1	0	0	1	0	0	1	1	1	0	3	2	0	0	0	0	0	0	1	2	1	2	0	2	2	2	2	0	0	3	1	4	3	3	0	1	3	1	1	0	1	0	2	1	2	3	0	1	2	2	3	4	2	0	1	1	2	0	0	2	2	1	2	2	2	4	2	2	4	4	3	1	2	5	1	4	0	1	1	1	0	2	1	0	1	1	0	2	2	1	0	1	0	1	0	1	0	0	1	0	1	0	0	1	1	1
0	0	0	0	0	0	0	0	0	0	0	0	0	0	0	0	1	0	0	0	0	1	0	0	2	0	0	0	0	0	0	0	0	1	0	0	1	0	1	1	0	0	0	0	0	1	0	1	0	0	0	1	0	1	1	0	0	0	2	0	0	0	1	0	0	1	0	1	0	0	0	0	0	1	2	0	0	0	0	0	0	0	0	0	0	0	1	0	1	1	0	0	0	1	3	1	0	1	0	1	0	1	0	3	0	0	0	0	0	0	0	0	0	1	0	0	0	0	0	0	1	0	1	0	1	0	1	0	0	0	0	0	0	1	2	0	2	1	4	20	7	7	9	4	4	3	0	0	1	0	2	1	2	0	2	3	0	1	2	3	0	0	2	3	1	0	1	0	0	1	0	0	0	0	0	1	0	0	0	0	1	0	0	0	1	0	1	1	2	0	0	0	0	1	0	0	0	1	0	0	1	0	1	0	4	0	0	0	1	0	1	0	0	0	2	4	1	0	1	2	4	6	14	7	11	19	10	4	8	17	0	22	53	1	1	2	0	1	0	0	1	0	1	1	1	0	2	1	2	1	1	0	2	0	4	0	0	1	0	3	0	1	1	0	0	1	0	0	0	0	0	0	0	0	2	0	0	1	0	1	0	0	1	0	1	0	0	0	0	1	1	1	0	0	0	1	0	2	0	0	0	1	2	1	2	2	0	2	0	0	0	0	0	2	1	0	0	0	1	0	0	0	0	1	0	0	0	0	0	0	0	0	1	1	0	2	0	0	1	0	0	0	1	0	1	0	0	0	1	0	1	0	0	0	0	0	2	1	0	1	0	1	1	0	2	0	1	0	2	2	1	1	0	2	0	0	0	0	1	0	1	0	1	0	1	0	0	1	1	0	2	2	0	0	0	2	0	0	1	0	2	1	1	3	1	1	0	1	1	0	1	1	0	1	4	11	7	3	3	1	3	3	1	2	2	3	2	0	2	1	2	1	0	1	1	1	3	1	0	0	1	0	5	1	1	3	2	2	1	2	3	4	2	3	2	1	2	1	0	1	0	2	0	1	0	1	1	0	1	0	0	0	1	0	0	1	0	2	1	0	4	2	0	2	1	2	0	2	0
0	0	0	0	0	0	0	2	1	0	0	2	0	0	0	1	0	0	0	0	0	0	0	0	0	0	1	1	0	0	0	0	0	1	0	1	0	0	0	0	0	1	1	0	1	0	0	0	1	0	1	1	1	0	0	0	0	0	0	0	0	0	0	0	0	0	0	0	0	0	0	0	1	0	0	0	0	1	0	0	0	1	0	0	0	0	0	1	1	1	1	0	0	1	0	1	0	1	0	0	0	0	1	0	0	0	0	1	0	2	0	0	0	0	0	0	0	1	0	1	0	0	0	0	1	0	1	0	0	1	1	1	0	0	2	1	2	3	3	5	8	7	12	10	3	2	2	1	0	1	0	0	1	3	3	2	3	2	1	1	2	1	0	0	1	0	0	1	0	1	0	2	1	0	0	1	1	1	0	0	0	2	1	2	0	0	1	1	1	1	1	1	0	1	0	0	0	0	0	0	0	0	1	1	0	0	0	1	0	1	0	2	0	0	0	0	1	3	0	1	2	3	5	3	4	7	3	2	9	8	22	0	32	1	0	1	1	4	2	2	0	2	0	0	0	2	0	0	0	1	0	1	1	1	0	0	0	1	0	0	0	0	1	0	0	0	0	0	1	0	0	1	0	0	1	0	0	0	0	0	1	0	1	0	0	1	1	2	0	0	0	0	0	0	0	0	1	2	1	0	1	0	0	1	2	0	0	0	0	0	0	0	4	0	2	0	1	1	1	0	1	0	0	1	0	1	0	1	0	0	0	0	0	0	0	0	0	0	0	0	0	0	0	0	1	1	0	0	2	0	0	2	1	0	1	0	1	1	0	0	0	1	1	0	2	0	3	0	0	1	0	0	0	1	0	1	0	1	0	0	0	2	0	1	0	2	3	0	0	1	0	0	0	1	0	0	0	0	1	0	1	3	1	3	1	5	0	3	3	1	1	0	2	1	3	9	8	5	4	1	2	5	1	1	3	2	4	0	1	4	1	2	2	0	0	0	2	0	0	0	4	0	1	0	2	0	1	2	0	0	1	5	5	1	1	1	0	3	1	1	0	1	1	1	0	0	1	0	1	2	0	0	0	0	2	0	2	0	2	3	1	2	1	1	0	3	0	0	0
0	0	0	0	0	0	0	0	0	1	0	0	0	0	0	0	0	0	0	0	0	0	2	2	0	1	2	1	0	0	0	0	0	0	0	0	0	0	0	0	0	0	0	2	1	0	0	1	0	0	0	1	1	0	0	0	0	0	0	0	0	1	0	0	0	0	0	0	0	1	0	0	0	0	0	0	0	1	2	0	0	1	2	1	0	0	1	1	0	1	1	2	1	0	0	1	0	0	0	0	2	2	0	0	1	1	2	0	1	0	0	0	0	1	0	1	0	0	0	0	1	1	1	0	0	1	2	1	1	0	0	1	1	0	1	2	5	4	5	20	5	6	6	7	3	3	2	2	2	1	1	1	2	1	4	2	5	0	2	1	0	2	1	2	0	0	1	0	1	2	0	1	0	0	0	0	1	1	0	0	1	3	0	2	1	0	0	2	2	1	1	0	1	0	0	1	0	1	0	0	0	0	0	0	0	0	1	0	1	1	1	1	0	0	3	1	1	1	0	3	1	6	7	4	6	9	5	1	3	22	53	32	0	7	1	1	1	2	0	0	0	0	2	1	1	1	1	1	1	2	2	2	2	1	1	0	1	1	1	0	0	0	1	0	0	0	1	0	0	0	0	0	0	0	0	1	0	0	0	0	0	0	0	0	2	1	0	0	0	0	2	1	2	0	0	1	1	4	0	2	3	0	2	0	0	0	0	1	1	1	0	0	0	0	1	0	0	1	0	1	0	1	1	1	0	0	0	0	0	0	0	0	1	0	0	0	1	0	1	1	1	0	0	0	0	0	0	0	0	0	0	0	0	1	1	0	0	0	0	1	0	0	1	0	1	1	0	0	0	0	0	0	0	1	0	0	0	0	1	0	0	1	2	0	0	1	1	2	0	0	0	0	2	1	1	0	1	1	0	0	1	1	1	1	1	2	0	3	0	1	0	2	0	2	4	15	7	4	4	1	3	2	3	3	2	5	0	2	2	1	3	1	0	0	1	1	0	0	0	0	0	1	0	0	0	1	0	1	1	2	1	6	4	4	2	1	1	2	0	0	0	0	0	2	2	1	0	0	1	1	1	2	0	0	2	2	0	2	1	2	4	0	1	3	1	0	2	0	2
0	0	0	0	0	0	0	0	0	1	0	0	2	0	0	0	0	1	0	0	0	3	1	1	1	1	1	0	0	1	0	0	0	0	0	0	1	0	0	0	1	1	0	0	0	0	1	0	3	0	0	1	1	0	1	0	0	0	0	0	0	1	1	2	1	0	0	0	0	0	0	0	0	2	0	0	0	0	0	0	1	0	0	0	0	1	1	0	0	1	0	0	0	0	1	1	0	0	1	0	0	0	2	2	0	1	3	0	1	1	1	3	0	1	0	0	0	2	1	0	0	0	0	0	1	1	0	1	2	1	2	0	2	2	1	7	4	11	11	9	4	11	4	2	2	2	0	0	1	0	1	0	3	0	2	0	4	5	1	1	1	5	0	0	0	1	3	3	0	2	1	1	0	1	1	0	1	0	0	0	1	0	1	1	1	0	1	0	1	1	0	1	0	1	1	0	1	1	2	1	2	2	1	2	0	2	0	1	2	1	0	0	3	1	1	2	0	0	2	2	1	2	0	1	0	1	2	0	1	3	1	1	7	0	24	11	3	4	1	0	2	2	3	7	7	3	1	2	8	3	3	1	2	2	1	2	1	0	1	0	0	0	0	0	0	1	2	1	0	0	0	1	2	0	0	0	0	0	0	2	1	1	1	1	3	0	1	0	2	0	0	0	0	1	1	3	2	1	4	2	2	0	3	0	0	2	0	1	1	3	1	0	1	4	1	1	0	1	3	1	0	1	1	2	0	1	1	0	0	1	2	2	1	0	0	0	0	1	0	2	0	2	1	1	1	1	0	0	0	0	0	0	0	0	0	1	1	1	1	1	0	1	1	0	1	2	1	0	1	3	1	2	4	1	1	0	0	1	1	1	0	2	1	0	2	3	5	2	0	3	0	0	3	1	3	0	0	3	0	2	1	3	5	3	4	3	3	1	2	1	0	1	1	6	11	19	51	20	13	20	33	15	5	8	8	11	12	10	6	1	2	0	2	2	1	1	0	2	1	2	0	2	0	0	1	4	0	2	2	2	1	4	5	5	8	3	1	4	5	4	0	1	0	4	2	1	2	2	0	2	2	2	1	1	2	4	1	2	2	10	19	18	16	6	6	4	2	0	2
0	0	0	0	0	0	0	0	0	1	0	0	0	0	1	0	1	0	0	0	1	0	0	0	0	1	1	0	0	0	0	0	0	0	0	0	1	0	0	0	0	0	0	1	0	1	1	0	0	0	0	0	0	0	0	0	0	0	0	0	1	0	0	0	0	0	0	0	0	0	0	0	0	0	1	0	0	0	0	0	2	0	1	1	0	0	2	1	0	0	0	1	1	2	0	2	2	0	0	4	2	0	0	2	0	5	1	2	1	0	0	0	1	1	0	0	2	2	0	0	2	0	0	2	0	1	1	1	0	1	0	4	1	4	8	7	2	6	3	4	1	2	3	0	0	0	1	3	0	0	1	0	2	0	1	3	1	1	2	0	3	1	5	2	3	2	3	1	2	0	1	0	1	0	0	1	0	0	1	0	0	0	0	3	0	2	1	0	3	0	0	0	1	0	0	1	3	0	0	0	1	2	0	1	0	0	0	2	0	1	1	2	1	0	2	4	1	0	1	3	1	0	0	1	2	3	1	0	0	1	1	0	1	24	0	74	8	4	2	4	4	3	11	11	14	10	5	5	6	5	2	5	5	6	0	0	1	1	0	1	0	2	1	0	0	0	1	0	0	1	0	0	1	2	0	0	1	2	3	1	1	0	1	2	0	1	2	2	1	1	2	1	0	4	0	2	0	3	7	4	5	2	9	2	3	3	2	1	3	5	1	1	4	4	2	2	0	7	2	5	2	1	0	2	1	1	1	1	0	2	0	0	0	1	3	0	1	1	0	1	1	1	0	0	0	0	0	0	2	1	0	1	1	0	2	0	0	2	0	1	1	0	0	1	1	1	1	2	1	2	2	2	4	0	1	0	1	3	0	2	0	0	2	2	0	2	3	3	1	4	1	3	1	2	2	2	0	0	2	0	3	2	1	2	3	3	1	4	0	1	0	1	2	3	10	6	12	9	16	35	27	10	12	9	12	15	18	10	5	1	1	0	2	2	2	0	0	0	1	0	3	2	1	1	1	1	2	0	0	5	0	5	0	2	0	3	2	1	3	2	1	1	1	4	2	2	3	2	0	0	2	5	1	1	2	4	3	2	5	15	11	38	14	9	11	6	5	2	0
0	0	0	0	0	0	0	0	0	0	0	0	0	0	0	0	1	0	1	1	0	1	0	1	1	0	1	0	0	1	0	0	0	0	0	0	0	0	0	0	0	0	0	0	0	0	0	1	0	1	1	2	0	0	0	1	0	1	1	1	0	0	0	0	0	0	0	0	0	0	2	0	1	0	0	0	0	1	0	0	1	0	0	0	0	0	0	3	0	0	0	1	0	1	1	0	0	0	1	2	2	0	1	2	1	1	3	1	1	2	0	0	0	1	0	0	2	2	0	0	0	1	1	0	0	0	0	1	0	0	0	3	4	2	6	1	5	0	4	3	1	2	1	0	1	0	0	1	0	0	1	0	3	4	5	2	2	1	3	3	4	2	2	4	2	2	2	4	2	3	1	3	2	2	2	1	0	0	1	0	1	0	0	3	4	0	0	2	2	0	1	1	1	0	0	1	3	1	2	0	2	0	0	0	3	3	2	0	0	3	0	2	1	3	0	1	2	1	0	2	2	1	3	1	2	0	1	1	1	1	2	1	1	11	74	0	19	5	2	1	4	8	11	18	15	8	12	3	8	8	7	0	2	2	10	1	0	0	0	0	2	1	0	1	0	1	1	1	0	1	1	1	4	1	1	1	0	1	0	3	1	1	4	0	6	1	0	1	1	0	1	1	1	3	2	1	1	4	6	7	6	3	12	3	1	2	1	4	4	6	3	1	1	6	3	2	4	4	9	8	2	1	0	1	1	2	0	0	1	0	0	1	0	0	1	0	0	1	0	0	0	0	2	2	1	1	2	0	1	3	1	2	1	0	2	1	3	3	0	0	4	2	3	1	1	1	1	1	2	1	3	3	3	3	1	1	5	2	2	1	0	0	0	0	1	5	3	6	5	1	1	3	1	3	0	1	2	0	1	2	3	6	1	2	3	4	4	2	2	0	0	3	4	5	8	4	7	3	15	36	18	9	7	16	17	16	7	4	0	0	1	0	1	1	0	0	1	2	3	1	1	0	0	0	0	0	1	2	1	0	1	1	3	3	3	1	1	0	4	3	3	3	2	2	1	0	3	2	2	3	0	4	2	2	3	4	3	2	9	11	9	17	8	5	7	4	3	4	2
0	0	0	0	0	0	0	0	0	0	0	0	0	1	0	0	0	0	0	0	0	1	0	1	0	0	0	0	0	0	1	0	1	0	1	0	2	1	0	1	1	0	0	0	1	0	1	1	0	2	3	0	0	0	0	0	0	0	0	0	0	1	0	0	0	0	0	1	0	0	0	0	0	0	0	0	0	0	1	0	0	1	0	0	1	0	0	0	0	0	0	0	0	0	0	0	0	0	0	0	0	0	0	2	1	0	0	0	1	1	1	0	0	2	0	0	0	0	1	0	2	0	0	1	2	1	1	2	0	0	0	2	0	2	2	2	0	3	1	1	3	3	0	0	0	1	0	1	0	0	0	1	1	0	3	1	0	1	0	1	0	3	0	2	2	1	0	0	2	0	0	1	3	0	0	0	2	0	2	0	1	3	1	0	3	0	0	1	0	0	1	3	1	2	0	0	0	0	1	1	0	0	0	0	1	0	0	0	0	1	0	1	0	1	4	1	0	1	0	0	0	0	2	0	0	1	0	0	0	1	0	1	1	3	8	19	0	23	5	5	12	11	639	46	20	17	12	6	5	5	2	1	2	5	5	3	0	0	1	0	0	0	2	3	0	0	2	1	3	1	0	1	2	2	2	0	1	2	1	1	4	3	3	3	1	3	2	0	1	1	2	1	1	2	1	1	0	2	2	9	5	3	22	16	27	17	6	5	8	15	5	8	7	4	4	5	6	2	5	14	2	3	0	2	2	1	2	0	0	1	1	0	0	1	0	0	0	1	1	0	3	0	1	0	1	0	0	0	1	4	2	0	2	0	2	4	3	0	1	3	1	0	2	3	4	2	1	2	12	2	5	7	9	8	1	5	4	6	1	0	5	2	2	2	0	4	5	3	3	5	3	4	4	7	1	5	3	1	4	5	11	3	14	6	9	9	3	2	1	4	3	1	2	9	2	1	2	2	6	5	5	8	5	9	6	13	14	2	3	0	2	1	0	4	0	0	0	1	1	5	1	0	0	2	0	2	4	1	1	1	0	0	2	2	0	4	0	3	6	4	3	3	0	3	1	2	3	3	4	5	1	2	1	2	1	0	2	4	6	7	4	6	4	6	26	14	14	5	6
0	0	0	0	0	0	0	0	0	0	0	0	0	0	0	0	0	0	0	0	0	1	0	0	0	1	0	1	0	0	0	0	0	0	1	0	0	0	1	0	0	0	0	0	0	0	0	1	0	1	0	0	1	0	0	0	1	0	0	1	0	0	0	0	0	0	1	0	0	0	0	0	1	0	0	0	1	0	1	0	0	0	0	0	0	0	0	0	1	0	0	0	0	1	0	0	0	0	1	0	0	0	0	0	1	1	0	0	0	1	0	0	1	1	1	1	0	1	0	1	1	1	1	0	0	0	0	0	0	0	0	1	0	1	2	0	0	1	0	0	0	1	0	0	0	0	0	0	0	1	0	0	1	0	1	0	0	0	0	1	0	1	2	2	2	1	1	1	0	1	0	0	0	0	0	0	0	1	1	0	0	0	1	2	0	0	0	0	1	0	0	0	1	1	3	0	0	0	1	1	0	1	0	0	0	0	0	2	0	1	2	1	0	0	1	0	1	0	0	0	0	0	0	1	1	0	0	0	0	0	1	4	2	4	4	5	23	0	18	29	52	39	17	4	1	4	7	4	1	2	3	2	1	5	3	0	0	0	3	0	2	0	0	0	1	1	1	2	0	1	1	1	1	2	2	5	2	1	1	2	2	3	1	1	1	1	1	1	2	1	2	2	0	1	2	2	2	0	1	2	1	6	18	17	28	60	21	9	12	12	7	5	2	2	5	3	3	2	4	5	1	1	1	3	0	1	1	0	0	1	1	0	0	2	1	1	0	0	0	0	0	0	0	0	1	0	3	2	3	3	3	1	1	0	3	2	3	0	0	1	0	2	1	1	1	1	1	4	6	6	11	3	12	4	5	9	2	2	0	0	3	0	2	0	1	3	3	3	3	5	5	2	4	4	3	3	8	2	8	8	16	3	2	1	6	0	0	1	2	3	0	1	2	0	0	2	1	1	2	6	0	1	5	3	3	2	3	1	0	2	1	1	1	0	1	2	0	1	3	2	1	1	1	0	2	0	0	1	0	0	0	1	0	2	0	0	0	2	0	2	3	2	3	4	0	1	6	5	7	3	3	3	1	3	1	2	4	3	3	1	2	5	0	1	8	12	15	7	2
0	0	0	0	0	0	0	0	0	0	0	0	0	0	0	0	0	2	0	0	1	0	0	0	0	0	0	0	0	0	0	0	0	1	0	0	0	0	0	1	0	0	0	1	0	0	1	1	0	0	0	0	0	0	0	0	0	0	0	1	0	1	0	0	0	0	0	0	0	0	2	0	0	0	0	1	0	0	0	2	0	0	1	0	0	0	0	0	0	0	0	1	0	0	1	0	0	0	1	2	0	0	0	1	0	0	3	1	0	1	0	0	0	0	0	0	0	2	2	1	0	1	1	1	1	0	1	0	0	0	1	0	1	1	2	0	0	4	1	1	1	0	0	0	1	0	1	0	0	0	1	1	0	0	0	0	0	0	0	0	1	0	0	2	0	1	1	2	1	0	0	0	0	0	0	0	0	1	1	0	2	2	0	1	1	0	0	2	0	2	0	3	1	0	1	0	1	1	0	2	1	0	0	0	0	0	2	1	2	0	1	0	0	0	1	1	1	0	0	0	2	0	0	0	0	1	0	1	0	0	0	2	0	1	2	2	5	18	0	60	8	2	4	4	2	3	1	2	2	0	2	0	0	0	2	0	2	0	2	0	1	0	0	1	1	1	3	1	0	0	0	3	0	1	4	0	2	2	0	1	2	2	1	3	2	0	0	2	0	1	0	1	0	0	1	0	1	1	1	1	2	5	9	8	8	12	24	12	5	2	3	3	3	2	1	1	3	0	3	3	4	1	1	0	1	2	1	2	0	0	1	0	1	0	1	1	0	1	0	1	0	1	0	0	0	0	1	3	3	3	0	0	0	2	1	0	3	5	2	3	3	1	0	5	6	1	4	6	12	5	21	10	9	17	6	15	7	5	9	1	3	0	2	2	3	6	6	5	1	3	5	2	1	2	3	7	7	9	5	11	11	2	4	4	1	1	1	3	4	1	0	2	0	1	0	1	0	1	2	0	2	1	3	4	1	2	0	1	2	2	1	0	0	1	3	0	2	1	3	0	3	3	2	2	1	1	0	0	3	2	1	0	2	0	3	0	1	1	1	1	3	2	2	0	3	4	6	4	3	1	1	1	3	4	2	2	2	2	1	1	1	0	3	2	1	7	6	3	3
0	0	0	0	0	0	0	0	0	0	0	0	0	0	0	1	0	0	0	0	1	0	0	0	0	0	0	0	0	0	0	0	0	0	0	0	0	0	0	0	0	1	0	1	0	0	1	0	0	0	0	0	0	0	0	1	0	0	0	0	0	0	0	0	0	0	0	0	0	1	0	0	0	0	0	1	1	0	0	1	0	1	0	0	1	0	0	0	1	0	1	0	0	0	0	0	0	0	0	1	0	0	1	2	1	1	2	0	0	0	0	1	1	0	0	0	0	0	0	2	0	0	0	0	0	0	0	0	1	1	0	1	1	0	3	0	1	0	1	0	1	0	1	0	0	0	0	0	0	2	0	0	1	1	1	0	0	0	1	1	1	0	2	0	0	0	0	2	0	0	1	0	0	1	2	1	1	2	1	1	1	0	1	0	0	0	0	0	0	0	0	1	0	1	0	1	0	1	0	0	0	0	0	1	2	0	0	0	0	1	0	1	1	0	1	1	0	1	1	0	0	0	0	0	0	0	0	0	1	0	0	2	0	0	4	1	5	29	60	0	34	12	5	1	6	2	1	1	1	2	1	1	2	2	0	0	0	0	0	0	0	0	1	0	0	1	2	2	0	1	0	2	2	0	1	2	1	2	1	0	1	3	1	2	2	4	1	1	0	0	1	0	0	0	0	2	2	0	2	2	2	3	6	10	12	19	37	11	3	3	6	3	7	3	1	3	4	2	5	2	1	1	0	0	0	1	1	0	1	0	0	1	0	0	0	0	0	0	0	2	1	0	0	0	1	0	1	1	2	0	1	0	1	2	2	1	5	4	2	0	1	3	2	0	1	1	3	4	4	7	10	3	1	3	4	4	4	6	3	3	1	1	0	3	1	1	3	2	1	4	1	2	3	1	4	2	13	3	6	7	10	1	3	1	4	4	2	1	0	1	0	4	4	4	1	1	0	1	1	3	1	0	1	2	2	2	2	1	0	2	1	3	0	0	2	1	1	2	2	0	0	3	0	1	3	1	0	1	0	0	0	2	1	2	1	1	1	1	1	1	1	3	3	5	4	4	5	8	3	4	1	2	3	1	2	3	3	2	3	2	1	3	0	5	5	6	9	8	3
0	0	0	0	0	0	0	0	0	0	0	0	0	2	0	0	2	0	0	0	0	0	0	0	0	1	0	0	0	0	0	0	2	0	0	0	0	1	0	1	0	1	1	0	1	1	0	1	0	1	1	0	0	0	1	0	0	0	0	0	0	0	0	0	0	2	0	0	0	0	1	0	0	1	0	0	0	0	0	0	0	0	0	0	0	0	0	0	1	1	0	0	0	1	0	1	0	0	0	0	0	0	1	0	1	0	0	0	1	1	1	0	2	0	1	0	1	1	0	0	0	0	0	1	1	1	0	0	0	0	0	3	1	1	2	0	1	1	0	0	0	1	2	0	0	1	0	1	1	0	0	2	1	1	0	0	1	1	2	1	2	0	0	2	1	0	0	1	1	1	0	2	0	0	0	2	1	0	0	1	2	2	1	2	0	0	1	0	1	0	1	1	1	0	1	0	0	0	0	1	0	0	0	0	0	0	0	0	0	0	1	0	0	1	0	1	0	0	2	1	1	0	1	1	0	0	0	0	0	0	1	0	0	2	4	4	12	52	8	34	0	89	12	4	2	3	3	2	1	5	1	0	1	1	0	1	0	0	0	0	1	1	2	1	0	0	0	0	1	0	2	2	0	1	0	1	1	2	2	1	2	1	2	0	1	2	1	1	1	0	0	2	1	1	0	3	1	5	2	4	3	2	12	7	11	18	26	14	13	10	15	2	7	3	1	4	5	2	6	2	1	0	1	1	3	0	1	0	1	0	0	1	0	0	1	0	1	1	0	3	0	2	0	0	1	1	0	1	1	1	2	0	1	1	2	3	2	5	0	0	2	3	1	1	5	2	2	2	8	4	5	1	4	5	1	1	4	2	1	0	1	2	1	0	3	1	1	0	3	1	2	2	2	2	4	3	4	9	7	4	14	4	3	6	0	4	2	4	3	0	0	0	2	1	0	0	1	1	5	3	0	2	0	6	5	8	5	4	1	5	0	0	0	1	0	2	2	3	1	0	1	1	3	2	2	0	1	1	0	0	0	0	1	0	1	0	1	2	0	0	4	1	1	3	4	7	11	9	9	7	3	3	4	4	4	4	1	2	4	2	0	1	1	3	10	7	17	7	8
0	0	0	0	0	0	0	0	0	0	0	0	0	0	0	0	0	0	0	0	1	1	0	0	0	1	0	1	0	1	0	0	0	0	0	0	0	0	1	0	2	1	0	0	0	0	0	1	0	1	1	0	1	0	0	0	0	0	1	0	0	0	0	0	0	0	0	0	1	1	0	0	0	0	0	1	0	0	2	0	0	0	0	1	1	0	0	0	0	1	0	0	0	0	1	0	0	0	0	1	0	0	0	0	0	3	0	0	1	0	0	0	0	0	1	0	3	0	1	0	0	0	0	0	0	0	0	0	0	1	1	0	2	0	1	0	3	1	0	2	1	5	0	1	0	1	0	1	0	0	1	1	0	1	1	1	0	3	0	1	1	1	0	2	0	2	0	1	0	0	0	0	2	1	0	1	2	2	0	0	3	1	0	0	0	1	1	2	1	0	0	2	2	1	1	0	1	1	1	0	1	0	1	0	0	0	0	1	0	1	0	1	0	0	2	1	0	1	1	0	0	1	1	2	1	0	0	0	0	0	0	2	0	2	3	8	11	39	2	12	89	0	20	5	2	1	4	5	2	0	2	2	1	2	2	1	0	2	1	0	0	1	2	0	2	1	0	1	1	1	3	2	0	1	1	1	1	0	0	1	2	0	1	3	2	2	1	1	4	3	0	0	2	1	3	0	1	3	2	3	3	1	10	3	9	15	8	14	11	12	7	11	10	4	0	3	2	1	6	7	0	0	0	1	0	1	1	0	0	2	0	0	0	0	1	2	0	0	0	0	0	1	0	1	0	2	1	2	0	3	0	2	1	2	2	1	1	0	0	0	0	0	2	1	2	1	1	2	4	2	5	5	3	2	1	9	0	3	0	0	3	1	1	0	0	1	0	0	0	2	1	2	2	1	3	5	2	2	9	6	9	2	1	3	8	1	3	1	0	1	0	0	1	1	2	0	2	2	1	2	1	2	2	0	1	8	3	1	0	0	2	0	0	0	2	2	1	0	3	1	2	0	1	2	0	0	1	0	3	1	0	2	1	1	0	1	3	1	0	0	2	0	3	5	9	8	11	10	14	2	1	2	3	4	5	2	3	7	5	6	0	6	5	1	10	15	11	13	10
0	0	0	0	0	0	0	0	0	0	0	0	0	0	0	0	0	0	0	0	0	2	1	0	0	0	0	2	0	0	1	0	0	0	0	0	0	0	0	0	0	0	1	0	0	0	0	0	0	1	1	0	0	0	0	0	0	1	1	0	0	1	1	0	0	0	0	0	0	0	0	0	0	0	0	0	0	0	1	0	0	0	0	1	1	0	0	1	0	0	0	1	0	1	1	0	0	0	0	0	2	1	0	0	2	0	1	2	1	0	1	0	0	0	0	0	1	0	1	0	1	0	0	0	1	1	1	0	0	0	0	1	0	1	0	0	1	0	2	0	3	1	1	1	0	1	1	1	1	0	0	0	0	1	2	3	0	0	1	1	1	1	5	2	1	0	2	2	1	1	2	2	0	2	0	0	0	0	0	2	3	3	0	0	1	1	1	3	0	0	1	0	1	1	0	0	1	0	1	0	0	0	0	0	0	2	0	1	2	1	1	2	1	0	2	1	1	0	0	0	0	0	2	0	0	0	1	0	1	4	1	0	2	3	11	11	639	17	4	5	12	20	0	28	16	16	6	4	2	4	3	2	0	2	2	1	0	1	1	0	0	0	0	1	2	1	1	0	0	1	1	2	2	0	2	1	2	1	0	3	2	1	3	2	1	1	3	1	1	1	3	0	0	3	0	1	1	4	2	7	3	6	24	10	25	23	5	3	13	12	7	4	8	6	3	2	2	4	4	6	3	1	1	2	1	0	0	0	0	0	1	0	1	0	0	1	0	0	0	1	0	0	0	1	0	1	0	2	3	1	4	0	0	4	0	0	1	1	2	0	2	2	4	2	1	6	2	6	3	4	8	9	6	6	7	1	1	1	1	1	1	1	2	3	0	2	4	7	4	4	0	5	2	1	3	6	4	2	4	5	4	5	2	4	10	2	0	1	1	2	0	1	1	3	6	1	3	2	3	4	5	1	2	4	8	10	7	5	2	0	2	0	1	2	0	0	0	2	1	1	0	0	0	3	1	1	2	1	0	0	3	3	1	1	0	0	2	1	4	4	2	3	2	2	5	5	4	4	1	3	4	4	0	2	4	5	1	3	10	7	4	14	9	2	17	14	9	7	2
0	0	0	0	0	0	0	0	0	0	0	0	0	0	0	0	0	0	0	0	0	0	0	1	0	0	0	0	1	0	0	0	0	0	0	0	0	0	0	2	0	1	0	0	2	1	0	0	0	0	0	0	0	0	0	0	0	1	0	0	0	0	0	0	1	0	0	0	0	1	0	1	0	0	0	0	0	1	0	2	0	0	1	0	0	0	0	1	0	0	0	2	0	2	0	1	1	0	0	0	0	1	0	3	3	1	1	0	0	1	0	0	1	1	1	0	0	1	0	0	1	0	0	2	0	0	0	1	1	0	0	0	1	0	1	1	3	2	2	2	4	1	1	1	2	1	0	1	0	1	0	2	1	2	2	1	0	0	2	1	0	3	1	2	1	2	1	0	0	0	1	2	1	0	2	0	0	0	2	0	0	0	0	3	0	1	1	1	0	0	0	0	0	0	2	1	1	1	0	0	4	1	0	0	0	4	1	2	1	0	0	0	0	2	2	0	0	1	1	0	0	1	1	1	2	1	1	1	1	0	1	0	1	7	11	18	46	4	4	1	4	5	28	0	38	19	11	10	8	2	3	1	2	2	1	2	2	0	0	0	0	1	0	2	0	1	2	0	2	2	1	1	1	1	3	0	2	0	2	2	0	0	1	0	2	0	1	0	2	0	1	3	2	0	0	1	2	3	3	5	5	12	28	14	18	9	3	0	4	4	2	4	2	1	1	2	2	2	6	6	1	0	1	1	1	1	0	0	0	0	1	1	1	1	1	0	0	1	2	1	2	1	1	2	1	4	5	3	0	0	1	3	1	2	1	0	1	2	0	0	0	1	3	2	1	3	1	2	5	3	7	9	9	4	4	3	5	3	2	4	2	2	0	1	4	7	9	6	5	10	7	3	5	7	5	4	2	5	5	2	11	3	3	10	14	5	8	3	0	3	2	4	4	5	4	2	3	1	1	5	9	4	7	15	26	25	16	5	5	2	1	1	1	1	0	0	1	1	0	3	2	3	1	0	1	2	2	1	1	0	1	1	1	0	2	1	1	2	4	0	1	0	1	7	4	3	4	2	1	2	1	0	0	1	3	1	2	5	5	4	6	10	7	6	8	9	2	5	7
0	0	0	0	0	0	0	0	0	0	1	0	1	0	0	0	0	0	2	0	1	0	0	0	0	1	0	0	0	0	1	0	0	0	0	0	1	0	0	1	0	0	0	0	1	0	0	0	0	0	1	2	3	0	0	0	0	0	0	0	1	0	1	2	0	0	0	0	0	0	0	0	0	0	1	0	1	1	0	1	0	0	1	1	0	1	2	1	0	0	1	0	1	0	0	0	2	0	1	1	0	1	1	2	2	1	0	0	2	1	1	0	0	0	0	1	0	0	1	2	1	0	1	0	1	0	1	0	1	0	2	1	1	2	2	2	1	2	2	1	1	0	1	0	0	0	0	1	0	0	1	1	0	0	1	1	0	1	1	2	1	1	2	3	2	3	1	1	0	0	1	3	4	0	1	0	0	0	3	2	0	1	2	0	1	0	1	1	2	1	1	0	1	0	1	1	1	0	1	1	0	0	0	0	1	0	0	3	3	1	3	1	3	1	1	2	0	0	0	0	1	0	0	0	0	0	0	0	0	0	1	0	1	7	14	15	20	1	2	6	2	2	16	38	0	185	28	21	12	7	7	4	6	4	5	4	3	1	1	0	1	0	0	0	0	0	5	0	2	0	1	0	1	4	1	0	0	1	0	1	3	0	1	2	1	3	3	0	0	0	0	1	0	1	0	1	2	1	6	6	9	19	10	9	11	4	1	4	5	5	4	3	4	3	2	1	4	3	1	7	4	4	1	0	3	1	0	1	1	2	1	3	0	1	0	3	1	0	1	2	0	1	0	2	0	1	1	3	3	2	0	2	1	1	3	1	1	0	1	2	3	1	2	5	2	1	1	4	9	20	4	7	5	2	2	3	4	6	2	1	3	1	2	2	6	6	22	12	6	5	1	6	1	3	3	4	1	1	4	1	5	2	7	5	2	2	7	4	4	2	1	5	7	15	8	3	4	2	4	12	16	7	9	48	48	18	3	6	1	0	1	0	0	1	0	0	1	3	3	1	0	0	3	0	1	1	1	0	1	2	1	2	3	3	3	0	2	2	1	1	3	1	4	4	2	4	1	0	1	2	1	0	1	3	1	3	1	3	5	3	9	5	4	1	5	3	2	4	2
0	0	0	0	0	0	0	0	0	1	0	0	0	1	0	0	0	1	0	0	1	1	0	3	0	0	0	0	0	0	0	0	0	0	1	0	0	0	0	0	0	1	2	2	2	1	0	0	1	0	1	0	0	0	0	0	1	1	0	0	0	0	0	1	0	0	1	0	1	0	0	0	0	0	0	0	0	1	1	1	0	1	0	0	0	1	1	0	0	0	0	1	0	0	0	3	0	1	0	1	2	1	0	0	0	0	0	1	1	1	1	0	3	1	0	0	0	2	1	0	1	0	1	0	0	0	1	1	1	0	2	2	3	1	1	2	0	4	4	1	4	1	0	2	1	2	0	0	0	0	0	2	1	0	3	1	1	2	1	0	1	0	2	2	1	0	1	4	3	0	1	0	1	1	0	1	1	1	0	0	0	1	0	0	0	3	0	2	1	1	0	1	0	0	1	0	0	2	1	0	0	0	0	0	0	0	1	0	5	3	0	0	0	1	1	1	1	1	1	0	0	2	0	1	0	0	0	0	1	0	0	2	1	3	10	8	17	4	3	2	3	1	16	19	185	0	128	36	10	9	17	6	7	4	8	5	0	1	2	0	0	0	0	1	0	2	3	2	1	1	1	1	1	3	2	0	0	1	2	2	2	3	0	2	1	4	0	1	0	2	1	0	0	1	1	1	1	1	7	5	9	17	10	3	7	6	6	6	7	1	3	2	2	1	0	3	4	3	9	9	2	3	2	1	1	1	1	2	0	0	1	0	0	0	1	0	2	0	0	1	0	1	1	1	2	0	2	3	3	6	1	2	1	4	2	1	1	3	1	3	8	1	1	2	4	3	5	2	2	9	11	7	9	4	8	3	6	3	2	6	4	1	5	2	3	9	22	17	9	8	5	1	5	3	1	3	2	1	2	3	3	4	6	1	2	0	5	2	0	1	0	1	8	10	5	3	3	1	7	4	11	5	10	22	26	7	5	4	1	0	1	2	0	0	0	1	2	2	1	0	1	1	2	0	1	0	2	5	0	1	3	2	0	0	1	2	0	0	3	4	0	2	2	2	1	2	0	0	2	0	4	1	1	0	0	0	4	3	2	2	2	6	1	4	5	6	2	0	3
0	0	0	0	0	0	0	0	0	1	0	0	0	1	0	1	0	0	0	0	0	0	1	0	0	0	1	1	1	0	0	0	1	1	0	1	0	0	0	0	1	1	0	0	0	1	1	0	3	2	0	0	1	0	0	0	0	1	0	0	0	0	0	0	0	0	1	0	2	1	0	0	0	1	0	1	1	1	0	1	0	0	1	0	0	1	0	0	1	0	3	0	1	0	1	1	0	0	2	0	0	1	3	1	2	0	1	1	0	3	0	0	2	0	2	1	2	2	0	2	0	1	0	0	0	0	0	1	1	0	2	1	4	2	3	2	4	0	3	1	0	1	1	0	0	0	1	0	2	0	0	0	0	0	1	1	1	0	3	0	1	3	2	1	2	2	4	4	2	1	1	0	2	1	4	0	1	2	1	0	1	2	2	1	2	1	0	2	2	0	0	2	1	1	1	1	1	0	1	0	1	0	0	2	2	2	0	0	3	4	1	3	3	1	2	1	0	0	0	0	2	0	0	0	0	0	0	1	1	0	2	0	1	1	5	12	12	7	1	1	3	4	6	11	28	128	0	71	18	10	23	8	9	18	6	5	10	1	3	0	3	3	1	2	0	0	2	2	1	1	3	0	1	3	3	1	1	3	4	1	1	1	1	1	4	2	1	0	1	0	1	0	0	3	0	1	1	2	2	4	11	31	11	5	5	3	2	2	3	3	0	2	3	2	1	4	2	4	3	12	8	2	3	2	3	3	0	1	0	1	0	2	1	1	0	2	1	1	2	2	1	3	1	0	1	1	2	1	3	7	2	2	3	2	0	2	6	1	2	0	1	6	2	5	2	6	3	0	3	8	5	7	8	4	2	5	6	4	6	3	4	2	5	3	3	20	14	13	9	9	1	2	1	3	2	2	3	4	1	4	0	4	6	1	4	1	1	3	1	2	1	4	5	9	2	7	2	0	10	7	6	0	7	15	12	5	4	3	4	1	1	0	2	1	2	0	2	2	1	0	5	1	1	1	1	2	2	1	0	2	2	1	1	1	2	1	0	0	0	0	3	0	1	1	3	3	0	3	1	3	1	1	1	1	1	2	1	2	3	1	1	3	0	2	2	3	3	5	0
0	0	0	0	0	0	0	0	0	1	0	0	0	0	0	0	1	2	0	0	0	0	0	0	0	0	1	1	1	0	0	0	0	0	0	0	1	0	1	1	0	0	1	1	1	1	0	0	0	3	1	0	1	1	1	0	0	0	0	0	1	0	0	0	1	1	0	0	0	0	0	1	1	0	0	0	0	0	2	1	0	0	0	0	1	2	1	0	1	0	0	0	1	1	0	0	1	0	0	4	1	1	3	0	0	0	2	2	1	2	0	3	0	0	2	3	0	3	1	0	2	0	1	0	1	1	0	0	0	0	2	3	2	3	6	3	2	2	0	1	1	2	0	0	2	2	1	1	0	0	1	1	0	2	0	2	2	1	2	1	0	1	2	1	3	4	3	1	2	1	1	1	2	1	1	0	2	0	1	1	2	0	1	0	2	1	0	0	0	0	1	0	0	0	1	0	0	0	3	0	1	0	2	1	1	0	0	1	1	4	3	0	0	2	3	3	1	1	1	0	0	0	1	0	0	0	0	1	1	3	1	0	1	2	5	3	6	4	2	1	2	5	4	10	21	36	71	0	19	14	110	9	24	18	6	2	0	1	4	2	1	3	2	0	1	3	2	0	0	2	3	0	0	0	1	2	2	1	3	3	1	3	0	1	2	2	1	0	2	0	0	3	0	1	0	0	1	1	4	3	3	16	6	3	4	2	3	4	2	5	1	0	3	3	3	1	0	1	2	4	6	4	4	4	1	3	2	3	1	1	1	1	0	1	0	3	1	2	1	1	2	1	1	2	1	2	8	3	7	1	4	2	3	1	1	3	1	1	1	2	5	0	3	6	4	2	2	2	1	5	4	6	3	3	1	3	3	1	6	7	9	4	4	1	9	16	30	27	10	4	0	3	2	2	3	1	1	0	2	2	3	3	5	4	1	3	3	0	0	1	0	3	2	9	7	2	1	2	3	11	12	4	3	13	11	3	2	0	2	3	2	0	1	1	1	2	1	2	3	2	4	1	1	0	1	2	1	4	1	3	0	3	1	1	1	0	0	0	2	2	0	0	1	0	2	1	3	1	2	2	0	1	0	0	3	1	0	1	1	2	1	4	4	1	2	2	0	0	1
0	0	0	0	0	0	0	0	1	0	0	0	0	0	1	0	0	0	2	1	0	0	2	1	1	0	1	0	1	0	1	0	1	0	1	0	0	0	1	0	0	2	1	2	1	2	1	0	2	0	1	1	0	0	1	0	1	1	0	0	1	0	1	1	0	1	1	0	1	0	1	0	1	1	1	0	0	1	0	3	1	2	2	1	0	0	0	0	2	1	0	0	1	2	1	1	0	0	0	0	2	2	1	2	0	0	3	1	0	0	2	3	1	0	1	0	1	2	2	0	1	0	2	2	1	2	0	0	0	0	1	3	5	5	7	2	2	5	2	5	1	1	2	0	1	0	0	2	2	1	0	1	0	2	6	2	2	2	1	5	2	4	3	3	3	4	1	1	2	0	2	1	4	4	0	1	2	3	0	1	0	0	2	1	0	0	1	0	0	1	1	1	0	0	1	2	2	1	0	1	0	2	4	0	1	1	1	1	4	10	6	2	1	1	7	3	2	0	1	0	1	1	0	2	0	1	0	0	0	0	2	0	1	8	6	8	5	1	2	1	1	2	2	8	12	10	18	19	0	311	12	17	16	14	30	8	1	2	2	2	0	1	0	1	1	2	3	5	1	1	2	1	2	3	1	0	2	1	1	3	4	1	1	2	0	0	0	0	1	1	2	2	0	1	1	2	2	2	3	5	14	11	4	3	0	3	3	2	4	3	6	1	1	2	2	2	3	6	4	4	7	3	3	1	0	0	1	1	1	1	1	1	0	0	1	1	1	0	3	0	1	1	2	3	1	0	3	2	3	5	0	0	4	1	1	2	0	1	3	3	3	2	0	2	1	3	1	0	2	1	3	3	2	0	5	0	2	2	3	5	2	3	5	3	7	4	2	1	3	3	0	3	2	4	4	2	0	0	0	2	0	1	2	2	2	1	2	0	0	0	1	4	5	1	3	3	2	7	8	11	9	8	6	10	7	2	0	2	0	0	1	1	0	4	1	0	1	0	0	1	0	2	1	1	0	0	1	1	2	1	1	2	1	1	0	1	1	0	1	0	1	0	0	1	1	1	1	1	0	0	1	0	2	0	0	0	0	0	1	2	2	2	3	1	3	1	2	2	0
0	0	0	0	0	0	0	0	1	1	1	0	0	0	0	1	0	0	0	0	0	2	1	0	0	1	0	0	3	0	1	0	1	1	0	0	0	0	0	1	0	1	2	1	4	1	0	0	2	3	0	0	0	0	0	0	0	0	0	0	0	0	0	1	0	1	1	0	2	1	0	0	0	1	1	0	2	0	0	2	0	1	1	2	0	0	0	1	1	1	0	0	0	1	1	1	0	1	1	3	2	3	2	1	3	3	1	1	4	0	0	0	2	2	1	0	0	2	1	2	1	0	2	1	0	2	2	1	1	0	5	3	5	5	8	1	4	4	2	1	1	0	0	0	0	0	0	0	0	1	0	0	0	1	3	0	1	4	2	1	1	7	5	7	4	3	4	2	5	2	3	4	4	1	0	1	1	1	0	0	3	4	0	0	0	0	0	0	2	0	1	1	0	0	1	2	3	0	1	1	2	1	0	1	5	1	0	0	6	11	7	2	3	1	8	3	2	0	0	0	1	0	1	0	0	0	0	0	1	2	1	1	2	3	5	8	5	2	0	2	5	0	4	2	7	9	10	14	311	0	31	15	40	14	26	6	6	0	1	3	1	1	4	2	3	0	3	1	3	2	3	0	4	2	0	2	1	1	5	2	1	1	0	1	0	2	1	2	1	1	1	0	2	1	0	0	3	4	3	5	4	6	3	1	2	2	3	2	3	2	1	1	1	2	2	3	1	4	3	2	3	3	1	3	0	0	1	0	2	1	0	1	0	1	1	1	2	2	2	2	0	0	1	0	3	0	2	2	1	4	2	1	0	3	2	1	2	1	2	2	5	3	0	1	1	1	1	2	0	3	3	5	0	0	4	4	0	3	1	2	1	2	2	0	1	5	8	4	4	0	1	3	1	1	0	1	0	0	2	2	1	3	1	1	0	1	3	4	1	2	0	1	2	5	7	0	3	5	14	9	5	2	4	5	8	7	4	1	2	2	2	0	1	2	0	2	0	0	0	1	3	2	0	0	1	0	3	2	1	2	1	0	0	0	1	0	0	1	0	0	1	0	0	1	0	1	1	1	1	0	0	3	1	1	0	2	0	1	1	5	2	1	1	1	1	0	1	3	0
0	0	0	0	0	0	0	1	1	0	1	0	0	1	0	0	0	0	1	0	0	0	0	1	1	0	0	0	4	1	1	0	0	0	0	1	1	0	0	0	0	0	1	1	0	2	0	1	0	1	2	0	2	0	0	0	1	0	1	1	1	0	0	0	0	0	1	2	0	0	0	0	0	0	1	0	0	1	1	0	2	0	1	1	1	1	0	1	0	0	0	0	0	1	0	0	0	2	1	1	1	1	0	0	0	2	1	0	0	0	4	0	0	0	0	0	1	1	2	0	1	2	3	2	0	0	1	0	2	0	0	2	4	3	2	5	2	3	1	1	6	1	0	2	1	0	0	0	0	0	1	0	2	0	1	0	0	0	0	1	0	0	3	2	2	1	2	3	3	3	1	0	2	1	0	1	1	2	1	1	2	2	0	1	0	2	1	1	0	0	0	0	0	0	4	0	2	0	1	3	0	0	0	3	0	0	0	2	3	1	0	3	2	3	3	1	0	0	0	0	2	0	0	0	0	2	0	0	1	1	1	0	2	3	2	7	2	3	2	1	1	2	3	3	7	17	23	110	12	31	0	29	16	25	15	2	2	2	4	3	0	0	1	0	1	1	2	1	1	3	0	2	3	1	2	1	2	1	2	4	1	6	3	1	3	1	3	2	1	2	0	0	0	0	1	0	1	2	2	2	5	6	4	4	5	2	1	1	3	2	1	3	1	0	1	3	8	3	5	4	10	2	6	1	2	3	5	1	3	2	1	1	1	2	1	0	1	3	2	1	1	5	2	2	0	0	5	2	5	3	6	1	1	2	3	3	2	0	1	2	2	3	1	4	4	2	7	2	0	6	1	4	3	2	5	0	2	5	2	4	9	7	4	3	10	14	17	14	10	4	2	0	1	2	5	2	1	2	2	4	1	3	2	2	3	2	6	4	3	0	3	1	6	7	2	4	4	1	4	5	9	5	3	8	6	2	3	1	1	0	0	1	1	2	0	1	1	2	1	1	0	0	2	1	1	0	1	0	2	1	5	1	2	1	0	2	1	0	0	2	0	3	0	0	0	0	0	1	0	0	2	0	0	0	0	1	0	2	2	2	2	4	1	3	2	0	0	0	4
0	0	0	0	0	0	0	0	2	0	1	0	0	0	0	0	0	0	0	0	1	1	0	0	1	0	0	0	1	0	0	3	0	0	1	0	0	0	0	2	0	0	0	0	0	3	1	1	2	1	1	1	0	0	0	1	0	1	0	1	0	0	0	0	0	1	0	0	1	0	0	0	0	1	0	1	6	2	0	1	3	0	2	1	0	1	0	1	2	0	0	3	0	2	0	0	1	1	1	1	1	1	1	2	2	1	1	0	0	1	0	0	0	2	0	0	1	4	1	1	1	2	2	0	1	1	3	1	2	3	0	4	1	1	0	2	2	2	1	0	0	0	1	1	1	0	0	0	2	1	0	1	1	1	2	2	3	2	1	2	0	2	4	4	3	0	0	2	2	1	3	2	6	2	4	0	1	1	1	0	1	1	0	1	0	2	0	1	1	2	3	1	0	3	2	3	0	2	0	0	1	1	0	0	2	2	1	2	3	8	5	6	2	6	2	2	2	1	0	1	2	1	1	1	0	1	0	0	0	0	0	1	2	1	5	0	1	2	0	1	0	2	2	1	4	6	8	9	17	15	29	0	101	15	22	2	4	4	4	5	1	3	1	0	1	1	5	1	1	1	2	0	2	0	2	1	4	1	4	2	4	6	3	3	2	0	2	0	2	0	0	1	0	0	0	1	1	0	1	1	2	2	0	3	4	1	1	0	4	2	0	2	0	2	0	0	0	2	3	3	5	9	3	3	3	2	1	0	0	4	0	2	1	1	0	0	5	2	4	1	3	10	3	2	2	1	5	5	6	3	3	4	0	0	1	2	4	3	1	0	1	0	0	3	2	1	1	3	2	2	1	2	2	2	1	3	2	2	0	4	1	3	3	4	8	7	6	7	4	0	0	0	0	1	2	1	1	0	1	0	0	1	4	0	1	0	1	2	0	2	0	0	1	4	2	2	1	3	3	5	2	3	2	10	5	2	1	0	0	1	1	0	0	0	1	0	0	1	0	1	1	1	1	0	0	0	2	1	2	2	0	1	1	2	0	1	2	1	1	2	1	0	0	1	3	0	1	2	1	0	0	0	1	0	0	1	0	1	2	0	0	5	2	1	1	1	1	2	1
0	0	0	0	0	0	0	1	0	0	0	0	0	1	2	0	0	1	0	0	0	1	1	2	0	0	1	0	0	0	1	0	1	0	0	0	0	1	0	0	1	0	0	1	1	1	0	3	1	0	2	3	1	1	1	0	0	0	0	0	0	1	0	0	0	1	0	1	0	0	1	1	0	0	0	0	0	1	2	0	3	0	4	1	1	1	2	0	2	1	0	1	1	0	0	2	2	1	3	3	0	4	0	0	2	3	4	1	2	1	1	0	1	3	2	0	1	2	2	4	1	0	1	2	4	1	0	1	0	1	2	2	4	3	2	4	2	2	0	2	0	1	1	1	0	0	0	0	0	0	0	0	0	1	4	2	2	1	0	2	2	7	3	7	4	3	6	3	5	3	5	3	6	3	2	1	1	1	0	1	3	1	1	0	0	1	3	1	0	1	2	0	0	2	0	1	1	1	1	1	1	0	3	4	3	0	3	4	3	19	7	2	1	3	6	3	1	0	0	2	0	1	1	0	0	1	0	1	1	0	2	1	2	2	5	2	2	1	0	2	1	1	0	2	6	7	9	24	16	40	16	101	0	24	60	21	4	2	3	3	2	3	2	3	3	4	6	1	2	7	0	3	2	2	0	0	3	5	1	3	3	0	0	0	1	2	0	0	0	1	0	1	2	1	0	0	4	2	2	5	2	1	1	1	0	2	3	3	1	3	2	1	2	0	0	0	1	3	1	3	4	6	6	3	2	1	3	1	0	0	0	0	2	2	0	2	0	5	2	1	2	1	3	4	3	2	4	0	6	2	2	4	0	3	0	4	1	0	2	2	2	0	0	1	3	1	0	0	0	4	2	3	2	2	1	2	6	5	1	3	2	2	5	3	3	9	4	2	3	1	2	3	0	2	0	0	1	0	1	0	1	1	4	1	1	1	4	1	1	2	1	0	0	2	2	2	2	1	1	2	5	1	3	7	5	2	2	0	0	1	1	1	0	0	0	0	2	1	0	0	3	1	0	0	1	2	0	0	0	0	2	0	0	2	0	0	0	1	3	0	0	4	0	0	2	1	1	0	1	1	0	0	0	1	1	0	0	0	0	4	0	1	0	2	3	1	2	0	0
0	0	0	0	0	0	0	0	0	1	0	0	1	1	1	0	0	0	1	0	2	0	0	1	1	0	1	0	0	0	0	0	0	0	0	2	0	0	0	0	0	0	0	0	1	1	1	1	0	0	1	3	1	0	1	1	0	0	0	0	0	0	0	0	1	0	0	1	0	2	1	1	2	1	1	2	1	0	0	0	0	2	1	1	0	0	1	0	1	0	0	1	0	2	0	1	2	1	1	1	1	0	2	2	2	1	2	3	3	4	1	0	2	0	1	3	2	3	1	0	1	1	2	0	2	0	2	3	0	0	0	5	2	0	3	1	0	1	1	2	0	2	0	1	0	2	1	0	1	0	1	1	0	0	0	0	2	4	0	0	1	2	4	3	6	7	2	4	6	0	6	2	1	2	0	3	0	1	1	0	1	1	0	2	0	1	0	1	2	0	0	1	0	2	2	1	0	1	2	1	2	0	1	4	1	1	2	0	3	5	4	1	1	1	5	4	0	0	1	1	1	1	0	0	1	1	0	0	1	0	0	1	1	2	6	2	5	5	0	2	1	2	2	2	4	4	18	18	14	14	25	15	24	0	36	17	5	3	2	2	3	3	1	2	1	6	3	2	2	2	4	1	2	3	1	2	4	2	1	6	4	1	2	1	1	0	1	1	0	1	0	2	1	2	1	3	0	0	2	0	6	9	3	2	0	3	3	1	2	2	1	0	4	2	0	0	1	8	4	9	14	14	12	3	5	1	1	2	3	2	1	0	1	1	1	1	2	1	6	1	4	2	1	2	7	2	6	6	5	6	1	3	2	2	3	6	1	2	4	1	5	1	0	1	3	0	0	1	3	4	0	4	3	6	3	1	7	3	7	4	9	9	12	3	13	14	3	6	5	2	3	0	0	0	2	3	1	0	0	0	0	0	1	1	2	1	3	3	3	2	0	4	1	2	1	2	1	0	3	12	4	1	2	1	6	2	3	1	0	0	2	0	0	1	0	0	0	1	1	1	0	0	1	0	1	0	2	1	1	3	0	2	0	1	0	0	2	1	0	0	1	0	0	1	0	0	2	0	0	1	1	0	1	3	1	0	0	1	1	2	1	0	1	4	0	0	0	0	1
0	0	0	0	0	0	0	0	0	0	0	0	0	0	0	1	0	0	1	0	0	1	0	1	1	1	0	0	1	0	0	1	1	0	0	0	0	0	1	0	0	0	1	2	2	1	2	2	3	1	1	2	1	0	0	0	0	0	0	0	0	0	0	1	0	0	1	0	1	2	0	0	0	1	3	1	0	0	0	0	1	2	1	2	1	0	2	1	2	0	0	2	1	0	1	0	2	1	3	1	3	2	0	3	0	4	4	5	3	1	1	3	2	0	0	1	3	2	0	0	3	1	1	1	1	3	1	2	1	1	2	3	8	2	6	3	1	1	0	0	1	1	2	0	3	0	0	0	0	0	0	1	0	1	2	1	3	0	1	1	0	2	8	14	6	5	9	6	7	2	2	3	6	0	2	4	3	3	2	2	1	0	1	0	2	2	1	1	0	0	2	0	1	2	2	0	4	2	1	4	0	2	1	0	5	2	1	6	3	12	7	4	1	5	11	2	2	1	0	1	1	0	0	0	2	2	1	0	0	0	4	0	1	1	0	10	5	3	2	0	0	2	2	1	5	8	6	6	30	26	15	22	60	36	0	36	6	4	2	1	3	4	1	2	3	4	10	1	4	1	1	2	1	1	1	3	0	0	1	6	4	0	0	1	4	3	2	2	2	0	1	1	0	4	1	0	4	2	3	4	6	4	6	1	1	3	0	2	2	0	0	0	2	1	3	6	6	8	6	8	7	9	2	4	2	4	5	1	4	2	1	1	0	1	0	0	1	1	0	0	2	2	0	7	4	6	5	4	9	8	1	0	0	1	1	3	1	2	1	0	0	0	0	1	1	0	1	3	0	1	3	5	1	0	7	0	4	5	2	2	3	1	4	0	9	5	2	6	3	2	2	1	2	1	1	0	0	1	1	0	1	0	0	0	1	2	1	1	0	0	0	0	4	1	4	3	1	4	3	5	2	3	1	4	1	6	1	2	0	0	2	0	1	0	0	1	0	0	1	2	2	2	0	0	0	2	2	0	0	1	1	1	2	1	0	1	1	1	0	0	1	0	0	0	2	1	0	0	1	1	1	0	0	1	1	0	1	1	0	1	1	1	3	1	1	0	2	0	1
0	0	0	0	0	0	0	0	0	0	1	0	0	0	0	1	0	0	1	0	0	1	0	0	1	0	0	2	0	1	0	1	0	0	1	0	2	0	0	0	1	0	1	2	4	1	1	1	0	1	1	6	1	1	1	0	0	0	0	0	0	1	2	1	0	1	0	0	0	0	1	1	0	0	1	0	1	3	0	3	1	1	0	1	3	0	1	1	0	0	0	0	1	0	2	0	2	3	1	1	4	2	1	3	3	5	1	1	2	1	1	1	1	3	3	0	2	1	3	2	3	1	5	5	1	5	2	3	0	3	3	9	12	10	4	0	1	2	1	0	1	0	2	1	0	0	1	1	1	0	0	0	1	2	0	1	2	1	1	2	2	3	5	10	13	8	9	10	12	2	2	14	16	4	2	5	5	6	3	1	2	2	3	2	1	0	1	3	1	1	1	0	0	0	2	0	2	3	0	1	1	0	3	1	2	2	1	4	2	7	18	6	7	4	7	1	2	1	0	0	0	0	0	1	1	0	1	0	2	0	0	0	0	2	0	1	3	0	0	0	1	1	1	2	4	5	5	2	8	6	2	2	21	17	36	0	14	6	4	7	7	3	3	3	5	11	17	8	4	4	4	4	3	4	0	2	3	1	5	7	3	0	3	7	2	3	2	3	3	2	3	3	0	0	1	1	2	0	6	3	0	2	2	2	0	3	1	0	2	2	1	0	0	0	1	2	2	3	2	4	3	7	3	1	1	2	0	4	2	2	1	1	1	0	0	2	2	0	1	2	2	4	2	1	7	3	6	1	4	3	2	2	0	0	1	2	1	0	2	0	1	1	1	1	2	1	2	0	1	1	1	0	2	1	1	0	3	3	2	1	1	1	2	3	4	4	1	3	2	1	0	0	1	0	2	0	1	0	2	1	3	2	1	1	0	2	0	0	1	2	0	1	1	2	1	0	3	1	3	5	2	1	3	0	1	0	1	1	1	0	1	0	1	0	1	1	0	0	0	0	0	0	1	0	3	0	2	0	1	1	1	2	0	0	0	0	1	1	3	1	0	0	1	0	0	0	1	0	0	3	1	0	2	0	1	0	0	0	1	1	1	0	0	2	1	1	2	1	1
0	0	0	0	0	0	0	1	0	0	0	0	0	0	1	0	1	2	0	1	1	3	0	3	1	0	0	1	1	0	0	0	1	0	2	1	0	0	0	1	1	0	0	0	2	1	1	1	3	3	1	5	1	1	2	0	1	0	0	0	0	0	0	0	0	3	0	1	0	0	0	1	1	0	1	2	0	1	0	1	2	0	3	3	1	0	1	0	0	0	1	0	1	1	3	1	0	2	0	2	0	1	2	4	1	2	0	2	1	1	1	0	0	0	1	1	2	6	1	0	5	2	4	2	2	3	1	5	3	8	3	7	2	2	3	0	2	2	0	0	0	1	0	0	1	3	0	0	0	1	0	1	0	1	0	0	2	2	0	1	1	3	2	3	6	5	10	3	12	5	6	8	21	9	0	1	1	2	2	1	2	0	1	0	0	0	0	0	0	2	0	0	1	1	0	1	1	3	2	2	5	5	2	3	3	4	1	2	4	6	10	8	4	8	4	1	2	0	2	0	0	1	0	1	0	0	0	0	0	0	0	0	1	1	1	0	0	0	2	0	0	0	0	2	3	0	10	0	1	6	2	4	4	5	6	14	0	48	12	16	12	10	5	5	13	27	22	10	2	8	1	2	5	1	4	1	1	2	4	4	3	2	0	0	0	3	1	1	0	4	0	1	0	2	1	1	0	2	4	1	2	4	0	1	4	3	1	0	0	0	1	0	0	0	2	0	2	5	6	3	2	12	5	4	2	5	6	1	3	3	2	0	0	0	1	0	0	1	0	3	2	5	7	15	15	10	9	5	6	2	1	2	2	0	1	1	2	0	3	0	0	0	1	1	0	1	1	1	0	1	2	2	4	0	3	1	0	4	2	0	3	1	3	2	3	3	0	0	1	0	0	1	2	0	1	0	1	0	2	0	2	1	0	2	2	0	2	2	0	2	1	2	0	2	4	0	2	0	0	0	0	0	0	0	1	0	0	1	1	0	0	0	0	0	0	0	1	0	1	1	0	0	2	1	0	0	0	0	0	0	0	0	0	0	0	1	0	0	0	0	0	1	1	0	0	2	0	1	0	1	0	0	3	0	1	0	0	0	0	0	2	0	1	0	0	1	1	1	0
0	0	0	0	0	0	0	0	0	1	0	1	0	0	0	1	3	1	0	0	3	0	1	1	0	1	0	1	1	1	1	1	1	1	1	0	2	1	1	2	1	2	0	2	2	2	4	1	3	0	2	1	1	1	0	1	2	0	0	0	0	0	3	0	0	0	0	1	4	2	1	2	2	0	2	0	3	2	2	1	1	1	1	4	1	0	0	2	0	1	0	2	1	1	2	0	0	2	2	4	4	2	3	3	1	6	2	3	1	2	1	1	0	3	2	4	2	5	19	7	4	2	3	6	7	7	6	5	3	6	5	2	7	3	2	1	0	0	0	2	0	0	0	0	0	0	0	0	1	0	0	0	0	1	0	0	2	0	2	2	1	3	0	1	4	3	7	6	8	7	7	13	13	6	2	1	5	6	1	2	0	1	0	1	0	0	1	0	1	3	1	0	1	1	4	0	1	3	0	1	2	2	2	2	5	6	3	1	2	0	21	4	4	8	2	0	0	0	0	0	0	0	0	0	0	0	1	2	0	0	1	1	1	0	1	0	0	0	0	0	0	2	1	0	1	1	1	1	2	0	2	4	2	3	4	6	48	0	32	81	27	9	9	4	8	13	8	2	3	3	3	3	2	5	4	1	0	2	4	1	1	1	0	2	1	2	0	1	0	1	0	1	1	1	2	0	0	0	1	0	2	0	2	1	0	1	0	1	1	2	0	0	1	1	1	0	1	1	3	0	3	3	0	0	1	3	0	4	1	2	2	0	0	0	2	0	0	0	2	0	1	0	5	6	12	6	5	2	2	1	1	0	1	1	1	3	0	2	1	0	3	2	0	1	1	1	0	0	2	0	0	1	3	0	1	0	1	0	2	0	2	3	2	1	0	1	2	1	1	0	2	0	2	0	1	0	1	0	0	0	1	2	1	1	1	1	1	2	0	0	1	0	0	2	0	0	0	0	1	2	2	0	0	1	0	0	1	2	0	0	0	0	0	0	0	0	0	0	0	0	0	1	0	0	0	1	1	0	0	0	0	0	0	1	0	0	0	0	0	1	3	1	0	0	0	1	0	0	0	0	0	0	0	1	1	0	0	0	0	0	0	1	2	0	1	0	1	1	0
0	0	0	0	0	0	0	1	0	1	2	1	0	2	0	0	0	0	2	2	1	1	0	3	1	2	0	1	3	0	0	0	0	0	0	1	0	0	0	2	0	0	1	2	6	5	5	4	11	2	8	11	2	0	1	2	0	1	1	0	0	0	0	0	0	1	1	1	2	2	2	3	0	2	0	3	0	3	3	2	2	5	7	0	4	1	3	3	2	1	1	2	1	2	1	0	0	4	2	5	6	2	2	4	0	1	8	5	5	2	1	0	1	0	2	2	1	7	24	12	8	4	2	22	15	10	11	8	8	11	9	13	6	3	2	1	0	0	0	1	0	0	0	0	0	0	0	0	0	0	0	0	0	2	1	0	1	0	1	0	1	1	1	3	5	6	1	4	4	3	10	5	9	4	1	3	2	2	0	0	3	1	0	2	1	1	0	2	1	0	0	0	0	1	2	0	0	0	3	1	3	0	2	7	10	12	5	10	10	11	32	16	14	90	6	0	4	2	2	0	0	0	1	0	1	0	1	1	0	0	0	0	1	1	0	0	1	3	2	0	0	1	1	0	1	2	3	4	2	1	4	4	3	2	2	4	12	32	0	11	11	2	4	1	3	7	2	4	1	1	2	1	2	3	3	1	0	1	2	1	0	2	0	1	2	1	0	2	0	3	1	0	1	1	1	0	1	0	4	2	1	1	2	0	1	0	0	0	1	1	0	0	2	0	0	0	1	2	0	0	0	5	2	0	2	2	2	3	0	0	1	0	0	1	2	1	0	1	1	1	2	1	4	3	3	1	2	1	0	0	1	0	1	1	0	0	1	0	0	1	1	1	0	1	1	2	0	1	1	3	1	1	0	0	0	0	0	2	0	0	0	1	0	1	7	2	1	2	1	1	1	3	0	0	1	0	1	0	0	0	0	0	0	1	0	2	0	2	1	2	1	2	1	0	1	0	1	1	1	0	0	1	1	1	0	0	2	0	0	0	0	1	0	0	0	0	0	0	1	2	0	0	0	0	1	0	0	0	0	1	1	0	1	0	0	0	0	0	0	1	0	0	0	0	1	1	1	1	1	1	0	0	0	0	2	1	0	1	0	3	1	2	0	0	0	0	0	1	0
0	0	0	0	0	0	0	0	1	2	0	0	2	0	0	0	1	1	1	3	1	0	2	0	2	0	3	0	2	2	0	0	1	0	0	0	0	2	1	2	0	1	0	2	3	1	7	2	4	2	3	3	2	0	4	0	2	0	0	1	0	1	1	1	0	2	0	0	1	0	2	1	2	0	1	1	5	1	2	0	3	2	1	0	0	1	2	0	1	2	0	3	0	1	1	0	1	0	1	0	2	0	1	6	1	0	1	3	0	1	2	4	2	0	2	1	6	6	13	9	8	5	6	10	5	8	3	11	1	9	8	2	5	5	3	1	1	1	2	0	0	1	1	0	0	0	0	1	1	0	0	2	0	2	0	1	2	1	1	0	2	3	2	1	8	5	1	4	5	14	17	29	7	9	3	0	6	3	2	3	4	1	0	1	0	1	0	0	0	0	0	0	0	2	0	2	5	3	2	0	3	2	2	4	5	3	4	5	2	6	7	8	2	8	1	2	2	0	0	1	0	1	1	1	0	0	0	0	0	1	3	0	0	0	1	0	0	0	0	0	0	0	0	0	0	0	0	2	2	3	3	5	3	2	1	7	16	81	11	0	47	22	15	11	12	17	6	2	8	4	0	1	1	4	0	1	1	2	3	2	0	2	3	1	1	0	1	1	2	3	0	0	4	1	3	1	1	0	3	2	0	0	1	3	0	1	1	1	0	0	0	2	0	0	1	1	0	3	1	0	0	3	5	2	1	5	2	1	0	2	0	0	1	1	0	0	0	2	3	1	3	2	2	3	9	10	2	2	1	0	0	2	0	1	1	1	0	1	0	2	0	0	1	2	1	2	0	0	1	0	0	0	0	1	1	1	2	2	3	1	2	0	0	1	1	0	1	1	1	1	0	0	1	1	0	1	0	1	0	0	0	0	0	0	1	1	2	2	0	0	1	0	0	0	0	0	1	1	1	1	1	0	0	0	1	0	0	0	0	0	0	0	0	0	0	0	0	1	1	1	0	0	0	0	1	1	1	0	1	1	2	0	0	0	0	0	0	1	0	0	1	0	1	0	1	0	0	0	0	0	0	0	0	0	0	1	0	0	0	0	1	0	0	0	0	1	0	0	0
0	0	0	0	0	0	0	2	0	1	0	0	0	0	0	0	1	3	0	0	3	1	0	3	1	0	1	0	1	0	2	0	0	0	1	3	0	0	1	2	0	1	0	1	0	0	1	2	3	0	2	1	0	1	0	0	1	0	1	0	0	1	0	0	0	0	1	0	1	1	1	1	1	2	0	2	0	0	1	2	1	2	2	2	1	0	1	1	0	2	1	1	1	0	1	1	2	3	1	1	3	2	1	0	2	6	2	2	0	2	1	2	4	2	0	3	4	5	6	1	5	8	12	8	7	2	3	3	7	8	5	2	2	1	0	1	0	0	0	0	1	0	1	0	0	0	0	1	0	0	1	1	2	1	0	0	1	1	0	0	0	1	2	1	2	5	4	3	4	10	12	13	5	16	3	5	3	2	0	0	1	4	2	0	0	1	0	1	0	1	1	1	1	3	0	0	3	1	3	3	7	3	5	3	4	1	1	1	1	1	4	4	1	4	3	2	1	0	0	1	0	1	0	2	0	0	0	0	0	0	0	0	0	0	0	2	0	2	1	0	1	0	0	0	1	0	3	1	0	1	0	1	2	3	3	7	12	27	11	47	0	95	17	17	13	11	4	3	3	2	1	1	2	1	2	1	2	1	1	2	4	2	2	0	4	1	0	0	2	1	1	0	1	2	1	0	1	1	1	3	2	3	2	0	1	0	1	0	1	0	0	0	0	0	0	0	0	0	0	1	3	3	1	2	4	6	1	2	1	0	3	1	0	0	0	0	1	1	0	1	1	0	5	6	9	11	5	5	1	1	1	3	2	0	0	4	0	0	1	0	1	0	0	0	1	1	1	0	0	1	0	0	1	0	1	0	1	4	0	3	0	0	1	1	1	1	4	0	2	1	1	0	0	1	0	0	1	0	0	0	0	1	0	0	0	0	0	0	0	0	0	0	1	1	1	1	0	0	0	1	2	1	1	2	1	2	0	0	3	0	0	0	0	0	0	0	0	0	0	1	0	0	0	0	0	0	0	0	0	1	1	1	0	0	2	0	0	0	0	0	0	1	0	0	0	0	0	2	0	0	0	0	1	0	1	0	1	0	0	1	1	0	0	0	2	0	0	0	1
0	0	0	0	0	0	0	1	0	1	0	0	0	0	0	0	0	0	1	2	2	1	1	0	1	0	1	0	0	0	1	0	0	1	0	0	1	0	1	3	0	1	0	0	0	1	1	1	1	2	0	1	1	0	2	0	0	3	3	0	1	0	0	0	1	2	1	0	0	1	1	2	0	3	1	0	0	1	1	5	1	1	5	2	2	1	1	0	3	1	1	0	2	0	2	0	0	2	0	1	2	2	3	1	2	1	3	1	0	1	1	3	1	0	3	2	4	4	6	3	7	3	7	4	1	6	2	4	2	4	4	1	1	0	1	0	0	0	0	1	0	1	0	0	0	0	1	0	0	0	0	0	0	0	0	0	0	1	0	0	1	0	1	0	4	1	3	0	5	4	8	21	6	15	8	5	3	5	3	1	0	0	1	0	0	1	0	1	1	2	0	1	0	2	3	2	2	4	3	5	2	1	5	3	3	2	1	5	3	2	2	3	4	1	2	0	1	0	0	0	0	0	0	0	0	0	0	1	0	0	1	0	0	0	2	1	0	0	0	0	1	1	0	1	0	0	3	3	1	1	0	3	3	3	4	3	10	9	2	22	95	0	21	36	30	10	2	4	4	2	6	2	2	1	1	5	2	2	2	4	2	4	0	0	0	0	2	2	1	1	4	0	0	0	0	0	2	1	0	1	1	0	1	0	2	0	0	0	1	1	0	1	0	0	0	2	0	2	2	3	2	2	2	4	5	4	0	2	2	5	1	1	0	0	1	0	0	2	0	0	1	0	3	2	1	13	2	3	3	0	4	1	0	0	0	0	0	0	1	3	0	1	2	0	1	0	1	0	0	1	0	0	0	0	2	1	0	0	0	0	1	4	1	3	2	1	0	4	0	1	0	0	0	0	1	0	0	0	0	0	0	0	0	0	1	0	0	1	0	0	0	0	0	1	1	1	1	2	0	2	0	0	0	2	0	1	1	0	0	0	0	0	0	0	0	0	2	0	0	0	0	0	0	0	0	1	0	0	0	0	0	0	0	1	0	0	0	1	0	1	1	0	1	0	0	0	1	0	0	2	1	2	1	0	0	0	1	0	1	0	0	0	1	0	1	0	0	1	0
0	0	0	0	0	0	0	0	1	0	0	2	0	1	0	0	0	1	0	1	1	3	0	3	0	1	1	2	2	0	0	1	1	0	1	0	1	1	1	2	0	0	1	0	0	3	1	4	1	2	2	4	1	0	0	0	2	0	0	0	1	1	0	0	0	0	2	0	0	1	0	3	2	2	0	2	0	2	1	5	0	2	0	0	2	0	0	0	0	1	0	0	1	1	0	5	1	2	1	1	9	2	1	5	1	4	8	2	1	2	3	4	5	3	4	6	18	12	8	5	4	1	3	4	3	1	1	5	10	6	6	7	2	2	0	1	2	1	0	2	0	0	1	1	1	0	0	0	2	3	1	0	0	0	3	0	0	2	0	0	2	1	1	2	2	9	9	4	5	44	20	29	14	102	43	9	19	15	5	9	1	1	2	0	1	4	0	0	1	3	0	4	1	2	1	1	0	5	4	2	5	4	8	6	2	2	1	1	0	1	3	2	2	2	5	1	0	1	2	0	0	0	0	0	0	0	1	0	0	0	1	1	1	0	1	0	2	0	0	1	2	2	0	0	0	0	1	2	0	4	1	1	2	1	1	3	5	9	4	15	17	21	0	22	13	9	4	6	2	5	3	4	4	1	1	2	0	2	2	3	3	1	2	1	1	3	3	7	1	2	0	1	0	0	1	0	0	3	3	1	3	2	1	0	1	1	0	0	0	1	0	1	0	1	0	2	1	2	0	0	3	2	0	4	1	2	2	2	1	0	1	0	0	0	0	0	0	0	0	0	1	1	1	2	2	5	0	3	4	3	2	0	1	1	0	0	0	0	0	0	0	2	0	0	0	0	1	0	0	1	1	1	0	1	1	1	1	0	0	2	1	0	0	2	2	1	2	1	1	0	1	0	0	0	0	1	0	0	0	0	2	1	1	1	3	0	1	0	1	0	0	2	0	0	0	0	0	1	3	1	1	0	0	1	0	0	1	1	0	1	0	0	0	0	0	0	0	0	0	0	0	0	1	0	0	0	0	0	0	0	0	1	0	0	0	0	0	1	0	0	0	0	2	0	0	1	1	0	0	1	0	1	2	1	2	0	0	0	0	0	4	1	0	0	2	0	0	0	0
0	0	0	0	0	0	0	0	1	0	0	1	0	0	1	0	1	0	0	0	3	1	1	0	0	1	0	0	2	1	1	0	0	0	2	0	0	0	1	3	0	1	2	0	1	0	1	0	0	2	0	2	1	0	0	1	0	0	0	0	0	0	0	0	1	0	2	1	0	1	0	0	0	1	0	0	1	0	2	3	0	0	2	1	0	0	0	0	1	0	0	1	0	3	1	0	0	4	3	0	2	1	1	1	0	1	2	1	3	2	0	3	2	0	2	4	2	7	2	2	1	0	9	1	0	2	2	5	3	2	3	3	1	2	1	0	0	0	0	0	0	0	0	0	0	0	0	0	0	0	0	1	0	0	0	1	0	1	1	2	1	2	2	2	5	6	2	5	8	6	10	17	10	17	16	9	13	20	1	2	4	1	1	0	0	0	0	0	4	3	0	2	2	3	3	1	2	6	0	1	2	1	3	3	2	1	2	7	1	4	3	2	2	3	1	2	3	0	0	0	1	1	0	0	0	0	2	0	0	0	0	0	0	0	0	1	3	0	1	0	1	0	1	2	0	1	2	0	1	2	0	0	3	2	2	3	5	4	1	11	17	36	22	0	88	20	8	10	10	9	6	5	2	4	2	1	0	1	2	2	3	1	0	4	1	0	3	7	1	1	0	0	2	0	1	1	0	4	0	0	1	2	2	1	1	2	0	1	0	1	1	0	0	1	2	0	1	0	0	1	3	4	3	4	1	9	2	1	0	0	0	0	0	0	1	0	0	0	1	1	2	1	0	2	9	7	5	3	1	1	1	0	0	0	0	0	0	1	1	0	1	0	0	0	1	1	1	0	0	1	0	0	0	1	1	0	1	1	1	0	4	1	0	1	2	1	1	1	0	0	3	1	0	0	0	0	0	0	0	0	1	2	0	0	0	1	0	0	1	1	0	0	1	0	1	1	1	1	0	0	0	0	1	2	0	0	1	1	0	2	0	0	0	0	0	0	0	0	0	0	0	1	0	0	0	0	0	0	0	0	0	0	0	0	0	1	0	1	1	0	0	0	0	2	0	1	0	0	0	1	0	0	3	0	0	0	0	0	0	0	1	0	0	0	1	2	0	0	0
0	0	0	0	0	0	0	0	1	0	1	0	1	0	0	0	0	2	1	1	2	1	0	2	1	1	0	2	0	1	0	1	1	0	0	0	0	1	0	1	0	1	0	0	2	1	0	0	3	0	2	2	0	0	1	0	0	0	0	0	0	0	0	0	0	0	1	1	1	0	0	0	1	1	1	0	1	0	1	4	1	2	2	0	2	0	1	0	1	1	0	0	1	0	0	0	0	0	1	1	2	0	1	2	1	3	5	3	0	1	0	0	2	0	4	2	2	5	4	1	4	1	7	0	0	1	4	1	0	3	2	1	4	2	3	4	0	1	0	0	0	0	0	0	0	1	0	0	0	1	1	0	0	0	0	2	0	0	1	0	1	1	2	1	4	5	8	2	9	6	5	14	9	15	2	1	7	10	1	0	1	1	2	0	0	1	0	2	0	1	1	1	1	1	1	1	1	3	3	3	1	0	0	1	1	1	1	3	4	0	4	3	3	3	2	2	1	0	1	0	1	0	0	1	0	1	0	0	1	1	0	0	0	0	0	0	0	1	1	0	0	2	2	0	0	0	0	1	1	3	1	1	3	1	3	5	13	8	3	12	13	30	13	88	0	44	12	16	10	16	7	4	6	6	4	2	3	3	7	1	3	2	4	2	3	2	1	6	1	1	1	2	0	2	1	0	1	0	2	2	3	1	1	0	0	2	1	1	2	1	1	0	0	0	1	1	4	5	0	1	2	6	4	5	6	8	7	0	2	3	0	2	0	0	0	0	1	0	1	1	2	2	2	2	9	10	2	3	3	2	1	3	1	1	3	1	0	1	1	0	1	0	0	0	0	0	0	0	0	1	1	1	0	1	0	1	1	2	1	2	2	2	3	0	2	0	0	0	0	0	1	2	0	0	0	0	0	0	0	1	0	0	0	0	0	1	0	1	0	2	0	1	0	0	1	0	3	0	1	0	0	0	0	0	1	0	0	0	1	0	1	0	0	0	0	0	2	0	1	0	0	1	0	0	0	0	0	0	0	1	0	2	0	1	0	0	1	0	1	1	0	0	1	0	1	0	0	0	1	1	1	1	0	1	1	0	1	0	1	2	0	0	0	0	0	1	1	0	0
0	0	0	0	0	0	0	0	0	0	0	0	0	0	1	1	0	0	0	2	0	1	1	1	3	1	1	0	1	0	0	0	0	0	0	0	0	0	2	0	0	0	0	1	0	1	1	1	0	2	2	1	0	1	1	0	0	1	2	0	0	0	0	0	0	1	1	2	0	0	2	1	2	0	0	1	0	2	0	3	2	2	1	0	1	2	1	1	0	2	0	1	1	1	1	0	0	0	1	1	4	1	3	0	2	1	4	0	3	3	1	1	3	2	1	3	2	2	4	1	0	1	1	2	3	2	1	1	0	2	8	1	4	3	0	0	3	0	0	0	2	3	0	0	0	2	0	0	1	1	0	1	1	1	3	0	1	0	0	0	0	3	2	7	2	2	5	12	12	7	5	20	10	9	6	4	9	9	5	2	3	2	1	2	0	0	0	0	0	1	1	1	3	1	3	0	1	0	2	2	4	0	1	3	0	2	0	3	1	3	2	3	2	3	1	0	2	0	1	0	0	0	1	1	1	0	0	0	0	0	1	0	0	1	0	1	0	1	1	1	0	1	1	1	0	2	0	3	2	0	1	1	4	6	4	11	27	13	7	17	11	10	9	20	44	0	52	24	12	14	4	7	2	5	4	2	8	7	5	1	5	3	2	3	2	1	0	3	2	1	3	0	0	0	0	0	0	4	1	1	6	3	0	1	1	2	2	2	3	0	2	0	1	0	1	2	0	7	0	1	6	14	11	9	4	19	9	1	2	3	2	3	0	0	0	0	0	1	0	3	1	0	4	10	12	16	14	4	4	4	4	5	0	1	1	1	1	0	1	0	0	1	1	0	0	1	0	1	1	0	0	2	1	0	2	3	0	4	1	2	2	1	0	0	0	3	2	0	0	0	1	0	0	0	0	0	0	3	0	0	1	0	1	1	1	1	0	2	0	0	0	0	1	0	1	0	0	1	1	1	2	2	0	3	4	0	0	0	0	0	0	1	0	0	0	0	0	0	1	0	1	0	1	0	1	1	0	0	0	1	0	0	1	0	0	0	0	0	1	0	1	0	0	1	3	1	0	0	1	0	0	1	0	0	0	0	0	1	0	0	0	1	0	1	0	0	1	0	1
0	0	0	0	0	0	0	0	1	0	0	0	0	0	0	1	0	1	0	0	2	1	0	0	0	0	1	0	2	0	0	0	0	0	0	0	0	0	0	2	1	2	1	2	0	1	3	0	3	0	3	3	0	0	0	0	0	1	0	0	1	1	0	0	1	0	0	0	0	0	0	0	0	3	0	0	0	1	1	0	2	1	2	0	0	0	0	1	1	1	2	0	0	0	2	1	3	2	3	2	4	1	1	1	4	3	5	4	5	2	0	2	2	0	0	1	2	7	5	4	4	3	1	1	0	1	1	0	1	1	1	5	4	5	3	1	1	1	1	1	0	1	3	0	0	2	0	0	0	0	0	0	1	0	1	0	1	1	0	1	1	3	1	9	10	12	14	18	38	8	6	19	20	10	2	9	10	0	5	7	2	2	1	1	1	1	0	1	1	1	0	2	2	1	3	2	0	1	2	2	2	1	3	4	1	2	0	1	1	1	5	3	2	4	1	3	0	1	1	0	1	0	2	0	1	0	0	1	0	1	0	0	1	2	1	1	2	1	3	2	0	0	1	2	5	3	2	2	3	3	2	5	6	3	10	17	22	8	2	6	4	2	4	8	12	52	0	27	12	12	5	2	9	14	4	2	3	2	10	9	6	3	5	4	2	3	2	1	0	3	4	3	2	2	1	2	1	2	5	1	3	2	1	0	2	0	0	1	2	1	1	2	0	2	2	5	3	2	2	4	4	12	6	1	1	9	2	2	1	3	1	3	1	3	0	1	1	2	1	1	3	4	6	9	6	3	12	4	1	4	3	2	1	2	1	1	3	0	1	1	2	1	1	0	0	0	1	2	1	1	1	2	0	1	1	2	1	2	0	2	2	2	2	4	2	2	3	0	1	1	1	0	0	0	0	1	0	0	1	0	0	0	1	1	1	0	1	1	0	1	0	1	1	2	1	0	1	0	1	0	0	0	0	3	3	0	0	0	0	0	0	0	0	0	0	1	1	0	1	0	0	0	0	0	0	0	0	0	0	0	1	0	1	0	0	1	0	0	1	1	1	0	0	0	2	2	2	2	1	1	1	1	3	1	1	0	0	0	0	0	0	3	1	0	0	1	0	0	2
0	0	0	0	0	0	0	0	0	0	0	1	1	0	0	0	0	0	1	0	0	0	2	1	0	1	1	1	0	1	0	1	1	0	0	0	0	1	0	1	0	0	3	0	0	1	2	0	0	2	1	0	0	0	1	0	0	0	2	0	0	0	0	1	0	1	0	0	1	0	0	1	1	1	2	0	0	0	0	1	1	0	0	0	0	0	0	0	0	1	0	0	0	1	0	1	1	0	0	1	2	2	0	0	4	4	1	1	0	0	0	1	4	1	3	2	1	5	2	1	1	0	2	1	2	3	2	2	1	4	1	2	2	0	1	1	2	2	0	0	0	0	1	4	1	0	0	0	0	0	1	0	2	0	0	1	0	1	2	0	1	2	2	4	4	6	2	15	14	1	3	6	10	5	2	5	11	6	4	5	1	2	1	1	0	1	1	0	0	0	1	0	2	1	2	2	1	0	0	1	1	2	1	1	0	0	2	0	0	2	4	2	1	2	5	1	3	1	1	0	1	0	0	0	1	0	0	1	0	0	0	0	0	1	0	1	1	2	1	2	0	1	0	0	0	2	2	0	5	1	1	1	1	2	1	8	10	2	4	2	3	4	6	10	16	24	27	0	40	42	11	8	18	45	4	3	4	6	17	18	5	8	7	4	2	5	1	3	5	4	1	2	0	4	2	2	1	5	2	2	3	2	1	0	2	1	0	1	2	2	1	1	1	3	1	3	4	5	1	2	9	11	3	10	2	8	5	0	1	3	1	2	0	0	0	1	1	1	0	1	0	1	2	4	12	10	11	5	6	3	2	0	0	0	0	1	2	0	1	2	2	1	1	0	0	0	0	0	0	0	2	2	1	3	2	2	5	3	3	3	4	1	3	0	1	3	3	1	1	0	2	3	0	0	0	0	1	0	1	2	3	1	1	0	3	2	1	0	1	1	0	0	1	1	0	2	1	0	1	1	0	0	1	0	1	1	0	1	1	0	0	0	1	0	0	1	0	0	0	1	1	1	0	0	0	0	0	0	1	1	0	0	0	0	0	0	0	0	0	0	0	0	0	1	0	0	0	2	1	2	0	0	1	1	1	0	1	0	0	3	1	1	1	0	0	2	1	1	1
0	0	0	0	0	0	0	1	0	1	0	0	0	0	0	0	0	0	0	1	0	0	0	1	1	0	0	1	1	0	1	0	0	0	0	1	0	0	0	0	1	0	1	0	0	0	1	1	1	4	2	2	0	0	0	1	0	1	0	2	1	0	1	1	0	0	0	0	0	0	1	1	0	0	1	0	1	1	0	0	1	2	1	1	1	0	0	0	0	0	1	0	0	1	1	0	0	1	1	3	1	1	2	0	1	2	4	1	0	1	0	0	1	2	2	0	2	2	3	1	0	1	2	3	1	4	2	1	2	1	2	2	1	2	2	2	1	1	0	0	0	0	1	1	0	1	0	0	1	0	0	1	1	0	1	0	1	0	2	0	3	2	3	2	2	1	4	8	6	0	1	9	2	6	6	2	3	10	4	4	3	3	0	0	2	0	0	2	1	1	1	0	1	1	4	0	2	2	1	1	1	2	2	0	0	0	0	1	1	1	2	1	3	2	2	2	0	1	0	0	0	0	0	1	0	1	0	0	0	0	0	1	0	0	0	0	3	0	0	0	1	1	0	2	2	1	1	0	1	3	1	1	2	2	4	4	2	3	1	8	3	4	2	10	10	12	12	40	0	55	9	7	11	29	16	7	8	14	13	9	5	5	1	4	2	4	2	3	2	2	2	1	1	2	0	2	1	0	2	4	1	2	3	0	2	0	0	0	0	0	4	0	2	1	1	1	2	5	5	3	6	4	4	3	6	15	5	3	1	0	2	1	1	1	0	1	2	0	0	1	0	2	0	3	7	7	12	7	4	2	2	1	1	0	2	2	0	0	2	0	1	0	0	0	1	0	0	1	1	1	1	0	1	0	4	1	3	0	0	2	2	1	1	6	1	3	0	2	2	0	0	2	0	0	2	0	1	1	0	0	1	1	2	1	1	0	0	0	0	1	0	3	0	0	2	0	0	1	0	0	1	3	0	2	0	0	0	0	0	0	0	0	0	0	0	0	0	0	1	0	1	0	3	0	0	0	0	0	0	0	0	2	0	1	1	0	0	0	0	0	0	0	0	2	0	0	0	0	0	0	4	3	0	0	0	2	2	0	0	1	1	0	0	1	0	0	0	0	1
0	0	0	0	0	0	0	0	1	1	0	0	0	0	0	0	0	0	1	1	0	1	0	3	0	0	0	0	1	0	0	0	0	0	0	0	0	0	0	0	1	0	1	0	0	0	1	1	2	1	1	1	3	0	0	0	0	1	0	0	1	0	1	1	0	0	2	0	1	1	1	0	0	0	0	0	2	0	1	1	0	0	0	0	3	0	2	0	1	0	1	0	1	0	0	1	0	1	0	2	0	2	2	0	2	0	2	2	0	0	1	2	0	2	3	1	5	5	3	2	1	2	0	1	1	1	2	2	1	1	1	1	1	1	1	1	0	1	1	0	1	0	0	0	1	0	0	0	0	1	1	0	0	0	0	1	0	0	0	1	4	2	0	2	1	6	5	12	9	8	6	3	4	5	10	7	9	9	8	4	3	3	3	0	0	1	0	0	1	0	4	3	1	2	5	3	2	1	3	7	1	1	0	2	0	1	1	1	0	2	2	2	1	0	1	0	2	0	0	0	1	0	0	0	0	0	0	0	0	0	0	0	0	0	1	1	1	1	0	1	0	1	1	2	0	1	1	2	1	2	3	1	7	2	1	4	8	3	1	4	2	2	5	9	16	14	12	42	55	0	20	15	24	33	9	9	8	8	10	11	5	8	4	6	7	3	2	11	3	4	3	2	1	1	0	0	1	1	1	1	6	1	1	0	1	0	1	1	1	3	3	1	2	1	2	2	8	2	2	4	4	2	4	4	5	12	2	0	1	1	0	0	0	0	0	1	0	0	2	0	3	1	1	5	4	8	6	1	2	2	3	0	3	2	2	1	1	1	0	1	1	2	1	1	0	1	0	0	0	0	2	2	1	0	1	0	5	2	1	2	0	2	2	0	1	1	4	1	1	3	0	0	0	1	0	1	2	0	0	0	0	0	0	0	1	1	1	0	0	2	0	0	0	1	0	1	0	1	3	1	2	0	2	2	0	0	0	1	0	0	0	0	0	0	0	0	2	0	0	0	0	0	0	1	0	0	1	1	0	0	1	1	1	0	0	0	0	2	0	1	1	0	0	1	0	0	0	0	0	1	2	1	1	1	1	0	0	0	1	0	1	0	0	0	0	0	1	2	2
0	0	0	0	0	0	0	0	0	0	0	0	0	0	0	0	0	0	1	0	1	1	1	0	0	2	0	2	1	1	0	0	0	0	0	2	0	0	1	0	0	0	1	0	0	0	1	1	0	0	1	1	0	0	1	0	0	0	0	1	0	0	0	0	0	0	0	0	0	0	0	0	0	0	1	0	0	1	0	0	0	0	1	0	0	2	1	0	1	1	1	0	0	1	1	0	0	0	5	0	2	0	0	1	0	2	3	2	1	0	1	3	4	1	3	3	0	1	3	2	0	2	2	0	1	0	0	2	0	0	1	0	1	1	1	1	1	4	0	0	0	0	0	0	1	1	0	0	0	0	0	0	0	2	1	1	2	1	2	1	2	2	3	4	11	2	6	14	1	2	1	2	2	2	0	6	7	5	8	3	2	4	1	0	2	4	1	1	2	3	2	1	0	4	6	0	3	3	0	1	4	1	1	0	1	0	1	1	1	1	1	0	1	1	0	1	2	0	0	0	0	0	0	0	0	0	0	0	0	0	0	0	0	0	0	1	0	1	0	0	2	3	1	1	1	1	3	3	2	3	0	2	0	4	1	4	1	3	2	0	1	6	3	6	7	4	5	11	9	20	0	71	92	22	21	9	5	6	13	12	19	11	10	28	18	12	11	13	4	6	4	6	1	2	1	2	4	3	2	2	4	3	2	1	2	2	3	2	4	2	4	2	3	2	0	6	6	7	5	3	1	2	5	1	1	4	2	0	0	1	0	1	1	0	0	1	0	0	0	0	1	0	3	2	0	3	2	3	7	4	0	2	2	1	2	1	0	1	0	1	1	1	0	0	4	0	2	0	0	3	2	3	1	2	1	1	2	2	1	1	2	2	2	0	1	0	2	4	0	1	0	1	0	0	0	3	0	0	0	0	0	0	2	1	1	1	0	1	0	0	0	0	1	1	0	1	0	0	0	0	0	0	3	0	1	1	0	0	0	0	0	0	1	1	0	0	0	0	2	0	0	0	0	0	0	1	0	0	1	1	2	1	1	0	0	0	0	3	0	0	0	0	0	1	0	2	0	0	0	2	2	0	2	0	3	1	1	0	2	0	3	1	0	1	1	0	1	0	2
0	0	0	0	0	0	0	0	0	1	0	0	0	0	1	0	0	0	1	0	0	1	1	0	0	0	0	1	1	0	0	0	0	1	0	1	0	0	0	0	0	1	0	0	1	1	0	1	0	0	0	0	1	0	0	0	1	0	0	1	0	0	1	0	0	0	1	0	0	0	0	0	0	0	0	0	0	3	0	0	1	0	0	1	1	0	0	0	0	0	1	2	2	0	0	1	1	0	3	0	1	1	0	1	1	2	2	1	1	1	1	2	2	1	4	0	4	1	0	0	0	0	5	1	1	0	1	0	0	1	1	0	0	1	3	1	0	1	0	0	0	0	1	1	0	0	0	1	0	0	0	0	0	0	0	1	1	0	0	1	3	0	2	2	3	4	5	1	1	1	0	2	5	3	1	4	3	2	11	0	0	3	1	0	3	3	1	0	1	2	1	0	0	4	3	2	4	1	1	3	1	2	0	1	1	1	1	1	0	1	2	1	1	4	0	0	0	2	1	0	1	1	0	0	0	0	0	0	0	0	0	1	0	1	0	1	1	1	3	2	2	2	2	1	0	1	0	0	1	0	2	0	3	1	2	4	2	3	1	1	1	2	4	5	4	7	2	8	7	15	71	0	19	15	21	9	2	9	6	4	5	7	11	18	7	7	9	5	4	0	5	4	2	0	1	2	2	2	2	0	7	1	2	0	2	3	2	1	3	0	3	1	1	1	0	3	5	3	5	2	3	3	2	3	3	0	1	4	0	1	1	0	0	0	0	0	1	0	0	1	0	0	0	1	5	1	2	2	2	0	4	1	3	1	1	1	1	0	1	0	1	0	1	0	0	1	1	0	1	0	1	2	1	3	0	2	4	3	3	1	0	1	1	0	1	2	1	2	1	0	0	0	0	0	1	2	0	1	0	1	1	0	1	0	1	0	0	0	0	0	1	0	0	0	0	0	2	0	0	1	0	2	0	1	0	0	3	0	0	0	0	0	0	0	0	0	0	0	1	0	0	1	0	1	0	0	1	1	0	0	1	0	1	1	0	0	0	1	0	0	1	0	2	0	1	0	1	1	0	1	0	1	3	0	0	1	0	0	0	1	0	0	0	0	1	1	0	0	0
0	0	0	0	0	0	0	0	0	0	0	0	0	0	1	0	0	0	0	0	0	1	0	0	2	0	0	0	1	0	0	0	0	1	0	0	1	2	0	1	1	0	3	3	0	1	0	2	1	0	1	0	0	0	0	1	1	1	0	0	0	1	0	1	1	0	1	0	0	0	0	0	0	0	2	0	0	0	2	0	2	0	0	2	2	1	0	0	0	1	0	0	0	0	0	0	1	0	0	0	0	0	2	0	2	3	3	1	2	2	3	5	2	0	2	1	3	4	1	1	1	1	2	1	1	0	1	2	2	1	1	2	3	2	2	3	0	0	0	1	0	0	1	0	0	0	2	0	0	0	1	1	0	1	1	1	1	2	0	0	3	3	5	7	10	7	15	15	9	5	2	4	3	8	5	6	10	10	7	2	11	4	3	1	1	2	0	2	2	2	2	5	1	3	3	0	2	7	1	4	1	1	0	2	0	0	1	0	0	2	2	1	2	1	1	0	0	2	0	0	1	0	0	0	0	2	0	1	0	0	0	0	0	2	1	4	2	1	0	2	0	0	2	1	1	1	1	0	2	4	3	2	2	2	1	3	5	2	2	1	2	2	4	2	6	2	9	18	11	24	92	19	0	20	1	6	0	5	12	14	9	10	8	14	13	9	10	15	2	2	4	6	1	2	3	3	4	10	8	6	11	3	2	1	0	1	4	2	4	2	4	1	1	1	1	5	9	8	10	3	4	4	7	2	3	2	1	1	1	0	0	1	0	2	2	0	0	0	2	1	0	1	1	3	3	1	5	3	1	4	2	2	0	0	2	1	0	2	1	0	1	0	1	0	1	1	1	0	2	1	0	2	0	2	3	3	2	3	1	0	0	1	2	1	1	5	0	2	1	0	1	1	0	0	0	1	1	0	1	0	0	0	0	1	2	1	1	0	0	0	0	1	0	0	1	1	0	0	0	0	0	1	0	1	0	0	2	0	0	0	1	0	1	0	1	0	1	0	0	0	0	0	1	0	0	0	0	0	0	0	0	1	0	1	0	1	0	1	0	0	0	0	1	0	1	0	1	1	3	0	0	0	5	2	4	0	1	2	3	1	0	1	0	1	1	1	0	1	1
0	0	0	0	0	0	0	0	0	0	1	0	0	0	0	0	0	0	0	0	0	0	1	0	1	0	1	0	0	0	1	1	2	0	0	0	1	0	0	2	0	0	0	0	0	0	0	2	1	0	0	0	0	1	0	0	0	0	1	0	0	0	0	3	0	1	0	1	0	1	2	0	1	1	0	0	0	0	1	1	0	0	1	2	2	1	0	1	0	1	0	0	1	0	2	0	0	1	1	1	2	0	1	3	2	0	1	1	2	0	0	2	0	0	4	0	1	3	0	1	1	0	3	2	1	1	0	1	1	1	1	4	6	0	0	0	0	2	1	1	0	0	0	1	0	0	0	0	0	0	0	0	0	1	0	0	0	0	0	0	1	3	1	4	6	3	6	5	4	2	1	4	3	1	3	4	11	10	3	7	4	2	1	2	0	1	0	0	0	0	0	3	0	2	4	0	1	2	0	0	2	0	0	1	0	3	0	0	0	0	3	1	1	2	1	0	0	1	0	0	0	1	0	0	0	0	1	0	0	0	0	0	0	0	2	1	2	2	1	0	1	1	0	1	4	3	3	0	3	2	1	0	2	3	1	4	1	5	3	4	1	1	1	4	6	5	14	45	29	33	22	15	20	0	27	10	12	18	35	21	22	7	4	10	7	5	3	5	3	7	3	5	0	0	0	0	2	1	3	2	2	5	1	0	0	1	1	1	1	1	5	1	1	1	2	2	10	8	8	0	8	10	2	4	5	9	3	2	1	1	0	0	0	1	1	0	0	1	0	0	2	2	1	1	3	5	11	5	10	4	1	2	0	0	0	1	0	0	4	0	4	0	1	0	1	0	1	1	2	1	2	1	2	2	3	3	7	7	3	1	1	1	0	1	3	2	0	3	2	2	1	2	0	2	0	0	0	0	0	1	1	0	1	0	3	0	1	0	0	1	0	1	0	0	1	0	1	0	0	1	1	0	0	0	1	0	0	2	0	0	0	0	0	1	0	0	0	0	0	0	3	1	0	1	0	0	0	0	0	0	0	0	0	1	0	1	0	0	1	1	0	0	0	0	0	1	2	1	0	0	1	0	1	1	1	0	2	0	2	0	1	0	1	1	0	0	0	0	0
0	0	0	0	0	0	0	1	0	0	0	0	2	0	0	0	0	0	0	0	0	0	0	0	0	0	0	1	0	0	0	0	1	0	0	0	1	0	0	0	0	0	0	0	2	0	1	2	0	0	0	0	1	0	0	1	0	0	1	2	0	1	0	0	0	0	1	0	1	0	3	0	0	0	0	0	0	0	2	0	1	0	0	1	1	0	0	0	1	0	0	0	1	0	1	1	1	1	1	0	0	1	0	0	3	0	0	2	2	1	2	0	1	0	1	4	2	3	1	1	1	0	1	2	2	0	0	0	0	1	1	1	2	0	0	1	0	0	1	2	0	0	0	1	0	0	0	0	0	2	0	0	0	0	2	0	1	0	0	1	0	1	1	0	1	1	0	4	3	2	1	3	4	0	1	3	5	0	4	0	0	1	0	0	2	1	1	0	0	2	0	2	0	1	1	4	1	2	2	1	1	0	1	1	0	0	2	1	1	0	3	1	1	1	0	1	0	0	0	0	0	0	0	1	0	1	0	0	0	0	2	1	0	0	0	1	2	2	4	1	0	1	2	3	1	2	3	1	1	0	2	2	0	1	1	0	4	4	3	0	2	1	1	2	4	4	4	4	16	9	21	21	1	27	0	56	26	28	14	10	19	7	1	8	7	6	4	2	4	4	1	0	0	0	0	3	3	2	0	1	0	1	0	3	1	2	2	3	0	2	0	0	0	1	0	2	3	8	5	0	4	7	1	8	6	3	5	2	1	1	1	0	0	0	0	0	0	2	0	1	0	0	2	1	1	1	5	4	7	4	1	1	0	1	1	1	0	0	1	0	0	0	0	1	0	1	0	0	1	4	2	2	1	2	2	1	2	2	2	3	3	1	2	0	2	1	0	0	1	2	1	0	1	0	0	1	0	0	0	0	1	0	1	1	0	0	1	1	1	1	0	2	0	1	0	1	1	1	0	1	0	0	3	0	1	0	2	0	0	0	1	0	1	1	0	0	1	1	1	1	0	1	0	0	0	0	0	1	0	0	0	0	1	0	1	0	0	0	0	0	0	1	0	3	1	2	0	1	4	1	0	0	1	2	0	2	0	0	0	1	0	1	0	0	2	0	0	0	1
0	0	0	0	0	0	0	0	0	0	0	0	0	1	1	0	1	0	0	0	0	0	0	0	1	0	0	2	0	0	1	0	1	0	0	0	0	0	0	1	0	1	0	0	1	0	0	1	0	1	0	0	0	1	0	0	0	0	0	0	0	0	0	0	1	1	1	0	1	0	0	0	1	0	0	0	0	0	0	0	0	1	0	1	0	0	0	2	0	0	0	1	1	1	0	0	0	0	0	3	0	1	0	0	3	0	1	2	0	3	2	0	0	2	0	0	0	0	1	0	0	1	0	2	0	0	1	1	1	0	0	0	1	1	0	2	1	0	1	0	1	0	0	1	0	0	0	0	0	1	0	0	0	0	0	0	1	1	0	0	0	1	1	1	5	0	1	3	2	1	1	1	0	1	0	2	3	2	5	0	1	2	0	0	1	0	0	0	0	0	2	1	0	1	2	0	0	2	3	1	2	0	0	0	0	2	0	1	0	5	1	0	0	0	0	0	0	0	0	0	0	0	2	0	0	0	0	0	0	0	0	0	1	0	0	1	0	5	0	2	1	1	1	0	0	0	1	2	0	2	1	1	0	2	3	2	1	1	1	1	1	5	2	1	2	2	2	3	7	9	9	9	6	10	56	0	18	25	5	0	16	10	1	13	1	6	2	7	0	5	1	1	0	0	0	1	1	2	1	0	4	5	1	2	1	2	1	3	2	1	3	2	2	1	0	2	2	2	5	2	8	4	0	4	2	3	1	3	1	0	2	0	3	0	2	0	0	0	0	1	1	0	0	1	3	2	0	7	3	2	3	1	3	2	2	1	1	1	1	1	0	1	0	1	3	0	0	1	1	3	3	1	3	1	4	1	4	2	7	2	1	1	2	0	1	2	1	2	1	1	2	0	1	0	1	0	1	2	2	1	0	0	0	1	1	0	1	0	0	0	0	0	0	1	1	0	1	3	0	3	1	2	0	0	1	0	2	1	1	1	0	0	0	1	1	0	0	0	0	0	0	0	0	2	0	1	0	0	0	0	0	1	2	1	2	0	0	0	0	0	0	1	0	0	0	0	0	2	1	2	1	0	1	1	3	0	0	1	0	0	0	0	1	0	0	0	1	0	1
0	0	0	0	0	0	0	1	0	0	1	0	0	0	1	0	0	0	2	0	0	1	0	0	1	0	0	0	0	0	0	0	1	0	0	0	0	0	0	0	0	0	1	1	1	0	0	0	0	1	1	1	0	0	0	2	1	0	0	1	0	0	0	0	0	0	0	0	1	0	1	1	0	1	1	0	1	0	1	0	0	1	0	0	0	0	1	1	0	1	0	0	0	0	0	0	0	1	0	0	3	0	1	0	1	0	1	0	1	0	1	0	1	1	0	0	1	1	0	0	0	0	2	0	1	0	2	2	1	0	0	3	2	0	2	0	0	1	0	1	0	0	0	2	0	0	1	0	1	0	1	0	0	0	0	1	0	0	0	1	0	1	0	4	2	1	2	0	2	2	1	2	4	3	1	2	2	1	2	3	1	3	0	0	0	0	0	0	1	0	2	0	1	1	1	0	1	0	1	1	0	0	1	0	0	2	3	0	0	1	1	1	1	0	0	0	0	0	0	0	0	0	0	1	0	1	0	0	0	0	0	0	0	0	1	0	1	2	2	1	1	1	2	2	0	0	1	2	2	1	2	4	3	4	0	3	1	0	0	1	2	2	0	0	3	8	3	4	8	8	5	2	0	12	26	18	0	37	18	10	10	2	3	5	3	4	0	5	2	2	0	2	0	1	1	0	1	3	1	5	1	1	3	1	1	2	2	1	1	0	1	0	1	0	0	3	3	4	3	2	5	7	3	10	10	8	5	5	2	2	0	2	1	2	1	0	2	2	0	2	1	0	1	2	2	3	2	12	14	6	7	3	2	1	0	5	3	0	1	1	1	2	1	2	2	2	0	0	1	1	3	3	1	5	4	0	5	4	9	3	2	4	4	1	3	1	1	1	1	0	1	0	0	0	0	1	1	1	0	2	1	2	0	4	0	0	2	0	0	2	0	1	0	0	0	1	1	0	1	1	0	0	0	2	1	1	0	1	1	0	0	0	0	0	0	0	0	1	1	0	1	0	0	0	1	0	0	0	0	0	1	1	1	0	0	0	0	0	1	1	0	0	1	0	1	0	0	0	1	0	0	1	1	0	0	3	1	1	2	1	0	0	0	0	2	0	0	0	0
0	0	0	0	0	0	0	0	0	0	0	0	0	0	0	0	1	0	0	0	0	0	1	1	0	1	0	0	0	0	2	0	0	0	0	0	1	0	0	1	0	0	1	0	1	0	0	1	3	0	0	0	0	0	0	1	1	0	0	0	0	0	0	1	0	0	0	0	0	1	0	0	0	0	1	0	0	0	1	0	0	1	0	1	0	0	0	1	1	0	1	0	0	1	1	0	1	0	0	0	0	0	0	0	2	1	1	2	2	0	1	1	0	1	1	0	2	1	0	1	1	2	1	1	0	0	1	2	0	0	0	0	2	1	1	0	1	1	0	0	1	0	1	0	0	0	0	0	0	0	0	3	0	0	1	0	2	0	1	0	2	1	3	0	5	2	3	7	3	0	2	5	6	5	2	2	3	4	1	4	3	1	1	2	0	2	0	1	2	2	1	1	0	0	0	0	1	2	0	0	1	0	0	2	1	1	0	0	0	3	0	0	0	0	5	0	0	1	0	0	1	1	0	1	0	0	0	0	0	0	1	0	0	0	2	1	2	1	2	2	2	0	1	0	1	1	3	1	1	1	1	1	5	2	0	1	2	2	1	2	1	2	2	1	3	7	2	6	14	8	6	9	5	18	28	25	37	0	48	17	29	12	7	11	6	4	4	2	2	3	0	0	1	1	0	4	1	2	1	1	4	4	0	2	2	3	2	2	3	0	0	1	1	2	5	4	11	1	4	4	20	9	1	7	12	9	5	3	2	2	1	1	1	0	0	0	0	2	2	1	0	2	2	1	2	4	16	17	9	10	12	2	1	4	4	4	1	2	2	0	0	0	0	2	0	3	0	1	2	3	2	4	1	1	2	1	4	10	4	2	3	2	5	1	2	4	0	2	4	2	1	0	1	0	0	1	1	0	0	3	1	0	0	0	2	0	1	1	0	0	0	2	1	0	2	0	1	0	3	1	3	0	1	3	2	1	1	2	1	1	1	0	2	1	0	0	0	0	0	3	1	1	0	0	1	2	0	0	0	0	0	3	0	0	0	0	1	0	0	0	0	0	2	0	1	0	0	0	1	2	2	1	0	0	2	1	1	2	0	0	0	1	0	3	1	1	2	0	0
0	0	0	0	0	0	0	1	0	0	0	0	0	0	0	1	0	0	0	0	0	0	1	1	1	0	0	0	0	0	1	1	0	1	0	0	0	0	1	0	0	0	1	0	0	0	1	2	0	1	0	0	0	0	0	0	0	0	0	0	0	0	0	0	1	0	0	0	1	1	0	0	0	2	0	0	1	0	1	0	1	0	0	1	1	1	0	0	0	0	0	0	0	0	0	0	0	0	2	1	0	0	1	1	0	1	3	1	0	1	0	0	3	2	1	2	1	3	1	1	0	2	0	0	0	1	1	0	2	1	0	3	4	2	1	1	0	3	2	0	1	0	0	0	2	1	1	0	0	1	0	1	0	0	2	0	3	0	0	1	3	1	2	2	5	7	5	3	5	0	2	8	2	1	3	7	4	4	2	1	4	2	2	0	0	1	1	0	0	1	0	0	1	2	2	0	1	1	1	4	0	1	0	2	4	3	1	0	2	1	1	3	2	2	3	1	1	2	0	0	0	0	0	0	1	0	0	0	0	0	0	0	0	0	3	0	1	1	0	1	2	0	0	2	0	2	4	3	1	5	2	4	1	1	1	5	4	4	2	3	1	2	2	2	7	5	10	17	13	10	13	6	12	35	14	5	18	48	0	153	39	18	4	6	9	5	1	3	2	4	2	2	1	1	2	1	5	4	0	0	4	4	2	1	5	4	1	6	2	3	1	1	2	2	4	4	5	11	4	12	35	14	2	8	6	10	2	3	0	3	1	1	0	0	0	1	0	0	0	0	1	0	1	4	10	3	32	7	17	10	5	4	3	2	1	1	2	0	1	2	2	1	0	1	2	1	1	2	2	4	2	1	1	4	3	3	5	6	3	1	4	5	1	0	2	2	2	2	1	1	0	0	1	1	0	0	2	1	2	3	1	0	3	0	0	0	1	2	0	1	0	0	0	2	0	0	1	1	2	3	0	0	0	1	0	0	0	0	1	0	1	0	0	0	0	1	0	1	2	2	1	1	1	1	2	0	1	1	0	0	0	0	1	0	0	0	0	0	0	0	0	2	0	1	0	0	0	0	1	1	0	1	0	0	0	0	1	0	1	5	0	1	0	0	0	2	1	3	0
0	0	0	0	0	0	0	0	0	1	0	1	0	0	0	1	0	0	1	0	3	0	0	1	1	0	0	1	0	1	0	1	0	0	1	0	0	0	1	1	0	0	2	0	0	1	0	3	2	2	1	0	0	0	1	0	0	0	0	0	0	0	0	0	0	1	0	1	0	0	0	0	0	0	0	0	1	1	0	0	0	0	0	1	2	1	1	0	0	1	0	0	1	1	1	1	0	0	2	0	0	2	3	2	3	3	2	1	1	2	0	3	0	1	4	1	1	1	4	0	1	0	2	2	2	0	1	3	3	0	3	2	2	3	0	1	1	1	0	2	2	0	0	0	0	0	0	0	0	0	0	0	0	1	0	0	0	0	1	0	2	4	3	4	5	7	7	13	5	0	3	3	5	6	1	4	5	3	2	3	3	2	0	1	1	2	2	0	0	0	2	0	2	1	1	1	4	0	1	0	1	4	0	2	1	0	2	0	1	1	5	0	4	1	1	1	0	0	1	0	0	0	1	1	0	0	0	0	1	0	1	0	0	2	1	3	1	2	1	0	1	1	3	2	1	2	1	3	3	2	4	2	3	6	6	7	4	1	1	2	2	4	3	2	1	1	9	18	9	11	12	4	14	21	10	0	10	17	153	0	18	11	3	9	0	4	2	4	3	1	4	2	2	0	0	1	2	3	3	1	5	5	1	1	2	3	1	2	1	2	4	1	0	1	3	5	11	9	8	11	55	29	5	6	5	9	1	2	1	0	1	2	1	2	0	1	1	0	0	1	1	1	2	6	2	1	19	11	13	9	2	5	2	1	3	3	3	1	2	1	2	1	0	0	1	0	1	3	2	3	3	1	2	1	4	1	10	5	6	5	8	2	1	3	4	2	3	3	3	0	1	2	0	0	0	2	1	1	1	0	1	0	0	2	0	0	1	0	1	0	0	0	1	2	0	1	2	0	1	0	4	0	0	1	0	0	0	1	0	0	1	0	0	1	0	1	0	0	0	1	2	0	1	0	1	1	0	0	3	1	0	0	0	0	0	0	0	2	2	1	0	1	1	0	0	0	0	0	0	0	1	0	0	0	0	0	0	3	1	2	0	0	2	1	0	0	2	5	0
0	0	0	0	0	0	0	0	0	0	0	0	0	0	1	0	0	0	0	1	0	0	0	1	1	0	0	0	0	0	1	1	0	0	0	1	0	0	0	0	0	0	0	0	0	0	1	0	2	1	0	1	0	0	1	0	0	0	0	2	0	0	0	0	0	0	0	1	0	1	1	0	0	0	0	0	0	0	2	1	0	0	0	0	1	0	1	0	0	1	0	0	0	0	1	0	1	0	1	1	0	1	0	1	1	1	1	2	0	1	2	3	1	0	1	1	0	1	2	0	1	0	1	1	1	0	0	0	2	3	0	1	0	1	1	1	0	1	0	0	3	2	0	0	2	0	0	0	0	0	0	0	1	1	2	0	0	1	0	0	0	3	1	2	3	2	3	5	2	2	1	3	2	1	2	2	7	0	3	2	2	2	1	2	0	0	0	1	1	3	0	3	0	1	1	1	3	0	0	0	1	1	0	1	0	0	1	0	2	1	3	1	1	2	0	0	1	0	0	0	1	0	0	0	0	0	0	0	1	1	0	1	0	1	1	1	4	2	2	1	2	2	2	0	3	2	1	1	4	1	1	4	3	4	4	3	3	1	0	0	4	2	3	3	3	5	6	5	5	5	19	5	9	22	19	16	10	29	39	18	0	57	14	8	6	11	5	7	1	2	1	1	0	2	0	4	1	3	3	3	5	6	3	1	2	1	2	3	3	3	0	3	4	1	3	5	9	11	21	15	23	8	5	5	3	2	2	3	1	4	0	0	0	0	0	1	0	2	0	3	1	2	1	2	0	4	5	8	5	13	4	2	1	3	2	3	3	2	2	0	0	0	1	2	2	2	2	0	0	0	3	1	2	2	3	4	11	5	6	2	4	0	2	2	3	2	2	3	2	1	0	1	1	1	0	0	0	0	1	1	3	0	2	1	0	0	1	0	1	0	0	0	2	2	1	1	0	1	0	5	2	2	0	3	1	2	2	2	0	0	0	0	0	0	0	0	1	0	0	0	2	0	2	2	1	1	0	1	0	0	0	0	0	2	0	0	0	1	0	1	0	1	0	0	2	1	3	2	1	3	1	0	2	0	1	0	1	1	3	1	2	1	3	1	0	0	0	2	0
0	0	0	0	0	0	0	0	0	0	0	0	0	0	0	0	0	1	0	1	1	2	0	1	0	0	0	1	0	1	0	0	0	0	0	0	0	0	1	0	0	1	0	0	0	1	1	1	0	2	0	2	0	0	0	1	0	0	0	1	0	0	2	0	0	1	0	0	0	1	0	0	0	0	0	0	0	0	0	0	0	0	0	0	2	2	0	1	2	0	0	0	0	0	0	1	2	0	1	0	1	0	1	1	0	2	2	1	0	1	0	0	0	1	1	1	0	1	0	0	1	0	0	0	0	0	0	0	2	1	1	2	2	1	0	2	0	0	0	0	0	2	0	0	0	2	0	1	0	1	0	0	0	0	0	1	2	2	2	1	2	5	1	1	2	2	5	2	2	2	1	1	0	1	3	1	2	0	5	1	4	0	5	3	1	1	1	3	2	0	0	0	2	2	2	2	0	1	1	2	2	0	1	2	0	1	1	0	0	0	2	1	0	1	1	1	0	0	0	0	1	0	2	0	1	0	0	0	0	0	0	0	0	1	0	1	3	3	2	3	1	0	1	0	0	3	1	3	1	1	6	6	0	1	0	0	2	1	2	2	2	4	1	1	2	3	3	8	5	8	11	7	10	7	7	10	2	12	18	11	57	0	15	15	13	10	4	4	0	3	2	2	1	0	3	3	2	4	6	5	9	3	4	4	2	4	6	9	4	6	6	0	1	1	5	16	13	14	25	9	10	7	2	4	1	1	3	1	1	1	0	0	0	0	1	0	1	0	1	0	1	0	0	0	1	1	6	8	3	6	3	0	0	1	0	4	3	2	2	0	0	3	1	1	0	0	1	1	4	2	3	4	8	2	1	4	3	6	5	5	2	3	3	0	2	3	0	2	2	2	0	0	0	0	0	0	1	2	1	0	2	1	1	1	1	0	2	1	0	1	0	0	0	1	1	1	1	0	1	2	3	0	0	1	1	0	2	2	2	1	0	0	1	0	0	1	1	0	0	0	1	1	1	0	0	1	0	1	0	1	0	0	1	0	1	0	0	1	0	0	0	0	1	0	2	1	2	1	0	2	1	2	1	1	2	0	1	3	0	1	0	2	0	2	0	4	3	2	3
0	0	0	0	0	0	0	1	0	0	1	0	0	0	0	0	0	0	1	0	0	0	1	0	0	0	0	0	1	0	0	0	0	1	0	1	1	0	1	0	0	0	1	0	1	0	1	2	1	1	0	1	0	0	0	0	0	0	0	0	0	0	0	0	0	0	0	0	1	0	1	0	0	0	0	2	0	0	1	1	0	1	0	0	1	0	0	1	2	1	0	0	0	0	1	0	0	0	1	1	1	1	0	2	0	3	4	1	0	2	0	0	2	0	1	1	1	2	0	1	0	0	2	2	0	1	1	4	0	2	1	1	2	1	1	0	2	0	0	0	1	1	0	0	4	1	0	0	1	0	0	0	1	0	0	0	1	2	0	1	4	2	2	3	1	2	1	3	1	2	0	1	3	0	1	4	6	4	3	6	5	6	3	1	0	0	2	0	0	2	0	2	0	3	8	2	1	3	0	3	0	0	1	0	0	0	0	0	1	2	0	0	0	2	0	0	0	0	1	0	1	0	1	0	0	0	0	0	1	2	1	1	0	1	1	4	3	1	1	1	2	1	3	1	1	0	1	0	1	0	3	3	0	2	0	3	0	0	0	3	2	0	2	0	4	2	5	7	1	4	10	11	8	4	1	1	3	7	4	3	14	15	0	18	33	67	15	9	10	5	6	3	2	4	2	12	16	18	6	5	6	4	1	2	0	1	2	8	10	7	8	3	5	4	11	17	15	12	12	6	4	1	0	0	1	3	1	1	1	0	1	0	0	1	0	0	0	0	1	0	0	0	1	0	1	1	1	2	5	3	1	1	0	2	0	0	2	2	1	0	1	1	2	0	3	2	1	2	0	1	1	0	3	0	1	5	2	1	1	2	1	3	1	0	0	2	3	0	2	3	1	2	1	1	1	1	4	0	1	2	1	0	1	2	2	0	0	0	0	0	0	1	0	1	2	2	1	1	1	1	3	2	2	1	0	1	2	2	0	0	1	0	1	0	1	2	1	0	1	0	0	0	1	1	0	0	2	0	0	0	0	0	0	1	0	0	0	1	0	1	1	3	1	0	0	3	2	4	1	3	0	2	3	1	2	0	2	2	0	2	0	2	2	2	1	1	1	0	0
0	0	0	0	0	0	0	0	0	0	0	0	0	1	0	0	0	2	0	0	1	1	0	1	0	2	0	0	0	0	0	0	0	0	1	0	0	1	1	0	0	0	0	0	0	0	1	1	1	0	0	0	0	0	0	2	0	1	0	0	0	0	0	0	0	0	0	0	0	0	0	0	0	1	0	0	0	0	0	0	0	0	1	0	1	1	1	0	0	2	1	1	0	0	0	1	1	0	1	1	0	0	1	0	0	0	1	1	1	1	0	0	1	1	3	1	1	0	1	0	1	2	2	0	1	1	2	0	0	2	0	3	2	1	2	1	0	0	1	0	0	0	1	0	0	0	0	2	0	0	0	1	0	1	1	0	0	2	1	1	2	2	1	2	1	0	5	2	3	2	1	1	0	3	0	5	5	5	2	4	3	3	2	2	3	2	1	1	0	1	1	5	0	2	3	1	1	1	2	1	0	1	0	0	1	1	1	0	2	1	0	1	1	0	3	0	1	1	0	2	0	2	0	0	0	0	0	0	0	0	0	0	0	1	2	0	3	1	3	2	0	3	2	0	2	2	1	1	2	1	1	3	0	1	1	7	0	2	1	1	0	0	1	4	2	3	4	4	4	6	28	18	14	10	8	13	5	11	6	9	8	15	18	0	13	26	17	11	9	5	8	3	4	1	2	6	9	2	1	4	1	2	6	0	2	3	3	3	3	2	3	0	2	1	2	4	4	4	1	6	5	0	2	2	1	4	3	2	1	0	0	3	2	0	1	0	1	0	0	1	1	2	1	2	4	1	0	3	1	2	2	2	1	0	0	2	1	0	0	0	1	1	2	0	1	0	1	0	1	0	1	1	1	1	0	3	5	3	1	1	0	2	2	0	1	3	1	0	0	1	2	0	1	1	2	0	0	0	0	2	0	0	2	1	2	0	1	0	0	0	2	0	0	1	1	2	1	0	1	2	3	1	1	1	0	1	1	1	0	0	1	0	1	0	0	0	0	0	0	0	0	0	1	0	1	0	0	1	0	1	0	0	0	0	1	1	0	0	0	0	0	1	1	0	0	1	0	1	1	1	0	2	1	0	2	1	1	1	2	0	0	2	1	2	1	1	1	1	1
0	0	0	0	0	0	0	0	0	0	0	0	0	0	0	0	0	0	2	1	0	1	1	1	0	0	1	0	0	0	0	0	0	0	0	0	0	0	0	0	0	0	1	0	0	2	1	0	1	0	1	1	0	1	0	1	0	0	0	0	0	0	0	0	0	0	0	0	1	0	0	1	0	1	0	0	0	0	1	0	0	1	0	0	0	0	0	1	0	1	0	0	0	2	0	1	0	2	1	0	1	0	0	2	2	0	1	1	2	1	0	1	3	1	0	6	4	1	0	2	1	0	0	2	2	1	2	0	2	2	5	2	2	2	2	3	1	0	2	1	1	2	0	1	0	2	0	1	0	0	0	1	2	1	0	0	0	2	0	0	3	2	2	7	4	6	9	5	4	1	1	2	4	3	7	7	2	3	11	8	9	10	4	2	2	1	0	1	1	1	2	4	3	5	9	1	8	1	7	5	1	1	0	1	1	1	0	1	1	1	1	0	0	0	2	1	1	0	1	0	1	0	0	0	1	1	0	0	0	0	1	0	2	3	0	6	1	1	2	2	1	2	1	2	1	1	4	2	0	0	3	2	1	1	4	2	0	1	2	1	4	0	1	1	3	2	2	2	2	7	18	7	13	7	7	1	3	6	9	0	6	13	33	13	0	78	53	22	23	16	11	7	3	2	5	5	11	14	2	2	5	5	1	0	3	2	1	2	3	1	3	2	2	2	3	12	14	7	3	0	3	0	0	1	1	3	1	1	0	0	1	0	0	2	0	0	0	1	0	0	0	2	0	1	4	2	5	1	1	3	1	0	1	0	3	0	1	0	0	1	1	1	0	0	1	1	0	1	0	3	0	2	1	0	1	1	1	0	2	2	1	1	1	0	2	1	1	0	1	1	2	0	0	3	0	0	1	1	1	0	1	0	0	0	1	0	1	0	0	1	0	1	0	1	0	0	0	1	3	0	2	1	0	1	1	2	0	0	0	0	1	0	1	0	0	0	1	0	0	0	0	1	1	3	0	1	1	1	0	0	0	0	0	1	1	1	0	0	0	0	0	1	0	0	0	0	1	1	2	1	2	1	0	1	1	1	1	0	0	2	2	2	0	1	0	0	1	1	0
0	0	0	0	0	0	0	0	0	0	0	1	0	0	0	0	0	0	0	0	0	0	0	1	0	1	1	0	2	0	0	0	0	0	0	0	0	0	0	0	0	0	1	0	1	2	0	0	1	1	1	2	0	0	0	0	0	0	0	0	0	0	0	1	0	1	0	2	0	0	0	0	0	0	2	0	0	1	0	1	1	0	0	0	0	1	1	0	1	1	1	0	1	1	0	0	0	2	0	1	1	1	1	1	1	2	0	0	0	2	1	3	2	1	1	0	1	0	2	1	1	1	2	0	1	0	0	1	0	2	2	3	1	0	1	1	1	0	0	1	0	0	1	1	1	0	1	1	1	0	1	1	1	0	2	0	1	1	2	1	2	1	5	4	2	2	4	6	4	1	0	2	2	2	0	3	4	5	5	4	9	2	5	0	2	0	2	1	3	0	1	2	2	1	3	3	1	1	0	3	1	0	4	0	2	1	0	1	0	1	2	1	1	1	0	0	3	1	0	1	0	0	1	1	1	0	0	0	0	0	0	1	1	0	1	1	3	1	0	4	2	2	1	0	3	4	2	2	0	2	1	0	2	0	3	3	3	2	1	0	1	0	3	0	2	1	3	5	4	3	12	7	9	5	6	6	4	4	5	4	11	10	67	26	78	0	98	5	14	20	2	2	1	4	1	9	8	7	3	4	4	4	2	2	0	2	4	4	4	1	10	3	2	3	7	8	13	12	5	2	2	2	2	1	1	0	2	0	0	1	0	1	0	0	0	0	0	1	0	0	0	0	0	1	2	2	2	1	0	4	2	0	2	1	0	0	2	1	0	0	0	0	0	0	1	1	2	0	1	0	1	1	2	0	0	1	0	2	2	2	1	0	0	0	0	1	1	2	1	0	0	1	0	1	1	2	1	1	0	0	0	0	0	0	0	0	0	1	0	0	1	0	1	1	0	0	1	0	1	0	1	0	0	0	1	4	0	0	1	1	0	0	0	0	1	0	0	0	1	2	1	2	1	0	1	1	0	0	0	0	0	0	1	0	1	0	1	0	2	0	0	1	1	0	0	1	1	4	1	1	7	1	3	1	3	1	0	0	0	0	1	2	1	0	1	0	0	0	1
0	0	0	0	0	0	0	0	1	0	0	0	0	0	0	1	0	0	0	3	0	0	0	0	0	1	1	0	0	2	0	0	1	0	0	0	0	0	0	0	0	0	1	0	0	1	0	1	1	1	0	0	2	0	0	0	0	2	0	0	0	0	1	0	0	0	0	0	1	0	1	0	0	2	0	0	0	0	0	0	0	0	0	0	0	1	0	0	2	1	0	1	2	0	1	1	0	0	1	1	0	1	0	0	3	1	0	0	2	0	0	3	0	1	3	1	1	2	1	0	1	2	0	2	0	1	1	0	0	1	0	0	4	1	0	1	0	2	0	0	1	0	0	0	0	0	1	1	1	0	0	0	0	1	2	1	0	0	0	2	2	4	4	2	3	7	2	4	1	0	3	0	1	1	1	4	5	4	6	7	7	3	5	1	3	0	0	0	0	2	1	4	3	4	4	0	3	0	1	2	0	1	0	0	0	0	0	0	0	1	0	2	1	2	2	1	0	0	0	0	0	0	1	0	0	0	0	0	0	1	0	1	0	1	2	0	2	1	0	1	1	1	3	1	3	0	1	1	0	1	3	2	0	1	2	2	1	0	0	1	0	2	3	3	1	0	2	1	2	2	11	9	10	3	4	2	0	4	1	2	5	4	15	17	53	98	0	18	25	20	10	6	5	2	2	5	9	6	4	3	0	3	1	1	0	0	2	3	0	5	4	2	2	3	2	6	6	3	3	2	1	0	2	6	0	0	1	1	0	0	0	0	0	1	0	0	0	0	1	1	1	1	0	0	0	0	3	1	2	0	2	1	0	0	0	1	2	2	0	1	0	1	0	0	0	0	0	1	0	2	0	2	1	1	4	2	1	2	0	0	2	0	1	1	1	0	2	0	2	1	0	0	0	0	0	2	3	0	2	1	0	0	1	1	0	2	0	1	1	1	0	1	3	0	1	1	1	0	1	0	2	2	0	0	0	0	0	1	0	0	0	1	0	0	1	1	0	0	0	0	0	2	0	0	0	0	0	0	0	1	0	1	0	2	1	1	0	0	1	1	0	1	0	1	0	2	0	1	3	2	0	1	1	3	3	3	1	2	2	0	2	1	0	0	0	2	0	1	0
0	0	0	0	0	0	0	0	0	0	0	0	0	0	0	0	0	0	0	1	1	2	1	0	3	1	0	0	1	0	0	0	0	0	0	0	0	0	1	0	1	0	0	0	0	0	1	0	1	1	1	0	1	0	0	0	1	0	0	0	0	1	1	0	0	0	0	0	0	0	0	1	0	0	0	0	0	1	0	1	0	0	3	0	0	0	0	1	1	1	0	0	1	0	0	1	1	0	0	1	2	0	1	1	4	6	4	4	1	2	0	6	3	1	4	1	1	1	3	0	2	1	1	3	1	2	0	0	0	0	4	2	2	3	1	1	0	1	0	0	0	0	2	1	0	0	0	1	0	1	0	0	0	0	0	1	0	0	2	2	1	5	2	6	4	5	7	11	5	2	0	1	2	3	4	9	1	1	47	17	9	4	8	2	3	2	1	2	3	3	0	6	2	6	18	7	4	3	3	5	3	0	1	2	0	3	0	2	0	3	0	1	0	0	1	3	1	2	1	1	1	0	0	1	0	0	0	0	0	0	0	2	0	0	2	1	0	1	2	1	1	1	1	0	0	1	0	0	0	2	2	0	0	1	2	3	1	1	2	1	0	2	7	7	6	3	1	3	3	11	13	5	15	5	2	7	5	2	3	4	7	4	9	11	22	5	18	0	41	20	15	4	3	4	4	1	7	4	3	4	2	1	0	1	2	2	0	1	3	3	2	1	0	2	1	5	5	3	2	3	1	0	0	5	1	0	2	3	2	0	1	0	0	0	0	0	0	1	0	0	1	2	1	2	2	2	1	1	4	0	1	1	0	0	1	2	0	0	0	0	1	0	2	1	0	1	0	0	2	0	1	2	1	0	0	0	3	2	0	0	0	0	0	0	1	2	0	0	1	0	2	0	0	1	1	0	0	0	0	0	1	0	0	0	0	0	0	0	0	1	0	0	0	1	0	0	0	1	1	0	2	0	0	2	2	0	1	0	1	0	0	1	0	0	1	0	0	0	0	1	1	2	0	0	0	0	1	0	0	0	0	0	0	0	2	0	1	0	0	0	0	0	2	0	0	0	1	0	1	0	1	1	1	0	0	2	1	2	2	1	0	2	0	0	0	1	1	0	0
0	0	0	0	0	0	0	0	1	1	0	0	0	0	0	0	0	0	0	0	0	1	0	0	0	0	0	0	0	1	1	0	1	1	0	0	0	1	0	1	2	1	0	0	0	0	0	0	2	2	0	0	0	0	0	0	1	0	0	0	0	0	0	0	0	0	0	1	1	0	0	0	0	2	0	0	1	0	0	0	2	0	1	0	0	2	0	0	1	0	0	1	2	0	0	0	0	0	0	2	1	0	0	7	5	2	3	0	0	3	1	2	2	2	1	0	3	1	2	0	1	0	0	2	0	1	2	2	3	1	2	1	3	1	1	3	0	1	0	0	0	0	0	0	0	0	3	1	0	0	0	1	1	1	2	0	0	0	0	0	1	6	3	6	2	5	5	9	3	2	2	2	1	2	3	7	0	4	16	8	8	10	7	5	3	3	2	3	4	1	3	7	11	11	10	6	6	7	1	3	1	0	1	0	1	1	1	1	1	1	1	0	1	1	1	1	3	0	0	1	0	1	0	0	0	0	0	0	0	1	0	0	0	2	1	1	1	2	0	0	1	4	1	2	0	0	1	2	1	1	1	2	0	0	2	3	0	0	0	2	2	1	1	1	1	2	0	5	2	3	4	4	2	3	4	0	2	2	2	3	1	0	10	9	23	14	25	41	0	40	16	24	10	5	3	6	8	6	2	2	0	1	1	1	0	4	1	2	4	1	2	1	1	3	4	4	3	5	2	1	2	0	2	0	1	2	2	0	0	1	0	1	0	0	0	1	0	0	0	2	0	0	1	1	0	0	0	3	0	0	1	1	0	0	1	0	1	0	1	0	1	2	0	2	1	1	1	0	0	1	0	0	0	1	2	1	1	2	0	0	2	1	0	0	0	0	0	1	2	0	0	0	0	0	0	0	0	0	0	0	0	0	2	1	0	0	0	0	0	1	0	1	0	0	0	1	0	1	0	3	1	2	2	0	0	0	0	1	1	0	1	0	1	0	0	0	1	1	0	1	0	0	0	0	2	0	0	0	0	0	1	0	1	0	1	0	1	0	0	0	1	0	0	2	0	1	3	1	1	1	1	1	3	1	2	2	0	1	1	0	1	1	1	1	2	0	1	1	0
0	0	0	0	0	0	0	0	0	0	0	0	0	0	0	0	1	2	0	1	2	1	2	0	0	0	0	0	1	0	1	0	0	0	0	0	1	1	0	1	0	1	0	0	0	0	0	0	0	2	1	1	1	0	0	0	2	0	0	0	0	2	0	0	1	0	1	0	1	0	0	1	0	2	0	0	0	1	2	2	0	1	3	0	0	0	0	0	0	1	0	0	1	1	0	0	0	0	3	1	0	2	2	2	6	3	1	1	0	1	1	1	1	0	3	6	2	3	0	2	1	0	0	0	0	1	0	0	0	0	2	1	0	5	2	2	2	3	0	0	0	1	1	0	0	1	0	0	0	0	0	0	0	0	0	0	1	2	2	2	2	6	2	4	2	2	4	6	4	1	2	1	1	2	5	5	8	3	5	7	20	29	11	2	6	4	1	2	2	3	3	6	7	11	9	3	4	3	5	4	2	1	2	3	1	0	1	0	1	2	0	1	0	1	1	1	1	2	0	2	2	0	0	0	0	0	0	0	0	0	1	0	0	0	1	0	1	1	1	0	0	3	1	0	0	2	0	0	1	1	2	0	1	1	0	2	4	1	3	3	1	1	2	1	1	1	3	4	2	4	6	0	2	7	4	5	2	3	4	1	2	3	5	5	16	20	20	20	40	0	119	15	13	13	6	14	11	13	7	6	2	1	2	2	1	0	0	2	2	3	5	3	4	3	4	3	10	4	2	4	0	1	1	2	2	0	1	0	1	0	0	0	0	0	0	0	0	0	1	0	0	0	0	3	1	1	2	1	0	1	0	0	0	1	0	0	0	0	0	0	0	0	1	0	1	0	1	0	1	0	0	0	1	1	0	1	1	1	2	0	0	0	0	1	1	1	1	2	1	0	1	0	1	0	0	0	0	1	0	1	0	0	0	0	1	0	1	0	0	0	0	0	0	1	1	0	0	1	1	2	0	1	1	0	2	1	0	0	0	0	1	1	1	0	0	0	0	1	0	1	0	1	0	0	0	0	0	0	0	1	0	1	0	1	1	1	0	1	0	1	0	0	0	0	0	2	0	0	1	0	0	3	2	1	6	3	0	1	1	0	2	3	0	0	1	1	2	1	0
0	0	0	0	0	0	0	0	0	0	0	0	0	0	1	0	0	0	0	0	0	0	1	1	2	1	0	1	0	0	0	0	0	0	0	0	0	0	0	1	0	0	0	1	0	0	0	1	0	0	0	2	0	0	0	0	0	0	0	0	0	0	1	0	0	1	0	0	0	0	1	1	0	0	1	0	0	0	0	0	0	1	1	0	0	0	0	1	0	0	0	0	0	0	0	0	0	0	1	2	0	0	2	5	5	3	1	3	1	2	1	1	3	1	5	3	1	0	1	0	0	0	0	0	0	1	2	0	1	0	1	2	4	0	2	1	0	2	0	0	1	1	1	2	0	0	1	1	1	1	1	3	1	2	1	2	1	0	1	4	7	4	2	4	2	1	3	8	2	3	0	1	1	1	1	2	2	2	3	6	14	24	32	4	4	1	1	4	1	6	7	15	9	8	15	4	7	3	3	1	3	1	1	1	0	0	0	1	0	1	1	1	0	0	1	0	0	1	2	0	0	0	1	0	1	2	0	0	1	0	1	0	2	0	2	1	2	2	0	1	0	0	3	1	0	1	1	0	2	1	0	0	0	0	1	3	0	0	1	0	1	4	0	0	1	3	4	1	2	3	4	5	4	3	1	1	0	0	2	4	1	2	6	8	11	2	10	15	16	119	0	27	34	36	19	11	7	7	5	4	0	2	3	0	1	1	0	2	1	3	2	1	2	5	6	8	3	5	2	1	0	2	2	1	2	2	0	0	0	0	1	0	0	0	0	0	0	0	0	0	0	0	0	1	1	0	0	0	0	0	0	0	0	0	0	0	0	1	1	0	0	1	0	0	0	0	0	0	0	2	0	2	2	1	0	1	0	2	3	0	0	1	0	0	1	0	0	0	0	2	0	1	0	2	1	0	1	0	0	3	0	0	1	0	0	0	1	0	0	0	2	0	1	0	0	0	1	0	4	2	5	1	0	2	3	2	0	0	1	0	0	0	0	2	0	0	0	0	0	0	0	0	2	0	1	0	0	0	1	0	0	0	0	1	0	1	0	2	0	1	1	0	2	0	2	0	3	4	1	3	1	0	8	1	1	1	2	0	1	0	1	1	2	0	2	0	0	1	3
0	0	0	0	0	0	0	1	1	0	1	0	0	0	0	1	0	0	0	0	2	0	0	0	1	1	1	0	1	1	1	0	0	0	1	1	1	0	0	1	1	0	0	0	2	1	1	1	1	0	0	2	0	0	1	0	0	0	0	0	0	0	0	1	0	0	0	0	1	0	0	0	0	0	0	0	2	1	1	1	1	1	0	0	1	0	0	1	0	0	0	1	1	0	1	1	0	1	0	0	2	2	0	3	1	3	1	0	2	2	2	1	3	1	2	1	0	2	0	1	0	0	1	2	1	0	0	0	1	0	2	3	2	3	2	0	0	2	2	0	0	0	0	1	0	0	2	0	0	0	0	0	0	2	0	0	2	3	1	4	1	1	1	2	2	4	2	5	3	2	0	0	0	2	4	3	4	4	2	5	8	11	10	3	4	4	1	3	2	1	10	20	10	11	19	7	8	2	0	2	4	1	2	1	1	2	0	2	0	1	1	0	0	0	2	2	2	0	1	1	1	0	0	0	0	0	0	1	0	0	1	0	1	0	1	1	1	2	1	0	2	0	0	3	1	0	0	3	2	0	0	1	1	2	1	3	1	1	0	0	0	0	1	0	2	0	3	2	1	2	6	4	6	5	0	1	2	0	2	2	1	2	3	3	7	2	6	4	24	15	27	0	51	14	3	2	3	1	4	3	1	1	0	0	0	3	1	3	1	1	2	0	1	2	3	2	3	0	1	0	1	4	0	0	1	1	2	0	3	0	0	0	0	0	0	1	0	1	1	0	0	0	0	0	0	1	2	2	1	0	0	0	0	0	0	1	0	1	0	0	0	0	0	0	0	0	1	0	1	1	1	2	0	0	0	1	0	1	1	1	0	0	0	0	1	0	0	0	1	0	0	0	0	0	1	2	0	0	0	1	0	0	1	0	1	1	0	1	0	1	0	0	0	2	0	0	0	0	0	0	0	0	0	1	0	1	0	0	0	1	0	0	0	0	0	1	0	1	0	0	0	0	0	0	0	1	0	0	0	1	1	0	1	0	1	0	0	1	1	1	0	1	1	0	2	3	1	0	0	1	6	0	2	3	1	1	1	1	2	0	0	2	0	0	0	0	0	0	0
0	0	0	0	0	0	0	0	0	0	0	0	0	0	0	1	0	0	1	0	1	1	0	0	0	0	0	0	0	0	0	0	0	0	0	1	1	0	0	0	1	0	0	2	0	0	0	2	0	0	1	1	0	2	0	1	0	0	0	0	1	0	0	1	0	0	0	0	0	0	1	0	1	1	0	1	0	0	0	0	1	2	2	0	0	1	0	0	0	0	1	0	0	2	1	1	0	0	0	2	2	1	1	2	4	3	0	0	2	3	2	1	1	2	2	3	1	0	1	1	0	0	1	0	0	3	0	0	0	0	2	1	2	1	2	1	0	1	1	0	1	0	1	0	0	0	1	2	1	0	2	2	2	0	1	0	0	0	1	1	3	1	1	0	2	0	1	1	1	0	2	2	0	1	1	2	0	2	6	0	7	11	25	8	6	6	2	2	3	11	18	28	18	8	17	12	4	3	8	1	2	0	1	1	2	2	0	1	3	0	0	1	0	0	2	0	0	1	1	1	0	0	0	0	0	1	0	0	0	0	0	0	2	0	0	1	1	0	0	0	1	2	0	2	0	0	0	0	0	2	0	0	2	1	0	0	0	1	1	4	1	0	0	2	0	0	2	0	1	1	1	2	1	0	0	0	0	1	1	2	0	1	2	4	3	1	5	3	10	13	34	51	0	34	11	4	3	4	3	1	1	1	0	1	1	1	0	1	1	2	2	1	3	2	2	4	1	1	0	1	2	0	0	1	1	1	1	2	0	0	0	1	0	1	0	0	0	1	0	0	0	0	0	0	1	0	0	0	0	1	1	0	0	0	0	1	1	0	0	1	0	1	0	2	1	0	2	1	0	0	0	0	0	1	0	2	1	2	0	0	0	1	0	2	0	1	6	0	0	1	1	0	1	0	0	0	0	1	0	1	1	3	0	0	0	0	0	0	0	0	0	0	1	3	0	1	1	0	1	0	0	0	0	2	0	0	1	0	0	0	1	0	0	0	1	0	0	0	0	0	1	1	1	0	0	0	0	0	0	0	1	0	0	1	2	0	1	0	1	0	1	0	0	0	1	0	1	2	0	2	0	2	2	2	3	1	1	1	0	1	1	0	0	0	0	0	1	0	0
0	0	0	0	0	0	0	0	1	0	0	0	0	1	0	0	0	0	0	0	0	0	0	1	1	0	1	0	0	0	1	1	0	0	0	0	2	0	0	0	0	0	0	1	0	0	0	2	0	0	0	1	0	1	0	0	1	1	0	0	0	0	1	0	0	0	0	0	0	0	0	0	0	0	1	1	0	0	1	1	1	0	1	0	0	0	0	1	0	1	0	0	0	0	0	1	0	0	0	1	1	0	2	4	2	3	2	2	0	3	1	0	1	2	7	3	1	1	1	0	0	0	0	1	0	1	1	1	2	1	1	5	1	1	1	0	1	3	1	2	0	1	0	0	0	1	1	0	0	0	0	0	1	1	0	0	0	0	2	2	5	8	1	3	0	0	1	2	1	1	1	1	0	1	3	2	3	2	3	5	3	7	28	11	13	6	2	1	6	8	13	8	4	3	8	4	3	0	1	3	0	0	2	1	1	0	1	1	0	0	0	0	0	0	1	2	3	2	2	0	2	0	1	1	0	0	0	1	1	0	0	0	0	1	4	3	2	1	0	0	1	1	3	0	1	1	3	1	1	1	0	0	1	2	4	0	2	1	1	1	2	0	0	0	2	0	2	4	2	1	2	0	2	0	0	0	1	1	1	0	2	0	4	1	2	4	2	4	5	13	36	14	34	0	36	8	5	3	4	2	1	3	0	2	0	0	0	1	1	1	3	0	4	2	5	2	0	2	4	0	0	1	1	1	0	0	0	0	0	0	1	1	0	0	0	0	0	1	0	0	0	0	0	1	0	1	0	0	0	1	1	0	1	0	1	0	1	0	0	0	1	0	1	0	0	0	1	0	0	0	0	0	0	0	0	2	2	1	2	1	1	2	0	1	1	0	1	0	2	0	1	0	1	0	1	2	1	2	2	2	3	1	0	2	2	1	0	0	0	0	0	0	0	1	0	0	3	0	0	2	0	2	0	0	0	2	1	0	0	0	0	0	0	0	1	0	0	0	0	0	0	0	0	1	0	0	0	0	0	0	0	1	1	0	1	0	3	2	1	1	0	2	1	2	0	1	1	0	1	3	5	3	2	2	2	2	0	2	1	4	1	2	1	1	3	0	0	0	1
0	0	0	0	0	0	0	0	0	0	0	0	1	0	0	0	0	0	0	1	0	2	0	3	0	0	0	0	2	0	0	0	0	0	0	0	0	0	0	0	0	1	0	0	1	1	0	0	0	0	1	1	0	0	0	0	0	0	0	0	0	0	0	0	1	0	0	0	0	0	0	1	0	0	0	0	0	0	0	0	0	0	0	0	1	0	0	1	1	0	0	0	1	2	0	1	0	0	0	0	1	0	1	1	0	2	1	0	0	0	0	2	0	0	0	1	0	0	1	0	0	1	0	0	0	0	0	0	0	1	3	0	0	1	0	2	1	2	2	0	0	4	1	0	2	1	1	1	0	0	0	0	1	0	1	0	1	3	0	2	1	1	3	0	1	3	0	3	2	1	0	1	2	1	2	2	3	1	0	3	0	10	11	6	4	6	4	3	2	3	4	2	2	5	2	1	4	0	3	0	1	1	1	1	1	0	0	1	3	0	1	0	1	0	0	1	1	1	0	0	0	1	0	0	0	0	2	1	0	0	0	0	0	1	0	2	1	2	1	0	0	3	0	0	0	1	0	0	1	0	1	0	0	1	1	1	1	2	1	3	1	0	1	1	1	0	1	2	0	0	1	1	3	0	0	0	1	0	2	0	0	3	2	2	5	1	2	4	3	6	19	3	11	36	0	16	11	6	2	2	3	5	0	2	4	0	2	1	3	6	4	4	1	2	5	7	2	0	1	1	1	1	0	1	0	0	0	0	0	2	1	0	0	0	0	0	1	1	0	0	0	1	0	0	0	0	1	0	0	0	0	0	0	0	0	1	1	0	1	0	1	0	2	0	2	0	3	0	0	1	2	0	1	2	0	0	0	1	1	0	0	0	0	1	1	2	0	1	0	0	0	0	0	1	0	1	1	0	1	4	0	0	0	0	0	1	0	1	0	0	0	0	1	0	2	0	1	0	1	2	0	1	0	1	0	1	0	1	0	1	0	0	0	1	0	0	1	1	0	0	0	0	0	1	1	0	0	0	0	1	0	0	1	0	1	1	2	0	1	2	0	1	1	0	0	1	0	2	3	0	1	7	14	6	3	4	0	2	2	4	1	3	3	3	1	0	0	2	0
0	0	0	0	0	0	0	1	0	0	0	0	0	0	0	0	0	0	1	0	1	0	0	0	1	1	1	1	0	1	0	0	0	0	0	0	0	0	0	1	0	0	0	0	0	1	0	0	0	1	1	0	0	0	0	0	1	1	0	0	0	0	0	0	0	1	0	0	0	0	0	0	0	0	2	0	0	0	0	0	0	0	0	0	0	2	0	1	0	0	0	0	4	1	0	2	0	0	1	0	0	0	2	1	0	1	1	2	0	0	1	2	2	2	0	0	2	1	1	0	0	0	1	0	0	0	0	1	0	1	0	1	0	0	0	2	1	1	0	0	2	0	0	0	1	0	0	0	1	2	0	1	0	0	1	1	2	2	1	1	1	4	1	3	1	4	1	0	5	0	1	1	1	1	0	2	0	1	2	0	5	1	4	2	0	0	0	1	2	2	5	3	1	4	3	1	2	2	4	0	1	3	0	1	1	1	1	0	1	2	1	0	0	2	0	1	1	2	0	2	0	1	1	0	0	0	1	0	0	1	1	0	1	3	2	1	1	2	0	2	3	0	1	1	1	1	1	0	2	0	0	1	0	3	0	1	1	0	0	1	0	0	0	1	0	0	2	2	2	0	2	2	3	0	3	1	0	4	1	1	4	3	12	6	5	9	5	1	6	14	11	2	4	8	16	0	30	12	3	5	3	1	2	1	1	4	2	3	4	8	8	7	9	5	11	8	7	5	4	0	3	1	0	0	1	2	1	0	0	0	0	1	0	0	0	0	0	1	0	0	0	0	1	0	0	1	0	1	1	1	0	2	0	0	0	1	5	0	0	1	0	0	2	2	1	0	0	0	1	1	0	2	2	0	2	1	1	1	1	4	0	1	2	0	1	1	0	0	0	0	0	0	2	0	2	1	1	0	1	0	1	1	0	0	0	0	0	1	0	2	0	0	0	0	0	0	0	0	2	5	1	1	0	1	1	1	2	1	2	0	1	0	0	0	0	0	0	1	0	1	0	0	1	0	0	1	1	0	1	1	1	0	1	1	1	0	1	0	0	0	0	0	0	0	0	3	1	1	3	7	8	5	13	4	4	4	1	2	2	1	1	2	0	0	0	2	1	1	0
0	0	0	0	0	0	0	0	0	0	0	0	0	0	0	0	0	0	0	0	1	2	1	0	1	0	0	0	0	0	0	0	0	0	0	0	0	0	0	0	1	0	0	0	0	0	0	1	0	1	1	2	0	1	0	0	0	0	1	0	0	0	0	0	0	0	0	1	0	0	0	1	1	1	0	0	0	0	1	0	1	0	0	1	0	0	1	1	1	2	0	0	2	0	0	1	0	0	3	1	2	1	1	2	4	1	4	0	3	1	0	1	1	1	1	1	3	0	0	0	1	0	1	0	1	1	0	0	1	0	1	4	3	5	2	3	2	4	0	0	0	2	1	1	0	0	1	0	2	0	2	2	3	4	0	0	0	1	1	1	6	8	5	2	4	6	2	6	4	0	3	0	2	0	0	3	0	1	4	1	5	7	9	7	2	1	2	3	3	5	4	3	2	2	4	2	2	2	3	1	3	2	2	1	2	0	0	0	0	1	1	0	0	0	2	4	4	2	1	1	1	0	0	0	0	0	0	1	0	1	0	1	1	2	0	1	0	2	1	2	1	1	1	2	2	1	1	1	2	3	1	1	4	0	4	2	0	0	1	1	1	2	0	0	1	0	1	1	1	1	4	2	4	2	3	1	1	1	5	2	1	2	16	9	11	8	9	7	8	11	7	3	3	5	11	30	0	37	14	8	6	0	2	1	0	2	1	5	6	9	3	7	9	13	63	19	5	7	5	1	3	1	4	2	2	0	1	0	0	0	0	1	1	0	0	0	1	1	1	0	0	0	1	0	2	0	3	0	1	0	1	1	0	2	0	0	1	2	1	0	1	0	2	0	0	0	1	1	0	2	1	1	1	2	2	0	1	4	1	0	1	0	1	1	1	0	2	1	2	1	0	1	2	3	0	1	1	0	0	1	1	0	1	1	5	1	3	3	1	1	1	0	1	1	1	0	0	1	3	4	1	3	1	1	0	0	1	0	2	0	0	0	3	1	0	1	0	1	1	3	0	1	1	1	1	2	2	0	0	0	0	1	1	1	1	0	2	1	0	0	2	1	0	0	0	1	2	1	2	4	4	5	16	6	4	3	2	2	1	4	3	3	4	2	1	0	0	1	0
0	0	0	0	0	0	0	1	0	0	0	0	0	0	0	0	0	0	0	0	0	0	0	3	0	0	1	1	0	0	0	0	0	0	0	0	0	0	0	0	0	0	0	0	0	1	0	2	0	0	0	0	0	0	1	0	0	1	0	0	0	0	0	2	0	0	0	1	0	0	2	0	0	1	0	0	1	1	0	1	0	0	0	0	0	1	1	0	0	1	1	0	0	1	1	0	0	2	2	2	0	1	4	2	3	1	4	6	3	5	2	0	1	0	0	1	3	2	2	1	0	0	0	2	1	1	1	2	0	1	2	4	1	3	1	3	1	0	0	0	0	0	1	0	3	1	0	1	2	0	3	1	1	0	0	1	2	1	2	3	4	9	9	5	8	7	2	4	4	2	1	3	0	3	0	0	5	3	3	7	14	6	8	5	3	1	4	2	6	2	2	5	3	3	9	0	3	0	2	3	1	0	2	1	1	1	0	1	0	3	0	1	2	1	0	1	0	1	0	1	2	1	0	0	1	0	0	2	1	0	2	2	4	1	3	4	2	0	1	0	5	3	4	3	1	1	2	1	2	4	2	0	2	0	2	0	2	0	0	0	1	1	3	4	0	4	2	5	0	1	3	2	10	1	2	2	3	2	4	3	3	4	18	2	14	7	6	4	6	13	7	1	4	3	6	12	37	0	30	13	10	1	2	2	0	3	4	4	5	7	9	8	8	6	26	50	24	14	5	5	2	1	2	1	0	1	0	0	0	1	0	3	0	0	0	1	0	0	1	0	0	0	0	1	0	0	0	2	0	0	2	0	2	0	2	1	0	1	1	0	0	1	0	1	0	2	0	0	1	0	0	2	0	2	1	3	2	2	0	0	0	1	0	0	1	0	0	1	0	1	2	1	3	0	0	1	0	1	0	1	2	2	0	0	1	1	3	0	1	2	0	0	0	4	2	0	3	2	3	2	1	1	3	1	1	3	0	1	1	0	2	0	0	0	0	0	3	1	0	4	1	1	0	0	0	0	0	0	0	2	0	0	0	0	1	0	1	0	0	3	1	2	1	0	1	5	2	2	2	1	2	1	2	7	2	3	1	0	3	2	4	3	0	2	4	1	2	0	0
0	0	0	0	0	0	0	0	0	0	0	0	0	0	0	1	0	0	0	1	0	0	1	1	0	2	0	1	0	0	0	1	0	0	0	0	0	1	1	0	0	0	0	0	3	1	1	0	1	0	0	0	0	0	0	0	0	0	2	1	0	0	0	0	0	0	0	1	0	0	0	1	0	0	0	0	0	0	0	1	1	1	0	1	0	0	0	0	1	0	0	0	1	0	1	1	0	0	0	2	0	1	0	5	4	1	5	3	3	3	0	1	2	1	2	1	3	0	2	1	0	0	0	2	1	0	0	1	2	0	1	0	6	4	6	9	3	4	2	3	1	2	0	1	2	2	1	1	1	2	2	1	0	1	1	0	3	1	4	9	11	13	12	8	3	4	4	5	4	1	2	2	0	2	3	3	1	4	1	1	4	9	6	2	0	2	1	3	4	4	0	1	0	2	1	3	2	4	4	2	0	0	0	1	2	2	0	0	1	2	1	0	1	1	6	1	2	0	1	3	3	1	1	1	1	1	2	0	0	1	0	1	0	4	7	6	2	1	1	2	2	2	2	3	6	7	2	4	3	3	2	1	2	2	3	6	4	1	4	3	1	0	3	0	2	1	5	2	2	1	2	2	8	3	0	1	1	1	0	3	3	6	6	1	2	3	4	3	2	7	5	4	3	4	2	3	14	30	0	86	12	3	0	1	3	2	3	1	5	7	5	3	2	9	14	17	17	9	9	3	4	3	3	0	0	1	0	0	0	1	0	0	0	0	0	0	0	1	0	1	0	0	2	0	1	1	1	1	1	0	0	0	2	0	0	1	0	1	1	1	0	0	1	0	1	1	1	0	1	2	3	1	3	0	4	3	0	3	0	1	3	2	1	2	3	1	1	0	1	1	1	1	0	2	1	0	0	1	1	1	0	0	2	1	2	1	0	1	0	1	1	0	1	0	2	1	3	3	11	4	1	2	0	3	2	1	1	1	0	1	0	0	0	0	1	0	0	0	2	1	0	0	0	1	2	0	0	1	0	0	1	0	1	0	2	0	0	0	1	1	0	1	2	0	2	2	3	0	1	5	3	5	1	2	3	6	1	0	2	4	4	5	4	4	3	3	2	2	0
0	0	0	0	0	0	0	0	0	0	0	1	0	1	0	0	1	0	1	0	1	0	0	0	1	0	0	0	0	0	0	0	0	0	1	0	0	0	0	0	1	0	2	1	0	2	1	2	1	0	2	2	0	0	0	0	1	0	0	0	0	0	1	0	0	0	1	0	0	1	0	0	0	1	1	0	0	0	0	0	0	1	0	1	1	0	0	0	0	1	0	1	2	0	0	0	0	1	1	1	0	5	3	2	4	3	4	0	3	0	0	1	3	0	0	0	3	1	0	0	0	0	1	0	0	0	0	1	0	0	2	3	2	5	10	9	1	1	2	3	2	3	1	2	1	1	0	0	3	0	3	0	2	1	3	0	2	1	3	4	5	7	8	17	3	4	5	8	4	1	1	2	2	4	2	2	3	0	2	4	11	3	3	4	2	2	0	1	7	3	1	0	1	1	2	1	1	0	3	2	1	1	2	1	2	1	2	2	0	3	3	3	0	0	5	3	3	4	1	1	3	1	1	3	1	0	3	0	1	1	0	0	2	2	4	7	9	2	1	2	4	3	7	5	6	5	4	3	5	5	2	1	5	0	4	3	1	0	2	2	3	1	1	0	2	1	1	2	4	1	2	0	6	2	1	0	5	1	0	1	3	5	5	4	2	4	3	4	2	6	4	3	1	2	2	5	8	13	86	0	37	2	4	1	2	4	0	1	7	11	2	1	6	5	14	17	14	12	8	3	5	0	2	1	2	2	0	0	0	2	1	0	0	0	1	0	0	0	4	0	0	0	0	0	0	0	3	0	1	2	0	0	1	1	0	2	0	2	1	2	0	0	0	0	2	1	3	0	5	2	3	0	4	1	0	1	5	4	0	2	3	1	2	3	2	2	1	2	2	7	0	1	0	3	2	2	2	2	1	1	2	1	3	1	2	2	1	4	0	0	1	2	0	2	3	1	1	2	6	5	5	0	0	4	4	2	1	4	0	2	0	0	2	0	1	0	0	1	1	3	1	1	1	1	0	0	0	0	0	0	0	3	0	2	0	1	1	0	0	1	0	0	0	0	2	3	2	0	3	4	2	3	7	5	2	2	1	2	3	12	4	5	1	0	2	4	4	2	1
0	0	0	0	0	0	0	0	0	0	0	0	0	0	0	0	2	0	1	1	0	0	0	0	1	0	0	1	1	0	0	0	0	1	0	1	0	0	0	0	0	1	2	0	0	0	1	1	0	1	2	1	1	0	1	0	0	1	0	0	0	0	1	0	0	0	1	1	0	0	0	0	0	0	0	0	0	0	1	0	0	0	0	3	0	0	0	0	0	1	1	1	1	0	0	0	1	1	0	2	0	1	0	4	4	0	3	5	2	1	0	1	0	1	1	1	1	4	1	0	0	2	2	0	0	0	0	3	2	0	2	10	5	3	4	6	1	4	3	0	1	1	0	0	1	0	1	2	0	0	0	1	3	0	2	0	2	1	1	4	3	9	11	12	8	8	4	5	4	0	1	3	3	4	0	1	6	1	0	2	6	0	4	0	1	4	0	1	1	2	0	2	1	2	1	0	2	2	0	3	3	1	0	1	0	0	0	0	0	3	1	4	0	2	4	4	2	2	0	1	0	0	0	1	0	3	0	0	2	0	0	1	3	2	5	6	5	1	2	2	3	3	3	5	9	9	11	3	14	4	5	2	2	6	6	0	2	2	1	0	2	1	3	1	3	6	3	3	1	6	4	7	11	2	0	4	1	4	4	5	5	9	6	1	5	4	0	2	0	2	0	1	1	1	3	3	6	10	12	37	0	21	12	2	3	2	2	2	6	8	4	3	3	8	4	9	13	17	8	12	11	3	3	0	2	2	1	0	0	0	0	1	0	0	0	0	1	1	0	0	1	2	0	1	3	3	1	2	1	3	2	2	1	4	1	1	0	1	0	0	2	1	1	4	1	2	2	3	1	0	5	3	5	0	4	0	2	6	3	3	2	2	1	2	3	2	0	6	1	1	2	1	1	1	2	0	0	0	0	3	4	3	2	3	1	0	2	0	0	0	0	0	3	3	4	2	4	2	5	4	2	2	2	3	3	4	1	1	1	1	2	1	1	0	0	0	2	1	1	0	0	1	0	1	0	0	0	0	1	1	0	2	1	1	0	0	1	1	1	0	1	1	2	0	1	0	0	1	4	3	1	1	1	3	1	1	1	4	3	5	4	3	1	2	3	1	1	3	3
0	0	0	0	0	0	0	0	0	1	1	0	1	0	0	0	1	0	0	0	0	0	1	0	0	1	0	0	1	0	0	0	0	1	1	1	0	0	0	0	0	0	0	0	1	1	0	1	0	0	0	4	0	0	0	0	0	0	0	0	0	0	0	1	1	0	1	1	0	0	1	1	0	2	1	0	0	0	1	1	1	2	1	1	3	0	0	1	2	0	0	0	0	0	0	0	0	0	0	2	1	0	0	0	2	1	1	1	1	1	1	1	0	0	0	1	0	4	0	1	3	0	1	0	0	2	1	1	0	0	0	0	2	2	5	2	0	0	2	1	1	1	3	0	1	1	0	0	0	0	1	0	0	1	1	0	2	0	2	3	2	2	5	5	0	1	5	4	4	0	1	1	1	1	0	1	0	0	2	1	1	2	1	0	1	2	0	0	2	0	2	2	0	0	1	1	0	1	1	0	0	2	0	0	1	0	0	0	1	2	2	1	2	1	3	1	1	0	1	1	0	0	0	0	0	0	1	0	0	2	1	0	0	0	2	3	3	6	5	3	2	1	6	12	19	17	31	16	11	6	6	2	1	9	4	2	4	0	1	0	3	0	2	2	1	3	2	2	2	1	3	1	3	5	1	5	1	4	4	5	6	3	4	2	5	4	3	1	1	1	2	1	1	3	5	1	0	1	3	2	21	0	19	5	7	8	0	6	7	13	3	4	2	4	2	5	6	16	20	77	12	4	6	5	2	4	1	3	3	1	3	1	2	0	0	0	1	1	0	1	3	3	3	3	1	2	1	4	2	7	4	3	1	2	2	4	4	3	1	3	3	1	1	2	5	0	2	0	4	6	10	7	9	2	4	5	10	5	3	2	2	4	6	1	3	11	7	8	2	5	1	1	0	2	3	2	3	1	1	5	1	2	1	1	3	1	2	3	0	1	0	3	2	0	1	1	1	4	2	5	3	4	4	8	3	2	2	0	0	0	1	1	0	2	0	1	1	0	1	1	0	1	4	2	1	1	1	1	1	2	0	1	0	2	1	2	1	0	1	0	1	2	2	2	2	0	2	4	0	0	0	1	1	0	1	1	0	0	3	4	1	0	3	1	1	3	4	4	0
0	0	0	0	0	0	0	1	0	0	0	0	0	0	1	0	0	0	0	0	0	2	1	0	2	0	0	0	0	0	0	0	0	0	0	0	1	0	0	0	1	0	0	0	0	0	0	0	1	0	2	1	0	0	0	1	0	0	0	0	0	0	0	0	0	0	0	1	0	1	0	0	0	1	0	0	0	0	1	1	0	0	0	0	0	0	1	1	0	1	1	0	0	0	0	0	0	0	1	0	1	0	1	0	2	0	1	0	0	1	1	1	0	1	0	0	0	2	0	0	1	0	0	0	0	0	0	1	0	0	0	0	0	0	3	1	0	2	0	1	0	1	2	0	0	0	1	2	0	0	1	1	0	0	1	1	1	2	0	2	0	4	4	2	3	0	2	3	1	2	1	0	0	0	0	0	0	1	2	3	1	2	3	0	1	1	0	0	0	1	0	2	1	1	0	0	2	0	0	0	1	0	0	1	0	0	1	0	3	0	0	1	0	3	0	0	0	0	1	2	0	0	2	0	1	1	0	0	1	1	2	0	2	3	9	12	22	18	9	6	12	10	24	28	10	10	11	6	4	3	4	0	1	3	6	2	0	2	2	1	2	1	1	2	1	0	1	1	3	1	2	2	2	1	0	1	3	0	2	1	3	4	1	6	1	2	1	0	1	2	3	0	0	0	0	2	2	2	0	4	12	19	0	19	23	34	5	9	8	8	3	2	1	2	3	3	3	8	13	7	4	0	0	2	1	3	0	1	0	1	0	2	0	2	0	0	0	0	2	2	0	0	0	1	2	1	3	2	2	3	1	0	0	1	2	1	4	3	0	0	3	2	0	4	2	5	2	0	7	21	19	12	39	9	5	8	15	6	1	3	2	2	3	0	1	9	6	2	6	11	9	9	1	4	2	4	7	2	6	5	9	1	2	1	2	2	2	1	2	2	1	0	1	4	5	2	2	0	1	3	0	0	6	6	7	5	3	3	1	2	2	0	1	5	0	0	2	2	2	2	2	0	0	1	0	1	1	0	0	2	0	2	2	1	0	1	0	0	3	1	1	0	4	1	1	2	2	4	1	1	1	1	1	0	2	3	1	4	3	1	4	2	1	1	3	2	5	1	0
0	0	0	0	0	0	0	0	0	0	0	0	0	0	0	1	0	0	0	0	1	0	0	1	0	0	1	0	0	1	1	0	0	0	0	0	1	0	0	0	0	0	1	1	0	0	0	0	0	0	1	0	0	0	0	0	0	0	0	0	0	0	0	0	0	1	0	0	1	0	0	1	1	1	0	0	0	0	0	0	0	1	0	0	0	0	0	0	0	1	0	0	0	1	0	0	0	0	0	2	0	2	0	0	0	1	2	1	0	0	0	0	0	0	0	0	0	0	1	2	1	1	0	0	0	0	0	1	0	1	1	1	4	0	1	1	1	4	0	0	0	0	0	0	0	0	1	3	0	0	0	0	1	0	1	0	1	0	0	0	0	0	3	1	0	2	0	6	1	0	0	0	1	1	0	0	0	1	1	0	4	0	1	2	0	0	0	1	0	0	2	0	1	0	0	0	0	0	1	0	1	1	0	0	0	1	0	2	0	1	2	2	0	0	0	1	1	1	0	0	0	0	0	1	0	0	0	1	1	2	1	1	0	0	2	3	16	17	8	10	7	3	10	14	9	3	5	3	3	1	4	3	1	2	1	2	1	1	0	3	0	0	0	1	0	1	0	0	0	0	1	0	1	0	3	2	1	2	1	1	1	4	2	0	0	2	1	1	1	2	0	0	1	2	2	1	1	2	1	1	2	5	19	0	98	12	6	4	4	5	3	5	1	1	3	2	2	3	0	3	0	2	1	1	1	0	1	2	2	0	0	1	0	1	0	1	0	1	2	0	0	0	0	2	1	1	2	5	1	2	0	0	0	1	1	3	9	3	1	3	0	2	2	5	3	3	5	12	20	17	16	20	17	15	5	8	4	2	4	0	2	0	0	2	3	3	9	4	6	31	15	16	2	4	10	11	8	6	13	10	62	9	13	8	9	7	6	4	2	5	1	1	4	5	5	1	2	0	2	0	2	2	8	8	5	2	10	2	2	0	1	0	1	1	0	1	4	1	2	6	3	1	2	2	1	1	2	1	1	1	4	1	3	2	0	0	0	0	2	1	4	2	5	4	1	1	1	3	2	0	0	1	4	0	4	1	3	1	5	4	1	5	4	3	2	6	5	5	1
0	0	0	0	0	0	0	0	0	0	0	0	0	0	0	0	0	0	1	0	0	0	0	0	0	0	0	0	0	0	0	0	0	0	0	0	0	0	0	1	0	1	0	0	0	1	0	0	0	1	0	1	0	0	0	1	0	1	0	0	0	0	0	0	0	0	1	0	0	0	0	0	0	0	0	0	0	1	1	0	0	0	0	0	0	0	1	0	1	0	0	1	0	0	0	0	0	1	0	0	2	0	1	3	0	3	2	1	1	0	1	0	0	1	0	0	1	1	1	0	0	0	0	1	0	0	0	1	0	0	1	0	1	0	3	4	0	0	1	1	2	1	0	0	2	0	0	0	0	0	0	0	0	1	2	1	0	0	1	1	1	0	2	1	1	1	0	2	0	0	1	0	1	0	0	2	0	0	1	1	3	2	0	1	0	0	1	0	0	1	0	1	0	0	0	0	0	0	0	1	0	0	1	0	0	0	0	1	0	0	2	0	0	0	0	2	0	0	1	1	0	1	0	0	1	0	0	0	0	0	2	2	0	0	3	1	27	28	8	12	11	9	25	18	11	7	5	4	0	2	5	4	0	0	1	0	4	0	1	0	1	2	1	1	0	1	2	2	2	1	2	2	0	0	1	1	1	2	5	2	2	2	0	2	3	0	0	2	0	1	1	0	1	0	4	1	0	0	3	2	3	7	23	98	0	20	2	7	7	5	3	1	6	4	1	1	0	0	3	5	2	0	1	2	1	2	1	3	0	0	1	1	1	0	0	0	0	2	0	1	1	0	0	1	1	0	2	3	3	1	0	1	1	0	0	2	3	2	0	0	2	4	6	8	1	3	4	3	6	6	17	13	21	6	3	5	0	4	3	0	2	2	0	3	4	5	6	6	2	8	11	3	4	5	8	6	11	11	8	8	59	18	3	5	7	4	5	3	4	3	0	2	7	6	1	1	0	1	1	3	0	3	4	4	4	5	8	4	2	3	1	1	2	1	0	0	3	2	2	2	4	2	3	2	4	2	2	0	0	3	1	6	3	2	3	0	0	1	3	4	3	7	5	1	6	3	2	2	2	3	2	3	1	0	1	1	1	5	2	6	6	3	5	7	8	14	18	8	8
0	0	0	0	0	0	0	0	0	0	0	0	0	0	0	0	0	0	0	0	0	0	1	2	0	0	0	0	0	1	0	0	0	0	1	0	0	0	0	0	1	1	0	3	1	0	0	0	0	0	1	3	1	1	0	0	0	0	1	1	0	0	0	0	0	1	0	0	0	3	0	0	0	0	0	0	0	0	0	2	0	0	0	0	1	1	0	0	3	1	0	0	1	0	0	0	1	0	1	1	0	0	1	1	3	0	1	1	1	1	1	2	2	0	0	1	0	0	0	0	0	0	0	1	0	0	0	1	0	0	1	0	0	0	0	0	1	0	1	0	0	0	0	0	0	0	1	0	0	0	0	2	1	0	0	0	1	2	0	4	3	0	1	1	1	1	2	0	1	1	1	0	2	1	0	0	0	0	0	1	1	1	2	0	1	0	1	2	1	0	2	1	2	0	1	2	0	0	0	0	2	2	2	0	1	0	1	0	1	1	0	1	0	2	3	0	3	3	0	1	1	3	1	1	0	0	0	1	0	0	2	0	0	2	3	2	17	60	12	19	18	15	23	9	4	6	3	2	3	2	2	1	2	3	3	3	3	1	0	1	0	0	1	2	2	2	0	1	0	0	2	3	1	1	2	2	2	3	4	3	1	4	1	3	2	2	0	2	4	0	1	3	1	0	0	4	2	3	2	4	2	8	34	12	20	0	41	25	30	15	7	4	4	2	6	4	5	4	5	5	4	2	0	1	1	0	1	0	1	2	1	1	1	0	1	0	1	0	1	2	1	1	0	1	1	2	2	1	1	1	1	2	0	1	0	0	1	4	1	0	2	4	2	0	1	3	2	4	8	10	15	9	6	8	2	7	11	5	4	3	6	2	3	4	0	3	1	5	4	8	5	5	2	1	4	6	7	1	4	4	7	5	3	2	4	6	4	2	1	2	0	0	1	2	2	1	0	1	2	4	3	0	1	1	3	5	2	2	2	1	2	0	0	2	1	0	3	1	1	2	3	0	2	0	1	0	2	0	1	0	0	1	1	0	0	0	1	1	0	2	1	3	4	4	3	5	2	4	4	3	2	1	3	0	2	2	4	1	4	2	3	6	1	3	7	2	9	4	3
0	0	0	0	0	0	0	0	0	0	0	0	0	1	0	0	0	0	0	0	1	0	1	0	0	0	0	0	0	0	0	0	0	0	0	0	0	1	0	1	0	0	0	0	0	0	1	0	0	1	0	2	0	0	0	1	0	0	0	1	1	0	0	0	1	0	0	0	1	0	0	1	0	1	0	1	0	0	0	0	1	0	0	0	1	0	0	0	0	0	0	0	1	0	0	0	0	0	1	0	0	0	0	2	0	0	0	0	1	0	0	0	0	0	0	1	0	0	0	0	0	1	0	0	1	0	0	1	0	1	0	1	1	1	2	1	1	0	1	0	0	0	0	0	1	0	0	1	0	0	1	1	0	0	0	0	1	1	0	0	5	0	1	2	0	1	0	2	1	1	1	3	2	0	1	0	1	2	1	1	3	1	1	0	1	2	0	2	0	3	3	0	0	1	1	0	0	0	0	0	1	1	0	1	0	0	1	0	0	0	0	1	0	0	1	1	0	1	0	0	0	2	1	3	0	0	0	0	0	1	0	0	0	0	2	1	6	21	24	37	26	8	5	3	1	6	2	3	3	3	1	1	3	3	0	1	1	0	0	1	1	0	0	0	1	2	0	0	0	1	3	2	4	1	2	1	2	2	1	1	2	6	2	3	1	4	2	0	1	0	0	1	0	0	2	2	1	4	3	0	2	0	5	6	2	41	0	39	16	5	7	4	6	6	1	5	3	3	1	4	4	3	0	2	5	1	0	1	0	0	0	0	1	0	0	1	0	1	0	1	0	0	1	0	0	0	2	2	2	3	1	2	1	2	0	2	1	2	1	0	0	1	2	2	0	3	1	1	3	3	10	2	5	5	9	5	3	1	6	2	1	2	2	4	2	4	1	2	1	2	2	1	3	1	3	4	0	2	4	6	1	2	0	1	2	1	1	3	1	1	1	1	3	4	0	0	1	2	0	2	0	1	2	3	0	1	0	1	1	2	0	1	0	1	1	1	3	1	1	0	1	1	1	0	1	0	1	0	0	0	2	2	1	1	0	1	1	1	1	4	1	3	0	2	3	0	5	1	5	2	2	2	0	0	1	1	2	1	0	2	2	1	0	3	0	6	8	3	1
0	0	0	0	0	0	0	0	0	0	0	0	0	0	0	0	0	0	0	0	0	0	0	1	0	0	0	0	0	1	0	0	1	0	0	0	0	0	0	1	2	0	0	1	2	0	0	1	0	0	0	0	0	0	0	0	0	0	0	0	1	0	0	0	0	0	0	0	0	0	0	0	0	0	1	0	0	0	0	0	0	1	1	1	0	1	1	0	0	0	0	0	0	0	0	0	0	1	2	0	0	2	0	3	2	0	0	2	1	1	1	0	0	1	0	1	0	1	1	0	0	0	0	1	0	1	0	0	0	0	0	1	0	1	1	2	0	0	2	0	0	0	3	0	1	0	1	0	1	1	0	0	0	0	0	0	1	0	0	1	2	1	0	1	2	2	1	4	1	0	1	1	1	1	0	1	2	1	1	3	2	0	1	0	2	0	1	0	0	0	1	0	0	1	0	0	1	1	1	1	0	0	1	3	0	1	0	0	0	0	0	0	0	1	1	0	0	1	0	0	0	0	0	0	0	1	1	0	1	0	2	0	1	1	1	4	5	9	12	11	14	14	3	0	4	6	2	4	2	2	1	0	3	1	2	0	0	1	0	1	0	0	0	1	1	2	1	1	0	1	2	1	2	1	3	3	1	2	6	2	3	9	8	3	2	4	3	1	2	2	2	3	1	1	1	3	5	4	1	1	2	6	9	4	7	25	39	0	47	8	15	8	6	4	2	9	6	5	25	14	6	1	5	1	0	1	1	1	1	0	0	0	0	0	0	0	0	1	2	0	1	1	0	2	2	3	1	5	2	1	1	1	0	1	2	2	1	1	1	1	4	1	2	0	4	0	1	2	6	3	12	6	10	5	1	3	5	2	2	4	2	1	1	2	0	3	0	3	1	1	2	3	0	2	5	0	4	2	2	2	3	3	0	1	1	2	1	1	1	4	0	1	0	1	1	0	1	0	1	1	5	2	0	3	0	2	0	1	1	0	1	0	0	0	0	0	2	0	0	2	0	1	0	0	0	1	0	0	0	0	2	0	0	2	1	0	1	0	0	1	2	2	2	2	1	2	4	4	2	3	4	1	9	2	2	0	0	1	2	0	1	5	0	0	2	5	6	1	2
0	0	0	0	0	0	0	0	0	0	0	0	0	0	0	0	0	0	0	1	1	0	1	1	1	1	0	0	0	0	0	0	0	0	1	0	0	0	0	0	0	0	1	0	1	0	0	0	0	1	1	0	0	0	0	0	0	1	0	1	0	0	0	0	0	1	0	0	0	0	1	0	1	0	0	0	0	0	0	0	0	0	0	0	0	1	1	0	1	1	0	0	0	1	0	0	1	0	0	1	0	0	2	0	1	0	0	0	0	2	0	1	0	1	1	3	0	1	1	0	2	0	0	0	2	1	0	3	1	1	0	0	0	0	0	1	0	2	0	0	1	2	0	0	1	0	0	1	0	1	1	2	1	0	2	0	0	0	1	3	1	1	3	5	5	1	1	2	0	1	1	0	1	1	1	1	1	1	1	1	2	1	1	1	2	0	0	0	1	1	1	0	0	0	2	1	1	0	0	2	4	1	0	1	0	0	0	0	0	1	2	0	0	0	1	2	1	1	1	0	1	2	0	0	0	2	1	1	0	1	0	0	1	1	3	4	8	12	5	3	13	11	13	4	5	7	3	2	4	3	3	4	1	2	2	2	0	1	1	0	1	1	0	0	2	3	2	2	0	1	4	3	4	1	0	2	1	3	2	1	3	4	10	3	3	4	0	3	4	2	1	1	1	1	3	4	6	5	5	7	6	7	8	4	7	30	16	47	0	49	41	8	8	8	9	10	10	7	23	10	3	0	2	1	0	0	1	1	2	0	0	1	1	0	1	0	0	0	1	0	0	1	1	3	2	0	2	1	5	0	0	2	2	2	1	1	2	2	1	1	1	0	1	3	0	4	0	0	2	4	9	1	6	0	2	5	3	3	2	1	4	4	2	2	0	4	4	5	0	1	0	2	1	2	2	1	3	1	4	3	5	2	2	1	4	4	0	2	1	0	0	1	1	2	0	0	2	1	0	2	3	2	1	2	2	6	1	0	1	0	2	1	0	0	0	2	1	0	2	2	1	0	2	0	0	0	0	0	1	0	0	0	0	0	2	1	0	0	1	0	2	4	1	2	1	5	2	3	5	4	2	3	2	3	2	3	1	3	6	0	5	7	1	2	5	4	6	1	0
0	0	0	0	0	0	0	0	0	0	0	0	0	0	0	0	0	0	0	1	0	0	0	0	0	1	0	0	1	1	0	0	1	1	0	0	0	0	0	1	0	0	0	0	0	0	1	1	2	0	0	2	0	1	0	0	0	0	0	0	0	0	1	0	1	0	0	0	1	1	0	0	1	0	0	0	0	0	1	0	1	2	1	0	0	0	2	0	0	0	1	0	0	0	1	1	0	0	0	0	1	1	0	1	1	0	2	1	0	1	0	1	0	1	1	2	2	2	2	1	0	1	1	0	0	0	0	1	0	0	1	1	0	1	4	1	1	1	0	2	0	0	0	0	0	3	0	2	1	0	0	1	0	1	2	1	0	2	2	3	3	1	4	3	3	1	0	1	1	2	2	1	3	0	1	1	0	1	1	1	1	3	1	1	0	1	2	1	0	1	0	0	1	2	1	3	1	4	2	2	0	1	2	1	1	0	2	1	1	0	0	0	0	1	1	0	0	0	2	0	0	0	1	0	0	0	0	0	1	2	0	0	1	3	5	6	15	12	2	3	10	12	12	4	5	1	3	5	3	2	2	2	3	2	0	2	0	2	1	0	0	1	1	1	1	0	1	2	0	3	2	0	2	1	2	1	0	0	3	2	3	6	7	2	1	1	5	3	1	3	3	1	2	1	6	8	9	7	7	11	8	13	8	5	5	15	5	8	49	0	41	8	12	13	16	19	8	9	13	7	6	2	0	1	0	0	2	1	1	0	0	0	1	1	1	1	0	2	2	0	1	1	0	3	1	0	3	3	0	4	1	1	2	1	2	1	2	1	0	2	1	0	1	2	1	1	2	1	1	1	9	4	3	3	3	5	4	1	2	2	2	1	0	0	1	3	1	2	2	1	1	1	0	3	1	1	1	3	0	2	4	2	1	3	2	2	2	0	1	0	0	0	0	2	2	1	2	2	4	1	3	1	5	2	1	2	2	1	3	4	0	0	0	1	1	0	2	0	0	1	1	0	0	0	0	0	0	0	1	2	0	1	1	1	1	1	0	0	4	2	3	2	0	2	1	3	2	7	8	8	2	6	7	3	4	1	1	4	7	6	0	6	5	0	4	6	4	2	4
0	0	0	0	0	0	0	0	0	0	0	0	0	1	0	0	0	1	2	0	0	1	0	0	0	0	0	0	0	0	0	0	0	0	1	0	0	0	0	0	0	0	0	0	0	3	0	0	0	0	0	1	0	0	1	0	0	0	1	0	0	0	0	0	0	0	1	0	0	0	0	0	0	0	0	1	0	0	0	0	1	0	1	1	1	0	0	0	0	0	0	0	0	0	0	1	0	0	2	1	0	0	1	1	2	0	1	2	0	0	0	1	0	2	2	0	1	2	0	0	1	0	1	0	1	1	0	2	0	1	0	0	0	0	1	0	3	1	0	3	1	1	0	1	0	1	0	1	1	1	2	0	0	0	2	0	3	0	2	1	2	3	4	2	4	1	0	2	2	0	1	3	2	0	0	1	0	2	3	0	1	0	1	1	1	0	0	1	0	2	2	1	1	1	1	0	0	0	0	0	0	1	2	2	0	0	0	0	0	1	1	1	0	1	2	1	1	1	1	2	0	0	0	0	0	0	0	0	0	0	0	0	0	1	1	3	5	7	3	6	15	7	7	2	4	3	0	1	6	1	1	0	2	1	0	1	1	0	0	0	0	0	0	1	1	2	1	1	4	3	4	3	4	5	0	3	1	0	1	4	0	6	8	3	3	10	4	2	2	5	2	2	2	3	4	8	3	9	5	2	4	3	3	3	3	7	7	15	41	41	0	18	9	7	12	13	7	7	9	8	3	4	1	1	1	2	0	1	0	1	0	1	0	0	0	0	0	0	0	1	1	2	1	1	1	2	2	0	0	2	0	1	2	1	3	1	0	1	1	1	1	1	0	4	0	0	1	3	1	3	1	1	0	3	2	1	1	1	3	0	2	1	1	2	0	0	3	2	1	5	0	0	0	2	3	0	1	0	3	4	3	3	0	1	3	4	1	1	0	0	0	2	0	2	2	0	1	1	0	3	2	2	1	3	1	0	1	0	0	1	1	0	1	1	0	3	0	2	0	1	1	0	0	0	1	0	1	0	2	2	0	2	1	2	3	0	1	1	0	0	1	2	4	0	3	2	1	2	6	1	2	5	3	4	1	0	1	2	1	2	3	1	1	1	0	5	1	2	4
0	0	0	0	0	0	0	0	0	0	0	0	0	0	0	1	0	0	0	0	0	0	0	0	0	0	0	0	0	0	0	0	0	0	0	0	1	0	0	0	0	0	0	0	1	0	0	0	0	0	0	1	0	0	0	0	0	0	0	0	0	0	0	0	0	0	1	0	0	0	0	0	1	0	1	0	0	0	0	0	1	0	1	0	0	0	0	0	1	0	0	0	0	1	1	0	0	0	0	0	0	0	1	2	2	2	1	1	1	0	0	1	1	0	1	0	2	0	1	0	1	0	0	0	0	0	0	1	0	0	0	1	0	2	0	1	1	0	1	2	1	0	0	0	1	0	1	2	1	0	0	0	0	0	2	0	0	3	1	5	0	4	0	5	0	1	1	2	0	0	1	1	1	1	1	1	1	3	2	2	6	3	2	1	2	1	3	1	4	1	2	0	0	1	0	2	1	1	1	0	1	1	0	1	1	0	0	0	0	1	0	0	0	1	0	2	1	1	0	0	0	0	1	0	1	0	1	2	2	0	0	0	0	0	1	1	8	5	3	3	2	11	4	4	3	2	2	0	1	1	3	2	1	0	0	0	0	0	0	2	0	1	1	0	0	0	2	1	0	1	2	1	1	1	0	2	0	1	1	1	3	0	3	0	2	3	2	1	1	3	1	0	1	0	4	7	7	8	3	1	3	4	2	5	1	4	4	8	8	8	18	0	29	21	14	3	3	1	3	2	2	1	1	0	0	0	0	2	0	0	1	0	0	0	2	1	1	0	0	0	0	1	0	1	0	1	3	0	0	1	2	0	1	2	0	1	0	0	1	1	1	0	0	0	0	0	1	0	2	1	1	0	1	0	1	1	2	1	2	0	1	2	0	0	0	1	1	1	1	0	1	0	1	0	2	3	1	2	1	0	1	1	1	2	2	0	1	0	1	0	0	2	0	1	2	1	2	1	0	3	2	1	0	1	1	0	3	2	1	1	1	2	0	0	1	0	0	0	0	0	1	1	0	1	0	1	1	1	1	1	1	2	1	1	1	1	0	0	1	1	0	1	2	3	4	8	8	6	15	15	15	10	12	13	10	3	3	4	3	2	2	2	2	0	5	1	3	2	6
0	0	0	0	0	0	0	0	1	0	1	0	0	0	0	0	1	1	1	0	0	1	0	0	0	0	0	1	0	1	0	1	0	1	0	0	0	0	0	0	0	0	0	0	3	0	0	1	0	1	1	1	1	0	0	0	1	1	0	0	1	0	1	0	0	1	0	1	1	0	0	0	0	0	0	1	0	0	0	0	0	1	1	0	2	2	0	1	2	1	0	0	0	0	1	0	2	0	1	0	1	0	2	1	2	1	1	2	1	0	1	0	0	0	0	0	0	0	0	2	0	0	0	0	0	0	0	1	0	0	1	1	1	2	3	2	2	2	0	0	3	2	1	1	2	0	2	0	1	0	0	0	1	1	1	0	1	0	1	1	3	4	2	1	0	0	2	0	2	0	1	0	0	0	1	1	1	2	1	3	1	3	2	3	3	1	1	0	2	0	1	3	0	2	0	2	5	0	0	1	0	0	0	0	0	1	0	2	1	3	0	1	2	0	0	2	2	2	0	1	0	0	0	1	0	0	0	1	0	1	0	4	0	1	4	1	7	2	3	7	7	10	8	2	4	2	3	3	1	1	1	0	2	4	2	0	0	1	2	0	0	0	0	0	0	1	0	1	2	2	3	1	1	1	0	2	1	1	2	0	4	1	5	2	2	2	2	0	1	4	2	1	3	4	1	9	9	8	2	6	3	2	1	1	6	4	6	6	8	12	9	29	0	50	27	6	7	2	3	6	0	1	1	2	0	1	2	1	1	2	1	0	0	0	2	0	1	2	1	0	0	0	1	1	1	0	0	0	0	2	1	1	1	0	0	1	2	1	0	0	1	0	1	1	1	1	1	0	1	2	3	1	0	1	1	0	1	1	0	1	0	1	0	1	1	1	1	1	1	2	1	1	1	0	0	2	1	2	2	2	3	2	1	0	6	0	0	1	2	0	0	0	1	0	0	0	0	2	2	1	0	1	2	0	0	3	0	2	2	2	0	0	0	1	1	0	0	1	2	1	1	0	1	0	1	0	0	0	1	2	0	0	0	0	3	1	1	3	3	1	2	2	2	1	4	9	4	8	8	12	7	9	26	10	14	8	7	8	8	5	4	4	2	6	6	10	1	2	4
0	0	0	0	0	0	0	0	0	0	0	0	0	1	0	0	1	0	1	1	0	0	1	0	0	0	0	1	0	0	0	1	0	0	0	0	0	1	0	1	0	0	1	1	1	0	0	0	0	0	0	0	0	0	0	0	1	0	0	0	0	0	0	0	0	1	0	0	0	0	0	0	0	0	0	0	1	0	0	0	2	1	1	1	0	0	0	0	0	1	0	0	0	0	0	0	2	1	0	2	1	0	0	0	2	2	0	1	2	0	1	3	0	0	1	0	0	1	0	1	1	0	0	2	1	1	0	0	0	0	3	1	1	1	2	5	2	2	2	1	0	0	0	2	1	1	0	2	2	1	1	0	0	0	2	2	0	1	2	1	2	3	2	1	3	0	2	1	2	1	0	0	1	0	1	1	3	0	2	1	1	0	5	2	3	3	6	5	6	2	2	1	1	2	1	1	2	1	1	0	0	0	1	0	1	3	0	0	1	0	1	1	1	0	0	0	3	2	3	0	1	0	2	0	0	0	1	0	0	1	2	0	0	4	4	6	4	2	2	3	3	4	6	1	3	1	2	3	2	2	0	2	0	2	1	0	0	1	0	0	0	0	1	1	0	0	2	3	1	1	2	1	1	1	1	1	0	2	2	1	1	1	4	1	2	3	3	2	3	3	5	2	2	2	2	5	13	6	9	5	8	4	2	1	4	2	6	4	8	13	7	21	50	0	45	7	3	1	4	2	2	2	0	1	1	1	0	0	1	0	0	0	0	0	0	0	0	0	0	0	0	0	2	1	0	0	4	0	1	1	1	3	1	1	2	1	0	0	0	0	0	0	0	2	0	1	2	0	1	0	1	1	1	3	0	0	3	2	1	0	2	2	0	1	2	1	1	0	1	0	1	2	0	1	0	1	1	0	1	2	1	1	2	1	3	2	0	1	1	0	1	1	0	2	2	0	0	1	1	3	2	3	0	3	2	5	2	0	0	0	0	0	1	2	0	1	2	1	2	0	1	0	1	0	1	0	1	0	2	1	0	1	0	2	0	0	2	1	1	2	2	0	2	1	2	3	1	0	6	8	1	6	13	8	14	10	4	8	9	7	6	6	1	1	3	2	3	0	1
0	0	0	0	0	0	0	0	1	0	1	0	0	0	0	0	0	0	0	3	0	0	0	0	0	1	1	0	0	1	2	1	0	0	1	0	0	0	1	0	0	0	0	0	1	0	0	0	1	2	1	0	0	0	0	0	1	0	0	0	1	0	1	0	0	1	1	0	0	0	0	0	0	0	0	3	0	0	1	0	0	0	1	0	0	1	1	0	0	1	1	1	1	1	1	0	1	1	1	0	1	1	1	0	2	2	2	0	3	1	0	1	1	0	0	1	0	2	0	0	1	2	0	0	0	0	0	0	0	1	2	2	2	4	3	2	2	2	3	0	0	1	0	0	0	0	2	0	1	1	2	0	2	0	1	1	3	3	6	1	5	5	2	0	1	4	2	6	1	1	1	1	1	1	2	4	3	0	0	5	5	2	5	1	3	1	1	1	4	1	2	3	1	2	3	0	0	1	1	3	0	0	0	1	1	0	0	1	0	0	1	0	1	0	4	0	4	2	1	0	1	1	0	0	2	1	0	0	0	0	1	2	1	1	2	3	4	5	1	1	1	0	3	1	2	0	1	3	2	2	1	0	0	0	3	1	2	1	0	1	0	0	0	2	1	1	2	1	1	2	0	0	1	2	0	0	0	5	4	3	3	5	11	2	3	7	2	1	4	4	6	3	2	5	5	11	63	26	14	14	4	2	3	3	1	6	1	2	9	16	12	14	27	45	0	24	10	6	5	3	2	0	3	0	1	0	1	0	0	0	0	1	0	0	0	0	1	1	0	0	0	0	0	0	0	1	2	2	1	1	1	0	1	0	1	3	0	0	1	0	0	2	2	1	1	1	0	1	2	3	1	0	2	1	1	1	4	3	1	2	1	0	1	1	0	2	0	0	0	1	0	2	0	0	1	0	0	0	1	3	0	1	1	1	3	1	1	1	2	0	0	0	2	1	1	2	1	1	2	7	0	3	0	0	2	2	3	0	2	1	1	0	1	0	0	1	3	4	0	0	0	0	1	0	0	2	0	0	0	0	0	1	2	0	0	1	1	0	0	1	1	0	1	1	1	3	3	1	5	4	9	7	8	8	8	2	0	2	6	4	6	3	3	4	1	3	2	1	1
0	0	0	0	0	0	0	0	1	0	0	1	0	0	0	0	0	0	1	0	0	1	0	1	0	0	0	2	1	1	2	0	0	0	0	0	0	1	0	1	0	1	0	0	0	1	0	0	0	1	0	1	0	0	0	3	0	0	0	0	0	0	0	1	0	0	0	0	0	0	0	0	1	0	0	0	0	0	1	0	0	0	2	1	0	0	0	0	1	0	0	1	1	0	1	0	1	0	1	0	1	3	1	3	2	1	0	1	2	3	0	1	1	1	2	1	0	2	1	2	1	0	0	4	1	2	1	1	0	0	1	2	0	5	5	2	3	2	0	0	0	1	1	0	1	0	0	0	0	0	1	2	1	1	2	2	1	0	0	0	6	5	9	8	5	3	4	7	4	1	1	1	2	2	4	4	3	0	1	1	8	2	0	3	2	3	2	3	4	1	4	1	1	6	1	1	2	0	3	0	1	1	3	0	1	1	0	1	1	0	1	1	0	1	0	1	1	0	0	1	1	3	0	0	0	0	0	0	2	0	0	0	0	1	2	2	5	3	1	3	4	3	2	2	1	3	4	1	2	3	3	0	0	0	6	2	0	0	0	1	0	2	2	0	1	2	5	3	1	2	6	3	5	2	2	2	3	4	4	5	5	16	17	4	12	8	6	5	4	3	8	2	4	2	7	8	19	50	17	17	9	5	3	2	1	4	5	9	10	19	13	3	6	7	24	0	53	36	14	10	6	2	3	1	2	1	1	1	3	1	0	0	0	1	0	0	0	0	0	1	0	0	1	0	1	2	1	0	0	2	1	0	0	0	1	2	0	3	0	0	0	1	0	0	0	3	2	0	1	1	2	1	4	1	0	3	2	1	0	1	0	2	4	1	0	2	4	0	2	1	0	0	0	0	2	1	1	1	2	1	2	0	0	1	2	1	0	2	1	0	1	1	1	1	1	2	3	0	0	3	2	0	2	3	3	5	3	1	0	1	0	0	1	0	1	0	1	1	0	1	0	0	1	0	0	0	0	0	0	1	0	0	0	3	2	0	1	1	1	1	2	0	1	1	1	2	2	1	2	2	1	3	6	3	5	0	1	1	1	6	2	1	3	1	1	0	2	1	0
0	0	0	0	0	0	0	0	0	0	0	1	0	0	0	0	1	0	0	1	0	0	1	1	1	0	0	0	2	1	0	0	0	1	0	0	0	1	0	1	1	1	0	2	0	0	2	1	2	3	0	2	0	0	0	1	0	0	0	0	0	0	0	0	0	1	0	1	0	2	0	0	0	0	0	0	1	1	0	1	0	0	0	1	0	0	0	0	1	2	1	0	0	0	0	0	1	0	1	0	0	0	3	5	3	0	1	0	1	1	1	0	0	1	0	1	0	3	1	1	0	1	1	0	5	1	0	0	0	0	0	0	3	3	5	2	0	0	0	0	0	0	1	1	0	0	0	0	1	0	0	0	0	0	1	0	4	0	2	0	1	8	7	11	8	4	6	9	6	2	2	2	1	2	2	3	2	0	3	3	6	3	3	3	1	1	0	1	1	1	1	3	1	7	4	1	1	3	2	2	0	2	3	2	3	0	1	2	1	0	2	1	0	0	1	0	0	0	0	0	0	1	2	1	1	0	0	1	1	0	0	1	0	0	0	4	6	3	3	4	5	2	2	2	4	4	2	0	3	1	8	0	1	1	6	2	2	1	1	0	0	0	1	1	4	0	3	4	2	8	6	5	9	10	3	2	3	11	5	11	9	13	15	4	14	13	6	5	3	10	3	3	1	0	2	7	5	24	17	14	13	6	3	2	0	5	3	6	10	8	7	3	7	3	10	53	0	473	24	9	8	2	1	1	1	1	1	2	2	0	2	0	1	0	0	1	0	1	0	2	2	0	4	0	1	1	3	1	2	6	0	2	3	1	0	0	1	1	1	1	1	0	2	1	1	2	3	0	2	2	3	2	1	1	2	3	4	3	1	3	1	1	1	2	2	0	1	0	2	0	1	1	2	1	0	1	1	1	0	0	2	1	1	0	1	0	1	2	1	0	0	2	0	1	1	1	1	0	1	4	0	4	1	2	2	0	2	1	0	1	0	1	0	1	1	0	1	0	0	0	5	0	0	0	1	0	0	1	1	0	2	1	0	0	2	1	1	0	0	1	1	0	1	0	0	5	3	0	2	4	0	3	2	4	6	1	1	2	0	2	1	2	1	2	0	2	1	3	3
0	0	0	0	0	0	0	0	0	0	0	0	0	0	0	0	0	1	0	1	1	1	1	1	1	0	0	0	1	0	0	1	0	0	1	1	0	0	0	0	1	0	0	2	0	0	2	0	0	1	2	1	0	0	0	0	1	0	0	0	0	0	0	0	0	1	0	0	0	0	0	0	0	0	0	1	0	0	1	0	0	1	0	1	1	1	0	0	0	1	0	0	1	0	0	0	1	0	2	1	2	1	0	0	1	3	3	1	2	0	2	1	1	0	0	1	1	1	3	0	0	1	0	1	0	1	0	2	0	2	5	1	1	4	4	2	2	1	1	0	1	1	0	0	0	1	0	2	0	1	0	0	0	1	0	1	1	2	4	1	5	6	6	12	4	5	12	14	5	1	2	2	3	3	2	5	5	0	2	4	4	4	2	3	1	0	0	1	2	2	3	2	1	3	1	0	2	3	5	1	2	2	1	0	0	0	0	1	2	1	1	1	0	0	3	2	1	0	0	0	2	0	1	0	0	0	1	0	0	0	0	1	1	1	7	4	2	2	0	2	2	1	4	2	3	3	4	1	6	4	3	2	3	8	8	3	5	1	2	3	0	2	2	0	5	7	2	5	5	2	7	3	8	8	8	2	4	1	11	9	11	14	12	4	7	12	3	3	5	4	5	0	1	2	0	5	7	14	9	12	17	16	8	3	0	4	3	5	7	9	7	1	2	1	6	36	473	0	17	11	15	2	2	0	0	3	1	0	0	1	1	1	1	0	0	0	0	0	0	1	1	0	0	1	2	2	4	2	5	2	3	3	0	0	1	1	1	0	0	2	0	2	2	2	0	2	0	2	0	4	4	4	8	2	4	4	5	3	1	3	2	0	1	2	0	4	1	2	1	2	1	0	1	0	2	1	1	1	1	1	2	0	3	1	1	3	2	1	0	1	0	1	2	1	0	2	1	1	2	2	0	1	1	0	0	0	4	1	1	2	1	0	0	1	2	0	2	0	0	3	0	2	1	1	0	0	1	0	1	1	1	0	0	1	1	1	2	1	1	0	0	0	0	2	1	2	2	4	1	3	3	2	1	3	2	2	2	3	3	1	3	1	1	2	0	4	3	2	3
0	0	0	0	0	0	0	0	0	0	0	0	0	1	0	0	0	1	0	0	0	0	1	0	0	1	0	0	1	0	0	0	0	0	1	0	0	0	0	0	0	1	0	1	0	0	0	1	2	0	0	1	0	0	0	1	0	0	0	0	0	0	0	0	0	2	1	0	0	0	1	1	1	0	0	0	2	1	0	0	0	0	1	0	0	0	0	0	1	0	0	2	1	0	0	1	1	0	0	3	0	2	0	1	2	3	3	2	2	0	0	0	2	0	1	2	1	1	2	1	0	2	1	2	1	0	1	3	0	1	2	1	3	1	3	0	4	0	3	1	0	0	3	0	0	0	0	0	1	0	1	0	1	1	0	0	1	1	2	1	1	2	7	9	2	0	3	11	3	2	1	3	1	1	2	1	4	2	1	3	1	0	1	1	1	0	2	0	2	2	0	2	0	2	0	0	1	1	1	0	2	0	0	0	0	2	0	0	1	4	2	0	0	3	1	2	1	1	1	0	0	0	0	2	1	1	2	0	0	0	1	1	0	3	2	9	5	4	3	5	6	6	4	6	1	9	3	2	4	3	5	3	1	4	6	2	6	3	0	1	0	2	0	0	0	0	2	1	5	2	5	5	10	8	5	5	3	4	4	8	21	25	12	1	3	5	3	2	2	2	2	1	0	4	1	4	5	5	9	8	8	20	13	0	3	5	1	25	23	13	9	3	3	4	5	14	24	17	0	35	17	8	1	4	2	2	1	1	2	1	2	1	1	0	0	0	0	1	1	1	0	0	3	2	2	4	3	0	7	9	7	0	0	0	0	0	6	0	2	1	3	0	2	1	3	0	2	2	2	4	6	6	9	2	3	3	9	8	5	3	2	2	0	3	2	5	5	4	2	2	1	0	1	0	0	3	3	1	1	2	2	0	0	2	2	2	1	1	2	0	2	2	0	3	4	1	1	1	1	1	3	2	1	3	2	2	1	0	0	1	0	1	0	2	1	2	0	0	0	2	1	0	1	1	0	1	1	0	0	0	0	2	0	0	1	0	0	1	0	1	0	2	1	1	0	1	1	3	1	4	0	2	1	0	2	1	3	2	2	5	4	3	1	1	3	2	0	2	3
0	0	0	0	0	0	0	1	0	0	0	1	0	0	0	0	0	0	1	2	1	0	0	0	2	0	1	0	0	0	0	1	0	0	0	0	0	0	1	0	0	0	0	0	0	0	1	0	1	1	0	0	2	0	1	0	0	0	0	0	1	0	0	0	1	0	0	0	2	0	0	0	0	2	0	0	1	1	0	0	0	0	0	0	0	1	0	1	0	0	1	0	0	0	0	0	1	0	0	3	1	2	2	0	0	0	1	0	1	0	0	3	0	1	2	0	0	0	0	0	0	4	0	0	1	1	0	1	0	0	4	1	1	3	1	2	3	0	0	0	0	1	0	0	0	0	0	2	1	1	1	1	0	1	1	0	1	0	0	1	4	3	1	2	0	2	7	1	2	2	0	1	3	1	3	3	1	2	3	2	3	0	1	2	1	1	1	0	4	1	0	2	3	2	0	0	1	1	4	1	1	0	1	1	2	1	3	1	1	2	3	1	2	0	4	2	3	0	0	0	1	0	0	0	0	0	0	0	1	3	0	0	1	1	5	8	14	5	3	2	2	7	6	6	7	9	12	4	4	2	4	3	3	9	8	4	3	0	0	0	1	3	0	1	1	1	4	2	3	4	3	2	3	0	0	2	2	4	12	11	15	9	6	6	0	2	2	3	1	4	1	0	1	0	1	0	1	5	3	3	12	77	7	3	5	5	4	14	10	7	8	2	6	2	3	10	9	11	35	0	28	5	4	2	3	1	3	2	1	1	0	0	0	0	0	0	0	1	3	1	1	2	0	4	1	4	3	6	11	5	3	1	1	3	4	3	2	3	0	0	4	4	2	1	3	3	4	4	7	5	14	5	11	5	6	9	14	13	4	6	3	1	3	2	7	12	10	5	2	4	2	1	0	1	2	4	1	2	1	1	2	1	1	0	0	0	2	0	2	0	2	2	2	3	0	3	2	0	0	1	1	1	4	4	1	6	0	2	1	0	0	1	1	0	0	0	1	1	1	0	2	1	0	0	0	0	2	1	0	0	2	2	0	0	1	0	1	0	2	1	0	1	0	0	5	1	1	2	0	1	0	1	2	1	2	1	2	2	0	0	1	1	4	0	3	3	2	1	0
0	0	0	0	0	0	0	0	0	0	0	0	0	1	0	0	0	1	1	0	0	1	1	1	0	0	0	0	2	0	0	0	0	2	0	0	2	0	0	1	1	0	0	0	1	0	0	1	1	0	0	1	0	0	1	0	1	0	0	0	1	0	0	0	0	0	0	0	0	1	1	0	1	1	0	0	1	2	1	1	0	0	0	0	0	1	0	0	1	0	1	1	0	0	0	0	3	0	0	1	1	3	0	0	2	4	4	2	0	1	0	2	1	0	0	2	3	4	0	1	2	0	2	0	1	2	1	1	1	1	1	3	0	0	2	2	0	1	1	2	0	1	1	0	0	0	0	0	0	0	0	0	1	0	0	2	2	0	1	1	1	0	4	7	6	5	3	8	5	2	1	2	4	5	0	1	3	3	2	3	2	4	1	1	0	0	0	1	4	1	2	0	1	1	1	2	0	2	1	0	3	1	0	3	0	1	1	2	1	4	1	3	1	0	3	0	0	0	0	0	0	0	0	0	1	0	1	0	1	0	0	1	0	0	2	2	2	1	4	1	1	0	3	1	4	2	8	6	7	3	10	5	4	14	7	3	2	3	0	0	3	2	3	3	2	6	4	9	6	4	1	3	4	8	4	8	5	20	35	55	23	10	4	5	3	2	1	1	2	0	0	1	2	0	1	3	3	2	4	5	11	12	4	0	2	4	4	6	3	6	3	2	0	2	2	6	8	15	17	28	0	18	5	7	5	5	5	3	4	0	0	3	0	0	2	0	2	1	1	1	2	1	3	3	2	4	20	5	21	13	9	5	7	1	2	1	2	4	1	0	2	2	0	1	1	2	2	0	3	3	3	7	6	4	6	3	17	8	5	5	6	2	1	1	7	10	3	8	2	3	1	1	2	0	0	2	0	0	0	2	2	1	1	1	2	2	0	3	1	2	2	0	1	1	0	1	1	0	1	2	2	0	4	3	7	1	1	1	0	0	0	0	0	1	0	0	1	0	0	0	1	1	1	0	0	1	1	1	0	1	0	1	0	1	1	0	0	0	0	0	3	0	1	0	2	0	3	0	2	0	1	0	1	0	1	2	2	1	2	0	3	0	0	0	0	1	2	1	1
0	0	0	0	0	0	0	0	1	0	0	0	0	1	2	0	0	0	0	1	1	2	1	1	0	0	1	1	0	0	2	1	1	0	1	0	0	0	1	0	1	0	1	1	1	0	0	0	1	1	2	2	0	1	0	0	0	0	0	0	0	0	0	0	0	0	0	1	0	1	1	1	0	1	0	1	1	0	1	0	2	1	1	0	1	0	0	0	0	1	1	1	0	0	0	0	1	1	1	0	2	2	0	1	0	4	4	0	3	1	0	1	1	0	0	3	1	3	3	0	3	4	1	0	1	1	0	2	0	0	2	2	2	3	1	2	1	0	2	2	1	0	0	2	0	0	0	0	1	0	0	1	0	1	0	2	0	1	0	3	0	0	2	6	2	4	6	5	8	3	1	6	8	3	1	1	0	1	3	0	3	2	2	1	0	1	1	0	4	0	2	1	0	2	1	0	0	3	3	0	2	1	3	0	2	0	1	0	2	2	8	5	0	1	2	3	0	0	0	0	0	0	0	0	0	0	0	0	0	2	0	0	1	1	1	1	3	1	1	1	0	0	1	0	4	3	2	4	3	3	2	9	6	14	9	7	12	3	5	3	3	2	2	4	6	14	12	11	4	2	2	3	4	10	7	4	7	9	14	29	8	7	1	0	0	2	0	0	0	1	2	4	0	1	1	1	1	1	3	0	3	4	0	2	0	2	3	1	0	2	4	1	1	2	0	2	2	2	8	5	18	0	17	12	3	16	6	5	5	4	0	3	1	0	0	0	2	1	0	2	3	5	3	4	10	5	362	25	27	16	9	3	3	0	0	6	2	1	1	1	5	0	2	0	0	2	1	0	0	3	2	3	3	4	4	2	2	4	2	13	8	5	6	3	6	5	5	2	4	1	1	0	0	3	0	0	2	0	0	0	2	0	1	0	1	0	3	2	1	0	1	0	1	2	0	0	0	2	0	1	1	1	1	0	0	1	1	1	0	1	0	0	0	2	0	0	0	0	1	0	0	1	0	0	1	0	1	0	0	2	0	0	2	2	0	0	0	0	0	1	1	1	2	0	1	0	0	0	0	0	0	2	1	0	1	0	0	0	0	3	0	0	0	2	0	1	0	0	0
0	0	0	0	0	0	0	0	0	0	1	0	0	0	0	0	0	0	1	0	0	2	0	0	2	1	3	2	0	0	0	0	0	1	1	0	0	0	0	1	1	1	1	1	0	1	1	0	0	1	1	0	2	0	0	0	0	1	0	2	0	0	1	0	0	0	0	0	0	2	1	0	0	0	0	1	1	0	0	1	0	1	0	1	0	0	0	1	1	1	0	1	1	1	0	0	0	0	2	2	0	0	1	0	1	0	0	0	1	1	0	0	0	0	0	0	1	3	1	0	1	0	0	3	2	1	2	1	2	1	2	2	2	0	3	3	0	0	0	0	0	0	2	3	0	2	0	0	0	1	0	0	0	1	0	0	0	1	1	0	1	1	3	1	3	1	3	5	6	1	2	3	4	1	0	2	1	1	3	0	2	0	3	0	0	0	1	0	0	1	0	0	0	0	1	2	1	0	0	0	1	2	3	1	2	0	1	2	0	2	4	1	3	2	2	1	0	0	0	0	1	0	0	0	0	1	0	0	0	4	0	0	1	1	0	0	0	1	1	0	1	0	1	1	1	2	3	4	3	1	6	3	6	12	2	3	5	0	2	5	1	2	0	3	4	11	6	3	4	4	5	2	7	2	1	0	3	1	2	5	5	2	0	2	0	2	2	0	2	1	2	0	0	1	0	0	4	2	3	2	3	6	0	1	1	0	0	5	2	0	1	1	1	0	3	3	1	2	1	4	5	17	0	20	2	8	10	13	3	0	5	4	3	2	2	2	2	1	5	1	5	11	13	27	12	7	22	11	17	10	12	8	7	3	3	4	1	2	3	0	5	2	1	1	4	0	1	0	5	4	3	1	1	1	1	2	3	4	2	10	11	15	7	6	14	8	1	1	5	1	1	0	0	1	1	0	0	0	1	3	2	0	1	2	0	1	1	2	1	1	0	1	0	0	0	0	0	1	1	1	0	0	3	3	0	2	0	1	0	0	0	0	0	0	0	1	0	1	1	1	0	0	0	1	2	1	0	0	1	0	1	0	1	0	1	0	1	0	1	0	0	0	1	0	1	1	3	0	0	1	1	0	1	0	1	1	0	1	1	2	0	0	1	1	1	1	1	0	1
0	0	0	0	0	0	0	1	0	0	0	0	0	0	3	0	1	1	0	0	2	1	2	1	2	1	1	0	0	0	0	1	0	0	0	0	1	1	0	0	0	0	0	0	0	1	0	0	1	1	0	0	1	0	0	0	0	0	1	1	0	0	1	0	0	2	0	0	1	0	0	1	0	2	0	2	0	3	0	0	0	2	1	0	0	0	1	0	2	0	0	0	0	0	3	1	0	0	0	1	0	1	0	3	0	3	2	2	1	0	0	1	0	0	0	0	0	3	0	1	1	0	0	2	0	2	1	0	0	1	2	1	1	0	1	3	1	1	0	0	0	0	0	1	1	0	1	0	0	0	0	0	2	0	0	0	0	0	0	0	0	1	3	0	2	0	2	2	1	0	1	3	2	0	0	2	1	2	3	1	0	0	1	1	0	0	0	0	0	1	0	0	0	1	0	0	0	0	1	0	1	1	2	0	1	1	0	3	3	2	4	3	0	0	0	0	0	0	0	1	1	0	0	0	0	0	1	0	0	1	1	1	1	2	2	1	2	3	0	0	1	1	2	1	0	1	2	4	1	3	1	3	3	3	4	1	4	0	0	2	2	4	4	4	5	9	1	10	3	4	1	3	2	4	8	4	10	7	8	6	5	4	0	2	1	1	6	5	0	2	1	0	1	1	1	0	2	1	0	1	0	5	2	1	2	1	2	1	1	1	1	0	2	1	0	1	1	0	4	2	7	12	20	0	49	20	48	24	11	1	3	2	0	3	0	1	0	1	2	2	2	7	9	16	16	12	22	24	8	11	13	8	2	3	4	3	0	0	1	1	3	0	0	1	1	3	0	1	1	1	4	1	2	0	2	2	6	1	1	0	7	5	2	4	6	5	0	2	3	1	2	0	0	0	2	0	1	0	0	0	0	1	0	2	0	0	1	0	1	1	1	0	0	0	1	1	0	1	2	0	1	0	4	3	0	1	2	0	0	1	1	0	1	0	0	1	0	0	0	1	1	1	0	0	0	1	1	0	0	0	0	0	1	0	0	0	2	0	0	1	0	1	1	1	1	1	1	0	0	0	0	1	1	2	1	1	0	1	0	2	1	0	1	0	1	0	0	1	1
0	0	0	0	0	0	0	0	0	0	0	0	0	0	0	0	1	0	0	0	0	0	2	2	0	0	0	0	0	0	1	0	2	0	0	1	0	0	0	0	0	0	1	0	1	0	1	0	1	3	0	0	0	0	0	0	0	0	0	0	1	0	1	0	1	0	0	0	0	0	0	0	0	0	1	0	0	1	0	0	0	1	1	0	1	1	1	0	1	0	0	0	0	0	0	1	0	0	0	1	1	2	0	0	1	0	1	2	0	0	0	0	1	0	2	0	1	1	1	0	1	2	1	2	1	1	0	0	2	1	0	1	2	1	1	0	0	0	1	1	1	0	0	1	0	0	1	0	1	0	0	0	2	0	2	1	2	1	0	0	0	2	0	1	1	0	0	0	3	2	0	3	1	0	3	2	2	2	1	1	2	0	0	0	0	0	1	1	0	0	0	1	1	0	0	0	0	2	0	0	1	0	0	1	2	0	1	2	1	2	2	2	1	2	1	1	0	1	0	0	2	0	0	0	0	0	0	0	0	0	0	0	0	0	1	1	2	0	1	0	3	0	1	1	3	1	3	1	0	0	2	3	2	5	2	1	2	1	2	1	4	5	1	1	6	4	1	2	6	5	1	3	3	5	6	2	10	12	6	5	3	1	1	1	1	1	0	1	1	2	2	1	1	0	0	1	2	0	0	2	2	2	1	1	1	1	5	0	0	0	1	0	0	1	1	2	1	0	2	3	5	3	2	49	0	17	27	19	6	2	1	2	1	0	0	1	0	0	1	1	2	5	5	9	9	7	8	25	3	6	12	13	4	2	4	1	2	1	0	3	1	3	1	1	1	3	0	0	0	1	2	1	2	1	2	1	4	4	4	2	5	1	2	1	3	3	2	2	0	2	0	2	1	1	1	0	3	0	1	1	0	0	1	0	1	0	1	1	2	1	0	0	2	0	0	0	0	1	1	0	1	0	1	0	2	0	2	0	0	0	0	0	0	2	0	2	1	1	0	2	2	0	0	1	0	1	2	0	0	1	0	1	0	1	0	0	0	1	0	0	0	0	0	0	2	0	2	0	0	0	0	0	0	0	0	1	0	0	0	0	0	1	0	1	0	2	1	3	1
0	0	0	0	0	0	0	0	0	0	0	0	1	0	0	0	0	0	0	0	1	1	0	0	1	0	0	0	2	0	1	1	2	0	0	0	1	0	0	1	0	1	1	1	1	0	0	0	1	0	1	0	1	0	1	1	0	0	0	0	0	0	0	0	0	0	0	1	0	0	0	0	0	2	1	1	0	0	1	0	1	0	2	0	0	2	0	0	1	0	0	1	1	0	1	0	0	0	0	0	1	0	0	4	1	1	3	1	0	1	1	1	0	0	0	0	1	2	1	1	2	1	2	2	1	1	2	2	1	2	1	3	3	1	1	1	0	0	0	0	0	0	0	0	0	0	0	1	0	0	0	1	0	0	0	1	0	0	2	1	2	2	1	2	5	0	8	4	3	0	1	1	4	6	6	2	4	3	1	4	0	2	0	1	1	0	0	0	0	0	0	0	0	1	2	0	2	1	0	0	1	0	2	2	0	4	1	1	1	3	1	0	3	2	2	0	1	1	0	0	1	0	0	0	0	0	0	0	0	1	0	1	0	1	1	2	1	1	2	1	0	1	0	1	1	1	3	3	0	0	3	2	1	1	4	2	5	3	2	5	6	4	2	9	8	19	9	8	15	12	4	0	2	9	3	3	8	9	10	9	2	1	3	4	3	0	0	0	2	0	2	1	1	0	0	2	0	1	1	2	2	4	3	0	2	0	1	1	0	0	2	0	1	1	0	1	1	3	2	1	5	16	8	20	17	0	21	5	0	2	1	1	1	0	1	0	0	4	1	1	1	4	6	8	34	20	12	19	9	5	3	3	3	1	1	5	4	4	0	1	1	2	0	0	2	0	1	2	1	3	1	2	0	1	2	2	2	2	2	1	3	3	5	0	0	1	1	1	3	0	1	0	2	1	0	1	2	0	0	0	0	1	4	0	0	2	0	3	0	0	2	0	1	1	1	0	1	1	1	1	2	1	1	0	1	0	2	1	0	1	0	0	0	0	0	1	0	0	4	2	1	0	0	0	1	2	0	0	0	1	1	1	0	0	0	0	1	0	0	0	0	1	1	0	0	1	0	1	2	1	1	1	1	0	0	0	0	0	0	1	0	0	1	0	1	0	0	1	2
0	0	0	0	0	0	0	0	0	0	0	0	1	0	0	0	0	0	2	0	0	0	0	0	0	0	3	2	0	0	0	0	0	0	1	1	0	0	0	0	0	0	1	0	1	0	0	1	1	0	0	0	0	0	1	0	1	0	1	0	1	0	0	0	0	0	0	0	0	0	0	0	1	1	1	1	0	0	1	1	1	0	1	0	1	1	0	1	0	1	0	0	0	0	1	1	1	0	0	1	1	0	2	0	0	0	0	0	1	2	0	1	0	1	1	0	1	1	0	1	3	0	0	2	1	0	2	0	0	1	0	0	1	1	2	0	0	0	1	0	1	1	0	0	0	0	1	0	0	0	0	0	0	3	0	0	0	0	0	0	0	0	2	1	1	2	1	0	2	1	2	1	6	2	2	2	3	2	0	0	0	0	0	1	0	0	1	2	1	1	0	0	0	0	0	0	0	2	2	0	1	1	1	1	1	0	2	0	1	1	2	4	4	2	1	0	1	1	1	0	0	1	0	0	0	1	1	0	0	1	0	0	0	1	1	0	2	1	1	1	1	1	0	0	0	1	0	2	1	1	5	1	3	1	5	0	6	0	2	2	1	0	2	2	7	9	2	5	5	2	2	1	1	3	5	1	5	5	2	1	2	3	1	3	1	2	1	2	2	1	0	2	1	0	0	1	1	0	0	0	1	1	0	1	1	1	0	1	1	2	0	0	2	0	1	1	1	1	1	3	5	6	10	48	27	21	0	24	8	4	1	1	1	1	0	1	0	0	0	3	7	5	5	16	12	7	9	9	3	4	7	4	3	2	1	2	2	0	3	1	2	1	0	0	2	3	1	2	2	1	0	0	1	1	1	2	2	2	2	4	3	5	6	2	3	4	0	0	0	0	0	0	0	0	1	1	0	0	0	0	0	1	1	0	0	1	0	1	1	0	0	0	1	5	0	1	1	0	1	0	1	1	0	0	0	0	0	2	1	1	0	0	1	1	0	2	0	1	0	2	0	0	0	0	0	0	0	0	1	0	0	0	0	1	0	0	0	0	0	0	0	0	0	0	0	0	1	0	1	1	1	0	1	0	0	0	0	0	0	0	0	0	0	0	1	2	0	1	2
0	0	0	0	0	0	0	0	0	0	0	0	1	0	1	0	0	1	0	0	0	0	0	0	0	0	0	0	0	0	0	0	0	0	0	0	0	0	2	0	0	1	0	0	0	0	0	0	0	0	0	1	0	0	0	0	0	1	0	0	1	0	0	1	0	0	1	0	0	1	1	0	0	0	0	0	1	0	2	0	2	1	1	1	0	0	0	0	0	0	0	0	0	2	0	0	1	2	1	1	1	0	0	0	1	1	0	0	0	0	2	0	0	0	1	2	0	0	1	1	0	1	1	1	3	1	1	0	1	0	0	2	0	0	0	0	0	1	0	0	0	0	0	0	0	0	1	0	0	0	0	0	0	0	0	0	1	0	0	0	0	0	0	0	2	1	0	1	3	1	1	5	1	0	0	1	2	0	1	3	0	0	0	0	0	0	0	0	0	0	0	0	0	4	3	1	0	4	0	0	0	0	0	0	2	2	1	0	0	1	2	0	1	2	0	0	1	0	0	0	0	0	0	1	0	2	0	0	0	0	0	1	0	0	1	0	0	0	2	0	0	0	0	0	1	2	1	3	1	0	1	0	1	2	1	4	1	4	3	1	2	2	2	1	0	1	2	0	3	0	0	4	1	2	2	3	5	3	3	2	3	1	1	2	1	0	1	3	0	0	0	0	2	0	0	0	0	0	0	0	0	3	1	2	3	0	1	1	1	1	1	2	1	0	0	1	2	0	1	2	3	5	13	24	19	5	24	0	21	7	4	0	1	1	2	1	1	0	3	4	2	15	7	8	7	5	2	12	6	7	16	26	3	16	3	4	1	1	4	3	5	1	2	0	2	2	2	3	2	1	2	2	0	1	3	0	5	5	1	9	4	8	6	2	0	3	0	1	1	1	0	3	1	0	2	0	0	0	1	0	0	0	2	0	1	0	1	1	1	2	0	0	0	0	1	1	0	1	0	0	1	0	0	0	1	1	3	1	0	0	0	0	2	0	0	0	1	1	0	1	3	1	0	1	0	3	0	1	1	1	1	0	1	0	0	0	0	0	0	0	0	1	0	1	0	0	0	1	1	0	0	0	1	1	1	0	0	0	0	1	1	1	0	0	0	1	1	0	1
0	0	0	0	0	0	0	0	0	1	0	0	0	0	1	0	0	0	1	1	1	1	0	0	1	0	0	0	2	0	1	0	1	0	0	0	0	1	0	0	1	0	0	1	0	0	0	0	0	0	0	0	2	0	2	0	0	0	0	0	0	1	1	0	0	0	0	0	1	1	2	0	1	0	0	0	0	1	0	0	0	0	0	1	0	0	1	2	1	0	0	0	1	0	2	0	1	0	0	1	1	1	0	1	0	0	2	1	1	0	0	0	0	0	0	1	0	0	0	1	0	0	0	2	1	1	2	2	1	0	2	1	2	2	1	1	1	0	1	0	0	0	0	0	1	0	0	0	0	0	1	1	0	0	1	0	1	0	1	2	1	1	0	0	3	0	0	1	1	1	0	0	3	4	3	3	2	0	1	0	1	0	2	0	0	1	0	1	0	0	1	0	1	0	0	1	0	0	0	0	2	0	2	1	1	1	0	1	0	1	1	2	2	2	1	0	0	0	0	0	2	0	1	0	0	1	0	0	0	0	0	0	0	0	0	1	0	0	0	1	1	0	0	0	1	0	0	1	1	2	3	0	0	3	4	2	3	1	0	0	1	2	1	0	2	2	1	1	1	1	0	0	1	1	1	1	2	2	0	1	1	1	1	1	0	0	0	2	0	1	0	3	0	0	0	0	0	0	0	0	0	3	0	2	0	1	0	1	2	1	0	0	1	1	0	3	2	0	2	1	4	5	3	11	6	0	8	21	0	33	8	4	1	0	2	1	2	8	4	4	2	29	11	8	4	5	7	4	3	4	5	19	19	6	5	9	3	0	4	2	4	2	1	4	2	1	4	0	0	0	3	2	0	1	1	0	6	3	3	12	7	13	6	9	5	4	3	0	1	1	0	1	0	1	1	0	0	1	0	1	0	2	2	0	0	1	0	3	3	0	0	0	5	1	1	1	1	1	0	0	0	0	0	1	1	0	1	0	0	0	1	1	0	1	0	0	0	3	1	0	2	1	0	1	1	1	0	0	1	0	0	0	0	0	0	0	0	0	0	0	0	0	1	0	2	0	0	3	0	0	0	0	0	0	1	0	0	0	4	1	0	0	1	0	0	0	0	1	0
0	0	0	0	0	0	0	0	1	0	0	2	0	0	0	1	0	0	0	0	0	1	0	0	0	0	0	1	1	1	1	0	0	0	0	2	0	1	0	0	0	1	0	1	1	0	0	0	1	1	0	0	0	0	1	1	0	0	0	0	0	0	1	0	0	0	0	0	0	0	0	0	0	0	0	0	0	2	0	0	1	0	0	0	2	0	0	0	0	1	2	0	1	0	0	0	0	0	0	0	0	1	0	1	0	1	1	1	0	0	0	0	0	0	1	0	2	0	0	1	0	1	2	0	2	0	1	0	1	0	0	0	0	0	0	0	0	1	0	0	0	0	2	0	0	0	1	0	0	0	0	0	0	0	0	0	0	0	0	0	0	1	2	1	4	0	1	0	0	2	1	1	1	2	0	0	1	1	0	1	0	0	1	0	0	2	0	0	0	0	1	0	1	1	0	0	0	1	1	0	0	0	0	2	1	0	1	1	2	2	0	3	1	2	0	0	0	1	0	0	0	0	0	0	0	0	1	0	1	0	0	0	0	1	2	0	1	1	0	0	0	2	0	0	2	0	1	1	1	1	2	4	0	2	2	2	3	2	0	2	0	5	0	0	3	3	3	3	0	1	1	1	0	1	1	0	2	2	3	0	4	1	0	0	0	1	0	0	1	0	0	0	0	0	2	0	0	1	1	2	0	1	1	0	0	2	0	0	0	0	1	0	2	0	0	1	0	1	1	1	0	4	0	1	2	2	4	7	33	0	38	12	4	5	2	0	2	6	3	10	13	14	8	6	2	5	1	2	2	2	7	13	7	9	2	4	1	2	3	5	5	1	1	2	1	3	2	1	1	1	0	3	0	2	0	1	0	3	3	2	3	5	5	9	4	2	2	3	1	0	2	0	1	0	1	0	0	1	1	0	1	1	1	0	0	0	1	1	1	1	0	1	0	1	1	1	1	0	0	0	0	0	0	1	2	0	0	0	1	0	1	1	0	1	1	0	0	1	0	1	0	1	1	1	0	2	0	0	1	0	1	2	0	1	3	0	0	1	0	0	0	0	0	0	0	1	0	0	2	0	0	0	0	0	0	0	0	0	0	0	0	0	0	0	0	0	0	0	0
0	0	0	0	0	0	0	0	0	0	0	0	0	0	0	0	0	0	0	0	0	0	0	0	0	0	0	0	0	0	0	0	1	0	0	0	0	0	0	0	1	1	0	0	0	1	0	0	2	1	0	2	0	1	0	0	0	0	1	0	0	0	0	0	0	0	1	0	0	1	1	1	0	1	2	1	1	0	0	0	0	0	0	2	0	0	0	0	0	0	0	1	0	1	0	1	0	0	0	0	1	2	1	0	0	0	1	0	0	0	0	1	0	0	0	1	2	1	0	3	0	1	2	1	1	0	0	0	0	2	0	0	2	0	0	2	2	1	0	0	0	1	2	1	2	3	1	1	0	0	1	0	0	0	0	1	0	0	0	0	0	1	1	0	1	3	1	1	0	0	0	2	0	2	1	1	1	0	2	1	1	1	0	1	0	1	0	0	0	0	1	0	1	0	0	0	1	0	1	0	0	1	0	0	1	0	2	1	1	1	0	1	4	2	1	0	0	1	0	0	0	0	0	0	0	0	0	0	0	0	0	0	0	2	0	0	1	1	1	0	0	0	1	1	1	1	0	1	1	0	1	0	0	1	1	1	2	2	1	0	3	1	1	0	0	2	1	1	2	0	0	1	0	0	1	2	0	1	1	1	0	0	1	0	1	0	0	1	0	0	1	0	0	1	1	0	0	0	0	1	0	3	0	0	1	1	0	0	0	0	0	1	1	0	0	0	2	1	2	0	0	0	5	3	1	1	1	4	8	38	0	14	7	2	1	1	2	7	3	12	8	8	2	2	1	3	1	6	5	0	5	10	13	10	4	2	2	1	5	0	6	0	2	0	0	2	1	1	3	0	2	0	2	1	0	1	2	1	2	0	6	4	7	17	5	3	1	3	4	3	0	1	2	0	0	0	1	0	1	0	0	0	0	1	0	0	3	1	1	0	0	0	1	2	0	1	0	0	1	0	1	1	2	1	1	0	0	1	0	0	0	0	0	0	0	0	1	3	2	2	2	2	0	1	1	0	0	0	2	1	0	0	1	1	1	0	0	0	1	0	0	0	1	0	1	0	0	0	0	2	0	1	0	2	0	0	0	0	0	0	0	0	1	0	0	1	0	0	0
0	0	0	0	0	0	0	0	0	0	0	0	0	0	0	0	0	1	0	0	0	0	1	0	0	2	0	1	0	1	0	2	0	0	0	0	1	0	1	0	0	0	0	1	0	0	2	0	0	1	0	1	0	1	0	1	0	0	1	0	0	0	1	0	0	0	1	0	1	0	0	0	0	0	1	1	0	0	0	0	1	0	0	0	0	0	0	0	1	0	0	1	0	0	0	0	0	1	0	0	0	0	0	0	0	0	0	0	0	1	0	0	0	0	0	0	1	1	1	0	1	1	1	2	0	0	0	0	0	0	1	3	2	0	0	1	1	1	1	1	0	0	1	0	0	1	0	0	0	0	0	2	0	0	0	0	0	0	0	0	1	0	1	0	1	0	0	1	2	0	1	0	0	0	1	0	0	1	0	0	0	0	0	0	0	0	0	0	0	0	0	1	0	1	1	0	0	1	2	0	0	0	0	1	1	0	0	1	1	1	1	1	0	1	0	0	0	0	0	0	0	1	0	2	1	0	0	0	2	0	0	0	0	2	0	1	0	0	0	1	1	0	0	1	3	0	2	1	1	1	1	2	0	0	1	1	0	0	0	0	1	1	0	0	2	3	3	2	1	0	1	0	1	0	0	0	2	1	1	2	0	0	0	3	0	1	0	0	1	0	0	0	1	1	0	1	1	3	0	0	1	1	2	1	1	1	0	0	1	0	1	0	0	0	1	0	0	1	1	0	3	3	4	2	2	1	1	0	4	12	14	0	22	9	4	5	4	14	8	31	12	4	6	0	4	2	3	0	1	1	4	6	5	4	1	2	1	1	2	3	1	1	4	0	1	0	0	0	0	0	0	2	0	1	1	0	1	0	2	3	2	3	6	6	2	3	0	2	5	0	0	0	0	1	0	0	0	0	0	1	0	1	2	0	0	0	0	0	1	1	2	2	0	1	0	2	0	0	0	1	1	0	1	2	0	0	2	0	0	1	0	1	0	1	0	0	0	0	1	1	0	1	2	1	0	1	0	0	0	1	0	1	1	0	0	0	0	0	0	0	1	0	0	0	0	0	0	0	0	0	0	1	0	0	0	1	0	0	1	1	0	0	0	0	1	0	0	1	0
0	0	0	0	0	0	0	0	0	1	0	0	0	0	2	0	1	0	0	0	0	1	0	1	0	0	0	1	0	0	0	1	0	0	2	0	0	1	0	0	1	0	1	1	0	2	0	0	0	1	0	1	0	0	1	2	1	0	0	0	0	0	0	0	0	1	0	0	0	1	0	0	1	1	0	1	0	2	1	0	1	0	0	0	1	0	0	0	0	2	0	1	0	0	0	2	2	1	0	0	0	0	1	1	0	2	0	0	0	0	0	1	0	0	0	1	0	1	1	0	3	0	0	1	2	1	0	0	0	0	1	0	0	0	0	0	1	0	1	1	0	0	0	0	0	0	0	1	1	0	0	0	0	1	0	0	0	0	0	1	0	1	0	1	1	1	1	0	0	1	0	1	0	0	0	0	0	0	0	0	0	0	0	0	0	0	1	0	0	0	0	0	0	0	0	0	0	0	0	0	0	0	0	0	0	0	1	0	0	1	1	0	0	0	1	0	0	0	0	0	0	0	0	0	0	1	0	0	0	0	1	0	1	1	0	0	0	0	1	0	0	0	1	1	0	0	1	0	0	0	1	1	2	1	0	1	0	0	0	1	0	0	0	0	0	0	1	0	1	0	1	0	0	0	0	3	1	1	0	1	0	0	0	2	0	0	0	0	0	0	0	0	0	0	0	0	1	0	0	0	0	2	0	0	1	1	1	0	1	1	0	0	0	0	0	0	1	1	1	0	0	1	3	0	1	1	1	1	1	4	7	22	0	26	9	7	8	12	14	8	6	2	4	2	1	0	0	0	1	0	0	2	3	0	1	1	0	0	3	2	4	0	3	1	0	0	0	2	2	0	1	1	0	1	0	2	2	0	1	1	2	3	3	5	0	0	2	0	2	0	0	3	2	0	0	1	1	0	1	0	0	0	0	0	0	0	0	0	2	0	2	2	0	1	0	1	0	0	0	0	1	1	0	1	0	0	0	1	0	0	0	0	0	0	0	0	0	1	0	0	1	0	1	0	0	0	0	1	0	0	1	0	0	0	0	0	1	0	0	0	0	1	0	1	0	1	0	0	0	1	0	0	0	0	0	0	0	0	1	1	0	2	0	0	2	1	0	0	0
0	0	0	0	0	0	0	0	2	0	0	0	0	2	0	0	0	0	0	0	0	0	1	0	0	0	0	1	0	0	0	0	0	1	0	0	0	0	0	0	0	0	0	0	0	0	0	0	0	0	1	0	0	1	0	3	0	0	0	0	1	0	0	1	0	0	0	1	0	0	0	0	2	0	0	1	0	1	4	2	1	1	0	1	1	0	0	1	2	0	1	0	0	0	0	0	1	1	1	0	1	0	1	0	0	0	0	1	1	0	0	0	0	0	1	0	0	1	0	0	0	0	0	1	0	1	0	0	0	0	0	0	0	0	1	2	0	0	0	0	0	1	1	0	0	0	0	0	0	0	0	0	0	0	0	0	0	0	0	1	0	0	2	0	0	1	0	0	0	0	0	1	0	0	0	0	0	0	1	0	0	0	0	0	0	0	0	0	2	0	1	0	0	0	0	0	0	0	1	0	1	0	0	0	0	1	0	1	0	0	4	1	2	0	0	1	0	0	0	1	0	0	0	0	0	0	0	0	3	1	1	0	0	0	1	0	1	2	0	0	0	0	0	1	1	0	1	1	0	1	2	1	2	1	1	0	0	0	1	1	0	0	0	0	0	0	3	0	1	0	0	0	2	1	0	0	2	0	0	2	0	0	1	0	2	0	1	0	0	0	0	0	1	0	0	0	0	0	0	0	0	0	2	1	0	0	0	0	0	1	0	0	0	0	0	1	0	0	0	0	0	0	2	3	0	0	1	1	0	5	2	9	26	0	40	11	25	14	4	3	4	2	2	1	0	2	1	0	0	1	0	1	1	0	2	0	1	3	0	2	3	1	1	1	1	2	1	1	2	0	3	0	0	2	0	2	0	2	1	0	0	0	1	4	3	1	0	2	1	1	1	0	1	1	1	1	2	0	1	0	0	0	0	1	0	0	1	1	0	1	2	1	0	0	0	0	0	2	0	1	0	0	1	0	0	0	2	0	0	2	0	0	0	0	0	0	0	0	2	1	1	0	0	0	0	1	1	0	1	0	1	1	0	1	0	0	0	1	1	0	1	0	1	1	2	0	0	0	0	0	0	0	0	0	1	0	1	0	0	0	0	0	2	1	0	0	0	0	0
0	0	0	0	0	0	0	1	0	0	1	0	2	0	0	0	0	0	0	1	0	0	0	0	0	0	0	1	0	0	0	0	0	0	1	0	0	1	0	0	0	0	0	0	0	0	0	0	2	0	1	0	2	0	0	0	0	1	0	0	1	0	0	0	1	0	0	0	2	0	0	0	0	1	0	0	0	0	0	0	0	1	0	3	1	0	1	0	0	1	0	0	0	0	0	1	0	0	0	2	0	0	0	1	0	0	1	0	0	0	0	0	0	0	1	0	0	0	0	2	0	0	0	1	0	0	1	0	2	1	0	0	0	0	0	0	0	0	0	0	0	0	0	0	0	0	0	0	0	0	0	0	0	1	0	0	0	0	2	0	0	0	0	1	0	1	0	0	0	0	0	0	0	0	0	0	1	0	0	0	0	0	0	1	0	0	0	1	2	2	0	0	0	0	0	0	1	0	0	0	0	0	0	0	0	1	0	0	0	1	0	0	2	0	1	1	0	0	0	0	1	0	0	0	0	1	0	0	0	1	0	0	0	0	3	1	0	1	1	0	1	1	0	1	0	1	0	0	1	1	1	0	0	1	0	0	1	2	2	0	0	1	0	1	0	0	0	0	0	0	0	0	2	1	0	2	1	0	0	0	0	1	0	1	0	0	0	0	0	0	0	0	0	0	0	0	0	0	0	1	0	0	0	0	0	1	0	0	1	1	0	2	2	0	0	0	0	0	0	0	2	0	2	0	0	1	0	2	2	2	1	4	9	40	0	21	21	7	4	5	2	3	0	0	0	1	0	0	0	1	1	2	1	3	0	1	0	2	1	2	2	1	2	0	0	2	0	0	1	1	0	1	0	1	1	0	1	0	1	1	1	1	1	2	0	0	1	0	2	2	0	0	0	0	0	0	1	0	2	1	0	0	1	0	1	0	1	2	1	2	0	0	1	0	0	0	2	1	0	0	1	1	0	1	0	1	0	1	0	1	0	1	2	0	1	1	0	0	0	0	0	0	1	0	0	0	0	2	1	2	0	0	0	2	1	0	0	0	0	2	0	2	0	1	1	0	0	0	1	0	0	0	0	0	0	0	1	0	2	0	0	0	0	0	0	1	0	1	1
0	0	0	0	0	0	0	0	0	0	0	0	0	1	0	0	0	0	0	0	0	0	0	0	0	0	0	1	0	0	0	0	0	1	0	1	0	2	0	0	0	0	0	0	0	1	0	0	0	0	0	0	1	1	0	0	0	0	0	1	0	1	0	0	0	0	1	2	0	1	0	0	0	0	0	0	0	0	0	0	0	0	0	1	0	0	0	0	0	1	0	0	0	0	0	0	0	0	0	0	0	0	0	1	0	1	0	0	1	1	0	0	0	1	0	0	0	0	0	1	1	1	1	1	0	1	0	1	0	1	0	2	1	0	0	0	0	0	0	1	0	0	2	1	0	0	1	0	0	0	0	0	0	1	1	0	1	0	0	0	1	1	1	0	1	1	0	0	2	0	1	2	1	1	1	0	1	0	0	0	0	1	1	1	0	0	0	0	0	1	0	0	0	1	0	0	1	0	2	0	0	0	0	0	0	0	0	0	1	1	1	0	1	0	0	0	0	1	0	0	1	1	0	0	0	2	1	1	1	0	2	0	0	0	0	0	0	1	1	0	0	2	1	0	3	0	2	3	1	1	0	0	2	1	0	2	0	0	1	0	0	0	0	0	0	0	1	1	1	1	1	0	0	0	0	0	0	0	1	1	1	0	0	0	0	0	0	0	1	0	0	1	0	0	0	0	0	1	0	0	0	0	0	1	0	0	1	0	0	1	0	1	0	0	0	0	1	0	0	0	0	0	2	1	1	0	1	1	1	0	1	5	7	11	21	0	74	11	6	3	0	0	2	0	0	2	1	0	0	0	1	2	1	0	1	0	3	1	0	1	2	0	3	1	0	1	0	0	0	1	0	0	0	2	3	2	1	1	2	0	1	2	2	2	3	0	1	0	1	0	0	2	1	2	0	0	0	1	0	0	1	0	0	0	0	0	2	1	4	1	1	0	1	0	0	0	1	2	0	1	1	1	0	0	2	0	1	0	2	1	0	1	1	0	0	2	0	0	0	0	1	3	2	0	0	1	1	0	1	0	0	2	0	0	0	0	0	1	0	1	0	0	1	0	0	0	0	0	0	0	0	0	0	1	0	0	1	0	1	0	0	0	0	1	0	2	0	1	0
0	0	0	0	0	0	0	0	0	0	0	0	0	0	1	0	0	1	1	1	0	0	1	0	0	0	0	0	0	0	1	0	0	0	1	1	0	0	0	0	0	0	0	0	0	0	2	0	0	0	0	0	1	0	0	0	0	1	0	0	0	0	0	0	0	0	1	0	0	0	1	1	0	1	0	0	1	0	0	0	0	0	1	0	0	3	0	0	1	0	0	1	0	0	1	0	0	2	0	0	0	0	2	0	0	0	0	0	0	2	0	1	0	0	0	1	0	1	1	0	0	1	0	0	2	0	2	0	0	2	1	0	3	0	1	2	0	1	1	0	1	0	0	0	1	0	1	0	1	0	0	0	0	0	0	0	0	0	0	0	0	0	1	1	0	1	2	0	1	0	0	0	0	0	0	0	2	0	0	1	1	1	0	0	0	0	0	0	0	0	0	0	0	0	0	0	1	0	1	0	0	0	0	0	0	0	2	0	0	2	0	0	0	0	0	1	0	1	0	0	1	0	1	1	0	1	0	0	0	0	0	0	1	0	1	0	0	0	0	0	1	0	0	0	1	2	1	1	1	2	1	5	0	2	1	2	0	0	0	0	1	0	0	0	1	0	1	1	2	0	0	1	0	0	0	0	2	0	0	1	0	1	0	1	0	0	0	0	0	0	0	0	0	0	1	0	1	0	0	0	1	1	0	0	0	1	0	0	0	0	0	1	1	0	1	0	0	0	0	0	2	2	2	0	0	0	0	1	2	2	2	4	8	25	21	74	0	17	7	6	2	0	1	1	2	2	2	0	3	0	1	1	2	1	1	0	0	1	1	1	3	0	0	2	0	2	2	1	0	0	0	2	1	0	0	1	0	1	1	1	2	3	3	2	0	1	0	2	5	2	0	0	1	0	1	1	0	0	0	0	0	0	0	0	0	2	2	1	0	2	3	2	1	0	3	0	0	1	1	0	0	1	1	1	1	0	2	0	0	0	0	1	1	1	1	0	1	1	0	0	1	0	1	1	1	1	2	0	0	1	0	1	0	0	0	0	1	0	1	2	0	0	0	0	0	0	0	0	0	0	0	0	0	0	0	0	0	0	0	0	0	0	1	2	0	1	0	0	0
0	0	0	0	0	0	0	0	0	0	1	0	0	0	2	0	2	0	1	1	0	0	1	0	0	0	0	0	1	1	1	0	1	2	0	0	1	0	1	2	0	0	1	1	2	2	0	1	0	0	1	1	0	0	0	0	0	2	1	1	0	0	0	1	0	1	0	0	0	1	0	0	0	2	0	0	2	1	0	2	2	0	2	0	1	0	0	0	1	2	0	1	1	0	0	0	0	1	0	0	0	1	0	0	1	1	0	0	0	0	0	0	1	0	0	2	0	1	0	0	0	0	0	1	1	0	0	1	0	0	1	1	0	0	1	1	3	2	0	0	0	0	3	0	0	0	0	0	0	1	0	0	0	0	0	0	1	0	0	0	0	2	1	0	0	2	0	1	0	0	1	1	0	1	1	0	1	0	0	0	0	1	0	1	0	0	0	0	0	0	0	0	0	1	0	1	0	1	0	0	0	1	0	1	0	0	0	0	0	1	1	0	4	0	1	0	1	0	0	0	0	1	0	0	1	0	2	0	0	1	0	0	0	1	1	1	1	0	1	0	1	0	0	1	0	0	1	2	0	2	3	2	5	1	1	0	1	0	1	2	1	2	0	0	0	1	2	1	0	0	0	0	0	1	2	0	2	2	0	0	2	0	0	0	1	1	0	1	0	0	0	1	1	1	1	1	1	0	1	0	1	1	0	1	2	0	1	1	0	2	0	0	2	0	1	0	1	0	1	1	1	1	1	1	0	4	0	0	8	6	7	14	12	14	7	11	17	0	45	16	9	3	3	4	1	3	0	2	1	2	0	4	0	4	0	2	2	3	3	5	1	1	3	3	4	1	3	1	1	0	0	0	2	1	0	1	3	1	0	3	2	0	6	7	2	2	3	3	2	0	1	1	0	0	0	0	1	1	0	0	1	0	0	1	0	1	1	1	3	1	1	2	2	1	1	0	1	1	0	1	2	0	1	1	0	2	0	0	1	0	0	0	0	1	0	2	1	0	1	0	1	1	0	0	0	2	2	1	1	2	0	0	2	0	2	0	0	0	1	1	0	1	0	0	1	1	0	1	1	0	1	0	0	0	0	0	0	0	0	0	0	0	1	0	0	0	0	0	0
0	0	0	0	0	0	0	0	0	0	0	0	0	0	0	0	0	1	0	0	0	0	0	1	0	0	1	1	1	1	2	0	0	0	0	1	1	0	0	0	1	0	1	0	0	3	0	1	0	1	0	1	1	0	1	0	0	0	2	0	0	1	2	0	1	0	0	0	0	0	0	2	1	0	0	1	0	1	1	0	1	0	0	1	1	2	0	0	0	0	0	0	0	1	0	0	0	1	0	0	0	0	1	1	0	2	0	1	1	0	1	1	0	0	0	0	1	3	1	0	0	0	0	1	1	1	1	2	1	1	0	1	0	2	0	0	1	0	1	2	0	0	1	0	0	0	0	0	0	0	0	0	0	2	0	1	1	1	1	0	1	0	2	1	0	1	0	1	0	1	0	2	1	0	0	1	1	0	0	1	2	0	0	0	1	0	0	1	0	0	1	0	0	1	0	0	1	1	0	0	1	1	2	0	0	0	0	0	0	3	4	3	1	1	1	1	2	0	0	0	0	0	1	0	0	0	0	1	0	0	1	0	1	0	0	0	1	0	0	0	0	0	0	2	1	0	2	1	3	2	2	4	2	6	0	1	0	2	1	3	0	0	0	1	1	0	1	0	0	2	0	0	2	0	0	0	0	2	0	0	0	1	1	0	0	0	1	0	0	1	0	1	0	0	0	0	1	1	0	4	0	0	2	2	0	1	0	2	1	2	0	0	1	0	0	0	0	0	1	3	1	0	5	2	1	1	0	3	4	3	3	8	14	4	4	6	7	45	0	30	14	6	4	5	3	0	1	2	1	0	1	3	2	2	2	2	0	1	5	2	5	0	0	1	2	0	1	2	0	2	2	1	1	1	3	0	1	0	2	1	3	5	6	9	3	1	3	1	2	0	1	0	0	0	0	0	1	1	0	0	2	0	1	1	0	0	2	0	0	2	0	2	0	1	2	2	0	0	0	0	1	2	0	1	1	1	2	0	0	1	1	1	1	1	0	0	1	1	0	1	2	0	1	0	1	2	3	2	1	1	0	0	1	1	0	0	0	0	0	0	0	1	1	0	0	0	0	0	0	1	0	0	0	0	0	0	0	0	0	0	0	1	0	0	0	1	1	1	0
0	0	0	0	0	0	0	0	0	0	0	0	0	0	0	0	0	0	0	1	0	0	0	0	0	2	1	1	0	0	0	0	0	1	0	0	0	0	1	1	0	1	0	0	0	1	0	0	1	1	0	0	0	0	0	0	0	0	0	0	0	0	0	0	0	0	0	0	0	1	1	1	0	2	0	0	2	2	3	1	0	0	2	1	1	1	0	0	0	1	1	0	2	0	1	0	0	0	0	1	0	1	0	0	1	1	0	1	0	0	0	0	1	0	0	0	0	0	0	2	1	0	1	2	2	1	2	0	0	1	1	3	0	0	0	0	0	0	0	0	0	1	2	2	0	0	0	1	0	1	0	0	0	1	0	0	0	0	0	0	1	0	2	0	0	1	3	1	1	1	0	1	1	1	0	2	0	0	0	0	0	0	0	0	0	0	0	1	0	1	0	0	0	1	1	0	0	1	0	0	0	0	0	3	0	0	0	1	2	1	2	2	2	0	0	0	0	0	0	1	1	0	0	1	0	0	0	1	0	0	0	0	1	2	1	0	0	0	1	2	3	0	1	1	2	1	2	1	0	2	1	1	1	1	0	2	3	0	1	1	1	0	0	1	1	3	1	1	1	0	0	1	1	0	1	1	2	1	0	1	3	0	0	1	0	0	1	0	2	0	0	0	0	0	0	0	0	0	1	0	0	1	2	0	1	2	1	0	0	0	1	0	0	0	0	1	2	1	1	1	1	2	1	2	1	1	3	4	4	10	12	31	8	3	5	3	6	16	30	0	51	13	8	5	2	1	2	0	1	3	3	3	1	2	1	3	5	1	2	1	2	1	0	0	1	3	1	1	3	0	0	0	0	0	2	2	3	0	1	3	3	3	1	7	4	2	0	2	0	0	1	1	1	1	2	1	0	0	1	0	1	2	1	0	1	1	0	1	2	1	2	1	1	0	1	2	1	0	1	0	1	1	2	0	0	1	0	1	0	0	1	0	0	0	1	1	1	2	0	2	0	3	0	0	0	0	0	0	0	0	0	0	0	0	0	1	0	0	0	0	0	0	0	0	0	0	0	0	1	0	0	1	1	0	0	0	0	0	0	1	0	1	0	0	0	1	0	1	0
0	0	0	0	0	0	0	0	0	1	1	0	0	1	0	1	0	0	0	0	0	0	2	1	0	1	0	1	1	1	0	0	0	1	0	0	1	0	0	0	0	0	0	2	0	2	2	1	0	1	3	1	0	1	0	1	0	0	1	2	0	0	0	1	0	0	0	1	0	1	0	0	1	3	1	1	0	1	1	1	3	1	0	2	2	1	2	2	1	1	0	1	2	1	1	0	0	0	0	3	0	1	0	0	0	1	1	2	2	1	0	0	0	0	1	0	0	0	1	1	0	0	1	2	3	2	2	1	2	0	2	0	0	3	1	0	0	0	0	1	0	0	0	0	0	1	0	1	0	0	0	0	0	0	0	0	0	0	0	0	0	2	0	1	1	2	1	3	0	1	2	0	0	0	1	2	0	2	0	0	2	1	0	0	1	0	0	0	0	0	1	0	0	0	0	0	1	0	0	0	0	0	0	0	0	0	1	2	1	2	2	1	0	1	1	0	1	0	1	0	0	1	0	0	0	0	0	1	0	0	0	0	1	0	1	0	3	0	0	1	0	0	0	2	0	0	1	2	1	0	1	3	2	4	2	2	2	1	2	3	1	1	1	2	2	1	3	0	0	3	1	0	0	2	0	1	1	0	1	1	1	1	0	1	0	0	1	1	0	0	0	0	0	0	0	0	0	0	0	0	1	3	0	0	1	1	0	1	0	1	1	0	0	0	0	0	2	1	0	1	2	3	5	2	2	1	7	2	2	13	8	12	6	4	2	0	2	9	14	51	0	22	17	5	5	6	6	0	1	1	5	7	12	2	1	4	2	1	0	2	2	1	2	3	2	0	0	1	1	1	1	1	4	4	2	2	0	0	2	2	4	8	5	4	3	0	1	3	2	0	0	0	0	1	0	0	0	0	0	1	1	1	0	0	0	1	1	1	0	1	0	2	0	1	0	1	0	1	0	1	1	0	1	1	0	2	0	0	0	0	1	0	1	1	0	0	0	0	0	0	0	2	1	1	0	1	0	0	1	0	1	0	0	0	2	0	0	0	0	0	0	1	0	0	1	0	0	1	1	0	1	0	0	1	1	0	0	1	1	1	0	2	1	0	1	1	0	0	0
0	0	0	0	0	0	0	0	0	0	2	2	0	0	1	0	1	2	0	0	1	1	1	0	0	1	0	0	0	0	0	0	0	1	1	0	0	0	0	0	0	0	1	0	0	1	1	0	1	1	0	2	0	1	0	1	0	0	0	1	0	0	0	2	0	2	0	3	0	1	0	1	0	2	2	1	1	0	1	4	0	1	2	4	3	1	1	0	0	0	2	0	0	0	0	2	0	0	0	2	0	0	1	1	0	0	0	0	1	1	0	0	1	1	0	0	1	1	1	1	0	0	1	1	0	2	1	0	0	1	2	2	0	1	2	2	1	0	1	1	1	0	0	0	1	0	0	1	0	0	0	0	1	0	2	0	0	1	0	0	2	0	0	1	2	1	0	0	0	2	0	3	2	0	1	0	1	2	0	0	1	0	1	1	0	2	0	0	0	1	0	0	0	0	1	1	0	0	0	0	0	1	0	1	0	0	0	0	2	0	4	3	1	2	1	1	0	0	0	1	0	0	2	1	0	0	0	0	0	1	0	0	0	2	1	0	0	0	1	0	2	1	0	1	1	1	3	1	1	0	5	10	1	2	2	4	5	0	1	2	0	0	1	1	2	0	4	1	2	1	0	0	1	2	0	0	0	2	0	1	2	0	0	2	2	0	1	2	0	0	0	0	0	0	1	0	0	0	0	0	2	3	0	0	0	1	0	1	1	1	2	1	0	0	0	0	0	0	0	2	1	5	11	7	5	4	5	15	29	14	8	4	2	2	3	0	0	3	6	13	22	0	85	16	6	6	5	3	5	3	8	12	5	5	5	2	0	0	3	4	2	1	0	0	2	2	1	0	1	3	0	2	1	1	5	1	1	2	1	10	4	11	10	9	6	7	1	4	0	1	0	2	0	0	3	0	1	0	0	2	1	2	0	0	0	0	2	3	1	2	0	1	0	4	2	0	0	1	3	1	1	1	0	0	1	0	1	1	0	1	0	1	2	0	2	1	1	1	0	2	1	1	2	0	0	0	0	1	0	0	0	1	1	1	1	0	1	0	1	0	0	0	1	1	0	0	0	0	0	0	0	1	0	0	0	1	0	1	1	0	0	1	0	1	2	0	0	0	0
0	0	0	0	0	0	0	1	1	0	0	0	0	0	0	0	0	0	0	1	0	1	0	0	0	0	1	0	0	1	0	0	0	2	0	0	0	0	0	1	0	1	0	1	1	2	0	0	0	2	0	1	0	0	0	0	0	0	0	0	0	1	0	0	0	0	1	0	0	2	1	0	1	0	0	0	2	1	1	3	2	1	1	0	2	1	0	2	1	0	0	2	0	0	1	0	0	0	0	1	2	0	1	0	0	3	2	0	0	1	1	0	2	0	0	0	0	2	0	1	3	4	0	2	1	1	1	3	2	0	2	1	0	0	0	0	0	1	0	2	0	0	0	1	0	0	1	1	0	0	0	0	0	0	1	0	0	1	0	0	1	0	1	1	0	2	1	0	2	0	1	2	0	2	1	0	2	1	2	0	1	0	0	0	0	0	0	0	2	1	2	1	0	4	0	2	2	1	0	0	1	0	1	0	2	2	0	3	1	1	3	1	4	2	2	0	0	0	0	0	0	0	0	2	0	0	0	0	0	0	1	0	0	1	0	2	1	0	0	0	0	0	0	1	0	1	1	1	2	1	2	3	3	1	0	2	7	5	4	2	5	3	1	0	2	4	6	2	0	1	3	0	1	1	2	0	1	2	1	2	1	0	1	1	0	0	0	1	1	0	0	0	0	0	0	1	1	0	2	0	0	3	0	0	0	0	1	0	1	0	1	0	1	2	0	1	4	0	3	0	3	3	13	9	5	6	5	7	11	8	2	6	4	2	0	2	1	3	4	8	17	85	0	29	10	2	9	6	6	1	2	6	6	6	3	2	5	1	0	0	3	3	2	2	3	3	0	2	0	0	0	2	2	1	3	2	0	1	2	4	3	10	8	2	8	1	3	2	2	3	0	2	0	0	1	0	1	0	1	1	1	0	0	0	2	1	0	0	1	0	0	0	1	2	1	1	0	0	0	2	0	0	0	0	0	1	0	1	0	0	1	0	0	1	0	3	0	0	1	0	0	0	1	0	0	2	0	0	0	2	0	1	0	0	0	0	0	0	1	0	1	0	0	0	0	0	0	0	0	0	0	0	0	0	0	2	0	0	1	0	0	0	1	0	1	0	0	0	1
0	0	0	0	0	0	0	0	0	0	1	0	0	0	0	0	1	1	0	1	0	0	0	0	0	0	0	4	0	1	0	0	0	0	0	0	0	2	0	0	1	0	2	0	0	0	1	0	2	0	2	1	0	0	0	0	0	1	0	1	1	0	0	0	0	0	0	0	1	0	0	1	0	0	0	0	0	0	1	3	0	1	2	0	0	1	2	1	0	0	0	0	0	0	1	2	1	1	1	0	0	2	0	0	0	2	2	1	2	0	0	3	0	0	1	0	1	0	1	0	0	1	2	2	3	0	0	1	0	1	4	1	3	1	2	0	0	0	0	0	1	1	0	0	0	1	1	0	0	0	0	0	1	0	2	0	0	1	0	1	1	0	0	2	1	0	1	2	1	2	1	2	2	2	2	2	2	3	1	0	1	1	1	1	0	0	0	0	0	0	0	1	2	0	0	1	2	4	1	2	1	0	2	0	2	2	0	1	1	3	6	2	3	3	1	0	0	0	1	0	1	0	1	0	1	0	0	0	0	1	0	0	0	1	0	2	0	0	0	0	0	1	1	2	2	1	0	2	3	0	2	2	4	2	7	1	15	6	3	3	6	2	2	2	2	10	9	4	3	5	2	1	3	1	1	1	2	1	4	6	2	0	0	2	1	1	0	2	1	3	1	0	0	1	0	0	0	1	0	0	1	3	1	2	1	1	0	2	3	3	1	1	1	1	0	0	0	1	2	4	3	4	27	16	9	8	16	8	8	6	2	0	2	1	0	0	1	4	5	5	5	16	29	0	33	27	18	6	6	3	8	2	5	2	3	0	1	1	1	1	4	1	1	0	3	2	0	0	1	3	0	3	3	4	0	3	2	1	2	3	5	3	7	3	7	7	2	3	4	2	1	1	0	0	2	1	0	0	1	0	0	1	1	2	1	1	2	0	0	0	1	1	1	0	0	1	0	1	0	0	2	2	0	1	1	1	1	1	0	0	2	1	0	0	0	0	0	1	0	0	0	2	1	0	0	2	2	1	0	1	0	0	1	1	0	0	0	0	0	0	1	0	0	1	0	0	0	0	0	0	0	0	0	0	0	0	1	0	3	2	0	1	0	1	1	0	1	2	0
0	0	0	0	0	0	0	0	0	1	0	1	0	1	0	0	1	0	1	0	2	1	0	2	2	1	0	0	1	1	0	1	1	0	1	0	0	0	0	0	0	0	0	0	1	0	0	3	1	0	2	0	1	0	0	0	0	0	0	0	1	0	0	0	0	0	0	0	1	0	0	0	1	0	1	0	1	2	0	2	0	0	1	2	0	1	1	1	1	0	1	0	1	0	0	2	2	0	1	1	0	1	1	3	0	4	4	0	0	0	1	0	0	0	1	1	3	4	1	1	3	2	3	1	2	3	2	0	1	1	2	2	3	2	0	1	0	0	0	1	0	0	0	0	0	1	1	0	0	0	0	0	0	0	1	1	1	0	0	1	1	1	2	2	2	0	2	3	4	1	3	2	5	5	2	1	2	2	0	3	1	1	1	2	0	0	0	0	1	1	0	0	0	1	0	0	0	4	1	0	3	3	0	2	4	2	0	1	4	3	4	0	3	0	1	0	1	2	1	0	1	0	0	0	0	1	0	0	0	1	1	1	0	1	0	1	1	1	0	1	1	0	0	1	0	2	1	1	1	3	0	2	3	7	4	7	15	12	3	9	9	1	2	9	9	12	6	12	7	4	0	5	3	3	1	3	2	2	10	2	0	1	1	4	4	2	0	2	0	1	1	0	1	0	0	0	2	0	1	0	3	1	2	1	1	1	0	2	2	1	1	0	1	0	0	1	1	2	2	1	2	10	12	16	9	34	12	7	4	2	1	4	1	0	0	0	2	1	3	2	5	6	10	33	0	305	13	5	4	3	5	3	1	3	2	3	1	0	2	0	2	2	1	0	1	0	1	1	2	2	1	1	0	0	1	0	1	1	2	0	3	1	1	1	3	1	3	0	3	1	1	0	2	0	0	0	0	0	1	0	2	0	1	2	0	0	1	1	0	1	0	0	0	1	0	1	0	0	1	0	0	2	1	1	0	0	1	0	0	0	0	0	0	2	1	1	0	0	0	0	0	0	0	0	1	0	0	0	0	1	0	0	1	1	0	1	0	1	0	0	2	1	0	0	1	1	2	0	0	0	0	0	0	1	1	0	1	0	3	1	0	0	0	0	1	2	0	0	0
0	0	0	0	0	0	0	0	0	0	1	0	0	0	1	0	0	1	0	0	0	0	0	0	0	0	0	0	2	2	0	1	0	0	0	0	0	0	0	1	0	0	0	0	0	0	1	2	0	1	1	4	1	1	0	2	1	0	0	1	2	0	0	1	3	0	1	0	1	0	0	2	0	0	0	0	0	2	1	0	1	4	1	1	3	1	0	1	0	0	0	1	0	1	0	0	0	0	2	0	0	0	1	1	1	1	1	1	1	0	0	0	2	1	1	2	1	5	3	0	2	4	1	2	1	1	1	0	2	4	3	3	2	2	1	2	1	0	0	0	0	0	1	0	1	1	0	0	0	1	1	0	1	0	0	1	2	0	0	1	2	2	2	3	2	3	1	3	11	0	3	7	0	5	0	1	3	1	1	2	1	0	1	1	1	0	0	2	0	0	0	0	0	1	0	1	0	0	1	1	2	1	3	0	3	2	0	2	1	3	6	2	5	4	2	1	0	0	0	0	0	0	0	0	1	0	0	0	0	0	0	1	0	1	0	1	0	0	0	0	1	2	1	4	1	0	1	2	0	0	0	1	2	2	6	3	10	6	1	10	11	13	5	7	10	16	3	10	7	8	3	1	1	5	1	2	3	4	3	1	4	1	1	1	2	2	0	2	0	1	0	1	0	1	0	1	0	0	1	0	3	2	1	1	0	2	0	3	0	0	2	1	0	0	1	2	1	2	4	4	4	5	7	12	7	20	7	5	5	5	3	2	0	2	1	2	2	3	0	1	6	6	2	27	305	0	11	5	3	4	2	1	3	1	3	0	1	1	1	0	0	0	2	1	1	0	0	0	1	2	1	1	0	1	2	1	1	1	1	3	2	0	3	0	3	1	0	0	0	0	2	1	1	1	0	0	0	0	0	0	1	1	0	0	0	1	2	1	1	1	0	0	0	0	0	0	0	0	0	3	1	0	1	1	0	1	0	1	0	0	1	0	1	1	0	0	0	0	0	1	2	0	0	0	0	1	1	1	0	0	0	0	0	0	0	1	0	0	0	1	0	0	0	0	0	0	0	0	0	0	1	1	2	0	0	0	0	0	0	0	2	2	0	0	1	1	0	1	0
0	0	0	0	0	0	0	2	0	2	1	0	0	0	0	0	0	0	0	0	1	0	1	0	1	1	1	2	0	0	1	0	1	0	0	0	1	0	0	0	1	1	0	2	1	0	0	0	1	1	1	2	0	1	1	1	1	0	0	0	0	0	0	0	0	1	0	0	1	0	0	0	0	2	0	0	0	1	0	0	2	0	2	0	0	1	0	0	1	0	1	0	0	0	0	0	5	1	2	0	1	0	1	1	0	0	1	2	1	0	0	0	0	0	1	0	0	0	1	2	1	1	0	3	2	0	0	0	1	3	2	2	1	1	0	2	0	1	1	0	0	0	0	0	0	0	1	1	0	0	1	0	0	0	1	0	0	0	1	0	5	1	5	5	4	0	3	1	8	2	0	5	6	1	1	2	5	2	2	3	5	0	2	1	0	1	2	0	1	1	1	1	1	0	0	1	2	1	1	0	1	0	1	3	1	2	0	2	1	1	0	1	2	2	3	0	1	1	1	1	0	0	0	0	0	0	0	0	0	0	0	0	0	0	0	2	0	3	1	1	0	1	0	5	1	2	2	8	3	2	5	5	4	6	5	6	9	5	2	2	5	2	0	5	2	14	12	11	12	6	2	2	5	11	5	0	2	16	32	19	5	6	1	0	5	2	3	1	0	2	0	2	0	0	1	0	3	0	1	3	1	1	3	2	2	2	2	1	2	3	2	3	0	4	2	1	3	4	3	3	20	362	22	22	8	12	9	2	7	1	1	3	0	1	0	1	2	0	1	2	6	5	9	18	13	11	0	17	31	10	11	2	3	3	1	2	0	0	2	2	2	4	0	2	2	2	1	1	0	2	0	2	2	2	4	1	4	3	1	6	8	5	2	2	3	3	2	4	5	2	2	0	0	1	0	0	1	1	1	0	0	2	0	0	1	0	1	2	1	1	0	0	0	1	2	3	0	0	1	0	1	2	2	0	4	1	0	1	1	0	0	0	1	0	0	1	2	0	0	1	0	0	2	0	1	1	0	0	2	0	0	0	0	0	0	0	0	0	0	1	0	1	0	1	0	0	0	0	1	0	1	2	2	0	0	1	0	1	1	0	0	1	0	0	0	1	0	3	0
0	0	0	0	0	0	0	0	0	1	2	0	0	1	1	0	0	2	0	0	0	0	0	1	0	0	0	0	0	0	1	1	0	0	0	1	1	1	0	1	0	2	0	1	1	2	1	2	1	1	2	0	0	0	0	0	0	0	1	2	0	0	0	0	0	0	0	1	0	1	0	0	0	1	0	0	0	1	0	1	0	0	0	0	0	1	0	0	1	1	0	0	0	0	0	0	2	0	0	1	0	0	0	0	0	0	0	0	1	0	0	1	0	1	0	3	0	2	1	2	0	1	2	0	1	1	0	1	1	0	2	0	0	0	2	1	1	0	0	0	0	0	2	0	0	0	0	1	0	0	2	0	0	0	1	0	0	3	0	0	0	1	0	2	3	3	0	2	3	0	0	1	2	1	3	1	1	0	1	1	1	2	1	1	1	0	0	0	0	2	1	0	0	1	1	2	0	0	0	1	1	1	2	0	1	0	2	1	1	0	1	2	2	1	1	0	0	1	0	0	1	0	0	0	1	0	0	0	0	1	0	0	0	0	0	0	0	2	3	1	1	2	2	3	3	3	1	3	2	2	2	5	0	6	4	1	5	2	1	2	5	3	3	3	3	4	4	5	7	1	3	2	3	5	4	7	12	17	7	11	8	8	2	3	1	1	1	1	3	1	0	2	0	0	0	1	0	2	1	0	2	4	2	5	3	1	2	5	1	3	0	0	0	0	2	0	1	2	0	6	5	25	11	24	25	19	9	12	4	2	6	0	0	0	0	0	0	2	2	0	0	3	6	6	5	5	17	0	38	30	20	5	0	5	5	10	7	2	1	2	3	2	4	1	0	4	1	1	3	2	3	5	3	6	7	3	7	7	8	5	8	6	3	2	4	10	0	5	1	2	2	0	0	1	0	0	0	0	1	1	0	1	0	0	0	1	0	2	0	0	0	0	2	2	2	0	1	0	0	2	1	0	1	0	0	2	1	0	1	2	2	0	0	0	0	2	1	1	0	0	0	0	1	1	1	0	1	0	1	0	1	0	0	1	0	0	0	1	0	1	0	0	1	1	0	0	1	0	0	1	1	1	1	1	2	0	0	0	0	2	2	2	1	1	0	0	0	1	0
0	0	0	0	0	0	0	0	0	0	0	1	0	0	0	0	0	0	1	1	0	0	1	1	0	0	1	0	1	0	0	0	0	0	1	0	1	0	0	0	0	0	0	0	0	0	0	0	1	2	0	1	0	0	0	0	0	0	0	0	0	0	1	1	0	0	0	0	0	0	0	0	1	0	0	0	2	0	0	4	1	0	2	1	0	0	0	0	0	0	0	0	1	1	0	0	0	1	0	0	0	0	1	0	1	1	3	1	1	0	1	1	1	0	1	1	1	1	0	1	0	2	1	3	1	2	2	2	1	1	2	2	1	1	1	2	1	1	1	0	0	0	0	0	1	0	0	0	1	1	0	0	0	0	2	0	0	0	1	2	2	1	1	3	3	3	0	2	4	1	2	2	4	2	2	1	2	5	1	0	0	0	0	0	0	0	1	0	0	0	0	2	1	0	0	1	0	1	3	0	0	0	2	1	0	2	0	1	2	2	3	3	1	2	4	0	1	1	0	0	2	0	1	0	1	1	0	0	2	0	1	2	0	0	2	1	1	3	3	2	1	0	3	0	3	3	3	7	3	1	5	6	6	5	9	4	6	2	0	1	1	3	4	1	3	4	1	6	4	2	7	2	1	10	7	3	14	9	17	13	5	3	5	1	1	0	2	4	0	0	0	1	0	0	0	1	1	0	1	1	1	2	2	1	3	1	2	2	5	0	0	0	0	1	1	0	2	5	7	11	21	27	17	8	3	9	3	6	3	2	5	1	1	0	0	0	3	1	1	1	1	5	6	6	4	3	31	38	0	82	29	7	5	4	4	6	5	3	3	0	5	3	3	3	2	1	1	2	2	1	7	3	3	3	3	10	11	15	13	11	16	15	8	4	6	13	6	3	2	4	1	1	0	0	1	1	3	0	1	0	2	1	3	4	1	0	3	0	0	3	2	0	1	1	0	1	0	1	1	5	2	1	3	2	0	1	0	1	0	1	1	1	0	0	1	1	0	1	1	0	1	1	0	0	0	1	1	0	0	0	1	0	0	2	0	1	0	0	1	0	0	0	0	0	0	0	1	1	2	1	0	0	1	0	0	0	0	1	0	0	0	0	1	1	0	1	1	3	0
0	0	0	0	0	0	0	0	1	1	0	0	0	0	0	0	0	0	0	2	0	0	0	0	1	0	1	1	0	0	0	0	0	0	0	0	0	1	0	0	0	0	0	0	0	0	1	1	1	1	0	0	0	0	0	1	0	0	0	0	1	0	0	1	1	0	0	0	0	0	0	3	0	1	1	0	0	0	0	1	0	1	0	0	1	0	0	0	0	2	0	0	0	1	0	0	1	0	0	1	0	0	0	1	1	1	1	2	0	0	1	0	2	1	0	0	1	1	1	1	0	4	1	0	3	1	0	2	1	0	0	3	1	3	0	0	0	1	0	0	1	0	1	0	0	0	0	0	0	0	0	0	0	0	3	1	1	0	1	0	0	1	1	1	4	2	0	2	3	2	3	1	1	0	0	0	2	0	0	1	2	0	1	0	0	0	0	1	1	1	0	1	1	0	1	1	0	0	1	0	0	1	0	0	0	1	4	4	1	2	1	1	0	2	3	1	2	0	0	2	0	1	0	1	0	1	0	0	0	1	0	0	0	0	1	3	4	3	3	0	1	3	1	0	2	6	7	1	5	4	3	3	2	6	8	3	2	1	0	0	1	0	3	1	2	4	4	3	2	2	4	0	4	4	4	2	6	10	10	9	13	6	3	2	3	4	0	0	0	1	0	0	1	1	0	1	0	0	0	2	3	7	3	2	1	1	3	1	0	4	2	1	2	1	1	2	6	2	9	5	13	16	10	11	6	5	4	7	4	2	0	1	0	1	1	0	0	2	0	3	1	3	1	3	3	4	10	30	82	0	39	9	8	4	2	6	9	1	3	3	8	2	0	2	1	4	1	1	1	7	7	6	7	6	6	9	17	33	18	29	18	11	7	4	6	7	6	0	7	6	3	1	0	1	2	0	2	1	1	2	0	0	1	1	0	0	0	1	1	2	0	2	0	1	1	1	1	0	4	0	0	0	2	0	0	2	0	1	0	0	1	0	0	0	0	1	0	0	2	0	4	1	0	1	2	0	1	0	0	0	0	1	0	0	2	1	1	1	2	1	0	0	0	1	1	0	1	2	2	1	1	0	0	0	1	1	0	0	1	2	1	0	1	2	0	1	0	0	1
0	0	0	0	0	0	0	1	0	0	0	0	0	0	0	0	0	0	0	2	0	1	0	0	0	0	0	0	0	0	1	0	0	2	0	0	0	1	0	0	1	0	0	0	0	0	1	0	1	1	0	0	0	0	0	0	1	0	0	0	0	0	0	0	0	0	0	1	1	1	0	0	0	0	0	2	0	1	1	1	1	0	1	2	1	1	1	0	0	0	0	1	0	0	0	0	1	1	0	0	0	0	1	0	0	0	1	0	0	1	0	0	1	1	0	1	0	3	3	0	1	0	0	0	0	0	2	0	2	1	0	1	1	1	0	3	1	1	0	0	0	0	0	0	0	0	1	1	0	0	0	1	1	1	0	0	0	1	0	0	0	1	5	2	1	0	2	3	0	1	0	0	0	2	1	2	1	1	1	1	1	0	1	0	0	0	0	1	0	1	1	0	1	0	1	0	0	0	2	0	1	0	0	0	0	0	3	2	2	2	3	1	3	1	1	1	1	0	0	0	0	0	0	0	0	2	1	1	0	0	1	0	0	0	0	1	2	3	0	1	2	0	4	1	0	1	2	4	0	2	6	3	2	1	1	2	1	1	1	0	1	4	2	1	1	4	3	2	2	3	0	4	2	1	1	3	7	12	5	2	4	3	1	2	1	2	2	1	1	0	0	0	1	1	0	0	1	2	0	0	2	4	1	0	0	1	1	1	0	1	0	2	1	1	1	1	0	3	7	3	9	9	12	13	12	3	7	16	5	7	5	4	0	0	1	1	1	0	1	3	5	8	2	8	5	2	11	20	29	39	0	41	12	14	16	17	5	8	2	3	10	2	3	1	1	2	4	4	0	5	3	3	4	3	8	5	6	9	9	26	28	15	11	5	6	4	3	2	7	2	3	1	2	1	0	3	1	0	1	1	1	0	1	0	0	0	0	0	1	0	2	0	0	1	0	0	1	1	2	1	0	1	0	1	3	2	1	0	1	1	1	1	0	0	1	2	0	1	0	1	1	2	2	3	1	0	0	0	0	0	0	1	0	1	1	0	0	1	2	1	0	0	0	0	0	0	0	1	2	0	1	0	0	1	0	0	0	0	1	0	0	1	0	0	0	2	1	2	0
0	0	0	0	0	0	0	0	0	0	0	0	0	0	1	1	0	0	0	0	0	1	1	1	0	1	0	1	0	1	1	1	0	0	0	0	1	0	0	1	0	1	2	1	0	0	0	1	1	0	0	0	1	1	0	0	0	2	0	0	0	1	1	0	1	0	1	0	0	0	0	3	2	2	0	0	1	1	0	0	0	0	1	1	1	0	0	1	0	1	0	1	0	0	0	0	0	0	1	1	0	0	0	0	1	0	0	1	0	0	1	0	0	0	0	0	0	1	0	0	0	2	0	3	1	0	0	2	2	0	0	0	2	0	1	1	0	2	0	0	0	1	1	0	0	0	0	0	0	0	0	0	0	1	1	1	1	1	1	0	0	1	2	2	0	0	2	0	1	0	0	0	1	0	0	3	2	1	1	2	0	0	0	0	0	0	2	0	0	0	0	0	1	1	0	1	0	0	1	1	1	1	0	0	0	1	1	0	1	0	5	3	3	2	2	0	0	0	1	1	0	0	0	0	0	1	0	0	0	0	0	2	0	0	1	2	0	1	0	0	0	2	0	3	2	2	2	2	0	1	1	4	4	3	0	2	2	0	0	2	3	1	0	0	3	5	2	0	1	0	2	1	2	2	1	1	3	2	4	5	2	0	1	2	0	0	1	1	1	0	0	0	0	0	0	2	1	0	0	0	2	3	0	0	1	2	2	1	2	1	1	0	1	3	0	0	2	3	0	1	5	3	8	8	13	3	4	26	19	13	10	6	2	1	2	2	1	4	3	3	7	12	6	2	3	1	2	5	7	9	41	0	42	32	10	13	9	4	9	11	7	5	2	4	7	4	1	1	5	4	1	3	2	3	7	0	3	5	7	11	22	30	20	10	5	1	3	1	5	2	2	0	2	1	2	0	0	1	0	1	0	2	0	0	1	0	2	1	1	0	1	1	0	1	2	0	0	1	1	2	2	1	1	2	1	2	0	1	1	1	0	1	0	0	0	1	2	1	2	1	1	1	3	0	1	0	0	1	0	1	1	0	0	1	0	0	0	1	0	1	0	1	1	3	1	1	2	2	0	0	0	0	0	0	1	0	0	0	0	2	1	1	0	1	0	1	2	0	2
0	0	0	0	0	0	0	0	0	0	0	0	0	1	0	1	0	1	0	0	0	0	0	0	0	1	0	1	1	0	1	0	0	0	1	0	0	0	0	0	1	0	1	0	1	0	0	0	1	0	1	1	0	0	0	0	0	0	0	0	0	0	0	1	0	0	1	0	1	0	1	0	0	0	0	0	0	0	1	1	0	1	2	1	1	1	1	0	0	0	0	0	0	2	0	0	1	1	0	0	0	0	0	0	0	0	1	0	0	1	0	1	1	0	0	2	1	0	1	0	0	0	0	3	1	0	0	0	0	0	1	1	0	1	0	0	0	2	0	0	1	0	0	0	0	0	1	0	0	0	0	0	0	0	1	1	1	0	0	0	2	1	1	0	0	2	1	2	0	1	0	1	3	1	1	0	1	0	0	0	0	0	0	0	0	0	0	0	1	1	0	1	2	1	2	0	0	0	0	1	1	1	0	0	0	1	0	0	1	1	0	2	1	3	1	0	0	2	0	0	1	1	0	0	0	0	0	0	0	0	0	1	0	0	1	1	2	1	0	1	1	1	0	1	1	1	3	3	4	0	1	0	0	2	0	0	2	1	1	0	2	0	1	0	1	0	1	0	1	3	2	3	0	0	0	3	2	1	3	2	1	0	0	1	1	2	0	0	0	0	0	0	0	1	0	0	0	2	2	1	1	1	0	0	1	0	1	0	2	2	2	1	1	1	1	0	3	0	0	1	7	3	7	2	4	3	3	3	19	7	13	5	3	1	1	1	2	0	2	1	12	5	6	5	1	3	3	0	5	8	12	42	0	172	8	11	10	3	24	5	9	5	2	4	3	4	2	3	0	5	3	2	4	3	2	4	4	4	3	7	5	11	14	13	5	5	1	3	3	2	0	1	1	0	0	0	1	0	0	1	0	1	4	0	1	1	1	0	1	1	1	1	0	3	1	0	0	1	2	0	2	1	0	0	1	0	0	0	0	0	1	2	0	0	1	0	0	0	1	3	1	0	2	0	0	0	1	1	2	0	0	0	0	0	0	0	0	0	0	1	1	0	0	0	0	1	0	1	0	0	0	0	1	1	0	1	0	1	3	0	0	0	1	0	1	1	3	0	0
0	0	0	0	0	0	0	0	0	0	0	0	0	0	2	0	0	1	0	0	1	0	0	0	1	1	0	1	0	1	0	1	0	0	0	0	0	0	0	0	0	1	0	1	0	0	0	0	0	0	0	0	0	0	0	0	0	0	0	0	0	0	0	1	0	0	1	0	0	1	0	0	0	0	0	2	0	0	0	3	0	0	1	0	0	0	1	0	1	0	0	0	0	0	0	0	0	1	0	0	0	0	0	2	0	0	0	0	1	0	2	0	0	0	0	0	1	0	1	0	1	0	0	0	0	1	1	0	0	0	1	0	0	1	0	2	0	0	0	0	0	0	0	0	0	1	0	1	1	0	0	0	1	0	0	1	0	0	0	0	2	1	2	1	0	1	1	0	1	1	3	0	0	2	0	0	0	2	0	0	0	0	0	0	0	2	0	0	0	1	0	0	0	0	1	1	0	1	0	3	0	1	1	0	0	0	0	0	0	0	2	1	1	0	0	1	1	0	0	0	1	1	0	0	1	2	0	0	0	0	0	0	1	0	0	0	0	0	2	2	1	2	4	2	1	4	2	1	1	3	2	0	3	2	1	0	0	1	1	1	0	0	1	0	1	1	2	0	0	2	1	1	0	0	1	2	1	4	2	1	3	1	2	0	0	1	0	0	0	1	0	0	0	0	0	0	2	0	0	1	4	2	1	1	0	1	2	1	2	1	1	2	0	1	0	0	1	0	0	3	1	0	3	3	2	1	2	16	6	9	10	4	0	0	3	0	1	4	2	2	2	5	6	2	3	1	3	5	4	4	14	32	172	0	30	25	15	6	17	9	17	3	2	0	2	6	3	4	2	2	6	4	0	3	5	4	2	2	9	6	15	10	16	9	2	2	4	3	8	3	0	1	1	0	2	0	0	1	0	1	1	0	1	0	1	0	3	1	2	1	0	1	0	3	1	2	0	2	1	1	0	1	0	3	1	2	0	1	0	0	1	0	0	0	4	0	0	1	0	1	3	1	3	1	1	1	2	0	1	2	0	1	0	1	0	0	0	1	0	0	0	0	2	1	0	0	0	1	0	0	0	0	0	0	0	0	0	0	0	0	2	1	1	0	1	2	0	0	1
0	0	0	0	0	0	0	0	0	0	1	0	0	0	0	0	0	0	0	0	0	0	0	0	0	0	0	2	0	0	2	0	2	1	0	0	0	0	0	0	0	0	0	1	0	0	0	0	0	1	0	0	1	0	0	0	1	0	0	0	0	0	0	0	1	0	0	0	0	1	0	0	0	0	1	1	0	2	1	1	0	0	0	1	0	0	1	1	0	0	0	0	0	0	0	0	0	1	0	0	0	1	0	0	2	1	0	0	0	1	0	0	0	1	0	1	0	1	1	0	0	0	0	0	0	1	1	2	0	0	0	1	0	0	1	2	1	0	0	0	0	0	0	2	0	0	2	0	0	0	0	0	0	0	0	1	0	1	1	1	3	0	0	1	3	1	2	2	0	0	0	0	2	0	0	1	2	1	0	1	0	0	2	0	0	0	0	2	0	0	1	0	0	0	0	0	0	2	1	0	0	0	0	1	0	0	0	0	1	0	0	1	1	1	0	1	0	1	0	0	0	0	0	0	0	0	0	0	0	0	0	1	1	0	2	2	2	3	1	2	2	2	0	1	3	2	0	1	1	2	3	1	0	3	1	1	1	1	0	1	0	0	0	0	3	1	1	0	2	2	2	1	2	0	1	2	0	4	1	3	2	0	0	0	3	0	0	1	1	0	0	0	0	1	0	0	0	2	0	0	1	2	2	1	0	0	0	2	1	2	3	0	0	2	1	1	0	1	0	4	2	0	3	4	4	1	1	3	5	2	4	1	1	2	0	1	1	0	2	1	1	5	3	3	2	3	1	5	4	2	16	10	8	30	0	38	27	10	17	11	11	7	3	5	5	6	4	1	3	6	4	4	1	0	3	5	1	9	6	7	13	6	7	5	3	2	3	4	4	2	1	3	0	0	4	1	2	0	2	2	2	3	1	1	1	1	0	1	2	1	1	0	0	2	0	0	0	1	0	1	1	0	0	0	1	2	1	0	1	0	0	2	1	1	0	2	0	1	1	0	3	1	1	2	0	0	0	0	0	0	0	1	0	2	0	0	0	0	0	1	1	0	1	0	0	1	2	2	1	0	1	2	0	0	0	0	2	2	1	0	0	0	0	0	0	0	0	0	1
0	0	0	0	0	0	0	0	0	0	0	0	0	0	0	0	1	0	0	0	1	0	0	1	0	0	1	1	0	0	1	0	0	0	0	0	0	0	1	0	1	0	0	0	0	1	0	1	0	1	0	0	0	0	0	0	1	0	0	0	0	0	0	1	0	1	0	1	1	0	0	0	0	0	0	0	0	0	0	0	2	0	0	1	0	0	0	1	0	0	0	1	0	0	0	1	0	0	0	1	0	0	0	1	1	1	3	0	0	1	1	0	0	1	0	0	1	2	2	1	0	1	0	1	1	1	0	0	0	0	2	2	1	0	0	0	1	0	0	1	1	0	0	0	0	0	0	0	0	0	1	0	0	0	0	1	0	0	2	1	0	2	0	1	0	0	3	1	2	0	0	1	2	0	1	0	1	0	0	3	0	1	0	2	0	2	1	1	0	0	0	0	1	0	0	0	0	0	1	1	0	1	1	0	2	0	2	2	0	0	0	1	1	0	0	0	1	0	0	0	0	0	0	0	0	0	0	0	0	0	0	0	0	1	0	1	4	2	0	1	3	1	0	0	1	1	2	3	2	1	3	2	4	6	3	2	1	3	0	1	4	0	0	0	1	1	1	1	2	1	1	1	1	1	1	1	5	4	1	3	3	4	0	2	0	0	1	2	0	0	0	1	1	0	1	1	0	1	1	2	1	4	1	3	2	0	2	2	1	1	1	1	1	1	3	2	0	1	0	3	1	6	4	3	1	5	2	4	9	4	2	2	1	0	1	0	0	2	2	3	4	2	2	0	3	0	2	10	6	6	17	13	11	25	38	0	166	21	10	12	15	14	4	9	12	2	5	3	4	7	3	6	3	9	24	4	4	9	12	21	15	7	7	3	4	3	6	6	11	4	2	2	1	0	1	0	2	1	1	2	3	3	4	2	1	0	3	1	4	3	2	1	1	2	0	0	1	1	1	2	2	0	0	2	1	1	1	0	0	0	0	0	0	0	0	0	0	0	2	1	2	0	0	0	1	0	1	1	0	0	0	0	0	0	0	0	1	0	2	1	1	0	0	0	0	0	1	1	0	0	0	0	0	0	1	1	0	0	0	0	1	1	0	0	0	1	1	0	2
0	0	0	0	0	0	0	0	0	0	0	0	0	0	0	0	0	1	0	0	0	0	2	0	0	0	0	0	0	0	0	0	0	0	1	0	1	0	0	0	0	1	0	0	0	1	1	0	0	0	1	0	3	2	1	0	0	1	0	0	0	0	0	1	0	0	0	0	0	0	1	0	2	0	0	1	0	0	0	0	0	1	1	0	0	0	0	0	0	0	1	0	0	1	1	0	1	0	1	0	0	1	1	1	1	0	0	0	0	0	0	0	1	0	2	1	1	2	0	1	1	1	0	0	0	1	0	0	1	0	1	0	0	1	3	3	0	2	2	2	0	1	0	0	1	0	0	1	0	1	1	0	1	1	0	0	1	0	1	0	0	0	1	0	2	4	0	2	0	0	0	1	2	3	0	2	0	0	1	1	0	1	1	0	0	0	2	1	1	0	0	0	0	1	0	0	0	0	0	0	0	1	1	1	0	0	0	1	1	3	2	0	1	2	0	1	0	0	2	1	1	0	0	0	1	0	0	0	1	0	2	1	0	1	0	3	3	3	3	5	2	1	1	1	1	1	6	1	0	2	2	4	1	1	1	1	2	0	1	0	0	0	0	0	0	1	3	2	0	1	0	1	0	0	0	1	3	1	2	3	3	3	2	1	1	2	2	0	1	0	0	0	1	1	1	5	1	0	0	0	0	4	4	9	3	1	1	1	2	2	0	0	2	0	0	0	1	1	6	2	2	2	1	0	2	4	2	1	3	1	2	1	0	1	0	3	0	2	0	5	2	0	5	1	1	1	0	7	5	9	5	9	10	15	27	166	0	38	9	15	13	11	2	5	12	5	8	11	3	9	11	13	4	17	45	13	7	11	19	25	16	3	10	1	2	12	4	11	10	7	6	2	3	0	2	1	1	1	0	3	2	2	1	0	2	1	2	2	0	2	1	1	1	1	0	1	0	0	0	2	0	1	2	3	0	0	2	2	1	1	1	0	1	0	0	0	3	1	2	3	4	2	2	3	0	0	1	1	0	1	0	1	0	0	2	0	0	0	3	0	0	2	0	0	0	0	0	2	1	0	0	0	0	1	0	0	1	1	0	1	1	4	2	1	2	2	0	1	0
0	0	0	0	0	0	0	0	0	0	0	0	0	0	0	0	1	0	0	0	1	0	0	0	0	0	0	0	0	0	1	0	0	0	0	0	1	0	1	1	1	0	0	0	0	0	0	0	0	2	1	0	1	0	0	0	0	0	0	0	0	0	0	0	0	0	0	0	0	1	0	0	0	1	0	0	1	1	0	1	0	0	0	0	0	1	1	0	0	0	0	0	1	0	0	1	0	1	0	0	0	0	1	0	0	1	1	0	0	0	0	0	1	0	0	0	0	1	1	0	0	0	2	0	1	0	0	0	1	0	2	2	0	0	1	0	0	0	0	0	0	0	0	0	0	0	0	1	0	1	1	0	0	0	0	1	1	0	1	0	0	0	2	1	0	1	1	1	1	3	0	0	2	1	0	1	1	0	0	2	0	0	0	0	1	1	1	0	1	0	0	0	0	0	1	0	0	1	0	0	0	1	0	0	0	0	1	0	0	1	0	1	0	2	0	0	0	0	0	0	0	0	0	2	0	0	0	1	0	0	1	1	0	1	2	3	0	0	5	4	5	0	1	2	0	3	1	1	1	1	0	3	0	2	2	0	0	2	0	1	0	0	0	1	1	0	0	0	0	1	1	0	2	0	0	1	0	2	0	1	2	2	2	0	0	1	2	0	0	0	1	1	0	0	0	0	2	1	1	2	1	3	3	3	2	4	2	1	2	1	1	0	1	0	0	3	1	0	0	3	4	1	2	0	1	4	0	1	0	2	1	1	0	3	2	1	1	3	1	1	1	0	1	1	0	1	0	2	3	1	8	4	3	6	10	21	38	0	11	9	7	15	5	5	21	10	14	16	18	15	4	11	3	18	23	12	5	5	9	10	1	2	3	0	2	2	2	4	12	8	5	3	2	1	2	3	4	4	1	4	6	2	4	1	0	2	3	0	0	0	3	1	0	2	1	1	2	1	0	2	3	1	1	3	3	1	2	0	2	0	2	1	0	0	2	0	0	1	1	4	3	3	0	1	1	0	3	1	0	1	0	2	1	2	2	0	0	1	0	1	1	2	1	1	0	0	0	0	3	0	0	0	0	0	0	3	0	0	0	2	1	0	0	2	0	0	1	3	1
0	0	0	0	0	0	0	1	0	0	0	0	0	0	0	0	1	0	0	0	0	0	1	1	0	0	0	0	1	0	0	1	0	0	0	0	1	0	0	0	0	1	0	0	0	0	0	0	0	0	1	0	0	0	0	1	0	0	0	0	0	0	0	0	0	0	2	0	0	0	0	0	0	0	0	0	0	0	1	0	0	0	0	0	0	2	0	1	1	0	0	0	0	0	0	0	0	1	0	1	0	1	0	0	0	0	2	1	0	0	0	1	0	0	0	0	0	0	0	0	2	0	0	1	0	0	0	0	1	1	2	2	1	0	0	0	0	0	0	1	1	1	0	0	0	0	0	0	0	0	1	0	0	0	0	0	1	0	0	0	0	3	1	0	1	1	0	0	0	0	2	0	0	1	0	1	0	0	0	0	0	0	1	0	0	1	0	0	0	0	0	0	0	1	0	0	0	0	0	0	0	0	0	0	0	0	2	0	0	1	0	2	0	1	0	0	1	0	0	0	0	0	0	0	0	0	0	0	0	2	0	0	0	1	0	0	1	0	2	2	0	0	2	0	1	1	2	1	3	2	1	1	2	4	1	2	3	1	0	0	1	1	0	1	1	1	1	1	2	0	0	1	1	4	1	1	1	2	1	2	2	2	1	0	0	0	0	0	1	0	1	0	0	0	1	0	1	1	1	1	0	1	0	1	0	1	1	1	1	0	1	1	0	0	1	0	1	0	2	0	1	1	3	1	0	0	3	4	4	3	5	2	3	0	1	0	1	3	5	2	0	3	0	1	2	1	2	1	3	3	2	9	24	17	17	10	9	11	0	47	31	12	4	3	11	5	6	2	2	4	2	6	3	4	5	4	1	4	3	6	3	4	4	6	0	2	3	2	5	0	2	1	1	0	1	3	0	0	0	0	3	3	1	4	1	0	1	1	4	1	1	2	1	1	2	0	1	0	2	0	0	1	1	0	3	3	2	2	1	1	0	1	0	1	1	1	0	1	3	1	0	2	3	1	1	0	3	0	1	1	3	0	0	0	1	0	0	1	0	0	1	0	1	0	1	1	0	0	0	1	0	0	0	0	0	0	1	3	0	1	1	0	2	0	0	2	1	0	0
0	0	0	0	0	0	0	1	0	0	1	1	0	0	1	1	0	0	0	0	0	0	0	0	0	0	0	0	1	0	0	0	0	0	0	0	0	0	0	0	0	0	0	0	0	1	0	0	0	0	0	0	0	0	0	0	0	0	0	0	0	0	1	0	1	0	0	0	0	1	0	0	1	0	0	0	0	0	0	2	0	0	0	0	0	0	0	1	0	2	0	1	0	0	0	0	0	0	1	0	0	0	0	0	0	0	0	0	0	1	0	0	1	0	0	0	0	0	1	0	1	0	1	0	0	3	0	0	1	0	1	0	1	2	0	1	0	1	0	0	0	0	2	0	0	0	0	0	0	0	2	0	0	0	0	1	0	0	0	0	0	2	0	0	1	1	1	0	0	0	0	2	2	0	0	0	0	0	0	1	1	1	0	0	1	1	0	0	1	0	0	0	0	0	1	1	0	0	0	0	0	1	0	0	0	0	1	1	1	1	1	0	0	0	0	0	1	0	1	0	1	0	0	1	0	0	0	1	0	0	1	0	1	1	1	0	3	1	3	0	0	0	0	0	2	3	0	2	3	2	2	0	2	1	0	0	0	0	1	2	0	3	0	0	0	0	1	2	0	1	1	0	0	0	0	1	1	0	2	1	0	0	0	0	1	0	1	0	0	0	0	0	1	0	0	1	0	0	1	2	0	3	0	3	0	0	0	1	1	2	1	1	0	0	0	0	1	2	1	0	0	1	0	1	3	1	1	3	2	5	0	3	2	2	2	1	1	5	2	1	2	4	0	1	0	0	2	2	0	3	3	11	5	9	11	12	15	9	47	0	84	45	8	8	8	7	4	3	2	3	3	2	4	3	2	2	2	1	2	6	4	6	10	4	5	3	1	2	3	2	8	3	1	2	2	2	3	1	1	4	0	1	2	2	0	0	1	1	0	1	2	2	3	3	1	0	2	0	1	1	0	1	0	2	0	3	1	0	1	0	1	1	0	3	0	2	1	0	1	3	5	3	1	1	0	1	1	4	0	0	2	0	1	2	0	1	0	0	1	0	0	0	0	0	0	0	0	2	0	0	0	2	0	0	1	2	0	0	0	0	0	1	0	3	1	1	1	1	1
0	0	0	0	0	0	0	0	0	0	0	0	0	0	1	0	0	0	0	1	0	1	0	1	0	0	0	0	0	0	0	0	0	0	0	0	0	0	0	0	0	0	1	0	0	1	0	0	0	1	0	1	1	0	0	0	0	0	0	0	0	1	0	0	0	0	0	1	0	1	0	1	0	0	0	0	0	1	1	1	0	1	0	0	0	0	0	0	1	1	1	0	0	2	1	1	1	1	0	0	0	1	0	0	0	0	1	0	1	0	0	1	0	0	1	0	0	2	2	0	0	1	1	0	0	0	0	3	1	1	1	1	2	0	0	2	0	1	2	0	0	0	0	1	1	0	2	0	1	0	0	0	0	0	1	2	0	1	1	1	1	2	1	1	1	2	0	0	0	0	1	0	0	1	0	0	0	0	2	0	0	2	0	0	0	0	1	0	1	1	0	0	0	0	0	0	0	0	1	0	0	0	0	1	1	0	0	2	1	2	2	1	0	2	1	0	0	0	0	0	0	0	0	1	0	2	1	0	0	0	0	0	0	0	1	4	1	0	3	1	2	0	2	0	3	8	1	5	3	5	2	1	2	5	0	1	0	3	1	0	1	0	0	1	1	0	2	2	1	1	1	1	1	4	0	0	1	0	2	2	0	0	1	1	1	0	0	1	1	0	0	0	0	1	1	0	1	0	0	0	2	3	3	0	2	2	0	4	1	1	1	1	1	0	0	0	1	0	3	4	2	5	5	3	1	1	2	5	4	5	6	1	4	3	2	2	3	1	5	2	2	2	3	4	2	0	2	3	5	8	10	7	9	17	11	15	13	7	31	84	0	25	7	9	12	14	5	3	6	6	3	5	2	3	10	6	2	3	4	2	10	10	8	12	7	8	4	6	10	2	3	0	2	1	2	1	1	1	0	1	3	0	1	0	1	0	0	1	4	2	2	0	0	2	1	0	0	1	0	3	2	0	2	2	1	0	3	1	0	0	2	0	0	1	0	1	0	3	2	0	1	0	1	0	2	1	1	1	1	2	1	1	0	0	0	1	0	2	3	0	1	2	0	1	0	0	1	0	0	0	0	1	1	0	2	0	1	0	1	2	0	0	1	0	1	1	1	0	0
0	0	0	0	0	0	0	0	0	0	1	0	1	0	0	0	0	1	0	0	1	0	1	0	1	0	1	0	1	0	1	0	0	0	1	0	0	0	0	0	0	0	0	0	0	0	2	1	0	0	0	0	0	0	0	0	1	0	1	0	1	0	0	2	1	0	0	0	0	0	0	0	0	0	0	0	0	1	0	2	1	0	0	1	0	0	0	0	0	0	0	0	0	0	0	0	0	1	1	0	0	0	1	0	2	0	1	2	0	0	0	0	0	1	0	0	0	0	1	0	0	0	0	3	0	0	0	0	0	0	0	0	0	0	0	1	0	0	1	0	1	0	1	1	0	0	0	2	0	0	0	0	0	0	0	0	2	1	1	1	0	0	1	0	0	0	1	1	0	1	0	0	1	1	2	0	1	0	0	1	1	1	0	0	1	0	0	1	0	0	0	0	0	1	0	1	0	0	0	0	0	0	1	0	0	1	1	1	0	0	0	0	2	0	0	1	0	0	0	1	2	0	0	0	1	0	0	1	0	1	1	1	0	1	0	2	0	2	1	3	3	0	2	1	1	1	6	0	2	3	3	0	0	1	0	1	0	2	1	0	0	1	2	0	0	1	1	1	0	2	1	0	0	0	0	1	2	0	1	1	0	3	1	1	1	0	1	0	2	0	1	0	1	0	0	0	0	1	0	0	1	1	2	2	4	4	1	1	0	0	1	0	0	0	2	1	0	2	0	4	2	0	2	0	3	2	1	1	2	1	0	1	0	1	1	0	0	1	0	1	1	1	3	1	2	0	4	2	3	2	2	5	5	3	7	14	11	15	12	45	25	0	18	14	25	19	10	10	5	4	2	2	0	4	9	4	1	2	6	4	1	1	4	6	6	1	6	10	11	6	1	3	2	1	1	5	3	0	3	1	2	0	1	0	1	0	3	3	4	1	4	2	2	1	2	1	0	0	0	1	3	0	0	2	2	2	1	2	0	0	1	0	3	3	2	0	1	2	4	1	2	4	3	4	1	0	0	3	3	1	0	0	2	0	1	1	0	0	1	0	1	2	0	1	1	0	0	0	0	0	2	0	0	0	0	2	1	1	0	0	0	0	2	3	0	0	2	0	1
0	0	0	0	0	0	0	0	0	0	0	0	0	0	1	0	0	1	0	0	0	0	0	0	0	0	0	0	0	0	0	0	0	0	0	0	0	0	0	0	0	0	0	0	0	0	1	0	0	0	0	1	0	2	0	0	0	0	0	0	0	0	0	1	1	0	0	0	1	0	0	0	1	0	0	0	0	0	0	0	1	0	0	0	0	0	0	0	0	0	0	0	0	1	1	0	1	1	0	0	1	0	1	0	1	1	0	1	0	0	0	0	0	0	0	0	1	0	0	0	0	0	0	0	0	0	0	0	0	0	0	0	2	0	0	1	0	0	1	1	1	0	1	0	0	0	1	0	1	0	0	0	1	0	1	1	0	0	0	0	1	0	1	0	0	0	0	1	1	0	1	0	0	0	1	0	1	2	0	0	1	0	0	0	0	1	0	0	0	0	0	0	0	0	0	0	2	0	1	1	0	0	0	0	0	0	0	3	0	0	0	0	0	0	0	0	0	0	0	0	1	2	0	0	0	0	0	1	1	0	1	1	1	1	0	3	2	1	0	2	1	2	4	3	2	1	2	3	0	0	1	0	0	0	0	1	1	0	0	1	0	2	0	0	0	1	1	1	0	1	0	1	1	1	0	0	1	0	0	0	1	1	2	2	0	0	0	2	0	1	0	0	0	1	2	2	2	0	1	0	1	1	0	2	6	2	2	2	1	1	0	0	1	0	2	0	2	2	2	2	0	2	1	0	1	0	0	2	1	1	2	4	3	1	2	3	0	3	0	0	2	0	2	1	1	2	0	4	3	0	3	2	2	2	3	4	2	5	4	8	7	18	0	16	43	40	32	5	6	2	1	3	3	3	5	6	1	1	3	2	2	4	3	3	2	3	2	9	10	6	10	3	1	3	4	3	3	5	0	2	1	4	5	2	3	1	4	4	4	15	5	1	3	2	1	1	0	0	1	3	1	2	4	0	2	1	0	2	2	1	1	2	2	0	0	2	4	4	8	6	17	7	2	5	0	2	4	1	2	4	1	1	1	1	1	0	0	2	0	0	2	2	0	0	1	0	0	0	0	0	1	0	1	0	0	0	1	0	1	0	1	0	1	0	2	3	1	1	1
0	0	0	0	0	0	0	1	0	1	1	0	0	0	1	0	0	0	0	1	0	0	0	0	1	1	0	0	0	0	0	0	0	0	0	1	0	0	0	0	1	0	1	0	0	0	0	0	0	0	0	0	0	0	1	0	0	0	0	1	0	1	0	0	0	1	0	0	0	0	1	0	0	1	1	0	1	1	2	0	0	0	1	0	0	0	0	0	0	1	0	0	0	0	1	0	1	0	0	0	2	1	2	0	0	3	0	0	0	0	0	0	1	1	0	0	0	1	2	0	0	2	0	0	2	0	0	0	0	1	1	0	2	3	1	0	1	2	2	0	2	0	1	0	0	1	0	0	1	1	0	0	1	0	0	0	0	1	0	0	0	0	1	2	2	1	0	0	1	0	1	1	0	0	0	0	0	0	0	0	0	0	1	1	0	0	0	0	0	1	1	0	0	0	1	0	1	1	0	0	0	0	0	0	1	1	0	1	0	2	0	0	0	2	2	1	0	0	0	1	0	1	1	0	0	0	0	1	0	0	0	0	0	0	1	1	3	1	5	0	1	1	2	2	5	2	5	6	2	1	4	3	1	1	1	1	1	1	1	2	0	0	0	0	0	0	0	0	0	1	0	0	0	0	1	1	2	2	1	0	2	1	0	0	0	0	0	1	2	0	0	0	2	0	0	2	0	1	0	0	4	2	4	5	8	0	2	0	3	2	4	0	1	2	1	0	1	2	1	1	1	0	1	1	1	0	0	0	4	2	0	0	1	1	0	1	2	3	1	0	3	0	2	0	0	1	2	1	3	2	1	4	4	0	5	9	5	5	3	8	9	14	16	0	35	115	31	4	4	8	7	12	7	9	6	1	4	2	2	8	1	3	3	1	3	2	16	12	24	17	3	5	12	7	4	3	2	3	3	2	2	4	7	2	2	4	3	11	18	13	6	9	12	7	3	0	2	1	1	1	2	1	4	3	0	2	3	2	0	7	1	1	0	4	3	0	2	5	3	5	12	1	6	1	2	3	4	1	3	1	3	1	0	1	3	2	1	1	0	1	0	3	1	0	0	1	0	1	0	1	1	0	0	0	1	0	1	0	3	0	0	3	1	0	3	4	0	3	1
0	0	0	0	0	0	0	0	0	0	0	0	0	0	1	2	0	0	0	0	1	2	1	2	0	1	0	0	1	1	0	0	0	0	0	0	0	0	0	0	0	0	0	0	0	0	1	0	0	0	1	1	1	0	0	2	0	0	0	0	0	1	0	0	0	0	0	0	2	1	0	0	0	1	0	1	0	1	1	1	0	0	0	0	0	0	1	1	0	1	0	0	0	0	2	1	0	0	0	0	0	1	0	1	0	0	2	1	1	0	0	1	0	1	1	1	1	0	2	0	0	1	0	0	0	1	0	1	2	0	1	0	2	0	1	1	0	0	0	0	1	0	0	0	0	1	0	1	0	0	0	2	1	0	0	0	0	0	0	2	0	3	1	1	0	1	1	1	2	1	0	2	2	0	0	0	1	0	0	1	2	2	0	1	0	0	0	1	0	1	0	1	0	0	2	1	0	0	0	0	2	1	2	0	1	1	2	0	0	1	0	0	0	1	0	0	2	2	0	0	2	0	0	1	0	0	0	0	0	0	2	2	1	1	1	1	4	1	6	1	5	2	1	1	2	4	2	4	1	1	4	2	3	3	1	2	0	1	1	1	1	1	0	1	0	0	0	0	1	0	4	0	1	1	0	3	2	0	2	1	2	0	3	1	1	1	0	0	1	1	0	0	1	0	2	1	0	0	1	2	1	5	2	3	1	1	0	4	0	1	0	0	1	0	1	0	1	0	3	3	1	0	4	1	1	2	2	2	2	1	0	1	0	1	0	0	0	4	2	1	2	2	3	3	1	1	2	0	2	1	1	7	3	2	5	12	12	21	11	8	12	25	43	35	0	199	63	8	7	10	7	5	5	8	14	9	3	2	5	12	5	2	5	1	6	4	7	10	19	16	13	5	3	4	5	4	2	2	1	0	2	2	6	3	3	0	7	6	8	6	6	2	3	7	0	1	1	3	0	0	2	0	1	5	5	1	2	0	2	2	0	0	1	2	3	0	1	3	1	5	20	2	1	0	1	0	5	0	1	0	1	1	1	0	0	1	1	0	0	0	0	6	1	1	1	1	2	3	1	2	0	0	0	1	1	3	0	1	0	0	2	0	1	2	0	0	1	1	0
0	0	0	0	0	0	0	0	0	0	0	0	0	0	0	0	0	0	0	1	1	1	1	0	0	0	0	1	1	0	0	0	1	1	0	0	0	0	0	0	0	0	0	0	0	1	0	0	0	0	0	0	0	1	0	0	1	1	0	0	0	0	0	0	0	0	0	0	0	0	1	0	0	0	0	0	1	0	0	0	1	0	0	1	1	0	1	0	1	0	0	0	0	0	1	0	0	0	1	1	0	1	0	1	0	0	2	0	1	0	0	0	2	1	0	1	0	0	1	0	0	0	2	0	1	0	0	0	0	0	1	0	0	1	0	0	2	0	0	3	1	0	2	1	0	0	1	0	0	0	0	0	1	0	1	1	0	0	0	0	1	0	1	0	0	1	0	0	1	2	0	1	0	0	2	1	0	0	1	0	2	1	1	0	1	0	0	1	1	0	2	0	1	1	0	0	1	0	0	0	1	0	0	1	0	0	0	1	1	0	2	0	0	0	0	1	0	0	0	0	0	0	0	0	0	1	1	0	0	0	0	0	1	2	1	1	2	1	1	1	2	1	6	3	1	3	6	2	3	1	2	1	1	0	0	1	1	1	2	2	1	0	0	1	0	1	0	0	0	1	0	1	1	0	1	0	2	3	1	0	2	0	2	0	1	1	0	1	1	0	0	0	0	0	0	0	0	2	1	1	2	0	5	3	3	3	3	0	4	1	0	0	1	1	1	3	2	2	0	3	2	2	0	3	3	0	3	2	1	3	2	0	0	2	2	1	2	1	0	3	0	2	3	2	0	0	2	4	1	4	2	4	4	6	6	2	5	10	5	7	14	19	40	115	199	0	32	11	13	9	5	9	3	12	7	1	2	3	4	7	6	3	4	3	0	4	10	7	38	13	6	7	2	5	2	1	1	0	1	3	2	4	5	0	3	2	5	8	8	13	3	2	3	6	1	0	1	2	1	1	4	1	3	3	2	1	2	1	0	1	0	1	1	2	2	0	0	4	0	1	6	9	1	1	3	6	0	0	2	1	5	1	2	0	0	1	0	0	1	0	1	5	0	1	0	0	1	2	1	0	0	0	0	0	0	1	0	2	0	0	1	2	4	2	3	1	4	1	0
0	0	0	0	0	0	0	0	0	0	0	0	0	0	0	0	1	0	0	1	0	0	0	1	0	1	0	0	1	0	0	0	0	0	0	0	1	0	0	0	0	0	0	0	0	1	0	1	0	0	0	0	0	0	0	0	0	0	0	0	0	1	1	0	0	0	0	0	0	0	0	0	0	0	0	0	1	0	0	2	0	0	0	0	0	0	0	0	1	0	0	0	0	1	0	0	0	1	0	0	1	1	0	0	2	0	0	2	1	0	0	1	0	0	0	0	0	1	1	0	1	1	0	0	0	0	0	0	0	0	0	1	1	0	1	0	0	0	1	0	0	0	1	0	0	0	0	0	0	0	0	0	0	1	0	1	0	0	0	0	3	1	1	1	3	0	0	1	0	0	0	1	1	0	1	1	0	1	0	0	0	0	2	0	0	0	0	0	2	0	0	1	1	2	0	0	0	1	0	1	1	0	0	0	2	0	2	0	0	1	0	4	0	0	0	1	3	1	0	1	0	1	0	0	1	0	1	0	2	0	1	3	0	1	1	1	1	1	4	3	2	1	2	1	1	5	3	2	1	1	7	1	0	0	1	2	1	0	0	0	1	1	1	1	0	0	1	0	0	0	2	1	1	1	0	0	0	0	1	1	2	1	1	1	0	2	0	0	1	1	0	1	2	1	3	0	1	0	1	3	2	2	2	5	4	2	1	1	0	2	1	1	1	2	0	2	3	0	2	4	2	1	1	0	0	1	1	2	4	2	1	0	0	1	0	0	2	3	1	1	0	1	0	0	1	0	1	1	1	1	4	1	2	3	4	5	8	14	6	4	5	10	32	31	63	32	0	54	15	9	7	8	2	8	9	2	4	4	5	3	6	4	4	2	1	1	6	6	7	18	16	11	9	8	7	6	2	5	4	5	6	8	3	0	0	0	1	11	10	6	1	2	3	3	1	3	0	1	2	1	2	2	0	1	1	1	1	1	2	1	3	0	0	0	4	0	1	10	9	12	16	4	2	6	3	5	5	0	2	1	2	0	1	1	1	2	0	1	1	0	2	6	2	0	0	0	2	2	2	1	0	2	1	3	1	0	0	1	1	1	1	2	0	2	2	2	1	5	0
0	0	0	0	0	0	0	0	0	0	0	0	0	0	0	0	0	0	0	1	0	0	0	0	0	0	0	0	0	0	0	0	0	1	0	0	0	0	1	0	0	0	1	0	1	0	1	1	0	0	0	0	1	0	1	0	0	0	1	0	0	2	0	1	0	0	0	0	0	0	0	0	0	1	0	0	1	0	0	0	0	0	0	0	1	0	0	0	0	0	0	0	1	0	1	0	0	0	1	0	1	0	2	0	0	0	0	0	0	0	0	0	0	0	0	0	0	0	0	0	0	0	0	0	0	0	1	0	0	0	0	2	0	2	0	1	0	1	0	1	0	0	0	0	1	0	0	0	0	0	0	0	0	1	0	0	0	0	0	0	0	0	1	3	0	0	0	0	0	0	1	0	2	0	1	0	1	0	0	0	1	0	0	0	0	0	0	1	1	0	0	1	0	1	1	0	0	0	0	2	0	1	2	0	0	0	1	1	0	1	0	1	2	0	0	1	1	0	0	0	0	0	0	0	1	1	1	0	0	0	0	0	0	0	2	1	2	4	6	4	2	2	6	2	4	2	0	2	0	2	2	3	0	1	3	0	1	0	1	0	0	0	0	0	0	1	2	0	1	0	0	0	0	1	0	1	0	1	2	3	0	1	2	0	1	0	1	0	0	0	0	0	1	0	0	0	1	0	0	0	3	0	0	12	3	4	1	2	0	1	3	0	0	0	1	0	0	2	2	4	0	0	0	1	0	2	2	3	0	1	1	0	2	1	0	0	1	1	2	1	1	0	2	0	1	0	1	1	2	1	4	1	3	4	1	3	11	16	2	3	3	10	5	4	8	11	54	0	56	8	7	11	4	10	6	5	2	3	6	4	5	1	3	0	4	5	6	7	5	20	34	20	7	8	4	6	7	3	5	11	8	5	6	3	1	1	9	5	3	2	3	3	3	6	0	0	0	1	0	0	3	5	1	2	3	1	1	1	1	3	0	0	4	1	2	1	2	2	5	13	9	1	7	1	1	0	0	3	1	0	0	2	0	0	2	1	2	1	0	1	2	3	1	1	3	2	0	0	1	2	1	0	1	0	0	0	1	1	0	2	1	2	1	0	3	2	4	1	0
0	0	0	0	0	0	0	0	0	0	0	0	0	0	0	0	0	0	0	0	0	0	0	0	0	0	0	0	0	1	0	0	0	0	0	0	0	0	0	0	0	0	0	0	0	0	0	1	0	1	0	0	0	0	0	0	0	0	0	0	0	0	0	0	0	0	1	0	0	0	0	0	0	0	0	0	0	1	0	0	1	0	0	0	0	0	1	0	0	1	1	1	0	0	0	0	0	1	0	1	0	0	0	1	1	0	0	0	1	0	0	0	1	0	0	1	0	1	1	1	0	0	0	0	0	0	2	0	0	1	0	0	0	1	0	1	1	0	2	2	0	0	0	0	1	2	1	0	0	1	0	1	2	0	0	2	0	0	0	1	1	1	1	1	2	0	1	1	1	0	0	1	2	1	1	0	3	1	0	1	1	2	0	0	0	0	1	1	0	0	0	0	0	0	0	0	1	0	0	0	0	0	2	0	0	1	1	0	1	1	2	1	0	1	0	0	1	0	0	0	1	0	0	1	0	1	1	1	0	0	2	0	0	1	1	2	12	6	12	4	8	4	3	5	9	2	3	1	2	0	0	2	0	3	0	1	0	2	1	1	0	0	0	0	0	1	1	0	1	0	0	1	2	2	1	1	1	2	2	2	0	4	0	1	0	1	0	2	0	1	0	1	0	0	0	1	0	1	1	5	1	4	7	20	6	8	3	6	2	1	1	2	1	1	2	1	2	0	2	7	3	0	5	1	0	1	2	2	0	1	3	0	2	2	1	0	0	1	0	3	1	1	0	1	2	1	0	3	2	1	0	5	0	2	3	4	3	18	2	2	6	5	6	4	7	13	15	56	0	22	19	19	15	39	10	13	3	7	7	5	2	3	3	1	0	4	3	6	9	23	19	11	4	3	7	9	9	4	3	8	9	5	3	1	3	3	4	1	3	1	2	4	1	1	1	0	2	0	1	4	0	5	5	1	1	2	4	2	4	2	3	4	2	0	1	2	2	4	6	8	2	3	4	1	0	2	2	2	2	1	1	1	1	1	1	0	0	1	1	2	3	3	2	4	1	2	3	0	2	1	1	3	0	1	0	2	2	1	2	3	2	0	0	1	2	1	4	5	0
0	0	0	0	0	0	0	1	0	0	1	0	0	1	0	1	0	0	0	1	0	0	0	0	0	0	0	0	0	0	0	0	0	0	0	0	0	0	0	0	0	0	1	0	1	1	0	0	1	0	1	1	1	0	1	1	0	0	0	0	0	0	0	1	0	1	0	1	0	0	3	1	0	0	1	0	1	0	0	0	0	0	0	0	0	0	0	0	0	4	0	0	0	2	0	0	0	0	0	1	0	0	0	0	1	1	0	0	0	3	1	0	1	0	0	0	1	3	0	0	0	0	0	0	0	0	1	0	0	1	1	1	0	0	0	0	1	1	3	0	1	0	0	1	0	0	0	0	0	0	0	2	1	0	1	1	0	0	0	2	1	1	0	6	1	1	0	1	1	0	0	2	0	1	2	1	2	0	0	0	1	1	0	1	1	0	0	2	0	1	0	1	0	0	1	0	0	0	2	0	1	0	1	2	1	0	1	0	2	1	1	0	1	1	0	0	0	0	0	1	1	1	0	2	1	0	2	0	0	0	2	1	0	3	2	1	2	6	5	7	4	2	4	3	20	9	8	5	1	3	6	2	4	4	1	1	1	0	3	0	1	1	1	1	1	0	1	0	1	0	3	0	1	1	4	3	1	3	4	3	0	2	1	0	3	0	2	0	1	0	2	1	0	0	1	1	2	0	2	2	0	6	21	17	6	10	3	3	4	1	3	1	2	0	3	1	2	4	4	5	3	3	4	1	1	3	1	1	0	1	0	0	0	0	1	1	0	0	2	0	1	3	0	3	2	2	2	2	1	7	5	4	5	2	6	7	9	15	4	3	6	4	2	8	10	9	9	8	22	0	16	330	53	44	16	12	9	13	9	8	3	0	2	4	5	14	17	16	24	51	9	4	2	5	5	5	5	5	1	5	7	4	8	6	4	8	6	6	5	6	2	3	5	4	0	1	0	3	2	3	3	3	0	5	10	2	6	0	1	0	0	2	1	1	0	3	3	1	5	4	8	2	4	1	2	2	1	2	1	0	2	1	3	1	0	0	0	0	1	2	1	1	1	0	0	2	1	0	1	1	2	0	0	2	2	1	1	1	2	1	3	5	1	0	2	4	4	2	6
0	0	0	0	0	0	0	2	0	0	0	0	0	0	0	0	1	1	0	0	0	0	0	0	0	0	1	1	0	0	0	0	0	0	0	0	1	1	1	0	0	0	0	0	0	0	0	0	0	0	0	0	0	0	0	0	0	0	0	1	0	0	1	0	0	0	0	0	0	0	0	0	0	0	0	0	1	0	0	0	0	0	0	0	0	0	0	0	1	0	0	0	1	0	1	0	0	0	0	0	0	1	0	0	3	2	1	0	2	0	1	0	0	0	1	0	1	1	0	0	0	1	0	0	0	1	1	1	0	0	0	3	0	2	2	2	1	0	1	0	0	0	0	1	1	1	2	2	0	0	0	0	1	1	1	1	1	1	0	0	3	0	1	1	2	1	0	0	1	0	0	1	3	1	2	0	3	0	1	1	0	0	0	0	0	0	0	0	3	1	0	1	0	2	0	1	3	0	1	0	1	0	0	0	0	0	0	1	0	1	0	1	0	0	0	0	0	1	2	0	2	1	0	0	0	0	0	0	0	0	1	0	0	1	2	3	5	11	21	10	5	5	8	7	4	11	5	4	3	3	1	1	2	0	3	1	2	0	1	0	0	0	1	0	1	0	1	2	1	2	2	1	0	2	2	3	3	2	2	3	3	3	1	1	0	1	0	1	0	0	0	1	0	0	2	0	1	0	3	3	5	10	19	16	17	15	10	12	9	9	1	1	3	1	1	2	3	4	6	14	3	2	3	4	2	1	0	2	3	0	2	0	1	3	0	0	0	0	2	0	1	0	0	0	1	1	0	3	7	7	3	1	3	6	4	3	11	4	2	3	3	2	1	7	7	5	7	7	19	16	0	34	74	46	13	42	12	15	10	3	2	3	1	3	2	6	7	3	8	11	3	10	2	1	2	3	2	3	3	5	11	3	4	3	2	1	3	3	1	4	1	2	2	4	2	0	3	0	2	4	1	2	2	1	2	4	1	4	1	0	1	1	3	1	0	1	1	2	0	0	1	1	2	3	1	1	3	1	0	0	1	0	3	1	0	0	0	2	1	0	3	1	1	3	2	0	2	0	2	3	1	1	1	2	1	1	2	1	2	1	1	3	1	1	2	4	1	2	2
0	0	0	0	0	0	0	0	0	0	0	0	0	0	1	1	0	0	1	0	1	0	0	0	0	0	0	0	0	0	0	1	0	1	1	0	0	1	0	0	1	0	1	0	0	0	0	0	0	1	1	1	0	0	1	0	0	0	1	0	0	1	0	0	0	1	0	0	0	0	0	0	0	0	0	1	1	0	1	0	0	1	0	1	0	0	0	0	2	0	0	0	0	0	1	0	0	1	1	0	0	0	0	1	1	0	1	0	0	0	0	1	0	0	1	0	0	0	0	0	0	0	0	1	1	2	0	1	0	0	0	0	1	2	3	1	0	0	1	1	0	2	0	3	1	0	0	0	0	0	0	0	1	0	1	0	0	1	1	0	3	0	3	1	1	2	0	2	0	0	0	1	2	0	0	1	0	1	1	1	1	1	0	0	0	0	0	2	1	0	1	0	0	0	0	0	0	0	0	0	0	0	1	1	0	0	0	1	0	1	1	0	2	2	1	0	1	0	0	0	0	0	0	1	0	1	1	0	0	0	1	0	0	2	2	3	7	3	10	3	1	5	9	9	7	7	7	6	3	5	4	2	3	4	5	0	2	1	1	0	0	0	1	0	1	2	2	2	0	2	3	2	2	1	2	1	3	4	1	1	1	4	0	1	2	1	2	2	0	0	2	2	0	0	0	2	1	2	1	0	3	7	12	20	13	9	2	6	1	4	1	0	1	1	0	1	2	4	6	5	7	3	1	1	1	2	0	2	2	3	0	2	1	0	1	0	2	0	1	0	1	2	2	3	1	1	2	5	3	6	3	3	2	4	4	6	13	11	6	2	5	2	3	12	5	9	8	11	19	330	34	0	103	68	26	23	11	16	17	11	5	1	7	2	5	10	14	11	22	33	11	6	4	2	3	5	2	3	2	4	12	1	9	3	4	4	5	6	4	0	2	6	4	4	1	2	3	3	3	2	2	2	3	1	8	2	3	0	4	2	0	1	0	1	0	1	0	2	0	4	4	1	3	0	1	1	2	1	2	4	3	2	1	1	1	0	0	3	1	3	1	1	1	0	1	1	2	2	1	2	1	1	0	1	0	1	1	0	1	1	0	3	3	0	3	1	2	1	0
0	0	0	0	0	0	0	0	0	0	0	0	0	0	0	0	0	1	0	0	1	1	1	1	0	0	0	2	0	0	0	0	0	0	1	0	0	0	0	1	0	0	0	0	3	0	0	0	0	1	1	2	1	0	1	0	0	0	0	0	0	0	0	1	1	0	1	1	0	0	0	0	0	0	0	1	2	0	0	1	0	0	0	0	0	0	0	0	1	0	0	0	0	0	0	0	0	1	0	0	0	2	2	3	1	1	1	1	0	0	0	0	1	1	0	0	0	0	2	0	0	0	0	1	0	0	0	0	1	2	1	0	0	1	0	1	1	1	1	0	0	0	0	1	0	1	0	2	1	0	1	1	1	0	2	0	5	0	1	0	1	1	0	1	3	2	1	1	1	3	0	0	1	2	0	0	2	2	1	0	2	1	0	2	0	4	0	0	0	0	0	1	0	0	0	1	1	0	0	1	0	0	0	0	1	1	1	2	1	2	0	0	0	2	2	0	0	0	0	0	0	0	1	0	0	0	0	0	1	0	0	0	0	4	4	3	9	12	9	1	4	3	6	9	5	9	8	3	2	0	3	2	2	3	1	2	4	3	0	0	1	0	0	0	0	1	0	1	1	1	1	1	0	2	1	3	1	1	1	2	2	8	3	1	1	2	1	1	0	1	2	0	0	0	1	2	1	0	3	4	5	9	39	17	21	6	5	10	6	3	0	1	0	1	2	4	1	8	9	11	6	3	1	2	2	0	1	0	0	0	2	0	0	0	0	0	1	2	1	0	4	1	2	3	0	0	2	3	3	7	4	2	4	0	1	3	4	3	3	4	2	0	3	7	5	3	2	4	15	53	74	103	0	23	17	16	13	15	10	6	8	1	2	1	3	13	13	4	17	19	7	2	5	4	2	6	4	3	3	4	5	4	2	2	3	1	5	4	7	6	1	3	3	2	3	1	1	0	1	1	0	3	2	4	5	6	4	3	0	0	1	2	2	0	1	0	2	2	2	0	4	1	1	2	1	0	1	1	1	1	0	0	0	1	1	0	1	3	3	3	2	0	1	1	1	2	3	0	1	0	1	2	2	0	0	2	0	0	0	2	3	4	2	0	4	3	2	4	0
0	0	0	0	0	0	0	0	0	0	0	0	0	0	0	0	1	0	0	0	0	0	0	0	0	0	0	0	1	0	1	1	0	2	0	0	1	0	0	1	0	2	0	0	3	1	0	0	0	0	1	0	0	0	0	0	1	1	0	0	0	0	1	1	0	1	0	0	0	1	0	0	0	1	0	1	0	1	1	0	2	0	2	0	0	0	0	0	0	0	0	0	1	0	0	0	1	0	0	0	1	1	0	1	0	0	0	0	1	0	1	0	0	1	1	1	0	1	0	0	1	0	2	0	0	0	1	0	2	0	1	0	0	0	0	0	0	0	1	0	0	0	0	0	0	0	1	0	0	1	0	0	0	0	2	0	0	1	1	0	1	0	2	4	0	2	1	0	0	2	0	0	2	0	2	0	1	1	0	0	0	0	0	1	1	0	0	0	0	0	0	0	0	0	1	0	1	1	1	0	0	1	0	0	1	0	1	0	0	1	1	2	1	0	0	1	0	1	0	0	0	0	0	0	0	0	0	0	0	0	2	1	1	1	0	3	8	4	17	3	5	2	6	4	2	4	4	3	0	0	2	2	2	6	0	1	0	0	0	1	0	0	1	1	1	0	1	3	0	0	2	3	2	2	2	1	5	1	4	1	2	2	0	1	0	0	1	0	1	1	1	0	1	0	2	0	2	2	0	1	0	2	9	15	6	8	5	5	0	3	3	0	1	3	1	1	1	2	2	5	4	4	1	0	1	1	1	1	1	2	1	1	1	2	1	2	0	1	1	0	4	1	1	4	0	1	2	6	3	6	3	3	3	3	0	9	17	18	4	3	3	4	3	9	8	12	8	10	39	44	46	68	23	0	50	36	7	13	15	14	7	5	4	1	4	4	7	3	13	22	6	9	1	0	5	3	5	1	4	4	3	10	1	2	1	7	6	2	2	4	2	1	1	2	5	0	0	0	0	2	0	1	3	3	2	3	0	3	0	1	2	2	0	1	2	0	2	1	0	5	6	4	1	0	3	3	3	0	2	1	2	1	1	0	0	1	0	1	1	2	0	6	0	1	1	2	0	0	1	2	1	2	0	1	1	0	0	2	1	1	2	1	0	1	3	3	3	3	2
0	0	0	0	0	0	0	0	0	0	0	0	0	0	0	0	1	1	0	0	0	0	0	1	0	0	1	0	0	0	0	0	0	0	0	0	0	0	0	0	0	0	0	0	0	2	0	0	0	0	0	1	0	0	0	0	0	0	0	0	0	0	0	0	0	0	1	0	0	0	0	0	0	0	0	0	0	2	0	0	0	0	1	0	0	0	1	0	0	1	0	1	0	0	0	1	0	0	0	0	0	1	0	0	1	0	1	0	0	0	0	2	1	0	1	1	2	1	0	1	0	1	0	1	0	1	0	0	1	0	1	3	1	0	1	0	2	0	2	0	2	0	0	0	1	0	0	0	1	0	1	1	0	1	0	0	1	3	0	0	1	0	1	2	2	2	2	0	1	0	0	2	1	1	1	0	1	0	1	0	2	0	0	0	1	1	0	1	1	0	0	0	0	0	0	0	0	0	0	0	0	0	1	1	0	0	0	0	0	1	0	2	0	1	1	1	0	0	0	0	0	0	0	0	1	0	1	0	1	0	0	0	0	1	1	1	1	5	6	4	1	1	7	4	2	8	2	1	5	4	5	1	1	3	7	1	3	1	0	1	1	2	1	1	0	2	1	2	4	1	1	0	3	3	2	4	4	2	3	4	3	1	1	0	1	0	4	0	2	0	0	0	0	0	0	2	2	1	4	0	4	4	5	5	3	2	9	1	2	3	2	1	1	0	1	0	2	4	3	6	6	4	1	2	2	2	1	3	1	0	0	1	0	0	1	3	0	0	3	2	2	5	3	0	1	2	4	7	3	6	8	7	2	5	3	24	45	23	5	2	10	9	5	6	14	7	9	6	10	16	13	26	17	50	0	38	13	21	35	25	9	6	6	3	4	4	4	8	14	7	7	4	3	0	3	3	5	3	4	1	7	1	3	1	2	2	4	3	4	3	0	2	2	3	1	2	0	0	1	1	1	1	0	5	3	5	2	0	1	1	0	0	0	0	1	0	3	0	0	2	6	3	4	1	0	2	3	2	0	2	1	0	0	0	0	0	0	2	1	0	0	1	0	0	1	0	2	1	1	1	0	0	1	1	0	1	1	0	1	0	1	0	1	1	2	3	0	0	0
0	0	0	0	0	0	0	0	0	0	0	0	0	0	0	1	0	1	0	0	0	0	0	0	0	0	0	0	0	0	0	0	0	0	0	0	0	0	0	0	0	0	1	0	0	0	0	0	0	0	0	2	0	0	0	0	0	0	0	1	0	0	1	0	0	0	0	0	0	0	0	0	1	1	0	0	0	2	1	0	0	0	0	0	0	0	0	1	0	1	0	1	1	1	1	0	0	0	0	0	0	0	0	0	0	1	2	2	0	1	1	0	1	0	0	0	1	0	0	1	0	1	1	0	0	0	1	0	2	0	1	0	3	2	1	2	1	0	0	1	0	0	2	0	0	1	0	0	3	1	0	0	1	1	1	2	2	0	2	0	1	1	2	0	1	2	3	1	1	0	1	0	1	3	1	3	1	0	0	2	0	1	0	1	0	1	0	0	0	0	0	1	0	0	3	0	0	2	1	0	1	0	0	1	1	0	1	2	1	1	0	0	1	0	2	2	0	1	0	0	2	0	0	0	0	0	1	0	0	0	0	1	0	0	0	1	5	9	15	4	1	9	1	3	3	3	5	3	0	4	0	3	2	1	0	0	1	0	0	1	0	1	1	0	1	3	2	2	1	0	1	2	3	3	1	1	0	1	3	1	4	4	5	3	1	1	2	0	1	1	1	1	2	2	0	1	0	3	3	1	0	5	8	8	5	7	5	3	5	5	1	1	0	0	1	3	3	4	3	9	3	2	2	2	1	2	2	0	0	1	1	0	2	2	0	2	1	1	0	2	2	1	2	3	0	1	1	3	10	9	5	0	4	4	5	4	13	12	4	2	6	4	6	1	9	1	2	5	13	12	42	23	16	36	38	0	14	16	28	15	8	3	3	3	3	6	6	5	9	9	7	3	1	2	1	3	2	0	2	6	4	0	0	1	4	4	2	2	3	2	3	0	5	2	1	1	0	1	3	1	1	0	1	1	5	0	3	2	1	1	0	0	1	0	1	2	1	1	1	3	0	0	0	0	1	2	3	0	0	0	3	0	2	0	1	0	2	1	1	1	0	0	1	3	1	0	2	1	2	1	0	1	0	1	1	1	0	0	0	1	3	1	2	2	2	1	1	1	3
0	0	0	0	0	0	0	0	0	0	0	0	0	0	0	1	0	0	0	0	1	0	1	0	0	0	0	1	0	1	1	0	0	0	0	0	0	0	0	0	0	1	0	0	3	2	1	1	0	1	0	0	1	0	0	0	0	0	0	0	0	1	0	0	2	0	0	0	0	0	1	0	0	1	1	0	0	0	0	0	0	2	0	1	0	0	0	0	0	0	0	0	0	1	1	0	1	0	0	1	3	0	0	0	1	0	0	2	1	0	0	2	0	2	1	1	1	1	0	0	2	1	1	2	2	0	0	0	1	0	2	0	1	0	0	3	0	2	1	1	0	0	0	0	0	0	0	0	0	0	0	0	0	0	1	1	2	1	0	2	1	0	0	3	3	2	0	2	2	0	0	0	1	0	2	1	0	1	3	1	1	3	0	1	0	0	1	0	1	0	0	1	0	0	0	2	0	3	0	0	0	0	0	0	0	0	1	0	1	2	1	0	1	1	1	1	0	0	0	0	0	1	0	0	0	0	0	0	0	1	0	0	0	0	1	5	4	2	7	4	4	0	1	5	4	6	6	3	2	0	2	2	6	7	4	3	0	1	0	2	1	0	1	1	1	0	1	5	3	5	2	4	2	7	2	4	5	4	5	10	11	3	2	5	1	0	1	3	1	1	0	0	1	2	0	1	1	2	0	5	2	10	15	4	0	11	3	5	3	4	1	2	1	3	4	2	4	5	9	14	17	2	3	6	4	2	2	5	6	0	2	1	2	0	1	1	0	3	1	3	0	1	0	2	1	1	4	7	11	17	6	3	4	2	1	4	7	5	1	2	2	1	1	4	3	2	4	2	3	9	12	11	13	7	13	14	0	62	31	11	8	2	2	1	0	5	3	4	9	5	5	1	2	2	2	1	0	5	3	2	5	3	1	2	2	3	1	0	2	2	1	1	1	2	3	0	0	1	1	3	1	1	1	1	3	1	1	0	0	0	1	0	0	1	1	1	1	0	0	2	2	0	1	0	2	0	0	0	2	0	1	0	2	0	0	1	1	2	0	0	1	3	1	1	2	1	1	1	0	3	2	3	1	0	0	0	1	0	1	0	1	0	2	1	1	4	2	1	0
0	0	0	0	0	0	0	0	1	0	0	0	2	0	0	0	0	0	0	0	0	1	0	1	0	0	0	0	0	0	0	0	0	1	0	0	0	0	0	1	1	0	0	0	0	0	1	0	1	0	1	0	0	0	0	0	0	0	0	0	1	0	0	0	1	0	0	1	0	0	1	0	0	0	0	0	0	0	0	0	0	0	0	1	0	1	0	1	0	1	1	0	0	0	0	1	0	1	0	0	1	0	0	0	1	1	0	0	0	0	2	0	0	0	0	0	1	0	2	0	0	1	2	1	1	0	0	0	0	1	0	2	0	1	1	1	0	2	0	1	0	0	0	1	0	0	0	0	0	0	0	0	1	0	0	0	0	2	0	0	0	0	0	0	1	0	1	2	0	1	1	1	1	1	3	0	0	0	2	2	1	0	5	0	0	2	0	2	2	0	0	0	2	1	1	0	1	0	0	0	0	0	0	0	0	0	0	1	1	2	1	1	0	0	0	1	1	0	0	0	1	2	0	1	0	0	0	0	0	0	0	1	0	1	3	2	6	2	5	6	2	3	1	3	6	3	4	1	2	3	5	2	5	3	5	3	4	0	2	2	4	0	0	1	2	4	2	3	0	2	2	3	3	7	2	2	4	10	6	5	5	6	1	3	0	2	2	2	2	1	2	1	2	1	1	1	4	2	3	4	6	5	6	2	4	5	1	2	3	1	1	1	1	2	3	1	3	3	8	13	8	4	4	1	4	2	2	5	3	3	1	0	0	2	0	1	1	1	0	0	0	2	1	1	1	1	3	7	15	33	9	5	4	2	9	9	11	5	4	1	3	2	1	2	2	3	4	3	7	13	15	16	15	13	21	16	62	0	40	31	13	2	5	2	4	9	4	8	4	3	6	5	2	2	1	1	4	1	1	2	2	0	0	2	0	0	0	0	3	2	1	1	1	3	0	0	1	2	1	1	1	1	1	2	2	3	0	1	0	0	1	0	2	0	1	1	1	1	3	2	0	1	0	1	0	3	2	0	0	0	1	1	0	0	1	0	1	0	0	0	0	1	0	1	3	2	0	2	0	1	0	0	1	2	0	1	0	1	4	0	1	0	2	1	1	2	2	1	0
0	0	0	0	0	0	0	0	0	0	0	0	2	0	1	0	0	0	0	0	0	0	0	0	0	0	1	0	0	0	0	0	0	0	0	0	0	0	0	0	0	0	0	0	0	0	1	2	0	0	0	0	0	0	0	0	0	0	0	0	0	0	1	0	0	0	0	0	1	0	0	2	0	1	0	1	0	1	1	0	0	1	0	0	0	0	1	2	1	0	0	1	0	0	0	0	2	0	0	0	0	0	0	0	2	0	0	0	0	0	0	1	0	1	0	0	0	2	0	0	1	0	2	0	0	0	0	0	0	0	0	1	1	1	2	1	0	1	0	0	0	0	1	0	0	0	0	0	0	0	0	0	0	2	1	1	1	0	1	0	0	2	3	0	1	2	1	0	1	1	0	2	2	0	1	2	0	0	1	2	2	0	2	1	0	0	0	0	2	0	1	0	1	0	1	0	1	2	0	0	1	0	0	0	1	2	0	0	0	0	3	0	0	0	0	1	1	1	0	0	0	0	0	0	0	1	1	0	1	0	1	0	1	1	0	2	1	0	9	3	1	0	1	2	2	2	6	6	3	1	2	0	1	7	2	2	2	2	0	3	0	0	0	1	1	1	0	3	0	1	1	3	1	3	2	7	9	4	3	6	6	5	1	1	2	2	0	0	0	2	3	1	0	2	1	1	1	0	0	0	3	3	1	4	3	4	6	2	2	2	3	2	0	1	1	0	1	1	5	4	5	2	2	1	4	2	2	1	3	3	2	2	1	1	1	2	1	0	2	1	2	1	2	2	2	1	1	8	13	18	9	7	3	9	6	12	19	9	3	2	4	6	3	2	5	4	5	6	7	9	10	17	10	15	35	28	31	40	0	13	11	7	4	3	3	8	4	3	2	2	5	3	0	1	2	0	4	5	3	3	2	2	2	1	1	2	3	4	0	1	1	0	3	1	1	2	0	1	2	3	1	0	0	2	1	4	1	0	0	1	0	0	0	0	0	0	1	0	0	1	2	1	0	0	2	2	0	2	0	2	1	2	0	0	0	1	1	1	1	2	2	0	0	0	0	1	0	0	0	0	0	1	0	1	1	0	1	0	1	1	1	2	1	0	2	3	1	4	0
0	0	0	0	0	0	0	1	1	0	0	0	1	0	1	0	0	0	0	1	0	1	0	0	0	0	0	0	0	1	0	0	0	0	0	0	0	1	1	0	0	0	1	1	0	0	1	0	0	1	0	1	0	0	1	1	0	0	0	0	0	0	0	0	0	3	2	0	0	2	1	0	0	1	1	0	1	1	1	0	2	0	1	0	0	0	0	2	0	1	0	1	0	0	0	0	2	0	1	0	0	0	0	0	1	1	0	0	0	1	0	0	0	1	0	0	2	1	0	1	0	0	1	2	1	0	0	2	0	0	0	3	2	0	2	0	1	0	0	0	2	0	1	0	0	0	0	0	1	0	1	0	2	1	0	1	1	2	1	0	0	0	0	0	1	0	2	1	2	1	0	3	3	2	5	2	0	0	0	1	3	0	0	1	1	0	0	0	1	1	0	0	0	0	0	0	2	0	1	2	0	1	0	0	1	1	0	0	1	1	4	0	1	2	0	1	0	0	0	0	1	1	1	0	0	1	1	1	0	0	0	0	0	1	2	1	0	0	1	3	0	0	1	4	1	6	3	7	5	2	4	4	3	4	2	1	0	0	0	1	3	0	2	0	2	2	2	3	2	2	1	1	0	1	3	2	3	2	1	5	2	5	2	1	2	2	0	0	0	0	0	1	0	1	0	4	0	0	1	2	3	2	3	0	0	3	2	4	1	2	0	0	1	0	2	1	3	3	3	6	5	13	10	0	2	1	4	9	12	2	0	3	1	0	1	0	1	3	1	3	2	10	4	3	0	3	6	5	11	29	26	11	7	6	7	21	25	10	6	6	2	4	2	8	12	7	3	4	5	8	3	11	6	14	25	15	11	31	13	0	102	21	12	7	9	12	5	3	17	4	3	1	5	1	1	1	1	3	2	4	1	0	2	0	0	0	2	4	6	0	1	3	1	3	2	0	0	1	1	2	1	2	3	0	2	3	2	2	2	0	2	0	0	0	1	1	1	1	0	2	1	1	3	1	1	2	0	3	0	0	1	0	0	1	0	0	0	0	1	1	1	1	1	0	0	1	0	0	0	1	0	0	2	2	0	3	0	0	1	1	3	0	0	0	1	2	4	1	2
0	0	0	0	0	0	0	0	0	0	1	0	0	0	1	0	1	1	1	0	0	0	0	0	0	0	0	0	2	0	1	1	1	0	0	0	0	0	2	0	0	0	0	1	0	0	1	0	0	0	0	0	1	0	0	0	0	0	1	0	0	0	0	0	0	0	0	1	0	1	0	1	0	0	1	0	1	1	1	1	3	0	1	1	0	0	0	0	1	1	0	0	0	0	0	0	0	0	2	1	0	1	0	0	1	1	3	1	0	1	1	0	1	2	0	0	0	1	1	0	1	1	1	2	1	1	0	0	0	0	6	1	0	2	0	1	0	1	1	1	0	0	2	0	1	0	1	0	0	0	0	0	0	0	0	0	2	0	0	2	1	2	2	0	0	1	1	0	1	1	0	1	2	2	0	1	0	1	0	0	2	0	1	1	1	1	0	0	0	0	0	1	0	0	2	0	0	0	1	4	0	0	0	0	0	0	1	2	1	2	1	1	0	2	3	0	0	0	0	0	0	0	0	0	0	0	1	0	0	1	1	0	0	0	0	0	5	3	3	1	1	3	1	2	3	4	4	9	2	1	9	1	2	9	3	1	3	2	0	2	0	1	1	4	2	2	2	4	2	0	2	0	0	1	3	1	2	3	4	8	4	2	1	0	1	1	2	0	2	0	0	0	0	1	0	0	1	0	3	3	2	2	2	2	2	6	1	2	4	2	2	1	0	2	1	0	1	2	2	3	6	8	11	7	5	3	3	4	7	3	6	2	2	0	1	1	2	2	3	3	4	4	3	5	3	2	8	8	16	18	28	22	5	15	13	15	16	1	3	4	10	1	2	1	5	6	6	5	2	3	2	5	8	7	9	8	8	13	11	102	0	37	28	13	21	12	3	7	11	4	0	0	1	0	2	2	3	0	3	1	3	1	1	2	1	1	1	3	1	1	3	3	0	1	0	1	1	1	0	3	2	1	1	2	1	1	3	0	1	0	1	1	0	2	0	0	1	0	1	0	3	1	1	0	2	2	0	0	1	0	2	0	1	0	0	1	0	0	0	0	1	0	0	1	0	3	1	1	2	1	0	1	0	0	0	2	1	0	0	4	0	2	2	0	0	2	1	0	0
0	0	0	0	0	0	0	0	0	0	0	0	0	0	1	1	1	0	1	0	0	0	0	0	0	0	1	0	0	1	0	1	0	1	0	0	1	1	0	1	0	0	1	0	1	0	1	2	0	1	2	0	1	1	0	0	1	0	0	0	0	0	0	0	0	0	0	2	0	1	1	0	0	1	2	0	0	2	1	0	0	2	2	0	1	1	1	1	0	1	0	0	0	0	3	0	0	0	1	0	1	0	1	0	1	1	0	0	0	0	0	0	0	0	0	1	2	2	0	1	1	1	0	1	0	0	0	1	0	2	0	1	1	1	1	0	1	0	0	0	0	0	1	0	0	0	0	0	1	0	0	0	0	0	0	0	1	0	1	2	0	1	1	2	1	2	3	3	0	1	0	1	4	0	0	1	1	1	0	1	0	1	0	0	0	0	0	0	1	0	1	0	0	0	0	0	1	0	0	2	2	0	1	2	1	0	0	1	0	2	3	1	2	1	1	1	0	0	0	0	0	1	1	0	0	0	0	0	0	0	0	2	1	2	0	0	2	0	0	1	2	1	1	2	1	1	2	4	3	2	7	3	2	9	1	1	1	3	1	0	0	4	0	1	2	1	2	1	1	2	2	1	1	1	1	1	4	2	5	2	0	3	3	2	1	0	0	0	1	0	1	0	1	2	0	1	0	1	2	1	2	4	2	0	2	2	2	1	4	1	1	2	1	2	0	2	1	0	2	1	2	5	15	5	1	3	5	8	13	5	4	3	3	0	1	2	3	0	5	3	8	11	10	3	1	0	5	6	15	11	15	30	11	10	6	7	3	2	4	6	10	1	4	3	2	3	4	1	3	0	3	1	1	5	6	3	2	2	7	21	37	0	141	30	22	6	2	1	3	3	2	0	2	1	2	0	1	2	0	1	1	3	4	0	2	0	4	4	2	4	1	2	1	4	1	0	1	1	0	1	1	2	2	5	4	0	4	0	1	1	0	0	0	1	2	0	2	1	1	1	1	0	1	1	1	2	1	0	0	0	1	0	2	2	2	0	0	0	0	1	1	0	0	0	0	0	1	1	0	0	0	0	1	2	0	0	2	0	0	0	1	0	2	0	0	0	1	0	2
0	0	0	0	0	0	0	0	0	0	0	0	0	1	2	1	0	0	0	0	0	0	0	0	2	0	0	0	1	0	0	0	0	0	1	0	0	0	1	0	0	0	1	1	0	0	0	1	0	0	0	0	0	0	0	0	0	0	0	0	1	0	0	0	0	0	1	1	0	0	0	0	0	0	0	0	0	0	1	1	0	1	0	1	1	1	0	0	0	0	0	0	0	0	0	0	0	1	0	0	0	0	1	0	0	0	0	0	1	0	1	0	1	0	0	0	0	0	3	0	0	1	1	0	2	1	1	0	3	0	1	1	0	0	0	0	2	0	1	0	0	3	0	0	0	0	1	1	0	0	0	0	0	0	0	0	0	0	1	1	0	1	1	2	1	0	2	3	0	2	0	3	1	2	1	0	0	0	0	1	1	0	1	1	0	0	0	0	0	0	0	0	1	1	1	0	0	0	0	0	0	0	2	0	1	0	0	2	1	0	1	1	3	3	2	0	1	1	1	0	0	1	1	2	0	0	1	0	0	1	1	0	2	1	2	0	2	2	2	0	1	1	2	0	2	5	5	4	5	2	4	3	5	12	4	2	3	2	0	0	1	1	0	0	3	0	2	3	1	2	2	1	2	0	2	2	4	5	1	1	2	3	1	2	1	0	1	0	0	0	0	0	0	0	0	2	1	0	1	2	1	6	3	0	0	3	2	1	2	0	1	0	0	0	1	4	1	1	0	3	1	6	7	2	2	5	6	6	6	5	7	6	3	1	1	2	3	6	6	1	5	10	8	7	1	3	2	3	8	7	11	20	14	16	7	7	10	3	4	10	8	4	3	3	5	4	4	3	3	2	1	7	2	4	6	3	2	5	4	12	28	141	0	67	47	8	4	3	5	5	5	0	0	1	2	2	0	0	2	1	1	2	4	1	2	1	0	3	2	0	2	1	1	2	1	1	1	0	0	2	1	1	1	0	1	1	1	2	0	1	1	0	0	0	0	1	1	1	1	0	3	1	4	0	2	0	1	0	1	0	0	1	1	0	0	0	1	0	0	0	0	0	1	0	2	2	0	2	0	0	1	0	0	0	1	0	1	1	0	0	2	2	0	1	0	3	3	3	1
0	0	0	0	0	0	0	0	0	0	0	0	0	0	1	0	0	0	0	0	0	0	1	1	0	2	3	1	0	0	0	0	1	0	0	0	0	2	2	0	0	0	0	0	0	0	1	1	1	0	1	1	0	0	0	1	0	0	1	0	0	1	0	0	0	1	0	1	0	0	0	0	0	0	1	0	0	0	1	0	1	0	0	1	1	0	0	0	0	0	1	0	0	0	1	1	0	1	0	0	2	0	0	1	0	1	3	1	1	3	1	0	1	0	0	0	0	1	1	2	1	0	1	0	1	1	1	1	0	0	1	0	3	0	1	0	0	0	1	1	1	0	1	0	0	3	0	0	0	0	0	1	0	0	1	1	0	1	0	2	1	1	3	3	2	0	2	2	1	0	0	0	0	0	1	1	1	0	0	1	0	1	1	0	1	0	0	1	1	0	0	0	0	0	0	0	0	0	0	0	1	1	4	0	2	0	0	0	0	1	2	0	2	1	2	1	1	0	0	0	0	1	0	1	0	0	1	1	1	1	0	1	0	0	2	0	2	0	2	3	0	0	3	1	2	2	3	1	3	0	3	4	3	3	0	3	2	1	1	1	1	3	2	1	0	0	4	0	6	0	0	0	1	1	0	0	1	1	0	3	2	0	0	0	0	0	1	0	0	1	0	0	2	1	1	0	1	0	2	3	2	1	0	2	3	4	4	2	2	0	2	0	1	1	1	1	2	2	3	2	1	3	6	4	1	0	2	2	9	9	17	6	5	4	2	2	2	7	9	7	4	9	2	3	1	0	2	2	4	4	5	10	13	9	5	3	1	0	6	4	12	6	3	1	1	3	2	0	1	4	3	2	1	1	3	3	1	2	3	7	13	30	67	0	24	4	4	7	4	3	1	2	0	0	4	1	1	0	0	2	3	0	4	1	1	1	0	2	2	2	0	1	0	2	2	1	3	1	1	1	2	1	0	3	1	2	1	2	0	1	0	0	1	2	3	0	0	0	2	0	2	1	0	2	2	0	1	1	1	1	1	1	0	0	0	1	0	0	0	0	1	1	0	0	1	1	2	1	0	1	1	0	0	0	0	0	0	0	0	0	1	0	0	0	0	1	0	0	2
0	0	0	0	0	0	0	0	0	0	0	0	0	0	0	1	0	0	0	0	0	1	2	0	0	1	1	1	0	0	0	1	0	0	0	1	0	0	1	0	0	0	0	0	0	0	0	0	1	2	1	0	0	0	1	0	0	0	0	0	0	0	0	0	0	2	0	0	1	0	1	0	2	0	0	0	0	1	0	0	1	1	0	0	2	1	0	1	1	1	1	0	1	0	0	0	1	1	1	1	1	1	2	0	0	0	0	0	0	5	0	0	1	1	0	0	1	0	0	0	1	0	0	0	0	1	1	0	1	0	5	1	1	2	2	2	0	1	1	2	0	0	1	1	0	1	0	0	0	0	1	0	1	1	0	0	1	2	1	2	1	1	2	1	1	1	2	1	3	0	0	1	1	2	0	1	1	0	0	1	0	1	1	0	0	0	0	1	0	1	0	0	1	0	0	0	0	1	0	1	2	0	2	2	0	1	1	0	2	2	0	2	2	3	3	0	0	0	0	0	0	0	0	1	0	1	0	0	1	0	1	0	0	2	0	1	0	1	3	1	3	0	0	4	6	3	3	9	7	1	10	8	3	13	9	4	3	0	7	1	1	2	2	2	2	0	2	1	1	1	1	1	1	3	2	1	3	2	2	4	3	2	0	1	2	0	1	1	0	1	1	1	0	1	1	1	1	1	3	2	3	3	1	3	4	0	2	0	0	1	0	0	1	2	0	0	2	0	2	7	7	6	14	6	3	0	3	0	5	4	5	2	0	3	0	3	0	2	3	4	3	6	8	7	3	3	3	4	6	6	6	5	5	2	3	4	2	2	0	5	7	6	2	3	6	0	1	4	0	5	2	5	3	4	4	3	0	4	3	9	21	22	47	24	0	24	6	13	9	5	3	1	1	0	1	0	0	0	2	1	1	0	0	2	1	1	0	5	3	2	3	4	5	3	2	1	0	0	1	1	2	1	1	2	2	1	1	1	0	0	1	0	0	0	2	1	0	2	1	1	2	0	0	2	3	0	1	1	0	2	2	1	0	0	0	1	1	1	1	0	0	1	0	0	1	0	0	0	0	3	0	0	1	1	0	0	1	0	1	1	1	1	0	0	0	1	2	2	0
0	0	0	0	0	0	0	0	0	0	0	1	0	1	1	0	0	0	0	0	0	0	0	1	0	2	1	0	0	1	0	1	1	0	1	0	1	1	0	0	0	0	0	0	0	1	0	0	1	0	2	0	0	1	1	1	0	0	0	1	0	0	1	0	0	1	0	0	1	0	1	3	1	0	0	0	4	1	0	0	1	0	0	0	0	0	0	0	0	1	1	0	0	0	1	0	0	1	0	1	0	0	2	1	2	1	0	1	1	0	0	0	1	1	0	0	0	1	0	1	0	0	1	1	0	0	0	1	0	0	1	3	1	0	3	1	2	1	1	0	0	0	0	0	0	1	0	0	1	1	0	0	2	0	0	0	1	0	0	1	2	1	0	4	2	0	1	0	3	0	1	1	2	4	2	1	4	2	2	1	0	1	0	1	0	0	0	0	0	0	0	2	0	1	0	0	0	1	2	0	2	1	1	0	1	1	0	2	3	6	2	1	1	2	1	3	3	0	3	0	1	1	1	0	0	0	0	0	0	0	0	2	1	3	2	5	4	3	6	1	1	1	2	7	6	9	20	16	4	5	14	7	9	14	5	4	3	1	2	0	1	1	1	1	0	3	2	3	3	1	0	2	5	2	1	2	1	4	2	2	2	3	2	3	1	1	0	2	0	1	0	0	1	0	2	1	0	0	1	2	2	11	9	3	5	3	4	3	4	3	0	1	1	1	2	2	0	4	5	12	10	5	8	5	3	1	4	3	4	2	3	3	0	1	0	0	1	2	1	2	0	7	1	7	1	1	3	10	13	7	4	1	5	2	2	3	12	2	2	3	8	1	3	2	4	4	1	5	4	14	6	10	13	4	4	6	5	9	8	12	12	6	8	4	24	0	18	20	16	13	5	3	2	2	1	0	0	1	2	0	0	1	3	3	0	4	1	2	2	1	0	2	5	5	0	1	0	0	2	2	3	2	6	4	7	2	3	2	1	0	1	1	0	1	1	0	0	2	1	0	1	3	1	1	0	0	1	1	0	0	3	2	3	0	1	0	0	0	0	2	1	0	0	0	1	2	2	0	0	1	1	1	0	0	0	1	1	1	0	1	2	1	3	1	2	4	2	4	2
0	0	0	0	0	0	0	0	0	0	0	0	0	1	1	0	1	1	2	0	0	0	1	0	1	2	1	0	0	0	0	0	0	0	0	1	0	1	0	1	0	0	0	0	2	0	2	1	0	0	0	1	0	0	0	0	0	0	0	0	0	0	0	0	0	0	0	0	0	1	0	0	0	0	0	0	0	0	1	0	1	1	2	1	0	0	1	2	0	0	1	0	0	0	0	1	0	0	1	0	0	1	0	0	1	1	0	2	0	1	0	0	0	1	0	0	0	0	0	1	0	0	0	1	1	0	0	1	0	0	1	1	0	1	0	1	1	2	2	0	1	0	2	1	2	2	0	0	0	0	1	1	0	0	3	0	0	0	0	0	3	0	5	0	0	3	4	0	1	0	1	2	0	0	2	1	1	0	1	0	0	0	1	0	0	0	0	1	0	0	0	0	1	1	0	1	1	0	3	1	0	1	1	1	0	0	1	0	1	0	2	1	0	1	2	1	1	0	1	0	0	1	0	0	0	0	1	1	0	1	0	3	1	5	3	3	5	3	6	3	1	0	4	9	22	22	14	30	2	8	17	6	4	3	2	1	0	2	1	1	4	0	2	1	0	2	3	3	0	4	2	1	0	0	0	1	1	0	2	3	2	0	3	1	1	1	2	0	0	1	0	0	6	1	0	0	2	0	1	1	0	7	6	9	6	1	1	0	4	1	3	1	1	1	0	4	1	1	5	10	3	5	1	0	2	1	0	0	3	2	1	0	2	0	1	1	0	3	3	0	1	1	3	2	3	0	2	0	6	6	3	3	1	4	3	6	4	2	3	1	4	6	2	16	7	10	6	6	3	17	7	14	13	7	4	6	3	4	4	5	3	2	4	4	6	18	0	152	17	19	4	3	1	5	3	1	3	1	3	2	1	7	11	4	5	3	10	10	1	1	4	7	7	23	3	0	3	4	2	5	7	7	4	16	10	3	3	5	1	0	0	0	2	2	3	1	3	5	3	1	2	2	2	1	3	2	1	0	1	4	4	4	2	1	1	1	1	0	1	0	0	0	0	2	2	2	1	4	1	4	2	2	0	0	0	1	1	2	1	1	4	3	2	4	3	3	1	0	3
0	0	0	0	0	0	0	0	0	1	0	0	0	0	1	0	0	0	0	0	0	1	0	0	0	1	0	0	0	0	0	0	0	0	0	0	1	1	0	0	0	0	0	1	0	1	0	1	0	2	0	2	0	1	0	1	0	0	0	0	0	1	0	0	0	0	1	0	0	0	0	1	0	0	0	0	0	2	0	0	0	1	1	1	1	1	0	0	2	1	0	1	1	0	1	0	1	1	0	0	0	2	0	2	0	0	0	0	1	0	0	1	2	1	0	1	2	0	1	0	1	2	0	0	0	0	0	0	1	0	1	1	0	2	1	1	0	1	0	0	1	1	2	0	0	0	0	0	0	0	0	0	1	0	1	2	0	1	0	1	1	2	2	0	2	1	3	0	0	0	1	0	0	0	0	0	1	1	1	2	0	1	2	0	0	0	1	1	1	0	0	1	0	0	1	2	1	1	2	2	0	0	1	0	0	1	0	1	1	4	1	3	1	1	0	2	3	0	3	0	1	0	0	0	0	0	0	0	0	0	1	0	2	2	3	6	3	3	5	2	0	0	7	6	12	17	13	27	1	4	14	7	2	6	6	3	0	1	2	1	0	4	1	1	0	0	0	1	2	1	4	2	2	3	0	2	1	2	2	3	3	2	0	0	0	2	0	0	1	2	0	0	0	0	1	0	1	1	0	2	6	8	2	4	6	5	2	3	5	2	2	1	1	0	0	0	0	2	4	5	8	2	1	2	2	1	0	1	0	3	3	2	0	2	0	0	2	3	1	2	3	4	2	3	0	0	4	5	3	0	2	1	3	3	4	6	11	4	2	2	6	10	9	12	10	7	6	7	6	16	3	11	4	3	8	5	4	8	3	3	7	1	3	7	13	20	152	0	41	17	4	4	3	0	2	1	1	2	2	1	2	5	4	7	0	2	5	4	3	3	4	3	10	15	1	4	2	2	5	5	3	2	9	8	13	3	3	1	0	1	4	0	2	2	1	2	1	0	1	2	0	2	1	2	3	1	2	0	0	1	2	0	0	2	2	0	1	0	3	0	1	2	3	1	4	1	0	2	0	0	1	2	1	0	2	2	2	0	1	1	0	2	2	1	2	2	4	0	1
0	0	0	0	0	0	0	0	0	0	0	0	0	0	0	0	0	0	0	1	0	0	0	0	0	0	0	0	0	1	0	0	1	0	0	1	0	0	0	0	1	1	0	1	0	0	0	0	1	0	0	0	0	0	0	0	0	1	0	2	0	0	0	1	0	0	0	1	1	0	1	0	1	0	0	0	0	0	0	1	0	0	0	0	0	0	0	0	0	0	0	0	0	1	0	0	2	0	0	1	0	0	1	0	0	1	0	2	0	1	0	0	0	0	0	0	0	0	0	1	0	0	1	0	1	0	0	1	0	0	1	2	1	2	2	1	1	1	3	0	1	0	0	1	0	0	0	1	1	0	0	2	0	0	1	0	1	1	0	0	3	1	1	0	0	2	0	1	0	0	0	2	1	3	1	1	0	0	0	1	1	2	0	0	0	0	0	1	0	0	0	0	0	0	0	1	1	0	0	1	0	0	0	0	0	0	0	2	2	0	0	0	2	1	3	0	1	0	1	0	0	0	1	1	0	0	0	1	0	0	1	0	0	0	1	5	3	3	1	1	3	0	4	5	6	9	9	10	3	4	10	4	3	5	3	2	1	1	1	1	2	0	1	0	0	0	1	1	2	1	0	1	1	2	1	1	1	4	1	3	2	2	2	0	1	1	2	1	2	1	0	1	0	2	0	0	2	0	1	2	1	2	6	6	2	4	1	1	0	2	1	1	1	1	0	2	2	1	2	2	2	4	5	3	0	3	0	1	1	1	4	5	2	1	2	1	5	2	2	0	2	0	2	4	3	0	5	1	2	7	7	5	3	8	4	11	10	12	5	3	10	11	10	24	19	38	7	5	9	24	8	22	17	13	14	9	9	4	2	17	11	3	5	4	9	16	17	41	0	19	5	5	4	1	2	2	3	1	3	5	1	2	6	0	0	2	4	7	6	2	2	5	5	5	2	0	0	3	0	1	2	2	3	2	4	2	4	2	1	2	1	0	0	2	0	0	1	1	1	2	3	3	2	0	2	1	1	4	1	1	1	2	0	0	1	0	0	1	1	2	1	2	1	0	2	0	2	0	3	2	3	0	0	0	1	0	0	2	0	2	1	0	2	4	1	2	5	1	0
0	0	0	0	0	0	0	0	1	0	0	0	0	0	0	0	0	0	0	0	1	1	0	0	1	0	0	0	1	1	1	1	0	1	0	0	0	1	0	0	0	0	1	0	0	0	1	1	0	0	0	0	0	1	0	0	0	1	0	0	0	0	0	0	0	0	0	0	0	0	0	0	1	0	0	0	0	0	0	0	0	0	0	1	0	0	1	0	0	0	0	0	0	1	0	1	0	0	0	0	0	1	0	0	1	0	1	1	3	0	0	0	0	0	0	0	0	1	1	0	0	0	0	0	0	0	0	0	0	1	0	1	1	0	2	0	3	0	1	0	0	1	0	0	0	1	1	0	0	1	0	0	0	0	0	0	1	2	0	1	1	0	2	1	2	3	1	1	2	0	1	0	1	4	1	0	0	1	0	2	0	0	0	0	0	0	0	0	0	2	1	0	0	0	1	0	2	1	0	1	0	0	0	1	0	0	0	0	2	2	0	1	0	0	1	1	1	2	0	0	2	0	1	0	0	0	0	0	1	1	0	1	0	3	4	1	5	5	3	4	1	2	4	10	5	8	9	4	3	0	4	0	1	2	2	1	0	0	1	1	1	1	0	0	0	0	1	0	0	3	1	0	0	2	2	1	0	2	1	0	1	2	3	1	1	0	1	0	0	0	2	0	1	0	0	0	1	1	1	7	1	5	11	31	8	8	2	1	1	1	5	0	2	0	1	1	0	2	2	4	3	1	1	1	2	0	0	1	1	0	3	0	0	1	2	0	2	0	0	0	0	1	3	2	1	0	2	2	4	6	2	2	2	3	2	4	7	8	0	2	2	6	6	17	16	13	18	20	23	51	11	33	19	22	7	9	5	3	2	4	4	3	5	3	5	13	19	17	19	0	34	16	8	6	10	8	4	1	4	7	8	3	10	8	4	2	8	6	7	7	2	3	0	8	0	1	1	2	1	2	0	1	1	8	7	8	2	2	1	4	0	2	1	5	5	0	5	4	1	4	9	4	3	3	6	1	1	2	2	0	0	3	2	1	1	3	1	0	2	2	1	3	1	1	3	2	3	0	1	1	1	1	0	0	0	1	1	2	1	2	4	6	2	1	1	1	3	0	3
0	0	0	0	0	0	0	0	0	0	0	0	0	0	0	0	0	0	0	0	0	0	0	0	0	0	0	0	0	0	0	0	0	1	0	0	0	0	0	0	0	0	0	0	0	0	0	1	0	0	0	0	0	1	0	0	0	0	0	1	0	0	0	0	1	0	0	0	0	0	1	0	0	0	1	0	0	0	0	0	0	0	0	0	0	0	0	1	1	1	0	0	0	1	0	0	1	0	0	0	0	1	2	0	1	0	2	1	0	1	0	0	0	1	0	0	2	1	0	0	0	0	0	1	1	0	1	0	0	0	0	1	1	3	0	0	0	1	1	3	1	0	0	0	1	0	0	0	0	1	0	0	0	1	1	0	1	0	1	0	0	1	0	0	2	1	0	0	0	1	1	0	0	0	3	1	1	0	2	0	0	0	0	0	1	0	0	0	0	1	0	0	1	0	0	0	0	0	0	0	0	2	1	0	0	0	0	0	2	0	0	0	2	1	0	0	0	0	1	0	1	0	0	0	1	1	1	0	2	1	2	0	0	0	1	1	3	5	5	1	2	1	0	7	1	5	1	0	0	1	2	0	2	3	2	0	0	2	1	0	1	0	1	3	1	1	1	2	0	0	0	0	1	1	1	2	1	1	0	1	0	0	1	2	2	0	0	2	0	1	0	0	1	1	0	0	0	2	1	0	2	1	9	15	11	5	2	2	0	1	0	1	1	1	0	0	1	1	1	2	1	1	1	2	0	1	0	0	0	2	0	0	0	1	0	0	0	1	1	1	0	0	0	1	1	2	2	2	1	3	3	2	0	0	1	2	6	5	2	8	3	1	10	3	13	6	16	34	19	9	3	11	7	6	7	7	5	6	5	3	0	2	5	1	3	5	4	4	5	34	0	81	18	6	23	12	4	3	6	12	14	11	21	4	6	1	6	7	9	4	1	4	6	4	0	3	1	0	1	4	2	0	4	2	5	3	2	1	1	4	0	3	1	2	3	4	5	5	6	14	8	1	8	2	2	1	1	1	1	2	3	2	2	2	0	1	1	0	3	8	2	9	2	1	4	2	2	1	1	0	0	1	0	1	1	0	0	2	4	2	0	1	2	2	2	3	4	2	6
0	0	0	0	0	0	0	0	0	0	0	1	0	0	0	0	0	0	0	0	0	0	0	1	0	0	1	0	0	0	0	1	2	0	0	0	0	1	0	0	0	0	0	0	0	0	0	0	0	0	0	1	0	0	0	0	2	0	0	2	0	1	0	0	0	0	0	0	0	0	0	0	0	0	0	0	0	0	0	1	0	0	0	0	0	0	0	0	0	0	0	0	0	0	1	0	0	0	0	0	0	0	1	0	0	0	0	0	0	2	0	2	2	0	1	0	0	0	0	0	0	1	0	0	1	0	2	0	0	0	0	1	0	1	2	1	0	2	0	0	0	0	0	0	0	2	0	0	1	0	1	0	1	1	1	0	0	1	0	0	1	1	0	0	0	0	0	0	0	0	1	0	0	1	1	1	1	0	1	0	0	2	0	0	0	0	1	1	0	0	0	0	1	0	0	0	0	1	0	0	3	1	0	1	0	1	0	1	2	0	1	1	0	0	0	0	2	0	0	1	0	0	1	0	0	0	0	0	1	1	2	0	0	0	3	3	4	2	2	2	2	2	5	3	6	1	2	3	3	3	0	0	3	0	1	0	1	0	3	0	0	0	0	1	2	0	0	3	2	0	1	0	1	2	0	0	0	0	0	2	1	0	2	0	0	1	0	0	0	0	1	0	0	0	0	0	1	1	1	1	1	1	9	16	3	5	1	3	2	1	0	0	1	2	2	0	1	0	0	1	1	0	0	0	2	0	0	3	1	0	1	0	3	0	0	2	0	1	0	1	0	2	2	1	0	1	0	0	1	1	1	0	1	1	3	2	2	3	1	3	0	3	3	5	5	7	11	20	11	4	10	6	2	9	4	3	1	5	3	1	0	0	0	2	1	3	3	4	5	16	81	0	15	18	40	13	6	5	10	10	10	16	16	12	6	7	11	14	14	10	4	4	3	3	2	2	4	1	0	4	3	1	5	6	4	6	2	2	1	3	4	2	4	2	4	2	11	13	12	22	8	6	8	4	8	2	2	1	2	2	3	0	3	1	2	0	2	0	3	6	4	8	3	4	0	0	2	0	1	1	0	1	1	0	0	0	4	1	1	1	1	2	1	0	3	2	3	4	1
0	0	0	0	0	0	0	0	0	0	0	0	0	0	0	0	0	0	0	0	0	2	0	0	0	2	0	0	0	0	0	0	0	1	1	0	0	0	0	0	0	0	0	0	1	1	0	1	0	0	1	1	0	0	0	0	1	0	1	0	0	0	0	0	1	0	0	0	0	1	0	1	0	0	0	0	0	1	0	1	0	1	0	0	1	0	0	1	0	2	0	0	0	0	1	0	1	2	0	0	0	0	0	1	0	0	0	0	2	0	0	1	0	2	1	0	1	1	0	0	0	0	0	0	0	0	0	1	0	0	0	0	0	1	1	1	0	1	0	0	0	1	2	0	1	0	1	0	0	0	1	0	1	0	0	1	1	2	1	2	0	1	2	2	0	0	2	0	1	2	0	0	0	0	0	0	0	1	0	1	0	0	0	1	0	0	0	0	0	0	1	0	0	0	0	0	1	0	0	1	1	0	1	0	0	0	0	0	1	1	2	0	1	0	0	2	1	0	1	0	4	0	2	1	0	1	0	0	0	0	0	0	2	3	1	1	4	4	1	3	2	2	2	5	1	5	1	2	2	1	1	0	0	0	2	1	2	2	0	1	0	0	0	0	0	0	0	0	0	0	0	0	0	0	1	1	0	1	1	0	1	0	1	1	0	0	0	0	0	1	0	0	1	1	0	2	2	3	0	0	1	0	1	2	4	2	3	0	1	0	0	1	1	0	0	0	2	1	1	0	2	0	0	0	1	2	0	1	0	1	2	0	2	1	0	1	1	0	0	1	0	0	0	0	2	1	0	0	0	0	2	2	1	1	0	1	3	2	1	1	2	2	1	12	3	2	9	7	4	2	2	4	5	1	3	1	2	2	0	5	1	2	0	0	1	2	1	3	4	8	18	15	0	131	25	5	3	12	2	6	1	12	19	12	4	12	20	12	15	7	3	4	8	8	3	2	1	0	0	2	5	3	4	4	4	3	5	4	3	5	6	2	8	9	4	3	15	8	7	16	13	8	14	4	10	6	5	4	8	5	1	3	2	0	2	0	0	0	7	3	4	9	4	1	5	1	0	0	1	0	0	2	0	0	3	1	2	1	0	3	0	2	1	2	1	6	5	0	7
0	0	0	0	0	0	0	0	0	0	1	0	1	0	0	0	0	0	0	0	0	0	0	0	0	0	0	0	0	0	0	0	0	0	0	0	0	0	0	0	0	1	0	1	0	2	1	0	0	0	0	0	0	0	0	0	1	0	0	0	0	0	0	0	0	0	1	0	0	0	1	0	1	0	0	1	0	0	1	1	0	0	1	0	0	0	0	1	0	1	0	0	0	0	0	0	0	0	0	0	0	0	0	1	0	0	1	1	2	0	0	0	2	0	0	0	0	0	0	0	0	1	0	3	0	0	0	0	0	0	0	1	0	0	0	1	2	1	0	0	0	0	0	0	0	0	0	0	0	0	0	1	0	1	2	1	1	0	1	0	0	1	0	0	1	0	0	0	2	1	1	1	2	0	0	0	0	0	2	0	1	0	0	1	1	0	1	0	0	1	1	0	0	0	1	0	0	0	0	2	0	0	0	0	0	1	0	1	1	1	0	1	1	0	0	1	0	0	0	1	1	1	0	0	0	0	1	1	0	3	0	1	1	1	2	3	7	4	2	1	2	1	1	7	3	3	3	2	4	1	2	1	2	0	1	0	0	0	0	1	1	0	0	0	0	0	0	0	0	1	0	0	0	2	0	0	0	0	1	0	1	0	1	1	3	1	0	1	0	0	2	0	0	0	1	0	3	0	2	3	1	2	4	4	5	1	1	2	2	3	2	0	0	1	0	0	1	0	0	1	0	3	1	0	1	1	0	0	1	0	0	1	0	1	0	2	0	0	0	1	1	0	0	0	0	1	1	1	0	1	1	1	0	0	0	0	0	1	0	2	1	1	3	7	4	5	8	8	3	5	1	2	4	0	0	2	2	2	1	1	0	1	1	0	0	2	5	0	1	6	6	18	131	0	13	4	2	3	4	3	3	15	22	21	6	12	43	13	17	12	6	3	7	5	3	2	1	1	0	0	0	5	8	6	7	4	9	7	3	5	8	1	4	11	2	4	11	10	10	13	4	10	24	14	10	9	9	5	3	0	6	7	4	3	3	1	3	1	6	9	4	7	4	0	4	3	0	0	0	2	1	0	0	1	0	1	1	1	0	2	0	3	3	6	7	2	3	4	3
0	0	0	0	0	0	0	0	0	0	0	0	0	0	0	0	1	0	0	1	0	0	0	1	0	0	0	0	0	0	0	0	0	1	0	0	0	0	1	0	1	0	0	0	0	0	0	0	0	0	1	1	2	1	0	0	0	0	1	0	0	0	1	2	0	0	0	0	0	0	0	0	0	0	1	0	0	0	0	0	0	0	0	0	0	0	0	1	1	0	0	0	1	0	0	0	1	0	2	1	1	0	0	0	0	1	1	2	0	0	1	0	0	1	0	0	1	0	0	1	1	1	1	0	1	0	1	1	0	0	2	0	0	0	1	0	0	0	0	2	0	0	0	1	2	1	0	0	2	1	0	1	1	1	0	1	0	2	1	2	1	0	1	1	1	1	0	1	2	0	1	3	1	1	0	1	0	0	0	0	1	1	1	0	1	1	0	1	1	0	0	0	0	0	0	1	1	0	1	0	0	0	0	0	0	1	0	0	2	0	0	1	0	0	0	0	0	1	0	1	1	1	0	0	0	0	1	1	1	2	0	0	1	3	2	0	1	3	3	4	4	3	3	5	3	1	2	3	4	0	5	2	0	2	1	2	1	1	1	0	0	1	0	0	0	0	0	0	2	0	0	1	0	0	0	1	0	0	0	0	0	0	1	2	0	1	0	1	0	0	1	1	0	1	0	2	0	0	1	2	2	3	2	10	8	4	3	5	2	1	3	2	0	0	1	2	0	2	0	2	0	0	1	2	1	0	1	2	1	1	0	0	0	1	0	0	1	0	0	2	0	3	1	2	0	0	0	0	1	2	0	2	0	2	4	1	2	2	1	2	2	1	4	4	5	2	7	4	7	5	2	3	2	5	3	1	2	1	2	1	2	2	2	4	1	1	3	2	2	10	23	40	25	13	0	22	19	15	12	17	20	55	35	13	16	15	14	5	1	3	1	4	6	3	1	3	0	0	2	3	0	3	6	2	7	5	7	1	2	1	4	2	0	2	2	4	11	8	7	12	4	3	3	4	2	5	2	6	1	1	3	1	2	2	3	1	2	0	8	10	4	21	7	1	1	1	1	3	4	1	2	0	0	0	3	0	2	1	4	1	0	1	3	6	3	8	7	4	8
0	0	0	0	0	0	0	1	0	0	1	0	0	0	1	0	1	0	1	0	0	0	0	1	1	0	0	0	1	0	0	1	0	0	0	0	0	0	0	0	0	1	0	0	0	1	0	0	1	1	0	0	0	0	0	0	0	0	0	0	1	0	0	1	0	0	0	0	2	0	1	0	0	0	0	0	0	0	1	0	1	1	1	0	0	0	0	0	0	0	0	0	0	0	0	0	0	0	1	1	0	0	0	1	0	1	1	1	1	1	0	0	0	0	0	0	1	1	0	0	0	0	1	0	1	1	0	0	0	1	0	1	0	0	0	1	1	1	0	0	0	0	0	0	2	0	0	0	0	0	0	1	1	1	0	1	2	1	0	0	1	1	0	0	0	0	0	1	2	1	0	2	0	0	1	1	0	1	2	0	0	1	0	0	0	0	0	1	2	2	0	1	0	2	1	0	0	0	0	0	1	0	0	0	0	1	0	0	0	2	0	0	1	2	2	0	0	0	0	0	0	0	0	2	0	0	1	0	0	0	2	0	0	0	2	1	5	3	7	2	3	5	6	4	4	3	2	1	2	1	2	1	0	3	0	0	0	0	0	1	0	0	1	0	0	0	1	0	0	1	3	2	1	0	1	0	1	1	0	2	0	0	1	0	0	2	2	0	0	0	0	2	0	2	1	1	1	1	0	2	0	2	4	11	6	6	4	0	1	1	0	3	2	1	0	1	1	1	3	4	2	0	0	0	0	1	1	0	0	0	0	0	1	1	0	0	1	0	0	1	0	0	0	1	0	0	0	0	1	0	3	0	0	0	1	0	1	3	3	2	1	5	3	3	4	1	6	6	9	5	3	5	6	3	3	3	1	1	0	1	2	0	2	1	0	0	1	1	2	8	12	13	5	4	22	0	96	39	24	384	17	9	6	6	4	5	5	5	3	5	2	2	3	4	0	1	0	1	0	0	0	2	1	2	4	2	2	3	0	2	2	0	1	0	0	1	8	5	1	11	4	5	3	4	1	1	3	1	1	3	0	1	2	0	1	0	1	1	1	5	7	8	3	2	2	1	4	2	2	0	1	1	1	0	0	1	1	2	1	0	0	2	1	3	3	5	13	5	6
0	0	0	0	0	0	0	0	0	0	0	0	0	0	0	0	0	0	0	0	0	0	1	0	1	0	0	0	0	0	0	1	0	0	0	0	0	0	0	0	0	0	0	0	0	0	0	0	0	0	0	1	0	1	0	0	0	1	0	0	0	0	0	0	0	0	0	0	0	0	0	0	1	1	0	0	0	0	0	0	1	0	0	0	0	0	0	0	0	0	0	1	0	0	0	0	0	1	0	0	1	0	0	1	0	0	0	0	0	0	0	0	0	0	0	0	0	1	0	0	0	0	0	1	2	0	0	0	0	0	0	1	0	1	1	0	2	1	0	1	2	1	1	0	1	0	0	0	1	0	0	0	0	1	1	0	1	1	1	1	2	0	0	2	0	0	1	2	1	1	0	0	1	0	0	0	1	1	1	0	1	0	0	0	0	0	0	1	2	0	0	0	0	1	0	0	0	0	0	0	0	0	0	0	0	0	0	0	2	0	1	1	0	0	0	0	0	0	0	0	0	0	0	1	0	1	1	0	2	0	0	0	1	0	0	2	3	8	7	13	4	2	4	2	1	2	3	1	0	0	1	1	1	1	0	1	1	1	1	0	1	0	0	0	0	0	0	1	1	2	0	0	1	0	0	1	1	1	2	1	0	1	4	0	1	1	3	0	0	0	1	0	0	1	1	1	1	0	0	2	0	3	7	8	11	7	0	4	3	1	1	1	1	1	0	1	1	1	3	1	0	2	0	1	3	2	0	0	0	0	1	0	1	2	1	0	0	1	1	0	0	1	1	0	0	0	1	0	3	2	1	0	1	0	2	2	1	4	0	3	1	3	3	2	2	1	2	7	9	5	2	2	4	5	5	2	0	4	4	1	3	1	0	1	0	0	3	1	3	4	4	6	3	2	19	96	0	44	62	158	27	14	6	3	4	7	3	4	0	4	1	1	0	5	1	1	1	0	0	1	1	4	5	1	1	2	2	4	2	2	0	1	2	1	3	2	2	1	3	13	3	0	1	4	2	1	2	0	0	0	3	2	0	0	1	2	0	3	3	6	17	16	4	4	4	1	0	6	2	3	0	2	0	2	4	0	1	1	1	4	0	3	1	2	5	5	17	10	5
0	0	0	0	0	0	0	0	0	0	0	0	0	0	0	0	0	1	0	0	0	0	0	0	0	1	1	0	0	0	0	0	1	0	0	0	0	0	0	0	0	0	0	0	0	0	1	1	0	0	1	0	0	0	2	0	0	0	0	0	0	0	0	0	0	0	1	0	0	0	0	0	0	0	0	1	0	0	0	0	0	1	0	0	0	0	0	1	0	1	0	0	0	0	0	0	0	0	0	0	0	0	0	0	0	0	0	1	0	0	0	0	0	0	0	0	0	0	0	0	0	0	0	0	0	0	0	1	0	0	0	0	0	1	1	1	0	1	1	2	0	0	0	1	0	0	0	1	1	0	0	0	0	0	1	0	0	0	1	0	1	2	0	1	0	0	0	1	0	0	0	0	1	0	2	0	1	0	1	1	2	0	0	0	1	1	0	0	0	0	2	0	1	0	1	0	0	0	0	0	1	0	0	0	0	1	0	0	0	0	0	0	0	0	0	2	0	0	0	0	1	0	2	1	1	0	1	1	1	0	0	0	1	3	0	0	1	2	9	3	9	2	2	5	1	1	4	0	0	0	2	0	0	0	1	0	0	0	0	1	0	0	0	0	0	3	0	0	1	0	0	1	0	0	0	2	1	0	1	1	0	2	0	0	1	1	0	0	0	1	0	0	1	2	0	0	0	1	1	2	0	1	2	6	11	1	2	2	1	3	0	2	2	0	0	1	1	1	1	2	0	0	0	0	0	0	0	0	1	1	0	0	0	0	0	1	0	1	1	0	0	0	0	0	0	0	1	0	0	1	0	1	0	1	0	1	1	4	0	1	1	0	5	3	2	0	5	3	4	5	3	3	3	1	3	0	5	1	5	3	0	2	0	0	0	1	1	2	1	1	3	5	12	3	15	39	44	0	28	30	10	14	9	6	3	7	7	3	0	3	1	5	1	3	3	1	2	2	3	0	2	0	5	2	0	3	3	6	5	1	2	1	1	3	1	1	13	3	5	8	8	0	3	1	3	0	1	0	3	2	1	0	1	2	0	0	2	2	5	5	21	37	10	5	4	3	5	4	2	1	0	2	1	2	1	2	0	1	4	0	2	1	5	3	4	6	6	6	6
0	0	0	0	0	0	0	0	0	0	0	0	0	0	0	0	0	0	0	0	0	0	0	1	0	0	1	0	1	1	0	0	0	0	0	0	0	0	0	0	0	0	0	0	0	1	0	0	1	0	0	0	0	0	0	0	0	0	0	0	0	0	0	0	0	0	0	0	0	0	0	0	0	2	0	1	0	1	0	0	2	2	0	0	0	0	0	1	0	0	0	0	1	1	0	0	0	0	2	1	1	0	1	3	0	0	0	0	0	1	1	0	1	1	0	0	0	0	1	0	0	0	0	0	0	0	0	3	0	0	0	0	0	0	0	0	0	3	2	2	0	2	1	0	1	2	0	0	0	0	1	1	1	0	2	1	0	0	0	0	2	1	2	0	0	0	1	0	1	0	0	0	0	0	0	1	0	0	0	0	0	0	0	0	1	0	0	0	2	0	0	1	0	0	0	0	0	1	0	0	0	1	0	0	0	0	1	0	2	1	0	0	0	0	2	1	0	0	0	1	0	0	0	1	0	0	0	0	0	0	1	1	0	0	2	1	4	8	5	6	7	9	4	5	4	2	1	2	0	2	2	1	1	0	1	2	2	0	0	0	0	0	0	0	0	0	1	1	0	0	0	0	1	0	0	2	0	0	2	1	1	1	1	0	1	0	2	0	0	0	0	0	0	2	1	1	0	0	1	1	0	1	6	13	8	4	4	2	4	0	3	1	2	1	1	2	0	1	1	1	0	0	1	0	1	0	0	1	0	1	1	0	1	1	2	0	0	0	0	1	0	0	1	1	1	0	1	1	1	1	1	0	0	0	2	1	0	1	0	1	0	3	0	3	1	1	4	5	3	1	3	2	3	4	4	2	3	1	3	2	3	0	2	0	2	2	3	2	3	4	6	10	2	4	12	24	62	28	0	29	24	11	6	4	12	4	3	3	1	0	0	0	4	5	0	1	0	2	1	0	0	3	1	3	3	4	5	2	3	3	4	1	1	1	3	2	5	1	2	4	2	3	2	1	0	0	4	1	0	0	1	2	0	1	0	1	1	3	6	7	9	16	12	4	3	3	4	7	2	2	1	1	3	1	2	0	2	3	1	2	4	4	1	5	10	6	55	45	14
0	0	0	0	0	0	0	0	0	0	0	0	0	0	0	0	0	0	0	0	0	0	0	1	0	0	0	0	0	0	0	0	0	0	0	0	2	0	2	0	1	0	0	1	0	0	1	0	0	0	1	0	1	0	0	1	0	0	0	0	0	1	0	0	0	0	1	0	0	0	0	0	0	1	1	0	0	0	0	0	0	1	0	0	0	0	0	0	0	0	0	0	0	0	1	0	1	0	0	0	1	2	0	0	0	2	0	1	1	1	0	0	0	0	0	0	0	0	0	0	0	0	1	0	0	0	0	0	0	0	1	0	1	0	0	2	0	1	0	0	0	0	0	0	0	0	1	0	1	0	0	1	1	0	0	0	2	0	0	2	0	0	1	1	3	2	0	0	0	0	0	0	0	0	0	1	0	0	1	0	1	2	1	1	0	1	0	1	2	0	0	0	1	0	0	0	0	0	1	0	0	2	0	0	0	0	0	1	0	1	0	0	0	0	2	1	0	0	0	0	0	2	0	0	0	0	1	0	0	0	0	0	0	2	0	2	5	8	11	7	4	6	5	2	1	3	4	2	2	2	4	0	0	0	0	1	0	0	0	0	0	0	0	0	1	0	0	2	0	0	0	1	0	1	0	1	2	3	3	0	1	0	2	2	0	0	1	0	0	1	3	1	1	2	4	0	1	1	1	1	3	5	5	10	8	4	6	2	3	2	4	0	2	2	3	1	0	1	2	1	2	0	3	0	1	0	0	0	1	0	0	1	0	0	1	0	0	0	0	0	1	2	1	0	0	0	0	1	0	2	1	1	1	1	2	2	3	4	0	4	1	1	2	2	0	3	5	11	8	5	5	4	4	4	1	6	2	2	3	4	1	1	1	2	1	0	2	1	5	7	12	10	6	3	17	384	158	30	29	0	35	10	7	5	5	5	6	4	1	2	2	1	3	4	1	0	2	0	1	0	4	2	3	4	4	2	2	2	4	4	1	2	1	3	1	4	6	2	4	7	5	1	1	3	2	3	1	3	0	1	2	1	1	2	0	1	1	1	3	4	4	10	4	4	2	0	4	0	2	0	1	1	0	1	0	0	1	3	2	1	1	5	1	0	5	3	12	7	5
0	0	0	0	0	0	0	0	0	0	0	0	0	0	0	0	0	0	0	0	1	0	0	0	0	1	1	2	0	0	1	0	0	0	0	0	0	1	0	0	0	0	0	0	0	0	0	0	0	1	0	0	0	1	0	0	0	0	0	0	0	0	0	0	0	0	0	0	0	0	1	0	0	1	2	0	0	0	1	0	0	0	0	0	0	1	0	0	0	0	0	1	0	1	1	1	0	0	0	0	0	1	0	0	0	0	1	0	0	0	1	1	2	0	0	0	0	0	0	1	2	0	0	0	1	0	0	0	2	0	0	0	0	0	0	0	1	2	1	1	0	2	0	1	0	1	1	0	1	0	0	2	0	0	1	1	0	1	0	1	1	0	1	1	0	2	2	3	0	0	1	0	0	1	0	1	1	0	0	0	1	0	1	0	0	0	0	1	0	1	0	2	0	0	1	1	1	1	0	0	0	1	2	1	0	1	2	0	0	1	0	0	0	1	2	0	1	1	0	0	0	1	0	0	0	0	1	0	0	0	2	1	1	1	3	3	11	16	11	10	14	9	4	11	5	3	0	3	0	1	1	0	1	0	1	3	2	1	0	0	0	0	2	1	0	1	0	3	1	0	0	1	0	1	1	0	1	1	1	1	3	2	1	0	1	0	0	1	0	0	0	0	1	3	0	1	1	2	0	2	4	1	9	62	59	7	1	3	5	4	3	1	3	1	0	2	2	2	2	2	2	2	2	0	0	0	0	0	0	1	0	0	0	0	0	1	0	1	2	1	1	1	1	0	2	1	0	0	2	0	1	0	0	1	2	3	2	6	3	0	3	2	1	2	2	2	6	8	9	7	11	12	5	3	7	4	5	2	2	1	3	1	1	3	1	0	1	2	1	8	14	10	1	3	20	17	27	10	24	35	0	20	17	6	8	8	7	6	2	2	1	1	4	4	2	3	4	0	2	3	0	5	3	6	7	10	5	4	2	0	4	3	0	4	2	3	4	4	2	10	1	3	2	1	1	1	2	1	3	2	4	1	4	1	2	2	0	2	8	8	6	7	4	2	7	3	1	3	5	2	3	1	2	3	2	3	2	0	1	2	1	3	2	1	5	10	21	13	5
0	0	0	0	0	0	0	0	0	0	0	1	0	0	0	0	0	1	0	0	0	1	0	0	0	0	1	0	0	1	0	0	0	0	0	0	1	1	0	0	0	0	0	0	0	0	0	0	1	1	0	0	0	1	0	0	1	1	0	0	0	0	0	0	0	0	0	1	1	0	0	0	0	0	0	0	0	1	0	0	0	0	1	0	0	0	0	1	1	0	0	0	0	1	0	1	0	1	0	0	1	0	0	0	1	0	1	1	1	0	2	0	0	0	0	0	0	1	1	0	0	0	2	0	0	0	0	0	0	0	0	0	0	0	0	2	1	0	1	3	1	1	0	2	2	0	0	0	1	0	0	0	0	1	1	1	0	0	1	0	1	2	0	1	1	0	1	0	0	0	0	0	1	0	1	0	0	0	1	0	1	0	0	0	1	0	0	1	0	0	1	0	0	0	1	0	0	0	0	0	0	0	0	0	1	0	0	0	1	0	1	0	3	0	2	0	0	0	0	0	0	0	1	1	1	0	0	1	0	1	1	3	1	3	2	6	3	3	2	1	4	2	5	3	2	4	4	3	1	3	3	1	1	0	0	2	1	2	0	0	1	0	1	2	0	0	0	1	1	0	0	0	0	0	0	0	2	0	0	0	0	1	0	0	0	0	0	0	0	0	0	0	3	1	0	1	0	2	0	1	3	2	1	9	18	5	2	3	2	2	3	1	2	1	1	0	1	0	0	1	1	0	0	1	0	1	1	0	2	1	0	1	0	0	0	0	0	0	0	2	1	2	0	1	0	1	2	1	1	0	0	2	1	0	3	3	2	2	3	1	0	0	4	4	2	4	8	5	5	4	3	1	4	10	1	0	3	0	2	0	1	3	2	0	0	1	7	5	2	3	11	16	12	15	55	9	14	14	11	10	20	0	20	23	34	33	6	3	8	4	4	3	3	5	2	0	2	0	0	3	0	6	1	2	2	10	10	11	6	5	3	1	0	2	3	1	9	2	4	9	2	0	1	1	2	5	1	2	1	2	5	1	5	4	4	4	4	4	8	9	10	27	7	6	4	5	4	4	2	0	1	2	1	2	1	0	3	5	5	1	1	2	6	10	9	11	18	10	5
0	0	0	0	0	0	0	0	0	0	0	0	1	0	0	0	0	0	0	1	1	1	1	0	0	0	0	1	1	1	1	0	0	0	0	1	0	0	0	0	0	0	0	0	0	0	0	0	0	0	0	1	0	0	0	0	0	0	0	0	0	0	0	0	0	1	0	0	0	0	0	0	0	0	0	0	0	0	0	0	0	0	1	0	1	0	0	0	0	0	1	0	0	1	0	0	1	1	0	0	0	0	0	0	0	1	2	0	0	0	0	0	0	0	1	0	0	1	1	1	0	0	0	0	2	1	1	1	0	0	3	1	1	1	2	0	1	2	1	2	0	0	1	0	0	1	2	0	1	0	0	1	1	1	1	0	1	0	2	0	1	1	1	1	2	0	0	2	1	0	0	0	1	0	0	0	1	0	0	0	0	1	2	0	2	0	1	0	1	0	0	0	1	0	2	0	0	1	0	0	1	0	0	0	0	0	0	0	0	0	0	1	0	0	0	1	1	0	0	1	0	2	2	0	1	0	0	0	1	2	1	1	1	5	1	1	14	2	4	3	3	1	2	3	7	6	6	5	2	1	2	4	4	1	0	1	0	1	0	0	0	0	1	0	0	1	1	1	2	0	2	1	0	1	1	0	0	0	3	0	2	1	1	2	0	0	1	0	2	0	1	1	0	0	0	0	1	0	2	3	2	1	2	13	3	3	0	0	2	1	0	1	1	2	1	0	1	3	0	1	1	1	1	0	1	4	1	2	2	1	0	2	0	0	1	0	0	0	1	1	0	0	0	1	1	0	0	0	3	1	1	0	4	1	1	4	1	4	1	2	1	1	5	7	6	5	3	6	3	8	4	9	2	1	3	0	1	0	2	2	1	4	4	4	0	3	11	4	6	10	21	16	19	22	35	6	6	9	6	7	17	20	0	31	17	12	56	17	12	4	0	3	8	11	2	4	3	3	2	4	5	4	9	12	10	8	11	6	5	3	6	3	1	4	5	2	2	6	3	8	8	7	8	4	3	4	2	5	1	4	5	6	6	2	2	2	1	0	7	2	1	8	5	0	1	1	1	3	1	0	1	1	0	1	1	1	3	2	1	2	3	1	8	1	7	5	3	5	8
0	0	0	0	0	0	0	1	1	0	0	0	0	0	0	0	1	0	0	0	0	1	0	0	0	0	0	0	1	0	1	0	0	0	0	0	0	1	0	0	1	0	2	1	1	0	1	0	0	1	0	2	0	0	0	0	1	1	0	0	0	0	0	1	0	0	0	0	0	0	0	0	0	0	0	0	0	0	2	0	0	0	0	0	0	0	0	0	1	0	0	0	0	1	0	0	1	2	0	0	1	1	0	0	0	2	1	0	0	1	0	0	0	1	0	2	0	0	1	1	1	0	0	0	0	2	0	0	1	2	0	1	0	0	1	1	1	3	3	2	1	0	0	1	1	2	0	0	2	2	0	0	1	1	1	1	1	1	1	2	0	2	1	2	0	0	0	1	2	0	0	2	0	1	0	0	0	0	0	1	1	0	0	1	1	0	0	1	0	0	1	0	0	0	0	0	0	0	0	1	0	0	0	0	0	0	1	0	0	1	0	0	0	0	2	1	0	1	0	1	1	1	0	1	0	0	0	0	1	1	3	3	1	3	2	2	6	1	4	1	6	3	4	10	5	1	1	4	2	1	2	0	1	1	0	1	2	1	1	0	0	0	1	0	0	1	1	0	1	0	1	0	1	0	1	1	4	0	0	2	1	1	2	1	0	0	1	0	1	0	0	0	0	2	0	0	1	0	1	1	3	1	1	8	5	2	1	1	1	3	1	2	0	1	1	1	0	1	2	0	1	0	2	2	0	0	0	0	0	0	1	0	0	1	0	0	0	1	1	0	0	0	0	2	2	0	0	0	4	1	0	0	0	0	1	2	0	1	4	2	0	0	2	2	3	0	0	3	1	6	3	3	2	2	1	1	2	2	1	0	2	0	1	1	2	3	4	7	0	8	4	12	12	21	13	6	3	6	4	5	6	23	31	0	14	101	32	7	9	4	2	6	12	17	5	4	2	3	6	1	7	12	13	9	9	16	13	20	10	5	1	2	1	2	4	1	5	7	2	2	2	2	9	0	7	6	4	4	2	4	7	3	4	8	5	1	2	6	8	10	1	7	2	8	2	3	0	2	2	0	0	1	1	1	1	0	0	3	0	2	4	2	8	7	8	4	0	2	3
0	0	0	0	0	0	0	0	1	0	0	0	0	1	1	0	1	0	0	0	0	0	1	1	0	0	0	1	0	0	0	0	0	0	0	0	0	0	0	1	0	0	0	0	0	0	1	0	0	1	2	0	0	1	0	3	0	0	0	1	1	1	0	0	0	0	0	0	1	0	0	0	0	0	0	0	1	0	0	0	0	0	0	0	0	1	1	0	0	0	0	0	0	0	0	0	0	0	0	0	0	2	0	0	0	0	0	2	2	0	0	0	0	1	2	0	0	0	0	0	0	0	0	1	0	0	0	0	2	0	0	0	1	1	1	2	1	0	5	3	1	0	0	1	1	0	0	1	0	1	1	0	0	0	0	0	0	4	1	0	3	2	1	3	0	1	1	1	1	0	0	1	1	0	0	1	0	0	1	0	0	1	2	0	0	0	0	0	2	1	0	0	2	1	1	0	0	0	0	0	1	0	0	0	3	0	1	2	0	1	1	0	0	0	0	2	1	0	1	1	1	1	2	0	1	0	0	0	1	2	1	1	1	4	3	3	9	6	1	4	0	8	10	14	2	2	4	1	2	0	3	1	1	2	1	0	2	1	0	1	0	1	3	0	0	1	1	3	1	1	1	1	2	3	0	1	0	2	0	0	0	1	2	2	1	0	0	0	0	1	0	1	0	2	0	0	5	1	2	2	1	3	2	9	7	4	2	1	4	2	3	2	6	3	3	2	1	1	2	0	2	1	0	0	1	0	0	1	0	0	0	0	0	0	1	0	0	0	0	1	0	0	2	1	0	0	1	0	1	0	0	1	1	1	1	1	2	0	1	0	1	1	3	2	3	3	0	1	3	4	2	4	3	1	2	4	2	0	1	0	1	2	2	1	1	0	5	0	0	4	6	6	4	6	16	4	4	3	12	5	8	34	17	14	0	28	1	3	4	4	3	6	2	3	4	0	6	1	1	9	5	10	5	5	9	19	24	20	5	4	2	1	1	2	1	0	3	7	3	4	2	0	4	1	2	1	2	1	1	2	1	6	4	4	6	5	5	10	21	9	5	6	6	10	9	6	2	2	2	4	1	2	2	0	1	6	2	3	11	5	1	5	22	15	22	28	17	10	16
0	0	0	0	0	0	0	0	0	0	0	0	0	0	0	0	0	1	0	1	0	0	0	0	0	0	0	0	0	0	0	0	0	0	0	0	2	0	1	0	1	0	0	0	0	0	0	1	0	1	0	0	0	0	0	0	0	0	0	0	1	0	0	0	0	0	0	0	0	0	0	0	0	0	0	0	0	0	0	0	0	0	1	0	0	0	0	0	0	0	0	0	0	0	2	0	0	0	0	0	1	0	1	0	0	0	1	1	0	1	1	0	0	1	0	0	2	0	1	3	0	0	1	0	0	0	0	1	0	0	0	1	0	3	1	1	0	1	1	1	1	0	1	2	1	0	1	0	1	0	1	0	1	0	2	0	0	2	1	0	0	2	0	0	1	0	1	1	2	0	0	0	0	0	0	0	0	0	0	1	1	1	0	0	1	0	0	2	1	0	1	0	1	0	2	0	0	0	1	0	0	0	0	0	0	0	1	0	1	1	1	1	0	3	0	0	0	1	1	0	0	0	0	0	1	0	1	0	0	0	1	5	2	3	3	4	9	0	1	4	4	1	2	5	2	0	1	3	1	1	2	0	1	1	2	2	0	1	2	1	0	0	0	1	1	1	0	2	0	1	1	0	1	0	0	0	0	0	0	0	0	0	0	0	0	0	2	0	0	0	0	1	0	1	1	0	1	1	1	2	0	1	2	7	4	6	1	2	4	2	4	0	0	2	1	1	0	3	2	0	2	0	1	0	0	2	1	0	1	0	0	0	0	0	0	0	2	1	0	1	1	0	1	1	0	1	0	1	0	0	0	0	1	0	1	0	1	2	0	0	0	0	1	4	0	2	0	1	3	8	1	4	1	7	2	4	3	0	2	0	1	0	1	1	1	4	3	2	2	2	1	7	12	12	15	5	7	7	4	5	8	33	12	101	28	0	19	3	4	1	1	5	7	6	6	2	3	2	2	4	3	4	5	5	7	22	22	33	12	5	1	4	4	6	1	4	4	0	1	2	1	1	8	2	2	2	3	1	1	5	3	7	7	8	3	1	2	7	19	11	3	13	7	3	5	3	4	2	2	2	2	3	1	0	1	3	2	2	4	3	5	4	5	10	15	9	8	8	5
0	0	0	0	0	0	0	0	0	0	0	0	0	0	1	1	1	0	0	0	0	0	0	0	0	0	0	0	0	0	0	0	0	0	0	0	0	0	0	0	1	1	1	0	0	0	1	0	0	0	0	0	0	0	0	0	0	0	0	0	1	0	0	0	0	0	0	0	0	0	0	0	0	2	0	1	0	1	1	0	0	1	0	0	0	0	0	1	0	0	0	1	0	0	0	0	0	1	0	1	0	2	0	2	1	1	0	0	0	0	0	0	1	0	0	0	1	0	0	0	0	0	0	0	0	0	0	0	1	0	0	0	0	1	0	0	1	4	2	0	2	0	2	0	1	2	0	1	0	0	0	0	0	0	0	0	0	1	0	0	0	0	1	0	1	0	0	0	0	0	2	2	2	0	1	1	0	1	1	0	0	1	1	1	0	3	0	2	0	2	1	1	3	0	0	0	0	0	0	0	0	0	0	0	1	1	0	0	0	0	1	0	0	1	0	3	0	1	0	0	1	1	1	0	0	0	0	0	2	2	0	0	0	3	1	4	3	0	1	2	2	3	0	8	7	5	1	3	2	3	6	1	4	3	1	0	2	1	0	2	0	0	1	0	0	0	1	1	0	1	0	0	1	1	1	1	2	1	1	1	1	2	0	1	1	0	0	0	0	1	1	0	0	0	0	0	3	3	0	1	2	2	2	6	5	4	1	1	0	2	1	1	0	0	1	0	1	2	1	2	0	3	1	1	1	0	0	1	0	1	3	0	0	1	1	2	2	1	2	0	1	2	0	2	1	2	1	0	3	0	0	2	1	3	0	3	2	3	1	1	0	3	4	3	7	5	1	9	4	6	3	5	5	6	4	2	1	0	3	2	1	4	0	0	0	1	10	5	4	8	6	11	20	43	14	5	3	7	3	6	7	6	56	32	1	19	0	47	15	14	5	17	24	21	4	2	3	0	5	4	5	7	18	7	14	11	7	5	3	4	2	3	4	4	3	3	8	3	3	5	7	1	8	4	10	4	7	2	4	3	4	4	3	4	3	2	0	2	4	4	3	2	0	1	4	1	2	3	1	0	0	0	1	0	1	1	1	1	1	1	0	3	9	1	2	0	1	2	3
0	0	0	0	0	0	0	0	0	0	0	1	0	0	0	0	0	0	0	0	0	1	0	0	0	0	1	1	0	0	0	0	0	0	0	0	0	0	0	1	0	0	1	0	0	0	3	0	0	0	1	0	0	0	1	0	1	0	0	0	0	0	1	1	0	0	0	0	1	0	0	0	0	0	0	0	0	0	1	0	0	0	0	0	0	0	4	1	2	0	0	0	0	0	1	0	0	0	0	0	0	0	0	0	0	1	0	1	1	1	0	0	0	1	1	0	1	0	0	0	0	1	0	0	0	0	1	0	0	0	0	1	0	2	1	1	2	1	1	2	0	0	0	1	1	0	0	0	0	0	0	0	1	0	0	0	1	1	1	0	1	1	1	1	2	0	0	4	0	0	0	1	0	2	0	0	1	1	0	0	0	1	0	0	0	0	1	0	0	0	0	0	1	1	0	0	0	1	0	0	1	1	0	0	0	0	1	0	0	1	0	1	0	1	0	0	0	2	0	0	0	1	1	0	1	0	3	1	1	2	1	3	3	1	4	2	2	1	3	1	4	1	1	3	4	2	3	0	0	4	4	2	1	3	1	0	2	2	2	2	0	1	0	0	1	2	1	0	0	0	1	0	0	0	1	0	0	1	2	0	0	1	0	0	0	1	1	0	0	0	0	1	0	0	1	1	3	0	1	4	0	3	1	4	3	2	3	1	2	0	1	0	1	1	1	2	2	1	1	0	3	2	2	0	1	3	1	1	3	1	1	0	0	1	2	1	1	1	0	1	1	3	0	0	1	1	2	2	0	1	0	1	0	1	1	1	2	0	1	1	1	3	4	11	6	8	11	5	1	6	3	6	4	2	3	2	0	0	4	4	3	4	3	2	5	2	10	4	7	6	7	14	12	13	5	5	4	3	3	4	6	3	17	7	3	3	47	0	50	21	4	23	38	18	1	4	1	1	1	3	1	8	9	6	6	3	5	4	1	2	5	3	4	3	7	1	9	2	7	3	10	11	19	6	13	5	7	3	4	0	8	3	3	1	1	0	0	1	3	5	4	3	4	5	1	3	2	1	0	0	2	1	1	0	0	1	4	1	3	2	1	0	2	0	0	4	2	2	1
0	0	0	0	0	0	0	0	0	1	0	0	0	1	0	0	0	0	1	0	0	0	1	0	0	0	1	0	0	0	0	0	0	1	0	0	0	1	0	1	1	0	0	0	1	1	0	0	0	0	1	1	0	0	0	0	0	0	0	0	0	1	0	0	0	0	1	1	0	0	0	1	0	0	0	0	0	0	1	0	0	0	1	0	0	0	0	0	0	0	0	0	0	0	0	0	0	0	0	0	0	0	0	1	1	0	0	0	0	1	0	1	0	0	1	0	1	2	0	0	0	0	1	2	0	1	0	0	0	0	0	1	0	0	1	0	0	0	0	4	0	0	0	0	0	1	0	0	1	0	0	0	0	1	1	1	1	0	0	1	1	2	1	0	1	1	1	1	3	1	0	1	1	0	0	0	1	0	0	0	1	0	0	0	0	1	1	0	0	0	0	1	0	0	0	0	2	0	0	0	0	0	1	1	0	0	1	1	3	1	0	0	0	0	2	0	0	1	0	1	0	0	0	0	1	2	0	0	0	2	1	3	0	2	0	2	1	2	4	0	3	0	1	0	4	0	1	0	0	1	3	0	1	3	0	1	0	0	1	0	0	0	1	1	0	0	0	1	0	0	0	0	0	0	1	0	0	0	0	1	1	0	0	0	0	0	1	0	0	0	0	0	0	0	0	0	1	1	0	0	0	0	2	2	4	1	1	1	1	1	0	1	2	1	2	1	1	0	2	2	1	1	1	1	2	0	1	1	3	1	1	1	2	0	1	4	0	3	0	2	0	1	1	0	0	1	1	0	0	1	1	1	1	2	2	4	0	0	4	0	4	4	4	18	8	8	10	3	3	5	1	4	7	2	4	3	2	3	0	6	1	2	2	2	3	2	1	3	6	7	9	14	15	17	1	3	0	0	1	1	2	8	12	9	4	4	15	50	0	83	18	28	14	7	4	1	1	0	0	1	1	6	7	5	3	3	2	5	2	2	6	0	4	3	3	6	5	10	12	6	11	15	38	13	13	16	11	3	2	3	7	1	0	0	0	0	0	2	3	5	0	6	2	1	0	0	1	2	2	1	0	1	0	0	0	1	0	0	0	2	1	0	4	5	3	1	2	0	1
0	0	0	0	0	0	0	1	0	0	0	1	0	0	0	0	0	0	0	0	0	1	0	0	0	1	0	0	1	0	0	0	0	0	0	1	0	0	0	0	1	0	0	0	0	0	1	1	0	0	0	0	0	0	1	0	0	1	1	0	0	0	0	0	0	0	0	0	0	0	0	0	0	0	0	0	0	0	0	1	0	0	0	1	0	0	0	0	0	0	0	0	0	0	0	0	0	2	0	0	0	0	0	0	0	1	0	0	0	0	1	0	0	1	0	0	1	1	1	0	2	0	2	0	0	0	0	0	1	0	1	2	1	0	0	2	0	0	0	0	0	1	1	1	0	0	0	0	1	0	1	1	1	0	0	0	1	0	0	0	0	1	0	0	0	1	1	1	2	0	0	0	0	0	0	0	0	0	0	0	0	0	1	2	0	0	0	0	0	0	0	0	0	1	0	1	1	0	1	2	0	0	0	1	0	0	0	0	0	0	0	0	1	3	0	0	0	1	1	0	1	0	0	0	0	0	0	1	0	2	0	1	1	1	1	0	4	3	1	1	0	1	2	3	2	1	2	1	0	2	0	2	2	2	0	2	2	0	2	0	0	0	0	1	2	0	1	1	1	2	0	0	0	1	1	0	2	0	1	0	0	1	0	0	1	0	1	1	1	0	0	1	0	0	0	2	1	2	1	0	0	1	2	5	3	2	1	4	0	0	0	0	0	0	0	0	0	1	0	0	2	0	1	1	1	0	0	2	0	1	0	1	0	1	2	1	2	1	2	1	1	2	0	0	1	1	1	0	3	2	0	0	1	1	1	3	2	0	1	1	2	1	15	13	6	13	6	2	1	6	4	0	6	4	3	2	2	2	1	0	1	4	0	2	2	1	1	3	2	7	4	10	7	12	3	5	4	3	0	2	2	4	4	4	4	1	14	21	83	0	22	9	8	2	3	1	0	0	0	1	3	1	2	2	4	2	2	2	2	2	4	2	0	4	3	2	9	22	19	7	14	46	30	13	14	6	12	6	0	2	9	3	3	2	0	0	1	1	2	4	1	1	0	0	2	0	2	0	1	2	0	0	0	0	1	0	0	1	2	1	1	3	1	2	0	2	4	1	2
0	0	0	0	0	0	0	0	2	0	0	1	0	0	0	0	0	0	1	0	1	0	1	0	0	0	0	1	0	1	0	0	1	0	0	0	0	0	0	0	0	0	1	1	0	1	0	0	0	0	0	1	0	0	0	0	0	0	0	1	0	0	0	0	1	0	0	0	0	0	0	0	0	0	0	0	0	0	1	1	0	1	2	1	0	1	0	0	0	0	0	0	0	1	0	0	0	0	0	0	0	0	0	1	1	0	0	0	0	0	0	1	0	0	1	1	0	0	0	0	1	0	0	2	2	1	1	1	0	0	1	0	0	1	1	1	0	1	0	0	1	0	0	0	1	1	0	0	1	0	0	0	1	0	0	0	0	1	0	3	1	0	0	0	0	0	1	0	1	0	2	0	0	0	2	0	1	0	0	0	0	0	0	0	1	0	0	0	1	1	0	0	0	1	0	0	0	0	0	0	0	0	1	1	0	0	0	0	0	1	1	0	1	0	2	1	0	1	1	0	0	0	0	0	0	1	1	0	1	0	1	1	0	0	0	0	3	0	0	0	0	0	0	2	1	0	1	0	1	0	3	0	1	0	0	0	1	1	1	1	0	0	0	0	0	0	0	0	0	0	0	1	0	0	0	0	0	0	0	0	0	0	0	2	0	1	0	0	0	0	2	0	0	0	0	0	1	0	1	1	0	0	1	1	0	0	1	0	0	0	0	0	0	1	0	1	0	0	2	2	2	1	0	1	0	2	0	0	0	0	0	2	2	2	0	1	3	1	0	2	0	0	0	1	0	0	0	0	2	0	2	1	1	0	1	2	1	3	1	2	2	4	5	6	6	3	1	3	2	2	1	2	1	2	0	3	1	1	1	1	3	1	2	0	3	0	4	4	2	2	1	4	3	6	1	2	1	1	0	2	1	4	0	2	3	1	5	4	18	22	0	16	8	1	0	1	1	0	1	0	2	0	2	0	2	2	0	3	1	6	6	3	3	2	5	1	0	13	5	2	6	29	20	11	10	20	28	4	3	0	6	2	3	0	2	0	1	1	1	0	0	2	2	1	0	1	0	0	0	0	0	1	0	0	0	0	0	1	0	1	0	1	2	1	0	1	1	2	0
0	0	0	0	0	0	0	0	1	1	0	0	0	0	0	0	0	0	1	0	0	1	0	0	0	1	0	0	0	0	0	0	0	1	1	1	0	0	0	0	0	0	0	1	0	0	0	0	0	0	1	0	0	0	0	0	0	1	0	0	0	0	1	0	0	0	1	1	0	0	0	0	1	0	0	2	0	0	1	0	0	0	1	0	0	1	0	0	0	0	1	2	0	0	0	0	0	0	1	0	0	0	1	0	0	0	0	0	1	1	0	0	0	0	0	0	0	1	0	0	1	2	0	0	0	0	0	1	0	0	1	0	0	1	1	0	0	1	0	0	3	0	1	0	1	0	1	1	0	1	0	1	0	1	0	0	0	0	0	0	0	0	2	2	0	0	0	0	0	0	0	0	2	2	1	0	0	2	0	0	0	0	2	1	0	0	0	1	1	0	0	1	0	1	0	0	0	0	0	0	0	0	0	1	3	2	0	0	2	0	0	0	1	1	0	1	0	0	0	1	2	0	1	1	0	1	1	2	3	0	1	0	2	1	1	3	1	1	2	4	0	0	1	4	5	1	4	3	4	1	1	0	0	4	0	1	2	0	2	0	0	0	2	0	1	0	1	0	3	0	0	0	1	1	2	0	1	2	0	0	0	0	1	0	1	0	1	0	1	0	0	0	0	0	0	0	0	0	0	2	0	3	0	1	2	0	1	1	1	0	2	2	0	1	0	1	2	1	2	2	0	0	1	0	0	0	0	0	0	1	0	2	2	1	0	0	2	2	2	1	2	1	0	1	0	0	0	0	0	2	0	1	1	1	0	1	1	1	2	2	0	2	1	9	2	2	2	3	4	3	2	6	3	1	2	0	1	1	0	3	3	2	1	1	4	2	7	3	5	3	4	4	4	3	4	2	1	5	0	1	1	3	3	6	6	5	17	23	28	9	16	0	53	9	0	0	3	5	2	3	3	2	5	2	5	3	3	1	4	0	8	2	0	5	3	7	2	1	2	2	10	7	12	7	10	22	17	3	4	3	15	4	7	2	3	2	2	1	1	1	2	0	3	0	0	2	3	0	0	0	1	0	0	0	0	0	2	2	0	0	1	4	1	0	2	1	3	3	2
0	0	0	0	0	0	0	0	0	0	0	0	0	0	0	0	0	0	0	0	1	0	0	1	0	2	0	0	0	0	1	0	1	0	0	0	0	0	0	0	0	1	1	1	1	1	0	0	0	0	1	1	0	0	1	1	0	1	0	0	2	0	1	0	0	0	0	0	0	1	0	1	0	1	1	0	1	0	1	0	0	1	1	0	1	0	0	1	0	1	0	0	0	0	0	0	1	0	1	1	1	1	0	0	2	0	2	1	0	0	0	0	0	0	0	0	0	0	0	0	1	1	0	0	0	0	1	1	0	0	0	1	1	0	1	0	0	0	0	2	2	1	0	2	0	0	0	0	0	0	0	0	0	0	1	0	1	2	1	1	1	0	0	0	0	3	0	0	0	0	1	0	1	3	2	0	0	0	1	0	0	0	1	0	1	1	0	2	0	1	0	1	0	0	0	0	0	0	2	1	0	1	1	0	1	0	0	1	0	1	1	2	0	0	2	2	1	0	0	2	0	1	2	0	0	2	1	1	0	3	0	2	0	1	2	4	2	2	0	4	2	1	1	4	7	8	5	2	5	2	6	1	0	1	4	1	0	0	1	0	1	0	0	1	0	1	1	1	0	0	1	0	0	0	0	0	0	1	0	1	2	0	0	0	0	1	3	0	0	0	1	0	1	0	1	0	1	0	1	0	3	2	1	4	7	1	3	0	1	0	0	0	1	0	2	1	0	2	0	2	1	1	0	0	2	1	1	0	5	0	1	0	0	0	1	1	1	2	0	1	0	0	1	1	0	0	0	2	1	0	0	0	0	0	0	1	1	0	1	3	0	2	3	12	3	3	3	3	1	5	2	4	3	1	2	5	1	1	3	1	0	1	1	0	5	5	7	10	5	0	6	3	8	7	6	3	0	1	4	3	4	3	8	12	2	7	24	38	14	8	8	53	0	39	7	5	2	0	5	0	4	5	11	13	6	6	6	3	3	1	1	0	2	4	0	3	1	1	3	2	5	2	3	2	7	5	5	1	0	1	5	1	3	1	0	1	0	0	2	4	5	1	1	3	1	2	0	1	0	1	0	2	0	1	0	2	2	4	1	0	1	2	3	3	4	3	4	0	2
0	0	0	0	0	0	0	0	0	1	0	0	0	1	0	0	0	2	0	1	1	0	0	2	1	0	0	1	0	0	0	0	0	0	0	0	0	3	1	1	0	1	0	1	0	1	0	1	0	0	0	0	0	1	0	0	0	0	0	1	0	0	0	0	0	0	0	0	1	0	2	0	0	0	1	0	1	0	1	0	0	0	1	1	0	0	0	1	0	0	0	0	0	0	0	0	1	1	2	1	4	0	0	0	1	2	0	1	2	0	0	0	0	1	0	0	2	1	0	0	1	0	0	1	1	2	1	1	0	0	1	2	1	1	1	2	3	0	1	2	0	2	1	1	1	0	2	1	0	0	0	0	1	2	1	0	1	1	3	1	3	1	3	1	1	0	0	1	0	0	0	1	0	1	0	0	0	0	2	1	0	0	0	0	1	1	0	1	2	0	0	0	0	1	2	0	0	0	0	0	1	1	1	1	0	0	2	0	0	1	1	0	0	0	1	0	1	1	1	2	0	1	0	1	0	1	2	2	0	1	1	1	2	6	3	5	9	0	1	4	1	1	3	5	15	10	9	9	1	5	7	4	2	2	1	2	2	2	0	0	1	1	0	0	0	0	2	1	0	1	1	0	0	0	1	1	0	0	2	2	2	1	1	1	1	1	0	1	0	1	0	2	3	1	0	0	1	4	0	2	3	0	4	5	6	2	4	1	2	2	2	1	0	2	1	1	1	1	3	3	1	2	0	0	0	1	5	0	1	1	2	1	1	0	0	0	0	1	1	0	1	4	2	0	1	0	1	2	1	1	1	1	3	3	2	2	1	2	1	3	2	1	2	7	7	6	3	6	1	4	4	4	2	2	3	2	2	3	1	3	1	4	2	2	3	5	23	15	5	8	4	3	8	5	3	4	5	3	5	4	4	5	11	17	3	6	21	18	7	2	1	9	39	0	3	6	0	1	4	6	8	9	24	47	46	10	5	3	3	4	2	3	0	1	2	1	3	2	1	5	2	1	8	5	3	0	0	0	3	2	3	3	2	5	4	2	0	3	0	1	3	0	0	2	3	1	0	1	3	3	1	1	0	0	0	0	0	0	5	4	0	0	4	2	4	2	6	2	3
0	0	0	0	0	0	0	0	0	0	0	0	0	0	0	0	0	0	0	1	0	0	0	0	1	0	1	1	0	0	0	1	0	0	0	0	0	0	2	0	0	0	0	0	1	0	2	1	1	0	0	0	1	2	0	1	0	0	0	0	1	0	0	0	0	0	0	0	0	0	1	1	0	0	0	0	1	0	1	0	0	1	0	2	1	0	1	1	0	2	0	0	0	2	1	2	0	0	0	1	1	2	1	0	0	1	0	0	2	1	0	2	0	1	0	0	1	0	0	0	0	1	1	2	0	0	0	0	1	1	0	1	1	1	4	2	3	1	2	7	4	4	3	2	1	0	1	2	1	0	0	0	2	3	1	2	1	1	1	3	3	1	0	2	3	1	0	1	2	1	1	1	0	0	0	1	1	1	3	1	1	1	1	1	0	0	2	1	1	2	1	0	1	1	0	0	0	2	1	2	0	0	1	0	2	1	0	2	2	2	0	0	1	0	3	1	2	1	0	1	0	0	1	2	1	3	1	0	3	4	4	3	4	11	10	8	2	0	0	1	0	2	6	4	8	5	2	7	3	7	2	2	2	1	4	1	4	0	1	0	1	1	0	1	1	1	1	0	2	0	0	0	1	1	0	1	0	2	0	0	1	1	2	1	0	0	1	0	0	1	0	0	0	0	2	0	1	2	2	3	4	1	5	5	1	2	0	1	0	2	2	2	0	2	1	1	1	0	4	0	0	0	0	1	0	1	0	1	1	1	0	0	0	0	0	0	3	1	2	1	0	2	1	0	0	0	2	2	0	1	0	2	1	1	0	0	0	1	2	1	1	2	1	3	0	1	1	0	1	0	2	1	3	5	1	1	3	0	1	2	0	1	1	2	2	0	3	1	2	0	0	2	3	3	1	0	1	3	0	1	2	2	2	5	4	6	4	1	4	3	0	0	7	3	0	40	12	10	16	14	37	38	19	9	9	5	5	5	4	1	4	2	1	0	1	0	0	2	1	0	0	1	2	1	2	0	4	0	2	1	4	6	3	1	4	0	3	2	0	2	0	3	2	1	1	0	0	0	0	0	0	3	2	0	2	0	3	0	2	7	0	4	7	1	3	2	2	0	2
0	0	0	0	0	0	0	0	0	1	0	1	0	0	0	0	2	0	0	0	0	1	0	0	0	0	0	1	0	0	0	0	0	0	0	0	2	0	0	0	0	0	2	0	1	3	0	0	1	1	1	2	0	0	1	2	2	0	0	0	0	0	0	0	0	0	0	0	0	0	0	1	0	0	0	0	0	0	0	1	1	0	0	0	0	1	0	0	0	0	0	0	0	1	2	0	0	0	1	0	1	1	0	0	2	0	0	1	0	0	0	1	0	0	0	0	0	2	0	0	1	0	1	0	0	1	1	0	0	1	1	0	2	1	1	5	4	3	1	16	5	8	3	3	2	2	4	1	0	1	0	2	1	2	1	1	2	2	2	0	0	1	1	0	1	0	0	1	1	2	1	0	2	2	1	0	1	0	0	0	1	0	0	0	0	0	0	0	1	1	0	0	1	1	0	0	0	0	0	0	0	0	0	1	0	1	0	0	2	1	0	2	1	0	2	1	1	1	1	2	2	1	1	0	1	0	3	1	4	3	11	9	15	19	6	4	1	2	1	1	0	0	1	2	3	3	7	2	3	0	4	2	2	2	3	0	0	0	0	0	1	1	0	1	0	0	0	2	0	1	1	0	1	0	1	0	1	0	0	1	1	1	2	2	0	0	1	0	1	0	0	0	1	0	0	0	0	0	1	1	2	1	2	1	1	1	0	0	0	1	0	1	0	0	2	2	1	2	1	3	1	0	0	1	0	0	1	1	1	1	1	2	1	0	0	0	0	0	2	2	1	0	1	1	1	0	3	0	1	1	0	0	0	2	0	0	1	1	0	0	0	1	1	0	1	0	3	0	0	1	0	2	1	0	2	1	0	0	2	0	1	0	1	1	1	1	0	4	0	1	3	2	2	2	3	1	1	1	1	0	3	0	4	4	0	2	2	4	1	1	1	0	5	6	40	0	26	10	9	11	10	23	12	2	6	2	7	7	4	1	2	2	2	0	1	0	0	1	0	1	0	0	0	1	1	2	0	1	4	4	6	11	8	3	0	1	2	0	3	2	1	2	2	0	5	3	2	0	1	0	1	0	1	1	0	1	0	1	3	1	1	5	2	6	3	1	1	4	0
0	0	0	0	0	0	0	0	0	0	0	0	0	1	0	0	1	0	1	0	0	0	0	0	0	0	0	0	1	0	0	0	0	0	0	0	0	0	1	0	0	0	0	0	1	1	0	1	0	0	6	0	0	0	0	0	0	0	0	1	1	0	0	1	1	0	0	0	0	0	0	0	1	0	2	0	0	2	0	1	0	0	0	1	0	1	0	0	0	0	0	2	0	0	3	2	1	0	0	1	0	2	0	1	3	3	4	2	5	2	0	0	0	0	0	0	0	2	1	0	0	0	1	0	1	1	1	3	2	1	6	0	1	3	3	1	3	16	17	10	10	11	7	4	1	3	1	1	3	1	3	7	5	2	6	3	2	3	4	1	3	2	7	2	3	1	2	1	2	1	1	0	0	1	0	0	2	2	0	0	2	1	0	1	0	0	0	1	1	1	1	1	0	1	0	1	3	0	2	2	0	1	0	2	0	2	0	1	3	2	0	0	1	1	2	3	4	2	4	0	3	2	3	2	4	0	0	3	1	3	7	8	7	51	12	7	2	1	0	0	1	2	3	3	4	3	2	1	2	3	4	1	2	1	1	3	2	0	1	1	0	1	0	1	3	0	1	1	0	0	0	2	0	1	1	1	1	1	1	2	0	1	1	1	0	1	1	0	0	0	1	0	1	3	1	0	0	3	3	1	4	1	2	2	0	0	1	1	2	2	1	2	0	0	1	3	1	1	1	2	1	0	0	0	0	1	1	0	1	1	0	0	0	0	2	1	0	1	0	1	0	0	0	0	0	0	0	1	0	1	1	0	0	0	0	1	0	2	1	2	0	0	0	2	1	1	0	0	2	0	3	3	1	0	0	0	0	1	0	0	1	1	1	3	0	0	3	2	0	1	1	4	1	1	0	0	1	2	0	2	4	2	3	2	6	3	3	1	1	0	1	3	2	0	12	26	0	30	20	6	14	12	4	6	3	4	7	3	0	2	1	1	1	0	1	0	0	1	0	3	0	0	0	4	0	2	1	1	5	4	1	8	3	4	3	3	2	2	2	0	0	1	0	2	0	1	2	5	2	3	1	1	2	3	5	0	2	2	3	5	14	8	2	6	1	3	2	2	2
0	0	0	0	0	0	0	0	0	0	1	1	0	0	0	0	0	0	0	0	1	0	0	5	1	0	0	1	0	0	1	0	2	0	1	0	1	0	1	0	1	0	0	2	0	0	1	1	0	1	0	0	0	1	0	1	0	0	0	0	1	1	0	0	0	0	0	0	0	1	1	1	0	0	0	0	1	0	0	0	0	0	0	0	0	1	1	2	0	0	2	1	0	0	1	1	0	0	0	2	1	1	1	1	2	2	2	3	4	0	0	0	0	1	2	0	1	0	1	0	0	2	1	2	0	0	1	0	0	0	1	1	1	4	3	9	28	20	10	4	10	7	9	1	2	2	1	0	1	2	2	2	1	4	11	6	0	10	3	5	2	4	2	4	0	0	1	2	2	1	1	0	3	0	0	1	2	1	0	2	1	1	0	1	0	1	0	1	0	0	1	0	1	0	0	0	2	2	1	0	0	0	0	0	4	0	1	2	4	1	1	3	3	1	3	4	2	4	0	2	5	2	3	0	1	0	0	1	0	0	3	5	4	20	9	3	2	1	1	1	1	2	2	1	2	1	0	2	7	5	1	3	1	0	4	1	0	0	1	1	0	2	1	1	0	1	0	0	1	1	0	0	0	0	1	3	0	0	1	0	1	0	1	0	1	0	0	1	1	1	0	0	0	0	0	0	1	2	3	2	2	4	0	0	1	1	2	0	1	2	1	1	2	1	1	0	0	1	1	0	0	2	1	1	1	1	0	1	1	0	0	0	0	2	1	2	1	1	0	0	1	1	0	1	0	0	0	0	1	0	1	1	1	2	1	1	0	1	0	0	1	0	0	1	3	2	1	1	0	3	0	3	0	0	0	1	1	2	1	1	1	1	0	1	0	0	4	2	3	2	0	1	0	1	0	1	0	2	2	0	0	0	3	3	1	2	0	1	0	0	0	5	0	1	10	10	30	0	29	16	9	8	6	5	4	1	5	3	1	1	2	0	1	3	2	1	0	1	0	3	1	2	1	0	1	2	1	1	1	1	0	0	2	3	5	1	0	1	1	1	2	1	2	2	1	2	2	3	0	3	0	0	1	0	2	2	1	3	1	1	6	4	2	4	0	2	1	4	1
0	0	0	0	0	0	0	0	0	1	0	0	0	0	1	0	0	0	1	0	1	0	0	1	0	0	0	1	1	0	2	0	0	0	0	0	0	0	0	0	3	0	0	3	2	0	0	1	0	0	2	0	0	0	0	1	0	0	0	0	0	0	0	0	0	0	0	0	0	0	1	0	1	0	0	2	0	0	1	0	0	0	1	0	0	0	0	0	1	0	1	0	1	0	1	1	2	1	0	0	0	0	3	1	1	1	0	3	0	0	2	2	1	2	0	1	1	0	1	0	0	0	1	0	3	2	0	3	1	0	0	2	1	6	12	10	8	5	3	1	3	0	1	2	2	3	1	2	2	0	1	0	2	2	6	1	1	4	6	7	3	5	2	4	2	1	0	3	2	2	0	2	1	0	2	1	3	1	0	1	1	2	3	1	0	1	0	2	1	5	0	1	0	1	0	0	1	1	2	1	1	0	1	1	3	0	1	0	0	3	1	1	1	1	5	8	3	2	1	1	4	1	1	1	0	0	0	0	2	1	3	4	4	13	16	15	6	2	2	1	5	1	3	1	4	7	10	3	8	14	4	3	1	3	3	3	0	1	1	1	0	0	3	0	1	1	1	1	0	3	0	0	0	0	0	0	1	3	2	1	0	1	1	1	3	1	1	1	0	1	4	0	1	0	1	2	3	3	11	6	5	2	1	2	1	2	0	1	0	4	0	0	2	1	2	0	1	2	1	0	1	0	1	2	1	1	1	0	0	0	1	0	0	0	0	0	1	0	0	1	0	3	0	0	1	0	1	0	1	4	2	1	2	1	0	1	0	0	2	1	0	0	1	1	0	1	2	0	1	2	2	3	1	0	1	3	1	1	2	1	0	0	0	1	1	2	2	5	0	1	1	0	0	0	2	0	0	3	1	1	2	0	2	6	1	2	5	1	0	0	1	2	5	4	16	9	20	29	0	82	21	12	2	4	3	4	3	3	2	0	2	1	0	1	1	0	1	0	1	0	1	1	0	0	1	1	3	0	2	1	2	2	1	4	3	0	0	2	4	1	0	0	0	2	0	1	2	3	0	2	2	1	2	0	2	1	0	0	2	2	7	6	1	0	3	2	2	0	1
0	0	0	0	0	0	0	0	0	1	1	0	0	1	0	0	1	0	0	0	0	0	0	1	2	0	0	2	0	0	0	0	0	0	0	0	1	2	0	1	1	1	0	0	1	3	0	0	4	0	1	0	0	1	0	1	0	0	0	0	0	0	0	0	1	3	0	0	0	1	0	1	0	2	1	0	0	0	2	1	0	0	2	0	0	0	0	3	1	0	2	0	1	1	1	0	1	0	0	2	1	0	1	3	0	1	3	4	2	1	0	0	1	1	0	0	2	1	0	0	1	1	0	1	0	0	1	2	1	4	1	2	2	4	7	5	4	9	1	4	3	3	1	2	2	1	0	0	1	0	3	1	4	3	3	1	2	2	3	9	4	2	2	5	2	0	2	2	0	0	2	1	2	1	0	0	1	0	0	1	2	1	2	1	0	2	2	1	0	2	0	0	0	1	3	0	3	0	5	0	0	0	0	1	1	0	3	1	1	4	2	0	4	0	3	5	4	1	3	2	1	1	1	0	0	3	0	1	0	3	1	1	1	20	35	36	5	6	0	3	3	2	4	5	12	4	7	11	11	9	5	5	2	12	5	5	0	2	0	1	1	2	1	0	0	1	0	1	0	1	0	1	0	1	1	3	1	1	3	0	5	2	1	2	0	0	0	0	3	2	2	0	0	2	2	5	4	2	4	5	4	5	3	0	3	4	2	1	2	1	3	3	1	3	7	3	4	2	1	1	2	1	1	0	0	1	0	0	0	0	0	1	0	1	0	1	0	1	0	0	1	1	2	0	0	3	0	2	5	0	1	2	0	1	1	2	2	2	0	1	3	1	3	1	0	1	1	0	4	3	4	2	1	2	1	1	3	1	3	2	3	1	2	1	1	2	5	5	1	2	4	4	2	0	3	0	1	0	0	0	3	3	4	1	9	4	4	3	1	1	0	3	0	6	14	11	6	16	82	0	50	15	7	10	10	13	9	4	1	2	1	2	1	4	2	0	3	0	2	0	1	0	2	0	3	3	1	0	1	1	0	4	1	3	0	2	1	8	2	3	1	2	0	1	2	3	2	2	1	2	4	3	0	1	0	1	1	4	0	14	12	12	3	4	4	3	3	2	0
0	0	0	0	0	0	0	0	0	0	0	0	0	0	0	1	0	0	1	0	0	2	0	1	2	1	0	0	0	0	0	0	0	0	0	0	0	1	0	0	1	0	1	0	1	0	1	1	0	0	1	0	2	0	1	0	0	1	0	0	0	0	0	0	0	1	0	1	0	0	0	0	0	0	2	2	0	0	0	0	0	1	0	1	0	0	1	1	0	1	1	1	0	0	0	0	0	4	1	0	0	1	2	2	1	1	2	2	2	0	1	0	1	0	0	1	1	1	1	1	0	1	0	1	0	1	1	2	0	1	2	1	1	3	6	6	1	3	1	7	1	5	1	0	1	2	3	1	1	0	1	1	0	1	2	0	3	1	3	5	0	2	4	0	2	1	1	3	0	0	1	2	1	2	2	1	2	0	2	1	2	1	0	0	1	1	0	1	2	2	2	0	0	1	0	1	1	0	0	1	1	0	2	0	1	3	0	0	2	2	0	1	0	0	1	5	3	0	2	2	2	0	0	1	0	2	0	1	2	1	3	2	3	33	27	18	5	0	2	1	0	1	5	9	16	11	6	12	9	5	9	2	5	4	2	2	0	2	0	1	2	0	1	0	0	2	0	0	1	2	0	0	0	1	0	1	0	3	0	4	2	3	3	3	2	1	2	2	1	0	5	0	0	0	0	1	1	1	1	5	2	3	0	2	0	3	0	5	3	3	2	2	0	2	0	2	0	0	3	1	2	1	0	1	1	2	1	1	0	0	1	1	1	0	1	1	0	2	1	1	1	1	0	2	0	1	1	1	2	0	0	2	2	0	1	2	0	3	0	0	2	3	1	2	2	4	2	3	0	3	1	2	0	0	1	1	1	1	1	1	2	1	1	2	2	3	7	3	2	0	2	3	5	0	0	0	1	2	0	4	0	0	5	7	5	3	5	1	1	3	2	3	4	8	37	10	14	9	21	50	0	36	23	13	23	13	16	10	3	2	1	0	2	0	2	2	1	0	1	0	2	1	1	3	2	1	1	2	2	0	2	3	2	3	2	1	4	2	1	0	1	7	1	0	2	2	1	0	2	3	3	2	2	1	2	3	0	1	3	10	5	12	1	3	4	3	5	4	2
0	0	0	0	0	0	0	0	0	0	0	1	0	0	1	0	0	2	0	0	0	0	1	1	0	1	0	0	0	0	0	0	0	0	0	0	0	0	0	1	0	0	0	1	1	0	0	0	0	0	1	0	0	0	1	0	0	0	1	0	0	1	1	0	0	0	0	0	0	1	0	0	0	0	0	0	0	0	0	0	0	1	0	1	1	1	0	1	0	0	0	0	0	0	0	0	1	0	2	0	0	0	0	0	1	0	2	0	1	3	2	0	0	0	0	0	1	1	0	0	0	0	0	0	0	1	0	1	1	1	0	1	1	0	1	1	5	3	2	6	1	1	2	4	1	2	1	0	1	1	0	4	1	0	1	1	2	0	3	0	0	3	0	2	1	3	1	0	1	1	0	3	0	0	1	0	0	1	0	0	1	1	0	0	0	0	1	0	1	2	2	0	0	2	0	1	1	2	2	1	1	0	0	0	1	0	0	0	0	0	1	0	2	3	1	2	3	0	0	2	2	1	1	2	1	1	2	1	1	1	3	5	2	15	10	9	8	1	1	0	2	2	1	4	7	5	0	4	8	2	5	3	1	1	3	1	0	0	1	0	1	0	0	0	0	2	0	0	3	0	0	2	1	0	0	2	0	0	0	0	2	0	2	1	1	0	2	0	2	1	1	0	0	2	1	1	3	1	2	0	2	4	0	2	3	0	1	2	2	1	2	1	1	3	3	0	4	1	2	1	0	1	0	0	0	1	1	0	0	0	1	0	1	0	1	1	1	0	2	1	0	1	0	2	2	0	2	0	1	0	1	1	1	1	0	0	1	1	1	1	0	0	2	1	0	1	2	5	5	3	2	2	3	1	1	0	1	1	0	2	1	2	1	1	1	2	7	2	2	1	0	1	3	5	3	2	4	0	3	2	5	6	4	12	10	4	7	8	6	1	0	2	5	9	38	23	12	8	12	15	36	0	71	14	19	21	19	8	3	2	2	2	1	2	0	1	3	2	3	2	1	3	1	3	1	5	0	2	4	6	3	7	7	4	4	1	2	4	0	2	0	2	4	0	3	3	1	1	1	1	0	2	1	0	0	1	3	1	6	5	3	8	4	2	4	4	2	0	2
0	0	0	0	0	0	0	0	0	0	0	0	0	0	1	1	1	0	0	1	1	1	0	0	0	0	1	0	1	1	0	0	0	0	0	0	0	1	0	1	1	1	0	0	0	1	1	0	0	0	0	0	1	0	1	0	0	0	0	0	0	0	0	0	1	0	0	0	0	0	0	3	0	1	3	0	0	2	0	0	0	0	0	1	0	0	1	0	0	1	0	1	0	0	0	0	1	0	0	1	1	0	0	0	0	0	2	0	0	0	0	0	0	2	2	0	0	2	0	0	0	1	0	0	0	2	0	0	0	1	0	1	2	2	2	0	1	1	1	4	1	3	3	4	0	2	1	2	0	1	1	0	0	0	1	0	0	2	1	1	0	4	2	1	2	1	0	2	0	1	0	1	0	1	2	0	0	0	2	1	0	1	2	1	0	0	0	1	0	1	0	1	1	0	1	1	0	0	0	0	0	0	1	1	1	2	0	1	0	2	4	2	0	0	2	1	0	0	1	1	1	1	0	1	0	1	0	2	1	0	1	1	3	5	12	7	5	5	3	1	0	2	2	7	9	10	7	3	6	4	3	2	3	2	1	3	0	0	1	0	1	0	0	1	0	0	0	1	0	2	3	0	0	0	3	0	0	1	0	0	0	0	2	1	0	0	0	0	2	1	0	0	0	0	0	0	1	3	0	0	2	4	6	8	4	1	2	0	1	5	1	0	2	0	0	2	1	1	1	4	4	1	3	4	1	1	0	0	0	0	2	1	0	1	0	0	1	1	0	2	1	0	0	0	1	1	2	1	3	2	0	1	0	0	0	0	2	1	1	0	2	0	4	4	1	3	0	1	5	0	2	3	2	3	0	1	1	1	0	3	1	2	1	0	1	6	4	9	3	1	4	5	4	8	6	1	5	5	1	3	3	1	9	13	5	5	18	9	7	2	2	5	11	24	19	12	4	6	2	7	23	71	0	30	42	23	20	1	1	4	7	1	4	2	3	1	2	1	1	1	3	2	1	4	5	2	3	0	1	0	4	10	1	3	4	0	3	2	6	3	2	5	1	3	2	3	3	3	1	3	0	0	0	0	0	1	3	2	3	3	4	6	8	4	1	9	2	4	1
0	0	0	0	0	0	0	1	0	0	0	0	0	0	0	0	0	0	1	0	1	0	0	0	1	0	0	0	0	0	1	1	2	0	0	0	0	1	0	0	0	1	0	0	0	0	0	0	0	1	0	0	1	1	0	0	0	0	0	0	0	0	1	1	0	0	0	1	1	0	0	0	0	1	0	0	0	0	0	0	0	0	0	1	1	0	1	0	0	1	0	1	1	0	0	0	0	0	2	1	0	1	0	1	0	0	0	3	1	1	0	0	1	2	0	0	0	0	1	0	0	0	1	1	1	1	1	0	0	1	1	1	0	1	1	2	1	3	0	1	2	3	1	0	1	1	0	0	2	2	0	1	1	0	1	1	0	0	1	1	1	3	2	0	3	1	0	2	1	1	0	2	3	0	0	0	1	0	2	0	2	0	0	0	1	0	0	1	1	0	0	0	1	0	2	0	1	0	0	1	0	0	0	2	2	0	0	1	0	1	5	2	0	1	4	2	1	1	0	1	3	2	0	1	1	0	0	1	1	1	2	1	3	8	9	16	9	3	4	2	6	0	4	15	48	22	15	13	10	5	8	10	7	1	4	0	0	1	1	0	2	2	1	2	0	3	3	0	2	2	0	1	1	0	0	0	2	3	1	1	3	1	1	1	1	0	0	2	0	0	2	1	2	0	1	1	1	1	3	4	3	8	6	8	4	1	3	3	2	2	3	1	0	3	0	3	2	0	3	4	3	0	3	3	0	0	0	0	1	1	1	2	1	0	1	0	1	1	1	0	1	0	0	1	1	1	0	0	2	0	1	2	0	3	0	2	3	3	0	2	2	2	0	3	5	3	1	2	1	5	1	1	4	3	5	1	1	2	2	0	2	5	0	3	2	4	16	8	2	8	2	6	4	6	2	2	1	2	3	4	6	2	12	9	5	5	7	6	5	2	0	2	13	47	9	2	6	5	4	10	13	14	30	0	344	8	13	6	1	3	1	0	0	0	2	1	1	0	4	2	0	1	2	0	2	3	2	0	2	3	1	4	3	0	0	1	1	0	6	2	2	5	0	2	0	3	0	1	0	0	0	2	0	2	1	2	0	2	3	5	3	3	5	4	4	3	4	3	4
0	0	0	0	0	0	0	0	0	0	0	0	0	1	2	1	0	0	0	0	0	0	0	3	1	0	0	0	0	1	0	0	0	0	0	0	1	0	1	0	1	1	0	0	1	1	0	1	0	0	0	0	0	1	1	0	1	0	0	0	0	1	0	1	0	0	0	0	0	1	0	0	0	0	0	0	0	1	0	0	0	1	0	0	0	1	0	0	0	0	1	0	0	1	0	0	1	1	0	0	1	0	0	2	1	0	1	0	0	2	0	0	1	1	0	0	0	3	0	1	0	0	0	1	0	4	0	0	1	0	0	0	0	1	3	3	1	2	3	2	1	1	0	0	2	0	2	0	0	1	0	1	0	1	0	0	1	1	3	2	6	1	1	1	0	2	0	4	0	1	1	1	2	0	2	2	3	1	1	2	0	0	1	0	0	0	1	0	0	1	2	0	0	1	0	0	1	1	2	0	2	0	1	0	1	1	0	2	1	2	1	1	0	0	1	1	0	0	0	0	0	0	1	0	0	0	1	1	0	0	2	3	2	8	12	17	6	3	1	2	5	1	8	26	48	26	12	11	7	8	6	5	5	6	1	1	1	0	0	1	1	0	0	0	1	4	3	1	0	0	1	0	0	1	1	1	1	2	0	0	1	1	0	0	1	1	0	2	0	2	3	0	0	0	0	1	0	1	2	4	3	3	7	5	4	3	0	0	2	1	1	1	0	2	2	3	2	0	2	1	7	0	0	0	2	1	0	1	1	2	1	0	0	0	0	2	1	0	1	0	0	1	0	1	0	0	4	0	0	0	3	1	1	1	1	1	0	3	3	0	1	2	2	0	5	2	1	3	1	10	2	8	5	2	3	5	3	2	1	2	1	4	1	1	2	7	10	13	4	7	5	4	4	7	7	4	1	0	3	4	7	2	10	9	9	7	14	6	3	4	2	5	6	46	9	6	3	4	3	10	23	19	42	344	0	20	15	10	3	3	1	1	2	4	1	0	2	1	1	0	1	4	4	1	0	3	1	1	4	1	2	3	3	4	0	1	4	3	2	1	2	1	3	1	2	2	0	5	2	1	3	2	0	2	4	1	1	1	3	10	0	10	5	1	9	3	5	3	0
0	0	0	0	0	0	0	1	0	0	0	0	0	0	0	0	1	0	0	0	0	0	0	0	0	0	0	0	1	0	1	1	0	0	0	0	0	0	0	0	1	1	1	0	0	1	0	0	0	1	0	2	0	0	1	0	0	0	0	0	0	0	1	0	0	0	0	0	0	0	1	0	0	0	0	0	0	2	0	1	1	1	0	0	0	0	1	0	1	1	0	0	0	0	0	1	1	1	0	1	2	1	2	1	0	0	1	0	0	0	0	0	1	0	1	0	0	0	1	0	1	0	1	0	1	0	0	0	1	0	0	1	0	2	2	3	1	2	2	1	3	3	1	1	0	0	1	0	1	0	1	0	1	0	2	0	2	2	1	3	2	1	0	1	1	2	0	2	0	1	1	0	2	1	1	0	1	1	2	1	0	0	1	3	0	0	0	1	0	1	1	0	0	0	2	1	3	0	0	0	1	0	0	2	0	0	0	2	0	2	1	1	2	0	0	0	0	0	2	0	1	1	2	0	2	0	1	1	1	2	3	2	5	11	15	16	13	2	2	2	8	8	10	25	18	7	5	3	2	7	2	2	2	2	6	0	0	0	0	0	2	1	0	0	0	0	0	1	0	0	1	0	0	0	0	0	1	1	0	0	2	0	1	1	2	4	0	0	0	1	2	1	0	2	1	1	0	3	1	2	4	2	5	2	5	5	1	2	6	2	0	0	3	5	2	5	0	0	2	6	1	1	2	1	0	0	0	1	0	0	0	0	0	0	1	0	0	2	1	1	2	0	1	1	0	1	1	2	1	2	2	2	0	2	2	1	0	1	3	3	0	2	1	2	1	1	1	1	2	2	4	2	6	3	5	0	1	3	4	3	1	0	1	2	1	2	3	3	2	8	3	6	3	4	5	2	2	3	4	2	10	10	8	16	19	22	11	3	3	2	2	3	6	10	5	2	4	1	4	13	13	21	23	8	20	0	534	18	5	4	2	1	3	2	1	1	4	2	3	4	1	1	4	3	3	2	2	1	3	3	4	5	3	6	3	1	0	2	13	2	0	4	6	2	3	4	2	0	1	1	2	2	2	1	1	5	3	1	11	6	4	7	14	11	20	13	5	6	4
0	0	0	0	0	0	0	1	0	0	0	1	1	0	0	0	0	0	0	0	0	0	1	0	0	1	2	0	1	1	0	0	1	0	0	0	0	2	0	0	0	0	1	3	1	1	0	0	0	0	0	0	0	0	0	0	0	0	0	0	1	0	0	0	0	0	1	0	0	0	0	0	0	0	0	0	0	0	0	0	2	0	0	0	0	0	3	0	0	1	0	0	0	1	1	0	0	2	1	2	0	1	1	1	1	0	2	1	1	1	0	0	0	0	0	0	2	0	0	0	0	1	1	1	0	1	0	2	0	0	0	0	2	2	2	1	5	4	4	8	4	2	2	1	2	0	2	0	1	1	0	1	0	1	0	0	1	3	1	3	0	0	3	2	1	3	2	0	3	0	1	1	2	0	1	2	1	2	0	1	1	1	2	0	0	1	0	0	0	2	1	1	1	0	0	1	0	0	2	1	1	0	0	2	1	0	0	1	0	1	2	0	0	0	1	1	0	2	1	0	3	0	4	0	1	1	0	0	1	1	2	4	0	12	18	7	14	3	0	2	5	3	7	16	3	5	4	2	0	4	3	1	2	3	1	1	0	1	2	0	0	1	1	1	0	0	0	0	0	0	0	3	2	0	2	2	0	1	0	0	2	2	2	1	0	0	0	1	0	0	0	0	1	1	0	2	1	0	1	1	1	2	3	10	8	2	0	0	1	2	1	3	0	2	3	3	2	4	1	0	1	1	0	2	2	2	0	3	1	0	0	2	0	2	0	1	2	0	2	0	0	1	0	1	1	0	0	1	0	0	1	0	0	0	1	1	2	2	2	1	3	1	0	3	2	2	1	1	4	6	1	3	4	0	2	3	1	0	1	2	3	4	1	1	1	3	3	3	4	2	2	2	5	9	7	2	2	3	5	2	5	10	11	13	24	22	7	5	2	2	0	3	6	5	5	7	7	5	3	9	16	19	20	13	15	534	0	22	5	1	2	0	1	3	2	0	2	1	0	1	2	2	2	2	1	0	1	2	0	0	4	5	6	7	2	6	1	8	8	5	1	4	2	3	3	3	2	3	1	1	1	3	2	0	3	3	0	2	2	6	3	26	22	7	19	10	6	4	4
0	0	0	0	0	0	0	0	0	1	0	0	0	0	0	0	1	0	0	1	0	0	0	0	1	0	1	0	0	1	1	1	1	1	1	0	0	0	0	0	0	0	0	1	1	0	0	1	0	0	1	0	2	0	2	0	0	0	0	0	0	0	0	1	1	0	0	0	0	0	0	0	0	0	0	0	0	0	1	1	0	2	0	0	1	0	0	1	0	0	0	1	0	0	1	1	1	0	0	0	1	0	0	0	0	1	0	0	0	1	0	0	0	0	0	0	2	0	0	1	0	0	0	0	2	1	0	2	1	1	1	0	0	1	2	1	4	4	4	5	6	2	0	0	2	0	1	3	1	0	1	1	0	1	0	1	2	3	0	1	1	0	1	0	1	1	1	1	0	0	0	0	0	2	0	1	0	1	0	0	0	0	0	0	0	1	0	2	0	0	1	0	0	2	0	0	0	0	1	0	1	0	0	1	0	0	1	1	1	0	0	0	0	0	0	0	1	1	0	1	2	0	2	0	0	1	0	1	1	2	0	0	2	10	10	4	2	1	1	1	4	1	5	5	6	4	3	0	2	1	1	0	0	1	2	1	1	2	0	0	0	0	1	1	0	0	0	1	0	1	0	0	0	2	0	1	1	2	0	1	2	2	2	1	0	0	1	0	1	0	0	0	0	0	1	1	0	1	1	4	1	0	3	2	4	2	1	1	0	1	0	2	2	0	0	1	1	1	0	2	1	1	1	0	0	1	2	1	0	0	1	0	1	0	1	0	0	0	0	1	0	1	1	1	0	1	1	0	1	1	0	1	0	1	0	0	2	0	2	0	1	2	2	2	0	1	1	1	2	0	4	0	3	3	0	2	0	1	0	2	0	0	2	2	1	2	5	1	2	2	1	2	4	7	1	3	4	6	2	2	4	11	6	20	20	33	5	4	5	2	3	1	3	3	5	7	3	3	3	4	10	8	1	6	10	18	22	0	13	5	4	1	1	3	0	1	4	1	1	3	1	1	0	2	2	2	0	1	0	4	5	10	11	14	11	3	5	9	15	5	2	4	2	6	5	5	3	2	0	1	1	2	1	1	1	1	4	5	4	0	4	13	28	11	8	6	8	5	6
0	0	0	0	0	0	0	0	0	0	0	0	1	0	0	0	0	0	0	0	1	0	0	1	0	0	0	0	1	0	0	0	1	1	0	0	0	3	0	0	0	1	0	0	0	0	0	0	0	0	3	0	0	1	0	0	1	1	0	0	0	1	0	0	0	0	0	0	0	0	0	0	0	0	0	0	1	0	0	0	0	0	0	0	0	0	1	0	1	1	0	0	0	0	0	1	0	0	0	0	1	0	0	0	1	0	1	2	0	0	1	0	0	0	0	0	0	2	0	0	0	1	1	2	0	0	1	1	1	0	1	0	3	0	1	0	2	1	0	2	2	1	0	0	2	1	0	1	0	0	0	1	0	2	1	1	2	0	1	0	0	1	0	0	2	0	0	1	1	1	1	0	1	1	0	2	0	0	0	0	1	1	0	0	0	0	0	0	1	0	0	0	0	0	0	0	0	1	0	0	0	1	0	2	2	1	0	1	0	2	0	0	2	0	1	1	1	0	2	2	2	1	2	2	1	1	0	0	2	3	2	1	2	6	5	0	3	0	2	0	1	0	2	5	1	1	4	2	0	2	1	0	0	0	0	1	1	0	0	0	3	0	0	0	1	0	0	1	0	0	0	0	0	0	0	1	1	1	1	0	0	2	0	0	0	1	0	1	1	0	1	0	0	0	0	2	2	1	0	0	1	0	1	2	2	2	1	1	1	3	0	1	2	0	2	0	0	1	0	1	0	0	0	0	0	0	1	0	0	1	0	0	0	0	0	2	0	1	0	0	0	0	0	0	0	0	1	1	0	0	1	1	0	0	1	0	1	2	1	1	0	0	2	0	2	0	2	1	4	1	1	4	0	0	1	1	0	0	0	2	1	1	0	0	0	1	1	0	1	1	1	1	3	3	2	0	2	5	3	4	2	6	5	10	5	12	3	1	2	2	1	4	3	3	4	4	0	1	2	1	3	3	1	1	3	5	5	13	0	22	1	4	7	7	2	2	0	0	2	2	4	0	2	3	4	1	2	2	1	5	5	14	50	19	19	8	7	10	12	4	3	2	3	4	6	2	0	3	2	0	1	1	1	1	1	2	2	3	0	1	4	0	6	7	1	4	2	6	3
0	0	0	0	0	0	0	0	0	0	0	0	0	1	0	0	1	0	0	1	0	0	0	0	1	0	0	0	0	0	0	0	0	0	0	0	1	1	0	0	1	0	0	0	1	0	0	0	0	0	0	0	0	0	0	0	0	0	0	0	0	0	0	0	1	0	0	1	1	0	0	0	0	0	1	0	1	0	0	0	0	0	0	0	0	0	0	2	0	1	0	0	0	1	0	0	0	0	1	1	0	1	1	0	0	0	1	0	0	0	0	0	0	0	0	0	0	0	0	0	0	0	2	0	0	0	0	1	0	0	1	0	0	0	1	0	2	1	1	1	0	0	2	1	2	1	1	1	1	1	2	0	1	0	0	0	2	0	1	1	1	0	0	0	0	0	0	0	0	0	1	0	0	0	1	0	0	0	0	0	0	0	0	0	0	0	0	0	0	1	0	2	0	1	0	0	0	0	0	0	0	0	0	0	1	0	0	0	0	1	0	0	1	2	2	0	0	1	0	0	0	0	2	2	2	0	0	0	0	0	1	4	1	1	1	0	0	2	2	2	5	0	0	2	0	0	1	3	0	2	0	1	1	0	0	0	0	0	0	0	0	0	1	2	0	0	0	0	0	0	0	0	0	0	0	1	0	1	0	0	0	1	0	0	0	1	0	0	0	0	0	1	0	0	1	0	0	0	1	2	1	0	2	0	3	1	2	0	0	4	1	1	2	0	1	1	1	2	1	0	0	1	0	1	0	1	1	0	0	0	0	1	0	2	1	1	0	0	1	0	0	1	0	0	0	0	0	2	1	0	1	1	0	0	0	0	1	0	1	0	0	0	1	7	2	1	1	3	2	0	0	2	0	1	1	1	0	0	1	0	0	1	1	1	0	0	0	1	2	4	4	3	5	5	1	2	2	1	3	4	0	5	3	5	4	5	4	2	2	2	6	0	1	4	1	1	2	1	0	2	2	2	4	3	3	4	1	5	22	0	8	3	15	21	10	8	4	4	6	3	0	0	5	6	6	8	2	9	2	6	11	10	10	8	9	6	2	0	5	6	4	4	3	3	2	2	0	1	0	1	0	1	0	2	1	1	1	0	1	1	1	2	4	7	3	1	1	4	0
0	0	0	0	0	0	0	0	0	0	0	0	0	0	0	0	0	0	0	1	0	0	0	0	0	0	0	0	0	0	0	0	0	0	0	0	0	0	0	0	0	0	1	0	0	0	0	0	0	0	0	1	0	0	0	0	0	1	0	0	0	0	0	1	0	0	0	0	0	0	2	0	0	0	0	0	0	0	1	0	1	1	0	1	0	0	0	0	0	0	0	0	0	0	0	0	0	0	0	0	1	1	0	0	0	0	0	0	0	0	1	0	0	1	0	0	0	0	0	0	1	0	0	0	0	0	0	0	0	0	0	0	1	1	1	0	0	0	1	1	0	0	1	1	1	0	2	0	1	0	0	0	0	0	0	0	0	0	1	1	0	1	1	0	0	0	0	1	0	1	0	2	0	0	0	0	0	0	0	1	0	0	0	1	0	0	0	0	1	1	0	0	0	1	0	0	0	0	0	0	1	1	0	1	0	1	0	0	1	0	1	0	0	1	3	0	0	2	0	0	0	2	1	1	0	0	0	1	0	1	2	1	3	2	1	1	2	1	1	1	0	2	2	1	1	1	1	2	1	2	0	1	1	2	2	1	0	0	0	0	0	0	0	0	1	0	0	0	0	0	0	0	1	0	1	0	0	1	1	1	0	0	1	1	1	0	0	0	1	1	0	0	1	0	0	1	0	2	0	0	2	1	2	1	1	2	0	1	2	0	1	1	0	0	1	0	0	1	0	0	0	0	0	1	0	0	0	0	1	1	0	0	0	0	0	0	0	0	1	1	1	0	1	2	0	1	0	2	1	1	1	0	1	1	0	0	1	2	0	1	2	1	1	1	0	0	3	0	3	0	1	0	1	2	0	0	1	1	0	2	1	0	1	0	1	1	0	4	1	0	0	4	6	8	4	2	0	2	4	1	4	3	6	1	2	1	2	5	6	4	6	8	1	2	4	2	1	2	2	1	1	2	7	1	1	2	2	4	1	8	0	34	137	263	15	7	4	6	1	2	4	5	11	23	17	12	9	15	11	15	12	7	0	3	2	0	2	3	5	3	1	2	3	0	0	0	1	1	2	1	0	2	0	2	0	0	0	2	1	0	3	1	3	0	1	2	1	0	3
0	0	0	0	0	0	0	0	0	0	1	0	0	0	0	1	0	0	0	0	0	0	1	0	0	0	0	0	0	0	3	0	0	0	0	0	0	1	1	0	0	0	1	0	0	0	0	0	2	0	0	1	0	1	0	0	1	0	0	0	0	0	0	1	0	0	0	0	1	1	0	0	0	0	0	1	0	0	0	1	0	0	0	1	0	0	0	0	0	0	2	0	0	0	0	0	1	0	0	0	0	0	0	0	0	0	1	0	0	0	1	0	1	1	0	0	1	0	0	0	0	0	0	1	0	0	0	0	0	0	0	0	1	0	0	0	0	2	0	1	0	0	0	0	0	0	0	0	0	0	0	0	0	0	0	0	0	0	1	1	1	0	0	1	0	0	0	1	1	0	0	0	0	0	0	0	0	0	0	0	0	1	0	0	2	0	0	0	0	1	2	1	0	0	2	0	0	0	0	0	0	1	0	0	0	0	1	0	1	0	0	0	0	0	1	0	0	0	0	0	0	3	2	2	1	0	4	1	0	2	1	2	1	0	0	0	1	1	0	3	0	0	0	1	0	2	0	0	1	0	1	0	1	0	0	0	0	0	1	0	0	0	0	0	0	1	0	0	0	0	0	0	0	0	0	0	0	0	0	0	0	0	0	0	0	0	1	1	0	1	0	0	0	0	0	0	0	0	0	0	1	1	0	0	1	0	1	0	1	0	0	2	0	0	0	0	1	0	1	1	0	0	0	0	0	0	0	0	1	1	0	1	0	0	1	1	1	0	1	0	0	1	0	1	0	0	0	0	1	0	1	1	2	0	2	0	0	1	1	1	0	0	2	1	0	1	0	0	4	2	1	1	2	2	0	0	0	0	0	0	1	0	0	0	0	1	0	0	0	2	3	2	2	1	2	0	1	1	1	2	3	1	3	2	1	4	3	3	0	2	3	2	0	3	2	2	1	0	1	2	0	2	1	0	1	1	0	1	4	3	34	0	33	14	14	4	3	2	1	1	2	2	5	6	9	4	2	27	17	4	6	2	4	2	1	0	1	0	1	3	1	3	0	2	2	0	1	1	0	0	1	1	0	0	0	0	0	0	1	0	1	0	1	1	0	0	1	0	1
0	0	0	0	0	0	0	0	0	0	0	0	0	0	0	0	0	0	0	0	0	0	0	0	0	0	0	0	0	0	0	0	0	0	0	0	0	0	0	0	0	0	0	0	0	0	1	0	0	0	0	0	0	0	0	0	0	0	0	0	0	0	0	0	0	0	0	0	0	0	0	1	0	0	0	1	0	0	0	0	0	0	0	0	1	1	0	1	0	0	0	1	0	0	0	2	0	1	0	0	0	0	0	0	1	0	1	0	1	0	1	1	0	0	0	0	0	0	1	0	0	0	0	0	1	0	0	0	0	1	0	0	0	0	0	0	1	1	1	0	1	1	2	0	0	1	1	0	1	0	0	0	1	1	0	2	0	0	1	1	0	0	1	0	0	1	0	1	1	0	0	1	0	0	0	0	1	0	0	1	0	1	0	0	0	0	0	1	0	0	1	0	1	0	0	1	0	0	1	1	0	0	0	0	0	0	1	0	0	0	0	0	1	2	0	0	0	0	0	1	0	0	1	1	2	0	0	2	0	2	0	2	0	2	2	1	0	1	0	0	0	0	1	1	0	0	2	1	0	1	1	0	0	0	1	1	0	0	0	0	0	0	0	0	0	0	0	1	0	0	1	0	1	0	1	0	0	2	0	0	0	1	1	1	1	0	0	0	1	1	0	0	0	0	0	0	3	0	0	2	1	0	1	1	2	0	0	0	0	0	1	0	0	1	1	1	0	0	0	1	0	0	0	1	0	0	1	2	0	0	0	0	0	0	2	1	1	0	1	0	1	2	0	0	0	1	1	0	0	0	0	0	0	0	1	0	1	0	0	0	0	3	2	0	1	1	0	4	2	1	3	0	2	0	0	1	0	2	0	0	0	0	0	1	0	0	2	2	0	1	1	4	8	4	0	1	2	1	1	1	0	0	1	1	1	4	4	4	4	0	3	0	2	0	1	2	1	1	0	1	2	1	4	0	2	3	1	1	7	15	137	33	0	81	22	9	2	1	3	1	3	1	5	14	12	12	6	17	13	8	4	4	2	1	4	0	0	1	7	3	0	6	0	4	2	0	0	0	1	1	0	0	0	0	0	2	1	0	1	1	1	4	1	3	2	1	2	1	2
0	0	0	0	0	0	0	0	0	0	0	0	0	1	0	0	0	0	0	1	0	0	0	0	0	0	0	0	1	1	1	0	0	0	0	0	0	0	0	1	0	2	0	0	0	0	0	0	0	0	0	1	1	0	0	0	0	0	0	0	0	0	0	1	0	1	0	0	0	1	0	0	0	0	1	0	0	0	0	0	0	0	0	0	0	0	0	1	0	0	0	0	1	1	1	1	0	0	0	1	0	0	0	0	1	0	0	0	0	0	1	1	0	0	0	0	1	0	0	1	0	0	0	0	0	0	1	0	0	0	0	0	0	0	2	0	1	1	1	2	1	3	0	0	0	0	1	0	0	0	0	0	0	0	0	1	0	1	2	0	0	1	0	0	0	1	0	1	0	0	0	0	0	0	0	0	0	0	0	0	0	0	1	0	0	0	0	0	0	1	0	0	0	1	0	0	0	0	0	0	0	0	0	0	0	0	1	0	0	1	0	1	0	0	1	1	0	0	0	0	0	0	0	1	2	2	1	0	1	3	1	0	0	2	2	1	4	0	1	0	1	0	2	1	1	0	1	1	4	2	2	0	0	1	0	0	0	0	0	0	0	0	0	0	0	0	0	0	0	0	1	0	0	1	1	1	0	1	0	1	0	0	0	0	0	0	0	0	0	0	2	0	0	0	1	0	1	0	0	0	0	2	5	1	1	2	1	0	0	1	1	0	1	2	0	0	1	1	2	0	1	2	0	0	2	0	1	0	1	1	0	1	0	0	0	0	1	1	1	0	1	0	1	0	2	1	0	0	0	0	0	0	0	0	1	0	0	0	1	3	1	3	0	4	2	2	0	1	0	1	1	1	0	1	0	0	1	0	0	0	2	1	0	2	0	1	2	2	2	5	2	2	9	11	2	0	1	3	1	3	4	2	4	2	2	6	4	3	3	4	2	5	4	1	0	0	0	3	1	4	0	2	2	0	4	2	3	3	7	21	263	14	81	0	19	15	5	7	8	3	4	5	8	17	10	18	8	12	13	13	14	2	4	2	3	3	1	1	3	2	3	4	2	1	0	0	0	1	0	0	0	2	0	0	0	0	1	0	3	0	1	5	5	0	1	2	0	2	0
0	0	0	0	0	0	0	0	0	0	0	0	0	0	0	0	0	0	0	1	1	0	0	0	0	0	0	0	1	0	0	0	0	0	2	1	0	0	1	0	0	0	0	0	0	0	0	0	0	0	0	0	1	0	0	0	1	0	0	2	0	0	0	0	0	0	0	1	0	0	0	0	0	0	0	1	0	0	0	0	1	1	0	0	1	1	1	2	0	0	0	0	0	2	0	1	1	0	0	0	0	0	0	0	0	1	0	0	0	0	0	0	0	0	0	0	0	0	0	0	0	1	0	0	0	0	1	0	0	1	0	1	0	0	0	1	0	0	1	2	1	0	0	1	0	0	1	0	0	0	0	0	0	1	0	0	0	0	0	1	1	0	1	1	0	0	0	0	0	0	0	0	0	0	0	0	0	0	1	0	0	0	0	1	1	1	0	1	0	0	1	0	0	0	2	0	0	0	0	0	2	0	0	0	0	0	0	0	1	0	0	1	0	1	0	0	1	2	0	1	0	1	0	0	0	0	1	0	0	4	1	0	1	1	2	0	0	1	3	2	0	2	0	0	0	0	2	1	1	0	0	1	0	0	0	1	0	0	0	0	0	0	0	0	0	0	0	0	0	0	0	0	1	0	0	1	0	0	0	0	0	0	1	0	0	1	1	1	0	0	0	0	1	1	0	0	0	0	1	1	0	0	0	0	0	1	1	0	0	1	0	1	1	0	0	1	1	2	1	0	0	0	0	0	0	0	0	0	0	1	0	0	0	0	1	0	1	0	0	1	0	2	0	0	1	0	0	0	1	0	1	0	1	4	0	0	0	2	1	0	0	2	0	3	3	2	4	2	1	0	0	0	1	2	1	1	1	1	0	1	0	2	0	3	2	1	3	1	0	5	3	4	4	2	2	0	3	1	3	1	2	3	5	4	1	1	3	7	3	3	5	3	0	2	1	1	1	2	1	2	2	0	3	2	1	1	2	0	2	10	15	14	22	19	0	48	10	7	3	6	3	4	8	13	20	7	6	5	7	3	5	1	4	1	2	0	2	1	3	4	2	4	1	1	1	1	2	0	1	1	0	1	0	0	0	0	1	1	0	1	0	1	0	2	1	2	0	2	1
0	0	0	0	0	0	0	0	0	0	0	0	0	0	0	1	0	0	0	0	0	0	1	0	0	0	1	0	0	0	0	0	0	0	0	1	0	0	0	0	0	0	0	1	0	0	0	0	1	0	0	0	0	1	0	0	0	0	0	0	0	0	0	0	1	0	0	1	1	0	0	0	0	0	1	0	0	0	0	1	0	0	0	0	0	0	0	0	0	0	0	0	0	0	0	0	0	0	0	0	0	0	1	0	0	0	0	1	1	0	0	1	0	1	0	0	0	0	0	0	0	0	0	0	0	0	0	0	0	0	0	0	0	2	1	0	0	0	0	3	0	0	0	0	0	0	0	0	0	0	0	1	0	1	0	0	1	0	0	0	0	1	0	0	1	1	1	2	1	0	0	0	0	1	0	0	0	0	0	0	1	1	1	0	0	0	0	0	1	0	0	0	0	0	1	0	0	1	0	0	1	1	0	1	0	1	1	0	0	0	0	0	1	1	1	1	0	0	0	1	1	0	0	1	1	1	1	0	0	2	1	0	1	1	0	0	0	2	0	1	2	2	0	0	0	1	0	2	0	2	1	0	0	0	1	1	0	0	0	0	0	0	0	0	0	0	1	1	0	0	0	0	0	0	0	0	0	0	1	1	0	1	2	0	0	0	1	0	0	0	0	1	0	0	0	0	1	0	0	0	0	1	0	1	0	0	1	0	2	0	3	0	0	1	1	0	0	0	2	0	0	0	1	1	2	1	2	0	0	0	0	0	0	0	1	2	0	2	0	1	0	1	3	0	1	0	1	2	1	1	2	1	0	0	2	0	0	0	1	2	1	0	2	0	0	0	0	1	2	3	1	1	0	0	0	2	1	1	0	1	0	0	1	0	1	0	1	2	0	0	4	2	3	4	4	1	2	1	2	4	3	1	2	1	0	4	3	1	6	2	1	7	3	1	0	0	0	1	0	0	2	1	1	1	0	1	0	1	2	8	7	4	9	15	48	0	15	7	3	5	1	5	5	11	10	6	4	2	4	6	3	2	1	3	1	1	2	0	4	0	7	7	2	0	1	1	2	2	1	1	0	2	0	1	0	0	0	1	1	1	3	2	0	2	1	1	0	3	1
0	0	0	0	0	0	0	0	0	0	0	0	0	0	0	0	0	0	0	0	0	1	1	0	0	1	0	0	1	0	0	0	0	0	0	0	0	0	0	0	0	0	0	0	0	1	0	0	0	0	1	0	0	0	0	0	0	0	1	1	1	0	0	1	0	0	0	0	0	0	0	0	0	0	1	0	0	1	1	0	0	0	0	0	0	0	0	0	0	0	0	0	1	0	0	0	2	0	1	0	0	1	0	0	0	0	0	0	0	0	0	0	0	0	0	0	0	0	0	0	0	0	0	0	1	0	1	0	1	0	1	0	0	1	0	1	1	0	0	0	2	0	0	0	0	2	0	0	0	1	0	1	0	0	0	2	0	3	0	2	0	0	0	0	0	2	0	0	2	0	0	1	0	0	0	0	0	0	0	2	0	1	0	0	0	0	1	0	0	0	0	0	0	0	0	0	0	0	0	0	0	0	0	0	0	0	0	1	2	0	0	0	0	0	0	1	0	0	0	0	0	2	0	0	0	0	1	2	3	0	3	2	0	0	0	1	0	0	2	1	2	1	0	1	1	2	2	1	1	0	1	0	2	0	0	0	1	0	0	0	0	2	0	0	2	0	1	0	0	2	0	0	1	0	1	0	0	0	0	0	1	1	1	0	1	0	0	0	1	0	0	0	0	0	1	0	0	3	0	0	2	1	2	4	3	3	3	2	1	2	0	0	0	2	3	1	1	2	0	1	1	0	0	0	1	0	0	1	0	0	1	0	0	0	0	0	1	1	1	1	0	1	0	0	0	0	2	1	0	0	0	2	0	0	0	0	3	0	0	1	0	1	4	2	1	0	1	2	2	3	1	0	2	2	3	1	1	1	1	1	1	2	1	0	0	0	3	1	1	5	5	11	15	11	11	8	2	13	5	6	4	9	2	5	3	4	8	9	5	9	0	2	1	3	0	0	0	0	1	3	1	3	2	1	2	4	2	4	0	4	4	3	2	5	10	15	0	16	18	18	13	2	6	9	10	7	6	1	4	2	1	0	1	1	1	0	0	4	2	1	12	12	1	2	1	0	0	1	0	2	2	1	1	0	0	0	2	1	0	1	2	0	2	1	1	1	2	4	1
0	0	0	0	0	0	0	0	1	0	0	0	0	0	0	1	0	0	2	0	0	0	0	0	1	0	0	0	0	0	0	0	0	0	0	2	0	0	0	0	0	0	0	0	1	0	0	1	0	0	0	1	1	0	0	1	1	0	1	0	0	0	1	0	0	0	1	1	0	0	0	0	0	0	0	0	0	0	0	0	0	0	0	0	0	1	0	0	0	0	0	1	0	0	1	0	0	0	0	1	0	0	0	0	1	0	0	0	0	0	0	0	0	1	2	0	0	2	0	0	0	0	0	0	0	0	0	0	1	0	0	0	1	1	0	0	0	3	1	0	0	1	1	0	2	1	0	0	2	0	1	0	0	0	0	1	0	1	0	1	1	0	0	0	0	0	0	0	1	0	1	0	0	1	0	3	1	0	0	1	0	0	0	0	0	0	1	1	0	0	0	0	0	0	0	0	0	1	1	0	0	0	0	0	0	0	1	1	1	1	0	0	1	1	0	1	1	0	0	1	0	0	0	0	1	2	0	0	0	1	1	0	0	2	0	2	1	1	1	2	3	0	2	1	3	2	2	2	0	0	2	1	1	1	0	0	0	0	0	1	0	0	0	0	0	0	0	0	0	0	0	0	0	0	1	0	1	0	1	0	0	0	0	0	0	0	0	0	1	1	0	1	0	0	1	1	1	1	0	1	1	0	2	1	2	1	1	0	0	0	2	0	1	1	4	1	0	0	0	1	0	0	1	0	1	0	1	1	3	1	3	0	1	0	0	0	1	0	1	2	0	1	0	1	0	0	0	1	1	0	1	1	0	1	1	0	1	1	1	0	3	2	4	5	3	4	10	2	4	1	2	2	2	1	0	1	0	1	0	1	0	1	1	0	2	2	5	0	1	4	5	13	8	10	8	5	1	3	1	2	4	2	6	7	7	0	3	2	10	22	13	1	1	2	2	1	1	1	0	0	0	2	1	0	1	2	1	1	0	4	6	2	1	7	7	7	16	0	121	32	42	17	32	11	21	12	5	3	7	1	2	1	2	0	2	0	0	0	2	2	4	3	1	0	2	0	1	0	2	1	0	0	0	0	2	1	1	0	0	0	1	2	1	0	3	1	0	0	1
0	0	0	0	0	0	0	0	0	1	0	0	0	1	0	0	1	0	0	0	0	0	0	0	0	0	0	1	2	0	1	1	0	0	0	0	0	0	0	0	0	0	0	0	0	0	0	0	0	0	0	0	0	1	0	1	1	0	0	0	0	0	0	0	0	0	0	0	0	0	0	0	0	0	0	1	1	0	0	0	0	0	1	1	1	1	0	0	0	0	0	0	0	0	0	0	0	0	1	0	0	0	0	0	1	0	0	0	1	0	1	0	1	0	0	0	0	1	0	0	0	0	0	0	0	0	0	1	0	0	0	1	0	0	0	1	0	0	0	1	0	0	2	1	0	0	0	1	0	0	1	0	0	0	0	1	0	1	1	0	0	0	0	0	0	1	1	2	1	1	1	1	3	0	0	1	1	0	2	1	0	0	0	0	0	0	0	0	0	0	0	0	1	0	0	1	1	1	0	0	0	1	0	0	1	0	0	2	1	2	3	0	1	0	0	0	1	0	0	0	0	0	0	0	0	0	0	1	0	1	0	0	0	1	1	3	1	3	3	2	1	3	1	0	3	1	1	3	0	0	1	0	0	1	1	0	1	0	1	1	0	0	0	0	1	1	1	0	1	0	2	1	0	0	1	0	1	0	2	0	0	0	1	0	0	1	0	0	0	0	0	0	0	0	0	0	1	0	2	1	1	1	2	2	2	1	1	0	2	0	0	0	2	2	0	0	0	0	0	1	0	1	1	0	0	4	0	0	1	0	2	1	0	2	0	0	0	1	0	0	0	0	1	0	0	0	0	0	1	2	0	2	1	0	1	2	2	1	3	1	2	4	8	3	1	0	9	5	6	5	0	0	2	0	0	1	0	3	0	0	1	1	1	2	1	1	3	1	1	1	6	12	7	10	7	1	3	5	2	4	2	4	3	2	3	1	3	7	12	19	5	2	3	1	1	0	0	0	1	2	1	3	1	4	1	3	0	1	2	6	1	1	3	8	3	3	18	121	0	20	61	15	16	10	9	8	0	1	2	0	3	2	0	0	2	1	0	2	0	0	2	1	2	1	0	1	1	2	0	1	0	1	1	0	1	0	1	0	2	1	1	2	2	1	3	1	2	1	3
0	0	0	0	0	0	0	0	0	0	0	0	0	0	0	0	0	1	0	0	0	0	0	1	1	0	0	0	0	0	0	0	0	0	0	0	1	0	2	0	0	0	0	0	0	0	0	0	0	0	0	0	0	0	2	0	0	0	0	0	0	0	0	0	0	0	0	0	0	0	0	0	0	1	0	0	0	0	0	0	0	0	1	0	0	0	1	0	0	1	0	0	0	0	0	0	0	0	0	0	2	0	0	1	0	0	0	0	0	0	0	0	0	0	0	0	0	0	2	3	0	0	0	0	1	1	0	0	0	0	0	0	0	0	0	1	1	0	1	0	1	0	0	0	0	1	0	0	0	1	1	1	0	0	0	1	0	0	0	0	1	0	1	1	2	1	0	1	0	1	0	1	0	2	1	0	2	1	1	0	0	0	0	0	0	1	0	0	0	0	0	1	0	0	2	0	0	1	0	0	1	0	0	0	0	1	0	0	1	0	0	1	0	0	0	2	0	1	0	0	0	0	2	0	2	0	2	0	0	2	0	0	0	2	0	1	5	2	0	0	0	1	1	3	1	0	0	2	1	1	1	1	0	1	2	0	1	0	2	1	1	0	0	0	0	0	0	1	0	0	0	0	0	0	1	0	0	3	2	1	0	0	0	0	0	2	0	1	1	1	0	0	0	0	0	1	3	4	1	3	0	1	2	6	2	2	0	2	2	1	1	0	1	0	0	1	0	3	2	0	0	0	1	1	2	2	2	1	0	1	2	1	0	1	0	0	0	0	1	2	0	2	0	0	0	1	1	0	0	0	1	1	3	1	0	1	3	4	1	3	0	1	6	5	5	1	12	13	8	4	0	4	0	5	2	3	2	2	1	2	0	1	0	0	1	0	1	2	2	4	14	22	16	13	12	11	13	8	4	7	10	9	8	2	4	2	5	3	6	7	2	2	2	5	0	1	3	3	0	0	0	2	1	2	0	4	1	3	2	3	2	1	1	3	6	5	18	32	20	0	24	4	6	9	8	4	3	1	2	0	2	1	2	2	1	0	0	1	2	1	5	4	0	2	1	0	1	2	3	0	1	1	0	0	1	0	1	1	0	4	0	2	4	2	1	3	4	3	4
0	0	0	0	0	0	0	0	0	0	0	0	0	0	0	1	0	0	1	0	0	0	0	0	1	0	0	0	0	0	1	0	1	0	0	0	2	0	0	0	0	0	1	0	0	0	1	1	0	0	0	3	0	0	0	0	0	1	0	0	0	0	0	0	0	0	0	0	0	0	0	0	0	1	0	0	0	0	0	0	2	0	0	0	0	0	1	0	1	0	0	0	0	0	0	0	0	0	0	0	0	0	0	0	0	0	1	0	0	0	0	1	0	0	0	0	1	1	0	2	0	0	0	1	0	1	0	2	0	0	1	0	2	1	0	1	0	1	0	0	1	1	1	0	0	1	1	0	0	0	1	1	0	0	0	0	2	0	0	1	0	0	0	1	0	2	0	0	0	0	0	1	0	1	0	0	0	0	1	0	1	1	1	0	0	0	0	0	0	1	0	1	1	1	1	0	0	0	0	0	1	0	0	0	0	0	1	0	1	0	0	0	0	0	0	0	0	0	0	0	2	2	0	1	0	0	0	0	0	0	1	4	0	0	3	1	1	1	3	0	1	2	0	2	0	1	5	4	0	3	0	1	3	0	2	0	0	0	0	0	0	0	0	0	0	1	0	1	1	0	0	0	0	3	0	0	1	1	1	2	2	1	0	0	0	1	0	1	0	0	0	0	1	0	0	0	0	1	0	1	0	0	2	3	4	3	1	0	1	1	1	1	1	1	0	0	5	0	1	2	1	0	0	1	2	1	0	3	2	0	2	0	1	1	0	1	1	1	2	0	0	1	0	0	0	2	0	0	1	4	1	1	1	3	3	2	4	3	0	5	1	2	17	12	20	6	16	9	2	8	1	4	4	6	6	0	2	0	2	1	3	1	3	2	2	1	2	0	3	9	8	8	13	4	4	4	3	8	2	5	1	2	8	2	2	1	7	10	11	14	6	10	5	2	0	0	0	1	1	1	2	1	3	0	1	1	2	1	4	0	4	2	3	4	3	1	13	42	61	24	0	14	12	5	16	1	7	0	0	1	1	0	4	0	0	0	1	1	1	1	4	4	2	1	2	2	2	1	0	1	0	2	1	0	1	0	3	0	4	1	1	1	4	1	1	1	0	1	0
0	0	0	0	0	0	0	0	0	0	0	0	0	0	0	0	0	0	0	0	1	0	1	0	0	0	0	0	0	0	0	0	1	0	1	0	0	0	0	0	0	0	0	0	0	0	0	1	0	0	0	1	0	0	0	1	0	0	0	0	0	0	0	0	0	0	0	0	0	1	0	0	0	0	1	0	1	0	0	0	0	0	1	0	1	0	1	0	0	0	0	1	1	2	1	0	0	1	0	1	1	0	0	0	0	1	0	1	0	0	1	0	0	0	1	0	0	0	0	1	0	0	1	1	0	2	0	0	1	0	0	1	0	0	0	0	0	1	2	0	0	1	0	0	0	1	0	1	0	0	2	0	0	1	1	0	1	0	0	0	1	1	2	0	0	0	0	0	0	2	0	0	0	1	0	0	0	0	0	1	0	0	0	0	0	1	0	1	0	0	0	0	0	0	0	1	0	1	1	1	0	0	0	0	0	0	1	1	0	0	1	1	0	0	0	0	1	1	0	0	0	0	1	0	1	0	0	1	0	0	0	0	1	2	2	0	0	1	3	3	1	0	0	3	0	1	1	1	2	2	0	1	1	0	2	0	0	1	0	0	0	0	0	1	1	0	0	1	0	0	0	1	0	1	1	0	0	1	1	0	0	1	0	0	1	2	2	2	0	1	0	0	1	0	0	0	1	1	0	1	1	1	0	1	2	0	1	1	0	0	0	1	0	0	0	0	0	2	0	1	1	1	0	1	0	0	0	1	1	1	2	1	0	0	0	3	0	1	0	3	2	1	0	2	0	0	0	0	1	1	2	1	0	1	1	0	2	3	2	3	0	4	7	1	2	9	4	1	3	2	1	1	1	4	3	0	0	1	1	1	1	0	1	1	0	3	2	2	3	4	1	6	8	10	3	5	0	0	3	1	3	0	7	2	0	1	1	11	15	46	29	7	2	1	1	0	0	2	1	0	1	3	2	1	4	1	2	1	0	0	5	2	1	5	4	5	2	17	15	4	14	0	16	10	17	8	7	9	2	2	1	1	1	0	0	0	0	2	2	2	0	1	0	1	0	0	1	0	0	0	1	0	0	0	0	0	1	1	0	1	1	1	1	0	2	1	2	0	1
0	0	0	0	0	0	0	1	0	0	0	0	0	0	0	0	0	0	0	1	1	0	0	0	1	0	0	2	1	0	0	2	0	0	0	1	0	0	0	0	0	0	0	0	0	0	0	1	0	0	0	0	0	0	0	0	0	0	2	0	0	0	0	1	0	0	0	0	0	0	1	0	0	0	0	1	1	0	0	0	0	0	1	0	0	0	0	0	0	0	0	0	0	0	0	0	1	1	0	2	0	1	1	0	0	0	0	0	0	1	0	0	0	0	0	0	1	0	0	0	0	0	0	0	0	0	0	0	1	0	0	0	1	0	2	0	0	2	0	1	0	0	2	0	3	0	0	1	0	0	0	1	1	0	0	0	1	1	0	1	0	1	2	1	0	1	1	0	0	0	0	0	0	1	0	0	0	1	0	1	0	2	1	2	1	0	0	0	2	0	1	1	0	2	1	0	0	0	0	0	0	1	0	0	0	0	1	1	1	0	1	0	1	2	1	1	1	0	0	0	1	0	4	0	1	1	2	0	0	2	5	1	0	0	1	0	0	1	2	0	3	1	0	1	3	2	1	1	1	0	2	1	0	1	0	1	2	0	0	0	0	0	1	0	0	1	0	0	3	0	0	0	1	0	0	0	0	0	1	1	2	1	1	1	1	1	0	0	0	0	2	0	1	0	0	1	1	0	0	1	0	4	0	2	3	2	1	0	2	0	0	0	1	1	1	1	0	1	1	0	1	0	0	0	0	0	0	0	0	1	0	2	1	0	1	2	1	0	1	0	1	2	1	1	0	0	2	1	0	0	2	3	2	3	1	0	2	0	3	1	1	3	2	6	1	1	2	7	4	4	2	3	1	1	4	0	1	0	0	3	1	1	4	0	0	1	2	1	2	3	8	8	14	24	3	3	1	3	2	1	2	1	8	9	4	8	8	19	38	30	20	12	3	8	2	0	0	1	0	2	1	1	1	2	4	4	2	0	2	5	11	5	5	8	8	5	6	32	16	6	12	16	0	14	72	30	17	7	5	4	5	4	1	0	2	2	1	2	1	4	2	0	1	0	2	1	0	0	0	0	0	0	0	0	1	2	0	0	0	0	0	1	2	2	1	2	2	0	0
0	0	0	0	0	0	0	1	0	0	1	0	0	0	0	0	0	1	0	0	0	0	0	0	0	0	1	1	0	0	0	1	0	2	0	1	0	0	1	0	0	0	2	0	0	1	1	0	0	0	0	0	0	0	0	0	0	0	0	0	0	0	1	0	0	0	0	0	0	1	1	0	0	0	0	0	0	0	0	0	0	0	0	1	1	0	0	0	0	0	1	1	0	0	0	1	0	0	1	0	0	0	0	0	0	0	1	1	0	0	0	0	0	2	0	1	0	1	0	0	0	0	0	0	0	0	0	0	0	0	0	1	1	0	2	0	0	2	1	1	0	0	1	0	0	0	0	0	0	0	0	1	0	1	1	1	0	0	1	0	0	1	1	0	1	0	1	1	0	0	0	0	0	0	1	0	1	0	0	0	0	1	0	0	0	1	0	1	0	0	0	0	0	0	0	0	0	0	0	1	0	0	0	0	0	0	0	1	1	0	0	1	0	0	2	1	0	0	0	0	0	1	0	0	1	1	0	0	1	2	1	0	0	0	1	0	2	0	2	1	2	2	3	0	0	0	1	0	1	0	1	0	0	0	0	0	1	0	0	0	0	0	0	0	0	0	0	0	0	1	0	1	0	1	0	2	0	0	1	0	2	0	1	0	3	0	0	0	0	0	0	0	0	1	1	0	1	0	1	1	1	2	1	2	2	0	0	0	0	0	0	1	0	0	0	0	0	1	1	0	0	0	1	0	1	0	0	1	1	1	1	1	0	0	0	0	1	0	0	0	1	0	0	0	0	0	0	1	0	1	3	0	0	1	2	0	3	1	1	1	0	4	5	1	0	1	6	1	1	1	3	0	2	0	1	0	0	1	0	1	0	1	0	2	2	1	1	2	0	3	2	4	4	14	4	4	4	1	1	3	1	1	4	0	1	2	4	6	13	13	11	7	2	5	1	1	4	0	0	0	3	3	4	0	1	3	2	2	3	6	23	6	14	17	13	11	9	11	10	9	5	10	14	0	101	39	18	13	5	8	6	4	3	2	0	0	1	3	2	1	2	2	2	2	1	0	0	0	1	0	0	2	0	0	0	0	0	1	1	0	1	0	1	1	1	1	1	0	2
0	0	0	0	0	0	0	1	0	0	0	0	0	1	0	0	0	0	0	0	1	0	0	0	1	0	1	0	0	0	0	1	0	0	0	0	1	0	1	0	0	0	0	0	1	0	0	0	0	0	0	0	0	0	0	1	1	1	0	0	0	0	0	0	0	1	1	0	1	0	1	0	0	0	0	0	0	0	0	0	0	0	0	0	0	0	0	0	0	0	0	0	0	0	0	1	0	0	0	0	0	1	0	0	0	0	0	0	0	0	0	0	0	0	0	1	1	1	0	1	0	0	0	1	0	0	0	0	0	0	0	1	1	1	0	0	1	0	1	1	0	2	1	0	0	0	0	0	0	2	1	1	1	0	1	0	2	0	2	0	1	1	0	0	1	0	2	2	0	0	0	1	0	0	0	0	1	0	0	1	0	0	0	0	0	0	0	0	0	0	0	0	0	0	0	0	0	0	0	0	0	0	0	0	0	1	0	0	1	0	0	0	1	0	0	1	0	0	1	0	0	0	0	1	0	0	1	1	0	1	1	2	0	1	1	0	0	2	1	3	2	0	1	1	1	1	1	1	0	1	1	0	1	1	0	3	0	0	1	1	0	0	0	0	0	1	0	0	0	0	0	0	0	0	0	0	1	1	2	1	1	0	0	1	0	1	0	0	2	0	1	0	0	0	1	0	1	0	2	0	0	1	0	1	4	1	1	0	0	0	1	0	1	1	0	0	1	0	0	0	0	1	2	0	0	1	0	0	1	0	1	0	0	0	0	0	1	0	1	0	0	0	0	0	1	0	1	1	0	2	1	1	0	1	0	1	0	1	1	0	2	1	0	2	1	3	3	1	0	2	1	1	1	3	0	1	2	0	2	1	2	1	2	2	3	0	3	3	2	6	2	8	10	10	2	1	2	3	0	2	1	2	3	7	2	2	10	13	13	14	10	10	7	3	2	1	0	1	1	3	2	1	5	2	0	3	1	2	4	6	17	9	12	10	20	10	10	21	9	8	16	17	72	101	0	34	11	9	5	3	5	5	3	0	0	0	3	0	0	2	6	1	0	0	2	1	0	2	1	1	0	3	1	1	1	0	1	2	0	0	0	3	1	3	0	1	1	4	2
0	0	0	0	0	0	0	0	0	0	0	0	0	0	0	0	0	0	0	0	1	0	0	1	0	0	0	1	0	0	0	0	0	0	0	0	0	0	0	0	0	0	0	0	1	0	1	1	0	0	0	0	1	0	0	0	0	0	0	0	1	1	0	1	0	0	0	0	0	0	0	1	0	0	0	0	0	0	0	1	0	0	0	0	0	0	1	0	0	0	0	0	0	0	0	0	0	0	0	1	0	0	0	2	0	0	1	0	1	0	0	0	0	0	0	0	0	0	1	1	1	1	1	0	0	0	0	0	0	0	0	0	0	1	0	0	1	1	0	1	1	0	0	0	0	0	1	0	0	1	0	0	0	0	0	1	1	1	0	0	1	1	2	0	1	1	0	0	0	0	1	0	0	1	0	0	0	0	0	0	0	0	1	0	1	0	0	0	0	1	0	0	0	0	0	0	0	0	0	0	0	0	0	1	1	1	0	1	1	0	2	0	1	0	3	1	2	0	0	1	2	2	0	0	1	1	1	1	1	2	3	0	1	4	1	0	2	0	1	1	0	0	1	2	1	0	2	2	0	0	0	0	2	0	2	0	0	1	0	1	0	1	0	0	0	1	0	0	0	0	1	0	0	0	0	1	0	2	0	1	1	1	0	0	1	1	0	0	0	0	0	1	0	0	0	1	2	0	0	0	0	1	1	1	2	0	0	1	0	0	0	1	0	0	2	0	0	0	1	0	1	0	1	1	1	2	0	3	1	2	0	1	0	1	0	1	1	2	2	0	1	0	2	2	0	1	1	0	1	0	0	0	0	1	0	0	0	0	0	1	1	0	2	3	0	6	5	0	2	2	1	1	0	3	2	2	0	3	2	2	2	2	0	0	0	0	2	1	1	1	1	2	6	9	5	1	1	0	0	3	1	5	4	6	1	2	4	5	16	6	20	22	5	0	0	2	2	2	1	3	1	5	2	3	3	2	0	2	1	8	12	4	12	18	7	6	7	12	8	4	1	8	30	39	34	0	140	10	11	13	8	6	3	3	1	1	0	1	3	1	3	2	1	0	0	2	0	1	0	2	0	2	0	1	0	0	3	0	0	1	2	0	2	0	1	0	0	0	1
0	0	0	0	0	0	0	0	0	0	0	1	0	0	0	0	0	0	0	0	0	0	0	0	0	0	0	0	0	0	0	0	1	0	0	0	0	0	0	0	0	1	2	1	0	0	1	0	0	1	0	1	0	0	0	0	0	0	1	0	0	0	1	0	0	0	0	0	0	0	0	0	1	0	0	1	0	0	0	0	0	0	1	0	0	0	1	0	0	0	0	0	0	0	0	0	0	1	1	0	0	1	0	0	0	0	0	0	0	1	0	0	1	0	0	0	0	1	0	0	1	0	0	0	0	0	0	0	0	0	0	1	0	2	1	0	0	0	0	0	0	2	0	0	0	0	0	0	0	0	0	1	0	0	0	0	1	0	1	0	0	0	1	0	1	0	0	0	2	0	0	1	0	0	1	1	0	0	0	0	0	0	0	0	0	0	0	0	0	0	1	1	0	0	0	0	0	0	0	1	0	0	0	0	0	0	1	1	1	0	1	0	1	1	1	1	1	2	0	0	0	1	1	1	0	0	0	1	0	2	2	1	0	0	2	1	4	0	0	0	1	1	2	2	1	2	2	1	1	3	1	2	0	2	2	2	0	1	0	1	0	0	0	0	0	0	0	0	0	1	0	1	0	0	0	0	0	0	1	0	0	0	2	0	1	0	0	1	0	0	0	0	0	0	0	1	2	0	0	0	0	1	1	2	2	2	1	0	0	0	1	1	0	1	0	0	0	1	1	2	1	1	0	1	2	0	0	0	0	0	0	0	0	1	0	1	2	2	3	0	0	0	0	2	0	1	0	1	1	1	0	0	1	2	0	1	1	3	3	1	1	0	4	4	5	0	5	0	2	1	3	2	1	3	3	3	0	2	0	0	0	1	1	1	1	1	1	2	1	1	1	2	5	9	2	3	2	1	4	1	2	1	2	4	2	3	7	7	11	12	28	17	5	0	4	0	1	1	3	1	1	0	3	2	1	2	1	0	2	2	9	2	6	8	6	4	6	5	0	3	7	7	17	18	11	140	0	19	4	1	7	1	3	4	2	0	0	1	0	0	1	2	0	0	0	0	0	1	0	0	0	0	2	0	0	1	1	0	3	1	1	4	4	0	1	0	0	0	2
0	0	0	0	0	0	0	0	0	0	0	0	0	0	1	0	1	1	0	1	0	0	0	0	0	1	0	0	0	0	0	1	1	0	0	0	0	1	0	0	0	0	0	0	0	0	1	0	0	0	0	0	0	0	1	1	0	0	0	0	0	0	0	0	0	0	0	0	0	1	0	0	0	0	0	1	0	0	1	0	0	1	0	0	0	1	1	0	1	0	1	0	0	0	2	1	0	1	0	0	1	0	0	1	2	2	1	0	2	1	0	0	1	0	1	1	0	1	1	0	1	1	2	0	0	0	0	0	0	0	0	1	1	0	1	1	0	0	0	0	0	2	0	0	0	0	0	0	0	0	0	0	0	1	0	0	1	0	0	0	0	0	0	0	0	0	0	0	0	0	1	0	0	0	0	0	0	1	1	0	2	0	1	2	0	1	0	0	1	0	0	0	0	0	0	0	1	0	0	0	0	0	0	0	1	0	0	0	1	1	0	1	0	0	0	0	0	0	0	0	2	0	0	1	0	0	0	3	0	2	2	2	1	2	0	2	1	1	0	1	1	0	1	1	0	5	1	4	1	2	0	1	0	1	0	0	0	0	0	0	0	0	0	0	0	0	0	0	0	1	0	1	0	0	1	0	0	0	1	0	1	1	0	1	1	0	0	0	0	0	0	0	0	0	0	0	0	0	1	0	0	1	0	1	0	0	0	0	0	0	0	1	0	0	0	0	1	0	0	1	1	0	0	0	0	0	0	1	0	0	0	0	1	0	2	0	0	1	2	0	0	1	0	1	0	1	0	0	0	0	0	1	1	0	0	1	1	1	0	4	1	3	1	1	0	0	0	3	2	2	1	1	1	0	2	0	0	0	2	3	0	0	0	1	1	1	0	0	4	2	1	1	4	5	6	1	0	0	1	3	1	2	5	4	1	1	2	3	3	6	4	3	1	0	0	1	1	1	0	0	2	2	0	0	1	1	2	1	2	9	15	27	17	12	5	2	1	3	1	1	0	9	7	13	9	10	19	0	52	9	11	1	2	1	1	0	1	4	0	1	0	3	1	1	0	0	0	0	1	0	0	0	1	0	0	0	2	0	1	0	1	2	0	1	2	0	0	3	2
0	0	0	0	0	0	0	0	0	0	0	0	0	0	0	1	0	0	0	0	0	0	0	0	1	0	0	0	0	0	1	0	0	0	1	1	0	0	0	0	2	0	0	1	2	0	0	0	0	0	0	1	0	0	0	0	0	0	0	0	0	0	0	0	0	0	0	0	0	0	0	0	0	0	0	0	0	1	0	0	0	0	0	1	0	0	1	0	1	0	0	0	0	0	1	0	0	0	0	0	0	0	0	1	0	0	1	0	0	1	0	0	0	0	0	0	1	0	1	0	0	1	0	1	1	1	0	1	0	0	0	0	0	0	0	1	2	0	0	0	2	1	2	0	1	0	0	0	0	0	1	0	0	1	1	2	2	0	0	0	0	1	1	0	0	0	1	0	0	0	0	0	0	1	0	0	0	0	0	0	0	0	0	0	0	0	0	0	0	0	0	0	0	0	0	0	1	1	0	1	0	1	0	0	0	0	0	2	0	0	1	0	0	0	0	0	0	1	1	0	3	0	0	1	1	3	2	1	2	4	1	0	1	2	0	1	1	0	3	0	0	3	0	1	1	0	0	1	2	1	2	2	0	1	0	1	0	0	0	1	0	0	0	0	0	0	0	1	0	0	1	0	0	0	0	0	0	0	0	3	0	0	0	0	0	0	0	0	0	0	1	0	0	0	0	1	0	0	0	0	1	1	0	1	0	1	0	0	1	1	2	1	1	2	0	0	1	1	0	0	0	0	1	0	0	0	1	1	1	1	2	0	0	1	1	1	0	1	1	0	1	0	0	0	0	0	2	1	0	0	0	0	2	1	0	0	0	0	1	0	1	3	2	3	1	2	2	1	2	1	0	2	1	2	0	0	2	0	0	0	1	0	1	1	0	0	1	0	1	2	1	2	8	3	1	1	0	3	0	0	3	1	1	2	1	1	4	4	2	0	3	4	0	3	2	4	5	1	2	1	2	4	1	2	4	3	0	0	1	2	11	17	13	13	7	4	4	7	2	2	0	2	5	5	5	11	4	52	0	28	12	6	5	0	2	1	2	1	2	1	0	2	1	2	1	0	0	0	0	0	0	1	1	1	0	1	1	1	0	1	0	1	2	1	2	1	1	2	1
0	0	0	0	0	0	0	0	0	0	0	0	0	0	0	0	0	0	0	1	0	0	0	0	0	2	1	0	0	0	0	0	0	0	1	0	0	0	0	0	0	1	0	0	0	1	1	0	1	0	0	2	0	0	1	1	0	0	0	0	0	0	1	1	0	0	0	1	1	0	0	0	0	0	0	0	1	0	0	0	0	1	1	0	0	1	0	0	1	0	0	2	0	2	0	0	0	0	0	0	0	0	0	0	0	0	0	1	0	0	1	1	0	0	0	0	0	0	0	0	0	0	0	0	0	0	0	0	0	0	0	1	0	0	1	0	3	0	1	1	0	1	2	3	0	0	2	0	0	0	0	1	1	0	0	0	0	0	0	0	0	0	1	1	1	0	2	0	0	0	0	0	1	0	0	0	0	0	1	0	0	0	1	0	1	1	0	0	0	1	0	0	1	0	1	0	0	0	0	0	1	0	0	0	2	0	0	0	0	0	0	0	1	1	1	0	1	1	0	1	2	0	2	2	1	0	4	0	2	2	2	0	2	2	5	0	1	0	2	0	0	1	0	0	2	1	2	3	1	2	1	2	0	3	1	1	0	0	1	1	1	0	0	0	1	1	0	1	0	0	1	0	0	0	0	0	0	0	0	1	0	1	0	1	0	0	1	0	0	1	0	1	0	0	1	1	0	2	0	0	1	2	2	1	3	0	0	0	0	2	2	1	2	1	0	1	0	1	0	0	1	2	0	0	1	1	0	1	0	0	1	1	0	0	2	0	1	2	1	0	0	0	2	1	1	0	0	0	0	0	0	1	0	2	0	0	1	1	1	0	2	1	4	1	0	1	1	0	1	0	0	4	1	1	2	0	0	0	2	0	0	0	0	1	2	0	4	1	1	0	2	2	5	0	1	3	0	2	0	1	2	2	4	4	2	5	3	0	3	2	0	3	1	2	1	4	4	1	1	1	0	6	0	3	1	3	0	4	5	6	15	4	8	13	3	6	2	1	0	0	1	2	4	8	3	13	1	9	28	0	41	16	10	2	2	2	4	1	3	2	1	3	2	0	0	1	2	1	1	0	0	0	0	0	0	0	1	0	0	1	4	0	2	1	3	5	2	2	2
0	0	0	0	0	0	0	1	1	0	0	0	0	0	1	0	0	0	0	0	1	0	0	0	1	2	0	0	0	1	0	0	1	1	1	0	1	0	0	0	0	1	0	1	1	1	1	0	0	0	0	0	1	0	0	0	0	1	0	0	0	0	0	0	0	0	0	0	1	1	0	0	0	1	0	0	0	1	0	0	0	0	0	1	1	0	0	0	0	1	0	0	0	1	0	0	0	0	0	1	0	0	0	1	0	0	1	0	0	0	1	0	1	1	0	0	0	1	0	0	0	0	1	0	0	1	0	0	0	0	1	2	0	0	1	1	1	1	1	1	1	1	0	1	2	1	0	1	0	0	0	0	1	2	0	0	0	2	0	2	0	0	0	0	1	0	0	0	1	0	0	1	0	0	0	0	0	0	0	1	0	0	0	1	0	1	0	1	0	1	0	0	0	0	0	1	0	0	0	0	0	0	0	0	0	0	0	1	1	0	1	2	0	0	0	0	0	0	1	1	0	0	1	2	1	2	0	2	1	2	3	1	1	1	0	1	0	0	1	0	0	0	3	1	1	3	2	0	1	1	5	0	2	0	1	1	0	0	1	2	1	0	0	0	0	0	1	0	0	1	2	1	0	0	0	0	1	0	0	0	0	0	0	0	0	0	0	0	1	0	0	1	1	0	0	1	0	0	1	0	0	0	0	4	1	0	2	2	0	0	0	1	0	0	0	0	2	1	0	2	0	0	1	0	0	1	0	1	0	1	0	0	1	1	0	0	0	0	0	0	1	0	0	0	0	0	0	1	1	0	0	1	0	0	0	0	0	0	3	2	1	0	1	3	1	5	2	0	1	2	1	3	0	2	1	3	1	1	1	1	2	1	0	1	2	3	4	2	1	0	3	3	1	6	3	0	3	1	1	2	4	5	5	7	1	3	4	8	7	9	6	15	5	3	4	6	1	0	2	0	2	3	4	1	2	4	4	5	5	11	12	6	4	14	5	3	1	2	3	2	1	1	5	6	5	8	7	11	12	41	0	18	5	4	1	1	0	0	2	1	2	2	2	2	1	1	1	0	1	0	0	0	2	0	1	2	3	0	1	2	2	2	2	1	3	4	0	3	4
0	0	0	0	0	0	0	0	0	0	0	1	0	0	0	1	0	0	0	2	0	0	0	0	1	0	1	0	0	0	0	0	0	0	0	0	0	1	0	0	0	0	1	0	1	0	1	2	1	0	0	0	0	0	0	0	0	0	0	0	0	1	0	0	0	0	0	0	0	0	0	0	1	1	0	0	0	0	0	0	1	0	0	0	0	0	3	1	0	1	0	0	0	0	0	0	1	0	0	0	1	1	1	0	0	0	1	1	0	0	0	0	0	0	0	0	1	0	0	0	1	1	2	0	0	1	0	0	0	2	1	0	1	0	0	1	0	2	1	5	3	3	1	0	1	0	0	1	1	0	0	0	1	0	1	0	0	0	1	1	1	1	0	1	0	2	2	0	0	0	1	0	2	0	0	0	1	0	0	0	0	0	2	0	0	0	0	1	0	0	0	1	0	0	0	0	0	0	0	0	0	0	0	1	1	0	2	0	0	0	0	1	0	0	0	1	0	2	1	0	1	1	2	0	2	3	1	2	1	4	4	5	6	4	5	1	0	1	0	2	0	2	3	1	2	2	1	3	2	0	1	1	0	2	1	2	0	0	0	0	1	0	1	0	2	0	0	0	2	1	1	0	1	0	0	1	1	3	0	0	0	0	0	0	0	0	1	0	0	1	0	0	0	1	0	0	1	0	0	3	2	1	2	1	6	1	2	0	0	1	2	2	0	1	1	0	1	0	2	2	1	0	0	0	1	1	0	0	0	2	0	1	0	1	0	2	1	0	0	0	0	1	1	0	0	0	0	0	0	1	1	0	0	1	1	0	1	2	0	0	1	0	1	1	1	1	0	2	1	1	0	2	0	1	0	0	0	1	2	0	0	0	1	1	1	2	4	0	2	3	2	0	3	7	1	1	2	0	2	1	1	1	6	3	6	7	4	3	1	3	2	4	1	3	6	11	8	0	2	4	3	7	10	4	3	5	5	10	14	10	7	2	4	2	1	2	0	1	2	1	0	1	4	4	5	6	1	1	6	16	18	0	149	5	7	1	5	4	4	2	3	2	4	2	0	1	1	0	3	0	0	2	0	0	3	2	2	3	3	2	1	3	4	4	2	1	2	2	0
0	0	0	0	0	0	0	0	0	0	0	0	0	0	0	0	1	0	0	0	0	0	0	0	1	0	1	0	0	2	0	0	0	1	0	0	1	1	0	0	0	1	0	0	0	0	0	0	0	1	0	0	0	0	0	1	0	0	0	0	0	0	0	0	1	0	1	1	1	0	0	1	0	0	0	1	0	1	1	0	0	0	0	0	0	1	1	1	0	0	0	1	1	0	0	0	0	0	0	1	0	0	1	0	0	0	0	0	1	2	1	0	0	0	1	1	1	1	1	0	0	0	1	1	0	0	0	0	0	0	0	0	0	0	1	1	1	1	1	2	2	5	1	2	0	2	0	0	0	0	0	2	1	1	0	1	1	4	1	1	0	1	2	0	2	0	0	0	1	0	0	0	0	1	1	0	0	1	2	0	0	1	2	0	0	1	1	0	0	0	0	1	1	0	1	0	1	1	0	0	0	1	1	0	1	1	1	0	0	2	0	1	0	0	0	0	0	0	0	0	0	2	0	0	2	2	1	2	2	4	2	5	4	5	0	3	2	0	2	1	1	1	1	1	3	0	1	1	1	0	2	1	0	0	2	0	0	0	1	0	0	0	0	0	0	1	1	0	0	1	1	1	0	0	1	2	1	0	1	0	0	1	0	0	0	1	0	0	1	0	0	1	0	1	1	1	1	0	1	0	1	0	2	3	3	1	1	0	0	1	1	1	0	0	2	0	0	0	0	0	0	2	1	1	0	0	0	1	0	0	1	1	0	0	0	0	0	2	1	0	0	1	0	1	1	0	0	0	0	0	0	0	0	0	0	0	0	1	0	1	0	2	1	0	1	2	1	0	1	3	3	1	0	1	0	2	2	0	0	0	1	2	1	0	0	3	2	0	0	2	2	3	2	4	2	2	0	1	0	1	4	5	6	4	4	7	3	3	0	3	3	7	3	2	3	8	3	2	1	1	2	7	1	3	3	3	6	11	50	10	0	4	2	4	4	1	1	2	0	2	4	1	1	3	3	3	3	2	5	10	5	149	0	10	8	3	3	4	3	5	6	0	4	6	2	2	2	0	1	0	0	2	0	1	1	0	0	1	1	4	2	4	1	1	2	0	4	2	2
0	0	0	0	0	0	0	0	0	0	0	0	0	0	0	0	0	0	0	1	0	0	0	1	1	0	0	0	0	1	0	1	0	0	0	0	1	0	0	1	0	1	0	0	1	0	1	0	0	0	0	1	0	0	0	0	1	0	0	0	0	1	0	0	0	1	0	0	1	0	0	0	0	0	0	1	0	0	0	0	0	0	0	1	0	0	0	0	0	0	1	0	0	0	2	2	0	0	1	0	1	1	1	0	1	1	1	1	0	1	0	1	0	0	0	0	0	0	0	0	0	0	0	0	0	0	0	0	0	0	0	1	1	0	0	3	3	2	0	3	2	5	1	1	2	2	1	0	1	1	1	0	1	4	0	0	2	3	1	1	0	0	0	1	1	0	0	0	0	1	1	0	0	0	0	1	2	0	0	1	0	1	1	2	0	0	0	0	0	0	0	0	0	0	1	1	0	0	0	0	0	1	0	1	0	0	0	1	0	0	0	0	0	0	1	1	1	2	1	1	0	1	1	2	1	4	1	2	3	3	3	1	4	5	2	3	2	2	0	2	0	1	1	0	3	0	1	1	1	0	1	2	2	1	1	0	0	1	0	0	0	1	0	0	1	0	0	0	1	0	0	1	1	1	0	1	0	0	0	0	2	0	1	0	1	0	2	0	0	1	1	0	1	0	0	1	1	0	0	2	1	2	1	2	2	0	1	2	0	1	2	1	0	2	0	3	0	1	0	0	1	2	0	0	1	0	1	0	0	1	1	0	0	1	2	0	0	0	1	0	0	1	0	1	1	0	0	1	2	0	1	1	0	1	2	0	0	2	0	2	0	0	1	1	0	0	1	0	1	1	1	1	1	0	0	0	0	0	0	1	0	2	0	0	0	0	1	2	0	1	2	1	0	3	2	0	0	2	1	2	1	4	2	8	4	8	4	1	0	2	0	2	1	5	1	3	4	3	4	3	3	4	3	0	4	6	7	14	19	8	3	2	1	2	1	3	1	0	0	2	0	0	0	2	0	3	4	1	0	2	4	5	10	0	35	12	11	23	6	5	1	1	3	7	4	2	1	1	2	0	0	0	1	0	2	2	2	2	2	1	3	7	14	7	3	7	1	3	3
0	0	0	0	0	0	0	0	0	0	0	0	0	0	0	0	0	0	0	0	0	1	0	0	0	0	0	0	0	1	0	0	1	0	0	0	0	0	0	0	0	0	0	0	0	1	0	1	0	0	1	1	0	0	0	1	0	0	0	0	0	0	0	1	0	0	0	0	0	0	1	0	0	0	0	0	0	1	0	0	0	0	0	0	0	0	1	0	0	1	0	0	1	0	0	0	0	1	0	1	0	1	0	1	0	3	2	1	0	0	1	0	0	1	0	0	1	1	0	0	0	0	0	0	0	0	2	0	1	1	0	0	0	0	2	1	2	5	2	4	1	2	0	1	2	1	1	0	2	0	3	3	0	0	0	0	0	1	0	1	0	1	1	0	0	0	0	1	1	0	0	0	1	0	0	0	1	0	0	2	0	2	0	0	0	1	2	0	0	1	0	1	0	1	1	1	1	2	1	0	0	0	0	0	0	1	1	0	1	0	1	0	0	0	1	2	1	0	0	1	4	1	0	1	3	0	0	0	1	1	2	1	2	8	0	3	0	0	3	1	1	0	0	2	3	1	2	1	0	1	0	0	0	0	0	0	0	0	0	0	2	0	0	0	0	0	0	0	1	0	0	0	0	0	1	2	0	0	0	0	0	1	0	1	1	1	1	2	1	1	0	1	2	1	1	1	1	1	2	0	0	1	0	0	3	0	0	1	2	1	3	1	3	0	0	2	2	1	1	1	1	0	1	0	0	0	0	0	0	3	1	0	0	0	1	0	0	2	0	0	2	1	0	0	0	0	0	0	0	2	1	0	0	0	0	0	2	2	1	0	0	1	1	3	0	0	1	2	1	0	0	1	1	0	0	1	0	1	0	0	0	2	0	0	0	1	1	2	1	1	0	2	2	3	3	1	1	0	0	0	2	4	2	5	6	3	3	1	0	0	2	3	0	4	4	0	3	5	3	0	2	4	4	0	0	3	2	11	19	9	2	1	4	3	2	1	1	2	2	1	0	0	2	0	0	1	2	1	2	2	1	7	8	35	0	23	15	53	15	8	3	2	3	7	4	1	1	2	1	2	0	1	0	0	1	4	1	3	3	4	1	4	10	8	3	6	2	6	1
0	0	0	0	0	0	0	0	1	0	0	0	0	0	0	0	0	0	0	0	0	0	0	0	1	0	0	0	0	1	0	0	1	0	0	0	0	0	0	0	0	1	0	0	1	0	0	1	1	0	0	0	0	0	0	0	0	0	1	0	0	0	1	0	1	0	0	0	0	0	0	1	0	0	0	0	0	1	0	0	0	0	0	1	1	1	0	0	0	1	0	0	0	1	1	0	0	1	0	0	0	1	1	0	1	1	0	1	1	0	1	2	0	0	0	0	0	0	1	0	1	0	0	2	0	0	0	0	0	0	0	0	0	1	1	0	0	1	6	2	3	0	0	0	2	3	0	0	2	1	0	0	0	0	0	0	1	0	0	5	1	0	0	0	0	1	0	0	0	0	0	1	1	0	0	0	0	0	0	0	0	0	0	0	0	0	1	1	1	3	0	0	0	0	1	1	0	0	0	0	0	0	0	0	1	0	0	0	0	0	0	0	0	0	0	1	1	0	1	2	1	2	3	1	2	1	1	1	1	2	1	1	1	3	3	1	4	0	0	1	0	1	0	1	0	2	1	0	1	0	2	1	0	0	1	0	1	0	0	0	0	0	0	1	0	0	1	0	0	0	0	0	1	1	0	0	0	0	0	0	0	0	0	1	1	0	1	0	0	1	1	0	0	0	1	0	0	0	0	1	0	2	1	0	0	0	1	0	1	1	0	1	1	0	1	0	1	1	0	0	0	0	0	0	0	0	0	0	0	0	0	0	0	0	0	0	0	0	0	1	0	0	0	0	1	1	0	0	1	1	0	0	0	0	0	0	0	0	0	1	1	1	0	2	1	1	2	1	0	0	0	0	0	1	0	0	1	0	1	0	1	0	0	1	1	0	1	0	0	3	1	0	0	1	1	0	2	0	1	1	2	4	2	1	5	1	2	0	0	0	0	2	1	2	0	1	3	1	0	2	1	1	0	1	1	1	6	3	8	6	0	0	0	3	0	1	0	0	1	0	0	0	2	0	0	1	0	0	1	2	1	1	3	12	23	0	40	25	5	5	1	1	3	7	4	1	0	2	0	0	1	1	1	0	3	0	2	2	1	4	1	3	4	1	5	4	1	1	1
0	0	0	0	0	0	0	1	0	0	0	0	0	0	0	0	0	0	0	0	0	0	0	1	1	0	1	0	1	0	0	0	0	0	0	0	1	0	1	0	0	0	1	0	0	0	0	0	0	0	0	0	0	0	1	0	0	0	0	0	0	0	0	0	0	0	0	0	0	0	0	1	0	0	0	0	0	0	0	0	0	0	0	0	0	0	0	0	0	0	1	0	0	1	0	0	0	0	0	0	0	2	0	0	0	0	0	0	0	0	0	0	0	0	0	0	0	0	0	0	0	0	0	0	1	0	0	0	0	0	0	0	0	0	3	1	2	0	4	1	4	2	0	3	1	1	1	1	1	0	0	0	1	1	1	2	1	0	1	2	0	1	1	1	1	1	2	1	0	1	0	1	0	0	0	0	0	0	0	1	0	0	0	0	2	0	0	1	1	1	0	1	0	0	1	0	0	0	0	0	1	1	1	0	0	0	0	0	1	0	1	1	0	0	1	3	1	0	0	1	2	0	3	0	1	0	0	0	0	5	2	0	1	1	2	1	0	0	1	1	1	3	2	1	2	0	0	0	1	0	1	2	0	2	1	1	0	0	0	0	0	0	0	0	1	0	0	0	0	0	0	0	0	0	0	0	0	1	0	0	0	0	0	0	0	1	0	1	1	0	0	0	1	3	2	1	2	1	0	1	1	1	0	0	0	1	1	1	0	0	1	0	1	2	1	1	1	2	0	1	0	0	1	2	0	1	0	0	0	0	0	0	1	0	0	0	1	0	0	0	0	1	0	0	0	0	0	0	0	1	0	0	0	0	0	1	0	0	0	0	0	0	0	1	1	0	0	2	0	0	0	0	1	0	0	2	1	1	1	0	0	0	1	0	1	0	1	1	0	1	1	2	0	3	2	1	0	2	1	1	0	4	1	2	5	2	0	0	0	1	1	2	0	0	3	2	2	0	0	1	4	2	3	1	4	0	1	5	7	2	2	1	0	1	2	2	0	0	0	0	1	0	1	1	3	0	0	1	2	4	0	5	3	11	15	40	0	29	1	3	0	1	1	4	2	0	2	1	3	2	1	1	1	3	1	2	4	4	2	1	1	4	5	7	2	2	2	1	5
0	0	0	0	0	0	0	0	0	0	0	0	0	0	0	0	0	0	1	0	0	0	0	0	0	0	1	0	0	1	0	0	0	0	0	0	1	0	0	0	1	1	0	0	0	0	1	0	2	1	1	0	0	0	0	0	0	0	0	0	0	0	0	0	0	1	0	0	0	1	0	0	0	0	0	0	0	0	1	1	0	0	1	0	1	0	0	0	0	0	0	0	0	0	0	0	3	1	0	0	0	0	0	3	0	0	1	0	0	0	0	0	0	0	0	0	0	1	0	1	0	0	0	1	1	0	1	0	0	0	1	0	0	2	1	1	2	0	3	1	0	2	3	0	0	1	4	1	1	1	1	1	0	1	1	0	1	0	1	2	0	0	0	0	0	1	0	1	0	1	1	1	1	2	0	0	2	0	0	0	0	0	1	0	1	1	0	2	0	0	0	0	0	0	0	0	0	0	0	0	1	0	0	0	0	0	0	0	1	1	0	0	0	0	0	0	1	2	2	2	1	2	2	2	1	0	0	1	2	1	1	3	2	4	1	0	3	2	1	1	2	1	1	2	2	0	0	0	0	1	0	1	1	1	1	1	0	0	0	1	0	1	1	1	0	0	0	0	0	2	3	1	1	0	0	0	0	0	0	2	1	1	1	0	0	0	0	0	0	1	2	1	0	2	0	0	1	0	0	0	1	0	0	0	1	1	1	0	0	0	1	0	3	1	0	1	0	1	1	0	0	0	0	0	1	0	0	0	0	1	0	0	0	1	0	1	0	0	0	0	0	0	0	0	1	0	0	1	0	1	1	1	0	1	0	0	0	1	1	0	2	0	2	1	0	0	1	1	1	0	2	3	3	1	2	1	2	0	1	0	0	0	0	0	1	0	0	0	1	0	0	0	0	1	0	1	3	2	3	1	2	4	0	6	10	7	2	1	2	1	1	1	0	3	2	0	2	1	2	8	2	4	2	0	3	2	8	9	10	0	3	0	1	1	1	0	4	0	2	1	1	2	2	3	0	1	1	4	1	1	0	4	4	23	53	25	29	0	18	4	2	7	7	14	8	7	4	5	2	2	1	2	1	0	1	3	3	5	4	2	3	11	8	13	5	2	0	2	3
0	0	0	0	0	0	0	0	0	0	0	0	0	0	0	0	0	0	0	0	0	1	0	0	1	0	0	0	1	0	0	0	0	0	1	0	0	0	1	0	0	1	0	0	0	1	0	0	0	0	0	0	0	0	1	0	1	0	0	0	0	0	0	0	0	0	0	0	0	1	0	0	0	1	0	0	0	1	0	0	1	1	0	0	0	0	1	0	1	0	0	2	1	0	0	0	0	0	1	0	1	0	0	1	1	1	0	0	0	1	1	0	0	1	0	0	1	0	1	0	0	0	0	1	0	2	0	1	0	0	0	0	0	0	0	3	0	7	4	0	2	0	1	1	0	2	1	0	1	0	1	0	3	0	1	1	1	1	1	1	0	0	0	0	0	1	0	1	0	0	0	1	0	0	1	0	1	0	1	2	2	1	1	0	0	0	0	1	1	1	0	0	0	0	1	1	1	0	1	0	0	0	0	1	0	0	1	0	2	1	0	0	0	0	2	0	0	1	0	1	0	0	1	0	0	0	1	0	0	4	0	1	0	5	3	4	6	0	1	1	0	0	4	4	1	3	0	2	1	0	0	1	3	0	0	3	0	0	0	0	0	0	0	1	1	1	1	0	0	0	0	0	0	1	0	0	1	0	0	2	0	0	0	0	0	2	1	0	0	0	0	1	1	1	1	0	0	0	1	0	1	1	3	2	3	0	1	0	1	4	0	1	3	1	0	1	0	1	0	2	0	0	1	0	0	0	0	0	0	0	1	0	0	1	0	0	1	1	0	0	0	1	1	0	0	0	0	0	1	2	2	0	0	0	0	2	3	0	0	1	3	1	0	0	0	1	1	0	1	1	1	1	3	1	1	1	0	0	1	1	0	0	0	0	1	0	1	3	1	2	3	3	7	6	8	1	3	5	6	3	8	8	7	8	21	19	4	3	3	2	1	1	2	0	0	3	2	1	4	2	1	0	6	6	2	13	8	15	12	5	5	1	7	3	3	4	2	2	0	2	1	2	1	2	0	3	0	0	2	3	2	4	3	6	15	5	1	18	0	27	7	9	10	30	11	3	1	1	6	0	2	2	0	2	2	5	2	4	6	4	2	2	10	13	9	12	3	9	12
0	0	0	0	0	0	0	0	0	0	0	0	0	0	0	1	0	0	0	0	0	0	0	0	0	0	0	0	0	0	0	0	0	1	0	0	0	0	2	0	0	0	1	0	0	0	0	0	0	0	0	1	0	0	0	1	0	0	0	0	0	0	0	1	0	1	1	0	0	0	0	0	0	0	0	0	0	0	0	0	0	0	1	1	1	0	0	0	2	0	0	0	1	2	0	2	1	0	0	2	0	0	0	0	0	0	0	0	0	0	0	0	0	1	0	0	1	0	0	1	0	0	0	0	0	0	0	0	0	1	0	0	0	0	1	1	0	1	1	1	1	0	1	0	0	0	0	0	0	1	0	0	0	0	1	2	2	0	2	0	0	0	0	1	0	1	1	0	0	0	1	0	0	0	0	1	1	1	2	1	0	0	0	0	1	1	1	0	1	2	0	1	1	0	0	0	0	0	0	0	1	0	1	1	0	0	0	0	0	0	0	0	0	0	0	0	0	0	0	0	1	1	1	0	0	0	1	1	1	0	1	1	0	4	2	3	4	2	1	1	0	0	4	0	1	4	0	2	0	0	2	2	0	0	0	1	0	1	1	0	0	1	0	0	1	0	1	0	0	1	0	0	0	1	0	0	1	0	0	1	1	0	1	0	0	0	1	0	0	1	1	1	0	1	2	0	0	3	1	1	0	0	1	1	4	2	4	1	0	2	0	1	1	2	1	1	1	0	1	1	0	1	0	1	0	0	0	0	0	0	0	0	0	0	2	1	2	1	0	0	0	0	0	0	0	1	1	1	0	1	1	1	1	0	1	1	0	1	0	0	0	0	0	1	0	0	0	1	2	2	0	3	3	2	0	1	0	0	2	1	0	1	0	0	0	2	0	0	2	2	8	6	3	9	10	5	6	5	7	4	8	9	2	10	9	11	4	5	5	4	0	1	4	1	2	2	0	1	1	3	0	2	3	2	1	2	5	5	4	6	3	3	3	2	4	0	1	2	0	1	1	2	4	1	2	1	0	1	1	2	1	2	5	5	8	5	3	4	27	0	34	41	43	23	9	4	4	5	4	0	0	2	0	0	1	2	2	1	1	2	1	0	7	5	4	5	7	4	9
0	0	0	0	0	0	0	1	0	0	0	0	0	0	0	1	0	0	0	0	0	1	0	0	0	0	0	0	0	0	0	1	0	0	1	0	0	1	0	0	1	0	0	0	0	0	1	0	0	1	1	0	0	0	0	0	0	0	0	0	0	0	0	0	0	1	0	0	0	0	1	0	0	0	1	0	0	0	0	0	0	0	0	0	0	0	0	0	1	0	0	0	0	1	1	0	1	0	0	0	0	0	0	0	0	1	0	0	0	0	0	2	0	0	0	0	0	0	0	0	0	0	0	1	0	0	0	0	0	0	0	0	0	0	0	1	0	1	2	0	1	0	0	1	1	1	0	0	0	0	0	0	0	0	0	1	0	1	0	1	2	0	0	0	0	0	0	0	0	0	0	1	0	1	0	0	0	0	0	1	2	0	1	0	0	0	0	0	2	0	0	1	0	0	0	0	0	0	0	0	0	1	0	0	0	2	0	1	0	0	0	0	0	1	1	0	0	0	0	0	2	0	0	0	1	1	0	0	1	1	0	0	0	0	1	3	3	3	3	1	4	2	2	1	3	0	3	0	1	1	0	1	0	1	1	0	0	3	0	1	0	1	0	0	0	1	1	0	0	1	0	1	0	0	0	0	0	0	0	0	0	0	1	0	0	0	0	0	1	0	1	0	1	0	0	0	2	1	0	0	1	1	1	4	3	1	1	2	2	3	1	0	2	2	1	2	1	0	0	0	3	1	0	0	0	0	0	0	0	0	0	1	0	1	0	0	0	0	0	0	0	0	1	1	2	0	0	0	0	0	0	0	1	0	1	1	0	1	1	0	1	1	2	0	0	1	2	2	3	1	3	1	2	0	0	0	1	0	2	1	1	1	0	1	0	1	0	1	1	1	2	4	4	4	4	7	17	21	9	4	6	10	1	1	5	3	3	4	0	1	0	2	5	3	0	1	0	2	0	1	1	0	2	2	2	0	1	2	3	4	1	1	0	3	2	7	12	4	2	5	4	0	2	2	6	3	1	0	0	1	2	3	6	1	3	1	0	2	7	34	0	81	33	8	10	4	1	2	2	4	0	1	0	0	1	2	1	1	1	1	1	1	4	2	3	0	7	6	17
0	0	0	0	0	0	0	0	0	0	0	0	0	0	1	0	0	0	0	0	0	0	1	0	0	1	0	0	0	0	1	1	1	0	0	0	0	0	1	1	0	1	0	0	0	0	1	0	0	0	0	1	0	0	0	0	0	0	0	0	0	0	0	0	0	0	0	0	0	0	0	0	0	0	0	0	0	0	1	0	0	0	0	0	0	0	0	0	0	0	0	0	0	1	0	0	1	0	0	0	0	0	0	0	0	0	0	0	0	0	1	0	0	0	0	0	1	0	0	0	0	0	0	0	0	0	0	1	0	0	1	0	0	0	0	0	0	0	0	0	2	1	0	1	0	0	2	2	0	0	0	0	0	1	0	0	1	1	0	0	0	2	1	1	0	0	1	0	1	0	1	0	0	1	1	0	0	0	1	0	0	0	0	0	0	1	0	0	0	0	0	1	0	0	0	0	0	0	0	0	0	0	1	0	0	0	0	0	0	2	0	0	0	0	1	1	3	0	0	0	0	0	0	0	0	0	0	0	0	1	2	1	0	1	1	3	3	2	2	3	1	0	3	0	1	2	0	0	0	0	3	0	4	0	0	0	1	1	0	0	1	0	0	0	0	0	0	0	0	0	0	0	0	0	1	1	0	0	2	1	1	0	3	1	1	1	1	0	0	0	0	1	0	2	1	0	1	2	1	0	1	2	0	2	7	3	3	2	4	2	2	1	2	0	0	0	0	0	2	1	0	1	0	1	0	1	0	1	0	0	0	0	1	0	2	0	0	1	1	0	1	0	0	0	1	0	1	0	0	0	0	1	0	0	0	0	2	2	0	0	2	2	2	3	6	5	6	3	3	1	1	1	0	6	1	0	3	1	0	1	0	0	0	1	1	0	0	2	2	3	9	8	9	7	21	8	16	37	16	10	7	27	8	7	6	13	2	3	6	1	2	0	1	0	3	2	1	1	0	2	7	2	5	5	1	4	4	4	2	4	2	3	6	4	4	7	12	3	1	4	4	1	0	2	1	2	2	3	2	3	2	2	0	1	2	1	1	7	9	41	81	0	14	11	2	2	1	5	1	1	0	0	2	0	1	2	1	4	2	0	3	1	0	6	5	2	7	12	10
0	0	0	0	0	0	0	0	0	0	0	0	0	0	0	0	0	1	0	0	0	0	0	0	0	0	1	0	0	1	0	0	1	0	0	0	0	0	0	0	0	0	0	0	1	0	0	0	0	0	0	0	0	0	0	2	0	0	0	0	0	0	0	0	0	0	0	0	0	0	1	0	0	0	0	0	0	0	1	0	2	0	0	0	0	0	2	0	0	0	1	0	0	0	0	0	0	0	0	0	0	0	0	0	0	3	0	0	0	0	0	0	0	0	0	0	0	1	0	0	0	0	0	1	0	0	0	0	0	0	0	0	1	2	0	0	0	2	0	1	0	2	1	0	0	1	1	0	0	3	0	3	0	2	1	0	0	0	0	2	0	0	2	0	1	0	0	0	0	0	1	1	0	0	0	0	1	0	0	1	0	1	0	1	1	0	0	2	3	1	0	0	0	0	0	0	0	0	0	1	0	0	0	0	1	0	1	0	0	0	0	0	0	1	3	1	0	0	0	0	0	1	3	0	0	0	1	0	0	1	0	1	0	0	1	2	0	3	2	3	1	3	2	1	4	2	1	1	0	0	0	0	0	0	0	1	1	0	0	1	0	1	2	0	1	0	0	0	0	0	0	2	1	0	0	0	1	2	0	1	0	1	1	1	0	1	0	2	0	0	2	1	0	1	1	0	0	1	2	0	2	2	4	5	5	4	0	2	1	0	4	2	2	2	1	1	1	0	1	0	1	2	1	1	0	1	0	0	1	0	1	0	0	1	0	1	0	0	1	0	0	1	0	0	0	0	0	1	0	0	0	1	0	2	1	0	0	1	1	0	0	0	0	1	1	0	2	1	2	1	1	1	1	0	0	1	1	0	0	1	0	0	1	0	0	0	0	3	1	1	2	3	4	4	7	3	4	10	12	4	4	7	5	2	6	7	0	4	2	0	2	3	1	0	2	2	0	2	0	0	1	4	1	0	3	6	2	2	3	3	3	0	0	2	1	2	1	1	2	0	2	0	1	2	0	1	0	1	1	2	2	4	4	3	3	3	1	7	10	43	33	14	0	29	6	7	1	2	2	3	0	3	3	0	0	1	3	4	4	2	0	1	2	8	6	5	9	12	24
0	0	0	0	0	0	0	0	0	0	0	0	0	0	0	0	0	0	0	1	0	0	0	0	0	0	0	0	0	0	0	2	0	1	0	1	1	0	0	0	0	0	0	0	0	0	0	0	0	0	0	0	0	0	0	0	1	1	0	0	0	0	0	0	0	0	0	0	0	0	0	0	0	0	0	0	0	0	0	0	0	0	0	0	0	0	1	0	0	0	0	0	2	0	0	0	0	1	0	0	0	0	0	0	0	1	0	0	1	0	0	1	0	0	0	1	0	0	0	0	2	0	0	0	1	0	0	0	1	0	1	0	0	0	3	2	0	0	3	2	0	0	1	1	2	0	0	0	0	0	1	0	1	0	1	0	0	3	1	2	0	2	0	0	0	1	0	1	2	2	0	0	0	0	0	0	0	0	0	2	0	0	1	2	1	0	0	0	2	1	0	1	0	0	1	0	1	0	1	1	0	0	0	0	0	0	0	0	1	0	0	0	0	0	0	2	0	2	1	1	0	0	1	1	0	4	0	0	0	0	1	1	2	4	4	2	3	4	0	5	3	5	2	7	4	2	1	0	1	1	0	1	0	1	0	0	0	0	0	0	0	0	0	2	0	1	0	1	2	1	1	0	0	0	3	0	0	0	1	0	0	0	0	0	0	0	1	0	2	0	0	0	0	2	0	0	0	0	0	0	0	2	1	4	1	4	2	2	2	2	0	3	1	1	1	1	0	2	1	0	0	0	0	1	0	0	0	1	0	0	0	0	1	1	1	0	0	0	0	0	0	1	0	1	0	0	1	1	0	1	0	3	0	1	0	0	0	1	0	0	1	1	0	0	1	1	0	1	4	0	3	0	1	1	0	3	1	1	0	0	1	0	0	0	0	0	2	1	0	1	1	4	1	0	1	2	4	5	4	4	2	6	0	8	10	3	1	5	1	0	1	0	3	2	1	0	2	2	2	1	0	0	3	2	1	2	3	6	4	3	0	2	4	1	1	0	2	0	1	2	1	1	0	2	0	0	0	1	2	0	2	2	6	7	7	7	4	14	30	23	8	11	29	0	44	11	6	7	3	1	1	0	0	0	1	0	3	9	7	2	1	2	5	14	8	9	8	12	13
0	0	0	0	0	0	0	0	0	0	0	0	0	0	1	0	0	1	1	0	2	0	0	1	0	1	1	0	0	0	0	0	0	1	1	0	1	0	1	0	1	0	0	0	1	0	0	0	1	0	0	0	1	0	0	0	0	0	0	1	0	0	0	0	0	0	0	0	0	0	0	0	1	0	0	0	0	0	0	0	0	1	0	1	0	0	0	0	0	0	0	1	0	0	1	0	1	1	0	0	1	0	0	1	2	1	2	0	0	1	1	1	1	0	0	0	0	0	2	0	0	0	0	0	1	0	0	0	0	0	0	1	1	1	1	3	3	0	4	0	1	0	0	3	0	1	1	1	0	0	0	2	1	0	0	2	0	0	0	1	0	1	0	0	1	0	0	2	1	0	0	1	0	0	0	1	0	1	0	1	1	0	1	0	1	0	0	3	1	3	1	1	0	0	0	1	0	0	0	0	0	0	0	1	0	0	1	1	0	1	0	0	0	1	0	2	1	1	1	0	0	0	0	0	2	1	0	1	0	2	0	0	2	2	2	1	1	0	3	4	4	9	5	4	2	1	3	2	1	0	0	3	2	0	2	0	0	0	1	1	0	0	0	0	1	3	2	0	0	0	0	1	1	0	1	0	1	1	0	0	2	2	0	0	0	0	0	0	0	0	2	2	1	0	0	0	0	1	2	2	1	2	1	1	6	3	3	1	1	1	3	4	4	2	1	1	0	1	0	5	2	1	1	1	2	0	0	0	2	0	1	0	0	2	1	0	0	1	0	0	1	0	0	0	1	0	0	0	0	1	0	1	0	0	0	0	0	0	1	0	0	1	1	0	1	0	0	3	1	0	2	1	1	1	1	1	2	3	0	0	0	0	2	1	1	1	2	4	2	3	4	0	5	4	1	2	4	4	3	2	7	4	1	2	9	5	4	1	0	2	0	0	1	3	1	5	0	1	0	2	2	3	2	0	2	3	3	5	6	2	0	2	2	0	1	1	1	2	0	1	2	0	2	1	2	0	0	0	1	0	1	0	2	4	4	4	2	8	11	9	10	2	6	44	0	27	12	12	1	4	5	5	2	2	4	5	15	8	8	4	3	7	9	18	12	18	7	17	31
0	0	0	0	0	0	0	0	0	0	0	0	1	0	0	0	0	0	0	0	0	0	0	0	1	0	0	0	0	0	0	0	0	0	0	0	0	0	0	0	0	0	0	0	0	0	0	0	0	1	1	0	0	0	0	0	0	0	0	0	0	0	0	1	0	1	0	0	1	0	0	1	0	0	0	0	0	0	0	0	0	1	0	0	0	1	1	0	0	1	0	0	0	2	0	0	0	1	0	0	0	0	1	1	2	0	1	0	1	0	0	2	0	0	0	0	2	0	1	0	1	1	0	0	0	0	1	0	1	0	0	1	0	0	0	1	2	1	0	1	2	0	0	0	1	0	0	1	0	0	1	0	1	0	1	1	3	1	1	2	0	4	1	0	1	1	0	0	1	0	1	0	1	0	0	0	1	0	0	0	0	0	1	0	0	0	0	0	1	0	1	1	0	0	2	1	2	1	1	0	1	1	2	2	0	0	0	0	0	0	0	1	0	0	0	0	3	0	1	1	0	1	0	0	0	1	0	0	0	1	1	0	1	1	2	0	2	1	4	4	7	8	5	3	4	2	3	1	1	1	0	0	1	0	1	0	2	1	1	0	0	0	1	1	0	1	2	0	0	0	2	0	0	1	2	0	0	0	0	0	1	1	3	1	0	1	2	0	1	2	0	3	0	1	1	3	1	5	2	3	0	0	2	1	3	5	0	2	5	3	2	8	9	3	3	2	5	2	1	1	0	0	1	1	0	1	0	0	0	1	0	0	1	0	0	0	0	1	0	0	0	0	0	0	1	0	0	0	0	0	0	1	1	0	1	0	0	0	1	0	0	0	0	1	1	0	0	2	2	2	0	1	2	2	0	0	1	2	1	1	3	0	2	1	0	2	2	1	0	2	2	0	1	3	1	1	1	3	3	0	3	5	1	3	6	3	1	3	0	0	1	2	2	1	0	3	1	2	1	3	2	3	3	3	2	4	3	5	2	2	0	0	0	0	1	1	0	0	1	0	2	0	1	0	1	2	0	0	0	1	1	1	2	2	1	1	0	7	3	4	4	2	7	11	27	0	86	42	15	8	7	14	2	4	4	8	28	45	12	6	4	5	8	5	9	14	11	11	18
0	0	0	0	0	0	0	0	0	0	0	0	0	0	0	0	1	0	0	0	0	0	0	0	0	0	0	0	0	0	0	1	1	0	0	0	0	0	0	1	0	0	0	1	0	1	1	0	1	1	0	0	0	0	0	0	0	0	1	0	0	0	0	0	0	0	1	0	0	1	0	0	0	1	0	0	1	1	0	0	0	0	1	0	1	0	1	0	1	0	0	0	1	0	0	1	0	0	0	0	2	0	0	0	1	0	1	0	0	1	0	0	0	1	0	0	0	1	1	0	1	0	0	1	0	0	0	0	0	0	1	0	1	1	0	1	1	0	1	1	1	1	0	0	1	0	1	0	0	0	0	0	0	0	1	0	0	1	0	0	3	2	3	0	1	1	1	0	0	1	0	0	0	0	1	0	0	2	0	1	1	0	1	0	2	3	0	5	0	0	0	1	1	1	1	1	1	1	0	1	0	1	0	0	1	1	1	1	0	2	0	0	2	0	0	1	1	1	0	0	1	0	1	0	0	0	0	1	0	0	1	1	0	2	3	3	3	6	6	5	11	11	4	4	1	0	0	3	1	1	0	1	1	2	0	1	0	0	1	0	0	1	1	0	0	0	2	0	0	0	0	1	1	2	0	0	0	0	0	0	3	2	2	0	1	1	0	1	3	0	3	1	1	1	0	1	2	2	3	2	0	2	2	1	2	2	5	4	2	2	1	8	4	1	3	2	3	2	1	1	3	0	3	1	2	0	1	0	0	0	0	0	0	0	0	0	0	0	0	0	0	0	0	0	2	0	0	1	1	1	0	2	0	0	2	1	0	0	0	0	1	0	0	0	2	1	2	0	3	1	2	2	3	0	2	2	1	0	0	0	1	1	0	2	0	2	1	0	2	3	2	2	0	0	1	4	0	5	4	4	1	4	1	0	2	4	2	2	1	2	0	3	0	0	0	2	2	2	2	2	1	1	3	0	0	2	2	3	0	0	1	1	0	0	2	2	0	1	1	1	2	1	0	0	0	0	0	0	0	2	1	1	2	1	1	0	2	4	1	4	1	1	1	6	12	86	0	120	25	13	6	7	3	4	6	5	6	22	3	3	4	2	1	5	6	6	7	11	11
0	0	0	0	0	0	0	1	0	0	0	0	0	0	0	1	0	0	0	0	0	0	0	0	0	0	0	0	2	0	0	0	0	0	0	0	0	0	0	0	0	1	0	0	0	0	0	0	0	0	0	0	0	0	0	0	0	0	1	0	1	0	0	0	0	0	0	0	0	0	0	1	0	0	0	0	0	0	0	0	0	0	0	0	0	0	0	0	0	0	1	0	0	0	0	0	0	0	1	0	0	0	0	1	1	0	0	0	0	0	1	0	0	0	0	0	0	0	0	1	1	0	0	0	0	1	1	0	0	0	1	0	1	0	1	0	0	1	0	3	1	2	1	0	1	0	0	2	0	0	1	0	0	0	1	2	1	1	1	0	1	1	0	0	0	0	1	0	0	1	0	1	0	0	0	0	0	1	0	0	4	4	2	0	0	3	2	2	0	0	2	0	1	1	1	0	1	0	0	0	0	0	0	1	0	0	0	0	0	1	0	0	0	1	2	1	0	1	1	0	0	0	0	2	1	0	1	0	0	1	0	0	0	2	2	2	3	5	4	8	9	10	4	2	0	0	3	1	1	1	1	2	0	0	0	0	1	0	1	0	2	0	0	0	0	0	2	2	0	0	0	1	1	1	1	2	0	0	0	0	2	1	4	1	1	4	1	0	1	0	4	0	2	0	2	1	1	2	0	0	1	4	4	3	2	4	1	4	3	7	2	6	8	0	1	1	0	4	3	2	0	0	0	0	0	1	0	1	3	0	0	0	0	0	0	0	0	1	0	0	1	0	0	0	0	0	0	0	1	2	1	2	1	1	2	1	2	0	0	2	0	0	0	1	3	2	2	0	0	0	0	2	0	0	1	1	1	2	0	0	1	1	2	1	0	0	4	2	0	0	1	0	0	0	3	2	6	4	7	0	3	4	3	2	2	2	3	1	2	0	0	0	1	1	0	0	5	3	3	2	0	1	3	1	5	0	3	2	3	1	1	1	0	1	0	2	1	0	2	2	1	0	0	0	2	1	1	0	0	1	0	0	0	1	2	2	1	5	1	5	2	5	2	7	12	42	120	0	26	5	4	4	4	2	4	5	7	11	4	3	3	3	1	4	9	7	15	23	10
0	0	0	0	0	0	0	0	0	0	0	0	0	0	1	0	0	1	1	0	0	1	0	0	0	0	0	0	0	0	0	0	0	0	0	0	0	0	0	0	0	0	0	0	0	0	0	4	0	0	0	0	0	0	1	1	0	0	0	0	1	0	0	0	0	0	1	0	0	0	0	0	0	0	0	1	0	0	0	0	0	0	0	1	0	0	0	0	0	0	0	0	0	0	1	0	0	0	1	0	1	0	0	0	0	3	0	0	0	0	1	0	2	0	0	0	0	1	1	1	0	0	1	2	0	0	1	0	0	0	0	1	2	0	1	1	1	0	0	3	1	2	1	0	0	0	0	0	0	1	0	2	0	0	1	1	0	2	2	3	0	1	1	0	3	0	1	0	1	0	1	0	0	0	0	0	1	0	0	1	1	1	0	1	0	0	0	1	1	1	0	1	0	2	0	0	0	3	2	0	1	0	0	0	1	0	1	0	0	0	0	0	1	1	0	0	1	0	1	0	1	1	0	1	0	0	0	1	0	1	1	1	1	0	0	2	4	7	3	3	9	14	1	1	1	2	1	2	0	1	0	1	1	0	1	0	0	0	1	0	0	0	0	0	1	1	1	1	0	0	0	0	3	0	4	1	1	1	1	0	1	0	1	1	2	1	3	1	1	1	1	0	0	1	3	3	2	2	1	3	4	0	1	2	2	4	5	2	5	8	6	15	8	6	5	2	2	1	1	0	2	0	0	0	0	2	1	1	0	2	0	0	0	0	1	0	0	1	0	1	1	0	0	0	0	0	1	0	2	2	2	0	0	0	1	0	1	3	0	0	0	0	0	0	1	1	2	1	2	1	2	1	1	1	1	2	0	0	0	0	2	0	0	0	0	0	1	0	3	1	1	1	1	0	4	2	2	2	2	2	5	2	1	2	2	2	1	0	2	1	0	0	0	3	0	1	2	0	0	1	2	1	1	0	2	1	1	0	2	0	2	0	1	0	1	1	0	2	0	3	0	0	0	1	1	0	0	1	0	1	1	3	1	2	1	0	3	2	6	4	2	1	2	3	1	15	25	26	0	41	17	5	7	5	5	5	8	7	4	4	4	1	2	2	3	5	5	10	8
0	0	0	0	0	0	0	0	0	1	0	0	0	0	0	0	0	0	0	0	0	0	0	1	0	0	0	0	0	0	0	0	0	0	0	0	0	1	1	0	0	0	0	0	1	0	1	0	0	0	0	2	2	0	1	0	0	0	0	0	0	0	0	0	1	0	0	0	0	0	0	0	0	0	1	0	0	0	1	0	0	0	0	1	0	1	1	0	1	0	0	0	0	0	0	0	0	1	0	1	0	1	0	0	1	1	0	0	0	0	1	0	0	0	1	1	0	0	1	0	0	0	1	0	0	0	0	2	0	0	0	0	0	0	0	2	1	0	2	1	0	0	1	0	0	1	0	0	1	0	1	0	0	0	1	0	0	0	2	0	4	4	3	0	0	0	0	2	0	0	1	1	1	0	3	0	1	1	1	0	1	0	3	1	2	2	1	1	1	1	0	1	0	0	3	2	1	3	0	0	1	0	0	0	0	0	0	0	0	0	1	1	1	0	0	1	1	2	0	2	1	0	0	1	0	1	0	0	1	0	0	2	1	2	0	3	5	3	1	4	7	2	3	2	2	0	3	2	0	0	0	0	1	1	1	3	1	0	1	0	0	2	1	1	1	0	1	2	0	1	2	1	0	0	1	2	0	2	1	0	3	2	3	1	1	1	2	0	1	0	3	1	2	3	0	7	4	1	5	4	3	0	1	0	3	3	2	3	4	8	1	15	12	8	4	2	4	3	4	1	0	0	1	0	0	1	1	0	0	0	2	0	1	0	0	0	0	0	1	0	0	0	0	0	0	0	0	1	1	1	0	0	0	0	0	0	0	0	1	0	0	0	0	1	2	0	1	2	1	1	3	2	0	2	1	1	3	1	0	1	1	0	0	1	3	1	4	0	2	1	0	1	0	2	1	0	3	1	2	0	2	0	0	0	4	2	0	0	1	2	0	0	1	3	0	0	3	3	2	2	3	1	3	0	1	1	1	1	0	1	1	0	1	0	1	1	2	1	1	0	1	0	0	0	1	2	0	0	0	0	0	0	0	0	2	0	2	2	0	0	4	1	3	1	4	8	13	5	41	0	85	10	10	10	6	7	5	7	5	1	1	3	2	1	2	3	2	3	4
0	0	0	0	0	0	0	0	0	0	0	0	0	0	0	0	0	1	0	0	1	0	0	0	0	0	0	0	0	0	0	0	1	0	0	0	0	0	0	1	0	0	1	0	0	1	1	0	0	0	0	0	0	0	0	0	0	0	1	0	0	0	1	0	0	0	0	0	0	1	0	0	0	1	1	0	0	1	0	0	0	0	0	0	0	0	0	0	1	0	0	0	0	0	1	0	0	0	0	1	0	2	0	0	1	1	0	0	1	0	0	2	2	0	1	0	0	0	0	1	0	0	0	0	1	1	0	0	1	0	0	0	2	1	0	0	0	1	1	0	0	0	1	1	0	1	0	1	0	0	0	0	0	1	0	0	1	1	0	2	0	2	0	1	1	0	1	0	0	1	0	1	4	0	0	1	1	2	0	1	0	0	1	4	0	6	2	1	1	2	1	0	1	0	0	0	0	0	0	0	0	0	0	0	0	0	0	0	0	1	0	0	1	0	0	1	0	0	1	1	1	0	1	0	0	1	0	0	2	2	0	0	1	2	2	0	1	3	1	1	3	1	4	1	1	4	1	0	1	0	2	0	0	1	1	1	0	0	0	0	0	1	0	0	1	0	1	0	4	2	2	0	0	1	0	1	0	2	0	1	1	1	0	0	2	7	0	1	1	0	1	6	0	5	1	8	4	2	3	2	1	0	1	0	2	2	2	4	2	2	2	15	7	1	9	1	0	3	0	0	1	0	1	0	0	1	1	0	0	0	0	0	0	0	0	0	0	1	0	0	1	0	0	0	0	1	1	1	0	1	1	0	0	0	1	0	0	0	0	0	0	2	1	1	0	0	0	1	1	2	1	1	1	1	0	0	2	0	0	0	0	0	1	1	0	1	2	1	3	1	0	0	0	1	2	1	0	0	1	1	3	1	1	0	1	2	0	2	0	0	0	1	0	1	0	1	1	0	2	4	3	0	0	0	3	2	1	1	1	0	0	1	0	0	0	0	2	0	0	1	0	1	0	0	0	0	0	0	0	0	0	0	0	0	0	1	1	1	2	0	0	0	0	1	5	7	6	4	17	85	0	27	15	13	9	8	7	5	5	4	1	1	1	0	2	0	1	2	1
0	0	0	0	0	0	0	0	0	1	0	0	0	0	0	0	0	0	0	0	0	0	1	1	0	1	0	1	0	0	0	0	0	0	0	0	0	0	0	1	0	0	0	1	0	0	0	0	1	0	1	0	1	1	1	0	0	0	0	0	0	0	0	0	1	0	0	0	0	0	0	0	1	0	0	1	0	0	1	1	0	0	0	1	0	1	0	1	0	0	0	1	0	0	0	0	0	0	0	1	2	0	1	0	2	0	1	0	1	1	0	0	0	0	0	3	0	1	1	0	0	1	0	0	0	0	0	0	1	0	1	1	1	0	2	1	1	1	3	0	1	1	0	0	1	0	1	1	1	0	0	0	0	2	0	3	0	1	1	2	1	1	1	2	2	1	2	0	0	2	1	0	1	0	0	0	4	0	1	1	4	3	1	3	2	3	3	1	1	1	0	0	0	5	2	2	1	1	1	0	0	1	1	0	0	1	0	1	0	0	1	0	0	0	0	0	0	0	1	1	0	0	0	1	1	0	0	0	0	2	0	0	2	2	5	4	2	3	1	2	3	2	4	0	0	1	1	1	0	3	0	0	0	0	0	0	0	0	0	0	0	2	1	0	1	1	1	0	3	1	0	1	0	0	0	0	1	1	1	0	0	2	2	2	1	1	1	1	1	3	0	0	2	3	7	5	5	1	5	3	1	1	1	1	3	1	2	1	3	6	5	10	9	6	7	3	3	2	2	1	0	2	0	1	0	1	0	0	0	0	1	1	0	0	0	0	0	0	0	1	0	1	0	0	0	1	2	1	0	0	0	0	0	0	2	0	0	0	0	2	1	0	0	0	0	0	2	0	3	0	1	1	2	2	0	1	3	0	1	0	1	0	0	0	0	1	2	2	0	1	1	1	2	0	0	1	2	2	1	1	1	2	1	1	2	3	0	1	1	0	1	0	2	1	3	0	1	0	1	3	2	2	0	2	2	2	3	2	1	1	2	1	0	2	1	2	1	0	1	1	2	0	0	2	3	2	0	0	1	0	0	2	2	0	1	1	1	2	2	2	1	0	3	0	5	14	7	4	5	10	27	0	26	37	111	15	14	11	6	4	3	4	3	2	4	3	0	3	2
0	0	0	0	0	0	0	0	0	0	0	0	0	0	0	0	0	0	0	0	0	0	0	0	0	0	0	0	0	0	0	0	0	0	0	0	0	0	0	0	0	0	0	1	1	0	1	0	0	1	0	0	1	0	1	0	1	0	0	0	0	0	0	0	1	1	0	0	0	1	0	0	0	0	0	0	0	0	0	1	1	0	0	1	0	0	0	1	0	0	0	0	2	0	1	0	0	0	1	0	0	1	1	0	0	2	1	1	2	1	0	1	0	0	0	0	0	1	0	0	0	0	0	0	0	1	0	0	0	2	0	0	0	0	2	2	2	0	0	0	1	1	1	2	0	1	1	0	0	0	2	0	1	0	0	2	1	0	2	0	0	2	2	1	1	1	1	1	1	1	0	1	2	0	1	0	1	1	0	2	3	4	4	5	1	0	5	3	2	0	3	2	1	1	2	0	2	1	1	1	0	0	0	1	0	2	1	0	0	1	1	0	0	1	1	1	0	1	2	0	0	0	0	1	0	0	0	0	0	1	1	0	0	1	1	2	1	1	3	3	4	3	0	0	1	1	1	0	2	1	0	1	0	1	0	2	3	0	0	0	1	1	2	3	0	0	3	1	0	1	2	3	5	1	1	1	1	0	0	0	2	1	3	1	0	3	1	1	3	2	8	2	2	2	14	13	16	2	1	7	1	1	1	4	1	3	0	9	2	7	3	12	26	13	8	6	2	1	1	2	1	1	1	1	0	1	1	1	0	0	0	0	0	0	0	0	0	0	0	1	0	0	0	0	0	2	2	1	1	0	0	0	1	0	0	0	0	0	0	0	1	0	1	0	0	0	1	1	0	0	1	0	2	0	1	0	1	1	0	2	0	1	0	0	1	0	0	1	0	0	0	1	0	0	0	1	0	1	3	0	2	1	0	1	2	1	1	1	0	0	0	0	0	0	2	1	2	1	2	0	2	1	0	0	0	2	2	1	1	0	0	0	0	0	0	0	1	0	1	0	1	0	0	0	1	0	2	1	1	0	2	0	0	1	0	1	1	1	0	0	0	2	3	0	2	2	3	4	7	10	15	26	0	54	27	8	5	10	4	0	3	1	0	0	0	2	0	1	3
0	0	0	0	0	0	0	0	0	0	0	0	1	0	0	0	0	0	0	0	0	0	1	1	1	0	2	0	0	0	0	0	0	0	0	0	0	0	0	0	0	0	0	1	0	0	1	0	0	0	0	0	0	0	0	0	0	0	0	1	0	0	0	0	0	1	0	1	0	0	0	0	0	0	0	0	0	0	0	0	0	0	0	0	1	0	0	1	0	0	1	0	0	0	0	0	0	1	0	0	0	0	0	0	0	1	0	0	0	0	1	2	0	0	2	0	0	1	1	0	0	2	0	1	0	0	0	0	0	0	0	1	0	0	1	0	0	5	0	0	1	0	0	0	0	1	1	0	1	0	1	1	1	0	3	0	1	0	1	1	3	3	1	1	1	0	0	2	1	1	3	0	0	2	1	1	0	0	7	1	3	3	0	1	4	0	4	0	2	2	3	4	0	0	2	0	1	0	0	0	0	2	1	1	1	0	0	0	0	2	0	0	0	2	1	0	2	1	3	1	1	0	1	0	1	1	2	0	1	0	0	0	0	1	1	2	2	3	4	1	4	4	2	1	3	0	1	0	0	1	0	0	1	3	1	0	0	1	0	0	0	0	1	0	1	0	1	1	0	1	0	0	2	1	2	1	0	0	0	0	0	1	1	0	1	1	3	0	1	1	1	3	2	2	6	4	6	7	2	5	3	0	0	0	0	0	0	2	3	3	4	13	10	8	8	3	4	3	0	1	0	0	0	2	0	0	0	1	0	0	2	0	0	0	0	1	0	0	0	0	1	0	0	0	1	0	0	1	0	0	1	0	1	0	0	0	1	0	0	0	0	0	0	0	1	0	3	0	1	2	2	1	0	1	1	1	0	2	1	2	0	2	0	0	1	0	0	0	0	0	1	0	0	1	0	0	2	2	1	1	3	2	1	1	0	0	0	0	0	0	0	0	1	0	0	1	3	0	0	1	1	0	0	2	2	1	0	1	1	2	2	0	0	0	0	1	0	0	0	0	0	0	0	0	1	1	0	0	1	0	0	0	1	0	0	0	3	0	2	0	0	0	0	0	2	4	4	2	5	10	13	37	54	0	37	11	6	4	3	1	1	1	1	0	0	1	2	1	3
0	0	0	0	0	0	0	0	0	0	0	0	1	1	0	0	0	0	0	0	0	1	0	2	1	0	0	2	1	1	0	0	0	0	0	0	1	0	0	0	0	0	0	0	0	1	0	1	1	1	0	1	0	0	0	0	0	0	0	0	0	0	0	0	0	0	0	0	2	0	0	2	0	0	0	1	0	0	0	0	0	0	0	1	1	1	1	0	1	0	0	2	0	0	0	1	1	0	0	1	0	0	1	2	0	3	0	3	2	0	0	0	0	1	1	1	0	1	1	1	0	0	0	0	1	0	0	0	0	0	2	0	0	2	4	3	1	1	2	0	1	0	0	0	0	2	1	3	1	0	3	0	4	0	0	1	1	2	2	3	2	0	2	2	2	0	1	2	0	1	1	1	0	0	2	1	1	1	2	1	0	6	0	2	3	6	2	2	2	1	1	1	1	1	0	2	0	4	2	0	0	1	0	1	1	0	1	0	0	1	0	0	0	0	2	0	1	0	2	2	1	0	1	0	0	1	1	0	1	1	0	2	2	2	2	3	1	1	2	2	4	5	4	3	1	0	1	3	0	0	0	0	1	1	1	1	1	1	2	0	1	0	2	0	1	0	1	1	0	1	3	0	4	1	0	3	0	2	0	0	1	2	2	2	1	3	3	0	2	6	1	1	3	2	3	4	4	2	3	2	1	1	2	4	1	2	1	2	2	4	1	10	14	14	8	5	6	2	2	2	1	1	1	1	0	0	0	1	1	0	0	0	0	1	0	0	0	0	0	0	1	0	0	0	1	0	0	2	0	1	0	1	0	0	0	1	0	0	0	1	2	0	0	1	1	0	1	0	0	2	1	0	0	1	0	1	0	0	1	0	0	0	1	0	0	0	0	2	1	0	1	0	3	0	3	0	4	1	2	0	2	1	1	1	1	1	1	0	0	1	0	0	0	0	2	0	5	2	2	0	2	0	0	1	4	1	3	1	1	1	0	0	0	0	0	0	0	2	1	1	1	0	1	0	1	0	0	0	0	0	1	3	1	2	1	3	1	1	2	1	1	1	0	1	4	4	6	4	5	6	9	111	27	37	0	32	11	12	2	2	8	5	2	8	3	2	0	2	3
0	0	0	0	0	0	0	0	0	0	0	0	0	0	0	0	0	1	0	0	0	1	2	1	0	0	1	0	0	0	0	0	0	0	1	0	0	0	1	0	0	1	0	0	0	0	0	1	1	1	0	0	0	0	0	1	0	1	0	0	0	0	0	0	0	0	0	1	0	0	1	1	0	0	0	0	0	0	0	1	0	0	1	0	0	1	0	0	1	1	1	1	1	2	1	0	1	0	1	0	1	0	2	0	1	1	0	1	1	0	1	1	1	1	1	0	1	2	1	1	0	0	0	1	0	0	0	1	0	0	1	2	2	0	1	0	0	1	2	3	0	2	0	1	1	1	2	0	1	3	2	0	1	0	2	2	2	1	0	2	1	3	3	0	0	1	0	2	1	1	0	0	3	1	0	0	0	0	0	1	0	1	2	0	3	0	3	1	3	4	0	0	5	1	0	1	2	2	0	0	0	1	0	0	1	0	1	0	0	0	0	0	0	0	0	0	1	3	0	3	1	0	0	1	0	0	0	1	1	0	1	0	2	4	4	4	0	2	2	3	4	2	5	1	3	0	2	1	0	2	1	1	0	0	0	0	0	0	1	1	0	0	0	0	0	0	0	0	2	0	1	1	0	0	2	0	3	1	0	0	0	0	0	1	1	1	3	2	2	3	1	1	1	2	4	4	3	3	6	2	1	1	3	1	1	2	1	0	3	1	0	3	8	10	2	0	1	2	1	1	2	0	1	1	1	0	0	0	0	0	0	1	0	0	0	0	0	0	0	0	0	1	2	0	0	0	1	0	0	1	0	0	1	0	0	1	0	3	0	2	0	2	0	0	3	1	0	0	2	1	1	1	2	0	1	1	0	1	0	3	2	0	0	0	0	1	1	2	0	1	0	0	1	1	0	1	0	2	0	0	3	0	1	0	6	3	1	1	1	0	0	0	2	0	0	1	0	2	1	1	3	1	1	2	1	5	3	1	2	1	0	0	2	0	0	0	0	1	0	0	0	0	2	0	0	0	1	0	1	0	2	2	0	2	4	0	2	3	5	2	2	2	1	0	5	8	5	5	5	7	8	15	8	11	32	0	25	30	33	3	5	7	2	3	4	2	2	4	3
0	0	0	0	0	0	0	0	0	0	0	0	0	0	0	0	0	0	0	0	1	0	1	1	0	0	1	0	0	0	1	0	0	0	0	0	0	0	0	0	0	0	0	1	0	0	1	0	0	1	1	0	0	0	0	0	0	0	0	1	0	0	1	0	0	0	0	1	0	1	0	0	0	0	0	0	0	0	1	0	0	0	0	1	0	0	0	0	0	0	0	1	0	0	1	1	0	1	2	1	2	1	0	0	0	1	0	0	0	0	0	0	0	1	0	1	1	0	0	0	0	0	0	1	0	1	0	0	0	0	0	2	0	2	0	0	0	1	2	1	2	3	0	0	0	0	0	1	1	0	1	0	0	1	2	2	1	0	2	2	1	3	2	0	0	0	0	0	0	1	0	0	1	0	2	1	1	0	1	0	1	1	1	2	0	1	2	0	2	2	3	2	0	0	3	0	0	0	0	0	0	0	1	0	1	0	0	0	0	3	1	1	0	0	0	1	0	0	1	1	0	0	0	0	1	1	0	0	0	1	0	2	0	1	3	3	2	4	2	3	1	3	1	2	1	4	1	0	0	0	0	0	0	0	1	0	0	0	0	0	1	1	0	0	1	0	0	1	2	0	1	0	1	2	0	0	1	1	1	0	1	1	2	1	1	0	1	1	0	0	2	1	1	0	0	1	2	1	1	1	1	0	1	3	1	4	2	0	1	1	1	3	7	4	0	1	1	2	3	2	2	0	0	0	0	0	0	0	0	0	0	0	0	1	1	1	0	0	0	0	0	0	0	1	1	0	0	0	0	0	0	0	0	0	2	0	1	0	1	0	1	1	1	1	0	0	0	1	2	1	2	1	0	0	1	0	1	0	1	0	1	2	1	0	1	1	1	2	0	1	0	4	2	1	2	1	1	0	2	1	2	3	3	0	2	2	1	4	0	0	0	2	2	0	3	0	2	1	0	1	0	3	3	0	1	3	0	4	2	1	0	0	1	1	1	0	2	1	1	1	3	1	0	0	1	3	1	2	1	1	3	2	0	2	1	2	4	3	2	2	1	1	3	3	15	28	6	7	8	5	7	14	5	6	11	25	0	89	8	6	3	4	4	4	5	3	3	2	1
0	0	0	0	0	0	0	0	0	0	0	0	0	0	0	0	0	0	0	0	0	0	0	0	0	0	0	0	2	1	0	0	1	0	0	1	0	0	1	0	0	0	0	0	0	0	0	0	0	0	1	1	0	0	0	0	1	0	1	0	0	0	0	0	0	1	0	0	0	0	0	0	1	0	0	0	0	0	1	1	0	0	0	0	0	0	0	1	2	0	0	0	0	0	0	0	1	0	0	1	1	0	0	0	0	1	0	2	0	0	1	1	0	0	1	0	0	1	1	0	1	0	1	0	0	0	0	1	0	0	0	0	0	1	2	2	2	2	1	3	1	0	0	0	1	0	0	0	0	1	0	1	1	3	0	0	0	0	2	1	3	2	2	1	2	1	1	1	0	0	0	0	0	0	0	0	0	0	2	0	1	1	1	2	0	1	0	1	1	1	1	1	1	1	0	0	0	0	0	0	1	0	0	0	1	0	0	1	0	1	0	1	0	0	0	1	0	1	1	3	1	1	2	0	0	0	0	0	1	0	2	0	2	2	2	2	4	3	2	2	2	7	3	5	3	3	2	1	0	1	2	1	0	1	1	0	0	0	1	0	0	0	0	0	0	1	0	0	0	0	0	0	2	0	0	1	1	2	0	3	1	3	2	1	0	0	2	2	1	1	0	1	1	2	2	2	2	0	0	2	4	0	4	1	5	1	1	1	3	4	2	4	8	8	2	1	2	3	2	2	1	0	1	1	0	0	0	0	0	0	0	0	0	0	0	0	0	0	0	0	1	1	0	0	0	0	1	0	1	0	0	0	1	0	2	0	1	0	3	0	0	1	0	0	1	2	1	1	1	1	1	0	0	2	0	0	0	1	0	0	0	0	1	0	0	1	2	0	2	2	2	1	1	1	1	2	1	1	3	3	0	5	2	3	3	2	1	1	0	1	1	2	4	0	0	1	2	3	0	4	1	1	2	2	1	1	2	5	3	0	2	0	0	0	1	1	1	0	0	1	0	1	0	1	2	0	0	0	1	0	0	3	1	2	3	2	4	5	4	1	1	4	4	9	8	45	22	11	7	7	5	11	10	4	12	30	89	0	18	4	2	3	2	11	6	5	5	5	2
0	0	0	0	0	0	0	0	0	0	0	0	0	0	0	0	1	0	0	0	0	0	0	0	1	0	0	1	0	0	1	0	0	0	0	1	0	0	0	0	0	0	0	1	0	0	0	0	0	0	1	0	0	0	0	1	0	0	0	0	1	0	0	0	0	0	0	0	0	0	0	1	0	0	1	0	1	0	0	0	1	0	0	1	1	0	0	0	0	0	0	0	1	0	1	0	1	1	0	0	3	0	1	0	0	2	0	1	1	1	0	0	0	1	0	0	0	1	2	0	0	0	0	1	1	1	0	0	0	0	1	0	0	1	3	1	2	3	5	6	0	3	4	2	2	0	0	3	2	0	0	2	2	0	1	4	2	0	0	3	1	3	1	1	1	2	0	1	0	1	1	1	0	0	1	1	0	1	1	1	2	2	0	1	0	3	2	3	1	0	1	1	4	1	1	0	1	1	0	2	0	0	0	1	1	2	0	0	0	1	0	0	0	1	1	0	0	2	2	0	1	2	1	0	1	2	0	1	1	1	1	2	1	2	5	9	6	3	1	3	4	5	10	5	5	2	3	1	1	1	2	2	0	1	0	1	0	0	0	0	0	1	0	0	1	0	0	0	0	1	2	0	3	2	0	0	2	0	1	1	3	0	0	2	0	0	2	2	1	1	1	2	0	1	2	2	1	3	2	3	3	3	3	5	2	4	0	2	6	7	1	3	8	9	6	1	0	3	2	0	2	0	1	0	0	0	0	0	4	0	0	1	1	0	2	1	0	0	0	0	1	1	1	3	3	0	1	0	0	1	1	0	3	0	1	0	0	0	0	0	1	0	1	3	0	0	1	0	2	2	2	1	0	1	1	0	1	4	1	1	0	0	0	0	1	0	1	1	0	1	4	1	0	0	4	1	1	4	1	2	1	5	1	0	11	4	1	3	0	2	0	0	1	5	2	3	3	1	2	0	3	6	3	3	3	11	2	4	0	1	1	1	1	3	0	1	0	0	2	0	4	0	0	1	0	0	3	1	0	0	1	3	1	2	3	1	2	4	6	1	1	2	4	7	8	12	3	4	4	5	5	6	4	3	2	33	8	18	0	16	10	20	11	23	10	6	4	6	2
0	0	0	0	0	0	0	1	0	1	0	0	0	0	0	0	0	1	0	2	0	1	0	0	0	1	0	0	0	0	1	0	0	0	0	0	0	0	1	0	0	1	0	0	1	0	1	1	0	1	0	4	0	0	0	1	1	0	2	0	0	1	0	1	0	0	0	0	0	1	1	0	0	0	0	0	1	0	1	0	0	1	1	1	0	0	1	0	2	1	0	2	1	0	0	0	0	0	0	2	0	1	0	2	0	3	3	1	1	0	1	0	0	1	0	1	0	0	0	0	0	0	0	0	1	0	0	0	1	0	1	2	1	3	2	2	1	9	3	2	3	4	3	1	3	1	1	2	1	0	0	2	2	1	1	2	3	4	2	11	1	2	1	7	1	5	1	0	2	0	0	3	0	1	0	1	1	0	0	1	2	6	1	1	0	3	0	0	4	0	0	2	0	2	1	0	1	1	1	2	1	1	1	1	2	0	0	1	0	2	2	0	0	0	1	1	1	1	2	3	3	3	2	0	1	0	0	1	2	0	0	3	2	10	15	11	7	1	1	2	2	6	7	4	3	2	1	2	2	5	2	0	4	2	1	1	0	0	3	0	1	0	0	0	2	0	0	3	1	0	0	1	1	0	1	0	1	0	5	2	1	1	2	0	2	0	0	1	0	0	0	0	1	4	4	1	4	2	4	12	5	4	1	4	6	2	2	0	0	6	2	2	5	7	4	6	2	1	5	0	0	3	2	2	0	1	0	1	1	0	0	1	1	0	0	0	0	0	0	1	1	0	0	2	1	0	0	2	0	2	0	2	0	0	0	0	1	2	1	0	2	0	0	0	0	0	1	2	3	1	1	1	2	1	0	1	0	0	1	1	4	0	0	0	1	1	1	1	2	2	2	1	3	2	1	0	4	0	2	1	2	1	2	2	5	3	1	2	2	1	1	0	0	4	7	1	5	1	2	14	10	5	3	5	10	6	6	0	1	1	0	0	1	0	1	1	1	0	1	4	1	1	0	0	0	1	1	0	1	1	2	2	4	1	4	4	1	2	4	2	1	0	2	2	4	6	3	3	4	1	4	4	0	1	2	3	6	4	16	0	40	47	9	7	10	8	5	3	5
0	0	0	0	0	0	0	1	1	0	0	0	0	1	0	0	0	0	0	1	0	1	0	1	0	1	0	1	0	1	1	0	0	1	0	0	0	0	0	0	1	0	0	1	0	0	0	0	1	1	0	0	0	0	0	1	0	0	0	1	0	0	1	0	0	0	0	0	1	0	0	1	1	0	0	0	0	0	2	0	0	2	0	0	3	0	0	1	0	1	2	2	2	1	0	0	0	0	1	0	0	0	0	1	0	1	0	0	0	0	1	0	0	0	0	0	1	1	1	1	0	0	1	0	1	1	2	1	0	0	0	0	3	1	2	3	5	4	10	2	7	3	3	1	3	3	1	2	1	0	2	5	4	3	2	7	1	5	3	4	3	3	1	0	3	1	1	1	0	4	2	2	0	0	0	0	1	1	0	0	0	2	2	1	1	3	1	2	3	1	0	0	0	1	0	0	0	1	1	2	0	0	0	2	2	1	1	0	0	1	0	0	1	1	3	2	2	5	5	3	6	0	2	1	1	3	1	0	0	0	4	1	4	19	11	9	4	2	1	1	0	0	4	6	9	2	1	1	2	2	2	0	0	1	1	1	2	0	1	1	1	0	4	1	0	0	0	1	1	1	3	0	0	1	0	0	0	0	0	0	2	0	0	0	2	1	2	0	1	2	1	0	1	1	1	1	3	4	4	4	4	1	4	1	6	3	2	1	5	0	3	2	4	6	6	2	1	3	4	1	3	0	0	1	0	0	0	1	0	0	0	0	0	0	0	0	0	0	0	0	0	0	0	0	0	2	0	2	0	1	0	1	0	2	0	1	1	1	1	0	0	0	1	0	2	1	1	1	2	3	1	0	3	2	1	3	1	1	1	3	0	1	2	1	1	2	4	0	1	4	0	1	0	0	0	0	0	2	4	1	1	1	3	4	1	5	0	1	1	1	0	1	1	0	0	1	14	6	7	12	5	3	4	3	0	4	3	4	4	1	3	1	1	1	0	3	2	1	1	0	1	1	0	1	0	2	1	1	0	4	2	1	2	3	1	1	1	3	2	1	1	3	0	1	3	4	4	3	4	1	1	3	3	1	8	5	3	2	10	40	0	23	15	9	5	2	4	0	4
0	0	0	0	0	0	0	0	1	0	0	0	0	0	0	0	1	0	0	0	0	0	1	0	2	0	0	1	0	0	0	0	3	1	0	1	1	2	0	0	2	0	1	0	0	0	0	1	1	0	1	1	1	0	0	0	0	0	0	0	0	1	0	1	1	0	0	0	0	0	0	0	0	0	0	0	1	0	0	0	0	0	1	1	1	0	1	0	0	1	1	0	1	0	0	0	1	1	0	0	0	0	2	1	1	0	1	0	1	1	1	0	1	2	1	0	0	0	0	0	0	0	1	0	1	1	0	0	0	0	1	2	1	2	3	3	3	4	6	0	3	7	1	1	0	2	1	0	1	0	0	2	2	1	3	2	0	3	2	1	4	3	2	0	1	2	1	0	0	0	2	2	1	0	1	0	1	0	1	2	1	2	1	0	2	2	0	1	2	1	0	1	0	1	0	0	1	1	1	1	1	1	0	2	0	0	0	0	0	3	0	1	1	1	0	1	3	1	0	3	2	0	1	0	0	0	2	1	0	1	2	2	0	18	38	17	6	5	0	3	1	6	14	10	5	6	3	4	2	1	4	5	1	0	1	0	0	1	2	0	0	0	1	0	0	1	3	1	0	0	1	0	1	0	1	0	0	1	1	0	1	2	2	2	2	2	1	2	1	3	1	2	0	2	3	2	3	3	5	5	3	0	2	5	3	6	1	5	7	6	1	2	4	6	3	1	2	1	3	1	0	0	0	0	1	0	0	1	0	0	0	0	2	0	0	0	0	0	1	1	2	1	0	1	0	2	1	2	0	0	1	1	0	1	0	1	4	0	0	1	0	0	0	3	0	2	2	2	0	5	3	3	4	1	0	1	0	0	2	0	2	0	2	0	1	1	3	2	0	6	1	2	2	3	1	2	3	1	4	5	3	2	1	2	5	4	3	0	0	3	1	4	2	0	4	5	8	4	6	12	12	8	6	3	10	7	26	13	0	2	1	0	4	5	1	2	0	2	2	2	1	1	1	0	3	0	4	2	1	0	2	3	4	7	4	3	4	11	2	0	1	1	1	2	7	5	2	3	1	3	1	4	1	1	5	7	4	3	20	47	23	0	33	17	7	9	3	2	3
0	0	0	0	0	0	0	0	0	2	0	1	0	0	0	1	0	0	1	0	0	1	0	0	0	0	0	0	0	1	0	0	0	0	0	0	0	0	1	3	0	0	0	1	1	1	1	0	0	0	2	0	0	1	0	0	0	0	0	0	0	0	0	1	0	0	0	0	0	0	0	1	0	0	0	0	0	0	1	0	0	1	0	1	1	0	0	0	0	1	1	0	1	1	1	0	0	1	1	0	0	0	0	2	0	0	0	0	1	0	0	2	0	0	0	0	1	1	0	0	0	0	0	1	0	1	0	0	0	1	0	1	0	2	2	0	3	0	0	5	2	4	1	1	1	0	1	1	1	0	0	1	0	1	0	0	2	0	3	1	0	1	1	3	0	2	2	1	0	0	0	2	1	1	0	0	1	0	0	0	1	1	1	1	4	0	2	0	4	0	1	0	0	0	1	0	0	1	0	1	1	0	0	1	0	0	0	0	1	0	0	1	0	0	1	0	1	4	3	3	4	0	0	2	2	1	1	0	0	0	0	1	1	16	14	8	4	0	3	0	1	5	9	7	4	1	0	4	3	1	1	2	0	1	3	0	1	2	0	0	0	1	0	0	0	0	1	1	0	0	0	0	0	1	0	1	0	0	0	2	3	0	2	1	0	1	0	0	1	0	2	0	0	1	3	0	4	0	4	1	1	3	1	4	5	1	0	0	1	5	1	2	2	1	3	3	1	1	1	4	0	0	1	1	0	1	0	0	1	0	1	0	0	2	0	0	1	1	0	0	1	0	1	0	0	0	0	1	1	1	0	0	1	1	0	0	2	0	2	0	1	2	1	1	1	4	0	1	0	1	1	3	2	0	1	2	2	2	1	0	2	2	0	0	0	3	2	2	2	2	2	1	1	3	3	1	1	5	1	1	2	6	8	8	22	5	9	2	4	1	2	1	3	4	7	2	2	2	1	3	1	4	8	5	5	14	22	28	6	4	3	1	1	5	0	0	2	1	2	4	4	1	2	1	1	2	4	0	2	2	2	4	1	14	10	4	5	8	10	7	4	0	2	5	9	8	1	1	2	2	1	3	0	1	2	2	4	2	11	9	15	33	0	48	33	10	4	2	7
0	0	0	0	0	0	0	0	0	0	0	0	0	0	0	0	0	0	0	0	0	0	0	1	0	1	0	0	0	1	0	0	1	0	0	1	0	0	0	1	0	0	0	0	0	0	0	0	1	0	0	0	0	0	0	0	1	0	0	0	0	0	0	1	0	0	0	0	0	0	0	0	0	0	1	0	1	0	1	0	0	0	1	1	0	1	1	0	2	0	2	0	0	1	1	0	0	0	0	0	0	1	0	0	0	0	0	2	0	0	0	0	0	0	0	0	0	0	0	0	0	0	1	1	0	2	0	0	0	0	1	0	0	2	0	2	1	4	2	2	0	1	3	1	1	0	3	0	1	1	0	1	4	0	1	1	0	2	2	0	2	0	3	2	2	0	1	1	1	1	0	2	0	0	0	1	0	0	0	1	0	0	0	1	0	0	0	0	2	2	0	2	0	0	0	0	1	0	0	0	0	0	0	0	0	2	0	0	1	0	0	0	0	1	0	1	0	1	2	0	1	1	0	0	0	2	3	0	1	1	2	1	3	6	9	5	6	1	2	5	3	1	2	6	1	4	2	1	1	1	3	1	2	4	1	2	0	0	0	0	0	0	0	0	0	1	0	0	1	0	1	0	1	1	0	0	0	3	0	1	1	2	2	2	1	0	0	0	1	0	0	0	0	1	3	0	2	2	4	0	2	1	1	3	7	3	3	0	2	0	1	0	6	1	4	1	2	2	1	0	0	2	1	0	1	0	0	0	0	0	0	0	0	1	0	1	2	0	0	0	0	1	0	1	0	0	0	1	1	2	0	1	0	0	0	0	1	2	0	3	0	3	0	0	2	2	2	0	1	0	1	0	0	1	1	2	1	1	0	0	0	0	1	0	0	1	4	1	4	1	2	0	2	6	6	3	2	3	5	0	1	10	1	7	15	10	1	0	5	2	1	0	3	2	1	6	6	4	0	4	3	2	4	4	1	11	7	11	7	7	0	1	3	0	2	2	1	0	1	2	1	0	2	1	3	0	0	1	1	1	1	4	1	7	8	1	7	13	13	5	2	6	8	14	18	5	5	4	2	1	0	2	0	0	8	3	4	11	23	7	9	17	48	0	49	18	6	6	7
0	0	0	0	0	0	0	0	0	0	1	1	0	0	0	0	0	0	0	0	0	1	0	0	0	0	1	0	0	0	0	0	0	0	0	0	0	0	0	1	0	1	0	0	0	0	0	0	0	0	0	0	1	0	0	0	0	0	0	0	0	1	0	0	0	0	0	0	0	0	0	1	0	0	0	0	1	0	0	0	0	0	0	0	0	0	0	1	0	0	1	0	1	0	0	0	0	0	0	0	0	0	0	1	0	0	1	2	1	0	1	0	3	0	2	1	0	1	0	0	0	0	0	0	0	0	1	0	0	0	0	2	2	0	0	2	0	1	4	2	4	1	0	1	1	2	0	0	3	1	0	1	1	0	3	0	1	3	4	0	2	0	1	1	0	1	1	0	0	0	0	1	1	0	1	1	0	1	1	0	0	1	0	0	0	1	0	0	0	2	0	0	0	1	1	0	0	0	2	0	0	2	0	0	2	2	0	1	0	0	1	1	0	1	0	1	0	1	0	0	1	0	0	1	0	0	0	1	0	0	1	0	1	6	11	7	26	8	1	5	10	10	17	8	5	5	2	2	3	1	2	1	3	0	1	1	0	1	0	0	2	1	2	1	0	0	0	0	0	0	1	1	1	0	2	0	2	1	0	0	0	0	1	1	0	1	0	0	2	1	2	0	0	3	1	0	1	4	3	2	3	1	3	2	8	7	0	2	5	4	0	5	6	3	1	1	0	0	3	3	0	0	1	1	0	1	1	0	0	0	0	1	2	0	0	0	0	0	0	0	1	2	1	1	1	1	0	0	0	0	0	0	1	1	0	0	2	0	0	1	1	0	2	3	0	3	2	3	2	2	2	3	4	3	2	2	1	1	2	1	0	0	0	0	0	2	3	2	1	1	2	3	1	7	3	3	5	4	10	5	5	9	7	8	22	15	2	0	3	0	0	2	4	4	3	3	1	0	3	4	4	4	1	4	9	20	19	8	1	3	1	0	2	1	1	1	1	3	3	1	1	2	1	1	0	1	1	2	2	3	3	2	2	3	3	5	2	5	9	4	3	5	6	8	12	9	6	9	3	2	2	4	0	0	3	4	5	6	10	10	5	7	33	49	0	125	9	13	9
0	0	0	0	0	0	0	0	0	0	1	0	0	0	0	0	0	0	0	1	0	0	1	0	0	2	1	1	0	0	0	0	0	2	0	0	0	0	0	0	0	0	1	0	1	0	0	0	0	0	1	0	1	0	0	0	0	0	0	0	2	0	0	0	0	1	0	0	0	0	0	1	0	1	0	1	0	0	0	1	1	0	1	0	0	0	1	1	1	0	0	0	0	0	0	2	0	1	1	0	0	0	0	1	0	2	0	0	0	0	0	0	1	1	0	0	0	0	1	0	0	0	0	1	1	1	0	1	1	1	0	0	1	0	0	0	0	2	1	0	0	0	1	2	1	1	0	0	0	0	0	1	0	1	0	0	0	3	1	0	1	0	1	1	1	0	1	3	2	2	0	1	0	1	0	0	3	0	1	0	0	1	2	1	1	1	1	1	1	1	2	1	1	1	1	3	1	0	0	0	0	0	0	0	1	0	2	0	0	1	1	0	2	0	1	1	0	1	0	0	1	0	1	0	1	0	2	0	1	0	2	3	0	4	6	4	14	12	7	6	7	15	14	9	3	6	3	2	1	0	0	1	1	0	0	1	1	0	0	1	0	0	0	2	1	0	1	2	0	0	0	1	1	0	0	0	0	1	2	0	0	4	1	1	0	0	2	1	0	1	0	0	0	0	0	2	0	1	3	4	1	3	2	6	14	2	6	5	4	6	5	1	10	2	3	0	2	4	2	3	1	1	1	0	2	0	2	1	0	0	1	0	1	0	1	2	1	0	1	1	1	0	0	0	2	1	1	0	1	1	2	1	1	2	0	1	2	0	2	1	1	0	3	4	0	1	2	2	1	4	4	1	3	3	3	1	4	2	3	2	2	0	3	1	1	4	3	2	2	1	3	2	6	2	8	5	5	6	6	3	10	11	5	4	28	9	0	4	1	2	1	1	3	2	2	1	3	2	2	3	3	4	9	3	3	13	10	6	4	1	2	0	1	2	2	1	1	1	1	3	1	1	2	1	1	0	0	0	1	5	4	1	0	7	6	4	2	2	12	5	0	2	5	9	18	14	6	7	5	3	0	3	2	1	2	2	3	5	6	8	2	9	10	18	125	0	30	22	22
0	0	0	0	0	0	0	0	0	0	0	0	0	0	0	0	0	0	0	0	0	1	1	0	0	0	0	0	0	0	0	0	0	0	0	0	0	0	0	0	0	0	0	0	1	0	0	1	0	1	0	0	1	0	0	0	0	0	0	0	0	0	1	0	0	0	0	0	0	1	0	0	0	0	0	0	0	1	1	0	0	0	0	0	0	0	0	0	0	0	0	0	1	0	0	0	0	0	0	1	0	0	0	1	1	0	1	1	0	1	1	1	1	0	1	0	0	0	0	0	0	1	0	0	0	0	0	0	3	1	1	2	0	1	1	0	3	1	0	1	2	3	1	0	0	0	1	1	1	0	0	0	0	2	0	2	0	1	2	0	0	0	2	1	0	2	1	1	0	0	0	0	0	0	0	0	2	0	0	0	1	2	0	0	0	1	2	1	1	0	0	1	0	0	1	0	0	1	1	0	0	0	0	1	0	0	0	0	1	2	1	0	0	1	0	1	0	1	1	1	1	1	0	0	1	0	1	0	1	1	0	0	2	2	5	3	14	15	6	9	17	11	9	2	2	2	3	0	2	1	0	1	2	0	2	2	1	1	0	0	0	0	0	0	1	1	0	1	0	1	1	0	0	0	0	1	0	2	1	2	0	3	1	1	1	0	0	1	1	2	0	0	1	0	0	1	0	2	2	4	1	4	5	5	18	9	8	6	6	4	1	3	1	3	2	2	1	3	0	2	2	0	1	0	1	0	0	1	0	0	0	0	0	0	0	0	0	0	1	0	0	0	0	1	0	0	0	0	1	0	1	2	3	0	0	1	0	1	1	1	1	2	1	0	1	4	1	4	4	4	1	2	2	3	0	1	2	2	1	4	1	1	3	0	2	2	1	4	5	3	4	3	5	3	7	13	17	6	55	12	21	18	3	0	17	8	1	2	2	4	1	3	4	6	2	1	2	1	2	3	5	2	2	4	5	5	6	8	2	1	1	1	2	0	0	0	2	0	2	4	0	2	2	1	1	0	0	0	1	2	0	2	4	1	2	1	2	0	3	7	7	7	9	8	7	11	7	15	5	2	1	0	0	2	0	2	3	5	4	5	4	3	4	6	9	30	0	100	45
0	0	0	0	0	0	0	0	0	0	0	0	0	0	0	0	1	0	0	1	0	1	0	0	0	0	1	0	0	0	0	0	0	0	0	0	0	0	0	1	1	0	0	0	0	0	0	0	0	2	1	0	0	0	0	1	1	0	0	0	0	0	0	0	0	0	0	1	0	0	1	0	0	0	0	1	0	0	1	2	1	0	1	0	0	0	0	0	1	0	0	0	0	0	0	0	0	1	0	0	2	0	1	0	0	1	0	0	0	0	0	1	0	0	0	2	0	1	0	0	0	0	0	0	0	1	0	0	1	0	0	1	1	1	1	2	2	1	1	2	2	1	0	1	0	1	0	0	0	0	0	1	1	1	3	0	0	0	0	2	0	0	1	0	0	1	0	0	0	0	2	0	0	0	0	1	0	0	0	1	0	0	0	1	2	0	0	0	0	0	1	0	0	0	2	1	1	2	0	0	1	0	0	0	0	0	0	0	1	0	0	0	0	0	1	1	1	0	0	1	1	0	0	0	0	1	1	0	0	1	2	0	0	0	2	4	5	7	3	8	7	13	7	5	4	0	5	0	2	3	0	2	0	0	0	1	1	1	1	0	0	1	0	0	0	0	0	1	0	2	0	0	1	0	0	0	0	0	3	5	2	2	0	1	1	0	1	0	1	1	1	0	0	0	2	1	1	0	2	2	3	4	1	5	8	4	3	1	1	2	2	2	2	0	1	1	3	2	2	1	1	0	0	1	3	1	1	0	1	0	0	1	0	0	1	1	0	0	1	1	0	0	0	2	0	1	3	1	3	0	2	0	0	0	0	0	1	3	0	1	0	0	1	3	1	1	5	1	5	2	2	1	4	3	0	1	1	1	4	1	0	0	3	0	2	4	0	0	1	0	2	4	0	4	4	5	10	6	45	7	13	10	5	2	10	8	2	2	0	1	2	3	0	2	0	4	2	4	0	2	4	0	4	3	3	6	4	5	6	4	0	0	1	2	2	3	4	0	1	3	1	0	0	0	4	0	0	3	2	2	3	2	2	3	6	1	1	2	9	4	6	12	12	12	17	11	11	23	10	3	2	3	1	1	2	4	2	5	6	3	0	2	2	6	13	22	100	0	161
0	0	0	0	0	0	0	0	0	0	0	0	0	0	0	0	0	0	0	0	0	0	0	0	0	2	0	0	0	0	0	1	0	0	0	0	1	1	0	0	0	0	0	1	1	1	0	1	0	0	1	0	0	0	0	0	0	0	0	0	0	0	0	0	0	0	0	0	0	0	0	0	0	0	0	0	1	0	1	0	0	1	1	0	0	0	0	0	0	0	0	0	0	0	1	0	0	0	1	0	0	1	1	0	0	0	1	0	2	2	0	0	0	0	0	0	1	0	0	0	1	0	0	1	0	0	0	0	0	0	2	0	1	0	0	1	1	1	1	2	1	1	0	2	0	3	0	0	1	0	2	1	0	0	2	1	0	0	0	2	1	1	0	1	0	0	0	1	1	0	1	0	1	0	2	0	1	0	1	1	2	1	0	1	0	1	1	0	0	1	0	0	0	0	1	0	0	0	0	0	0	0	0	0	0	1	0	0	1	0	0	1	0	0	0	0	0	0	0	3	0	1	1	0	1	1	2	1	2	1	0	0	2	2	0	2	6	2	3	3	8	10	2	7	2	3	0	1	0	0	4	1	0	1	1	1	0	0	0	0	1	0	0	0	0	1	2	1	1	2	2	0	1	0	1	1	0	0	0	0	0	3	0	1	0	1	0	0	0	0	3	0	0	1	0	0	0	0	0	1	3	0	0	1	8	3	1	2	0	4	4	6	4	1	1	0	3	3	3	0	1	0	1	1	1	2	2	1	0	0	0	0	0	0	1	0	0	0	0	0	0	0	1	0	0	0	0	0	0	1	0	2	0	1	1	2	0	1	0	1	0	1	1	1	0	0	0	0	0	6	2	0	0	2	0	3	0	0	0	2	0	2	1	2	0	2	3	1	0	3	6	1	7	3	8	6	5	6	14	5	5	5	8	3	16	5	3	1	1	2	0	2	2	3	2	0	2	1	1	0	2	2	1	4	0	4	4	6	3	0	3	1	2	0	1	1	1	1	3	4	0	1	0	2	2	1	2	2	1	2	4	0	2	3	1	1	5	3	12	9	17	10	24	13	31	18	11	10	8	4	1	2	3	3	3	3	1	2	2	5	4	3	7	7	9	22	45	161	0
