0	0	0	0	0	0	0	0	0	0	0	0	0	0	0	0	0	0	0	0	0	0	0	0	0	0	0	0	0	0	0	0	0	0	0	0	0	0	0	0	0	0	0	0	0	0	0	0	0	0	0	0	0	0	0	0	0	0	0	0	0	0	0	0	0	0	0	0	0	0	0	0	0	0	0	0	0	0	0	0	0	0	0	0	0	0	0	0	0	0	0	0	0	0	0	0	0	0	0	0	0	0	0	0	0	0	0	0	0	0	0	0	0	0	0	0	0	0	0	0	0	0	0	0	0	0	0	0	0	0	0	0	0	0	0	0	0	0	0	0	0	0	0	0	0	0	0	0	0	0	0	0	0	0	0	0	0	0	0	0	0	0	0	0	0	0	0	0	0	0	0	0	0	0	0	0	0	0	0	0	0	0	0	0	0	0	0	0	0	0	0	0	0	0	0	0	0	0	0	0	0	0	0	0	0	0	0	0	0	0	0	0	0	0	0	0	0	0	0	0	0	0	0	0	0	0	0	0	0	0	0	0	0	0	0	0	0	0	0	0	0	0	0	0	0	0	0	0	0	0	0	0	0	0	0	0	0	0	0	0	0	0	0	0	0	0	0	0	0	0	0	0	0	0	0	0	0	0	0	0	0	0	0	0	0	0	0	0	0	0	0	0	0	0	0	0	0	0	0	0	0	0	0	0	0	0	0	0	0	0	0	0	0	0	0	0	0	0	0	0	0	0	0	0	0	0	0	0	0	0	0	0	0	0	0	0	0	0	0	0	0	0	0	0	0	0	0	0	0	0	0	0	0	0	0	0	0	0	0	0	0	0	0	0	0	0	0	0	0	0	0	0	0	0	0	0	0	0	0	0	0	0	0	0	0	0	0	0	0	0	0	0	0	0	0	0	0	0	0	0	0	0	0	0	0	0	0	0	0	0	0	0	0	0	0	0	0	0	0	0	0	0	0	0	0	0	0	0
0	0	0	0	0	0	0	0	0	0	0	0	0	0	0	0	0	0	0	0	0	0	0	0	0	0	0	0	0	0	0	0	0	0	0	0	0	0	0	0	0	0	0	0	0	0	0	0	0	0	0	0	0	0	0	0	0	0	0	0	0	0	0	0	0	0	0	0	0	0	0	0	0	0	0	0	0	0	0	0	0	0	0	0	0	0	0	0	0	0	0	0	0	0	0	0	0	0	0	0	0	0	0	0	0	0	0	0	0	0	0	0	0	0	0	0	0	0	0	0	0	0	0	0	0	0	0	0	0	0	0	0	0	0	0	0	0	0	0	0	0	0	0	0	0	0	0	0	0	0	0	0	0	0	0	0	0	0	0	0	0	0	0	0	0	0	0	0	0	0	0	0	0	0	0	0	0	0	0	0	0	0	0	0	0	0	0	0	0	0	0	0	0	0	0	0	0	0	0	0	0	0	0	0	0	0	0	0	0	0	0	0	0	0	0	0	0	0	0	0	0	0	0	0	0	0	0	0	0	0	0	0	0	0	0	0	0	0	0	0	0	0	0	0	0	0	0	0	0	0	0	0	0	0	0	0	0	0	0	0	0	0	0	0	0	0	0	0	0	0	0	0	0	0	0	0	0	0	0	0	0	0	0	0	0	0	0	0	0	0	0	0	0	0	0	0	0	0	0	0	0	0	0	0	0	0	0	0	0	0	0	0	0	0	0	0	0	0	0	0	0	0	0	0	0	0	0	0	0	0	0	0	0	0	0	0	0	0	0	0	0	0	0	0	0	0	0	0	0	0	0	0	0	0	0	0	0	0	0	0	0	0	0	0	0	0	0	0	0	0	0	0	0	0	0	0	0	0	0	0	0	0	0	0	0	0	0	0	0	0	0	0	0	0	0	0	0	0	0	0	0	0	0	0	0	0	0	0	0	0	0	0	0	0	0	0	0	0	0	0	0	0	0	0	0	0	0	0
0	0	0	0	0	0	0	0	0	0	0	0	0	0	0	0	0	0	0	0	0	0	0	0	0	0	0	0	0	0	0	0	0	0	0	0	0	0	0	0	0	0	0	0	0	0	0	0	0	0	0	0	0	0	0	0	0	0	0	0	0	0	0	0	0	0	0	0	0	0	0	0	0	0	0	0	0	0	0	0	0	0	0	0	0	0	0	0	0	0	0	0	0	0	0	0	0	0	0	0	0	0	0	0	0	0	0	0	0	0	0	0	0	0	0	0	0	0	0	0	0	0	0	0	0	0	0	0	0	0	0	0	0	0	0	0	0	0	0	0	0	0	0	0	0	0	0	0	0	0	0	0	0	0	0	0	0	0	0	0	0	0	0	0	0	0	0	0	0	0	0	0	0	0	0	0	0	0	0	0	0	0	0	0	0	0	0	0	0	0	0	0	0	0	0	0	0	0	0	0	0	0	0	0	0	0	0	0	0	0	0	0	0	0	0	0	0	0	0	0	0	0	0	0	0	0	0	0	0	0	0	0	0	0	0	0	0	0	0	0	0	0	0	0	0	0	0	0	0	0	0	0	0	0	0	0	0	0	0	0	0	0	0	0	0	0	0	0	0	0	0	0	0	0	0	0	0	0	0	0	0	0	0	0	0	0	0	0	0	0	0	0	0	0	0	0	0	0	0	0	0	0	0	0	0	0	0	0	0	0	0	0	0	0	0	0	0	0	0	0	0	0	0	0	0	0	0	0	0	0	0	0	0	0	0	0	0	0	0	0	0	0	0	0	0	0	0	0	0	0	0	0	0	0	0	0	0	0	0	0	0	0	0	0	0	0	0	0	0	0	0	0	0	0	0	0	0	0	0	0	0	0	0	0	0	0	0	0	0	0	0	0	0	0	0	0	0	0	0	0	0	0	0	0	0	0	0	0	0	0	0	0	0	0	0	0	0	0	0	0	0	0	0	0	0	0	0	0
0	0	0	0	0	0	0	0	0	0	0	0	0	0	0	0	0	0	0	0	0	0	0	0	0	0	0	0	0	0	0	0	0	0	0	0	0	0	0	0	0	0	0	0	0	0	0	0	0	0	0	0	0	0	0	0	0	0	0	0	0	0	0	0	0	0	0	0	0	0	0	0	0	0	0	0	0	0	0	0	0	0	0	0	0	0	0	0	0	0	0	0	0	0	0	0	0	0	0	0	0	0	0	0	0	0	0	0	0	0	0	0	0	0	0	0	0	0	0	0	0	0	0	0	0	0	0	0	0	0	0	0	0	0	0	0	0	0	0	0	0	0	0	0	0	0	0	0	0	0	0	0	0	0	0	0	0	0	0	0	0	0	0	0	0	0	0	0	0	0	0	0	0	0	0	0	0	0	0	0	0	0	0	0	0	0	0	0	0	0	0	0	0	0	0	0	0	0	0	0	0	0	0	0	0	0	0	0	0	0	0	0	0	0	0	0	0	0	0	0	0	0	0	0	0	0	0	0	0	0	0	0	0	0	0	0	0	0	0	0	0	0	0	0	0	0	0	0	0	0	0	0	0	0	0	0	0	0	0	0	0	0	0	0	0	0	0	0	0	0	0	0	0	0	0	0	0	0	0	0	0	0	0	0	0	0	0	0	0	0	0	0	0	0	0	0	0	0	0	0	0	0	0	0	0	0	0	0	0	0	0	0	0	0	0	0	0	0	0	0	0	0	0	0	0	0	0	0	0	0	0	0	0	0	0	0	0	0	0	0	0	0	0	0	0	0	0	0	0	0	0	0	0	0	0	0	0	0	0	0	0	0	0	0	0	0	0	0	0	0	0	0	0	0	0	0	0	0	0	0	0	0	0	0	0	0	0	0	0	0	0	0	0	0	0	0	0	0	0	0	0	0	0	0	0	0	0	0	0	0	0	0	0	0	0	0	0	0	0	0	0	0	0	0	0	0	0	0
0	0	0	0	0	0	0	0	0	0	0	0	0	0	0	0	0	0	0	0	0	0	0	0	0	0	0	0	0	0	0	0	0	0	0	0	0	0	0	0	0	0	0	0	0	0	0	0	0	0	0	0	0	0	0	0	0	0	0	0	0	0	0	0	0	0	0	0	0	0	0	0	0	0	0	0	0	0	0	0	0	0	0	0	0	0	0	0	0	0	0	0	0	0	0	0	0	0	0	0	0	0	0	0	0	0	0	0	0	0	0	0	0	0	0	0	0	0	0	0	0	0	0	0	0	0	0	0	0	0	0	0	0	0	0	0	0	0	0	0	0	0	0	0	0	0	0	0	0	0	0	0	0	0	0	0	0	0	0	0	0	0	0	0	0	0	0	0	0	0	0	0	0	0	0	0	0	0	0	0	0	0	0	0	0	0	0	0	0	0	0	0	0	0	0	0	0	0	0	0	0	0	0	0	0	0	0	0	0	0	0	0	0	0	0	0	0	0	0	0	0	0	0	0	0	0	0	0	0	0	0	0	0	0	0	0	0	0	0	0	0	0	0	0	0	0	0	0	0	0	0	0	0	0	0	0	0	0	0	0	0	0	0	0	0	0	0	0	0	0	0	0	0	0	0	0	0	0	0	0	0	0	0	0	0	0	0	0	0	0	0	0	0	0	0	0	0	0	0	0	0	0	0	0	0	0	0	0	0	0	0	0	0	0	0	0	0	0	0	0	0	0	0	0	0	0	0	0	0	0	0	0	0	0	0	0	0	0	0	0	0	0	0	0	0	0	0	0	0	0	0	0	0	0	0	0	0	0	0	0	0	0	0	0	0	0	0	0	0	0	0	0	0	0	0	0	0	0	0	0	0	0	0	0	0	0	0	0	0	0	0	0	0	0	0	0	0	0	0	0	0	0	0	0	0	0	0	0	0	0	0	0	0	0	0	0	0	0	0	0	0	0	0	0	0	0	0	0
0	0	0	0	0	0	0	0	0	0	0	0	0	0	0	0	0	0	0	0	0	0	0	0	0	0	0	0	0	0	0	0	0	0	0	0	0	0	0	0	0	0	0	0	0	0	0	0	0	0	0	0	0	0	0	0	0	0	0	0	0	0	0	0	0	0	0	0	0	0	0	0	0	0	0	0	0	0	0	0	0	0	0	0	0	0	0	0	0	0	0	0	0	0	0	0	0	0	0	0	0	0	0	0	0	0	0	0	0	0	0	0	0	0	0	0	0	0	0	0	0	0	0	0	0	0	0	0	0	0	0	0	0	0	0	0	0	0	0	0	0	0	0	0	0	0	0	0	0	0	0	0	0	0	0	0	0	0	0	0	0	0	0	0	0	0	0	0	0	0	0	0	0	0	0	0	0	0	0	0	0	0	0	0	0	0	0	0	0	0	0	0	0	0	0	0	0	0	0	0	0	0	0	0	0	0	0	0	0	0	0	0	0	0	0	0	0	0	0	0	0	0	0	0	0	0	0	0	0	0	0	0	0	0	0	0	0	0	0	0	0	0	0	0	0	0	0	0	0	0	0	0	0	0	0	0	0	0	0	0	0	0	0	0	0	0	0	0	0	0	0	0	0	0	0	0	0	0	0	0	0	0	0	0	0	0	0	0	0	0	0	0	0	0	0	0	0	0	0	0	0	0	0	0	0	0	0	0	0	0	0	0	0	0	0	0	0	0	0	0	0	0	0	0	0	0	0	0	0	0	0	0	0	0	0	0	0	0	0	0	0	0	0	0	0	0	0	0	0	0	0	0	0	0	0	0	0	0	0	0	0	0	0	0	0	0	0	0	0	0	0	0	0	0	0	0	0	0	0	0	0	0	0	0	0	0	0	0	0	0	0	0	0	0	0	0	0	0	0	0	0	0	0	0	0	0	0	0	0	0	0	0	0	0	0	0	0	0	0	0	0	0	0	0	0	0	0	0
0	0	0	0	0	0	0	0	0	0	0	0	0	0	0	0	0	0	0	0	0	0	0	0	0	0	0	0	0	0	0	0	0	0	0	0	0	0	0	0	0	0	0	0	0	0	0	0	0	0	0	0	0	0	0	0	0	0	0	0	0	0	0	0	0	0	0	0	0	0	0	0	0	0	0	0	0	0	0	0	0	0	0	0	0	0	0	0	0	0	0	0	0	0	0	0	0	0	0	0	0	0	0	0	0	0	0	0	0	0	0	0	0	0	0	0	0	0	0	0	0	0	0	0	0	0	0	0	0	0	0	0	0	0	0	0	0	0	0	0	0	0	0	0	0	0	0	0	0	0	0	0	0	0	0	0	0	0	0	0	0	0	0	0	0	0	0	0	0	0	0	0	0	0	0	0	0	0	0	0	0	0	0	0	0	0	0	0	0	0	0	0	0	0	0	0	0	0	0	0	0	0	0	0	0	0	0	0	0	0	0	0	0	0	0	0	0	0	0	0	0	0	0	0	0	0	0	0	0	0	0	0	0	0	0	0	0	0	0	0	0	0	0	0	0	0	0	0	0	0	0	0	0	0	0	0	0	0	0	0	0	0	0	0	0	0	0	0	0	0	0	0	0	0	0	0	0	0	0	0	0	0	0	0	0	0	0	0	0	0	0	0	0	0	0	0	0	0	0	0	0	0	0	0	0	0	0	0	0	0	0	0	0	0	0	0	0	0	0	0	0	0	0	0	0	0	0	0	0	0	0	0	0	0	0	0	0	0	0	0	0	0	0	0	0	0	0	0	0	0	0	0	0	0	0	0	0	0	0	0	0	0	0	0	0	0	0	0	0	0	0	0	0	0	0	0	0	0	0	0	0	0	0	0	0	0	0	0	0	0	0	0	0	0	0	0	0	0	0	0	0	0	0	0	0	0	0	0	0	0	0	0	0	0	0	0	0	0	0	0	0	0	0	0	0	0	0	0
0	0	0	0	0	0	0	0	0	0	0	0	0	0	0	0	0	0	0	0	0	0	0	0	0	0	0	0	0	0	0	0	0	0	0	0	0	0	0	0	0	0	0	0	0	0	0	0	0	0	0	0	0	0	0	0	0	0	0	0	0	0	0	0	0	0	0	0	0	0	0	0	0	0	0	0	0	0	0	0	0	0	0	0	0	0	0	0	0	0	0	0	0	0	0	0	0	0	0	0	0	0	0	0	0	0	0	0	0	0	0	0	0	0	0	0	0	0	0	0	0	0	0	0	0	0	0	0	0	0	0	0	0	0	0	0	0	0	0	0	0	0	0	0	0	0	0	0	0	0	0	0	0	0	0	0	0	0	0	0	0	0	0	0	0	0	0	0	0	0	0	0	0	0	0	0	0	0	0	0	0	0	0	0	0	0	0	0	0	0	0	0	0	0	0	0	0	0	0	0	0	0	0	0	0	0	0	0	0	0	0	0	0	0	0	0	0	0	0	0	0	0	0	0	0	0	0	0	0	0	0	0	0	0	0	0	0	0	0	0	0	0	0	0	0	0	0	0	0	0	0	0	0	0	0	0	0	0	0	0	0	0	0	0	0	0	0	0	0	0	0	0	0	0	0	0	0	0	0	0	0	0	0	0	0	0	0	0	0	0	0	0	0	0	0	0	0	0	0	0	0	0	0	0	0	0	0	0	0	0	0	0	0	0	0	0	0	0	0	0	0	0	0	0	0	0	0	0	0	0	0	0	0	0	0	0	0	0	0	0	0	0	0	0	0	0	0	0	0	0	0	0	0	0	0	0	0	0	0	0	0	0	0	0	0	0	0	0	0	0	0	0	0	0	0	0	0	0	0	0	0	0	0	0	0	0	0	0	0	0	0	0	0	0	0	0	0	0	0	0	0	0	0	0	0	0	0	0	0	0	0	0	0	0	0	0	0	0	0	0	0	0	0	0	0	0	0	0
0	0	0	0	0	0	0	0	0	19	4	2	4	4	2	0	2	1	1	3	2	0	0	0	1	2	0	0	0	0	0	2	2	0	1	0	0	0	0	1	2	1	0	0	0	0	1	0	1	0	2	1	1	2	4	1	1	0	3	0	1	1	2	6	3	0	2	1	2	0	0	0	0	0	0	1	1	0	1	0	2	4	1	0	1	1	1	2	5	7	7	4	4	1	0	1	1	1	1	2	4	1	3	2	1	8	4	4	5	5	7	2	4	4	2	1	1	1	0	0	1	0	1	0	0	1	2	0	2	1	0	0	0	0	2	1	0	1	0	0	1	1	1	3	2	0	2	2	1	0	0	0	2	0	0	0	1	0	1	3	0	1	2	0	0	0	0	1	0	0	1	4	3	4	0	1	2	0	2	4	5	3	1	0	0	2	2	1	1	0	0	0	1	0	1	0	0	0	0	0	1	0	0	2	0	0	0	0	0	1	2	0	0	2	1	1	0	0	0	0	1	0	0	2	1	0	2	3	1	1	1	0	0	1	0	0	0	0	0	0	0	1	1	0	0	0	0	1	0	0	0	0	1	0	0	0	1	1	0	1	0	0	0	0	0	0	0	2	2	1	0	0	0	0	0	0	0	1	0	0	0	0	1	0	0	0	1	1	0	0	0	0	0	0	1	0	1	0	0	0	0	0	0	1	0	0	0	0	0	0	1	0	0	0	0	0	0	1	1	0	0	0	0	0	0	1	0	0	0	0	0	0	0	0	0	2	0	0	0	0	0	0	0	0	0	1	0	0	1	1	1	0	0	1	1	1	0	0	0	0	0	0	0	0	0	0	0	0	0	0	1	0	0	0	0	1	0	0	0	0	1	1	0	0	0	0	0	0	0	0	0	0	0	0	0	0	0	1	0	0	0	0	0	0	0	0	0	0	0	0	0	0	0	0	0	0	1	1	0	0	0	1	0	0	1	0	0	0
0	0	0	0	0	0	0	0	19	0	16	4	12	10	3	0	2	7	1	2	2	3	1	0	1	3	0	0	1	2	0	0	1	0	1	0	0	3	0	1	1	0	1	0	0	0	1	2	1	0	0	0	0	0	2	2	4	1	1	1	0	3	3	6	0	5	2	0	1	1	0	1	2	0	1	0	1	0	3	2	4	1	0	1	0	1	0	2	2	9	10	6	3	2	0	0	3	0	4	1	2	1	2	0	2	10	4	6	2	6	2	3	3	3	0	5	1	3	0	1	1	0	0	0	1	0	1	0	0	1	1	1	0	0	2	2	1	1	0	1	0	1	2	2	0	2	0	2	0	2	0	0	0	0	1	1	1	0	0	5	0	0	0	0	2	0	2	2	3	0	1	1	3	3	0	1	1	1	3	2	5	1	0	1	3	3	1	0	1	2	0	0	0	3	3	2	1	1	1	0	0	0	1	0	0	1	0	0	0	0	0	1	0	1	1	0	0	1	0	0	2	0	0	2	0	1	3	0	2	2	0	0	2	1	1	0	1	0	0	1	0	0	0	0	0	1	0	0	0	2	0	0	0	0	2	0	0	1	0	0	0	1	0	0	1	0	0	1	0	0	0	0	0	0	1	0	0	0	0	0	0	1	0	0	0	0	0	0	0	1	0	2	0	0	0	1	0	0	0	0	0	0	0	0	1	0	0	0	0	2	0	0	3	0	0	2	0	0	0	0	1	0	1	0	0	0	0	0	0	0	0	0	0	0	0	1	0	0	0	0	0	0	0	0	1	1	0	0	1	0	0	0	0	1	0	0	0	1	0	0	0	1	0	0	0	0	0	0	0	0	0	1	0	1	0	1	0	0	0	0	0	0	0	0	0	1	0	0	1	0	0	0	0	1	0	0	0	0	0	0	0	0	1	0	1	0	0	0	0	0	0	0	2	0	0	0	0	0	0	1	2	1	0	0	0	0	0	0
0	0	0	0	0	0	0	0	4	16	0	24	11	11	5	5	3	1	2	2	2	1	0	0	0	1	2	4	0	1	0	1	1	0	3	1	2	0	1	1	2	3	1	0	0	0	0	1	0	0	0	0	0	1	2	0	1	3	1	2	5	5	3	10	5	3	6	1	3	1	0	0	0	0	0	0	1	2	1	2	6	7	5	0	0	4	1	6	8	14	9	7	3	5	0	0	0	4	2	1	2	3	0	2	4	4	1	0	2	2	3	2	1	1	8	3	5	1	3	2	1	1	1	0	0	0	1	0	1	1	0	0	0	0	1	1	1	0	0	0	0	0	0	1	0	0	0	0	0	0	0	3	1	0	0	1	0	0	3	2	2	1	0	0	1	1	5	2	2	1	0	2	4	1	1	1	1	0	0	2	1	2	0	1	0	2	0	0	1	0	2	0	0	1	0	0	0	0	0	0	0	1	0	0	0	0	0	3	0	0	1	0	0	1	1	0	0	1	1	2	0	2	0	0	1	0	1	1	0	0	1	2	1	0	0	0	0	0	1	0	0	0	0	0	0	0	0	0	2	0	0	0	0	0	1	0	0	0	0	0	0	0	0	1	2	1	0	0	0	0	0	0	0	1	0	0	0	0	1	0	0	1	0	1	0	0	0	0	0	0	0	1	0	0	2	0	0	0	0	0	0	1	1	0	0	0	1	0	2	0	0	0	0	0	1	0	0	0	0	0	0	0	0	0	0	1	0	1	0	1	0	0	0	0	0	0	0	0	0	1	0	0	1	0	0	0	0	0	0	0	0	1	0	0	0	1	0	0	1	1	0	0	0	0	1	0	0	1	0	0	0	0	0	0	1	0	0	0	0	0	0	0	0	0	1	1	0	0	0	0	0	0	0	0	0	0	0	0	1	1	0	1	0	0	0	1	0	0	0	0	1	0	0	2	0	0	0	0	0	0	0	0	0	0	0	0	0	0
0	0	0	0	0	0	0	0	2	4	24	0	26	20	9	1	7	3	1	3	1	0	1	0	0	0	1	2	2	1	1	1	0	0	1	2	0	3	1	0	1	1	1	2	2	4	0	1	0	1	0	0	0	1	6	3	6	6	8	7	9	13	7	12	13	6	1	3	3	2	0	0	0	1	1	3	1	2	3	4	13	5	12	10	8	5	2	2	6	4	8	7	4	1	2	1	0	1	1	1	1	0	0	3	7	1	1	3	2	1	3	1	1	5	4	5	2	0	2	3	1	1	0	0	0	0	1	1	0	1	1	0	0	1	0	1	0	0	0	0	0	0	0	0	2	1	0	0	0	0	0	1	0	0	0	0	0	0	1	1	1	0	0	1	0	0	0	0	1	2	2	2	1	0	0	0	0	3	0	2	1	0	1	2	1	2	1	0	2	1	0	0	1	0	0	1	0	0	0	0	0	2	2	1	0	0	0	0	0	0	0	0	1	0	0	0	0	0	2	0	0	0	0	0	0	1	0	1	0	1	1	1	0	0	0	1	1	0	0	0	0	0	2	0	0	0	0	1	0	0	0	1	1	1	0	0	0	0	0	0	0	0	0	0	0	0	1	0	0	0	1	0	0	0	0	0	1	0	0	0	0	0	0	0	0	0	2	0	1	0	1	0	0	1	0	0	0	0	0	0	0	0	1	1	0	0	0	0	1	0	0	1	0	0	0	0	0	0	1	0	0	1	0	1	0	0	0	0	0	0	0	0	0	0	0	0	0	1	0	0	0	0	0	0	0	0	0	0	1	0	0	0	0	1	0	0	0	0	0	0	0	1	0	0	1	0	2	0	0	0	1	0	1	0	0	1	0	0	0	1	0	0	0	0	0	0	0	0	1	0	0	1	0	0	0	0	0	0	0	1	0	0	2	0	0	0	0	0	0	0	0	0	1	0	0	0	0	0	1	0	0	0	0	0	1	0	0	0
0	0	0	0	0	0	0	0	4	12	11	26	0	651	16	8	4	5	1	2	0	0	0	2	1	0	1	1	1	1	3	1	2	1	0	1	3	1	0	1	1	0	0	1	1	2	1	2	2	0	0	1	2	2	2	8	3	5	2	9	5	9	2	9	1	1	1	1	0	0	2	0	1	0	1	1	1	2	1	1	3	5	4	2	2	0	2	2	3	7	7	12	6	2	0	1	0	0	3	3	1	0	1	4	5	6	0	4	3	2	4	5	3	5	2	7	3	0	1	1	2	0	0	0	1	0	0	1	2	0	0	0	1	0	1	0	0	0	1	1	1	0	1	0	1	1	2	2	0	0	0	1	1	0	0	0	0	1	1	1	1	0	0	1	1	2	2	0	1	1	2	7	1	0	3	1	3	3	1	2	0	1	1	1	3	0	0	0	1	0	1	0	0	1	1	1	0	0	0	0	0	0	2	0	2	1	0	1	0	1	0	0	2	1	0	2	1	0	0	0	0	1	1	1	0	0	1	0	1	0	0	0	0	0	1	0	1	2	0	1	0	0	0	0	0	0	0	1	1	0	0	0	1	1	1	0	0	0	0	0	0	0	0	1	0	0	0	0	0	0	0	2	0	1	0	0	1	0	0	0	0	0	0	0	0	1	0	0	0	0	0	0	0	0	1	1	0	0	0	0	1	0	1	0	0	0	0	0	0	0	0	1	1	0	0	0	0	0	1	0	0	1	0	0	0	0	0	0	0	0	0	1	0	0	0	0	0	0	0	0	0	0	0	0	1	0	0	0	0	0	0	0	0	0	0	0	0	1	0	0	0	0	0	0	0	0	0	0	0	0	0	0	0	0	0	0	1	0	0	0	0	0	0	0	1	0	0	0	0	0	0	0	1	0	0	0	0	0	1	0	0	1	0	0	0	0	1	0	0	0	0	1	0	1	0	0	0	0	0	0	0	0	0	0	1	0	0	0
0	0	0	0	0	0	0	0	4	10	11	20	651	0	32	6	9	2	9	2	1	3	1	0	2	0	0	1	1	3	3	3	5	1	1	2	1	2	0	1	4	3	1	1	1	1	0	1	0	0	2	1	2	1	0	3	9	11	10	6	11	18	10	7	2	3	1	0	1	0	0	2	0	2	0	0	0	2	1	6	3	1	2	7	3	3	1	1	5	4	16	7	5	4	2	1	1	1	0	0	5	0	1	6	4	8	5	5	2	1	2	4	3	7	2	15	2	0	4	2	1	1	0	0	0	2	1	0	0	0	1	0	2	2	0	2	0	1	0	3	1	0	0	0	0	2	1	2	0	0	0	0	0	1	1	0	1	1	0	1	3	0	2	0	0	1	2	5	1	5	4	4	1	0	1	0	3	3	1	3	2	2	1	2	0	3	0	1	1	0	0	0	0	0	0	0	0	0	0	1	1	1	0	0	0	0	2	0	0	1	0	0	0	1	0	1	0	1	0	0	1	1	1	0	0	0	0	1	0	0	0	2	0	1	1	0	0	0	0	0	0	1	0	0	0	1	0	0	0	0	0	1	1	0	0	0	0	0	0	0	0	0	1	0	0	0	0	0	0	0	0	0	0	0	1	0	0	0	0	0	0	1	0	0	0	1	0	0	0	0	1	0	0	0	0	0	0	0	2	0	0	0	0	0	0	0	1	0	1	0	1	1	0	0	0	0	0	0	1	0	0	0	0	0	0	0	0	1	0	1	0	1	1	0	0	0	1	0	0	0	0	0	0	0	1	0	0	0	0	0	0	0	1	0	0	0	0	0	0	0	0	0	0	0	0	0	0	1	0	1	0	1	0	0	0	0	0	0	2	0	0	0	0	0	0	0	0	1	0	0	0	0	1	0	0	0	1	0	0	0	1	2	0	0	0	0	0	1	1	0	0	0	1	0	0	0	1	1	0	0	0	0	2	0	0	0	0	0
0	0	0	0	0	0	0	0	2	3	5	9	16	32	0	15	17	12	6	4	4	1	1	3	0	3	1	5	5	6	5	2	7	4	2	1	5	4	0	1	4	7	1	2	2	2	1	6	1	0	2	3	1	0	5	8	9	24	22	14	11	14	9	5	4	3	1	0	0	0	0	0	1	0	1	0	1	1	2	4	4	2	0	2	0	4	1	1	3	4	11	12	7	5	3	2	1	1	2	0	1	1	4	2	6	8	5	1	0	2	3	6	2	5	4	8	1	2	2	1	4	4	2	3	2	1	0	0	0	1	0	0	0	1	0	2	1	1	0	0	1	1	0	1	0	0	0	0	1	1	0	0	0	0	0	2	1	2	1	1	3	0	2	0	2	0	1	2	0	4	5	6	3	0	0	0	0	3	4	1	1	1	1	0	1	1	2	2	1	1	0	2	0	0	0	1	1	1	0	0	0	1	2	0	1	0	1	0	2	2	0	3	3	0	0	0	0	0	0	1	0	1	0	0	1	0	1	1	1	0	1	2	1	0	1	0	1	2	0	0	1	0	0	0	0	1	1	0	1	2	0	1	0	0	0	1	0	0	0	0	0	0	0	0	0	0	0	1	0	0	2	0	2	1	0	0	0	0	0	1	0	0	0	0	2	1	1	0	0	0	1	0	1	3	0	0	0	1	0	0	0	0	0	0	0	0	0	1	0	0	3	0	0	0	0	0	0	1	0	0	0	1	0	0	0	1	0	0	0	1	0	0	1	0	0	0	0	0	0	0	1	0	0	0	0	1	0	0	0	0	0	1	0	0	0	0	0	0	0	2	1	0	1	0	0	0	0	0	0	0	0	0	0	0	0	1	0	1	0	0	2	0	0	0	0	0	0	0	0	1	0	0	0	1	0	1	1	1	0	1	1	1	1	0	0	1	1	0	0	0	1	0	0	0	0	1	0	0	0	0	0	0	1	0	0	0	0	0
0	0	0	0	0	0	0	0	0	0	5	1	8	6	15	0	115	18	12	5	0	6	0	1	2	2	4	10	5	8	2	13	6	2	5	1	4	16	4	3	3	0	3	0	3	2	4	1	1	1	1	1	1	2	5	2	4	27	6	13	7	8	4	1	3	3	4	1	1	0	0	0	1	1	1	1	1	0	0	1	1	2	1	3	4	1	1	4	2	2	5	5	4	6	3	4	4	2	1	2	1	1	3	2	2	9	4	1	4	2	1	1	7	8	4	2	2	0	4	2	3	1	1	0	2	2	2	0	0	0	2	1	0	1	2	1	1	1	0	0	1	0	1	1	0	1	0	1	0	0	1	0	0	1	0	1	0	0	1	0	1	1	1	0	0	3	0	2	3	1	2	1	5	1	1	0	1	2	2	3	1	1	1	1	1	1	1	0	3	0	0	1	1	0	0	0	0	1	0	2	1	2	1	0	1	0	0	1	0	0	0	0	0	1	0	0	1	1	0	1	1	1	1	0	0	0	0	1	1	0	0	0	1	1	1	0	0	0	0	0	0	0	1	0	0	1	0	1	0	0	1	0	1	0	0	0	0	0	0	0	0	0	0	0	0	0	0	1	1	1	0	1	2	0	1	0	0	2	1	0	2	1	1	1	1	1	0	0	0	0	1	0	0	1	0	0	0	0	2	0	1	2	0	1	0	0	1	0	0	0	1	1	0	0	1	0	0	0	1	0	1	0	0	1	0	0	1	0	0	0	0	1	0	0	0	1	1	1	0	0	0	0	0	0	1	1	0	0	0	0	0	0	1	0	1	0	0	1	0	0	0	0	0	1	0	0	0	0	0	0	0	0	0	0	0	1	0	0	0	0	0	0	0	0	1	0	0	1	1	1	0	0	0	0	0	0	0	0	0	2	0	0	0	0	1	1	0	0	1	1	0	0	1	0	0	0	0	2	0	0	0	1	0	0	0	0	0	0
0	0	0	0	0	0	0	0	2	2	3	7	4	9	17	115	0	19	9	3	3	2	3	2	1	1	4	3	7	5	2	5	4	2	3	2	4	6	2	0	4	5	3	5	3	3	1	0	3	2	1	1	2	2	4	9	7	14	3	5	4	5	1	2	1	5	0	1	0	0	0	0	0	1	0	0	0	0	0	1	2	3	1	5	1	2	1	3	0	2	5	7	10	13	1	3	1	1	1	2	1	4	0	1	1	6	4	4	1	5	3	0	5	7	3	3	1	0	2	1	1	0	2	1	1	1	2	0	1	0	0	0	0	1	0	0	0	0	2	0	0	2	0	1	1	1	0	2	2	0	0	0	1	0	1	1	1	0	0	3	1	0	2	1	2	1	0	0	2	4	2	5	0	0	1	0	0	0	1	1	3	4	0	2	2	3	4	2	1	2	0	1	0	0	0	2	0	0	1	1	0	1	1	1	0	0	1	1	0	0	0	0	0	0	0	1	1	2	3	0	0	1	1	0	1	1	1	2	0	2	0	0	2	0	1	0	0	0	3	0	0	0	0	0	0	0	0	0	0	0	0	0	0	0	0	0	0	0	0	0	0	0	0	0	0	1	0	1	0	0	0	0	1	0	0	0	0	1	0	0	0	0	1	1	0	1	0	0	0	0	0	1	2	1	2	1	0	0	0	0	0	0	1	0	0	0	0	0	0	1	0	1	0	1	0	1	0	1	0	1	1	1	0	1	2	0	0	0	1	0	0	1	0	1	0	0	1	0	0	0	1	0	0	0	1	0	0	1	2	1	0	0	0	0	0	0	0	0	0	0	0	1	0	0	0	0	1	1	0	0	1	0	0	0	0	1	1	0	0	0	0	0	1	0	0	0	1	0	1	0	0	0	0	1	0	1	0	0	1	0	0	1	1	0	0	0	0	0	0	0	0	0	0	0	0	0	0	1	0	2	0	0	0	0	0	0	0	0
0	0	0	0	0	0	0	0	1	7	1	3	5	2	12	18	19	0	48	14	6	2	6	2	2	4	4	10	8	15	5	10	13	3	4	3	3	4	2	2	3	5	3	2	3	1	7	12	2	3	1	2	6	4	3	4	7	5	6	5	4	3	3	2	3	4	0	1	2	0	1	1	1	0	1	1	1	0	1	2	0	1	1	1	2	1	2	1	1	0	5	11	12	17	6	1	4	3	5	2	0	1	2	1	3	3	7	2	3	1	0	5	15	11	7	2	2	2	0	2	8	2	1	2	0	2	0	2	3	1	1	1	0	0	0	1	0	1	1	0	1	0	0	1	1	2	0	3	1	0	0	1	0	0	0	2	0	1	0	4	1	0	4	2	0	3	1	3	5	2	4	6	6	3	2	1	0	5	1	4	5	7	5	2	3	2	6	2	3	1	1	1	1	2	0	0	0	0	1	1	0	3	2	0	0	1	0	1	0	1	0	1	0	0	0	0	0	0	0	2	0	1	2	1	1	1	1	2	1	1	0	2	0	0	0	0	1	0	0	0	1	0	0	0	1	1	0	1	0	0	0	4	2	1	0	0	0	0	0	1	0	0	0	0	2	1	0	0	0	1	2	0	0	0	0	1	0	0	0	0	0	0	2	1	1	0	0	1	2	0	0	1	0	2	1	0	0	0	1	0	1	0	0	0	1	0	0	0	0	0	0	0	0	0	1	0	0	0	0	0	0	0	0	0	0	0	0	0	1	0	1	0	1	0	0	0	0	0	0	0	0	0	0	0	0	0	0	0	1	0	0	0	0	0	0	0	0	0	0	0	0	1	0	0	0	0	0	1	0	0	0	0	0	0	0	0	0	1	2	0	0	1	0	0	1	0	1	1	0	0	0	0	1	0	0	0	0	3	0	2	0	0	2	0	1	0	1	0	0	0	1	0	0	1	0	0	0	0	2	0	1	0	0	0	0	0	0	0
0	0	0	0	0	0	0	0	1	1	2	1	1	9	6	12	9	48	0	22	7	4	2	3	0	1	3	5	6	6	4	7	5	3	6	3	7	4	1	0	2	1	2	2	2	3	2	3	6	2	4	1	1	1	1	3	8	6	1	2	1	1	0	0	0	2	1	1	2	1	0	1	1	0	0	1	0	0	1	1	1	0	0	1	0	1	1	1	1	0	3	14	10	61	14	10	5	13	3	1	1	0	2	4	2	10	15	2	3	5	5	2	13	10	5	4	2	2	2	3	1	1	2	1	1	1	3	1	1	1	0	1	2	0	1	3	4	1	1	1	3	0	2	1	1	1	2	2	0	0	1	2	1	0	1	0	2	2	1	0	3	2	1	5	1	1	6	1	3	3	2	3	1	3	0	1	2	6	3	2	3	1	2	4	1	10	4	2	4	2	1	2	1	0	0	1	0	1	0	3	2	3	0	1	2	0	0	0	0	0	0	1	0	1	0	2	0	0	0	0	0	0	0	1	0	1	2	1	0	1	1	0	0	0	1	0	2	1	0	1	0	0	2	1	1	0	0	0	1	1	3	1	1	3	1	0	0	0	0	0	1	0	0	0	0	0	1	0	1	2	0	1	0	1	0	2	1	0	1	1	1	2	1	0	0	1	1	1	0	0	0	0	1	3	3	0	1	0	1	2	0	0	1	2	1	0	0	1	1	1	2	0	2	0	0	0	1	1	0	1	1	1	0	0	0	0	0	0	0	2	0	1	0	0	0	3	0	0	0	0	0	0	0	0	0	2	0	1	1	1	1	0	0	0	0	0	0	0	0	0	0	1	1	0	1	2	1	0	0	0	0	0	1	0	0	0	0	1	1	0	1	0	0	0	0	0	0	0	0	0	0	0	0	0	0	2	0	0	0	0	1	1	0	0	1	0	0	0	0	0	0	0	0	0	0	0	0	0	0	3	0	0	0	0	0	0	0	0
0	0	0	0	0	0	0	0	3	2	2	3	2	2	4	5	3	14	22	0	49	25	7	2	4	3	2	5	10	5	3	5	2	2	9	3	3	3	2	0	1	2	1	2	5	10	17	6	5	1	2	2	7	0	2	4	9	0	1	8	1	3	0	4	2	1	2	1	0	0	2	0	0	0	1	0	0	0	0	0	2	1	1	0	1	1	0	1	0	1	6	9	10	13	10	5	2	7	6	3	2	5	6	5	2	8	15	5	4	4	1	6	71	6	1	4	1	2	0	2	2	2	2	4	0	0	2	1	1	2	2	1	0	0	5	3	2	4	0	0	1	2	2	2	2	7	4	4	2	2	2	4	2	3	1	1	2	2	2	3	4	5	3	2	2	2	11	6	7	9	9	6	5	2	3	2	4	6	7	13	15	10	8	6	6	8	14	4	3	2	1	2	0	0	1	2	0	0	0	2	1	2	1	1	0	2	0	2	1	1	0	0	1	4	0	2	1	2	0	1	0	2	0	0	3	2	1	3	0	1	3	1	1	1	0	1	0	0	0	0	0	0	1	0	0	0	2	0	0	0	0	1	0	1	1	0	1	0	2	0	0	0	1	1	0	1	0	0	1	0	1	2	1	0	0	0	0	3	1	2	1	1	3	1	0	1	0	0	0	0	1	1	1	1	0	3	1	2	1	0	0	0	0	1	0	0	0	2	1	1	0	0	0	1	1	0	1	1	0	0	0	0	1	0	0	0	0	1	2	0	2	0	1	0	0	1	0	0	1	0	2	0	0	0	1	0	1	0	0	1	0	0	0	0	0	0	0	0	1	1	1	0	1	0	1	0	0	0	0	0	0	0	1	0	0	1	0	0	0	0	0	0	0	0	1	0	0	0	2	1	0	1	0	1	1	0	0	1	0	0	2	0	0	0	1	0	0	0	0	0	0	1	4	2	0	0	0	1	1	0	0	1	0	0	1	0	0	0
0	0	0	0	0	0	0	0	2	2	2	1	0	1	4	0	3	6	7	49	0	89	19	8	4	6	8	6	7	5	5	6	3	4	1	4	1	0	3	1	3	3	2	3	5	5	21	12	10	3	5	5	3	1	4	1	5	0	1	1	3	0	4	0	0	0	3	0	1	0	0	0	0	0	0	0	0	0	0	0	0	1	0	1	0	1	0	0	0	5	2	7	0	3	5	5	5	14	5	4	1	0	5	2	6	3	12	5	6	2	1	3	23	7	1	2	0	3	1	1	0	2	4	3	2	1	0	1	3	2	3	0	2	4	6	0	4	4	0	1	0	4	1	3	8	4	10	6	4	2	2	2	4	1	1	2	0	2	2	4	1	10	4	5	3	5	15	9	3	3	3	3	1	2	4	2	2	1	7	5	7	6	11	3	1	13	16	10	5	6	1	3	4	0	2	2	0	1	0	4	7	6	2	2	2	1	4	0	2	1	1	0	3	0	1	1	0	0	2	0	1	1	3	5	1	4	2	3	2	2	6	5	0	0	0	1	2	4	1	1	0	0	0	1	0	0	1	1	1	3	0	2	2	2	1	2	0	0	0	0	0	1	0	0	1	1	0	0	0	0	0	0	0	2	0	1	2	1	0	1	4	1	2	2	1	2	2	0	1	0	2	0	1	0	1	0	0	0	2	0	2	1	1	2	0	1	0	0	1	3	2	0	1	0	0	0	0	1	0	0	1	0	0	0	1	0	0	1	0	0	0	1	1	0	0	0	0	0	0	0	0	0	1	1	0	1	1	1	0	0	0	0	1	0	0	1	0	0	0	2	1	0	0	0	0	1	0	0	1	0	0	1	1	1	2	1	2	1	0	1	1	1	0	0	1	1	1	1	0	0	0	0	0	0	1	1	0	0	1	0	0	2	1	0	0	0	0	0	2	0	0	0	0	0	0	0	0	0	1	1	2	0	0	0	0	1	0	0
0	0	0	0	0	0	0	0	0	3	1	0	0	3	1	6	2	2	4	25	89	0	45	14	10	3	4	7	6	6	2	6	11	4	5	5	2	3	0	1	0	1	2	2	1	4	22	11	4	3	4	5	3	2	3	2	5	1	1	2	0	2	1	1	1	2	0	2	0	1	1	1	0	0	0	1	0	0	1	1	0	0	0	1	0	0	0	0	1	0	3	5	2	3	8	4	6	21	5	2	2	1	1	3	2	4	6	2	4	2	1	4	10	6	3	0	0	0	3	0	0	2	3	0	2	1	3	2	1	2	2	0	0	1	2	2	5	5	1	0	1	1	2	4	4	5	6	6	6	0	3	2	1	2	0	0	3	0	1	0	1	4	1	2	4	7	8	5	3	1	2	5	2	5	0	4	1	3	2	2	5	7	9	1	1	6	14	20	6	4	5	6	1	0	2	1	0	5	1	6	3	4	3	1	0	2	2	0	2	1	1	0	2	5	4	0	1	1	2	1	1	1	0	0	2	1	5	0	3	1	3	3	1	1	1	2	1	0	4	1	0	2	0	0	0	0	0	1	1	3	1	2	0	0	0	1	0	0	0	0	0	0	2	1	0	1	1	1	0	0	0	2	0	1	0	0	1	0	2	1	3	0	2	0	2	2	0	1	0	0	1	3	1	1	5	2	0	0	0	2	0	0	1	0	0	1	1	0	0	3	1	1	0	0	1	1	0	0	0	1	1	0	1	0	0	0	0	0	0	0	3	0	0	1	0	0	2	0	0	1	1	1	0	0	0	1	0	2	0	0	0	0	0	0	1	0	0	1	0	0	0	0	1	0	0	1	0	0	0	0	1	0	0	0	1	2	0	0	0	0	0	0	0	0	2	0	2	1	1	0	0	0	0	0	1	0	1	0	1	1	0	2	0	1	1	1	0	0	1	0	0	0	0	0	0	1	0	0	0	3	0	0	0	0	0	1	0	0
0	0	0	0	0	0	0	0	0	1	0	1	0	1	1	0	3	6	2	7	19	45	0	24	32	14	8	8	2	2	3	4	10	12	1	2	3	2	1	0	0	4	1	1	7	11	11	7	5	3	2	5	13	1	0	3	2	1	2	1	0	1	0	0	0	0	0	2	0	1	1	0	0	0	0	0	0	0	0	2	0	0	0	0	2	1	0	0	3	1	2	3	1	3	5	5	4	15	3	1	4	2	1	2	4	0	2	0	1	1	1	2	3	3	3	2	1	0	0	0	1	1	3	3	3	1	1	2	4	0	2	4	3	2	2	0	2	2	0	1	2	1	0	1	3	4	6	10	6	2	3	6	1	2	2	1	0	1	1	1	2	3	2	2	4	3	9	2	2	2	4	1	2	2	1	2	3	6	3	2	2	1	2	4	5	8	8	15	10	9	13	5	3	1	0	4	1	2	4	6	10	7	0	4	1	0	3	4	3	2	1	3	3	3	0	2	2	2	1	3	1	0	0	1	4	2	5	2	1	1	2	4	2	1	2	2	3	2	0	0	4	0	0	1	0	1	0	0	1	3	2	5	2	0	1	0	0	0	0	0	0	2	0	1	1	1	0	0	1	0	3	1	1	0	0	0	0	1	1	2	8	4	3	2	0	2	0	1	0	2	0	0	0	1	2	3	2	0	0	0	2	0	2	1	0	1	1	0	3	0	2	1	1	1	0	0	1	2	0	1	0	0	0	1	0	1	1	0	1	0	1	1	0	1	1	1	1	0	0	0	0	1	0	0	0	1	3	0	2	0	1	0	0	1	0	0	0	1	1	0	1	5	1	0	0	0	0	0	0	0	1	0	0	0	0	0	0	2	1	0	1	1	1	0	1	2	1	3	0	0	0	0	0	0	1	1	0	0	4	5	2	2	2	0	0	0	0	0	2	1	0	1	0	1	0	0	1	0	1	0	0	1	0	0	0	1	0	0
0	0	0	0	0	0	0	0	0	0	0	0	2	0	3	1	2	2	3	2	8	14	24	0	81	16	4	3	3	3	1	2	7	1	2	5	3	2	1	0	2	1	1	2	4	9	12	6	8	11	10	9	3	1	3	0	3	1	0	2	0	0	3	1	1	1	1	0	1	2	0	0	0	1	1	0	0	0	1	0	0	0	1	0	2	0	1	0	0	1	4	4	1	3	2	2	0	6	2	2	2	1	4	2	4	1	3	1	0	1	2	2	2	1	1	3	1	1	1	1	1	2	4	0	1	2	0	3	2	1	3	3	3	4	9	4	5	1	3	3	1	2	0	3	1	7	2	10	17	2	1	6	1	4	3	2	0	1	1	0	2	13	9	8	6	13	9	3	2	6	0	0	4	4	2	2	5	2	2	4	1	2	3	1	2	3	5	12	8	6	14	6	3	3	6	3	5	4	2	7	6	12	6	3	0	2	1	1	1	0	2	2	9	2	0	1	2	1	1	2	1	2	0	1	0	1	2	1	2	1	1	5	2	2	3	2	2	3	0	0	0	0	1	0	1	0	0	3	1	3	5	5	3	6	2	0	1	0	0	1	0	1	1	2	0	1	1	0	1	1	1	0	2	2	0	2	4	1	0	3	8	3	1	5	1	1	4	0	0	1	0	2	0	3	3	0	1	0	0	3	0	1	2	1	0	1	2	3	3	0	0	1	0	1	0	1	0	0	1	2	1	0	0	0	0	0	1	0	0	0	0	0	0	2	1	2	2	0	2	0	0	0	0	2	1	1	1	0	0	2	0	0	0	0	1	0	0	0	0	0	4	1	3	0	0	0	0	1	0	0	1	0	0	1	0	0	2	0	1	3	3	3	1	1	0	1	2	2	2	1	1	0	1	1	0	2	2	1	2	1	3	3	1	1	0	0	0	0	1	0	0	1	0	1	2	1	0	1	1	0	1	0	1	0	0	1	0	0
0	0	0	0	0	0	0	0	1	1	0	0	1	2	0	2	1	2	0	4	4	10	32	81	0	54	9	7	6	4	0	5	4	2	4	6	0	0	3	0	2	2	1	2	2	11	6	9	6	12	18	13	7	1	2	1	6	1	1	1	3	2	0	0	2	1	1	1	0	0	0	0	0	0	0	0	0	0	0	0	0	2	1	1	0	1	0	0	2	0	1	3	3	0	1	2	3	8	5	0	0	0	4	2	1	2	2	3	2	0	2	0	7	3	0	2	2	1	1	0	1	4	3	4	1	1	1	3	1	0	4	2	4	3	1	1	7	2	1	1	0	0	1	1	0	3	0	8	7	5	6	5	4	2	0	0	0	1	2	0	3	11	4	6	6	8	6	5	1	3	3	1	4	1	1	1	4	0	1	1	2	4	0	2	1	0	3	3	10	5	14	18	1	2	8	2	3	2	5	4	12	12	5	6	1	5	3	2	1	0	0	0	0	1	0	1	2	2	0	0	2	0	2	0	5	0	3	2	1	1	2	2	4	2	1	1	2	0	1	0	3	1	1	0	0	2	3	1	0	4	7	4	1	4	1	1	0	2	0	1	2	1	1	0	0	2	1	0	0	1	0	3	2	0	0	2	2	0	4	3	7	0	2	3	2	1	3	1	0	0	1	2	1	2	1	2	2	4	0	2	1	0	0	2	2	0	3	1	1	4	1	0	1	1	0	0	1	0	1	0	1	1	1	0	1	0	0	0	0	0	0	0	2	0	1	2	1	1	0	1	0	0	0	1	1	0	1	0	0	1	2	1	0	0	0	0	1	0	0	0	1	0	1	1	0	1	0	1	1	1	2	0	1	0	0	0	1	0	2	3	6	3	0	0	0	0	0	0	2	0	0	0	0	1	0	0	1	2	1	1	2	4	1	2	0	1	1	1	2	0	0	0	2	0	1	2	1	0	2	2	2	0	1	0	1	0	0	0
0	0	0	0	0	0	0	0	2	3	1	0	0	0	3	2	1	4	1	3	6	3	14	16	54	0	27	8	8	7	5	6	5	6	3	5	3	5	2	1	1	1	2	4	6	14	9	6	11	10	15	60	9	6	1	2	3	1	2	2	0	0	0	0	0	1	2	0	0	0	0	1	0	0	0	0	1	0	0	0	0	1	0	1	0	1	1	1	1	1	2	1	1	1	1	3	1	5	1	1	1	0	1	1	6	3	1	1	0	0	2	2	3	6	1	1	0	1	1	1	0	1	1	1	1	2	2	1	1	4	2	2	1	1	1	2	1	1	0	0	0	1	4	0	3	4	3	3	7	2	3	2	1	2	0	0	1	1	4	2	0	6	7	6	11	11	6	5	1	2	2	1	2	2	2	2	2	1	6	3	3	4	0	2	3	1	1	5	0	4	7	7	7	4	3	2	0	2	2	3	3	6	2	2	1	0	0	1	1	2	2	0	2	1	0	2	2	1	0	1	0	0	2	0	1	1	1	1	1	1	1	1	4	4	0	3	2	2	0	1	2	2	0	1	1	1	1	0	2	5	4	1	2	2	1	2	0	0	0	1	1	0	0	1	2	3	0	2	2	1	2	1	2	2	4	0	3	1	1	5	2	1	1	3	1	2	0	0	0	0	2	2	1	2	1	1	1	1	1	1	0	1	0	0	1	0	0	2	1	4	0	2	1	1	1	1	0	0	0	2	0	1	0	2	0	1	0	0	0	2	0	0	1	0	0	2	0	1	0	0	0	0	1	0	1	0	0	1	1	0	1	0	0	0	1	0	0	1	1	0	2	0	3	0	0	2	0	0	1	0	2	0	0	0	1	4	1	2	2	0	0	0	2	0	0	0	0	2	0	1	1	1	0	0	2	1	1	0	1	0	0	1	2	1	0	0	0	1	0	0	0	0	1	1	2	0	1	0	2	0	1	0	0	0	0	1	0	0
0	0	0	0	0	0	0	0	0	0	2	1	1	0	1	4	4	4	3	2	8	4	8	4	9	27	0	12	14	5	8	13	25	20	8	6	8	6	2	3	1	8	8	10	6	7	7	3	3	6	10	46	17	5	3	4	3	1	2	1	2	0	2	1	2	2	1	0	0	2	0	1	0	0	0	0	1	0	0	0	1	2	2	1	2	0	0	1	0	1	1	2	0	4	1	2	0	6	0	1	1	1	0	2	0	2	3	1	1	0	1	0	2	5	2	0	0	0	0	1	3	5	6	2	3	4	3	0	1	3	1	0	1	3	2	1	0	1	0	0	0	0	1	2	0	1	2	3	0	0	3	2	1	2	1	0	1	1	0	1	1	1	6	4	7	2	5	5	2	6	5	2	0	0	1	0	3	2	4	2	2	1	0	1	2	2	4	2	0	1	1	4	0	0	3	3	2	2	0	2	4	1	3	0	1	1	0	1	0	0	0	1	2	0	1	0	0	1	0	0	1	0	0	2	2	2	0	1	0	1	1	0	2	1	0	0	1	0	0	2	1	0	0	0	1	0	0	3	1	0	3	2	2	1	2	0	0	0	0	1	1	0	0	2	0	2	1	1	1	0	0	2	1	2	1	0	1	3	1	1	1	2	0	2	0	0	3	2	0	0	0	0	2	0	1	0	1	1	1	1	2	0	0	0	1	0	0	0	1	0	3	0	2	2	0	3	0	0	0	2	0	1	2	0	0	1	0	0	1	0	1	0	0	0	0	0	1	3	1	0	0	0	0	0	1	0	2	0	1	0	0	0	0	0	0	0	1	1	1	0	0	1	1	0	0	0	0	0	0	0	0	0	0	0	0	1	0	1	0	2	1	3	0	3	1	1	1	1	1	0	1	0	0	0	0	0	3	2	1	0	0	6	1	1	0	0	0	0	0	1	1	0	0	0	0	0	0	0	0	1	0	0	0	0	0	1	0	0
0	0	0	0	0	0	0	0	0	0	4	2	1	1	5	10	3	10	5	5	6	7	8	3	7	8	12	0	85	31	22	42	176	14	6	7	7	8	5	2	1	2	4	16	21	7	10	4	3	3	3	8	13	4	7	3	3	6	4	3	3	2	1	3	1	1	0	0	0	0	0	0	1	0	1	0	0	0	1	0	1	0	0	0	1	0	2	2	0	0	4	5	4	4	8	2	3	7	3	3	0	1	2	1	3	3	4	4	2	1	1	3	11	14	7	5	0	2	0	3	2	3	2	1	0	2	1	2	3	1	3	1	0	1	2	0	3	3	0	0	1	0	1	2	2	2	3	1	2	2	0	0	1	0	1	1	0	2	5	0	2	1	5	3	1	5	3	3	3	1	7	6	3	1	3	2	1	2	0	4	4	2	0	1	2	1	2	3	0	4	5	2	2	1	0	1	2	3	2	2	0	0	2	1	0	2	2	2	0	2	1	0	2	1	1	1	0	0	0	2	1	0	0	1	3	0	2	3	0	2	0	2	1	1	1	0	1	1	0	0	0	0	0	1	0	1	2	0	0	1	0	2	1	1	1	0	1	0	0	0	1	0	0	1	2	1	0	1	0	0	1	0	0	1	0	0	0	0	0	1	0	2	0	0	1	1	0	0	0	2	1	1	0	2	0	0	0	2	3	1	0	0	0	0	1	0	0	0	1	0	0	0	0	3	3	0	0	0	1	0	1	0	0	0	1	0	0	1	0	0	2	1	1	1	1	1	0	1	0	1	0	1	0	0	0	1	0	2	0	1	0	0	0	0	1	1	2	0	1	1	0	1	0	0	0	0	0	0	0	0	1	0	1	1	0	0	1	0	2	0	0	2	0	0	0	1	2	1	1	1	0	0	0	0	3	0	0	1	0	1	1	0	0	0	0	0	0	0	1	1	0	0	0	0	0	0	1	0	0	0	0	0	0	0	1	0	0	0
0	0	0	0	0	0	0	0	0	1	0	2	1	1	5	5	7	8	6	10	7	6	2	3	6	8	14	85	0	40	16	29	35	5	11	6	3	8	2	2	3	2	8	4	23	16	12	10	9	5	1	5	24	7	8	5	15	5	4	2	4	3	2	1	2	3	1	0	0	2	1	0	0	0	1	0	0	1	1	1	0	0	2	1	1	1	2	2	1	2	3	1	2	2	2	3	1	6	7	2	1	1	3	3	3	4	6	3	2	1	2	5	19	15	5	6	1	0	2	4	1	5	1	4	1	3	1	2	3	0	1	0	2	2	1	1	3	2	2	1	0	3	0	3	1	1	3	3	2	3	0	1	0	0	1	0	3	4	3	1	0	2	1	4	6	6	8	2	9	4	12	8	6	0	2	3	2	5	1	3	6	5	2	0	1	4	1	3	1	1	1	0	0	2	2	0	0	0	0	4	4	1	0	3	5	2	1	4	0	0	0	2	1	1	0	0	2	0	1	3	0	2	1	1	0	1	1	0	0	1	2	0	2	0	0	0	0	0	1	0	0	0	0	1	1	0	1	0	2	1	0	1	1	0	0	1	0	1	0	0	0	0	2	0	0	0	1	0	0	1	0	0	0	0	1	1	0	1	0	1	1	0	1	1	1	0	1	1	0	0	2	0	0	1	2	1	2	0	0	1	0	1	3	2	0	0	2	2	2	0	2	0	0	0	0	0	0	0	2	1	0	1	0	0	0	0	0	0	0	0	0	1	0	0	0	0	0	0	1	0	0	0	0	0	0	0	0	0	0	1	0	0	0	0	0	0	0	0	0	0	0	0	0	0	0	1	0	0	0	1	0	0	0	0	1	0	0	0	0	1	0	0	0	2	0	0	0	1	1	0	2	0	0	0	0	1	3	1	0	1	1	0	2	0	0	2	0	1	0	0	0	0	1	1	0	2	0	0	1	0	1	0	0	1	0	0	0	0
0	0	0	0	0	0	0	0	0	2	1	1	1	3	6	8	5	15	6	5	5	6	2	3	4	7	5	31	40	0	27	35	19	4	9	5	3	3	2	0	5	3	5	11	11	3	6	6	7	1	2	8	10	14	10	8	25	14	4	12	3	4	3	1	1	4	3	4	0	0	1	2	0	0	1	0	1	0	1	1	3	0	1	2	1	1	0	0	0	3	1	6	2	2	2	5	2	3	2	2	1	4	1	3	7	4	4	1	1	1	3	3	18	25	6	9	1	0	2	2	2	5	5	1	0	2	0	1	0	0	0	0	0	1	2	1	1	2	0	0	0	0	0	2	2	1	0	2	3	0	0	0	1	0	1	0	2	1	3	0	1	3	1	6	1	7	3	6	8	10	11	13	5	3	0	0	2	4	4	2	5	1	2	3	0	3	2	0	0	1	1	2	1	0	1	1	0	0	0	0	1	1	5	0	1	0	0	0	1	0	0	2	0	0	0	0	1	0	0	0	1	0	1	1	0	0	1	0	1	2	4	0	1	1	0	0	0	0	0	0	0	1	0	0	0	0	1	0	3	0	2	0	0	0	2	0	0	0	0	0	0	0	0	0	0	0	0	2	1	0	3	3	0	1	0	1	0	1	0	2	1	2	0	0	1	1	0	0	0	0	1	0	4	0	1	1	0	0	1	0	0	1	1	0	0	0	0	1	0	2	0	0	1	0	1	0	0	1	0	1	2	0	1	1	0	0	0	0	0	1	0	0	1	0	0	0	0	0	0	1	0	0	0	0	0	0	1	0	1	0	0	0	0	0	0	0	0	1	0	1	0	0	0	0	0	0	0	1	0	0	0	0	0	1	0	0	0	0	0	0	0	3	1	1	1	0	0	0	0	2	0	0	0	1	1	0	0	0	2	1	0	4	0	0	0	1	0	0	1	1	0	0	0	1	0	1	1	1	0	1	0	0	0	0	1	0	0	0
0	0	0	0	0	0	0	0	0	0	0	1	3	3	5	2	2	5	4	3	5	2	3	1	0	5	8	22	16	27	0	31	9	8	4	2	4	10	7	4	3	10	8	18	19	2	4	5	3	3	5	4	15	14	37	22	9	7	6	6	3	5	4	3	1	2	1	0	1	1	1	0	0	0	1	2	0	1	0	0	1	1	0	0	0	2	0	2	1	4	3	1	1	4	1	0	1	4	3	2	2	1	4	2	1	2	2	3	1	1	1	1	10	11	6	3	3	0	3	2	6	7	2	2	2	0	3	2	3	0	4	0	1	3	0	1	1	0	0	1	0	0	0	1	1	1	2	0	3	1	1	1	0	1	0	0	2	0	2	1	4	1	1	0	4	2	3	5	4	3	1	7	5	1	0	1	1	2	1	0	6	4	2	0	1	3	0	0	1	0	0	3	0	0	3	0	2	0	0	0	3	0	2	0	1	0	0	1	1	1	1	1	1	0	1	0	0	0	2	1	0	2	0	0	0	1	1	0	0	1	2	1	0	0	1	0	0	1	0	0	2	0	2	0	0	0	1	0	0	1	0	3	2	2	0	1	0	0	1	1	0	1	0	0	0	0	0	0	0	1	0	0	0	0	0	1	1	1	1	0	2	3	2	0	0	1	0	0	1	2	0	0	0	0	1	0	0	1	0	0	0	0	0	0	0	2	0	0	1	1	0	0	0	1	1	1	0	0	1	1	0	0	0	0	1	0	0	0	1	0	0	0	0	0	0	0	0	1	0	0	0	0	0	1	0	0	1	0	0	0	0	0	0	0	0	0	0	1	0	0	0	0	0	4	0	0	0	0	0	0	0	1	0	0	0	0	2	0	2	0	1	0	0	1	0	0	1	2	0	0	1	0	0	0	1	0	1	0	0	0	0	2	1	0	1	3	0	0	0	0	1	0	0	0	1	0	1	0	1	0	1	0	0	2	0	0	0	0
0	0	0	0	0	0	0	0	2	0	1	1	1	3	2	13	5	10	7	5	6	6	4	2	5	6	13	42	29	35	31	0	46	4	7	8	5	8	3	4	4	8	10	19	13	4	4	2	3	2	1	6	5	6	12	13	7	5	2	5	2	7	3	0	0	1	0	1	0	1	1	0	0	0	0	0	1	0	1	0	1	0	0	2	1	1	1	0	0	2	3	2	1	3	2	2	2	4	1	2	1	2	1	1	2	1	1	1	2	1	4	4	4	3	9	0	2	0	1	3	2	5	0	1	1	2	4	2	1	0	5	1	0	0	3	2	1	1	1	0	0	2	1	1	0	1	2	2	1	1	2	0	0	0	0	1	1	3	2	2	1	2	0	0	1	2	3	7	2	4	4	5	3	2	1	0	1	3	3	1	3	1	1	0	0	1	2	2	0	1	4	0	1	1	0	1	0	0	2	1	2	1	1	0	0	1	0	0	1	3	2	2	0	2	1	0	0	1	0	0	0	4	1	0	0	0	0	0	1	0	1	1	1	0	0	1	0	0	2	0	1	0	0	1	0	0	0	0	0	2	0	0	1	2	1	1	0	1	0	1	1	1	0	0	0	2	0	1	0	0	0	0	0	0	0	0	1	0	2	1	1	0	1	0	2	2	0	1	0	0	1	0	0	1	3	1	1	0	0	2	0	0	0	0	0	0	0	0	0	1	0	1	0	0	0	0	1	0	1	1	0	0	1	1	0	0	0	1	1	0	1	0	0	0	0	0	0	1	2	0	0	0	0	1	0	0	1	0	0	0	0	0	0	0	1	0	0	0	1	0	0	0	1	1	0	0	1	0	0	0	0	0	0	1	1	0	2	0	0	0	0	1	0	1	0	1	2	0	2	0	0	0	1	1	0	2	0	0	1	0	2	0	0	0	0	0	0	0	1	0	0	0	0	0	0	0	0	1	2	0	0	0	0	0	0	0	0	0
0	0	0	0	0	0	0	0	2	1	1	0	2	5	7	6	4	13	5	2	3	11	10	7	4	5	25	176	35	19	9	46	0	14	23	18	10	6	1	1	6	6	8	16	7	6	6	7	4	2	1	9	10	4	6	5	6	4	2	5	2	1	1	4	3	4	0	1	1	0	0	0	0	0	0	0	0	1	2	0	2	0	0	1	0	0	1	1	2	1	1	7	1	3	5	3	6	13	0	1	0	2	1	0	1	2	2	0	2	2	0	1	4	8	3	5	0	2	3	1	2	5	2	2	1	2	1	0	4	0	2	0	2	1	1	2	4	1	0	0	0	1	0	3	4	0	1	7	0	2	3	1	0	0	0	2	1	1	1	2	2	3	3	2	8	3	1	2	3	1	2	4	5	1	0	0	1	3	3	2	6	1	2	2	0	3	1	2	2	4	1	3	0	0	3	0	1	1	0	1	3	1	2	0	0	1	3	1	1	0	1	0	0	0	0	0	0	1	2	1	0	0	0	0	0	0	1	0	0	2	1	1	0	1	0	0	0	0	0	0	0	1	0	3	0	0	0	0	1	3	0	0	3	0	0	0	0	0	0	0	0	0	1	1	1	0	1	1	1	0	0	0	1	1	0	0	1	0	0	0	1	0	1	1	0	0	1	0	0	0	1	1	1	0	2	0	0	0	0	0	0	1	1	1	0	0	0	2	0	1	0	0	2	1	2	0	0	0	2	0	0	0	0	0	0	1	1	1	1	0	0	0	0	0	0	0	0	1	0	0	0	0	1	3	1	2	1	0	0	0	1	0	0	1	0	0	0	0	0	1	0	0	0	0	0	0	1	1	0	1	0	0	0	0	0	0	1	0	0	0	1	0	0	0	0	0	0	1	2	0	0	0	0	2	0	1	0	0	0	1	1	2	0	1	0	0	0	0	2	0	0	1	1	0	0	0	0	1	0	0	0	0	2	0	0	0	0	0
0	0	0	0	0	0	0	0	0	0	0	0	1	1	4	2	2	3	3	2	4	4	12	1	2	6	20	14	5	4	8	4	14	0	22	49	13	0	1	3	5	0	3	7	6	3	2	2	3	2	4	10	3	0	2	0	1	2	0	2	1	1	0	1	1	4	2	1	0	0	0	0	0	0	0	0	0	0	0	1	0	0	0	2	2	1	0	2	0	1	1	1	2	2	5	1	5	9	3	1	0	1	1	2	1	2	1	0	2	1	0	2	2	2	2	1	2	1	0	1	0	3	0	3	2	0	1	0	0	0	1	0	1	0	2	0	2	0	0	1	2	0	1	0	0	2	1	1	0	1	1	0	1	1	1	2	1	1	1	1	1	1	1	1	3	1	0	1	5	3	2	0	3	0	1	0	1	1	3	1	2	3	1	1	0	3	0	5	3	0	3	3	2	2	1	3	0	0	4	3	4	0	2	1	1	3	1	1	1	1	1	2	0	0	1	1	0	0	0	1	0	1	0	2	0	0	0	1	0	1	2	1	0	1	2	1	0	1	1	2	2	0	1	0	0	0	2	0	2	3	1	3	0	0	3	0	1	0	0	0	0	1	1	0	0	0	0	0	0	1	0	0	1	0	0	1	1	0	0	3	0	0	1	1	1	1	0	0	3	1	0	0	0	0	1	1	0	0	0	0	0	0	2	2	2	1	0	0	1	1	1	0	2	0	0	0	1	0	0	0	0	0	0	0	1	0	0	0	1	1	1	0	1	0	0	0	0	0	0	0	0	0	0	1	1	0	1	0	0	0	0	0	1	0	1	1	0	1	0	0	1	1	2	0	0	0	0	1	0	0	0	1	1	1	0	0	2	0	0	2	1	1	0	0	1	0	0	0	0	0	0	1	0	0	0	1	0	0	1	1	1	2	2	1	0	1	0	0	1	1	2	1	0	1	0	1	0	0	1	1	0	0	0	0	0	0	0	0
0	0	0	0	0	0	0	0	1	1	3	1	0	1	2	5	3	4	6	9	1	5	1	2	4	3	8	6	11	9	4	7	23	22	0	82	45	16	8	6	2	8	13	11	2	0	3	3	1	0	1	8	6	5	2	3	2	3	1	3	1	1	1	2	0	1	1	0	1	0	0	0	0	0	0	0	0	3	2	1	0	0	1	1	2	0	0	0	2	2	1	0	2	1	4	2	7	8	2	1	1	2	1	1	1	1	3	3	2	0	1	0	1	2	2	1	0	0	3	0	1	5	0	0	0	1	1	0	2	1	0	0	0	0	1	1	0	0	0	1	0	0	0	0	1	0	2	1	0	0	0	0	1	0	1	0	0	3	1	0	2	1	2	3	0	2	2	0	4	1	4	1	0	0	2	1	1	2	2	3	1	2	0	2	1	3	2	1	4	1	1	0	1	1	3	0	0	0	1	2	1	2	1	1	0	0	0	0	0	0	1	0	0	1	0	0	0	1	1	2	1	1	1	0	2	1	0	1	0	0	2	0	1	0	0	1	0	3	0	0	0	0	0	0	0	0	0	2	1	1	0	3	0	1	0	0	0	0	0	1	0	0	0	0	0	2	1	0	0	0	0	2	0	1	1	0	1	0	0	1	0	1	0	0	0	0	1	0	0	0	2	0	0	1	1	0	0	0	0	0	0	1	0	1	0	1	0	0	1	1	1	0	0	0	0	0	0	0	0	0	0	0	0	0	1	1	0	0	0	0	0	1	0	0	0	0	1	2	0	0	0	0	0	1	3	1	0	1	1	0	0	1	0	0	0	0	0	0	1	0	0	0	0	1	1	0	0	0	1	0	0	1	0	0	0	1	1	1	0	0	3	0	1	1	0	2	0	2	0	0	0	0	0	0	0	2	2	1	0	2	1	0	0	2	0	0	1	0	0	0	1	1	0	0	0	1	0	1	1	0	0	1	1	0	0	0	0	0
0	0	0	0	0	0	0	0	0	0	1	2	1	2	1	1	2	3	3	3	4	5	2	5	6	5	6	7	6	5	2	8	18	49	82	0	15	5	2	1	3	6	14	8	5	5	4	0	3	2	4	5	4	1	3	1	4	3	0	3	3	1	5	0	0	0	1	0	2	0	2	1	0	0	0	1	0	0	0	0	0	0	0	0	2	0	0	1	0	0	1	3	1	1	1	2	3	6	2	0	2	1	4	0	2	0	2	0	0	0	2	1	2	3	1	0	2	0	1	0	1	1	1	0	3	0	1	1	0	1	1	1	1	0	0	1	0	1	1	2	0	0	1	0	0	2	1	0	0	0	0	0	2	1	0	0	1	2	1	1	1	0	1	1	1	2	2	1	1	1	0	0	2	1	2	1	2	1	0	0	0	1	0	3	1	1	2	4	0	5	4	0	1	1	4	0	0	2	2	0	3	0	2	0	0	1	1	1	0	0	0	0	1	0	1	1	0	0	0	1	1	1	0	0	1	0	1	0	0	0	1	0	1	0	0	0	1	0	0	0	1	0	0	0	0	0	0	2	0	0	4	0	0	1	1	1	0	0	0	1	0	0	2	0	1	0	0	0	0	0	2	0	0	0	0	0	1	1	1	1	2	1	1	0	2	2	1	0	1	1	0	0	0	0	0	0	0	1	1	0	0	0	0	1	1	0	0	2	1	0	0	0	0	0	0	0	0	1	0	0	0	1	0	0	0	0	1	1	1	1	0	1	0	0	2	1	1	0	0	1	0	0	0	0	0	1	0	0	2	0	1	0	1	0	1	0	0	0	0	0	0	0	0	0	0	1	0	0	0	0	0	0	0	0	0	0	0	0	0	0	2	0	0	3	0	2	0	0	0	0	1	1	0	0	1	0	0	0	3	1	2	0	1	1	2	0	1	1	1	0	0	0	1	1	0	0	1	1	0	0	2	0	0	0	1	1	0	0
0	0	0	0	0	0	0	0	0	0	2	0	3	1	5	4	4	3	7	3	1	2	3	3	0	3	8	7	3	3	4	5	10	13	45	15	0	12	25	4	6	9	14	18	2	1	3	0	1	1	0	4	3	1	3	1	1	1	2	2	1	1	2	0	1	3	1	0	1	2	0	0	0	1	0	0	0	1	0	0	0	1	2	1	1	1	0	0	1	0	1	2	1	2	0	2	4	0	0	0	0	2	0	0	2	0	1	0	0	2	1	3	2	4	2	1	4	0	1	2	1	2	1	0	0	0	1	0	0	0	1	0	1	1	1	0	2	0	0	3	0	0	1	0	0	0	0	1	1	2	1	0	0	0	1	1	1	1	0	0	1	0	2	1	0	1	0	0	2	0	1	1	1	0	0	1	1	3	0	1	2	3	1	1	1	1	1	1	1	3	0	0	0	1	0	0	1	0	1	1	1	2	0	1	0	3	2	0	2	0	0	0	1	1	0	0	0	0	0	0	0	0	1	0	0	0	0	0	1	1	1	0	0	0	1	1	0	1	1	1	1	0	0	0	0	1	1	0	0	0	1	1	1	0	1	0	0	0	0	0	0	1	0	0	1	0	0	0	0	0	0	0	1	1	0	0	1	1	1	1	0	1	0	0	1	0	0	0	0	2	0	0	0	1	0	1	0	0	0	1	0	0	1	1	0	0	0	0	2	1	1	0	0	0	0	0	0	0	0	0	1	0	0	0	0	0	0	0	1	0	0	1	0	0	1	0	1	0	0	0	1	1	0	0	0	0	0	0	0	0	0	0	0	1	1	0	0	0	1	0	0	0	0	1	1	0	0	0	0	1	0	1	1	0	0	1	3	0	0	2	0	1	0	0	0	0	0	1	0	0	0	0	0	0	1	0	0	2	1	0	3	0	1	1	1	0	0	1	0	0	1	0	0	0	1	1	0	0	0	0	0	0	0	0	0	1	0	0
0	0	0	0	0	0	0	0	0	3	0	3	1	2	4	16	6	4	4	3	0	3	2	2	0	5	6	8	8	3	10	8	6	0	16	5	12	0	17	7	8	23	12	8	3	5	0	2	0	1	3	1	1	4	7	5	3	9	6	5	3	2	2	0	1	3	0	4	0	0	0	0	1	1	0	2	0	0	0	0	1	2	3	1	2	2	0	0	1	1	2	2	5	3	3	2	7	3	3	1	2	1	0	2	4	4	5	0	0	1	0	0	4	8	1	5	3	1	0	0	0	1	2	0	0	2	2	0	2	3	1	0	0	2	1	3	1	0	0	1	1	1	1	1	0	0	1	0	1	0	1	0	1	1	0	1	0	0	0	1	1	2	1	0	1	0	2	1	3	2	4	3	3	1	0	2	0	1	0	1	3	1	0	0	1	1	1	2	2	0	1	0	2	0	1	0	0	1	0	0	0	0	0	0	1	0	0	2	1	1	0	0	2	1	1	0	0	1	0	0	0	0	0	0	0	0	2	0	0	2	1	0	2	0	1	0	1	0	1	0	0	0	0	0	1	0	0	1	1	0	0	1	0	1	1	0	1	0	0	0	1	0	3	0	1	1	0	1	0	0	0	0	0	0	0	0	1	0	1	0	1	0	0	0	0	0	0	1	1	0	0	0	0	0	1	1	0	0	0	1	0	0	0	1	0	0	0	2	0	1	2	0	0	0	0	0	0	0	0	1	0	0	1	1	0	1	0	0	0	0	1	0	0	0	2	1	0	0	0	1	0	0	0	1	0	2	0	0	0	1	0	1	0	0	0	0	0	0	0	0	1	0	0	1	0	0	1	0	0	1	0	0	0	0	1	1	0	0	0	0	0	0	0	0	1	1	2	1	0	1	0	0	0	0	0	0	0	1	1	0	0	1	0	0	0	1	0	0	0	0	1	1	0	0	0	1	1	0	0	0	0	0	0	0	0	0	0	0
0	0	0	0	0	0	0	0	0	0	1	1	0	0	0	4	2	2	1	2	3	0	1	1	3	2	2	5	2	2	7	3	1	1	8	2	25	17	0	28	31	54	8	12	3	1	0	1	1	2	1	1	2	3	2	2	2	4	0	3	4	2	2	3	2	2	1	0	0	0	0	0	0	0	0	0	0	0	1	2	0	1	0	1	0	1	0	2	0	1	1	1	3	3	2	0	0	3	0	1	0	0	0	2	0	1	0	1	1	1	1	1	3	1	1	2	1	4	0	0	0	1	1	0	1	0	0	0	0	0	0	1	0	0	0	0	2	0	0	0	0	1	0	1	2	1	0	0	0	0	1	0	0	1	1	0	0	0	1	1	0	1	1	1	2	2	1	1	2	1	2	3	0	1	0	0	1	0	2	1	1	0	3	1	1	0	0	1	1	2	0	1	0	0	0	0	0	0	0	1	1	0	2	1	0	1	0	1	0	1	1	0	0	0	1	0	0	1	0	0	0	0	2	0	0	0	0	0	0	0	1	0	0	0	1	0	1	1	0	0	0	0	0	0	0	0	0	0	0	0	0	0	1	0	1	0	0	0	0	0	0	1	1	0	1	0	0	1	2	0	2	0	0	0	0	0	0	1	2	0	1	0	2	0	0	0	1	0	0	0	1	0	0	0	2	0	1	0	1	1	1	0	0	0	0	0	0	1	0	0	0	0	0	0	1	0	0	0	0	0	0	0	0	2	0	0	0	0	1	1	0	0	0	0	1	0	0	0	0	0	0	0	0	0	2	0	0	0	1	0	0	0	0	0	0	0	0	0	0	0	0	0	0	0	1	0	0	2	1	0	0	1	0	0	0	0	1	0	1	1	0	0	1	1	0	0	0	0	1	0	1	0	1	0	0	0	0	0	1	0	0	1	1	0	0	0	1	0	1	0	0	0	0	0	0	0	0	1	1	0	0	0	0	0	1	0	0	0
0	0	0	0	0	0	0	0	1	1	1	0	1	1	1	3	0	2	0	0	1	1	0	0	0	1	3	2	2	0	4	4	1	3	6	1	4	7	28	0	54	18	7	2	1	1	3	0	1	0	0	2	1	2	4	2	1	5	3	3	4	3	1	1	1	1	1	1	0	0	0	0	0	1	1	0	1	0	2	1	2	1	1	0	3	0	0	0	1	1	1	0	0	0	0	0	1	2	2	0	1	1	0	0	2	1	2	0	0	0	0	0	2	1	2	1	1	1	0	0	0	1	1	1	1	1	0	0	1	0	0	0	2	0	0	1	0	1	0	0	0	0	1	0	0	0	0	1	2	0	0	0	0	0	0	1	0	1	1	0	0	2	1	0	0	0	0	1	0	2	2	0	1	0	1	0	1	1	0	0	2	0	0	0	1	0	1	0	2	2	1	1	0	2	0	0	0	0	2	0	0	0	0	0	1	1	0	0	0	0	0	0	0	2	0	1	0	0	0	0	0	0	0	1	0	0	0	0	2	2	0	0	0	0	1	0	0	0	0	0	1	0	0	0	0	0	0	0	1	2	0	1	0	0	0	0	0	0	1	1	0	1	0	0	0	1	0	0	0	0	1	0	0	0	0	0	0	1	0	0	2	0	0	1	1	0	0	1	0	1	1	1	0	0	1	1	0	0	1	0	0	0	0	0	0	1	0	0	0	0	1	0	1	0	0	0	0	0	0	1	1	0	0	0	0	1	0	1	0	0	0	0	0	1	0	0	1	0	0	0	0	0	0	1	0	0	0	0	0	0	0	1	0	1	0	0	0	0	0	1	0	0	0	0	0	1	0	1	0	0	0	1	0	1	0	0	0	0	0	1	1	0	0	2	0	0	0	1	0	0	0	0	0	0	0	0	1	0	0	0	0	2	1	0	0	0	0	0	0	0	0	0	0	0	0	1	0	0	0	0	0	1	1	0	0	0	0	0
0	0	0	0	0	0	0	0	2	1	2	1	1	4	4	3	4	3	2	1	3	0	0	2	2	1	1	1	3	5	3	4	6	5	2	3	6	8	31	54	0	37	8	5	2	2	1	1	0	2	1	2	2	2	7	2	0	7	6	13	3	4	1	2	2	4	4	0	1	0	1	0	0	2	0	1	1	0	1	2	1	1	0	6	3	1	1	0	2	1	1	1	1	1	1	1	1	0	0	1	0	0	0	2	0	1	1	0	1	1	0	0	0	3	3	2	0	0	0	3	2	4	1	0	0	0	0	2	0	1	1	0	0	0	1	1	0	1	1	0	0	0	1	0	0	0	0	1	0	0	0	0	0	2	0	0	1	1	0	1	0	1	1	2	0	2	2	2	0	3	1	4	2	3	2	0	0	0	2	0	1	0	1	0	0	0	0	1	0	0	0	0	1	0	0	1	0	0	1	0	0	0	1	2	1	1	1	0	0	1	0	1	1	1	2	0	1	1	0	0	0	2	0	1	0	1	2	0	2	0	0	0	0	0	0	0	0	0	1	0	0	0	0	0	0	1	0	0	0	0	1	1	0	1	0	1	0	0	0	0	0	0	0	1	0	0	0	0	0	1	0	1	0	0	0	0	0	0	0	0	1	0	0	0	0	0	1	1	0	0	0	0	0	0	0	1	0	0	0	0	0	0	0	0	0	0	0	0	0	0	0	0	1	0	0	0	0	0	0	0	0	1	0	0	0	2	0	0	0	0	0	0	1	0	0	0	1	0	0	0	0	0	0	0	0	1	0	0	1	0	0	0	0	0	0	0	0	2	0	0	0	0	0	0	0	0	1	1	0	0	0	1	0	0	0	0	0	0	0	0	2	1	0	0	0	1	1	0	0	0	0	0	0	1	0	0	0	0	0	0	1	0	0	0	0	1	0	0	0	0	0	0	0	0	0	0	1	0	1	0	0	0	0	0	0	0	0	0
0	0	0	0	0	0	0	0	1	0	3	1	0	3	7	0	5	5	1	2	3	1	4	1	2	1	8	2	2	3	10	8	6	0	8	6	9	23	54	18	37	0	18	18	3	2	3	3	0	1	0	4	2	5	8	7	3	6	4	3	2	1	1	0	1	2	1	0	0	1	0	0	1	1	0	0	0	0	0	1	1	1	3	1	2	3	3	0	1	1	2	0	0	2	1	0	3	3	0	1	1	1	1	3	1	0	0	0	2	0	0	0	0	2	2	4	1	1	0	3	2	1	2	0	0	0	3	0	0	1	1	0	0	2	0	0	0	0	0	0	1	1	1	3	0	0	0	0	1	0	0	1	0	0	0	1	1	0	1	0	0	0	1	0	2	2	3	2	0	2	1	4	1	0	0	1	2	0	1	1	2	0	0	2	0	0	2	1	0	0	1	0	1	0	1	0	1	1	0	1	0	0	2	0	0	1	0	0	0	0	0	0	1	0	1	1	0	0	1	0	0	0	0	0	1	0	1	2	0	1	1	1	1	0	0	0	1	0	1	0	0	0	0	0	0	0	0	0	0	0	2	2	0	0	0	1	0	0	0	0	0	0	1	1	0	0	0	0	0	1	0	0	0	0	2	0	0	0	0	0	0	0	1	0	0	1	0	0	0	0	1	0	1	0	2	0	0	0	0	0	0	0	2	0	0	3	0	0	0	2	2	0	1	1	0	0	1	0	0	0	0	1	0	0	0	0	1	0	1	0	1	0	0	0	0	0	1	1	0	0	0	1	0	0	0	0	1	2	0	0	0	0	1	0	0	0	0	0	0	0	0	1	0	0	0	0	0	0	0	1	1	0	0	0	1	0	0	0	1	0	0	1	0	1	2	0	0	1	0	0	0	0	0	1	0	0	1	0	1	0	0	1	0	0	0	0	0	0	1	0	0	1	0	0	0	0	0	0	0	0	0	1	0	0	0	0	0	0
0	0	0	0	0	0	0	0	0	1	1	1	0	1	1	3	3	3	2	1	2	2	1	1	1	2	8	4	8	5	8	10	8	3	13	14	14	12	8	7	8	18	0	113	4	3	3	2	2	1	0	2	7	3	11	1	3	1	2	6	0	1	5	0	0	3	3	0	1	0	0	0	0	0	0	0	0	0	0	1	0	0	0	0	1	1	0	0	0	0	1	0	2	2	1	2	3	2	1	3	1	0	0	0	0	0	1	1	1	0	2	1	4	1	1	0	0	0	2	0	1	1	3	1	2	1	1	0	2	1	0	0	0	0	0	2	1	0	0	2	0	0	1	0	3	2	0	1	0	1	0	0	0	0	1	1	0	1	0	1	0	1	0	3	1	4	1	5	0	2	2	4	1	1	0	0	1	1	0	0	3	0	2	2	1	2	2	1	0	3	0	2	1	0	1	0	1	3	1	0	4	0	0	1	0	2	0	1	1	0	1	2	1	1	0	0	0	0	0	0	0	0	0	1	0	1	0	0	0	2	0	1	0	0	1	0	1	0	1	0	1	0	0	0	0	0	1	0	0	0	1	3	2	2	0	0	0	0	0	0	0	1	0	0	0	2	1	0	0	0	0	1	1	0	0	0	1	0	0	0	0	0	0	0	2	0	1	0	0	3	0	0	0	1	1	0	0	0	0	0	0	0	0	0	1	0	1	1	1	1	0	0	0	0	1	0	1	0	0	1	0	1	0	1	0	0	0	0	0	0	0	0	0	0	0	0	1	1	0	0	1	0	1	0	0	0	1	0	0	0	0	0	0	0	2	0	0	0	0	1	0	0	0	0	1	1	1	0	0	0	0	0	0	0	0	0	0	1	0	0	2	0	0	0	0	0	0	1	1	0	1	0	0	0	0	0	1	0	1	0	2	1	1	0	0	0	0	0	1	0	0	0	1	0	0	0	2	1	0	0	0	0	2	0	0	0	0	0
0	0	0	0	0	0	0	0	0	0	0	2	1	1	2	0	5	2	2	2	3	2	1	2	2	4	10	16	4	11	18	19	16	7	11	8	18	8	12	2	5	18	113	0	9	6	3	4	1	3	4	4	13	6	6	2	4	3	2	0	1	2	0	1	0	1	1	1	0	0	0	0	1	0	0	0	0	1	0	3	0	1	1	2	1	0	0	0	0	0	1	5	1	5	3	4	1	2	1	0	0	0	1	1	1	0	3	1	2	2	2	2	5	5	2	0	1	1	1	1	3	1	2	2	1	1	1	1	1	2	1	1	1	0	1	0	0	1	0	0	1	1	0	0	1	0	2	2	0	1	1	0	0	1	1	1	0	0	1	0	1	4	2	2	2	1	2	1	0	1	3	3	2	0	1	0	0	0	0	1	1	2	0	1	2	0	2	2	1	1	2	1	1	0	2	0	0	0	0	2	2	0	0	0	0	1	1	0	1	0	0	0	0	0	0	1	0	1	2	1	0	0	2	0	0	1	0	0	1	0	0	0	2	0	0	0	1	0	0	3	1	0	2	0	0	0	0	2	0	0	2	2	1	1	0	0	0	1	0	0	1	0	1	0	0	0	0	0	0	0	0	0	0	0	0	0	1	0	0	0	0	2	1	0	0	1	1	0	1	1	1	1	0	0	0	0	1	0	0	0	0	0	0	0	0	0	0	0	1	0	0	0	0	1	1	0	1	0	0	1	0	0	0	0	0	0	1	1	0	0	0	1	1	0	2	0	0	0	1	1	0	0	0	2	0	1	0	1	0	0	0	0	0	1	0	0	0	0	0	0	0	0	0	0	1	0	0	0	0	0	0	0	0	0	0	0	0	1	0	2	1	0	0	0	0	1	1	2	0	1	0	1	0	0	1	0	1	0	1	1	2	2	2	1	0	0	0	0	0	1	0	0	2	2	0	0	0	0	0	1	2	0	0	0	0	0	0	0
0	0	0	0	0	0	0	0	0	0	0	2	1	1	2	3	3	3	2	5	5	1	7	4	2	6	6	21	23	11	19	13	7	6	2	5	2	3	3	1	2	3	4	9	0	20	14	6	9	5	4	13	130	30	13	11	10	1	0	8	4	1	1	2	1	2	2	1	1	0	0	0	1	0	1	0	0	0	3	1	2	0	1	5	0	1	1	1	2	0	0	4	0	3	0	0	3	2	5	6	4	1	0	1	5	3	2	5	2	2	1	4	4	13	7	2	6	2	5	3	1	11	9	5	1	0	2	0	1	3	1	2	4	2	1	0	1	0	2	1	0	3	0	1	3	1	1	1	2	0	0	1	1	0	1	0	0	0	0	1	1	1	1	1	8	6	6	6	11	5	14	6	5	1	2	3	1	3	5	3	5	2	1	0	0	0	1	0	1	1	1	2	3	2	1	0	1	1	1	0	1	1	1	4	2	2	1	1	1	0	1	1	2	2	0	1	0	2	2	0	0	1	3	1	3	1	2	0	3	2	1	1	0	2	0	1	0	1	1	0	1	0	0	0	0	0	1	0	1	0	2	2	1	1	1	0	0	1	1	1	0	1	0	1	0	0	0	0	1	1	0	0	0	0	0	1	0	0	0	0	0	1	1	0	0	1	0	0	0	1	1	0	1	0	2	1	0	1	0	0	0	2	2	0	1	2	0	0	0	0	1	1	0	1	1	0	0	2	0	2	1	1	0	0	1	0	0	1	0	1	0	1	1	0	2	0	0	0	1	1	1	0	1	0	0	0	0	0	0	0	0	0	0	1	1	0	2	0	0	1	1	0	1	1	2	0	0	0	1	1	0	0	0	0	0	1	0	0	0	1	0	1	0	0	0	0	0	0	1	1	0	0	1	1	0	0	0	0	1	1	1	0	1	0	1	0	0	0	1	1	0	1	0	0	0	1	0	0	0	0	0	0	0	1	1	0	0	0
0	0	0	0	0	0	0	0	0	0	0	4	2	1	2	2	3	1	3	10	5	4	11	9	11	14	7	7	16	3	2	4	6	3	0	5	1	5	1	1	2	2	3	6	20	0	32	37	43	16	5	8	22	9	4	2	4	0	1	2	1	1	1	0	0	0	2	0	1	0	2	0	1	1	0	0	0	2	1	0	0	0	0	3	1	0	2	0	3	3	2	0	3	2	3	3	0	7	9	1	1	1	4	3	10	1	4	2	2	1	2	8	7	4	3	1	1	3	1	3	5	6	14	4	1	3	2	1	6	4	4	3	4	3	2	3	0	2	0	1	1	1	0	1	1	3	3	4	4	2	0	2	1	0	1	1	2	1	4	3	5	6	10	6	20	13	7	27	9	10	10	5	4	2	2	3	5	6	2	3	3	4	1	1	2	1	1	2	1	1	2	6	0	0	1	3	2	0	0	1	4	1	3	2	1	3	3	5	2	0	0	3	1	2	2	2	0	2	4	1	0	0	0	0	1	0	1	1	0	2	1	0	0	0	2	4	0	1	0	0	0	1	1	0	1	1	1	4	0	2	0	1	3	1	1	0	1	1	0	1	1	0	1	1	0	0	1	1	0	0	1	0	0	0	0	0	1	1	1	1	2	0	3	3	0	1	2	0	0	0	2	1	0	2	6	1	0	0	0	0	1	0	0	1	3	0	0	3	1	1	2	1	1	1	0	0	0	0	2	2	2	1	0	0	0	2	0	1	0	1	1	0	1	0	0	1	0	2	0	0	0	0	0	0	1	1	0	0	0	0	0	1	0	0	0	1	1	0	0	0	1	0	0	0	0	0	0	0	1	0	1	1	2	0	0	0	1	2	0	0	1	2	3	1	0	0	1	1	0	0	0	1	0	0	1	0	0	0	1	0	2	1	2	0	0	0	3	0	0	1	1	0	0	2	1	0	1	0	0	0	0	1	1	0	0	0	0	0
0	0	0	0	0	0	0	0	1	1	0	0	1	0	1	4	1	7	2	17	21	22	11	12	6	9	7	10	12	6	4	4	6	2	3	4	3	0	0	3	1	3	3	3	14	32	0	84	18	6	6	3	6	6	2	3	5	3	1	0	3	4	2	1	1	1	2	2	1	0	1	0	0	1	0	0	0	0	0	0	0	1	0	1	0	0	1	1	1	1	3	3	4	3	1	2	4	4	10	4	2	4	8	6	3	4	2	0	2	1	4	2	36	9	10	3	1	0	3	3	0	3	2	2	3	1	2	5	5	2	4	3	5	4	8	2	3	2	2	2	0	1	1	1	3	6	6	9	2	6	3	3	1	2	2	0	1	3	1	4	6	9	1	8	9	10	21	16	8	5	8	5	8	5	2	3	2	10	8	5	8	9	1	3	1	5	6	10	1	3	1	2	2	1	1	1	1	1	3	3	3	4	0	1	2	2	2	1	0	1	2	2	7	2	0	1	2	2	1	1	2	0	1	0	1	0	2	0	0	8	2	4	1	2	3	0	0	1	1	1	0	0	0	1	1	2	0	1	2	1	3	4	2	2	1	1	0	0	0	0	0	0	1	1	1	0	3	0	0	0	2	1	0	0	1	1	1	1	1	0	2	0	2	2	2	0	4	0	0	1	3	0	0	0	1	2	0	0	0	0	0	1	0	1	0	0	1	2	2	0	1	0	1	0	0	1	0	0	1	1	0	0	0	0	0	1	2	2	1	0	0	0	1	0	2	2	0	0	0	0	0	0	0	1	0	1	2	1	0	1	0	0	0	0	0	0	1	0	0	1	0	1	0	1	0	0	2	1	0	0	1	0	0	0	0	0	0	0	0	0	2	2	2	2	0	1	1	3	3	0	0	0	0	0	0	0	0	0	1	0	0	4	1	1	2	0	0	0	2	0	0	1	0	0	0	0	0	0	0	1	0	0	1	0	1	0	0	0
0	0	0	0	0	0	0	0	0	2	1	1	2	1	6	1	0	12	3	6	12	11	7	6	9	6	3	4	10	6	5	2	7	2	3	0	0	2	1	0	1	3	2	4	6	37	84	0	28	10	8	6	10	10	2	3	9	2	1	1	0	1	9	0	0	3	1	2	0	0	0	0	0	0	0	0	1	0	1	0	1	2	0	1	1	1	0	0	0	2	2	4	3	1	0	0	1	2	13	8	2	3	4	5	5	4	5	1	8	1	2	7	23	8	7	3	2	0	3	4	4	8	9	4	4	1	1	5	8	4	7	1	6	4	5	1	1	1	1	0	0	3	2	1	0	5	5	9	9	2	1	3	0	3	1	2	1	2	3	0	1	13	5	13	17	16	35	67	7	17	16	1	7	2	2	6	7	15	14	5	14	8	4	1	1	5	3	7	4	2	1	2	1	2	2	0	1	0	0	1	2	3	2	4	0	3	1	1	2	2	1	1	2	5	0	1	0	2	2	3	2	0	0	0	1	1	4	2	1	2	4	4	0	1	4	0	0	0	2	1	0	1	1	0	0	0	0	3	2	2	3	0	0	2	1	0	0	0	0	0	1	0	1	0	0	0	1	1	0	0	0	1	0	1	0	2	1	3	1	0	1	0	0	1	0	3	1	0	0	1	1	0	0	1	0	2	1	1	3	0	0	2	0	0	1	0	1	1	1	5	0	0	2	1	0	0	0	0	1	0	3	0	1	1	0	0	1	1	0	0	0	1	0	1	0	1	0	0	1	0	0	1	0	0	0	0	1	1	2	2	1	1	0	0	0	0	1	0	0	0	0	0	0	1	0	0	0	0	0	0	0	0	0	1	3	0	0	1	1	0	1	0	1	1	1	3	1	0	0	0	0	0	0	1	0	0	1	0	1	0	0	2	2	0	0	0	0	1	0	0	0	1	0	0	0	0	1	0	0	1	0	0	0	0	1	0	0	0
0	0	0	0	0	0	0	0	1	1	0	0	2	0	1	1	3	2	6	5	10	4	5	8	6	11	3	3	9	7	3	3	4	3	1	3	1	0	1	1	0	0	2	1	9	43	18	28	0	26	10	6	16	5	3	0	5	1	2	1	0	1	0	0	3	6	1	0	1	2	0	1	0	0	0	2	0	1	3	0	1	1	1	0	0	0	1	2	0	0	2	0	0	2	1	1	6	3	12	5	1	3	6	3	4	2	1	1	0	2	3	5	6	4	3	1	7	2	4	4	2	3	16	10	3	1	4	6	10	7	6	7	3	7	2	1	3	1	2	0	1	2	2	1	2	3	2	2	6	1	4	1	1	3	1	1	1	2	0	0	3	22	10	20	100	75	16	36	12	4	9	4	6	4	4	0	7	7	0	4	2	3	4	2	2	3	0	0	1	1	1	5	4	2	1	2	1	0	2	3	2	4	4	1	3	5	6	3	0	1	0	3	6	5	0	1	1	5	2	2	3	0	0	1	0	1	0	1	2	1	1	3	0	0	2	0	0	0	0	0	0	1	1	1	0	0	1	0	0	5	3	7	1	2	1	2	0	0	0	1	0	0	0	0	1	5	0	0	0	2	0	2	0	0	0	0	0	1	2	4	2	1	1	1	1	1	0	2	1	0	2	2	1	1	3	1	0	1	5	0	2	0	2	0	0	0	0	0	3	2	3	2	0	0	2	2	0	0	1	1	1	0	0	1	2	1	2	0	1	0	0	0	0	0	2	1	1	1	0	0	0	0	0	0	1	0	1	0	1	1	1	0	0	0	1	0	0	0	1	0	0	1	2	0	0	0	0	0	0	0	0	0	0	1	0	1	3	2	1	2	0	2	1	1	0	1	2	1	1	0	1	1	0	0	1	1	2	0	0	0	0	3	1	0	0	0	0	1	0	0	0	1	0	0	0	0	0	2	1	0	0	0	1	0	0	0	0	0
0	0	0	0	0	0	0	0	0	0	0	1	0	0	0	1	2	3	2	1	3	3	3	11	12	10	6	3	5	1	3	2	2	2	0	2	1	1	2	0	2	1	1	3	5	16	6	10	26	0	62	14	6	6	3	3	5	0	1	1	0	1	1	1	0	2	0	0	2	2	1	0	0	0	0	1	0	0	0	0	4	1	0	1	0	1	0	0	0	0	0	1	0	1	0	3	3	3	2	4	3	0	0	2	1	2	1	0	0	2	2	3	2	0	2	1	2	2	1	1	2	2	7	10	2	6	2	5	8	4	2	2	2	9	3	1	0	1	3	0	2	0	0	3	2	1	1	6	7	6	2	2	0	0	1	1	0	1	0	2	6	5	10	24	45	15	13	8	3	4	5	2	1	2	3	3	4	2	1	0	1	3	2	0	0	3	2	0	2	0	4	6	3	5	4	1	1	0	1	4	2	8	4	2	1	2	3	1	2	1	2	3	1	1	0	1	3	0	0	1	0	1	2	1	0	2	0	0	0	2	3	2	0	2	5	0	1	1	0	2	1	0	0	0	0	1	1	1	2	1	1	3	4	3	0	3	0	0	0	1	2	1	0	0	3	2	1	0	0	1	1	0	1	1	0	0	3	3	0	1	5	3	2	0	2	5	4	1	1	3	1	0	0	3	1	0	2	1	0	0	1	0	0	1	0	1	2	0	4	2	1	0	1	2	0	1	1	1	1	3	6	1	1	0	0	0	1	2	0	1	0	0	1	0	2	0	3	0	0	0	1	1	0	1	0	2	1	0	0	1	0	0	0	0	0	0	0	1	1	1	1	2	0	0	0	1	0	0	0	0	0	0	0	2	1	2	0	1	1	4	2	2	3	1	0	1	6	2	2	0	1	0	0	0	0	0	1	0	1	1	2	2	3	2	0	0	1	1	1	0	1	0	0	0	1	0	2	0	2	0	1	0	0	0	1	0	0	0
0	0	0	0	0	0	0	0	2	0	0	0	0	2	2	1	1	1	4	2	5	4	2	10	18	15	10	3	1	2	5	1	1	4	1	4	0	3	1	0	1	0	0	4	4	5	6	8	10	62	0	15	8	0	3	3	0	2	1	0	1	1	0	1	1	0	1	0	0	0	0	0	0	0	0	0	0	2	1	0	0	0	0	1	1	0	0	0	0	1	1	0	0	2	1	1	2	2	5	4	4	2	2	2	0	2	0	1	0	1	2	1	0	1	0	1	2	1	4	2	2	3	5	9	2	3	4	1	1	6	1	4	0	5	2	1	1	1	0	2	0	1	0	1	2	2	2	1	5	2	4	1	3	2	2	1	0	0	1	4	0	7	13	16	31	9	3	4	5	3	3	1	4	0	1	1	4	3	2	1	2	1	4	2	1	2	1	0	0	2	4	13	3	5	7	1	3	1	3	2	4	1	9	3	2	0	4	2	1	2	0	0	6	3	1	1	0	0	2	0	2	1	3	0	1	1	0	1	0	1	2	1	3	0	2	1	0	1	1	0	0	1	0	0	1	1	2	0	1	2	6	7	5	2	4	0	0	0	0	1	1	2	2	0	1	1	1	1	0	1	3	3	1	1	1	5	0	1	1	1	1	6	1	4	3	1	3	1	3	2	1	0	1	4	2	0	0	0	2	0	3	0	2	2	1	1	1	1	1	2	5	1	0	0	3	2	2	1	2	2	1	1	0	0	0	2	3	0	1	2	2	0	0	1	0	0	2	4	1	0	0	1	2	0	0	3	1	1	0	1	0	0	0	0	0	0	0	0	1	0	0	0	0	0	1	1	0	0	0	1	0	0	0	1	0	0	1	2	2	2	2	0	0	1	2	2	1	3	3	0	0	0	0	0	0	1	1	1	3	2	2	3	1	1	1	0	0	0	2	1	0	1	1	2	6	0	2	1	2	0	0	1	0	0	0	0	0	0
0	0	0	0	0	0	0	0	1	0	0	0	1	1	3	1	1	2	1	2	5	5	5	9	13	60	46	8	5	8	4	6	9	10	8	5	4	1	1	2	2	4	2	4	13	8	3	6	6	14	15	0	7	4	7	2	3	0	1	2	0	2	0	0	2	1	1	1	1	0	0	0	0	0	0	0	1	0	0	1	1	1	0	0	2	1	1	0	2	0	1	1	2	2	1	1	2	4	2	0	1	0	0	2	1	0	1	4	1	3	0	4	2	3	1	5	0	1	2	2	0	2	2	3	1	3	1	2	3	3	2	1	1	3	2	1	2	0	1	0	3	1	1	2	3	2	2	3	4	2	2	2	0	3	0	1	0	1	2	1	0	3	0	7	10	1	5	8	1	4	6	2	0	6	1	2	1	3	1	2	3	2	2	1	1	2	2	3	1	1	2	6	4	1	1	1	3	0	0	1	1	1	5	2	0	0	2	2	3	0	0	1	3	1	2	1	0	0	1	0	0	0	1	0	3	0	0	0	1	5	1	0	0	1	1	1	1	0	1	1	0	1	0	0	0	1	2	1	0	1	6	5	2	2	1	0	0	2	1	0	1	0	2	0	1	2	0	0	1	1	1	1	2	1	2	1	1	0	2	1	1	0	3	6	1	0	2	1	0	0	2	0	2	2	0	3	0	1	0	1	2	0	0	0	1	1	2	1	1	0	0	2	1	1	1	1	0	2	3	3	2	1	0	0	0	2	1	3	0	0	2	1	1	1	1	0	0	0	0	0	0	0	0	0	0	0	0	0	0	0	1	2	0	3	0	1	0	0	2	0	0	1	0	1	0	0	0	0	1	0	0	0	1	0	0	1	0	1	0	0	3	1	1	1	3	1	1	1	1	0	1	0	2	0	1	0	0	1	0	3	1	3	0	0	1	0	0	0	0	0	0	2	0	0	0	0	1	0	2	0	0	1	0	0	2	0	0	0
0	0	0	0	0	0	0	0	1	0	0	0	2	2	1	1	2	6	1	7	3	3	13	3	7	9	17	13	24	10	15	5	10	3	6	4	3	1	2	1	2	2	7	13	130	22	6	10	16	6	8	7	0	17	5	5	4	1	1	2	3	0	0	4	0	5	4	2	1	0	0	1	0	1	0	0	0	0	0	1	3	1	0	1	0	1	0	2	2	0	1	2	2	2	2	2	0	4	1	2	1	2	4	3	2	2	3	6	0	1	2	6	8	1	4	5	3	0	4	2	6	7	8	4	0	1	2	2	2	1	0	1	2	1	4	0	0	1	0	1	1	1	0	1	2	0	4	0	0	5	3	2	1	1	2	3	1	0	1	0	5	3	3	5	13	3	7	4	4	6	5	3	4	3	2	2	1	4	1	2	2	0	2	2	1	2	0	3	2	1	6	5	2	0	2	1	0	0	1	2	2	0	2	1	0	1	1	2	0	1	0	2	1	1	0	1	0	1	0	0	3	0	1	1	0	0	0	0	0	0	0	1	1	0	1	0	0	3	2	0	0	0	1	0	0	2	0	0	3	1	0	2	0	1	1	0	0	0	0	0	0	0	0	1	0	0	1	0	2	0	2	1	0	0	0	1	0	1	1	0	2	3	0	0	0	2	1	2	1	1	3	0	1	1	2	1	0	0	3	0	0	0	1	0	0	1	1	1	1	4	0	0	1	1	0	0	1	0	0	1	0	4	0	2	1	0	0	0	1	0	0	0	0	0	0	0	1	0	0	0	0	1	1	0	1	0	1	1	1	0	0	0	0	0	0	0	0	0	0	0	0	1	0	0	1	0	1	0	0	0	0	0	0	0	0	0	1	0	0	0	3	2	1	0	0	1	0	0	1	0	0	3	0	2	0	0	1	0	1	1	2	1	1	1	0	0	1	0	1	0	0	0	0	1	1	0	1	0	0	0	0	1	0	0	0	1	0	0
0	0	0	0	0	0	0	0	2	0	1	1	2	1	0	2	2	4	1	0	1	2	1	1	1	6	5	4	7	14	14	6	4	0	5	1	1	4	3	2	2	5	3	6	30	9	6	10	5	6	0	4	17	0	27	19	9	4	2	6	3	4	5	2	2	12	2	2	2	0	1	0	1	0	1	0	0	0	1	2	1	1	1	3	4	0	1	1	2	0	2	4	1	1	1	0	4	2	8	2	1	1	2	5	3	3	1	0	1	0	2	3	5	1	11	6	6	3	3	4	5	13	8	6	3	5	3	2	1	2	3	1	2	2	2	2	0	1	0	0	0	0	1	0	1	0	2	1	1	0	1	1	0	0	1	0	1	3	0	1	1	3	2	4	4	5	3	5	16	12	13	6	4	1	2	4	2	4	2	4	1	2	0	0	1	2	3	0	0	0	0	1	0	0	0	0	0	1	0	0	1	0	0	0	1	3	1	1	0	1	0	1	1	0	2	0	0	0	2	1	1	0	1	0	1	1	0	0	0	4	2	0	0	0	2	0	0	1	1	1	0	0	0	1	0	0	0	0	1	1	3	2	2	2	0	0	0	1	0	0	0	0	1	0	1	0	1	0	0	0	0	0	1	0	0	0	1	1	0	1	4	1	0	1	0	0	0	0	1	0	0	0	1	1	1	0	3	1	0	2	1	0	1	0	0	1	0	0	2	2	1	3	1	0	0	0	0	2	1	1	1	0	0	0	0	1	0	0	0	0	0	0	0	0	0	1	0	2	0	0	0	0	0	0	1	0	0	0	1	0	0	0	0	0	1	0	1	0	0	0	1	0	1	1	0	0	0	0	0	0	0	0	0	0	0	0	0	0	0	1	1	0	0	1	0	0	1	0	1	0	1	0	1	0	0	0	0	0	0	1	1	1	0	2	1	0	1	0	1	0	0	0	0	0	0	0	1	0	1	1	0	0	0	0	0	1	0	0
0	0	0	0	0	0	0	0	4	2	2	6	2	0	5	5	4	3	1	2	4	3	0	3	2	1	3	7	8	10	37	12	6	2	2	3	3	7	2	4	7	8	11	6	13	4	2	2	3	3	3	7	5	27	0	168	11	13	11	25	3	0	9	3	0	5	3	1	2	0	1	0	0	0	0	2	0	0	2	3	1	2	1	1	0	2	0	0	1	1	2	2	3	3	2	0	2	2	3	0	1	0	4	5	10	2	2	0	1	3	1	5	5	7	8	6	7	2	3	4	2	2	9	1	2	0	7	0	0	2	1	0	1	2	3	1	1	0	0	0	1	2	0	1	0	1	0	0	0	0	1	0	0	1	1	0	3	1	1	0	2	3	1	0	1	4	1	1	11	6	7	4	3	0	0	2	2	1	0	3	3	2	1	1	0	0	0	1	0	1	1	1	0	1	1	1	1	0	0	0	3	0	0	0	1	0	2	0	0	1	1	1	0	1	1	1	1	0	2	0	0	0	0	2	0	1	0	1	0	0	0	3	0	1	1	1	1	0	0	1	1	0	3	0	1	0	0	0	1	0	2	0	2	2	1	0	0	0	0	0	1	0	0	0	0	0	0	0	0	0	0	0	2	0	1	0	0	0	1	1	1	0	0	0	1	2	2	0	0	0	0	0	0	0	1	1	1	0	0	0	2	0	1	0	1	0	1	1	2	0	0	1	2	1	0	0	0	0	0	0	0	0	0	1	0	0	0	0	0	0	0	0	2	0	0	0	0	0	0	0	0	1	0	0	0	0	0	0	0	0	0	1	0	0	0	0	0	0	0	0	0	0	0	0	1	0	0	0	0	0	0	0	0	0	0	0	0	0	0	0	0	1	1	0	0	0	0	2	1	0	0	0	0	1	0	0	1	0	0	0	0	0	0	0	1	0	0	0	0	1	0	0	1	2	0	0	2	0	1	0	0	0	1	0	0	0	0	0
0	0	0	0	0	0	0	0	1	2	0	3	8	3	8	2	9	4	3	4	1	2	3	0	1	2	4	3	5	8	22	13	5	0	3	1	1	5	2	2	2	7	1	2	11	2	3	3	0	3	3	2	5	19	168	0	19	15	5	29	6	10	9	4	3	10	3	3	1	1	0	0	0	0	1	0	0	0	2	2	2	1	1	0	1	3	0	0	2	2	4	5	3	1	3	0	3	1	1	2	1	3	5	4	1	6	2	2	2	0	1	6	8	6	12	11	5	4	4	4	6	7	4	1	2	4	1	0	0	0	0	0	5	0	1	0	0	1	0	0	0	0	0	1	0	0	2	1	2	0	0	0	0	0	0	0	0	2	1	2	4	0	1	1	1	1	2	1	9	7	8	7	4	2	0	1	2	2	2	3	3	2	0	0	0	1	0	0	0	0	1	1	1	0	2	1	0	0	0	0	0	0	1	0	0	0	0	1	1	0	0	2	2	1	0	0	0	0	0	1	2	1	0	0	0	1	1	1	0	0	0	1	0	0	1	1	0	0	1	0	0	0	0	0	1	0	2	0	0	0	0	0	3	1	1	0	0	0	0	0	0	0	0	0	1	0	0	1	0	0	0	0	0	0	0	1	0	0	0	0	0	1	0	2	0	0	1	0	0	1	0	0	0	0	0	0	0	0	1	0	0	1	0	0	0	0	1	2	0	0	0	0	0	0	0	0	1	0	0	1	1	0	0	1	0	0	0	0	0	0	1	0	0	0	0	0	0	0	0	0	0	0	0	0	0	0	0	0	0	0	0	0	0	0	0	2	0	0	0	0	0	0	0	1	0	0	0	0	0	0	0	0	0	1	0	1	0	0	1	2	0	0	1	0	0	1	1	1	0	0	0	0	0	0	0	0	1	0	0	0	0	0	0	0	0	0	0	0	0	0	0	0	0	0	1	0	0	0	0	0	0	1	2	1	0	1	0	0
0	0	0	0	0	0	0	0	1	4	1	6	3	9	9	4	7	7	8	9	5	5	2	3	6	3	3	3	15	25	9	7	6	1	2	4	1	3	2	1	0	3	3	4	10	4	5	9	5	5	0	3	4	9	11	19	0	10	1	5	3	3	2	5	2	4	5	2	0	2	0	0	0	0	0	1	1	0	0	2	0	0	1	1	1	1	3	2	2	2	5	12	5	4	3	1	0	1	8	7	3	3	4	9	17	9	1	3	7	1	1	9	14	129	28	16	5	1	7	3	5	5	4	3	1	2	3	0	1	1	2	2	1	3	0	1	0	2	1	0	0	0	1	1	3	0	3	3	2	2	0	1	0	1	0	2	3	0	3	1	4	3	1	3	3	3	1	9	10	11	23	57	10	3	4	1	2	8	3	5	14	4	3	3	1	4	5	1	4	1	0	3	0	0	1	0	0	0	1	1	0	1	3	0	2	0	3	0	1	0	1	1	0	0	0	0	1	0	1	0	0	2	0	0	0	0	3	0	1	3	1	1	2	1	1	3	0	2	2	0	0	0	1	0	0	0	2	0	1	0	1	1	1	1	0	1	0	0	0	0	0	0	0	0	0	0	0	0	0	0	0	0	0	2	0	0	0	0	0	0	1	0	0	2	0	1	0	3	1	1	1	0	0	0	0	1	0	0	0	0	1	0	0	0	0	2	1	1	0	0	0	1	0	0	0	0	1	0	0	0	0	0	1	0	0	0	0	0	0	0	0	3	0	1	0	0	0	0	1	1	0	0	0	0	0	1	1	0	1	0	0	0	0	0	0	0	0	0	0	0	0	0	0	0	0	0	0	1	0	0	0	0	0	1	0	1	0	1	0	0	1	1	0	0	0	0	0	0	0	0	0	1	0	0	0	0	0	0	0	0	0	0	0	0	0	1	1	0	1	0	1	0	0	0	0	1	0	0	0	0	1	0	1	0	0	0	0	0
0	0	0	0	0	0	0	0	0	1	3	6	5	11	24	27	14	5	6	0	0	1	1	1	1	1	1	6	5	14	7	5	4	2	3	3	1	9	4	5	7	6	1	3	1	0	3	2	1	0	2	0	1	4	13	15	10	0	31	72	10	13	4	2	1	1	2	4	1	0	0	0	0	0	0	1	1	1	0	0	2	0	3	3	3	2	2	2	0	3	5	4	7	3	2	1	3	2	2	0	2	2	1	3	7	4	2	1	1	3	2	2	1	9	6	6	3	0	1	1	0	3	0	0	0	0	1	0	0	0	1	1	0	1	0	1	0	0	2	0	0	0	1	0	1	1	0	1	1	0	0	0	1	1	0	1	1	0	0	0	4	0	2	2	2	2	3	3	4	0	1	7	1	1	1	1	1	2	2	4	2	3	1	4	2	0	2	1	1	1	1	0	0	1	1	1	0	0	0	0	0	1	3	0	1	0	3	1	0	0	2	0	1	0	1	0	1	0	0	0	0	1	0	0	0	0	1	0	1	1	1	0	1	1	0	0	0	0	1	0	2	1	0	0	0	0	0	0	0	0	0	0	2	0	2	0	1	0	0	0	1	0	1	0	0	1	0	0	0	1	2	0	0	1	0	1	1	0	0	0	0	0	1	1	0	0	0	1	1	0	0	0	0	1	1	0	1	0	0	0	0	0	0	1	0	0	0	1	0	0	0	1	0	0	1	0	0	0	0	1	1	0	0	1	0	0	0	0	0	0	0	0	0	0	0	0	0	0	0	0	1	0	0	0	0	0	0	0	0	1	0	0	0	0	2	0	1	1	1	0	0	0	0	0	0	0	0	0	0	0	1	0	0	1	1	0	0	0	0	0	2	1	0	0	0	0	2	0	0	0	0	1	0	0	0	0	1	3	1	0	0	0	0	0	1	1	0	0	1	0	0	0	0	0	0	0	1	0	0	1	0	0	0	0	0	0	0	0
0	0	0	0	0	0	0	0	3	1	1	8	2	10	22	6	3	6	1	1	1	1	2	0	1	2	2	4	4	4	6	2	2	0	1	0	2	6	0	3	6	4	2	2	0	1	1	1	2	1	1	1	1	2	11	5	1	31	0	22	30	20	11	3	7	1	2	1	0	2	0	0	0	0	0	1	1	2	1	3	2	3	2	4	8	2	1	0	1	2	3	9	5	0	0	2	1	1	3	1	1	0	1	1	3	1	1	3	1	0	0	4	0	6	4	2	4	0	1	2	1	0	1	0	1	0	2	2	0	0	1	1	2	0	2	0	2	1	1	0	0	0	1	1	1	1	0	2	1	1	1	0	1	0	0	0	0	0	0	1	0	0	1	0	0	0	2	2	3	3	4	5	1	2	1	0	1	2	1	0	2	1	1	0	0	1	2	1	0	0	2	0	0	0	0	0	0	1	0	0	1	0	0	1	0	1	0	0	0	0	0	1	1	0	0	0	0	0	0	0	1	1	0	0	0	0	0	1	0	2	0	0	0	0	0	1	0	0	1	1	0	0	1	0	0	0	0	0	0	0	0	0	0	0	0	0	1	0	0	0	0	0	0	0	0	0	1	0	0	0	0	0	0	0	0	0	1	0	2	2	0	0	1	0	2	2	1	0	1	0	0	1	0	1	1	1	0	0	1	0	0	0	0	0	0	1	0	0	0	0	0	0	0	0	0	0	0	2	0	1	0	0	0	0	0	0	0	0	1	0	0	0	0	1	0	0	0	0	0	0	0	0	0	0	1	0	1	1	0	0	0	0	0	0	0	0	0	0	0	0	0	0	0	0	0	0	0	0	0	0	1	0	0	0	1	0	0	1	0	0	1	0	0	1	0	0	0	2	0	0	0	0	1	0	0	0	0	0	1	0	0	0	1	0	0	0	0	0	0	0	0	0	0	0	0	0	0	1	0	0	0	0	0	0	0	0	0	0
0	0	0	0	0	0	0	0	0	1	2	7	9	6	14	13	5	5	2	8	1	2	1	2	1	2	1	3	2	12	6	5	5	2	3	3	2	5	3	3	13	3	6	0	8	2	0	1	1	1	0	2	2	6	25	29	5	72	22	0	18	14	3	2	4	6	4	0	0	1	0	0	1	1	0	0	0	1	0	3	1	2	0	3	0	5	1	4	1	1	1	3	6	2	3	0	3	2	3	0	1	4	1	3	2	5	1	1	0	2	1	3	5	7	7	7	2	1	1	4	2	2	0	2	0	0	0	1	0	1	1	0	0	3	2	0	0	1	0	0	1	1	1	0	0	0	1	0	0	2	1	1	0	0	0	2	0	2	0	0	1	0	1	1	1	1	0	3	5	1	4	6	3	0	4	1	1	1	1	1	2	2	0	1	1	2	0	1	0	1	2	1	1	2	0	0	0	0	1	0	1	1	0	0	1	0	0	0	0	0	0	0	0	0	1	1	0	0	0	0	0	0	0	0	0	0	0	0	2	0	0	0	0	1	1	0	0	0	0	1	0	0	0	0	0	0	0	1	1	1	0	0	0	0	0	0	0	0	0	0	0	1	1	0	0	0	2	0	0	0	1	0	2	0	0	1	0	0	0	0	0	1	0	0	0	1	0	0	0	0	1	2	0	1	0	0	0	1	2	0	0	1	0	0	1	0	1	0	1	0	0	0	1	0	0	0	1	0	0	0	0	0	0	0	0	0	1	0	0	0	0	0	0	0	0	0	1	1	0	0	0	0	0	1	0	0	0	0	1	0	0	0	0	0	0	1	0	0	0	0	0	1	1	0	0	0	0	0	0	0	0	0	0	0	1	0	0	0	0	1	1	0	0	0	1	0	1	1	0	0	0	0	0	0	0	0	0	0	1	2	0	0	0	0	0	0	0	0	0	0	1	0	0	0	0	0	0	1	1	0	0	0	0	0	1	0	0	0
0	0	0	0	0	0	0	0	1	0	5	9	5	11	11	7	4	4	1	1	3	0	0	0	3	0	2	3	4	3	3	2	2	1	1	3	1	3	4	4	3	2	0	1	4	1	3	0	0	0	1	0	3	3	3	6	3	10	30	18	0	149	18	4	5	3	0	0	2	0	1	1	0	0	2	2	2	2	1	4	5	2	4	16	7	6	3	2	1	1	1	2	3	2	1	1	1	0	3	0	0	0	1	1	5	2	2	2	2	0	4	1	0	4	2	7	1	1	1	5	1	1	0	1	1	0	2	1	2	0	0	0	0	0	0	1	0	0	0	1	1	1	2	1	0	2	2	1	0	3	1	0	0	0	1	0	0	0	1	2	0	2	2	2	0	0	0	3	1	3	2	8	1	0	0	1	0	1	3	2	5	0	1	1	0	1	1	1	0	1	0	0	1	0	1	0	1	0	0	1	0	0	2	0	0	1	1	0	1	1	0	0	0	1	0	0	0	0	1	0	1	0	1	1	1	0	0	1	0	1	0	0	0	0	1	1	0	1	2	0	0	0	0	1	0	0	0	1	0	0	0	1	0	1	0	0	0	0	0	0	0	1	0	0	1	0	0	0	0	0	0	1	0	0	0	0	1	0	0	0	1	0	0	0	0	1	1	0	0	0	1	3	0	0	2	0	0	0	0	0	0	0	0	0	1	0	1	0	0	0	0	0	1	0	0	0	1	0	0	0	0	0	0	0	4	0	0	0	0	0	0	0	0	1	0	0	0	0	0	0	0	0	0	0	0	1	0	0	0	0	0	0	0	0	1	0	0	0	0	0	0	0	0	0	0	0	0	1	0	0	0	0	1	0	0	0	0	0	0	0	0	0	1	0	1	0	1	0	0	0	0	0	0	0	0	0	0	1	0	0	1	1	0	0	1	0	0	0	0	0	0	1	0	0	1	0	0	0	0	0	0	0	1	0	0	0	0	0
0	0	0	0	0	0	0	0	1	3	5	13	9	18	14	8	5	3	1	3	0	2	1	0	2	0	0	2	3	4	5	7	1	1	1	1	1	2	2	3	4	1	1	2	1	1	4	1	1	1	1	2	0	4	0	10	3	13	20	14	149	0	27	12	6	8	3	0	0	0	0	0	0	0	1	0	2	1	1	4	1	2	4	7	6	5	3	2	2	2	2	3	1	2	0	0	0	0	0	4	3	0	4	2	4	7	3	0	1	2	3	3	4	6	5	11	6	2	4	1	1	3	1	1	1	2	0	3	0	1	3	1	1	0	0	0	1	0	0	0	0	0	0	2	0	1	1	0	2	1	1	0	0	1	1	0	1	0	2	4	0	1	1	1	0	2	1	1	3	1	4	5	1	2	0	0	4	1	3	2	1	1	0	2	1	1	0	0	0	0	1	0	0	1	1	0	0	0	0	0	0	0	1	1	1	2	1	0	0	0	0	1	1	1	0	0	0	1	0	0	1	0	0	0	1	0	0	1	2	3	1	0	1	0	0	0	0	1	0	0	1	0	0	0	0	0	0	0	0	0	0	0	0	0	0	0	0	0	0	0	0	0	0	0	2	0	0	0	1	2	1	0	1	1	0	0	0	0	0	0	1	0	0	2	0	1	1	1	0	0	0	0	0	0	1	1	0	0	0	1	0	0	0	1	0	0	0	0	1	0	0	1	0	0	0	0	0	0	0	0	0	0	0	0	0	0	1	0	0	0	0	0	0	0	0	1	0	0	1	0	0	0	0	4	0	1	0	0	0	0	0	1	0	0	0	0	0	0	1	0	0	0	0	0	0	0	1	0	1	0	0	0	0	0	1	1	0	0	0	0	1	1	0	0	0	0	0	0	0	0	0	0	0	0	0	1	0	2	2	0	0	0	0	0	0	0	1	0	0	1	0	1	0	0	3	0	0	0	1	0	1	0	0	0	0	1	0	0
0	0	0	0	0	0	0	0	2	3	3	7	2	10	9	4	1	3	0	0	4	1	0	3	0	0	2	1	2	3	4	3	1	0	1	5	2	2	2	1	1	1	5	0	1	1	2	9	0	1	0	0	0	5	9	9	2	4	11	3	18	27	0	19	19	30	13	3	0	1	2	1	0	0	1	3	1	0	1	3	1	1	3	4	4	13	1	2	2	5	5	4	3	3	2	1	0	0	4	1	3	0	5	2	3	3	1	2	1	2	3	5	0	7	11	23	4	3	2	2	5	0	4	1	0	0	1	2	1	1	0	1	0	2	1	0	1	1	0	1	1	0	0	0	0	0	0	1	1	0	0	0	1	0	0	0	2	0	2	0	1	1	1	1	1	0	1	1	7	4	3	4	6	2	2	1	0	1	2	2	0	0	2	0	0	2	0	0	0	1	0	0	0	0	1	0	1	0	0	1	0	1	0	1	2	2	1	0	0	1	0	0	0	0	0	0	1	2	0	1	1	1	1	0	0	1	0	1	1	0	0	2	0	1	0	1	0	0	0	0	0	0	0	0	0	1	1	0	0	0	0	1	1	0	0	0	0	0	0	0	0	0	0	0	0	1	0	1	0	0	1	0	0	0	0	0	0	0	1	0	0	1	0	0	0	0	1	0	0	2	0	1	0	0	2	0	0	0	1	0	0	0	0	0	0	0	0	0	1	0	0	0	1	1	0	0	0	0	0	1	0	0	0	0	1	0	0	0	0	0	1	0	0	0	0	0	0	1	0	0	0	0	0	0	0	0	0	0	0	0	0	0	0	0	0	0	0	0	1	0	0	0	0	0	0	0	0	0	0	1	0	0	1	1	0	0	0	1	0	1	0	0	0	0	0	0	1	1	0	0	0	0	0	0	1	0	1	1	1	0	1	0	1	0	0	0	0	0	0	0	0	0	0	0	3	0	0	0	1	1	0	0	0	0	0	0	0	0
0	0	0	0	0	0	0	0	6	6	10	12	9	7	5	1	2	2	0	4	0	1	0	1	0	0	1	3	1	1	3	0	4	1	2	0	0	0	3	1	2	0	0	1	2	0	1	0	0	1	1	0	4	2	3	4	5	2	3	2	4	12	19	0	199	16	8	3	3	0	2	2	0	1	1	2	1	0	3	4	3	5	3	3	5	5	6	9	7	10	4	3	3	0	0	1	0	1	3	3	2	2	2	7	2	3	0	2	1	1	1	5	3	3	4	11	13	4	4	3	2	3	2	2	1	3	2	1	1	0	0	0	0	0	0	1	0	0	0	0	0	1	1	0	2	0	2	0	1	0	0	0	0	0	0	1	1	0	0	1	3	0	2	0	3	1	0	1	1	2	6	6	3	2	1	2	2	2	5	4	1	5	1	3	0	1	1	1	0	0	2	0	0	1	2	0	0	1	0	0	0	1	0	0	0	0	0	0	0	0	2	1	1	0	0	1	1	1	0	1	1	0	0	1	0	0	0	2	0	0	0	1	0	0	1	0	1	0	1	0	0	0	0	0	0	0	0	0	0	2	0	0	0	1	0	0	0	0	0	0	0	0	1	0	0	0	1	0	0	0	0	0	0	0	0	0	0	0	1	2	1	0	1	1	0	2	0	1	0	1	1	0	1	0	0	0	0	0	0	1	2	0	0	0	0	0	1	1	1	0	0	0	2	0	0	0	0	0	1	0	1	0	0	0	0	0	0	0	1	0	0	0	0	1	0	1	0	0	0	0	0	1	0	0	0	0	0	0	1	1	0	0	0	0	1	1	0	0	1	0	0	0	0	0	0	0	1	0	0	0	0	0	0	0	1	0	0	0	1	0	0	1	0	1	0	0	0	0	0	0	0	0	0	0	0	0	1	0	0	0	0	0	1	0	1	0	0	0	0	0	0	0	0	0	0	1	0	0	0	0	0	0	0	0	0	0	0	0
0	0	0	0	0	0	0	0	3	0	5	13	1	2	4	3	1	3	0	2	0	1	0	1	2	0	2	1	2	1	1	0	3	1	0	0	1	1	2	1	2	1	0	0	1	0	1	0	3	0	1	2	0	2	0	3	2	1	7	4	5	6	19	199	0	14	17	6	3	2	1	1	0	0	1	0	1	3	1	2	6	0	4	6	5	6	11	5	8	12	10	3	2	1	1	0	1	1	2	0	5	2	1	2	6	2	2	1	1	1	1	8	1	2	1	10	15	1	4	4	2	2	0	2	0	0	0	0	1	0	0	0	1	0	3	1	1	0	0	0	1	0	1	0	1	0	1	0	1	0	0	1	0	0	0	1	1	0	2	1	3	1	0	0	0	2	1	2	3	1	4	9	2	1	0	0	3	1	3	2	3	1	1	1	0	0	1	1	0	0	0	1	1	2	2	0	0	0	0	0	1	0	0	1	0	1	0	2	0	0	0	0	1	0	0	1	1	0	1	0	0	1	0	1	0	0	1	1	1	2	0	2	1	1	0	0	2	0	1	0	1	0	0	1	0	1	0	0	1	0	0	0	0	0	0	0	0	0	0	0	0	2	0	0	0	1	0	0	0	0	0	0	0	0	0	0	0	1	0	1	0	1	0	0	0	0	0	0	0	1	1	3	2	0	0	0	0	0	0	1	0	0	0	1	0	0	0	0	0	1	0	1	0	0	0	0	0	0	2	2	0	0	0	3	0	0	0	0	0	1	0	0	0	0	0	0	0	0	0	0	0	0	0	0	0	0	0	1	0	0	0	0	0	0	0	0	0	0	1	0	0	1	0	0	0	2	0	1	0	0	1	1	0	0	0	0	0	0	0	0	0	0	0	0	1	0	1	0	0	0	0	0	1	0	0	0	0	0	0	1	1	0	0	1	0	0	0	0	1	0	0	0	0	0	0	0	0	0	1	0	0	1	0	0	0	0	0	0
0	0	0	0	0	0	0	0	0	5	3	6	1	3	3	3	5	4	2	1	0	2	0	1	1	1	2	1	3	4	2	1	4	4	1	0	3	3	2	1	4	2	3	1	2	0	1	3	6	2	0	1	5	12	5	10	4	1	1	6	3	8	30	16	14	0	14	0	2	3	1	0	2	0	2	0	2	1	2	4	2	1	7	2	2	12	5	2	4	1	5	1	0	0	1	0	0	1	4	1	3	0	2	5	2	4	1	2	0	4	1	5	7	4	19	28	12	3	7	9	9	7	3	0	1	2	0	0	1	1	1	2	2	2	3	0	2	1	1	0	0	2	2	0	1	1	0	1	1	0	1	1	0	1	0	1	1	2	1	0	2	2	2	2	3	5	1	3	5	6	8	7	3	0	0	3	1	2	3	3	2	3	0	1	0	2	2	1	1	0	0	0	0	0	0	1	0	0	0	1	3	0	0	0	0	1	1	1	1	1	1	0	0	1	0	1	0	2	1	1	0	0	2	0	0	1	1	1	0	0	1	0	0	2	0	0	0	1	0	1	0	1	0	0	0	0	0	0	2	0	1	1	0	1	0	1	0	0	3	0	0	0	0	0	1	0	0	1	0	1	0	1	0	0	0	0	0	0	1	2	0	1	0	1	0	0	1	0	1	0	0	0	0	0	0	0	1	0	1	1	1	0	1	0	0	0	1	0	0	0	0	0	1	1	0	0	0	0	0	0	0	0	0	0	0	0	0	0	0	1	0	0	1	0	0	0	1	0	1	0	0	0	0	0	1	0	0	0	1	0	0	1	0	0	0	0	0	0	2	1	0	0	1	0	0	0	0	0	1	1	1	0	1	0	1	0	0	0	0	1	0	0	0	0	0	0	1	0	0	0	0	0	0	1	1	0	0	0	0	2	0	1	0	0	0	0	1	0	0	0	0	0	0	0	0	0	0	0	1	0	0	0	0	0	0	0	0	0
0	0	0	0	0	0	0	0	2	2	6	1	1	1	1	4	0	0	1	2	3	0	0	1	1	2	1	0	1	3	1	0	0	2	1	1	1	0	1	1	4	1	3	1	2	2	2	1	1	0	1	1	4	2	3	3	5	2	2	4	0	3	13	8	17	14	0	29	9	3	2	0	2	0	0	1	2	2	4	3	1	2	0	6	3	5	13	2	4	4	5	1	0	2	1	0	1	0	5	3	1	1	2	4	4	4	5	0	1	1	1	6	1	4	6	3	12	5	8	9	8	0	2	1	2	2	2	2	2	4	4	0	0	1	2	1	0	0	2	0	0	3	1	2	1	0	0	1	1	0	1	0	0	1	1	0	1	0	2	0	5	1	1	1	0	3	1	2	2	3	0	2	4	3	2	2	0	1	3	0	1	1	1	0	1	0	1	0	0	1	0	0	0	1	0	1	0	0	0	0	0	1	0	0	0	1	1	1	0	0	0	0	1	0	0	0	1	1	0	1	1	0	1	1	0	0	1	0	1	0	2	1	0	1	0	0	0	2	1	0	1	0	0	0	0	0	0	0	0	1	2	0	0	1	0	0	0	0	0	0	1	0	0	0	0	0	1	0	0	0	0	0	0	1	0	0	0	0	0	0	0	0	2	1	1	1	0	0	0	0	1	0	0	1	3	0	0	0	0	1	1	0	0	0	0	0	1	1	0	1	0	0	1	0	0	2	0	0	0	1	0	0	0	2	0	2	0	0	0	0	1	0	0	0	0	0	0	1	0	0	0	0	0	0	0	0	1	0	0	0	0	1	0	0	0	0	0	0	0	0	0	0	0	0	0	0	1	0	0	0	0	0	0	0	0	1	0	1	0	0	0	0	1	0	0	1	0	0	0	0	0	1	0	0	0	0	2	1	0	1	0	0	0	0	1	0	1	0	0	0	0	0	0	0	1	0	0	0	1	0	1	0	1	0	0	0	0	0
0	0	0	0	0	0	0	0	1	0	1	3	1	0	0	1	1	1	1	1	0	2	2	0	1	0	0	0	0	4	0	1	1	1	0	0	0	4	0	1	0	0	0	1	1	0	2	2	0	0	0	1	2	2	1	3	2	4	1	0	0	0	3	3	6	0	29	0	22	5	4	1	2	1	1	0	1	0	3	4	3	0	0	0	2	6	9	4	4	0	3	0	1	1	0	0	1	1	3	3	2	0	3	6	0	1	1	1	0	1	2	2	1	3	2	2	5	10	0	9	1	4	2	1	0	2	2	1	1	2	1	0	0	1	0	0	0	0	1	0	1	0	0	0	1	4	1	1	0	0	0	0	1	1	0	2	2	0	0	1	2	0	1	2	1	1	1	0	2	4	2	3	3	2	0	3	1	4	1	1	1	1	2	0	1	0	0	0	1	0	0	1	0	0	2	0	2	0	0	0	0	1	0	0	0	0	0	0	0	0	1	1	0	1	0	0	1	1	1	1	1	0	0	0	1	0	1	1	1	0	1	0	1	0	1	0	1	2	0	0	1	0	0	0	0	0	0	0	0	1	0	1	1	0	1	0	0	0	0	0	0	0	0	0	0	0	0	1	0	0	0	0	0	0	0	0	0	0	0	0	0	0	0	0	0	0	1	1	0	0	0	1	1	0	0	2	0	0	0	0	0	0	0	0	1	1	1	0	0	1	1	0	0	0	1	0	0	0	2	0	0	0	0	0	0	0	0	0	0	0	0	0	0	0	1	1	0	0	1	0	1	0	0	0	0	0	0	1	0	0	0	0	1	0	0	0	0	0	0	0	1	0	0	0	0	0	0	0	0	0	1	0	1	0	0	0	1	0	0	0	0	0	0	0	0	0	1	0	0	0	0	0	0	0	1	0	1	0	0	0	0	0	0	1	0	0	0	1	0	0	0	0	0	0	0	0	0	1	0	0	0	0	0	0	0	0	0	0
0	0	0	0	0	0	0	0	2	1	3	3	0	1	0	1	0	2	2	0	1	0	0	1	0	0	0	0	0	0	1	0	1	0	1	2	1	0	0	0	1	0	1	0	1	1	1	0	1	2	0	1	1	2	2	1	0	1	0	0	2	0	0	3	3	2	9	22	0	30	4	1	0	1	2	0	0	1	4	2	1	1	0	2	1	3	8	1	2	2	1	2	1	1	0	2	1	0	2	2	3	0	1	0	4	0	1	0	1	0	3	1	1	0	2	0	3	7	4	1	6	0	0	1	2	3	2	1	2	0	1	1	1	1	1	2	1	0	0	0	3	0	0	0	0	1	0	0	0	1	1	1	1	0	0	0	0	1	1	1	0	1	0	1	1	0	1	1	1	0	0	1	2	1	0	0	0	0	0	1	1	0	0	0	3	3	0	0	0	0	1	0	0	0	2	0	0	1	0	0	0	2	1	1	0	0	0	0	1	0	0	1	0	0	0	0	0	0	0	0	1	0	1	1	1	0	0	1	1	0	1	0	0	3	0	1	1	0	0	1	0	0	0	0	1	0	0	0	0	0	0	0	0	1	1	0	0	0	0	0	0	0	0	0	0	0	2	0	0	0	0	0	1	0	0	0	1	0	0	0	0	0	0	0	1	1	0	0	0	0	0	0	0	0	0	1	1	1	0	0	0	0	1	1	0	0	0	1	0	0	0	0	1	2	2	1	0	0	0	0	0	0	0	0	0	0	0	0	0	0	0	0	0	0	0	0	1	0	0	0	0	1	0	1	1	0	0	1	0	0	0	0	0	0	1	3	0	0	0	0	0	0	0	0	0	1	0	0	0	0	0	0	0	0	0	0	0	0	0	0	0	1	0	1	0	0	0	2	0	0	0	0	0	2	0	0	0	0	0	0	0	0	0	0	0	0	0	0	0	0	0	0	0	0	0	0	1	0	0	0	0	0	0	0	0	0	0	0
0	0	0	0	0	0	0	0	0	1	1	2	0	0	0	0	0	0	1	0	0	1	1	2	0	0	2	0	2	0	1	1	0	0	0	0	2	0	0	0	0	1	0	0	0	0	0	0	2	2	0	0	0	0	0	1	2	0	2	1	0	0	1	0	2	3	3	5	30	0	27	7	4	1	1	3	0	1	3	1	3	1	0	1	3	2	3	3	1	1	2	0	0	2	0	0	0	0	1	1	0	0	0	1	1	1	1	0	0	0	0	2	0	1	3	0	1	5	3	2	0	1	0	1	0	2	3	1	0	1	0	0	2	0	0	0	0	0	0	0	2	0	0	0	1	1	0	0	2	0	2	0	0	0	3	1	0	0	0	0	1	1	1	0	0	2	0	1	2	3	0	0	0	0	1	0	1	0	1	0	1	0	1	0	0	0	1	0	0	1	0	0	0	0	0	0	0	0	0	1	0	2	1	0	0	0	0	1	0	0	0	0	1	1	0	0	0	0	0	0	0	0	0	0	0	0	0	1	1	0	0	1	0	0	0	0	0	0	0	0	0	1	1	1	0	0	0	0	0	0	1	1	0	0	0	0	0	0	0	0	1	0	0	1	0	0	0	0	0	0	0	1	0	0	0	0	0	0	0	0	0	0	1	1	0	0	0	0	0	0	0	0	0	0	1	1	0	0	0	0	0	0	0	1	1	0	0	0	1	2	2	0	0	1	0	0	0	0	0	0	1	0	0	0	0	0	1	1	1	0	0	0	0	0	0	1	0	0	0	0	0	0	0	0	0	1	0	0	0	0	0	0	0	0	0	0	0	0	0	0	0	0	0	0	0	0	0	0	0	1	0	1	1	1	0	1	1	1	1	1	0	1	1	0	0	0	0	0	0	0	0	0	0	0	0	0	0	0	1	0	0	0	1	0	0	0	0	0	0	0	0	3	0	0	0	0	0	0	0	0	0	0	0	0	1	0	0	0
0	0	0	0	0	0	0	0	0	0	0	0	2	0	0	0	0	1	0	2	0	1	1	0	0	0	0	0	1	1	1	1	0	0	0	2	0	0	0	0	1	0	0	0	0	2	1	0	0	1	0	0	0	1	1	0	0	0	0	0	1	0	2	2	1	1	2	4	4	27	0	30	7	8	2	1	2	0	0	3	1	0	2	2	0	2	3	4	1	2	0	0	0	2	1	0	1	0	0	0	0	0	0	0	0	0	0	1	1	0	0	0	0	0	3	0	2	2	0	1	2	1	0	0	0	2	0	0	0	0	0	0	0	1	1	0	0	0	1	0	0	0	0	0	0	0	0	0	0	0	0	0	0	0	0	1	0	0	0	1	1	0	0	2	0	0	0	0	0	1	1	1	1	0	1	1	0	0	2	2	1	2	0	0	0	0	0	1	0	1	0	1	0	0	0	0	0	0	1	0	0	0	1	0	0	0	1	0	0	1	1	0	0	0	0	0	0	1	0	0	0	0	0	0	0	0	0	1	0	0	1	0	0	1	0	1	0	0	0	0	0	0	0	0	0	0	0	0	0	0	0	0	1	0	0	1	0	0	0	1	1	0	0	1	0	1	0	0	1	0	0	0	2	0	0	2	0	0	1	0	0	0	0	0	0	0	0	0	0	0	0	0	0	0	1	0	0	1	0	0	0	0	0	0	0	0	0	0	0	0	1	0	0	1	0	0	0	0	0	0	0	1	0	0	0	2	0	1	0	0	0	1	0	0	0	0	0	0	0	0	0	0	0	0	0	1	0	0	0	0	0	0	0	0	1	1	0	0	1	0	1	0	0	0	0	0	0	0	1	0	0	0	0	0	1	0	0	0	0	1	0	0	0	0	0	2	0	1	0	0	0	0	0	0	0	1	0	1	0	1	0	1	0	0	0	0	0	0	0	0	0	0	0	0	0	1	0	0	0	0	0	0	0	0	0	1	0	0
0	0	0	0	0	0	0	0	0	1	0	0	0	2	0	0	0	1	1	0	0	1	0	0	0	1	1	0	0	2	0	0	0	0	0	1	0	0	0	0	0	0	0	0	0	0	0	0	1	0	0	0	1	0	0	0	0	0	0	0	1	0	1	2	1	0	0	1	1	7	30	0	27	9	4	3	0	1	1	2	0	0	0	1	1	1	1	3	0	0	0	0	0	0	0	1	0	0	0	0	1	0	0	0	1	0	1	0	0	2	0	1	0	0	0	1	0	3	1	0	1	1	0	0	1	1	0	0	1	1	0	0	3	0	0	1	0	0	0	0	0	0	0	0	0	0	0	0	1	0	1	0	1	0	1	0	0	1	0	0	0	0	0	2	1	0	0	0	0	1	0	1	0	1	2	0	0	0	0	1	0	1	0	0	0	0	0	0	0	0	0	1	0	0	0	0	0	0	1	0	1	0	0	0	0	1	0	0	0	0	0	0	0	0	0	0	0	0	0	1	1	0	0	0	0	0	0	1	0	0	1	0	0	0	4	0	0	0	0	2	0	0	0	0	0	0	0	1	0	0	0	0	0	0	0	0	0	0	0	0	0	0	0	0	0	0	0	0	0	0	1	0	0	0	0	0	0	0	0	0	0	0	0	0	0	0	1	2	0	0	0	0	1	0	0	0	0	0	0	0	0	0	1	0	0	0	0	0	0	0	1	0	1	0	0	0	0	0	0	1	0	0	0	0	0	1	0	0	0	0	0	0	0	0	0	0	0	0	0	1	0	0	0	0	1	0	0	0	1	0	0	0	0	0	0	0	0	0	0	0	0	0	0	0	1	0	0	0	0	0	0	0	0	0	0	0	0	0	0	0	0	0	0	0	0	0	0	0	0	0	0	0	0	1	0	1	0	0	0	0	0	1	0	0	0	0	0	0	0	0	0	0	0	1	0	0	0	1	0	0	0	0	1	0	0	0	0	0
0	0	0	0	0	0	0	0	0	2	0	0	1	0	1	1	0	1	1	0	0	0	0	0	0	0	0	1	0	0	0	0	0	0	0	0	0	1	0	0	0	1	0	1	1	1	0	0	0	0	0	0	0	1	0	0	0	0	0	1	0	0	0	0	0	2	2	2	0	4	7	27	0	30	2	3	6	0	4	2	0	0	1	3	2	1	3	3	1	0	0	0	0	1	0	0	0	0	0	0	1	0	1	1	1	0	0	0	1	0	1	1	0	1	1	0	0	1	0	0	1	0	1	1	1	0	0	0	1	0	0	1	1	0	1	0	0	0	0	0	0	0	0	0	0	0	0	1	1	0	0	0	0	0	0	1	0	1	2	0	0	0	0	0	0	0	0	0	1	1	1	0	2	1	0	1	1	0	1	0	0	0	0	0	0	0	0	0	1	0	1	0	0	0	0	0	0	0	0	0	0	2	0	0	1	0	0	0	0	0	0	0	0	0	0	1	0	0	0	0	0	0	0	0	0	0	0	0	0	0	0	1	0	1	0	0	0	0	0	0	2	0	0	0	0	0	0	0	1	0	0	0	2	0	0	0	0	0	0	0	0	1	0	0	0	0	0	0	0	0	0	0	1	2	0	1	0	0	0	0	0	0	0	0	0	0	1	0	1	0	0	0	0	0	0	0	0	0	0	0	0	0	1	0	0	1	0	0	0	0	0	1	1	0	0	0	0	1	1	0	0	0	0	0	1	0	0	0	0	0	0	0	0	0	0	0	0	0	0	0	2	0	0	0	0	0	0	0	0	0	0	0	0	0	1	1	0	0	0	0	0	0	0	0	0	0	0	0	0	0	0	0	0	0	0	0	0	0	0	0	0	0	0	1	0	0	1	1	0	0	0	0	0	1	0	0	0	0	0	0	0	1	0	0	0	0	1	0	0	0	0	0	0	0	0	0	0	0	0	0	0	0	0	0	0	0	0	0
0	0	0	0	0	0	0	0	0	0	0	1	0	2	0	1	1	0	0	0	0	0	0	1	0	0	0	0	0	0	0	0	0	0	0	0	1	1	0	1	2	1	0	0	0	1	1	0	0	0	0	0	1	0	0	0	0	0	0	1	0	0	0	1	0	0	0	1	1	1	8	9	30	0	20	8	2	1	1	0	0	1	0	0	0	2	1	3	2	0	0	1	0	0	0	0	0	0	0	0	0	1	0	0	2	1	0	1	0	1	1	0	0	1	0	0	0	1	0	1	0	0	1	0	0	1	0	0	1	0	0	1	0	0	0	0	0	1	0	0	0	0	0	0	0	0	0	1	0	0	0	0	0	0	1	0	0	1	0	1	0	1	0	0	0	0	0	0	1	0	0	0	0	1	0	0	2	1	0	2	0	0	0	0	0	0	0	1	0	0	0	0	0	0	0	0	0	0	0	0	0	0	1	0	0	0	0	0	0	1	0	0	0	1	0	0	0	0	1	0	0	0	0	0	0	0	0	0	0	0	0	0	0	0	0	0	0	1	0	0	0	1	2	0	1	0	0	0	0	1	0	0	0	0	0	0	0	0	0	0	0	0	0	0	0	0	0	0	0	0	0	0	0	0	0	0	0	0	0	0	3	0	0	0	0	0	0	0	0	0	0	0	0	0	0	0	0	0	0	0	0	0	0	0	0	0	1	0	0	1	1	0	1	0	0	0	0	0	0	0	0	0	0	0	0	0	1	0	0	0	0	0	1	0	0	0	0	0	0	0	0	1	0	0	1	0	0	0	1	0	0	0	0	0	0	0	0	0	0	0	0	1	0	0	0	0	0	0	0	1	0	0	0	0	0	0	0	1	0	0	0	1	1	0	0	0	0	0	0	0	0	1	0	0	0	0	0	0	0	0	1	0	0	0	0	0	0	1	0	0	0	0	0	0	0	0	0	0	1	0	0	0	0	0	0	0	0	0
0	0	0	0	0	0	0	0	0	1	0	1	1	0	1	1	0	1	0	1	0	0	0	1	0	0	0	1	1	1	1	0	0	0	0	0	0	0	0	1	0	0	0	0	1	0	0	0	0	0	0	0	0	1	0	1	0	0	0	0	2	1	1	1	1	2	0	1	2	1	2	4	2	20	0	34	6	4	1	0	2	0	1	1	0	0	2	1	1	0	0	0	0	0	0	0	0	0	0	2	1	0	0	0	0	1	0	0	0	0	0	0	0	0	1	0	1	1	1	0	2	1	0	1	0	1	0	0	0	0	1	1	0	1	1	0	0	1	0	0	1	0	1	0	0	1	0	1	0	0	0	0	0	0	0	1	0	1	1	0	0	0	0	0	0	0	0	0	1	1	0	1	0	0	1	0	0	0	1	0	0	0	3	0	0	1	1	1	0	0	0	2	0	0	0	0	0	0	0	1	0	0	1	1	0	0	0	0	0	1	0	0	0	0	1	0	0	0	0	0	0	0	0	0	0	0	1	0	0	0	0	0	0	0	0	2	0	0	0	0	0	0	0	0	0	0	1	0	0	0	0	0	0	0	0	0	0	0	0	0	1	1	1	0	0	0	0	0	0	0	0	1	1	0	0	0	0	0	0	0	1	0	2	0	0	0	0	0	0	0	0	0	0	0	0	0	0	0	0	0	0	0	0	0	0	1	0	0	1	0	0	0	0	1	0	0	1	0	0	0	0	0	0	0	0	0	0	0	0	0	0	0	0	0	0	0	0	0	0	0	0	0	0	0	0	0	0	0	1	0	0	0	0	0	0	0	0	0	0	0	0	1	0	0	0	1	0	0	0	0	0	0	0	0	0	0	0	0	0	0	0	0	1	0	0	0	0	0	0	0	0	0	0	0	0	0	0	0	0	0	0	1	0	0	0	0	0	1	0	0	1	0	0	0	0	2	1	0	0	0	1	0	0	0	1	0	0	0
0	0	0	0	0	0	0	0	1	0	0	3	1	0	0	1	0	1	1	0	0	1	0	0	0	0	0	0	0	0	2	0	0	0	0	1	0	2	0	0	1	0	0	0	0	0	0	0	2	1	0	0	0	0	2	0	1	1	1	0	2	0	3	2	0	0	1	0	0	3	1	3	3	8	34	0	31	7	5	2	0	2	0	1	2	0	1	2	1	0	0	0	0	0	0	0	0	0	0	0	0	2	0	1	0	0	1	0	0	1	0	0	2	0	1	1	0	1	0	0	1	1	1	0	1	0	1	0	0	0	1	0	0	1	0	0	1	0	0	0	0	0	0	0	0	1	0	1	1	0	0	1	0	0	0	1	0	0	0	1	0	0	0	0	0	1	0	0	0	0	0	1	0	0	2	0	0	0	0	1	0	1	0	0	1	0	0	0	0	0	1	0	0	1	0	0	0	0	0	0	0	1	0	0	0	0	0	1	0	0	0	0	0	0	0	0	0	0	0	0	0	0	0	0	0	0	0	0	0	0	0	0	0	0	0	0	0	1	0	0	1	0	1	0	0	0	0	0	0	1	0	1	0	0	0	0	0	0	0	0	0	0	0	0	0	0	0	0	0	0	0	0	0	1	0	1	0	0	0	0	0	0	0	0	0	0	0	0	1	0	0	0	0	0	0	0	0	0	0	1	0	1	0	0	0	0	0	0	0	0	0	0	1	0	1	0	1	0	1	0	0	0	1	0	0	0	0	0	0	0	0	1	1	0	0	0	0	0	0	0	0	0	0	0	0	0	0	0	0	0	0	0	0	0	0	0	0	1	0	0	0	0	0	0	0	0	0	0	0	0	0	0	0	1	0	0	1	0	0	0	0	0	0	0	1	0	1	0	0	0	0	0	0	0	0	0	0	2	0	0	1	0	0	0	0	0	0	0	0	0	0	0	0	0	0	0	0	0	0	0	0	0	0	0	0	0	0	0
0	0	0	0	0	0	0	0	1	1	1	1	1	0	1	1	0	1	0	0	0	0	0	0	0	1	1	0	0	1	0	1	0	0	0	0	0	0	0	1	1	0	0	0	0	0	0	1	0	0	0	1	0	0	0	0	1	1	1	0	2	2	1	1	1	2	2	1	0	0	2	0	6	2	6	31	0	21	8	1	2	3	2	2	0	3	3	2	2	1	2	0	0	0	0	0	0	0	0	0	1	0	1	0	0	0	1	1	0	1	1	0	1	0	0	0	1	0	0	3	1	0	1	0	1	0	0	0	0	0	0	1	1	0	0	0	0	0	0	0	0	0	0	0	0	0	0	1	1	0	1	0	0	0	0	0	0	1	2	0	0	0	0	1	0	2	0	0	1	0	4	1	0	0	0	0	1	0	0	0	0	0	0	1	0	0	0	1	0	1	1	0	0	0	0	0	0	0	0	0	0	0	0	0	0	0	0	0	0	0	0	0	0	0	0	0	0	0	0	0	0	0	0	0	0	0	0	0	1	0	1	0	0	0	0	0	0	1	1	0	1	0	0	1	0	0	0	0	0	0	0	0	1	0	0	0	0	0	0	0	0	0	0	1	0	0	0	0	0	0	0	0	0	0	0	0	0	1	0	0	0	0	1	0	0	0	1	0	0	0	0	1	0	0	0	0	1	0	0	0	0	0	2	0	0	0	2	0	0	0	0	0	0	0	1	0	0	0	0	0	1	0	0	0	0	0	0	0	1	0	1	0	0	0	0	0	0	1	0	0	0	0	0	0	0	0	0	0	0	0	0	0	0	0	0	0	0	0	0	0	0	0	0	0	0	0	0	1	0	0	1	0	0	0	1	0	0	0	0	0	0	1	1	0	0	0	1	0	0	0	1	0	0	1	1	0	0	0	0	0	0	0	0	0	0	0	0	1	0	0	0	0	0	0	0	1	0	0	0	0	0	0	0	0	0	0	0	0
0	0	0	0	0	0	0	0	0	0	2	2	2	2	1	0	0	0	0	0	0	0	0	0	0	0	0	0	1	0	1	0	1	0	3	0	1	0	0	0	0	0	0	1	0	2	0	0	1	0	2	0	0	0	0	0	0	1	2	1	2	1	0	0	3	1	2	0	1	1	0	1	0	1	4	7	21	0	14	3	7	5	2	4	4	3	3	3	1	0	3	0	2	0	0	0	0	0	0	0	1	2	0	1	0	0	1	0	0	0	0	0	0	0	0	0	0	1	0	0	0	2	0	0	0	0	0	1	0	0	0	0	0	0	0	0	1	0	0	0	0	0	0	0	0	0	0	1	0	0	0	0	0	1	0	0	0	0	0	0	0	0	0	0	0	0	2	0	0	0	1	0	1	0	1	0	1	2	0	0	2	1	0	0	0	0	0	0	0	0	1	0	0	0	0	1	1	0	0	1	0	0	0	0	0	0	0	0	1	0	0	1	0	2	0	0	0	1	0	1	0	1	1	0	0	0	0	1	0	0	0	0	0	0	0	0	0	0	0	0	0	1	0	0	0	0	0	1	0	0	0	0	0	0	1	1	0	0	0	0	0	0	0	0	0	0	0	0	0	0	0	0	0	0	1	0	0	0	0	1	0	0	1	0	0	0	0	0	0	0	0	0	1	0	0	0	0	0	0	0	0	1	0	0	0	0	0	0	0	0	0	0	0	0	0	1	0	0	0	0	0	0	0	0	0	0	0	0	0	0	0	0	0	0	0	0	0	0	0	0	0	0	0	0	0	0	0	0	0	0	0	0	0	0	1	0	0	0	0	0	1	0	0	0	0	0	0	0	0	0	0	0	0	0	0	0	0	0	0	0	0	0	0	0	0	0	0	0	0	0	0	1	0	0	1	0	1	0	0	0	0	0	2	0	0	0	1	0	0	0	0	0	0	0	0	0	0	0	0	0	0	0	0	0	0	0	0	0
0	0	0	0	0	0	0	0	1	3	1	3	1	1	2	0	0	1	1	0	0	1	0	1	0	0	0	1	1	1	0	1	2	0	2	0	0	0	1	2	1	0	0	0	3	1	0	1	3	0	1	0	0	1	2	2	0	0	1	0	1	1	1	3	1	2	4	3	4	3	0	1	4	1	1	5	8	14	0	19	5	7	9	1	9	5	9	7	5	0	0	2	1	1	0	0	0	1	1	0	0	1	1	0	0	0	1	0	2	2	1	1	1	0	4	4	0	1	1	2	1	0	1	1	0	0	0	0	0	0	1	0	1	0	0	0	0	0	2	0	1	0	0	0	0	0	1	0	0	1	0	0	0	0	0	0	0	0	0	2	0	1	0	0	1	0	0	0	1	0	3	0	1	0	0	2	0	4	0	0	0	2	0	0	0	0	0	0	0	0	0	0	1	0	0	0	1	0	0	0	0	1	1	0	0	1	0	0	1	0	0	1	0	0	0	1	1	0	0	0	0	0	0	0	0	1	1	0	0	0	1	0	0	0	0	1	0	0	1	0	0	0	0	0	0	0	1	0	1	0	0	1	0	0	0	0	0	1	0	0	0	0	0	0	0	0	0	0	1	0	0	0	0	0	1	0	1	1	0	0	0	0	0	0	1	0	0	0	0	0	0	0	0	0	0	0	0	0	0	0	0	0	0	0	0	0	0	0	0	0	0	1	1	0	1	0	1	0	0	0	0	0	0	0	0	0	0	0	0	0	0	0	0	0	0	0	0	0	0	0	0	0	0	0	0	0	0	1	0	0	0	0	0	0	0	0	0	0	0	0	0	0	0	0	0	0	0	0	0	0	0	0	0	0	1	0	0	1	0	0	0	1	0	0	0	0	0	0	0	0	1	0	0	0	0	0	0	1	0	0	0	1	0	0	0	1	1	0	1	0	0	0	1	0	0	0	0	0	0	0	0	0	0	0	0	0	0	0
0	0	0	0	0	0	0	0	0	2	2	4	1	6	4	1	1	2	1	0	0	1	2	0	0	0	0	0	1	1	0	0	0	1	1	0	0	0	2	1	2	1	1	3	1	0	0	0	0	0	0	1	1	2	3	2	2	0	3	3	4	4	3	4	2	4	3	4	2	1	3	2	2	0	0	2	1	3	19	0	19	13	8	14	19	8	13	16	3	3	1	4	2	1	0	0	0	1	1	1	0	0	0	0	1	2	1	2	0	3	0	1	0	0	0	4	3	1	0	0	0	1	1	0	2	0	1	1	1	0	0	0	0	0	1	0	1	2	0	0	0	0	1	0	0	1	0	1	0	0	0	1	0	0	1	0	0	1	0	0	0	1	1	2	1	0	0	0	0	0	2	1	1	1	3	3	1	0	0	0	1	1	1	0	0	0	0	0	2	0	0	1	0	1	0	0	0	0	0	0	1	1	0	1	0	0	1	0	0	1	0	0	0	0	0	0	0	1	0	0	0	0	0	1	0	0	0	1	0	1	0	0	1	0	0	0	0	0	0	0	1	0	0	0	0	1	0	0	0	0	1	1	0	0	0	1	0	0	1	0	1	0	0	0	1	0	0	0	0	1	0	0	0	0	0	0	0	0	1	0	0	0	0	0	0	1	0	0	1	0	0	0	0	0	0	0	0	0	0	1	0	0	1	0	0	0	0	0	0	0	1	1	0	1	0	0	0	1	0	0	0	0	0	0	0	0	0	0	1	0	0	0	0	0	0	0	0	1	0	0	1	1	0	0	1	0	0	0	0	0	0	0	1	0	0	0	0	0	0	1	0	0	0	0	0	0	0	0	0	1	0	0	1	0	0	2	0	0	1	0	0	0	0	0	0	0	0	0	0	0	1	0	0	0	0	0	0	1	0	0	0	1	0	0	1	0	0	0	0	0	0	0	0	0	0	0	0	0	0	0	0	0	0	0	0	2	0	0
0	0	0	0	0	0	0	0	2	4	6	13	3	3	4	1	2	0	1	2	0	0	0	0	0	0	1	1	0	3	1	1	2	0	0	0	0	1	0	2	1	1	0	0	2	0	0	1	1	4	0	1	3	1	1	2	0	2	2	1	5	1	1	3	6	2	1	3	1	3	1	0	0	0	2	0	2	7	5	19	0	28	6	6	7	2	4	2	7	2	2	2	1	0	0	0	0	1	0	1	0	1	1	2	1	3	2	0	0	0	1	2	0	3	0	2	2	2	1	3	0	0	1	0	0	1	3	0	0	0	2	0	0	0	1	0	0	0	0	0	1	1	0	0	0	1	1	1	2	1	0	0	0	0	0	0	1	0	0	0	0	0	1	0	2	0	0	1	0	0	1	0	0	0	1	0	0	0	2	1	2	0	0	0	1	1	0	0	0	2	0	0	0	0	0	0	1	0	0	0	1	2	1	1	0	0	0	0	0	2	0	1	0	0	0	0	0	0	2	3	1	0	0	0	0	1	1	1	0	1	1	1	1	0	1	0	0	0	0	1	0	0	0	0	0	0	0	0	0	0	1	0	0	0	1	0	0	0	0	0	0	0	0	0	1	0	0	0	0	1	0	0	0	0	0	0	0	0	0	0	0	0	0	0	0	0	0	0	0	0	0	0	0	0	0	2	0	0	0	0	0	0	1	0	0	0	0	0	0	0	0	0	0	0	0	0	0	0	1	0	1	0	0	0	0	0	0	0	0	0	0	1	0	0	0	0	0	0	0	0	0	0	0	0	2	0	1	0	0	0	0	0	0	0	0	0	0	0	0	0	1	0	0	0	0	0	0	0	0	0	0	0	0	0	0	0	0	1	0	0	0	0	0	0	0	0	0	0	0	0	0	0	0	0	0	0	0	0	0	0	0	1	0	0	0	2	0	0	0	0	0	0	0	1	0	0	0	0	1	1	0	0	0	0	0	0	0	0
0	0	0	0	0	0	0	0	4	1	7	5	5	1	2	2	3	1	0	1	1	0	0	0	2	1	2	0	0	0	1	0	0	0	0	0	1	2	1	1	1	1	0	1	0	0	1	2	1	1	0	1	1	1	2	1	0	0	3	2	2	2	1	5	0	1	2	0	1	1	0	0	0	1	0	2	3	5	7	13	28	0	19	8	3	5	2	2	1	1	0	1	2	0	1	0	0	2	2	1	0	0	1	1	2	0	1	3	2	0	2	3	2	2	1	0	1	1	0	0	2	0	0	0	0	1	2	0	0	0	1	0	0	1	0	1	0	0	0	0	1	1	1	0	0	0	1	0	1	0	0	0	0	0	0	0	1	0	0	2	0	0	1	0	0	1	1	0	0	1	1	1	3	3	0	0	3	1	0	2	2	2	1	0	1	0	0	0	0	0	0	1	0	0	1	0	0	0	0	0	0	1	0	0	0	0	1	0	0	0	0	1	0	0	0	0	0	2	0	1	0	0	1	0	1	1	2	0	0	0	1	0	0	1	1	0	0	2	0	0	0	0	0	0	0	0	0	1	0	1	0	0	0	1	0	0	0	0	0	1	0	0	0	1	0	0	0	0	1	0	0	0	1	2	0	1	0	0	0	0	1	1	0	1	0	0	0	0	1	0	0	0	0	1	0	0	0	0	0	0	0	0	0	1	0	0	1	0	0	0	0	1	0	0	0	1	0	0	1	0	0	0	0	0	0	0	0	0	0	0	0	0	1	0	0	0	0	1	0	0	0	0	1	0	0	0	0	0	0	0	0	0	0	0	0	0	0	0	0	0	0	0	0	0	0	1	0	0	0	0	0	0	0	0	0	0	1	0	0	0	0	1	0	0	0	0	0	0	0	0	0	0	0	0	0	0	0	0	0	1	0	0	0	0	0	0	0	0	0	0	0	0	0	0	1	0	0	0	0	1	0	0	0	0	0	0	0	0
0	0	0	0	0	0	0	0	1	0	5	12	4	2	0	1	1	1	0	1	0	0	0	1	1	0	2	0	2	1	0	0	0	0	1	0	2	3	0	1	0	3	0	1	1	0	0	0	1	0	0	0	0	1	1	1	1	3	2	0	4	4	3	3	4	7	0	0	0	0	2	0	1	0	1	0	2	2	9	8	6	19	0	20	10	4	1	3	2	1	2	1	1	0	0	0	1	0	0	1	0	0	1	1	2	0	3	0	1	3	1	0	0	2	4	0	3	1	1	0	1	1	1	1	0	0	0	0	0	0	2	0	0	0	1	2	0	0	0	0	0	0	0	0	1	0	0	0	1	1	0	0	1	0	1	0	0	0	0	0	1	0	0	3	0	1	1	2	2	0	1	1	1	0	0	1	0	2	1	0	2	0	0	0	1	0	0	0	1	0	1	0	0	0	0	2	0	1	0	0	0	0	0	0	0	1	0	1	0	1	0	0	0	0	0	1	0	0	0	0	0	1	0	0	0	0	0	0	0	0	0	0	2	0	0	0	0	1	0	0	0	0	0	0	0	1	0	0	0	0	0	0	1	1	0	0	0	0	1	0	0	0	0	1	0	0	1	1	0	0	0	0	0	0	0	0	0	1	0	0	0	0	0	0	0	0	0	0	0	0	0	0	0	0	0	0	1	0	0	0	0	1	0	0	0	0	0	0	0	0	1	0	0	0	0	0	0	1	0	0	0	0	0	0	0	0	0	0	0	0	0	0	0	0	0	0	0	0	0	0	0	0	1	0	0	0	0	0	0	0	0	0	0	0	0	1	0	0	0	0	0	0	1	0	0	0	0	0	0	1	0	0	0	0	0	0	0	1	0	0	0	0	0	0	0	0	0	0	0	0	0	0	1	0	0	0	0	0	0	0	1	0	0	0	0	0	1	0	0	1	0	0	0	0	0	0	1	0	0	0	0	0	0	0	0	1	0	0
0	0	0	0	0	0	0	0	0	1	0	10	2	7	2	3	5	1	1	0	1	1	0	0	1	1	1	0	1	2	0	2	1	2	1	0	1	1	1	0	6	1	0	2	5	3	1	1	0	1	1	0	1	3	1	0	1	3	4	3	16	7	4	3	6	2	6	0	2	1	2	1	3	0	1	1	2	4	1	14	6	8	20	0	18	8	5	1	3	2	0	4	2	0	1	1	1	1	1	1	0	0	0	1	1	0	0	0	0	2	1	2	0	1	1	5	3	0	1	1	2	1	2	0	0	0	0	0	2	0	1	0	0	0	2	0	1	0	0	0	0	0	1	2	1	0	0	0	0	0	0	1	0	0	0	0	0	0	0	2	0	1	0	0	0	2	0	1	2	0	1	0	0	0	0	1	0	2	0	0	0	0	1	2	0	0	0	0	0	1	0	0	0	0	0	1	0	0	0	0	1	0	1	0	0	0	0	0	1	0	0	1	0	0	0	0	0	0	1	1	1	0	0	0	0	0	1	0	0	3	0	1	0	1	0	0	0	0	0	0	0	1	0	1	0	0	0	0	0	1	0	0	0	0	0	0	0	0	0	1	0	1	0	0	1	0	0	0	0	0	0	1	1	0	0	0	0	0	0	1	0	1	0	1	1	0	0	0	0	1	0	0	0	0	0	1	0	0	0	0	0	1	0	0	0	2	0	0	0	0	3	0	0	0	1	1	0	0	1	0	0	0	0	0	0	0	0	0	0	0	0	0	1	0	1	0	0	0	0	0	0	0	0	0	0	0	1	1	0	0	0	0	1	0	0	0	0	0	0	0	0	0	2	0	0	0	0	0	0	0	0	1	0	0	1	0	0	0	0	0	1	0	0	0	0	0	0	1	0	0	0	0	0	0	0	0	0	0	1	0	0	0	0	0	1	0	0	0	0	1	1	0	1	0	0	0	0	1	0	0	0	0	0	0	0	0	0	0
0	0	0	0	0	0	0	0	1	0	0	8	2	3	0	4	1	2	0	1	0	0	2	2	0	0	2	1	1	1	0	1	0	2	2	2	1	2	0	3	3	2	1	1	0	1	0	1	0	0	1	2	0	4	0	1	1	3	8	0	7	6	4	5	5	2	3	2	1	3	0	1	2	0	0	2	0	4	9	19	7	3	10	18	0	19	5	6	3	3	0	1	1	0	1	1	0	1	0	1	2	1	0	1	1	1	0	0	1	0	2	2	0	1	3	1	4	1	3	2	0	1	3	1	2	1	0	3	3	1	1	2	1	0	0	0	0	0	0	2	0	0	0	0	1	0	0	1	0	1	0	0	0	1	0	0	1	1	0	0	1	0	0	1	0	2	0	0	1	2	0	3	0	2	1	1	0	0	0	1	1	1	0	0	0	0	2	0	0	0	0	0	0	0	0	1	1	1	0	0	0	0	0	0	0	0	0	1	1	0	0	1	1	0	0	1	0	0	0	0	0	2	1	1	1	1	0	0	0	0	0	0	0	1	1	0	0	0	0	0	0	0	0	0	0	0	0	1	1	0	2	0	0	1	0	0	0	0	0	0	0	0	0	0	0	0	0	0	0	0	0	0	1	0	0	0	0	0	0	0	0	1	0	1	0	0	0	0	0	0	0	1	0	0	0	1	1	0	0	0	0	0	0	0	0	1	2	0	0	0	0	1	0	0	0	0	0	0	0	0	0	0	0	0	0	0	0	0	0	0	0	0	0	0	1	1	0	0	0	0	0	0	0	1	0	1	0	0	0	0	0	0	0	0	0	0	0	0	0	0	0	0	0	1	0	0	0	1	0	0	0	0	0	0	1	0	0	0	0	0	1	1	0	0	0	0	0	1	0	0	0	0	0	0	0	0	0	0	0	1	0	0	0	0	0	1	0	0	0	0	0	0	0	0	0	0	0	1	1	0	0	0	0	0	0	0	0	0
0	0	0	0	0	0	0	0	1	1	4	5	0	3	4	1	2	1	1	1	1	0	1	0	1	1	0	0	1	1	2	1	0	1	0	0	1	2	1	0	1	3	1	0	1	0	0	1	0	1	0	1	1	0	2	3	1	2	2	5	6	5	13	5	6	12	5	6	3	2	2	1	1	2	0	0	3	3	5	8	2	5	4	8	19	0	20	6	4	0	5	1	1	0	0	0	0	2	0	0	0	1	0	0	3	0	0	1	1	0	1	0	0	6	3	1	1	5	3	2	1	2	0	1	0	0	1	0	1	0	0	0	2	1	1	0	1	0	0	0	0	0	0	0	0	1	3	0	0	0	1	0	0	0	3	1	0	1	1	1	1	0	0	0	0	0	1	1	2	4	2	1	2	1	2	0	1	1	2	4	1	0	1	0	2	1	2	0	2	0	0	0	0	0	0	0	0	0	0	0	0	0	0	0	1	0	2	0	0	0	0	0	0	0	1	0	1	1	2	1	0	1	1	1	0	2	0	0	0	0	1	0	1	1	0	0	0	0	0	1	1	0	0	0	1	0	0	1	0	0	1	1	0	0	0	0	0	0	0	1	0	0	0	0	1	0	1	1	0	0	0	0	0	0	0	0	0	0	0	0	0	1	0	0	0	0	0	1	0	1	1	0	0	0	0	0	0	1	0	0	0	0	1	0	0	0	2	0	1	0	0	2	0	0	0	0	0	0	0	0	0	0	0	0	0	0	0	0	1	1	0	0	0	1	0	0	0	0	0	1	0	0	0	0	0	0	0	0	0	0	0	1	0	0	0	0	1	0	0	0	1	0	0	1	0	0	0	1	0	0	0	0	0	0	0	1	0	0	0	2	0	2	0	0	0	0	0	0	0	0	0	0	0	0	1	1	0	0	0	1	0	1	0	0	0	0	0	0	0	0	0	0	0	0	0	0	1	0	0	0	0	1	0	0	0	0	0	0
0	0	0	0	0	0	0	0	1	0	1	2	2	1	1	1	1	2	1	0	0	0	0	1	0	1	0	2	2	0	0	1	1	0	0	0	0	0	0	0	1	3	0	0	1	2	1	0	1	0	0	1	0	1	0	0	3	2	1	1	3	3	1	6	11	5	13	9	8	3	3	1	3	1	2	1	3	3	9	13	4	2	1	5	5	20	0	13	6	3	1	0	4	1	0	1	0	0	1	0	1	0	1	2	2	0	1	0	0	2	0	2	1	2	5	4	2	3	2	2	2	1	0	0	1	2	0	0	2	0	1	1	3	0	0	0	0	0	1	0	0	0	0	1	0	0	0	0	0	0	0	1	1	0	0	0	1	1	0	0	0	0	0	1	0	0	0	1	5	0	3	0	2	1	0	2	2	0	0	4	3	1	0	0	0	1	2	0	1	0	0	0	0	0	0	0	0	0	0	1	2	1	0	1	1	0	0	1	0	0	1	1	0	0	0	0	1	0	2	0	0	0	1	0	0	0	0	0	0	2	0	1	0	0	0	0	0	0	0	0	0	0	0	0	0	0	0	1	0	0	0	3	0	0	0	0	0	0	0	0	0	1	0	0	0	0	0	1	0	0	0	0	0	0	0	3	0	1	0	1	0	1	1	0	0	0	1	1	0	0	0	1	0	0	0	1	2	0	0	1	0	0	0	0	0	0	0	0	1	0	0	0	3	2	1	0	1	0	1	0	2	0	0	0	0	0	0	1	0	0	0	0	0	1	0	0	1	1	0	0	0	0	0	0	0	0	1	0	1	0	0	0	0	0	0	0	0	0	0	0	0	0	0	0	0	0	0	0	0	0	0	0	0	0	0	0	0	0	0	0	0	1	0	0	0	0	1	1	0	0	0	0	0	0	0	0	0	0	0	0	0	1	0	0	0	0	0	1	0	0	0	0	0	0	0	0	0	0	1	0	0	0	1	0	0	0	0	0
0	0	0	0	0	0	0	0	2	2	6	2	2	1	1	4	3	1	1	1	0	0	0	0	0	1	1	2	2	0	2	0	1	2	0	1	0	0	2	0	0	0	0	0	1	0	1	0	2	0	0	0	2	1	0	0	2	2	0	4	2	2	2	9	5	2	2	4	1	3	4	3	3	3	1	2	2	3	7	16	2	2	3	1	6	6	13	0	16	5	2	1	2	2	0	0	0	0	0	1	4	0	2	2	4	1	1	1	0	1	0	3	2	0	2	1	3	4	4	2	1	1	0	3	1	2	1	0	0	0	0	1	1	0	0	1	0	0	0	0	0	0	0	2	0	0	1	0	0	1	0	0	0	1	0	1	1	0	2	1	1	0	0	1	0	0	2	1	2	3	1	1	1	0	0	2	0	2	2	2	1	1	0	2	1	0	1	0	0	1	0	0	1	2	0	0	0	0	0	0	1	0	1	1	0	1	0	0	1	1	0	0	0	1	0	0	0	0	1	0	1	0	1	0	0	0	0	1	0	2	1	1	0	1	1	1	0	0	0	0	0	1	0	0	0	0	0	0	0	0	0	0	0	0	1	2	0	0	0	0	0	0	0	1	0	0	0	0	0	1	0	0	0	0	0	0	0	0	1	1	0	0	0	0	0	0	0	0	0	2	0	0	0	0	0	0	0	0	0	0	1	0	0	0	0	0	0	0	0	1	0	1	0	0	1	0	0	2	0	0	0	0	0	0	0	0	0	0	0	2	1	0	0	0	0	0	0	0	0	0	0	0	0	0	0	0	1	0	0	0	0	0	0	0	0	0	0	0	0	1	0	1	0	1	0	0	1	1	0	0	0	1	0	0	0	2	0	1	0	0	0	0	0	0	0	0	3	0	0	0	0	0	0	0	0	0	0	0	0	0	0	0	0	0	0	0	0	0	0	0	0	0	0	0	0	0	0	0	0	0	1	0	0	0	0	0	0	0
0	0	0	0	0	0	0	0	5	2	8	6	3	5	3	2	0	1	1	0	0	1	3	0	2	1	0	0	1	0	1	0	2	0	2	0	1	1	0	1	2	1	0	0	2	3	1	0	0	0	0	2	2	2	1	2	2	0	1	1	1	2	2	7	8	4	4	4	2	1	1	0	1	2	1	1	2	1	5	3	7	1	2	3	3	4	6	16	0	25	6	1	1	2	0	0	2	2	2	2	1	3	2	4	2	1	1	0	2	1	0	3	2	2	1	2	2	6	3	2	1	0	4	1	0	2	2	0	1	0	1	1	0	2	0	0	0	0	0	0	0	0	0	0	0	0	1	1	2	0	0	0	0	1	2	0	1	2	3	0	0	0	0	2	0	0	2	3	1	2	1	3	0	1	0	2	0	1	2	0	0	1	2	0	0	1	0	0	0	2	0	0	0	1	0	0	0	2	0	1	0	1	0	0	0	0	0	1	0	0	0	0	0	0	2	0	0	1	0	0	0	0	1	0	2	0	3	0	0	0	0	0	0	0	1	0	0	0	0	0	0	0	0	1	0	0	0	0	1	0	2	0	1	0	0	0	0	0	0	0	0	0	0	0	0	0	0	0	0	0	0	0	0	0	0	0	0	0	1	0	0	0	0	0	0	0	0	2	0	0	0	0	0	0	0	0	0	1	0	0	0	0	0	0	0	0	0	2	0	0	0	1	0	0	0	0	0	0	0	0	0	0	1	0	0	0	0	0	1	1	1	1	0	1	0	0	0	0	0	0	0	0	0	0	0	0	0	1	1	0	0	0	0	0	0	0	1	0	0	1	1	0	0	0	0	0	0	0	1	0	0	0	0	0	0	0	0	0	0	0	1	0	0	0	0	0	1	0	1	0	0	0	0	0	0	0	0	0	0	0	0	0	0	0	1	0	0	1	1	0	0	0	0	0	0	0	0	0	0	0	1	0	0	0	0	0	0	0
0	0	0	0	0	0	0	0	7	9	14	4	7	4	4	2	2	0	0	1	5	0	1	1	0	1	1	0	2	3	4	2	1	1	2	0	0	1	1	1	1	1	0	0	0	3	1	2	0	0	1	0	0	0	1	2	2	3	2	1	1	2	5	10	12	1	4	0	2	1	2	0	0	0	0	0	1	0	0	3	2	1	1	2	3	0	3	5	25	0	13	1	3	0	0	0	0	0	4	2	3	4	2	8	4	3	6	5	2	5	2	7	2	3	4	5	4	4	2	2	2	0	0	0	1	1	1	1	0	0	0	2	0	0	0	1	0	0	1	0	1	0	1	3	1	2	1	2	1	1	0	1	1	1	1	1	1	1	1	4	2	1	1	0	1	1	4	1	3	3	3	6	9	1	0	1	0	3	0	2	2	3	3	4	1	1	2	1	0	1	1	0	2	1	0	0	0	0	0	0	1	1	0	1	1	1	0	0	0	0	0	0	1	3	2	1	1	0	0	0	0	0	0	1	0	1	1	1	3	0	1	1	0	0	0	0	0	0	0	0	0	0	0	0	0	0	0	0	0	0	1	1	0	0	0	0	1	0	1	0	1	1	0	1	0	0	0	0	0	0	0	0	0	0	0	1	0	0	0	1	1	1	1	0	0	1	0	0	0	0	0	0	0	0	0	0	0	0	1	1	2	0	0	0	0	0	0	1	0	0	0	0	0	0	1	0	0	0	0	1	0	0	0	0	0	1	0	0	0	0	1	0	0	1	0	0	1	1	0	0	0	0	0	0	0	1	0	0	1	0	1	0	0	0	0	0	0	0	0	1	0	0	0	0	0	0	1	0	0	0	0	0	0	0	1	0	0	1	0	0	0	0	0	0	0	0	1	0	0	0	0	0	0	0	0	0	0	0	1	1	1	1	0	0	0	0	0	1	1	0	0	0	0	0	0	0	0	0	0	0	0	0	0	0	0	0	0	0
0	0	0	0	0	0	0	0	7	10	9	8	7	16	11	5	5	5	3	6	2	3	2	4	1	2	1	4	3	1	3	3	1	1	1	1	1	2	1	1	1	2	1	1	0	2	3	2	2	0	1	1	1	2	2	4	5	5	3	1	1	2	5	4	10	5	5	3	1	2	0	0	0	0	0	0	2	3	0	1	2	0	2	0	0	5	1	2	6	13	0	12	12	7	1	0	2	1	5	1	4	3	7	4	12	25	7	11	6	8	9	2	6	6	9	13	4	2	5	1	3	2	2	2	0	2	0	1	0	0	1	1	1	1	0	1	1	1	1	0	2	1	2	1	0	3	0	2	1	1	0	2	0	1	0	1	1	3	4	2	4	1	2	1	1	0	1	4	1	3	3	14	15	1	0	2	3	2	5	10	9	1	3	4	4	2	1	1	0	1	1	0	0	1	1	1	1	0	0	0	0	0	0	1	0	2	0	1	0	0	0	0	2	0	0	1	0	0	1	0	1	1	0	1	1	0	2	3	0	2	4	4	1	2	0	0	0	2	0	0	0	2	0	0	0	2	0	1	1	1	0	0	1	1	0	0	0	0	0	0	0	0	0	0	0	0	0	1	0	0	0	0	0	0	0	0	0	1	0	0	0	0	0	1	2	0	0	0	0	1	1	0	1	0	1	0	0	0	0	0	0	0	0	0	0	0	0	0	0	0	1	0	0	0	1	0	0	0	0	0	0	0	0	1	0	1	0	0	0	1	0	1	0	0	0	0	1	0	0	0	0	0	0	0	0	0	0	0	0	0	0	0	0	0	0	0	0	0	0	0	1	0	0	0	0	0	1	0	0	0	1	0	0	0	1	0	0	0	1	0	0	0	0	0	0	1	1	0	0	1	0	0	0	0	1	0	0	0	1	0	1	2	2	0	0	0	0	0	0	0	1	0	0	0	0	0	0	0	0	0	1	0	0	0	0	0	0	0
0	0	0	0	0	0	0	0	4	6	7	7	12	7	12	5	7	11	14	9	7	5	3	4	3	1	2	5	1	6	1	2	7	1	0	3	2	2	1	0	1	0	0	5	4	0	3	4	0	1	0	1	2	4	2	5	12	4	9	3	2	3	4	3	3	1	1	0	2	0	0	0	0	1	0	0	0	0	2	4	2	1	1	4	1	1	0	1	1	1	12	0	67	26	4	2	1	2	1	3	5	2	4	5	14	164	24	20	7	1	4	7	8	15	4	7	2	1	1	1	0	1	1	0	1	0	2	2	1	0	1	0	0	1	0	2	1	0	1	2	2	1	0	5	0	1	2	0	1	0	1	1	0	0	2	0	2	2	3	5	0	1	0	1	2	2	0	2	2	5	4	16	9	3	1	2	0	2	3	13	11	5	8	1	4	3	6	2	0	0	0	0	1	1	4	1	3	1	2	1	1	1	1	0	0	1	1	0	1	1	0	1	2	1	0	1	0	1	0	2	1	0	0	0	2	2	0	0	2	1	1	2	0	0	0	2	0	1	0	1	2	1	0	0	1	1	0	0	0	0	1	0	1	1	1	1	0	0	0	0	0	0	0	0	2	1	0	0	0	1	1	1	1	0	2	0	0	0	0	1	1	2	0	0	0	1	0	1	0	1	0	1	0	0	0	0	0	1	2	1	0	0	0	0	0	1	1	0	0	0	0	0	0	1	0	0	0	1	1	0	0	1	0	0	0	0	2	2	0	0	0	0	0	0	0	0	0	0	0	0	0	0	1	0	0	1	0	1	0	0	0	0	0	0	0	0	0	0	1	0	1	0	1	0	0	0	0	1	0	1	0	0	0	0	0	0	1	0	0	1	2	0	1	0	0	1	0	0	0	1	0	0	0	0	0	0	0	0	0	0	1	1	1	1	1	0	0	0	0	0	0	0	1	0	1	0	1	0	0	0	0	0	0	0	0	0	0	0
0	0	0	0	0	0	0	0	4	3	3	4	6	5	7	4	10	12	10	10	0	2	1	1	3	1	0	4	2	2	1	1	1	2	2	1	1	5	3	0	1	0	2	1	0	3	4	3	0	0	0	2	2	1	3	3	5	7	5	6	3	1	3	3	2	0	0	1	1	0	0	0	0	0	0	0	0	2	1	2	1	2	1	2	1	1	4	2	1	3	12	67	0	15	4	1	2	5	3	1	1	1	1	3	9	44	22	21	7	5	7	5	4	13	4	6	3	2	1	2	3	1	1	1	1	1	0	2	1	1	0	1	0	0	2	0	1	0	3	1	1	1	0	0	2	1	1	0	0	1	0	3	0	0	0	2	0	0	5	1	2	2	2	0	0	1	3	4	0	2	6	9	3	2	0	0	1	2	7	6	8	5	1	2	2	4	5	3	1	2	2	0	0	0	1	1	0	0	0	1	0	0	1	1	0	0	1	2	0	0	1	0	1	0	0	1	0	2	1	2	0	0	0	2	1	1	2	1	0	1	0	0	2	2	1	0	0	0	0	1	0	0	0	0	0	1	0	0	1	0	0	1	2	0	0	2	0	0	0	2	1	0	0	0	0	0	1	0	1	1	3	0	0	0	0	0	0	2	0	1	0	0	0	0	1	0	1	0	1	1	1	1	0	0	2	0	1	0	1	0	0	0	0	0	1	1	1	0	0	2	2	0	1	0	0	0	1	2	0	0	0	0	0	1	0	0	1	0	0	0	1	0	0	1	0	0	0	1	1	0	0	1	0	0	0	0	0	0	0	0	0	0	0	0	0	0	0	0	1	1	0	0	0	1	1	0	0	1	0	0	0	0	0	0	0	0	0	0	0	0	1	0	0	0	0	0	1	0	0	0	0	0	0	1	0	0	1	1	1	1	0	0	0	1	2	0	0	0	0	0	0	1	0	0	0	0	0	0	0	0	0	0	0	0	0	0	0	0
0	0	0	0	0	0	0	0	1	2	5	1	2	4	5	6	13	17	61	13	3	3	3	3	0	1	4	4	2	2	4	3	3	2	1	1	2	3	3	0	1	2	2	5	3	2	3	1	2	1	2	2	2	1	3	1	4	3	0	2	2	2	3	0	1	0	2	1	1	2	2	0	1	0	0	0	0	0	1	1	0	0	0	0	0	0	1	2	2	0	7	26	15	0	11	2	6	7	2	4	2	2	1	0	4	17	37	12	5	4	3	6	13	8	4	1	0	0	2	1	1	3	1	0	0	1	1	0	2	1	3	0	0	0	0	1	1	3	0	3	1	1	0	7	0	5	3	1	1	1	0	0	0	0	0	0	4	0	2	2	1	2	0	1	3	3	4	4	3	5	4	3	4	1	0	2	3	2	3	4	9	6	1	2	5	7	5	2	1	2	3	1	0	0	0	1	1	1	2	4	0	1	1	2	0	1	1	1	0	0	1	0	1	0	0	2	1	3	0	0	1	0	0	0	0	0	1	3	0	0	3	0	0	0	0	0	0	0	1	0	0	2	0	0	0	0	0	0	1	2	1	1	2	1	0	0	0	0	0	0	0	0	0	0	0	0	0	0	0	2	1	0	0	0	0	2	1	0	1	1	0	1	2	0	1	0	0	0	0	0	0	1	0	0	0	0	1	0	0	0	1	1	0	0	0	0	0	2	0	0	0	0	1	2	2	1	0	0	0	1	1	0	0	0	0	0	1	1	0	0	0	0	0	0	0	0	0	0	0	0	0	0	0	1	0	0	0	0	1	0	0	0	0	1	0	1	0	1	0	2	0	1	0	0	1	0	0	0	1	0	1	0	0	0	1	1	0	0	0	0	0	1	0	0	1	0	1	0	1	0	0	1	0	0	1	0	0	0	2	1	1	1	1	2	0	0	0	1	1	0	0	0	1	0	1	0	0	0	1	1	0	0	0	0	0	1	0	0
0	0	0	0	0	0	0	0	0	0	0	2	0	2	3	3	1	6	14	10	5	8	5	2	1	1	1	8	2	2	1	2	5	5	4	1	0	3	2	0	1	1	1	3	0	3	1	0	1	0	1	1	2	1	2	3	3	2	0	3	1	0	2	0	1	1	1	0	0	0	1	0	0	0	0	0	0	0	0	0	0	1	0	1	1	0	0	0	0	0	1	4	4	11	0	44	13	13	0	3	0	1	4	3	3	8	3	4	1	2	1	1	3	5	2	0	1	1	2	0	2	1	2	0	1	2	0	0	2	0	2	0	1	2	3	3	0	3	0	2	2	3	5	0	3	1	3	0	2	1	1	2	1	1	0	2	0	0	0	2	0	1	2	2	3	1	3	3	0	1	0	5	2	0	1	1	1	4	2	1	4	3	2	0	5	9	9	15	2	2	1	3	1	1	1	1	1	1	0	1	2	4	1	1	0	0	1	1	1	1	0	0	0	0	0	1	1	3	1	1	0	1	0	0	2	1	2	3	1	3	1	0	1	0	1	2	0	1	1	2	1	1	1	1	0	1	0	0	1	2	0	0	2	2	1	1	0	0	0	0	0	1	1	0	0	0	0	0	0	0	0	1	0	0	0	0	1	1	3	1	0	1	2	0	0	0	1	0	0	0	1	2	0	2	0	0	0	0	0	0	0	0	0	0	1	0	0	0	0	1	0	0	0	0	0	0	0	0	2	1	2	0	0	0	0	1	1	1	0	0	1	0	1	0	1	1	0	0	0	0	0	0	1	0	0	0	0	1	0	0	1	0	0	1	1	1	1	0	0	0	0	0	0	0	1	0	0	1	1	0	0	0	0	0	0	0	0	0	1	0	1	0	1	0	1	0	2	0	0	0	0	1	1	0	0	0	0	1	0	0	0	2	0	0	1	0	0	2	0	0	0	0	0	0	0	0	0	0	0	0	0	1	0	0	0	0	0	0
0	0	0	0	0	0	0	0	1	0	0	1	1	1	2	4	3	1	10	5	5	4	5	2	2	3	2	2	3	5	0	2	3	1	2	2	2	2	0	0	1	0	2	4	0	3	2	0	1	3	1	1	2	0	0	0	1	1	2	0	1	0	1	1	0	0	0	0	2	0	0	1	0	0	0	0	0	0	0	0	0	0	0	1	1	0	1	0	0	0	0	2	1	2	44	0	18	8	0	0	1	0	0	0	0	4	4	2	4	1	2	2	4	1	1	0	0	0	1	0	1	0	1	1	0	0	0	0	1	0	2	0	1	1	2	0	0	3	0	2	3	2	4	2	1	1	3	2	0	2	4	3	0	1	2	0	1	2	2	0	5	0	0	0	1	0	2	1	0	0	0	1	1	0	0	2	3	0	0	0	1	1	2	3	6	4	3	5	4	3	0	0	1	0	1	0	0	0	0	4	1	0	1	0	2	0	2	0	2	0	0	0	0	0	0	0	0	0	0	0	0	0	1	2	2	1	4	0	0	2	1	0	1	0	0	0	1	1	2	0	1	0	0	0	0	1	0	0	1	0	0	0	0	1	3	0	0	0	0	0	0	0	0	0	0	0	0	0	0	1	1	0	3	0	2	1	0	0	0	2	1	2	0	0	0	1	0	0	0	0	2	0	0	0	0	0	0	0	2	0	0	0	1	0	0	0	1	0	0	0	1	0	1	0	0	0	0	0	0	0	1	0	0	0	0	1	1	2	0	0	0	0	0	0	0	1	0	0	1	0	0	0	0	1	0	0	1	1	0	0	2	1	0	1	0	0	1	1	0	2	0	0	0	0	1	0	1	0	0	0	0	0	0	0	0	0	1	0	0	1	1	0	0	0	0	0	0	1	0	1	0	0	0	1	0	0	0	1	0	1	0	2	2	0	2	0	1	0	0	0	0	0	1	0	0	0	0	1	0	0	0	0	0	0	0	0	0	0
0	0	0	0	0	0	0	0	1	3	0	0	0	1	1	4	1	4	5	2	5	6	4	0	3	1	0	3	1	2	1	2	6	5	7	3	4	7	0	1	1	3	3	1	3	0	4	1	6	3	2	2	0	4	2	3	0	3	1	3	1	0	0	0	1	0	1	1	1	0	1	0	0	0	0	0	0	0	0	0	0	0	1	1	0	0	0	0	2	0	2	1	2	6	13	18	0	18	0	1	1	2	0	0	1	5	4	0	1	0	2	0	2	2	0	0	0	1	1	1	1	0	0	0	1	0	1	0	0	1	0	1	2	0	0	2	0	0	0	0	2	3	2	3	4	1	0	2	1	2	1	2	0	2	0	1	2	1	0	0	0	0	1	0	1	2	1	0	2	3	1	2	1	0	0	1	1	2	0	0	4	0	1	0	2	7	3	4	2	2	1	1	1	1	0	0	0	0	0	1	2	1	0	1	1	0	0	1	0	0	1	0	2	0	0	0	0	1	0	0	1	1	0	0	0	1	2	0	0	0	0	0	1	0	2	1	1	2	0	2	1	0	1	0	0	0	1	0	0	2	0	0	0	1	0	0	1	0	0	1	0	0	0	1	1	1	0	0	1	0	0	1	0	0	0	0	2	1	3	1	1	0	0	0	0	0	0	0	1	0	1	1	0	0	0	2	0	0	0	0	0	0	2	0	0	0	0	2	0	1	0	0	0	0	0	0	0	2	0	0	1	0	1	0	1	0	0	0	1	1	0	0	0	0	0	0	0	1	0	1	1	1	0	2	2	0	0	0	3	0	0	1	0	0	0	0	0	2	0	1	0	0	0	0	1	0	0	1	0	1	1	0	0	2	0	0	0	1	1	0	0	0	0	0	0	1	0	1	0	1	0	0	0	0	0	0	1	1	2	0	1	0	0	2	1	0	0	0	0	1	1	0	0	0	0	1	0	0	0	0	1	0	0	1	0	0	0	0
0	0	0	0	0	0	0	0	1	0	4	1	0	1	1	2	1	3	13	7	14	21	15	6	8	5	6	7	6	3	4	4	13	9	8	6	0	3	3	2	0	3	2	2	2	7	4	2	3	3	2	4	4	2	2	1	1	2	1	2	0	0	0	1	1	1	0	1	0	0	0	0	0	0	0	0	0	0	1	1	1	2	0	1	1	2	0	0	2	0	1	2	5	7	13	8	18	0	1	0	2	1	1	1	2	0	5	0	2	0	0	3	8	4	0	1	3	1	0	0	1	2	1	0	0	0	0	2	0	0	4	2	1	1	3	4	0	1	2	2	1	0	1	3	3	6	2	3	3	2	0	2	0	0	1	0	0	3	1	0	0	1	1	0	2	2	0	0	0	3	1	5	2	1	0	2	0	2	2	2	5	1	2	3	3	5	4	7	4	4	6	1	0	2	5	2	1	0	2	4	3	4	4	2	2	0	0	0	1	0	1	2	0	0	0	1	0	0	1	1	1	0	1	1	2	2	1	2	0	2	1	0	0	0	0	1	1	1	2	2	2	0	0	0	0	1	1	1	1	0	3	3	1	0	0	2	0	1	0	1	0	0	0	1	0	0	2	0	0	0	1	2	0	0	2	0	0	0	0	1	0	1	0	0	0	0	2	3	0	0	2	1	1	1	2	1	1	0	0	1	0	0	0	0	0	0	1	0	1	1	0	0	0	0	0	0	0	0	1	1	0	0	0	0	0	0	1	0	0	0	0	0	0	1	1	2	0	0	0	0	0	1	0	0	0	2	1	1	1	1	0	0	1	0	0	1	0	0	0	1	0	0	0	0	0	0	0	0	3	0	0	0	0	1	0	0	0	0	1	2	1	0	2	1	0	1	0	1	0	0	0	0	1	0	1	0	1	2	1	1	0	0	1	0	0	0	1	0	0	0	1	0	1	0	1	1	0	0	0	0	0	0	0	0	2	0	0	0
0	0	0	0	0	0	0	0	1	4	2	1	3	0	2	1	1	5	3	6	5	5	3	2	5	1	0	3	7	2	3	1	0	3	2	2	0	3	0	2	0	0	1	1	5	9	10	13	12	2	5	2	1	8	3	1	8	2	3	3	3	0	4	3	2	4	5	3	2	1	0	0	0	0	0	0	0	0	1	1	0	2	0	1	0	0	1	0	2	4	5	1	3	2	0	0	0	1	0	18	10	4	17	31	10	5	2	0	2	4	6	23	5	9	10	7	10	5	7	6	4	7	13	8	2	12	5	3	8	2	6	3	5	5	5	3	2	2	1	1	1	2	2	3	2	2	6	5	2	1	3	1	0	1	2	1	4	5	2	3	6	5	2	5	9	5	7	45	20	80	24	7	29	10	4	11	19	19	15	15	9	3	1	1	1	0	2	6	3	1	0	4	0	1	1	2	0	0	0	0	0	1	1	1	0	2	3	0	0	3	0	0	0	2	0	0	0	1	2	1	0	0	1	1	2	2	1	1	1	2	5	3	1	0	1	1	0	3	0	0	0	0	2	1	0	1	1	0	0	2	3	2	1	1	0	1	0	0	0	0	0	1	0	0	0	1	0	0	0	0	1	0	1	0	0	1	2	0	1	0	0	0	1	1	0	2	1	0	5	3	0	1	1	2	0	1	0	2	0	1	1	0	0	0	0	1	0	1	0	0	0	3	1	2	2	1	0	1	3	0	2	0	0	0	0	0	0	0	1	0	1	0	0	1	0	1	1	2	1	0	0	0	1	0	1	1	0	1	1	1	1	1	0	0	0	2	0	0	0	0	0	0	0	0	1	1	1	0	0	1	0	0	1	0	2	0	2	0	0	0	0	0	1	0	1	0	2	2	0	0	2	0	0	0	0	0	1	1	0	0	1	0	0	2	0	0	2	1	0	0	1	0	0	1	0	1	1	0	0	1	0	0	0	0	1	0	0	0
0	0	0	0	0	0	0	0	2	1	1	1	3	0	0	2	2	2	1	3	4	2	1	2	0	1	1	3	2	2	2	2	1	1	1	0	0	1	1	0	1	1	3	0	6	1	4	8	5	4	4	0	2	2	0	2	7	0	1	0	0	4	1	3	0	1	3	3	2	1	0	0	0	0	2	0	0	0	0	1	1	1	1	1	1	0	0	1	2	2	1	3	1	4	3	0	1	0	18	0	32	7	11	19	5	2	2	3	0	1	1	4	1	4	6	2	8	10	15	9	5	4	7	5	5	12	6	8	9	5	7	2	5	5	4	1	3	1	0	0	1	0	0	1	3	2	2	3	5	1	2	0	2	1	0	0	6	5	3	5	11	5	0	1	5	7	3	7	7	15	12	4	5	3	6	21	20	8	2	7	6	5	2	2	1	1	1	2	2	1	0	2	0	1	1	0	0	1	0	2	1	2	1	1	1	1	3	3	0	0	0	0	3	2	3	2	1	2	1	2	1	1	0	1	0	0	0	0	4	1	1	1	0	3	5	2	1	0	0	1	1	0	0	1	0	1	1	0	0	0	1	1	2	2	0	0	0	1	0	0	0	0	1	1	0	1	0	1	0	3	0	0	1	0	1	1	0	1	1	0	2	1	2	2	2	0	0	0	2	2	1	0	1	1	0	2	0	0	1	1	1	0	0	1	1	1	0	1	2	0	3	4	0	0	1	1	3	0	1	1	0	0	0	0	1	0	0	0	0	0	0	0	1	0	1	0	2	0	1	0	0	0	0	0	1	0	0	1	0	0	0	0	0	1	1	0	0	1	0	0	0	2	0	0	1	0	0	0	0	1	0	0	1	0	3	0	1	1	0	1	0	1	1	1	0	1	0	1	0	0	0	0	0	0	1	0	0	0	0	0	0	1	1	0	0	1	0	0	0	0	0	0	1	0	2	0	0	0	1	0	0	0	0	0	0	1	0	0
0	0	0	0	0	0	0	0	4	2	2	1	1	5	1	1	1	0	1	2	1	2	4	2	0	1	1	0	1	1	2	1	0	0	1	2	0	2	0	1	0	1	1	0	4	1	2	2	1	3	4	1	1	1	1	1	3	2	1	1	0	3	3	2	5	3	1	2	3	0	0	1	1	0	1	0	1	1	0	0	0	0	0	0	2	0	1	4	1	3	4	5	1	2	0	1	1	2	10	32	0	20	45	44	9	3	3	5	7	3	5	17	0	2	5	4	8	5	9	8	4	2	3	1	4	7	1	0	3	3	6	3	5	3	3	0	1	3	1	1	0	0	3	1	0	4	5	3	1	0	0	1	0	3	0	1	3	1	1	2	9	4	0	1	2	5	5	10	3	7	10	2	12	10	6	18	15	9	5	8	6	3	1	0	0	0	1	3	1	0	2	0	1	0	0	1	0	0	0	2	0	0	1	0	0	0	4	1	2	2	0	4	2	1	2	0	1	5	2	1	0	2	0	2	0	0	1	7	1	1	7	2	0	1	0	2	0	0	0	0	0	1	0	0	0	0	1	0	0	0	0	0	1	0	1	0	0	0	1	0	0	0	0	0	0	0	0	0	0	0	0	0	0	0	0	0	4	0	1	0	0	1	0	0	1	0	1	0	0	3	1	2	0	0	0	0	1	0	0	1	1	1	0	1	1	0	0	3	3	2	2	0	1	1	0	1	1	1	0	0	1	0	0	0	0	0	0	0	0	1	0	0	1	0	0	1	1	0	0	0	0	1	0	1	0	0	0	0	0	0	0	0	1	0	0	0	0	0	0	1	0	0	0	0	0	0	1	0	0	0	0	0	0	0	0	2	0	0	0	0	0	1	0	0	2	1	1	0	0	0	0	0	1	1	0	0	1	0	0	0	1	1	0	0	0	0	0	0	0	0	0	0	0	0	0	0	0	0	0	1	1	0	0	0	0	0	0	0
0	0	0	0	0	0	0	0	1	1	3	0	0	0	1	1	4	1	0	5	0	1	2	1	0	0	1	1	1	4	1	2	2	1	2	1	2	1	0	1	0	1	0	0	1	1	4	3	3	0	2	0	2	1	0	3	3	2	0	4	0	0	0	2	2	0	1	0	0	0	0	0	0	1	0	2	0	2	1	0	1	0	0	0	1	1	0	0	3	4	3	2	1	2	1	0	2	1	4	7	20	0	25	8	2	1	2	6	9	7	19	8	4	2	4	0	6	1	3	5	3	1	2	0	2	3	1	4	3	3	4	0	0	2	4	1	1	0	1	0	1	1	0	6	2	3	2	2	1	2	1	1	1	0	1	2	6	5	10	14	14	0	0	1	4	0	2	5	3	3	2	3	11	13	8	12	7	6	6	12	5	6	3	3	1	2	3	0	2	0	0	0	1	0	0	1	0	1	0	3	0	0	0	0	0	1	2	0	0	2	0	0	5	1	1	0	5	2	0	0	0	0	0	2	2	0	3	2	2	6	4	2	0	3	2	3	1	0	0	0	2	1	2	0	1	0	0	0	0	1	0	0	0	0	0	0	0	0	1	0	0	1	0	0	0	0	0	0	0	0	0	2	0	0	2	0	1	0	3	1	0	0	2	1	1	0	2	1	0	0	1	2	1	1	1	0	1	0	1	0	0	1	1	0	0	2	1	0	1	1	1	0	0	0	1	0	0	0	1	0	0	0	0	1	0	1	0	0	0	0	0	0	0	0	1	0	0	0	0	0	1	0	1	1	0	1	0	0	0	0	1	0	0	0	0	0	1	0	0	1	1	0	1	0	0	0	0	0	0	1	0	0	0	0	0	1	0	0	0	0	0	0	0	0	0	1	0	2	3	0	0	0	0	0	0	0	0	1	1	0	1	0	0	0	0	0	0	0	0	0	0	0	0	0	0	1	0	0	1	0	0	0	0	0	1	0	0	0
0	0	0	0	0	0	0	0	3	2	0	0	1	1	4	3	0	2	2	6	5	1	1	4	4	1	0	2	3	1	4	1	1	1	1	4	0	0	0	0	0	1	0	1	0	4	8	4	6	0	2	0	4	2	4	5	4	1	1	1	1	4	5	2	1	2	2	3	1	0	0	0	1	0	0	0	1	0	1	0	1	1	1	0	0	0	1	2	2	2	7	4	1	1	4	0	0	1	17	11	45	25	0	26	6	3	4	5	5	2	11	17	6	4	5	4	5	12	9	1	4	1	5	0	0	5	1	0	3	7	6	6	3	4	7	1	2	0	1	1	0	1	1	2	2	8	3	1	3	2	1	0	1	1	4	3	3	9	5	20	19	4	2	3	1	3	5	12	3	8	4	6	18	21	6	44	20	24	17	25	16	21	3	1	2	1	3	4	3	3	1	1	1	1	2	2	2	1	3	3	4	1	3	2	3	1	2	3	3	2	1	1	3	2	2	3	0	3	2	2	0	1	0	0	2	3	2	3	2	3	5	1	1	0	4	0	1	1	2	1	0	0	1	0	3	2	1	1	0	0	1	1	2	0	1	0	0	1	1	1	0	0	0	0	0	0	1	1	1	1	1	2	1	0	0	0	0	1	1	0	0	0	0	1	1	0	0	2	1	0	1	2	0	0	1	1	0	0	4	0	1	1	0	0	0	0	3	0	0	5	4	1	2	2	1	0	1	0	4	1	1	0	0	0	1	0	1	0	0	0	0	0	0	1	0	0	0	0	0	0	0	1	0	0	0	0	0	0	2	0	2	0	0	0	0	0	0	0	0	0	0	0	1	0	0	3	0	0	0	1	0	0	0	0	0	1	2	2	3	1	1	1	0	1	0	0	0	0	2	0	0	0	0	0	0	0	0	0	0	2	2	1	0	0	0	0	2	0	0	0	0	0	0	0	0	0	0	0	0	0	0	1	0	0	0	0	0	0
0	0	0	0	0	0	0	0	2	0	2	3	4	6	2	2	1	1	4	5	2	3	2	2	2	1	2	1	3	3	2	1	0	2	1	0	0	2	2	0	2	3	0	1	1	3	6	5	3	2	2	2	3	5	5	4	9	3	1	3	1	2	2	7	2	5	4	6	0	1	0	0	1	0	0	1	0	1	0	0	2	1	1	1	1	0	2	2	4	8	4	5	3	0	3	0	0	1	31	19	44	8	26	0	22	7	4	7	7	7	7	106	5	6	21	8	17	7	9	10	1	4	1	4	1	4	0	1	2	7	3	6	3	5	6	2	2	1	0	0	3	0	0	1	4	2	4	5	2	1	0	2	1	0	0	2	2	4	1	8	10	3	3	3	3	2	7	11	3	16	17	11	86	5	4	13	6	10	13	29	3	5	1	1	1	2	1	3	0	1	0	0	0	1	0	2	1	1	0	1	1	0	0	2	1	2	3	1	2	0	0	1	2	0	0	0	0	3	0	1	0	1	2	0	0	1	2	1	0	2	4	1	1	3	0	1	0	0	1	0	1	1	0	0	0	0	0	0	3	0	1	0	1	0	1	0	0	0	0	0	0	0	0	0	0	0	0	1	0	0	1	0	0	0	1	0	1	2	0	0	0	0	0	2	0	2	0	1	0	1	1	1	0	0	1	0	1	0	0	0	0	0	1	1	0	0	0	0	0	1	0	1	0	0	1	0	0	0	0	1	0	0	0	0	0	0	1	0	0	0	0	0	0	0	0	1	0	1	1	1	0	0	1	0	3	1	1	0	0	0	0	0	0	0	0	0	0	0	0	0	1	1	0	0	0	0	0	2	1	0	0	2	1	0	0	1	0	1	2	0	0	0	0	0	1	1	1	0	2	1	0	0	0	1	0	0	0	1	0	0	0	0	3	0	0	0	0	0	0	0	0	0	0	0	0	0	1	0	0	0	0	1	0	0	0	0	0	0
0	0	0	0	0	0	0	0	1	2	4	7	5	4	6	2	1	3	2	2	6	2	4	4	1	6	0	3	3	7	1	2	1	1	1	2	2	4	0	2	0	1	0	1	5	10	3	5	4	1	0	1	2	3	10	1	17	7	3	2	5	4	3	2	6	2	4	0	4	1	0	1	1	2	0	0	0	0	0	1	1	2	2	1	1	3	2	4	2	4	12	14	9	4	3	0	1	2	10	5	9	2	6	22	0	9	9	7	5	9	14	76	7	12	19	25	15	9	8	3	1	2	2	4	1	1	1	1	1	0	1	1	0	2	3	2	3	2	0	1	0	1	2	1	1	2	2	3	2	0	2	2	0	1	0	1	2	2	3	5	5	3	1	1	2	4	3	6	2	11	11	41	41	1	3	2	7	8	14	24	20	12	1	2	4	2	2	1	1	2	0	0	0	3	0	0	1	0	0	1	0	0	0	0	2	0	3	0	1	1	0	1	1	0	0	0	0	1	0	0	0	0	0	0	1	1	1	0	3	2	3	1	0	0	1	0	1	0	1	0	0	0	1	0	0	1	0	0	1	1	0	3	0	2	1	1	0	0	2	0	1	1	0	0	0	0	0	0	0	0	0	0	1	0	0	1	1	0	0	2	1	1	3	1	1	1	0	1	0	0	2	0	0	2	0	0	0	1	0	0	0	1	2	0	1	1	0	1	0	2	0	0	0	1	1	0	0	0	0	1	0	0	0	0	1	0	0	0	0	0	0	0	1	0	1	0	1	0	0	0	1	0	0	0	0	0	0	0	1	0	1	0	0	0	0	0	0	1	0	0	0	1	0	1	0	0	0	0	0	1	0	0	0	0	1	1	0	0	1	0	0	1	0	0	0	0	0	0	0	0	0	0	0	0	0	0	1	0	1	0	3	0	1	2	2	0	0	0	0	0	0	0	0	0	0	0	0	0	0	0	0	0	1	1	0	0	0	0
0	0	0	0	0	0	0	0	8	10	4	1	6	8	8	9	6	3	10	8	3	4	0	1	2	3	2	3	4	4	2	1	2	2	1	0	0	4	1	1	1	0	0	0	3	1	4	4	2	2	2	0	2	3	2	6	9	4	1	5	2	7	3	3	2	4	4	1	0	1	0	0	0	1	1	0	0	0	0	2	3	0	0	0	1	0	0	1	1	3	25	164	44	17	8	4	5	0	5	2	3	1	3	7	9	0	27	22	4	5	7	12	6	11	4	4	3	2	1	2	0	1	1	1	0	2	1	1	2	1	1	0	0	1	2	1	0	2	0	2	0	0	0	3	2	3	2	3	2	1	1	1	1	2	1	1	1	2	1	1	5	2	1	1	0	2	5	4	3	2	3	15	9	1	1	4	1	5	15	11	16	8	3	3	4	3	4	2	1	1	0	2	1	1	2	0	0	0	1	0	0	0	0	0	0	1	0	0	0	1	1	0	2	0	2	0	0	0	1	0	0	0	0	1	0	1	0	2	1	2	3	1	2	0	0	0	1	0	0	0	0	0	0	0	0	1	0	0	0	1	2	1	1	0	1	0	0	0	1	1	0	0	0	0	0	0	1	1	0	2	0	0	0	0	0	0	1	0	0	1	0	1	1	1	0	0	0	0	1	1	0	0	0	0	0	0	0	0	0	0	0	0	0	2	0	1	0	0	0	1	0	2	0	0	0	1	1	0	2	0	0	0	0	0	0	0	0	0	1	0	0	1	0	1	0	1	0	1	0	0	0	0	0	2	0	0	1	3	0	0	0	0	0	0	0	0	1	0	0	0	1	0	0	0	0	0	0	1	0	0	0	0	0	0	0	1	0	0	1	0	0	0	1	0	0	1	0	0	1	0	0	0	0	1	0	0	0	0	0	0	0	1	0	0	0	1	0	0	0	0	1	0	0	0	0	0	0	0	0	1	0	0	0	0	0	0	0	0
0	0	0	0	0	0	0	0	4	4	1	1	0	5	5	4	4	7	15	15	12	6	2	3	2	1	3	4	6	4	2	1	2	1	3	2	1	5	0	2	1	0	1	3	2	4	2	5	1	1	0	1	3	1	2	2	1	2	1	1	2	3	1	0	2	1	5	1	1	1	0	1	0	0	0	1	1	1	1	1	2	1	3	0	0	0	1	1	1	6	7	24	22	37	3	4	4	5	2	2	3	2	4	4	9	27	0	15	13	3	6	8	6	9	5	1	3	2	1	2	1	1	3	2	4	0	1	1	3	1	2	1	0	3	2	2	0	0	0	0	1	2	0	2	2	3	2	0	2	3	2	1	0	0	1	1	2	2	0	2	2	4	2	1	2	3	5	3	6	5	2	8	6	3	4	1	1	7	6	10	12	6	6	6	8	10	5	1	1	2	1	0	2	0	1	1	1	3	2	1	4	0	0	0	1	1	1	1	1	2	1	0	1	2	2	1	0	2	2	0	3	2	0	1	1	1	4	2	1	1	1	2	3	1	3	1	1	0	0	0	0	0	0	0	0	0	0	0	2	0	2	3	1	0	1	0	0	0	0	0	0	0	0	0	1	1	0	2	1	0	0	0	0	0	0	1	1	3	4	1	1	1	3	1	0	1	0	0	1	1	0	0	0	1	0	0	0	0	0	2	1	0	2	1	0	0	0	0	0	0	3	0	0	0	0	1	1	1	0	1	0	0	2	0	1	1	0	1	0	1	0	0	0	0	0	0	0	1	0	0	0	0	0	1	1	0	0	1	0	0	0	0	0	0	1	0	0	0	0	0	2	0	0	0	0	0	0	1	1	1	0	0	1	0	1	0	0	1	1	0	0	2	0	0	0	0	1	1	0	1	0	0	0	1	0	0	0	1	1	1	1	0	2	1	0	0	0	0	2	0	1	1	1	0	1	0	0	0	1	0	0	0	0	0	0	1	0	0
0	0	0	0	0	0	0	0	4	6	0	3	4	5	1	1	4	2	2	5	5	2	0	1	3	1	1	4	3	1	3	1	0	0	3	0	0	0	1	0	0	0	1	1	5	2	0	1	1	0	1	4	6	0	0	2	3	1	3	1	2	0	2	2	1	2	0	1	0	0	1	0	0	1	0	0	1	0	0	2	0	3	0	0	0	1	0	1	0	5	11	20	21	12	4	2	0	0	0	3	5	6	5	7	7	22	15	0	44	14	9	5	4	7	6	4	2	1	2	2	1	0	0	3	1	2	0	2	0	1	0	0	1	1	2	2	4	1	1	1	0	3	3	2	1	3	5	1	1	1	1	2	2	0	0	1	0	1	7	2	0	1	2	1	1	1	1	1	2	2	4	2	6	3	0	2	1	4	7	13	12	6	6	4	4	1	3	1	1	3	0	3	2	1	0	2	0	1	1	2	1	1	2	1	3	0	0	1	1	0	1	1	0	1	1	1	1	1	2	1	0	2	2	1	0	1	1	1	2	4	1	0	0	1	0	2	1	1	0	1	0	0	1	1	0	0	0	1	0	0	2	2	0	0	0	1	2	0	0	0	0	0	0	0	1	0	0	1	0	0	0	0	0	0	1	0	1	1	0	1	1	0	0	0	0	0	1	0	0	0	0	0	0	0	1	0	1	0	1	1	0	1	0	0	2	0	0	1	0	2	0	0	2	1	0	0	1	1	0	0	0	0	0	0	0	0	0	1	0	2	1	0	0	1	0	0	0	0	0	1	0	1	1	1	1	0	0	0	1	0	0	0	0	0	0	1	0	1	0	0	0	0	0	0	0	0	0	0	0	1	0	0	0	0	0	0	0	0	0	0	1	0	0	1	1	1	1	0	0	0	0	0	0	1	1	0	1	0	2	1	0	0	1	1	0	1	0	0	1	0	0	0	0	0	0	0	0	0	0	1	0	0	0	0	0	0	0	0
0	0	0	0	0	0	0	0	5	2	2	2	3	2	0	4	1	3	3	4	6	4	1	0	2	0	1	2	2	1	1	2	2	2	2	0	0	0	1	0	1	2	1	2	2	2	2	8	0	0	0	1	0	1	1	2	7	1	1	0	2	1	1	1	1	0	1	0	1	0	1	0	1	0	0	0	0	0	2	0	0	2	1	0	1	1	0	0	2	2	6	7	7	5	1	4	1	2	2	0	7	9	5	7	5	4	13	44	0	37	22	4	10	4	1	3	3	1	1	2	1	1	0	0	1	2	1	0	2	0	1	0	3	0	3	2	0	1	1	0	0	2	2	3	2	3	6	4	3	2	2	0	0	2	1	0	2	4	10	7	4	1	0	3	1	0	3	4	2	3	4	2	10	2	3	5	3	7	20	13	17	17	8	7	6	7	6	3	2	2	0	0	1	0	0	2	0	0	0	1	3	0	0	0	1	0	1	2	0	0	3	3	1	4	1	1	2	3	3	1	1	0	1	2	0	1	4	0	6	6	2	3	1	0	1	2	0	0	0	3	0	1	0	0	0	0	0	1	1	0	2	1	0	2	0	0	1	0	2	0	2	0	0	1	1	0	0	0	0	1	0	1	0	0	1	0	0	1	1	0	0	0	1	0	0	1	0	0	1	0	0	0	0	1	1	2	0	1	0	1	0	0	0	1	0	0	0	0	0	0	1	0	0	0	0	1	1	0	0	0	0	0	0	0	0	0	1	0	0	0	0	0	0	0	0	1	1	0	0	0	2	0	1	0	0	1	3	0	0	1	0	0	0	0	0	0	0	0	0	0	0	2	1	0	1	0	1	0	1	0	0	0	0	0	0	0	1	0	2	0	0	0	0	0	0	0	0	1	1	0	0	0	0	0	0	0	0	0	0	1	2	1	0	0	0	1	0	0	0	0	0	0	0	1	0	1	1	0	1	0	0	0	0	0	1	0	0	0
0	0	0	0	0	0	0	0	5	6	2	1	2	1	2	2	5	1	5	4	2	2	1	1	0	0	0	1	1	1	1	1	2	1	0	0	2	1	1	0	1	0	0	2	2	1	1	1	2	2	1	3	1	0	3	0	1	3	0	2	0	2	2	1	1	4	1	1	0	0	0	2	0	1	0	1	1	0	2	3	0	0	3	2	0	0	2	1	1	5	8	1	5	4	2	1	0	0	4	1	3	7	2	7	9	5	3	14	37	0	94	6	3	3	3	4	1	3	1	4	0	2	1	0	1	1	1	1	1	0	1	2	1	3	3	4	3	1	1	0	4	1	1	3	3	0	2	1	2	2	1	2	1	1	1	2	1	2	6	6	4	2	2	0	0	0	2	2	0	5	0	4	5	7	6	3	6	5	9	6	10	2	8	3	3	4	2	2	1	0	1	1	1	0	0	0	1	1	3	1	0	1	0	0	1	0	1	1	1	1	0	0	0	1	0	0	0	3	0	1	0	0	1	2	0	4	2	5	1	2	1	2	1	2	0	2	1	1	0	1	1	0	0	0	0	0	0	1	0	1	0	0	0	0	0	0	1	0	0	0	2	1	1	1	1	0	0	0	0	0	0	0	0	2	1	0	0	1	0	4	2	1	0	0	0	1	0	0	0	0	0	0	1	0	0	1	0	0	0	1	0	0	0	4	0	0	0	4	0	0	1	0	0	0	0	1	1	0	2	1	0	0	0	0	1	0	0	0	0	0	0	1	1	2	0	0	0	0	0	1	0	0	0	0	0	0	0	0	0	0	0	1	0	0	0	0	1	1	0	0	0	0	1	1	0	0	0	1	0	0	0	0	1	0	0	0	0	0	1	0	0	0	0	0	1	0	0	1	1	0	0	0	1	0	0	0	1	1	1	0	0	0	0	0	1	0	1	1	0	1	0	0	1	0	0	1	0	0	1	0	0	0	0	0	0	0	0	0
0	0	0	0	0	0	0	0	7	2	3	3	4	2	3	1	3	0	5	1	1	1	1	2	2	2	1	1	2	3	1	4	0	0	1	2	1	0	1	0	0	0	2	2	1	2	4	2	3	2	2	0	2	2	1	1	1	2	0	1	4	3	3	1	1	1	1	2	3	0	0	0	1	1	0	0	1	0	1	0	1	2	1	1	2	1	0	0	0	2	9	4	7	3	1	2	2	0	6	1	5	19	11	7	14	7	6	9	22	94	0	12	2	3	2	5	6	3	1	2	2	2	1	3	0	0	1	1	2	1	5	3	2	2	0	6	2	2	0	1	1	0	2	3	0	1	4	3	2	1	2	1	1	3	1	1	5	4	8	4	4	3	3	0	1	2	6	2	3	7	4	0	13	6	6	7	3	7	14	14	11	14	7	2	2	3	6	0	1	2	0	1	0	1	2	1	0	1	0	0	1	1	0	3	1	1	2	2	2	0	3	2	0	1	2	1	1	1	0	2	0	0	0	0	1	1	2	3	0	3	3	3	1	2	3	1	0	0	1	0	0	2	0	1	0	0	0	0	1	0	0	0	2	1	1	0	0	0	0	0	0	0	0	1	0	1	0	0	0	0	0	0	1	0	0	0	0	1	0	0	0	1	0	1	0	0	1	0	1	2	0	2	0	2	0	3	0	0	0	0	0	1	0	1	0	2	0	0	0	1	0	0	0	1	1	0	0	1	1	0	1	1	0	0	0	0	0	1	3	0	0	0	0	0	0	0	0	0	0	0	1	0	0	0	0	0	0	1	1	1	0	0	1	0	1	0	0	0	0	1	0	0	1	0	1	0	0	0	0	0	0	0	0	0	0	0	0	0	2	0	0	1	0	0	0	0	0	1	1	0	0	0	0	0	0	0	0	2	1	0	0	2	0	0	0	0	0	0	0	0	0	0	0	0	0	0	0	0	0	0	0	0	0	0	0	0	0	0
0	0	0	0	0	0	0	0	2	3	2	1	5	4	6	1	0	5	2	6	3	4	2	2	0	2	0	3	5	3	1	4	1	2	0	1	3	0	1	0	0	0	1	2	4	8	2	7	5	3	1	4	6	3	5	6	9	2	4	3	1	3	5	5	8	5	6	2	1	2	0	1	1	0	0	0	0	0	1	1	2	3	0	2	2	0	2	3	3	7	2	7	5	6	1	2	0	3	23	4	17	8	17	106	76	12	8	5	4	6	12	0	8	11	28	11	18	4	5	7	3	1	3	1	2	5	0	3	0	3	4	2	4	2	3	1	1	1	0	1	0	0	0	4	0	2	1	3	1	0	2	1	1	1	1	1	0	4	4	2	4	4	3	3	2	2	4	7	7	10	16	22	171	5	1	4	7	6	19	25	10	9	2	1	0	2	2	1	1	0	0	1	0	0	1	0	0	0	1	1	1	0	0	1	1	2	1	2	1	1	0	1	0	3	3	0	0	1	1	1	0	2	0	0	0	1	3	3	4	2	0	1	1	0	1	1	0	0	0	0	0	0	0	1	0	1	1	1	0	1	0	0	3	1	1	0	0	1	0	0	0	0	0	0	1	1	0	3	0	1	1	1	0	2	0	1	0	1	0	0	1	1	0	2	0	0	0	0	0	0	0	2	0	0	2	0	1	1	0	1	0	1	0	3	0	0	1	1	1	0	0	1	1	0	0	0	0	0	0	0	0	1	1	0	0	1	0	0	0	1	0	0	0	0	0	0	1	2	0	0	0	0	0	0	0	0	2	1	1	0	0	0	0	0	0	1	0	0	1	0	0	0	0	0	0	0	0	0	0	0	0	0	0	0	1	0	1	0	1	0	1	1	0	0	0	0	2	1	0	0	0	0	2	0	1	0	2	1	1	0	0	1	1	1	0	0	0	1	0	0	0	1	0	0	0	0	0	0	0	0	1	0	0	0	0	1	0	0
0	0	0	0	0	0	0	0	4	3	1	1	3	3	2	7	5	15	13	71	23	10	3	2	7	3	2	11	19	18	10	4	4	2	1	2	2	4	3	2	0	0	4	5	4	7	36	23	6	2	0	2	8	5	5	8	14	1	0	5	0	4	0	3	1	7	1	1	1	0	0	0	0	0	0	2	1	0	1	0	0	2	0	0	0	0	1	2	2	2	6	8	4	13	3	4	2	8	5	1	0	4	6	5	7	6	6	4	10	3	2	8	0	22	8	3	1	0	3	4	3	0	0	2	1	2	1	2	3	1	2	4	1	1	2	3	2	1	1	0	2	2	1	2	1	1	4	3	0	0	0	4	1	3	0	1	0	1	2	7	2	2	3	3	7	5	4	10	5	4	5	9	9	2	1	2	0	12	10	5	18	10	7	2	0	8	7	8	3	2	0	3	1	0	0	0	2	0	0	1	2	2	3	2	0	1	1	4	1	0	0	0	1	1	1	2	2	1	0	2	3	0	1	0	0	0	2	3	0	3	2	5	0	0	1	0	0	0	2	0	0	0	0	0	0	1	0	2	1	1	1	0	2	1	1	0	0	0	0	2	0	0	0	3	1	0	0	0	0	0	0	0	0	0	0	0	0	2	0	0	2	2	1	1	1	1	3	2	1	2	1	0	1	0	0	0	3	0	1	1	1	2	0	1	1	1	0	0	0	0	0	1	0	0	0	0	0	3	2	1	0	1	0	0	0	1	0	0	1	0	0	0	0	0	1	1	1	1	2	1	0	0	0	1	0	0	0	0	0	0	0	0	0	1	0	0	1	1	0	0	0	1	1	1	0	0	0	0	0	0	0	0	1	0	0	0	0	0	0	1	1	2	0	0	1	1	0	0	0	0	0	0	1	0	0	0	0	0	0	1	3	0	0	0	0	2	0	0	0	0	1	0	1	0	1	1	2	0	0	0	1	1	0	0	0	0	0	0
0	0	0	0	0	0	0	0	4	3	1	5	5	7	5	8	7	11	10	6	7	6	3	1	3	6	5	14	15	25	11	3	8	2	2	3	4	8	1	1	3	2	1	5	13	4	9	8	4	0	1	3	1	1	7	6	129	9	6	7	4	6	7	3	2	4	4	3	0	1	0	0	1	1	0	0	0	0	0	0	3	2	2	1	1	6	2	0	2	3	6	15	13	8	5	1	2	4	9	4	2	2	4	6	12	11	9	7	4	3	3	11	22	0	20	22	1	0	3	4	6	5	2	3	1	0	3	0	4	1	1	1	6	1	2	2	2	1	0	2	1	0	0	0	2	3	1	1	0	2	0	0	0	0	2	2	1	2	4	0	4	1	2	2	0	6	3	3	9	18	13	60	8	3	1	1	4	9	9	7	13	6	5	1	1	4	5	3	4	2	0	1	0	1	3	0	2	0	1	2	2	0	2	1	0	0	1	0	0	0	1	0	1	0	1	0	0	2	2	1	0	1	2	1	0	0	2	2	0	0	1	0	1	1	1	0	1	0	1	0	0	0	0	1	0	0	0	1	0	0	0	2	0	1	0	0	0	0	0	1	0	0	0	0	0	2	3	0	0	1	1	0	1	0	1	0	1	0	1	2	0	0	1	2	1	1	1	1	0	1	1	1	1	0	1	1	1	0	1	1	0	1	1	0	0	0	0	0	3	2	0	2	1	0	1	0	0	0	0	0	0	1	0	0	0	0	0	0	0	1	0	1	0	0	0	2	0	0	1	1	0	0	0	0	0	0	0	0	1	0	0	2	0	0	0	0	0	1	1	0	2	1	0	1	0	0	2	2	0	0	0	0	0	1	1	1	0	0	1	0	0	0	0	3	0	2	3	0	0	1	0	0	1	0	0	0	0	0	1	0	1	1	1	1	0	0	0	0	0	1	0	1	0	0	0	0	0	0	1	0	0	0	0	0	0	0	0	0
0	0	0	0	0	0	0	0	2	0	8	4	2	2	4	4	3	7	5	1	1	3	3	1	0	1	2	7	5	6	6	9	3	2	2	1	2	1	1	2	3	2	1	2	7	3	10	7	3	2	0	1	4	11	8	12	28	6	4	7	2	5	11	4	1	19	6	2	2	3	3	0	1	0	1	1	0	0	4	0	0	1	4	1	3	3	5	2	1	4	9	4	4	4	2	1	0	0	10	6	5	4	5	21	19	4	5	6	1	3	2	28	8	20	0	38	10	3	5	5	5	4	4	2	2	7	0	3	0	2	5	0	5	4	1	0	2	2	1	2	1	0	0	0	1	2	3	4	3	2	1	1	2	0	0	1	2	2	1	3	2	3	1	3	3	2	3	7	13	38	42	64	16	2	0	2	3	4	0	5	9	4	2	1	1	2	1	3	3	1	1	0	1	1	0	1	0	0	0	1	0	2	1	1	2	2	1	1	0	0	0	0	1	0	0	1	0	0	3	0	0	0	1	0	0	1	3	1	1	3	1	1	0	2	0	1	0	1	0	1	0	1	0	1	0	1	0	0	0	0	2	0	1	0	0	0	0	0	0	1	2	0	1	0	0	1	0	0	0	1	0	1	0	1	0	0	1	0	1	0	0	0	1	0	3	1	0	1	1	0	0	0	0	1	1	0	0	0	0	2	0	1	0	0	1	0	0	2	1	1	0	3	0	0	2	0	0	0	2	2	0	0	1	0	0	0	0	1	0	1	1	1	0	1	0	0	0	0	0	0	0	0	0	0	1	0	0	1	0	1	0	0	0	0	0	1	0	0	0	0	0	0	0	0	0	1	0	2	0	0	0	0	0	0	0	2	0	0	0	1	0	1	0	0	2	0	0	0	0	1	0	0	1	0	1	1	1	1	0	0	0	0	1	0	0	0	1	0	0	0	0	1	0	0	1	0	0	0	1	0	0	0	0	1	0	0	0	0
0	0	0	0	0	0	0	0	1	5	3	5	7	15	8	2	3	2	4	4	2	0	2	3	2	1	0	5	6	9	3	0	5	1	1	0	1	5	2	1	2	4	0	0	2	1	3	3	1	1	1	5	5	6	6	11	16	6	2	7	7	11	23	11	10	28	3	2	0	0	0	1	0	0	0	1	0	0	4	4	2	0	0	5	1	1	4	1	2	5	13	7	6	1	0	0	0	1	7	2	4	0	4	8	25	4	1	4	3	4	5	11	3	22	38	0	12	4	3	2	2	6	2	1	1	1	2	1	2	0	0	0	2	1	2	0	1	1	0	2	0	1	2	2	2	2	2	2	0	2	1	2	0	0	0	1	2	2	5	0	1	3	0	0	1	1	4	2	8	6	9	22	6	1	1	0	0	2	2	3	4	2	0	0	0	1	2	1	0	1	0	0	1	0	1	2	0	0	0	1	0	0	0	1	1	0	0	1	0	0	0	0	0	0	1	0	2	2	0	0	0	0	0	0	1	0	2	0	1	0	1	0	1	1	0	1	1	0	0	0	0	0	0	0	0	0	0	1	0	0	0	0	0	1	0	0	1	0	0	0	1	0	0	2	0	0	0	0	0	0	0	1	0	1	0	1	1	0	0	0	0	0	2	1	1	1	0	0	3	0	0	1	0	0	2	2	0	1	0	0	0	0	0	0	1	0	0	1	0	1	1	1	4	1	0	0	0	0	0	1	0	0	0	0	1	0	0	0	0	0	0	1	1	0	1	0	0	0	2	1	0	0	0	0	2	0	0	1	1	0	0	1	0	0	1	0	1	0	0	0	1	0	1	0	1	0	0	0	0	0	0	0	0	0	0	1	0	0	1	0	2	0	1	1	0	1	0	0	0	0	0	0	0	0	0	0	1	0	0	0	0	0	2	0	0	0	0	1	0	0	0	0	0	1	0	0	0	0	0	0	0	0	0	0	0	0	0	0
0	0	0	0	0	0	0	0	1	1	5	2	3	2	1	2	1	2	2	1	0	0	1	1	2	0	0	0	1	1	3	2	0	2	0	2	4	3	1	1	0	1	0	1	6	1	1	2	7	2	2	0	3	6	7	5	5	3	4	2	1	6	4	13	15	12	12	5	3	1	2	0	0	0	1	0	1	0	0	3	2	1	3	3	4	1	2	3	2	4	4	2	3	0	1	0	0	3	10	8	8	6	5	17	15	3	3	2	3	1	6	18	1	1	10	12	0	14	13	18	9	4	3	2	3	5	2	1	0	1	1	3	3	1	3	0	1	0	0	0	2	1	3	0	0	1	2	0	0	0	0	2	0	0	5	0	2	2	0	1	2	2	0	2	1	0	1	4	3	4	12	6	7	2	1	2	9	5	4	5	2	0	3	0	1	2	1	2	1	0	0	1	1	0	1	3	0	0	1	1	1	2	0	1	0	1	4	2	0	1	0	1	0	0	0	0	1	2	0	1	1	0	2	0	2	0	0	1	0	0	3	1	1	1	0	1	0	0	0	2	0	1	1	0	1	1	1	0	0	1	0	0	0	1	0	1	0	1	0	1	0	0	0	0	0	0	0	0	0	0	1	0	0	1	0	0	0	0	1	0	0	1	0	0	0	0	1	0	2	0	0	1	0	1	0	1	0	1	1	0	0	1	0	1	1	0	0	0	2	0	0	1	1	0	1	0	0	2	0	0	1	0	0	1	0	0	0	0	0	0	0	0	0	0	0	1	0	0	1	0	0	0	1	0	0	0	0	0	0	0	0	0	0	0	0	0	1	0	0	0	0	1	0	0	1	1	0	0	0	0	2	0	1	0	0	1	0	0	1	0	0	0	0	0	0	0	0	0	1	0	0	1	0	0	1	1	1	3	3	2	0	3	1	0	0	0	0	0	0	0	1	0	1	1	0	0	0	0	0	0	1	0	0	1	2	0	0	0
0	0	0	0	0	0	0	0	1	3	1	0	0	0	2	0	0	2	2	2	3	0	0	1	1	1	0	2	0	0	0	0	2	1	0	0	0	1	4	1	0	1	0	1	2	3	0	0	2	2	1	1	0	3	2	4	1	0	0	1	1	2	3	4	1	3	5	10	7	5	2	3	1	1	1	1	0	1	1	1	2	1	1	0	1	5	3	4	6	4	2	1	2	0	1	0	1	1	5	10	5	1	12	7	9	2	2	1	1	3	3	4	0	0	3	4	14	0	35	20	9	6	2	5	6	12	3	3	2	3	1	1	3	0	2	1	2	1	0	0	0	1	0	1	1	0	1	1	2	0	0	0	0	0	0	2	1	0	1	1	5	2	1	2	4	1	4	1	5	4	5	4	6	2	2	4	8	1	1	5	0	0	1	1	0	1	1	0	1	1	1	0	0	2	1	2	0	0	0	0	1	1	1	1	3	0	1	0	0	0	2	0	1	2	1	1	0	3	2	0	2	0	0	0	0	0	0	1	4	2	4	1	0	0	1	1	0	0	1	0	1	1	0	0	1	0	0	1	1	0	1	0	2	0	0	0	1	0	0	0	0	2	0	1	0	1	0	0	1	0	2	1	1	2	0	0	1	0	0	0	0	0	1	0	0	0	1	0	1	0	1	1	1	1	1	0	0	0	0	0	1	2	0	0	0	1	0	1	2	1	3	0	0	0	0	0	0	0	0	3	1	0	0	0	1	1	0	1	2	1	0	0	0	0	0	0	0	1	0	0	0	0	0	0	0	0	1	0	0	0	0	0	1	0	0	0	0	0	2	1	0	0	0	0	0	1	1	0	0	0	0	0	0	1	1	0	0	1	2	1	0	0	1	0	0	0	0	0	0	0	0	0	1	0	0	0	1	0	0	0	0	0	0	0	0	1	2	0	0	1	0	1	0	1	0	0	1	1	1	0	0	0	0	1	0	0	0	0
0	0	0	0	0	0	0	0	0	0	3	2	1	4	2	4	2	0	2	0	1	3	0	1	1	1	0	0	2	2	3	1	3	0	3	1	1	0	0	0	0	0	2	1	5	1	3	3	4	1	4	2	4	3	3	4	7	1	1	1	1	4	2	4	4	7	8	0	4	3	0	1	0	0	1	0	0	0	1	0	1	0	1	1	3	3	2	4	3	2	5	1	1	2	2	1	1	0	7	15	9	3	9	9	8	1	1	2	1	1	1	5	3	3	5	3	13	35	0	134	27	12	5	8	6	33	15	9	5	4	4	1	1	3	1	1	1	0	1	0	1	1	1	1	0	1	1	2	1	2	0	0	0	0	0	0	3	2	0	1	2	2	3	0	3	0	2	6	6	17	20	3	5	1	4	7	4	3	4	1	3	2	1	0	0	1	0	0	1	0	1	0	0	0	1	0	0	0	0	1	1	0	0	1	1	2	0	3	1	0	0	0	2	1	1	1	2	1	0	2	0	0	1	2	0	1	0	1	2	1	3	1	0	1	2	1	1	1	1	0	1	0	0	1	0	0	0	0	0	2	2	1	0	0	1	1	0	0	0	0	0	0	0	1	0	0	0	1	0	0	0	0	0	0	1	1	1	0	2	0	0	1	0	1	1	1	4	3	0	2	1	0	1	1	0	0	2	1	0	1	1	0	0	1	0	2	0	0	0	1	0	0	0	1	2	0	0	0	2	1	1	0	0	0	0	1	0	0	0	0	1	0	0	1	0	1	0	2	0	0	0	0	0	0	0	1	0	0	1	1	1	0	1	0	0	0	1	0	0	0	2	0	0	0	0	1	0	0	0	0	0	0	1	0	0	0	0	0	0	0	1	3	1	1	0	0	1	0	2	0	0	0	0	0	0	0	0	1	0	0	1	0	0	1	0	0	0	0	1	0	1	0	0	0	0	0	0	0	2	0	0	0	1	0	0	0	0	0
0	0	0	0	0	0	0	0	0	1	2	3	1	2	1	2	1	2	3	2	1	0	0	1	0	1	1	3	4	2	2	3	1	1	0	0	2	0	0	0	3	3	0	1	3	3	3	4	4	1	2	2	2	4	4	4	3	1	2	4	5	1	2	3	4	9	9	9	1	2	1	0	0	1	0	0	3	0	2	0	3	0	0	1	2	2	2	2	2	2	1	1	2	1	0	0	1	0	6	9	8	5	1	10	3	2	2	2	2	4	2	7	4	4	5	2	18	20	134	0	49	9	8	4	4	19	6	3	2	1	1	0	0	2	2	0	2	0	0	1	0	0	1	0	1	2	0	2	1	2	0	0	0	0	0	2	0	1	3	4	2	1	0	1	2	4	3	2	8	8	5	2	4	2	3	3	2	3	2	7	4	1	2	0	0	0	0	0	2	1	0	0	1	0	1	0	0	1	0	0	1	1	0	1	0	0	2	1	0	0	0	0	0	0	0	0	2	0	1	2	0	0	0	1	0	0	0	0	1	0	1	0	1	1	0	0	2	0	0	0	0	0	1	0	0	1	0	0	0	0	2	1	0	1	0	0	0	0	1	1	0	1	0	0	0	1	0	0	0	0	0	0	0	0	0	1	1	1	1	0	0	0	0	0	1	1	0	0	0	0	0	0	0	0	2	0	0	2	1	1	1	0	0	1	0	0	2	0	1	1	2	1	0	0	0	1	0	0	0	1	1	0	0	0	0	0	1	1	0	1	0	0	0	1	0	0	0	0	0	0	1	0	0	0	0	0	0	0	1	0	0	0	0	0	0	0	0	0	0	0	1	0	0	0	1	0	0	1	0	0	0	0	0	3	0	1	2	2	0	1	1	0	0	0	0	0	4	0	0	0	0	0	1	0	1	0	1	0	0	1	1	0	2	1	0	0	0	0	0	0	0	0	0	0	1	1	0	0	0	0	0	0	0	0	0	0	0	0
0	0	0	0	0	0	0	0	1	1	1	1	2	1	4	3	1	8	1	2	0	0	1	1	1	0	3	2	1	2	6	2	2	0	1	1	1	0	0	0	2	2	1	3	1	5	0	4	2	2	2	0	6	5	2	6	5	0	1	2	1	1	5	2	2	9	8	1	6	0	2	1	1	0	2	1	1	0	1	0	0	2	1	2	0	1	2	1	1	2	3	0	3	1	2	1	1	1	4	5	4	3	4	1	1	0	1	1	1	0	2	3	3	6	5	2	9	9	27	49	0	19	2	3	1	8	7	3	1	2	1	4	3	4	1	1	1	0	0	1	0	0	1	1	1	1	0	0	1	2	1	1	0	1	1	0	0	1	1	0	2	4	1	1	4	0	1	6	6	3	11	3	2	0	0	2	4	2	3	4	2	3	1	0	0	0	1	0	1	2	0	1	0	1	2	0	2	2	0	0	0	1	0	1	0	0	0	2	0	1	1	2	1	2	1	0	1	0	0	1	0	0	0	0	0	0	0	1	0	0	1	3	1	0	1	1	0	0	1	2	0	0	1	0	0	0	1	0	0	1	0	1	0	1	0	0	0	0	0	1	1	0	0	0	0	1	1	0	1	1	1	0	0	1	1	1	0	1	0	1	0	0	1	1	0	0	1	1	1	0	1	0	1	1	2	0	1	1	0	0	0	2	0	0	0	1	1	0	0	1	4	1	0	2	1	0	0	2	1	2	1	0	0	0	0	0	0	1	2	2	0	0	0	0	0	0	0	2	0	0	0	0	0	0	0	0	1	0	0	0	0	0	0	0	0	0	0	0	0	0	0	0	0	0	0	0	1	0	2	0	0	1	0	2	0	2	0	0	0	3	0	2	0	1	1	1	1	1	0	1	0	2	0	0	0	0	0	1	0	1	1	1	0	0	2	1	0	0	1	2	0	1	0	0	0	1	0	0	1	0	1	0	0	0	0	0	0	0
0	0	0	0	0	0	0	0	0	0	1	1	0	1	4	1	0	2	1	2	2	2	1	2	4	1	5	3	5	5	7	5	5	3	5	1	2	1	1	1	4	1	1	1	11	6	3	8	3	2	3	2	7	13	2	7	5	3	0	2	1	3	0	3	2	7	0	4	0	1	1	1	0	0	1	1	0	2	0	1	0	0	1	1	1	2	1	1	0	0	2	1	1	3	1	0	0	2	7	4	2	1	1	4	2	1	1	0	1	2	2	1	0	5	4	6	4	6	12	9	19	0	36	6	2	10	9	5	1	2	5	0	3	5	3	1	0	1	1	0	0	0	0	0	1	0	0	1	2	2	3	0	1	1	0	0	0	0	0	0	1	0	3	2	6	4	6	4	27	5	15	7	8	1	2	3	4	5	2	3	1	2	2	1	0	0	0	0	2	0	3	2	1	0	0	1	0	1	0	1	1	1	1	0	1	4	0	0	2	0	0	1	1	0	1	0	1	0	1	3	0	0	1	0	1	0	1	1	0	0	0	2	0	2	3	0	1	0	0	1	0	2	1	3	0	0	0	1	0	1	1	2	2	0	0	0	1	0	1	0	1	0	1	1	0	1	0	0	1	0	1	0	2	0	0	0	0	0	0	0	3	1	2	2	1	0	0	0	0	3	0	2	0	1	1	2	2	0	0	0	1	0	1	0	0	0	0	1	1	1	2	0	1	1	1	0	0	1	3	1	0	1	0	0	1	0	0	0	1	0	0	1	0	0	1	2	1	0	2	0	0	0	0	0	1	0	0	0	0	0	1	0	0	2	0	1	0	0	0	0	0	0	0	0	0	0	0	0	1	0	0	0	0	1	1	0	1	1	3	0	1	0	1	0	0	0	1	0	0	0	2	1	0	0	0	0	0	0	1	0	1	0	0	1	0	0	0	1	1	0	0	0	0	0	1	1	0	2	0	0	0	0	0	0	0	0	0	0
0	0	0	0	0	0	0	0	1	0	1	0	0	0	2	1	2	1	2	2	4	3	3	4	3	1	6	2	1	5	2	0	2	0	0	1	1	2	1	1	1	2	3	2	9	14	2	9	16	7	5	2	8	8	9	4	4	0	1	0	0	1	4	2	0	3	2	2	0	0	0	0	1	1	0	1	1	0	1	1	1	0	1	2	3	0	0	0	4	0	2	1	1	1	2	1	0	1	13	7	3	2	5	1	2	1	3	0	0	1	1	3	0	2	4	2	3	2	5	8	2	36	0	13	8	8	9	12	4	3	7	1	4	5	6	1	1	1	0	0	2	0	0	0	0	0	1	0	0	2	0	0	0	0	2	1	3	3	4	0	5	4	4	9	11	6	5	13	32	12	20	2	3	1	1	5	8	3	2	1	4	4	0	0	1	0	2	5	1	0	1	3	1	0	2	1	0	0	1	0	2	2	2	1	0	3	3	3	0	2	1	0	3	0	1	1	0	2	1	0	0	2	1	0	1	0	0	2	0	1	3	1	2	3	0	0	1	0	1	0	0	1	1	1	0	0	1	2	1	1	0	1	1	1	0	0	1	1	0	1	2	0	2	1	0	3	0	0	1	0	1	0	0	1	1	0	0	2	0	0	1	0	2	0	3	2	1	1	1	2	3	1	0	1	4	1	1	0	0	2	1	2	1	2	1	1	0	2	1	1	2	4	1	1	1	1	1	0	0	1	0	1	1	0	1	0	0	0	1	0	0	0	0	0	0	0	0	1	0	1	0	0	0	0	1	0	1	2	0	0	2	0	1	0	1	0	0	0	0	0	0	0	2	0	0	0	1	0	1	0	0	0	0	0	0	1	0	1	1	0	1	0	0	2	4	0	1	1	0	0	0	0	0	0	0	1	0	0	0	0	2	1	2	1	3	1	0	0	1	0	1	0	1	1	1	1	0	1	1	1	0	0	1	0	0	1	0	0
0	0	0	0	0	0	0	0	0	0	0	0	0	0	3	0	1	2	1	4	3	0	3	0	4	1	2	1	4	1	2	1	2	3	0	0	0	0	0	1	0	0	1	2	5	4	2	4	10	10	9	3	4	6	1	1	3	0	0	2	1	1	1	2	2	0	1	1	1	1	0	0	1	0	1	0	0	0	1	0	0	0	1	0	1	1	0	3	1	0	2	0	1	0	0	1	0	0	8	5	1	0	0	4	4	1	2	3	0	0	3	1	2	3	2	1	2	5	8	4	3	6	13	0	15	11	13	41	34	19	5	0	5	4	4	0	2	0	1	0	1	0	0	2	2	7	3	4	0	4	4	1	1	2	1	1	1	0	1	1	8	11	7	7	11	11	6	7	3	2	5	2	5	1	3	3	9	4	0	2	1	3	4	1	0	1	3	4	1	1	0	3	3	3	5	1	1	0	0	1	4	1	1	1	4	3	3	3	2	1	1	3	4	1	0	1	1	3	3	0	0	2	2	0	1	2	1	0	0	3	1	3	0	3	5	2	1	4	2	0	0	0	2	0	1	0	0	1	1	2	3	3	5	2	0	1	0	1	1	0	0	0	0	1	0	1	0	0	2	2	2	0	1	2	0	1	1	0	1	1	0	0	0	1	0	3	1	1	3	2	2	0	0	3	4	6	0	0	2	1	0	2	1	0	0	1	1	1	1	0	6	3	1	3	4	1	0	2	4	5	0	0	0	0	0	1	0	1	2	2	0	0	0	0	0	0	2	1	0	0	1	1	2	0	0	2	1	0	0	0	0	0	0	0	0	1	0	1	0	0	1	1	1	1	1	2	0	1	1	1	1	0	2	2	1	3	0	0	0	1	2	1	2	0	1	1	1	2	3	0	0	0	1	1	0	0	0	1	0	1	0	0	2	1	1	0	1	1	0	0	0	0	1	0	1	0	1	2	0	2	1	0	0	1	0	1	0	0
0	0	0	0	0	0	0	0	0	1	0	0	1	0	2	2	1	0	1	0	2	2	3	1	1	1	3	0	1	0	2	1	1	2	0	3	0	0	1	1	0	0	2	1	1	1	3	4	3	2	2	1	0	3	2	2	1	0	1	0	1	1	0	1	0	1	2	0	2	0	0	1	1	0	0	1	1	0	0	2	0	0	0	0	2	0	1	1	0	1	0	1	1	0	1	0	1	0	2	5	4	2	0	1	1	0	4	1	1	1	0	2	1	1	2	1	3	6	6	4	1	2	8	15	0	20	42	71	25	12	6	3	4	3	2	1	1	3	0	1	0	0	1	2	0	0	0	0	1	2	0	1	0	1	0	0	3	0	1	0	3	2	2	3	1	1	2	4	3	3	1	1	4	3	5	4	7	2	0	0	2	3	1	0	0	1	0	0	2	1	2	2	0	1	0	2	1	2	0	1	1	1	1	0	1	2	1	1	2	1	0	4	2	1	0	1	0	1	4	1	0	2	2	1	4	1	0	2	2	1	0	0	3	2	3	3	0	1	0	1	1	2	0	1	0	1	0	0	1	1	1	1	3	2	1	0	0	3	0	0	0	0	1	0	2	1	0	1	0	0	0	1	0	1	1	1	2	0	0	0	0	1	0	2	1	1	0	2	2	4	4	0	0	1	1	2	0	3	2	1	0	0	0	2	1	3	0	2	0	8	8	1	0	1	4	0	2	2	1	4	1	1	0	0	0	1	0	0	1	0	0	1	0	0	0	1	1	0	2	2	0	0	1	0	0	0	1	0	0	0	0	1	0	0	0	0	0	1	0	1	0	0	1	0	0	0	0	0	0	0	1	0	0	0	1	1	2	1	2	0	1	1	3	0	1	1	1	2	1	1	0	0	0	0	2	0	0	0	1	2	0	1	0	0	2	0	1	1	0	0	0	0	1	0	0	0	1	1	2	0	2	0	1	0	0	1	0	0
0	0	0	0	0	0	0	0	1	0	0	0	0	2	1	2	1	2	1	0	1	1	1	2	1	2	4	2	3	2	0	2	2	0	1	0	0	2	0	1	0	0	1	1	0	3	1	1	1	6	3	3	1	5	0	4	2	0	0	0	0	2	0	3	0	2	2	2	3	2	2	1	0	1	1	0	0	0	0	0	1	1	0	0	1	0	2	2	2	1	2	0	1	1	2	0	0	0	12	12	7	3	5	4	1	2	0	2	2	1	0	5	2	0	7	1	5	12	33	19	8	10	8	11	20	0	24	13	12	5	5	5	2	2	1	2	0	0	3	0	1	1	0	0	0	0	3	0	1	2	1	1	2	1	1	1	1	2	1	0	2	2	3	1	9	6	3	6	9	5	7	3	3	3	3	2	8	2	4	0	3	2	3	0	0	0	2	1	0	1	1	1	1	0	1	1	2	0	0	0	2	1	1	2	3	0	1	1	2	0	2	3	1	4	1	2	0	0	3	1	0	0	1	0	0	1	0	1	3	2	1	1	0	3	1	0	0	0	1	0	0	0	0	0	0	0	1	0	2	0	0	0	1	3	0	1	2	0	0	0	0	0	1	1	0	1	0	1	1	0	0	0	0	0	2	0	0	0	1	0	0	0	2	0	1	0	0	0	1	2	0	1	0	1	2	0	2	3	0	1	1	0	3	1	0	0	0	1	0	2	2	0	1	0	0	2	0	1	0	0	0	0	0	0	0	3	0	0	0	0	1	1	0	0	0	0	0	1	0	0	0	0	0	0	0	0	1	1	0	0	0	1	0	0	0	0	0	1	0	0	0	0	1	0	0	2	0	0	1	0	1	0	0	0	2	0	0	3	1	0	0	1	0	2	2	2	1	1	0	1	0	0	0	1	0	1	0	0	2	0	1	1	1	1	1	0	2	1	1	0	0	1	0	2	1	0	0	0	0	1	0	0	2	0	0	0	0	0
0	0	0	0	0	0	0	0	2	1	1	1	0	1	0	2	2	0	3	2	0	3	1	0	1	2	3	1	1	0	3	4	1	1	1	1	1	2	0	0	0	3	1	1	2	2	2	1	4	2	4	1	2	3	7	1	3	1	2	0	2	0	1	2	0	0	2	2	2	3	0	0	0	0	0	1	0	0	0	1	3	2	0	0	0	1	0	1	2	1	0	2	0	1	0	0	1	0	5	6	1	1	1	0	1	1	1	0	1	1	1	0	1	3	0	2	2	3	15	6	7	9	9	13	42	24	0	34	10	10	3	0	5	0	1	2	3	1	1	1	1	0	0	0	0	1	3	2	2	4	2	1	1	2	0	1	0	2	3	1	3	1	3	3	2	9	1	4	3	4	3	2	2	1	2	4	4	0	0	2	4	3	2	1	2	0	0	0	0	1	0	0	0	1	0	0	1	0	2	0	1	1	1	0	3	2	1	1	2	2	1	0	0	2	1	1	0	1	2	0	0	0	2	0	0	1	0	2	1	0	1	3	1	3	2	3	0	1	0	0	1	0	0	0	0	1	0	2	0	0	0	2	2	1	0	0	0	0	0	0	1	0	0	1	0	1	1	1	0	0	1	1	1	1	1	0	0	1	2	1	1	1	0	1	1	0	1	2	1	2	2	1	0	0	0	1	1	1	1	0	0	0	1	1	0	1	2	0	1	1	3	3	2	5	1	2	0	0	2	3	1	0	0	0	2	0	0	1	1	0	1	1	1	0	0	0	1	0	0	0	0	0	0	0	0	0	2	1	1	0	0	0	2	0	1	0	0	0	0	0	1	0	0	0	0	0	0	0	0	1	0	1	0	1	0	1	1	1	1	2	0	0	0	0	1	2	1	0	2	0	0	0	0	1	0	0	1	0	0	1	0	0	1	1	0	0	0	0	0	0	0	0	0	1	0	0	0	0	0	0	0	0	0	1	0	0	0	0
0	0	0	0	0	0	0	0	0	0	0	1	1	0	0	0	0	2	1	1	1	2	2	3	3	1	0	2	2	1	2	2	0	0	0	1	0	0	0	0	2	0	0	1	0	1	5	5	6	5	1	2	2	2	0	0	0	0	2	1	1	3	2	1	0	0	2	1	1	1	0	0	0	0	0	0	0	1	0	1	0	0	0	0	3	0	0	0	0	1	1	2	2	0	0	0	0	2	3	8	0	4	0	1	1	1	1	2	0	1	1	3	2	0	3	1	1	3	9	3	3	5	12	41	71	13	34	0	42	18	3	1	3	10	3	0	2	1	0	1	1	1	0	1	1	3	2	3	3	1	0	0	2	3	3	0	2	1	0	0	3	3	3	6	8	9	1	7	4	2	3	3	1	1	4	5	7	2	3	0	2	1	3	0	0	1	2	0	2	1	2	4	0	0	0	0	1	1	1	0	1	2	3	0	2	1	1	1	0	1	0	1	2	2	0	0	0	1	0	2	0	2	0	0	1	0	0	2	0	4	1	1	2	1	2	0	0	0	2	1	0	0	1	1	0	1	0	0	0	4	1	2	2	2	1	0	0	1	0	0	0	1	0	0	0	1	0	1	0	0	1	0	0	1	0	2	1	0	0	1	3	1	0	1	2	0	0	3	3	1	2	2	2	2	4	1	1	1	0	0	0	1	0	1	1	0	2	0	2	2	5	3	2	2	4	1	2	0	2	4	2	1	1	0	0	0	1	0	0	0	0	2	0	1	0	0	1	2	1	0	0	0	0	0	0	0	0	1	0	0	0	1	0	0	0	0	0	1	1	0	0	0	0	0	0	0	0	1	0	0	0	0	0	1	0	1	1	1	2	1	3	0	1	1	0	1	0	1	0	0	0	0	0	0	0	0	0	1	4	0	1	0	0	1	1	1	0	0	0	0	2	0	0	1	0	2	1	2	0	0	0	0	0	0	0	1	0	0
0	0	0	0	0	0	0	0	2	0	1	0	2	0	0	0	1	3	1	1	3	1	4	2	1	1	1	3	3	0	3	1	4	0	2	0	0	2	0	1	0	0	2	1	1	6	5	8	10	8	1	3	2	1	0	0	1	0	0	0	2	0	1	1	1	1	2	1	2	0	0	1	1	1	0	0	0	0	0	1	0	0	0	2	3	1	2	0	1	0	0	1	1	2	2	1	0	0	8	9	3	3	3	2	1	2	3	0	2	1	2	0	3	4	0	2	0	2	5	2	1	1	4	34	25	12	10	42	0	270	15	9	15	18	10	0	2	3	1	1	0	1	2	1	3	1	5	9	1	1	3	2	1	1	3	2	1	4	1	1	7	4	8	9	7	12	6	4	0	8	2	3	1	9	8	3	16	4	5	2	1	2	1	1	1	1	2	3	0	1	0	4	1	1	3	0	1	0	0	2	0	2	8	1	2	10	4	1	4	3	1	4	3	5	1	3	3	3	4	0	0	0	3	1	0	0	2	1	1	7	3	1	1	6	6	3	1	1	2	0	0	2	2	0	0	2	2	0	0	1	3	3	1	1	1	1	0	0	0	0	1	0	1	0	0	1	0	1	1	0	2	0	0	1	1	1	2	2	2	3	1	0	2	0	0	1	1	2	3	1	3	2	0	1	1	3	1	2	2	2	2	1	1	1	3	1	1	1	4	4	8	3	3	1	1	1	1	1	3	5	0	0	0	0	0	1	0	0	1	1	0	0	2	0	0	2	0	0	0	0	0	0	2	2	2	0	0	1	1	0	0	0	0	0	0	0	0	0	0	0	0	0	0	0	2	0	0	0	0	0	1	1	1	3	1	1	1	1	4	0	1	1	0	0	0	0	1	0	0	0	1	0	0	0	1	1	0	0	0	0	1	1	0	0	1	0	1	0	1	0	0	0	1	1	0	3	0	2	1	0	0	0	0	0	0	2	0	0
0	0	0	0	0	0	0	0	1	1	1	1	0	0	1	0	0	1	1	2	2	2	0	1	0	4	3	1	0	0	0	0	0	0	1	1	0	3	0	0	1	1	1	2	3	4	2	4	7	4	6	3	1	2	2	0	1	0	0	1	0	1	1	0	0	1	4	2	0	1	0	1	0	0	0	0	0	0	0	0	0	0	0	0	1	0	0	0	0	0	0	0	1	1	0	0	1	0	2	5	3	3	7	7	0	1	1	1	0	0	1	3	1	1	2	0	1	3	4	1	2	2	3	19	12	5	10	18	270	0	18	3	27	33	4	3	0	0	0	2	0	0	0	0	2	2	2	0	3	4	3	3	1	4	3	3	6	1	1	2	9	8	6	9	7	11	3	4	4	1	3	2	5	10	5	9	12	3	5	2	0	1	1	0	3	2	0	3	2	0	0	1	0	2	3	0	0	0	0	1	1	2	2	4	3	5	3	4	4	1	1	5	2	3	4	2	2	3	6	1	0	2	0	1	2	0	1	0	3	5	3	4	3	7	8	1	1	2	1	3	1	1	1	0	1	2	0	0	0	1	0	2	4	3	1	2	2	0	2	1	3	1	0	0	4	0	0	0	0	0	0	0	0	4	2	0	3	1	4	1	3	0	2	3	1	0	4	1	0	1	3	3	1	0	5	3	0	3	1	4	2	2	0	1	0	1	0	5	4	9	11	4	2	5	0	3	0	1	2	4	1	1	1	0	1	0	0	0	1	0	1	2	0	2	2	1	1	1	3	0	2	0	1	0	0	0	0	1	0	0	1	0	0	0	1	0	2	1	0	0	0	0	1	2	0	0	0	2	1	0	1	1	0	0	3	1	3	1	4	3	1	1	1	1	1	0	0	1	1	2	0	0	0	0	0	0	0	1	1	0	1	0	0	1	0	1	1	1	1	0	1	0	2	1	0	0	0	0	4	0	1	0	2	1	0	2	0	0
0	0	0	0	0	0	0	0	0	1	0	1	0	1	0	2	0	1	0	2	3	2	2	3	4	2	1	3	1	0	4	5	2	1	0	1	1	1	0	0	1	1	0	1	1	4	4	7	6	2	1	2	0	3	1	0	2	1	1	1	0	3	0	0	0	1	4	1	1	0	0	0	0	0	1	1	0	0	1	0	2	1	2	1	1	0	1	0	1	0	1	1	0	3	2	2	0	4	6	7	6	4	6	3	1	1	2	0	1	1	5	4	2	1	5	0	1	1	4	1	1	5	7	5	6	5	3	3	15	18	0	23	62	123	19	3	2	2	1	2	1	3	0	2	6	5	5	13	2	5	6	0	1	4	7	6	5	14	5	6	17	29	9	8	6	10	14	5	2	3	3	4	5	11	7	9	18	4	2	2	2	4	2	0	3	1	3	2	3	6	1	2	2	3	2	1	2	1	1	2	1	3	3	0	4	5	8	4	3	1	4	6	7	4	2	5	3	10	7	1	0	1	3	1	1	3	1	2	4	10	12	5	6	6	6	3	2	2	0	1	2	1	0	1	0	2	1	1	0	1	1	2	2	1	0	1	4	1	0	0	2	1	1	0	1	0	0	0	1	1	2	1	3	0	2	1	2	1	2	1	2	2	2	3	0	1	2	2	1	4	2	2	0	0	0	4	1	0	1	2	0	2	2	2	1	2	1	5	1	2	3	1	1	2	0	1	0	0	1	2	1	1	0	1	0	0	1	0	2	0	0	2	1	1	0	0	0	0	0	0	1	2	0	1	2	0	1	2	0	0	0	0	0	0	0	0	0	0	0	0	2	0	0	1	0	1	0	0	0	0	0	0	1	1	0	1	3	0	0	1	0	0	0	1	1	1	0	2	0	0	1	0	0	0	0	1	0	0	2	1	4	0	1	0	0	0	0	1	0	1	0	0	0	0	1	1	2	1	2	1	0	0	0	0	0	0	0	0
0	0	0	0	0	0	0	0	0	1	0	0	0	0	0	1	0	1	1	1	0	0	4	3	2	2	0	1	0	0	0	1	0	0	0	1	0	0	1	0	0	0	0	1	2	3	3	1	7	2	4	1	1	1	0	0	2	1	1	0	0	1	1	0	0	2	0	0	1	0	0	0	1	1	1	0	1	0	0	0	0	0	0	0	2	0	1	1	1	2	1	0	1	0	0	0	1	2	3	2	3	0	6	6	1	0	1	0	0	2	3	2	4	1	0	0	3	1	1	0	4	0	1	0	3	5	0	1	9	3	23	0	31	26	10	5	1	1	1	3	4	1	0	1	2	4	4	2	2	3	4	2	2	4	22	12	12	12	7	3	7	9	6	10	1	6	4	3	1	5	2	2	1	11	18	8	7	2	6	1	2	5	4	1	1	0	2	1	1	1	0	1	0	1	2	3	0	2	2	1	2	2	1	1	4	2	9	7	6	7	3	2	6	10	3	2	11	39	38	2	1	3	4	1	2	4	2	1	2	15	13	8	10	9	14	1	0	3	1	1	1	3	1	2	2	1	2	0	1	0	1	1	1	1	0	3	1	0	0	1	0	0	0	0	1	0	2	1	0	2	1	1	1	0	0	4	0	2	0	1	1	2	1	2	1	0	0	0	4	3	1	3	3	1	2	2	1	1	2	1	0	1	1	0	2	3	2	0	3	6	7	5	1	3	2	0	1	0	1	1	0	3	0	0	0	2	0	0	0	1	0	0	1	1	0	1	1	1	0	2	1	3	1	0	0	2	1	2	3	0	0	0	0	1	0	0	1	0	0	0	1	4	0	1	0	1	0	1	1	2	1	2	0	2	0	0	2	1	0	0	2	0	0	1	0	0	0	3	1	0	0	0	0	1	1	0	0	0	0	2	0	0	1	2	0	2	0	0	0	0	0	1	0	0	0	1	1	0	1	0	1	0	0	0	0	0	0	0
0	0	0	0	0	0	0	0	0	0	0	0	1	2	0	0	0	0	2	0	2	0	3	3	4	1	1	0	2	0	1	0	2	1	0	1	1	0	0	2	0	0	0	1	4	4	5	6	3	2	0	1	2	2	1	5	1	0	2	0	0	1	0	0	1	2	0	0	1	2	0	3	1	0	0	0	1	0	1	0	0	0	0	0	1	2	3	1	0	0	1	0	0	0	1	1	2	1	5	5	5	0	3	3	0	0	0	1	3	1	2	4	1	6	5	2	3	3	1	0	3	3	4	5	4	2	5	3	15	27	62	31	0	138	18	4	5	1	0	3	1	0	0	0	1	5	2	11	4	6	7	2	6	3	7	3	7	9	2	4	10	9	6	3	8	10	5	8	2	2	4	2	3	6	13	7	8	4	5	3	4	1	1	0	1	0	1	0	2	0	2	2	1	2	0	1	3	3	3	2	2	3	2	2	7	9	6	8	4	5	1	6	13	8	3	2	5	9	21	2	1	2	1	3	2	2	2	1	4	7	8	10	5	14	19	3	1	1	1	2	2	0	2	1	0	0	0	0	1	5	1	3	2	2	2	0	0	1	1	1	2	0	1	0	0	0	1	1	1	1	1	0	0	1	3	5	2	3	2	0	1	2	1	1	0	1	3	2	1	0	6	4	1	4	9	2	0	0	3	2	1	2	3	3	1	1	0	4	4	6	3	3	5	1	0	1	2	0	0	0	1	0	0	1	0	1	1	1	0	1	1	0	0	0	1	3	0	0	1	1	0	0	0	0	0	1	2	0	0	0	0	0	2	1	2	0	1	1	0	0	0	1	0	0	0	0	2	0	1	0	0	1	1	2	1	0	1	0	2	1	0	0	2	1	0	1	0	0	0	0	0	0	0	0	2	1	0	1	0	1	0	0	0	1	0	1	0	0	0	0	0	0	1	2	0	0	1	0	4	2	0	0	1	0	0	1	0	0
0	0	0	0	0	0	0	0	0	0	0	1	0	2	1	1	1	0	0	0	4	1	2	4	3	1	3	1	2	1	3	0	1	0	0	0	1	2	0	0	0	2	0	0	2	3	4	4	7	9	5	3	1	2	2	0	3	1	0	3	0	0	2	0	0	2	1	1	1	0	1	0	0	0	1	1	0	0	0	0	0	1	0	0	0	1	0	0	2	0	1	1	0	0	2	1	0	1	5	5	3	2	4	5	2	1	3	1	0	3	2	2	1	1	4	1	1	0	3	2	4	5	5	4	3	2	0	10	18	33	123	26	138	0	23	1	2	1	2	2	4	0	1	1	0	4	4	6	4	3	2	2	4	1	5	2	4	3	3	0	9	25	16	9	8	17	6	3	1	2	2	1	2	3	4	7	12	5	0	1	3	3	3	4	3	0	1	3	1	3	3	1	0	0	1	1	1	0	1	2	5	2	1	0	4	9	9	6	4	2	1	8	16	11	3	3	4	4	11	1	2	3	6	0	0	0	4	3	3	9	5	4	6	10	13	5	1	1	0	1	0	2	1	1	0	1	2	1	0	1	2	2	2	3	0	2	0	0	0	0	0	1	0	2	0	1	1	1	1	0	2	1	0	4	2	1	1	2	0	1	2	2	6	2	3	0	3	1	2	3	4	1	0	2	2	0	1	1	0	1	1	2	2	2	2	0	5	2	0	5	8	5	1	3	1	2	1	1	2	1	0	1	0	1	0	0	1	0	1	0	4	1	2	1	0	1	2	1	1	0	0	1	1	0	0	0	1	2	1	0	1	0	1	1	0	0	1	0	0	0	0	2	1	0	2	1	0	2	0	1	1	0	1	1	1	0	0	1	3	4	3	1	0	2	0	1	1	2	2	1	1	0	0	0	0	0	0	1	0	0	1	3	1	1	0	0	1	2	1	0	0	0	1	0	2	1	0	1	0	2	0	0	0	1	1	1	0	0
0	0	0	0	0	0	0	0	2	2	1	0	1	0	0	2	0	0	1	5	6	2	2	9	1	1	2	2	1	2	0	3	1	2	1	0	1	1	0	0	1	0	0	1	1	2	8	5	2	3	2	2	4	2	3	1	0	0	2	2	0	0	1	0	3	3	2	0	1	0	1	0	1	0	1	0	0	0	0	1	1	0	1	2	0	1	0	0	0	0	0	0	2	0	3	2	0	3	5	4	3	4	7	6	3	2	2	2	3	3	0	3	2	2	1	2	3	2	1	2	1	3	6	4	2	1	1	3	10	4	19	10	18	23	0	13	11	1	2	2	1	2	1	3	3	14	17	34	14	8	5	8	3	3	9	9	6	7	1	4	8	17	10	3	3	8	12	5	2	2	1	2	3	5	7	4	8	6	3	1	4	5	8	0	2	5	7	2	2	3	1	5	2	2	2	0	1	1	2	1	3	2	5	1	2	6	10	18	5	2	2	6	20	10	6	2	10	13	10	3	3	1	5	1	2	4	8	2	4	54	37	22	12	6	6	0	1	2	1	0	0	2	0	0	0	1	1	1	1	2	1	1	0	3	1	1	0	0	0	0	1	0	0	1	0	2	0	1	0	0	2	0	1	2	0	4	3	5	0	1	4	5	10	3	1	2	0	0	1	1	1	0	1	2	5	1	2	2	3	0	1	0	0	3	0	3	1	2	3	1	3	1	1	0	1	2	1	0	2	2	0	1	1	1	0	0	0	0	1	0	0	0	1	0	3	1	2	0	0	0	0	1	0	1	2	0	3	1	2	0	0	1	1	2	2	0	0	0	0	1	0	0	1	1	0	0	2	0	0	0	1	2	0	1	0	0	2	1	1	1	2	1	0	2	2	0	1	0	2	0	1	1	0	0	0	0	0	0	0	0	2	2	4	1	0	0	0	1	0	0	0	0	0	0	0	0	1	1	1	1	0	0	0	0	0	0	0	0
0	0	0	0	0	0	0	0	1	2	1	1	0	2	2	1	0	1	3	3	0	2	0	4	1	2	1	0	1	1	1	2	2	0	1	1	0	3	0	1	1	0	2	0	0	3	2	1	1	1	1	1	0	2	1	0	1	1	0	0	1	0	0	1	1	0	1	0	2	0	0	1	0	0	0	0	0	0	0	0	0	1	2	0	0	0	0	1	0	1	1	2	0	1	3	0	2	4	3	1	0	1	1	2	2	1	2	2	2	4	6	1	3	2	0	0	0	1	1	0	1	1	1	0	1	2	2	0	0	3	3	5	4	1	13	0	60	3	3	6	7	2	6	13	21	39	24	10	12	18	13	8	5	10	4	11	4	7	4	8	8	9	4	0	1	3	3	5	3	3	0	0	0	4	2	5	4	6	2	4	3	3	6	6	1	3	4	6	5	2	3	5	3	1	1	3	0	2	2	2	5	2	7	5	2	4	4	9	7	6	1	5	8	6	3	2	5	3	5	25	9	15	15	7	8	10	12	9	26	23	20	62	12	1	4	5	2	4	2	3	2	3	2	0	0	1	1	0	2	3	1	3	4	2	2	0	2	0	0	0	0	0	3	2	0	0	0	0	1	0	2	0	0	1	1	3	3	2	3	3	3	1	2	0	1	1	0	1	0	1	0	1	1	1	0	3	3	4	0	0	1	0	2	0	1	0	3	1	3	1	2	1	1	1	0	2	1	0	1	1	0	0	1	0	0	2	2	0	0	0	1	1	0	1	1	1	0	1	1	0	1	0	1	1	1	0	3	1	1	1	1	0	1	1	1	0	0	0	1	0	0	0	4	0	1	0	4	0	0	1	2	0	2	0	0	0	2	0	2	1	1	0	0	1	1	0	2	0	2	0	0	0	0	0	1	0	3	0	1	0	1	4	2	0	0	0	2	0	0	0	0	1	0	0	1	0	0	0	2	1	1	1	0	0	0	1	0	0
0	0	0	0	0	0	0	0	0	1	1	0	0	0	1	1	0	0	4	2	4	5	2	5	7	1	0	3	3	1	1	1	4	2	0	0	2	1	2	0	0	0	1	0	1	0	3	1	3	0	1	2	0	0	1	0	0	0	2	0	0	1	1	0	1	2	0	0	1	0	0	0	0	0	0	1	0	1	0	1	0	0	0	1	0	1	0	0	0	0	1	1	1	1	0	0	0	0	2	3	1	1	2	2	3	0	0	4	0	3	2	1	2	2	2	1	1	2	1	2	1	0	1	2	1	0	3	2	2	0	2	1	5	2	11	60	0	23	4	5	2	4	8	13	49	66	26	20	7	15	8	20	2	5	12	7	4	7	3	2	2	4	3	3	1	1	6	2	2	1	1	1	4	1	3	4	5	3	5	2	5	4	9	6	2	10	20	7	13	7	2	0	3	3	1	0	1	2	3	7	7	4	3	2	2	1	5	3	0	4	1	3	6	5	3	1	3	3	2	8	4	6	11	2	7	8	6	5	12	9	13	15	3	4	4	3	2	1	0	2	2	3	0	2	1	1	2	0	0	0	4	4	1	2	4	1	0	0	0	0	1	0	2	0	2	0	0	0	0	1	0	0	1	0	2	3	2	2	4	4	3	0	4	1	1	1	1	1	1	0	2	2	0	1	0	0	0	2	0	1	4	0	3	5	3	7	1	2	1	2	0	0	1	0	0	0	0	0	1	1	1	1	0	2	0	0	0	0	0	2	0	1	0	1	2	2	0	1	0	1	0	0	0	0	1	1	1	1	0	0	1	0	0	1	1	0	0	1	1	0	1	0	4	1	0	0	1	0	1	1	0	1	1	0	0	0	0	2	2	1	0	0	2	1	0	1	1	5	0	2	1	0	0	1	0	1	0	1	2	0	1	1	1	1	0	0	0	0	0	0	1	0	1	0	1	0	0	1	1	0	1	0	0	1	0	0	0	0
0	0	0	0	0	0	0	0	1	1	0	0	0	1	1	1	0	1	1	4	4	5	2	1	2	1	1	3	2	2	0	1	1	0	0	1	0	0	0	1	1	0	0	1	0	2	2	1	1	1	1	0	1	1	0	1	2	0	1	1	0	0	1	0	0	1	0	0	0	0	0	0	0	1	1	0	0	0	0	2	0	0	0	0	0	0	0	0	0	0	1	0	0	3	3	3	0	1	2	1	3	0	0	1	2	2	0	1	1	1	2	1	1	1	2	1	0	1	0	0	0	1	1	0	3	0	1	1	3	0	2	1	1	1	1	3	23	0	19	12	16	12	7	4	14	5	2	4	5	7	5	10	8	6	1	2	2	3	0	1	0	1	2	0	0	2	0	1	2	1	4	0	1	4	3	2	1	0	1	1	0	2	4	4	4	3	3	7	18	5	2	1	1	0	1	1	0	0	4	4	8	3	2	1	1	1	2	5	3	1	0	0	4	2	1	4	4	2	4	18	11	14	6	1	7	10	4	4	2	5	5	7	6	2	1	2	3	5	6	3	2	1	1	0	2	4	0	2	1	0	2	1	0	3	1	1	0	0	1	1	2	0	0	0	2	1	0	2	1	1	2	1	1	2	0	2	2	2	5	5	9	6	3	1	1	0	0	0	1	1	1	0	1	0	1	2	0	1	1	1	1	1	0	0	0	1	2	3	0	1	2	1	1	0	0	0	0	1	2	0	0	0	1	1	0	1	0	0	0	0	1	1	1	0	2	1	2	0	0	0	0	1	0	2	2	0	1	1	4	0	2	1	3	0	1	1	1	0	0	0	4	0	0	0	0	1	1	2	0	1	1	0	0	0	1	0	1	0	1	0	1	0	0	0	2	0	1	1	1	0	0	0	0	1	1	0	0	0	0	1	1	1	0	2	1	1	0	0	0	1	0	1	0	0	1	0	0	0	0	0	1	0	0	0	2	1	0	0
0	0	0	0	0	0	0	0	0	0	0	0	1	0	0	0	2	1	1	0	0	1	0	3	1	0	0	0	2	0	0	1	0	0	0	1	0	0	0	0	1	0	0	0	2	0	2	1	2	3	0	1	0	0	0	0	1	2	1	0	0	0	0	0	0	1	2	1	0	0	1	0	0	0	0	0	0	0	2	0	0	0	0	0	0	0	1	0	0	1	1	1	3	0	0	0	0	2	1	0	1	1	1	0	0	0	0	1	1	1	0	0	1	0	1	0	0	0	1	0	0	1	0	1	0	3	1	0	1	0	1	1	0	2	2	3	4	19	0	20	46	6	7	9	4	4	2	2	1	4	1	3	4	3	0	2	2	5	2	1	0	0	0	2	1	1	1	0	0	0	1	0	1	1	1	0	0	1	2	1	2	1	0	3	2	2	3	3	4	4	1	1	1	0	0	2	3	3	2	0	4	4	3	1	2	2	1	3	1	0	0	2	3	1	1	1	2	1	1	7	12	12	4	4	9	7	1	6	6	3	1	2	3	2	1	1	4	2	0	2	2	4	1	0	2	0	3	1	0	0	1	2	1	0	0	1	0	0	1	1	0	1	0	1	1	0	1	0	2	1	1	2	2	1	0	1	0	1	7	2	3	1	2	2	1	0	1	0	1	0	1	2	0	1	0	0	0	0	0	2	0	2	2	0	0	0	1	1	0	0	0	0	0	0	0	0	1	0	0	1	1	0	0	0	0	0	0	1	0	1	0	1	1	0	0	1	2	1	0	0	0	0	0	0	1	0	1	3	0	0	1	0	0	0	0	2	1	2	1	2	3	1	1	0	0	1	1	0	1	1	0	1	1	1	1	0	0	0	1	0	3	1	0	0	1	0	0	1	2	1	2	0	0	1	0	0	0	1	1	2	1	1	0	2	1	1	0	2	1	0	1	0	0	0	0	0	1	0	0	1	0	1	0	0	0	1	0	0
0	0	0	0	0	0	0	0	0	1	0	0	1	3	0	0	0	0	1	0	1	0	1	3	1	0	0	0	1	0	1	0	0	1	1	2	3	1	0	0	0	0	2	0	1	1	2	0	0	0	2	0	1	0	0	0	0	0	0	0	1	0	1	0	0	0	0	0	0	0	0	0	0	0	0	0	0	0	0	0	0	0	0	0	2	0	0	0	0	0	0	2	1	3	2	2	0	2	1	0	1	0	1	0	1	2	0	1	0	0	1	1	0	2	2	2	0	0	0	1	1	0	0	0	1	0	1	1	1	2	2	3	3	2	2	6	5	12	20	0	27	1	7	4	3	4	3	5	1	2	1	3	4	3	2	3	4	5	2	2	1	0	1	1	0	1	1	2	1	0	0	1	4	2	2	0	1	1	2	0	3	2	2	6	4	0	2	0	4	3	0	0	3	0	1	3	3	0	1	0	0	1	1	0	0	3	0	0	2	1	2	3	2	2	3	6	2	2	3	9	12	18	5	6	18	26	10	15	5	4	5	9	4	1	0	0	1	2	3	1	1	2	0	1	0	1	1	2	1	1	1	1	2	1	0	0	0	1	0	0	0	1	1	1	1	0	0	0	1	2	3	1	0	3	1	1	1	2	4	0	1	0	1	2	0	1	0	0	1	2	0	1	1	0	0	1	1	0	3	1	1	0	0	4	1	0	0	0	1	1	1	2	1	1	0	0	1	0	0	0	0	0	0	0	1	0	2	0	0	0	1	0	1	3	2	0	0	0	1	1	0	0	0	0	1	0	1	1	2	0	0	1	0	0	0	0	0	0	3	0	1	0	0	0	1	1	0	0	0	0	0	1	0	1	1	0	1	1	1	0	0	0	1	2	1	0	1	0	1	1	0	0	0	0	0	0	0	0	0	0	2	0	1	0	0	0	1	0	0	1	0	0	0	0	0	0	1	0	0	0	1	1	0	0	0	0	0	0
0	0	0	0	0	0	0	0	1	0	0	0	1	1	1	1	0	1	3	1	0	1	2	1	0	0	0	1	0	0	0	0	0	2	0	0	0	1	0	0	0	1	0	1	0	1	0	0	1	2	0	3	1	0	1	0	0	0	0	1	1	0	1	0	1	0	0	1	3	2	0	0	0	0	1	0	0	0	1	0	1	1	0	0	0	0	0	0	0	1	2	2	1	1	2	3	2	1	1	1	0	1	0	3	0	0	1	0	0	4	1	0	2	1	1	0	2	0	1	0	0	0	2	1	0	1	1	1	0	0	1	4	1	4	1	7	2	16	46	27	0	12	17	13	6	4	3	1	2	3	3	6	6	5	2	1	1	3	0	0	3	2	1	2	1	0	1	3	1	1	0	0	0	2	0	2	1	2	0	1	4	1	2	3	3	4	3	3	5	4	2	2	1	2	0	2	2	0	0	0	2	1	2	0	2	1	2	2	3	0	0	2	1	1	1	3	3	1	1	8	6	10	2	1	3	6	4	5	5	3	1	2	4	0	0	2	0	3	4	0	1	2	2	1	2	1	0	0	0	0	0	0	1	0	3	1	0	0	1	2	0	0	1	0	0	2	0	0	1	0	1	1	2	0	0	0	3	3	4	2	2	0	1	0	1	1	2	0	2	0	1	0	2	0	2	1	1	2	0	0	1	2	0	2	1	2	2	1	0	1	2	0	0	0	0	0	1	0	2	1	0	0	0	1	0	1	1	0	0	0	0	0	0	0	0	0	2	0	0	0	1	0	0	0	2	0	1	0	0	0	0	1	0	1	0	1	2	0	0	3	2	2	2	0	1	0	0	1	1	0	0	1	0	1	0	1	0	1	0	0	0	0	1	1	2	1	0	1	1	0	0	1	1	0	2	1	0	0	0	0	0	0	2	1	0	1	0	0	0	0	0	0	0	0	1	0	0	0	0	0	0	0	1	1	0	0	0	0
0	0	0	0	0	0	0	0	1	1	0	0	0	0	1	0	2	0	0	2	4	1	1	2	0	1	0	0	3	0	0	2	1	0	0	0	0	1	1	0	0	1	0	1	3	1	1	3	2	0	1	1	1	0	2	0	0	0	0	1	1	0	0	1	0	2	3	0	0	0	0	0	0	0	0	0	0	0	0	0	1	1	0	0	0	0	0	0	0	0	1	1	1	1	3	2	3	0	2	0	0	1	1	0	1	0	2	3	2	1	0	0	2	0	0	1	1	1	1	0	0	0	0	0	0	1	0	1	1	0	3	1	0	0	2	2	4	12	6	1	12	0	42	15	6	2	4	0	1	3	1	2	4	1	0	1	1	4	0	0	2	1	1	0	6	2	1	2	1	0	1	2	2	0	0	0	3	1	0	0	0	2	5	3	8	3	3	5	2	3	5	0	2	1	1	0	0	0	0	0	0	2	1	0	1	3	0	1	0	1	1	5	0	1	0	0	0	1	2	1	5	3	4	2	4	5	2	3	4	3	1	2	0	1	1	2	0	0	1	1	3	0	3	0	0	0	1	0	2	0	2	0	0	1	1	0	0	0	1	0	0	1	0	0	0	0	1	0	0	0	0	0	0	1	0	0	0	4	3	0	5	1	2	0	0	1	0	0	0	0	0	0	1	0	0	0	1	2	0	0	1	0	0	0	0	2	1	2	1	0	0	0	1	0	0	0	0	1	0	0	0	0	1	0	0	1	1	0	0	0	0	0	0	0	0	0	1	0	0	0	0	1	0	0	0	1	1	1	3	2	0	0	0	0	0	0	0	0	0	1	2	0	0	1	0	2	0	1	0	1	0	1	0	0	0	0	0	0	0	0	0	0	0	0	0	0	1	0	1	0	0	2	0	0	0	1	0	1	0	0	1	1	0	1	0	1	0	0	0	0	1	0	1	1	1	0	0	1	0	0	0	0	0	1	0	1	0	0
0	0	0	0	0	0	0	0	1	2	0	0	1	0	0	1	0	0	2	2	1	2	0	0	1	4	1	1	0	0	0	1	0	1	0	1	1	1	0	1	1	1	1	0	0	0	1	2	2	0	0	1	0	1	0	0	1	1	1	1	2	0	0	1	1	2	1	0	0	0	0	0	0	0	1	0	0	0	0	1	0	1	0	1	0	0	0	0	0	1	2	0	0	0	5	4	2	1	2	0	3	0	1	0	2	0	0	3	2	1	2	0	1	0	0	2	3	0	1	1	1	0	0	0	1	0	0	0	2	0	0	0	0	1	1	6	8	7	7	7	17	42	0	25	19	7	8	6	4	3	1	2	3	3	2	1	0	4	1	1	4	2	0	0	2	1	1	2	0	0	5	0	1	1	1	1	0	1	4	6	3	3	7	11	10	8	8	10	8	3	3	0	3	4	5	0	1	1	0	2	7	3	1	3	2	2	3	0	0	1	1	0	0	0	0	2	2	0	0	2	1	5	2	3	1	5	3	3	5	3	1	3	2	3	2	1	2	1	1	3	2	0	0	1	1	1	1	0	1	0	2	1	0	1	1	0	0	0	2	0	1	0	0	1	0	2	0	0	1	1	1	0	1	0	0	0	2	0	1	1	1	3	0	0	0	1	0	0	0	0	0	1	0	2	1	2	0	2	0	1	1	1	0	0	0	0	1	1	0	1	0	0	0	0	0	0	0	2	0	1	0	0	2	1	0	0	0	1	0	1	0	0	1	0	0	0	1	0	0	0	0	0	0	2	0	0	1	0	1	0	1	1	1	0	0	0	0	1	0	2	0	1	1	0	0	1	2	0	0	1	0	0	0	0	0	0	1	0	0	1	1	0	0	1	0	0	0	0	0	0	0	0	0	0	1	0	0	0	1	0	0	2	2	0	0	0	1	1	0	0	1	0	0	0	0	0	1	0	0	0	1	0	0	0	0	0	0	0
0	0	0	0	0	0	0	0	3	2	1	0	0	0	1	1	1	1	1	2	3	4	1	3	1	0	2	2	3	2	1	1	3	0	0	0	0	1	1	0	0	3	0	0	1	1	1	1	1	3	1	2	1	0	1	1	1	0	1	0	1	2	0	0	0	0	2	0	0	0	0	0	0	0	0	0	0	0	0	0	0	0	0	2	0	0	1	2	0	3	1	5	0	7	0	2	3	3	3	1	1	6	2	1	1	3	2	2	3	3	3	4	2	0	0	2	0	1	1	0	1	0	0	2	2	0	0	1	1	0	2	1	0	1	3	13	13	4	9	4	13	15	25	0	35	9	15	4	2	1	3	1	0	3	1	1	2	2	6	1	2	1	0	1	0	1	4	1	0	0	3	2	5	4	2	1	2	2	3	3	4	4	14	55	9	11	17	9	4	0	1	0	0	2	0	1	1	3	1	2	1	1	0	1	3	3	2	0	1	1	2	0	3	1	1	3	3	1	0	3	4	4	3	1	4	3	21	12	9	4	1	4	2	1	1	3	0	1	2	1	0	1	0	2	1	0	0	3	0	0	0	1	0	1	2	0	0	0	0	0	0	0	0	2	0	1	1	0	0	2	1	1	0	2	0	1	2	1	3	3	3	1	2	3	0	0	1	0	0	0	1	0	0	0	0	1	1	0	0	1	0	1	1	0	0	1	1	0	0	0	1	0	1	0	1	0	2	0	0	1	0	0	0	0	0	0	0	0	0	0	1	0	1	0	1	3	0	1	0	0	0	0	1	2	0	1	1	0	1	1	1	0	0	0	0	0	1	1	1	2	1	0	0	0	0	0	2	0	0	0	0	2	1	0	3	0	0	0	0	0	0	0	0	0	0	0	0	0	1	0	1	0	0	1	0	0	0	0	0	0	0	3	0	1	0	0	0	0	1	1	0	0	0	1	1	0	1	0	1	0	0	0	0	0	0	0	0	0
0	0	0	0	0	0	0	0	2	0	0	2	1	0	0	0	1	1	1	2	8	4	3	1	0	3	0	2	1	2	1	0	4	0	1	0	0	0	2	0	0	0	3	1	3	1	3	0	2	2	2	3	2	1	0	0	3	1	1	0	0	0	0	2	1	1	1	1	0	1	0	0	0	0	0	0	0	0	0	0	0	0	1	1	1	0	0	0	0	1	0	0	2	0	3	1	4	3	2	3	0	2	2	4	1	2	2	1	2	3	0	0	1	2	1	2	0	1	0	1	1	1	0	2	0	0	0	1	3	2	6	2	1	0	3	21	49	14	4	3	6	6	19	35	0	24	16	10	1	4	2	6	3	4	3	7	2	1	2	4	1	3	2	2	1	2	4	5	0	3	1	1	2	4	2	3	2	4	0	5	2	4	13	8	8	9	10	12	8	5	4	2	1	1	2	3	1	1	0	4	3	3	1	3	4	1	2	6	1	0	0	4	2	1	2	2	6	1	1	5	2	2	9	1	4	8	18	13	16	9	5	5	7	1	1	1	5	1	0	0	1	3	2	1	1	1	0	1	0	1	1	0	1	1	1	0	0	0	0	0	1	0	0	0	0	0	1	0	0	1	1	0	2	1	0	0	1	3	2	6	3	3	1	3	0	0	0	0	0	1	1	0	0	1	2	0	1	3	0	1	0	0	0	0	0	2	2	1	2	0	1	2	0	1	0	2	1	0	2	0	0	2	0	2	1	1	0	0	0	0	2	0	0	1	3	0	0	0	0	0	1	0	0	0	0	0	0	3	1	0	1	1	1	1	1	0	2	1	0	1	0	0	0	2	0	0	1	0	0	1	0	0	0	0	0	0	1	0	1	3	1	0	1	0	0	3	0	0	1	0	0	1	0	0	0	0	0	1	1	3	0	0	1	2	0	0	0	1	0	2	0	0	0	0	0	0	0	0	0	2	1	0	0	1	1	0	0	0
0	0	0	0	0	0	0	0	0	2	0	1	1	2	0	1	1	2	1	7	4	5	4	7	3	4	1	2	1	1	1	1	0	2	0	2	0	0	1	0	0	0	2	0	1	3	6	5	3	1	2	2	0	0	1	0	0	1	1	0	2	1	0	0	0	1	0	4	1	1	0	0	0	0	1	1	0	0	0	1	1	0	0	0	0	1	0	0	0	2	3	1	1	5	1	1	1	6	2	2	4	3	8	2	2	3	3	3	3	0	1	2	1	3	2	2	1	0	1	2	1	0	0	7	0	0	1	3	1	2	5	4	5	4	14	39	66	5	4	4	4	2	7	9	24	0	122	24	13	7	6	9	2	4	1	6	11	11	8	6	5	10	6	3	0	2	8	5	2	3	3	0	0	4	1	5	4	8	3	1	1	5	14	12	2	5	11	6	4	4	1	1	1	2	4	3	1	2	2	3	7	6	3	2	0	4	7	6	2	1	0	3	4	5	3	2	5	9	5	9	4	6	4	5	1	6	6	3	10	26	18	10	5	2	3	2	2	1	1	0	0	0	1	1	0	0	0	0	4	1	0	2	1	1	1	0	0	0	1	0	2	0	1	0	0	0	1	0	0	1	1	0	2	0	3	1	0	2	2	2	6	5	5	1	0	1	0	1	2	0	1	2	1	2	2	1	1	0	3	0	2	2	0	0	1	2	0	2	1	2	0	1	1	0	0	0	1	0	2	2	0	0	1	0	0	0	0	1	0	2	1	1	2	1	0	3	0	1	0	0	0	0	2	1	1	0	0	0	1	2	2	0	0	0	1	0	1	1	0	3	1	1	0	2	2	0	0	0	0	1	2	0	1	1	0	1	1	1	0	2	0	0	0	0	0	2	1	2	1	0	0	1	0	1	0	0	0	0	2	2	1	1	2	0	3	1	1	0	0	0	1	2	1	1	0	0	2	1	0	0	0	0	1	1	0	0	0	0
0	0	0	0	0	0	0	0	2	0	0	0	2	1	0	0	0	0	2	4	10	6	6	2	0	3	2	3	3	0	2	2	1	1	2	1	0	1	0	0	0	0	0	2	1	3	6	5	2	1	2	2	4	2	0	2	3	0	0	1	2	1	0	2	1	0	0	1	0	0	0	0	0	0	0	0	0	0	1	0	1	1	0	0	0	3	0	1	1	1	0	2	1	3	3	3	0	2	6	2	5	2	3	4	2	2	2	5	6	2	4	1	4	1	3	2	2	1	1	0	0	0	1	3	0	3	3	2	5	2	5	4	2	4	17	24	26	2	2	3	3	4	8	15	16	122	0	14	13	5	7	9	4	4	3	5	7	10	3	3	7	5	4	2	5	6	8	3	1	1	2	2	4	8	5	5	8	14	6	7	4	10	45	7	2	7	17	16	3	1	4	0	0	3	0	3	3	0	0	4	3	2	2	5	3	3	1	3	3	0	3	1	6	5	3	3	7	3	3	3	3	6	7	3	8	5	9	4	16	28	15	8	8	2	5	1	0	1	0	2	6	3	1	2	0	0	0	1	2	1	1	1	0	3	0	0	1	0	0	0	1	0	1	2	1	0	0	0	0	1	0	1	0	0	3	1	0	2	3	3	3	4	1	0	0	0	0	0	0	2	1	0	0	0	2	0	0	0	0	2	0	0	0	0	1	4	1	1	2	2	1	1	1	0	0	1	0	1	1	0	0	0	0	0	0	0	0	0	1	2	0	0	0	1	0	0	0	1	0	1	0	1	1	0	0	0	1	0	1	0	3	0	1	1	0	1	0	1	1	1	0	0	1	0	0	1	1	0	0	1	0	0	1	1	0	0	1	0	0	1	1	1	1	0	0	1	1	1	0	0	0	0	0	0	0	0	0	0	2	2	0	0	1	0	0	1	1	0	0	0	0	1	0	1	0	1	1	0	1	0	0	1	1	0	1	0	0	0
0	0	0	0	0	0	0	0	2	2	0	0	2	2	0	1	2	3	2	4	6	6	10	10	8	3	3	1	3	2	0	2	7	1	1	0	1	0	0	1	1	0	1	2	1	4	9	9	2	6	1	3	0	1	0	1	3	1	2	0	1	0	1	0	0	1	1	1	0	0	0	0	1	1	1	1	1	1	0	1	1	0	0	0	1	0	0	0	1	2	2	0	0	1	0	2	2	3	5	3	3	2	1	5	3	3	0	1	4	1	3	3	3	1	4	2	0	1	2	2	0	1	0	4	0	0	2	3	9	0	13	2	11	6	34	10	20	4	2	5	1	0	6	4	10	24	14	0	53	14	8	13	6	9	1	4	5	6	5	2	7	19	9	8	6	14	27	5	4	3	2	2	4	4	3	3	3	4	2	2	8	3	8	5	1	4	5	8	8	11	6	1	2	4	4	2	2	1	3	2	10	12	4	1	1	1	10	13	3	3	1	4	13	1	1	4	4	6	4	2	5	5	6	2	0	2	6	5	1	19	11	12	4	2	5	4	1	1	1	7	1	2	1	0	1	1	1	2	4	1	3	4	2	1	4	0	1	0	1	0	0	1	2	0	2	1	3	1	0	1	1	3	0	0	1	5	4	2	3	3	3	5	4	7	1	3	0	0	1	1	4	0	2	2	3	1	2	3	1	1	2	1	1	2	0	2	3	1	1	2	3	3	2	0	0	0	1	0	0	2	1	0	2	0	0	1	2	0	1	0	0	0	1	3	0	3	1	0	1	0	1	0	0	0	0	0	0	0	0	0	0	0	0	0	0	0	0	0	0	1	0	0	0	0	1	0	1	1	0	0	0	1	1	2	0	2	0	1	1	1	1	0	0	1	0	3	1	2	3	1	2	0	0	1	0	0	0	0	2	1	1	1	0	0	1	0	0	0	0	0	1	0	1	0	0	0	0	1	1	0	0	0	1	0	0	0	0	0
0	0	0	0	0	0	0	0	1	0	0	0	0	0	1	0	2	1	0	2	4	6	6	17	7	7	0	2	2	3	3	1	0	0	0	0	1	1	0	2	0	1	0	0	2	4	2	9	6	7	5	4	0	1	0	2	2	1	1	0	0	2	1	1	1	1	1	0	0	2	0	1	1	0	0	1	1	0	0	0	2	1	1	0	0	0	0	0	2	1	1	1	0	1	2	0	1	3	2	5	1	1	3	2	2	2	2	1	3	2	2	1	0	0	3	0	0	2	1	1	1	2	0	0	1	1	2	3	1	3	2	2	4	4	14	12	7	5	1	1	2	1	4	2	1	13	13	53	0	28	14	20	4	10	5	3	1	1	1	4	2	21	8	6	1	11	15	5	2	0	0	0	2	2	1	3	5	7	0	1	1	4	4	1	1	2	3	7	6	4	6	3	5	5	6	3	1	6	1	5	14	35	11	12	3	4	24	8	8	2	3	5	15	11	5	0	5	6	5	3	4	5	6	2	2	0	2	2	5	9	4	13	1	2	5	7	0	2	1	1	0	0	3	2	0	1	0	1	2	6	5	2	2	8	3	1	0	2	1	1	0	0	3	2	0	0	0	2	0	0	4	4	4	1	1	1	2	5	3	6	9	8	3	4	3	0	0	1	3	2	3	1	1	5	5	2	2	2	0	3	1	0	1	0	2	1	2	2	2	2	3	1	0	1	1	0	0	0	1	1	1	1	0	1	0	1	2	0	1	0	2	1	1	0	1	1	0	0	1	1	0	0	0	1	1	2	2	3	1	0	1	0	0	0	0	0	0	2	2	2	3	0	1	0	0	0	1	1	0	0	0	1	0	2	1	0	1	2	2	1	0	0	0	2	3	1	5	3	2	2	0	0	0	0	1	2	2	1	2	2	1	2	1	0	0	0	0	0	1	0	3	1	1	0	0	2	1	0	0	1	0	0	0	0	0	0	0	0
0	0	0	0	0	0	0	0	0	2	0	0	0	0	1	0	0	0	0	2	2	0	2	2	5	2	0	2	3	0	1	1	2	1	0	0	2	0	0	0	0	0	1	1	0	2	6	2	1	6	2	2	5	0	0	0	2	0	1	2	3	1	0	0	0	0	0	0	1	0	0	0	0	0	0	0	0	0	1	0	1	0	1	0	1	0	0	1	0	1	1	0	1	1	1	2	2	2	1	1	0	2	2	1	0	1	3	1	2	2	1	0	0	2	2	2	0	0	2	2	2	2	2	4	2	2	4	1	1	4	5	3	6	3	8	18	15	7	4	2	3	3	3	1	4	7	5	14	28	0	59	152	12	15	3	3	3	2	4	6	2	9	11	3	9	5	5	2	4	1	1	3	2	2	2	1	1	5	2	2	3	2	2	2	3	0	2	7	7	4	4	2	3	7	3	2	1	3	5	9	10	10	11	5	2	8	15	12	7	6	3	4	20	9	5	2	12	2	7	14	9	5	7	1	6	4	4	1	4	11	5	15	9	5	4	6	8	4	3	4	2	1	2	3	0	0	1	2	4	2	2	1	1	3	5	2	1	1	0	0	1	2	1	1	0	2	1	2	1	1	4	3	2	2	1	3	4	9	8	6	17	9	18	3	1	2	1	1	1	1	4	2	1	1	3	3	3	0	2	4	1	1	3	5	2	2	0	6	4	2	1	0	2	1	2	0	2	0	1	0	0	2	1	0	1	0	1	0	0	1	0	1	2	1	0	1	2	2	0	1	0	1	0	1	2	0	3	1	0	0	0	1	1	0	0	1	2	1	1	2	1	0	0	1	2	0	1	1	1	0	0	2	0	2	1	3	0	0	0	2	1	0	1	1	2	1	3	1	1	3	0	1	0	0	1	0	0	0	1	2	2	1	0	2	0	0	0	0	0	0	1	1	2	0	1	3	1	2	0	3	0	1	0	2	0	0	0	0
0	0	0	0	0	0	0	0	0	0	0	0	0	0	0	1	0	0	1	2	2	3	3	1	6	3	3	0	0	0	1	2	3	1	0	0	1	1	1	0	0	0	0	1	0	0	3	1	4	2	4	2	3	1	1	0	0	0	1	1	1	1	0	0	0	1	1	0	1	2	0	1	0	0	0	0	1	0	0	0	0	0	0	0	0	1	0	0	0	0	0	1	0	0	1	4	1	0	3	2	0	1	1	0	2	1	2	1	2	1	2	2	0	0	1	1	0	0	0	0	1	3	0	4	0	1	2	0	3	3	6	4	7	2	5	13	8	5	1	1	3	1	1	3	2	6	7	8	14	59	0	95	30	72	3	3	0	3	4	3	2	3	5	6	3	3	2	0	0	2	1	0	0	2	1	2	2	2	0	2	3	3	2	3	3	1	4	3	10	1	5	6	2	2	1	7	3	2	3	7	7	5	9	4	4	7	15	17	10	5	2	7	14	13	16	4	14	9	4	11	8	10	5	9	3	3	4	2	3	4	4	12	7	1	6	12	10	5	5	3	3	4	0	5	1	1	3	3	2	1	0	5	3	8	6	2	2	1	3	1	2	0	0	2	1	0	2	2	4	3	4	5	1	2	3	5	4	8	13	14	13	11	19	5	7	4	2	0	0	4	5	0	2	1	1	1	0	0	1	1	1	1	2	7	8	4	1	3	3	1	2	1	0	1	0	2	0	0	0	0	1	0	2	1	0	0	0	2	0	1	2	1	2	2	2	1	3	2	0	0	0	0	1	1	0	5	3	5	1	1	0	3	0	1	0	2	1	0	5	1	4	4	0	0	2	1	0	3	3	0	1	0	2	1	1	1	4	2	0	0	0	2	0	1	3	1	2	2	3	0	0	0	0	3	0	0	1	2	0	0	1	3	0	1	0	0	1	0	0	0	1	0	0	0	1	1	1	1	0	1	1	0	2	0	0	0	0	0
0	0	0	0	0	0	0	0	0	0	3	1	1	0	0	0	0	1	2	4	2	2	6	6	5	2	2	0	1	0	1	0	1	0	0	0	0	0	0	0	0	1	0	0	1	2	3	3	1	2	1	2	2	1	0	0	1	0	0	1	0	0	0	0	1	1	0	0	1	0	0	0	0	0	0	1	0	0	0	1	0	0	0	1	0	0	1	0	0	1	2	1	3	0	2	3	2	2	1	0	1	1	0	2	2	1	1	2	0	2	1	1	4	0	1	2	2	0	0	0	1	0	0	1	1	1	1	0	2	3	0	2	2	2	8	8	20	10	3	3	6	2	2	1	6	9	9	13	20	152	95	0	13	24	2	1	1	3	0	4	2	8	2	2	4	5	1	3	3	2	0	0	0	2	1	0	1	3	0	2	1	4	4	3	5	1	4	5	10	2	2	1	4	9	8	7	1	3	3	8	17	8	6	8	4	9	17	12	4	3	1	1	6	16	11	6	8	4	1	9	9	8	9	6	2	2	2	3	4	9	4	8	4	2	3	7	3	6	6	6	4	1	2	6	1	1	2	2	5	2	0	3	7	2	8	2	0	0	1	1	0	1	1	2	0	1	1	0	0	1	1	4	0	4	0	3	5	11	11	19	28	3	11	9	3	3	1	1	1	2	0	1	2	4	0	0	2	1	0	3	0	1	0	1	2	0	7	1	2	2	1	0	0	0	1	2	4	1	0	0	1	0	0	1	2	0	0	0	0	1	1	0	1	1	1	0	1	1	1	0	0	1	0	1	1	1	1	6	3	0	1	2	0	0	1	1	0	3	1	2	3	0	1	0	0	1	1	2	3	0	1	2	1	0	2	2	3	0	2	0	1	3	2	0	0	2	1	4	2	1	1	0	1	0	1	1	2	2	0	1	2	3	4	0	0	0	1	0	1	0	0	1	3	0	0	0	0	1	1	0	3	1	1	1	0	0	0	0
0	0	0	0	0	0	0	0	2	0	1	0	1	0	0	0	1	0	1	2	4	1	1	1	4	1	1	1	0	1	0	0	0	1	1	2	0	1	0	0	0	0	0	0	1	1	1	0	1	0	3	0	1	0	0	0	0	1	1	0	0	0	1	0	0	0	0	1	1	0	0	1	0	0	0	0	0	0	0	0	0	0	1	0	0	0	1	0	0	1	0	0	0	0	1	0	0	0	0	2	0	1	1	1	0	1	0	2	0	1	1	1	1	0	2	0	0	0	0	0	0	1	0	1	0	2	1	2	1	1	1	2	6	4	3	5	2	8	4	4	6	4	3	0	3	2	4	6	4	12	30	13	0	88	3	3	1	2	2	0	3	2	2	4	0	1	0	0	0	0	1	0	0	0	3	2	1	0	3	0	2	2	4	0	4	1	3	0	8	1	1	0	0	6	3	6	3	0	1	4	1	4	3	4	1	3	7	8	8	7	4	2	3	8	15	11	11	2	4	5	12	9	9	5	5	3	0	4	0	4	1	7	5	1	4	26	10	8	11	4	11	10	5	3	2	2	4	4	4	1	1	1	2	3	8	5	0	2	2	2	2	1	2	0	0	3	4	3	1	1	3	4	5	3	0	4	3	7	8	7	12	8	22	4	3	1	4	3	1	1	3	2	1	3	3	1	1	1	3	5	0	0	2	6	4	1	6	2	2	0	0	3	1	0	0	0	0	2	0	0	3	0	0	0	0	1	0	1	3	0	0	1	1	0	2	0	2	3	0	2	0	1	0	0	0	2	5	4	7	1	0	0	0	0	2	1	2	2	2	3	2	2	2	0	0	2	2	1	5	1	1	1	1	1	2	0	1	1	1	0	1	2	0	0	0	2	1	2	0	0	0	1	0	0	1	0	0	1	1	0	1	0	2	1	0	1	0	1	1	1	1	0	1	1	0	1	0	1	1	0	0	1	0	1	0	1	0	0
0	0	0	0	0	0	0	0	0	0	0	0	0	1	0	1	0	0	0	3	1	2	2	4	2	2	2	0	0	0	1	0	0	1	0	1	0	1	1	0	2	0	0	1	0	0	2	3	3	0	2	3	1	0	1	0	1	1	0	0	0	1	0	0	0	1	1	1	0	0	0	0	0	0	0	0	0	1	0	0	0	0	0	0	1	0	0	1	1	1	1	0	0	0	1	1	2	0	1	1	3	0	1	0	1	2	0	0	2	1	3	1	3	0	0	0	0	0	0	0	1	1	0	2	1	1	2	3	1	4	4	4	3	1	3	10	5	6	3	3	5	1	3	3	4	4	4	9	10	15	72	24	88	0	5	1	3	1	3	2	0	2	3	5	1	4	4	3	2	1	1	1	1	2	1	3	3	2	2	1	4	2	4	2	2	2	2	5	2	2	5	2	3	3	1	0	3	4	3	2	3	6	6	3	3	9	11	9	8	12	2	4	5	15	9	11	11	11	1	16	18	11	20	7	7	7	4	1	3	5	5	16	8	5	5	13	3	7	5	6	2	6	2	2	3	2	3	5	2	2	1	1	5	3	4	0	1	0	0	0	1	2	2	2	0	0	0	3	0	3	2	3	2	2	2	7	11	5	6	6	5	7	9	4	2	2	0	2	0	3	0	1	0	4	3	3	2	2	3	4	1	2	2	3	6	2	8	7	2	2	1	0	0	0	0	1	0	0	1	1	1	0	0	1	0	1	2	0	0	1	0	2	3	1	3	1	1	0	0	1	0	0	1	0	0	1	4	2	0	1	0	0	0	0	2	1	0	1	1	3	2	0	2	1	0	3	2	3	4	0	0	1	1	1	1	1	0	1	1	0	0	0	1	3	0	2	0	1	3	2	0	3	0	0	1	0	4	0	0	3	4	2	1	1	2	0	3	2	0	0	0	1	0	0	0	1	0	0	0	1	2	0	1	0	0	0	0	0
0	0	0	0	0	0	0	0	0	1	0	0	0	1	0	0	1	0	1	1	1	0	2	3	0	0	1	1	1	1	0	0	0	1	1	0	1	0	1	0	0	0	1	1	1	1	2	1	1	1	2	0	2	1	1	0	0	0	0	0	1	1	0	0	0	0	1	0	0	3	0	1	0	1	0	0	0	0	0	1	0	0	1	0	0	3	0	0	2	1	0	2	0	0	0	2	0	1	2	0	0	1	4	0	0	1	1	0	1	1	1	1	0	2	0	0	5	0	0	0	1	0	2	1	0	1	0	3	3	3	7	22	7	5	9	4	12	1	0	2	2	0	2	1	3	1	3	1	5	3	3	2	3	5	0	69	14	6	4	2	6	3	3	2	0	3	3	0	0	2	1	2	1	8	6	2	4	6	5	1	2	2	3	0	1	3	0	0	5	0	1	0	1	4	1	1	2	2	0	0	0	5	2	2	2	5	5	8	10	9	3	9	10	6	4	4	15	48	21	4	2	6	9	4	5	7	3	6	5	10	13	13	43	4	6	5	2	1	1	2	1	0	1	0	1	0	3	1	2	0	0	0	0	2	1	2	2	0	0	1	0	0	0	1	0	0	1	0	0	1	2	1	2	2	3	1	2	2	1	3	3	1	3	2	2	0	0	0	0	1	2	2	1	2	2	1	1	4	2	1	1	1	2	1	5	3	2	1	1	1	2	2	2	0	0	0	0	1	0	0	0	3	0	0	1	0	0	1	0	1	0	0	0	1	2	1	2	1	0	0	0	0	0	1	0	1	2	1	1	0	0	1	1	0	0	1	0	0	2	1	1	0	0	0	0	1	1	2	2	0	0	1	0	2	2	0	2	0	1	1	2	0	1	1	0	0	1	1	1	0	0	0	0	0	0	0	0	0	0	0	0	0	0	0	1	0	1	1	2	0	0	0	0	0	0	0	1	0	2	0	1	2	0	0	0	0	0	0
0	0	0	0	0	0	0	0	0	1	1	0	0	0	2	1	1	2	0	1	2	0	1	2	0	0	0	1	0	0	0	1	2	2	0	0	1	1	0	1	0	1	1	1	0	1	0	2	1	1	1	1	3	0	0	0	2	1	0	2	0	0	0	1	1	1	0	2	0	1	1	0	1	0	1	1	0	0	0	0	0	0	0	0	0	1	0	1	0	1	1	0	2	0	2	0	1	0	1	0	1	2	3	2	1	1	1	1	0	2	1	1	1	2	1	1	0	2	0	2	0	0	1	1	0	1	1	0	2	3	6	12	3	2	9	11	7	2	2	3	1	1	1	1	7	6	5	4	3	3	3	1	3	1	69	0	30	9	2	2	6	8	3	0	1	2	1	1	0	1	1	0	3	7	3	3	0	3	3	2	5	1	2	0	1	1	0	0	2	2	1	3	2	2	1	1	0	1	1	1	0	2	0	2	3	2	4	5	4	10	6	11	6	2	4	3	12	15	9	13	3	5	17	4	6	8	9	3	17	16	19	14	33	5	6	2	3	1	3	3	3	3	4	0	1	2	1	3	0	0	1	0	2	0	0	1	3	1	0	1	0	0	2	1	0	1	1	1	1	2	0	0	1	1	1	1	1	3	4	1	5	1	1	1	0	1	2	2	1	2	0	1	1	2	2	1	0	1	2	2	3	0	1	4	1	1	3	1	1	2	1	2	0	1	1	0	0	1	1	1	2	1	1	0	2	0	1	0	0	1	1	0	0	0	0	1	2	0	1	0	0	1	1	0	0	1	1	1	2	0	1	1	0	0	0	0	0	1	1	1	0	0	0	0	0	0	0	3	2	1	0	0	0	0	0	0	1	0	1	1	2	0	2	0	0	1	2	1	0	0	1	0	0	0	0	0	0	0	1	1	0	0	2	2	1	1	0	0	0	1	0	1	1	1	2	0	0	1	0	0	0	0	0	0	0	0	0	0
0	0	0	0	0	0	0	0	1	1	0	0	0	1	1	0	1	0	2	2	0	3	0	0	0	1	1	0	3	2	2	1	1	1	0	1	1	0	0	0	1	1	0	0	0	2	1	1	1	0	0	0	1	1	3	0	3	1	0	0	0	1	2	1	1	1	1	2	0	0	0	0	0	0	0	0	0	0	0	0	1	1	0	0	1	0	1	1	1	1	1	2	0	4	0	1	2	0	4	6	3	6	3	2	2	1	2	0	2	1	5	0	0	1	2	2	2	1	3	0	0	0	3	1	3	1	0	2	1	6	5	12	7	4	6	4	4	2	2	4	1	1	0	2	2	11	7	5	1	3	0	1	1	3	14	30	0	37	8	13	9	3	1	1	1	4	0	3	2	2	0	3	3	21	21	4	4	7	1	2	2	1	4	2	1	2	4	4	1	0	2	4	1	0	2	0	2	0	0	2	0	1	4	0	0	1	2	4	5	2	4	5	5	6	1	0	5	14	7	5	4	4	7	2	4	5	5	5	12	14	26	10	10	5	3	1	2	1	0	1	1	1	1	1	1	0	1	1	0	0	0	2	0	1	1	3	0	0	0	0	0	0	1	0	0	0	0	1	0	0	1	0	1	0	1	0	2	1	0	0	2	0	2	1	1	0	1	1	2	0	1	2	0	1	2	2	1	0	0	1	1	0	1	0	1	1	3	3	2	2	4	2	1	2	0	1	0	2	0	0	0	0	0	0	0	0	0	0	2	1	0	0	1	0	0	1	0	0	1	0	0	0	2	0	0	3	3	2	2	0	1	0	1	0	1	0	1	0	0	2	2	0	0	0	0	0	1	1	0	0	2	0	0	2	0	2	3	2	0	1	2	0	0	0	0	1	0	0	0	0	0	0	1	0	1	0	0	1	0	0	0	1	1	0	0	0	0	1	2	1	1	1	3	0	0	1	0	1	0	0	1	0	0	0	0	2	0	0
0	0	0	0	0	0	0	0	0	0	0	0	1	1	2	0	0	1	2	2	2	0	1	1	1	1	1	2	4	1	0	3	1	1	3	2	1	0	0	1	1	0	1	0	0	1	3	2	2	1	0	1	0	3	1	2	0	0	0	2	0	0	0	0	0	2	0	0	1	0	0	1	1	1	1	0	1	0	0	1	0	0	0	0	1	1	1	0	2	1	3	2	0	0	0	2	1	3	5	5	1	5	9	4	2	2	2	1	4	2	4	4	1	2	2	2	2	0	2	1	1	0	3	0	0	2	2	1	4	1	14	12	9	3	7	7	7	3	5	5	3	4	4	2	1	11	10	6	1	2	3	3	2	1	6	9	37	0	28	33	11	6	1	0	2	2	6	2	1	4	1	1	5	50	11	6	7	11	10	3	3	14	8	6	7	0	4	3	3	2	0	2	2	1	0	2	0	2	0	2	1	2	3	2	0	1	6	6	4	3	1	3	6	1	1	0	2	7	5	2	3	3	5	2	3	5	4	6	12	22	29	7	9	1	5	1	3	3	0	2	0	0	0	0	0	1	0	1	1	0	1	0	0	1	2	0	0	1	0	0	0	0	0	0	0	1	0	0	1	2	2	0	1	2	0	2	3	3	3	2	3	3	1	2	2	0	2	0	2	0	1	0	1	2	4	1	0	0	1	1	0	0	1	0	1	0	0	1	1	2	1	2	0	0	2	0	2	1	1	1	1	0	0	0	0	0	0	0	0	0	1	1	0	0	0	0	0	0	1	1	0	1	0	0	0	0	1	1	1	1	0	0	0	2	1	0	0	0	0	1	1	0	2	0	0	0	0	0	0	1	1	0	1	1	0	0	1	0	0	1	1	0	0	0	0	0	1	0	0	1	0	0	2	0	1	1	0	0	0	1	1	0	0	0	1	0	0	0	0	0	0	0	0	0	0	1	1	0	0	0	0	1	0	1	0	0	0	0
0	0	0	0	0	0	0	0	1	0	3	1	1	0	1	1	0	0	1	2	2	1	1	1	2	4	0	5	3	3	2	2	1	1	1	1	0	0	1	1	0	1	0	1	0	4	1	3	0	0	1	2	1	0	1	1	3	0	0	0	1	2	2	0	2	1	2	0	1	0	0	0	2	0	1	0	2	0	0	0	0	0	0	0	0	1	0	2	3	1	4	3	5	2	0	2	0	1	2	3	1	10	5	1	3	1	0	7	10	6	8	4	2	4	1	5	0	1	0	3	1	0	4	1	1	1	3	0	1	1	5	7	2	3	1	4	3	0	2	2	0	0	1	6	2	8	3	5	1	4	4	0	2	3	4	2	8	28	0	93	12	5	0	1	1	2	4	3	3	3	2	5	4	12	5	6	1	5	4	9	8	11	17	3	5	1	2	3	1	0	1	2	1	0	2	0	1	0	0	3	2	2	0	2	0	2	1	1	2	2	1	2	1	5	0	2	2	1	0	1	2	3	3	0	1	4	7	7	13	7	6	4	1	2	0	0	0	1	3	0	2	3	0	2	2	1	0	1	0	1	0	0	2	1	1	0	0	0	0	0	0	0	0	0	1	0	0	0	0	1	1	1	3	1	1	0	0	0	0	0	1	1	1	1	0	0	0	1	0	0	1	0	1	0	1	0	1	0	0	1	0	0	1	2	1	0	1	2	0	2	0	0	1	0	1	1	0	1	1	0	1	0	0	2	0	0	0	2	0	1	0	0	0	0	2	1	1	0	1	0	1	1	0	0	0	0	0	0	1	1	0	0	0	0	0	1	0	0	1	0	0	0	0	0	0	1	0	0	0	0	1	0	0	0	0	1	0	0	0	0	0	2	0	0	0	1	1	1	0	1	0	0	0	0	0	0	0	1	0	0	1	2	1	0	0	0	0	0	0	0	0	0	0	2	0	0	1	0	1	0	1	0	1	1	0	0	0	0
0	0	0	0	0	0	0	0	3	5	2	1	1	1	1	0	3	4	0	3	4	0	1	0	0	2	1	0	1	0	1	2	2	1	0	1	0	1	1	0	1	0	1	0	1	3	4	0	0	2	4	1	0	1	0	2	1	0	1	0	2	4	0	1	1	0	0	1	1	0	1	0	0	1	0	1	0	0	2	0	0	2	0	2	0	1	0	1	0	4	2	5	1	2	2	0	0	0	3	5	2	14	20	8	5	1	2	2	7	6	4	2	7	0	3	0	1	1	1	4	0	0	0	1	0	0	1	0	1	2	6	3	4	0	4	8	2	1	1	2	0	0	1	1	4	6	3	2	4	6	3	4	0	2	2	2	13	33	93	0	11	1	0	3	0	1	2	6	1	2	2	1	3	24	7	7	5	11	17	7	8	18	8	4	4	4	1	5	3	2	2	1	1	0	0	1	1	0	0	0	1	1	2	0	1	0	0	3	2	0	0	0	2	2	0	4	2	3	6	3	0	1	0	3	1	5	6	8	8	10	6	3	2	2	3	1	0	1	0	1	1	0	1	1	0	0	1	0	1	0	1	0	0	0	0	0	0	0	0	0	0	0	0	0	0	0	0	3	0	1	0	0	0	1	0	2	2	2	2	0	1	0	0	0	0	2	0	1	0	0	0	0	1	2	1	1	0	1	2	1	0	1	1	0	0	0	0	1	0	3	0	4	0	0	0	0	0	0	0	0	0	0	0	0	0	0	0	0	1	0	0	0	0	0	1	0	0	0	0	0	0	0	0	1	0	1	1	2	1	0	0	0	0	1	2	0	0	0	0	1	1	0	0	1	0	0	0	1	0	0	0	1	0	1	0	1	0	0	0	0	1	0	0	0	0	0	0	0	1	2	0	0	0	0	1	0	0	0	1	1	0	0	1	0	0	0	0	0	0	0	1	0	0	0	0	0	0	0	0	1	1	0	0	0	0	1	0	0
0	0	0	0	0	0	0	0	0	0	2	1	1	3	3	1	1	1	3	4	1	1	2	2	3	0	1	2	0	1	4	1	2	1	2	1	1	1	0	0	0	0	0	1	1	5	6	1	3	6	0	0	5	1	2	4	4	4	0	1	0	0	1	3	3	2	5	2	0	1	1	0	0	0	0	0	0	0	0	0	0	0	1	0	1	1	0	1	0	2	4	0	2	1	0	5	0	0	6	11	9	14	19	10	5	5	2	0	4	4	4	4	2	4	2	1	2	5	2	2	2	1	5	8	3	2	3	3	7	9	17	7	10	9	8	8	2	0	0	1	3	2	4	2	1	5	7	7	2	2	2	2	3	0	6	6	9	11	12	11	0	5	3	3	6	4	8	5	4	8	12	0	4	111	35	50	39	18	12	4	3	11	7	2	0	2	5	0	4	2	3	2	1	1	0	0	0	2	1	1	1	0	3	1	1	4	3	6	4	1	0	3	7	1	1	4	2	6	3	3	1	4	2	4	0	2	0	2	3	6	1	5	4	2	5	2	2	0	2	1	0	1	0	1	0	0	0	0	3	2	1	3	0	2	2	1	1	0	0	0	0	0	1	0	0	0	0	1	0	0	1	0	3	1	0	0	1	1	0	0	3	2	1	1	0	0	2	1	2	1	0	0	0	0	4	2	0	0	0	2	1	0	1	0	1	1	2	3	1	4	5	2	3	0	2	0	1	1	0	1	1	0	0	1	0	0	0	0	1	0	1	0	1	2	1	1	1	0	0	1	0	0	1	1	0	0	1	0	0	0	3	0	0	0	0	0	0	0	0	0	0	2	0	0	0	0	1	0	1	0	1	1	1	0	1	4	0	0	0	1	1	0	0	0	0	2	0	0	2	0	1	0	0	0	0	1	0	0	0	3	0	1	0	0	1	0	0	0	0	0	0	0	0	1	0	0	0	0	0	0	0	0	0	1	1	0	0	0
0	0	0	0	0	0	0	0	1	0	1	0	0	0	0	1	0	0	2	5	10	4	3	13	11	6	1	1	2	3	1	2	3	1	1	0	0	2	1	2	1	0	1	4	1	6	9	13	22	5	7	3	3	3	3	0	3	0	0	0	2	1	1	0	1	2	1	0	1	1	0	0	0	1	0	0	0	0	1	1	0	0	0	1	0	0	0	0	0	1	1	1	2	2	1	0	0	1	5	5	4	0	4	3	3	2	4	1	1	2	3	4	2	1	3	3	2	2	2	1	4	0	4	11	2	2	1	3	4	8	29	9	9	25	17	9	4	1	0	0	2	1	2	1	3	10	5	19	21	9	3	8	2	2	3	8	3	6	5	1	5	0	43	27	19	66	26	11	4	2	1	4	2	6	3	1	7	11	6	3	4	9	4	3	0	1	2	6	5	4	5	5	1	3	4	1	1	4	1	3	3	8	5	7	5	7	5	5	5	3	1	3	17	0	3	5	2	5	3	1	3	2	2	2	1	1	0	4	2	8	5	7	1	6	9	4	0	0	1	0	2	2	2	0	0	4	2	0	2	2	3	3	3	7	1	4	2	1	0	1	0	1	1	2	2	0	2	0	1	1	0	1	1	2	1	2	5	3	0	1	3	4	0	2	0	0	2	3	0	1	1	1	1	2	3	3	5	1	1	2	2	0	3	2	1	1	4	4	2	2	3	2	0	2	1	2	2	1	1	3	4	1	1	0	0	1	0	1	0	1	1	0	0	1	0	0	1	1	0	0	1	1	0	0	0	0	1	2	1	0	0	0	1	0	0	1	0	0	2	2	1	0	2	0	0	0	0	2	0	0	0	0	1	0	2	1	1	0	2	1	0	2	3	0	1	5	0	1	2	0	0	0	0	0	1	0	2	2	0	3	1	1	1	3	0	0	0	2	1	0	0	1	0	0	2	0	2	1	0	1	3	0	0	0	0	0	0	0
0	0	0	0	0	0	0	0	2	0	0	0	0	2	2	1	2	4	1	3	4	1	2	9	4	7	6	5	1	1	1	0	3	1	2	1	2	1	1	1	1	1	0	2	1	10	1	5	10	10	13	0	3	2	1	1	1	2	1	1	2	1	1	2	0	2	1	1	0	1	0	0	0	0	0	0	0	0	0	1	1	1	0	0	0	0	0	0	0	1	2	0	2	0	2	0	1	1	2	0	0	0	2	3	1	1	2	2	0	2	3	3	3	2	1	0	0	1	3	0	1	3	4	7	2	3	3	3	8	6	9	6	6	16	10	4	3	2	0	1	1	1	0	0	2	6	4	9	8	11	5	2	2	3	3	3	1	1	0	0	3	43	0	98	25	24	7	6	7	2	2	1	1	3	3	2	3	3	2	2	2	3	4	2	0	0	6	2	1	1	0	8	7	5	5	6	5	3	3	1	2	12	20	6	0	15	8	7	1	1	0	5	12	3	1	1	5	3	1	4	1	1	3	4	3	0	3	1	1	4	1	2	2	4	11	6	0	0	1	2	1	0	1	0	1	0	3	1	1	3	5	6	7	8	3	0	1	2	1	0	1	2	0	2	0	1	1	1	0	1	1	0	0	4	0	1	4	6	4	1	3	3	5	5	2	2	2	1	2	1	1	2	0	5	15	4	0	3	5	4	2	1	1	0	1	2	1	1	1	10	4	3	4	1	1	2	0	0	0	1	2	0	0	0	1	2	0	0	1	0	0	0	1	0	2	3	3	2	0	0	0	0	0	2	0	0	1	3	5	1	0	0	0	0	0	2	0	2	0	1	1	3	0	0	0	0	1	1	1	0	1	1	0	0	0	1	1	2	2	1	3	3	1	0	1	1	0	2	1	0	1	1	0	0	0	2	1	0	0	2	0	2	2	2	2	1	0	1	0	0	0	0	0	0	0	0	4	1	0	0	0	2	1	1	0	0	0	0
0	0	0	0	0	0	0	0	0	0	0	1	1	0	0	0	1	2	5	2	5	2	2	8	6	6	4	3	4	6	0	0	2	1	3	1	1	0	1	0	2	0	3	2	1	6	8	13	20	24	16	7	5	4	0	1	3	2	0	1	2	1	1	0	0	2	1	2	1	0	2	2	0	0	0	0	1	0	0	2	0	0	3	0	1	0	1	1	2	0	1	1	0	1	2	0	0	0	5	1	1	1	3	3	1	1	1	1	3	0	0	3	3	2	3	0	2	2	0	1	1	2	9	7	3	1	3	6	9	9	8	10	3	9	3	0	3	0	2	1	2	0	0	1	2	3	2	8	6	3	6	2	4	5	2	0	1	0	1	3	3	27	98	0	74	54	7	5	5	4	4	2	0	7	5	2	1	4	2	3	1	2	0	0	1	4	0	5	2	2	5	1	5	6	6	3	0	1	3	5	5	10	17	7	4	5	16	2	6	2	1	2	6	5	2	0	3	4	2	0	0	0	2	3	1	1	0	2	5	4	5	1	2	4	8	4	0	0	1	0	1	1	2	0	1	1	1	1	3	3	3	5	5	4	1	0	2	0	1	1	1	0	1	0	0	0	2	1	1	0	5	2	0	3	0	1	1	1	3	5	2	2	3	2	1	2	1	1	2	3	3	1	2	1	7	1	0	0	0	3	3	3	0	2	0	1	1	3	3	8	3	4	2	1	2	0	3	0	3	1	1	0	1	0	0	1	0	1	0	1	1	0	0	1	1	0	1	0	1	2	1	1	0	0	0	1	1	0	1	0	0	0	0	0	0	1	0	0	0	0	2	0	0	1	0	0	0	0	1	0	0	0	0	1	0	0	1	1	1	3	1	2	3	1	2	3	2	2	3	1	1	0	0	1	1	1	1	0	1	2	1	0	4	1	1	0	0	0	0	0	1	1	2	0	1	1	1	0	0	0	1	0	1	0	1	0	0	0
0	0	0	0	0	0	0	0	0	2	1	0	1	0	2	0	2	0	1	2	3	4	4	6	6	11	7	1	6	1	4	1	8	3	0	1	0	1	2	0	0	2	1	2	8	20	9	17	100	45	31	10	13	4	1	1	3	2	0	1	0	0	1	3	0	3	0	1	1	0	0	1	0	0	0	0	0	0	1	1	2	0	0	0	0	0	0	0	0	1	1	2	0	3	3	1	1	2	9	5	2	4	1	3	2	0	2	1	1	0	1	2	7	0	3	1	1	4	3	2	4	6	11	11	1	9	2	8	7	7	6	1	8	8	3	1	1	0	1	0	1	6	2	0	1	0	5	6	1	9	3	4	0	1	0	1	1	2	1	0	6	19	25	74	0	68	10	10	4	3	6	2	6	1	0	3	2	6	5	2	5	3	1	0	0	0	3	1	5	2	5	4	3	3	2	1	1	0	0	1	2	5	8	5	3	5	2	4	3	0	0	2	0	5	1	1	0	2	2	3	3	1	2	2	0	2	0	0	1	4	3	3	1	1	0	1	1	0	0	2	1	1	0	3	0	1	0	1	1	2	2	3	6	4	2	1	1	1	0	0	0	0	1	2	1	1	0	1	1	0	2	1	0	0	0	1	1	1	0	2	1	1	1	1	1	0	3	2	1	1	2	1	1	0	4	4	3	4	1	0	0	1	1	2	0	0	2	0	1	6	5	2	0	1	2	1	2	1	3	4	1	1	2	2	1	0	0	0	0	1	1	0	0	0	0	1	0	1	2	2	0	0	2	0	0	0	0	2	0	1	0	2	0	0	0	1	1	0	1	0	0	0	2	1	0	0	0	0	1	0	0	0	0	1	1	2	1	0	1	0	2	0	1	1	1	2	3	0	0	0	0	0	0	1	0	0	1	0	1	2	2	2	1	2	2	1	0	0	0	0	0	0	2	1	0	1	1	0	2	0	0	0	2	0	0	1	0	0
0	0	0	0	0	0	0	0	0	0	1	0	2	1	0	3	1	3	1	2	5	7	3	13	8	11	2	5	6	7	2	2	3	1	2	2	1	0	2	0	2	2	4	1	6	13	10	16	75	15	9	1	3	5	4	1	3	2	0	1	0	2	0	1	2	5	3	1	0	2	0	0	0	0	0	1	2	0	0	0	0	1	1	2	2	0	0	0	0	1	0	2	1	3	1	0	2	2	5	7	5	0	3	2	4	2	3	1	0	0	2	2	5	6	2	1	0	1	0	4	0	4	6	11	1	6	9	9	12	11	10	6	10	17	8	3	1	2	1	1	0	2	1	1	2	2	6	14	11	5	3	5	1	4	3	2	4	2	2	1	4	66	24	54	68	0	28	22	6	7	3	4	6	8	1	10	7	3	3	3	10	7	2	3	0	0	3	3	3	3	1	3	1	2	3	1	0	2	2	0	2	3	9	5	1	3	3	1	0	0	0	1	2	3	1	2	3	3	3	1	0	2	2	1	0	0	3	2	3	2	8	4	4	7	4	3	2	0	2	0	0	0	2	0	1	1	0	2	0	4	3	3	3	0	1	0	0	1	0	0	4	0	0	0	0	1	1	3	1	0	1	2	2	3	1	0	1	1	2	0	5	0	0	2	1	0	3	4	2	3	3	1	2	0	2	3	0	1	4	0	2	1	1	2	3	1	1	3	3	5	3	2	1	2	0	3	1	0	2	3	1	1	0	0	0	2	0	1	0	1	0	0	0	0	0	1	0	1	2	0	0	0	0	0	0	1	0	0	0	0	0	0	0	0	2	1	0	1	0	0	0	0	1	1	0	1	1	1	2	0	2	0	2	0	0	1	1	3	1	0	1	0	0	1	0	1	1	1	0	0	0	0	0	2	0	1	0	0	2	0	1	0	2	1	2	0	0	0	1	0	0	1	0	2	2	0	0	0	0	0	0	0	1	0	1	0	0	0
0	0	0	0	0	0	0	0	0	2	5	0	2	2	1	0	0	1	6	11	15	8	9	9	6	6	5	3	8	3	3	3	1	0	2	2	0	2	1	0	2	3	1	2	6	7	21	35	16	13	3	5	7	3	1	2	1	3	2	0	0	1	1	0	1	1	1	1	1	0	0	0	0	0	0	0	0	2	0	0	0	1	1	0	0	1	0	2	2	4	1	0	3	4	3	2	1	0	7	3	5	2	5	7	3	5	5	1	3	2	6	4	4	3	3	4	1	4	2	3	1	6	5	6	2	3	1	1	6	3	14	4	5	6	12	3	6	0	1	1	1	1	1	4	4	8	8	27	15	5	2	1	0	4	3	1	0	6	4	2	8	26	7	7	10	28	0	28	4	6	4	5	5	7	3	5	9	17	5	6	4	8	6	4	2	2	13	5	9	4	3	3	0	4	3	1	0	1	1	5	7	5	3	4	1	3	5	2	1	1	1	2	4	5	1	2	1	7	1	5	0	1	3	1	0	1	2	1	6	8	7	5	4	5	5	2	1	1	3	0	0	1	0	0	0	1	0	0	0	4	0	2	4	1	1	0	1	0	1	1	1	0	1	0	0	1	1	0	0	0	1	3	2	1	0	1	1	0	6	1	1	1	3	1	1	3	1	2	1	1	0	1	1	0	2	0	0	1	2	0	2	1	0	2	1	0	2	0	1	2	1	1	1	1	1	2	0	0	2	1	0	1	0	2	0	1	0	2	0	1	0	0	1	0	0	1	0	0	0	0	1	2	0	0	0	1	0	0	1	1	0	0	1	0	0	1	0	1	1	1	0	1	1	0	0	1	0	0	0	0	0	0	0	0	0	2	1	1	0	0	1	1	1	0	1	3	0	2	1	0	1	0	0	0	1	0	1	0	0	1	0	0	1	1	1	0	1	2	0	0	0	1	1	0	0	1	0	0	0	2	0	0	1	1	1	0	0	0
0	0	0	0	0	0	0	0	1	2	2	0	0	5	2	2	0	3	1	6	9	5	2	3	5	5	5	3	2	6	5	7	2	1	0	1	0	1	1	1	2	2	5	1	6	27	16	67	36	8	4	8	4	5	1	1	9	3	2	3	3	1	1	1	2	3	2	0	1	1	0	0	0	0	0	0	0	0	0	0	1	0	2	1	0	1	1	1	3	1	4	2	4	4	3	1	0	0	45	7	10	5	12	11	6	4	3	1	4	2	2	7	10	3	7	2	4	1	6	2	6	4	13	7	4	6	4	7	4	4	5	3	8	3	5	5	2	1	0	2	3	2	2	1	5	5	3	5	5	2	0	3	0	3	0	1	3	2	3	6	5	11	6	5	10	22	28	0	18	27	14	9	10	5	3	7	17	18	12	11	6	1	3	1	1	1	1	6	4	2	1	1	2	0	2	1	3	0	1	0	1	4	1	0	2	6	2	1	2	1	2	0	1	2	0	0	1	4	2	1	2	0	1	2	2	0	4	2	0	2	4	3	2	1	1	0	1	0	0	1	0	1	1	0	0	0	0	1	1	1	2	0	0	2	2	0	1	0	1	1	0	1	0	1	0	0	0	0	1	0	0	2	0	0	0	0	1	1	1	1	3	3	1	1	0	1	2	2	1	2	2	2	0	3	5	0	0	0	0	1	0	1	0	3	0	1	2	0	1	1	1	2	1	2	0	0	1	1	1	0	2	0	0	0	0	2	0	1	0	1	1	1	0	0	0	0	0	3	0	0	0	0	0	0	0	0	2	1	1	0	1	0	0	0	0	0	0	1	0	0	1	0	1	0	0	2	0	0	3	1	2	1	1	0	0	0	4	2	0	1	0	1	1	0	1	0	0	1	1	0	0	0	0	1	1	1	1	0	1	0	2	0	1	0	1	2	1	1	1	0	0	0	0	0	0	0	1	0	0	0	0	2	0	0	1	0	0	0
0	0	0	0	0	0	0	0	0	3	2	1	1	1	0	3	2	5	3	7	3	3	2	2	1	1	2	3	9	8	4	2	3	5	4	1	2	3	2	0	0	0	0	0	11	9	8	7	12	3	5	1	4	16	11	9	10	4	3	5	1	3	7	1	3	5	2	2	1	2	0	0	1	1	1	0	1	0	1	0	0	0	2	2	1	2	5	2	1	3	1	2	0	3	0	0	2	0	20	7	3	3	3	3	2	3	6	2	2	0	3	7	5	9	13	8	3	5	6	8	6	27	32	3	3	9	3	4	0	4	2	1	2	1	2	3	2	2	0	1	1	1	0	0	0	2	1	4	2	4	0	3	0	2	0	0	2	1	3	1	4	4	7	5	4	6	4	18	0	41	122	5	9	3	1	1	7	3	7	4	5	4	1	2	2	2	2	3	2	1	0	0	1	1	1	2	0	0	0	3	1	5	1	3	2	3	1	0	0	0	1	0	0	2	2	0	1	2	0	2	2	1	1	0	0	0	3	1	1	2	0	3	0	1	1	0	1	0	1	0	0	0	0	0	0	0	0	0	2	2	0	0	3	2	0	0	0	0	0	1	2	0	0	0	0	1	0	2	0	0	1	0	0	0	0	0	1	0	0	0	3	1	0	0	0	0	1	1	0	2	1	1	1	1	4	0	0	0	0	1	0	0	0	0	0	1	0	0	2	3	3	0	1	1	1	0	0	1	0	0	0	3	1	0	0	0	0	1	0	1	0	1	1	0	0	1	0	2	0	0	0	0	0	0	0	0	0	1	0	0	1	1	1	0	0	0	1	0	1	0	0	0	0	0	0	0	1	0	0	0	1	0	0	0	0	0	0	0	2	2	0	0	0	0	0	0	2	1	1	0	0	1	1	0	0	1	0	1	0	1	3	2	2	0	1	0	0	0	2	0	0	0	1	0	1	0	1	0	1	0	0	0	0	0	0	0	0	0
0	0	0	0	0	0	0	0	0	0	1	2	1	5	4	1	4	2	3	9	3	1	2	6	3	2	6	1	4	10	3	4	1	3	1	1	0	2	1	2	3	2	2	1	5	10	5	17	4	4	3	4	6	12	6	7	11	0	3	1	3	1	4	2	1	6	3	4	0	3	1	1	1	0	1	0	0	0	0	0	0	1	0	0	2	4	0	3	2	3	3	5	2	5	1	0	3	3	80	15	7	3	8	16	11	2	5	2	3	5	7	10	4	18	38	6	4	4	17	8	3	5	12	2	3	5	4	2	8	1	3	5	2	2	2	3	1	1	0	0	1	0	0	0	3	3	1	3	0	1	2	2	0	1	2	1	2	4	3	2	8	2	2	4	3	7	6	27	41	0	150	20	23	4	3	6	6	11	9	7	8	8	4	1	1	1	5	2	0	1	1	3	1	0	1	1	1	0	0	0	0	1	3	1	2	2	0	1	0	1	2	1	4	0	1	2	0	3	2	2	2	0	1	0	0	0	0	0	1	1	2	2	2	0	1	0	0	0	0	0	0	1	1	0	0	0	1	1	0	1	2	0	3	2	1	0	0	0	0	1	0	0	0	0	0	0	0	0	0	0	1	0	0	1	0	0	1	0	2	2	1	1	1	4	0	0	2	1	2	1	0	0	0	0	1	0	1	0	2	2	0	0	2	0	0	1	1	0	2	1	2	0	0	0	1	1	0	0	0	1	1	0	0	0	0	0	0	0	1	0	1	1	0	1	0	3	0	0	0	0	2	0	0	0	0	1	0	1	0	0	0	0	1	0	0	0	0	1	0	1	0	0	0	1	1	0	0	0	0	0	0	0	0	1	0	1	0	0	2	1	1	0	0	1	0	0	2	1	2	1	0	0	0	0	0	0	0	0	0	1	0	1	1	0	1	1	0	0	0	1	1	0	0	0	1	0	0	0	0	0	0	0	0	0	0	0	0	0
0	0	0	0	0	0	0	0	1	1	0	2	2	4	5	2	2	4	2	9	3	2	4	0	3	2	5	7	12	11	1	4	2	2	4	0	1	4	2	2	1	1	2	3	14	10	8	16	9	5	3	6	5	13	7	8	23	1	4	4	2	4	3	6	4	8	0	2	0	0	1	0	1	0	0	0	4	1	3	2	1	1	1	1	0	2	3	1	1	3	3	4	6	4	0	0	1	1	24	12	10	2	4	17	11	3	2	4	4	0	4	16	5	13	42	9	12	5	20	5	11	15	20	5	1	7	3	3	2	3	3	2	4	2	1	0	1	4	1	0	0	1	5	3	1	3	2	2	0	1	1	0	1	1	1	1	0	1	2	2	12	1	2	4	6	3	4	14	122	150	0	27	17	1	3	3	5	4	3	9	5	7	2	3	2	1	1	1	2	1	1	0	2	1	0	0	1	0	0	1	2	1	1	1	3	2	1	0	2	1	1	1	0	1	0	1	1	1	0	2	0	1	1	2	0	1	2	0	0	1	0	0	1	2	1	1	1	1	2	0	1	1	1	0	0	0	0	1	1	1	0	0	1	0	0	0	0	1	0	1	0	0	0	0	0	1	0	1	1	0	1	1	2	0	0	0	0	3	1	0	0	1	1	0	1	2	2	1	0	0	1	1	0	0	1	2	0	1	0	0	1	1	1	0	0	1	1	2	1	1	0	0	1	1	0	1	0	0	1	0	1	1	0	0	0	0	0	0	0	0	2	0	0	0	0	0	1	1	0	0	0	0	0	0	0	0	0	0	0	0	1	0	0	0	0	0	0	0	0	1	0	0	2	1	0	0	0	1	0	0	0	0	1	0	0	0	3	0	3	0	1	0	0	0	4	0	3	3	1	1	0	0	0	0	0	1	1	0	2	0	0	1	1	0	1	0	0	0	1	0	0	2	0	0	1	0	0	1	0	0	1	0	0	0	0	0	0	0
0	0	0	0	0	0	0	0	4	1	2	2	7	4	6	1	5	6	3	6	3	5	1	0	1	1	2	6	8	13	7	5	4	0	1	0	1	3	3	0	4	4	4	3	6	5	5	1	4	2	1	2	3	6	4	7	57	7	5	6	8	5	4	6	9	7	2	3	1	0	1	1	0	0	1	1	1	0	0	1	0	1	1	0	3	1	0	1	3	6	14	16	9	3	5	1	2	5	7	4	2	3	6	11	41	15	8	2	2	4	0	22	9	60	64	22	6	4	3	2	3	7	2	2	1	3	2	3	3	2	4	2	2	1	2	0	1	0	0	1	0	2	0	2	1	0	2	2	0	3	0	0	0	1	2	0	3	1	5	1	0	4	1	2	2	4	5	9	5	20	27	0	23	2	2	3	5	9	9	9	17	7	2	2	1	4	7	2	4	0	2	0	0	0	1	0	0	0	1	1	1	3	3	2	0	2	0	0	0	0	0	0	1	0	0	1	0	0	1	0	1	0	1	1	1	0	1	1	1	3	3	2	0	0	3	0	2	0	1	0	0	0	0	0	0	0	0	2	1	0	1	0	1	2	1	0	0	0	0	0	1	0	2	0	1	0	0	0	1	0	0	1	1	0	2	0	0	0	1	1	2	2	1	1	0	1	0	0	1	1	2	0	1	0	1	1	0	0	0	0	0	0	0	0	0	0	2	0	0	1	0	1	0	1	1	0	0	1	0	0	0	1	0	0	0	0	1	1	0	0	1	0	1	0	0	0	0	0	0	0	0	0	1	0	1	0	1	0	0	0	1	0	0	0	0	0	0	0	0	0	0	0	0	0	1	1	0	0	0	1	1	0	0	0	1	0	1	0	0	2	0	0	0	0	3	0	1	0	1	1	0	0	0	1	1	0	1	1	2	1	0	1	0	2	0	0	0	0	0	1	0	0	0	0	0	0	0	0	1	0	0	0	0	0	0	0	0	0
0	0	0	0	0	0	0	0	3	3	4	1	1	1	3	5	0	6	1	5	1	2	2	4	4	2	0	3	6	5	5	3	5	3	0	2	1	3	0	1	2	1	1	2	5	4	8	7	6	1	4	0	4	4	3	4	10	1	1	3	1	1	6	3	2	3	4	3	2	0	1	0	2	0	0	0	0	1	1	1	0	3	1	0	0	2	2	1	0	9	15	9	3	4	2	1	1	2	29	5	12	11	18	86	41	9	6	6	10	5	13	171	9	8	16	6	7	6	5	4	2	8	3	5	4	3	2	1	1	5	5	1	3	2	3	0	4	1	1	4	0	2	1	5	2	0	4	4	2	2	0	0	0	1	1	3	3	5	4	3	4	2	1	0	6	6	5	10	9	23	17	23	0	4	5	8	8	21	33	48	21	13	6	2	2	1	0	2	0	0	1	1	1	0	0	1	1	0	2	1	1	2	2	1	1	3	1	2	2	0	0	2	0	0	0	2	1	3	2	0	0	1	1	0	1	0	1	2	2	3	6	0	1	1	2	0	0	1	0	0	2	2	1	0	1	0	0	0	0	1	0	1	0	2	0	0	0	0	0	0	0	0	0	0	0	0	1	0	0	0	1	3	0	1	1	0	0	2	0	0	1	1	2	1	0	0	0	0	1	0	0	0	0	0	1	1	0	0	0	0	0	0	1	0	0	0	1	0	2	2	0	1	0	0	0	0	0	0	1	2	1	0	0	0	0	0	0	0	1	0	0	0	0	0	0	0	0	0	0	0	0	1	0	0	1	0	0	1	0	1	0	0	0	0	0	0	0	0	0	0	0	0	0	0	0	0	0	0	1	0	0	2	0	0	0	0	0	1	2	1	0	1	0	1	1	1	1	0	1	1	0	0	0	0	0	0	0	0	3	0	0	0	1	1	0	0	0	1	1	1	1	0	2	0	0	0	0	0	0	0	1	0	0	0	0	0	0	0
0	0	0	0	0	0	0	0	4	3	1	0	0	0	0	1	0	3	3	2	2	5	2	4	1	2	0	1	0	3	1	2	1	0	0	1	0	1	1	0	3	0	1	0	1	2	5	2	4	2	0	6	3	1	0	2	3	1	2	0	0	2	2	2	1	0	3	2	1	0	0	1	1	1	0	0	0	0	0	1	0	3	0	0	2	1	1	0	1	1	1	3	2	1	0	0	0	1	10	3	10	13	21	5	1	1	3	3	2	7	6	5	2	3	2	1	2	2	1	2	0	1	1	1	3	3	1	1	9	10	11	11	6	3	5	4	1	4	1	2	2	0	1	4	4	4	8	4	2	2	2	2	0	2	8	7	21	50	12	24	111	6	3	7	1	8	7	5	3	4	1	2	4	0	29	23	17	8	10	7	4	3	6	3	2	1	2	3	4	1	2	0	0	2	1	2	1	1	0	2	3	2	2	3	3	2	1	0	2	1	1	2	3	1	1	2	1	7	5	2	0	2	2	1	1	2	7	4	3	12	16	5	2	4	1	1	0	1	1	0	1	2	3	1	2	1	2	0	1	1	0	1	2	0	1	2	1	0	0	0	1	1	0	0	0	0	0	0	1	0	0	2	1	0	0	0	2	4	0	1	0	0	1	1	2	0	1	0	1	1	1	0	1	0	2	2	1	0	3	0	1	0	0	0	2	1	1	1	0	1	2	3	0	1	0	0	2	0	1	0	1	0	1	1	0	1	1	1	2	0	0	1	1	0	0	0	1	0	1	0	0	1	1	2	0	2	0	0	2	0	0	0	0	0	0	0	0	0	2	0	1	0	0	1	1	1	0	2	1	0	1	0	0	0	0	0	0	0	1	0	0	0	1	0	0	1	1	2	1	1	1	0	1	1	0	0	0	1	0	1	1	0	0	0	0	0	0	0	0	0	0	1	0	0	1	0	0	1	0	0	0	0	0	0	0	0	0	0
0	0	0	0	0	0	0	0	0	0	1	0	3	1	0	1	1	2	0	3	4	0	1	2	1	2	1	3	2	0	0	1	0	1	2	2	0	0	0	1	2	0	0	1	2	2	2	2	4	3	1	1	2	2	0	0	4	1	1	4	0	0	2	1	0	0	2	0	0	1	1	2	0	0	1	2	0	1	0	3	1	0	0	0	1	2	0	0	0	0	0	1	0	0	1	0	0	0	4	6	6	8	6	4	3	1	4	0	3	6	6	1	1	1	0	1	1	2	4	3	0	2	1	3	5	3	2	4	8	5	7	18	13	4	7	2	3	3	1	2	0	0	1	2	2	1	5	3	1	2	1	1	3	1	6	3	21	11	5	7	35	3	3	5	0	1	3	3	1	3	3	2	5	29	0	29	11	5	3	3	3	0	3	2	0	0	4	0	2	2	1	0	1	4	0	0	2	1	1	0	1	1	1	1	0	0	4	6	3	2	2	3	1	3	2	0	2	6	10	1	2	0	2	4	1	0	1	2	3	7	12	7	3	2	3	2	1	0	0	0	0	0	0	1	1	0	0	2	2	0	2	0	1	1	0	0	1	0	0	0	1	1	0	0	0	0	1	1	1	0	2	0	0	1	0	1	2	0	0	0	0	5	1	1	1	0	1	0	0	1	2	1	1	0	1	1	0	2	2	2	0	1	2	0	3	1	1	2	2	2	3	1	3	0	2	0	0	0	2	1	1	0	0	0	0	0	0	1	0	0	0	0	0	0	0	0	0	1	1	0	0	0	1	0	2	0	1	1	0	1	0	1	1	1	0	0	1	0	0	1	2	0	0	0	0	0	1	0	0	1	1	1	0	1	0	1	2	0	1	0	0	0	0	0	0	0	0	0	0	0	1	0	0	0	0	0	0	0	0	0	1	1	0	0	0	0	0	1	0	0	0	0	0	0	0	1	1	0	0	1	0	0	0	1	0	0	0	0
0	0	0	0	0	0	0	0	1	1	1	0	1	0	0	0	0	1	1	2	2	4	2	2	1	2	0	2	3	0	1	0	0	0	1	1	1	2	0	0	0	1	0	0	3	3	3	6	0	3	1	2	2	4	2	1	1	1	0	1	1	0	1	2	0	3	2	3	0	0	1	0	1	0	0	0	0	0	2	3	0	0	1	1	1	0	2	2	2	1	2	2	0	2	1	2	1	2	11	21	18	12	44	13	2	4	1	2	5	3	7	4	2	1	2	0	2	4	7	3	2	3	5	3	4	2	4	5	3	9	9	8	7	7	4	5	4	2	0	0	2	0	1	1	3	5	5	3	3	1	2	0	2	3	2	3	4	6	6	7	50	1	2	2	3	10	5	7	1	6	3	3	8	23	29	0	61	14	7	4	9	8	4	2	1	1	1	2	0	0	1	4	0	2	0	1	1	0	1	1	2	2	1	2	1	2	0	2	0	1	4	1	4	0	2	1	4	2	3	0	0	4	4	2	0	1	3	4	2	6	3	6	3	2	5	0	1	0	0	1	0	0	0	1	1	1	0	1	1	1	1	0	0	3	3	0	0	1	0	0	1	1	0	0	0	1	0	0	2	1	0	0	0	0	0	1	2	1	0	2	1	0	2	3	1	1	2	0	0	0	1	2	0	0	2	0	0	0	1	3	0	0	0	1	0	1	1	2	3	3	1	1	2	0	0	0	0	0	0	1	0	0	0	1	0	0	0	1	0	2	0	1	1	1	0	1	3	0	0	0	0	0	0	1	1	0	0	0	0	0	0	0	0	0	0	0	1	0	0	1	0	1	0	0	1	1	0	2	0	1	0	0	0	1	0	0	2	3	0	1	1	0	1	0	2	0	0	1	1	0	0	0	0	0	0	0	0	1	0	0	0	0	0	0	0	0	1	0	0	1	0	0	1	0	0	1	0	1	0	0	0	1	0	1	0	2	0	0
0	0	0	0	0	0	0	0	2	1	1	0	3	3	0	1	0	0	2	4	2	1	3	5	4	2	3	1	2	2	1	1	1	1	1	2	1	0	1	1	0	2	1	0	1	5	2	7	7	4	4	1	1	2	2	2	2	1	1	1	0	4	0	2	3	1	0	1	0	1	0	0	1	2	0	0	1	1	0	1	0	3	0	0	0	1	2	0	0	0	3	0	1	3	1	3	1	0	19	20	15	7	20	6	7	1	1	1	3	6	3	7	0	4	3	0	9	8	4	2	4	4	8	9	7	8	4	7	16	12	18	7	8	12	8	4	5	1	0	1	1	3	0	2	2	4	8	3	5	1	2	1	1	3	4	0	4	7	1	5	39	7	3	1	2	7	9	17	7	6	5	5	8	17	11	61	0	16	7	6	6	4	0	2	0	1	1	5	4	1	2	1	0	3	1	1	0	0	3	2	2	1	4	2	0	2	4	1	1	2	2	6	5	1	2	2	5	4	3	2	0	1	1	0	1	3	2	2	5	8	4	4	2	2	5	0	0	0	1	0	0	2	1	0	0	0	0	0	1	2	0	0	2	1	0	0	1	0	0	0	0	0	2	1	0	0	1	1	0	1	0	1	2	2	2	1	1	0	0	4	2	1	1	2	3	1	2	1	0	0	1	2	0	0	2	1	0	1	1	0	0	1	1	1	1	1	1	1	0	2	2	1	0	1	1	1	1	1	0	0	1	1	0	1	0	0	0	1	0	0	0	1	0	0	0	1	0	2	0	0	0	0	0	0	1	0	2	1	2	0	1	2	1	1	1	1	0	0	0	0	1	2	1	0	0	1	0	1	0	0	0	0	1	1	1	1	0	1	1	0	0	0	0	1	0	3	1	0	4	1	0	1	0	0	0	0	0	0	2	0	0	0	1	1	0	1	0	0	1	0	0	0	2	0	0	0	2	2	0	0	1	0	0	0	0	1	0	0
0	0	0	0	0	0	0	0	0	1	0	3	3	3	3	2	0	5	6	6	1	3	6	2	0	1	2	2	5	4	2	3	3	1	2	1	3	1	0	1	0	0	1	0	3	6	10	15	7	2	3	3	4	4	1	2	8	2	2	1	1	1	1	2	1	2	1	4	0	0	0	0	0	1	0	0	0	2	4	0	0	1	2	2	0	1	0	2	1	3	2	2	2	2	4	0	2	2	19	8	9	6	24	10	8	5	7	4	7	5	7	6	12	9	4	2	5	1	3	3	2	5	3	4	2	2	0	2	4	3	4	2	4	5	6	6	3	0	1	1	2	1	1	2	4	8	14	4	7	5	2	3	0	2	6	3	7	11	5	11	18	11	3	4	6	3	17	18	3	11	4	9	21	8	5	14	16	0	58	25	19	39	8	2	1	3	5	8	2	1	1	3	0	1	0	0	1	2	1	2	1	1	1	1	2	0	3	3	0	1	1	1	3	3	2	0	1	5	3	2	2	1	6	0	0	3	2	4	4	11	5	5	0	2	1	1	0	1	0	1	0	0	1	1	0	0	0	0	0	0	0	0	3	2	3	0	0	0	0	0	2	0	0	0	1	1	1	0	0	0	0	0	0	2	0	1	0	0	1	0	1	1	1	2	0	1	3	0	0	1	1	0	1	1	0	1	2	0	2	0	2	0	1	2	1	0	1	1	1	2	1	3	0	0	1	0	0	2	0	2	0	0	0	1	0	0	1	0	1	2	0	1	0	1	0	2	0	0	2	0	1	0	0	0	1	0	2	0	0	2	0	0	0	0	1	0	1	1	0	1	1	1	0	1	1	1	0	2	2	0	0	0	0	0	2	0	0	0	0	1	2	1	0	1	0	2	3	1	0	0	1	0	0	0	1	1	0	1	1	0	0	1	0	1	0	0	0	0	0	1	0	0	0	1	0	0	1	0	0	0	1	0	0	1	0	1	0	0
0	0	0	0	0	0	0	0	2	3	0	0	1	1	4	2	1	1	3	7	7	2	3	2	1	6	4	0	1	4	1	3	3	3	2	0	0	0	2	0	2	1	0	0	5	2	8	14	0	1	2	1	1	2	0	2	3	2	1	1	3	3	2	5	3	3	3	1	0	1	2	0	1	0	1	0	0	0	0	0	2	0	1	0	0	2	0	2	2	0	5	3	7	3	2	0	0	2	15	2	5	6	17	13	14	15	6	7	20	9	14	19	10	9	0	2	4	1	4	2	3	2	2	0	0	4	0	3	5	5	2	6	5	0	3	2	5	1	2	2	0	0	4	3	0	3	6	2	0	2	0	0	3	2	5	3	1	10	4	17	12	6	2	2	5	3	5	12	7	9	3	9	33	10	3	7	7	58	0	128	80	207	9	4	1	2	7	3	3	0	2	0	1	0	1	2	1	0	1	1	1	2	2	2	1	1	3	1	2	0	0	1	2	0	0	2	1	1	2	1	0	2	1	1	0	2	3	5	3	4	1	3	3	2	0	1	0	1	1	1	0	0	0	2	0	0	2	1	1	0	2	0	2	0	0	1	0	0	1	0	1	0	0	0	0	1	0	1	0	0	1	0	0	0	0	2	1	1	0	1	1	0	1	0	5	1	3	1	0	1	1	0	0	1	3	0	2	0	0	1	0	0	0	3	1	1	0	2	3	1	5	0	1	0	1	0	1	0	1	0	0	0	3	0	1	2	0	0	0	1	0	0	1	1	1	0	2	0	0	1	1	0	1	0	1	1	1	0	2	1	0	0	0	0	0	0	0	0	1	0	0	0	1	0	0	0	1	0	0	1	1	0	1	1	0	1	1	0	0	2	0	1	0	0	1	0	1	2	0	0	0	0	1	0	0	0	0	1	0	1	0	3	0	0	0	1	0	0	0	0	0	0	0	0	0	0	0	0	0	1	1	0	0	0	0	0	0	0
0	0	0	0	0	0	0	0	4	2	2	2	2	3	1	3	1	4	2	13	5	2	2	4	1	3	2	4	3	2	0	1	2	1	3	0	1	1	1	0	0	1	0	1	3	3	5	5	4	0	1	2	2	4	3	3	5	4	0	1	2	2	2	4	2	3	0	1	1	0	2	1	0	2	0	1	0	0	0	0	1	2	0	0	1	4	4	2	0	2	10	13	6	4	1	0	0	2	15	7	8	12	25	29	24	11	10	13	13	6	14	25	5	7	5	3	5	5	1	7	4	3	1	2	0	0	2	0	2	2	2	1	3	1	1	4	2	1	1	0	1	0	6	3	5	1	7	2	1	2	2	2	0	1	1	2	2	3	9	7	4	3	2	3	2	3	6	11	4	7	9	9	48	7	3	4	6	25	128	0	90	43	6	6	0	5	8	4	1	3	1	1	1	1	3	2	1	1	0	0	1	3	1	0	0	0	0	2	1	3	0	3	4	1	1	1	1	1	1	4	0	0	1	1	2	2	5	5	5	3	1	2	3	2	0	0	1	1	0	1	0	0	1	1	0	1	1	1	1	0	1	2	1	3	2	1	0	0	1	1	0	0	0	1	0	1	1	0	0	0	0	0	0	1	0	1	1	3	2	0	2	2	0	0	0	1	1	0	0	0	0	0	0	1	2	0	0	0	0	0	1	0	0	1	0	1	1	0	1	1	1	1	0	0	0	0	0	1	1	0	1	0	1	0	0	0	0	0	0	0	1	0	1	0	0	0	0	0	1	0	0	0	0	0	1	0	2	0	0	1	0	1	0	0	0	0	0	0	0	0	0	0	0	0	0	0	1	0	0	0	0	0	1	1	0	0	1	1	0	1	0	0	0	0	1	0	0	1	1	0	0	1	1	0	0	0	1	1	0	0	1	0	0	0	1	1	0	0	1	0	0	0	0	0	1	1	0	1	0	0	1	0	1	0	0	1	0	0
0	0	0	0	0	0	0	0	5	5	1	1	0	2	1	1	3	5	3	15	7	5	2	1	2	3	2	4	6	5	6	3	6	2	1	0	2	3	1	2	1	2	3	1	5	3	8	14	2	1	2	3	2	1	3	3	14	2	2	2	5	1	0	1	3	2	1	1	1	1	1	0	0	0	0	0	0	2	0	1	2	2	2	0	1	1	3	1	0	2	9	11	8	9	4	1	4	5	9	6	6	5	16	3	20	16	12	12	17	10	11	10	18	13	9	4	2	0	3	4	2	1	4	1	2	3	4	2	1	0	2	2	4	3	4	3	5	0	2	3	4	0	3	4	2	1	4	8	1	3	3	1	2	4	2	5	2	3	8	8	3	4	2	1	5	10	4	6	5	8	5	17	21	4	3	9	6	19	80	90	0	44	8	5	3	4	6	4	2	2	1	0	1	0	0	0	2	0	1	2	3	2	3	0	1	1	3	1	0	0	0	0	4	0	1	0	0	0	2	3	0	0	2	2	0	1	1	2	2	3	6	2	5	1	1	2	0	0	3	2	0	1	0	1	1	1	0	0	0	2	0	0	3	0	0	0	1	0	0	1	0	0	0	0	0	0	1	0	0	0	0	0	0	0	0	0	0	0	0	1	1	0	0	0	0	1	1	0	1	1	1	0	0	0	0	0	1	0	0	0	0	0	1	0	0	1	1	0	0	0	0	0	0	0	0	0	0	1	0	0	1	0	0	1	0	0	0	0	1	1	0	1	1	0	1	1	0	0	1	0	0	0	0	0	1	1	0	0	0	0	0	1	1	0	0	0	0	1	0	0	3	0	1	0	0	0	1	0	1	0	0	1	2	1	1	0	0	0	0	1	1	0	2	0	0	0	1	1	0	0	0	0	0	0	0	1	0	0	1	0	0	1	1	0	0	1	0	0	0	0	0	0	0	0	0	0	0	0	0	1	0	0	0	0	0	1	0	0
0	0	0	0	0	0	0	0	3	1	2	0	1	2	1	1	4	7	1	10	6	7	1	2	4	4	1	2	5	1	4	1	1	3	2	1	3	1	0	0	0	0	0	2	2	4	9	8	3	3	1	2	0	2	2	2	4	3	1	2	0	1	0	5	1	3	1	1	0	0	2	1	0	0	0	1	0	1	2	1	0	2	0	0	1	0	1	1	1	3	1	5	5	6	3	1	0	1	3	5	3	6	21	5	12	8	6	6	17	2	14	9	10	6	4	2	0	0	2	1	3	2	4	3	3	2	3	1	2	1	4	5	1	3	5	3	4	2	1	2	1	2	3	4	4	5	10	3	4	2	3	4	2	2	2	1	1	14	11	18	11	9	3	2	3	7	8	1	4	8	7	7	13	3	0	8	4	39	207	43	44	0	17	5	2	4	5	2	2	1	0	1	0	1	1	0	1	0	1	0	5	3	2	4	1	2	1	4	0	1	2	1	4	4	2	3	1	3	4	2	1	2	7	0	0	3	6	5	2	9	6	2	3	0	3	0	0	2	0	0	1	1	1	0	1	1	0	1	0	1	0	0	0	1	0	0	1	2	0	0	0	2	0	0	0	1	0	0	1	0	0	0	0	0	1	0	0	1	0	1	3	2	2	0	1	1	0	1	1	0	0	2	2	0	1	1	1	1	1	0	1	1	3	1	1	1	0	0	0	0	2	1	1	1	1	2	1	1	0	0	1	0	0	0	1	0	0	0	0	0	0	0	1	0	0	1	0	0	0	0	0	0	1	0	0	1	1	0	1	0	1	0	0	0	1	1	0	0	1	3	0	0	0	0	0	1	0	0	1	0	0	0	1	0	0	1	0	0	0	0	0	0	1	0	0	0	0	1	0	0	1	0	0	0	1	0	0	1	1	2	0	0	0	0	1	0	0	1	0	0	1	1	0	0	0	1	0	0	0	0	0	0	1	0	0	1	0	0
0	0	0	0	0	0	0	0	1	0	0	1	1	1	1	1	0	5	2	8	11	9	2	3	0	0	0	0	2	2	2	1	2	1	0	0	1	0	3	0	1	0	2	0	1	1	1	4	4	2	4	2	2	0	1	0	3	1	1	0	1	0	2	1	1	0	1	2	0	1	0	0	0	0	3	0	0	0	0	1	0	1	0	1	0	1	0	0	2	3	3	8	1	1	2	2	1	2	1	2	1	3	3	1	1	3	6	6	8	8	7	2	7	5	2	0	3	1	1	2	1	2	0	4	1	3	2	3	1	1	2	4	1	3	8	6	9	4	0	2	2	5	7	14	13	14	45	8	4	2	2	4	4	4	3	2	4	8	17	8	7	4	4	0	1	2	6	3	1	4	2	2	6	6	3	4	0	8	9	6	8	17	0	22	1	11	38	6	3	1	5	3	0	1	1	2	3	0	0	2	6	2	2	0	1	1	3	4	2	2	0	3	2	3	4	2	4	5	2	7	4	1	4	1	2	5	9	7	13	11	8	6	5	0	0	1	1	0	0	0	0	1	0	1	3	1	2	0	0	1	2	0	1	2	0	1	1	0	0	1	1	2	0	0	1	0	0	0	0	0	1	1	2	2	0	0	1	2	1	0	1	2	0	0	0	2	2	0	0	0	0	0	0	3	1	1	0	1	1	0	1	0	0	2	0	0	1	2	0	1	1	2	1	0	1	0	0	0	0	0	1	0	0	0	0	0	0	1	0	1	0	0	0	0	1	0	0	1	2	1	2	1	0	0	0	0	0	1	2	0	0	0	0	1	0	0	0	0	0	1	2	1	0	0	0	0	0	1	0	0	0	1	1	0	0	0	2	2	0	0	0	1	0	2	0	1	0	1	1	0	0	0	0	1	1	1	0	0	0	2	1	2	1	0	0	0	1	0	2	0	0	1	0	0	1	0	0	0	2	1	0	0	1	0	0	2	0	0
0	0	0	0	0	0	0	0	0	1	1	2	1	2	0	1	2	2	4	6	3	1	4	1	2	2	1	1	0	3	0	0	2	1	2	3	1	0	1	0	0	2	2	1	0	1	3	1	2	0	2	1	2	0	1	0	3	4	0	1	1	2	0	3	1	1	0	0	0	0	0	0	0	0	0	0	1	0	0	0	0	0	0	2	0	0	0	2	0	4	4	1	2	2	0	3	0	3	1	2	0	3	1	1	2	3	6	4	7	3	2	1	2	1	1	0	0	1	0	0	0	1	0	1	0	0	1	0	1	0	0	1	0	4	0	6	6	4	3	6	3	3	11	55	8	12	7	5	1	2	3	3	0	2	0	0	2	6	3	4	2	3	2	0	0	3	4	1	2	1	3	2	2	3	2	2	2	2	4	6	5	5	22	0	14	19	17	2	3	3	2	2	1	1	2	3	1	0	2	0	3	0	3	0	1	0	1	1	1	2	2	1	3	2	1	5	2	2	1	2	3	2	5	1	1	1	8	17	6	7	4	1	1	0	0	1	0	0	0	0	0	1	1	0	0	1	0	1	1	0	1	0	1	3	1	0	1	0	0	0	0	0	0	1	0	0	0	0	1	2	0	2	1	1	1	1	1	0	3	0	0	1	4	3	1	2	0	0	0	0	0	2	0	0	0	0	0	0	0	0	1	0	0	0	0	1	3	0	1	1	0	0	0	0	0	0	0	0	0	0	0	0	0	0	0	0	0	0	0	0	0	3	0	0	0	2	0	0	0	0	0	1	0	0	0	3	1	0	2	1	0	1	0	0	0	0	0	0	1	0	1	0	1	0	1	0	0	1	1	0	0	1	2	0	0	0	0	0	0	1	0	1	0	0	2	0	0	0	0	0	0	0	0	0	0	0	0	1	0	3	0	2	0	0	0	0	0	0	0	0	0	0	0	0	0	0	0	1	0	0	1	0	0	0	0	0	0	0
0	0	0	0	0	0	0	0	0	3	0	1	3	0	1	1	2	3	1	6	1	1	5	2	1	3	2	2	1	0	1	0	0	0	1	1	1	1	1	1	0	0	1	2	0	2	1	1	2	0	1	1	1	1	0	0	1	2	0	1	0	1	0	0	0	0	1	1	3	0	0	0	0	0	0	1	0	0	0	0	1	1	1	0	0	2	0	1	0	1	4	4	2	5	5	6	2	3	1	1	0	1	2	1	4	4	8	4	6	3	2	0	0	1	1	0	1	0	0	0	0	0	1	0	0	0	2	0	1	3	3	1	1	3	2	1	2	4	2	4	3	8	10	9	8	2	2	1	1	3	3	5	4	2	1	1	1	7	5	4	0	0	0	1	0	0	2	1	2	1	2	1	2	2	0	1	0	1	1	0	3	2	1	14	0	40	13	3	0	2	2	2	0	0	0	2	2	0	2	2	5	3	0	0	0	0	4	2	1	1	1	2	1	0	0	1	0	2	2	4	0	4	1	0	1	4	2	2	2	2	0	1	1	1	1	1	1	1	0	0	1	0	0	0	0	0	1	0	0	0	0	0	2	0	1	2	1	0	1	0	1	0	1	0	1	0	1	1	1	0	3	0	1	0	0	1	1	2	1	0	2	2	0	0	0	1	1	1	0	0	1	0	0	0	0	2	0	1	2	2	1	0	1	0	0	0	1	0	1	0	0	0	1	0	0	0	0	0	0	1	0	0	0	0	0	0	0	1	0	2	1	0	2	0	0	1	0	0	0	0	1	0	0	1	1	0	0	1	0	0	0	0	1	0	0	0	1	0	0	1	0	0	0	0	0	0	1	0	0	0	1	0	0	0	0	0	0	0	0	1	0	1	0	0	2	0	1	0	0	0	0	0	0	0	0	0	0	1	1	0	2	1	1	0	1	0	1	0	0	1	0	0	0	0	0	1	0	0	1	0	0	0	0	0	0	0	0	0
0	0	0	0	0	0	0	0	2	3	2	2	0	3	1	1	3	2	10	8	13	6	8	3	0	1	2	1	4	3	3	1	3	3	3	1	1	1	0	0	0	0	2	0	0	1	5	5	3	3	2	2	2	2	0	1	4	0	1	2	1	1	2	1	0	2	0	0	3	0	0	0	0	0	1	0	0	0	0	0	1	0	0	0	0	1	1	0	1	1	2	3	4	7	9	4	7	5	0	1	0	2	1	2	2	3	10	1	7	4	3	2	8	4	2	1	2	1	1	0	0	0	0	1	1	0	0	1	1	2	1	0	0	0	5	3	10	3	2	0	4	3	8	11	9	5	7	4	2	0	1	1	1	2	3	1	2	0	1	4	2	1	0	4	0	0	2	1	2	1	1	4	1	1	0	1	1	3	2	5	4	4	11	19	40	0	20	14	3	3	1	0	1	1	1	0	0	0	0	5	1	0	3	0	2	2	0	1	1	1	0	0	1	1	0	1	0	1	0	3	0	4	1	3	0	0	2	4	6	2	6	1	4	0	0	0	3	0	1	0	2	1	0	2	0	0	0	1	1	1	0	1	1	2	0	0	0	0	0	1	0	0	0	0	1	0	0	2	0	0	0	1	0	0	0	2	2	0	1	2	2	0	1	0	0	1	1	0	0	0	1	0	0	0	2	0	0	1	0	0	1	1	0	0	0	1	1	0	1	0	2	1	2	1	0	1	0	0	1	0	1	0	0	0	0	0	0	0	0	0	2	0	1	1	0	1	1	0	0	0	0	0	0	1	0	1	0	0	0	1	0	1	0	1	0	0	0	1	0	0	2	2	0	0	0	0	0	0	0	0	0	0	0	0	0	0	0	0	1	0	0	0	0	0	0	0	0	0	1	0	0	0	0	0	0	0	0	0	0	0	1	0	0	0	1	2	1	0	1	0	0	0	0	0	0	0	1	1	0	0	0	1	1	1	0	0	0	0
0	0	0	0	0	0	0	0	2	1	0	1	0	0	2	1	4	6	4	14	16	14	8	5	3	1	4	2	1	2	0	2	1	0	2	2	1	1	0	1	0	2	2	2	1	1	6	3	0	2	1	2	0	3	0	0	5	2	2	0	1	0	0	1	1	2	1	0	0	1	0	0	0	0	1	0	0	0	0	0	0	0	0	0	2	2	2	1	0	2	1	6	5	5	9	3	3	4	2	1	1	3	3	1	2	4	5	3	6	2	6	2	7	5	1	2	1	1	0	0	1	0	2	3	0	2	0	2	2	0	3	2	1	1	7	4	20	3	3	2	3	3	8	17	10	11	17	5	3	2	4	4	3	2	0	0	4	4	2	1	5	2	6	0	3	3	13	1	2	5	1	7	0	2	4	1	1	5	7	8	6	5	38	17	13	20	0	19	5	4	3	2	2	5	0	3	0	0	2	1	1	0	1	0	2	1	3	2	1	1	0	2	2	2	1	1	2	2	1	1	3	2	3	1	2	3	16	8	1	5	5	2	1	0	1	5	0	1	0	2	0	2	0	0	0	0	0	1	0	0	1	1	0	1	0	0	0	0	0	1	1	0	0	2	1	1	2	0	1	1	0	1	1	0	0	1	1	2	3	4	4	0	2	3	3	0	1	1	0	1	1	0	0	1	1	0	0	0	0	1	0	0	1	1	1	0	1	0	0	0	1	2	1	0	0	0	1	0	0	0	0	0	0	0	0	0	0	0	0	0	0	1	0	2	0	0	0	0	0	0	1	0	0	0	1	1	2	2	1	0	1	0	0	0	0	0	1	2	1	0	2	0	1	0	0	0	1	0	1	0	0	0	0	0	1	0	1	1	0	0	0	0	1	0	0	0	0	1	0	1	0	0	0	0	0	0	0	0	1	0	2	3	2	1	1	0	0	0	0	1	0	0	0	0	0	0	0	0	1	1	0	0	0	0	0	0	0	0
0	0	0	0	0	0	0	0	1	0	0	0	0	1	2	0	2	2	2	4	10	20	15	12	3	5	2	3	3	0	0	2	2	5	1	4	1	2	1	0	1	1	1	2	0	2	10	7	0	0	0	3	3	0	1	0	1	1	1	1	1	0	0	1	1	1	0	0	0	0	1	0	0	1	1	0	1	0	0	0	0	0	0	0	0	0	0	0	0	1	1	2	3	2	15	5	4	7	6	2	3	0	4	3	1	2	1	1	3	2	0	1	8	3	3	1	2	0	0	0	0	0	5	4	0	1	0	0	3	3	2	1	0	3	2	6	7	7	3	0	3	5	10	9	12	6	16	8	7	7	3	5	0	5	0	0	4	3	3	5	0	6	2	5	1	3	5	6	3	2	1	2	2	3	0	2	5	8	3	4	4	2	6	2	3	14	19	0	23	9	1	4	0	5	4	2	0	1	1	2	8	3	5	0	0	1	2	5	2	0	1	3	1	4	4	0	1	3	0	3	4	4	2	2	4	4	1	1	3	6	1	4	1	0	0	2	0	1	0	0	0	0	2	0	1	2	0	0	0	2	1	0	3	3	0	3	0	1	1	1	1	1	0	0	1	0	1	1	0	2	0	2	0	0	0	0	3	0	2	4	3	3	2	1	1	1	1	0	2	0	0	1	2	1	2	2	0	1	2	1	0	0	0	1	1	0	0	3	2	1	0	0	1	0	1	0	1	1	0	0	1	0	0	1	1	1	1	0	0	0	0	1	1	2	1	2	0	0	0	0	0	0	0	0	1	1	1	1	2	0	1	1	2	2	1	0	0	1	1	0	1	0	1	0	1	0	1	0	0	0	1	0	0	0	0	2	0	2	1	2	2	0	0	1	2	1	0	0	0	0	0	1	1	1	0	0	1	1	1	1	2	4	4	2	0	1	1	0	1	0	1	1	0	1	0	0	0	2	0	0	1	0	1	0	2	0	0	0
0	0	0	0	0	0	0	0	1	1	1	2	1	1	1	3	1	3	4	3	5	6	10	8	10	0	0	0	1	0	1	0	2	3	4	0	1	2	1	2	0	0	0	1	1	1	1	4	1	2	0	1	2	0	0	0	4	1	0	0	0	0	0	0	0	1	0	1	0	0	0	0	1	0	0	0	0	0	0	2	0	0	1	0	0	2	1	0	0	0	0	0	1	1	2	4	2	4	3	2	1	2	3	0	1	1	1	1	2	1	1	1	3	4	3	0	1	1	1	2	1	2	1	1	2	0	0	2	0	2	3	1	2	1	2	5	13	18	4	4	5	2	8	4	8	4	3	8	6	7	10	10	8	2	5	2	1	3	1	3	4	5	1	2	5	3	9	4	2	0	2	4	0	4	2	0	4	2	3	1	2	2	3	3	0	3	5	23	0	17	5	2	3	1	4	6	1	2	4	17	32	6	2	1	3	2	4	3	1	1	0	2	2	2	2	2	1	1	0	8	5	4	6	3	0	7	4	2	3	2	0	7	3	1	2	2	1	2	3	2	1	2	2	1	3	1	2	0	1	1	0	3	2	2	3	1	1	0	4	1	1	1	1	0	0	0	0	0	1	0	3	1	1	1	0	2	2	4	9	8	9	3	5	2	1	1	0	0	0	0	1	2	0	0	2	0	2	0	0	0	0	1	3	2	0	0	3	1	1	1	2	1	0	0	0	0	4	1	1	1	1	2	0	0	0	1	0	0	1	1	0	1	0	0	0	0	0	1	0	0	0	0	0	1	1	1	3	4	3	0	0	1	0	0	0	1	0	4	1	1	2	2	1	0	0	0	1	0	1	0	0	0	1	0	2	0	1	0	1	1	1	0	0	1	0	2	2	1	1	0	0	0	1	0	0	1	0	0	0	2	1	2	1	4	0	0	1	1	0	0	0	0	1	1	0	0	0	1	2	0	1	2	0	0	0	0	0	0
0	0	0	0	0	0	0	0	0	2	0	1	0	0	1	0	2	1	2	2	6	4	9	6	5	4	1	4	1	1	0	1	4	0	1	5	3	0	2	2	0	0	3	1	1	1	3	2	1	0	2	1	1	0	1	0	1	1	0	1	1	0	1	0	0	0	1	0	0	1	1	0	0	0	0	0	1	0	0	0	2	0	0	1	0	0	0	1	2	1	1	0	2	2	2	3	2	4	1	1	0	0	3	1	2	1	2	3	2	0	2	0	2	2	1	1	0	1	0	1	2	0	0	1	1	1	1	1	1	0	6	1	0	3	3	2	7	5	4	3	4	3	3	0	5	4	1	11	4	4	1	2	1	2	0	2	0	2	0	2	2	4	1	2	2	3	4	2	1	1	1	0	0	1	2	0	1	1	0	3	2	1	1	3	2	3	4	9	17	0	7	9	2	3	7	4	2	3	9	22	27	7	3	1	2	3	2	3	2	1	0	3	2	1	2	2	1	2	1	3	2	2	2	1	0	1	0	3	1	1	1	1	2	1	0	2	1	3	3	1	2	2	0	1	0	1	3	2	1	3	1	1	1	0	4	0	3	0	0	0	4	0	2	0	1	1	1	1	1	1	0	0	0	0	2	3	0	1	4	4	6	1	2	1	1	3	1	1	0	0	0	2	1	4	1	1	0	2	3	0	0	1	1	3	0	3	1	3	0	0	1	0	0	0	0	0	0	2	0	0	1	0	0	1	2	2	0	1	1	0	0	0	2	1	3	0	0	0	0	0	0	1	0	1	2	2	1	2	3	0	0	0	0	0	1	0	1	0	0	1	2	1	3	1	0	0	0	1	1	0	0	0	0	2	0	1	0	0	0	2	0	0	0	0	1	0	2	0	1	0	1	0	1	0	0	0	3	1	2	3	4	1	2	0	0	1	2	2	1	0	0	0	1	0	1	0	2	1	0	1	0	0	1	0	0	0	0	0
0	0	0	0	0	0	0	0	0	0	2	0	1	0	0	0	0	1	1	1	1	5	13	14	14	7	1	5	1	1	0	4	1	3	1	4	0	1	0	1	0	1	0	2	1	2	1	1	1	4	4	2	6	0	1	1	0	1	2	2	0	1	0	2	0	0	0	0	1	0	0	0	1	0	0	1	1	1	0	0	0	0	1	0	0	0	0	0	0	1	1	0	2	3	1	0	1	6	0	0	2	0	1	0	0	0	1	0	0	1	0	0	0	0	1	0	0	1	1	0	0	3	1	0	2	1	0	2	0	0	1	0	2	3	1	3	2	2	1	0	2	5	3	1	4	1	4	6	6	4	5	2	1	5	1	1	2	0	1	2	3	5	0	5	5	1	3	1	0	1	1	2	1	2	1	1	2	1	2	1	1	0	5	2	2	1	3	1	5	7	0	49	6	3	13	11	1	6	15	6	13	10	10	0	3	1	1	3	2	1	1	5	3	1	0	1	1	2	0	1	2	1	4	1	1	2	0	2	1	4	2	2	0	0	0	3	2	0	1	0	1	2	1	2	2	2	2	2	7	4	6	5	2	6	3	2	1	5	1	2	1	1	0	1	3	3	0	2	0	1	3	3	0	2	2	0	2	6	5	2	9	5	4	1	2	1	1	3	0	2	2	2	0	4	3	1	1	0	0	2	0	1	1	2	1	1	0	2	1	1	1	0	1	0	0	0	0	0	2	0	2	1	0	0	0	0	0	1	1	0	1	1	0	0	1	1	0	0	0	0	0	0	0	1	1	2	1	2	1	0	0	1	0	0	0	0	1	0	0	0	0	3	1	0	0	1	0	0	0	0	0	0	0	5	0	2	1	0	4	1	1	2	1	0	2	2	3	3	0	2	1	2	2	1	2	3	3	1	4	3	7	7	10	0	2	0	0	0	1	1	0	2	1	2	0	0	2	1	0	2	1	1	0	0	1	0	0	0
0	0	0	0	0	0	0	0	0	0	0	0	0	0	2	1	1	1	2	2	3	6	5	6	18	7	4	2	0	2	3	0	3	3	0	0	0	0	1	1	0	0	2	1	2	6	2	2	5	6	13	6	5	1	1	1	3	0	0	1	0	0	0	0	1	0	0	1	0	0	1	1	0	0	2	0	0	0	0	1	0	1	0	0	0	0	0	0	0	0	0	0	0	1	3	0	1	1	4	2	0	0	1	0	0	2	0	3	0	1	1	1	3	1	0	0	1	0	0	0	1	2	3	3	2	1	0	4	4	1	2	1	2	1	5	5	0	1	1	0	2	0	0	0	2	1	0	1	3	2	6	1	0	2	0	3	4	2	2	1	2	5	8	1	4	3	3	1	0	3	0	0	1	0	0	4	1	3	0	1	0	1	3	2	2	0	2	4	2	9	49	0	21	11	47	24	5	5	11	5	7	17	11	2	2	4	5	4	1	3	0	2	5	3	1	2	2	1	1	1	3	2	1	0	0	0	1	2	2	1	0	2	0	2	6	3	2	0	1	1	5	0	0	1	1	1	1	2	2	15	5	7	4	10	2	3	2	2	0	1	2	1	1	4	3	6	2	1	0	1	3	4	0	2	1	3	1	3	3	2	6	2	6	11	0	5	3	2	1	0	0	2	2	4	6	3	2	0	1	0	3	0	1	1	2	1	3	2	0	1	2	2	0	0	0	2	2	2	1	0	0	0	2	1	2	5	3	0	1	0	0	0	1	0	0	0	0	0	0	0	0	0	1	1	1	1	1	2	2	3	1	0	1	1	0	0	2	0	1	1	2	2	2	0	0	1	1	1	0	0	1	0	0	1	0	0	2	2	1	1	0	1	1	1	4	3	0	7	2	0	1	1	1	0	0	0	0	2	3	8	3	8	6	3	0	3	1	0	1	0	0	2	2	3	1	1	0	0	1	3	2	0	0	1	0	2	0	0
0	0	0	0	0	0	0	0	1	0	0	1	0	0	0	1	0	1	1	0	4	1	3	3	1	7	0	2	0	1	0	1	0	2	1	1	0	2	0	0	1	1	1	1	3	0	2	1	4	3	3	4	2	0	0	1	0	0	0	1	1	0	0	0	1	0	0	0	0	0	0	0	0	0	0	0	0	0	1	0	0	0	0	0	0	0	0	1	0	2	0	1	0	0	1	1	1	0	0	0	1	1	1	0	0	1	2	2	1	1	0	0	1	0	1	1	1	0	0	1	0	1	1	3	0	1	0	0	1	0	2	0	1	0	2	3	3	1	1	3	1	2	3	0	1	1	0	2	5	3	2	4	0	3	1	2	1	2	1	1	1	1	7	5	3	1	0	2	1	1	2	0	1	0	1	0	0	0	1	1	1	0	0	1	0	1	2	0	3	2	6	21	0	50	77	26	4	17	6	5	4	14	7	6	3	7	4	4	1	3	0	3	2	2	1	2	1	1	1	4	1	3	0	1	0	2	3	0	1	3	1	0	1	1	4	2	3	3	1	1	4	5	2	0	2	2	4	5	26	82	19	11	6	28	4	2	2	1	2	2	6	1	0	3	3	6	3	3	2	0	2	12	5	2	7	5	9	11	3	8	8	8	7	9	18	4	4	1	4	2	2	5	3	8	1	1	2	2	3	0	2	0	1	2	1	0	3	4	6	4	0	0	2	0	0	0	0	1	2	0	1	2	1	0	2	4	2	0	1	2	0	2	0	2	2	1	0	2	2	1	1	1	2	0	6	3	3	5	1	1	3	2	0	1	1	1	1	2	0	1	1	1	2	1	0	1	1	0	0	3	4	0	0	0	2	0	0	2	2	3	2	4	1	1	2	5	4	4	7	0	1	1	1	1	0	3	0	5	8	8	9	5	12	6	3	1	2	0	2	1	1	1	3	4	1	3	1	2	3	1	3	2	1	0	0	0	0	0
0	0	0	0	0	0	0	0	0	3	1	0	1	0	0	0	0	2	0	0	0	0	1	3	2	4	0	1	2	0	0	1	0	2	1	1	1	0	0	2	0	0	0	0	2	0	1	2	2	5	5	1	0	0	1	0	0	1	0	2	0	1	0	1	2	0	1	0	0	0	0	0	0	0	0	1	0	0	0	1	0	0	0	0	0	0	0	2	1	1	1	1	0	0	1	0	1	2	1	1	0	0	1	1	3	1	0	1	0	0	1	0	0	1	1	0	0	2	0	0	1	0	0	3	1	0	1	0	1	2	3	1	2	0	2	1	3	0	0	0	2	1	4	2	1	2	3	4	5	7	2	9	6	3	4	2	0	1	0	0	1	3	5	6	3	2	4	0	1	0	1	0	0	2	4	2	3	1	0	1	0	1	1	1	0	1	5	5	1	3	3	11	50	0	20	12	10	10	10	1	5	4	11	12	2	5	9	6	5	4	1	1	6	4	3	0	0	1	2	0	1	1	1	2	2	0	2	0	1	0	1	1	0	3	2	6	3	1	0	5	2	1	1	2	1	2	5	7	23	30	12	6	8	96	6	6	1	1	2	1	2	3	3	1	5	7	6	1	3	2	9	12	11	6	3	10	12	7	3	4	12	10	13	33	48	17	4	1	3	2	2	5	4	7	6	0	4	2	0	3	3	1	2	1	2	2	3	4	8	4	1	2	3	1	1	0	1	1	1	3	1	2	1	1	0	3	2	0	2	1	1	1	3	2	1	0	8	3	0	0	0	2	3	1	2	3	4	4	3	1	1	1	3	1	2	0	1	3	2	0	2	1	4	4	5	1	2	1	2	0	0	2	1	1	0	1	3	0	1	3	3	7	1	8	4	6	10	7	2	2	1	0	1	0	0	1	2	5	5	5	3	3	11	5	2	0	0	2	3	1	2	0	0	0	3	0	1	3	6	2	1	0	2	1	2	0	0	0
0	0	0	0	0	0	0	0	1	3	0	0	1	0	0	0	0	0	0	1	2	2	0	6	8	3	3	0	2	1	3	0	3	1	3	4	0	1	0	0	0	1	1	2	1	1	1	2	1	4	7	1	2	0	1	2	1	1	0	0	1	1	1	2	2	0	0	2	2	0	0	0	0	0	0	0	0	0	0	0	0	1	0	0	0	0	0	0	0	0	1	4	1	0	1	1	0	5	1	1	0	0	2	0	0	2	1	0	0	0	2	1	0	3	0	1	1	1	1	1	2	0	2	5	0	1	0	0	3	3	2	2	0	1	2	1	1	1	0	1	0	1	5	0	2	4	0	4	6	3	1	8	3	1	1	1	2	0	2	0	0	4	5	6	2	3	3	2	1	1	0	1	0	1	0	0	1	0	1	3	0	1	1	2	0	1	0	4	4	7	13	47	77	20	0	26	10	10	14	8	10	22	18	6	1	4	3	4	2	2	1	3	6	2	3	3	2	0	1	1	0	0	1	2	1	2	1	2	2	0	5	0	3	1	2	1	2	2	1	1	3	1	0	0	1	0	0	5	11	37	14	8	4	22	5	4	2	2	0	1	1	5	2	3	2	3	0	0	1	1	4	4	5	6	1	3	8	19	9	2	14	9	17	12	10	11	3	3	4	2	1	2	2	2	4	3	1	2	1	0	1	1	2	1	3	4	0	3	5	2	0	0	0	1	1	0	3	1	0	1	3	0	0	0	2	2	2	2	1	0	2	1	2	1	0	0	0	1	2	2	2	0	2	1	3	2	1	0	1	0	3	1	0	1	1	1	1	1	0	0	3	3	1	1	0	2	1	1	0	0	2	0	1	2	3	1	2	1	3	1	2	3	1	1	4	3	5	7	3	1	0	0	1	0	0	1	2	4	2	5	6	7	6	2	0	2	0	2	0	2	2	1	1	1	2	0	0	3	0	1	2	2	1	1	1	1	0	0
0	0	0	0	0	0	0	0	0	2	0	1	1	0	1	0	2	0	1	2	2	1	4	3	2	2	3	1	0	1	0	1	0	3	0	0	0	0	0	0	1	0	0	0	0	3	1	0	2	1	1	1	1	0	1	1	0	1	0	0	0	0	0	0	0	1	1	0	0	0	0	0	0	0	0	0	0	1	0	0	0	0	2	1	1	0	0	0	0	0	1	1	1	1	1	0	0	2	2	0	1	1	2	2	0	0	1	2	2	0	1	0	0	0	1	2	3	2	0	0	0	1	1	1	2	1	0	0	0	0	1	3	1	1	0	3	0	1	2	3	2	0	0	1	3	3	3	2	3	2	7	7	6	0	1	1	0	2	0	1	0	1	6	3	1	1	1	1	2	1	0	0	1	2	0	1	1	0	2	2	0	0	2	3	2	0	3	2	6	4	11	24	26	12	26	0	17	15	24	15	10	8	7	4	0	7	7	4	3	1	2	1	4	3	4	5	2	2	1	0	3	4	4	2	0	1	1	1	0	3	2	5	4	2	2	2	8	6	4	4	4	2	2	4	0	2	2	5	10	13	15	6	4	18	10	4	1	1	4	3	3	3	2	4	3	2	2	0	2	3	7	11	6	4	3	3	9	23	7	14	41	16	19	11	12	4	1	1	0	1	0	1	5	2	5	2	4	3	0	1	1	0	3	2	1	1	3	3	3	1	1	0	2	2	1	2	0	0	1	1	0	1	0	2	1	0	1	1	1	1	0	2	1	1	1	3	2	2	1	0	2	2	1	2	2	3	3	6	3	2	1	3	2	1	0	0	1	1	0	0	1	2	4	3	3	1	0	2	0	0	0	1	0	0	1	2	3	1	1	3	0	3	1	3	3	2	2	3	4	2	0	0	0	0	2	0	2	1	2	1	6	3	8	1	1	2	0	0	2	0	2	0	1	1	2	1	1	1	0	3	1	0	0	0	0	0	0	0
0	0	0	0	0	0	0	0	0	1	0	0	0	0	1	0	0	0	0	0	0	0	1	5	3	0	2	2	0	0	2	0	1	0	0	0	1	0	0	0	0	1	1	0	1	2	1	1	1	1	3	3	0	0	1	0	0	0	0	0	1	0	1	0	0	0	0	2	0	0	0	0	0	0	0	0	0	1	1	0	1	0	0	0	1	0	0	0	0	0	1	3	0	1	1	0	0	1	0	0	0	0	2	1	1	0	1	0	0	1	0	0	2	2	0	0	0	0	0	0	2	0	0	1	1	2	1	1	1	0	2	0	3	1	1	0	1	0	3	3	2	0	1	1	1	1	3	2	1	1	3	1	3	3	2	0	2	0	1	1	0	1	5	0	1	0	0	3	0	1	1	0	1	1	2	1	0	1	1	1	2	1	3	1	2	0	0	0	1	2	1	5	4	10	10	17	0	48	10	5	2	1	1	6	2	4	1	2	1	1	2	0	1	3	3	1	1	3	0	2	3	2	2	0	1	0	2	1	2	2	1	4	1	1	2	7	9	3	8	6	7	1	4	3	2	3	10	83	15	12	7	2	1	8	10	8	3	2	3	2	14	8	4	6	3	8	8	2	5	3	10	49	27	7	5	8	6	12	7	7	14	15	6	4	5	4	2	0	1	2	1	2	2	1	1	1	0	1	1	4	0	1	1	1	1	3	3	2	3	1	1	0	0	0	0	0	2	0	0	1	1	0	0	1	0	0	2	0	1	1	2	1	2	0	3	5	3	4	3	1	2	1	4	3	6	8	12	10	5	1	4	2	2	3	0	3	3	2	3	4	0	3	4	2	2	2	1	0	1	1	1	1	0	1	1	1	0	1	1	1	1	3	0	4	5	4	0	7	6	2	2	0	1	2	1	1	2	2	6	6	8	3	4	6	1	1	1	3	0	1	1	2	1	2	2	1	0	1	2	1	4	0	1	0	0	0	0	0
0	0	0	0	0	0	0	0	0	1	0	0	0	0	1	1	0	0	1	0	1	5	2	4	2	2	2	3	0	0	0	0	1	0	0	2	0	1	0	0	0	1	3	0	1	0	1	0	0	0	1	0	0	1	0	0	0	0	1	0	0	0	0	1	0	0	0	0	1	0	0	0	0	0	0	0	0	0	0	0	0	0	1	0	1	0	0	0	2	0	0	1	0	1	1	0	0	0	0	1	0	1	1	1	0	0	3	1	0	1	1	0	0	0	0	0	0	0	0	1	2	1	0	0	2	0	0	1	0	0	1	2	3	0	1	2	2	0	3	0	0	0	1	3	1	2	0	1	6	3	2	3	0	4	2	1	0	2	0	0	2	4	3	1	0	2	1	0	0	0	0	0	0	1	1	0	0	2	0	1	0	0	0	0	0	0	0	1	2	3	6	5	17	10	10	15	48	0	18	7	5	6	1	3	3	1	2	3	1	0	2	1	1	1	3	1	1	1	0	2	2	1	1	0	2	1	2	0	1	0	1	0	0	1	2	4	3	3	1	4	4	3	0	2	1	2	3	11	26	15	7	2	5	4	8	5	2	0	1	4	7	7	8	11	5	9	6	5	2	2	5	24	10	2	3	7	2	6	2	12	5	7	6	5	6	4	2	1	2	1	0	0	4	1	3	2	0	2	1	1	2	2	6	1	1	0	2	1	2	0	1	1	0	1	0	0	0	0	2	1	3	0	3	0	1	2	2	0	2	4	0	1	2	2	2	2	4	1	2	0	2	2	1	2	5	2	12	6	3	2	3	0	3	3	1	2	2	1	1	0	0	0	3	5	0	2	2	1	2	0	0	1	0	0	1	2	5	0	2	4	1	0	2	2	2	6	6	6	2	4	3	1	2	2	2	2	0	5	4	4	9	3	10	11	3	5	1	0	0	0	0	0	2	0	1	1	1	3	2	1	3	0	0	2	1	2	0	0
0	0	0	0	0	0	0	0	0	1	0	0	0	0	0	0	1	1	0	0	0	1	4	2	5	2	0	2	0	0	0	2	0	4	1	2	1	0	0	2	1	0	1	0	1	0	3	0	2	1	3	0	1	0	0	0	1	0	0	1	0	0	0	0	0	0	0	0	0	0	1	1	0	0	0	0	0	0	0	0	0	0	0	0	0	0	0	0	0	0	0	2	0	2	0	0	0	2	0	0	0	0	3	0	0	1	2	1	0	3	0	1	0	1	0	0	1	0	0	0	0	0	1	0	0	0	2	1	0	0	1	2	3	1	2	2	3	4	2	1	0	0	0	1	0	2	0	3	1	5	3	3	1	3	0	1	0	0	0	0	1	1	3	3	0	2	1	1	0	0	0	1	2	0	1	1	3	1	1	0	1	1	0	2	2	0	2	1	4	9	15	11	6	10	14	24	10	18	0	30	6	6	5	3	2	2	5	1	2	2	1	2	4	4	1	2	0	1	1	1	3	1	1	0	0	1	0	0	0	2	0	0	0	0	1	1	4	1	2	2	0	4	1	1	2	1	0	8	5	9	5	3	4	4	4	3	6	2	4	2	6	3	2	7	2	1	0	1	1	1	6	7	3	2	0	2	3	6	7	6	13	5	7	4	4	1	3	0	1	0	1	0	1	3	2	0	1	2	1	0	3	0	1	2	4	2	2	2	1	2	0	1	1	0	0	0	1	1	1	2	0	0	1	0	0	1	1	1	0	1	1	1	0	1	3	1	2	0	1	1	1	1	0	1	0	3	1	2	4	2	2	2	0	0	1	0	2	0	1	2	0	1	0	1	1	2	0	3	4	0	0	0	1	0	0	0	1	1	2	4	1	2	0	2	1	2	2	0	6	2	0	0	1	0	0	1	5	2	5	6	7	9	4	6	1	1	2	0	1	2	0	0	1	2	0	1	1	1	0	1	2	0	1	2	1	0	0	0
0	0	0	0	0	0	0	0	0	0	0	0	0	1	0	2	1	1	3	2	4	6	6	7	4	3	2	2	4	0	0	1	1	3	2	0	1	0	1	0	0	1	0	2	0	1	3	1	3	4	2	1	2	0	0	0	1	0	0	0	1	0	1	0	0	1	0	0	0	1	0	0	0	0	1	0	0	1	0	0	0	0	0	0	0	0	1	0	1	0	0	1	1	4	1	4	1	4	0	2	2	3	3	1	1	0	1	2	1	1	0	1	1	2	1	1	1	0	1	0	0	1	0	1	1	0	0	0	2	1	2	1	2	2	1	2	7	4	0	0	0	0	2	2	4	3	4	2	5	9	7	8	4	2	0	1	2	2	3	0	1	3	1	5	1	0	5	0	3	0	1	1	1	2	0	1	2	2	1	0	2	0	2	0	2	5	1	2	17	22	6	5	5	1	8	15	5	7	30	0	25	12	7	2	0	2	2	1	2	4	1	0	3	4	3	1	0	3	0	4	1	2	2	2	1	1	1	1	2	3	2	2	1	0	1	2	7	3	1	2	1	2	1	3	0	4	1	6	2	3	1	0	1	4	2	2	2	1	0	0	1	4	1	1	2	6	3	0	0	0	2	0	1	1	0	2	5	3	20	9	22	11	6	4	2	1	2	1	1	2	2	2	3	2	1	1	1	0	0	0	2	1	3	2	1	0	3	5	1	2	0	1	0	1	1	0	2	1	2	1	1	0	0	1	0	0	0	0	0	0	1	2	2	0	0	1	2	3	1	1	0	0	2	1	1	1	4	1	2	1	1	0	3	2	0	1	0	3	2	2	0	4	2	1	0	1	0	2	1	0	1	0	0	2	0	0	2	0	2	2	1	0	0	0	1	2	2	2	3	1	0	0	0	1	0	1	3	0	3	4	6	5	4	3	0	1	1	1	1	2	0	1	0	0	0	1	0	1	0	1	3	0	1	0	1	2	0	0
0	0	0	0	0	0	0	0	1	0	0	0	0	1	0	1	0	0	2	1	7	3	10	6	12	3	4	0	4	1	3	2	3	4	1	3	1	0	1	0	0	0	4	2	1	4	3	2	2	2	4	1	2	1	3	0	0	0	1	1	0	0	0	0	1	3	0	0	0	0	0	1	0	0	0	0	0	0	0	1	1	0	0	1	0	0	2	1	0	1	0	1	0	0	2	1	2	3	0	1	0	0	4	1	0	0	4	1	3	0	1	1	2	2	0	0	1	1	1	1	0	1	2	4	1	2	1	1	0	1	1	2	2	5	3	5	7	8	4	0	2	0	7	1	3	7	3	10	14	10	7	17	1	3	0	0	0	1	2	1	1	3	2	5	2	2	7	1	1	0	2	1	1	3	1	2	2	1	1	1	3	5	6	3	5	1	1	8	32	27	13	7	4	5	10	10	2	5	6	25	0	21	9	4	2	5	8	5	5	1	0	3	4	1	1	3	2	1	1	3	2	9	3	1	2	3	3	2	5	5	0	4	2	1	1	2	4	2	6	1	1	2	1	0	0	2	1	2	4	5	1	3	5	4	3	0	0	1	0	1	2	1	0	3	2	0	2	0	0	2	0	4	1	1	2	3	1	7	6	9	20	6	4	2	0	4	0	1	2	2	0	1	2	1	2	1	0	1	0	2	2	0	2	2	1	1	2	1	2	0	1	0	0	2	0	0	0	0	3	1	0	0	0	0	0	1	0	0	1	1	1	1	1	0	2	1	2	0	0	0	0	0	1	0	0	3	2	3	3	1	1	0	0	0	0	0	1	1	2	1	2	1	2	0	0	0	0	0	0	0	0	1	2	0	0	0	2	3	1	1	0	0	0	0	1	1	3	0	2	0	0	0	0	0	2	0	3	2	2	3	2	3	1	2	1	0	2	2	1	2	0	1	0	3	0	2	1	0	2	0	0	1	1	1	0	0	0	0
0	0	0	0	0	0	0	0	0	0	1	2	0	1	1	2	1	3	3	2	6	4	7	12	12	6	1	0	1	1	0	1	1	0	2	0	2	0	0	0	0	0	0	0	1	1	4	3	4	8	1	1	0	0	0	0	1	1	0	1	0	0	1	1	0	0	1	1	2	2	0	0	2	0	0	1	0	0	1	1	2	1	0	0	0	0	1	0	1	1	0	1	0	1	4	0	1	4	1	2	0	0	1	0	0	0	0	1	0	1	1	0	2	0	2	0	2	1	0	1	1	1	2	1	1	1	1	2	2	2	3	2	3	2	2	2	4	3	4	1	1	2	3	1	3	6	2	12	35	10	5	8	4	6	5	2	1	2	2	1	0	8	12	10	5	3	5	4	5	1	1	3	2	2	1	2	1	1	2	3	2	3	2	0	3	0	0	3	6	7	10	17	14	4	22	8	1	6	6	12	21	0	70	8	3	8	10	8	4	1	1	0	8	4	1	3	6	0	2	3	0	4	3	1	3	2	2	1	2	3	3	7	5	1	5	8	3	4	2	3	1	1	0	2	0	2	3	5	5	9	6	7	7	8	4	1	0	0	1	2	0	2	0	2	0	0	1	3	1	2	1	4	2	3	1	5	2	13	3	5	21	5	7	11	4	7	2	0	1	2	0	3	1	6	4	1	1	0	2	2	1	2	2	1	1	2	1	0	4	6	2	1	1	0	2	0	3	0	4	1	1	2	1	0	0	1	2	0	0	1	1	0	4	2	1	2	1	1	2	0	1	1	0	1	3	2	0	1	2	1	0	0	1	1	0	0	0	0	0	1	0	1	1	0	2	0	1	1	1	0	2	0	0	0	0	1	0	0	1	2	3	1	1	2	2	2	3	3	2	0	0	0	1	0	1	1	0	2	1	5	7	7	2	2	1	1	1	0	1	0	1	0	2	0	3	2	1	1	1	0	1	1	0	1	1	1	0	0
0	0	0	0	0	0	0	0	0	1	0	2	2	0	2	1	1	2	0	1	2	3	0	6	5	2	3	2	0	5	2	1	2	2	1	2	0	0	2	0	1	2	0	0	1	3	0	2	4	4	9	5	2	0	0	1	3	3	0	0	2	1	0	0	0	0	0	0	1	1	1	0	0	1	1	0	0	0	1	0	1	0	0	1	0	0	0	1	0	0	0	1	1	1	1	1	0	4	1	1	1	0	3	0	0	0	0	2	0	0	0	0	3	2	1	0	0	1	0	0	0	1	2	1	1	1	1	3	8	2	3	1	2	1	5	7	3	2	3	1	2	1	1	0	1	3	2	4	11	11	9	6	3	6	2	0	4	3	0	2	3	5	20	17	8	9	3	1	1	3	1	3	2	2	1	1	4	1	2	1	3	2	2	3	0	3	1	5	2	3	10	11	7	11	18	7	1	1	5	7	9	70	0	26	3	16	20	10	1	5	1	7	8	9	1	0	4	2	2	4	1	0	3	1	1	2	0	0	2	5	1	5	4	2	4	5	4	2	2	5	0	0	1	0	0	4	7	1	6	7	5	9	6	14	5	2	0	3	4	2	0	3	1	2	1	3	2	2	3	0	4	4	0	3	1	7	5	9	4	3	8	7	7	14	8	6	7	1	0	1	1	2	2	6	6	4	2	3	3	4	1	3	1	1	2	1	7	10	10	11	1	1	3	1	0	0	0	0	3	1	2	2	0	1	0	1	1	3	0	1	1	1	0	0	2	4	2	1	1	1	1	0	2	0	1	2	2	1	2	0	0	0	2	0	0	1	0	1	1	0	1	2	0	1	1	0	0	2	1	0	1	1	1	3	2	0	1	0	1	2	3	1	2	3	1	3	3	3	1	3	1	0	0	0	2	0	1	2	1	2	2	1	2	5	1	0	1	0	0	1	1	0	0	1	0	0	1	1	3	2	2	0	0	0	0	1	0	0
0	0	0	0	0	0	0	0	2	0	0	1	0	0	0	0	1	0	1	1	2	1	4	3	6	2	0	1	3	0	0	0	0	1	1	0	1	0	1	0	2	0	1	0	4	2	1	4	1	2	3	2	1	0	0	0	0	0	1	0	0	1	1	0	1	0	0	0	1	0	0	0	0	0	1	0	0	0	0	1	1	0	0	0	0	0	1	1	0	1	1	0	1	2	1	0	1	2	1	1	0	0	2	2	0	0	0	1	0	0	3	1	2	1	1	1	1	1	1	1	1	0	1	1	0	2	0	0	1	4	0	1	2	0	1	5	2	1	1	0	0	0	3	1	3	2	5	1	12	5	4	8	4	3	2	2	0	2	2	0	1	7	6	7	5	5	4	0	3	1	1	2	1	3	1	2	2	1	2	0	0	4	0	0	0	0	0	0	1	1	0	2	6	12	6	4	6	3	3	2	4	8	26	0	21	105	36	11	7	4	4	14	13	12	5	1	3	6	7	3	2	0	3	2	1	2	2	0	1	6	3	4	2	10	13	12	2	1	1	1	3	3	2	3	3	0	0	1	9	3	4	1	9	29	4	7	0	2	0	1	2	1	2	0	1	2	0	4	5	1	5	1	5	6	2	14	14	15	5	6	5	10	12	54	13	9	7	5	1	1	2	2	9	14	21	12	3	2	4	5	4	3	5	5	7	3	6	17	11	10	5	6	1	2	0	1	1	5	3	1	2	4	4	0	1	0	0	3	1	0	0	2	1	0	3	4	3	1	0	0	2	0	1	2	0	2	3	0	0	2	0	0	0	1	2	0	0	2	3	1	2	3	0	0	1	0	2	2	1	3	1	1	0	3	3	2	2	1	3	2	3	0	0	2	4	5	4	6	3	0	0	0	1	0	3	0	1	1	3	2	0	0	4	2	0	3	0	2	2	3	0	0	0	0	2	3	2	2	2	3	5	0	0	1	0	1	0	0
0	0	0	0	0	0	0	0	0	0	0	0	2	0	1	1	0	0	2	0	2	0	1	0	1	1	1	0	5	1	1	0	0	1	0	0	0	1	0	1	1	0	0	0	2	1	2	0	3	1	2	0	0	1	1	0	2	1	0	1	0	1	2	0	0	0	0	0	0	0	0	0	1	0	0	0	0	0	0	0	0	0	0	0	0	1	1	0	0	1	0	0	0	0	0	2	1	2	0	1	0	0	3	1	2	0	1	3	1	1	1	1	0	0	2	1	0	3	1	0	0	1	0	4	1	3	3	2	2	3	4	4	7	4	2	2	2	1	2	0	2	1	2	3	4	0	3	1	3	2	4	4	1	3	2	3	0	0	0	1	1	5	0	4	3	1	1	2	2	2	3	0	1	3	0	1	0	2	1	0	1	1	1	1	0	2	2	0	3	2	3	2	3	2	1	0	2	3	2	0	2	3	3	21	0	27	21	8	3	6	9	17	13	5	8	4	3	0	7	1	1	1	3	2	1	4	3	1	1	0	1	5	6	8	22	10	4	3	3	2	2	2	0	2	2	0	0	1	1	3	3	2	3	9	3	1	1	2	0	0	0	5	0	3	0	1	3	2	1	2	3	0	0	5	4	11	7	6	2	1	3	4	5	13	6	7	7	2	3	7	14	6	5	22	16	19	7	5	9	21	8	2	2	5	6	2	11	33	27	8	5	6	1	0	0	0	0	3	1	2	1	1	0	0	0	3	0	3	0	1	2	2	3	1	6	2	5	2	0	1	1	1	1	0	4	3	3	2	1	0	2	0	0	0	0	1	0	0	1	1	1	0	1	3	0	2	0	1	2	1	2	1	2	2	0	2	2	2	4	2	0	0	2	1	3	3	2	1	2	2	1	0	1	0	0	0	0	1	0	1	0	2	1	2	1	0	0	0	1	0	0	1	0	1	3	1	1	1	3	0	2	0	1	0	1	0	0	0
0	0	0	0	0	0	0	0	0	1	0	0	1	0	0	0	0	1	0	2	1	2	0	2	5	0	1	2	2	0	0	1	1	3	0	1	3	0	1	1	1	1	2	1	2	3	2	3	5	2	0	0	1	3	0	0	0	0	1	0	1	2	2	0	1	1	1	0	0	0	0	1	0	0	0	0	0	0	1	0	0	0	1	0	0	0	0	1	0	1	2	1	0	1	0	0	0	0	2	1	0	1	1	2	0	1	1	0	0	0	1	2	1	0	2	0	1	0	2	0	0	4	3	3	2	0	2	1	10	5	5	2	9	9	6	4	1	1	2	3	1	3	2	3	1	4	3	1	4	8	7	9	3	9	5	2	1	1	2	0	4	7	15	5	5	3	3	6	3	2	2	2	3	2	0	2	2	0	1	0	1	2	1	0	0	2	1	1	2	3	1	4	7	5	4	7	4	1	2	2	5	8	16	105	27	0	43	15	2	1	2	9	21	14	8	2	2	2	2	0	1	3	3	4	2	1	4	1	3	5	4	3	1	10	11	4	1	0	0	3	3	0	1	1	1	1	1	0	6	3	3	1	5	14	4	0	1	2	1	1	2	4	0	1	3	1	0	3	0	5	3	4	5	2	1	8	6	7	2	2	11	8	9	24	10	3	6	5	3	6	3	5	2	14	26	5	3	2	4	4	4	2	5	3	4	3	9	18	9	11	7	3	2	2	1	1	1	0	2	1	4	1	4	2	0	1	1	2	0	1	0	2	2	1	2	6	4	1	1	0	2	0	2	2	1	3	2	4	0	1	0	0	0	0	0	0	0	0	0	1	0	0	0	1	1	0	0	4	1	3	1	1	0	1	1	2	1	6	9	3	3	2	0	0	1	3	2	8	0	0	1	2	1	0	1	0	0	1	1	2	2	4	2	2	2	0	2	1	3	1	1	1	1	1	1	0	3	2	3	2	2	1	0	0	0	0	0	0
0	0	0	0	0	0	0	0	0	0	0	0	0	2	1	0	1	0	0	0	4	2	3	1	3	0	0	2	1	0	0	0	3	1	0	1	2	0	0	0	1	0	0	1	1	3	2	1	6	3	4	2	1	1	2	0	3	3	0	0	1	1	1	0	0	1	1	0	0	0	1	0	0	0	0	0	0	0	0	1	0	1	0	0	0	2	0	0	0	0	0	1	1	1	1	2	0	0	3	3	4	2	2	3	3	0	1	0	1	1	2	1	1	1	1	0	4	1	0	2	0	0	3	3	1	1	1	1	4	3	8	9	6	9	10	4	5	2	1	0	2	0	3	2	2	7	1	10	24	15	15	17	7	11	5	4	2	6	1	0	3	5	8	16	2	3	5	2	1	0	1	0	1	1	4	0	4	3	3	0	3	1	3	1	4	0	3	2	4	2	1	5	4	9	3	7	1	2	5	2	8	10	20	36	21	43	0	65	11	3	10	9	60	48	12	5	3	9	8	7	4	0	4	2	3	2	1	2	6	7	11	6	10	10	16	6	2	4	2	1	0	1	1	3	1	2	2	1	2	2	1	5	4	7	2	2	1	1	0	0	3	1	2	2	1	1	2	2	1	0	1	2	0	4	0	5	5	5	2	1	10	5	9	13	5	6	1	0	2	3	7	6	2	9	20	1	1	4	4	7	7	3	2	3	6	5	3	10	3	6	4	4	5	1	1	1	1	1	2	1	2	1	0	0	0	0	4	0	2	1	1	5	2	2	1	1	2	1	0	0	0	2	2	1	0	1	0	1	3	2	0	0	1	0	0	1	0	0	2	1	0	0	2	0	0	0	1	1	1	0	2	0	2	1	3	2	3	0	1	2	1	1	1	3	5	2	3	1	4	1	0	0	1	1	0	0	3	0	0	1	1	0	1	2	1	0	1	0	0	1	0	1	0	0	0	3	0	1	1	1	3	1	2	1	1	2	0	0
0	0	0	0	0	0	0	0	0	0	3	0	1	0	0	1	1	1	0	2	0	0	4	1	2	1	1	2	4	0	1	0	1	1	0	1	0	2	1	0	0	0	1	0	1	5	1	1	3	1	2	2	2	1	0	1	0	1	0	0	0	0	0	0	2	1	1	0	0	1	0	0	0	0	0	1	0	0	0	0	0	0	1	0	1	0	1	0	1	0	1	0	2	1	1	0	1	0	0	3	1	0	3	1	0	0	1	1	2	1	2	2	4	0	1	1	2	0	3	1	2	0	3	3	1	1	1	1	1	4	4	7	8	6	18	9	3	5	3	0	2	1	0	0	6	6	3	13	8	12	17	12	8	9	8	5	4	6	1	3	6	5	7	2	4	1	2	1	0	1	0	0	2	0	6	2	1	3	1	2	1	4	4	1	2	1	2	5	3	3	3	4	4	6	4	4	2	3	1	1	5	8	10	11	8	15	65	0	16	10	8	16	161	677	12	10	16	10	16	7	5	3	11	2	2	3	2	1	4	8	5	16	12	8	23	18	2	1	0	0	2	0	3	0	2	0	1	2	1	4	1	0	3	8	5	3	2	3	0	0	1	2	0	0	0	1	1	1	3	0	4	2	3	1	2	5	2	7	4	5	7	5	14	6	3	7	2	5	0	1	2	5	3	5	5	10	5	4	7	5	1	4	4	6	1	4	5	11	6	0	4	2	2	0	0	0	2	0	0	0	2	1	1	3	1	0	0	2	1	0	0	2	0	0	0	1	0	0	0	0	0	0	0	2	2	1	1	3	1	0	0	0	1	0	0	1	0	0	1	3	2	0	3	1	0	0	2	1	1	0	0	1	0	4	0	0	3	0	2	1	2	1	0	1	1	4	0	1	1	0	0	0	0	0	0	0	1	0	0	0	0	1	0	1	1	0	1	1	0	1	0	4	0	0	0	1	0	1	1	1	0	0	1	0	2	0	0	0
0	0	0	0	0	0	0	0	0	0	0	0	0	0	2	0	0	0	0	1	2	2	3	1	1	1	0	0	0	1	1	1	1	1	0	0	2	1	0	0	0	0	1	1	1	2	0	2	0	2	1	3	0	0	0	1	1	0	0	0	1	0	0	0	0	1	0	0	1	0	0	0	0	0	0	0	0	1	1	0	0	0	0	1	1	0	0	1	0	0	0	1	0	0	1	2	0	1	0	0	2	0	3	2	1	0	1	1	0	1	2	1	1	0	0	0	0	0	1	0	0	2	0	2	2	2	2	0	4	4	3	6	4	4	5	7	0	3	1	2	3	0	0	1	1	2	3	3	8	7	10	4	8	8	10	4	5	4	2	2	4	5	1	6	3	0	1	2	0	0	2	0	2	2	3	0	1	0	2	1	0	0	2	1	1	1	1	2	1	2	2	1	1	5	2	3	1	1	2	2	5	4	1	7	3	2	11	16	0	113	18	19	12	20	35	45	44	12	23	8	1	2	7	9	7	2	1	0	5	6	9	5	26	11	2	10	4	2	3	5	2	4	1	2	2	2	1	1	2	2	2	2	5	4	4	1	0	0	0	4	2	0	1	1	0	3	1	2	1	2	0	2	1	2	2	6	5	5	1	4	3	0	5	2	0	1	1	0	0	0	5	4	1	1	3	2	3	3	4	8	2	2	2	8	5	9	8	6	9	1	1	3	4	1	0	0	1	0	3	1	0	0	0	0	1	1	2	2	2	1	2	1	1	2	2	1	2	1	1	1	0	1	2	2	1	0	6	2	5	2	1	0	0	0	1	1	4	2	1	2	0	0	4	2	0	1	0	2	0	2	0	1	1	2	1	1	0	1	0	1	0	0	0	1	3	0	3	2	5	2	1	4	1	0	0	0	1	0	0	1	0	2	0	2	0	0	0	0	0	0	0	0	1	0	0	0	2	2	3	0	2	0	2	0	0	0	0	0
0	0	0	0	0	0	0	0	1	0	0	0	1	1	2	0	0	1	0	1	1	1	2	0	0	2	0	2	0	0	1	3	0	1	0	0	0	1	1	0	1	0	0	0	0	0	1	2	1	1	2	0	1	1	1	0	0	0	0	0	1	0	1	0	0	1	0	0	0	0	1	0	0	1	1	0	0	0	0	1	2	0	1	0	0	0	0	1	0	0	0	1	0	0	1	0	0	0	3	0	2	2	2	0	1	1	2	0	0	1	0	1	0	0	0	0	1	0	0	0	1	0	2	1	1	0	2	1	3	1	1	7	5	2	2	6	4	1	0	1	0	1	1	1	0	1	0	3	2	6	5	3	7	12	9	10	2	3	2	0	1	3	1	2	0	0	1	1	0	1	1	0	0	1	2	1	2	1	0	3	0	1	2	2	1	1	1	0	1	1	1	3	3	4	2	1	1	0	2	4	1	1	5	4	6	1	3	10	113	0	24	13	4	13	26	33	30	3	12	8	6	6	16	7	5	5	4	3	2	2	2	5	14	8	5	9	2	4	2	1	4	6	1	3	1	1	1	1	0	0	1	2	4	3	3	1	0	0	1	0	0	0	1	0	0	0	0	2	1	1	2	2	1	1	2	8	3	2	1	2	2	6	4	2	2	4	1	2	1	2	7	0	4	3	3	1	2	3	4	4	4	1	0	6	5	18	9	9	0	3	1	2	3	1	0	0	1	1	1	3	0	0	0	0	0	1	0	1	2	0	0	0	0	0	1	0	3	1	1	0	0	0	2	1	1	0	3	1	1	0	0	0	1	1	0	0	1	3	1	1	0	2	2	2	2	0	1	0	0	2	0	0	0	4	5	2	1	0	0	0	0	1	1	1	1	0	0	0	1	0	3	0	0	3	0	1	1	0	0	0	0	1	0	0	0	0	0	1	0	2	0	1	0	0	0	0	1	0	0	1	0	1	0	0	2	1	0	0
0	0	0	0	0	0	0	0	2	0	1	0	0	0	0	0	0	0	0	0	1	1	1	2	0	2	0	1	0	0	1	2	1	1	1	0	0	0	1	0	0	0	1	0	1	0	2	1	0	2	0	0	0	0	1	0	1	2	0	0	0	0	0	2	0	1	0	1	0	0	1	0	0	0	0	0	0	0	0	0	0	0	0	0	0	0	1	0	0	0	0	0	1	1	0	0	1	1	0	0	0	0	1	0	0	1	1	1	3	0	3	0	0	1	0	0	0	2	0	0	1	0	1	1	0	2	1	0	1	1	4	3	1	1	2	1	1	0	0	2	0	1	1	2	0	0	3	1	3	3	2	1	4	2	3	6	4	1	1	0	0	1	0	1	0	0	1	2	1	2	1	0	0	1	2	4	2	1	0	0	0	2	0	2	1	0	0	1	0	0	1	0	0	1	1	2	2	2	1	1	0	1	1	4	9	2	10	8	18	24	0	25	4	12	14	8	3	2	8	6	3	2	5	4	1	1	4	2	3	0	2	5	4	21	10	13	0	1	1	1	3	7	5	6	1	3	4	2	1	3	2	0	1	2	5	2	0	3	0	2	3	1	0	2	2	1	0	4	0	1	1	0	0	5	4	6	5	3	3	2	4	1	2	4	7	6	2	1	4	3	4	4	3	1	4	1	3	7	6	17	8	5	8	13	5	17	13	6	9	5	2	5	4	1	0	1	0	1	0	1	1	1	1	1	1	0	0	1	0	0	3	2	3	0	3	1	5	3	1	0	1	3	1	2	1	3	5	1	2	1	0	0	1	1	3	1	3	1	1	0	3	0	1	0	2	0	0	1	2	3	2	1	2	3	3	5	10	2	2	1	0	2	0	2	2	0	3	2	0	0	0	0	0	1	2	0	1	1	1	2	0	0	0	3	1	1	1	2	0	0	0	0	0	1	0	0	0	1	2	1	0	1	2	1	3	1	0	0
0	0	0	0	0	0	0	0	0	1	0	0	0	0	3	0	0	1	1	0	0	0	3	2	0	0	1	0	2	2	1	2	0	2	0	0	0	0	0	0	1	0	2	0	1	3	2	1	3	3	0	1	2	1	1	2	1	0	1	0	0	1	0	1	0	0	0	1	1	0	0	0	0	0	0	0	0	1	1	0	1	1	0	1	1	0	1	0	0	0	0	1	0	0	0	0	0	2	0	0	4	0	1	1	1	0	0	1	3	0	2	1	0	0	0	0	1	0	0	0	2	1	0	3	4	3	0	1	4	5	6	2	6	8	6	5	3	0	2	3	2	5	0	0	4	3	1	4	5	4	7	1	2	4	9	11	5	3	2	0	3	3	5	2	2	1	2	0	0	1	1	0	2	2	3	1	6	1	1	3	0	1	3	1	2	0	2	3	2	3	5	2	3	1	3	1	0	1	2	0	3	0	7	14	17	9	9	16	19	13	25	0	9	20	10	8	12	11	25	1	4	4	6	1	4	0	1	0	4	1	6	2	10	66	30	6	1	2	1	4	4	2	2	1	1	1	0	2	0	1	1	3	1	4	1	2	1	1	1	0	2	2	1	1	0	0	2	0	2	1	2	2	3	0	3	6	5	0	3	2	3	1	5	7	1	2	5	2	2	3	6	4	3	5	5	1	1	4	1	1	5	1	4	8	1	7	11	12	3	4	6	6	3	1	1	0	3	2	1	1	3	1	0	0	1	1	1	1	1	0	3	0	1	1	0	0	1	1	0	0	2	0	0	1	1	0	3	1	3	0	1	1	0	0	0	1	1	1	0	0	2	0	0	2	2	2	1	0	1	1	2	1	2	4	3	1	3	4	1	1	1	0	2	0	2	4	2	1	2	0	1	0	0	3	0	1	0	1	0	2	2	4	4	0	2	2	0	1	0	0	1	1	1	0	2	3	1	3	0	1	1	0	1	0	0	0	0	0
0	0	0	0	0	0	0	0	0	0	0	1	2	0	3	0	0	0	0	1	3	2	3	9	0	2	2	2	1	0	1	0	0	0	0	1	1	2	0	0	1	1	1	0	2	1	7	2	6	1	6	3	1	1	0	2	0	1	1	0	0	1	0	1	1	0	1	0	0	1	0	0	0	0	0	0	0	0	0	0	0	0	0	0	1	0	0	0	0	1	2	2	1	1	0	0	2	0	0	3	2	5	3	2	1	2	1	0	1	0	0	0	1	1	1	0	0	1	2	0	1	1	3	4	2	1	0	2	3	2	7	6	13	16	20	8	6	4	3	2	1	0	0	3	2	4	6	13	15	20	14	6	3	5	10	6	5	6	1	2	7	17	12	6	0	2	4	1	0	4	0	1	0	3	1	4	5	3	2	4	4	4	2	3	1	1	2	1	2	2	3	5	2	6	6	4	1	1	4	3	4	8	8	13	13	21	60	161	12	4	4	9	0	126	9	6	10	10	14	7	4	3	7	2	0	1	5	3	5	10	17	15	11	8	21	11	1	3	1	2	2	0	2	2	2	0	1	3	2	2	0	0	4	2	2	0	0	0	1	1	2	1	1	2	0	0	2	2	3	0	1	3	3	0	4	8	5	1	3	2	5	3	6	4	5	0	2	3	0	3	2	3	1	1	4	4	3	3	3	0	1	2	2	7	5	0	10	8	2	6	2	5	1	1	2	2	3	3	1	2	0	2	2	0	2	0	1	2	0	0	0	1	0	0	0	1	0	0	1	0	0	0	0	0	2	1	1	2	2	1	1	0	0	0	1	1	0	0	0	2	0	1	3	1	2	1	0	0	1	0	1	0	0	3	0	2	0	0	2	3	3	1	0	1	2	2	1	2	5	0	0	0	2	0	2	1	0	2	0	1	1	1	3	2	0	1	0	1	1	1	0	0	1	0	0	0	2	1	1	1	2	0	0	0	0	0	0	0
0	0	0	0	0	0	0	0	2	1	1	0	1	1	0	1	0	0	1	4	0	5	3	2	1	1	0	1	1	0	0	2	0	0	1	0	1	1	0	2	1	0	1	0	2	2	2	5	5	1	3	1	1	0	1	1	0	0	0	0	1	1	0	0	0	1	0	1	0	1	0	0	0	1	0	0	0	2	0	0	0	0	0	0	0	0	0	1	0	3	0	1	0	0	0	0	0	0	2	2	1	1	2	0	0	0	2	1	4	1	1	3	1	0	0	0	0	2	1	0	2	0	0	1	1	4	2	2	5	3	4	10	8	11	10	6	5	2	1	2	1	1	0	1	1	5	5	1	11	9	13	16	8	15	6	2	6	1	5	2	1	0	3	5	5	3	5	2	2	0	1	0	0	1	3	0	1	3	0	1	0	4	3	2	0	1	2	4	2	1	1	3	2	4	2	3	3	1	4	4	1	4	9	12	5	14	48	677	20	13	12	20	126	0	17	14	16	7	14	8	2	4	10	3	3	2	0	3	1	5	8	15	13	10	12	11	2	6	4	2	2	4	2	1	1	1	2	1	1	4	0	0	0	4	6	0	1	0	2	0	1	1	0	1	2	0	0	3	2	1	1	0	1	2	2	3	5	5	4	5	6	1	6	10	1	3	5	3	1	0	3	3	2	7	7	2	1	5	4	5	0	0	5	4	4	3	9	12	6	4	4	1	1	0	0	1	2	0	0	0	0	1	0	1	0	0	2	0	1	2	1	2	2	4	1	2	3	1	0	0	0	1	1	0	2	2	2	1	4	1	3	1	0	0	1	0	3	1	1	2	1	0	1	1	1	1	1	0	1	1	0	1	1	2	1	2	2	0	4	1	0	0	0	0	0	3	1	1	2	1	1	1	0	1	0	0	1	1	1	2	1	2	3	2	1	1	0	1	0	1	0	1	0	1	1	1	1	0	1	2	2	0	1	0	1	0	0	0
0	0	0	0	0	0	0	0	1	1	1	0	0	0	0	0	0	0	0	0	1	4	0	0	0	0	1	1	0	0	1	1	0	1	0	1	0	1	1	0	2	1	0	0	0	2	0	0	0	0	1	2	0	2	1	0	0	1	0	1	0	0	0	0	0	0	0	0	0	0	0	0	0	0	1	0	0	0	0	0	0	0	0	0	0	1	0	0	2	2	0	0	0	0	0	0	0	0	0	3	2	1	2	0	0	2	2	1	1	0	2	3	1	1	0	1	0	1	1	0	1	1	1	0	0	1	1	0	1	4	2	3	3	3	6	3	3	1	1	3	1	0	0	1	2	3	3	1	5	5	16	11	15	9	4	4	1	1	0	0	1	3	1	2	1	1	1	0	2	1	0	0	0	1	2	2	2	2	0	1	1	2	4	1	0	0	1	4	2	2	0	1	1	3	3	4	3	3	1	3	1	1	1	5	8	8	12	12	35	26	14	10	9	17	0	52	11	3	7	8	6	6	4	5	2	4	1	0	1	4	2	3	7	9	6	44	5	4	9	2	1	10	7	5	0	3	3	0	1	2	2	1	0	3	8	5	0	1	1	0	2	2	2	4	0	0	0	2	4	2	7	2	3	8	6	14	6	9	2	4	2	3	11	8	4	5	2	1	0	0	4	1	2	8	3	8	3	5	2	5	2	4	10	23	9	17	47	7	3	2	2	3	0	0	0	2	0	0	1	0	1	0	0	0	1	1	1	2	1	2	0	3	3	2	2	0	2	0	1	1	1	0	4	1	0	2	1	4	3	0	3	0	0	0	0	1	1	2	0	2	2	1	2	0	0	1	1	0	1	1	0	0	0	5	2	2	2	1	2	0	1	0	0	0	0	2	1	1	1	2	1	0	0	1	3	1	3	2	2	0	1	0	2	2	1	1	1	0	1	0	0	0	1	1	1	0	0	2	0	2	1	0	1	1	1	0	0	0
0	0	0	0	0	0	0	0	1	0	0	0	2	1	0	0	1	0	2	2	1	0	2	1	1	2	0	1	0	0	0	0	0	1	0	1	0	0	0	1	0	1	0	1	1	2	1	1	1	1	1	1	1	0	1	0	0	0	0	1	0	0	0	1	1	1	0	0	0	0	0	0	1	0	0	0	0	0	1	0	0	0	1	0	1	0	0	0	0	1	1	1	1	2	1	0	0	1	0	2	0	0	3	0	0	0	1	1	1	0	1	0	2	0	1	0	0	1	1	0	0	0	1	1	1	2	1	0	3	2	5	2	2	3	2	2	1	4	1	6	3	0	2	3	2	2	3	4	0	2	4	6	11	11	4	3	0	0	2	4	4	5	1	0	1	2	2	0	0	2	1	1	2	2	0	1	2	0	2	1	0	3	2	5	1	1	1	0	2	2	1	2	2	0	3	5	1	1	2	1	3	3	0	1	4	2	5	10	45	33	8	8	6	14	52	0	25	7	6	11	2	6	14	12	5	7	5	2	3	3	1	4	16	4	3	12	6	7	4	4	4	6	5	1	0	1	1	3	0	1	1	0	0	2	5	2	1	0	0	1	0	0	2	0	0	1	1	0	0	1	3	0	1	5	3	4	9	4	5	1	3	4	5	4	2	4	2	0	0	0	3	1	1	5	4	2	1	1	0	3	0	2	2	16	4	18	6	8	1	1	0	8	0	0	0	0	0	1	2	0	0	0	0	1	1	1	0	0	0	0	1	4	2	1	1	4	4	1	1	2	0	1	0	2	2	1	4	1	1	1	1	1	0	0	0	0	1	1	0	1	1	1	2	1	2	2	0	3	3	1	0	1	0	0	0	1	3	1	0	1	0	0	0	0	0	0	0	4	2	1	0	0	0	0	3	1	1	0	1	1	1	1	2	0	0	2	1	0	1	0	1	1	0	1	0	0	0	0	1	2	1	1	1	0	1	0	0	0
0	0	0	0	0	0	0	0	0	0	0	0	1	0	0	1	1	0	0	1	0	1	2	2	2	2	0	0	2	1	0	0	0	0	0	0	0	0	0	0	1	0	0	0	0	0	2	0	1	3	0	0	0	0	1	0	1	1	0	0	0	0	1	1	1	0	1	1	0	0	0	0	0	0	0	0	0	0	1	0	0	0	0	0	0	1	1	0	0	1	0	0	0	1	1	0	0	0	0	1	1	5	0	0	0	0	0	1	2	0	1	0	2	0	0	2	1	0	2	2	1	1	0	1	0	0	0	0	3	2	3	11	5	4	10	5	3	4	2	2	3	0	2	3	6	5	7	4	5	12	14	8	11	11	15	12	5	2	2	2	2	2	5	3	0	3	1	1	1	0	1	0	1	1	2	4	5	1	1	1	0	1	4	2	0	0	2	1	1	1	1	2	1	0	2	2	1	1	0	0	2	6	4	3	3	2	3	16	44	30	3	12	10	16	11	25	0	15	13	17	6	6	21	11	11	7	2	1	8	6	7	17	114	5	5	9	5	2	2	4	1	4	4	2	1	0	2	1	1	1	0	1	2	2	1	0	3	0	0	0	0	2	0	1	1	2	0	0	2	1	1	1	2	1	0	7	2	1	5	2	3	5	2	4	0	1	4	0	1	1	1	0	0	3	3	1	4	3	5	3	0	1	1	13	7	6	11	10	2	2	0	1	0	0	0	0	0	1	2	0	0	1	0	1	1	0	0	0	0	0	0	1	2	0	3	0	1	0	0	0	0	1	1	3	0	1	4	2	2	0	2	0	0	0	1	1	1	0	2	1	2	2	1	0	1	0	1	2	0	0	0	0	0	1	1	2	0	1	1	0	0	1	2	1	1	1	1	0	0	0	1	1	0	0	0	0	1	0	0	1	1	1	4	0	2	0	0	0	0	0	0	0	0	0	0	0	0	0	0	0	1	1	0	0	1	0	0	0
0	0	0	0	0	0	0	0	0	1	1	0	0	1	0	1	2	0	0	2	0	1	2	1	2	1	1	0	0	0	0	1	1	0	1	0	0	1	1	0	1	0	0	1	2	2	2	2	5	0	0	0	1	0	0	0	0	0	0	0	0	1	2	1	0	2	1	1	0	0	1	0	0	0	0	0	0	1	0	1	0	2	0	0	0	1	0	0	1	0	0	1	2	3	3	0	1	0	1	2	5	2	3	3	1	0	2	1	3	3	1	1	1	2	0	2	2	3	1	0	0	0	2	3	1	0	1	1	3	3	10	39	9	4	13	3	3	2	1	2	1	1	0	1	1	9	3	6	6	2	9	4	2	11	48	15	14	7	1	3	6	5	3	4	2	3	7	4	2	3	1	0	3	7	6	2	4	5	1	1	0	3	5	2	2	1	2	3	1	2	2	1	1	1	0	2	3	1	1	3	1	0	2	6	0	2	9	10	12	3	2	11	10	7	3	7	15	0	90	4	2	2	10	2	3	1	4	3	6	11	14	14	22	8	12	0	2	2	1	0	1	2	0	2	1	0	0	0	0	0	2	1	0	2	0	0	0	1	0	0	0	2	1	2	0	1	1	0	0	0	1	0	0	2	1	4	0	2	3	1	6	1	0	5	2	2	0	2	0	3	2	1	1	0	1	1	0	3	2	1	2	2	2	4	1	4	1	4	2	0	2	2	2	5	0	1	0	1	0	0	0	0	0	0	1	1	1	0	1	1	1	1	1	0	3	1	0	0	0	0	0	0	0	0	0	0	3	1	0	1	0	1	0	1	1	0	1	1	1	1	1	1	1	0	1	0	0	0	0	0	0	0	0	0	0	0	3	1	1	0	2	1	1	4	0	0	0	2	0	0	0	0	0	0	0	0	0	1	2	0	1	0	0	0	0	0	0	1	0	0	1	0	0	0	0	1	1	0	0	0	1	1	0	0	0	1	0	0
0	0	0	0	0	0	0	0	0	0	1	2	0	0	0	0	3	0	0	0	2	2	1	1	0	0	0	0	1	0	2	0	2	0	1	0	0	0	0	0	0	1	0	2	2	4	1	2	2	0	2	1	0	2	2	0	1	0	0	0	1	0	0	0	1	1	0	1	0	0	0	0	0	1	0	0	0	0	0	0	2	0	0	1	0	2	2	1	0	0	1	0	1	0	1	0	0	1	2	1	2	0	2	0	0	1	2	2	3	0	0	1	0	2	3	0	0	2	0	1	0	1	1	3	4	3	2	0	4	6	7	38	21	11	10	5	2	4	1	3	1	2	0	0	1	5	3	4	5	7	4	1	4	1	21	9	7	5	0	6	3	3	1	2	2	3	1	2	0	2	0	1	2	5	10	3	3	3	2	1	2	4	2	1	2	0	1	0	0	1	0	1	1	2	1	1	0	0	1	0	1	2	2	7	7	2	8	16	23	12	8	25	14	14	7	6	13	90	0	4	4	2	10	5	5	2	1	4	2	6	10	9	20	39	26	4	1	2	2	0	0	3	2	1	2	0	0	2	3	2	2	0	3	7	2	1	0	1	1	0	2	1	2	1	0	0	1	0	2	0	1	1	2	2	2	3	3	2	0	0	0	2	3	6	1	1	1	0	1	0	4	0	1	2	3	3	2	0	1	5	0	2	5	4	1	5	2	6	1	6	5	3	4	2	1	0	2	2	3	0	0	1	0	0	1	2	2	1	0	1	0	0	1	0	1	1	0	1	1	0	0	0	0	1	1	0	1	1	1	0	2	1	0	0	0	0	0	0	1	1	0	2	1	0	0	0	0	0	2	1	0	1	0	2	0	2	0	1	1	0	1	1	0	1	2	0	1	3	1	0	0	0	0	0	1	0	0	1	1	3	0	1	1	1	0	0	1	1	0	0	0	0	1	0	0	1	0	0	1	3	2	0	0	0	0	0	0	0
0	0	0	0	0	0	0	0	0	0	2	0	0	0	1	1	0	2	0	1	0	1	3	2	0	1	0	2	3	0	1	0	1	1	2	1	0	0	0	0	0	0	0	1	0	1	1	3	2	1	0	0	0	1	0	1	0	0	0	0	0	0	1	1	0	1	1	1	0	0	0	1	0	0	0	0	0	1	0	0	3	1	0	1	0	1	0	0	0	0	0	2	2	0	1	0	0	1	1	2	1	0	2	1	0	0	0	1	1	1	2	1	2	1	0	0	1	0	2	2	1	3	0	0	1	1	0	2	0	1	1	2	2	1	3	25	8	18	7	9	8	1	2	3	5	9	3	2	3	14	11	9	5	16	4	13	5	2	1	3	3	1	4	0	3	1	5	1	2	2	2	0	0	2	1	0	2	2	1	4	3	2	7	2	4	3	1	3	8	3	1	1	4	0	1	0	2	2	1	4	3	3	4	3	1	0	7	7	8	8	6	1	7	8	8	11	17	4	4	0	14	24	233	15	25	36	11	10	22	9	7	31	19	7	5	4	2	0	1	2	1	4	1	0	1	3	0	2	2	1	0	0	1	0	1	1	0	0	2	0	3	0	2	0	1	0	0	0	0	2	1	1	0	4	0	2	3	4	6	4	4	2	5	4	0	2	1	1	1	2	2	1	1	3	3	2	0	2	3	2	1	1	3	2	2	1	2	1	2	1	1	2	0	0	0	0	0	0	1	1	0	0	0	0	0	1	0	1	0	1	2	0	2	1	0	0	2	0	0	0	0	1	0	0	0	0	1	2	2	0	0	0	0	2	0	1	0	0	0	2	1	2	1	1	0	1	1	0	0	0	3	1	0	1	1	0	0	0	0	0	0	2	0	1	1	0	2	0	0	0	0	1	0	0	1	0	0	1	0	0	1	0	0	1	0	0	0	0	0	2	0	0	0	0	3	0	0	1	0	2	0	0	0	0	0	1	0	0
0	0	0	0	0	0	0	0	1	2	0	0	0	1	0	1	0	0	0	0	1	1	1	1	2	0	1	1	0	1	0	0	0	0	1	1	0	0	0	0	0	0	0	0	0	0	2	2	3	0	2	0	3	1	0	2	0	0	1	0	1	1	1	1	0	0	1	1	1	0	0	1	0	0	0	0	0	0	0	0	1	0	0	1	0	0	0	1	0	0	1	1	0	1	0	0	1	1	0	1	0	0	0	0	0	0	3	0	1	0	0	0	3	0	0	0	1	2	0	0	0	0	0	0	0	0	0	0	0	0	0	1	1	2	3	9	4	11	12	12	6	5	1	4	2	4	3	5	4	9	8	9	12	18	2	3	4	3	2	0	1	3	1	0	3	0	0	2	2	2	0	1	0	0	2	0	0	2	0	0	0	1	4	3	0	0	3	4	5	2	2	3	1	1	0	3	3	2	3	1	2	0	1	2	1	1	4	5	1	6	3	4	4	2	6	2	6	2	4	14	0	91	16	11	13	12	4	5	2	4	2	5	8	1	5	3	9	5	6	5	3	7	5	1	2	4	1	2	0	1	1	0	2	3	6	3	3	2	2	0	0	1	0	1	1	1	1	0	1	2	0	1	1	0	0	4	2	1	4	8	4	2	0	2	0	1	3	2	2	0	2	0	0	2	2	0	1	0	1	1	0	1	0	4	2	2	4	2	1	0	1	0	0	0	0	2	1	1	1	0	0	0	0	0	0	0	0	0	0	0	1	3	0	0	1	0	0	1	0	1	1	0	1	0	0	1	3	4	2	0	1	0	1	1	1	0	1	2	4	6	5	0	1	1	0	1	1	0	0	0	0	0	0	0	1	1	2	1	0	1	0	1	0	1	1	2	1	1	4	1	1	0	0	0	2	1	1	1	1	0	0	0	0	1	0	0	0	1	0	1	1	0	0	0	0	0	3	0	0	0	2	0	0	0	0	2	0	0
0	0	0	0	0	0	0	0	0	0	2	0	1	1	1	1	1	1	0	2	1	1	0	2	0	0	0	0	2	0	2	4	0	1	1	1	0	0	0	0	2	0	0	0	1	0	0	0	0	1	1	0	0	0	0	1	2	1	1	0	0	0	1	0	1	0	0	0	0	0	0	0	0	0	0	0	0	1	0	0	0	0	1	0	2	1	0	0	0	0	1	0	0	0	1	0	1	0	0	1	2	0	1	1	0	0	2	2	0	0	0	2	0	1	0	0	0	0	0	0	0	0	2	2	2	0	0	2	0	2	1	3	2	3	1	15	6	14	12	18	10	3	5	4	2	6	6	5	5	5	10	8	9	11	6	5	4	3	3	1	4	2	1	0	1	2	1	0	1	0	1	0	1	2	0	4	1	1	2	0	0	2	1	2	4	4	2	4	4	2	1	2	3	1	0	4	2	1	1	2	9	4	0	0	1	3	0	3	2	6	2	4	3	4	6	6	6	2	2	24	91	0	21	19	25	27	2	9	6	3	5	10	5	0	2	3	8	4	5	3	1	3	2	1	0	1	3	1	0	0	0	3	0	0	3	2	0	0	0	1	0	2	2	2	1	0	2	0	2	0	1	3	1	1	1	2	1	1	4	5	4	3	2	1	0	1	2	1	1	0	0	0	1	6	3	3	1	3	0	2	0	2	0	1	1	3	4	2	2	1	1	0	0	1	1	0	0	0	0	2	0	0	1	1	0	1	2	0	0	1	0	0	0	1	0	0	2	1	1	0	1	0	0	1	0	1	0	0	6	0	0	0	0	0	0	0	1	1	3	4	1	1	3	1	0	1	0	0	1	1	0	0	0	1	1	1	1	0	0	0	0	0	0	0	1	1	2	1	1	0	0	0	0	0	0	2	0	1	2	3	0	1	0	1	0	0	1	0	0	1	1	0	1	0	1	0	0	1	0	2	0	0	1	0	0	0	0	0
0	0	0	0	0	0	0	0	0	0	0	0	1	1	0	1	1	2	0	0	3	0	0	0	2	2	0	0	1	1	0	1	0	0	1	0	1	0	2	0	0	0	0	2	3	0	1	0	0	2	3	1	1	1	0	0	0	0	0	0	1	0	1	0	0	2	1	0	1	0	0	0	0	0	0	0	0	1	0	0	0	1	0	0	1	1	1	1	1	0	0	0	0	0	0	1	0	1	1	0	0	0	0	2	0	0	0	2	1	1	0	0	1	2	1	0	2	0	1	0	0	1	1	2	2	1	2	0	3	0	3	4	1	6	5	15	11	6	4	5	2	4	2	3	9	4	7	6	6	7	5	9	9	20	9	17	7	5	3	0	2	2	3	2	2	2	3	1	1	1	1	1	1	2	2	4	1	6	1	1	2	7	4	5	1	1	3	2	6	2	4	1	0	1	1	4	2	1	1	2	3	3	3	3	3	3	4	11	7	16	5	6	7	10	4	14	21	10	10	233	16	21	0	15	30	21	8	6	10	10	8	25	31	3	0	3	2	1	2	4	0	6	0	1	1	1	1	2	0	0	1	1	2	3	1	1	1	0	0	0	3	0	3	2	0	1	0	0	2	1	3	1	1	1	2	2	3	3	2	9	1	0	4	0	1	1	0	2	1	1	0	1	1	2	2	2	2	1	2	3	1	1	1	1	4	7	1	1	2	0	0	0	0	1	1	1	1	0	2	1	1	0	0	0	0	0	0	0	1	0	2	1	1	2	0	1	0	1	1	1	0	0	0	1	2	0	1	3	1	0	1	0	0	0	2	0	2	0	2	3	1	2	3	1	1	0	1	0	1	0	0	0	2	1	1	0	1	0	0	0	1	1	0	0	1	0	1	1	0	0	0	1	0	0	1	1	0	0	0	0	1	1	2	0	0	1	0	1	0	0	0	0	0	0	0	1	0	1	1	1	1	0	1	1	1	1	0	0
0	0	0	0	0	0	0	0	2	2	0	0	1	0	0	0	0	1	1	0	5	0	1	1	0	0	2	1	1	1	0	0	0	2	0	0	0	0	0	1	1	0	1	0	1	0	0	0	1	1	0	0	1	0	2	0	0	0	0	0	1	0	0	1	1	0	1	0	1	0	0	0	0	0	0	0	0	0	0	1	0	0	0	0	1	1	0	0	0	1	1	0	2	0	0	2	0	1	1	1	2	2	0	0	0	1	1	1	2	2	0	0	0	1	0	0	0	0	2	1	0	0	0	0	1	0	0	0	1	1	1	1	3	0	1	7	2	1	4	6	1	2	3	1	1	5	3	2	2	1	9	6	5	7	4	4	2	2	0	3	4	2	4	3	2	1	1	2	0	0	2	1	0	1	4	2	0	0	1	1	2	0	1	1	0	3	1	2	3	1	1	0	1	2	2	2	0	0	0	2	1	1	1	2	2	4	2	2	9	7	4	1	2	3	5	12	11	2	5	15	11	19	15	0	68	12	6	3	4	1	2	6	11	2	0	6	2	4	4	3	4	5	4	0	2	0	1	2	0	1	1	0	0	1	1	2	0	1	2	0	3	0	0	1	1	0	0	1	0	0	0	1	0	2	1	2	1	0	4	1	1	4	6	1	0	0	1	0	2	3	2	1	2	2	3	3	0	2	0	5	1	0	0	3	3	11	5	3	2	0	1	0	0	0	0	1	0	0	0	1	0	2	0	1	0	0	1	0	1	0	2	0	1	0	1	2	1	1	0	0	1	1	1	0	0	1	1	4	2	2	1	0	0	1	0	0	1	1	0	2	1	1	1	1	0	1	3	1	1	0	0	1	0	1	0	0	0	0	3	1	0	0	0	0	0	0	2	2	0	0	1	0	0	2	0	0	0	1	1	1	1	0	0	4	0	0	0	1	0	0	0	1	0	2	0	1	0	0	0	1	2	0	0	0	0	0	0	0
0	0	0	0	0	0	0	0	1	0	1	0	0	0	1	0	1	1	0	3	1	2	4	0	5	1	2	3	0	0	0	0	0	0	2	1	0	0	0	0	0	1	0	0	3	1	1	1	0	0	1	3	0	1	0	0	0	0	0	0	1	1	0	0	0	0	0	1	1	0	0	0	0	0	0	0	0	0	0	0	0	1	0	0	1	0	0	0	2	0	1	2	1	0	2	2	0	2	2	0	0	2	2	0	1	0	1	0	0	0	1	0	0	0	0	1	2	0	0	0	0	1	1	1	4	0	0	1	0	2	1	2	2	0	2	8	7	7	9	18	3	4	1	4	4	1	8	0	2	6	3	2	5	7	5	6	4	3	1	1	0	1	3	1	0	0	0	2	0	0	0	1	1	1	1	0	1	0	0	2	0	0	2	1	1	0	2	4	0	0	1	0	0	2	1	0	1	2	0	1	2	3	1	1	1	2	3	2	7	5	1	4	0	3	2	5	11	3	5	25	13	25	30	68	0	24	10	5	10	3	4	3	8	3	3	6	1	3	4	4	2	0	3	1	1	1	1	3	1	0	1	0	2	0	0	1	2	0	0	0	2	0	0	0	0	3	0	0	0	1	3	2	0	2	1	3	2	5	3	5	4	1	1	4	2	3	0	0	0	0	0	0	2	2	0	1	0	2	1	2	0	1	1	1	3	3	6	5	2	5	0	1	1	0	1	0	1	0	1	0	0	0	1	0	2	1	3	0	0	0	0	1	0	1	0	1	0	2	0	0	0	0	0	0	0	0	1	3	3	1	1	0	1	1	0	1	0	0	2	3	4	1	2	1	1	2	0	1	1	0	0	0	1	2	2	3	3	0	0	0	0	0	0	2	1	3	0	1	0	0	1	0	0	0	1	1	1	0	1	1	0	1	1	1	0	0	0	1	1	1	0	1	0	0	1	1	1	0	1	0	0	0	0	0	0	0	0	0
0	0	0	0	0	0	0	0	0	1	0	1	0	0	0	0	1	1	1	2	4	1	2	1	0	1	2	0	1	0	1	0	0	0	1	0	0	0	0	0	1	0	1	1	1	0	0	1	1	2	1	0	0	1	1	1	0	0	0	0	0	0	1	0	0	1	0	0	0	0	0	0	0	0	0	0	0	0	1	0	1	1	0	0	1	2	0	0	0	1	0	2	1	0	1	1	1	2	2	0	0	0	3	1	1	1	1	1	1	4	1	1	0	0	1	0	0	0	1	0	0	0	0	2	1	1	1	0	0	0	3	4	2	0	4	10	8	10	7	26	6	5	5	3	8	6	5	2	0	4	3	2	3	7	7	8	5	5	4	5	2	1	0	1	2	0	1	0	0	0	1	0	0	2	0	1	3	3	2	2	1	3	5	1	4	0	3	4	7	1	2	0	2	0	2	1	0	1	1	1	3	2	2	2	4	1	2	3	2	5	1	0	1	2	4	7	7	1	2	36	12	27	21	12	24	0	22	14	27	10	3	9	8	3	2	2	1	3	2	2	1	2	5	1	2	1	2	3	0	1	0	0	0	0	1	2	0	0	1	0	2	0	0	0	0	2	0	1	1	1	1	0	0	4	0	0	2	2	1	1	1	0	3	4	0	0	2	1	0	0	2	1	0	1	0	2	1	2	1	2	1	0	1	2	0	2	2	2	2	1	1	2	1	0	2	0	1	1	0	0	2	0	0	1	0	1	1	0	1	0	0	0	2	0	1	0	2	0	2	0	0	0	0	0	2	2	0	5	1	0	0	0	0	0	0	0	0	0	1	2	0	0	1	0	0	1	0	0	1	0	0	0	0	0	2	0	1	0	2	0	1	0	2	1	0	0	1	0	0	0	0	0	0	0	0	0	1	0	1	0	1	3	1	0	1	0	0	0	0	0	0	0	0	0	3	0	2	0	2	0	1	1	0	1	0	0	0	0
0	0	0	0	0	0	0	0	2	3	1	0	1	0	1	0	1	1	2	1	2	5	5	2	3	1	0	2	1	1	1	0	1	0	0	1	0	2	0	0	2	1	0	0	2	1	2	4	0	0	0	0	0	0	0	1	3	1	0	0	0	0	0	0	1	1	1	1	0	0	0	0	0	0	1	0	0	0	1	0	1	2	0	1	0	0	0	0	3	1	2	0	2	1	2	4	2	1	1	0	1	3	2	2	1	0	4	1	4	2	2	3	2	2	3	2	0	0	0	0	0	1	0	1	0	0	0	0	2	1	1	2	2	4	8	12	6	4	1	10	4	2	3	21	18	6	9	6	2	4	4	2	0	4	3	9	5	4	7	6	0	0	3	0	0	3	2	4	3	0	2	1	1	7	1	3	2	2	3	5	1	6	9	8	2	2	16	1	4	0	0	1	3	2	1	1	2	2	0	1	3	2	0	2	3	4	1	2	1	4	4	1	5	0	1	5	2	4	1	11	4	2	8	6	10	22	0	104	47	7	5	4	4	1	3	2	0	1	0	0	1	1	0	1	0	0	4	1	0	0	1	1	1	1	2	1	1	1	1	0	0	0	0	0	0	1	1	0	3	1	0	1	1	2	0	0	3	0	2	0	4	1	3	3	0	1	0	0	1	0	0	2	0	0	0	0	1	0	1	1	1	1	0	0	0	1	2	0	1	0	0	1	1	0	1	0	2	0	0	1	1	0	0	1	0	0	1	3	0	1	0	0	1	1	1	1	0	1	1	0	0	0	0	0	0	0	1	0	1	0	1	1	2	2	0	1	0	2	3	1	3	1	0	0	0	1	0	1	0	0	0	0	0	0	1	0	1	0	0	1	0	1	0	2	1	0	0	0	1	0	0	0	0	0	1	0	0	2	0	1	0	0	0	0	1	1	0	0	0	0	0	0	1	0	0	1	1	0	0	2	1	0	0	0	0	0	0	0
0	0	0	0	0	0	0	0	3	0	1	1	0	1	1	1	2	2	1	3	3	0	2	1	2	1	1	3	0	0	0	0	0	1	1	0	0	0	0	0	0	2	0	0	0	1	0	2	1	0	1	0	0	0	1	1	0	0	1	0	1	1	1	2	1	1	0	1	1	1	1	1	0	0	0	0	0	1	0	1	1	0	0	0	0	0	0	1	0	1	3	0	1	3	3	0	0	2	1	0	7	2	3	1	0	2	2	1	0	5	3	3	3	2	1	0	1	1	1	0	1	1	2	0	2	1	2	2	1	0	2	1	1	3	2	9	5	4	6	15	5	3	3	12	13	3	4	5	2	1	2	3	4	1	6	3	5	6	7	8	2	4	1	2	0	2	1	2	1	0	0	1	2	4	2	4	2	4	5	5	2	5	7	17	2	4	8	1	2	3	2	2	0	0	2	1	1	0	0	1	2	1	0	0	1	1	2	1	0	3	2	0	3	3	0	2	1	3	4	10	5	9	6	3	5	14	104	0	20	2	6	8	2	0	1	3	2	1	1	0	2	1	1	0	0	0	1	1	1	2	0	0	1	4	2	1	0	0	1	0	0	0	0	0	0	0	0	0	0	1	1	0	1	1	1	0	0	1	2	0	1	1	1	0	0	1	0	0	0	0	0	1	0	0	1	1	1	1	0	1	0	0	3	0	0	0	1	1	0	0	0	0	0	2	2	0	0	0	2	0	0	1	0	1	0	0	0	0	0	0	0	1	1	0	0	0	1	0	1	0	1	0	0	1	0	1	2	0	0	1	2	0	0	0	0	0	0	0	0	2	2	2	2	0	0	0	0	1	0	0	0	0	0	0	0	0	0	0	0	0	2	1	1	0	0	0	1	0	0	1	0	0	0	0	0	1	0	0	0	1	0	2	0	1	0	0	1	0	0	0	1	0	0	1	0	1	0	1	0	1	2	0	0	0	0	0	0	0
0	0	0	0	0	0	0	0	1	2	0	0	1	0	1	1	0	1	0	0	2	3	1	2	1	1	0	0	0	1	0	1	0	0	0	0	1	0	0	2	2	0	0	1	3	0	0	1	2	0	0	1	0	0	0	0	1	1	0	2	0	2	1	0	1	0	1	1	1	1	0	0	0	0	0	0	1	0	0	0	0	0	0	0	0	0	0	0	0	3	0	2	0	0	1	0	0	0	1	4	1	2	2	0	3	1	1	2	6	1	0	4	0	0	1	1	0	4	2	1	0	0	0	0	2	3	1	0	1	3	4	2	4	3	4	26	12	2	6	5	5	4	5	9	16	10	16	1	5	4	3	4	0	3	5	17	12	12	13	8	3	2	1	5	1	3	6	0	1	1	0	1	2	3	3	2	5	4	3	5	2	2	13	6	2	6	1	3	3	1	1	2	1	1	2	0	2	1	0	2	5	2	2	1	1	3	6	4	5	2	3	4	5	1	1	3	8	6	2	22	2	6	10	4	10	27	47	20	0	23	10	14	11	0	2	1	0	0	0	0	2	0	1	1	0	0	1	1	1	1	1	0	0	1	2	0	1	0	1	0	0	0	0	1	1	0	0	0	0	0	1	1	0	1	1	1	2	5	0	2	3	5	2	2	0	0	1	1	0	1	2	0	0	2	2	0	0	1	1	5	1	2	1	1	1	1	2	1	1	1	1	1	0	2	2	0	0	0	0	0	0	0	0	0	0	0	0	1	1	0	0	0	0	2	1	0	2	0	0	0	0	1	1	0	0	0	0	0	1	0	0	1	0	0	0	0	0	0	0	0	1	0	0	0	0	0	0	0	0	1	0	1	0	2	0	0	0	1	0	0	0	1	1	0	1	1	1	0	0	0	0	0	1	0	1	0	0	0	0	0	3	0	0	1	1	1	0	0	0	0	1	1	0	0	0	0	0	0	0	1	0	0	0	0	0	0	0	0
0	0	0	0	0	0	0	0	1	2	0	1	0	0	0	0	2	1	1	1	2	1	1	1	1	1	1	2	1	2	1	0	2	1	0	0	1	2	0	2	0	1	2	0	2	2	8	2	1	2	1	5	0	4	0	0	3	1	2	0	1	3	0	0	2	0	0	0	0	0	0	0	0	0	0	0	0	0	0	1	1	0	0	3	0	0	2	2	0	0	2	1	1	0	3	2	0	2	2	1	1	6	3	2	2	2	1	4	6	2	3	2	3	0	3	0	0	2	1	0	0	0	1	3	1	2	0	4	7	5	10	15	7	9	54	23	9	5	3	4	3	3	3	4	9	26	28	19	9	11	4	9	4	5	10	16	14	22	7	10	6	8	4	4	4	2	8	2	2	1	1	3	3	12	7	6	8	11	4	3	3	9	11	7	2	2	5	6	2	1	4	1	3	0	0	3	2	0	2	3	5	3	5	6	0	5	7	8	6	2	0	1	10	5	4	3	6	11	6	9	4	3	10	1	3	10	7	2	23	0	243	22	10	3	5	2	0	1	1	2	0	0	2	2	0	0	1	0	0	0	2	1	1	6	2	1	0	0	0	0	1	1	1	0	0	0	1	1	1	0	2	2	2	1	3	3	2	1	1	1	5	3	2	0	0	1	0	0	2	1	0	0	2	0	1	1	0	0	1	0	1	0	2	1	0	1	3	1	0	4	1	0	0	3	2	1	1	1	0	1	2	0	0	0	1	0	1	0	0	0	0	2	0	0	0	0	1	0	1	1	0	0	1	0	0	1	0	2	0	0	0	0	1	0	0	0	2	0	2	2	1	0	0	0	0	1	0	0	1	0	2	1	0	0	0	0	2	0	1	0	0	1	1	0	1	0	0	1	0	0	1	0	0	0	0	1	0	0	0	0	0	0	3	0	0	0	0	0	0	0	1	0	0	1	2	0	0	1	0	1	0	0	0	0	0	1	0	0
0	0	0	0	0	0	0	0	1	0	1	1	0	0	1	0	0	0	1	3	6	3	2	1	2	1	1	0	2	4	2	1	1	2	2	1	1	1	1	0	0	1	0	0	1	1	2	4	1	3	2	1	0	2	0	0	1	1	0	0	0	1	0	0	0	1	2	1	1	0	1	1	0	0	0	0	1	0	1	0	1	1	0	0	0	1	0	1	0	1	4	1	0	3	1	1	0	1	5	1	7	4	5	4	3	3	1	1	2	1	3	0	2	1	1	1	3	4	3	1	1	0	3	1	0	1	1	1	3	3	12	13	8	5	37	20	13	5	1	5	1	1	1	1	5	18	15	11	4	5	4	4	1	5	13	19	26	29	6	6	1	5	1	5	3	8	7	4	0	2	0	3	6	16	12	3	4	5	1	1	6	6	8	4	0	6	5	1	0	1	2	0	1	1	5	2	1	1	0	2	0	3	1	3	1	4	11	5	9	2	2	6	17	8	2	1	7	14	10	7	2	5	8	2	4	3	5	6	10	243	0	32	13	3	5	5	1	2	2	1	1	1	1	1	1	1	1	0	1	2	0	0	0	2	3	3	1	0	1	1	0	1	1	1	1	1	1	2	0	1	2	1	0	1	1	2	1	2	1	1	1	1	5	0	1	0	1	1	1	0	2	0	0	1	2	2	0	0	0	2	0	0	1	2	0	1	1	3	2	4	0	0	0	2	1	1	0	1	0	0	2	0	0	1	2	0	0	0	0	0	0	0	0	0	0	1	0	0	1	0	0	0	0	0	0	1	1	2	1	0	0	0	0	0	3	0	0	1	1	2	0	2	0	1	0	0	0	0	1	0	1	0	0	0	1	1	0	1	2	2	0	0	0	1	2	0	0	1	1	2	0	1	0	0	0	0	3	0	0	2	0	0	0	0	0	1	1	1	0	1	0	1	0	0	0	0	2	1	0	0	1	0	0	1	1	0	0	0
0	0	0	0	0	0	0	0	0	0	2	1	0	2	2	0	0	2	0	1	5	3	4	5	2	1	0	2	0	0	1	1	1	1	0	0	0	0	0	0	0	1	1	0	1	0	4	4	3	2	1	0	1	0	3	1	1	0	0	0	0	0	2	1	2	0	1	0	0	1	0	0	1	0	0	0	0	0	0	0	1	0	0	1	0	0	1	1	0	1	4	2	0	0	0	0	0	0	3	1	2	2	1	1	1	1	2	0	3	2	3	1	5	0	1	0	1	1	1	0	3	2	1	3	0	1	3	1	1	4	5	8	10	4	22	62	15	7	2	9	2	2	3	4	5	10	8	12	13	15	12	8	7	16	13	14	10	7	4	3	5	7	2	1	3	4	5	3	3	2	0	2	0	5	7	6	4	5	3	2	2	2	6	1	1	1	2	4	7	1	2	2	0	1	0	5	4	0	0	2	4	7	5	4	5	3	6	16	5	5	5	2	15	15	3	4	17	14	9	31	5	10	25	6	3	9	4	8	14	22	32	0	25	4	4	6	2	3	2	3	5	2	1	1	0	1	1	2	3	1	1	1	3	2	1	1	0	0	0	1	2	0	1	0	0	2	0	0	0	0	2	0	2	1	0	1	2	4	1	3	1	4	4	2	1	1	2	0	2	0	3	2	0	1	1	0	1	1	2	3	2	0	2	3	2	4	2	4	0	0	0	0	3	0	2	1	0	1	0	3	0	0	1	1	0	0	1	0	0	0	0	1	2	2	0	1	0	0	0	0	0	0	0	0	0	0	1	1	4	0	0	1	0	0	0	0	0	0	0	4	3	2	1	0	0	0	0	1	2	0	0	0	0	2	0	0	1	2	3	2	1	0	1	0	0	1	3	1	1	2	0	2	0	0	1	1	0	3	0	0	0	0	2	1	2	0	0	1	0	1	0	0	0	0	1	0	2	2	0	2	0	0	0	1	0	1	0	0
0	0	0	0	0	0	0	0	0	2	1	0	0	0	1	1	2	0	0	1	0	1	2	2	4	4	2	1	2	1	0	1	0	0	1	1	0	2	0	0	0	1	0	2	0	0	1	0	0	0	3	0	1	0	0	0	2	1	0	0	0	1	0	0	1	0	0	1	0	0	0	0	0	0	0	0	0	0	0	1	1	0	2	0	0	1	0	0	0	0	1	0	2	0	1	1	1	0	1	0	0	0	1	1	0	2	3	0	1	1	1	1	0	1	0	1	1	0	0	1	1	0	2	0	3	0	1	2	1	3	6	10	5	6	12	12	3	6	3	4	4	0	2	2	7	5	8	4	1	9	7	4	5	8	43	33	10	9	1	2	4	1	2	2	1	4	4	2	0	2	1	0	1	2	3	3	2	0	3	3	5	3	5	1	1	4	1	1	3	2	0	0	1	0	3	4	1	0	0	1	2	5	4	2	6	1	10	12	26	14	4	10	11	13	7	16	114	22	20	19	8	5	31	11	8	8	4	2	11	10	13	25	0	9	11	3	1	3	1	2	2	3	1	2	1	1	0	0	2	0	1	2	3	1	3	1	0	2	0	0	0	0	0	1	0	1	2	1	1	1	0	2	2	1	3	2	0	2	2	1	3	1	5	4	3	2	3	1	0	3	3	2	1	2	1	0	1	2	1	6	1	5	3	4	3	7	3	5	2	2	2	4	3	2	1	0	1	0	1	2	0	0	0	0	0	2	1	1	2	0	1	2	1	2	0	1	1	0	0	0	1	0	1	0	0	1	0	1	3	0	1	0	0	0	0	1	1	0	0	0	0	0	1	0	0	0	0	0	1	1	0	0	1	2	1	3	1	1	2	1	3	0	1	1	0	0	2	1	2	1	0	0	0	0	0	0	0	0	0	1	1	1	0	0	1	0	1	1	1	0	1	0	1	0	1	0	0	1	1	0	0	0	0	0	1	0	0	0
0	0	0	0	0	0	0	0	1	1	0	0	0	1	0	1	0	0	0	1	0	1	1	2	2	4	1	1	0	1	0	0	1	1	0	0	0	0	0	0	0	0	0	0	2	0	2	1	0	2	0	1	0	0	1	0	1	1	0	1	0	0	1	0	1	2	1	0	3	0	1	0	1	0	0	0	0	0	0	0	0	1	0	1	1	1	0	1	0	0	2	0	2	0	0	0	0	0	0	3	1	3	0	3	0	0	1	1	0	2	2	0	0	1	2	1	1	0	1	1	0	2	3	3	2	3	3	1	6	7	6	9	14	10	6	1	4	2	2	1	0	1	3	1	1	2	2	2	2	5	1	2	1	5	4	5	5	1	2	2	2	6	4	4	1	7	5	1	1	0	2	0	1	4	2	2	2	2	2	2	1	0	0	0	1	0	0	0	1	1	0	2	1	3	1	2	1	1	0	0	1	1	2	10	8	10	10	8	11	8	21	66	8	10	9	4	5	8	39	7	1	0	3	2	3	3	1	0	0	3	3	4	9	0	76	4	0	2	2	1	1	0	3	2	1	2	0	0	2	0	2	0	4	2	2	2	0	2	0	0	2	0	0	0	0	1	2	1	1	0	0	1	1	2	2	6	1	3	1	2	2	2	1	10	0	1	2	2	3	1	7	3	1	2	8	2	1	2	1	4	2	1	2	4	1	2	2	9	6	4	4	10	1	2	2	0	2	0	2	1	0	2	0	1	0	1	0	4	0	0	1	1	0	1	0	1	0	1	1	0	0	1	1	0	0	0	1	1	3	1	1	1	3	1	0	0	0	2	0	1	0	0	0	1	1	0	2	2	0	1	2	2	2	3	4	5	1	2	2	6	3	1	0	3	0	1	2	1	0	0	0	0	1	0	0	1	1	1	1	1	4	1	1	1	0	0	1	0	0	0	0	1	0	0	1	1	3	1	0	2	1	0	0	1	0	0	0	0
0	0	0	0	0	0	0	0	0	1	0	0	1	1	1	1	1	0	1	0	0	1	2	3	1	0	0	1	0	0	1	0	0	2	0	0	1	1	1	1	0	0	1	0	0	2	3	4	2	5	2	1	1	2	1	1	1	0	0	1	1	0	0	1	0	0	0	1	0	0	0	4	0	0	0	0	0	0	0	0	1	1	0	0	1	0	0	1	1	0	0	0	1	0	1	0	2	0	1	5	0	2	4	0	1	0	3	0	1	0	3	1	1	1	0	0	0	1	2	0	1	3	0	5	3	1	2	2	6	8	6	14	19	13	6	4	4	1	1	0	0	1	2	1	1	3	5	5	5	4	6	3	4	5	6	6	3	5	0	3	5	9	11	8	0	4	5	1	1	1	1	3	2	1	3	5	5	1	0	0	1	3	0	0	1	0	1	0	2	0	0	6	4	2	2	2	2	2	1	1	1	5	4	13	22	11	16	23	2	5	10	30	21	12	6	3	5	12	26	5	5	2	0	0	3	2	3	1	2	5	5	4	11	76	0	6	0	2	2	3	1	1	0	0	1	1	1	1	2	3	2	0	6	2	3	1	1	0	0	1	0	3	1	0	0	1	0	1	2	3	1	1	1	3	3	2	5	3	0	4	5	0	5	4	2	3	5	1	2	3	9	4	2	6	11	3	2	0	5	3	3	0	3	3	4	5	3	8	6	8	10	9	6	3	1	1	1	1	5	5	0	3	0	0	0	0	1	1	0	1	1	1	1	2	1	1	1	1	0	0	2	0	1	2	0	3	1	2	1	2	0	1	1	1	0	0	1	0	0	2	1	0	1	0	0	0	1	1	1	1	0	2	1	2	0	0	2	0	3	0	1	1	2	4	0	1	3	0	5	2	0	0	0	0	1	0	0	1	0	1	1	0	2	1	1	1	0	0	1	0	0	1	0	1	1	2	0	3	1	0	0	2	0	0	0	0	0	0
0	0	0	0	0	0	0	0	0	0	0	1	0	0	0	0	0	0	0	1	1	2	2	2	1	3	0	0	0	0	0	1	0	1	1	0	1	0	0	0	0	0	0	0	1	4	0	0	0	0	1	1	0	0	1	1	3	0	1	0	1	0	1	0	0	0	0	0	1	0	1	0	0	0	2	0	0	0	1	0	0	0	0	0	0	0	0	1	0	0	0	2	0	0	2	0	1	1	1	2	2	3	0	1	0	0	1	2	2	2	1	1	0	0	1	1	1	1	1	0	1	0	0	2	3	0	3	0	3	1	3	1	3	5	0	5	3	2	1	0	2	2	1	3	1	2	1	4	7	6	12	7	26	13	5	2	1	1	0	1	2	4	6	4	1	3	2	0	0	0	1	0	0	1	2	0	0	1	1	0	2	0	1	1	1	0	5	2	2	2	3	3	2	6	1	2	7	4	1	2	2	8	5	12	10	4	6	18	10	9	13	6	11	11	44	12	9	0	4	4	3	3	3	6	6	2	2	3	1	2	5	6	3	4	6	0	4	6	10	5	8	12	3	6	5	1	7	6	0	0	2	2	1	4	12	4	6	0	1	2	4	3	1	1	0	1	1	1	5	1	7	3	4	4	10	23	17	18	1	8	5	13	30	9	5	3	3	0	2	4	4	4	3	3	5	4	1	2	5	6	2	4	3	20	11	7	45	12	4	2	3	0	2	1	0	2	1	1	1	0	2	0	0	0	1	0	1	0	3	1	5	2	0	0	5	4	0	2	2	1	1	1	1	2	0	4	8	6	5	0	0	1	0	0	0	3	0	1	2	1	3	2	2	1	0	1	0	2	1	2	0	4	2	2	1	2	4	0	0	1	4	1	1	0	0	4	3	2	1	4	0	0	2	0	0	0	0	2	1	1	2	1	1	2	1	1	0	1	1	1	0	1	2	2	0	3	3	0	0	2	1	1	0	0	2	0	0	0
0	0	0	0	0	0	0	0	0	1	0	1	1	0	1	0	0	1	2	0	2	1	3	2	2	2	1	1	0	0	0	0	0	0	0	1	0	1	1	0	0	1	1	1	0	0	0	0	0	1	0	1	0	0	1	0	0	0	0	0	0	0	0	1	2	0	0	1	1	0	0	0	0	0	0	0	0	0	0	0	0	0	0	0	0	0	0	0	0	0	0	0	0	0	0	1	1	1	0	1	0	1	1	0	1	1	1	1	0	1	0	0	0	1	0	1	0	0	1	2	0	1	1	1	0	0	0	0	1	1	2	0	1	1	1	2	2	3	4	1	0	0	2	0	5	2	0	1	0	8	10	3	10	3	2	3	2	3	0	0	2	0	0	0	1	2	1	1	1	0	1	2	0	0	1	1	0	0	0	1	0	0	1	0	1	3	0	0	1	1	2	2	3	3	2	8	9	3	4	7	4	3	4	2	4	1	2	2	4	2	0	1	1	2	5	6	5	2	1	2	9	8	2	2	1	1	0	2	0	0	1	2	1	0	0	4	0	243	79	21	57	10	7	6	5	5	17	9	3	1	0	1	0	3	10	4	0	2	1	2	6	5	0	3	1	4	2	3	1	2	2	7	7	3	2	5	3	9	3	7	4	8	5	2	3	0	1	1	1	0	1	3	1	1	5	2	1	2	2	1	0	3	2	4	7	2	3	0	2	0	2	0	0	1	0	1	0	0	0	1	0	0	0	0	1	0	0	2	0	1	0	0	3	0	1	2	1	1	0	0	0	0	1	4	1	0	7	19	48	2	2	1	0	2	0	2	3	2	5	11	13	6	4	2	2	0	0	2	0	2	0	0	1	0	1	0	0	0	0	0	0	1	0	0	1	2	0	3	3	0	0	0	0	0	0	0	1	0	1	0	1	3	0	4	0	1	1	1	1	0	1	0	1	0	1	0	0	1	0	0	2	0	0	1	0	0	0	0
0	0	0	0	0	0	0	0	0	0	0	0	2	0	2	0	0	0	1	0	4	0	2	3	0	2	0	1	0	0	1	0	0	1	3	0	1	0	1	0	0	0	0	0	1	1	1	0	0	1	1	0	3	1	0	0	2	0	0	0	1	1	0	0	0	1	2	2	0	0	0	0	0	1	0	1	1	0	0	0	0	2	1	0	0	0	0	0	0	0	2	1	0	0	1	1	2	1	3	0	0	0	1	0	0	0	0	1	0	1	0	0	0	0	1	0	0	0	1	0	0	0	0	4	1	0	1	0	1	2	2	3	1	1	2	4	1	5	2	2	3	0	1	1	1	1	1	1	2	4	5	6	8	7	1	1	1	3	1	1	0	0	0	0	0	0	1	0	0	0	1	0	1	1	0	0	0	1	1	1	0	2	0	0	1	0	1	1	2	3	0	0	3	1	2	6	3	3	1	3	2	4	2	1	3	0	4	1	2	4	1	2	3	6	4	7	2	2	2	0	5	4	1	4	3	3	1	1	0	1	2	3	3	2	2	6	243	0	23	16	18	18	7	4	2	6	9	6	2	0	1	1	0	5	7	3	1	1	1	1	2	0	0	1	2	1	3	1	2	4	8	2	4	3	3	4	1	9	10	19	8	6	6	1	5	3	2	0	0	1	0	2	1	3	0	1	4	3	2	3	1	3	5	4	3	3	2	2	1	3	0	0	0	1	0	0	0	2	2	0	0	0	2	0	0	2	0	0	1	2	2	2	1	0	3	3	2	0	1	0	0	2	0	1	1	3	4	13	41	1	2	0	1	0	2	0	1	6	4	7	10	3	0	1	4	1	2	2	1	0	2	1	1	0	2	0	2	0	1	0	0	0	1	0	1	1	2	1	0	1	2	1	3	0	0	0	0	0	0	2	2	2	1	1	2	0	0	2	0	0	0	0	0	0	2	0	0	1	0	2	0	1	1	0	0	0	0	0
0	0	0	0	0	0	0	0	0	0	1	0	0	0	0	0	3	0	0	0	1	4	0	0	1	0	0	0	1	0	0	2	0	1	0	0	1	1	0	0	1	1	1	0	1	0	1	2	0	0	1	1	2	1	0	1	2	1	1	0	2	0	0	1	1	0	1	0	0	0	0	0	0	0	0	0	1	0	1	0	0	0	0	0	0	0	0	0	0	0	0	0	0	1	1	2	0	2	0	0	0	0	2	1	1	0	0	0	0	0	1	0	2	1	0	0	0	1	1	0	1	0	1	2	0	1	0	2	2	1	0	1	1	0	1	2	0	6	0	3	4	1	1	2	0	1	0	1	1	3	5	6	11	5	1	3	0	0	3	0	2	1	1	1	0	2	3	0	1	0	2	1	0	1	0	0	1	0	1	0	3	0	0	0	0	1	0	0	3	3	1	1	1	0	1	4	8	1	2	1	6	2	2	1	3	0	2	0	3	2	1	1	1	4	9	4	2	1	2	1	6	5	2	4	4	2	0	1	0	1	2	2	1	2	2	10	79	23	0	59	182	41	18	11	7	9	13	4	1	1	1	0	1	2	12	6	2	1	2	2	5	4	3	1	2	1	2	6	1	5	11	4	3	5	3	5	4	5	7	10	4	6	12	2	1	2	3	2	1	0	3	1	0	4	2	1	1	4	2	1	1	2	1	15	5	10	10	4	2	1	0	2	1	0	1	0	1	1	0	0	1	0	0	1	3	0	1	0	2	1	0	1	1	4	1	3	3	3	1	1	0	2	1	1	1	2	6	19	39	2	0	2	1	1	1	0	2	7	7	16	11	5	4	1	1	2	1	3	4	2	1	0	1	0	0	1	0	0	1	0	2	2	1	0	1	1	1	1	0	1	1	1	2	0	1	1	0	1	0	2	2	0	0	4	0	1	0	1	0	1	1	1	0	2	1	0	0	1	2	1	1	2	0	0	1	0	0	0
0	0	0	0	0	0	0	0	0	1	0	0	1	0	0	0	0	0	1	0	1	1	0	0	0	1	2	0	0	0	0	0	0	2	0	0	1	0	0	0	0	0	0	3	0	0	1	1	0	2	0	1	0	1	1	0	0	0	1	1	0	0	0	0	0	1	0	0	1	0	0	2	0	0	0	0	0	0	0	0	1	0	0	0	0	1	0	0	0	0	0	1	1	0	2	0	2	2	0	1	0	0	1	0	0	0	0	1	3	1	0	0	0	0	1	0	2	0	0	0	2	1	0	0	1	0	0	1	0	3	1	1	2	1	0	3	2	3	2	1	0	1	3	1	0	0	2	7	1	4	3	6	4	6	2	3	1	2	0	1	1	0	2	0	2	0	0	1	0	0	0	0	0	0	0	1	0	1	1	1	2	0	0	0	0	0	2	0	2	1	0	1	1	5	1	4	6	4	2	2	1	3	5	1	2	3	1	0	5	1	1	4	2	2	2	4	4	0	0	2	5	3	4	3	4	2	0	0	0	2	1	3	2	1	3	5	21	16	59	0	223	25	9	21	15	26	22	13	0	2	1	4	1	0	19	17	7	3	6	0	7	6	3	1	1	3	3	6	17	19	21	5	8	4	7	8	13	6	4	6	2	13	8	5	2	8	3	0	0	3	2	4	4	3	2	2	1	1	2	0	1	3	4	2	11	8	13	3	3	1	1	0	1	0	0	0	2	1	2	2	1	0	0	3	1	2	2	2	0	1	4	0	4	5	1	3	3	0	1	0	1	2	0	4	2	5	25	20	22	1	6	0	0	3	1	1	3	3	6	6	9	5	8	3	2	2	5	0	5	1	0	2	0	3	1	0	1	2	0	1	0	0	2	2	1	2	4	4	3	1	2	2	0	0	0	0	1	0	0	0	2	2	1	2	1	1	0	1	0	1	0	0	0	2	2	0	1	0	2	1	0	0	0	0	0	1	0	0
0	0	0	0	0	0	0	0	0	0	0	0	0	0	1	0	0	1	0	0	0	0	4	0	3	2	1	0	0	0	2	1	0	2	0	1	1	0	0	1	0	0	1	1	1	0	0	0	0	1	0	0	0	0	1	0	0	2	0	0	0	1	0	0	1	0	1	1	0	0	0	0	2	0	0	1	1	0	0	1	0	0	0	0	0	1	0	0	0	0	0	2	0	0	1	1	1	2	0	1	0	2	0	1	0	0	0	0	0	1	0	0	0	0	0	0	0	1	1	0	0	0	0	0	1	0	1	0	0	1	2	1	2	0	0	2	2	2	2	1	1	3	2	0	1	0	6	1	0	2	3	4	11	2	1	3	1	0	2	1	0	2	1	1	1	0	0	0	0	0	1	0	2	1	0	0	0	0	0	0	0	1	0	0	1	2	0	0	1	2	1	5	4	2	3	4	7	4	0	1	1	1	0	3	2	3	0	2	2	4	3	4	2	2	1	4	1	1	0	1	3	1	0	4	2	1	1	2	2	0	1	5	2	1	1	8	57	18	182	223	0	18	10	11	11	12	16	5	4	5	1	1	1	2	12	8	4	0	1	0	3	4	3	2	2	1	1	1	7	14	11	2	12	9	4	6	8	5	8	4	4	10	7	6	2	5	1	0	1	2	0	3	3	3	1	2	0	2	3	2	0	1	4	14	5	4	8	5	2	0	1	1	0	1	0	0	0	0	1	0	0	1	0	1	0	0	0	1	2	0	3	4	3	1	0	4	2	0	2	0	1	0	1	0	1	7	23	21	27	4	1	1	2	1	0	1	2	6	7	3	6	3	3	0	1	2	1	3	4	2	4	2	1	3	0	0	1	1	1	2	3	0	0	1	1	0	1	1	1	1	0	0	3	0	0	1	1	1	1	1	1	4	1	2	1	1	2	0	2	0	0	0	1	3	2	0	0	0	1	2	1	1	0	1	1	1	0	0
0	0	0	0	0	0	0	0	1	0	0	0	0	1	0	0	0	0	0	0	0	2	0	0	1	2	0	0	0	1	0	0	1	0	0	0	0	0	0	0	0	0	0	0	0	1	0	1	1	0	1	1	0	0	0	0	0	1	0	0	0	0	0	0	0	1	0	0	0	1	0	0	0	1	0	0	0	1	0	0	0	0	0	1	0	0	0	1	0	0	2	1	0	2	1	0	0	0	0	0	1	1	0	1	0	0	0	0	1	0	2	0	0	0	1	0	1	1	0	0	0	2	1	0	2	0	0	0	2	1	1	3	0	2	2	3	3	1	4	2	2	0	0	1	3	0	3	2	0	1	4	1	10	6	0	3	1	0	3	0	1	2	0	1	1	0	1	1	0	1	1	0	2	2	0	0	2	0	0	0	1	1	1	1	0	1	2	0	2	2	2	0	5	1	1	2	1	3	4	2	2	1	0	3	2	0	1	0	4	6	7	2	0	4	10	6	4	2	3	4	7	3	6	5	0	2	1	1	0	0	1	2	3	0	1	12	10	18	41	25	18	0	54	18	5	4	4	5	2	3	1	1	1	1	6	5	1	0	0	0	7	3	1	3	0	0	0	0	3	5	4	2	3	3	1	4	4	4	3	0	0	3	2	2	3	4	1	0	0	0	2	2	3	2	0	0	1	0	0	2	1	2	2	8	8	6	8	2	1	2	2	0	0	0	0	0	0	0	1	0	2	2	0	0	0	1	2	1	2	1	2	1	1	4	3	1	0	0	1	1	1	2	0	2	2	3	8	5	10	0	1	1	2	1	3	3	1	7	1	4	12	1	4	0	1	3	1	2	6	1	0	0	0	1	2	2	2	3	0	1	2	1	0	0	2	1	1	0	1	0	1	0	1	0	2	1	1	1	2	0	1	1	1	2	1	3	0	1	0	0	0	2	1	3	1	0	0	0	2	0	0	1	1	0	0	0	0	0
0	0	0	0	0	0	0	0	1	0	0	2	0	0	0	1	0	0	2	1	0	0	0	1	1	0	0	0	0	0	2	0	0	1	0	0	0	0	0	0	0	0	0	2	0	1	0	1	1	0	0	0	1	0	3	0	1	0	1	0	0	0	0	0	0	0	0	0	0	1	0	0	0	2	0	1	0	0	0	0	0	0	0	0	0	0	0	0	0	0	0	0	0	0	1	0	1	0	2	0	0	2	1	0	1	0	0	1	0	0	0	0	0	0	0	0	1	0	0	1	1	1	1	2	0	0	0	1	2	1	0	1	2	1	0	2	0	1	1	0	2	3	0	0	2	1	1	1	3	2	0	2	5	2	1	4	1	0	0	1	0	2	1	2	0	2	0	1	0	1	1	0	1	3	0	0	1	1	0	1	0	1	0	1	0	0	0	2	2	0	1	0	2	1	0	2	4	0	1	1	1	0	1	2	0	1	1	3	1	1	5	2	2	2	7	5	4	0	2	1	5	2	0	4	3	5	0	1	1	2	1	1	1	3	0	3	7	7	18	9	10	54	0	29	21	10	3	1	1	0	0	0	1	3	2	7	1	1	0	0	3	1	3	1	1	2	0	0	5	6	5	5	2	1	3	5	5	3	1	3	0	2	6	4	1	2	3	2	1	0	2	0	0	1	2	1	0	3	3	2	1	3	3	7	8	10	6	2	1	2	4	4	0	0	0	0	1	0	0	1	1	1	1	0	0	0	1	0	0	0	1	1	1	2	3	2	3	0	0	1	5	0	0	0	0	4	2	5	2	3	1	0	1	1	3	0	2	9	11	5	8	2	3	0	3	2	2	3	4	0	3	3	0	1	2	0	2	1	1	1	0	0	0	1	0	0	0	0	4	1	0	2	1	0	0	0	0	1	0	0	0	0	1	1	0	0	0	0	0	0	0	0	2	0	0	1	1	0	3	1	3	2	0	0	1	1	0	0
0	0	0	0	0	0	0	0	0	0	0	0	0	0	0	0	0	0	1	0	1	0	1	0	0	1	0	1	1	0	0	1	3	0	0	0	0	0	0	0	0	0	0	0	0	0	1	0	1	0	0	0	0	1	0	0	0	0	0	0	1	0	0	0	1	0	0	0	0	1	0	0	0	0	0	0	1	0	0	0	0	0	0	1	0	0	0	0	1	0	0	0	0	0	1	0	0	0	1	1	0	0	0	0	0	0	0	1	0	0	1	1	0	1	1	0	0	0	1	0	0	3	1	0	1	0	0	1	0	0	1	2	1	1	0	0	2	0	0	1	1	0	1	2	1	1	2	0	2	3	5	6	3	2	0	0	1	0	2	1	1	0	0	0	3	0	0	0	0	0	0	0	0	1	1	1	0	1	2	1	1	0	1	0	0	2	0	0	1	1	2	1	0	2	0	4	3	2	1	3	0	2	0	3	2	1	3	0	2	3	6	1	2	1	5	1	2	2	1	0	1	1	1	0	1	1	1	0	1	2	1	1	2	2	0	6	6	4	11	21	11	18	29	0	38	11	3	6	3	0	1	2	0	1	5	7	5	2	0	1	4	1	1	2	0	0	0	5	12	19	3	3	3	8	9	7	0	6	1	4	3	3	3	1	2	6	4	2	1	1	0	0	2	3	2	1	2	5	4	0	1	6	7	4	12	10	4	0	2	1	0	0	0	1	0	0	0	0	0	0	0	1	0	2	1	3	2	1	1	1	2	1	4	0	8	5	0	1	0	1	2	4	1	1	4	2	8	5	6	5	2	0	1	0	5	2	2	7	6	2	4	7	2	4	2	4	2	3	3	2	2	0	1	1	0	1	1	2	0	0	0	1	0	2	2	1	2	2	1	0	1	0	2	3	0	0	2	1	1	1	1	1	1	0	1	0	1	2	2	1	1	0	1	2	1	3	0	2	0	0	1	0	1	1	0	3	0	0
0	0	0	0	0	0	0	0	0	0	0	0	0	0	0	0	0	1	1	0	0	0	0	1	0	1	1	0	1	0	0	0	0	0	0	0	0	1	0	0	0	0	0	0	0	1	1	0	0	0	1	0	0	0	1	1	0	0	0	0	0	0	0	0	0	0	0	0	1	0	0	0	0	1	0	0	0	0	0	0	0	0	0	0	0	1	0	0	0	0	0	1	0	0	0	0	0	0	0	0	0	1	3	0	0	0	0	0	0	0	0	0	0	0	0	0	1	1	0	0	0	0	0	1	0	0	0	0	0	1	0	2	0	0	0	0	1	2	2	0	2	0	1	1	1	0	0	1	0	0	1	1	2	3	1	1	1	0	2	0	0	0	1	1	0	1	0	0	0	0	0	0	1	2	1	1	0	0	0	0	1	1	3	0	0	0	0	1	3	0	2	1	2	1	1	0	2	1	2	0	0	0	0	3	2	1	1	2	2	1	1	1	2	1	0	0	1	1	2	1	2	0	1	2	1	2	0	0	0	0	1	0	1	1	1	5	5	2	7	15	11	5	21	38	0	43	8	2	4	1	0	0	3	0	4	11	2	2	4	2	3	3	2	2	2	1	0	1	10	19	6	1	8	5	5	4	2	4	2	1	1	2	2	4	2	2	1	0	0	1	1	2	1	2	1	1	0	3	7	2	0	0	5	1	4	4	8	1	1	2	1	0	1	0	0	0	2	0	2	1	1	0	1	0	3	2	1	1	0	1	3	2	3	1	4	3	2	0	2	1	0	1	2	2	1	3	2	8	5	3	4	0	3	2	3	2	8	22	22	3	1	16	12	4	4	5	0	9	7	3	3	2	1	5	0	0	2	1	3	0	0	1	2	0	1	1	0	0	0	1	1	3	0	1	1	1	0	0	2	1	1	1	0	2	0	0	0	0	0	1	0	1	2	1	0	0	1	0	0	1	2	1	0	0	0	1	0	0
0	0	0	0	0	0	0	0	0	1	0	0	0	1	1	1	0	1	0	0	0	0	1	0	2	1	0	1	0	0	0	0	0	0	0	0	1	0	0	0	1	0	0	0	0	1	2	0	0	1	1	1	2	0	0	0	0	0	0	0	0	0	1	0	1	0	0	0	0	0	0	0	0	0	0	0	0	0	0	1	0	0	1	0	0	0	0	0	0	0	2	1	1	0	1	1	0	1	1	1	0	0	2	0	1	1	0	0	0	0	0	1	1	0	1	0	1	0	0	1	0	0	0	0	1	0	1	1	2	2	2	1	0	1	1	1	1	4	0	1	1	0	1	0	1	0	0	1	1	0	1	1	2	2	0	2	0	1	1	0	0	4	0	1	1	1	1	0	0	0	0	0	0	1	0	1	0	0	0	1	1	1	1	1	0	0	0	2	1	1	2	1	2	2	0	2	3	2	1	4	2	2	4	0	0	1	2	0	2	1	3	1	0	1	3	1	0	0	0	3	4	1	1	0	1	1	0	0	0	0	1	1	1	2	1	1	5	6	9	26	12	4	10	11	43	0	16	5	5	2	1	2	0	3	5	11	2	2	8	3	4	1	1	4	2	4	1	7	17	31	4	2	6	2	7	1	2	3	1	1	5	3	3	0	2	2	0	0	0	1	0	0	3	5	1	2	2	0	2	2	0	1	4	2	1	4	1	0	3	1	0	0	1	0	0	2	1	0	2	1	0	0	0	2	0	2	2	0	1	0	0	0	5	2	2	4	2	1	2	2	4	1	4	0	3	11	13	14	11	4	0	1	1	1	3	1	7	37	7	6	6	38	17	2	1	2	2	10	3	2	3	0	0	0	2	1	1	2	1	0	1	0	1	1	3	1	1	0	2	0	1	1	0	1	4	0	1	2	1	1	1	0	0	1	0	3	1	2	1	1	0	0	2	2	0	1	1	0	0	0	1	2	0	1	1	1	0	0
0	0	0	0	0	0	0	0	0	0	0	0	0	0	1	0	0	0	0	2	1	0	0	0	3	1	0	2	1	1	1	0	0	2	0	0	1	0	0	0	0	0	1	0	1	1	0	0	1	1	2	2	0	0	0	2	2	0	0	0	0	0	1	0	0	0	0	0	0	0	0	0	0	0	1	0	0	0	1	0	0	0	0	0	0	0	0	0	0	0	0	0	0	0	0	0	1	1	1	1	1	0	1	0	0	0	0	0	0	0	0	1	0	0	0	0	1	0	0	0	1	0	1	0	0	1	0	0	2	0	1	2	0	2	1	1	2	0	3	1	0	1	1	0	0	0	0	1	0	1	3	2	4	3	3	1	1	0	0	1	0	2	3	1	0	0	0	0	0	1	0	0	0	2	0	0	0	0	2	1	0	0	2	0	1	0	0	0	2	3	2	1	4	5	0	2	10	3	0	1	1	3	7	0	0	1	2	1	1	1	4	0	1	2	3	1	2	0	0	0	1	3	1	1	1	2	4	1	1	1	1	1	0	0	1	7	17	9	13	22	16	4	3	3	8	16	0	16	6	3	1	2	1	2	21	10	4	5	1	2	6	6	11	4	3	1	2	6	7	10	11	7	11	4	3	2	3	8	3	5	3	6	8	2	3	1	4	1	0	0	0	1	0	1	2	1	2	2	0	2	2	3	2	2	1	2	3	2	1	1	1	2	0	0	0	0	0	2	0	0	1	1	0	0	0	3	1	3	0	0	2	2	1	6	6	4	3	2	2	3	2	0	5	5	4	19	17	259	33	4	1	6	1	0	2	1	2	9	10	6	8	15	12	1	2	1	6	4	4	0	1	3	0	1	1	2	1	1	0	0	3	0	0	1	0	3	0	3	0	3	2	0	2	0	0	1	0	2	1	4	1	2	3	1	1	0	0	0	0	1	1	1	1	1	2	0	1	0	1	3	0	1	0	1	0	2	0	0
0	0	0	0	0	0	0	0	1	0	0	1	1	0	0	1	0	1	0	0	1	1	0	3	1	0	3	0	0	0	0	0	0	0	2	2	0	1	0	0	0	0	0	2	0	4	1	3	0	1	0	1	0	0	0	0	0	0	0	1	1	0	0	0	0	0	0	0	0	0	0	1	0	0	0	0	0	1	0	0	0	1	0	0	1	1	1	0	0	0	1	0	0	0	0	0	0	1	0	0	0	0	1	0	0	0	0	1	1	1	0	1	2	1	0	1	0	1	0	0	0	1	2	1	0	0	2	0	0	0	1	0	0	1	1	0	0	2	1	2	0	0	0	3	1	0	1	2	1	2	3	2	4	5	1	3	1	1	1	0	0	0	1	1	1	2	0	1	0	1	1	2	0	0	2	1	0	0	1	1	0	1	0	1	0	1	1	0	0	2	2	2	5	7	5	5	83	11	8	6	2	5	1	1	1	0	1	2	1	1	2	2	3	1	0	3	1	0	2	2	2	1	2	2	3	3	1	1	1	0	0	2	0	0	1	6	9	6	4	13	5	5	1	6	2	5	16	0	7	1	5	2	2	3	24	11	6	6	6	6	17	5	11	7	5	7	6	5	4	7	14	34	27	4	2	6	4	9	7	10	9	14	6	8	6	5	1	3	1	2	3	1	4	2	1	1	0	1	2	1	2	1	3	3	5	5	2	1	2	0	1	0	2	1	0	0	0	1	0	3	0	0	1	0	2	1	1	1	0	2	1	1	0	3	3	5	3	1	2	0	0	2	4	4	7	22	21	22	10	2	1	1	5	1	1	3	2	6	2	4	1	6	10	2	3	2	3	0	1	5	0	0	3	1	0	1	2	1	1	2	0	2	2	1	2	2	3	3	5	3	4	5	2	1	2	2	0	4	1	3	4	2	3	6	0	0	0	4	1	0	1	1	1	3	1	1	1	1	2	1	2	1	0	3	0	1	0	0
0	0	0	0	0	0	0	0	0	0	2	0	1	0	1	0	0	0	1	0	1	1	1	1	0	2	1	0	2	3	0	0	1	2	1	0	0	1	0	1	0	0	0	0	1	0	2	2	0	2	1	0	3	1	1	0	1	0	0	1	0	0	0	0	1	2	0	0	0	0	0	0	1	0	0	0	0	0	1	0	0	0	0	0	1	0	0	0	1	0	1	0	1	1	1	1	0	1	0	0	0	0	0	3	1	0	2	0	1	0	1	0	1	0	0	0	0	1	0	0	0	0	1	1	1	2	0	0	0	0	0	1	1	0	1	2	0	1	0	1	0	2	1	0	0	4	2	4	2	4	2	5	4	2	2	0	0	1	0	1	3	2	1	3	1	0	0	1	2	0	1	1	0	1	2	1	1	0	1	1	0	0	0	1	0	1	0	0	1	1	7	2	26	23	11	10	15	26	5	2	4	5	6	9	1	6	2	1	2	0	1	0	2	1	1	0	1	0	3	2	0	0	0	0	1	0	0	1	1	0	1	3	2	2	2	0	3	2	1	0	4	2	1	3	4	5	6	7	0	23	9	3	1	7	4	8	7	5	0	5	10	6	5	8	7	6	9	4	2	3	7	40	16	4	2	4	7	11	6	4	4	9	4	8	6	13	2	2	2	0	3	1	3	2	2	2	1	1	2	0	0	0	4	3	1	1	6	2	3	1	1	4	1	2	0	0	0	0	2	1	0	1	1	2	3	2	2	3	1	3	0	1	5	3	0	2	3	5	2	2	1	4	1	5	3	5	12	4	1	5	1	1	2	5	1	0	2	0	1	1	3	2	2	2	2	2	0	2	6	2	2	1	2	1	0	1	0	0	3	1	1	2	2	2	11	8	4	7	9	3	1	0	2	2	5	2	4	3	9	11	8	6	13	12	11	3	3	1	1	2	1	2	4	1	0	0	2	3	2	1	3	1	2	2	0	1	0	0
0	0	0	0	0	0	0	0	0	2	0	0	0	0	2	0	0	0	1	0	3	3	3	3	4	5	0	1	1	0	1	2	3	3	1	0	0	0	0	2	0	0	0	0	0	2	1	2	5	1	2	1	1	1	0	0	0	0	0	1	0	0	0	2	0	0	1	1	0	0	0	0	0	1	0	1	0	0	0	0	0	1	0	1	0	0	0	0	0	0	1	0	0	2	2	0	2	0	2	0	0	1	0	0	1	1	0	0	0	1	0	1	1	0	0	0	1	0	2	0	1	1	1	2	1	0	0	4	1	1	1	0	5	1	2	3	0	0	0	1	0	0	0	0	1	1	1	1	6	2	1	2	1	2	0	0	0	0	1	0	2	2	3	3	2	4	4	1	2	1	1	0	1	1	0	1	2	0	0	0	2	1	1	0	0	1	0	2	1	3	4	15	82	30	37	13	12	15	9	3	5	9	7	3	3	3	2	4	2	0	3	1	2	4	2	1	1	0	2	1	1	0	0	1	0	1	0	2	1	0	2	1	0	0	3	0	1	0	1	2	5	3	0	0	1	2	3	1	23	0	30	16	7	14	3	1	2	0	1	1	8	2	3	6	4	5	5	5	0	4	4	11	9	7	2	1	3	4	2	4	5	8	2	8	13	6	3	2	0	3	1	3	1	5	3	3	3	3	1	2	3	1	2	1	0	1	4	3	2	2	1	0	0	0	0	0	0	1	1	0	3	0	0	0	0	6	0	3	1	1	1	1	2	1	3	0	1	2	3	0	2	2	3	7	3	3	3	3	2	0	1	2	1	0	0	0	2	1	2	1	0	1	0	2	1	2	1	2	1	1	1	0	0	0	1	0	1	2	2	2	5	1	2	4	9	2	3	12	6	5	0	3	1	3	1	6	3	9	15	17	16	11	35	20	4	2	2	1	2	1	2	2	2	1	2	0	2	0	3	0	3	2	0	2	0	1	0	0
0	0	0	0	0	0	0	0	0	0	0	0	0	0	0	1	0	0	3	0	0	1	2	5	7	4	3	0	0	2	0	0	0	1	0	4	1	0	0	0	1	2	1	2	2	0	3	3	3	1	6	6	0	3	2	0	1	0	0	0	0	0	0	0	0	1	2	0	0	1	0	0	0	0	0	0	0	0	0	1	1	0	0	0	2	1	0	0	2	1	0	1	0	1	0	0	0	3	3	1	0	0	1	1	0	2	2	2	2	0	0	0	1	0	2	0	0	1	2	2	0	1	0	3	1	0	0	1	3	0	1	1	1	2	1	1	4	2	1	1	0	2	2	0	1	0	1	3	5	2	0	0	1	1	0	1	0	1	0	1	1	3	5	3	2	3	0	2	0	2	0	1	0	0	2	1	0	0	2	1	0	0	2	1	0	0	1	1	0	1	6	5	19	12	14	15	7	7	5	1	1	6	5	4	3	3	1	1	2	1	2	1	0	0	2	1	0	2	2	0	1	0	1	1	1	0	1	0	1	2	0	1	1	2	2	2	0	1	1	1	1	1	0	1	0	1	1	5	9	30	0	61	11	8	1	0	0	1	0	1	2	1	5	4	4	2	2	1	0	2	2	9	2	5	2	3	3	2	3	1	4	4	4	7	5	5	7	1	0	2	4	3	8	1	6	1	1	1	3	3	1	2	4	2	1	1	3	7	6	4	2	2	0	0	0	0	1	1	1	0	1	0	1	1	0	2	1	2	0	1	3	1	0	2	1	3	4	2	0	1	3	0	4	2	2	1	1	1	4	0	1	2	3	0	0	1	0	0	0	1	1	4	2	0	2	1	1	1	2	0	2	2	1	2	0	1	1	1	6	2	9	2	0	1	6	11	11	17	5	1	0	1	1	1	1	0	4	6	7	16	13	3	16	15	8	5	0	2	3	2	2	3	0	5	1	1	1	4	2	4	2	5	2	0	2	0	0	0
0	0	0	0	0	0	0	0	0	0	0	1	0	1	1	0	0	4	1	1	2	2	5	5	4	1	2	2	1	0	3	0	0	3	3	0	1	1	0	1	1	2	3	2	2	1	4	0	7	3	7	5	2	2	0	0	1	0	0	0	1	0	1	0	0	1	0	1	0	1	0	0	0	0	0	1	0	0	1	1	0	0	0	0	0	1	3	0	0	1	0	0	1	1	0	0	0	3	2	1	0	0	1	0	3	1	3	2	1	0	0	0	0	2	0	0	0	0	1	1	1	2	1	3	1	0	2	2	3	2	2	1	3	2	1	3	4	1	2	1	0	0	1	1	0	2	1	4	2	1	5	3	1	1	0	0	2	0	0	0	3	3	6	5	3	3	2	0	0	0	0	0	1	1	0	0	0	0	0	2	0	0	0	0	0	1	1	0	3	1	5	7	11	6	8	6	2	2	3	0	3	7	9	1	2	1	5	0	2	2	0	3	0	0	1	0	1	1	0	0	0	3	1	0	0	0	1	0	0	1	0	1	2	0	0	2	1	1	0	4	1	1	0	2	0	2	2	2	3	16	61	0	20	5	2	0	0	1	1	2	1	2	1	1	3	5	1	1	2	1	3	7	5	1	2	4	2	3	3	0	2	0	5	8	4	3	1	4	0	3	5	2	3	7	5	5	2	1	2	1	1	2	3	0	1	2	3	2	7	7	1	1	0	0	1	1	2	0	1	1	4	1	0	1	1	1	2	3	2	1	1	0	1	1	0	4	2	6	3	0	1	1	1	1	5	2	1	5	2	0	0	0	0	1	0	1	1	0	0	1	0	2	1	1	0	2	0	3	1	1	2	2	0	1	1	1	0	5	4	2	10	3	3	3	4	10	8	18	5	1	1	0	3	0	0	0	2	5	4	7	5	3	6	5	0	3	1	1	1	1	4	0	1	0	1	2	1	3	3	2	2	3	1	0	2	0	0	0
0	0	0	0	0	0	0	0	1	0	0	1	1	1	0	1	0	2	1	0	2	0	2	3	1	2	2	1	1	0	2	1	3	0	0	0	1	0	1	0	0	0	2	1	1	3	2	0	1	4	5	2	0	2	2	3	1	2	0	0	0	0	1	0	0	0	0	1	0	0	1	0	2	0	0	0	1	0	0	0	0	0	1	0	0	0	0	0	1	0	1	1	2	2	2	0	0	1	1	2	1	0	2	1	0	1	1	0	0	0	2	3	2	0	1	0	0	2	0	0	0	2	1	5	3	1	2	2	1	4	2	1	2	2	0	4	1	0	1	2	1	0	0	0	1	1	0	2	2	1	3	7	2	5	0	2	0	0	2	0	0	3	7	5	6	3	4	0	3	3	1	1	0	2	1	0	2	3	2	1	3	0	1	1	2	1	0	3	2	1	2	4	6	8	4	4	1	5	4	1	5	7	6	9	3	5	4	3	5	4	1	1	4	0	0	0	2	0	3	1	2	0	2	0	2	0	1	1	0	1	0	3	3	4	6	1	0	0	1	1	1	1	1	0	3	0	1	2	1	7	11	20	0	13	4	3	2	1	2	0	3	0	1	3	1	1	1	0	4	4	1	2	1	1	1	2	7	3	0	1	6	4	3	5	9	7	8	2	2	2	1	4	5	4	7	7	6	1	3	5	3	3	1	1	0	7	1	4	13	17	1	2	3	2	1	1	2	2	6	3	4	0	2	1	0	4	0	1	1	4	4	2	2	4	2	2	2	1	2	2	0	2	0	3	1	0	2	3	1	1	2	0	0	0	0	0	0	0	1	2	0	1	2	0	0	0	1	1	2	0	0	0	2	2	3	1	2	3	8	2	10	4	3	1	4	8	10	14	4	0	0	0	0	0	1	0	3	1	5	3	2	3	5	3	3	1	1	1	1	2	1	1	1	2	3	1	2	1	3	2	1	0	1	0	0	0	0	0
0	0	0	0	0	0	0	0	0	0	0	1	1	0	0	0	0	1	3	1	2	0	0	6	4	2	1	1	0	0	2	2	0	0	1	1	0	1	0	0	1	0	2	1	1	1	2	2	2	3	2	2	1	2	2	1	1	0	0	0	1	0	0	1	0	1	1	0	1	0	0	0	0	0	0	0	0	0	0	0	0	1	1	0	1	0	0	0	0	0	1	1	0	1	2	1	1	0	1	2	0	0	0	0	2	0	0	0	2	0	1	1	1	1	0	1	1	0	0	1	1	0	1	2	2	3	1	2	1	3	1	1	2	3	3	2	2	3	0	1	0	1	1	1	1	1	3	1	8	3	8	2	3	3	2	0	1	1	1	0	2	7	8	4	4	0	1	2	2	2	0	2	2	0	1	3	1	2	0	3	0	1	2	3	0	2	1	3	2	0	6	10	28	96	22	18	8	4	4	4	4	8	14	29	9	14	7	8	4	3	2	4	2	4	3	2	2	2	7	0	3	0	3	1	0	0	1	4	1	6	2	2	1	2	2	4	3	5	2	0	2	1	3	1	0	3	2	3	7	14	8	5	13	0	9	1	3	2	0	1	1	2	3	4	1	3	1	6	0	2	6	5	0	7	4	8	14	15	2	2	9	3	6	107	38	24	3	1	4	3	2	4	1	20	9	6	2	1	4	1	1	2	0	8	4	5	5	8	6	6	3	2	2	1	2	0	2	1	1	2	1	1	0	2	3	3	0	3	5	2	0	1	3	2	2	1	2	1	0	1	1	0	1	1	4	4	7	4	0	2	5	2	1	0	2	0	0	1	0	2	1	1	0	3	4	6	2	0	4	4	1	1	3	1	2	0	1	3	5	3	4	2	1	3	6	2	5	7	11	2	1	1	0	0	0	2	1	2	4	5	7	4	6	4	3	1	2	2	1	1	1	2	1	0	1	3	1	0	3	2	4	0	1	0	1	1	0	0
0	0	0	0	0	0	0	0	0	2	1	0	1	0	0	0	0	0	1	1	1	0	1	2	1	1	2	1	0	2	0	1	0	3	0	1	1	1	1	0	0	0	0	0	1	1	1	1	1	0	4	1	1	0	1	1	0	2	0	0	0	0	0	0	0	0	0	1	1	0	0	0	0	0	0	0	0	1	0	0	1	0	0	0	0	0	0	1	0	0	0	1	0	0	1	3	0	0	0	0	1	0	1	1	1	1	1	0	0	0	1	1	1	0	0	0	0	0	1	0	0	0	0	0	1	0	0	1	1	1	0	0	2	0	1	2	4	1	0	0	3	1	1	2	1	1	0	4	3	5	6	8	8	4	1	0	1	2	1	0	2	1	3	1	2	1	1	2	0	1	0	1	0	1	0	3	0	3	0	2	0	0	0	1	1	0	0	0	3	4	3	2	4	6	5	10	10	8	4	2	3	4	5	4	3	4	2	5	4	3	5	1	2	6	8	5	1	0	2	1	6	3	1	1	0	1	2	2	2	2	3	1	3	2	3	12	10	7	12	19	12	6	2	5	4	5	21	24	4	3	1	2	4	9	0	12	3	1	3	3	10	4	6	4	3	4	2	4	7	8	39	17	12	14	4	8	34	18	3	14	9	38	37	7	12	8	2	1	2	1	2	1	4	4	3	1	2	6	1	0	1	4	7	11	8	7	11	4	3	2	0	0	1	1	2	1	0	2	2	0	0	0	1	0	3	0	0	0	1	1	2	4	4	3	2	9	6	2	2	0	2	4	0	2	1	5	32	24	9	1	0	1	1	0	1	2	8	4	4	6	5	7	6	4	4	1	0	2	3	0	1	1	0	6	0	1	1	2	1	3	3	0	1	1	1	2	1	1	5	3	2	1	1	2	0	3	2	0	4	1	3	2	3	2	1	2	0	1	1	1	0	2	0	2	1	2	0	1	2	1	0	0	0	0	0	0	0	0
0	0	0	0	0	0	0	0	0	0	0	0	0	0	1	0	0	0	0	0	2	1	0	0	1	2	0	0	1	0	1	1	0	0	0	1	0	0	0	0	1	1	0	0	0	0	1	0	2	3	0	0	0	0	0	0	1	0	0	0	0	0	0	0	0	1	0	0	0	0	1	0	0	0	0	0	0	1	0	1	0	0	0	0	0	0	0	2	0	0	0	1	2	0	1	0	0	2	1	0	0	0	0	0	1	0	0	1	0	0	0	0	0	0	0	0	1	0	1	0	0	0	0	1	0	1	0	0	1	2	1	3	0	2	1	0	1	1	1	0	1	0	0	0	0	0	0	0	1	2	2	2	5	0	2	1	3	0	0	0	1	4	0	0	1	0	0	0	0	0	0	0	0	2	0	0	0	0	1	1	0	0	1	0	2	0	0	3	1	0	2	3	2	6	4	4	8	5	3	2	0	1	2	7	1	0	2	3	1	1	2	2	0	0	5	2	0	0	1	1	3	2	1	2	1	2	1	1	0	1	3	1	1	2	1	4	4	3	6	17	8	5	7	7	11	11	10	11	8	1	0	0	3	1	12	0	12	4	5	2	27	10	11	8	1	0	6	14	40	37	55	14	26	21	5	7	8	6	3	2	2	9	9	5	1	3	1	2	2	0	2	4	1	2	0	2	3	7	3	2	4	4	10	5	10	5	0	4	6	0	1	2	3	2	2	2	0	0	0	0	0	0	0	3	1	4	4	2	0	0	3	4	7	6	8	14	8	6	4	1	3	1	3	6	3	23	82	9	4	5	3	1	3	1	3	3	4	12	3	4	3	2	42	6	4	5	4	11	2	2	1	1	3	1	0	0	2	1	1	0	5	0	1	6	2	2	2	0	12	2	2	2	2	2	0	3	2	1	2	1	2	2	3	0	6	1	2	4	1	1	0	1	3	4	3	1	3	5	1	0	0	2	1	1	0	0	0	0
0	0	0	0	0	0	0	0	1	0	0	0	0	0	0	0	0	0	0	1	0	0	0	1	0	0	0	1	0	0	0	0	0	1	0	0	0	1	0	0	0	0	0	0	0	1	0	0	0	0	0	0	0	0	0	0	0	1	1	0	0	0	0	0	0	0	0	0	0	0	0	0	0	0	0	0	0	0	0	0	0	0	0	0	0	0	0	0	0	1	0	0	0	0	0	0	1	0	0	0	0	0	0	0	0	0	0	2	1	1	0	0	0	0	0	1	0	1	0	0	0	1	1	0	0	2	0	0	0	2	4	1	0	0	0	2	0	0	0	0	0	0	0	0	0	0	1	1	0	1	2	0	0	1	2	3	0	0	0	0	1	2	1	2	1	0	1	1	0	0	0	0	0	1	1	0	1	0	0	0	1	1	1	1	1	0	0	0	1	3	1	2	2	1	2	1	3	2	6	2	0	0	0	0	1	1	1	2	0	0	0	1	0	1	0	1	3	0	0	0	3	0	1	0	2	0	1	0	1	0	1	0	0	0	1	6	0	1	2	7	4	1	1	5	2	2	4	6	7	2	0	0	2	3	3	12	0	43	27	19	23	59	20	3	4	3	5	11	11	11	7	6	8	3	3	2	3	0	0	4	1	3	3	1	1	2	1	1	1	0	0	1	0	0	0	3	0	3	2	2	2	0	2	1	1	2	3	2	3	2	0	1	0	0	0	0	1	3	0	0	1	1	1	2	4	2	1	1	0	2	2	1	2	4	2	5	4	3	3	4	4	6	9	17	11	40	10	8	0	65	6	11	4	7	7	3	12	5	4	0	2	8	29	7	7	24	8	11	4	4	1	1	0	0	1	0	2	0	1	1	1	1	1	1	1	2	1	3	2	6	5	2	3	6	3	3	2	1	0	2	2	4	2	4	4	2	0	2	2	2	1	0	1	5	0	3	0	1	2	1	3	1	0	3	2	2	0	0
0	0	0	0	0	0	0	0	1	1	0	0	0	0	0	0	0	0	0	0	0	0	0	0	2	0	0	0	1	0	0	1	0	0	0	0	0	0	0	0	0	0	0	1	1	1	0	0	0	0	0	2	0	1	0	0	0	0	0	0	0	0	0	0	0	0	0	0	0	0	0	0	0	0	0	0	0	0	1	0	0	0	0	0	0	0	0	0	0	0	0	0	0	0	0	0	0	1	0	1	0	0	1	0	0	0	0	0	0	0	0	1	0	0	0	0	1	0	0	0	0	0	1	1	3	0	0	1	0	0	1	0	1	0	0	0	0	0	0	1	0	0	0	0	0	0	0	0	2	1	1	0	2	0	0	1	0	1	0	0	0	1	2	0	1	1	0	0	0	0	1	0	0	0	0	1	0	0	0	0	0	2	0	0	0	0	0	1	0	0	5	2	1	1	2	1	2	0	2	1	1	0	3	2	2	2	1	3	0	0	3	1	0	0	1	0	0	1	1	0	2	0	0	1	0	0	1	0	0	0	0	0	2	2	0	0	2	1	1	3	0	0	1	2	2	2	5	6	5	0	1	1	1	2	1	4	43	0	216	35	9	19	8	6	4	9	3	13	8	7	1	4	3	0	2	1	2	1	0	3	0	2	2	0	2	0	0	0	1	1	1	2	1	3	0	2	0	1	4	1	1	0	3	0	2	3	1	1	1	0	0	1	0	0	0	0	0	0	0	1	0	1	0	2	0	4	6	2	0	1	1	1	3	4	3	3	1	4	2	1	2	5	11	19	11	11	2	3	4	90	25	13	15	7	6	10	22	3	3	1	0	7	8	3	5	12	7	5	2	1	1	0	0	0	1	0	1	1	3	1	0	0	0	0	1	0	0	2	2	7	5	4	3	6	4	1	3	0	3	2	1	1	2	0	3	2	3	3	2	2	2	2	0	1	0	3	0	3	1	0	1	0	2	3	2	0	0	0
0	0	0	0	0	0	0	0	0	0	0	0	0	0	0	0	0	0	0	2	0	0	0	0	0	0	0	0	0	0	1	0	0	0	0	0	0	0	0	1	0	0	0	0	1	0	0	0	0	0	0	1	0	0	0	0	0	0	0	0	0	0	0	0	0	3	0	0	0	0	0	0	0	0	0	0	0	0	0	1	0	0	1	0	0	0	0	0	0	1	0	0	0	0	0	0	0	0	0	0	1	1	1	0	2	1	0	0	2	0	0	0	0	0	0	0	0	0	0	1	0	1	0	1	0	0	0	0	0	2	0	0	1	0	0	0	0	1	1	0	1	1	2	0	0	1	0	1	1	0	3	1	2	0	0	0	0	0	0	0	0	0	1	1	0	0	1	1	0	0	0	0	0	0	0	0	0	0	1	1	0	0	0	0	1	0	0	1	4	0	1	0	2	2	0	4	3	1	4	0	0	1	4	0	0	1	0	0	0	1	0	1	1	2	1	0	0	0	1	2	2	0	0	2	0	1	1	1	1	0	1	0	0	0	0	1	1	1	2	6	1	0	0	0	4	8	1	6	0	1	0	1	2	0	3	5	27	216	0	17	4	21	7	0	3	2	5	4	3	4	8	0	7	3	2	0	1	0	0	1	0	0	2	1	1	4	0	1	1	0	1	1	1	0	0	0	1	3	0	2	0	1	4	4	1	1	1	1	1	1	1	1	1	0	0	0	0	0	0	0	0	1	0	1	0	0	3	0	0	2	1	1	2	5	0	1	2	2	3	2	2	7	10	11	8	13	5	6	2	34	17	5	10	6	7	10	29	7	1	1	2	9	8	3	4	10	13	13	4	1	2	1	0	1	0	0	1	1	0	0	0	1	0	2	2	3	0	1	4	3	2	2	5	4	4	3	1	1	2	1	3	1	1	2	4	3	4	0	2	0	3	1	1	2	0	0	2	1	0	1	0	1	2	1	2	1	0	0
0	0	0	0	0	0	0	0	1	0	0	0	0	0	0	0	0	1	0	0	0	0	0	1	1	1	1	0	0	0	1	1	0	0	1	1	0	0	0	1	0	0	0	0	1	1	0	0	1	1	1	0	0	0	0	0	0	0	0	0	0	0	0	0	0	0	0	0	0	0	1	0	0	0	0	0	0	0	0	0	0	1	0	1	0	1	0	0	0	0	0	0	2	0	0	0	1	1	0	0	0	0	1	0	0	1	0	0	0	0	0	0	2	1	1	0	1	0	0	1	1	0	1	0	0	0	0	0	0	1	0	1	1	0	0	0	0	1	1	0	2	0	0	0	0	0	0	0	1	0	1	1	2	0	1	1	0	0	0	0	0	1	0	1	0	0	1	1	1	1	1	0	0	0	0	0	0	0	0	1	1	0	1	0	0	1	1	1	1	0	2	1	2	1	1	3	2	4	2	0	1	2	2	1	0	1	0	0	4	0	2	0	1	0	0	1	0	0	0	0	0	1	0	0	0	0	0	0	0	0	1	1	0	0	1	2	2	1	2	0	0	0	0	1	2	3	2	6	5	1	1	2	0	1	3	2	19	35	17	0	9	12	33	16	7	10	11	11	2	3	3	4	3	4	2	1	5	1	2	3	1	5	3	2	3	0	1	1	1	0	0	1	1	4	0	0	1	1	2	1	2	1	2	1	1	0	2	1	2	1	2	0	0	0	0	2	0	0	0	0	1	0	1	3	4	3	2	0	0	0	1	2	1	3	6	3	0	1	2	1	4	4	12	52	36	12	6	1	0	24	22	4	16	1	6	2	6	5	4	1	0	6	2	7	6	6	3	4	4	2	0	2	1	0	2	1	2	2	0	1	1	1	2	0	3	2	5	1	4	10	5	3	8	5	10	8	6	6	0	2	5	1	3	4	1	1	4	4	4	2	2	0	1	6	0	0	2	0	0	3	3	0	2	2	2	2	0	0
0	0	0	0	0	0	0	0	0	0	0	0	0	0	0	0	0	0	1	0	0	0	0	0	2	1	1	1	0	0	0	1	0	0	0	0	0	1	0	0	0	0	0	1	0	1	0	1	0	2	1	1	0	0	1	0	0	1	0	0	0	0	0	0	0	0	1	0	0	1	1	0	0	0	1	0	0	0	0	1	0	0	0	0	0	0	0	0	0	1	0	0	1	0	0	0	0	0	0	0	0	0	0	0	1	0	0	0	2	2	0	0	0	0	2	1	0	0	0	0	1	1	2	0	0	0	1	0	1	3	2	0	2	0	1	0	1	2	0	0	0	0	1	0	1	2	1	0	0	1	2	0	2	1	0	0	0	0	0	0	0	0	1	1	0	4	1	0	2	0	0	1	0	1	1	1	0	2	1	0	0	0	1	0	1	0	1	1	1	4	1	2	6	2	1	3	14	7	6	1	2	0	0	2	0	2	3	1	2	0	3	2	2	1	2	0	0	0	2	3	0	0	3	3	2	2	0	0	0	1	0	2	0	2	0	4	6	2	5	7	3	7	3	4	3	4	6	17	10	8	2	1	3	1	10	27	23	9	4	9	0	49	25	7	3	9	16	37	18	12	20	33	89	5	1	4	2	6	1	5	3	8	1	4	1	7	1	3	0	0	2	1	1	0	2	1	2	0	1	1	0	1	2	7	1	1	0	3	0	1	0	1	0	0	0	0	1	0	1	0	0	1	3	1	2	2	3	0	0	1	1	1	4	6	7	9	14	5	5	3	1	2	7	6	23	34	23	10	2	9	5	1	3	2	4	2	6	2	1	1	2	8	19	6	7	3	2	7	3	1	1	3	0	1	0	1	0	5	3	2	2	1	2	1	4	0	3	4	11	4	1	1	3	1	2	5	4	4	3	6	1	4	6	4	5	4	5	4	2	1	4	0	4	2	2	2	3	1	2	2	1	2	1	0	1	3	0	0
0	0	0	0	0	0	0	0	0	1	0	0	0	0	0	0	0	0	0	0	1	0	2	1	1	0	0	0	0	0	1	1	0	1	0	0	1	0	1	1	0	0	1	0	1	0	0	0	0	1	2	0	0	0	0	0	0	0	0	1	1	0	0	0	2	0	0	0	0	0	0	0	1	0	1	0	0	0	0	0	0	0	0	1	0	0	1	0	0	1	0	0	0	0	1	0	0	0	1	0	0	1	0	0	1	0	0	0	0	1	0	0	0	0	0	0	0	2	0	1	0	0	0	0	0	0	0	1	0	1	1	0	0	1	0	0	0	0	1	1	0	1	0	0	0	0	0	1	0	2	0	1	1	2	0	0	0	0	0	0	0	1	2	0	0	0	0	1	0	0	0	0	0	1	1	1	0	0	0	0	0	2	2	0	0	0	0	1	1	0	1	1	1	3	5	3	8	7	3	4	1	2	3	1	5	4	1	2	0	0	1	2	1	1	2	0	2	2	1	0	1	2	0	0	0	0	0	0	0	1	1	0	0	0	3	3	5	0	4	6	4	3	1	1	3	1	6	5	6	2	1	2	0	2	4	10	59	19	21	12	49	0	15	10	1	9	13	54	14	11	8	11	21	7	4	2	2	1	2	2	4	1	4	2	3	4	1	0	0	2	1	3	2	2	1	0	0	0	3	0	1	1	8	1	1	0	0	1	0	2	0	1	0	1	0	1	1	1	1	1	0	1	1	1	2	3	4	2	0	2	3	6	4	8	2	3	9	8	2	4	2	10	16	33	17	22	9	12	3	33	5	6	8	2	3	4	12	3	6	1	3	9	22	11	10	14	8	11	4	5	2	0	0	1	1	1	3	4	1	1	1	0	2	1	5	2	2	2	8	10	2	1	4	0	2	7	6	2	6	2	0	2	1	4	3	4	2	4	6	1	4	2	2	3	0	1	3	2	0	4	3	2	0	1	3	4	0	0
0	0	0	0	0	0	0	0	0	0	0	0	0	1	0	0	0	0	0	1	0	2	0	1	1	0	0	0	2	0	0	0	1	1	0	2	0	3	1	0	0	1	0	1	0	1	1	1	0	0	2	2	0	1	0	0	0	1	0	1	0	0	0	1	0	0	0	0	0	0	0	0	0	0	1	0	0	0	0	0	0	0	0	0	0	0	0	0	0	0	0	0	0	0	1	0	0	0	0	1	0	0	0	0	0	0	0	0	0	1	0	0	0	0	1	0	0	0	0	0	0	1	2	0	1	1	0	0	1	0	1	0	1	0	0	3	2	0	0	1	1	0	0	0	0	1	1	2	3	1	0	1	2	2	0	2	1	0	0	0	1	1	0	1	1	0	1	0	0	0	0	2	0	0	0	0	2	0	0	0	0	0	0	0	1	0	0	0	1	2	0	1	0	3	2	2	4	8	2	1	0	0	1	2	0	0	2	0	1	1	0	1	1	0	2	2	0	1	2	2	0	2	3	0	0	0	0	0	0	1	1	1	0	0	1	1	0	0	3	3	3	1	3	1	2	1	11	11	5	3	5	1	1	3	6	11	20	8	7	33	25	15	0	26	5	18	9	5	2	7	7	17	9	2	3	1	2	2	4	1	3	6	2	2	0	3	1	2	0	0	1	1	4	3	1	2	1	0	0	2	0	2	3	3	4	0	0	0	0	0	0	0	1	1	0	1	1	0	0	0	1	0	1	0	0	1	1	3	1	0	2	1	1	5	4	0	2	2	3	1	4	5	11	26	66	46	9	6	4	12	6	6	4	3	1	3	1	4	0	1	1	4	13	7	3	8	3	3	0	1	2	2	1	0	0	0	0	2	2	0	3	2	0	1	4	2	1	3	2	7	1	1	3	0	4	8	5	4	4	5	6	4	4	3	0	5	1	3	3	1	1	2	1	2	0	2	1	0	2	5	1	2	1	1	2	3	0	0
0	0	0	0	0	0	0	0	0	0	1	0	1	0	0	0	0	0	0	1	0	1	1	2	0	1	2	1	0	0	0	0	1	0	0	0	0	0	0	0	1	1	0	0	1	1	1	0	0	0	0	0	1	0	0	0	0	0	0	0	0	0	0	0	0	0	0	0	0	1	1	0	0	0	0	0	1	0	0	0	0	1	1	0	0	0	0	1	0	1	0	0	0	0	0	0	1	1	0	1	0	0	0	0	0	0	0	0	1	1	1	0	3	0	0	2	0	1	1	0	0	1	1	1	0	1	1	0	0	0	0	0	0	2	1	2	0	0	1	1	0	0	1	2	0	0	2	0	2	1	2	2	0	2	1	1	0	0	0	0	0	2	2	0	2	0	0	1	0	0	0	0	0	0	0	0	1	0	0	1	0	0	0	1	0	0	2	0	0	0	1	4	3	1	3	4	6	11	7	1	3	2	2	0	3	1	2	0	1	0	2	1	2	1	4	0	1	2	1	0	1	2	2	1	0	0	0	0	1	0	1	0	1	0	0	1	3	1	1	1	2	3	1	2	2	4	4	7	8	6	4	1	3	4	4	8	3	6	0	16	7	10	26	0	19	246	18	4	3	0	4	18	8	1	1	1	4	1	0	0	1	2	2	0	5	2	3	1	0	2	2	0	1	0	1	0	0	3	0	1	1	0	3	0	0	0	2	0	0	0	1	1	0	1	1	0	1	0	0	0	2	1	2	0	3	3	0	0	0	1	3	0	2	3	0	4	5	1	1	3	2	7	3	15	72	11	2	7	2	5	7	4	0	2	0	0	1	3	1	1	4	2	4	2	2	2	2	2	2	1	0	0	0	0	0	0	0	3	2	2	2	1	0	0	2	5	4	4	4	7	4	4	2	2	5	13	20	6	9	7	5	2	5	8	5	6	3	2	1	0	2	1	4	5	0	0	3	3	1	2	4	3	0	1	1	0	0	0
0	0	0	0	0	0	0	0	0	1	2	0	0	0	0	0	0	2	0	0	1	0	1	0	0	2	0	2	0	0	0	0	1	0	0	1	1	1	1	0	0	0	0	0	0	0	1	0	1	3	1	1	0	1	0	1	0	0	0	0	1	2	0	0	0	1	0	0	0	0	0	0	0	0	0	0	0	0	0	1	1	0	0	1	0	1	0	0	0	0	0	2	0	0	0	0	1	0	0	0	0	0	0	0	0	0	1	1	1	1	0	1	1	0	0	0	0	0	0	0	0	0	0	0	2	0	0	0	0	4	1	1	0	0	0	0	2	2	1	1	0	0	0	0	0	0	1	2	0	0	1	0	0	0	0	0	0	0	1	0	0	2	0	0	1	0	0	0	0	0	0	1	0	0	0	0	0	1	0	0	0	0	1	0	1	1	1	1	0	1	3	3	3	5	2	3	3	5	2	2	2	0	1	1	0	3	1	0	0	0	2	0	0	2	0	0	1	0	0	1	1	1	0	1	0	0	0	0	1	0	1	0	0	0	0	0	1	2	2	1	2	0	1	0	2	2	3	5	7	4	4	3	1	1	3	1	4	4	3	7	3	1	5	19	0	21	5	4	4	2	4	3	3	1	0	2	0	1	0	3	2	1	1	1	2	2	0	1	0	0	1	1	3	3	0	0	0	0	1	2	2	0	0	1	1	1	0	3	1	0	2	0	1	0	1	0	1	1	1	1	1	0	3	3	2	0	1	1	2	3	1	1	3	2	0	1	3	0	1	0	2	1	6	7	16	3	4	2	1	1	3	4	2	3	2	2	0	3	2	1	0	1	1	2	3	1	0	2	0	0	1	2	0	1	0	0	2	0	0	3	1	0	1	0	7	4	1	2	2	6	2	0	0	1	4	12	31	16	12	14	12	6	10	5	3	10	5	1	3	3	2	1	2	2	1	2	1	0	0	1	4	1	1	1	2	2	0	0
0	0	0	0	0	0	0	0	0	0	1	0	0	0	0	0	1	1	0	1	1	1	1	1	2	3	2	1	0	0	0	2	0	0	2	0	0	1	0	1	0	0	2	0	0	0	0	0	5	2	1	2	0	0	0	0	0	1	0	0	0	0	1	0	1	0	0	0	0	0	1	0	0	0	0	0	0	0	0	0	0	0	0	0	0	0	0	0	0	0	0	1	0	0	0	0	1	0	1	1	0	0	0	0	0	0	1	0	0	0	1	1	0	2	1	0	0	1	0	1	1	1	3	1	1	1	1	1	1	0	0	0	0	1	2	0	0	1	0	0	2	0	2	1	0	0	0	1	0	2	0	1	3	0	0	1	0	1	0	0	0	0	1	0	1	1	1	0	1	0	1	0	0	0	0	1	0	1	1	1	0	1	0	0	0	0	1	0	0	1	3	6	6	7	3	2	8	9	1	6	0	0	3	2	1	1	1	1	3	0	1	0	0	0	0	1	2	1	0	0	1	0	1	0	3	2	1	0	0	0	1	2	1	1	1	1	4	1	1	3	1	0	2	0	1	4	1	7	6	5	2	5	1	3	4	0	3	9	2	10	9	9	18	246	21	0	21	10	2	3	6	8	2	6	3	2	1	1	3	2	1	3	4	3	8	2	0	3	1	0	1	0	1	1	2	1	3	0	1	0	2	3	0	2	1	2	1	0	0	1	0	1	0	0	1	0	0	0	1	0	1	3	1	1	3	2	3	1	1	0	0	1	3	2	0	3	1	4	0	0	1	1	6	10	28	8	6	2	2	1	7	4	2	2	2	0	3	5	1	0	1	5	6	5	2	1	0	2	1	1	3	0	1	1	1	1	1	0	1	2	1	2	1	3	2	2	1	6	6	4	2	2	2	2	3	12	11	11	6	9	8	5	6	20	5	4	1	5	1	3	1	1	5	1	2	1	3	2	0	1	4	1	2	2	2	2	0	0
0	0	0	0	0	0	0	0	0	0	0	1	0	0	0	0	0	0	1	0	0	1	0	1	1	0	1	0	1	0	0	0	1	0	1	0	0	0	0	0	0	0	1	0	0	1	3	1	0	1	1	0	1	1	0	0	0	0	1	2	0	0	0	1	0	0	1	0	2	0	0	0	0	0	0	0	0	0	0	0	0	0	1	0	0	1	0	0	0	0	0	0	1	0	0	0	0	2	0	0	0	0	1	0	0	1	0	0	0	0	0	0	0	3	0	0	0	0	0	0	1	0	0	0	0	0	1	0	0	0	0	2	1	1	0	0	0	0	1	0	0	1	0	1	1	1	0	3	0	1	2	1	4	0	1	1	0	0	0	0	0	2	1	2	0	1	1	0	0	0	0	0	1	0	1	0	1	1	0	1	1	0	0	0	1	0	2	1	0	1	0	2	3	6	0	2	8	6	0	3	2	1	2	0	3	0	2	1	1	0	0	2	2	0	0	1	0	1	1	0	1	2	0	0	0	0	1	0	0	1	1	0	2	2	0	1	2	3	2	3	1	0	0	0	0	1	2	6	9	5	2	1	1	1	2	6	5	3	5	11	16	13	9	18	5	21	0	21	4	2	2	11	10	4	3	5	2	2	1	3	4	1	2	2	3	4	3	1	2	1	3	1	5	3	1	3	2	0	2	2	0	3	3	3	1	1	1	1	3	0	0	0	0	0	1	0	1	1	2	2	1	0	2	1	3	5	4	2	4	3	2	2	8	9	3	3	11	6	5	0	4	8	10	31	14	5	2	0	1	11	8	1	4	4	2	1	0	2	4	1	0	3	5	8	7	4	2	1	1	3	2	0	0	1	1	0	1	3	2	4	3	0	1	5	12	5	5	5	12	24	0	6	3	1	4	9	8	5	4	4	3	4	2	12	21	10	8	7	6	2	2	3	2	5	5	0	5	1	2	4	3	1	3	0	2	8	0	0
0	0	0	0	0	0	0	0	2	1	0	0	0	0	1	1	1	0	0	0	0	1	0	0	0	2	1	1	0	2	0	1	1	0	0	0	0	1	1	0	0	0	0	0	0	1	0	1	0	0	1	0	0	0	0	1	0	0	0	0	0	0	1	0	0	1	0	1	0	0	0	0	0	0	0	0	0	0	0	0	0	0	1	0	0	1	1	0	0	0	1	0	0	0	0	0	0	0	0	1	0	0	1	1	0	1	2	1	0	0	0	3	0	0	0	0	0	0	1	0	0	0	0	0	1	1	1	1	1	0	0	1	1	1	1	0	0	2	0	0	0	0	0	0	0	0	0	1	2	2	2	0	3	3	0	1	1	0	0	3	1	0	1	1	1	3	0	0	2	0	1	0	0	0	1	0	1	0	1	0	0	0	0	0	1	2	0	1	0	1	2	1	3	1	0	0	2	5	1	0	0	3	2	4	2	3	2	1	2	2	4	0	2	3	2	0	0	0	0	0	0	0	0	1	0	1	0	0	0	1	2	0	1	1	1	1	3	1	6	6	1	0	0	5	1	7	6	5	4	5	1	1	0	6	4	14	11	13	4	11	37	54	5	4	4	10	21	0	7	7	12	12	12	14	11	3	4	4	1	2	1	2	0	7	2	7	5	0	2	1	2	3	4	3	2	2	1	3	5	1	1	3	3	1	2	0	3	0	3	1	0	0	1	0	0	1	1	1	1	1	2	2	1	3	1	10	4	2	2	8	6	5	13	22	9	12	20	3	2	3	3	11	9	16	7	17	11	2	2	6	1	2	4	3	1	2	4	3	3	4	0	6	32	15	11	11	12	9	8	3	5	1	0	1	0	0	5	3	1	2	2	2	1	5	2	4	4	5	14	2	7	2	4	3	4	4	1	3	0	5	6	0	3	2	8	1	3	6	3	2	2	1	1	3	2	4	3	0	1	2	3	2	2	2	2	4	0	0
0	0	0	0	0	0	0	0	2	0	0	0	0	0	0	1	0	0	1	1	0	0	1	1	0	2	1	0	0	1	0	0	1	0	0	0	0	0	2	0	0	0	0	0	1	0	0	0	0	0	0	1	2	0	0	0	0	0	0	0	0	1	0	0	0	0	0	0	0	0	1	0	0	0	0	0	0	0	1	0	0	1	0	0	0	0	0	0	0	0	0	0	1	0	0	0	1	0	0	0	0	0	1	0	0	0	1	0	0	0	0	0	0	0	0	0	0	1	0	0	1	1	1	2	0	1	0	0	1	0	1	0	1	1	0	1	0	1	2	1	1	0	1	0	0	0	0	0	0	1	4	0	1	0	0	1	0	1	0	0	0	1	0	1	1	1	0	1	0	0	1	1	0	1	1	2	0	0	0	0	0	1	0	1	1	0	1	0	1	1	0	0	2	3	1	2	5	2	1	0	0	1	3	5	1	0	1	3	1	1	0	2	3	2	4	0	2	0	2	0	1	2	2	0	0	1	3	0	0	1	0	0	1	1	2	5	1	2	1	17	7	3	5	12	10	17	7	4	2	0	0	2	4	0	7	40	11	8	3	2	18	14	2	3	4	2	4	7	0	111	20	6	10	15	11	4	7	1	2	1	1	4	2	4	5	5	2	0	3	0	1	1	3	3	1	1	1	1	5	3	1	1	6	4	6	2	6	3	1	4	2	1	2	1	0	0	1	2	0	2	2	0	0	0	1	1	2	1	1	2	7	5	13	10	9	14	13	8	2	3	1	3	0	3	5	10	14	2	2	6	5	1	3	6	5	4	2	4	4	2	1	12	63	20	7	6	5	21	13	4	3	1	1	3	0	0	2	3	1	0	0	1	2	0	2	1	3	1	5	2	1	3	1	0	3	2	0	1	3	3	0	0	0	3	3	0	1	4	1	0	1	2	0	3	1	2	1	2	2	0	4	0	2	1	0	1	0	0
0	0	0	0	0	0	0	0	1	0	0	0	0	0	0	1	0	1	2	0	0	0	0	1	1	1	0	0	1	0	1	0	0	1	0	0	0	0	0	0	1	1	0	0	1	0	0	0	2	1	1	1	0	0	0	0	0	1	0	0	0	2	0	0	0	1	0	0	0	0	0	0	0	0	0	0	0	0	0	1	1	0	0	0	0	0	0	1	0	0	0	1	1	2	0	1	0	0	0	3	0	0	1	0	0	2	0	0	1	0	0	1	0	1	1	0	0	0	0	0	1	0	0	2	0	0	0	0	0	0	1	2	1	0	0	0	1	1	1	2	0	0	1	2	1	1	1	1	0	1	3	1	1	3	1	2	0	2	1	1	0	1	1	0	0	0	0	0	0	0	0	0	0	0	0	1	1	0	0	0	0	0	0	2	0	0	1	2	0	1	1	1	0	2	1	3	3	2	1	0	2	2	0	1	2	5	0	0	2	1	1	1	0	1	2	1	1	0	0	2	2	0	1	0	1	1	1	1	0	0	1	0	1	0	3	1	2	4	5	19	14	5	6	19	19	31	10	7	3	4	2	1	4	2	8	37	11	7	4	3	12	11	7	0	2	3	2	7	111	0	13	7	8	5	12	2	5	2	3	3	3	2	0	1	4	4	2	0	1	0	2	2	5	2	3	1	2	3	3	2	3	2	7	5	3	1	2	2	1	0	1	1	1	0	1	1	1	1	0	1	2	0	0	1	1	2	7	0	0	1	1	3	3	4	7	8	6	3	1	0	1	1	2	2	7	9	23	7	10	7	1	3	1	0	2	2	5	8	2	5	3	19	95	11	12	19	15	24	7	6	2	1	3	3	1	0	1	0	2	1	0	1	1	0	2	2	6	3	5	4	0	0	1	2	1	3	2	0	2	3	1	0	3	3	4	1	6	1	0	1	1	0	1	1	0	1	3	0	0	4	3	2	1	0	1	1	0	0
0	0	0	0	0	0	0	0	0	0	0	1	0	0	2	0	0	2	0	1	0	0	3	1	0	2	0	1	0	3	0	0	0	0	0	2	0	0	2	1	0	0	0	0	0	1	2	0	0	1	3	1	2	0	0	0	0	2	0	1	0	1	1	0	0	0	0	0	0	0	0	1	0	0	0	0	0	0	0	0	0	0	0	0	0	0	0	0	0	0	0	1	3	1	0	1	0	1	1	0	0	0	1	1	0	0	0	0	0	0	0	1	0	1	0	0	1	2	0	0	1	1	1	2	0	0	1	1	2	0	2	1	1	2	2	2	0	2	1	3	1	0	1	1	1	1	0	1	4	4	4	1	3	2	2	0	1	2	1	0	1	0	1	5	2	1	1	0	1	1	1	0	1	0	2	0	0	0	1	0	0	0	1	0	3	0	0	0	3	0	3	3	2	9	4	7	10	5	6	2	0	1	4	5	3	3	1	4	0	2	1	2	1	1	7	3	1	1	1	1	0	1	3	0	3	1	0	1	1	2	2	2	0	0	1	7	2	8	11	21	11	4	5	3	6	4	11	14	7	4	2	3	1	6	39	55	7	1	8	3	20	8	7	4	4	6	2	12	20	13	0	22	29	28	14	9	15	11	1	3	3	10	5	10	9	13	2	3	0	1	1	3	11	9	8	5	3	1	11	3	1	1	8	5	2	6	5	3	5	0	0	1	3	0	3	1	1	1	1	1	1	3	0	1	3	0	1	2	0	1	4	2	4	11	10	11	6	3	0	2	3	0	3	8	3	11	112	8	5	4	2	3	2	4	1	3	4	0	4	2	2	2	13	2	3	5	1	6	4	2	1	2	1	2	0	1	3	0	0	1	1	1	0	2	3	0	2	4	2	3	1	1	4	2	3	2	3	3	2	1	3	2	1	6	2	1	3	2	2	0	1	0	1	1	2	0	3	1	1	0	4	1	0	2	0	2	0	0
0	0	0	0	0	0	0	0	0	0	0	0	2	0	0	1	0	0	1	2	0	2	1	0	3	1	2	0	0	3	0	0	0	0	2	0	0	0	0	0	1	0	1	0	0	0	1	1	2	0	3	1	1	0	0	0	0	0	0	0	1	0	0	0	0	1	0	0	0	1	0	0	0	0	1	0	0	0	0	0	0	0	0	1	0	0	0	0	0	0	0	1	0	0	1	0	1	2	0	0	0	2	2	0	0	0	0	0	1	0	0	1	0	0	1	1	0	1	0	0	0	0	0	0	1	0	1	0	0	0	1	1	0	1	0	0	0	1	2	1	1	0	0	1	0	0	1	3	4	3	5	4	4	3	1	0	0	0	1	0	0	1	0	2	1	2	3	2	0	0	1	1	3	2	0	0	1	0	0	0	0	0	1	2	0	1	1	2	1	0	3	4	12	12	4	11	49	24	7	0	4	4	4	1	0	4	2	2	2	2	0	2	3	0	2	0	1	0	1	1	1	3	1	1	2	0	1	0	1	2	1	0	2	1	1	3	7	2	4	5	2	2	5	3	1	2	7	34	40	11	9	7	2	5	17	14	6	4	0	4	33	11	17	18	3	8	11	12	6	7	22	0	102	8	2	4	6	6	3	10	4	8	4	8	9	8	1	1	1	4	1	0	6	3	2	5	2	2	1	3	3	1	4	2	1	0	6	2	2	1	0	1	1	2	3	2	1	0	1	0	2	0	0	0	0	4	2	3	1	0	1	3	1	4	2	7	8	4	3	2	4	3	2	5	13	18	19	14	4	3	5	2	3	0	2	2	2	4	1	4	1	6	8	4	3	2	5	5	2	1	0	1	2	0	0	0	2	2	1	2	1	2	1	0	5	2	4	5	6	1	1	1	3	0	4	3	1	4	1	8	7	2	5	11	2	2	1	4	4	0	1	1	1	2	0	1	2	2	1	4	3	0	0	1	2	1	0	0
0	0	0	0	0	0	0	0	0	0	0	0	0	0	2	2	1	0	0	1	0	0	1	2	2	2	1	0	0	0	0	0	1	1	0	0	1	0	0	0	0	0	1	0	0	0	0	0	0	1	1	2	0	1	2	0	0	0	0	2	0	1	0	0	0	0	0	0	1	0	2	0	1	0	1	0	0	0	0	0	0	1	0	1	1	0	0	0	0	0	0	1	0	0	0	3	0	0	1	1	0	0	1	0	1	0	0	0	0	0	1	0	0	1	0	0	0	1	0	0	0	2	0	1	0	0	1	0	0	0	3	1	0	0	1	0	1	1	2	0	2	0	1	0	2	2	0	0	4	2	1	0	5	2	2	1	1	1	3	0	3	1	0	0	0	2	2	0	0	0	2	1	0	1	0	0	2	0	0	0	0	0	2	1	1	0	1	0	1	0	0	0	5	11	5	6	27	10	3	1	1	2	0	5	0	5	0	3	1	1	0	3	3	1	3	1	2	0	2	0	1	1	1	0	0	0	1	1	0	2	0	2	2	1	1	4	7	4	3	8	12	3	2	3	8	6	11	27	16	9	2	5	1	0	12	26	8	3	7	3	89	21	9	8	3	2	10	12	10	8	29	102	0	11	7	8	11	5	2	6	2	4	1	10	7	9	2	1	1	1	2	5	4	3	0	2	0	0	3	1	6	6	2	2	6	3	0	1	2	0	2	0	1	2	0	0	1	0	0	0	2	0	3	1	0	2	1	2	2	0	3	0	2	7	4	5	2	1	3	1	2	4	2	3	9	23	44	17	6	7	2	2	3	4	2	1	3	5	0	3	2	7	11	1	1	5	2	4	4	3	1	0	0	2	1	0	2	0	2	1	0	2	2	1	4	3	4	3	10	2	3	4	2	4	3	4	0	2	2	2	1	2	5	6	5	5	1	0	1	2	1	0	2	1	0	3	1	0	1	3	0	1	0	1	1	2	0	0
0	0	0	0	0	0	0	0	0	0	1	0	1	0	1	0	0	0	1	0	2	1	0	2	0	2	2	1	0	1	0	0	1	0	1	0	1	0	0	0	0	0	0	0	0	0	0	1	0	1	1	1	0	0	0	0	2	1	0	0	0	1	0	0	0	0	1	0	0	0	0	0	2	0	0	1	0	0	0	0	0	2	0	0	0	0	0	0	0	0	0	0	0	0	0	0	0	0	0	0	0	0	0	0	0	0	0	0	0	2	0	2	0	0	1	1	1	2	0	0	1	0	1	2	1	0	1	1	1	4	0	0	1	4	2	1	0	2	1	3	0	1	0	2	1	0	0	0	1	2	2	4	3	2	2	1	0	2	1	1	1	2	4	3	0	3	1	0	0	1	0	0	1	0	1	0	2	2	0	1	0	0	2	1	0	0	0	0	1	0	2	2	2	6	6	4	7	2	2	1	1	3	3	6	5	2	4	1	2	1	5	0	0	2	8	5	1	2	2	4	0	1	1	2	2	4	2	1	1	1	1	1	1	2	3	4	3	3	5	4	9	3	1	8	5	2	4	4	4	7	5	1	1	7	14	21	3	0	3	4	5	7	2	1	1	6	4	14	15	5	28	8	11	0	26	21	52	4	3	2	3	3	5	9	10	26	10	1	2	1	3	5	4	12	3	9	6	2	11	4	4	12	18	9	6	3	9	9	7	3	0	3	2	1	1	0	2	0	1	0	3	0	2	1	2	6	3	2	2	1	3	4	4	3	10	20	11	5	0	2	0	3	2	4	3	9	17	4	2	3	2	0	1	2	2	3	6	1	2	0	1	1	10	4	3	4	0	4	6	7	0	0	4	3	1	1	2	5	4	5	1	2	4	4	4	3	5	8	15	3	1	0	1	0	1	3	1	1	6	5	0	7	3	5	5	1	5	2	2	3	1	2	2	1	1	1	4	3	2	3	5	1	0	0	0	2	0	0
0	0	0	0	0	0	0	0	0	1	0	0	0	1	0	1	0	0	0	0	0	0	0	0	0	4	1	0	1	0	0	0	0	0	1	0	0	0	0	0	0	2	0	0	0	0	1	0	0	0	1	2	0	0	1	0	0	0	0	0	0	0	0	0	0	0	0	0	0	0	0	0	0	0	0	0	0	1	1	0	0	0	0	0	0	0	0	0	0	0	0	2	0	0	0	2	0	2	0	1	0	2	0	1	0	0	0	1	1	1	0	0	0	1	0	0	0	0	1	0	1	0	1	0	1	2	1	0	1	2	2	0	3	2	0	1	2	0	0	1	0	0	0	0	0	3	3	1	1	1	3	0	0	2	3	1	1	0	1	0	0	1	0	0	0	1	0	0	0	0	0	2	1	0	0	0	2	0	0	0	0	1	0	1	0	0	0	0	0	2	2	1	7	3	1	3	5	3	0	0	2	1	1	2	4	1	0	2	2	2	4	3	4	2	6	3	0	1	2	0	0	1	2	1	1	0	0	1	1	3	1	0	3	2	3	10	2	3	3	7	4	1	3	9	5	7	3	2	2	2	2	2	1	4	4	5	3	2	2	2	1	4	3	1	0	3	3	11	11	12	14	2	7	26	0	11	13	3	2	4	1	3	6	10	5	3	4	0	1	3	5	7	11	8	2	5	2	15	16	5	5	21	132	13	8	5	5	6	5	0	0	1	1	0	0	1	1	0	2	1	1	1	2	4	2	1	1	5	5	7	12	13	13	8	26	36	18	8	2	4	0	5	2	4	1	2	6	2	2	3	2	1	3	1	3	0	5	0	0	0	2	0	11	4	1	6	2	7	14	5	1	6	4	3	6	5	3	4	4	0	2	3	3	1	3	4	5	2	4	1	3	2	3	2	0	1	1	0	0	3	1	0	0	0	1	1	1	1	1	2	2	0	0	3	5	0	1	4	1	4	5	2	0	1	0	0	0	0
0	0	0	0	0	0	0	0	0	0	0	0	0	0	0	0	0	1	2	0	1	0	0	2	2	0	0	0	1	1	1	0	0	1	0	0	0	0	0	0	0	0	0	0	1	0	1	2	0	0	5	1	1	0	0	1	0	1	0	1	0	0	0	0	0	0	0	0	0	0	2	0	1	0	0	1	0	0	0	0	0	1	0	0	0	0	3	0	0	1	0	0	0	2	0	1	0	0	1	1	0	0	0	0	1	0	1	0	0	0	0	1	0	0	0	1	0	0	1	1	1	0	0	1	1	0	0	2	1	0	1	4	5	1	4	3	3	2	1	1	0	0	0	1	0	1	1	5	1	3	5	3	4	7	1	1	0	2	0	2	0	2	1	1	1	0	1	0	0	0	0	0	0	0	1	1	1	1	2	1	0	0	0	1	1	2	1	0	2	3	0	3	5	10	3	3	8	7	2	2	3	5	7	14	11	8	5	5	6	8	6	6	8	3	14	4	7	4	3	2	4	2	2	2	3	0	0	0	1	3	2	1	2	6	2	23	5	4	5	8	6	4	5	7	4	1	2	6	4	1	3	4	2	8	8	7	2	1	0	1	4	2	1	1	2	2	5	3	4	2	9	4	8	21	11	0	83	9	4	5	4	7	14	14	11	14	7	0	1	5	4	2	10	11	9	12	5	6	6	13	1	9	18	29	8	7	31	33	9	3	3	1	2	0	3	0	0	0	2	0	1	1	2	1	0	2	0	3	0	2	5	5	3	1	3	12	12	3	1	2	1	0	2	1	2	2	11	3	1	2	4	0	0	0	1	1	1	2	2	2	3	1	0	4	1	0	2	2	2	1	3	1	3	2	1	4	4	3	2	1	5	0	2	0	4	3	1	1	5	0	3	0	1	1	1	0	0	2	5	1	2	3	1	1	0	1	0	0	0	1	1	0	1	2	3	2	2	1	4	2	1	1	1	2	3	2	0	0
0	0	0	0	0	0	0	0	0	0	0	1	1	0	0	0	0	0	1	0	2	1	0	4	2	3	1	0	0	0	1	1	1	1	1	1	1	1	0	0	0	0	1	1	0	1	1	1	0	3	0	1	0	1	0	0	0	1	1	0	1	0	0	0	0	0	0	0	1	0	0	0	0	0	0	0	0	0	1	0	0	0	0	0	0	0	0	0	0	0	0	0	0	1	1	0	2	0	2	0	4	1	0	1	1	1	1	1	0	0	0	0	0	1	1	1	0	1	1	1	0	0	0	1	2	0	0	1	2	3	2	0	2	1	3	3	2	2	0	1	3	0	2	2	1	0	0	4	2	4	4	5	3	11	2	1	2	3	0	2	1	5	4	1	1	1	1	1	1	1	0	0	0	2	2	2	1	0	1	1	0	0	1	1	1	2	1	3	2	0	2	1	9	12	8	9	6	2	3	5	1	2	5	14	7	6	5	2	5	3	5	5	5	5	6	9	2	0	3	3	2	1	3	1	2	2	3	0	2	2	1	2	0	1	5	17	3	1	4	13	8	4	5	0	2	2	3	4	7	3	3	2	7	14	34	8	3	2	1	5	2	2	2	4	0	1	2	4	7	5	15	6	11	52	13	83	0	15	6	7	5	19	19	23	8	28	5	2	1	4	1	11	4	21	12	2	3	5	4	1	3	6	14	11	7	8	21	12	8	3	4	1	0	0	1	1	1	3	0	3	2	2	4	1	4	1	1	2	0	1	2	4	7	5	6	8	2	7	0	0	3	0	1	5	0	4	7	8	4	2	1	0	2	1	0	2	1	1	2	1	3	3	6	8	3	5	1	2	3	1	1	2	2	2	1	1	2	0	4	2	6	1	2	2	3	3	4	4	7	1	1	0	0	2	1	0	2	1	1	0	2	1	2	6	2	3	1	1	2	0	1	2	1	2	0	0	3	4	2	3	0	1	1	1	3	0	0	0
0	0	0	0	0	0	0	0	1	0	0	0	0	0	0	2	1	0	0	3	1	0	1	1	0	1	3	0	1	1	1	0	0	0	0	1	1	0	1	1	0	0	0	0	0	1	1	3	1	3	1	0	1	1	0	0	0	0	0	0	0	0	0	0	1	0	0	0	0	0	0	0	0	0	0	0	1	0	1	0	0	0	1	0	0	0	1	0	0	0	1	0	2	0	1	0	1	0	0	1	0	0	1	2	0	0	3	1	1	1	1	1	2	0	0	0	0	0	0	1	1	0	2	0	0	0	1	0	2	1	1	2	3	2	5	2	2	2	1	2	3	4	0	1	3	2	2	2	5	9	8	11	7	5	2	3	1	3	0	2	1	3	6	1	1	1	0	1	0	0	3	0	2	4	0	1	0	0	1	3	0	1	2	0	2	0	2	0	4	1	6	3	11	7	19	23	12	6	6	3	7	13	9	15	6	7	5	7	5	2	3	0	1	5	9	4	1	2	2	4	1	1	3	0	5	2	0	1	5	1	2	4	2	3	3	18	9	9	5	6	5	4	3	6	4	3	8	9	11	4	2	3	3	15	18	6	0	1	0	1	6	1	2	1	1	1	2	4	1	2	11	6	5	4	3	9	15	0	15	11	28	328	210	17	7	8	2	2	3	1	1	3	2	1	7	5	5	4	1	3	1	1	4	8	6	4	5	5	3	1	1	1	0	0	0	0	0	1	2	0	0	1	0	1	0	1	0	1	2	1	3	3	0	3	2	1	4	0	1	0	0	1	2	3	2	0	6	3	4	0	1	2	1	0	0	1	0	6	2	2	4	1	6	1	1	0	2	2	4	0	0	0	1	0	4	2	1	0	4	1	2	0	3	2	1	0	0	5	6	2	2	1	1	0	4	0	4	0	0	5	2	2	3	3	5	2	2	0	0	0	0	1	1	1	1	2	1	0	1	0	2	0	1	0	0	0	0	0
0	0	0	0	0	0	0	0	0	0	1	0	0	0	0	1	0	0	1	1	0	2	1	0	4	1	1	0	0	0	1	2	0	0	0	1	1	1	2	0	0	0	0	0	0	1	1	1	2	0	1	2	1	0	1	0	0	0	2	0	0	0	1	1	0	1	0	0	0	0	1	0	0	0	0	0	0	0	0	1	0	0	0	0	0	0	0	1	1	0	0	0	0	1	3	0	3	0	1	1	1	3	1	0	0	0	4	0	1	0	0	0	0	1	1	0	1	0	2	1	0	0	0	1	0	1	2	0	2	4	2	0	2	0	0	3	4	5	7	4	4	3	1	3	2	2	3	3	3	8	13	11	8	6	1	4	0	3	0	2	0	0	4	3	0	2	6	1	0	2	1	1	0	0	0	0	0	1	0	2	0	0	1	3	1	1	3	2	9	4	5	3	3	3	9	7	7	2	7	20	6	3	4	5	2	2	2	4	1	1	3	3	3	4	2	5	5	3	0	6	4	4	2	4	3	1	2	2	0	1	1	1	2	1	0	1	3	10	7	4	8	3	1	1	2	1	3	7	6	2	3	3	0	2	3	3	0	0	0	2	1	2	4	0	0	3	1	1	2	3	1	3	2	3	2	4	6	15	0	125	13	16	10	2	3	1	2	0	0	0	1	1	0	2	1	2	2	0	0	1	0	1	0	2	1	3	2	2	0	0	0	1	2	2	0	0	3	1	0	0	1	0	2	1	0	0	0	0	0	1	1	0	2	1	1	1	2	3	1	1	0	0	1	0	4	1	5	10	7	2	1	1	2	2	0	1	1	1	4	2	5	0	0	0	1	2	1	2	1	0	1	1	1	0	1	1	0	1	1	0	1	0	0	0	3	0	3	1	2	1	0	0	0	1	1	1	2	0	1	1	1	5	2	2	0	0	0	1	0	0	1	2	2	2	1	0	0	1	1	1	2	2	2	0	1	0	0	0
0	0	0	0	0	0	0	0	0	0	0	0	0	0	1	0	0	0	1	2	1	1	2	3	3	5	1	1	1	2	0	1	0	3	1	1	1	0	0	0	0	0	0	0	0	1	0	0	4	1	1	1	0	1	1	0	0	0	2	0	0	0	0	2	1	2	0	0	0	0	0	0	0	0	0	0	0	1	0	0	0	0	0	1	0	0	1	1	0	1	0	1	1	1	1	2	1	1	0	0	0	1	0	0	2	1	1	1	0	4	0	0	0	2	0	0	0	0	0	0	1	0	0	1	0	0	1	1	3	1	1	1	0	1	1	3	4	5	2	0	2	0	1	3	6	2	3	3	6	6	14	19	7	6	3	1	0	2	0	0	0	1	1	5	2	0	1	1	0	2	0	1	0	1	0	2	4	0	1	0	1	1	0	0	0	2	4	4	8	4	2	2	8	4	2	14	7	12	6	9	9	5	3	6	1	2	1	5	4	2	2	2	2	5	4	1	2	1	0	4	8	5	9	1	5	1	0	0	2	1	1	3	1	2	4	8	7	19	10	6	4	0	3	4	1	1	5	10	4	4	1	0	1	2	14	2	4	3	1	3	5	2	1	0	3	2	3	2	1	3	3	10	6	2	4	5	7	11	125	0	20	25	15	4	4	3	0	1	2	0	3	1	2	2	2	1	1	0	0	1	2	2	4	0	3	4	1	4	1	4	1	0	1	1	1	0	0	0	0	0	0	0	0	0	1	2	1	0	0	0	1	3	1	0	2	2	3	1	1	0	1	1	1	2	2	3	1	9	11	0	1	1	3	0	0	2	1	2	1	4	7	5	3	3	1	0	1	0	2	1	0	1	0	1	0	1	2	2	2	0	1	2	0	0	2	1	2	3	0	1	1	0	1	0	2	0	0	1	1	1	2	0	3	3	3	0	0	1	0	2	0	1	0	1	0	0	0	0	0	0	2	3	1	1	0	1	0	0
0	0	0	0	0	0	0	0	0	0	0	0	0	0	0	2	0	0	1	1	4	3	8	8	7	2	1	0	1	1	2	1	1	0	0	2	0	1	1	2	1	0	0	0	0	2	2	1	2	5	1	1	2	4	1	0	1	0	0	0	1	1	0	1	0	0	0	0	0	0	0	0	0	3	1	0	0	0	0	0	0	1	0	0	0	0	0	0	0	1	0	1	0	0	0	1	1	0	0	2	0	0	0	0	1	0	1	1	0	2	0	1	2	0	0	0	0	0	0	0	0	3	1	0	0	0	1	3	1	3	2	1	1	2	4	3	3	9	3	1	2	5	1	3	3	6	3	3	9	17	13	28	12	5	3	5	2	3	1	1	3	3	3	2	1	5	1	3	3	1	0	2	1	0	0	1	2	1	1	2	1	3	1	0	2	2	4	3	9	6	9	6	8	12	14	41	14	5	13	22	20	21	8	5	3	11	10	7	3	2	4	3	5	6	2	3	3	6	0	4	4	4	1	1	4	1	4	1	3	5	1	1	3	2	5	5	4	8	4	2	4	0	0	3	1	5	3	9	4	5	4	2	6	9	9	2	1	0	0	1	3	4	3	1	2	1	4	1	1	3	3	4	2	3	1	4	5	28	13	20	0	31	33	12	5	5	1	1	1	0	1	0	2	1	2	1	2	2	0	1	3	2	1	3	3	0	5	0	2	4	4	0	0	0	0	0	1	1	1	1	0	0	2	2	2	1	2	2	0	0	1	1	3	0	2	1	2	2	1	1	2	1	1	3	3	3	2	0	7	0	1	3	0	1	0	3	3	1	0	1	2	1	1	0	0	0	3	1	2	2	0	0	2	1	1	1	0	1	1	1	0	0	1	1	2	4	2	3	2	1	0	0	0	0	3	0	0	0	4	4	5	1	2	4	0	1	2	2	0	0	1	0	1	1	0	1	0	4	1	0	2	1	0	1	1	1	0	0
0	0	0	0	0	0	0	0	0	1	1	0	0	1	0	1	0	0	2	1	1	0	4	3	0	1	2	2	0	2	3	0	0	0	1	1	1	0	0	0	0	0	0	2	1	0	0	0	1	3	6	0	3	1	0	1	0	0	0	1	0	0	1	0	1	1	0	0	0	0	0	0	0	0	0	0	0	0	0	0	0	1	0	1	1	1	1	0	0	1	0	2	0	1	1	2	0	1	0	1	1	0	0	0	1	1	1	0	0	1	1	1	2	0	0	0	1	0	1	0	0	1	0	0	1	0	1	1	0	0	2	2	2	2	5	1	0	6	1	0	0	1	3	1	3	5	4	5	8	9	11	3	8	7	1	1	0	3	1	0	2	4	3	2	1	0	1	3	1	1	1	2	1	0	5	0	1	1	0	2	0	2	2	1	2	0	0	3	3	1	5	2	8	10	9	16	15	7	5	11	6	5	7	10	4	8	5	5	0	6	1	1	3	1	3	4	5	1	2	2	2	3	0	4	1	0	1	1	5	3	1	4	1	2	0	13	8	6	6	13	10	3	2	3	2	3	6	14	9	8	4	0	4	3	38	9	3	2	0	5	8	1	6	2	1	3	1	2	4	2	10	8	4	3	3	7	19	328	16	25	31	0	101	18	7	6	4	5	0	1	5	2	4	4	4	0	2	3	2	2	3	2	6	6	1	0	6	5	3	0	1	2	0	3	0	0	3	0	2	0	2	0	0	0	0	0	2	3	1	0	4	5	2	1	3	6	3	2	0	0	0	1	0	1	4	7	9	9	7	2	0	1	1	1	0	1	2	0	1	3	1	3	2	3	1	3	2	3	2	1	1	2	0	0	2	0	0	2	2	1	2	2	1	2	3	7	2	2	3	1	1	0	2	2	0	0	0	1	1	2	2	2	3	2	1	2	1	3	2	1	2	1	0	1	0	0	1	0	1	1	0	0	2	1	0	2	0	0
0	0	0	0	0	0	0	0	1	0	0	0	0	0	0	1	1	2	1	3	2	2	3	1	2	1	0	0	1	0	2	1	1	1	0	1	0	0	2	0	0	1	0	1	1	3	2	0	1	2	1	3	0	0	0	0	0	1	1	0	0	0	0	1	0	0	2	0	0	1	0	0	0	0	2	0	1	1	0	0	0	0	0	0	0	0	1	0	0	1	0	0	0	2	2	0	0	0	1	2	0	2	0	0	3	1	3	0	1	0	0	0	1	1	1	2	0	1	0	0	1	2	2	0	0	2	0	0	2	2	2	1	1	6	10	2	4	3	2	1	1	2	0	2	1	5	1	4	3	18	19	11	22	9	3	1	2	1	1	0	1	0	5	3	1	0	3	1	0	1	1	1	2	1	1	2	1	1	1	0	0	2	0	4	0	1	2	2	5	2	4	6	7	13	17	19	6	6	7	6	4	7	7	12	5	9	9	14	5	4	2	5	6	6	11	5	2	0	3	5	0	2	4	6	1	3	3	1	2	2	5	4	5	1	5	30	5	6	12	8	7	2	6	3	2	3	8	6	4	2	4	5	3	6	37	9	3	2	2	3	1	4	2	2	1	4	2	0	2	0	5	4	1	5	6	14	19	210	10	15	33	101	0	19	9	7	4	0	0	2	0	0	2	7	8	2	2	0	2	1	3	1	2	7	5	9	16	10	4	5	4	0	1	2	1	0	1	0	0	1	2	0	0	0	1	2	0	1	2	0	1	0	1	1	0	4	3	1	1	1	1	2	1	0	2	5	10	9	6	1	2	0	0	2	1	0	2	0	5	1	2	1	2	2	1	1	0	7	3	0	3	0	2	1	1	1	1	2	4	2	2	2	1	2	3	4	0	2	1	1	1	0	0	1	0	0	0	1	4	1	2	2	3	1	2	2	1	1	1	0	0	0	0	1	1	0	1	0	0	1	1	1	2	0	1	0	0	0
0	0	0	0	0	0	0	0	0	0	1	0	0	0	0	1	1	1	0	1	2	0	2	5	3	3	2	0	1	0	0	0	1	1	0	0	0	0	0	1	0	0	0	0	0	3	2	1	1	0	4	6	0	1	0	2	2	1	0	0	0	2	0	1	0	1	1	0	0	1	0	0	0	0	0	0	0	0	0	0	0	1	0	1	1	0	0	0	0	0	1	0	0	0	0	0	0	0	1	2	0	1	1	2	1	1	1	0	0	0	1	2	1	2	0	1	0	0	1	0	1	2	0	1	2	0	1	1	0	3	3	2	1	2	3	0	1	1	2	2	0	0	0	3	3	1	0	7	4	3	5	9	4	4	2	1	1	2	1	0	1	2	5	2	1	2	1	1	0	4	0	1	1	1	1	3	2	2	0	0	0	0	0	3	0	0	3	1	2	1	1	11	9	33	12	11	4	5	4	4	2	11	14	54	13	24	13	6	2	2	4	7	4	10	8	4	4	5	6	4	2	1	0	1	4	4	3	0	2	0	0	2	4	10	4	9	2	1	2	5	6	2	4	1	4	0	2	8	8	8	7	8	5	107	7	5	1	0	1	2	4	2	2	0	1	3	2	7	4	1	10	8	10	9	10	14	23	17	2	4	12	18	19	0	34	22	7	2	1	2	4	4	4	12	12	6	7	3	5	6	4	4	2	3	6	4	4	14	11	6	1	1	0	2	3	0	1	0	0	0	1	0	1	0	1	1	1	1	3	2	2	2	1	3	3	5	1	3	3	3	0	2	0	1	1	3	6	8	5	1	0	0	2	0	1	1	1	0	2	0	2	0	0	1	3	1	0	2	1	2	3	2	1	2	2	4	4	1	4	3	4	3	1	3	3	2	4	5	6	1	0	0	0	1	2	1	0	0	5	3	2	0	4	6	1	2	0	1	1	2	1	0	1	0	0	1	1	2	0	4	4	0	0	1	0	1	0	0
0	0	0	0	0	0	0	0	0	0	0	0	0	0	2	1	0	1	0	0	1	2	0	1	2	1	0	1	1	1	0	2	0	1	0	2	1	0	0	1	0	0	2	0	0	0	2	0	1	2	3	1	0	0	1	0	0	0	2	0	0	0	0	0	0	0	1	0	1	0	0	0	0	0	0	0	0	0	1	0	0	0	0	1	0	0	0	0	0	0	2	0	1	1	0	0	0	0	0	2	1	1	1	0	1	0	0	0	0	0	0	0	1	1	3	1	0	0	1	1	0	1	3	0	1	1	1	2	0	1	0	1	0	3	1	1	1	1	1	0	1	0	0	0	0	0	0	1	3	1	7	3	3	2	2	0	1	2	0	0	0	0	2	1	1	1	1	0	0	0	1	0	0	2	1	1	3	0	5	0	0	1	0	1	0	0	3	1	1	1	2	0	18	48	10	12	5	6	4	2	0	4	8	13	6	10	5	3	0	2	7	1	5	1	4	2	0	2	1	0	0	0	1	0	2	0	0	0	0	0	1	1	3	0	2	5	3	5	1	2	2	3	1	2	2	2	3	6	6	13	5	4	9	38	12	1	1	2	1	3	1	3	0	5	2	8	3	2	5	4	9	9	7	10	5	11	8	7	3	4	5	7	9	34	0	154	12	1	1	2	3	4	7	15	11	12	4	3	3	4	4	3	2	3	3	4	2	7	9	2	4	1	1	1	1	1	2	0	2	2	1	2	2	1	0	1	2	5	3	3	2	2	5	2	4	0	7	2	2	3	1	3	1	4	5	1	9	4	2	1	2	4	0	1	0	0	0	0	0	2	0	1	4	1	0	1	1	5	2	1	1	1	1	0	1	3	3	1	4	2	1	0	4	4	7	7	6	15	20	0	0	2	1	2	2	1	0	1	3	5	2	3	5	3	2	2	1	4	4	1	1	0	2	3	1	2	4	1	4	0	4	2	1	0	1	1	0	0
0	0	0	0	0	0	0	0	0	0	0	0	1	1	1	1	1	0	1	1	2	2	2	1	1	2	0	1	0	1	1	2	0	1	0	2	0	0	0	0	0	1	0	1	1	1	0	3	1	5	1	0	2	0	2	0	1	0	2	1	1	1	0	2	0	0	1	0	1	0	0	0	0	0	0	0	0	0	0	1	0	0	0	0	0	0	0	0	0	1	0	1	0	0	0	1	0	0	2	0	0	0	0	2	1	0	1	0	1	1	0	0	1	1	1	1	0	0	1	1	0	0	2	3	1	0	0	0	1	0	1	0	1	0	2	1	1	0	0	1	1	1	1	0	0	1	0	3	0	2	4	3	1	2	0	1	0	0	0	2	0	0	2	2	0	0	3	1	0	0	2	1	0	0	0	1	1	1	1	1	1	1	2	2	1	1	0	1	1	3	1	5	4	17	11	4	4	4	1	1	4	7	6	9	7	3	6	7	1	4	6	2	0	3	5	4	1	2	1	2	1	1	1	0	3	0	1	1	0	1	0	1	2	1	3	3	0	3	2	8	5	4	2	6	2	2	1	5	13	6	5	3	7	24	8	3	2	0	4	0	7	4	3	2	2	2	4	7	5	4	13	8	9	26	3	14	28	8	1	3	5	6	7	22	154	0	10	4	1	5	6	6	16	29	4	11	4	0	5	8	1	3	5	5	6	5	4	9	17	4	0	0	0	0	2	2	2	1	1	1	2	1	1	2	1	1	4	3	0	2	3	4	4	3	4	6	12	5	2	3	1	0	4	3	3	3	4	1	1	5	3	2	1	1	1	1	1	1	0	0	1	1	4	3	2	2	1	3	3	2	1	1	1	0	1	1	7	4	11	3	3	1	3	3	10	6	12	19	30	0	0	1	0	2	0	0	2	3	0	4	8	1	5	6	5	3	0	3	1	3	0	2	1	3	2	1	4	3	5	6	2	0	0	0	0	0	0	0
0	0	0	0	0	0	0	0	1	0	0	2	0	0	1	0	0	0	1	0	2	0	0	4	3	0	3	0	1	0	0	0	1	0	1	1	0	0	1	0	1	0	1	1	0	2	4	1	0	4	3	2	1	0	2	1	0	0	1	0	1	1	1	0	0	1	0	1	0	0	0	1	1	0	0	0	1	0	0	0	0	0	0	0	0	0	1	0	0	0	0	0	1	0	1	0	0	2	1	0	1	2	0	0	0	0	0	1	0	0	1	0	3	1	0	0	1	1	4	0	1	0	1	1	0	0	1	0	1	4	2	0	3	3	0	0	1	0	1	0	2	0	0	1	0	0	0	0	0	1	2	1	4	0	0	2	1	2	0	0	2	2	2	1	3	3	1	2	1	2	2	0	0	1	1	2	2	3	3	1	1	0	2	0	1	1	1	1	0	1	1	3	4	4	3	1	2	2	3	2	0	2	7	7	7	6	1	2	1	1	2	5	2	5	2	2	4	0	1	1	3	2	0	1	0	2	0	0	1	0	1	2	3	2	5	3	1	2	3	3	1	1	3	4	1	0	4	1	2	3	7	1	8	3	2	1	1	0	0	1	1	1	1	3	0	0	3	5	2	2	2	1	2	10	4	7	5	2	2	0	1	4	4	7	12	10	0	14	6	12	9	13	13	25	20	60	17	6	9	10	7	4	6	0	5	4	6	8	34	12	8	3	2	1	3	3	5	1	7	5	4	4	2	3	4	4	5	7	5	2	1	1	2	6	1	4	4	5	0	2	0	3	2	1	2	2	0	0	3	1	0	1	1	0	0	1	2	0	0	2	2	2	3	3	1	1	2	0	1	4	4	2	4	4	1	6	16	8	37	7	5	5	3	5	2	6	13	15	11	0	1	0	2	0	1	0	3	1	1	1	1	1	1	2	0	0	0	0	5	2	2	4	1	2	0	3	2	2	9	4	3	3	1	1	1	1	0	0
0	0	0	0	0	0	0	0	1	0	0	0	0	0	0	0	0	1	1	0	0	1	1	0	1	0	2	0	1	0	0	1	0	0	0	0	0	1	0	1	1	0	0	0	0	0	0	0	2	1	1	1	2	0	0	0	3	1	0	0	0	1	0	1	0	0	0	1	0	0	0	2	0	0	0	0	0	0	0	0	0	0	0	0	0	1	1	0	2	0	0	1	0	0	0	0	0	3	0	0	0	1	2	1	1	0	0	0	0	0	0	0	2	1	1	0	0	0	3	0	1	0	1	1	2	0	2	3	2	1	2	0	2	1	0	1	1	0	0	0	0	0	0	0	0	1	0	0	1	1	0	1	3	2	0	2	1	0	1	1	1	3	1	1	2	4	2	2	1	1	1	0	0	0	0	0	1	0	1	0	0	1	0	0	1	0	1	0	0	1	3	2	1	1	3	1	0	1	0	1	1	0	1	5	2	5	0	5	0	2	1	2	3	3	1	0	0	2	0	1	2	1	2	0	0	1	0	0	1	0	1	0	1	2	1	0	1	0	2	0	0	0	2	2	0	0	1	3	2	2	1	4	2	1	1	2	1	0	1	1	3	0	2	1	1	3	1	0	0	0	3	1	1	1	0	0	2	2	0	1	1	5	0	2	1	4	14	0	26	47	10	6	11	8	6	11	22	1	6	2	6	6	1	4	1	1	1	2	6	5	5	4	6	1	2	3	1	8	12	5	6	2	3	1	0	1	0	6	5	5	3	3	3	5	3	1	4	8	1	2	0	2	1	0	3	0	0	1	2	0	0	2	0	0	1	0	0	2	0	0	1	2	1	3	0	0	2	1	0	3	3	2	8	9	7	11	19	24	15	16	10	5	1	3	5	5	9	4	5	1	1	1	1	2	0	2	1	1	0	1	1	1	0	1	0	0	2	0	1	1	1	2	1	2	1	3	4	3	4	4	2	1	1	0	0	0	0	0
0	0	0	0	0	0	0	0	0	0	0	1	0	0	0	0	0	2	0	0	1	0	0	0	0	0	0	0	0	0	1	0	0	3	0	1	0	1	0	0	0	0	0	1	0	0	0	0	1	1	3	0	1	1	0	0	1	1	1	0	0	0	0	0	0	1	0	0	0	0	0	0	1	0	0	1	0	0	0	1	0	1	0	0	0	0	0	0	0	0	0	0	1	0	0	0	1	0	5	2	0	0	1	0	0	1	1	0	1	0	1	0	1	0	1	3	2	1	0	0	1	0	1	3	2	1	1	3	3	0	1	4	1	2	1	0	1	1	1	1	2	0	0	0	0	2	0	1	3	1	0	1	1	0	0	1	2	2	0	0	2	0	2	2	1	2	1	1	0	2	0	1	1	1	0	0	0	0	0	0	1	1	0	0	0	0	0	2	0	0	0	1	4	3	4	0	1	2	1	1	2	1	0	1	3	3	2	0	0	1	4	2	0	1	0	0	1	0	1	1	2	1	1	2	0	0	1	0	0	2	1	2	0	3	2	2	1	0	1	0	1	0	1	1	0	0	0	1	2	0	0	0	2	4	2	2	1	1	1	1	0	0	0	0	0	1	2	2	3	1	0	1	1	2	1	1	1	3	0	2	1	0	0	1	1	1	6	26	0	122	12	2	5	4	4	5	14	4	4	3	3	0	3	0	4	1	2	1	2	6	9	11	8	7	9	1	8	6	14	8	6	2	0	0	1	2	2	2	2	4	0	4	1	4	0	3	3	1	1	2	0	0	2	1	1	2	0	0	1	2	0	2	0	0	1	3	0	0	1	0	2	1	2	2	1	1	1	1	0	1	1	2	1	2	8	18	9	10	5	6	6	1	1	3	5	1	3	4	2	1	0	0	1	1	0	0	0	0	0	0	1	0	2	0	2	1	3	0	0	0	0	1	0	0	2	2	2	2	2	1	2	0	0	2	2	0	0	0
0	0	0	0	0	0	0	0	0	1	0	0	0	0	0	0	0	0	0	0	0	0	2	1	0	0	0	2	0	0	2	0	0	1	0	1	2	0	0	1	0	0	3	1	1	0	1	1	0	3	2	0	1	0	0	1	1	0	0	0	0	0	2	1	1	0	0	0	0	0	0	0	0	0	0	0	0	0	0	0	0	0	0	1	0	1	0	2	0	0	1	1	1	0	0	0	0	0	3	2	3	0	0	1	0	1	1	0	0	0	2	0	2	1	0	0	0	0	2	0	0	3	2	2	4	2	2	1	1	1	4	3	0	3	1	1	0	1	0	2	0	0	0	0	1	0	2	1	2	1	4	2	1	3	1	2	0	0	0	0	1	1	1	3	1	3	1	2	2	1	0	1	0	1	1	0	0	1	1	0	1	0	0	0	0	0	1	0	0	0	2	0	2	2	2	1	2	1	0	2	2	2	1	1	7	6	3	1	0	2	3	3	3	0	0	0	1	3	0	2	0	0	1	3	0	0	0	0	1	1	0	0	3	1	3	4	0	1	0	3	2	0	0	1	1	1	0	2	0	3	2	3	2	3	1	0	0	1	0	0	0	2	0	2	0	0	1	1	0	0	1	4	1	1	3	5	4	1	0	0	0	1	2	2	2	5	12	47	122	0	13	7	8	5	5	16	15	4	4	2	8	2	0	2	0	0	1	5	11	13	6	3	3	3	6	2	9	10	8	12	4	2	3	1	1	0	4	7	4	3	4	2	0	2	0	1	2	0	1	0	1	0	1	2	0	0	2	0	1	0	0	0	0	0	1	0	0	1	0	1	1	0	2	0	0	1	0	1	1	1	2	1	2	6	10	15	7	12	6	13	5	4	4	3	0	4	9	3	1	1	0	0	2	0	0	0	0	2	1	0	2	1	5	2	1	0	2	2	0	1	0	0	1	1	3	1	3	2	6	2	1	1	1	0	0	2	0	0
0	0	0	0	0	0	0	0	0	0	0	1	0	1	1	1	0	0	0	1	2	1	0	0	1	2	0	1	2	1	0	1	1	0	2	0	0	0	1	1	0	1	0	1	1	2	3	1	2	1	1	2	3	0	0	0	1	0	0	1	1	0	0	1	1	0	1	0	0	0	0	0	0	0	0	0	0	0	0	0	0	0	0	0	0	1	0	0	0	0	1	0	1	0	1	2	1	2	0	1	1	1	1	1	2	0	0	0	0	0	0	0	1	1	0	0	0	1	1	0	1	0	3	2	4	0	2	2	3	3	2	1	6	4	1	0	2	1	1	0	1	0	0	1	1	1	1	4	3	4	5	0	3	0	2	0	1	1	1	0	0	1	1	3	2	3	0	2	1	0	1	2	0	1	2	1	1	1	1	0	1	0	0	0	1	1	1	0	1	0	2	0	2	2	1	0	1	0	1	2	0	0	1	2	14	3	7	2	5	7	4	6	2	3	4	3	1	2	4	2	2	0	0	2	0	2	0	0	2	0	2	3	3	7	9	4	1	0	3	2	0	2	2	0	1	0	0	3	3	1	4	5	1	2	2	2	0	1	1	0	2	1	1	2	1	1	3	2	1	2	1	1	2	3	5	4	1	1	1	3	1	5	0	4	3	6	9	10	12	13	0	15	6	11	9	20	29	12	8	25	19	6	4	3	7	1	7	8	10	3	8	19	7	5	2	3	2	3	2	2	1	2	0	1	0	1	2	3	0	2	2	3	5	1	3	3	4	1	1	1	0	2	2	1	0	2	1	1	0	2	1	0	1	3	1	1	1	2	1	0	0	1	0	1	0	1	1	0	0	3	2	5	0	7	12	6	9	7	4	3	3	1	0	0	7	1	5	6	2	2	1	0	2	0	0	0	0	0	1	1	1	1	1	0	0	0	1	0	0	1	1	0	0	0	0	1	2	1	4	2	2	1	2	0	0	1	0	0
0	0	0	0	0	0	0	0	0	2	1	0	0	0	0	0	1	1	0	1	0	3	0	2	2	2	0	1	0	0	0	0	1	0	0	0	0	0	0	1	0	0	0	1	0	1	0	0	2	0	0	0	0	0	0	0	0	0	1	2	3	0	1	0	3	0	0	1	0	0	0	0	0	0	0	0	1	0	0	0	0	0	0	0	1	0	1	0	0	0	0	1	1	1	2	0	1	1	1	0	2	2	2	1	0	0	0	0	0	0	2	2	0	1	0	1	1	1	0	0	0	2	1	0	0	1	1	2	2	3	2	3	4	1	0	1	2	0	2	1	0	0	1	0	0	2	0	0	1	2	0	1	2	1	2	1	2	0	0	0	0	1	2	1	1	1	1	2	1	0	1	0	0	0	1	2	2	0	0	0	0	2	0	2	0	0	0	1	2	2	2	2	5	5	2	1	2	0	0	2	1	3	2	2	6	5	6	5	4	0	4	4	3	3	1	1	0	1	0	1	0	0	1	1	0	1	2	1	0	0	0	2	2	3	4	4	3	2	1	4	3	2	0	0	2	0	1	1	1	3	3	2	4	4	1	4	1	2	1	1	1	3	1	0	1	0	1	3	1	2	3	0	5	5	7	2	11	3	1	1	0	2	0	4	4	6	13	6	2	7	15	0	17	20	5	26	39	24	62	12	56	22	12	7	2	3	5	18	18	4	1	4	3	4	3	2	1	2	4	3	0	2	0	3	2	3	3	4	3	10	9	18	7	0	3	9	6	4	2	1	1	3	3	1	0	2	2	2	5	1	0	0	1	0	2	3	2	1	4	1	1	0	4	3	0	0	0	5	4	3	6	5	8	14	8	5	33	13	9	3	3	2	4	3	4	2	2	3	7	0	0	1	0	2	1	1	0	1	2	2	1	1	2	1	1	1	3	1	0	1	2	1	2	3	2	1	2	3	2	6	5	0	1	0	0	3	0	0
0	0	0	0	0	0	0	0	0	0	0	0	0	0	1	0	2	0	1	1	1	1	0	0	1	1	2	0	0	4	0	0	1	0	0	0	0	0	0	0	0	1	0	0	1	0	0	0	1	0	1	2	1	1	0	0	0	0	0	0	0	0	0	1	2	0	0	1	0	0	0	1	0	0	0	0	0	1	0	0	0	0	0	0	0	0	0	0	0	0	1	0	0	0	0	0	0	1	1	1	0	1	0	0	0	0	0	0	0	1	0	0	1	1	0	0	0	1	1	0	1	0	0	0	0	0	0	2	0	1	0	3	1	0	1	1	0	1	0	1	2	1	0	0	0	1	0	2	1	1	2	2	1	0	1	1	0	1	1	1	0	1	0	2	1	2	1	0	1	0	0	1	0	1	1	0	0	1	0	0	0	2	0	0	0	0	0	2	0	1	0	2	3	4	2	5	2	4	1	3	2	1	2	9	5	2	2	3	1	4	3	3	1	2	2	1	0	1	1	1	0	1	1	2	2	0	0	0	0	2	0	0	1	1	2	3	1	1	0	4	3	3	0	2	1	3	0	4	3	1	8	3	5	1	4	1	0	1	1	1	1	2	4	1	3	1	5	4	3	5	11	6	4	4	11	10	4	2	0	2	2	4	2	4	7	16	13	11	5	8	6	17	0	13	7	15	12	10	29	4	5	8	9	3	4	3	3	3	16	2	2	3	3	0	1	2	1	4	3	2	0	5	3	1	3	5	4	11	8	5	5	9	4	5	11	13	18	3	11	2	2	3	1	0	1	2	2	2	1	3	1	0	2	1	1	4	1	1	4	0	0	2	1	2	2	1	2	4	4	4	5	1	6	4	5	5	25	7	17	5	3	2	4	4	9	7	15	13	13	2	2	2	1	0	3	2	1	3	2	2	1	1	1	4	5	4	2	2	3	2	0	2	3	3	3	5	4	3	12	10	8	5	1	1	1	3	0	0
0	0	0	0	0	0	0	0	0	0	0	1	0	0	3	1	1	2	3	1	0	1	1	3	2	2	0	2	1	0	0	1	0	0	1	0	1	0	0	0	0	0	1	0	0	2	0	1	1	3	4	2	1	1	0	0	0	1	1	1	0	0	0	0	0	0	1	0	0	0	0	0	0	0	0	0	0	0	0	0	0	1	0	0	0	0	0	0	0	0	0	0	0	0	2	0	0	1	2	1	0	1	0	0	2	0	1	0	1	0	2	0	0	0	1	0	1	1	1	0	1	1	1	3	1	1	0	2	1	0	0	1	4	2	2	1	1	0	1	0	0	0	2	0	1	2	0	2	5	1	1	4	3	4	2	2	1	2	0	2	0	2	5	1	0	0	0	3	1	0	0	0	0	0	0	0	0	1	1	1	0	0	3	0	0	0	1	1	0	4	4	4	8	7	2	2	1	1	3	2	1	6	6	14	22	14	9	5	1	3	1	5	1	7	8	5	3	0	2	3	2	6	2	2	2	1	0	0	2	0	1	1	2	2	6	3	1	3	4	3	3	2	1	3	2	5	1	2	2	5	1	7	4	20	4	2	0	3	0	4	0	2	3	0	3	1	3	3	3	2	9	3	3	12	8	11	21	1	2	2	1	4	7	12	15	29	25	8	4	5	11	20	13	0	22	51	10	3	11	12	6	8	10	3	4	4	4	16	104	9	4	6	1	0	3	2	3	4	5	4	1	1	0	1	3	2	2	3	2	4	5	4	2	2	8	4	11	2	3	1	1	1	0	2	1	1	3	1	1	0	1	1	0	0	1	0	1	1	0	0	0	3	4	1	1	1	2	1	1	3	3	3	4	6	3	2	5	4	14	4	8	4	1	2	3	1	11	9	11	0	1	0	1	0	1	0	0	2	1	1	2	0	4	4	0	0	0	2	2	0	0	1	4	1	2	2	1	1	4	3	2	2	4	1	1	1	0	0
0	0	0	0	0	0	0	0	1	0	2	0	1	0	0	0	2	1	3	0	1	5	2	3	1	1	1	0	2	1	1	3	2	1	1	0	0	1	2	1	0	2	1	0	2	6	1	0	3	1	2	0	2	1	1	0	0	1	1	0	2	1	2	0	0	0	3	0	0	1	1	0	0	0	0	0	0	0	0	0	0	0	0	0	0	0	0	0	0	0	1	0	2	0	0	0	0	2	0	0	0	1	1	1	0	0	0	1	1	0	0	2	0	1	1	2	0	1	0	2	2	1	4	4	1	2	0	4	1	5	0	2	9	2	5	0	0	1	0	0	2	0	1	0	2	2	2	3	5	3	1	0	3	3	2	2	2	4	1	1	4	3	15	7	4	2	2	5	4	1	1	1	1	2	1	2	2	0	3	2	0	1	1	0	0	2	1	2	2	1	3	6	1	6	4	5	1	3	2	1	2	4	6	21	16	26	20	5	3	3	4	5	4	7	3	4	3	1	3	3	2	3	2	3	0	0	0	1	2	1	2	1	1	8	11	5	5	0	2	2	1	0	2	2	1	1	2	1	2	3	6	5	7	9	3	0	0	0	0	0	2	1	1	1	0	2	1	2	1	3	8	2	0	3	2	9	12	7	1	2	2	4	8	12	11	4	20	6	4	5	9	5	7	22	0	17	10	4	4	5	5	3	0	8	4	0	5	9	32	27	8	5	3	1	1	0	0	4	3	3	0	1	0	1	1	2	1	2	2	0	1	2	1	1	0	3	4	0	2	3	1	2	2	0	0	0	3	1	2	3	2	1	1	0	0	0	1	2	0	3	1	0	1	2	2	0	3	1	0	0	1	3	3	2	3	3	3	4	3	2	4	3	4	2	2	6	5	7	2	1	1	0	1	0	0	0	1	3	0	2	1	1	0	0	2	1	1	1	2	0	1	0	2	2	0	2	1	1	1	2	2	1	0	1	0	0	0	0
0	0	0	0	0	0	0	0	0	1	0	0	1	0	0	0	1	0	0	3	0	2	3	0	2	1	0	0	1	1	0	1	0	1	0	0	1	1	0	1	1	0	0	0	1	1	2	2	1	0	0	3	1	0	1	0	1	0	1	0	0	1	0	0	0	0	0	2	1	1	0	0	0	0	0	0	0	0	0	0	2	0	0	1	1	0	1	0	0	0	0	0	0	0	0	0	2	1	1	2	0	0	1	0	0	0	0	0	2	1	3	0	0	1	0	2	1	0	0	0	0	2	1	6	2	0	1	1	3	3	4	2	2	0	1	3	0	2	0	1	1	0	2	1	0	1	0	1	2	3	1	0	1	3	1	1	2	1	0	1	2	3	4	1	4	3	0	0	0	0	2	1	1	2	1	0	1	1	0	0	0	1	1	0	2	0	0	2	0	1	1	3	1	0	3	2	1	2	0	1	1	1	4	12	19	5	1	10	2	1	1	1	4	2	8	2	1	1	3	2	0	3	2	3	1	2	0	1	0	1	2	0	0	2	3	4	2	1	1	2	2	0	1	1	1	2	1	1	2	3	1	5	7	6	1	2	3	2	0	0	1	0	2	0	0	1	3	2	1	1	5	5	2	9	5	12	2	5	2	1	1	0	2	6	12	11	60	11	5	16	20	26	15	51	17	0	33	10	13	12	7	10	4	8	3	6	4	17	131	11	4	8	5	2	2	2	4	3	4	10	5	6	1	0	1	4	2	3	2	2	2	6	2	2	5	1	3	4	2	1	0	0	2	1	3	1	3	2	2	1	1	0	0	1	0	1	0	0	0	1	1	0	3	2	1	0	0	0	5	3	3	3	2	3	5	5	15	8	14	3	2	5	3	2	4	7	10	11	3	2	0	1	1	0	0	0	1	0	2	3	1	1	4	2	0	0	1	2	0	1	1	0	3	4	2	1	5	3	7	2	1	1	0	1	2	0	0	0
0	0	0	0	0	0	0	0	1	0	0	0	0	0	0	0	0	0	1	1	0	0	2	1	2	1	1	0	2	0	0	1	0	0	0	0	0	0	1	0	0	0	0	1	0	0	0	1	0	2	0	0	0	3	1	0	0	1	0	0	0	0	0	0	0	1	0	0	1	0	0	0	0	0	0	0	1	0	0	0	0	0	1	0	1	0	2	0	0	0	0	0	1	1	0	0	0	1	0	0	1	1	0	1	0	0	0	1	0	0	0	1	3	1	0	0	0	0	2	0	1	2	1	0	0	2	1	1	1	0	1	1	0	1	2	3	0	0	0	1	1	1	0	1	1	1	0	2	2	3	0	2	1	2	1	0	1	0	1	0	0	5	0	0	3	0	0	0	0	1	0	0	0	1	0	0	0	2	2	0	1	1	0	0	0	0	0	0	2	0	1	2	2	4	1	4	0	0	1	1	0	1	2	3	7	3	1	5	3	2	3	1	3	1	3	1	4	0	2	0	1	1	2	0	0	1	1	1	0	0	0	1	1	1	2	1	1	4	1	1	0	1	0	2	0	2	2	0	1	3	1	2	6	2	2	3	0	0	1	1	2	0	1	0	0	3	2	1	1	2	3	2	0	6	2	5	3	5	2	1	2	2	2	7	4	4	17	22	14	15	29	39	12	10	10	33	0	15	15	14	31	6	2	3	2	4	2	8	23	7	7	10	2	6	1	3	4	4	2	2	3	0	1	0	1	1	7	5	4	2	2	9	1	0	4	3	3	2	0	1	4	1	1	2	0	1	1	2	0	1	0	0	1	0	0	1	1	2	1	2	1	0	0	1	3	1	2	0	3	3	2	1	9	16	7	16	25	9	6	4	6	3	2	3	3	0	3	4	4	1	4	1	0	1	3	2	0	0	1	0	1	3	2	2	0	1	1	4	1	0	0	0	1	3	1	3	3	1	5	0	2	1	2	0	0	0	0	0
0	0	0	0	0	0	0	0	0	0	0	0	0	0	1	0	0	0	0	2	0	0	0	0	4	1	1	2	0	0	1	0	0	0	0	1	0	0	0	0	0	0	0	0	1	0	0	1	1	1	0	1	0	1	0	0	0	0	0	1	0	0	0	0	0	0	0	0	1	0	1	0	0	0	0	0	0	0	0	0	0	0	0	0	0	1	0	0	1	0	0	1	0	0	0	0	0	0	2	0	0	0	0	0	1	0	0	0	1	0	0	1	0	0	0	1	1	0	1	2	1	0	0	0	3	3	1	1	2	3	0	1	0	1	2	4	2	1	0	0	2	2	2	0	3	0	0	3	2	0	0	1	1	2	4	1	0	0	0	1	0	1	3	0	4	1	1	0	0	0	1	0	0	0	2	0	1	0	0	0	0	1	1	0	1	1	0	1	0	2	0	0	2	2	2	3	1	2	2	0	1	0	3	2	5	2	4	4	3	3	7	4	3	5	5	1	3	3	0	2	0	3	1	2	2	2	0	1	1	0	0	1	2	2	0	2	2	3	4	1	2	0	3	5	3	0	2	1	1	3	1	1	1	1	6	7	3	1	3	1	0	0	0	3	0	0	0	3	1	3	1	2	0	2	15	6	5	4	0	0	2	3	0	3	3	0	6	1	4	4	12	24	10	3	4	10	15	0	108	54	49	56	19	3	8	6	8	9	4	2	2	5	5	2	2	0	1	2	0	1	0	0	1	0	1	6	4	5	6	7	6	9	2	3	8	8	2	0	1	0	0	2	5	1	1	2	2	0	0	1	0	1	0	0	1	0	0	1	1	1	0	1	2	3	2	0	1	1	2	4	1	2	11	18	7	3	11	6	5	2	4	3	0	1	1	4	2	3	4	0	0	0	0	1	0	1	1	0	0	2	0	1	2	1	5	0	1	1	0	2	0	0	0	1	1	1	2	2	6	3	1	0	0	0	0	1	0	0
0	0	0	0	0	0	0	0	0	0	0	0	0	2	0	2	0	1	1	1	2	0	0	0	0	1	1	3	0	1	0	0	0	0	0	1	0	0	1	1	0	0	0	0	0	0	0	3	5	0	2	0	3	0	0	1	0	0	1	2	0	0	1	0	0	1	0	0	0	0	0	0	0	0	0	0	0	0	0	0	0	0	0	0	0	0	0	0	0	1	0	2	1	0	0	2	0	0	0	1	0	1	4	0	0	0	0	1	0	0	0	0	1	1	0	0	1	0	0	1	0	0	0	2	2	0	1	0	2	1	1	2	3	0	3	0	0	1	0	3	0	0	0	0	0	3	0	1	0	2	1	0	3	3	2	2	0	1	0	2	0	1	5	0	1	4	2	0	0	2	0	0	0	3	2	1	1	2	0	0	0	1	1	0	2	0	0	2	0	3	0	1	3	0	1	0	1	1	1	0	0	2	3	4	9	4	4	7	4	4	6	1	3	4	2	0	5	2	1	3	1	0	2	0	1	1	1	0	1	1	0	2	1	1	5	5	2	2	2	2	3	0	3	4	7	2	0	2	2	1	3	2	3	4	1	3	2	4	0	2	1	3	0	0	1	1	2	5	5	3	11	1	3	11	16	6	4	1	0	0	0	2	2	5	3	5	9	6	4	4	8	62	29	11	4	13	15	108	0	26	30	101	18	9	5	7	8	10	9	4	1	2	4	2	0	1	0	2	2	2	2	2	2	1	3	2	2	1	2	7	14	14	7	7	12	7	10	3	5	0	0	3	1	1	2	2	0	0	0	5	1	1	0	0	1	0	2	2	1	1	2	0	2	5	4	2	1	2	1	5	7	5	6	13	4	4	9	7	5	3	1	2	1	4	2	3	4	3	3	0	0	1	0	0	0	2	1	3	1	0	3	2	3	3	2	3	0	1	0	4	1	2	0	1	1	3	1	4	4	8	4	1	1	2	1	0	0	0
0	0	0	0	0	0	0	0	0	0	0	0	0	0	0	0	0	0	2	0	0	2	0	3	2	1	1	1	1	0	0	2	0	0	0	0	1	1	1	0	0	0	0	0	0	0	0	0	0	0	0	1	0	2	0	0	0	0	0	0	0	1	0	1	1	1	1	0	0	0	0	0	0	0	0	1	0	0	0	1	0	0	0	0	0	0	1	0	0	1	0	1	0	0	0	0	0	1	1	1	1	0	0	0	0	0	2	1	1	1	0	1	1	1	2	0	0	0	1	1	0	0	2	1	1	1	0	0	2	4	2	1	2	1	0	0	1	1	2	1	0	0	1	1	1	0	2	1	3	4	1	3	5	4	1	2	1	1	1	1	2	2	4	3	0	0	0	1	1	2	0	0	0	0	2	3	0	0	1	0	0	0	0	0	2	0	1	1	0	0	2	0	0	3	0	1	4	1	0	0	2	2	4	5	21	4	7	5	8	4	17	1	0	5	5	3	3	1	5	2	1	2	3	5	2	2	1	1	5	0	2	3	6	4	3	6	1	3	1	0	2	2	2	0	2	2	2	1	0	2	3	1	5	1	0	2	2	1	2	1	1	0	2	1	2	0	2	1	3	2	3	3	1	4	5	13	1	3	1	1	1	2	1	6	4	8	10	2	3	2	25	12	4	12	5	12	14	54	26	0	41	13	15	12	8	10	10	15	9	0	4	7	3	4	1	1	1	1	0	3	2	0	0	2	0	4	1	5	1	1	4	3	1	2	0	6	2	2	1	2	0	0	2	0	0	1	2	1	0	0	0	0	1	0	0	0	0	0	2	2	0	1	0	2	2	0	0	2	2	3	5	1	4	8	8	1	3	5	1	0	3	0	1	0	1	0	2	2	3	2	1	0	1	0	1	3	1	0	0	1	0	0	0	1	2	4	0	1	0	1	2	1	2	1	0	0	1	2	3	0	1	0	2	4	1	1	0	0
0	0	0	0	0	0	0	0	0	0	0	0	1	0	0	1	0	1	0	0	2	0	2	0	1	0	2	0	0	0	0	0	0	0	0	0	0	0	1	0	0	0	0	0	0	1	0	0	2	1	3	2	0	1	2	0	1	0	0	0	0	0	0	2	0	1	1	0	0	0	0	0	0	0	0	0	0	0	0	0	0	0	0	0	0	0	0	1	0	2	0	0	0	1	0	0	0	0	1	1	1	0	1	0	0	0	1	0	0	0	0	0	1	0	0	0	0	1	1	1	0	1	1	0	0	1	0	0	2	2	0	0	1	1	1	1	4	1	0	1	1	1	1	0	0	2	0	2	1	1	1	0	0	1	1	3	1	0	0	0	1	2	2	3	0	2	2	0	0	0	1	0	0	1	0	0	0	2	0	1	0	1	1	1	1	1	0	0	0	0	0	3	2	3	1	1	0	2	3	2	2	1	1	4	8	4	7	1	2	4	8	5	1	0	2	0	0	2	0	1	0	0	1	1	0	1	1	0	1	1	0	2	1	2	3	2	0	1	1	1	0	1	1	1	0	0	2	2	0	3	1	1	3	1	1	4	2	1	0	2	0	1	0	1	2	2	0	1	1	3	1	3	6	4	5	1	3	1	0	2	3	3	3	4	4	1	7	6	3	8	19	56	5	6	5	7	31	49	30	41	0	24	9	8	9	2	8	7	13	4	4	6	2	4	2	1	2	1	1	1	1	2	1	1	0	2	1	5	3	6	3	4	6	2	6	6	5	1	1	2	1	0	1	0	1	2	2	2	1	0	0	0	0	0	2	0	2	2	1	0	2	0	5	2	1	2	0	0	4	3	3	1	13	45	14	4	12	4	2	0	1	2	2	1	0	0	6	2	0	0	0	3	0	0	1	0	1	1	0	1	1	1	2	0	1	1	0	0	0	2	1	0	2	2	1	4	1	3	3	5	3	0	1	2	1	0	0	0
0	0	0	0	0	0	0	0	0	0	1	0	0	0	0	2	0	0	0	0	1	0	0	1	0	1	0	0	1	1	0	0	1	0	1	0	0	0	0	0	0	0	0	0	2	0	1	2	0	0	0	0	0	0	0	1	0	0	0	1	0	0	0	0	0	0	0	0	0	0	0	0	0	0	0	1	0	1	0	0	0	0	1	1	0	0	0	0	0	0	0	0	0	1	0	0	0	0	0	0	1	1	1	0	1	0	0	1	0	0	1	1	2	1	1	0	1	2	0	0	2	0	2	2	0	0	0	1	1	2	2	1	2	2	0	0	0	1	2	0	2	0	1	1	0	2	0	1	0	1	1	1	0	2	1	0	0	0	0	1	0	0	1	3	1	1	1	1	0	0	1	0	0	0	1	0	1	0	0	0	0	1	0	0	0	1	0	0	1	1	1	0	0	1	1	0	1	2	0	1	0	2	3	3	2	2	3	4	2	1	5	1	2	0	4	2	1	2	2	1	1	2	1	0	1	0	1	0	2	0	0	0	5	1	0	4	3	3	2	3	1	2	3	6	0	1	3	1	0	1	2	2	3	2	4	4	0	0	1	1	1	1	2	0	0	3	3	3	1	2	1	1	6	12	21	9	6	1	1	2	2	2	1	4	3	3	4	6	0	2	6	22	8	8	3	10	6	56	101	13	24	0	17	6	9	3	3	3	10	2	0	2	0	1	1	0	1	4	3	3	0	1	1	1	2	3	3	5	3	5	14	28	5	7	11	12	9	4	3	2	1	1	2	0	4	0	0	1	0	3	0	2	3	0	2	1	3	2	0	2	2	0	4	2	0	1	2	2	2	5	1	8	10	14	5	3	10	3	5	0	3	5	1	2	2	2	3	4	3	1	0	0	0	0	2	2	0	0	1	1	5	2	0	3	1	2	4	0	1	2	1	2	2	0	3	3	5	3	1	6	1	1	2	1	2	2	0	0
0	0	0	0	0	0	0	0	0	0	1	1	1	0	0	0	1	0	1	0	1	1	2	2	0	0	0	0	3	1	0	0	1	2	0	0	1	0	0	0	0	2	0	0	2	0	0	0	2	0	2	0	1	1	1	0	0	0	0	0	0	0	0	0	0	1	0	0	1	0	0	1	1	0	0	0	2	0	0	1	1	0	0	0	0	1	0	0	0	0	0	0	0	0	0	1	2	0	0	0	0	1	0	1	2	0	2	0	0	0	0	0	0	1	0	0	0	0	0	0	0	1	1	1	0	3	1	0	1	0	2	1	3	2	0	2	3	0	2	0	0	0	0	1	0	0	0	1	1	3	2	0	2	2	2	1	1	1	1	1	1	3	1	0	1	1	0	0	0	2	1	0	1	0	2	0	1	1	0	0	1	3	0	0	1	0	1	0	3	1	1	1	1	2	2	3	1	6	1	3	2	2	1	5	2	5	2	4	2	0	8	4	2	5	10	2	1	2	5	3	0	0	1	0	1	1	0	3	1	2	1	2	3	2	3	3	2	5	1	4	4	2	3	7	5	4	2	3	4	2	4	3	1	0	7	10	2	3	4	2	2	8	3	3	0	0	3	3	6	7	8	4	2	18	132	18	14	4	0	4	1	6	2	2	2	5	6	1	3	0	4	12	9	10	0	4	2	19	18	15	9	17	0	23	17	11	7	6	4	2	2	1	2	0	2	3	0	2	0	2	0	2	1	0	0	2	2	1	1	3	9	4	11	5	16	20	7	1	2	3	0	3	1	0	3	3	5	1	4	3	0	1	2	2	1	1	1	2	4	1	2	2	4	8	1	3	1	6	5	7	4	2	2	5	2	2	5	1	0	1	1	1	2	1	3	1	0	2	4	3	1	0	1	0	2	1	0	1	3	2	0	3	1	1	2	1	1	0	1	1	0	1	1	3	2	1	0	0	1	3	4	0	2	1	0	3	0	0
0	0	0	0	0	0	0	0	1	0	0	1	0	0	0	1	0	0	2	1	2	0	1	1	2	0	0	0	2	0	0	0	1	2	1	1	1	1	0	0	0	0	0	0	0	1	1	0	0	1	2	0	0	0	0	0	0	1	0	0	0	1	0	0	1	0	0	0	1	1	0	0	0	0	0	0	0	0	0	0	0	1	0	0	0	0	0	0	0	0	0	0	0	0	0	0	0	0	0	1	1	0	0	1	0	2	1	0	1	4	1	3	1	0	0	0	1	0	1	1	0	0	2	0	2	1	1	1	1	1	2	0	3	2	3	0	5	0	0	4	2	0	0	0	0	0	0	2	0	5	7	1	6	3	1	4	0	0	2	0	0	2	0	2	2	2	2	3	0	0	0	0	0	0	0	1	1	2	3	1	0	1	2	0	0	0	1	1	2	3	2	1	2	1	1	2	1	1	2	2	2	1	1	5	5	3	3	6	8	6	13	8	7	4	23	16	13	4	4	2	4	1	1	3	1	2	0	0	1	1	2	3	4	4	3	20	4	4	15	2	14	8	7	4	1	2	2	3	3	1	2	0	1	8	11	5	1	0	4	1	7	1	3	0	1	2	3	1	4	5	5	2	2	9	13	29	11	8	2	0	3	6	7	3	3	5	0	4	0	2	3	7	3	3	8	8	3	3	9	12	8	6	23	0	63	34	75	12	3	1	2	1	0	3	1	0	2	1	0	0	1	0	2	0	1	3	2	1	0	1	1	3	4	3	7	5	2	3	0	1	0	0	0	1	2	3	4	2	2	2	1	1	2	1	1	2	2	2	1	2	1	2	7	1	0	4	2	0	3	5	2	1	2	4	3	3	2	1	3	0	1	0	0	0	1	0	1	3	2	3	1	0	0	1	0	1	1	0	0	3	1	0	2	1	1	1	1	0	0	0	1	1	0	1	2	1	0	0	3	4	0	0	0	1	0	1	0	0
0	0	0	0	0	0	0	0	0	1	0	0	0	0	0	0	0	1	1	0	0	0	0	0	2	1	1	1	0	0	0	0	0	2	0	1	0	0	0	0	0	0	1	0	1	3	0	1	0	0	1	1	0	0	1	0	0	0	0	1	1	0	0	0	0	0	0	1	0	1	0	0	0	0	0	0	0	0	0	0	0	0	0	0	0	0	0	0	0	0	0	0	1	0	1	0	0	0	0	1	1	0	0	0	1	0	0	2	0	0	0	0	1	0	1	1	1	0	0	0	0	0	1	0	1	0	0	1	3	0	1	2	1	2	0	1	3	0	0	1	1	0	0	0	0	1	1	0	2	2	8	2	4	6	5	1	1	1	1	0	1	1	1	0	0	3	1	0	0	0	0	0	0	2	3	0	1	1	1	0	0	1	0	0	0	0	1	1	0	0	1	2	1	2	3	1	1	1	4	1	1	1	2	7	6	4	6	1	5	5	5	1	5	4	9	4	7	1	1	2	2	1	4	3	3	0	0	0	1	0	0	2	3	1	4	11	7	3	5	11	5	8	8	12	4	1	1	5	1	0	1	1	0	4	8	10	1	2	1	1	1	1	4	0	1	1	1	2	6	3	2	1	6	6	8	8	7	6	1	3	3	1	5	6	3	6	5	1	4	0	7	2	4	4	4	3	2	8	5	8	9	9	17	63	0	45	19	4	1	2	2	3	0	4	0	0	0	2	1	0	1	1	0	0	1	1	1	0	0	2	4	2	2	2	5	4	7	3	0	0	0	1	0	1	1	2	4	3	3	4	0	1	0	1	2	0	1	1	4	1	3	2	7	4	1	3	2	1	1	2	3	2	1	1	3	3	3	2	1	1	2	2	0	0	1	0	0	1	2	2	0	0	2	0	1	2	2	0	1	2	1	1	0	0	0	0	0	2	0	1	0	1	3	3	2	1	2	0	1	1	1	0	0	1	2	0	0	0
0	0	0	0	0	0	0	0	0	0	0	0	0	0	0	0	0	0	0	0	1	1	1	1	0	0	0	0	0	0	2	0	0	1	1	0	0	0	0	1	0	3	0	0	2	0	0	0	0	1	1	1	1	1	0	0	2	0	1	0	0	0	0	0	0	0	0	1	0	0	0	0	1	0	1	0	0	0	0	0	0	0	0	2	1	0	0	0	0	0	0	1	1	0	0	0	0	0	1	1	0	2	0	0	1	1	0	0	0	0	2	0	1	0	0	0	0	1	2	0	1	0	1	1	3	0	1	0	1	1	2	3	1	0	3	0	7	1	0	0	2	2	0	1	2	2	4	2	1	2	4	0	1	2	3	1	1	0	0	0	1	1	2	1	0	1	0	1	1	1	1	0	0	1	1	1	1	0	1	1	1	1	0	1	0	1	0	0	0	3	1	1	0	2	4	1	3	0	2	0	1	2	1	3	2	3	5	4	9	18	17	7	0	3	17	18	6	4	5	1	2	3	7	11	3	2	1	0	1	1	1	4	7	2	5	7	2	3	10	8	4	6	10	10	4	4	2	5	1	1	1	2	7	5	7	5	2	3	1	0	1	0	0	0	1	2	1	0	2	1	6	0	3	3	5	7	8	4	3	4	0	0	9	4	4	5	4	1	1	0	1	3	3	4	0	6	4	6	7	10	2	3	11	34	45	0	18	13	2	3	2	3	1	1	1	3	1	2	2	1	2	1	1	2	1	1	1	1	0	2	0	0	3	3	1	2	1	0	0	0	1	0	0	2	2	3	5	2	2	2	1	1	0	0	2	0	1	1	1	2	1	1	2	2	1	2	2	3	4	1	4	0	1	6	2	1	1	1	1	2	1	0	1	0	0	0	3	0	0	1	0	0	1	1	1	0	2	0	0	1	0	0	3	0	1	1	0	0	0	0	0	0	0	0	1	0	2	1	1	1	2	0	1	0	0	0	0	0
0	0	0	0	0	0	0	0	0	0	1	0	0	1	0	1	0	0	0	0	0	1	1	2	3	0	0	0	2	0	0	0	0	0	0	0	0	0	0	0	0	0	1	0	0	0	1	1	0	2	1	2	1	0	1	1	1	0	0	1	1	0	0	1	0	1	1	1	0	0	0	0	0	1	0	0	2	0	0	0	0	1	0	0	2	2	0	0	0	0	0	1	1	0	0	1	0	1	0	0	0	1	3	0	0	0	0	0	0	0	0	1	0	0	0	0	0	0	0	2	1	0	0	1	0	0	2	2	1	0	1	2	0	5	1	3	1	2	1	0	2	1	1	1	2	0	1	3	2	0	1	7	6	8	2	3	3	0	1	0	2	4	1	1	2	1	2	2	0	1	1	2	1	1	1	1	1	1	0	1	1	0	1	3	1	1	1	0	3	1	0	3	3	3	0	3	3	2	2	3	2	1	7	6	11	9	3	5	8	9	13	11	10	9	47	6	11	1	2	2	4	4	1	5	6	2	2	1	2	3	1	2	3	2	3	45	3	2	10	13	8	8	6	4	8	1	3	2	6	4	3	3	1	5	11	0	3	1	1	2	0	0	0	2	0	1	1	3	6	2	5	6	0	9	5	31	21	5	2	1	5	6	16	4	2	4	6	1	2	1	7	5	3	4	5	4	2	8	8	10	8	3	7	75	19	18	0	26	2	4	2	4	3	2	0	1	3	1	1	2	0	0	0	0	1	0	1	1	0	0	0	1	2	4	4	6	1	1	0	1	0	1	0	1	1	1	1	2	2	3	3	1	0	1	2	0	1	1	0	1	4	2	1	2	0	0	3	4	2	3	2	1	3	2	1	1	5	3	2	2	0	1	0	1	0	1	1	3	0	0	1	2	1	0	1	1	1	0	0	0	1	1	3	3	1	2	0	1	0	1	1	1	0	0	0	2	1	0	0	0	3	1	2	1	0	2	0	0
0	0	0	0	0	0	0	0	0	0	0	0	0	0	1	0	0	0	1	2	0	0	0	3	1	2	0	0	2	1	0	0	2	0	0	2	0	2	1	0	0	0	1	0	0	3	2	1	0	0	1	1	1	0	1	2	1	1	0	0	0	0	0	1	0	0	1	0	1	0	0	0	0	0	0	0	0	0	0	0	0	0	0	0	0	0	0	0	2	1	0	0	0	2	0	0	2	0	1	1	3	0	0	0	1	0	0	1	0	4	0	1	0	0	2	1	0	1	0	0	0	1	2	1	2	1	0	0	1	5	5	0	4	2	2	1	2	3	1	0	1	2	1	0	1	2	1	1	2	6	3	1	2	7	1	1	3	1	2	1	3	4	1	3	0	3	0	0	0	0	2	0	0	1	2	2	1	1	2	0	0	0	2	0	0	0	0	3	1	3	2	2	4	4	3	3	2	1	2	5	1	0	10	17	33	18	10	11	6	9	6	12	8	12	7	8	10	4	6	1	2	2	1	3	5	2	0	1	1	1	3	4	5	9	8	12	0	2	4	3	5	2	2	0	1	0	2	1	2	3	7	2	4	8	4	4	2	1	1	1	3	1	0	0	3	0	1	0	3	2	3	2	1	9	6	33	12	5	2	4	0	5	10	14	7	9	8	2	1	5	8	18	3	16	9	17	8	9	10	15	7	3	6	12	4	13	26	0	24	4	2	5	1	2	0	0	5	1	2	1	1	1	0	1	3	1	0	3	1	3	2	1	1	1	1	4	2	2	0	0	2	0	4	0	2	1	6	0	4	0	1	0	0	0	1	0	1	0	1	1	1	1	1	3	3	1	0	1	2	1	1	1	2	6	1	1	4	3	1	2	0	0	1	1	0	2	7	6	5	0	0	2	0	1	2	1	0	0	1	4	2	1	1	0	0	1	0	0	0	0	1	1	4	0	1	2	1	1	2	1	2	1	0	2	3	2	0	0
0	0	0	0	0	0	0	0	0	0	2	1	0	1	0	0	0	0	1	1	1	0	3	3	1	1	1	1	2	0	1	0	0	1	1	1	2	0	0	0	0	0	1	1	0	1	2	1	3	4	1	1	1	2	2	0	0	0	0	1	0	1	1	1	0	0	0	0	0	1	0	0	0	0	1	0	0	0	0	0	0	0	0	0	0	1	1	0	0	0	0	0	0	0	0	0	0	1	0	2	3	1	0	0	0	0	0	0	0	0	0	1	0	3	1	0	2	2	0	1	0	1	1	1	0	0	1	2	4	4	1	3	4	0	3	3	1	0	0	1	0	1	0	0	2	1	2	1	2	4	3	2	2	2	1	1	2	1	0	0	1	2	1	3	1	3	1	1	2	2	1	0	2	0	2	3	0	1	3	1	0	0	0	1	1	1	0	2	1	0	1	0	6	8	5	3	3	2	1	1	2	4	10	11	27	9	3	6	9	0	9	3	2	6	3	1	2	2	1	2	1	2	2	2	2	2	1	0	1	0	2	0	2	6	6	4	2	1	2	3	2	1	1	2	1	3	1	2	3	2	6	7	13	6	3	6	3	1	1	2	0	0	0	0	1	0	3	3	1	1	5	2	2	7	5	9	8	3	0	1	2	3	4	11	9	17	34	6	2	11	10	18	16	104	32	131	23	4	9	9	13	10	4	3	1	2	2	24	0	16	6	6	3	0	2	1	4	3	2	5	2	6	1	1	1	2	1	4	3	2	2	1	1	2	2	3	2	2	1	0	0	0	1	1	2	0	2	4	0	1	0	0	0	0	0	0	0	1	2	0	1	0	1	0	1	2	1	4	1	3	3	1	4	3	3	1	7	3	16	2	7	5	4	4	2	3	11	11	7	2	2	1	1	0	4	0	4	0	0	5	1	1	0	3	2	1	3	1	1	2	2	3	1	0	2	0	5	3	4	0	2	1	0	2	1	2	0	0
0	0	0	0	0	0	0	0	0	2	0	0	0	0	0	0	1	0	1	1	3	3	0	0	4	4	0	0	0	2	1	1	1	1	1	0	1	1	0	0	0	2	1	0	0	1	0	5	2	2	2	0	4	2	0	0	0	0	0	0	0	0	0	0	1	0	1	1	0	2	0	0	0	1	0	0	0	0	0	0	0	0	0	0	0	0	0	1	0	0	0	0	2	0	1	0	1	1	0	0	2	1	5	1	2	1	0	2	0	0	1	0	0	2	1	1	0	1	1	1	1	1	1	0	8	2	1	2	4	9	2	6	6	5	1	1	2	1	0	1	1	0	1	0	0	2	2	2	2	2	1	2	0	2	1	2	2	2	2	3	4	2	10	8	6	5	2	1	3	1	1	1	2	1	2	3	2	2	1	1	0	0	1	1	0	0	0	1	1	0	1	1	4	4	2	1	1	0	2	2	0	6	11	10	8	11	6	0	1	3	5	4	6	4	2	1	2	0	6	1	0	1	0	0	5	1	0	0	1	4	4	0	2	4	8	2	0	3	1	1	0	2	2	1	2	1	1	0	1	2	4	7	17	6	2	0	2	0	1	1	1	2	0	0	0	1	0	1	4	0	0	1	0	3	0	3	3	1	0	4	4	0	5	6	2	4	12	5	6	13	3	4	2	9	27	11	7	2	4	0	4	2	2	1	2	3	4	4	16	0	26	7	6	2	2	4	3	1	8	3	0	4	1	0	3	2	2	0	1	2	1	1	0	1	4	1	2	1	1	0	0	0	1	1	1	2	3	0	1	2	2	2	1	0	0	0	1	1	1	0	1	0	1	1	1	1	0	2	2	0	2	0	0	2	2	3	7	2	4	2	4	3	1	2	3	0	6	1	1	1	1	0	0	2	0	2	1	0	1	0	2	0	0	4	0	0	2	0	2	0	0	1	1	0	0	1	2	4	0	2	2	2	0	0	1	1	0	0
0	0	0	0	0	0	0	0	1	0	0	0	0	1	3	1	0	0	2	0	2	1	2	0	1	0	3	0	2	0	0	0	0	1	1	0	1	2	0	1	0	2	0	0	1	2	1	0	3	1	5	0	0	1	0	0	0	0	0	0	0	0	0	0	0	0	0	1	0	2	1	1	0	1	0	0	0	0	0	1	0	0	1	3	0	0	0	0	0	0	1	0	2	0	0	1	0	0	0	3	2	1	4	0	0	0	3	0	1	1	0	0	0	0	0	1	0	3	0	2	4	2	2	6	8	2	3	5	8	11	3	7	3	8	3	2	0	2	0	1	2	0	0	1	1	0	1	3	3	1	2	1	0	1	2	1	4	1	0	0	5	3	4	3	5	3	1	1	3	2	0	0	0	2	3	1	2	1	5	1	0	2	1	0	0	2	1	0	2	1	1	2	0	1	0	1	1	1	0	0	1	2	1	5	5	7	4	4	1	1	2	6	2	4	2	0	0	2	5	1	1	1	0	1	0	1	0	0	1	1	0	0	2	4	10	3	2	0	0	1	1	2	4	0	1	0	1	1	1	1	2	1	1	3	0	1	0	0	1	2	0	0	0	1	2	0	0	0	2	1	0	0	2	0	0	3	4	1	0	1	4	1	4	1	4	0	8	5	9	6	8	1	2	4	8	4	7	2	1	4	4	0	2	2	2	2	2	2	6	26	0	27	6	5	3	4	6	0	6	3	2	1	2	0	1	1	1	1	3	0	1	2	2	1	1	0	1	3	0	0	0	0	0	0	0	1	1	2	0	1	0	0	0	0	0	0	0	0	2	0	0	0	1	1	1	0	0	0	0	0	1	0	1	3	1	2	4	3	3	2	3	3	0	0	0	3	0	0	1	1	0	0	0	0	0	1	1	0	0	0	0	1	0	0	1	1	1	1	1	0	0	0	0	3	0	0	1	0	1	0	1	1	1	0	0	0	0	0
0	0	0	0	0	0	0	0	0	0	0	1	1	1	0	1	1	0	0	0	0	1	1	1	0	2	0	0	0	0	0	1	0	0	0	0	0	0	0	0	0	0	0	0	1	1	0	0	2	0	1	2	0	3	1	0	1	1	0	0	0	1	0	0	1	0	0	0	0	0	0	0	1	0	0	0	0	0	1	1	0	1	0	0	1	2	0	1	1	0	0	0	0	0	0	0	0	0	3	4	0	0	1	1	0	2	0	0	0	0	0	1	1	2	3	1	1	0	0	1	1	0	4	3	1	0	3	3	3	4	1	5	3	5	1	1	0	1	0	2	0	0	0	0	2	1	1	3	1	0	1	0	3	0	2	2	2	2	0	4	2	2	3	4	2	2	1	2	0	0	0	1	1	3	1	1	1	3	0	1	0	1	2	0	0	1	2	0	1	0	0	2	0	2	0	0	0	1	1	1	0	1	1	6	6	3	4	2	3	2	5	6	5	1	3	8	1	2	3	2	0	0	0	0	1	2	1	0	1	0	0	0	4	10	9	0	0	0	2	0	1	0	4	0	0	0	2	0	4	0	2	1	2	2	0	2	1	1	1	0	1	1	0	1	0	1	0	0	1	1	1	1	0	3	1	1	1	1	1	0	0	2	0	1	1	0	3	4	11	3	19	4	3	6	5	8	10	5	2	7	6	2	1	1	3	3	4	5	6	7	27	0	19	10	2	0	4	4	4	1	1	1	1	0	2	0	1	0	2	2	1	0	2	2	2	3	0	2	0	1	1	0	2	1	0	0	0	3	1	0	0	1	0	0	0	0	1	1	0	0	0	0	0	0	2	1	1	2	1	0	1	1	3	4	6	8	2	7	3	4	2	3	1	1	1	2	0	3	2	2	0	0	0	0	0	1	0	1	0	1	0	0	0	1	0	0	0	1	2	0	0	0	0	0	1	2	1	0	0	2	2	0	2	0	1	0	0	0
0	0	0	0	0	0	0	0	0	3	0	0	1	0	0	0	0	0	2	0	1	0	1	0	1	1	2	0	0	1	0	0	2	2	0	0	0	0	0	1	1	1	0	0	0	1	1	2	0	1	0	1	1	1	2	0	0	0	0	1	1	0	1	2	0	1	1	0	1	0	0	1	1	1	0	1	0	0	1	0	0	0	0	0	0	0	3	0	0	0	0	0	1	1	0	1	0	0	1	0	1	0	2	0	0	0	0	2	0	0	0	1	0	1	0	4	1	0	0	0	0	1	1	1	0	1	2	2	3	2	1	1	5	1	1	1	1	1	0	1	0	1	0	1	0	1	1	2	0	2	0	0	1	0	2	0	1	0	1	0	3	0	4	2	0	1	1	1	1	0	1	0	0	0	3	2	0	0	1	0	0	1	1	0	1	2	1	1	0	0	1	0	2	3	0	2	0	0	1	0	0	1	3	1	1	2	5	2	4	3	4	3	1	1	0	0	0	2	4	0	0	0	0	0	1	1	1	0	0	0	0	3	3	1	6	2	0	0	1	1	0	0	0	0	1	1	0	2	1	0	0	0	3	2	1	3	0	0	1	0	0	0	1	0	1	0	0	1	2	1	3	1	1	2	1	2	0	0	2	1	0	0	1	0	1	0	2	6	8	3	7	3	3	1	3	5	2	5	4	3	2	0	2	0	0	1	3	1	3	6	6	19	0	20	6	3	1	3	6	4	2	1	1	0	1	2	1	0	0	1	2	4	0	2	0	0	1	2	1	1	0	0	2	0	0	0	1	1	1	1	0	0	0	0	0	1	0	1	0	0	0	0	1	1	0	0	0	0	1	2	4	1	1	2	13	6	3	3	2	1	2	2	2	2	0	1	3	1	1	0	1	1	0	0	0	0	0	0	0	0	0	1	1	2	0	0	1	0	0	0	0	0	1	0	2	2	1	1	0	1	1	0	0	1	2	0	0	0
0	0	0	0	0	0	0	0	0	0	0	0	0	0	0	0	1	0	0	1	0	0	1	1	1	1	2	3	0	0	1	0	1	0	0	0	0	0	0	0	0	1	0	1	1	1	0	1	0	2	0	1	1	0	1	0	0	0	0	0	0	0	1	0	0	1	0	0	2	1	1	0	0	0	1	0	0	0	0	1	0	0	0	0	0	0	2	0	0	0	0	1	0	2	0	0	0	0	2	0	1	0	2	0	1	0	0	1	0	0	1	0	0	0	0	1	0	0	1	0	2	1	1	3	1	0	5	2	1	5	2	3	1	3	0	1	0	0	0	1	0	0	0	0	1	0	0	0	1	1	1	0	0	0	0	1	2	0	0	0	0	2	1	1	1	2	1	2	1	0	1	1	0	1	0	0	1	0	0	0	0	1	0	0	0	1	0	0	0	0	0	0	0	1	1	2	0	1	0	1	2	0	1	2	0	2	1	0	1	1	1	1	1	0	0	0	0	5	2	0	0	1	1	0	0	0	0	2	2	3	2	0	2	2	3	1	1	1	0	0	1	0	0	1	0	0	0	1	2	0	0	0	2	1	1	2	0	0	0	0	0	1	1	1	0	0	0	0	1	0	0	2	2	1	0	0	0	0	2	1	0	3	2	2	1	0	1	1	7	3	5	4	0	0	1	2	6	2	2	4	4	1	0	3	4	1	2	2	0	2	5	10	20	0	23	6	4	4	6	4	3	0	0	1	0	0	1	1	1	2	0	0	1	1	2	0	1	1	2	0	1	1	0	0	2	0	0	0	0	0	0	1	1	0	0	0	0	0	0	0	0	2	1	0	1	1	2	0	2	3	2	2	3	1	3	8	3	3	1	0	1	1	1	0	1	0	0	0	0	0	0	0	1	0	0	0	1	0	0	0	0	1	0	0	0	2	0	1	0	1	0	0	1	1	1	1	1	1	3	1	0	1	0	1	2	0	0	0
0	0	0	0	0	0	0	0	0	0	1	0	0	0	0	1	0	1	0	1	0	1	0	0	0	1	0	3	0	1	1	0	2	0	0	0	0	0	1	0	0	0	1	1	1	0	0	0	2	0	3	1	0	0	0	0	0	1	0	0	0	0	0	0	0	0	0	1	2	0	0	0	0	0	0	1	1	0	1	0	0	0	0	1	0	0	1	1	0	1	1	0	0	2	0	0	0	0	2	1	0	1	1	1	1	0	0	0	0	0	1	0	0	1	2	0	1	0	2	0	1	1	1	4	4	0	1	4	1	0	0	2	0	1	1	0	0	0	0	0	0	0	0	1	0	0	0	0	1	2	0	1	0	0	0	1	0	2	1	0	2	1	1	2	2	0	1	0	1	1	0	1	0	0	2	0	1	1	1	0	0	1	1	0	0	0	0	1	0	0	0	0	0	1	1	1	0	0	0	1	0	2	0	0	0	1	1	0	0	0	0	1	2	0	0	0	0	0	1	0	0	1	1	0	1	2	1	2	2	2	1	2	1	2	1	0	0	0	1	0	0	0	0	0	0	0	0	0	0	0	0	1	1	2	2	2	0	0	0	0	0	0	0	1	1	1	1	0	0	1	3	3	0	1	0	3	1	0	0	1	0	0	1	3	1	2	3	2	9	6	2	3	1	3	1	2	1	2	0	1	2	1	2	1	0	1	0	0	2	2	3	2	6	23	0	20	5	5	10	5	1	1	0	0	1	1	1	3	1	1	1	0	1	1	1	0	0	0	1	0	4	0	0	1	0	0	2	0	0	0	2	0	1	0	1	0	0	0	0	0	1	0	0	0	0	0	1	1	0	0	0	0	1	0	6	5	2	1	2	0	2	2	0	1	1	0	0	2	0	1	0	0	0	0	0	1	0	0	1	0	0	1	0	0	0	1	0	1	0	0	1	0	0	3	0	1	2	1	0	1	0	2	1	0	0	0	0	0
0	0	0	0	0	0	0	0	0	2	0	0	0	0	0	0	1	0	0	0	0	1	0	1	0	1	3	0	0	0	1	0	0	0	0	0	0	0	0	0	0	0	0	0	0	0	1	0	2	1	2	1	0	0	0	0	0	0	0	0	0	0	0	0	0	0	2	0	1	0	0	0	0	0	0	0	0	1	0	0	0	1	0	1	0	0	0	0	0	0	0	0	0	1	0	0	0	0	1	1	1	0	0	0	0	1	1	0	1	1	0	0	0	0	0	0	0	0	0	1	0	0	1	1	0	2	2	1	1	3	1	0	1	2	2	2	0	0	0	0	0	0	0	0	2	0	1	0	0	0	2	2	0	1	0	0	1	0	1	0	0	2	2	0	1	3	2	0	0	1	1	0	0	0	0	0	1	0	0	0	0	2	0	0	0	1	0	0	0	0	0	2	0	0	0	2	0	0	0	0	0	0	0	1	0	1	1	0	0	0	1	0	2	1	2	0	0	1	0	0	2	0	1	1	0	0	0	0	0	1	1	1	0	0	1	2	1	0	0	0	0	0	0	0	0	2	0	0	0	0	0	1	1	0	1	2	0	0	0	2	0	1	1	0	0	0	0	1	0	1	1	2	0	0	1	0	1	0	0	0	0	0	0	0	1	2	3	3	1	2	3	2	2	2	0	2	3	0	1	1	1	0	3	0	0	3	1	0	1	4	4	0	3	6	20	0	20	10	5	9	3	2	1	0	0	0	0	1	1	2	0	0	0	2	2	0	0	0	0	0	0	0	0	0	0	0	1	0	0	0	0	0	0	0	0	0	0	0	0	0	2	0	0	1	0	0	0	1	0	0	0	1	2	1	1	4	1	0	0	3	1	3	3	0	2	2	0	4	0	0	0	0	0	0	0	0	3	0	0	1	1	1	1	0	1	0	0	0	0	0	1	0	1	1	1	2	1	1	3	0	2	1	0	0	1	0	0	0
0	0	0	0	0	0	0	0	0	0	0	0	0	0	0	0	0	0	1	1	0	0	1	0	1	0	0	0	0	0	0	1	0	1	0	0	0	0	0	0	0	1	1	1	0	0	0	0	0	1	2	0	1	0	0	1	1	0	0	1	1	0	0	0	0	0	0	0	0	0	0	0	0	0	1	1	0	0	1	0	0	0	0	0	0	0	1	0	0	0	0	0	1	0	0	0	0	0	0	3	1	0	1	0	0	1	1	1	1	1	0	0	0	0	0	0	0	0	0	0	0	0	1	0	2	0	0	2	1	0	0	1	2	1	1	1	0	0	1	1	1	0	0	2	1	1	0	1	0	2	0	4	0	0	0	0	0	2	0	0	1	2	0	3	2	1	0	1	0	0	0	0	0	2	0	0	1	0	1	0	0	1	0	0	0	0	1	1	4	0	0	2	0	1	3	0	2	0	1	2	0	3	0	1	0	1	1	2	1	1	0	3	3	2	0	0	0	0	2	0	1	0	1	0	1	1	2	0	0	1	0	0	1	2	1	1	0	0	1	2	0	0	1	0	2	1	0	0	0	0	1	2	2	2	0	0	1	0	0	0	1	1	1	1	1	0	1	1	1	1	1	1	1	2	1	0	1	0	3	0	1	3	1	1	2	2	5	1	8	9	2	1	1	3	0	4	4	1	0	1	2	1	0	2	0	1	3	5	4	3	6	4	1	4	5	20	0	83	25	15	10	4	1	1	1	0	0	5	0	1	1	0	0	0	1	1	1	0	0	0	0	0	0	0	1	1	0	0	0	1	1	1	0	0	1	1	0	0	0	0	0	0	0	1	0	0	1	0	1	0	0	2	3	1	1	2	2	3	5	10	3	6	5	4	1	0	0	5	1	0	0	0	0	0	0	0	0	1	3	1	0	2	6	1	0	1	1	0	0	0	0	0	0	0	2	3	2	2	1	0	1	1	0	0	1	0	0	0
0	0	0	0	0	0	0	0	1	0	0	0	0	0	1	0	1	0	1	1	1	0	2	0	0	0	0	0	0	1	0	0	0	0	0	1	0	0	0	0	0	0	0	0	2	0	0	0	0	1	1	2	0	2	0	0	0	0	2	0	0	0	0	0	0	0	0	0	0	0	0	0	1	0	0	0	0	0	0	1	0	0	1	0	0	0	0	2	0	0	0	1	2	0	0	0	2	0	1	0	1	0	0	0	0	0	1	1	0	0	1	0	3	0	0	0	2	0	0	0	2	1	0	2	2	1	0	0	1	1	0	0	0	1	0	0	0	1	0	0	0	1	2	0	0	0	1	0	0	0	0	1	2	0	1	1	2	1	1	0	1	1	0	0	1	0	0	1	1	0	0	1	0	0	0	0	1	2	0	1	1	1	0	0	0	0	0	1	1	2	0	2	1	1	1	0	0	0	1	1	0	0	0	5	3	0	1	0	0	1	1	2	3	0	0	1	1	1	2	0	1	0	0	0	0	1	0	0	0	1	1	1	0	0	1	1	0	2	1	1	0	0	0	0	0	0	2	1	0	1	1	0	2	1	2	0	3	0	0	0	0	1	0	0	1	0	1	1	2	1	1	0	0	0	0	0	3	1	1	0	1	0	0	0	0	1	1	8	6	10	3	2	4	4	4	3	4	2	2	1	1	4	2	1	2	2	1	1	3	1	0	4	3	4	5	10	83	0	13	12	22	5	1	2	0	0	1	2	2	2	1	1	1	3	1	0	2	1	2	1	0	0	2	0	1	2	1	0	0	1	0	0	0	0	1	2	0	2	0	0	0	2	1	0	0	2	0	1	1	0	1	2	1	3	3	7	4	3	9	7	9	4	8	1	3	2	0	1	4	1	0	0	1	0	1	0	1	1	2	1	0	2	0	1	0	0	0	1	3	0	1	0	1	1	3	3	1	1	1	2	0	1	1	2	1	1	0	0
0	0	0	0	0	0	0	0	1	0	0	1	1	1	0	1	0	0	0	0	0	0	0	1	1	0	0	1	2	0	1	1	2	0	0	0	0	0	0	0	0	0	0	0	0	2	1	1	1	1	2	3	0	1	0	0	0	0	0	0	0	0	0	1	2	0	0	2	0	0	0	0	1	0	0	1	0	0	0	0	1	1	0	1	0	0	1	0	0	0	0	1	0	0	2	0	0	1	3	1	0	1	4	0	0	2	0	0	0	2	1	0	2	0	2	0	0	0	2	0	1	3	0	4	1	0	2	2	3	2	1	1	0	2	2	1	1	2	0	0	2	0	0	0	2	2	1	0	1	1	0	0	0	1	0	1	0	1	1	0	0	1	0	3	3	2	2	1	0	0	1	0	1	1	2	0	0	0	1	1	0	0	0	0	0	1	0	0	1	0	2	1	2	1	0	1	0	2	1	2	3	4	3	3	1	2	2	0	3	1	0	1	1	0	1	2	2	0	3	1	1	0	2	0	1	0	0	2	0	0	0	0	1	2	5	1	0	2	0	2	1	1	0	0	2	2	0	0	2	1	1	1	6	1	2	0	0	0	0	0	1	1	0	0	1	1	2	1	0	0	1	1	0	1	2	2	0	2	0	0	1	2	0	0	2	1	7	12	14	8	2	4	3	5	3	4	2	0	2	0	1	3	0	0	1	2	1	2	2	8	6	4	6	6	10	5	25	13	0	147	7	3	0	1	2	1	0	1	4	3	1	1	0	2	0	0	2	1	1	1	0	0	0	0	0	0	1	0	0	1	0	0	0	0	0	0	0	0	0	0	0	0	1	0	0	0	1	0	2	0	0	0	0	1	2	3	3	5	3	12	13	3	3	1	1	2	3	1	0	0	1	0	0	0	1	1	0	1	0	3	0	0	1	2	1	0	1	1	1	2	0	0	1	2	1	1	3	5	5	2	1	1	1	1	2	2	0	0
0	0	0	0	0	0	0	0	0	0	0	0	0	0	0	0	1	0	1	0	0	1	1	2	0	2	2	0	1	1	1	1	0	0	0	0	0	1	0	1	0	0	1	1	2	2	1	0	1	3	2	3	1	1	0	1	0	1	1	0	0	0	1	0	2	0	1	0	0	0	0	1	0	0	0	0	0	0	0	0	0	0	0	0	0	0	0	0	0	1	0	0	0	1	1	0	0	1	0	1	0	0	1	1	1	0	1	0	0	1	0	0	1	0	2	1	0	3	1	1	2	1	1	5	4	0	3	4	5	4	2	1	0	1	2	1	1	0	1	0	1	0	1	1	0	2	0	2	1	0	0	0	0	1	0	1	0	1	0	0	1	3	1	1	4	3	1	0	0	1	0	0	2	0	1	1	0	2	0	0	0	0	0	0	1	0	0	0	1	0	0	0	0	3	1	1	1	1	2	1	1	1	1	1	2	1	1	0	1	3	1	1	2	0	0	0	0	0	0	1	0	2	1	1	0	0	1	0	0	1	0	3	2	1	5	0	1	0	0	2	0	0	1	0	1	1	0	3	1	0	0	1	3	2	0	0	0	1	0	0	0	1	0	0	1	0	2	1	2	1	1	0	0	0	1	0	3	0	0	0	1	0	1	0	2	1	5	5	8	12	2	3	2	4	3	10	2	1	2	3	1	3	2	0	0	1	2	1	5	3	3	1	4	4	5	9	15	12	147	0	5	1	2	0	0	3	0	3	1	1	2	1	0	3	1	2	0	0	0	1	1	1	1	0	1	0	4	1	0	0	0	0	0	0	0	0	0	0	0	0	0	0	0	0	1	0	0	1	0	0	1	3	2	0	2	0	3	5	2	7	8	5	2	0	1	4	1	1	1	0	1	0	1	0	0	0	1	1	0	3	3	2	1	1	0	0	1	1	3	2	1	2	0	2	3	4	2	5	2	1	2	2	0	1	0	1	0	0
0	0	0	0	0	0	0	0	0	1	0	0	0	0	0	1	1	0	1	0	1	1	0	1	1	0	0	1	0	2	0	0	0	0	0	0	1	0	0	1	0	0	0	0	1	2	0	3	1	6	1	2	0	1	0	1	0	1	0	0	0	0	0	1	0	0	0	0	0	1	0	0	0	0	0	0	1	0	0	0	1	0	0	0	0	0	2	0	0	0	0	0	0	1	2	1	1	0	2	0	1	0	1	0	0	0	0	0	0	0	1	0	0	0	0	0	1	1	1	1	1	0	0	0	1	0	1	2	0	1	1	0	1	0	0	0	1	0	1	0	0	0	0	0	0	0	0	1	1	0	1	1	3	1	0	2	0	1	1	0	1	4	2	1	1	1	0	2	0	1	1	0	1	1	1	0	1	0	0	1	1	1	1	0	0	1	0	1	1	1	2	0	1	1	3	0	1	3	0	1	0	1	2	2	1	4	2	2	0	0	1	3	0	0	1	0	0	0	0	0	0	0	1	0	0	2	1	0	0	2	2	0	0	0	0	2	0	0	1	1	0	2	1	0	1	0	1	0	0	3	1	4	4	1	0	0	1	0	0	1	0	0	1	2	1	1	1	2	2	2	1	2	2	3	1	1	2	0	1	0	0	2	2	1	1	2	4	6	6	4	1	0	0	1	0	5	3	0	2	2	1	0	0	1	1	2	0	1	2	0	2	1	2	3	1	3	10	22	7	5	0	17	5	2	3	3	2	3	7	3	2	0	2	1	0	2	1	2	5	1	0	1	0	0	1	1	1	1	0	1	1	0	0	1	0	0	0	1	1	0	0	0	1	0	0	0	0	0	1	1	0	1	0	0	2	4	0	6	2	18	16	8	9	4	0	2	4	2	1	0	0	0	0	2	0	0	0	0	1	0	1	2	0	3	0	0	3	2	0	1	2	1	1	2	4	5	6	6	7	4	0	2	0	2	0	1	0	0
0	0	0	0	0	0	0	0	0	0	0	1	1	0	1	0	1	0	1	0	0	0	0	0	1	1	1	0	1	0	0	0	0	0	0	1	0	0	0	0	1	1	1	0	1	1	0	0	0	1	1	1	4	0	0	0	0	0	0	0	0	0	0	0	0	0	0	0	0	0	1	0	0	0	0	0	0	0	0	0	0	0	0	0	0	0	0	0	0	0	0	1	0	0	0	0	0	0	0	0	0	0	0	0	0	0	0	0	0	0	1	1	1	1	0	0	0	0	0	0	0	1	1	0	1	0	0	1	0	1	1	3	0	1	1	0	1	0	0	0	0	0	0	0	2	0	0	0	1	2	0	0	0	0	3	1	0	0	0	0	0	1	0	0	1	1	1	0	3	0	1	1	0	0	0	0	1	0	0	0	0	0	0	0	0	0	0	0	2	0	1	0	2	2	0	1	0	0	0	0	0	2	2	4	1	1	1	1	0	0	1	1	2	1	0	0	1	0	1	0	0	0	0	2	0	0	0	1	0	0	0	0	0	2	3	0	0	0	0	0	1	2	1	1	0	0	1	0	1	0	0	1	0	1	0	0	1	1	1	0	1	1	0	1	0	3	0	2	0	0	3	0	0	0	1	1	2	1	0	0	0	0	0	0	2	1	4	2	2	2	2	2	5	1	1	6	0	0	2	0	2	1	2	0	1	1	0	1	6	4	1	1	1	0	1	2	4	5	3	1	17	0	9	5	3	7	2	9	6	3	1	3	1	3	2	1	1	1	3	0	0	2	0	0	1	0	0	2	1	0	0	1	0	0	1	1	1	0	0	2	0	2	0	0	1	1	2	1	2	1	1	1	1	3	2	3	2	3	1	11	5	7	14	8	3	3	3	0	4	4	0	1	1	0	0	0	2	2	0	0	0	1	2	0	2	3	1	2	1	0	4	4	3	3	12	17	11	14	4	5	3	9	6	2	2	0	0	0
0	0	0	0	0	0	0	0	0	1	0	0	0	0	0	0	0	0	0	1	0	1	0	0	1	0	2	0	0	1	0	1	0	0	0	0	0	1	0	0	0	0	0	0	0	0	0	1	0	1	0	0	0	0	0	0	1	0	0	0	0	0	0	0	0	0	0	0	0	0	0	0	0	0	0	1	0	0	0	0	0	0	0	0	0	0	0	0	1	0	0	0	0	0	0	0	1	0	0	0	0	0	0	0	0	0	2	0	0	0	0	1	0	0	1	0	0	0	0	0	0	0	1	0	0	0	0	1	0	1	0	0	0	0	1	1	0	1	0	0	0	1	2	0	0	1	0	2	0	1	2	0	0	0	0	1	0	0	0	0	0	1	0	1	2	0	0	0	1	0	0	0	0	1	0	0	0	0	3	1	0	0	0	0	0	0	0	0	0	0	0	2	1	1	0	0	0	3	1	0	0	1	0	4	0	4	0	1	0	0	1	0	2	0	0	0	0	0	0	0	0	1	0	0	1	0	0	0	0	0	0	1	0	0	0	0	0	2	0	0	0	0	1	0	1	0	0	1	1	0	1	0	2	0	1	0	1	0	0	1	3	1	1	2	3	1	2	1	0	0	0	0	3	2	2	2	4	0	2	0	2	0	0	1	2	1	2	3	0	3	0	0	3	0	0	1	1	1	2	0	1	1	1	2	0	1	0	0	1	1	2	1	1	0	0	1	1	1	0	2	5	9	0	21	12	4	3	2	8	3	1	0	0	1	4	2	3	1	4	2	8	2	2	1	2	1	1	0	1	1	1	4	0	2	0	1	1	1	1	0	1	3	2	0	0	1	0	2	1	0	2	0	1	1	2	2	2	1	2	5	4	2	7	9	3	1	1	0	2	6	1	1	2	1	0	4	3	3	0	1	2	1	0	2	6	4	6	10	8	8	7	2	10	13	31	11	9	11	8	10	7	128	21	13	5	3	0	0
0	0	0	0	0	0	0	0	0	0	0	1	0	0	0	1	1	0	0	0	0	0	1	0	0	2	0	0	0	1	0	1	0	0	0	0	0	1	2	0	0	0	1	0	0	0	0	1	1	0	0	0	2	0	1	1	0	1	0	0	0	0	0	0	3	0	2	0	0	0	0	0	0	0	0	0	0	0	0	0	0	0	0	0	0	0	0	0	0	0	1	0	1	0	0	0	0	0	0	0	0	1	0	0	0	0	0	0	0	0	0	0	0	0	0	0	1	0	0	0	0	0	0	0	0	0	0	0	0	0	1	0	1	1	1	0	2	1	0	0	1	0	1	0	2	0	0	0	1	0	1	1	0	1	0	0	0	0	2	0	1	0	0	0	2	0	2	0	0	0	0	0	0	1	0	1	1	1	0	0	1	0	0	0	0	0	0	1	0	1	0	1	0	1	0	2	1	0	0	1	0	0	1	0	0	2	0	3	0	0	1	0	0	1	0	1	1	0	0	0	0	1	0	1	0	1	1	1	0	0	1	1	0	1	0	0	0	0	1	3	1	0	0	2	0	2	0	0	2	0	1	1	1	2	0	3	2	2	1	3	1	1	0	0	3	1	1	3	0	1	1	0	1	1	4	1	1	1	1	0	2	0	0	0	1	2	3	1	0	1	1	3	1	1	1	0	0	0	1	2	1	1	0	0	0	2	0	1	1	0	0	0	0	1	0	0	1	2	1	0	2	5	21	0	30	8	13	2	1	1	4	1	4	1	0	3	3	9	6	7	3	6	4	1	3	0	1	0	0	2	3	0	0	1	3	1	2	0	1	0	2	0	2	2	0	0	1	1	0	3	1	0	0	0	1	0	1	2	0	0	0	1	7	8	3	6	2	1	0	1	4	4	4	1	0	2	2	3	5	3	0	0	2	4	5	7	29	8	13	12	13	7	5	11	9	7	7	4	2	3	5	24	43	34	9	10	0	0
0	0	0	0	0	0	0	0	0	0	0	0	0	0	0	0	2	0	0	0	1	0	0	0	1	0	0	1	0	0	1	0	0	1	1	0	0	0	0	0	0	0	0	0	1	0	0	0	2	0	0	0	1	0	0	0	0	0	0	0	4	0	1	0	0	0	0	0	0	0	0	0	1	0	0	0	0	0	0	0	0	0	0	0	0	0	0	0	0	0	0	0	0	0	0	0	1	0	0	1	0	0	1	0	1	0	1	0	0	1	0	0	0	0	0	1	0	1	0	0	0	1	1	0	0	0	2	0	0	1	0	0	0	0	0	0	0	0	0	1	0	0	0	0	1	0	0	0	0	1	0	2	0	0	1	2	0	0	0	0	0	0	1	0	1	0	0	0	0	0	0	0	0	0	0	0	0	0	1	0	0	1	0	0	0	0	0	1	0	2	0	2	2	0	2	1	0	1	0	0	0	0	0	1	0	0	0	1	1	0	1	1	2	0	1	1	1	1	1	0	0	0	0	0	2	0	0	0	0	1	2	0	0	0	0	1	1	0	3	1	0	0	0	1	3	0	0	2	3	0	0	1	0	3	3	1	4	0	0	4	2	2	0	3	2	3	3	1	1	1	3	0	0	2	2	0	4	0	0	1	2	0	1	1	0	1	4	0	1	1	0	2	3	3	1	1	1	1	3	0	0	2	0	1	1	1	1	3	1	3	1	2	1	0	1	0	1	0	2	0	3	3	12	30	0	19	13	7	2	3	3	1	6	7	2	2	5	15	49	11	11	5	1	3	2	1	2	1	1	0	2	0	0	5	5	1	1	0	1	0	1	0	0	4	1	1	3	2	2	5	1	2	0	1	0	1	2	2	3	1	2	2	1	2	3	5	4	2	6	7	2	3	5	2	0	4	3	0	1	2	1	1	1	3	6	4	19	22	8	6	3	4	6	11	8	3	5	2	3	15	12	11	6	13	6	14	0	0
0	0	0	0	0	0	0	0	1	0	1	0	0	0	1	0	0	0	0	0	0	0	1	0	0	1	1	0	0	0	0	0	1	0	1	0	0	1	0	1	2	0	0	0	0	2	1	0	1	0	2	2	0	1	0	0	0	0	0	0	0	0	0	0	0	0	2	0	0	0	2	1	0	0	0	0	0	0	0	0	0	0	0	0	0	0	0	0	0	1	1	0	0	0	1	1	0	0	0	0	0	1	0	0	0	0	1	0	0	0	0	1	1	0	0	0	0	1	1	0	0	0	0	1	1	3	0	0	1	0	0	2	1	0	0	2	0	1	0	0	1	1	0	0	1	0	0	1	1	0	0	0	1	1	0	0	0	0	0	0	0	1	2	1	0	2	1	2	0	0	0	0	0	1	0	0	0	0	2	0	0	0	0	0	0	0	0	1	1	2	0	5	4	3	2	0	0	2	1	0	1	1	1	0	3	1	0	0	1	1	0	1	0	0	1	1	0	1	2	1	0	1	0	0	1	1	0	0	0	0	0	0	2	1	0	0	0	2	0	2	0	1	0	3	2	2	3	1	2	6	2	1	4	3	0	4	2	4	0	3	2	3	1	3	0	2	5	10	1	2	0	4	2	6	1	2	1	1	0	2	1	0	2	1	1	1	4	1	2	0	1	3	5	2	2	4	1	6	2	4	2	3	2	3	1	1	0	1	2	2	1	0	2	0	1	0	0	0	1	3	3	7	4	8	19	0	36	9	4	6	6	2	13	10	3	7	11	116	78	6	7	8	5	3	0	0	1	1	1	2	2	0	1	1	3	1	1	0	0	0	1	4	2	6	4	3	1	2	2	5	5	2	0	3	1	1	2	2	5	2	1	3	4	4	11	7	7	5	8	7	4	2	1	3	0	2	2	1	3	5	1	3	2	1	13	5	18	15	10	5	3	5	7	16	6	7	14	10	4	20	62	10	6	6	9	6	0	0
0	0	0	0	0	0	0	0	0	0	0	0	0	0	0	1	0	0	0	0	0	0	1	1	0	0	0	0	0	0	0	0	1	0	0	1	0	0	0	0	0	1	0	1	0	0	2	1	2	1	3	1	0	0	0	0	0	0	0	1	0	1	0	0	0	0	0	0	0	1	0	0	0	1	0	0	0	0	0	0	0	0	0	0	0	0	0	0	0	0	0	2	1	1	1	1	0	1	0	0	0	0	1	1	0	0	0	0	1	0	0	0	0	0	0	0	0	0	0	1	0	0	0	0	0	0	0	1	0	0	1	0	1	1	0	2	0	0	0	2	1	1	0	0	0	0	0	2	2	1	0	0	0	2	0	1	0	0	0	0	0	0	0	0	0	0	0	0	0	0	0	1	0	1	0	0	0	1	0	0	0	0	0	0	0	0	0	1	0	0	0	3	2	2	2	1	2	2	1	0	0	2	1	0	0	1	4	0	2	0	0	1	1	2	1	0	0	1	2	0	0	2	0	1	3	1	1	0	0	1	0	1	1	0	1	1	0	0	1	2	0	2	1	2	1	2	1	1	2	0	1	2	0	0	0	4	1	6	3	2	3	4	1	0	1	3	4	4	2	7	1	2	1	3	1	0	1	0	0	1	2	2	0	1	2	4	5	0	2	4	2	3	4	2	1	2	7	4	2	1	1	3	2	2	1	1	1	0	1	2	1	1	1	1	1	0	0	1	0	0	2	2	3	13	13	36	0	33	15	22	14	3	3	12	3	7	4	19	79	6	6	2	1	2	1	0	1	1	1	3	1	1	0	2	4	1	2	0	3	1	0	1	4	4	4	1	2	4	5	10	8	3	0	1	2	2	4	5	2	2	1	3	3	10	2	1	8	2	5	2	2	2	2	0	3	1	2	0	3	3	1	0	1	4	8	3	8	7	4	1	2	3	1	7	9	8	9	10	6	38	16	2	5	5	3	3	0	0
0	0	0	0	0	0	0	0	0	0	1	0	0	1	0	0	0	0	0	1	1	0	0	0	0	0	0	1	0	0	0	1	1	0	0	1	0	0	0	1	0	0	0	1	1	1	2	1	0	2	0	3	0	0	0	0	0	0	0	0	0	0	0	0	0	0	0	0	0	1	1	0	0	0	0	0	0	0	0	0	0	0	0	0	0	0	1	0	0	0	0	2	0	1	1	2	0	0	0	0	0	0	0	0	0	0	1	1	0	0	1	0	0	0	1	0	0	1	0	1	1	0	0	1	0	0	1	0	0	0	0	0	1	0	0	0	0	0	1	0	0	0	1	0	0	1	0	0	0	0	2	0	1	0	1	0	0	0	2	0	0	1	0	1	0	1	2	1	1	0	0	1	0	1	1	1	1	0	0	0	0	0	1	0	1	0	0	0	0	1	1	0	0	0	2	1	0	0	1	0	0	0	3	3	3	2	0	2	2	1	1	1	2	0	2	0	0	0	1	1	0	0	0	0	0	0	3	0	1	0	0	0	1	4	1	0	2	0	0	2	1	1	0	1	1	0	3	1	3	3	2	3	1	3	0	2	1	2	0	0	0	2	3	0	1	1	2	2	1	0	2	3	2	2	5	3	2	1	0	0	2	3	1	1	5	3	7	6	2	7	3	4	11	3	2	3	5	5	1	5	5	5	1	1	0	1	1	3	4	0	1	0	0	1	3	1	5	2	1	3	3	9	2	2	7	9	33	0	20	30	12	12	7	4	8	3	7	5	15	3	3	5	0	1	1	0	1	0	0	0	2	1	1	2	2	2	1	0	0	0	1	1	0	6	0	2	4	2	3	4	6	1	4	5	2	5	5	18	10	5	3	2	2	6	5	5	11	3	4	3	3	2	4	0	3	2	2	2	0	0	1	0	0	6	8	3	3	1	0	1	1	1	3	5	7	19	32	15	24	148	25	2	4	0	1	3	0	0
0	0	0	0	0	0	0	0	0	0	0	0	0	0	0	0	1	1	0	2	0	0	1	0	0	0	1	0	0	0	1	1	1	1	0	1	1	0	1	0	0	1	0	0	0	0	1	0	1	0	1	0	1	0	0	0	0	0	1	0	0	0	0	1	0	0	0	0	0	1	0	0	0	0	0	0	1	0	0	1	0	0	0	0	0	1	0	0	1	0	0	0	0	0	0	0	1	0	1	0	0	0	0	0	0	1	0	0	0	0	3	0	1	0	0	0	0	2	0	0	2	1	1	2	1	0	1	0	1	1	2	0	0	1	1	0	0	0	0	0	0	0	0	0	0	0	1	1	1	0	0	0	3	0	0	0	2	0	0	1	1	0	1	0	0	0	0	0	0	1	0	0	1	2	0	0	0	1	0	0	1	0	0	0	0	0	0	0	1	1	1	1	1	2	1	1	1	2	0	0	1	0	0	1	0	0	2	1	2	2	0	1	0	1	1	0	0	1	0	0	0	0	1	1	0	1	0	0	1	0	0	0	2	0	0	3	0	1	2	0	2	2	0	1	0	1	0	0	1	1	0	2	1	5	1	0	0	0	0	0	0	0	1	0	2	1	4	2	1	0	0	1	2	2	5	0	0	2	0	0	0	1	2	3	3	0	5	5	2	4	0	3	8	2	2	2	4	6	2	1	3	3	1	0	0	0	0	1	3	1	3	2	0	1	1	1	0	2	4	1	7	6	8	1	2	4	15	20	0	19	4	6	3	3	5	6	4	2	4	6	0	0	1	0	1	1	0	1	0	1	1	0	0	2	3	0	1	0	0	1	0	0	1	2	2	0	0	2	1	3	0	3	5	4	3	5	7	17	5	5	8	3	5	4	4	4	2	3	0	2	3	0	0	0	0	0	0	2	0	0	0	0	0	1	4	2	0	2	1	2	0	1	0	2	2	11	12	16	20	23	6	7	0	0	3	1	0	0
0	0	0	0	0	0	0	0	0	0	1	0	0	1	1	0	0	0	2	0	0	0	0	0	0	2	0	0	0	1	0	0	0	1	0	1	0	0	1	0	0	0	0	0	1	1	0	0	0	1	2	0	0	0	0	0	0	0	0	0	0	0	0	0	1	1	0	0	0	0	0	0	0	0	0	0	0	0	0	0	0	0	0	0	0	1	0	2	1	0	1	0	0	0	0	0	1	0	0	0	1	0	0	0	0	0	1	2	0	0	0	1	0	1	1	0	0	1	0	1	2	0	0	2	0	0	0	0	1	0	0	1	1	0	0	0	2	0	1	0	0	0	1	0	0	2	2	0	0	1	1	1	0	1	1	1	1	0	1	0	0	1	0	1	1	1	1	1	1	0	0	0	0	0	0	2	0	2	1	0	1	0	1	0	2	0	0	0	1	0	0	0	2	1	0	1	1	4	1	0	1	1	1	0	1	1	1	0	1	0	0	0	0	2	2	0	0	1	1	1	0	1	0	0	0	0	1	0	0	0	0	0	0	0	1	1	1	2	1	1	0	1	0	1	1	0	0	2	3	1	1	1	4	2	1	0	2	1	2	0	1	2	0	1	3	0	3	8	2	1	1	0	0	1	7	2	1	1	1	0	0	0	0	2	3	2	2	5	4	3	2	10	5	4	0	2	2	7	7	1	6	5	3	1	2	2	0	3	2	2	0	2	1	2	1	2	1	2	3	1	3	3	3	1	3	6	22	30	19	0	18	12	9	3	6	5	3	2	8	2	3	1	4	4	0	0	4	1	0	3	3	0	2	1	1	1	1	0	0	2	1	1	2	4	3	1	0	2	9	5	10	3	5	4	2	5	7	11	2	1	3	2	2	1	6	2	2	3	3	3	1	1	0	1	2	0	1	1	0	2	0	0	2	1	4	1	2	3	2	2	2	1	1	2	3	10	9	4	7	21	10	1	1	1	1	2	0	0
0	0	0	0	0	0	0	0	0	0	0	0	0	0	0	0	0	1	0	2	0	3	1	0	0	0	1	2	0	0	0	1	0	1	0	0	0	1	0	0	0	1	0	0	0	1	0	0	0	0	2	2	0	0	0	1	0	0	0	0	0	0	1	0	0	0	1	0	0	0	0	0	0	0	0	0	1	0	0	0	0	0	0	0	0	0	0	1	1	1	0	0	1	0	1	0	0	0	1	0	0	0	0	0	0	0	0	1	0	0	0	0	0	0	1	0	0	0	1	0	0	0	0	0	0	1	1	0	0	1	0	0	1	4	0	1	0	1	0	1	0	0	0	1	2	1	0	0	2	0	2	1	0	0	0	1	0	1	0	0	1	1	0	1	1	0	0	1	0	1	2	1	0	0	0	0	0	0	0	1	0	0	0	0	1	2	0	0	0	0	1	0	0	1	2	0	2	0	1	1	1	1	1	0	2	0	1	0	2	0	3	3	0	1	0	1	0	1	0	2	1	0	2	2	0	0	0	0	0	0	0	0	1	1	1	5	0	2	0	4	3	2	1	2	3	0	2	1	0	1	3	1	4	0	2	3	2	1	1	1	1	3	2	3	1	0	2	6	7	1	4	1	3	3	12	5	2	3	1	1	1	4	1	2	2	3	1	3	0	4	2	9	5	5	1	2	2	6	14	4	3	14	9	1	4	0	0	2	2	1	1	1	2	0	1	0	1	1	1	2	2	1	1	4	3	6	14	12	4	18	0	166	19	3	25	8	10	5	3	3	4	1	2	1	4	1	1	1	3	4	1	0	0	2	1	1	1	1	1	0	0	1	2	5	4	4	0	2	7	16	22	8	13	8	5	4	9	6	2	0	1	2	2	1	0	3	3	2	5	2	1	2	1	0	1	0	1	2	0	2	1	0	1	2	2	1	1	1	1	1	0	2	0	5	2	2	5	1	4	9	3	0	0	0	0	0	0	0
0	0	0	0	0	0	0	0	0	0	0	0	1	1	0	1	1	0	1	0	1	0	1	0	0	0	0	1	1	0	0	0	0	0	1	1	1	0	0	0	0	0	0	1	1	0	0	1	0	0	0	1	0	0	0	0	3	0	0	0	0	0	0	0	0	0	0	0	0	0	1	0	0	0	0	1	0	0	0	0	1	0	0	0	0	0	0	0	1	0	1	0	0	0	0	0	0	0	0	0	0	0	0	0	0	1	0	0	0	1	0	0	0	1	1	1	0	0	0	0	0	1	0	0	1	1	1	2	0	2	2	0	0	1	0	1	1	1	1	0	0	0	0	0	0	1	0	0	1	1	1	0	1	2	0	0	0	1	0	0	0	0	0	0	0	0	0	1	1	1	0	0	0	1	0	1	1	1	0	0	1	0	0	3	0	0	1	1	1	0	1	0	2	1	1	2	1	1	1	2	1	0	1	2	2	2	5	2	1	0	2	0	1	2	3	4	1	1	0	0	3	0	1	0	1	0	0	1	0	2	0	1	2	1	1	2	0	2	1	0	4	1	1	1	2	0	2	1	1	1	1	0	2	1	4	4	1	1	1	2	1	6	1	0	1	1	2	5	5	3	2	3	0	4	13	5	4	3	0	3	1	5	0	2	2	4	1	3	4	2	3	18	9	4	2	6	9	9	14	3	4	28	4	3	2	0	1	1	1	1	2	0	4	0	0	0	0	1	1	1	0	3	0	1	1	2	3	12	6	12	166	0	5	15	19	7	7	11	4	4	3	0	3	4	0	1	2	2	3	5	1	0	0	5	4	2	1	1	2	1	0	4	4	3	5	1	0	4	3	10	10	11	10	12	4	2	14	8	3	1	1	0	0	3	1	2	1	1	3	3	2	0	1	0	1	0	1	0	1	1	0	1	3	0	0	1	2	4	3	0	0	0	3	4	1	2	3	4	5	5	2	2	1	3	0	2	0	0
0	0	0	0	0	0	0	0	0	0	0	0	0	1	1	0	0	1	0	1	1	0	0	0	2	1	0	1	0	1	0	0	0	1	0	0	0	0	0	0	1	0	0	1	1	1	1	0	0	1	0	1	0	0	2	0	0	0	0	0	0	0	0	0	0	1	0	0	0	0	0	0	0	1	0	1	0	0	0	0	0	1	0	1	0	0	0	0	0	0	0	0	0	0	1	0	0	0	0	1	1	0	0	0	1	0	0	0	0	1	0	0	0	0	0	1	0	0	0	0	0	0	0	0	0	0	1	0	2	0	1	1	0	2	1	0	0	1	1	1	0	0	1	1	0	2	0	1	1	2	2	1	1	3	0	0	1	0	0	0	1	0	1	0	0	0	1	0	1	0	0	1	0	1	0	1	0	0	1	1	1	1	0	0	2	1	0	1	0	2	0	1	0	3	2	1	2	2	0	2	1	4	0	1	3	2	2	0	1	0	3	1	0	2	3	2	2	1	1	2	0	0	1	1	0	2	1	1	0	0	0	2	1	0	1	0	3	1	1	4	3	1	1	4	3	5	1	0	5	2	0	1	2	3	4	7	2	3	2	1	4	4	1	2	3	3	8	13	13	3	4	1	2	4	13	3	7	0	2	1	3	2	1	1	5	4	2	3	1	0	5	7	4	2	1	2	1	2	7	1	6	5	11	4	2	3	2	1	1	0	2	2	0	1	1	0	0	1	0	0	2	1	0	4	6	13	3	7	3	9	19	5	0	122	63	41	36	13	7	4	9	11	4	3	1	2	5	3	3	1	4	1	1	1	3	3	3	4	2	0	1	2	9	20	8	7	7	7	23	23	10	3	2	2	0	4	0	5	3	4	4	0	1	2	5	5	5	2	2	2	1	0	0	3	1	2	2	5	1	0	1	0	2	6	4	2	1	0	0	2	2	0	3	2	2	4	1	4	4	6	7	2	2	1	2	3	0	0
0	0	0	0	0	0	0	0	0	0	0	0	0	0	0	0	1	0	0	0	0	1	1	2	0	0	0	1	0	0	0	0	0	0	0	0	0	0	0	1	0	0	0	0	0	0	0	1	0	0	1	1	0	0	0	0	1	0	1	0	1	0	0	1	0	0	0	0	0	0	0	0	0	0	0	0	0	0	0	0	0	0	0	0	0	1	1	0	1	1	0	0	1	0	0	0	0	1	1	0	0	0	1	0	0	1	0	1	0	2	0	0	0	0	1	0	0	0	1	1	0	0	0	0	0	0	0	1	0	2	1	1	0	1	0	1	1	0	0	3	0	0	0	0	1	1	1	3	0	1	2	1	0	1	1	0	0	0	0	0	2	1	0	1	0	0	0	0	0	1	0	0	0	0	0	1	0	1	1	0	0	0	0	0	0	1	2	2	0	1	0	0	2	2	1	1	0	2	1	0	0	2	0	0	1	1	2	0	2	0	0	1	0	4	2	1	0	0	0	1	0	1	2	0	1	0	1	0	2	0	0	2	2	1	2	0	0	0	4	5	1	4	2	0	1	2	6	3	3	1	2	1	4	2	3	6	4	4	5	3	6	8	5	3	2	2	9	22	10	4	11	4	7	3	8	1	5	3	1	0	0	1	1	3	2	3	6	5	4	2	1	0	5	2	1	2	0	3	7	2	2	7	5	3	2	3	4	1	2	1	1	2	2	1	1	2	0	3	2	3	1	3	1	1	7	10	12	4	3	3	3	15	122	0	24	22	36	22	7	7	4	10	5	3	2	3	7	5	3	6	2	3	0	0	3	3	0	3	1	0	1	2	6	35	17	14	5	11	14	6	5	0	6	1	3	1	6	2	4	1	1	2	2	0	3	1	1	3	11	2	2	3	3	2	2	2	2	1	0	1	2	0	1	3	4	4	3	3	3	2	2	1	3	5	2	3	5	1	2	9	10	0	2	0	0	3	0	0
0	0	0	0	0	0	0	0	0	0	0	0	0	0	0	0	0	0	0	0	0	0	1	1	1	0	0	1	0	0	0	0	0	0	0	2	1	2	1	0	0	0	0	2	2	0	2	0	2	2	0	1	0	0	0	0	0	0	0	0	0	0	0	0	0	0	0	1	0	0	0	0	0	0	0	0	0	0	0	0	0	0	0	1	1	0	0	0	0	0	0	0	0	0	1	0	0	1	0	1	0	1	0	0	1	0	0	0	0	0	0	0	1	0	0	1	0	0	0	0	0	1	0	0	0	0	0	0	0	2	0	0	1	0	3	1	2	2	0	2	0	0	0	1	3	0	0	0	1	0	2	1	2	3	2	0	0	0	2	1	1	0	2	1	0	0	0	0	0	0	0	0	0	0	0	0	0	0	1	0	1	0	1	0	0	0	0	1	0	3	1	0	2	1	0	1	3	2	3	0	2	1	2	3	6	2	1	0	2	1	3	0	0	1	2	1	3	3	1	0	1	0	0	1	0	1	1	0	1	0	0	0	0	0	1	5	1	3	1	1	0	3	3	8	4	2	6	3	0	3	1	0	2	2	2	8	2	3	0	6	7	2	4	0	0	0	3	9	9	7	10	2	4	10	26	3	6	2	1	2	2	3	0	3	4	4	1	3	0	0	3	3	11	8	0	5	4	8	12	0	6	11	16	7	5	1	4	1	2	4	1	2	0	2	1	2	1	1	0	1	0	2	4	0	2	3	3	8	5	6	25	19	63	24	0	36	15	11	4	3	4	1	1	7	2	2	3	1	2	1	2	1	3	2	1	1	2	3	1	2	1	5	10	17	7	3	4	12	25	19	5	3	5	5	4	3	5	3	3	2	1	1	0	2	2	4	1	2	3	6	0	1	1	1	2	0	0	3	0	1	0	0	0	2	1	1	5	7	1	1	3	0	2	1	3	0	1	1	2	5	4	0	0	1	2	2	0	0
0	0	0	0	0	0	0	0	2	1	0	0	0	0	0	1	0	0	3	1	0	0	1	2	2	2	0	1	0	0	0	0	0	0	0	1	0	1	0	0	0	0	0	0	0	1	2	1	1	0	0	0	0	1	0	0	0	0	0	0	0	1	0	1	0	0	0	1	0	1	0	0	0	0	0	0	0	0	0	0	0	0	0	0	1	0	0	0	0	0	0	0	0	0	1	1	0	2	1	0	1	0	0	1	0	1	0	0	1	0	0	0	1	2	0	0	1	0	1	0	0	2	0	0	1	0	0	0	2	1	0	1	3	1	1	1	2	1	1	0	0	0	0	3	0	3	0	3	1	1	1	0	0	1	1	1	1	0	1	0	1	0	3	0	1	1	1	0	1	3	0	0	0	0	0	1	1	2	0	0	1	1	0	2	1	1	0	2	0	0	1	0	1	0	0	3	5	2	1	1	1	2	4	4	2	6	1	1	1	0	1	0	1	2	0	4	0	1	1	0	0	0	1	2	1	0	1	0	0	0	1	1	1	1	1	4	2	3	3	3	4	1	2	5	3	4	4	5	2	0	3	4	2	1	9	14	5	3	1	3	9	3	0	4	1	3	3	12	14	8	11	7	5	20	36	12	8	1	1	2	1	6	4	5	0	6	4	1	3	1	3	9	13	4	3	1	3	8	7	6	6	12	20	5	4	2	6	4	3	1	0	3	0	0	0	0	1	0	0	2	2	1	2	3	2	7	7	3	6	5	8	7	41	22	36	0	68	8	3	4	3	2	2	4	2	5	7	0	2	5	4	0	0	1	3	1	1	2	4	0	1	1	7	10	10	5	3	11	8	7	6	3	5	0	1	3	1	2	4	4	2	2	2	2	3	4	6	5	7	2	2	1	1	1	2	0	2	1	2	2	2	1	2	4	6	1	2	3	6	1	1	3	1	3	4	2	5	2	2	8	7	0	0	2	1	0	0	0
0	0	0	0	0	0	0	0	0	0	0	0	0	1	0	1	1	0	0	0	0	2	1	2	1	0	1	0	0	0	0	0	0	0	1	1	1	0	0	1	1	1	1	0	0	0	0	0	1	3	2	0	1	0	0	0	0	0	0	1	0	0	0	0	0	1	0	0	1	0	0	0	0	0	0	0	0	0	0	0	0	0	0	0	0	0	1	0	0	1	1	0	0	0	0	0	0	0	1	2	1	0	0	0	1	0	0	0	1	0	0	1	1	0	0	0	0	0	0	0	0	1	0	2	1	0	1	1	0	1	0	1	0	2	2	0	0	2	2	0	2	1	1	0	0	0	0	1	0	2	3	1	2	1	2	2	0	0	1	0	1	1	3	1	0	0	0	0	0	0	1	0	0	1	0	3	0	0	2	0	0	0	0	0	0	1	0	0	0	0	0	0	0	8	0	2	3	4	2	2	2	1	2	3	5	4	2	0	2	3	5	1	0	3	2	4	1	0	0	2	0	2	0	1	0	2	0	1	2	1	0	0	1	0	1	0	1	2	3	3	2	0	3	0	2	2	3	3	3	1	4	2	2	2	6	8	4	1	2	0	14	9	2	5	3	1	11	20	13	6	6	8	2	11	18	12	2	4	2	3	2	3	3	1	7	12	4	4	3	2	4	6	18	11	4	3	3	2	10	2	5	9	7	2	7	1	1	2	2	2	1	0	1	1	0	0	1	2	2	0	1	1	3	3	5	11	4	7	4	3	10	7	36	36	15	68	0	20	8	7	4	4	9	6	3	5	6	2	1	5	2	3	4	5	2	1	1	0	1	1	1	2	10	9	3	4	1	7	9	3	2	1	4	3	2	2	9	3	7	1	2	3	3	2	3	7	5	5	24	6	1	1	1	1	5	2	3	3	1	2	1	4	0	4	5	4	2	2	2	1	4	1	2	7	4	3	5	4	8	6	10	3	2	3	5	0	0	0
0	0	0	0	0	0	0	0	0	0	0	1	0	0	0	1	0	0	0	0	0	0	0	0	1	1	3	1	0	0	1	1	1	0	2	0	0	0	0	0	0	1	1	0	0	2	0	0	1	0	4	0	0	2	0	0	0	0	0	1	0	0	1	0	0	0	1	0	0	0	0	0	0	0	0	0	1	0	0	1	0	1	0	0	0	0	1	0	0	1	0	0	1	0	0	0	1	0	2	0	0	0	0	1	0	1	1	0	0	0	0	2	1	0	0	0	0	1	2	0	2	0	1	1	0	1	0	2	0	1	0	1	0	1	0	1	1	0	1	0	0	0	0	1	0	1	1	0	0	2	2	1	3	0	1	0	0	0	0	0	0	1	2	0	1	1	0	3	2	0	1	0	0	0	1	0	2	0	0	0	0	0	1	0	0	0	0	0	1	0	0	0	2	3	1	2	4	1	0	3	0	1	1	1	2	1	1	0	1	1	3	1	0	1	0	1	0	0	1	0	1	1	1	1	2	0	1	0	0	0	0	0	0	1	1	2	1	0	3	0	0	0	0	1	0	1	2	1	5	2	2	6	1	1	2	6	3	4	2	1	5	8	2	1	0	4	6	3	8	3	3	4	1	5	8	3	7	0	3	1	2	2	1	3	2	5	5	8	1	0	1	4	3	2	0	4	2	0	3	2	1	4	1	3	3	0	1	2	2	1	3	2	2	1	0	0	0	1	1	0	2	1	1	9	15	116	19	5	2	2	5	11	13	22	11	8	20	0	27	13	6	10	4	2	2	4	2	3	0	3	1	3	1	3	2	0	2	1	0	3	1	1	7	11	5	7	2	2	6	3	7	5	2	1	1	1	3	1	3	4	2	4	0	6	8	6	9	4	9	8	3	4	3	1	1	6	2	3	2	1	1	1	3	1	6	4	9	15	4	3	1	2	4	13	9	4	10	8	4	16	36	4	2	3	3	8	0	0
0	0	0	0	0	0	0	0	0	0	0	0	0	0	0	0	0	0	0	1	0	0	0	2	0	0	1	0	1	0	0	2	0	0	0	0	0	0	0	0	0	0	0	1	1	0	0	1	0	0	1	0	0	0	0	0	1	0	0	0	0	1	0	0	0	1	0	1	0	0	0	0	0	0	0	0	0	0	0	0	0	0	0	0	0	0	0	0	0	0	0	0	1	0	0	1	0	0	1	1	0	0	0	1	0	0	0	0	0	0	0	0	2	1	0	2	1	0	0	0	0	2	0	0	2	0	0	1	0	3	0	0	1	1	0	1	0	0	0	1	0	0	0	0	0	0	0	1	1	0	0	1	0	0	0	1	1	1	1	0	0	0	0	1	2	2	0	0	0	0	0	0	0	1	1	0	0	2	0	1	1	0	2	0	0	0	0	0	0	0	0	0	2	0	2	1	3	2	1	1	0	2	1	0	0	1	0	0	1	1	1	0	1	0	1	1	0	0	1	0	0	1	1	0	0	2	1	1	0	1	1	0	0	1	0	2	0	1	1	1	2	1	0	0	2	2	2	2	2	3	0	3	2	0	2	4	3	2	3	2	5	2	3	1	1	0	5	2	2	1	0	3	3	0	2	1	0	1	1	1	1	0	1	3	2	2	0	1	1	1	1	2	11	3	2	2	0	1	5	1	1	3	2	0	0	0	0	0	1	1	0	0	1	2	1	0	0	2	1	0	5	3	4	6	49	78	79	15	4	8	3	4	7	7	4	3	8	27	0	11	6	6	9	2	4	2	0	3	0	2	5	6	4	1	1	4	3	0	1	0	0	1	4	2	3	3	1	4	5	5	3	1	2	2	1	1	5	2	1	0	0	2	3	2	3	3	5	6	5	7	3	6	2	4	1	6	2	1	2	1	3	1	2	4	8	2	15	16	7	3	0	2	3	11	10	6	14	9	3	20	22	10	7	4	3	7	0	0
0	0	0	0	0	0	0	0	0	0	1	0	0	0	0	0	0	0	0	0	0	1	0	0	1	0	0	1	0	1	0	0	0	0	0	1	0	1	0	0	0	0	0	1	1	0	0	0	0	0	0	0	0	0	0	0	1	0	0	0	0	0	0	0	0	0	0	0	0	0	0	1	0	0	0	0	0	0	0	0	0	0	0	0	0	1	0	0	0	0	0	0	0	0	0	0	1	0	0	0	0	0	0	1	0	0	0	1	0	1	0	0	1	1	0	1	0	0	0	0	0	0	1	0	2	0	0	0	0	0	0	2	1	0	0	0	1	0	0	1	0	0	0	0	0	0	1	0	1	1	0	0	2	1	0	0	0	1	0	0	1	0	0	2	2	0	0	0	0	0	0	0	0	0	0	0	0	0	1	0	0	0	1	0	0	0	0	0	0	0	0	0	1	0	2	0	1	0	1	1	0	0	1	0	1	0	0	0	1	0	0	0	0	0	1	2	0	0	0	0	1	0	1	0	0	0	0	0	0	1	0	0	0	0	0	1	0	0	1	0	0	1	1	1	1	2	3	0	2	0	1	0	2	1	0	1	4	1	2	1	3	4	1	3	0	0	0	3	3	0	2	2	1	2	4	2	0	0	1	0	1	0	1	3	3	3	2	2	2	0	1	1	2	1	3	1	1	0	0	2	2	2	3	1	0	0	1	0	0	0	0	1	1	0	0	0	0	1	1	1	1	0	2	7	11	6	6	3	6	2	3	4	4	7	3	4	7	13	11	0	47	28	8	5	2	4	1	0	1	4	4	1	5	3	5	2	2	2	1	0	0	3	4	9	9	1	1	6	5	1	1	0	0	2	1	2	1	5	2	2	1	0	2	0	3	2	0	2	6	2	14	4	4	1	0	2	2	3	0	0	1	0	1	1	5	2	9	7	5	6	2	2	2	2	3	2	3	2	2	6	11	7	1	10	4	10	0	0
0	0	0	0	0	0	0	0	0	0	0	0	0	0	1	0	1	0	0	2	0	1	0	0	0	0	0	0	0	0	0	0	0	0	0	0	1	0	0	0	0	0	1	0	1	0	0	0	0	1	0	0	0	0	0	0	0	1	0	0	0	0	0	0	0	0	0	1	0	0	0	0	2	0	0	0	0	0	0	1	0	0	0	0	0	0	0	0	0	0	0	0	0	0	0	0	1	0	0	0	0	1	0	0	1	0	0	0	2	0	1	0	0	0	0	0	0	0	0	1	0	0	0	1	0	0	0	0	0	2	1	1	0	0	0	1	0	0	0	0	1	0	0	0	1	0	0	1	0	0	0	0	0	0	0	0	0	0	1	0	0	1	0	1	0	0	1	0	0	2	0	0	0	0	0	0	0	1	1	0	0	0	2	0	1	0	1	0	0	0	0	0	1	0	2	2	2	2	1	0	0	1	1	2	1	2	0	0	0	0	1	2	0	0	1	0	0	0	0	0	1	1	0	1	0	0	0	1	0	0	0	0	1	0	2	1	0	0	0	1	1	1	5	2	0	4	2	0	1	2	3	1	0	1	2	3	4	2	2	4	1	2	4	2	2	1	4	3	1	1	3	4	2	0	0	1	3	0	0	1	2	0	1	0	1	1	0	0	0	1	0	1	2	1	1	0	4	0	0	0	1	1	0	0	0	1	0	2	0	0	0	1	0	1	4	0	0	0	0	1	0	0	8	3	11	7	6	3	0	3	4	3	9	4	4	3	4	6	6	47	0	32	7	7	1	0	1	1	2	5	3	3	2	9	6	1	0	0	0	0	0	3	1	6	10	5	2	3	3	4	1	2	0	0	1	2	1	3	1	1	1	1	0	2	3	0	1	1	2	7	7	7	3	4	4	4	1	2	2	1	0	0	1	1	6	2	14	7	8	0	0	3	4	9	3	0	2	1	4	4	2	5	1	5	6	30	0	0
0	0	0	0	0	0	0	0	0	0	0	0	0	0	0	0	0	0	0	0	0	1	1	0	0	0	0	1	0	0	0	0	0	0	0	0	1	0	0	0	0	1	0	0	0	0	0	1	0	1	1	0	1	0	1	0	0	0	0	0	0	0	0	1	0	0	0	0	1	0	0	0	0	1	0	0	0	0	0	1	0	0	0	0	0	0	0	0	0	0	0	0	1	0	0	0	1	1	0	0	1	0	1	0	0	0	0	1	0	0	0	0	0	0	0	0	0	0	0	0	0	0	0	1	0	0	0	0	0	0	2	3	0	1	1	0	0	1	0	0	0	1	0	0	0	0	1	0	0	1	0	1	1	0	0	1	0	1	1	0	0	1	0	1	0	0	2	0	0	0	0	0	1	1	0	0	0	0	0	0	0	0	1	1	0	0	0	0	0	1	0	0	1	2	0	2	1	2	1	0	0	1	0	0	1	0	2	0	1	0	3	0	0	1	0	1	1	0	0	1	0	0	0	1	0	0	0	0	1	0	0	0	0	1	0	1	0	2	2	2	0	2	0	4	1	1	0	2	4	2	0	1	2	0	4	1	6	5	7	4	2	10	5	7	1	1	8	11	3	1	0	3	4	3	5	0	0	1	0	1	1	1	2	2	3	0	3	2	0	0	2	3	3	1	2	0	1	2	3	0	0	1	3	0	1	0	1	0	0	0	0	0	0	1	0	0	0	0	0	1	1	2	2	6	5	8	2	5	0	1	1	0	11	10	1	2	4	10	6	28	32	0	35	9	7	5	4	0	2	10	9	3	12	8	20	8	3	3	0	1	1	3	5	8	18	11	3	6	4	7	1	2	2	0	2	0	1	2	1	0	0	0	2	2	2	1	2	1	3	15	14	8	5	3	6	4	1	0	0	1	1	0	0	2	8	2	6	10	3	2	2	5	4	7	2	0	3	2	2	0	4	2	3	2	4	15	0	0
0	0	0	0	0	0	0	0	0	0	1	0	0	0	0	0	0	0	0	0	1	0	0	0	0	1	0	0	0	0	0	0	1	0	0	0	0	0	0	0	0	0	1	0	1	0	0	0	0	0	2	0	1	0	0	0	0	0	0	0	0	0	0	0	0	0	0	0	0	0	0	0	0	0	0	0	0	0	0	0	0	1	1	0	0	0	0	0	0	0	0	1	0	0	1	0	0	0	1	0	0	1	0	1	0	0	0	1	1	0	0	0	0	0	0	0	1	0	0	0	0	0	0	2	1	0	0	0	2	1	0	1	0	1	0	1	0	0	0	0	0	0	0	1	0	2	1	0	0	0	1	0	0	1	0	1	2	0	0	0	1	0	0	0	2	0	0	0	0	0	0	1	0	1	1	0	0	0	1	0	0	1	0	0	0	0	0	0	0	0	0	1	2	3	2	1	4	1	0	2	1	0	2	1	1	2	2	0	2	2	1	0	0	1	4	0	1	0	0	0	1	0	0	1	0	0	0	0	1	1	0	0	1	1	1	1	1	0	1	0	1	0	0	1	2	4	5	4	1	3	4	1	0	1	0	3	9	11	10	12	7	16	11	3	6	6	10	9	0	2	3	2	2	2	2	2	1	2	1	1	1	0	1	0	1	4	2	1	2	1	2	3	1	0	2	2	1	5	1	2	1	2	1	0	0	0	0	4	1	1	0	2	2	0	0	0	0	2	0	1	0	0	2	4	1	5	1	0	1	4	2	3	4	5	1	2	9	4	9	8	7	35	0	46	5	5	4	1	0	15	17	8	4	8	10	3	3	3	3	0	1	3	8	7	8	4	3	3	0	3	3	1	1	1	0	2	2	2	3	2	1	0	0	3	3	3	2	3	4	61	16	4	13	5	9	3	4	2	1	3	1	2	1	5	10	2	7	6	3	2	3	4	1	4	3	0	1	1	0	0	4	2	2	3	3	12	0	0
0	0	0	0	0	0	0	0	0	0	0	0	0	0	0	0	0	0	0	0	1	0	0	2	1	0	0	0	0	0	1	1	3	1	1	0	0	1	0	1	0	0	0	2	0	0	1	0	0	1	0	0	0	0	0	0	0	0	0	1	0	4	0	0	0	0	0	0	1	0	0	0	0	0	0	0	0	0	0	0	0	0	0	0	1	0	0	0	0	0	0	0	0	1	0	1	2	0	0	0	1	1	0	0	0	2	1	1	0	0	0	0	1	0	0	0	0	0	0	0	0	0	0	0	0	0	0	0	2	0	1	0	0	0	1	1	0	2	0	0	0	0	2	2	0	1	0	0	1	1	1	1	0	0	1	0	0	0	0	1	1	0	2	0	0	0	0	0	0	0	0	0	0	2	0	1	0	0	0	0	0	0	0	0	1	1	0	0	1	1	1	1	0	1	1	2	3	2	1	1	0	1	0	2	0	2	1	2	2	1	2	1	0	0	1	2	3	0	1	0	0	1	1	0	0	0	0	1	0	0	0	0	0	0	2	2	4	1	1	4	0	2	0	1	2	0	5	4	5	7	2	1	3	1	2	6	17	19	11	52	6	33	26	15	7	10	31	16	3	2	8	5	3	4	4	1	5	3	0	2	3	1	0	1	4	3	1	0	1	2	1	1	0	2	0	1	2	1	1	0	0	0	0	1	1	2	1	0	1	1	0	1	0	0	1	0	0	0	0	0	0	0	1	1	3	3	2	1	0	4	1	4	3	3	7	4	6	2	2	5	7	9	46	0	16	12	8	2	2	30	17	4	11	4	8	5	6	2	1	2	2	3	12	5	4	8	7	1	1	3	1	1	0	1	0	2	0	0	1	3	2	3	1	2	2	1	2	1	7	22	5	8	5	1	10	6	3	3	5	0	4	1	2	3	7	2	4	1	1	1	4	3	1	5	1	6	1	0	2	2	2	3	2	3	4	6	0	0
0	0	0	0	0	0	0	0	0	1	0	0	1	1	0	1	1	0	0	1	0	0	0	1	1	1	1	0	0	0	0	0	1	1	3	0	0	0	2	0	0	0	0	0	0	1	0	0	1	0	0	0	1	1	0	0	0	0	1	0	0	0	0	0	0	1	0	0	1	0	0	1	0	1	0	0	0	0	0	1	2	0	0	0	0	0	0	0	0	0	0	0	0	0	0	0	2	0	1	1	0	0	0	3	0	0	1	1	0	0	0	0	0	0	1	2	0	0	0	0	0	1	1	0	0	0	0	0	2	0	2	0	0	0	2	1	1	2	1	1	2	0	0	0	0	1	0	0	1	2	0	1	0	0	0	0	0	0	0	0	0	0	0	0	0	0	0	0	0	0	0	1	1	0	2	1	1	1	1	1	1	0	0	0	1	0	1	1	1	2	1	1	6	2	3	2	6	5	0	1	0	3	1	0	4	1	0	2	1	1	1	1	2	2	0	2	0	0	1	0	0	0	2	0	0	2	0	0	0	0	0	0	0	0	0	0	1	1	1	2	1	2	0	4	1	3	4	7	3	3	2	5	1	4	1	3	11	11	8	36	23	17	66	72	16	28	14	7	5	7	3	13	9	3	1	2	0	2	4	2	3	4	2	1	5	3	2	3	1	0	0	0	1	1	0	3	0	1	2	0	1	4	3	2	1	2	1	2	2	1	0	0	0	2	0	0	1	1	0	1	1	1	2	3	2	0	1	1	1	0	4	0	1	2	2	2	3	2	4	2	1	7	5	16	0	8	4	4	1	13	8	10	2	3	2	4	8	4	3	0	1	2	3	5	2	4	2	5	2	1	1	0	0	2	2	1	0	0	0	2	0	1	1	1	3	1	2	2	2	11	5	2	1	1	5	7	6	3	4	9	3	1	3	5	3	8	6	4	2	1	3	0	1	1	2	1	5	1	2	1	0	4	0	1	2	1	0	0
0	0	0	0	0	0	0	0	1	1	0	0	0	0	1	1	0	0	2	0	1	1	1	1	0	0	0	1	0	0	0	0	2	0	1	1	0	2	0	0	1	0	0	1	0	1	1	0	0	2	3	0	0	0	0	0	1	0	0	0	1	1	0	0	0	0	0	0	0	1	1	0	0	0	0	0	0	0	0	0	0	0	0	0	1	0	0	0	0	1	0	1	0	0	0	0	0	2	1	0	0	1	0	1	0	0	0	0	1	0	0	0	0	0	0	0	0	0	1	0	0	0	0	2	0	0	0	0	0	0	0	2	1	0	0	0	1	0	0	0	0	1	0	1	0	0	0	0	2	0	5	1	2	1	1	1	3	0	0	1	0	0	0	1	0	1	1	0	0	1	0	0	0	2	0	0	0	0	1	0	1	1	0	3	0	1	1	1	1	2	2	1	3	3	2	3	8	2	3	1	3	2	2	2	3	3	1	1	0	0	3	0	1	2	2	1	1	0	0	0	1	1	0	1	0	2	0	1	0	1	1	0	1	0	3	4	0	3	2	5	7	3	4	2	3	11	19	22	5	3	1	2	0	4	5	23	40	11	13	12	34	22	46	11	3	8	5	17	10	9	11	18	23	9	2	2	4	0	1	3	3	7	5	3	1	3	2	0	2	0	2	2	2	1	0	1	1	2	2	1	2	0	3	3	2	3	1	1	0	2	1	0	0	0	0	0	1	2	0	0	1	0	1	0	1	0	0	0	1	0	1	1	2	3	2	5	5	4	2	4	0	5	5	12	8	0	13	13	5	13	10	3	4	3	2	2	8	4	1	2	1	9	17	5	1	7	7	8	3	1	1	0	0	1	0	0	1	1	1	1	1	2	0	1	1	3	5	3	4	5	1	6	3	4	2	2	1	3	5	2	0	2	2	3	4	0	0	1	0	1	0	0	0	0	1	0	0	0	3	0	1	1	0	0	0	0	0	0
0	0	0	0	0	0	0	0	0	0	0	0	0	0	0	0	0	0	0	1	1	0	3	1	1	0	2	0	0	1	1	1	1	1	0	0	0	0	0	0	0	1	1	0	0	0	2	1	1	1	1	0	1	0	0	0	1	0	1	0	0	0	0	0	0	0	1	0	0	0	0	0	0	0	0	0	0	0	0	0	1	0	0	1	0	0	1	1	0	0	0	0	0	0	0	1	0	1	0	0	0	0	0	1	0	1	0	0	3	0	0	2	0	0	0	0	0	1	0	0	1	0	1	1	1	1	2	0	0	0	1	1	2	1	3	3	1	1	1	1	1	1	1	1	0	0	1	0	2	3	3	1	5	4	2	1	3	1	0	1	1	1	1	1	0	0	0	2	0	0	0	1	0	0	1	0	2	2	1	2	0	1	0	1	0	0	2	1	3	1	1	1	3	4	1	3	12	12	1	4	2	0	2	3	3	2	0	1	6	3	5	3	1	2	1	4	4	3	1	1	3	0	1	1	1	0	1	2	0	0	1	1	0	1	1	8	7	4	6	25	23	8	2	8	2	13	17	21	12	3	1	1	2	7	32	82	10	2	5	6	23	9	9	2	4	6	2	11	14	23	112	19	44	17	6	11	7	6	5	1	2	9	10	6	9	4	0	0	0	2	1	2	2	3	3	3	1	2	0	2	2	0	5	4	4	5	1	6	2	3	1	0	1	0	2	1	0	1	1	4	1	0	1	1	2	1	1	1	0	4	1	2	5	7	3	7	6	2	0	1	1	4	4	8	4	13	0	33	4	9	6	0	2	1	0	4	4	4	5	2	3	7	16	4	3	2	9	4	3	3	2	2	1	1	2	0	2	0	2	2	0	2	0	0	2	4	0	1	6	2	1	1	0	2	2	2	2	1	0	0	0	5	3	3	3	0	1	2	2	0	0	1	1	1	1	1	1	0	0	2	1	2	1	1	1	3	0	0
0	0	0	0	0	0	0	0	0	0	0	0	0	0	0	0	1	0	1	0	1	2	0	0	0	1	0	2	0	0	0	0	0	0	1	0	0	0	0	0	0	2	0	1	0	0	1	1	0	0	1	0	1	0	0	0	0	0	1	0	0	0	0	0	1	0	0	1	1	0	0	0	0	0	0	0	0	0	1	0	0	0	0	1	0	0	0	0	1	0	0	1	0	0	1	1	0	1	1	1	0	0	0	0	0	3	1	0	0	0	1	1	0	0	1	1	0	0	0	0	0	0	2	0	0	1	1	1	1	1	2	2	0	2	1	1	1	1	3	1	0	1	0	0	3	0	0	0	3	1	5	6	4	2	1	1	2	1	0	2	0	2	3	0	2	0	0	1	1	1	0	0	1	0	1	0	1	0	0	0	0	0	1	0	1	0	2	1	4	2	2	2	5	4	0	6	10	6	2	1	3	1	1	0	2	4	1	3	2	1	1	1	2	1	4	1	2	1	1	2	4	0	3	4	3	5	0	0	0	2	2	1	1	1	2	6	19	13	19	20	21	5	5	5	8	14	259	22	4	3	1	5	3	4	24	9	8	3	6	1	10	12	6	7	2	2	0	2	2	7	8	14	17	4	2	3	8	3	10	9	0	9	9	8	4	1	0	1	0	0	1	2	2	1	1	2	2	0	0	1	2	1	1	2	3	2	2	0	4	0	2	3	1	0	0	0	0	0	0	1	1	2	0	0	1	1	1	0	1	1	1	2	3	5	1	0	2	3	3	0	1	0	1	2	4	13	33	0	35	4	0	2	0	0	4	2	3	4	7	8	6	9	6	1	3	1	2	3	3	1	2	1	1	3	1	2	1	0	0	0	1	0	0	2	1	3	1	2	3	4	1	2	0	3	2	1	3	3	1	1	0	1	1	0	1	2	1	0	0	1	1	0	3	1	1	0	2	0	1	3	0	5	1	2	1	0	0	0
0	0	0	0	0	0	0	0	1	1	0	1	0	0	0	0	2	1	1	0	0	0	2	0	0	1	1	0	0	1	0	0	0	0	1	2	0	0	1	0	1	0	0	0	0	0	0	2	1	0	0	0	1	1	0	0	1	0	0	1	0	0	0	1	0	1	0	0	0	0	0	1	0	1	1	0	0	0	0	0	0	0	0	0	0	0	1	0	1	1	0	0	0	1	0	0	3	1	1	0	0	0	2	0	1	0	0	1	0	0	1	1	0	1	0	1	0	0	1	1	0	0	0	0	0	0	1	0	1	0	0	3	0	1	2	1	0	4	0	2	0	3	1	1	1	1	1	0	1	0	1	3	7	0	1	2	2	1	1	1	0	1	5	1	0	0	1	1	0	0	0	0	0	2	0	0	2	0	2	0	0	1	2	2	0	0	1	2	3	3	1	2	1	3	1	3	5	3	4	2	3	2	2	0	1	0	3	1	5	1	2	3	2	4	3	1	2	0	1	2	2	6	1	2	3	1	1	0	1	0	1	4	3	3	1	5	48	41	39	22	27	10	2	6	5	11	33	10	1	2	4	2	1	0	9	4	0	4	2	0	2	3	4	2	1	2	1	2	2	10	5	4	6	2	2	1	4	4	7	11	7	7	6	5	2	1	3	2	1	1	0	5	1	1	2	2	0	0	0	0	1	0	4	2	3	2	2	4	0	1	0	1	1	0	0	0	0	0	0	0	0	1	1	0	1	1	1	0	0	0	3	3	3	3	2	2	1	0	0	1	2	2	0	2	1	5	4	35	0	3	2	1	1	1	1	2	3	13	21	15	23	7	5	2	2	1	3	6	3	0	1	1	0	1	1	0	0	0	1	1	0	0	0	0	2	0	2	0	4	3	0	1	1	0	0	1	1	2	0	1	1	1	1	0	1	1	0	2	1	4	0	0	1	0	1	0	1	0	0	0	1	0	1	0	2	1	0	0
0	0	0	0	0	0	0	0	1	0	0	0	0	0	0	0	1	0	1	1	0	0	0	2	1	0	0	1	1	0	0	0	0	0	0	0	0	1	0	0	0	0	0	0	0	0	1	2	1	1	1	0	0	0	0	0	0	1	0	0	0	0	0	1	0	0	0	0	0	0	0	0	0	0	0	0	0	0	0	0	0	0	0	0	0	0	0	0	0	0	0	0	0	0	0	0	0	1	1	0	0	0	0	0	0	0	0	0	1	0	1	0	0	0	1	0	0	0	1	0	0	0	0	0	0	0	0	0	0	0	0	0	0	0	0	1	0	0	0	0	0	2	0	1	0	2	0	0	0	0	1	0	1	1	0	0	0	1	1	0	0	0	1	0	1	0	1	0	0	0	0	0	1	0	1	0	0	2	1	1	0	0	0	1	0	1	0	0	0	0	0	3	1	1	0	2	1	2	2	1	1	1	0	2	0	1	2	0	2	0	1	0	1	1	0	1	0	1	0	0	0	0	0	2	1	0	0	1	0	0	0	0	0	1	2	0	2	1	2	1	4	0	3	5	3	4	4	2	5	0	0	0	1	2	1	5	65	90	34	24	9	33	12	5	1	1	11	6	6	7	4	3	7	3	3	2	2	0	2	0	0	2	1	1	1	5	1	0	2	0	2	1	3	0	3	1	1	1	5	0	0	3	3	2	4	2	3	0	1	2	1	0	1	0	0	0	1	1	1	0	1	0	1	2	0	2	3	0	1	3	4	5	1	6	1	5	5	3	2	4	5	10	15	30	13	13	9	4	3	0	23	9	14	8	6	14	18	7	0	2	0	7	20	6	9	19	13	6	4	2	1	0	0	0	0	0	1	0	1	0	1	1	0	3	3	4	3	1	1	8	2	3	8	9	7	6	2	2	0	2	1	1	3	3	1	3	0	2	2	1	1	0	4	1	1	1	1	1	0	0	1	3	1	2	2	4	0	0
0	0	0	0	0	0	0	0	1	0	0	0	0	0	0	0	0	0	1	0	0	0	1	0	2	1	0	0	0	0	0	0	1	0	0	1	0	0	0	0	0	0	0	0	0	0	0	1	1	0	0	1	0	0	0	0	0	0	0	0	0	0	0	0	0	0	0	0	0	0	0	0	0	0	0	0	0	0	0	0	0	0	0	0	0	0	0	0	0	1	0	0	0	0	1	2	0	0	1	0	0	1	2	0	1	0	0	0	0	0	0	0	0	0	0	0	0	0	1	0	0	1	2	0	0	0	0	0	0	1	0	0	0	1	0	1	1	2	1	0	0	0	1	1	1	2	3	0	1	0	0	1	0	0	0	1	1	0	0	0	3	0	0	0	0	0	0	1	1	0	1	1	0	0	0	0	1	0	0	0	0	1	0	0	0	0	1	1	0	0	0	1	3	1	3	1	4	3	2	1	1	0	0	0	2	0	0	0	1	0	0	1	1	3	3	1	2	0	2	0	1	0	1	1	1	0	1	2	0	0	0	0	1	1	0	0	2	2	0	6	1	1	1	2	4	0	1	1	1	1	1	0	2	5	0	3	6	25	17	22	5	5	6	7	3	7	8	1	5	1	2	5	2	2	2	4	1	1	1	1	1	0	2	0	2	3	0	0	0	0	1	0	1	1	2	1	0	0	1	0	0	0	0	1	0	1	3	1	0	2	0	0	0	0	2	0	1	0	0	0	1	0	1	3	2	2	1	2	1	3	1	1	4	2	2	4	2	1	5	4	3	9	17	17	8	10	6	0	2	23	0	73	69	12	12	5	5	4	0	1	0	3	2	3	2	4	5	8	1	1	1	1	0	0	0	0	1	0	1	0	1	0	2	2	3	4	3	0	3	11	8	7	26	12	18	10	0	1	1	0	2	0	2	2	2	0	1	8	4	2	4	2	1	1	4	1	3	0	3	2	4	3	1	1	3	4	0	0
0	0	0	0	0	0	0	0	0	0	1	0	0	0	1	0	0	0	0	0	0	0	0	0	1	0	0	0	0	0	0	0	0	0	1	0	0	1	0	1	0	0	0	0	0	1	0	1	0	0	0	2	0	0	1	0	0	0	0	0	0	1	0	0	0	1	1	0	0	0	0	0	0	0	0	0	0	0	0	0	0	0	0	0	0	1	0	0	0	0	0	0	0	0	0	1	1	0	1	0	0	0	0	0	0	0	0	0	0	1	0	0	0	2	0	1	0	0	0	0	0	0	0	0	1	1	0	1	0	0	0	0	0	0	1	0	0	1	0	1	1	0	1	0	1	0	0	0	0	1	3	2	0	0	1	1	0	0	0	0	0	0	0	0	2	0	0	0	1	0	0	0	0	0	1	0	2	0	0	1	1	0	0	1	0	1	0	1	1	0	1	0	2	1	1	3	2	0	2	0	0	0	0	0	0	0	0	0	0	0	0	1	0	1	0	1	0	1	1	0	0	0	0	0	0	0	1	0	1	0	0	1	0	1	1	1	1	0	2	0	1	1	0	0	0	1	6	1	1	2	2	0	0	2	1	1	11	13	5	4	1	6	6	4	4	4	1	2	1	3	3	2	2	0	1	0	0	2	1	1	3	1	0	0	4	2	1	2	2	0	0	0	0	1	1	0	0	1	1	0	0	2	1	1	1	1	1	0	0	2	0	1	0	1	0	0	1	0	0	0	0	1	4	0	0	0	1	1	0	0	0	0	1	3	1	0	3	3	6	1	3	3	8	4	10	3	0	2	1	9	73	0	67	6	2	6	2	2	0	0	2	1	2	2	6	5	4	3	4	0	0	0	0	0	1	1	1	1	1	0	1	1	1	2	0	1	1	0	1	9	12	10	25	24	35	7	2	2	1	1	2	2	0	0	1	2	2	4	0	2	2	3	0	2	1	2	1	1	0	1	1	1	0	2	1	0	0	0
0	0	0	0	0	0	0	0	0	0	0	0	0	1	0	1	0	0	0	0	1	0	0	0	0	0	0	0	0	0	0	0	0	1	0	1	0	0	0	0	0	1	0	0	0	0	0	0	0	0	0	0	0	0	0	0	0	0	0	0	0	0	0	0	0	0	0	1	0	0	0	0	0	0	0	0	0	0	0	1	0	0	0	1	0	0	0	0	0	0	0	0	0	0	0	0	0	1	0	0	1	0	0	0	0	0	0	0	0	0	1	0	0	0	0	0	0	1	1	0	0	0	1	0	0	0	2	0	0	0	0	0	2	1	1	1	0	3	0	0	0	0	1	0	1	0	1	0	0	1	0	0	0	0	1	0	1	0	0	0	0	1	0	0	0	0	1	0	1	1	0	0	0	0	1	0	1	0	0	0	1	0	0	0	1	0	0	2	0	0	0	1	0	3	0	2	2	3	0	3	0	1	2	0	0	0	1	1	0	1	1	0	0	0	0	0	0	0	0	0	1	0	0	0	1	0	2	0	0	1	0	0	0	3	1	0	0	1	1	0	2	2	1	1	3	1	1	5	2	1	3	0	0	1	1	3	4	15	10	16	3	8	4	0	2	2	4	4	3	1	2	3	3	1	3	0	2	1	2	3	0	1	0	2	0	1	1	0	0	0	1	1	2	0	1	0	1	0	0	1	0	3	2	2	0	0	0	0	0	1	0	0	0	1	1	0	0	0	0	0	0	0	0	0	0	1	0	1	0	2	0	0	1	0	3	0	4	1	4	5	2	12	4	11	2	4	2	0	1	14	69	67	0	24	7	15	6	5	1	0	1	3	0	6	4	5	6	5	2	2	1	1	2	1	0	1	2	1	2	1	0	2	1	2	2	2	5	1	2	7	4	8	37	24	21	4	2	3	1	0	0	1	1	2	3	0	2	3	1	1	1	5	0	2	1	0	2	1	2	2	0	1	3	2	3	5	0	0
0	0	0	0	0	0	0	0	1	1	0	1	0	0	0	0	0	0	0	0	0	0	1	0	0	0	0	0	0	0	0	0	1	0	0	0	1	0	0	1	0	0	0	1	1	0	0	0	0	0	0	3	0	0	0	0	0	0	0	0	0	0	0	0	0	0	0	0	0	0	0	0	0	0	0	0	0	0	0	0	0	0	0	0	0	0	0	0	0	0	0	0	0	1	1	1	0	0	0	1	0	0	0	0	0	0	0	0	0	0	0	0	1	0	0	0	0	0	0	0	0	2	0	0	0	0	0	0	0	0	0	1	1	1	2	1	1	0	0	0	1	0	0	0	1	0	1	0	0	0	1	0	0	0	0	0	0	2	0	1	0	0	0	0	0	0	0	0	0	0	0	0	0	0	1	0	1	0	0	0	0	0	1	0	0	1	0	2	0	0	0	1	1	1	1	1	3	3	0	2	0	1	0	1	0	0	0	0	0	1	1	0	0	0	0	0	0	1	0	2	1	0	0	1	1	0	2	0	0	0	0	0	0	1	1	0	2	0	1	3	1	1	1	0	2	1	0	1	5	0	0	1	0	0	0	1	7	7	6	1	2	2	3	2	3	2	4	3	6	0	4	0	4	2	1	0	1	0	2	0	1	1	2	0	1	1	0	0	0	0	3	0	1	0	0	1	0	0	0	0	0	0	2	1	1	0	1	0	0	0	0	0	0	0	0	0	0	0	0	0	1	0	2	1	5	1	2	2	2	1	2	5	1	0	2	1	5	3	1	3	9	8	8	4	3	3	1	0	1	8	12	6	24	0	21	18	9	2	0	0	0	3	2	3	2	6	8	10	2	3	2	1	0	0	0	1	0	2	1	1	2	0	1	1	0	0	1	0	2	3	11	8	18	7	5	6	0	2	1	1	1	0	0	4	0	1	1	3	3	0	2	2	2	2	1	0	0	1	1	1	2	0	2	3	2	2	0	0
0	0	0	0	0	0	0	0	1	0	0	0	0	0	0	1	0	0	0	0	0	1	0	1	0	1	0	1	0	0	0	1	0	1	0	1	1	0	0	0	0	0	2	0	1	0	0	0	1	0	0	0	0	1	0	0	0	2	0	0	1	0	0	1	0	0	0	0	1	0	1	0	1	0	0	0	0	1	0	0	0	0	0	0	0	0	0	0	0	0	0	0	0	0	1	0	0	0	0	1	0	0	0	0	0	0	1	0	0	0	1	0	0	0	0	1	0	0	0	0	0	0	1	0	0	0	1	0	0	1	0	0	2	0	2	1	1	1	0	0	0	0	0	0	1	1	0	0	0	0	0	1	2	2	0	0	1	1	0	2	0	0	0	0	0	2	0	0	0	0	0	0	0	0	0	0	1	1	0	0	0	1	0	0	0	0	0	1	0	1	0	0	1	2	1	0	0	1	1	0	0	0	0	2	0	0	0	0	1	0	3	0	1	1	0	0	1	1	0	0	1	0	2	0	0	0	0	0	0	0	3	0	0	0	0	0	0	2	1	1	0	3	3	5	3	3	2	1	1	0	0	0	0	2	1	3	7	6	7	6	4	3	1	0	2	2	2	1	5	2	1	2	2	2	3	1	0	0	0	0	0	0	1	1	0	1	0	1	1	1	1	2	1	1	0	0	0	1	1	0	2	2	1	1	2	2	2	1	0	0	0	0	0	0	1	0	1	1	0	0	0	1	0	3	5	3	4	2	3	1	1	4	3	3	1	3	2	2	1	5	6	20	10	8	2	2	0	4	1	6	12	2	7	21	0	23	5	3	1	1	0	5	5	7	22	16	12	4	4	3	3	4	0	0	0	0	2	2	0	1	1	0	2	2	2	0	2	2	3	6	3	3	9	1	3	1	5	0	0	0	1	3	1	2	4	4	4	2	3	1	1	1	2	1	0	2	3	1	0	2	3	3	2	3	3	3	0	0
0	0	0	0	0	0	0	0	1	0	1	0	0	0	0	0	0	0	0	0	1	0	0	0	0	0	0	1	0	0	0	0	0	1	0	0	0	0	0	0	0	0	0	0	0	1	0	0	0	0	0	1	0	0	0	2	0	0	0	1	0	0	0	1	0	0	0	0	3	0	1	0	1	0	0	0	0	0	0	0	0	0	1	0	0	0	0	0	0	0	0	0	0	1	1	0	0	1	2	0	0	0	0	0	0	0	0	1	0	0	0	1	0	0	1	0	0	0	0	0	0	1	0	1	0	0	0	0	0	0	0	0	0	0	0	0	0	1	2	0	1	0	0	0	0	0	1	0	0	1	2	1	1	1	1	0	0	0	1	0	0	1	2	1	1	1	1	0	0	0	0	0	0	0	0	0	1	0	0	0	0	1	0	0	0	0	0	0	1	0	0	0	1	0	1	0	3	2	0	1	0	0	1	0	1	0	1	1	1	0	1	1	1	0	1	0	1	0	0	1	0	0	0	0	1	0	1	0	0	0	0	0	1	0	0	3	2	0	0	1	1	3	0	2	2	1	1	3	0	0	1	1	0	0	2	3	3	10	10	2	2	4	3	0	2	0	1	2	4	2	3	2	1	3	0	1	2	1	1	2	3	1	0	1	0	1	1	0	3	0	1	3	4	0	0	1	1	0	0	0	0	1	1	2	0	0	0	0	0	0	0	0	1	0	0	0	1	2	0	0	0	1	1	1	1	1	1	2	0	1	1	2	3	3	1	1	1	0	4	2	1	8	3	5	4	2	4	2	2	14	5	6	15	18	23	0	12	8	0	2	1	5	2	6	11	10	29	4	4	0	1	1	1	1	0	0	1	1	0	0	1	0	0	1	2	1	0	1	1	5	1	3	6	4	2	0	3	1	1	1	0	0	1	3	2	0	1	2	1	0	3	0	2	2	0	3	1	1	1	1	1	1	2	1	0	1	0	0
0	0	0	0	0	0	0	0	0	0	0	0	0	0	0	0	0	0	0	0	0	0	0	0	1	0	1	2	0	0	0	0	0	0	0	0	0	0	0	0	0	0	0	0	2	1	1	1	0	0	0	0	0	1	0	0	0	1	0	0	0	0	0	0	0	0	0	0	0	0	0	0	0	0	0	0	0	0	0	0	0	0	0	0	0	1	0	0	1	0	0	0	0	0	1	1	0	0	0	0	0	1	0	0	0	1	0	0	0	1	0	0	1	0	0	1	1	0	1	0	0	0	0	0	0	0	0	0	0	2	0	1	1	1	0	0	0	1	1	0	2	0	0	1	2	1	0	0	0	2	1	0	2	0	0	0	1	0	0	0	0	0	0	0	1	0	0	0	1	0	0	0	0	0	1	1	0	1	0	0	0	0	0	0	1	0	1	0	0	1	1	2	1	1	1	1	3	2	2	0	1	0	0	0	0	0	0	0	4	1	3	1	0	3	1	1	1	1	0	0	1	1	2	1	0	0	0	0	0	2	0	0	1	0	1	0	3	1	2	3	2	1	2	2	8	7	2	2	2	2	0	1	0	0	8	4	12	22	29	6	6	12	1	1	0	3	0	4	2	5	4	2	3	6	5	1	1	0	1	1	3	2	2	1	0	1	2	0	0	0	1	2	1	1	1	0	1	0	2	0	2	3	1	2	1	1	1	1	0	1	0	1	0	0	0	0	0	0	0	0	0	1	1	2	1	1	2	1	1	1	1	1	3	0	2	1	1	2	3	2	0	3	3	6	8	8	4	3	3	18	5	2	6	9	5	12	0	6	5	3	6	15	6	3	7	26	20	9	6	1	3	1	1	2	0	0	1	4	1	0	0	0	0	2	1	1	0	4	2	2	2	2	2	1	1	0	1	3	1	1	0	1	0	3	2	1	2	2	3	0	0	0	2	1	0	2	0	1	3	0	2	1	1	0	1	0	0	0
0	0	0	0	0	0	0	0	0	1	0	0	1	0	0	1	0	0	0	0	0	1	1	0	0	1	1	0	0	1	1	0	0	1	0	0	0	0	0	0	2	0	0	0	0	0	0	0	0	1	0	0	0	0	0	0	0	1	0	0	0	0	0	0	0	0	0	0	0	0	0	0	0	0	0	1	0	0	0	0	0	0	0	0	0	0	0	0	0	0	0	0	0	1	0	1	2	0	0	1	0	0	0	0	1	0	0	1	0	1	0	0	1	1	0	0	0	0	0	0	0	0	0	1	1	1	0	1	0	1	0	0	1	0	0	0	1	0	2	0	0	0	1	1	1	1	1	0	2	1	0	3	2	1	0	1	0	0	0	0	0	0	2	0	0	1	1	1	0	1	0	0	0	0	0	0	0	1	0	0	1	0	0	0	0	1	2	1	4	0	0	0	2	3	1	1	2	1	0	3	1	0	1	2	0	0	0	0	2	3	1	1	0	1	2	1	0	1	0	0	2	1	0	1	0	0	2	0	0	0	1	0	0	2	0	1	2	6	7	3	6	7	9	7	22	37	9	6	0	1	0	0	0	1	4	12	5	3	7	5	2	3	4	3	3	5	2	3	4	8	0	4	5	1	0	2	1	6	1	2	1	0	0	0	0	1	0	2	0	1	2	1	1	1	2	0	2	1	2	0	2	2	2	2	1	1	1	0	1	1	0	1	1	0	0	0	0	2	0	0	1	0	1	0	0	0	0	0	0	0	1	1	4	3	3	2	0	1	0	2	0	3	3	2	4	4	4	4	13	7	4	2	5	2	3	8	6	0	15	13	10	54	10	5	3	3	5	4	5	1	1	0	0	1	1	0	1	0	0	2	1	1	1	2	2	0	0	0	4	0	1	3	2	0	4	2	0	0	2	0	0	1	0	0	0	1	0	1	1	1	0	1	1	1	2	2	0	0	3	0	0	1	1	0	0	0	0	0
0	0	0	0	0	0	0	0	0	0	1	0	0	0	0	0	0	0	0	1	0	0	1	0	0	1	1	1	0	0	0	1	0	0	1	0	1	0	0	0	0	0	0	0	0	0	0	0	1	1	1	2	0	0	0	0	0	1	0	0	0	1	1	1	1	2	0	0	0	0	1	0	0	0	0	0	0	0	0	0	0	0	0	0	0	0	0	0	0	0	0	1	1	0	0	0	0	0	0	0	0	0	0	0	0	0	0	0	0	0	0	1	0	1	0	0	0	2	0	0	0	0	0	0	0	0	0	1	0	0	0	0	0	0	0	1	1	0	1	3	0	0	0	1	0	0	1	0	2	1	5	1	2	1	2	1	0	0	1	0	0	2	0	0	1	0	1	0	1	0	0	0	0	2	0	0	0	0	1	0	0	1	0	1	0	0	1	1	1	0	0	1	0	2	0	0	3	1	1	2	2	0	1	3	1	0	2	1	1	1	1	0	0	1	0	0	2	1	1	0	4	3	2	0	2	1	3	0	0	2	1	0	0	0	0	2	5	4	7	6	7	1	11	6	22	7	10	2	1	2	0	0	1	0	4	3	4	3	1	4	1	6	0	1	2	1	4	3	4	2	4	1	0	2	0	2	2	2	4	1	0	1	5	2	0	0	0	0	1	0	1	4	4	0	0	0	1	1	1	2	1	0	4	1	4	1	0	1	2	1	2	0	0	0	0	0	0	0	0	0	1	0	1	1	1	0	3	0	0	0	1	2	2	1	1	4	1	0	1	1	0	0	3	1	3	1	5	7	21	0	0	0	1	0	1	0	5	15	0	43	50	6	2	1	1	2	0	2	1	1	1	0	0	1	1	0	2	2	1	2	0	1	0	0	2	1	1	0	1	0	1	1	0	1	0	1	1	1	1	0	0	0	0	1	1	1	1	0	0	0	2	0	1	0	1	0	0	0	0	0	0	0	0	0	1	0	0	0
0	0	0	0	0	0	0	0	0	0	1	0	0	0	2	0	0	0	0	1	2	0	0	0	0	0	0	1	0	1	0	0	1	0	0	0	0	0	0	1	0	0	1	0	1	0	1	0	0	1	0	0	0	0	0	0	0	0	0	0	0	0	0	0	0	1	0	0	0	0	0	0	0	0	0	0	0	0	0	1	0	0	0	0	0	0	0	1	1	1	0	0	1	2	0	2	1	1	0	0	1	1	0	0	0	0	0	0	0	0	1	0	0	0	0	0	0	1	0	0	0	0	0	0	1	0	0	0	0	0	0	0	0	0	1	0	0	0	2	0	3	1	2	2	1	3	1	1	2	2	1	2	3	3	1	1	2	1	0	1	0	2	1	0	0	0	1	0	0	1	1	0	0	0	1	1	0	1	0	0	0	3	1	0	1	0	0	0	1	1	0	1	1	0	0	0	4	0	2	2	1	1	0	1	1	1	1	3	2	1	0	0	2	2	2	1	1	1	1	2	6	4	3	2	3	2	1	2	0	2	2	4	0	1	2	1	11	7	16	6	3	4	5	2	3	6	6	4	1	1	1	1	2	2	6	4	0	1	1	1	1	1	1	1	1	0	1	4	2	5	2	4	3	0	0	2	1	2	2	4	1	3	1	0	2	0	2	0	0	1	0	1	0	0	3	1	2	1	1	2	0	2	1	2	1	2	1	1	0	0	0	0	0	0	0	0	0	0	0	0	0	2	0	0	0	0	1	0	1	2	0	1	0	0	2	0	1	3	0	0	0	1	0	2	0	2	2	8	15	2	1	0	0	0	1	2	3	13	43	0	136	3	5	2	1	1	2	2	4	2	0	0	1	0	1	1	0	0	1	0	1	0	1	0	0	2	1	1	0	1	1	0	2	2	0	1	0	0	3	0	1	0	1	1	0	1	0	0	0	0	1	1	1	0	0	1	0	0	0	2	0	0	1	0	0	0	0	0
0	0	0	0	0	0	0	0	0	0	0	0	0	0	1	0	0	0	0	1	1	0	1	4	1	2	0	0	0	0	0	0	0	1	0	0	0	1	0	0	0	0	0	0	1	1	0	0	0	1	0	0	0	1	0	0	0	0	0	0	0	0	0	0	0	0	0	1	0	0	1	0	0	0	0	0	0	1	0	0	1	0	0	0	0	1	0	0	1	0	1	1	0	0	0	0	0	0	0	0	0	1	0	1	0	1	2	0	0	0	0	0	0	2	0	1	0	0	2	1	0	0	0	1	0	0	1	0	0	0	2	1	0	0	0	0	1	4	3	1	2	2	0	1	0	1	0	0	3	1	4	3	2	2	1	0	2	1	0	1	0	1	1	2	0	0	0	1	0	0	0	0	0	1	2	0	1	1	0	0	3	0	2	1	0	2	2	1	2	2	0	2	1	2	3	1	0	0	0	0	2	0	1	2	1	0	0	2	0	0	3	2	0	1	2	1	2	1	0	1	5	1	1	1	4	0	3	2	1	1	0	3	0	0	1	3	13	10	11	9	6	12	8	4	1	6	8	1	3	0	1	0	0	1	5	3	2	0	2	0	2	3	1	4	0	1	0	0	1	3	2	1	2	1	2	3	3	4	5	7	2	1	2	2	0	1	2	1	2	1	0	1	0	0	1	1	1	0	2	0	2	2	2	1	3	1	4	1	1	1	0	0	0	0	1	2	0	0	0	0	0	0	1	2	1	1	0	1	0	1	0	0	1	1	1	1	1	1	0	0	0	1	1	2	1	1	3	6	23	0	0	2	1	0	0	1	6	10	50	136	0	8	4	5	2	1	2	2	1	3	1	0	1	0	0	0	0	0	0	0	0	1	1	0	1	2	1	3	2	1	0	1	0	0	0	0	0	3	1	0	1	0	1	0	1	0	1	0	1	1	1	1	1	0	2	2	0	1	0	1	0	1	0	1	1	0	0	0
0	0	0	0	0	0	0	0	0	1	0	1	0	0	0	0	1	1	1	0	0	0	5	1	0	0	1	1	0	0	0	0	0	1	0	0	0	0	0	0	0	1	0	0	0	0	1	0	1	2	0	1	1	0	0	0	0	0	0	1	0	0	0	0	1	0	0	0	0	0	0	0	0	1	1	0	0	0	0	0	0	0	0	0	0	0	0	1	0	0	0	0	0	1	0	0	0	0	0	2	0	0	0	1	1	0	0	0	2	0	0	0	1	1	0	0	1	0	0	0	0	0	0	1	0	0	0	0	0	0	0	4	1	2	0	0	0	0	1	0	2	0	1	0	0	1	0	0	0	0	4	0	2	0	0	0	0	0	0	0	2	0	3	0	0	0	1	0	0	0	0	0	0	0	0	1	2	1	0	0	0	0	1	0	0	2	0	0	2	1	3	2	1	1	3	2	3	0	1	4	1	1	2	3	0	0	0	0	0	2	0	0	1	0	1	1	2	1	2	2	0	1	2	1	1	0	1	2	0	0	2	2	0	0	0	2	6	3	5	5	3	1	2	7	16	38	15	6	2	1	4	2	1	1	7	2	8	7	9	6	8	9	4	2	1	5	3	6	12	19	2	6	7	1	0	1	3	1	0	5	1	3	1	0	1	1	2	2	1	0	1	0	2	3	0	0	0	1	0	1	0	0	2	2	2	1	2	1	0	0	0	0	0	2	0	0	0	2	0	0	0	2	3	0	0	4	1	1	0	1	1	4	2	2	5	1	2	1	1	3	3	3	3	3	2	9	7	9	7	7	3	1	3	3	5	5	15	54	6	3	8	0	18	2	5	10	8	8	5	0	2	1	1	0	0	1	0	0	0	0	1	1	1	0	2	1	2	0	1	0	0	2	1	2	3	0	2	3	3	0	0	1	2	3	0	1	1	2	0	0	0	1	0	0	3	1	3	1	3	0	1	0	1	0	1	1	0	0
0	0	0	0	0	0	0	0	0	0	0	0	0	0	1	0	0	0	1	1	0	1	1	3	1	3	1	0	0	0	0	1	0	2	0	0	0	0	0	0	0	0	0	0	1	0	0	0	2	0	0	0	0	1	0	0	0	0	0	1	0	0	0	0	0	1	0	0	0	0	0	0	0	0	0	0	0	0	0	0	0	0	1	2	0	0	0	0	0	0	0	1	0	0	0	0	0	0	0	0	0	1	1	0	0	0	0	0	1	1	1	0	1	0	0	1	0	0	0	0	0	0	2	1	1	1	0	0	0	1	0	0	0	1	1	4	4	0	1	0	2	0	1	0	0	0	1	0	1	0	0	1	2	2	0	0	0	2	0	0	0	2	0	0	2	1	1	1	0	0	2	0	0	0	0	0	1	0	1	0	1	0	0	1	0	0	1	1	1	3	1	2	2	4	1	4	4	3	0	2	2	1	0	0	1	0	2	3	4	2	1	0	3	1	2	2	1	1	1	1	1	3	3	1	2	1	0	2	0	0	0	1	1	0	1	2	4	0	4	8	3	4	3	2	12	17	12	10	2	0	2	1	2	0	6	42	29	8	8	2	19	22	13	4	1	6	5	32	63	95	13	8	11	10	11	0	6	6	0	3	1	2	2	0	4	4	3	1	2	2	0	4	1	4	1	3	0	2	2	0	5	4	4	7	7	2	1	1	1	1	1	0	1	1	0	0	0	1	1	0	1	0	2	2	0	2	4	0	1	2	2	4	9	6	10	7	10	7	4	4	1	5	8	12	3	17	16	6	5	20	2	2	0	2	5	2	6	10	2	5	4	18	0	13	8	22	8	23	6	8	2	1	2	1	1	3	0	2	0	1	0	0	1	3	2	4	2	2	5	3	3	2	2	4	1	1	7	1	2	1	3	2	0	2	3	0	1	1	4	0	0	3	2	2	1	0	1	0	2	2	1	1	1	1	1	2	0	0
0	0	0	0	0	0	0	0	0	0	0	0	0	0	0	1	0	0	0	0	0	0	0	0	1	0	0	0	0	0	4	1	0	0	1	0	1	1	0	0	0	0	0	0	1	0	1	1	0	0	0	1	0	1	0	1	0	0	0	0	0	0	0	0	0	0	0	0	0	0	0	0	0	0	0	0	0	0	0	0	0	0	0	0	1	1	0	1	0	0	0	0	1	0	0	0	0	0	0	0	0	0	0	0	1	0	0	0	0	1	0	0	1	1	0	0	0	0	0	0	0	0	0	1	0	0	0	0	0	2	1	1	0	0	1	0	1	0	0	0	0	1	0	0	2	2	0	0	0	1	0	0	0	1	0	0	0	0	0	1	0	0	0	1	1	1	0	0	0	1	1	0	0	1	0	0	0	1	0	0	0	0	0	0	0	0	0	0	0	1	0	0	1	4	1	3	2	5	1	1	0	0	1	0	3	1	0	1	2	2	0	2	1	1	0	1	0	0	0	1	1	1	1	1	1	0	0	0	0	0	1	0	0	1	0	1	2	1	1	3	0	0	0	4	4	2	1	2	2	2	0	1	0	3	4	6	7	3	3	7	6	11	7	2	2	5	8	15	20	11	2	4	1	4	4	4	8	1	0	3	0	3	2	1	1	3	3	3	2	0	1	3	2	1	2	2	1	3	5	2	2	2	8	1	4	2	2	3	0	1	1	0	1	0	0	1	1	0	0	0	0	0	0	2	4	6	4	6	2	4	5	3	20	35	17	10	9	11	2	9	6	8	7	5	5	5	4	1	2	6	3	2	6	3	7	6	3	5	1	2	5	2	13	0	70	26	10	30	29	9	4	1	2	3	1	2	1	0	4	1	0	0	0	0	1	0	2	0	4	6	5	2	2	1	4	2	2	2	0	2	1	1	4	3	5	4	6	3	0	1	1	2	0	4	2	1	1	0	2	3	2	3	1	3	1	2	0	0
0	0	0	0	0	0	0	0	0	0	1	1	0	0	0	0	0	0	1	1	0	0	0	0	0	0	0	0	0	0	0	0	0	0	1	0	1	0	1	0	0	0	1	1	2	0	0	0	0	0	1	0	1	0	1	0	0	0	0	0	0	0	0	0	0	0	0	0	0	0	0	1	0	0	0	0	0	0	0	0	0	0	0	0	0	0	0	0	0	0	0	0	1	1	1	1	1	0	1	1	0	0	0	0	0	0	0	0	1	0	1	0	0	0	0	1	1	0	0	1	0	0	0	1	0	0	0	0	2	0	0	0	0	2	0	1	0	0	0	1	1	0	0	0	0	2	0	1	0	2	2	0	0	0	0	0	0	0	0	0	0	0	0	0	0	0	0	0	0	1	0	1	0	1	0	1	0	1	0	0	0	0	0	1	0	0	0	1	0	0	0	0	0	5	0	3	2	0	1	0	0	2	1	1	0	1	0	0	0	2	2	2	2	1	0	2	1	1	0	0	0	0	1	0	1	0	0	0	0	0	0	0	0	1	0	0	2	4	1	2	1	1	3	2	4	1	2	3	2	1	2	0	0	4	4	4	7	5	4	6	7	10	3	2	3	2	7	11	7	12	3	3	1	3	1	1	3	1	1	1	0	1	1	3	0	2	1	0	1	0	0	0	2	1	2	1	3	2	4	2	1	0	1	0	1	1	0	3	1	1	1	2	0	1	0	0	0	0	0	1	0	1	0	0	1	4	4	0	2	3	4	5	8	17	7	10	3	5	3	9	10	18	8	4	2	1	3	3	2	9	2	6	4	2	22	11	7	3	1	1	2	5	8	70	0	23	20	25	13	13	4	3	1	0	1	0	1	2	2	0	0	1	2	2	2	4	0	1	4	10	2	0	4	2	4	2	3	0	1	2	1	1	2	3	3	0	2	2	1	1	2	1	1	1	1	3	2	0	4	2	2	2	2	2	2	6	0	0
0	0	0	0	0	0	0	0	0	0	0	0	0	0	0	0	0	0	2	0	1	1	0	0	1	2	0	0	1	0	0	0	0	0	0	1	0	0	0	1	0	0	1	0	0	0	0	0	0	1	1	0	0	0	0	0	0	0	0	0	0	0	0	0	2	0	0	0	1	0	0	0	0	0	1	0	0	0	0	0	0	1	0	0	0	0	0	0	0	0	0	0	0	0	0	0	0	0	1	0	0	0	3	0	0	0	0	0	0	0	0	0	0	0	1	0	1	1	1	0	0	0	0	2	0	2	0	0	0	0	1	1	0	1	0	0	0	1	1	1	0	2	1	0	0	0	1	0	0	0	1	1	2	3	1	0	0	0	1	0	0	0	0	0	0	1	1	2	0	0	0	1	0	1	0	1	1	1	0	0	0	1	0	0	0	0	0	0	0	0	1	1	1	1	2	1	2	2	2	1	0	0	0	0	2	0	0	0	1	0	0	2	1	1	1	2	0	0	0	1	1	1	0	1	2	1	1	0	0	1	0	0	0	0	0	1	0	1	2	2	2	3	2	4	5	2	1	2	2	2	1	2	0	6	1	5	24	12	10	6	3	14	8	2	1	1	4	11	6	19	5	2	5	4	6	0	5	0	2	0	0	3	1	1	1	2	1	0	1	1	1	0	1	1	0	0	1	0	2	0	2	1	3	4	3	2	0	1	2	1	0	1	0	1	0	0	0	2	0	0	0	1	1	0	1	3	1	2	0	1	4	1	7	14	3	5	4	7	3	1	5	11	4	8	4	7	2	1	1	19	4	5	5	6	16	10	26	3	2	1	1	10	22	26	23	0	61	102	10	7	0	0	2	0	0	1	1	2	1	1	0	2	1	2	2	0	1	5	4	4	3	4	4	6	3	5	1	1	0	1	1	1	0	1	2	1	2	1	1	2	1	1	1	2	0	3	4	0	1	1	3	1	5	0	1	3	0	0
0	0	0	0	0	0	0	0	0	0	0	2	0	0	0	0	1	0	1	0	0	0	0	0	0	0	0	0	0	0	0	1	1	0	0	0	0	1	0	0	1	0	1	0	0	0	2	0	0	0	0	0	1	0	0	0	0	0	0	0	0	1	0	1	0	0	1	0	0	0	0	0	0	0	0	0	0	0	0	0	0	0	0	0	0	0	0	1	0	1	1	0	0	0	0	1	0	0	1	0	1	0	0	0	0	0	0	0	1	0	0	0	0	2	0	0	0	1	0	0	1	0	1	0	0	0	0	0	0	0	0	0	2	0	2	4	1	1	1	0	0	0	2	2	1	0	1	1	1	1	0	1	2	2	1	0	1	0	0	0	1	0	1	0	0	1	0	0	1	0	0	0	0	0	1	0	0	0	1	1	1	0	0	0	1	0	1	1	1	0	0	1	1	2	1	0	1	2	0	0	0	1	0	2	0	0	1	2	0	1	0	1	0	1	1	0	1	0	0	1	1	0	1	3	0	0	0	0	0	0	0	0	0	2	1	0	0	2	1	5	1	1	2	2	0	2	6	3	0	1	1	0	1	2	0	4	8	7	13	3	2	8	3	2	0	0	2	12	5	15	1	5	2	0	2	2	1	2	1	1	3	2	0	0	1	1	2	2	1	0	1	0	2	2	3	0	2	1	1	0	0	2	1	2	2	2	3	0	1	0	0	1	0	2	1	0	1	0	1	0	0	2	0	1	3	1	2	4	0	0	0	0	7	5	4	3	1	2	1	1	2	3	3	7	2	7	9	2	3	13	5	4	6	8	12	29	20	5	0	2	2	8	8	10	20	61	0	44	8	3	4	1	0	1	0	1	4	1	0	1	0	0	1	2	0	2	1	1	2	1	4	0	2	0	1	0	0	1	1	0	0	0	2	2	6	0	2	2	1	1	0	1	0	0	1	1	0	1	0	1	3	0	1	2	3	2	0	0
0	0	0	0	0	0	0	0	0	0	1	0	0	1	0	0	1	1	0	0	0	0	0	1	1	0	0	0	0	1	0	0	1	1	0	0	0	0	2	1	1	0	0	0	0	0	1	0	0	0	0	0	0	0	0	0	1	0	0	0	1	0	0	0	1	0	0	0	0	0	0	0	0	0	0	0	1	0	0	0	0	0	0	0	1	1	0	1	0	0	0	1	1	0	1	0	1	0	0	0	0	0	0	2	0	1	1	0	0	1	0	0	0	2	2	0	0	0	0	1	0	0	0	1	0	0	0	1	0	2	0	1	0	2	0	0	0	2	0	0	1	1	0	0	0	0	0	1	1	1	3	2	1	3	2	3	1	0	0	1	0	2	1	0	0	1	0	0	0	0	1	0	0	2	0	2	1	2	0	0	0	0	1	1	0	0	0	0	0	1	0	1	0	1	1	2	0	1	3	2	0	1	2	2	1	4	1	1	2	0	1	0	0	0	0	3	2	0	0	0	0	0	0	1	1	0	1	1	0	0	0	1	0	2	1	2	2	2	3	0	3	2	3	3	9	10	4	0	2	2	1	3	1	0	2	11	11	5	13	4	7	11	3	2	2	2	1	9	21	24	6	5	4	4	7	2	2	2	2	0	1	3	7	2	5	3	0	1	1	1	0	5	4	1	1	0	0	1	2	2	0	2	6	0	1	3	4	1	4	2	0	2	0	0	1	1	0	1	0	1	0	1	2	1	2	2	4	2	2	2	2	4	7	11	12	11	7	2	4	6	3	6	3	1	5	8	4	3	6	6	8	3	5	10	4	4	9	4	2	2	2	8	23	30	25	102	44	0	13	6	1	0	3	0	1	0	2	1	0	2	0	1	1	1	1	1	2	1	4	5	1	2	3	0	2	1	1	1	0	1	0	0	0	0	2	1	2	2	3	3	1	1	4	1	0	0	5	1	3	1	2	1	1	1	0	0	0	0
0	0	0	0	0	0	0	0	0	0	0	0	0	0	0	0	0	0	0	0	1	0	0	0	1	1	0	0	0	0	0	0	0	0	1	0	0	0	1	0	0	0	0	0	1	1	0	0	0	0	0	1	0	0	0	0	0	0	0	0	0	1	0	0	0	1	0	0	0	0	1	0	0	0	0	0	0	0	0	0	0	0	0	0	0	0	0	0	1	0	0	0	0	1	1	0	0	3	0	0	0	0	0	1	0	0	1	0	1	0	0	0	0	0	0	0	0	0	0	0	2	1	1	1	0	1	0	0	0	1	0	1	1	0	0	0	1	0	1	0	1	0	0	0	0	0	0	0	0	1	3	3	5	4	2	2	0	0	0	0	1	0	1	1	1	2	0	3	0	0	0	0	1	1	0	0	0	2	0	0	1	1	0	1	0	0	1	0	1	1	0	0	0	2	0	0	1	2	4	1	0	1	1	1	2	1	1	1	0	0	2	1	1	1	1	3	0	0	2	0	0	1	1	1	1	1	0	0	0	1	1	2	1	0	1	1	0	1	4	5	4	6	4	3	7	3	4	1	6	1	2	1	2	4	3	2	4	2	4	4	3	4	0	2	0	1	1	8	13	7	4	2	4	6	14	2	3	4	1	2	2	2	3	1	2	3	1	0	0	1	0	4	4	1	0	5	3	2	1	2	4	2	5	3	1	4	2	2	1	2	0	1	1	2	0	0	1	1	2	0	1	2	1	0	2	2	5	3	1	9	7	3	23	14	25	8	9	6	5	5	3	4	0	1	2	3	3	3	3	4	1	4	2	2	4	4	6	5	1	4	1	5	6	29	13	10	8	13	0	27	6	2	4	2	1	0	2	4	3	0	2	0	1	2	2	2	3	2	2	2	1	3	1	0	2	1	1	1	0	3	0	0	1	1	3	1	2	3	1	0	1	0	1	1	0	3	0	1	1	1	2	0	1	0	0	4	0	0
0	0	0	0	0	0	0	0	0	0	0	0	0	1	0	0	0	0	0	0	0	0	0	0	1	0	0	0	1	0	0	0	1	0	0	0	1	1	0	0	0	1	0	0	1	0	0	0	0	0	1	0	0	0	0	0	0	0	0	0	0	0	1	0	0	1	0	0	0	1	0	0	0	1	0	0	0	0	0	1	0	0	1	0	0	0	0	0	0	0	0	1	0	0	0	0	1	0	1	1	0	1	1	0	1	0	1	1	0	0	0	0	0	0	0	0	0	0	0	0	0	0	0	1	0	0	1	0	0	0	0	2	0	1	0	1	1	1	1	0	0	1	1	0	1	1	1	0	0	0	0	0	1	0	0	1	0	1	0	0	0	0	0	0	0	0	0	1	0	0	0	1	0	0	1	1	0	0	1	0	0	0	0	0	0	0	0	0	0	0	0	0	3	0	0	0	1	0	0	0	0	0	0	3	1	3	0	0	2	2	3	1	0	1	1	1	0	0	1	0	0	1	0	0	0	0	0	0	1	0	0	0	1	1	1	2	2	0	2	1	2	1	0	2	3	2	0	5	2	1	0	1	0	4	0	2	4	1	1	2	1	5	1	1	0	1	3	3	4	6	2	1	3	7	5	1	1	0	0	1	2	1	0	2	1	2	4	3	1	1	3	3	4	3	0	3	3	4	5	3	3	5	7	5	2	1	3	1	3	0	0	0	2	3	0	0	0	0	0	0	1	1	0	3	5	5	10	4	3	5	16	10	23	6	19	7	3	3	5	1	4	7	3	3	1	1	3	1	0	2	1	0	2	3	3	0	1	1	1	2	3	0	8	9	13	7	3	6	27	0	14	4	6	0	1	2	3	3	1	2	0	1	1	5	1	1	1	5	2	3	0	2	4	0	1	3	0	2	0	1	0	0	0	3	0	4	3	2	0	0	1	0	1	1	1	1	0	4	6	4	1	2	0	1	0	2	0	0
0	0	0	0	0	0	0	0	1	0	0	1	0	0	0	0	1	0	0	0	0	1	1	1	2	2	0	1	0	0	0	0	0	0	0	0	0	0	0	0	0	1	0	0	0	1	1	0	0	0	0	0	0	0	0	0	0	1	1	0	0	0	0	0	1	1	0	1	0	0	0	0	0	0	0	0	1	0	0	0	0	0	0	0	0	0	0	0	0	0	1	0	0	1	0	0	1	0	0	0	0	0	0	0	0	0	0	0	0	0	0	0	0	0	0	0	2	0	0	0	0	0	0	1	1	1	0	0	1	1	0	1	0	1	1	2	0	1	0	0	0	0	0	0	0	2	0	0	0	0	1	1	1	0	0	0	2	1	1	0	1	0	1	0	0	2	0	2	1	0	0	1	0	1	1	0	0	0	1	0	0	0	0	0	1	0	0	1	0	0	0	1	4	0	2	0	1	0	0	1	0	2	1	1	2	1	2	0	0	0	2	2	1	0	0	0	0	0	0	3	0	0	0	0	0	0	0	0	0	2	1	0	0	2	0	0	0	2	1	0	4	0	3	2	3	3	1	0	2	1	2	2	0	1	1	1	1	1	2	0	1	2	2	0	1	3	2	5	3	2	1	0	1	0	1	3	1	0	1	0	0	1	3	3	1	1	4	3	1	2	2	6	5	3	1	3	2	1	7	5	3	1	4	2	3	4	2	1	3	2	1	1	4	2	0	0	0	1	0	1	0	1	2	1	1	5	8	6	0	10	22	10	10	5	5	6	2	7	3	1	1	1	3	1	1	1	2	2	1	1	1	0	1	2	3	1	3	1	1	0	1	2	2	4	4	0	4	1	6	14	0	16	4	5	2	0	5	3	3	1	1	0	0	2	1	2	2	1	1	2	2	2	0	0	3	1	0	0	1	1	0	0	0	4	0	1	2	1	1	0	0	0	1	1	1	3	4	2	2	0	8	1	1	1	0	1	0	0
0	0	0	0	0	0	0	0	0	1	0	0	0	1	0	0	0	0	0	0	1	0	0	0	0	0	0	0	0	0	1	0	0	1	1	0	1	0	1	1	1	0	0	0	0	1	0	0	0	0	0	0	0	0	0	0	0	0	0	0	0	0	0	0	1	0	0	0	0	1	0	0	0	0	0	0	0	0	0	0	0	0	0	1	0	0	0	1	0	0	0	0	0	0	0	0	0	0	0	0	0	0	0	2	0	0	0	0	0	0	0	0	0	0	0	0	0	0	0	0	1	0	0	0	0	0	1	0	1	1	0	2	1	0	2	0	1	0	1	1	1	1	0	2	0	0	0	1	1	2	0	2	1	1	1	0	0	0	0	1	1	0	1	0	0	0	0	1	0	0	0	0	2	0	1	0	0	0	0	0	1	0	1	1	0	0	0	0	0	0	0	0	0	2	0	1	1	1	0	0	1	0	1	1	1	1	0	1	1	0	1	1	0	1	0	1	0	0	1	1	0	0	0	1	0	0	0	0	1	1	0	0	0	2	2	4	0	1	0	2	2	0	3	0	2	0	3	0	1	0	2	2	0	1	1	1	1	0	1	2	3	0	2	0	2	0	0	1	1	1	2	1	0	0	6	1	2	0	1	1	0	2	0	2	1	1	2	2	2	1	5	5	1	3	3	3	1	2	5	1	1	8	2	1	2	0	1	1	1	0	0	1	1	2	0	1	2	2	0	3	1	1	0	0	2	2	3	1	3	3	8	11	3	0	3	3	1	5	1	0	2	2	1	1	0	0	2	1	1	0	1	0	1	1	4	1	1	0	0	0	0	1	1	1	3	0	1	0	2	4	16	0	20	5	6	2	4	4	2	0	0	1	1	1	0	1	1	0	1	0	2	0	0	1	0	1	2	1	0	3	0	0	3	0	1	0	1	1	0	2	0	1	0	2	1	2	2	3	3	1	2	0	1	1	0	1	0	0
0	0	0	0	0	0	0	0	0	0	0	1	0	0	0	0	0	0	1	1	1	0	0	0	1	0	0	1	0	0	0	0	0	1	0	0	1	0	0	0	0	0	0	0	0	2	0	0	0	0	0	1	0	0	0	0	0	0	0	0	1	0	1	0	0	1	0	1	0	1	0	0	0	0	0	0	0	0	0	1	0	0	0	0	0	0	0	0	0	0	0	0	0	0	0	0	0	0	1	1	0	0	0	1	0	0	1	0	0	1	0	0	1	0	0	0	1	0	1	0	0	0	0	2	0	0	0	0	1	0	1	0	1	1	0	2	1	0	1	0	0	0	0	1	0	1	1	1	0	0	2	1	1	1	0	0	0	1	0	0	1	1	0	0	0	2	0	1	0	0	1	0	0	0	0	0	1	0	1	1	2	1	1	2	0	0	0	0	1	0	0	0	0	1	1	0	0	0	1	0	2	0	1	0	2	0	2	0	1	0	2	2	0	1	0	0	0	0	0	0	0	0	2	0	1	0	0	0	0	0	0	0	1	2	1	2	1	1	1	0	1	0	0	1	1	0	0	3	2	0	1	0	2	3	0	3	0	0	0	1	0	0	1	0	0	1	0	0	1	3	1	2	0	4	4	3	2	1	1	0	2	0	2	1	1	1	4	8	1	2	0	8	6	4	3	2	9	11	6	4	13	10	2	2	1	1	3	2	4	0	1	3	1	3	1	2	3	1	0	2	0	1	1	0	0	0	0	4	5	5	13	10	2	6	5	5	4	2	2	0	0	2	1	0	0	0	1	1	0	0	0	0	2	0	0	1	1	0	0	1	1	1	2	2	1	2	0	3	4	6	4	20	0	18	14	8	10	13	0	0	1	2	1	2	2	4	1	3	1	1	0	0	4	0	0	1	2	0	4	1	0	0	3	1	1	0	0	3	1	0	1	0	0	0	0	4	1	3	2	4	5	1	1	0	0	1	0	0
0	0	0	0	0	0	0	0	0	1	0	0	0	0	0	0	0	0	0	0	1	0	0	1	0	0	0	1	0	1	0	1	0	1	0	0	0	0	0	1	0	0	0	0	0	0	0	1	1	2	1	0	0	0	0	1	1	1	0	0	0	0	1	0	0	0	0	0	0	1	0	0	0	0	0	1	0	0	0	0	0	0	0	0	0	0	0	0	0	0	0	0	0	0	0	0	2	1	0	0	0	0	0	0	0	0	0	0	0	0	0	0	0	1	0	0	0	1	0	3	2	1	0	2	0	0	1	1	3	0	1	2	2	1	1	0	0	0	1	1	1	0	0	0	0	1	1	2	2	2	1	0	1	1	2	0	2	1	0	1	0	0	0	1	1	0	0	0	0	1	0	0	0	0	1	1	1	0	1	1	1	0	0	0	0	0	0	0	0	2	5	1	0	1	2	0	1	0	0	2	0	0	3	3	2	1	1	4	2	4	3	4	3	2	5	0	1	0	2	1	0	1	1	1	2	0	0	0	2	0	0	2	2	3	2	2	0	0	0	3	3	1	1	1	5	0	1	1	1	0	2	1	2	1	6	1	0	0	1	0	1	1	0	0	1	1	1	1	3	3	2	0	2	3	3	2	2	0	0	1	1	0	1	2	0	0	4	9	2	6	7	14	4	6	2	3	16	18	13	8	45	14	5	4	1	6	2	6	3	2	3	4	2	1	0	1	1	3	1	0	0	3	1	0	1	3	1	5	4	4	8	12	2	1	5	0	3	1	2	2	0	0	1	1	2	1	1	3	1	0	0	0	1	0	0	1	2	1	1	0	0	0	1	3	0	0	1	0	2	0	5	5	18	0	23	8	15	2	2	1	0	1	2	2	0	1	1	5	2	1	0	0	2	0	0	1	0	0	1	0	1	1	0	2	1	0	1	1	0	0	0	0	1	0	1	1	0	0	4	6	4	0	1	1	1	1	0	0
0	0	0	0	0	0	0	0	0	0	1	0	0	0	0	0	0	0	0	0	2	1	0	0	0	1	0	0	1	0	0	1	0	0	0	0	0	1	0	0	0	1	0	0	0	0	0	3	0	1	0	0	0	0	0	0	0	1	1	1	0	1	0	1	0	1	0	0	0	0	1	0	0	0	0	0	1	0	1	0	0	0	0	1	1	0	0	0	0	1	1	0	0	1	0	0	0	0	2	3	0	0	0	0	1	0	1	0	0	0	0	1	0	1	0	0	0	1	0	0	0	1	0	1	1	2	0	0	1	3	0	0	1	1	0	0	0	1	1	1	0	0	0	3	0	0	0	0	1	1	1	2	2	1	2	0	0	0	0	0	1	2	0	0	1	0	0	0	0	0	0	1	0	0	0	0	1	2	0	0	1	0	0	0	0	0	1	0	2	0	0	0	2	0	3	1	1	1	0	0	0	0	2	3	0	1	3	0	1	5	3	3	0	1	2	0	1	0	0	1	1	1	1	0	2	2	1	0	0	0	1	0	1	4	0	1	1	2	0	1	0	2	2	0	0	2	1	0	0	1	0	1	3	2	0	0	1	1	0	2	0	1	0	0	0	1	1	0	0	1	0	0	1	1	6	1	1	4	1	0	1	2	1	2	1	1	1	7	8	10	12	8	5	3	3	5	7	7	4	8	14	5	2	3	3	2	1	1	3	2	1	6	13	3	6	1	1	3	2	2	2	2	2	1	0	1	2	2	3	2	5	4	0	3	4	1	2	1	1	1	1	2	0	0	2	0	2	1	1	0	0	1	0	0	0	0	0	1	1	1	0	0	1	1	1	0	0	1	1	1	2	6	14	23	0	17	9	4	3	2	0	2	1	2	1	2	2	2	1	0	2	2	0	0	0	1	0	0	0	3	2	1	1	1	0	1	1	1	0	0	1	0	0	2	0	2	1	1	0	0	1	1	0	1	0	0	0	0
0	0	0	0	0	0	0	0	1	1	0	1	0	0	1	1	1	0	0	1	1	2	0	0	0	4	1	0	0	0	0	0	0	0	1	0	1	1	0	0	0	0	0	0	1	0	0	0	1	2	0	1	0	0	0	1	1	0	0	0	0	1	0	0	0	0	1	0	0	1	0	0	0	0	0	0	0	0	0	2	0	0	0	0	0	1	0	2	0	0	0	0	0	1	0	0	0	0	0	0	2	1	1	1	1	1	0	0	0	0	0	0	0	1	2	1	1	0	0	1	2	0	1	3	1	0	1	1	1	1	1	0	0	0	0	0	0	0	0	0	1	0	0	0	0	1	0	2	0	3	1	2	0	1	0	0	2	0	1	1	4	1	1	0	2	1	2	0	0	1	0	0	0	0	1	0	1	0	1	0	0	1	0	0	0	0	0	2	0	1	2	0	0	1	1	2	1	2	0	0	0	1	0	2	2	2	2	0	1	2	5	1	2	2	2	1	2	0	2	0	1	1	0	0	3	0	0	0	0	0	1	0	3	5	0	2	0	0	1	0	0	2	0	1	0	1	2	1	1	0	1	1	1	0	1	0	0	0	0	1	1	1	0	0	0	1	0	0	0	0	1	0	0	1	5	4	1	2	1	1	1	0	1	4	3	1	6	11	18	15	6	5	5	2	3	5	16	3	4	1	4	3	2	3	3	1	1	1	1	3	2	8	6	8	5	4	2	7	3	0	4	3	2	0	1	1	2	5	5	5	4	2	4	1	3	3	2	1	1	2	2	0	2	2	1	0	0	2	0	0	0	1	1	1	0	0	0	0	0	1	0	1	3	2	0	1	1	0	0	2	0	2	8	8	17	0	13	22	8	2	3	3	2	4	2	1	5	4	3	1	1	0	1	0	1	0	1	0	1	0	0	0	1	3	1	1	1	1	0	1	0	1	1	6	0	1	4	5	3	6	1	1	2	0	0	2	0	0
0	0	0	0	0	0	0	0	0	0	0	0	1	0	0	0	1	0	0	0	2	0	0	2	1	1	0	1	0	0	2	2	1	2	1	0	3	0	1	0	0	0	0	0	0	1	0	0	3	0	1	0	1	0	0	0	0	0	0	0	0	0	0	0	0	0	0	1	0	1	0	0	0	0	0	1	0	0	0	0	0	1	0	0	0	0	0	0	0	0	0	1	0	0	0	1	0	0	2	1	0	0	2	0	0	0	0	0	1	0	0	1	0	0	0	0	0	0	0	2	0	1	0	0	2	0	1	1	1	3	3	2	1	0	2	2	0	1	0	1	0	0	1	0	1	1	1	0	1	0	4	3	1	0	2	1	3	1	0	0	0	1	1	1	1	1	1	4	0	0	3	1	0	0	2	2	0	0	1	1	0	0	2	0	0	0	1	0	1	0	1	2	0	3	2	3	0	5	1	2	2	0	1	2	2	1	3	3	0	1	10	3	0	2	2	3	0	3	0	0	2	1	1	0	3	1	1	0	0	2	0	1	1	1	2	4	0	2	0	1	1	2	2	1	2	1	1	2	0	1	1	0	2	1	1	2	2	1	1	2	0	3	0	0	2	1	1	5	2	1	3	2	2	2	3	4	2	1	0	2	0	0	1	4	3	7	16	19	9	7	9	33	25	5	3	15	25	11	9	3	12	10	5	2	3	1	5	4	7	7	4	2	3	3	2	1	2	4	3	3	0	2	2	1	2	2	4	5	7	7	9	14	0	6	5	1	9	3	5	1	1	1	2	0	0	1	2	1	0	1	1	1	2	0	2	1	1	1	2	0	0	0	0	1	1	1	4	2	2	3	5	4	10	15	9	13	0	64	12	5	1	3	1	3	3	5	7	4	3	1	1	1	0	1	1	0	2	0	1	0	2	1	1	3	1	0	1	5	2	2	1	3	0	2	2	1	3	4	7	7	10	2	1	1	1	3	0	0
0	0	0	0	0	0	0	0	0	0	0	0	0	0	1	0	0	1	1	0	1	0	2	0	0	2	1	0	0	0	0	0	0	0	1	0	0	0	0	0	0	0	1	1	0	2	0	1	2	1	2	1	0	0	0	0	1	0	1	0	0	0	1	0	0	0	1	0	0	1	0	0	0	1	0	0	0	0	1	0	1	0	1	0	0	0	0	1	0	1	0	0	0	0	0	0	1	0	0	1	0	0	2	1	0	0	1	0	0	0	0	0	0	0	0	0	0	1	0	2	0	1	1	0	1	3	1	1	1	1	0	1	0	1	1	0	2	0	0	1	1	0	0	0	0	1	0	1	2	0	2	0	1	1	0	0	2	0	0	0	0	0	2	1	0	3	1	2	0	0	0	0	1	0	0	3	1	0	0	1	0	0	2	0	0	0	1	2	0	0	0	2	2	0	1	1	1	0	1	0	3	0	0	1	2	6	0	0	1	0	2	4	0	0	1	1	1	1	1	0	1	0	0	0	0	0	0	0	1	0	1	2	1	2	0	0	0	0	0	2	1	3	1	2	1	2	1	1	0	2	1	5	3	3	2	1	0	1	1	2	5	4	2	3	0	0	3	3	3	0	0	2	0	5	4	3	0	0	1	2	1	2	2	1	1	4	8	24	10	12	7	13	7	4	4	8	9	6	7	5	4	3	1	1	2	1	3	3	3	2	3	7	3	3	1	0	3	3	5	5	6	3	1	2	2	2	5	18	17	11	6	8	5	2	3	2	3	1	2	5	3	2	2	0	0	1	0	0	0	0	0	1	1	2	2	1	4	0	2	0	0	0	2	0	2	2	1	1	4	3	3	4	13	2	4	22	64	0	9	2	5	5	4	3	3	3	8	5	2	1	2	1	1	0	0	2	1	0	0	2	2	0	0	1	0	2	2	2	2	2	1	1	1	4	1	4	4	9	16	10	4	2	0	0	2	1	0	0
0	0	0	0	0	0	0	0	0	0	0	0	0	2	0	0	0	2	1	0	0	0	1	1	2	2	0	2	0	0	2	0	0	0	0	0	0	0	1	0	0	1	0	0	0	0	0	1	1	1	2	0	0	0	0	1	0	0	0	0	0	0	0	1	0	0	0	0	0	1	0	0	0	0	0	0	0	0	0	1	0	0	0	0	0	0	0	0	0	0	1	0	0	0	1	0	1	1	0	0	0	0	3	2	1	1	1	0	2	1	2	1	0	1	0	1	1	2	0	0	0	3	1	0	2	1	1	2	4	4	0	0	2	3	1	2	2	1	1	1	0	0	0	0	1	0	0	1	2	0	0	2	1	1	1	1	0	0	0	0	0	2	2	1	1	1	0	0	2	2	3	0	2	1	1	0	1	0	0	0	0	0	0	0	0	1	0	1	1	0	4	1	2	1	3	1	1	2	2	2	1	1	1	3	4	9	1	2	0	0	2	1	2	4	2	0	1	1	1	0	0	0	0	3	0	2	0	0	0	1	2	3	2	2	3	0	0	1	1	0	1	0	1	0	3	1	0	1	3	2	6	4	8	5	1	1	1	3	0	0	3	1	2	2	0	1	2	1	1	2	0	1	2	4	4	2	4	4	1	2	1	2	4	4	4	11	37	15	5	6	4	9	17	14	3	14	6	5	5	1	2	5	0	3	1	1	2	1	16	4	3	3	2	1	2	0	5	9	3	2	2	1	2	0	3	5	2	10	5	2	2	3	3	4	3	4	7	3	1	2	1	1	3	1	0	1	2	0	1	1	1	1	2	1	0	0	1	0	1	1	0	0	0	4	2	1	0	0	3	1	3	2	0	2	3	8	12	9	0	20	10	10	5	11	8	11	46	21	6	2	2	1	1	2	1	0	3	1	2	4	1	1	3	3	2	2	2	2	2	1	0	3	1	4	2	5	6	9	17	10	8	2	3	1	0	2	0	0
0	0	0	0	0	0	0	0	0	0	0	1	0	0	0	0	0	0	0	0	1	0	0	3	3	0	2	0	1	0	0	0	0	2	0	0	2	0	1	1	0	0	0	2	1	0	0	0	2	4	2	0	0	1	0	2	0	0	0	1	0	0	1	0	0	1	0	0	0	1	1	0	0	0	0	0	0	0	0	0	0	0	0	0	0	2	0	0	0	0	0	1	0	0	0	1	0	2	0	1	0	0	1	0	0	0	0	0	0	0	0	0	1	0	1	0	0	1	0	1	3	0	0	1	0	0	2	1	0	3	1	0	1	4	1	1	1	0	0	0	0	0	1	0	3	2	1	1	1	2	0	0	0	0	1	1	1	1	0	0	1	1	1	3	0	0	0	1	2	1	0	2	1	0	0	1	0	1	2	1	1	0	0	1	1	0	0	2	1	2	1	1	3	3	1	3	1	4	4	2	1	2	2	2	2	3	2	1	1	0	1	1	3	1	0	1	0	0	0	0	1	0	0	1	0	0	1	0	0	0	2	2	1	6	0	1	0	0	0	1	2	1	1	0	0	0	0	2	1	2	2	2	2	3	3	0	1	1	0	1	2	1	0	2	3	2	4	2	0	1	1	2	1	5	0	1	2	1	0	0	1	1	2	3	2	3	7	16	6	13	3	3	5	4	2	3	4	2	3	0	0	0	1	0	1	2	2	2	2	2	2	4	1	0	0	3	10	7	12	7	18	11	5	0	1	2	2	5	5	1	0	1	4	1	2	4	1	4	0	2	1	0	2	3	2	1	2	0	1	0	0	0	1	1	1	0	0	2	2	0	0	0	1	1	0	1	1	2	0	2	1	0	0	1	2	2	5	2	20	0	42	25	11	7	2	5	4	7	7	1	1	0	0	0	1	2	2	0	0	2	0	1	3	3	1	1	1	0	3	1	0	1	4	5	3	2	6	13	9	4	3	1	3	4	0	2	0	0
0	0	0	0	0	0	0	0	1	0	0	0	0	0	2	0	0	0	1	0	1	0	1	3	6	0	1	0	0	0	1	0	1	1	3	2	0	0	0	1	2	0	2	1	0	1	2	1	0	2	2	3	3	1	0	0	1	2	1	1	0	1	0	0	0	0	0	0	0	0	0	0	0	0	0	0	0	0	0	0	0	0	0	1	1	0	0	0	1	0	0	2	1	0	1	1	0	1	0	0	0	0	1	0	0	0	0	1	0	0	0	1	1	0	0	2	0	0	1	1	0	1	1	2	1	0	0	3	1	1	0	2	0	3	2	1	0	1	3	0	0	0	1	0	1	0	1	1	0	1	0	1	1	0	2	2	2	1	0	1	1	0	3	1	2	1	1	0	0	1	1	0	0	0	0	1	0	2	0	0	1	0	0	0	0	0	0	2	1	0	1	0	2	3	2	0	1	1	1	1	0	3	3	3	0	3	1	2	0	0	0	1	3	0	1	0	0	2	1	0	0	0	1	0	0	1	0	2	0	0	0	1	3	3	1	4	0	0	2	0	3	2	0	0	0	1	3	0	1	5	9	10	10	4	3	5	1	0	0	1	2	1	3	2	1	1	3	2	0	0	1	1	0	1	2	5	6	2	1	1	0	2	2	4	1	3	5	10	6	5	3	3	3	8	4	2	6	4	1	3	1	3	1	1	2	1	0	0	7	4	3	2	2	1	2	1	3	9	13	8	16	5	4	0	2	1	1	3	8	3	1	1	4	1	1	2	2	2	0	1	1	0	1	2	0	1	0	1	0	1	1	1	0	2	1	1	0	1	0	1	0	1	0	0	0	0	0	0	2	0	1	0	1	0	0	3	1	5	10	42	0	46	7	8	3	7	5	10	3	1	0	1	1	1	0	1	3	2	2	5	2	2	2	2	3	3	1	1	4	0	1	0	0	4	3	0	7	5	8	8	6	0	1	4	0	3	0	0
0	0	0	0	0	0	0	0	1	0	0	0	0	0	0	0	0	1	0	0	1	0	1	3	3	0	3	2	0	3	0	1	0	1	0	0	1	0	0	0	1	1	0	0	1	2	2	0	2	2	0	1	2	0	1	0	1	1	0	0	0	1	0	1	0	0	0	0	1	1	0	0	0	1	0	0	1	0	1	0	0	1	0	0	1	2	1	0	0	0	0	0	0	1	0	0	0	0	0	1	1	0	1	0	1	0	2	0	0	0	1	1	2	0	1	0	0	0	3	0	2	0	0	1	1	1	0	0	1	1	0	0	0	1	1	0	0	0	1	0	0	0	0	0	0	0	1	0	0	0	2	3	2	0	0	0	0	0	2	0	0	2	3	2	0	0	1	1	0	0	0	0	1	0	0	0	0	1	1	0	0	0	1	1	1	0	0	0	0	0	2	1	4	7	3	3	3	0	2	0	0	1	1	0	0	2	1	1	0	1	2	0	1	0	0	0	1	1	1	2	1	0	1	0	0	0	1	1	1	1	0	0	0	1	1	1	1	0	2	0	0	1	0	1	1	0	0	2	2	1	2	3	4	2	0	0	1	0	1	1	1	0	2	1	0	2	0	2	1	1	1	2	2	2	3	0	1	0	0	2	0	2	2	3	0	1	5	5	1	4	1	2	2	4	3	5	3	3	2	0	2	5	1	0	2	0	1	0	5	3	3	3	2	1	2	3	6	4	3	5	8	7	2	1	2	3	3	2	3	2	2	0	0	2	1	2	3	4	2	0	1	0	0	3	1	2	2	0	0	1	0	1	2	0	0	0	0	1	1	0	1	1	0	0	1	2	0	1	0	1	0	1	2	1	2	3	3	5	10	25	46	0	12	10	6	19	13	6	3	1	0	2	2	0	0	2	0	5	2	4	1	3	3	1	1	3	1	1	1	1	1	2	2	4	3	3	4	4	11	6	3	3	1	1	0	0	0	0
0	0	0	0	0	0	0	0	0	0	0	0	0	0	0	0	1	0	0	0	0	0	1	1	0	2	0	0	0	1	0	0	0	0	1	0	0	0	1	0	0	0	0	0	0	3	2	1	1	3	0	1	1	0	1	1	0	0	0	0	1	0	0	0	0	0	1	0	0	1	0	0	0	1	1	0	1	0	0	0	0	0	0	0	0	0	0	0	0	0	0	1	0	0	1	0	0	2	1	1	0	0	0	0	0	1	0	0	0	0	0	0	0	0	0	1	0	1	1	0	0	1	0	2	3	0	0	1	0	1	0	0	2	0	0	0	2	0	0	1	1	0	0	0	1	0	1	0	0	1	0	2	0	1	1	2	0	0	0	0	0	3	1	3	1	0	1	1	0	0	0	0	0	1	0	1	0	0	0	0	2	1	0	0	0	0	1	0	0	0	1	1	1	1	1	1	0	2	0	0	0	1	2	0	2	0	1	0	0	1	0	2	0	0	0	0	2	1	0	0	0	0	0	0	0	2	0	1	1	1	0	1	1	0	2	1	0	1	1	2	0	0	0	0	2	1	0	2	2	2	0	3	3	1	1	1	1	0	0	2	2	2	0	0	1	1	1	1	2	1	0	1	2	4	3	2	2	3	0	0	1	1	1	1	4	3	3	1	1	4	0	4	4	1	4	3	2	0	1	1	2	1	2	0	0	1	0	1	4	1	0	1	2	1	0	3	5	8	3	2	9	14	7	7	1	4	3	2	5	2	2	0	1	2	0	2	3	0	3	2	0	2	0	1	1	0	0	0	0	0	2	1	1	1	2	0	0	1	0	1	1	1	1	0	2	1	1	1	1	1	0	1	1	2	1	2	1	4	5	11	7	12	0	37	5	4	7	2	1	1	0	2	1	2	1	1	1	3	5	1	0	1	2	1	6	3	3	6	2	4	2	3	8	1	12	9	8	30	9	3	2	4	2	3	1	1	0	0
0	0	0	0	0	0	0	0	0	0	0	0	0	0	0	0	0	0	0	0	0	0	0	1	0	0	3	0	2	1	1	1	0	0	1	3	0	0	1	2	0	1	0	0	0	1	2	1	1	1	1	1	0	1	0	0	0	0	1	0	0	0	0	1	0	0	0	0	1	0	0	0	1	0	0	0	0	0	0	0	0	0	0	0	0	0	0	0	0	0	0	0	0	0	0	0	0	1	0	1	0	0	1	0	0	0	0	1	0	0	0	0	0	3	0	1	0	0	1	0	1	0	2	0	0	2	0	1	0	1	1	1	1	2	2	1	1	0	0	2	1	0	1	0	0	0	0	1	2	1	1	0	0	3	1	0	0	0	0	0	0	0	0	1	1	1	0	0	0	1	0	0	1	0	0	0	1	1	0	0	0	0	2	0	0	0	0	1	1	0	0	1	1	8	1	3	4	2	2	0	0	2	3	2	1	0	3	1	1	1	2	0	1	0	0	0	1	4	1	1	1	0	0	0	2	1	2	0	0	0	1	0	1	3	4	0	0	0	0	2	1	0	1	2	0	1	1	1	2	4	1	3	1	3	1	6	1	0	2	0	1	1	1	0	0	3	5	5	0	0	2	0	1	4	1	0	2	2	0	0	1	2	2	3	4	3	5	3	3	3	0	3	4	2	2	2	3	1	4	0	1	2	1	0	0	0	1	1	4	2	0	1	2	0	1	0	4	1	1	0	4	8	9	8	2	4	10	6	4	1	1	3	2	0	2	2	2	6	2	0	2	2	3	2	1	1	0	2	0	3	2	2	2	1	2	1	2	2	0	0	0	0	3	0	2	2	2	1	2	5	2	1	2	2	2	4	3	3	11	7	8	10	37	0	22	16	11	8	3	1	1	3	1	1	1	3	3	2	1	4	1	0	1	2	9	11	5	5	15	6	3	3	15	22	33	13	34	29	24	16	6	9	7	4	2	2	0	0
0	0	0	0	0	0	0	0	0	0	1	0	1	0	0	1	0	1	0	1	1	2	1	0	0	0	1	0	0	1	0	0	0	1	0	0	0	1	0	0	0	2	0	0	0	0	0	1	0	0	2	3	0	0	0	0	0	0	0	1	1	0	0	0	1	0	0	0	0	0	0	0	0	0	0	1	0	0	0	0	0	0	0	0	0	0	0	0	0	0	0	0	0	1	1	0	0	0	1	0	2	0	0	1	0	0	0	1	0	1	0	0	1	0	2	0	0	0	0	0	1	0	4	1	1	2	1	0	0	1	1	0	0	0	2	1	0	2	1	1	2	0	0	0	0	0	0	0	3	2	3	0	0	0	0	0	0	0	0	0	0	1	1	2	1	0	1	1	0	0	4	3	1	0	0	2	0	0	1	1	0	0	0	2	2	0	0	2	0	1	2	4	2	4	4	3	5	2	1	1	1	2	1	4	3	1	5	1	3	1	2	2	2	0	0	0	1	0	2	1	1	1	1	0	1	0	1	0	1	1	2	0	0	0	0	0	1	1	1	1	1	2	0	2	1	3	0	2	11	9	6	4	4	6	1	2	1	1	2	3	4	5	4	2	7	2	12	2	2	2	3	5	4	4	3	4	3	1	3	2	2	3	3	3	7	10	2	5	5	0	7	4	9	3	2	4	3	1	2	1	0	2	3	1	1	0	0	0	2	3	0	1	0	1	1	2	1	3	1	1	0	3	3	3	3	11	2	5	4	6	0	1	5	3	2	3	3	8	3	3	3	2	3	2	3	1	2	1	2	3	3	0	2	0	2	2	1	2	2	0	1	2	2	1	2	2	0	1	2	1	1	0	2	0	1	2	3	3	8	2	3	6	5	22	0	64	11	19	20	4	3	1	0	3	2	3	9	7	10	4	4	2	3	20	25	20	10	13	7	5	8	3	6	14	11	4	6	2	11	4	17	5	3	2	1	2	0	0
0	0	0	0	0	0	0	0	0	1	1	0	0	0	0	0	0	0	0	0	1	0	2	1	0	0	1	1	0	0	0	1	0	0	2	2	0	1	0	0	1	0	0	1	0	0	1	3	1	1	2	1	1	0	0	1	0	0	0	0	0	0	0	0	0	0	1	0	0	0	2	0	0	0	0	0	0	0	0	0	0	0	0	0	0	0	0	0	0	0	1	1	0	0	0	0	1	1	0	1	1	1	0	1	0	1	0	1	0	0	0	0	1	2	0	1	0	0	0	0	1	0	0	1	1	2	2	1	0	0	1	0	1	1	0	0	1	0	0	0	1	0	0	0	3	2	1	3	1	1	1	2	2	2	0	1	1	0	1	0	2	5	1	3	2	1	3	0	0	0	0	0	1	1	0	0	3	2	0	0	0	0	1	0	0	0	0	1	2	0	2	3	5	6	3	2	4	6	2	2	1	2	3	5	3	3	2	4	0	0	0	4	2	3	2	0	1	0	0	0	2	1	0	0	3	0	0	0	1	0	0	1	0	1	1	4	2	1	1	2	0	1	0	1	1	1	3	2	8	2	11	10	8	2	2	2	2	0	3	2	0	2	2	5	4	2	5	4	1	2	0	2	3	3	4	3	3	0	0	1	4	7	4	2	7	6	6	5	1	4	1	2	7	1	6	7	0	4	3	0	0	2	1	0	0	0	1	2	3	0	3	2	1	0	0	2	0	2	2	4	2	3	1	6	5	7	1	5	4	2	3	2	5	1	4	4	7	6	3	2	0	1	3	1	1	3	4	3	0	4	4	1	2	0	0	1	1	0	1	2	2	1	4	0	4	0	2	1	2	1	2	1	4	1	2	1	5	3	11	5	7	19	4	16	64	0	29	47	13	3	1	0	1	3	3	2	3	6	6	10	4	0	6	21	8	9	4	5	6	5	3	3	6	8	5	7	6	10	11	8	7	4	3	3	1	1	0	0
0	0	0	0	0	0	0	0	0	0	0	0	0	0	0	0	1	1	0	0	1	2	1	2	0	0	1	2	0	0	1	2	0	0	0	0	0	2	0	0	1	0	0	1	0	1	1	1	2	6	1	1	0	1	0	1	0	2	0	1	1	0	1	0	1	1	0	1	0	0	0	0	1	0	0	1	1	0	0	0	0	0	0	0	0	0	1	3	1	1	1	0	1	1	2	0	0	0	2	0	1	0	0	1	0	0	1	1	0	0	0	2	0	3	0	0	0	0	1	4	1	1	1	1	1	1	1	0	1	0	0	0	0	1	1	2	1	1	0	1	0	1	0	0	0	1	1	1	5	3	2	1	1	0	1	2	0	1	1	0	0	0	0	2	3	1	0	0	2	2	3	1	1	1	0	0	1	3	1	0	1	0	0	0	1	0	0	0	2	2	3	0	4	10	5	2	0	6	2	2	3	3	3	4	2	2	3	0	3	0	3	2	1	1	1	0	1	0	1	2	1	2	1	2	0	1	0	1	1	0	0	3	2	2	3	3	0	2	1	4	1	1	0	2	0	1	0	3	4	3	11	8	10	5	1	2	1	0	0	5	3	2	1	4	1	1	5	4	3	6	2	4	4	5	5	1	4	0	3	2	2	2	0	4	6	12	13	9	3	9	5	2	15	11	5	10	3	2	4	2	6	3	0	1	0	3	1	7	11	6	0	0	3	0	0	0	0	0	3	1	4	3	1	2	4	7	8	11	2	2	3	1	5	1	1	6	5	9	5	0	1	2	2	2	2	5	0	1	2	3	3	1	5	1	2	0	0	0	1	1	1	2	2	2	0	1	1	2	3	1	2	1	1	1	2	5	7	8	46	4	5	13	7	11	11	29	0	65	19	3	5	0	0	0	0	1	2	4	4	6	0	3	2	5	4	5	4	5	7	1	4	5	4	5	7	5	8	10	15	7	14	1	0	4	2	1	0	0
0	0	0	0	0	0	0	0	0	0	0	0	0	1	0	1	0	1	0	0	1	1	3	2	0	2	1	1	1	0	2	0	1	0	2	0	1	1	0	1	0	1	1	2	0	1	3	0	1	2	3	1	0	0	2	1	0	0	2	1	0	0	1	0	0	0	0	0	2	0	1	0	1	0	0	0	0	0	0	0	0	0	0	1	1	0	1	0	0	0	0	0	0	0	0	1	1	1	2	1	0	2	0	0	0	0	1	0	1	1	1	1	0	0	0	0	0	0	0	0	1	0	1	2	2	1	0	1	0	1	2	3	0	2	0	0	5	1	1	0	1	0	0	0	0	2	1	2	3	1	2	4	2	1	1	1	0	0	1	0	0	1	2	2	0	1	2	1	1	1	3	0	0	2	0	1	0	1	2	1	1	1	1	0	0	0	1	0	1	0	3	7	4	7	7	3	7	6	0	2	0	3	3	6	1	8	1	1	2	0	2	1	2	1	1	4	0	2	3	0	1	1	1	2	1	0	0	0	0	1	1	1	1	1	0	2	3	1	1	4	1	0	0	2	0	0	3	3	7	12	17	18	14	7	1	0	3	2	1	1	4	2	3	4	2	6	5	5	1	3	4	5	3	8	2	1	4	5	1	3	3	2	2	5	15	19	15	4	4	3	6	3	13	9	7	11	4	3	3	2	2	4	2	3	1	0	3	6	11	1	0	3	1	0	2	4	5	1	1	1	2	0	0	1	2	5	2	3	3	3	2	1	2	3	2	5	5	4	6	2	1	1	3	1	2	3	1	2	0	1	0	0	1	0	2	1	4	0	0	1	3	0	2	0	1	5	1	1	2	5	1	0	3	5	2	4	4	5	21	7	10	6	2	8	19	47	65	0	20	2	2	0	1	1	1	2	2	5	6	4	3	1	3	13	4	5	1	1	1	2	2	3	5	8	3	4	3	4	10	7	3	2	1	0	1	4	0	0
0	0	0	0	0	0	0	0	0	1	0	1	0	0	0	1	1	0	0	2	0	1	0	2	2	0	1	1	1	0	0	2	2	0	0	0	0	0	1	0	0	0	1	0	1	0	3	0	1	2	3	1	1	1	1	0	0	0	0	0	0	0	0	0	0	0	0	0	0	0	0	0	0	0	0	0	0	0	0	0	0	0	0	0	0	0	0	0	1	0	0	0	0	1	0	0	0	0	0	0	0	3	2	2	0	1	0	0	1	1	1	0	0	0	0	0	1	0	2	0	0	0	0	3	1	0	2	0	0	1	0	1	0	2	2	2	0	1	2	1	1	1	0	1	1	1	0	3	2	1	3	2	0	3	1	0	0	0	0	1	2	2	1	3	0	0	1	1	1	2	1	1	1	1	0	1	4	0	0	1	0	0	1	0	0	1	0	0	1	1	0	2	7	2	3	4	6	2	6	3	2	2	1	3	2	0	4	1	5	1	0	2	5	2	1	2	0	0	1	0	4	1	0	0	0	0	1	0	0	0	1	1	2	0	5	1	3	0	0	3	1	1	4	1	0	2	0	5	9	6	5	5	4	11	5	12	2	2	4	4	11	8	2	4	2	6	12	14	5	5	2	6	10	15	4	5	7	6	2	0	2	3	1	6	20	30	11	5	2	1	2	7	13	11	2	3	4	4	3	3	0	3	4	2	2	0	0	5	7	1	1	2	1	0	0	0	1	4	0	1	1	4	2	0	6	8	5	4	0	3	5	3	2	11	3	7	24	9	5	6	2	3	4	7	2	4	6	3	4	1	3	1	2	2	3	1	2	4	1	0	2	1	5	4	4	4	2	4	2	2	1	1	1	2	1	3	3	2	6	7	3	3	1	3	20	13	19	20	0	3	7	2	2	0	2	2	2	5	4	8	3	1	4	14	13	3	5	4	5	1	3	4	5	8	8	3	6	6	2	2	10	1	3	5	0	2	0	0
0	0	0	0	0	0	0	0	0	0	0	0	0	0	1	1	0	0	0	1	0	0	0	1	0	1	0	1	0	2	0	0	0	0	0	0	0	1	0	0	0	0	0	1	1	0	0	0	0	0	0	0	0	0	0	0	0	0	0	0	0	0	0	0	0	0	0	0	0	0	0	0	0	0	0	0	0	0	0	0	0	0	0	0	0	0	0	0	0	0	1	1	0	0	0	1	1	0	0	0	0	0	0	1	0	0	1	0	0	0	0	0	0	1	1	0	0	0	0	0	1	0	0	0	1	1	0	0	0	2	0	0	0	1	0	0	2	0	1	1	0	0	0	0	0	0	0	1	2	3	0	1	0	2	0	0	0	1	1	2	0	0	0	1	0	0	0	0	0	1	1	1	1	1	0	0	1	0	0	0	0	0	0	0	0	0	1	0	0	0	2	0	0	2	1	2	2	4	2	1	0	0	3	0	2	0	1	0	2	0	0	0	0	1	2	1	0	0	0	0	1	0	0	0	0	0	0	1	0	0	2	2	1	0	2	4	0	1	1	1	1	0	1	0	1	0	3	3	3	5	1	1	0	2	3	2	6	7	3	10	4	10	7	7	6	4	24	2	2	4	3	1	2	3	1	0	1	2	1	1	1	1	1	1	0	0	0	1	1	1	2	0	2	0	1	2	1	0	0	2	0	1	3	3	2	1	0	0	2	1	1	2	0	0	1	0	0	1	0	0	0	4	6	1	7	7	2	3	2	3	2	3	2	2	6	2	6	8	7	2	7	15	61	22	11	5	2	4	3	8	11	9	7	3	6	5	2	0	0	1	1	0	3	6	10	4	1	5	2	3	2	0	1	1	0	1	1	1	2	1	1	1	1	1	4	3	3	2	3	0	12	3	10	7	12	17	5	3	1	1	5	1	3	4	20	7	9	8	9	3	6	3	4	2	4	2	2	1	1	5	2	0	2	2	4	8	0	0
0	0	0	0	0	0	0	0	0	0	0	0	0	0	0	0	0	0	0	0	0	0	0	1	0	1	1	0	2	0	1	0	0	0	0	1	0	0	1	0	0	0	1	0	0	0	0	0	1	1	0	1	0	1	0	0	0	0	0	0	0	0	0	0	0	0	0	0	0	0	0	0	0	0	0	0	1	0	1	1	0	0	0	0	0	0	0	0	0	0	0	0	0	0	0	0	0	0	2	0	0	0	0	0	0	0	0	0	0	0	0	0	0	0	0	0	0	0	0	0	0	2	0	0	0	0	0	0	1	0	1	0	0	1	1	0	1	0	2	0	0	0	0	1	0	0	0	2	0	0	0	1	0	0	0	1	0	0	0	0	1	0	1	1	0	0	1	0	0	0	0	0	0	1	1	0	0	1	0	0	0	1	0	0	0	0	0	0	0	1	1	1	1	1	0	0	2	3	0	0	0	0	1	0	1	1	0	0	1	3	0	1	0	1	1	0	1	0	0	0	1	0	0	1	1	0	0	0	0	1	0	0	0	0	0	0	0	2	1	2	0	1	0	1	1	1	2	4	1	0	0	1	0	1	2	2	5	5	2	5	1	2	1	4	2	2	0	7	1	0	1	1	3	1	3	3	1	2	0	1	0	1	1	0	0	0	1	1	0	0	1	0	2	1	1	0	4	0	0	1	0	0	1	1	0	0	1	0	2	1	0	0	1	0	0	0	0	0	1	1	0	0	1	4	2	4	2	3	3	1	1	2	1	2	0	2	1	3	3	14	7	14	16	5	5	1	1	1	0	2	8	12	4	11	3	1	2	1	1	1	0	0	3	5	2	3	4	1	1	0	2	2	0	0	2	1	1	2	2	1	0	0	0	1	3	1	5	2	7	12	0	65	16	10	5	5	1	3	3	3	1	3	0	1	5	7	12	5	4	8	5	1	1	5	1	0	2	2	1	2	6	1	4	4	5	22	0	0
0	0	0	0	0	0	0	0	0	0	0	1	0	0	0	0	0	0	0	1	0	0	0	0	0	1	0	0	0	0	0	0	0	1	0	1	0	0	0	0	0	0	0	1	0	1	0	0	1	0	0	0	3	0	0	0	1	1	0	0	0	0	0	0	0	0	1	0	0	0	0	0	0	1	0	0	0	1	0	0	0	0	0	0	0	0	0	0	0	0	0	0	0	1	1	0	0	0	0	0	0	0	0	0	0	0	0	0	0	0	0	0	0	0	0	0	1	0	0	0	2	1	0	0	0	0	0	0	0	0	0	0	0	0	1	0	0	0	0	0	1	2	0	0	1	1	0	0	0	1	0	0	1	3	0	0	0	0	0	0	0	0	1	0	0	0	0	0	1	0	0	0	0	0	0	0	1	0	0	1	0	0	0	0	0	0	0	1	0	0	2	1	1	0	0	0	0	1	0	0	0	0	0	0	0	2	0	0	4	0	0	0	0	1	0	0	1	0	0	1	0	0	1	0	0	0	0	0	0	0	1	2	0	0	0	0	0	1	1	2	0	0	2	0	3	1	0	5	0	3	1	0	0	1	1	2	2	4	2	3	1	1	1	4	0	2	6	2	3	0	1	1	4	0	2	0	0	1	0	0	0	0	0	0	2	1	0	1	0	0	0	1	2	0	0	1	1	0	1	0	3	0	0	0	0	0	2	2	1	0	0	0	1	0	0	0	0	0	0	0	0	1	1	4	3	2	2	2	0	1	2	0	0	3	1	1	1	4	6	4	7	8	4	8	2	6	1	2	1	3	7	10	8	8	3	3	2	3	1	0	1	2	2	2	0	4	0	2	3	2	2	0	0	0	2	0	1	1	1	0	1	2	2	3	1	0	0	0	2	3	65	0	42	21	15	5	3	1	0	3	1	0	1	1	2	1	2	3	3	5	5	1	2	1	2	2	0	1	1	1	2	4	2	3	8	9	0	0
0	0	0	0	0	0	0	0	0	0	0	0	1	1	0	0	0	1	0	0	0	0	0	1	0	0	0	0	0	0	0	1	0	0	0	0	0	0	1	0	0	0	0	0	1	0	0	0	0	0	0	2	0	1	0	0	0	0	1	0	0	0	0	0	1	0	0	0	0	0	0	0	0	0	0	0	0	0	0	0	0	0	1	0	0	0	0	0	0	0	0	0	0	0	1	0	0	1	0	0	1	0	0	0	0	0	0	0	0	1	0	2	1	1	1	0	0	1	0	1	0	0	0	1	0	0	0	0	0	0	0	0	0	0	0	0	0	0	0	0	1	0	0	0	0	0	0	0	0	0	0	1	0	0	0	0	1	2	0	0	0	0	0	0	0	0	0	0	1	0	0	0	0	1	0	0	0	0	1	1	0	0	0	0	0	0	0	1	1	1	2	1	1	1	1	0	1	2	1	0	0	1	0	1	1	1	1	0	1	0	0	0	2	0	0	0	0	0	0	0	0	0	0	0	0	0	0	0	1	0	0	0	0	1	0	2	0	3	2	0	3	1	1	2	0	0	2	2	2	1	1	3	0	0	1	2	3	3	5	8	3	4	3	2	0	2	3	4	1	1	4	3	2	1	3	1	0	1	0	1	0	2	0	0	1	0	2	1	1	2	2	0	1	1	1	1	0	0	0	1	0	0	1	0	2	1	1	0	1	0	0	0	0	1	0	0	0	1	0	1	0	1	2	4	5	1	2	4	0	0	1	1	0	3	1	1	1	3	2	4	3	5	13	5	1	3	0	0	1	8	26	25	37	18	9	6	2	2	0	2	0	1	2	2	4	4	2	3	1	4	0	0	4	2	0	1	0	1	1	0	1	2	1	1	0	1	0	1	2	10	16	42	0	61	22	5	5	2	2	2	2	2	2	2	2	2	3	1	4	3	6	0	0	1	1	1	2	1	0	2	2	1	3	1	2	3	0	0
0	0	0	0	0	0	0	0	0	1	0	0	0	0	1	0	1	0	0	1	0	0	0	1	1	0	0	0	0	1	0	1	2	0	0	0	0	0	0	0	1	1	0	0	1	0	0	1	0	0	0	0	2	0	1	0	0	0	0	0	0	0	0	0	0	1	0	0	2	0	0	1	1	0	0	0	1	0	0	0	0	0	0	0	0	0	0	0	0	0	0	0	1	0	0	1	0	0	0	0	1	0	0	1	0	1	1	1	0	0	0	0	0	0	0	0	0	0	0	0	0	0	0	1	0	1	1	0	0	0	0	1	0	0	0	0	1	1	1	0	0	0	0	1	0	1	0	1	0	0	3	0	0	0	0	0	0	0	0	0	0	0	0	1	1	2	0	1	0	0	0	1	0	1	0	0	0	0	0	0	0	0	1	0	0	0	0	1	0	0	1	0	1	0	0	0	2	2	0	1	0	0	0	0	0	0	1	0	0	3	1	3	0	1	1	0	0	0	0	0	0	0	0	2	0	0	0	0	0	0	0	0	0	0	0	0	0	0	0	0	0	0	0	3	1	1	0	1	2	3	1	0	0	0	2	2	6	6	4	5	1	0	0	2	1	2	1	3	0	2	2	0	4	0	2	1	2	0	1	0	0	2	1	1	2	2	0	2	1	0	0	2	0	0	0	0	1	1	0	0	0	0	0	1	0	1	0	1	0	2	0	0	0	0	0	0	0	0	0	0	2	0	1	1	2	3	0	0	0	1	0	0	3	2	1	1	1	1	4	1	4	3	5	1	1	4	2	3	0	9	12	24	24	7	1	4	1	0	1	2	0	2	4	1	2	6	0	0	0	0	0	1	0	0	0	0	1	0	2	0	1	0	2	1	3	3	0	1	0	7	10	21	61	0	26	8	1	1	1	1	2	0	0	3	1	3	2	3	2	1	1	1	3	0	0	1	1	0	0	1	1	1	1	2	3	5	0	0
0	0	0	0	0	0	0	0	0	0	0	0	0	0	0	0	0	0	0	1	1	1	1	0	0	2	0	3	0	1	1	0	0	0	0	1	1	0	0	0	0	0	0	1	0	1	0	0	1	0	0	1	0	0	0	0	0	0	0	0	0	0	1	0	0	1	0	1	0	0	0	0	0	0	0	0	1	1	0	0	0	0	0	0	0	1	0	0	0	0	1	0	0	1	0	0	0	1	0	1	0	0	0	0	0	0	0	1	0	0	0	1	0	0	1	0	1	0	0	1	0	0	0	0	2	0	0	0	1	0	0	1	2	0	0	1	0	1	0	0	2	0	1	0	0	0	0	0	1	1	0	1	1	1	0	0	1	1	0	1	0	1	0	1	0	0	1	1	0	0	0	1	0	0	0	0	0	1	0	0	0	1	1	0	0	0	0	0	0	0	2	0	0	0	0	2	1	2	0	0	2	1	2	3	0	1	0	0	0	0	2	0	2	0	3	3	0	0	1	1	2	0	1	0	1	0	1	0	1	0	0	1	0	0	1	0	0	0	1	0	0	2	0	0	1	4	0	2	5	1	1	0	1	0	0	0	3	4	4	10	2	2	4	5	4	3	4	4	3	1	3	4	3	1	0	1	1	4	1	2	3	0	0	2	2	0	1	0	0	0	0	1	3	1	0	0	3	0	0	1	1	2	2	0	1	1	1	2	4	0	0	0	0	0	0	0	0	1	1	0	0	0	0	0	0	0	3	3	0	2	1	1	1	2	2	2	5	1	1	0	4	6	9	10	5	2	2	2	0	7	18	35	21	5	3	2	1	4	0	0	0	3	1	4	4	3	1	2	2	1	3	0	0	0	0	1	1	0	1	1	0	0	1	1	2	3	0	1	2	12	5	15	22	26	0	17	7	5	2	2	1	1	3	1	1	3	2	3	2	4	1	2	1	5	1	1	2	0	1	1	2	2	1	0	4	7	0	0
0	0	0	0	0	0	0	0	0	0	0	0	0	0	1	0	1	0	2	0	1	0	1	2	0	1	0	0	1	0	0	2	1	1	2	0	0	0	0	0	0	0	0	0	0	0	0	0	1	0	1	0	0	0	0	0	0	0	0	0	0	1	0	0	0	0	0	0	0	0	1	1	0	0	0	0	0	0	0	0	0	0	0	0	0	1	0	0	0	0	0	0	0	0	0	0	0	0	0	0	0	0	0	0	0	0	0	0	0	0	0	0	0	0	1	0	1	0	0	0	0	0	1	0	0	1	0	0	1	0	1	0	1	0	0	0	1	0	0	0	1	1	0	0	0	0	0	0	2	0	0	1	0	0	0	0	0	1	0	0	1	0	2	1	0	1	0	1	1	0	1	0	0	0	0	0	0	1	0	0	1	0	1	0	0	0	0	0	1	0	3	0	3	1	1	0	1	2	1	1	0	1	0	0	0	0	0	0	0	1	0	1	1	0	1	1	0	0	0	0	1	2	1	0	1	0	0	1	0	1	0	1	0	1	0	0	0	0	1	0	1	1	0	0	1	0	1	2	2	6	0	0	0	2	3	3	3	1	3	8	5	7	8	13	12	12	9	4	2	3	2	3	4	3	1	0	0	0	1	0	0	0	0	1	1	0	0	2	0	0	0	1	2	0	0	0	2	1	2	3	0	2	1	1	2	0	1	1	0	2	1	1	0	0	1	0	0	0	1	0	0	0	4	2	4	2	1	2	0	0	0	0	2	2	0	0	2	6	6	2	4	4	3	6	7	2	2	1	1	6	10	7	4	6	1	0	0	2	1	1	0	0	1	2	2	5	0	1	1	3	1	1	1	1	1	0	0	2	0	2	1	2	1	3	3	2	1	2	2	17	5	5	5	8	17	0	12	10	3	3	0	0	2	6	10	9	3	7	13	4	3	3	8	6	2	3	2	0	0	1	0	2	2	3	1	9	0	0
0	0	0	0	0	0	0	0	0	0	0	0	0	1	1	0	0	0	0	0	0	1	0	2	1	1	3	0	3	0	1	0	0	0	2	0	0	0	0	1	0	1	1	1	0	0	0	1	2	1	1	0	1	0	1	1	0	1	0	0	0	0	1	1	0	0	2	1	0	0	0	0	0	0	0	0	0	1	0	0	0	0	0	0	0	0	0	0	0	0	0	0	1	0	0	0	1	1	1	0	1	0	0	0	1	0	0	1	0	1	0	2	0	0	1	1	1	1	0	1	0	0	0	0	0	0	1	0	0	0	0	0	0	0	0	3	0	0	0	0	0	0	0	0	0	0	0	0	2	0	1	2	0	4	0	0	0	0	0	0	0	2	1	1	1	0	1	1	0	0	1	1	0	0	0	0	0	0	0	1	0	0	0	0	0	0	0	1	0	3	3	0	0	2	2	2	2	0	5	3	3	0	1	1	0	0	3	1	1	1	1	0	0	1	3	1	1	0	0	0	1	0	0	0	1	1	0	0	0	0	3	0	0	1	0	0	1	0	0	1	1	1	0	2	0	1	0	0	4	3	4	2	3	1	2	2	2	3	1	6	4	6	5	20	31	11	8	1	0	2	3	1	0	1	1	0	2	4	2	0	0	0	0	0	0	2	3	1	0	0	0	0	1	0	1	1	0	1	1	1	1	0	0	1	2	2	1	0	4	1	1	0	0	1	0	3	0	1	0	1	0	2	3	2	3	2	2	2	0	1	1	1	2	2	0	2	3	2	2	2	1	1	4	3	6	1	2	3	1	2	0	2	2	0	5	3	1	0	1	0	0	2	7	2	3	1	0	1	1	0	0	2	2	0	0	1	2	1	3	2	3	0	1	3	9	3	2	2	2	5	1	3	5	1	7	12	0	39	11	9	4	7	2	9	5	11	2	7	9	2	2	4	5	4	5	1	1	4	1	1	9	0	0	2	1	1	0	0
0	0	0	0	0	0	0	0	1	0	0	0	0	0	1	0	0	3	0	1	0	0	0	1	2	0	2	1	1	0	0	0	0	0	1	0	2	1	0	0	0	0	0	0	0	0	0	0	0	0	1	1	0	0	0	0	0	3	0	0	1	2	1	0	0	0	1	0	0	0	1	0	0	0	0	2	0	0	1	1	0	0	0	0	0	0	0	0	0	0	0	0	1	0	1	1	1	2	1	0	0	1	0	1	0	0	1	0	0	1	2	1	0	0	1	0	3	0	1	0	1	0	0	1	0	0	0	1	0	1	0	0	1	1	0	0	1	0	1	0	0	1	0	0	1	0	0	0	1	0	2	2	1	0	0	0	1	0	1	0	0	2	0	0	0	0	0	0	1	0	0	1	0	1	0	1	0	1	1	1	0	1	0	1	1	0	0	1	0	1	1	2	5	5	4	1	2	5	2	0	2	2	2	1	1	1	0	0	0	0	1	1	2	1	2	0	0	1	1	1	1	1	0	1	0	0	2	0	0	0	0	3	0	1	1	2	0	0	1	0	1	1	1	1	0	2	2	4	3	9	6	5	1	2	0	1	1	0	1	6	4	2	4	6	16	11	5	3	1	0	3	4	2	1	0	2	1	0	0	1	0	1	1	0	1	3	1	1	0	2	0	1	3	2	3	0	0	0	3	0	1	0	1	0	0	0	0	0	0	0	0	1	0	0	0	0	1	1	1	1	0	2	3	3	0	1	0	2	2	1	2	0	5	1	3	1	3	3	1	3	2	0	2	3	3	3	1	3	2	2	1	2	3	2	0	1	3	0	1	0	3	3	1	2	0	1	1	1	1	2	0	1	0	0	0	0	0	0	1	0	2	5	3	2	7	6	4	5	5	3	3	1	2	1	5	10	39	0	81	31	4	4	11	21	6	15	3	2	1	8	4	2	4	2	1	0	4	1	1	0	1	2	1	2	0	3	0	0
0	0	0	0	0	0	0	0	0	0	1	0	1	0	0	0	1	0	0	0	1	1	4	2	1	1	1	0	0	2	0	1	0	1	0	3	1	1	1	0	0	1	1	1	1	1	1	1	0	1	3	0	1	0	0	0	0	1	1	1	0	2	1	0	0	0	0	0	0	1	0	0	0	0	0	0	0	0	0	0	0	0	0	1	0	0	0	0	0	1	1	0	1	2	0	0	2	1	0	0	0	1	0	0	1	0	1	2	0	1	1	1	0	1	0	0	3	0	0	0	0	1	0	0	1	2	0	4	0	1	2	0	0	0	0	1	2	0	1	0	0	0	1	0	1	2	2	2	2	1	0	0	1	0	0	1	0	0	0	1	0	0	0	1	1	2	0	1	0	0	2	2	3	0	0	0	2	1	0	0	1	1	0	0	1	0	1	1	0	2	4	3	8	5	2	2	6	4	5	3	2	1	1	3	0	1	0	0	0	0	1	0	0	1	2	1	0	2	1	0	1	2	0	1	1	1	0	0	0	0	0	0	0	1	0	1	1	0	0	0	1	2	0	1	2	1	1	1	9	15	7	4	5	4	4	2	0	3	2	0	3	6	4	9	12	6	4	0	3	2	2	1	2	6	0	5	1	0	1	1	4	1	4	5	3	0	1	0	0	1	1	2	2	1	0	2	1	0	1	0	0	1	3	0	1	0	0	1	0	1	0	0	0	0	1	0	3	2	0	0	1	0	0	5	1	3	3	0	0	0	0	1	1	0	0	2	1	2	2	0	2	0	1	5	4	5	0	1	0	0	1	1	1	1	0	1	1	2	1	3	1	3	2	0	1	0	1	0	0	0	1	0	4	1	0	1	1	0	2	0	2	2	5	1	10	6	4	6	4	1	3	0	2	1	2	3	11	81	0	145	10	5	20	19	3	9	5	2	2	3	1	1	4	3	2	2	2	8	2	2	2	0	0	1	2	0	0	0
0	0	0	0	0	0	0	0	0	0	1	1	0	0	1	2	0	2	0	0	0	1	5	1	1	0	0	1	1	1	0	0	1	1	2	1	0	0	0	0	0	0	0	1	1	0	0	0	0	1	2	3	1	1	0	0	0	0	0	2	0	0	0	0	1	2	1	0	0	0	1	0	0	0	0	0	0	0	0	0	0	1	0	0	1	1	0	0	0	1	0	0	1	1	0	1	0	1	0	0	0	0	2	0	0	0	1	1	1	0	0	0	1	0	0	0	2	0	0	1	1	0	0	1	2	0	1	0	0	0	1	2	1	0	0	0	0	1	2	0	0	0	0	0	3	2	2	1	2	2	0	1	0	3	0	1	0	1	0	1	3	3	2	2	2	0	1	0	1	1	0	1	0	1	0	0	0	0	1	0	0	2	2	3	0	0	0	1	2	3	3	8	8	5	5	1	6	4	6	4	3	5	2	2	1	2	1	0	1	0	2	2	1	2	0	1	1	0	3	0	0	3	0	1	1	0	1	1	0	0	2	0	1	1	1	1	0	2	2	0	1	0	0	1	1	1	4	3	11	17	16	7	3	5	1	1	2	2	1	2	6	2	5	7	14	9	4	5	3	3	1	8	2	5	3	1	0	5	1	1	4	2	1	3	5	4	1	1	0	0	1	2	2	1	2	3	0	2	0	1	1	1	2	3	2	1	0	4	5	0	0	1	0	0	0	1	1	1	3	3	0	0	1	3	2	5	3	0	0	2	2	1	0	1	1	2	2	1	1	0	1	1	3	0	9	2	0	1	1	2	0	1	0	1	0	1	1	0	0	0	0	0	1	2	2	1	0	1	3	1	1	3	1	0	3	0	0	2	4	2	5	4	1	4	4	10	6	4	8	1	3	3	2	1	2	3	9	31	145	0	21	9	43	35	3	11	3	1	2	3	2	2	5	1	1	1	0	1	2	1	2	2	1	1	0	3	0	0
0	0	0	0	0	0	0	0	0	0	0	0	0	1	1	0	0	0	1	2	0	0	2	3	2	0	0	1	1	0	0	2	1	1	1	2	3	0	0	0	1	0	2	2	1	2	0	0	0	2	2	1	2	1	0	0	0	0	0	0	1	0	1	0	1	0	0	0	0	0	0	0	0	1	0	1	0	0	0	0	0	0	1	0	0	0	0	0	0	1	1	1	0	1	0	0	1	0	1	0	1	1	2	0	3	0	1	0	2	0	0	0	3	1	0	0	0	0	1	1	1	1	2	0	0	1	0	1	1	1	4	0	0	1	2	1	1	1	1	2	0	1	0	0	0	1	0	1	1	2	1	2	1	4	0	0	0	1	1	0	0	1	0	1	2	1	0	2	3	0	0	0	0	1	1	0	0	0	0	1	0	0	1	0	2	1	2	2	1	4	7	3	9	3	6	6	8	9	7	6	2	7	2	0	0	2	1	0	0	0	0	2	1	1	1	1	1	1	0	1	0	0	1	1	0	1	0	0	3	0	0	0	1	4	1	2	1	2	2	2	1	1	0	1	1	1	1	4	8	16	13	5	2	7	3	2	2	1	3	5	1	0	6	5	12	8	3	6	0	1	3	7	1	0	1	2	2	2	1	2	5	2	2	2	2	8	1	1	1	2	1	1	1	2	1	1	1	0	3	0	1	5	0	1	1	0	1	2	1	2	0	0	0	0	0	1	0	0	0	3	1	0	2	0	1	1	1	1	0	0	1	0	1	2	0	2	1	1	3	1	0	1	1	4	3	0	0	0	1	1	2	2	0	1	1	0	0	0	0	1	1	0	3	1	1	1	0	0	0	0	0	0	0	1	2	0	2	2	1	0	2	1	0	1	4	4	0	3	3	5	1	1	2	2	1	0	4	4	10	21	0	63	129	9	1	4	0	2	3	2	0	1	2	1	1	0	1	2	1	1	1	1	0	1	3	1	0	0
0	0	0	0	0	0	0	0	0	0	1	0	1	2	1	0	1	0	1	0	2	2	2	3	4	1	6	0	0	4	2	0	2	2	0	0	0	1	1	2	0	1	1	2	0	1	4	2	3	2	3	3	1	1	0	0	0	0	0	0	1	0	0	0	0	1	0	0	0	0	1	1	1	0	1	0	0	0	1	1	1	0	0	0	0	1	1	0	0	1	2	1	0	1	2	2	0	0	0	1	1	0	1	0	0	1	0	0	1	0	2	1	0	1	0	0	3	0	0	0	1	0	1	0	1	1	0	0	1	0	0	0	0	3	2	4	1	1	1	0	0	1	2	3	0	1	0	1	2	1	3	3	0	2	0	0	1	0	2	0	1	1	2	0	2	0	0	0	2	1	1	1	0	0	1	0	0	1	3	0	1	0	2	2	1	0	3	4	2	1	7	8	5	3	7	3	3	3	9	5	3	7	1	0	2	4	0	1	2	1	0	4	1	2	0	1	1	0	1	0	0	1	1	0	1	3	0	2	0	0	0	0	1	1	0	1	3	2	0	2	4	1	0	1	1	0	2	2	6	11	3	3	3	4	2	2	4	1	1	1	4	2	4	2	6	5	4	0	0	0	2	2	2	7	0	3	1	2	5	0	1	2	2	0	3	1	1	1	0	1	1	1	1	0	1	1	3	1	2	0	1	2	3	0	1	0	1	1	1	0	1	0	1	1	1	1	2	2	0	2	2	1	1	0	1	3	0	0	0	0	0	1	0	0	0	1	4	1	1	0	0	0	2	1	1	2	5	1	1	1	0	2	1	0	3	0	1	1	0	0	0	1	2	1	1	1	0	0	0	0	0	0	0	1	1	0	1	0	1	1	2	3	1	0	2	0	3	1	1	1	3	0	2	0	1	0	7	4	5	9	63	0	23	5	2	0	1	0	1	0	0	2	1	1	0	0	1	1	1	1	1	0	0	1	0	0	0	0
0	0	0	0	0	0	0	0	0	1	0	2	0	0	1	0	1	2	0	0	1	0	2	1	1	2	1	0	2	0	1	0	0	2	0	1	1	0	1	1	0	0	1	2	1	2	1	2	1	3	1	0	1	0	0	0	0	0	1	0	0	0	1	1	0	0	0	0	0	1	0	0	0	0	0	0	0	2	0	0	0	0	0	0	0	0	0	0	0	0	2	1	0	1	0	2	0	1	0	1	0	0	0	3	1	0	2	1	0	0	0	1	0	1	1	2	1	0	0	2	0	0	2	2	0	1	1	0	0	0	1	1	0	1	4	2	1	0	0	1	2	0	2	0	1	2	1	0	1	0	0	4	2	1	0	2	1	0	1	1	0	1	2	4	1	2	1	1	2	1	1	0	1	0	0	0	1	0	0	0	1	0	1	0	1	0	2	4	1	2	10	6	12	11	6	8	4	10	4	4	1	2	2	4	1	2	1	0	0	0	0	4	3	3	2	2	4	0	1	0	0	0	2	0	1	1	0	0	0	3	0	2	0	1	2	1	0	1	0	1	1	1	1	1	0	0	3	3	13	35	16	6	5	6	3	3	2	2	1	3	6	1	4	5	10	6	2	3	0	3	1	5	5	3	0	1	2	3	2	3	2	3	3	4	5	5	1	0	2	5	1	2	1	4	0	4	2	2	3	0	2	0	1	2	0	3	3	1	0	0	0	0	1	0	0	1	6	0	1	1	0	2	0	2	1	2	1	0	0	2	1	3	2	1	0	2	0	3	2	1	1	0	1	2	3	2	3	1	1	3	2	0	1	0	1	1	0	0	0	1	1	2	0	4	2	0	2	0	1	0	0	3	3	0	1	1	1	0	3	3	2	3	2	1	3	6	2	3	4	3	0	1	2	0	3	2	2	11	20	43	129	23	0	12	3	2	1	0	2	1	0	2	3	5	0	2	1	0	2	1	1	0	0	1	1	1	0	0
0	0	0	0	0	0	0	0	0	0	0	0	0	0	0	0	0	0	0	0	0	1	0	1	2	1	1	0	0	0	0	0	1	1	2	1	1	0	0	0	0	0	0	1	0	0	1	0	0	2	1	0	1	2	0	0	0	0	0	0	0	0	0	0	1	0	0	1	0	0	0	0	0	0	0	0	0	0	0	0	0	0	0	0	0	0	0	0	0	0	0	1	1	2	0	0	2	0	2	0	0	0	0	0	2	0	1	1	0	0	0	1	0	1	0	0	0	0	1	1	0	1	1	1	0	1	1	1	0	1	0	2	1	1	1	0	1	2	2	0	1	1	0	1	2	0	0	0	0	2	1	0	1	1	0	2	0	0	0	0	0	3	2	1	2	1	1	0	0	0	0	2	1	0	0	0	1	1	0	0	0	0	0	0	0	0	1	2	4	0	0	3	6	5	2	1	6	11	6	3	2	2	5	2	2	2	2	1	2	0	3	0	2	2	2	0	0	0	1	1	1	1	0	4	1	0	0	1	1	0	0	1	0	1	1	2	4	1	4	2	2	2	1	0	2	1	1	6	12	20	15	5	3	4	2	0	4	0	2	4	4	4	3	8	5	20	12	2	3	3	6	11	6	5	0	1	6	3	2	3	4	2	1	6	3	6	2	1	0	2	0	1	4	4	0	2	2	1	3	1	0	3	1	1	0	0	3	0	3	4	0	1	2	0	0	0	1	1	2	1	3	0	2	4	3	1	4	6	1	1	2	0	6	3	2	4	4	1	4	1	1	2	5	3	5	3	3	0	0	3	2	0	2	4	2	3	3	0	1	1	0	3	2	3	3	1	2	0	1	3	4	0	1	2	1	3	3	1	3	3	2	1	1	2	20	21	5	13	14	4	1	1	2	3	1	6	9	21	19	35	9	5	12	0	6	12	9	3	2	0	1	2	3	3	3	1	3	3	1	2	2	1	1	2	0	3	0	0
0	0	0	0	0	0	0	0	0	1	0	0	0	0	0	1	0	1	1	1	0	1	0	0	0	0	0	0	0	0	1	0	0	0	0	2	1	0	0	0	0	0	0	0	1	0	2	0	0	0	1	1	0	1	1	0	0	1	0	0	1	0	0	1	0	0	1	0	0	0	0	0	0	0	0	0	0	0	0	1	0	0	0	1	0	0	0	0	1	0	0	1	2	0	1	2	1	0	0	0	0	0	0	0	2	0	0	0	0	1	0	0	0	0	0	0	0	0	0	0	2	0	3	1	2	1	0	1	1	0	0	0	0	0	0	0	0	1	1	0	0	0	0	0	0	3	0	1	0	0	0	0	0	2	1	1	0	1	0	0	1	0	2	1	2	2	1	1	1	1	1	0	0	0	0	0	0	0	0	1	0	1	0	0	1	1	1	0	0	0	2	0	3	2	0	1	1	3	1	0	1	1	1	0	1	2	1	1	0	0	1	2	0	1	1	0	2	0	0	0	0	0	0	0	0	1	1	0	1	0	0	2	1	0	1	1	0	2	0	1	1	1	0	1	0	0	1	0	11	4	8	0	3	3	1	6	4	3	4	1	5	3	0	5	3	5	21	8	3	4	2	2	5	5	1	0	2	5	0	3	0	1	2	1	2	5	0	0	2	1	0	1	5	0	2	0	0	5	2	2	1	1	2	1	0	1	1	0	2	0	1	0	0	0	0	1	0	0	1	0	0	2	6	5	6	13	8	8	4	4	2	0	4	4	1	6	5	6	8	5	6	8	10	7	3	4	3	1	1	1	2	1	3	0	4	2	2	0	1	0	1	0	3	5	3	2	6	2	3	0	0	1	1	1	0	1	1	0	2	1	3	1	6	9	25	8	4	4	13	20	5	2	2	1	1	10	5	6	3	3	1	2	3	6	0	53	20	20	19	4	3	3	14	20	6	3	8	4	7	6	9	5	2	1	6	9	0	0
0	0	0	0	0	0	0	0	0	0	1	0	0	0	1	1	0	0	0	0	0	1	0	0	1	0	0	0	2	1	3	0	0	1	0	0	0	1	0	0	1	0	0	0	0	0	0	0	0	0	0	0	0	0	0	0	1	1	0	0	0	0	0	0	0	0	0	0	0	0	0	0	0	0	0	0	0	0	1	0	2	0	0	0	1	0	0	0	0	0	0	0	0	0	0	0	0	0	0	1	0	0	0	0	0	1	0	1	1	0	0	0	2	0	0	0	0	1	0	0	1	0	1	0	0	0	0	1	0	1	0	2	1	0	0	0	0	1	1	0	1	1	0	0	0	1	1	0	0	0	0	0	1	0	0	1	0	0	0	0	0	0	1	0	1	0	0	2	0	1	0	0	0	0	0	0	1	0	1	1	1	0	0	0	0	2	0	1	0	1	0	3	1	0	2	2	1	5	1	1	0	1	0	3	0	0	0	0	0	0	1	2	1	1	1	2	0	0	0	0	0	0	1	0	0	0	1	0	1	0	1	0	0	0	1	1	1	0	1	1	1	3	0	0	0	3	0	0	3	2	5	3	1	1	2	1	2	2	3	1	4	4	5	6	10	4	10	1	0	1	1	2	5	1	1	1	3	2	0	0	1	2	2	2	2	3	0	0	1	0	0	1	4	0	1	0	1	0	3	4	1	2	1	1	0	1	2	1	1	0	1	0	0	2	1	0	1	0	0	0	0	3	4	7	4	5	3	3	2	1	1	1	2	4	1	1	4	4	2	2	2	2	2	2	8	0	0	2	1	3	0	2	0	1	4	0	1	1	1	1	0	1	0	4	0	1	0	1	1	4	1	0	0	0	1	1	0	2	2	1	3	3	3	11	20	9	5	5	3	7	7	1	2	3	3	9	11	15	9	11	4	0	2	12	53	0	7	11	16	7	2	12	49	26	6	3	8	3	4	5	4	2	5	5	5	2	0	0
0	0	0	0	0	0	0	0	0	0	0	0	1	0	1	0	0	1	0	0	0	0	0	0	1	0	0	0	0	0	0	0	0	0	1	1	0	0	1	0	0	0	0	0	0	3	0	0	0	1	0	0	1	1	0	0	1	0	0	0	0	1	0	0	0	1	1	0	0	0	0	0	1	0	0	0	0	1	1	0	0	0	1	0	0	0	0	0	0	0	0	0	0	0	0	1	0	1	2	0	0	0	2	0	0	0	0	0	0	1	0	0	0	0	1	0	0	2	0	0	0	0	0	1	1	2	0	0	1	1	0	0	0	1	0	2	0	0	0	1	0	0	1	0	0	1	1	0	0	0	1	1	0	3	1	0	0	0	0	0	0	0	0	0	0	0	1	1	0	0	0	0	0	0	0	1	0	0	0	0	0	0	1	0	1	1	0	1	1	2	0	1	2	0	0	0	1	1	2	1	2	1	1	0	0	2	1	1	0	0	1	0	0	0	1	1	0	0	1	0	0	1	0	0	0	0	0	1	0	0	1	0	1	1	0	0	1	0	0	0	2	0	0	1	0	1	0	0	3	2	0	1	1	2	0	2	0	3	4	4	5	2	1	3	5	1	8	3	1	6	3	1	1	5	1	0	1	2	0	0	2	1	1	0	1	0	0	2	3	2	1	3	2	0	1	1	1	1	0	0	0	4	1	1	0	0	0	0	3	2	1	0	1	0	0	0	1	0	1	1	3	1	6	29	19	18	8	3	0	2	1	2	1	3	5	2	2	9	15	9	14	6	7	4	6	0	1	1	0	0	1	2	2	1	4	1	2	0	1	0	1	1	1	6	2	2	2	2	2	3	2	1	0	1	1	1	1	2	2	1	1	1	3	5	10	4	4	1	5	9	12	2	3	2	2	3	2	3	5	3	0	1	1	9	20	7	0	574	136	9	5	8	13	54	7	9	7	3	3	6	9	17	10	6	5	20	0	0
0	0	0	0	0	0	0	0	0	0	0	0	0	1	0	0	0	0	0	0	0	0	0	0	1	1	0	0	1	0	0	0	0	0	0	1	1	0	0	0	0	0	0	0	0	0	0	1	1	1	0	0	0	0	0	0	0	0	0	0	0	0	0	0	0	0	0	1	0	0	0	0	0	1	1	0	1	0	0	0	0	0	0	0	0	0	1	0	1	1	0	0	0	1	2	0	0	0	1	0	0	0	0	0	0	0	0	0	0	1	0	1	0	0	0	1	0	0	0	0	0	1	0	1	1	1	0	0	0	1	1	0	0	2	1	0	0	0	2	0	0	0	1	0	1	0	0	0	0	0	0	0	1	2	1	0	1	0	0	0	0	2	1	0	0	0	2	1	0	0	0	0	1	0	1	0	0	0	0	0	0	1	0	0	0	0	0	0	1	2	0	0	0	2	2	0	3	0	0	1	2	0	0	2	0	1	0	1	0	1	2	1	1	1	0	0	0	1	1	0	1	0	1	1	1	0	0	0	0	0	1	1	1	0	0	1	1	2	1	1	0	1	0	2	0	2	0	4	1	1	2	1	1	2	1	4	2	3	0	4	4	4	3	2	1	5	7	6	4	1	2	4	0	2	1	0	1	0	1	1	2	3	1	1	4	3	0	0	0	2	0	1	2	2	1	2	4	1	1	1	0	0	0	0	2	0	1	0	1	0	1	1	0	1	1	0	0	1	1	1	2	2	10	8	22	15	7	1	2	3	1	4	0	3	7	3	2	15	16	7	7	10	6	1	4	1	2	0	2	2	8	4	3	3	2	2	2	1	0	0	0	2	1	3	2	1	2	2	3	2	1	1	3	1	1	1	5	2	2	0	1	1	6	5	13	5	5	1	4	8	5	3	1	3	3	7	7	2	2	1	2	0	0	3	20	11	574	0	135	12	14	8	18	42	5	6	5	3	7	8	7	10	9	11	6	15	0	0
0	0	0	0	0	0	0	0	0	0	0	0	0	1	0	1	0	0	0	0	2	1	2	1	2	0	0	1	0	1	0	1	2	1	0	1	0	0	1	0	0	1	1	0	1	0	2	0	0	1	2	0	1	1	0	0	1	1	0	0	0	0	0	0	1	0	0	0	0	0	0	0	0	0	0	0	0	0	1	0	0	0	0	0	0	0	0	0	1	1	0	0	0	1	0	0	0	0	0	0	0	0	0	0	0	0	2	1	0	0	0	0	0	0	0	0	0	0	1	0	1	1	1	0	0	1	0	0	1	1	0	0	0	1	0	0	0	0	1	0	0	0	0	1	0	0	0	0	1	0	0	1	1	0	2	0	2	0	0	0	0	1	0	0	0	1	0	1	2	0	1	0	1	0	0	0	1	0	0	1	0	0	2	0	0	1	0	1	0	1	1	1	2	3	0	2	0	0	1	1	1	1	0	2	1	3	0	0	0	0	0	0	1	0	1	1	0	0	0	0	0	0	0	0	1	0	0	0	0	0	0	0	1	0	1	1	1	0	0	0	2	0	0	2	0	1	0	1	1	2	3	1	1	1	1	1	2	2	2	4	2	6	3	1	3	1	6	3	1	0	2	4	1	2	1	0	2	0	0	0	0	2	1	1	4	1	5	1	0	0	0	0	3	2	2	0	1	0	0	0	0	1	1	0	0	0	0	0	1	2	1	2	0	0	0	0	0	3	1	3	0	1	8	13	8	10	4	0	1	2	1	3	0	3	1	6	2	4	7	5	8	3	3	1	2	0	2	0	1	2	4	0	1	3	3	1	3	1	0	0	1	0	4	0	1	1	1	3	1	0	1	0	1	0	0	0	2	2	2	3	4	1	2	15	7	6	7	1	5	9	4	3	4	2	2	13	9	1	2	2	3	1	2	2	19	16	136	135	0	21	12	19	31	48	12	8	3	4	1	4	8	17	13	13	8	14	0	0
0	0	0	0	0	0	0	0	0	0	0	0	0	0	0	1	0	0	0	0	0	0	1	0	0	0	1	1	0	1	0	0	0	1	0	0	0	0	0	0	0	0	0	1	1	1	0	0	0	0	1	0	0	0	1	0	0	0	0	0	0	1	0	0	0	0	0	0	0	0	0	0	0	0	0	0	0	0	0	0	0	0	1	1	0	0	0	0	0	0	0	0	0	0	0	0	1	0	0	0	0	0	0	0	0	0	0	0	0	1	0	0	0	1	0	0	0	1	0	0	2	0	0	0	0	0	0	0	0	0	1	0	0	0	0	0	0	1	0	1	0	0	0	1	2	0	0	0	0	0	0	0	1	0	0	1	1	0	0	0	0	0	0	0	0	0	0	0	0	1	0	1	1	0	0	1	0	1	0	0	0	0	0	0	1	0	1	0	0	0	1	0	1	1	2	0	1	0	2	2	2	0	1	3	0	1	1	1	0	2	0	0	1	1	0	0	0	0	0	2	1	1	0	0	1	0	0	0	0	0	1	1	0	0	0	1	0	0	1	1	0	0	0	1	1	1	1	0	2	1	2	1	2	1	1	1	2	2	0	2	1	1	1	0	3	3	2	2	0	1	0	0	2	3	2	1	0	0	0	2	0	1	0	2	1	3	2	1	0	1	1	1	2	0	0	1	0	2	4	1	2	2	1	0	1	0	1	0	2	0	0	0	0	1	0	0	0	0	2	2	1	0	8	12	6	5	1	1	2	2	1	0	2	2	1	1	1	3	3	6	0	2	2	1	1	1	0	1	4	1	2	2	1	0	1	0	0	1	0	0	1	0	0	1	1	2	1	3	0	0	0	2	0	0	0	1	2	2	1	1	0	1	4	6	5	5	1	2	1	3	8	5	3	1	4	4	2	8	3	3	2	0	1	0	4	7	9	12	21	0	116	22	19	5	4	2	5	5	4	4	4	14	40	31	10	8	0	0
0	0	0	0	0	0	0	0	0	0	1	0	0	0	1	0	0	1	0	0	0	0	0	0	0	0	1	0	0	0	1	0	0	2	1	0	1	1	0	0	0	0	0	0	0	1	0	0	0	1	0	0	0	0	0	0	1	0	0	1	0	0	0	0	0	0	0	0	0	0	0	0	0	0	1	0	0	0	0	0	0	0	0	1	0	0	0	0	0	0	1	0	0	0	0	0	1	1	1	0	0	0	0	0	0	1	1	0	0	0	0	0	1	0	0	0	1	0	1	0	0	0	1	0	0	0	0	2	0	1	0	0	0	0	0	0	1	0	1	0	0	1	1	0	0	1	0	1	3	1	1	0	1	0	0	0	1	0	0	1	0	0	0	1	0	0	0	0	0	1	0	0	1	0	0	0	0	0	0	0	0	1	0	0	0	0	0	1	0	0	0	0	1	2	2	2	1	0	0	0	0	1	1	0	0	1	0	0	0	0	0	1	0	0	0	1	0	1	0	0	1	1	0	0	0	0	0	1	1	1	0	0	1	0	0	0	1	0	1	0	0	0	0	1	0	0	1	1	1	2	2	4	1	1	0	0	1	2	3	2	4	4	1	2	2	1	2	2	1	1	1	1	1	1	2	1	1	0	1	0	1	2	0	1	1	0	2	1	0	0	1	2	0	0	1	1	0	0	1	2	1	1	0	1	0	0	1	1	2	0	0	0	0	0	1	1	0	1	0	1	2	4	7	13	3	3	2	1	0	2	0	0	2	2	3	1	4	1	0	2	0	2	3	4	3	0	0	1	0	1	4	2	1	2	1	3	0	0	2	1	1	0	0	1	2	1	0	1	1	1	0	0	1	0	1	0	1	1	0	0	1	1	2	3	8	3	4	2	3	6	5	5	6	1	1	3	2	4	1	2	0	0	0	1	3	2	5	14	12	116	0	33	7	7	5	2	2	0	1	1	2	13	16	23	15	11	0	0
0	0	0	0	0	0	0	0	0	0	0	0	1	0	0	0	0	0	0	1	0	0	1	1	0	0	0	0	0	0	0	0	1	1	1	0	0	1	0	0	0	1	0	0	1	0	1	1	1	0	1	2	0	0	0	0	0	0	0	0	1	1	0	0	0	0	0	0	0	3	0	0	0	0	0	0	0	0	0	0	0	0	0	0	0	0	0	0	0	0	0	0	1	0	0	0	0	0	0	0	0	0	0	0	0	0	1	0	0	0	0	1	0	1	1	0	0	1	0	0	1	0	0	0	0	1	0	0	0	0	0	1	0	0	0	1	0	1	0	0	0	0	0	0	0	2	1	0	1	1	0	1	0	1	0	1	1	0	0	0	0	1	0	1	0	1	1	0	0	0	2	0	0	1	0	0	0	0	0	0	0	1	1	0	0	0	0	1	0	0	2	2	1	0	1	0	2	0	0	1	1	0	0	0	1	1	1	4	0	1	0	1	0	1	0	1	0	0	0	0	0	0	0	1	1	0	0	0	1	0	1	0	0	1	1	1	0	0	1	0	0	2	0	0	1	0	1	1	2	2	3	0	1	2	2	1	0	2	1	0	0	2	2	1	1	1	3	1	2	0	0	1	0	2	0	0	2	1	2	1	0	1	0	0	0	2	4	2	1	0	0	1	2	1	0	0	0	0	2	1	0	2	1	1	1	0	1	1	3	1	0	0	0	0	0	0	0	0	0	2	1	4	2	7	4	5	3	1	1	1	2	0	0	1	0	3	1	2	2	2	3	5	4	3	0	0	1	0	0	0	2	3	5	2	1	0	0	1	0	1	1	1	3	2	1	1	1	1	0	0	0	1	0	0	0	1	3	1	3	1	0	2	3	3	3	3	5	3	4	3	1	1	0	1	2	3	4	2	1	2	1	2	2	2	3	12	8	8	19	22	33	0	29	8	3	3	3	1	2	1	1	7	11	9	6	6	0	0
0	0	0	0	0	0	0	0	0	2	0	1	0	1	0	1	0	0	0	4	0	0	0	0	2	1	0	0	1	0	0	0	1	0	0	1	0	0	0	0	0	0	1	2	0	0	0	0	0	0	1	0	0	0	1	0	0	0	0	0	0	0	0	0	0	0	0	0	0	0	0	0	0	0	0	0	0	0	1	0	0	0	0	1	0	0	0	0	0	0	0	1	0	1	0	1	0	1	0	1	0	0	0	0	0	0	1	0	0	1	0	0	1	0	0	0	1	0	0	0	0	0	1	1	1	0	0	0	1	2	0	0	1	1	0	0	1	0	0	0	0	1	0	0	0	1	0	1	1	2	0	3	1	0	0	1	3	0	0	0	0	0	0	2	2	0	1	0	1	0	0	0	2	0	0	1	2	0	0	0	0	0	0	0	0	0	0	0	1	1	1	2	3	0	1	1	1	2	1	0	0	2	0	0	0	1	0	0	1	0	0	1	1	0	1	0	0	0	1	0	0	1	0	0	0	0	1	0	0	0	0	0	1	0	0	2	1	0	0	0	1	1	2	1	2	2	1	1	4	2	0	1	1	1	0	3	1	0	1	1	4	2	1	4	2	5	2	1	0	1	1	1	2	2	0	1	1	1	2	0	1	0	0	1	2	1	1	1	0	1	0	2	3	4	2	3	1	0	0	2	2	2	1	0	3	0	0	4	1	1	0	0	1	1	0	1	0	1	1	0	1	3	10	5	6	7	1	3	0	1	0	3	3	3	2	1	2	4	3	2	4	4	1	1	1	0	1	3	1	4	1	0	0	2	2	2	2	1	1	1	1	0	2	0	1	1	0	4	1	1	1	0	0	1	0	1	0	1	1	4	0	2	8	15	6	6	4	5	5	4	1	2	0	3	1	8	5	4	4	5	2	1	3	3	14	49	13	18	31	19	7	29	0	31	25	2	3	2	4	3	2	6	12	4	4	5	0	0
0	0	0	0	0	0	0	0	0	0	2	0	1	0	0	0	0	1	0	2	0	0	1	1	0	1	0	0	1	1	0	0	0	1	0	1	0	0	0	0	0	0	0	2	0	2	0	0	0	0	2	0	1	0	2	0	0	0	0	0	0	0	0	0	0	0	0	0	0	0	0	1	0	0	0	0	0	0	0	0	1	0	0	0	0	0	0	0	0	0	0	0	0	0	0	0	0	0	1	0	0	0	0	0	0	0	0	0	1	0	0	0	0	0	0	1	1	1	0	0	0	0	1	0	0	2	1	1	1	1	0	0	2	0	0	0	0	0	0	0	0	1	0	1	0	1	1	0	0	0	0	0	1	0	0	1	0	0	2	0	1	0	0	0	1	2	0	0	0	0	0	0	0	0	0	0	0	1	0	0	0	0	0	0	0	0	0	1	1	0	2	3	4	0	1	1	2	0	2	0	3	0	1	0	1	1	0	0	0	0	1	0	0	1	1	1	0	0	0	0	0	0	0	2	0	0	0	1	0	1	0	0	0	0	1	2	0	0	2	2	3	3	0	2	1	2	1	3	1	1	5	0	2	0	2	4	5	1	2	6	2	3	2	5	2	1	5	3	3	1	1	2	1	1	3	2	2	1	2	1	1	1	1	0	3	3	2	2	0	1	0	3	3	1	2	4	3	1	1	1	2	0	3	1	3	0	0	0	0	0	3	0	0	1	3	1	0	1	2	2	2	3	13	11	11	16	7	5	2	2	5	4	2	5	1	3	7	13	11	2	9	7	4	5	1	0	1	1	0	1	1	2	2	2	1	2	1	1	0	0	0	0	2	4	1	2	0	1	1	1	1	2	0	0	2	6	2	4	4	5	4	4	1	22	14	8	5	8	8	2	5	1	1	0	5	6	4	2	3	1	1	1	5	3	20	26	54	42	48	5	7	8	31	0	25	8	12	8	9	7	14	20	15	10	5	5	0	0
0	0	0	0	0	0	0	0	0	0	0	0	0	0	0	0	0	0	0	0	0	0	0	2	1	2	0	0	0	0	1	0	0	0	0	0	1	0	0	0	0	0	0	0	0	1	0	0	0	1	6	0	1	0	0	1	0	0	0	0	1	3	3	0	0	0	1	0	0	0	0	0	0	0	0	0	0	0	0	0	0	1	0	0	0	0	0	0	0	0	0	1	0	1	0	0	0	1	0	2	0	0	0	0	0	0	1	0	0	0	0	0	1	0	1	0	0	0	0	1	0	1	1	1	0	1	0	0	0	0	1	0	0	2	0	1	1	1	0	0	1	1	0	1	0	0	0	0	0	1	1	0	0	0	0	2	0	0	0	0	0	2	0	1	0	2	0	0	1	1	1	0	0	1	0	0	0	0	0	1	0	0	1	0	0	0	0	0	0	1	0	1	1	3	2	2	2	1	0	0	0	3	0	2	3	1	0	0	0	0	0	2	0	1	1	0	0	0	0	3	0	1	0	0	1	3	0	0	0	2	0	1	1	1	1	0	1	2	1	2	2	1	0	1	0	0	2	1	0	2	1	1	3	1	1	3	0	0	0	0	2	0	0	0	1	2	5	2	1	0	2	0	0	1	5	3	0	1	1	0	0	0	1	0	1	2	0	1	2	3	0	2	3	2	0	2	1	1	1	0	1	3	2	2	2	1	0	1	2	0	0	1	2	1	0	1	2	3	1	3	4	12	31	9	8	6	9	7	2	3	2	1	2	2	3	4	4	9	10	3	3	2	3	1	2	1	1	1	1	1	4	1	1	1	0	0	0	2	1	0	2	3	1	2	1	0	1	0	0	1	1	1	0	1	0	0	2	1	2	3	3	3	12	33	11	5	7	3	8	4	1	2	1	0	1	2	5	1	2	1	1	0	0	3	6	6	7	5	12	4	5	3	25	25	0	34	15	24	9	6	10	49	11	7	2	4	0	0
0	0	0	0	0	0	0	0	0	0	0	0	0	0	1	0	0	0	0	0	0	1	0	1	2	0	0	0	2	1	0	0	0	1	1	0	1	1	0	1	0	0	0	0	1	0	0	0	0	0	0	0	0	0	0	0	1	0	0	0	0	0	0	1	0	0	0	0	0	0	1	0	0	0	2	0	1	0	0	0	0	0	0	0	0	0	0	0	0	0	0	0	0	0	0	0	1	1	1	0	0	1	0	0	0	0	0	0	1	1	0	0	1	0	0	0	0	0	0	1	1	1	1	0	0	0	0	2	3	0	1	1	0	1	0	0	0	0	0	0	0	0	0	0	0	0	1	0	2	3	1	0	1	1	0	0	1	1	0	0	0	0	0	1	1	0	1	0	0	0	0	0	0	0	1	1	0	0	0	1	0	1	0	0	1	0	0	0	0	0	0	1	3	0	0	1	1	1	1	1	2	2	0	3	1	0	3	1	0	0	0	3	0	1	0	0	0	1	1	0	0	0	1	1	1	0	1	1	0	0	0	0	0	1	2	3	0	0	0	0	0	0	1	3	0	1	0	1	0	0	1	2	1	3	2	1	3	3	0	0	2	1	2	0	2	1	0	4	2	1	0	1	3	1	0	2	0	2	0	0	1	0	0	1	2	1	3	3	2	1	1	1	5	2	2	1	3	1	3	0	4	3	1	1	1	0	2	2	0	1	0	2	2	1	1	2	3	3	1	4	5	17	11	7	3	7	8	19	11	10	2	2	4	3	0	2	3	4	6	2	0	0	0	6	1	0	1	0	0	1	1	2	0	0	2	3	2	2	0	1	2	1	0	1	3	3	1	0	3	1	3	2	4	1	2	1	1	4	5	2	0	3	9	13	4	7	5	4	3	2	0	2	1	1	1	3	1	0	2	1	0	0	2	1	3	3	9	6	8	2	2	3	2	8	34	0	83	81	21	19	11	14	7	6	3	1	0	0
0	0	0	0	0	0	0	0	1	0	0	0	0	1	0	0	0	0	0	0	0	0	1	0	1	1	0	1	0	1	1	0	0	0	0	1	0	1	0	0	1	0	2	0	0	1	0	1	0	2	2	1	1	1	2	0	0	1	0	0	0	0	0	0	0	0	0	0	1	0	0	0	0	0	1	0	0	0	0	0	0	0	1	0	0	1	0	0	0	0	0	1	0	0	0	0	0	0	1	0	0	0	0	1	0	0	0	0	1	0	0	0	2	0	0	0	0	1	0	0	0	0	0	1	1	0	0	1	0	0	2	1	1	0	1	0	0	0	1	1	0	0	1	1	0	2	1	0	1	1	1	0	0	0	1	0	0	1	1	0	0	2	4	1	1	0	0	1	1	0	0	0	0	0	1	0	2	1	0	0	0	0	0	0	0	1	0	0	0	2	2	0	1	1	0	1	0	1	1	0	1	1	1	2	1	3	0	0	2	1	0	1	2	1	0	0	0	1	0	0	3	0	0	0	1	2	1	0	0	0	2	2	0	3	0	3	0	0	0	1	0	0	1	0	1	1	1	1	2	2	1	1	2	1	0	3	0	0	2	2	3	3	1	3	1	3	5	3	1	3	3	2	1	4	1	2	3	1	0	0	0	1	1	1	4	4	2	4	2	3	2	2	4	1	1	5	3	2	1	1	1	5	0	0	2	2	1	1	5	2	1	1	1	1	2	1	2	1	3	2	6	11	9	7	5	14	9	32	12	9	5	3	1	5	1	5	5	10	14	3	2	3	1	1	5	0	1	2	1	1	3	1	2	0	3	1	0	0	0	0	0	3	1	1	2	4	0	5	0	0	4	2	1	0	1	4	3	4	6	6	7	4	8	34	6	6	8	3	6	2	2	0	2	1	2	2	1	4	2	0	1	1	1	3	8	8	7	5	3	5	2	3	3	12	15	83	0	75	47	37	40	14	6	2	4	2	0	0
0	0	0	0	0	0	0	0	1	0	0	0	0	1	0	2	1	0	0	1	0	0	0	1	0	0	0	0	0	1	0	1	1	0	1	1	0	0	1	0	0	0	1	0	0	0	0	0	2	0	1	0	0	0	0	0	0	0	1	1	0	0	0	0	0	0	0	1	0	0	0	1	0	0	0	0	0	0	0	0	0	0	0	1	1	0	0	0	0	0	0	0	0	0	0	1	0	0	0	0	0	0	0	0	0	0	0	0	0	0	0	0	0	0	0	0	0	1	0	0	0	2	1	2	1	0	0	2	2	0	1	0	0	1	1	0	1	0	0	0	0	1	0	0	0	1	0	1	0	2	1	1	1	0	0	1	1	0	0	0	0	1	1	0	0	0	0	0	0	0	1	0	0	1	0	1	2	0	0	1	0	0	0	1	0	1	0	2	1	1	1	0	2	3	3	1	1	3	1	1	0	1	1	2	1	2	1	1	2	0	1	3	1	0	2	0	0	0	0	1	0	1	1	0	0	0	0	1	0	1	1	2	1	1	3	0	1	1	1	0	0	0	0	2	0	0	0	1	3	0	4	3	1	0	1	5	1	3	1	0	1	2	0	3	0	2	1	0	2	0	1	2	0	3	4	1	4	0	1	0	4	0	0	2	1	3	2	3	2	2	1	3	3	1	1	3	1	2	4	2	3	3	0	0	0	1	0	1	3	4	0	0	1	1	1	1	2	1	5	5	6	14	11	4	2	10	10	15	16	4	1	4	4	1	1	2	4	8	9	2	1	2	1	0	1	0	0	0	0	1	0	1	1	1	1	1	1	0	0	0	1	1	0	0	0	0	1	1	1	4	2	3	3	0	1	5	4	9	9	13	5	4	30	29	2	10	10	4	6	1	2	1	1	0	0	0	4	1	8	1	2	1	0	3	4	3	3	3	4	5	0	1	2	8	24	81	75	0	56	15	13	8	3	6	3	1	0	0
0	0	0	0	0	0	0	0	0	0	0	1	0	0	0	0	0	2	0	1	1	0	1	1	2	2	0	0	1	0	1	2	0	1	1	0	0	0	1	0	1	0	0	0	0	0	0	0	1	2	2	2	0	1	1	0	0	0	0	1	0	1	1	0	1	1	1	0	0	0	0	0	0	1	0	0	0	0	0	0	1	0	0	0	1	0	1	0	0	0	0	0	0	1	0	0	0	0	0	1	0	1	0	0	0	0	1	0	1	1	0	0	0	1	1	0	0	1	2	0	1	0	1	0	2	0	0	0	1	4	2	1	4	0	1	2	1	0	0	0	0	0	0	1	0	0	1	1	0	0	0	1	1	0	2	0	0	0	1	0	0	0	0	0	2	0	0	0	1	0	0	1	0	0	0	0	0	0	0	0	0	0	2	0	1	0	1	0	2	0	0	1	3	6	0	0	2	2	0	0	2	1	3	2	3	3	1	1	3	0	2	0	1	1	0	1	0	0	1	0	0	0	1	0	1	2	0	0	0	0	0	0	1	0	1	0	0	0	2	2	1	2	3	0	0	0	1	2	2	3	2	3	3	3	2	1	2	1	0	0	2	0	2	1	0	0	2	1	2	0	1	1	1	2	1	4	2	1	1	0	1	1	0	0	4	5	9	4	2	6	4	2	12	4	1	7	5	6	4	3	3	1	1	3	1	1	0	2	4	0	1	0	0	3	0	3	1	1	5	2	7	4	8	2	3	4	6	24	20	7	4	5	4	2	2	2	8	4	3	2	4	2	0	2	2	3	0	1	0	0	3	0	2	1	0	1	3	3	0	0	0	3	2	2	4	1	0	3	1	6	2	3	2	4	0	3	7	16	17	9	8	11	9	24	11	11	15	10	2	1	1	1	0	0	1	0	1	1	2	2	1	1	2	1	7	4	3	7	1	4	1	2	4	9	9	21	47	56	0	16	16	8	5	3	3	2	0	0
0	0	0	0	0	0	0	0	0	1	0	0	0	0	0	0	2	0	3	0	1	3	0	0	2	0	1	0	0	1	0	0	0	1	0	0	0	0	0	0	0	0	0	1	0	0	1	1	0	0	0	0	0	1	0	0	0	1	0	0	0	0	1	0	0	0	0	0	0	0	0	0	0	0	0	0	0	0	0	0	1	1	0	0	0	0	0	0	0	0	0	0	0	1	0	0	0	0	1	0	1	0	0	0	0	1	0	1	0	0	0	0	0	0	0	0	0	0	0	0	0	0	1	2	0	1	0	0	0	0	1	0	2	2	1	1	0	0	1	0	0	0	0	0	2	0	0	0	1	3	1	0	0	1	0	0	0	0	0	1	0	1	0	0	0	0	2	0	0	0	0	0	0	0	1	0	0	0	1	0	1	0	1	0	0	0	1	0	0	1	2	3	1	2	1	3	1	1	1	1	0	0	2	3	0	2	1	1	0	1	1	1	1	2	2	2	0	0	3	2	0	2	1	1	0	0	2	1	1	1	0	2	0	2	0	2	0	2	1	1	2	0	1	0	1	0	3	1	1	0	4	2	2	2	1	0	1	0	1	3	2	4	5	2	1	1	4	2	0	4	0	4	3	3	4	2	3	0	1	0	0	1	1	4	0	6	4	4	1	2	2	6	10	3	2	2	0	3	8	0	5	6	3	4	1	1	0	1	0	2	0	2	1	1	1	0	0	2	2	1	4	5	10	3	15	20	38	148	23	21	9	5	6	9	5	8	6	16	20	6	4	0	0	2	1	0	2	3	0	0	2	1	2	1	2	1	0	0	0	2	1	0	2	3	2	1	1	1	1	4	0	1	4	6	0	6	7	10	10	4	8	6	3	16	4	8	7	7	2	5	2	1	2	1	1	1	1	0	2	1	1	1	1	2	6	5	6	8	4	4	1	1	3	7	6	19	37	15	16	0	63	7	5	4	3	4	0	0
0	0	0	0	0	0	0	0	0	2	0	0	0	0	0	0	0	1	0	0	2	0	0	1	2	1	0	0	1	0	1	0	0	0	0	2	0	0	0	0	0	0	0	2	0	0	0	0	0	1	0	0	0	0	0	0	1	0	0	0	0	1	0	0	0	0	1	0	0	0	0	0	0	0	1	0	0	0	0	0	0	0	0	0	0	0	0	1	1	0	1	0	0	0	0	0	1	0	0	0	1	0	0	0	0	0	0	0	0	0	0	1	1	0	0	0	1	0	0	0	1	0	0	1	2	0	0	0	0	1	0	1	0	0	0	1	1	1	0	1	0	0	1	0	1	0	0	0	0	0	1	3	0	2	1	0	1	0	1	1	0	3	0	1	0	0	0	0	0	0	1	0	1	0	0	0	1	1	1	1	0	0	0	1	0	0	0	1	1	0	1	2	3	1	2	1	4	3	2	3	0	1	2	5	2	2	3	0	2	0	0	1	2	2	1	1	1	1	2	0	2	0	1	2	0	1	1	2	0	0	1	0	0	1	0	1	2	0	1	0	1	0	3	1	2	1	0	2	3	3	2	2	1	4	0	0	3	1	0	3	1	3	1	4	4	4	3	3	4	3	4	3	0	5	5	1	0	2	2	2	2	0	1	4	4	2	3	2	2	1	2	5	8	2	2	1	2	1	4	1	3	1	4	0	1	2	3	2	2	2	1	2	1	0	0	2	1	0	1	2	0	3	7	5	12	62	16	25	6	10	3	2	7	10	4	7	10	36	22	11	2	4	4	2	0	1	1	0	1	1	4	1	0	2	3	1	2	0	0	0	0	1	1	2	2	3	3	2	2	1	8	2	5	4	1	1	10	4	8	3	6	3	2	6	17	7	14	3	10	2	6	2	2	1	2	0	9	1	2	2	1	1	1	2	9	4	9	7	8	4	2	1	2	14	10	11	40	13	16	63	0	4	4	3	0	1	0	0
0	0	0	0	0	0	0	0	1	1	0	0	0	0	0	1	0	0	0	1	0	0	1	0	0	0	0	0	0	0	0	0	0	0	1	0	0	0	0	1	0	1	0	0	0	1	0	0	0	0	1	1	1	0	0	1	0	0	0	0	0	0	0	0	1	0	0	0	0	0	0	0	0	0	0	0	0	0	0	0	0	0	0	0	0	1	0	0	0	0	0	0	0	0	1	0	0	0	0	0	0	0	1	1	0	0	0	0	0	0	0	0	1	0	0	0	0	0	0	0	0	0	0	0	0	0	0	0	0	0	0	0	0	0	0	1	0	0	1	1	0	0	0	0	0	0	1	0	0	1	0	1	1	0	2	0	0	1	0	0	0	0	2	0	0	0	0	2	0	0	0	0	0	0	0	1	0	0	0	0	0	0	0	0	0	1	0	0	2	0	1	0	2	0	2	0	0	0	0	0	1	1	0	0	0	1	1	0	0	1	1	0	0	0	0	1	1	1	0	0	0	0	0	0	0	1	0	0	0	0	0	0	0	0	2	1	0	1	2	0	1	1	2	0	1	2	1	1	1	2	5	3	0	0	0	2	1	0	1	0	2	2	2	3	1	1	1	2	0	2	1	0	1	1	2	1	1	0	2	3	1	0	1	0	2	0	3	1	0	1	1	0	5	2	1	1	1	0	1	0	0	1	0	0	0	0	1	1	1	2	1	0	0	1	2	1	1	1	1	2	2	9	128	24	11	10	2	2	7	1	0	2	2	0	0	0	3	4	10	7	5	2	2	3	4	1	2	5	0	3	3	1	1	0	3	1	1	1	0	0	1	0	1	3	2	1	0	1	0	2	1	0	1	0	1	1	2	2	2	1	0	3	4	9	5	4	1	2	1	0	1	4	1	1	2	2	0	2	0	2	1	0	0	1	5	2	17	10	17	14	13	7	6	20	49	14	14	8	8	7	4	0	57	12	2	5	0	0
0	0	0	0	0	0	0	0	0	0	0	0	0	2	1	0	0	0	0	0	0	0	0	1	1	0	0	0	0	0	0	0	2	0	1	0	0	0	0	1	0	0	2	0	0	1	1	0	1	0	0	0	0	0	1	2	1	0	0	0	1	0	0	0	0	0	1	0	0	0	0	1	0	0	0	0	0	0	0	0	0	0	0	0	0	0	1	0	0	0	0	0	0	0	0	0	0	0	0	0	0	0	0	0	1	0	0	0	0	0	0	0	0	0	0	0	0	0	1	0	0	0	1	0	1	2	0	0	0	2	0	0	1	0	0	0	0	0	0	0	1	0	0	0	0	1	1	1	0	0	2	1	0	1	0	0	0	0	1	0	0	0	1	1	2	1	1	0	0	0	0	0	0	0	0	0	0	0	0	1	0	1	1	0	0	1	0	1	0	1	0	0	1	2	1	0	1	0	1	1	1	0	0	0	1	0	2	1	2	0	2	1	0	1	1	1	0	0	0	0	0	1	1	0	0	0	0	0	0	0	0	0	0	0	0	0	0	1	0	0	0	1	0	1	0	0	0	0	2	0	2	1	1	1	0	1	0	2	2	2	1	0	1	0	1	2	3	2	2	1	0	0	0	0	0	1	1	1	2	1	0	2	2	0	1	0	1	1	0	1	2	1	1	4	0	0	2	0	1	2	1	2	2	0	0	1	2	0	0	0	1	2	0	0	1	0	0	1	1	0	0	6	21	43	6	6	5	4	0	1	0	1	2	2	0	0	2	2	7	1	1	3	2	2	0	0	1	1	1	1	1	0	3	2	2	2	1	1	0	1	0	1	1	1	2	5	1	1	1	0	1	1	1	1	0	2	1	0	3	3	1	1	2	7	3	3	0	1	3	2	4	2	3	1	1	2	0	1	0	1	0	0	0	1	2	5	10	9	13	40	16	11	12	15	11	7	6	3	5	5	4	57	0	61	12	6	0	0
0	0	0	0	0	0	0	0	0	0	0	0	0	0	0	0	0	0	0	0	0	0	0	0	0	0	0	0	1	0	2	0	0	0	0	0	0	0	0	0	0	0	0	0	1	0	0	0	0	0	0	0	0	0	0	1	0	0	0	0	0	0	0	0	0	0	0	0	0	0	0	0	0	0	0	0	0	0	0	0	0	0	0	0	0	0	0	0	0	0	0	0	0	0	0	0	1	0	0	0	0	0	0	0	1	0	0	0	0	0	0	0	0	0	1	0	1	1	0	0	0	0	0	1	0	0	1	0	0	1	0	0	0	1	0	0	1	0	0	0	1	1	0	0	1	1	0	0	0	2	0	1	1	0	0	0	0	1	1	0	1	0	1	0	0	0	1	0	0	0	0	0	0	0	1	1	0	1	0	0	0	0	0	0	0	1	0	0	0	0	0	1	0	1	1	0	0	2	2	0	1	1	0	1	0	0	1	0	0	0	1	0	0	0	1	0	0	0	0	0	0	0	1	0	0	1	0	0	0	0	1	1	0	1	0	0	1	0	0	0	1	0	0	1	0	1	1	3	2	2	0	0	0	0	0	1	3	3	1	2	0	1	1	1	1	2	0	2	1	0	2	1	1	0	1	2	1	0	0	1	1	1	0	1	0	0	1	0	2	0	0	0	1	1	1	1	0	0	2	4	2	1	1	1	1	0	1	2	2	0	0	0	1	1	0	0	0	2	1	1	2	2	13	34	13	6	5	0	0	1	0	3	1	0	1	2	3	3	4	10	5	2	3	3	1	0	1	2	0	2	1	2	2	3	3	1	0	0	0	0	1	0	1	3	2	0	2	1	0	1	1	1	0	1	1	0	1	0	1	4	4	1	3	4	2	3	4	0	5	2	4	3	1	2	0	3	2	2	1	1	1	1	1	2	1	5	6	11	13	31	23	9	4	10	7	6	2	6	3	4	3	12	61	0	31	8	0	0
0	0	0	0	0	0	0	0	1	0	0	1	1	0	0	0	0	0	0	1	0	0	0	0	1	0	0	1	0	1	0	0	0	0	0	1	0	0	1	0	0	0	0	0	1	0	1	1	0	1	0	2	0	0	0	0	0	0	0	1	0	0	0	0	0	0	0	0	0	1	0	0	0	0	1	0	0	0	0	0	0	0	0	0	0	0	0	0	0	0	0	0	0	0	0	0	0	2	1	0	0	1	0	0	0	0	0	0	1	0	0	0	0	0	0	0	2	0	0	0	0	0	0	0	0	0	0	0	0	0	0	0	0	1	0	0	0	2	0	0	0	0	0	0	1	0	1	0	0	0	0	0	0	0	0	0	0	0	0	0	1	0	0	1	0	1	1	1	0	0	0	0	0	0	0	0	0	0	0	0	0	0	0	0	0	0	0	2	0	0	1	0	0	2	1	0	0	1	1	1	0	1	0	0	1	0	1	2	0	2	3	0	0	1	1	1	1	0	0	0	0	0	1	0	0	0	0	0	0	0	1	0	1	0	0	2	0	0	1	0	1	0	1	0	0	1	0	0	0	0	2	2	0	1	0	0	2	2	2	2	1	3	2	1	2	2	2	2	0	1	0	2	1	0	0	3	3	0	1	0	1	0	1	0	1	0	1	0	2	0	0	0	1	1	0	2	0	0	1	1	1	2	0	0	2	0	0	3	1	1	0	1	2	2	0	1	1	1	2	0	0	2	5	9	6	9	3	1	3	1	0	0	2	0	2	1	5	3	3	4	6	4	3	4	2	0	1	1	2	2	3	1	3	2	3	0	1	0	1	0	1	1	1	1	2	1	3	0	0	0	0	0	0	1	0	0	1	2	0	0	0	0	1	2	1	1	2	1	0	4	5	8	2	3	4	1	1	0	2	0	3	0	1	0	6	5	5	6	8	10	15	6	4	5	2	3	4	3	3	3	0	2	12	31	0	30	0	0
0	0	0	0	0	0	0	0	0	0	0	0	0	0	0	0	0	0	0	0	1	1	1	1	0	1	1	0	0	0	0	0	0	0	0	1	1	0	0	0	0	0	0	0	0	0	0	0	0	0	0	0	1	1	0	1	0	0	0	0	0	1	0	0	0	0	0	0	0	0	1	0	0	0	0	0	0	0	0	2	0	0	1	0	0	0	0	0	0	0	0	0	0	1	0	0	0	0	0	1	0	0	0	0	0	0	1	0	0	0	0	1	0	0	0	0	0	0	0	0	0	0	1	1	1	0	0	1	2	2	0	0	1	1	0	1	0	1	1	0	0	1	0	0	0	0	0	0	0	0	0	0	1	0	0	0	2	0	0	1	0	0	0	0	1	0	0	0	0	0	0	0	0	0	0	2	1	1	0	1	1	1	2	0	0	0	0	0	0	0	0	2	0	0	1	0	0	2	0	2	0	1	1	1	0	0	2	0	0	1	1	0	0	0	0	0	0	1	0	1	2	0	1	0	0	0	0	0	0	1	0	1	0	0	0	0	0	0	0	1	1	0	1	3	1	1	2	1	1	1	0	0	0	1	0	0	2	0	1	2	3	4	3	0	2	2	8	4	1	1	2	1	2	2	0	2	0	0	0	1	1	2	0	1	1	0	1	0	0	2	1	3	3	1	0	0	0	1	0	1	0	2	3	1	0	0	2	2	2	1	0	0	0	0	0	0	0	1	2	1	1	0	3	10	14	6	3	3	1	2	0	2	3	3	2	0	0	8	7	10	30	15	12	6	1	0	3	0	1	4	4	0	5	2	3	1	0	0	0	0	0	1	2	2	6	3	2	0	4	2	1	1	1	1	0	2	3	1	2	2	3	0	1	2	2	1	1	4	2	8	22	9	3	5	7	9	1	3	0	3	1	0	1	3	9	2	20	15	14	8	11	6	5	5	4	1	2	1	2	4	1	5	6	8	30	0	0	0
0	0	0	0	0	0	0	0	0	0	0	0	0	0	0	0	0	0	0	0	0	0	0	0	0	0	0	0	0	0	0	0	0	0	0	0	0	0	0	0	0	0	0	0	0	0	0	0	0	0	0	0	0	0	0	0	0	0	0	0	0	0	0	0	0	0	0	0	0	0	0	0	0	0	0	0	0	0	0	0	0	0	0	0	0	0	0	0	0	0	0	0	0	0	0	0	0	0	0	0	0	0	0	0	0	0	0	0	0	0	0	0	0	0	0	0	0	0	0	0	0	0	0	0	0	0	0	0	0	0	0	0	0	0	0	0	0	0	0	0	0	0	0	0	0	0	0	0	0	0	0	0	0	0	0	0	0	0	0	0	0	0	0	0	0	0	0	0	0	0	0	0	0	0	0	0	0	0	0	0	0	0	0	0	0	0	0	0	0	0	0	0	0	0	0	0	0	0	0	0	0	0	0	0	0	0	0	0	0	0	0	0	0	0	0	0	0	0	0	0	0	0	0	0	0	0	0	0	0	0	0	0	0	0	0	0	0	0	0	0	0	0	0	0	0	0	0	0	0	0	0	0	0	0	0	0	0	0	0	0	0	0	0	0	0	0	0	0	0	0	0	0	0	0	0	0	0	0	0	0	0	0	0	0	0	0	0	0	0	0	0	0	0	0	0	0	0	0	0	0	0	0	0	0	0	0	0	0	0	0	0	0	0	0	0	0	0	0	0	0	0	0	0	0	0	0	0	0	0	0	0	0	0	0	0	0	0	0	0	0	0	0	0	0	0	0	0	0	0	0	0	0	0	0	0	0	0	0	0	0	0	0	0	0	0	0	0	0	0	0	0	0	0	0	0	0	0	0	0	0	0	0	0	0	0	0	0	0	0	0	0	0	0	0	0	0	0	0	0	0	0	0	0	0	0	0	0	0	0	0	0	0	0	0	0	0	0	0	0	0	0	0	0	0	0	0	0	0
0	0	0	0	0	0	0	0	0	0	0	0	0	0	0	0	0	0	0	0	0	0	0	0	0	0	0	0	0	0	0	0	0	0	0	0	0	0	0	0	0	0	0	0	0	0	0	0	0	0	0	0	0	0	0	0	0	0	0	0	0	0	0	0	0	0	0	0	0	0	0	0	0	0	0	0	0	0	0	0	0	0	0	0	0	0	0	0	0	0	0	0	0	0	0	0	0	0	0	0	0	0	0	0	0	0	0	0	0	0	0	0	0	0	0	0	0	0	0	0	0	0	0	0	0	0	0	0	0	0	0	0	0	0	0	0	0	0	0	0	0	0	0	0	0	0	0	0	0	0	0	0	0	0	0	0	0	0	0	0	0	0	0	0	0	0	0	0	0	0	0	0	0	0	0	0	0	0	0	0	0	0	0	0	0	0	0	0	0	0	0	0	0	0	0	0	0	0	0	0	0	0	0	0	0	0	0	0	0	0	0	0	0	0	0	0	0	0	0	0	0	0	0	0	0	0	0	0	0	0	0	0	0	0	0	0	0	0	0	0	0	0	0	0	0	0	0	0	0	0	0	0	0	0	0	0	0	0	0	0	0	0	0	0	0	0	0	0	0	0	0	0	0	0	0	0	0	0	0	0	0	0	0	0	0	0	0	0	0	0	0	0	0	0	0	0	0	0	0	0	0	0	0	0	0	0	0	0	0	0	0	0	0	0	0	0	0	0	0	0	0	0	0	0	0	0	0	0	0	0	0	0	0	0	0	0	0	0	0	0	0	0	0	0	0	0	0	0	0	0	0	0	0	0	0	0	0	0	0	0	0	0	0	0	0	0	0	0	0	0	0	0	0	0	0	0	0	0	0	0	0	0	0	0	0	0	0	0	0	0	0	0	0	0	0	0	0	0	0	0	0	0	0	0	0	0	0	0	0	0	0	0	0	0	0	0	0	0	0	0	0	0	0	0	0	0	0	0
