0	0	0	0	0	0	0	0	0	0	0	0	0	0	0	0	0	0	0	0	0	0	0	0	0	0	0	0	0	0	0	0	0	0	0	0	0	0	0	0	0	0	0	0	0	0	0	0	0	0	0	0	0	0	0	0	0	0	0	0	0	0	0	0	0	0	0	0	0	0	0	0	0	0	0	0	0	0	0	0	0	0	0	0	0	0	0	0	0	0	0	0	0	0	0	0	0	0	0	0	0	0	0	0	0	0	0	0	0	0	0	0	0	0	0	0	0	0	0	0	0	0	0	0	0	0	0	0	0	0	0	0	0	0	0	0	0	0	0	0	0	0	0	0	0	0	0	0	0	0	0	0	0	0	0	0	0	0	0	0	0	0	0	0	0	0	0	0	0	0	0	0	0	0	0	0	0	0	0	0	0	0	0	0	0	0	0	0	0	0	0	0	0	0	0	0	0	0	0	0	0	0	0	0	0	0	0	0	0	0	0	0	0	0	0	0	0	0	0	0	0	0	0	0	0	0	0	0	0	0	0	0	0	0	0	0	0	0	0	0	0	0	0	0	0	0	0	0	0	0	0	0	0	0	0	0	0	0	0	0	0	0	0	0	0	0	0	0	0	0	0	0	0	0	0	0	0	0	0	0	0	0	0	0	0	0	0	0	0	0	0	0	0	0	0	0	0	0	0	0	0	0	0	0	0	0	0	0	0	0	0	0	0	0	0	0	0	0	0	0	0	0	0	0	0	0	0	0	0	0	0	0	0	0	0	0	0	0	0	0	0	0	0	0	0	0	0	0	0	0	0	0	0	0	0	0	0	0	0	0	0	0	0	0	0	0	0	0	0	0	0	0	0	0	0	0	0	0	0	0	0	0	0	0	0	0	0	0	0	0	0	0	0	0	0	0	0	0	0	0	0	0	0	0	0	0	0	0	0	0	0	0	0	0	0	0	0	0	0	0	0	0	0	0	0	0	0	0	0	0	0	0	0	0	0	0	0	0	0	0	0	0	0	0	0	0	0	0	0	0	0	0	0	0	0	0	0	0	0	0	0	0	0	0	0	0	0	0	0	0	0	0	0	0	0	0	0	0	0	0	0	0	0	0	0	0	0	0	0
0	0	0	0	0	0	0	0	0	0	0	0	0	0	0	0	0	0	0	0	0	0	0	0	0	0	0	0	0	0	0	0	0	0	0	0	0	0	0	0	0	0	0	0	0	0	0	0	0	0	0	0	0	0	0	0	0	0	0	0	0	0	0	0	0	0	0	0	0	0	0	0	0	0	0	0	0	0	0	0	0	0	0	0	0	0	0	0	0	0	0	0	0	0	0	0	0	0	0	0	0	0	0	0	0	0	0	0	0	0	0	0	0	0	0	0	0	0	0	0	0	0	0	0	0	0	0	0	0	0	0	0	0	0	0	0	0	0	0	0	0	0	0	0	0	0	0	0	0	0	0	0	0	0	0	0	0	0	0	0	0	0	0	0	0	0	0	0	0	0	0	0	0	0	0	0	0	0	0	0	0	0	0	0	0	0	0	0	0	0	0	0	0	0	0	0	0	0	0	0	0	0	0	0	0	0	0	0	0	0	0	0	0	0	0	0	0	0	0	0	0	0	0	0	0	0	0	0	0	0	0	0	0	0	0	0	0	0	0	0	0	0	0	0	0	0	0	0	0	0	0	0	0	0	0	0	0	0	0	0	0	0	0	0	0	0	0	0	0	0	0	0	0	0	0	0	0	0	0	0	0	0	0	0	0	0	0	0	0	0	0	0	0	0	0	0	0	0	0	0	0	0	0	0	0	0	0	0	0	0	0	0	0	0	0	0	0	0	0	0	0	0	0	0	0	0	0	0	0	0	0	0	0	0	0	0	0	0	0	0	0	0	0	0	0	0	0	0	0	0	0	0	0	0	0	0	0	0	0	0	0	0	0	0	0	0	0	0	0	0	0	0	0	0	0	0	0	0	0	0	0	0	0	0	0	0	0	0	0	0	0	0	0	0	0	0	0	0	0	0	0	0	0	0	0	0	0	0	0	0	0	0	0	0	0	0	0	0	0	0	0	0	0	0	0	0	0	0	0	0	0	0	0	0	0	0	0	0	0	0	0	0	0	0	0	0	0	0	0	0	0	0	0	0	0	0	0	0	0	0	0	0	0	0	0	0	0	0	0	0	0	0	0	0	0	0	0	0	0	0	0	0	0	0	0	0	0	0	0
0	0	0	0	0	0	0	0	0	0	0	0	0	0	0	0	0	0	0	0	0	0	0	0	0	0	0	0	0	0	0	0	0	0	0	0	0	0	0	0	0	0	0	0	0	0	0	0	0	0	0	0	0	0	0	0	0	0	0	0	0	0	0	0	0	0	0	0	0	0	0	0	0	0	0	0	0	0	0	0	0	0	0	0	0	0	0	0	0	0	0	0	0	0	0	0	0	0	0	0	0	0	0	0	0	0	0	0	0	0	0	0	0	0	0	0	0	0	0	0	0	0	0	0	0	0	0	0	0	0	0	0	0	0	0	0	0	0	0	0	0	0	0	0	0	0	0	0	0	0	0	0	0	0	0	0	0	0	0	0	0	0	0	0	0	0	0	0	0	0	0	0	0	0	0	0	0	0	0	0	0	0	0	0	0	0	0	0	0	0	0	0	0	0	0	0	0	0	0	0	0	0	0	0	0	0	0	0	0	0	0	0	0	0	0	0	0	0	0	0	0	0	0	0	0	0	0	0	0	0	0	0	0	0	0	0	0	0	0	0	0	0	0	0	0	0	0	0	0	0	0	0	0	0	0	0	0	0	0	0	0	0	0	0	0	0	0	0	0	0	0	0	0	0	0	0	0	0	0	0	0	0	0	0	0	0	0	0	0	0	0	0	0	0	0	0	0	0	0	0	0	0	0	0	0	0	0	0	0	0	0	0	0	0	0	0	0	0	0	0	0	0	0	0	0	0	0	0	0	0	0	0	0	0	0	0	0	0	0	0	0	0	0	0	0	0	0	0	0	0	0	0	0	0	0	0	0	0	0	0	0	0	0	0	0	0	0	0	0	0	0	0	0	0	0	0	0	0	0	0	0	0	0	0	0	0	0	0	0	0	0	0	0	0	0	0	0	0	0	0	0	0	0	0	0	0	0	0	0	0	0	0	0	0	0	0	0	0	0	0	0	0	0	0	0	0	0	0	0	0	0	0	0	0	0	0	0	0	0	0	0	0	0	0	0	0	0	0	0	0	0	0	0	0	0	0	0	0	0	0	0	0	0	0	0	0	0	0	0	0	0	0	0	0	0	0	0	0	0	0	0	0	0	0	0	0	0	0	0
0	0	0	0	0	0	0	0	0	0	0	0	0	0	0	0	0	0	0	0	0	0	0	0	0	0	0	0	0	0	0	0	0	0	0	0	0	0	0	0	0	0	0	0	0	0	0	0	0	0	0	0	0	0	0	0	0	0	0	0	0	0	0	0	0	0	0	0	0	0	0	0	0	0	0	0	0	0	0	0	0	0	0	0	0	0	0	0	0	0	0	0	0	0	0	0	0	0	0	0	0	0	0	0	0	0	0	0	0	0	0	0	0	0	0	0	0	0	0	0	0	0	0	0	0	0	0	0	0	0	0	0	0	0	0	0	0	0	0	0	0	0	0	0	0	0	0	0	0	0	0	0	0	0	0	0	0	0	0	0	0	0	0	0	0	0	0	0	0	0	0	0	0	0	0	0	0	0	0	0	0	0	0	0	0	0	0	0	0	0	0	0	0	0	0	0	0	0	0	0	0	0	0	0	0	0	0	0	0	0	0	0	0	0	0	0	0	0	0	0	0	0	0	0	0	0	0	0	0	0	0	0	0	0	0	0	0	0	0	0	0	0	0	0	0	0	0	0	0	0	0	0	0	0	0	0	0	0	0	0	0	0	0	0	0	0	0	0	0	0	0	0	0	0	0	0	0	0	0	0	0	0	0	0	0	0	0	0	0	0	0	0	0	0	0	0	0	0	0	0	0	0	0	0	0	0	0	0	0	0	0	0	0	0	0	0	0	0	0	0	0	0	0	0	0	0	0	0	0	0	0	0	0	0	0	0	0	0	0	0	0	0	0	0	0	0	0	0	0	0	0	0	0	0	0	0	0	0	0	0	0	0	0	0	0	0	0	0	0	0	0	0	0	0	0	0	0	0	0	0	0	0	0	0	0	0	0	0	0	0	0	0	0	0	0	0	0	0	0	0	0	0	0	0	0	0	0	0	0	0	0	0	0	0	0	0	0	0	0	0	0	0	0	0	0	0	0	0	0	0	0	0	0	0	0	0	0	0	0	0	0	0	0	0	0	0	0	0	0	0	0	0	0	0	0	0	0	0	0	0	0	0	0	0	0	0	0	0	0	0	0	0	0	0	0	0	0	0	0	0	0	0	0	0	0	0	0	0	0
0	0	0	0	0	0	0	0	0	0	0	0	0	0	0	0	0	0	0	0	0	0	0	0	0	0	0	0	0	0	0	0	0	0	0	0	0	0	0	0	0	0	0	0	0	0	0	0	0	0	0	0	0	0	0	0	0	0	0	0	0	0	0	0	0	0	0	0	0	0	0	0	0	0	0	0	0	0	0	0	0	0	0	0	0	0	0	0	0	0	0	0	0	0	0	0	0	0	0	0	0	0	0	0	0	0	0	0	0	0	0	0	0	0	0	0	0	0	0	0	0	0	0	0	0	0	0	0	0	0	0	0	0	0	0	0	0	0	0	0	0	0	0	0	0	0	0	0	0	0	0	0	0	0	0	0	0	0	0	0	0	0	0	0	0	0	0	0	0	0	0	0	0	0	0	0	0	0	0	0	0	0	0	0	0	0	0	0	0	0	0	0	0	0	0	0	0	0	0	0	0	0	0	0	0	0	0	0	0	0	0	0	0	0	0	0	0	0	0	0	0	0	0	0	0	0	0	0	0	0	0	0	0	0	0	0	0	0	0	0	0	0	0	0	0	0	0	0	0	0	0	0	0	0	0	0	0	0	0	0	0	0	0	0	0	0	0	0	0	0	0	0	0	0	0	0	0	0	0	0	0	0	0	0	0	0	0	0	0	0	0	0	0	0	0	0	0	0	0	0	0	0	0	0	0	0	0	0	0	0	0	0	0	0	0	0	0	0	0	0	0	0	0	0	0	0	0	0	0	0	0	0	0	0	0	0	0	0	0	0	0	0	0	0	0	0	0	0	0	0	0	0	0	0	0	0	0	0	0	0	0	0	0	0	0	0	0	0	0	0	0	0	0	0	0	0	0	0	0	0	0	0	0	0	0	0	0	0	0	0	0	0	0	0	0	0	0	0	0	0	0	0	0	0	0	0	0	0	0	0	0	0	0	0	0	0	0	0	0	0	0	0	0	0	0	0	0	0	0	0	0	0	0	0	0	0	0	0	0	0	0	0	0	0	0	0	0	0	0	0	0	0	0	0	0	0	0	0	0	0	0	0	0	0	0	0	0	0	0	0	0	0	0	0	0	0	0	0	0	0	0	0	0	0	0	0	0	0	0
0	0	0	0	0	0	0	0	0	0	0	0	0	0	0	0	0	0	0	0	0	0	0	0	0	0	0	0	0	0	0	0	0	0	0	0	0	0	0	0	0	0	0	0	0	0	0	0	0	0	0	0	0	0	0	0	0	0	0	0	0	0	0	0	0	0	0	0	0	0	0	0	0	0	0	0	0	0	0	0	0	0	0	0	0	0	0	0	0	0	0	0	0	0	0	0	0	0	0	0	0	0	0	0	0	0	0	0	0	0	0	0	0	0	0	0	0	0	0	0	0	0	0	0	0	0	0	0	0	0	0	0	0	0	0	0	0	0	0	0	0	0	0	0	0	0	0	0	0	0	0	0	0	0	0	0	0	0	0	0	0	0	0	0	0	0	0	0	0	0	0	0	0	0	0	0	0	0	0	0	0	0	0	0	0	0	0	0	0	0	0	0	0	0	0	0	0	0	0	0	0	0	0	0	0	0	0	0	0	0	0	0	0	0	0	0	0	0	0	0	0	0	0	0	0	0	0	0	0	0	0	0	0	0	0	0	0	0	0	0	0	0	0	0	0	0	0	0	0	0	0	0	0	0	0	0	0	0	0	0	0	0	0	0	0	0	0	0	0	0	0	0	0	0	0	0	0	0	0	0	0	0	0	0	0	0	0	0	0	0	0	0	0	0	0	0	0	0	0	0	0	0	0	0	0	0	0	0	0	0	0	0	0	0	0	0	0	0	0	0	0	0	0	0	0	0	0	0	0	0	0	0	0	0	0	0	0	0	0	0	0	0	0	0	0	0	0	0	0	0	0	0	0	0	0	0	0	0	0	0	0	0	0	0	0	0	0	0	0	0	0	0	0	0	0	0	0	0	0	0	0	0	0	0	0	0	0	0	0	0	0	0	0	0	0	0	0	0	0	0	0	0	0	0	0	0	0	0	0	0	0	0	0	0	0	0	0	0	0	0	0	0	0	0	0	0	0	0	0	0	0	0	0	0	0	0	0	0	0	0	0	0	0	0	0	0	0	0	0	0	0	0	0	0	0	0	0	0	0	0	0	0	0	0	0	0	0	0	0	0	0	0	0	0	0	0	0	0	0	0	0	0	0	0	0	0	0	0	0
0	0	0	0	0	0	0	0	0	0	0	0	0	0	0	0	0	0	0	0	0	0	0	0	0	0	0	0	0	0	0	0	0	0	0	0	0	0	0	0	0	0	0	0	0	0	0	0	0	0	0	0	0	0	0	0	0	0	0	0	0	0	0	0	0	0	0	0	0	0	0	0	0	0	0	0	0	0	0	0	0	0	0	0	0	0	0	0	0	0	0	0	0	0	0	0	0	0	0	0	0	0	0	0	0	0	0	0	0	0	0	0	0	0	0	0	0	0	0	0	0	0	0	0	0	0	0	0	0	0	0	0	0	0	0	0	0	0	0	0	0	0	0	0	0	0	0	0	0	0	0	0	0	0	0	0	0	0	0	0	0	0	0	0	0	0	0	0	0	0	0	0	0	0	0	0	0	0	0	0	0	0	0	0	0	0	0	0	0	0	0	0	0	0	0	0	0	0	0	0	0	0	0	0	0	0	0	0	0	0	0	0	0	0	0	0	0	0	0	0	0	0	0	0	0	0	0	0	0	0	0	0	0	0	0	0	0	0	0	0	0	0	0	0	0	0	0	0	0	0	0	0	0	0	0	0	0	0	0	0	0	0	0	0	0	0	0	0	0	0	0	0	0	0	0	0	0	0	0	0	0	0	0	0	0	0	0	0	0	0	0	0	0	0	0	0	0	0	0	0	0	0	0	0	0	0	0	0	0	0	0	0	0	0	0	0	0	0	0	0	0	0	0	0	0	0	0	0	0	0	0	0	0	0	0	0	0	0	0	0	0	0	0	0	0	0	0	0	0	0	0	0	0	0	0	0	0	0	0	0	0	0	0	0	0	0	0	0	0	0	0	0	0	0	0	0	0	0	0	0	0	0	0	0	0	0	0	0	0	0	0	0	0	0	0	0	0	0	0	0	0	0	0	0	0	0	0	0	0	0	0	0	0	0	0	0	0	0	0	0	0	0	0	0	0	0	0	0	0	0	0	0	0	0	0	0	0	0	0	0	0	0	0	0	0	0	0	0	0	0	0	0	0	0	0	0	0	0	0	0	0	0	0	0	0	0	0	0	0	0	0	0	0	0	0	0	0	0	0	0	0	0	0	0	0	0	0	0	0
0	0	0	0	0	0	0	0	34	11	9	5	0	6	13	3	1	3	0	1	2	3	4	2	0	4	2	1	0	2	0	0	1	4	4	9	13	6	8	8	3	0	2	1	1	4	2	1	1	2	0	1	0	1	0	1	1	1	0	1	0	4	0	2	0	3	2	0	0	0	2	9	0	5	3	1	1	1	3	1	3	1	1	1	0	0	0	1	1	0	3	4	1	2	1	0	3	4	2	5	2	9	6	5	5	1	5	1	7	4	1	2	0	1	0	1	1	1	0	1	2	2	1	3	1	0	0	0	0	1	1	0	1	3	1	3	1	2	2	0	1	0	1	1	1	2	0	1	0	1	1	0	1	0	1	0	0	0	0	0	0	0	0	0	0	1	0	0	0	0	0	1	0	0	0	0	0	0	0	0	1	0	0	0	0	0	0	0	0	0	0	1	0	2	0	1	0	1	1	1	0	0	0	1	0	0	0	1	0	2	0	1	0	1	1	0	0	2	0	0	0	0	0	0	0	0	0	0	0	1	0	0	0	0	0	0	0	1	0	1	1	0	2	0	0	1	1	1	1	0	2	0	0	1	0	0	0	0	0	0	1	0	0	0	0	0	0	0	0	0	1	1	0	0	0	0	0	0	0	0	0	0	0	0	0	1	0	0	0	0	0	0	0	1	0	0	0	0	0	0	0	0	1	1	0	0	0	0	0	1	1	0	0	0	0	1	1	0	0	0	0	0	0	0	0	1	0	0	1	1	0	0	0	0	2	0	0	0	1	0	0	0	0	0	0	0	0	0	1	0	0	0	0	0	0	0	0	0	0	0	1	0	0	0	0	1	0	0	0	1	0	0	0	0	0	0	0	0	1	0	0	0	0	1	0	0	1	1	0	1	0	0	1	0	0	1	0	0	1	1	0	0	0	0	0	0	0	0	1	1	0	0	1	1	1	0	0	0	0	0	0	0	0	0	1	0	0	1	1	0	0	0	0	0	0	0	0	0	0	0	0	0	0	0	0	1	0	1	0	0	0	0	0	1	0	0	0	0	1	0	0	0	2	1	0	0	0	0	0	0	0	0	0	1	0	1	0	1	0	1	1	0	0	0	0	0	1	0	0
0	0	0	0	0	0	0	34	0	49	18	18	14	11	15	6	4	4	5	6	5	10	4	10	5	5	3	4	3	5	4	0	3	4	11	11	15	7	6	6	2	1	4	1	0	3	3	1	1	1	1	1	2	2	0	0	3	1	3	0	3	3	3	5	6	2	0	0	1	1	3	4	2	4	2	4	3	2	1	2	0	0	2	1	1	2	1	1	2	1	0	3	0	4	4	1	2	5	3	4	1	9	5	2	2	3	5	5	3	4	5	1	6	0	2	0	1	0	0	1	1	1	2	0	0	3	2	2	0	3	2	2	2	2	1	1	3	2	1	2	0	4	2	0	0	2	0	2	1	1	1	0	1	0	1	0	0	0	0	0	1	0	0	0	0	0	0	1	0	0	0	0	0	0	0	0	1	1	0	0	0	0	0	0	0	0	0	1	1	0	0	0	0	0	0	2	0	2	0	1	1	1	1	0	1	2	0	1	1	1	0	0	1	0	0	1	1	2	2	1	0	0	0	0	0	0	0	0	0	0	0	0	0	0	0	0	2	0	0	0	0	1	1	0	0	0	0	1	0	0	0	1	0	0	1	0	0	1	0	0	0	1	0	2	0	0	0	0	0	0	0	0	0	0	0	0	0	0	0	1	0	0	1	0	0	0	0	1	0	0	0	0	0	0	0	0	0	0	0	0	0	0	0	1	0	0	0	0	0	0	0	0	0	0	0	0	0	0	0	0	1	0	0	1	1	0	1	0	0	0	0	0	0	1	1	0	0	0	1	0	0	0	0	0	0	0	0	0	0	0	0	1	0	0	1	0	0	1	0	2	0	0	0	0	0	0	0	0	0	0	0	1	1	0	0	0	0	0	0	0	0	0	0	1	0	0	0	0	0	0	0	1	0	0	0	0	0	0	0	0	0	0	0	0	0	0	0	0	0	0	0	0	0	0	0	0	0	0	0	0	0	0	0	0	0	0	0	0	0	0	0	0	0	0	0	0	1	0	0	0	1	0	0	0	0	0	0	0	0	1	0	0	0	0	0	0	0	0	0	0	0	0	0	0	0	0	1	0	0	0	0	1	0	0	1	0	0	1	1	0	0	0	0	0	0	2	0	0	0
0	0	0	0	0	0	0	11	49	0	30	19	15	10	20	25	8	4	6	11	7	29	33	10	7	6	6	4	4	3	3	1	6	6	16	16	6	5	3	1	3	1	1	2	1	1	2	1	0	0	0	2	0	0	1	1	1	1	2	1	1	2	0	1	4	9	2	3	4	4	3	5	0	3	2	2	3	2	0	2	1	1	1	0	2	1	0	0	2	1	0	2	2	3	5	1	3	4	2	2	2	1	7	4	0	1	1	1	10	10	7	3	2	1	0	0	2	2	0	0	0	3	3	2	2	0	1	1	2	1	2	5	5	5	4	2	9	3	5	3	0	1	1	0	0	2	0	0	0	0	0	0	0	1	0	0	0	0	1	0	0	1	0	0	0	0	0	0	1	0	1	0	0	0	0	0	0	0	0	0	0	0	0	0	0	0	0	0	0	0	0	3	1	0	1	0	0	1	0	0	0	0	0	2	0	1	1	1	0	0	1	0	0	0	0	1	1	0	2	0	0	0	0	0	0	0	1	0	1	1	1	0	1	0	0	1	2	0	1	0	0	0	0	0	0	0	0	0	1	0	0	1	1	0	0	0	0	0	0	0	0	0	0	0	1	0	0	0	0	0	0	0	0	0	0	1	0	0	0	0	0	0	1	0	0	0	0	0	0	0	0	0	0	0	0	0	0	0	0	1	1	0	0	1	0	0	0	0	0	0	0	0	0	0	0	1	0	0	1	0	3	2	0	0	1	1	0	0	0	0	0	1	1	0	0	0	0	0	0	0	1	0	0	0	2	1	0	0	0	0	0	0	0	0	0	0	0	0	0	0	0	0	0	0	1	0	0	1	0	0	0	0	1	0	0	0	0	0	0	0	0	0	0	0	1	0	0	0	0	0	0	0	0	0	0	0	1	0	0	0	1	0	0	1	0	0	0	0	0	0	0	1	0	0	0	0	0	0	0	0	0	0	0	0	0	0	0	1	0	1	0	0	0	1	0	0	0	0	0	0	0	0	0	1	0	0	0	0	1	0	0	0	0	0	1	0	0	0	0	0	1	2	0	0	0	0	0	0	0	0	0	0	0	0	0	0	1	1	0	0	0	0	0	0	1	0	0	0	0
0	0	0	0	0	0	0	9	18	30	0	40	21	22	14	11	4	4	5	8	5	11	18	8	1	3	11	8	2	0	2	1	0	7	8	6	6	1	3	0	0	1	0	1	1	1	2	1	1	1	1	0	0	0	2	1	0	3	1	3	2	3	3	3	1	1	1	2	1	1	0	3	0	1	0	2	1	2	2	1	0	0	0	0	1	0	1	0	1	0	2	0	0	1	1	2	3	4	0	1	2	3	2	0	4	3	3	2	7	3	4	2	0	1	0	0	2	0	3	2	1	2	4	3	2	0	1	2	2	1	1	2	3	1	1	4	5	1	0	1	1	0	1	1	0	0	1	0	0	0	0	0	0	1	1	0	1	0	0	0	0	1	0	1	0	0	0	0	0	1	0	0	0	0	1	0	1	0	0	0	0	0	0	1	0	0	0	0	2	0	0	0	0	0	0	0	1	0	0	0	2	0	1	0	0	2	0	0	0	0	1	2	0	1	1	1	1	1	0	1	0	1	1	0	0	0	1	0	0	1	0	1	1	1	1	0	1	0	0	0	0	1	0	0	0	0	1	0	0	1	0	0	0	0	0	0	1	1	0	0	0	0	1	0	0	0	0	1	0	0	0	0	0	0	1	0	0	0	0	0	0	0	0	0	0	0	0	0	0	0	0	0	1	1	0	0	0	0	0	0	1	1	0	0	0	0	0	0	0	0	0	0	0	0	0	0	1	1	0	0	0	0	0	1	1	0	0	0	2	0	2	0	0	0	0	1	0	0	0	0	0	0	0	1	1	0	1	0	0	0	0	0	0	0	0	0	0	0	0	0	0	0	0	0	0	0	0	0	0	1	0	0	0	0	0	0	0	0	0	0	0	0	0	0	0	0	0	0	0	0	2	2	0	1	1	0	1	1	0	0	0	0	0	0	0	0	0	1	0	0	1	0	0	0	0	0	0	0	0	0	0	0	0	0	0	0	0	0	0	0	0	0	0	0	0	0	0	0	0	0	0	1	0	0	0	0	0	0	1	0	1	0	1	1	0	0	0	0	1	0	0	0	0	0	1	0	1	0	0	0	1	0	1	2	0	0	0	0	1	0	0	0	1	1	0	0	0	0	0
0	0	0	0	0	0	0	5	18	19	40	0	54	26	16	4	5	5	2	2	1	10	7	3	0	2	6	3	3	1	0	1	2	4	2	4	2	1	3	2	1	2	1	1	2	0	3	2	0	0	1	0	1	2	3	1	0	0	1	2	2	0	0	1	3	1	2	0	2	3	2	1	2	3	2	3	1	2	0	1	0	1	1	1	1	0	0	1	1	0	0	3	0	2	2	1	1	3	1	1	1	1	2	1	3	3	3	0	6	3	2	0	0	1	1	0	1	0	1	0	3	1	2	2	1	0	2	0	0	2	0	2	0	5	3	3	1	1	3	0	1	1	0	0	2	0	0	1	0	0	2	0	1	0	0	1	0	1	1	0	1	0	1	1	0	1	0	0	1	0	0	0	0	0	1	0	0	0	0	0	0	0	0	0	0	0	0	0	0	0	0	0	1	0	0	0	1	0	0	0	1	0	0	0	1	0	0	0	0	2	1	1	0	0	0	0	1	0	0	0	1	0	1	0	0	0	0	1	0	0	0	0	1	0	0	0	0	0	0	0	0	0	0	1	2	1	0	1	1	0	0	0	0	0	0	0	0	0	0	0	0	1	2	0	0	0	0	0	1	0	0	0	0	0	0	0	0	0	1	0	0	0	0	0	0	0	1	0	0	0	0	0	0	0	0	1	0	2	0	0	1	0	2	0	1	0	0	0	0	0	0	0	0	0	0	0	0	0	0	0	0	0	0	0	0	0	1	0	0	0	0	0	0	0	0	0	0	0	0	0	0	0	0	0	1	0	0	0	0	0	0	0	0	0	1	0	0	0	0	0	0	0	0	1	0	0	0	0	0	0	0	0	1	0	0	0	0	0	1	0	1	0	1	0	0	0	0	0	1	0	0	0	0	0	0	0	0	0	0	0	0	0	0	0	0	0	0	0	0	0	0	0	0	1	0	0	0	0	0	0	0	0	0	0	0	1	0	0	0	0	0	0	0	0	0	0	0	0	0	0	0	0	0	0	0	1	0	0	1	0	1	0	0	1	0	1	0	0	1	0	0	0	0	0	0	1	1	0	0	0	0	0	0	1	0	0	0	0	0	0	0	0	0	0	0	0	0	0	0
0	0	0	0	0	0	0	0	14	15	21	54	0	76	48	11	11	9	4	7	5	8	5	4	3	2	3	4	5	1	2	0	2	1	5	2	3	5	1	0	0	0	0	0	1	1	0	0	0	0	0	0	2	1	1	2	0	3	0	2	0	0	1	4	1	3	1	2	0	2	1	4	1	0	1	1	0	1	1	2	0	0	0	0	1	0	0	1	0	1	1	2	1	1	0	2	1	2	1	2	2	7	2	4	2	1	1	2	4	3	6	1	1	2	0	0	1	4	2	0	2	0	0	1	0	0	1	2	0	1	1	0	1	2	1	2	4	2	1	1	1	1	1	1	1	1	1	1	0	0	0	0	1	1	1	1	1	1	0	1	0	0	0	1	0	0	0	0	0	0	0	0	0	0	0	0	0	0	0	0	0	0	0	0	0	0	1	1	1	0	0	1	2	1	0	0	0	1	0	0	2	0	0	0	0	0	1	0	1	0	1	1	1	0	0	1	0	0	0	2	0	1	0	0	0	0	0	0	0	0	0	0	1	1	1	0	0	0	0	0	1	0	0	0	0	2	0	1	1	0	0	0	2	0	0	0	0	0	0	0	1	0	0	3	0	0	0	0	0	0	0	0	0	0	0	0	0	1	0	0	0	0	0	0	0	0	0	0	0	0	0	0	0	1	0	0	1	0	0	0	0	0	0	0	0	0	0	0	1	0	0	0	0	0	0	0	0	0	0	0	0	0	0	0	0	0	0	2	0	2	0	0	2	0	0	0	1	0	1	0	0	0	0	0	0	0	0	0	0	0	0	1	0	0	1	0	2	0	0	0	0	0	0	0	0	0	0	0	0	0	1	0	0	0	0	0	0	1	0	0	0	0	0	0	0	0	0	0	0	0	1	1	0	0	0	1	0	0	0	1	0	0	0	0	0	0	0	0	0	0	0	0	1	0	2	0	0	0	1	0	0	0	0	0	0	0	0	0	1	0	0	0	0	0	0	0	0	0	0	0	0	1	0	0	0	1	0	0	0	0	0	0	0	0	1	0	0	0	0	0	1	0	0	0	0	0	0	0	0	0	0	0	0	0	0	0	1	0	2	0	0	0	0	0	1	0	0	0	0
0	0	0	0	0	0	0	6	11	10	22	26	76	0	63	40	18	10	14	8	6	6	18	6	4	7	9	4	4	6	0	0	5	1	3	2	3	0	1	1	2	2	2	1	0	0	2	0	0	1	1	0	0	2	1	0	3	0	1	0	0	3	2	4	3	0	4	0	0	2	2	1	2	2	1	2	0	0	0	2	0	1	0	1	2	2	1	1	0	1	2	2	0	4	2	2	5	3	5	1	3	3	5	3	3	3	3	4	8	3	3	4	0	0	2	1	3	2	2	0	1	1	2	1	0	1	0	0	0	1	0	3	6	0	1	1	5	4	1	1	0	1	0	0	0	0	0	0	1	1	0	1	0	0	0	0	0	0	1	0	0	0	0	0	0	0	0	0	0	0	0	0	0	0	0	0	0	1	0	0	0	0	1	0	0	0	0	1	0	0	1	0	0	1	0	0	1	1	0	1	1	1	0	0	0	0	2	1	1	0	0	3	2	0	0	2	0	0	0	1	1	0	0	0	0	1	0	1	1	0	0	0	0	0	0	0	1	0	0	0	2	0	2	0	1	0	0	0	0	1	1	0	0	0	0	0	0	0	1	0	2	0	0	0	0	0	0	0	0	0	0	0	0	0	0	0	0	0	1	0	0	0	0	0	0	0	0	0	0	0	0	0	0	0	0	0	0	0	0	0	0	0	1	0	0	1	0	0	0	1	0	0	0	1	3	0	1	0	0	1	0	1	0	0	0	3	0	1	0	0	0	0	0	0	0	0	0	0	0	0	0	0	1	0	0	0	0	0	0	0	0	0	0	0	0	0	0	0	0	0	0	0	1	0	0	0	1	1	0	0	0	0	1	0	0	1	1	0	0	0	0	0	0	0	0	0	1	2	0	0	0	1	0	0	1	1	0	0	0	1	0	0	0	0	1	0	0	0	0	1	0	1	0	0	0	0	0	0	0	0	0	1	0	0	0	0	0	0	0	0	0	0	0	0	0	1	0	0	0	0	0	0	0	0	0	1	0	0	0	1	0	0	0	0	0	0	1	0	0	0	1	0	0	0	0	0	0	0	0	1	0	1	0	0	0	0	0	1	0	0	0	1	0	1	0	0	0	0	0
0	0	0	0	0	0	0	13	15	20	14	16	48	63	0	68	19	10	6	7	0	7	12	6	4	5	7	6	3	2	2	3	6	1	5	8	8	3	5	6	1	1	1	1	1	1	0	4	1	0	3	1	0	0	1	0	1	1	0	0	2	0	2	2	2	1	0	0	0	5	1	1	3	2	1	3	1	2	0	1	1	0	2	0	1	1	1	0	1	0	1	5	3	7	3	5	14	7	1	3	1	7	9	2	4	2	3	3	5	3	4	0	3	5	4	0	2	0	1	1	0	1	1	0	0	0	2	0	1	0	3	3	1	1	2	1	3	2	4	3	1	1	0	1	2	3	1	2	1	0	0	2	0	0	1	0	1	1	1	0	0	0	1	2	0	0	1	0	0	1	0	0	0	0	0	0	1	2	0	0	0	1	0	0	0	0	1	0	0	0	1	2	0	0	1	0	0	1	0	0	0	1	0	1	0	1	1	0	2	0	0	1	0	0	0	0	0	0	0	0	1	0	0	0	0	0	0	0	0	0	0	0	0	0	0	0	0	0	3	0	0	0	1	1	0	2	1	2	0	0	1	0	0	0	0	0	0	0	0	1	0	0	0	0	0	1	0	0	0	0	0	0	1	0	0	0	0	0	0	0	0	0	2	0	0	0	0	0	0	0	2	0	0	0	0	0	0	0	0	1	0	0	0	1	0	0	1	0	0	1	0	1	0	0	1	0	0	1	0	0	0	0	0	0	1	0	0	1	0	0	0	0	0	0	0	0	1	0	0	0	0	1	1	1	0	1	1	0	0	0	0	0	0	0	0	0	0	0	1	0	0	0	0	1	0	0	0	0	0	0	0	0	1	0	0	0	0	0	0	1	0	1	0	0	0	0	0	0	1	0	0	0	1	1	1	0	0	0	0	1	0	0	0	0	0	1	0	0	0	1	0	0	0	0	0	0	0	0	0	0	0	0	0	0	1	0	0	0	0	1	0	0	0	0	0	0	0	0	0	0	0	0	0	0	0	0	0	0	0	1	1	0	0	0	0	0	0	0	0	1	0	1	0	0	0	0	1	0	1	0	1	1	0	0	0	0	0	0	0	0	0	0	0	0	0	0	0	0	0
0	0	0	0	0	0	0	3	6	25	11	4	11	40	68	0	31	18	22	15	8	23	12	9	2	3	9	5	4	5	5	6	7	12	10	12	7	8	4	3	1	2	2	0	1	0	0	2	1	1	0	1	2	1	1	1	1	3	0	3	2	3	5	2	3	1	3	2	0	0	3	3	2	7	3	5	2	1	2	0	0	0	0	1	1	2	1	1	2	2	3	1	3	3	5	3	8	7	3	8	2	5	5	5	8	0	2	0	15	9	4	3	3	0	0	1	1	1	1	1	0	1	0	1	0	1	0	1	2	1	1	4	2	2	2	0	2	3	4	1	0	0	2	0	1	0	0	1	1	0	0	2	0	0	1	0	0	0	0	0	0	0	0	0	0	0	0	0	0	0	0	0	0	1	1	1	0	0	1	0	0	0	0	0	0	0	1	0	1	1	0	0	0	2	1	0	1	0	1	0	2	0	1	0	1	1	0	1	1	1	1	0	1	1	0	2	1	0	1	0	2	0	0	0	0	0	1	0	2	0	0	0	0	0	0	0	2	1	1	2	0	0	0	2	0	0	0	0	0	0	3	0	0	1	0	0	0	0	0	1	0	0	0	0	0	0	0	0	1	0	0	1	0	1	0	0	0	0	0	1	0	0	0	0	0	0	0	0	0	2	0	0	0	0	0	0	0	0	0	0	0	0	0	1	0	0	1	0	0	0	0	0	0	0	0	0	0	0	0	1	0	0	0	1	0	0	0	1	2	0	0	1	0	1	1	1	0	0	0	0	0	0	0	0	0	0	0	0	0	1	0	1	0	0	0	0	0	0	0	0	0	0	0	0	0	0	0	0	0	0	1	0	0	0	0	0	0	0	0	1	0	0	1	0	0	0	0	0	0	0	1	2	0	0	0	0	0	0	0	0	0	0	0	0	0	0	0	0	1	0	0	0	0	1	0	0	0	0	1	0	0	0	0	0	0	0	0	0	0	0	0	0	0	0	0	0	0	0	0	0	0	0	0	0	0	1	1	0	0	1	0	0	1	1	0	0	0	0	1	0	0	0	0	0	0	0	0	0	0	0	0	0	0	1	1	1	1	0	0	0	1	0	0	0	0	2	0	0	0
0	0	0	0	0	0	0	1	4	8	4	5	11	18	19	31	0	190	84	16	8	14	10	8	4	3	4	8	4	5	3	1	4	3	1	3	2	5	6	2	0	2	0	1	1	0	0	1	2	1	0	0	0	2	2	3	0	2	2	1	2	6	4	2	0	0	2	0	3	1	4	6	1	1	3	0	2	0	1	0	0	0	1	1	1	1	1	0	3	3	1	5	4	7	6	5	9	10	3	6	1	5	1	4	3	2	3	3	11	8	7	4	5	3	2	0	1	3	0	2	0	2	1	0	1	2	4	1	2	1	1	8	1	3	1	2	4	4	7	0	1	3	0	1	0	0	2	0	0	1	1	0	1	2	0	0	0	0	0	0	0	0	0	0	0	1	0	0	0	0	0	0	0	0	0	0	0	0	0	0	0	0	0	0	0	0	0	0	0	0	0	2	1	2	0	0	0	1	0	0	0	1	1	1	3	0	1	2	1	1	2	0	2	0	1	1	1	2	0	1	1	0	1	0	1	0	0	0	1	0	0	0	0	2	1	0	1	1	1	0	1	0	2	0	1	1	0	0	1	1	1	0	4	0	0	0	0	0	0	0	0	2	1	0	2	0	1	1	0	0	0	0	0	0	0	0	0	0	0	0	0	0	0	1	0	0	0	0	0	1	0	0	0	0	2	0	0	0	0	0	0	0	0	0	0	0	0	0	0	0	0	1	0	0	0	1	0	0	0	0	2	1	1	0	1	0	1	1	0	0	0	1	1	0	0	1	0	0	0	0	0	1	0	0	0	0	0	0	0	2	0	0	0	0	0	0	0	1	0	0	0	1	1	0	0	0	0	1	1	1	0	0	0	0	0	0	1	0	0	0	0	0	0	1	0	0	0	1	0	0	0	0	1	0	0	0	0	1	0	0	0	1	1	0	0	0	0	0	0	1	0	0	0	0	0	0	0	0	0	1	1	0	1	0	0	1	0	0	0	0	0	1	0	0	0	0	0	0	0	0	0	1	1	2	0	0	0	0	0	0	0	0	1	0	1	0	0	0	0	2	0	1	2	2	0	0	0	1	0	0	0	0	0	0	0	0	2	1	1	0	0	0	0	1	0	0	1	0	0
0	0	0	0	0	0	0	3	4	4	4	5	9	10	10	18	190	0	27	15	3	9	9	12	3	6	5	3	3	7	0	1	1	5	4	3	4	3	3	2	1	0	0	0	3	0	3	0	0	1	1	0	0	0	0	2	1	2	1	0	1	1	0	5	3	2	2	1	4	2	2	3	1	0	1	0	0	5	0	1	2	0	0	1	0	3	2	1	1	3	2	3	2	8	2	11	18	15	8	0	7	6	2	0	3	1	1	2	4	7	5	3	0	2	2	2	0	2	0	1	1	1	1	2	0	0	1	4	0	0	4	3	7	1	0	2	2	1	2	2	3	0	1	1	0	0	0	1	1	1	1	0	2	0	1	0	1	0	0	0	0	0	0	0	0	0	0	0	0	0	0	0	0	0	0	0	1	0	0	0	0	0	0	0	1	0	0	1	1	0	1	0	2	3	0	0	0	2	2	1	1	0	0	1	3	0	4	1	0	1	0	3	2	2	1	2	1	0	0	2	3	0	1	0	0	1	0	2	2	1	0	1	0	0	0	1	2	0	1	5	0	1	2	0	0	1	0	0	0	0	0	1	1	0	1	0	1	0	0	1	2	0	1	1	0	0	1	0	0	0	0	0	0	0	1	0	0	1	0	0	0	0	0	0	0	0	0	0	0	0	0	0	0	0	0	0	0	1	0	0	1	1	0	0	1	1	0	0	0	0	0	1	0	0	2	0	1	0	0	1	0	0	1	0	1	1	1	0	1	0	2	0	0	1	0	0	0	0	1	0	1	0	1	0	0	0	0	0	1	0	0	0	0	0	0	1	0	0	0	1	0	0	0	1	1	1	0	0	0	0	1	0	0	0	0	0	0	0	0	0	0	0	1	0	0	1	0	1	0	0	0	0	1	0	0	1	1	0	2	0	0	0	0	0	1	0	0	0	0	0	0	0	0	0	0	1	0	0	0	1	0	0	1	0	0	0	0	1	0	0	0	0	0	1	0	1	1	0	0	2	0	0	0	0	0	0	0	1	0	0	0	1	1	1	0	0	0	0	0	0	0	1	0	1	0	0	0	0	0	0	1	0	0	2	0	0	0	0	0	0	0	0	0	0	0	0	0	0	0
0	0	0	0	0	0	0	0	5	6	5	2	4	14	6	22	84	27	0	55	9	11	7	15	4	5	7	6	3	5	2	5	8	3	2	9	8	2	6	0	2	1	2	1	1	1	2	4	0	2	2	0	1	0	2	1	1	1	3	2	1	1	2	3	4	0	2	4	1	0	1	2	1	2	1	2	2	2	2	3	4	0	1	2	2	2	2	1	0	1	2	1	4	1	4	1	6	17	8	4	4	3	8	4	0	1	3	2	10	13	11	5	3	3	3	5	6	2	1	1	1	3	1	2	1	1	4	1	1	6	1	5	4	5	2	5	4	4	3	1	1	1	1	0	1	2	1	0	1	0	0	1	1	0	1	0	0	1	0	0	0	1	0	0	0	0	0	0	0	0	0	0	0	0	0	0	0	0	0	0	0	0	0	0	0	1	0	0	0	1	0	1	3	3	1	0	4	1	2	0	0	1	0	3	1	0	0	7	2	1	0	1	2	3	0	3	1	1	1	0	1	0	1	1	2	0	1	2	0	2	0	1	2	0	0	2	0	3	0	1	2	1	0	0	0	1	1	0	2	2	1	0	0	0	1	0	0	0	0	1	0	0	0	0	1	0	0	0	0	0	0	0	0	0	0	0	1	0	0	0	0	0	0	0	0	0	0	0	0	0	0	0	0	0	0	0	1	0	0	0	1	0	0	0	0	0	0	0	0	0	1	0	0	0	1	0	0	0	1	0	0	0	0	2	1	2	1	1	2	0	1	1	0	2	0	0	0	0	0	0	0	0	0	0	0	0	0	0	0	0	0	0	0	0	0	0	0	0	0	0	0	0	0	0	0	2	1	1	0	0	0	0	0	0	0	0	0	0	0	0	0	1	1	0	1	0	0	0	0	0	1	0	0	1	0	0	0	0	0	0	0	0	0	1	0	0	0	0	0	0	0	1	0	0	0	0	0	0	0	1	0	0	0	0	0	0	0	0	0	0	1	0	0	0	0	0	0	0	0	1	0	1	1	0	0	0	0	0	0	1	0	0	0	0	0	0	2	0	0	1	0	0	0	0	0	0	0	0	1	0	0	1	0	1	0	0	1	0	0	0	0	2	0	0	0	1	0	0	0
0	0	0	0	0	0	0	1	6	11	8	2	7	8	7	15	16	15	55	0	28	20	19	34	12	16	10	8	9	6	6	9	20	11	8	5	9	2	1	3	1	1	1	0	1	0	1	5	2	1	0	0	0	1	0	2	4	2	5	1	0	1	1	1	6	4	2	1	1	2	0	5	4	2	0	1	3	0	1	2	1	1	0	1	0	1	2	1	1	1	2	2	0	1	5	4	5	11	8	1	4	6	2	2	2	0	3	4	9	13	21	11	4	5	4	4	0	0	2	3	2	6	4	2	0	2	2	4	2	2	5	8	8	8	6	5	10	11	3	0	2	1	1	0	1	1	0	0	0	0	2	1	1	2	0	0	0	1	1	0	2	0	0	2	0	0	0	0	0	0	1	0	0	0	0	0	0	0	1	0	0	0	0	0	0	0	0	1	1	1	1	1	1	0	2	1	0	0	1	0	0	1	2	2	0	1	2	0	2	4	4	2	1	1	2	0	2	2	1	1	1	2	1	0	0	0	0	0	0	0	0	0	0	0	0	1	0	1	0	2	2	0	2	1	1	0	0	2	0	0	0	1	0	0	0	0	0	1	1	0	0	0	1	0	0	0	0	0	0	0	0	0	0	0	0	0	0	0	0	0	0	0	0	0	1	0	0	0	0	0	0	0	0	0	0	1	0	0	0	0	0	1	0	1	0	0	0	0	0	0	0	0	0	0	0	0	0	0	0	1	0	0	0	2	0	1	1	2	1	0	0	1	0	0	0	1	0	0	0	1	0	1	1	0	0	0	0	0	1	0	0	0	0	0	0	0	0	1	1	0	0	0	0	0	0	0	1	0	1	0	1	0	0	0	0	0	0	1	0	2	0	1	0	0	0	0	0	0	0	0	0	0	0	0	0	0	0	0	0	0	0	0	0	0	0	0	0	0	0	1	0	0	0	0	0	0	0	0	0	0	0	1	0	0	0	0	0	0	0	0	0	0	0	0	0	0	0	0	0	0	0	1	0	0	1	0	0	0	1	0	1	1	2	2	0	0	1	1	0	1	0	0	0	0	0	0	0	0	0	0	1	0	0	1	1	0	0	1	0	0	0	1	0	0	0	0	0	0	1
0	0	0	0	0	0	0	2	5	7	5	1	5	6	0	8	8	3	9	28	0	52	22	7	5	7	2	4	4	7	5	9	31	13	19	20	11	5	1	4	1	0	2	1	1	2	3	1	2	1	2	1	2	1	3	1	5	4	2	5	4	6	4	7	8	4	1	3	5	6	1	0	7	2	4	1	5	2	2	0	1	1	0	1	0	1	1	0	1	1	0	1	1	1	2	4	2	4	11	6	3	6	3	2	3	3	0	3	15	12	30	11	8	7	6	4	2	5	0	5	6	2	7	7	5	3	5	5	4	9	4	24	12	17	10	21	39	5	7	3	1	2	1	0	1	1	0	0	0	1	0	0	0	0	0	0	0	1	0	0	3	2	1	0	0	0	0	0	0	0	0	0	0	0	0	1	0	0	1	0	0	0	0	0	0	0	0	0	0	0	1	2	0	0	1	3	0	0	2	2	3	1	1	1	3	1	1	0	1	1	2	1	2	3	0	0	1	1	0	0	1	0	0	1	0	0	1	1	2	0	0	1	0	0	2	0	0	1	1	0	0	0	1	0	0	1	0	1	0	0	0	0	0	0	0	0	0	0	0	1	1	0	0	1	0	0	1	0	0	0	0	0	0	0	1	0	0	0	0	1	0	0	0	0	0	1	1	0	0	0	0	0	0	0	0	1	1	0	0	1	0	0	0	0	0	1	1	0	0	0	0	0	0	1	1	0	0	0	0	0	0	0	0	0	2	0	1	0	0	0	0	0	1	0	0	0	0	1	0	2	0	1	0	0	0	0	0	0	0	2	0	1	0	0	0	0	0	0	1	0	0	0	0	0	0	1	0	0	1	0	0	0	0	0	0	0	0	0	0	0	0	0	0	0	0	1	0	0	1	0	1	0	0	0	0	0	0	0	0	0	0	0	0	0	1	0	0	1	0	0	0	0	0	0	0	0	0	0	0	0	0	0	1	1	0	0	0	0	0	0	0	0	0	0	0	1	1	0	0	0	0	0	0	0	0	1	0	0	0	0	0	0	0	0	0	1	0	1	1	0	0	0	0	0	0	0	0	0	0	0	0	0	0	0	0	1	1	0	1	0	0	0	1	0	0	0	0	0	0
0	0	0	0	0	0	0	3	10	29	11	10	8	6	7	23	14	9	11	20	52	0	35	8	5	3	6	1	5	6	6	7	14	27	18	31	8	12	2	0	1	2	3	0	0	1	2	0	1	1	1	0	1	2	4	2	1	1	2	1	5	2	1	4	5	6	3	1	5	4	4	6	2	2	2	3	2	3	2	3	5	0	2	0	2	2	1	1	0	1	1	2	3	3	3	5	8	5	4	11	8	8	7	0	2	4	2	4	16	14	10	5	5	2	2	0	2	2	1	1	1	3	4	3	2	3	4	5	4	3	3	10	8	4	5	6	22	12	5	1	4	1	0	0	3	0	1	0	0	0	0	0	1	0	0	0	1	0	0	0	0	0	1	1	0	0	1	0	0	1	0	0	0	0	0	0	0	0	0	0	0	1	0	0	0	0	0	0	0	1	1	1	0	0	0	1	1	1	0	0	1	0	0	3	0	1	1	3	2	2	2	0	0	1	1	0	1	0	0	2	0	1	1	0	0	0	3	0	0	1	0	0	0	0	0	0	2	1	0	0	0	0	0	0	0	0	0	1	1	1	1	2	0	0	0	0	0	1	0	0	1	0	0	0	0	0	0	0	1	0	0	0	0	0	0	1	0	1	0	0	1	0	0	1	0	0	0	0	0	0	0	0	0	0	0	0	0	0	0	0	0	1	0	0	0	0	0	0	0	0	0	0	1	0	0	0	0	0	1	0	1	0	0	0	0	1	0	0	1	0	0	0	1	0	0	0	0	0	0	1	1	0	0	1	0	0	0	0	0	0	0	1	0	0	0	0	0	0	0	2	0	0	1	0	0	0	0	0	0	0	0	0	0	0	0	0	0	0	0	0	1	0	0	0	0	1	0	0	0	0	0	0	0	1	0	0	0	0	0	0	0	0	0	0	0	0	0	0	0	0	0	0	0	0	0	0	0	1	0	0	1	0	0	0	0	0	0	0	0	1	1	0	0	0	0	0	0	0	1	0	0	1	0	0	0	0	0	0	0	0	1	1	0	0	1	0	0	0	0	0	0	1	0	0	0	0	0	0	1	0	0	0	0	1	1	1	0	1	0	0	0	0	0	0	0	0	0	1	0
0	0	0	0	0	0	0	4	4	33	18	7	5	18	12	12	10	9	7	19	22	35	0	39	10	9	5	13	8	7	2	5	14	28	15	9	5	2	0	3	5	1	0	3	1	0	1	0	1	0	0	0	1	1	0	0	0	1	5	3	2	2	1	1	8	6	4	1	1	1	3	3	0	2	1	1	4	0	0	1	3	0	0	0	0	0	0	0	1	1	1	3	4	0	4	2	3	5	1	2	0	0	7	6	1	0	0	4	5	3	5	5	2	2	0	1	1	2	2	3	3	1	1	2	1	0	7	3	1	1	4	3	8	4	4	5	4	3	1	3	1	0	1	1	1	0	1	0	0	0	0	0	1	0	1	0	1	1	0	1	0	0	0	1	0	0	0	0	0	0	0	0	0	0	0	0	2	0	0	0	0	0	0	0	0	1	0	0	1	0	1	0	0	0	1	0	1	1	1	0	0	0	0	0	1	0	0	0	1	0	2	1	1	2	1	0	0	0	1	0	0	0	1	1	0	0	0	2	0	0	0	0	0	1	0	0	0	0	1	0	2	1	0	0	0	0	0	0	0	0	1	1	2	0	0	0	1	1	0	0	0	0	1	0	0	0	0	0	0	0	0	0	0	0	0	0	0	1	0	0	0	0	0	0	0	0	0	0	0	0	0	0	0	0	0	0	0	0	0	1	0	0	0	0	0	0	0	0	0	0	1	0	0	0	0	0	0	1	0	0	0	1	0	0	1	0	1	0	1	0	0	0	0	0	0	0	1	0	0	0	0	0	0	1	1	1	0	1	0	0	1	0	1	0	0	0	0	0	0	0	0	0	0	0	0	0	0	2	0	1	0	0	1	0	0	0	0	0	0	0	0	0	1	0	0	0	0	0	0	0	1	0	0	0	0	0	1	0	0	0	0	0	0	1	0	1	0	0	0	0	0	0	0	1	0	1	0	0	0	0	0	0	0	0	0	0	0	0	0	0	0	1	0	0	0	0	1	0	0	0	0	0	0	0	1	1	0	0	0	0	0	3	0	0	0	0	0	1	0	0	0	1	0	0	0	0	2	0	0	0	0	1	1	0	1	0	0	1	0	0	0	0	0	0	0	0	0	1	0
0	0	0	0	0	0	0	2	10	10	8	3	4	6	6	9	8	12	15	34	7	8	39	0	19	14	26	27	17	28	5	6	18	14	10	4	9	2	0	1	1	1	0	0	0	1	1	0	0	2	0	0	0	0	0	0	1	0	2	1	0	0	1	4	4	2	2	1	2	5	1	3	1	2	3	3	0	1	0	2	0	1	1	1	1	0	2	0	2	1	2	1	2	2	5	1	2	4	5	1	3	2	2	0	1	2	1	1	6	4	6	8	3	3	2	1	3	2	1	1	2	2	0	5	0	2	3	6	3	1	5	10	8	8	4	3	9	2	2	2	1	1	1	0	0	0	1	0	0	1	1	2	0	0	0	0	0	0	0	0	0	1	1	1	0	0	0	0	0	0	1	0	0	0	0	0	0	1	1	0	0	0	1	0	0	0	0	2	0	1	0	0	1	1	0	0	0	1	3	1	0	1	0	0	0	0	1	1	1	0	1	2	1	0	2	0	1	0	0	3	2	1	0	0	0	0	0	1	0	1	0	0	0	0	1	0	0	0	1	2	2	1	2	0	0	0	0	1	0	1	0	0	1	0	0	0	0	0	0	0	1	0	0	1	0	0	1	0	0	0	0	0	0	0	0	0	0	0	0	0	0	0	0	0	0	0	0	0	0	0	0	0	0	0	0	0	0	0	0	0	0	0	0	0	0	1	0	0	0	2	0	0	0	0	0	0	0	0	0	0	0	0	2	0	0	1	0	0	1	0	0	2	0	1	0	1	0	0	2	0	0	0	1	0	0	1	0	0	0	0	0	0	0	0	0	0	0	0	1	0	0	0	0	0	0	0	0	0	0	0	2	0	1	0	0	0	1	0	0	0	0	0	1	0	0	1	0	0	0	0	0	0	0	0	0	1	1	0	0	2	0	0	0	0	0	0	0	0	0	0	0	0	1	0	0	0	0	0	0	1	0	1	0	1	1	0	1	0	1	0	0	0	0	0	0	0	0	1	0	0	0	1	0	0	0	0	0	0	0	0	0	0	2	0	0	0	0	0	0	0	0	1	0	0	0	0	1	0	0	1	1	1	0	0	0	0	1	0	0	0	0	0	1	1	0	1	0	0	0
0	0	0	0	0	0	0	0	5	7	1	0	3	4	4	2	4	3	4	12	5	5	10	19	0	34	18	15	37	32	7	14	8	2	2	3	1	1	2	1	1	0	1	0	2	1	0	0	0	0	0	0	0	0	0	0	0	1	0	1	1	1	3	4	1	1	0	2	0	0	3	0	0	1	0	0	0	1	1	2	1	0	1	1	0	0	0	1	1	1	1	2	0	0	4	2	2	4	1	0	2	2	0	0	0	3	1	2	1	3	5	4	2	2	3	4	6	4	1	5	9	5	2	1	1	1	1	3	4	1	1	8	7	3	3	2	2	1	1	1	0	1	0	0	1	0	1	1	1	1	1	0	0	1	0	0	0	0	1	0	0	1	0	0	0	1	0	0	0	0	0	0	0	0	0	0	0	0	0	0	0	0	1	0	0	1	0	1	0	1	1	1	1	2	0	1	0	0	1	0	2	1	0	0	0	0	0	1	0	0	1	0	0	0	3	2	1	0	1	0	0	1	0	0	0	0	0	0	0	0	0	0	1	0	0	1	1	0	1	0	0	0	1	1	1	0	1	1	1	0	0	0	1	0	0	1	0	0	0	1	0	0	0	1	0	0	0	0	0	0	0	0	0	0	0	0	1	0	0	0	0	0	0	0	0	0	0	0	0	0	1	0	1	0	1	0	0	0	0	1	0	0	0	0	0	0	0	0	0	0	0	0	0	0	0	0	0	0	0	1	0	1	1	0	0	0	0	0	0	0	0	0	0	2	0	0	0	1	0	1	0	1	0	0	0	0	0	1	0	0	1	0	0	0	1	0	0	0	0	0	2	0	0	0	0	0	0	0	0	0	1	0	0	0	2	0	0	0	0	0	0	0	0	0	0	0	0	0	0	1	0	0	0	0	0	0	0	0	0	0	0	0	0	1	0	0	0	0	0	0	0	0	0	0	0	0	1	0	0	0	0	0	0	0	1	0	0	0	0	1	0	0	0	0	0	0	0	0	1	0	0	0	0	0	0	0	0	1	1	0	0	0	0	0	0	0	0	0	0	0	0	0	0	0	0	0	0	0	1	0	0	1	0	0	0	0	1	0	0	2	0	0	0	0	1	0	1	0	0
0	0	0	0	0	0	0	4	5	6	3	2	2	7	5	3	3	6	5	16	7	3	9	14	34	0	56	11	25	13	4	0	3	5	4	5	2	2	0	1	2	3	0	0	1	1	1	1	1	1	0	1	0	0	0	0	0	0	2	0	1	2	0	1	0	0	1	1	3	1	0	0	1	2	0	0	3	0	4	1	1	0	0	0	0	0	1	1	1	1	2	0	2	2	1	0	1	4	2	1	0	0	0	0	0	0	2	1	3	7	3	3	1	5	4	2	2	5	2	2	1	2	1	0	1	1	0	0	0	3	1	4	2	4	0	0	7	0	0	0	0	0	0	0	0	0	0	1	0	0	0	1	1	1	0	0	1	0	0	0	0	0	0	0	0	0	0	0	0	0	2	0	0	0	0	0	1	0	0	0	0	1	1	0	1	1	0	0	0	0	0	0	1	1	1	0	0	1	0	0	1	0	1	2	0	0	1	0	0	1	0	1	1	1	1	1	0	0	0	0	0	0	1	1	1	1	1	0	0	0	1	0	1	0	1	1	0	0	1	1	0	0	1	0	1	1	1	0	0	0	1	0	0	0	0	0	0	0	0	0	0	1	1	1	0	1	1	0	0	0	0	0	0	0	0	0	0	0	1	1	0	0	0	0	0	0	0	0	0	1	0	0	0	0	0	0	0	0	0	0	0	0	1	0	0	0	0	0	0	1	0	0	0	0	0	0	0	0	0	1	0	0	0	0	1	0	0	0	0	0	0	0	0	0	0	0	0	1	1	2	0	1	0	0	0	0	0	0	0	0	1	0	0	0	0	0	0	0	0	0	0	1	1	0	0	0	0	0	0	0	0	0	0	0	0	0	0	0	0	0	0	0	0	3	1	0	0	0	0	0	0	1	0	0	1	0	0	0	0	0	0	0	0	1	0	0	0	0	0	0	0	0	0	1	0	0	0	0	0	0	0	0	0	0	0	0	0	0	1	0	0	0	1	1	0	0	0	0	0	0	0	0	0	0	0	0	1	0	0	0	0	0	0	0	1	0	0	0	0	1	0	0	1	1	0	0	0	1	0	0	0	0	1	0	0	0	2	3	0	2	1	0	0	0	1	0	0	0	0
0	0	0	0	0	0	0	2	3	6	11	6	3	9	7	9	4	5	7	10	2	6	5	26	18	56	0	34	16	11	5	6	7	7	3	5	3	1	2	1	0	1	1	0	0	0	1	0	0	0	1	0	0	0	3	2	0	4	1	2	1	1	2	2	1	3	1	1	3	0	1	0	1	2	0	0	0	0	0	1	1	0	0	0	0	1	0	0	0	1	0	1	2	0	3	3	2	2	3	1	1	1	0	0	1	2	1	2	1	1	2	2	1	3	0	0	1	3	4	1	3	1	1	3	2	1	2	0	4	2	3	1	4	2	2	3	0	2	2	0	1	0	0	0	0	3	0	0	0	0	0	1	0	2	0	0	0	1	0	0	0	0	2	0	0	0	0	1	2	0	0	0	1	0	0	0	0	0	0	1	0	0	1	0	1	0	0	1	1	0	1	0	0	0	0	1	1	0	0	2	0	0	1	1	1	0	1	0	1	0	0	2	1	0	0	0	0	2	0	0	1	0	0	1	0	0	0	0	2	0	2	0	0	1	0	0	0	0	1	0	1	0	0	0	1	0	0	2	0	0	0	1	0	1	0	0	0	0	0	0	0	0	1	0	0	1	0	1	0	0	0	0	0	0	0	0	0	0	0	0	0	0	0	0	0	0	0	0	0	0	0	0	0	0	0	0	0	0	0	0	2	0	0	0	0	0	0	0	0	0	0	2	0	0	0	0	0	0	0	0	0	1	1	0	0	0	0	0	0	1	2	0	0	0	1	2	0	0	0	0	0	0	0	1	0	0	1	0	0	0	0	0	0	1	0	0	0	0	0	0	0	0	0	0	0	1	0	0	1	0	0	0	0	0	0	1	0	0	0	0	0	0	1	0	0	2	0	0	0	0	1	0	0	0	0	0	0	0	0	0	0	0	0	0	1	0	0	0	0	1	0	1	0	0	0	1	1	0	0	0	0	2	1	0	0	1	0	0	0	0	0	1	2	0	0	0	0	1	2	0	0	0	1	0	1	1	0	0	0	0	0	0	0	0	0	2	1	0	0	0	1	1	0	0	0	0	0	1	0	2	0	0	0	0	0	0	1	1	0	0	0	0	0	0	0	0	0	0	0
0	0	0	0	0	0	0	1	4	4	8	3	4	4	6	5	8	3	6	8	4	1	13	27	15	11	34	0	43	11	15	5	7	9	3	5	1	0	1	2	1	0	0	0	1	2	2	0	0	0	0	1	1	0	0	1	1	1	0	3	1	0	1	1	4	5	2	3	0	1	4	1	1	2	0	0	3	0	2	0	0	2	0	0	0	0	1	1	2	0	2	2	2	1	1	0	0	1	0	2	2	0	4	3	0	1	1	3	3	3	0	4	5	2	1	3	3	4	2	2	1	1	3	2	2	4	4	2	0	1	2	0	4	5	2	4	3	5	0	2	0	0	1	1	0	1	0	0	0	0	0	1	0	0	0	0	0	0	1	0	0	0	2	0	1	0	0	0	0	0	0	0	0	0	0	0	0	0	0	1	0	0	1	0	0	0	0	0	0	0	0	1	0	0	2	0	0	0	1	1	0	0	0	1	0	0	1	0	0	1	0	0	0	1	0	0	0	0	0	0	1	0	1	0	0	0	0	0	0	0	0	0	0	1	1	0	1	0	1	0	1	0	0	2	1	0	0	0	0	2	0	1	0	0	0	0	1	0	0	0	0	0	0	0	0	1	0	0	0	0	0	0	0	0	0	0	0	0	0	1	0	0	0	1	0	1	0	0	0	1	1	0	0	0	0	0	1	0	0	0	0	0	0	0	0	0	0	0	0	0	0	0	0	1	0	1	0	0	0	0	0	0	0	0	0	0	0	0	2	1	0	0	0	0	1	0	0	0	0	0	0	1	0	0	0	0	0	0	0	0	0	0	0	0	0	0	0	0	1	1	0	0	0	0	0	0	0	0	0	1	0	0	0	0	0	0	0	0	0	0	1	0	0	1	0	0	0	0	0	0	1	0	0	0	0	0	1	0	0	1	0	0	0	0	1	0	0	0	0	0	0	0	1	0	1	0	0	0	1	0	0	0	0	0	0	0	0	0	0	0	0	0	0	0	0	1	0	1	0	0	1	1	0	0	0	0	0	0	0	1	0	0	0	0	0	0	0	0	0	0	0	0	0	0	1	0	0	0	0	0	0	0	1	1	1	0	0	1	1	0	0	0	0	0	0	0	0	0	0
0	0	0	0	0	0	0	0	3	4	2	3	5	4	3	4	4	3	3	9	4	5	8	17	37	25	16	43	0	45	13	6	9	11	6	2	1	0	3	0	1	1	0	0	0	1	0	2	1	1	0	1	1	0	0	1	1	1	1	0	1	0	2	0	5	3	1	1	1	1	1	3	1	1	1	3	0	0	0	0	1	0	0	0	0	1	0	1	0	1	0	1	0	1	1	2	3	0	2	0	1	2	1	1	2	0	1	0	2	3	3	4	2	2	1	3	1	3	3	2	6	7	3	2	3	0	1	1	1	1	3	5	6	5	3	6	3	2	1	0	0	2	0	0	0	0	0	0	0	0	0	0	1	2	0	1	0	0	0	0	0	1	0	0	0	1	0	0	0	0	1	0	0	0	1	0	0	0	0	0	0	0	0	0	0	0	0	0	0	0	0	0	1	0	0	2	1	0	0	0	0	1	0	1	0	1	0	0	0	1	0	0	0	0	1	0	0	0	0	0	0	2	1	1	0	0	0	0	0	1	0	0	0	1	0	0	0	1	0	0	0	1	2	0	0	1	0	0	2	1	0	3	0	0	0	0	0	1	1	0	0	1	0	1	0	1	0	0	0	0	1	0	1	0	0	0	1	0	0	0	0	1	0	0	0	0	0	0	0	0	0	0	0	0	0	0	0	1	0	0	0	0	0	1	0	0	0	0	1	0	1	0	0	1	0	0	0	0	0	0	1	0	0	0	0	0	1	1	0	1	0	0	0	0	1	0	1	1	0	0	0	0	0	0	0	1	1	0	0	0	0	0	1	0	0	0	0	0	1	0	0	0	1	0	0	0	0	0	0	1	0	0	0	0	0	0	0	0	0	0	0	0	0	0	0	0	1	0	0	0	0	0	0	1	0	0	0	0	0	1	0	0	0	0	0	0	0	0	0	0	0	0	0	0	0	1	0	1	0	0	0	1	0	0	0	0	0	0	0	0	0	0	0	0	0	0	1	0	0	0	0	0	0	0	1	0	0	0	0	0	0	0	0	0	0	0	0	0	0	1	1	0	1	0	0	0	0	0	0	0	0	0	1	0	0	0	1	0	0	0	0	1	0	1	0	0	0	0	0
0	0	0	0	0	0	0	2	5	3	0	1	1	6	2	5	5	7	5	6	7	6	7	28	32	13	11	11	45	0	53	33	15	14	5	1	2	1	0	1	1	1	0	0	1	0	4	0	0	1	0	2	0	1	1	1	2	2	0	0	0	2	2	0	3	1	6	1	2	0	2	1	5	1	1	0	1	2	0	0	0	0	0	2	0	0	0	0	0	1	2	2	0	0	2	1	2	3	1	5	0	0	3	1	0	2	1	0	1	4	1	3	7	4	4	4	3	5	5	1	7	7	1	3	0	1	3	5	5	6	5	12	11	8	2	4	2	1	1	0	0	0	1	0	1	1	3	0	0	3	2	0	0	0	0	0	1	2	2	0	0	1	0	0	0	0	0	0	0	1	0	0	0	0	0	0	1	0	0	0	0	0	0	0	0	0	0	0	1	0	0	0	0	0	0	1	0	0	0	1	0	1	1	0	3	1	0	1	0	0	1	1	2	1	0	0	0	2	0	0	1	1	2	0	0	1	0	0	2	0	0	0	0	0	0	0	1	0	1	0	3	0	1	0	0	0	0	2	0	0	0	0	0	1	0	0	0	1	0	0	0	0	0	0	0	0	1	0	0	0	0	0	0	0	1	0	0	0	0	1	0	0	1	0	0	0	0	0	1	0	0	0	0	0	0	0	0	0	1	0	0	0	0	0	0	0	0	0	0	0	0	0	0	0	0	1	0	0	0	0	0	0	0	0	0	0	0	0	0	0	0	0	0	1	0	0	0	0	1	1	0	0	0	0	1	0	0	0	0	0	0	1	0	0	0	0	0	0	0	0	0	0	1	0	1	0	1	0	0	0	0	0	0	0	0	0	0	1	0	0	0	1	0	0	1	0	0	1	0	0	0	1	0	0	0	0	0	1	0	0	1	1	1	0	0	0	0	0	0	0	0	0	0	0	1	0	0	0	0	0	0	0	0	0	0	0	0	1	0	0	0	0	0	1	0	0	0	0	0	0	0	0	0	0	0	0	0	0	0	0	0	0	0	0	0	1	0	0	0	0	0	0	0	0	0	0	0	0	0	0	0	1	0	1	0	0	0	0	0	0	0	1	0	0	0	0	0	0	0
0	0	0	0	0	0	0	0	4	3	2	0	2	0	2	5	3	0	2	6	5	6	2	5	7	4	5	15	13	53	0	62	17	5	3	2	2	1	0	1	0	1	1	2	1	0	1	1	0	0	0	0	1	1	0	1	1	0	1	1	2	0	2	4	5	3	2	1	2	3	0	1	3	3	1	1	2	1	0	1	1	0	0	0	0	0	0	1	0	2	1	0	2	1	0	4	1	1	4	1	1	1	1	1	1	0	2	3	5	2	2	6	2	2	3	3	1	6	6	2	9	3	3	4	3	4	4	2	2	1	7	7	15	6	3	5	2	4	1	1	0	2	0	0	3	0	0	1	0	1	0	0	0	0	0	1	0	0	0	0	0	0	0	2	0	0	0	0	0	0	0	0	0	0	0	0	0	0	0	0	0	1	0	1	1	0	0	0	1	0	0	1	0	0	0	2	2	1	0	3	0	0	1	1	0	0	0	0	2	1	1	0	1	0	0	1	0	0	1	0	0	0	0	0	0	0	1	1	0	0	0	0	0	0	1	0	0	0	0	0	0	0	0	1	0	0	0	0	2	1	1	0	0	0	0	0	1	0	0	0	0	2	0	0	0	0	0	0	0	0	0	0	0	0	0	0	1	0	0	0	1	0	0	1	0	0	0	0	0	0	0	0	0	0	0	0	0	0	0	0	0	0	0	1	0	0	0	0	0	1	0	0	0	0	0	1	0	0	0	0	0	0	0	1	1	0	1	0	0	1	0	0	0	0	0	0	1	0	0	0	0	1	0	0	0	0	0	0	0	0	0	0	0	0	0	0	0	0	0	0	0	0	0	0	0	0	0	0	1	0	0	0	0	1	0	0	0	1	0	0	0	0	0	0	0	0	0	0	0	1	0	0	0	0	0	0	0	0	0	0	0	0	0	0	0	0	0	0	0	0	3	0	0	0	0	0	2	0	0	0	0	0	1	0	0	0	0	0	0	0	0	1	1	0	0	0	0	0	1	0	0	0	0	0	1	0	0	0	0	0	0	0	0	0	0	0	0	1	0	0	0	0	0	0	0	0	0	0	0	0	0	0	0	1	1	0	0	0	0	0	0	0	0	0	1	2	0	0	0
0	0	0	0	0	0	0	0	0	1	1	1	0	0	3	6	1	1	5	9	9	7	5	6	14	0	6	5	6	33	62	0	42	18	11	3	1	2	0	0	2	0	0	0	0	0	0	0	1	0	0	2	2	1	0	1	0	1	1	4	3	5	3	5	8	7	10	6	4	7	2	3	1	1	0	1	5	0	0	1	0	0	1	0	0	0	1	0	0	1	2	3	0	2	3	1	1	2	3	0	3	1	1	0	0	3	1	1	3	1	5	2	3	3	1	3	6	5	8	6	11	17	6	1	8	5	9	3	5	3	9	12	52	18	8	8	6	2	4	0	2	0	1	0	0	1	0	0	1	0	0	1	1	0	1	0	0	0	0	1	0	0	0	0	0	0	0	0	0	0	1	0	0	0	0	0	0	0	0	0	0	0	0	0	0	0	0	0	0	1	1	1	0	1	0	1	0	1	2	0	0	1	0	2	1	1	1	0	1	0	1	2	0	0	1	0	0	1	0	0	2	0	0	0	0	0	0	0	0	0	2	0	0	0	1	1	0	0	0	1	1	1	1	1	1	0	1	1	2	0	1	0	0	0	0	0	0	0	1	1	0	0	0	0	0	0	0	0	0	0	0	0	0	0	0	0	0	0	0	0	0	0	0	1	1	1	0	0	0	0	0	0	1	1	0	0	0	0	0	0	0	0	0	0	0	0	0	0	0	0	0	0	0	0	0	0	0	0	1	0	0	0	0	0	0	1	0	0	0	0	1	1	0	0	0	0	0	0	0	0	0	0	0	0	0	0	0	1	0	0	0	0	1	0	0	1	1	1	0	1	1	0	0	0	0	0	0	1	0	0	0	0	1	0	0	0	0	1	0	0	0	0	0	0	1	0	0	0	0	0	0	0	0	1	0	0	0	0	0	0	0	0	1	0	0	0	0	0	0	0	0	0	0	0	0	0	0	0	0	1	0	0	0	0	0	0	0	0	0	0	1	0	0	0	0	0	0	0	1	0	0	1	0	0	0	0	0	0	0	1	2	0	0	0	0	0	0	0	0	0	0	0	0	0	0	1	0	2	0	1	0	0	0	1	0	0	0	0	0	0	0	0	0	1	0	0	0	0	0
0	0	0	0	0	0	0	1	3	6	0	2	2	5	6	7	4	1	8	20	31	14	14	18	8	3	7	7	9	15	17	42	0	50	18	12	4	3	2	2	2	0	4	1	0	2	0	2	0	0	1	0	2	3	1	0	3	1	1	1	1	5	8	5	15	9	7	9	2	3	3	2	2	1	1	0	2	2	1	1	0	1	0	2	0	0	2	0	1	2	3	1	1	1	1	2	3	4	2	1	3	1	4	1	2	1	2	4	8	4	8	4	2	3	3	4	5	6	0	9	4	12	5	4	5	6	5	4	6	2	9	24	33	29	7	14	13	3	1	3	0	0	3	1	0	0	0	0	1	0	1	1	1	0	0	1	0	0	1	0	1	0	0	0	0	0	0	0	0	0	1	0	0	0	0	0	0	1	0	0	0	0	0	0	0	0	0	0	0	1	1	0	2	0	0	1	0	1	0	1	0	1	3	1	1	1	1	0	2	1	1	1	3	0	2	0	1	1	0	1	1	0	0	0	1	0	0	0	1	0	1	0	0	1	0	1	1	1	0	1	1	2	1	1	0	0	0	2	1	1	0	0	0	0	1	0	0	0	0	1	0	1	0	0	0	0	1	1	1	0	0	0	0	0	0	0	0	0	0	1	0	0	1	0	0	0	0	0	1	0	0	0	0	0	0	0	0	0	0	0	0	0	0	0	0	0	0	0	0	0	0	0	0	0	1	0	0	0	0	0	0	0	0	2	0	1	0	0	1	3	0	0	2	1	0	0	1	0	0	0	0	0	0	0	0	0	0	1	0	0	0	0	0	0	0	0	1	0	0	0	0	0	0	0	0	0	0	0	0	0	1	0	0	0	0	1	0	0	0	0	0	0	0	0	0	0	0	0	0	0	0	0	1	0	0	1	0	0	0	0	0	0	0	0	1	0	0	0	0	0	0	0	0	0	0	0	0	0	0	0	0	0	0	0	0	0	1	0	0	0	0	0	0	0	0	0	0	0	0	0	0	0	0	0	0	0	1	0	0	0	0	0	2	0	0	0	0	0	0	0	0	0	0	0	0	0	0	0	0	0	0	0	0	0	1	0	0	0	0	0	1	0	0	0	0	1	0	0	0
0	0	0	0	0	0	0	4	4	6	7	4	1	1	1	12	3	5	3	11	13	27	28	14	2	5	7	9	11	14	5	18	50	0	37	10	8	3	3	4	1	0	1	0	0	0	0	1	0	0	1	2	0	3	1	2	5	0	1	4	0	0	3	4	16	6	6	8	5	3	4	3	5	1	3	3	3	0	3	1	0	1	0	1	2	2	1	1	1	1	3	0	0	3	4	1	4	4	1	2	3	1	3	1	2	1	1	2	1	4	3	2	8	4	1	1	1	1	2	5	5	8	5	3	3	2	5	3	3	4	4	14	5	13	11	11	6	1	2	1	2	2	0	1	0	1	0	1	1	0	0	1	1	0	0	0	0	0	0	1	0	0	0	1	0	0	0	0	0	0	0	0	0	0	0	0	0	0	0	0	0	0	0	0	0	0	1	0	1	0	0	1	1	0	3	0	1	0	2	2	0	0	1	1	2	0	0	1	1	1	0	0	0	0	0	1	0	1	0	1	1	0	1	0	0	1	0	0	0	0	0	1	1	2	0	0	1	0	1	1	0	1	0	0	1	0	0	2	2	0	0	0	0	0	0	0	1	0	0	0	0	0	0	0	0	1	0	0	0	0	0	0	0	0	0	0	0	0	0	0	0	0	0	0	0	0	0	0	1	0	0	2	0	0	0	0	0	0	1	0	0	0	1	1	0	0	0	0	0	1	0	0	0	0	0	0	0	1	0	0	0	0	1	0	2	0	0	0	0	0	0	0	0	1	0	0	0	0	1	0	0	0	0	0	0	0	0	0	0	0	0	1	0	0	0	0	0	0	0	0	0	0	0	0	0	0	0	0	0	0	0	0	0	0	0	0	0	0	0	1	0	0	1	0	0	0	0	0	0	0	0	0	0	0	0	0	0	1	0	0	0	0	0	0	0	1	0	0	0	0	0	0	0	0	0	0	0	0	0	0	0	0	0	0	0	0	0	1	0	0	0	0	0	0	0	0	0	0	0	0	0	2	0	1	0	0	0	0	0	1	1	0	0	0	0	0	0	0	0	0	1	0	0	0	2	0	0	0	0	0	0	0	0	0	0	0	0	0	0	0	0	0	0	0	0	1	0	0	0
0	0	0	0	0	0	0	4	11	16	8	2	5	3	5	10	1	4	2	8	19	18	15	10	2	4	3	3	6	5	3	11	18	37	0	21	10	10	2	3	1	0	1	3	0	1	0	1	1	1	4	0	0	2	2	2	2	4	0	5	6	3	5	10	17	8	6	2	6	5	4	7	10	3	3	2	3	2	4	1	1	0	0	1	1	0	2	0	0	2	1	1	1	2	2	1	3	6	3	2	2	7	2	1	1	2	1	2	4	1	5	4	2	4	2	1	1	4	0	1	2	5	5	2	0	3	5	5	4	2	4	6	3	14	15	10	17	6	3	3	2	0	2	2	1	0	2	1	0	0	1	0	0	0	1	1	0	1	0	0	0	0	0	0	0	0	0	0	0	0	0	2	0	0	1	1	0	0	0	1	0	0	0	0	0	0	0	0	0	0	0	1	0	1	0	2	0	0	0	2	0	2	0	0	1	2	0	0	0	1	1	0	2	1	0	0	0	0	0	0	0	1	0	0	0	0	0	0	0	0	0	1	0	0	0	0	0	0	0	1	1	0	2	1	0	0	0	0	1	1	0	1	0	0	0	0	0	1	0	1	0	0	0	0	0	0	0	0	0	0	0	0	0	0	0	0	1	0	0	0	0	0	0	0	0	0	0	0	0	0	0	0	0	0	0	0	0	0	0	0	0	0	0	0	1	0	0	0	0	0	0	0	0	0	1	0	0	0	0	0	0	0	0	0	0	0	0	0	0	0	0	1	1	0	0	0	0	1	1	0	0	0	0	2	0	1	0	0	0	0	0	0	0	0	0	0	0	1	0	0	0	0	0	0	0	0	1	0	0	1	0	0	0	0	0	0	0	0	0	1	0	0	1	0	0	0	1	0	0	0	0	0	0	0	0	0	0	0	1	0	0	0	0	0	0	0	0	0	0	0	0	0	0	0	1	1	0	0	0	0	0	0	1	0	0	0	0	2	0	0	0	1	0	0	0	1	1	0	0	0	0	0	0	0	1	0	1	0	0	0	0	1	1	1	0	0	1	0	0	1	0	1	0	1	0	0	0	0	0	0	0	0	0	0	0	0	1	1	0	0	0	0	0	0	0	1	0	0	0
0	0	0	0	0	0	0	9	11	16	6	4	2	2	8	12	3	3	9	5	20	31	9	4	3	5	5	5	2	1	2	3	12	10	21	0	39	11	13	8	1	3	0	0	2	1	1	4	1	2	0	3	2	2	3	4	2	3	2	3	1	4	9	9	12	12	4	5	7	4	8	11	5	4	3	4	1	2	1	3	1	2	0	2	2	3	5	0	0	1	3	4	1	2	5	4	5	6	6	8	3	7	11	10	5	4	2	8	19	7	7	4	3	6	3	3	1	2	1	5	1	1	3	3	1	1	2	0	1	3	3	7	2	5	3	6	23	15	7	0	0	2	1	0	1	1	1	1	0	2	0	1	1	1	1	1	0	0	0	0	0	0	0	0	0	0	0	0	0	0	1	0	0	0	0	0	0	0	0	0	0	0	0	0	1	0	0	0	0	0	1	0	0	0	0	1	0	0	0	0	0	0	0	1	0	2	0	1	0	2	2	1	0	1	1	1	2	0	2	0	0	0	1	0	0	0	0	1	0	0	0	0	0	0	0	0	0	0	1	2	1	0	1	0	2	0	1	0	1	0	0	1	1	0	0	0	0	0	0	0	0	2	0	1	1	0	0	0	0	0	0	0	0	0	1	0	0	0	0	0	0	0	0	1	0	0	0	0	0	0	0	0	0	1	1	0	0	0	0	0	0	0	0	0	0	0	1	0	0	0	0	0	0	0	0	0	0	0	0	0	0	0	0	1	0	0	0	0	1	0	0	1	0	0	0	0	0	2	0	0	0	0	0	1	0	0	1	0	0	0	0	0	0	0	0	0	0	0	0	0	0	0	0	0	0	0	1	0	0	0	0	0	0	0	0	0	1	2	0	0	0	0	1	0	1	1	0	1	0	1	0	2	0	0	0	0	1	0	0	0	1	0	0	0	0	0	1	0	0	0	0	0	0	0	0	0	0	0	2	0	0	0	0	0	0	1	1	0	0	0	0	0	0	1	0	0	0	0	0	0	0	0	0	1	1	0	0	1	0	0	0	0	0	0	0	0	0	1	0	0	0	1	1	1	1	0	1	0	0	0	0	1	0	0	1	0	0	0	1	1	0	0	0	1	0	1	0	0	0
0	0	0	0	0	0	0	13	15	6	6	2	3	3	8	7	2	4	8	9	11	8	5	9	1	2	3	1	1	2	2	1	4	8	10	39	0	32	19	7	6	3	4	3	2	2	3	2	1	1	1	2	2	2	3	5	3	3	3	2	3	2	1	4	6	0	3	3	2	3	5	7	5	3	5	5	3	7	4	0	1	1	4	3	1	3	1	0	3	5	5	7	6	4	5	6	9	8	14	7	9	28	33	16	9	7	7	11	47	10	3	1	1	3	3	1	2	4	0	0	1	6	1	0	0	0	0	3	3	1	5	4	5	5	3	8	14	5	3	0	0	3	3	1	1	2	1	1	0	1	1	1	1	0	1	1	0	0	0	0	1	0	1	0	0	2	0	0	0	0	0	0	0	0	0	0	1	0	2	0	0	1	0	0	0	1	0	0	1	3	2	0	0	0	2	1	0	2	0	2	1	2	2	0	2	1	1	2	0	1	1	1	0	2	3	2	0	0	1	1	1	0	0	2	0	0	2	0	0	0	0	0	0	1	0	1	0	0	0	0	0	0	0	0	0	1	0	1	0	2	0	0	0	0	0	0	0	0	1	0	2	1	0	1	0	1	0	0	0	0	0	1	0	1	0	1	0	1	0	0	0	0	0	0	0	0	0	0	0	0	0	1	1	0	0	0	0	0	0	0	0	0	0	0	0	0	1	0	1	1	0	0	0	0	0	0	0	0	0	0	0	0	1	0	0	2	0	1	1	2	1	1	0	1	0	2	1	0	0	0	0	0	0	0	0	0	1	1	0	0	0	0	0	0	0	0	0	0	0	0	0	2	1	0	0	0	1	0	0	1	0	0	0	0	0	0	0	0	1	1	0	0	0	0	1	3	0	0	0	0	0	1	0	0	0	0	0	0	0	0	0	0	0	1	0	0	1	1	0	1	1	0	1	0	0	0	1	2	0	2	0	0	0	0	0	0	0	0	0	2	0	0	0	1	0	0	0	0	0	1	0	0	0	0	0	1	0	2	1	2	0	0	1	3	2	0	1	1	1	1	0	0	0	0	0	0	0	0	1	0	0	0	1	0	1	2	1	0	0	0	0	1	0	1	1	0	0	0	0
0	0	0	0	0	0	0	6	7	5	1	1	5	0	3	8	5	3	2	2	5	12	2	2	1	2	1	0	0	1	1	2	3	3	10	11	32	0	89	17	8	3	2	5	0	1	5	4	2	2	2	2	2	1	6	13	2	4	4	3	5	11	3	8	3	5	3	2	1	5	9	14	8	10	8	11	13	8	4	4	3	0	2	1	0	4	1	2	1	2	5	2	8	8	6	7	3	6	18	20	14	40	23	17	13	9	4	11	30	4	3	4	8	4	3	2	1	2	3	4	1	3	2	0	0	3	2	1	4	5	4	3	0	4	1	4	10	21	15	7	2	1	0	2	0	1	1	2	1	1	0	1	0	2	0	0	0	1	0	0	0	0	0	0	0	0	0	0	0	0	0	0	0	0	0	0	0	0	0	0	0	0	0	0	0	0	0	1	0	0	1	1	1	1	0	0	0	0	1	0	1	0	0	0	2	0	0	1	1	1	1	2	1	0	1	2	0	0	0	1	3	0	0	0	0	0	1	0	0	0	0	0	1	1	0	0	1	1	0	1	1	0	1	1	0	0	0	0	0	1	0	0	1	2	0	0	0	0	1	1	0	0	0	0	0	0	0	0	1	0	1	0	0	1	0	0	0	0	0	0	0	0	0	0	1	0	2	0	0	0	0	1	0	0	0	0	0	0	1	1	0	0	0	0	1	0	0	0	0	1	0	0	0	0	0	0	0	0	0	0	0	0	0	1	0	0	1	0	0	0	0	1	0	0	0	0	0	2	1	0	0	0	0	0	0	1	0	0	1	0	0	0	0	0	0	0	0	1	0	0	0	0	1	0	0	0	1	2	0	0	0	0	0	0	0	0	0	0	0	1	0	0	0	1	1	0	0	0	0	0	0	1	0	0	0	0	0	0	0	0	0	0	0	0	0	1	0	0	0	0	0	0	0	1	1	0	0	0	1	0	0	0	0	0	0	0	0	0	0	0	0	0	0	0	0	0	0	0	0	0	0	1	1	0	0	0	0	1	1	2	0	1	1	0	0	1	1	0	0	2	0	2	0	1	1	0	1	0	0	1	0	0	0	2	0	0	0	0	3	1	0	0	1	0	1	0	0	0	0
0	0	0	0	0	0	0	8	6	3	3	3	1	1	5	4	6	3	6	1	1	2	0	0	2	0	2	1	3	0	0	0	2	3	2	13	19	89	0	54	17	4	5	3	2	5	10	7	4	2	2	2	2	2	6	7	5	4	4	4	1	5	4	6	5	2	0	1	6	5	5	15	6	11	13	6	15	13	8	5	2	5	2	1	2	4	2	1	0	3	2	3	3	3	5	2	8	11	14	13	11	24	42	79	23	7	14	11	14	5	5	3	2	3	2	0	1	3	2	1	2	1	1	1	3	2	2	1	4	1	1	1	3	1	2	1	4	16	16	4	4	4	1	1	0	3	0	3	1	1	0	1	1	0	2	0	0	0	0	0	1	0	0	0	0	0	1	0	0	0	0	1	0	0	0	0	0	0	0	0	0	0	0	0	0	0	0	0	0	0	3	1	2	1	1	1	1	2	1	0	0	0	0	2	1	0	2	2	1	2	2	4	0	4	0	2	0	0	2	1	0	0	0	1	1	1	0	0	0	0	1	0	2	0	0	0	3	2	0	1	0	0	0	0	0	0	1	0	1	0	0	0	0	1	0	1	0	0	0	1	0	2	0	0	1	0	0	0	0	0	0	0	0	0	0	0	1	0	0	0	0	0	0	0	0	0	0	1	0	0	1	0	0	0	0	0	0	0	0	0	0	0	0	1	1	0	2	0	0	0	0	0	0	1	0	0	1	0	0	0	0	1	0	0	0	1	2	0	0	0	1	0	2	0	1	1	0	0	0	0	0	1	0	0	0	1	0	1	0	0	1	0	0	0	1	0	1	0	2	1	0	0	0	0	0	0	0	1	0	0	0	0	0	0	0	0	0	0	0	0	2	3	0	0	0	1	0	0	0	0	0	1	0	0	0	0	0	0	0	0	1	0	0	0	0	0	1	0	0	0	0	0	1	0	0	0	0	1	0	0	1	1	0	0	0	1	0	0	1	0	0	0	0	0	1	0	0	1	1	0	0	0	0	1	0	1	0	0	0	0	2	1	1	0	1	0	0	0	1	0	0	3	0	0	0	1	0	0	1	0	2	1	0	0	0	0	0	0	0	0	0	0	0	1	0	1	0	0	0
0	0	0	0	0	0	0	8	6	1	0	2	0	1	6	3	2	2	0	3	4	0	3	1	1	1	1	2	0	1	1	0	2	4	3	8	7	17	54	0	66	13	6	5	2	1	5	5	3	2	1	3	3	6	4	6	5	4	4	4	3	3	2	4	2	3	2	2	5	2	7	8	6	11	14	4	8	8	8	4	2	9	5	3	3	1	1	2	0	2	0	5	2	2	0	4	4	2	2	7	2	9	17	52	29	9	5	13	8	4	0	1	4	1	1	0	1	0	1	0	4	1	3	3	1	2	2	3	1	4	5	4	1	1	3	1	1	9	10	4	8	3	1	2	1	2	1	1	1	0	2	2	1	2	0	1	1	1	0	1	0	1	1	0	0	0	0	0	0	0	0	0	0	0	0	0	0	0	0	0	0	0	0	1	0	0	0	0	0	1	0	1	2	1	1	0	1	1	0	0	0	0	2	0	1	0	1	0	1	2	1	1	0	0	0	0	2	2	0	0	2	0	0	0	2	0	0	0	0	1	0	2	1	0	0	0	1	1	0	0	0	0	0	1	0	1	0	0	0	0	0	0	0	0	0	0	0	1	0	0	1	1	0	1	0	0	0	0	0	0	0	0	0	1	0	0	0	1	0	0	0	1	0	0	0	0	0	0	0	1	1	0	0	0	0	0	0	0	0	0	0	0	0	2	0	0	0	1	0	0	0	1	0	0	0	0	0	0	0	0	0	1	1	0	1	1	0	0	1	1	0	0	0	1	1	1	0	0	0	1	0	0	0	0	0	0	0	0	2	1	0	0	0	0	0	1	0	0	0	0	0	0	0	0	0	0	0	1	0	0	0	0	0	0	0	1	1	0	0	0	0	0	2	0	0	0	0	0	0	0	0	1	0	0	1	0	0	0	0	0	0	0	0	0	0	0	0	0	1	1	0	0	0	0	0	1	0	0	0	0	0	0	0	0	0	0	0	0	1	0	1	0	0	0	0	0	0	0	0	0	0	0	1	0	1	0	1	1	0	0	0	1	1	0	0	0	0	0	0	0	0	0	1	0	0	1	0	1	0	0	0	0	0	0	0	0	0	1	0	1	0	0	0	1	1	0	0	0	0
0	0	0	0	0	0	0	3	2	3	0	1	0	2	1	1	0	1	2	1	1	1	5	1	1	2	0	1	1	1	0	2	2	1	1	1	6	8	17	66	0	35	10	11	4	2	8	9	3	3	2	4	10	8	11	12	5	4	2	3	4	3	2	2	1	4	2	3	2	5	4	6	4	13	24	6	11	33	26	13	8	7	8	4	7	4	1	0	4	3	2	3	2	1	3	5	1	0	8	3	3	7	7	24	9	8	10	10	3	2	4	2	3	2	1	2	4	1	0	0	1	2	0	2	1	0	2	3	2	1	2	1	2	0	0	3	2	5	3	9	3	5	2	3	3	4	0	1	2	0	0	2	0	0	0	1	0	0	1	0	0	1	0	0	0	0	1	0	0	0	1	0	0	0	2	0	0	0	0	0	0	0	1	1	0	0	1	1	5	2	0	1	2	2	0	1	0	0	0	1	0	0	1	0	2	1	2	0	1	1	3	1	2	3	3	0	3	1	0	2	2	1	0	0	0	0	1	0	0	0	1	0	1	0	0	0	0	0	0	0	0	0	0	2	0	0	0	0	0	1	0	1	1	0	0	0	2	0	1	0	2	0	0	0	0	0	0	1	0	0	0	0	0	1	1	0	0	0	0	0	0	0	0	0	1	0	0	0	1	0	0	0	0	0	0	0	0	0	0	0	0	0	0	0	0	0	0	0	0	0	0	2	0	0	0	0	1	0	0	0	0	0	0	0	0	3	0	0	1	1	2	2	0	0	0	1	0	0	0	0	0	0	1	0	1	1	0	0	0	0	0	0	0	0	0	1	0	0	0	0	0	2	0	0	0	0	0	2	0	1	0	0	0	0	0	0	0	1	0	0	0	1	1	0	0	0	0	0	1	1	0	1	0	0	0	0	1	0	0	0	0	1	0	0	0	0	0	0	0	0	0	1	0	1	0	0	0	1	0	0	1	0	2	0	0	0	0	0	1	0	0	1	0	1	0	0	2	0	1	1	1	0	0	1	0	0	2	1	0	0	1	0	0	0	0	1	0	2	0	1	0	0	1	0	0	0	1	0	0	1	0	0	0	0	1	0	1	1	0	0	1	0	0	2	0	0	0	0	1
0	0	0	0	0	0	0	0	1	1	1	2	0	2	1	2	2	0	1	1	0	2	1	1	0	3	1	0	1	1	1	0	0	0	0	3	3	3	4	13	35	0	48	24	6	7	13	14	8	6	4	4	4	10	7	6	2	3	2	5	2	2	0	1	3	0	0	0	2	2	3	3	4	3	7	4	4	9	10	45	13	11	11	6	5	4	2	1	1	2	2	4	3	4	1	2	1	2	3	3	2	5	5	15	10	11	6	7	1	1	3	1	1	1	1	1	0	0	0	1	0	1	1	3	1	0	0	1	1	1	0	0	1	1	3	1	0	5	3	3	5	6	5	2	6	4	1	3	1	1	0	1	1	3	1	3	0	1	0	1	0	1	0	0	1	0	0	1	1	1	0	0	0	0	0	1	0	1	0	0	0	0	0	0	0	0	0	1	0	2	1	3	1	1	1	0	3	0	1	1	0	0	1	0	2	0	3	2	0	1	1	0	0	4	1	2	0	0	1	1	0	0	1	1	0	2	1	0	1	0	0	0	3	1	1	0	0	1	0	0	0	1	1	2	0	0	1	1	0	0	0	1	0	0	1	0	0	0	0	0	0	0	0	0	1	0	0	0	1	0	0	0	0	0	0	0	0	0	0	0	0	0	0	0	0	0	0	0	0	0	1	1	1	1	0	0	0	0	0	0	1	0	0	0	0	1	0	0	1	0	0	0	0	0	0	1	2	0	0	0	0	0	1	0	0	1	1	0	0	0	0	0	0	0	0	0	1	1	0	0	1	0	0	0	0	1	1	1	1	1	0	1	0	0	0	0	0	0	1	0	0	1	0	0	0	1	0	0	2	0	0	1	0	0	0	0	1	0	0	0	1	1	0	0	1	0	0	0	1	0	0	0	0	0	0	0	0	0	1	0	1	0	1	0	0	0	0	1	0	0	0	0	1	0	0	1	0	2	0	0	0	0	1	0	0	0	0	0	0	0	0	0	0	1	1	0	1	0	1	0	1	1	0	0	1	0	0	1	0	2	1	0	2	1	0	0	0	0	0	0	0	0	0	1	0	1	0	0	0	1	0	0	0	0	0	0	3	1	0	1	1	1	0	1	0	0	0	0	1
0	0	0	0	0	0	0	2	4	1	0	1	0	2	1	2	0	0	2	1	2	3	0	0	1	0	1	0	0	0	1	0	4	1	1	0	4	2	5	6	10	48	0	103	15	13	19	21	3	6	2	2	4	2	7	8	4	1	0	2	1	1	0	3	1	1	0	0	0	2	1	3	1	4	6	2	0	5	9	34	45	22	27	22	14	8	6	1	2	1	1	1	4	3	2	0	2	1	3	2	4	3	5	9	8	6	7	1	7	2	0	0	2	3	1	1	0	0	0	0	0	0	0	0	0	0	0	0	0	3	2	1	0	1	2	2	4	1	2	3	6	8	12	5	3	6	4	1	1	2	2	1	0	1	0	0	0	0	0	0	0	0	1	1	1	1	2	0	0	2	0	0	0	0	0	0	0	0	2	1	0	0	0	0	1	0	1	1	0	2	1	2	2	2	1	1	0	1	0	3	0	0	0	1	1	0	2	2	1	1	0	0	0	0	1	2	4	2	2	1	3	1	0	1	0	0	0	0	0	0	2	0	0	1	1	0	3	0	0	0	0	3	1	0	3	0	2	0	0	0	0	1	1	0	1	0	1	1	0	0	1	0	0	0	1	0	0	0	1	0	0	0	0	1	0	0	0	0	0	0	0	1	0	0	0	0	0	0	1	0	0	0	1	2	1	0	0	0	0	0	0	0	0	0	0	1	0	0	1	1	0	1	1	0	0	0	0	0	0	0	0	0	0	2	2	0	1	1	0	0	1	0	0	3	1	3	1	1	0	0	0	1	0	0	0	0	0	2	0	1	1	1	1	0	0	0	1	1	0	0	0	0	1	0	0	0	0	1	0	0	1	0	2	1	0	1	0	0	0	0	1	0	0	0	1	0	0	0	0	0	0	0	0	0	0	0	0	0	0	1	0	1	1	0	0	0	0	0	0	0	0	0	1	0	0	0	1	0	0	0	0	0	0	0	0	0	0	0	1	0	0	0	0	1	0	0	0	0	1	0	0	1	0	1	0	0	0	0	2	0	1	0	0	0	1	0	0	0	1	0	1	0	0	2	2	0	1	0	1	0	1	1	0	0	0	1	0	2	0	0	0	1	0	2	1	0	1	1	1
0	0	0	0	0	0	0	1	1	2	1	1	0	1	1	0	1	0	1	0	1	0	3	0	0	0	0	0	0	0	2	0	1	0	3	0	3	5	3	5	11	24	103	0	19	21	24	12	4	4	0	1	2	3	3	6	2	1	2	0	0	2	2	0	1	1	0	0	3	1	1	1	1	5	6	1	3	9	5	20	25	17	7	16	16	5	2	1	3	4	4	3	2	3	3	1	6	4	3	4	2	8	2	4	9	14	27	6	1	1	1	1	1	2	0	0	0	0	2	0	0	0	1	2	0	0	1	1	1	2	2	0	3	0	0	2	1	3	4	7	4	5	12	5	4	4	7	3	4	5	2	2	0	1	0	1	1	0	0	0	0	0	2	0	0	0	0	0	0	0	0	0	1	1	0	0	0	0	0	0	0	0	1	0	0	0	0	1	2	1	0	0	1	0	0	0	0	0	0	2	0	1	2	2	2	0	1	0	0	4	4	1	3	3	1	0	1	1	3	1	2	0	1	2	0	0	1	0	1	2	1	0	1	0	0	0	1	0	0	2	1	0	0	1	1	1	0	0	0	0	0	1	0	0	0	0	0	0	0	0	0	0	1	0	1	0	0	1	0	0	0	0	0	0	0	0	0	0	0	0	0	0	1	0	0	0	0	1	0	0	1	0	0	0	1	0	0	0	0	1	0	0	0	0	0	0	0	0	0	0	0	1	1	0	0	0	0	0	0	0	2	0	0	0	0	0	0	0	0	2	0	1	0	1	1	2	1	0	2	0	0	0	0	0	0	1	0	0	0	0	0	1	0	0	0	1	0	0	0	0	0	1	0	1	0	0	0	0	0	0	0	0	2	0	1	0	0	1	0	1	0	0	0	0	0	0	0	1	0	0	0	0	1	2	0	0	1	0	0	0	0	0	1	0	0	0	1	0	0	1	0	0	0	0	0	0	0	0	0	2	0	0	0	0	0	0	0	0	0	0	0	1	0	0	0	0	1	0	0	0	0	0	0	1	2	0	0	0	0	0	1	1	1	0	0	0	0	1	0	0	1	2	1	0	1	0	1	0	0	0	1	0	0	0	1	0	1	0	1	0	0	1	1	0	0	1	1	0	0
0	0	0	0	0	0	0	1	0	1	1	2	1	0	1	1	1	3	1	1	1	0	1	0	2	1	0	1	0	1	1	0	0	0	0	2	2	0	2	2	4	6	15	19	0	17	10	3	7	2	4	1	4	3	1	1	2	0	0	1	1	1	0	1	0	1	2	1	0	1	0	0	4	2	4	0	0	2	5	12	11	10	9	8	17	7	4	3	0	4	2	1	4	0	2	5	1	2	2	3	2	3	3	5	4	2	8	1	3	0	0	0	1	2	0	0	0	0	1	0	1	1	0	0	0	0	1	0	1	0	1	1	0	0	0	0	2	2	1	2	1	1	5	4	4	14	16	3	3	4	1	2	0	0	0	0	0	2	0	0	0	2	0	1	1	0	0	0	0	2	0	0	1	2	0	0	0	0	0	0	1	0	0	0	0	1	0	0	2	2	0	1	0	1	1	0	2	0	0	1	0	1	2	2	0	1	2	1	2	2	1	0	5	2	5	7	4	2	5	4	2	0	0	0	1	1	0	0	0	1	0	3	2	1	2	0	2	1	0	0	0	0	0	0	1	0	1	0	0	2	0	2	3	1	0	0	0	0	0	0	2	0	0	2	1	1	0	0	0	0	0	1	0	2	0	0	0	1	2	1	0	0	0	1	1	0	0	0	1	1	0	0	0	0	2	1	1	0	0	0	2	1	2	0	0	1	0	1	0	2	2	0	0	0	0	0	0	0	0	1	0	0	0	0	1	0	1	2	0	0	1	2	2	3	0	1	0	0	1	0	1	1	0	0	1	1	0	0	0	0	1	0	0	0	0	0	1	0	0	1	0	0	0	1	0	1	1	0	0	0	0	0	0	0	0	1	0	0	1	1	0	0	0	1	0	1	0	1	1	0	1	1	0	0	0	0	0	0	0	0	1	0	0	0	0	0	0	1	0	0	0	0	1	0	0	1	0	1	0	0	0	1	0	1	0	0	0	0	2	0	0	0	0	0	0	0	0	1	1	2	0	0	3	1	1	3	2	2	0	2	2	3	6	2	0	1	1	1	0	0	1	0	1	0	0	0	0	0	1	2	0	0	0	1	0	0	3	1	3	0	0	1	1	0	0	2	0	2	0
0	0	0	0	0	0	0	4	3	1	1	0	1	0	1	0	0	0	1	0	2	1	0	1	1	1	0	2	1	0	0	0	2	0	1	1	2	1	5	1	2	7	13	21	17	0	23	8	1	6	2	9	2	2	1	2	2	1	3	2	1	2	1	0	2	0	1	1	0	2	1	2	1	1	3	4	0	4	5	7	13	9	5	19	41	22	10	5	3	6	5	6	2	7	3	1	2	2	1	2	5	2	4	5	4	6	11	3	4	4	2	2	4	0	1	1	0	0	0	4	0	2	2	1	2	1	0	1	0	0	0	1	1	0	2	0	2	1	0	5	5	6	5	2	8	24	21	8	3	0	0	1	1	2	2	0	0	0	0	0	2	2	2	2	0	0	0	1	0	0	0	0	1	0	0	0	0	0	0	1	1	0	0	2	1	0	0	3	1	4	1	1	0	0	0	1	2	3	3	0	2	1	4	1	3	1	1	4	1	3	2	2	3	3	10	4	4	2	1	1	1	0	3	1	0	1	0	1	1	1	0	1	2	1	0	0	1	0	0	0	1	0	0	0	3	2	1	1	1	2	1	0	1	1	0	0	0	0	0	0	0	0	2	0	1	2	0	0	1	0	0	0	0	0	0	0	0	1	0	0	0	1	0	0	0	0	0	1	0	0	0	0	0	0	0	0	0	0	0	2	1	0	0	2	0	1	0	0	0	1	0	0	1	0	0	2	0	0	0	2	0	0	0	1	2	1	0	0	1	1	2	0	0	1	1	3	0	1	1	0	0	0	0	0	0	0	0	0	0	0	1	2	1	0	2	1	0	0	0	0	1	0	0	0	0	3	1	1	0	1	0	1	0	1	0	1	0	0	1	1	0	0	1	2	0	0	0	1	0	0	0	1	0	0	0	1	0	0	0	0	0	1	0	0	0	0	0	1	0	0	0	1	1	0	0	0	0	1	0	2	1	0	0	0	0	0	0	0	0	1	0	1	0	1	1	0	0	0	0	0	1	2	1	2	0	1	0	3	2	3	0	1	4	0	2	1	0	0	0	0	0	1	0	3	1	0	0	1	0	0	2	0	1	1	2	1	3	1	0	2	2	0	0	0	0	1	0	0	1
0	0	0	0	0	0	0	2	3	2	2	3	0	2	0	0	0	3	2	1	3	2	1	1	0	1	1	2	0	4	1	0	0	0	0	1	3	5	10	5	8	13	19	24	10	23	0	29	10	5	3	2	4	4	8	5	2	3	4	5	3	1	5	1	1	1	2	1	0	7	3	2	1	0	7	1	6	15	16	10	8	6	6	11	21	22	9	4	5	3	4	6	3	1	2	7	2	1	4	9	17	4	5	11	4	16	15	7	3	2	2	2	1	2	2	0	1	2	1	0	1	0	0	1	1	1	2	1	0	0	1	1	2	2	1	3	1	4	8	9	14	19	12	6	3	8	6	2	1	1	1	1	0	3	1	0	1	0	1	0	0	0	0	0	1	0	0	1	0	0	0	0	0	0	2	0	0	0	0	0	0	0	0	0	0	0	0	0	0	0	3	1	2	3	1	1	2	1	2	0	1	1	0	3	1	2	2	0	3	0	2	2	1	8	3	2	0	2	2	1	2	4	1	0	0	0	1	0	0	0	0	1	1	2	0	1	0	0	1	2	0	2	1	1	0	2	0	0	2	0	1	1	1	1	0	1	0	0	1	0	1	0	0	0	0	0	0	0	1	1	0	0	0	0	0	0	1	0	0	0	0	0	0	0	0	1	0	0	0	0	0	0	0	0	0	1	1	0	0	0	0	0	1	1	0	1	0	0	0	0	0	0	0	0	0	0	1	0	0	0	2	0	1	0	0	0	0	1	1	2	0	1	0	1	0	2	3	1	0	0	2	1	1	1	0	0	0	1	0	0	1	0	0	0	0	0	1	0	1	0	3	0	0	0	0	0	0	1	0	1	0	0	1	1	0	0	0	0	1	1	1	1	2	1	1	1	0	1	0	0	0	0	0	0	0	0	0	0	2	1	0	1	0	0	1	0	0	0	0	1	0	0	2	0	0	0	0	0	0	0	0	0	0	0	0	1	0	0	0	0	1	0	0	0	0	0	1	1	0	0	1	1	1	1	0	0	0	0	1	1	1	2	0	0	0	1	0	1	2	0	1	0	1	1	0	0	0	1	0	1	0	1	0	0	1	0	0	1	0	0	1	0	2	0	1	0	0	0	0
0	0	0	0	0	0	0	1	1	1	1	2	0	0	4	2	1	0	4	5	1	0	0	0	0	1	0	0	2	0	1	0	2	1	1	4	2	4	7	5	9	14	21	12	3	8	29	0	34	12	6	9	13	11	17	10	8	2	3	6	2	3	3	0	2	3	1	0	2	1	3	2	3	4	16	5	4	17	33	43	30	13	10	15	23	24	11	4	2	4	8	2	3	2	3	3	3	1	5	2	8	1	2	5	8	6	7	4	1	1	3	5	0	4	0	1	0	1	0	3	1	0	0	1	0	1	0	2	0	4	1	2	3	4	0	0	4	3	9	8	26	53	35	12	4	9	4	3	0	1	0	0	0	0	0	1	0	1	0	0	0	0	0	0	0	0	0	0	0	0	0	0	0	0	0	0	0	0	0	0	0	0	0	2	0	0	0	0	1	3	2	1	1	2	1	1	3	0	0	0	1	1	1	2	2	0	2	1	2	1	1	2	5	3	7	4	0	1	1	1	3	1	1	2	1	0	1	0	1	0	0	2	2	4	0	1	0	1	0	0	0	0	0	0	0	0	0	1	0	1	0	0	0	1	0	1	0	0	0	0	1	0	0	0	0	2	1	0	1	0	0	0	0	0	1	1	0	0	0	0	1	0	0	0	0	0	0	1	0	0	0	0	0	1	0	0	0	1	1	0	0	0	1	0	0	0	0	1	0	0	0	0	0	0	0	1	0	0	0	0	0	0	0	0	0	2	1	1	0	0	1	1	0	0	1	0	0	0	0	1	1	1	1	2	2	0	2	0	1	0	0	0	0	0	0	0	0	0	1	0	0	1	0	0	0	1	1	0	0	0	1	0	1	0	1	0	0	0	1	0	0	2	0	0	0	0	0	0	0	0	0	1	0	0	0	0	0	0	0	0	0	1	0	0	0	0	1	0	1	0	0	1	0	0	0	1	1	0	0	2	0	1	0	0	0	0	0	0	0	1	0	1	0	0	0	0	0	0	0	0	0	1	0	0	2	0	2	0	2	2	0	1	1	0	0	0	0	0	2	1	2	1	1	0	1	0	0	1	0	0	1	0	1	2	1	0	0	1	0	0	1	0	0	1	1	1	0	0	1
0	0	0	0	0	0	0	1	1	0	1	0	0	0	1	1	2	0	0	2	2	1	1	0	0	1	0	0	1	0	0	1	0	0	1	1	1	2	4	3	3	8	3	4	7	1	10	34	0	47	19	15	34	31	42	28	8	4	7	8	5	2	2	3	3	1	0	2	3	4	8	3	0	1	5	7	6	10	17	12	14	13	5	10	9	4	5	4	1	2	4	5	3	2	4	0	0	3	0	2	3	4	6	5	3	3	2	1	4	0	1	0	4	1	1	1	1	0	0	0	0	0	0	0	1	1	1	1	1	4	2	0	0	0	0	0	0	6	5	13	11	33	39	18	10	11	3	2	4	1	0	1	0	0	1	0	0	1	0	0	0	0	0	0	0	0	0	1	0	0	1	2	0	0	0	0	0	0	0	0	0	0	0	0	1	0	0	0	1	2	2	0	3	2	0	2	2	2	0	0	1	0	0	0	1	1	0	0	0	1	0	0	1	0	0	0	1	4	0	0	2	1	0	0	1	0	1	0	0	0	0	2	1	1	3	0	1	3	2	1	1	1	1	2	0	1	1	0	1	0	0	0	2	0	0	1	0	0	0	0	0	0	0	1	0	0	0	0	0	1	0	0	0	0	0	0	0	0	0	0	0	0	0	1	0	0	0	1	1	0	0	0	2	0	0	0	0	0	0	0	0	0	0	0	0	0	0	0	0	1	0	0	0	1	0	0	0	0	0	1	0	0	0	0	0	0	0	1	0	0	0	0	2	1	0	0	1	0	0	1	1	2	0	0	2	0	0	0	0	0	0	0	0	0	0	0	0	0	0	0	0	1	0	1	1	0	2	1	0	0	0	0	0	0	0	0	0	0	0	0	0	1	0	0	0	2	0	0	0	0	0	0	1	0	0	0	0	0	0	0	0	1	0	0	0	0	0	0	0	0	0	1	0	0	1	0	1	1	0	1	1	0	0	0	0	1	0	0	0	0	0	0	0	0	0	0	0	0	0	1	1	0	0	0	0	0	0	0	0	1	1	1	0	1	0	0	0	0	0	1	0	1	1	0	0	1	0	0	0	0	0	1	0	0	0	2	0	1	0	0	0	0	0	2	1	0	0	1	0
0	0	0	0	0	0	0	2	1	0	1	0	0	1	0	1	1	1	2	1	1	1	0	2	0	1	0	0	1	1	0	0	0	0	1	2	1	2	2	2	3	6	6	4	2	6	5	12	47	0	37	21	29	14	14	14	7	10	6	6	7	8	0	0	1	2	0	2	1	3	1	4	1	2	1	3	4	8	7	6	2	10	4	6	3	9	6	3	5	5	2	2	3	2	1	3	2	2	1	2	5	1	0	3	1	4	2	1	1	2	1	2	1	2	0	2	0	0	0	0	0	2	1	1	1	0	0	0	0	5	0	2	3	1	2	2	2	1	3	11	12	20	38	24	7	5	3	0	1	0	0	0	0	1	1	0	0	0	0	0	0	1	0	1	1	0	0	0	0	0	0	0	2	0	0	1	0	0	0	2	0	0	0	0	0	0	1	1	1	0	0	1	2	4	2	2	0	1	0	0	0	0	1	0	2	0	1	1	2	0	0	1	1	1	1	2	0	0	6	0	0	0	2	0	0	1	1	0	0	0	1	0	3	3	3	0	3	1	0	0	3	0	1	0	0	1	1	2	0	0	0	0	0	0	0	0	0	0	0	1	0	0	0	0	0	0	0	1	0	0	0	0	1	0	0	0	0	0	0	0	0	1	0	0	0	0	0	0	0	0	0	0	0	0	0	1	1	0	0	0	0	0	0	1	0	0	1	1	0	1	0	0	0	0	0	0	0	0	1	3	0	0	1	0	0	0	0	0	1	0	1	3	0	2	0	1	4	0	1	0	0	2	0	0	1	1	1	0	0	0	0	0	1	1	0	1	0	0	0	1	0	0	1	0	1	0	1	0	1	0	0	0	0	0	0	0	1	0	0	0	0	1	0	0	1	0	1	0	0	0	0	1	0	0	0	0	1	0	1	0	0	0	0	0	1	0	0	1	1	0	2	0	0	0	0	1	1	2	1	1	0	0	0	0	0	0	0	0	0	2	0	1	0	0	1	0	0	0	0	0	0	0	0	0	0	1	0	0	2	0	0	2	0	0	1	0	0	1	0	0	0	1	0	0	0	0	3	0	1	0	0	1	0	0	0	0	0	1	0	0	1	0	0	0	1	0	1	0	0
0	0	0	0	0	0	0	0	1	0	1	1	0	1	3	0	0	1	2	0	2	1	0	0	0	0	1	0	0	0	0	0	1	1	4	0	1	2	2	1	2	4	2	0	4	2	3	6	19	37	0	62	14	26	15	14	11	10	8	4	8	2	2	3	2	2	2	0	0	7	7	3	5	4	4	5	4	3	10	8	8	4	4	0	7	1	1	3	1	2	3	2	1	1	2	2	0	0	0	2	2	0	2	5	1	1	0	1	0	0	0	2	0	0	2	0	0	1	2	0	1	4	0	1	1	1	2	0	2	2	3	2	0	0	1	2	5	0	3	7	6	5	8	4	3	1	2	2	1	0	1	0	0	1	0	0	0	0	0	0	0	0	1	0	0	0	1	1	0	0	0	0	0	0	0	0	0	1	0	0	0	0	1	0	0	0	0	0	1	1	1	0	1	1	1	1	1	1	2	1	0	0	1	0	1	1	0	0	0	1	1	1	0	2	1	1	1	2	1	1	0	2	0	0	0	0	0	0	0	1	0	0	1	2	1	0	2	2	1	1	0	2	2	0	0	1	0	0	0	0	0	0	0	0	0	0	0	0	0	0	0	0	0	0	0	0	0	1	1	0	0	0	0	0	0	1	0	0	0	0	0	0	0	1	0	0	0	1	0	0	0	0	0	0	0	0	0	0	1	0	0	0	0	0	0	0	0	0	1	0	0	0	0	0	0	0	0	0	1	0	0	1	0	1	0	1	0	0	0	0	1	0	1	2	2	1	1	1	3	0	0	0	0	0	0	1	0	1	0	0	0	0	0	0	0	0	0	0	0	0	0	0	0	0	1	0	0	0	0	1	0	0	0	0	0	0	1	0	0	0	0	0	0	0	0	0	1	0	0	0	0	0	0	1	0	1	0	0	0	1	0	1	0	0	0	0	1	0	0	0	0	0	0	0	0	0	1	0	0	0	0	0	0	0	0	0	0	0	0	0	0	0	0	0	0	0	1	0	0	0	1	0	3	0	1	0	0	0	1	0	1	0	1	0	0	0	0	0	0	1	0	1	0	1	0	0	0	0	0	1	2	1	0	1	0	0	1	1	0	0	1	0	1	1	0	1	0	0	1
0	0	0	0	0	0	0	1	1	2	0	0	0	0	1	1	0	0	0	0	1	0	0	0	0	1	0	1	1	2	0	2	0	2	0	3	2	2	2	3	4	4	2	1	1	9	2	9	15	21	62	0	43	18	13	19	10	10	12	5	6	1	3	2	1	1	0	0	6	2	4	1	2	10	3	6	4	4	9	4	1	4	1	8	4	4	5	2	4	3	1	4	3	2	0	2	3	0	1	1	1	2	4	2	0	0	1	1	0	2	1	1	3	1	0	2	0	0	2	0	2	1	1	0	1	2	3	1	2	7	0	3	2	1	1	2	1	3	8	8	9	7	8	6	4	2	3	0	1	0	0	0	0	0	1	0	0	0	0	0	0	0	0	1	0	0	0	0	0	1	0	0	0	0	0	0	0	0	1	0	0	1	0	0	0	1	0	0	0	0	0	0	3	1	0	0	2	1	0	1	0	1	1	0	0	0	0	0	0	0	0	4	0	2	1	0	0	0	0	0	0	0	0	0	0	1	1	2	0	1	1	0	1	2	1	0	0	0	1	2	0	0	1	0	0	0	0	0	0	0	1	1	0	0	0	1	0	0	0	0	0	0	0	1	0	0	1	0	0	0	0	0	0	0	0	0	0	0	2	0	0	0	0	0	0	0	0	0	0	1	2	0	0	0	0	0	1	0	1	0	0	1	1	0	1	0	1	0	0	0	2	0	0	0	1	0	0	1	1	0	0	0	0	3	1	0	0	1	0	0	1	0	0	0	0	0	2	0	3	0	1	0	2	0	0	0	2	0	1	1	0	0	0	0	1	0	0	0	0	0	0	0	0	0	0	0	0	1	0	1	0	0	0	0	0	0	0	0	2	0	0	0	0	0	0	1	0	0	1	0	0	0	0	0	0	1	0	0	0	1	0	0	0	0	1	0	0	0	0	1	0	0	1	0	1	0	0	0	0	0	0	0	0	0	0	0	0	0	1	0	0	0	0	0	0	0	0	0	0	0	0	0	0	2	0	0	0	3	0	0	1	1	0	0	0	1	0	0	0	0	1	0	0	0	0	0	1	0	0	0	0	0	0	0	0	2	3	1	2	1	0	0	0	0	1	1	1	1	0
0	0	0	0	0	0	0	0	2	0	0	1	2	0	0	2	0	0	1	0	2	1	1	0	0	0	0	1	1	0	1	2	2	0	0	2	2	2	2	3	10	4	4	2	4	2	4	13	34	29	14	43	0	32	200	74	26	17	18	13	11	6	4	4	1	6	1	1	5	6	6	0	10	3	3	12	16	20	20	4	5	8	3	4	11	7	7	5	3	9	7	4	2	2	5	3	0	2	3	3	4	1	2	5	2	3	0	1	0	2	1	1	5	1	0	2	2	3	2	1	0	1	2	0	1	1	2	2	0	7	0	2	1	4	0	0	3	6	7	11	29	23	14	7	6	12	3	2	0	0	0	1	0	1	0	0	0	1	0	0	2	0	0	1	0	0	0	0	0	0	0	2	0	3	0	0	0	0	0	0	0	0	0	0	0	1	0	1	1	4	1	1	4	0	0	1	1	1	0	0	1	0	0	3	2	1	0	1	1	1	0	1	1	1	0	0	2	1	1	1	2	0	2	1	0	1	0	0	1	1	0	0	1	1	0	1	0	1	0	0	0	0	0	0	0	0	0	0	0	0	0	0	0	0	0	0	0	0	0	0	1	0	0	0	0	0	0	0	0	0	0	1	0	0	0	0	0	0	0	0	0	0	0	0	0	0	1	0	0	0	1	0	0	0	0	0	0	0	0	1	0	0	0	0	0	0	0	0	0	0	0	0	0	0	0	0	0	0	0	0	0	1	0	0	2	1	0	1	0	0	0	1	1	1	1	0	0	0	0	1	2	0	0	0	1	0	0	0	0	0	0	0	0	0	0	1	0	1	0	1	0	0	0	0	0	0	0	0	0	0	0	0	0	0	1	0	0	0	0	1	0	1	0	0	0	0	0	0	1	0	0	0	0	0	0	0	0	0	0	0	1	2	0	0	0	0	1	0	0	0	0	0	0	0	0	0	3	0	0	0	1	0	0	0	0	1	0	0	0	0	1	0	0	0	1	0	0	0	0	0	0	0	1	1	0	1	0	1	0	0	0	0	1	0	0	1	0	0	0	0	1	0	0	1	0	2	3	1	0	0	0	0	0	0	1	0	0	0	0	0	0	1	2	1	1	0	1	0	0
0	0	0	0	0	0	0	1	2	0	0	2	1	2	0	1	2	0	0	1	1	2	1	0	0	0	0	0	0	1	1	1	3	3	2	2	2	1	2	6	8	10	2	3	3	2	4	11	31	14	26	18	32	0	54	31	16	13	8	2	3	6	0	1	2	0	0	4	3	3	6	5	6	7	19	16	10	10	19	18	5	8	4	4	2	4	4	0	1	1	3	5	4	1	0	1	1	4	2	2	3	3	1	2	1	0	3	2	1	1	2	0	3	1	1	0	0	0	0	2	0	3	4	0	1	0	2	0	1	2	0	1	1	2	1	0	2	6	8	12	8	7	5	9	1	3	1	0	1	1	0	0	0	0	0	2	0	0	0	0	2	1	0	0	0	0	0	1	0	0	0	0	0	0	0	1	0	1	0	0	0	1	1	0	0	0	0	1	2	0	1	1	1	5	1	0	0	2	0	1	0	0	0	1	0	1	2	4	1	0	1	0	1	2	0	1	1	1	3	0	0	1	0	1	0	1	0	2	0	0	0	1	2	0	0	0	0	0	0	1	0	0	0	1	0	0	0	0	1	2	0	0	1	0	0	0	0	0	1	0	1	0	1	0	0	0	0	0	0	0	0	0	0	0	0	0	0	1	0	0	0	0	0	0	0	0	0	0	0	0	0	0	0	0	0	1	0	0	0	0	1	1	0	0	0	2	2	1	0	0	1	0	0	0	0	0	0	0	1	0	0	0	0	0	0	0	2	0	0	1	1	0	0	0	1	0	0	0	0	0	0	1	1	1	0	0	2	0	0	0	0	0	0	0	0	1	1	0	0	0	0	0	0	0	0	1	0	0	0	0	1	0	0	0	0	1	1	0	0	0	0	0	0	1	1	0	0	0	0	0	0	0	0	0	1	0	0	0	0	0	0	1	0	0	0	0	0	0	0	0	0	1	0	0	0	0	1	0	0	0	0	1	0	1	0	1	0	0	0	0	0	0	0	0	1	0	0	0	0	0	1	0	1	0	1	1	1	0	0	0	0	0	0	0	0	0	0	0	1	0	1	0	0	1	0	1	0	0	0	0	0	0	1	1	0	0	0	0	1	1	0	0	0	0	0	0	0	1	0
0	0	0	0	0	0	0	0	0	1	2	3	1	1	1	1	2	0	2	0	3	4	0	0	0	0	3	0	0	1	0	0	1	1	2	3	3	6	6	4	11	7	7	3	1	1	8	17	42	14	15	13	200	54	0	136	22	17	7	10	8	7	3	2	1	2	0	3	3	9	9	4	4	5	17	13	13	38	45	16	8	4	4	7	4	6	1	2	2	5	5	5	5	2	0	2	1	0	0	2	5	1	2	5	5	5	2	1	2	0	0	1	5	2	1	0	0	1	0	0	1	1	1	1	1	0	0	2	1	4	2	1	1	1	0	1	3	2	7	16	24	32	10	6	4	3	3	1	1	1	0	0	0	0	0	0	0	1	1	1	0	0	0	0	0	0	0	0	0	0	1	0	1	0	1	0	0	0	0	1	0	0	0	0	0	0	0	1	0	0	1	1	1	5	1	1	0	0	1	0	0	1	2	0	1	1	1	1	0	2	1	0	0	1	0	1	2	0	1	1	0	2	0	1	0	2	2	1	1	0	0	0	2	1	0	0	0	2	1	2	1	1	0	0	1	0	1	0	0	0	1	0	1	0	0	1	0	1	1	0	1	0	1	0	0	0	0	0	0	0	0	0	0	0	0	0	1	0	0	0	0	0	0	0	0	0	0	1	1	0	0	1	0	0	0	0	1	0	0	1	0	0	1	2	1	1	0	0	0	0	0	0	0	0	0	0	0	0	0	1	1	0	0	0	0	0	0	1	0	0	0	0	0	0	0	1	1	1	0	0	0	1	0	3	0	0	0	0	1	0	0	0	0	0	0	0	0	0	0	1	0	0	0	0	0	0	0	0	0	1	0	0	0	0	1	0	0	0	1	0	0	0	0	0	0	0	0	0	1	0	0	0	1	0	0	0	0	0	0	0	0	0	0	0	0	0	0	0	0	1	0	0	0	0	0	0	0	0	1	0	0	0	0	0	0	1	0	0	0	0	0	0	0	1	0	0	0	0	0	0	0	0	1	0	1	0	0	1	0	0	1	1	1	0	0	0	0	0	2	0	2	0	0	0	0	0	0	1	0	0	0	0	0	0	0	0	0	0	0	0	0	1	0	2	0	1	1	0	0
0	0	0	0	0	0	0	1	0	1	1	1	2	0	0	1	3	2	1	2	1	2	0	0	0	0	2	1	1	1	1	1	0	2	2	4	5	13	7	6	12	6	8	6	1	2	5	10	28	14	14	19	74	31	136	0	35	23	15	12	9	12	4	9	3	4	0	2	6	6	7	7	7	10	27	33	30	44	33	3	5	7	1	6	2	9	5	3	3	3	5	1	1	3	4	1	5	2	4	4	4	4	5	5	4	3	3	2	2	0	3	1	3	2	0	2	3	1	0	0	2	2	2	1	6	1	1	1	0	5	4	0	3	2	2	2	0	6	15	41	16	20	3	4	4	1	1	1	0	0	0	0	1	1	0	0	0	0	0	1	0	0	2	0	0	0	1	0	1	0	0	1	0	0	1	0	0	0	1	1	0	0	0	0	0	2	0	0	1	0	0	1	1	1	0	0	1	0	2	1	2	1	3	0	1	0	1	0	0	0	1	0	1	4	2	3	1	2	0	1	1	1	0	0	1	0	0	0	1	1	0	0	0	1	2	0	1	0	1	1	1	0	1	0	2	1	1	0	2	2	0	3	0	0	1	0	0	1	1	0	0	0	0	0	0	0	0	0	0	0	0	1	0	2	0	1	0	0	0	0	0	0	0	1	0	0	0	0	0	0	0	1	1	0	0	0	0	1	0	0	1	0	0	0	1	0	0	1	0	1	1	1	0	0	0	0	0	0	0	0	0	1	0	0	1	0	0	1	1	0	2	0	0	0	1	0	0	1	1	0	1	0	0	2	0	1	0	1	1	0	1	0	0	0	0	0	0	0	0	0	0	2	0	0	1	0	0	1	1	0	0	0	0	1	0	0	0	0	2	0	0	0	0	0	1	0	0	0	0	0	1	0	0	0	1	0	0	0	0	0	0	0	0	0	0	0	1	0	0	1	0	0	0	0	0	0	0	0	0	0	1	0	0	0	0	0	1	0	0	0	1	0	0	1	0	0	0	0	1	1	0	0	1	0	1	2	0	0	1	0	1	1	0	0	0	1	0	0	0	0	1	0	0	1	0	2	0	0	1	0	0	0	0	0	0	0	0	0	0	0	0	1	0	0	1	2	1	0	0
0	0	0	0	0	0	0	1	3	1	0	0	0	3	1	1	0	1	1	4	5	1	0	1	0	0	0	1	1	2	1	0	3	5	2	2	3	2	5	5	5	2	4	2	2	2	2	8	8	7	11	10	26	16	22	35	0	29	15	22	14	12	9	4	6	2	4	5	6	14	18	7	10	6	14	50	23	8	9	4	1	2	3	1	0	4	1	2	2	1	5	2	2	2	3	2	0	2	3	3	2	5	3	3	2	5	3	6	3	3	3	1	3	0	1	1	1	1	1	0	1	2	3	1	1	2	1	5	5	6	2	3	3	1	3	5	4	7	5	14	7	6	4	5	3	4	1	1	1	2	1	0	1	1	2	2	1	0	0	1	1	0	1	0	1	0	0	0	0	0	0	0	0	0	0	1	0	1	0	0	0	1	0	0	0	1	1	0	1	0	1	1	2	2	0	0	0	0	0	2	0	0	2	0	4	0	0	0	0	0	0	1	1	1	2	1	1	1	0	0	1	0	0	1	0	0	0	0	0	0	0	3	0	1	0	3	0	2	0	1	2	1	0	1	0	0	0	1	0	2	1	2	1	0	1	0	0	0	1	0	0	0	0	0	0	0	0	0	0	0	0	1	0	0	1	0	0	1	0	1	0	0	0	0	0	0	0	0	2	0	0	1	0	0	0	1	0	1	0	0	0	0	0	0	0	0	0	0	0	0	0	0	0	0	0	0	0	0	0	0	0	0	0	1	1	2	3	0	0	1	0	0	0	1	0	2	1	0	1	0	1	0	0	0	0	0	0	0	0	0	0	0	0	0	0	0	0	1	0	0	0	0	0	0	0	0	0	0	0	0	0	0	0	0	0	0	0	0	0	0	0	0	0	0	0	0	1	0	0	0	0	0	0	0	1	0	0	0	0	0	0	0	0	0	0	0	0	0	1	0	0	1	0	0	0	0	0	1	0	0	0	0	0	0	0	0	2	0	0	0	0	1	0	1	0	0	0	1	1	0	0	0	0	0	1	0	0	0	0	0	0	0	0	0	0	0	0	0	1	0	0	1	0	1	0	0	1	0	0	0	0	0	0	0	0	2	0	2	0	0	1	0	0	0	0	0	1	1	0
0	0	0	0	0	0	0	1	1	1	3	0	3	0	1	3	2	2	1	2	4	1	1	0	1	0	4	1	1	2	0	1	1	0	4	3	3	4	4	4	4	3	1	1	0	1	3	2	4	10	10	10	17	13	17	23	29	0	181	50	19	13	11	5	4	1	3	3	6	9	5	3	2	1	8	7	13	5	4	4	5	5	1	1	2	3	2	2	3	9	12	0	4	1	4	0	2	2	1	1	1	3	0	2	1	1	1	1	3	2	2	2	3	1	2	1	0	3	1	4	0	1	2	1	4	3	2	3	3	5	2	1	3	2	1	3	5	4	10	18	11	4	6	2	2	2	2	1	0	0	1	0	2	0	1	1	0	1	1	0	0	0	0	0	1	0	0	0	0	0	0	0	1	0	0	0	1	0	0	0	0	0	0	0	0	1	1	1	0	0	1	0	1	0	3	0	0	1	1	0	1	2	0	1	0	2	2	1	0	1	1	1	1	2	0	0	0	0	1	1	0	1	0	0	1	0	1	1	0	0	0	1	1	0	1	0	1	0	0	0	0	1	0	1	0	1	1	1	0	1	1	0	1	1	0	0	0	0	0	1	0	0	0	0	0	0	1	0	0	0	0	0	0	0	0	0	1	0	0	0	0	0	0	0	0	1	0	0	0	0	0	0	0	0	0	0	0	1	0	0	1	1	0	0	1	0	0	0	0	0	0	1	0	0	1	0	0	0	0	0	0	0	1	0	1	1	0	0	1	0	1	2	1	0	0	1	1	0	0	1	0	2	1	0	1	0	1	0	0	0	1	0	0	0	0	0	0	1	1	0	0	0	0	0	1	0	1	0	0	1	0	0	0	0	0	0	0	0	0	0	0	0	0	0	0	1	0	0	1	0	1	0	0	0	0	0	1	0	0	0	0	1	0	0	0	0	0	1	0	0	1	0	0	0	0	0	0	0	1	0	0	1	0	0	0	0	0	0	2	0	0	0	0	0	0	0	0	1	0	0	0	0	0	0	0	0	0	0	0	0	0	0	1	0	0	0	0	0	1	0	3	0	0	0	0	0	0	0	0	1	0	0	0	1	0	0	0	0	1	0	0	1	0	1	0	0	1	1	0
0	0	0	0	0	0	0	0	3	2	1	1	0	1	0	0	2	1	3	5	2	2	5	2	0	2	1	0	1	0	1	1	1	1	0	2	3	4	4	4	2	2	0	2	0	3	4	3	7	6	8	12	18	8	7	15	15	181	0	46	35	10	9	4	3	5	3	4	7	8	7	6	4	2	4	6	6	6	7	4	3	1	3	3	1	1	2	2	2	11	9	3	1	0	2	0	0	2	0	4	1	5	3	3	4	1	1	0	2	1	1	4	3	1	5	1	4	3	0	0	4	4	3	1	4	2	1	3	4	3	1	2	2	2	3	1	2	5	9	19	8	8	0	7	2	0	0	1	0	1	1	0	0	0	1	0	0	0	0	0	0	0	0	0	1	0	0	0	1	0	1	0	0	0	0	0	0	0	0	0	1	0	1	0	1	0	0	1	3	1	3	2	2	2	3	3	1	0	1	2	0	0	2	0	0	2	0	0	1	4	2	3	0	2	1	0	0	2	0	0	0	1	0	0	0	0	1	1	1	0	0	1	1	4	0	2	1	1	0	1	1	2	0	2	0	0	2	2	0	1	0	0	1	1	0	0	0	1	1	1	0	0	0	1	0	0	0	0	0	0	0	0	0	0	0	0	0	0	0	0	0	0	0	1	0	0	1	0	0	1	0	0	0	0	0	0	1	0	0	0	0	1	1	0	0	0	0	0	0	0	0	1	0	0	0	0	0	0	1	1	0	0	0	0	0	0	1	0	1	0	0	0	0	1	0	0	0	0	1	0	2	0	0	0	0	0	0	0	0	0	1	0	1	0	0	0	0	0	0	1	0	3	1	1	0	0	0	0	1	0	0	0	0	0	0	0	1	0	0	0	0	0	0	0	0	0	0	0	0	1	0	0	0	1	0	0	0	0	1	0	1	0	0	0	0	0	0	0	0	0	0	0	0	0	0	0	0	0	0	0	0	0	0	0	0	0	0	0	1	1	0	0	0	0	0	0	1	1	0	0	1	1	0	0	0	1	0	0	0	0	0	0	1	1	0	0	0	0	0	0	0	0	0	0	0	0	0	0	0	0	0	0	2	0	0	0	0	0	0	0	0	0	0	0	2	0	0	0	0
0	0	0	0	0	0	0	1	0	1	3	2	2	0	0	3	1	0	2	1	5	1	3	1	1	0	2	3	0	0	1	4	1	4	5	3	2	3	4	4	3	5	2	0	1	2	5	6	8	6	4	5	13	2	10	12	22	50	46	0	131	47	18	4	2	1	5	3	6	14	7	9	5	8	5	7	10	7	8	4	4	4	2	1	1	4	2	2	8	6	12	11	5	4	5	6	3	4	1	3	8	3	2	8	2	1	4	2	2	1	2	3	3	1	2	1	0	0	1	2	3	1	3	2	4	3	1	3	4	8	5	2	0	2	6	3	6	14	27	65	21	8	5	5	5	3	3	0	1	2	4	1	1	0	0	0	0	0	0	0	1	0	1	3	0	1	1	1	0	1	0	0	0	0	0	0	0	0	0	0	0	0	0	0	1	1	0	2	0	1	1	2	0	4	4	2	0	0	0	1	1	0	2	0	1	1	1	1	1	2	0	1	3	2	0	2	1	1	0	0	2	1	1	0	1	1	0	1	0	1	1	5	1	2	1	1	2	2	2	1	0	1	2	0	1	1	0	0	0	1	1	1	0	2	2	2	0	0	0	0	0	0	0	0	0	0	0	0	0	0	0	0	1	0	0	1	0	0	0	1	0	0	0	0	1	0	0	0	0	0	0	2	0	0	0	0	0	1	0	0	0	0	0	0	0	0	1	0	1	0	0	0	0	0	0	0	0	0	0	0	0	0	0	2	0	0	0	0	1	1	1	0	1	0	0	0	2	1	1	1	0	0	0	0	0	1	0	0	0	0	0	0	0	0	0	0	1	0	0	0	0	0	0	1	0	1	0	0	0	0	1	0	2	0	0	1	0	0	0	0	0	0	0	1	0	1	0	0	0	0	0	2	0	0	0	0	1	0	0	0	0	0	1	0	0	1	1	0	0	0	0	0	1	0	0	1	0	0	0	0	0	0	1	1	0	0	0	0	1	0	0	1	0	0	0	0	0	1	1	1	0	0	0	0	0	0	1	0	0	0	0	1	0	1	0	0	0	1	0	0	0	1	1	0	2	1	0	0	0	0	1	0	0	2	0	0	0	1	2	0	1	1	0	0	0	0	1	0	0
0	0	0	0	0	0	0	0	3	1	2	2	0	0	2	2	2	1	1	0	4	5	2	0	1	1	1	1	1	0	2	3	1	0	6	1	3	5	1	3	4	2	1	0	1	1	3	2	5	7	8	6	11	3	8	9	14	19	35	131	0	246	31	12	3	4	2	9	17	7	9	6	2	2	4	9	17	6	4	2	2	2	1	0	0	3	3	2	1	6	13	9	3	1	1	1	7	2	5	9	2	3	1	5	3	2	2	0	3	9	3	2	8	11	3	3	2	3	2	1	1	3	1	1	2	4	4	6	7	11	7	5	2	7	4	8	6	15	22	28	10	3	1	3	1	4	0	2	1	1	0	0	0	1	0	1	0	0	1	1	1	0	0	0	0	0	0	0	0	1	0	0	0	0	0	0	0	0	0	0	0	0	1	0	0	0	0	0	0	1	4	1	0	0	2	1	0	0	0	2	2	1	0	1	0	0	1	0	2	0	2	2	3	2	0	1	0	2	1	2	0	2	1	0	2	0	1	1	0	0	1	0	1	1	0	2	0	4	0	1	1	0	1	0	1	0	0	1	2	0	2	1	1	1	1	0	0	0	0	0	2	1	0	0	0	1	1	0	0	0	1	0	0	0	1	0	0	0	0	0	0	0	0	0	0	0	0	0	0	0	0	0	0	1	0	0	0	0	0	2	0	0	0	0	0	0	0	0	0	0	0	0	0	0	0	0	0	0	0	1	0	0	0	2	1	0	1	0	0	1	0	1	0	0	0	1	1	0	2	0	0	0	0	0	0	0	0	0	0	1	0	0	0	2	0	0	0	0	0	0	0	1	0	0	0	0	0	0	0	1	0	0	0	1	0	0	0	0	1	0	0	0	0	0	0	0	0	0	0	0	0	0	0	2	0	0	0	0	1	0	0	0	0	0	1	0	0	0	1	0	0	0	0	0	1	0	1	0	2	0	0	0	1	0	1	0	0	0	0	0	0	1	0	0	0	0	1	0	0	0	0	0	1	2	0	1	0	0	0	0	0	0	0	1	2	0	1	0	0	0	1	0	0	2	0	1	0	1	2	2	0	0	0	0	0	0	0	0	2	0	0	0	0	0	0	1	0	0	1
0	0	0	0	0	0	0	4	3	2	3	0	0	3	0	3	6	1	1	1	6	2	2	0	1	2	1	0	0	2	0	5	5	0	3	4	2	11	5	3	3	2	1	2	1	2	1	3	2	8	2	1	6	6	7	12	12	13	10	47	246	0	35	14	6	6	3	8	18	11	11	8	5	2	10	8	13	4	3	0	2	2	3	0	1	3	0	4	3	7	11	7	4	6	3	1	4	0	3	10	3	3	1	3	3	6	1	0	5	2	9	6	11	6	1	2	1	1	3	4	3	2	0	4	6	3	5	7	10	10	1	4	4	5	7	8	5	22	25	13	2	3	6	1	1	0	1	0	0	1	0	0	0	0	1	2	0	2	0	0	0	0	0	0	1	0	0	0	0	0	0	0	0	0	1	0	0	1	0	0	0	0	0	0	1	1	0	1	0	3	2	1	2	6	0	1	0	0	0	0	1	1	2	2	3	1	2	1	3	3	0	1	0	1	0	0	0	1	1	0	2	1	1	1	0	0	0	0	0	1	1	0	0	1	2	2	0	2	1	2	2	1	1	3	0	1	0	0	0	1	0	0	0	1	0	0	1	0	0	0	0	0	0	0	0	1	0	0	0	0	0	1	0	0	0	0	0	0	0	0	0	0	1	1	0	0	0	0	0	0	1	0	0	0	0	0	0	0	0	0	0	0	0	0	0	0	0	0	1	0	0	0	0	0	0	0	0	0	0	0	0	2	0	0	0	1	1	0	0	0	0	1	0	0	0	0	0	0	0	0	1	0	1	0	0	0	0	0	0	0	0	0	0	0	0	0	1	0	0	0	0	1	0	0	1	0	0	0	1	0	0	0	0	0	0	0	1	0	0	0	1	0	0	0	0	2	0	0	2	0	0	0	1	0	0	0	0	0	0	0	0	0	0	0	0	0	0	1	0	0	0	0	0	0	0	0	0	0	0	0	0	1	0	0	0	0	0	0	0	1	1	0	0	0	1	0	0	0	1	1	1	1	1	0	0	1	0	0	0	0	0	0	0	0	1	0	0	0	0	0	0	0	0	1	1	1	0	0	0	0	0	0	1	0	0	0	0	0	0	3	1	1	0	0	0	1	0	1	0
0	0	0	0	0	0	0	0	3	0	3	0	1	2	2	5	4	0	2	1	4	1	1	1	3	0	2	1	2	2	2	3	8	3	5	9	1	3	4	2	2	0	0	2	0	1	5	3	2	0	2	3	4	0	3	4	9	11	9	18	31	35	0	38	14	16	8	20	112	17	8	8	9	4	6	10	8	3	6	2	1	0	1	2	1	0	0	2	3	4	4	3	2	0	1	3	1	1	1	1	1	2	2	2	3	4	3	1	0	4	6	4	12	5	0	2	3	3	4	3	3	2	6	8	9	9	13	16	19	28	5	4	4	11	6	13	11	19	8	13	2	4	0	1	0	1	0	2	0	2	2	0	0	0	1	0	0	0	0	0	1	1	0	0	0	0	0	0	0	0	0	0	0	0	0	0	0	0	1	0	0	0	0	1	0	0	0	0	0	0	0	0	0	1	1	0	0	1	0	2	2	0	2	1	1	0	1	0	0	2	0	1	0	1	0	0	0	1	0	0	1	1	2	0	2	0	0	0	0	0	0	0	0	0	0	0	2	2	0	0	1	0	3	0	1	0	1	0	2	0	1	0	0	0	0	0	0	1	2	0	0	0	0	0	0	0	1	0	0	0	0	0	0	0	0	0	0	0	0	0	0	0	0	0	0	0	0	0	0	1	0	0	0	0	0	0	0	1	0	0	0	1	0	1	0	0	0	0	0	0	0	1	0	0	0	0	0	0	0	0	0	0	0	0	1	0	0	1	0	1	1	0	0	0	1	1	0	0	0	1	0	0	1	0	0	0	0	0	0	0	0	1	0	0	0	0	2	0	0	0	1	0	0	0	0	1	0	0	1	0	0	1	1	0	1	0	0	0	0	0	0	0	0	0	0	0	0	0	0	0	0	0	0	0	0	0	0	0	0	1	0	0	0	0	1	0	0	0	0	0	0	0	1	0	0	0	0	0	0	0	0	0	0	0	1	0	1	1	0	0	0	0	0	0	0	0	1	0	0	0	0	1	0	1	0	1	1	1	0	0	2	1	0	0	0	1	0	0	0	0	0	0	1	0	1	0	0	1	0	1	0	0	0	0	0	1	0	0	1	0	1	2	0	0	0	0	0	0	0
0	0	0	0	0	0	0	2	5	1	3	1	4	4	2	2	2	5	3	1	7	4	1	4	4	1	2	1	0	0	4	5	5	4	10	9	4	8	6	4	2	1	3	0	1	0	1	0	3	0	3	2	4	1	2	9	4	5	4	4	12	14	38	0	39	36	15	27	46	23	21	11	10	5	3	6	14	4	3	1	1	2	1	1	3	1	1	3	3	1	2	3	4	1	0	2	1	2	4	2	3	7	4	3	4	0	1	3	3	5	5	5	13	7	4	1	1	3	8	6	4	7	10	4	4	3	14	20	11	17	5	5	10	18	13	32	16	28	10	5	3	1	4	3	1	1	1	1	0	0	0	0	0	0	0	1	1	0	0	0	0	1	0	0	0	0	0	0	0	0	0	0	0	0	0	1	0	0	0	0	0	0	0	0	0	0	1	0	0	0	1	1	3	0	1	0	0	0	1	1	0	0	1	1	1	0	1	1	0	2	1	1	3	0	0	2	1	1	1	2	1	0	0	0	0	1	0	0	0	0	0	2	0	3	0	1	3	1	1	0	3	1	0	0	0	0	0	0	0	0	1	1	0	0	0	0	0	0	0	0	0	0	1	1	0	0	0	1	0	0	0	0	0	0	0	0	0	0	0	0	0	0	0	0	0	0	0	0	0	0	0	0	0	0	0	0	2	0	0	0	0	0	0	0	0	0	0	0	0	1	0	0	1	0	0	0	0	0	1	0	0	1	0	0	0	0	0	0	1	0	0	1	1	1	0	0	1	0	0	0	0	0	0	0	0	0	0	0	1	0	0	1	1	1	0	0	0	0	0	0	2	0	0	0	0	0	0	1	0	1	0	0	0	0	0	0	0	0	0	1	0	1	0	1	0	1	0	0	0	1	0	0	1	0	0	0	0	0	0	0	0	0	0	1	0	0	0	0	3	0	0	0	1	0	0	0	0	0	0	0	0	0	0	0	0	0	0	0	0	0	0	1	0	0	1	0	0	2	0	0	0	0	0	0	1	1	0	0	0	0	0	0	0	0	0	0	0	0	0	0	1	0	0	0	0	1	1	0	0	0	0	2	3	1	0	0	0	0	0	0	0	0	0	0	1	0	1	0	0
0	0	0	0	0	0	0	0	6	4	1	3	1	3	2	3	0	3	4	6	8	5	8	4	1	0	1	4	5	3	5	8	15	16	17	12	6	3	5	2	1	3	1	1	0	2	1	2	3	1	2	1	1	2	1	3	6	4	3	2	3	6	14	39	0	295	25	17	19	12	16	22	9	6	5	2	2	2	2	1	0	2	0	1	0	0	0	0	1	2	4	3	2	2	2	1	0	2	3	3	1	2	4	2	0	0	2	4	4	2	8	9	4	4	2	1	2	6	5	3	7	17	11	5	3	4	11	13	7	5	8	8	8	21	37	35	15	17	2	2	1	0	3	2	2	0	0	1	1	0	0	0	2	1	1	0	0	2	0	0	0	0	0	0	1	0	1	0	0	0	0	1	0	0	0	0	0	0	0	1	0	2	0	0	0	0	0	0	0	3	0	1	0	0	1	0	0	2	2	1	0	1	0	0	1	2	0	0	1	0	1	1	1	0	0	2	2	1	0	0	2	1	1	1	0	0	0	0	0	0	2	0	0	0	1	0	0	1	1	2	0	0	0	2	0	0	0	0	0	0	1	0	1	0	1	0	0	1	1	0	0	2	0	0	0	0	0	0	1	0	0	1	0	0	0	2	0	0	0	0	0	0	0	0	0	0	0	0	0	0	1	0	0	0	0	0	0	0	0	0	0	0	0	1	0	1	0	0	0	0	0	0	0	0	0	0	0	0	0	4	1	0	0	0	0	0	1	0	1	1	0	1	1	0	0	0	0	0	0	0	0	0	0	0	0	1	1	1	0	0	0	0	0	0	0	0	0	0	0	0	0	1	0	0	0	0	0	0	0	0	0	0	0	0	0	0	0	0	0	0	0	0	0	0	0	0	0	0	1	0	0	0	0	0	1	0	1	0	0	0	0	0	0	0	0	0	0	0	0	0	0	0	0	0	0	0	0	1	0	0	0	0	0	0	0	0	0	0	0	0	1	0	1	0	0	0	0	0	0	0	0	0	0	0	0	1	0	0	0	0	0	1	0	0	1	0	0	2	0	0	0	0	0	0	0	0	1	0	0	0	0	0	0	1	1	0	0	3	0	0	2	0	1	0	1	0	0	0	0
0	0	0	0	0	0	0	3	2	9	1	1	3	0	1	1	0	2	0	4	4	6	6	2	1	0	3	5	3	1	3	7	9	6	8	12	0	5	2	3	4	0	1	1	1	0	1	3	1	2	2	1	6	0	2	4	2	1	5	1	4	6	16	36	295	0	44	35	21	13	18	9	17	3	6	4	3	2	1	2	1	0	2	2	0	0	2	0	0	1	1	0	1	0	0	1	0	3	4	3	1	2	3	5	1	0	2	0	3	6	3	2	8	5	0	2	2	4	1	6	10	17	9	10	11	4	14	17	12	9	3	10	12	13	30	20	11	9	2	6	2	0	1	1	4	1	1	0	0	0	1	0	1	0	0	2	1	0	0	0	0	0	0	1	1	1	0	0	0	1	0	0	0	0	0	0	0	0	1	0	0	0	0	0	1	0	0	0	0	0	2	1	0	0	0	1	0	0	0	0	0	1	1	0	0	0	0	0	0	0	0	0	0	1	2	0	0	0	0	1	0	1	0	0	1	2	0	1	0	1	0	0	1	0	0	0	1	0	1	0	0	0	1	0	1	0	1	0	2	1	1	0	0	0	0	0	2	0	0	1	1	2	0	0	0	0	0	0	0	0	0	0	0	0	0	0	0	0	0	0	0	0	0	0	0	0	0	0	1	0	0	0	0	0	0	0	0	0	0	0	0	0	1	0	0	0	0	0	0	1	0	1	0	0	0	0	0	0	0	0	0	0	0	0	1	0	0	0	0	1	0	0	0	0	0	1	1	0	0	0	0	0	0	0	0	1	0	0	1	0	0	1	0	0	0	0	0	0	0	0	0	0	0	0	0	0	0	0	0	0	0	0	1	0	0	0	0	0	0	0	1	0	0	0	0	1	0	0	1	0	0	0	0	1	0	0	0	0	0	0	0	0	0	0	1	0	0	0	0	0	0	0	0	0	0	0	1	0	0	0	0	0	0	0	0	0	1	0	0	0	0	0	0	0	0	0	0	0	0	2	0	0	0	0	0	0	0	1	0	0	0	0	1	0	0	0	0	0	0	2	0	0	0	1	0	0	0	0	0	0	0	0	0	0	0	1	1	0	0	0	0	1	0	0	1	0	1	0	1
0	0	0	0	0	0	0	2	0	2	1	2	1	4	0	3	2	2	2	2	1	3	4	2	0	1	1	2	1	6	2	10	7	6	6	4	3	3	0	2	2	0	0	0	2	1	2	1	0	0	2	0	1	0	0	0	4	3	3	5	2	3	8	15	25	44	0	68	23	16	11	6	3	1	3	3	2	1	1	0	1	3	2	2	2	1	3	0	0	1	0	2	3	1	2	1	1	1	1	1	0	2	1	0	0	0	2	1	3	0	2	4	1	3	0	4	0	3	4	6	9	21	29	19	11	4	26	22	5	7	11	6	3	8	28	10	3	5	3	1	1	2	0	1	1	2	0	0	0	0	0	1	1	0	0	0	0	0	0	0	0	0	0	1	0	0	0	0	0	0	0	0	0	1	1	0	0	1	0	1	0	1	1	1	0	0	0	2	3	0	0	1	1	0	2	0	0	0	1	0	0	0	0	1	0	1	2	0	0	1	0	2	0	1	0	0	0	1	0	0	0	1	1	1	0	1	0	0	0	1	0	1	0	0	0	1	0	2	1	2	0	0	0	0	0	0	0	0	0	0	0	1	0	0	0	1	0	1	1	0	0	0	0	0	0	0	0	0	0	0	0	0	0	0	0	0	0	1	0	0	0	0	0	0	0	0	0	0	0	0	0	1	0	0	1	0	0	0	0	1	1	0	0	0	1	0	0	0	1	0	0	0	0	0	0	1	0	0	1	0	0	0	0	0	0	1	0	0	0	0	0	0	1	2	0	1	0	0	0	0	1	0	0	0	0	1	0	0	0	0	0	0	0	1	0	0	0	0	0	0	0	0	0	0	0	0	0	0	0	0	0	1	0	0	0	1	0	0	0	0	0	0	1	0	0	0	0	0	0	0	0	0	0	0	1	0	0	0	2	0	0	1	0	0	1	0	0	0	1	0	0	1	0	0	0	0	0	0	0	0	0	0	0	1	0	0	0	0	0	0	0	2	0	0	0	0	0	0	0	1	0	0	1	0	1	1	0	0	0	0	0	0	1	1	0	0	0	1	0	1	0	0	0	0	0	1	1	0	0	1	0	0	0	0	1	0	0	0	0	0	0	0	0	2	0	1	0	0	0
0	0	0	0	0	0	0	0	0	3	2	0	2	0	0	2	0	1	4	1	3	1	1	1	2	1	1	3	1	1	1	6	9	8	2	5	3	2	1	2	3	0	0	0	1	1	1	0	2	2	0	0	1	4	3	2	5	3	4	3	9	8	20	27	17	35	68	0	65	20	15	5	10	3	1	6	3	2	3	1	0	0	0	0	2	1	0	0	0	0	2	1	2	2	4	2	0	1	2	2	0	1	2	3	3	2	2	1	4	5	0	3	4	4	0	3	1	2	4	7	12	12	16	31	4	12	28	47	10	14	9	4	3	9	12	16	10	5	4	7	2	1	0	1	2	0	0	0	0	1	1	0	0	1	0	1	1	1	0	0	0	0	0	0	1	0	0	0	0	0	1	2	0	0	0	0	0	0	0	0	0	0	0	0	1	0	0	0	0	0	0	3	1	0	0	0	1	1	1	1	0	0	1	0	0	2	0	0	0	0	1	0	0	1	0	0	0	0	0	0	0	0	1	3	1	2	0	0	0	0	0	1	2	0	1	0	0	1	1	0	2	1	1	2	0	1	0	1	0	2	0	2	0	1	0	0	0	0	0	0	1	0	0	0	0	0	0	0	0	1	0	1	0	0	0	0	0	0	0	0	0	0	0	0	0	0	0	1	0	0	0	0	1	1	0	0	0	1	0	0	0	1	1	0	0	1	0	1	0	0	1	0	0	0	0	0	1	0	0	0	0	1	0	0	0	1	0	0	0	1	0	1	0	0	1	0	1	0	0	0	1	1	0	2	0	0	0	0	0	0	0	0	0	0	0	0	0	0	0	0	0	1	1	1	0	0	0	0	0	0	0	0	0	0	0	0	0	0	1	0	0	0	0	0	0	1	0	0	1	0	0	0	0	0	0	1	0	0	0	0	0	0	0	1	0	0	0	0	0	0	0	1	0	0	2	0	0	0	0	0	0	0	0	0	0	0	1	0	0	1	0	0	0	0	0	0	0	0	0	0	0	0	0	0	0	0	1	0	0	0	0	0	0	1	0	0	0	0	0	0	0	0	0	0	1	1	0	0	2	0	1	0	1	1	1	0	0	1	0	0	0	0	0	0	0	1	0	0	2
0	0	0	0	0	0	0	0	1	4	1	2	0	0	0	0	3	4	1	1	5	5	1	2	0	3	3	0	1	2	2	4	2	5	6	7	2	1	6	5	2	2	0	3	0	0	0	2	3	1	0	6	5	3	3	6	6	6	7	6	17	18	112	46	19	21	23	65	0	44	10	11	9	3	0	8	4	7	4	2	0	1	2	0	2	4	1	1	3	4	4	4	2	5	1	1	3	1	3	2	3	3	1	4	0	1	3	4	2	7	4	4	10	10	3	5	2	3	2	3	5	9	7	4	7	7	22	29	20	27	10	4	7	10	12	20	8	9	7	7	3	1	1	2	1	0	2	0	0	2	1	0	1	0	2	0	0	1	1	0	1	0	0	0	0	0	0	1	0	0	0	0	0	0	0	0	0	1	0	0	0	0	0	0	0	0	0	0	0	2	0	2	0	1	1	2	2	0	1	2	0	1	2	1	2	4	0	0	0	0	1	0	2	3	0	0	1	2	0	1	0	0	1	0	0	0	1	0	0	0	2	0	0	2	0	1	1	2	0	1	1	0	0	0	1	0	0	0	0	0	0	1	0	0	0	0	1	0	0	0	0	0	0	0	1	0	0	0	0	0	0	1	0	0	0	0	0	0	0	0	0	0	0	0	0	0	0	0	0	0	0	0	0	1	0	0	0	0	0	0	0	1	0	0	0	0	1	1	0	0	0	0	0	0	0	0	0	0	2	0	0	0	0	0	1	0	1	0	0	1	0	0	0	0	0	0	0	0	1	1	0	1	1	0	0	1	0	1	0	0	0	0	0	1	0	0	0	0	0	0	0	0	0	0	0	0	1	0	1	0	1	0	0	0	0	0	0	0	0	0	0	0	0	0	0	0	0	0	0	0	0	0	0	0	0	0	1	0	0	0	0	0	0	0	0	0	0	0	0	1	0	0	0	0	0	0	0	0	0	0	0	0	0	1	0	0	0	0	0	0	0	0	0	0	0	0	0	0	0	0	0	0	0	0	0	0	0	0	0	1	0	0	0	0	0	0	0	0	0	0	0	0	1	0	2	0	0	1	1	0	0	0	0	0	1	0	0	0	0	0	0	0	0	0	0	0	0	0	1
0	0	0	0	0	0	0	0	1	4	1	3	2	2	5	0	1	2	0	2	6	4	1	5	0	1	0	1	1	0	3	7	3	3	5	4	3	5	5	2	5	2	2	1	1	2	7	1	4	3	7	2	6	3	9	6	14	9	8	14	7	11	17	23	12	13	16	20	44	0	99	19	19	13	4	14	16	4	5	2	2	2	2	0	4	3	1	1	0	4	4	1	2	2	0	0	2	2	1	3	3	4	3	3	1	0	1	1	3	5	3	2	3	3	1	0	0	2	2	3	0	4	2	6	5	2	9	6	3	6	2	2	4	6	8	6	3	11	6	5	2	2	1	1	0	3	0	1	3	0	0	0	0	0	0	0	1	0	0	0	0	0	1	0	0	0	0	0	0	0	0	2	0	0	0	0	0	0	1	0	0	0	0	0	0	1	1	0	0	1	0	0	2	1	0	0	0	0	0	0	1	0	0	1	1	0	1	1	0	1	0	1	2	1	0	0	1	0	0	0	1	0	1	2	1	0	1	0	0	0	1	0	0	1	1	1	0	1	1	3	1	0	0	0	1	0	0	0	0	1	1	1	0	0	0	0	0	0	1	0	0	0	1	0	0	0	0	0	0	0	1	0	0	0	0	0	0	0	0	0	1	0	0	0	0	0	0	0	0	0	0	0	0	0	0	1	0	0	0	0	0	0	0	1	0	0	0	0	0	0	0	0	0	0	0	0	0	0	0	0	0	0	0	0	0	0	1	0	0	0	0	1	0	1	0	0	0	1	1	0	1	0	1	1	0	0	0	0	0	0	0	0	0	0	0	0	0	0	0	0	0	0	1	0	0	0	0	0	0	0	0	0	0	0	0	0	0	0	0	0	0	2	0	1	0	0	0	0	0	0	0	0	0	1	0	0	0	1	0	0	1	0	0	0	1	0	0	0	1	0	0	0	0	1	0	0	0	0	1	0	0	0	0	0	0	0	0	0	0	0	0	0	0	0	0	0	0	0	0	0	0	0	0	1	0	0	0	2	0	0	0	0	0	1	0	0	0	0	2	0	0	1	0	0	0	0	0	0	0	0	0	0	0	1	0	0	0	2	0	0	0	0	0	0	0	0	0	0	1
0	0	0	0	0	0	0	2	3	3	0	2	1	2	1	3	4	2	1	0	1	4	3	1	3	0	1	4	1	2	0	2	3	4	4	8	5	9	5	7	4	3	1	1	0	1	3	3	8	1	7	4	6	6	9	7	18	5	7	7	9	11	8	21	16	18	11	15	10	99	0	25	51	16	12	17	23	10	4	2	7	1	3	1	0	4	1	1	0	2	3	1	0	1	1	2	0	3	1	3	0	3	5	7	5	2	2	4	2	3	3	3	5	2	0	0	1	1	1	0	1	4	4	5	0	3	4	7	2	5	1	1	4	8	3	7	3	18	6	8	1	4	0	1	3	1	1	4	0	0	0	1	0	0	0	0	1	0	0	2	2	1	0	1	0	0	0	0	0	0	1	0	0	0	1	0	0	0	0	0	0	1	0	0	0	0	0	0	0	1	0	1	1	0	0	0	0	0	0	0	0	0	2	0	2	0	1	0	0	0	0	0	1	1	1	0	0	0	0	1	0	0	0	0	0	0	0	0	0	0	0	0	0	1	0	0	1	0	2	1	1	1	3	2	0	1	0	0	1	1	1	0	0	0	3	1	0	0	0	0	1	0	0	0	2	0	0	0	1	1	0	0	0	0	0	0	0	0	0	0	0	0	0	1	0	0	1	0	0	0	0	0	0	0	0	0	0	0	0	0	0	1	1	0	1	0	0	0	0	0	0	0	0	1	1	0	1	0	0	0	0	0	0	0	0	0	0	0	0	0	0	0	0	1	1	0	1	0	2	0	0	0	0	1	0	0	1	0	1	0	0	0	1	1	0	1	1	0	0	0	0	2	0	0	0	0	1	0	1	1	0	1	0	0	0	0	1	0	0	1	0	0	1	0	0	0	1	0	0	0	0	0	0	0	0	0	0	0	1	0	0	2	1	0	0	0	0	0	0	0	0	0	0	0	0	0	1	0	0	0	0	1	0	0	0	0	0	0	1	0	0	0	0	0	0	0	0	0	0	0	0	0	0	1	0	0	0	0	0	0	0	2	0	0	1	0	0	0	0	1	0	0	2	1	0	0	0	0	0	0	0	0	1	0	0	2	0	1	0	0	0	0	0	0	0	1	0	0	0
0	0	0	0	0	0	0	9	4	5	3	1	4	1	1	3	6	3	2	5	0	6	3	3	0	0	0	1	3	1	1	3	2	3	7	11	7	14	15	8	6	3	3	1	0	2	2	2	3	4	3	1	0	5	4	7	7	3	6	9	6	8	8	11	22	9	6	5	11	19	25	0	92	27	10	10	22	5	1	5	2	1	4	0	3	3	1	1	0	2	8	4	6	2	3	0	0	3	7	3	1	5	3	10	3	5	0	3	5	3	11	4	1	2	1	0	1	2	2	1	2	4	3	1	2	3	3	3	5	5	5	7	1	4	4	9	7	28	9	4	5	0	2	2	0	3	0	2	1	2	0	1	0	0	0	0	0	2	0	2	0	0	0	1	1	0	0	0	0	0	0	0	0	0	0	0	0	0	0	0	1	0	0	0	0	0	0	0	0	0	1	1	0	2	0	2	1	1	1	0	0	2	0	1	1	0	0	0	0	2	3	1	3	1	1	0	1	1	0	1	2	0	0	2	0	0	1	0	0	1	1	0	0	1	0	0	0	0	0	0	0	0	0	0	2	0	0	0	1	1	0	0	1	0	0	0	0	0	0	0	0	0	0	1	0	0	0	0	0	0	0	0	0	0	0	0	0	0	0	0	0	0	0	0	0	0	0	0	0	0	0	0	0	0	0	0	0	0	0	1	0	0	0	0	1	0	0	0	0	0	0	0	0	0	0	0	0	0	0	1	1	0	2	0	0	0	0	0	0	0	1	1	1	1	0	1	0	0	0	0	0	0	1	0	0	0	0	0	0	0	0	0	0	0	0	0	0	1	0	0	0	0	0	1	0	0	0	0	1	0	0	0	0	0	0	1	0	0	2	0	0	0	0	0	0	0	0	0	0	0	0	1	1	0	0	0	0	0	0	0	0	0	0	0	0	1	1	0	0	0	0	0	0	1	0	0	0	1	0	0	0	0	0	0	0	1	0	0	1	0	0	0	2	0	0	0	2	0	0	0	0	0	0	0	0	0	0	1	0	1	1	1	0	0	0	0	1	0	0	0	0	0	0	0	0	0	0	0	0	0	0	1	0	0	2	1	0	1	0	1	0	0	0	1	0	1	0	0	0
0	0	0	0	0	0	0	0	2	0	0	2	1	2	3	2	1	1	1	4	7	2	0	1	0	1	1	1	1	5	3	1	2	5	10	5	5	8	6	6	4	4	1	1	4	1	1	3	0	1	5	2	10	6	4	7	10	2	4	5	2	5	9	10	9	17	3	10	9	19	51	92	0	43	11	8	17	6	4	7	3	2	0	0	0	0	0	1	2	1	0	3	1	3	0	3	1	2	4	4	2	1	6	4	8	0	2	7	6	2	3	5	4	4	2	1	0	2	2	5	2	1	3	2	3	2	2	5	6	5	6	5	1	5	3	2	8	12	7	5	2	2	1	0	1	1	0	0	1	0	0	1	0	2	0	0	0	0	0	0	0	0	0	0	0	0	0	0	0	0	0	0	0	0	0	0	0	0	0	1	0	0	0	0	0	0	0	1	0	0	1	1	2	0	1	0	1	2	2	0	0	0	1	3	1	1	2	0	0	0	2	0	0	2	0	0	2	0	1	0	0	1	1	1	0	1	0	0	0	0	0	0	0	1	0	0	0	1	1	1	0	1	0	2	0	0	2	2	0	0	0	0	0	0	0	0	0	0	0	0	0	1	0	0	0	0	0	0	0	0	0	1	0	0	0	0	0	0	1	0	0	0	0	1	0	0	0	0	1	1	0	1	0	1	0	0	0	0	0	1	0	0	0	0	2	0	0	0	0	0	0	2	0	0	0	1	0	1	0	0	0	0	0	0	0	0	2	1	0	0	0	1	0	1	0	1	1	1	1	0	0	0	0	0	0	0	0	0	0	0	0	0	0	0	0	0	0	1	0	0	0	0	0	0	0	0	0	0	0	0	0	0	0	0	0	0	0	0	1	0	0	0	0	0	0	0	0	0	0	0	0	0	1	0	0	0	0	0	0	1	2	0	0	0	0	0	0	0	0	0	1	0	0	0	0	1	1	0	0	0	0	0	1	0	0	0	0	0	0	0	1	0	0	0	0	0	0	0	0	0	0	0	0	0	1	0	0	1	1	0	0	0	0	0	0	2	0	0	1	0	0	0	0	1	0	1	1	0	0	0	0	0	0	0	0	0	0	0	0	0	0	0	0	0	0	0	0	0	0
0	0	0	0	0	0	0	5	4	3	1	3	0	2	2	7	1	0	2	2	2	2	2	2	1	2	2	2	1	1	3	1	1	1	3	4	3	10	11	11	13	3	4	5	2	1	0	4	1	2	4	10	3	7	5	10	6	1	2	8	2	2	4	5	6	3	1	3	3	13	16	27	43	0	30	34	18	4	4	5	5	2	0	3	2	1	0	1	0	1	2	3	0	3	5	2	2	3	3	3	2	6	4	6	2	2	3	3	2	1	2	3	2	1	0	0	0	1	1	1	0	2	5	3	1	1	4	6	3	2	3	1	2	3	1	1	1	12	8	3	2	4	6	0	1	1	1	2	0	0	0	0	0	0	0	2	0	0	1	0	0	0	0	0	0	0	0	0	1	0	0	0	0	1	0	0	0	1	0	0	0	0	0	0	0	0	0	0	1	0	2	0	1	1	1	1	0	1	1	0	0	0	1	0	0	1	0	0	2	1	0	0	1	2	0	0	1	2	1	1	2	0	0	1	2	0	0	0	0	0	0	1	0	1	0	1	2	0	1	0	0	0	0	0	0	0	1	0	1	0	0	0	0	1	0	0	1	1	0	0	0	0	0	1	1	0	0	1	1	0	0	0	0	0	0	1	0	0	0	0	0	0	0	0	0	0	0	0	0	0	0	0	1	0	0	0	0	1	0	0	0	0	0	0	0	1	0	0	0	0	0	1	0	0	0	0	0	0	1	0	1	0	0	0	0	0	0	0	0	1	1	0	0	0	0	0	0	0	1	0	0	0	0	0	1	0	0	0	1	0	0	0	0	0	0	0	0	0	0	0	0	0	0	1	0	0	0	0	0	0	1	0	0	0	3	0	1	0	0	0	0	0	1	1	2	0	0	0	0	1	0	0	0	0	0	0	0	0	0	0	0	0	0	0	0	0	0	0	0	0	0	0	1	0	0	1	0	0	1	1	0	0	0	0	0	0	0	1	0	0	0	0	0	1	0	0	0	0	0	0	0	0	1	0	0	1	1	1	1	0	1	0	0	0	0	0	0	2	0	0	0	0	0	0	0	0	0	0	0	0	0	0	0	0	1	0	0	0	2	0	0	0	0	0	1	0	0	1	0
0	0	0	0	0	0	0	3	2	2	0	2	1	1	1	3	3	1	1	0	4	2	1	3	0	0	0	0	1	1	1	0	1	3	3	3	5	8	13	14	24	7	6	6	4	3	7	16	5	1	4	3	3	19	17	27	14	8	4	5	4	10	6	3	5	6	3	1	0	4	12	10	11	30	0	67	31	33	24	9	3	0	3	1	4	0	1	3	2	1	1	4	0	6	1	3	1	3	4	4	3	4	6	13	5	4	4	4	2	3	1	2	4	1	1	0	0	2	2	0	3	2	3	3	0	3	2	2	1	3	2	1	1	1	3	2	2	5	8	12	7	9	5	3	4	1	2	2	0	0	0	1	1	0	2	0	0	0	0	0	0	1	0	1	0	0	0	0	0	0	0	0	0	0	0	0	0	0	0	0	0	0	0	0	0	0	0	0	0	0	1	0	0	0	0	0	0	3	1	0	0	0	0	1	1	1	1	1	0	1	2	0	0	0	2	1	2	2	1	2	0	0	0	0	1	1	0	1	0	0	0	2	1	0	0	0	1	1	2	0	0	1	2	0	0	0	0	0	0	1	0	0	0	0	1	0	0	0	0	2	0	0	1	0	0	0	0	0	0	0	0	0	0	0	0	0	1	0	0	0	1	0	0	0	0	0	0	0	0	0	0	0	0	0	0	0	0	0	1	0	1	0	0	0	0	0	0	0	0	0	0	0	0	0	0	0	0	1	0	0	0	0	0	1	0	0	0	1	2	1	0	1	0	0	0	0	0	1	0	0	0	0	1	0	0	0	0	0	0	0	0	0	0	0	0	0	0	0	0	0	0	0	0	1	0	0	1	0	0	0	0	0	0	0	0	0	1	0	0	2	1	1	0	0	1	0	1	0	0	0	0	0	0	0	0	0	0	1	0	0	0	0	2	0	0	0	0	0	0	0	0	0	0	0	2	0	0	0	1	0	0	0	0	0	0	0	0	0	0	1	0	1	0	0	0	0	0	0	0	0	0	0	1	2	0	0	0	0	0	0	0	0	0	1	0	0	0	0	0	0	1	2	0	0	0	0	1	0	0	1	0	0	1	0	0	0	0	1	0	0	1	0	0	1	0	0	0	0	1
0	0	0	0	0	0	0	1	4	2	2	3	1	2	3	5	0	0	2	1	1	3	1	3	0	0	0	0	3	0	1	1	0	3	2	4	5	11	6	4	6	4	2	1	0	4	1	5	7	3	5	6	12	16	13	33	50	7	6	7	9	8	10	6	2	4	3	6	8	14	17	10	8	34	67	0	52	23	18	7	8	5	4	3	2	0	2	3	2	0	4	1	2	3	2	0	0	1	5	4	2	4	0	9	3	4	1	2	3	2	0	2	2	2	1	0	0	0	2	1	0	2	2	2	2	1	2	5	3	6	1	0	1	1	1	3	3	9	6	11	7	7	1	2	1	1	4	0	1	0	0	2	0	2	2	1	1	0	0	0	0	1	0	0	0	0	0	0	0	0	0	0	0	0	0	0	0	0	0	0	0	0	0	0	1	0	0	0	0	1	1	0	2	1	0	1	0	2	2	2	1	1	0	2	0	0	0	0	1	0	0	0	0	1	2	1	2	1	0	0	1	2	0	1	0	0	0	0	1	1	1	0	0	1	0	0	0	0	1	1	1	0	1	2	1	2	0	0	2	0	0	0	0	1	0	0	0	0	0	0	1	0	1	0	0	0	0	0	0	0	0	0	0	0	1	0	0	0	0	1	0	0	0	0	0	0	0	1	0	0	0	0	0	0	0	0	0	0	0	0	0	0	0	0	0	0	0	0	0	0	0	1	0	0	0	0	1	0	0	0	0	0	0	0	0	0	1	1	0	0	0	0	0	1	1	0	0	0	0	0	0	0	1	2	0	0	0	0	0	0	0	1	1	0	0	0	0	1	0	1	0	0	0	0	0	0	0	0	0	0	1	0	0	0	0	0	0	0	0	0	0	0	1	0	0	0	0	0	0	0	0	0	1	0	0	0	0	0	0	1	1	0	0	1	1	0	0	0	1	0	0	0	0	2	1	0	0	0	0	1	0	0	0	0	0	0	0	0	0	1	0	0	0	0	0	0	1	0	0	1	0	0	0	1	1	2	1	0	0	1	1	0	0	1	0	0	0	0	0	0	1	0	0	1	0	0	0	0	0	0	0	0	2	0	0	1	0	0	0	1	0	0	0	0	0	0	0	0	0
0	0	0	0	0	0	0	1	3	3	1	1	0	0	1	2	2	0	2	3	5	2	4	0	0	3	0	3	0	1	2	5	2	3	3	1	3	13	15	8	11	4	0	3	0	0	6	4	6	4	4	4	16	10	13	30	23	13	6	10	17	13	8	14	2	3	2	3	4	16	23	22	17	18	31	52	0	30	13	3	1	3	6	1	4	5	0	1	2	3	4	6	4	5	6	3	2	2	5	2	9	4	7	8	3	7	9	5	8	6	2	2	5	0	5	3	1	2	2	1	4	4	0	3	3	0	4	2	6	8	2	0	5	2	8	1	4	26	34	19	7	4	4	2	0	1	0	2	2	0	0	0	0	0	1	0	0	0	0	0	1	0	0	0	1	0	0	0	0	0	0	0	0	0	0	0	1	1	0	0	0	0	0	1	0	1	0	0	0	0	2	1	1	0	2	1	0	1	0	1	0	0	1	0	0	0	3	2	2	3	0	1	2	0	1	1	0	1	0	2	0	0	0	1	1	0	0	0	0	0	0	0	1	1	1	2	1	0	1	1	0	0	0	0	1	0	1	0	2	1	0	1	0	0	0	0	0	0	0	0	0	0	1	0	1	0	0	0	0	0	0	0	0	0	2	0	0	1	0	0	0	0	0	0	0	0	0	0	0	0	0	0	0	0	0	0	0	1	0	0	0	0	0	1	0	0	1	0	0	0	0	0	0	1	0	0	0	0	1	0	0	0	0	0	0	0	1	0	1	1	0	1	0	0	0	0	2	1	0	0	0	0	0	0	0	0	1	0	0	0	0	0	0	0	0	0	0	0	0	0	1	0	0	0	0	0	0	0	1	0	1	0	0	0	1	0	0	0	0	0	0	0	0	0	0	0	1	1	0	0	0	0	0	0	0	1	0	0	0	0	0	0	0	0	0	0	0	0	0	0	0	0	0	0	1	0	0	1	0	0	0	0	0	0	0	0	0	0	0	1	0	0	0	0	0	0	0	0	0	0	0	0	1	0	0	0	1	0	0	0	0	2	0	1	2	0	0	1	0	0	0	0	0	0	0	1	0	1	0	0	0	0	0	0	1	0	0	0	0	0	0	1	0	0	0	1	1	0	0
0	0	0	0	0	0	0	1	2	2	2	2	1	0	2	1	0	5	2	0	2	3	0	1	1	0	0	0	0	2	1	0	2	0	2	2	7	8	13	8	33	9	5	9	2	4	15	17	10	8	3	4	20	10	38	44	8	5	6	7	6	4	3	4	2	2	1	2	7	4	10	5	6	4	33	23	30	0	46	15	7	10	7	5	5	9	1	1	2	4	2	9	6	5	4	1	5	1	4	13	8	3	5	17	6	11	7	6	3	2	1	4	1	2	3	2	1	1	1	3	2	1	1	2	0	1	4	0	3	1	2	1	2	2	0	4	2	8	30	38	17	11	8	7	1	2	2	1	1	0	0	0	1	1	0	1	0	0	0	0	1	1	0	1	1	0	0	0	0	0	1	0	0	0	0	0	0	0	0	0	2	0	0	0	0	0	0	1	0	1	0	1	1	0	0	2	2	1	1	0	0	0	2	2	0	2	1	0	2	2	1	2	1	2	3	0	3	0	0	1	0	2	1	0	0	1	0	0	0	0	0	0	0	6	0	1	1	2	0	0	0	0	2	0	2	2	0	0	2	0	0	0	0	0	0	0	0	0	0	1	2	0	0	1	0	0	0	0	0	0	0	1	0	0	0	0	1	0	1	0	0	0	0	0	1	0	1	0	1	0	1	0	0	0	0	0	1	0	1	0	1	1	1	0	0	0	2	0	0	0	0	1	1	0	1	0	1	0	0	1	0	0	0	0	0	0	0	0	0	0	0	0	1	1	1	1	0	0	1	0	1	0	1	0	0	0	0	1	1	0	0	0	0	0	0	0	0	0	0	0	1	0	1	0	0	0	0	0	0	0	0	0	0	0	0	0	0	1	0	0	0	0	0	1	0	0	0	0	0	1	0	0	0	0	0	0	0	0	0	0	0	0	0	0	1	0	0	0	0	2	0	0	0	1	0	1	0	0	1	0	0	1	1	0	0	0	0	1	0	0	0	0	1	0	0	0	0	0	0	0	0	1	0	0	0	0	0	0	0	0	1	0	0	0	0	1	0	0	0	0	0	0	0	0	0	0	0	0	1	0	1	0	1	0	0	0	0	1	0	1	1	0	1	0	0	0	0	0	1
0	0	0	0	0	0	0	3	1	0	2	0	1	0	0	2	1	0	2	1	2	2	0	0	1	4	0	2	0	0	0	0	1	3	4	1	4	4	8	8	26	10	9	5	5	5	16	33	17	7	10	9	20	19	45	33	9	4	7	8	4	3	6	3	2	1	1	3	4	5	4	1	4	4	24	18	13	46	0	31	16	22	5	13	7	7	5	2	4	4	6	5	2	3	3	0	1	0	1	6	5	3	5	10	4	6	2	5	4	2	3	2	1	0	0	2	1	0	0	0	0	1	1	1	2	2	1	3	1	3	0	0	0	1	2	2	4	1	10	2	18	19	7	4	3	6	3	0	3	2	0	0	1	1	0	0	0	0	0	0	1	0	3	1	1	0	0	1	0	1	0	1	1	0	0	1	0	0	0	0	0	0	0	0	0	0	0	0	2	1	2	0	0	1	2	0	0	1	2	0	0	0	1	2	1	2	2	0	3	1	2	0	2	2	2	1	3	3	2	1	3	1	1	0	0	0	3	0	0	0	0	1	0	1	0	0	0	2	1	0	1	0	0	1	0	0	0	0	0	0	0	0	0	0	1	0	0	1	0	0	0	0	0	0	0	0	0	0	0	0	0	0	1	0	1	0	0	0	0	0	0	0	1	1	0	1	0	0	0	0	0	0	1	0	0	1	0	0	0	1	0	0	0	0	1	0	1	0	0	0	1	0	0	0	0	0	0	0	0	0	0	0	1	0	0	1	0	0	0	0	1	1	1	1	0	0	1	0	0	0	1	2	0	0	0	0	1	0	0	0	0	2	0	1	0	0	0	0	1	0	0	0	0	1	1	0	0	0	0	1	0	1	0	0	0	0	0	0	0	0	0	0	1	2	1	0	0	0	0	0	1	0	0	0	0	1	0	0	0	0	0	0	0	1	1	0	0	0	0	0	0	0	0	1	0	0	0	1	0	0	0	0	1	0	1	0	1	1	0	0	0	0	0	0	0	0	0	0	0	0	0	0	2	2	2	0	0	1	0	0	2	1	2	2	0	0	0	1	0	0	1	1	0	0	1	0	0	0	0	0	0	0	0	1	0	0	0	1	0	1	2	0	1	1	1	1	0	0	0
0	0	0	0	0	0	0	1	2	2	1	1	2	2	1	0	0	1	3	2	0	3	1	2	2	1	1	0	0	0	1	1	1	1	1	3	0	4	5	4	13	45	34	20	12	7	10	43	12	6	8	4	4	18	16	3	4	4	4	4	2	0	2	1	1	2	0	1	2	2	2	5	7	5	9	7	3	15	31	0	95	46	10	9	10	6	2	4	3	2	4	4	7	0	3	2	1	2	2	1	4	3	3	7	4	8	5	2	2	2	1	2	5	1	1	0	0	1	0	0	0	1	1	0	1	1	0	1	0	0	2	2	0	0	0	1	1	0	2	4	7	7	14	8	6	6	4	0	2	1	0	0	1	0	0	2	1	0	0	1	0	0	0	0	2	0	0	0	1	0	0	1	1	0	0	1	0	0	0	0	1	0	1	0	0	1	0	0	1	2	0	2	1	3	1	3	1	0	0	0	1	1	1	0	0	1	3	1	1	0	1	2	1	0	0	1	1	0	0	0	1	0	1	0	2	0	0	0	0	0	0	0	0	2	1	0	1	1	0	1	0	0	1	0	1	0	0	0	1	3	0	0	2	1	0	0	0	0	1	0	0	0	1	0	0	0	0	0	0	0	0	0	0	0	1	0	0	0	0	0	0	0	1	0	0	1	0	0	0	0	0	0	0	0	0	0	0	0	0	0	0	1	1	2	0	0	0	0	0	0	0	0	0	0	0	0	0	0	0	1	0	0	1	0	1	0	1	0	0	1	1	1	1	0	0	1	2	1	1	1	1	0	0	1	2	0	0	0	0	0	0	0	0	0	0	0	0	1	0	0	0	0	0	0	2	0	0	0	0	0	0	0	0	0	1	0	2	0	0	0	0	0	0	1	1	0	0	1	0	0	0	0	0	0	0	1	0	0	0	0	0	0	0	0	0	1	0	0	1	0	0	0	0	0	0	1	0	0	0	0	0	0	0	1	0	1	0	0	1	1	0	0	0	0	0	0	1	0	0	0	1	0	0	0	0	1	1	2	1	2	0	0	4	0	1	0	2	0	1	0	0	0	0	0	0	2	0	1	0	0	2	0	0	0	0	0	0	1	1	0	2	1	1	1	0	1	1	0	1
0	0	0	0	0	0	0	3	0	1	0	0	0	0	1	0	0	2	4	1	1	5	3	0	1	1	1	0	1	0	1	0	0	0	1	1	1	3	2	2	8	13	45	25	11	13	8	30	14	2	8	1	5	5	8	5	1	5	3	4	2	2	1	1	0	1	1	0	0	2	7	2	3	5	3	8	1	7	16	95	0	180	46	35	35	9	1	2	3	0	3	3	0	4	5	3	2	2	4	3	2	3	2	4	1	4	10	2	1	0	1	1	2	1	2	2	2	0	0	1	0	0	0	1	0	0	2	0	0	1	1	0	0	2	0	1	2	3	3	6	2	10	24	5	10	9	8	2	0	1	1	1	0	1	1	0	0	0	0	1	1	0	1	0	0	0	1	0	0	2	1	0	0	1	1	0	1	0	0	0	0	0	0	0	0	0	0	1	1	1	2	1	0	3	2	1	0	0	4	1	2	2	1	0	0	1	4	1	0	3	2	2	1	1	2	1	3	2	1	2	1	0	0	1	1	0	2	0	0	0	1	0	1	0	1	0	0	1	0	1	0	0	0	1	1	1	1	0	0	1	0	0	1	0	0	0	1	0	0	0	0	0	0	0	0	1	0	1	0	1	0	1	0	0	0	1	0	0	0	0	0	0	0	0	0	0	0	0	0	0	0	1	0	0	0	0	0	0	2	0	0	0	1	0	2	0	1	1	0	0	1	2	0	0	0	0	0	0	0	0	0	0	0	0	0	2	0	0	1	1	0	0	0	0	0	1	0	0	0	0	2	0	0	2	0	0	0	0	1	2	1	1	1	0	2	0	0	0	0	0	0	0	0	0	2	0	0	0	0	0	0	2	0	0	0	0	1	0	0	1	0	0	1	0	0	1	1	0	0	0	0	1	0	1	0	0	0	1	0	0	0	0	1	0	1	0	1	0	0	2	0	0	0	0	0	0	0	0	1	3	2	0	0	0	0	1	0	0	0	0	0	0	0	0	0	0	0	0	0	0	0	0	1	0	2	1	0	1	1	0	1	1	1	1	0	1	0	1	0	0	0	0	0	1	0	0	0	0	1	0	0	1	0	0	0	0	2	0	0	3	2	0	0	0	0	0	1	1	1
0	0	0	0	0	0	0	1	0	1	0	1	0	1	0	0	0	0	0	1	1	0	0	1	0	0	0	2	0	0	0	0	1	1	0	2	1	0	5	9	7	11	22	17	10	9	6	13	13	10	4	4	8	8	4	7	2	5	1	4	2	2	0	2	2	0	3	0	1	2	1	1	2	2	0	5	3	10	22	46	180	0	65	37	15	7	2	1	2	4	0	2	2	2	1	1	0	1	1	3	3	0	5	5	2	4	8	2	1	2	3	0	1	1	2	0	0	1	0	1	0	0	0	1	1	1	0	1	1	1	0	1	0	0	0	0	1	4	2	1	4	9	16	9	4	11	5	5	4	1	1	2	1	0	0	0	1	1	0	0	0	0	0	0	0	0	0	0	1	0	0	0	0	0	0	0	0	1	0	0	0	0	0	0	0	0	0	1	2	1	0	1	0	1	0	1	1	1	1	1	0	2	0	1	1	1	1	0	1	1	2	0	1	1	4	1	3	1	1	0	2	0	0	1	0	0	1	2	0	0	0	1	3	0	0	0	0	0	0	0	1	1	0	2	0	0	0	3	2	0	1	0	0	0	1	0	0	0	1	0	0	0	0	1	0	0	2	0	1	0	0	0	0	1	0	0	0	0	0	0	0	0	0	0	0	0	0	1	0	0	2	0	0	0	0	0	0	0	1	0	0	0	0	0	0	1	0	1	0	1	0	0	0	0	0	0	0	0	0	1	0	1	0	0	0	0	0	0	3	1	0	0	0	2	2	0	1	0	0	0	1	0	0	1	1	0	0	0	0	0	1	1	0	0	0	0	0	0	1	0	0	0	0	0	0	1	0	0	1	1	0	0	0	0	0	0	0	0	0	0	1	0	1	0	0	0	1	1	0	0	0	0	1	1	0	0	2	0	1	0	0	0	0	0	0	1	0	0	0	0	0	0	0	0	0	0	0	1	0	1	2	0	0	0	1	0	0	0	0	0	0	1	0	0	0	0	0	1	1	2	0	0	1	0	0	1	0	3	0	0	0	0	1	1	1	1	0	0	0	0	0	1	1	1	0	2	1	1	0	0	0	1	1	0	1	0	0	0	1	0	1	0	0	0	0	0	0	0	0
0	0	0	0	0	0	0	1	2	1	0	1	0	0	2	0	1	0	1	0	0	2	0	1	1	0	0	0	0	0	0	1	0	0	0	0	4	2	2	5	8	11	27	7	9	5	6	10	5	4	4	1	3	4	4	1	3	1	3	2	1	3	1	1	0	2	2	0	2	2	3	4	0	0	3	4	6	7	5	10	46	65	0	45	16	3	5	6	2	1	0	2	0	1	0	3	2	0	3	4	4	0	3	4	5	4	6	4	1	3	0	1	0	1	0	1	3	4	0	0	3	2	0	1	0	1	0	0	1	1	1	0	0	1	2	2	0	1	1	4	6	3	13	7	9	15	11	7	0	3	0	2	0	0	0	0	1	0	0	0	2	0	0	0	0	0	0	0	0	0	0	0	0	0	1	0	0	0	1	1	0	0	0	0	0	0	2	1	2	4	2	1	3	2	3	1	2	0	0	3	1	0	0	1	2	0	0	0	2	1	0	0	1	0	0	0	2	1	1	0	1	0	0	1	1	0	1	1	0	0	1	1	0	0	3	0	0	2	0	0	0	0	1	1	1	0	1	0	0	2	0	1	0	0	0	3	0	0	0	0	0	0	0	0	0	0	0	0	1	0	0	0	2	0	0	0	0	0	0	0	0	2	0	0	1	0	0	1	0	3	0	0	0	0	0	1	0	1	0	1	1	1	0	0	1	1	0	0	1	0	0	0	0	0	0	0	0	0	0	0	0	0	1	1	0	1	0	1	0	1	1	3	0	2	2	2	1	1	0	0	1	0	2	1	0	0	0	0	0	0	0	2	1	0	0	1	1	0	1	1	0	0	0	0	2	0	0	0	0	1	0	1	0	0	1	0	1	0	0	0	0	0	0	1	0	0	0	0	0	0	0	0	0	1	0	0	0	0	0	0	0	0	0	1	1	0	0	0	0	0	1	0	1	0	0	1	0	1	0	1	1	0	1	0	1	1	0	0	0	1	0	0	1	0	1	0	0	1	0	1	1	1	0	1	1	1	0	0	1	0	1	1	1	2	1	1	0	0	1	2	0	1	1	1	0	2	0	0	1	0	0	0	0	0	1	0	2	1	0	0	0	1	0	1	1	1	1	0	0
0	0	0	0	0	0	0	1	1	0	0	1	0	1	0	1	1	1	2	1	1	0	0	1	1	0	0	0	0	2	0	0	2	1	1	2	3	1	1	3	4	6	22	16	8	19	11	15	10	6	0	8	4	4	7	6	1	1	3	1	0	0	2	1	1	2	2	0	0	0	1	0	0	3	1	3	1	5	13	9	35	37	45	0	91	17	15	2	1	5	4	4	2	1	0	2	1	0	1	1	1	3	2	4	1	6	2	5	0	1	1	0	2	2	2	0	1	1	0	1	0	0	1	0	1	0	1	1	0	3	1	1	0	0	0	0	1	2	0	5	5	7	21	13	21	37	16	2	5	0	2	1	2	0	0	2	0	1	0	1	0	1	0	0	0	0	1	0	0	0	0	0	0	1	1	0	0	0	0	1	0	1	0	1	0	1	1	0	2	0	1	1	3	0	3	3	1	1	0	1	3	1	4	1	1	0	1	1	2	0	2	5	6	2	3	2	5	4	0	0	1	2	2	0	0	1	1	0	0	0	1	2	2	2	1	3	1	1	2	1	0	0	1	0	0	0	1	0	0	0	0	2	0	0	0	1	0	1	0	1	0	0	0	1	0	0	1	0	0	0	0	0	0	0	0	0	0	0	0	0	0	0	0	0	1	0	0	1	1	0	0	0	0	1	0	0	0	0	0	0	0	0	1	0	0	1	1	0	0	1	1	0	0	0	0	0	0	1	0	0	0	0	0	3	0	2	1	0	2	0	0	2	0	0	1	0	1	2	1	0	0	2	0	0	0	0	0	0	0	0	0	2	0	1	0	0	0	0	0	1	0	0	1	0	0	0	1	0	1	0	1	0	1	0	0	0	0	1	0	0	0	2	0	0	0	1	0	0	0	0	1	0	1	1	1	0	0	0	0	0	0	0	0	1	0	0	1	0	0	1	0	0	0	0	0	1	0	0	1	2	0	1	0	0	0	0	0	0	0	0	0	0	0	1	2	0	0	3	0	0	1	2	1	0	0	1	1	0	2	1	0	1	2	1	1	0	0	0	0	1	2	0	0	0	2	1	0	1	0	0	0	0	1	0	0	1	2	0	1	2	0	0	0	0	1	0	1	0	0
0	0	0	0	0	0	0	0	1	2	1	1	1	2	1	1	1	0	2	0	0	2	0	1	0	0	0	0	0	0	0	0	0	2	1	2	1	0	2	3	7	5	14	16	17	41	21	23	9	3	7	4	11	2	4	2	0	2	1	1	0	1	1	3	0	0	2	2	2	4	0	3	0	2	4	2	4	5	7	10	35	15	16	91	0	31	20	2	6	7	5	2	4	2	7	1	2	1	0	1	6	3	2	1	3	7	6	4	8	1	2	1	1	1	1	0	1	0	1	0	0	0	2	2	0	1	0	1	2	1	2	0	3	0	0	4	1	2	2	6	6	14	23	13	18	49	18	1	1	0	0	1	0	1	1	0	0	0	0	0	0	1	2	0	1	0	0	1	0	0	0	1	0	0	0	0	0	1	0	0	0	0	0	0	0	0	0	1	0	1	3	1	0	1	3	1	2	3	1	0	0	0	2	3	2	1	2	0	4	1	4	4	4	4	9	7	6	3	1	3	3	3	1	0	0	0	2	1	0	1	0	0	1	0	1	0	1	1	3	1	0	1	0	1	0	1	0	0	1	1	1	0	0	0	0	0	1	0	0	0	0	0	1	0	1	0	0	0	1	0	0	1	0	0	0	0	2	0	1	0	0	1	1	0	1	0	0	0	0	0	1	0	0	0	0	0	0	2	0	1	0	1	1	0	0	1	0	0	0	1	1	0	0	0	0	0	0	0	2	0	1	0	1	0	1	0	3	0	0	0	0	1	1	0	0	0	0	1	0	1	0	1	0	0	0	1	2	1	0	0	0	0	0	0	2	1	1	1	0	1	0	1	0	1	1	0	1	0	1	0	1	1	0	0	0	1	0	2	1	0	2	0	1	0	0	1	0	1	0	1	0	1	2	0	1	1	0	1	0	0	0	0	0	0	1	0	0	0	0	0	0	0	0	0	0	0	0	0	1	0	0	1	0	1	0	1	0	0	1	0	0	0	0	0	0	1	1	0	0	0	0	0	0	0	1	1	2	2	1	1	1	4	1	1	0	0	0	1	0	0	0	1	0	0	1	1	0	1	1	2	1	1	0	0	1	1	1	1	1	0	0	0	0	0	1	1	2	2	0
0	0	0	0	0	0	0	0	2	1	0	0	0	2	1	2	1	3	2	1	1	2	0	0	0	0	1	0	1	0	0	0	0	2	0	3	3	4	4	1	4	4	8	5	7	22	22	24	4	9	1	4	7	4	6	9	4	3	1	4	3	3	0	1	0	0	1	1	4	3	4	3	0	1	0	0	5	9	7	6	9	7	3	17	31	0	77	14	1	16	4	8	5	3	2	1	1	0	2	4	4	2	3	8	1	2	4	1	3	1	0	0	2	1	2	2	1	0	0	2	1	2	0	0	0	1	2	1	1	0	3	1	2	2	2	2	3	4	3	10	16	23	21	14	21	31	12	6	0	1	1	1	1	1	2	0	0	1	0	0	1	0	0	0	0	0	0	0	0	0	0	0	0	0	0	0	0	1	0	1	0	0	0	1	0	0	0	0	0	1	2	2	8	4	2	2	1	3	2	2	3	1	2	0	1	2	1	3	1	3	6	5	2	3	4	6	6	4	1	4	2	1	0	2	0	0	0	0	0	1	0	0	1	2	0	1	1	0	1	3	1	0	0	1	0	0	4	3	2	1	0	0	1	0	0	0	1	1	1	0	1	2	1	0	0	0	0	1	1	0	1	0	0	0	0	0	0	0	0	0	0	0	0	0	0	0	0	0	1	0	0	1	0	0	1	0	1	0	0	0	1	1	1	0	0	1	0	0	0	0	0	0	0	0	0	0	0	1	0	0	1	1	1	0	2	0	1	1	3	0	1	1	2	3	1	0	1	1	0	0	0	0	1	0	2	1	0	1	0	1	0	0	2	1	0	2	0	0	1	0	1	0	1	0	0	1	1	2	1	0	0	1	0	0	0	0	1	0	1	2	0	2	1	2	0	0	0	0	0	0	1	0	0	1	0	1	1	0	0	0	1	0	0	1	1	1	0	1	0	0	0	0	1	0	1	0	0	0	0	0	0	0	1	0	0	0	0	0	1	0	0	0	0	2	0	0	0	0	0	0	0	0	2	0	1	0	0	0	0	1	1	2	0	1	0	1	0	1	1	1	1	1	0	0	0	1	0	0	0	1	0	0	1	3	0	0	3	4	0	0	1	1	0	0	2	1	0	0	0
0	0	0	0	0	0	0	0	1	0	1	0	0	1	1	1	1	2	2	2	1	1	0	2	0	1	0	1	0	0	0	1	2	1	2	5	1	1	2	1	1	2	6	2	4	10	9	11	5	6	1	5	7	4	1	5	1	2	2	2	3	0	0	1	0	2	3	0	1	1	1	1	0	0	1	2	0	1	5	2	1	2	5	15	20	77	0	38	9	22	9	4	2	7	1	4	1	1	2	4	4	2	2	1	3	2	5	2	2	4	2	3	1	1	2	2	0	1	0	1	0	0	0	0	0	2	2	1	2	1	0	0	0	0	1	0	0	2	2	3	8	10	16	10	31	15	5	4	3	1	2	0	0	1	2	0	0	0	0	1	1	1	3	0	0	1	0	0	0	0	0	0	0	0	0	0	0	0	0	0	0	1	0	1	0	0	0	1	1	1	6	6	5	6	2	6	1	4	2	3	2	1	2	3	1	2	1	3	2	4	10	4	5	8	3	7	4	5	3	2	2	1	4	2	2	3	4	1	1	1	3	0	0	2	1	0	4	2	4	0	1	1	2	3	1	1	2	3	1	0	2	0	1	0	0	0	0	0	0	0	0	0	0	0	1	0	0	0	0	2	0	0	0	0	1	0	0	1	1	0	0	1	0	0	0	0	0	2	1	0	0	0	1	0	1	1	0	0	0	0	0	0	0	2	0	0	0	0	0	0	0	0	0	0	0	0	0	1	1	1	1	0	1	0	0	1	1	0	0	1	0	1	0	2	1	2	0	1	0	0	0	0	1	1	0	1	0	0	1	0	0	1	0	0	1	0	0	1	0	0	1	0	1	0	0	0	0	1	2	0	0	0	0	0	0	1	0	0	2	0	0	1	0	0	0	0	1	0	0	1	0	1	1	2	0	0	0	0	0	0	0	3	0	0	1	0	0	0	1	1	0	0	1	1	0	0	0	0	1	1	1	1	0	1	0	0	1	1	0	1	0	0	1	0	0	0	0	2	0	0	1	0	1	1	0	1	1	0	1	1	2	4	1	1	0	0	0	2	0	2	0	1	1	0	1	1	0	0	1	0	1	0	1	0	0	3	0	2	2	0	3	0	3	1	1	1	0	0	0
0	0	0	0	0	0	0	1	1	0	0	1	1	1	0	1	0	1	1	1	0	1	0	0	1	1	0	1	1	0	1	0	0	1	0	0	0	2	1	2	0	1	1	1	3	5	4	4	4	3	3	2	5	0	2	3	2	2	2	2	2	4	2	3	0	0	0	0	1	1	1	1	1	1	3	3	1	1	2	4	2	1	6	2	2	14	38	0	37	16	7	4	4	3	1	3	0	3	2	2	1	1	0	3	1	2	2	1	3	1	1	0	0	1	2	2	1	1	1	0	2	0	0	0	1	0	1	0	1	2	0	1	2	0	0	1	0	2	1	1	10	4	5	8	13	6	7	2	1	3	2	1	2	1	0	0	0	1	0	1	1	1	2	1	1	0	1	1	0	1	0	0	0	0	0	0	1	0	0	0	1	0	0	1	0	0	0	0	3	0	2	8	13	16	16	3	4	6	1	2	1	0	1	6	5	2	4	2	1	2	3	6	11	9	5	8	7	5	9	5	3	1	0	3	5	2	0	1	1	1	4	6	3	6	6	4	1	6	7	2	1	3	2	2	1	0	7	1	1	1	1	1	1	0	1	0	3	0	0	1	1	3	0	1	1	1	0	0	1	0	0	0	0	0	0	0	0	0	0	0	1	1	0	0	0	0	0	0	0	0	0	0	1	0	0	1	0	0	0	1	0	0	0	0	0	0	0	1	0	1	0	0	0	0	0	0	1	0	0	0	1	1	0	0	0	0	2	0	4	1	0	0	0	0	1	3	1	2	2	2	2	0	2	3	0	0	0	0	0	1	1	0	1	1	0	0	2	0	0	0	0	1	2	0	0	1	0	1	1	1	0	0	0	0	0	0	0	0	1	1	1	0	0	2	1	1	0	0	0	0	2	1	0	0	0	0	0	0	1	0	0	0	0	0	0	0	0	1	1	0	0	0	0	0	0	0	0	0	0	0	0	0	0	0	0	0	0	1	1	0	0	0	1	0	2	1	1	0	1	0	2	0	0	0	0	1	2	1	1	1	5	0	2	0	1	1	1	0	0	0	0	0	0	0	1	1	2	0	0	1	0	0	0	1	1	1	0	0	0	1	0	1	1	1	3	3	3	1	0
0	0	0	0	0	0	0	1	2	2	1	1	0	0	1	2	3	1	0	1	1	0	1	2	1	1	0	2	0	0	0	0	1	1	0	0	3	1	0	0	4	1	2	3	0	3	5	2	1	5	1	4	3	1	2	3	2	3	2	8	1	3	3	3	1	0	0	0	3	0	0	0	2	0	2	2	2	2	4	3	3	2	2	1	6	1	9	37	0	42	10	11	11	6	4	1	2	3	2	2	8	3	0	2	1	2	2	4	1	1	1	0	7	2	1	0	1	1	2	1	2	0	0	1	2	2	1	1	0	3	1	0	0	1	1	0	4	1	1	5	5	5	6	4	1	5	4	1	0	2	1	4	3	1	1	1	0	1	0	2	0	2	2	0	0	1	1	0	1	0	0	1	0	0	0	0	1	0	1	0	1	0	0	1	1	2	0	0	2	3	2	6	14	21	10	15	3	3	2	1	2	7	8	1	4	5	2	2	4	6	8	4	9	5	8	6	2	5	6	0	4	5	3	2	3	1	2	1	2	2	4	4	3	4	1	1	4	2	8	2	4	2	2	2	1	2	3	1	3	3	2	2	2	2	1	1	0	1	0	1	1	0	0	0	0	0	0	0	0	0	0	0	0	0	0	0	0	1	1	1	0	0	0	0	1	0	0	0	2	0	0	0	0	0	0	1	0	0	0	0	0	0	0	0	0	0	0	0	0	0	0	1	1	1	0	0	1	1	2	2	2	1	1	0	1	3	0	1	4	1	0	4	1	0	3	1	1	2	0	2	2	0	0	1	0	1	2	0	0	0	0	0	1	1	2	0	1	0	1	0	0	1	0	0	1	0	0	1	0	1	1	0	1	0	1	0	0	0	0	0	0	0	1	1	1	0	0	0	1	0	1	0	0	2	0	0	0	0	0	0	0	0	0	0	0	0	0	1	0	1	0	1	0	0	0	0	1	1	0	0	0	0	0	0	0	1	1	0	0	0	0	0	0	0	0	0	1	0	0	0	2	0	1	0	0	0	0	0	0	0	1	4	2	3	0	0	1	0	0	0	1	1	0	1	1	2	0	0	1	1	0	1	0	1	0	0	2	0	1	1	2	0	0	0	1	1	3	0	1
0	0	0	0	0	0	0	0	1	1	0	0	1	1	0	2	3	3	1	1	1	1	1	1	1	1	1	0	1	1	2	1	2	1	2	1	5	2	3	2	3	2	1	4	4	6	3	4	2	5	2	3	9	1	5	3	1	9	11	6	6	7	4	1	2	1	1	0	4	4	2	2	1	1	1	0	3	4	4	2	0	4	1	5	7	16	22	16	42	0	26	17	18	4	7	4	2	3	3	8	5	4	1	2	0	5	2	4	4	3	2	3	2	2	3	0	2	2	1	2	2	1	1	2	1	3	2	2	2	1	3	0	3	2	1	4	2	4	10	7	14	10	8	5	6	7	1	2	3	1	2	1	2	0	0	1	2	0	0	1	0	1	4	0	0	0	0	0	0	0	1	0	0	0	1	1	0	0	0	0	0	1	0	0	0	0	0	2	0	5	4	3	6	6	5	6	6	4	3	1	4	0	3	4	2	4	1	2	1	3	5	5	4	7	0	3	2	2	3	1	0	1	0	2	0	0	0	0	0	1	0	2	3	3	0	1	2	0	5	4	3	3	2	0	0	1	2	1	0	1	2	1	1	0	2	0	1	0	0	0	1	1	0	1	2	1	0	0	0	0	0	0	0	0	0	0	1	0	0	0	0	0	1	1	0	0	0	0	0	0	0	0	1	0	0	0	0	0	0	0	1	1	0	0	0	0	0	0	0	1	1	0	0	0	0	0	2	0	0	1	0	0	1	1	1	2	0	1	2	3	1	1	1	0	0	1	0	4	0	2	0	0	0	0	0	0	2	0	0	0	0	0	0	0	0	1	3	0	0	0	1	0	2	0	0	1	0	0	0	0	0	0	0	0	0	0	1	0	0	0	0	1	1	1	0	0	0	0	0	0	1	0	0	0	0	1	0	0	0	1	0	0	0	0	0	0	0	0	0	0	1	0	1	0	0	1	0	0	0	0	1	0	0	0	1	0	0	0	0	0	0	0	0	3	0	0	1	1	1	1	0	0	0	1	0	1	1	1	0	0	1	0	0	1	0	2	2	0	1	0	0	0	2	1	0	0	0	1	0	0	0	0	1	0	3	0	2	0	3	0	1	0	3	1	2	1	0	0	0
0	0	0	0	0	0	0	3	0	0	2	0	1	2	1	3	1	2	2	2	0	1	1	2	1	2	0	2	0	2	1	2	3	3	1	3	5	5	2	0	2	2	1	4	2	5	4	8	4	2	3	1	7	3	5	5	5	12	9	12	13	11	4	2	4	1	0	2	4	4	3	8	0	2	1	4	4	2	6	4	3	0	0	4	5	4	9	7	10	26	0	48	23	7	9	2	5	4	8	4	2	3	4	5	3	2	1	1	1	5	4	4	6	2	3	2	0	2	5	1	0	1	3	3	0	2	4	3	2	0	2	4	2	1	1	3	5	5	21	14	10	5	2	2	6	3	1	0	1	2	0	2	0	2	2	0	0	1	1	0	1	1	0	1	0	0	0	0	0	0	1	0	0	0	0	1	0	1	0	0	0	1	0	0	0	0	2	2	1	0	6	3	3	5	2	5	2	2	3	2	0	1	1	3	2	4	2	1	2	3	3	3	5	0	4	2	1	2	0	4	1	2	1	1	1	0	1	0	0	1	1	4	1	2	1	1	1	2	3	5	2	0	0	4	4	4	0	1	1	0	0	1	1	0	1	1	1	0	1	0	0	0	0	0	1	1	1	0	0	0	0	0	0	0	0	0	0	1	0	0	0	0	0	1	0	0	0	0	1	1	0	0	0	0	0	0	1	0	1	0	0	0	0	0	0	0	0	0	0	0	0	1	0	0	0	0	0	1	1	0	0	1	1	0	1	0	0	1	1	2	1	0	1	3	1	0	1	0	0	1	0	2	1	0	1	0	0	0	1	0	0	0	0	0	0	1	1	1	0	0	0	0	1	0	0	0	0	1	1	0	0	0	0	0	0	1	0	0	0	0	0	0	0	0	0	0	1	0	0	0	0	0	0	0	0	0	0	0	0	0	0	0	0	0	0	0	0	0	1	0	0	0	0	0	1	0	0	0	0	0	0	0	0	0	0	1	1	0	0	0	0	0	1	0	0	0	0	0	1	0	0	0	0	2	0	0	2	0	0	2	0	0	0	2	2	0	0	0	1	1	0	0	0	0	0	0	0	0	1	2	0	0	0	0	0	1	1	0	1	0	1	0	1	1	2	1	0	0	1
0	0	0	0	0	0	0	4	3	2	0	3	2	2	5	1	5	3	1	2	1	2	3	1	2	0	1	2	1	2	0	3	1	0	1	4	7	2	3	5	3	4	1	3	1	6	6	2	5	2	2	4	4	5	5	1	2	0	3	11	9	7	3	3	3	0	2	1	4	1	1	4	3	3	4	1	6	9	5	4	3	2	2	4	2	8	4	4	11	17	48	0	77	33	15	1	7	4	16	14	16	8	4	4	4	1	4	5	4	9	12	6	5	3	6	2	6	2	0	3	2	4	2	1	0	3	0	1	3	1	1	3	0	2	2	2	4	7	11	9	7	11	3	1	1	2	5	2	1	0	0	1	2	1	3	0	1	0	0	0	1	1	1	0	0	0	0	0	0	0	0	1	0	0	0	0	0	0	0	0	0	0	0	0	1	1	1	0	1	3	6	2	4	6	1	4	3	0	2	1	2	0	3	2	5	2	1	0	2	3	5	2	5	4	6	1	2	1	0	1	1	1	0	1	2	0	1	0	0	0	0	0	1	2	0	1	0	0	3	2	1	0	3	0	1	1	1	2	5	1	1	1	1	0	0	0	0	0	0	0	0	0	1	1	1	0	1	0	0	1	0	1	0	0	1	0	0	0	0	2	1	0	1	1	0	0	0	1	0	0	1	0	0	0	0	2	0	0	1	0	0	0	0	0	1	0	0	0	0	0	0	0	0	0	0	0	0	2	0	1	0	1	1	2	0	2	1	2	1	0	1	1	1	0	0	0	1	1	1	1	0	0	2	0	1	0	0	0	0	0	0	0	0	0	0	0	3	1	0	1	1	0	2	0	0	1	0	0	0	0	1	1	0	1	0	0	0	0	0	0	1	0	1	0	0	0	0	1	0	0	0	0	0	0	0	0	0	0	1	0	0	0	1	0	0	0	1	0	0	0	0	0	0	0	0	0	1	0	0	0	0	1	0	0	0	0	0	1	0	0	0	0	1	0	0	1	0	1	0	1	0	0	0	0	0	1	1	0	0	2	1	2	3	0	1	0	0	1	0	0	2	1	2	0	0	0	0	0	0	0	0	0	1	1	0	2	0	1	0	0	2	0	0	1	0	0	0	0	0
0	0	0	0	0	0	0	1	0	2	0	0	1	0	3	3	4	2	4	0	1	3	4	2	0	2	2	2	0	0	2	0	1	0	1	1	6	8	3	2	2	3	4	2	4	2	3	3	3	3	1	3	2	4	5	1	2	4	1	5	3	4	2	4	2	1	3	2	2	2	0	6	1	0	0	2	4	6	2	7	0	2	0	2	4	5	2	4	11	18	23	77	0	32	32	7	8	5	12	12	17	4	6	4	5	3	3	5	7	6	8	3	6	0	4	0	2	1	2	0	1	1	0	3	3	1	0	1	0	6	4	2	1	1	0	2	3	5	10	2	3	4	4	4	6	1	5	2	3	0	1	7	2	1	1	1	2	1	0	1	0	1	2	0	0	1	0	0	0	0	1	0	0	0	0	0	1	0	1	1	1	0	0	0	1	0	0	1	0	1	5	2	2	3	5	2	5	2	2	2	4	2	7	0	7	3	3	1	1	3	10	7	10	9	4	3	1	1	4	1	1	3	3	0	1	0	2	0	2	2	0	1	1	1	1	2	0	2	3	0	3	1	0	4	0	2	1	1	3	2	1	0	2	0	0	0	1	0	0	1	0	1	1	1	1	0	0	0	0	0	1	0	0	0	0	0	0	0	0	0	0	0	0	0	0	0	0	1	1	1	0	0	0	0	1	0	1	1	0	0	0	0	2	0	0	0	0	0	0	0	1	0	0	0	0	2	0	0	0	1	1	0	0	2	3	1	2	2	0	1	3	2	0	1	0	1	2	3	0	1	0	0	0	1	1	0	0	0	0	0	0	0	0	0	1	0	0	0	0	0	1	1	1	0	0	1	1	1	2	0	0	0	0	0	0	0	0	0	0	0	0	0	1	1	0	1	1	1	0	0	0	1	0	0	0	0	0	0	0	0	0	1	0	0	0	0	0	2	0	0	0	0	0	1	0	1	0	0	0	0	0	0	0	0	0	0	0	0	1	0	2	0	0	0	0	0	1	1	0	0	0	0	2	0	1	0	1	2	0	2	0	0	0	0	2	0	1	0	0	0	0	0	2	0	0	1	1	0	0	2	0	0	0	0	0	1	0	2	1	0	0	0	1	1	1	0	1	1	0
0	0	0	0	0	0	0	2	4	3	1	2	1	4	7	3	7	8	1	1	1	3	0	2	0	2	0	1	1	0	1	2	1	3	2	2	4	8	3	2	1	4	3	3	0	7	1	2	2	2	1	2	2	1	2	3	2	1	0	4	1	6	0	1	2	0	1	2	5	2	1	2	3	3	6	3	5	5	3	0	4	2	1	1	2	3	7	3	6	4	7	33	32	0	401	18	13	13	29	19	33	20	6	5	6	5	8	13	7	10	7	3	6	3	1	6	2	1	2	1	2	0	2	0	2	2	1	2	0	0	0	3	2	1	0	2	5	2	8	6	2	0	2	2	3	3	1	5	3	1	1	0	1	0	1	1	0	0	2	1	2	0	0	1	1	2	0	0	1	1	0	0	1	1	0	1	1	2	0	0	1	1	0	2	0	0	0	0	2	1	1	0	2	2	1	2	1	2	0	1	0	2	4	4	1	2	8	5	1	6	3	6	2	8	3	2	3	0	2	3	1	1	1	0	1	4	1	1	1	0	2	3	1	1	0	0	1	3	0	1	2	0	2	2	3	1	3	5	1	2	1	3	1	1	0	0	0	0	0	0	0	0	0	0	0	1	1	0	0	0	0	0	0	0	0	0	0	1	0	1	0	1	0	0	0	1	0	0	0	0	1	2	0	1	0	0	0	0	0	1	0	0	1	0	0	0	0	0	1	0	1	0	0	0	0	0	1	0	0	0	0	0	1	1	0	0	0	0	0	2	1	1	1	2	0	1	1	0	0	0	0	0	0	0	0	0	1	2	1	2	0	0	0	0	0	1	0	1	1	0	0	0	1	0	0	0	0	0	1	2	0	0	0	0	0	1	0	0	1	0	0	0	1	0	0	0	1	0	1	0	0	0	0	1	0	0	0	0	1	3	0	0	0	0	0	0	0	2	0	0	0	0	0	0	0	0	0	0	1	0	1	0	0	0	0	0	0	0	0	0	0	1	1	1	0	0	0	0	0	0	1	1	1	0	1	1	1	1	0	0	1	0	1	0	0	0	0	1	0	1	0	0	1	0	1	0	1	0	1	0	0	0	0	0	0	0	0	1	1	0	0	0	0	1	0	0	1	0	0
0	0	0	0	0	0	0	1	4	5	1	2	0	2	3	5	6	2	4	5	2	3	4	5	4	1	3	1	1	2	0	3	1	4	2	5	5	6	5	0	3	1	2	3	2	3	2	3	4	1	2	0	5	0	0	4	3	4	2	5	1	3	1	0	2	0	2	4	1	0	1	3	0	5	1	2	6	4	3	3	5	1	0	0	7	2	1	1	4	7	9	15	32	401	0	27	22	14	20	25	29	6	8	3	3	5	10	5	4	8	7	2	2	3	2	4	0	0	0	2	1	2	0	1	0	2	0	1	1	1	1	2	0	0	1	3	4	5	1	6	1	1	2	3	4	2	2	4	2	0	1	3	0	1	2	1	1	0	1	2	1	2	0	1	1	1	2	0	0	0	0	0	0	0	0	0	1	0	0	0	0	1	0	0	1	0	2	0	1	1	2	0	2	3	3	1	0	2	0	4	0	3	4	1	6	4	4	5	3	4	10	2	7	4	4	3	2	3	2	3	3	1	0	0	0	1	0	0	2	0	2	0	1	3	1	0	1	1	1	5	1	1	1	1	3	1	4	0	1	1	2	0	1	1	1	0	0	1	0	0	0	0	1	0	2	1	0	0	0	1	0	1	0	0	0	0	0	0	1	0	0	1	0	1	1	0	0	0	0	0	0	0	1	0	1	1	0	0	0	0	0	0	1	2	0	2	1	0	0	1	0	0	0	0	0	1	0	0	1	0	0	0	0	1	0	0	1	1	1	3	0	0	0	2	0	0	1	0	0	1	0	0	0	0	0	0	0	1	1	1	0	0	0	0	0	1	1	1	0	0	0	0	1	0	0	0	2	3	0	1	0	0	1	0	0	0	0	0	2	1	0	0	0	0	0	0	0	0	0	0	0	0	2	0	0	0	0	0	1	0	0	0	0	0	2	0	0	0	0	1	0	0	0	0	0	0	0	1	0	0	0	0	0	0	0	0	1	0	1	1	0	1	0	0	0	0	0	0	0	0	0	0	0	0	0	1	1	0	1	0	0	0	0	2	0	0	0	2	0	2	0	3	1	1	0	0	0	1	0	0	0	0	0	1	0	1	0	1	1	1	1	1	0	1	1	0	1	0	0
0	0	0	0	0	0	0	0	1	1	2	1	2	2	5	3	5	11	1	4	4	5	2	1	2	0	3	0	2	1	4	1	2	1	1	4	6	7	2	4	5	2	0	1	5	1	7	3	0	3	2	2	3	1	2	1	2	0	0	6	1	1	3	2	1	1	1	2	1	0	2	0	3	2	3	0	3	1	0	2	3	1	3	2	1	1	4	3	1	4	2	1	7	18	27	0	79	34	9	10	14	4	4	6	2	3	2	7	11	15	6	11	6	4	0	2	1	2	1	0	2	3	1	0	3	2	1	1	1	2	1	3	1	5	0	3	1	1	0	1	3	2	3	2	1	0	0	1	1	3	2	1	2	0	1	0	3	0	1	0	0	2	1	0	2	0	0	0	0	0	0	0	1	0	0	0	0	0	0	1	0	0	0	0	0	1	0	0	0	0	1	0	2	4	0	1	0	1	1	0	2	0	2	1	4	7	4	3	3	1	1	2	0	2	1	3	1	0	1	2	1	1	1	2	0	1	1	1	1	0	1	0	0	1	4	1	0	1	2	2	0	0	2	1	1	0	0	2	1	2	1	1	0	1	2	0	0	0	0	1	0	1	0	1	0	0	0	0	0	1	0	0	0	0	0	0	1	0	0	0	2	0	0	0	0	0	1	0	1	0	0	0	0	0	1	1	1	1	0	0	0	0	0	1	0	0	0	0	0	0	0	0	1	0	1	0	1	1	0	1	1	0	0	1	1	0	3	3	3	3	0	0	2	0	1	1	1	1	1	0	0	0	0	0	0	0	0	1	1	0	1	0	0	0	0	0	0	0	0	0	0	0	0	0	0	0	0	0	0	0	1	0	1	0	0	1	0	0	0	1	0	0	1	0	1	0	0	0	1	0	1	0	0	0	0	0	0	0	0	0	1	1	0	1	0	0	0	0	0	0	0	0	0	1	0	0	0	0	0	2	0	0	0	0	1	0	1	0	0	0	0	0	0	1	0	1	0	0	0	0	0	0	0	0	0	1	1	0	0	0	1	1	0	0	0	0	0	0	1	0	1	1	0	0	1	0	1	0	0	0	0	1	0	0	1	0	1	2	1	0	1	0	0	1	0	0	1	0	0
0	0	0	0	0	0	0	3	2	3	3	1	1	5	14	8	9	18	6	5	2	8	3	2	2	1	2	0	3	2	1	1	3	4	3	5	9	3	8	4	1	1	2	6	1	2	2	3	0	2	0	3	0	1	1	5	0	2	0	3	7	4	1	1	0	0	1	0	3	2	0	0	1	2	1	0	2	5	1	1	2	0	2	1	2	1	1	0	2	2	5	7	8	13	22	79	0	111	26	15	13	18	6	7	2	7	5	13	11	17	6	3	1	1	1	1	3	1	3	0	0	0	2	2	0	2	3	1	1	3	2	6	1	1	1	5	5	3	3	4	4	2	3	2	3	0	3	2	1	3	1	3	3	1	0	2	2	0	0	2	0	0	1	0	2	2	0	0	0	0	0	0	0	0	1	0	0	1	1	0	1	1	0	1	0	1	1	0	0	1	3	0	5	2	1	1	0	1	1	1	2	3	2	1	1	1	3	4	3	1	0	2	2	6	4	0	1	1	2	0	1	1	0	1	0	0	0	1	2	0	2	1	3	2	1	1	0	2	4	1	0	0	1	1	0	3	1	1	1	4	3	1	1	0	1	0	0	0	0	0	1	0	0	1	0	0	1	1	0	0	0	1	0	0	0	0	0	0	0	0	0	0	0	0	0	0	0	0	0	0	0	0	0	0	1	0	0	0	0	0	1	0	1	1	0	0	0	0	0	0	0	1	0	0	0	0	0	0	0	0	0	1	1	0	0	2	1	1	0	0	1	2	1	0	0	1	0	1	1	0	1	0	0	1	1	0	0	0	0	0	0	0	0	0	0	0	1	1	0	0	0	0	0	0	0	0	0	0	2	0	0	0	0	0	0	0	0	0	0	0	0	0	0	1	1	0	0	0	0	1	1	0	0	1	0	0	0	0	0	0	1	0	0	0	0	0	0	0	0	0	0	0	0	0	0	0	0	0	0	0	1	0	0	1	0	0	0	1	0	0	0	0	0	0	0	0	0	0	1	0	0	0	2	0	0	0	0	0	0	1	0	0	1	0	0	1	0	0	1	0	0	0	0	1	0	1	0	2	1	1	0	0	0	1	0	0	2	1	0	3	0	1	1	0	0	0	0	1	0
0	0	0	0	0	0	0	4	5	4	4	3	2	3	7	7	10	15	17	11	4	5	5	4	4	4	2	1	0	3	1	2	4	4	6	6	8	6	11	2	0	2	1	4	2	2	1	1	3	2	0	0	2	4	0	2	2	2	2	4	2	0	1	2	2	3	1	1	1	2	3	3	2	3	3	1	2	1	0	2	2	1	0	0	1	0	1	3	3	3	4	4	5	13	14	34	111	0	42	16	8	13	10	6	6	2	1	9	30	43	11	3	3	5	2	3	1	3	1	0	1	1	1	1	0	2	2	1	1	3	3	4	2	4	1	2	5	6	3	4	0	1	3	3	0	0	1	1	0	2	1	1	0	0	0	0	2	0	0	0	1	0	0	0	0	0	1	0	0	0	0	0	0	0	0	0	0	0	0	0	1	0	1	0	0	1	0	1	1	1	1	0	1	2	3	1	2	0	1	0	1	0	2	1	0	2	3	1	0	3	1	2	3	0	1	2	1	1	0	1	0	0	0	1	1	0	0	0	1	0	1	1	0	1	0	0	1	0	1	2	1	1	1	0	3	1	1	0	0	2	0	0	0	1	0	0	0	0	0	0	0	0	0	0	0	0	0	0	0	1	0	0	0	0	0	1	2	0	1	0	0	0	0	0	0	0	1	0	0	0	0	0	0	0	0	0	0	0	1	1	0	3	0	0	0	2	1	0	1	0	0	0	0	0	1	0	0	0	2	2	0	1	3	2	0	0	0	0	2	2	1	0	1	0	0	0	2	0	1	0	0	0	0	0	0	0	0	0	0	0	0	1	0	0	0	0	0	0	0	0	0	0	0	0	0	0	0	0	1	0	0	0	0	1	0	0	0	0	1	0	0	1	1	0	0	0	0	0	1	0	0	0	1	1	0	0	1	1	0	0	0	1	0	0	1	0	0	1	0	0	0	0	0	0	0	0	0	0	0	0	1	0	0	0	0	0	0	0	0	0	0	0	0	0	0	0	0	0	0	0	0	0	0	1	0	2	0	1	0	1	0	0	0	1	1	2	1	0	0	0	0	3	0	0	0	1	0	0	0	2	2	0	1	0	1	0	1	0	0	0	0	0	0	1	0	0	0	0	0
0	0	0	0	0	0	0	2	3	2	0	1	1	5	1	3	3	8	8	8	11	4	1	5	1	2	3	0	2	1	4	3	2	1	3	6	14	18	14	2	8	3	3	3	2	1	4	5	0	1	0	1	3	2	0	4	3	1	0	1	5	3	1	4	3	4	1	2	3	1	1	7	4	3	4	5	5	4	1	2	4	1	3	1	0	2	2	2	2	3	8	16	12	29	20	9	26	42	0	58	26	35	13	6	3	2	6	10	57	26	2	6	9	7	3	5	2	0	1	2	1	0	2	1	1	1	2	4	1	3	0	4	2	4	1	5	7	9	14	1	6	0	4	2	2	4	2	2	1	0	1	0	2	1	2	1	0	1	2	0	0	1	0	0	0	0	2	1	0	0	1	1	0	3	0	0	1	0	0	0	0	0	1	0	1	0	0	0	0	0	0	1	1	1	0	1	1	1	1	0	1	1	2	3	2	2	2	1	5	1	0	1	1	2	1	4	0	1	0	2	0	1	0	0	0	0	2	0	1	0	1	0	2	0	1	1	1	3	0	1	2	1	1	0	0	0	4	1	0	0	1	1	2	0	3	1	0	0	0	0	1	1	0	0	0	0	0	0	0	0	1	0	1	0	0	0	0	0	0	0	0	0	0	0	0	0	0	0	0	0	0	0	0	0	0	0	0	0	0	0	0	0	0	0	1	0	0	0	0	0	0	0	0	1	0	0	0	0	0	0	1	1	0	1	0	0	3	1	1	1	0	0	1	0	0	0	3	0	0	1	1	0	0	2	0	2	0	0	0	1	0	0	0	0	0	0	0	0	1	1	1	0	0	0	0	0	2	1	0	0	0	0	0	0	0	0	0	0	0	0	0	0	0	0	0	0	0	0	0	0	0	0	0	0	0	0	0	0	0	0	1	0	0	1	0	0	0	0	0	1	0	0	0	0	0	0	0	0	0	0	0	0	0	0	0	0	0	0	0	0	0	0	1	0	0	0	0	0	1	0	0	0	1	0	0	0	0	2	1	1	1	0	2	0	0	1	0	1	0	0	1	0	0	0	0	1	0	0	0	0	0	1	1	1	0	1	1	0	1	0	0	1	0	0	0	0	0	2	2
0	0	0	0	0	0	0	5	4	2	1	1	2	1	3	8	6	0	4	1	6	11	2	1	0	1	1	2	0	5	1	0	1	2	2	8	7	20	13	7	3	3	2	4	3	2	9	2	2	2	2	1	3	2	2	4	3	1	4	3	9	10	1	2	3	3	1	2	2	3	3	3	4	3	4	4	2	13	6	1	3	3	4	1	1	4	4	2	2	8	4	14	12	19	25	10	15	16	58	0	64	58	12	12	9	9	11	23	14	6	7	4	7	4	2	0	2	1	1	1	1	2	1	1	0	1	2	3	4	4	4	6	2	2	2	3	12	12	21	3	6	3	2	4	2	2	1	2	0	0	2	2	2	3	0	1	0	1	0	1	0	2	2	0	0	0	0	0	0	0	0	0	0	0	0	0	0	0	0	0	1	1	0	0	0	0	0	1	0	0	2	3	3	3	2	1	2	2	1	1	1	1	1	2	2	3	0	4	1	6	1	3	3	2	1	2	2	1	2	0	0	3	1	2	0	0	0	0	0	1	2	2	0	0	0	0	0	0	0	1	0	1	2	1	1	1	0	0	2	0	0	1	0	1	0	0	0	1	0	0	0	1	0	1	0	0	0	0	0	0	2	0	0	0	0	0	2	1	0	0	0	0	0	0	0	0	0	0	0	0	0	0	1	0	0	0	0	0	0	0	1	0	0	0	0	0	0	0	0	0	0	0	0	0	0	0	0	0	0	0	0	1	1	2	0	1	0	0	1	0	0	0	3	0	0	0	0	1	0	1	0	0	0	1	1	0	0	0	0	0	1	0	0	0	0	0	0	0	0	0	0	1	0	0	0	0	0	1	0	0	0	1	0	0	0	0	0	0	0	0	0	1	1	0	2	0	2	0	0	0	0	0	0	0	0	0	1	0	0	0	0	1	0	0	0	1	0	1	0	0	1	0	0	0	0	0	0	0	0	0	0	0	0	0	0	1	1	0	0	0	0	0	1	0	0	0	0	0	2	0	0	2	0	0	0	1	0	1	1	2	1	1	0	0	1	1	0	1	0	1	0	0	0	0	0	1	0	0	0	1	0	0	0	0	0	1	0	0	0	0	0	0	0	0	1	2	1	0	0
0	0	0	0	0	0	0	2	1	2	2	1	2	3	1	2	1	7	4	4	3	8	0	3	2	0	1	2	1	0	1	3	3	3	2	3	9	14	11	2	3	2	4	2	2	5	17	8	3	5	2	1	4	3	5	4	2	1	1	8	2	3	1	3	1	1	0	0	3	3	0	1	2	2	3	2	9	8	5	4	2	3	4	1	6	4	4	1	8	5	2	16	17	33	29	14	13	8	26	64	0	26	11	12	10	10	14	43	11	9	1	7	3	1	3	0	1	2	2	0	0	1	1	1	0	0	0	2	2	2	2	2	2	1	2	3	4	4	11	7	8	6	2	0	2	3	1	1	1	3	3	2	2	2	1	0	1	0	0	0	0	0	0	0	0	0	0	1	0	0	0	0	0	0	0	0	0	0	0	1	0	0	0	0	1	0	0	0	0	1	1	2	1	1	4	1	0	1	0	1	1	3	2	1	3	1	4	1	1	3	5	5	6	10	4	3	2	3	2	2	1	2	3	1	2	0	1	1	0	0	0	1	0	2	0	1	2	2	1	3	1	1	0	2	3	0	0	1	1	1	1	0	1	0	0	0	0	1	0	0	1	0	0	3	1	1	0	0	0	0	0	0	0	0	0	1	0	0	0	0	0	0	1	0	0	0	0	0	0	0	0	1	0	0	0	1	1	0	0	0	0	0	0	0	0	0	0	0	2	0	0	0	0	1	0	0	0	0	0	0	2	1	0	0	2	0	0	1	0	0	2	0	2	0	1	0	3	0	0	1	0	2	2	0	0	0	0	0	0	1	0	0	0	0	0	0	0	0	0	0	0	0	0	0	2	1	0	0	0	0	0	0	0	1	1	0	0	0	0	0	1	0	1	0	1	0	0	0	0	2	0	0	0	0	0	0	0	0	0	0	0	2	0	0	0	0	0	1	1	1	0	0	0	0	1	1	0	0	0	1	1	0	0	1	0	0	1	0	1	1	0	0	0	2	1	1	1	2	0	0	0	0	1	0	0	1	1	3	1	0	0	0	0	2	0	2	0	1	0	0	0	3	0	0	1	1	1	0	0	1	0	0	1	1	1	0	2	0	1	2	0	1	0	1	1	0	0	1	1
0	0	0	0	0	0	0	9	9	1	3	1	7	3	7	5	5	6	3	6	6	8	0	2	2	0	1	0	2	0	1	1	1	1	7	7	28	40	24	9	7	5	3	8	3	2	4	1	4	1	0	2	1	3	1	4	5	3	5	3	3	3	2	7	2	2	2	1	3	4	3	5	1	6	4	4	4	3	3	3	3	0	0	3	3	2	2	1	3	4	3	8	4	20	6	4	18	13	35	58	26	0	126	20	9	13	13	39	47	5	3	2	4	6	2	2	1	1	1	1	3	2	2	0	2	0	0	4	0	3	1	2	3	2	2	4	6	11	9	3	7	3	1	3	5	2	2	0	2	0	3	2	2	0	0	0	0	0	0	0	0	1	0	0	0	1	1	0	1	1	0	1	0	0	0	1	0	0	0	0	0	0	0	0	0	0	0	0	2	1	2	0	1	2	2	1	1	1	0	1	1	1	1	4	1	0	2	1	0	3	1	1	3	1	1	3	1	0	3	0	1	0	2	1	1	0	0	0	1	0	0	1	1	1	1	0	0	1	2	0	1	0	1	2	0	1	0	1	2	0	0	0	0	0	0	0	0	0	0	0	2	0	1	0	0	1	2	0	1	0	0	0	0	0	0	0	0	1	0	0	0	0	0	0	0	0	0	0	1	1	0	0	0	0	0	0	0	0	0	0	0	0	0	0	0	0	0	0	0	0	0	0	1	0	0	0	0	0	1	0	0	1	0	1	0	0	1	2	0	1	2	0	0	1	0	0	0	1	1	1	0	0	0	0	0	0	0	0	1	0	0	0	0	1	0	0	0	0	0	0	0	0	0	0	1	0	0	0	0	0	0	0	0	1	0	1	0	1	0	0	2	0	0	0	0	0	0	0	0	0	0	0	0	0	0	0	0	0	0	0	0	1	0	0	0	0	0	0	0	0	0	1	0	0	1	0	0	1	0	2	0	1	0	0	0	0	0	0	1	0	2	0	0	0	0	0	1	0	0	1	0	0	0	1	0	0	0	0	0	0	1	0	0	0	0	0	0	1	1	0	0	0	0	0	1	0	1	0	0	0	0	0	1	0	0	1	0	1	0	0	0	1	0	0	0	0	0	1	0
0	0	0	0	0	0	0	6	5	7	2	2	2	5	9	5	1	2	8	2	3	7	7	2	0	0	0	4	1	3	1	1	4	3	2	11	33	23	42	17	7	5	5	2	3	4	5	2	6	0	2	4	2	1	2	5	3	0	3	2	1	1	2	4	4	3	1	2	1	3	5	3	6	4	6	0	7	5	5	3	2	5	3	2	2	3	2	0	0	1	4	4	6	6	8	4	6	10	13	12	11	126	0	29	32	16	11	55	15	6	4	4	2	3	1	1	0	1	0	0	0	0	4	0	1	0	1	2	0	1	1	1	3	1	3	2	3	7	6	5	3	3	2	2	2	2	4	2	2	1	0	0	0	1	1	1	0	0	0	0	2	0	1	0	1	0	0	0	0	0	1	0	1	0	0	0	0	0	0	1	0	0	0	0	0	0	0	3	0	2	3	0	1	0	4	0	0	0	0	1	0	1	1	0	0	1	0	0	1	1	1	0	4	2	2	2	1	0	0	0	2	1	1	0	0	0	0	1	1	1	1	1	1	2	0	0	0	1	0	1	0	0	1	0	0	0	0	2	0	2	0	0	0	0	0	0	1	0	0	0	0	2	0	0	0	1	0	0	0	0	0	0	0	0	1	1	0	0	0	0	0	1	0	0	0	0	0	0	0	0	0	0	0	0	1	1	1	1	0	0	0	0	0	2	1	1	0	0	0	0	0	0	0	1	0	0	0	2	0	0	0	0	1	2	1	0	0	1	1	1	0	2	1	1	0	0	0	0	0	2	0	1	0	0	0	0	0	0	0	0	0	0	1	0	0	1	0	0	0	0	0	0	0	0	1	0	0	0	0	0	0	0	0	0	0	1	0	0	0	0	0	0	0	0	0	1	1	0	0	0	0	1	0	0	1	0	0	1	0	0	0	0	1	0	0	0	0	0	0	1	0	0	0	0	0	1	0	0	0	0	0	1	0	2	1	0	0	0	0	0	0	0	0	1	0	1	0	0	3	0	1	1	1	0	0	1	0	1	0	1	0	1	0	0	0	0	0	0	0	0	0	1	0	0	0	0	0	1	1	0	0	0	0	1	0	0	0	1	0	0	0	1	0	0	0	1	0	0	0
0	0	0	0	0	0	0	5	2	4	0	1	4	3	2	5	4	0	4	2	2	0	6	0	0	0	0	3	1	1	1	0	1	1	1	10	16	17	79	52	24	15	9	4	5	5	11	5	5	3	5	2	5	2	5	5	3	2	3	8	5	3	2	3	2	5	0	3	4	3	7	10	4	6	13	9	8	17	10	7	4	5	4	4	1	8	1	3	2	2	5	4	4	5	3	6	7	6	6	12	12	20	29	0	38	27	21	22	6	1	6	2	2	1	1	0	1	1	0	0	2	0	2	1	1	0	3	1	1	4	3	1	1	4	1	1	6	6	11	8	6	4	6	1	3	0	2	2	0	1	0	1	1	1	0	0	2	0	1	0	1	0	0	0	0	0	0	1	0	0	0	0	0	0	1	0	0	0	0	1	0	0	0	0	1	1	0	0	0	0	2	0	0	0	1	1	0	0	2	0	2	0	0	0	1	0	1	1	1	2	3	0	1	0	3	0	1	1	0	1	1	1	1	1	0	0	1	1	2	1	0	1	1	1	1	1	1	0	0	1	1	0	0	2	0	1	1	0	0	0	0	1	0	0	0	0	1	0	0	2	0	0	1	0	0	0	0	0	0	0	0	0	1	0	0	0	0	0	1	2	0	0	0	0	0	0	0	0	0	1	0	0	0	0	1	0	0	0	0	0	0	0	1	2	0	1	0	0	0	0	0	0	1	1	0	0	1	0	0	1	1	0	0	0	0	1	0	0	2	0	3	0	1	0	0	0	1	2	0	0	0	0	0	1	1	0	0	0	0	0	0	0	0	0	0	0	0	0	0	0	0	1	0	0	0	0	1	0	1	0	0	0	1	0	0	0	0	2	0	0	0	0	0	0	0	0	0	0	0	2	0	0	0	1	0	1	1	0	0	0	0	0	0	0	0	0	0	0	0	0	0	0	0	0	1	0	0	1	0	0	1	1	0	0	0	0	0	0	0	0	0	0	1	0	0	0	0	0	0	0	0	0	0	0	0	0	1	1	0	0	1	2	0	1	0	0	0	0	0	1	0	0	0	1	0	0	0	0	0	0	0	1	1	1	1	1	3	2	0	0	0	0	0	0	1	0	1	0	1
0	0	0	0	0	0	0	5	2	0	4	3	2	3	4	8	3	3	0	2	3	2	1	1	0	0	1	0	2	0	1	0	2	2	1	5	9	13	23	29	9	10	8	9	4	4	4	8	3	1	1	0	2	1	5	4	2	1	4	2	3	3	3	4	0	1	0	3	0	1	5	3	8	2	5	3	3	6	4	4	1	2	5	1	3	1	3	1	1	0	3	4	5	6	3	2	2	6	3	9	10	9	32	38	0	29	21	22	6	4	3	1	2	2	2	1	0	1	0	1	1	1	1	0	0	1	0	1	3	0	2	0	3	2	1	0	3	7	2	2	1	3	1	1	7	3	2	1	1	3	1	0	0	2	0	1	1	0	1	0	1	0	1	0	1	0	0	0	0	0	0	0	0	0	0	0	1	0	1	0	0	1	0	0	0	1	0	1	0	1	0	2	1	2	0	0	0	1	0	0	0	1	1	2	2	1	1	2	2	2	1	0	1	1	3	2	2	1	2	1	1	0	0	0	0	0	0	0	2	0	0	0	1	0	0	1	2	1	1	1	0	2	0	0	1	0	1	1	1	1	0	0	0	0	0	0	1	0	0	0	0	0	0	0	0	0	0	0	0	0	0	0	0	0	0	0	0	0	0	0	0	0	0	0	1	0	0	1	1	0	1	0	0	1	3	0	0	0	0	0	0	0	0	1	0	2	0	0	0	0	0	0	0	0	0	0	1	0	0	0	1	0	0	0	0	0	1	1	2	0	0	2	0	1	0	0	0	1	0	0	1	0	1	0	0	0	0	0	0	0	0	0	0	0	0	1	0	0	0	0	0	0	0	1	0	1	1	0	2	0	0	0	0	0	0	0	0	0	1	0	0	0	0	0	2	0	0	1	0	0	0	0	0	0	1	0	0	0	0	0	0	0	0	0	1	0	0	0	0	0	1	0	0	0	1	0	0	2	1	0	1	0	0	0	0	0	0	1	0	0	0	0	0	0	0	0	1	0	0	0	0	1	0	0	0	0	2	0	0	1	0	0	1	0	0	0	1	1	0	0	0	0	1	0	2	0	0	1	0	0	0	0	0	0	0	0	1	0	0	0	1	0	0	0	1	0	0	0	0
0	0	0	0	0	0	0	1	3	1	3	3	1	3	2	0	2	1	1	0	3	4	0	2	3	0	2	1	0	2	0	3	1	1	2	4	7	9	7	9	8	11	6	14	2	6	16	6	3	4	1	0	3	0	5	3	5	1	1	1	2	6	4	0	0	0	0	2	1	0	2	5	0	2	4	4	7	11	6	8	4	4	4	6	7	2	2	2	2	5	2	1	3	5	5	3	7	2	2	9	10	13	16	27	29	0	132	39	3	3	3	0	2	2	5	2	1	1	1	0	0	0	1	1	2	0	1	2	3	1	0	1	0	0	2	4	1	4	4	2	3	5	5	1	2	0	5	1	0	0	1	3	3	1	1	0	0	1	0	0	0	0	0	0	1	1	1	1	0	0	1	1	1	1	0	0	0	1	0	0	0	0	1	0	0	0	0	1	1	0	1	1	0	1	1	0	0	1	0	0	1	2	2	0	1	1	0	3	1	1	1	1	1	5	0	2	2	3	1	1	2	2	0	1	1	0	0	0	0	1	0	2	1	0	0	0	0	2	0	2	1	0	0	0	0	0	0	2	0	1	1	0	2	0	0	0	1	1	0	1	0	0	1	0	0	0	0	0	0	0	0	0	1	1	0	0	0	0	0	0	0	0	0	0	0	1	0	0	0	0	0	0	0	0	0	0	1	0	0	0	0	0	1	0	2	0	0	0	0	1	0	0	0	0	0	0	0	0	0	0	0	1	0	0	2	0	0	1	1	1	1	1	1	1	0	0	0	0	0	0	0	0	0	0	1	0	0	1	0	1	0	1	0	0	0	0	0	0	0	1	1	0	0	0	0	0	0	2	1	0	0	0	0	0	0	1	1	0	0	1	0	2	0	0	0	0	0	0	0	0	0	0	0	1	0	0	0	1	0	0	0	0	1	0	0	2	0	0	0	0	1	0	1	0	1	0	1	0	0	1	0	0	0	0	0	1	0	0	1	0	0	1	0	1	0	0	1	0	1	0	0	0	0	0	0	0	1	1	1	2	0	0	1	1	0	0	1	1	0	0	2	1	1	0	0	1	0	0	1	0	0	0	0	1	0	0	2	0	0	0	0	0	0	0	0	2	0	0	1
0	0	0	0	0	0	0	5	5	1	3	3	1	3	3	2	3	1	3	3	0	2	0	1	1	2	1	1	1	1	2	1	2	1	1	2	7	4	14	5	10	6	7	27	8	11	15	7	2	2	0	1	0	3	2	3	3	1	1	4	2	1	3	1	2	2	2	2	3	1	2	0	2	3	4	1	9	7	2	5	10	8	6	2	6	4	5	2	2	2	1	4	3	8	10	2	5	1	6	11	14	13	11	21	21	132	0	44	4	4	2	2	2	1	0	0	1	0	0	0	0	1	0	0	0	0	0	1	1	2	1	1	1	0	1	2	3	5	7	3	4	2	2	3	4	2	5	0	1	3	1	1	3	1	3	0	0	2	0	0	0	1	0	0	0	1	0	0	0	1	1	0	0	0	0	1	0	0	0	0	0	0	0	0	0	1	0	0	0	2	1	1	1	1	3	1	0	0	0	0	2	0	1	1	0	1	1	2	1	4	2	2	3	4	2	1	3	2	2	3	2	1	0	0	2	0	0	0	3	0	1	1	0	3	0	2	1	0	0	1	0	1	3	1	0	1	2	0	2	0	0	1	0	0	0	0	1	1	0	1	0	1	0	1	0	1	0	1	0	0	0	0	0	0	0	0	0	0	0	1	1	1	0	0	0	0	0	0	0	0	0	1	0	0	0	0	0	0	1	0	0	0	0	0	1	0	0	1	0	0	0	0	0	0	1	0	0	0	1	1	0	0	0	0	0	2	1	1	2	0	1	0	3	1	0	0	1	1	0	1	0	0	1	0	2	0	0	1	0	1	0	1	0	0	0	1	0	0	0	0	1	1	1	0	0	0	0	0	0	0	0	0	0	0	0	0	0	0	1	1	2	0	0	0	1	2	0	0	0	1	0	1	1	1	0	0	0	1	0	0	0	0	0	0	0	0	1	0	0	0	0	0	0	0	0	1	0	0	0	1	0	0	0	1	0	0	0	0	0	0	1	0	0	0	0	2	1	1	0	1	0	0	1	0	0	0	2	0	1	0	0	0	0	0	2	1	2	1	1	0	0	0	0	0	1	0	2	0	1	0	0	0	0	0	0	0	0	1	1	0	0	1	0	0	0	1	0	1	0
0	0	0	0	0	0	0	1	5	1	2	0	2	4	3	0	3	2	2	4	3	4	4	1	2	1	2	3	0	0	3	1	4	2	2	8	11	11	11	13	10	7	1	6	1	3	7	4	1	1	1	1	1	2	1	2	6	1	0	2	0	0	1	3	4	0	1	1	4	1	4	3	7	3	4	2	5	6	5	2	2	2	4	5	4	1	2	1	4	4	1	5	5	13	5	7	13	9	10	23	43	39	55	22	22	39	44	0	10	5	3	0	3	3	0	0	1	2	2	0	2	1	1	1	2	1	3	2	5	3	4	2	2	2	0	3	3	4	2	8	5	4	4	0	2	0	3	2	1	0	1	0	0	1	1	0	2	0	1	2	0	1	1	0	0	0	0	0	0	0	0	1	1	0	0	0	0	0	0	0	0	0	0	0	0	0	0	0	0	1	0	0	1	1	0	0	0	0	0	1	1	2	0	0	0	3	2	0	1	3	4	2	2	3	3	1	2	0	1	2	1	1	0	0	0	0	1	0	2	0	1	0	0	0	0	0	0	1	1	0	0	1	0	1	2	1	2	0	1	1	1	1	0	1	0	0	0	0	0	1	0	1	1	1	0	0	0	0	1	0	1	0	1	0	0	0	0	1	0	0	1	0	0	1	0	0	0	0	0	1	0	0	0	0	0	0	1	0	0	0	0	0	0	0	0	1	0	0	1	0	0	0	0	0	0	0	0	0	0	0	2	0	0	0	0	2	1	1	1	2	1	3	2	1	0	1	0	0	0	0	0	1	0	0	1	0	0	0	0	0	1	0	1	0	0	0	0	0	0	0	0	0	0	0	0	0	1	0	0	0	0	0	0	0	0	0	0	0	0	0	0	0	0	2	0	1	0	1	1	0	0	1	0	0	0	0	0	1	0	1	0	1	0	0	1	1	0	0	0	0	0	0	0	1	1	0	0	0	0	1	0	0	0	0	0	1	0	0	0	1	0	0	1	0	0	0	0	1	0	1	0	1	0	0	1	1	1	0	0	0	1	0	1	0	0	0	0	0	2	0	0	1	0	0	0	0	0	1	1	1	1	0	2	0	0	2	0	1	1	0	1	1	0	0	0	0	3	0	0
0	0	0	0	0	0	0	7	3	10	7	6	4	8	5	15	11	4	10	9	15	16	5	6	1	3	1	3	2	1	5	3	8	1	4	19	47	30	14	8	3	1	7	1	3	4	3	1	4	1	0	0	0	1	2	2	3	3	2	2	3	5	0	3	4	3	3	4	2	3	2	5	6	2	2	3	8	3	4	2	1	1	1	0	8	3	2	3	1	4	1	4	7	7	4	11	11	30	57	14	11	47	15	6	6	3	4	10	0	28	16	5	8	3	4	2	0	5	1	0	2	4	1	1	3	2	3	3	3	2	4	3	4	4	3	4	19	7	8	2	5	2	2	0	0	1	2	0	0	1	1	1	0	0	0	1	0	1	0	0	0	1	0	0	0	1	1	0	0	0	1	0	0	0	0	0	0	0	1	0	0	0	1	1	0	0	0	0	0	1	1	1	2	3	0	0	1	0	0	0	2	1	3	1	0	1	0	1	0	1	1	2	3	0	4	0	0	0	1	0	0	0	1	0	0	1	0	0	0	0	0	1	1	0	1	0	1	1	2	0	1	0	0	1	1	0	1	1	0	1	0	1	1	0	1	1	0	0	0	1	0	0	0	0	0	0	0	0	0	0	0	0	0	0	0	0	0	0	1	0	0	0	1	0	0	0	0	0	0	0	0	0	0	0	0	0	0	0	1	0	0	0	0	1	1	0	0	0	0	0	0	0	0	0	0	0	0	0	1	0	0	0	1	1	1	0	0	0	0	1	2	0	0	0	0	0	1	0	0	0	0	0	0	0	0	0	2	0	0	0	0	0	0	1	0	0	0	0	0	1	0	0	1	0	0	0	0	0	0	0	0	0	1	0	0	0	0	1	0	0	0	0	0	2	1	0	1	0	0	1	0	0	0	0	0	0	0	0	0	0	1	0	0	0	0	0	1	0	0	0	0	0	0	0	0	0	0	0	0	0	0	0	0	0	0	0	0	0	0	0	0	0	1	0	0	0	1	0	0	0	0	1	0	2	2	0	0	1	0	0	0	1	0	0	0	0	0	0	0	0	1	0	0	0	0	0	0	0	2	0	0	1	0	0	0	0	0	1	0	1	1	1	0	0	0	0	0	2	0
0	0	0	0	0	0	0	4	4	10	3	3	3	3	3	9	8	7	13	13	12	14	3	4	3	7	1	3	3	4	2	1	4	4	1	7	10	4	5	4	2	1	2	1	0	4	2	1	0	2	0	2	2	1	0	0	3	2	1	1	9	2	4	5	2	6	0	5	7	5	3	3	2	1	3	2	6	2	2	2	0	2	3	1	1	1	4	1	1	3	5	9	6	10	8	15	17	43	26	6	9	5	6	1	4	3	4	5	28	0	52	16	10	9	3	3	1	2	1	1	1	2	0	0	1	1	3	2	1	2	4	14	5	5	5	6	16	8	8	5	1	1	2	1	1	1	2	0	0	1	0	1	0	2	2	0	1	1	0	1	0	0	1	0	0	0	0	0	0	0	0	0	0	0	0	1	1	1	0	0	0	0	0	0	0	0	0	0	0	1	0	0	1	2	1	1	0	0	1	0	0	1	0	0	5	1	1	5	4	2	2	0	3	0	2	2	2	0	1	2	0	2	0	1	0	0	0	0	1	1	2	0	0	1	0	4	0	2	2	4	0	0	0	0	2	0	0	1	0	0	0	0	0	1	0	0	1	0	0	0	0	1	1	0	1	1	1	0	0	0	0	0	0	0	0	0	1	0	0	0	0	0	1	0	0	1	0	0	0	1	1	0	0	0	0	0	0	0	1	0	0	0	0	2	0	0	1	0	0	1	0	0	0	1	0	0	0	1	0	1	0	0	0	0	1	0	0	0	0	0	0	1	1	0	0	1	0	0	0	0	0	0	1	0	0	0	0	0	0	0	0	0	1	1	0	0	0	0	0	0	1	1	1	0	0	2	1	1	2	0	1	0	0	1	0	0	0	0	0	0	1	0	0	0	1	0	1	0	0	0	0	0	0	0	0	0	1	0	0	0	0	0	0	0	0	0	1	0	0	0	0	0	0	0	1	0	0	0	0	1	0	0	0	0	0	0	0	0	0	1	2	0	0	0	0	0	0	1	0	0	1	0	2	1	0	0	0	0	1	1	1	1	1	0	3	1	0	0	0	0	0	0	0	0	0	0	0	0	0	0	1	0	0	0	0	1	1	0	0	0	0	0	0	1	0	1	1	0	0
0	0	0	0	0	0	0	1	5	7	4	2	6	3	4	4	7	5	11	21	30	10	5	6	5	3	2	0	3	1	2	5	8	3	5	7	3	3	5	0	4	3	0	1	0	2	2	3	1	1	0	1	1	2	0	3	3	2	1	2	3	9	6	5	8	3	2	0	4	3	3	11	3	2	1	0	2	1	3	1	1	3	0	1	2	0	2	1	1	2	4	12	8	7	7	6	6	11	2	7	1	3	4	6	3	3	2	3	16	52	0	102	23	19	10	5	4	4	4	2	6	2	3	0	2	2	5	4	8	8	7	19	7	9	5	11	20	2	4	4	3	1	0	0	0	3	0	3	0	0	0	0	1	2	1	0	0	0	0	0	0	0	1	0	0	0	0	0	0	1	0	0	0	0	0	0	0	0	0	0	0	1	1	0	0	0	0	0	1	1	0	0	1	3	2	0	1	1	1	1	2	1	0	0	1	1	1	1	0	0	4	2	0	0	1	0	1	0	1	1	0	0	0	0	1	0	2	0	0	0	1	1	0	2	1	1	0	1	5	2	2	1	1	1	3	0	0	0	0	0	0	1	1	1	1	0	0	0	0	0	1	0	0	0	0	0	0	0	0	0	0	1	0	1	1	0	0	1	0	1	0	0	0	0	0	0	0	0	0	0	0	0	0	0	1	0	0	0	0	0	1	0	0	0	1	0	0	0	0	0	0	0	0	0	0	0	0	0	1	0	1	1	1	0	3	1	0	0	1	0	1	0	0	0	0	2	1	0	0	0	1	0	0	0	0	0	0	0	0	1	0	1	0	0	0	2	1	1	0	0	0	0	1	0	0	1	1	0	0	0	0	0	0	0	0	0	0	0	1	1	0	1	0	1	0	0	0	0	0	0	0	0	0	0	0	0	0	0	0	1	0	0	0	1	0	0	1	0	0	0	0	1	0	0	0	2	1	0	0	1	1	0	0	0	1	0	1	0	0	0	0	1	0	1	0	0	0	0	0	0	0	0	1	0	0	0	0	0	0	1	1	2	0	1	0	2	0	0	0	1	0	0	0	0	0	0	0	0	1	1	0	0	0	0	0	0	0	1	0	0	0	1	0	0	0	0	0	1	0
0	0	0	0	0	0	0	2	1	3	2	0	1	4	0	3	4	3	5	11	11	5	5	8	4	3	2	4	4	3	6	2	4	2	4	4	1	4	3	1	2	1	0	1	0	2	2	5	0	2	2	1	1	0	1	1	1	2	4	3	2	6	4	5	9	2	4	3	4	2	3	4	5	3	2	2	2	4	2	2	1	0	1	0	1	0	3	0	0	3	4	6	3	3	2	11	3	3	6	4	7	2	4	2	1	0	2	0	5	16	102	0	36	38	9	16	8	10	2	3	3	4	4	1	2	5	4	5	6	8	10	41	10	12	8	6	15	11	1	2	1	2	1	1	1	0	0	0	0	2	2	1	1	1	0	0	0	0	0	0	0	0	0	0	0	0	0	0	0	0	0	1	0	0	1	0	1	0	0	1	0	0	0	0	0	0	0	0	1	0	0	0	1	2	0	0	1	0	0	1	1	0	1	0	3	2	0	2	1	1	2	1	1	0	0	1	1	1	2	3	0	1	1	0	0	1	0	0	2	2	2	0	1	1	1	2	1	4	1	0	1	0	2	0	0	0	0	0	0	1	0	0	0	1	0	0	1	0	1	1	0	0	0	0	0	0	0	0	0	0	0	0	2	0	0	1	1	0	0	0	0	0	0	1	0	0	0	0	0	0	0	0	0	0	0	1	0	0	0	0	0	0	0	0	0	1	1	0	0	1	0	0	0	0	0	0	0	0	0	1	0	0	0	0	0	1	0	0	0	0	1	1	1	1	1	0	0	0	0	1	0	0	0	1	0	0	0	0	0	0	0	0	0	0	0	0	0	0	0	0	0	0	0	0	0	0	0	1	0	0	0	0	0	0	1	0	0	0	0	0	0	0	0	0	0	0	0	0	0	0	0	0	0	0	0	0	0	0	0	0	0	0	0	0	0	1	0	0	0	0	0	0	0	0	0	0	0	0	0	0	1	1	0	0	0	0	1	0	0	1	0	0	0	1	0	1	0	0	0	2	0	1	2	0	0	0	0	1	0	0	0	2	1	0	0	0	0	0	0	2	0	2	1	0	1	1	0	1	0	0	0	0	0	1	0	0	0	0	0	1	1	0	0	0	2	0	0	0	1
0	0	0	0	0	0	0	0	6	2	0	0	1	0	3	3	5	0	3	4	8	5	2	3	2	1	1	5	2	7	2	3	2	8	2	3	1	8	2	4	3	1	2	1	1	4	1	0	4	1	0	3	5	3	5	3	3	3	3	3	8	11	12	13	4	8	1	4	10	3	5	1	4	2	4	2	5	1	1	5	2	1	0	2	1	2	1	0	7	2	6	5	6	6	2	6	1	3	9	7	3	4	2	2	2	2	2	3	8	10	23	36	0	31	12	7	4	7	2	1	3	1	0	2	4	4	3	11	21	14	15	13	3	9	7	11	12	14	11	7	1	2	4	1	2	0	0	1	0	0	0	0	1	0	2	2	2	1	0	1	0	0	1	0	1	0	0	0	0	0	1	0	0	0	0	0	0	0	0	0	0	1	0	0	0	0	0	1	0	0	0	0	2	1	0	2	2	1	2	0	2	1	2	2	1	3	3	3	0	1	2	0	2	0	4	0	0	1	1	0	3	0	0	0	0	0	0	1	0	0	0	0	0	1	3	0	1	1	3	3	5	0	0	2	1	0	1	1	0	1	0	0	1	1	0	0	0	0	1	1	0	1	0	0	0	0	0	0	0	0	0	0	0	0	1	1	0	0	0	0	0	0	0	0	0	0	0	0	0	1	0	0	0	0	0	0	0	0	0	1	0	1	0	0	0	0	0	0	0	0	1	0	0	0	1	0	1	0	0	0	1	1	1	0	0	0	1	1	1	0	1	1	1	0	0	1	0	1	1	1	0	0	0	1	0	0	1	2	0	0	0	0	0	0	0	0	0	0	0	0	0	0	0	0	1	0	1	0	1	0	0	0	1	1	0	0	0	1	0	0	0	0	0	0	1	0	0	0	0	1	0	1	0	0	0	1	0	0	0	0	0	0	0	0	0	0	0	0	0	0	1	0	0	0	0	0	0	0	0	0	0	0	0	0	0	0	0	0	0	0	0	0	0	0	0	0	0	0	0	0	0	0	0	0	0	0	1	0	0	0	0	0	0	1	0	0	0	0	0	0	1	0	0	0	1	1	1	0	0	2	0	0	0	0	0	0	0	0	0	0	0	0	0	1	1	0	0	0	0
0	0	0	0	0	0	0	1	0	1	1	1	2	0	5	0	3	2	3	5	7	2	2	3	2	5	3	2	2	4	2	3	3	4	4	6	3	4	3	1	2	1	3	2	2	0	2	4	1	2	0	1	1	1	2	2	0	1	1	1	11	6	5	7	4	5	3	4	10	3	2	2	4	1	1	2	0	2	0	1	1	1	1	2	1	1	1	1	2	2	2	3	0	3	3	4	1	5	7	4	1	6	3	1	2	2	1	3	3	9	19	38	31	0	30	17	11	9	5	7	2	3	1	5	8	8	7	6	15	16	17	19	5	7	7	11	8	5	6	7	1	0	4	1	1	2	0	0	0	2	1	0	1	2	3	0	1	0	0	0	1	0	0	0	0	0	0	0	0	1	0	0	1	0	0	0	0	0	0	0	0	0	0	0	0	0	0	0	1	0	0	1	0	1	0	2	3	1	1	0	1	1	0	2	2	2	2	0	0	1	2	1	0	2	2	0	1	1	0	2	0	0	3	0	1	1	1	0	1	0	0	1	0	0	1	0	1	0	1	6	2	2	2	1	2	2	1	0	3	1	0	0	1	0	1	0	1	0	0	0	0	0	2	0	1	0	0	0	1	0	1	0	1	0	0	0	0	1	1	0	0	0	0	0	0	0	0	0	0	0	0	0	0	1	0	0	0	0	0	0	0	0	0	0	0	0	0	0	0	0	0	0	0	0	0	0	0	0	1	0	1	0	1	0	1	1	1	3	0	0	0	1	1	2	0	0	0	0	0	0	0	0	1	0	1	0	0	0	1	0	0	0	0	0	0	0	0	0	0	0	0	1	0	0	0	1	1	1	0	0	0	0	0	0	0	0	0	0	0	0	0	0	0	0	1	1	0	1	0	0	0	0	0	0	0	0	0	1	0	0	0	0	0	0	0	0	0	0	1	0	0	0	0	0	0	0	1	0	0	0	1	0	0	1	0	0	0	0	0	0	0	0	0	0	0	0	0	0	0	0	0	0	1	0	0	0	0	1	0	0	0	0	0	2	2	0	2	0	1	0	0	1	1	1	0	0	0	0	1	0	0	0	1	0	2	1	0	1	0	0	1	0	0	0	0	1	0	0	0
0	0	0	0	0	0	0	0	2	0	0	1	0	2	4	0	2	2	3	4	6	2	0	2	3	4	0	1	1	4	3	1	3	1	2	3	3	3	2	1	1	1	1	0	0	1	2	0	1	0	2	0	0	1	1	0	1	2	5	2	3	1	0	4	2	0	0	0	3	1	0	1	2	0	1	1	5	3	0	1	2	2	0	2	1	2	2	2	1	3	3	6	4	1	2	0	1	2	3	2	3	2	1	1	2	5	0	0	4	3	10	9	12	30	0	48	17	11	7	5	6	2	2	5	0	4	1	3	6	6	8	6	4	6	2	1	2	2	2	1	2	1	3	1	1	0	1	0	1	2	0	1	0	0	0	0	1	0	0	0	1	1	0	0	0	0	0	0	0	0	0	0	2	0	1	0	0	0	0	0	0	0	0	0	0	0	0	0	1	0	1	1	2	2	3	1	3	0	0	0	1	0	2	3	2	2	2	0	2	0	1	1	2	0	0	3	0	1	1	1	0	1	2	0	0	1	0	3	0	4	0	1	1	0	0	0	0	0	3	1	2	0	2	3	0	0	0	0	3	1	1	0	0	0	0	1	1	0	1	0	0	0	1	1	1	0	0	0	0	1	0	0	0	0	0	0	0	0	0	0	0	1	0	0	0	0	0	0	1	0	0	0	0	0	0	0	0	0	0	0	0	2	0	1	0	0	0	0	0	0	0	1	0	0	1	0	0	0	0	1	0	0	0	1	0	1	1	1	1	1	0	0	0	0	0	0	1	1	0	1	0	0	0	0	0	0	0	0	0	0	0	0	0	0	0	1	1	0	0	0	0	1	1	0	0	2	0	1	0	0	0	0	0	0	0	0	0	2	0	0	0	0	0	0	0	0	0	1	0	1	0	0	0	0	0	0	1	0	0	0	0	0	0	0	0	0	0	0	0	0	0	0	0	0	0	0	0	0	0	0	0	0	0	0	0	0	0	0	1	0	0	0	0	0	0	1	0	0	0	0	0	0	0	0	1	1	1	0	0	0	2	0	0	0	0	0	0	0	0	0	0	0	0	0	0	0	1	0	0	1	0	0	0	0	0	0	0	0	0	0	1	0	0	0	0	0	0	0	0
0	0	0	0	0	0	0	1	0	0	0	0	0	1	0	1	0	2	5	4	4	0	1	1	4	2	0	3	3	4	3	3	4	1	1	3	1	2	0	0	2	1	1	0	0	1	0	1	1	2	0	2	2	0	0	2	1	1	1	1	3	2	2	1	1	2	4	3	5	0	0	0	1	0	0	0	3	2	2	0	2	0	1	0	0	2	2	2	0	0	2	2	0	6	4	2	1	3	5	0	0	2	1	0	1	2	0	0	2	3	5	16	7	17	48	0	53	11	2	11	9	4	2	4	2	7	7	0	7	4	7	7	6	4	4	4	1	0	5	1	0	0	0	0	1	0	0	0	1	2	0	0	0	0	3	1	1	0	0	0	1	2	0	1	0	0	0	1	0	0	0	1	0	0	0	0	0	0	0	0	0	0	0	0	0	1	0	0	0	0	0	2	0	1	1	3	1	3	1	0	0	0	0	3	1	4	2	0	1	2	0	0	2	2	2	0	1	2	1	0	0	0	1	0	1	3	1	0	1	0	3	0	1	1	2	0	1	5	1	3	5	1	1	5	1	0	0	1	0	0	0	2	1	0	0	0	0	0	0	0	1	0	1	0	1	0	0	0	0	0	0	0	0	0	0	1	0	0	0	1	0	0	0	0	0	0	0	0	0	0	0	0	0	0	0	0	0	1	0	0	0	0	0	0	1	0	1	0	0	0	0	0	0	1	1	2	0	0	1	2	0	1	1	0	0	0	0	0	3	1	1	0	0	1	0	1	0	0	1	0	0	0	0	0	1	1	0	0	0	1	0	2	0	0	0	0	0	0	0	1	0	0	0	0	0	0	0	0	0	0	0	0	0	0	0	1	0	0	0	0	1	1	1	0	0	0	0	0	0	0	0	0	0	1	0	1	0	0	0	0	0	0	0	2	0	0	0	1	0	0	0	1	0	0	0	0	0	0	0	0	0	0	0	0	1	0	0	1	0	0	0	0	0	0	0	0	0	0	0	1	0	1	0	1	0	0	0	0	0	0	0	0	1	0	0	0	1	0	0	0	0	0	0	3	0	0	0	0	0	0	0	0	0	0	0	0	0	1	0	0	0	1	1	1	0	1	0	0	0
0	0	0	0	0	0	0	1	1	2	2	1	1	3	2	1	1	0	6	0	2	2	1	3	6	2	1	3	1	3	1	6	5	1	1	1	2	1	1	1	4	0	0	0	0	0	1	0	1	0	0	0	2	0	0	3	1	0	4	0	2	1	3	1	2	2	0	1	2	0	1	1	0	0	0	0	1	1	1	0	2	0	3	1	1	1	0	1	1	2	0	6	2	2	0	1	3	1	2	2	1	1	0	1	0	1	1	1	0	1	4	8	4	11	17	53	0	49	16	4	3	4	3	6	1	8	3	5	8	4	10	2	8	9	4	5	4	3	3	2	3	2	0	0	0	0	2	1	0	0	0	0	0	1	0	0	0	0	1	0	0	0	1	0	0	1	0	1	0	0	0	0	0	0	0	0	0	0	0	0	2	0	0	0	0	0	0	0	0	0	2	1	1	1	0	2	1	0	0	0	3	0	0	0	2	0	1	4	1	0	1	0	0	0	0	1	0	1	1	0	0	1	0	0	1	0	1	0	0	1	1	0	1	1	0	1	1	0	1	2	0	0	0	0	0	0	1	0	2	0	0	1	0	0	0	0	1	0	0	0	0	0	1	0	0	0	2	0	0	0	0	0	0	0	0	0	0	0	0	0	0	1	0	0	0	0	0	0	0	0	1	0	0	0	1	0	0	0	0	1	0	0	0	0	1	0	0	0	0	0	0	0	0	0	0	0	0	0	0	0	1	0	0	0	1	0	0	1	0	1	1	0	0	0	0	0	1	1	1	0	0	0	1	0	0	1	0	0	0	0	1	0	0	0	0	0	0	0	0	0	0	0	0	1	0	0	0	0	1	0	0	0	0	0	0	0	0	0	2	0	1	0	0	0	0	0	0	0	0	0	0	0	0	0	0	0	0	0	0	0	0	0	0	0	0	0	0	0	0	0	0	0	0	0	0	0	0	1	1	0	0	0	0	0	0	0	0	1	0	0	0	0	0	0	0	0	1	0	0	0	1	0	0	0	0	1	0	0	0	0	0	0	0	1	0	1	0	0	0	0	0	1	0	0	0	0	0	0	0	0	0	0	1	0	0	0	0	0	0	0	0	0	0	0	0	0	0	0	0
0	0	0	0	0	0	0	1	0	2	0	0	4	2	0	1	3	2	2	0	5	2	2	2	4	5	3	4	3	5	6	5	6	1	4	2	4	2	3	0	1	0	0	0	0	0	2	1	0	0	1	0	3	0	1	1	1	3	3	0	3	1	3	3	6	4	3	2	3	2	1	2	2	1	2	0	2	1	0	1	0	1	4	1	0	0	1	1	1	2	2	2	1	1	0	2	1	3	0	1	2	1	1	1	1	1	0	2	5	2	4	10	7	9	11	11	49	0	36	25	21	5	5	7	5	9	7	10	7	13	17	12	17	12	7	2	1	1	2	1	1	1	1	1	2	0	0	1	0	0	0	0	0	2	1	0	0	1	0	1	0	0	0	0	0	0	0	0	0	0	0	0	0	0	0	0	1	0	1	0	0	0	0	0	0	0	0	0	1	0	1	2	0	0	0	1	0	2	1	0	0	0	0	0	1	1	2	1	3	0	1	2	0	0	0	0	1	0	2	1	2	0	0	0	1	1	0	1	1	2	2	0	0	0	1	0	1	2	1	0	3	0	1	0	0	0	0	1	1	0	0	0	0	0	0	0	0	0	0	0	2	1	0	0	1	0	0	0	0	1	1	0	0	0	0	0	0	0	0	0	0	0	0	0	1	0	0	0	0	0	0	0	0	1	0	0	0	0	0	1	0	0	0	1	0	0	0	0	0	0	0	0	0	0	0	0	0	0	0	1	0	1	0	0	0	1	0	1	1	0	0	0	0	1	0	1	0	0	0	0	0	0	0	0	0	0	0	0	0	0	0	0	1	0	0	0	0	0	0	0	0	0	0	1	0	0	0	0	0	0	0	0	0	0	0	1	0	0	0	1	0	0	0	1	0	0	0	0	0	0	0	0	0	0	0	0	0	0	0	0	0	0	0	0	0	0	0	0	0	0	0	0	0	0	0	0	1	0	0	0	0	0	0	0	0	0	0	0	0	0	0	0	0	0	1	1	0	0	0	1	0	0	1	0	0	1	0	0	0	0	0	0	0	0	0	0	0	1	0	0	1	0	0	0	0	0	0	0	0	0	0	0	1	0	1	0	0	0	0	0	0	1	0	0	0	0	0	0	1
0	0	0	0	0	0	0	0	0	0	3	1	2	2	1	1	0	0	1	2	0	1	2	1	1	2	4	2	3	5	6	8	0	2	0	1	0	3	2	1	0	0	0	2	1	0	1	0	0	0	2	2	2	0	0	0	1	1	0	1	2	3	4	8	5	1	4	4	2	2	1	2	2	1	2	2	2	1	0	0	0	0	0	0	1	0	0	1	2	1	5	0	2	2	0	1	3	1	1	1	2	1	0	0	0	1	0	2	1	1	4	2	2	5	7	2	16	36	0	40	19	9	4	5	12	28	13	10	12	6	24	6	5	2	4	2	2	2	3	0	2	0	1	0	3	1	1	0	0	0	0	0	2	0	0	0	0	0	0	0	0	0	0	0	0	0	1	0	0	0	0	0	0	0	0	0	0	0	0	0	0	0	0	0	0	0	0	0	1	0	1	0	0	1	1	1	2	0	1	2	1	0	2	1	1	0	1	0	0	1	2	0	2	1	1	1	0	1	1	0	1	0	0	0	0	0	0	0	1	0	0	0	1	0	0	0	1	0	0	1	1	0	1	1	2	0	0	0	0	0	0	1	1	1	1	0	0	0	0	0	0	0	0	1	1	0	0	0	0	0	1	0	0	0	0	0	0	0	0	0	0	1	1	0	0	0	1	0	0	0	0	0	0	2	0	0	0	0	0	0	0	0	0	0	0	0	0	0	0	0	0	0	0	0	0	0	1	0	0	0	0	0	0	0	0	0	0	0	1	0	1	3	0	0	0	0	0	0	0	1	1	1	0	1	0	0	0	0	0	1	0	0	0	1	0	0	1	0	0	0	0	0	0	0	0	0	0	0	0	0	1	0	1	0	0	0	1	0	0	0	0	0	0	0	2	0	0	0	0	0	1	0	0	1	0	0	0	0	0	0	0	0	0	0	1	0	0	0	0	0	0	2	0	0	0	0	0	0	0	0	0	0	1	0	0	0	0	0	0	0	0	0	0	0	1	0	0	1	0	0	0	1	0	0	0	0	1	1	0	0	0	0	0	0	0	0	0	0	0	0	0	1	0	0	0	0	0	0	0	0	0	0	0	0	0	0	0	1	1	0	0	0	0	0	1	0	0	0	0
0	0	0	0	0	0	0	1	1	0	2	0	0	0	1	1	2	1	1	3	5	1	3	1	5	2	1	2	2	1	2	6	9	5	1	5	0	4	1	0	0	1	0	0	0	4	0	3	0	0	0	0	1	2	0	0	0	4	0	2	1	4	3	6	3	6	6	7	3	3	0	1	5	1	0	1	1	3	0	0	1	1	0	1	0	2	1	0	1	2	1	3	0	1	2	0	0	0	2	1	0	1	0	0	1	0	0	0	0	1	2	3	1	7	5	11	4	25	40	0	87	15	9	17	30	45	41	18	12	12	22	8	17	9	10	7	2	4	3	1	0	1	0	1	0	0	0	2	1	0	1	1	0	0	0	0	0	0	0	1	1	1	0	0	0	0	0	0	1	0	0	1	0	0	0	0	0	0	0	0	0	0	0	0	0	0	0	1	0	0	1	1	1	0	2	0	0	0	0	0	0	1	0	1	0	0	0	1	1	0	1	1	1	1	0	0	1	1	0	0	0	0	0	0	0	0	0	0	0	0	1	0	0	0	3	1	1	1	0	0	1	0	4	1	0	1	1	0	0	1	0	0	0	0	1	0	1	0	0	0	0	0	0	0	0	0	0	0	0	1	0	0	0	0	0	1	0	0	0	0	0	0	0	0	0	0	0	0	0	0	0	0	0	0	0	0	0	0	0	0	0	0	0	1	0	0	0	0	0	0	0	0	0	0	0	0	0	1	0	0	0	0	0	1	1	1	0	0	0	0	0	0	1	1	1	0	0	1	0	0	0	0	0	1	0	0	0	0	0	0	0	0	0	0	0	0	0	0	0	0	0	3	0	0	0	0	0	0	0	0	1	0	0	0	0	0	0	0	1	0	0	0	0	0	0	1	1	0	0	0	0	1	0	0	0	0	0	0	0	0	1	0	0	0	0	1	0	0	0	0	0	0	0	0	0	1	0	0	0	0	0	0	0	0	0	0	0	0	0	0	0	0	0	0	0	0	1	0	0	0	0	0	0	0	0	1	0	0	0	1	0	0	0	0	0	0	0	0	1	0	0	0	0	0	0	1	0	0	0	1	0	0	0	1	0	0	0	0	0	0	0	1	0	0	0	1	0	0	0
0	0	0	0	0	0	0	2	1	0	1	3	2	1	0	0	0	1	1	2	6	1	3	2	9	1	3	1	6	7	9	11	4	5	2	1	1	1	2	4	1	0	0	0	1	0	1	1	0	0	1	2	0	0	1	2	1	0	4	3	1	3	3	4	7	10	9	12	5	0	1	2	2	0	3	0	4	2	0	0	0	0	3	0	0	1	0	2	2	2	0	2	1	2	1	2	0	1	1	1	0	3	0	2	1	0	0	2	2	1	6	3	3	2	6	9	3	21	19	87	0	28	26	13	16	17	22	15	5	10	14	7	21	14	10	3	1	1	2	2	0	1	0	0	2	1	1	0	0	0	0	0	0	0	0	0	0	0	0	1	0	1	0	0	0	0	1	1	0	0	1	0	0	1	0	0	0	0	0	0	0	0	0	0	0	0	0	0	0	1	1	1	0	2	2	3	0	1	0	0	0	1	1	0	0	0	2	0	1	1	0	0	0	1	0	0	0	0	1	1	0	0	0	0	0	0	1	0	0	0	1	0	2	1	2	0	0	1	1	1	0	1	0	2	0	0	2	0	0	0	0	0	0	0	0	0	0	0	0	0	0	0	0	0	0	0	0	0	0	0	0	1	0	0	0	1	1	1	0	0	0	0	0	0	0	0	0	0	0	0	0	0	0	0	0	0	0	1	0	0	0	0	0	0	0	0	1	0	0	0	0	0	0	0	1	0	0	0	0	1	0	0	0	0	0	1	0	0	0	0	0	0	0	0	0	0	0	0	2	0	1	0	0	0	0	0	0	0	0	0	0	0	0	0	0	0	0	0	0	1	1	0	0	0	1	0	0	0	1	0	0	1	0	0	1	0	0	0	0	0	0	0	2	0	0	0	0	0	0	0	0	0	0	0	0	0	0	0	1	1	0	0	0	0	0	0	1	0	1	0	0	0	0	0	0	0	0	0	0	0	0	0	0	0	0	0	0	1	0	0	0	1	0	0	0	0	0	1	1	0	0	0	1	0	0	1	1	0	0	0	0	0	0	0	0	0	0	0	0	0	0	1	0	1	1	0	0	0	0	0	0	1	0	0	0	1	0	0	0	0	0	0	0	0	0	1	0	0	0
0	0	0	0	0	0	0	2	1	3	2	1	0	1	1	1	2	1	3	6	2	3	1	2	5	2	1	1	7	7	3	17	12	8	5	1	6	3	1	1	2	1	0	0	1	2	0	0	0	2	4	1	1	3	1	2	2	1	4	1	3	2	2	7	17	17	21	12	9	4	4	4	1	2	2	2	4	1	1	1	0	0	2	0	0	2	0	0	0	1	1	4	1	0	2	3	0	1	0	2	1	2	0	0	1	0	1	1	4	2	2	4	1	3	2	4	4	5	9	15	28	0	53	15	9	16	26	19	10	11	14	15	18	20	72	14	6	4	0	6	2	0	3	0	0	2	2	1	0	0	0	0	0	0	1	1	0	1	0	1	0	1	0	0	0	0	0	0	0	0	1	0	0	0	0	1	0	0	1	1	0	0	0	0	0	0	0	1	1	0	0	1	0	0	0	2	0	1	0	0	0	1	1	1	0	0	1	0	0	2	0	0	0	0	0	0	1	1	0	1	0	0	0	0	0	0	0	0	1	0	0	1	0	1	0	0	1	1	1	1	0	3	0	0	0	0	0	1	1	0	0	0	0	0	0	0	0	0	0	0	0	0	1	1	0	0	0	0	0	0	1	0	0	0	0	0	0	0	0	0	0	0	0	0	0	0	0	1	0	0	0	0	0	1	1	0	0	0	1	0	0	1	0	1	0	0	1	0	0	0	0	0	0	0	0	0	0	0	0	0	1	0	0	0	0	1	0	1	0	1	0	1	0	1	1	0	0	0	0	1	0	0	0	1	0	0	0	0	0	0	0	0	0	0	0	0	0	0	0	0	0	1	0	0	0	0	0	0	0	0	1	0	1	0	0	1	0	0	0	0	0	1	0	0	0	0	0	0	0	0	0	0	0	0	1	0	0	0	0	1	0	0	0	0	0	0	0	0	1	0	0	0	0	0	0	0	1	0	1	0	0	0	0	0	0	0	0	0	0	0	0	0	0	0	0	0	0	0	0	0	0	0	0	0	0	1	1	0	0	0	1	0	0	0	0	1	0	0	0	1	1	0	0	0	0	0	0	0	0	0	0	1	0	1	0	0	0	1	0	0	0	1	0	0	0	0	0	0	0
0	0	0	0	0	0	0	1	2	3	4	2	0	2	1	0	1	1	1	4	7	4	1	0	2	1	1	3	3	1	3	6	5	5	5	3	1	2	1	3	0	1	0	1	0	2	0	0	0	1	0	1	2	4	1	2	3	2	3	3	1	0	6	10	11	9	29	16	7	2	4	3	3	5	3	2	0	1	1	1	0	0	0	1	2	0	0	0	0	1	3	2	0	2	0	1	2	1	2	1	1	2	4	2	1	1	0	1	1	0	3	4	0	1	2	2	3	5	4	9	26	53	0	26	18	11	25	15	1	4	10	3	3	5	20	9	7	2	1	3	1	1	0	1	2	1	0	0	0	0	0	0	0	2	0	0	0	0	1	0	0	0	0	0	0	0	0	0	0	0	0	0	0	0	0	0	1	0	0	0	0	0	0	0	0	1	0	0	1	1	0	1	0	1	0	1	0	0	0	2	0	0	1	1	0	1	1	1	0	1	0	1	1	0	0	1	1	0	1	0	0	0	0	0	0	1	1	0	1	1	0	1	0	0	2	0	0	1	1	1	0	1	0	2	1	0	1	0	1	0	0	0	0	0	0	0	0	0	0	0	0	0	1	0	0	0	0	1	0	0	0	0	0	0	0	0	0	0	1	0	0	0	0	0	1	0	1	0	0	0	0	0	1	0	0	0	0	0	0	0	1	0	0	0	0	0	0	0	1	0	0	0	0	0	0	0	2	0	0	0	0	1	0	1	0	0	0	1	0	0	0	0	0	0	0	0	0	0	0	0	0	0	0	0	0	0	0	0	0	0	0	0	0	0	0	1	1	0	0	0	0	0	1	0	0	0	0	1	0	0	0	0	0	0	1	0	0	0	0	0	0	0	0	0	0	0	1	0	0	0	0	0	0	0	0	0	0	0	0	0	0	1	0	0	0	0	1	0	0	2	0	0	0	0	0	1	0	0	0	0	0	0	0	0	0	0	0	1	0	0	0	0	0	0	0	0	0	0	0	0	1	0	0	0	1	0	0	0	0	0	0	0	0	0	0	0	0	0	0	0	0	0	0	1	0	1	1	0	1	0	0	0	0	0	1	0	0	0	0	0	0	0	0	0	0	0	0	0	0
0	0	0	0	0	0	0	3	0	2	3	2	1	1	0	1	0	2	2	2	7	3	2	5	1	0	3	2	2	3	4	1	4	3	2	3	0	0	1	3	2	3	0	2	0	1	1	1	0	1	1	0	0	0	1	1	1	1	1	2	1	4	8	4	5	10	19	31	4	6	5	1	2	3	3	2	3	2	1	0	1	1	1	0	2	0	0	0	1	2	3	1	3	0	1	0	2	1	1	1	1	0	0	1	0	1	0	1	1	0	0	1	2	5	5	4	6	7	5	17	13	15	26	0	61	16	26	22	8	10	10	1	6	7	7	4	2	4	1	3	1	1	1	0	0	0	0	0	0	0	0	0	1	0	0	0	1	0	0	0	1	1	0	0	0	0	0	1	0	0	0	0	0	1	0	0	0	0	0	0	0	0	0	1	0	0	0	1	0	1	0	0	1	2	0	1	0	2	0	1	0	0	0	1	0	1	1	0	0	0	0	1	0	0	0	0	0	0	0	1	1	0	1	1	0	0	0	0	0	0	1	0	1	1	0	0	0	0	1	1	0	0	0	0	0	2	0	1	0	0	2	1	0	1	0	0	0	0	0	0	0	2	0	0	1	1	0	1	0	0	0	0	0	0	0	0	0	0	0	1	0	1	0	0	0	0	0	0	0	0	0	0	0	0	0	0	1	0	0	0	0	0	0	1	0	0	0	0	0	0	0	0	1	0	0	0	0	1	0	0	0	0	0	0	0	0	1	0	1	1	0	0	0	0	0	0	0	0	0	0	0	0	0	1	0	0	0	0	0	0	0	0	0	1	0	0	0	0	0	0	0	0	1	0	0	1	0	0	0	0	0	0	0	0	1	1	0	0	0	0	0	0	1	1	0	0	1	0	0	0	0	0	0	0	0	0	1	0	0	0	0	0	0	0	0	0	0	0	0	0	0	0	0	0	0	1	0	0	0	0	0	0	0	0	0	0	1	0	0	0	0	0	0	0	0	0	0	0	0	0	0	0	0	0	1	0	0	1	0	1	0	0	0	1	0	0	0	2	0	1	0	0	2	0	0	0	1	0	0	1	1	0	0	1	0	0	0	0	0	0	0	0	0	0	0	0	0	0	0
0	0	0	0	0	0	0	1	0	2	2	1	0	0	0	0	1	0	1	0	5	2	1	0	1	1	2	2	3	0	3	8	5	3	0	1	0	0	3	1	1	1	0	0	0	2	1	0	1	1	1	1	1	1	1	6	1	4	4	4	2	6	9	4	3	11	11	4	7	5	0	2	3	1	0	2	3	0	2	1	0	1	0	1	0	0	0	1	2	1	0	0	3	2	0	3	0	0	1	0	0	2	1	1	0	2	0	2	3	1	2	2	4	8	0	2	1	5	12	30	16	9	18	61	0	45	29	16	13	11	8	4	5	4	6	2	2	1	2	3	2	0	0	1	1	0	2	1	1	0	0	0	1	0	1	0	0	0	0	0	0	1	0	0	0	0	0	0	1	0	0	1	0	0	0	0	0	0	0	1	1	1	0	0	0	0	0	0	0	0	0	0	0	0	0	0	0	0	0	0	2	0	0	0	0	1	0	1	0	1	1	0	2	1	0	0	0	0	0	0	1	1	0	1	0	0	0	0	0	0	0	1	0	0	0	0	0	1	0	1	3	3	1	1	1	0	0	1	1	0	0	0	1	1	0	0	0	0	0	2	0	0	1	0	1	2	0	0	0	0	0	0	0	0	0	0	0	0	1	0	0	0	0	0	0	0	0	0	0	0	0	0	0	1	0	0	0	0	0	0	1	0	0	0	0	1	0	0	0	0	0	0	0	0	0	0	0	0	0	0	0	0	0	0	0	0	1	1	0	0	0	0	0	0	0	0	0	0	0	0	0	1	0	0	0	0	0	0	0	0	0	0	0	0	0	0	0	0	0	0	0	1	0	0	0	0	0	1	1	0	0	0	0	0	0	0	0	0	0	0	0	0	0	0	0	0	0	0	0	0	1	0	1	0	1	1	0	0	0	0	0	0	0	0	0	0	0	0	0	0	0	0	0	0	0	0	0	0	0	0	0	0	0	0	0	1	0	0	0	0	0	1	0	0	0	0	0	0	0	1	0	0	0	0	0	0	0	2	0	1	0	1	0	1	0	1	0	0	0	0	0	0	0	0	0	1	0	0	0	0	0	2	0	2	0	0	1	0	0	0	0	0	0	1	0	0	0	0	0
0	0	0	0	0	0	0	0	3	0	0	0	0	1	0	1	2	0	1	2	3	3	0	2	1	1	1	4	0	1	4	5	6	2	3	1	0	3	2	2	0	0	0	0	0	1	1	1	1	0	1	2	1	0	0	1	2	3	2	3	4	3	9	3	4	4	4	12	7	2	3	3	2	1	3	1	0	1	2	1	0	1	1	0	1	1	2	0	2	3	2	3	1	2	2	2	2	2	1	1	0	0	0	0	1	0	0	1	2	1	2	5	4	8	4	7	8	9	28	45	17	16	11	16	45	0	43	20	35	22	27	10	8	8	2	6	6	4	1	0	0	1	2	0	0	0	1	0	0	0	1	0	0	0	0	0	0	0	0	0	0	0	0	0	0	0	1	0	0	0	0	0	0	0	0	0	0	0	0	0	0	0	2	0	1	1	0	1	0	0	1	1	1	1	0	1	0	2	1	1	1	0	0	1	2	0	0	1	0	0	1	3	0	0	0	1	1	0	0	1	0	0	0	0	0	1	0	0	0	0	1	1	0	0	1	2	2	0	0	1	0	1	1	0	2	0	0	1	1	0	0	1	0	0	0	0	0	0	0	0	0	0	0	0	1	2	0	0	1	0	0	0	0	1	0	0	0	0	0	0	0	0	0	0	0	0	1	0	0	0	0	1	0	1	1	0	0	0	1	1	1	0	0	0	0	0	0	0	0	0	0	0	0	1	1	0	1	0	1	1	0	0	1	0	1	0	1	0	0	0	0	1	0	0	0	0	0	0	2	0	1	0	0	1	1	0	0	0	0	0	0	0	0	1	0	0	1	0	1	0	0	0	0	0	0	0	0	0	1	0	0	0	0	0	0	0	1	0	0	0	0	0	0	0	0	0	0	0	0	0	0	0	0	0	0	0	1	1	0	0	0	0	0	0	0	0	0	0	0	0	0	0	0	0	0	0	1	1	0	1	0	0	0	0	0	0	0	0	0	0	0	0	0	0	0	0	0	0	0	0	0	0	0	0	0	1	0	1	0	1	2	0	0	0	0	0	0	0	2	0	1	0	1	1	0	0	0	0	1	1	0	0	0	0	0	0	0	0	0	0	0	0	0	0	0	0	1	0	0
0	0	0	0	0	0	0	0	2	1	1	2	1	0	2	0	4	1	4	2	5	4	7	3	1	0	2	4	1	3	4	9	5	5	5	2	0	2	2	2	2	0	0	1	1	0	2	0	1	0	2	3	2	2	0	1	1	2	1	1	4	5	13	14	11	14	26	28	22	9	4	3	2	4	2	2	4	4	1	0	2	0	0	1	0	2	2	1	1	2	4	0	0	1	0	1	3	2	2	2	0	0	1	3	0	1	0	3	3	3	5	4	3	7	1	7	3	7	13	41	22	26	25	26	29	43	0	280	34	33	51	3	13	13	18	15	8	2	5	2	0	2	2	2	1	1	0	1	0	0	2	1	1	0	0	3	0	0	0	2	1	1	0	0	0	0	0	0	0	0	0	0	1	0	0	0	0	0	0	0	0	0	0	0	0	0	0	0	0	0	2	0	0	0	0	0	1	0	1	0	1	0	1	0	1	0	0	1	0	1	2	1	1	0	2	0	0	1	0	0	0	1	1	1	2	0	0	1	0	1	0	0	0	0	1	1	1	1	0	1	0	0	1	1	1	0	0	0	3	0	0	0	0	0	0	0	0	0	0	0	1	0	2	1	1	0	0	0	0	0	0	0	0	0	0	0	0	0	0	0	0	0	0	0	0	0	2	0	0	0	0	0	1	1	0	0	0	0	0	0	1	0	0	0	0	0	0	0	0	0	0	1	0	0	0	0	0	0	0	0	1	0	1	0	1	0	0	1	1	0	0	1	0	0	0	0	1	0	1	0	0	0	0	0	0	0	1	0	0	0	0	2	0	0	0	1	0	0	0	1	0	1	0	0	0	1	0	0	0	0	0	0	0	0	0	0	0	0	1	0	0	0	0	0	0	0	0	1	0	0	0	0	0	0	0	0	0	0	0	0	0	0	0	0	0	0	0	0	0	0	0	0	0	1	0	0	0	0	0	0	0	0	0	0	0	0	0	1	0	0	0	0	0	0	0	0	0	0	2	0	0	0	0	0	0	0	0	0	0	0	0	0	0	1	1	1	0	0	0	1	0	2	0	0	0	0	0	2	0	0	0	0	0	0	0	0	0	0	0	0	0	0	0	1	0	0	0	0	0
0	0	0	0	0	0	0	0	2	1	2	0	2	0	0	1	1	4	1	4	5	5	3	6	3	0	0	2	1	5	2	3	4	3	5	0	3	1	1	3	3	1	0	1	0	1	1	2	1	0	0	1	2	0	2	1	5	3	3	3	6	7	16	20	13	17	22	47	29	6	7	3	5	6	2	5	2	0	3	1	0	1	0	1	1	1	1	0	1	2	3	1	1	2	1	1	1	1	4	3	2	4	2	1	1	2	1	2	3	2	4	5	11	6	3	0	5	10	10	18	15	19	15	22	16	20	280	0	34	32	19	6	7	15	23	13	5	6	4	3	0	0	2	2	3	2	0	2	0	0	0	0	0	0	0	0	0	0	0	0	0	1	0	1	0	0	0	0	0	0	1	0	0	0	0	0	0	0	0	0	0	0	0	0	0	0	1	0	1	1	0	0	0	2	0	0	0	1	1	0	2	0	0	1	2	1	0	1	1	1	2	2	1	0	0	0	0	0	0	0	1	1	0	0	1	0	0	0	0	3	0	0	0	0	1	0	0	0	1	1	0	1	0	0	0	1	1	1	0	1	0	2	0	2	0	1	0	0	0	0	1	0	0	0	0	0	0	0	0	0	0	0	0	0	0	1	0	0	0	0	0	0	0	0	0	0	0	0	0	0	0	0	0	0	0	0	0	0	0	0	1	0	0	0	1	0	1	0	0	0	0	0	1	0	0	0	0	0	0	0	0	1	1	1	0	0	0	0	0	0	0	0	0	1	0	0	0	0	0	0	0	0	1	0	0	0	0	0	0	0	0	0	0	0	1	0	0	1	0	0	0	1	0	0	1	0	0	1	0	0	0	0	0	0	0	0	0	0	0	0	0	0	0	0	0	1	0	1	0	0	0	0	0	0	1	0	0	0	0	0	0	0	0	0	0	0	1	0	0	0	1	0	0	0	0	0	1	0	0	0	0	0	0	0	0	0	0	1	0	0	0	0	0	0	0	0	0	0	1	1	0	0	0	0	0	0	0	1	1	0	0	0	0	0	0	0	0	0	0	0	0	0	0	0	1	0	0	0	0	0	0	0	1	0	0	0	1	0	0	1	0	0	0	1	1	2	0	0	0
0	0	0	0	0	0	0	0	0	2	2	0	0	0	1	2	2	0	1	2	4	4	1	3	4	0	4	0	1	5	2	5	6	3	4	1	3	4	4	1	2	1	0	1	1	0	0	0	1	0	2	2	0	1	1	0	5	3	4	4	7	10	19	11	7	12	5	10	20	3	2	5	6	3	1	3	6	3	1	0	0	1	1	0	2	1	2	1	0	2	2	3	0	0	1	1	1	1	1	4	2	0	0	1	3	3	1	5	3	1	8	6	21	15	6	7	8	7	12	12	5	10	1	8	13	35	34	34	0	414	45	17	10	13	11	10	7	8	7	2	1	2	1	1	1	0	1	1	0	0	0	1	0	0	1	0	0	0	0	0	0	0	2	0	0	1	0	1	0	0	0	0	0	0	0	0	0	0	0	0	0	2	0	0	0	1	0	0	1	1	1	1	2	1	1	1	0	0	0	0	0	0	1	2	2	1	0	0	1	0	1	2	0	0	1	3	1	0	0	0	0	0	0	0	1	0	1	0	1	0	1	0	1	3	0	3	1	2	1	2	1	0	2	1	3	0	0	0	0	0	3	0	0	1	0	1	0	1	0	0	0	0	1	0	0	0	0	0	0	0	0	0	0	0	0	0	0	0	1	0	0	0	0	0	1	0	0	0	0	0	0	0	1	0	0	0	0	0	0	0	0	1	0	1	0	0	0	1	0	0	1	0	1	1	0	0	0	0	1	0	0	0	0	0	0	1	2	1	0	0	0	2	0	1	0	0	0	0	0	0	0	1	0	0	0	1	0	0	0	0	0	0	0	0	0	0	3	0	0	0	0	0	0	0	0	0	0	0	0	0	0	0	0	0	0	0	0	1	0	0	0	0	0	0	0	0	0	0	1	0	0	0	0	0	0	0	0	0	1	0	0	1	0	0	0	1	0	0	0	0	0	0	0	1	0	0	0	0	0	0	0	0	0	0	1	0	0	0	0	0	0	0	0	0	0	0	0	0	0	0	0	2	0	0	0	0	0	1	0	0	1	0	1	2	1	1	0	0	0	0	0	0	0	2	1	0	0	0	0	0	0	0	0	1	1	1	1	2	1	0	1	0	2	0	0	0	0	0	0
0	0	0	0	0	0	0	1	3	1	1	2	1	1	0	1	1	0	6	2	9	3	1	1	1	3	2	1	1	6	1	3	2	4	2	3	1	5	1	4	1	1	3	2	0	0	0	4	4	5	2	7	7	2	4	5	6	5	3	8	11	10	28	17	5	9	7	14	27	6	5	5	5	2	3	6	8	1	3	0	1	1	1	3	1	0	1	2	3	1	0	1	6	0	1	2	3	3	3	4	2	3	1	4	0	1	2	3	2	2	8	8	14	16	6	4	4	13	6	12	10	11	4	10	11	22	33	32	414	0	29	11	8	11	5	14	16	8	6	4	5	0	4	0	2	1	0	0	1	0	0	0	0	0	0	0	0	0	1	0	1	0	1	1	0	0	0	1	0	0	0	0	0	0	0	0	1	0	1	0	0	0	0	0	0	0	1	1	0	0	2	1	2	0	1	3	1	1	2	0	1	1	0	0	3	3	1	0	1	1	0	1	3	1	2	1	1	0	1	1	1	2	1	0	0	2	0	0	1	1	3	0	0	1	1	1	0	1	0	0	1	2	0	0	1	0	1	2	1	0	0	3	1	0	1	0	0	0	0	0	0	0	0	0	0	1	0	0	0	0	0	0	0	1	0	0	1	0	1	0	0	0	0	0	1	0	0	0	0	0	0	0	0	0	0	0	0	0	0	0	0	0	0	0	0	0	0	1	0	0	0	0	0	1	0	0	0	0	0	2	2	0	0	0	1	1	2	1	0	1	0	0	0	1	1	0	0	0	0	0	0	0	0	0	0	0	0	0	0	0	1	0	0	0	0	0	0	1	0	0	0	0	0	1	0	0	0	1	0	3	0	0	0	0	0	0	0	0	0	0	0	0	0	0	1	1	1	0	0	0	0	0	0	0	0	0	0	0	0	0	0	0	1	0	0	0	0	0	0	0	1	0	0	0	0	1	0	1	0	0	0	1	0	0	0	1	0	0	0	0	0	1	0	0	0	0	1	0	0	0	0	1	0	0	0	0	0	1	0	0	1	0	0	0	0	0	0	1	0	1	0	1	0	0	0	1	0	0	0	0	1	0	0	0	0	0	0	0	0	0	1	1	0	0	0	0	2	0	1
0	0	0	0	0	0	0	1	2	2	1	0	1	0	3	1	1	4	1	5	4	3	4	5	1	1	3	2	3	5	7	9	9	4	4	3	5	4	1	5	2	0	2	2	1	0	1	1	2	0	3	0	0	0	2	4	2	2	1	5	7	1	5	5	8	3	11	9	10	2	1	5	6	3	2	1	2	2	0	2	1	0	1	1	2	3	0	0	1	3	2	1	4	0	1	1	2	3	0	4	2	1	1	3	2	0	1	4	4	4	7	10	15	17	8	7	10	17	24	22	14	14	10	10	8	27	51	19	45	29	0	25	26	43	16	11	13	3	7	1	1	2	2	0	0	0	1	1	0	1	2	1	3	0	0	1	0	1	0	0	0	1	0	0	0	1	0	0	0	1	0	0	0	0	0	0	0	0	0	0	1	1	0	0	0	0	0	0	3	0	1	0	0	0	0	1	0	1	0	0	0	0	1	0	1	2	1	0	0	0	1	1	0	1	2	0	0	0	0	3	2	1	0	0	0	0	0	0	1	1	2	0	1	0	0	0	0	1	1	2	1	1	2	0	1	0	0	0	1	2	1	1	0	1	0	0	0	0	1	0	1	0	0	0	1	0	0	1	0	0	0	0	0	0	0	0	0	0	1	0	0	0	0	0	0	0	0	0	0	0	0	0	0	0	0	0	0	0	0	0	0	0	0	0	0	0	0	1	1	0	0	0	0	0	0	0	0	1	0	0	1	0	0	0	0	0	1	0	0	1	0	1	1	0	0	0	0	0	0	0	0	0	0	0	0	1	0	0	0	0	1	0	0	0	0	1	0	0	0	1	0	0	1	0	0	0	0	0	0	0	0	1	1	0	0	0	1	0	0	1	0	0	1	0	1	0	0	1	0	0	0	0	0	0	0	0	0	0	0	2	0	0	0	0	0	0	0	0	0	0	0	0	0	0	0	0	0	0	1	0	0	0	0	0	0	0	0	0	0	0	0	0	0	1	1	1	0	0	0	0	1	0	0	1	0	0	0	0	0	0	0	1	1	0	1	1	0	1	0	0	0	0	0	0	0	0	0	0	0	0	0	0	0	0	1	1	1	1	0	0	0	0	0	0	0	0	0	0	0
0	0	0	0	0	0	0	0	2	5	2	2	0	3	3	4	8	3	5	8	24	10	3	10	8	4	1	0	5	12	7	12	24	14	6	7	4	3	1	4	1	0	1	0	1	1	1	2	0	2	2	3	2	1	1	0	3	1	2	2	5	4	4	5	8	10	6	4	4	2	1	7	5	1	1	0	0	1	0	2	0	1	0	1	0	1	0	1	0	0	4	3	2	3	2	3	6	4	4	6	2	2	1	1	0	1	1	2	3	14	19	41	13	19	6	7	2	12	6	8	7	15	3	1	4	10	3	6	17	11	25	0	65	62	7	21	17	11	2	4	1	3	1	0	1	1	0	0	0	0	0	1	1	0	1	1	0	0	0	0	2	2	0	0	0	0	0	0	0	0	0	1	0	1	0	0	0	1	0	0	0	0	0	0	0	0	0	0	0	0	2	0	0	3	2	1	0	0	1	0	0	1	1	1	3	1	0	1	1	2	0	1	0	2	0	0	0	0	1	0	2	0	0	1	1	1	1	0	1	1	0	1	0	0	1	1	0	1	2	0	1	2	0	1	2	1	1	0	0	1	2	0	0	0	1	1	0	0	0	0	1	0	0	1	1	0	0	0	1	0	0	0	0	0	1	0	0	0	0	0	0	0	1	0	1	0	0	0	1	0	0	0	0	1	0	0	0	1	0	0	0	0	0	1	0	1	0	0	0	0	0	1	0	0	0	0	1	0	0	0	0	0	0	0	1	1	0	1	0	0	0	0	0	2	0	1	0	0	0	0	0	1	0	2	0	0	0	0	0	0	0	0	0	0	0	0	0	0	0	0	0	0	1	1	1	0	0	0	0	0	0	0	1	0	0	0	0	0	0	1	0	0	0	1	0	1	0	0	0	0	0	0	0	1	0	1	0	1	0	0	0	1	0	0	0	0	0	1	0	0	0	0	0	0	0	0	0	0	0	1	0	1	0	0	0	0	0	0	0	0	0	0	0	1	0	0	0	0	0	0	0	0	0	0	0	0	0	0	0	2	1	0	2	0	0	0	0	1	0	1	0	0	0	0	0	0	1	0	0	0	0	0	0	0	0	0	0	0	0	0	0	0	0	0	0	0	1	0	0
0	0	0	0	0	0	0	1	2	5	3	0	1	6	1	2	1	7	4	8	12	8	8	8	7	2	4	4	6	11	15	52	33	5	3	2	5	0	3	1	2	1	0	3	0	1	2	3	0	3	0	2	1	1	1	3	3	3	2	0	2	4	4	10	8	12	3	3	7	4	4	1	1	2	1	1	5	2	0	0	0	0	0	0	3	2	0	2	0	3	2	0	1	2	0	1	1	2	2	2	2	3	3	1	3	0	1	2	4	5	7	10	3	5	4	6	8	17	5	17	21	18	3	6	5	8	13	7	10	8	26	65	0	106	25	20	13	1	1	2	1	2	0	0	1	3	0	0	0	1	1	0	0	0	1	0	0	1	0	0	0	0	0	0	0	0	0	0	0	0	0	0	0	0	0	0	0	0	0	0	0	0	0	0	0	0	0	0	1	0	1	0	0	0	1	1	0	1	0	0	0	0	2	0	2	0	1	1	0	2	0	0	1	4	0	0	0	0	0	1	0	0	2	0	0	1	0	0	2	2	1	1	1	0	1	1	1	1	0	0	0	1	3	1	0	0	1	1	1	2	0	0	1	0	0	0	0	0	0	0	0	0	0	0	0	0	0	1	1	0	0	0	0	0	1	0	0	0	0	0	0	0	0	0	0	0	0	0	0	0	0	0	0	0	0	0	0	0	0	0	0	1	0	0	0	0	0	0	0	0	0	0	0	0	0	0	0	0	3	0	0	0	0	1	0	0	2	0	0	0	0	0	0	0	1	1	0	0	0	0	0	0	0	0	1	0	0	0	0	0	0	2	0	0	0	0	0	0	0	0	0	0	0	0	0	0	0	0	0	0	0	0	0	0	0	0	0	0	0	0	0	0	1	0	0	1	1	0	0	1	0	0	0	0	0	0	0	0	0	0	0	0	1	0	0	0	0	0	1	0	0	0	0	0	0	0	0	0	0	0	0	0	0	0	0	0	0	0	0	0	0	0	0	0	0	1	0	0	0	0	0	0	0	1	0	0	0	0	0	0	0	0	0	0	1	0	0	0	0	0	1	1	0	0	0	0	0	0	0	1	0	0	1	0	1	0	0	0	0	0	0	1	0	0	0	1	0	0	0
0	0	0	0	0	0	0	3	2	5	1	5	2	0	1	2	3	1	5	8	17	4	4	8	3	4	2	5	5	8	6	18	29	13	14	5	5	4	1	1	0	1	1	0	0	0	2	4	0	1	0	1	4	2	1	2	1	2	2	2	7	5	11	18	21	13	8	9	10	6	8	4	5	3	1	1	2	2	1	0	2	0	1	0	0	2	0	0	1	2	1	2	1	1	0	5	1	4	4	2	1	2	1	4	2	0	0	2	4	5	9	12	9	7	6	4	9	12	2	9	14	20	5	7	4	8	13	15	13	11	43	62	106	0	42	68	10	9	2	6	2	3	1	1	1	1	1	0	0	0	0	0	0	0	0	0	0	0	0	0	0	0	0	0	1	1	0	0	0	0	0	0	0	0	0	0	0	0	0	0	1	1	3	0	1	0	0	0	0	1	0	0	1	0	0	1	1	0	0	1	0	2	2	1	1	1	0	0	0	3	4	1	2	1	0	1	0	1	0	0	0	0	0	0	0	0	0	1	1	1	2	1	0	1	0	0	2	0	0	0	1	1	0	0	1	1	0	0	1	0	0	0	0	1	0	0	0	0	0	0	2	0	1	0	0	0	0	0	1	0	0	0	0	0	1	0	0	0	0	0	0	0	0	0	1	0	0	0	0	0	0	0	0	0	0	1	0	0	0	0	0	0	0	0	1	0	1	0	0	0	0	0	0	0	0	0	0	0	0	1	0	0	0	0	1	0	0	0	0	0	0	0	2	1	0	1	0	1	0	1	0	0	0	1	0	0	0	0	0	0	0	0	0	0	0	0	0	0	0	1	0	0	0	0	1	0	0	0	0	1	0	1	0	1	0	0	0	0	0	0	1	0	1	0	0	0	1	0	0	0	1	0	1	0	0	0	0	0	0	0	0	0	0	0	0	0	0	0	0	0	0	0	0	0	0	0	1	1	0	0	0	0	0	0	0	0	0	0	0	0	0	0	0	0	0	0	0	0	0	0	0	0	0	0	1	1	0	0	0	0	1	0	1	0	2	0	0	0	0	0	0	0	0	0	0	0	0	0	0	1	0	0	0	0	0	0	0	0	0	0	0	0	1	0	0	0	0	0	0
0	0	0	0	0	0	0	1	1	4	1	3	1	1	2	2	1	0	2	6	10	5	4	4	3	0	2	2	3	2	3	8	7	11	15	3	3	1	2	3	0	3	2	0	0	2	1	0	0	2	1	1	0	1	0	2	3	1	3	6	4	7	6	13	37	30	28	12	12	8	3	4	3	1	3	1	8	0	2	0	0	0	2	0	0	2	1	0	1	1	1	2	0	0	1	0	1	1	1	2	2	2	3	1	1	2	1	0	3	5	5	8	7	7	2	4	4	7	4	10	10	72	20	7	6	2	18	23	11	5	16	7	25	42	0	26	13	7	2	0	1	2	0	1	0	0	2	0	1	1	0	1	1	0	1	1	0	0	0	0	2	0	0	0	0	0	0	0	0	0	0	1	0	0	0	0	0	0	0	0	1	0	1	0	0	0	0	0	0	1	0	0	1	0	1	0	0	3	0	0	0	0	1	0	1	1	3	1	1	1	1	0	0	1	1	1	0	0	0	0	0	0	0	0	2	0	1	1	0	0	0	1	0	1	1	0	0	1	2	3	2	0	0	0	0	0	0	0	1	2	0	0	0	0	1	0	0	0	0	0	1	0	1	0	2	1	0	0	1	0	0	0	0	1	0	0	0	0	0	0	0	0	0	0	0	0	0	0	0	0	0	0	0	1	0	0	0	0	0	0	0	0	0	0	0	0	0	0	0	1	0	0	0	0	0	0	0	0	0	0	0	0	0	0	0	0	0	0	1	1	0	0	0	0	0	0	0	1	0	0	0	0	0	0	0	0	0	0	0	0	0	0	0	1	0	0	0	0	0	0	0	0	0	0	1	0	0	0	0	0	0	0	0	0	0	0	0	0	0	0	0	0	0	0	0	1	0	0	0	0	0	1	0	0	0	0	1	1	0	0	0	0	1	0	1	0	0	0	0	0	0	0	0	0	0	0	0	0	0	0	0	0	0	1	0	0	0	0	1	0	0	0	0	0	1	0	0	0	0	0	0	0	0	0	1	0	0	0	1	0	0	1	0	0	0	0	0	1	0	1	0	0	1	0	0	0	0	0	0	0	1	1	0	0	0	0	0	2	0	0	1	0	0	0	1	1	0	0	0
0	0	0	0	0	0	0	3	1	2	4	3	2	1	1	0	2	2	5	5	21	6	5	3	2	0	3	4	6	4	5	8	14	11	10	6	8	4	1	1	3	1	2	2	0	0	3	0	0	2	2	2	0	0	1	2	5	3	1	3	8	8	13	32	35	20	10	16	20	6	7	9	2	1	2	3	1	4	2	1	1	0	2	0	4	2	0	1	0	4	3	2	2	2	3	3	5	2	5	3	3	4	2	1	0	4	2	3	4	6	11	6	11	11	1	4	5	2	2	7	3	14	9	4	2	6	15	13	10	14	11	21	20	68	26	0	38	11	3	2	3	1	0	1	0	0	1	2	0	0	0	2	0	2	0	0	0	0	1	0	0	0	0	1	0	1	0	0	0	0	0	0	0	0	0	0	0	0	1	0	0	0	0	0	0	0	0	0	0	1	0	0	0	1	0	0	0	1	0	0	0	1	0	2	1	1	1	1	0	0	1	1	0	1	1	0	1	0	0	0	0	1	1	1	0	0	0	0	0	1	2	1	1	0	1	1	1	1	2	0	0	3	0	1	0	0	1	0	2	1	1	3	2	0	0	0	1	0	1	0	0	0	0	1	0	0	0	0	0	0	0	0	0	0	0	0	1	0	0	0	0	0	1	0	0	0	0	0	0	0	0	0	0	0	1	0	0	0	0	0	0	0	0	0	0	0	0	0	0	0	0	1	0	0	0	0	0	1	0	0	0	2	0	2	1	0	0	0	1	0	0	0	0	0	0	0	0	2	0	0	0	0	0	0	1	0	1	0	0	1	0	0	0	1	0	0	0	0	0	0	1	0	0	1	0	0	0	0	0	0	0	0	0	0	0	0	0	2	1	0	0	0	0	1	0	0	0	0	0	0	1	0	0	0	0	0	1	0	0	0	0	0	0	0	0	0	1	0	0	0	0	0	0	0	0	2	0	0	0	1	0	0	0	1	0	0	1	0	0	0	1	0	0	0	0	0	2	0	0	0	0	0	0	0	0	1	1	1	0	1	1	1	0	0	0	0	0	0	0	0	0	0	0	0	0	1	0	0	1	0	0	0	0	0	0	1	4	0	0	0	0	0	0	1	0	1	0	0	0
0	0	0	0	0	0	0	1	3	9	5	1	4	5	3	2	4	2	4	10	39	22	4	9	2	7	0	3	3	2	2	6	13	6	17	23	14	10	4	1	2	0	4	1	2	2	1	4	0	2	5	1	3	2	3	0	4	5	2	6	6	5	11	16	15	11	3	10	8	3	3	7	8	1	2	3	4	2	4	1	2	1	0	1	1	3	0	0	4	2	5	4	3	5	4	1	5	5	7	12	4	6	3	6	3	1	3	3	19	16	20	15	12	8	2	1	4	1	2	2	1	6	7	2	2	6	8	5	7	16	13	17	13	10	13	38	0	27	11	4	0	1	2	2	0	2	2	2	1	1	0	1	1	1	0	0	1	1	1	1	2	0	0	0	0	0	0	0	0	0	0	0	0	0	0	0	1	0	0	0	0	0	0	0	0	0	0	0	1	0	0	0	0	0	0	1	2	0	0	0	0	0	0	0	1	0	0	0	1	1	2	0	0	5	1	3	0	1	0	0	0	0	0	0	0	0	0	0	1	0	0	0	0	0	0	2	0	0	1	1	1	0	2	0	0	0	2	4	0	0	0	0	0	1	0	0	0	0	0	0	0	1	1	0	1	1	1	0	0	0	0	0	0	0	0	0	0	1	0	0	0	0	0	0	0	0	0	1	1	0	0	0	0	0	0	0	0	0	0	0	0	0	0	0	0	0	0	0	0	1	0	0	0	0	0	0	1	0	0	0	0	0	1	0	0	0	2	0	1	1	0	0	0	2	0	2	1	0	0	0	0	0	1	2	0	0	1	0	0	0	0	1	0	0	0	0	0	0	0	0	0	0	1	0	1	0	1	0	0	1	0	1	1	0	0	0	0	0	0	1	1	0	0	0	1	0	0	0	0	1	0	0	0	0	0	0	0	0	0	0	0	0	0	0	0	0	0	0	0	0	0	0	0	0	0	0	0	0	1	0	0	0	0	0	0	1	1	0	1	1	0	0	0	0	0	0	0	0	0	0	0	1	0	0	0	0	1	1	0	1	0	1	0	0	0	0	1	0	0	0	1	0	1	0	0	0	0	0	0	0	0	0	0	0	0	0	0	1	1	1	3	1	1	0	0	0	0	0	1
0	0	0	0	0	0	0	2	2	3	1	1	2	4	2	3	4	1	4	11	5	12	3	2	1	0	2	5	2	1	4	2	3	1	6	15	5	21	16	9	5	5	1	3	2	1	4	3	6	1	0	3	6	6	2	6	7	4	5	14	15	22	19	28	17	9	5	5	9	11	18	28	12	12	5	9	26	8	1	0	3	4	1	2	2	4	2	2	1	4	5	7	5	2	5	1	3	6	9	12	4	11	7	6	7	4	5	4	7	8	2	11	14	5	2	0	3	1	2	4	1	4	2	4	1	4	2	6	8	8	3	11	1	9	7	11	27	0	26	12	2	3	1	2	2	3	1	1	1	0	0	1	0	0	0	0	1	1	0	0	0	0	0	0	1	0	0	0	0	1	0	0	0	0	0	0	0	1	0	0	0	0	0	0	0	0	0	0	0	0	1	1	1	2	1	1	2	4	1	0	0	0	0	1	1	0	1	1	0	0	1	0	2	2	1	0	0	0	0	1	0	2	0	1	0	1	1	0	0	0	0	0	0	0	1	0	0	1	1	1	0	2	3	1	0	0	1	0	2	2	0	1	1	0	0	0	0	0	0	1	0	0	0	1	0	0	0	0	0	0	0	0	0	0	0	0	0	0	0	0	0	0	0	0	0	1	1	0	0	0	1	0	0	0	0	0	0	1	0	0	0	0	0	0	0	0	0	1	0	0	0	0	0	0	0	0	0	1	0	0	0	0	0	0	1	0	0	0	3	0	0	1	1	1	0	0	0	0	0	1	1	0	0	1	0	0	0	1	0	0	0	1	0	0	0	0	0	0	0	0	1	0	0	0	0	0	0	0	0	0	0	0	0	0	0	1	0	0	0	0	1	1	0	0	1	0	1	0	0	0	1	0	0	0	1	0	0	0	0	0	0	1	0	0	0	1	0	0	0	0	0	0	0	0	0	0	0	0	0	0	0	0	2	0	0	0	0	0	0	0	0	0	1	0	0	0	0	0	0	1	0	0	0	1	0	0	1	0	0	0	1	0	0	0	0	0	0	0	0	0	0	0	0	1	0	1	0	0	0	0	0	1	0	0	0	0	0	0	0	0	0	0	1	0	0	1	0	0	1
0	0	0	0	0	0	0	2	1	5	0	3	1	1	4	4	7	2	3	3	7	5	1	2	1	0	2	0	1	1	1	4	1	2	3	7	3	15	16	10	3	3	2	4	1	0	8	9	5	3	3	8	7	8	7	15	5	10	9	27	22	25	8	10	2	2	3	4	7	6	6	9	7	8	8	6	34	30	10	2	3	2	1	0	2	3	2	1	1	10	21	11	10	8	1	0	3	3	14	21	11	9	6	11	2	4	7	2	8	8	4	1	11	6	2	5	3	2	3	3	2	0	1	1	2	1	5	4	7	6	7	2	1	2	2	3	11	26	0	51	18	5	4	4	4	3	0	1	0	1	0	0	0	1	0	1	1	0	1	2	0	1	0	0	0	0	0	0	0	0	0	0	0	0	0	0	0	0	0	2	0	0	0	0	0	0	0	0	1	0	2	2	0	3	2	2	2	0	0	2	2	0	1	0	0	2	2	2	1	1	3	3	2	3	1	0	0	0	1	0	2	3	0	1	2	0	0	0	0	0	2	0	1	1	2	1	1	0	0	1	4	0	0	1	0	2	0	0	2	2	0	1	0	0	0	0	0	1	0	1	0	0	0	1	1	0	1	0	0	0	0	1	0	0	0	0	0	0	0	0	1	0	0	0	0	0	1	0	0	0	0	0	1	0	0	0	1	1	0	0	0	0	0	1	0	0	0	0	0	0	1	0	0	0	0	0	0	0	1	0	0	0	0	0	0	0	0	0	0	0	1	0	0	1	0	0	0	0	0	0	1	0	0	0	1	0	2	0	2	0	0	0	0	0	0	1	0	0	0	0	0	0	0	0	0	0	0	0	0	0	1	0	0	0	0	1	0	0	0	0	0	0	0	0	0	0	0	0	0	2	0	0	1	1	0	0	0	1	0	0	1	0	0	1	1	0	0	0	0	0	0	0	1	0	0	0	0	0	0	0	0	0	0	0	1	0	0	0	0	0	0	1	2	0	0	0	1	1	0	0	0	0	1	1	0	0	0	0	0	1	0	0	2	2	1	1	1	0	0	1	0	0	0	0	0	0	0	0	1	0	0	0	0	0	0	1	1	0	0	0	0	1	0	0	0	1	0	0	1
0	0	0	0	0	0	0	0	2	3	1	0	1	1	3	1	0	2	1	0	3	1	3	2	1	0	0	2	0	0	1	0	3	1	3	0	0	7	4	4	9	3	3	7	2	5	9	8	13	11	7	8	11	12	16	41	14	18	19	65	28	13	13	5	2	6	1	7	7	5	8	4	5	3	12	11	19	38	2	4	6	1	4	5	6	10	3	1	5	7	14	9	2	6	6	1	4	4	1	3	7	3	5	8	2	2	3	8	2	5	4	2	7	7	1	1	2	1	0	1	2	6	3	3	3	0	2	3	2	4	1	4	2	6	0	2	4	12	51	0	46	19	3	5	2	2	2	3	2	1	1	0	0	1	0	2	0	0	2	1	0	0	0	0	0	0	0	0	0	0	0	0	0	0	0	0	0	0	0	0	2	0	1	0	0	0	0	0	1	1	3	0	0	1	1	0	0	2	0	1	1	2	0	1	2	1	1	1	1	1	2	1	2	2	1	1	5	2	3	2	1	1	1	2	0	1	2	1	1	0	1	0	2	1	1	1	4	0	1	1	2	1	1	0	0	1	1	0	0	0	0	0	0	0	0	1	2	2	1	0	0	1	0	1	2	2	1	0	0	0	0	0	1	1	0	0	1	0	0	0	0	0	0	0	0	1	0	0	0	0	0	0	0	0	0	1	0	0	0	0	0	0	1	1	1	0	0	0	0	0	0	0	0	0	0	0	0	0	0	1	1	1	0	1	1	0	1	1	0	0	0	2	3	1	0	0	0	1	1	1	0	0	0	0	0	1	0	1	0	1	0	0	0	0	0	0	0	0	0	0	0	0	0	0	0	0	0	0	0	0	1	0	0	0	0	0	0	0	1	0	0	0	0	1	0	1	1	0	0	0	0	0	1	1	1	0	0	0	0	0	0	1	0	0	0	0	0	0	0	0	0	0	1	0	0	0	0	0	0	0	0	0	0	0	1	0	0	0	1	0	0	0	0	0	0	0	0	0	0	0	0	0	1	0	0	0	1	2	1	0	0	0	1	1	0	1	0	0	0	0	0	1	0	0	0	0	0	1	0	0	0	0	1	1	1	0	0	0	0	3	2	0	0	0	0	1	0	0	0
0	0	0	0	0	0	0	1	0	0	1	1	1	0	1	0	1	3	1	2	1	4	1	1	0	0	1	0	0	0	0	2	0	2	2	0	0	2	4	8	3	5	6	4	1	5	14	26	11	12	6	9	29	8	24	16	7	11	8	21	10	2	2	3	1	2	1	2	3	2	1	5	2	2	7	7	7	17	18	7	2	4	6	5	6	16	8	10	5	14	10	7	3	2	1	3	4	0	6	6	8	7	3	6	1	3	4	5	5	1	3	1	1	1	2	0	3	1	2	0	0	2	1	1	2	0	0	0	1	5	1	1	1	2	1	3	0	2	18	46	0	82	28	12	9	7	2	3	2	2	2	3	0	1	2	0	1	0	0	1	0	0	1	0	0	0	0	1	1	0	0	0	0	0	0	1	0	1	0	0	0	1	0	0	1	0	0	0	2	2	0	2	1	5	3	1	4	2	0	1	0	1	1	2	1	0	3	0	0	3	3	3	0	3	5	1	0	1	1	0	0	0	0	0	1	0	0	0	0	0	1	1	0	3	0	0	0	2	2	2	0	1	1	0	0	1	1	1	1	0	1	2	0	1	0	0	0	0	0	1	1	0	0	1	0	0	0	0	0	1	1	0	1	1	0	0	0	2	0	0	1	0	0	0	0	0	0	0	0	0	0	0	1	0	0	0	1	0	0	1	0	0	0	0	0	0	0	0	1	0	0	0	0	0	0	0	0	1	2	0	1	0	1	0	1	0	1	0	1	0	2	0	0	0	0	2	1	0	0	0	0	1	0	0	1	0	0	2	0	1	0	1	0	0	0	0	0	0	0	0	0	1	1	0	0	1	0	0	0	1	1	0	1	0	0	1	0	0	1	0	0	0	0	1	0	0	0	0	0	0	2	0	0	0	1	1	0	1	0	0	0	1	0	0	0	0	0	0	0	0	0	0	0	1	0	0	0	0	0	0	0	0	0	0	0	0	0	0	0	0	0	0	1	0	1	0	0	0	1	1	1	1	1	2	0	0	1	1	0	0	0	0	2	0	1	0	1	0	0	0	0	0	1	0	1	1	1	0	1	1	0	0	0	0	1	2	1	0	2	0	0	1	1	1	1	0	1	0	0
0	0	0	0	0	0	0	0	4	1	0	1	1	1	1	0	3	0	1	1	2	1	0	1	1	0	0	0	2	0	2	0	0	2	0	2	3	1	4	3	5	6	8	5	1	6	19	53	33	20	5	7	23	7	32	20	6	4	8	8	3	3	4	1	0	0	2	1	1	2	4	0	2	4	9	7	4	11	19	7	10	9	3	7	14	23	10	4	5	10	5	11	4	0	1	2	2	1	0	3	6	3	3	4	3	5	2	4	2	1	1	2	2	0	1	0	2	1	0	1	1	0	1	1	0	1	2	0	2	0	2	3	2	3	2	1	1	3	5	19	82	0	85	19	17	11	5	2	2	2	0	2	0	1	0	1	0	0	0	0	0	1	0	0	0	0	0	0	0	0	1	0	0	1	0	0	0	1	0	0	0	0	1	1	0	0	0	0	2	0	0	2	2	4	0	2	1	2	1	0	0	0	0	0	2	2	0	1	1	2	1	4	1	2	3	2	1	0	1	1	1	2	0	2	0	1	0	0	1	3	1	1	3	1	1	0	1	1	5	1	2	0	0	0	1	0	0	3	0	4	0	0	0	0	1	0	0	0	0	2	0	0	0	0	0	1	0	1	0	0	0	0	0	0	0	0	0	0	0	0	0	1	0	1	0	0	0	0	0	0	0	0	0	1	0	0	0	0	0	2	1	0	0	0	0	0	0	0	1	0	0	0	1	1	0	0	0	0	0	0	0	0	0	0	1	0	0	0	3	0	1	2	0	2	0	2	1	1	2	1	0	1	0	1	0	0	0	1	0	1	0	0	1	0	0	0	0	1	0	0	0	0	0	1	0	0	0	0	1	0	0	0	1	0	0	0	0	0	0	1	0	0	1	0	1	0	0	0	2	0	1	0	0	0	1	1	1	0	0	0	1	0	0	0	0	0	0	0	0	0	1	0	0	1	0	0	0	0	0	1	1	0	0	0	0	3	0	1	1	1	0	1	0	0	0	0	1	0	1	1	0	0	1	0	1	0	2	1	0	0	1	0	0	0	1	0	0	0	0	2	1	0	1	1	0	0	1	0	1	0	0	0	0	0	0	0	1	0	0	0	0	1	2	0	0	0	1	0	1
0	0	0	0	0	0	0	1	2	1	1	0	1	0	0	2	0	1	1	1	1	0	1	1	0	0	0	1	0	1	0	1	3	0	2	1	3	0	1	1	2	5	12	12	5	5	12	35	39	38	8	8	14	5	10	3	4	6	0	5	1	6	0	4	3	1	0	0	1	1	0	2	1	6	5	1	4	8	7	14	24	16	13	21	23	21	16	5	6	8	2	3	4	2	2	3	3	3	4	2	2	1	2	6	1	5	2	4	2	2	0	1	4	4	3	0	0	1	1	0	0	3	0	1	0	2	2	2	1	4	2	1	0	1	0	0	2	1	4	3	28	85	0	42	16	10	5	1	0	2	1	2	1	0	1	0	0	1	0	0	1	0	2	0	0	0	0	0	0	0	1	0	0	0	1	0	0	0	0	0	0	1	0	0	0	0	1	2	0	0	4	2	1	2	3	0	1	1	0	1	2	0	2	0	0	0	0	1	2	0	4	2	1	3	5	4	4	2	4	1	0	1	1	1	2	0	0	0	0	1	2	1	1	3	0	0	0	1	1	2	0	0	1	1	0	0	2	0	1	1	2	0	0	1	0	0	0	0	0	0	0	0	1	0	1	0	0	0	1	0	1	0	0	0	0	0	0	0	0	1	0	0	0	0	1	0	0	0	0	0	0	0	0	0	0	1	0	0	0	0	0	1	1	1	0	0	0	0	0	0	0	0	0	0	0	0	1	0	0	1	0	0	1	1	0	1	1	0	1	0	1	0	0	0	1	2	0	0	0	0	2	0	0	0	0	0	0	0	1	1	0	0	0	0	0	0	0	0	0	0	0	0	0	0	0	0	1	0	0	0	1	0	1	1	0	1	1	0	0	0	0	1	0	0	0	1	0	0	0	0	0	0	0	0	0	0	0	0	0	0	0	1	0	0	0	0	0	0	0	0	2	0	0	0	0	1	0	0	1	0	0	0	0	1	0	1	0	0	0	0	0	1	1	1	1	0	0	0	0	0	0	3	1	1	0	0	3	3	0	0	1	0	0	0	0	0	0	0	1	0	0	0	0	1	1	0	0	1	0	0	0	0	2	1	0	0	0	1	0	1	1	2	1	1	0	0	0	0	0
0	0	0	0	0	0	0	1	0	0	1	0	1	0	1	0	1	1	0	0	0	0	1	0	0	0	0	1	0	0	0	0	1	1	2	0	1	2	1	2	3	2	5	5	4	2	6	12	18	24	4	6	7	9	6	4	5	2	7	5	3	1	1	3	2	1	1	1	2	1	1	2	0	0	3	2	2	7	4	8	5	9	7	13	13	14	10	8	4	5	2	1	4	2	3	2	2	3	2	4	0	3	2	1	1	1	3	0	0	1	0	1	1	1	1	0	0	1	0	1	0	0	1	0	1	0	2	2	1	0	0	0	0	1	1	1	2	2	4	5	12	19	42	0	42	20	4	1	1	0	2	1	0	1	0	1	0	1	1	1	0	2	1	2	0	0	0	0	0	0	1	0	1	0	0	1	1	0	0	0	1	0	1	0	1	1	0	0	0	1	5	2	0	2	3	4	2	5	2	1	4	0	2	2	2	0	3	1	2	1	4	0	6	3	1	2	1	4	1	0	1	0	0	3	1	1	1	1	0	1	1	0	1	1	2	0	0	2	3	1	0	0	1	3	0	0	0	2	0	1	1	1	0	0	0	1	0	1	0	0	0	0	1	0	0	0	0	0	0	0	1	2	0	1	0	0	0	0	0	1	0	0	0	0	0	1	0	0	1	0	0	0	0	0	1	2	0	1	0	0	0	2	0	0	0	0	0	1	0	0	0	0	0	0	0	0	0	0	0	0	0	0	0	1	1	0	3	0	2	2	2	2	0	1	0	0	1	0	0	0	0	0	2	1	0	1	0	0	0	0	0	0	0	0	0	1	0	1	0	0	0	0	0	0	0	0	0	0	0	0	1	1	1	0	0	0	0	0	0	0	0	0	0	0	0	0	1	1	0	0	0	0	0	0	0	0	0	0	0	0	0	0	0	0	1	0	0	0	0	0	0	0	0	0	1	2	0	0	1	0	0	0	0	0	0	0	1	0	0	0	0	0	0	1	0	0	0	0	0	1	0	0	0	1	2	1	0	2	0	0	0	0	1	1	1	1	1	0	1	0	0	0	0	1	2	0	2	0	0	0	0	0	1	0	0	0	1	1	2	0	1	2	0	0	1	0	1	0	1
0	0	0	0	0	0	0	1	0	0	0	2	1	0	2	1	0	0	1	1	1	3	1	0	1	0	0	0	0	1	3	0	0	0	1	1	1	0	0	1	3	6	3	4	4	8	3	4	10	7	3	4	6	1	4	4	3	2	2	5	1	1	0	1	2	4	1	2	1	0	3	0	1	1	4	1	0	1	3	6	10	4	9	21	18	21	31	13	1	6	6	1	6	3	4	1	3	0	2	2	2	5	2	3	7	2	4	2	0	1	0	1	2	1	1	1	0	2	3	0	2	0	2	0	1	0	1	3	1	2	0	1	1	1	0	0	0	2	4	2	9	17	16	42	0	47	9	2	3	0	0	1	1	1	1	3	1	1	1	0	2	0	0	0	1	0	2	0	0	0	0	0	0	0	0	1	0	0	0	1	0	0	0	0	1	0	0	1	0	0	5	3	3	4	2	3	3	3	2	3	0	4	0	1	2	2	3	0	1	1	2	3	3	4	5	5	11	8	3	3	1	2	0	1	0	1	3	0	2	0	0	1	2	3	2	2	1	2	1	1	2	2	0	0	0	1	1	0	1	1	0	1	0	1	0	0	0	0	0	0	1	0	0	0	0	0	0	0	0	0	0	1	0	0	0	1	0	0	0	1	1	0	1	0	1	0	0	0	0	1	1	0	0	1	0	1	0	1	0	0	0	0	1	0	0	1	0	0	0	0	0	2	0	0	0	0	0	0	0	1	0	0	1	2	2	0	0	1	0	0	2	1	3	3	1	2	1	0	1	2	2	0	1	1	0	2	0	2	1	0	1	2	0	3	1	2	1	1	1	0	1	3	1	0	0	0	2	0	1	0	2	2	1	0	0	1	1	1	1	0	1	1	0	1	0	0	1	1	1	1	0	1	0	1	0	0	0	0	0	1	1	0	0	0	0	0	0	0	0	0	0	1	0	1	0	0	0	0	1	0	0	0	0	0	0	0	0	0	0	1	1	0	0	0	0	0	1	0	0	1	1	0	0	1	1	0	2	2	0	2	2	0	1	0	0	1	0	0	0	1	1	1	0	0	0	0	1	0	0	1	0	1	1	1	1	3	2	1	0	0	1	0	1	1	0	3	0	0	0
0	0	0	0	0	0	0	2	2	2	0	0	1	0	3	0	0	0	2	1	1	0	0	0	0	0	3	1	0	1	0	1	0	1	0	1	2	1	3	2	4	4	6	4	14	24	8	9	11	5	1	2	12	3	3	1	4	2	0	3	4	0	1	1	0	1	2	0	0	3	1	3	1	1	1	1	1	2	6	6	9	11	15	37	49	31	15	6	5	7	3	2	1	3	2	0	0	0	4	2	3	2	2	0	3	0	2	0	1	1	3	0	0	2	0	0	0	0	1	0	1	2	1	0	0	0	1	2	0	1	0	1	3	1	0	0	2	3	3	2	7	11	10	20	47	0	45	6	3	2	0	0	0	1	3	0	0	0	0	1	2	0	2	1	1	0	0	0	0	1	0	0	0	0	0	0	0	1	0	0	1	0	0	0	0	0	2	2	1	0	4	4	3	3	5	3	2	2	1	1	0	0	0	1	1	1	2	2	2	3	2	3	5	4	4	10	6	1	7	1	1	3	2	1	0	1	1	0	0	1	1	1	0	2	0	0	2	1	0	2	0	0	0	0	1	0	0	1	0	2	1	0	0	2	0	1	0	0	0	0	1	1	0	1	0	0	0	0	1	0	0	1	1	0	0	0	0	1	0	0	0	0	0	0	0	0	1	0	0	0	0	0	0	1	0	0	1	0	0	1	0	0	0	2	0	2	0	0	1	0	0	0	0	0	0	0	0	0	2	0	1	0	3	0	2	0	1	2	2	0	1	1	1	1	0	1	2	1	0	1	0	0	0	0	3	0	0	0	1	0	1	0	0	0	2	0	0	0	1	1	1	1	0	0	0	1	0	0	0	0	0	0	0	0	0	1	1	1	0	1	1	0	1	1	1	0	1	0	0	0	1	0	0	0	1	1	0	0	1	0	0	0	1	0	1	0	1	0	0	0	0	0	0	0	0	1	0	0	0	3	1	0	0	1	0	0	0	1	1	0	0	0	1	1	0	1	0	0	1	0	0	2	1	1	2	0	4	3	1	0	0	0	1	0	0	1	0	1	0	0	0	1	0	1	1	2	1	0	0	0	1	0	0	1	1	2	2	1	0	2	1	0	0	1	2	0	3	1	1
0	0	0	0	0	0	0	0	0	0	1	0	1	0	1	0	2	0	1	0	0	1	1	1	1	0	0	0	0	3	0	0	0	0	2	1	1	1	0	1	0	1	4	7	16	21	6	4	3	3	2	3	3	1	3	1	1	2	0	3	0	1	0	1	0	1	0	0	2	0	1	0	0	1	2	4	0	2	3	4	8	5	11	16	18	12	5	7	4	1	1	5	5	1	2	0	3	1	2	1	1	2	4	2	2	5	5	3	2	2	0	0	0	0	1	0	2	0	1	0	1	2	0	0	2	1	0	0	1	0	1	0	0	1	2	1	2	1	0	2	2	5	5	4	9	45	0	3	6	3	4	2	1	0	0	1	0	2	1	1	2	0	0	0	0	1	0	1	0	0	0	0	0	0	1	1	0	0	1	0	0	0	0	0	0	0	0	0	4	3	3	3	4	2	1	3	2	3	1	1	1	3	0	1	1	4	4	3	3	1	0	4	2	4	12	10	23	4	5	6	4	2	0	6	0	4	2	0	0	0	1	2	1	1	1	0	0	0	0	1	0	2	1	0	1	0	0	2	0	2	0	0	2	0	0	1	0	0	0	0	0	0	2	2	2	0	1	0	0	1	1	0	0	0	0	0	0	0	3	0	0	0	0	0	0	0	1	0	0	0	0	0	0	1	0	0	0	0	0	1	1	0	0	0	0	0	0	0	0	1	0	0	0	0	0	0	0	0	0	0	1	1	0	0	0	1	0	0	0	2	1	1	0	1	0	1	1	2	1	2	2	1	1	0	2	2	0	0	0	1	2	0	1	0	0	0	0	0	0	1	1	1	0	0	0	1	0	2	0	0	2	0	0	1	0	0	0	1	0	2	1	1	1	0	0	1	3	0	1	0	1	0	0	0	0	1	0	1	1	0	0	0	0	0	0	1	0	0	0	0	1	1	1	0	1	1	0	3	0	2	2	0	0	1	1	1	1	0	0	1	0	0	0	0	0	0	3	0	1	2	2	0	0	3	0	0	1	2	0	4	1	4	3	1	0	1	0	0	1	0	0	0	1	1	2	0	2	1	0	0	0	1	1	2	0	0	3	2	1	0	0	0	0	2	1	1	1	0	1
0	0	0	0	0	0	0	1	2	0	0	1	1	0	2	1	0	1	0	0	0	0	0	0	1	1	0	0	0	0	1	0	0	1	1	1	1	2	3	1	1	3	1	3	3	8	2	3	2	0	2	0	2	0	1	1	1	1	1	0	2	0	2	1	1	0	0	0	0	1	4	2	0	2	2	0	2	1	0	0	2	5	7	2	1	6	4	2	1	2	0	2	2	5	4	1	2	1	2	2	1	0	2	2	1	1	0	2	0	0	3	0	1	0	0	0	1	1	0	2	0	1	0	0	1	0	1	2	1	0	1	0	0	0	0	2	2	1	1	3	3	2	1	1	2	6	3	0	33	14	3	7	4	1	4	0	2	1	1	2	1	1	2	0	2	1	0	0	0	0	1	0	0	0	0	0	0	1	0	0	0	0	0	0	0	1	0	4	4	4	6	2	2	3	0	2	2	2	2	2	2	2	2	4	2	2	2	3	2	5	8	3	6	6	17	20	15	12	5	13	6	2	4	5	2	2	1	0	2	1	0	1	3	3	2	1	0	0	3	1	1	0	1	0	1	1	3	2	0	1	1	1	0	0	2	0	0	1	0	1	1	1	0	1	0	0	0	0	0	0	0	1	1	0	0	0	0	1	0	0	1	0	0	0	1	1	0	1	0	0	0	0	0	0	0	0	2	1	2	1	1	1	0	1	1	2	1	1	0	2	0	0	0	2	0	0	0	0	1	2	1	3	2	3	0	3	2	2	4	2	2	7	5	2	3	4	1	4	2	2	1	1	0	1	2	2	0	0	0	2	0	1	0	0	0	0	0	0	1	1	0	0	0	1	1	1	1	1	0	1	3	1	1	2	2	0	0	0	0	0	0	1	3	1	1	1	1	0	0	1	1	0	1	0	0	1	3	1	1	2	0	1	0	0	0	0	0	1	0	0	0	0	0	3	0	3	1	2	1	2	0	0	0	1	0	0	1	1	0	2	0	0	0	1	0	1	1	0	2	2	1	3	2	0	3	2	1	4	3	3	9	8	11	4	2	2	0	2	0	1	1	5	3	2	0	3	1	0	0	1	0	0	1	0	0	3	4	8	4	0	1	1	0	1	2	1	3	0	1
0	0	0	0	0	0	0	0	1	0	0	0	0	1	1	1	0	1	1	0	0	0	0	0	1	0	0	0	0	0	0	1	1	1	0	0	0	1	1	1	2	1	1	4	3	3	1	0	4	1	1	1	0	1	1	0	1	0	0	1	1	0	0	0	1	0	0	0	0	3	0	1	1	0	0	1	2	1	3	2	0	4	0	5	1	0	3	1	0	3	1	1	3	3	2	1	1	0	1	0	1	2	2	0	1	0	1	1	0	0	0	0	0	0	1	1	0	0	0	1	0	0	0	0	1	0	0	0	0	1	0	0	0	0	1	0	1	1	0	2	2	2	0	1	3	3	6	33	0	105	20	10	7	3	0	2	0	3	1	1	1	0	4	0	1	1	3	2	0	0	0	2	0	1	0	1	0	0	0	0	0	0	0	1	0	1	0	1	4	8	5	1	2	1	3	2	1	0	4	2	6	3	4	2	4	0	1	2	4	7	4	7	10	10	8	3	9	3	7	18	8	4	4	4	2	1	3	1	3	1	0	0	1	1	0	0	0	2	0	0	0	0	1	1	2	1	2	0	1	1	3	1	2	1	1	0	0	1	0	0	2	1	0	2	1	0	0	0	0	0	0	0	0	0	1	0	0	0	0	0	1	0	0	0	1	0	1	0	1	0	2	0	0	0	1	1	0	0	0	0	1	0	1	1	1	2	0	0	0	1	2	0	1	0	1	2	2	0	0	0	1	0	3	1	1	3	1	3	4	4	8	10	8	1	3	1	0	1	0	3	1	1	0	2	1	0	2	1	0	0	2	2	0	1	1	0	0	0	0	0	0	2	2	2	0	0	0	0	1	2	1	0	0	0	2	1	0	0	0	0	1	1	2	0	1	2	2	3	0	0	2	0	0	0	0	0	0	1	0	1	0	1	2	0	0	0	0	1	1	0	0	0	0	0	1	1	0	2	1	0	2	0	0	0	0	1	1	0	0	3	3	1	2	2	0	0	0	1	0	0	1	2	0	1	3	2	2	4	5	7	5	8	20	1	2	2	2	3	1	3	1	2	2	3	0	1	1	0	4	2	1	0	1	0	1	0	2	1	4	0	1	1	1	0	0	0	1	1	0
0	0	0	0	0	0	0	1	1	0	0	0	0	1	0	0	1	1	0	0	1	0	0	1	1	0	0	0	0	3	1	0	0	0	0	2	1	1	1	0	0	1	2	5	4	0	1	1	1	0	0	0	0	1	1	0	2	0	1	2	1	1	2	0	0	0	0	1	2	0	0	2	0	0	0	0	0	0	2	1	1	1	3	0	0	1	1	3	2	1	2	0	0	1	0	3	3	2	0	0	3	0	1	1	3	0	3	0	1	1	0	2	0	2	2	2	0	0	0	0	0	0	0	0	0	0	0	0	0	0	1	0	1	0	1	0	1	0	1	1	2	2	2	0	0	2	3	14	105	0	42	10	11	3	2	2	2	1	2	0	2	4	5	1	0	1	0	1	0	1	0	0	0	1	1	2	0	0	0	0	0	0	1	0	0	2	0	1	7	6	1	2	0	0	2	0	3	0	1	3	3	2	1	0	3	0	4	1	4	4	6	6	5	4	4	8	3	1	3	6	2	4	2	3	5	2	3	3	1	0	0	1	1	0	1	2	2	1	0	0	0	1	2	1	2	2	1	2	1	3	2	0	1	2	2	1	1	1	0	0	1	1	2	3	1	0	0	2	0	1	0	0	0	2	1	0	0	2	0	0	0	1	0	0	0	0	0	0	1	0	0	0	1	0	1	4	0	0	0	1	0	2	1	2	0	1	1	0	0	1	1	0	1	0	2	3	0	0	2	2	2	1	1	2	2	2	0	4	1	6	4	6	6	2	2	1	0	0	1	0	0	0	0	0	0	0	0	1	1	1	0	0	0	0	0	0	0	0	1	0	1	1	0	0	0	1	4	1	1	2	0	1	1	0	2	1	1	0	3	0	1	1	2	0	0	0	0	1	0	0	4	2	0	2	1	0	0	0	0	1	0	1	2	1	0	0	2	0	1	1	0	0	0	1	0	0	0	1	1	0	1	1	1	0	0	1	0	0	0	0	0	0	0	0	0	0	0	0	0	0	1	2	0	2	1	3	1	1	0	2	5	20	22	5	2	4	5	0	4	0	1	3	2	2	4	1	1	0	1	0	1	0	0	1	3	0	6	4	6	4	2	1	1	0	0	4	2	0	2
0	0	0	0	0	0	0	1	1	0	0	2	0	0	0	0	1	1	0	2	0	0	0	1	1	0	0	0	0	2	0	0	1	0	1	0	1	0	0	2	0	0	2	2	1	0	1	0	0	0	1	0	0	0	0	0	1	1	1	4	0	0	2	0	0	1	0	1	1	0	0	0	0	0	0	0	0	0	0	0	1	1	0	2	0	1	2	2	1	2	0	0	1	1	1	2	1	1	1	2	3	3	0	0	1	1	1	1	1	0	0	2	0	1	0	0	0	0	0	1	0	0	0	0	0	1	2	0	0	0	2	0	1	0	0	0	0	0	0	1	2	0	1	2	0	0	4	3	20	42	0	52	10	4	8	7	3	5	5	2	4	5	3	1	0	0	1	0	1	1	0	0	2	0	1	0	1	0	1	1	2	0	0	0	0	0	3	3	1	5	5	3	0	1	6	0	1	0	1	1	4	4	5	0	2	5	2	3	10	6	3	3	3	3	5	2	4	6	3	8	10	1	3	2	4	0	1	2	1	2	1	2	1	1	1	0	0	1	1	1	0	1	1	1	3	1	2	1	2	1	3	2	4	2	1	2	0	0	0	3	1	1	2	2	1	2	1	0	1	0	0	0	0	2	0	0	0	0	0	0	0	0	0	0	1	0	0	1	0	0	0	0	0	0	0	0	1	0	2	2	0	1	0	0	1	1	1	0	0	0	0	0	0	1	1	2	0	0	2	0	2	3	6	2	4	1	3	7	12	16	7	14	11	6	2	3	2	2	0	0	2	1	2	0	0	1	0	0	0	1	0	0	1	0	0	1	1	0	1	0	0	1	0	0	0	1	0	1	1	1	1	0	0	0	0	1	1	1	4	1	0	2	1	0	3	1	1	0	1	1	2	1	0	0	1	0	0	0	0	0	0	1	0	0	0	0	1	0	2	1	1	0	1	1	1	0	1	1	1	3	1	0	1	0	1	1	2	0	0	1	1	1	2	0	1	0	1	1	0	2	1	2	0	1	1	0	0	0	1	4	3	7	11	10	2	1	3	3	0	2	1	6	3	0	0	1	1	2	1	0	0	0	0	1	1	2	4	6	1	1	1	2	0	0	1	2	1	0	0
0	0	0	0	0	0	0	0	0	0	0	0	0	1	2	2	0	0	1	1	0	0	0	2	0	1	1	1	0	0	0	1	1	1	0	1	1	1	1	2	2	1	1	2	2	1	1	0	1	0	0	0	1	0	0	0	0	0	0	1	0	0	0	0	0	0	1	0	0	0	1	1	1	0	1	2	0	0	0	0	1	2	2	1	1	1	0	1	4	1	2	1	7	0	3	1	3	1	0	2	2	2	0	1	0	3	1	0	1	1	0	1	0	0	1	0	0	0	0	1	0	0	0	0	0	0	1	0	1	0	1	1	0	0	1	2	1	1	0	0	3	2	2	1	1	0	2	7	10	10	52	0	56	10	11	5	2	5	7	3	7	3	0	3	0	1	3	0	1	0	0	0	1	1	1	0	0	1	1	0	0	1	0	2	1	0	3	3	3	6	5	2	4	2	1	2	4	3	5	2	4	6	4	2	6	1	1	6	8	6	4	3	5	7	5	3	7	4	6	14	20	6	8	11	5	0	4	0	3	0	2	2	1	1	0	0	4	1	2	1	1	1	2	0	4	0	4	5	0	0	0	2	2	3	0	1	1	1	1	0	0	1	2	1	2	6	0	1	0	1	0	0	0	1	1	0	0	0	1	0	0	1	0	0	1	0	0	0	0	0	0	0	1	0	0	0	1	1	2	2	0	1	0	0	2	0	1	1	0	0	1	0	0	1	0	0	0	0	0	1	1	2	3	3	9	10	6	16	18	17	16	17	8	5	2	3	2	2	2	2	1	1	1	3	0	0	3	1	1	1	0	0	1	0	0	1	2	0	1	0	0	0	1	0	0	1	1	0	0	0	1	0	1	0	0	1	0	2	4	0	1	2	1	0	1	0	0	1	1	0	0	1	0	0	0	0	1	1	2	1	0	0	0	0	2	0	2	3	0	0	0	0	0	0	0	2	0	0	2	2	1	2	0	0	0	1	1	0	1	2	0	1	1	0	2	0	0	4	0	2	0	1	1	1	1	1	1	0	3	3	0	7	11	7	0	2	2	2	3	0	3	3	0	2	2	1	0	2	1	1	0	1	0	0	0	2	2	0	1	0	0	1	0	1	2	1	0	2	1
0	0	0	0	0	0	0	1	1	0	0	1	1	0	0	0	1	2	1	1	0	1	1	0	0	1	0	0	1	0	0	1	1	1	0	1	1	0	1	1	0	1	0	0	0	1	0	0	0	0	0	0	0	0	0	1	1	2	0	1	0	0	0	0	2	1	1	0	1	0	0	0	0	0	1	0	0	1	1	1	0	1	0	2	0	1	0	2	3	2	0	2	2	1	0	2	3	0	2	2	2	2	0	1	0	3	3	0	0	0	1	1	1	1	0	0	0	0	2	0	0	0	0	1	1	0	1	0	0	0	3	1	0	0	1	0	1	0	0	0	0	0	1	0	1	0	1	4	7	11	10	56	0	35	29	15	1	18	7	6	9	6	5	0	1	2	0	0	1	0	0	0	0	1	1	2	0	1	1	1	1	3	0	0	1	1	2	3	6	2	1	1	2	0	2	2	1	5	1	6	8	17	7	3	5	2	5	15	29	13	3	10	8	5	6	8	2	2	5	5	30	4	13	10	5	2	1	1	2	1	2	5	3	2	2	2	2	2	0	2	2	0	2	1	3	2	2	2	4	2	2	6	9	5	3	5	0	1	1	1	2	1	1	1	4	0	2	0	1	0	1	0	0	0	1	0	0	0	1	0	1	0	0	0	0	0	1	0	0	1	0	0	1	0	0	0	1	0	0	0	1	0	4	0	1	4	1	0	0	0	1	3	1	0	1	1	2	1	1	3	0	3	4	5	11	8	14	31	23	10	13	9	4	5	0	1	3	2	1	2	1	0	0	0	0	0	1	1	0	0	1	1	0	0	0	0	0	0	1	0	0	1	0	1	0	0	0	2	0	0	1	0	1	0	0	1	1	0	0	0	0	1	3	2	1	1	1	0	0	1	0	0	0	0	0	1	0	0	0	1	0	0	0	0	0	1	0	1	2	1	0	1	0	2	2	0	1	3	2	2	0	0	1	0	0	0	1	0	0	0	2	0	1	0	0	0	0	1	0	2	1	0	1	1	0	2	0	1	1	1	4	1	2	6	3	2	2	1	1	1	1	3	1	0	0	0	1	0	1	2	0	1	1	1	0	1	4	1	1	3	0	0	1	0	1	0	1	0	0
0	0	0	0	0	0	0	0	0	1	1	0	1	0	0	0	2	0	0	2	0	0	0	0	1	1	2	0	2	0	0	0	0	0	0	1	0	2	0	2	0	3	1	1	0	2	3	0	0	1	1	0	1	0	0	1	1	0	0	0	1	0	0	0	1	0	0	1	0	0	0	0	2	0	0	2	0	1	1	0	1	0	0	0	1	1	1	1	1	0	2	1	1	0	1	0	1	0	1	3	2	0	1	1	2	1	1	1	0	2	2	1	0	2	0	0	1	2	0	0	0	0	2	0	0	0	0	0	0	0	0	0	0	0	0	2	1	0	1	1	1	1	0	1	1	1	0	1	3	3	4	10	35	0	188	35	16	22	7	4	8	5	2	4	2	2	0	1	0	1	1	2	0	3	0	0	0	1	1	0	0	4	2	0	1	0	0	1	6	2	2	1	2	3	0	2	2	2	0	7	6	12	10	4	1	3	2	4	9	3	5	5	2	2	1	2	1	2	3	4	9	1	9	6	4	2	4	1	4	1	1	0	2	2	0	0	0	0	2	2	3	2	0	2	3	4	4	3	6	4	4	9	6	5	0	1	3	0	4	0	4	3	3	3	2	2	1	0	0	0	0	1	0	0	0	2	0	0	0	1	0	0	0	0	0	0	0	0	0	0	1	1	1	0	0	0	1	0	0	0	1	0	1	1	1	0	0	1	0	0	0	0	1	1	2	0	0	2	1	1	3	3	3	6	5	7	13	34	15	4	8	4	2	1	3	2	0	1	1	1	0	1	0	1	0	0	0	0	1	2	0	0	1	0	0	1	0	0	1	1	0	1	1	1	0	1	1	1	1	0	1	1	0	0	0	1	0	0	0	2	1	0	0	0	0	0	0	2	0	1	1	0	1	0	0	3	0	0	0	0	0	0	0	0	0	0	0	2	1	1	0	0	1	1	3	2	2	0	1	0	1	0	0	0	1	0	0	0	0	0	0	1	0	0	0	0	0	0	1	0	0	0	0	0	0	0	1	0	2	1	0	2	2	1	0	0	0	1	1	1	1	3	2	0	0	0	1	0	0	0	0	0	1	0	1	1	4	0	0	0	3	1	0	0	0	0	0	0	1
0	0	0	0	0	0	0	1	1	0	1	0	1	0	1	1	0	1	1	0	0	0	1	0	0	0	0	0	0	0	0	1	0	0	1	1	1	0	2	0	0	1	0	0	0	2	1	0	1	1	0	1	0	0	0	0	2	1	1	0	0	1	1	0	1	0	0	0	2	0	0	0	0	0	2	2	1	0	0	0	1	0	0	0	1	2	2	0	1	0	2	3	1	1	2	1	0	0	2	0	1	0	1	0	0	1	3	1	0	2	1	0	2	3	0	3	0	1	0	0	0	1	0	0	1	0	0	0	1	0	0	1	1	0	1	0	0	0	0	0	2	0	1	0	1	3	0	4	0	2	8	11	29	188	0	59	17	12	11	6	9	4	2	0	0	0	1	1	1	0	0	2	1	1	0	0	0	0	1	2	0	1	0	0	2	2	1	3	3	2	4	0	1	3	4	1	2	3	4	2	13	15	17	5	4	4	6	13	11	5	2	4	5	3	0	1	1	1	3	5	14	1	6	9	1	3	3	2	4	0	1	1	1	2	0	5	0	1	1	0	1	2	1	1	2	3	9	6	8	5	13	17	11	1	5	2	0	3	1	3	6	3	0	5	3	2	0	2	1	0	0	0	0	2	0	0	0	1	0	0	0	0	0	0	0	1	1	0	1	0	1	0	1	2	0	0	0	0	0	0	2	2	1	1	1	1	0	0	1	0	1	1	1	1	4	0	3	1	1	1	1	2	2	5	7	12	17	24	6	4	7	4	7	5	2	0	0	0	0	0	1	0	1	0	0	0	0	0	1	0	1	0	1	0	0	1	0	1	0	0	1	0	1	0	1	1	0	3	0	0	1	0	0	0	0	1	0	0	0	0	1	2	3	0	0	1	1	1	0	0	1	1	0	0	1	0	1	0	1	1	3	1	1	0	0	1	0	0	0	0	0	0	1	0	1	4	1	1	1	1	0	0	0	0	0	0	0	0	0	0	0	0	0	0	0	0	0	2	1	0	0	1	0	0	0	0	0	0	2	0	2	2	1	0	0	1	1	1	3	1	2	0	1	1	0	1	0	0	1	0	1	1	0	1	0	2	2	0	0	1	1	1	0	0	1	2	0	1	0
0	0	0	0	0	0	0	0	0	0	0	1	1	0	0	0	0	0	0	0	0	0	0	0	0	0	0	0	1	0	1	0	1	0	1	1	1	0	0	1	1	3	0	1	0	0	0	1	0	0	0	0	0	2	0	0	2	1	0	0	1	2	0	1	0	2	0	1	0	0	0	0	0	2	0	1	0	1	0	2	0	0	0	2	0	0	0	0	1	1	0	0	1	1	1	0	2	0	1	1	0	0	1	0	1	0	0	0	1	0	0	0	2	0	0	1	0	0	0	0	0	1	0	0	0	0	3	0	0	0	1	1	0	0	1	0	0	0	1	2	0	1	0	1	3	0	1	0	2	2	7	5	15	35	59	0	77	29	16	17	22	16	0	3	0	1	1	1	2	0	1	1	1	0	0	0	1	3	0	1	0	1	0	1	2	1	1	1	0	2	2	2	2	1	2	4	3	3	3	1	6	8	3	4	1	0	3	7	7	4	1	3	3	4	1	0	0	1	1	5	6	5	3	5	2	4	3	7	3	0	0	4	0	0	3	3	0	2	0	0	2	0	0	3	1	4	5	2	7	9	7	15	22	7	5	3	2	2	0	2	4	4	7	3	4	2	1	0	2	0	0	1	0	0	1	2	0	0	0	0	0	0	1	1	0	0	0	0	1	0	1	1	1	0	0	0	1	0	1	1	1	0	0	0	0	0	0	1	2	1	0	0	0	0	0	3	0	0	0	4	1	4	2	5	6	9	11	16	9	2	0	1	2	3	2	2	1	2	3	0	0	0	0	0	0	0	0	0	0	2	0	2	1	1	0	0	1	1	0	0	0	1	0	1	0	0	1	0	0	2	0	0	0	0	0	0	0	0	1	1	0	0	2	0	0	0	1	1	0	1	0	0	1	1	0	2	0	0	0	0	0	0	1	0	0	0	0	0	0	0	1	1	0	0	0	0	0	1	2	0	0	0	0	0	1	1	0	0	0	0	1	0	1	1	0	0	1	0	0	1	0	0	0	3	1	3	0	0	1	0	1	2	1	1	1	1	0	2	2	3	1	3	1	0	2	0	0	0	0	0	0	2	0	0	1	1	1	3	1	0	2	1	1	2	0	0	0	0	0
0	0	0	0	0	0	0	0	0	0	1	0	1	0	1	0	0	1	0	0	0	1	1	0	0	1	0	0	0	1	0	0	0	0	0	0	0	0	0	1	0	0	0	1	0	0	1	0	0	0	0	0	0	0	0	0	1	0	0	0	0	0	0	1	0	1	0	1	0	1	1	0	0	0	0	1	0	0	0	1	0	1	1	0	0	0	0	0	0	2	0	1	2	0	1	3	2	2	0	0	1	0	0	2	1	0	0	2	0	1	0	0	2	1	1	1	0	0	0	0	0	0	0	1	0	0	0	0	0	0	0	0	0	0	0	0	1	1	1	0	1	0	0	0	1	0	0	2	0	2	3	2	1	16	17	77	0	22	22	16	11	29	3	5	2	0	1	3	1	1	2	1	0	1	1	3	0	1	2	1	0	1	1	2	1	1	1	2	2	1	0	0	2	0	3	3	0	0	0	3	4	6	1	1	2	2	2	1	4	5	1	2	3	2	2	1	0	0	0	0	5	0	3	4	3	2	1	2	2	1	2	2	0	2	1	0	2	1	1	0	1	0	0	1	3	1	5	4	6	2	4	14	11	9	4	4	4	4	4	2	0	4	6	6	3	3	1	1	0	0	0	0	0	0	2	0	0	0	0	0	0	0	0	0	1	0	0	0	0	0	0	1	0	1	0	0	0	2	2	0	2	2	0	0	0	2	1	0	1	1	0	0	0	0	0	2	0	0	1	3	2	2	1	6	7	6	11	9	4	3	5	4	2	2	1	2	2	1	1	0	1	1	0	0	0	0	1	0	1	1	0	0	0	1	0	0	0	0	0	0	0	2	1	0	0	0	0	0	0	0	0	0	0	0	0	1	1	0	0	0	0	0	0	1	0	0	0	4	0	0	0	1	0	2	0	0	1	0	2	2	0	0	0	0	0	1	0	0	0	0	0	2	2	1	2	1	0	1	0	2	3	0	0	2	0	0	0	0	0	0	0	0	1	0	0	0	0	0	1	0	0	0	1	1	1	0	1	0	1	1	1	0	2	2	1	1	0	2	3	0	1	0	0	0	1	0	0	0	0	1	1	1	1	1	1	2	3	0	1	1	0	0	1	0	0	0	0	0	2
0	0	0	0	0	0	0	0	0	0	0	1	1	0	1	0	0	0	1	1	1	0	1	0	0	0	1	0	0	2	0	0	0	0	1	0	0	1	0	1	0	1	0	0	2	0	0	1	1	0	0	0	1	0	1	0	0	1	0	0	0	2	0	0	2	0	0	1	1	0	0	2	0	0	0	0	0	0	0	0	0	1	0	1	0	1	0	1	1	0	1	0	1	0	0	0	0	0	1	1	0	0	0	0	0	1	2	0	1	1	0	0	1	0	0	0	0	1	0	0	0	1	0	0	0	0	0	0	0	0	1	0	1	0	0	0	1	1	0	0	0	0	1	1	1	0	2	1	3	1	5	5	18	22	12	29	22	0	39	24	15	15	2	4	0	1	0	1	1	0	0	1	0	1	0	0	1	0	1	1	1	2	0	3	0	1	4	5	1	2	1	4	2	0	0	1	3	3	2	0	3	7	1	3	2	2	3	7	5	4	2	1	2	2	3	1	1	2	1	5	8	2	1	3	4	1	3	3	4	1	1	0	1	1	1	1	0	1	3	1	0	0	5	1	4	3	2	2	5	3	5	6	7	2	3	1	1	2	0	1	4	2	4	5	7	3	1	0	1	0	2	0	0	1	2	0	0	0	0	0	0	0	0	0	0	0	1	0	0	1	0	0	0	0	0	1	0	1	2	1	1	0	1	1	2	0	1	2	0	1	2	2	2	0	3	1	1	0	2	5	2	3	1	4	5	7	16	40	12	2	9	4	3	3	3	3	6	3	1	0	0	0	1	0	1	0	0	1	1	0	0	0	0	0	1	1	1	0	1	0	1	0	1	0	1	0	0	0	0	0	1	0	1	0	0	0	0	1	3	1	1	1	2	1	0	0	0	1	1	0	0	2	0	0	0	0	1	0	0	0	0	0	0	0	0	1	1	0	0	0	0	1	0	1	1	2	1	2	0	0	2	0	0	0	0	0	1	2	0	0	1	1	1	0	0	0	1	0	0	0	0	1	0	0	1	2	0	0	1	0	3	1	3	6	1	0	2	4	4	1	0	3	3	0	2	0	0	0	0	0	1	1	0	2	2	3	1	1	1	3	2	1	0	0	1	0	0	0	1
0	0	0	0	0	0	0	0	0	1	0	1	0	1	1	0	0	0	0	1	0	0	0	0	1	0	0	1	0	2	0	0	1	0	0	0	0	0	0	0	1	0	0	0	0	0	1	0	0	0	0	0	0	0	1	0	0	1	0	0	1	0	0	0	0	0	0	0	1	0	0	0	0	1	0	0	0	0	0	0	0	0	0	0	0	0	0	0	0	0	1	0	0	2	1	1	0	0	2	0	0	0	0	1	1	0	0	1	0	0	0	0	0	0	0	0	1	0	0	0	0	0	1	0	0	0	0	0	0	1	0	0	0	0	0	1	1	0	1	2	0	0	0	1	1	0	1	1	1	2	5	7	7	7	11	16	22	39	0	46	13	19	9	9	1	1	0	1	2	0	1	2	2	2	1	2	0	0	1	1	2	2	3	1	0	1	5	4	0	4	0	0	0	0	0	1	0	2	3	5	5	5	4	2	2	3	0	3	2	2	1	3	0	1	2	0	2	0	1	1	4	2	2	3	2	3	1	6	1	1	0	2	0	0	0	2	0	0	1	0	0	2	0	2	3	0	2	3	0	5	3	5	3	3	3	2	2	1	2	2	3	2	1	10	9	2	1	0	0	3	2	0	0	1	0	0	1	0	1	0	0	0	0	0	0	0	0	0	0	0	0	0	0	2	0	2	1	1	0	0	1	0	3	0	0	1	1	0	0	2	1	1	0	0	2	0	1	2	5	5	5	4	4	4	2	1	8	24	5	3	6	3	0	4	0	1	2	1	1	1	2	0	1	2	0	0	2	0	1	0	2	0	0	0	0	1	1	0	0	1	0	0	0	0	0	0	1	2	0	3	0	0	1	0	0	0	1	0	0	0	0	2	0	1	2	2	0	0	1	0	0	2	1	0	0	0	0	2	0	0	1	0	4	2	0	0	1	1	0	1	0	2	2	1	0	1	0	1	1	0	1	0	1	1	0	2	0	0	1	3	1	0	0	1	0	0	1	0	2	1	0	0	1	0	0	0	0	2	0	0	2	1	1	1	0	1	3	4	1	0	1	0	1	1	2	0	0	2	2	0	0	0	2	2	1	1	4	3	0	1	1	0	2	0	0	0	0	0	0
0	0	0	0	0	0	0	0	0	0	0	0	1	0	0	0	0	0	0	0	0	0	1	0	0	0	0	0	0	0	0	1	0	1	0	0	0	0	0	1	0	1	0	0	0	0	0	0	0	0	0	0	0	0	1	1	1	0	0	0	1	0	0	0	0	0	0	0	0	0	2	2	0	0	0	0	0	0	0	1	1	0	0	1	0	0	1	1	2	1	0	0	1	1	2	0	2	0	0	1	0	0	0	0	0	0	0	2	0	1	0	0	1	0	0	0	0	1	0	1	1	1	0	0	0	0	2	0	0	0	0	0	0	0	0	0	1	0	2	1	1	0	0	1	0	1	1	2	1	0	2	3	6	4	6	17	16	24	46	0	76	43	25	9	2	1	0	0	0	0	2	3	1	1	0	0	1	1	0	1	0	1	3	1	0	3	3	4	4	4	2	1	0	0	0	2	2	3	1	2	1	6	3	2	3	4	1	5	0	1	1	1	2	4	1	4	4	1	1	3	2	1	3	6	5	2	1	1	3	0	0	0	2	0	0	1	0	1	1	0	0	2	2	1	2	2	2	4	5	2	4	4	8	1	2	3	2	1	6	7	6	12	7	11	10	7	4	1	0	0	0	1	1	0	1	0	1	1	2	0	0	3	1	1	0	1	1	0	1	1	0	1	2	0	1	0	1	0	0	0	3	3	1	2	2	1	0	0	1	1	2	1	1	0	5	1	0	4	4	5	6	12	12	5	7	6	17	16	19	11	6	5	5	2	4	0	5	0	1	1	1	0	0	0	0	2	2	0	1	0	1	0	0	1	1	0	2	0	0	0	1	0	1	0	0	0	0	1	2	1	0	0	1	0	0	0	3	0	0	0	0	3	2	1	0	0	0	0	0	1	0	0	2	4	0	1	0	0	0	1	0	0	0	1	0	0	2	1	0	0	0	0	0	1	2	1	0	2	1	0	2	0	2	0	0	0	0	4	3	1	0	1	0	0	0	0	1	1	0	0	0	1	0	1	0	0	0	0	0	2	3	3	1	4	2	3	2	3	1	5	1	2	0	2	0	0	1	2	0	1	1	1	1	0	1	1	1	2	3	1	1	0	0	2	1	1	0	0	1
0	0	0	0	0	0	0	0	1	0	0	1	0	0	0	0	0	0	0	2	3	0	0	0	0	0	0	0	0	0	0	0	1	0	0	0	1	0	1	0	0	0	0	0	0	2	0	0	0	0	0	0	2	2	0	0	1	0	0	1	1	0	1	0	0	0	0	0	1	0	2	0	0	0	0	0	1	1	1	0	1	0	2	0	0	1	1	1	0	0	1	1	0	2	1	0	0	1	0	0	0	0	2	1	1	0	0	0	0	0	0	0	0	1	1	1	0	0	0	1	0	0	0	1	0	0	1	0	0	1	0	2	0	0	2	0	2	0	0	0	0	0	1	0	2	2	2	1	1	2	4	7	9	8	9	22	11	15	13	76	0	48	15	6	1	3	0	0	0	0	3	1	0	2	0	2	0	1	1	1	3	2	1	4	1	0	4	5	2	2	2	1	0	2	3	1	2	1	4	3	8	5	3	2	0	0	1	0	1	0	3	3	1	1	1	1	0	0	4	1	1	2	9	6	4	5	2	4	2	1	2	2	1	1	0	1	5	2	1	1	0	1	2	2	0	0	5	5	3	2	5	7	16	15	5	8	4	5	2	3	7	5	6	14	13	3	0	0	1	1	0	1	2	0	1	1	1	0	0	1	0	0	1	1	0	0	0	0	0	0	0	0	0	0	2	1	3	1	1	1	1	0	1	2	0	3	0	0	1	1	0	0	0	1	0	3	2	0	1	5	5	8	8	11	25	19	42	27	22	9	13	3	4	4	3	1	0	1	1	1	2	0	1	3	0	0	0	0	1	1	0	0	0	1	0	0	0	0	1	0	1	0	0	1	0	0	2	1	0	0	2	0	0	1	0	1	1	1	1	1	2	3	1	2	1	1	0	1	1	1	0	0	0	1	0	0	0	0	0	0	1	1	0	0	0	0	0	0	0	0	1	0	1	1	0	3	3	1	0	1	0	0	1	0	1	2	1	0	0	2	0	1	2	1	1	0	1	0	0	0	1	1	0	1	0	0	1	0	1	1	1	0	4	1	0	2	3	4	3	2	1	2	2	3	0	0	1	0	0	1	1	0	0	0	2	0	1	1	2	2	0	2	0	1	1	2	0	0	1
0	0	0	0	0	0	0	0	0	1	1	0	0	0	0	0	0	0	1	0	2	0	0	1	1	0	0	0	1	1	0	0	0	0	0	0	0	0	0	1	1	1	0	0	2	2	0	0	0	1	0	0	0	1	0	0	0	0	0	0	0	0	1	1	0	0	0	0	0	0	1	0	0	0	1	1	0	1	0	0	0	0	0	1	1	0	1	1	2	1	1	1	1	0	2	2	0	0	1	2	0	1	0	0	0	0	1	1	1	0	0	0	0	0	1	2	0	0	0	1	1	1	0	1	1	0	1	1	0	0	1	2	0	0	0	0	0	0	1	0	0	1	0	2	0	0	0	1	0	4	5	3	6	5	4	16	29	15	19	43	48	0	13	13	2	1	0	1	1	0	1	2	1	1	2	0	3	2	2	0	2	1	4	2	2	1	4	4	3	0	0	0	1	4	1	1	0	0	2	7	7	7	2	1	1	2	3	6	2	0	4	1	4	5	0	0	0	1	1	1	3	1	10	1	3	1	3	2	1	2	0	0	3	0	2	0	0	2	0	0	2	1	2	2	2	4	4	0	0	4	2	12	16	14	9	7	3	2	3	6	13	17	16	13	10	4	0	0	0	0	0	2	0	0	1	0	0	0	0	1	1	0	0	0	1	0	1	0	1	0	1	0	0	0	2	0	0	2	1	2	2	0	1	1	1	1	0	1	0	2	0	3	1	0	2	1	0	0	2	6	7	6	9	6	6	5	10	13	7	5	0	6	1	1	1	0	1	0	1	2	0	0	0	1	3	1	1	0	1	0	0	1	1	1	0	0	0	0	2	0	0	0	2	0	0	1	0	0	1	0	0	1	0	0	0	0	0	0	0	0	0	1	0	2	2	0	0	0	0	1	0	1	0	0	1	1	0	0	0	1	0	0	0	0	0	0	0	0	0	0	0	0	1	3	0	3	1	1	0	1	0	0	0	2	1	0	1	0	0	1	0	1	2	0	0	1	0	0	0	0	0	0	0	1	1	1	0	2	1	0	0	3	0	1	0	2	4	1	1	2	0	1	0	0	0	0	2	0	0	1	0	0	1	1	0	0	0	1	0	0	3	1	0	0	0	1	0	0	0
0	0	0	0	0	0	0	0	0	0	0	1	0	0	1	0	0	0	0	0	1	1	0	1	0	0	2	2	0	0	0	0	0	0	0	0	1	0	0	1	0	0	1	2	0	2	0	0	0	0	1	0	0	0	0	2	1	0	0	1	0	0	0	0	0	0	0	0	0	1	0	0	0	0	0	0	0	0	3	0	1	0	0	0	2	0	3	2	2	4	0	1	2	0	0	1	1	0	0	2	0	0	1	0	1	0	0	1	0	1	1	0	1	0	0	0	1	0	0	0	0	0	0	0	0	0	0	0	2	1	0	0	0	0	0	0	0	0	0	0	1	0	2	1	0	2	0	2	4	5	3	0	5	2	2	0	3	2	9	25	15	13	0	37	4	0	4	1	0	1	1	0	1	2	1	2	3	4	1	1	2	2	2	3	6	4	8	8	1	2	2	0	0	0	0	0	0	3	1	0	2	4	1	3	0	1	2	0	0	0	1	1	2	1	0	1	0	1	0	1	7	1	4	1	0	1	1	1	1	3	2	1	1	0	2	0	0	1	1	1	0	0	0	2	4	3	5	3	2	0	4	1	6	3	3	4	2	2	5	4	11	8	9	25	22	13	6	2	0	3	1	3	0	2	0	0	1	0	0	1	1	1	0	0	0	0	0	1	0	0	0	2	0	0	0	1	2	1	2	4	0	1	0	0	3	0	1	0	2	0	1	0	1	2	0	1	1	2	4	22	21	36	58	9	6	3	3	4	14	4	6	1	0	5	4	3	4	1	0	1	0	2	0	0	2	3	0	2	1	1	0	0	0	1	1	1	0	0	1	0	2	0	0	1	0	0	0	0	0	1	0	0	0	1	0	1	0	0	1	0	1	0	0	1	3	1	3	1	0	0	0	1	0	1	1	2	1	0	2	1	0	1	2	1	0	1	0	0	1	0	1	1	2	4	1	3	1	2	2	1	3	1	0	2	0	1	1	2	0	1	0	1	1	1	1	2	0	1	0	0	0	1	2	0	0	2	2	1	0	1	2	2	4	2	3	1	2	2	2	3	2	4	1	0	1	0	2	2	1	0	1	1	1	2	3	3	0	0	5	1	0	0	2	0	0	0	0	1	1
0	0	0	0	0	0	0	0	0	0	1	1	1	0	2	0	0	0	0	2	0	1	1	1	0	0	0	0	0	0	2	0	0	1	0	0	0	0	0	0	0	0	1	0	1	2	0	0	0	1	0	1	1	0	0	0	0	0	0	3	0	0	0	0	0	1	1	0	0	0	1	1	0	0	1	0	0	1	1	0	0	0	0	0	0	0	0	1	0	0	1	0	0	1	1	0	0	0	0	0	0	0	0	0	0	0	0	0	0	0	0	0	0	0	0	1	0	0	0	0	0	0	0	0	0	0	0	1	0	1	0	0	0	0	0	1	0	0	0	0	0	0	0	2	0	1	0	0	0	1	1	3	0	4	0	3	5	4	9	9	6	13	37	0	9	3	2	0	1	1	2	4	3	2	0	2	2	1	0	5	4	5	5	4	2	6	13	5	4	1	2	0	1	0	0	2	1	1	1	0	0	0	1	0	1	1	0	2	3	2	0	0	0	0	1	0	1	0	0	1	2	0	2	1	4	3	1	5	3	0	1	3	0	0	0	0	0	2	0	0	0	1	0	1	0	2	2	1	0	1	0	2	0	1	2	4	1	1	2	4	1	5	8	4	7	17	4	2	2	0	1	1	0	1	1	2	2	0	1	1	0	1	0	0	4	0	1	0	1	1	1	1	0	3	0	2	1	2	1	2	4	2	2	4	2	3	1	0	1	2	0	2	4	2	2	4	4	0	12	52	173	29	41	5	3	5	6	6	5	8	4	4	2	3	2	1	3	0	2	1	0	0	0	0	1	1	3	0	1	1	0	0	1	2	1	0	2	0	0	0	1	1	1	1	1	0	2	0	0	0	1	0	1	2	1	1	2	1	2	1	0	1	4	2	0	2	0	3	1	1	1	0	1	1	1	0	2	2	2	2	1	1	1	1	3	0	0	0	0	1	0	2	0	5	1	0	1	5	2	1	4	3	1	0	0	1	0	5	3	2	0	0	0	1	3	0	1	0	0	1	2	1	1	1	0	0	2	0	2	1	1	0	1	4	1	4	6	5	3	5	2	2	4	5	1	0	0	0	0	0	1	2	1	3	3	0	1	0	0	0	1	1	2	3	0	0	1	0	1
0	0	0	0	0	0	0	0	0	0	0	0	0	0	0	0	0	0	0	0	0	0	0	0	0	0	0	1	0	0	0	0	0	0	0	0	0	0	0	0	0	1	1	0	1	0	1	0	0	1	0	0	0	0	0	0	1	1	1	0	0	1	0	0	1	1	0	1	0	0	0	1	0	0	0	0	1	1	1	2	0	0	0	0	1	0	0	1	0	0	0	0	0	1	1	2	2	0	0	0	0	0	1	0	1	1	0	0	0	0	0	0	1	0	0	0	0	0	0	0	0	0	0	0	0	0	0	0	0	0	0	0	0	1	0	0	0	1	0	0	0	0	0	0	1	1	0	2	1	0	0	0	1	2	0	0	2	0	1	2	1	2	4	9	0	82	32	12	14	21	14	14	15	10	6	8	10	11	4	8	5	14	21	5	1	6	7	1	0	0	0	0	1	0	0	1	0	1	0	0	0	0	0	0	1	0	0	1	0	1	1	0	1	0	0	1	0	1	0	1	2	0	0	1	1	0	0	1	1	1	2	0	0	1	0	0	0	0	0	0	1	2	0	0	1	0	1	1	0	0	0	2	1	0	1	1	0	0	2	1	3	2	0	2	5	8	20	3	7	0	2	2	0	1	2	6	5	6	2	1	0	0	2	0	3	0	0	0	1	0	1	0	0	1	4	3	1	1	4	0	4	7	2	4	4	6	3	3	2	2	1	2	4	5	7	6	13	3	6	5	5	5	4	1	3	2	1	2	0	1	2	1	0	1	2	1	1	0	0	2	0	0	0	0	0	0	2	2	1	0	1	0	1	0	0	0	0	2	0	2	1	2	2	0	1	0	1	0	1	2	0	0	1	1	0	0	0	0	2	1	3	6	3	4	1	2	0	1	2	0	0	0	1	1	0	1	0	0	1	0	0	0	1	1	1	3	1	1	2	1	0	1	1	4	4	1	1	5	1	4	0	0	1	2	2	2	7	3	2	1	1	2	1	1	1	0	0	0	1	0	1	0	0	1	0	0	1	0	0	1	0	0	1	1	2	3	2	2	2	0	4	1	4	1	0	1	2	2	0	1	2	3	2	1	1	2	0	1	1	5	0	2	0	2	0	0	0	1	0
0	0	0	0	0	0	0	1	0	0	0	1	0	0	0	0	1	0	0	0	0	0	0	0	1	0	0	0	1	0	0	0	0	0	0	0	2	0	0	0	0	0	1	0	0	0	0	0	0	0	0	0	0	0	0	0	0	0	0	1	0	0	0	0	0	1	0	0	0	0	0	0	0	0	0	0	0	0	0	0	0	0	0	0	0	0	1	0	1	0	0	0	1	2	1	0	2	0	0	0	0	1	0	0	0	1	1	0	1	0	0	0	0	0	0	0	1	0	0	0	0	0	0	0	0	0	0	0	1	0	1	0	0	1	0	1	0	0	0	0	0	0	0	0	0	0	1	1	1	1	0	1	2	2	0	1	0	1	1	1	3	1	0	3	82	0	33	29	18	32	16	11	13	4	3	7	6	11	5	6	4	7	12	3	2	4	8	2	0	0	0	1	0	0	0	1	0	0	0	2	0	2	0	1	0	0	0	0	0	1	0	0	0	0	0	0	0	1	0	0	1	1	1	0	0	2	1	1	0	1	0	0	0	1	0	0	0	0	0	0	1	0	2	0	0	1	1	0	0	1	1	2	1	0	0	2	1	0	3	1	0	1	4	1	3	11	10	8	8	2	4	0	0	3	1	2	4	5	3	1	3	2	0	2	0	0	3	0	1	2	2	3	0	2	0	2	1	0	2	2	5	4	7	2	0	5	3	1	0	1	3	4	2	5	1	12	5	3	7	5	6	2	6	0	2	1	0	0	1	3	0	0	0	1	1	2	0	0	1	0	1	1	0	0	0	1	0	0	1	1	1	2	0	0	1	0	1	0	0	3	0	3	1	0	0	0	2	0	2	3	0	1	1	0	0	0	0	1	0	1	2	2	1	2	2	2	1	3	2	1	1	2	1	2	2	1	4	0	0	0	0	0	3	3	1	0	4	0	0	1	2	2	1	1	3	7	2	5	1	2	0	2	1	2	5	6	2	3	3	0	1	1	1	0	1	2	0	1	0	0	0	0	0	0	1	1	2	1	1	0	4	1	0	4	1	1	3	2	4	4	1	1	0	0	2	3	0	0	0	0	0	0	2	0	1	1	1	0	1	1	0	1	2	1	0	2	0	0	1
0	0	0	0	0	0	0	0	0	0	0	0	0	0	1	0	0	0	0	0	0	1	0	0	0	0	0	0	0	0	0	0	0	0	0	0	0	0	1	0	1	0	2	0	0	0	0	0	0	0	1	0	0	0	0	1	0	0	0	1	0	0	0	0	1	0	0	0	0	0	0	0	0	0	0	0	0	0	0	0	1	0	0	1	0	0	0	1	1	0	0	0	0	0	2	0	0	1	2	0	0	1	0	0	0	1	0	0	1	0	0	0	0	0	0	0	0	0	1	0	1	0	0	0	0	1	0	0	0	0	0	0	0	0	0	0	0	0	0	0	0	0	0	0	2	0	0	0	3	0	1	3	0	0	1	1	1	0	0	0	0	0	4	2	32	33	0	92	36	20	22	30	27	4	1	10	7	2	2	4	5	4	11	3	3	3	5	2	1	1	0	0	2	1	0	0	0	0	1	2	1	0	0	1	0	1	0	1	0	0	0	0	0	0	0	0	0	0	0	1	1	0	0	2	1	1	0	0	1	1	0	1	1	0	1	1	1	1	0	0	1	0	0	0	3	0	1	1	0	1	1	0	0	0	0	1	2	0	0	2	0	0	1	4	0	7	16	15	5	3	6	5	5	4	7	10	6	13	5	4	1	2	1	0	2	1	1	2	0	0	0	2	1	0	0	3	3	2	4	1	8	9	11	9	7	15	5	0	5	2	3	2	1	10	10	17	10	8	4	1	3	1	1	3	2	1	3	2	0	2	1	1	0	0	2	0	1	0	0	0	0	1	0	0	1	2	1	1	0	0	0	0	0	0	1	2	0	0	1	2	1	0	1	0	1	0	0	2	1	1	1	0	2	0	0	0	1	4	0	1	2	3	1	3	3	0	3	1	3	2	1	3	1	1	1	0	0	1	2	0	1	0	6	2	2	3	1	1	1	3	1	4	3	4	2	4	3	3	1	2	3	1	2	5	3	3	5	1	4	2	0	2	2	1	3	0	2	1	0	0	1	0	0	2	0	0	2	0	0	2	1	2	2	0	0	3	4	4	5	0	3	1	0	0	3	0	2	0	0	1	1	0	0	2	3	1	0	0	0	2	0	0	2	1	0	1	1	1	0
0	0	0	0	0	0	0	0	1	0	0	0	0	0	0	0	0	0	0	0	0	0	0	0	0	0	1	0	0	0	0	0	0	0	0	0	0	0	0	0	0	1	0	0	0	1	1	0	1	0	1	0	0	1	0	0	0	0	0	1	0	0	0	0	0	0	0	0	1	0	0	0	0	0	0	0	0	0	1	0	0	0	0	0	1	0	0	1	0	0	0	0	0	0	0	0	0	0	1	0	1	0	0	1	0	1	0	0	0	0	0	0	0	0	0	1	1	0	0	0	1	0	0	1	0	0	0	0	1	1	0	0	0	0	0	0	0	0	0	0	1	0	0	0	0	0	1	0	2	1	0	0	0	1	1	1	3	1	1	0	0	1	1	0	12	29	92	0	54	12	6	10	9	2	2	4	2	3	4	2	5	5	5	1	1	3	2	0	2	2	0	1	0	0	0	1	0	0	1	0	1	0	0	1	0	0	0	1	0	1	0	0	0	0	1	0	1	0	0	1	0	1	1	0	2	1	2	1	0	0	1	0	0	0	0	0	0	0	1	1	0	0	1	1	0	0	0	0	0	0	2	1	1	0	4	1	0	1	0	1	0	0	0	2	0	6	11	11	7	1	3	4	3	3	11	6	9	7	11	4	3	1	0	1	0	2	0	0	1	0	0	0	2	0	0	1	1	2	3	4	4	3	11	9	2	7	12	5	4	4	4	4	7	11	7	43	24	12	8	1	5	5	7	1	0	2	1	2	1	2	0	0	0	0	1	0	2	0	0	1	0	0	0	1	0	0	2	1	0	1	0	1	1	0	0	2	1	1	0	0	2	0	1	0	0	0	2	1	0	1	0	2	0	1	1	0	0	0	3	1	1	2	1	1	1	2	5	5	6	5	0	3	1	0	0	1	2	0	0	0	2	0	4	4	4	2	2	2	2	3	0	1	1	7	2	4	2	5	1	4	1	4	2	3	7	9	3	3	1	1	0	2	0	0	1	1	0	0	0	3	2	0	2	0	1	0	0	1	1	0	0	1	0	1	1	1	4	1	1	9	1	0	1	3	1	2	0	0	2	1	1	1	0	1	0	1	1	0	0	0	0	0	0	1	0	1	1	0	0
0	0	0	0	0	0	0	0	0	1	0	1	0	0	0	0	0	0	0	0	0	0	0	0	0	0	2	0	0	0	0	0	0	0	0	0	0	0	0	0	0	1	0	0	0	0	0	0	0	0	0	0	0	0	0	1	0	0	1	0	0	0	0	0	0	0	0	0	0	0	0	0	0	1	0	0	0	0	0	1	0	1	0	0	0	0	0	0	1	0	0	0	0	1	0	0	0	0	0	0	0	1	0	0	0	0	0	0	0	0	0	0	0	0	0	0	0	0	0	1	0	0	0	0	1	0	0	0	0	0	0	0	0	0	0	0	0	0	0	0	1	0	0	0	0	0	0	0	0	0	1	1	1	0	1	2	1	1	2	0	0	1	0	1	14	18	36	54	0	37	42	7	13	9	5	12	8	2	5	7	2	6	5	2	0	3	2	0	1	0	1	0	1	0	0	0	0	0	0	2	0	0	0	1	0	0	0	0	1	2	0	0	0	0	0	1	0	0	0	0	0	1	0	0	1	1	0	0	0	0	1	0	0	0	0	0	0	0	0	0	0	0	0	1	0	0	1	0	0	0	0	1	0	1	0	1	0	0	1	2	0	0	0	1	1	1	5	10	5	3	4	7	4	3	2	4	11	11	6	4	4	2	4	2	0	0	0	2	0	1	1	1	0	1	0	0	2	2	0	3	3	8	9	5	2	8	9	2	2	2	1	2	3	5	5	5	8	5	7	6	1	1	2	0	0	1	1	1	0	3	1	0	0	0	0	1	1	0	1	1	1	0	0	0	3	2	0	0	1	0	0	0	1	0	2	0	2	2	0	1	0	3	0	4	1	1	0	3	1	3	1	0	0	1	1	2	2	0	0	1	3	2	1	0	1	0	2	2	5	3	3	2	2	1	0	1	0	0	2	1	1	3	4	2	0	2	1	2	2	3	2	5	0	2	3	3	1	2	3	1	2	3	3	3	3	6	1	6	2	2	0	2	0	0	2	2	2	0	2	0	2	4	0	1	1	0	0	0	0	0	0	0	0	0	2	2	2	3	0	2	0	0	0	3	0	1	0	0	0	0	1	1	0	3	0	0	0	1	0	1	0	3	1	0	0	1	0	0	0
0	0	0	0	0	0	0	0	0	0	1	0	0	0	1	0	0	0	0	0	0	1	0	0	0	0	0	0	0	1	0	0	0	0	0	0	0	0	0	0	0	1	2	0	2	0	0	0	0	0	0	1	0	0	0	0	0	0	0	1	1	0	0	0	0	1	0	0	0	0	0	0	0	0	0	0	0	0	1	0	2	0	0	0	0	0	0	1	0	0	0	0	0	1	0	0	0	0	0	0	0	1	0	0	0	0	1	0	0	0	1	0	0	1	0	0	0	0	0	0	0	0	0	0	0	0	0	0	0	0	1	0	0	0	0	0	0	1	0	0	0	0	0	0	0	1	0	0	0	1	1	0	0	1	0	0	1	0	0	0	0	0	1	1	21	32	20	12	37	0	104	9	13	11	4	4	12	11	14	2	5	8	8	6	4	4	4	1	0	1	0	0	0	0	0	0	0	0	1	1	0	1	0	1	0	0	0	2	0	0	0	1	1	0	0	1	0	0	0	0	0	1	0	0	0	1	0	1	1	1	1	2	0	0	0	0	0	0	2	0	0	0	0	0	0	1	0	0	1	1	1	0	1	2	1	0	1	0	1	1	1	0	2	1	0	3	8	5	4	8	2	7	3	3	9	4	8	9	3	3	2	2	2	0	0	0	0	1	0	0	2	7	1	1	1	2	3	1	0	3	2	1	1	1	5	6	3	5	2	1	1	1	3	4	5	4	4	4	2	2	3	4	2	1	1	0	0	0	0	1	2	0	3	1	0	0	1	0	1	0	0	0	0	0	0	0	0	1	0	0	0	1	1	0	2	0	1	1	1	0	0	1	1	0	0	1	1	1	2	3	1	1	1	1	0	0	1	0	1	2	0	0	2	1	0	1	1	4	2	0	2	0	1	0	1	1	0	0	1	1	1	2	2	4	3	0	1	0	1	1	2	0	1	2	2	6	0	3	2	1	3	1	2	3	2	2	1	1	0	3	2	0	1	1	0	0	1	0	1	0	1	0	1	0	0	0	0	0	0	0	0	1	1	2	2	2	1	1	1	2	2	1	2	1	1	1	0	2	0	1	1	0	1	2	2	0	0	0	1	0	1	1	0	0	0	0	0	1	0
0	0	0	0	0	0	0	0	0	1	0	0	0	0	0	0	0	0	0	1	0	0	0	1	0	2	0	0	1	0	0	1	1	0	0	1	0	0	0	0	1	0	0	0	0	0	0	0	1	0	0	0	0	0	1	0	0	0	1	0	0	0	0	0	0	0	0	1	0	0	1	0	0	0	0	0	0	1	0	0	1	0	0	0	0	0	0	0	0	1	1	0	1	0	0	0	0	0	1	0	0	0	1	0	0	1	1	0	1	0	0	0	1	0	0	0	0	0	0	0	1	1	0	0	0	0	0	1	0	0	0	0	0	0	0	0	0	0	0	0	0	1	1	1	0	0	0	1	0	0	0	0	0	1	0	1	2	0	1	2	3	1	1	2	14	16	22	6	42	104	0	32	38	15	12	15	19	7	12	6	4	5	11	7	2	1	5	0	1	0	0	0	0	0	1	0	1	0	0	0	0	0	0	1	3	1	0	0	1	1	0	0	1	0	0	0	0	0	0	1	1	1	3	1	2	4	1	1	0	2	0	0	0	1	0	0	0	0	0	1	0	0	0	0	0	1	0	1	0	0	2	0	2	0	0	2	1	0	5	0	1	3	1	1	1	3	11	6	10	1	5	3	5	4	9	10	8	8	4	5	2	2	2	2	1	1	1	3	1	0	1	2	0	2	3	2	1	2	0	3	8	6	8	3	5	4	3	4	2	2	1	4	1	4	3	2	8	7	2	2	3	9	0	1	1	2	1	1	0	2	1	0	1	1	0	0	0	1	1	3	2	0	1	0	1	0	0	0	1	0	0	0	1	0	1	2	2	1	2	1	0	3	2	0	0	0	0	1	0	2	1	1	1	1	0	0	1	0	0	0	1	0	0	1	0	2	3	2	1	1	1	1	0	1	0	1	0	0	2	1	0	0	2	2	2	3	0	1	0	2	0	2	2	4	1	1	3	3	0	3	2	3	1	2	3	2	1	1	3	4	3	1	1	1	0	1	0	0	0	0	1	0	0	1	1	1	0	0	0	3	1	1	0	1	2	2	1	3	1	3	1	1	1	3	1	0	1	1	0	0	1	1	2	3	2	0	3	2	1	0	1	0	0	0	0	0	1	1	2
0	0	0	0	0	0	0	1	0	0	0	0	0	0	0	0	0	0	0	0	0	0	0	0	0	0	0	0	0	0	0	0	0	0	2	0	0	0	1	0	0	0	0	0	0	0	0	0	2	0	0	0	2	0	0	1	0	0	0	0	0	0	0	0	1	0	0	2	0	2	0	0	0	0	0	0	0	0	1	1	0	0	0	0	1	0	0	0	1	0	0	1	0	0	0	0	0	0	1	0	0	1	0	0	0	1	0	1	0	0	0	1	0	0	0	1	0	0	0	1	0	0	0	0	1	0	0	0	0	0	0	1	0	0	1	0	0	0	0	0	0	0	0	0	0	0	0	0	2	0	0	0	0	2	2	1	1	1	2	3	1	2	0	4	14	11	30	10	7	9	32	0	2570	32	9	24	12	8	2	7	2	3	8	5	5	3	1	2	2	0	0	1	1	0	0	1	0	0	1	1	0	0	0	0	0	0	1	0	1	1	1	0	0	1	0	0	0	2	1	0	0	0	0	1	0	2	1	2	1	1	1	0	2	0	0	1	1	1	0	0	0	0	0	0	0	0	0	1	0	0	0	0	2	0	1	1	1	0	2	2	0	2	2	1	1	5	25	20	10	2	3	14	11	7	16	18	11	14	8	5	0	6	6	2	2	0	0	0	1	3	1	2	1	2	3	0	7	5	0	4	17	19	6	8	5	4	4	3	3	2	3	2	2	1	3	6	5	5	2	1	3	3	1	0	0	0	2	0	0	2	0	0	1	2	1	2	0	1	1	2	0	1	2	1	0	2	2	2	1	0	1	0	0	0	0	0	0	1	1	4	1	2	1	0	0	0	1	1	1	0	1	2	2	1	1	1	2	1	1	2	1	4	3	1	1	2	1	3	5	1	3	1	0	1	0	1	1	2	0	0	2	2	4	4	2	1	1	1	1	4	1	5	8	7	3	6	3	4	1	5	2	2	0	5	2	9	3	4	3	3	0	2	5	4	3	0	4	1	1	1	1	0	0	0	0	0	0	1	2	0	1	1	1	1	5	3	2	1	2	5	3	2	0	2	2	2	1	2	1	1	1	2	0	3	4	1	1	1	3	1	1	3	0	0	0	1	1	0	0
0	0	0	0	0	0	0	0	0	0	0	0	0	0	0	0	0	0	0	0	0	0	0	0	0	0	1	0	0	0	0	0	0	0	0	0	0	0	0	0	0	0	0	1	1	1	0	0	0	2	0	0	0	0	1	0	0	1	0	0	0	0	0	0	0	0	0	0	0	0	0	0	0	0	0	0	0	0	1	1	0	0	0	0	0	0	0	0	0	0	0	0	0	1	0	1	0	0	0	0	0	0	1	0	0	1	0	1	0	0	0	0	0	1	2	0	0	0	0	0	0	0	0	0	0	0	1	0	0	0	0	0	0	0	0	0	0	0	0	0	0	0	0	1	0	0	0	0	0	0	2	1	0	0	1	1	0	0	2	1	0	1	1	3	15	13	27	9	13	13	38	2570	0	25	10	18	10	7	6	4	6	2	9	6	1	1	3	0	0	1	0	2	1	0	0	0	0	0	1	0	0	0	0	0	1	0	1	0	0	0	0	0	0	0	0	0	0	1	0	0	0	2	0	0	1	1	0	0	0	1	1	1	0	0	3	1	0	0	2	1	0	1	0	1	1	2	0	0	0	0	0	0	1	0	1	0	1	2	0	1	1	1	1	0	2	9	33	38	14	6	6	6	11	5	18	19	8	12	4	2	4	2	6	3	4	3	3	5	1	0	0	1	6	1	1	4	2	2	2	3	17	23	9	2	9	5	1	3	1	2	0	2	2	2	6	6	7	12	2	4	1	0	2	1	1	4	0	1	1	3	1	0	3	1	5	4	2	0	1	1	1	1	1	0	0	0	2	1	1	0	3	1	0	2	1	1	0	2	4	2	0	2	1	0	1	0	1	0	1	1	2	2	1	1	0	1	3	0	0	0	2	1	1	0	1	0	2	6	3	2	0	2	1	2	2	1	1	1	2	2	0	1	2	6	3	0	0	4	1	2	2	5	5	11	5	5	5	8	1	2	2	2	2	5	6	2	6	16	3	4	2	1	4	1	1	1	0	0	1	1	2	0	0	0	1	1	1	0	1	1	1	1	1	1	1	2	0	3	2	2	0	0	1	2	0	1	2	1	1	2	1	3	4	1	1	1	1	1	1	4	0	1	0	1	0	0	0	0	1
0	0	0	0	0	0	0	0	0	0	0	0	0	0	0	1	0	0	0	0	0	0	0	0	0	0	0	0	0	0	0	0	0	0	0	0	0	0	0	0	0	0	0	1	2	0	0	0	0	0	0	0	3	0	0	0	0	0	0	0	0	0	0	0	0	0	1	0	0	0	0	0	0	1	0	0	0	0	0	0	1	0	0	1	0	0	0	0	0	0	0	0	0	1	0	0	0	0	3	0	0	0	0	0	0	1	0	0	0	0	0	0	0	0	0	0	0	0	0	0	1	0	0	1	0	0	0	0	0	0	0	1	0	0	0	0	0	0	0	0	0	1	0	0	0	0	0	0	1	1	0	1	1	3	1	0	1	1	2	1	2	1	2	2	10	4	4	2	9	11	15	32	25	0	37	38	24	6	7	4	2	6	7	1	0	2	4	1	1	0	1	0	0	0	0	1	0	0	0	0	0	2	0	0	0	1	0	0	2	0	1	0	0	0	0	1	1	0	0	0	0	0	0	0	1	1	1	1	0	0	0	0	0	0	0	0	1	1	0	0	0	0	0	1	1	0	0	0	0	1	1	1	1	2	0	0	0	0	1	2	1	0	1	2	1	4	3	9	7	8	6	18	10	5	16	18	14	10	5	5	4	3	7	4	3	2	1	2	2	5	0	3	1	6	4	5	2	4	4	8	7	12	5	4	5	2	1	5	1	2	1	2	2	4	3	4	3	2	1	0	2	0	2	0	1	1	1	0	2	0	0	1	1	1	2	1	2	1	1	2	0	1	1	1	0	0	1	0	1	2	0	1	0	0	0	0	2	1	4	3	5	0	0	1	0	1	1	0	1	3	0	0	0	1	1	0	0	0	0	1	1	2	1	0	1	0	1	0	0	2	0	1	0	0	0	0	0	1	2	1	1	2	4	3	2	0	0	0	1	1	1	1	4	6	4	3	0	2	2	1	1	1	1	1	2	4	3	6	2	3	4	1	1	2	2	4	4	0	1	0	1	0	0	1	0	1	1	1	0	0	0	2	0	1	0	0	2	2	2	0	2	0	0	3	1	0	0	1	1	0	1	0	2	1	0	0	3	0	0	1	2	2	0	0	1	1	0	0	0
0	0	0	0	0	0	0	0	0	0	1	1	0	0	0	1	0	0	0	0	0	0	0	0	0	0	0	0	1	0	0	0	0	0	1	0	0	0	0	0	2	0	0	0	0	0	2	0	0	0	0	0	0	0	1	1	0	0	0	0	0	1	0	0	0	0	1	0	0	0	1	0	0	0	0	0	0	0	0	0	1	0	1	1	0	0	0	0	0	1	0	0	0	0	0	0	1	0	0	0	0	0	0	1	0	0	0	0	0	0	0	1	0	0	1	0	0	0	0	0	0	0	0	0	0	0	0	0	0	0	0	0	0	0	0	0	0	0	0	0	0	0	1	0	0	0	1	0	0	1	1	1	1	0	0	0	1	0	1	0	0	2	1	0	6	3	1	2	5	4	12	9	10	37	0	109	22	7	2	3	6	4	4	2	2	1	0	1	1	0	0	1	0	0	0	0	0	0	0	0	1	0	0	0	0	0	0	0	0	1	0	0	1	0	0	1	0	0	1	0	1	1	2	0	0	1	1	0	0	2	0	0	0	0	0	2	0	0	1	0	0	0	0	1	1	1	1	0	1	1	0	0	1	2	1	0	0	2	1	1	1	1	0	2	3	0	7	5	5	4	7	15	15	6	11	11	10	5	2	0	0	7	2	5	4	1	0	4	5	2	4	4	2	5	5	5	7	7	10	11	15	11	3	2	2	1	0	2	0	0	2	2	1	0	1	4	4	4	2	2	3	4	2	1	0	0	3	0	1	0	0	1	1	1	0	0	3	0	0	0	0	0	0	1	1	0	0	2	1	0	1	0	2	1	3	0	3	3	2	2	2	3	0	1	0	1	1	1	1	1	1	0	0	2	0	1	0	1	1	0	2	0	0	0	2	0	2	2	0	1	1	1	0	1	1	1	0	1	1	0	0	2	4	2	2	3	2	0	0	0	4	0	3	7	2	1	2	2	0	1	2	0	1	1	0	5	3	2	1	0	2	2	0	0	1	0	0	3	2	0	1	0	1	2	1	1	2	1	1	0	2	2	0	0	0	2	3	3	2	5	0	0	1	0	2	0	0	0	1	2	2	2	1	1	2	2	4	0	0	3	1	2	1	1	0	0	1	1	0
0	0	0	0	0	0	0	0	0	0	0	0	0	0	0	1	0	0	0	0	1	0	0	0	0	0	0	0	0	0	0	0	0	0	1	0	0	0	0	0	0	1	0	0	0	0	0	0	0	1	0	0	0	1	0	0	1	0	0	0	0	0	0	1	0	0	0	0	0	0	0	0	0	0	0	0	0	0	1	1	0	0	0	0	0	0	0	0	0	1	1	0	0	1	0	0	0	0	0	0	0	1	0	0	0	0	1	0	0	1	0	0	0	0	0	0	0	0	0	0	0	1	0	0	0	0	0	0	0	0	0	0	0	0	0	0	0	0	0	0	1	0	0	1	1	0	1	0	1	2	0	0	2	0	0	0	3	0	2	0	2	0	2	2	8	7	10	4	12	4	15	24	18	38	109	0	37	11	9	6	10	9	4	2	1	6	4	1	0	1	0	0	3	1	1	0	1	3	1	2	1	0	1	0	0	1	0	1	0	1	0	0	2	1	0	1	1	0	0	1	0	0	0	0	0	2	0	0	1	0	1	1	1	0	0	0	0	0	0	1	0	1	0	0	0	1	0	0	0	1	0	0	2	1	0	1	0	4	3	2	0	1	0	2	3	3	7	4	6	6	6	10	10	5	13	8	4	5	4	2	2	3	4	1	0	3	2	2	0	0	4	2	4	0	4	10	5	10	2	8	17	15	1	3	0	2	2	1	1	0	1	0	1	4	3	3	2	4	3	0	2	3	1	0	0	1	1	1	1	0	0	0	0	0	2	0	0	0	0	0	0	2	0	0	1	1	0	0	0	0	0	0	1	1	0	1	0	0	1	2	1	1	0	1	0	1	0	1	1	1	1	1	0	0	0	0	0	0	2	2	1	0	0	3	1	0	1	4	0	1	1	1	0	2	1	4	1	0	1	1	0	1	2	2	0	0	1	1	0	3	2	3	6	5	3	4	0	3	0	3	2	2	1	0	1	3	1	6	4	3	0	3	3	3	1	0	1	1	1	2	0	3	1	1	0	1	0	0	0	1	1	0	2	1	1	2	4	3	1	0	3	0	0	0	1	1	1	0	1	1	1	0	0	3	1	3	2	1	0	4	2	1	1	1	1	0	0	0	1
0	0	0	0	0	0	0	0	1	0	1	0	0	0	1	0	0	1	0	0	0	0	2	0	0	1	0	0	0	1	0	0	0	0	0	0	1	0	0	0	0	0	0	0	0	0	0	0	0	0	0	0	0	0	0	0	0	1	0	0	0	0	0	0	0	0	0	0	0	0	0	0	0	0	0	0	1	0	0	0	1	0	0	0	0	0	0	1	1	0	0	0	1	1	1	0	0	0	1	0	0	0	0	0	1	0	0	0	0	1	0	1	0	0	0	0	0	1	0	0	0	0	1	0	0	0	0	0	0	1	0	0	0	0	0	0	1	0	0	0	0	0	0	1	0	0	0	0	0	0	1	0	0	0	0	1	0	1	0	1	0	3	3	2	10	6	7	2	8	12	19	12	10	24	22	37	0	38	19	13	10	15	12	9	5	2	4	0	1	1	0	0	0	0	0	0	0	0	1	0	1	0	1	0	0	0	0	1	0	0	0	0	0	1	0	0	0	0	1	2	0	0	2	0	1	0	2	0	0	0	0	0	1	1	0	0	1	0	0	1	1	0	0	0	0	0	0	1	0	0	1	0	1	0	1	0	2	1	2	0	3	1	1	0	4	6	4	4	3	2	8	4	4	0	5	1	3	1	1	3	2	1	1	2	2	2	1	2	2	1	2	2	1	1	1	1	5	2	4	8	8	4	6	2	1	0	2	4	0	1	1	1	2	0	4	3	5	7	0	2	2	1	2	4	2	1	1	0	1	3	0	1	0	2	2	1	2	1	2	2	1	2	0	0	0	0	0	1	0	1	1	1	0	1	0	0	2	1	0	2	2	1	1	2	0	1	0	1	0	0	0	1	1	0	1	1	1	2	1	0	0	0	0	1	0	2	0	3	0	1	1	1	0	1	2	0	1	2	1	0	2	0	0	1	2	0	0	0	1	1	1	0	2	1	3	0	0	1	1	1	0	1	3	1	3	2	5	4	0	1	1	0	2	2	0	0	0	1	1	1	2	0	0	1	0	0	0	0	0	3	1	1	1	1	0	0	1	0	1	2	0	1	1	0	0	2	0	2	0	1	0	0	3	0	1	1	1	0	0	0	3	0	0	1	0	0	0	1	0
0	0	0	0	0	0	0	0	1	0	0	0	0	1	2	0	0	0	0	0	0	0	0	1	0	0	0	0	0	0	0	0	1	0	0	0	0	0	0	0	0	1	0	0	0	0	0	0	0	0	1	0	0	1	0	0	1	0	0	0	0	1	0	0	0	0	1	0	1	0	0	0	0	1	0	0	1	0	0	0	0	1	0	0	1	1	0	0	0	0	1	0	0	2	0	0	1	0	0	0	0	0	0	0	0	1	0	0	0	1	0	0	0	0	0	0	0	0	0	0	0	0	0	0	0	0	0	0	0	0	0	1	0	0	0	0	0	1	0	0	1	1	0	0	0	1	0	1	0	0	0	1	1	1	0	3	1	0	0	1	1	2	4	1	11	11	2	3	2	11	7	8	7	6	7	11	38	0	78	27	30	15	12	19	8	2	4	0	1	0	0	1	0	0	0	0	2	0	0	1	0	3	0	0	0	0	1	0	0	0	0	0	0	0	1	0	0	0	0	1	1	1	0	1	1	1	0	1	2	1	1	1	2	0	0	0	0	1	0	0	0	0	0	0	3	0	1	0	0	0	0	1	0	0	0	0	1	2	4	0	1	3	0	2	0	3	4	1	2	2	2	1	0	2	3	4	2	4	0	1	1	1	1	0	1	1	0	3	0	0	0	1	0	2	1	2	1	4	3	4	4	4	2	6	1	0	2	0	0	0	3	0	0	0	1	3	3	4	1	3	3	2	0	4	2	0	0	0	1	1	1	0	1	0	0	1	2	0	0	0	1	0	1	1	0	2	1	1	1	0	0	1	0	1	2	1	1	0	3	0	1	2	0	1	0	0	1	1	0	1	1	0	0	2	0	0	1	1	0	0	1	0	0	0	0	0	3	1	1	0	1	0	1	0	0	0	1	1	0	1	0	0	0	4	2	1	0	0	0	1	1	1	3	3	1	0	0	1	0	1	0	0	2	0	0	2	1	2	4	1	0	0	0	2	1	1	1	0	1	0	0	0	2	0	1	0	0	0	2	1	0	0	0	1	0	2	1	1	1	2	0	1	2	0	0	0	1	0	2	0	1	1	0	1	1	1	0	3	1	0	0	0	1	1	0	0	0	1	2
0	0	0	0	0	0	0	0	0	0	0	0	0	0	0	1	0	0	0	1	1	0	0	1	0	0	0	0	0	0	0	0	0	0	0	0	2	0	0	0	0	0	2	0	0	0	0	0	0	0	0	1	0	0	0	1	0	0	0	0	0	0	1	0	0	1	0	0	0	1	0	0	0	0	0	0	0	0	0	0	0	0	1	0	0	0	0	0	1	0	0	0	1	0	0	0	1	0	0	0	0	0	0	0	1	0	0	0	1	0	0	0	0	0	0	0	0	1	0	0	0	1	0	0	0	0	0	0	0	1	0	0	0	0	0	1	0	0	0	0	0	0	0	0	0	0	1	0	0	0	1	1	1	1	1	0	2	1	1	0	1	2	1	0	4	5	2	4	5	14	12	2	6	7	2	9	19	78	0	48	56	14	10	26	9	8	5	2	0	0	3	1	0	0	0	0	0	0	1	0	0	2	0	0	2	0	0	0	0	0	0	0	0	1	0	1	0	0	1	0	0	1	2	1	0	2	1	1	0	1	0	0	0	2	0	0	1	0	0	0	1	0	0	0	0	1	0	1	1	0	0	1	0	1	0	1	0	1	5	2	1	1	2	2	2	3	7	3	1	5	2	4	3	1	1	3	2	4	0	0	2	1	2	0	0	1	1	1	0	0	1	2	2	2	0	1	2	1	1	2	5	4	3	0	1	0	1	0	0	0	0	1	1	1	1	0	2	2	2	1	3	1	1	1	0	1	0	0	2	1	1	1	1	0	0	0	0	0	0	0	0	1	0	1	1	1	0	0	0	1	0	0	0	1	0	0	0	0	1	0	2	0	0	0	0	0	1	0	2	0	1	0	0	1	0	0	1	0	2	1	0	2	1	2	0	1	1	0	0	0	0	2	0	0	1	0	1	0	1	0	0	0	1	2	1	0	1	0	0	1	0	2	0	0	1	0	1	2	0	0	2	0	0	2	2	4	1	0	1	3	0	1	2	2	3	2	1	1	0	1	0	0	0	1	0	0	0	0	1	0	2	2	1	0	0	1	0	2	1	3	1	0	0	1	0	2	1	0	1	1	0	0	1	1	0	1	0	0	0	0	1	0	1	0	0	0	1	0	0
0	0	0	0	0	0	0	0	0	0	0	0	0	0	0	0	0	0	0	0	0	0	0	0	0	0	1	1	0	0	0	0	0	0	1	0	0	0	0	0	0	0	1	0	0	1	0	0	0	2	0	0	0	0	1	1	0	0	0	0	0	0	0	0	1	0	1	0	0	0	0	0	1	0	0	0	0	0	0	0	0	0	1	1	0	1	0	0	0	0	0	0	1	0	0	1	0	0	0	0	1	0	1	1	0	0	0	0	0	0	0	1	0	0	0	0	0	0	0	0	0	1	0	0	1	0	0	0	0	0	0	0	0	0	0	0	0	0	2	0	0	0	0	0	1	0	0	0	0	0	1	0	1	0	2	1	1	1	1	1	1	0	1	5	8	6	4	2	7	2	6	7	4	4	3	6	13	27	48	0	286	25	27	36	15	16	10	2	0	0	1	1	0	0	1	0	0	1	0	0	1	0	0	0	1	0	0	0	1	0	0	0	0	1	0	0	0	1	1	0	0	0	0	1	0	2	0	0	0	0	1	0	0	1	0	0	0	0	1	0	0	0	0	0	0	0	2	1	1	0	1	0	0	2	0	1	2	3	8	1	3	0	3	4	2	4	4	3	4	2	0	3	2	3	1	3	1	1	2	2	1	1	0	1	2	0	4	2	0	0	0	1	3	0	1	2	0	3	2	4	1	1	5	4	2	5	1	2	1	0	0	1	0	5	1	2	4	1	3	1	2	5	1	2	0	0	0	1	1	3	1	1	4	1	1	1	0	0	3	0	0	0	0	1	1	1	1	1	0	0	0	0	1	0	0	0	0	3	0	2	1	4	0	1	0	0	1	0	1	0	1	1	0	1	0	0	0	1	0	1	0	0	0	0	1	0	0	0	0	1	0	0	0	0	0	0	0	0	0	0	0	0	1	0	0	0	0	1	1	2	3	1	0	1	0	0	0	4	2	0	1	2	0	1	1	0	0	0	0	0	1	1	2	1	0	0	1	1	2	1	0	0	1	0	0	1	2	0	0	0	1	1	0	0	1	0	1	1	3	1	3	4	2	1	0	0	0	3	1	1	2	1	2	3	0	2	1	1	2	0	3	2	1	0	0	0	2	1	0
0	0	0	0	0	0	0	1	0	0	0	0	0	0	0	0	0	0	0	0	0	0	0	0	0	0	0	0	0	0	0	0	0	0	0	0	0	0	0	0	0	0	0	0	1	1	0	0	0	0	0	0	0	0	0	0	0	0	1	0	0	0	0	0	0	0	0	0	0	0	0	1	0	0	0	0	0	2	0	1	0	0	0	0	0	0	0	1	1	0	0	0	1	1	0	0	1	1	0	1	0	0	0	0	0	0	0	0	0	0	0	0	0	0	0	0	2	0	0	0	0	0	0	0	1	0	0	0	0	0	1	0	0	1	1	0	0	0	0	2	0	0	0	1	0	1	0	0	0	0	2	0	1	0	0	0	0	1	2	0	3	2	2	4	5	4	5	5	2	5	4	2	6	2	6	10	10	30	56	286	0	42	42	93	30	17	11	2	0	0	1	0	1	0	0	1	2	0	1	1	0	0	0	0	1	0	0	1	0	0	1	2	0	0	0	2	1	0	0	0	0	0	0	1	0	2	2	4	2	3	0	0	1	0	0	0	0	2	1	1	0	1	0	0	0	0	0	0	0	0	0	0	1	3	2	5	3	4	6	3	1	1	5	3	5	5	3	2	4	3	0	0	3	4	0	1	4	0	3	2	1	1	0	2	2	1	1	0	1	1	0	2	2	2	1	1	1	4	1	1	4	3	0	1	3	3	0	0	0	0	1	0	0	1	3	1	1	2	1	4	4	5	2	3	1	1	1	2	0	0	0	0	0	1	2	0	0	0	2	1	0	1	1	0	0	0	1	1	1	0	1	0	0	0	0	0	2	1	1	0	0	0	0	2	0	0	0	0	1	0	1	0	1	1	0	0	0	2	0	0	1	0	3	4	2	2	0	1	2	0	0	0	0	1	1	0	0	0	0	1	0	1	1	1	2	1	1	0	2	0	1	2	2	0	0	1	0	1	2	0	1	1	1	1	2	1	0	3	1	0	1	0	0	0	0	0	1	1	1	2	0	3	0	0	0	2	1	1	0	2	1	1	0	1	2	2	3	4	0	0	2	1	4	1	1	1	1	2	1	0	0	0	1	0	2	1	0	2	1	1	2	0	0	1	1	1	1	0	0
0	0	0	0	0	0	0	0	0	0	0	0	0	0	1	0	0	0	0	0	0	1	0	0	0	1	0	0	0	0	1	0	0	0	0	0	1	0	0	0	0	0	0	0	0	0	0	0	0	0	0	1	0	1	0	0	1	0	0	0	0	0	0	0	2	0	1	0	0	0	1	0	0	0	0	0	0	0	0	0	0	0	0	1	0	0	1	0	0	1	1	0	0	1	1	0	1	0	0	1	0	0	0	0	1	0	0	0	0	0	1	0	1	0	0	0	0	0	0	0	0	0	0	0	1	0	0	0	2	0	1	0	0	1	0	0	0	0	0	0	1	0	1	0	0	0	0	0	0	0	0	1	3	4	1	1	1	2	2	1	2	1	2	5	14	7	4	5	6	8	5	3	2	6	4	9	15	15	14	25	42	0	323	52	17	23	14	2	0	0	0	0	0	0	0	0	1	0	1	1	1	0	2	0	0	0	1	2	2	0	0	1	1	2	0	2	1	0	0	1	0	0	1	1	0	2	3	1	2	0	0	1	0	0	1	0	1	0	0	0	1	0	0	0	0	1	0	0	0	0	0	0	2	3	0	2	0	2	3	2	1	4	2	5	4	9	6	3	1	1	2	2	2	3	4	1	3	4	2	0	1	0	0	0	2	1	0	0	0	1	1	0	1	1	1	0	2	2	1	0	6	3	2	5	2	2	0	0	2	1	0	2	2	1	1	2	3	1	7	4	8	4	3	2	1	1	1	1	2	2	2	0	0	0	1	1	1	0	0	0	0	0	1	0	0	1	1	0	1	0	1	0	3	0	0	1	0	1	0	0	1	1	4	0	1	0	1	1	0	2	0	0	0	1	0	1	1	0	1	1	1	3	0	2	0	0	1	2	1	1	1	0	1	1	1	0	0	1	0	1	1	0	3	1	0	1	1	0	0	0	0	2	1	6	1	2	1	0	2	0	0	0	2	0	0	0	4	3	0	1	2	0	1	0	2	1	1	1	1	1	1	0	0	0	1	1	1	1	3	1	1	1	1	2	1	2	2	2	1	1	2	1	1	2	0	1	0	1	1	0	2	1	0	0	1	0	0	1	0	1	3	0	0	1	0	1	0	0	0
0	0	0	0	0	0	0	0	0	0	0	0	0	1	0	0	0	0	0	0	0	0	0	1	1	1	1	1	0	0	0	0	0	0	0	0	0	0	0	0	1	0	0	1	0	0	0	0	0	0	1	0	0	1	0	0	0	0	1	0	1	0	0	0	0	0	1	0	0	0	0	0	0	0	0	0	0	0	0	1	0	0	0	0	0	0	0	0	0	0	0	0	0	0	0	0	0	1	1	0	0	0	0	0	0	1	0	0	1	0	1	0	0	0	0	0	0	0	0	0	0	0	0	0	0	2	0	0	0	0	0	0	0	3	1	0	0	0	0	1	0	1	0	1	0	0	0	0	0	1	0	0	0	2	0	0	1	0	3	3	1	4	2	5	21	12	11	5	5	8	11	8	9	7	4	4	12	12	10	27	42	323	0	28	13	13	16	1	1	2	0	0	0	0	0	1	0	2	1	4	0	1	1	0	0	2	0	0	0	1	1	0	0	1	1	1	0	0	1	1	1	1	1	0	1	3	0	1	0	1	0	1	1	1	0	0	0	1	1	0	0	0	0	0	0	1	2	1	1	1	0	0	3	4	1	0	2	1	4	0	1	4	3	3	5	12	9	3	1	3	2	0	0	2	4	6	6	0	3	2	1	0	1	2	1	0	1	1	0	0	1	0	0	1	4	1	0	0	2	4	4	8	2	5	1	1	0	1	2	0	0	4	1	1	2	3	1	0	4	2	13	7	4	1	0	2	2	1	2	1	0	1	4	1	2	0	1	2	0	0	0	0	0	0	0	0	1	0	1	0	0	0	0	0	1	1	0	2	0	0	0	0	0	0	0	4	1	0	1	0	2	0	1	0	0	0	1	0	1	2	1	1	0	2	1	0	0	0	0	1	1	1	0	0	1	0	1	4	1	1	0	0	1	1	1	0	0	2	1	1	1	1	0	3	2	2	2	0	0	1	0	3	0	0	2	1	0	0	2	2	1	0	0	1	4	1	1	0	0	0	0	0	0	1	0	1	0	1	0	1	1	0	0	2	3	2	2	1	1	2	1	2	3	2	0	1	0	0	1	1	1	1	0	1	2	0	2	0	0	0	0	0	1	0	0	0	0	1	0
0	0	0	0	0	0	0	0	0	0	1	0	0	0	0	0	0	0	0	0	0	0	0	0	0	0	0	0	0	0	1	0	0	0	0	0	0	0	0	1	1	0	0	0	0	2	0	2	0	0	0	0	0	0	0	0	0	0	0	0	0	0	1	0	0	0	1	0	0	0	0	0	0	0	0	0	1	0	0	0	0	0	0	1	0	1	1	1	1	0	0	0	0	2	0	0	1	0	0	0	0	0	0	0	0	0	0	0	1	0	0	0	0	0	0	0	0	0	0	0	0	0	0	1	0	0	0	0	0	0	0	0	0	0	0	0	0	0	0	0	0	1	0	0	0	0	0	0	1	0	0	2	0	0	0	1	2	3	1	1	4	2	3	4	5	3	3	1	2	6	7	5	6	1	2	2	9	19	26	36	93	52	28	0	54	58	24	0	4	2	1	0	1	0	0	0	0	2	2	1	1	1	0	1	0	1	0	1	1	1	0	0	0	0	0	0	0	0	0	1	0	1	0	1	2	1	0	1	0	1	1	1	1	0	0	0	0	0	0	0	1	1	0	1	0	1	0	0	0	0	2	0	1	3	0	0	2	1	2	5	4	1	3	4	3	6	5	2	1	1	3	2	2	4	2	1	1	4	2	1	0	1	0	1	1	0	0	2	1	0	3	0	0	2	0	1	1	2	0	2	1	3	3	0	2	1	1	1	0	1	1	0	0	2	2	1	1	0	3	1	4	3	3	0	3	0	0	1	2	0	0	0	1	3	0	0	0	3	1	4	0	0	1	0	0	1	3	1	1	1	0	0	1	1	0	0	2	1	0	1	1	0	0	0	1	0	0	1	2	0	0	0	0	0	0	1	1	0	0	0	0	1	0	1	0	1	1	0	1	1	0	0	0	0	2	0	0	1	0	1	0	1	0	0	0	0	1	0	1	0	1	2	3	1	3	1	0	1	0	0	1	1	0	1	1	1	2	1	1	1	0	1	0	1	0	0	0	1	1	1	0	0	1	0	0	0	0	1	0	1	1	1	1	1	0	1	1	1	0	2	4	0	0	1	0	0	0	0	0	0	1	0	1	2	0	2	0	0	2	1	2	0	0	0	0	0	0	1	0
0	0	0	0	0	0	0	0	0	0	0	0	0	0	0	0	0	1	0	0	0	0	0	0	0	1	1	0	0	0	1	0	0	0	0	1	0	0	0	0	0	0	1	0	0	1	0	0	1	0	0	0	0	0	0	0	0	0	1	1	0	1	0	0	0	1	0	1	0	0	0	0	0	0	0	1	0	0	0	0	0	0	0	0	0	0	0	0	1	0	0	1	1	0	1	0	0	0	1	0	1	0	0	1	0	0	0	0	0	0	0	0	0	0	0	0	0	0	0	0	0	0	0	0	0	1	0	0	0	0	0	0	0	1	0	0	0	0	0	0	1	0	0	1	1	0	0	0	0	0	0	1	1	1	2	2	1	0	0	0	1	2	6	2	1	2	3	1	0	4	2	5	1	0	2	1	5	8	9	15	30	17	13	54	0	162	12	2	0	1	0	1	0	0	0	0	0	0	0	1	0	2	0	0	0	0	0	0	0	0	0	1	1	2	0	0	0	1	0	1	0	0	1	3	0	0	2	1	1	0	1	1	1	0	1	1	1	1	1	0	0	0	0	1	0	2	1	0	2	0	0	2	2	5	1	2	3	3	1	3	6	0	7	5	2	4	4	2	0	2	0	2	2	0	0	2	1	1	2	1	1	0	2	1	1	0	0	0	2	0	0	0	1	3	2	1	0	0	1	0	2	2	0	0	1	0	0	0	0	0	0	0	1	1	0	0	0	2	3	5	4	6	2	2	0	2	0	0	0	2	1	0	0	0	2	1	1	0	1	3	0	0	0	0	0	0	1	1	0	0	0	1	0	0	0	0	0	1	1	0	0	1	0	0	0	1	0	0	0	0	1	0	0	1	0	0	0	0	1	1	1	1	0	1	0	0	2	1	2	0	0	1	0	0	1	0	1	0	1	1	0	1	0	0	0	2	0	0	2	0	0	0	0	0	1	1	1	1	1	0	1	0	0	1	1	0	0	0	1	3	2	0	0	2	0	0	0	0	1	0	0	0	1	0	2	0	0	0	0	0	2	0	2	0	2	0	2	0	2	0	0	0	0	1	1	2	0	0	2	0	1	0	0	0	1	2	1	0	1	0	2	2	2	1	1	0	0	0	1
0	0	0	0	0	0	0	0	0	0	0	0	0	0	0	0	0	0	1	0	0	0	1	0	1	1	0	0	0	0	0	0	0	0	0	0	1	0	0	0	0	0	0	0	1	0	0	0	0	0	0	1	1	0	0	2	1	1	0	1	0	1	0	0	0	0	0	0	0	1	0	0	0	0	0	0	1	0	0	1	0	0	0	1	0	0	0	0	2	0	0	1	0	0	0	1	1	1	0	0	0	0	0	1	1	0	1	0	0	0	0	0	0	0	0	1	0	0	0	0	0	0	1	0	0	1	0	0	1	0	0	0	0	0	0	0	0	0	0	0	0	0	0	1	0	0	0	1	1	2	0	0	1	0	2	1	1	1	1	3	0	1	4	6	6	4	3	3	3	4	1	3	1	2	1	6	2	2	8	16	17	23	13	58	162	0	38	5	2	0	1	2	1	0	1	0	1	3	0	1	3	2	1	0	0	0	0	0	0	0	0	0	1	0	0	0	1	0	1	0	2	2	2	0	1	3	1	1	1	0	1	0	1	0	0	1	2	0	0	0	1	0	1	1	0	1	0	0	0	2	2	2	0	2	0	4	2	5	7	5	3	4	8	3	1	3	5	4	0	0	3	2	4	0	1	5	0	1	1	0	0	4	0	1	0	0	1	2	2	2	0	1	1	0	2	3	1	1	2	1	2	2	1	0	1	1	2	1	1	2	1	0	0	1	0	2	2	1	4	4	3	3	7	3	2	2	0	2	3	2	0	0	0	1	0	1	3	1	0	0	0	1	1	1	1	1	1	0	2	0	1	0	1	0	0	0	1	2	0	0	0	0	0	1	0	1	0	0	0	0	1	1	0	0	0	0	2	0	0	0	1	0	1	1	1	0	0	0	1	0	0	0	0	1	1	0	0	0	0	0	1	1	0	0	1	1	1	0	0	0	1	3	0	3	1	1	1	0	3	2	0	0	1	1	1	0	2	0	0	0	0	0	0	1	0	0	1	0	1	0	1	2	2	0	1	0	0	0	0	1	0	2	1	0	1	0	1	5	1	1	0	2	0	0	3	0	1	1	2	0	0	0	0	1	0	1	2	2	2	1	0	1	0	0	0	1	1	0	0
0	0	0	0	0	0	0	0	0	0	0	0	1	0	1	1	0	0	0	0	0	0	0	0	0	0	0	0	0	0	0	0	0	1	0	0	0	0	0	0	1	0	1	0	0	0	0	0	0	1	0	0	0	0	0	0	1	1	0	0	0	0	0	1	0	0	0	0	0	1	0	0	0	0	0	0	0	0	0	0	0	0	2	1	0	0	0	0	0	0	2	1	0	0	2	0	1	0	0	0	0	0	0	0	0	0	0	0	0	0	0	0	0	0	0	0	0	0	0	0	0	0	0	0	0	0	0	1	0	1	0	0	0	0	0	0	0	0	0	0	0	0	1	0	0	2	0	0	0	0	3	3	2	0	1	1	1	4	5	3	4	4	8	13	7	8	5	2	2	4	5	1	3	4	0	4	4	4	5	10	11	14	16	24	12	38	0	3	2	0	1	0	1	1	1	2	1	0	2	3	0	1	2	2	0	1	0	0	1	1	1	0	2	1	2	2	0	0	1	0	0	0	0	1	5	3	1	3	1	0	1	0	1	0	0	0	0	2	2	1	0	0	1	1	0	0	3	0	0	0	2	4	6	1	3	3	2	3	5	13	6	8	5	17	6	17	3	2	2	0	2	1	3	1	1	2	0	3	2	1	1	2	2	1	1	1	1	0	0	1	2	0	2	0	0	1	1	1	1	2	0	7	4	3	5	3	0	0	2	0	0	0	0	0	3	0	1	1	5	4	10	9	2	5	4	2	4	3	2	5	1	0	0	5	1	2	3	0	0	0	1	2	1	0	0	1	1	0	1	0	1	0	1	1	0	0	0	0	0	1	2	2	0	0	0	1	1	2	1	0	0	1	0	0	0	0	1	0	2	2	1	4	1	1	0	0	1	0	3	3	3	0	0	0	0	2	0	0	0	1	1	0	1	0	0	1	0	0	1	3	0	1	0	0	0	1	4	3	1	2	1	1	2	0	1	3	1	2	0	3	0	2	1	0	2	3	0	1	0	0	0	1	0	1	0	0	0	3	0	1	1	1	0	2	0	1	2	2	0	0	2	0	0	0	0	1	1	0	1	0	1	1	1	0	1	0	2	2	1	1	0	1	0	0	1	0	0	0	0
0	0	0	0	0	0	0	0	1	0	0	0	1	1	0	0	0	1	0	1	0	0	0	2	1	0	1	0	0	0	0	0	0	0	0	0	0	1	0	0	1	1	1	1	0	3	0	0	0	1	0	0	1	1	1	0	0	1	1	2	0	1	0	0	0	0	2	0	0	0	0	0	1	0	0	0	0	1	0	0	1	1	1	0	1	0	1	0	0	2	2	0	1	0	0	0	0	1	0	1	0	0	3	0	1	1	0	0	0	0	0	0	1	0	0	0	0	0	0	1	0	1	0	1	0	1	0	0	0	1	0	0	0	0	0	0	0	0	0	0	0	0	2	0	1	2	0	4	1	1	3	3	3	1	3	1	2	5	4	4	5	4	8	5	1	2	2	0	0	1	0	2	0	1	1	1	0	0	2	2	2	2	1	0	2	5	3	0	7	4	5	2	0	1	1	3	1	4	1	6	3	3	2	1	1	1	1	2	2	0	1	2	1	3	1	1	4	1	6	2	3	2	8	10	21	17	5	7	2	3	7	2	1	1	0	0	1	1	2	0	0	1	0	0	1	2	3	5	2	0	4	1	2	0	4	2	4	1	6	4	3	1	2	9	14	5	1	1	1	1	2	1	2	1	0	1	0	1	2	1	0	0	0	1	0	0	0	1	0	2	0	1	0	1	2	2	0	1	6	1	1	2	4	0	1	2	0	0	2	3	2	0	0	0	4	1	2	4	3	5	5	14	10	19	5	6	8	7	8	9	9	10	10	35	20	5	12	6	4	3	5	3	1	1	2	0	1	0	2	0	0	0	0	0	1	2	1	1	0	1	1	2	0	2	0	0	1	1	2	1	0	1	0	1	2	2	1	0	1	0	0	1	2	3	0	1	0	3	1	3	3	0	0	1	0	1	0	0	0	1	0	0	0	0	1	1	2	1	2	0	1	0	1	3	2	0	1	1	1	2	0	0	0	0	0	0	1	3	2	2	1	1	2	0	0	1	0	1	3	1	2	1	1	1	2	3	1	1	5	1	4	3	6	8	7	7	2	11	3	3	5	9	5	1	3	3	3	1	0	2	1	2	2	3	6	4	7	4	2	1	2	3	1	1	0	0	0	0	1
0	0	0	0	0	0	0	0	1	0	2	0	1	0	0	1	0	1	0	1	0	0	1	0	0	0	1	0	0	1	1	0	0	1	0	0	1	0	0	0	5	0	0	2	2	1	0	1	1	1	1	0	1	2	0	1	1	0	3	0	0	0	0	0	0	0	3	0	0	0	0	0	0	1	0	0	0	0	2	1	1	2	2	2	0	0	1	3	2	0	1	1	0	2	1	0	0	1	0	0	0	2	0	0	0	1	0	0	0	0	1	1	0	1	1	0	0	1	1	0	0	1	1	0	0	0	0	1	1	0	3	0	1	0	0	0	1	0	1	1	2	2	0	0	0	1	4	4	4	7	1	3	6	6	3	0	2	1	0	4	2	3	1	4	0	0	1	2	1	0	1	2	0	1	1	0	1	1	0	0	0	0	1	4	0	2	2	7	0	33	8	3	3	2	3	1	2	3	1	10	2	3	3	2	2	2	2	4	1	5	3	2	1	4	3	5	3	2	9	14	9	8	7	15	50	33	15	4	7	5	2	3	4	2	1	0	0	1	0	1	0	0	2	0	3	2	5	1	2	4	1	0	2	2	1	1	0	0	3	5	2	2	4	2	7	2	1	2	0	2	0	0	0	2	2	1	1	2	1	0	0	2	0	1	0	1	1	0	0	1	1	1	1	1	0	2	0	1	0	0	0	2	0	0	3	1	0	0	1	2	3	1	0	3	1	1	1	0	2	2	1	5	5	6	6	6	4	3	6	5	12	17	96	47	14	19	12	9	8	2	5	4	2	3	2	0	2	0	0	1	2	1	0	3	1	0	1	0	0	1	3	2	0	1	1	2	2	0	1	2	2	0	0	1	0	0	1	1	1	1	0	2	2	1	1	1	0	4	0	1	0	0	0	2	3	0	0	0	1	0	0	0	2	0	0	1	1	0	3	0	0	1	3	2	3	2	0	1	0	2	1	0	0	0	0	1	0	2	4	1	0	1	1	0	1	0	0	2	0	2	1	1	1	1	0	0	3	2	3	1	5	5	3	2	5	2	2	2	1	2	3	2	2	2	4	3	1	1	2	3	1	1	4	3	4	7	16	12	6	5	1	1	1	2	2	3	3	0	0
0	0	0	0	0	0	0	0	0	0	0	0	0	0	0	1	0	0	1	1	0	1	0	1	1	0	0	0	0	0	0	1	1	0	0	0	3	0	0	1	2	2	2	1	2	4	0	3	2	0	1	0	4	0	0	0	0	0	1	1	1	3	0	0	3	0	0	0	2	1	1	0	0	0	0	1	0	1	1	2	1	1	4	0	1	1	1	0	3	5	0	3	1	1	1	0	1	1	0	0	1	1	2	0	1	0	2	1	1	1	1	0	0	0	0	0	0	0	0	0	1	0	1	1	0	0	0	1	1	0	0	0	0	1	1	1	0	0	0	1	2	0	0	1	0	0	3	4	8	6	5	6	2	2	2	2	1	2	4	4	2	0	2	1	0	0	1	2	0	1	0	0	1	0	0	1	1	0	0	0	0	0	2	2	1	0	0	4	33	0	20	10	7	4	5	3	3	3	6	9	6	4	1	4	6	1	4	3	2	3	2	4	9	3	5	6	6	18	20	15	14	10	9	12	14	6	9	7	5	4	1	6	4	2	3	3	1	0	1	1	0	1	2	1	2	2	2	3	2	0	0	1	1	1	1	1	0	1	0	2	0	0	0	3	1	1	0	0	2	1	0	1	0	1	0	0	1	0	0	0	0	0	1	1	1	1	0	0	0	1	1	1	0	0	1	2	2	0	0	0	0	2	0	1	1	2	0	0	0	0	0	0	0	0	0	1	0	1	3	0	1	1	4	6	4	2	3	2	2	1	10	12	31	8	3	11	4	10	7	4	2	0	1	2	0	2	0	1	1	3	2	1	1	2	1	2	1	0	0	1	1	0	1	0	1	0	0	2	2	0	2	0	0	0	0	0	2	0	3	1	1	5	2	3	0	3	2	0	2	0	0	1	0	0	0	0	1	1	0	2	1	1	1	0	1	1	1	1	0	3	0	1	0	2	1	0	0	0	1	1	2	0	0	0	0	1	0	0	0	0	2	0	1	0	2	0	2	0	0	1	3	0	3	2	4	2	1	2	2	2	2	1	5	2	1	1	4	1	4	3	4	2	2	0	2	1	1	0	0	1	0	1	1	3	1	3	4	12	2	5	1	2	4	2	3	0	1	2	1
0	0	0	0	0	0	0	0	0	0	0	0	0	1	1	0	0	1	0	1	1	1	1	0	1	0	1	0	0	0	0	1	1	0	0	1	2	1	3	0	0	1	1	0	0	1	3	2	2	0	1	0	1	1	1	0	1	1	3	1	4	2	0	1	0	2	0	0	0	0	0	1	1	2	1	1	2	0	2	0	2	0	2	1	3	2	6	2	2	4	6	6	5	1	2	1	3	1	0	2	1	2	3	2	0	1	1	0	1	0	0	0	0	0	1	0	2	1	1	1	1	0	0	0	0	1	2	0	1	2	1	2	1	0	0	0	0	1	2	3	0	0	4	5	5	4	3	6	5	1	5	5	1	2	4	2	0	1	0	2	2	0	2	2	0	0	0	0	1	0	0	0	0	1	0	0	0	0	3	1	1	0	0	1	0	1	1	5	8	20	0	104	20	12	15	6	7	8	5	11	5	6	7	4	6	4	0	3	5	2	5	8	23	9	3	3	5	10	39	18	5	26	5	7	5	4	6	3	2	3	1	11	9	8	0	0	0	4	2	2	5	0	1	0	1	2	0	5	1	2	2	0	3	0	1	0	1	1	2	1	1	0	2	5	0	1	1	2	1	3	0	0	0	1	0	0	0	1	1	0	1	0	0	1	0	0	1	0	2	0	0	1	1	1	0	0	0	2	2	0	2	0	1	0	1	0	1	0	0	0	2	1	0	0	0	0	0	2	0	3	1	1	1	3	1	3	3	5	1	5	4	3	7	0	0	5	6	3	2	1	0	1	1	3	1	2	2	1	2	3	0	3	0	0	1	0	0	0	0	0	0	1	1	0	1	1	1	1	1	0	0	0	1	2	2	0	2	0	0	0	0	2	0	0	1	0	2	0	1	0	0	1	1	0	1	0	0	0	0	0	1	0	1	0	1	0	3	1	0	0	1	0	1	0	4	0	1	0	0	3	1	0	0	0	0	2	0	1	1	0	1	0	0	1	0	0	0	1	0	0	2	1	1	1	0	1	2	0	3	0	0	6	5	3	3	1	0	1	2	0	1	1	1	0	3	2	1	2	2	0	0	2	1	1	3	3	1	7	4	4	4	1	1	1	1	2	1	1	0
0	0	0	0	0	0	0	1	0	3	0	0	1	0	2	0	2	0	1	1	2	1	0	0	1	0	0	1	0	0	1	1	0	1	1	0	0	1	1	1	1	3	2	0	1	1	1	1	0	1	0	0	1	1	1	1	1	0	2	2	1	1	0	1	1	1	1	3	2	0	1	1	1	0	0	0	1	1	0	2	1	1	1	1	1	2	6	8	6	3	3	2	2	0	0	0	0	0	1	3	2	0	0	0	2	1	1	0	1	0	0	0	0	1	1	2	1	2	0	1	1	1	1	0	0	1	0	0	1	1	0	0	0	0	0	0	0	1	2	0	2	2	2	2	3	4	3	2	1	2	3	2	1	1	0	2	0	4	0	1	1	0	0	0	0	1	0	1	0	0	0	1	2	0	1	0	0	1	1	1	0	0	0	0	1	2	0	2	3	10	104	0	31	24	38	12	6	16	11	9	7	3	8	6	6	5	3	3	3	5	6	14	13	6	8	5	2	9	21	10	5	18	11	8	6	3	5	1	4	4	5	17	11	9	3	3	6	4	3	2	0	2	1	5	2	4	2	4	4	2	3	3	0	3	1	1	2	0	1	1	1	1	0	0	0	2	0	0	0	1	0	1	0	1	2	0	1	1	0	0	0	0	0	0	1	1	0	0	1	0	0	0	1	0	0	1	0	0	1	0	1	1	0	1	1	1	0	1	0	0	1	1	1	0	0	0	0	1	3	2	2	0	0	1	4	1	4	1	6	2	0	6	3	4	4	2	4	1	3	1	1	2	1	2	2	1	1	0	0	0	1	1	0	0	2	0	0	0	0	1	1	1	0	1	0	0	0	0	1	2	1	0	0	0	0	0	0	0	0	1	0	1	0	0	1	1	0	1	0	1	1	0	0	1	1	0	0	0	0	0	2	2	0	1	0	0	0	0	0	0	0	0	1	1	1	1	1	0	0	1	1	0	0	1	1	0	1	0	2	0	0	0	1	1	0	0	1	0	1	2	1	1	1	1	0	1	2	2	3	0	2	1	2	2	2	2	1	2	1	0	2	1	0	0	1	0	0	2	0	0	1	2	0	0	1	0	1	1	2	2	3	1	2	1	1	2	0	0	0
0	0	0	0	0	0	0	0	0	1	0	1	2	0	0	0	1	2	3	1	0	0	0	1	1	1	0	0	1	0	0	0	2	1	0	0	0	1	2	2	2	1	2	1	0	0	2	1	3	2	1	3	4	1	1	1	2	1	2	0	0	2	0	3	0	0	1	1	0	2	1	0	2	1	0	2	1	1	0	1	0	0	3	3	0	8	5	13	14	6	3	4	2	2	2	2	5	1	1	3	1	1	1	0	1	0	1	1	2	1	1	1	2	0	2	0	1	0	0	1	0	0	0	1	0	1	0	0	2	2	0	0	0	1	1	0	0	1	0	0	1	2	1	0	3	3	4	2	2	0	0	4	2	2	1	2	2	2	0	0	0	1	0	1	1	0	2	0	1	0	0	1	1	0	0	3	0	0	0	0	1	0	0	1	0	1	1	0	3	7	20	31	0	115	26	32	9	15	11	9	2	6	5	11	25	10	7	8	7	11	5	14	15	12	12	6	3	5	7	9	6	19	3	5	4	3	4	2	6	4	6	6	6	10	4	3	3	1	7	3	4	0	4	4	7	2	3	7	3	3	1	0	4	0	0	1	1	3	0	1	0	2	0	2	0	1	0	0	1	1	0	0	0	0	0	0	1	0	0	0	0	0	0	0	0	0	0	0	0	2	0	1	0	0	0	0	0	1	1	1	0	0	1	0	0	1	0	0	0	0	1	0	0	1	1	0	0	0	0	0	0	0	0	2	1	3	1	3	0	0	5	1	6	1	2	0	2	1	2	2	0	2	1	0	2	1	0	2	0	0	0	0	1	3	0	0	0	1	1	0	0	0	1	0	1	0	0	0	0	1	0	0	1	0	0	0	0	0	1	0	0	0	0	0	0	0	1	1	0	0	0	0	1	0	1	0	0	0	0	0	2	1	0	1	0	0	1	0	0	0	0	0	0	0	0	0	0	0	0	0	0	1	0	1	0	0	3	1	0	0	0	1	0	1	2	2	0	1	1	0	0	0	0	1	0	3	2	0	3	2	0	1	2	0	0	2	1	1	1	1	0	0	1	2	1	1	3	1	1	1	0	0	1	2	0	0	2	2	0	1	0	1	0	0	0	1	2	0	3
0	0	0	0	0	0	0	2	0	0	0	0	1	1	0	2	2	3	3	0	0	0	0	1	2	1	0	0	0	0	0	1	0	0	1	0	0	1	1	1	2	1	2	0	1	0	3	2	2	4	1	1	0	5	5	1	2	0	2	4	0	6	1	0	0	0	0	0	1	1	0	2	0	1	0	1	0	0	1	3	3	1	2	0	1	4	6	16	21	6	5	6	3	2	3	4	2	2	1	3	1	2	0	0	2	1	1	1	3	2	3	2	1	1	2	1	1	0	1	0	2	0	1	2	0	1	0	2	1	0	0	3	0	0	0	1	0	2	3	1	5	4	2	2	4	3	2	3	1	0	1	2	0	3	3	1	0	0	0	0	2	4	0	0	0	0	1	0	0	0	0	0	0	0	0	1	0	0	0	0	0	0	0	0	0	0	1	1	2	4	12	24	115	0	58	14	12	9	11	6	2	4	5	9	12	4	3	8	4	4	3	7	10	7	6	5	4	5	13	4	5	8	6	2	2	5	5	3	2	2	5	5	5	14	4	3	4	3	8	3	2	2	2	5	1	1	4	2	4	1	1	2	1	2	1	1	1	0	1	0	0	1	1	2	0	1	0	1	0	0	0	0	1	0	0	0	0	0	2	0	0	0	0	0	0	0	0	0	0	1	0	0	0	0	0	0	1	2	0	0	0	1	0	0	1	2	0	1	0	0	2	0	0	0	0	0	2	0	0	0	0	1	1	3	2	3	1	1	1	3	1	1	2	2	2	4	1	0	0	1	0	1	1	1	0	1	0	1	0	0	0	1	0	0	1	0	0	0	0	0	0	0	0	0	2	0	0	0	0	0	0	1	0	1	2	0	1	0	1	1	0	0	0	1	1	0	0	1	0	0	0	1	0	1	0	0	0	0	1	0	0	0	0	0	2	1	0	0	0	0	0	1	0	0	0	1	1	0	0	0	0	0	0	0	0	1	0	0	1	0	0	1	0	0	0	1	0	0	0	0	0	0	2	2	1	1	0	0	1	0	3	2	3	3	1	0	0	1	0	1	1	0	2	1	0	0	0	0	2	1	0	1	0	0	2	2	0	1	2	1	2	1	0	0	2	0	0	0	0
0	0	0	0	0	0	0	0	0	1	0	0	0	0	1	1	0	0	1	2	1	0	1	0	0	1	0	2	0	0	0	0	0	3	0	0	2	0	1	1	0	1	1	0	1	0	1	1	0	2	1	0	0	1	1	0	0	3	3	4	2	0	1	1	1	0	2	0	1	0	0	0	1	1	0	0	2	0	2	1	2	0	3	3	3	2	2	16	10	5	2	1	5	1	3	0	1	3	0	2	4	2	4	1	0	1	3	0	0	1	2	0	0	0	3	1	0	0	1	2	2	0	0	0	0	0	0	0	1	1	0	2	1	0	1	0	0	1	2	1	3	0	3	3	2	5	1	0	3	2	6	1	2	0	4	2	3	0	0	0	3	1	0	0	0	0	0	0	0	0	1	0	0	0	0	1	0	0	0	1	0	0	0	0	0	1	1	1	3	5	15	38	26	58	0	51	28	17	7	6	5	3	2	3	3	5	3	3	2	4	5	5	7	4	1	4	2	9	5	2	3	8	7	6	5	2	5	5	2	5	11	9	26	35	6	4	10	11	4	6	4	1	2	3	4	1	2	3	4	2	3	3	2	1	2	2	3	2	2	1	2	0	2	0	1	1	0	0	0	2	0	0	0	0	0	0	2	0	0	0	0	1	1	0	0	0	0	0	1	1	0	0	0	0	2	0	0	0	0	2	0	0	1	0	1	0	0	0	1	0	1	0	0	0	0	1	0	1	2	0	1	1	0	0	1	2	6	0	1	0	3	1	2	3	1	1	1	2	2	3	1	2	1	2	0	1	1	0	0	1	0	2	0	1	1	0	1	0	0	1	1	0	1	0	0	1	2	0	0	0	1	0	0	0	0	0	1	2	0	0	0	1	1	0	0	0	0	0	0	0	0	0	1	0	0	1	0	0	0	1	1	0	1	0	0	1	0	1	0	0	1	0	2	1	0	1	0	0	2	0	0	0	2	1	1	0	0	1	0	0	0	0	0	0	0	0	0	1	0	3	1	2	2	0	0	0	0	4	2	1	1	2	2	3	0	0	0	0	0	1	1	1	1	1	1	1	0	2	0	3	0	1	0	1	1	2	1	0	2	1	1	0	4	2	0	0	0	2	0
0	0	0	0	0	0	0	1	2	0	0	0	0	0	0	0	0	0	0	1	3	1	0	0	1	0	1	0	2	1	2	1	1	0	2	1	1	0	1	0	1	0	1	0	0	1	1	1	2	2	1	0	1	0	1	0	0	0	3	2	1	1	0	0	0	1	0	0	2	0	0	2	0	1	0	1	1	2	0	3	1	1	1	3	1	2	6	3	15	6	5	4	2	2	1	1	1	1	1	1	1	1	0	1	0	0	1	0	0	1	0	0	2	2	1	3	2	1	1	0	3	2	1	1	0	1	0	0	1	3	1	1	1	1	0	0	1	1	2	0	1	2	0	4	3	3	3	2	2	0	0	2	2	2	1	4	3	1	1	2	1	1	0	2	1	1	0	1	0	0	0	1	0	1	0	0	0	0	0	0	1	0	1	0	0	0	2	3	1	3	6	12	32	14	51	0	24	16	14	8	3	4	7	8	17	10	9	7	3	5	1	6	6	8	2	3	4	1	3	5	2	10	4	4	2	2	3	3	7	5	4	10	14	8	6	6	11	12	20	3	5	1	2	5	5	5	4	9	3	4	0	1	3	1	1	1	0	2	0	0	0	0	1	1	2	0	0	0	0	2	0	0	0	0	0	0	0	0	0	0	1	0	0	0	0	0	0	1	0	1	0	0	0	0	0	1	1	0	0	0	1	0	0	0	1	0	0	0	0	0	0	2	1	1	0	1	0	0	2	0	1	0	2	3	3	4	3	1	2	2	0	4	1	0	0	2	1	4	3	0	1	0	2	0	0	0	0	0	0	0	1	0	1	0	1	1	0	0	0	0	0	0	0	1	0	1	0	0	1	0	0	0	0	0	0	1	0	1	0	0	3	0	3	0	0	0	0	0	0	2	0	0	0	1	0	0	0	0	0	3	0	1	0	1	0	0	1	1	1	0	0	0	0	1	1	1	1	1	0	0	1	1	0	0	0	2	0	0	0	0	0	0	0	0	0	0	0	0	0	0	2	1	1	1	1	0	0	1	0	4	0	1	2	0	0	3	0	0	0	0	0	1	0	1	1	0	0	1	0	0	0	0	0	0	1	0	1	1	1	2	0	1	0	0	0	2	0	0	0
0	0	0	0	0	0	0	0	0	0	1	1	0	1	0	1	0	0	4	0	0	1	1	0	0	0	1	0	1	0	2	0	0	1	0	0	0	0	1	1	0	3	0	0	2	2	2	3	2	0	1	2	1	0	0	1	0	0	1	0	0	0	0	0	0	0	0	1	2	0	0	1	1	0	0	0	0	2	0	1	0	1	2	1	2	1	1	4	3	6	2	3	5	1	0	0	0	2	1	2	0	1	0	0	0	0	0	0	1	0	1	1	2	3	3	1	1	0	2	0	0	0	0	0	0	0	1	0	0	1	0	0	0	1	0	0	2	2	2	0	4	1	1	2	3	2	2	2	1	3	1	4	1	2	2	3	0	3	0	2	2	0	0	1	0	0	0	0	0	0	1	0	0	0	0	1	0	2	0	0	2	1	0	0	0	1	1	1	2	3	7	6	9	12	28	24	0	49	58	13	11	8	3	15	29	9	2	1	2	4	2	3	5	4	2	0	3	1	4	6	3	1	7	5	1	4	3	4	5	3	14	25	20	14	10	8	17	17	11	4	3	4	7	7	11	10	12	17	1	8	4	2	3	1	1	1	0	0	1	1	2	0	0	0	0	0	1	0	0	0	2	0	0	0	0	0	1	0	0	0	0	0	1	0	0	0	0	0	0	0	0	0	0	1	2	0	0	0	0	0	0	1	0	0	0	0	1	0	0	0	0	0	1	0	1	0	0	1	2	0	0	0	0	3	0	1	3	1	2	1	4	4	3	0	3	4	0	1	1	2	1	1	3	1	0	1	0	1	0	0	1	0	1	0	0	0	0	0	0	0	0	0	0	0	0	0	0	2	1	0	1	0	0	0	0	0	1	0	1	0	0	1	1	2	0	0	3	0	0	0	0	1	1	0	1	0	0	1	1	0	1	0	0	1	0	0	1	0	0	1	0	0	1	1	4	0	1	0	1	0	0	0	0	0	1	1	0	1	2	0	1	0	0	0	0	0	0	0	0	0	0	0	0	1	0	0	0	1	0	0	0	0	1	3	1	0	1	0	2	0	0	1	1	1	0	0	1	1	4	2	1	0	0	4	2	0	3	4	2	0	0	1	1	1	0	0	0	0	0
0	0	0	0	0	0	0	1	2	1	0	0	1	1	1	0	1	2	1	0	0	1	1	1	0	1	0	0	0	0	1	1	1	0	0	0	2	0	2	1	0	0	1	0	0	3	1	0	2	1	1	1	1	2	0	0	0	1	0	0	0	0	1	0	2	0	0	1	0	0	0	1	2	1	3	2	1	1	1	0	0	1	0	1	3	3	4	6	3	4	2	0	2	2	2	1	1	0	1	2	1	1	0	0	1	1	0	0	0	0	1	0	1	1	0	3	0	2	0	0	1	1	0	2	0	2	0	1	0	1	1	0	1	0	3	1	0	4	0	2	2	2	1	5	3	2	3	2	0	0	0	3	5	2	3	3	0	3	2	3	1	0	3	1	1	0	0	0	0	0	0	0	0	0	0	3	0	0	0	1	0	0	2	2	0	3	0	4	3	3	8	16	15	9	17	16	49	0	62	91	17	9	11	15	8	6	6	7	3	3	5	5	9	3	6	3	2	1	2	8	7	21	10	14	9	5	8	2	9	9	11	29	16	17	4	3	9	7	5	4	5	0	4	0	11	7	6	12	6	5	2	4	2	5	3	3	1	1	2	2	0	0	0	2	1	1	1	0	0	0	0	2	2	1	2	0	0	0	2	0	0	1	1	0	0	0	0	0	0	0	0	0	0	0	0	0	0	0	0	0	1	0	0	0	3	1	0	0	0	0	0	1	0	0	0	0	0	0	3	2	1	0	3	3	7	2	10	5	4	2	2	0	3	5	3	5	1	2	1	0	0	1	3	2	1	1	0	0	1	1	1	0	0	0	1	0	1	0	0	0	2	2	2	2	1	1	0	1	1	0	0	1	0	1	0	0	0	0	0	1	2	1	0	2	0	0	2	0	0	1	1	0	1	0	0	0	0	0	0	0	0	0	1	0	0	0	0	0	1	0	0	1	0	2	0	2	0	0	1	0	0	0	0	0	0	0	0	0	0	1	0	0	0	1	0	1	0	1	0	0	0	1	0	0	1	0	0	0	0	4	3	1	0	3	0	1	1	2	0	1	1	0	1	2	0	0	1	0	2	1	1	0	2	0	0	2	0	0	0	0	3	1	1	2	2	1	1	1	1
0	0	0	0	0	0	0	1	0	0	0	0	0	0	0	1	0	2	2	1	2	0	1	3	1	0	0	1	0	0	0	2	0	2	0	0	0	1	1	0	0	1	0	0	0	3	2	0	0	0	2	0	0	0	1	2	0	1	1	0	0	0	0	1	2	0	1	1	1	0	0	1	2	1	1	2	0	1	2	0	4	1	0	0	1	2	2	1	2	3	3	2	2	0	0	1	1	1	1	1	0	0	0	2	0	0	0	0	0	1	1	0	2	1	0	1	0	1	1	0	0	0	0	0	0	1	1	1	0	2	0	1	0	0	0	0	0	1	0	0	0	1	0	2	2	1	1	2	4	1	1	5	1	0	4	3	0	2	3	1	4	2	1	1	0	0	1	1	0	1	0	1	1	0	0	1	1	0	1	0	1	1	1	2	0	0	2	1	1	6	5	11	11	11	7	14	58	62	0	37	12	8	9	13	11	9	5	4	4	3	4	3	5	2	4	1	2	4	3	0	6	9	13	9	4	1	5	6	12	4	16	18	13	5	1	5	9	12	9	5	2	3	6	10	16	15	24	22	8	5	4	5	3	3	3	2	2	2	4	3	0	1	1	2	0	1	1	1	0	0	1	1	0	1	0	0	1	0	0	0	0	0	0	0	0	0	0	1	0	0	0	0	1	2	0	0	0	0	1	0	0	0	1	0	0	0	0	0	0	0	0	0	1	0	1	1	0	0	1	2	2	0	1	4	6	3	4	2	2	0	0	0	3	0	1	1	1	2	2	0	2	0	1	0	0	0	0	1	0	1	0	1	1	0	1	0	0	0	1	0	0	0	0	0	0	1	0	1	0	1	0	0	1	0	1	1	0	1	0	0	1	0	1	2	0	0	0	1	3	0	1	1	1	1	0	0	0	0	1	0	0	0	2	0	0	1	0	0	0	0	1	2	0	0	0	1	0	1	0	1	0	1	1	0	0	0	0	1	2	0	0	0	0	1	0	1	0	0	1	0	2	1	0	0	0	0	0	1	1	0	3	2	2	1	1	0	0	1	2	3	0	1	0	1	1	0	0	1	1	0	0	0	0	2	2	1	1	1	0	0	0	1	1	0	0	0	1	0	0
0	0	0	0	0	0	0	1	1	0	0	0	0	1	0	0	0	1	0	0	2	0	0	1	0	0	2	1	0	1	3	0	1	2	2	0	2	0	0	0	1	1	3	2	1	0	0	0	0	0	1	1	0	1	0	1	2	0	2	1	2	0	2	1	1	0	0	1	2	0	0	0	0	0	0	2	1	0	0	0	1	1	3	1	0	2	3	2	1	1	2	1	2	1	4	0	1	0	0	1	1	1	1	0	0	0	0	1	0	0	1	1	0	0	0	0	0	0	2	0	0	0	2	1	0	1	0	0	0	0	0	0	0	1	0	0	0	0	2	1	1	0	1	1	3	1	1	2	2	3	1	2	6	7	2	1	3	0	5	2	3	7	0	0	0	2	2	0	2	1	0	1	0	0	0	2	0	1	0	0	1	1	4	1	1	1	3	6	10	9	11	9	9	6	6	8	13	91	37	0	38	21	20	13	11	2	4	10	9	3	4	8	4	3	4	2	3	2	6	7	9	21	32	15	6	3	9	5	11	9	1	19	7	3	2	3	4	2	5	4	3	4	2	4	5	6	17	16	9	8	6	0	6	4	2	3	3	2	1	2	2	2	1	2	0	0	2	1	0	0	0	0	0	0	0	0	0	2	0	1	0	2	0	0	0	0	0	0	0	0	1	0	2	0	0	0	1	1	1	1	0	0	0	0	0	0	0	1	1	0	1	0	1	0	1	0	0	2	1	2	2	3	1	4	9	17	9	5	2	6	5	2	4	4	3	3	3	5	2	2	0	1	0	0	0	1	0	3	1	0	0	0	0	0	0	0	0	0	1	1	0	1	0	1	2	0	0	0	2	1	1	0	0	0	0	0	0	0	1	0	0	1	1	0	0	0	4	0	1	0	0	1	2	1	0	1	0	0	1	0	1	0	0	0	0	0	1	1	0	0	0	0	0	1	1	0	0	1	1	1	0	0	0	0	0	1	0	0	1	0	0	0	1	1	0	1	0	2	0	1	0	2	1	0	0	1	1	1	2	0	0	3	0	2	1	0	0	2	0	1	1	1	0	1	1	0	1	0	1	2	1	1	0	1	3	3	3	1	1	1	0	0	0	0	2	1	0	0	1
0	0	0	0	0	0	0	0	1	0	2	1	2	1	0	2	0	1	0	0	3	1	0	0	2	1	0	0	0	0	0	0	0	0	0	0	1	1	0	0	0	0	0	0	0	2	1	1	1	0	0	0	1	0	0	2	0	1	0	1	2	1	2	0	0	0	0	0	0	1	0	0	0	0	0	1	0	0	0	1	2	0	1	3	0	3	2	1	2	4	0	2	4	0	0	2	2	1	1	1	1	1	0	2	0	1	2	1	2	0	2	1	2	1	1	0	3	0	1	0	0	0	0	0	2	1	1	2	0	1	0	0	0	0	0	0	0	0	2	1	0	0	2	4	0	0	1	2	6	3	4	4	8	6	13	6	4	3	5	1	8	7	2	0	0	0	1	1	0	0	0	0	0	0	1	1	1	0	0	1	0	1	0	1	0	3	0	3	2	6	5	7	2	2	5	3	11	17	12	38	0	209	61	20	15	4	13	10	14	11	9	9	4	7	7	3	4	1	6	10	23	37	50	14	6	2	5	7	9	1	2	4	2	6	2	3	1	3	3	1	2	4	1	3	2	13	28	18	11	5	7	7	9	4	3	2	1	4	1	2	4	2	1	1	3	1	1	0	0	0	0	1	0	0	1	0	2	1	1	0	0	0	2	0	0	0	0	0	0	1	0	2	0	0	1	0	1	1	1	0	1	0	2	1	1	1	0	2	0	2	0	1	0	1	1	1	0	0	0	1	0	2	2	7	8	20	8	6	6	1	4	3	4	2	1	1	4	3	2	1	1	1	1	0	0	1	0	0	1	2	1	0	1	1	0	0	0	0	2	0	1	1	1	0	1	1	1	1	1	0	0	0	0	0	0	0	0	0	2	0	2	0	0	2	1	0	1	1	0	0	1	0	0	0	0	0	0	2	1	1	0	0	1	0	0	0	0	1	0	0	0	0	1	1	2	0	0	2	2	0	0	2	0	0	0	2	2	0	0	2	1	0	0	0	0	4	0	1	0	0	0	2	0	2	0	0	2	0	1	0	2	4	2	1	2	1	0	1	2	1	1	4	0	2	0	1	2	2	2	0	2	0	0	3	2	0	1	4	2	1	0	2	1	1	0	0	0	1	0
0	0	0	0	0	0	0	0	1	0	0	0	0	1	1	0	1	0	1	1	1	0	0	1	1	0	0	0	1	1	0	1	1	0	2	0	2	0	0	0	0	0	0	1	1	1	1	1	0	0	0	1	0	0	1	1	0	2	0	0	1	1	0	0	1	1	0	0	1	0	0	2	0	0	0	1	0	0	0	1	2	2	0	1	0	1	1	0	7	0	1	0	2	2	3	0	3	0	1	1	3	1	1	0	1	2	0	2	1	1	1	0	1	1	0	0	0	0	0	1	1	1	0	0	0	0	0	0	0	1	0	1	0	2	0	1	0	0	0	2	1	0	0	0	4	0	3	2	3	2	4	6	17	12	15	8	6	7	5	6	5	7	4	0	0	2	0	0	0	1	0	0	0	2	0	0	0	3	2	0	0	0	1	1	2	2	1	3	3	4	6	3	6	4	3	4	8	9	8	21	209	0	50	14	9	5	8	16	15	6	4	6	8	10	4	5	4	2	5	13	19	25	38	29	10	6	8	4	2	2	3	2	2	2	2	3	1	2	2	1	4	3	4	4	6	4	20	15	6	3	14	10	5	4	4	2	5	1	2	0	2	3	5	4	2	2	0	1	0	0	0	2	0	0	1	0	2	0	1	0	0	0	0	1	1	1	0	0	0	0	0	0	0	0	0	1	0	1	1	0	1	1	1	2	1	0	0	1	0	0	1	0	0	0	1	0	0	0	1	5	2	1	1	3	14	26	26	8	7	3	7	6	2	2	6	1	2	0	0	0	1	2	0	1	1	0	0	1	1	1	1	0	0	0	2	0	0	0	0	0	0	1	0	0	1	1	0	0	1	1	0	0	1	0	1	1	0	0	1	0	0	2	1	1	0	1	1	0	0	1	0	1	0	0	1	0	1	0	0	0	0	1	0	2	0	0	1	0	1	0	0	1	3	1	0	0	0	1	1	1	0	0	0	0	1	0	1	1	0	0	1	0	1	0	0	0	1	0	1	0	0	2	0	0	0	2	0	2	1	1	2	4	0	1	3	3	1	1	0	1	0	2	2	0	0	1	0	2	1	1	2	0	0	1	0	0	2	1	2	2	1	1	0	1	0	0	1	2	0
0	0	0	0	0	0	0	0	1	0	1	0	0	0	0	1	1	0	0	2	1	0	0	0	0	1	1	0	0	1	1	0	3	1	0	0	2	0	0	2	1	1	0	2	2	4	0	1	0	1	1	1	0	0	2	3	2	0	2	2	0	2	2	1	0	1	0	1	2	0	2	0	1	1	0	0	1	2	1	1	1	0	0	4	2	2	2	1	8	3	1	3	7	4	4	2	2	2	2	1	2	1	1	0	1	2	1	0	3	0	0	1	2	0	2	0	0	0	2	0	1	1	1	0	0	0	1	0	1	0	1	1	2	2	1	0	0	0	1	0	1	0	2	2	0	0	0	2	4	1	5	4	7	10	17	3	1	1	4	3	3	2	1	1	0	0	0	0	0	0	0	0	0	0	0	1	1	0	0	0	0	2	1	0	0	1	2	2	3	1	7	8	5	5	2	7	3	11	9	20	61	50	0	42	25	9	18	35	38	15	5	15	7	7	1	8	2	2	5	9	24	31	19	2	8	6	2	5	2	7	3	2	3	1	4	0	0	2	1	4	2	2	6	6	3	4	16	19	9	14	11	14	4	2	4	1	1	0	2	2	1	3	1	4	3	3	0	0	1	0	0	0	1	1	1	0	1	0	0	0	0	0	0	0	0	0	1	0	0	0	0	1	1	0	1	1	0	1	0	1	0	1	0	1	0	1	0	0	0	0	1	0	0	0	1	0	0	0	1	1	2	2	2	8	6	6	11	5	3	2	6	4	1	3	2	1	1	3	2	2	2	1	2	0	1	2	1	1	1	0	0	0	0	1	0	0	0	2	1	0	0	0	0	0	0	0	1	0	0	0	0	1	0	0	2	0	1	0	0	0	0	0	0	0	0	0	0	1	2	0	0	1	1	0	0	0	0	0	1	0	0	0	0	0	1	0	1	1	1	0	0	0	0	1	0	0	1	0	0	0	1	0	1	0	0	0	0	1	0	1	1	2	0	0	0	0	2	0	0	0	0	0	1	0	0	1	0	0	1	0	0	1	2	3	2	2	1	2	0	1	2	3	0	0	0	0	2	0	1	1	0	0	1	1	0	0	0	0	1	0	0	1	1	1	1	0	1	1	0
0	0	0	0	0	0	0	1	0	2	0	0	0	0	1	0	1	1	3	2	1	3	0	0	0	2	1	1	1	0	1	2	1	1	0	1	0	0	2	0	0	0	1	2	2	1	3	2	0	0	0	0	3	1	0	0	0	1	0	0	1	2	1	1	0	0	1	0	1	1	0	1	3	0	1	2	0	2	2	0	0	1	1	1	3	0	3	6	1	4	3	2	0	4	1	1	1	1	3	2	1	4	0	0	2	0	1	0	1	0	0	0	2	2	3	3	0	0	1	1	0	1	1	1	0	1	0	1	2	0	0	1	0	1	0	2	0	1	0	1	2	0	0	2	1	1	1	4	2	0	0	2	3	4	5	4	1	3	2	2	2	1	3	0	0	1	1	1	1	1	1	0	0	0	0	0	0	0	0	0	0	0	0	1	0	0	2	1	2	4	4	6	11	9	3	8	15	15	13	13	20	14	42	0	96	39	46	36	20	11	15	17	6	7	3	5	3	2	4	4	14	15	5	7	2	1	0	3	4	4	3	4	4	4	3	4	3	3	3	4	2	4	4	5	9	9	12	16	20	12	8	9	3	3	1	3	3	0	1	1	0	0	4	1	3	0	2	0	1	0	0	2	0	2	1	1	0	1	0	1	0	1	0	1	0	0	1	0	1	2	1	0	0	2	1	1	0	0	0	0	0	0	0	0	1	1	1	0	1	0	0	0	0	0	1	0	0	0	1	2	3	3	1	4	2	6	2	6	2	2	8	2	1	2	2	1	0	0	1	3	1	0	0	3	1	0	1	1	1	2	0	0	0	0	0	0	0	1	0	0	1	0	0	2	0	1	1	1	0	0	1	0	1	1	0	0	1	1	0	1	1	0	2	0	0	1	0	0	0	0	0	0	1	0	0	0	1	0	0	0	1	0	0	0	0	1	2	0	0	0	0	2	0	0	1	1	2	0	1	1	1	0	0	0	1	0	0	0	1	0	0	0	0	0	0	0	0	1	1	0	0	1	0	1	1	1	1	0	0	0	2	2	2	1	0	0	0	3	0	2	0	3	1	1	0	3	0	2	0	0	1	0	2	2	1	1	0	2	1	0	0	0	1	0	1	0	0	1	1
0	0	0	0	0	0	0	0	1	0	0	1	0	0	0	1	3	3	1	0	3	0	1	0	0	0	1	0	0	3	0	1	1	2	1	0	2	2	1	1	2	2	1	2	0	3	1	2	1	2	1	0	2	0	1	1	4	0	0	1	0	3	1	1	1	0	0	0	2	1	2	1	1	0	1	0	0	0	1	0	0	1	2	1	2	1	1	5	4	2	2	5	7	1	6	4	1	0	2	2	3	1	0	1	2	1	0	0	0	5	1	3	1	2	2	1	2	1	1	0	0	0	0	0	0	2	1	2	2	3	1	3	2	1	1	1	1	1	0	2	1	2	0	2	2	1	1	2	4	3	2	6	5	1	4	1	2	2	2	3	0	1	0	1	1	0	0	0	0	0	3	0	1	0	0	0	0	0	2	1	1	0	0	0	0	0	0	1	2	6	6	6	25	12	3	17	29	8	11	11	15	9	25	96	0	78	63	18	7	13	7	14	8	6	5	1	2	2	4	5	8	12	8	6	5	0	0	1	1	1	4	5	4	3	1	4	7	10	7	2	5	1	4	3	2	8	8	16	11	6	4	5	1	1	5	1	2	1	1	1	2	2	0	1	2	1	1	0	0	0	0	0	0	0	0	0	1	0	1	0	0	1	1	0	0	0	0	1	1	0	0	1	0	1	0	0	0	1	0	0	0	1	2	1	1	0	0	1	0	0	1	0	0	0	1	0	0	1	0	0	1	1	0	2	3	3	6	0	1	3	4	2	1	3	1	0	0	4	0	0	0	0	1	1	0	1	0	0	0	2	0	1	1	0	0	1	1	0	1	0	0	1	0	1	1	2	0	1	2	0	0	0	0	0	0	0	0	1	0	0	0	1	0	0	1	0	1	1	1	2	3	0	0	0	0	0	0	0	0	1	1	0	0	1	0	0	0	0	1	0	0	1	0	0	0	0	0	0	3	0	0	0	1	0	0	0	1	1	1	0	0	0	0	0	0	0	0	0	0	2	0	0	1	1	0	1	1	0	0	2	2	1	3	1	0	1	0	1	2	0	0	1	0	0	3	2	0	0	1	0	0	1	1	1	1	3	4	1	2	1	1	1	1	2	0	1	0	1	0
0	0	0	0	0	0	0	0	2	1	2	0	0	0	1	1	0	0	0	1	1	1	0	0	0	0	0	0	1	1	0	1	1	0	2	2	1	0	0	0	1	0	0	0	1	1	2	0	1	0	1	0	1	1	1	0	0	2	2	1	0	1	0	0	2	0	1	2	4	0	0	0	1	1	1	0	0	2	2	1	1	1	0	0	1	2	2	2	5	4	4	2	3	2	4	7	1	2	2	3	1	0	1	0	1	1	1	3	1	1	1	2	3	2	2	4	0	1	0	0	0	0	1	1	1	0	0	1	1	3	2	1	0	1	1	1	0	0	2	1	0	2	0	0	2	1	4	2	0	0	5	1	2	3	4	0	2	2	3	4	0	2	1	1	0	0	1	0	0	0	1	0	0	1	0	1	0	0	0	0	0	0	2	1	0	0	1	1	2	1	4	5	10	4	5	10	9	6	9	2	4	5	9	39	78	0	76	18	5	6	4	9	8	3	4	3	0	0	9	3	5	3	4	1	3	4	1	3	2	4	1	4	4	2	4	1	5	2	12	7	10	4	8	13	7	4	5	13	14	10	5	5	2	0	2	0	2	1	0	0	2	0	1	0	2	1	1	0	0	0	1	0	0	0	0	0	1	0	0	0	0	0	1	0	1	0	0	0	1	3	0	0	0	0	0	0	0	1	1	0	2	2	0	0	1	0	0	0	0	0	1	0	0	1	0	2	0	1	1	0	1	1	0	3	4	2	0	2	1	1	1	5	0	1	2	2	0	0	1	1	1	0	1	1	0	1	0	0	1	0	0	0	0	0	1	0	0	0	1	0	1	0	1	0	0	0	0	1	0	0	0	0	0	0	1	0	0	1	1	0	1	1	1	0	0	0	0	0	1	0	0	0	0	0	0	0	0	0	0	0	0	0	0	0	0	1	0	0	0	0	0	0	0	0	1	1	0	0	0	1	1	0	1	1	0	0	1	0	1	0	0	0	0	0	1	0	0	0	0	1	1	0	2	1	0	1	0	0	0	0	0	1	0	1	0	0	2	0	0	1	1	0	1	0	3	0	2	0	0	1	0	0	0	0	0	1	0	2	1	1	0	0	0	0	0	0	0	0	0
0	0	0	0	0	0	0	0	0	1	0	0	1	2	1	0	1	4	0	2	1	1	0	1	0	1	1	1	0	0	0	1	1	0	0	0	1	0	2	1	2	3	2	1	2	1	2	2	0	1	0	0	0	2	1	1	0	2	0	1	1	2	1	1	0	0	2	0	0	1	1	0	2	0	1	0	3	1	2	3	4	1	0	1	2	1	1	4	2	1	2	1	3	8	4	4	3	3	2	0	4	2	0	1	1	0	1	2	0	1	1	0	3	2	2	2	1	2	1	0	2	1	1	1	0	0	0	0	0	1	1	0	1	0	3	1	0	1	2	1	3	0	0	3	3	2	4	2	1	4	2	1	5	2	6	3	2	3	0	1	1	3	2	0	0	0	0	0	0	0	0	1	1	0	0	0	0	1	0	0	0	1	0	0	0	0	0	1	2	4	0	3	7	3	3	9	2	6	5	4	13	8	18	46	63	76	0	39	11	13	6	7	4	3	4	1	2	2	4	3	4	5	3	3	1	3	5	0	2	1	3	2	2	2	1	2	4	4	5	8	1	6	3	3	4	7	4	17	17	9	12	2	2	0	1	0	2	0	0	3	0	0	0	1	2	1	0	0	0	0	0	0	1	0	0	2	0	0	1	0	0	1	1	0	0	0	1	0	0	0	1	1	0	0	0	0	0	0	1	0	1	1	0	1	0	0	1	0	0	0	0	0	0	0	0	0	0	0	0	0	1	1	2	1	2	3	0	2	3	0	1	3	5	1	1	3	2	0	0	2	1	0	3	1	1	0	0	0	0	0	1	0	0	0	0	0	0	2	0	0	1	0	0	0	0	0	0	1	0	1	1	0	0	0	0	0	0	0	0	1	1	2	0	0	1	0	0	1	0	0	0	0	0	0	0	0	0	0	0	2	0	0	0	0	0	0	0	0	0	0	1	0	2	1	0	0	1	1	0	0	1	0	0	1	1	1	0	0	0	0	0	0	0	0	0	0	0	1	0	0	2	0	0	0	0	5	0	3	0	0	2	0	1	1	1	0	0	2	0	0	1	2	1	0	1	0	1	0	1	0	2	0	0	0	1	3	3	2	1	0	0	0	1	0	2	1	0	0	1
0	0	0	0	0	0	0	1	1	1	0	0	0	1	0	1	2	1	7	0	0	3	0	1	1	0	0	0	0	1	0	0	0	1	0	1	2	1	2	0	0	2	2	0	1	4	0	1	0	1	0	0	1	4	1	0	0	1	0	1	0	1	0	1	0	0	0	0	0	1	0	0	0	0	1	0	2	0	0	1	1	0	0	1	0	3	3	2	2	2	1	0	1	5	5	3	4	1	1	4	1	1	0	1	2	3	2	0	1	5	1	2	3	0	0	0	4	1	0	1	0	0	1	0	1	1	1	1	0	0	0	1	1	0	1	1	0	1	2	1	0	1	1	1	0	2	3	3	2	1	3	6	15	4	13	7	1	7	3	5	0	6	0	2	1	0	1	1	0	2	0	0	0	0	0	1	1	0	0	0	1	2	0	1	0	0	0	2	4	3	3	3	8	8	3	7	1	7	4	10	10	16	35	36	18	18	39	0	69	38	17	22	12	6	2	7	2	2	3	6	19	5	6	5	2	1	2	2	1	2	4	0	2	2	1	1	2	2	3	8	1	1	6	3	5	3	6	10	11	10	10	2	0	2	0	3	1	0	5	0	1	1	1	0	0	0	0	0	1	1	0	0	1	0	1	0	0	0	0	0	1	0	0	0	1	1	1	0	0	0	0	0	0	2	0	0	0	0	1	1	0	1	0	1	0	0	0	0	1	0	0	0	0	0	0	1	0	0	0	0	2	1	0	3	4	4	4	4	5	3	4	4	3	2	2	0	0	1	2	0	0	0	1	2	0	0	0	0	0	0	0	2	0	0	0	0	0	0	0	1	0	1	0	1	1	0	0	0	1	1	1	0	0	0	3	0	0	0	1	0	0	0	0	0	0	0	0	0	0	1	0	0	0	0	0	0	0	1	0	0	0	1	2	1	0	0	0	0	0	0	0	0	0	0	0	0	0	2	0	1	1	0	0	1	0	0	0	0	0	0	0	0	1	1	0	0	0	2	1	0	0	1	0	0	0	1	1	0	0	0	1	2	1	1	0	2	1	0	1	0	0	2	1	1	0	0	0	2	0	1	1	0	0	0	0	0	2	1	1	1	1	1	2	0	1	2	0	0	0
0	0	0	0	0	0	0	0	1	0	0	0	1	1	2	1	1	0	2	2	1	2	1	1	0	0	1	0	0	0	2	1	2	1	0	0	0	1	1	1	1	0	1	0	2	1	3	2	0	2	0	0	1	1	0	0	0	0	1	1	2	3	0	0	1	0	0	0	0	0	0	0	0	2	0	1	2	2	3	1	0	1	2	2	4	1	2	1	4	1	2	2	1	1	3	3	3	0	5	1	1	0	1	1	2	1	1	1	0	4	0	1	0	0	2	1	1	3	0	1	1	0	0	0	0	0	0	1	1	1	0	1	0	0	1	0	1	0	1	1	0	1	2	2	1	2	3	2	4	4	10	8	29	9	11	7	4	5	2	0	1	2	0	3	0	0	0	0	1	0	1	1	0	2	0	0	0	0	0	1	0	2	0	1	0	0	1	2	1	2	5	3	7	4	2	3	2	3	4	9	14	15	38	20	7	5	11	69	0	40	7	21	9	12	4	1	1	2	9	9	17	14	4	8	3	0	3	1	0	0	2	3	2	2	4	1	1	3	2	4	0	0	4	3	7	0	4	2	4	1	6	5	1	0	1	1	1	0	1	0	0	3	3	1	5	0	0	0	0	0	0	0	0	1	0	0	0	0	0	0	2	1	0	0	0	0	0	0	0	0	0	0	1	1	1	0	0	2	0	0	0	0	1	0	0	0	0	0	0	0	0	1	0	0	1	1	0	0	1	0	1	2	1	2	2	5	3	2	1	5	3	4	2	2	0	2	0	0	0	0	1	1	2	0	0	2	0	0	0	1	0	0	1	0	0	0	0	0	0	0	0	0	0	0	1	0	0	1	0	0	0	0	0	0	1	0	0	0	1	1	0	0	3	1	1	0	0	0	1	0	0	1	0	2	0	0	0	0	0	0	0	2	0	1	0	0	0	1	1	0	0	1	0	0	1	0	0	2	0	0	0	0	0	0	0	0	0	2	3	0	1	0	0	0	0	1	0	0	0	0	0	1	0	2	1	0	1	0	0	2	0	2	4	3	0	0	1	2	1	3	2	0	1	1	0	0	0	0	2	0	0	0	0	1	0	2	0	1	1	1	0	1	1	1	0	0	0	0	0
0	0	0	0	0	0	0	2	1	0	0	2	0	0	0	1	1	1	1	4	1	2	0	0	0	1	0	1	1	0	1	0	1	1	1	2	1	1	2	2	1	1	1	4	2	3	0	1	1	0	1	0	1	0	2	0	0	1	4	2	0	3	2	2	0	0	1	0	0	1	0	2	0	1	1	0	3	2	1	0	3	1	1	0	1	3	4	2	6	3	3	3	3	6	4	1	1	3	1	6	3	3	1	2	2	1	4	3	1	2	0	1	1	1	0	2	0	0	1	0	1	2	1	0	1	0	1	1	0	1	0	2	2	3	1	0	1	0	1	1	3	2	0	1	1	3	1	5	7	4	6	6	13	3	5	4	5	4	2	1	0	0	0	2	1	1	0	1	2	0	1	1	0	0	1	1	0	0	0	0	0	0	1	1	0	0	1	0	5	3	2	5	11	4	4	5	4	3	3	3	11	6	15	11	13	6	13	38	40	0	75	49	27	22	13	4	3	5	3	9	14	12	3	6	7	4	4	2	1	2	2	1	5	3	0	0	3	3	3	2	3	0	0	3	1	1	5	2	6	4	5	7	5	2	0	2	0	1	0	0	0	1	0	0	1	2	1	0	0	0	0	1	0	0	0	0	0	0	0	0	0	0	0	1	0	0	0	0	0	0	0	0	0	1	0	1	0	2	1	0	1	0	0	1	0	1	2	0	0	0	0	1	0	0	1	0	0	0	1	1	3	1	0	1	5	6	3	4	7	3	5	2	2	2	0	1	3	0	2	2	2	1	2	1	1	2	0	1	2	0	0	0	1	0	1	1	0	0	1	1	0	1	1	0	0	0	0	1	0	1	0	2	0	0	0	0	3	0	1	2	2	0	0	0	1	0	0	0	0	0	1	0	1	1	0	0	0	0	1	0	0	0	0	0	0	0	0	0	0	2	0	1	1	0	1	0	3	2	0	3	0	0	0	0	0	0	1	1	1	0	0	0	0	0	0	0	1	1	0	0	2	1	0	0	0	1	1	2	3	2	0	1	3	2	4	0	1	1	1	1	3	0	2	2	1	0	2	1	0	2	0	0	1	0	3	0	1	1	3	0	2	0	0	0	0	1	0	0	2
0	0	0	0	0	0	0	0	0	1	1	1	1	0	0	1	2	0	0	4	2	2	2	1	1	0	0	0	0	1	1	1	1	0	1	2	1	1	2	1	3	1	0	4	1	2	2	1	0	0	1	0	0	1	1	1	0	1	2	0	2	0	0	1	1	0	0	1	1	0	0	3	2	0	2	0	0	1	2	1	2	2	0	2	4	6	10	3	8	5	3	5	10	3	10	1	0	1	0	1	5	1	1	3	1	1	2	4	1	2	4	2	2	2	1	0	1	1	2	1	0	0	0	0	1	1	2	2	1	0	1	0	0	4	1	1	2	1	3	2	3	1	4	4	2	2	0	8	4	6	3	4	3	5	2	1	1	2	1	1	3	4	1	0	1	0	0	0	0	0	0	1	0	1	0	0	0	0	0	0	1	0	1	0	0	0	1	1	3	2	5	6	5	3	5	1	2	5	4	4	9	4	5	15	7	4	6	17	7	75	0	23	19	38	16	6	1	4	13	14	8	11	2	3	3	6	2	0	2	2	2	1	1	2	2	0	0	2	1	2	5	6	3	2	2	2	3	6	4	0	3	1	0	0	0	0	1	2	0	0	1	0	1	3	1	0	0	0	0	1	0	0	0	0	0	0	2	1	0	0	0	0	1	0	0	1	0	0	0	1	0	0	0	0	0	1	0	0	0	2	1	1	2	1	0	1	0	0	0	1	0	0	0	1	0	0	0	0	0	1	1	2	0	0	1	2	1	3	3	2	4	1	3	2	0	1	1	3	1	0	1	1	0	0	0	1	0	0	0	1	0	1	1	1	0	0	0	0	0	0	1	0	0	0	2	0	0	1	2	0	0	0	1	0	1	0	1	0	0	2	2	0	0	0	0	0	1	1	0	0	0	0	0	0	0	0	1	1	0	0	0	0	0	0	0	0	2	1	0	0	0	0	1	0	1	2	2	2	0	1	0	1	1	0	1	0	0	0	0	1	0	0	1	0	0	0	0	1	0	1	1	1	1	1	1	1	1	2	1	1	0	4	0	1	0	5	0	0	2	0	0	0	1	0	0	0	1	0	0	1	0	1	0	1	0	0	4	1	2	0	1	1	0	0	0	0	2	0	1
0	0	0	0	0	0	0	1	0	0	2	1	1	3	1	0	0	3	1	2	1	0	1	2	0	1	2	0	0	1	0	2	1	0	0	1	1	2	4	1	1	0	0	1	0	2	2	2	0	1	1	4	1	0	0	0	1	1	3	1	2	1	1	1	1	0	2	0	0	1	0	1	0	0	0	0	1	2	0	2	2	0	0	5	4	5	4	6	4	5	3	2	7	6	2	2	2	2	1	3	5	1	0	0	0	1	2	2	2	0	2	1	0	1	1	0	0	2	0	1	0	0	1	1	0	3	1	2	2	1	1	1	0	1	0	1	0	0	3	1	3	4	2	0	3	3	4	3	7	6	3	3	10	5	4	3	2	1	3	1	3	1	1	0	0	0	0	0	0	1	0	0	0	0	0	0	0	0	0	0	2	1	0	0	1	0	0	2	2	4	8	14	14	7	5	6	3	5	3	8	9	6	15	17	14	9	7	22	21	49	23	0	98	40	18	12	3	7	6	18	17	12	5	7	6	1	5	0	3	0	3	7	6	5	3	1	1	4	4	3	3	2	0	5	3	1	2	5	4	4	4	2	2	0	3	0	3	0	2	2	5	2	0	0	1	0	1	0	0	0	0	1	0	1	0	0	0	0	0	0	0	0	1	0	0	0	0	1	0	0	1	0	0	0	0	0	0	0	1	0	1	2	1	1	0	1	0	1	0	0	0	0	0	1	1	0	2	0	0	0	0	2	1	3	6	2	0	1	0	4	6	2	2	5	1	1	1	1	0	2	0	0	0	2	0	1	0	1	2	0	0	0	0	1	0	0	0	0	1	0	0	1	0	0	0	0	3	0	3	1	0	0	0	0	0	0	0	0	0	0	1	1	0	0	1	0	0	0	0	0	0	0	0	0	0	0	0	1	0	1	0	1	0	0	1	0	1	1	0	1	2	1	0	0	1	0	2	2	0	1	1	0	0	1	1	1	1	0	1	1	1	0	1	0	0	0	0	0	0	0	3	2	2	0	1	1	0	0	0	1	2	1	3	3	2	1	1	2	1	0	1	0	0	1	0	1	1	0	0	0	1	0	1	2	2	1	1	1	1	0	0	1	1	2	0	1	1	0	0
0	0	0	0	0	0	0	0	1	0	0	0	1	2	0	1	2	2	2	1	2	0	1	1	0	1	1	0	0	2	1	0	3	0	2	0	0	1	0	0	2	0	0	3	5	3	1	5	1	1	0	0	1	1	0	1	1	1	0	3	3	0	0	3	1	0	0	0	2	2	1	3	0	1	0	0	2	1	2	1	1	1	1	6	4	2	5	11	9	4	5	5	10	2	7	0	2	3	1	3	6	3	4	1	1	1	3	2	3	3	0	1	2	0	2	2	0	0	2	1	0	0	1	0	2	0	1	1	0	3	0	0	1	2	0	0	0	2	2	2	0	1	1	6	3	5	2	6	10	5	3	5	8	2	5	3	3	2	0	2	1	4	2	0	1	0	0	0	0	1	1	0	0	0	1	2	0	0	0	0	0	1	0	0	1	1	2	1	1	9	23	13	15	10	7	6	5	9	5	4	4	8	7	6	8	8	4	12	9	27	19	98	0	68	26	19	8	5	15	18	9	18	6	3	3	5	2	3	3	2	5	5	5	4	0	0	3	1	0	4	1	4	0	0	3	3	3	5	1	0	3	1	0	1	0	1	0	1	2	0	2	0	0	2	1	1	2	0	0	0	0	2	0	0	1	0	0	0	0	0	0	0	0	0	0	0	0	1	0	1	0	0	1	0	0	0	0	0	2	2	0	0	0	0	1	1	0	0	2	0	1	0	0	0	0	0	3	1	2	0	1	1	0	3	0	1	8	5	1	2	3	3	9	1	1	1	0	1	0	2	0	2	0	0	0	0	1	1	1	1	0	0	1	0	0	1	0	1	0	1	0	0	0	1	0	0	0	0	0	1	0	1	0	0	2	1	1	1	1	0	1	1	0	2	1	0	0	0	2	0	1	0	1	0	0	0	0	0	1	0	0	0	1	2	0	0	0	0	0	0	0	0	0	0	2	0	0	0	1	0	0	0	0	0	0	0	0	0	0	0	1	0	0	0	0	0	0	1	0	0	1	1	1	2	3	1	0	4	2	1	2	3	0	3	3	1	0	0	0	1	2	1	0	1	1	0	0	0	1	0	2	0	1	1	0	3	2	3	0	2	1	0	0	1	2	0	1	0	1
0	0	0	0	0	0	0	1	0	0	1	0	0	0	0	1	0	2	3	1	3	1	2	0	0	1	0	1	0	1	0	0	0	0	1	1	2	0	4	0	3	4	0	3	2	3	8	3	0	1	2	2	1	2	1	4	1	2	2	2	2	1	1	0	0	1	1	1	3	1	1	1	2	2	0	1	0	2	2	0	1	1	0	2	4	3	8	9	5	7	0	4	9	8	4	2	6	0	2	2	10	1	2	0	1	5	4	3	0	0	0	0	0	2	0	2	0	0	1	1	1	0	0	0	1	0	0	0	0	1	1	2	4	1	1	1	5	2	3	2	3	2	3	3	4	4	4	6	10	4	3	7	5	2	3	4	2	2	1	4	1	5	1	0	0	0	0	0	0	0	0	1	0	0	0	1	1	0	1	1	0	2	1	0	2	0	1	3	4	3	9	6	12	7	4	8	4	3	2	3	7	10	7	7	6	3	3	6	12	22	38	40	68	0	106	23	9	5	10	9	11	6	1	3	2	1	2	2	1	1	1	5	3	3	0	3	0	1	1	2	2	0	0	2	2	1	3	1	2	0	1	3	3	0	2	0	0	0	0	2	1	1	0	1	2	0	2	0	0	0	0	0	0	1	0	0	0	0	1	0	0	0	0	0	1	0	2	0	0	0	1	0	0	0	0	1	0	1	0	1	0	4	0	2	1	1	0	0	0	0	1	0	1	0	2	1	0	1	0	0	0	1	2	1	3	2	4	1	0	2	2	4	2	2	1	0	0	1	2	1	0	1	0	0	0	0	1	0	1	0	0	0	0	1	1	0	2	1	0	0	0	1	1	1	1	1	1	1	0	0	0	0	0	0	0	0	0	1	1	2	0	0	2	2	0	0	1	0	0	0	0	0	1	0	0	1	0	1	0	4	0	0	0	1	1	0	0	0	2	0	0	1	1	2	0	1	0	0	2	1	1	0	0	0	0	0	2	1	2	1	0	0	0	0	0	1	0	0	1	1	0	0	0	0	0	0	1	3	0	2	1	5	6	3	0	2	0	3	0	0	0	1	2	1	0	0	3	1	0	0	1	0	1	1	1	0	0	0	1	3	1	2	0	3	0	1	0	1	2
0	0	0	0	0	0	0	1	0	0	1	0	0	0	0	0	1	1	0	2	0	1	1	2	3	1	0	0	1	0	0	1	2	0	0	1	3	1	0	0	3	1	1	1	5	10	3	7	0	1	1	1	0	0	0	2	2	0	1	0	0	0	0	0	0	2	0	0	0	0	1	1	0	0	2	2	1	3	2	0	2	4	0	3	9	4	3	5	8	0	4	6	4	3	4	1	4	1	1	1	4	1	2	3	3	0	2	3	4	2	1	0	4	2	0	2	0	0	1	0	0	0	0	0	0	0	2	0	1	2	2	0	0	0	1	1	1	1	1	1	5	3	5	1	5	4	12	17	8	4	5	5	6	1	0	1	2	3	2	1	1	0	0	1	0	0	0	1	0	0	0	0	0	0	0	0	0	1	0	0	0	0	1	0	0	0	2	1	3	5	3	8	12	6	1	2	2	6	4	4	7	4	1	3	5	4	4	2	4	13	16	18	26	106	0	28	4	2	12	13	7	5	2	2	3	7	1	5	0	0	1	3	1	2	3	3	1	1	2	2	1	1	0	3	2	2	5	4	1	3	1	1	0	0	0	1	0	1	1	1	0	0	1	1	3	2	0	1	0	0	0	0	1	0	1	0	0	0	0	1	0	0	1	0	2	0	0	0	0	0	0	2	1	0	0	0	0	0	0	1	1	1	3	1	0	0	1	1	0	0	0	1	0	0	1	0	1	2	1	0	1	1	1	1	3	4	1	3	3	1	1	4	3	3	1	2	3	2	2	0	0	0	1	1	0	0	0	0	1	0	1	1	0	1	0	0	1	1	1	0	0	0	1	0	1	1	2	0	0	1	1	1	0	0	0	0	0	1	2	0	2	0	0	2	0	0	2	3	0	0	0	1	0	0	1	0	0	0	0	0	0	0	0	0	1	0	0	0	1	0	1	1	2	0	2	0	1	0	0	0	0	1	0	0	0	0	0	0	0	0	0	0	0	1	0	2	2	0	0	1	0	1	2	2	2	0	0	1	1	2	0	2	0	2	1	2	2	1	2	3	0	3	1	0	0	0	1	1	1	0	0	0	1	1	1	3	3	1	3	0	2	0	1	1	0	2	0	0	0
0	0	0	0	0	0	0	0	1	1	1	0	1	2	0	2	1	2	3	0	0	0	0	0	2	1	0	0	0	0	1	0	0	1	0	1	2	2	2	0	0	2	2	0	7	4	2	4	0	2	1	0	0	1	1	3	1	0	0	2	1	0	0	2	2	0	0	0	0	0	0	0	0	0	1	1	1	0	1	1	1	1	0	2	7	6	7	8	6	3	2	1	3	2	3	3	0	2	4	2	3	3	2	0	2	2	1	1	0	2	0	1	0	0	3	0	1	0	1	0	0	0	1	0	0	1	0	0	3	1	0	0	0	1	1	0	3	0	0	1	1	2	4	2	5	10	10	20	3	8	2	3	8	2	1	0	1	1	0	4	1	0	1	0	1	0	0	0	1	1	0	0	0	1	1	1	0	0	1	0	2	2	1	0	0	0	2	1	5	6	3	5	6	5	4	3	0	3	1	2	3	5	8	5	1	3	1	7	1	4	6	12	19	23	28	0	38	15	24	22	10	6	4	2	1	0	0	2	1	0	2	3	2	3	1	0	2	0	0	2	1	0	1	3	1	1	4	4	3	1	4	3	3	0	1	1	1	1	0	0	0	1	1	0	2	2	2	0	0	1	0	0	0	1	0	0	1	0	0	0	1	1	0	0	0	0	1	0	0	0	0	0	1	1	0	1	2	0	0	0	0	3	0	0	1	1	0	0	1	1	0	0	1	1	1	1	0	0	0	1	1	2	0	1	1	1	1	2	1	2	4	4	2	3	3	3	3	2	2	2	0	2	0	0	0	0	0	1	2	0	0	0	0	1	0	0	0	2	0	0	1	3	2	1	1	0	0	1	0	1	1	0	1	0	0	0	0	0	0	1	2	2	0	2	0	2	0	0	1	0	0	1	0	0	0	1	1	0	0	1	0	0	0	3	1	1	0	0	1	0	1	0	0	0	0	0	0	0	1	1	0	0	0	1	1	0	1	1	1	1	0	0	0	0	0	0	0	0	0	1	1	1	4	0	0	3	1	1	2	4	3	3	2	1	1	1	3	0	1	1	0	1	0	0	0	1	1	0	1	3	1	1	3	0	3	4	5	3	3	4	2	2	0	1	3	0	0	2	0
0	0	0	0	0	0	0	0	1	1	1	1	0	0	0	1	1	1	1	2	1	1	0	1	1	0	0	0	0	0	0	0	1	0	0	2	0	0	0	2	3	0	4	1	4	4	0	0	1	0	1	0	2	1	2	1	1	0	0	1	0	0	0	1	2	0	0	0	1	1	0	1	2	1	2	2	0	3	3	1	3	3	2	5	6	6	4	7	2	2	1	2	1	3	2	1	1	1	0	2	2	1	1	1	2	2	3	2	0	2	1	1	0	1	0	1	0	1	0	1	0	1	1	0	0	1	0	0	1	1	0	0	0	0	0	1	0	0	0	5	0	1	4	1	11	6	23	15	9	3	4	7	2	1	1	0	0	1	2	4	0	0	0	1	0	0	0	1	0	0	0	0	0	1	0	1	0	0	0	0	1	1	0	0	0	1	0	4	3	6	5	2	3	4	2	4	3	2	2	3	4	4	2	3	2	0	2	2	1	3	1	3	8	9	4	38	0	44	25	7	5	0	4	3	5	2	0	0	3	2	3	2	2	2	2	0	0	0	1	1	0	2	1	0	0	1	2	2	0	0	0	1	2	0	0	0	0	0	0	0	1	1	4	1	1	0	0	0	2	0	1	0	0	0	0	0	1	0	0	0	0	0	0	1	0	0	1	0	0	0	1	3	0	0	0	3	1	0	0	1	0	1	0	0	1	0	1	0	0	0	1	0	0	0	1	1	0	0	0	1	2	2	1	2	3	2	0	2	2	5	1	3	1	1	3	3	7	1	0	3	1	0	1	1	0	0	0	0	0	1	0	0	1	0	2	1	0	0	2	1	1	1	0	0	2	0	0	1	2	1	0	1	0	2	0	0	1	0	1	0	1	3	3	0	2	0	0	0	2	0	1	0	0	0	0	0	1	0	0	0	0	1	0	1	0	1	0	0	0	1	0	0	1	2	0	1	0	0	1	1	1	0	0	1	0	1	0	1	1	1	0	0	1	0	2	1	0	1	0	1	2	1	0	0	1	5	2	2	2	4	2	2	1	2	0	1	0	1	1	1	1	2	1	0	0	1	1	1	1	1	1	2	1	1	0	4	5	3	0	1	1	4	0	3	1	1	3	0	1
0	0	0	0	0	0	0	2	2	0	1	0	0	0	0	0	2	0	1	2	1	0	0	0	0	0	2	0	0	2	0	1	1	1	0	0	0	0	0	2	1	0	2	1	2	2	2	1	4	0	2	0	1	1	0	2	1	0	2	1	2	1	1	1	1	0	1	0	2	0	0	1	0	2	2	1	1	0	3	0	2	1	1	4	3	4	5	5	5	2	2	1	1	0	3	0	1	1	1	1	3	0	0	1	1	3	2	0	0	0	0	1	1	1	1	2	1	0	1	1	0	1	0	0	0	0	1	0	0	0	0	0	0	1	0	0	1	0	0	2	1	0	2	4	8	1	4	12	3	1	6	4	2	2	1	1	0	2	0	1	0	1	1	0	1	1	0	0	0	0	0	2	1	0	0	0	0	0	0	1	0	0	0	0	1	0	0	1	2	18	10	9	5	5	9	1	1	1	4	2	1	2	2	2	2	0	2	2	2	5	4	7	5	5	2	15	44	0	41	14	3	2	1	6	4	1	5	1	3	2	2	3	1	4	3	4	3	1	1	1	3	0	0	0	1	2	3	1	3	0	1	0	3	2	0	0	0	0	1	0	0	0	0	1	1	0	0	1	0	1	1	0	1	1	0	0	0	0	0	0	1	0	0	0	0	0	0	0	0	0	1	1	1	0	0	2	3	1	0	0	0	1	1	0	1	0	1	0	0	0	1	0	0	0	0	2	1	0	1	0	1	2	1	3	1	2	5	2	3	0	4	2	7	2	4	4	4	2	5	0	0	2	4	4	0	2	1	1	1	0	1	1	0	1	1	0	1	1	2	1	1	1	0	0	4	1	1	0	2	0	1	0	0	3	1	0	0	0	2	4	3	1	1	1	0	1	0	0	0	1	0	2	0	0	2	0	0	1	0	0	0	1	0	0	0	1	0	0	1	1	0	0	1	0	0	1	0	0	0	0	0	0	0	0	1	0	0	1	0	3	1	2	1	0	0	1	2	0	1	2	2	1	0	3	2	6	2	3	4	2	4	5	5	1	2	2	3	0	0	0	1	2	1	1	1	0	1	2	1	3	2	1	1	1	1	3	6	7	4	6	3	1	1	5	2	2	0	3	3
0	0	0	0	0	0	0	0	2	2	0	0	0	0	0	1	0	0	1	1	0	0	1	0	1	0	0	0	0	0	1	0	0	0	0	2	1	0	2	0	0	1	2	3	5	1	2	1	0	6	1	0	1	3	1	0	0	1	0	0	1	1	0	1	0	0	0	0	0	0	0	0	1	1	1	0	0	0	2	0	1	1	1	0	1	1	3	9	6	3	0	0	4	2	2	1	2	0	0	2	2	3	0	0	2	1	2	1	1	1	1	2	1	0	1	1	1	2	1	0	1	0	1	0	0	0	0	0	0	1	0	1	0	0	0	0	0	0	1	3	1	1	4	1	3	7	5	5	7	3	3	6	5	3	3	1	0	1	1	1	4	1	0	0	0	0	0	0	0	0	0	1	0	0	1	0	1	0	1	1	0	0	1	0	0	1	1	6	9	20	39	21	7	13	5	3	4	2	3	6	6	5	5	4	4	9	4	3	9	3	13	6	15	10	12	24	25	41	0	34	11	7	5	9	9	3	11	5	5	1	1	2	4	2	1	1	5	2	1	2	3	2	1	2	2	2	1	2	1	3	2	2	0	0	0	0	0	0	0	1	1	0	0	1	2	1	2	1	1	2	0	1	0	0	1	1	0	0	1	0	0	0	1	1	1	0	1	1	1	0	1	1	1	1	1	0	0	0	0	0	0	1	0	1	1	1	0	0	0	0	0	0	1	0	0	1	1	0	0	1	0	3	3	5	1	2	3	0	2	4	4	6	13	5	3	3	5	1	0	5	1	3	2	5	2	1	2	2	2	2	0	2	1	2	0	0	0	0	0	1	1	1	3	0	0	0	1	0	0	0	0	0	0	0	0	0	0	0	1	1	2	1	0	2	2	1	1	0	2	0	0	0	1	0	0	0	0	1	0	0	0	1	2	1	0	0	0	1	0	0	1	1	0	1	1	1	2	1	1	1	2	1	0	0	0	1	0	1	0	0	0	1	1	1	0	0	0	0	0	1	1	0	0	0	1	3	3	0	2	5	1	2	4	5	2	0	3	5	3	2	2	4	1	1	0	1	3	2	1	1	0	0	0	2	1	6	2	5	4	4	1	1	1	1	0	1	5	0	0
0	0	0	0	0	0	0	0	1	0	1	0	2	1	0	0	1	2	0	1	0	2	0	3	0	0	0	0	0	0	0	0	1	1	0	0	1	1	1	0	2	1	1	1	4	1	1	1	0	0	1	0	1	0	1	1	0	1	0	0	2	0	0	2	0	1	0	0	1	0	1	1	0	1	2	0	2	1	1	0	2	0	0	0	3	4	2	5	0	1	4	1	1	3	3	2	0	1	2	0	2	0	0	1	1	1	3	2	0	2	1	3	0	2	1	0	0	1	0	0	1	1	0	1	0	1	0	0	0	1	3	0	1	0	0	0	0	1	0	2	0	1	1	0	3	1	6	13	18	6	8	14	5	4	5	5	0	5	1	3	1	1	1	1	1	0	1	1	0	0	1	0	0	0	0	1	2	1	0	0	0	1	1	1	1	0	0	2	14	15	18	10	9	4	2	5	6	8	0	7	10	13	9	4	5	3	3	6	9	9	14	18	18	9	13	22	7	14	34	0	39	19	7	12	11	2	6	2	4	4	6	4	6	4	1	2	4	2	1	0	0	1	1	1	3	3	4	4	1	0	4	2	4	2	2	1	1	0	1	4	2	2	1	1	2	4	4	1	0	0	0	1	1	0	0	0	0	1	0	0	0	0	0	1	0	0	0	0	0	0	0	1	0	0	0	0	0	1	0	0	2	1	3	0	1	1	0	2	0	0	0	0	2	0	2	0	0	0	0	0	1	0	2	5	3	6	1	3	6	7	9	8	9	8	1	8	4	0	1	0	0	2	1	4	0	2	0	1	0	0	0	0	1	0	1	0	3	0	0	0	0	1	0	1	1	0	3	1	1	0	1	1	1	0	1	0	0	1	1	1	2	0	3	1	1	1	2	0	0	1	0	1	1	0	0	0	0	1	0	0	0	0	0	0	2	0	0	0	0	0	0	0	1	1	0	2	2	1	2	0	0	0	0	0	0	0	1	0	0	2	1	1	1	1	0	1	0	1	0	0	0	1	0	2	0	2	1	2	2	0	3	8	7	5	2	2	0	2	3	0	1	1	2	1	0	1	1	1	2	1	0	0	2	1	1	2	7	2	4	2	0	1	2	1	1	0	1	0	1
0	0	0	0	0	0	0	0	0	0	0	1	0	1	1	2	1	3	1	1	1	0	0	2	0	0	1	1	0	1	0	2	1	1	0	0	1	3	0	2	2	0	3	2	2	1	2	3	2	0	0	0	2	0	0	1	1	0	0	2	0	2	1	1	2	0	0	0	0	1	0	2	0	2	0	1	0	0	3	1	1	2	1	1	3	2	2	3	4	0	1	1	1	1	3	1	1	0	0	0	1	1	2	1	1	2	2	1	0	0	0	0	3	0	0	0	0	2	1	0	0	0	0	1	1	0	0	1	0	1	2	2	0	0	0	0	0	0	2	1	0	1	0	1	1	1	4	6	8	2	10	20	30	9	14	6	5	8	4	2	1	3	7	2	2	1	1	0	0	0	1	0	0	0	1	0	0	1	0	0	0	0	1	0	0	2	0	3	9	14	5	5	6	5	3	2	3	7	6	9	23	19	24	14	8	5	4	19	17	14	8	17	9	11	7	10	5	3	11	39	0	26	32	41	10	5	6	2	6	0	3	3	5	3	1	0	0	1	3	1	1	0	2	2	2	2	3	5	2	4	2	4	3	1	4	1	1	3	1	0	1	1	1	3	3	2	1	0	0	1	0	1	0	3	0	1	0	1	2	0	0	1	1	0	0	1	0	0	0	0	0	0	0	1	0	0	0	0	0	1	1	1	0	3	0	0	1	0	0	0	1	2	3	0	0	1	0	1	1	1	2	2	2	4	12	8	8	10	12	7	15	16	11	3	3	1	3	2	5	2	1	3	0	2	0	1	1	0	0	0	2	0	0	0	0	0	0	0	0	0	1	1	1	1	0	1	0	2	2	2	0	0	0	0	0	0	1	2	0	1	2	0	2	3	1	0	1	2	0	0	0	0	1	0	0	0	1	0	0	1	1	0	0	0	0	1	1	0	0	2	1	0	0	0	0	2	0	1	1	0	0	0	0	0	1	1	0	1	0	0	0	0	0	0	1	1	0	1	2	0	0	1	0	2	0	0	1	2	3	2	5	2	7	3	4	1	2	2	2	2	0	3	3	2	0	1	0	3	1	3	0	0	0	0	1	6	3	2	1	0	0	0	2	2	1	2	0	1	2
0	0	0	0	0	0	0	0	0	0	1	0	1	0	0	0	0	0	0	2	0	1	0	1	1	0	0	0	2	1	0	0	0	0	1	0	0	0	0	0	1	0	1	0	0	0	4	1	1	0	2	0	0	1	2	1	0	1	1	1	2	1	1	0	1	1	1	0	0	0	0	0	1	0	0	2	0	2	1	0	0	0	0	2	3	1	1	1	5	1	2	1	3	1	1	1	1	0	1	3	2	0	1	1	0	2	1	1	0	2	0	1	0	0	1	0	1	0	0	0	0	0	0	0	1	0	1	1	0	2	1	0	0	0	0	1	0	2	3	1	0	2	1	0	2	3	2	2	4	4	1	6	4	1	1	5	0	2	2	1	2	1	1	0	0	1	0	1	1	1	1	0	2	0	1	0	0	1	1	0	0	0	1	1	0	2	0	2	8	10	26	18	19	8	8	10	1	21	9	21	37	25	31	15	12	3	5	5	14	12	11	12	18	6	5	6	0	2	7	19	26	0	40	33	9	12	6	6	7	4	6	3	5	8	0	2	4	3	3	2	2	2	3	3	6	4	9	13	3	4	6	7	4	1	3	2	2	1	0	3	1	3	1	2	4	2	0	0	0	0	1	0	0	1	1	0	0	0	0	0	0	0	2	0	0	0	0	0	2	0	1	1	0	1	0	0	0	0	0	1	0	2	0	1	0	0	2	1	0	0	1	2	0	0	0	0	0	1	2	1	1	1	4	3	6	9	6	5	4	0	5	4	5	7	1	2	4	1	0	0	0	4	0	3	0	1	1	1	3	0	0	2	1	1	1	2	0	1	1	0	0	0	0	0	0	1	0	0	0	0	2	0	0	0	0	0	1	0	0	0	0	1	0	1	1	1	0	0	1	0	0	1	0	0	0	1	0	0	0	0	0	0	0	0	1	0	0	1	0	0	0	0	0	1	1	0	1	0	0	1	0	0	0	2	0	1	1	1	0	0	0	0	1	1	0	1	0	1	1	1	1	2	1	0	0	4	0	1	4	0	2	2	6	0	1	0	0	3	0	0	0	2	4	0	0	0	4	0	0	1	0	0	2	0	2	2	2	5	2	0	5	1	1	0	1	1	2	1	0
0	0	0	0	0	0	0	0	0	0	1	1	0	0	0	0	1	1	1	1	0	1	1	0	0	1	0	1	1	2	0	0	0	1	0	1	0	0	0	0	0	1	0	1	0	3	1	1	0	2	0	0	2	0	0	0	0	0	0	1	1	1	2	0	1	0	1	1	1	1	0	0	1	0	0	0	0	1	1	1	0	0	0	2	1	0	4	0	3	0	1	0	3	1	0	1	0	0	0	1	3	2	1	1	0	0	0	0	1	0	0	1	0	3	2	1	0	0	0	0	0	0	0	1	0	0	1	0	0	1	0	0	2	0	0	1	0	0	0	1	0	0	1	0	0	2	0	4	4	2	3	8	13	9	6	3	3	1	2	3	9	10	4	2	0	1	0	1	0	0	3	0	0	0	2	0	2	0	2	0	0	1	1	0	1	2	0	8	7	9	5	11	3	6	7	4	7	10	13	32	50	38	19	5	8	4	3	6	4	3	2	5	6	1	2	4	4	1	5	7	32	40	0	225	21	14	12	11	6	5	3	6	5	3	0	2	3	3	4	3	1	2	2	1	4	6	15	5	3	6	4	6	3	4	3	1	1	1	0	1	5	0	7	3	3	1	3	0	1	1	0	1	1	0	0	0	0	1	0	0	0	1	0	0	0	0	0	0	1	0	0	1	1	0	1	1	0	0	1	0	0	1	0	0	0	1	0	1	0	0	0	0	0	3	2	0	1	1	2	1	4	3	1	9	22	23	24	9	10	5	10	14	11	9	5	2	1	0	4	6	0	0	0	1	0	1	1	1	0	0	0	0	1	0	2	0	1	2	1	0	0	1	0	1	0	0	3	0	3	0	0	0	0	0	0	1	0	1	1	2	1	1	0	0	0	0	2	0	1	1	0	0	0	0	0	0	0	0	0	0	2	2	0	2	0	0	1	0	0	0	1	1	0	1	1	3	1	0	0	2	1	1	0	0	0	0	0	1	1	1	0	0	1	1	1	2	0	0	1	0	2	1	2	1	0	0	1	1	0	1	5	2	0	0	0	7	3	0	2	1	1	2	3	0	0	1	1	0	2	0	0	2	0	1	1	3	3	4	1	3	3	2	2	2	1	0	0	1	0
0	0	0	0	0	0	0	0	0	0	0	0	0	0	0	0	0	0	1	0	1	0	1	0	0	1	1	0	1	0	0	0	0	0	0	0	2	0	1	0	0	1	1	2	0	1	0	2	0	0	0	0	1	1	1	0	1	0	0	0	0	1	0	0	1	0	1	3	0	2	0	2	1	1	0	1	1	0	0	0	1	1	1	0	0	2	2	3	2	2	1	1	0	0	0	2	1	1	0	2	1	1	0	1	0	1	0	0	0	1	0	0	0	0	0	0	0	0	0	0	0	0	0	1	1	0	1	0	0	0	0	1	0	0	0	1	0	1	1	2	0	2	1	3	1	1	6	5	4	3	2	11	10	6	9	5	4	3	3	6	6	1	1	1	1	0	2	0	0	0	1	1	0	0	0	0	0	1	1	1	1	1	0	1	3	0	1	10	15	12	7	8	5	2	6	4	5	14	9	15	14	29	2	7	6	1	3	5	8	6	3	7	3	3	2	2	3	6	9	12	41	33	225	0	44	18	8	9	6	7	2	6	3	1	1	2	1	2	1	3	0	1	2	3	3	5	9	2	5	3	5	0	3	7	2	0	0	2	2	1	3	3	3	3	2	1	1	0	1	0	0	1	0	1	0	2	0	2	0	0	0	2	0	0	0	1	0	1	0	1	1	0	1	1	1	0	1	0	0	2	1	2	1	2	1	0	0	0	1	0	0	1	1	0	1	1	0	0	2	1	1	0	2	7	15	12	16	8	7	7	12	17	14	8	6	11	2	6	4	1	2	1	2	2	2	0	1	0	1	2	0	0	2	0	1	0	1	0	0	1	0	0	2	0	1	0	0	0	1	0	1	1	0	1	0	1	0	1	1	0	1	0	0	3	1	2	0	3	0	0	0	0	1	1	0	0	1	2	0	0	0	0	1	1	0	1	1	0	0	0	0	0	0	0	1	2	0	0	0	1	1	0	1	0	2	1	0	0	1	1	0	0	1	0	0	0	0	2	0	0	0	0	0	1	1	3	1	2	2	1	0	5	6	5	3	5	3	2	2	2	2	1	1	2	0	4	1	3	1	1	1	1	2	4	1	2	4	1	1	3	2	1	3	0	0	4	1	1	1
0	0	0	0	0	0	0	0	0	0	0	0	0	0	0	0	1	0	2	0	0	0	0	0	0	1	0	0	0	0	0	0	1	0	0	0	0	0	1	2	0	0	0	0	1	0	0	1	1	0	0	0	0	0	0	1	0	1	0	1	2	0	2	0	0	1	0	1	0	1	0	0	0	2	1	0	1	0	0	2	1	0	1	0	0	0	2	5	3	0	1	2	1	1	0	0	0	1	0	0	2	1	0	0	0	1	2	0	0	0	1	0	0	1	0	1	1	1	0	0	0	0	0	0	0	0	2	1	1	0	0	1	0	0	2	0	0	0	2	0	1	0	2	1	0	0	0	2	2	5	4	5	5	4	1	2	3	4	2	5	4	3	0	4	1	0	1	2	1	0	2	0	1	1	0	0	1	1	0	0	0	0	1	2	0	1	5	21	50	14	5	6	4	2	5	2	1	9	4	6	6	10	8	2	5	3	1	2	3	7	3	6	3	2	3	1	5	4	9	11	10	9	21	44	0	51	13	10	9	1	1	7	0	3	0	2	2	2	3	1	1	0	1	1	0	2	6	5	0	2	1	7	6	3	1	1	1	0	1	0	4	0	2	3	4	1	2	1	1	3	2	0	0	1	2	1	0	0	0	1	1	0	0	1	0	0	0	0	1	1	1	0	0	1	1	1	0	1	1	1	1	0	2	1	3	0	3	0	1	0	0	3	1	0	0	2	0	2	2	3	2	7	2	17	19	10	9	6	10	9	26	11	28	22	19	12	7	10	6	1	1	2	0	1	3	4	0	0	0	0	0	1	0	0	1	2	2	2	1	2	2	0	1	1	0	0	1	1	1	0	0	1	0	1	0	0	0	1	0	1	1	1	2	1	1	2	2	0	1	1	0	1	0	2	1	0	1	1	0	1	0	0	0	0	1	0	1	1	1	1	0	0	0	2	3	2	0	2	0	1	2	0	0	0	0	2	4	0	1	2	2	1	1	0	0	1	2	0	1	0	2	1	1	1	0	2	0	1	2	7	5	2	5	7	2	2	3	5	1	3	1	3	3	1	1	1	4	1	1	1	1	0	3	4	3	2	3	5	4	5	0	1	1	3	1	2	2	0	2
0	0	0	0	0	0	0	0	0	0	0	0	0	1	0	0	0	1	0	0	0	0	0	0	0	1	0	0	0	1	0	0	0	1	0	0	0	0	1	0	0	2	0	0	1	1	0	0	0	1	0	1	1	1	2	0	0	0	0	1	0	0	0	1	0	2	1	2	0	0	0	0	1	0	1	0	0	1	0	0	0	0	0	1	0	0	3	2	1	0	0	0	0	4	1	1	0	0	0	0	0	0	0	0	0	0	0	0	1	0	0	1	0	1	1	3	0	1	0	0	0	0	1	0	0	1	0	0	0	2	0	1	1	0	0	0	0	1	0	1	0	1	0	1	1	1	4	2	1	2	0	0	2	2	3	4	2	1	3	2	5	1	1	3	0	2	1	1	1	1	4	2	1	1	1	2	0	1	2	2	2	2	3	1	0	3	3	17	33	6	4	3	3	5	2	2	4	5	1	3	2	6	6	1	0	4	3	1	0	4	6	1	5	1	7	0	2	1	3	2	5	12	14	18	51	0	52	43	18	6	4	8	4	1	4	0	4	0	2	1	3	1	0	2	1	6	0	0	1	2	1	4	1	2	2	2	3	2	1	5	2	4	0	1	7	4	1	1	3	1	1	1	0	2	2	0	0	1	0	1	0	1	0	1	1	2	1	0	0	0	0	0	0	0	0	2	1	2	1	0	3	2	1	4	1	2	2	0	0	0	0	0	0	0	1	0	1	0	2	3	2	2	3	13	13	11	10	2	5	4	7	6	16	13	14	8	6	6	3	3	3	2	4	3	1	1	1	1	2	0	0	1	1	2	0	2	0	0	0	0	1	2	2	0	0	0	1	0	3	1	1	2	0	0	0	0	2	0	0	0	1	0	0	1	1	0	0	0	1	1	0	1	2	1	0	1	0	0	1	0	2	0	0	1	0	0	0	2	1	0	1	4	0	0	2	2	1	3	1	0	0	1	2	1	1	2	0	1	1	3	0	0	0	3	2	3	1	2	2	1	1	0	0	1	0	1	2	1	4	1	3	2	4	1	2	2	0	2	3	3	2	0	2	1	3	2	1	2	1	0	1	1	0	3	3	1	3	2	6	3	4	4	0	1	3	1	1	3	1
0	0	0	0	0	0	0	0	0	1	1	0	0	0	0	1	0	0	1	0	1	3	0	0	0	1	0	0	0	0	1	0	0	0	0	0	2	1	0	0	1	1	0	1	0	0	1	1	1	1	0	1	0	0	2	0	0	1	1	0	1	0	0	0	0	0	0	0	1	1	0	1	0	0	0	0	0	0	3	0	2	1	1	1	2	0	4	0	2	0	1	1	2	1	0	1	0	0	2	0	1	0	0	1	0	0	0	1	0	0	2	0	0	1	0	1	1	0	0	0	1	0	1	0	0	0	0	0	1	0	0	1	0	0	1	0	0	1	0	2	0	0	0	1	3	1	2	1	3	3	1	4	1	4	3	3	1	3	1	1	2	3	1	1	0	1	0	2	0	0	1	1	0	1	1	0	2	0	1	0	2	3	0	0	2	1	1	5	15	9	6	5	4	5	5	3	3	8	5	9	5	8	2	0	0	1	5	2	3	4	2	5	2	2	1	0	0	5	11	6	6	6	12	8	13	52	0	25	30	18	6	12	5	3	2	5	3	1	7	4	2	2	5	1	3	5	2	4	2	1	3	5	1	3	0	1	1	1	2	2	2	5	3	2	2	4	1	0	0	0	0	1	2	1	0	0	1	1	0	0	1	2	1	0	1	1	1	0	0	1	0	0	0	0	1	1	0	2	1	0	2	3	0	0	0	1	0	1	0	0	0	0	0	0	0	0	2	0	1	3	6	3	3	10	3	6	5	2	3	1	4	4	8	8	7	10	4	6	5	2	0	2	1	2	3	1	2	2	1	0	2	1	0	0	0	1	1	1	1	3	0	1	1	1	0	0	1	2	2	1	0	1	0	0	1	1	1	0	0	0	3	1	1	0	1	0	0	1	0	1	0	1	0	1	0	1	1	0	1	0	0	1	0	0	0	0	0	0	0	0	0	1	1	2	1	3	0	1	1	0	2	0	1	1	1	0	1	1	0	2	1	1	1	1	0	1	1	0	1	1	0	1	0	1	1	1	2	2	1	1	2	1	1	4	0	3	1	4	1	1	1	0	1	3	4	1	1	1	1	2	1	1	2	1	0	4	2	4	1	2	2	1	0	1	2	0	0	1	0
0	0	0	0	0	0	0	0	0	0	0	1	0	1	0	0	0	2	2	0	1	0	2	1	0	0	0	0	0	0	1	0	0	0	0	1	0	0	0	0	0	0	0	0	0	1	0	0	0	0	0	2	0	2	1	0	0	1	1	1	1	0	0	0	0	1	0	0	0	0	0	0	0	0	1	0	0	0	0	0	0	2	1	0	1	0	1	1	1	0	0	0	0	1	0	1	1	0	0	0	1	0	1	1	0	0	0	0	0	0	0	0	1	0	3	0	0	1	0	0	0	0	0	0	0	0	1	0	0	0	0	0	0	1	1	0	0	0	0	1	0	0	0	1	0	0	0	0	1	3	2	0	1	1	2	7	2	3	6	1	4	2	1	5	1	1	0	1	0	1	1	2	0	1	0	0	0	1	1	0	4	1	1	1	1	1	3	7	4	7	3	1	2	3	5	3	4	2	6	5	7	4	5	3	1	3	0	2	1	2	0	0	3	2	5	2	0	1	5	2	2	6	11	9	10	43	25	0	39	13	9	4	6	0	0	3	4	1	4	1	0	0	1	0	7	5	6	1	0	1	7	4	3	3	6	2	1	2	4	2	5	4	4	4	8	1	2	0	1	0	0	1	1	3	3	0	2	1	1	0	0	0	2	0	0	1	0	0	1	0	1	1	1	0	1	1	0	1	3	0	0	1	1	0	2	0	2	0	2	1	2	0	0	2	0	2	0	0	1	1	1	4	3	29	10	13	3	2	3	5	5	5	5	4	4	8	3	2	0	8	2	0	0	2	1	3	0	1	0	0	4	0	1	0	0	0	1	1	0	1	0	0	0	0	0	1	1	1	1	2	0	0	1	2	0	0	0	1	2	2	0	1	4	0	1	0	1	0	0	0	1	0	1	0	0	0	0	0	0	0	0	1	0	0	1	1	0	0	1	2	0	1	0	2	0	0	1	1	1	0	0	0	0	1	1	0	0	2	1	1	0	0	0	2	0	0	2	1	2	1	1	0	1	0	0	1	1	1	2	1	0	2	0	1	0	2	5	0	2	1	3	3	0	0	1	2	0	2	0	2	2	0	2	1	3	0	0	1	2	1	0	1	2	0	3	0	0	0	1
0	0	0	0	0	0	0	0	0	1	0	0	0	1	0	2	1	2	0	0	2	0	0	0	0	0	2	0	0	2	0	0	1	0	0	0	0	0	0	0	0	1	0	1	0	1	0	1	0	0	0	0	1	0	1	1	0	0	1	0	0	0	0	0	0	0	0	0	0	0	0	0	0	0	0	1	0	0	0	0	0	0	0	0	0	0	1	1	2	0	0	0	2	1	2	1	2	1	1	0	0	1	1	2	2	0	3	2	0	1	0	2	0	1	0	1	0	1	1	0	0	1	1	0	0	0	0	0	1	1	1	1	2	1	0	0	1	0	0	1	0	1	0	0	2	0	0	2	3	1	1	3	2	4	4	3	2	4	1	3	2	1	1	3	1	0	1	0	0	1	0	1	0	0	0	1	0	2	0	0	2	2	0	0	1	1	1	2	7	5	2	4	6	2	2	7	5	9	12	11	9	2	2	4	1	2	2	1	0	1	2	3	3	1	0	1	3	3	5	4	6	7	6	6	9	18	30	39	0	26	11	11	7	3	3	6	6	3	0	2	4	1	1	3	3	9	2	6	2	1	5	2	3	5	6	2	3	3	4	5	1	5	1	1	2	2	0	0	2	0	1	1	1	1	0	1	0	0	0	0	1	0	0	0	0	0	0	0	1	1	0	0	0	0	0	0	2	0	0	1	1	1	4	0	2	0	0	0	0	0	1	0	0	0	1	0	1	1	0	1	0	1	1	14	10	6	0	4	4	0	9	4	4	5	1	2	3	2	1	0	4	1	2	4	0	1	0	2	0	2	1	0	1	0	2	2	0	0	0	0	0	2	0	0	0	1	0	0	1	1	1	0	1	1	0	0	0	1	1	1	0	0	0	0	0	0	1	1	0	0	0	0	0	0	1	0	0	1	0	1	0	0	2	0	1	0	1	0	1	0	0	1	0	2	2	1	2	0	2	2	0	1	0	0	0	0	0	0	1	0	0	0	1	0	0	3	0	2	0	2	1	0	0	0	0	0	1	1	2	2	1	2	0	0	2	0	2	0	1	1	0	1	2	0	1	3	3	0	1	3	1	0	0	1	0	5	3	4	1	3	2	0	0	0	3	2	0	0	1
0	0	0	0	0	0	0	1	0	1	1	0	0	0	0	0	0	1	2	0	0	1	0	1	0	0	0	0	1	0	0	0	0	0	0	0	0	0	0	1	0	0	0	2	1	1	0	0	0	0	1	1	1	0	0	1	0	0	0	1	0	1	0	0	0	1	1	0	0	0	0	1	0	0	0	1	0	0	0	0	0	0	0	0	1	1	1	1	2	1	1	0	2	0	0	0	0	0	0	1	0	0	1	1	0	1	0	0	0	1	0	2	0	0	4	0	1	2	0	0	0	0	1	0	0	0	1	3	0	1	1	1	2	1	0	1	0	0	0	0	0	3	1	1	0	1	0	1	1	0	2	0	1	1	0	0	1	1	1	0	1	2	3	0	1	1	1	0	0	1	2	1	1	0	2	0	0	1	1	0	3	0	1	1	0	0	0	3	5	4	3	4	4	2	5	5	3	9	4	9	1	2	7	4	1	4	1	2	0	2	2	0	2	1	0	0	2	2	1	4	0	4	5	7	1	6	18	13	26	0	28	18	14	10	1	5	7	5	4	0	1	1	1	5	7	4	4	3	1	0	2	3	2	4	0	3	2	2	2	3	2	3	3	2	1	0	2	1	1	1	0	1	2	0	0	0	1	0	0	0	0	0	1	1	0	0	0	0	0	1	1	1	0	2	0	0	1	1	1	2	2	2	1	0	0	3	0	0	1	0	0	1	0	0	0	2	0	0	1	1	0	1	3	5	7	7	2	1	4	1	2	0	3	3	0	4	2	4	1	6	1	2	3	0	0	2	1	0	0	3	0	0	0	1	0	2	0	0	0	2	0	2	0	0	0	2	0	1	0	1	0	0	0	0	1	0	1	0	0	2	0	0	1	1	1	0	0	0	1	0	1	2	0	0	1	0	0	0	0	0	0	1	1	0	0	1	1	0	0	0	0	0	0	0	0	2	1	1	2	3	1	0	1	0	3	0	1	0	0	0	0	0	1	0	1	0	1	0	0	1	1	0	2	1	0	1	1	0	2	0	2	2	1	2	0	1	0	1	1	1	0	2	0	2	1	2	1	2	1	1	0	1	0	2	0	1	0	2	2	0	2	2	2	1	0	2	1	1	3
0	0	0	0	0	0	0	0	0	1	0	0	0	0	0	0	0	0	0	0	0	0	0	0	0	1	2	0	0	0	0	2	1	0	0	0	0	0	1	0	1	0	2	1	0	0	0	0	0	1	0	1	0	0	0	0	0	0	0	1	1	1	0	0	2	0	0	0	2	1	0	1	0	0	0	1	0	0	0	0	1	0	1	1	0	0	3	4	4	0	1	0	0	2	2	1	2	1	1	2	0	0	1	0	0	0	1	1	0	2	1	2	0	0	0	3	1	2	0	1	1	0	0	1	0	1	0	0	1	3	2	0	1	2	0	2	0	0	2	1	1	1	2	1	0	1	1	0	0	0	1	2	2	1	1	0	2	1	0	0	2	0	2	1	2	0	0	1	1	1	0	1	1	0	0	1	0	1	0	1	0	0	0	1	1	1	1	7	2	1	1	5	6	5	11	4	14	11	16	1	2	3	3	3	4	1	3	4	2	2	2	3	5	1	1	2	3	2	1	6	3	6	3	2	1	4	6	9	11	28	0	65	50	19	10	17	15	2	6	5	0	3	1	2	6	4	10	4	1	2	1	0	3	4	2	0	1	0	0	2	2	1	1	0	1	0	0	0	1	0	0	0	0	1	1	0	0	1	0	0	0	0	0	1	0	0	1	0	0	1	0	1	0	1	0	0	0	0	1	0	0	1	1	1	1	0	0	0	0	0	1	1	0	0	0	0	0	1	1	0	1	2	1	5	5	2	3	1	1	2	4	0	3	1	1	2	1	2	4	4	2	2	1	1	0	1	4	0	0	0	0	0	2	0	1	0	0	0	0	0	2	0	1	0	1	0	0	1	0	0	0	0	0	0	0	0	0	2	0	1	1	0	0	2	0	0	0	0	0	0	0	1	1	1	2	1	1	0	0	1	0	0	0	0	0	0	1	0	0	0	0	0	0	0	1	0	0	0	1	1	0	0	0	0	0	0	0	0	1	1	0	0	1	0	0	0	1	0	1	0	0	0	1	1	0	0	0	1	0	2	2	0	1	0	0	0	1	0	0	0	0	0	1	1	2	1	1	0	0	3	0	1	1	0	0	0	1	0	0	1	1	0	2	0	0	1	0	0	0
0	0	0	0	0	0	0	0	0	0	1	0	0	0	0	0	0	1	1	0	1	0	0	0	0	0	0	0	0	0	0	0	0	1	1	0	0	0	0	2	0	0	0	0	3	1	1	2	2	0	0	0	0	1	0	0	3	1	1	5	0	0	0	2	0	0	1	1	0	0	0	0	0	1	2	0	0	0	1	0	0	1	1	2	0	0	0	6	4	2	4	0	1	3	0	0	1	1	0	2	1	1	1	1	0	2	1	0	1	0	1	0	0	1	1	0	0	0	0	0	0	1	1	0	1	1	0	0	0	0	0	1	1	1	1	1	0	0	0	0	1	1	1	0	1	1	2	1	0	1	2	2	5	0	1	4	2	0	2	0	2	0	1	3	0	0	1	0	0	2	0	0	1	0	0	1	0	1	0	0	0	1	1	1	1	0	0	2	3	6	11	17	6	5	9	10	25	29	18	19	4	2	2	4	5	4	2	0	3	1	1	7	5	5	3	3	2	3	2	4	3	3	6	6	7	8	12	4	11	18	65	0	71	23	10	15	10	11	5	1	2	1	2	2	2	3	5	3	4	2	4	0	2	3	3	2	3	1	0	0	4	2	2	3	3	1	0	0	0	0	0	0	1	0	0	0	0	0	0	0	0	0	0	0	0	0	0	0	1	1	0	1	1	0	1	1	1	1	0	0	0	1	0	0	1	0	0	0	0	0	0	0	2	0	0	2	0	1	0	1	0	3	2	2	3	1	3	3	2	6	1	2	2	5	3	2	0	1	1	0	3	3	1	6	2	1	1	1	1	3	0	0	1	0	0	0	0	0	1	0	2	1	0	0	1	0	0	4	1	1	0	0	0	2	0	0	0	0	0	0	1	4	0	1	0	0	1	0	0	2	0	0	1	0	0	0	0	0	0	2	0	0	0	0	0	0	0	1	0	1	0	0	0	0	2	1	0	1	1	0	0	0	0	0	0	0	0	0	3	0	0	0	0	0	0	1	0	0	1	1	0	1	0	1	1	0	2	1	0	2	0	0	0	2	2	1	1	1	1	0	0	2	0	2	0	0	1	0	0	0	1	1	0	0	2	2	0	1	2	2	0	2	2	0	0	0	0	1	0
0	0	0	0	0	0	0	0	0	1	1	1	1	0	0	0	0	0	2	0	0	0	0	0	1	1	0	0	0	0	0	0	0	1	0	0	0	1	2	1	1	3	0	1	2	2	1	2	1	3	1	1	1	2	2	0	0	1	1	1	1	0	0	0	0	1	0	2	0	0	0	0	0	0	1	0	1	0	0	0	1	3	0	2	1	1	0	3	3	3	1	1	1	1	1	0	3	0	2	0	0	1	1	1	1	1	0	0	1	0	0	1	0	0	1	1	1	0	1	0	2	0	0	1	0	0	0	0	1	0	1	0	1	0	0	1	0	0	1	2	0	3	1	1	2	0	1	3	1	1	1	1	3	2	1	0	0	1	0	2	1	3	1	0	0	0	1	0	0	0	0	2	0	0	0	1	1	2	0	0	1	0	1	1	1	1	1	1	4	4	9	11	6	5	26	14	20	16	13	7	2	2	3	4	4	4	2	2	2	5	1	6	5	3	1	2	2	1	4	6	5	5	5	3	0	4	5	6	7	14	50	71	0	130	18	18	28	9	9	1	3	4	2	4	1	2	4	5	3	6	2	2	1	1	3	1	2	1	2	2	1	0	1	1	0	0	0	0	0	2	0	0	1	0	0	0	0	0	0	0	0	0	1	0	0	0	0	0	0	0	0	3	1	0	0	1	0	0	0	3	0	1	1	1	0	1	1	0	0	0	0	0	0	0	0	0	1	0	1	0	1	1	0	1	3	2	1	3	0	1	2	2	5	1	5	1	1	2	0	1	2	1	2	2	0	0	0	1	1	1	1	0	1	0	0	1	1	0	1	1	1	1	2	0	0	1	1	1	1	0	2	0	2	0	1	0	0	0	0	1	1	2	0	1	0	0	0	0	0	0	0	2	0	0	0	0	0	0	0	0	0	0	0	0	1	0	0	0	0	0	0	0	0	1	0	0	0	0	0	0	0	0	2	0	1	0	0	0	0	0	0	0	0	0	0	1	0	1	2	1	0	2	0	1	1	1	0	1	0	1	0	2	2	2	2	1	2	1	1	0	1	0	1	0	1	1	1	2	0	1	0	2	1	0	0	4	1	1	0	2	1	0	2	2	4	0	0	0	0
0	0	0	0	0	0	0	0	0	0	1	0	1	0	0	0	2	0	0	0	0	0	1	0	0	0	1	1	1	0	0	0	1	2	0	0	1	1	0	0	0	1	1	0	1	1	2	4	1	3	2	2	1	0	1	1	1	0	4	2	1	1	0	3	0	0	0	0	2	1	1	1	1	1	0	1	1	6	1	2	0	0	0	2	0	2	2	6	4	3	2	2	1	1	3	1	2	1	0	0	2	1	2	1	0	0	3	0	0	1	2	1	1	0	0	1	1	0	0	0	1	1	0	1	0	0	0	0	3	1	0	0	0	1	1	0	0	0	1	1	3	1	3	1	3	2	1	3	1	0	1	1	2	2	2	0	2	1	0	0	1	0	0	0	1	1	0	0	0	0	1	0	0	0	0	0	1	0	2	1	0	0	1	0	0	0	0	1	2	2	8	9	10	14	35	8	14	17	5	3	6	2	1	4	3	2	2	2	2	3	2	5	4	3	2	3	2	4	2	4	3	8	3	1	3	1	3	0	3	10	19	23	130	0	45	10	17	9	5	2	2	2	6	3	3	3	1	5	3	4	3	2	2	1	0	0	1	2	0	3	3	0	1	2	2	2	0	0	1	0	0	1	0	0	0	0	0	0	0	0	0	0	0	0	0	0	0	0	1	1	1	0	0	0	0	0	0	0	0	0	0	1	1	0	0	0	0	0	0	1	0	0	0	1	0	0	0	0	0	0	1	0	0	2	1	0	2	0	1	1	1	2	2	2	2	2	2	1	1	6	1	0	1	1	1	2	1	0	2	2	0	0	0	0	2	1	1	0	0	0	0	0	0	0	1	1	0	0	0	0	1	1	0	1	1	0	0	0	0	0	0	0	1	1	0	0	0	1	0	0	0	0	0	1	1	1	0	2	0	0	0	0	2	1	0	0	0	0	1	0	1	0	1	0	0	1	0	0	0	0	0	1	0	0	0	0	0	0	0	0	0	1	0	1	1	0	0	0	0	0	0	0	0	2	0	0	1	2	2	0	0	1	3	1	1	0	0	2	2	0	0	0	0	1	1	1	0	0	0	0	0	1	0	0	1	0	1	2	1	0	1	0	1	0	0	1	0	1	0
0	0	0	0	0	0	0	0	0	0	1	0	1	0	0	0	1	0	0	0	2	0	0	1	0	1	0	1	0	0	1	1	0	0	0	0	0	0	0	0	0	1	1	0	2	0	0	0	3	3	1	1	0	0	0	2	0	1	0	1	0	2	0	0	1	0	0	1	0	1	0	0	0	0	0	0	1	0	0	1	1	0	3	1	1	0	1	6	1	0	1	0	1	0	1	4	1	0	1	0	0	1	0	1	0	0	0	0	1	0	1	1	3	1	0	2	0	1	0	3	2	0	2	0	0	1	1	1	0	1	0	1	1	0	1	1	0	1	2	1	0	1	0	2	2	0	1	2	0	1	1	0	2	0	0	3	1	1	0	0	0	2	2	0	0	0	1	0	0	0	0	0	3	0	0	0	0	0	0	0	0	1	0	0	1	0	0	0	1	3	0	3	4	4	6	6	10	4	1	2	2	2	4	3	1	4	1	1	4	0	2	3	0	0	3	1	2	3	1	1	1	0	0	1	0	4	2	0	3	1	10	10	18	45	0	29	18	6	4	3	5	5	2	2	2	3	3	7	2	1	1	5	1	1	1	0	1	0	0	0	2	1	0	1	0	2	1	0	0	0	0	0	0	1	0	0	0	0	1	0	0	0	0	0	0	0	1	0	0	1	0	0	0	2	0	0	1	0	1	0	0	0	0	1	0	2	0	0	0	0	0	0	0	1	1	0	0	1	0	0	0	0	0	2	2	3	3	0	2	1	1	0	0	3	1	1	1	2	3	2	2	1	1	0	1	1	1	0	0	0	0	0	2	0	0	0	0	1	1	0	0	0	0	2	0	0	1	0	0	0	0	0	0	0	0	1	0	0	0	1	1	1	0	0	2	0	0	0	0	0	0	0	0	0	1	0	0	0	1	0	0	0	0	0	1	0	0	1	0	0	2	1	1	1	0	1	0	0	1	0	1	0	0	0	0	0	0	0	1	0	0	0	0	2	1	0	0	1	0	3	1	0	0	0	0	1	1	1	0	0	1	4	1	0	0	1	1	0	0	1	0	0	2	0	1	2	0	3	0	1	1	1	0	1	0	1	1	2	1	1	2	1	1	0	2	1	0	0	0
0	0	0	0	0	0	0	0	0	1	0	0	0	0	0	0	0	1	2	1	0	0	0	0	1	1	0	0	0	0	0	1	1	0	0	0	1	0	0	0	0	0	0	0	0	0	1	1	0	0	0	0	1	0	0	0	3	0	2	1	2	2	0	1	0	0	1	0	1	1	0	0	0	1	0	0	2	1	0	0	0	0	0	3	0	1	0	4	1	1	1	1	2	0	0	1	1	0	1	0	1	0	0	1	1	0	2	0	0	4	1	2	0	0	0	0	1	0	0	1	0	0	0	0	0	2	1	0	3	1	0	1	1	0	0	1	2	0	1	1	0	0	0	0	2	0	0	1	0	2	0	0	2	0	5	3	0	1	2	1	1	0	0	0	0	0	1	0	0	0	0	1	1	0	2	0	0	0	0	0	0	0	0	0	1	1	0	0	0	3	0	3	3	3	4	6	8	3	5	3	3	3	0	4	4	1	2	1	1	0	0	1	0	3	3	0	0	4	1	2	0	2	2	2	2	0	5	3	6	5	17	15	18	10	29	0	49	11	5	1	8	1	2	8	4	4	0	3	0	0	3	0	0	2	1	2	2	0	0	2	1	0	0	3	2	1	0	1	0	0	0	1	1	0	1	1	0	0	0	0	0	0	0	0	2	1	0	0	0	0	0	1	1	1	0	1	0	0	1	0	1	0	1	1	0	0	0	1	0	0	0	1	0	0	0	1	0	1	1	0	0	0	0	2	0	0	2	1	1	2	0	1	0	3	1	1	0	1	0	2	0	1	2	0	1	0	1	2	0	0	0	0	2	1	1	0	1	0	1	0	1	0	0	1	0	0	0	0	0	1	0	0	0	0	0	0	0	0	0	0	0	0	0	0	0	0	0	0	0	0	0	0	0	0	0	0	0	1	0	0	0	0	0	0	0	0	0	0	0	0	0	0	0	0	0	0	0	0	1	0	0	0	0	0	1	0	1	0	0	0	0	0	0	0	0	0	1	1	0	0	1	1	3	0	0	0	0	0	0	1	0	1	0	0	0	0	0	2	0	0	1	1	1	2	1	1	0	1	1	1	0	0	0	0	0	0	0	1	1	0	3	1	0	0	2	1	0	2	0
0	0	0	0	0	0	0	0	2	2	1	0	0	1	0	2	1	2	0	0	0	2	0	0	1	0	0	1	0	1	0	0	1	1	0	0	0	1	3	1	0	0	3	1	2	1	0	0	1	3	2	0	0	0	0	1	0	1	1	2	0	0	2	3	0	1	0	0	1	0	1	0	0	2	1	0	1	1	0	1	0	0	0	1	1	1	4	1	4	2	1	0	0	1	1	0	0	1	1	0	2	0	0	1	2	0	1	0	1	0	0	1	1	1	0	1	1	1	1	1	0	1	0	0	0	2	1	0	1	0	0	0	1	2	0	1	0	0	1	4	0	1	0	0	1	2	0	0	0	2	0	4	2	0	0	0	2	0	0	0	5	0	0	0	0	0	1	0	0	0	0	1	0	1	0	0	1	0	1	0	0	1	0	0	1	2	0	1	0	1	0	6	3	4	10	11	17	9	9	4	1	1	0	3	7	5	4	2	1	3	0	1	3	0	1	2	0	3	5	4	0	4	3	1	2	4	3	4	6	7	15	10	28	17	18	49	0	44	10	4	4	5	7	9	14	4	3	8	2	1	3	0	0	1	1	0	1	0	1	1	0	0	1	2	1	0	0	1	0	0	0	1	0	1	0	0	0	1	0	1	0	0	0	1	1	0	0	1	0	0	0	0	0	0	0	0	0	0	1	1	1	1	0	0	0	0	0	0	0	0	1	1	1	0	0	0	1	1	0	1	1	0	1	4	2	0	1	1	0	2	2	2	0	0	1	1	0	0	1	4	1	2	2	0	0	0	1	0	0	0	2	0	0	0	0	0	0	0	0	1	1	2	0	0	1	0	1	2	0	0	0	0	0	0	0	0	0	1	0	0	2	2	0	0	0	0	1	0	0	0	0	0	0	0	0	0	0	0	0	0	2	0	1	0	0	1	0	0	0	0	1	0	0	0	0	0	0	0	1	0	0	0	0	0	0	1	0	0	1	0	1	2	0	1	2	0	0	0	0	0	1	0	2	0	0	0	1	4	1	0	3	0	1	2	0	0	0	1	0	0	0	0	0	0	1	1	0	2	1	0	0	0	0	0	3	0	0	2	3	1	1	0	0	0	1	0	1	0	0
0	0	0	0	0	0	0	1	0	0	0	0	0	0	0	1	1	0	3	1	1	1	0	0	0	0	0	0	1	0	0	0	1	0	0	0	0	1	2	1	0	1	0	0	1	0	0	1	3	1	2	0	1	0	2	0	2	0	1	2	4	2	2	1	1	0	2	1	2	1	0	0	1	0	1	0	0	2	2	1	1	0	2	1	1	0	2	6	2	0	2	0	2	3	1	1	2	0	3	0	2	1	1	0	1	2	0	1	1	2	1	4	1	0	0	5	0	2	0	1	1	1	1	0	1	0	1	0	2	1	1	1	1	0	1	1	0	1	0	0	2	1	1	2	2	1	0	0	2	1	1	1	2	0	1	2	1	1	0	1	2	2	1	2	0	0	1	0	0	0	0	1	0	1	0	0	0	1	0	0	2	0	1	0	1	0	2	1	1	0	4	4	1	3	11	12	17	7	12	2	3	2	2	3	10	2	4	2	3	3	2	4	1	1	1	0	0	1	2	2	1	3	3	2	2	0	1	1	3	5	2	11	9	9	6	11	44	0	77	15	10	5	7	13	9	4	7	5	2	5	3	5	2	3	1	1	0	1	0	3	0	1	0	1	0	3	0	0	0	1	0	0	0	0	0	1	1	0	0	0	0	0	0	0	2	1	0	0	0	0	0	1	1	1	1	0	0	0	0	0	0	0	0	1	0	2	0	0	0	0	0	0	0	0	0	0	0	0	0	0	0	1	0	2	4	1	2	2	2	0	1	2	0	1	1	1	1	1	1	2	0	2	0	0	1	0	0	0	0	0	0	1	0	0	0	0	0	0	0	1	0	0	0	1	0	0	2	0	0	0	0	0	0	1	0	1	1	0	0	1	0	0	0	0	0	0	0	0	3	0	0	0	1	1	0	0	0	2	0	0	0	0	0	1	1	1	0	0	0	0	0	0	0	0	0	0	0	0	0	0	0	1	0	1	0	0	0	0	0	0	0	0	0	0	1	0	1	2	1	0	0	0	0	0	0	0	1	0	0	0	1	0	1	1	0	0	0	0	0	0	0	0	0	0	0	0	0	1	0	2	1	0	0	1	1	1	1	1	0	2	2	0	0	1	0	0	0	1	0
0	0	0	0	0	0	0	0	0	1	0	0	0	0	3	1	1	1	0	0	1	0	1	1	1	1	1	1	0	1	0	0	0	1	0	1	0	0	0	0	0	0	0	0	0	0	1	0	2	0	1	1	0	0	1	1	0	0	0	2	0	1	0	1	1	1	1	1	0	1	2	0	1	1	2	1	1	0	1	0	0	0	0	2	3	1	4	7	8	5	3	3	3	0	1	2	4	1	0	0	1	2	0	0	1	0	0	1	2	2	5	1	3	1	3	1	1	1	0	0	1	1	1	1	0	0	0	1	1	0	1	2	0	0	2	2	1	1	0	1	2	5	1	3	1	0	0	3	0	0	1	2	0	2	1	0	1	3	1	1	1	0	1	0	0	0	0	1	0	2	0	0	2	0	1	0	0	0	0	1	1	0	1	0	1	0	2	2	0	1	2	3	7	8	4	20	11	5	9	5	3	2	1	3	7	12	5	3	2	3	1	4	0	1	2	0	1	1	1	1	3	3	4	1	3	2	7	4	0	4	6	5	9	5	4	5	10	77	0	46	19	14	11	12	13	2	3	7	5	6	1	4	1	2	0	0	0	0	1	3	2	2	0	1	3	1	0	0	0	0	0	0	0	0	0	0	0	0	1	1	0	0	0	0	0	0	1	0	0	0	0	0	0	1	0	0	0	0	0	0	0	0	0	0	1	1	0	0	1	0	0	1	0	0	1	0	0	0	0	0	0	1	1	0	0	1	1	1	0	2	1	0	3	1	0	0	0	1	2	3	1	0	3	2	0	0	1	0	0	1	0	0	1	1	0	0	1	1	0	0	0	0	0	0	0	1	0	0	0	0	1	0	0	0	1	0	0	0	0	0	0	0	0	3	0	0	0	0	0	0	1	0	0	0	0	0	0	1	0	0	0	0	1	0	1	0	2	0	0	0	0	1	0	3	1	0	1	0	0	1	0	0	1	0	0	0	0	0	0	1	0	1	1	0	0	0	0	0	0	1	1	1	0	0	0	1	0	1	0	0	0	3	1	0	0	0	0	0	0	0	0	0	1	1	0	0	1	0	0	1	1	1	0	0	0	0	0	2	1	1	0	1	0	0	1	0	0	0	0
0	0	0	0	0	0	0	1	0	0	0	0	0	0	0	2	0	5	1	2	0	0	0	2	0	1	0	0	0	0	0	1	1	1	1	2	0	1	1	0	0	0	0	2	0	0	2	0	1	0	1	2	0	1	2	1	1	0	1	1	1	2	0	0	2	0	2	0	1	3	1	0	1	0	0	1	1	0	0	1	1	0	0	1	1	3	0	2	2	4	5	2	0	1	5	2	1	2	1	1	3	0	1	1	1	2	1	0	0	4	2	0	3	6	1	3	2	0	1	0	1	1	1	1	1	1	1	1	2	0	2	0	0	0	3	0	1	1	1	1	2	1	2	1	1	2	1	1	0	0	1	1	2	2	0	0	0	1	0	0	1	0	1	0	0	0	0	1	0	0	1	0	1	0	0	1	1	0	0	0	1	0	0	0	0	0	1	0	1	1	2	2	3	3	6	3	4	4	5	4	1	1	4	4	2	7	8	8	4	2	2	3	4	2	2	2	1	1	2	0	1	2	3	3	1	1	4	1	2	0	5	1	1	2	3	1	4	15	46	0	52	12	8	7	4	6	4	5	6	3	3	1	1	1	1	1	0	0	1	0	0	1	2	2	0	0	0	0	1	1	0	0	0	0	0	0	0	0	1	1	0	0	0	0	0	0	0	1	0	0	0	0	0	0	0	0	0	0	2	0	0	1	0	0	0	0	1	0	0	0	0	0	0	1	0	1	0	0	0	0	0	1	0	1	1	1	1	1	2	0	0	2	0	1	1	1	0	1	1	0	1	1	0	1	0	0	0	0	0	0	0	0	0	0	0	0	0	0	0	1	0	0	0	0	0	0	0	1	0	1	1	0	0	0	0	0	0	0	0	0	1	0	0	1	1	0	0	1	0	0	0	0	2	0	1	0	0	0	0	0	0	0	0	0	0	1	0	0	0	0	0	0	0	1	0	0	0	0	0	0	0	0	0	0	0	0	0	0	0	0	0	0	0	0	0	1	0	0	0	0	0	0	0	0	0	0	0	2	1	0	0	0	1	1	1	1	0	0	0	1	0	1	0	0	0	1	1	0	1	1	0	1	0	1	1	0	1	1	1	2	0	0	2	0	0	1	0	1	0
0	0	0	0	0	0	0	1	0	0	0	0	1	2	0	0	1	0	2	2	0	0	2	2	0	0	1	1	0	3	0	1	1	0	1	1	0	1	0	0	0	0	0	1	0	1	0	0	1	3	0	0	0	0	1	1	2	0	1	0	1	2	1	3	0	0	0	2	1	1	1	0	0	0	0	1	0	0	1	0	0	1	0	0	0	1	1	1	4	3	2	1	3	2	1	0	0	1	2	0	1	1	0	1	0	1	0	0	1	0	2	1	5	2	2	5	0	3	1	1	0	0	0	0	3	0	0	0	1	1	1	1	0	1	2	0	1	0	4	2	0	2	0	0	2	0	0	1	0	0	0	1	2	3	1	2	1	0	0	0	0	2	0	0	1	1	1	0	0	0	0	0	0	0	0	0	1	0	1	0	0	1	0	1	0	1	0	0	0	0	5	0	4	2	4	5	3	5	2	3	2	4	2	2	5	10	1	1	0	3	5	3	1	2	1	1	0	3	3	0	1	2	1	0	1	3	2	0	4	1	0	2	3	2	5	8	4	10	19	52	0	30	29	10	5	7	3	5	9	8	5	2	1	2	3	1	1	0	1	0	0	0	0	0	1	0	1	0	0	0	0	1	0	0	1	0	0	1	0	2	0	0	0	1	0	0	0	0	2	0	0	0	0	0	0	0	0	1	2	0	1	2	0	0	2	0	0	1	0	0	1	0	0	0	0	0	1	1	0	0	0	0	2	0	0	0	2	1	1	0	0	0	0	1	1	1	2	1	1	1	1	0	1	0	0	1	2	0	0	0	0	0	0	1	1	0	0	0	0	1	0	0	1	0	0	0	0	1	0	0	0	0	0	0	0	0	0	0	0	0	1	1	0	0	0	0	0	0	0	1	1	0	0	0	1	0	0	0	0	0	0	0	0	0	0	0	0	1	0	0	0	0	0	0	1	0	0	0	1	0	0	1	1	0	0	0	0	2	0	0	0	0	1	0	0	0	0	0	0	0	0	0	0	1	0	0	0	2	0	1	1	0	1	1	0	0	0	0	1	0	2	0	2	0	0	1	0	0	1	0	2	1	1	1	1	1	1	0	0	0	1	1	0	1	1	0	1	0	0
0	0	0	0	0	0	0	0	1	0	1	0	0	0	0	0	0	1	1	0	0	0	1	1	0	0	0	0	1	0	0	1	2	1	0	0	0	0	0	0	0	1	3	0	0	0	2	0	1	0	2	0	0	0	1	0	1	1	2	1	0	1	0	1	0	0	0	1	0	0	1	0	1	0	1	0	0	0	0	0	0	1	0	0	1	0	1	3	2	3	0	0	1	0	1	0	0	1	1	1	1	0	0	0	2	0	1	1	0	0	1	0	0	2	0	1	0	0	0	0	1	3	1	0	3	1	0	1	0	2	1	2	1	1	0	3	0	2	0	1	1	0	0	0	2	0	2	0	0	1	1	1	0	2	2	0	0	0	2	2	1	1	0	1	2	0	0	0	0	0	0	0	1	0	0	1	0	0	0	0	1	0	0	1	0	0	0	1	0	1	0	2	0	2	1	1	4	0	3	4	4	3	2	4	1	4	6	1	0	0	6	2	4	0	1	0	2	0	2	1	0	2	2	1	0	1	2	0	1	1	3	1	4	2	5	1	5	5	14	12	30	0	96	34	10	5	1	5	4	3	3	1	2	0	1	2	2	1	0	5	1	1	0	1	3	0	1	0	0	0	2	2	0	0	1	0	0	0	0	0	0	0	0	0	0	0	0	2	0	0	0	0	1	0	0	0	1	1	0	1	0	0	0	1	0	0	1	0	0	0	0	0	0	0	1	0	0	1	0	0	0	2	0	4	3	1	0	2	2	0	0	1	1	1	0	0	0	0	0	2	0	0	1	0	0	0	0	0	2	2	0	0	0	1	1	1	0	0	0	1	0	0	0	0	0	0	0	1	0	0	1	0	0	1	1	0	0	0	0	0	0	1	0	0	0	0	0	0	0	0	0	0	0	0	0	0	0	0	0	0	0	0	1	0	0	0	1	0	0	1	0	0	0	1	0	2	1	0	0	0	0	0	1	0	1	0	0	0	1	0	0	0	0	0	0	0	0	0	0	0	0	0	0	0	0	0	1	0	0	0	0	1	0	0	0	0	0	2	0	1	0	0	0	0	0	1	1	0	0	0	0	0	0	1	0	0	1	0	0	2	0	0	0	0	0	1	0	0	1
0	0	0	0	0	0	0	2	1	0	0	0	0	2	1	0	2	2	0	2	1	0	0	2	1	1	0	0	2	1	0	1	1	0	2	1	0	1	0	0	0	1	1	0	0	0	1	0	1	1	2	1	0	0	0	1	0	0	0	2	1	1	3	0	0	1	0	1	0	0	3	0	0	0	2	1	0	2	0	1	0	0	1	1	0	0	2	2	2	2	0	3	0	2	1	2	1	1	1	2	0	1	1	0	0	0	3	0	0	0	1	2	0	2	2	1	0	1	1	4	0	0	0	0	1	1	1	0	2	0	2	0	3	0	0	0	2	3	0	1	1	0	1	1	0	0	1	1	1	2	1	2	2	0	1	0	0	5	0	2	2	2	0	0	0	2	0	1	0	0	0	0	0	0	0	0	0	0	0	0	0	0	0	0	0	1	1	0	2	2	1	1	4	2	2	2	7	4	6	2	1	4	6	4	4	8	3	6	4	0	3	0	0	0	0	1	1	0	1	1	2	3	2	2	1	0	5	1	1	1	1	2	2	6	2	2	7	7	11	8	29	96	0	56	8	11	9	10	13	8	5	3	2	1	1	3	0	0	0	1	1	2	2	0	2	0	0	1	1	0	0	0	0	1	0	1	1	0	0	1	0	0	0	0	0	0	1	0	0	0	0	0	0	0	0	0	0	0	0	0	0	1	0	0	0	0	0	0	0	1	0	0	0	1	0	0	1	0	0	0	0	0	0	1	2	1	2	1	1	1	0	0	1	1	0	1	1	0	1	1	0	2	0	0	0	1	0	0	0	1	1	0	0	0	0	0	1	0	0	0	0	0	0	0	0	0	1	1	0	0	1	1	0	0	0	0	0	0	0	0	0	0	1	2	0	0	0	0	0	0	0	0	0	1	0	0	1	0	0	0	0	0	0	0	0	1	0	0	0	0	0	0	1	0	0	0	1	2	0	0	0	0	0	1	0	0	0	0	0	0	1	1	0	0	0	1	0	0	1	0	0	2	0	1	0	0	0	0	1	0	0	0	0	2	0	0	2	1	0	0	1	0	0	0	0	1	1	1	0	0	0	0	0	0	0	0	0	0	0	0	1	1	1	0	0	0	0	0	0
0	0	0	0	0	0	0	0	0	0	0	1	0	0	1	2	0	0	0	1	0	0	0	0	1	0	0	2	0	0	1	1	1	0	1	0	0	1	0	1	2	2	0	1	0	0	1	0	2	0	0	0	0	1	0	0	1	1	2	0	0	3	0	0	2	0	0	2	0	0	2	0	2	0	0	2	0	0	1	0	1	2	1	0	1	1	3	2	2	0	4	0	4	2	1	1	1	0	0	1	2	2	0	2	0	0	1	1	1	0	1	0	2	1	3	5	0	0	1	1	2	0	2	0	1	0	1	0	1	0	0	1	1	0	0	1	0	1	1	0	0	0	1	3	0	0	0	0	1	1	1	0	1	2	1	3	1	1	2	1	2	2	2	1	0	0	0	1	1	0	0	0	1	1	1	0	0	0	0	0	0	0	0	1	1	1	1	0	0	1	0	5	4	5	3	5	7	0	10	4	3	4	6	5	3	13	3	3	3	3	2	5	0	2	3	3	0	0	2	1	2	3	1	3	1	2	1	0	3	5	2	2	4	3	2	8	9	13	12	7	10	34	56	0	41	13	7	16	11	6	7	4	5	3	0	0	3	1	1	0	2	3	1	2	1	0	0	1	1	0	0	0	1	0	2	0	0	2	0	0	0	0	1	0	1	1	1	0	0	0	0	0	0	0	0	0	1	0	0	0	0	0	0	0	0	1	0	1	0	0	0	0	0	0	0	0	0	2	0	0	1	1	0	0	1	4	2	1	3	0	2	0	2	1	2	0	0	1	2	0	0	1	2	1	3	1	0	0	0	0	1	0	1	0	0	0	0	0	1	0	0	1	0	0	0	0	0	0	0	1	0	0	0	0	0	0	0	0	0	0	0	0	0	0	0	0	0	0	1	1	0	0	0	0	0	0	0	0	0	0	1	1	0	0	0	0	0	1	0	0	0	0	1	0	1	1	0	1	0	0	1	0	0	0	0	0	1	2	0	0	2	0	0	2	0	0	1	0	0	0	0	1	2	0	0	3	3	0	0	0	0	0	0	2	2	0	0	1	1	1	1	1	1	1	0	0	0	0	0	1	0	0	0	1	0	0	0	0	1	1	2	2	1	0	0	1	0	0	1
0	0	0	0	0	0	0	0	0	0	0	2	0	1	0	0	1	0	0	1	0	0	0	0	1	1	1	1	0	0	0	1	0	1	0	2	0	0	0	0	0	0	3	1	1	3	0	0	0	0	0	0	0	0	1	2	0	0	0	1	1	0	1	0	0	1	0	0	1	1	0	2	0	0	0	1	1	2	0	1	1	0	1	0	0	0	1	1	1	0	4	1	0	3	3	1	0	3	0	1	3	0	0	0	1	0	0	2	1	2	3	0	1	2	0	1	0	0	2	0	0	0	1	0	1	2	1	0	3	1	1	2	0	1	0	0	0	0	0	0	0	1	0	0	0	1	1	1	2	2	3	4	3	3	2	1	3	4	3	2	0	2	4	0	1	0	3	0	0	0	0	0	1	1	1	0	0	3	0	0	0	0	0	0	0	0	0	1	3	2	1	2	7	1	4	5	11	11	16	5	2	6	3	9	2	7	4	5	7	1	2	3	3	2	2	1	0	1	2	3	2	6	4	3	0	1	3	7	3	7	6	2	1	3	2	4	14	9	13	4	5	10	8	41	0	75	23	19	11	9	8	7	3	0	3	1	4	0	2	2	3	1	1	1	0	0	0	0	2	0	0	0	1	1	0	0	0	0	1	1	0	0	1	0	0	0	0	0	0	1	0	0	1	0	0	1	1	2	1	1	0	0	0	0	0	0	0	1	0	0	0	1	0	1	0	1	0	0	2	1	0	1	1	2	3	3	2	0	4	1	0	4	0	0	2	1	0	2	1	1	1	1	0	0	0	0	1	0	1	1	0	0	3	0	0	1	0	0	0	0	0	0	0	0	0	1	0	0	3	1	1	1	0	0	0	0	0	0	0	1	0	1	0	0	1	2	1	0	0	0	1	3	0	0	1	0	0	0	0	0	0	0	0	0	0	0	1	0	0	1	0	0	0	3	1	0	2	1	0	0	1	0	0	0	0	0	1	0	0	0	0	0	0	2	0	0	0	0	0	2	1	0	0	1	0	0	0	0	1	1	0	0	1	0	1	0	2	2	1	0	2	0	0	1	0	0	1	0	0	1	0	1	0	0	1	0	0	0	1	1	1	0	1	1	1	0	1	0	1
0	0	0	0	0	0	0	1	0	0	0	1	2	0	2	0	1	1	1	0	1	0	0	0	0	1	0	0	1	0	0	0	0	0	0	0	1	0	0	1	0	0	0	1	0	2	2	0	1	1	1	0	0	0	0	1	0	1	0	1	0	1	0	0	0	0	0	1	0	0	1	0	0	0	0	2	0	2	0	0	1	0	0	0	1	0	1	0	2	1	4	1	2	1	1	0	3	1	0	1	0	1	0	1	0	0	1	1	0	0	0	0	0	2	0	0	0	0	0	1	0	0	0	2	0	0	0	1	0	0	0	1	0	1	0	0	0	0	2	1	1	0	0	0	1	0	0	1	1	2	1	0	2	4	3	4	1	3	0	2	0	4	3	2	0	1	0	0	0	1	1	0	2	0	1	1	0	0	1	0	0	1	1	1	2	1	0	2	2	2	2	4	2	1	1	5	10	7	15	6	13	4	4	9	8	4	7	3	0	1	2	1	3	1	2	1	1	2	2	3	2	4	6	5	2	6	5	5	9	4	4	3	2	3	3	4	4	4	2	6	7	5	11	13	75	0	20	27	27	7	7	11	4	4	1	2	5	2	0	3	2	1	3	2	1	0	2	1	0	0	0	0	0	0	0	0	0	0	0	0	0	0	0	3	0	0	0	2	0	0	0	0	1	0	1	0	0	1	0	0	0	0	0	0	0	0	0	0	0	0	1	0	1	0	0	0	0	2	1	1	2	2	0	1	4	5	3	2	0	0	2	2	3	1	1	3	0	0	2	0	2	2	2	1	0	0	1	0	1	0	0	0	2	3	0	0	0	0	0	0	0	0	0	2	0	0	0	0	0	0	0	1	1	0	0	0	1	0	0	0	0	0	1	0	0	1	0	1	0	0	1	0	0	0	0	1	0	0	0	0	1	1	2	0	0	0	0	0	1	0	2	0	0	0	0	0	0	0	1	2	0	0	0	0	0	0	1	0	1	1	1	1	0	0	1	0	0	0	0	0	1	1	1	0	2	0	0	0	0	1	4	1	0	0	1	0	0	2	1	1	0	1	0	0	0	0	0	2	0	1	0	0	1	2	2	1	1	3	0	0	0	0	0	0	0	0	0	1	1
0	0	0	0	0	0	0	1	0	0	1	0	0	0	1	0	0	0	1	0	0	0	0	0	1	1	0	0	0	0	0	1	0	0	0	1	0	0	1	0	0	1	2	0	1	1	0	0	1	1	0	0	0	0	1	1	0	1	2	0	0	0	1	0	0	1	0	0	0	0	0	0	2	1	0	0	1	0	0	0	1	0	1	1	0	4	2	7	3	2	0	1	1	3	4	0	1	1	4	0	0	0	0	1	1	0	2	2	1	0	0	0	1	1	0	0	1	0	0	1	2	0	1	0	0	0	0	1	0	1	0	1	1	0	0	1	2	1	0	1	1	0	2	0	1	0	0	3	2	1	2	4	2	4	9	5	5	2	2	2	5	4	5	2	1	1	1	0	1	0	0	0	0	0	1	0	0	1	0	2	0	0	2	0	1	0	3	3	5	2	0	2	3	4	2	4	12	6	24	17	28	20	16	12	8	5	4	6	4	5	3	2	3	3	5	4	2	3	1	4	3	9	15	9	6	0	2	6	2	4	10	5	4	1	3	0	3	7	3	4	3	1	9	7	23	20	0	65	23	17	42	19	15	4	6	7	2	0	4	4	1	2	4	2	4	0	1	2	0	0	2	1	0	0	0	0	0	1	0	0	0	0	1	0	1	0	0	0	0	0	0	0	0	0	0	0	0	0	0	1	0	1	0	2	0	2	0	0	1	0	1	0	0	0	0	1	1	1	2	2	0	0	2	3	8	11	14	3	4	3	4	3	3	5	3	2	0	1	1	2	0	1	1	0	0	0	0	1	0	4	0	1	0	0	0	0	1	0	0	1	2	0	1	1	0	1	0	0	0	0	0	0	1	0	0	0	0	0	1	0	1	1	2	2	1	0	1	0	0	0	0	0	1	0	0	0	0	0	1	1	0	0	0	0	0	0	1	0	1	0	0	0	0	1	1	0	0	0	0	1	0	1	0	1	0	0	2	0	0	0	0	0	1	0	0	0	1	0	0	0	0	0	1	0	0	1	0	1	0	1	0	1	0	1	1	0	1	0	1	1	1	0	0	0	1	2	1	0	0	0	0	0	1	0	1	1	2	1	1	2	2	0	0	0	2	0	0	0	1
0	0	0	0	0	0	0	1	1	0	0	1	1	0	2	0	0	0	0	2	1	1	0	1	1	0	2	0	0	2	0	1	2	2	0	0	1	0	0	0	0	1	0	0	0	1	0	1	0	2	0	0	0	0	0	0	1	1	2	0	1	0	0	0	0	0	0	1	0	0	0	0	2	0	0	0	0	0	0	0	0	3	0	0	0	3	3	1	1	1	1	2	1	5	0	2	1	0	1	0	1	1	2	0	1	2	0	0	1	1	0	0	1	0	0	1	0	1	0	0	0	1	0	1	1	1	0	1	0	2	0	0	1	0	0	0	4	0	0	0	1	3	0	2	0	1	2	2	0	2	1	5	2	3	6	2	4	2	3	4	5	0	3	1	1	0	1	0	0	0	1	1	0	0	0	0	1	0	1	1	0	0	1	0	0	0	0	5	1	3	5	4	7	2	3	9	17	12	22	16	18	15	19	16	16	13	17	10	2	2	6	5	5	1	4	4	2	1	2	4	5	13	5	2	5	0	4	1	6	3	4	3	5	5	7	3	8	5	7	5	5	5	10	16	19	27	65	0	51	19	12	7	7	1	3	1	2	1	4	4	2	0	3	2	2	1	0	0	0	0	0	0	0	0	2	0	0	1	1	0	0	1	0	0	0	0	0	1	0	0	0	0	0	0	1	2	0	0	2	0	0	0	1	0	0	2	0	0	1	0	0	0	0	0	0	0	1	0	1	0	1	0	0	3	4	8	8	0	1	2	1	5	3	2	1	1	2	2	2	2	0	1	1	1	0	0	0	1	0	1	1	0	0	1	0	0	0	1	1	0	0	1	0	0	0	0	0	0	0	0	0	1	0	1	0	1	0	0	0	0	0	0	0	0	1	0	0	0	2	0	0	2	0	0	0	0	0	0	0	0	0	0	0	0	0	0	1	0	2	0	0	1	0	0	0	0	1	0	1	0	0	2	0	1	0	0	0	0	1	0	0	0	0	1	0	1	0	0	1	0	0	0	1	0	0	1	1	1	0	0	2	1	1	0	0	1	1	0	1	4	1	0	1	0	2	0	1	1	1	0	0	2	0	1	1	2	1	1	0	1	0	0	1	0	3	0	0	2	0
0	0	0	0	0	0	0	1	0	1	0	1	1	0	0	0	1	0	2	0	0	1	0	0	1	0	0	0	2	0	2	2	1	2	1	1	0	0	1	0	0	0	0	0	0	1	2	0	1	0	0	0	0	1	0	2	0	0	0	0	2	0	2	0	0	2	0	0	0	0	1	1	0	1	0	2	2	2	0	1	0	2	0	0	1	2	1	1	3	0	1	5	3	1	1	1	1	0	0	2	1	2	0	0	1	0	2	1	0	0	0	0	0	3	3	0	2	1	0	0	0	1	1	0	1	1	3	0	0	1	1	0	1	1	1	2	0	2	2	0	1	0	1	0	1	0	0	0	1	1	2	0	4	6	8	7	6	5	0	5	3	0	2	0	0	0	0	0	0	1	0	0	0	0	1	0	0	0	1	1	0	0	1	0	2	0	0	2	2	2	1	4	3	4	4	3	1	6	8	9	11	6	9	20	11	14	17	11	4	6	4	4	1	2	1	3	0	3	1	1	2	3	3	5	0	1	2	0	2	1	1	4	3	3	2	0	2	2	5	6	9	4	13	11	11	27	23	51	0	80	16	13	9	5	2	0	2	2	1	3	1	3	3	2	4	1	0	0	1	0	0	1	0	0	0	0	1	0	0	0	0	0	0	0	0	0	0	0	0	1	1	0	1	0	0	1	0	1	0	0	0	0	2	0	1	0	0	0	0	0	0	1	0	0	0	0	0	0	0	1	0	1	0	1	5	6	3	2	2	2	1	2	2	3	1	0	0	0	0	2	0	0	1	0	0	0	1	0	1	1	0	0	1	0	0	0	0	0	0	1	0	2	0	2	1	0	0	1	0	1	0	1	0	0	1	0	0	0	0	1	1	0	2	0	0	0	0	0	1	0	0	0	0	0	0	0	0	0	0	0	0	0	0	1	0	0	0	0	0	0	0	1	1	0	0	0	1	2	0	0	0	0	0	2	1	0	2	0	1	0	0	0	0	0	0	0	0	0	0	2	0	0	1	0	1	2	2	2	0	1	0	1	1	1	0	0	1	1	0	0	0	0	1	0	0	1	0	0	0	0	1	0	0	0	2	1	0	2	0	1	0	1	0	0	0	0	0	0	0
0	0	0	0	0	0	0	0	0	0	1	0	0	1	0	0	1	0	2	0	0	1	0	1	0	0	0	2	1	0	1	0	1	0	1	0	2	1	0	0	1	0	0	0	2	2	0	1	0	0	0	0	0	2	0	2	2	1	1	1	0	1	0	0	0	1	0	2	0	1	1	1	0	0	1	0	1	0	0	3	1	0	2	0	1	1	0	1	3	1	0	1	2	2	1	2	4	2	0	0	1	0	2	0	1	1	0	1	1	0	0	1	1	1	1	0	0	0	0	1	0	0	0	0	0	0	0	1	0	0	2	1	2	0	2	1	0	2	2	0	0	4	1	1	1	2	2	1	1	3	1	0	2	4	5	9	2	3	5	2	2	4	0	1	0	1	1	0	0	1	0	0	0	1	1	1	0	0	0	0	0	0	1	0	0	2	0	0	4	0	2	2	3	1	2	4	8	5	5	8	5	3	14	12	6	10	9	10	1	4	0	4	0	0	3	1	0	0	3	0	4	4	6	3	2	2	1	1	1	0	2	2	6	4	1	0	1	5	6	3	8	3	8	6	9	7	17	19	80	0	30	10	5	8	2	6	4	2	1	3	1	3	5	2	2	2	0	1	0	1	0	0	0	0	0	1	0	0	0	1	1	0	0	0	0	0	0	0	0	0	1	2	2	0	0	0	0	1	0	0	1	1	0	0	1	0	0	0	0	1	1	0	2	0	0	0	2	1	2	0	0	1	0	5	6	8	3	2	3	3	3	3	2	1	0	2	0	0	0	0	0	0	1	0	1	0	1	1	1	0	0	0	0	0	1	2	0	0	0	0	0	0	0	0	0	0	0	1	0	1	0	0	0	0	0	0	0	0	0	0	0	0	1	0	0	0	2	1	1	1	0	0	0	0	0	0	0	0	0	1	0	2	0	0	0	0	0	1	1	0	0	0	0	0	1	0	0	0	0	0	0	1	0	0	0	0	1	0	1	0	1	0	1	0	0	0	0	0	1	0	1	1	2	0	1	0	0	2	2	0	1	1	2	0	1	2	0	0	0	4	1	1	1	0	0	0	0	1	0	1	0	0	1	0	0	0	3	1	0	0	0	0	1	1	0	2	0	1	2
0	0	0	0	0	0	0	2	0	0	0	0	0	1	1	3	1	0	1	0	0	1	1	0	0	1	0	0	0	0	1	1	0	0	0	0	0	0	0	0	0	0	0	0	0	1	1	0	0	0	0	1	0	0	1	0	1	1	0	1	2	0	1	1	1	1	0	0	0	1	1	0	0	0	0	0	0	0	0	0	0	1	0	0	1	0	2	1	2	2	0	1	1	1	2	1	3	0	1	0	1	0	0	0	0	1	0	1	0	0	0	0	0	0	1	0	0	0	0	0	0	0	0	2	0	0	0	0	3	0	1	2	0	0	0	1	0	0	0	0	1	0	2	1	0	1	0	1	3	2	3	0	2	4	13	7	4	5	3	4	5	2	4	0	0	1	1	2	0	1	2	0	0	1	0	0	1	0	0	1	0	0	0	2	0	2	2	4	1	0	2	3	1	1	3	0	4	2	4	6	7	14	11	8	4	5	12	10	6	5	3	4	3	1	1	4	0	1	2	4	2	6	4	5	1	1	3	7	5	2	1	4	2	3	1	3	3	3	1	3	5	3	5	7	8	7	42	12	16	30	0	138	37	9	6	5	3	0	1	1	5	2	1	3	1	0	0	0	0	0	1	0	0	1	1	1	0	0	0	0	0	0	0	0	0	1	0	0	1	0	0	1	0	0	0	1	0	0	0	0	1	0	1	1	0	3	0	0	1	0	0	0	0	0	0	2	0	0	1	1	2	1	1	10	1	18	6	5	8	5	1	0	0	2	1	0	0	2	0	0	3	0	0	1	0	1	1	0	1	0	2	1	0	0	0	0	0	1	0	1	0	0	2	4	0	1	0	0	0	0	0	0	0	0	0	0	0	0	0	1	0	1	0	1	0	1	0	1	1	0	1	1	0	0	0	1	1	0	0	0	0	0	0	0	0	0	0	0	0	2	0	1	0	0	0	1	0	1	0	0	0	1	0	0	1	0	2	0	0	2	1	0	1	1	1	1	0	1	0	0	0	1	1	1	0	0	0	0	0	0	2	1	0	0	0	2	0	0	1	1	1	0	0	0	2	0	2	1	0	1	1	0	1	0	0	0	0	1	3	0	0	0	0	1	0	1	0	0	0
0	0	0	0	0	0	0	0	1	1	0	0	0	0	0	0	0	1	0	1	0	2	1	0	0	0	1	1	3	0	0	0	0	0	1	1	0	0	0	0	1	1	1	1	2	0	1	0	0	0	0	1	0	0	0	3	2	0	0	1	1	0	0	1	0	0	1	2	1	1	0	0	0	0	0	0	1	0	0	0	0	0	1	2	0	0	0	1	2	1	1	1	0	3	0	1	1	0	1	1	0	0	0	1	0	0	1	1	1	0	1	0	0	0	0	2	1	0	1	0	0	0	0	1	0	1	0	2	0	3	1	0	0	0	0	3	0	1	1	0	2	0	0	1	1	0	0	1	1	0	2	2	6	9	17	15	14	6	5	4	7	12	1	2	2	2	0	1	1	0	0	0	0	1	0	0	0	1	1	0	0	0	0	0	2	2	4	1	0	1	0	3	0	2	3	1	2	4	5	0	7	10	14	9	5	5	2	2	5	7	1	2	1	3	1	3	1	0	2	2	4	7	6	0	7	4	5	4	2	3	0	0	2	2	5	0	0	5	4	1	2	1	3	4	7	11	19	7	13	10	138	0	80	25	6	7	4	5	1	1	3	8	3	4	3	2	0	1	0	0	0	1	2	1	1	1	0	0	0	1	0	0	0	0	0	0	0	0	0	0	0	1	1	0	0	1	2	0	1	0	0	0	0	1	1	2	1	0	0	0	1	0	0	0	0	1	3	1	1	1	4	0	2	7	8	18	14	6	4	2	5	1	3	4	0	3	0	0	2	0	0	1	1	0	0	1	1	0	0	1	0	0	0	1	0	0	0	2	0	1	0	0	1	1	1	0	1	0	1	1	1	0	1	1	0	0	0	0	0	1	1	1	1	0	0	1	0	2	0	0	0	0	1	1	0	1	1	0	0	0	0	0	0	0	0	0	1	0	0	0	1	1	1	1	0	0	0	1	1	0	0	0	1	2	1	0	2	1	1	1	0	0	0	0	0	0	0	1	0	1	0	0	2	0	1	1	1	1	3	2	2	1	1	3	0	0	0	1	0	0	2	0	1	2	0	0	0	1	0	1	1	0	1	1	1	1	1	2	2	1	1	3	0	0	0	1	0	0	1
0	0	0	0	0	0	0	0	0	1	0	0	2	0	0	0	4	1	0	0	0	0	2	1	1	0	0	0	0	0	0	0	0	0	0	1	0	1	0	0	1	0	1	0	3	1	1	0	2	0	0	0	0	1	1	0	1	1	1	0	1	0	0	0	1	0	0	0	0	0	0	1	0	0	0	0	0	0	0	2	1	0	0	0	0	1	1	1	2	1	1	1	2	1	1	0	1	0	2	0	1	0	0	0	0	2	0	0	1	0	1	0	1	1	0	1	0	0	1	0	0	0	0	0	1	0	0	0	0	1	0	0	1	0	0	2	0	1	0	0	0	0	0	0	0	0	2	0	2	1	4	2	9	6	11	22	11	7	3	8	16	16	6	0	1	1	0	1	0	1	2	2	1	1	1	2	1	0	0	0	1	2	3	1	2	0	6	2	2	1	3	0	4	1	2	3	3	2	3	6	9	5	4	3	1	2	2	0	1	5	0	2	0	3	0	3	2	3	0	4	3	4	3	3	6	1	1	3	3	2	3	2	1	2	1	0	0	2	1	1	1	2	2	5	3	4	15	7	9	5	37	80	0	49	15	9	1	4	3	4	8	7	8	5	7	3	0	1	0	0	0	1	0	2	1	0	0	1	1	1	0	1	0	0	0	0	1	0	1	1	0	0	0	0	1	0	0	0	0	2	2	1	2	1	1	0	0	0	0	0	0	1	0	0	0	0	2	1	1	1	2	3	3	8	11	19	12	14	4	4	8	5	2	2	3	1	3	1	1	0	1	0	1	1	0	0	2	1	1	1	0	0	1	0	0	0	1	0	0	0	0	0	0	0	1	0	1	1	2	2	0	0	0	0	0	0	1	0	1	1	0	0	0	0	0	1	1	0	0	0	0	0	0	0	0	1	0	1	2	0	0	0	1	2	1	0	0	1	1	0	1	0	0	2	2	0	1	0	0	0	2	1	0	0	0	2	0	0	1	0	0	0	0	0	0	2	0	1	1	0	0	1	0	2	1	2	2	0	1	1	4	2	3	2	1	2	0	2	2	2	0	0	3	0	0	0	2	0	0	1	0	0	3	1	2	0	1	0	0	2	1	1	1	1	0	1	1	3	0
0	0	0	0	0	0	0	1	0	0	0	0	0	0	0	1	0	0	0	0	0	0	0	0	0	0	1	0	0	1	0	0	0	0	0	0	0	2	1	0	0	0	0	0	1	1	1	1	0	0	0	0	0	0	0	0	0	1	1	2	1	1	0	0	0	0	0	1	0	0	0	0	0	1	0	1	0	0	0	1	0	0	0	0	0	0	0	0	2	0	0	0	0	1	1	1	0	1	0	1	0	0	0	0	0	0	0	1	0	1	1	1	1	0	0	0	0	0	1	0	0	0	0	1	1	0	0	2	1	0	1	0	0	1	0	0	1	0	0	0	1	0	1	0	1	2	0	0	1	2	2	3	5	5	1	7	9	2	3	1	15	14	3	1	0	0	0	0	1	2	0	0	0	2	2	1	0	0	1	2	3	3	4	3	5	2	1	0	2	1	0	3	0	2	1	1	1	5	3	4	4	4	2	3	1	0	0	2	0	2	0	0	1	0	0	0	0	2	0	2	1	1	4	7	3	2	3	3	5	4	4	3	1	1	1	2	1	3	2	1	2	0	1	3	0	4	4	1	5	8	9	25	49	0	35	6	15	2	3	6	14	11	20	10	13	3	1	0	1	1	0	1	0	0	3	0	2	1	2	0	0	0	0	1	0	0	1	0	0	0	0	0	0	0	0	0	0	1	0	2	1	1	0	3	0	0	1	0	0	0	0	0	0	0	0	0	2	0	2	1	1	1	3	10	12	17	15	7	4	2	4	1	3	3	0	2	2	2	1	0	0	1	0	2	0	0	1	1	1	0	0	0	0	0	0	0	0	0	1	1	0	0	0	0	1	0	0	0	0	0	0	0	0	0	0	0	0	0	0	1	0	1	1	2	0	0	0	2	1	0	1	0	1	2	0	1	0	0	1	0	0	0	0	1	1	0	0	0	0	0	1	0	0	2	0	1	3	2	0	0	1	0	2	1	0	0	1	0	1	0	0	1	0	0	1	0	1	0	0	3	3	0	0	0	1	1	0	1	1	1	2	2	5	1	3	2	0	1	1	1	0	2	1	0	1	0	0	0	0	0	1	0	0	0	0	1	1	0	1	0	1	3	0	3	1	0	3	0	0
0	0	0	0	0	0	0	0	1	0	0	0	0	0	0	0	0	1	1	0	0	0	0	0	0	0	0	0	0	0	0	0	1	0	0	0	0	0	0	0	0	1	1	0	0	0	0	0	0	0	0	0	0	0	0	1	1	0	0	2	1	0	0	0	1	0	0	0	0	0	3	0	0	0	1	0	0	0	1	0	0	1	0	0	0	0	0	1	1	2	1	0	0	0	1	2	1	0	3	0	0	0	0	0	0	0	0	0	1	0	1	0	0	1	0	0	0	0	1	1	0	0	0	0	0	0	0	0	0	1	0	1	0	0	1	0	0	0	0	0	0	1	0	0	0	0	0	2	1	2	1	0	3	0	5	5	4	3	3	2	5	9	3	2	1	0	0	4	0	1	0	1	1	0	1	0	1	0	0	0	2	0	1	0	1	0	3	4	1	1	1	1	0	1	2	1	1	3	3	2	3	4	4	1	5	2	1	0	1	0	0	3	0	2	0	1	0	0	0	2	4	3	3	2	1	2	0	6	6	0	2	3	3	0	1	1	1	1	0	1	3	1	1	0	3	1	6	3	2	2	6	6	15	35	0	100	28	13	8	25	21	17	13	7	3	3	3	1	0	0	0	0	1	1	1	0	0	1	0	0	0	0	0	0	0	0	0	0	0	0	0	0	1	0	1	0	1	1	2	1	0	1	3	0	1	0	0	1	0	0	0	0	0	1	0	0	0	1	2	1	2	4	1	9	7	5	15	1	4	1	5	1	1	3	2	0	1	3	0	1	1	0	1	0	0	0	0	1	0	1	1	0	1	0	0	0	0	0	1	0	2	0	0	1	1	0	1	1	0	1	0	0	0	0	0	0	0	1	1	2	0	1	0	0	0	0	0	0	0	0	0	0	0	1	0	3	1	0	0	0	0	0	1	0	1	0	0	0	1	0	0	0	0	1	0	0	0	0	0	0	0	0	0	0	1	0	0	1	0	1	0	0	0	0	1	0	2	0	0	0	0	0	0	0	1	1	0	1	0	0	0	0	2	1	2	1	1	0	0	1	0	2	1	0	0	1	0	0	0	0	0	0	0	3	2	0	1	1	2	4	0	0	1	1	0	1	1	0	0
0	0	0	0	0	0	0	0	0	0	0	0	0	0	0	0	0	0	0	0	0	0	0	0	1	0	0	0	0	0	0	0	0	0	0	0	0	0	1	0	0	0	0	0	0	0	1	1	1	0	0	1	0	0	1	0	0	0	0	2	0	0	0	0	0	0	1	0	0	0	1	0	0	0	0	0	0	0	0	0	0	0	3	1	0	0	0	0	1	0	1	0	0	0	0	0	0	0	1	0	0	0	0	0	0	0	0	0	1	0	0	0	0	0	1	0	0	0	0	0	0	0	0	0	0	0	0	1	1	0	0	1	0	0	0	0	0	0	0	1	0	0	0	1	0	1	1	0	0	1	2	1	5	1	2	3	4	1	2	3	8	7	4	4	1	2	1	1	1	0	2	1	0	0	0	1	0	0	1	1	5	2	0	0	2	4	3	2	1	1	0	1	1	1	2	1	1	3	2	3	2	2	1	3	1	0	0	3	1	2	0	0	1	0	1	1	0	0	0	1	1	2	1	0	1	2	1	2	2	3	0	2	1	0	0	2	0	1	0	1	1	2	3	0	1	2	7	1	0	6	5	7	9	6	100	0	189	51	22	26	27	16	18	12	10	0	2	1	0	0	0	0	1	0	1	0	2	1	1	0	0	4	0	1	0	0	0	2	3	3	1	1	0	0	1	1	0	2	1	1	1	0	1	0	1	0	0	1	1	0	0	0	1	1	2	1	0	1	3	4	0	1	0	0	2	5	5	2	2	1	2	0	0	2	1	1	0	1	2	0	2	2	0	0	2	1	2	0	1	0	0	0	0	0	0	1	0	1	0	0	2	0	0	0	1	0	0	3	1	0	0	1	0	1	0	1	0	0	0	0	1	0	0	1	0	0	1	0	0	0	0	0	1	0	0	0	0	0	0	1	0	0	0	0	1	1	0	1	0	0	1	1	1	0	0	2	1	1	0	0	1	0	0	0	0	0	0	1	0	0	0	0	0	0	0	2	0	0	0	0	0	0	0	0	1	0	0	0	1	0	0	0	1	1	0	0	1	1	1	2	0	2	0	1	1	1	0	0	0	2	0	0	2	0	0	1	1	0	1	0	1	1	0	0	0	0	1	0	1
0	0	0	0	0	0	0	0	0	0	1	0	0	0	0	0	0	1	0	0	0	0	1	0	0	0	0	1	0	0	1	0	0	1	0	0	0	0	0	0	2	0	1	0	0	0	0	0	0	0	0	0	0	0	0	0	0	0	0	0	0	1	0	0	0	2	0	0	1	0	0	0	0	1	0	0	0	0	0	0	1	0	0	0	1	1	0	3	0	1	1	0	1	0	0	0	0	0	0	0	0	0	1	1	1	1	1	0	0	1	0	1	0	1	1	0	1	0	0	1	0	0	0	0	0	0	0	0	0	0	0	0	0	0	0	1	0	0	0	2	0	0	0	0	0	0	0	0	0	1	0	1	0	3	0	2	4	1	2	2	4	3	2	1	0	1	2	0	0	1	1	1	1	0	0	0	2	1	0	2	3	0	2	2	3	2	2	4	0	0	1	2	1	1	3	0	0	1	2	3	1	5	1	3	2	2	2	1	1	0	1	3	0	0	0	1	0	0	0	1	1	2	1	0	1	3	1	1	3	2	1	3	2	1	1	2	1	0	0	0	1	2	0	3	4	5	2	2	2	4	3	4	1	15	28	189	0	140	11	26	10	7	15	3	7	3	2	0	1	0	1	1	1	0	0	1	0	1	0	0	0	2	0	0	0	1	0	1	0	0	1	1	2	1	1	0	0	0	0	2	0	0	1	0	1	1	1	0	2	0	0	1	0	1	0	2	0	2	0	0	2	2	0	5	7	4	1	5	1	1	2	2	3	2	1	2	0	0	0	0	1	0	0	0	1	1	1	0	1	1	0	0	3	0	0	1	0	1	0	0	1	1	0	0	0	0	1	0	1	0	0	1	0	0	0	0	0	0	0	0	0	1	0	0	0	1	0	0	0	0	0	0	0	0	0	0	0	0	0	1	0	1	1	0	0	2	0	0	0	0	0	1	0	0	1	2	0	0	0	1	0	0	0	1	0	2	1	1	2	0	0	0	0	0	2	0	1	0	1	2	0	0	0	1	0	2	0	2	0	1	1	1	0	2	0	1	0	1	1	0	0	1	0	0	1	0	0	0	0	2	0	0	0	0	1	0	2	1	2	0	0	0	0	0	1	0	0	0	0
0	0	0	0	0	0	0	0	1	0	1	0	0	0	0	0	0	0	0	1	0	1	1	0	0	0	0	0	1	1	0	0	0	0	1	0	0	0	0	1	0	0	1	0	0	0	0	0	0	0	0	0	0	0	1	1	0	0	1	0	0	0	1	0	1	0	1	0	0	0	0	0	0	1	0	0	0	0	1	0	0	0	0	1	0	1	0	0	1	0	0	0	0	0	1	0	0	0	0	1	1	0	0	0	0	1	1	0	0	0	0	0	0	0	0	0	0	0	0	0	0	0	0	0	0	0	0	0	1	0	0	0	0	0	0	0	0	0	1	2	0	0	0	1	0	0	0	1	1	1	0	1	1	0	3	2	4	2	1	1	5	2	2	1	0	0	0	1	0	0	0	0	2	0	2	4	1	2	1	3	4	2	1	1	3	5	3	1	0	1	1	0	3	0	2	2	0	1	2	2	4	1	0	0	1	1	0	0	0	1	2	0	1	0	1	1	0	0	0	0	3	1	1	2	0	2	1	2	3	2	0	1	1	2	0	0	0	1	0	0	0	1	0	1	0	2	0	1	2	2	0	5	4	2	13	51	140	0	47	31	8	8	4	2	7	1	2	0	0	0	2	0	0	1	0	0	1	0	0	0	0	0	1	1	0	0	0	0	1	0	0	1	0	0	3	0	0	0	3	2	1	0	0	1	0	0	0	0	1	0	1	0	1	0	0	1	2	1	3	0	3	1	3	3	4	2	4	3	2	3	1	0	1	0	1	0	0	0	1	1	1	1	0	0	0	0	0	0	0	0	0	1	1	0	0	0	0	0	0	1	0	1	1	1	0	0	2	0	0	0	0	1	0	0	0	0	1	1	1	1	1	1	0	2	0	1	1	0	0	0	1	0	1	1	0	0	0	0	0	0	1	0	0	0	1	1	0	1	0	0	1	1	1	0	0	0	0	1	0	0	0	0	0	0	0	0	0	2	0	1	2	0	0	0	1	3	0	0	0	2	0	0	0	0	1	0	1	1	1	1	0	1	0	2	0	0	3	0	2	3	1	2	0	0	0	0	1	1	0	2	0	2	0	0	0	1	1	2	0	0	1	0	0	0	1	0	0	0	0
0	0	0	0	0	0	0	0	0	0	0	0	0	1	0	0	0	0	0	1	0	0	0	0	0	0	0	0	1	0	0	1	0	0	0	0	1	1	0	0	1	0	0	0	0	0	1	0	0	0	0	0	0	1	1	1	1	0	1	0	0	0	2	0	1	0	1	0	0	1	0	0	0	0	0	0	0	0	0	1	0	1	0	0	0	1	0	0	0	0	1	0	0	0	0	0	0	0	0	0	0	0	0	0	0	0	0	0	0	0	0	1	1	0	1	0	0	0	0	0	0	0	0	0	0	0	0	0	0	0	1	0	0	0	0	1	0	0	0	1	0	0	0	0	0	0	0	0	0	0	0	1	1	4	1	0	4	0	2	6	2	3	5	2	2	3	0	0	1	1	5	2	0	1	1	3	2	4	5	8	6	3	4	2	1	7	5	6	3	0	2	1	0	1	2	0	1	2	4	1	1	2	2	1	1	0	0	5	1	0	0	2	2	0	1	0	0	1	0	1	1	0	0	2	1	1	2	4	4	2	0	0	2	0	0	0	1	0	1	1	1	0	0	1	2	0	4	4	1	1	1	1	3	3	8	22	11	47	0	38	28	13	7	8	3	2	3	1	0	0	0	1	0	0	1	2	0	1	0	1	1	1	1	0	0	0	1	0	0	0	0	1	0	2	1	2	0	0	0	0	3	4	1	3	2	0	2	0	0	0	0	1	0	1	2	0	1	0	0	4	1	3	5	4	2	2	3	1	4	1	1	1	0	2	1	4	0	2	1	0	1	0	1	1	1	2	2	2	1	1	0	2	0	0	0	1	1	1	1	0	1	0	0	0	0	0	0	0	1	0	0	0	0	0	1	2	0	0	0	0	1	1	0	0	0	0	1	0	1	1	0	0	1	1	0	1	0	0	0	3	0	0	2	0	0	0	0	0	1	0	0	1	0	0	0	1	3	0	0	0	1	1	0	0	0	0	2	1	0	1	1	0	1	1	0	1	0	1	0	0	0	2	0	0	0	0	0	0	0	0	1	2	0	1	0	0	2	1	1	2	0	2	0	0	1	1	1	0	2	1	0	0	1	0	1	0	3	0	0	0	1	0	0	0	1	0	0	0	0
0	0	0	0	0	0	0	0	0	0	0	0	0	0	1	1	0	1	1	0	1	0	0	0	1	0	0	0	0	0	0	1	1	0	1	0	0	1	1	0	0	0	0	0	0	0	0	0	0	1	0	0	0	0	0	0	0	1	1	0	0	0	0	0	0	1	0	0	0	0	0	0	0	0	2	0	0	1	0	0	0	0	0	1	0	0	0	1	1	0	0	0	1	0	0	1	0	0	0	0	0	0	0	2	0	1	1	1	1	0	0	1	1	0	0	0	0	0	0	0	0	0	0	0	2	0	0	0	0	0	0	0	0	0	0	0	0	1	1	0	1	2	0	0	0	0	0	1	0	0	3	0	1	0	3	2	2	1	2	7	3	6	4	4	1	1	2	1	2	1	0	2	1	2	1	2	0	0	2	1	3	2	0	5	3	5	13	4	5	2	1	1	1	0	1	0	1	2	3	2	2	0	2	1	1	0	3	0	0	0	0	2	0	2	1	0	0	0	1	4	0	3	1	1	0	5	2	2	5	3	2	0	2	3	0	2	1	3	3	0	0	5	1	0	2	3	4	4	3	3	1	1	4	6	25	26	26	31	38	0	110	23	26	14	14	7	2	2	1	2	0	1	1	0	1	1	1	0	0	0	1	0	0	0	0	0	0	2	0	0	0	0	1	0	1	0	0	2	1	0	3	0	1	0	1	1	1	0	0	0	1	0	0	1	2	2	1	1	1	1	3	5	2	9	5	5	1	1	3	1	2	1	2	4	2	1	4	3	0	2	1	0	3	1	1	1	0	0	3	0	0	0	2	2	1	0	1	0	1	2	0	1	0	0	1	0	2	2	1	0	2	0	0	1	0	0	0	0	0	1	0	1	0	0	2	1	0	1	0	0	0	1	0	0	0	0	0	1	1	0	0	1	2	0	3	0	0	0	0	2	1	1	1	0	2	2	1	1	0	1	0	0	0	0	0	1	1	2	1	1	1	2	0	1	1	0	0	1	1	0	0	0	2	0	1	2	1	1	0	0	0	0	0	1	1	3	0	3	0	2	1	1	1	1	0	2	0	0	2	2	0	0	0	2	2	0	1	0	0	1	0	1	0	1	1	0	0	0	1
0	0	0	0	0	0	0	1	0	0	0	0	1	2	0	0	0	2	0	0	1	1	0	1	0	0	0	0	0	0	0	0	0	0	0	0	2	0	0	1	2	0	1	0	2	0	1	1	0	0	0	0	1	1	1	0	0	0	0	0	2	0	0	0	0	1	0	1	0	0	1	0	0	0	0	1	0	2	0	0	0	0	0	0	0	1	0	1	1	1	0	0	0	0	0	0	1	0	1	0	1	2	0	0	0	0	0	0	0	0	1	0	0	0	0	1	0	2	0	0	0	0	0	0	0	0	1	1	0	0	1	1	0	2	1	0	0	0	0	0	1	0	0	0	1	1	0	1	2	1	1	0	2	4	6	4	0	4	3	6	7	13	11	1	3	0	0	0	0	1	1	0	1	1	1	0	3	1	1	3	1	1	1	4	6	3	6	3	2	0	1	1	0	0	2	0	2	0	0	2	4	2	1	0	2	2	0	1	0	0	1	5	2	1	0	0	1	0	1	2	1	1	5	3	4	2	2	5	1	2	2	4	1	3	2	1	0	0	2	0	0	1	1	2	3	2	1	2	1	1	5	3	8	14	21	27	10	8	28	110	0	37	64	29	33	5	0	0	2	0	0	2	1	0	2	1	0	1	0	1	2	0	1	1	0	0	0	1	1	0	1	0	0	1	1	0	1	1	1	2	1	0	2	1	1	2	2	1	0	0	0	1	0	3	0	2	0	1	2	3	3	4	4	7	7	8	6	3	4	1	5	1	2	4	3	2	0	3	0	1	2	2	0	0	0	1	0	4	0	1	0	0	0	0	0	1	0	0	0	0	0	0	1	0	0	0	0	0	0	1	0	0	1	0	0	0	3	0	2	0	0	1	0	1	1	1	1	1	0	1	1	0	0	0	0	0	0	1	1	0	0	0	3	0	1	2	2	1	0	0	0	1	0	0	0	0	0	0	0	2	0	1	0	0	0	0	1	0	3	1	0	1	1	0	0	0	0	1	2	0	0	0	0	1	0	0	2	0	0	0	1	2	1	2	3	1	2	2	0	4	0	0	0	0	1	1	1	0	2	0	1	0	0	1	0	3	3	3	0	1	1	1	2	1	1	0	0	0	0
0	0	0	0	0	0	0	0	1	0	0	1	0	0	0	0	2	0	0	0	0	0	0	0	0	1	0	0	1	0	2	0	1	0	0	2	1	0	2	1	0	0	0	0	0	0	0	0	0	0	0	0	0	0	0	0	0	0	0	0	1	0	0	0	2	2	0	0	0	0	0	0	1	0	0	0	0	0	0	0	0	0	0	0	0	2	0	3	0	1	0	0	1	0	0	1	0	0	1	1	0	0	2	0	0	0	1	1	0	1	0	0	1	0	0	0	0	1	0	0	0	0	0	2	0	0	0	0	0	0	0	0	0	0	0	0	1	0	0	1	0	0	0	0	0	1	0	1	1	1	1	1	1	3	3	4	4	2	2	12	5	17	8	5	2	1	0	0	0	0	3	2	1	0	1	1	1	3	1	0	1	4	4	1	0	4	8	1	2	0	0	1	2	1	0	0	0	0	1	2	2	3	3	0	2	0	0	1	3	1	0	2	0	1	0	1	1	0	0	2	1	3	0	3	0	4	5	4	5	3	1	2	0	0	1	0	0	1	2	1	0	1	2	3	1	1	2	0	3	3	2	8	7	11	17	16	7	8	13	23	37	0	544	20	11	0	1	1	0	0	0	0	0	0	0	1	1	1	0	1	0	1	0	1	2	0	0	0	0	1	0	0	0	0	1	2	0	1	0	2	1	2	1	0	0	0	0	0	1	0	0	0	0	1	1	1	0	1	1	4	7	8	2	8	3	3	2	0	3	2	3	1	1	1	1	1	0	1	0	0	0	0	1	3	0	0	0	0	1	1	0	1	2	0	0	0	1	1	0	0	1	0	1	1	0	0	1	0	1	1	0	1	0	0	0	0	1	0	1	2	0	0	0	1	1	1	1	0	1	1	1	0	0	0	0	1	1	0	0	0	0	0	0	1	0	0	0	0	0	0	0	0	0	2	3	0	0	0	1	2	0	0	0	0	1	1	0	0	0	1	0	1	0	1	0	1	0	3	0	1	1	0	0	0	1	1	0	0	0	0	0	0	0	1	1	0	4	2	3	0	2	2	0	0	1	0	1	0	0	0	0	1	1	1	1	0	0	0	0	1	1	0	3	1	0	1	0	0	0
0	0	0	0	0	0	0	0	0	0	1	2	0	0	0	0	1	1	0	1	0	0	1	0	0	1	1	0	0	0	0	0	0	0	0	0	0	0	0	0	0	0	0	1	0	2	0	0	0	0	0	0	0	1	1	0	0	0	0	0	0	0	0	1	0	0	0	0	0	1	0	0	0	0	1	1	1	0	0	1	0	0	0	0	1	1	0	0	0	0	0	1	1	0	1	0	0	0	0	0	0	1	0	1	0	1	0	1	0	1	0	0	0	2	1	1	1	0	0	0	0	1	1	0	1	0	2	0	1	0	0	0	0	1	1	0	1	0	0	0	0	0	1	1	0	0	2	0	0	2	2	2	1	3	0	7	6	4	1	7	6	16	9	8	0	4	1	0	0	2	1	2	1	1	0	0	1	0	2	3	5	2	3	3	7	8	5	2	4	0	2	0	0	1	2	1	0	0	1	1	1	5	1	4	0	1	0	1	3	0	1	0	0	0	1	1	4	0	0	1	1	1	7	3	2	0	3	4	1	3	1	2	1	1	0	0	1	0	0	2	0	0	2	1	1	3	4	3	3	5	1	3	8	20	13	18	15	4	7	26	64	544	0	45	17	4	2	1	0	1	0	0	1	2	1	0	0	0	0	1	0	0	0	0	0	0	0	1	0	0	0	2	1	0	0	1	0	1	1	1	1	3	2	2	1	1	0	0	1	0	0	1	0	1	0	1	0	1	5	7	4	6	7	4	5	11	2	5	3	3	2	0	0	2	1	2	2	0	0	1	0	0	1	0	0	0	2	0	0	0	0	0	0	0	0	1	1	1	0	0	3	1	0	0	1	0	1	1	0	0	0	1	0	1	0	1	0	0	0	0	0	3	1	1	0	0	0	0	1	0	2	2	0	0	0	2	0	1	0	0	1	0	1	0	0	0	0	1	0	1	1	1	0	0	0	0	0	1	0	1	0	0	0	0	1	0	0	1	1	0	0	1	0	0	0	1	0	0	0	0	0	0	0	1	0	1	1	2	1	2	1	5	2	1	0	1	0	3	2	2	0	2	2	0	1	0	0	3	1	3	2	0	1	1	0	0	1	1	1	1	0	0	1	4	0	0	0	0	0
0	0	0	0	0	0	0	0	2	0	0	0	3	0	0	0	0	1	0	0	1	0	0	1	1	1	0	0	1	0	0	0	0	0	0	1	1	0	0	1	0	0	0	0	2	0	0	0	1	0	0	1	0	0	0	0	0	0	1	0	0	0	0	1	0	0	0	0	0	0	0	1	0	1	0	0	0	1	0	0	0	1	0	1	0	0	0	1	0	1	0	1	1	0	0	1	1	0	0	1	3	0	0	0	0	0	1	1	0	0	0	0	0	0	1	0	0	0	1	0	0	1	0	0	0	0	1	0	0	0	0	1	0	0	0	1	0	1	1	1	1	0	0	0	0	1	2	1	2	3	2	1	1	3	5	3	6	5	10	11	14	13	25	4	2	1	4	2	1	1	1	1	0	2	2	2	0	2	2	4	3	5	3	4	5	3	17	9	2	3	5	0	2	2	0	1	0	2	2	2	1	4	4	1	1	0	1	0	1	0	3	0	2	1	1	0	1	1	1	1	3	2	3	3	3	1	2	4	1	2	0	3	1	2	1	3	2	1	1	2	0	1	0	2	1	2	2	2	2	2	3	4	5	10	7	12	3	2	8	14	29	20	45	0	80	5	1	1	1	0	0	1	0	0	2	1	0	1	0	1	2	0	1	3	0	0	0	1	1	2	2	0	1	2	1	0	1	4	1	1	0	4	1	1	3	1	0	0	0	1	2	2	0	0	0	0	2	0	4	7	9	19	10	15	12	7	7	7	4	8	3	3	1	3	4	2	2	0	2	1	1	0	0	0	1	0	0	0	1	0	0	1	1	0	0	1	2	0	0	0	0	2	1	0	1	1	0	0	3	0	2	1	0	1	1	0	0	2	1	0	0	0	1	0	3	1	0	2	0	1	2	1	2	0	0	1	0	1	0	0	0	0	1	1	0	0	0	0	0	0	1	0	0	2	1	3	2	1	1	2	0	2	0	0	0	0	1	1	0	2	0	0	0	0	1	1	1	0	2	0	0	2	0	0	1	0	2	1	1	0	2	1	0	3	3	1	2	6	3	1	4	0	0	2	1	1	0	1	0	1	0	1	1	2	1	3	0	0	2	2	0	0	0	0	0	3	0	1	0
0	0	0	0	0	0	0	0	0	1	0	0	0	0	0	0	2	0	1	0	0	0	0	0	0	0	0	0	0	0	0	0	0	0	0	1	0	0	1	0	0	1	1	1	1	1	0	0	0	0	0	0	0	0	0	0	0	0	0	0	0	0	0	0	0	0	0	0	1	0	2	0	0	1	0	0	1	0	0	0	0	0	0	0	1	0	1	1	0	2	1	1	1	0	2	0	0	0	0	0	1	0	0	0	0	0	0	0	0	1	0	0	0	1	1	1	0	1	1	0	0	0	0	1	1	1	1	0	0	0	1	1	0	0	2	0	1	0	1	2	0	0	1	0	0	0	2	0	1	1	1	2	4	2	3	4	3	7	9	10	13	10	22	7	5	3	0	0	1	0	1	1	2	1	3	3	4	0	2	2	5	4	5	3	2	1	6	14	7	1	0	0	0	0	1	2	0	1	0	0	3	2	3	3	2	2	2	0	5	1	1	1	1	2	3	2	1	1	2	2	3	4	3	2	4	7	2	8	2	1	1	3	0	2	0	2	1	0	3	0	1	3	2	1	0	1	4	2	4	2	1	3	7	13	3	10	7	7	3	14	33	11	17	80	0	5	8	1	1	0	2	0	2	0	0	1	1	2	0	1	1	0	1	1	0	0	0	3	0	0	1	3	2	0	0	2	0	2	3	0	2	2	2	5	1	1	0	0	0	0	0	0	1	0	1	2	0	1	4	6	7	24	7	20	13	5	7	5	4	4	6	3	3	9	4	3	0	2	1	1	3	1	1	0	0	0	3	1	0	1	2	0	1	0	0	0	0	1	0	1	1	1	0	0	2	0	1	0	1	0	0	0	0	0	0	3	0	0	1	2	0	0	2	1	0	0	1	1	1	1	1	0	1	0	0	2	2	0	0	2	0	2	1	1	0	0	0	0	1	1	2	1	0	2	0	2	2	0	0	0	0	0	0	2	1	1	2	2	1	1	1	0	2	0	0	1	0	3	0	2	1	0	0	1	1	0	2	1	1	0	0	2	0	2	0	5	4	3	2	1	1	0	2	2	2	1	1	0	1	1	1	0	1	2	3	4	1	3	2	3	2	1	0	0	0	0	2	0	0
0	0	0	0	0	0	0	0	0	0	0	0	0	0	1	0	0	0	0	0	0	0	0	0	0	1	1	1	1	0	0	0	0	1	0	0	1	0	0	0	0	0	0	0	1	2	0	2	0	0	0	0	0	0	0	0	0	0	0	0	1	1	0	0	0	0	0	0	0	0	0	0	0	0	0	0	0	0	0	0	1	0	0	0	0	0	0	1	0	1	1	0	0	1	1	0	0	0	0	0	1	1	1	0	0	0	1	0	0	1	0	0	0	0	0	0	0	0	0	0	0	0	0	1	2	2	0	0	0	1	0	0	0	0	1	0	1	0	0	2	0	1	0	0	0	0	0	0	0	0	2	6	0	2	2	2	3	3	2	7	3	4	13	17	8	11	7	6	1	3	3	5	9	4	0	3	6	3	3	4	5	9	12	6	4	3	17	5	2	1	1	2	1	1	1	0	0	1	1	0	1	2	3	0	1	1	1	0	0	2	0	0	1	0	2	2	0	0	1	4	2	2	1	1	1	4	4	1	2	0	0	1	0	2	2	1	0	3	1	0	0	0	0	0	0	0	0	1	1	2	0	2	3	3	3	0	3	1	2	7	5	0	4	5	5	0	17	0	1	2	2	1	3	1	4	2	3	1	1	1	0	2	0	1	4	1	0	1	0	2	2	1	2	4	1	3	2	0	0	1	6	6	6	1	4	4	1	1	1	0	1	1	2	0	2	7	7	2	4	19	20	31	21	2	1	1	3	2	3	4	3	1	1	5	1	3	3	1	1	1	1	1	2	2	2	1	0	0	0	1	0	1	0	1	1	0	0	0	3	0	4	0	1	0	1	1	0	0	0	2	4	2	0	0	0	0	1	1	1	0	2	2	3	2	0	1	3	0	0	2	2	0	5	0	3	1	0	0	0	0	0	2	2	2	2	2	1	0	2	1	2	3	4	3	1	6	0	5	4	5	1	1	0	0	1	1	2	3	5	4	2	1	0	1	0	1	0	4	4	1	1	2	0	0	0	1	2	1	1	0	2	3	3	5	1	6	6	11	7	3	2	5	2	1	2	1	3	1	1	1	1	0	3	7	2	5	4	2	1	3	4	1	0	1	0	0	0	0	2
0	0	0	0	0	0	0	0	0	0	0	0	0	0	0	0	1	1	0	0	1	0	0	1	0	1	0	0	0	1	0	0	1	0	0	0	0	0	0	0	0	0	0	0	0	0	0	1	0	0	0	1	0	0	0	0	0	1	0	0	1	0	1	0	0	0	0	0	0	0	0	0	0	0	0	0	0	0	0	0	0	2	0	1	0	0	0	0	0	0	1	1	0	1	0	0	1	0	0	0	0	2	0	0	0	0	0	0	0	1	0	0	0	0	0	0	2	0	0	0	0	0	0	0	0	0	0	0	0	0	0	0	0	0	0	0	1	0	1	1	0	0	0	0	0	0	1	0	0	0	1	0	2	1	0	1	1	1	1	4	0	0	6	4	20	10	16	11	5	8	11	25	33	3	7	7	4	4	7	4	3	6	9	5	4	5	3	1	1	0	1	0	0	0	0	0	1	1	1	2	1	0	0	2	1	1	0	0	0	1	0	1	2	2	0	2	0	0	2	4	1	0	3	1	2	1	1	2	0	2	0	0	0	0	1	0	0	0	0	0	1	1	0	0	0	2	1	0	0	0	0	0	0	1	3	2	2	2	3	2	0	1	2	1	8	17	0	9	1	3	3	1	4	0	8	5	6	4	1	2	3	2	2	2	1	2	1	1	1	0	1	0	3	1	1	1	3	2	3	3	10	41	25	9	10	7	0	3	4	1	1	2	2	1	2	3	6	7	5	10	5	3	4	1	1	1	3	1	2	3	2	1	0	0	2	1	2	1	3	1	2	0	2	2	1	2	0	2	1	0	2	0	0	0	0	3	2	3	1	0	2	0	1	1	1	2	1	2	1	2	1	0	2	0	2	1	0	2	4	1	2	2	4	2	4	2	2	3	1	2	1	1	0	1	1	3	0	0	1	1	2	3	2	2	2	1	0	0	4	6	2	6	5	8	12	17	4	6	6	3	1	1	2	2	5	3	7	12	4	2	0	1	0	1	3	0	1	1	0	0	0	0	1	1	0	2	0	1	1	2	0	1	3	6	2	6	4	4	2	2	2	3	3	1	0	1	5	2	0	2	2	1	4	3	3	2	3	0	1	3	1	0	0	0	0	1	0	0	4
0	0	0	0	0	0	0	0	0	0	1	0	0	0	0	0	1	0	0	0	0	0	0	0	0	0	1	0	0	0	0	0	1	0	0	0	0	0	0	0	1	0	0	1	0	0	0	0	0	1	1	0	0	0	0	0	0	0	0	0	0	0	0	1	0	0	0	0	0	0	0	0	0	1	0	0	0	0	0	0	1	0	0	0	0	1	0	0	0	0	0	0	0	0	0	0	1	0	0	0	0	0	0	0	0	0	1	0	0	0	0	0	0	0	0	0	0	0	0	0	0	0	1	1	0	0	0	0	0	0	1	0	1	0	0	0	0	0	0	0	0	1	0	0	0	0	0	0	0	2	0	1	0	0	2	0	1	0	0	1	0	0	2	2	3	8	15	11	10	5	6	20	38	9	5	4	4	1	3	3	2	3	3	2	2	4	2	1	2	0	2	0	0	1	0	0	0	0	1	1	0	1	0	0	0	0	0	0	0	0	0	0	0	0	1	0	0	1	1	1	0	0	0	0	1	1	0	0	0	1	0	0	0	0	0	1	1	0	0	0	0	0	1	1	0	1	2	0	0	1	0	1	1	0	1	1	0	0	1	2	0	1	1	1	1	0	9	0	39	11	5	8	5	5	23	33	21	30	22	12	6	8	7	3	3	1	5	1	1	0	0	1	2	0	2	3	2	2	3	4	10	23	18	10	10	5	5	9	5	4	5	2	2	7	2	8	25	31	4	7	2	1	3	2	0	3	1	1	3	0	0	0	1	1	0	0	3	2	2	0	0	2	2	0	0	2	1	2	2	1	0	0	1	2	0	0	1	1	0	2	0	0	1	0	1	2	2	0	2	4	3	0	1	1	0	1	0	3	2	1	5	5	1	2	4	3	2	4	6	1	1	0	2	0	1	1	2	2	2	1	2	0	9	9	3	2	2	5	1	4	2	8	12	8	4	9	5	14	6	6	7	4	3	4	5	14	9	9	2	5	2	2	0	2	1	1	2	0	4	0	0	1	2	0	0	0	1	0	1	3	1	1	2	1	1	4	5	3	1	4	0	0	1	1	0	1	1	2	4	3	2	2	2	0	5	1	0	2	0	1	0	4	1	2	0	0	0	0	1
0	0	0	0	0	0	0	0	0	0	0	1	0	0	0	1	0	0	0	0	0	1	0	0	0	0	0	0	0	0	0	0	1	0	0	0	0	1	0	0	0	1	1	0	0	1	1	1	0	0	1	0	0	0	0	0	0	0	0	0	0	0	0	0	1	0	0	0	0	0	1	0	0	1	0	0	0	0	0	0	0	1	1	0	1	1	0	1	0	0	0	0	0	0	0	0	0	0	0	0	0	1	0	0	0	0	0	1	0	0	0	0	0	1	0	0	0	0	0	0	0	0	0	0	0	1	0	0	0	0	0	1	1	1	1	0	0	0	0	0	0	0	1	0	0	1	0	0	0	0	1	0	1	0	1	2	0	1	0	0	1	0	0	2	7	8	5	7	5	4	10	10	14	7	5	6	3	2	1	4	4	1	1	1	0	0	2	1	0	2	1	0	1	0	0	0	0	0	0	0	0	0	1	1	0	0	0	1	0	0	0	0	0	0	0	0	2	0	1	0	0	0	1	1	1	3	0	1	2	1	1	0	0	1	0	0	0	0	0	1	0	0	1	1	2	0	0	0	1	0	0	0	0	1	0	0	1	0	0	1	2	0	0	1	1	1	1	39	0	21	10	16	15	24	66	82	32	18	21	11	27	18	9	4	5	4	0	2	0	1	0	3	3	4	2	4	3	9	5	2	8	6	7	2	7	2	4	3	2	3	4	3	1	4	1	7	7	9	4	2	0	1	1	2	2	0	1	1	1	0	0	0	2	3	1	1	2	2	1	0	1	2	0	0	2	1	1	1	1	1	2	3	0	1	2	1	2	0	3	3	3	1	1	0	1	2	2	0	3	3	7	1	2	2	2	2	1	4	3	2	2	1	1	3	1	2	4	4	4	1	1	3	1	2	3	3	4	1	2	4	1	1	14	17	8	7	1	2	5	4	6	9	33	13	8	4	8	9	6	4	3	5	4	2	6	14	13	18	9	4	8	1	7	4	2	3	2	2	0	0	0	0	0	0	1	2	4	0	1	1	1	0	4	0	1	0	1	1	0	0	2	1	1	1	1	2	2	1	2	0	1	3	4	3	2	0	0	0	3	1	0	1	1	2	1	0	1	0	1
0	0	0	0	0	0	0	0	0	0	0	0	0	0	0	0	0	0	0	0	0	0	0	0	0	0	0	0	0	0	0	0	0	0	0	0	0	0	0	0	0	0	0	0	0	0	1	0	1	0	0	0	0	0	0	0	0	0	0	0	0	0	0	0	0	0	0	1	0	0	1	0	0	0	0	0	0	0	0	0	1	0	0	0	0	0	2	0	0	0	0	1	0	0	1	1	0	1	0	0	0	0	0	0	0	0	0	0	0	0	0	0	0	0	1	0	0	1	0	1	0	0	0	0	0	0	0	0	0	0	0	0	0	0	0	0	0	0	0	0	1	0	0	0	0	0	1	0	0	1	0	1	0	0	0	0	0	0	3	0	1	0	3	0	0	2	3	1	3	8	1	2	6	8	4	6	2	2	5	2	3	1	3	1	2	0	0	1	2	1	3	1	1	0	2	2	0	0	0	0	0	0	0	0	0	0	0	1	0	0	1	0	0	0	0	1	0	1	2	0	1	0	1	0	3	1	0	0	0	1	0	0	2	0	0	0	0	1	0	1	0	0	0	0	0	0	0	0	0	1	0	0	0	1	0	0	0	0	0	2	0	0	1	0	0	2	3	11	21	0	54	34	22	27	25	26	27	8	10	13	24	42	32	11	11	7	3	1	1	0	2	2	8	1	6	5	10	8	6	4	4	4	3	3	2	4	1	1	0	0	1	2	3	1	4	1	4	1	1	1	0	0	1	0	0	0	0	0	1	1	1	1	0	2	2	0	1	0	0	1	1	0	0	1	1	3	3	3	2	1	1	1	0	1	0	1	1	1	2	1	3	2	2	5	1	0	1	1	2	2	5	2	1	2	1	4	2	1	1	1	1	0	1	0	1	0	2	1	0	1	1	2	2	4	1	1	2	4	3	2	2	0	2	13	8	2	6	0	3	2	8	11	14	5	9	4	3	3	2	4	3	2	1	5	4	5	7	6	5	6	1	4	13	9	2	4	5	2	1	1	0	0	0	0	2	1	1	1	0	0	0	2	0	1	0	1	2	2	0	2	2	0	2	0	1	0	2	1	1	0	0	1	3	2	1	0	0	0	2	0	0	0	2	0	0	2	2	2	0
0	0	0	0	0	0	0	1	0	0	0	0	0	0	0	0	0	0	0	0	0	0	0	0	0	0	0	0	1	0	0	0	0	0	0	0	0	1	0	0	0	0	0	0	0	0	0	0	0	0	0	0	0	0	0	0	0	0	0	0	1	0	0	0	0	0	0	0	0	1	0	0	0	0	0	0	0	0	0	0	0	0	0	0	0	1	0	0	0	0	0	0	1	0	0	0	0	0	1	2	0	0	0	0	0	0	0	1	0	0	0	0	0	1	0	0	0	1	1	0	0	1	0	0	0	0	0	0	0	0	0	0	0	0	0	0	0	0	0	0	1	0	1	1	0	0	1	0	0	0	0	0	1	0	0	0	0	2	2	0	0	0	1	1	2	4	6	3	4	2	5	3	6	6	7	6	8	2	2	0	0	2	2	3	0	3	2	2	0	0	0	0	0	0	0	0	2	0	1	0	0	0	0	0	0	1	0	0	0	0	0	0	0	0	0	0	1	1	0	0	0	1	0	0	2	1	0	0	1	0	0	0	0	0	0	0	0	0	0	0	0	2	0	0	0	0	2	0	0	0	1	0	0	0	0	0	1	2	0	0	0	0	0	0	2	2	3	5	10	54	0	133	23	15	13	22	9	2	6	8	9	31	17	18	10	3	2	1	4	2	4	4	4	7	6	15	12	9	5	5	13	2	4	1	2	1	1	0	1	0	0	1	1	0	0	3	2	3	0	2	0	0	2	1	0	1	1	1	0	1	1	1	2	3	1	2	1	2	1	1	0	0	1	2	0	0	1	1	2	2	1	2	2	1	2	0	0	2	2	0	2	3	2	2	0	0	2	1	4	2	1	1	1	1	3	1	1	1	1	2	1	1	1	0	1	0	1	5	0	1	2	0	1	3	1	2	0	5	4	2	0	1	6	6	5	3	4	0	2	1	3	7	12	7	7	6	3	5	1	5	1	1	0	3	2	4	1	7	3	2	2	5	5	8	6	2	3	2	1	3	0	2	0	1	1	0	0	0	0	1	1	0	1	1	1	1	1	0	0	0	3	2	3	1	1	2	1	0	1	2	1	2	1	0	1	0	1	1	0	1	0	0	0	0	0	1	1	2	1
0	0	0	0	0	0	0	1	0	0	0	0	0	0	0	1	0	0	0	0	0	0	0	0	0	0	0	0	0	0	0	0	0	0	0	0	1	0	0	0	0	0	0	0	1	0	0	0	0	0	0	0	1	0	0	1	1	0	0	0	0	1	0	0	1	0	0	1	1	0	0	0	1	0	0	0	0	1	0	0	1	0	0	0	1	0	0	0	0	0	0	1	0	0	1	0	1	0	0	0	0	0	0	0	0	0	0	0	0	0	1	0	0	0	0	0	0	0	0	0	1	0	0	0	0	0	0	0	0	0	0	0	0	0	0	0	0	0	1	0	0	0	0	2	1	1	0	1	0	0	0	0	0	1	0	1	0	0	0	1	1	2	3	1	2	0	5	4	7	7	3	14	6	18	15	10	4	1	4	3	0	2	0	2	2	2	1	1	0	1	0	1	0	0	0	0	0	2	1	0	1	2	0	2	0	0	0	0	0	1	0	1	2	0	0	0	0	0	1	1	1	0	1	1	0	1	1	1	1	1	0	0	0	1	0	1	1	0	0	0	1	2	0	0	0	0	1	0	1	0	0	1	1	1	0	0	1	0	1	1	2	0	0	1	0	1	1	8	16	34	133	0	30	8	27	24	9	5	5	8	7	16	8	13	7	4	3	3	3	1	1	7	4	5	9	10	20	7	5	9	12	6	6	1	2	0	0	0	1	1	4	3	2	3	1	0	7	3	1	3	0	2	0	0	1	0	0	2	0	1	2	2	0	2	1	1	1	1	2	2	1	1	0	2	0	0	2	2	2	1	2	0	0	3	1	1	0	0	0	3	3	1	3	1	0	1	0	1	0	2	0	4	2	2	0	3	3	3	1	3	1	2	0	0	1	1	0	0	1	1	2	1	1	0	1	1	2	0	1	0	3	2	4	2	7	1	1	1	2	2	5	3	5	12	4	2	3	2	4	3	1	4	4	3	5	1	3	5	2	3	2	2	4	1	2	1	3	1	0	2	0	0	0	2	0	2	2	1	0	1	1	0	1	1	0	1	0	2	0	0	1	0	3	1	2	1	0	0	2	1	0	1	1	1	1	1	1	1	1	0	2	2	0	1	0	3	2	2	0
0	0	0	0	0	0	0	0	0	0	0	0	0	0	1	0	0	0	0	0	0	0	0	0	0	0	0	0	1	0	0	0	0	0	0	0	0	0	0	0	0	0	0	0	0	0	0	0	0	1	0	0	0	0	0	0	0	0	0	1	0	0	0	0	0	0	0	0	0	0	0	0	0	0	0	0	0	0	1	0	0	0	2	0	0	0	0	0	0	0	0	0	0	0	0	0	0	0	1	0	0	0	0	1	0	1	0	1	0	0	0	2	0	1	0	0	0	0	0	0	0	0	0	0	0	0	0	0	0	0	0	0	0	0	0	0	0	0	0	1	1	0	0	0	0	1	0	1	0	0	0	0	0	0	0	0	0	0	0	1	2	0	0	0	0	0	5	3	4	3	5	11	11	10	15	10	4	0	3	2	3	2	0	2	2	4	3	2	0	0	0	0	0	1	0	0	0	2	0	0	0	0	1	0	0	0	1	1	0	0	0	0	0	0	1	0	0	1	0	1	0	0	1	0	0	0	2	1	1	2	0	1	1	0	0	1	0	0	0	0	0	0	0	1	1	0	0	0	0	0	0	2	0	0	1	1	1	0	0	1	1	0	1	0	2	3	4	5	15	22	23	30	0	50	52	14	7	6	3	9	3	10	6	7	5	4	2	4	2	0	3	2	4	2	6	14	16	16	9	22	23	8	5	3	1	1	3	2	1	4	0	3	0	1	2	4	3	3	0	2	2	0	0	0	0	0	0	0	1	0	1	2	1	2	2	2	0	2	0	0	1	3	1	1	1	0	2	3	0	4	1	0	3	2	0	2	1	3	2	4	4	6	3	4	2	1	0	5	0	1	4	2	0	1	1	0	1	0	2	3	1	1	0	2	1	2	2	0	1	2	2	1	1	0	0	1	2	1	0	1	0	2	4	2	7	2	4	3	0	4	3	6	11	11	12	4	2	3	3	2	2	1	1	1	5	6	6	5	4	4	2	8	5	10	5	2	0	1	1	0	1	1	0	2	1	1	1	0	0	0	2	3	0	1	1	2	1	3	0	2	0	1	1	0	4	2	1	2	1	0	1	0	3	3	2	3	1	1	1	2	3	0	0	1	0	0	0	0	0
0	0	0	0	0	0	0	0	0	0	0	0	0	0	0	1	0	0	0	0	0	0	0	0	0	0	0	0	0	0	0	0	0	0	0	0	1	1	0	1	1	0	1	0	2	0	0	0	0	0	0	0	0	0	0	2	0	0	0	0	0	0	0	0	0	0	0	0	0	0	0	0	0	0	0	0	0	0	0	0	0	1	0	0	0	0	0	0	0	0	0	0	0	0	0	0	0	0	0	0	0	0	0	0	0	1	0	0	0	0	1	0	0	0	0	0	0	0	0	0	0	0	0	0	0	1	0	0	0	1	0	0	0	0	1	0	0	0	0	1	1	0	0	1	0	0	0	0	0	2	2	1	0	0	2	0	0	1	1	0	0	0	2	1	1	3	4	3	3	3	4	7	5	5	6	5	0	2	1	3	4	3	2	4	0	0	1	1	2	1	1	1	0	0	0	0	0	1	1	0	0	0	1	2	0	0	0	0	1	0	0	1	0	1	0	1	0	1	0	0	3	1	0	1	1	2	1	3	1	0	1	0	0	0	1	0	1	0	0	0	0	0	1	0	1	0	0	0	0	0	1	1	2	0	1	0	0	1	0	0	0	0	2	0	0	1	0	5	24	27	15	8	50	0	30	11	9	4	10	6	6	13	19	10	5	3	5	6	3	2	1	8	3	5	3	8	13	16	13	18	17	10	2	9	2	2	1	1	0	2	0	0	2	2	1	3	3	2	1	0	1	1	3	2	1	1	1	1	0	1	4	2	1	0	0	2	2	1	1	1	1	0	0	0	0	3	2	3	1	3	1	1	3	2	3	3	3	6	4	9	6	9	3	0	1	0	1	5	2	3	4	3	1	3	1	5	3	3	3	3	3	1	1	2	3	2	2	1	4	1	2	1	3	2	2	0	0	4	1	2	3	1	2	6	2	8	1	6	2	4	3	12	35	34	6	8	5	7	4	1	3	3	4	1	5	8	11	12	11	16	5	12	16	23	9	1	2	2	1	3	3	1	4	1	0	0	1	1	2	0	0	1	1	4	5	5	2	1	1	3	1	0	0	1	2	3	4	3	2	2	2	2	3	1	1	0	2	0	2	1	3	2	5	0	1	1	1	0	1
0	0	0	0	0	0	0	0	0	0	1	0	0	0	0	0	0	1	0	0	1	0	0	0	0	0	0	0	0	1	0	0	0	0	0	1	0	0	0	0	1	0	0	0	0	0	0	1	0	0	0	0	0	0	0	0	1	0	0	0	1	0	0	0	0	0	0	0	0	0	0	0	0	0	0	1	2	0	1	1	0	0	0	0	0	0	1	0	0	0	0	1	0	0	0	0	0	0	0	0	0	0	1	0	0	0	0	0	0	0	1	0	1	0	0	0	0	0	0	0	0	0	0	0	0	0	0	0	0	0	0	1	1	1	0	0	0	0	0	0	0	0	0	0	0	0	0	0	1	1	0	1	1	0	0	1	2	2	0	1	1	1	0	1	2	1	7	11	2	9	9	16	18	16	11	13	5	3	1	1	0	4	4	2	0	1	1	0	2	0	0	2	0	0	0	0	0	2	0	0	1	1	1	1	0	0	0	1	0	0	0	0	1	0	1	0	0	0	1	0	0	1	0	0	2	2	0	3	0	0	1	0	0	0	0	1	0	0	0	0	1	1	0	2	0	0	0	2	0	0	1	1	1	3	1	1	0	0	1	1	2	0	1	2	0	4	8	23	66	25	13	27	52	30	0	63	29	9	4	10	10	5	4	6	6	1	3	3	2	2	2	2	3	2	3	8	11	10	6	7	21	24	8	8	5	2	1	2	2	4	1	3	4	3	2	3	5	3	2	1	3	0	0	1	0	1	2	1	0	0	1	0	0	1	5	1	3	2	0	2	2	0	1	1	2	0	3	1	1	1	0	1	1	0	1	2	1	2	1	0	2	0	3	1	1	2	1	1	5	5	3	3	1	1	1	3	4	4	3	5	2	2	1	2	0	2	3	3	2	3	1	1	0	6	2	2	2	1	3	1	0	3	6	6	6	3	0	3	1	6	5	4	17	23	5	5	7	5	5	7	3	1	3	6	5	4	11	15	6	9	3	6	6	7	3	3	1	2	1	1	0	1	1	1	0	0	1	1	0	1	3	1	1	3	3	2	4	4	3	3	0	3	1	2	0	1	2	2	1	3	2	2	0	3	1	1	1	0	0	3	2	0	2	2	1	1	0	2	1
0	0	0	0	0	0	0	0	0	1	0	0	0	0	0	0	0	0	0	0	0	1	0	0	0	0	0	0	0	0	0	0	0	0	0	0	1	0	0	0	0	0	0	0	0	0	0	1	0	0	1	0	0	0	0	1	0	0	0	1	0	0	0	0	2	0	0	0	0	0	0	0	0	1	0	0	0	0	0	0	1	0	0	0	0	0	0	0	0	0	0	0	0	0	0	0	0	1	0	0	1	0	1	0	0	0	0	0	0	0	0	1	1	0	0	1	0	0	0	1	1	0	0	0	0	0	0	1	0	0	0	0	0	0	0	0	0	0	0	0	0	0	0	0	1	0	0	0	0	0	0	0	0	2	0	2	0	0	0	0	1	0	0	2	6	2	10	6	4	4	10	18	19	18	11	8	1	4	3	3	1	1	6	1	2	5	2	1	1	0	0	0	0	0	0	0	0	0	0	0	0	0	0	1	0	0	2	0	0	0	0	0	0	0	0	0	0	0	1	0	1	0	0	2	1	0	0	0	1	0	0	0	0	0	0	1	0	1	0	0	0	0	1	0	0	0	0	0	0	1	1	1	0	0	0	0	1	0	2	1	1	1	0	1	1	2	5	33	82	26	22	24	14	11	63	0	94	28	14	13	17	13	9	3	4	0	3	2	1	1	1	4	6	1	4	3	2	3	2	6	15	9	9	2	6	2	5	3	2	6	3	2	0	0	4	6	11	13	2	2	2	0	1	1	0	0	0	1	1	2	0	1	2	1	0	2	2	1	1	0	1	0	1	0	1	0	2	1	2	0	2	1	1	0	1	1	0	2	4	3	1	2	0	0	1	0	0	2	0	0	2	2	0	2	3	0	3	3	1	3	1	2	1	3	2	0	1	3	1	1	2	1	1	0	3	0	2	1	0	0	2	4	8	12	7	4	2	3	1	6	2	9	16	15	7	6	5	2	2	3	8	2	3	4	5	6	7	9	5	5	4	4	7	2	2	2	1	1	1	1	0	0	0	0	0	1	0	2	0	0	2	3	0	2	1	1	3	1	2	1	1	1	0	2	0	2	2	1	0	0	0	2	1	4	3	1	1	1	1	0	1	1	0	1	0	1	1	2	0
0	0	0	0	0	0	0	0	0	0	0	0	0	0	0	0	0	0	1	0	0	0	0	0	1	0	0	0	1	0	1	0	0	0	1	0	0	0	1	0	0	0	0	0	0	0	1	0	0	0	0	0	0	0	1	0	0	1	0	0	0	0	0	0	0	0	0	0	0	0	0	0	0	0	1	0	0	1	0	0	0	0	0	0	2	0	0	0	0	1	0	0	0	0	0	1	0	2	0	2	0	0	0	0	0	0	0	0	0	1	0	1	0	0	0	0	0	0	0	0	1	0	0	0	0	0	0	0	0	1	0	0	0	0	0	1	0	0	0	1	0	0	0	0	0	0	0	0	0	0	0	0	0	0	0	0	0	0	1	1	1	0	1	2	5	4	6	9	11	8	8	11	8	14	10	4	3	2	2	1	4	3	6	1	1	0	0	0	1	1	0	1	1	0	2	0	1	0	1	0	2	2	1	0	1	1	0	0	0	0	2	0	0	0	0	1	1	0	0	0	0	0	0	0	0	0	1	2	0	1	0	0	0	0	0	0	0	1	0	0	0	0	1	0	0	0	0	0	1	0	0	0	0	2	0	2	0	1	0	1	0	1	0	0	1	3	6	21	32	27	9	9	7	9	29	94	0	76	29	31	20	12	4	3	1	1	2	1	0	2	0	2	5	2	5	1	4	5	3	5	7	8	8	0	3	5	8	5	2	5	1	1	1	3	6	2	2	9	1	2	1	0	1	1	1	1	1	1	0	1	2	0	0	0	0	2	1	1	1	0	0	0	0	0	0	5	0	0	2	0	0	2	1	1	1	0	0	2	1	3	1	3	2	0	1	0	2	0	2	3	1	0	0	0	1	1	1	2	3	1	0	1	3	1	0	3	0	1	0	2	0	0	2	2	2	0	2	2	2	3	3	0	12	13	4	1	3	0	4	2	3	8	8	13	8	3	2	7	0	3	5	0	1	5	4	5	9	5	2	2	7	3	5	0	1	1	1	0	0	2	1	0	0	0	0	0	0	0	2	0	1	0	1	1	2	8	2	2	0	4	0	2	1	0	0	1	1	1	0	1	1	2	1	1	3	3	1	1	1	0	2	0	0	1	2	0	0	0	2
0	0	0	0	0	0	0	0	0	0	0	0	1	0	0	0	0	1	0	0	0	1	1	0	0	0	0	0	0	0	0	0	0	0	0	0	1	0	0	1	0	0	0	0	1	1	0	0	0	0	0	0	0	1	0	0	1	0	0	0	0	0	0	0	0	0	1	0	0	0	0	0	0	0	0	0	1	0	0	0	0	0	0	0	0	0	1	0	1	0	1	0	0	1	0	0	0	0	0	1	0	1	0	0	0	0	0	1	0	0	1	0	0	1	0	0	0	0	0	0	1	0	0	0	0	0	0	0	0	0	0	0	0	0	0	0	1	0	0	0	2	0	0	0	0	1	0	1	0	2	0	0	0	0	1	0	0	0	0	1	0	0	0	0	6	5	13	7	11	9	8	14	12	10	5	5	1	4	4	1	0	4	0	4	1	1	3	1	2	0	1	1	0	0	0	0	0	0	0	2	1	0	0	1	0	0	0	0	0	0	1	0	0	0	0	0	0	0	0	1	1	0	1	2	0	1	1	1	0	0	1	0	0	0	0	0	1	0	0	0	1	0	0	2	0	0	1	1	0	0	0	0	1	1	1	1	1	0	1	0	1	1	0	1	2	1	4	30	18	8	2	5	6	4	9	28	76	0	39	17	10	7	4	2	1	3	3	1	0	2	0	1	2	0	1	2	2	5	0	2	7	11	5	3	1	5	9	12	5	5	3	2	1	10	5	6	11	16	0	0	2	2	1	1	1	1	0	0	2	0	1	1	2	1	1	0	0	1	0	0	0	2	0	0	0	2	4	1	1	0	0	0	0	1	1	1	2	1	2	1	1	1	1	0	0	0	0	0	0	0	3	0	0	3	2	3	4	0	1	2	1	1	3	2	1	2	5	6	2	2	2	0	0	1	3	0	5	4	2	2	2	1	11	8	5	1	0	2	6	3	5	10	4	4	4	7	1	5	1	3	2	3	3	9	4	4	4	5	2	1	1	2	2	1	1	0	1	0	4	0	0	1	1	0	0	0	0	0	2	1	1	0	0	1	0	3	2	1	1	0	0	2	0	1	1	1	1	2	0	0	0	1	1	0	0	0	1	2	0	1	0	1	1	0	0	0	0	1	0
0	0	0	0	0	0	0	0	0	0	0	1	0	1	0	0	0	0	0	0	0	0	0	0	0	1	0	0	0	0	0	0	0	0	0	0	0	0	0	0	0	0	0	0	2	0	0	0	0	0	0	2	0	0	0	0	0	0	0	0	0	0	0	0	0	0	0	0	0	0	0	0	1	0	0	0	0	1	0	0	0	0	0	0	1	0	1	0	1	0	0	0	0	0	1	0	0	1	0	0	0	0	0	1	0	0	0	0	1	0	0	0	0	1	0	0	0	0	0	0	0	0	1	0	1	0	0	0	1	1	1	0	0	0	0	0	0	0	0	0	0	0	0	0	0	0	3	0	0	0	0	1	1	0	0	0	0	0	1	2	0	0	0	1	2	3	5	11	6	3	4	8	4	5	2	4	1	0	0	2	3	2	3	2	2	1	2	2	1	0	1	0	0	2	0	0	0	2	0	0	1	1	0	0	1	0	1	0	0	0	0	0	0	1	0	0	0	0	1	0	2	0	0	0	0	0	0	1	0	0	0	0	0	0	1	0	0	0	1	1	0	0	0	0	1	0	0	1	0	0	0	0	1	2	0	1	0	0	0	0	0	0	0	0	0	1	1	22	21	10	6	5	3	10	4	14	29	39	0	45	23	6	5	1	1	1	2	0	0	0	1	2	1	3	0	2	1	1	1	1	3	3	5	3	3	4	13	9	10	4	4	2	8	3	2	13	13	13	2	1	1	2	0	0	0	2	0	1	0	2	0	2	0	0	2	2	0	1	0	1	1	1	0	1	1	1	0	1	0	1	0	1	0	1	1	1	1	3	1	1	1	1	1	0	0	1	2	0	3	2	2	0	0	2	0	1	1	1	3	3	1	2	1	2	1	5	4	2	5	2	3	0	2	3	6	2	3	6	7	6	2	3	15	26	8	12	5	2	1	0	5	8	4	4	2	1	7	3	6	7	5	11	6	17	20	26	9	7	4	1	1	3	7	2	5	1	0	0	0	0	0	0	0	1	0	0	0	1	2	1	4	2	0	1	1	2	3	3	3	1	2	0	2	3	1	2	0	1	1	1	1	0	1	2	0	3	2	1	0	1	2	0	0	1	0	1	0	0	3
0	0	0	0	0	0	0	0	1	0	0	0	0	0	0	1	0	0	0	0	1	0	0	0	0	1	0	1	0	1	0	0	1	0	0	0	0	0	0	0	0	0	0	0	1	0	0	0	0	0	0	0	0	0	0	0	1	0	0	1	0	0	0	0	0	0	0	0	0	0	0	0	0	0	0	1	0	0	0	0	0	0	0	0	0	0	0	0	1	0	0	2	0	1	0	0	0	0	0	0	0	0	0	2	0	0	1	0	0	0	1	0	0	0	0	1	0	0	0	0	0	0	0	1	0	0	0	0	0	0	0	0	0	0	0	0	0	0	0	0	0	0	1	1	1	0	0	0	0	0	0	0	0	1	0	0	0	0	0	0	1	1	1	1	1	1	4	4	4	3	5	5	2	5	0	2	3	1	0	2	2	0	2	1	1	0	1	1	0	0	0	0	0	0	0	0	0	0	0	1	0	0	0	1	0	0	0	0	0	0	0	0	0	0	1	0	0	0	0	0	0	0	0	0	1	1	0	0	0	0	0	0	0	0	0	0	1	0	1	1	2	0	1	0	1	0	0	0	0	1	0	1	1	0	0	0	0	0	1	0	1	1	1	1	1	1	2	12	11	13	8	8	9	6	10	13	31	17	45	0	60	19	6	6	1	4	4	1	1	0	1	2	1	3	1	3	2	3	0	2	2	3	3	2	6	4	4	7	2	3	1	2	0	2	5	5	5	5	0	1	0	0	1	0	0	2	0	1	0	0	1	0	0	1	2	1	1	1	3	0	0	1	1	0	0	0	0	2	0	2	1	1	0	0	1	0	1	2	1	1	0	2	2	3	0	3	2	0	0	4	1	2	1	2	1	0	1	0	2	0	1	0	4	1	1	1	3	4	4	2	1	1	3	1	4	0	7	4	3	3	5	1	8	18	14	9	5	3	4	2	6	3	6	6	1	2	3	7	3	5	7	2	4	10	8	13	5	6	2	4	2	2	4	5	3	0	1	1	3	3	1	0	0	0	0	0	0	0	2	0	0	1	0	1	1	2	2	1	1	2	1	0	1	1	0	1	2	0	0	0	2	3	0	0	1	0	1	1	0	2	1	0	0	0	0	1	1	0	2
0	0	0	0	0	0	0	0	0	0	0	0	0	0	0	0	0	0	0	0	0	1	0	0	0	0	0	0	0	0	1	0	0	0	0	0	0	0	0	0	0	0	0	0	0	0	0	1	0	0	0	0	0	0	0	0	0	0	0	0	0	0	0	0	0	0	0	0	0	1	0	0	0	0	1	0	0	0	0	0	0	0	0	0	0	0	0	1	0	0	0	1	0	0	0	2	0	0	0	0	0	0	0	0	0	0	1	1	0	0	0	0	0	0	0	0	0	0	0	0	0	0	0	0	0	0	0	0	0	0	0	0	0	0	0	0	0	0	1	0	1	0	0	0	1	0	0	1	1	0	0	0	1	0	0	0	0	0	0	0	0	1	1	0	0	3	1	3	4	2	2	0	4	4	0	2	2	1	2	1	1	1	1	0	1	0	1	0	0	0	1	0	0	0	0	1	0	0	0	0	0	0	0	0	0	0	0	1	2	0	0	0	0	0	0	1	0	1	0	0	0	0	0	0	1	0	1	0	1	0	0	0	0	0	0	0	0	0	0	0	0	0	0	0	0	0	0	0	0	1	0	0	0	0	0	0	0	0	1	1	2	0	0	2	1	0	3	6	27	24	9	7	3	6	10	17	20	10	23	60	0	53	21	3	1	3	2	4	2	1	1	3	1	2	5	4	3	1	2	0	3	3	3	5	4	0	4	2	4	2	2	0	3	3	1	6	8	6	3	0	2	0	0	0	0	0	0	0	0	0	0	0	1	0	0	0	1	2	0	0	2	1	0	1	0	1	1	1	0	0	0	3	0	0	0	0	1	0	2	0	0	1	3	0	0	1	4	2	2	2	1	3	1	1	0	1	3	3	6	2	4	0	1	0	0	1	1	5	2	5	0	0	0	1	3	0	1	3	2	0	3	5	7	32	8	3	3	4	1	4	7	9	11	6	3	4	3	6	3	5	4	5	2	10	11	8	7	3	3	1	1	1	7	3	4	3	3	0	0	1	0	0	0	0	1	0	0	0	1	3	0	1	0	0	0	2	1	2	0	1	2	0	2	0	2	0	1	1	2	4	2	1	2	2	3	2	1	0	0	1	2	0	0	0	0	0	1	0	0
0	0	0	0	0	0	0	0	0	0	0	0	0	0	0	0	0	0	0	0	0	0	0	0	0	0	0	0	1	0	0	0	0	0	0	0	0	0	0	1	0	0	1	0	0	1	0	0	0	1	0	0	0	0	0	0	0	0	0	0	0	0	0	0	0	0	0	0	0	0	0	0	0	0	0	0	0	0	0	0	0	0	2	0	1	0	1	1	0	0	0	0	0	1	1	0	0	0	0	0	0	0	1	0	0	0	1	0	0	0	0	0	0	0	1	0	1	0	1	0	0	0	0	1	0	0	0	0	0	0	0	0	0	0	0	0	0	0	0	0	0	1	0	0	0	0	0	0	0	1	0	1	0	0	0	0	0	0	0	3	0	0	1	1	0	2	2	1	2	2	2	6	2	3	7	3	1	1	1	1	1	0	0	1	0	4	2	0	2	0	0	0	0	0	1	0	0	1	0	2	0	0	0	1	1	0	1	0	1	0	0	0	0	0	0	1	0	0	0	0	1	0	1	2	0	1	2	0	0	0	0	0	0	0	0	0	0	0	0	0	0	0	0	0	0	0	0	1	0	0	0	0	1	0	0	4	2	0	1	0	0	1	0	0	0	2	2	8	18	42	31	16	10	13	5	13	12	7	6	19	53	0	57	18	5	11	4	4	2	1	4	0	2	2	6	1	5	3	2	3	3	0	4	1	0	2	0	4	1	1	3	0	1	1	0	2	3	3	3	0	2	0	1	0	2	0	0	0	1	0	1	0	1	1	2	0	1	0	0	1	0	2	0	0	0	0	0	0	0	2	0	1	1	1	1	0	0	4	4	5	0	0	1	2	1	2	1	0	1	2	3	2	3	5	3	1	1	1	3	1	0	1	1	1	2	2	1	1	1	1	2	2	0	1	2	0	3	0	4	2	1	1	4	10	12	2	2	4	4	5	9	11	15	4	1	2	3	2	2	0	1	2	2	3	4	8	9	2	0	8	1	4	4	8	4	2	2	1	0	1	1	1	0	0	1	0	1	0	0	0	0	0	0	0	0	2	1	1	0	2	0	3	0	0	1	1	2	0	1	3	0	1	2	2	1	0	0	1	1	1	0	1	0	1	0	1	0	0	0
0	0	0	0	0	0	0	0	1	1	0	0	0	0	2	0	0	0	0	0	0	0	0	0	0	0	0	0	0	1	0	0	1	0	0	0	0	0	0	0	0	0	0	1	0	0	0	0	0	0	0	0	0	0	0	0	0	0	0	0	0	1	0	0	0	0	0	0	0	0	0	0	0	0	0	0	0	0	1	1	0	0	0	0	1	0	0	0	0	1	0	1	0	0	0	0	0	0	0	0	1	0	0	0	0	0	0	0	1	1	0	0	0	0	0	0	0	0	1	0	0	0	0	0	0	0	0	0	0	0	0	1	0	0	0	1	0	0	0	0	0	0	0	0	1	0	0	0	0	0	0	0	0	0	0	1	0	0	0	1	1	0	0	0	2	0	1	0	4	2	2	6	6	7	2	4	1	1	2	0	0	0	1	0	2	0	2	0	0	1	0	0	0	0	1	0	1	1	0	0	2	0	0	0	1	1	1	0	0	0	1	1	0	0	1	0	0	0	1	0	1	2	0	0	0	0	1	2	0	1	0	0	1	0	0	0	0	0	0	0	0	0	0	1	1	0	1	0	0	0	0	0	0	0	0	0	0	1	1	0	1	0	0	1	1	0	2	7	9	32	17	8	6	19	4	9	4	4	5	6	21	57	0	49	10	9	5	6	4	5	4	4	5	4	9	5	6	6	3	3	5	2	4	1	7	3	0	3	0	1	0	1	2	2	3	4	4	1	1	0	0	0	0	0	1	1	0	1	0	2	1	0	0	0	1	0	2	1	1	0	1	1	0	0	2	0	0	2	2	1	0	1	3	0	1	2	3	2	1	3	1	2	0	4	3	3	2	1	1	4	1	2	1	0	4	2	2	3	0	0	1	1	2	1	2	1	1	3	4	2	3	0	1	1	1	0	3	1	3	2	1	1	2	9	10	6	0	0	3	3	5	4	8	2	3	2	6	2	3	2	5	3	1	4	3	3	3	8	1	6	2	3	11	8	5	7	1	1	2	1	1	0	0	1	0	3	1	0	0	0	0	0	1	2	0	1	2	1	2	0	0	2	1	1	1	1	1	1	2	0	0	2	1	3	2	0	0	0	0	1	2	2	0	1	0	0	0	0	2
0	0	0	0	0	0	0	0	0	0	0	0	0	0	0	0	1	0	0	0	0	1	0	0	0	0	0	1	0	0	1	1	0	0	0	1	0	0	0	0	0	0	0	0	1	0	0	0	1	0	1	0	0	0	0	1	0	0	1	0	0	1	0	0	0	0	0	0	0	0	1	0	1	0	0	0	0	0	1	0	0	0	0	0	0	0	0	0	0	1	1	1	0	0	1	0	0	0	0	0	0	0	0	0	0	0	0	1	0	0	0	1	0	0	0	0	0	0	0	0	0	0	0	0	0	0	0	0	0	0	0	0	0	0	0	0	0	0	0	0	0	1	0	0	0	0	0	0	0	0	0	0	0	0	0	1	0	0	0	1	1	0	0	0	0	2	0	1	2	0	2	2	3	4	5	1	2	0	0	1	2	0	2	1	1	1	1	1	1	1	1	0	0	0	0	0	0	0	0	0	0	1	0	1	0	0	0	0	0	1	0	0	0	0	0	0	1	0	1	1	0	0	0	0	1	1	0	0	0	1	1	0	0	0	0	0	1	0	0	0	1	0	0	0	0	3	0	0	0	0	0	0	0	1	0	1	0	1	0	0	1	1	0	3	1	1	2	3	4	11	18	13	7	10	6	3	3	2	1	6	3	18	49	0	49	47	13	17	6	2	5	7	5	5	7	5	7	8	6	7	3	5	0	1	1	2	1	1	3	1	1	0	2	3	0	1	2	1	1	0	1	2	1	1	0	0	0	1	1	1	1	0	0	0	0	0	0	0	1	0	0	1	1	0	0	1	1	3	3	2	1	2	2	1	4	2	1	3	5	2	0	1	1	1	2	4	0	0	1	2	1	0	1	0	2	2	3	2	1	1	0	0	1	0	0	1	2	1	0	1	1	0	1	0	2	0	1	0	1	3	0	0	4	5	3	1	1	2	1	4	6	6	2	1	2	1	2	2	1	0	1	0	4	2	1	3	3	2	3	6	4	2	6	12	7	3	2	1	1	1	2	1	1	3	0	2	0	1	0	3	1	0	1	3	1	1	0	1	0	1	1	2	1	0	2	1	1	2	3	2	0	2	1	0	1	0	0	1	0	3	1	0	0	1	2	1	0	1	2
0	0	0	0	0	0	0	0	0	0	0	0	0	0	0	0	0	0	0	1	0	0	0	0	0	0	0	0	0	0	0	1	0	0	0	0	0	1	0	0	1	0	0	0	1	0	0	0	0	0	0	0	0	0	0	0	0	0	0	1	0	0	0	0	0	0	0	0	0	0	0	0	0	0	0	0	0	1	0	0	0	0	1	1	1	0	0	0	1	0	0	0	0	0	1	0	0	0	0	0	0	0	0	0	1	0	0	0	0	0	0	0	0	0	0	0	0	1	0	0	0	0	1	0	0	0	0	0	1	1	0	1	0	1	0	0	0	0	0	0	0	0	1	0	1	0	0	1	1	0	1	1	0	0	0	0	1	0	0	0	0	1	0	4	3	0	2	0	0	0	1	2	4	3	4	0	2	1	0	2	2	2	1	1	1	0	1	0	0	1	0	1	0	0	0	0	0	0	0	0	0	1	0	0	0	1	0	1	0	0	0	0	0	1	2	0	0	0	1	0	0	0	0	0	0	1	1	0	0	0	0	0	0	0	0	2	1	2	0	0	0	0	0	1	0	0	1	0	0	0	0	0	0	0	0	0	0	0	0	0	0	2	0	0	0	4	1	3	5	11	10	7	5	5	6	4	1	1	1	1	1	5	10	49	0	52	22	19	10	4	5	6	18	16	27	11	15	6	12	2	1	2	2	2	1	0	0	0	1	0	1	2	1	0	2	3	2	2	1	0	0	0	0	0	0	0	1	1	0	0	0	0	0	0	0	2	2	0	0	0	1	0	2	0	2	1	1	2	1	0	2	1	3	2	2	2	2	2	5	5	2	5	3	1	0	3	0	2	2	1	3	1	0	1	2	3	0	1	1	1	2	2	1	1	1	3	0	0	1	1	1	1	0	0	2	0	0	1	2	0	1	1	6	3	6	2	1	2	1	5	4	4	4	3	5	1	1	1	1	1	0	1	2	1	1	2	0	4	5	1	1	1	3	6	4	2	1	3	2	2	2	0	0	1	0	0	2	0	0	0	0	0	1	1	0	4	1	1	0	0	0	1	1	0	0	1	0	0	0	0	0	2	1	0	2	1	1	1	2	1	0	3	2	0	1	0	0	0	0
0	0	0	0	0	0	0	1	0	0	0	0	0	0	0	0	0	0	0	0	1	0	0	0	0	0	0	1	0	0	0	1	0	0	0	0	0	0	0	0	0	0	0	0	0	0	1	0	0	0	0	0	0	0	0	0	0	1	0	0	0	0	0	0	0	0	0	0	0	0	0	0	0	0	0	0	0	0	1	1	0	0	0	0	0	0	0	0	0	0	0	0	0	1	0	0	0	0	0	0	0	0	0	0	0	1	0	0	0	1	0	0	0	0	0	0	0	0	0	0	0	0	0	0	0	0	0	0	0	0	0	0	0	0	0	0	0	1	0	1	0	0	0	1	0	0	0	1	0	0	0	0	0	0	1	0	0	0	0	1	0	0	0	0	0	0	1	2	0	0	1	0	3	2	1	3	2	1	1	0	1	1	0	0	0	0	1	0	1	1	0	1	0	0	0	0	0	0	0	0	0	1	0	0	0	0	0	1	0	0	1	0	0	0	0	0	0	0	0	0	1	0	0	1	0	2	1	1	0	0	0	0	0	0	0	1	0	1	0	0	0	0	0	1	0	0	0	0	0	0	1	0	0	0	0	0	1	0	0	0	0	0	0	0	0	1	2	1	4	7	3	4	4	3	1	0	1	3	1	4	3	11	9	47	52	0	41	15	7	3	13	3	10	8	10	2	9	3	2	6	1	0	0	0	1	0	1	2	2	2	0	1	0	1	0	0	1	2	0	0	0	0	0	0	0	1	0	0	0	0	0	0	1	1	0	1	1	4	0	2	0	1	1	1	2	1	2	3	4	1	0	2	1	0	4	2	2	3	5	3	2	4	1	1	0	0	0	0	0	1	0	1	2	2	2	0	1	0	3	0	2	1	2	2	2	1	1	0	1	2	2	0	0	1	1	1	2	1	1	2	3	1	0	3	0	4	1	2	2	2	3	5	2	2	1	2	4	3	2	2	0	3	1	2	0	0	2	1	3	3	2	1	11	2	9	6	0	1	1	2	1	2	0	0	0	0	0	1	0	0	2	1	0	0	2	0	1	2	0	0	0	1	0	1	0	2	1	1	1	0	3	2	1	1	0	1	0	3	2	2	1	1	1	1	0	0	0	1	0
0	0	0	0	0	0	0	0	0	0	0	1	0	0	0	0	0	0	0	0	1	0	0	0	0	0	0	0	0	0	0	0	0	0	0	0	0	2	0	0	0	0	0	0	0	0	0	0	0	0	0	0	1	0	0	0	0	0	1	0	0	0	0	0	0	0	0	0	0	0	1	0	0	0	0	0	0	1	0	0	0	0	0	0	0	0	0	0	0	0	0	0	0	0	0	1	0	1	0	0	0	0	0	0	0	0	0	0	0	0	0	0	0	0	0	0	0	0	1	0	0	0	1	0	0	1	2	0	0	0	0	0	0	0	0	0	0	1	1	0	0	0	0	0	0	1	1	0	1	0	0	0	1	0	1	0	0	1	0	1	0	1	0	1	0	3	1	0	0	0	1	0	3	1	0	2	1	0	1	4	1	0	1	0	0	1	1	0	1	0	1	0	0	0	0	0	0	0	0	0	0	0	1	1	0	0	1	1	0	0	0	0	0	2	0	1	1	0	1	0	0	0	0	0	0	1	1	0	0	0	1	0	0	0	1	0	0	0	1	0	0	0	1	1	0	0	0	0	0	0	0	0	1	1	0	0	0	0	1	0	0	0	0	0	0	0	1	5	0	3	2	3	2	5	3	3	2	3	2	4	2	4	5	13	22	41	0	40	16	10	7	10	8	6	6	7	8	6	2	3	0	1	0	0	1	2	0	1	1	0	1	0	2	2	1	0	0	1	0	3	0	1	0	0	0	0	0	0	0	1	0	0	3	1	3	1	0	1	2	1	1	1	2	0	0	2	1	2	2	2	2	1	2	4	3	4	4	3	5	5	2	3	3	1	2	0	1	2	3	1	1	0	3	0	1	1	1	2	2	2	0	3	1	0	3	2	1	1	0	2	0	1	2	1	1	1	2	0	1	1	1	2	1	1	1	1	4	1	3	1	5	3	5	2	1	3	3	1	1	1	2	2	2	1	2	1	6	3	0	2	2	3	11	3	12	5	5	3	1	2	0	0	0	3	1	1	0	0	0	0	0	0	0	1	0	2	0	0	0	1	1	1	1	0	1	0	1	1	1	0	1	2	0	1	2	1	1	0	0	0	0	1	2	0	0	2	0	0	1
0	0	0	0	0	0	0	0	1	0	0	0	0	0	0	0	0	0	0	0	0	0	0	0	0	0	0	0	0	0	0	0	0	0	0	0	0	0	1	0	0	0	0	1	0	1	0	1	1	0	1	0	0	0	1	0	0	0	0	0	0	0	0	0	0	0	0	1	0	0	0	0	0	0	0	1	0	0	0	0	0	1	1	1	0	0	2	0	0	0	0	1	1	0	0	0	0	0	0	0	0	0	0	0	1	0	0	0	0	0	0	0	0	0	0	0	0	0	0	0	0	1	0	0	0	0	0	0	0	0	0	0	0	0	0	0	1	0	0	0	0	0	0	0	0	0	0	1	0	0	1	0	0	0	0	0	0	0	0	0	0	0	1	0	0	0	2	0	2	1	3	0	5	2	4	2	2	3	1	2	0	0	1	2	0	2	0	1	0	0	0	0	0	0	0	1	0	0	1	0	0	0	0	0	1	0	0	0	0	0	0	1	1	0	0	0	0	0	1	0	0	0	0	1	0	0	0	0	0	0	0	0	0	0	0	0	1	0	0	1	0	2	0	0	0	2	0	1	0	0	0	0	0	0	0	2	1	0	0	2	1	0	1	1	3	1	1	1	2	1	1	3	4	6	3	2	1	1	0	1	4	4	6	17	19	15	40	0	50	14	23	32	47	16	12	4	8	11	11	7	2	0	2	2	0	4	1	0	1	0	1	1	0	0	0	0	0	2	0	2	0	1	0	0	0	0	0	1	0	1	1	0	0	0	0	1	0	3	0	2	2	2	1	1	1	0	2	2	2	5	4	8	1	1	3	3	2	8	16	8	5	6	1	3	3	1	1	1	0	1	1	0	1	1	3	3	2	0	0	1	1	1	0	0	0	2	1	0	0	0	0	3	0	0	0	1	1	1	1	0	2	1	1	2	5	3	2	0	0	6	2	1	7	3	2	3	1	2	1	1	1	2	0	2	1	3	1	4	4	5	7	1	7	8	16	11	5	2	6	4	0	2	0	1	0	0	0	0	0	1	1	0	0	0	0	1	0	0	0	1	1	1	1	0	1	0	2	2	1	1	2	4	1	1	2	1	5	2	0	4	2	5	1	1	1	0	0	2	2
0	0	0	0	0	0	0	0	0	0	0	0	0	0	0	0	0	0	0	0	0	0	0	0	0	0	0	0	0	1	0	0	1	1	0	0	0	0	0	0	1	0	1	0	1	0	0	0	1	0	0	0	0	0	1	0	2	0	0	0	0	0	0	0	0	1	0	0	0	0	0	0	1	0	0	0	0	1	0	0	0	0	0	1	0	1	1	0	2	0	1	0	1	0	0	1	0	0	0	0	0	1	0	0	1	0	0	0	0	0	0	0	0	0	1	0	0	0	0	0	0	0	0	0	0	0	0	0	0	0	0	1	0	0	0	0	1	0	0	0	0	0	0	1	0	0	0	0	1	1	0	0	0	0	1	1	0	0	0	1	0	1	0	1	1	1	0	1	0	0	1	1	1	2	5	0	2	0	0	0	1	0	0	1	2	2	0	0	0	0	2	1	0	0	1	0	0	0	0	0	0	0	0	1	1	1	0	0	0	0	0	0	0	0	0	0	0	0	1	0	0	2	1	0	1	0	0	1	1	0	0	1	0	1	0	0	0	0	0	0	2	0	0	0	0	0	0	0	0	0	1	0	1	0	0	3	0	1	0	0	1	0	0	1	0	0	1	1	0	1	4	3	2	3	2	1	0	0	0	1	2	2	4	6	10	7	16	50	0	29	37	35	38	26	14	3	9	10	6	8	2	1	0	1	0	0	0	0	0	0	0	0	0	1	0	2	2	1	1	0	1	0	1	1	1	2	0	0	0	0	2	1	1	0	2	1	1	0	1	1	2	2	1	0	0	3	1	3	2	3	2	0	3	1	3	7	2	8	9	3	2	4	3	2	3	1	2	0	1	3	2	2	0	0	3	2	1	2	0	1	1	2	1	0	0	2	2	0	1	0	0	0	0	2	0	0	2	0	0	3	0	0	0	3	0	2	0	0	0	0	3	3	2	1	0	2	3	0	0	1	1	0	0	2	0	0	2	1	3	3	2	1	4	8	4	4	7	1	2	1	1	1	1	1	0	1	2	1	1	0	0	1	0	0	1	1	1	0	2	2	3	2	0	0	1	1	0	0	1	1	2	2	3	2	0	1	0	1	0	5	1	0	0	2	1	1	1	0	4
0	0	0	0	0	0	0	0	0	0	0	0	0	0	0	2	1	0	0	0	0	0	0	0	0	1	0	1	0	0	0	0	0	0	0	0	0	0	0	1	0	0	0	0	1	0	0	0	0	0	0	1	0	0	0	0	0	0	1	0	0	0	1	0	0	0	0	0	0	0	0	0	1	0	0	0	0	0	0	0	0	0	3	0	0	0	0	0	0	0	1	0	1	0	0	0	0	0	0	0	0	1	0	1	0	0	0	1	0	1	0	0	1	0	0	0	0	0	0	0	0	0	0	0	0	0	0	0	0	0	0	0	0	0	0	0	0	0	0	0	0	0	0	0	1	0	0	0	0	0	0	0	1	0	0	0	0	1	0	1	0	0	0	1	0	2	0	0	1	0	0	3	0	5	2	0	1	0	0	0	1	1	0	0	0	2	1	2	1	1	0	0	2	1	1	1	0	0	0	0	1	0	0	2	0	3	0	0	0	0	1	0	1	0	0	0	0	0	0	0	0	0	0	1	1	0	1	0	1	1	1	1	0	1	1	0	0	0	0	0	0	0	0	0	1	0	0	0	1	0	0	0	1	0	0	3	0	0	0	0	0	1	0	2	0	2	0	0	1	0	2	1	0	2	2	1	2	2	0	0	1	1	5	2	4	3	10	14	29	0	41	16	12	19	7	5	9	2	2	3	0	0	1	2	3	0	1	1	1	0	0	1	0	0	0	1	1	1	0	0	0	0	0	1	0	0	1	0	0	0	0	2	0	2	1	0	1	0	1	1	2	1	0	1	2	1	1	5	2	4	1	3	6	4	4	13	3	8	10	4	2	3	3	0	1	0	1	1	1	0	2	2	2	1	1	2	1	1	1	1	1	0	1	0	0	2	2	0	0	0	2	1	1	0	0	0	0	0	1	0	1	2	1	1	1	2	0	1	2	1	3	2	3	1	1	1	3	1	0	0	0	0	1	2	0	2	1	2	1	1	1	3	1	2	6	2	3	1	0	2	1	1	1	0	0	3	0	0	0	1	1	1	1	1	1	0	0	0	1	0	0	0	0	0	1	1	1	0	1	0	2	2	1	0	1	0	1	1	4	0	1	0	1	0	1	0	0	2	0
0	0	0	0	0	0	0	0	0	0	0	0	0	0	2	0	0	0	0	0	0	0	0	0	1	0	0	1	0	0	0	0	0	0	0	0	0	0	1	1	0	1	0	1	0	0	0	0	0	0	0	2	1	0	0	0	0	0	0	0	0	1	0	0	1	0	0	0	0	0	0	0	0	0	0	0	0	1	0	0	0	2	0	0	1	0	0	0	0	0	0	1	0	1	0	0	0	0	0	0	0	0	0	0	1	0	0	0	0	1	0	0	0	0	0	0	1	0	0	0	0	0	0	0	0	0	0	0	0	0	0	0	0	0	0	0	0	1	0	0	0	0	0	0	1	0	0	0	2	0	0	0	0	1	1	1	0	0	0	0	0	1	0	1	1	2	0	0	1	2	1	1	0	0	4	4	2	0	1	0	0	1	1	3	0	0	2	0	1	1	0	0	0	0	0	0	0	0	0	1	0	0	0	1	0	0	1	0	0	0	0	1	0	1	0	0	1	1	1	0	0	1	0	1	1	0	0	1	0	1	0	0	0	1	0	0	0	0	0	0	0	0	0	0	0	0	0	0	1	1	0	0	0	0	0	1	1	0	0	0	1	0	0	2	1	2	1	0	0	2	4	1	3	1	2	1	0	0	1	1	1	4	4	5	5	13	7	23	37	41	0	44	55	103	17	12	10	7	8	4	3	2	3	0	0	0	0	1	1	0	1	1	0	0	0	0	0	0	0	1	0	0	0	3	0	1	0	0	0	0	0	1	1	1	1	0	1	1	2	3	1	3	0	0	4	0	1	3	3	2	1	2	1	2	7	4	3	10	9	9	3	2	1	1	0	0	1	1	0	1	2	0	0	1	2	2	0	1	0	1	0	0	1	0	2	2	0	0	0	3	1	1	0	1	1	0	0	0	1	1	0	0	1	2	1	3	2	1	0	1	0	4	0	3	0	3	1	2	0	2	0	2	0	0	1	0	0	1	5	3	4	3	2	1	6	1	1	0	1	0	0	0	1	1	0	0	0	1	0	0	0	1	0	1	0	0	0	0	1	0	0	0	0	0	0	1	1	0	0	1	0	1	2	1	0	1	0	1	1	0	4	1	0	0	0	0	1	1	2
0	0	0	0	0	0	0	0	0	0	0	0	0	0	0	0	0	0	0	0	0	0	0	0	0	0	0	0	0	0	0	0	0	2	0	0	1	1	0	0	0	1	0	0	0	0	0	0	0	0	0	0	0	0	1	1	1	0	0	2	0	0	0	0	0	0	1	0	0	0	0	0	1	0	0	0	0	0	0	0	1	0	0	0	0	1	0	0	0	0	0	0	0	2	0	0	0	0	0	0	1	0	0	0	0	0	1	0	0	0	0	0	0	0	0	0	0	0	0	0	0	0	0	0	0	1	0	0	0	0	0	0	0	0	0	0	0	0	0	0	0	0	0	0	0	0	0	0	0	0	0	0	0	1	0	1	1	0	0	1	0	0	2	1	0	3	2	0	1	7	2	2	1	3	4	2	2	1	2	1	2	0	0	0	0	1	0	1	1	1	1	0	1	0	0	0	0	0	0	0	2	0	1	0	1	0	1	0	0	0	0	0	0	0	2	0	3	1	1	1	0	1	1	0	0	0	0	1	0	1	1	1	3	0	0	1	0	1	0	0	0	0	0	0	0	0	0	0	0	2	1	1	0	0	0	1	1	1	1	0	0	0	2	0	3	1	0	1	3	2	4	7	2	8	2	4	2	1	2	2	3	0	4	7	6	3	10	32	35	16	44	0	165	30	9	4	8	13	6	4	4	4	3	2	1	0	1	0	0	0	0	1	0	1	2	2	3	1	0	2	2	0	1	0	0	2	1	0	2	1	1	1	1	0	1	0	1	2	2	0	3	2	2	0	1	3	4	7	5	5	11	4	3	2	9	9	11	17	15	12	10	4	2	1	1	0	3	0	1	5	0	0	1	0	2	2	1	2	2	1	0	2	0	0	0	0	0	0	1	0	1	0	1	1	1	0	0	3	1	1	1	1	0	3	3	0	1	2	0	2	3	3	5	2	2	1	1	0	4	0	2	2	1	3	3	1	2	4	2	3	2	4	4	8	15	3	4	0	4	6	4	0	3	1	0	1	2	1	0	2	0	0	1	0	0	1	2	1	2	0	1	1	0	1	1	1	1	3	3	2	3	6	0	1	3	2	1	1	1	1	1	4	1	3	1	1	0	5	3
0	0	0	0	0	0	0	0	0	0	1	0	0	0	0	0	0	0	0	0	0	0	0	0	1	0	0	0	0	0	0	1	0	0	0	0	1	0	0	0	0	1	1	0	0	0	0	0	2	0	0	0	0	0	0	1	0	0	0	0	0	0	0	0	0	0	0	1	0	0	0	0	0	1	0	0	0	0	1	0	0	0	0	0	0	0	1	1	0	1	0	0	0	0	1	0	0	0	0	1	0	0	0	0	0	0	0	0	0	0	0	0	0	0	0	0	0	0	0	0	0	0	1	0	0	0	1	0	1	0	0	0	0	0	0	0	0	0	1	0	1	0	0	0	0	0	0	0	0	1	0	1	1	1	1	1	0	0	0	2	0	0	0	0	0	0	1	2	0	1	0	1	6	1	2	4	1	0	2	3	2	1	0	0	1	1	2	0	1	0	1	1	0	0	0	0	0	0	1	2	0	0	1	0	0	0	0	0	1	0	0	0	1	0	1	1	0	1	1	0	0	0	1	1	0	0	0	1	0	0	0	1	1	0	0	1	0	1	0	0	0	1	0	0	1	1	0	0	1	2	0	1	0	0	1	0	2	0	0	1	0	0	1	1	2	2	3	2	3	8	4	4	4	3	3	6	5	2	1	1	1	2	5	5	18	10	8	47	38	12	55	165	0	57	20	8	14	13	14	13	2	0	3	0	1	2	1	0	2	3	1	1	1	0	3	0	1	0	0	0	0	1	0	0	1	0	0	0	0	0	1	0	0	2	2	0	2	1	4	1	3	1	2	3	3	2	1	4	2	3	2	4	2	4	2	2	2	12	14	9	13	5	3	2	1	1	3	3	2	0	1	2	1	1	1	2	0	1	0	2	0	2	2	1	0	0	1	0	2	2	0	2	1	0	1	0	4	0	1	0	1	0	0	3	2	0	1	2	1	1	1	4	4	2	2	1	2	5	1	2	1	1	0	1	1	0	1	0	11	2	5	3	10	13	11	5	1	1	2	1	1	2	1	0	0	0	0	1	0	0	0	2	2	0	1	1	3	1	1	1	1	1	0	2	0	0	1	1	0	2	2	3	1	3	0	0	0	1	1	1	0	3	3	0	0	0	0	0	1
0	0	0	0	0	0	0	1	0	0	1	0	1	0	0	0	0	0	0	0	0	0	0	0	0	0	0	0	0	0	0	1	0	0	0	1	0	0	0	0	0	1	2	0	0	0	0	1	0	0	0	0	0	0	0	0	0	0	0	0	1	0	0	0	0	0	0	1	1	0	0	0	1	0	0	0	0	0	0	0	0	0	0	1	0	0	0	0	0	0	0	0	0	1	0	0	0	0	0	0	0	0	0	0	1	0	0	0	0	0	0	0	0	1	0	0	0	1	2	0	0	1	0	0	1	1	1	0	0	0	0	1	0	0	1	0	0	0	0	0	0	1	0	0	1	1	1	0	0	0	0	0	0	0	2	0	1	0	2	0	0	0	0	3	1	2	0	0	1	1	2	2	1	6	5	0	1	2	2	0	2	1	1	2	3	0	0	1	1	0	1	0	0	0	0	0	1	0	2	0	0	0	0	2	1	0	0	2	1	1	0	0	0	0	0	1	0	0	1	0	1	1	0	1	1	0	0	0	0	2	1	0	0	0	2	1	0	1	1	0	0	0	0	0	0	0	0	0	0	0	0	0	0	0	0	0	1	0	2	0	1	0	0	2	0	4	1	0	4	1	7	5	2	5	2	1	2	0	3	3	2	2	4	5	16	8	6	16	26	19	103	30	57	0	54	18	20	17	8	5	5	1	1	1	2	1	0	1	0	0	0	0	0	0	0	0	2	1	1	1	0	0	0	1	1	1	0	1	0	0	1	1	0	0	1	0	2	1	0	0	0	2	2	0	2	1	6	3	0	2	1	2	1	7	3	4	1	5	7	2	7	1	1	0	1	2	1	0	3	2	2	2	0	0	1	0	1	4	1	0	2	0	1	0	0	1	1	1	1	0	0	0	0	1	0	0	1	1	2	0	0	4	0	3	2	1	0	1	1	1	1	0	3	2	0	1	0	1	3	2	0	0	0	2	2	2	0	1	4	1	3	0	2	3	6	1	2	1	2	3	2	1	0	1	0	0	0	1	1	0	0	0	0	0	2	1	0	1	0	1	0	1	0	0	3	2	1	1	0	0	4	2	1	0	3	2	1	0	0	0	0	0	2	3	0	1	0	0	3
0	0	0	0	0	0	0	0	0	0	0	0	0	0	0	0	2	0	0	0	0	0	0	0	1	0	0	0	0	0	0	0	0	0	0	1	0	0	0	0	0	0	1	1	2	0	0	0	0	0	0	0	0	0	0	0	0	0	0	0	0	0	0	0	0	0	1	0	0	0	0	0	0	0	0	0	0	0	0	0	0	0	0	0	0	1	1	0	0	0	0	0	1	0	1	1	1	0	0	0	0	0	1	1	3	0	0	0	0	0	1	0	0	0	0	0	1	0	0	0	0	1	0	0	0	1	0	0	0	0	0	0	0	0	0	1	0	0	0	0	0	0	0	1	0	0	0	0	1	1	0	0	0	0	0	0	0	0	0	1	2	2	0	0	4	0	0	0	0	1	3	3	1	4	5	4	1	1	0	1	1	1	4	0	2	2	0	2	0	1	0	0	0	0	2	0	2	0	0	0	1	0	1	1	0	0	0	0	1	0	0	0	0	0	0	0	0	0	1	0	0	0	1	1	1	0	1	1	0	0	0	1	0	0	0	0	0	1	0	0	0	0	0	0	0	1	0	1	0	0	0	0	1	0	1	1	1	3	1	1	1	1	0	1	0	1	1	2	2	6	6	9	6	3	3	4	5	1	0	1	5	6	9	7	27	10	6	12	14	7	17	9	20	54	0	29	37	12	5	6	3	2	2	1	2	0	0	3	1	0	4	0	1	0	0	1	0	1	1	2	0	1	0	1	2	0	0	0	0	0	0	1	0	0	1	0	1	0	1	0	2	1	1	0	3	0	1	1	3	2	2	2	0	2	2	2	2	10	5	3	4	2	0	1	3	0	1	1	2	1	0	0	0	1	2	1	0	1	0	1	0	0	1	1	2	0	0	0	0	2	1	0	0	0	0	1	0	0	0	0	0	2	3	2	0	2	1	2	1	1	2	6	1	2	4	1	2	0	0	1	2	1	2	3	1	1	4	3	1	2	0	1	5	3	7	4	2	1	0	3	1	0	0	1	0	2	1	1	0	3	0	0	0	0	1	2	1	0	1	1	1	0	2	0	0	2	3	0	0	1	1	0	3	0	0	0	0	1	0	1	2	0	2	3	2	0	1	1	2
0	0	0	0	0	0	0	0	0	0	0	1	0	0	0	0	0	0	0	1	1	0	0	0	0	0	0	0	0	0	0	0	0	0	0	0	0	0	0	0	0	0	0	0	1	0	1	0	0	1	0	0	0	1	0	0	1	0	0	0	0	0	0	0	0	0	0	0	0	1	0	0	0	0	0	0	0	0	1	0	0	0	1	0	0	0	1	1	1	0	0	2	0	0	1	1	0	0	0	0	1	0	1	0	0	0	0	0	0	0	0	1	0	0	0	0	0	0	0	0	0	0	0	0	0	0	0	0	0	0	0	0	0	1	0	0	0	0	0	1	0	0	1	2	1	0	0	0	1	4	0	0	0	0	0	0	0	1	2	0	1	0	1	2	3	2	3	1	0	2	2	0	4	5	5	10	1	2	1	2	1	0	1	1	1	3	1	2	2	2	0	1	0	0	0	1	0	0	0	0	0	1	1	1	0	0	0	0	0	1	1	0	0	1	0	1	3	2	0	0	0	0	1	0	1	2	1	1	0	0	0	1	1	0	0	1	0	0	0	0	0	0	0	0	1	0	0	2	1	0	1	1	0	0	0	1	0	0	2	0	0	2	1	0	2	3	1	3	4	5	15	10	14	8	8	3	1	2	2	3	4	1	5	5	11	2	7	4	3	5	12	4	8	18	29	0	84	17	15	10	2	2	1	2	3	1	3	0	1	2	1	0	0	1	2	2	2	1	3	0	1	1	3	1	1	0	1	4	0	1	0	1	1	1	1	0	1	0	0	1	1	1	0	1	1	1	2	2	3	1	3	3	3	0	0	1	3	1	3	1	6	0	0	1	1	0	1	0	2	1	1	1	0	2	1	1	1	1	1	0	0	0	0	3	0	0	1	1	1	1	0	1	0	1	0	1	1	2	0	1	2	2	1	0	1	1	0	0	3	1	3	2	4	7	2	0	4	0	3	3	0	0	2	1	1	1	2	5	3	2	3	0	3	5	5	2	0	0	2	3	1	0	0	0	3	0	2	1	0	0	0	0	2	3	1	1	1	1	0	1	1	0	0	0	0	1	1	0	0	0	4	2	1	3	0	1	2	2	2	0	0	3	1	0	0	0	1	2	1
0	0	0	0	0	0	0	0	0	0	0	0	1	0	0	0	0	0	1	0	1	0	0	0	0	0	0	1	0	0	0	0	0	0	0	0	0	0	0	0	0	0	0	0	1	0	1	0	0	1	0	1	0	0	1	0	0	0	1	0	0	0	0	2	0	0	0	0	0	0	0	0	0	0	0	0	0	1	0	0	0	0	0	0	0	1	0	0	0	0	1	0	1	0	0	1	0	0	0	0	1	0	1	0	0	1	0	1	0	0	0	0	0	0	0	0	0	0	0	0	0	0	0	1	0	0	0	0	0	0	0	0	0	0	0	0	0	0	1	0	1	0	0	0	0	1	0	2	0	0	1	1	1	1	0	1	0	0	1	1	3	0	2	1	1	1	3	1	2	3	1	7	2	2	7	5	5	1	2	0	1	2	0	1	0	1	1	0	0	2	0	0	0	1	0	1	0	0	0	1	1	0	0	0	0	0	0	0	0	0	0	0	0	0	0	2	1	3	0	0	0	0	0	1	0	1	0	0	2	1	0	1	0	0	1	0	0	0	0	0	0	1	0	1	1	0	0	0	0	0	0	2	0	0	1	0	0	0	0	0	1	0	0	1	0	2	3	2	3	10	12	20	16	13	11	2	4	2	1	2	3	5	6	7	15	9	8	8	9	9	10	8	14	20	37	84	0	47	35	17	6	2	2	3	3	3	3	0	0	1	0	2	0	1	1	1	2	2	0	0	0	2	2	1	0	2	1	0	0	0	0	0	1	0	2	1	1	0	1	0	1	2	1	2	2	0	0	1	6	2	1	0	3	1	4	5	3	6	5	3	2	2	2	0	0	0	1	5	4	2	2	1	1	3	0	0	1	1	0	0	1	2	0	1	0	1	1	0	1	1	1	1	3	0	0	0	0	0	3	0	0	1	2	2	2	0	3	2	2	2	1	4	3	3	5	2	5	3	0	1	2	2	0	2	3	0	1	5	3	2	4	4	7	6	5	5	1	0	2	3	0	0	1	0	3	0	0	1	0	1	1	1	0	0	1	1	1	0	1	2	0	1	2	0	1	0	0	3	0	3	2	0	1	0	2	2	1	2	2	1	0	2	1	1	2	0	1	0	2
0	0	0	0	0	0	0	0	0	0	0	2	0	0	0	0	0	1	0	0	0	0	0	0	0	0	0	0	1	0	0	0	0	0	0	0	0	0	0	0	0	0	0	0	0	0	0	1	0	0	0	0	0	0	0	1	1	1	0	1	0	0	1	0	0	0	0	1	0	0	0	0	0	1	0	0	1	0	0	0	0	0	1	0	2	0	0	0	0	0	0	0	1	0	0	1	0	0	0	0	0	0	1	0	0	0	0	0	0	0	0	0	0	0	0	1	0	0	0	0	1	0	0	0	0	0	0	0	0	0	0	1	0	0	0	0	0	1	1	0	0	0	0	1	1	0	0	1	0	0	0	1	0	0	0	0	2	1	1	0	1	2	1	2	1	0	2	2	2	1	2	5	2	4	7	10	2	4	1	3	4	2	0	2	0	1	1	1	1	0	2	0	1	2	0	0	0	0	0	1	1	1	1	0	1	1	0	0	2	2	0	0	0	1	0	0	0	1	0	1	0	0	0	0	1	2	2	1	0	1	0	1	0	0	0	0	0	0	0	0	1	1	0	0	2	1	0	0	1	1	0	0	0	1	1	2	0	0	0	2	1	1	1	4	2	0	2	2	9	8	9	7	16	16	10	3	5	5	1	3	1	3	6	8	6	3	6	11	10	2	7	13	13	17	12	17	47	0	246	70	8	7	3	4	2	1	1	2	0	1	1	0	0	0	1	5	3	4	1	0	1	2	2	0	1	1	0	2	0	0	0	2	0	0	1	2	1	1	3	1	0	0	1	3	2	3	2	3	2	1	1	2	0	1	0	1	3	3	7	4	5	8	2	3	2	1	0	2	4	0	2	2	2	1	1	1	1	2	2	1	3	1	0	0	1	1	2	2	0	3	1	1	0	3	2	2	0	0	0	0	1	0	1	2	2	5	3	0	1	2	1	6	4	6	9	6	0	1	0	5	1	1	0	0	0	2	2	8	7	6	2	2	3	13	4	4	4	2	3	1	1	2	2	1	1	0	0	0	2	1	0	0	1	0	1	7	3	2	2	1	1	0	3	2	2	5	2	3	4	2	4	4	4	2	0	0	1	2	1	1	4	0	1	3	0	0	1	2	1
0	0	0	0	0	0	0	0	0	0	0	0	0	0	0	0	0	0	0	0	0	0	0	0	0	0	0	0	0	1	0	0	0	1	0	0	0	1	0	0	0	0	0	0	0	0	0	1	0	0	1	1	0	0	0	0	0	0	0	0	0	0	0	0	0	0	0	0	0	0	0	0	0	0	1	0	0	1	0	0	2	1	0	0	0	0	0	0	0	0	1	1	0	0	0	0	0	1	0	0	0	0	0	0	0	0	1	0	1	1	0	0	0	0	0	0	0	0	0	0	0	1	0	0	0	1	0	0	0	0	0	0	0	0	0	0	0	0	0	0	0	0	0	0	0	0	0	2	0	0	2	2	0	0	0	1	2	2	0	0	1	1	2	1	4	2	4	3	0	0	0	0	2	4	10	2	4	3	1	2	1	1	2	0	1	2	1	6	0	0	2	1	1	0	0	0	0	0	1	1	1	1	0	0	0	1	1	1	0	1	0	1	2	0	0	0	0	0	0	0	0	0	1	0	1	1	1	3	0	1	1	0	0	0	1	1	1	0	0	2	2	0	0	0	1	0	0	2	0	0	0	1	0	0	2	1	0	3	0	1	1	0	1	1	3	0	3	3	5	6	5	5	9	13	6	2	3	0	1	0	2	2	3	6	12	2	2	11	6	2	8	6	14	8	5	15	35	246	0	81	9	7	4	2	3	3	2	0	1	1	1	0	0	1	0	2	3	1	1	0	1	1	0	1	2	1	1	1	1	0	3	1	1	1	0	0	1	0	0	4	1	1	0	1	1	1	1	5	6	2	3	2	1	4	3	1	2	4	4	9	5	3	0	2	1	2	2	4	5	0	1	1	0	3	1	1	0	1	2	2	1	2	1	0	0	3	0	2	0	3	3	0	0	2	1	0	2	2	1	0	0	2	2	2	1	2	2	2	0	3	3	7	7	4	7	3	1	4	2	2	2	0	0	0	1	5	3	8	5	3	4	1	6	9	2	5	2	5	2	1	2	0	1	1	1	0	1	0	1	2	1	1	1	2	1	3	5	2	1	1	3	1	0	0	0	5	2	5	0	1	3	7	3	3	3	2	1	0	0	0	2	1	2	3	1	1	1	0	1
0	0	0	0	0	0	0	0	0	1	0	0	0	0	1	0	0	0	0	0	1	0	1	0	1	0	0	0	0	0	0	0	0	0	0	0	0	1	0	0	0	0	0	1	0	2	0	0	0	0	0	0	1	0	1	0	0	0	0	0	2	0	0	0	0	0	1	0	0	0	0	1	1	0	0	0	0	0	1	0	0	0	1	0	1	0	0	1	0	0	0	0	0	1	0	0	0	1	0	0	0	0	0	0	0	0	0	0	0	0	0	0	1	0	0	0	1	1	0	0	0	0	0	0	0	1	0	0	0	0	0	0	0	0	0	0	0	0	0	0	1	2	0	0	0	1	1	1	0	1	2	2	0	0	0	1	0	1	0	0	1	2	4	2	0	2	1	4	3	3	3	4	3	8	11	8	8	4	2	4	1	0	4	2	0	1	2	1	0	0	0	0	1	0	2	0	0	0	0	1	0	0	1	0	0	0	0	1	0	0	2	0	2	1	1	0	1	0	0	0	1	1	0	2	1	0	0	0	1	2	0	0	3	0	0	0	1	0	0	0	0	1	0	0	1	0	1	0	0	0	0	0	2	2	1	1	2	2	0	0	2	2	1	1	0	1	3	4	2	4	5	9	22	18	7	6	5	2	1	2	0	3	3	7	2	6	3	7	8	3	4	4	13	5	6	10	17	70	81	0	12	7	2	5	2	2	1	1	1	1	2	0	2	1	0	2	8	0	1	3	0	3	0	0	0	1	0	0	1	2	0	1	0	3	0	2	2	5	1	0	2	1	0	2	1	3	1	5	2	1	0	3	2	2	3	1	0	6	1	3	7	4	1	1	1	3	3	2	1	3	2	1	0	3	0	2	1	0	3	0	1	1	1	2	2	0	2	0	3	2	1	0	0	0	3	1	0	0	2	2	0	1	3	0	1	1	1	3	2	4	2	2	4	12	5	6	4	1	2	3	0	2	5	3	2	5	3	4	7	6	3	2	6	11	5	3	1	2	3	0	3	1	0	2	2	0	0	0	0	3	1	1	1	3	2	0	1	1	2	4	3	0	0	1	3	0	1	2	3	2	0	4	3	4	4	0	2	1	2	2	0	1	2	1	1	0	1	1	5
0	0	0	0	0	0	0	0	0	1	1	1	0	0	0	0	0	1	1	0	0	0	0	0	0	0	2	0	0	0	0	0	0	0	0	0	0	0	0	0	0	1	0	0	2	1	0	0	0	0	0	0	0	1	0	1	0	1	0	0	0	0	0	0	0	0	1	0	0	0	0	0	0	0	1	0	0	1	0	0	0	0	1	0	0	1	0	0	0	1	0	0	0	0	0	0	1	0	0	1	0	0	0	0	0	0	0	0	0	0	1	0	0	0	0	0	0	0	0	0	0	0	1	0	1	1	1	1	0	0	0	0	0	0	0	0	0	0	0	0	0	1	0	0	0	0	1	1	1	0	0	0	1	1	2	1	2	1	1	3	1	2	0	4	4	5	8	4	3	2	8	17	17	7	15	17	8	4	5	1	4	6	4	1	2	2	0	1	0	0	2	1	0	0	0	1	0	1	0	0	1	1	0	0	0	2	1	0	0	1	1	1	0	0	1	0	0	0	0	2	1	0	0	1	1	3	2	0	1	2	0	0	0	0	0	1	1	0	0	0	1	0	0	0	0	0	0	0	0	1	1	0	2	1	0	1	0	1	3	3	1	1	1	0	2	6	10	10	8	4	13	12	23	17	21	15	7	7	3	2	3	3	5	3	1	1	0	2	2	0	3	4	2	5	3	2	6	8	9	12	0	40	10	10	5	5	4	1	2	0	0	2	2	2	1	4	2	5	3	1	2	0	2	1	1	1	4	0	0	3	1	2	1	1	2	1	0	3	1	1	2	1	0	1	0	3	3	1	1	0	2	2	0	2	1	3	5	3	2	0	6	5	1	2	2	8	0	3	3	2	3	2	2	2	0	2	2	2	2	1	2	2	2	2	1	3	3	0	1	1	1	2	3	0	3	2	3	1	3	2	1	2	4	3	1	0	2	1	1	3	0	3	5	37	15	10	4	2	3	4	0	2	2	5	3	5	8	20	11	4	4	2	2	7	2	2	2	1	1	1	1	1	1	1	0	2	0	3	1	2	1	0	3	3	4	3	4	3	5	1	5	0	1	4	1	1	0	1	3	5	2	2	4	5	4	2	1	0	2	4	1	0	1	1	1	1	0	0	1
0	0	0	0	0	0	0	0	0	0	1	0	0	0	0	0	0	1	0	1	0	1	0	0	0	0	0	0	0	0	0	0	0	0	0	0	0	0	0	0	0	0	0	0	1	0	0	0	0	0	0	1	0	1	0	0	0	1	1	0	0	0	1	0	0	0	0	1	1	0	1	0	0	0	0	0	0	1	0	1	0	0	1	0	1	1	0	0	0	1	0	0	0	0	0	0	0	3	0	0	0	0	0	0	0	0	0	0	0	0	0	0	1	0	2	0	0	0	0	0	0	1	0	0	0	0	0	0	1	0	0	0	1	0	0	0	0	0	0	0	0	0	1	2	0	0	0	1	0	2	1	1	0	0	2	0	2	0	0	3	0	0	1	2	7	4	9	3	8	1	6	19	23	12	11	15	4	4	4	1	3	3	8	3	2	2	7	2	2	2	0	1	0	1	0	0	1	0	0	0	0	1	1	0	1	2	1	1	0	0	1	2	0	4	1	3	1	1	1	1	1	2	1	2	0	2	3	1	1	2	1	1	1	1	0	0	1	0	0	1	2	0	1	0	0	0	1	0	0	1	0	0	1	1	1	0	0	0	4	0	0	2	3	4	2	6	41	23	6	4	2	6	8	10	24	9	8	11	3	3	3	0	2	5	2	0	1	0	1	0	2	4	0	1	2	2	2	7	7	7	40	0	46	8	7	3	3	4	3	1	4	3	3	2	5	8	7	12	3	4	3	4	3	3	0	1	1	1	2	4	1	4	1	3	2	1	2	1	2	1	0	1	1	1	2	2	0	1	1	0	1	0	3	0	1	1	1	3	1	4	5	1	2	0	2	0	1	1	5	2	0	3	2	2	2	0	1	3	2	1	1	2	3	1	1	2	5	2	2	1	1	2	4	1	0	0	1	0	3	2	1	3	2	4	7	2	2	2	0	0	4	4	4	20	22	16	8	5	5	5	3	2	4	3	2	8	11	22	8	6	5	3	3	6	1	4	2	1	1	2	0	1	0	1	0	0	3	0	3	2	3	0	0	2	3	2	5	3	3	4	4	1	7	2	1	2	2	1	4	5	1	3	4	3	4	0	2	4	1	3	3	2	1	1	1	1	0	1	1
0	0	0	0	0	0	0	1	0	0	0	2	0	1	0	0	0	0	0	0	0	0	0	0	0	1	0	0	0	0	0	0	0	1	0	0	0	0	0	0	0	0	0	0	2	0	1	1	0	0	0	1	0	0	1	0	0	0	1	0	0	0	0	0	0	1	0	1	0	0	1	0	0	0	0	0	0	1	0	1	1	0	0	1	1	1	0	0	0	0	0	0	2	1	1	0	1	0	0	0	0	0	0	1	0	1	0	0	0	0	0	0	0	0	0	0	0	0	0	0	0	0	0	0	0	0	0	0	0	0	0	0	0	0	0	0	0	0	0	1	0	0	1	0	1	0	0	0	1	1	0	0	4	1	1	0	0	1	3	1	1	1	0	2	2	7	11	11	9	1	8	6	9	5	3	1	6	2	3	5	0	2	2	3	0	1	4	4	0	0	1	0	1	0	1	0	0	0	1	0	2	1	0	0	2	0	0	0	1	0	2	1	0	0	3	0	0	1	0	3	0	0	0	1	2	1	0	1	4	1	1	0	1	1	0	1	0	0	0	0	0	0	0	0	0	0	0	1	2	0	1	0	2	0	3	1	1	0	1	1	2	1	2	1	2	6	25	18	7	3	4	6	5	2	8	9	8	5	5	3	3	4	4	0	2	0	0	2	0	1	3	3	3	1	2	1	2	3	4	2	10	46	0	70	34	11	4	2	1	2	2	2	5	4	2	11	22	18	5	3	2	6	5	2	1	1	1	3	3	3	1	1	4	1	2	0	5	1	1	0	1	0	0	0	1	0	2	1	2	3	3	1	0	1	0	1	0	2	2	3	1	4	0	0	0	3	3	6	2	4	2	3	1	3	3	1	3	1	4	3	7	3	7	6	3	5	4	6	6	2	5	1	3	1	1	0	3	3	3	0	1	2	10	3	2	4	2	1	5	4	2	3	10	18	17	27	9	23	4	9	7	3	6	3	6	11	17	29	1	4	1	5	4	3	2	0	2	0	3	2	1	2	2	0	1	1	0	2	3	2	0	2	3	2	6	5	14	9	3	4	7	6	2	2	1	0	3	1	2	1	2	2	1	11	2	4	4	0	0	5	1	0	1	2	0	2	0	0	3
0	0	0	0	0	0	0	1	1	1	0	0	0	0	1	1	0	0	0	1	0	0	0	0	0	0	0	0	1	0	1	0	0	1	0	0	0	0	1	2	0	0	0	0	0	2	1	0	0	1	0	0	0	0	2	0	0	0	0	0	0	0	1	0	1	0	0	0	0	1	0	0	0	0	0	0	1	0	0	2	0	0	0	0	0	0	2	0	0	0	0	0	0	0	2	1	1	0	0	0	0	0	2	2	1	0	0	0	1	2	0	0	0	0	1	0	0	1	0	1	0	1	0	1	0	0	0	0	1	0	0	1	0	0	0	0	0	0	1	1	0	0	1	0	0	2	0	1	1	2	0	0	0	1	1	0	0	1	0	2	2	1	0	4	4	2	9	9	5	1	3	8	2	4	2	3	2	6	0	4	1	5	5	0	0	0	3	0	0	1	0	1	0	0	0	0	0	0	0	0	1	2	1	0	1	0	1	1	0	1	1	1	0	2	1	0	0	0	1	0	3	1	0	2	1	4	0	0	0	0	1	0	1	0	1	1	0	1	0	0	0	1	0	0	0	0	2	0	0	0	1	1	1	3	0	0	0	1	3	0	1	0	2	1	5	1	9	10	2	3	1	1	3	9	8	2	0	3	3	2	5	1	1	1	2	0	0	2	1	2	0	2	0	1	1	2	3	4	2	5	10	8	70	0	127	17	4	2	3	6	2	1	2	8	6	12	20	13	4	6	3	3	0	0	1	0	1	1	1	3	2	0	5	5	3	0	1	1	0	0	0	0	0	0	3	0	0	1	1	2	2	0	1	0	0	1	3	1	1	2	3	1	4	0	1	1	2	0	5	3	1	3	3	2	2	2	1	3	6	3	4	6	9	6	7	9	5	7	13	4	4	1	4	3	1	3	2	2	1	5	2	6	6	5	6	4	3	3	3	3	7	5	6	11	17	46	17	31	13	33	11	5	1	5	4	8	14	17	8	2	2	2	2	7	2	3	1	3	2	0	1	2	0	0	3	2	1	2	3	2	1	2	0	8	6	9	13	7	9	21	5	7	6	5	5	5	1	3	5	3	3	1	4	4	4	2	2	0	3	1	3	4	0	1	0	2	1	1	0
0	0	0	0	0	0	0	0	0	0	0	1	0	0	0	0	0	1	0	0	0	0	0	0	0	0	0	0	0	0	0	0	0	0	1	0	0	1	1	0	0	0	0	0	0	0	0	0	0	0	0	1	0	0	1	1	0	1	0	0	0	0	0	0	0	0	1	0	0	0	1	1	2	0	0	0	0	0	1	0	2	0	1	0	0	0	0	0	0	0	0	1	0	0	0	0	0	0	1	0	0	0	1	0	0	2	1	0	1	0	1	0	0	0	0	1	1	0	0	0	0	0	0	0	0	0	0	1	0	0	0	0	0	1	0	0	0	0	0	1	0	0	0	0	0	0	0	1	1	0	1	2	1	1	1	0	0	2	0	2	0	1	3	2	4	0	7	2	2	5	5	5	9	5	2	0	1	1	1	2	3	2	1	2	1	1	5	1	3	1	1	1	0	1	1	1	0	3	0	0	1	1	0	1	1	1	0	0	0	0	0	0	1	1	0	1	1	1	1	1	0	0	0	1	3	1	0	2	2	0	1	1	0	0	0	0	0	0	1	0	2	0	0	0	0	0	0	0	1	1	0	1	1	0	1	1	1	0	2	1	1	0	1	3	1	4	10	10	7	2	2	2	1	2	5	6	3	1	3	6	4	0	7	1	1	1	1	0	0	3	0	1	1	2	2	3	3	2	3	2	5	7	34	127	0	43	9	2	3	5	5	1	1	3	10	18	33	17	5	1	3	3	4	1	1	1	1	2	0	2	0	1	5	1	1	1	2	2	3	1	1	0	1	1	2	0	0	1	0	1	2	0	2	0	1	0	1	2	3	1	1	1	0	0	1	0	5	1	0	3	2	0	2	1	2	1	3	7	2	5	6	5	16	13	5	6	22	12	14	2	8	3	1	3	1	1	3	1	2	2	5	1	5	10	4	2	4	0	3	6	3	5	4	14	3	13	8	37	20	29	9	6	2	2	9	5	17	6	6	1	4	1	5	2	1	2	3	1	2	1	0	0	0	0	1	1	1	1	1	0	1	0	1	5	6	14	12	11	9	13	7	2	3	4	3	4	2	3	0	1	1	2	2	4	3	8	3	4	2	3	1	0	3	0	0	1	2	2	0
0	0	0	0	0	0	0	0	0	0	0	0	0	1	0	0	0	1	0	0	1	0	0	1	0	0	0	0	0	0	0	0	0	0	0	0	0	0	0	0	0	1	1	0	1	1	1	0	0	0	0	0	0	2	1	0	0	0	0	0	0	0	0	0	1	0	0	1	0	0	0	0	0	1	0	0	0	0	0	0	0	1	1	1	1	1	0	0	0	0	0	0	0	0	2	0	0	2	0	0	0	0	1	1	2	0	0	1	0	0	0	1	0	0	0	0	0	0	0	0	0	0	0	0	1	0	0	0	0	0	0	1	0	0	0	0	0	0	0	0	0	0	0	0	1	2	0	2	2	1	1	0	4	0	1	0	2	0	1	1	3	1	0	3	6	5	15	7	8	6	4	4	5	2	1	2	0	0	0	5	3	2	1	1	0	1	3	2	1	2	0	1	1	2	0	0	0	1	0	0	1	0	1	1	0	0	0	0	0	1	1	1	1	1	0	1	0	0	1	1	0	0	1	0	0	2	1	0	0	3	0	0	1	0	2	0	0	2	1	0	0	0	0	1	0	0	2	2	0	0	3	2	0	0	0	0	1	0	0	1	2	0	1	1	1	4	7	5	2	4	1	0	1	2	2	2	5	5	4	4	0	2	3	2	0	0	2	4	0	0	0	0	2	1	0	1	3	1	3	2	5	3	11	17	43	0	14	7	1	5	5	6	9	22	23	60	42	14	10	3	7	4	2	1	3	1	0	0	0	1	2	1	1	2	2	2	0	0	0	1	3	0	1	1	0	3	0	1	0	4	0	0	0	1	1	1	0	0	1	1	1	0	0	0	1	0	0	0	2	2	3	1	1	2	2	1	0	2	2	1	3	1	3	7	2	5	7	19	13	7	9	4	1	3	2	3	4	2	1	1	4	1	4	7	1	2	2	1	3	3	4	3	4	5	4	7	8	11	6	8	7	5	3	6	5	7	4	3	3	2	2	1	1	2	0	0	3	1	1	0	0	1	1	1	1	0	1	0	1	1	0	1	3	4	1	3	7	5	6	7	5	2	1	4	4	0	1	2	1	0	2	2	0	2	2	1	2	2	1	2	1	1	1	0	0	0	0	2	0
0	0	0	0	0	0	0	0	0	0	0	0	0	0	1	1	0	0	0	0	1	0	0	0	0	0	0	0	0	0	0	0	0	0	0	1	1	0	2	0	0	0	0	0	0	0	0	0	0	1	0	1	0	2	0	0	0	0	0	1	0	0	0	0	0	0	0	0	1	0	0	0	0	0	0	0	1	2	1	0	1	0	0	1	0	0	0	0	0	0	0	0	0	0	1	0	0	1	0	0	0	0	0	0	0	0	0	0	0	1	0	1	0	0	0	1	0	0	0	0	1	1	0	0	0	0	0	1	0	0	0	0	0	1	0	0	0	0	0	0	0	0	0	0	0	0	0	1	0	1	1	1	1	0	0	0	1	1	1	0	0	0	1	1	3	3	5	12	9	3	3	4	1	1	0	2	2	2	1	1	0	0	0	1	0	2	0	0	0	0	1	0	0	0	0	0	1	0	0	0	0	0	0	1	0	0	1	0	0	2	0	0	0	0	1	0	1	1	0	0	1	2	0	0	3	2	0	2	0	0	0	0	1	0	0	0	0	0	0	1	0	1	0	0	0	0	0	0	0	0	0	1	0	1	0	0	1	0	2	1	2	0	0	0	0	1	0	5	4	1	1	0	3	1	1	5	8	9	13	4	4	0	0	1	0	1	0	1	0	1	0	1	1	0	0	3	3	1	2	1	4	3	4	4	9	14	0	38	30	15	17	13	25	37	20	15	20	17	0	1	1	2	1	1	1	0	1	0	1	1	0	0	0	1	1	0	0	1	0	0	2	0	1	0	1	1	0	1	0	0	0	0	2	0	0	0	0	0	0	1	1	0	0	0	1	0	2	3	1	4	3	2	1	0	1	1	0	1	1	2	0	2	2	3	2	7	5	13	12	8	4	2	1	2	6	3	2	1	0	2	4	4	25	7	4	4	4	0	0	1	1	2	1	2	7	2	4	9	2	4	5	5	14	11	20	11	5	3	4	5	1	1	2	2	1	1	0	0	0	2	0	1	0	0	0	0	0	1	1	0	2	2	0	1	1	1	2	0	1	2	1	0	1	0	2	3	1	1	0	0	0	0	1	0	2	2	1	0	1	1	0	0	1	1	0	1	0	1	0
0	0	0	0	0	0	0	0	0	0	0	0	0	0	0	0	0	0	0	0	0	0	0	0	0	0	0	0	0	0	0	0	0	0	0	0	0	0	0	1	0	0	0	0	1	0	0	1	0	1	0	0	0	1	0	1	0	0	0	0	0	0	0	0	0	0	0	1	1	0	0	0	0	0	0	0	0	0	0	0	1	1	0	0	0	0	0	1	0	0	0	0	0	0	0	0	0	0	0	0	0	0	0	0	0	0	1	0	0	0	0	0	0	0	0	0	0	0	0	0	0	0	0	0	0	0	0	0	1	1	1	0	0	0	0	0	0	1	0	0	0	0	0	1	0	0	0	1	0	0	0	1	0	1	0	1	0	2	0	0	0	1	0	0	3	1	0	5	2	5	4	3	3	5	2	1	4	0	0	2	0	0	1	1	0	1	0	0	0	0	0	1	0	1	0	0	0	0	0	1	2	1	0	0	1	0	0	0	0	0	0	1	0	0	1	0	0	0	0	2	0	1	1	0	0	0	1	0	0	0	0	0	0	0	0	1	0	0	0	0	1	0	0	1	1	0	0	0	0	0	0	0	0	0	1	1	0	0	0	0	1	0	0	0	0	1	3	9	3	1	0	0	2	1	2	3	5	12	9	7	2	4	3	1	0	2	1	0	0	1	1	0	0	1	3	0	0	2	0	1	1	4	2	2	2	7	38	0	45	19	7	5	20	12	6	5	7	3	0	1	0	0	1	2	0	2	1	1	0	2	0	0	0	0	0	0	1	0	1	0	1	0	0	0	0	0	0	0	1	0	0	1	0	0	0	1	0	1	0	0	0	1	0	0	1	2	0	1	1	3	0	1	0	0	0	0	2	0	2	1	1	0	0	2	3	4	6	6	8	6	2	5	4	1	2	2	4	4	3	1	0	2	11	9	4	6	2	2	5	2	1	1	2	4	1	2	1	6	5	4	5	7	12	23	16	8	2	4	2	1	1	3	1	1	1	0	0	1	1	1	0	1	0	0	1	0	0	1	1	0	1	0	1	1	1	0	1	3	1	2	0	3	1	0	1	1	1	2	2	2	0	1	1	1	1	0	3	0	2	0	0	0	0	0	1	1	0	1	1
0	0	0	0	0	0	0	0	0	0	0	0	1	0	0	0	0	0	0	0	0	0	0	0	0	0	0	0	1	0	0	0	0	0	0	0	1	0	0	0	0	1	1	0	0	0	0	0	0	0	1	0	0	0	0	0	0	0	0	1	0	1	0	0	0	0	1	0	0	0	0	0	0	0	0	0	0	0	0	0	0	0	1	0	0	0	0	0	0	0	0	0	0	1	0	0	0	1	0	0	2	0	0	0	0	0	0	1	0	0	0	0	0	0	0	0	0	0	0	0	0	0	1	0	0	0	0	0	0	0	1	0	0	0	0	0	0	0	0	0	1	1	0	0	0	1	0	0	0	0	0	0	0	0	1	2	1	0	0	1	1	0	2	1	2	0	5	4	2	2	2	3	1	1	0	1	0	0	0	1	0	2	2	0	0	1	2	2	1	0	0	0	0	0	1	0	0	0	0	1	0	0	0	1	0	0	0	1	0	0	0	0	2	0	0	1	0	0	0	0	0	0	0	1	1	0	0	2	0	1	0	0	0	0	0	0	0	0	1	0	0	0	0	0	0	0	1	1	0	0	1	0	0	0	0	1	2	1	0	0	0	1	1	0	0	1	4	5	2	0	1	1	1	0	2	2	2	5	10	2	4	1	0	3	1	2	1	1	0	1	1	0	2	0	1	1	0	0	1	1	2	3	1	3	3	1	30	45	0	52	12	5	18	10	5	6	5	4	1	1	2	1	0	0	1	1	0	0	2	0	0	1	0	0	0	2	1	1	0	0	1	0	1	0	0	1	0	0	1	1	0	1	0	0	0	0	0	0	2	0	0	0	2	0	1	0	2	1	1	1	1	1	0	2	0	0	3	4	3	4	0	1	0	1	2	2	6	13	10	13	6	5	2	4	4	6	5	2	7	3	3	4	13	4	7	4	8	3	2	0	2	3	2	4	1	2	2	0	2	4	3	9	25	24	14	3	4	1	0	3	1	0	1	1	0	1	0	1	0	0	2	0	1	0	0	1	0	0	1	1	1	1	0	2	0	1	2	2	0	1	2	1	2	0	1	2	1	0	2	2	1	0	2	1	1	0	2	1	1	0	2	0	1	0	0	0	0	0	0
0	0	0	0	0	0	0	1	0	0	0	0	0	1	1	0	0	0	0	0	0	0	0	2	0	1	0	0	0	0	1	0	0	1	0	0	1	1	0	0	0	0	1	0	2	1	0	0	1	1	0	0	0	0	0	1	0	0	0	0	0	0	0	1	0	1	0	0	0	0	0	0	0	0	0	0	0	0	0	0	0	1	0	1	1	0	0	1	0	1	0	0	0	0	1	0	0	0	0	0	0	0	0	0	0	1	0	0	0	1	0	1	0	0	0	0	0	0	0	0	0	0	0	0	0	0	0	0	0	0	0	0	0	0	1	0	1	0	0	0	0	0	0	0	0	0	1	2	1	1	0	0	0	0	0	1	1	1	2	1	1	2	0	2	2	1	2	4	2	1	2	2	2	2	0	0	1	0	0	0	0	1	0	1	0	2	0	3	2	0	0	0	0	0	0	0	0	0	0	0	2	0	0	0	0	0	0	0	0	0	1	0	0	0	0	1	0	0	0	0	0	0	0	0	0	0	0	1	0	0	0	0	0	1	0	0	0	0	0	0	0	0	1	0	0	0	0	0	0	1	0	0	0	0	0	0	0	0	0	0	0	0	0	1	0	0	1	4	3	0	0	1	4	2	4	6	5	5	4	3	2	1	1	1	0	2	0	0	0	0	0	0	3	0	0	2	1	1	1	1	0	1	2	6	5	5	15	19	52	0	39	23	38	13	11	5	4	9	2	0	1	0	2	2	0	1	1	0	0	0	0	0	1	1	0	0	1	0	0	2	1	0	0	0	0	0	1	0	0	1	0	0	0	1	2	1	1	0	1	0	0	0	1	0	0	0	1	1	0	1	1	0	0	1	2	0	0	2	2	2	1	0	1	0	3	2	0	10	13	5	2	7	3	3	8	0	6	3	5	3	0	2	7	4	4	10	0	6	0	2	1	2	0	1	0	1	4	4	4	4	3	4	19	10	8	3	2	2	0	1	1	3	1	0	0	1	0	0	0	1	0	0	0	0	1	2	1	0	0	1	0	1	1	1	1	5	0	0	1	0	2	1	2	2	2	0	1	1	0	1	2	1	2	1	1	0	0	0	2	0	1	1	0	0	1	1	0	1	3
0	0	0	0	0	0	0	1	0	0	0	0	0	0	0	0	0	0	1	0	0	0	1	0	0	0	0	0	1	0	0	0	0	0	0	0	0	0	0	0	0	0	0	0	2	0	0	0	0	0	0	2	0	1	0	1	0	0	0	0	0	0	0	0	0	0	0	1	0	0	0	0	0	0	0	0	0	0	1	0	1	0	0	1	1	0	0	0	0	1	0	0	1	1	0	0	0	0	0	0	0	0	0	0	0	0	0	0	0	0	0	0	1	0	0	0	0	0	0	0	0	0	0	0	0	0	0	0	1	0	0	0	0	0	0	0	0	0	1	0	0	0	0	0	0	0	0	0	2	1	0	1	1	0	1	0	0	2	1	2	0	0	1	0	1	3	3	4	1	1	1	3	0	1	2	1	1	3	0	0	1	0	0	1	0	1	0	2	3	0	2	1	1	2	1	0	0	0	0	1	0	1	1	0	1	1	0	0	0	0	0	0	1	1	0	0	1	1	0	0	1	1	0	0	0	0	0	2	1	0	1	0	0	0	0	0	1	0	0	0	1	0	0	0	0	1	1	0	0	1	0	1	0	0	0	0	0	1	0	1	0	0	0	2	0	1	1	5	4	1	0	4	0	0	1	3	1	3	4	1	2	3	0	1	1	0	1	1	0	0	1	0	1	0	4	1	0	1	1	2	0	4	2	2	5	5	17	7	12	39	0	97	138	34	17	5	6	4	1	3	2	1	2	0	1	0	0	0	0	1	3	0	1	0	2	0	1	0	0	0	0	0	0	1	1	0	1	2	0	0	0	0	0	1	0	1	0	0	1	0	0	2	1	0	0	0	1	1	3	0	0	1	0	1	3	1	1	3	1	3	2	0	3	3	6	6	4	6	21	8	7	7	2	7	4	4	4	1	2	4	2	2	8	0	3	2	1	5	1	2	0	1	0	0	1	3	1	3	2	4	2	8	5	2	5	5	0	1	0	1	1	1	2	1	0	0	0	0	0	0	1	1	0	1	0	0	0	0	0	0	4	4	0	1	3	1	2	1	1	3	0	2	1	4	1	0	0	3	0	0	0	1	1	1	1	3	0	0	1	1	0	1	2	0	0	1	1	0	0
0	0	0	0	0	0	0	0	0	0	0	0	0	0	1	0	1	1	0	0	0	0	0	0	0	0	2	0	0	0	0	0	0	0	0	0	0	0	0	1	2	0	1	1	0	0	0	0	0	0	0	0	0	0	0	1	0	1	1	0	0	0	1	0	0	1	0	0	0	0	0	0	2	1	0	1	0	1	0	0	2	0	0	0	0	0	0	0	1	0	1	0	0	0	0	0	1	0	0	0	0	0	0	0	0	0	0	0	0	0	0	0	0	0	1	0	0	0	0	0	0	0	0	0	0	0	1	0	0	0	0	1	0	0	0	1	0	0	0	0	0	0	0	0	2	0	0	0	0	0	0	0	3	0	1	0	0	2	1	1	0	3	0	2	2	4	2	4	2	1	4	2	2	2	2	0	1	0	1	1	0	2	4	0	0	0	0	0	1	0	1	1	0	0	0	2	0	1	0	0	1	0	0	0	0	0	0	0	1	1	0	0	0	0	1	0	0	0	0	0	2	2	0	1	3	0	0	0	0	1	1	0	0	0	0	1	1	0	1	0	0	0	0	0	1	0	0	0	1	0	0	0	1	0	0	0	1	0	1	0	1	0	1	2	0	1	2	2	3	2	1	3	3	0	3	2	1	2	2	2	0	0	1	0	2	1	0	1	0	1	1	1	1	0	0	0	2	0	0	0	2	3	2	1	1	6	13	5	5	23	97	0	39	13	7	5	4	3	2	0	2	1	4	0	0	1	0	0	0	0	1	1	2	0	1	0	2	0	0	0	1	1	0	0	1	0	0	1	1	0	0	3	0	1	1	0	1	2	1	0	0	0	1	0	0	1	0	0	2	1	1	2	1	0	1	1	1	2	1	2	2	1	4	1	2	4	7	9	13	6	3	8	2	3	2	3	4	0	1	0	2	3	1	3	3	0	1	2	1	3	0	1	2	0	1	1	2	2	3	3	4	5	2	4	3	2	1	2	0	1	3	0	0	0	0	1	0	1	0	1	0	0	0	0	0	1	0	0	2	0	0	0	0	0	1	2	0	1	0	3	2	2	0	1	1	0	0	1	1	0	1	0	2	2	1	2	1	0	0	1	1	1	1	0	0	0	1	0	0
0	0	0	0	0	0	0	0	0	0	0	0	0	0	0	0	0	0	0	0	0	1	0	0	0	0	0	0	0	0	0	0	0	0	0	0	0	0	0	0	0	0	1	1	0	1	0	0	0	0	0	0	0	0	0	0	0	0	0	0	0	0	0	1	0	0	0	0	0	0	0	0	0	0	0	0	0	1	0	0	0	0	0	0	0	0	0	0	1	0	0	0	0	0	0	1	0	0	0	0	0	1	0	1	0	0	0	0	0	0	0	0	0	0	0	0	0	0	0	0	0	0	0	1	0	0	0	1	1	0	0	0	0	0	0	0	0	0	0	0	0	1	0	0	0	0	0	0	1	1	0	0	1	1	1	0	0	2	0	1	0	1	1	4	4	2	1	7	3	3	1	2	2	2	1	1	2	0	1	0	0	2	1	0	1	0	0	0	0	0	0	1	0	0	0	1	1	0	1	1	0	0	0	0	0	0	0	0	0	0	0	0	0	1	0	1	0	0	1	2	3	0	0	1	1	0	0	0	0	0	0	2	0	0	0	0	1	0	0	0	0	0	0	0	0	1	0	0	0	2	0	0	0	0	0	1	0	1	0	0	0	0	0	0	1	2	2	2	1	3	1	2	0	2	4	0	1	1	8	0	3	1	2	2	1	0	2	0	0	0	0	0	1	0	1	0	0	0	0	2	2	3	5	2	1	9	25	20	18	38	138	39	0	67	22	8	10	4	2	1	4	3	0	1	0	0	0	2	1	0	1	0	1	1	3	0	0	0	0	0	1	0	0	0	1	1	0	0	0	0	0	0	1	0	0	0	1	1	0	1	1	1	0	1	0	3	0	2	1	1	1	2	0	2	1	2	2	3	1	3	2	1	2	1	3	8	11	9	17	7	8	9	5	3	4	3	3	4	2	5	1	3	4	3	6	2	0	2	1	3	1	1	2	1	1	2	1	7	3	1	3	5	4	4	3	7	2	2	0	3	3	0	1	2	0	1	0	0	1	0	2	1	0	0	0	0	0	0	1	1	0	1	3	1	0	2	4	5	2	4	1	1	2	1	1	1	1	0	0	1	2	0	0	3	0	0	2	0	1	0	2	1	2	1	0	0	0	0	0
0	0	0	0	0	0	0	0	0	0	0	0	0	1	0	0	0	0	0	0	1	0	0	0	0	0	0	1	1	0	0	0	0	0	0	0	0	0	1	0	0	0	0	0	0	0	0	0	1	0	0	0	0	0	0	0	0	0	0	0	0	0	0	0	0	0	0	0	0	0	1	0	0	0	0	0	1	0	0	0	0	0	0	0	0	0	0	0	1	0	0	0	0	0	0	0	0	0	1	0	1	0	1	1	0	0	0	0	0	1	0	0	0	0	0	1	0	0	0	0	0	0	0	0	0	1	0	0	1	1	0	0	0	0	0	0	0	0	0	0	0	1	0	0	0	0	0	2	0	0	1	1	0	1	1	0	0	0	0	0	1	0	2	2	5	5	10	11	5	4	4	1	2	4	0	4	0	0	1	5	1	1	1	2	1	1	0	0	3	0	0	0	1	0	0	1	0	0	0	0	1	0	0	0	0	1	0	0	0	0	1	1	0	0	0	1	0	0	0	0	0	0	3	0	0	0	0	2	0	0	0	0	0	1	1	0	0	0	0	1	0	0	1	0	1	0	0	0	0	0	0	0	0	0	1	1	1	0	1	1	3	1	1	0	0	0	1	7	4	1	0	3	1	2	3	0	3	10	3	2	3	1	2	3	0	1	2	0	1	0	0	1	0	0	0	1	1	0	1	1	2	2	4	8	3	22	37	12	10	13	34	13	67	0	100	16	15	12	1	2	1	2	1	0	0	0	0	2	2	0	0	0	1	3	0	0	0	0	0	0	0	1	0	0	1	0	0	0	0	0	0	1	0	0	0	1	0	2	1	0	1	3	0	0	2	0	1	1	1	4	1	2	1	1	2	1	0	0	1	1	1	3	4	4	4	3	9	8	14	2	4	10	4	1	0	4	1	2	2	1	2	3	9	3	1	3	3	1	0	2	3	2	3	2	2	2	2	5	3	4	8	5	7	3	6	8	4	4	1	1	2	0	0	1	0	0	0	2	1	0	3	0	0	0	0	1	1	1	1	0	1	1	2	0	2	1	2	1	3	1	3	2	1	3	0	1	0	0	0	0	0	3	1	4	1	1	0	2	0	2	2	1	0	0	0	0	0	0	0
0	0	0	0	0	0	0	0	0	0	0	0	0	3	1	0	0	2	1	0	1	0	0	0	0	0	0	0	0	0	0	0	1	0	1	0	0	0	0	0	0	0	0	0	0	0	0	0	0	0	0	1	0	0	0	0	0	1	0	0	0	0	0	0	0	0	0	0	0	0	1	0	0	0	0	0	0	1	0	0	0	0	0	0	0	0	0	0	0	0	0	0	0	0	0	1	0	1	0	0	0	0	0	0	0	0	1	0	0	0	0	0	1	0	1	1	0	0	0	0	1	0	0	0	0	1	0	0	0	0	0	0	0	0	0	0	0	0	0	0	0	0	0	0	0	0	0	0	1	2	1	0	1	2	4	0	0	3	2	5	0	2	0	2	7	1	10	7	5	5	3	3	6	3	1	3	4	1	1	1	3	1	2	2	0	0	3	4	1	0	0	0	1	0	0	0	1	0	1	1	1	1	1	1	1	0	0	0	1	1	0	1	0	2	1	1	1	0	0	2	0	0	2	1	0	1	0	0	1	0	0	0	0	0	1	0	0	0	1	0	0	1	0	0	0	0	0	0	0	0	0	0	0	0	0	2	0	0	2	2	0	1	0	0	1	2	2	2	1	4	0	1	2	1	2	4	6	5	2	5	1	0	3	0	2	0	1	0	0	0	0	2	3	0	0	2	1	1	0	0	1	5	2	6	10	23	20	6	5	11	17	7	22	100	0	41	15	9	5	4	3	0	0	0	1	0	1	0	0	1	0	1	0	2	3	0	2	0	1	0	1	0	0	0	0	1	0	2	0	0	1	0	0	2	0	0	0	1	0	0	2	1	0	1	0	0	0	1	0	3	1	1	0	3	1	0	2	0	1	2	0	3	2	3	4	4	5	7	6	7	4	4	4	4	3	2	0	2	2	2	1	2	5	3	0	2	2	4	1	0	3	2	3	2	1	3	5	5	7	3	3	4	7	1	6	8	5	1	2	3	3	1	1	1	0	0	0	1	0	0	1	0	2	0	0	0	1	1	1	1	0	4	0	2	0	0	3	1	4	5	2	2	1	1	0	1	1	0	0	0	0	2	0	1	1	1	1	0	1	1	1	0	0	0	0	0	1	0	0
0	0	0	0	0	0	0	1	0	1	0	0	0	0	0	0	1	0	0	0	0	0	0	0	0	0	0	1	0	1	1	0	0	0	0	0	0	0	0	0	0	1	0	0	0	2	0	1	0	0	0	0	0	0	0	0	0	0	0	0	0	0	0	0	0	0	1	0	0	0	0	0	1	0	0	0	0	0	0	0	0	0	0	0	0	0	0	0	0	0	0	0	2	0	1	0	0	0	0	0	0	0	0	0	0	0	0	0	0	0	0	0	0	0	0	2	0	0	0	0	0	0	0	0	0	0	0	0	0	0	0	0	0	0	0	0	0	0	0	0	0	0	0	0	0	0	0	0	2	3	2	0	1	0	0	3	2	1	0	1	3	1	1	4	6	12	17	43	5	4	2	6	6	4	4	3	3	3	0	2	1	2	3	1	0	2	0	1	1	1	0	0	0	0	1	1	0	0	1	0	1	0	0	0	0	2	0	1	1	0	0	0	0	1	0	1	1	2	1	0	1	0	0	1	2	0	0	2	0	2	0	2	0	0	0	1	0	0	0	1	0	0	0	0	1	0	1	0	0	0	2	1	0	0	0	1	2	1	0	2	2	1	1	0	2	7	3	8	7	1	3	0	4	3	3	6	2	6	13	5	6	2	4	1	3	0	0	0	2	1	0	2	0	0	1	2	1	5	2	2	4	8	11	12	18	60	15	5	6	5	5	5	8	16	41	0	92	41	4	3	2	2	2	3	0	1	0	1	1	4	1	2	1	1	0	1	1	2	0	1	1	0	0	0	0	1	2	3	2	1	0	1	1	0	0	0	1	1	0	0	0	2	1	2	0	2	0	3	0	1	2	2	0	0	2	4	1	4	1	2	0	2	3	2	4	8	4	14	4	6	1	4	2	1	3	0	0	1	0	1	1	5	10	1	6	6	1	4	3	2	3	7	4	7	1	9	2	13	7	7	4	1	3	7	8	11	6	6	6	2	1	0	2	2	2	1	1	1	1	2	1	1	1	2	0	2	0	1	1	0	0	1	2	2	3	4	4	5	2	6	3	2	1	1	2	0	2	1	2	2	0	0	2	2	2	1	2	0	0	0	1	0	1	0	0	1	0	0	2
0	0	0	0	0	0	0	1	0	0	1	0	0	1	0	0	0	1	0	0	0	0	0	0	0	0	0	0	0	0	0	0	0	0	0	0	0	0	1	0	1	2	0	0	0	0	1	0	0	0	0	0	0	0	0	0	0	0	0	0	0	0	0	0	0	0	0	1	0	0	1	0	0	0	0	1	0	1	0	0	0	0	0	0	0	0	0	1	1	2	0	0	0	1	0	1	0	0	0	0	0	0	0	1	1	0	0	0	0	0	0	0	1	0	0	0	0	0	1	0	0	0	2	0	0	1	0	0	0	0	0	1	0	0	0	0	1	0	0	0	0	0	1	0	0	0	0	0	2	0	0	0	2	0	3	0	0	1	1	0	2	0	1	4	13	5	10	24	8	4	8	5	7	3	4	2	5	3	2	4	1	3	1	1	0	2	1	2	1	0	0	0	0	2	0	0	0	0	0	0	0	0	0	0	0	0	0	0	0	0	0	2	3	0	1	0	0	1	1	0	0	0	1	0	0	1	2	0	1	0	0	0	1	0	0	0	1	0	0	0	1	0	1	0	0	0	1	1	0	2	0	3	2	2	0	0	0	2	1	1	0	0	0	2	0	7	6	25	7	4	2	7	3	3	5	11	2	11	13	5	8	3	4	2	2	1	0	0	2	1	0	3	1	2	0	2	2	3	3	8	2	7	22	20	33	42	20	7	5	4	6	4	10	15	15	92	0	123	5	2	1	2	5	2	3	0	0	0	3	1	0	0	0	1	2	4	0	2	0	2	0	0	1	0	1	1	0	2	0	0	1	1	1	1	2	0	0	0	2	0	2	0	1	1	1	1	2	0	4	4	2	2	1	0	1	2	1	3	2	3	1	2	0	3	3	11	7	18	11	4	5	2	1	1	3	4	1	1	0	1	1	4	18	5	7	3	0	2	0	2	0	3	4	4	5	12	3	14	6	10	9	8	10	5	9	17	15	5	3	3	3	0	4	1	3	2	0	0	2	1	0	2	0	1	1	0	0	0	3	0	0	2	3	2	2	4	8	4	3	4	2	3	2	3	3	2	0	1	1	0	0	0	1	1	7	5	2	2	0	2	1	0	1	1	0	1	0	1	0
0	0	0	0	0	0	0	0	0	0	1	0	0	0	1	0	0	0	0	0	0	0	1	0	0	0	0	0	0	0	0	0	0	1	0	0	0	0	0	0	0	0	0	0	0	0	0	0	0	0	0	1	0	0	0	0	0	0	0	0	0	0	0	0	0	0	0	0	0	0	0	0	1	0	1	0	0	0	0	0	0	0	0	1	0	1	1	0	1	0	1	2	0	0	0	1	0	0	0	0	0	0	2	0	0	0	0	0	0	1	0	0	0	0	0	0	0	0	0	1	0	0	0	1	0	0	0	0	0	0	1	0	0	0	0	1	0	1	0	0	1	0	0	0	0	0	0	0	0	0	0	0	1	2	1	0	0	0	2	4	0	0	2	0	3	3	8	12	5	4	7	5	12	2	4	4	7	4	2	1	2	1	0	0	2	1	1	4	0	1	2	1	0	0	1	0	1	0	0	2	0	0	0	0	1	1	0	0	0	0	0	0	1	1	2	0	0	0	0	0	1	1	1	0	2	0	0	0	1	0	1	1	0	0	1	1	1	0	0	0	1	1	0	2	0	2	1	0	0	1	0	1	1	0	1	1	2	1	0	1	1	1	1	0	1	2	7	31	9	1	3	3	3	2	3	13	9	16	13	5	6	3	1	1	2	2	1	2	1	1	0	1	0	1	1	1	2	4	1	0	5	12	18	13	17	14	17	3	4	9	4	3	4	12	9	41	123	0	3	2	3	0	2	0	1	2	0	0	1	0	3	0	1	2	1	0	0	1	0	1	1	1	0	0	1	1	1	0	0	2	0	1	0	0	0	0	0	2	1	1	1	2	4	1	1	2	1	1	5	6	2	6	2	0	0	2	3	4	3	5	1	3	3	1	2	5	6	19	8	6	0	0	7	1	3	3	1	3	3	4	3	1	21	21	4	5	2	4	4	5	4	6	6	4	4	9	10	14	2	9	8	9	7	8	20	33	18	14	6	3	2	1	4	1	0	0	0	1	1	1	1	0	0	0	1	3	2	1	0	2	0	2	0	1	1	5	8	2	3	10	5	1	2	2	2	1	2	0	0	0	2	1	1	3	1	3	3	0	0	1	1	0	0	2	1	0	1	1	3
0	0	0	0	0	0	0	0	0	1	0	0	0	0	0	0	0	0	1	0	0	1	0	0	0	0	0	0	0	0	0	1	0	0	0	0	0	0	0	0	0	0	0	0	0	0	0	0	0	1	1	1	0	1	0	0	0	0	1	0	0	0	0	1	0	0	1	0	2	0	0	0	0	1	0	0	1	0	0	0	0	0	0	0	2	0	1	0	2	0	1	0	0	0	1	0	0	2	0	0	0	1	0	0	0	0	1	0	1	0	1	0	0	1	0	1	0	0	0	0	0	0	0	0	0	1	0	0	1	0	0	0	3	0	0	0	0	0	1	0	2	0	0	0	0	2	0	1	0	2	2	0	1	1	1	0	1	2	5	4	1	2	4	12	6	7	4	8	7	2	2	2	2	1	2	3	0	1	2	3	1	7	4	3	3	4	5	3	2	3	0	3	0	0	2	2	2	3	1	1	0	1	1	1	0	1	0	0	1	1	0	0	2	0	1	0	0	1	0	0	1	2	2	2	2	2	1	1	0	1	1	0	1	0	0	1	0	0	0	0	0	0	0	0	2	1	2	1	0	2	1	1	1	2	2	3	0	3	0	1	2	1	5	4	4	4	5	4	4	1	0	1	0	1	2	2	1	0	2	0	3	3	1	1	1	0	0	0	1	0	0	0	0	1	1	3	0	1	1	1	3	3	5	4	5	10	0	0	1	2	1	2	2	1	5	4	5	3	0	50	17	5	2	0	1	1	2	1	3	2	1	5	1	2	2	0	1	2	0	0	1	2	0	3	0	1	0	1	1	3	0	1	0	0	1	1	0	1	1	0	0	0	0	0	2	1	4	1	1	4	2	1	2	2	0	1	1	1	1	2	1	2	2	5	3	1	3	0	0	0	2	3	1	2	1	1	3	1	0	2	0	1	5	1	0	1	0	2	1	2	1	1	3	2	3	2	0	0	0	2	5	0	2	0	1	0	1	0	2	2	2	0	2	2	1	0	0	0	0	2	0	0	2	0	1	2	0	1	1	0	1	2	2	4	4	1	2	7	9	10	5	4	1	3	2	1	3	0	0	3	0	0	4	3	0	1	3	5	0	1	2	1	0	1	0	0	0	0	1
0	0	0	0	0	0	0	0	0	0	0	0	0	1	0	1	0	1	0	1	0	0	0	0	1	1	0	0	0	0	0	0	0	0	0	0	0	0	0	0	0	0	0	0	1	2	0	0	1	3	0	0	0	0	1	0	0	0	1	0	1	0	0	0	4	0	0	0	0	0	0	1	0	0	0	0	0	1	0	1	0	1	0	0	0	0	1	0	2	1	0	1	1	0	0	1	0	2	0	0	0	0	0	1	0	0	1	0	0	1	0	1	0	0	1	2	0	1	0	0	1	0	0	0	0	1	0	0	0	2	0	0	0	1	0	0	0	0	0	1	0	0	1	0	1	0	0	2	0	2	0	1	3	1	1	4	3	5	5	5	5	6	22	52	5	5	1	1	6	2	2	1	4	0	2	0	2	3	1	1	4	4	2	1	5	4	4	5	2	0	3	2	0	0	0	0	0	2	2	2	1	5	1	2	0	0	0	0	0	1	1	0	0	0	0	1	1	0	1	0	1	1	1	1	3	3	3	1	1	1	0	1	0	0	0	0	1	0	0	0	0	0	0	0	1	1	2	0	1	0	1	1	1	1	1	4	0	0	4	1	3	4	7	7	6	19	10	7	2	1	2	3	2	0	1	2	2	0	1	1	0	0	0	0	0	0	3	2	0	0	1	2	0	1	2	0	0	0	0	3	1	4	3	6	1	3	1	1	1	0	3	0	1	2	4	3	2	2	50	0	46	14	15	1	3	3	2	3	2	1	0	1	3	1	1	1	1	2	0	1	1	0	0	0	0	0	0	0	0	1	0	0	1	0	1	0	1	1	1	0	0	2	0	0	3	1	1	0	1	1	1	1	1	0	0	2	2	1	1	0	1	3	1	2	0	0	2	1	1	5	3	0	0	0	3	1	0	1	1	0	2	1	1	1	0	1	0	0	2	1	0	0	3	2	5	4	0	5	1	5	0	0	1	4	0	3	1	3	1	1	2	0	0	0	2	0	0	0	1	0	2	0	1	0	0	0	0	3	1	2	3	1	2	3	3	2	3	5	7	2	1	3	2	2	1	1	1	1	1	1	4	0	1	2	1	0	3	3	1	1	0	0	0	1	0	1	1	0	0
0	0	0	0	0	0	0	0	1	3	0	0	0	0	0	0	2	0	0	0	0	1	0	0	0	0	0	0	1	0	0	0	0	0	0	0	0	0	0	0	0	0	0	2	0	0	2	0	0	0	0	0	0	0	1	0	0	0	0	0	0	0	0	0	1	0	0	0	0	0	0	1	0	1	0	0	0	0	0	0	0	0	0	0	1	1	1	1	2	0	0	0	1	0	0	1	0	0	1	0	2	0	0	1	1	0	0	2	0	0	1	0	1	1	0	0	1	0	0	0	0	1	0	0	0	0	1	0	0	2	1	0	0	0	0	0	0	0	0	1	1	0	0	0	0	1	1	1	1	2	2	1	0	3	1	1	2	2	5	6	5	7	21	173	5	6	3	5	1	3	3	3	1	2	3	2	2	3	3	2	4	8	13	4	4	3	10	5	1	1	1	2	0	0	1	1	0	1	2	2	0	2	2	3	1	1	1	2	1	3	1	0	1	0	1	1	2	1	0	1	2	1	4	1	2	2	6	1	0	0	1	0	1	1	0	0	1	0	0	0	0	0	0	1	0	2	0	1	0	0	2	4	2	1	2	0	2	3	1	3	3	7	4	9	7	20	5	2	0	0	0	0	2	1	3	2	1	2	1	0	2	2	0	1	0	0	0	0	1	0	0	2	0	0	0	1	0	1	1	0	2	3	2	3	3	7	1	0	2	1	2	2	4	1	3	2	1	3	17	46	0	21	17	2	5	4	2	3	7	1	2	2	1	0	1	1	3	0	0	0	0	0	2	1	0	1	0	3	0	0	0	0	1	0	0	0	0	0	1	3	0	1	1	1	2	0	1	1	2	2	2	0	2	1	1	0	0	0	0	0	3	3	0	0	2	3	3	0	0	0	2	1	0	0	2	0	0	0	0	0	0	0	2	0	1	1	1	2	0	2	0	0	0	3	1	4	0	0	0	1	2	1	0	1	0	1	2	3	1	2	1	2	2	0	2	1	0	0	0	0	0	2	0	0	1	1	0	0	0	2	1	4	2	0	3	2	3	3	5	6	3	2	0	0	1	0	0	3	1	3	1	0	0	3	0	2	1	1	1	2	0	1	0	1	0	2	1	0	1
0	0	0	0	0	0	0	0	0	2	0	0	0	1	0	0	1	0	0	0	0	0	1	0	1	0	1	0	0	0	0	0	0	0	0	0	0	0	1	1	0	0	0	0	0	0	0	0	0	0	1	0	1	0	0	1	0	0	0	0	0	2	0	1	0	0	0	1	0	0	0	0	0	0	0	0	0	0	0	0	0	1	0	0	0	1	0	1	1	0	1	1	0	0	0	0	1	1	1	1	1	1	0	0	0	1	0	0	0	0	1	0	1	0	0	1	0	1	0	0	0	0	1	0	0	0	0	1	0	0	0	0	0	0	0	2	0	0	0	1	0	0	0	0	0	0	1	3	0	1	3	2	3	3	2	4	2	3	4	12	8	6	36	29	5	2	1	5	1	4	9	3	0	0	4	3	1	2	1	5	5	4	7	3	6	3	9	14	5	1	1	0	0	1	1	0	0	0	0	3	2	1	2	3	1	1	1	1	2	1	2	2	1	1	1	2	2	2	3	0	2	1	3	0	7	2	3	4	1	1	2	3	1	0	0	0	0	1	1	1	0	2	0	1	1	2	0	0	1	1	1	0	3	1	4	1	2	1	3	5	4	8	6	19	24	31	3	1	1	0	0	2	0	1	0	0	0	2	2	0	0	0	0	2	0	0	1	1	0	0	0	0	1	0	1	1	2	2	1	3	0	4	6	3	3	4	2	0	1	0	1	1	3	2	0	2	2	0	5	14	21	0	143	15	8	7	5	7	9	1	9	7	4	9	2	3	1	0	1	0	1	1	3	0	0	0	1	2	1	1	0	1	0	1	1	0	0	1	1	0	2	3	0	1	2	0	0	0	1	0	0	2	0	1	0	2	1	1	1	1	2	3	2	2	0	1	1	2	1	1	0	0	0	2	2	1	0	1	0	0	1	0	0	1	0	0	0	2	1	0	0	0	0	3	1	5	1	1	1	0	0	1	1	0	0	0	1	1	2	0	1	1	0	1	0	0	0	0	1	0	1	4	0	1	2	1	2	0	2	1	1	3	0	2	5	2	4	11	9	7	1	3	1	2	5	2	3	1	0	0	2	1	1	1	4	1	3	1	2	0	1	1	2	1	1	0	0	1	0
0	0	0	0	0	0	0	0	0	0	0	0	0	0	0	0	1	1	0	0	0	0	0	2	1	0	1	0	0	0	0	0	0	1	0	0	1	0	0	1	0	1	0	0	0	0	1	0	0	1	0	0	0	0	0	0	0	1	0	0	0	0	0	0	0	0	0	0	0	0	0	2	0	0	0	0	0	0	1	1	0	0	1	0	1	1	1	0	1	1	1	1	0	1	0	0	1	3	0	1	0	0	1	0	0	0	0	0	1	0	1	0	1	1	0	1	0	0	0	0	0	0	0	0	0	1	1	1	0	0	0	0	0	0	0	0	1	0	0	0	1	0	1	0	1	3	0	2	3	1	6	3	4	3	2	2	1	1	4	12	8	9	58	41	4	6	1	7	2	2	0	1	2	2	2	1	2	0	1	1	2	3	4	3	2	7	2	10	5	4	1	0	0	1	0	2	0	3	1	1	2	1	2	1	0	0	2	0	1	0	0	1	0	2	1	0	1	1	3	2	2	4	1	2	2	3	3	3	1	3	1	2	0	0	0	0	1	0	1	0	2	0	0	0	1	0	2	0	0	0	1	2	3	3	1	0	0	3	5	2	4	2	7	10	7	21	4	3	1	1	2	0	0	3	0	1	1	1	0	1	0	1	0	1	0	0	0	0	1	0	0	1	0	0	0	3	2	2	0	0	2	3	5	0	4	2	1	1	0	2	2	4	0	1	0	2	5	2	2	15	17	143	0	10	9	4	5	1	8	9	1	3	3	4	6	3	1	0	1	1	2	1	0	1	0	0	0	1	0	0	0	1	0	0	1	0	1	1	0	0	0	0	1	4	0	2	1	0	2	1	2	1	0	0	0	1	0	1	1	1	1	1	1	0	1	1	1	1	1	0	0	2	0	3	0	0	0	0	0	1	0	0	0	1	0	1	1	0	2	3	2	1	1	1	6	2	2	3	1	1	1	1	0	0	0	3	4	1	2	2	1	3	1	2	1	3	0	1	0	1	0	0	2	1	1	2	0	4	2	4	0	6	6	4	1	5	8	6	7	4	3	2	3	1	1	0	1	3	1	2	1	2	3	2	3	4	1	1	2	1	1	1	1	1	1	0	0	1	0
0	0	0	0	0	0	0	0	1	0	1	0	0	0	0	1	0	0	2	2	0	0	0	0	0	0	0	0	0	0	1	0	2	0	0	1	0	1	0	0	0	0	2	0	0	1	0	0	0	0	1	3	0	0	0	0	1	0	0	2	2	0	0	0	0	0	0	0	0	0	0	0	0	0	1	0	0	0	0	0	0	0	1	3	0	0	0	0	0	1	0	2	2	1	1	1	0	2	1	2	0	1	2	0	0	0	0	0	1	0	0	0	0	0	1	0	0	0	0	1	0	0	1	0	0	0	0	1	0	0	0	0	1	0	0	2	0	0	0	1	0	0	1	1	2	0	0	3	1	2	2	3	5	6	5	5	6	4	4	5	11	6	9	5	1	0	3	1	0	1	1	0	1	0	1	0	4	4	1	2	3	2	1	0	2	3	5	19	6	6	3	1	2	3	0	3	3	3	4	4	7	3	8	4	2	3	1	3	2	1	0	3	3	1	1	1	2	3	5	5	4	3	9	7	17	13	10	29	14	5	5	2	1	2	2	2	4	2	0	1	0	4	1	0	2	1	3	3	1	5	10	7	8	10	9	0	5	3	4	9	7	8	4	15	20	2	1	2	2	0	1	0	0	2	1	1	1	1	0	0	0	0	0	1	0	0	0	0	1	1	3	0	0	1	1	1	1	0	1	0	1	3	2	0	1	1	1	2	0	2	0	0	1	0	0	3	2	0	0	1	2	15	10	0	43	16	16	5	11	1	12	3	3	11	4	6	1	4	1	2	2	0	0	1	0	1	0	1	2	3	1	1	0	0	1	1	2	0	1	1	1	2	0	1	2	1	1	0	0	0	1	0	0	0	1	0	1	1	1	0	2	3	1	0	0	1	2	0	0	0	0	0	0	0	0	0	0	0	1	1	1	0	0	1	0	1	0	1	1	0	2	1	2	0	3	4	2	0	0	0	2	1	0	1	0	1	0	0	2	4	1	2	1	0	1	0	1	0	0	0	1	0	0	2	1	0	2	0	2	1	6	2	4	5	2	1	3	3	2	3	4	1	1	4	2	1	1	1	0	1	2	2	0	2	3	1	2	2	1	4	3	0	2	0	0	2	0	1	1
0	0	0	0	0	0	0	0	1	1	1	0	0	0	1	0	1	1	1	0	2	0	1	0	0	1	0	0	0	0	1	0	0	2	0	0	0	0	0	1	0	0	2	0	1	2	0	0	0	0	0	1	2	0	0	1	1	1	0	0	1	0	1	0	0	1	0	0	1	0	0	0	0	0	0	0	0	0	0	1	0	0	0	0	1	2	0	0	1	1	1	0	3	0	0	1	0	0	0	0	2	0	1	0	0	2	0	0	1	1	3	0	0	1	0	0	1	0	0	1	0	0	0	0	0	1	1	0	0	1	0	1	0	1	0	1	0	1	0	1	1	1	0	1	2	2	0	0	1	2	4	9	11	5	7	6	7	5	2	7	25	6	6	3	3	2	2	0	0	1	1	0	1	1	0	0	2	2	0	0	1	1	0	3	0	2	4	5	6	4	1	4	1	2	1	3	0	7	6	9	8	14	6	2	3	4	2	4	2	5	1	6	0	3	3	1	3	1	1	3	12	6	22	15	19	13	3	10	10	7	5	3	3	1	2	0	2	4	0	1	0	3	2	1	3	4	8	4	5	6	1	8	11	12	7	2	7	4	2	5	7	3	5	12	13	1	1	0	2	0	0	1	0	1	0	0	1	1	0	0	0	2	1	0	0	0	0	0	1	0	0	0	1	1	2	1	0	1	2	0	1	0	1	1	1	3	1	0	1	0	1	0	0	0	1	0	3	1	1	3	5	8	9	43	0	81	81	11	12	3	15	9	4	4	2	3	1	1	2	2	0	2	0	1	1	2	0	0	1	0	0	0	1	0	0	0	2	0	1	1	0	0	0	0	0	1	0	0	1	3	1	0	2	0	0	0	1	0	0	0	0	1	0	1	1	0	2	2	1	0	0	0	0	1	0	2	0	0	0	1	1	1	2	1	1	1	0	1	0	0	1	1	1	2	2	2	0	0	0	0	1	1	0	0	1	0	1	0	1	0	0	3	0	1	1	0	1	0	1	0	2	1	0	0	0	0	0	1	3	1	4	2	1	5	2	2	0	3	1	1	2	3	2	1	2	2	0	0	1	0	0	1	2	0	1	4	6	3	0	1	1	3	1	1	1	3	0	0	0
0	0	0	0	0	0	0	1	0	1	0	0	0	3	0	0	0	1	2	1	0	1	0	1	0	0	0	0	0	0	0	1	1	0	0	0	2	0	1	1	3	1	0	0	0	1	0	2	0	0	1	0	1	0	0	0	2	1	0	0	0	1	0	0	0	0	1	1	0	0	0	0	0	0	0	0	0	0	1	0	2	0	1	2	0	0	1	0	3	2	0	2	1	0	0	0	2	0	0	1	0	0	0	1	0	0	2	2	0	0	1	1	0	1	1	0	0	1	0	1	1	1	0	0	0	0	0	0	1	1	0	1	0	0	0	0	0	0	0	0	0	0	1	0	0	0	1	3	3	2	1	10	8	7	12	9	6	7	1	6	19	5	3	5	2	1	1	2	1	0	2	0	4	1	0	1	1	0	1	0	1	1	2	0	2	2	2	6	6	2	3	1	3	3	2	4	1	2	3	17	20	26	6	6	3	2	3	4	5	6	2	2	1	2	4	1	2	2	2	6	8	9	23	12	10	11	6	13	6	7	2	1	2	0	3	0	0	1	1	1	0	1	1	4	3	5	11	8	6	8	18	18	19	17	5	5	4	2	2	5	8	3	11	7	5	1	1	3	0	0	1	0	0	1	1	0	1	1	2	2	0	0	1	0	0	1	0	0	2	0	1	2	0	1	0	0	2	1	1	1	1	1	1	0	1	1	0	2	1	1	0	1	0	0	0	1	0	2	1	3	4	7	4	16	81	0	53	8	10	6	9	9	8	4	1	3	2	4	2	5	0	2	2	0	0	0	0	0	0	0	0	0	2	1	0	1	1	0	0	0	0	2	0	0	0	0	0	3	2	0	1	0	1	1	0	0	2	1	0	0	3	2	2	0	0	1	1	1	2	1	1	1	0	2	0	0	0	1	2	0	1	1	0	0	1	0	0	0	0	0	0	0	2	0	0	0	0	2	2	1	1	0	0	1	0	2	1	1	1	1	1	2	0	1	0	0	0	0	1	0	2	0	0	0	1	1	1	1	1	0	1	1	4	1	2	1	4	3	4	0	3	0	0	1	1	1	0	1	0	2	1	0	0	1	1	2	4	1	1	2	0	1	1	3	0	0	1	0	0
0	0	0	0	0	0	0	0	1	0	0	1	0	0	0	0	1	1	1	1	1	0	1	0	0	0	0	0	1	0	1	0	0	0	0	0	0	1	2	0	0	1	1	0	1	0	0	1	0	0	0	0	0	2	0	0	3	0	1	0	1	1	0	0	1	0	0	0	1	1	0	0	2	0	0	1	1	0	0	1	0	0	0	1	3	1	1	2	0	0	0	1	2	0	1	3	1	0	3	0	0	1	0	0	1	0	1	1	0	0	0	0	1	1	1	0	0	0	0	0	0	0	0	1	1	1	0	0	2	2	1	0	2	0	0	0	2	0	0	1	1	0	1	3	0	1	0	2	1	0	3	6	14	13	17	11	11	16	8	17	42	10	3	6	1	0	3	1	1	0	1	2	0	1	3	1	1	0	0	0	1	1	2	0	0	0	4	8	4	3	3	4	1	1	6	3	3	10	4	9	8	26	11	2	6	0	0	4	3	3	1	0	8	4	1	1	0	5	3	1	8	6	24	16	9	10	5	3	0	2	3	3	1	2	3	2	1	2	1	1	2	0	2	2	2	3	14	8	3	3	6	14	12	15	15	5	1	4	3	1	6	2	2	7	7	3	3	1	1	0	1	0	0	1	2	0	1	0	0	0	0	0	0	0	1	0	0	0	0	1	0	1	0	0	0	1	1	0	1	0	4	1	1	1	1	0	1	1	0	1	0	0	0	0	1	0	0	0	2	2	2	5	5	16	81	53	0	54	16	10	16	10	0	3	4	3	5	3	0	2	0	1	0	1	0	0	0	0	1	1	1	1	3	0	0	1	1	2	1	0	0	1	1	0	1	0	1	1	0	2	1	1	0	0	0	0	0	1	0	2	2	2	1	0	0	0	0	0	1	0	0	1	1	0	0	1	1	0	0	0	0	0	1	0	0	1	0	0	1	0	2	1	2	1	0	1	1	1	1	0	1	0	0	0	0	0	2	2	0	0	1	0	0	0	0	1	0	0	1	1	1	0	0	2	2	1	0	3	0	0	3	4	3	3	0	0	2	2	2	2	1	2	2	3	1	1	3	0	0	0	1	1	1	0	4	4	2	1	1	1	1	1	0	0	0	2	0	3	1
0	0	0	0	0	0	0	0	0	0	0	0	2	1	1	1	1	0	1	2	0	0	0	0	0	0	0	0	1	0	0	0	0	0	0	0	1	0	0	0	0	0	1	0	2	0	1	1	1	0	0	1	1	0	1	1	0	0	0	0	0	0	1	0	0	0	0	0	0	0	0	0	1	0	1	1	0	0	0	0	0	0	1	0	0	1	0	0	1	1	1	2	2	0	1	3	1	0	1	0	1	2	1	0	1	1	1	1	0	0	0	0	1	3	1	0	1	1	0	0	0	1	1	0	1	0	1	0	1	1	0	1	0	0	0	0	0	0	0	1	0	0	0	0	1	2	0	2	3	4	7	16	31	34	24	16	9	40	24	16	27	13	4	6	2	0	2	2	1	0	1	0	1	0	0	1	0	0	0	1	2	1	1	1	0	2	3	7	3	2	5	1	3	1	0	1	1	5	2	5	6	8	5	6	0	2	2	4	2	4	3	1	5	1	3	2	2	2	0	3	10	5	9	8	6	2	2	2	4	1	1	3	3	0	0	1	1	2	1	1	1	2	1	1	0	2	3	0	2	2	5	6	14	7	1	2	5	3	1	1	3	0	5	7	5	2	1	1	1	0	1	2	0	1	1	1	1	0	1	1	0	0	1	1	1	0	0	1	0	0	0	0	0	1	0	4	0	2	1	0	0	1	3	1	2	0	0	1	0	0	0	0	2	2	0	1	0	0	1	3	3	7	1	5	11	8	54	0	33	12	13	6	6	5	1	2	1	0	1	2	1	1	2	0	1	0	0	0	0	2	1	1	0	0	1	1	1	0	2	1	0	1	0	1	0	0	0	1	3	0	1	0	1	0	0	1	1	0	0	0	1	0	1	1	1	2	0	0	2	0	0	0	0	1	1	1	1	0	0	0	0	1	0	1	1	1	1	0	0	0	0	1	0	0	1	1	0	0	1	0	0	1	0	0	3	1	0	0	2	0	1	1	0	0	0	0	0	1	1	0	1	0	0	0	1	1	0	0	0	0	0	2	1	5	4	4	1	1	2	2	1	2	5	1	1	2	1	3	2	0	0	1	2	1	1	0	0	0	2	3	1	1	0	0	0	0	0	1	1
0	0	0	0	0	0	0	1	0	0	2	0	0	0	0	2	0	1	2	1	0	1	1	1	0	0	0	2	0	0	0	0	1	0	0	1	1	0	0	1	1	0	0	0	0	1	1	0	0	1	0	0	0	0	0	1	0	1	1	1	0	0	0	1	1	0	0	0	0	0	0	0	0	0	2	0	1	0	0	0	1	3	0	2	0	3	0	4	4	2	1	1	0	0	1	3	0	2	1	1	0	0	1	2	2	1	2	1	0	0	1	0	1	0	1	3	0	1	1	0	0	0	0	1	0	0	1	0	0	0	0	0	0	0	1	1	1	3	0	0	1	3	1	2	0	2	0	4	4	1	12	18	23	15	6	9	4	12	5	19	22	7	14	5	0	1	0	1	0	0	0	0	1	2	1	1	1	1	2	1	0	2	2	2	0	3	2	8	6	2	1	6	0	1	1	2	2	4	2	2	6	7	3	2	1	1	3	5	1	7	3	0	1	0	3	1	2	3	2	6	12	4	10	7	10	5	3	3	4	4	1	2	0	1	2	1	0	2	0	2	1	2	1	3	4	0	4	1	2	3	8	4	4	4	4	2	1	2	4	3	4	3	3	4	4	3	2	3	1	1	0	0	1	0	0	1	0	2	0	0	0	1	0	1	0	0	0	0	0	0	0	2	0	0	0	0	0	0	1	1	0	2	3	1	0	0	1	0	2	0	0	0	1	2	0	1	3	1	3	2	7	9	8	11	12	10	16	33	0	58	51	20	3	6	3	5	2	1	2	1	1	0	0	1	1	0	1	1	0	1	2	0	0	0	0	0	0	1	0	1	1	1	0	0	1	0	3	2	2	0	2	1	0	1	0	2	0	1	0	2	0	2	3	2	1	1	6	1	2	0	2	1	1	5	0	0	0	0	0	1	1	1	1	0	1	1	0	1	0	0	0	2	0	0	0	3	1	0	0	2	1	1	1	0	0	0	0	0	0	0	1	0	0	1	1	1	0	0	0	1	2	0	1	1	2	2	1	4	2	4	1	2	5	8	7	2	2	1	5	2	2	3	2	1	0	0	2	0	1	0	1	0	1	2	0	0	4	4	4	0	2	2	2	0	0	1	0	0	0
0	0	0	0	0	0	0	1	0	0	0	0	2	0	0	0	0	0	0	0	0	0	0	0	0	0	1	1	1	0	1	0	3	0	0	0	2	0	0	1	1	0	0	2	0	1	2	0	0	0	0	0	0	1	0	0	1	0	0	1	1	0	1	0	1	1	0	1	1	0	0	0	0	1	1	0	1	0	0	1	1	1	1	0	0	0	1	1	1	3	2	0	1	2	3	3	0	2	1	0	0	1	1	0	0	1	0	2	1	0	0	0	0	0	1	1	1	0	0	0	0	1	0	1	0	0	0	0	0	1	1	0	0	0	1	0	1	0	0	0	0	0	0	2	0	0	2	2	4	6	16	17	10	4	4	2	3	2	3	11	9	5	4	8	1	3	2	2	3	1	2	2	3	0	0	0	3	1	1	3	0	2	1	0	2	2	5	9	5	1	5	2	0	3	0	2	1	2	0	6	1	3	2	2	3	1	0	3	5	3	2	4	2	2	1	2	5	0	4	7	7	0	5	7	9	4	1	5	0	1	2	6	1	1	1	2	2	0	2	0	0	0	1	0	1	0	3	2	2	3	5	2	4	2	1	1	1	3	1	1	1	2	3	8	4	4	3	0	0	1	1	1	0	1	0	2	1	0	2	0	0	0	2	1	0	0	1	1	0	0	0	1	0	0	0	1	0	0	0	2	3	4	3	3	2	1	1	2	0	0	1	0	0	0	1	4	1	0	2	1	1	1	9	1	3	6	10	12	58	0	87	43	11	8	9	6	5	3	1	0	2	2	1	2	1	0	4	0	3	1	0	0	0	1	1	0	0	1	1	0	0	0	0	1	0	0	1	0	1	0	0	1	0	0	1	2	0	1	3	1	1	2	4	1	4	0	2	1	0	0	2	0	1	3	1	0	0	0	1	0	0	1	2	1	0	0	0	0	0	1	1	0	1	0	1	6	2	1	2	1	1	0	1	0	2	0	1	2	0	1	1	0	0	0	1	0	1	1	1	2	0	1	2	0	0	1	0	2	2	2	5	7	7	10	5	1	4	9	4	4	3	6	6	1	2	0	1	3	0	2	1	1	3	5	4	5	3	6	0	2	1	2	1	1	2	1	0	2	2
0	0	0	0	0	0	0	0	0	0	2	0	0	0	0	0	0	2	1	0	0	0	0	0	0	0	2	0	0	0	0	1	0	0	0	0	1	0	1	0	2	0	1	0	1	2	0	1	0	1	1	1	0	1	0	2	0	1	0	1	0	0	1	0	0	0	0	0	0	0	0	1	0	1	0	0	0	0	1	1	0	0	1	0	0	1	0	0	0	1	1	1	3	1	0	0	1	1	0	0	2	2	0	3	0	1	1	1	2	0	1	1	1	0	0	1	1	0	1	0	0	0	0	0	0	0	0	0	0	0	0	0	0	0	0	0	0	0	1	0	2	1	1	2	2	1	1	2	8	4	7	16	13	8	7	0	5	9	6	6	13	0	6	4	2	0	1	0	1	2	1	0	1	0	0	0	0	1	1	1	0	2	0	0	1	0	1	9	12	10	4	0	5	1	3	0	4	2	0	5	4	7	6	8	4	1	1	4	3	5	4	6	3	2	1	4	1	4	4	9	15	5	10	12	26	7	4	5	9	2	4	1	2	1	1	0	2	1	1	0	0	0	0	2	0	2	4	1	1	3	1	5	8	4	5	2	2	1	1	2	5	3	2	3	6	3	2	0	0	1	1	2	1	4	1	0	2	1	0	1	0	1	1	1	0	0	0	1	2	0	0	1	1	1	0	0	0	0	3	0	1	1	1	2	0	2	0	0	0	0	3	1	1	0	0	1	0	3	1	0	2	9	1	12	15	9	16	13	51	87	0	51	20	17	6	2	6	2	0	1	1	2	0	1	0	1	0	3	0	2	0	0	2	1	0	0	0	1	3	1	0	0	0	1	0	1	3	1	0	1	0	0	0	0	0	2	0	1	0	2	3	2	0	2	0	0	1	0	0	3	1	1	0	2	0	0	0	0	0	0	0	0	0	0	2	0	1	1	0	1	0	1	1	1	1	1	1	2	3	3	0	0	1	1	2	0	0	3	2	0	2	2	0	1	0	1	0	3	0	1	2	1	1	1	0	0	1	1	1	3	6	3	8	9	2	0	2	7	6	1	3	6	4	3	3	4	2	0	1	2	1	0	0	2	7	6	4	3	5	4	0	0	2	0	1	1	0	0	1
0	0	0	0	0	0	0	0	0	1	0	0	0	0	0	1	1	0	1	1	0	0	0	2	0	0	0	0	0	0	0	1	0	0	1	1	1	1	0	0	2	0	0	1	2	0	1	1	0	3	0	0	1	0	0	0	0	2	0	0	1	1	0	1	1	0	0	1	0	1	0	1	1	0	1	0	1	0	1	1	0	0	3	2	1	1	1	0	4	1	0	1	2	1	0	0	2	0	0	0	0	0	2	0	2	1	0	3	0	1	0	1	1	1	0	0	0	0	3	0	0	1	0	0	0	1	1	0	2	0	1	0	0	0	0	0	0	1	0	2	0	2	0	2	1	1	1	7	10	6	14	17	9	4	4	1	4	4	3	5	3	6	1	4	1	0	1	0	0	0	0	0	0	1	1	0	1	0	1	1	0	0	1	0	0	0	0	10	17	12	3	6	1	1	1	4	4	0	0	2	3	6	4	2	2	5	3	4	4	2	1	2	3	4	4	4	3	2	6	8	16	4	14	17	11	6	4	5	4	0	0	2	2	2	0	1	2	2	0	2	0	1	0	0	4	2	3	5	2	3	0	1	5	1	1	0	2	0	1	1	1	1	0	3	3	1	1	0	0	1	1	2	2	2	0	1	0	1	2	0	0	0	0	0	0	0	0	0	1	2	1	1	0	1	1	1	0	2	1	1	2	4	1	0	1	1	0	0	1	0	0	1	0	0	1	2	0	0	5	1	2	7	3	3	9	9	10	6	20	43	51	0	37	11	8	8	5	6	3	2	2	4	1	1	0	0	1	0	1	1	2	0	0	1	1	0	2	1	0	0	3	0	1	0	0	0	2	1	2	0	0	0	1	0	3	0	1	3	1	3	3	3	3	2	2	0	1	2	0	1	3	0	0	0	0	0	1	0	1	2	0	0	1	1	0	0	0	0	0	0	1	0	1	3	1	1	1	0	3	1	1	0	0	3	0	0	1	0	0	2	3	3	0	1	0	1	0	0	1	3	0	1	1	1	2	5	0	4	5	3	4	9	13	11	6	1	2	7	6	6	3	5	3	4	4	2	3	2	0	0	1	1	2	4	2	5	13	5	3	1	1	2	1	2	3	1	2	0	0
0	0	0	0	0	0	0	0	0	1	0	0	2	0	0	0	1	0	0	0	1	1	0	0	0	0	0	0	0	0	0	0	2	0	1	0	0	0	2	0	0	0	0	0	2	0	0	0	2	0	1	0	1	0	0	0	0	1	0	1	0	0	0	1	1	0	1	0	0	0	0	1	0	0	0	0	0	1	1	1	0	0	0	0	1	2	0	0	1	1	1	1	0	1	0	2	1	1	1	3	2	0	1	1	0	1	3	2	0	1	0	1	1	1	0	0	0	0	0	1	0	0	0	0	0	0	0	0	0	0	1	0	0	2	0	0	0	1	0	3	0	0	0	0	3	1	0	5	8	6	11	8	4	2	7	2	2	3	0	5	4	1	0	2	0	0	0	0	0	3	1	1	3	1	1	0	0	1	1	4	0	0	4	1	0	0	0	10	96	31	7	3	6	2	2	1	3	3	3	4	4	2	1	1	1	0	5	3	2	2	3	2	9	2	3	2	1	7	13	9	11	5	11	14	28	16	8	5	4	3	3	2	5	2	0	0	0	0	3	0	0	1	1	2	0	3	3	3	2	2	0	3	2	3	1	0	3	1	0	2	2	1	0	1	3	1	0	1	2	0	2	0	1	1	0	2	0	2	0	0	1	1	0	0	0	1	3	0	1	0	1	1	0	0	0	1	1	0	1	0	1	1	4	5	5	1	0	0	0	1	1	2	1	1	0	1	0	1	1	3	1	4	3	3	4	8	0	6	3	11	20	37	0	46	16	11	5	13	1	2	2	0	0	0	1	1	3	1	0	0	1	0	0	0	1	0	0	1	1	2	0	2	0	0	1	0	2	2	3	1	1	0	0	1	1	1	0	3	1	4	3	3	3	3	2	1	0	0	0	1	0	1	0	3	1	1	2	1	1	0	0	1	0	1	0	1	1	2	1	0	0	0	2	0	2	1	0	0	0	2	1	1	2	0	0	3	1	2	0	1	0	4	1	2	0	0	3	0	3	1	2	2	2	0	0	2	1	5	4	4	5	3	7	8	3	6	7	3	4	2	1	0	8	1	3	5	4	1	3	1	2	3	2	3	5	5	14	16	9	5	4	2	1	1	1	4	2	0	0
0	0	0	0	0	0	0	0	1	0	0	0	0	0	0	1	0	1	2	0	0	0	0	1	2	0	0	0	0	1	0	0	1	1	0	0	1	0	0	1	0	0	3	1	3	1	1	0	1	2	2	0	1	0	0	0	1	0	1	0	0	0	0	1	0	0	2	0	0	1	1	1	1	0	0	1	0	1	1	0	0	2	2	0	0	3	2	0	0	0	3	0	1	2	2	0	0	0	0	0	0	1	1	0	1	1	1	1	0	0	0	1	0	2	0	1	0	1	0	1	0	1	0	0	0	0	0	1	1	1	0	2	0	1	0	0	2	1	1	1	0	2	0	1	3	1	1	2	1	2	6	5	5	1	5	3	2	3	4	2	4	1	5	3	1	1	0	0	0	1	1	2	1	1	1	0	2	0	0	1	1	0	1	3	0	1	5	35	47	8	0	4	1	2	3	0	0	5	0	4	2	2	3	2	3	1	1	2	2	2	2	5	1	2	3	3	1	2	5	8	3	7	9	8	22	13	8	4	5	3	1	5	1	2	3	3	0	1	1	1	1	1	1	1	0	1	5	2	3	1	2	4	2	3	3	2	2	0	2	4	4	1	2	3	9	5	0	1	3	2	3	2	2	0	1	1	0	1	0	1	0	1	0	0	0	1	1	0	0	2	1	0	2	0	0	1	0	0	1	3	1	3	1	5	1	2	1	0	0	1	0	0	1	3	2	1	1	2	2	1	0	9	4	11	4	4	3	5	6	8	17	11	46	0	46	15	17	10	2	2	2	1	0	4	3	3	2	0	0	1	1	1	2	0	2	1	0	0	0	0	2	2	1	0	1	2	1	2	2	1	1	2	2	1	0	0	0	1	1	3	2	3	3	0	0	0	1	5	0	1	0	2	0	0	0	1	0	2	0	1	2	0	1	0	0	0	0	0	2	0	1	0	1	4	2	2	1	1	3	2	1	0	0	1	0	2	0	5	5	0	0	0	0	1	0	4	1	2	0	1	3	0	1	2	1	1	3	2	0	4	4	5	12	14	12	8	5	8	6	3	2	2	3	4	2	2	2	3	2	0	3	5	7	9	7	12	4	15	13	4	2	4	3	2	1	2	1	1	1
0	0	0	0	0	0	0	2	1	0	0	0	0	0	0	1	0	0	0	0	0	0	0	0	0	0	1	1	1	0	0	0	0	0	0	0	0	0	1	1	0	0	1	1	0	1	0	1	0	0	2	0	1	1	0	1	0	0	0	0	0	0	1	0	0	0	0	1	0	0	1	0	0	0	0	1	0	1	0	0	0	2	2	1	0	1	1	1	3	0	1	0	0	0	0	1	0	0	0	0	1	0	0	0	0	0	0	0	0	0	0	1	0	0	0	0	0	0	0	1	0	1	0	0	0	0	0	0	0	1	0	0	1	0	0	0	0	0	0	0	0	0	1	0	1	0	0	3	3	2	2	2	0	3	2	2	1	3	0	4	3	1	4	2	2	1	2	1	0	0	0	1	5	2	0	2	2	0	0	1	2	1	2	0	2	0	1	20	14	3	0	4	2	2	1	0	3	3	1	3	1	6	2	2	1	2	1	2	0	0	0	1	1	1	1	3	3	4	3	1	3	1	5	6	19	14	7	4	1	0	1	3	5	2	1	1	1	1	0	1	1	0	0	2	2	1	3	1	1	0	1	0	3	0	2	1	1	1	1	2	3	1	1	4	4	1	2	0	1	2	1	1	2	0	5	0	0	1	2	2	0	2	1	0	0	0	3	0	2	1	1	1	2	1	1	1	2	1	0	0	2	2	2	3	1	2	1	0	0	0	2	1	3	0	3	0	2	1	2	1	1	2	6	4	2	1	4	1	3	9	6	8	16	46	0	40	15	13	4	13	4	2	2	2	1	1	3	2	0	0	2	2	1	0	3	2	2	2	0	2	1	3	1	2	0	0	1	0	2	4	1	3	0	1	1	0	1	1	1	3	3	4	5	0	3	0	0	0	0	0	0	1	0	1	0	1	0	0	0	0	1	0	1	1	1	1	0	0	3	1	1	1	3	0	2	2	6	0	2	5	1	0	0	1	0	2	1	2	2	2	0	3	2	1	1	1	0	1	2	3	1	1	5	2	2	3	1	2	2	5	3	6	4	14	5	3	8	12	5	0	1	4	6	1	0	4	2	5	3	4	3	1	10	7	17	10	10	15	16	6	6	3	3	3	2	1	0	0	2
0	0	0	0	0	0	0	0	0	0	1	0	0	0	0	1	1	0	0	1	0	0	0	1	0	0	2	0	0	0	0	0	0	0	0	0	2	0	1	1	1	0	3	2	1	3	2	0	0	1	1	0	0	0	1	0	2	1	0	0	1	0	1	0	0	1	1	0	0	0	0	1	1	0	0	0	0	1	0	1	1	0	2	0	0	0	2	3	1	1	0	0	1	1	0	1	1	0	0	0	0	0	0	0	0	0	0	1	0	1	2	0	1	0	0	1	0	1	0	0	0	0	0	0	0	0	0	0	0	0	0	1	1	1	0	0	2	0	0	0	2	2	2	0	2	1	1	4	1	1	3	3	1	2	0	2	2	3	1	0	1	0	3	1	1	2	0	0	1	0	0	2	4	1	0	0	1	1	0	1	0	1	0	0	1	1	2	5	19	11	5	2	0	4	1	2	4	5	1	3	1	1	1	1	0	2	3	0	2	1	1	1	1	0	2	3	3	4	3	8	1	2	2	11	12	8	10	8	2	4	2	2	1	2	1	1	1	1	0	1	1	0	1	0	1	3	2	1	0	2	0	3	1	2	0	1	2	0	4	1	2	1	2	2	3	3	1	0	1	0	2	1	2	2	1	2	2	0	2	1	0	0	0	0	2	1	1	1	1	0	0	0	0	0	0	0	1	2	0	2	1	1	0	0	1	2	0	0	2	0	0	0	0	0	0	1	4	0	0	1	1	3	3	6	3	3	3	2	5	6	2	8	11	15	40	0	110	79	16	14	2	4	3	5	5	1	1	2	1	1	1	3	0	0	0	3	1	2	0	0	1	1	1	3	1	2	1	1	1	0	2	3	0	0	3	3	0	3	1	3	1	4	1	2	2	1	0	1	2	0	0	0	2	1	1	0	0	0	2	0	1	1	3	0	1	2	1	0	1	1	1	1	0	3	5	3	2	3	3	1	2	0	1	0	0	0	1	1	0	1	2	3	2	1	4	0	1	3	0	2	2	3	1	0	1	6	6	6	5	3	1	3	4	8	1	4	6	0	2	3	1	6	7	3	3	4	4	3	4	3	2	5	3	8	11	9	14	20	23	12	9	9	1	0	1	2	1	0	0
0	0	0	0	0	0	0	0	0	0	0	0	1	0	1	0	0	0	0	0	0	0	1	0	0	0	0	0	1	0	1	0	1	0	0	0	1	0	0	0	0	1	1	1	0	0	3	0	1	4	1	2	0	0	1	0	1	1	0	2	1	0	0	1	0	1	0	1	0	0	1	0	1	0	0	0	2	0	1	2	0	1	1	1	0	1	0	1	1	0	1	1	2	1	1	1	0	2	3	0	3	0	0	1	0	0	1	0	1	0	1	0	0	0	1	0	1	0	0	0	0	0	0	0	0	0	1	0	0	0	0	0	0	0	0	0	1	0	0	0	1	1	0	1	1	2	1	1	0	0	2	2	3	0	0	1	2	6	2	5	0	1	4	3	1	0	1	2	1	1	0	0	2	2	3	0	2	2	0	0	0	1	1	0	1	3	3	12	12	4	6	4	2	1	1	1	0	1	1	3	4	2	1	0	0	0	2	0	0	3	1	1	0	0	3	3	7	4	5	4	3	4	1	2	7	6	4	3	3	2	1	0	1	2	1	0	0	1	0	0	2	0	1	0	0	0	0	2	0	0	0	0	3	2	1	0	0	0	0	4	0	0	2	2	0	3	2	3	2	1	1	1	0	2	3	2	1	0	0	1	1	1	2	0	2	1	0	0	1	1	1	1	2	2	1	1	1	1	1	2	0	2	5	1	2	0	0	1	1	1	1	2	0	0	2	1	0	0	1	1	3	1	1	1	1	2	5	1	2	5	6	5	5	17	15	110	0	36	17	13	7	5	2	7	2	5	3	1	2	2	1	0	0	0	0	1	1	1	2	1	1	2	0	1	2	2	2	3	8	2	1	1	3	2	2	2	0	2	4	3	5	3	2	3	1	1	1	0	2	0	0	0	2	2	0	2	1	0	4	0	3	2	1	0	2	1	0	0	1	0	0	0	2	2	3	3	1	1	0	1	2	0	0	0	1	1	0	4	7	1	3	3	3	1	0	2	2	3	4	2	3	1	2	2	2	5	2	7	4	5	5	3	3	8	3	1	3	3	4	6	6	2	3	6	7	5	4	5	6	2	3	4	5	10	18	21	11	26	77	32	15	9	5	4	6	1	1	5	1
0	0	0	0	0	0	0	0	0	0	0	0	0	0	0	0	0	0	0	0	1	0	0	0	1	1	0	0	1	0	0	0	0	0	1	2	0	2	0	0	0	1	1	0	0	1	1	0	0	0	1	0	0	0	1	1	0	0	0	1	0	0	0	0	0	0	0	0	0	1	0	0	1	0	1	0	1	0	0	1	0	0	1	2	1	1	1	2	2	4	0	1	3	0	0	1	1	0	0	1	0	1	0	2	1	0	1	0	0	0	0	0	1	0	1	0	1	0	0	1	0	0	0	0	0	0	0	0	0	0	0	0	0	1	1	2	0	0	0	1	0	1	0	0	0	1	2	4	1	0	2	2	2	1	0	2	1	3	1	0	1	0	1	0	0	0	0	0	0	0	1	1	0	1	0	0	1	0	0	0	0	0	2	3	0	1	0	6	9	10	3	1	1	0	2	4	1	2	2	5	3	0	3	0	4	0	0	1	0	0	3	1	1	1	2	2	1	2	1	0	2	1	0	6	10	6	6	2	2	4	2	1	2	1	2	1	0	1	1	1	1	0	0	1	2	0	1	2	0	0	2	0	1	2	3	1	0	0	2	3	3	1	0	0	2	1	1	2	2	0	2	1	2	1	2	1	1	1	1	1	2	0	1	0	0	4	1	3	0	0	1	2	1	1	0	0	0	1	0	5	3	1	1	1	2	0	1	0	1	0	0	0	0	0	0	2	2	1	2	2	0	0	0	4	1	4	3	0	1	3	2	6	13	10	13	79	36	0	43	52	13	5	5	9	5	4	3	4	2	3	4	0	1	1	0	0	3	3	0	3	1	5	2	0	2	0	1	1	4	2	2	1	0	1	1	3	0	0	2	1	0	0	1	0	0	0	1	1	0	2	1	1	0	2	1	1	0	1	0	0	0	0	0	0	0	1	1	0	1	1	0	0	1	0	2	2	2	3	3	2	1	0	1	1	0	3	1	1	1	2	0	1	0	0	2	1	4	0	3	2	6	2	6	3	3	7	7	5	7	4	6	1	3	3	3	3	1	5	3	5	0	3	1	0	1	0	1	5	3	5	7	1	6	8	7	5	7	9	20	15	8	5	8	3	2	3	1	1	2
0	0	0	0	0	0	0	1	1	0	0	0	1	0	0	0	0	1	0	0	0	0	0	2	0	1	0	0	0	1	0	0	0	1	1	0	0	1	0	0	0	0	0	2	1	1	0	0	0	1	3	3	0	0	0	1	1	0	1	1	2	0	0	0	0	0	0	0	1	1	2	0	1	1	0	0	0	1	0	1	0	0	0	1	0	0	0	2	0	0	0	1	0	0	0	1	1	1	0	0	0	1	0	0	0	0	0	0	0	0	0	0	1	0	0	1	1	0	0	0	2	0	0	0	0	2	1	0	0	0	0	0	0	0	0	0	0	0	0	1	0	2	0	0	1	0	1	2	0	1	0	2	1	1	0	3	1	1	1	1	1	1	0	2	0	1	0	0	1	1	1	1	1	1	0	0	2	0	0	3	2	0	0	1	1	0	0	4	8	7	2	3	2	0	2	3	1	1	2	2	2	0	2	1	0	1	0	2	0	2	1	0	0	2	2	2	0	5	0	1	5	0	4	4	6	3	5	0	1	1	4	1	0	1	3	0	1	1	2	1	1	0	1	2	1	2	1	2	0	0	0	2	1	1	0	2	0	1	1	0	0	0	0	2	1	1	3	2	1	0	1	2	0	1	0	1	1	0	0	3	0	0	1	1	0	0	2	0	1	1	2	2	4	0	1	0	1	3	0	1	1	2	1	0	3	0	0	1	0	0	0	0	0	0	1	0	0	0	0	0	0	1	1	1	2	2	0	1	2	1	0	3	1	2	4	16	17	43	0	268	52	19	15	26	6	6	2	4	5	5	1	4	2	0	2	3	2	3	6	2	1	3	0	0	1	1	2	0	3	3	3	2	1	0	0	0	0	1	1	4	2	1	3	1	2	3	1	2	0	0	0	0	1	1	0	0	0	0	0	0	0	1	1	0	1	1	1	2	0	1	0	1	0	1	1	0	0	0	5	0	0	1	0	0	0	0	0	0	5	0	2	0	0	1	3	1	2	2	3	3	2	4	2	4	1	2	3	2	3	2	6	3	4	2	2	2	1	3	1	2	3	3	2	1	4	2	1	2	3	5	4	4	3	0	4	4	3	2	11	6	16	8	11	9	1	4	7	1	3
0	0	0	0	0	0	0	0	0	0	0	0	0	0	0	0	0	0	0	1	2	1	0	0	1	2	0	0	0	1	0	0	0	0	0	0	0	0	0	1	0	0	0	0	0	0	0	1	1	0	0	0	1	0	0	0	0	1	0	1	0	0	1	0	0	0	0	0	1	0	0	0	0	0	0	0	0	0	0	1	0	0	0	0	1	0	0	2	2	2	1	1	1	0	1	0	0	0	1	1	1	1	2	0	0	0	1	0	0	0	0	1	1	0	1	0	0	0	1	0	0	1	0	0	0	0	0	0	0	0	0	0	0	1	0	0	0	1	0	1	0	1	0	0	2	1	2	2	3	0	0	2	2	1	0	0	0	0	1	1	1	2	1	1	2	0	0	1	1	0	3	2	1	2	0	0	2	0	0	0	1	0	0	4	3	0	0	3	2	4	1	1	2	1	3	0	2	0	0	2	1	0	2	3	0	1	2	0	0	2	0	2	2	1	0	2	3	0	5	0	2	0	6	1	1	3	2	8	0	6	4	0	1	6	2	2	4	2	3	0	1	2	1	0	1	0	2	2	2	0	0	0	0	0	1	0	0	1	0	2	1	0	1	1	1	1	1	0	0	1	1	2	0	1	2	0	0	0	1	0	0	1	0	0	0	2	1	2	1	1	3	0	1	0	0	1	0	1	4	0	1	1	0	0	1	1	0	0	0	2	0	0	0	0	0	1	2	1	0	1	0	0	1	2	2	5	2	2	1	0	1	2	2	2	13	14	13	52	268	0	39	17	14	15	7	10	4	1	2	3	1	3	2	1	1	3	1	2	1	4	2	0	1	0	1	2	0	1	1	3	1	0	1	1	1	1	0	2	1	2	1	1	1	1	1	3	1	0	0	2	0	1	0	0	0	0	1	0	0	1	1	0	0	1	1	1	0	0	1	2	0	1	4	2	1	1	4	0	1	1	0	0	0	0	0	0	0	3	2	0	3	0	1	0	1	2	3	1	3	5	4	6	4	1	1	2	3	2	0	3	3	1	2	1	2	0	3	2	2	3	0	2	4	2	0	2	5	4	3	4	7	2	5	0	4	4	2	8	6	9	13	8	8	1	5	3	4	2	2
0	0	0	0	0	0	0	0	0	1	0	0	0	0	0	0	0	1	0	0	0	1	0	0	0	0	0	0	0	0	0	0	0	0	0	0	0	0	0	0	0	1	0	0	1	0	2	1	1	0	0	1	2	0	0	1	1	0	2	0	0	1	0	0	0	0	1	1	0	1	0	0	0	0	0	0	0	1	1	1	2	1	1	0	0	0	0	2	2	0	0	0	0	0	0	0	1	0	1	0	0	0	0	0	1	0	0	0	0	0	1	0	0	0	0	0	0	0	1	0	1	0	0	0	0	1	0	0	0	0	0	0	0	0	0	0	0	1	1	0	0	0	2	0	2	0	2	1	1	0	2	1	1	0	1	0	1	0	2	1	2	0	0	0	0	1	0	0	1	0	2	0	1	0	0	0	1	1	0	0	0	0	0	0	0	0	1	5	5	2	0	1	0	0	1	1	1	0	2	0	1	1	2	1	0	1	1	0	1	2	1	0	0	0	0	0	1	0	1	0	1	0	0	2	1	3	0	2	4	1	2	3	2	1	2	0	1	0	1	1	1	0	0	0	1	2	0	0	0	0	3	0	1	0	1	2	1	1	1	1	2	0	0	1	3	1	2	0	1	1	0	1	1	1	2	1	0	0	1	0	2	0	1	0	1	0	1	2	2	2	1	3	3	0	2	1	1	0	1	2	2	0	1	0	1	3	2	1	1	1	0	1	1	0	1	1	0	1	1	1	0	1	2	2	0	0	0	1	1	2	1	2	2	2	4	2	7	13	52	39	0	62	35	47	14	15	10	5	9	4	3	3	3	4	4	4	7	2	2	3	2	5	1	2	0	2	2	2	2	2	0	1	3	1	2	1	0	0	0	0	0	1	0	0	0	0	0	1	2	0	0	0	1	0	0	0	0	0	2	2	1	3	0	1	0	0	0	1	0	0	0	0	0	1	3	3	1	0	1	0	1	0	0	1	0	0	0	0	0	3	1	1	1	1	0	4	2	3	4	3	4	5	3	2	4	0	3	0	2	4	2	1	1	0	3	2	1	4	0	1	3	1	0	0	1	2	1	3	4	0	1	1	4	2	1	1	1	5	5	7	19	13	24	11	3	4	2	3	5
0	0	0	0	0	0	0	0	0	0	0	0	0	0	1	0	1	0	0	1	1	0	0	0	1	1	0	1	0	0	1	0	0	0	0	0	0	0	1	0	0	0	1	0	1	0	1	1	2	2	0	0	0	1	1	0	0	2	0	0	0	0	0	0	0	0	0	1	1	0	0	0	0	0	0	0	0	0	2	0	0	0	0	2	1	0	0	0	0	0	2	0	0	0	0	0	0	0	0	0	2	0	1	0	0	0	0	1	0	0	0	0	0	0	0	0	0	0	1	0	0	0	0	0	1	0	0	0	1	0	0	1	0	0	0	0	0	0	0	0	1	1	0	0	0	0	1	1	1	0	1	1	0	1	0	0	1	0	0	0	0	0	2	0	0	1	1	0	0	0	0	1	1	1	0	2	2	0	1	0	1	0	0	0	0	1	2	3	4	0	1	2	2	1	2	0	1	1	0	1	1	2	1	0	0	0	0	0	1	1	1	0	2	1	0	2	0	2	3	2	3	4	0	1	2	2	2	0	1	2	2	3	1	0	1	1	2	2	0	1	0	0	2	1	1	2	1	1	0	0	0	1	0	1	0	2	0	1	0	0	2	0	0	0	1	1	0	2	2	0	0	1	3	0	0	0	0	2	1	1	1	2	1	1	0	1	1	2	2	1	3	2	1	2	1	1	2	0	1	1	1	1	0	0	0	0	0	0	0	0	0	1	0	1	0	0	0	1	2	0	0	1	1	0	2	2	1	1	0	2	2	4	0	1	2	4	5	5	19	17	62	0	60	22	14	7	8	7	4	3	2	6	2	7	1	3	0	2	3	2	4	2	2	0	0	0	1	0	2	1	0	0	0	0	0	2	2	0	0	0	2	0	1	0	2	0	0	0	0	1	0	0	1	1	1	0	3	0	1	1	0	0	0	0	1	1	1	2	0	0	0	0	0	2	1	1	1	0	0	0	0	1	1	0	1	0	0	1	2	1	1	2	1	2	0	2	3	0	0	3	0	4	1	2	3	0	2	2	3	3	1	1	1	1	1	0	0	0	1	2	1	2	0	0	1	1	0	1	6	2	3	2	4	0	2	1	3	2	2	3	8	11	16	2	2	3	3	5	5
0	0	0	0	0	0	0	0	0	0	0	0	0	1	1	0	0	1	0	1	0	0	0	1	0	0	0	0	0	0	0	0	0	0	0	0	0	0	0	0	1	0	0	0	0	0	1	1	0	0	0	2	0	1	0	0	0	1	0	0	0	1	1	0	0	0	0	0	1	1	0	1	0	0	1	1	0	1	0	0	0	0	2	0	0	1	1	2	0	0	1	2	0	0	0	0	0	0	0	0	2	0	0	0	1	0	1	0	0	1	0	0	0	1	0	0	1	0	0	0	0	0	0	0	0	0	0	1	0	0	0	0	0	0	0	0	1	0	0	0	0	0	0	2	1	0	1	0	0	0	2	1	0	0	1	0	0	1	1	0	1	0	0	0	0	0	0	0	0	0	1	2	1	1	0	0	0	1	0	0	1	1	0	1	0	1	1	1	2	1	1	1	1	1	1	2	3	3	1	0	1	0	2	0	1	1	3	1	2	2	0	0	0	0	1	0	1	4	2	1	0	0	0	2	0	4	1	0	2	3	1	1	2	1	1	2	2	0	3	0	1	1	0	2	0	2	1	1	1	1	0	1	1	0	1	0	0	0	1	3	0	1	1	0	1	2	2	2	0	0	1	0	1	0	1	1	0	0	0	1	0	0	0	1	2	1	2	1	1	0	0	2	2	2	1	0	1	1	0	0	0	1	0	0	1	1	1	0	1	0	0	0	0	0	0	0	1	0	0	0	2	3	0	0	0	2	0	2	0	1	0	1	0	0	2	3	2	5	15	14	35	60	0	93	27	14	11	3	8	5	5	5	2	3	0	1	4	4	2	0	5	1	2	0	1	0	1	1	1	1	1	2	1	0	1	0	0	1	1	3	1	2	1	1	1	1	1	0	0	0	1	0	1	0	1	0	1	0	0	0	0	0	0	1	1	1	4	0	0	0	2	0	0	2	0	2	0	0	2	0	1	0	1	1	0	2	0	1	0	1	0	1	1	1	2	0	2	3	3	4	3	1	0	0	3	0	0	2	0	3	0	1	1	0	1	0	1	0	2	1	0	3	1	0	3	0	2	2	4	3	0	2	4	2	0	1	2	3	0	0	8	11	4	10	4	0	3	7	7
0	0	0	0	0	0	0	0	0	0	1	0	0	0	1	0	0	0	0	0	0	1	1	0	0	0	1	0	0	0	0	0	0	0	2	1	0	0	0	0	0	0	0	0	0	0	1	2	0	0	0	0	0	1	3	2	0	0	0	0	0	0	0	0	0	0	0	2	0	1	1	0	0	0	0	2	0	0	0	1	2	1	1	0	0	0	1	3	1	0	0	0	1	0	0	0	1	0	2	1	0	0	0	1	0	0	0	0	0	0	0	1	1	0	0	0	0	0	1	1	0	1	0	1	0	1	0	0	0	0	0	2	0	1	0	0	2	1	0	0	0	1	0	1	1	0	0	1	2	0	0	3	0	1	0	0	0	0	2	0	3	1	0	0	0	0	0	1	0	0	0	1	0	1	1	0	0	1	1	1	0	0	0	0	0	1	0	1	3	2	3	2	0	1	2	0	1	2	0	0	0	1	0	3	1	1	1	2	0	1	0	2	0	0	1	0	1	4	5	4	2	3	1	2	1	3	2	2	4	0	1	6	2	1	0	0	0	0	2	1	0	0	0	1	0	1	0	1	0	0	1	0	1	2	0	0	0	0	1	1	0	3	0	0	0	2	2	0	0	1	2	2	1	0	1	0	0	0	1	0	1	0	0	0	0	1	0	1	0	1	0	0	3	0	0	1	2	3	1	2	1	1	0	0	1	1	0	0	0	0	1	0	0	0	0	0	0	0	3	0	1	0	1	1	1	0	1	0	1	2	1	1	0	4	2	5	7	9	26	15	47	22	93	0	31	14	7	8	7	7	6	4	5	1	2	0	2	3	0	3	1	5	2	1	0	0	0	0	4	3	0	1	0	2	0	1	0	0	2	1	1	3	0	0	1	2	0	2	0	0	0	0	0	0	1	1	0	1	1	3	0	2	0	0	1	0	0	1	1	1	0	1	1	1	2	0	1	1	0	2	0	0	2	0	1	1	0	1	1	0	0	1	4	1	0	2	1	0	1	7	7	3	3	2	4	1	2	3	2	1	4	1	0	1	1	2	0	4	4	1	0	0	2	1	1	3	1	3	7	5	4	3	3	1	3	2	3	2	5	7	8	35	35	13	2	4	4	5	9
0	0	0	0	0	0	0	0	0	2	1	1	0	0	0	0	0	0	0	0	0	0	1	0	0	0	0	0	0	1	0	0	0	0	0	0	0	0	0	0	1	0	0	0	1	0	0	2	2	1	0	0	1	0	0	0	0	1	0	0	0	0	0	0	0	0	0	0	0	0	0	0	0	1	0	0	0	0	0	2	0	1	0	0	0	2	0	0	0	0	1	1	1	0	0	0	1	0	0	1	0	0	0	1	0	1	2	1	0	0	0	0	0	1	0	1	0	0	0	0	0	0	0	0	0	1	0	0	0	0	0	0	1	0	0	1	0	0	1	0	1	0	0	0	0	3	2	2	1	0	0	0	0	0	0	0	0	1	0	0	0	3	2	1	0	0	1	0	3	0	1	0	0	0	1	1	0	0	1	1	0	0	0	0	0	1	0	2	2	0	1	2	2	0	0	0	0	1	0	0	0	1	1	1	0	0	1	0	0	1	0	0	0	0	0	0	0	0	2	0	0	0	0	2	3	1	3	1	0	0	0	2	0	1	1	1	0	1	0	0	0	0	0	3	0	0	0	0	0	1	0	0	0	0	0	2	1	0	1	1	0	0	0	1	0	2	1	0	2	1	0	0	1	0	2	1	0	0	1	0	0	0	2	0	2	2	0	1	0	2	4	1	3	2	3	1	2	2	1	1	0	2	1	3	2	0	1	0	0	0	1	1	1	1	0	0	1	1	0	0	0	0	0	0	1	0	0	1	1	1	0	0	1	3	1	5	2	5	6	7	14	14	27	31	0	117	13	9	6	8	16	6	4	5	4	4	2	2	3	0	1	3	1	0	3	3	4	4	1	1	2	0	1	0	2	3	1	0	3	2	0	0	0	0	0	0	0	1	2	0	0	2	0	0	1	0	0	0	0	0	0	0	0	0	2	1	1	1	0	2	0	1	0	1	0	1	1	1	1	0	0	0	3	1	0	0	1	0	1	1	4	2	3	1	2	3	1	5	2	6	5	5	4	6	4	1	2	2	1	1	3	0	1	1	3	1	0	0	0	2	0	0	2	0	3	3	2	0	8	4	3	4	1	2	2	1	2	0	1	4	6	10	18	11	9	5	7	13	18
0	0	0	0	0	0	0	0	0	1	0	0	0	0	1	0	0	0	0	0	0	0	1	1	0	0	0	0	1	0	0	0	0	0	1	0	0	1	1	0	1	1	0	1	1	0	0	0	0	1	1	0	0	0	0	1	0	0	0	1	0	0	0	0	1	1	1	0	1	0	0	0	0	0	0	0	0	0	0	0	0	0	0	0	1	1	1	0	1	0	0	0	0	0	0	0	0	0	2	0	0	0	0	0	0	0	0	0	0	0	0	0	0	0	0	1	1	0	0	0	0	0	0	0	0	0	0	0	1	0	1	0	0	0	0	0	0	0	0	1	0	0	0	1	2	0	2	2	0	0	1	0	0	0	0	0	0	0	0	2	0	1	3	1	0	1	2	0	2	0	0	2	0	0	0	1	0	2	1	1	0	1	0	1	0	1	1	0	0	2	2	1	1	1	1	0	1	1	0	1	1	0	2	0	1	1	0	0	2	2	1	1	0	0	0	0	0	2	1	2	1	1	1	0	4	1	1	3	1	2	1	1	0	2	1	0	0	0	0	0	1	0	1	1	0	0	0	0	0	0	1	1	0	0	0	1	1	0	2	1	1	0	0	0	0	1	2	2	1	3	0	0	0	3	0	0	5	2	1	0	1	0	0	1	1	1	2	0	3	1	0	3	2	1	0	1	0	3	1	3	3	2	0	0	0	3	1	0	1	0	0	0	1	0	1	1	1	1	1	0	1	0	0	1	2	0	0	0	0	0	1	0	1	3	1	1	5	4	6	10	15	7	14	14	117	0	38	13	16	26	22	10	9	6	1	3	7	4	3	3	8	3	1	2	3	3	2	1	2	3	3	2	0	1	2	0	2	0	0	2	2	0	0	0	1	0	0	0	1	0	0	0	0	2	0	1	0	2	0	0	1	1	1	0	1	0	1	0	0	0	1	1	1	2	4	0	2	0	1	2	1	0	1	0	1	1	0	3	1	1	3	5	1	1	3	1	1	2	7	3	6	7	1	1	2	3	0	3	2	0	1	1	0	0	2	4	2	3	1	0	1	0	2	0	2	0	4	2	6	2	4	4	5	3	3	3	2	2	1	1	6	13	27	14	5	4	3	10	20
0	0	0	0	0	0	0	0	0	0	1	0	0	0	1	0	0	0	0	0	0	0	0	0	0	0	1	0	1	0	0	0	0	0	0	1	1	0	0	0	0	1	0	0	0	0	0	2	0	1	0	2	0	2	0	0	0	1	0	0	0	0	0	0	1	0	0	0	0	0	1	0	0	0	0	0	1	0	1	0	0	0	0	0	2	0	0	0	2	2	0	0	0	1	0	0	0	0	0	0	0	0	0	0	0	0	0	0	2	0	0	0	1	0	0	0	0	0	0	0	0	0	0	0	0	0	1	0	0	0	0	0	0	0	0	1	1	0	2	0	0	0	0	0	0	0	0	0	2	0	0	3	1	0	0	0	1	0	2	2	0	1	0	3	2	0	1	2	0	0	0	2	2	1	0	0	0	1	0	1	1	1	1	3	1	1	1	1	2	0	2	1	0	0	1	0	0	0	0	0	0	0	1	1	0	0	0	0	0	0	0	0	1	1	0	0	0	1	2	0	1	1	1	1	0	1	2	0	0	1	4	1	0	1	1	1	1	0	1	0	2	0	0	0	1	1	0	0	1	1	1	1	2	1	0	2	1	0	2	0	0	0	2	0	3	0	0	1	1	3	1	2	2	2	3	2	0	4	0	0	1	0	0	1	1	2	1	2	1	1	1	4	1	6	1	2	0	2	1	1	3	0	2	0	0	0	0	0	0	1	1	0	0	0	0	2	0	1	0	0	0	1	0	0	0	0	0	0	1	4	0	1	3	2	3	1	3	3	2	4	10	8	11	7	13	38	0	43	34	24	15	31	34	18	7	3	9	6	3	5	5	1	2	3	2	3	1	0	1	0	2	2	1	0	0	1	2	2	1	3	1	1	0	0	0	0	1	1	1	1	0	0	1	0	1	1	0	1	1	0	0	0	2	1	1	1	1	0	1	0	0	1	1	2	2	1	1	0	1	1	1	2	0	0	2	0	0	2	2	0	4	1	1	2	2	5	1	0	5	3	3	1	3	1	1	1	0	1	0	0	2	0	1	1	3	1	3	0	2	0	0	2	1	1	2	1	3	2	2	2	4	4	2	5	2	0	2	0	3	2	6	10	8	6	2	0	4	1	9
0	0	0	0	0	0	0	0	0	0	0	0	0	0	0	0	0	0	0	0	0	0	1	0	1	0	0	0	0	0	0	1	1	0	0	0	1	0	1	0	0	1	2	0	0	0	1	0	0	0	1	0	0	0	0	1	0	0	0	0	0	0	0	0	1	0	0	0	1	0	0	0	0	0	0	0	0	1	0	0	0	0	0	0	1	1	0	0	0	0	0	0	0	2	1	1	0	0	0	0	0	0	0	0	0	1	1	0	0	0	0	0	2	0	0	0	0	0	0	0	0	0	0	0	0	0	0	0	0	0	0	0	0	0	0	0	0	1	0	1	2	1	0	0	2	0	0	0	1	1	0	1	1	0	0	0	0	1	0	0	0	0	2	0	2	0	1	1	0	1	0	2	1	0	2	0	1	1	0	1	1	0	0	1	1	0	0	0	0	1	1	0	2	1	0	0	1	0	1	3	0	1	1	1	0	0	0	0	0	1	0	1	1	0	0	1	0	1	2	1	0	1	1	0	0	1	2	1	2	0	0	1	1	0	0	2	0	0	0	0	0	0	0	0	0	0	1	1	0	1	0	0	1	1	1	0	0	0	2	0	4	0	0	0	1	0	2	2	1	3	1	2	3	3	1	1	0	1	1	2	1	0	2	3	2	3	2	2	3	5	3	7	4	3	1	2	1	3	5	5	1	1	1	1	1	1	1	0	0	0	2	1	0	0	2	3	2	0	1	0	3	2	1	1	0	0	0	0	1	0	3	0	1	0	2	2	1	4	4	1	5	7	3	8	9	13	43	0	49	17	15	14	26	14	13	4	5	10	1	2	14	1	0	1	0	5	2	4	3	0	2	0	0	1	0	0	1	0	4	0	0	1	0	0	0	0	0	0	0	0	0	0	1	2	0	0	1	0	0	0	1	0	0	2	1	1	0	0	2	3	1	1	0	1	5	5	1	4	0	1	0	0	0	1	1	2	0	2	8	1	4	1	2	8	1	2	2	6	7	5	4	4	0	1	0	2	0	0	0	1	1	0	0	2	0	1	1	0	1	0	1	1	1	1	3	1	2	1	3	3	2	3	0	3	1	2	0	0	2	2	2	5	7	2	2	0	2	4	4
0	0	0	0	0	0	0	1	0	0	0	0	0	0	0	0	0	1	0	1	0	0	0	0	0	0	0	0	0	0	0	0	0	0	0	0	0	1	0	2	0	1	0	0	0	0	0	1	0	0	0	1	0	0	1	1	0	0	0	0	0	0	0	1	0	1	0	0	0	0	1	0	0	1	0	0	0	1	0	0	1	0	0	0	0	0	1	0	0	0	1	0	0	1	1	1	0	0	0	0	0	1	0	0	0	0	0	0	0	0	0	0	0	1	0	0	0	0	0	0	0	0	0	0	0	0	0	0	0	0	0	0	0	0	0	0	0	0	2	0	0	0	1	0	1	1	0	0	0	1	0	1	0	1	1	0	1	1	1	1	1	1	1	1	1	1	0	0	1	0	1	1	1	1	1	0	0	1	0	0	1	1	1	1	0	2	1	2	0	1	2	0	0	0	0	0	0	1	0	1	1	1	1	1	0	1	0	0	0	2	0	2	1	1	1	2	0	1	2	0	0	3	0	1	0	2	1	0	0	0	0	1	1	2	0	0	0	0	0	0	0	2	0	0	1	1	0	0	1	1	1	0	1	1	0	1	1	0	1	3	0	1	0	1	0	0	1	2	1	2	2	2	0	1	1	2	2	1	0	0	0	0	2	3	1	4	2	2	2	2	3	5	2	0	3	3	6	2	6	2	1	1	2	1	0	0	0	1	1	0	0	1	0	0	0	2	0	0	1	0	0	1	0	2	1	0	1	0	0	3	0	1	0	0	0	1	2	2	5	2	9	4	8	7	6	16	34	49	0	29	10	20	23	12	8	9	10	11	9	6	23	5	1	5	3	2	2	3	3	4	0	4	1	2	1	2	3	1	2	1	1	0	1	0	2	0	1	2	1	2	1	0	1	0	1	2	0	1	1	1	0	1	1	1	0	0	3	0	1	0	1	1	2	0	1	5	2	0	1	1	0	0	1	1	0	1	1	2	3	2	2	2	4	7	6	2	3	5	9	7	9	1	3	2	0	3	0	1	1	2	2	2	0	2	2	2	0	0	2	1	2	0	2	4	2	3	1	0	3	3	4	4	7	3	1	1	0	3	1	3	10	10	13	7	3	2	2	2	5
0	0	0	0	0	0	0	0	0	0	0	0	0	0	0	1	2	0	0	0	2	0	0	0	0	0	0	0	0	0	0	0	0	0	0	0	0	0	0	1	0	1	1	0	0	0	0	0	0	0	0	1	0	0	0	0	0	0	0	0	1	0	0	0	0	0	0	0	0	0	0	0	0	0	0	0	0	0	0	0	2	0	0	0	0	1	0	1	0	0	0	0	0	2	1	0	0	0	1	0	1	0	0	0	0	1	1	0	0	0	1	0	0	0	0	1	0	0	1	0	0	0	0	0	0	0	0	0	0	0	0	0	0	0	0	1	0	0	0	1	1	1	1	0	0	0	1	2	0	1	1	1	0	2	0	2	1	0	0	0	1	0	1	1	0	1	0	1	0	0	0	0	0	2	0	0	1	0	1	0	0	0	0	1	0	0	0	0	1	3	3	0	0	0	1	0	0	1	1	0	2	1	0	2	2	0	0	0	1	0	1	0	1	0	0	0	1	0	2	0	0	0	0	2	0	0	0	0	2	3	0	3	1	2	0	0	0	0	1	0	0	2	1	0	1	0	4	1	1	0	0	1	1	0	1	0	1	0	1	0	1	1	0	0	1	1	0	1	1	1	2	1	4	3	1	0	0	0	1	2	0	2	1	2	0	1	2	5	3	4	2	5	3	2	2	1	2	1	2	1	0	0	3	2	1	4	0	0	1	1	0	0	0	0	0	1	0	2	3	1	0	1	0	3	0	0	1	2	1	1	2	1	0	1	0	1	2	3	5	3	4	3	5	7	8	26	24	17	29	0	38	26	9	11	10	5	16	15	4	8	22	10	2	2	2	1	5	2	3	2	1	3	3	1	2	0	1	0	0	2	1	0	2	0	0	1	2	0	0	0	2	1	0	1	1	1	0	1	0	0	0	1	1	0	1	3	3	4	0	0	2	4	2	1	2	2	1	0	3	1	0	0	0	1	1	0	3	1	0	4	5	2	3	1	2	10	3	11	26	17	8	5	0	3	2	3	2	2	1	0	0	1	1	0	0	0	1	1	0	1	1	0	1	1	1	2	3	5	6	6	8	3	4	2	1	2	1	2	1	7	9	9	17	6	5	2	4	7	12
0	0	0	0	0	0	0	0	0	0	0	0	0	0	0	0	0	0	0	0	0	0	1	0	1	1	0	0	0	0	0	0	0	0	0	0	0	0	1	0	0	0	1	0	1	1	1	0	0	0	0	0	0	0	0	1	0	1	1	0	0	0	0	0	0	0	0	0	0	0	0	0	0	0	0	0	0	0	0	0	1	1	0	0	0	0	0	1	0	0	0	0	0	0	0	1	0	0	0	1	0	0	0	0	0	0	0	1	0	0	0	0	0	0	0	0	1	0	0	0	0	0	0	0	0	0	0	0	0	1	1	0	0	0	0	0	0	0	0	0	0	0	0	0	1	1	2	0	2	0	0	0	1	0	1	0	0	0	2	1	0	0	0	0	1	1	0	0	0	0	0	1	3	0	1	0	1	0	0	0	1	1	0	0	0	1	1	0	2	2	0	1	0	0	0	1	1	1	0	0	1	1	0	0	0	0	1	0	0	0	0	0	0	0	1	0	0	1	0	0	2	0	0	0	0	0	2	4	1	0	0	0	1	0	0	0	2	0	0	0	0	0	1	1	0	0	0	1	0	0	2	0	0	0	1	0	0	0	0	0	0	0	0	0	2	0	2	0	2	1	1	2	1	1	0	2	0	0	0	1	0	0	0	1	2	0	2	4	2	1	1	11	2	1	2	3	1	1	3	0	2	1	3	2	2	0	0	0	0	0	0	0	0	0	1	0	1	0	0	0	0	0	0	1	0	0	1	1	2	0	0	2	1	1	2	1	1	4	1	1	3	2	5	6	16	22	15	15	10	38	0	78	9	11	23	16	30	16	7	2	9	6	2	2	2	0	0	1	1	0	0	3	1	2	1	1	2	1	1	0	4	1	1	2	1	1	0	0	1	0	0	1	1	0	1	1	0	1	0	0	1	1	0	1	0	1	2	1	0	0	2	3	1	0	2	1	2	1	2	0	1	0	0	1	0	0	1	0	1	4	1	2	1	1	2	2	8	7	11	5	2	2	6	3	1	1	1	0	0	0	2	1	1	0	3	1	0	1	0	2	1	1	2	0	0	0	3	2	5	5	5	4	3	1	0	3	2	2	2	1	5	5	9	7	4	2	4	5	16
0	0	0	0	0	0	0	0	1	0	0	0	1	0	0	1	0	0	0	0	1	1	0	0	0	0	0	0	0	1	0	0	0	1	0	0	0	0	0	0	0	1	1	1	0	2	0	0	0	0	0	0	0	0	0	0	0	0	0	0	0	0	1	1	0	1	0	0	0	0	0	0	0	0	0	1	0	0	2	0	1	1	2	2	0	0	1	0	0	0	0	0	0	0	0	0	0	1	0	0	0	0	0	0	0	1	1	0	0	0	1	0	0	0	0	2	0	0	0	0	0	0	0	0	0	0	2	0	0	0	0	0	2	0	0	0	1	1	0	0	1	0	0	0	2	0	0	1	2	0	0	0	1	0	0	2	0	0	0	0	0	1	0	0	0	2	0	1	0	1	0	0	1	1	0	0	1	1	0	0	0	0	0	0	1	0	0	0	1	1	3	1	0	1	2	0	0	0	1	0	0	0	0	0	1	0	0	2	0	0	1	0	0	0	1	0	0	1	2	0	0	2	0	0	1	1	1	0	0	0	0	0	0	0	0	0	0	1	0	0	0	0	0	0	0	0	1	0	0	0	1	0	0	0	0	0	0	1	2	0	0	1	0	1	0	1	0	0	3	1	2	0	0	1	1	1	2	0	1	1	3	1	1	2	1	2	1	8	0	3	2	4	4	2	2	3	0	2	2	3	2	0	1	0	0	0	0	1	1	0	0	3	0	1	0	1	1	1	1	0	0	1	1	1	0	0	1	1	0	0	0	0	0	1	2	3	0	0	4	3	3	6	5	4	6	10	31	14	20	26	78	0	32	45	37	13	28	17	4	2	13	6	1	0	1	3	2	4	2	0	1	1	1	0	0	1	3	0	2	0	1	2	0	1	0	1	0	1	0	0	1	0	0	1	0	0	1	0	0	0	0	2	1	0	1	0	1	2	0	1	1	2	0	1	2	0	1	0	1	0	1	1	1	2	0	1	0	0	2	3	1	0	1	3	2	1	5	3	9	5	6	4	2	6	0	1	0	1	1	1	2	0	1	0	1	0	1	0	1	0	0	0	1	0	1	1	2	1	3	5	8	2	0	6	0	1	0	0	1	4	2	8	4	4	1	0	1	7	6
0	0	0	0	0	0	0	0	0	0	0	0	0	0	0	0	0	0	0	0	0	0	1	0	0	0	0	0	1	0	0	1	0	0	0	0	0	0	0	0	0	0	1	0	0	1	0	0	0	1	0	0	0	0	0	0	0	0	1	0	0	0	0	1	0	0	0	0	0	0	1	0	0	0	0	1	0	0	0	0	1	0	1	0	0	2	0	1	1	0	0	0	0	0	0	0	0	0	0	0	0	0	1	0	0	0	0	1	0	1	0	0	0	0	0	0	0	1	0	0	0	0	0	0	0	0	0	0	0	0	0	0	0	0	0	0	0	0	0	0	0	1	0	0	0	0	1	0	0	0	1	1	0	1	1	1	0	0	0	0	0	1	0	1	1	0	0	1	1	1	1	0	0	0	2	1	0	0	0	1	0	3	0	1	0	1	1	0	0	1	0	0	1	0	0	1	1	0	1	0	1	0	0	0	1	0	0	0	1	1	1	0	1	0	0	0	1	0	1	1	0	1	1	2	0	1	0	1	1	0	2	1	1	0	2	2	0	0	1	0	0	0	0	1	3	2	0	0	1	0	0	0	1	0	1	0	3	1	0	2	0	2	0	1	1	0	0	1	0	0	2	0	3	3	1	1	1	0	0	0	0	1	3	2	3	1	2	1	3	6	1	3	2	1	0	3	3	0	1	2	0	3	0	1	2	0	2	0	0	0	0	0	1	0	0	1	1	0	0	1	1	0	0	0	1	2	3	0	0	0	2	0	0	2	1	0	0	1	2	2	3	2	2	5	4	9	34	26	23	9	9	32	0	171	26	7	11	11	6	5	2	2	0	0	1	1	0	1	2	1	0	0	0	0	1	1	0	0	1	1	1	1	1	1	0	0	0	0	0	0	0	1	0	0	1	0	0	2	0	1	1	0	1	0	0	1	0	0	0	2	1	0	3	0	0	2	1	1	0	1	1	0	0	3	0	0	0	2	2	2	0	3	2	1	3	0	2	5	1	4	2	1	1	0	0	0	0	0	1	1	0	0	1	0	1	1	1	0	0	1	0	2	0	1	3	3	1	1	4	3	4	0	3	1	1	2	1	1	3	2	2	2	3	1	3	1	4	3	6
0	0	0	0	0	0	0	0	0	0	0	0	0	0	0	0	0	0	0	0	0	0	0	0	0	0	1	0	0	0	0	0	0	0	0	0	0	0	0	0	0	0	0	0	0	0	0	0	0	1	0	0	0	0	0	0	0	0	0	0	2	0	0	1	0	0	1	0	1	0	1	0	0	0	0	0	0	0	1	0	0	0	0	1	0	1	0	1	1	0	0	0	0	0	0	0	0	0	0	0	0	1	0	0	0	0	0	0	1	1	0	0	0	0	0	0	0	0	1	0	0	0	0	1	0	1	0	0	0	0	0	0	0	0	1	1	0	0	0	0	0	0	0	0	3	0	0	0	1	0	0	0	0	0	0	1	1	0	0	1	1	1	1	2	0	0	0	0	0	0	0	0	2	0	1	1	1	1	1	0	0	0	0	1	0	0	1	0	3	2	0	0	3	0	1	0	0	0	0	0	1	0	1	0	0	0	0	0	0	0	1	1	0	1	1	1	0	1	2	0	0	1	0	0	0	2	0	0	0	1	0	0	0	0	0	1	0	0	1	0	1	1	0	0	0	3	0	1	0	0	0	1	0	0	0	0	0	0	0	2	0	0	0	0	0	1	0	2	1	1	1	3	2	2	0	0	1	1	1	0	0	1	0	1	2	0	4	1	1	4	2	2	4	7	2	0	1	1	4	2	2	0	1	0	0	1	0	0	0	1	1	1	0	0	2	0	1	0	0	0	0	1	0	0	0	1	0	0	0	1	1	1	0	0	0	0	0	1	0	1	4	7	3	1	5	6	18	14	12	11	11	45	171	0	28	11	12	7	2	1	4	3	2	0	4	1	0	0	1	1	2	1	0	0	1	2	1	2	0	0	1	0	1	0	0	0	0	0	0	0	0	0	1	1	0	0	0	0	1	0	0	0	1	0	1	0	1	0	0	1	1	0	2	1	0	1	1	0	0	2	0	0	0	0	1	0	0	2	0	1	2	2	0	1	2	1	1	2	3	2	5	3	3	1	0	1	0	1	0	1	0	1	0	1	1	2	0	1	0	0	0	0	2	1	2	2	2	2	1	3	2	2	2	1	0	1	1	0	0	1	2	6	4	0	0	0	1	3	3
0	0	0	0	0	0	0	0	1	0	0	1	1	0	0	0	0	0	0	0	0	0	0	0	1	0	0	0	0	0	0	0	0	0	0	0	0	0	1	0	0	0	0	0	0	2	0	0	0	0	0	1	0	0	0	0	0	0	0	0	0	0	0	0	0	0	0	0	0	0	0	0	0	0	0	0	0	0	0	0	2	0	0	0	2	0	1	0	2	0	0	0	1	0	0	0	0	0	0	0	0	0	0	0	0	0	0	0	0	0	0	0	0	0	0	0	0	0	0	0	0	0	0	0	0	0	0	1	0	0	0	0	0	0	0	0	0	0	0	0	0	0	0	0	1	2	0	0	1	0	0	0	0	0	0	0	0	1	0	1	0	0	1	1	0	1	1	0	2	2	1	0	1	0	3	0	0	2	0	0	0	0	1	0	0	0	0	1	1	1	1	2	0	1	1	1	0	1	1	0	0	2	0	0	0	1	0	0	0	1	0	0	0	1	0	0	2	1	0	1	0	1	2	1	1	0	0	0	2	0	1	0	0	2	0	1	0	0	0	0	1	1	0	0	0	0	0	0	0	1	0	0	0	0	0	0	0	0	0	1	0	0	0	0	0	1	0	0	2	0	2	1	0	3	1	1	1	1	1	1	0	1	1	4	2	4	3	3	3	4	7	9	2	3	2	0	4	0	3	3	1	1	0	0	1	1	0	0	0	2	0	1	0	0	0	0	2	0	1	1	0	1	1	1	0	0	0	1	0	1	0	1	1	2	3	0	0	0	2	1	4	1	0	2	4	1	7	13	8	10	23	37	26	28	0	45	15	15	11	5	7	4	4	1	0	1	2	3	1	1	0	4	1	0	1	2	1	2	1	1	1	1	2	0	0	0	1	0	1	1	0	0	0	0	0	0	0	1	0	0	2	1	0	0	1	1	1	1	1	1	0	0	3	0	1	2	0	1	0	0	1	1	1	1	1	0	1	1	0	2	0	1	0	1	4	1	2	7	5	1	1	0	2	1	1	2	1	1	0	1	1	0	1	0	0	1	0	1	1	1	0	0	0	1	0	1	1	3	3	2	2	1	2	0	1	1	0	1	1	1	1	3	2	4	0	0	2	1	1
0	0	0	0	0	0	0	0	0	0	0	0	0	0	0	0	0	1	0	0	0	0	0	0	0	0	0	0	0	0	0	1	0	0	0	0	0	0	0	1	1	0	0	1	0	1	0	0	0	1	0	0	1	1	0	0	0	0	0	0	0	0	0	0	0	0	0	0	0	0	1	0	0	0	0	0	0	0	0	0	0	0	1	0	1	2	0	0	0	1	1	0	0	1	1	0	0	0	0	0	0	0	1	0	1	0	1	0	0	0	2	0	0	0	1	0	0	0	0	0	0	0	1	0	0	0	1	0	0	0	1	0	0	0	0	0	0	0	1	0	0	0	0	1	2	0	0	0	0	0	1	1	0	1	1	0	0	1	1	0	0	0	1	0	0	0	2	2	0	0	2	0	1	0	0	1	0	1	0	0	0	1	1	0	0	0	0	2	0	2	0	0	0	0	0	1	0	0	0	0	0	0	0	0	1	0	0	0	0	1	0	0	1	0	0	0	1	0	0	0	0	2	0	0	2	2	1	0	2	2	0	0	1	1	0	0	0	0	0	0	0	1	0	0	1	0	0	0	0	2	0	0	0	0	0	1	1	0	1	0	1	0	1	1	0	0	3	0	1	1	0	1	2	3	2	1	0	1	1	0	0	0	2	2	2	2	4	3	7	13	4	9	2	4	2	1	5	1	1	1	3	1	1	1	0	1	0	1	0	1	1	0	0	1	0	0	0	0	1	0	0	0	0	1	0	1	1	1	0	0	0	0	0	1	2	3	1	0	3	3	4	3	1	0	4	3	3	4	9	5	16	13	7	11	45	0	34	19	11	4	8	3	4	0	2	3	4	2	2	0	1	0	1	1	1	0	3	1	0	2	1	0	0	2	2	1	0	1	0	0	0	0	0	2	1	1	1	1	0	0	0	1	0	0	0	0	1	1	2	1	2	0	2	2	1	2	3	0	3	1	1	2	1	0	1	0	1	1	1	3	1	1	1	1	3	7	7	6	10	6	1	2	3	0	1	0	1	1	1	0	0	0	1	1	0	0	0	1	2	0	1	0	1	0	2	0	0	0	4	1	3	1	1	1	0	2	2	0	0	0	2	1	2	2	0	1	1	0	7
0	0	0	0	0	0	0	0	0	0	0	0	2	0	0	0	0	0	0	0	0	0	0	0	0	0	0	0	0	0	0	1	1	0	0	0	0	0	1	0	0	0	1	0	1	0	1	0	0	0	0	0	0	1	0	0	0	0	0	1	0	1	2	0	0	0	0	0	0	0	1	0	0	0	0	0	0	0	0	0	0	0	1	0	1	0	0	2	1	3	1	3	0	0	1	0	1	0	0	0	0	0	0	0	0	0	0	0	0	0	1	0	0	0	1	0	0	0	1	0	0	0	1	0	0	1	0	0	3	0	0	0	0	0	0	0	0	0	0	0	0	0	0	0	1	0	0	0	0	0	1	2	0	0	0	1	0	1	1	2	0	0	0	2	0	1	0	1	2	1	2	0	0	2	3	0	2	1	0	0	2	0	0	2	0	1	0	1	1	1	0	0	0	0	1	0	0	1	0	0	0	0	0	0	1	0	0	0	0	0	0	0	0	2	1	0	0	1	0	3	0	0	1	1	2	0	1	1	0	0	0	0	1	1	0	1	0	0	1	0	0	0	1	0	0	0	1	0	0	0	0	0	1	0	0	0	0	0	1	1	0	1	1	2	0	0	2	1	2	1	0	0	1	3	1	0	0	2	1	1	1	0	3	1	2	2	4	2	2	3	3	11	2	1	2	3	3	3	2	0	5	1	0	3	1	0	0	0	0	1	0	1	1	0	0	1	0	0	0	1	0	0	1	2	2	1	1	1	0	0	0	2	0	0	2	1	1	3	2	1	7	0	4	2	2	7	9	5	10	16	30	28	11	12	15	34	0	96	26	17	17	10	2	4	6	2	3	2	2	1	2	6	3	3	1	2	1	2	1	1	1	1	4	2	0	2	0	0	1	1	0	1	2	0	0	3	0	0	0	1	1	2	0	1	3	1	2	2	0	1	0	2	1	0	4	0	1	3	1	1	1	3	0	1	1	1	2	2	2	4	7	1	5	4	4	8	5	10	21	13	6	2	3	4	0	1	1	2	1	2	2	2	2	0	0	1	0	1	1	0	1	0	0	0	1	4	2	1	8	6	7	8	3	2	3	2	2	1	1	2	6	6	2	3	3	2	2	1	6
0	0	0	0	0	0	0	0	1	0	0	0	0	0	0	0	1	0	0	1	0	0	0	0	0	0	0	0	0	0	0	1	0	0	1	0	0	1	0	0	0	0	1	0	0	0	0	0	0	0	0	0	1	0	0	0	1	1	0	0	0	0	0	0	0	0	0	0	0	0	0	1	1	0	0	1	0	0	0	1	0	0	0	0	1	0	1	0	0	0	1	1	0	1	1	0	1	0	0	0	0	0	0	0	0	0	0	0	0	0	1	0	0	0	0	0	0	0	0	0	0	0	0	0	0	0	0	1	0	1	0	0	0	0	0	0	0	0	0	0	0	1	0	1	1	0	0	0	0	0	0	0	0	0	1	1	0	0	0	0	0	0	0	0	2	0	0	1	2	1	1	1	2	1	3	0	1	0	0	3	1	1	2	1	1	2	0	1	0	0	0	0	1	0	0	0	0	0	0	0	0	0	2	1	0	0	2	0	0	0	0	0	1	1	1	2	0	1	0	0	0	1	2	0	2	0	1	1	0	0	0	0	0	0	1	0	0	0	1	0	0	0	0	0	0	0	0	1	0	0	1	2	0	0	0	1	1	0	1	0	0	1	1	0	1	0	3	1	0	1	2	0	3	6	2	2	2	1	3	2	0	4	2	3	2	3	3	8	8	8	10	17	12	5	10	1	6	3	4	6	3	3	2	1	2	0	0	1	0	0	0	2	1	2	1	1	0	2	1	1	0	1	1	0	0	0	2	0	1	1	1	1	1	0	2	2	1	3	3	2	2	2	4	3	2	4	6	10	11	15	16	17	11	7	15	19	96	0	67	31	16	7	3	4	3	5	3	4	3	1	6	1	1	1	0	2	1	1	2	3	0	0	0	1	0	1	1	2	0	1	1	1	1	0	1	1	0	1	2	2	1	1	0	0	1	1	2	1	0	3	1	3	4	2	2	0	1	1	3	3	1	0	0	0	1	3	1	1	0	1	7	4	4	8	7	8	8	1	16	13	7	2	4	1	2	0	2	2	1	1	1	2	0	0	0	1	1	3	1	1	2	1	0	2	0	2	1	2	3	4	5	3	6	1	2	0	3	2	1	1	1	4	1	0	0	1	5	2	3
0	0	0	0	0	0	0	0	0	0	0	0	0	0	1	0	0	0	0	1	1	0	0	1	0	0	0	1	1	0	0	0	0	0	0	0	0	0	2	0	0	1	0	0	0	0	1	1	0	0	0	0	0	0	0	0	0	1	0	0	0	0	0	0	0	0	0	0	0	0	0	0	0	0	0	0	0	0	1	0	0	1	1	0	0	1	0	0	1	0	0	0	0	1	0	0	0	0	1	0	0	0	0	0	0	0	0	0	0	0	0	0	0	0	0	0	0	0	0	0	0	0	0	0	0	1	0	0	0	0	0	0	0	0	0	0	0	0	0	0	0	0	0	0	1	1	0	1	0	1	1	1	1	1	0	0	0	1	0	0	1	2	1	0	0	0	1	0	0	1	2	1	4	4	2	1	0	3	1	0	1	0	0	0	1	0	0	0	0	0	0	0	1	0	0	0	0	0	1	1	2	0	1	0	1	1	0	0	0	1	0	1	0	0	1	0	2	2	0	0	0	1	1	0	1	0	1	0	0	0	0	1	1	0	1	1	0	0	0	0	0	0	0	1	0	0	0	1	0	0	0	0	0	1	1	0	0	0	1	1	0	0	0	0	0	3	1	0	3	2	2	0	2	4	1	4	1	2	1	1	2	4	1	5	5	5	5	16	9	10	9	15	14	7	5	3	5	7	4	1	2	1	2	1	3	1	0	0	2	1	1	1	0	1	0	0	2	1	1	1	1	1	0	1	1	0	1	2	0	1	3	0	1	0	0	0	2	0	6	1	2	3	2	0	3	3	3	1	9	4	7	4	6	2	11	11	26	67	0	34	18	18	8	6	6	5	2	1	0	1	1	3	2	1	0	4	3	1	2	2	3	2	2	2	1	1	2	0	0	1	1	0	2	2	1	2	2	2	0	2	0	1	0	0	3	1	2	4	2	5	4	4	3	2	3	0	4	1	4	1	4	2	0	1	1	1	1	0	4	2	4	7	6	7	21	18	18	10	9	7	3	0	1	0	0	2	3	1	3	2	1	1	0	0	0	2	2	0	1	1	1	1	0	0	1	0	1	3	2	5	4	4	6	2	0	0	1	2	1	2	2	4	4	1	1	1	0	1	3
0	0	0	0	0	0	0	0	2	0	0	0	0	0	0	0	0	1	0	0	0	2	0	0	0	0	0	1	0	0	0	1	0	0	0	0	0	0	1	0	0	0	0	0	1	0	0	0	0	1	0	0	1	0	1	0	0	0	1	0	0	0	0	0	0	0	0	0	0	0	0	0	0	0	0	1	0	0	0	0	0	0	1	1	1	0	0	0	0	0	0	1	0	0	0	0	0	0	1	0	0	0	0	0	0	1	0	0	1	0	0	0	0	0	0	1	0	0	0	0	1	0	0	0	0	0	1	0	0	0	1	0	0	1	0	0	0	0	0	0	0	0	0	0	0	1	1	1	0	0	0	0	0	1	0	0	0	0	1	0	0	0	0	0	2	3	2	0	1	0	1	4	2	3	2	2	2	0	0	2	0	0	0	1	0	0	1	1	1	1	0	1	0	0	1	0	0	0	0	1	0	0	0	0	0	0	0	1	0	1	0	0	1	0	0	0	1	1	1	0	0	0	0	1	2	0	3	1	0	2	0	0	1	0	0	0	1	1	0	1	1	1	0	0	0	0	1	0	1	0	1	1	0	1	0	0	0	1	0	2	0	0	0	0	1	0	0	2	3	1	0	3	4	9	0	3	3	1	1	1	0	5	3	2	5	3	5	8	3	4	9	12	9	2	3	1	3	4	9	3	0	4	3	2	1	1	1	0	0	0	0	0	1	0	0	0	0	1	0	0	3	0	0	1	1	0	0	1	1	0	1	0	2	0	2	0	1	3	2	4	3	2	0	3	0	3	5	2	6	8	2	2	5	1	5	4	17	31	34	0	36	37	7	5	5	2	4	9	7	3	1	5	3	3	2	3	4	5	0	1	3	2	2	0	1	0	2	1	1	2	0	1	0	1	1	0	1	1	1	1	0	3	1	2	1	2	4	1	3	0	1	2	5	6	7	3	2	2	0	5	2	2	0	0	3	0	1	4	6	7	4	13	7	10	47	20	16	13	20	7	2	1	2	0	0	0	1	2	1	1	0	1	0	1	1	2	1	3	0	1	1	2	1	0	2	2	3	3	3	4	6	8	3	6	1	1	1	0	2	1	6	3	9	4	1	2	2	1	6
0	0	0	0	0	0	0	1	0	0	0	0	0	0	0	0	0	0	0	0	0	0	0	0	2	0	0	0	0	0	0	1	0	0	0	0	0	0	0	0	0	0	0	0	0	1	3	0	0	0	0	0	0	0	0	0	0	0	0	0	0	0	1	2	0	0	0	0	0	0	0	0	0	0	0	0	1	1	0	0	0	0	0	0	0	1	1	0	0	1	0	1	1	0	0	0	0	0	1	0	0	0	0	0	0	1	1	0	0	1	0	0	0	0	0	0	0	0	0	0	1	0	0	0	0	0	0	0	0	0	0	0	0	0	0	1	0	1	0	0	0	0	0	0	1	1	1	0	0	1	0	0	0	0	1	0	0	1	0	1	1	0	2	1	1	0	1	2	0	0	0	1	0	5	2	1	2	1	2	1	0	1	0	1	0	0	2	1	3	1	0	1	0	0	1	0	0	2	0	0	1	0	0	1	0	1	1	0	0	0	1	0	0	0	0	1	1	1	1	0	1	0	0	0	2	1	0	0	0	0	2	2	1	0	0	1	1	0	0	0	0	0	0	0	0	0	2	0	0	0	0	0	0	0	2	2	1	0	1	0	0	1	3	0	1	4	2	0	3	3	2	3	4	6	2	1	1	1	1	0	0	0	1	0	2	2	2	5	2	2	3	10	13	7	4	6	2	5	5	7	6	5	1	3	1	1	1	0	0	0	0	0	1	1	2	0	2	1	0	0	0	2	0	1	0	0	0	0	1	0	0	3	0	2	1	1	1	1	1	2	2	4	5	1	1	8	5	14	23	22	9	13	2	4	7	8	17	16	18	36	0	24	5	2	3	2	1	6	7	3	0	1	1	3	1	0	1	3	3	3	1	2	1	2	0	1	0	2	2	1	0	0	0	0	0	1	1	1	0	2	2	1	1	2	1	1	0	0	2	1	4	2	1	2	1	1	3	2	2	5	1	2	2	0	2	2	2	5	5	9	5	2	3	9	6	3	4	5	18	7	9	3	4	1	4	4	1	2	1	2	2	0	0	0	1	1	2	4	2	2	2	1	3	0	0	4	4	4	3	6	10	11	7	5	3	1	3	4	2	4	4	9	2	6	4	1	3	3	7
0	0	0	0	0	0	0	0	0	0	0	0	0	0	0	0	1	0	0	0	0	0	0	0	0	1	0	0	0	0	0	0	0	0	0	0	2	0	0	0	2	1	0	1	0	0	0	1	1	0	0	0	0	0	0	2	0	0	3	0	1	1	0	0	1	0	0	1	0	0	2	0	0	0	0	0	0	0	0	0	0	0	0	0	1	0	0	1	1	0	0	0	1	0	0	0	0	0	0	1	0	0	0	1	0	0	1	0	0	1	0	0	0	1	1	0	0	0	0	3	0	1	0	0	1	0	1	1	0	0	0	0	0	0	0	0	0	0	0	0	1	0	0	0	3	1	1	0	2	1	1	0	1	1	0	1	2	0	0	0	0	0	0	1	2	3	0	0	3	1	3	2	2	0	3	1	1	2	0	4	0	1	0	0	1	0	2	2	2	0	1	1	0	0	0	0	0	2	0	1	1	1	0	0	1	0	0	1	0	1	0	1	0	1	0	3	1	1	1	1	1	0	1	0	0	2	1	0	2	2	0	1	1	0	0	0	2	0	0	0	0	0	0	1	0	0	0	1	2	0	0	0	0	0	0	0	1	1	0	1	0	0	1	2	1	0	0	0	1	2	3	1	6	9	0	2	3	1	1	2	1	0	2	1	5	4	3	6	4	3	2	4	5	1	2	0	2	8	3	4	5	1	4	1	1	0	0	1	0	0	2	0	1	3	1	2	0	2	0	2	1	3	0	2	0	2	1	1	1	0	0	0	2	2	3	1	2	5	3	0	5	2	1	5	3	3	1	1	5	10	6	6	2	3	4	3	10	7	18	37	24	0	14	6	5	15	5	12	7	6	4	2	5	3	3	9	1	2	8	3	5	2	1	4	1	3	1	0	0	0	1	0	1	3	1	1	2	1	1	1	0	0	1	0	1	2	4	4	3	1	0	1	7	4	4	2	4	1	3	3	2	0	1	2	1	1	2	4	9	10	26	2	6	11	17	14	26	38	23	25	4	2	1	2	3	2	2	0	0	0	1	3	0	1	4	1	1	0	3	2	1	1	1	1	6	3	5	5	7	9	15	31	7	5	6	3	1	3	4	6	1	5	2	4	3	3	2	1	5
0	0	0	0	0	0	0	0	0	0	0	0	0	1	0	0	1	0	0	0	0	1	0	0	0	1	0	0	1	1	0	0	0	0	0	0	1	1	0	0	0	0	1	0	0	0	0	0	0	1	0	0	0	0	0	0	0	0	1	0	0	0	0	0	0	0	0	1	0	1	0	0	0	0	0	0	0	1	0	0	0	0	0	1	0	1	1	2	0	2	1	2	1	1	1	0	0	0	0	0	0	0	0	0	0	0	1	0	1	1	1	0	0	0	1	0	0	0	0	0	0	0	1	1	0	0	0	0	0	0	1	1	0	0	0	0	1	0	0	0	1	0	0	0	1	0	0	0	2	0	0	1	0	1	1	0	1	1	0	1	0	2	0	1	2	1	1	1	0	1	2	1	1	0	0	0	1	0	0	0	0	4	0	0	0	0	0	0	0	1	1	0	1	0	1	0	0	2	0	0	1	0	0	0	0	1	0	0	0	1	0	0	0	1	1	2	0	0	3	0	1	0	0	2	1	2	1	0	0	0	1	0	2	0	0	0	0	0	0	0	1	0	0	0	0	0	1	0	0	0	2	1	0	0	0	0	0	1	0	0	1	1	0	1	0	1	1	1	1	2	2	3	3	3	3	0	2	1	1	2	3	1	0	1	3	1	3	1	3	3	1	2	3	1	0	0	2	2	0	1	1	2	0	4	0	0	0	0	2	1	1	1	0	0	0	1	1	4	0	0	1	0	1	0	0	0	1	0	0	0	0	1	0	1	1	1	0	2	0	1	1	2	2	2	1	1	2	0	1	2	2	1	0	2	4	4	2	3	8	7	5	14	0	43	13	11	12	21	7	10	23	33	19	22	16	28	8	12	10	1	1	3	1	1	2	2	1	3	1	0	1	1	0	3	1	2	0	3	3	4	2	7	2	1	1	0	4	1	3	9	5	2	0	6	3	2	6	3	3	3	3	3	1	1	0	1	2	6	3	11	22	17	4	8	12	19	16	16	7	5	7	1	2	3	0	2	4	0	0	2	2	0	0	1	1	1	0	0	1	1	2	0	1	3	4	3	3	6	3	1	5	10	3	3	1	3	5	2	1	4	4	4	3	2	3	2	2	3	2
0	0	0	0	0	0	0	0	0	0	0	1	0	0	1	0	0	1	0	0	0	0	0	0	0	0	0	0	0	0	0	0	0	0	0	0	0	0	0	0	0	0	0	1	1	0	0	0	1	0	0	0	0	0	0	0	0	0	1	1	0	0	0	0	0	0	0	1	0	0	0	1	0	1	1	0	0	0	1	0	0	0	0	0	1	0	0	0	0	0	0	0	0	0	0	0	0	0	0	0	0	0	0	0	1	0	0	0	0	0	0	0	0	0	0	0	1	1	0	0	0	0	0	0	0	0	0	0	0	1	0	1	0	0	0	1	0	0	0	0	0	1	0	0	0	0	0	1	2	0	0	0	1	1	0	1	0	0	0	0	1	0	1	1	0	0	0	0	4	0	0	0	0	1	1	1	2	1	0	1	2	0	0	0	0	1	0	2	1	0	0	1	0	0	0	1	0	2	0	1	0	0	0	2	1	0	0	1	0	0	0	0	1	1	0	1	0	0	0	1	1	0	1	0	1	0	1	0	0	0	0	0	0	0	2	1	0	1	0	0	0	0	0	0	0	2	1	0	2	0	4	1	0	0	1	0	0	1	0	0	0	1	0	0	0	0	1	0	0	5	2	1	4	0	1	0	0	0	0	3	0	2	4	1	1	1	1	3	2	0	1	1	2	0	1	1	0	3	2	1	2	0	0	0	0	0	0	0	0	0	0	0	1	0	1	2	1	1	0	0	1	1	4	1	0	0	0	1	0	1	1	0	0	0	2	3	1	0	0	0	2	0	0	1	0	2	3	1	5	2	2	0	0	0	1	0	4	4	6	5	2	6	43	0	28	6	12	9	4	10	5	27	18	22	16	11	7	2	5	2	3	1	1	3	2	0	0	0	2	1	1	2	2	1	2	0	2	4	1	0	2	0	1	0	1	2	3	3	4	4	5	2	1	3	2	3	1	2	1	1	2	3	1	0	1	0	1	2	2	5	8	6	3	2	5	10	20	9	5	3	2	0	0	4	4	2	2	0	2	1	2	0	1	1	1	0	0	1	2	0	0	1	0	2	1	5	3	5	4	7	6	3	0	1	1	1	1	4	1	1	1	2	2	3	1	5	2	1	7
0	0	0	0	0	0	0	0	0	1	0	0	0	0	0	0	0	1	0	0	0	0	0	0	0	0	0	0	0	1	0	0	0	0	0	0	0	0	0	0	0	0	0	0	0	0	0	0	1	1	1	0	0	0	0	1	0	1	0	0	0	1	0	0	0	0	0	0	0	0	0	0	0	0	0	0	0	0	1	2	2	0	2	0	1	0	0	0	1	0	0	0	0	0	0	0	0	0	0	0	2	1	1	0	0	0	0	0	0	0	0	0	1	0	0	0	0	0	0	0	1	0	0	0	0	0	0	1	0	0	0	1	0	1	1	0	1	0	0	0	0	0	0	0	0	0	0	1	0	0	0	0	0	0	1	0	0	1	0	0	0	0	0	1	1	0	1	0	1	0	0	0	1	0	0	0	0	0	0	0	0	1	0	1	0	0	0	0	1	1	1	0	1	2	0	0	0	1	0	2	1	1	0	0	1	0	0	1	1	0	2	0	0	1	1	1	2	4	0	1	0	0	0	1	0	0	0	0	0	0	1	1	0	1	0	0	1	0	0	0	0	0	0	0	0	0	0	0	1	0	0	1	1	1	1	1	0	0	0	1	0	0	1	1	2	1	1	1	1	1	0	0	2	1	1	1	1	0	0	0	0	1	3	2	0	0	2	3	3	1	0	1	1	1	3	1	0	2	1	1	2	2	0	1	1	1	1	1	1	0	0	0	0	2	0	0	1	1	2	3	2	2	0	2	0	0	1	0	1	0	0	0	1	1	0	1	2	2	1	1	0	0	1	0	3	3	2	0	3	2	2	1	1	4	0	2	6	3	6	5	3	5	13	28	0	37	10	11	5	6	3	15	12	14	8	9	7	6	6	1	2	0	6	4	1	1	4	3	3	0	1	1	1	1	3	0	1	0	2	1	4	1	3	0	2	2	3	1	5	3	4	1	2	2	2	2	0	1	4	1	2	1	0	0	0	3	2	1	2	0	6	2	4	0	5	12	14	13	1	6	5	7	11	6	3	2	4	2	0	2	1	0	0	0	1	3	1	0	1	1	0	1	1	1	3	3	4	7	6	5	2	4	3	2	2	2	0	2	1	5	3	3	3	4	0	1	2	5	5
0	0	0	0	0	0	0	1	0	0	0	0	0	0	0	0	0	1	2	0	1	0	0	0	0	0	1	0	0	0	0	0	0	0	0	0	0	0	0	0	0	1	0	0	1	3	0	1	0	0	0	0	0	1	0	0	0	0	0	1	0	0	1	0	0	0	0	0	0	0	0	0	0	0	0	0	0	0	0	0	0	1	0	0	0	1	0	1	0	1	0	1	1	0	0	0	0	0	0	0	1	0	0	0	1	0	0	0	0	2	1	0	0	1	2	0	0	0	0	0	0	0	0	1	0	0	1	0	0	0	0	0	0	0	0	0	0	0	0	0	1	0	0	0	0	1	1	1	0	1	1	1	0	1	1	0	0	0	0	0	0	1	0	0	0	0	0	0	1	1	0	0	0	1	1	1	1	0	0	0	0	0	4	0	1	1	1	0	2	0	1	0	0	0	1	1	0	1	1	0	1	1	0	1	2	0	0	0	0	0	0	0	0	1	1	0	0	1	0	0	1	1	0	0	0	0	0	1	1	2	0	0	1	1	0	0	0	0	1	0	0	0	0	0	1	0	1	0	0	0	1	0	0	0	0	0	0	0	0	0	0	0	0	1	0	1	2	2	2	0	0	1	1	0	2	0	0	0	1	3	1	2	3	4	3	0	0	1	1	0	0	0	1	2	0	0	0	1	2	3	8	0	3	1	0	0	0	2	0	0	0	1	3	0	0	2	1	2	1	1	0	0	2	1	1	0	0	0	0	0	1	0	0	2	0	2	2	0	1	2	2	0	0	0	3	3	3	5	2	1	0	3	1	1	1	3	2	5	5	2	2	15	11	6	37	0	46	25	8	5	12	16	8	10	10	7	5	7	6	3	1	2	2	2	1	0	1	0	1	1	1	1	1	3	0	0	0	0	2	2	1	1	1	2	1	0	1	0	3	1	1	3	3	0	2	3	1	2	2	0	3	2	1	0	1	1	4	6	2	2	3	4	2	2	4	5	6	15	9	6	4	17	8	4	4	8	8	5	1	3	6	1	2	0	1	1	1	0	0	3	3	3	2	0	2	10	8	12	8	12	12	9	4	0	1	2	3	1	2	2	2	1	3	4	2	5	4	5	3
0	0	0	0	0	0	0	0	0	0	0	0	0	1	0	0	0	0	1	1	0	0	0	0	0	0	0	0	0	1	0	0	0	0	1	1	1	1	0	0	0	0	0	0	1	1	0	1	2	1	0	0	0	0	0	0	0	1	0	0	0	0	0	0	0	0	0	0	1	0	1	0	0	0	1	0	0	0	0	0	0	0	0	1	1	1	0	0	0	0	0	0	1	0	2	0	0	0	2	0	0	0	0	1	1	0	0	1	0	1	1	0	1	1	0	0	0	0	0	0	0	0	0	0	0	0	0	0	0	0	0	0	0	0	0	0	1	0	0	0	0	0	1	0	2	0	0	1	0	4	0	1	0	1	0	1	0	0	1	0	2	0	0	2	1	2	0	2	0	1	0	1	1	1	1	0	0	1	1	1	0	1	1	0	0	0	1	1	2	0	1	0	0	0	2	0	0	0	0	0	1	0	1	1	0	0	0	0	0	0	0	3	0	1	2	0	0	1	1	3	0	0	3	0	1	1	1	1	0	0	0	0	1	0	1	0	1	2	0	0	0	0	1	0	0	0	0	0	0	0	0	1	1	0	1	0	1	2	0	2	0	1	1	0	1	0	1	2	2	1	2	0	0	1	1	0	2	0	2	2	4	1	2	0	0	0	1	1	2	1	1	3	3	1	1	1	1	0	2	3	0	1	3	2	5	0	2	0	2	1	1	0	0	1	0	0	2	1	4	1	1	0	1	1	0	0	1	0	3	1	3	2	2	1	1	1	2	1	2	0	2	1	1	0	4	2	1	2	2	5	0	2	0	0	2	4	3	3	2	4	1	5	12	12	10	46	0	28	23	9	11	41	7	12	6	6	5	8	16	12	3	4	4	4	1	4	1	2	2	1	1	0	1	4	4	2	2	1	2	5	3	4	2	2	3	1	2	3	5	4	1	2	4	3	2	5	7	0	3	1	1	3	1	0	1	3	2	4	4	5	3	3	4	4	4	2	8	6	2	6	5	10	10	9	6	7	9	6	3	7	3	0	1	2	3	4	1	1	1	0	0	4	5	6	9	15	23	22	21	13	8	9	5	5	7	3	3	4	2	3	1	4	3	1	2	2	3	1	4
0	0	0	0	0	0	0	0	0	1	0	0	0	1	0	0	1	0	1	0	0	0	2	0	0	0	0	0	0	0	0	1	0	0	0	0	0	2	1	1	2	0	1	0	0	1	1	0	1	0	0	1	0	0	0	1	0	0	0	0	0	0	0	1	0	0	0	0	0	0	0	0	0	0	0	0	0	0	0	0	0	0	0	0	0	2	1	1	1	0	1	0	1	0	3	0	0	0	1	1	0	0	0	0	0	2	0	0	0	1	0	1	0	1	1	0	0	0	0	0	0	0	1	0	1	0	0	1	0	1	0	0	0	0	0	0	0	0	0	0	0	0	0	0	0	0	2	1	0	1	1	0	2	1	3	0	0	0	2	1	1	0	0	0	0	0	2	1	3	1	1	1	0	0	1	1	1	1	0	0	0	1	0	1	0	0	2	1	0	2	1	0	0	0	0	0	2	1	1	0	1	0	0	1	1	1	1	0	1	1	1	0	0	1	0	1	1	0	0	1	2	0	0	0	1	0	2	1	0	1	1	4	1	0	0	0	2	0	0	1	1	1	1	0	0	0	0	0	1	1	0	0	1	0	1	3	0	0	0	2	0	0	1	0	0	0	2	0	0	1	1	1	5	5	1	2	0	0	0	0	2	0	1	0	2	0	2	1	0	1	1	0	3	0	1	0	5	2	4	2	3	1	6	0	1	0	3	1	1	1	1	0	2	1	1	3	0	1	1	0	1	0	0	0	0	3	1	1	2	0	1	1	2	2	0	1	3	1	0	1	2	0	1	0	4	1	0	4	3	2	1	4	1	0	3	2	2	4	1	9	6	12	21	9	11	25	28	0	27	23	20	14	8	8	4	7	5	7	8	11	6	2	1	1	3	4	1	0	1	0	0	1	1	1	1	1	1	0	1	0	2	4	1	1	1	0	6	4	3	2	4	2	4	8	1	5	5	3	5	3	3	2	1	1	3	2	2	5	10	14	13	9	4	4	0	5	11	16	9	9	6	5	2	0	4	6	6	2	4	3	5	2	0	2	4	3	3	5	2	1	4	1	3	4	10	11	22	12	16	12	27	25	16	8	9	2	3	3	7	3	6	1	2	9	6	4	2	4	0
0	0	0	0	0	0	0	0	0	0	0	0	0	0	0	0	1	0	0	1	1	0	0	0	0	0	1	0	0	0	1	0	0	0	0	0	0	0	0	0	0	2	0	0	0	0	0	0	0	1	0	0	0	0	0	1	0	0	1	0	0	1	1	0	0	0	0	0	1	0	1	1	0	0	0	0	1	0	0	0	0	1	0	1	1	1	2	1	0	0	1	0	2	1	0	0	2	1	0	0	0	0	0	1	2	1	0	0	0	2	0	0	1	0	0	0	1	0	0	0	1	0	0	0	1	1	0	0	0	0	0	0	0	0	0	0	0	0	0	0	0	1	0	0	1	0	0	0	1	1	1	0	0	1	0	0	0	0	0	2	0	1	0	0	1	2	1	0	1	2	0	1	1	1	1	1	0	0	2	1	1	0	1	2	0	0	1	2	1	2	1	1	0	0	0	1	1	1	0	2	1	1	0	0	2	0	0	1	0	0	2	3	0	0	0	0	2	2	0	1	2	0	3	1	1	3	2	1	1	0	0	1	1	0	0	0	0	0	0	0	0	0	0	0	3	0	0	0	0	0	0	1	2	0	0	1	1	0	1	1	0	1	0	3	1	0	1	2	3	2	4	0	0	2	5	0	2	0	3	0	2	1	1	1	2	0	3	0	1	1	0	1	2	3	2	2	4	4	5	1	3	5	2	5	0	2	1	1	1	0	3	2	1	1	0	0	4	5	1	1	2	1	2	0	1	2	0	3	2	1	0	2	3	2	2	1	8	4	3	1	2	2	1	4	1	2	1	3	3	3	1	2	2	1	1	2	2	3	0	7	7	7	7	4	5	8	23	27	0	32	16	10	5	5	3	6	7	8	16	14	15	11	2	7	5	4	3	3	3	0	2	2	1	1	1	1	5	1	1	5	3	3	3	2	3	1	3	4	4	2	4	8	5	2	10	4	10	8	12	4	3	4	0	2	1	3	6	4	11	12	11	7	1	7	3	5	2	5	4	6	2	3	1	4	6	6	7	2	2	4	5	2	3	0	1	4	5	3	3	3	3	4	4	7	11	33	42	11	13	7	8	16	27	16	11	7	3	4	5	4	6	2	7	1	0	0	6	2	5
0	0	0	0	0	0	0	1	0	0	1	0	0	0	0	0	1	0	0	0	0	0	1	0	0	0	0	1	1	0	0	0	0	0	1	0	1	0	0	0	1	0	0	0	0	1	1	0	0	0	1	1	0	0	1	0	0	1	0	0	1	0	0	1	0	0	0	0	0	0	1	0	0	0	0	0	0	0	1	0	0	1	1	0	0	0	0	1	1	0	0	0	0	2	1	0	0	0	0	0	0	0	0	0	0	0	0	0	0	0	0	0	0	0	0	0	0	0	0	0	0	0	0	0	0	0	0	0	0	3	0	0	0	1	0	0	1	0	0	0	1	0	0	0	0	0	0	1	2	2	1	0	0	0	0	2	0	0	3	1	0	0	1	0	2	3	1	1	3	3	2	0	1	3	1	1	0	1	0	0	0	2	0	0	0	0	0	1	2	0	0	2	1	0	0	0	0	0	1	1	0	1	0	0	0	0	1	1	0	1	0	1	1	0	1	1	1	0	0	0	2	0	0	0	0	1	1	2	1	1	0	1	0	0	0	1	0	0	0	1	0	0	0	1	1	0	0	0	1	1	0	1	2	0	1	0	0	0	0	0	1	1	0	0	0	2	2	4	3	2	2	2	1	3	5	0	3	0	2	4	2	2	4	2	1	1	1	1	3	0	1	5	0	2	1	1	2	0	0	3	2	2	4	3	3	2	4	3	1	1	0	1	1	4	3	1	4	6	4	1	2	0	1	0	3	0	2	0	0	0	1	0	1	1	4	0	2	2	3	3	2	1	1	3	1	3	0	0	4	2	0	0	1	1	1	0	1	1	1	3	3	6	10	10	6	5	9	23	32	0	149	20	9	9	4	8	11	27	36	25	8	9	9	0	3	3	4	3	3	2	5	3	3	4	2	3	3	6	3	6	4	4	3	9	3	6	6	8	7	21	6	9	6	5	8	9	12	8	14	10	9	5	1	2	5	3	9	6	9	12	16	11	8	1	3	4	3	4	2	3	7	7	1	1	1	6	1	3	3	3	2	1	5	2	3	3	2	2	4	3	5	3	1	4	9	4	20	10	5	6	3	5	9	9	3	5	1	2	2	6	3	1	1	0	0	2	2	1	3
0	0	0	0	0	0	0	0	0	0	0	0	1	0	0	1	0	1	0	1	0	0	0	2	1	0	0	0	0	0	0	0	1	0	0	0	0	0	0	0	0	0	1	0	0	0	0	1	0	0	0	0	0	1	0	0	0	0	0	1	0	0	0	0	0	0	0	0	1	0	0	0	0	1	0	1	1	0	0	0	0	0	0	1	1	0	0	0	1	0	0	1	0	0	0	1	0	0	0	0	0	0	0	0	0	0	0	0	0	1	0	0	0	0	0	0	0	0	1	1	0	1	0	0	0	0	0	0	0	0	0	0	0	0	0	0	0	0	1	1	1	0	1	1	2	0	2	3	1	0	1	1	1	1	1	0	0	1	0	0	2	0	0	1	0	0	1	0	1	1	1	1	2	0	1	1	0	1	1	1	1	0	2	0	1	1	0	0	2	2	0	1	0	0	1	0	1	0	0	1	0	0	0	1	0	0	1	1	0	0	0	0	0	0	1	1	0	1	0	1	0	2	0	1	0	1	0	0	1	0	0	0	2	1	0	0	0	0	1	1	0	1	1	0	1	0	0	0	0	0	0	1	0	0	0	0	0	0	0	2	0	0	0	2	0	4	1	3	7	5	1	0	4	4	3	2	1	3	2	1	1	3	1	1	3	0	1	1	2	2	2	0	1	2	0	1	2	2	1	2	3	0	2	1	2	3	3	0	1	1	0	1	1	1	1	2	2	2	2	1	2	0	2	1	1	1	1	1	2	0	0	0	1	1	1	2	1	2	3	1	0	0	1	0	2	3	2	2	0	1	0	1	0	2	0	1	2	6	1	1	0	4	23	5	3	12	11	20	16	149	0	33	11	20	11	22	17	30	30	8	5	7	2	4	4	3	2	5	3	2	4	4	3	3	3	1	1	2	6	4	5	6	3	1	2	2	5	13	26	17	5	1	7	3	7	7	6	6	8	8	6	6	0	1	5	8	7	4	6	9	16	16	10	4	7	3	6	3	2	6	1	2	4	3	2	1	7	0	4	1	1	3	3	1	1	11	5	1	1	2	3	1	2	3	9	7	6	2	4	4	7	7	11	6	1	3	1	2	5	1	2	1	3	1	0	3	2	0	0
0	0	0	0	0	0	0	0	1	0	0	0	0	0	0	0	0	0	0	0	0	0	0	0	0	0	0	0	0	0	0	0	0	0	0	0	0	0	0	0	0	1	0	0	0	1	0	0	0	0	0	0	0	0	0	0	0	0	0	0	0	0	1	0	0	0	1	0	0	0	1	0	0	0	0	0	0	0	1	0	2	0	1	0	1	1	0	0	0	0	0	1	0	0	0	0	0	0	0	1	0	0	0	0	0	0	0	0	0	0	0	0	0	0	0	0	0	0	0	0	1	0	0	0	0	0	0	0	0	0	1	0	0	1	0	0	1	0	0	0	0	0	0	1	2	0	0	1	0	1	0	0	0	1	0	0	0	0	0	0	0	1	0	0	0	1	0	2	0	1	1	2	2	0	0	1	1	0	0	1	0	0	0	0	0	1	1	1	0	0	0	0	0	1	0	0	0	1	0	0	0	0	1	0	0	0	0	0	0	2	0	0	1	0	1	0	1	0	0	1	0	0	0	1	1	2	1	0	0	0	0	0	0	1	0	0	0	0	0	0	0	0	1	0	1	1	0	1	1	0	0	0	0	0	0	1	1	1	0	0	0	1	1	1	0	2	0	0	1	2	1	4	2	3	3	2	0	0	0	2	3	2	2	0	1	1	0	0	2	2	0	0	2	2	0	1	1	2	1	1	2	3	3	3	0	1	2	1	1	0	1	2	2	2	1	2	2	6	1	1	0	2	1	0	0	0	1	0	1	1	0	0	0	2	3	3	1	1	2	0	1	0	2	1	0	2	2	0	4	3	3	1	0	1	4	0	6	1	3	5	1	2	33	27	15	16	41	14	10	20	33	0	29	113	24	33	11	24	19	8	5	3	5	2	5	5	2	2	1	3	2	2	2	1	2	2	3	2	2	3	4	6	0	3	3	3	1	9	9	5	10	7	5	0	5	2	6	2	3	1	4	3	0	3	1	4	7	1	3	3	7	13	3	3	6	4	10	8	4	4	4	3	8	4	2	3	2	2	2	1	3	1	2	0	2	0	1	0	2	1	1	2	3	1	9	5	11	5	2	5	4	4	2	2	3	4	4	3	4	5	0	3	1	1	3	3	3	2	1
0	0	0	0	0	0	0	0	1	1	0	1	0	1	1	0	0	0	0	0	0	0	1	1	0	0	0	0	0	0	0	1	0	0	0	0	0	0	0	0	0	0	2	2	0	0	1	1	0	0	0	0	0	0	0	0	0	0	0	2	0	0	1	0	0	1	0	0	0	0	0	0	0	0	0	0	0	0	0	0	0	0	0	1	0	0	0	0	1	0	0	0	0	0	1	1	0	0	0	0	0	0	0	1	0	0	0	0	1	0	0	0	1	0	0	0	0	0	1	0	0	1	0	0	0	0	0	0	0	0	1	1	0	0	0	0	1	0	0	0	1	1	1	1	1	0	0	1	0	1	0	1	1	0	0	0	0	1	1	1	0	0	0	1	1	1	2	0	0	1	1	2	1	0	0	0	1	0	0	0	1	0	1	0	0	0	0	0	0	0	1	0	1	0	0	0	0	0	1	0	0	1	0	1	0	0	0	0	0	0	1	0	0	0	0	1	0	0	0	1	0	0	0	0	0	0	0	1	1	0	0	0	2	0	0	0	0	0	0	0	0	0	0	0	0	1	1	0	0	0	0	1	0	0	0	0	0	0	0	0	1	0	0	0	0	0	2	1	2	1	1	2	0	1	1	0	0	0	0	1	1	3	1	1	0	2	3	1	0	2	0	1	1	0	0	0	1	2	0	0	2	2	1	3	2	1	1	0	0	0	0	1	0	1	0	0	1	2	2	1	2	0	0	0	2	1	0	1	0	0	0	1	0	2	0	0	3	0	1	1	3	0	1	0	1	0	1	0	1	3	1	1	0	0	1	1	3	1	2	3	1	5	19	18	12	8	7	8	5	9	11	29	0	113	44	22	15	14	12	5	2	4	0	1	0	2	0	1	2	2	4	0	1	3	4	2	1	5	6	3	6	4	1	2	1	1	4	2	7	3	2	3	2	0	2	1	0	2	2	0	6	2	1	3	1	1	3	3	2	4	3	4	4	1	3	7	3	3	2	6	5	2	2	4	6	5	3	2	0	2	1	0	0	0	3	1	1	1	0	2	3	0	3	0	4	1	8	2	0	0	1	2	3	2	2	3	2	1	0	0	1	0	2	2	3	2	1	2	1
0	0	0	0	0	0	0	0	0	0	0	0	0	0	0	0	0	0	0	0	0	0	0	0	0	0	0	0	0	0	1	0	0	0	0	0	0	0	0	0	0	0	1	0	0	1	1	0	0	0	0	0	0	0	0	1	0	0	0	0	1	0	0	0	0	0	0	0	0	0	0	0	0	0	0	0	0	0	0	0	0	0	0	0	0	0	0	0	0	0	0	1	0	0	0	0	0	1	0	0	1	1	0	0	0	0	0	0	0	1	0	0	1	0	0	0	0	0	0	0	0	0	0	0	0	0	0	0	0	0	0	0	0	1	0	0	0	0	0	0	0	0	1	0	0	0	1	2	0	0	0	0	0	0	0	0	0	0	0	0	1	0	1	2	1	0	0	1	1	1	1	1	1	1	2	0	0	2	1	1	1	1	0	0	1	0	0	1	1	0	2	0	0	1	0	0	0	1	0	0	0	0	0	1	0	0	0	0	0	0	0	0	0	0	0	0	2	3	0	0	0	0	0	1	1	0	0	2	1	0	0	2	0	1	0	0	0	1	0	0	0	1	0	0	0	0	0	1	0	0	0	1	0	0	0	1	0	0	0	1	0	0	1	1	0	0	0	1	2	2	1	2	1	3	1	2	0	3	2	2	1	5	0	0	1	2	0	1	0	1	1	0	1	0	1	2	3	1	3	3	2	2	3	2	1	2	0	0	2	1	1	0	2	1	3	0	0	0	2	0	1	1	0	0	0	1	0	0	1	0	0	0	1	1	1	0	2	1	0	1	1	0	0	2	0	1	0	1	2	1	2	0	0	0	0	1	3	1	1	3	3	3	22	22	14	10	12	8	5	9	20	113	113	0	36	39	23	21	12	5	6	4	1	7	1	1	3	2	1	2	3	1	3	1	2	1	1	7	8	8	5	9	3	1	5	3	5	12	9	6	5	4	2	0	0	2	6	2	3	2	1	4	0	2	2	3	3	1	6	3	8	5	2	4	3	7	4	5	3	3	1	4	2	2	1	4	9	0	0	2	1	1	1	3	1	1	3	2	0	0	4	0	2	0	4	6	4	5	1	3	6	2	5	1	2	1	0	1	2	0	6	5	2	1	0	1	1	3	1
0	0	0	0	0	0	0	0	0	0	0	0	0	0	0	0	0	0	0	0	0	0	0	0	2	0	0	0	0	0	0	0	0	0	0	0	0	0	0	0	0	0	0	1	0	0	0	1	0	0	0	0	1	0	1	0	0	0	0	0	0	0	1	0	0	0	0	0	0	0	0	0	0	3	0	0	1	0	0	1	0	0	1	0	0	0	0	0	1	0	0	0	0	0	0	0	0	0	0	0	1	0	0	0	0	0	0	0	0	0	0	1	0	0	0	0	0	0	0	0	1	0	1	1	0	0	0	0	0	0	0	0	0	0	0	0	0	0	0	0	0	0	0	0	0	0	0	2	2	2	0	0	0	0	0	0	0	0	0	0	0	0	0	1	0	0	0	1	1	0	0	1	0	1	0	0	1	0	0	0	0	0	0	0	0	0	0	2	0	0	2	0	0	2	0	0	0	0	1	0	0	1	2	0	0	1	0	3	1	0	1	0	2	0	0	0	0	1	0	1	0	0	0	0	0	0	1	0	0	1	0	0	1	1	0	0	0	0	1	0	0	1	0	0	0	0	0	0	1	0	0	0	0	0	0	0	0	0	1	0	0	0	0	1	0	0	2	0	2	1	3	0	1	1	1	3	1	2	0	1	0	3	4	2	2	2	1	3	3	1	2	2	1	1	2	1	0	1	1	0	0	2	3	2	2	2	1	0	0	2	3	1	1	2	1	2	1	0	0	0	1	0	0	1	0	0	0	0	0	1	0	3	1	0	1	3	2	1	0	1	2	0	1	0	2	2	0	0	1	2	1	0	1	1	1	1	1	0	0	2	1	3	16	16	8	10	6	4	3	4	11	24	44	36	0	64	30	12	7	5	2	1	3	0	2	2	5	1	0	0	2	2	1	1	2	2	2	3	3	4	2	5	2	4	4	2	3	7	9	5	4	4	1	2	1	1	3	5	2	2	3	4	1	5	0	3	0	3	2	4	6	6	4	4	0	7	2	4	1	2	0	0	1	2	3	3	3	0	4	0	2	2	1	0	2	1	1	0	3	1	1	0	0	0	0	5	4	3	2	3	5	4	2	2	2	1	1	1	2	3	1	1	1	2	1	2	2	0	1
0	0	0	0	0	0	0	0	0	0	0	0	0	1	0	0	0	0	0	0	0	0	0	0	0	0	1	0	0	0	0	0	1	0	0	0	0	0	0	1	0	0	1	0	1	1	0	0	0	0	0	0	0	1	0	0	0	0	0	1	0	0	0	0	0	0	1	0	0	0	0	1	0	0	0	0	0	0	0	0	0	0	0	0	1	0	1	0	0	0	1	0	0	1	0	1	0	0	0	0	0	1	1	0	0	1	0	0	0	0	0	0	0	0	0	1	0	1	0	0	0	1	0	1	0	0	0	0	0	0	0	0	0	0	0	0	0	1	1	0	1	0	1	0	1	1	0	0	1	1	1	1	1	1	1	0	1	0	0	0	1	0	1	1	0	0	0	0	2	0	0	1	1	0	1	0	1	0	0	0	0	1	0	1	0	0	0	2	0	0	0	0	0	0	0	1	0	0	1	0	0	1	0	0	0	0	0	0	0	0	0	0	1	0	0	0	0	0	0	0	0	0	1	1	0	0	1	0	0	0	0	0	0	0	1	0	0	1	0	0	0	0	0	0	0	0	0	1	0	0	0	0	0	0	0	1	0	0	2	0	0	0	1	0	3	0	1	1	2	4	1	3	0	5	3	0	1	3	1	0	1	1	2	2	3	0	1	3	2	2	2	2	2	0	1	1	0	1	1	2	2	0	1	2	1	1	1	0	0	0	1	1	2	1	0	4	2	2	1	2	0	2	1	0	0	0	0	1	2	2	2	0	1	0	0	3	2	3	0	1	1	2	0	1	3	0	1	0	2	0	1	1	1	2	2	0	2	2	4	3	0	9	28	11	9	7	6	7	6	8	22	33	22	39	64	0	62	19	11	4	3	3	1	0	1	1	1	3	1	3	2	1	2	1	1	0	1	4	5	5	5	2	3	2	3	5	11	12	7	14	13	9	0	1	3	6	2	1	4	1	4	4	4	2	5	1	2	2	5	9	16	8	10	7	2	4	3	5	3	1	3	4	2	3	3	4	1	3	3	3	5	2	2	2	2	1	3	1	1	4	1	1	0	2	2	7	8	4	1	6	1	6	2	1	2	0	0	1	3	0	2	2	3	3	0	1	1	1	4
0	0	0	0	0	0	0	0	0	0	0	0	0	1	0	0	1	0	0	0	0	0	0	1	0	0	0	0	0	0	0	0	0	0	0	1	0	0	0	1	0	1	0	0	0	0	0	0	0	1	1	0	0	1	0	0	0	0	1	0	0	1	0	0	0	0	0	0	0	0	1	0	0	1	1	0	0	0	0	2	1	0	1	0	0	1	0	0	0	1	0	0	0	0	0	0	0	0	0	0	0	0	0	0	0	1	0	0	0	0	0	0	0	0	0	0	0	0	1	0	0	0	0	0	0	1	0	0	0	0	1	0	0	0	0	0	0	0	0	0	0	0	1	0	1	1	0	0	0	1	1	0	1	0	0	0	1	0	1	3	1	0	0	2	0	0	1	0	2	1	1	2	3	0	0	0	1	1	1	0	0	1	1	1	0	2	1	1	1	2	2	0	0	1	1	0	1	0	0	0	0	0	1	1	0	0	0	0	0	3	1	0	1	0	0	0	1	0	0	0	1	1	0	0	0	2	1	0	0	1	0	0	0	0	0	0	0	1	0	0	0	0	0	0	0	1	0	0	0	0	0	0	1	0	0	0	0	1	0	0	3	1	0	0	0	1	0	0	1	2	1	3	1	3	4	3	1	4	1	1	3	1	2	3	0	1	1	2	1	1	0	1	0	1	0	1	1	1	0	1	2	1	3	1	3	0	0	2	3	0	1	1	2	0	2	1	1	3	1	2	0	1	0	1	1	2	0	1	0	0	0	1	0	0	1	0	0	0	0	0	0	2	0	0	1	2	2	1	3	1	2	3	0	1	1	3	1	1	3	4	1	1	8	7	7	5	5	5	7	11	17	11	15	23	30	62	0	32	5	6	4	5	1	2	2	3	1	3	4	4	1	1	0	4	4	2	4	8	13	16	12	10	4	3	6	8	20	25	19	20	7	8	7	1	3	2	2	5	1	2	6	5	4	4	5	4	3	4	5	3	11	7	7	3	1	6	2	2	1	2	2	2	4	1	3	3	3	2	1	2	0	2	0	0	0	1	0	1	0	2	2	1	3	0	2	2	3	2	3	2	4	7	1	1	1	2	2	0	0	1	1	3	2	2	1	2	0	0	1
0	0	0	0	0	0	0	0	0	0	0	0	1	0	0	0	0	0	0	1	0	0	0	0	0	0	0	0	0	1	1	1	0	0	0	2	0	0	0	0	1	0	0	1	0	0	0	0	0	0	0	0	0	0	0	0	0	0	0	0	0	0	0	0	0	0	0	0	0	0	0	0	0	0	0	0	0	1	0	0	0	0	0	1	2	0	0	0	0	0	0	0	0	0	0	0	0	0	0	0	0	1	0	2	0	0	0	0	1	0	0	0	1	0	2	0	0	0	0	0	0	0	0	0	0	0	0	0	1	0	0	0	0	0	0	2	0	0	0	0	0	0	0	0	1	1	1	0	0	0	1	2	0	0	0	0	0	1	0	0	1	0	0	1	0	1	4	0	0	0	0	1	0	0	1	0	2	1	0	1	2	0	0	0	0	0	0	0	1	0	0	0	0	0	2	1	0	0	1	0	0	0	0	1	1	1	0	0	0	0	0	0	1	1	1	0	0	0	0	1	2	0	1	1	1	0	0	1	1	0	2	0	0	0	0	0	1	0	0	0	0	0	0	0	0	0	0	0	0	0	0	0	0	0	1	0	0	1	0	0	0	0	0	2	0	1	2	3	4	1	1	3	0	3	4	3	2	0	1	0	3	1	3	2	1	0	2	0	2	1	1	2	1	4	1	1	1	2	1	0	2	3	1	3	7	2	1	0	4	2	3	2	3	0	0	4	3	4	1	1	0	1	1	1	0	1	1	0	1	1	1	3	3	1	1	3	2	0	1	2	0	0	1	0	0	0	2	0	1	0	1	0	0	2	2	1	2	1	1	5	3	2	12	2	6	7	8	7	8	27	30	24	14	21	12	19	32	0	45	10	4	9	4	7	2	5	5	2	4	1	1	4	5	8	5	1	3	1	9	7	11	9	4	2	6	6	9	35	32	14	3	1	4	1	3	5	4	7	5	5	9	6	5	4	3	2	4	3	3	5	5	8	1	2	4	3	5	3	1	1	0	3	2	1	3	3	3	1	2	1	3	4	0	1	0	2	4	3	1	0	2	3	4	1	3	5	6	1	3	2	3	2	3	2	4	2	1	4	2	4	1	2	1	1	0	1	1	0	3
0	0	0	0	0	0	0	1	0	0	0	1	0	0	0	0	0	0	0	0	0	0	0	0	0	0	0	0	0	0	0	0	0	0	0	0	1	0	0	0	0	0	0	0	1	1	1	1	0	0	0	2	0	0	1	2	0	0	0	0	1	0	0	0	0	0	0	1	0	0	0	2	1	0	0	0	0	0	0	0	0	0	0	0	1	1	2	1	0	0	0	0	0	1	2	0	0	1	0	0	0	0	0	0	1	0	1	0	0	0	1	0	0	0	0	0	2	0	0	1	0	0	0	0	0	0	1	0	0	0	0	0	0	0	0	1	0	0	0	1	1	0	0	0	1	0	0	0	0	3	4	4	0	0	0	1	0	3	0	0	1	0	1	2	2	0	0	3	0	1	0	1	0	0	1	2	1	0	2	0	0	1	1	0	1	0	2	1	1	3	0	0	1	1	0	0	1	0	0	1	2	1	0	0	0	1	0	1	1	1	0	0	1	1	2	0	1	2	1	1	0	0	1	1	0	0	0	2	1	0	0	0	0	0	0	0	0	0	0	0	0	0	0	0	0	0	1	0	0	0	0	0	1	0	1	0	0	1	0	0	2	1	0	1	1	1	4	2	3	1	1	1	2	3	3	1	3	1	3	2	6	3	0	1	1	3	2	0	0	1	0	2	0	1	0	1	0	2	2	3	2	2	4	6	2	2	1	2	3	2	1	1	1	1	1	1	2	3	1	1	0	1	1	1	0	0	0	0	0	3	0	1	1	1	1	1	4	2	1	1	0	0	1	2	3	0	1	4	2	0	1	2	1	0	1	0	1	2	2	0	3	8	10	5	6	6	16	8	16	36	30	19	12	12	7	11	5	45	0	34	19	4	4	8	7	5	9	2	3	3	3	2	7	7	5	2	1	3	4	9	8	12	6	0	3	4	8	13	10	7	3	0	2	3	4	3	6	7	12	9	2	4	2	2	2	3	6	5	5	3	7	2	1	1	1	1	4	2	5	3	5	4	2	3	3	2	5	4	4	7	0	1	0	0	2	7	2	2	1	2	2	3	4	3	3	19	15	4	0	7	3	3	8	3	1	6	1	1	1	3	4	1	1	2	2	2	2	3	1
0	0	0	0	0	0	0	0	0	0	0	0	0	0	1	1	0	0	0	2	0	0	0	0	0	0	0	0	0	0	0	0	0	1	1	0	1	1	0	0	0	0	0	1	1	1	1	0	0	0	0	0	1	0	0	0	0	0	0	0	0	0	0	1	0	0	0	0	0	0	1	0	0	0	2	0	0	0	0	0	1	0	0	0	0	2	0	1	0	0	0	0	0	0	1	1	0	0	0	0	0	0	0	0	0	1	1	0	0	0	1	0	0	0	0	0	0	1	0	0	0	0	0	0	0	0	0	0	0	0	1	1	0	0	0	0	1	0	0	0	0	1	0	0	0	1	2	0	0	0	1	0	0	2	0	1	0	1	0	0	1	0	0	1	1	1	1	1	1	2	0	2	0	1	0	2	0	0	1	1	0	1	2	0	1	0	2	0	1	1	0	1	0	1	0	0	0	1	0	0	0	0	0	1	0	0	1	0	1	2	2	0	0	2	0	1	0	4	1	1	1	0	2	0	1	0	0	2	1	2	1	0	1	0	1	0	0	1	0	0	0	0	0	0	1	0	0	0	1	0	1	1	1	1	2	0	0	1	0	1	0	2	0	0	2	0	1	1	2	1	2	3	3	3	5	3	1	2	3	0	2	1	0	1	1	0	2	1	1	1	1	1	2	0	1	0	0	1	2	0	1	1	3	3	5	1	2	1	4	2	3	2	3	1	2	2	3	5	2	0	0	1	1	0	0	0	2	0	2	1	2	3	4	3	3	3	3	1	4	2	0	0	3	1	2	2	3	0	1	2	0	0	1	0	1	2	1	3	2	1	3	3	1	2	1	3	12	11	14	25	8	8	5	5	5	4	6	10	34	0	79	31	15	15	14	9	2	6	6	10	2	4	2	7	4	3	1	3	4	3	4	8	2	7	2	2	6	4	5	6	2	6	5	2	4	2	8	6	16	14	13	3	1	2	1	3	4	5	5	2	0	8	1	1	4	0	1	3	2	2	1	5	0	4	2	1	6	3	2	4	6	3	2	3	4	16	11	5	6	4	9	3	9	12	22	13	16	6	1	5	7	4	6	11	7	5	6	2	2	3	0	1	2	3	0	1	2	3	4
0	0	0	0	0	0	0	0	0	0	0	1	0	0	0	0	0	0	0	0	0	1	0	0	0	0	0	1	0	0	0	0	0	0	0	0	0	0	2	0	0	1	1	0	0	0	1	0	0	0	0	0	0	0	0	0	0	0	0	0	0	1	0	0	0	1	0	0	0	0	0	0	0	0	1	0	0	0	0	0	0	1	0	0	2	0	0	1	0	0	0	1	0	0	0	0	0	0	0	0	1	2	0	0	0	0	2	0	0	1	0	0	0	0	0	1	1	0	0	0	0	0	0	0	0	0	0	0	0	0	0	0	0	1	0	0	1	1	0	0	0	0	0	0	1	1	1	0	1	1	0	1	0	1	1	0	0	1	0	0	2	0	1	0	3	2	2	1	3	0	1	1	2	1	2	1	0	1	0	0	1	1	1	0	1	1	1	0	0	1	0	0	0	0	0	3	0	2	1	0	2	0	0	1	0	1	1	0	0	2	2	1	1	0	2	2	1	3	2	2	2	0	1	1	1	1	3	0	0	0	1	1	1	0	1	0	2	0	0	1	1	0	0	0	0	0	1	0	1	0	0	1	0	0	0	1	0	1	1	0	0	0	0	0	0	2	2	5	2	1	1	1	1	3	2	1	0	1	1	1	4	0	1	0	2	2	0	1	1	1	0	0	0	2	0	0	1	3	1	1	2	1	7	4	6	3	0	1	0	1	2	2	2	1	0	0	1	1	1	1	3	2	1	2	0	3	2	1	0	1	3	3	3	2	3	1	5	0	2	1	0	2	1	1	0	2	1	0	1	1	4	1	1	1	1	1	1	0	3	3	1	5	1	3	2	1	3	6	15	8	5	5	2	6	2	3	4	4	19	79	0	110	39	16	3	6	3	4	4	5	6	6	3	4	3	2	0	1	3	0	2	3	2	0	2	0	1	6	3	4	3	2	4	2	7	7	7	6	16	12	9	5	3	2	2	2	5	4	4	2	6	2	3	2	3	0	4	1	0	1	3	3	3	1	5	5	6	5	6	9	2	5	2	5	11	16	8	7	8	12	14	13	25	31	33	23	12	11	3	2	4	3	7	11	6	10	7	3	6	4	4	1	1	0	0	2	0	2	0
0	0	0	0	0	0	0	0	0	0	0	0	0	0	1	0	0	0	1	1	0	0	0	0	0	0	0	0	0	1	0	0	0	0	0	0	0	0	3	0	1	1	0	0	0	0	1	2	1	1	0	0	1	0	0	0	0	0	0	0	0	0	0	1	0	0	0	0	0	2	0	0	0	0	1	0	0	0	0	0	0	0	0	2	0	2	1	0	0	1	0	0	0	0	0	0	0	1	0	1	0	0	0	0	0	2	0	0	0	0	1	0	0	0	0	1	0	0	0	0	0	1	0	0	0	0	0	0	0	0	0	0	0	0	0	0	0	1	0	0	0	0	1	0	1	0	1	1	1	1	2	2	1	0	2	0	0	1	2	3	3	1	0	1	6	2	3	2	2	0	0	4	1	2	0	0	0	0	2	0	0	3	1	1	1	0	4	1	2	5	2	1	0	0	1	0	1	1	0	1	0	2	0	0	1	1	2	0	0	0	0	1	1	0	0	2	3	1	1	0	0	1	1	0	1	0	1	1	0	0	0	4	2	0	1	0	2	0	0	0	1	1	0	0	1	0	1	0	0	0	1	1	0	1	1	0	1	1	1	1	1	0	3	0	0	2	2	5	1	0	1	2	1	1	2	2	1	1	2	0	0	1	1	0	2	1	3	1	2	0	0	2	2	0	0	0	2	1	2	1	2	2	3	6	5	1	2	0	1	0	0	1	1	3	3	2	2	3	2	3	3	3	1	3	1	2	2	0	2	2	2	3	3	3	4	4	3	0	1	1	1	0	2	3	0	0	1	1	0	0	1	2	1	0	1	0	1	0	2	2	2	2	3	1	0	2	4	2	11	9	7	3	4	4	1	3	5	9	4	31	110	0	38	11	12	7	3	4	4	2	1	3	1	6	3	0	1	2	4	4	2	4	4	3	4	2	1	4	3	5	5	3	1	5	3	18	13	11	18	13	3	2	2	4	3	4	4	3	5	2	9	3	1	2	4	0	2	2	0	6	1	2	4	0	0	1	5	7	8	2	4	5	3	14	23	27	26	14	14	15	23	13	31	18	17	17	10	2	3	4	4	4	11	13	15	14	6	7	6	4	5	2	3	3	4	2	0	4	1
0	0	0	0	0	0	0	0	0	0	0	1	0	0	0	1	0	1	1	0	0	0	1	1	0	0	1	0	0	0	0	0	0	1	1	1	0	0	0	2	1	0	0	0	0	1	2	0	0	0	0	0	0	0	0	0	0	0	0	0	0	0	0	0	0	0	1	0	0	0	1	0	0	1	0	1	0	0	1	0	1	1	0	0	1	1	0	0	1	1	0	1	1	1	0	1	0	1	0	1	1	0	0	0	0	0	0	0	0	0	0	0	0	0	0	1	0	0	0	0	2	0	0	1	0	0	0	0	0	0	1	0	1	1	0	0	0	0	0	0	0	1	0	0	0	1	1	3	2	2	1	1	3	0	3	2	0	2	0	2	1	0	0	4	3	1	1	1	1	2	0	3	1	1	0	0	0	0	1	0	3	0	0	0	0	1	1	2	2	2	0	0	0	0	1	3	1	0	1	1	0	1	0	2	0	1	0	0	3	0	0	0	0	2	0	0	3	1	0	3	2	0	0	0	2	0	1	4	0	1	0	0	0	1	0	0	0	0	0	0	0	0	1	0	0	1	2	0	2	1	0	1	0	1	0	0	0	0	0	0	0	0	1	1	2	3	4	1	1	1	1	0	0	1	1	1	3	3	1	4	1	1	2	1	1	2	1	0	1	1	1	0	2	1	1	0	0	0	1	1	2	3	7	9	16	3	2	0	0	1	3	4	2	4	2	3	0	3	2	1	0	2	1	1	0	2	1	1	3	4	0	3	3	3	5	1	2	1	3	1	0	1	1	0	0	0	0	0	1	2	1	0	1	1	2	0	4	0	2	2	1	1	1	1	6	2	4	1	2	9	2	5	0	1	3	1	1	4	4	15	39	38	0	59	33	11	12	5	4	2	5	5	1	7	2	1	0	1	2	1	0	2	3	2	2	1	1	2	7	1	3	2	2	3	3	12	10	6	19	14	8	7	5	2	4	4	7	5	0	3	4	1	3	3	1	2	1	2	0	1	2	0	1	1	0	3	3	3	2	7	0	3	4	5	15	9	13	11	9	21	54	21	16	14	14	8	3	5	1	1	3	2	4	4	5	4	6	0	1	4	2	2	3	2	0	0	1	0	1
0	0	0	0	0	0	0	1	1	0	0	0	0	0	0	0	1	0	0	0	0	0	0	0	0	3	0	1	0	0	0	0	0	0	0	0	0	1	0	0	0	0	0	0	1	2	1	0	0	0	0	0	0	1	0	0	0	0	0	1	0	0	0	1	0	0	0	0	0	1	0	0	0	1	0	0	0	1	2	1	0	0	1	0	0	2	0	2	1	1	0	0	1	0	0	0	1	0	0	0	0	0	0	0	0	0	0	2	2	0	1	0	0	0	0	0	0	1	0	0	0	0	0	1	0	0	0	0	0	0	0	1	0	0	0	1	0	0	0	1	1	0	0	0	1	1	0	1	0	0	0	0	2	0	0	0	1	1	1	1	2	2	1	2	4	2	3	1	0	1	1	1	0	0	0	3	1	0	2	0	4	2	2	1	1	1	1	3	1	3	0	0	0	1	0	0	2	2	2	0	2	1	0	0	0	0	0	0	1	0	0	0	2	2	2	2	0	1	2	1	3	1	0	3	1	1	0	0	0	1	2	1	1	1	0	0	0	0	3	1	0	0	2	0	0	0	2	0	0	0	1	0	0	2	0	1	0	2	0	0	1	1	1	0	1	2	2	2	3	0	0	0	2	2	2	3	1	2	2	1	0	1	1	0	1	2	0	0	0	0	0	0	1	0	1	3	1	0	0	2	2	1	6	6	13	7	3	2	1	0	3	1	1	4	3	2	3	1	5	2	0	2	0	0	1	0	0	1	2	1	2	2	3	0	0	2	3	0	1	1	0	0	1	0	0	0	0	0	0	0	2	1	1	0	0	2	2	1	2	0	2	4	1	3	4	2	4	1	7	0	4	2	1	7	0	0	2	7	8	15	16	11	59	0	120	26	13	3	5	6	14	6	8	6	3	0	3	2	2	1	4	2	1	1	1	2	1	1	6	6	4	7	1	4	3	2	1	5	10	7	2	3	1	4	2	3	1	3	2	1	3	4	1	3	2	0	2	1	2	1	1	0	3	0	1	3	4	3	4	3	2	3	1	6	6	7	6	6	11	9	21	11	15	11	5	8	4	2	1	2	3	2	2	2	2	4	2	1	0	1	1	2	0	1	3	1	0	0	0
0	0	0	0	0	0	0	0	0	1	0	0	0	0	0	0	0	0	1	0	0	0	0	0	0	1	0	0	0	1	0	1	0	0	0	1	1	1	0	0	0	1	1	0	0	0	1	0	0	1	0	0	0	1	0	1	0	0	0	0	0	0	0	0	0	0	0	0	0	0	0	0	0	2	1	0	0	0	1	1	0	0	0	0	0	0	0	1	1	0	0	0	0	0	0	1	1	0	0	2	1	0	0	0	2	0	1	0	1	1	0	0	1	1	0	0	0	0	2	0	0	0	0	0	0	0	0	0	0	1	1	0	0	0	0	0	1	1	0	0	0	1	0	0	0	1	0	1	1	0	3	1	1	0	0	0	0	0	2	0	1	2	3	0	1	2	3	1	1	0	0	1	1	1	2	1	0	0	0	1	2	0	1	0	0	1	0	0	1	0	1	1	0	1	0	0	0	0	0	0	1	0	0	0	1	0	1	0	1	1	0	1	1	0	0	0	2	0	2	1	1	1	0	1	1	1	1	1	0	1	0	0	0	0	2	0	0	0	0	1	0	0	0	0	1	0	1	1	0	0	0	0	0	0	0	0	0	0	0	2	1	1	0	3	0	0	4	4	1	1	1	1	1	3	0	2	0	1	1	1	0	2	2	0	1	2	3	0	0	0	2	0	0	0	2	0	0	1	0	2	1	1	3	7	5	2	2	3	2	3	6	2	3	4	4	4	3	2	3	0	2	0	1	0	1	0	0	1	1	4	0	2	2	0	3	2	1	0	2	1	0	2	1	1	0	1	0	0	2	0	1	0	0	0	0	2	0	0	1	1	0	1	2	2	1	1	1	3	5	3	4	5	0	1	2	1	2	2	7	14	3	12	33	120	0	91	28	8	14	11	9	12	8	10	6	6	2	2	4	4	5	9	2	2	1	0	5	4	5	5	7	3	4	2	1	5	9	9	11	11	14	12	3	5	4	5	2	3	2	3	4	1	1	1	2	2	1	2	0	0	0	0	1	3	0	3	1	0	3	0	2	5	1	3	2	9	1	3	6	9	10	10	6	5	8	6	3	2	1	3	1	2	4	0	6	1	4	2	0	3	2	0	0	2	0	0	0	0	1
0	0	0	0	0	0	0	0	0	0	0	0	0	0	0	0	0	1	0	0	1	1	0	1	0	0	2	0	0	0	0	0	0	0	0	1	3	0	1	0	0	0	0	0	1	0	1	0	2	0	0	1	0	0	0	0	0	1	0	1	0	2	0	1	0	1	0	1	0	0	0	0	0	0	0	0	0	0	0	0	1	0	0	1	1	0	0	1	0	0	0	0	1	0	0	0	0	0	0	0	0	0	1	0	0	0	2	1	0	0	0	0	0	1	0	0	0	0	0	1	0	0	0	0	0	0	0	1	0	1	0	1	1	0	1	0	0	0	0	1	0	0	1	0	0	0	1	1	2	0	1	0	1	0	1	0	0	0	2	0	1	0	1	2	2	2	0	2	0	1	2	2	0	0	0	0	2	0	1	0	2	0	0	1	0	0	0	1	1	3	0	1	0	0	0	0	0	0	0	0	0	1	0	1	0	0	0	0	0	0	0	0	0	0	0	2	0	1	1	1	0	1	0	2	2	0	0	0	0	0	0	0	0	0	0	0	0	0	0	0	0	0	0	0	2	1	0	0	0	0	1	1	1	0	0	0	1	1	0	1	1	1	0	1	0	1	2	3	2	0	0	1	2	2	2	0	3	2	5	1	1	2	1	1	3	1	2	2	2	2	2	0	0	1	0	0	1	1	3	0	3	2	5	9	6	5	7	4	2	2	6	4	8	3	4	8	11	5	1	0	3	1	1	1	0	1	0	2	1	0	0	0	1	0	0	1	1	0	3	3	0	0	1	2	0	0	0	0	0	1	1	1	0	0	0	1	2	1	1	0	1	3	2	0	1	0	4	4	4	3	3	5	2	1	2	1	3	5	5	9	6	7	11	26	91	0	93	16	14	12	14	15	13	14	5	1	2	5	3	4	5	8	1	2	1	4	1	6	4	7	2	1	1	2	3	2	2	10	12	27	22	8	4	1	5	8	4	1	3	3	2	1	1	1	2	1	0	0	0	3	1	1	2	0	2	2	2	2	1	4	3	2	2	3	0	0	4	3	3	3	6	5	8	4	5	4	2	1	1	2	0	1	1	5	2	2	2	0	2	0	3	1	1	0	1	4	1	1	0
0	0	0	0	0	0	0	1	0	0	0	0	0	1	0	0	0	0	0	0	0	0	0	0	0	0	0	0	1	0	0	0	0	0	1	0	0	0	0	0	0	0	0	0	0	0	0	0	0	1	1	0	0	0	0	0	1	0	0	0	0	0	0	0	0	0	0	0	0	0	1	0	0	0	1	0	1	0	0	0	1	1	0	0	0	0	1	0	0	0	1	0	1	1	0	0	0	0	0	2	0	0	1	0	0	0	0	0	1	1	0	0	0	0	0	0	0	0	0	1	0	0	1	1	0	0	0	0	0	1	0	0	1	1	0	0	0	1	0	1	0	0	0	1	1	1	3	1	2	0	1	0	1	0	1	1	0	0	0	0	0	0	3	0	0	1	3	5	2	1	3	1	2	1	2	1	0	3	1	0	0	1	0	1	2	0	1	0	0	2	2	0	1	0	0	0	3	2	0	4	1	1	0	0	1	0	0	0	0	0	1	0	0	1	2	0	0	0	1	2	1	0	2	0	2	0	0	1	1	0	0	1	0	0	0	0	1	0	0	0	0	0	0	0	1	0	1	0	0	2	0	0	1	0	0	1	0	1	1	0	1	1	0	0	1	3	2	2	4	2	1	0	2	2	3	1	0	5	4	3	1	1	1	2	0	1	1	1	2	2	0	0	1	1	0	1	1	2	0	2	3	5	4	5	22	7	5	6	6	0	4	7	11	9	5	4	7	6	3	2	3	1	1	2	2	1	0	0	6	2	1	1	0	1	0	0	1	1	1	1	0	0	1	0	0	0	1	0	1	2	0	0	0	0	1	0	0	1	2	2	0	1	1	0	4	1	1	1	3	4	2	2	0	3	5	1	1	5	9	2	3	3	12	13	28	93	0	46	24	18	11	17	6	10	6	4	3	3	4	7	1	6	8	3	2	3	5	4	6	5	6	2	1	1	2	5	7	10	4	20	11	8	6	2	5	4	5	9	1	4	1	4	1	4	1	1	0	0	1	0	2	0	1	2	1	0	2	1	2	1	3	3	0	4	0	3	2	2	8	10	3	4	3	4	2	4	2	1	1	1	0	1	0	2	4	2	4	0	2	0	2	0	1	0	1	1	0	1	0
0	0	0	0	0	0	0	1	0	0	0	0	0	2	0	0	1	1	0	0	0	0	0	0	0	0	0	0	0	1	0	0	0	0	0	1	0	0	0	0	0	0	0	1	1	1	1	0	0	0	0	0	0	0	0	0	0	0	0	0	0	0	0	0	0	0	0	0	0	0	0	0	0	0	0	0	1	0	0	1	0	1	0	0	1	0	0	0	0	0	0	1	1	0	0	0	0	0	0	0	0	0	0	0	1	0	0	1	0	0	0	0	0	1	1	0	0	0	0	0	0	0	0	0	0	0	1	1	0	0	1	0	0	0	0	0	0	0	0	0	0	0	0	1	1	0	0	0	3	1	0	1	0	2	1	1	4	1	0	0	1	0	1	3	1	3	1	5	2	4	2	3	6	0	2	4	3	1	0	0	1	2	0	0	1	0	0	3	4	0	0	1	1	1	0	0	0	0	1	0	1	0	1	0	1	0	1	0	0	0	1	0	0	0	3	0	0	0	0	0	2	0	0	3	0	0	1	0	1	0	0	0	0	1	0	0	0	0	0	1	0	0	0	0	0	1	0	0	0	1	1	2	0	2	0	0	0	0	0	1	1	0	0	2	1	0	3	4	4	1	5	0	0	1	3	3	1	6	2	4	5	1	3	1	0	0	1	0	0	0	0	0	0	1	0	1	0	2	2	0	0	2	6	7	12	19	13	6	13	10	6	9	9	8	7	14	18	19	0	1	0	2	1	0	2	1	0	0	1	1	0	2	0	5	0	1	0	1	2	0	1	0	0	2	1	0	1	0	2	0	0	1	0	0	0	1	0	2	0	1	2	0	3	0	3	0	2	0	3	3	5	2	1	2	1	3	3	2	2	6	4	4	5	3	8	16	46	0	75	27	10	15	5	6	11	5	3	3	4	3	1	5	17	7	4	3	3	5	3	4	4	3	1	2	2	5	7	11	7	13	23	11	10	6	14	15	6	6	4	4	3	0	3	2	0	0	1	0	0	1	0	0	1	0	3	0	1	1	0	1	2	0	1	1	3	7	2	4	2	5	2	3	1	1	1	3	1	1	0	0	2	2	2	0	2	0	1	0	1	2	0	1	1	2	2	0	0	1	1
0	0	0	0	0	0	0	0	0	0	0	1	0	0	1	0	0	0	0	0	1	0	0	0	0	0	0	0	0	0	0	0	0	0	0	0	0	0	0	0	1	1	0	0	1	0	0	0	0	0	0	1	1	0	1	0	0	1	0	0	0	2	0	0	1	1	0	1	0	0	0	0	0	0	0	0	0	0	0	0	0	0	0	0	0	0	0	0	1	0	0	0	0	1	0	1	0	1	0	0	0	0	0	0	0	0	0	1	0	0	0	0	0	0	0	0	0	0	0	0	0	0	0	0	0	0	0	0	1	0	0	0	0	0	0	0	0	0	0	0	0	2	0	0	1	0	1	0	0	0	1	1	0	0	0	0	0	1	1	0	1	0	0	1	2	2	3	6	5	2	1	5	3	0	0	0	0	1	0	0	2	1	0	1	2	1	3	1	0	2	1	0	0	0	0	0	0	0	3	1	0	0	2	0	1	1	0	0	1	0	0	0	2	0	0	1	2	0	2	0	0	1	1	0	1	1	0	0	0	1	0	0	0	0	0	0	0	3	0	0	0	0	0	1	0	0	0	2	1	1	1	0	0	1	0	0	0	0	1	0	0	1	1	0	1	0	1	6	4	0	0	1	1	4	2	1	0	2	5	4	2	1	4	0	1	1	0	0	1	0	0	1	2	1	0	1	1	0	0	3	1	2	6	13	14	13	12	8	10	13	21	13	17	14	6	4	11	8	0	1	0	1	1	0	1	2	1	2	2	0	0	0	0	0	0	2	2	0	0	0	2	0	0	0	2	1	1	0	1	0	1	0	0	0	1	0	1	0	0	1	2	0	1	2	3	1	2	1	3	3	3	1	2	1	0	1	4	4	3	6	4	4	4	5	14	14	24	75	0	77	16	26	10	14	4	6	4	3	2	4	2	11	24	4	0	1	5	3	9	2	5	6	4	1	1	3	4	4	7	7	12	17	13	8	10	7	3	4	2	6	4	1	1	3	2	0	0	1	0	1	1	1	2	0	0	2	0	1	1	2	1	1	2	1	2	4	3	2	2	4	3	2	3	4	2	3	2	1	2	1	0	2	0	1	3	0	1	2	0	1	0	1	1	0	0	0	0	0	1
0	0	0	0	0	0	0	1	0	0	0	0	0	0	0	0	0	0	0	0	0	0	0	0	1	0	0	0	0	0	1	0	0	0	0	1	0	0	0	0	1	0	0	0	0	0	0	0	0	0	0	0	0	0	0	0	0	0	1	0	0	0	0	1	0	0	0	0	0	0	0	0	0	1	0	0	0	1	0	0	0	0	0	0	1	0	1	0	0	0	0	0	0	0	0	0	1	0	0	0	2	0	0	2	0	0	1	0	1	0	0	0	1	0	1	0	0	0	0	0	0	0	0	0	0	0	0	0	0	0	0	0	1	0	0	0	1	0	2	0	0	0	0	0	1	0	0	1	0	0	1	0	1	1	0	1	0	0	0	1	1	1	0	1	0	1	2	5	3	0	1	1	2	2	1	1	1	0	0	1	0	1	1	1	0	0	3	3	1	0	0	1	0	0	0	2	0	1	0	0	0	1	0	0	2	0	0	1	0	0	0	0	0	0	0	0	0	1	0	1	0	0	1	0	1	1	1	0	0	0	0	2	0	0	0	0	0	0	0	0	1	0	0	1	0	0	0	0	0	1	0	0	0	0	0	0	0	0	1	0	1	1	0	1	1	2	2	1	1	1	1	1	2	1	3	1	2	2	2	2	5	1	2	1	1	2	2	0	0	0	3	0	2	0	2	1	1	3	3	2	1	1	2	4	2	7	8	6	13	5	8	6	7	2	7	6	4	6	0	5	0	1	0	0	0	1	0	0	0	0	3	1	1	1	0	0	0	2	0	2	0	1	0	0	0	0	1	0	2	0	0	0	0	0	1	0	1	1	1	2	1	0	0	1	0	1	1	0	0	2	2	3	2	2	0	3	4	1	3	10	5	2	2	6	11	12	18	27	77	0	44	30	15	7	16	11	9	5	2	4	7	18	4	3	6	4	3	2	5	4	2	3	3	1	0	5	4	5	10	10	11	16	18	1	7	9	9	1	0	1	3	2	0	1	1	0	2	1	1	1	1	0	0	0	2	0	2	1	1	2	2	0	0	1	0	1	2	3	1	2	4	0	3	4	5	2	1	0	0	1	0	0	1	0	1	0	1	0	1	1	0	0	0	0	1	1	0	0	0
0	0	0	0	0	0	0	0	0	0	2	0	1	0	0	1	0	0	1	0	1	0	1	0	0	0	1	1	0	0	0	0	0	0	0	0	0	0	0	0	0	0	0	0	1	0	0	0	0	0	0	0	0	0	0	1	0	1	0	0	0	0	0	0	0	0	0	0	0	0	0	0	0	0	0	0	0	0	1	0	0	0	0	1	0	1	0	2	1	1	0	0	0	0	0	1	1	0	0	0	0	0	0	0	0	0	0	0	0	0	0	0	0	0	0	0	0	0	1	0	0	0	0	0	1	0	0	0	0	0	0	0	0	1	0	1	0	1	0	0	2	1	0	0	0	1	1	1	2	4	2	0	0	1	1	0	0	0	0	0	0	0	0	1	0	1	1	0	3	2	1	3	0	0	1	1	1	1	0	0	0	1	1	0	0	0	3	3	0	0	0	1	0	0	0	0	0	1	1	0	1	0	0	0	3	0	0	0	0	1	0	0	1	0	0	0	1	0	0	0	0	0	0	0	0	0	0	1	0	1	0	0	0	0	0	0	0	0	1	0	1	0	0	0	1	1	0	0	0	0	1	0	0	1	0	0	0	1	0	0	1	1	2	2	1	2	1	1	1	1	2	2	2	2	1	2	0	2	3	1	0	2	3	1	1	2	0	0	0	2	1	1	0	0	1	0	1	1	3	1	1	1	5	4	8	9	4	2	6	2	7	3	8	4	4	1	5	0	2	3	2	0	0	0	0	1	0	0	2	2	1	3	0	0	0	0	0	1	0	0	0	0	1	0	0	0	0	0	1	2	0	1	0	0	0	0	0	1	1	0	0	1	1	1	1	1	1	0	2	5	4	2	4	3	2	2	1	1	3	2	6	1	5	14	9	14	11	10	16	44	0	15359	43	21	11	8	6	4	3	6	5	7	2	4	2	1	1	5	4	2	0	2	2	1	0	3	2	6	1	4	3	13	8	1	2	5	4	1	0	2	1	1	2	2	2	2	0	0	1	3	0	0	0	0	0	3	0	1	1	2	1	1	0	1	3	2	1	3	2	3	2	3	3	1	2	0	0	1	2	1	0	0	1	1	1	0	2	3	2	1	4	0	0	0	0	1	0	0	0
0	0	0	0	0	0	0	0	1	0	2	0	1	1	0	2	0	0	0	0	0	0	0	0	0	1	0	0	0	1	0	0	0	0	0	2	1	1	1	1	1	0	0	0	1	1	0	1	0	1	0	0	0	0	0	0	0	0	0	2	0	0	0	0	0	0	0	0	0	0	0	1	0	0	0	0	0	0	0	0	1	0	0	0	1	0	1	1	0	0	0	0	1	0	0	0	0	0	0	0	0	0	1	0	0	0	1	1	0	0	0	0	1	0	0	0	0	0	0	1	0	0	0	0	0	0	0	0	0	0	0	0	0	0	1	0	0	0	0	0	0	0	0	0	1	0	0	0	0	2	1	1	0	0	1	0	1	2	2	0	0	1	1	0	0	2	3	3	2	0	1	1	2	1	1	1	1	0	2	0	0	0	1	0	1	0	0	0	0	1	1	0	0	1	0	0	1	0	1	1	0	1	1	0	0	0	0	0	1	0	0	0	0	0	1	1	0	2	0	1	0	1	0	0	1	1	1	0	0	2	1	0	2	0	0	0	0	0	0	0	0	0	0	0	3	0	0	2	0	0	1	0	0	0	0	0	0	0	0	1	0	0	2	1	0	0	1	0	3	2	0	1	1	1	1	1	0	0	0	1	0	2	0	0	1	0	1	3	0	1	1	0	2	0	0	1	1	1	0	0	2	2	1	1	3	4	2	5	5	7	7	8	9	10	4	4	2	0	3	0	1	0	2	0	0	1	1	0	1	0	1	0	1	2	1	0	0	1	0	1	0	0	0	0	2	0	0	0	0	1	1	0	1	0	0	0	1	1	0	1	0	0	1	2	1	1	0	1	2	3	4	2	0	1	2	1	1	4	2	4	6	3	5	6	12	15	17	15	26	30	15359	0	29	21	11	17	7	3	5	3	5	8	6	5	1	3	2	0	2	4	0	2	0	1	2	6	4	6	5	6	5	11	4	3	4	1	2	1	0	4	1	0	1	4	1	1	0	0	0	0	0	1	1	0	0	1	1	2	0	0	2	1	1	1	3	1	2	3	0	0	2	6	0	6	0	0	1	0	0	0	0	0	2	0	1	2	0	3	0	2	2	0	0	0	0	0	0	0	0
0	0	0	0	0	0	0	1	0	0	0	0	0	0	1	0	1	1	0	0	0	0	0	0	0	0	0	0	0	0	0	0	1	0	0	0	0	0	0	0	0	0	0	1	0	0	0	0	1	0	0	0	0	0	1	0	0	0	0	0	0	1	0	1	0	0	0	0	0	0	0	1	1	0	0	1	0	0	0	0	0	1	0	1	2	0	1	0	0	0	0	0	0	0	2	0	0	1	0	0	0	0	0	0	0	0	1	0	0	0	0	0	0	0	0	0	0	0	0	0	0	0	0	0	1	0	0	0	0	0	0	0	0	1	0	0	0	0	1	1	0	0	0	0	0	0	0	1	0	0	0	0	0	1	0	1	0	0	1	2	0	0	0	1	1	1	1	1	2	1	0	0	1	0	0	0	0	1	0	0	0	1	0	0	0	0	0	0	0	0	1	0	1	0	1	0	1	1	1	2	0	0	1	1	0	0	0	0	0	1	0	0	1	1	0	0	0	0	1	1	1	0	0	1	0	2	0	1	0	0	1	1	0	0	0	0	0	1	0	2	0	0	0	0	0	0	1	0	0	0	0	1	0	1	0	1	0	1	1	0	0	0	0	2	1	5	0	2	1	2	1	1	1	3	0	1	2	0	2	3	0	0	1	1	0	0	2	0	0	1	0	1	1	0	0	0	3	0	0	0	3	4	3	4	1	1	1	4	2	3	2	2	5	4	4	2	1	7	1	0	0	0	0	0	0	0	1	0	1	1	0	0	0	0	0	2	2	0	1	0	1	1	1	0	0	0	1	1	1	0	1	0	0	1	0	0	2	1	2	0	0	1	0	2	1	1	1	1	1	3	3	2	1	3	1	2	0	5	7	2	3	1	1	8	8	13	6	5	10	15	43	29	0	115	23	21	11	4	9	17	11	12	10	1	3	4	5	7	5	3	2	2	0	2	2	2	2	0	8	4	5	7	3	0	2	2	3	2	6	3	2	0	1	2	1	1	2	0	1	0	0	2	2	2	1	3	1	2	1	2	0	2	0	2	2	2	2	2	3	2	2	3	2	3	5	2	1	0	2	3	1	0	0	1	0	1	0	0	1	1	1	1	1	0	0	0	0	2	2
0	0	0	0	0	0	0	0	0	0	1	0	0	0	1	0	0	0	1	0	0	1	0	0	0	0	0	0	1	0	0	1	0	0	0	0	0	0	0	0	0	0	0	2	0	0	0	0	0	0	1	0	0	0	0	0	0	0	1	0	2	0	0	0	0	1	0	0	0	1	0	0	0	0	0	0	0	0	0	0	1	1	1	1	0	1	2	0	2	0	0	0	0	1	0	0	1	1	0	0	0	0	0	1	0	1	1	0	0	0	0	0	0	0	0	1	0	0	1	0	0	0	0	0	0	0	0	0	0	0	0	1	0	0	0	0	0	0	1	1	0	0	0	0	1	0	0	0	0	2	0	0	0	0	0	1	2	0	0	4	1	0	1	1	1	2	1	0	1	0	1	1	2	0	1	2	1	0	0	0	1	1	0	0	0	1	0	1	2	0	0	1	0	1	0	1	0	0	1	1	0	0	0	0	0	0	0	0	2	1	0	0	0	0	0	0	0	0	0	0	0	0	0	1	2	1	1	0	0	0	1	0	0	1	0	0	0	1	0	0	0	0	1	0	0	0	0	0	0	0	0	1	0	2	1	0	0	1	1	0	0	0	0	0	0	0	1	0	2	4	3	0	0	2	6	0	2	1	3	1	1	1	1	0	0	1	1	0	2	0	1	1	0	1	0	1	0	3	2	0	0	1	1	3	3	3	2	1	4	3	7	3	3	1	4	1	1	1	2	0	0	2	3	0	1	2	0	1	5	3	2	0	3	0	1	1	2	2	1	0	0	1	0	0	0	2	0	2	0	1	0	1	0	1	0	2	0	0	2	1	0	3	3	1	1	3	4	1	1	4	3	1	3	1	1	1	4	8	7	7	4	6	7	6	10	14	10	6	14	7	21	21	115	0	26	9	8	5	7	18	11	45	4	5	3	1	3	7	6	3	3	2	4	1	0	1	1	2	5	6	15	6	5	3	4	8	6	0	3	5	0	2	1	0	0	1	2	0	1	1	0	0	3	1	1	3	1	1	0	1	1	2	1	3	1	2	2	1	1	2	2	2	1	4	2	3	4	2	1	1	1	0	0	1	0	0	1	0	0	0	0	0	0	1	1	0	0	1	0
0	0	0	0	0	0	0	0	0	0	1	0	0	1	1	0	0	0	0	0	0	0	0	0	0	1	0	0	0	0	0	0	0	0	0	0	0	0	0	1	0	0	0	0	0	0	0	0	0	0	0	0	0	1	0	1	1	0	0	0	0	0	0	0	1	0	1	0	0	0	0	0	0	0	0	0	0	0	0	0	0	0	0	1	1	0	0	0	0	0	0	0	0	0	0	0	0	0	0	0	0	0	1	0	1	0	0	0	0	0	0	0	0	0	0	0	0	0	0	0	0	1	0	0	1	0	0	1	0	0	0	0	0	0	0	0	0	1	0	1	1	1	0	0	0	1	0	0	0	1	1	0	0	0	1	0	0	0	0	0	0	1	1	1	0	2	1	0	0	1	0	0	2	0	1	1	2	0	1	0	1	1	1	2	1	1	0	0	3	0	1	1	1	0	0	0	1	0	0	0	0	1	0	0	0	0	0	0	0	0	0	0	0	0	1	0	0	2	0	0	0	0	0	0	1	0	0	0	1	1	2	0	0	1	1	0	0	0	0	1	1	0	0	0	1	0	0	0	0	0	0	0	0	0	0	0	0	0	0	0	0	0	0	0	0	3	1	1	3	1	1	1	0	2	2	3	2	3	6	4	3	2	1	2	2	1	1	0	0	0	1	1	1	0	0	0	0	2	1	3	3	0	1	1	1	2	6	2	4	8	4	2	4	0	3	3	3	3	1	3	2	2	0	0	0	0	0	1	0	1	0	0	1	0	0	1	0	1	0	0	0	1	1	1	1	0	1	0	1	1	1	0	1	0	0	1	0	1	1	1	0	1	1	2	3	0	4	1	1	2	3	2	4	2	2	1	4	5	5	4	3	3	2	3	6	5	6	11	4	16	11	11	23	26	0	98	31	32	33	36	15	36	3	3	5	7	4	10	7	7	3	5	2	3	1	2	1	2	4	6	12	10	10	2	4	5	3	1	1	1	3	0	0	2	2	0	1	0	0	0	2	3	2	2	0	1	0	1	1	1	3	2	0	0	0	1	0	1	0	1	0	2	1	0	0	2	2	1	2	3	1	3	1	2	1	0	1	1	1	1	2	1	1	0	0	0	2	0	0
0	0	0	0	0	0	0	1	0	0	0	0	1	1	0	0	0	1	0	0	0	0	0	1	0	0	0	0	0	0	0	0	1	0	0	0	0	0	0	0	0	0	0	0	0	1	0	0	0	0	1	1	0	0	0	0	0	0	0	0	0	0	0	0	0	0	0	1	0	0	0	0	0	0	0	0	1	0	1	1	0	0	0	0	1	1	0	0	0	1	0	0	0	0	0	0	0	0	0	0	0	0	0	1	0	0	0	0	0	0	0	0	1	0	0	1	0	0	0	0	0	0	0	0	1	0	0	0	0	0	0	1	0	0	0	0	0	0	0	0	1	1	0	0	0	1	1	1	0	0	0	0	1	3	0	2	0	0	0	1	0	1	2	0	1	1	0	1	1	1	1	1	1	0	1	4	0	0	0	0	0	0	0	0	0	0	2	1	0	0	0	0	0	0	1	0	0	0	0	1	0	0	0	0	0	0	0	0	0	0	0	0	0	1	0	1	0	0	0	0	0	1	0	0	0	1	1	0	0	0	1	0	0	1	0	0	0	0	0	0	0	0	0	0	0	1	0	0	0	0	1	1	1	1	3	0	0	0	1	0	0	1	2	1	2	1	3	1	3	1	2	1	1	0	2	0	0	0	2	0	0	0	0	0	0	1	1	1	0	0	0	0	0	0	1	1	0	2	0	1	2	0	0	3	1	3	3	2	6	0	4	3	3	4	2	0	4	3	1	1	0	1	0	0	2	0	1	1	0	0	0	0	1	1	1	0	2	1	0	0	0	0	0	1	0	1	1	0	2	1	1	0	0	0	0	1	3	1	2	0	1	1	2	0	0	0	2	1	1	3	1	2	2	1	2	0	2	1	2	3	2	0	1	0	6	1	4	5	6	11	8	17	21	9	98	0	65	16	14	11	7	7	5	5	2	7	6	10	3	4	4	4	0	1	3	4	1	4	5	3	4	13	10	3	2	4	5	0	0	2	3	4	0	3	0	0	0	2	1	1	0	1	0	2	1	0	3	0	1	4	2	0	0	2	2	1	1	1	0	3	3	1	1	3	0	3	3	0	2	0	1	0	1	3	0	2	0	1	2	1	1	1	0	2	2	0	1	1	0
0	0	0	0	0	0	0	0	0	1	1	0	0	0	0	0	0	1	0	0	0	0	1	1	0	0	0	1	0	0	0	0	0	0	0	1	0	0	0	0	1	0	0	1	0	0	0	0	0	1	0	0	0	0	0	0	0	1	0	1	0	0	0	0	1	0	0	0	1	0	0	0	0	0	0	0	0	0	0	0	0	2	0	0	0	1	0	0	0	0	0	0	0	0	0	0	0	1	0	1	0	0	0	1	0	0	0	0	0	1	0	0	0	0	1	0	0	0	0	0	0	0	0	1	0	1	0	0	0	0	0	0	0	0	1	1	0	0	0	0	0	1	0	0	0	0	0	3	0	0	0	1	0	0	1	0	1	1	0	0	0	0	1	2	0	4	0	2	0	0	0	1	1	0	0	1	1	1	1	0	0	0	1	0	1	0	0	0	0	1	0	0	0	0	0	0	0	0	0	0	0	1	0	1	0	0	0	0	0	0	1	0	0	0	0	1	1	0	0	0	1	0	0	1	1	0	1	0	0	0	1	0	0	0	0	0	0	0	0	0	0	0	1	0	0	0	0	0	0	0	1	1	0	0	1	0	0	0	0	0	0	1	0	0	2	0	0	2	4	2	0	2	2	0	2	2	2	5	3	7	1	3	3	1	0	2	2	1	2	0	0	0	4	1	0	1	0	0	2	0	3	1	3	2	3	4	2	4	5	6	4	4	3	1	0	0	1	1	3	0	0	0	0	0	0	0	1	1	0	0	0	1	2	0	0	0	1	0	0	1	0	3	1	0	0	0	0	1	0	0	0	1	0	0	0	1	0	0	2	1	1	2	0	2	1	0	2	1	5	3	1	3	1	1	2	1	4	3	1	1	0	1	0	3	2	2	3	3	4	9	6	7	11	8	31	65	0	48	30	10	6	11	6	8	1	4	11	7	8	3	4	4	1	2	0	1	2	1	4	2	9	13	12	3	3	8	5	1	3	0	0	1	2	4	2	2	0	1	4	2	2	0	1	0	1	0	1	0	0	0	1	1	1	0	3	1	1	0	0	0	1	1	1	1	4	0	1	1	1	1	0	1	1	0	0	1	1	1	2	2	2	0	1	0	2	1	0	3	2
0	0	0	0	0	0	0	0	0	0	1	0	0	0	0	0	1	0	0	0	0	0	0	0	0	0	0	0	0	1	0	0	0	1	0	0	0	0	0	0	0	0	0	0	0	0	0	0	0	0	0	0	0	0	0	0	0	0	0	0	0	0	0	0	0	0	0	0	0	1	0	0	0	0	1	0	0	0	0	0	1	0	0	0	1	0	0	0	0	0	0	0	0	0	0	0	0	1	0	0	0	0	1	0	0	1	1	1	0	0	0	0	0	1	0	0	0	0	0	0	0	0	0	0	0	1	0	0	0	0	0	1	0	0	1	0	0	0	1	0	1	0	0	0	0	0	1	1	1	0	0	1	0	0	0	0	0	0	2	0	0	0	0	2	0	0	1	0	0	0	0	2	1	1	1	0	2	1	0	0	0	1	4	1	0	0	0	0	0	1	0	0	0	0	0	0	1	0	0	0	2	0	0	0	0	0	0	1	0	0	1	1	0	1	0	0	0	1	1	1	0	0	0	2	1	0	0	0	1	0	0	0	0	2	0	1	0	2	1	0	0	0	0	0	0	0	0	0	0	0	0	0	1	0	0	0	0	0	0	1	1	0	1	1	0	0	0	2	1	4	5	0	1	4	1	1	2	4	6	4	3	0	1	0	1	1	0	1	0	0	0	3	0	1	0	2	0	0	2	0	1	0	3	2	1	2	1	4	2	3	1	0	4	2	2	1	1	3	1	1	0	1	0	0	0	1	0	0	0	0	0	0	1	2	0	0	0	1	0	0	0	0	0	1	0	2	1	0	1	1	1	0	2	0	1	1	0	1	2	1	1	1	3	4	0	0	1	0	1	6	2	2	5	7	3	4	8	1	3	3	1	2	1	2	2	5	3	3	3	5	4	3	4	5	32	16	48	0	135	34	5	14	5	3	1	10	9	15	7	4	8	7	1	3	1	0	4	2	0	2	9	14	6	3	1	3	3	1	2	0	3	2	2	2	1	5	0	1	0	1	1	0	1	3	3	0	1	0	2	2	0	1	0	0	4	0	0	3	1	1	2	0	2	1	2	2	4	0	2	0	1	0	0	2	2	2	0	2	0	0	0	1	0	0	0	0	2	1	0
0	0	0	0	0	0	0	1	0	0	0	0	0	0	0	0	0	2	0	0	0	0	0	0	0	0	0	0	0	0	0	0	0	0	1	0	0	0	0	0	0	1	0	0	0	0	2	0	0	1	0	0	0	0	0	0	0	0	1	0	1	0	0	0	0	0	2	0	0	0	1	0	0	0	0	0	0	0	0	0	0	1	0	0	0	0	0	1	0	0	0	1	0	1	1	0	0	0	0	0	0	0	0	0	0	0	0	0	0	0	0	0	0	0	0	0	0	0	0	0	1	0	0	0	0	0	0	0	1	0	0	0	0	0	0	0	0	0	0	0	0	0	0	0	0	1	1	1	0	0	0	2	0	0	1	0	2	0	0	0	0	0	2	2	1	0	2	0	2	1	2	0	2	2	1	1	1	0	1	0	0	0	1	0	1	0	0	0	1	0	0	0	0	1	0	0	1	0	1	1	1	0	1	0	0	0	0	0	0	1	0	0	1	0	0	0	0	0	0	0	0	0	0	0	0	1	1	0	0	0	0	0	0	0	1	0	0	0	0	0	0	0	0	0	0	0	1	0	0	0	0	0	2	1	0	0	0	0	0	1	1	0	0	0	0	0	1	2	2	3	4	1	0	1	3	0	2	2	7	3	2	4	3	1	2	1	1	1	0	1	1	1	1	2	0	0	3	0	1	2	3	3	3	1	2	1	0	3	7	5	2	1	2	2	2	0	0	3	0	1	0	0	0	1	0	2	0	0	0	1	0	1	1	0	0	2	4	0	0	0	2	1	0	1	0	0	1	0	1	0	0	0	0	1	0	0	0	2	0	1	0	1	3	1	2	2	2	1	1	3	6	2	6	8	3	5	13	9	4	4	3	4	2	2	4	3	4	4	2	2	3	5	9	7	33	14	30	135	0	46	14	18	3	5	13	20	25	25	19	13	9	3	3	1	2	5	7	2	4	5	12	21	7	6	7	6	2	0	2	3	3	2	3	3	2	0	1	1	1	0	2	1	1	1	0	1	1	0	0	0	0	2	0	3	0	1	2	2	0	2	1	1	0	1	2	1	3	1	3	0	1	1	1	1	3	0	2	1	2	0	0	2	0	0	2	1	0	0	0
0	0	0	0	0	0	0	1	0	0	0	0	1	1	1	0	0	0	0	0	0	0	0	2	0	0	0	1	1	0	0	0	0	0	0	0	0	0	0	0	0	0	1	0	0	0	1	0	0	0	1	1	0	0	0	0	0	0	0	0	0	0	1	0	0	0	0	0	0	0	0	0	1	0	0	1	0	0	0	0	0	0	0	0	0	0	0	0	0	1	0	0	0	3	0	0	0	0	0	0	0	0	0	0	0	0	0	1	0	0	1	0	0	0	0	0	0	0	0	0	1	1	0	0	0	0	0	0	0	0	2	0	0	0	0	0	0	0	0	0	0	0	0	0	1	0	0	2	1	1	0	1	1	0	1	0	2	0	0	1	0	1	1	2	0	0	0	0	1	1	1	0	2	1	0	1	0	1	0	0	1	1	1	1	1	0	1	1	0	2	0	0	0	0	1	3	0	0	0	0	1	0	0	0	1	0	2	0	0	0	0	1	0	4	0	1	0	0	0	0	1	0	0	0	1	0	0	0	1	0	1	2	0	0	0	0	0	0	0	0	0	0	0	0	0	0	1	0	0	1	0	0	0	0	0	1	1	0	3	0	0	0	0	0	2	0	1	1	4	2	2	0	1	2	1	0	3	2	6	3	0	2	2	3	0	2	1	0	3	0	1	1	0	0	0	1	0	0	0	2	2	2	0	5	2	1	2	1	3	3	4	0	5	1	2	1	1	4	2	0	0	0	1	1	1	0	0	0	1	0	0	2	0	1	0	0	0	0	0	1	2	1	0	3	0	0	0	0	1	0	0	0	1	0	0	0	1	2	2	1	2	1	4	0	1	2	5	0	5	6	4	3	3	8	4	5	16	7	9	3	0	4	1	1	4	4	7	3	4	4	6	3	17	18	36	11	10	34	46	0	82	42	3	4	1	3	26	27	12	7	5	2	2	2	1	1	2	2	4	0	7	14	4	2	3	1	5	1	1	6	0	6	0	0	2	3	1	2	0	1	1	2	1	1	1	0	0	0	2	1	0	0	1	1	0	5	0	0	2	0	0	2	2	3	2	2	3	1	0	0	0	1	1	1	3	3	0	0	1	1	1	0	0	0	1	0	1	1	0
0	0	0	0	0	0	0	0	0	1	0	0	0	0	0	0	0	0	0	0	0	0	0	0	0	0	0	0	0	1	0	0	0	0	0	1	0	0	1	0	0	1	0	0	1	0	0	0	0	0	0	0	1	0	0	0	0	0	1	0	0	0	0	0	0	0	0	0	0	1	0	0	2	0	0	1	0	0	0	0	0	0	0	0	0	1	0	0	0	0	0	0	0	0	0	1	1	0	1	0	0	0	0	0	0	0	0	0	1	0	0	0	0	0	0	0	0	0	0	1	0	0	0	0	0	0	0	0	0	0	0	0	0	0	0	0	0	0	1	0	0	1	0	0	1	0	0	0	0	0	0	0	0	0	3	0	0	0	1	0	1	0	0	1	0	0	1	2	1	1	0	2	0	1	0	0	2	0	0	0	0	1	0	0	0	1	1	0	0	1	1	2	2	0	1	0	1	0	0	1	0	0	0	1	1	0	0	0	0	0	0	0	0	0	0	0	0	0	0	0	1	0	2	0	0	2	0	0	0	0	0	0	0	0	0	0	2	0	0	0	0	0	0	1	0	1	0	0	0	0	0	0	0	0	0	0	0	1	0	0	0	0	1	0	0	0	2	2	1	2	0	3	0	3	0	2	3	2	2	5	3	1	1	0	1	3	1	2	0	1	0	1	1	0	0	2	0	1	0	0	1	1	1	2	5	4	4	0	3	0	2	2	1	2	1	1	1	3	0	2	0	1	0	1	1	1	0	0	1	0	0	0	0	2	1	1	3	0	0	1	1	0	0	0	0	1	0	1	0	0	1	0	1	0	2	0	1	1	0	0	2	0	2	2	4	1	3	2	3	4	5	4	6	5	2	5	12	11	8	4	2	2	0	4	5	5	1	1	2	7	5	5	11	11	15	7	6	5	14	82	0	33	0	1	7	4	7	16	11	4	3	0	2	3	1	2	3	1	3	5	7	6	6	2	1	2	4	2	4	3	2	0	0	1	1	0	3	3	2	2	1	0	2	1	0	2	1	1	1	0	1	0	3	1	2	4	1	0	2	1	0	0	1	1	2	2	0	5	2	1	0	2	3	0	2	1	2	1	1	2	1	1	2	2	1	0	0	0	2
0	0	0	0	0	0	0	0	0	0	0	0	0	0	0	0	1	0	0	0	0	0	0	0	0	0	0	0	0	1	0	0	0	0	0	0	0	0	0	0	1	0	1	0	0	1	1	1	1	0	1	0	2	1	0	0	0	1	0	0	0	0	0	0	0	0	1	0	0	0	2	0	0	0	0	0	0	0	0	0	0	0	0	0	0	0	3	0	0	0	0	0	1	0	0	1	0	1	0	1	2	1	0	0	0	0	0	1	0	0	0	0	0	0	0	0	0	0	0	0	0	0	1	0	0	0	0	0	1	0	0	1	0	0	0	0	0	1	0	1	1	0	1	0	0	0	0	1	1	1	1	0	0	0	1	0	0	0	0	0	1	0	1	1	0	0	0	0	3	2	0	2	1	2	2	1	0	0	0	0	1	0	0	1	1	1	0	0	0	1	0	2	1	0	0	1	0	0	0	0	0	1	0	0	0	0	0	1	2	0	0	1	0	0	0	0	1	1	1	0	0	0	2	0	0	0	1	1	0	1	0	0	0	0	0	0	0	0	0	0	0	0	0	1	0	1	0	0	0	2	0	0	0	0	0	0	1	0	0	1	0	0	0	0	2	2	3	0	1	0	1	2	2	1	3	4	0	1	3	1	5	1	1	0	1	1	2	1	0	2	0	1	0	4	2	2	1	0	2	1	2	3	2	6	1	1	4	2	4	2	2	3	3	3	2	5	4	1	1	1	0	0	0	0	1	1	0	1	1	1	0	0	1	0	0	1	2	0	1	0	3	0	0	2	0	1	0	0	1	1	1	2	0	0	1	1	2	1	1	3	1	0	7	0	1	1	4	4	3	4	6	6	4	9	5	2	10	9	12	8	3	4	2	2	9	8	6	5	11	18	7	8	12	45	36	7	11	14	18	42	33	0	8	3	3	8	12	38	31	10	4	5	2	2	1	3	3	4	6	13	15	10	9	5	12	3	5	5	5	6	4	6	0	2	1	2	2	4	1	2	2	0	0	0	0	3	2	0	0	0	0	0	1	2	2	1	1	3	2	3	3	2	1	1	4	4	0	0	1	2	0	2	1	0	1	3	2	1	1	1	0	3	2	2	0	2	2	0	2
0	0	0	0	0	0	0	0	0	0	0	0	0	0	0	0	1	0	0	0	0	0	0	0	0	0	0	0	0	1	0	1	0	0	0	0	0	0	0	0	0	1	1	1	0	0	0	0	0	0	0	0	0	0	0	0	0	0	0	1	0	0	0	0	0	0	0	0	0	0	1	0	0	0	2	0	0	0	0	0	1	0	0	0	0	0	0	0	0	0	0	1	0	0	0	0	0	0	0	0	0	0	1	0	0	1	0	0	0	0	0	0	0	0	0	0	0	0	0	0	0	0	0	0	0	0	0	0	0	1	0	0	1	0	1	0	0	0	0	0	0	0	0	0	0	1	0	0	2	2	0	0	0	0	1	1	0	0	4	0	0	0	2	1	1	3	6	4	4	2	2	4	2	4	4	2	0	0	1	1	1	3	1	0	0	0	1	0	2	1	1	0	0	0	1	0	0	1	2	0	1	0	0	0	0	0	0	2	0	0	0	0	1	0	0	0	0	0	2	0	0	0	0	1	0	0	0	0	2	1	0	0	0	2	0	0	1	0	1	0	0	1	0	0	0	2	0	0	0	0	0	0	1	0	1	0	1	0	2	2	3	0	1	1	1	2	2	9	14	2	6	4	4	2	6	8	12	11	15	8	7	4	2	4	6	0	1	1	0	1	1	0	0	0	3	1	2	1	2	3	4	2	10	6	5	4	25	11	13	7	8	1	4	9	5	10	18	21	5	1	2	0	0	0	2	0	1	0	1	2	0	1	0	1	1	3	1	0	1	0	0	0	0	0	0	1	2	0	1	1	0	1	1	1	0	0	0	0	0	1	1	1	2	1	3	1	2	1	3	3	3	0	1	3	2	3	4	4	6	2	2	4	3	1	2	1	8	17	24	4	2	6	10	4	3	5	6	5	3	3	0	8	0	42	19	13	13	6	11	5	5	7	10	2	5	7	6	10	9	12	22	42	14	16	78	144	14	9	9	0	4	1	3	5	2	2	1	2	0	0	1	1	0	1	2	0	1	0	1	0	1	0	1	3	2	2	5	2	3	2	0	1	0	2	2	2	2	0	2	0	1	2	1	3	1	2	1	1	1	0	1	0	1	2	0	0	0	1	1
0	0	0	0	0	0	0	0	0	1	0	0	0	0	0	0	0	0	1	0	0	0	1	0	1	1	0	0	0	0	0	0	0	0	0	0	1	0	0	0	0	0	0	0	0	0	0	0	0	0	0	0	0	0	0	0	0	0	0	0	0	0	0	1	0	0	0	1	0	0	0	0	0	0	0	1	0	0	1	0	0	0	1	1	0	1	0	0	0	0	0	0	0	0	0	1	0	0	1	0	0	0	0	0	0	0	0	0	0	0	1	0	0	0	0	2	0	0	0	0	0	0	0	0	0	0	0	0	0	0	0	0	0	0	0	0	0	0	1	0	0	0	0	0	0	0	0	0	0	1	0	0	0	0	0	0	0	0	2	1	0	0	1	1	1	3	2	4	2	4	2	4	6	3	2	2	1	4	2	0	1	1	1	0	0	0	0	0	0	0	0	1	1	0	0	1	1	0	0	0	0	2	0	0	1	0	0	1	1	0	0	0	2	1	0	3	1	0	1	0	0	0	2	1	0	1	0	0	0	0	0	0	0	1	0	0	0	1	0	0	0	0	0	0	0	0	0	0	1	0	0	0	2	1	0	0	0	0	0	0	0	1	0	1	1	2	2	9	17	13	6	2	2	6	6	12	13	8	26	18	32	10	9	5	3	3	1	2	3	1	2	3	3	3	2	0	2	2	2	0	3	4	3	5	10	7	7	9	4	4	0	3	3	3	3	1	5	21	1	1	0	1	1	1	1	0	0	1	0	1	0	1	1	0	1	0	0	0	0	1	1	0	1	0	0	0	1	2	1	0	1	0	0	0	0	0	1	0	0	2	2	0	1	0	0	2	2	1	2	9	1	3	2	1	4	2	3	2	0	7	0	3	2	1	2	2	3	7	4	3	4	5	1	5	3	5	8	3	5	4	1	3	42	0	56	10	8	8	6	18	12	35	15	5	3	2	5	16	3	3	5	12	8	15	32	47	10	7	7	4	1	4	10	4	1	1	4	1	1	1	0	1	1	0	1	2	0	0	0	0	3	1	0	2	1	5	3	3	0	1	1	2	0	5	0	0	2	2	2	1	2	0	1	1	2	0	2	0	0	2	1	0	1	1	1	0	0	0	3
0	0	0	0	0	0	0	0	0	0	0	0	0	1	0	0	0	1	0	0	1	0	0	0	0	0	1	1	0	0	0	0	1	0	0	0	0	0	0	0	0	0	0	0	0	0	1	0	0	1	0	1	0	0	0	0	0	0	0	0	1	0	1	0	0	1	1	0	0	1	0	0	0	0	0	1	0	1	1	0	1	0	1	0	1	1	1	0	0	0	0	0	0	0	2	0	0	1	0	0	0	0	0	0	1	0	0	1	0	0	0	0	0	0	0	0	0	0	1	0	0	0	0	0	0	0	0	0	0	0	0	0	0	0	1	0	0	0	1	0	0	0	0	1	0	1	0	0	0	0	0	2	0	0	0	0	0	0	0	0	0	0	0	3	1	1	2	4	0	3	2	2	3	2	2	0	2	2	1	0	2	0	1	0	0	1	0	1	0	1	1	0	0	2	0	0	0	0	0	0	0	0	1	0	0	0	0	0	0	0	0	1	0	1	1	1	0	0	0	2	0	1	0	0	1	0	0	1	1	0	0	0	1	0	1	0	0	1	1	0	0	0	0	0	0	0	0	0	0	0	0	0	1	1	1	1	0	1	0	3	1	0	0	0	0	2	2	3	8	8	5	7	7	2	6	7	4	5	8	14	8	12	10	3	6	0	1	5	0	1	1	3	2	2	0	1	2	2	1	1	1	7	2	6	4	1	4	4	7	4	3	3	6	1	0	6	7	4	0	0	1	0	0	0	1	1	0	1	1	0	2	0	0	0	1	1	2	0	1	1	0	1	1	1	2	1	1	1	0	1	0	1	0	1	1	0	3	1	3	1	1	1	1	1	2	1	3	1	3	3	2	3	1	5	4	3	6	6	3	2	2	4	2	1	1	1	2	4	0	6	2	1	3	3	5	2	1	1	13	1	7	3	19	56	0	53	16	9	13	16	38	37	14	4	3	2	1	3	6	4	10	17	8	14	26	12	11	8	2	2	4	4	6	5	2	0	2	3	2	1	0	0	1	0	1	0	1	1	0	2	0	1	0	1	0	1	0	0	1	3	2	1	0	2	1	1	0	1	1	2	2	1	0	1	0	1	0	0	1	2	0	0	0	1	0	0	1	5	2
0	0	0	0	0	0	0	0	0	0	0	0	0	0	1	0	0	0	0	0	0	0	1	0	0	0	0	0	0	0	0	0	0	1	0	0	0	1	0	0	0	0	0	0	0	0	0	0	0	0	0	0	0	0	0	0	0	0	0	1	0	0	0	0	0	0	0	0	0	0	0	1	0	0	0	0	0	0	0	1	0	1	0	0	0	1	0	0	0	0	0	0	0	0	0	0	0	0	0	1	0	0	0	0	0	2	0	1	0	0	0	1	0	0	0	0	0	0	0	1	0	0	0	0	0	0	0	0	1	0	0	0	0	0	0	0	0	1	0	0	0	0	0	0	0	0	1	0	0	0	0	0	1	0	1	0	1	1	0	0	0	0	1	0	3	0	3	2	2	0	3	1	0	0	3	0	0	1	0	0	1	1	0	0	2	1	1	1	1	1	0	0	0	1	1	0	0	0	1	0	0	0	0	1	0	1	0	0	0	0	0	0	0	0	0	1	1	1	0	0	1	0	0	1	0	0	0	1	0	1	0	0	0	0	0	0	1	1	0	1	0	0	1	0	0	0	0	0	0	0	0	0	0	0	0	1	2	1	0	0	2	0	0	0	0	2	1	2	7	2	3	1	2	8	3	4	1	1	12	9	3	2	6	1	2	4	1	3	2	2	3	0	0	1	2	1	0	5	2	1	0	2	4	4	2	2	4	6	4	10	2	0	2	3	2	6	3	5	1	1	1	0	1	1	1	0	1	1	1	0	0	0	1	0	1	2	1	1	1	1	0	1	1	0	1	0	1	1	0	3	1	0	1	0	1	0	1	1	1	2	1	2	0	2	2	0	1	0	1	6	2	3	1	3	2	5	8	6	4	2	0	2	1	2	0	4	3	3	1	4	1	3	4	1	7	7	4	10	20	3	4	8	13	10	53	0	27	8	15	20	20	21	6	5	3	1	2	1	2	9	9	8	12	9	9	7	7	3	2	7	3	9	6	7	4	1	3	0	2	2	1	1	1	0	2	1	0	1	0	1	1	0	0	0	2	0	5	2	1	2	1	0	1	1	3	1	3	0	0	2	1	2	1	0	1	1	0	0	2	0	1	0	0	0	0	0	1	0	0
0	0	0	0	0	0	0	0	0	0	0	0	0	0	0	0	0	0	0	0	0	0	0	0	0	0	0	0	0	0	0	0	0	0	0	1	1	0	1	0	0	0	0	1	0	0	0	1	0	0	1	0	1	0	0	1	0	0	0	1	0	0	0	0	0	0	0	0	0	0	0	1	0	0	0	0	0	0	0	0	1	0	0	1	0	0	0	0	0	0	0	1	0	0	0	0	0	0	0	0	0	0	0	0	0	0	1	0	1	1	1	0	0	0	0	0	0	0	0	0	1	0	1	0	0	0	0	1	0	0	0	0	0	0	0	1	0	0	0	0	0	0	0	0	0	1	0	0	0	2	1	2	0	0	0	0	0	1	1	2	0	0	0	0	1	4	1	2	1	1	0	1	0	0	2	1	0	0	1	0	1	1	0	1	0	1	0	2	1	1	3	0	1	0	0	1	1	0	0	1	0	1	1	2	0	0	0	0	0	0	2	1	0	0	0	0	0	0	0	0	1	0	1	1	1	0	0	0	1	1	1	0	0	0	0	0	0	0	2	0	0	1	0	0	1	0	1	1	0	0	0	1	0	0	0	0	0	0	0	0	2	0	0	0	0	1	0	2	1	6	4	1	4	1	0	2	3	0	5	5	3	2	0	1	1	1	4	2	0	0	2	1	1	0	1	0	3	3	2	1	2	2	2	3	4	2	4	2	8	0	1	1	0	3	2	1	0	2	0	0	1	0	1	0	0	0	0	1	0	0	1	0	1	0	0	1	0	1	1	0	0	1	4	0	1	1	1	0	3	3	2	1	0	1	1	1	2	2	2	4	0	4	4	3	3	1	2	6	3	6	5	1	4	5	3	11	20	9	8	6	1	1	1	1	5	1	5	3	5	3	1	2	5	3	4	6	11	9	25	26	7	12	13	8	16	27	0	75	56	17	26	8	4	1	1	2	2	2	11	3	15	14	3	4	7	9	10	2	2	5	7	8	5	3	6	2	0	1	1	1	2	2	0	1	0	2	1	2	1	2	0	2	2	1	1	0	0	1	2	1	4	1	1	1	1	1	0	2	1	0	2	6	1	1	0	1	1	2	1	3	0	3	0	1	1	1	1	1	0
0	0	0	0	0	0	0	0	0	0	1	0	0	0	0	0	0	0	0	0	1	0	0	0	0	0	0	0	0	0	0	0	0	0	0	0	1	0	0	0	0	1	0	0	1	1	0	0	0	1	0	0	0	0	0	0	0	1	0	0	0	1	0	0	0	0	0	0	0	0	0	0	0	0	0	0	0	0	0	0	0	0	0	0	0	1	0	1	1	0	0	0	2	2	0	0	0	1	0	1	1	0	0	0	0	0	0	0	0	0	0	0	0	0	0	1	0	0	0	0	0	0	0	0	0	0	0	0	0	0	0	1	0	0	0	0	0	0	0	0	0	0	0	0	0	0	0	1	1	0	0	3	1	2	0	0	0	0	1	1	0	0	0	0	1	0	1	2	2	0	1	1	4	0	0	1	0	0	0	1	0	0	2	0	0	0	0	1	0	1	1	0	0	0	1	1	0	0	0	1	1	0	1	0	0	0	0	0	1	0	1	1	0	0	0	0	0	0	1	0	0	1	0	0	1	2	0	0	0	0	0	1	0	0	1	0	0	0	0	0	1	0	0	1	0	0	0	0	0	1	0	0	1	0	0	1	0	1	0	0	1	0	1	0	0	0	0	5	2	0	0	1	3	6	3	3	0	2	2	3	4	4	0	2	2	2	1	0	0	1	1	2	2	1	2	0	2	0	2	3	1	2	1	3	0	1	0	2	3	6	5	2	2	1	4	4	2	4	2	0	2	2	0	1	1	0	0	0	1	0	1	0	2	0	0	0	0	0	2	0	1	2	0	1	1	0	0	0	0	4	1	2	0	0	1	1	2	1	4	1	0	4	1	3	1	0	3	4	4	8	13	9	2	12	7	12	25	35	13	4	6	4	2	1	4	6	4	5	3	2	5	0	7	7	10	10	7	15	25	27	16	38	6	8	9	8	75	0	171	22	18	7	2	1	3	4	5	6	7	9	24	11	6	6	4	6	10	4	6	3	2	4	4	2	2	1	0	1	0	4	0	0	4	0	1	0	3	4	1	1	0	2	2	2	0	2	3	1	1	3	4	4	5	4	3	1	2	1	1	1	1	2	0	2	0	1	1	0	1	1	2	1	1	3	0	0	0	0	1
0	0	0	0	0	0	0	1	0	0	0	0	0	0	0	1	0	0	0	0	0	0	0	0	0	0	0	0	0	0	0	0	0	0	0	0	0	0	0	1	0	0	0	0	0	0	0	1	0	1	0	0	0	0	0	0	1	0	0	0	1	0	0	3	0	0	1	0	0	1	0	0	0	0	0	1	0	0	0	1	0	0	0	0	0	0	1	1	0	0	1	0	0	0	0	0	0	0	0	0	1	0	0	0	0	0	0	0	0	0	0	0	0	1	0	0	0	0	0	0	1	1	0	0	0	0	0	0	0	0	0	0	1	0	0	0	0	0	0	0	0	0	0	0	0	0	0	0	1	1	2	0	2	1	0	0	0	0	0	0	0	0	1	0	2	0	1	2	2	1	0	1	1	1	0	0	1	0	0	1	2	0	1	1	2	0	1	2	3	0	0	0	0	0	0	1	0	1	0	0	0	1	1	0	1	0	0	0	1	0	0	0	0	2	1	1	0	1	0	0	0	0	0	0	1	1	0	1	1	0	0	0	0	1	0	0	0	0	0	0	0	0	0	0	0	1	1	2	0	1	0	0	1	0	1	0	0	0	1	0	0	0	0	0	1	2	4	1	5	3	2	2	0	2	1	1	4	6	1	4	1	4	3	1	1	2	3	0	0	2	0	0	1	1	1	3	2	1	0	2	1	0	5	3	3	3	0	5	2	0	1	1	1	0	1	3	0	4	1	2	0	1	2	1	0	0	1	0	0	0	0	0	1	2	3	1	1	1	0	1	0	0	0	1	0	0	1	2	1	0	0	0	0	0	1	2	0	0	2	3	2	3	3	4	5	3	5	3	4	7	26	9	7	9	9	7	19	32	10	5	3	3	7	6	5	4	6	3	9	5	4	2	5	6	7	3	8	7	19	12	11	31	11	6	13	15	56	171	0	37	12	14	2	7	1	6	4	3	12	10	18	13	5	5	5	12	9	8	4	5	6	12	6	4	4	4	2	1	0	2	2	1	1	1	1	2	2	4	1	1	1	2	1	0	1	1	2	1	0	2	1	2	1	0	2	3	4	3	3	1	2	4	2	3	3	1	1	3	0	0	0	3	1	1	0	1	1	1	2
0	0	0	0	0	0	0	1	0	0	0	0	0	1	1	0	1	0	0	1	0	0	0	0	0	0	1	0	0	0	0	0	0	0	0	0	1	0	0	1	0	0	0	1	0	0	1	0	0	0	0	1	0	0	1	1	0	0	0	0	0	0	0	0	0	0	0	0	1	0	0	0	0	0	0	0	0	2	0	0	2	0	0	1	0	0	1	0	1	0	0	0	0	0	1	0	0	0	1	0	1	0	1	0	0	0	0	0	0	0	0	0	0	0	0	0	0	0	0	0	0	0	2	0	0	0	0	0	0	0	0	0	0	0	0	0	0	0	0	0	0	0	0	0	0	0	0	0	0	1	1	0	1	1	0	0	0	0	1	0	0	0	0	1	1	1	3	3	3	1	2	4	2	1	0	3	1	1	1	2	0	0	1	0	0	0	3	0	0	3	0	0	0	0	0	0	1	0	0	0	0	0	0	0	0	0	0	0	0	2	0	1	0	0	0	0	1	1	0	0	2	0	0	0	1	0	0	2	0	0	0	1	0	0	0	0	0	0	0	0	0	1	0	0	1	0	0	0	0	0	2	0	0	0	0	0	0	0	0	2	0	0	1	0	1	1	6	4	4	2	1	2	4	4	6	6	2	3	0	2	4	5	3	4	5	2	1	6	0	1	1	2	1	1	1	1	2	2	3	4	3	0	4	3	6	3	1	2	0	2	2	3	3	2	0	2	2	5	2	1	2	0	3	0	0	0	0	0	0	1	1	0	0	0	1	1	0	1	1	2	0	0	0	1	2	0	0	3	0	0	0	1	2	1	1	1	1	3	5	0	1	1	9	4	3	1	4	2	2	21	17	5	3	6	5	14	20	14	7	6	4	5	1	6	5	7	5	4	2	4	2	4	3	3	7	4	3	4	13	7	4	10	5	18	16	20	17	22	37	0	110	31	16	3	2	8	8	10	17	4	15	11	5	6	8	9	10	7	5	17	9	14	8	10	3	6	2	4	1	2	2	0	0	1	0	0	3	0	1	2	2	1	0	3	2	4	1	4	6	1	3	0	4	4	5	3	4	1	2	2	4	4	4	5	0	1	4	1	4	3	0	1	1	0	2	3	1	1	1
0	0	0	0	0	0	0	0	0	0	1	0	0	0	0	0	0	0	0	0	0	0	0	0	0	0	0	0	0	0	3	0	0	0	0	0	1	0	0	0	0	0	0	0	0	0	0	0	0	2	0	0	0	0	0	0	0	1	0	0	0	0	0	0	0	0	0	0	0	0	0	0	1	0	0	0	0	0	0	0	0	0	1	0	0	0	0	0	0	1	0	0	0	0	0	0	0	0	0	1	0	0	0	0	1	1	0	0	0	0	0	0	1	0	0	0	0	0	0	0	0	0	0	0	0	0	0	1	0	1	0	0	0	0	0	0	0	0	0	0	0	1	2	0	0	0	1	0	0	0	1	0	0	0	0	1	0	0	0	0	1	0	1	0	0	2	1	0	2	2	0	1	2	1	4	2	1	1	0	3	1	0	1	1	0	1	0	1	0	0	1	0	0	0	1	0	0	0	1	0	0	0	0	0	0	0	1	0	0	0	0	2	0	0	1	1	0	0	1	0	1	0	1	0	0	1	0	0	0	0	0	0	0	1	2	0	1	0	0	0	0	0	0	0	0	2	0	0	0	0	0	1	1	1	0	1	0	1	0	1	0	0	1	1	2	2	2	2	6	8	3	5	3	3	5	2	3	5	5	6	7	9	5	6	4	3	5	2	3	3	0	3	1	1	2	3	1	1	3	2	0	4	2	7	3	4	1	1	2	1	0	0	1	3	3	3	0	4	1	0	0	0	2	2	1	0	2	0	0	1	0	1	0	1	1	1	0	0	0	0	0	0	2	0	0	1	0	1	1	2	2	1	1	1	0	2	0	1	4	1	4	0	5	5	4	1	1	4	4	6	5	10	2	5	4	13	7	3	3	2	3	5	3	4	7	2	6	4	5	2	0	0	2	3	3	4	4	8	9	5	3	4	5	12	38	20	26	18	12	110	0	91	12	5	5	1	6	5	11	8	6	10	3	9	2	17	12	5	6	13	10	19	5	8	3	4	3	2	0	0	0	4	1	3	1	1	1	1	1	0	2	0	0	1	1	1	2	2	2	1	2	4	1	3	3	4	1	2	3	0	0	5	2	1	1	3	0	3	0	1	1	2	1	1	0	2	2	2	0
0	0	0	0	0	0	0	0	0	1	0	0	0	1	0	0	0	0	1	0	0	0	0	0	0	0	1	0	0	0	0	0	0	0	0	0	0	0	0	0	1	0	0	0	0	1	0	1	1	0	0	0	0	1	0	0	1	0	0	0	0	0	0	0	0	0	1	1	0	0	0	0	0	0	0	0	0	0	0	0	0	0	0	0	0	0	0	0	1	0	0	0	0	0	0	0	0	0	0	0	0	1	0	0	0	0	0	0	0	0	1	0	0	0	0	1	0	0	2	0	0	0	0	0	0	0	0	0	0	0	0	0	0	0	0	0	0	0	0	0	0	0	0	0	1	0	1	0	0	0	0	0	1	0	0	1	2	1	2	0	0	0	1	2	1	2	4	1	5	0	2	5	5	1	0	3	0	1	2	1	2	2	1	2	0	3	1	0	1	1	0	0	0	1	0	0	0	1	2	0	0	1	0	2	1	0	0	0	1	1	0	1	0	1	1	0	0	0	1	0	0	0	1	0	0	4	1	1	1	0	0	0	0	0	1	0	0	0	1	0	0	0	0	0	0	0	0	1	1	0	1	1	0	0	0	1	1	1	1	1	1	0	1	0	1	3	6	8	9	11	7	3	6	12	4	9	8	10	8	3	9	11	4	6	4	5	3	1	3	2	4	3	4	0	6	2	4	6	7	2	3	4	3	5	5	3	2	1	3	2	1	1	1	2	2	7	3	6	1	0	0	0	1	1	1	0	1	1	2	0	1	0	0	0	1	1	0	0	1	1	0	0	0	1	1	1	1	1	1	4	3	2	0	0	0	0	2	3	4	2	2	1	2	2	1	3	2	2	8	9	1	7	3	4	4	9	8	1	0	6	2	3	2	7	3	1	2	3	6	3	2	2	2	2	5	4	4	7	3	2	0	5	7	35	37	21	8	7	14	31	91	0	43	10	6	6	10	15	7	11	12	12	4	6	4	16	22	12	9	12	9	13	24	7	7	1	3	0	2	3	3	1	1	0	1	1	2	1	1	0	0	0	1	0	2	1	2	0	1	3	2	0	0	2	2	2	5	4	0	0	0	5	7	3	4	0	0	1	0	0	1	1	2	1	0	0	1	1	1
0	0	0	0	0	0	0	1	0	0	0	0	1	0	0	0	0	0	0	0	0	0	0	1	0	0	0	1	0	0	0	0	0	0	0	0	1	0	1	0	0	1	1	0	1	1	2	0	0	0	0	1	0	0	0	0	0	0	0	1	0	0	1	1	0	0	0	0	0	0	0	0	0	1	0	0	0	0	0	0	0	0	1	0	0	1	1	0	0	1	0	0	0	0	0	0	0	0	0	0	0	0	0	0	0	1	0	0	0	0	0	0	0	0	0	0	0	0	0	0	0	0	0	0	0	0	0	0	0	0	0	0	0	0	0	0	0	0	1	1	0	0	0	0	0	0	1	0	0	0	1	0	0	1	1	0	2	0	2	0	1	1	2	0	1	1	3	1	0	1	2	8	5	4	3	6	2	3	0	0	2	1	0	3	0	0	0	1	3	0	1	1	0	0	2	0	1	0	0	0	1	3	0	0	0	0	2	0	0	1	1	0	0	1	2	0	1	1	0	1	0	0	0	0	0	0	1	0	0	0	0	0	0	1	1	0	0	0	0	0	0	0	1	1	0	0	0	0	1	0	0	1	0	0	0	1	0	1	0	1	0	0	0	0	0	4	5	12	33	14	12	5	11	35	17	16	8	4	4	6	11	15	8	2	4	2	5	7	2	3	0	5	4	3	1	4	3	4	7	4	5	4	10	6	4	4	1	2	2	0	0	2	2	3	3	4	4	6	3	3	0	0	1	2	1	2	2	0	0	1	1	1	2	1	3	0	2	1	0	4	0	0	0	1	0	1	1	0	2	2	1	0	3	2	3	2	1	4	3	5	1	7	0	1	2	3	4	4	5	6	7	5	2	2	1	0	7	4	2	5	4	1	2	1	4	1	1	1	4	3	2	0	0	4	2	0	1	1	3	2	2	2	10	15	14	6	4	2	2	16	12	43	0	28	10	8	6	13	7	6	13	4	3	1	2	14	24	34	25	20	8	14	14	16	6	3	1	6	0	0	1	2	0	2	3	1	1	1	3	2	1	0	0	1	3	2	4	3	1	3	1	1	1	0	1	0	3	1	1	2	2	3	1	4	1	2	1	2	0	1	1	2	2	0	1	0	0	3	1
0	0	0	0	0	0	0	1	0	0	0	1	0	0	0	1	0	0	0	0	0	0	1	0	0	1	0	0	0	0	0	0	0	0	0	0	0	1	0	0	1	0	0	0	0	0	0	0	0	0	0	0	0	0	0	0	0	0	0	0	0	0	0	0	0	0	0	0	0	1	0	1	0	0	0	2	0	1	1	0	0	0	0	0	0	0	1	0	0	0	0	0	1	0	0	1	0	0	0	0	0	0	0	0	0	0	0	1	0	0	0	0	0	0	0	0	0	0	0	0	0	0	0	0	0	0	1	0	1	0	0	0	0	0	0	0	0	0	0	0	1	1	0	0	1	0	0	3	0	1	1	0	2	1	0	0	1	1	1	1	1	3	4	5	4	1	4	7	2	2	4	7	11	6	7	5	1	3	0	1	0	6	3	1	0	3	0	3	2	2	0	1	0	0	1	1	1	2	0	1	1	1	1	0	0	0	1	0	0	0	0	0	0	2	0	0	2	0	1	1	0	1	1	0	2	0	2	2	2	0	0	0	1	0	1	0	0	0	3	1	0	1	0	0	3	0	1	0	0	0	0	1	2	2	1	0	0	0	0	0	0	2	0	2	2	3	8	8	13	5	7	12	11	34	23	15	13	4	4	6	6	4	2	1	3	2	2	3	1	1	3	2	2	2	2	7	3	6	4	12	37	20	18	11	14	5	2	4	4	1	0	0	1	2	2	7	4	4	2	2	3	3	1	0	2	0	1	0	0	0	1	3	0	4	0	3	2	0	1	2	1	2	2	1	1	2	2	1	0	1	0	1	0	1	0	2	0	2	2	6	2	4	6	3	2	0	3	8	2	5	3	0	0	0	2	1	1	1	3	2	2	5	3	4	2	2	1	2	1	1	1	1	2	1	3	1	2	3	1	2	3	2	2	5	4	5	1	1	7	3	5	10	28	0	43	11	20	17	6	5	10	2	1	3	3	11	23	134	24	18	7	6	4	11	5	2	1	0	1	4	1	0	0	0	0	0	1	1	1	1	0	0	3	4	3	4	3	3	6	9	4	0	1	2	4	3	6	2	2	1	5	1	8	3	2	2	0	1	1	2	0	2	2	1	0	1	0	1	0
0	0	0	0	0	0	0	1	0	0	0	0	2	0	0	0	0	0	0	0	0	0	0	0	0	0	0	1	0	1	0	0	0	0	1	0	0	1	0	0	0	0	0	0	0	0	0	0	1	0	0	1	0	0	0	0	0	0	0	0	1	0	0	0	0	0	0	2	0	0	0	0	0	0	2	1	1	0	0	0	0	0	0	0	0	1	0	0	0	0	1	0	0	0	0	0	0	0	0	0	1	1	0	1	1	1	0	1	0	1	0	0	0	0	0	0	0	0	0	0	0	0	0	0	0	0	0	0	0	0	0	0	0	0	0	0	0	0	0	0	0	0	0	1	0	0	1	0	1	0	1	0	2	3	1	0	2	1	0	2	0	0	1	1	4	3	2	2	3	2	1	3	5	4	2	3	3	1	1	0	0	1	2	3	1	1	0	2	3	1	4	1	0	0	0	1	4	0	0	1	2	0	0	1	0	1	0	0	1	1	1	1	2	0	2	0	0	0	1	0	0	1	1	1	3	2	1	0	2	0	1	2	0	0	0	0	0	0	1	0	1	0	0	1	1	0	1	0	0	1	0	0	2	0	0	0	1	0	0	2	0	3	0	1	0	1	12	4	8	9	7	4	12	6	5	7	8	4	2	1	3	1	3	2	5	1	1	2	0	1	0	2	2	0	4	2	5	9	7	5	15	22	17	17	3	4	7	1	1	0	1	1	1	2	1	1	5	4	3	5	1	1	6	3	2	0	0	1	0	1	1	1	2	2	2	5	3	2	1	1	3	1	0	2	0	4	2	5	1	2	2	2	0	0	1	1	4	2	3	7	1	4	3	2	2	2	2	1	10	8	7	5	2	0	1	3	3	3	4	4	7	3	3	3	1	3	2	2	1	0	0	2	2	0	1	3	0	1	2	1	1	1	5	3	3	3	1	3	1	2	5	6	10	43	0	52	32	7	9	7	3	4	2	4	1	8	15	51	28	15	6	1	2	2	1	1	2	2	0	2	1	4	1	0	0	3	1	2	2	2	0	0	1	3	4	5	11	4	7	10	3	3	4	5	7	3	4	1	5	1	1	11	8	9	10	2	5	0	4	2	1	4	4	4	2	3	1	2	2
0	0	0	0	0	0	0	0	0	0	0	0	0	0	0	0	0	1	0	0	0	0	1	0	0	0	1	0	1	0	0	0	0	0	1	0	0	0	0	1	0	1	0	0	1	0	0	1	0	1	0	0	0	0	0	0	0	0	0	1	0	0	0	0	0	0	0	0	0	0	0	0	1	1	0	0	0	1	0	1	0	0	1	1	0	0	0	0	0	1	0	0	1	0	0	0	0	0	0	0	1	0	1	0	0	0	1	0	0	0	2	0	0	0	0	0	0	0	0	1	0	0	1	1	0	0	0	0	0	1	0	0	0	0	0	2	0	0	0	0	0	0	1	2	0	1	1	3	1	0	0	2	0	2	4	0	1	2	1	1	3	3	3	0	1	7	4	4	3	6	1	6	5	3	1	4	0	0	0	0	1	2	2	1	1	1	1	0	2	0	0	1	0	1	1	1	0	2	1	0	0	0	0	1	0	1	0	0	0	0	2	0	0	1	0	0	1	1	1	2	2	0	3	2	2	2	3	0	1	2	0	1	0	1	1	0	0	0	0	0	0	2	0	1	0	0	0	0	0	0	1	0	0	1	0	2	2	0	1	2	0	0	0	3	2	6	17	9	4	4	6	2	4	8	5	6	3	7	1	2	4	2	2	1	1	2	3	3	2	1	3	1	1	1	1	0	2	6	3	6	10	16	27	46	13	7	2	2	2	1	3	1	2	2	3	9	12	9	2	4	4	5	2	4	2	0	1	1	3	6	1	1	1	2	2	3	3	2	0	1	3	1	2	0	1	0	1	5	5	2	1	0	2	1	2	2	0	0	0	3	1	2	2	3	2	3	5	5	4	9	7	2	1	2	1	6	2	5	3	2	7	18	12	2	5	2	5	5	3	5	3	6	2	1	2	4	1	0	5	1	2	3	7	2	2	1	2	4	6	8	1	6	8	11	52	0	57	25	12	20	4	2	4	7	2	9	17	31	12	6	6	3	2	1	5	4	2	3	3	0	1	3	1	1	2	3	2	0	2	1	4	0	1	4	12	21	21	15	7	13	7	7	9	3	8	2	6	4	4	2	2	6	6	16	9	6	5	1	3	2	3	2	0	1	1	0	1	0	2
0	0	0	0	0	0	0	0	0	0	0	0	0	0	0	0	0	0	0	0	0	0	0	0	1	0	1	0	0	0	2	0	0	0	0	0	1	0	0	0	0	0	1	0	0	0	0	1	1	1	1	0	3	1	0	0	0	0	0	0	1	0	0	0	0	1	0	0	0	0	1	0	1	0	0	0	0	0	0	0	0	0	0	0	0	0	0	0	1	0	0	1	0	0	0	0	0	0	0	0	0	0	0	0	0	1	0	0	0	0	1	0	0	1	0	0	0	1	0	0	0	1	0	0	0	1	0	1	0	0	0	0	0	1	0	0	0	0	0	0	0	0	0	0	0	0	0	1	0	0	1	0	1	2	1	0	0	1	0	0	3	1	1	1	1	2	3	2	1	0	3	3	5	0	2	0	0	0	1	0	0	1	2	0	1	1	4	1	0	0	1	1	0	1	0	1	1	0	0	0	0	0	1	2	0	0	1	0	0	3	2	2	0	0	1	0	0	0	2	2	0	1	1	0	0	1	0	1	2	1	0	0	0	0	0	0	0	0	1	0	0	1	1	0	2	0	0	1	1	0	0	0	1	3	0	1	0	0	3	1	0	0	0	2	2	0	4	5	8	3	3	3	2	5	7	5	2	1	7	3	3	3	6	2	1	4	3	1	3	3	1	1	2	0	2	4	5	0	1	4	4	8	9	17	8	8	4	1	2	4	1	2	1	2	5	2	3	10	0	0	0	1	2	2	0	0	1	0	1	2	1	1	0	1	6	2	1	2	0	4	1	1	0	1	1	2	1	1	2	1	2	1	1	1	0	3	1	1	4	2	3	4	6	1	0	1	7	5	10	12	6	6	0	6	3	2	2	4	6	8	7	13	10	1	9	2	7	7	4	4	2	4	2	1	1	1	2	4	7	2	3	3	6	5	1	2	2	5	4	8	6	10	6	20	32	57	0	41	31	29	16	4	2	3	6	9	38	36	26	7	10	6	5	11	3	5	2	0	1	1	1	2	2	3	0	1	3	0	4	2	2	2	2	0	2	12	11	3	7	2	7	4	4	8	8	7	6	2	2	4	6	4	8	10	6	5	4	3	4	4	2	0	0	0	3	0	2	2	1
0	0	0	0	0	0	0	0	0	0	0	0	0	0	0	0	0	0	0	0	0	1	0	0	0	0	0	0	1	0	0	0	0	0	0	0	2	0	1	0	1	2	0	0	1	1	0	0	1	2	0	0	0	0	0	0	1	0	0	0	0	0	0	0	1	0	0	0	0	0	0	1	0	0	0	0	1	0	1	0	0	1	1	0	0	0	0	0	1	0	0	0	0	0	1	0	0	0	0	0	0	1	0	1	2	0	0	0	0	0	0	0	0	0	0	0	1	0	0	0	0	0	0	0	0	1	0	0	0	1	0	0	0	1	0	0	0	0	0	0	0	0	0	0	0	0	3	2	2	1	1	0	3	0	1	1	1	2	1	2	1	1	2	5	5	5	3	5	2	3	3	4	8	2	2	3	1	1	2	4	1	0	0	1	1	0	3	1	1	0	0	0	0	0	0	1	0	0	1	1	2	1	0	0	0	0	1	2	2	2	2	2	0	0	0	0	0	0	1	1	1	0	0	0	2	3	1	1	0	1	0	1	0	0	0	0	0	0	0	0	0	0	2	1	1	0	0	0	2	0	1	1	0	2	0	1	0	1	0	1	0	0	1	1	0	5	6	14	9	3	5	2	3	7	5	2	7	5	3	7	6	2	2	2	1	3	1	2	0	1	2	0	5	1	0	0	3	1	4	1	2	5	23	31	37	11	9	6	0	4	3	2	7	5	5	13	14	14	0	5	0	1	3	0	0	2	1	0	0	1	2	0	0	1	0	3	1	3	0	0	0	0	0	1	1	0	0	4	0	0	1	0	1	0	1	0	3	1	1	2	2	1	3	2	1	2	0	3	8	8	6	2	2	2	5	1	5	7	7	6	6	11	6	5	9	10	10	11	4	5	6	6	0	2	2	4	1	2	2	2	1	4	10	16	3	1	2	6	3	10	5	15	13	17	7	25	41	0	34	68	14	5	3	3	9	23	80	32	10	4	0	3	8	3	1	1	3	0	2	2	0	0	1	1	0	2	2	1	4	4	0	0	3	3	8	7	4	6	6	3	11	3	1	1	5	4	2	2	1	5	1	4	5	6	3	3	1	2	0	3	4	0	3	1	0	0	2	0	3
0	0	0	0	0	0	0	0	0	0	0	0	1	0	0	1	0	0	0	0	0	0	0	0	0	0	0	1	0	0	0	0	0	0	0	2	0	1	0	0	0	0	0	0	0	0	0	0	0	1	0	0	0	0	1	0	0	1	0	0	2	0	0	0	0	0	0	0	0	1	0	0	0	1	1	0	0	1	0	0	1	0	0	1	1	0	1	0	0	0	0	0	0	1	0	0	0	0	0	0	0	0	0	0	1	0	0	0	0	0	0	0	0	0	0	0	1	0	0	0	0	1	0	0	0	0	0	0	0	0	1	0	0	0	0	0	1	0	0	0	0	0	1	1	1	0	0	1	1	1	1	2	2	1	1	2	0	0	1	1	0	0	2	2	1	1	1	1	3	2	0	1	1	2	0	0	1	0	0	2	2	2	0	0	1	3	1	1	0	1	0	0	0	0	2	0	1	1	0	1	2	1	0	1	3	0	0	0	0	0	0	0	1	2	0	1	1	0	1	2	1	0	0	0	0	1	1	1	2	2	1	1	0	0	1	1	1	0	0	0	1	0	0	0	0	1	0	1	0	0	0	1	0	0	0	0	0	0	0	0	0	1	0	1	0	4	6	6	6	2	1	4	3	4	5	2	0	1	6	3	3	2	3	1	1	2	1	1	0	0	0	4	1	3	0	3	0	0	2	2	3	5	4	13	20	6	2	5	2	4	2	3	3	3	7	7	6	2	0	1	0	1	1	0	0	2	1	1	0	2	3	3	0	3	2	3	0	3	5	1	1	0	2	0	1	1	1	0	1	3	2	1	0	0	0	3	1	3	4	0	2	3	3	1	4	2	3	5	12	14	8	3	2	3	2	4	1	5	12	16	16	18	19	10	11	12	4	7	7	10	1	5	8	5	4	5	4	0	4	4	3	6	9	3	6	2	11	7	12	17	11	7	7	6	9	12	31	34	0	197	34	9	4	7	4	11	29	6	9	10	5	7	2	2	1	1	2	2	1	4	1	0	1	0	2	2	2	3	2	3	1	2	3	2	8	9	5	2	3	11	4	8	6	6	4	5	9	3	2	1	1	1	4	7	3	3	1	3	1	1	2	1	1	1	1	2	3	1	1
0	0	0	0	0	0	0	0	0	0	0	0	0	0	0	0	1	1	1	0	0	0	0	1	0	0	0	0	0	0	0	1	0	0	0	0	2	0	0	0	0	0	0	2	0	2	0	2	1	1	0	0	0	0	0	0	0	0	0	0	0	0	0	0	0	0	0	0	0	0	0	0	0	1	0	1	0	0	0	0	3	1	1	2	0	0	1	0	0	0	0	0	0	0	0	2	0	0	0	0	1	2	0	0	0	1	1	1	0	1	1	0	0	0	0	0	0	0	0	0	0	0	0	0	0	1	0	0	0	0	0	1	0	0	0	1	0	0	0	0	0	1	0	0	0	3	2	2	0	0	3	2	2	0	1	0	2	0	0	0	1	1	1	1	4	2	2	4	1	1	3	5	2	1	1	3	1	1	0	0	0	0	1	0	0	2	2	2	2	1	3	1	0	0	0	0	0	0	1	1	0	1	0	1	0	1	0	1	0	3	1	1	0	1	0	1	1	0	1	0	0	1	2	1	1	0	0	0	2	3	1	0	0	0	0	0	0	0	1	0	0	0	0	0	0	2	1	0	0	0	0	0	0	0	0	0	1	0	0	1	2	2	1	2	0	5	3	6	4	4	5	3	2	1	7	3	3	3	7	5	5	0	2	0	1	2	1	1	1	0	2	0	2	2	1	3	1	5	2	3	4	5	9	33	29	8	4	4	4	4	4	3	1	4	3	7	10	9	2	5	1	0	1	0	0	1	0	0	2	1	3	1	2	2	5	1	1	2	0	1	0	0	0	2	0	2	1	1	1	1	0	0	1	2	0	1	1	3	1	5	5	3	3	1	1	0	1	3	4	10	8	1	0	2	2	1	2	5	9	14	12	13	14	7	11	27	20	13	7	10	4	6	4	6	6	3	2	2	5	0	5	13	12	3	4	9	3	9	10	4	8	11	6	5	7	20	29	68	197	0	35	11	3	5	5	12	20	9	6	6	2	3	2	2	1	2	0	1	3	1	1	1	3	1	0	0	3	3	0	1	1	2	2	1	0	11	3	8	8	8	8	1	4	8	4	2	1	1	2	2	2	2	3	3	1	1	5	1	1	1	3	1	1	1	0	2	1	1	1
0	0	0	0	0	0	0	0	0	0	0	0	0	0	0	0	1	0	0	0	0	1	0	0	0	0	0	0	0	0	0	0	0	0	0	0	0	0	1	0	1	0	0	0	0	1	0	0	1	0	0	0	1	0	0	1	0	0	0	0	0	0	0	0	0	0	0	0	0	0	0	0	0	0	0	0	0	0	0	0	2	2	1	0	0	0	1	0	0	1	0	0	0	1	0	0	1	1	0	0	1	0	0	1	1	0	0	0	0	0	1	1	0	1	0	0	0	0	0	0	0	0	0	0	0	0	0	0	0	0	0	0	0	0	0	0	0	0	0	0	0	1	0	0	0	1	2	0	2	1	1	1	0	1	0	0	3	2	1	2	0	0	3	4	0	0	3	1	2	3	2	2	2	1	2	2	0	0	2	1	1	0	0	1	1	0	1	0	1	2	1	1	0	0	0	1	0	0	0	0	0	0	1	1	0	1	1	1	0	0	0	1	0	1	0	0	1	0	2	0	0	0	1	1	2	0	2	0	0	1	0	0	0	0	1	0	0	0	0	0	0	0	0	1	1	0	0	0	0	0	0	0	2	1	0	1	0	0	1	0	0	0	0	0	0	1	1	7	3	3	1	1	2	3	3	8	5	2	5	7	4	1	5	1	0	0	2	1	1	0	0	2	1	0	2	0	2	1	2	0	0	3	7	11	9	7	5	5	3	3	2	4	3	8	3	4	9	8	5	0	2	0	1	2	1	1	1	0	1	1	0	1	1	1	1	2	2	1	0	0	1	0	1	0	0	1	1	0	0	0	1	1	1	0	1	1	1	1	4	2	1	2	3	2	2	3	1	3	3	9	6	4	6	1	3	4	6	9	2	13	9	3	8	2	14	22	11	23	12	11	3	5	5	15	12	4	9	9	12	7	7	15	22	5	10	9	15	24	18	15	6	12	13	10	3	4	16	14	34	35	0	38	7	7	12	13	11	4	5	7	2	5	3	4	2	3	2	1	2	2	2	1	0	0	0	2	1	0	3	1	1	1	0	2	5	3	4	6	2	7	4	2	3	4	1	5	1	1	0	1	3	2	5	7	6	2	1	2	1	1	4	0	0	0	0	2	1	0	0
0	0	0	0	0	0	0	0	0	0	0	0	0	1	0	0	0	0	0	1	0	0	0	1	0	0	2	0	1	0	0	0	0	0	0	0	0	0	1	0	0	0	0	0	1	0	0	1	0	0	0	0	0	1	0	0	0	1	0	0	0	1	0	0	0	0	0	0	0	0	1	0	0	0	0	0	0	1	0	0	0	0	0	1	1	0	1	0	0	0	0	1	0	0	0	0	0	0	0	0	0	1	1	1	0	0	0	0	0	0	0	1	0	0	0	0	0	0	0	0	0	0	0	0	0	0	0	0	0	1	0	1	0	0	0	0	0	0	0	0	0	0	0	0	0	0	0	0	0	1	0	2	0	0	0	0	0	0	0	0	0	0	1	3	0	2	1	4	3	1	3	2	2	1	0	2	1	0	0	2	1	0	3	1	0	0	1	0	0	0	0	0	1	0	0	1	0	0	1	0	2	0	0	0	0	0	0	0	0	0	1	0	0	0	1	0	0	0	1	0	0	0	1	0	0	1	0	0	1	0	0	0	0	1	0	0	0	1	0	0	1	0	0	0	0	0	1	2	0	1	1	0	1	0	0	0	0	0	1	0	1	0	0	2	0	1	1	4	5	2	1	4	1	3	1	2	0	3	11	2	5	2	3	0	1	3	2	2	0	0	2	2	1	0	1	0	2	1	0	2	2	2	3	5	6	5	5	7	9	4	8	5	5	5	4	1	8	9	0	0	1	1	1	1	1	0	0	1	1	0	0	0	1	0	0	0	0	0	1	0	0	1	0	0	0	0	2	0	0	0	0	1	0	0	1	2	3	0	2	2	2	0	3	3	1	2	3	2	4	5	6	3	2	4	4	4	5	6	4	3	5	2	7	3	12	8	8	11	17	16	13	11	7	6	10	13	13	14	21	14	6	10	42	12	17	8	14	11	13	11	10	12	4	2	4	2	4	5	9	11	38	0	30	8	31	15	8	4	1	3	1	0	1	0	1	1	0	1	1	1	0	1	3	1	1	1	0	0	1	3	1	1	2	3	1	0	2	2	2	1	1	9	2	1	0	4	1	2	3	0	2	2	0	1	1	1	1	2	1	0	2	0	1	1	1	1	0	0	0
0	0	0	0	0	0	0	0	0	0	0	0	0	0	0	0	1	1	0	0	1	0	0	0	0	0	1	0	0	0	1	0	0	0	1	0	0	0	0	0	2	1	0	0	0	0	0	0	0	0	0	0	0	0	0	0	0	0	0	1	1	0	0	0	0	0	0	0	0	0	0	0	1	0	0	0	0	1	1	0	0	0	1	0	0	1	0	0	0	0	0	0	0	0	0	0	0	0	0	0	0	0	0	0	0	0	0	0	0	0	0	0	0	0	0	0	0	0	1	0	0	0	0	0	0	0	0	0	0	0	0	0	0	0	0	0	0	2	0	0	0	0	0	0	0	0	0	0	0	1	1	0	1	0	0	0	0	0	1	2	1	0	0	1	1	1	2	2	3	2	1	0	2	1	1	1	3	2	0	0	1	2	0	0	0	1	2	0	0	0	0	0	0	0	2	0	0	0	1	0	0	0	1	0	1	1	0	0	0	0	1	0	0	0	0	0	0	0	0	0	0	0	0	1	0	2	1	0	0	1	0	0	2	0	0	0	0	0	1	0	1	1	0	0	0	0	0	0	0	0	0	1	0	2	0	0	0	0	0	0	0	0	0	0	0	0	2	3	4	1	0	4	1	4	3	3	1	3	6	4	2	2	1	4	2	1	2	0	0	1	0	1	0	0	2	2	0	0	0	5	2	4	6	1	2	3	14	12	25	19	5	2	4	7	7	3	10	7	2	1	0	1	0	0	0	0	0	0	1	1	1	0	2	0	0	1	0	1	0	0	0	1	1	2	3	1	0	0	1	0	0	1	0	0	1	1	0	0	0	0	2	1	1	1	0	1	1	1	0	1	0	0	1	0	1	4	4	5	2	1	3	2	5	1	3	4	6	10	13	18	8	4	3	5	10	10	12	6	7	4	6	9	14	8	8	12	3	6	5	5	3	4	3	1	2	4	2	3	4	3	7	30	0	46	34	3	2	1	3	4	2	2	2	1	2	1	2	1	0	2	1	2	2	0	0	0	0	0	1	1	1	0	1	1	1	3	1	3	1	4	0	1	2	0	1	1	1	0	0	1	1	1	1	0	0	0	0	0	0	0	0	0	0	1	0	1	0	1	1
0	0	0	0	0	0	0	0	0	0	0	0	0	0	0	0	0	0	0	0	1	0	0	1	0	0	0	0	0	0	0	0	0	0	0	0	0	0	0	0	0	0	0	0	1	0	0	0	0	0	0	0	0	1	0	0	0	0	0	1	0	0	0	0	0	0	1	0	1	0	0	0	0	0	0	0	0	0	0	1	0	0	0	0	1	0	1	0	0	0	0	0	0	0	0	0	1	0	0	0	1	0	2	0	0	0	1	0	0	0	0	0	0	1	0	0	0	0	0	0	0	0	0	0	0	0	0	0	0	0	0	0	0	0	1	1	0	0	0	0	0	0	1	0	0	1	1	1	0	0	0	0	0	0	0	0	2	0	1	0	0	2	2	0	2	2	5	3	3	3	2	5	5	1	1	0	1	0	2	1	1	0	0	1	1	1	0	0	0	0	0	1	1	0	1	0	0	0	0	0	0	0	0	0	0	1	1	1	0	0	0	1	0	0	0	1	1	0	0	0	0	2	0	0	0	1	1	1	0	0	0	0	0	0	0	0	0	1	0	0	0	0	1	0	0	0	1	1	2	0	0	2	0	1	0	0	1	0	0	0	0	0	0	0	2	0	2	4	2	5	3	3	1	1	6	4	5	9	17	10	10	3	4	2	1	2	1	2	2	2	0	3	1	2	3	1	2	0	0	3	5	3	3	5	2	6	11	23	24	10	2	4	4	3	1	7	5	8	0	4	1	0	0	1	0	1	0	0	0	0	1	3	0	1	1	0	0	1	0	0	1	0	1	0	1	0	0	1	1	1	1	2	3	0	1	0	1	0	1	0	0	2	1	0	0	0	0	1	2	2	1	3	3	2	5	2	4	4	2	2	2	4	2	4	5	1	2	6	8	1	1	3	0	3	2	3	3	3	6	2	2	5	16	15	14	9	4	6	5	6	9	6	1	3	4	7	3	3	7	5	7	8	46	0	61	14	3	2	0	3	1	2	0	0	1	2	0	1	0	0	1	0	1	0	0	2	1	0	1	1	0	0	0	2	1	1	2	2	0	3	0	1	1	0	0	2	1	1	1	0	3	3	3	1	0	2	0	1	0	0	1	0	1	0	1	0	0	0	0
0	0	0	0	0	0	0	1	0	0	0	0	0	0	1	0	0	0	0	0	0	0	0	1	1	0	0	0	0	0	0	0	0	0	0	0	0	0	0	0	0	0	0	0	0	0	0	0	0	0	0	0	0	0	0	0	0	0	0	0	1	0	1	0	0	0	0	0	0	0	0	0	0	0	0	0	0	0	1	0	0	1	1	0	0	0	0	0	0	1	0	0	0	0	0	1	0	0	0	0	0	0	1	0	0	0	0	0	0	0	1	0	0	0	0	1	0	0	0	0	0	0	0	0	0	0	0	0	1	0	0	0	0	0	0	0	0	0	1	1	0	0	0	0	0	0	1	0	0	0	1	0	0	1	0	1	0	0	0	0	1	1	0	0	2	5	3	7	3	2	3	2	6	2	0	1	3	0	2	1	2	0	2	1	1	1	1	0	0	0	0	1	0	0	1	0	1	0	0	0	0	1	0	1	0	0	1	0	0	0	1	1	0	0	0	1	0	1	0	0	1	0	0	2	0	1	1	1	0	3	0	0	1	0	0	1	0	0	0	0	0	1	0	0	0	0	0	0	1	0	1	1	0	0	1	0	0	0	0	0	0	1	1	0	1	1	5	5	6	4	2	5	5	5	5	5	4	4	20	8	11	4	3	1	1	0	2	1	0	0	1	3	1	2	1	1	3	0	1	2	3	2	6	4	9	5	20	16	14	8	5	3	3	6	6	8	9	20	1	0	0	0	0	0	1	0	0	3	0	2	2	0	0	0	0	0	1	0	0	0	0	1	0	1	0	1	2	1	0	1	0	0	0	1	1	1	1	1	1	3	2	1	0	1	0	1	1	3	1	5	5	1	1	2	0	5	5	3	2	1	2	3	4	2	4	5	5	14	10	7	2	4	2	4	4	2	3	1	7	3	1	12	78	32	26	9	7	4	5	8	2	4	2	3	1	2	6	9	4	5	12	31	34	61	0	21	7	3	4	3	2	6	2	2	3	2	1	2	2	2	0	1	0	0	0	2	1	2	0	1	1	0	3	5	0	1	3	1	2	2	3	1	2	2	4	2	1	0	2	1	1	1	0	1	0	2	1	1	1	3	3	2	0	1	0	0	0	1	1
0	0	0	0	0	0	0	0	0	0	0	1	0	0	0	0	1	0	0	0	0	0	0	0	0	0	1	0	0	0	0	0	0	0	0	1	0	0	1	0	0	0	0	0	0	0	1	0	1	0	0	0	1	1	1	0	0	0	0	0	0	0	0	0	0	0	0	0	0	0	0	1	0	0	0	0	0	0	0	1	1	0	1	0	1	0	0	0	1	0	1	0	0	0	0	0	0	0	0	1	0	0	0	0	0	1	0	1	0	0	0	0	0	0	0	0	0	0	0	0	0	0	0	0	1	0	0	0	0	1	0	0	0	0	0	0	1	0	0	0	0	3	1	0	0	0	1	0	1	1	1	1	0	0	0	1	0	0	2	0	2	0	1	1	2	6	3	9	6	2	2	9	2	4	5	3	2	2	4	0	1	0	1	1	0	0	3	0	1	1	2	0	0	1	0	2	1	0	0	1	2	0	0	0	0	0	1	0	0	0	0	1	0	0	0	0	1	0	1	0	1	1	0	1	2	2	0	0	0	0	0	0	0	0	0	0	1	0	0	0	0	0	0	0	0	0	0	0	0	0	0	0	2	0	0	0	2	0	0	1	0	1	0	0	1	1	3	14	14	5	4	1	6	8	4	6	5	4	26	13	8	8	3	3	2	0	1	3	0	2	0	1	0	2	1	1	0	2	5	5	5	8	11	8	5	7	11	8	3	3	5	2	7	8	8	11	17	33	0	3	1	0	3	1	0	2	0	1	0	0	0	0	3	2	2	0	1	3	0	0	0	0	2	1	0	1	0	2	1	0	0	1	0	0	0	0	1	3	1	0	2	1	1	0	3	1	3	2	3	3	8	4	1	3	3	1	4	2	3	3	2	4	4	3	5	8	4	15	7	9	5	1	2	8	5	4	8	3	6	1	2	3	144	47	12	7	9	6	12	9	17	16	14	11	8	9	9	23	11	12	13	15	3	14	21	0	33	14	6	6	2	4	6	3	2	2	1	1	0	0	3	1	0	0	0	0	2	1	0	1	0	0	1	1	1	2	4	1	3	4	6	0	2	3	2	3	1	2	1	0	2	2	2	3	5	0	4	3	0	1	1	2	1	1	2	0	0	0	1
0	0	0	0	0	0	0	0	0	0	0	0	0	0	0	0	0	0	0	0	0	0	0	1	0	0	0	0	0	0	0	0	1	0	0	1	0	0	0	0	0	0	0	0	0	0	0	0	0	0	0	0	0	0	0	1	2	0	0	0	0	0	1	0	0	1	0	1	0	0	0	0	0	0	0	0	0	0	1	0	0	0	0	0	0	0	1	0	1	0	1	0	0	0	1	1	0	0	0	1	1	0	0	0	0	0	0	0	0	0	1	1	0	0	0	0	0	0	0	0	0	0	0	1	0	0	0	0	0	0	0	0	0	0	0	1	1	0	0	0	0	0	0	1	0	0	1	1	1	0	2	1	1	0	0	0	0	1	0	0	1	1	1	0	7	2	5	3	1	1	1	3	6	3	3	1	5	1	1	0	0	4	0	2	0	2	1	1	0	0	0	1	3	0	0	0	0	0	0	0	2	1	0	0	1	1	0	0	0	1	0	1	0	2	0	1	0	0	0	1	0	1	0	0	4	0	1	0	0	1	0	0	0	0	0	1	0	0	0	0	0	0	0	1	1	1	2	0	2	1	2	2	0	1	0	0	1	0	2	1	1	0	0	1	2	2	7	9	13	7	1	3	6	11	11	7	9	4	9	5	7	9	3	3	0	2	6	1	2	1	0	2	1	0	4	2	1	2	3	3	8	11	17	14	17	4	5	2	4	2	0	1	2	4	5	6	15	18	1	1	2	1	4	0	1	1	2	0	0	1	0	1	1	0	1	1	0	1	0	0	0	0	0	0	1	0	0	0	1	3	1	0	0	0	1	1	2	1	1	1	2	2	2	1	2	4	2	2	6	9	7	7	3	3	0	2	3	4	6	4	5	4	7	1	2	4	5	6	3	9	4	2	3	6	3	5	5	3	2	5	4	5	14	10	11	7	10	10	9	10	12	22	24	23	15	17	38	80	29	20	11	8	2	3	7	33	0	43	7	19	4	7	7	6	6	3	0	3	2	3	3	1	1	0	1	1	2	0	0	1	1	2	0	1	4	4	4	5	2	3	7	3	1	2	0	1	3	4	3	2	1	1	2	3	1	1	1	2	0	3	3	1	1	0	1	1	0	0	2
0	0	0	0	0	0	0	1	0	1	0	0	0	0	0	0	0	1	0	0	0	0	0	0	0	0	0	0	0	1	0	0	0	1	2	0	0	0	0	0	0	0	0	0	0	0	0	0	0	0	0	0	0	0	0	0	0	0	0	0	0	0	1	0	0	0	0	0	0	0	0	0	0	1	0	0	0	1	1	0	0	0	0	0	0	0	1	1	0	0	0	1	0	0	0	0	1	0	0	0	0	0	0	0	1	0	0	0	0	0	0	0	0	0	0	1	1	0	0	0	1	0	1	0	0	0	1	1	0	0	0	0	0	0	0	0	0	0	0	0	0	1	0	0	0	1	0	1	0	0	0	0	0	0	0	0	0	2	0	4	0	0	2	5	3	3	1	3	6	1	1	4	16	6	2	6	4	2	0	0	3	3	0	1	0	0	2	3	2	0	1	0	1	0	1	0	1	0	1	0	0	1	1	0	1	0	0	0	2	1	0	0	0	1	0	1	1	1	1	0	1	1	1	0	0	1	1	2	0	0	0	0	0	0	0	0	0	0	0	0	2	0	0	2	0	0	0	0	0	0	0	1	0	0	1	1	1	2	1	2	0	0	1	1	2	3	12	9	18	6	7	5	5	12	15	9	5	5	7	6	3	2	8	2	4	1	3	4	1	2	1	4	0	1	3	5	5	8	8	4	20	22	29	17	6	3	3	4	1	2	1	2	2	4	1	6	5	14	0	3	3	1	1	0	0	1	2	0	0	2	3	0	2	5	2	1	4	1	0	3	0	1	1	1	0	3	2	2	2	1	0	0	2	2	1	1	2	1	0	4	5	4	6	2	1	6	4	5	4	6	4	1	3	1	3	2	4	3	5	5	4	3	5	3	3	1	9	6	4	1	1	1	2	0	1	0	1	1	0	1	2	5	9	7	8	3	2	4	8	7	5	12	34	134	51	31	36	32	6	9	4	4	1	2	3	14	43	0	28	11	7	9	8	3	2	0	1	3	3	3	1	2	1	0	1	1	2	1	1	4	1	1	1	2	1	5	7	8	2	3	2	6	3	2	5	4	5	2	3	2	2	10	10	6	4	3	3	3	2	2	0	1	3	2	2	0	2	1	1
0	0	0	0	0	0	0	1	0	0	0	0	1	0	0	0	0	0	0	0	0	0	0	1	0	1	0	0	0	0	0	0	0	0	0	0	0	0	1	1	1	0	1	0	2	0	0	0	0	0	0	1	0	0	0	0	0	2	1	1	0	0	0	0	0	0	0	0	0	0	1	1	0	0	0	0	0	0	0	1	0	0	0	0	1	1	0	1	0	0	0	0	1	0	1	0	0	0	0	0	1	1	0	0	0	1	0	0	0	0	0	0	0	0	1	0	0	0	0	0	0	0	0	0	0	0	0	0	0	0	0	0	0	0	1	0	1	0	0	1	0	1	0	0	0	1	0	0	0	0	0	1	0	0	0	0	0	0	1	3	0	0	0	3	2	3	4	1	2	0	3	3	3	2	1	4	0	4	1	0	1	0	2	1	1	0	0	2	4	0	1	2	0	1	0	0	2	0	2	1	0	0	0	1	1	1	0	0	3	1	0	1	0	2	0	1	1	0	0	0	0	0	1	1	1	1	0	1	1	0	1	3	0	0	1	0	1	0	0	0	0	1	0	0	0	1	0	1	1	1	0	1	1	1	0	0	2	0	0	1	3	0	1	0	1	5	4	2	9	5	3	2	4	11	6	5	2	2	4	2	3	0	1	3	5	3	0	4	3	1	5	2	11	4	1	3	3	7	5	7	11	8	1	8	6	3	4	2	0	0	0	0	0	1	2	6	3	6	2	1	1	2	2	2	1	1	0	2	0	0	2	0	0	5	2	0	7	1	5	2	0	2	0	1	1	1	2	8	3	0	1	2	2	0	0	1	2	0	4	6	5	9	3	2	2	2	4	10	11	9	6	3	2	6	2	5	5	3	5	5	4	5	0	2	2	3	1	4	2	0	0	0	6	3	1	0	3	2	2	1	4	5	9	7	2	2	2	6	4	5	6	9	25	24	28	12	26	10	9	6	5	1	3	0	4	6	7	28	0	85	20	12	6	15	7	6	6	5	2	3	0	1	1	0	0	0	1	1	4	8	0	1	1	1	5	4	3	2	3	3	4	2	1	3	7	4	5	5	1	6	1	15	6	6	1	2	2	1	3	3	1	2	3	1	0	2	2	1	4
0	0	0	0	0	0	0	0	0	1	0	0	0	0	1	0	0	0	0	0	0	1	0	0	1	0	0	0	0	0	0	0	0	0	0	0	2	0	0	0	0	0	0	0	0	1	0	1	0	2	0	0	0	0	0	0	0	0	1	0	0	1	0	0	0	0	0	1	0	0	0	0	0	0	1	1	1	0	0	1	0	0	1	0	0	0	1	0	0	0	0	0	0	0	1	0	0	0	0	0	1	0	0	0	0	0	0	1	0	1	0	1	0	0	0	0	0	0	0	0	0	0	0	0	0	0	0	0	0	0	0	0	0	0	0	0	1	0	0	0	0	1	0	0	1	0	1	2	3	0	1	2	0	0	0	0	0	0	3	1	2	1	1	2	1	0	2	1	2	3	4	3	4	3	0	3	1	1	3	0	0	1	2	1	3	0	3	2	1	0	0	0	0	0	0	0	0	1	0	0	2	0	1	0	0	0	0	0	0	0	1	1	0	1	0	1	1	3	0	2	0	0	1	1	2	3	2	1	0	0	1	0	0	0	0	0	0	0	1	0	0	0	0	0	0	1	0	0	0	0	2	1	0	0	1	0	0	1	1	1	1	1	0	2	1	4	2	5	4	6	2	3	4	16	9	5	2	1	1	4	1	8	6	6	1	3	2	5	3	1	3	3	2	1	2	2	2	6	3	6	4	6	4	2	1	2	5	1	3	1	1	1	3	1	3	2	3	3	2	1	2	0	2	4	0	1	0	0	0	1	0	2	1	0	2	1	1	2	0	0	3	1	1	0	1	1	0	1	2	4	4	3	2	1	2	3	4	1	2	7	9	10	11	5	0	2	5	14	12	12	9	3	4	3	4	9	3	5	3	2	2	2	3	1	3	3	4	4	6	1	2	4	3	5	1	2	0	0	3	6	3	6	0	4	2	7	5	3	5	17	13	12	20	18	15	6	7	4	10	6	7	3	4	3	3	6	19	11	85	0	46	35	14	24	13	10	8	4	8	5	1	0	0	2	0	2	2	1	2	0	2	0	2	1	7	5	6	5	3	5	0	1	0	3	1	3	3	3	4	4	8	12	17	4	5	1	0	2	3	3	3	1	2	6	2	1	0	0	2
0	0	0	0	0	0	0	0	0	0	0	0	0	0	0	0	0	0	1	0	0	1	0	0	0	0	0	0	0	0	0	1	0	0	0	0	0	0	0	1	0	0	0	0	0	0	1	0	0	0	0	0	1	0	0	1	0	0	0	0	0	1	0	0	1	0	0	0	0	0	0	0	1	0	0	0	0	0	0	0	0	0	0	0	0	0	0	0	0	0	0	0	2	0	0	0	0	0	0	0	0	2	0	0	0	0	1	0	0	2	0	0	0	0	0	0	0	0	0	0	0	0	0	0	0	0	0	0	0	0	0	0	0	0	0	1	0	0	0	0	0	0	0	0	1	0	0	0	3	0	1	0	2	0	0	1	0	1	1	0	0	0	0	0	1	1	0	0	0	2	3	0	2	4	2	0	1	0	0	1	1	2	1	0	2	0	0	1	0	2	1	0	0	0	0	0	1	0	0	0	1	1	1	0	0	0	0	0	1	0	0	1	1	0	0	0	0	1	0	1	0	0	0	0	2	0	1	0	0	0	0	0	0	0	0	0	1	0	0	0	0	0	1	2	0	1	0	0	0	1	1	0	0	0	0	0	0	2	1	1	0	0	0	0	1	2	0	2	8	1	2	2	2	5	3	4	7	1	1	2	1	1	2	4	1	2	2	7	2	1	4	2	5	3	0	3	4	2	4	3	4	5	1	2	4	2	1	1	1	1	1	3	3	2	3	1	3	2	2	2	1	1	1	1	0	1	1	1	1	1	2	3	0	0	0	2	3	0	2	3	1	1	0	0	4	3	4	4	2	5	1	1	0	2	0	1	7	7	4	4	5	26	22	8	6	3	3	13	11	16	16	7	3	8	6	16	11	5	7	0	6	9	4	3	4	2	1	3	4	3	1	1	2	0	3	3	0	3	3	0	2	4	4	1	4	3	7	2	6	9	10	9	8	7	6	6	10	0	5	2	2	1	2	1	2	2	4	7	20	46	0	94	20	20	13	21	14	6	8	4	5	1	1	0	1	1	1	0	1	1	2	1	1	1	2	1	2	3	1	2	4	1	0	2	4	3	2	3	4	3	8	15	9	4	6	3	2	1	0	2	2	3	2	1	4	2	2	2	4
0	0	0	0	0	0	0	0	0	0	0	0	0	0	0	0	1	0	0	0	0	0	1	0	0	0	1	0	0	0	1	0	0	0	1	0	0	0	0	0	1	0	0	1	0	1	0	1	0	1	0	0	0	0	0	0	1	0	0	1	1	0	0	1	0	0	2	0	0	0	0	0	0	0	1	0	0	0	0	0	0	1	0	0	0	0	0	0	0	0	0	0	0	1	1	0	0	0	0	0	0	0	0	0	0	1	0	0	0	0	1	0	0	0	0	0	0	0	0	0	1	0	0	0	1	0	0	0	0	1	0	0	0	0	0	0	0	0	1	0	0	1	1	0	0	0	0	0	1	0	1	1	0	1	0	0	0	1	0	1	1	1	1	0	2	1	2	2	2	0	1	2	1	1	2	3	0	0	1	1	0	0	0	1	0	0	2	1	1	0	0	0	1	1	0	0	0	0	0	0	0	0	2	0	0	0	0	0	0	0	0	0	0	0	0	0	0	2	1	1	0	0	0	0	1	0	1	0	0	0	0	0	0	1	0	0	2	0	1	0	0	0	1	0	0	1	0	0	0	0	0	0	0	1	0	0	0	0	0	2	1	1	1	0	0	1	1	2	1	4	5	2	8	12	6	4	3	2	3	2	1	4	3	2	1	1	3	1	1	3	3	4	3	0	1	0	4	2	1	2	2	3	5	2	1	1	1	3	0	3	1	0	0	0	1	0	0	1	0	0	2	1	3	2	3	2	0	1	0	0	2	3	4	0	3	3	3	1	0	0	1	2	1	1	2	5	1	1	2	2	2	0	3	2	1	1	1	4	7	13	2	2	17	6	2	4	3	9	7	11	16	13	4	5	6	8	7	8	2	8	2	3	1	4	1	1	4	0	1	2	1	0	0	2	0	4	1	2	2	6	0	6	1	4	4	9	8	4	12	14	19	13	14	6	1	3	6	3	7	3	5	0	2	2	6	4	7	9	12	35	94	0	40	22	20	20	3	8	6	4	7	3	2	3	1	4	1	0	1	3	0	1	1	6	1	2	0	2	2	1	1	0	4	0	3	3	1	3	2	2	10	6	6	3	0	1	0	3	2	0	0	2	5	0	0	0	0	2	1
0	0	0	0	0	0	0	0	0	0	0	0	0	0	0	0	0	0	0	0	0	0	0	0	0	1	2	0	0	0	1	0	0	0	0	0	0	0	0	0	0	0	0	0	0	0	0	0	0	0	0	0	0	0	0	0	0	0	0	0	0	0	0	0	1	0	0	0	0	0	0	2	0	0	0	0	0	1	0	0	0	0	1	0	0	0	1	1	0	0	1	1	0	1	0	0	0	0	1	1	0	0	0	1	0	0	0	1	1	0	0	0	0	0	0	0	0	0	0	0	0	0	0	0	0	0	0	0	0	0	0	0	0	0	0	0	0	1	2	0	1	0	1	0	0	1	0	0	2	0	2	1	1	0	0	1	1	1	0	0	2	2	1	0	1	1	2	0	0	1	1	5	4	1	0	3	2	0	2	2	0	1	0	0	0	0	1	2	1	1	0	1	0	0	0	0	0	0	0	1	0	1	0	0	0	0	0	1	0	0	1	1	0	0	0	0	1	1	1	1	0	1	1	1	1	0	1	0	1	1	1	0	0	0	0	0	0	0	1	0	1	0	0	0	0	0	1	0	0	1	1	0	0	0	0	0	0	0	1	0	1	0	0	0	2	0	0	0	7	13	5	4	5	16	6	7	5	2	7	4	7	4	11	6	3	11	11	7	4	1	2	4	10	2	5	3	7	3	6	6	2	3	4	2	5	1	2	1	1	1	2	0	1	0	1	2	4	4	2	0	2	0	1	1	0	0	0	0	0	0	0	0	1	0	2	2	3	0	0	1	1	1	1	4	3	1	1	2	4	3	1	1	2	0	0	1	5	4	6	7	3	6	4	3	4	2	4	4	1	8	10	3	4	2	4	10	7	1	1	1	3	1	3	1	1	1	1	3	1	0	2	1	1	1	0	0	2	2	3	0	0	0	3	10	6	6	5	4	6	8	5	24	14	4	2	2	5	8	2	2	3	1	2	0	2	6	7	8	6	14	20	40	0	70	28	13	6	3	1	1	0	3	0	3	0	2	1	4	0	0	0	2	0	1	0	2	1	1	0	2	4	2	1	2	0	1	2	3	2	4	3	6	5	3	4	1	2	0	0	2	2	3	1	0	0	2	1	2	2
0	0	0	0	0	0	0	0	0	1	0	0	0	0	0	0	0	1	0	0	0	0	0	0	0	1	0	0	0	1	0	0	0	0	0	1	1	0	0	0	1	1	1	0	0	1	0	0	0	0	0	0	0	0	1	1	1	0	0	0	0	0	0	0	0	0	0	0	0	0	0	0	0	1	0	0	0	0	0	0	0	0	0	1	0	2	0	0	0	3	0	0	0	1	0	1	0	0	0	0	2	0	1	0	0	1	0	0	0	0	1	1	0	0	0	0	0	0	0	0	0	0	0	0	0	0	0	0	0	0	1	1	0	0	0	0	0	0	0	0	0	0	1	1	0	1	0	1	2	0	0	0	0	0	0	1	0	0	1	0	1	0	1	1	1	0	1	0	0	1	1	4	1	2	0	3	2	2	2	1	0	0	1	1	2	1	0	0	0	0	1	1	1	0	0	0	0	1	1	1	0	0	0	0	0	0	0	1	0	0	0	0	0	0	1	0	0	0	1	1	0	1	1	0	0	3	1	2	0	0	0	0	0	1	2	0	1	0	0	0	0	0	0	2	2	0	0	1	0	0	1	0	0	0	0	0	0	0	1	1	0	1	0	0	0	1	1	2	4	9	8	1	10	23	7	2	0	1	2	5	3	8	8	12	6	2	3	8	8	2	1	8	13	3	3	5	6	13	9	11	7	6	3	7	2	2	2	1	1	0	1	0	2	1	1	2	1	1	2	0	0	1	2	0	1	1	0	0	1	0	1	1	2	1	1	1	1	0	1	0	1	2	1	1	1	1	2	8	7	1	1	3	1	1	1	1	4	8	7	10	9	11	8	2	0	2	4	4	7	1	4	3	1	4	4	7	3	2	1	1	2	2	3	3	1	1	4	2	3	1	2	4	2	0	2	3	4	2	3	0	1	2	5	4	5	7	3	2	4	10	8	7	16	11	2	1	11	3	2	2	4	0	1	0	2	3	6	3	15	24	20	22	70	0	46	11	5	2	3	1	1	1	1	1	1	0	4	2	0	2	1	1	1	0	0	0	0	1	2	2	0	2	1	3	2	2	4	2	3	0	5	6	1	2	2	0	0	3	3	3	3	4	4	1	2	2	3	2	1
0	0	0	0	0	0	0	0	0	0	0	0	0	0	0	0	0	0	0	0	0	0	0	0	0	0	0	0	0	0	0	0	0	0	0	0	0	0	1	0	0	1	0	0	0	1	0	0	0	1	0	0	1	1	0	0	0	0	0	0	0	1	0	1	0	0	0	0	0	0	0	0	0	0	0	0	0	0	0	0	0	0	1	2	0	0	0	2	0	0	0	0	0	0	0	0	0	0	0	0	1	0	0	0	0	0	0	0	0	0	0	0	0	0	0	0	0	1	1	0	0	0	0	0	0	0	0	0	0	0	1	0	0	0	1	0	0	0	0	0	1	0	1	0	0	0	0	0	0	0	1	2	0	0	0	0	0	0	0	0	1	0	1	3	1	1	3	1	2	0	0	3	1	2	1	1	0	1	3	0	0	2	4	0	0	0	2	0	1	2	0	0	2	0	0	0	0	0	0	0	0	0	0	0	0	1	0	0	0	0	0	0	0	0	0	0	2	0	0	0	1	0	1	0	0	2	0	0	0	1	0	0	0	1	1	0	2	1	0	0	0	0	0	0	0	1	0	0	0	0	1	0	0	1	1	0	2	1	0	1	0	0	0	1	0	0	3	1	2	2	6	2	5	9	3	2	1	1	5	3	4	4	5	7	4	9	12	16	4	6	6	15	11	6	7	5	5	4	2	5	2	1	2	2	1	0	1	1	0	0	0	0	0	0	0	2	3	0	1	2	2	0	1	1	1	0	0	0	1	1	0	0	0	0	1	4	0	2	3	1	0	0	2	0	2	3	2	1	6	2	2	2	3	2	4	3	4	7	21	47	6	17	12	5	5	4	4	0	3	3	7	6	3	3	0	2	1	4	1	4	3	4	1	2	2	2	1	0	2	1	2	1	1	0	2	0	2	1	2	2	1	1	2	1	2	4	6	2	4	3	3	7	6	5	1	5	3	1	1	1	2	1	2	1	3	2	6	2	7	13	13	20	28	46	0	36	9	9	7	3	0	1	0	0	2	1	2	1	1	0	2	0	1	2	1	1	2	1	0	3	1	0	0	3	0	4	2	2	2	3	7	6	5	5	2	1	2	0	3	1	3	4	3	1	0	2	2	2	2
0	0	0	0	0	0	0	0	0	0	0	0	0	1	0	0	0	1	0	0	1	0	0	0	0	0	0	1	0	0	0	0	0	0	1	0	0	0	0	0	0	0	0	0	0	0	0	0	0	0	0	0	0	0	0	0	0	0	0	0	0	0	0	0	0	0	0	0	0	0	0	0	0	0	0	0	0	0	0	0	0	0	0	0	1	0	0	1	0	0	0	1	0	0	0	1	0	0	0	0	1	0	1	0	0	0	2	0	0	0	0	1	0	0	1	0	0	1	0	0	0	0	0	0	0	0	0	0	0	0	1	0	1	0	0	0	0	0	0	0	0	0	0	0	0	1	0	1	0	0	0	0	0	0	0	0	0	0	0	0	0	1	2	0	0	2	0	1	2	0	1	0	1	4	0	0	0	1	2	0	0	1	1	0	0	0	3	1	0	0	0	0	2	1	0	0	0	1	1	1	4	0	0	0	0	0	0	0	1	0	0	0	0	1	2	0	1	1	0	1	1	1	2	0	1	3	1	0	3	0	0	1	1	0	0	0	0	0	0	1	0	0	1	0	0	0	0	1	0	0	1	0	2	0	0	2	0	3	1	0	0	1	1	1	1	1	0	1	3	4	2	1	2	1	3	2	1	0	1	0	3	2	7	3	2	6	5	11	4	2	1	3	5	1	4	2	5	4	5	3	2	4	0	3	2	0	1	0	1	1	0	1	1	0	0	1	2	0	0	0	1	0	3	0	0	0	1	0	1	0	1	1	0	4	1	0	2	1	1	2	4	2	0	2	3	1	5	2	2	10	2	1	0	1	1	7	8	8	18	20	3	14	19	10	12	5	2	5	5	4	3	4	7	7	7	4	6	3	1	0	0	0	2	0	2	1	1	0	0	0	2	1	1	1	0	0	2	5	0	3	0	2	2	1	0	1	2	1	4	6	4	1	3	2	1	4	5	1	1	2	3	1	1	2	2	2	3	0	6	10	21	20	13	11	36	0	35	14	8	16	3	1	3	2	1	1	5	2	2	1	0	0	1	0	1	0	1	2	1	3	3	3	0	3	2	2	5	2	0	4	9	8	5	3	1	1	1	0	1	1	3	3	4	3	2	0	3	1	4
0	0	0	0	0	0	0	0	1	0	0	0	0	0	0	0	0	1	0	0	1	0	1	0	0	0	0	0	1	0	0	0	0	0	1	0	0	0	0	0	2	1	0	1	0	0	1	0	0	0	1	0	0	0	0	0	0	0	1	0	1	0	1	0	0	0	0	0	0	0	0	2	0	0	0	1	0	0	0	1	0	0	0	0	1	0	0	1	1	1	0	0	1	0	0	0	0	0	0	0	1	1	0	0	1	1	1	0	1	0	0	0	0	0	0	0	1	0	0	1	0	0	0	0	0	0	0	0	0	1	0	0	0	0	0	2	0	0	1	0	0	1	0	0	1	0	3	1	0	0	1	0	0	0	0	1	0	1	1	1	1	0	0	1	0	0	2	0	2	1	0	4	0	4	0	1	0	1	1	1	1	1	1	0	0	1	0	0	0	2	0	1	0	0	0	0	0	0	0	0	0	1	2	0	0	0	0	0	0	1	0	0	0	0	2	0	0	2	0	0	0	0	0	0	2	1	1	2	0	1	1	0	0	0	0	1	0	1	0	0	0	0	0	1	0	0	1	0	0	0	0	0	0	1	2	0	1	0	0	0	0	0	0	1	0	0	1	2	2	5	3	3	0	2	1	1	1	1	0	1	3	2	1	2	1	0	5	5	7	3	1	4	1	2	2	0	1	4	2	1	2	2	2	1	3	3	0	0	0	0	0	0	0	0	0	1	0	0	0	0	0	0	0	1	1	0	0	0	0	1	0	0	3	1	0	1	2	4	2	3	2	3	2	1	1	1	1	2	3	3	8	5	2	1	2	7	5	8	18	16	4	26	16	20	14	6	8	11	2	3	6	10	3	4	2	3	2	5	4	1	4	2	1	2	1	0	0	1	0	2	0	0	2	2	1	0	0	0	1	1	3	2	1	4	2	3	0	0	2	2	3	3	1	1	2	2	2	3	2	0	2	0	2	0	1	1	0	1	6	8	14	3	6	5	9	35	0	56	21	23	5	2	1	2	0	0	3	1	1	2	2	0	0	3	1	1	2	0	3	0	0	2	1	4	2	6	4	4	4	11	10	6	1	2	3	0	1	2	3	4	1	3	8	4	4	3	2	5	8
0	0	0	0	0	0	0	0	0	0	0	0	0	0	0	0	0	0	0	0	0	0	0	1	0	0	1	1	0	0	0	0	0	0	0	0	0	0	1	0	0	0	0	0	1	0	1	0	0	0	0	0	0	0	0	0	1	1	1	1	0	0	0	2	0	0	0	0	0	0	0	0	0	0	0	0	0	0	0	0	0	1	1	3	0	0	2	0	0	1	0	1	1	0	0	0	0	0	0	0	2	0	0	0	0	0	1	1	0	1	0	0	0	0	0	0	0	0	1	0	1	0	0	0	0	0	0	0	0	0	0	0	0	0	0	0	0	0	1	0	0	0	0	0	0	0	0	0	1	0	1	4	1	0	2	0	0	0	0	1	0	0	1	0	0	1	1	0	0	0	0	1	0	0	3	1	1	0	1	1	1	1	0	1	0	0	1	1	2	0	1	0	1	0	1	0	0	1	0	2	1	0	0	1	0	0	1	2	0	1	1	0	1	0	0	0	1	0	0	1	1	1	0	2	0	2	0	1	2	0	0	0	1	0	1	1	0	2	0	0	0	0	0	0	0	0	0	0	0	0	1	1	1	0	0	0	0	0	1	1	1	3	0	0	3	4	1	0	2	2	2	1	1	2	2	1	0	0	0	1	0	1	1	1	3	1	3	2	1	1	0	0	1	1	1	0	0	2	5	2	1	1	0	3	1	1	0	1	1	0	0	1	0	2	1	1	0	1	0	0	0	0	1	0	0	0	0	1	0	1	3	0	0	2	1	3	3	0	2	1	3	0	3	0	5	2	0	6	5	11	7	3	5	2	7	6	10	1	10	13	5	38	16	9	13	15	6	16	5	4	3	8	3	5	4	5	2	3	2	3	1	2	2	1	2	0	0	0	1	1	0	0	0	0	0	2	1	1	1	2	3	4	2	1	3	0	1	1	1	4	2	0	6	0	2	3	0	0	2	1	1	1	1	1	2	1	3	3	5	4	6	8	3	2	9	14	56	0	36	95	11	8	2	7	2	4	4	3	2	0	0	1	2	2	1	7	1	2	3	0	1	1	4	1	4	2	1	4	6	11	25	10	5	1	6	2	1	1	5	2	7	3	7	8	2	2	5	2	3
0	0	0	0	0	0	0	0	0	0	0	0	0	0	0	0	0	0	0	0	0	1	0	0	1	0	2	0	0	0	1	1	0	0	0	0	0	0	1	0	1	1	1	0	1	0	0	0	0	0	0	0	0	0	0	1	1	0	0	1	0	1	0	0	0	0	0	0	0	0	0	0	0	0	0	0	0	0	0	0	0	1	0	0	0	0	0	1	0	1	1	0	0	0	0	0	1	0	1	2	0	0	3	0	0	1	0	0	0	0	0	0	0	0	0	0	0	0	0	0	1	0	0	0	0	0	2	1	0	0	0	0	0	0	0	0	0	0	0	0	1	1	0	0	0	1	1	2	0	0	0	0	0	1	1	0	1	0	2	0	0	0	0	0	1	0	0	0	2	1	0	1	1	1	2	1	1	1	0	2	1	1	0	1	1	1	0	3	0	0	0	1	1	0	0	0	0	0	1	0	0	1	0	1	0	0	0	1	0	0	0	0	0	1	0	0	0	1	0	0	2	1	1	0	1	2	1	2	0	0	1	1	2	0	0	0	0	1	0	0	0	0	1	0	0	0	0	1	0	1	0	0	1	0	0	0	1	0	0	1	2	0	0	2	0	4	0	4	0	1	1	0	1	1	1	1	0	4	0	3	0	0	2	1	2	1	1	6	2	0	1	4	2	2	0	2	2	3	2	3	1	1	3	2	2	1	0	1	0	0	0	0	1	1	0	1	2	1	0	1	0	1	0	0	1	1	1	1	0	1	0	1	3	0	2	0	4	3	3	3	4	0	3	1	2	7	5	7	9	26	11	9	1	3	5	10	21	16	9	20	18	23	7	5	1	9	2	9	4	2	2	4	2	3	1	3	1	1	5	2	0	0	0	2	0	0	1	0	0	1	1	0	1	1	0	1	4	0	1	0	2	1	0	1	2	2	1	0	0	1	0	2	0	1	0	3	1	2	1	3	2	1	0	0	2	0	2	3	2	8	8	6	1	3	7	8	21	36	0	101	14	13	2	4	1	2	3	2	2	1	1	0	0	1	3	0	3	0	1	1	1	2	3	0	0	6	3	3	6	9	23	9	8	5	2	2	1	0	7	3	6	5	9	4	2	5	3	9	6
0	0	0	0	0	0	0	0	0	0	0	0	0	0	0	0	0	2	1	0	0	0	0	0	0	0	0	0	0	0	0	0	0	0	0	0	1	0	0	0	1	0	0	0	2	0	0	0	1	0	0	0	0	0	0	1	0	0	0	1	0	1	0	0	0	2	1	0	0	0	0	0	0	0	0	1	0	0	0	0	0	2	1	0	0	0	0	0	0	1	0	1	0	0	0	0	0	0	0	0	0	1	0	0	0	0	1	1	0	0	0	2	0	0	0	1	0	1	0	0	0	0	0	0	1	0	0	1	0	0	0	0	0	0	0	0	0	1	0	0	1	1	0	1	1	0	2	2	0	0	2	2	2	0	0	1	0	0	1	0	0	0	0	1	0	0	0	3	0	0	0	1	1	0	0	2	1	0	1	1	2	1	0	1	0	0	0	1	2	1	0	2	0	0	3	0	0	0	0	1	0	0	0	0	2	1	0	0	0	0	1	0	0	1	1	1	1	2	1	0	0	1	0	0	0	1	1	1	2	1	0	1	1	0	3	0	0	0	1	0	0	0	0	0	2	0	0	0	2	0	0	1	0	3	0	0	2	2	0	0	0	1	0	0	2	1	0	0	0	1	3	2	0	3	1	1	2	0	0	3	1	1	1	1	2	2	2	4	1	2	0	6	1	3	3	3	3	1	1	0	1	2	2	0	1	0	2	1	0	1	0	1	0	0	0	2	1	1	2	0	0	0	1	0	0	0	1	0	1	2	1	3	1	1	3	2	2	2	3	5	3	3	4	7	6	3	3	5	7	17	5	5	4	2	1	6	13	13	7	7	7	25	5	3	6	6	6	9	6	3	6	4	6	3	2	1	2	1	3	2	1	6	1	1	0	3	0	1	1	1	3	0	0	1	0	1	2	1	0	1	2	2	0	1	1	2	1	4	2	2	0	3	0	4	2	0	1	2	4	1	2	1	2	0	2	0	3	3	3	5	4	4	1	1	3	16	23	95	101	0	31	8	4	3	7	4	6	0	4	2	3	1	1	0	4	1	0	1	1	1	1	1	2	1	3	2	1	4	9	20	21	10	9	2	3	2	4	2	1	4	4	4	13	7	9	4	6	11	11
0	0	0	0	0	0	0	0	1	0	0	0	0	0	0	0	0	0	0	0	0	0	0	0	0	0	0	1	0	0	0	0	0	0	0	0	0	0	0	0	1	1	0	0	0	1	1	0	1	0	1	0	0	1	0	0	0	0	1	0	0	1	0	0	0	0	0	0	0	0	0	0	0	0	0	0	0	0	0	1	0	0	1	1	0	0	1	2	2	0	0	0	0	1	0	0	0	0	0	0	0	0	1	0	0	0	0	0	0	1	0	0	0	0	0	0	1	0	0	0	0	0	1	0	0	0	0	0	0	0	1	0	0	0	0	0	0	0	0	0	1	0	0	0	1	0	2	1	1	1	1	0	1	0	0	0	0	0	0	0	1	0	0	2	1	0	1	2	2	1	1	1	2	1	1	0	2	0	0	0	0	1	0	0	0	1	0	2	1	3	2	1	0	0	1	2	0	0	2	0	0	0	0	0	0	1	2	0	0	2	1	3	1	0	0	1	2	2	1	0	0	1	2	0	2	1	0	1	1	1	0	0	0	0	1	1	1	0	1	0	0	0	0	0	1	1	0	0	0	1	0	0	0	3	0	0	0	0	0	0	0	1	0	0	1	1	0	0	0	0	0	0	1	3	0	0	1	0	0	1	0	1	1	2	2	1	0	0	1	1	0	4	1	2	1	1	0	1	2	3	1	0	1	1	0	0	0	0	2	0	1	0	2	3	1	1	0	1	0	2	0	1	0	1	2	2	1	1	2	0	2	0	2	3	1	2	3	6	2	4	4	0	3	7	5	6	3	4	9	8	2	6	2	5	1	1	6	7	3	2	9	4	7	2	5	4	5	6	2	7	1	4	5	1	0	3	2	0	5	1	3	1	2	1	0	1	2	0	1	1	0	0	0	0	2	0	2	1	2	1	1	2	1	0	0	1	2	0	2	2	0	3	1	1	1	1	1	0	1	1	2	0	1	1	0	3	3	1	0	1	5	7	0	1	0	3	5	11	14	31	0	28	10	9	2	4	7	0	3	0	2	2	0	0	2	4	0	1	2	0	3	0	1	1	4	5	4	7	27	33	26	6	7	4	2	3	2	3	5	13	6	11	15	16	8	3	19	24	25
0	0	0	0	0	0	0	0	0	0	1	0	1	0	0	0	1	0	1	1	0	1	0	1	0	0	0	1	0	0	0	1	0	2	0	0	0	1	0	0	0	1	1	0	0	2	1	1	0	0	0	0	0	0	0	0	0	0	1	0	0	1	1	0	0	0	0	0	0	0	0	0	0	0	0	0	0	1	0	0	0	0	1	2	0	0	0	0	0	0	0	0	0	1	0	0	0	0	0	2	0	0	1	0	1	0	0	1	1	0	0	1	0	0	0	1	0	0	1	0	0	0	0	0	0	0	0	0	2	1	0	0	0	0	0	0	1	0	0	0	1	0	3	0	0	2	0	3	2	2	2	1	0	0	1	0	0	1	0	1	1	0	1	1	0	0	0	0	4	0	0	0	0	0	0	3	0	0	0	0	3	0	0	0	0	2	1	1	1	0	1	1	0	0	2	1	0	1	1	2	2	2	0	1	0	0	0	1	1	1	1	2	1	0	1	1	1	1	0	1	1	2	1	0	1	0	1	0	0	0	0	1	2	0	0	1	0	0	1	0	0	0	2	1	0	1	0	0	0	1	1	0	1	0	0	0	0	0	2	0	0	0	0	2	0	2	0	1	0	0	2	0	1	1	1	0	0	1	0	0	0	1	0	1	0	2	0	2	1	1	0	0	2	1	0	0	0	2	0	1	1	1	2	2	0	1	1	1	0	0	1	0	1	0	0	1	2	0	0	0	2	4	0	0	1	0	0	0	0	1	1	1	2	0	1	3	1	2	4	6	5	4	1	3	5	7	1	4	1	5	2	4	1	3	0	2	2	2	0	1	3	2	1	0	7	17	10	5	3	7	2	3	2	4	0	4	2	3	4	5	3	2	0	0	0	1	0	0	1	0	0	1	2	0	3	1	0	0	1	2	0	0	1	1	0	1	2	0	1	0	4	1	2	0	4	3	2	0	0	1	1	1	2	0	1	1	1	2	1	0	1	3	3	1	1	1	2	8	13	8	28	0	41	36	14	11	7	6	2	8	2	0	1	0	0	3	1	1	2	2	1	2	3	2	4	4	3	18	41	16	5	5	10	1	5	3	2	4	4	6	7	5	4	9	15	13	33	13	5
0	0	0	0	0	0	0	0	0	0	0	0	0	0	0	0	1	0	1	0	0	0	0	0	0	0	1	0	0	0	0	0	0	0	0	0	0	1	0	1	0	0	0	0	3	1	1	0	0	0	3	0	1	1	1	1	0	0	0	0	1	1	0	0	0	0	1	0	0	0	0	0	0	1	1	0	1	0	2	0	1	1	0	1	0	2	1	0	1	0	0	0	2	1	0	0	2	0	1	0	1	0	1	0	0	0	1	0	0	2	1	2	0	1	0	0	0	1	0	0	1	0	0	0	0	0	0	0	0	0	0	0	0	0	0	0	0	0	1	1	1	1	1	0	0	1	0	2	0	0	0	1	1	0	0	0	1	0	1	0	0	0	2	1	0	0	0	2	0	1	0	0	0	0	1	1	0	2	0	1	0	0	0	1	1	2	0	1	1	3	1	1	0	2	2	1	0	0	0	1	0	0	1	0	1	2	0	0	0	0	1	2	1	0	2	4	0	0	0	0	0	1	2	0	1	0	0	1	0	2	1	0	0	0	0	3	2	0	0	0	0	0	0	2	0	1	1	1	1	2	1	2	0	0	0	0	0	0	0	2	0	0	0	0	0	0	1	2	0	0	0	0	0	4	1	0	0	1	0	0	0	0	0	1	0	0	0	0	1	1	1	3	1	0	0	0	1	2	1	0	1	0	2	0	0	1	0	0	1	0	0	0	0	0	2	1	0	0	2	1	0	0	2	0	0	0	0	0	1	2	1	1	2	1	5	1	2	6	2	4	3	1	0	3	4	1	3	0	3	0	6	2	1	3	2	3	3	4	1	2	4	1	2	0	11	8	10	2	1	1	4	8	2	2	1	2	4	2	2	0	3	4	1	3	1	2	1	1	2	0	0	1	2	3	2	0	1	1	1	1	2	0	0	1	1	1	0	4	1	0	1	1	0	0	1	1	2	1	1	3	0	3	2	1	0	0	1	1	1	0	1	2	0	1	0	3	1	2	2	4	10	41	0	127	31	22	19	7	9	4	2	2	1	1	4	1	3	1	3	1	1	3	4	1	4	6	8	10	31	9	11	5	5	2	2	3	4	4	2	4	7	8	5	8	14	12	16	15	5
0	0	0	0	0	0	0	0	0	1	0	0	0	0	0	0	2	0	0	0	0	0	0	0	0	0	0	0	0	0	0	0	0	1	0	1	0	0	1	0	1	0	1	1	1	2	1	0	0	0	0	2	1	0	0	0	0	0	0	0	2	0	1	0	0	0	0	0	0	1	1	0	0	0	2	1	0	0	2	0	0	0	1	0	0	0	1	0	0	1	2	0	0	0	0	0	0	1	0	0	0	1	0	0	0	0	0	0	2	1	0	0	0	0	0	1	0	0	0	0	0	0	0	0	0	0	0	0	0	0	1	0	1	0	0	0	0	1	1	0	2	0	1	1	1	1	3	0	1	2	1	1	1	0	0	3	1	0	0	1	1	1	0	1	1	0	2	0	1	0	1	0	0	1	2	1	1	0	1	0	0	0	1	0	0	0	1	1	1	2	1	1	1	2	0	1	1	0	0	0	2	0	0	1	1	1	0	0	2	0	1	0	2	0	2	0	0	3	0	2	2	0	1	1	1	1	1	0	0	1	1	1	1	2	0	0	0	0	0	0	1	0	1	0	1	0	0	0	0	0	1	0	2	0	0	0	1	0	0	0	1	0	1	0	1	0	1	0	0	0	1	2	2	1	1	0	0	0	1	0	0	0	1	3	1	0	3	1	1	0	1	1	0	1	1	0	0	1	1	2	1	1	0	0	0	1	0	0	0	0	1	0	0	0	0	2	1	0	0	0	0	1	1	2	0	0	2	0	1	0	1	1	0	2	2	0	2	3	4	1	2	2	0	2	6	1	1	1	2	3	3	6	0	1	1	0	4	1	0	0	1	2	3	4	6	4	9	0	4	1	3	4	4	2	2	3	1	1	3	4	1	0	1	0	3	0	2	0	0	0	0	0	2	1	2	2	0	3	1	1	1	0	1	0	0	0	1	0	1	1	3	0	2	0	0	1	3	1	0	1	0	1	0	0	0	0	0	0	0	2	0	3	3	1	0	2	2	7	4	3	9	36	127	0	38	19	6	2	5	4	3	3	1	2	2	1	0	0	0	3	3	2	0	3	4	2	4	9	13	9	2	1	4	4	6	4	3	2	6	5	3	4	6	8	13	15	25	9	4
0	0	0	0	0	0	0	0	0	0	0	0	0	0	0	0	0	0	0	1	0	0	1	0	0	0	1	0	1	0	1	0	0	0	1	1	0	0	0	1	0	1	0	2	1	0	0	2	0	0	1	0	0	1	1	1	1	0	0	0	0	0	0	1	0	0	1	0	0	0	0	0	1	0	0	1	0	0	2	0	2	0	1	0	1	1	0	0	0	0	0	0	1	1	0	0	0	0	0	0	0	0	0	0	0	0	0	1	2	0	0	0	0	0	1	0	0	0	0	0	0	0	1	1	0	0	0	0	0	0	0	0	0	1	1	0	0	0	0	0	0	1	0	2	1	2	0	3	3	1	1	1	0	0	0	1	1	1	0	0	0	1	0	0	0	1	0	1	1	0	1	0	1	0	1	0	0	1	0	0	0	1	0	0	2	1	0	2	0	4	0	0	0	1	0	1	0	1	0	0	0	0	0	1	0	0	0	0	1	0	1	1	3	0	2	0	1	2	1	0	0	0	0	1	0	0	1	0	0	0	0	1	1	0	0	0	0	0	0	0	0	0	0	0	0	2	0	0	1	1	0	1	1	1	1	1	0	1	0	1	0	1	0	1	1	0	0	0	1	2	1	0	1	0	0	0	0	0	0	0	1	1	0	0	0	0	1	0	0	0	0	0	0	0	0	3	3	1	1	2	0	0	1	3	1	1	0	1	0	1	0	0	0	0	0	0	1	1	1	0	1	2	1	1	0	1	2	1	2	0	0	2	0	1	2	1	2	3	1	1	4	3	3	4	4	2	1	0	0	2	1	0	0	0	1	1	0	2	0	0	4	3	0	4	3	4	6	4	6	1	2	2	6	1	3	3	3	3	3	2	5	0	0	1	0	2	1	3	0	2	0	0	1	1	0	1	1	3	0	1	0	0	2	1	1	2	0	1	1	0	1	1	3	0	0	2	0	0	2	0	0	1	0	0	0	0	1	1	0	0	1	1	0	1	2	1	0	2	1	7	2	14	31	38	0	43	18	10	7	6	7	2	2	1	2	6	1	0	0	0	2	4	5	3	7	2	9	9	12	8	2	1	3	3	3	0	4	4	5	2	2	2	3	5	8	5	7	3	0
0	0	0	0	0	0	0	1	0	0	0	1	1	1	0	1	0	0	0	0	1	0	1	0	0	0	1	0	0	0	0	0	0	0	0	0	1	0	1	0	0	0	0	0	3	1	0	0	0	1	0	0	1	1	0	2	0	0	1	0	1	1	1	1	1	0	1	0	0	0	0	0	0	1	0	2	0	0	0	1	1	1	1	1	1	0	1	1	0	1	0	1	0	1	1	1	0	2	0	1	1	0	1	0	0	0	0	1	0	0	0	0	0	0	1	0	1	1	0	1	1	1	0	0	0	1	0	0	0	0	0	0	0	1	0	1	0	0	0	0	0	0	0	1	0	0	0	2	2	3	0	1	2	0	0	3	0	2	0	0	0	1	2	0	0	1	0	0	0	0	1	0	1	1	1	1	0	0	0	1	2	1	1	0	0	0	0	3	0	2	1	1	3	1	0	0	0	0	0	1	0	2	1	1	1	1	5	1	0	1	1	1	1	0	0	3	5	6	3	2	0	4	0	3	2	1	1	1	0	1	0	0	1	0	1	0	0	0	1	0	0	0	0	3	0	0	1	1	2	0	0	1	2	1	1	0	2	0	0	2	0	1	1	0	0	1	2	0	2	1	0	2	1	0	0	1	0	0	0	0	0	0	3	2	0	0	1	0	1	3	0	1	0	0	2	0	0	0	0	0	2	0	1	2	1	0	0	0	1	2	0	1	0	1	0	2	0	3	2	0	1	1	2	0	0	1	1	1	2	1	0	5	2	1	3	6	5	7	2	2	0	0	0	1	1	3	1	2	3	3	1	1	0	1	2	0	1	0	2	0	4	2	2	2	2	8	7	6	6	6	1	3	5	4	3	4	3	3	2	1	5	1	3	3	3	2	0	0	2	0	3	1	3	3	1	0	0	0	1	0	2	3	0	2	0	1	2	0	2	0	1	1	1	0	3	3	1	2	2	0	2	1	0	2	2	0	1	1	0	2	1	4	2	0	1	1	0	4	2	4	4	11	22	19	43	0	268	30	18	12	7	3	1	5	4	2	2	2	1	1	4	1	2	2	7	17	14	13	14	5	6	3	5	4	3	3	3	7	6	7	5	1	3	5	4	9	3	1	3
0	0	0	0	0	0	0	0	0	0	0	0	0	0	0	1	0	0	0	0	0	0	0	0	0	1	0	0	0	0	0	0	1	0	1	0	0	0	0	1	2	0	0	0	2	0	0	2	0	0	0	0	0	1	0	0	0	0	0	1	0	0	1	0	0	0	0	1	0	0	0	0	0	1	0	1	1	0	0	1	0	0	0	1	2	0	1	2	0	1	2	1	1	1	1	1	0	0	0	0	1	0	0	1	2	1	2	1	0	0	0	0	1	0	1	0	0	0	1	0	1	1	0	0	0	0	0	0	0	0	0	0	0	0	0	1	1	1	0	1	1	2	3	0	2	4	1	1	2	1	0	1	0	1	0	0	1	0	0	0	1	0	2	2	1	2	2	0	0	0	0	0	1	1	2	0	0	0	0	2	1	1	0	0	0	0	0	1	3	1	2	2	2	0	0	0	0	0	0	1	2	0	0	1	1	0	0	1	1	1	1	0	0	1	0	1	2	2	3	1	1	0	1	1	0	2	2	1	1	1	0	2	0	1	1	0	1	1	0	0	0	1	0	3	0	0	0	1	2	0	0	1	2	0	0	0	0	1	0	1	2	0	1	2	2	2	0	1	4	1	0	2	1	1	1	0	0	0	0	0	0	1	1	0	2	0	0	0	2	0	0	2	0	0	1	2	0	0	1	0	0	3	0	1	1	1	0	0	0	1	0	0	0	1	1	0	0	2	0	0	0	2	0	2	0	1	0	0	1	0	1	0	1	3	1	6	2	7	3	3	3	2	0	2	2	0	0	0	0	2	1	0	0	0	1	1	1	2	3	1	1	2	4	2	4	8	9	6	7	1	7	2	3	9	3	1	3	3	5	6	6	5	3	4	1	2	2	1	0	2	0	1	1	1	0	3	1	1	1	0	1	2	1	0	1	0	1	3	2	3	1	2	1	1	1	2	3	2	2	3	1	0	0	1	1	2	2	2	1	2	1	1	1	4	2	5	3	4	3	6	7	7	19	6	18	268	0	32	30	15	9	1	6	3	4	6	2	1	2	1	2	2	4	6	12	10	22	16	9	7	2	3	2	3	6	6	9	7	6	13	3	1	1	10	8	9	5	3	2
0	0	0	0	0	0	0	1	0	0	0	0	0	0	0	0	0	1	0	0	0	0	0	0	1	0	0	0	0	0	0	0	0	0	0	1	2	1	0	1	1	1	0	0	2	3	0	0	0	0	0	3	1	0	1	0	0	0	0	0	0	0	1	0	0	1	0	0	0	2	0	1	1	1	0	0	0	0	1	2	1	3	0	0	2	0	0	1	0	1	0	0	2	1	0	0	0	1	2	1	3	0	1	1	0	1	0	0	1	0	0	1	0	1	0	0	0	0	1	0	0	0	0	1	2	1	0	1	1	1	0	0	0	0	0	1	1	0	0	2	1	1	3	2	2	3	2	4	4	1	0	0	1	0	0	0	0	0	2	0	0	2	1	0	0	1	0	1	0	0	0	1	0	1	1	0	0	0	0	0	1	1	1	1	0	0	3	1	2	2	0	2	0	0	4	1	1	0	1	1	0	2	0	0	0	0	3	0	0	2	2	0	4	3	1	1	2	3	0	2	2	1	1	2	1	1	2	1	1	0	1	1	1	2	1	0	4	0	1	2	2	0	0	0	0	0	1	1	2	2	0	1	0	1	1	0	2	1	0	1	0	0	2	1	1	1	1	0	0	1	0	1	0	1	1	2	0	0	1	0	0	0	0	1	0	1	0	0	1	0	1	1	1	1	1	1	1	0	0	0	3	0	2	2	1	0	1	1	0	0	0	0	0	1	1	1	0	1	1	3	0	0	4	0	1	1	3	0	4	2	1	4	5	2	2	6	7	5	2	2	0	2	2	3	2	3	1	0	1	2	0	1	0	1	1	1	2	2	1	2	2	0	0	0	2	5	6	2	2	3	0	2	2	0	0	3	2	1	4	3	5	7	3	3	0	2	1	1	1	1	1	2	2	1	1	0	0	0	0	0	1	0	0	0	1	1	2	4	4	0	1	1	1	1	2	0	0	1	3	3	0	0	0	0	2	1	0	1	1	1	0	0	4	2	1	2	1	3	2	0	0	6	7	2	10	30	32	0	114	57	28	6	6	3	3	2	3	0	1	0	4	5	5	14	9	9	9	5	6	7	5	2	1	5	1	8	13	8	15	5	2	2	2	2	1	2	3	2	1
0	0	0	0	0	0	0	0	0	1	1	1	0	0	0	0	0	0	0	1	0	0	0	0	1	0	0	0	0	0	0	0	0	0	0	0	1	1	0	0	0	0	2	0	0	2	1	2	0	2	1	0	0	0	0	1	0	0	0	0	0	0	0	0	0	0	0	0	0	0	0	0	1	1	0	0	0	0	0	1	1	0	1	2	1	0	1	1	0	0	0	0	0	0	1	0	0	0	1	1	1	0	0	0	0	1	1	0	0	1	0	0	0	0	0	0	0	0	0	0	0	0	0	0	0	0	0	1	0	0	0	0	0	0	1	0	0	0	0	1	0	0	0	0	0	1	0	3	5	0	1	3	1	2	2	1	1	1	0	0	1	1	0	2	0	1	0	1	0	0	0	2	1	0	1	0	0	2	1	0	0	3	0	0	0	0	0	5	3	2	3	3	3	1	2	0	0	0	1	2	1	1	1	0	0	0	0	0	0	3	1	0	2	0	1	2	2	4	2	2	3	4	0	2	2	4	1	2	2	2	0	0	0	2	0	0	1	0	0	1	0	0	1	0	1	0	0	0	0	2	0	3	1	1	0	1	0	1	0	0	0	0	1	1	1	1	1	1	1	0	0	0	0	2	0	0	2	2	2	2	1	0	0	0	0	0	0	0	1	0	0	0	0	1	0	0	0	2	1	0	1	3	3	3	1	1	1	1	1	0	0	2	1	1	1	1	3	0	1	1	0	2	2	2	3	1	0	0	2	2	1	5	4	0	2	5	4	7	3	0	2	3	0	2	1	2	0	0	1	1	0	1	1	0	0	1	1	1	3	1	1	0	0	2	0	1	3	4	2	3	4	2	0	0	4	3	1	2	4	2	6	8	2	4	3	1	2	0	1	1	1	0	1	0	1	1	0	2	0	2	1	0	1	0	0	0	1	1	1	1	1	1	3	1	2	2	4	4	2	0	3	1	1	1	0	0	0	1	4	2	1	1	0	0	1	2	1	2	2	4	3	2	9	5	7	18	30	114	0	148	23	10	5	5	7	4	1	2	4	6	4	6	13	3	7	12	8	15	10	1	4	1	2	4	4	16	19	16	20	3	3	3	0	1	6	3	2	2	2
0	0	0	0	0	0	0	0	1	0	0	0	0	1	1	1	0	0	1	0	0	0	0	0	0	0	0	1	0	0	0	1	0	1	0	0	2	2	0	0	0	2	0	0	2	3	1	2	1	0	0	0	0	0	0	0	0	0	0	0	0	0	0	0	0	0	0	0	1	0	0	1	0	0	0	1	0	0	0	2	0	0	0	1	1	1	1	1	0	0	2	2	2	0	0	0	1	1	1	2	0	0	1	0	1	2	0	0	0	1	1	0	0	0	0	0	0	0	0	1	0	0	0	1	1	1	0	0	0	0	0	2	0	0	0	1	1	0	1	0	0	0	0	0	2	0	4	3	7	2	4	3	1	1	0	0	1	0	0	2	1	0	1	1	1	0	2	0	0	0	3	0	1	0	0	1	3	1	0	0	2	1	1	1	0	1	1	1	1	2	0	0	2	0	1	4	0	4	0	0	0	1	0	0	2	0	0	0	2	2	1	1	1	2	2	4	4	2	5	0	2	0	1	1	7	1	1	1	2	0	2	2	1	0	0	1	0	0	0	0	1	0	0	0	1	1	1	0	1	0	0	2	1	1	0	0	1	1	0	0	0	0	2	0	0	0	2	3	1	0	1	1	0	0	1	0	0	1	1	0	3	0	0	3	0	0	0	1	0	1	0	2	0	0	3	0	1	1	2	3	2	2	2	2	0	1	0	0	1	1	0	0	1	0	1	0	0	2	0	2	2	1	4	1	1	0	0	0	4	2	3	3	4	4	5	3	5	4	2	3	4	3	3	1	1	0	0	1	2	0	0	1	1	1	1	0	2	1	2	1	2	0	2	1	2	3	7	3	4	3	1	1	2	2	0	3	2	1	7	4	9	2	7	3	0	4	1	1	2	2	2	0	2	1	1	4	0	2	0	1	0	0	0	0	2	1	2	1	1	2	0	0	2	1	2	1	2	4	3	1	1	3	1	1	1	1	1	4	8	0	1	3	0	2	0	1	2	0	1	2	0	8	4	4	6	12	15	57	148	0	47	11	7	8	9	8	8	2	3	3	3	5	17	14	19	17	8	10	5	4	3	3	5	4	13	17	22	6	12	5	1	2	2	2	0	5	3	2	5
0	0	0	0	0	0	0	0	0	0	1	1	0	0	1	0	0	0	0	1	0	1	0	0	0	0	0	0	0	0	0	2	0	1	0	0	0	0	2	0	1	1	1	1	2	0	1	0	1	0	1	1	0	0	1	1	0	0	0	0	0	0	2	0	0	0	0	0	0	0	0	1	0	1	0	1	0	1	2	0	1	0	1	0	1	1	2	5	1	1	0	1	0	1	0	1	0	0	1	1	0	1	0	1	0	0	0	1	0	1	1	0	0	0	2	0	0	0	0	0	0	1	0	0	0	2	0	0	1	1	0	1	0	1	0	1	0	1	0	0	0	1	1	0	2	0	1	9	5	5	3	0	4	0	2	1	1	3	2	3	1	0	2	1	0	4	1	0	0	0	1	1	1	0	2	1	1	0	2	1	1	1	1	1	2	0	1	4	5	2	0	2	0	3	1	0	0	3	3	0	2	2	0	2	2	0	2	1	0	0	0	2	2	1	0	3	2	4	1	3	5	2	5	0	5	3	2	0	1	2	2	0	0	0	1	0	3	1	0	0	1	0	0	0	0	4	0	2	0	1	2	2	4	2	0	0	1	0	1	0	1	0	1	2	0	2	0	1	1	0	1	1	2	0	3	2	1	1	4	0	0	0	0	1	0	2	0	1	0	1	0	0	0	0	0	0	1	0	1	1	1	3	0	1	1	0	2	1	1	0	4	0	0	1	0	0	0	0	1	3	1	1	0	6	4	1	3	0	1	5	6	4	5	4	3	1	5	6	6	3	2	1	0	4	3	1	2	1	2	0	2	2	0	0	1	0	2	1	1	0	2	1	2	2	1	6	3	5	5	2	1	3	1	1	2	5	0	3	0	6	2	4	0	2	2	3	3	2	1	2	1	2	0	1	3	2	1	0	0	0	1	0	1	3	0	1	0	0	1	2	2	0	1	0	0	4	2	0	1	1	1	1	1	0	1	0	1	1	0	2	2	0	0	1	2	0	2	0	1	3	2	2	2	3	7	7	9	28	23	47	0	37	18	11	8	7	2	7	7	5	7	13	19	8	10	6	5	8	3	4	1	3	2	3	7	12	42	15	8	1	3	1	2	1	3	2	1	1	0
0	0	0	0	0	0	0	0	0	0	0	0	0	0	0	0	0	1	0	1	0	1	3	0	0	0	0	0	0	0	0	0	0	0	1	0	0	1	1	1	0	0	0	1	3	1	2	1	1	2	0	1	0	0	1	1	0	0	0	1	0	0	1	0	1	0	0	0	0	0	2	1	0	0	0	0	2	0	1	0	1	0	1	1	4	2	4	0	4	0	0	2	0	0	0	1	0	0	0	1	0	0	1	2	0	0	0	0	1	1	2	2	0	0	0	0	0	0	0	0	0	0	0	0	1	0	0	0	0	0	1	0	0	0	1	1	1	0	0	0	0	0	0	0	0	0	4	8	8	20	7	7	1	2	2	2	0	1	1	3	0	3	2	0	0	1	2	1	0	1	1	1	1	2	2	0	1	0	2	1	1	1	0	1	0	2	1	3	5	1	6	1	1	2	2	1	0	1	2	3	4	4	1	2	1	1	0	2	2	1	4	1	3	5	2	3	2	5	2	8	2	2	2	5	2	2	1	2	2	2	0	0	2	1	4	1	0	0	3	0	0	1	0	0	0	1	1	1	1	1	1	1	2	2	0	0	1	1	2	0	2	0	5	1	2	3	1	1	0	2	0	0	3	1	1	3	0	0	2	1	1	0	0	0	0	1	0	0	1	1	1	0	2	0	0	0	1	0	1	1	0	0	2	2	0	1	2	0	1	1	4	0	1	1	4	1	2	2	2	1	4	3	6	2	2	1	4	2	2	7	3	9	3	5	6	3	3	1	3	1	1	1	1	1	0	1	0	0	2	1	1	0	0	1	0	0	2	2	1	1	0	3	0	0	0	1	0	2	2	1	3	1	0	1	2	2	2	4	1	3	5	5	3	3	5	2	3	0	1	0	1	1	2	2	2	0	1	1	2	0	0	0	0	1	1	0	2	2	2	1	0	0	0	0	0	0	2	0	2	2	1	1	0	0	0	0	2	1	1	0	1	1	2	1	0	0	0	1	0	1	2	0	2	3	2	3	1	6	10	11	37	0	76	16	7	2	4	3	4	4	9	11	7	13	1	1	3	4	1	2	1	2	1	1	4	5	14	9	4	0	1	3	1	1	1	2	0	2	1
0	0	0	0	0	0	0	0	0	0	1	0	0	0	0	1	1	1	0	2	0	0	0	2	0	0	0	0	0	0	0	0	2	0	1	0	1	1	1	1	0	2	0	1	6	4	0	1	0	0	1	0	1	0	1	0	0	1	1	0	0	0	0	0	0	1	1	0	0	0	0	0	0	0	0	0	0	0	2	4	1	1	1	2	1	0	1	2	2	0	0	3	0	1	0	0	1	0	2	0	0	0	0	0	1	1	0	1	0	1	0	1	0	0	0	1	0	0	0	0	0	0	0	0	0	0	0	0	1	0	1	2	0	1	0	0	0	0	2	1	2	0	0	1	1	1	3	11	20	22	11	11	2	2	1	1	2	3	1	1	4	0	4	1	1	0	2	0	0	1	0	1	1	0	0	2	1	0	1	0	0	1	0	1	2	1	0	6	3	5	5	2	2	3	2	2	1	0	2	0	2	0	2	2	3	0	1	1	4	3	0	3	0	6	0	2	1	5	4	7	7	6	0	6	5	4	1	0	0	1	1	0	2	3	1	0	1	1	1	1	1	0	0	0	1	0	0	1	1	2	0	1	3	5	2	1	0	0	0	0	1	0	2	0	0	3	3	2	4	0	1	1	0	1	1	0	1	0	0	0	0	0	1	1	1	0	0	0	0	1	0	1	2	0	0	2	0	1	1	1	3	0	3	0	1	3	0	1	0	1	0	0	3	2	0	2	3	0	2	2	2	0	6	4	1	4	3	1	5	7	8	13	7	12	4	4	3	3	4	2	1	1	1	0	1	0	1	0	0	1	1	1	1	0	1	1	2	0	0	0	0	0	0	1	0	2	1	0	3	5	3	2	0	1	1	2	0	0	0	2	2	3	4	1	1	2	0	1	2	0	0	1	0	1	0	0	1	0	0	1	3	1	1	0	0	0	2	2	1	0	0	1	0	3	1	1	2	3	3	2	0	2	1	0	3	1	0	1	1	2	1	1	0	1	1	1	0	2	0	1	0	1	1	1	2	1	6	6	5	7	18	76	0	46	14	3	1	8	10	3	8	10	8	7	2	1	2	5	2	4	3	0	0	4	12	6	17	7	5	3	0	2	2	2	0	1	2	2	1
0	0	0	0	0	0	0	1	0	0	1	1	0	0	0	1	0	1	0	2	0	0	0	0	0	0	0	0	0	0	0	0	0	0	1	0	3	0	0	0	0	1	0	0	2	0	0	0	1	0	0	0	0	0	0	0	0	0	1	1	1	0	0	0	0	0	1	1	0	1	0	0	0	0	1	1	1	0	2	0	1	1	2	1	1	1	1	0	3	1	2	0	0	0	2	0	0	1	0	0	2	0	0	1	0	1	0	0	0	0	1	0	1	2	0	0	1	0	0	0	0	0	0	1	1	0	1	0	2	0	0	0	0	0	0	0	0	0	2	1	0	0	0	1	0	0	1	4	1	5	10	7	6	1	0	1	2	6	1	4	1	1	2	4	1	4	0	1	0	2	1	1	1	1	0	1	1	1	0	0	1	2	2	1	0	0	2	8	2	2	3	2	0	3	3	0	3	3	1	2	1	1	3	1	1	1	1	1	3	2	1	3	3	3	2	1	2	1	5	5	3	0	0	5	7	1	4	1	0	2	0	2	2	1	0	0	2	1	0	1	1	0	2	2	0	0	1	0	1	0	0	3	2	1	1	1	2	2	1	1	2	1	1	3	2	5	6	1	0	1	1	1	1	4	3	2	1	1	1	1	0	0	2	3	1	0	1	0	0	1	1	0	0	0	0	3	0	0	2	3	3	2	2	8	5	4	1	1	2	1	1	0	1	0	2	2	2	1	4	3	0	2	4	5	5	1	3	5	8	10	9	11	8	14	14	8	8	3	2	1	0	1	0	1	1	0	1	2	2	0	0	0	0	1	0	1	0	0	0	1	0	1	1	1	0	0	2	2	0	2	1	0	0	3	0	2	0	1	0	3	5	14	5	6	3	3	4	1	1	1	1	1	2	3	0	2	0	0	3	1	1	2	3	2	1	0	1	2	0	3	1	0	1	4	3	4	0	3	2	1	2	3	1	2	5	1	1	2	1	1	1	6	1	0	2	0	3	2	1	0	0	0	1	2	1	5	3	3	5	8	11	16	46	0	38	5	10	27	26	10	14	41	10	9	3	2	6	2	2	1	1	2	1	6	10	10	13	7	6	2	2	1	1	1	2	1	0	2	0
0	0	0	0	0	0	0	0	0	1	0	0	1	0	0	0	1	0	0	0	0	1	0	0	0	1	0	0	0	0	0	0	0	0	0	0	2	0	1	0	0	0	1	0	0	2	0	0	0	1	0	0	0	0	0	0	0	0	0	0	2	1	0	0	1	0	0	0	0	0	1	0	0	0	0	0	2	0	0	1	0	1	1	1	0	0	0	1	0	0	2	1	2	0	0	0	0	1	0	1	0	0	0	0	0	0	2	0	0	3	0	0	0	2	0	0	0	0	0	0	0	0	0	0	0	0	1	0	1	0	1	0	1	2	0	0	0	0	1	0	1	1	0	1	0	0	0	2	2	2	2	0	3	0	0	1	1	1	0	2	0	0	3	1	2	1	0	1	2	2	2	5	1	0	0	1	0	0	0	1	2	1	3	0	2	1	0	7	5	1	3	2	0	1	0	0	1	0	1	1	2	3	2	0	0	0	1	0	0	4	0	2	3	0	1	1	0	2	2	2	4	1	0	3	2	2	0	0	2	0	0	2	2	1	0	0	0	0	0	1	0	0	0	2	1	1	1	0	0	1	0	0	1	3	2	0	0	0	0	1	3	1	0	3	0	1	2	1	1	0	1	0	1	5	3	1	2	0	1	1	0	0	0	1	0	2	0	0	1	1	0	0	1	2	1	1	1	1	1	2	4	3	6	6	6	1	1	1	0	1	3	1	0	2	0	3	2	1	4	3	3	5	1	2	2	2	0	4	7	5	2	6	3	12	5	1	3	3	2	2	3	1	1	1	3	2	3	0	2	0	3	1	1	1	0	0	0	0	0	1	1	4	1	1	1	1	3	4	1	3	1	2	3	1	2	2	0	0	2	4	11	23	15	6	2	0	0	3	2	0	3	3	2	1	0	2	3	4	0	0	2	2	2	1	0	2	1	0	1	2	1	2	3	3	4	12	2	8	8	0	5	1	1	1	0	1	4	1	5	7	2	1	0	0	1	1	1	1	3	4	2	0	4	2	2	4	4	3	7	9	8	7	14	38	0	47	32	27	32	13	46	102	53	17	7	7	4	5	3	2	6	0	5	7	13	24	19	11	5	3	2	4	1	3	1	3	0	1	1
0	0	0	0	0	0	0	0	0	0	0	1	0	0	0	0	0	0	0	0	1	0	0	0	0	0	2	0	0	1	0	0	0	0	0	0	0	1	0	0	1	0	0	0	1	1	1	0	0	0	0	1	1	0	0	1	0	0	0	0	0	0	1	0	0	0	0	0	0	0	0	0	2	0	0	0	0	1	0	0	1	1	1	0	0	1	0	1	0	2	0	0	0	0	0	0	1	2	1	1	2	0	0	0	0	0	1	0	0	1	2	0	0	0	0	0	1	0	0	0	0	1	0	0	1	0	1	0	1	0	1	0	0	0	0	0	0	0	1	1	0	0	0	1	1	1	1	2	2	4	1	2	2	0	1	1	1	0	1	3	2	2	1	4	3	1	3	1	2	2	2	3	2	0	2	2	0	2	1	0	2	2	2	1	0	0	1	7	2	1	1	2	2	0	0	3	0	1	0	0	1	3	2	0	1	0	0	2	0	0	5	1	1	2	2	1	1	2	0	2	1	0	7	5	2	2	3	2	0	1	0	1	1	0	1	0	0	0	0	1	0	0	0	0	0	0	0	1	0	2	2	0	2	2	1	0	1	0	0	3	1	0	1	1	5	6	6	4	0	1	1	1	2	5	2	1	8	3	2	2	2	2	1	1	4	0	2	1	1	0	0	1	1	1	2	1	1	7	3	0	3	2	5	9	14	3	1	0	1	5	1	2	2	1	0	4	4	5	1	2	2	2	5	1	2	1	0	4	2	1	0	1	6	8	3	4	1	3	2	0	2	0	0	2	1	4	1	1	2	0	1	0	1	2	1	0	1	1	2	2	1	1	1	0	3	1	4	3	4	3	11	0	1	1	1	1	1	2	7	16	16	27	9	7	9	0	3	7	4	1	2	1	2	2	1	1	1	0	1	5	4	1	2	5	1	0	0	2	1	4	1	1	2	4	5	21	12	7	9	11	3	0	3	1	1	2	4	5	4	5	1	2	2	0	1	0	1	7	0	1	4	3	1	1	6	2	6	2	4	8	7	2	3	5	47	0	251	41	23	21	18	19	25	7	6	2	5	5	4	2	1	4	9	33	22	21	9	12	4	4	1	3	1	1	1	3	0	2	0
0	0	0	0	0	0	0	0	0	0	0	0	0	1	0	0	0	0	2	1	0	0	0	0	0	0	1	0	0	0	0	0	0	0	1	0	1	1	0	0	0	0	0	0	1	0	0	0	0	0	0	0	0	0	0	0	0	0	0	0	1	0	0	0	0	0	0	0	0	0	0	1	0	0	0	0	0	0	0	2	0	0	0	0	0	0	0	1	1	2	0	0	1	0	0	0	0	1	0	0	0	0	0	0	1	1	2	0	0	0	0	0	0	2	0	1	0	0	0	0	0	0	0	0	0	0	0	0	0	0	0	0	0	0	0	0	1	0	1	0	1	0	0	1	0	0	0	0	2	5	3	2	2	0	1	0	0	2	3	2	3	4	2	6	2	3	4	4	2	1	1	2	0	2	3	4	1	1	0	1	3	2	2	1	2	1	2	2	2	4	0	1	1	0	0	0	1	1	0	0	0	1	1	0	0	2	0	1	1	1	0	1	0	0	2	3	0	3	3	0	2	0	3	3	3	0	1	5	2	0	1	1	2	0	1	0	0	0	0	0	0	0	2	0	2	0	1	1	1	0	0	0	0	0	1	1	0	3	2	0	2	4	0	2	4	6	4	5	1	2	1	0	1	2	4	3	2	2	3	2	1	1	2	0	1	1	0	0	1	0	0	2	3	0	1	1	1	3	5	1	4	5	14	13	12	7	2	1	2	0	2	0	4	2	3	4	8	8	2	3	3	4	8	3	0	4	2	1	2	4	2	2	7	5	8	6	3	1	1	3	1	0	1	0	0	2	3	1	0	1	0	1	1	0	0	0	0	1	2	1	2	1	0	0	1	1	1	3	5	2	5	1	1	3	1	3	0	4	2	11	8	26	13	6	1	4	2	2	3	2	1	2	2	2	0	1	1	0	2	0	1	1	5	3	0	5	0	3	2	1	2	2	4	3	11	21	11	4	5	3	4	2	1	2	3	4	4	7	3	6	2	0	1	0	2	1	2	1	3	0	0	1	3	0	1	2	2	3	1	8	2	4	1	10	32	251	0	78	50	50	35	17	11	2	4	9	6	5	4	4	4	2	6	11	18	17	6	10	2	4	0	5	3	1	2	2	0	1	1
0	0	0	0	0	0	0	0	0	0	0	0	0	0	0	0	0	0	0	1	1	0	1	0	0	0	0	0	0	0	1	0	0	0	0	1	1	0	0	0	2	0	0	1	1	0	1	0	0	1	0	0	0	0	0	0	0	0	0	1	0	0	0	0	2	0	1	0	0	0	0	0	0	2	0	0	1	0	1	0	1	0	0	0	1	1	2	0	0	0	0	1	0	1	2	0	0	0	1	1	1	1	0	0	1	1	1	0	0	0	0	0	0	0	0	0	0	1	0	0	0	0	0	2	0	0	0	0	0	1	1	1	0	0	1	0	0	0	0	0	0	0	0	0	0	1	0	2	3	0	3	2	1	1	1	2	2	4	4	3	4	1	2	5	2	2	4	1	3	1	3	1	3	2	3	3	0	1	2	1	4	2	1	1	0	5	2	11	2	1	1	2	1	1	0	0	0	2	1	2	1	1	2	3	1	0	2	0	2	1	0	2	0	3	1	0	1	0	5	2	2	3	0	2	5	2	4	0	0	1	0	1	1	2	0	2	1	0	0	0	0	2	1	1	2	2	0	0	1	0	0	1	2	1	0	1	1	0	1	3	2	2	3	6	3	11	4	3	1	2	0	2	3	1	4	1	2	1	3	1	2	1	1	1	1	2	0	0	0	0	0	1	1	1	0	1	0	2	2	1	3	3	9	7	11	5	0	3	2	0	1	1	5	1	1	5	4	2	7	5	3	11	6	3	3	3	2	1	1	9	7	7	3	8	12	0	3	5	3	2	4	0	0	4	0	3	0	0	0	1	1	0	0	1	1	1	1	3	0	3	4	0	0	1	0	0	1	5	3	2	1	0	1	2	0	1	1	3	2	5	7	14	11	6	3	3	2	4	2	3	3	3	2	1	1	1	0	3	2	0	0	3	2	3	0	2	1	1	1	4	2	0	3	3	4	15	3	6	2	8	6	2	3	2	1	1	5	8	2	5	3	2	1	1	1	2	0	2	0	1	1	1	1	0	0	2	1	0	2	2	7	3	8	27	27	41	78	0	79	22	16	14	11	2	4	3	4	1	1	3	1	1	3	11	14	20	8	5	2	4	3	4	2	1	0	1	0	1	0
0	0	0	0	0	0	0	1	0	0	1	1	0	0	0	1	0	0	0	0	1	0	0	0	0	0	0	0	0	0	0	0	0	0	0	0	1	0	1	0	0	0	1	0	0	0	2	2	0	0	0	0	0	1	2	0	1	1	0	0	0	0	0	0	0	0	0	0	0	2	0	0	1	0	0	0	0	0	0	1	0	0	1	0	0	1	0	0	0	1	1	0	0	0	0	1	1	0	0	0	0	1	0	0	0	0	1	2	0	0	0	0	0	1	0	0	0	0	0	1	0	0	0	0	0	2	0	0	0	0	0	0	0	0	0	0	0	0	0	0	0	0	1	1	0	0	1	0	1	4	0	3	1	1	3	2	3	4	1	1	3	1	2	3	2	4	5	1	0	1	1	2	2	2	2	1	1	1	1	3	0	1	1	0	2	1	0	3	1	4	2	1	1	0	0	0	2	0	2	0	2	0	0	0	2	0	0	1	1	1	2	1	0	0	2	1	1	0	3	3	2	0	2	2	1	3	1	2	1	1	0	1	1	2	0	0	0	0	0	0	1	0	0	1	1	1	1	1	0	0	1	0	2	1	0	1	1	2	1	0	0	3	2	3	2	7	2	1	0	0	0	0	0	1	3	2	0	1	3	1	0	0	2	0	0	0	0	0	2	1	1	2	1	0	1	0	1	2	1	2	5	3	3	9	9	6	1	1	0	1	1	0	2	3	4	2	3	3	9	7	5	9	7	2	1	4	2	2	5	4	6	6	4	6	5	2	4	3	1	2	0	1	2	4	0	1	2	1	2	0	0	1	0	0	1	2	1	1	1	0	2	3	1	2	1	0	1	2	3	4	1	2	0	0	3	1	0	1	1	6	8	14	9	11	6	3	8	2	2	1	2	0	3	1	0	0	0	1	0	2	2	2	3	0	1	1	2	1	0	6	2	1	1	6	7	7	7	6	3	8	2	2	1	0	2	3	2	2	3	3	1	2	0	2	0	1	3	3	1	1	2	2	3	0	0	1	2	1	4	3	7	4	10	26	32	23	50	79	0	100	31	33	13	8	7	6	2	5	1	0	0	3	4	5	9	9	7	4	2	0	2	1	0	1	1	1	2	0	0
0	0	0	0	0	0	0	0	0	0	0	0	0	0	1	0	2	0	1	1	0	0	0	0	0	1	0	0	1	0	0	0	0	0	1	0	1	2	0	0	1	0	0	0	0	0	0	1	1	0	1	0	0	0	0	0	0	0	0	0	0	0	0	0	0	2	1	0	0	0	1	0	0	0	0	0	0	0	0	0	0	0	2	1	0	1	2	0	0	0	1	0	0	1	2	0	0	0	0	1	0	0	0	1	0	0	0	0	0	0	1	2	0	0	0	0	0	0	0	0	0	1	0	1	0	0	1	0	0	1	0	1	0	0	1	0	0	0	1	0	0	2	0	0	1	0	0	1	3	0	2	0	1	1	1	3	0	1	0	5	2	2	3	5	0	4	0	9	2	2	3	5	2	0	5	0	2	2	3	1	0	1	2	2	0	1	0	3	2	3	0	0	1	1	1	0	0	1	3	1	1	1	1	2	0	1	0	0	3	1	0	0	1	0	3	1	1	0	2	0	2	0	1	2	3	3	1	1	1	1	0	0	0	0	1	0	0	0	0	1	0	1	0	1	0	1	1	4	0	4	1	0	2	1	1	2	0	3	2	2	4	0	2	1	1	3	2	4	0	2	0	0	2	3	3	1	4	0	1	2	1	2	0	1	0	0	1	1	2	0	0	0	1	1	1	1	2	1	1	4	1	4	4	21	13	7	2	2	1	0	3	3	4	1	5	6	4	10	10	2	6	7	4	3	1	0	2	2	2	4	1	6	2	3	0	3	6	5	2	3	1	2	1	1	2	0	0	0	1	1	2	0	1	0	1	0	0	1	1	1	2	2	1	0	1	3	0	1	3	3	2	1	2	0	1	4	2	0	2	4	12	15	21	9	9	3	10	5	4	2	3	0	2	2	1	3	0	1	2	0	1	3	2	1	3	2	1	3	2	1	1	3	3	9	10	13	2	3	11	8	7	1	4	3	2	4	3	3	3	5	2	1	2	2	3	3	0	0	1	1	0	2	1	3	0	1	1	0	6	3	5	4	3	10	13	21	50	22	100	0	54	18	8	5	3	6	4	2	2	4	4	0	5	3	4	8	5	4	3	1	2	0	1	1	1	2	0	1	0
0	0	0	0	0	0	0	0	0	1	0	0	1	1	0	0	0	0	0	0	0	0	0	0	0	0	1	0	1	0	0	0	0	1	0	0	0	0	0	0	0	0	1	1	1	0	1	2	0	0	0	1	1	1	2	1	0	3	0	0	1	0	0	1	0	0	0	0	0	0	0	0	0	0	1	1	0	0	1	0	0	0	0	2	0	1	0	0	1	0	0	2	0	0	0	1	0	0	1	0	0	0	0	0	0	2	0	0	1	0	0	0	1	0	0	0	0	1	0	0	0	1	0	0	0	1	0	0	0	0	0	0	1	0	0	0	1	0	0	0	0	1	0	0	1	0	0	1	1	1	1	3	1	1	2	1	1	0	1	1	1	0	2	2	4	1	3	1	0	2	1	3	0	2	0	3	0	0	1	3	2	2	1	4	0	0	2	5	3	4	1	2	0	1	1	0	0	1	0	1	1	0	2	0	0	1	1	0	2	3	0	1	2	0	0	0	1	1	2	1	0	0	1	2	1	2	1	3	0	0	0	0	1	0	0	1	0	0	0	0	2	0	1	1	2	0	1	1	0	1	1	2	0	0	0	0	0	1	0	1	0	2	0	4	1	2	2	0	2	2	3	1	0	1	0	1	0	0	2	1	2	0	0	1	0	0	1	1	3	0	0	1	1	0	1	1	0	1	3	3	5	4	7	5	7	5	1	0	2	2	0	2	1	3	2	3	2	5	5	1	3	1	3	4	2	3	1	1	2	3	3	3	1	2	1	1	6	0	3	0	3	1	0	0	0	1	0	1	2	1	1	0	0	0	0	1	1	2	1	1	2	1	2	0	0	3	0	4	3	5	3	1	3	4	1	1	2	2	2	9	14	23	54	21	10	6	3	2	3	4	2	2	2	2	0	3	1	2	1	0	0	3	0	1	2	1	4	4	1	3	2	2	1	4	3	7	7	11	4	8	4	1	0	0	3	6	7	2	4	0	4	1	4	0	1	3	0	1	1	1	3	1	1	3	2	4	2	4	4	3	7	9	8	14	46	18	35	16	31	54	0	85	33	17	2	3	5	5	2	6	0	2	4	6	7	13	5	4	5	1	0	2	2	1	0	0	1	0	0
0	0	0	0	0	0	0	0	0	2	0	0	0	0	1	0	1	1	0	0	0	1	1	1	0	0	1	0	0	0	0	0	0	0	1	1	0	2	3	0	0	0	0	2	0	1	0	1	1	1	1	0	0	0	0	0	1	0	0	1	0	0	0	0	0	0	0	0	0	1	0	0	0	0	2	0	0	0	1	0	0	1	1	0	1	1	1	0	1	0	0	1	0	0	3	1	0	3	0	0	3	0	1	0	0	1	0	1	0	0	0	2	0	1	0	0	1	0	1	0	1	0	0	0	0	0	2	0	0	1	0	0	1	0	0	0	0	0	0	1	0	0	0	0	1	1	0	5	2	3	6	3	3	3	0	3	0	3	0	2	2	1	4	2	1	1	1	0	0	1	1	2	0	0	0	0	1	1	0	4	1	1	2	0	0	2	0	9	2	2	1	1	0	0	1	1	1	0	1	1	4	2	3	3	1	0	2	2	0	0	0	0	1	1	3	1	2	2	4	1	3	2	2	1	3	0	0	3	1	2	0	2	0	0	0	1	0	0	0	1	0	0	0	1	0	1	0	0	0	1	0	0	0	2	2	2	1	2	2	1	0	2	2	0	0	5	3	0	1	0	2	0	1	0	3	1	2	2	0	0	0	3	2	2	1	1	1	1	2	0	0	1	1	1	0	0	1	0	1	0	0	1	6	7	2	2	0	3	1	1	2	2	1	2	2	2	3	1	4	3	2	3	2	1	3	0	2	2	3	6	6	5	0	2	4	6	2	3	3	2	1	2	3	0	0	0	2	1	0	0	1	0	2	0	0	0	0	1	1	2	1	1	0	1	1	3	4	1	4	3	1	2	0	0	0	1	1	3	3	3	13	13	21	11	10	5	4	3	2	0	3	6	3	2	2	1	1	0	1	2	0	2	1	2	1	0	1	4	2	0	4	0	1	0	3	7	4	3	8	1	2	9	1	1	1	0	3	6	2	1	1	0	2	2	0	3	2	1	2	1	0	2	3	2	4	1	2	5	6	5	13	11	10	41	102	19	17	14	33	18	85	0	37	20	9	15	3	3	1	3	1	4	2	7	12	12	15	5	7	2	2	2	2	2	2	2	1	1	0
0	0	0	0	0	0	0	2	0	0	0	0	0	0	0	0	2	0	0	0	0	0	0	0	0	1	0	0	1	0	0	0	0	0	0	1	0	0	0	1	1	0	0	1	1	0	1	1	1	0	0	0	0	0	0	0	0	0	0	1	0	0	1	0	0	0	0	0	1	0	2	0	0	0	0	0	0	0	0	0	0	1	1	0	0	0	1	0	0	2	0	2	2	1	1	0	0	0	0	0	0	0	0	0	1	1	0	0	0	0	0	1	0	1	0	0	0	0	0	0	0	0	0	2	0	1	0	0	0	0	0	0	0	0	1	0	1	0	0	0	1	1	0	0	0	0	1	3	2	2	3	0	1	2	1	1	0	3	1	0	2	0	1	4	4	0	0	1	0	2	1	0	1	0	1	0	1	2	0	2	4	1	3	0	0	0	0	5	2	2	1	0	1	2	1	0	1	1	0	0	0	2	0	1	0	1	1	1	1	2	1	0	0	2	1	0	1	1	1	2	3	4	3	1	3	2	1	0	2	0	1	0	1	0	2	1	0	0	1	0	2	0	0	1	0	0	0	1	1	1	0	1	3	1	1	0	0	0	0	1	0	0	2	0	2	2	3	1	1	2	3	3	1	0	1	0	1	0	2	1	2	0	1	1	1	0	1	1	0	0	0	0	0	0	2	0	2	3	0	0	1	7	2	6	3	1	1	1	2	2	1	0	2	1	1	1	2	2	1	2	0	1	3	1	2	0	2	5	2	6	4	3	8	3	6	7	3	1	2	4	0	0	1	2	2	2	1	1	2	1	2	1	0	2	0	1	0	0	0	1	3	1	1	0	1	2	5	3	4	1	2	3	3	2	0	0	3	4	4	9	25	31	16	15	6	8	3	1	3	3	3	0	2	1	1	1	1	2	0	2	1	1	0	0	0	1	1	5	1	4	1	0	1	1	4	9	4	1	6	4	3	2	2	1	2	2	1	3	1	0	0	4	1	1	0	0	1	4	3	2	1	3	4	0	5	2	4	5	13	17	19	7	8	10	53	25	11	11	13	8	33	37	0	57	25	24	7	6	2	1	0	1	4	16	8	23	24	5	6	1	1	2	1	1	1	0	0	1	1
0	0	0	0	0	0	0	1	0	0	0	0	0	0	0	0	2	1	0	0	0	0	0	0	0	1	0	0	0	0	0	0	0	0	1	1	0	1	0	0	0	1	2	0	0	3	1	0	0	0	1	0	1	1	0	1	1	0	0	0	2	1	0	0	0	1	0	0	0	0	1	0	1	0	0	1	0	0	0	0	1	1	1	0	0	0	0	0	1	1	0	0	0	0	1	0	1	0	0	0	0	0	0	1	0	0	0	0	0	0	0	0	0	1	0	3	0	0	0	0	1	0	1	0	0	1	0	0	2	0	0	0	0	0	0	0	0	1	0	0	0	1	1	1	0	1	1	2	3	2	0	2	0	0	1	0	0	0	1	2	3	0	0	5	1	0	0	3	3	1	3	2	2	3	0	0	0	0	1	1	1	2	2	1	1	0	0	1	2	0	0	0	2	1	1	1	1	2	1	1	2	0	0	1	0	0	0	1	1	2	0	1	1	1	0	0	0	1	1	1	2	0	0	2	1	1	3	0	0	2	1	2	0	1	0	2	0	0	1	0	0	0	0	1	1	0	0	0	0	0	0	2	0	0	0	1	0	0	0	1	0	0	0	2	2	1	1	1	1	0	1	1	0	1	2	2	0	1	3	1	0	0	1	0	0	1	0	0	0	0	0	1	2	0	0	0	0	2	0	1	4	2	2	5	4	4	0	0	0	2	4	1	1	3	1	1	3	2	3	2	0	2	1	4	1	1	3	1	1	1	3	4	1	4	1	3	6	0	1	2	0	0	0	1	0	0	1	1	4	1	0	0	1	1	1	0	0	2	0	0	0	1	3	2	1	0	6	4	7	4	3	1	0	0	0	2	0	1	3	12	31	18	14	11	5	4	4	1	4	4	1	6	3	4	0	3	1	1	1	3	1	1	2	5	2	1	1	4	0	4	3	2	0	2	5	3	8	1	6	8	4	1	0	0	2	3	2	2	3	3	2	0	2	3	3	3	4	1	0	1	1	2	1	3	3	2	6	14	3	14	8	13	7	9	17	7	2	2	8	5	17	20	57	0	42	8	7	6	3	2	2	1	6	6	12	14	8	2	8	2	2	3	2	1	0	0	1	1	0
0	0	0	0	0	0	0	0	0	0	1	0	0	0	0	0	0	0	0	0	0	0	0	0	0	0	0	1	0	0	0	0	0	2	0	1	0	1	0	0	0	0	2	1	0	1	0	1	0	0	0	0	0	0	0	0	0	0	0	2	0	1	1	0	0	0	0	1	2	0	0	0	0	0	0	0	0	0	1	0	0	0	0	2	1	0	1	1	1	0	0	0	0	1	0	1	0	0	0	0	1	1	0	0	2	0	1	0	0	0	0	1	1	0	0	0	0	0	0	0	1	0	0	0	0	0	0	1	1	0	0	0	0	0	0	0	0	0	0	0	1	0	1	2	0	1	2	0	0	4	0	2	0	0	0	2	1	2	2	0	0	0	1	1	0	2	3	1	0	1	1	2	0	1	2	1	0	0	0	0	1	0	0	0	1	3	0	3	4	2	3	1	1	0	1	1	0	0	1	1	0	0	0	0	3	3	1	0	0	1	0	0	1	0	0	0	0	1	0	0	0	0	0	0	1	3	4	1	1	1	2	0	1	1	1	1	1	0	0	0	0	0	0	0	0	0	1	2	0	0	2	0	0	1	0	1	1	0	1	0	1	1	1	1	2	2	0	0	1	1	1	2	4	2	0	0	0	1	1	0	2	1	1	2	0	0	1	1	1	1	0	1	0	3	0	0	1	2	0	3	1	1	1	5	3	4	2	1	1	2	1	1	1	0	0	2	3	2	2	1	1	5	1	2	2	1	1	1	0	2	3	4	3	2	0	3	7	1	4	0	1	1	3	1	3	2	2	3	2	1	0	1	3	2	0	2	1	0	1	2	0	6	4	1	3	2	9	10	11	9	9	9	4	4	0	2	2	3	3	22	33	17	14	5	8	5	2	1	2	5	2	0	5	2	0	0	4	2	2	2	2	4	2	0	1	3	1	3	2	5	3	2	1	4	7	8	8	5	4	4	1	0	1	0	4	2	0	5	7	1	4	3	0	2	0	2	2	4	0	3	4	4	4	4	7	7	12	9	7	19	10	1	2	3	7	6	4	4	7	3	2	9	25	42	0	114	39	15	10	4	3	1	13	16	10	14	13	8	8	7	5	4	1	0	1	4	3	1	2
0	0	0	0	0	0	0	0	0	0	0	1	0	0	0	0	0	0	0	0	0	0	0	0	0	0	0	0	0	0	0	1	0	0	0	0	0	0	1	1	0	1	0	0	0	0	0	0	1	0	0	0	2	1	0	2	0	0	0	1	1	1	0	1	0	0	1	1	0	0	0	0	1	0	0	0	1	0	0	2	0	2	2	1	1	1	1	1	2	0	0	0	1	0	0	0	1	1	1	1	1	0	0	0	0	1	0	0	0	0	0	1	1	0	0	0	0	0	0	1	0	0	1	0	1	0	0	0	0	1	0	0	0	0	0	1	0	1	0	0	1	0	0	0	0	2	0	3	1	1	1	1	0	0	1	0	0	0	0	0	0	0	0	0	1	3	0	2	1	1	0	2	1	0	0	1	2	0	2	0	1	1	1	0	2	0	1	3	3	1	2	0	1	0	1	0	0	0	0	0	1	1	0	3	2	0	0	0	0	0	0	1	0	0	0	1	1	0	1	1	1	0	1	4	1	2	1	2	3	2	1	0	1	1	2	1	1	0	0	1	1	1	1	0	0	0	2	0	1	0	0	0	0	0	1	1	0	0	1	2	1	0	0	1	1	1	1	1	2	0	2	1	2	3	1	2	1	1	2	1	0	1	1	1	1	2	0	0	1	1	1	1	0	2	2	1	0	5	5	0	1	2	0	5	4	0	3	1	2	0	0	0	1	1	1	0	2	1	1	1	0	2	0	1	2	1	1	2	0	0	4	2	5	2	4	4	5	0	2	2	2	1	0	3	3	0	1	1	3	2	0	1	3	2	1	0	4	2	0	2	4	3	3	5	3	10	15	11	33	4	7	5	1	6	5	7	2	5	19	13	23	17	8	8	6	4	4	3	3	2	0	0	2	3	2	3	0	2	1	2	2	4	2	0	1	1	1	1	3	3	4	2	0	3	3	2	7	4	5	2	5	4	1	2	2	3	1	4	4	3	3	3	1	2	4	2	6	2	6	2	5	4	6	2	2	17	10	9	12	17	6	1	1	2	7	2	9	3	6	6	3	15	24	8	114	0	164	29	5	12	5	3	20	11	12	13	3	8	12	8	5	7	4	3	3	3	4	1	4
0	0	0	0	0	0	0	0	1	0	1	1	0	0	1	0	0	0	0	0	0	0	2	1	0	0	0	0	0	0	0	0	0	0	0	1	0	1	0	0	1	0	1	1	0	0	0	0	0	3	0	1	3	0	0	0	1	0	0	0	0	0	0	1	1	0	1	0	0	0	0	0	1	0	1	0	0	0	0	0	0	1	0	0	0	0	0	2	0	0	0	0	1	1	0	1	0	0	0	0	1	1	0	0	0	0	2	0	0	0	0	0	1	0	1	0	0	0	0	0	0	0	1	1	0	0	0	0	0	0	0	1	0	0	0	0	0	0	0	0	1	1	0	2	1	1	2	1	1	1	1	0	1	1	0	0	0	0	0	1	1	2	2	0	2	0	2	0	0	0	1	1	2	0	0	1	0	1	1	0	1	0	0	0	0	1	1	3	1	1	1	0	3	0	0	0	1	1	0	1	2	0	2	0	0	2	1	0	0	2	1	1	0	3	1	1	1	1	3	1	0	4	1	1	4	1	1	0	3	1	1	1	1	0	0	0	0	0	1	1	0	1	1	0	1	0	1	1	0	0	2	0	2	0	0	0	0	1	1	0	1	1	0	0	1	3	5	1	2	2	1	0	1	4	2	2	1	1	0	2	1	2	1	1	0	1	1	2	0	1	1	1	1	1	3	1	0	2	2	1	0	2	3	1	2	1	1	1	1	1	0	0	1	0	1	2	0	2	3	1	0	3	1	1	0	0	3	1	2	1	2	3	4	2	2	4	4	1	1	5	1	0	2	1	2	4	3	2	1	3	3	2	1	2	1	0	2	1	1	3	4	5	3	3	4	8	23	22	42	20	6	11	8	4	4	8	3	6	15	16	12	10	3	4	3	2	2	1	2	1	0	1	1	4	2	3	1	4	3	3	0	0	2	2	0	3	0	2	4	4	1	5	3	6	4	6	6	2	9	1	1	1	1	1	1	1	3	5	5	3	2	1	2	4	2	5	4	1	3	1	4	3	8	4	9	14	22	9	8	8	5	3	2	6	4	5	6	4	2	4	5	3	7	7	39	164	0	55	19	5	7	8	12	8	7	6	5	5	9	10	5	2	7	3	8	6	3	1	3
0	0	0	0	0	0	0	0	0	0	0	0	0	0	0	0	1	0	0	0	0	0	0	0	0	1	1	0	0	0	0	2	0	0	0	0	0	0	0	1	0	0	0	0	0	1	1	1	0	0	0	0	1	0	1	0	0	0	0	0	1	0	1	0	0	0	0	0	1	0	0	0	0	0	0	0	1	0	0	1	0	1	0	1	1	0	0	0	0	1	0	0	0	0	1	0	2	0	0	0	0	0	1	0	1	0	0	1	0	0	0	1	0	0	0	0	0	0	0	0	0	0	0	0	0	0	2	0	0	0	0	0	0	0	0	0	0	0	0	1	0	0	1	0	0	0	1	0	0	0	2	2	0	0	0	0	0	0	2	2	0	0	2	0	2	0	0	0	0	2	1	2	1	1	0	0	2	0	0	3	2	1	0	0	0	1	0	1	1	0	2	2	1	0	2	1	1	0	1	0	2	2	0	2	0	0	0	2	0	1	0	0	0	1	1	0	1	2	2	1	3	0	0	3	1	2	1	2	0	2	0	0	2	0	3	1	2	1	0	0	0	0	1	0	0	2	0	1	0	1	1	1	0	0	0	0	0	1	0	0	0	0	3	1	0	1	2	2	1	1	0	0	2	3	2	1	1	2	1	0	1	0	1	2	0	1	1	2	0	0	0	3	1	1	0	0	3	3	5	2	1	1	1	3	3	2	1	2	0	1	3	1	0	0	0	1	1	0	0	1	3	1	3	1	0	1	0	3	0	3	0	2	1	3	5	3	5	5	2	4	3	1	2	3	0	2	2	1	0	5	2	1	1	2	3	0	1	2	3	3	4	5	6	5	7	12	22	12	11	10	2	5	2	5	3	4	2	1	4	6	11	2	5	2	2	1	1	1	1	0	1	0	0	2	1	0	1	0	1	1	5	0	0	2	1	0	2	1	3	1	2	4	1	2	1	4	2	2	3	1	1	2	0	1	0	2	4	2	5	3	3	3	3	2	2	2	4	4	3	4	7	18	10	9	9	13	16	5	15	10	8	4	5	2	5	5	5	1	5	2	5	3	6	6	15	29	55	0	49	22	8	7	21	7	10	9	4	6	19	14	11	6	7	6	4	4	7	1	5
0	0	0	0	0	0	0	0	0	0	0	0	0	0	1	0	0	0	1	0	0	1	0	0	1	0	0	0	0	0	0	0	0	0	0	0	1	0	1	0	0	0	1	0	1	0	0	0	0	1	0	0	0	0	0	1	0	0	0	0	2	0	0	0	0	0	0	2	1	0	0	0	0	0	0	0	0	1	0	0	1	0	1	0	1	0	1	0	1	0	1	0	0	1	0	0	1	0	0	0	0	0	1	0	0	1	1	1	2	0	1	0	0	1	0	0	0	0	0	0	0	0	1	0	0	1	0	0	0	0	0	0	0	0	0	1	0	0	1	0	1	1	0	0	0	0	0	0	4	1	1	1	1	0	1	0	0	0	2	0	0	0	1	0	0	0	0	2	0	0	0	1	1	1	1	1	0	2	1	1	1	1	1	0	2	2	1	0	2	0	2	0	1	2	0	0	4	2	1	1	2	1	1	0	1	0	1	0	2	0	0	0	1	0	1	1	1	1	1	2	1	0	2	1	1	1	1	0	1	1	0	0	0	0	0	1	1	0	0	1	1	0	0	0	0	0	0	1	0	0	0	0	0	0	0	0	0	0	2	2	2	0	1	0	1	1	0	4	2	1	1	2	1	2	1	0	0	0	1	0	2	1	2	3	0	1	1	1	1	1	0	3	0	0	0	0	0	4	0	3	3	4	2	5	0	1	0	2	2	0	0	1	0	0	0	2	1	0	0	1	1	0	1	0	1	0	0	2	1	0	1	0	3	2	3	4	6	3	3	3	4	6	4	7	8	6	2	3	3	6	5	3	4	1	3	4	8	3	2	3	3	7	3	4	6	8	21	16	13	5	4	2	0	1	2	1	3	3	0	1	3	3	1	1	1	1	1	0	2	0	2	0	2	1	2	2	1	2	3	0	2	1	2	2	1	0	1	1	3	2	3	0	1	2	5	4	2	1	2	2	0	3	0	1	2	1	3	3	1	4	4	2	2	3	2	0	4	6	6	9	27	41	31	13	12	14	9	6	10	5	3	1	2	2	3	4	4	1	1	2	2	1	2	3	10	5	19	49	0	89	27	5	7	1	4	2	3	3	3	18	9	7	18	11	6	13	13	6	9
0	0	0	0	0	0	0	0	0	0	0	0	0	1	0	0	0	0	0	0	0	0	0	1	0	0	2	0	0	0	0	1	0	0	0	0	0	1	0	0	1	1	0	0	2	0	1	0	0	0	1	0	0	0	0	0	0	1	0	0	2	0	1	0	0	0	1	0	0	0	0	0	0	0	1	0	0	0	0	0	0	0	0	0	2	1	0	1	1	0	2	0	2	0	0	0	1	2	0	1	1	0	0	0	0	0	0	1	0	0	1	0	2	0	1	0	0	0	0	1	0	0	0	1	0	1	0	0	0	0	0	0	1	1	0	0	0	0	0	0	1	0	0	0	1	0	0	1	2	0	0	1	2	0	0	0	1	0	0	1	1	1	0	0	1	0	1	1	0	1	0	1	2	0	2	1	1	0	1	1	0	0	1	0	0	0	0	2	3	1	0	0	1	1	3	0	2	1	0	2	0	1	1	0	0	1	0	1	0	2	1	0	0	0	0	3	1	3	1	1	3	1	0	1	1	0	2	2	3	1	3	0	1	0	1	1	0	2	1	1	0	0	0	1	1	1	0	0	0	1	1	1	1	0	0	2	2	2	1	2	0	0	3	1	1	1	2	3	0	0	2	1	0	2	3	0	1	0	1	0	4	3	0	2	0	0	0	1	1	0	1	2	2	0	1	0	3	2	1	2	5	5	1	3	1	0	0	2	2	1	0	0	1	0	0	2	0	0	3	1	3	0	2	1	0	2	0	0	0	2	2	0	1	0	4	3	2	5	5	4	0	2	3	5	4	2	2	3	3	6	5	5	3	3	2	1	6	4	5	4	6	9	1	7	5	12	13	12	7	6	4	5	0	3	3	6	2	2	7	5	2	4	1	2	3	2	1	0	1	1	1	0	3	1	3	0	1	0	0	0	1	2	0	1	2	2	0	1	1	2	0	0	2	1	1	2	4	5	1	2	1	0	1	0	1	0	2	2	6	4	3	2	4	0	3	4	11	11	9	20	33	16	9	9	8	5	7	7	1	4	4	2	4	1	2	2	4	3	0	4	6	3	1	2	4	12	5	22	89	0	94	11	17	7	6	7	1	5	9	15	19	12	12	20	8	4	7	9	7
0	0	0	0	0	0	0	0	0	0	1	0	0	0	1	0	0	1	0	1	0	0	0	1	0	0	0	0	0	0	0	0	0	0	0	0	0	0	2	0	0	0	1	1	0	2	0	1	0	0	2	0	0	0	0	0	0	0	0	1	0	0	0	0	0	0	0	1	0	0	0	0	0	0	0	0	0	1	0	2	0	0	0	0	1	0	1	0	0	0	0	0	0	0	0	0	0	2	0	0	0	0	0	0	0	0	0	1	0	1	0	0	0	0	0	0	0	0	0	0	0	0	0	1	0	0	0	0	0	1	0	0	0	0	1	0	0	0	0	0	0	0	0	0	0	1	0	0	1	1	0	0	0	0	1	0	1	1	0	1	1	0	1	1	2	0	1	1	1	1	1	1	1	1	2	1	0	1	0	2	0	2	1	1	1	0	1	1	1	0	0	1	0	0	0	0	1	1	0	1	2	2	0	1	0	0	2	1	0	0	0	1	2	1	0	1	1	2	0	0	0	0	0	1	1	1	1	2	1	0	0	1	0	0	1	0	0	1	1	0	2	0	0	0	0	0	0	0	1	0	1	1	0	1	0	0	0	0	0	0	1	0	2	0	1	1	2	2	1	0	1	0	1	2	2	0	1	0	1	2	2	0	0	0	0	3	1	2	2	2	0	3	2	4	1	4	2	4	3	0	2	1	2	3	1	2	0	0	1	2	0	1	2	0	0	0	0	2	0	4	1	2	1	2	0	1	1	0	1	1	1	1	2	3	3	2	3	7	4	7	1	3	0	4	3	4	4	2	4	8	5	8	4	2	2	3	7	5	4	6	10	15	5	6	2	12	8	27	8	3	7	4	1	6	5	1	4	3	3	7	4	4	3	3	1	0	0	2	0	0	0	0	1	1	1	1	0	1	1	0	0	0	1	2	2	1	2	1	2	4	0	0	2	5	1	2	6	1	1	2	3	2	1	3	1	2	1	2	1	8	8	10	3	5	7	9	10	25	23	21	26	5	11	2	2	6	2	5	4	3	1	1	3	1	6	1	4	1	0	4	0	1	0	2	3	5	7	8	27	94	0	52	29	7	6	6	4	7	4	13	17	10	9	7	5	6	10	5	7
0	0	0	0	0	0	0	0	1	0	0	0	0	1	1	0	0	0	1	0	0	0	1	1	1	0	0	0	0	1	0	0	0	0	0	1	0	0	1	0	0	0	1	0	0	0	1	0	1	1	1	0	0	0	0	0	0	0	0	0	0	0	0	2	0	0	0	0	0	0	0	1	0	0	0	0	0	0	0	0	1	1	0	0	1	0	0	0	1	0	0	0	0	0	0	1	0	0	1	0	0	0	0	1	0	0	0	0	1	0	0	0	0	0	0	0	0	0	0	0	1	1	0	0	2	0	0	0	0	0	0	0	0	0	1	0	0	1	0	0	0	0	0	0	1	0	1	0	0	0	0	1	1	0	1	2	1	1	0	1	0	0	1	2	3	0	0	1	1	0	1	2	3	0	2	0	0	1	0	1	0	1	1	0	0	0	1	2	1	1	2	2	0	1	1	0	0	0	0	1	0	0	0	0	1	0	0	0	0	0	1	0	0	0	0	1	2	1	0	0	0	0	2	1	0	1	1	0	0	1	1	1	2	1	1	0	0	0	1	1	1	0	0	0	1	0	0	2	0	0	0	0	0	0	0	0	0	2	0	0	0	1	0	1	0	0	1	2	3	1	2	1	0	2	2	2	2	1	0	3	1	1	2	2	2	2	2	4	2	2	1	6	3	2	0	2	0	4	7	4	2	3	2	1	2	2	0	1	0	1	1	0	0	3	2	0	0	1	0	0	0	1	2	2	1	0	1	1	0	1	0	1	3	5	1	5	4	1	4	2	1	2	2	3	4	4	4	3	4	3	4	2	0	2	1	1	8	3	4	8	11	31	10	3	4	9	9	25	16	5	7	4	2	2	4	6	7	2	3	4	3	4	2	2	2	1	1	2	2	0	0	0	0	0	3	0	1	0	1	1	2	2	2	0	1	2	6	2	4	4	5	5	3	1	11	6	4	4	1	2	2	2	1	3	1	2	1	10	15	12	15	6	6	6	6	8	6	10	9	10	6	5	5	1	1	3	3	2	1	3	3	2	0	2	0	4	2	1	3	0	2	4	1	1	1	3	8	7	5	11	52	0	38	13	11	6	0	1	5	10	11	3	9	5	5	4	5	2	2
0	0	0	0	0	0	0	0	0	0	1	0	0	0	0	0	0	0	0	0	0	0	1	0	0	1	0	1	1	0	0	0	0	0	0	0	1	0	0	0	0	0	0	0	0	1	0	1	0	0	0	0	0	1	0	0	0	0	2	0	0	1	0	3	0	0	0	1	0	0	1	0	0	0	1	2	0	1	0	0	0	1	0	1	0	1	1	0	0	1	0	1	0	0	0	0	0	1	1	0	1	1	0	1	0	0	0	2	0	0	0	0	0	1	0	0	1	1	0	0	0	0	0	0	0	0	0	1	0	0	0	0	1	0	0	0	0	0	0	1	0	0	2	1	1	0	1	1	1	0	0	0	1	1	0	0	1	0	2	1	0	1	1	1	2	2	0	0	0	1	2	0	4	2	1	0	3	0	1	2	1	0	0	1	0	0	1	2	4	1	1	0	1	0	0	0	0	2	0	0	0	0	1	2	1	0	0	0	0	1	0	1	1	1	1	3	1	1	0	2	0	2	0	2	3	0	2	2	0	0	1	0	1	0	0	0	0	0	0	0	1	0	0	0	0	1	1	0	0	1	1	1	3	0	0	2	0	0	1	0	0	1	1	1	1	3	4	2	4	3	1	1	3	3	0	1	1	1	1	0	2	2	1	1	1	1	0	1	3	1	2	0	1	1	3	1	1	4	3	3	4	4	1	4	2	0	1	1	2	2	1	2	0	1	0	2	1	1	4	1	0	1	3	0	2	0	1	2	1	3	0	2	2	7	10	3	5	6	3	5	4	4	4	3	1	5	2	0	7	4	3	0	3	2	2	1	3	6	6	3	7	7	3	0	3	4	5	16	27	9	11	2	3	5	2	2	1	3	8	6	7	11	4	2	4	1	0	2	0	1	1	2	0	0	1	1	1	0	1	1	3	1	1	1	0	1	1	0	2	4	2	7	1	8	8	6	8	5	4	3	5	0	1	3	0	2	2	10	6	17	9	6	5	1	5	5	1	5	8	9	7	10	5	4	3	5	2	1	2	5	2	1	0	1	5	9	6	3	4	5	4	2	4	6	13	20	12	21	7	17	29	38	0	26	14	5	7	8	11	16	11	9	4	1	2	1	5	4	3
0	0	0	0	0	0	0	1	0	0	2	1	0	0	0	1	0	2	1	1	0	1	0	0	0	0	0	1	0	1	1	1	0	0	0	0	0	2	0	0	0	0	0	0	1	1	0	2	0	0	1	0	0	1	0	0	0	1	0	2	0	0	0	1	1	0	0	1	0	1	0	0	0	0	0	0	0	0	1	0	0	0	0	0	0	3	0	1	1	0	0	1	0	0	1	0	1	0	1	0	1	0	1	1	0	1	0	0	0	0	0	1	0	0	0	0	0	0	0	1	0	1	0	1	2	0	0	0	1	0	0	0	0	0	0	0	0	0	0	1	0	0	1	0	1	1	2	0	0	1	1	0	1	0	1	0	1	2	2	0	0	1	2	3	1	0	2	1	3	2	3	3	1	1	1	3	0	1	1	3	0	0	1	2	0	1	0	3	3	3	1	0	2	0	1	0	4	0	2	1	3	1	1	2	1	0	0	0	1	0	1	2	1	1	1	0	1	1	2	1	0	0	1	4	4	3	1	1	1	2	0	0	0	0	1	0	0	1	0	1	1	1	0	1	0	2	0	1	0	0	0	1	1	0	3	0	0	0	0	2	1	1	1	2	2	7	3	0	3	2	0	1	3	1	3	4	1	0	2	0	2	2	3	0	0	1	1	1	2	0	1	1	3	0	0	3	0	2	3	4	5	3	11	4	4	2	0	1	1	1	1	2	3	4	1	2	1	3	3	2	3	1	2	2	0	1	0	1	2	5	2	4	3	9	7	8	10	8	0	0	2	0	2	1	2	3	5	3	3	2	1	6	1	1	0	1	2	1	2	6	5	5	3	1	2	0	5	8	16	9	6	2	2	1	2	1	1	2	3	11	11	13	4	2	0	5	2	0	1	0	1	0	1	1	2	3	0	2	1	1	0	0	3	1	1	0	1	2	3	5	1	3	4	3	9	16	10	6	7	3	7	1	0	1	1	3	3	6	6	4	4	3	3	2	5	3	2	1	5	2	4	1	2	4	3	4	3	5	4	4	3	1	4	6	7	33	11	11	5	3	6	7	16	6	16	11	8	7	1	7	7	13	26	0	103	19	8	10	9	9	6	4	4	1	0	0	4	2	1
0	0	0	0	0	0	0	0	1	0	0	0	0	0	0	1	0	0	0	1	0	1	1	0	0	0	0	1	0	0	1	0	1	0	0	1	1	0	0	0	1	0	0	1	0	2	1	1	0	0	0	0	1	0	0	0	0	0	0	0	0	0	0	0	1	0	1	1	1	0	0	2	0	1	0	0	1	0	0	0	0	1	1	0	1	0	0	1	0	3	0	0	0	0	0	1	0	1	0	0	1	0	0	1	0	0	0	0	0	0	0	0	0	2	0	0	0	1	0	0	0	0	1	0	0	0	0	0	1	0	1	0	1	0	0	0	0	0	0	1	1	0	0	0	1	1	0	0	1	3	1	0	0	1	0	1	1	2	1	1	2	0	3	3	1	1	3	0	0	2	2	4	1	0	2	1	1	1	0	0	2	1	2	0	1	0	1	6	4	1	3	1	0	2	1	1	2	0	2	3	2	0	0	1	1	0	1	0	0	3	0	2	0	1	1	3	0	1	1	1	1	2	1	1	3	3	0	3	0	0	0	2	0	1	0	0	3	1	0	1	1	0	0	0	1	2	1	1	2	0	0	1	2	0	2	0	1	0	1	2	0	1	0	1	3	2	3	5	2	1	1	1	2	1	1	3	3	0	0	1	3	1	2	1	2	0	2	2	0	1	0	3	0	3	0	0	2	0	3	4	4	4	2	4	3	2	2	1	1	1	1	1	0	1	1	2	7	1	0	1	0	4	3	3	1	1	4	1	0	4	7	2	5	7	17	11	18	7	4	4	1	2	0	3	2	3	2	1	1	1	0	0	1	0	1	0	3	2	0	1	3	6	1	1	2	1	7	9	11	3	1	3	2	2	2	2	1	4	1	7	6	15	5	2	6	2	4	2	3	1	1	1	0	0	1	0	0	2	3	3	2	1	1	2	0	1	0	0	3	0	1	4	1	2	10	9	6	3	3	1	6	1	0	0	0	5	1	4	1	5	6	0	4	2	2	1	3	6	2	3	2	5	2	6	3	3	6	1	4	13	7	4	12	10	13	22	18	14	9	4	7	12	8	12	10	12	7	10	4	6	6	11	14	103	0	95	26	11	14	9	13	4	5	5	2	2	0	4	5
0	0	0	0	0	0	0	1	0	0	0	0	0	0	0	1	0	0	0	0	1	1	0	0	0	0	0	0	0	0	0	0	0	0	0	0	2	0	0	0	0	0	1	0	0	1	0	0	2	0	0	2	0	0	0	0	2	0	0	0	0	0	1	0	0	1	0	0	0	0	2	1	0	0	0	1	0	0	0	0	0	0	0	1	1	0	3	1	0	0	1	2	1	0	1	0	0	0	1	1	0	1	0	1	0	0	0	2	0	1	0	0	0	1	0	0	0	0	0	0	1	0	0	0	0	0	0	0	1	0	1	0	0	0	0	1	0	0	1	0	2	0	0	0	3	2	0	3	0	0	2	2	1	1	2	1	2	3	1	1	0	0	3	0	2	1	1	1	0	0	0	1	1	0	2	3	1	1	1	2	1	0	0	2	2	1	0	4	7	3	3	0	0	2	2	0	0	2	1	3	0	0	0	1	3	1	3	0	2	0	0	1	3	0	3	4	4	3	6	2	6	2	3	2	2	1	4	0	5	1	0	2	4	0	1	0	0	1	0	0	1	0	0	0	0	1	1	2	1	0	0	1	0	1	0	1	0	1	0	0	3	0	0	3	4	5	2	1	0	0	0	1	3	0	1	1	3	0	3	0	2	0	0	0	1	1	1	1	1	0	1	2	0	2	0	1	2	0	2	0	2	0	4	2	8	1	2	0	0	0	3	2	0	1	1	1	5	3	1	0	2	1	4	1	4	2	4	0	0	5	6	5	5	12	10	9	21	5	4	4	1	1	1	2	1	3	0	2	1	2	3	1	2	1	1	2	2	0	0	1	1	3	3	1	2	2	3	2	7	5	3	4	3	1	1	0	2	2	6	5	10	14	4	4	1	2	2	0	0	0	0	2	1	0	0	2	1	2	0	3	1	3	2	0	1	1	1	1	1	1	3	0	2	2	2	6	5	3	3	1	2	1	0	2	2	0	1	3	2	1	3	1	1	0	1	1	0	2	2	2	3	3	3	4	0	3	6	8	16	17	12	5	6	10	24	21	17	20	9	8	13	12	23	14	14	13	6	9	2	7	6	6	5	19	95	0	44	23	16	10	9	2	2	2	3	2	3	1	0
0	0	0	0	0	0	0	0	0	1	0	0	1	0	0	1	2	0	1	0	1	0	0	1	1	2	1	0	1	0	0	0	0	0	1	0	1	0	0	0	1	3	0	1	3	3	0	0	0	0	1	3	0	0	0	0	0	0	0	0	0	0	0	0	0	1	0	0	0	0	0	0	0	0	0	0	0	0	0	0	2	0	2	2	1	3	0	0	2	2	1	0	0	0	0	1	2	1	1	0	2	0	0	3	1	2	0	0	0	1	0	0	0	0	0	0	0	0	0	0	0	0	0	0	1	0	0	1	1	0	1	0	0	0	0	4	0	0	1	0	1	1	0	1	2	2	3	4	2	6	4	2	4	4	2	1	3	1	4	1	1	0	0	1	0	1	0	1	0	0	3	1	1	3	4	2	1	0	0	1	0	0	2	0	1	2	2	7	16	4	1	1	2	0	1	1	3	0	1	3	1	2	0	0	4	0	3	2	0	1	4	1	2	0	3	5	5	6	2	7	3	2	3	4	3	3	2	0	3	0	1	0	1	1	1	0	0	1	0	1	1	1	0	0	0	1	2	1	0	3	0	1	1	1	1	1	2	1	3	1	3	0	1	0	1	4	3	0	0	0	1	1	1	2	1	1	1	1	2	1	1	0	0	0	1	0	1	5	0	1	0	1	0	1	0	2	1	1	1	2	1	2	4	2	3	2	1	3	2	0	0	1	2	0	1	2	2	3	3	3	1	3	1	2	6	4	2	0	4	3	4	13	14	4	10	14	11	7	3	2	1	3	2	3	2	2	2	0	0	1	2	0	1	1	0	2	2	3	1	1	3	1	5	1	0	3	3	3	3	1	1	4	2	0	1	0	2	1	1	6	7	6	6	2	4	2	4	1	1	1	2	0	0	1	1	0	1	0	2	0	2	2	1	2	0	0	1	1	1	4	0	0	1	0	5	5	4	1	1	5	1	1	0	0	1	4	1	3	2	0	2	0	2	0	2	1	1	1	1	4	2	2	4	3	4	3	9	13	19	22	42	14	17	13	19	9	6	8	7	5	5	15	24	8	13	3	5	4	3	1	4	0	7	8	26	44	0	89	20	10	1	1	2	5	3	1	1	3	1
0	0	0	0	0	0	0	1	1	1	0	0	0	1	0	0	1	0	0	1	0	1	1	0	0	3	1	1	0	0	0	0	0	0	1	0	0	0	0	1	1	1	2	0	1	1	1	1	1	1	1	1	0	0	0	0	2	0	0	1	0	0	0	0	3	0	0	1	0	2	1	1	0	0	1	0	0	1	1	1	0	0	1	0	1	4	2	0	0	0	0	1	2	1	1	2	1	0	0	0	0	1	1	2	0	0	1	1	1	0	1	0	0	1	0	1	0	0	1	0	0	1	0	0	0	0	0	0	2	0	1	0	0	0	2	0	1	0	0	0	0	0	1	1	1	1	2	8	1	4	6	0	1	0	0	3	0	1	3	2	1	1	0	0	1	0	0	0	1	0	2	1	1	0	0	1	0	3	0	1	2	1	0	0	0	2	2	4	12	12	7	1	2	1	0	1	4	0	1	1	4	1	0	2	1	2	2	1	1	1	1	1	3	0	1	3	3	7	5	2	2	5	4	1	5	2	4	1	4	2	0	1	1	2	2	1	2	1	2	1	0	0	0	0	0	3	1	1	2	1	1	2	0	0	1	0	1	2	0	0	3	0	1	0	3	2	0	2	0	0	1	1	1	0	0	1	1	2	1	1	0	1	0	1	1	3	0	2	1	1	1	1	1	0	1	2	2	2	0	1	0	4	0	0	4	2	0	0	1	0	0	0	0	2	0	0	2	0	5	3	1	1	1	2	3	1	1	0	4	6	3	5	16	15	15	20	26	9	2	8	5	2	3	2	0	2	0	0	3	2	2	0	1	0	1	0	1	2	2	0	4	3	2	4	2	1	4	3	4	2	2	3	1	1	1	1	0	4	1	2	3	7	0	1	2	0	0	0	2	0	3	3	0	0	1	1	1	2	1	0	1	1	1	0	0	0	2	0	3	1	3	1	2	1	0	1	3	2	3	1	2	2	0	1	1	3	2	3	1	2	1	3	0	3	0	0	2	1	0	2	3	4	4	2	4	7	7	8	16	6	15	9	7	7	11	12	10	5	4	4	4	5	5	2	8	8	5	6	3	5	7	1	8	10	11	23	89	0	41	12	5	3	2	2	5	2	1	0	2
0	0	0	0	0	0	0	0	1	0	1	0	2	0	0	0	1	0	0	0	1	0	0	0	0	0	0	1	0	0	0	0	0	0	0	1	0	3	0	0	0	0	0	1	3	0	0	0	0	0	0	2	0	1	0	0	0	1	0	2	2	0	1	0	0	0	0	0	0	0	0	0	0	2	0	0	0	0	0	1	0	1	0	1	1	0	2	0	1	3	1	0	1	1	1	1	0	0	1	0	1	0	0	0	0	0	1	1	0	0	0	0	0	0	0	0	0	0	1	0	0	0	0	0	0	0	0	0	1	0	0	0	0	0	0	0	1	0	0	0	2	0	0	2	0	0	1	4	4	6	1	1	1	0	0	1	1	1	0	3	2	0	5	0	1	1	0	0	0	1	1	3	1	0	0	0	0	1	0	2	1	0	0	2	1	2	1	2	6	2	4	2	0	2	2	1	2	0	0	1	2	2	1	1	2	1	1	1	1	3	2	1	0	1	3	3	0	4	4	4	1	2	1	1	4	6	1	2	1	2	0	2	0	1	1	1	3	0	1	1	0	0	0	1	1	0	1	0	0	0	3	2	0	1	2	1	2	0	0	0	0	0	1	2	2	1	1	0	3	2	0	1	1	2	0	1	1	0	0	0	0	1	0	0	2	2	0	0	0	4	1	1	1	0	0	2	2	1	0	2	2	1	0	3	2	1	1	2	1	2	1	0	1	0	1	0	0	0	0	1	1	2	2	1	0	1	1	2	4	0	5	3	9	13	16	23	77	20	11	6	5	2	0	5	1	1	3	2	1	1	2	1	3	0	1	0	1	1	1	2	2	4	1	1	1	2	2	7	5	2	5	4	0	2	2	3	0	2	1	2	6	6	1	0	0	2	2	1	0	1	2	0	1	0	1	2	2	0	2	1	1	1	1	0	1	2	1	1	0	4	0	0	0	1	4	3	4	0	1	1	1	1	0	0	1	0	0	2	3	3	0	2	0	3	3	1	3	5	7	1	5	4	2	6	5	6	6	15	20	12	8	4	5	6	5	4	2	2	2	3	5	7	6	8	8	12	9	19	3	9	4	5	11	9	14	16	20	41	0	40	9	9	8	5	7	4	5	4	1
0	0	0	0	0	0	0	1	0	0	0	0	0	0	0	0	0	0	0	0	0	0	0	0	2	2	0	0	0	0	0	0	0	0	0	1	0	1	0	1	0	1	0	0	0	2	0	0	0	0	0	1	0	1	0	0	0	0	0	0	0	3	0	0	0	0	0	0	0	0	0	1	0	0	0	1	0	1	1	0	3	0	0	2	0	0	0	1	1	0	0	0	0	0	1	0	3	0	0	0	2	0	0	0	0	0	0	0	1	0	0	1	0	0	0	0	0	0	0	0	0	0	0	0	0	0	0	1	0	0	0	0	0	0	0	0	1	0	0	3	0	0	1	0	0	2	0	0	0	4	1	0	3	0	1	0	1	3	1	1	2	0	1	0	5	1	2	0	1	0	0	1	4	1	3	4	0	0	0	0	1	1	0	1	0	1	1	1	5	5	4	2	1	1	1	2	0	0	0	1	1	2	0	0	1	1	0	1	1	0	0	0	2	3	0	4	1	6	4	2	0	0	3	3	5	3	2	1	3	0	1	2	2	0	1	0	1	2	1	2	0	2	0	1	1	0	2	1	1	0	0	1	2	0	4	0	0	0	0	1	1	1	1	2	3	3	3	1	1	0	1	0	2	1	3	0	0	1	1	2	1	1	1	3	1	2	0	4	5	0	0	1	1	0	1	0	1	1	0	2	4	3	5	1	3	2	1	0	0	0	1	1	0	2	1	0	2	1	1	1	2	0	1	4	1	2	1	3	0	2	4	1	5	4	6	12	32	15	6	9	7	3	0	7	4	1	2	2	3	7	1	4	2	1	1	0	2	1	2	1	4	6	4	1	5	2	3	3	4	6	1	5	0	0	3	0	1	4	3	3	4	4	4	1	3	0	0	2	1	1	1	2	1	0	1	1	2	0	0	1	2	1	0	2	2	0	3	1	0	3	1	0	1	2	2	2	4	3	1	1	1	0	0	0	3	1	3	2	3	3	2	0	2	3	1	1	4	2	3	4	13	6	4	5	2	7	13	5	3	5	1	0	3	2	3	4	4	4	0	1	1	2	1	2	7	8	10	14	18	15	13	10	16	9	9	10	10	12	40	0	53	14	8	13	3	4	2	5	5
0	0	0	0	0	0	0	1	0	0	0	0	0	0	0	1	0	0	0	0	0	0	0	0	0	1	0	0	0	0	0	0	1	0	0	0	0	0	0	0	1	1	0	0	0	2	1	1	0	1	1	0	0	0	0	0	1	0	0	1	0	1	1	0	2	0	0	0	0	0	0	0	0	0	1	0	0	1	2	2	2	1	0	0	0	1	3	0	2	1	1	2	0	0	1	1	0	0	0	0	0	0	0	0	1	0	0	1	1	0	0	1	0	1	1	0	0	0	0	0	0	0	0	0	0	0	0	0	1	1	0	0	0	0	1	0	3	0	0	2	0	0	1	1	1	1	0	1	1	2	1	0	0	3	1	2	0	2	1	1	0	3	0	1	0	0	0	0	0	1	1	1	0	2	1	2	3	0	1	3	2	3	0	2	2	0	0	2	1	1	4	3	0	2	1	0	0	3	0	0	0	1	0	0	1	0	0	1	0	2	1	0	1	1	2	2	1	3	1	0	0	5	3	2	0	4	2	0	2	2	1	0	1	1	2	3	1	2	0	0	1	0	1	2	1	0	2	0	0	0	0	1	1	1	0	1	0	1	1	0	1	1	0	0	2	4	1	0	0	0	0	2	3	3	2	1	2	0	2	1	2	0	2	1	0	1	0	2	1	1	4	1	0	0	2	0	0	4	2	0	1	3	1	3	1	1	0	0	2	1	0	1	2	2	1	1	1	1	2	0	0	1	1	3	1	0	1	1	2	1	0	1	4	2	6	9	15	8	16	13	19	8	8	8	6	6	6	2	10	9	5	2	2	2	1	2	6	1	2	6	4	1	4	1	3	2	1	6	6	3	2	0	1	6	1	2	1	1	4	0	4	5	2	1	2	3	2	0	0	0	4	2	1	0	2	1	2	0	0	1	1	0	1	1	0	1	0	2	0	0	1	1	1	0	1	3	2	4	2	3	4	2	0	1	3	1	3	0	1	3	2	0	2	3	3	3	1	7	6	4	6	7	7	3	2	5	3	2	3	1	3	1	0	2	2	1	0	3	2	2	0	2	1	2	5	5	5	11	9	19	17	11	11	6	13	9	1	5	9	53	0	86	23	13	10	5	6	4	8
0	0	0	0	0	0	0	0	0	0	0	0	0	1	0	0	0	0	2	1	0	0	0	0	0	0	0	0	1	1	0	0	0	0	0	0	1	0	0	0	0	1	1	1	1	0	0	0	0	0	0	0	1	0	1	1	0	1	0	1	0	1	2	0	0	1	0	0	0	0	0	0	0	0	0	0	1	0	0	1	0	0	1	0	0	1	0	1	0	0	0	0	0	0	1	0	1	0	1	0	1	1	1	0	0	0	1	1	1	0	1	0	0	0	0	1	0	1	0	1	0	1	0	0	0	0	0	0	0	1	0	0	1	0	0	0	1	0	1	0	1	1	2	2	0	0	0	1	1	1	2	1	0	1	1	1	0	1	0	0	2	1	0	1	2	1	0	0	3	1	0	3	1	2	2	1	0	0	0	2	0	0	0	0	2	1	1	3	1	2	1	1	1	1	0	1	1	1	1	0	2	1	1	0	1	0	0	1	1	0	1	1	0	2	0	2	4	1	1	1	0	1	2	1	1	4	1	1	0	2	0	2	0	0	1	1	0	0	1	0	1	0	1	2	0	0	0	0	1	0	0	3	1	3	0	1	0	0	0	1	1	0	0	0	1	1	0	4	1	0	0	2	0	2	0	1	0	1	0	0	0	1	2	0	3	1	1	5	0	0	1	4	3	0	0	3	2	0	1	1	0	2	0	4	0	1	0	0	0	1	1	1	1	1	0	0	0	0	1	0	1	1	1	0	3	1	1	1	2	2	0	2	2	4	3	9	9	5	8	8	13	11	11	35	10	13	10	5	10	9	5	8	2	6	3	1	6	4	4	3	9	5	4	2	3	1	4	1	2	1	1	3	0	5	1	2	3	2	1	1	1	2	2	2	0	1	0	1	1	0	0	0	1	0	1	1	0	1	2	0	1	3	0	0	0	0	3	1	3	1	2	1	2	2	4	2	0	0	1	1	0	0	0	0	2	2	1	1	2	1	3	2	3	4	4	3	3	3	5	4	11	5	8	4	2	1	1	2	3	2	1	3	2	1	4	3	5	4	1	0	2	2	2	3	4	7	2	6	7	12	10	3	9	4	4	2	1	3	9	14	86	0	97	21	4	7	6	6	19
0	0	0	0	0	0	0	0	0	0	1	0	0	0	0	0	0	0	0	0	1	0	0	1	0	0	0	0	0	0	0	0	0	0	0	0	0	1	0	0	0	0	0	1	1	0	2	0	0	0	1	0	2	0	0	0	0	0	0	0	0	0	0	0	1	0	0	0	0	0	0	0	0	0	0	0	0	1	1	1	0	0	0	0	0	0	3	1	0	3	1	0	1	0	0	0	1	0	0	0	0	0	0	0	0	0	0	0	0	0	0	0	0	0	0	1	0	0	0	0	0	0	0	0	0	0	0	0	2	0	0	0	0	1	0	0	1	1	0	0	1	2	1	0	1	0	0	0	1	1	0	0	1	0	0	1	1	0	2	0	0	0	2	2	0	2	2	0	1	0	0	0	0	0	1	1	0	1	1	1	0	0	1	0	2	0	0	1	1	4	1	2	0	0	4	0	1	1	1	0	1	0	1	1	1	0	1	2	1	0	0	1	0	0	1	0	0	1	1	2	2	1	2	3	1	0	0	2	0	2	2	2	2	1	1	0	0	0	0	2	0	0	1	1	1	0	0	1	0	1	0	0	1	0	1	0	0	0	0	0	2	3	1	0	0	0	0	1	1	2	0	0	0	5	2	0	0	1	0	0	0	0	0	0	2	1	2	1	0	1	0	1	3	2	2	1	1	1	2	2	1	1	1	0	3	1	1	0	1	0	2	1	2	0	0	1	1	0	0	0	0	2	1	2	1	1	0	0	2	1	2	1	1	3	3	1	5	8	11	8	24	16	4	35	18	27	8	7	13	17	9	4	3	4	2	2	2	1	4	9	2	2	3	2	3	3	3	2	7	1	3	1	2	2	1	3	2	1	1	2	1	3	3	0	0	1	1	1	1	0	0	0	1	0	1	0	1	0	0	0	2	2	1	1	0	0	0	1	1	1	1	2	2	2	4	0	0	3	1	1	0	1	0	1	0	1	1	3	3	2	2	5	1	4	3	4	8	7	9	13	15	4	5	6	3	3	1	2	0	2	2	1	2	1	1	1	3	2	0	1	2	2	1	2	1	4	7	7	18	12	9	9	4	4	5	2	2	2	8	8	23	97	0	49	5	3	8	13	26
0	0	0	0	0	0	0	0	0	0	1	0	0	1	0	0	1	0	0	0	0	0	0	1	0	0	0	0	1	0	0	1	0	0	0	1	1	0	1	1	2	1	2	0	0	0	0	1	2	0	1	0	1	0	2	0	0	1	0	0	0	0	0	0	0	0	2	0	0	0	0	1	0	0	1	0	0	0	1	1	0	0	1	0	0	0	1	1	0	1	1	1	1	1	1	1	0	1	0	0	1	0	0	0	0	0	0	0	0	1	0	0	1	0	0	1	0	0	0	0	0	0	0	0	1	0	1	1	0	0	0	0	0	0	0	1	0	0	0	0	1	0	1	0	1	1	2	1	0	0	0	1	0	0	0	2	0	0	0	2	1	0	0	3	2	1	1	1	0	0	0	0	1	0	1	1	1	1	0	0	1	1	0	0	1	0	0	1	2	2	1	1	0	0	2	0	1	2	0	0	1	1	1	0	2	0	0	0	1	0	0	2	1	3	1	1	3	5	1	1	2	0	2	0	3	1	1	0	0	1	0	0	2	0	0	0	0	1	0	0	1	0	0	0	1	0	0	0	0	1	1	0	1	3	1	0	0	0	0	1	1	1	4	0	0	1	0	2	2	0	0	1	1	0	2	1	1	0	1	0	0	1	1	1	0	1	0	1	2	0	0	3	0	3	3	0	1	3	3	1	1	1	2	1	0	0	1	0	0	0	0	0	1	0	0	0	1	2	1	1	1	1	1	0	1	3	0	0	0	1	0	2	1	2	3	0	4	3	9	1	11	2	10	13	11	14	6	2	7	6	7	4	1	0	4	2	3	0	1	4	6	4	2	3	4	4	1	9	1	0	1	1	2	1	2	3	2	1	2	3	0	3	2	1	2	0	0	2	0	0	0	0	0	1	0	2	0	0	0	0	2	2	2	1	1	0	1	3	1	0	1	1	0	1	4	1	0	1	1	1	0	1	1	0	1	1	0	2	1	6	1	0	0	1	1	3	4	8	4	7	16	9	8	8	5	5	10	2	1	2	1	1	2	1	3	1	1	1	1	1	1	2	1	1	0	3	3	6	11	20	7	5	1	1	5	2	5	2	5	13	13	21	49	0	36	16	21	30	23
0	0	0	0	0	0	0	0	0	1	0	0	1	0	0	0	0	0	0	0	0	0	0	0	1	1	0	0	0	0	1	0	0	0	0	0	1	1	0	1	0	0	1	0	0	0	1	1	1	1	0	1	1	0	0	1	0	0	2	0	0	0	0	1	1	1	0	0	0	0	0	0	0	1	0	0	0	0	1	0	0	0	1	1	1	2	1	3	1	2	2	0	1	0	1	0	0	0	0	1	1	0	0	1	1	0	0	0	0	0	0	2	1	0	0	0	0	0	1	0	0	0	0	0	0	0	0	1	0	0	0	0	0	0	1	0	0	0	0	0	1	0	0	1	0	2	1	2	0	0	1	2	1	0	1	0	0	1	0	1	1	0	0	0	0	0	0	0	0	0	0	0	0	1	0	1	0	0	0	0	1	0	0	0	1	0	1	0	2	3	1	1	0	2	0	0	0	2	0	2	0	0	1	1	0	0	2	1	0	0	0	0	2	0	0	3	1	2	0	1	1	1	1	0	1	3	2	3	3	0	0	0	4	0	2	2	1	0	1	0	1	0	0	0	1	0	2	3	0	0	0	0	0	1	0	0	1	1	1	1	1	0	0	0	0	0	0	0	1	0	0	0	0	1	1	0	2	0	0	0	0	0	0	2	1	0	0	1	1	1	0	1	0	0	2	0	2	0	1	1	1	1	0	0	0	0	0	1	0	1	0	0	0	0	0	0	0	1	0	0	0	1	1	0	1	0	0	0	0	2	1	3	1	1	2	1	6	2	1	5	3	2	4	2	9	5	2	2	3	5	4	1	3	0	0	0	3	0	1	1	4	3	3	1	0	2	2	6	0	0	0	3	3	0	1	0	1	0	2	0	0	4	0	3	0	1	1	2	0	1	0	0	0	1	0	2	2	0	2	1	1	0	0	1	0	0	1	0	0	2	0	0	1	0	2	1	3	0	1	0	0	1	0	1	0	2	1	2	0	2	4	0	0	2	0	2	4	2	2	9	8	15	14	13	8	4	8	1	6	0	3	1	0	2	1	1	2	0	1	1	0	2	1	0	1	3	8	4	6	8	5	5	2	0	2	3	3	5	7	3	10	4	5	36	0	111	42	12	11
0	0	0	0	0	0	0	0	2	0	0	0	0	0	0	2	0	0	1	0	0	0	0	1	0	0	0	0	0	0	2	0	1	1	1	1	0	0	1	0	0	0	0	1	2	1	0	1	0	0	1	1	0	0	1	2	0	0	0	0	1	1	0	0	0	0	1	1	0	0	1	1	0	0	0	0	1	0	1	1	0	0	1	0	1	1	1	3	1	1	1	0	0	0	0	0	0	0	0	2	0	0	1	0	0	2	1	0	0	1	0	0	0	1	0	1	0	0	0	1	1	0	0	0	0	0	0	2	0	0	0	0	1	0	1	1	0	1	1	1	0	0	0	0	3	0	1	1	0	4	2	1	0	0	2	0	0	0	0	1	2	1	0	0	0	2	1	1	1	0	0	1	0	1	0	0	0	0	0	0	1	1	0	0	0	1	0	0	3	0	2	2	1	0	0	2	0	1	0	1	0	0	0	0	1	0	1	2	0	1	0	1	0	1	2	0	1	2	1	0	2	1	0	4	2	1	0	0	2	2	1	0	0	1	1	1	0	0	0	1	0	1	0	1	0	0	0	0	0	2	1	1	1	0	1	0	0	0	0	0	0	1	0	3	0	0	1	0	0	2	1	3	0	1	1	1	0	0	1	1	0	1	0	1	0	0	2	0	1	0	0	1	0	1	0	0	0	0	1	0	1	1	2	2	1	0	1	1	0	1	1	0	0	0	0	1	1	0	0	1	2	0	0	2	3	0	2	0	1	1	1	1	4	2	1	2	1	3	4	3	4	3	0	4	5	4	0	0	2	2	2	0	1	0	0	1	2	1	1	2	1	3	2	5	1	5	2	4	0	2	3	3	2	1	2	1	2	1	2	1	2	2	0	1	0	4	1	0	0	1	1	0	0	0	0	0	1	0	1	0	0	2	0	0	0	0	1	0	1	3	2	0	0	1	3	0	0	0	2	2	2	1	1	0	0	0	1	0	2	1	2	0	2	2	2	0	3	2	5	4	3	13	12	15	5	9	9	2	3	5	2	2	1	1	3	3	2	1	1	2	0	2	0	0	4	3	6	4	13	4	6	4	1	0	2	2	1	2	4	4	5	7	3	16	111	0	26	11	3
0	0	0	0	0	0	0	1	0	0	0	0	0	0	0	0	1	0	0	0	0	0	0	0	1	0	0	0	0	0	0	0	0	0	0	0	0	0	0	0	0	0	1	1	0	0	0	0	0	1	0	1	1	0	1	1	1	1	0	1	0	0	0	1	0	1	0	0	0	0	0	0	0	0	0	0	1	0	0	1	1	0	1	1	2	0	0	3	3	0	0	0	1	1	1	1	0	0	0	1	0	0	0	1	0	0	0	3	0	1	0	0	0	0	0	0	0	0	0	0	0	0	0	0	0	1	0	0	0	2	0	1	0	0	0	0	0	0	0	0	1	1	0	1	0	3	1	3	1	2	1	0	1	0	0	0	0	0	0	0	0	0	0	1	0	0	1	1	0	0	1	1	0	0	1	0	0	0	1	2	1	0	0	0	0	1	0	0	3	1	1	0	2	0	0	0	0	1	1	0	0	1	1	0	0	0	0	0	0	0	2	1	1	0	0	0	3	0	5	1	0	2	0	1	2	1	0	0	0	1	0	0	0	0	0	0	1	0	0	0	1	0	0	0	1	0	0	0	0	0	0	0	1	3	1	1	0	0	0	0	0	0	0	0	2	0	0	0	1	2	1	2	0	1	0	1	0	0	0	1	1	0	0	0	0	0	0	0	1	0	1	0	0	0	1	1	1	1	1	1	0	0	0	1	2	0	0	0	0	0	1	1	0	0	1	0	0	1	0	1	1	0	0	0	0	1	0	0	0	0	0	2	2	1	0	1	1	1	7	4	2	3	3	4	7	3	4	2	2	4	4	1	4	1	2	1	2	5	0	2	3	2	2	2	2	4	3	2	6	2	2	3	1	1	2	1	0	1	2	2	0	0	1	0	0	1	0	0	0	0	0	0	0	0	2	1	0	2	0	1	0	2	0	0	1	1	1	0	1	1	2	1	0	0	1	1	2	2	3	1	1	0	0	0	0	0	0	2	2	0	2	0	1	3	2	3	2	5	3	6	19	33	16	25	7	3	5	3	2	3	1	0	2	0	0	0	0	0	2	0	1	1	0	1	3	4	3	7	13	7	10	5	5	4	0	3	1	1	5	2	6	6	8	21	42	26	0	32	9
0	0	0	0	0	0	0	0	0	0	0	0	0	0	0	0	0	0	0	0	0	1	1	0	0	0	0	0	0	0	0	0	0	0	0	0	0	0	0	0	0	0	1	0	2	0	0	0	1	0	0	1	0	1	0	0	1	1	0	0	0	1	0	0	0	0	0	0	0	0	0	0	0	1	0	0	0	0	0	0	1	0	0	0	2	0	0	1	0	0	0	0	1	0	0	0	1	0	2	0	1	1	0	0	0	0	1	0	2	0	1	0	0	0	0	0	0	0	0	0	0	0	0	0	0	0	0	0	0	0	0	0	0	0	0	0	0	0	0	0	0	0	0	0	0	1	0	0	1	0	0	2	0	0	1	0	0	0	0	0	0	0	1	0	1	0	1	0	0	1	1	0	0	0	1	0	1	1	0	1	0	0	1	1	0	0	0	0	0	2	1	0	0	0	2	0	0	1	0	0	1	2	1	1	1	0	0	0	0	0	0	0	0	1	0	2	0	3	0	0	1	1	1	1	0	3	1	0	0	1	0	1	0	1	0	2	0	1	0	1	0	0	0	0	0	1	0	2	0	1	0	0	3	0	0	0	0	0	0	0	0	0	0	1	0	0	0	0	0	2	2	2	0	0	2	2	0	1	0	0	0	0	0	1	0	1	0	2	0	2	1	5	0	0	1	2	0	2	0	1	0	1	0	1	2	2	1	1	0	1	0	0	0	0	0	0	1	1	0	0	0	1	1	1	0	0	3	1	0	2	0	0	0	1	0	0	5	1	1	2	3	5	7	5	13	10	1	4	2	7	5	7	3	3	1	0	1	2	1	1	3	1	3	1	5	5	1	4	2	1	0	2	2	3	0	1	0	0	3	3	2	4	0	0	0	1	1	1	0	0	0	0	2	1	0	1	3	1	0	1	0	0	1	0	5	0	1	0	1	1	2	1	3	1	2	0	2	0	1	1	0	0	1	0	1	0	0	1	1	0	2	2	2	2	2	1	5	2	9	11	24	13	15	9	3	1	3	2	2	2	1	2	2	2	1	2	1	1	0	1	0	1	1	1	1	1	1	1	6	9	5	2	4	2	4	1	3	0	4	5	4	6	13	30	12	11	32	0	30
0	0	0	0	0	0	0	0	0	0	0	0	0	0	0	0	0	0	0	1	0	0	0	0	0	0	0	0	0	0	0	0	0	0	0	0	0	0	0	0	1	1	1	0	0	1	0	1	0	0	1	0	0	0	0	0	0	0	0	0	1	0	0	0	0	1	0	2	1	1	0	0	0	0	1	0	0	1	0	1	1	0	0	0	0	0	0	0	1	0	1	0	0	0	0	0	0	0	2	0	1	0	0	1	0	1	0	0	0	0	0	1	0	0	0	0	0	1	0	0	0	0	0	0	0	0	0	0	0	1	0	0	0	0	0	0	1	1	1	0	0	1	0	1	0	1	1	1	0	2	0	1	0	1	0	0	2	1	0	1	1	0	1	1	0	1	0	0	0	0	2	0	1	0	0	1	0	2	0	0	0	0	0	0	1	0	0	1	0	1	0	0	3	0	0	0	0	1	0	1	0	0	0	1	0	0	1	0	0	2	1	0	1	2	0	0	1	3	0	1	2	0	0	1	2	1	0	1	1	3	0	0	0	0	0	0	0	0	0	0	0	1	0	1	1	1	1	0	0	2	0	1	0	0	0	1	0	0	0	1	0	0	0	0	0	2	4	1	1	0	1	0	0	1	1	0	2	0	3	2	0	0	2	2	0	0	1	2	4	0	2	3	1	3	2	1	2	1	1	5	1	1	3	0	0	0	0	1	0	3	0	0	0	0	0	2	0	3	1	0	1	0	0	1	0	0	1	1	0	2	1	0	0	1	2	0	1	2	3	2	5	5	7	9	18	20	9	4	5	12	16	6	6	3	1	7	6	3	3	6	7	5	2	7	5	3	4	0	5	3	0	1	1	1	1	4	1	3	1	4	0	1	1	0	1	0	0	1	1	0	0	0	2	0	0	0	2	0	0	0	2	2	1	3	2	0	0	1	2	1	0	1	1	0	2	2	1	3	1	1	0	0	1	0	1	1	2	1	4	2	4	1	2	1	2	4	8	3	6	11	25	5	5	4	0	3	2	1	2	5	0	1	1	0	1	0	1	0	0	0	0	0	1	0	2	4	3	5	9	7	7	2	3	1	5	0	1	2	1	5	8	19	26	23	11	3	9	30	0
