0	0	0	0	0	0	0	0	0	0	0	0	0	0	0	0	0	0	0	0	0	0	0	0	0	0	0	0	0	0	0	0	0	0	0	0	0	0	0	0	0	0	0	0	0	0	0	0	0	0	0	0	0	0	0	0	0	0	0	0	0	0	0	0	0	0	0	0	0	0	0	0	0	0	0	0	0	0	0	0	0	0	0	0	0	0	0	0	0	0	0	0	0	0	0	0	0	0	0	0	0	0	0	0	0	0	0	0	0	0	0	0	0	0	0	0	0	0	0	0	0	0	0	0	0	0	0	0	0	0	0	0	0	0	0	0	0	0	0	0	0	0	0	0	0	0	0	0	0	0	0	0	0	0	0	0	0	0	0	0	0	0	0	0	0	0	0	0	0	0	0	0	0	0	0	0	0	0	0	0	0	0	0	0	0	0	0	0	0	0	0	0	0	0	0	0	0	0	0	0	0	0	0	0	0	0	0	0	0	0	0	0	0	0	0	0	0	0	0	0	0	0	0	0	0	0	0	0	0	0	0	0	0	0	0	0	0	0	0	0	0	0	0	0	0	0	0	0	0	0	0	0	0	0	0	0	0	0	0	0	0	0	0	0	0	0	0	0	0	0	0	0	0	0	0	0	0	0	0	0	0	0	0	0	0	0	0	0	0	0	0	0	0	0	0	0	0	0	0	0	0	0	0	0	0	0	0	0	0	0	0	0	0	0	0	0	0	0	0	0	0	0	0	0	0	0	0	0	0	0	0	0	0	0	0	0	0	0	0	0	0	0	0	0	0	0	0	0	0	0	0	0	0	0	0	0	0	0	0	0	0	0	0	0	0	0	0	0	0	0	0	0	0	0	0	0	0	0	0	0	0	0	0	0	0	0	0	0	0	0	0	0	0	0	0	0	0	0	0	0	0	0	0	0	0	0	0	0	0	0	0	0	0	0	0	0	0	0	0	0	0	0	0	0	0	0	0	0	0	0	0	0	0	0	0	0	0	0	0	0	0	0	0	0	0	0	0	0	0	0	0	0	0	0	0	0	0	0	0	0	0	0	0	0	0	0	0	0	0	0	0	0	0	0	0	0	0	0	0	0	0	0	0	0	0	0	0	0	0
0	0	0	0	0	0	0	0	0	0	0	0	0	0	0	0	0	0	0	0	0	0	0	0	0	0	0	0	0	0	0	0	0	0	0	0	0	0	0	0	0	0	0	0	0	0	0	0	0	0	0	0	0	0	0	0	0	0	0	0	0	0	0	0	0	0	0	0	0	0	0	0	0	0	0	0	0	0	0	0	0	0	0	0	0	0	0	0	0	0	0	0	0	0	0	0	0	0	0	0	0	0	0	0	0	0	0	0	0	0	0	0	0	0	0	0	0	0	0	0	0	0	0	0	0	0	0	0	0	0	0	0	0	0	0	0	0	0	0	0	0	0	0	0	0	0	0	0	0	0	0	0	0	0	0	0	0	0	0	0	0	0	0	0	0	0	0	0	0	0	0	0	0	0	0	0	0	0	0	0	0	0	0	0	0	0	0	0	0	0	0	0	0	0	0	0	0	0	0	0	0	0	0	0	0	0	0	0	0	0	0	0	0	0	0	0	0	0	0	0	0	0	0	0	0	0	0	0	0	0	0	0	0	0	0	0	0	0	0	0	0	0	0	0	0	0	0	0	0	0	0	0	0	0	0	0	0	0	0	0	0	0	0	0	0	0	0	0	0	0	0	0	0	0	0	0	0	0	0	0	0	0	0	0	0	0	0	0	0	0	0	0	0	0	0	0	0	0	0	0	0	0	0	0	0	0	0	0	0	0	0	0	0	0	0	0	0	0	0	0	0	0	0	0	0	0	0	0	0	0	0	0	0	0	0	0	0	0	0	0	0	0	0	0	0	0	0	0	0	0	0	0	0	0	0	0	0	0	0	0	0	0	0	0	0	0	0	0	0	0	0	0	0	0	0	0	0	0	0	0	0	0	0	0	0	0	0	0	0	0	0	0	0	0	0	0	0	0	0	0	0	0	0	0	0	0	0	0	0	0	0	0	0	0	0	0	0	0	0	0	0	0	0	0	0	0	0	0	0	0	0	0	0	0	0	0	0	0	0	0	0	0	0	0	0	0	0	0	0	0	0	0	0	0	0	0	0	0	0	0	0	0	0	0	0	0	0	0	0	0	0	0	0	0	0	0	0	0	0	0	0	0	0	0	0	0	0	0	0
0	0	0	0	0	0	0	0	0	0	0	0	0	0	0	0	0	0	0	0	0	0	0	0	0	0	0	0	0	0	0	0	0	0	0	0	0	0	0	0	0	0	0	0	0	0	0	0	0	0	0	0	0	0	0	0	0	0	0	0	0	0	0	0	0	0	0	0	0	0	0	0	0	0	0	0	0	0	0	0	0	0	0	0	0	0	0	0	0	0	0	0	0	0	0	0	0	0	0	0	0	0	0	0	0	0	0	0	0	0	0	0	0	0	0	0	0	0	0	0	0	0	0	0	0	0	0	0	0	0	0	0	0	0	0	0	0	0	0	0	0	0	0	0	0	0	0	0	0	0	0	0	0	0	0	0	0	0	0	0	0	0	0	0	0	0	0	0	0	0	0	0	0	0	0	0	0	0	0	0	0	0	0	0	0	0	0	0	0	0	0	0	0	0	0	0	0	0	0	0	0	0	0	0	0	0	0	0	0	0	0	0	0	0	0	0	0	0	0	0	0	0	0	0	0	0	0	0	0	0	0	0	0	0	0	0	0	0	0	0	0	0	0	0	0	0	0	0	0	0	0	0	0	0	0	0	0	0	0	0	0	0	0	0	0	0	0	0	0	0	0	0	0	0	0	0	0	0	0	0	0	0	0	0	0	0	0	0	0	0	0	0	0	0	0	0	0	0	0	0	0	0	0	0	0	0	0	0	0	0	0	0	0	0	0	0	0	0	0	0	0	0	0	0	0	0	0	0	0	0	0	0	0	0	0	0	0	0	0	0	0	0	0	0	0	0	0	0	0	0	0	0	0	0	0	0	0	0	0	0	0	0	0	0	0	0	0	0	0	0	0	0	0	0	0	0	0	0	0	0	0	0	0	0	0	0	0	0	0	0	0	0	0	0	0	0	0	0	0	0	0	0	0	0	0	0	0	0	0	0	0	0	0	0	0	0	0	0	0	0	0	0	0	0	0	0	0	0	0	0	0	0	0	0	0	0	0	0	0	0	0	0	0	0	0	0	0	0	0	0	0	0	0	0	0	0	0	0	0	0	0	0	0	0	0	0	0	0	0	0	0	0	0	0	0	0	0	0	0	0	0	0	0	0	0	0	0	0	0
0	0	0	0	0	0	0	0	0	0	0	0	0	0	0	0	0	0	0	0	0	0	0	0	0	0	0	0	0	0	0	0	0	0	0	0	0	0	0	0	0	0	0	0	0	0	0	0	0	0	0	0	0	0	0	0	0	0	0	0	0	0	0	0	0	0	0	0	0	0	0	0	0	0	0	0	0	0	0	0	0	0	0	0	0	0	0	0	0	0	0	0	0	0	0	0	0	0	0	0	0	0	0	0	0	0	0	0	0	0	0	0	0	0	0	0	0	0	0	0	0	0	0	0	0	0	0	0	0	0	0	0	0	0	0	0	0	0	0	0	0	0	0	0	0	0	0	0	0	0	0	0	0	0	0	0	0	0	0	0	0	0	0	0	0	0	0	0	0	0	0	0	0	0	0	0	0	0	0	0	0	0	0	0	0	0	0	0	0	0	0	0	0	0	0	0	0	0	0	0	0	0	0	0	0	0	0	0	0	0	0	0	0	0	0	0	0	0	0	0	0	0	0	0	0	0	0	0	0	0	0	0	0	0	0	0	0	0	0	0	0	0	0	0	0	0	0	0	0	0	0	0	0	0	0	0	0	0	0	0	0	0	0	0	0	0	0	0	0	0	0	0	0	0	0	0	0	0	0	0	0	0	0	0	0	0	0	0	0	0	0	0	0	0	0	0	0	0	0	0	0	0	0	0	0	0	0	0	0	0	0	0	0	0	0	0	0	0	0	0	0	0	0	0	0	0	0	0	0	0	0	0	0	0	0	0	0	0	0	0	0	0	0	0	0	0	0	0	0	0	0	0	0	0	0	0	0	0	0	0	0	0	0	0	0	0	0	0	0	0	0	0	0	0	0	0	0	0	0	0	0	0	0	0	0	0	0	0	0	0	0	0	0	0	0	0	0	0	0	0	0	0	0	0	0	0	0	0	0	0	0	0	0	0	0	0	0	0	0	0	0	0	0	0	0	0	0	0	0	0	0	0	0	0	0	0	0	0	0	0	0	0	0	0	0	0	0	0	0	0	0	0	0	0	0	0	0	0	0	0	0	0	0	0	0	0	0	0	0	0	0	0	0	0	0	0	0	0	0	0	0	0	0	0	0	0	0	0	0
0	0	0	0	0	0	0	0	0	0	0	0	0	0	0	0	0	0	0	0	0	0	0	0	0	0	0	0	0	0	0	0	0	0	0	0	0	0	0	0	0	0	0	0	0	0	0	0	0	0	0	0	0	0	0	0	0	0	0	0	0	0	0	0	0	0	0	0	0	0	0	0	0	0	0	0	0	0	0	0	0	0	0	0	0	0	0	0	0	0	0	0	0	0	0	0	0	0	0	0	0	0	0	0	0	0	0	0	0	0	0	0	0	0	0	0	0	0	0	0	0	0	0	0	0	0	0	0	0	0	0	0	0	0	0	0	0	0	0	0	0	0	0	0	0	0	0	0	0	0	0	0	0	0	0	0	0	0	0	0	0	0	0	0	0	0	0	0	0	0	0	0	0	0	0	0	0	0	0	0	0	0	0	0	0	0	0	0	0	0	0	0	0	0	0	0	0	0	0	0	0	0	0	0	0	0	0	0	0	0	0	0	0	0	0	0	0	0	0	0	0	0	0	0	0	0	0	0	0	0	0	0	0	0	0	0	0	0	0	0	0	0	0	0	0	0	0	0	0	0	0	0	0	0	0	0	0	0	0	0	0	0	0	0	0	0	0	0	0	0	0	0	0	0	0	0	0	0	0	0	0	0	0	0	0	0	0	0	0	0	0	0	0	0	0	0	0	0	0	0	0	0	0	0	0	0	0	0	0	0	0	0	0	0	0	0	0	0	0	0	0	0	0	0	0	0	0	0	0	0	0	0	0	0	0	0	0	0	0	0	0	0	0	0	0	0	0	0	0	0	0	0	0	0	0	0	0	0	0	0	0	0	0	0	0	0	0	0	0	0	0	0	0	0	0	0	0	0	0	0	0	0	0	0	0	0	0	0	0	0	0	0	0	0	0	0	0	0	0	0	0	0	0	0	0	0	0	0	0	0	0	0	0	0	0	0	0	0	0	0	0	0	0	0	0	0	0	0	0	0	0	0	0	0	0	0	0	0	0	0	0	0	0	0	0	0	0	0	0	0	0	0	0	0	0	0	0	0	0	0	0	0	0	0	0	0	0	0	0	0	0	0	0	0	0	0	0	0	0	0	0	0	0	0	0	0	0	0	0
0	0	0	0	0	0	0	0	0	0	0	0	0	0	0	0	0	0	0	0	0	0	0	0	0	0	0	0	0	0	0	0	0	0	0	0	0	0	0	0	0	0	0	0	0	0	0	0	0	0	0	0	0	0	0	0	0	0	0	0	0	0	0	0	0	0	0	0	0	0	0	0	0	0	0	0	0	0	0	0	0	0	0	0	0	0	0	0	0	0	0	0	0	0	0	0	0	0	0	0	0	0	0	0	0	0	0	0	0	0	0	0	0	0	0	0	0	0	0	0	0	0	0	0	0	0	0	0	0	0	0	0	0	0	0	0	0	0	0	0	0	0	0	0	0	0	0	0	0	0	0	0	0	0	0	0	0	0	0	0	0	0	0	0	0	0	0	0	0	0	0	0	0	0	0	0	0	0	0	0	0	0	0	0	0	0	0	0	0	0	0	0	0	0	0	0	0	0	0	0	0	0	0	0	0	0	0	0	0	0	0	0	0	0	0	0	0	0	0	0	0	0	0	0	0	0	0	0	0	0	0	0	0	0	0	0	0	0	0	0	0	0	0	0	0	0	0	0	0	0	0	0	0	0	0	0	0	0	0	0	0	0	0	0	0	0	0	0	0	0	0	0	0	0	0	0	0	0	0	0	0	0	0	0	0	0	0	0	0	0	0	0	0	0	0	0	0	0	0	0	0	0	0	0	0	0	0	0	0	0	0	0	0	0	0	0	0	0	0	0	0	0	0	0	0	0	0	0	0	0	0	0	0	0	0	0	0	0	0	0	0	0	0	0	0	0	0	0	0	0	0	0	0	0	0	0	0	0	0	0	0	0	0	0	0	0	0	0	0	0	0	0	0	0	0	0	0	0	0	0	0	0	0	0	0	0	0	0	0	0	0	0	0	0	0	0	0	0	0	0	0	0	0	0	0	0	0	0	0	0	0	0	0	0	0	0	0	0	0	0	0	0	0	0	0	0	0	0	0	0	0	0	0	0	0	0	0	0	0	0	0	0	0	0	0	0	0	0	0	0	0	0	0	0	0	0	0	0	0	0	0	0	0	0	0	0	0	0	0	0	0	0	0	0	0	0	0	0	0	0	0	0	0	0	0	0	0	0	0
0	0	0	0	0	0	0	0	0	0	0	0	0	0	0	0	0	0	0	0	0	0	0	0	0	0	0	0	0	0	0	0	0	0	0	0	0	0	0	0	0	0	0	0	0	0	0	0	0	0	0	0	0	0	0	0	0	0	0	0	0	0	0	0	0	0	0	0	0	0	0	0	0	0	0	0	0	0	0	0	0	0	0	0	0	0	0	0	0	0	0	0	0	0	0	0	0	0	0	0	0	0	0	0	0	0	0	0	0	0	0	0	0	0	0	0	0	0	0	0	0	0	0	0	0	0	0	0	0	0	0	0	0	0	0	0	0	0	0	0	0	0	0	0	0	0	0	0	0	0	0	0	0	0	0	0	0	0	0	0	0	0	0	0	0	0	0	0	0	0	0	0	0	0	0	0	0	0	0	0	0	0	0	0	0	0	0	0	0	0	0	0	0	0	0	0	0	0	0	0	0	0	0	0	0	0	0	0	0	0	0	0	0	0	0	0	0	0	0	0	0	0	0	0	0	0	0	0	0	0	0	0	0	0	0	0	0	0	0	0	0	0	0	0	0	0	0	0	0	0	0	0	0	0	0	0	0	0	0	0	0	0	0	0	0	0	0	0	0	0	0	0	0	0	0	0	0	0	0	0	0	0	0	0	0	0	0	0	0	0	0	0	0	0	0	0	0	0	0	0	0	0	0	0	0	0	0	0	0	0	0	0	0	0	0	0	0	0	0	0	0	0	0	0	0	0	0	0	0	0	0	0	0	0	0	0	0	0	0	0	0	0	0	0	0	0	0	0	0	0	0	0	0	0	0	0	0	0	0	0	0	0	0	0	0	0	0	0	0	0	0	0	0	0	0	0	0	0	0	0	0	0	0	0	0	0	0	0	0	0	0	0	0	0	0	0	0	0	0	0	0	0	0	0	0	0	0	0	0	0	0	0	0	0	0	0	0	0	0	0	0	0	0	0	0	0	0	0	0	0	0	0	0	0	0	0	0	0	0	0	0	0	0	0	0	0	0	0	0	0	0	0	0	0	0	0	0	0	0	0	0	0	0	0	0	0	0	0	0	0	0	0	0	0	0	0	0	0	0	0	0	0	0	0	0	0	0	0	0
0	0	0	0	0	0	0	0	28	11	6	2	8	5	2	2	6	1	2	2	4	1	0	2	0	1	4	0	1	2	1	1	0	1	0	4	2	0	0	0	0	2	2	2	3	1	1	0	2	0	1	5	4	1	7	10	9	0	2	8	10	7	7	4	4	3	2	3	2	6	0	2	2	0	1	2	3	2	5	2	4	6	0	2	1	0	3	7	3	3	1	0	0	3	1	1	0	0	1	1	0	1	1	0	1	0	1	2	1	0	0	1	0	2	0	1	1	0	0	1	1	1	0	2	0	1	0	0	1	0	1	0	1	0	0	0	1	1	0	0	1	0	0	1	0	0	0	0	0	0	0	0	0	0	0	0	0	1	0	0	0	0	1	0	1	0	0	0	1	1	0	1	2	2	0	0	1	0	0	1	2	0	1	1	0	1	2	1	1	0	0	0	2	0	0	1	0	0	0	0	0	0	1	0	0	0	0	0	0	2	0	0	0	1	1	0	0	1	1	0	0	0	0	0	0	0	0	0	1	0	1	1	0	0	0	0	0	0	0	0	0	0	0	0	0	0	0	0	0	0	0	0	0	0	2	0	0	0	0	0	0	0	0	0	0	0	0	1	0	0	0	0	0	1	1	0	1	1	0	0	0	3	1	0	0	0	0	0	0	1	0	1	0	1	1	0	0	2	0	1	1	0	0	0	0	0	0	1	0	0	1	0	0	0	0	0	0	0	0	1	0	0	0	0	0	0	0	0	1	0	0	0	0	0	0	0	1	1	1	0	1	1	0	0	0	0	0	0	2	0	0	2	2	0	0	2	0	0	0	0	1	1	0	0	0	0	0	1	1	0	0	0	1	0	0	0	0	0	0	1	0	0	0	0	0	0	0	1	0	0	0	0	0	0	0	0	0	0	0	0	0	1	0	1	0	0	0	0	0	1	0	0	0	0	0	0	0	0	0	0	0	0	0	0	0	0	1	0	0	0	0	0	0	0	0	1	0	1	0	1	1	0	0	0	0	0	1	0	0	0	2	0	2	1	1	0	0	0	0	1	0	0	1	0	0	1	0	0	0	0	0	1	0	0	0	0	0	0	0	0	0	0	0	0	1	0	0	0	0
0	0	0	0	0	0	0	28	0	32	14	10	7	7	8	4	0	3	3	1	1	1	1	3	2	1	0	0	0	0	0	1	1	1	0	1	2	1	1	2	2	4	1	2	3	3	1	1	3	1	0	2	0	3	4	6	3	3	6	7	7	7	4	8	2	2	0	1	2	1	4	2	2	1	0	5	3	5	2	2	1	5	3	1	2	3	5	3	4	2	1	3	0	1	0	0	2	0	1	0	0	0	0	1	1	0	1	1	0	1	1	0	1	0	0	1	1	2	1	2	1	0	1	1	0	0	0	0	0	0	0	0	0	1	1	0	0	0	1	0	0	0	1	1	0	0	2	0	0	0	0	2	0	1	0	0	0	0	1	1	0	0	0	0	0	2	0	0	1	1	0	0	1	1	1	0	1	2	0	0	0	0	0	1	1	0	2	1	2	0	0	0	1	0	0	1	0	0	0	0	0	0	0	1	0	0	1	0	3	0	0	0	2	0	0	0	0	1	0	0	0	1	0	0	1	2	1	0	0	0	0	1	1	0	0	0	0	1	0	0	0	0	1	0	1	1	0	0	0	0	0	0	1	0	0	0	1	1	0	0	0	0	0	1	0	0	0	0	0	0	0	1	0	1	0	0	0	0	0	0	0	0	0	1	1	0	0	1	0	1	1	0	0	0	0	1	1	0	0	1	0	0	1	0	0	0	1	0	0	0	0	0	0	2	0	0	0	0	0	0	2	0	0	0	0	0	0	0	0	0	1	2	0	1	0	1	2	1	1	0	1	0	1	0	2	0	0	0	0	1	0	0	0	0	0	0	0	0	0	0	0	0	0	0	0	0	0	0	0	1	1	0	0	1	0	0	0	0	0	0	0	0	0	0	0	0	0	0	0	0	0	0	0	0	0	0	0	0	0	2	0	0	0	0	0	0	0	0	0	1	0	0	0	0	0	0	0	1	0	0	0	0	0	0	1	0	3	1	0	0	0	0	0	0	2	0	0	0	0	1	0	0	0	1	0	0	1	1	0	0	0	0	2	2	0	0	0	0	0	0	0	1	1	1	1	0	0	0	0	0	1	0	0	0	0	0	0	0	0	0	0	0	0	0	0	0	0	1	0
0	0	0	0	0	0	0	11	32	0	77	44	15	9	16	3	0	2	2	2	1	4	0	1	2	1	1	1	0	0	2	1	0	0	2	0	3	1	0	0	2	3	1	6	3	2	2	0	2	1	3	3	2	3	3	4	6	5	2	9	12	7	4	2	7	7	3	4	2	5	5	4	0	0	4	5	7	3	9	6	4	8	2	3	0	3	1	3	2	0	3	0	2	0	1	0	1	0	1	0	1	0	3	0	1	3	1	0	1	1	2	1	3	1	0	0	0	0	1	0	1	0	1	2	0	0	1	1	0	2	1	0	1	0	0	0	0	3	0	0	0	0	0	0	0	2	0	0	0	0	0	1	0	0	1	0	1	2	1	0	0	2	1	1	1	0	0	0	0	0	0	0	0	0	1	1	1	2	1	1	0	0	0	0	0	0	1	0	0	1	0	0	0	0	1	0	0	0	0	0	0	0	0	0	2	1	0	0	0	0	1	0	0	0	1	0	0	0	0	0	0	1	0	0	1	0	0	0	0	0	0	2	1	0	2	0	0	0	0	0	0	0	0	0	1	1	0	1	1	1	0	0	0	0	0	1	0	2	0	1	0	0	0	0	0	0	0	0	0	0	0	0	0	0	1	0	0	0	0	0	0	0	0	0	0	0	0	0	1	0	1	0	0	0	0	1	0	0	0	1	0	0	3	1	0	0	0	0	0	0	0	1	0	0	0	1	1	0	3	0	1	0	0	0	0	0	1	0	0	1	0	1	2	0	0	0	0	0	0	2	1	0	0	0	1	1	0	0	0	0	0	0	0	0	0	0	0	0	0	0	0	0	1	0	0	0	0	0	0	0	0	0	0	0	0	1	0	0	1	0	1	1	0	0	0	0	0	0	0	0	0	0	1	1	0	0	0	0	0	0	0	0	0	0	0	1	0	0	0	0	0	0	1	0	1	0	0	0	0	0	1	0	0	0	0	0	1	0	0	0	0	0	0	0	0	0	0	0	0	0	0	0	0	0	1	0	0	0	0	1	0	2	0	0	0	0	0	0	0	0	0	0	0	0	2	0	0	0	0	1	0	0	0	0	0	0	0	0	0	0	0	0	0	0	0	0	0	0	1
0	0	0	0	0	0	0	6	14	77	0	53	11	13	14	7	2	2	1	2	4	0	1	5	1	0	0	2	0	0	0	3	1	2	0	2	0	1	3	2	0	0	0	1	5	3	5	4	2	2	3	3	2	4	5	3	4	3	7	11	6	11	15	4	2	7	2	4	1	5	6	3	4	3	4	5	8	4	10	6	6	7	3	3	6	1	2	2	0	0	1	1	0	1	1	1	1	0	0	2	0	1	1	2	0	0	0	0	0	0	0	1	1	1	0	0	0	1	1	1	3	1	0	1	1	3	0	0	0	0	0	1	1	0	0	1	1	0	0	0	2	0	1	0	0	0	0	0	2	0	0	0	1	0	1	0	0	1	0	0	0	1	1	0	0	0	1	0	0	0	0	0	0	0	1	0	0	1	1	1	0	1	0	0	0	0	0	1	0	1	0	0	0	1	1	1	0	1	1	0	0	0	0	0	1	0	0	0	2	1	0	0	0	1	0	0	0	0	0	0	0	0	1	0	0	1	0	1	0	0	0	0	1	0	0	0	0	0	0	0	0	0	0	0	0	0	0	0	1	0	0	2	0	0	0	0	0	0	0	0	1	0	0	0	0	0	0	0	0	0	0	0	0	0	0	1	0	0	0	0	0	0	1	2	0	1	2	0	0	1	0	0	0	0	0	1	0	1	1	1	0	1	1	0	0	1	0	1	0	0	0	1	0	0	2	0	1	0	1	0	2	0	0	0	0	1	0	1	1	1	0	0	0	0	0	0	0	0	0	0	1	1	1	0	0	0	0	1	0	0	0	0	0	0	0	0	0	0	0	0	0	0	0	0	0	0	0	0	0	0	0	0	0	0	0	0	0	0	1	0	0	1	0	1	1	0	0	0	0	1	0	0	0	0	0	0	0	0	0	0	0	0	0	0	0	0	0	0	0	2	0	0	0	0	0	0	1	0	0	1	0	0	1	0	0	0	0	1	0	0	1	0	0	0	0	0	0	0	0	0	1	0	0	0	1	0	0	0	0	0	1	0	0	0	1	1	0	1	0	0	0	0	0	0	0	0	1	1	0	0	0	0	0	0	0	0	0	0	0	0	0	1	0	0	0	0	0	1	0
0	0	0	0	0	0	0	2	10	44	53	0	29	23	28	13	10	5	5	7	1	1	2	2	2	2	1	2	2	5	2	1	2	1	2	0	0	0	1	0	1	3	0	5	3	3	4	2	1	2	2	7	1	5	1	4	4	6	7	14	11	8	8	3	3	1	7	3	3	3	2	6	1	2	0	6	9	7	11	14	6	4	7	2	2	9	8	2	0	0	3	1	0	0	0	2	0	1	0	0	0	0	0	1	2	1	1	0	0	1	0	0	1	0	2	3	1	0	1	0	3	1	1	1	1	0	1	1	1	1	1	2	0	0	1	1	1	0	0	1	0	1	0	0	0	2	1	0	0	0	0	0	1	0	0	0	1	1	0	0	0	2	1	0	0	0	1	1	0	0	0	0	1	2	0	0	1	1	0	1	0	0	0	0	0	0	0	2	1	1	0	0	0	2	0	0	0	0	1	0	0	1	0	0	0	1	1	0	1	1	0	0	0	1	2	2	0	1	1	0	0	2	0	0	0	0	0	1	0	0	0	0	0	1	1	0	0	0	0	0	0	0	0	0	0	1	0	2	0	2	1	0	0	1	0	0	0	0	1	1	0	0	2	0	0	1	0	0	1	0	0	0	2	0	0	0	1	0	0	0	0	0	0	0	0	0	0	0	0	1	0	1	1	0	0	0	0	0	0	0	1	1	0	0	0	0	1	3	0	1	0	1	0	0	0	0	0	0	0	0	0	1	0	0	0	0	1	0	1	0	0	0	0	0	0	0	1	2	1	1	0	0	0	0	0	0	0	0	0	0	0	0	0	0	0	0	0	0	1	0	0	0	0	0	0	0	0	0	0	0	0	0	0	0	0	0	0	0	1	0	0	0	0	0	0	0	0	0	0	0	0	0	0	0	0	0	1	0	0	0	0	0	0	0	0	0	0	0	0	0	0	0	0	1	1	0	0	0	0	0	1	0	0	0	1	0	0	0	0	0	0	1	1	0	0	0	0	0	0	1	0	0	0	0	0	0	0	0	0	0	0	0	1	1	0	0	0	0	0	0	0	0	0	0	0	0	0	0	0	0	0	0	0	0	0	0	1	0	0	0	0	0	0	1	0	0	0	1	0
0	0	0	0	0	0	0	8	7	15	11	29	0	49	16	22	19	7	5	6	3	8	0	4	2	1	1	0	0	0	1	2	2	1	2	1	1	2	1	3	2	3	2	12	6	5	7	2	1	3	0	5	3	0	3	2	7	2	12	11	11	7	4	2	2	3	2	2	1	4	3	1	0	1	0	3	2	2	5	11	8	25	6	3	13	10	10	2	4	2	4	0	0	0	1	0	2	2	0	0	1	2	1	1	1	0	2	0	2	5	0	1	0	2	2	0	2	0	0	1	0	0	0	2	1	1	1	1	0	0	0	0	0	1	1	0	0	2	0	1	0	0	1	0	0	0	0	0	0	0	0	0	2	0	1	2	0	0	0	1	0	1	1	1	1	0	0	2	1	0	0	0	0	1	0	0	0	0	0	0	1	1	1	1	0	1	0	3	0	0	2	0	1	0	1	1	1	0	0	0	1	0	0	1	0	0	2	0	0	1	1	0	0	1	0	0	0	0	0	2	1	1	0	0	1	1	1	0	0	1	0	0	0	1	0	0	0	1	1	1	0	0	0	0	1	0	0	2	0	0	1	0	0	0	0	0	0	0	0	1	0	0	0	1	0	0	0	0	1	0	0	0	1	0	0	0	0	0	0	0	0	0	1	0	0	1	0	0	0	1	2	0	0	0	0	1	2	0	0	0	0	1	1	0	0	0	1	0	0	0	1	0	1	0	0	0	0	0	0	0	0	1	0	0	0	1	1	0	1	0	0	0	2	0	1	0	1	0	0	1	1	0	0	0	0	0	1	0	0	0	0	0	0	0	0	0	1	0	0	2	0	0	0	0	0	0	0	0	0	0	0	0	0	0	1	0	0	0	0	0	0	0	0	0	0	1	1	1	0	0	0	1	0	0	0	0	0	0	1	0	0	0	0	1	0	1	0	0	1	0	0	0	0	0	0	0	0	0	1	0	0	0	0	0	0	0	1	0	0	0	0	0	0	1	0	0	1	0	0	0	0	0	0	0	1	1	0	0	0	0	0	1	0	0	2	1	1	1	1	0	0	1	0	0	1	0	0	1	0	0	0	0	0	0	2	0	0	0	0	0	0	0	1	0	0	0	0	0	0
0	0	0	0	0	0	0	5	7	9	13	23	49	0	40	25	11	16	7	3	2	3	4	9	1	1	0	1	2	0	1	1	0	1	4	5	1	1	1	1	3	2	2	3	3	2	2	4	4	0	5	3	2	2	1	3	4	5	2	6	1	3	5	1	3	1	1	0	2	1	3	0	3	0	0	3	3	7	5	6	5	9	4	5	3	11	5	2	0	1	0	0	2	0	0	0	3	0	1	1	0	0	0	1	1	1	1	1	1	1	1	0	2	1	0	1	0	0	2	0	0	1	2	1	2	3	0	0	1	0	0	0	0	1	1	1	0	0	1	1	0	0	0	0	1	0	1	0	0	0	0	0	0	1	0	0	0	2	1	3	1	1	1	0	1	2	1	0	0	0	0	1	0	0	0	0	0	0	0	1	0	0	1	0	1	1	0	0	0	0	0	0	0	0	1	1	0	1	0	0	0	0	0	0	1	0	0	0	0	0	0	0	1	1	1	0	0	0	0	1	0	0	0	0	0	1	0	0	0	0	1	0	1	0	1	0	0	0	0	0	0	0	0	0	0	0	0	0	0	0	0	0	0	0	0	0	0	1	0	0	0	0	0	0	0	0	1	0	0	0	1	1	0	0	0	0	0	0	0	0	2	0	1	0	1	1	1	1	1	1	1	1	0	0	0	0	0	2	1	0	0	0	0	1	0	0	0	0	0	0	0	0	0	1	0	2	1	0	0	0	1	0	1	0	1	0	0	1	0	0	0	1	2	1	0	0	1	1	1	2	1	0	0	0	0	1	1	0	0	0	1	1	0	0	0	1	0	0	0	0	1	0	1	1	0	0	0	1	0	0	0	0	0	0	0	0	0	0	0	0	1	1	0	0	0	0	1	0	0	0	0	0	0	0	0	0	0	0	0	0	0	1	0	0	1	0	0	0	0	0	0	0	0	1	0	0	0	0	0	0	0	0	0	0	0	0	0	0	0	0	1	0	0	2	0	0	0	0	0	0	0	1	0	0	0	0	0	0	2	0	0	0	0	0	1	1	0	0	0	1	0	0	0	0	0	0	0	0	1	0	1	1	1	0	0	0	0	0	0	0	0	2	0	0	0	0	0	0	0
0	0	0	0	0	0	0	2	8	16	14	28	16	40	0	29	9	5	8	1	1	7	2	3	3	2	1	0	0	0	1	2	1	3	2	0	0	1	1	4	1	3	3	2	3	2	1	2	1	2	4	5	0	2	3	1	4	1	7	5	6	4	2	3	2	5	2	1	1	3	1	1	0	1	3	0	5	5	8	6	15	16	1	3	4	3	4	4	1	0	0	1	0	0	0	0	1	1	0	1	2	1	1	3	0	1	1	0	1	0	0	0	1	1	0	0	0	0	0	0	0	1	1	2	2	0	0	0	0	0	0	0	0	4	0	1	0	0	0	0	0	0	0	1	0	0	0	0	0	0	0	0	0	0	2	0	0	0	0	0	0	0	0	2	0	1	2	0	1	2	0	0	0	0	0	2	1	1	1	0	0	1	1	0	1	0	1	0	0	1	0	1	0	0	0	1	0	2	0	0	0	0	0	0	0	1	0	0	0	1	1	1	0	0	0	0	0	0	2	1	0	0	0	1	0	1	0	0	0	0	0	0	0	0	0	1	0	0	0	2	0	0	0	0	0	0	2	0	0	0	0	0	0	1	0	0	0	0	1	0	0	0	0	0	1	0	0	0	0	0	0	0	0	0	0	0	1	0	0	1	0	0	0	0	0	0	0	0	1	1	0	0	0	2	0	1	0	1	2	0	1	0	0	1	0	1	0	0	0	1	0	0	0	0	0	1	0	0	0	0	0	0	1	0	0	0	1	0	0	2	1	0	0	0	1	0	0	0	1	0	0	1	1	0	0	0	1	0	0	0	1	0	0	0	0	0	1	0	0	0	1	0	0	0	0	0	0	0	0	0	0	0	0	0	0	0	1	0	0	0	0	0	0	0	1	0	0	0	0	0	0	0	0	0	0	1	0	0	0	0	0	0	0	0	0	0	0	0	0	1	0	0	0	0	0	0	0	0	1	0	0	1	0	0	2	0	1	0	0	0	0	1	1	2	0	0	1	0	0	1	0	0	0	0	1	0	0	0	0	1	1	0	0	1	1	0	0	0	2	0	0	0	0	0	0	0	0	1	0	0	0	0	1	0	0	0	0	0	0	0	1	1	0	0	0	0	0	1	0
0	0	0	0	0	0	0	2	4	3	7	13	22	25	29	0	21	15	11	4	7	6	2	4	3	0	3	0	1	2	1	0	1	1	4	1	4	4	2	1	3	1	5	4	4	7	5	5	10	6	3	3	1	2	4	3	2	3	4	5	1	3	5	2	2	1	2	1	2	0	0	3	0	2	5	2	2	6	8	15	16	40	12	6	3	7	2	3	2	0	1	1	0	1	1	0	1	0	2	1	3	1	2	1	2	2	2	1	2	0	1	2	0	3	1	0	0	2	1	2	1	1	0	1	0	0	0	1	0	0	0	2	0	0	2	1	1	0	1	0	1	0	0	0	0	0	0	1	0	0	1	0	0	1	0	1	0	2	1	1	1	0	1	2	0	0	0	1	1	2	1	0	0	0	1	0	1	0	0	0	0	0	1	0	0	3	2	1	1	0	0	0	0	0	0	0	1	1	0	0	0	0	1	0	0	0	0	1	0	0	0	0	1	1	1	1	0	0	0	1	1	0	0	0	1	0	0	0	0	0	0	0	0	0	0	0	0	0	0	0	0	0	0	0	0	3	0	1	0	0	0	0	1	0	0	1	1	0	0	1	0	0	1	0	0	0	0	0	0	0	0	0	0	2	0	1	0	2	0	0	1	0	0	0	0	0	0	0	0	0	1	0	0	1	0	0	0	1	0	0	1	0	0	0	0	3	0	0	0	0	1	1	0	0	3	0	0	0	0	1	1	0	0	0	0	0	0	0	0	0	0	0	0	0	1	2	0	1	2	0	0	0	0	0	0	0	0	0	0	0	0	1	0	1	1	0	1	1	0	0	0	0	0	0	0	0	0	0	0	0	0	0	0	0	0	0	2	1	1	0	0	0	1	1	0	0	1	0	0	0	0	1	0	0	0	1	0	0	0	1	0	0	0	0	0	0	0	0	0	1	0	0	2	0	0	0	0	0	0	0	0	0	0	0	0	0	0	0	0	0	1	1	0	0	0	0	0	0	0	0	0	0	1	0	0	0	0	0	0	0	1	0	0	0	0	2	0	1	0	0	0	1	0	0	0	1	0	0	1	0	0	0	0	0	1	0	0	0	0	0	0	0	1	0	0	0	0	0	0
0	0	0	0	0	0	0	6	0	0	2	10	19	11	9	21	0	40	63	26	21	18	7	10	6	3	3	1	2	3	1	2	0	4	1	3	1	0	6	5	3	2	5	4	2	10	2	3	5	2	0	5	3	2	5	1	1	4	5	5	3	1	4	1	3	2	0	1	1	2	2	1	0	0	4	0	1	0	2	5	8	21	8	7	13	15	5	6	5	0	1	1	0	1	1	2	0	1	0	0	1	2	2	2	1	1	1	1	0	3	1	1	1	2	0	0	2	1	0	0	1	1	0	1	0	1	2	1	3	0	0	2	0	1	2	2	0	0	0	0	0	1	0	0	0	0	0	0	1	1	1	0	0	0	1	0	1	1	4	1	0	2	1	1	0	0	1	0	0	4	0	1	0	0	0	1	1	2	0	1	0	0	1	1	0	0	1	0	1	2	0	0	1	0	1	0	0	0	0	0	0	1	0	0	2	1	1	1	0	0	1	0	0	0	0	0	1	0	0	0	0	0	1	0	0	0	1	0	0	1	0	0	0	0	0	2	0	0	0	0	0	0	0	0	1	1	1	1	0	0	0	0	0	0	0	0	0	0	2	0	0	0	0	0	0	0	0	0	1	0	0	0	0	0	0	0	2	0	2	1	0	0	0	1	2	0	0	1	0	1	0	0	0	1	0	1	1	0	2	0	0	1	0	0	0	0	0	0	0	0	0	1	0	0	0	1	1	1	1	0	0	0	0	0	0	2	0	1	1	0	0	1	0	0	0	0	0	1	1	1	0	2	0	0	0	1	0	1	0	0	0	0	0	0	0	1	0	1	0	0	0	0	0	0	0	0	0	0	0	0	0	0	1	0	1	0	0	0	0	0	0	0	1	0	0	1	0	0	0	0	0	0	0	0	0	0	0	0	0	0	0	0	0	0	0	0	1	0	0	0	1	0	0	1	0	1	0	0	0	0	0	0	1	0	0	0	0	0	0	0	1	1	0	0	0	0	0	1	0	0	1	0	0	0	0	0	0	0	1	1	0	0	0	0	0	0	0	0	0	2	1	0	0	0	0	0	0	0	0	0	1	0	0	0	0	0	0	0	0	0	1	2	0	0	0	0	0	0	0
0	0	0	0	0	0	0	1	3	2	2	5	7	16	5	15	40	0	34	8	5	17	8	8	7	2	4	0	1	0	1	2	0	5	6	3	0	2	5	2	4	2	0	2	3	5	4	4	1	2	2	1	4	1	0	1	2	2	4	2	3	0	3	2	3	1	0	1	1	0	2	0	1	0	1	0	0	1	3	1	4	10	8	4	7	2	5	2	1	2	0	1	1	1	0	1	2	1	2	1	0	0	1	0	1	3	6	0	2	3	1	1	0	0	1	0	2	0	1	2	1	1	0	1	2	0	0	0	1	0	0	0	0	0	0	1	1	0	1	2	0	2	1	0	1	0	0	1	1	1	0	0	0	0	1	0	0	2	0	1	0	2	1	1	0	0	2	0	1	1	0	0	1	0	0	0	0	1	4	0	1	0	0	0	0	0	1	1	1	1	0	2	0	0	0	0	2	1	1	0	0	0	0	0	0	1	0	0	0	1	1	0	0	0	1	0	0	1	0	1	1	0	1	0	1	0	2	1	2	1	0	0	0	0	0	0	0	0	0	1	1	0	0	0	0	1	0	1	1	0	0	0	2	0	0	0	0	0	0	0	0	0	0	0	0	0	0	1	0	1	0	0	0	0	0	0	0	0	0	0	0	1	1	0	0	0	0	1	0	1	0	0	1	0	0	0	0	0	0	1	0	0	0	0	0	0	1	0	1	0	1	0	0	1	1	1	2	1	1	0	0	0	0	0	0	0	0	0	2	0	0	2	0	0	0	2	1	1	0	0	1	1	0	0	0	0	0	1	1	0	0	0	0	0	1	0	0	0	0	0	0	0	0	0	0	0	1	0	0	0	0	0	1	0	0	1	0	0	0	0	1	0	0	1	0	0	0	0	0	0	0	1	0	0	0	0	0	1	0	0	1	0	0	0	0	0	0	0	0	1	0	0	0	0	0	1	1	0	0	0	0	1	1	0	0	0	0	0	0	0	0	1	0	1	0	0	1	2	0	0	1	0	1	0	2	0	1	0	0	0	0	0	0	0	0	0	0	0	0	0	0	0	0	0	0	0	0	0	1	0	0	0	0	0	0	0	0	0	0	0	0	0	0	0	1	0	0	0	1
0	0	0	0	0	0	0	2	3	2	1	5	5	7	8	11	63	34	0	46	25	14	5	15	12	5	1	0	3	1	5	7	2	6	7	6	4	2	1	1	9	5	7	1	1	3	0	3	4	3	1	2	2	2	3	5	4	7	6	3	1	2	1	2	1	1	0	0	0	1	3	0	0	0	2	2	1	2	0	6	4	11	8	6	22	18	4	5	6	0	2	2	3	1	0	0	1	2	0	0	0	2	3	1	3	4	0	2	1	2	0	1	1	1	4	2	0	0	2	3	4	0	1	2	2	1	1	0	0	1	1	2	2	0	2	0	2	2	1	0	0	2	0	0	0	0	2	1	0	0	1	0	1	0	2	0	0	1	1	1	0	2	0	0	0	0	0	2	0	0	1	2	1	1	1	0	0	1	0	1	0	1	0	0	0	0	1	0	1	1	1	1	1	1	0	1	3	1	1	0	0	0	1	0	1	0	0	1	0	0	1	1	0	0	2	1	0	1	0	1	0	1	0	0	3	0	0	1	0	0	0	0	0	0	0	0	0	0	0	0	1	0	0	0	0	1	0	0	0	1	0	0	0	0	0	1	0	0	0	1	1	0	0	0	0	0	0	0	2	0	0	1	0	0	0	2	0	1	0	1	0	0	1	1	0	1	2	0	1	0	1	0	0	1	0	1	0	2	1	0	0	0	1	1	0	0	0	0	0	1	0	0	0	0	0	0	0	0	2	0	0	3	0	1	0	0	1	1	1	0	1	0	0	0	1	0	0	0	0	0	1	3	2	1	1	1	0	1	0	0	1	1	0	0	0	0	1	0	0	0	1	0	1	0	2	0	0	1	0	0	0	0	1	0	1	0	0	0	0	0	2	0	0	1	0	0	2	0	0	0	1	0	0	0	0	0	0	0	0	1	0	0	0	0	0	0	0	0	0	0	0	0	0	0	0	0	0	0	0	1	0	1	0	1	0	0	0	0	1	1	0	0	0	0	0	2	0	1	1	0	1	2	0	0	1	0	0	0	0	0	0	1	3	0	0	1	0	0	0	0	0	0	0	0	0	0	0	1	0	1	0	0	0	0	0	0	0	0	0	0	0	0	0	0	0	0	0	0	0
0	0	0	0	0	0	0	2	1	2	2	7	6	3	1	4	26	8	46	0	33	19	11	27	30	2	3	1	5	5	4	7	4	12	2	11	3	6	9	10	8	7	8	7	3	3	2	7	0	4	0	2	2	2	2	1	0	0	3	2	5	2	2	1	2	0	1	1	3	0	2	1	0	0	0	0	2	1	1	3	1	4	3	9	24	13	9	5	4	4	1	0	2	1	0	2	3	2	3	1	2	1	2	1	4	2	2	3	2	2	2	1	2	1	1	2	2	0	3	1	3	0	2	3	1	0	1	1	1	0	1	0	0	2	1	0	0	1	1	1	0	1	0	1	2	0	1	0	0	0	0	0	1	1	1	1	3	1	3	0	1	0	1	0	0	0	3	0	0	1	2	1	1	0	0	4	1	0	0	0	3	1	1	0	2	1	0	1	4	1	0	0	0	0	0	1	0	2	0	1	1	0	0	1	1	2	1	1	1	0	0	0	1	1	0	0	0	0	0	0	0	0	1	0	0	2	0	1	0	0	1	2	2	0	0	2	0	0	1	1	0	0	0	0	1	0	3	0	0	1	0	0	0	0	0	0	1	0	0	0	0	0	0	0	1	0	0	0	1	0	0	0	0	0	0	1	0	0	0	0	2	0	1	0	1	1	1	0	0	0	1	0	0	1	1	1	1	0	1	0	2	0	0	0	0	1	2	2	2	2	1	0	0	0	0	1	0	3	0	1	1	0	0	0	0	0	0	0	2	2	0	1	2	1	0	1	1	4	1	0	2	0	2	0	0	3	0	0	0	2	2	0	0	0	0	1	0	0	0	1	0	1	0	0	0	2	1	0	1	0	1	0	1	0	0	0	0	0	1	0	0	0	0	0	0	0	0	1	1	1	0	0	0	0	0	0	0	0	0	0	0	0	0	0	0	0	0	0	1	0	0	0	0	0	0	0	1	0	0	0	1	2	0	1	0	1	0	0	1	0	1	0	0	1	1	0	0	0	0	0	2	0	1	0	0	0	1	1	0	1	1	0	0	0	1	1	0	0	1	0	1	0	0	1	0	0	0	0	0	0	0	0	1	1	0	0	0	1	0	1	1	0	0	0	0	1	0	0	0
0	0	0	0	0	0	0	4	1	1	4	1	3	2	1	7	21	5	25	33	0	42	16	41	13	9	2	0	2	2	4	5	4	3	6	16	9	5	12	25	38	14	23	10	11	14	9	2	3	3	2	3	2	6	0	5	8	4	11	3	3	1	4	1	0	1	2	2	1	1	0	2	0	1	1	1	1	1	1	0	6	12	11	18	55	10	7	4	4	8	1	3	1	1	1	3	1	1	0	1	1	1	4	1	2	9	3	2	0	3	4	3	1	3	1	1	2	0	2	0	3	2	2	3	3	2	0	3	2	0	1	1	0	1	0	1	1	1	2	1	1	1	2	0	0	0	0	0	3	0	0	0	0	3	0	1	3	1	1	1	2	2	0	0	2	0	1	0	1	1	1	0	1	1	1	1	3	2	5	1	3	2	0	0	1	1	4	1	2	0	1	0	0	0	1	1	2	0	2	0	1	0	0	1	0	1	2	1	0	1	0	1	0	1	1	0	0	1	0	1	1	0	0	0	1	2	0	0	1	1	2	1	0	1	0	0	0	1	0	0	0	0	0	1	0	0	0	0	1	0	0	0	0	1	0	0	0	0	2	0	1	0	0	0	0	0	0	0	0	0	0	1	1	1	0	0	0	0	1	0	0	0	0	0	2	1	0	0	1	2	1	0	0	5	0	1	1	0	0	2	1	0	0	2	0	0	1	0	1	1	1	0	1	0	1	0	0	0	0	1	1	1	1	4	1	0	0	0	0	2	1	1	0	0	0	1	2	3	0	2	1	0	2	1	3	1	1	0	1	1	0	0	0	0	0	0	0	1	0	1	0	0	0	0	1	0	0	0	0	0	0	1	0	0	0	0	0	0	0	1	0	0	1	1	0	0	0	0	0	0	0	0	1	0	0	0	0	0	0	0	0	0	0	0	1	0	1	0	0	0	0	1	1	0	0	0	0	0	0	1	0	0	0	1	1	0	1	0	0	1	1	0	0	0	1	2	0	0	1	1	1	0	0	1	4	0	2	0	0	0	0	1	0	1	0	1	3	0	0	1	0	0	1	0	0	0	0	0	0	1	0	1	0	0	0	0	0	0	0	0	1	0	0	0	0	0	0	0	0
0	0	0	0	0	0	0	1	1	4	0	1	8	3	7	6	18	17	14	19	42	0	34	86	24	4	3	2	3	3	7	5	2	6	7	6	8	7	6	4	10	5	10	5	4	13	4	3	3	3	1	5	1	1	1	1	3	2	2	2	3	3	1	4	3	1	1	4	2	0	1	1	0	0	2	0	0	2	5	2	8	12	19	24	18	3	6	4	3	2	1	1	1	0	1	0	1	0	0	1	0	1	0	2	1	4	2	1	0	1	0	2	2	2	2	2	1	2	4	0	4	2	4	4	3	2	4	2	0	0	0	2	0	1	2	2	1	1	1	2	0	1	2	1	2	0	0	0	0	0	1	1	1	0	0	1	1	0	2	1	1	1	0	0	1	0	1	1	0	1	1	0	1	1	1	0	0	1	1	0	2	0	1	0	0	0	1	2	0	0	0	2	1	1	1	2	0	1	1	0	0	1	0	0	0	0	0	0	0	1	0	0	0	0	1	1	0	0	1	0	0	2	0	1	1	0	1	0	0	0	0	1	0	0	0	0	0	0	0	1	1	0	1	0	0	0	0	0	1	2	1	0	1	0	1	0	0	0	0	0	0	0	0	0	0	1	0	1	0	0	1	0	1	0	3	0	0	0	1	0	0	0	0	0	0	0	1	0	0	0	0	0	0	2	0	0	0	1	0	1	1	0	0	1	0	2	0	0	1	0	1	0	0	2	0	2	1	0	1	0	0	0	0	0	0	1	0	0	0	2	1	1	1	1	1	2	2	2	2	1	1	0	0	0	0	0	1	0	0	1	0	1	0	0	0	0	1	1	1	0	0	1	1	0	0	0	0	0	0	0	0	0	0	0	0	0	0	0	0	0	0	0	1	0	0	1	2	0	0	1	0	0	0	0	0	0	1	0	0	1	0	0	1	0	1	0	0	0	0	0	0	0	0	0	0	0	0	0	0	0	0	1	0	0	0	0	0	1	0	0	1	1	0	1	0	0	0	1	1	0	0	0	1	0	2	0	0	1	0	1	0	1	0	0	0	0	1	0	1	0	0	0	0	1	0	1	0	0	0	0	0	0	0	1	0	0	0	0	0	0	0	0	1	0	0	0	0	0	0
0	0	0	0	0	0	0	0	1	0	1	2	0	4	2	2	7	8	5	11	16	34	0	40	11	4	5	5	2	3	1	3	2	7	9	12	7	10	3	6	6	5	2	8	1	15	4	5	3	2	0	4	2	2	1	3	1	4	3	4	0	2	1	2	2	2	2	0	1	2	2	1	2	0	0	0	0	2	3	3	4	11	12	13	4	5	4	3	5	3	1	2	1	2	0	1	2	5	0	2	2	2	1	3	2	1	5	3	1	1	4	1	3	1	2	0	2	3	1	3	4	4	2	1	3	2	0	1	1	0	1	1	0	0	0	2	0	1	0	1	0	2	1	0	0	0	0	1	0	0	1	1	0	1	0	1	0	0	1	0	2	1	1	1	1	1	2	0	0	2	0	0	1	2	0	0	1	2	2	1	0	0	0	0	0	1	0	1	0	1	0	1	1	0	0	0	0	0	0	1	0	1	2	1	1	2	1	0	0	0	0	0	0	1	0	0	2	0	0	0	2	0	1	1	0	1	0	0	0	0	3	0	1	0	0	1	1	0	0	0	0	0	0	0	1	0	0	1	1	0	0	1	0	1	1	1	0	1	0	1	0	0	0	0	0	0	0	0	0	0	0	0	0	0	0	0	0	0	1	1	0	1	1	0	0	0	2	0	0	2	0	1	1	1	0	0	0	0	0	1	0	0	0	0	1	1	0	0	1	2	1	0	0	1	0	2	2	0	0	0	1	1	1	0	0	0	0	0	1	0	0	0	0	0	1	0	1	1	0	0	0	1	0	0	0	0	1	0	0	0	0	0	1	0	0	0	0	0	0	0	0	0	0	0	0	0	0	0	0	0	2	0	0	0	0	0	0	0	1	0	0	0	0	0	0	0	0	0	0	0	0	0	0	0	1	0	1	0	0	1	0	0	0	0	0	0	1	0	0	0	0	0	0	0	0	0	0	0	0	0	1	0	0	0	0	0	0	2	0	1	2	0	0	2	1	0	0	0	1	1	0	1	1	0	0	2	0	0	0	0	0	0	0	1	1	0	1	0	0	0	0	0	0	0	0	0	0	1	1	0	0	0	0	0	0	1	1	0	0	1	0	0	0	0	0	0	0	1	0
0	0	0	0	0	0	0	2	3	1	5	2	4	9	3	4	10	8	15	27	41	86	40	0	45	14	4	3	4	3	9	5	6	9	21	22	9	7	7	13	12	4	3	8	1	10	1	8	3	2	2	0	0	3	2	1	2	7	4	2	3	0	3	0	0	1	1	0	0	1	1	1	0	0	0	0	1	0	2	2	7	8	10	15	8	3	1	2	3	3	0	5	3	1	1	1	3	1	0	3	0	2	5	2	2	3	1	1	1	2	1	2	2	0	1	1	4	2	3	4	4	3	1	7	4	1	0	1	3	0	2	0	0	0	0	4	0	0	0	0	4	3	0	0	0	1	2	0	0	0	0	0	0	0	1	0	1	1	1	2	1	2	2	1	0	3	1	2	0	1	1	1	1	0	1	0	1	0	0	1	0	0	0	3	0	0	0	1	0	0	1	1	0	0	1	0	0	0	1	1	0	1	1	0	1	1	1	0	0	1	0	0	0	1	0	0	0	1	1	0	0	0	0	0	2	1	0	0	0	0	0	0	0	0	1	0	0	0	0	1	0	1	0	0	0	0	1	1	0	1	0	0	0	0	0	0	0	1	0	1	0	0	0	0	0	1	0	0	0	0	0	0	0	0	0	1	2	1	0	0	0	1	0	1	0	0	0	2	0	1	0	1	1	1	0	1	2	1	0	0	0	0	2	1	0	0	0	1	1	0	0	1	1	2	0	0	1	1	0	1	0	0	0	1	1	1	0	1	1	1	0	1	2	1	2	1	1	2	0	2	2	0	0	1	0	0	0	0	1	0	0	0	0	0	0	0	0	0	0	1	1	0	1	0	0	0	0	0	0	1	0	0	0	0	0	1	0	0	1	0	0	1	0	0	0	1	0	0	0	0	1	1	0	0	0	0	0	0	0	0	1	0	0	0	2	0	0	1	0	0	0	0	0	0	0	0	0	0	0	0	0	0	0	0	0	1	1	1	0	1	0	0	0	1	0	3	1	0	0	0	1	0	1	2	0	0	0	0	0	0	2	0	0	0	0	1	1	0	1	0	0	0	0	0	0	0	0	0	0	0	0	0	1	0	0	0	0	0	1	0	0	0	0	0	0	0	0	0	0
0	0	0	0	0	0	0	0	2	2	1	2	2	1	3	3	6	7	12	30	13	24	11	45	0	18	4	3	5	8	6	5	6	11	29	13	5	6	6	10	9	4	7	6	4	2	4	3	1	0	2	2	1	0	1	1	1	4	1	1	1	0	2	2	0	1	1	1	0	1	0	0	0	0	1	1	1	1	1	0	5	3	7	8	6	5	2	4	2	0	0	1	1	0	0	2	1	1	0	4	1	4	1	3	5	3	1	0	1	0	3	4	2	2	1	0	1	5	3	4	2	3	6	4	2	3	2	1	3	0	2	2	1	0	0	1	0	1	1	1	0	3	2	1	0	1	0	0	0	0	1	0	1	0	1	1	2	1	2	1	1	1	1	0	0	1	1	1	1	1	2	0	0	1	1	0	0	3	0	1	0	0	0	0	1	0	2	1	1	2	1	1	2	0	2	0	1	0	1	2	0	0	0	1	0	0	1	0	0	1	0	0	0	0	0	0	0	0	0	0	0	1	0	2	0	1	0	0	0	0	1	0	0	0	0	0	0	0	0	0	0	1	0	0	4	0	0	0	1	0	0	1	0	0	0	0	0	1	0	1	2	0	0	1	0	0	0	0	0	0	0	0	0	0	0	0	0	0	0	0	0	1	0	0	0	0	0	0	1	0	1	0	0	0	0	0	0	1	0	0	0	0	1	0	0	0	0	1	1	2	0	2	0	1	0	2	0	3	0	1	0	0	2	0	1	0	0	2	0	0	0	0	1	0	2	3	0	3	3	2	0	0	0	2	0	1	1	0	1	2	1	0	1	0	0	0	0	0	1	2	0	0	0	0	0	0	0	0	0	0	0	0	0	1	0	0	0	0	0	0	0	0	0	0	0	0	0	0	0	0	0	0	0	0	0	0	0	0	0	0	0	0	0	1	1	0	0	1	0	0	0	0	0	0	1	0	1	0	0	0	1	1	0	2	1	0	0	0	0	0	1	1	0	0	0	0	0	0	0	2	0	0	0	0	0	1	0	0	0	0	0	0	1	1	1	1	1	1	1	1	1	0	1	0	0	0	1	0	0	0	2	0	0	1	0	0	0	0	0	0	0	0	0	0	0	0	0	0	0
0	0	0	0	0	0	0	1	1	1	0	2	1	1	2	0	3	2	5	2	9	4	4	14	18	0	39	13	15	30	28	13	14	16	31	5	4	10	5	5	7	2	4	1	1	0	1	3	3	3	0	3	1	0	0	1	0	2	2	0	2	0	0	1	0	0	0	0	1	0	0	1	0	0	2	0	0	1	1	0	3	6	2	3	1	2	2	3	0	2	3	0	1	2	0	1	0	2	0	0	5	2	1	3	1	1	2	2	0	1	1	0	2	2	0	2	3	1	4	4	3	1	1	9	2	3	3	3	1	3	1	2	4	0	3	4	4	2	0	0	1	1	1	1	1	0	1	0	0	2	0	1	0	2	0	0	0	2	2	2	0	1	1	0	1	0	0	1	0	1	0	0	0	0	0	0	0	0	0	0	0	0	0	0	0	0	0	0	1	0	1	1	1	1	1	1	0	1	1	0	0	1	2	1	0	1	2	0	1	0	3	0	1	0	0	0	0	0	0	0	0	0	0	0	1	0	0	1	2	0	1	2	0	0	0	0	2	0	0	0	0	1	0	0	0	1	0	0	0	0	1	0	1	1	1	0	0	0	0	0	1	0	0	1	0	0	0	0	0	1	0	0	0	0	0	0	0	0	0	2	0	2	0	0	0	0	0	1	1	1	0	0	1	0	1	1	0	1	1	3	0	2	0	1	0	0	1	1	1	1	1	3	0	1	0	0	0	1	2	2	1	0	1	1	0	0	0	1	0	2	2	1	0	0	2	1	4	3	0	1	1	1	1	0	2	0	0	1	1	0	1	0	0	0	0	0	0	0	0	0	0	0	0	0	1	0	0	0	0	0	0	0	1	0	1	0	0	0	0	0	1	0	0	0	1	0	0	0	0	0	0	0	0	0	0	0	0	0	0	0	0	0	0	0	1	1	0	0	0	0	1	0	0	0	0	0	0	0	0	0	0	0	0	1	1	0	0	0	0	0	0	0	1	1	0	0	0	0	1	1	0	0	0	0	1	0	1	0	1	0	1	0	1	0	0	1	0	1	1	2	0	0	0	0	0	0	0	0	0	0	0	0	1	0	0	0	0	1	0	0	0	0	0	0	0	0	0	0	0
0	0	0	0	0	0	0	4	0	1	0	1	1	0	1	3	3	4	1	3	2	3	5	4	4	39	0	65	17	47	15	7	18	9	10	5	1	3	2	2	3	1	1	0	0	3	1	0	2	2	1	0	0	0	2	1	1	0	1	1	1	2	1	0	1	0	2	1	0	0	1	0	0	1	1	0	2	0	1	2	3	0	5	2	2	0	1	1	1	0	0	0	1	0	2	4	0	4	1	0	0	0	0	0	2	1	2	0	0	0	0	2	1	1	1	0	0	0	2	2	5	0	6	4	0	0	3	0	2	4	0	1	2	1	1	2	2	0	3	2	0	0	2	2	0	0	0	1	1	0	1	0	0	0	0	0	1	0	0	0	0	2	0	1	0	1	0	1	0	0	0	2	0	1	1	1	0	0	0	3	0	1	0	0	0	0	0	0	1	0	0	0	1	0	0	0	0	0	1	0	0	0	0	0	3	0	0	2	0	0	0	0	0	0	0	1	0	0	0	0	1	0	1	0	0	0	1	0	0	0	0	0	0	0	0	0	0	0	1	2	0	1	0	2	1	0	2	1	0	0	1	0	1	0	0	0	0	0	1	0	0	1	0	0	0	0	0	1	1	0	0	0	0	0	0	0	0	0	0	0	0	0	0	0	0	1	1	0	1	0	0	0	1	0	1	0	0	0	0	1	0	3	1	0	1	1	2	1	2	0	0	1	0	1	2	1	1	0	0	2	0	2	0	0	0	0	1	2	2	1	0	0	0	0	1	2	2	0	1	2	1	0	0	0	2	1	0	0	0	0	0	1	0	0	0	0	1	0	0	0	0	0	0	0	1	0	1	1	0	0	0	0	0	1	0	0	0	1	0	0	0	0	2	0	0	1	1	0	1	0	0	0	1	1	1	0	0	0	0	0	0	1	1	0	0	1	0	0	0	0	0	0	0	0	0	0	1	0	1	0	0	0	1	0	0	1	0	0	0	0	0	0	0	2	1	0	1	0	0	1	0	0	0	0	0	0	1	1	0	1	0	1	0	0	0	0	0	1	1	0	0	0	0	0	1	0	0	0	0	0	0	0	1	0	1	0	1	0	0	0	0	0	0	0	0	0	0	0	0
0	0	0	0	0	0	0	0	0	1	2	2	0	1	0	0	1	0	0	1	0	2	5	3	3	13	65	0	38	43	7	4	7	7	4	3	3	2	1	5	2	2	1	1	0	2	1	3	0	0	1	0	1	1	1	1	0	1	3	0	0	0	2	0	0	1	1	0	1	1	0	0	0	1	0	1	0	1	0	0	1	0	0	1	1	1	1	2	0	0	0	0	0	1	0	0	2	0	0	1	0	0	2	1	0	0	3	2	0	1	0	1	0	2	0	2	0	1	3	2	4	2	2	8	5	1	1	3	1	1	1	1	4	0	1	2	1	0	0	0	0	1	0	2	2	0	1	0	0	0	2	0	0	0	0	0	2	1	0	1	1	0	0	0	0	0	1	2	0	0	1	1	1	0	0	2	0	2	1	0	0	2	0	0	0	0	0	0	0	1	1	1	0	0	1	0	0	0	0	0	2	0	0	0	0	0	1	1	0	0	0	0	1	1	0	1	0	1	0	0	0	0	0	0	0	0	0	0	0	0	0	0	0	0	0	0	0	0	1	1	0	0	1	0	1	2	0	1	0	0	0	0	1	0	0	0	0	0	0	2	0	0	0	0	0	1	0	0	0	0	0	0	0	0	2	1	0	0	1	0	0	0	0	0	0	0	1	0	0	0	1	1	0	0	0	1	2	1	0	1	0	0	2	0	2	0	1	1	1	1	0	0	0	0	3	0	0	1	3	1	2	1	1	1	0	0	0	1	0	0	1	1	0	0	2	2	1	1	1	1	1	0	1	0	0	0	1	2	2	0	0	0	0	0	0	1	0	0	0	0	0	0	0	0	0	0	0	0	0	0	0	0	0	0	0	0	0	0	0	0	0	0	0	0	2	0	0	0	0	0	0	0	0	0	0	0	0	0	0	0	1	0	0	0	0	0	0	2	0	0	1	1	0	0	0	0	1	1	1	0	0	0	0	2	0	0	0	0	1	2	0	0	1	0	0	0	1	1	1	0	0	0	0	1	0	0	0	0	1	0	1	1	0	0	0	0	0	1	0	0	0	0	1	1	0	0	0	0	0	0	1	0	0	0	0	1	0	0	0	0	1	1	0	0	0	0	0	0	0
0	0	0	0	0	0	0	1	0	0	0	2	0	2	0	1	2	1	3	5	2	3	2	4	5	15	17	38	0	36	9	12	5	0	6	4	4	3	1	3	0	2	1	0	0	0	0	0	1	1	1	0	1	0	0	0	1	2	0	1	0	0	0	0	1	0	1	1	1	0	1	2	0	0	0	0	0	0	0	0	1	1	1	2	2	0	0	1	0	1	0	0	1	0	0	0	1	1	0	0	1	2	1	2	1	1	0	0	1	0	0	2	0	2	3	0	0	3	2	5	9	3	3	2	1	1	1	2	3	0	2	1	2	0	1	2	0	1	1	1	1	0	1	1	0	2	0	0	0	0	0	0	0	1	0	0	1	0	1	1	1	0	0	1	0	0	1	0	1	0	1	1	0	0	0	2	0	0	0	1	0	0	1	1	0	0	1	0	0	0	0	0	0	1	0	0	0	0	1	0	0	0	0	0	0	1	0	0	0	0	0	1	0	0	0	0	1	1	0	1	0	0	0	0	0	2	0	2	0	0	1	0	0	0	0	0	2	0	0	0	0	0	0	0	1	0	0	1	0	2	0	0	0	0	1	0	1	0	2	2	1	0	0	1	0	0	0	0	0	0	0	0	0	0	0	1	1	0	0	1	0	0	1	0	1	1	0	0	1	1	1	0	0	1	1	0	2	1	0	2	0	0	1	2	1	3	2	1	0	2	0	0	0	0	1	2	1	1	1	2	0	0	1	0	0	0	0	0	0	0	0	0	1	0	0	0	2	3	1	0	0	0	0	0	0	0	0	0	0	0	0	0	0	0	0	0	0	1	0	0	0	1	1	0	1	1	0	0	0	0	0	1	0	0	0	0	0	0	1	0	0	0	0	0	0	1	0	1	0	0	0	0	0	1	0	0	0	0	0	2	0	0	1	1	0	0	1	0	0	0	0	0	0	0	0	0	0	0	0	0	0	0	0	0	0	0	0	1	1	0	0	3	0	0	0	0	0	0	0	3	0	0	0	0	0	1	0	1	0	0	0	0	0	2	0	0	2	0	1	0	1	0	0	0	1	0	0	0	0	1	0	0	0	0	0	0	0	0	0	0	0	0	0	0	0	0	0	0	0
0	0	0	0	0	0	0	2	0	0	0	5	0	0	0	2	3	0	1	5	2	3	3	3	8	30	47	43	36	0	27	16	27	9	15	9	1	7	5	3	5	1	1	2	1	3	2	1	0	0	0	0	1	1	0	0	1	2	1	0	0	2	0	0	2	0	1	1	1	0	0	0	0	0	0	0	1	0	0	0	1	5	3	1	0	1	0	0	0	0	1	3	1	0	1	0	0	3	0	2	1	0	0	1	3	2	0	2	1	1	1	1	1	3	0	0	2	3	3	5	9	7	4	5	2	6	1	3	1	1	2	4	2	1	5	1	4	3	1	0	0	1	1	0	0	0	0	0	0	1	0	0	1	0	1	0	1	0	1	1	0	2	1	0	1	0	0	1	0	1	0	1	1	0	1	0	0	1	1	1	2	1	0	0	0	0	1	1	1	0	0	0	2	0	0	0	1	1	0	0	0	1	1	0	1	0	1	3	0	1	0	0	0	0	0	0	0	0	0	0	1	0	0	1	0	0	1	0	0	2	1	1	1	0	0	1	0	1	0	0	0	0	0	1	0	2	0	1	0	2	0	0	1	0	0	0	1	0	0	0	0	0	0	0	1	0	0	0	0	0	0	0	1	0	0	0	1	0	0	0	1	1	2	0	1	0	1	1	0	0	0	0	1	0	2	1	1	3	0	0	1	1	3	1	2	2	0	0	0	1	0	0	3	1	0	2	0	1	2	0	1	1	1	1	0	0	0	0	0	0	0	1	0	1	0	0	2	1	0	2	0	0	2	0	0	0	2	2	0	1	0	1	0	0	0	0	0	0	0	0	0	2	0	0	0	1	0	0	1	0	0	0	0	0	1	1	0	0	0	1	0	0	0	0	1	0	0	0	0	0	0	0	1	0	1	0	1	0	0	0	0	0	0	1	0	0	0	0	1	0	0	0	2	0	0	0	0	0	0	0	0	1	0	0	0	0	0	0	0	1	0	0	1	0	0	1	1	0	0	0	0	0	0	0	0	1	0	0	0	0	1	1	3	2	1	0	0	0	0	1	0	0	0	0	0	0	1	1	0	0	1	0	1	0	0	0	0	0	1	0	0	0	0	0	0	0	0	0	0
0	0	0	0	0	0	0	1	0	2	0	2	1	1	1	1	1	1	5	4	4	7	1	9	6	28	15	7	9	27	0	95	25	11	19	25	7	10	6	8	3	6	6	0	2	2	0	2	1	0	0	2	2	1	1	0	1	1	0	2	0	1	0	0	0	1	0	0	1	0	1	0	1	1	0	0	1	0	1	0	0	3	3	5	0	2	0	0	3	0	0	3	3	0	0	0	1	0	1	1	1	1	1	4	3	4	2	1	0	0	2	3	2	3	3	4	2	8	2	10	19	4	6	3	3	4	1	1	0	2	1	3	2	1	0	3	1	2	3	1	1	0	2	1	1	0	2	0	0	0	0	0	0	0	1	0	1	2	0	1	2	1	0	1	0	1	0	0	1	1	0	0	0	1	0	0	0	0	1	3	0	1	0	0	0	0	1	0	2	1	0	0	3	2	1	0	1	2	2	0	0	0	1	2	0	0	0	0	0	1	0	0	1	0	0	0	0	1	0	0	2	0	3	0	0	0	1	0	0	0	1	0	0	0	1	1	0	1	0	0	0	0	0	1	0	1	1	2	0	0	1	0	0	0	3	0	0	0	0	0	0	0	0	0	0	1	1	0	0	0	0	0	0	0	1	0	0	0	0	0	0	0	2	2	1	1	0	0	0	1	1	0	1	3	0	0	3	1	1	0	2	0	2	1	0	0	0	2	1	0	1	2	0	0	2	1	1	1	2	0	1	0	0	0	1	1	0	0	0	0	0	0	1	2	0	3	0	1	0	1	1	0	2	0	1	0	0	1	3	0	0	1	0	0	0	0	0	0	0	0	0	0	0	0	0	1	1	0	0	0	0	0	0	0	0	0	0	0	0	0	0	0	1	1	0	0	1	0	0	0	0	0	0	0	0	0	0	0	0	0	0	0	0	0	1	0	0	2	0	0	1	0	1	0	0	0	0	0	0	0	1	1	1	0	0	0	0	1	0	0	1	0	0	0	0	1	0	0	0	0	0	0	0	2	1	1	0	1	0	1	2	1	0	0	0	1	0	0	0	0	2	0	1	0	0	1	1	0	0	0	0	1	0	1	0	0	1	0	1	1	0	0	0	0	0	0	0	0	0
0	0	0	0	0	0	0	1	1	1	3	1	2	1	2	0	2	2	7	7	5	5	3	5	5	13	7	4	12	16	95	0	33	13	22	14	17	12	5	5	5	2	2	0	0	3	1	1	0	0	1	1	1	1	0	1	2	1	1	0	1	1	1	1	0	1	0	1	0	1	1	0	0	0	1	0	2	2	2	0	1	2	3	2	4	3	1	1	1	1	1	1	1	1	1	0	1	3	2	0	2	2	3	1	2	5	1	3	4	3	2	6	3	2	4	3	4	5	9	17	23	10	8	11	4	2	3	2	2	2	0	2	2	3	6	0	3	1	0	0	2	1	2	0	0	1	2	0	2	0	0	0	0	1	2	0	0	0	2	2	0	1	0	2	0	0	0	2	0	0	1	1	2	4	0	0	1	1	2	1	2	0	0	2	1	0	0	1	1	1	0	0	0	0	1	0	1	0	0	1	0	0	0	0	0	0	2	0	1	0	1	0	0	0	0	0	0	0	0	0	0	0	0	2	0	0	0	0	0	0	0	1	0	0	0	1	0	1	1	1	1	0	0	1	1	0	1	1	2	0	0	1	0	0	1	1	0	0	0	1	0	0	0	0	1	0	0	0	0	0	2	0	0	1	1	1	0	1	0	0	0	1	1	0	1	0	3	1	0	2	1	1	0	2	1	2	2	1	1	2	1	1	0	1	0	1	0	1	0	0	0	0	1	0	2	0	2	0	0	0	1	1	0	0	0	1	0	0	3	0	1	0	0	0	1	1	2	1	3	0	0	1	0	3	1	1	1	0	2	0	0	1	1	0	1	1	0	0	2	0	0	0	0	0	0	0	0	0	1	1	1	0	0	1	0	0	0	1	0	0	0	1	1	0	0	1	0	0	0	0	1	0	0	0	0	0	0	0	0	0	0	1	0	0	0	0	1	0	0	0	0	0	1	0	0	1	0	0	0	0	0	0	0	1	0	0	0	0	0	0	1	2	0	1	1	0	0	0	0	0	1	0	0	0	0	3	0	0	0	0	0	0	1	0	0	1	0	0	0	1	0	0	0	0	0	0	0	1	0	0	0	0	0	0	1	0	0	0	0	1	0	0	1	0	0	2	0	0	0
0	0	0	0	0	0	0	0	1	0	1	2	2	0	1	1	0	0	2	4	4	2	2	6	6	14	18	7	5	27	25	33	0	31	29	13	4	9	4	5	9	6	3	1	0	2	2	1	1	1	0	0	1	0	0	2	0	0	2	1	0	0	1	1	0	0	0	0	0	0	0	0	0	2	2	0	0	3	0	0	0	3	2	0	4	1	3	0	2	1	0	2	1	1	0	0	0	1	0	0	2	0	1	2	3	1	2	3	0	1	5	3	7	2	0	1	1	4	6	6	12	6	12	26	10	2	2	0	4	3	3	2	6	2	8	3	7	4	1	1	1	3	1	2	0	1	1	0	0	1	0	0	0	0	0	0	1	1	2	0	2	0	0	1	0	0	0	0	0	0	2	1	1	1	0	2	0	2	2	0	2	4	1	1	1	1	0	2	0	1	0	1	2	0	0	0	0	1	0	2	0	0	0	1	0	1	1	1	0	0	1	0	0	2	0	0	0	0	0	1	0	0	1	1	1	1	0	1	0	0	0	0	0	0	1	0	0	0	0	0	1	0	0	0	0	0	0	1	0	0	0	0	0	0	0	0	0	0	1	0	0	0	1	0	0	2	0	0	0	0	0	0	0	0	1	0	0	1	0	3	0	1	1	3	1	1	1	0	1	0	0	1	3	2	2	1	3	2	2	1	0	1	1	2	2	0	2	0	2	0	1	0	1	0	1	1	2	2	1	0	2	1	0	0	1	0	0	3	0	0	1	0	2	0	0	3	2	0	2	0	3	0	4	0	1	0	0	1	0	2	0	0	0	1	0	0	1	1	0	0	0	0	0	0	0	0	0	2	0	0	0	0	0	0	0	0	1	0	0	1	0	0	0	0	0	0	0	0	1	0	0	0	0	0	0	0	0	1	1	0	0	0	1	0	0	2	2	2	0	0	0	0	0	0	0	1	0	0	1	0	0	1	0	0	2	0	1	0	0	0	0	0	0	0	1	1	0	0	0	0	0	0	0	0	0	0	0	0	0	1	0	1	0	0	1	4	0	0	0	2	0	0	0	0	0	0	0	0	0	1	0	0	0	0	0	0	0	0	0	1	1	0	0	1	0	1	0	1	0
0	0	0	0	0	0	0	1	1	0	2	1	1	1	3	1	4	5	6	12	3	6	7	9	11	16	9	7	0	9	11	13	31	0	76	16	7	13	16	21	11	5	4	2	3	3	1	3	2	0	0	1	2	0	1	1	2	1	2	0	1	0	1	1	1	0	2	0	1	1	0	2	0	0	1	1	0	0	5	2	0	3	5	4	5	1	3	3	2	1	0	0	1	0	1	0	0	0	2	0	1	0	1	2	1	2	2	2	0	2	3	1	1	3	0	2	2	6	5	4	6	9	4	24	3	3	2	2	3	7	1	2	2	2	2	4	3	2	1	3	2	1	0	3	0	3	0	1	0	0	0	0	0	1	0	0	1	1	1	2	1	1	1	0	0	1	1	1	0	1	0	2	1	0	1	0	0	1	1	0	0	2	1	0	0	0	0	0	0	0	3	1	1	1	0	0	0	0	2	0	0	1	0	0	0	0	0	1	0	1	2	1	0	0	0	3	1	0	1	0	0	1	0	1	0	0	1	0	1	0	0	0	0	0	0	1	0	0	1	1	0	0	2	1	0	0	1	0	0	1	1	0	0	0	1	0	1	0	1	0	0	0	0	0	1	1	1	0	1	1	0	0	1	1	0	0	0	0	0	1	0	1	0	1	1	1	1	0	0	2	1	0	1	0	1	0	0	0	0	1	2	1	0	4	1	2	1	0	0	0	2	1	1	2	2	3	1	1	4	1	1	3	1	0	2	2	1	0	1	0	3	0	3	0	1	1	2	2	5	1	0	3	0	1	1	0	0	1	1	1	0	0	1	0	1	0	0	0	1	0	1	0	1	0	0	0	1	0	0	0	0	0	1	0	0	0	0	0	0	0	0	0	0	0	0	0	2	0	0	0	0	0	1	1	0	0	1	0	0	1	0	0	1	3	0	0	1	0	0	1	0	1	0	1	0	0	0	0	0	0	1	0	0	0	0	0	0	1	0	0	1	3	1	0	0	1	0	1	2	0	2	0	1	1	0	0	1	1	0	1	0	1	0	1	0	0	0	0	0	0	0	0	0	1	0	0	0	0	0	0	1	0	1	1	0	0	0	1	0	0	0	0	0	0	0	0	0	0	0
0	0	0	0	0	0	0	0	0	2	0	2	2	4	2	4	1	6	7	2	6	7	9	21	29	31	10	4	6	15	19	22	29	76	0	24	9	13	8	24	7	6	6	1	5	4	1	3	4	0	1	2	0	0	1	0	0	3	1	2	1	2	2	0	1	1	1	2	0	0	1	1	1	1	1	2	1	0	0	2	4	5	5	3	6	3	1	0	2	1	2	0	2	0	2	0	1	3	2	1	2	1	2	1	4	4	0	3	2	2	1	1	3	1	1	0	4	1	3	13	10	3	3	8	7	3	1	1	1	2	3	1	1	1	4	3	2	1	2	1	4	0	3	0	1	1	0	0	1	0	0	0	1	0	2	1	1	1	0	3	1	0	2	0	0	0	1	0	0	0	1	2	1	0	0	0	4	1	1	1	1	1	1	0	0	0	1	0	0	0	1	1	0	1	2	0	0	2	0	0	2	1	1	1	0	1	0	0	0	0	0	0	0	1	1	1	1	1	1	0	1	1	2	2	0	0	0	0	0	0	1	0	0	1	0	0	0	1	1	0	0	2	0	0	0	1	1	2	0	0	1	0	1	0	0	1	0	0	1	1	0	1	0	0	0	0	0	0	0	0	1	0	2	0	0	0	0	1	0	0	1	1	0	0	1	0	1	0	0	2	0	1	1	3	1	1	2	1	1	2	0	1	1	1	0	2	1	3	0	0	0	1	1	1	1	2	2	0	1	0	1	0	0	1	1	2	1	0	3	0	1	1	0	1	1	2	0	0	2	1	1	1	0	1	0	1	0	0	0	0	1	0	0	0	0	1	0	0	0	0	0	0	1	0	0	2	0	0	0	0	0	0	1	0	0	0	0	0	0	1	0	1	0	1	0	0	0	0	0	0	1	0	2	0	0	0	0	0	1	1	0	0	0	1	1	0	0	1	2	0	1	1	1	0	0	0	0	0	0	0	0	0	2	1	1	1	0	0	0	0	0	3	0	1	1	1	0	1	1	1	0	0	0	0	0	0	0	1	0	1	0	0	0	0	2	1	0	2	0	0	0	1	0	0	0	0	1	0	0	0	2	1	1	0	0	0	0	0	0	0	0	1	0	0	1	0	1	0	0
0	0	0	0	0	0	0	4	1	0	2	0	1	5	0	1	3	3	6	11	16	6	12	22	13	5	5	3	4	9	25	14	13	16	24	0	32	70	15	28	24	7	6	5	5	3	3	2	5	0	3	1	0	2	1	0	3	2	4	0	4	2	0	0	1	0	2	3	1	1	1	0	1	2	0	0	1	0	0	0	4	2	0	5	8	8	7	2	5	1	4	3	2	2	1	3	1	3	3	1	2	0	3	5	8	8	5	7	3	4	5	4	8	3	3	1	2	4	5	9	12	3	3	6	5	1	0	3	3	2	1	2	3	0	2	2	0	2	0	0	2	2	5	1	1	0	1	0	0	0	0	0	1	2	2	3	5	1	2	3	0	1	4	0	0	3	3	0	1	2	1	0	3	1	1	0	1	2	0	0	2	0	2	1	0	1	1	1	0	0	1	2	0	0	1	1	1	3	0	0	1	0	0	1	0	1	1	0	0	0	0	0	1	0	0	0	0	1	2	0	0	1	0	1	1	1	1	1	0	0	0	1	1	1	1	1	0	0	2	0	0	0	0	1	0	1	0	0	0	0	0	0	0	0	0	0	0	1	0	0	1	0	0	1	0	0	1	1	1	0	1	1	1	0	1	0	0	0	0	0	0	1	0	0	2	0	0	1	0	0	2	1	2	1	1	2	2	2	2	2	2	0	0	1	0	2	0	1	3	0	1	0	0	1	1	1	1	0	0	1	0	1	0	0	0	0	0	0	1	2	0	2	2	0	0	1	0	5	4	1	3	2	1	1	0	0	0	1	1	0	0	1	0	1	1	0	0	1	0	0	0	0	0	0	0	0	0	0	0	0	1	1	0	0	0	0	0	0	2	0	1	0	0	0	0	0	0	0	0	1	0	0	0	1	0	0	0	0	1	0	0	0	0	0	0	0	1	0	0	0	0	0	0	1	0	1	0	2	0	1	0	0	0	1	0	0	1	0	1	0	0	0	1	0	0	0	0	0	1	1	1	0	0	0	0	0	0	0	2	0	0	1	0	1	0	0	0	0	0	0	1	0	1	0	0	1	0	0	0	0	0	1	0	0	0	0	0	0	1	0	0	0	0	0	0	0	0	0	0
0	0	0	0	0	0	0	2	2	3	0	0	1	1	0	4	1	0	4	3	9	8	7	9	5	4	1	3	4	1	7	17	4	7	9	32	0	57	9	9	8	4	9	6	5	7	3	9	2	1	2	0	3	0	3	3	1	3	2	1	1	1	1	1	1	1	1	1	1	0	1	1	0	0	3	2	0	1	1	1	2	4	5	9	7	2	4	0	2	2	1	3	3	2	0	1	2	2	0	2	6	3	5	4	10	3	2	5	2	1	1	7	8	5	5	4	4	1	5	7	19	4	4	2	3	2	1	1	0	0	0	1	1	0	0	0	2	2	4	2	0	1	4	0	0	0	1	0	0	0	0	1	1	2	0	1	1	1	1	6	1	1	3	2	2	4	1	0	0	1	1	0	1	2	1	1	1	1	0	1	2	1	0	1	2	1	2	0	0	1	1	1	0	1	1	0	2	0	0	1	1	1	0	0	2	0	1	1	0	0	1	0	1	0	1	1	0	1	1	1	1	0	2	1	0	1	0	0	0	1	1	0	0	0	0	1	0	1	0	1	2	0	2	0	2	0	0	1	1	0	0	0	0	0	1	0	1	1	0	0	1	1	0	1	0	1	1	0	1	2	1	1	0	0	1	1	0	0	2	0	0	0	1	0	0	0	0	1	1	0	1	0	0	3	0	0	1	0	2	3	1	1	2	0	2	0	1	2	1	0	1	0	0	1	0	0	1	1	1	0	0	0	0	0	0	0	1	1	1	0	0	0	1	0	2	2	0	3	1	0	2	1	1	1	1	1	0	2	2	1	1	2	0	0	2	0	0	0	1	0	0	1	1	0	0	0	1	0	0	1	1	0	0	0	0	0	0	1	0	0	0	2	0	0	0	0	0	1	0	0	0	0	1	0	0	0	0	0	1	0	0	0	1	0	1	1	0	0	2	0	1	0	0	1	0	0	0	0	0	0	0	0	1	0	0	0	0	0	0	1	2	0	0	2	0	0	0	1	1	0	0	0	0	0	1	1	0	0	1	0	0	0	1	0	2	1	0	0	0	1	0	0	0	0	0	1	1	0	0	0	0	0	0	0	0	0	0	0	0	0	0	0	0	0	0	0	0	1	0
0	0	0	0	0	0	0	0	1	1	1	0	2	1	1	4	0	2	2	6	5	7	10	7	6	10	3	2	3	7	10	12	9	13	13	70	57	0	30	24	25	8	9	3	5	7	3	5	2	2	0	2	2	3	0	1	3	3	2	1	2	1	1	1	2	0	0	2	2	1	1	0	1	0	1	1	2	1	1	3	1	2	5	2	7	3	0	6	1	3	1	2	2	0	3	0	2	2	5	2	3	2	1	9	19	7	7	4	5	5	3	9	19	2	2	6	6	3	4	20	34	6	6	5	9	2	3	1	2	1	1	0	1	0	1	3	3	4	2	4	2	1	1	1	1	1	0	1	0	1	0	0	0	0	1	2	3	4	2	2	6	3	4	1	1	1	1	0	0	2	0	3	0	4	3	3	3	4	2	1	0	1	1	0	1	1	1	0	1	1	1	0	2	0	1	0	3	0	0	1	0	1	2	1	0	0	1	1	3	0	1	1	0	0	1	0	0	1	1	3	1	1	0	2	1	0	0	1	0	3	1	0	0	1	1	1	2	0	0	1	0	4	0	0	0	1	0	0	1	0	1	0	2	1	0	1	1	0	0	0	1	2	0	0	1	0	0	1	0	0	0	0	0	0	0	0	1	0	1	0	0	0	1	0	0	0	1	0	0	0	0	2	1	1	5	1	1	2	0	0	1	3	1	3	0	1	1	1	1	1	0	1	1	1	1	0	0	0	0	0	1	0	0	3	0	0	0	1	0	2	0	1	0	0	3	1	6	6	1	1	3	0	2	2	1	2	1	0	0	0	1	0	1	0	0	0	0	0	0	0	1	1	0	0	0	0	0	1	1	1	0	0	0	0	1	0	1	0	0	0	0	0	0	0	1	1	1	1	0	0	0	0	1	0	0	0	1	0	0	1	0	2	1	0	0	0	0	0	0	0	0	0	0	0	0	1	0	0	1	0	1	0	0	0	1	0	1	0	0	1	2	1	0	2	0	0	1	0	0	0	0	0	0	1	0	2	0	0	0	0	0	1	0	0	0	2	3	1	1	1	0	1	0	0	1	2	0	1	0	0	0	0	1	0	1	0	1	1	1	0	0	0	0	1	1	0	0	0	0
0	0	0	0	0	0	0	0	1	0	3	1	1	1	1	2	6	5	1	9	12	6	3	7	6	5	2	1	1	5	6	5	4	16	8	15	9	30	0	124	20	13	7	4	4	7	5	3	0	1	0	1	1	0	0	1	0	5	2	3	1	3	0	0	0	1	1	0	0	0	1	0	0	0	1	1	0	0	0	2	2	2	0	6	6	6	9	2	3	2	2	3	7	1	2	2	5	3	3	1	1	2	1	5	13	17	7	5	7	0	6	15	11	4	4	2	4	3	13	17	17	4	12	8	6	3	3	3	1	0	0	0	3	0	0	5	4	2	2	2	3	4	3	0	0	1	0	0	1	0	0	0	2	1	2	0	0	2	3	4	0	2	3	0	2	1	1	1	0	2	1	3	2	0	1	1	1	3	3	4	0	3	2	1	0	0	2	2	0	0	3	4	0	0	2	0	1	0	0	3	1	0	1	1	2	1	1	2	2	0	2	1	1	0	2	1	0	2	0	1	2	0	0	0	1	1	0	1	0	2	3	0	0	0	0	0	1	0	0	0	0	1	2	1	0	0	1	0	3	0	0	0	0	1	0	1	1	1	0	2	0	0	0	0	1	0	0	1	0	0	0	0	0	0	1	0	0	1	1	0	0	3	0	1	0	0	1	1	2	4	0	1	0	0	0	2	2	3	4	2	0	2	0	2	1	1	1	3	0	0	1	0	2	0	1	0	1	1	2	1	2	1	0	0	1	2	0	2	2	1	0	2	2	1	1	1	3	3	8	4	5	2	3	0	1	1	0	2	1	1	1	2	0	0	0	1	0	0	1	0	0	1	0	0	1	0	1	0	1	0	0	0	0	0	0	0	1	0	0	0	1	0	0	0	0	0	0	0	0	0	0	1	1	0	0	0	0	1	0	0	1	1	0	0	1	0	1	0	0	0	0	0	1	0	0	0	0	0	0	0	3	0	0	1	1	0	0	0	0	0	3	0	1	1	0	0	1	0	0	0	0	0	0	0	1	1	1	2	1	0	1	1	5	2	2	0	1	1	0	0	2	0	0	1	0	1	1	0	0	0	0	0	1	0	0	0	0	1	0	1	1	1	0	0	1	0	0	0	0
0	0	0	0	0	0	0	0	2	0	2	0	3	1	4	1	5	2	1	10	25	4	6	13	10	5	2	5	3	3	8	5	5	21	24	28	9	24	124	0	36	15	11	1	1	3	4	1	1	1	2	2	0	2	2	1	3	1	4	3	2	2	2	1	1	1	0	1	0	0	0	1	1	1	0	2	0	0	0	3	1	1	2	4	14	5	3	4	1	4	1	0	2	3	3	0	1	2	0	1	0	3	2	1	9	7	2	7	2	2	8	2	5	7	1	1	8	0	4	7	7	6	5	10	10	3	1	2	2	1	2	2	2	1	3	1	1	3	2	4	1	1	1	0	2	2	0	0	1	0	1	0	0	3	0	0	2	1	3	0	1	3	0	0	2	1	2	1	0	0	1	1	0	1	0	0	1	2	1	1	0	1	0	3	0	0	0	0	1	1	0	0	1	0	1	0	1	3	0	1	0	1	1	1	1	3	2	0	1	2	1	1	0	1	0	0	0	1	1	0	1	2	0	1	0	1	0	1	0	0	0	3	0	1	1	0	1	0	0	1	1	0	0	1	0	0	1	2	1	1	0	1	0	0	0	2	0	0	1	1	0	0	0	2	1	1	0	1	0	0	1	0	0	1	1	0	0	0	1	1	0	1	1	0	1	1	1	3	1	0	1	0	2	0	3	0	2	0	1	1	2	1	2	2	1	0	1	1	0	0	4	0	1	1	3	0	0	0	1	0	2	0	0	1	2	1	0	1	2	0	0	1	0	0	1	1	6	3	8	4	6	0	2	2	0	1	0	0	0	0	0	0	0	0	0	1	0	0	0	0	0	1	0	0	0	0	0	0	0	0	0	1	0	0	1	1	1	1	0	0	0	0	0	1	1	1	2	0	0	0	0	0	0	0	0	0	0	0	0	0	1	0	1	1	0	0	0	0	0	1	0	1	0	0	0	1	2	0	1	1	0	1	0	2	1	0	1	0	0	2	1	1	1	2	0	0	0	1	0	1	1	0	1	0	0	0	0	0	0	0	0	0	0	1	0	0	1	0	0	1	1	1	1	0	0	0	0	1	0	0	1	0	0	0	0	0	0	1	0	0	2	1	0	0	0	0	0	0	0
0	0	0	0	0	0	0	0	2	2	0	1	2	3	1	3	3	4	9	8	38	10	6	12	9	7	3	2	0	5	3	5	9	11	7	24	8	25	20	36	0	40	26	12	8	14	4	10	3	2	7	1	1	3	2	1	4	5	4	2	0	1	1	2	0	1	1	0	0	3	0	0	0	0	2	0	0	0	4	3	3	6	7	12	15	5	9	1	4	4	3	4	3	4	1	1	3	3	2	1	4	3	4	4	8	28	11	6	1	5	8	4	10	4	1	2	5	5	5	1	8	2	2	7	1	3	4	2	1	2	0	1	3	1	0	2	1	0	1	1	1	1	3	0	1	3	0	1	0	0	1	0	2	0	3	0	1	2	4	1	6	1	2	1	1	1	0	0	0	2	1	2	5	1	1	5	1	1	1	0	0	1	0	1	0	0	2	2	0	2	2	1	1	1	0	0	0	0	1	0	0	0	0	1	0	1	0	4	1	1	2	1	2	0	2	0	1	0	1	0	2	1	0	0	1	0	0	2	0	1	0	0	1	0	0	1	1	1	0	0	2	0	0	1	0	0	1	1	0	1	0	0	1	1	1	1	0	2	0	0	1	0	0	0	0	0	0	0	1	0	0	0	0	0	1	0	0	0	0	0	1	0	0	1	0	0	2	0	0	0	0	0	0	3	1	1	0	2	3	0	1	0	0	2	1	1	1	3	1	4	2	0	1	0	3	0	1	0	1	1	0	0	0	1	0	1	1	0	0	1	1	1	1	0	1	2	3	4	0	1	1	1	0	0	0	1	0	0	0	1	0	1	0	0	0	0	0	0	0	0	0	0	0	0	0	0	0	1	0	1	0	1	0	0	0	0	0	0	0	0	1	1	1	1	1	1	0	0	1	0	0	0	0	0	0	0	0	0	0	0	1	0	0	0	0	1	0	1	0	1	0	0	1	0	0	1	0	0	0	0	0	1	0	0	0	1	0	0	0	0	1	0	0	0	2	0	1	1	3	0	0	0	1	0	0	0	0	2	0	0	0	1	1	2	1	1	0	0	0	0	1	0	1	0	0	0	0	0	1	2	0	0	1	0	0	0	1	0	0	0	1	0	0	0	0	0	0	0	0
0	0	0	0	0	0	0	2	4	3	0	3	3	2	3	1	2	2	5	7	14	5	5	4	4	2	1	2	2	1	6	2	6	5	6	7	4	8	13	15	40	0	150	32	10	11	7	5	4	3	0	0	2	4	4	2	7	4	7	3	3	1	1	2	2	5	2	1	0	1	1	1	1	1	0	2	3	1	2	5	3	2	2	19	14	7	8	6	6	10	6	4	5	1	1	6	6	8	5	3	2	1	5	7	11	29	12	10	4	3	6	9	6	3	0	2	3	3	1	1	8	2	4	2	5	3	0	2	2	2	3	1	1	2	1	3	1	1	1	2	0	2	0	0	1	1	1	0	2	1	2	1	0	2	0	0	2	2	2	3	2	4	4	5	0	1	0	3	1	0	2	0	4	2	2	3	1	1	1	2	1	4	1	1	0	2	0	2	5	2	1	0	2	0	2	1	1	3	2	1	2	0	1	2	1	1	2	0	0	3	2	1	3	1	1	0	0	0	0	0	0	0	0	1	0	1	0	0	0	0	0	1	0	2	1	1	0	1	0	0	1	0	1	0	1	1	1	1	0	0	1	0	1	1	0	1	3	0	1	1	1	0	0	0	0	1	1	0	0	1	0	0	1	1	0	0	0	1	0	0	0	1	2	2	0	0	2	1	0	2	1	0	0	0	1	2	0	1	1	0	3	3	1	2	2	1	1	0	1	1	3	0	0	1	0	1	0	1	1	2	0	3	2	0	0	1	3	1	1	0	0	1	0	0	1	7	2	0	4	0	1	2	2	0	1	0	0	2	0	0	2	0	0	0	0	1	0	0	1	0	0	1	0	1	1	0	1	0	0	1	0	1	1	0	0	2	0	0	0	1	0	0	0	0	0	1	0	0	0	0	0	0	1	0	0	0	0	0	0	0	1	0	0	0	0	0	0	0	0	0	3	0	0	1	0	0	0	0	0	0	2	2	0	0	1	0	1	0	0	0	0	1	0	0	0	0	0	2	1	1	0	1	0	1	1	0	0	1	1	0	0	0	0	0	0	1	1	0	2	1	0	1	1	0	0	0	0	0	0	0	0	0	0	0	1	2	0	0	0	0	0	0	1	0	1	0	0	1	1
0	0	0	0	0	0	0	2	1	1	0	0	2	2	3	5	5	0	7	8	23	10	2	3	7	4	1	1	1	1	6	2	3	4	6	6	9	9	7	11	26	150	0	52	16	18	8	11	5	4	3	4	4	4	1	4	7	4	7	6	6	4	3	2	4	0	1	1	2	1	0	3	0	0	0	0	2	1	3	3	3	5	7	11	25	11	13	5	17	11	3	3	6	1	2	1	2	2	3	3	2	4	3	6	6	16	10	9	7	8	3	2	5	9	1	0	1	0	1	1	5	4	1	1	2	1	0	0	0	0	2	2	0	0	0	3	2	0	3	2	2	0	1	3	0	1	3	0	2	0	1	1	0	0	1	0	0	0	2	3	4	2	3	2	1	1	2	1	0	0	0	3	0	2	1	3	2	2	4	1	4	4	0	2	0	0	2	3	0	2	1	0	2	0	2	3	0	0	0	1	1	2	2	1	1	0	2	1	4	0	0	2	2	2	1	0	0	1	1	1	1	1	1	0	1	0	0	0	0	0	0	1	1	1	1	1	1	0	0	1	1	0	1	0	1	1	0	1	1	0	0	0	0	0	3	2	0	0	1	0	0	2	1	0	0	0	1	1	1	0	1	0	0	0	0	0	0	1	0	0	0	1	1	0	0	0	0	0	1	4	1	0	1	1	2	1	2	0	0	0	1	2	2	0	0	0	0	2	3	1	1	0	0	0	0	0	0	0	1	3	1	0	0	0	0	0	0	1	2	1	0	1	0	0	0	0	1	1	2	1	1	1	0	0	3	0	0	1	0	2	2	2	0	0	1	1	0	0	0	1	0	0	1	0	1	1	0	0	0	0	0	0	0	0	0	0	0	0	0	2	0	0	0	0	0	0	0	0	0	2	0	0	0	0	1	0	1	0	1	0	0	0	1	1	0	0	0	0	0	0	1	0	0	0	0	0	1	0	0	2	0	0	0	0	0	0	0	0	1	0	2	0	2	0	0	1	0	1	1	0	0	0	0	1	0	0	0	0	1	0	1	1	0	0	1	1	1	0	0	0	1	1	0	0	1	0	0	0	1	0	0	1	0	0	0	0	0	1	0	0	0	0	0	0	0	0	0	1	0
0	0	0	0	0	0	0	2	2	6	1	5	12	3	2	4	4	2	1	7	10	5	8	8	6	1	0	1	0	2	0	0	1	2	1	5	6	3	4	1	12	32	52	0	42	23	11	6	7	7	5	2	5	5	2	7	7	9	21	7	4	1	2	4	2	2	2	0	1	1	4	2	1	1	1	1	1	0	3	0	5	6	4	15	28	16	9	13	17	10	10	9	2	2	0	1	3	5	3	4	5	3	14	3	6	7	11	1	3	5	2	2	2	0	1	2	0	0	1	1	2	0	3	0	1	3	0	0	0	1	1	0	0	2	1	0	0	0	2	2	1	0	1	0	0	1	0	1	0	0	0	1	0	0	0	2	2	3	0	4	2	1	1	1	3	0	1	2	2	0	0	2	4	0	1	3	1	2	0	3	0	3	3	0	2	1	1	2	2	0	2	0	2	0	0	0	0	1	0	2	0	1	1	1	0	0	0	1	1	2	3	0	0	1	0	0	1	0	0	1	0	0	1	0	0	0	0	0	0	0	0	0	0	0	1	0	2	1	0	1	0	0	0	0	0	0	0	1	2	2	0	0	1	0	0	0	0	0	0	0	1	0	2	0	0	0	0	0	0	0	0	0	2	0	1	1	1	0	1	0	2	0	0	1	0	1	2	1	0	0	0	0	0	0	2	0	0	2	0	0	2	1	0	0	0	0	0	3	1	1	1	1	0	2	0	1	1	0	0	0	2	0	2	0	0	0	0	1	0	0	0	3	1	0	1	1	0	2	2	0	1	1	0	0	0	0	0	0	0	0	0	1	0	0	0	0	1	0	0	0	1	0	0	0	0	0	1	0	1	0	0	0	1	1	0	0	0	0	0	1	1	0	0	0	0	1	2	0	1	0	0	0	0	1	0	0	0	0	1	2	0	0	1	1	0	1	1	0	0	0	0	0	0	0	0	1	1	0	0	1	0	3	0	0	0	0	1	0	0	1	0	1	0	0	0	0	0	1	0	0	0	1	1	0	0	0	0	0	0	0	2	0	0	1	3	1	1	1	0	0	0	1	0	0	0	0	0	1	0	0	0	0	0	1	0	0	0	0	0	0	0	0	0	0	0	1	0	0	0
0	0	0	0	0	0	0	3	3	3	5	3	6	3	3	4	2	3	1	3	11	4	1	1	4	1	0	0	0	1	2	0	0	3	5	5	5	5	4	1	8	10	16	42	0	43	61	12	13	8	4	7	11	10	4	5	4	16	15	4	4	3	3	2	2	4	3	2	4	1	2	0	1	2	2	1	0	2	2	6	8	5	7	15	6	13	7	4	11	8	7	6	2	0	2	1	1	5	2	6	6	7	5	1	4	9	8	3	2	3	3	2	4	3	2	4	2	3	1	3	2	0	1	0	2	1	2	2	0	1	0	1	1	0	1	0	2	0	2	1	1	1	2	1	3	0	2	0	2	0	0	0	0	2	0	1	1	3	4	2	1	2	4	3	2	0	0	0	1	0	1	3	0	0	3	1	2	0	3	3	4	4	0	0	2	0	1	2	0	1	1	2	0	1	1	0	0	0	1	0	2	0	4	3	1	0	0	0	2	1	0	2	1	0	1	0	0	0	1	0	0	0	1	0	0	0	1	1	0	2	0	2	0	0	1	0	0	1	0	3	0	0	1	1	1	0	0	0	0	0	1	0	0	0	0	0	0	0	0	0	1	0	0	0	0	1	0	0	0	0	1	0	1	0	0	0	0	1	0	0	0	1	1	1	0	0	0	0	0	1	1	0	0	1	0	0	1	0	0	1	1	0	2	0	0	0	0	0	1	0	1	0	1	0	0	1	0	0	0	0	1	1	1	1	0	1	2	0	0	0	0	0	0	0	0	1	1	0	1	1	2	0	0	0	2	0	0	0	0	0	0	1	1	0	0	0	0	0	0	0	0	0	0	0	0	1	1	0	0	1	0	0	1	0	0	0	2	0	0	0	0	2	1	0	2	1	0	0	0	0	1	3	0	0	0	1	0	0	0	0	1	0	0	0	0	0	0	0	0	0	0	0	0	0	0	0	1	0	2	0	0	0	0	0	0	0	0	2	0	2	0	0	0	0	0	0	0	0	0	0	1	0	0	2	0	0	0	0	0	1	1	0	0	0	2	3	0	0	2	0	1	1	0	0	0	0	0	0	1	0	0	0	0	0	0	0	0	0	0	0	0	0	0	0	0	0	0	0	0
0	0	0	0	0	0	0	1	3	2	3	3	5	2	2	7	10	5	3	3	14	13	15	10	2	0	3	2	0	3	2	3	2	3	4	3	7	7	7	3	14	11	18	23	43	0	41	23	12	8	3	3	5	2	4	6	3	17	21	9	6	3	4	3	0	2	2	1	0	1	1	2	1	0	0	5	2	3	6	3	14	7	25	183	9	13	4	8	5	7	2	2	0	2	0	2	0	5	2	1	2	2	4	5	6	4	6	3	1	0	5	1	5	5	3	3	2	4	3	1	4	2	1	2	1	1	1	1	0	2	2	1	0	1	1	2	0	1	0	0	0	0	2	1	0	1	0	0	1	1	1	0	2	2	1	0	2	6	2	1	2	1	1	2	0	4	0	0	1	1	0	4	2	2	0	0	0	0	1	4	1	0	1	0	0	1	2	0	0	0	0	3	0	0	0	0	1	1	0	0	1	1	1	1	0	0	1	0	0	1	1	1	1	0	0	2	0	0	0	2	0	0	0	1	1	1	0	1	0	2	2	0	2	0	0	0	0	2	0	0	0	0	2	0	1	1	2	0	0	0	0	0	1	0	0	0	0	1	0	2	1	0	0	0	0	1	0	0	0	0	0	0	0	1	0	1	0	0	0	0	3	0	1	2	1	0	0	0	0	0	2	1	1	0	1	0	1	1	0	0	2	1	0	1	0	0	0	1	0	0	0	0	0	0	1	0	0	1	0	0	0	0	1	1	1	0	0	0	0	5	0	0	0	0	0	1	0	2	0	0	0	0	0	1	0	0	1	1	0	0	0	0	0	0	0	0	0	0	0	0	0	0	0	0	0	0	0	1	0	0	0	0	0	0	0	0	0	0	0	0	0	0	1	0	0	0	0	0	0	0	1	0	0	0	1	0	0	0	1	0	1	0	0	0	1	1	0	1	0	0	0	0	0	0	1	0	0	0	0	0	0	0	0	0	0	0	1	0	0	1	0	1	0	0	1	0	1	0	0	0	1	0	0	0	0	1	0	0	1	1	0	1	0	3	0	0	0	0	0	1	0	0	1	0	0	0	0	0	0	0	0	0	0	0	0	0	0	1	0	1	1	1	0	0	0	0	0	0	0
0	0	0	0	0	0	0	1	1	2	5	4	7	2	1	5	2	4	0	2	9	4	4	1	4	1	1	1	0	2	0	1	2	1	1	3	3	3	5	4	4	7	8	11	61	41	0	29	42	6	10	6	17	6	8	0	12	40	18	3	7	3	2	1	7	7	3	0	1	1	3	4	2	2	0	2	1	1	2	8	13	4	15	15	9	6	6	6	2	4	0	2	1	1	1	0	4	2	2	2	8	4	5	1	1	3	7	4	0	2	3	4	0	2	1	2	1	2	1	1	2	0	1	2	1	0	0	0	0	0	0	0	0	0	0	1	0	0	0	2	1	1	2	1	0	0	1	0	0	0	0	1	2	3	0	0	0	1	1	2	0	4	1	1	1	1	0	0	1	2	2	0	1	4	0	1	3	2	1	2	4	3	1	1	1	5	1	0	1	0	3	1	0	1	0	0	0	0	0	0	0	0	0	0	0	0	0	1	0	0	2	0	1	2	0	0	0	0	0	0	0	1	0	0	0	0	0	1	0	1	1	0	1	1	0	1	2	0	1	0	0	0	2	0	1	0	1	1	2	1	2	2	0	2	0	1	0	0	0	0	1	2	0	1	0	2	0	0	1	0	0	0	0	0	3	0	0	1	0	0	0	0	0	0	0	0	0	0	1	1	0	1	1	1	1	1	3	0	1	1	0	1	0	0	1	0	0	0	0	0	0	0	1	1	0	0	0	1	1	1	0	0	0	1	0	0	0	0	1	0	0	1	0	1	0	1	1	0	1	0	0	1	3	0	1	0	0	0	1	1	0	0	0	1	0	1	1	1	0	0	1	0	0	0	1	0	0	0	0	0	0	0	0	0	0	0	0	0	0	0	0	0	0	0	0	1	0	1	1	1	1	0	0	0	0	0	0	0	0	0	0	1	0	0	0	0	2	0	0	0	0	0	1	1	0	0	0	0	0	0	0	0	0	0	0	0	0	1	1	0	0	1	1	2	0	0	0	0	1	0	0	0	0	0	0	0	0	0	1	0	1	0	0	0	0	1	1	0	1	0	1	0	0	0	0	2	1	0	0	0	1	0	0	0	0	0	0	0	0	0	0	0	0	0	0	0	0	0	0
0	0	0	0	0	0	0	0	1	0	4	2	2	4	2	5	3	4	3	7	2	3	5	8	3	3	0	3	0	1	2	1	1	3	3	2	9	5	3	1	10	5	11	6	12	23	29	0	75	11	5	5	8	0	2	4	1	9	9	2	3	2	3	1	4	4	6	1	4	0	0	0	1	0	1	1	1	3	2	6	10	5	12	21	6	3	2	2	2	4	4	1	0	2	2	0	1	3	3	5	8	5	5	1	3	4	4	2	0	1	4	1	2	4	2	1	3	1	0	2	3	0	1	1	1	0	0	0	1	0	0	1	2	0	1	2	0	1	0	1	1	1	0	1	1	0	0	1	0	1	0	0	0	2	0	0	0	0	0	2	2	2	2	2	0	1	0	0	0	0	0	1	3	3	2	0	2	1	0	1	3	1	1	0	0	0	2	2	0	0	0	0	0	0	1	1	2	1	1	1	0	0	0	2	0	0	0	0	1	0	0	0	1	0	2	0	0	1	0	0	1	1	0	0	0	0	0	0	0	1	1	0	1	0	2	0	2	0	0	0	0	1	0	0	0	1	1	0	0	0	0	0	0	0	0	1	0	0	0	1	0	0	0	0	0	0	0	0	0	1	0	0	1	0	0	1	0	0	0	0	0	0	0	0	0	0	0	1	0	0	0	0	1	0	1	0	1	0	0	1	0	0	1	0	0	0	1	0	0	1	0	0	0	1	0	0	0	0	1	1	2	0	0	0	0	0	0	1	0	0	0	0	1	1	0	0	3	0	1	2	0	0	0	1	0	0	0	0	1	1	0	0	0	0	0	0	0	0	0	0	0	0	1	0	0	1	0	0	0	0	0	1	0	0	1	0	0	1	2	0	1	0	0	2	0	0	0	0	1	0	0	0	1	0	0	1	0	0	0	0	0	1	0	1	0	0	0	0	1	0	1	0	0	0	0	1	0	0	0	1	0	0	0	0	0	0	0	0	0	0	1	2	0	0	0	1	0	1	0	0	1	1	0	1	0	0	0	1	0	0	1	0	0	0	0	0	0	1	0	1	0	1	1	0	1	0	0	0	0	0	0	0	0	0	0	0	0	0	0	0	0	1	0	0	0	0	0	0	0
0	0	0	0	0	0	0	2	3	2	2	1	1	4	1	10	5	1	4	0	3	3	3	3	1	3	2	0	1	0	1	0	1	2	4	5	2	2	0	1	3	4	5	7	13	12	42	75	0	53	14	14	13	8	9	5	1	16	4	6	4	0	4	4	9	6	7	8	8	1	1	0	3	0	1	5	4	5	6	9	11	10	13	10	4	4	3	6	1	2	1	2	3	2	2	0	0	1	2	2	5	3	3	2	3	4	2	2	1	2	1	1	2	1	0	0	0	1	3	3	1	0	1	1	1	3	0	0	1	0	0	2	1	1	2	0	1	0	0	0	2	2	1	0	0	1	1	2	1	1	0	1	1	1	1	0	2	0	0	1	0	1	2	0	0	2	2	1	1	1	3	0	1	0	1	2	2	2	1	1	2	2	1	0	1	0	0	0	0	0	1	0	1	1	0	0	1	0	1	0	0	0	0	0	0	0	0	0	0	0	0	1	1	0	0	1	0	1	0	0	0	2	0	0	1	0	0	0	0	1	0	2	3	0	0	0	0	0	0	0	0	1	1	0	0	0	1	0	0	1	1	0	0	0	1	0	2	1	0	0	0	2	1	0	0	1	1	0	0	0	0	0	0	0	1	0	0	0	0	0	2	0	0	0	0	1	0	0	0	2	1	0	1	0	0	1	0	0	0	0	0	0	0	0	4	1	0	0	1	0	0	0	0	1	0	0	1	1	0	0	1	0	1	0	1	0	0	0	1	0	0	0	2	0	0	2	3	2	1	0	0	1	0	0	1	0	2	0	0	0	0	0	0	1	2	0	0	0	0	0	0	1	0	0	0	0	0	0	0	0	0	0	0	0	0	1	1	0	0	0	1	1	1	0	0	0	0	1	0	0	0	0	1	0	0	0	1	0	0	0	0	1	0	0	0	0	0	0	0	0	0	0	0	0	0	1	0	0	0	0	2	0	0	0	0	1	0	0	1	0	0	0	0	0	0	0	1	0	1	1	1	0	0	0	0	0	0	0	0	1	0	0	2	1	0	1	0	1	0	0	1	0	1	0	0	0	0	0	0	0	1	0	0	0	0	0	1	0	0	0	0	0	0	1	0	1	0	0	1
0	0	0	0	0	0	0	0	1	1	2	2	3	0	2	6	2	2	3	4	3	3	2	2	0	3	2	0	1	0	0	0	1	0	0	0	1	2	1	1	2	3	4	7	8	8	6	11	53	0	186	40	14	2	11	2	7	13	6	7	3	5	7	13	16	10	8	2	5	6	1	1	1	2	3	3	1	9	7	16	6	4	4	2	2	4	1	2	1	2	1	1	0	0	3	1	1	0	1	3	3	2	1	0	1	1	3	1	1	0	2	1	1	0	2	0	1	0	0	0	0	1	0	4	0	1	1	0	0	0	1	1	1	1	0	1	1	1	0	1	1	0	0	0	0	0	1	0	1	1	0	1	2	2	1	0	0	3	0	0	0	2	0	0	0	0	0	0	1	0	3	1	3	3	2	3	0	2	0	0	0	1	1	0	2	0	0	2	0	3	0	0	0	1	0	2	1	1	1	0	0	0	1	0	0	0	0	0	0	2	1	2	0	1	1	1	1	0	1	0	0	1	0	0	0	0	0	0	1	1	0	0	2	0	1	1	0	0	2	0	0	0	0	2	0	0	0	1	1	0	0	0	1	1	0	0	0	0	0	0	1	1	0	1	3	0	0	0	0	0	0	0	0	0	0	0	1	0	0	0	0	0	2	0	2	0	0	0	1	1	1	0	1	0	0	1	1	0	1	1	0	0	0	0	0	1	1	0	0	0	0	0	0	1	1	0	0	0	0	0	0	0	0	0	0	1	0	0	1	0	0	0	0	1	0	1	0	0	0	0	1	0	0	0	1	0	1	0	0	0	0	0	0	0	0	0	0	0	0	2	0	0	1	1	0	0	2	0	0	0	1	0	0	0	0	0	0	0	0	0	0	0	0	0	0	0	0	1	0	0	0	0	0	0	0	1	0	0	0	0	0	0	1	0	0	2	0	0	0	0	0	1	0	0	0	0	0	0	2	1	0	1	0	0	0	0	0	0	0	0	0	0	1	1	1	0	1	1	0	0	1	0	0	0	1	3	0	0	0	0	1	1	0	0	0	0	0	0	0	0	0	0	0	0	0	0	0	0	1	0	0	0	0	0	0	0	0	0	0	0	0	0	0	0	0	0	0	0	0
0	0	0	0	0	0	0	1	0	3	3	2	0	5	4	3	0	2	1	0	2	1	0	2	2	0	1	1	1	0	0	1	0	0	1	3	2	0	0	2	7	0	3	5	4	3	10	5	14	186	0	33	20	7	4	3	5	7	4	3	7	6	4	7	21	17	11	8	9	2	1	5	1	2	2	6	5	13	5	11	7	4	3	2	3	0	4	5	1	2	0	0	0	0	0	2	2	1	2	0	1	1	0	0	0	1	0	2	0	0	2	0	1	0	1	0	1	1	1	0	1	1	0	0	1	0	0	0	1	0	1	1	1	0	1	0	0	1	0	1	1	0	0	0	0	0	0	0	0	0	1	0	0	1	1	0	0	0	2	1	1	1	2	1	0	1	0	0	1	0	1	1	0	0	0	4	1	0	2	2	0	0	0	0	1	0	0	1	0	1	0	0	1	1	0	1	2	1	1	1	0	1	1	0	0	2	1	1	0	0	0	0	1	0	0	0	0	0	0	0	0	0	0	0	0	0	0	0	0	3	2	1	1	0	0	0	0	0	0	1	0	1	0	1	1	3	0	0	0	0	1	1	0	0	0	0	0	0	0	0	0	0	1	0	0	1	0	1	0	0	0	0	1	0	0	0	0	0	0	0	0	0	0	0	0	0	0	0	0	0	1	0	0	0	0	3	0	0	0	0	0	0	0	0	0	0	0	0	0	0	0	1	1	1	0	1	0	0	2	1	0	1	0	0	0	0	1	0	1	0	0	0	1	0	0	0	0	1	0	0	0	3	1	0	0	0	0	0	1	1	0	0	0	1	1	0	0	0	0	0	0	0	0	0	0	0	0	0	1	0	0	0	1	0	0	0	0	0	0	0	0	0	0	0	0	1	0	0	0	0	0	1	0	0	0	0	0	0	0	0	0	0	0	0	0	0	0	0	0	1	0	1	0	1	1	0	0	0	1	0	0	0	0	0	0	1	1	0	0	0	0	0	0	0	0	0	0	0	1	0	0	1	1	0	0	0	0	1	0	0	0	0	0	0	0	0	0	0	0	0	0	2	1	0	0	0	0	0	0	0	0	0	0	0	0	1	0	0	0	0	0	0	0	0	0	0	1	0	1
0	0	0	0	0	0	0	5	2	3	3	7	5	3	5	3	5	1	2	2	3	5	4	0	2	3	0	0	0	0	2	1	0	1	2	1	0	2	1	2	1	0	4	2	7	3	6	5	14	40	33	0	29	12	10	6	16	21	7	13	15	14	11	22	35	27	13	3	13	10	4	4	4	0	3	5	3	9	11	29	14	6	9	6	5	7	1	2	0	2	0	0	0	1	0	1	0	0	3	1	2	2	1	2	3	2	7	0	1	0	0	2	0	1	1	1	1	2	0	2	0	2	0	1	0	1	0	0	1	0	2	1	0	0	2	0	0	0	1	0	2	1	0	1	0	0	0	0	0	0	1	0	0	0	0	0	2	1	0	0	3	1	3	0	1	0	2	0	1	1	0	1	2	0	1	2	0	1	1	1	0	0	0	1	2	1	1	2	0	0	1	2	0	0	1	1	0	1	0	0	0	0	1	1	0	0	2	0	0	0	2	1	0	0	0	1	1	1	1	1	0	0	0	0	1	0	0	1	0	0	1	0	0	0	0	2	0	0	1	1	0	0	0	0	0	0	0	0	0	0	0	0	0	1	0	0	0	0	0	0	0	0	0	0	0	1	0	0	1	0	0	0	0	1	0	0	0	0	0	0	1	0	0	1	0	1	2	0	0	1	0	0	0	1	0	0	0	0	0	0	0	0	1	0	0	0	0	2	1	1	0	0	0	0	0	0	0	0	0	0	0	0	0	0	0	0	0	0	1	2	0	0	0	0	2	0	0	0	2	1	1	0	0	0	1	0	0	0	1	0	0	0	0	0	0	0	0	0	0	0	0	0	0	1	0	0	0	0	0	0	0	0	0	0	0	0	0	0	0	1	0	0	0	1	0	0	0	0	0	0	1	0	0	1	0	0	0	0	0	0	0	0	1	0	0	0	0	0	0	0	1	1	0	1	0	0	0	0	0	0	0	1	0	0	0	0	0	1	0	0	0	0	1	0	0	0	0	0	0	2	0	0	2	0	0	1	0	0	0	0	0	0	4	2	1	0	0	0	0	0	1	1	1	0	0	0	0	0	0	0	0	0	1	0	0	0	0	0	0	0	0	0	0	0	0	0	0	0	0
0	0	0	0	0	0	0	4	0	2	2	1	3	2	0	1	3	4	2	2	2	1	2	0	1	1	0	1	1	1	2	1	1	2	0	0	3	2	1	0	1	2	4	5	11	5	17	8	13	14	20	29	0	24	20	11	14	17	20	6	8	8	11	7	10	7	3	2	4	7	3	2	1	1	2	4	1	2	8	7	5	3	5	6	4	4	4	3	1	6	2	3	2	0	0	0	3	0	3	5	5	3	6	3	1	3	1	4	0	4	1	1	2	1	0	1	1	1	1	0	0	0	1	1	1	0	0	1	0	0	0	0	1	0	0	0	0	1	0	0	0	4	0	0	0	0	1	1	0	0	0	0	1	0	2	2	0	0	3	0	0	1	2	0	0	0	0	1	0	1	1	2	1	0	1	1	1	0	1	1	3	6	2	1	0	0	1	0	2	0	0	0	1	0	0	1	0	0	0	1	0	1	0	1	2	0	1	0	1	1	0	2	0	1	0	1	0	0	0	0	2	0	1	0	1	0	0	0	0	0	0	1	2	1	1	0	1	0	0	0	0	0	1	1	2	0	0	0	0	1	0	0	0	0	0	0	0	0	1	1	1	1	0	0	1	0	0	0	1	0	2	0	0	0	0	0	0	1	0	2	0	0	1	0	0	0	0	2	2	2	0	0	0	2	0	0	0	0	0	0	2	1	1	0	1	0	0	0	0	0	0	0	0	0	0	0	0	0	0	0	0	0	0	0	2	0	0	0	0	0	0	0	0	0	1	0	0	0	1	0	1	1	0	0	0	0	1	0	0	0	0	1	0	0	1	1	0	0	0	0	0	1	0	0	1	0	1	0	0	1	0	0	0	1	1	1	0	0	0	0	0	0	1	1	0	0	0	0	1	0	0	0	0	0	0	0	0	0	0	0	0	0	1	0	0	0	0	1	0	1	0	0	0	0	0	0	0	0	1	0	0	0	1	0	0	0	0	2	0	0	1	0	0	0	1	0	1	0	1	0	2	0	0	0	2	0	1	0	0	0	1	0	0	1	0	0	0	0	0	0	0	0	1	0	0	0	0	0	0	0	0	0	1	0	0	0	0	0	1	0	0	0	0	0	0	0	0	0	0
0	0	0	0	0	0	0	1	3	3	4	5	0	2	2	2	2	1	2	2	6	1	2	3	0	0	0	1	0	1	1	1	0	0	0	2	0	3	0	2	3	4	4	5	10	2	6	0	8	2	7	12	24	0	24	15	15	9	11	1	5	5	5	4	3	5	4	0	2	4	0	0	1	1	1	1	2	5	4	6	5	2	4	5	4	6	4	4	8	4	5	5	1	0	1	2	0	3	3	8	2	5	1	2	2	4	3	4	1	3	2	1	1	1	0	1	1	1	0	1	2	2	1	1	0	0	0	1	0	0	1	0	0	1	1	0	0	0	0	1	0	3	2	1	0	2	0	1	0	2	0	1	0	3	1	1	0	0	3	0	3	2	2	4	1	2	1	1	2	0	1	2	2	1	3	0	2	1	3	3	6	2	0	1	1	1	2	1	1	0	0	0	1	0	0	1	0	1	2	1	1	0	0	1	0	2	2	1	1	1	2	0	1	2	0	0	1	0	0	0	1	0	1	0	0	1	0	1	0	0	0	1	1	0	0	2	0	0	0	0	0	0	1	0	0	0	1	0	0	0	0	0	0	0	0	2	0	1	0	0	1	0	0	1	0	0	1	0	0	0	2	0	0	0	1	0	1	0	1	1	3	0	0	0	0	1	0	0	0	0	2	0	0	0	0	1	1	0	0	0	2	0	1	0	1	0	0	1	0	0	0	0	0	1	0	0	0	0	0	1	0	0	0	0	1	0	1	0	1	0	1	1	0	1	0	0	3	1	1	4	0	0	1	0	1	0	0	0	0	0	0	0	0	1	0	0	0	0	0	0	0	0	0	0	0	0	0	0	0	1	0	1	0	1	0	0	0	0	1	0	1	0	0	1	0	0	0	0	0	0	0	0	1	0	1	0	0	0	1	0	0	0	1	0	0	0	0	0	0	0	1	0	1	0	0	0	0	1	1	0	0	0	0	1	0	0	0	0	0	0	1	0	0	0	1	0	0	0	0	1	0	0	0	0	0	0	0	0	0	0	0	0	0	1	2	0	0	1	1	0	0	0	0	0	0	0	1	0	0	0	0	2	0	0	0	0	0	0	0	0	1	0	0	0	0	0	0	0	0
0	0	0	0	0	0	0	7	4	3	5	1	3	1	3	4	5	0	3	2	0	1	1	2	1	0	2	1	0	0	1	0	0	1	1	1	3	0	0	2	2	4	1	2	4	4	8	2	9	11	4	10	20	24	0	88	100	9	10	13	22	29	4	29	7	7	5	5	5	6	2	1	4	1	5	1	1	5	3	7	8	7	2	2	2	6	5	2	3	1	3	3	1	0	0	1	2	0	3	2	1	1	2	3	1	2	0	2	1	0	2	1	0	1	0	0	0	0	0	0	1	1	0	0	2	0	2	0	0	0	1	1	0	1	1	0	0	0	1	1	1	0	0	1	0	3	0	0	0	0	0	0	2	0	0	1	1	0	1	3	3	2	0	1	0	1	1	0	1	1	0	2	0	0	1	0	2	3	0	1	4	0	0	1	1	1	2	1	1	0	0	0	0	0	0	1	0	0	1	0	0	0	0	2	1	1	0	0	0	1	1	0	1	0	0	1	0	2	0	1	0	2	0	0	1	0	0	0	0	0	0	0	1	0	0	1	0	1	0	3	0	0	0	1	0	0	2	0	0	0	0	0	0	1	0	0	1	0	1	1	0	0	0	0	1	1	0	0	0	0	0	0	0	0	0	0	1	0	1	0	0	0	0	0	1	0	0	1	1	0	0	0	1	0	0	0	0	1	0	1	0	1	0	0	0	0	0	0	1	0	0	0	1	0	0	0	1	0	0	1	1	0	0	0	0	0	0	1	0	0	0	0	0	0	0	2	2	1	1	1	0	0	1	1	0	1	0	0	0	5	1	0	0	0	0	0	0	0	0	0	0	0	0	1	0	0	0	0	0	0	0	0	0	0	0	0	0	0	0	0	1	2	1	1	0	0	1	0	0	0	0	0	2	0	1	0	0	0	0	1	1	0	0	0	0	1	1	1	0	0	0	0	0	1	0	0	0	0	0	0	1	1	0	0	0	0	0	0	1	0	1	0	0	1	0	0	0	1	1	0	0	0	0	0	0	1	0	0	0	0	0	1	0	1	0	0	0	0	0	1	0	1	1	0	1	0	2	0	1	0	0	0	0	0	0	0	0	0	0	0	0	0	0	0	0	0	0	0	0
0	0	0	0	0	0	0	10	6	4	3	4	2	3	1	3	1	1	5	1	5	1	3	1	1	1	1	1	0	0	0	1	2	1	0	0	3	1	1	1	1	2	4	7	5	6	0	4	5	2	3	6	11	15	88	0	58	12	9	15	36	25	15	10	3	4	3	2	3	8	6	3	1	1	5	3	0	2	3	7	5	2	5	0	6	5	2	6	6	4	3	0	1	0	3	0	2	2	4	2	1	0	3	1	4	2	4	1	0	2	1	0	1	2	0	1	0	0	0	3	0	0	2	1	0	0	1	0	0	0	0	0	0	0	0	0	1	0	0	1	0	0	0	2	0	2	1	1	1	0	0	1	1	0	0	1	0	0	0	1	0	1	2	2	0	0	1	2	1	0	2	0	2	0	0	1	2	1	4	2	0	0	1	0	0	2	0	0	1	1	0	0	1	1	1	0	1	0	0	1	0	0	0	0	0	2	1	0	3	0	0	1	0	0	0	0	1	0	0	0	1	0	0	0	0	1	0	0	0	0	0	1	0	0	0	0	0	0	1	0	1	0	3	0	1	0	0	2	2	0	0	0	0	0	0	1	0	0	0	0	0	0	0	0	0	0	0	0	0	1	1	0	0	0	0	0	0	0	0	0	1	0	0	0	1	0	0	0	0	0	0	0	0	1	0	0	0	0	2	0	1	0	0	0	2	0	0	0	0	0	0	0	0	0	1	0	0	0	0	2	0	0	0	0	1	0	0	1	1	0	0	0	1	1	0	0	1	0	0	0	1	1	2	0	0	0	0	0	0	0	0	1	0	1	0	0	1	0	0	0	0	0	0	0	0	0	1	1	0	0	0	0	0	1	0	1	0	0	0	1	0	1	2	0	1	0	0	0	0	0	0	1	0	0	0	0	0	1	0	0	0	0	0	1	1	0	0	1	0	0	0	0	0	0	1	0	0	0	0	0	0	0	0	0	0	0	0	1	1	0	1	1	0	0	0	1	0	0	0	1	0	1	0	0	1	1	0	0	0	0	1	0	0	0	0	3	0	1	0	0	0	0	0	1	0	1	0	0	0	0	0	0	0	0	0	1	0	0	0	0	0	0	1	0	0	1	2	0	0
0	0	0	0	0	0	0	9	3	6	4	4	7	4	4	2	1	2	4	0	8	3	1	2	1	0	1	0	1	1	1	2	0	2	0	3	1	3	0	3	4	7	7	7	4	3	12	1	1	7	5	16	14	15	100	58	0	20	18	36	38	11	5	18	7	5	3	3	9	10	1	3	1	2	4	1	5	5	5	6	6	8	3	2	2	12	6	3	6	1	3	1	0	3	0	2	4	4	4	4	0	0	1	1	0	5	1	1	0	1	1	1	0	1	1	2	0	0	0	0	2	0	0	0	1	1	0	1	0	0	0	0	0	0	1	0	0	1	1	0	0	0	1	1	0	1	1	0	0	0	0	0	0	1	0	0	4	1	2	1	1	2	3	2	2	0	2	0	1	0	1	0	2	1	0	1	0	0	1	3	4	1	2	0	1	0	2	2	3	1	0	0	0	1	0	1	0	1	1	0	0	0	2	0	1	0	1	1	1	1	0	0	0	0	0	1	0	1	0	0	1	1	0	0	1	0	0	0	0	1	1	0	0	0	1	0	2	0	0	0	0	0	1	0	0	0	0	0	0	0	1	1	0	0	0	0	0	0	0	0	0	0	0	0	0	0	0	0	0	0	0	0	0	0	0	0	0	1	0	0	0	0	2	1	0	0	0	0	0	0	0	0	1	0	0	0	0	0	0	0	0	1	0	1	1	0	0	0	0	0	0	1	0	0	1	0	0	1	0	0	0	0	0	1	0	0	0	0	0	0	0	0	0	0	0	2	0	0	0	0	2	3	0	2	1	1	1	0	0	0	0	0	0	0	0	1	2	0	0	0	1	0	0	0	0	0	0	0	0	0	0	0	0	0	0	0	0	0	0	0	0	0	2	0	0	0	0	0	0	0	0	2	0	0	0	0	1	0	0	1	0	0	2	1	0	0	0	0	0	1	0	0	1	0	0	1	0	0	1	0	0	1	1	1	0	0	0	2	0	0	0	0	1	0	0	1	0	0	0	0	2	1	1	0	0	0	0	1	1	0	0	0	0	0	1	1	0	0	1	1	0	1	0	0	2	0	0	0	0	0	1	0	0	0	0	0	0	0	0	1	0	0	0	0	0	0	0	0	0
0	0	0	0	0	0	0	0	3	5	3	6	2	5	1	3	4	2	7	0	4	2	4	7	4	2	0	1	2	2	1	1	0	1	3	2	3	3	5	1	5	4	4	9	16	17	40	9	16	13	7	21	17	9	9	12	20	0	65	16	8	10	2	5	8	3	1	1	7	4	3	1	1	2	0	3	1	5	8	13	19	11	10	9	8	7	5	7	5	2	4	3	0	3	0	0	2	2	1	4	3	0	1	5	4	1	1	1	1	1	1	3	1	1	3	1	2	1	0	2	2	1	2	2	1	1	2	1	0	1	1	0	1	0	0	1	1	1	0	0	0	1	0	1	0	0	0	1	2	0	1	0	0	2	1	0	1	1	2	3	2	0	2	1	0	0	1	1	1	1	2	1	0	1	0	4	0	2	0	0	0	1	1	0	0	0	0	0	0	2	0	0	0	0	1	1	0	1	0	1	0	0	0	0	0	0	1	0	0	0	1	0	1	1	2	1	0	0	0	0	3	1	0	0	0	0	1	0	1	0	0	0	1	2	0	0	0	1	0	0	0	1	0	0	1	0	0	1	1	1	0	1	1	1	0	0	0	0	1	0	0	0	0	0	1	0	0	0	1	0	0	0	0	1	0	0	1	0	0	0	2	0	0	1	1	0	0	0	0	0	1	0	1	1	1	0	0	1	1	0	0	0	0	0	0	0	2	0	0	2	0	0	2	1	0	0	1	0	0	0	0	1	1	0	0	0	1	0	0	0	0	0	0	1	1	0	0	0	0	1	1	0	1	1	0	0	1	1	0	2	0	1	0	0	0	1	0	0	0	0	0	0	0	0	0	1	1	0	0	0	0	0	0	1	1	0	0	0	0	0	0	0	0	0	0	0	1	0	0	1	0	1	0	0	0	0	1	0	0	0	0	0	0	0	1	0	0	1	1	0	0	0	0	1	0	1	0	0	0	0	1	2	0	0	1	0	0	0	1	0	1	0	0	0	0	0	0	0	0	1	1	0	1	0	0	0	0	0	0	0	0	1	1	0	0	0	0	0	0	0	1	1	0	0	0	0	0	0	0	0	1	0	0	0	0	0	0	0	0	0	0	1	0	2	0	2	1	0	0
0	0	0	0	0	0	0	2	6	2	7	7	12	2	7	4	5	4	6	3	11	2	3	4	1	2	1	3	0	1	0	1	2	2	1	4	2	2	2	4	4	7	7	21	15	21	18	9	4	6	4	7	20	11	10	9	18	65	0	29	14	7	3	8	5	5	2	3	3	3	0	1	2	2	4	3	3	9	4	12	23	11	10	15	8	15	9	5	5	2	2	2	2	0	2	1	0	3	3	1	3	1	1	2	2	2	3	4	0	2	1	2	1	1	1	2	1	0	3	2	0	1	1	0	0	0	1	1	0	2	0	1	0	1	0	0	0	0	0	1	1	1	3	1	0	0	0	0	2	0	0	0	0	0	1	1	2	2	3	2	0	2	2	2	1	1	1	3	2	0	0	0	0	0	1	0	1	0	0	4	1	1	1	0	0	2	1	0	0	2	0	0	0	0	0	2	0	2	0	0	0	2	1	1	0	1	0	0	2	1	0	2	0	1	1	0	0	0	1	0	1	0	1	0	0	0	0	1	0	0	0	2	0	1	0	0	0	1	0	0	0	0	0	1	0	0	0	0	1	0	0	0	0	0	0	1	1	0	0	0	0	0	0	0	0	0	0	0	2	0	0	0	0	0	0	0	0	1	1	0	1	0	0	0	0	0	0	2	0	0	0	0	0	1	0	0	0	2	2	1	0	0	1	0	1	0	0	1	0	0	0	1	1	1	0	0	0	0	0	1	0	0	0	1	1	0	0	0	0	0	0	1	0	1	0	1	1	0	2	0	0	1	2	1	0	0	0	0	0	0	1	0	1	1	0	1	0	0	0	1	1	0	0	0	0	0	1	0	0	0	0	1	0	1	0	1	0	1	0	0	0	0	0	0	0	0	0	0	0	1	0	0	2	0	0	0	0	1	0	0	0	0	1	0	0	0	0	0	0	0	0	0	0	0	0	0	0	0	0	0	0	0	0	0	0	0	0	0	0	2	1	0	1	0	1	0	1	0	1	0	1	0	0	0	0	0	1	0	0	0	1	0	0	0	0	1	0	0	0	0	0	0	0	0	2	0	0	0	0	0	1	0	0	0	0	1	0	1	1	1	0	0	0	0	0	1	0	0	0
0	0	0	0	0	0	0	8	7	9	11	14	11	6	5	5	5	2	3	2	3	2	4	2	1	0	1	0	1	0	2	0	1	0	2	0	1	1	3	3	2	3	6	7	4	9	3	2	6	7	3	13	6	1	13	15	36	16	29	0	60	11	12	13	3	6	1	5	2	7	7	0	3	0	3	0	2	8	13	23	13	24	6	5	2	8	1	4	4	4	2	0	0	0	2	1	0	1	2	2	0	1	1	0	0	0	3	0	1	1	2	1	1	2	0	0	2	0	2	2	1	0	0	0	1	1	0	0	0	0	1	1	0	0	0	0	2	0	0	0	0	0	1	1	0	0	0	1	0	0	0	0	2	1	1	0	1	1	2	1	1	1	1	0	0	0	1	2	0	0	0	2	2	1	1	2	2	2	0	1	2	3	3	0	2	1	0	1	0	0	1	1	1	0	0	0	2	1	1	0	0	0	0	0	2	0	0	0	0	1	1	0	0	0	1	0	2	0	0	0	0	0	0	2	0	0	0	0	0	1	0	0	0	1	0	0	0	0	1	0	0	0	1	0	0	0	0	0	0	0	0	0	1	0	0	0	0	0	0	1	1	0	0	0	1	1	0	0	0	1	0	0	0	0	0	0	1	0	0	0	0	0	0	0	0	0	0	0	0	0	1	0	0	0	0	0	1	0	0	1	0	1	0	0	0	0	0	1	0	0	2	0	3	0	0	0	0	0	0	1	0	0	0	0	1	0	0	0	1	0	1	1	0	0	0	1	0	1	0	0	0	0	0	0	0	0	0	0	0	0	0	1	0	0	0	0	0	0	0	1	0	1	0	0	0	0	0	0	0	0	0	0	0	2	0	0	0	0	0	0	0	0	0	0	1	1	0	0	0	0	0	0	2	0	0	0	1	0	0	1	0	0	1	0	0	0	0	0	0	0	0	1	0	1	0	1	1	0	0	0	0	0	0	0	0	0	0	0	0	0	0	0	1	0	0	0	0	1	0	0	0	0	0	1	0	2	0	0	0	1	0	2	0	0	0	0	0	0	0	0	0	0	0	0	1	0	0	0	1	0	0	0	1	0	0	0	0	0	0	0	0	1	0	0	0	0	0	0	0
0	0	0	0	0	0	0	10	7	12	6	11	11	1	6	1	3	3	1	5	3	3	0	3	1	2	1	0	0	0	0	1	0	1	1	4	1	2	1	2	0	3	6	4	4	6	7	3	4	3	7	15	8	5	22	36	38	8	14	60	0	39	26	5	4	6	1	4	6	9	5	3	3	3	0	6	2	10	8	14	8	10	4	4	2	6	6	4	9	2	0	2	2	0	0	1	1	1	1	5	2	0	3	0	0	1	1	4	1	1	3	0	2	1	1	1	0	0	1	1	0	1	1	2	0	0	0	0	0	0	1	0	0	0	0	0	1	0	1	0	1	0	0	0	0	0	1	2	0	0	0	0	2	1	2	0	0	0	1	0	3	0	1	1	0	0	0	0	0	0	1	0	0	0	0	1	1	0	2	0	0	0	0	1	0	1	1	1	0	2	1	1	0	0	0	0	0	0	1	0	0	1	0	0	3	0	0	0	2	0	0	1	0	0	1	1	0	0	0	1	0	0	0	0	0	0	0	0	0	0	2	0	0	0	1	1	1	0	1	1	0	0	0	1	0	1	0	0	0	0	1	0	0	0	0	1	0	2	1	0	0	0	0	0	0	0	1	0	0	0	0	0	1	0	0	0	0	0	0	1	0	0	1	0	0	1	0	0	0	1	0	1	0	0	0	1	2	0	1	0	0	1	0	1	1	2	0	0	1	0	0	1	0	1	1	1	0	1	1	0	0	1	0	3	1	1	0	0	0	0	1	0	0	0	0	0	1	1	1	0	0	0	0	0	0	2	1	0	0	0	0	0	0	1	0	0	0	0	0	0	0	0	0	0	0	1	1	0	0	0	0	0	0	0	0	0	1	0	0	0	0	0	0	0	0	0	0	0	0	1	0	0	0	0	0	0	0	0	1	1	0	0	0	0	0	0	0	0	0	0	0	1	1	1	0	0	0	0	0	0	0	0	0	0	1	0	1	0	0	0	1	0	0	0	0	1	0	0	0	2	0	1	1	0	0	0	0	1	0	0	0	0	1	1	0	0	1	2	1	0	0	0	0	1	0	0	0	0	0	0	0	0	0	0	0	0	0	0	0	0	0	0	0	0	0	0	0	0	0
0	0	0	0	0	0	0	7	7	7	11	8	7	3	4	3	1	0	2	2	1	3	2	0	0	0	2	0	0	2	1	1	0	0	2	2	1	1	3	2	1	1	4	1	3	3	3	2	0	5	6	14	8	5	29	25	11	10	7	11	39	0	69	36	9	10	8	6	10	22	10	3	3	4	3	4	4	9	4	11	4	3	1	1	2	5	2	3	3	5	1	0	0	1	1	2	0	0	2	1	0	1	5	0	1	0	0	0	2	2	1	0	1	1	0	0	1	0	0	1	1	1	0	0	0	0	2	0	2	0	0	0	0	0	2	0	0	0	2	1	0	1	0	1	1	0	0	0	0	0	2	0	1	0	1	0	1	3	0	1	2	0	0	0	0	1	0	1	0	0	1	1	0	1	1	1	0	0	3	0	1	1	0	1	0	2	1	0	0	0	0	1	0	1	0	0	1	1	0	0	0	1	1	0	0	0	0	2	1	0	0	1	1	3	0	1	0	2	0	0	0	0	3	1	0	0	0	0	1	0	1	0	0	0	0	0	0	2	0	0	1	0	1	0	0	1	0	0	0	0	1	0	1	0	1	0	0	0	0	1	0	1	1	1	0	0	0	1	0	1	0	1	0	1	0	0	0	0	1	0	0	0	0	0	0	0	0	0	0	1	1	0	0	0	0	0	1	0	0	1	0	0	0	1	0	0	1	0	0	0	0	0	2	0	0	0	0	0	0	1	0	0	0	0	0	0	1	0	0	0	0	0	0	0	0	1	0	0	1	1	0	0	1	1	0	0	1	0	1	0	0	0	0	0	0	0	0	1	0	0	0	0	0	0	0	0	1	0	0	0	0	0	0	0	0	1	0	0	0	0	0	0	0	0	0	0	0	0	0	0	1	0	0	0	0	0	0	0	0	1	0	0	0	0	0	1	0	0	0	0	0	0	1	0	0	0	0	0	2	0	0	0	0	0	0	0	0	0	1	0	1	0	0	0	0	1	0	0	0	0	0	1	1	0	0	0	0	0	0	0	0	1	0	0	1	1	0	0	0	0	0	0	0	0	0	0	0	0	1	0	0	0	0	0	0	1	0	0	0	0	0	0	0	0	0	1	2	0	0
0	0	0	0	0	0	0	7	4	4	15	8	4	5	2	5	4	3	1	2	4	1	1	3	2	0	1	2	0	0	0	1	1	1	2	0	1	1	0	2	1	1	3	2	3	4	2	3	4	7	4	11	11	5	4	15	5	2	3	12	26	69	0	29	14	18	13	5	17	22	12	9	3	6	2	14	13	20	6	18	7	3	4	2	3	4	3	1	3	0	0	0	1	0	0	0	0	0	2	0	3	0	2	0	0	0	0	0	1	1	2	2	2	0	0	3	1	0	1	0	0	0	0	1	0	0	0	1	0	0	0	0	1	1	0	0	2	0	2	0	1	1	0	0	0	0	0	0	0	0	0	0	0	1	1	0	0	2	0	1	0	0	0	0	0	0	1	1	1	1	0	1	0	0	0	1	0	2	2	0	1	0	3	1	0	2	3	1	0	0	0	1	1	0	0	0	0	0	0	0	0	0	0	1	0	0	0	0	0	1	0	0	1	0	1	0	1	0	1	0	0	1	0	0	0	0	0	2	0	0	1	0	1	0	0	0	0	1	0	0	0	0	0	0	0	0	0	0	0	0	0	1	0	1	0	0	1	0	1	0	0	0	0	0	0	0	0	0	0	0	0	0	0	0	0	2	1	0	0	0	0	0	0	1	0	0	1	0	1	0	1	0	0	1	0	0	0	0	0	1	0	0	1	0	0	0	0	0	0	0	0	0	1	0	0	0	0	0	0	0	0	0	0	0	0	0	0	1	0	1	0	1	0	0	0	0	1	0	0	0	2	0	0	0	0	0	0	0	0	0	0	0	0	0	0	0	1	0	0	0	0	1	0	0	0	0	0	0	0	0	0	0	0	0	0	0	0	1	0	0	0	0	0	0	0	0	0	0	1	0	0	1	1	0	0	0	0	0	0	0	0	0	0	0	0	1	1	0	0	0	0	0	1	0	0	0	0	0	0	0	0	0	0	0	0	1	0	0	0	0	0	0	1	0	0	0	0	0	0	0	0	0	0	0	0	0	0	0	0	0	0	0	0	1	0	0	0	0	0	0	0	0	0	0	0	0	0	0	0	0	0	0	0	0	0	0	0	0	0	0	0	2	0	1	0	0	0	0	0
0	0	0	0	0	0	0	4	8	2	4	3	2	1	3	2	1	2	2	1	1	4	2	0	2	1	0	0	0	0	0	1	1	1	0	0	1	1	0	1	2	2	2	4	2	3	1	1	4	13	7	22	7	4	29	10	18	5	8	13	5	36	29	0	31	33	13	8	43	31	15	6	1	2	1	10	8	13	6	19	3	5	5	2	1	1	1	3	3	0	0	2	3	0	0	0	0	0	3	4	2	3	2	3	0	2	2	1	0	1	0	1	2	2	0	0	1	0	0	2	2	0	0	1	0	1	0	1	1	0	0	0	1	1	0	0	0	0	2	0	1	0	0	0	0	1	0	0	0	0	0	0	0	0	0	1	0	1	0	0	1	0	0	0	1	0	0	1	1	1	0	1	0	0	0	2	1	1	2	1	1	0	1	0	0	0	2	1	0	1	2	0	1	0	0	3	0	0	2	2	0	1	0	0	0	0	0	0	0	2	0	1	0	0	3	1	0	0	0	1	0	0	0	0	1	0	1	1	1	0	0	0	1	1	2	0	0	0	0	0	1	0	0	0	1	0	0	0	0	0	0	0	0	0	0	0	0	0	0	0	0	0	0	0	1	1	1	0	0	0	0	0	0	0	0	0	0	0	0	0	1	0	0	1	1	0	2	0	0	0	1	0	0	0	1	1	0	0	0	0	0	0	1	0	0	0	0	1	0	0	0	1	0	0	1	1	0	0	0	1	1	0	0	0	0	0	1	0	0	1	0	1	0	0	0	0	0	1	1	0	0	1	0	0	1	0	0	0	0	1	0	0	0	0	2	0	0	0	0	0	0	0	1	0	0	0	0	1	0	0	0	0	0	0	0	0	0	0	0	0	0	1	0	2	0	0	0	2	0	0	0	0	0	0	0	0	1	0	0	0	0	0	1	0	0	1	0	0	0	0	0	0	0	1	0	1	0	3	0	0	0	1	0	1	0	0	0	0	2	0	0	0	0	0	0	0	0	2	0	0	0	1	0	1	0	1	1	0	0	0	0	1	0	1	0	0	1	1	0	0	1	0	0	1	0	0	0	0	0	0	0	0	0	0	0	1	0	1	0	1	0	1	0	0	0	0	0	0	1
0	0	0	0	0	0	0	4	2	7	2	3	2	3	2	2	3	3	1	2	0	3	2	0	0	0	1	0	1	2	0	0	0	1	1	1	1	2	0	1	0	2	4	2	2	0	7	4	9	16	21	35	10	3	7	3	7	8	5	3	4	9	14	31	0	41	25	10	34	6	7	5	3	2	5	7	11	10	6	11	3	5	3	2	2	0	2	1	1	0	0	1	1	1	0	0	0	1	2	1	2	2	2	0	1	1	0	0	2	0	0	1	2	0	0	0	0	0	0	1	0	1	1	0	2	1	1	0	0	1	1	0	0	0	0	0	0	0	0	0	0	3	1	0	0	0	0	0	0	0	0	0	0	0	2	0	0	2	4	0	1	2	0	3	0	0	0	0	0	0	0	0	1	2	1	0	0	0	1	2	0	4	2	0	0	0	1	1	0	0	0	0	0	1	1	0	0	1	0	1	0	0	0	1	1	0	2	1	0	0	2	0	0	0	0	0	1	1	0	2	0	0	0	0	0	0	0	1	0	1	0	0	0	0	0	0	2	0	1	2	1	0	0	0	0	1	0	1	0	0	1	0	0	0	0	0	0	0	0	0	0	0	1	0	0	0	1	0	1	0	0	0	0	0	1	1	1	1	1	0	0	1	1	0	0	1	0	1	1	0	0	0	0	0	0	0	2	0	0	0	1	0	0	0	0	0	0	0	0	0	0	2	0	2	0	1	0	0	0	0	0	0	1	0	1	1	0	0	0	1	3	0	0	0	1	0	0	0	1	1	0	0	0	0	0	0	0	0	0	0	0	0	0	1	0	1	0	0	0	0	0	0	1	0	0	0	1	0	0	0	0	0	0	0	0	0	0	0	0	0	0	0	0	1	0	0	0	0	0	0	2	0	0	0	0	1	0	0	0	0	0	0	0	1	1	0	0	0	0	0	1	0	0	0	0	0	0	0	0	0	0	0	0	1	0	0	1	0	0	0	0	0	0	0	0	2	0	0	0	0	0	0	0	0	0	0	0	0	0	0	0	0	1	0	0	0	0	0	0	0	0	1	0	0	0	0	0	0	2	0	0	2	0	0	1	0	2	2	0	0	0	0	0	0	0	0	0	0	1
0	0	0	0	0	0	0	3	2	7	7	1	3	1	5	1	2	1	1	0	1	1	2	1	1	0	0	1	0	0	1	1	0	0	1	0	1	0	1	1	1	5	0	2	4	2	7	4	6	10	17	27	7	5	7	4	5	3	5	6	6	10	18	33	41	0	51	15	27	9	12	6	2	6	6	11	12	53	19	19	6	3	4	3	1	1	2	1	2	1	1	0	0	0	0	0	0	4	2	2	0	2	1	2	0	0	2	0	0	0	2	1	0	1	0	0	0	2	2	1	2	0	3	0	0	1	0	0	1	1	0	0	0	0	0	0	0	0	0	0	0	0	1	1	0	0	0	1	0	1	0	2	1	0	2	0	1	1	0	1	0	2	0	1	3	0	1	2	2	2	0	0	1	1	0	0	0	0	0	0	1	0	0	1	1	0	0	0	1	0	1	0	1	0	1	0	0	0	0	1	2	0	0	0	1	1	1	0	1	0	1	0	1	1	0	1	0	0	1	0	0	0	1	0	1	0	0	0	0	0	0	1	0	0	0	0	0	0	0	0	0	0	0	0	0	0	0	0	0	1	1	0	0	0	0	1	0	0	0	1	0	0	0	0	0	0	0	0	0	0	0	0	1	1	0	1	0	0	0	0	1	0	0	0	0	2	1	0	0	0	0	1	0	0	0	1	1	1	1	0	0	0	1	0	0	0	1	1	0	0	0	0	0	0	0	0	0	1	0	0	1	1	1	0	0	0	0	1	0	0	1	0	0	0	2	0	0	0	0	2	1	0	0	0	0	0	0	0	0	0	0	0	0	0	0	0	0	0	0	0	0	0	0	0	0	0	0	0	0	0	0	1	0	0	0	0	0	1	0	0	0	0	0	1	0	0	1	0	0	0	0	0	0	0	0	0	0	1	1	0	0	0	1	1	0	0	0	0	1	1	1	0	0	0	0	0	1	0	0	0	1	0	0	0	1	0	0	0	0	0	0	0	0	0	0	0	1	1	0	0	0	0	0	1	0	0	0	0	0	0	0	0	0	1	0	0	0	0	0	1	0	0	0	0	0	0	0	0	0	0	0	0	0	0	1	0	0	0	0	0	0	0	0	0	0	0	0	0	0
0	0	0	0	0	0	0	2	0	3	2	7	2	1	2	2	0	0	0	1	2	1	2	1	1	0	2	1	1	1	0	0	0	2	1	2	1	0	1	0	1	2	1	2	3	2	3	6	7	8	11	13	3	4	5	3	3	1	2	1	1	8	13	13	25	51	0	66	26	17	12	18	4	6	9	18	19	25	9	9	3	4	2	1	2	2	0	0	2	2	0	0	1	0	2	0	1	0	0	0	0	2	0	0	0	0	1	0	1	0	1	0	0	1	0	0	2	0	0	0	1	1	0	1	1	0	1	0	1	0	0	1	0	0	1	0	0	0	0	0	1	0	0	0	0	0	0	0	0	0	0	0	2	0	0	1	0	2	0	0	0	2	0	1	0	0	0	0	0	0	2	1	2	1	0	0	1	0	2	0	0	0	2	0	0	0	1	1	1	0	0	0	1	0	0	0	0	0	2	0	1	0	1	2	0	0	0	0	0	0	0	0	1	0	0	0	1	1	0	1	0	1	0	0	0	0	0	1	0	0	1	0	0	0	0	0	0	0	1	1	1	0	0	0	1	0	0	0	1	0	0	0	0	0	0	0	1	0	1	0	0	0	0	0	2	0	0	1	0	0	0	0	0	0	1	0	0	0	0	0	0	0	1	0	1	0	0	0	0	0	0	0	0	1	0	0	1	0	0	0	0	0	1	0	0	0	0	1	1	0	0	1	1	1	0	1	0	0	0	1	1	0	0	0	0	0	0	1	0	0	1	1	1	0	0	0	0	0	1	0	1	0	0	1	1	0	0	0	0	0	1	0	0	0	0	0	0	0	0	0	0	0	0	0	0	1	0	0	0	0	1	0	0	0	1	0	0	0	0	0	0	0	0	0	0	0	0	0	2	1	0	0	0	0	0	1	0	1	1	1	0	0	0	0	0	0	0	0	0	0	1	0	0	0	0	1	0	0	0	0	0	0	0	0	0	0	0	0	1	0	0	1	0	0	0	0	0	0	1	0	0	0	0	0	0	0	0	0	1	0	0	1	0	0	0	0	1	0	0	0	0	0	2	0	1	0	0	0	0	0	0	0	0	0	2	1	0	0	0	0	0	0	0	0	0	0	0	0	0
0	0	0	0	0	0	0	3	1	4	4	3	2	0	1	1	1	1	0	1	2	4	0	0	1	0	1	0	1	1	0	1	0	0	2	3	1	2	0	1	0	1	1	0	2	1	0	1	8	2	8	3	2	0	5	2	3	1	3	5	4	6	5	8	10	15	66	0	32	22	18	20	17	16	18	16	8	10	7	4	1	5	1	1	2	1	2	0	1	0	1	0	0	0	1	0	0	0	0	0	0	3	1	1	0	4	0	0	0	0	1	1	0	0	0	0	0	0	0	1	1	0	1	0	0	0	0	0	0	0	0	0	1	1	0	0	0	0	0	1	0	0	0	0	0	1	0	0	0	0	0	2	0	0	0	1	3	0	0	0	0	0	1	1	1	1	0	2	0	1	0	0	1	2	1	0	0	0	1	1	0	2	1	1	0	1	0	1	1	0	1	0	1	1	0	0	0	0	0	0	0	0	0	1	0	0	0	0	0	0	2	0	1	0	0	0	0	0	0	0	0	0	0	0	0	0	0	0	0	1	0	0	0	0	0	0	1	0	0	0	0	0	0	0	0	1	0	0	0	2	0	0	1	0	0	1	2	1	0	0	1	0	0	0	0	0	0	0	0	2	0	0	0	0	0	0	0	0	0	0	1	1	0	0	0	0	0	0	0	2	0	0	0	0	0	0	0	0	0	0	0	0	0	0	0	0	0	0	0	0	0	0	0	0	0	0	0	0	0	0	0	1	1	1	0	0	1	0	0	0	0	0	1	1	0	0	1	0	0	0	2	2	0	2	0	0	0	0	0	0	0	0	0	0	1	0	0	0	1	1	0	0	0	0	0	0	1	0	0	0	0	0	0	0	0	0	0	0	1	0	0	0	0	0	0	0	0	0	0	1	0	0	0	0	0	0	0	0	0	0	0	0	0	0	1	0	0	0	0	0	0	0	0	0	0	0	0	0	0	0	0	0	0	0	0	1	0	0	0	0	0	0	0	0	0	0	1	0	0	1	1	0	0	0	0	0	0	0	0	0	0	0	0	0	1	1	0	0	0	0	0	0	0	0	0	0	0	0	0	0	0	0	0	0	0	0	0	1	0	1	0	0	0	0	0	1	0	0	0
0	0	0	0	0	0	0	2	2	2	1	3	1	2	1	2	1	1	0	3	1	2	1	0	0	1	0	1	1	1	1	0	0	1	0	1	1	2	0	0	0	0	2	1	4	0	1	4	8	5	9	13	4	2	5	3	9	7	3	2	6	10	17	43	34	27	26	32	0	39	15	14	4	2	4	9	15	9	6	3	1	3	0	2	0	0	2	2	1	1	1	1	1	1	0	1	1	0	3	1	1	0	2	0	0	1	1	1	1	1	0	0	0	0	0	0	0	1	0	0	1	1	0	1	0	0	0	1	0	0	0	1	0	1	0	0	0	0	0	1	0	1	1	0	0	0	0	0	1	0	1	1	1	0	1	0	0	1	0	1	0	1	1	2	1	1	0	0	1	1	0	0	0	0	1	0	0	1	0	1	0	0	0	0	0	1	0	0	1	0	0	0	0	0	1	0	0	0	0	0	2	0	1	2	0	0	1	1	0	0	1	0	0	0	0	0	0	0	0	1	0	0	1	0	1	1	0	0	0	0	1	0	1	0	1	0	0	0	0	1	0	0	0	0	0	1	0	0	1	0	0	0	0	0	0	0	0	0	0	0	0	0	0	0	1	1	1	1	0	1	0	0	0	0	1	0	0	0	0	0	0	1	0	0	0	0	1	1	0	1	0	0	1	0	0	0	0	0	0	0	1	0	0	0	0	0	0	1	0	0	0	1	0	0	0	1	0	1	0	0	0	0	2	0	0	1	0	0	0	0	0	0	0	0	1	1	0	1	0	0	0	1	0	2	0	0	1	0	1	0	0	0	0	0	0	0	0	0	0	0	0	0	0	0	0	0	0	1	0	1	0	0	0	1	0	0	0	0	0	0	1	0	0	1	0	0	0	0	0	0	0	0	0	0	0	0	0	0	0	1	0	0	0	0	0	1	0	0	1	0	0	1	0	0	0	0	0	0	0	0	0	1	0	0	0	0	0	0	0	0	0	0	0	0	0	0	1	0	0	1	0	0	0	0	0	0	0	0	0	1	0	0	0	0	2	1	0	1	0	0	0	0	0	0	1	0	0	0	0	0	0	0	0	0	0	1	0	0	0	0	0	0	0	0	1	0	0	0	0
0	0	0	0	0	0	0	6	1	5	5	3	4	1	3	0	2	0	1	0	1	0	2	1	1	0	0	1	0	0	0	1	0	1	0	1	0	1	0	0	3	1	1	1	1	1	1	0	1	6	2	10	7	4	6	8	10	4	3	7	9	22	22	31	6	9	17	22	39	0	42	29	7	7	3	14	17	10	4	7	1	5	0	2	1	1	0	1	0	2	2	0	1	0	0	1	0	5	1	0	0	0	0	0	1	1	0	1	1	1	1	0	0	1	0	0	0	0	1	0	2	1	1	0	1	0	0	0	1	0	0	0	0	1	0	1	1	0	1	1	1	1	1	0	0	0	0	0	0	0	0	1	0	2	0	2	0	2	0	1	1	1	1	2	0	0	0	1	0	0	2	0	0	1	0	1	0	2	1	3	1	0	1	0	4	1	1	0	0	0	1	0	0	0	0	0	1	1	0	1	0	0	0	0	0	1	0	0	0	0	0	0	0	1	2	1	0	0	0	0	1	1	2	1	0	0	0	1	0	0	0	0	0	1	0	0	1	0	0	0	0	0	0	0	0	0	0	0	0	0	1	0	1	0	0	0	0	0	1	0	0	0	1	1	0	0	0	0	0	0	0	0	1	0	0	0	0	0	0	2	0	0	1	0	0	0	0	0	0	0	0	1	0	0	0	0	0	2	0	0	1	0	0	0	0	1	1	0	0	0	0	1	1	0	2	0	0	0	2	0	0	1	0	1	0	0	0	1	1	0	1	0	1	0	0	1	0	0	0	0	1	2	2	0	0	0	0	0	0	0	0	1	0	0	0	0	0	1	0	0	0	0	0	0	1	0	0	0	0	0	0	0	0	0	0	0	0	0	1	1	0	0	0	0	0	0	0	0	0	0	0	1	0	1	1	0	0	0	0	0	0	0	0	1	0	0	1	0	0	0	0	0	0	0	0	0	1	1	0	2	0	0	0	1	0	0	0	1	0	0	0	0	0	1	0	0	0	0	0	0	0	0	1	0	1	0	0	0	0	0	0	0	0	0	0	0	0	0	0	0	0	0	0	0	0	1	1	0	0	0	0	0	0	0	0	0	0	0	0	0	0	0	0	2	0	0	0	0	0
0	0	0	0	0	0	0	0	4	5	6	2	3	3	1	0	2	2	3	2	0	1	2	1	0	0	1	0	1	0	1	1	0	0	1	1	1	1	1	0	0	1	0	4	2	1	3	0	1	1	1	4	3	0	2	6	1	3	0	7	5	10	12	15	7	12	12	18	15	42	0	406	24	11	6	29	7	11	9	1	2	1	1	2	1	0	1	2	1	0	0	1	0	0	0	0	3	1	1	0	1	0	0	1	1	0	1	0	0	0	1	0	0	1	0	0	1	0	0	0	0	0	0	0	1	0	1	0	0	1	0	1	0	0	0	0	0	0	1	0	0	2	0	1	0	0	1	0	1	0	0	0	1	0	0	0	0	2	0	0	1	0	0	2	1	2	1	1	0	0	1	0	0	1	0	1	1	0	0	0	0	1	1	0	1	0	2	1	2	0	0	0	1	1	0	0	0	0	1	0	1	0	0	0	0	0	0	0	0	0	0	0	0	0	0	0	0	0	1	0	1	0	0	0	0	0	0	0	0	1	0	0	0	0	0	1	0	0	0	0	0	0	0	0	1	1	1	0	0	0	0	0	0	0	0	0	1	0	1	0	1	1	1	0	0	0	0	0	0	0	0	0	0	1	0	0	0	0	1	0	0	0	1	0	1	0	1	0	0	0	1	0	0	0	0	1	0	0	1	1	0	0	0	0	0	0	0	2	0	0	0	0	0	0	0	1	0	0	0	0	0	0	0	0	0	0	1	1	1	1	1	0	0	0	0	0	1	0	0	0	1	1	0	0	0	0	0	0	0	1	0	0	0	0	0	0	0	0	0	0	0	0	1	0	0	0	0	0	0	0	0	0	0	2	0	0	0	0	0	0	1	0	0	0	0	0	0	1	0	0	0	0	0	0	0	0	0	0	0	1	0	1	0	0	0	0	0	1	0	1	0	0	1	0	0	0	0	0	0	0	0	0	0	1	1	1	1	0	0	0	0	1	0	0	0	0	0	0	0	0	0	1	1	0	1	0	1	0	0	0	0	0	0	0	0	0	1	0	0	0	0	0	0	1	0	0	1	0	0	1	0	0	0	1	0	0	1	0	0	0	0	0	0	0	0	0	0	1	0
0	0	0	0	0	0	0	2	2	4	3	6	1	0	1	3	1	0	0	1	2	1	1	1	0	1	0	0	2	0	0	0	0	2	1	0	1	0	0	1	0	1	3	2	0	2	4	0	0	1	5	4	2	0	1	3	3	1	1	0	3	3	9	6	5	6	18	20	14	29	406	0	34	13	18	29	9	5	5	3	1	6	2	2	0	1	0	1	0	0	2	0	0	0	0	1	1	1	0	1	1	1	2	0	0	1	0	1	0	0	0	0	0	0	0	0	0	1	1	0	0	0	0	1	0	0	0	0	0	0	1	0	0	0	1	0	1	0	0	0	0	0	1	0	0	0	0	0	0	0	0	2	0	0	1	1	0	0	0	0	1	0	0	0	0	0	0	0	0	2	0	0	0	0	0	1	1	0	0	0	1	0	0	0	1	1	1	0	0	1	1	1	0	0	1	0	0	0	0	0	1	0	0	0	0	0	0	1	0	1	0	0	0	1	0	0	1	0	0	0	1	1	0	1	0	0	0	0	0	0	0	0	2	0	0	0	0	0	2	0	0	1	0	0	0	0	0	0	0	0	0	0	0	0	1	0	1	0	1	0	0	0	0	1	0	0	0	0	0	0	0	0	0	0	0	0	0	0	0	0	0	0	0	0	0	0	0	0	0	1	0	0	0	0	0	0	0	0	0	0	0	0	0	0	0	1	0	0	0	0	0	0	0	0	0	0	0	0	0	0	0	0	1	0	0	0	0	0	0	0	0	0	0	0	1	1	0	1	0	0	1	0	0	0	0	0	0	0	0	0	1	0	0	0	0	0	0	1	2	0	0	0	0	0	0	0	1	0	0	0	0	0	0	0	0	0	0	0	0	1	0	0	0	0	0	0	0	0	0	0	1	0	0	0	0	0	0	0	0	0	0	0	0	0	0	0	0	0	0	0	0	1	0	1	0	0	0	0	0	0	0	0	0	0	0	0	1	0	0	0	0	0	0	0	0	0	3	0	0	0	0	0	0	0	0	0	0	0	0	0	0	0	0	0	0	0	0	1	0	0	0	0	0	0	1	0	0	0	0	0	0	0	0	0	0	0	0	0	0	0	0	0	0	0	0	0	0	0	0
0	0	0	0	0	0	0	2	2	0	4	1	0	3	0	0	0	1	0	0	0	0	2	0	0	0	0	0	0	0	1	0	0	0	1	1	0	1	0	1	0	1	0	1	1	1	2	1	3	1	1	4	1	1	4	1	1	1	2	3	3	3	3	1	3	2	4	17	4	7	24	34	0	35	10	1	8	7	2	2	2	0	2	1	0	0	2	0	1	0	0	0	1	0	0	2	1	0	0	0	2	1	1	1	0	0	0	0	1	0	0	1	0	0	0	0	0	0	0	0	0	1	1	0	0	0	0	0	0	0	0	1	0	0	0	3	0	0	0	0	0	0	0	1	0	0	0	0	1	0	0	0	0	1	0	0	0	0	0	0	1	0	0	0	1	0	0	0	1	0	0	0	0	1	1	0	1	0	0	0	0	0	1	2	0	0	0	1	0	0	0	0	0	0	0	0	0	0	0	0	0	0	0	0	0	1	0	0	0	1	0	0	0	0	0	0	0	1	2	0	1	0	0	0	0	0	0	1	0	0	0	0	0	0	0	0	0	0	0	1	0	0	0	0	1	0	0	0	0	0	1	0	0	0	1	0	1	0	0	0	0	0	0	0	0	0	0	0	0	0	0	1	0	1	0	0	0	0	0	0	0	0	0	0	0	1	0	0	0	0	0	1	0	0	0	0	0	0	0	0	0	0	0	0	1	0	0	0	0	0	0	0	0	0	1	0	0	1	0	0	0	0	0	0	0	0	0	0	0	0	0	0	0	0	0	0	0	0	1	0	0	0	1	0	0	0	0	0	0	0	0	0	0	0	0	0	0	0	0	0	0	0	0	0	1	0	0	1	0	0	0	0	0	0	0	1	0	0	0	0	0	0	0	0	0	0	0	0	0	1	1	0	0	0	0	0	0	1	0	0	0	0	0	0	0	0	0	0	0	0	0	0	0	1	0	0	0	0	0	0	0	0	0	1	0	0	0	0	0	0	0	0	0	0	0	1	0	0	0	0	1	0	0	0	0	0	1	0	0	1	0	0	0	0	0	0	0	0	0	0	0	0	0	0	0	0	0	0	0	0	1	0	0	0	1	0	0	0	0	0	0	0	0	0	0	0	0	0	0
0	0	0	0	0	0	0	0	1	0	3	2	1	0	1	2	0	0	0	0	1	0	0	0	0	0	1	1	0	0	1	0	2	0	1	2	0	0	0	1	0	1	0	1	2	0	2	0	0	2	2	0	1	1	1	1	2	2	2	0	3	4	6	2	2	6	6	16	2	7	11	13	35	0	34	12	8	3	2	4	0	1	1	0	1	1	0	2	0	0	0	1	0	0	0	2	0	0	0	0	0	2	0	2	1	1	0	1	0	0	0	0	0	0	1	0	0	0	0	1	2	0	0	0	1	0	0	0	0	1	1	0	1	0	1	0	0	0	0	0	2	0	1	0	0	0	0	0	0	0	0	0	0	1	0	1	0	0	0	0	0	0	1	0	0	0	0	0	0	0	0	0	2	0	0	1	0	0	0	0	0	1	0	0	1	0	0	3	0	0	0	0	0	0	0	0	1	0	0	0	0	0	0	2	0	1	0	1	0	0	0	0	0	0	0	0	0	1	0	1	0	0	0	0	0	0	0	0	0	0	0	0	0	0	1	0	0	0	1	0	0	0	0	0	0	0	0	1	0	0	0	0	0	0	0	0	0	0	1	0	0	0	1	0	0	0	0	0	2	0	0	0	0	0	1	0	0	0	0	0	0	0	1	0	0	0	0	0	0	0	0	0	0	0	1	0	0	1	0	0	0	0	0	0	0	0	0	0	0	0	1	0	0	0	1	2	0	0	1	0	1	1	0	1	0	0	0	0	0	0	0	1	1	0	0	0	0	0	0	1	0	1	0	0	0	0	0	0	0	0	0	0	0	0	0	0	0	0	0	0	0	0	0	0	0	0	0	0	0	0	0	0	1	0	0	0	0	0	0	0	0	0	0	0	0	0	0	0	0	0	0	0	1	0	0	0	0	0	0	0	0	0	0	0	1	0	0	0	0	0	1	0	0	0	0	0	0	0	0	0	0	0	0	0	1	0	0	0	0	0	0	0	0	0	0	1	1	0	0	0	1	0	0	0	1	0	0	0	0	0	0	0	0	0	0	0	0	0	0	0	0	0	0	0	0	0	0	0	0	0	0	0	1	0	0	0	1	0	0	0	0	0	0	1	0	0	0	0	0
0	0	0	0	0	0	0	1	0	4	4	0	0	0	3	5	4	1	2	0	1	2	0	0	1	2	1	0	0	0	0	1	2	1	1	0	3	1	1	0	2	0	0	1	2	0	0	1	1	3	2	3	2	1	5	5	4	0	4	3	0	3	2	1	5	6	9	18	4	3	6	18	10	34	0	52	36	5	6	0	1	1	1	3	2	2	0	2	0	0	0	1	2	2	0	0	0	0	0	1	1	1	0	1	0	1	0	1	1	0	0	0	0	0	0	1	0	0	0	0	0	0	0	0	0	0	0	0	0	1	0	0	0	0	0	0	1	0	0	0	0	1	0	0	0	0	0	0	0	1	1	1	0	0	1	0	0	0	1	0	0	0	0	1	0	0	0	0	0	0	0	1	0	0	0	0	1	0	0	0	0	2	0	1	0	1	0	3	1	0	0	0	1	1	0	0	0	0	0	0	0	0	1	1	0	0	1	1	0	0	0	0	1	0	0	0	0	0	0	0	0	1	1	1	0	1	0	0	0	0	0	0	1	1	0	0	0	0	0	0	0	0	0	0	0	0	0	0	0	0	0	0	0	0	0	0	0	0	0	0	0	1	2	0	1	1	1	0	0	0	0	0	1	1	0	0	0	0	0	0	0	0	1	0	0	0	0	0	0	0	1	0	0	2	0	0	0	0	1	0	0	0	1	0	0	0	0	0	0	0	0	0	0	1	0	0	0	0	0	1	0	0	0	0	0	1	0	0	0	0	0	0	2	0	0	0	1	0	0	0	2	0	0	0	0	0	0	0	0	0	1	0	0	0	0	0	0	0	1	1	0	0	0	0	0	0	1	1	0	0	1	0	0	0	0	0	0	0	0	0	0	0	0	0	0	1	0	0	0	0	0	0	0	0	0	0	0	1	0	0	0	0	0	0	0	0	0	0	0	0	1	0	0	1	1	0	0	0	0	0	1	0	0	1	0	0	0	0	0	0	0	0	0	0	0	1	0	2	1	1	0	0	0	0	0	0	0	0	0	0	0	0	0	0	1	0	0	0	0	0	0	0	0	0	0	0	1	0	0	1	0	0	0	0	0	0	0	0	0	1	0	0	0	0	0	0	0	0	0
0	0	0	0	0	0	0	2	5	5	5	6	3	3	0	2	0	0	2	0	1	0	0	0	1	0	0	1	0	0	0	0	0	1	2	0	2	1	1	2	0	2	0	1	1	5	2	1	5	3	6	5	4	1	1	3	1	3	3	0	6	4	14	10	7	11	18	16	9	14	29	29	1	12	52	0	104	25	7	7	2	3	0	1	0	1	1	0	1	0	1	1	1	0	2	0	1	1	0	1	0	1	0	1	1	1	2	1	0	1	1	0	1	0	1	0	1	1	0	0	0	0	1	0	1	0	0	0	0	0	0	0	0	0	0	1	0	1	1	0	3	0	0	1	0	0	1	0	0	0	2	1	0	0	1	0	0	0	0	1	0	1	1	1	0	0	1	0	1	0	0	2	0	0	0	0	0	0	0	1	1	0	1	0	0	0	1	0	0	0	0	0	0	0	1	2	0	0	0	0	1	0	1	0	0	0	1	0	0	0	0	0	0	1	0	0	0	0	0	0	0	0	0	1	0	0	0	0	0	0	0	0	0	0	1	0	1	0	0	1	1	0	1	0	0	0	0	0	0	0	1	0	0	1	0	0	0	1	1	0	0	1	0	1	0	0	0	0	1	0	0	1	2	1	0	0	0	0	1	0	0	0	0	0	0	0	1	2	0	0	1	0	0	1	0	1	0	0	0	0	0	0	0	0	0	0	0	1	0	1	0	0	0	0	0	0	0	0	0	1	0	3	0	0	0	0	0	0	1	0	0	1	0	0	0	1	0	1	1	0	0	0	0	0	0	0	0	0	1	0	0	0	0	0	0	0	0	0	0	0	0	0	0	0	0	1	0	0	0	0	0	0	0	0	0	0	0	0	0	0	0	0	0	0	0	0	0	2	0	0	0	1	0	0	0	0	0	0	0	0	0	0	0	0	0	0	0	0	0	0	0	1	0	0	0	0	0	0	0	0	0	0	0	0	0	0	0	0	0	0	0	0	0	0	0	0	0	0	0	0	0	1	1	0	1	2	0	0	0	1	0	0	1	1	0	0	1	2	0	1	0	0	0	0	0	0	0	1	0	0	0	0	0	2	0	0	1	0	0	0	0	0	0	0	0	0	0	0	0
0	0	0	0	0	0	0	3	3	7	8	9	2	3	5	2	1	0	1	2	1	0	0	1	1	0	2	0	0	1	1	2	0	0	1	1	0	2	0	0	0	3	2	1	0	2	1	1	4	1	5	3	1	2	1	0	5	1	3	2	2	4	13	8	11	12	19	8	15	17	7	9	8	8	36	104	0	38	11	8	5	0	3	1	2	2	2	1	1	1	0	0	0	0	0	1	1	0	1	0	2	0	1	1	3	0	0	0	0	0	0	0	1	1	0	2	0	0	0	0	0	0	1	0	0	1	0	0	1	0	1	1	0	0	0	0	0	0	0	1	1	0	1	0	0	0	0	0	0	1	0	1	0	1	1	1	0	1	0	2	1	0	1	0	0	0	1	0	0	1	1	1	1	1	0	0	0	0	0	0	0	1	2	0	0	1	0	0	1	0	0	0	0	0	1	0	0	0	0	1	0	0	1	0	0	0	1	1	0	0	1	0	0	0	0	0	0	0	0	0	0	1	1	0	1	0	0	0	0	0	0	0	0	0	0	1	0	1	0	0	0	0	0	0	0	0	1	0	0	0	0	1	0	0	0	0	0	0	0	0	0	0	0	0	0	0	0	0	0	0	0	0	1	0	1	0	0	2	0	0	0	0	0	0	0	1	1	1	0	0	0	0	1	0	0	0	1	1	0	0	0	0	0	0	1	0	0	0	0	0	0	1	0	0	0	1	1	0	2	0	0	0	0	1	0	0	0	0	0	0	0	0	0	1	0	1	0	0	0	0	1	1	1	0	0	0	1	0	0	0	1	1	0	0	0	0	0	0	1	0	0	0	0	0	0	2	1	0	0	0	0	0	0	0	0	0	0	0	0	0	0	1	0	0	0	0	0	0	0	0	1	1	0	0	0	0	0	0	0	0	0	0	0	0	1	1	0	0	0	0	1	0	0	0	0	0	0	0	0	1	0	0	0	0	0	0	0	1	0	0	0	0	1	0	0	0	0	0	0	0	0	0	0	1	0	0	1	2	0	0	0	1	1	0	0	0	0	0	1	0	0	0	0	0	0	1	0	0	0	0	0	0	0	0	0	0	0	0	0	0	0	0	0	0	0	0	0	0	0
0	0	0	0	0	0	0	2	5	3	4	7	2	7	5	6	0	1	2	1	1	2	2	0	1	1	0	1	0	0	0	2	3	0	0	0	1	1	0	0	0	1	1	0	2	3	1	3	5	9	13	9	2	5	5	2	5	5	9	8	10	9	20	13	10	53	25	10	9	10	11	5	7	3	5	25	38	0	35	41	9	3	4	2	2	2	1	2	3	1	0	0	0	0	0	1	1	2	1	4	1	0	2	1	1	2	1	0	0	1	0	1	0	0	0	1	1	1	0	1	1	0	0	0	0	1	0	1	0	0	0	0	1	1	0	0	1	1	0	0	1	1	0	0	0	0	0	0	0	1	1	0	0	2	0	0	1	0	0	0	0	0	0	3	0	0	0	0	0	1	0	2	0	0	1	1	1	0	0	1	1	0	0	0	0	2	0	2	0	0	0	0	0	0	0	0	1	1	0	0	0	1	0	0	0	0	0	1	0	0	1	0	0	1	0	0	1	0	0	0	0	0	0	1	0	0	0	0	0	0	0	0	1	1	0	0	0	0	0	0	0	0	0	2	0	0	0	0	1	0	1	1	0	1	1	0	0	0	0	0	0	0	1	0	0	0	0	0	1	1	0	0	0	0	0	0	0	1	0	1	0	1	0	1	0	0	0	0	1	0	0	1	0	0	1	0	0	1	0	0	0	0	1	0	0	0	0	1	0	0	1	0	0	1	0	0	0	0	0	0	0	0	0	0	0	0	0	0	0	1	1	0	0	0	0	0	1	2	0	0	0	0	0	0	0	1	0	0	0	0	0	0	0	0	1	0	0	0	0	0	0	0	0	0	0	0	0	0	0	0	0	0	0	0	0	0	0	0	0	0	0	1	0	1	0	0	0	0	0	0	1	0	0	0	0	0	1	0	1	0	0	0	0	0	0	0	0	0	0	0	0	0	0	0	1	0	0	0	1	0	0	1	0	0	0	0	0	0	2	1	1	0	0	0	1	1	0	0	3	0	1	0	1	0	0	0	0	0	0	0	1	0	0	1	0	1	0	0	0	1	0	0	0	0	0	0	0	0	0	0	2	0	0	0	0	0	0	0	1	1	0	0	0	0	1	0	0	0	0
0	0	0	0	0	0	0	5	2	9	10	11	5	5	8	8	2	3	0	1	1	5	3	2	1	1	1	0	0	0	1	2	0	5	0	0	1	1	0	0	4	2	3	3	2	6	2	2	6	7	5	11	8	4	3	3	5	8	4	13	8	4	6	6	6	19	9	7	6	4	9	5	2	2	6	7	11	35	0	38	28	14	10	1	1	1	0	4	1	1	0	3	0	0	0	0	0	1	0	3	1	1	1	0	0	5	1	0	1	0	0	0	1	0	0	0	0	0	0	1	0	1	0	2	1	1	0	0	0	0	0	0	0	1	0	0	0	0	0	0	3	0	0	0	0	0	1	0	0	0	0	0	0	0	1	0	0	0	0	2	3	0	1	0	0	1	0	0	0	0	0	0	0	0	1	0	0	0	0	0	1	2	0	0	1	2	1	1	0	0	1	0	0	0	1	0	1	0	0	1	0	0	0	0	2	0	0	0	0	0	1	1	0	0	0	0	0	0	0	0	0	0	0	0	0	0	0	0	0	0	1	0	2	1	0	0	0	1	0	0	0	0	0	1	0	0	0	0	1	0	0	0	0	0	0	0	0	0	0	0	0	0	0	1	0	0	1	1	0	0	0	0	0	0	1	0	0	0	0	0	1	0	2	0	0	0	1	0	0	1	0	0	0	0	0	0	0	2	0	0	1	0	0	0	0	0	0	0	1	0	1	0	1	1	0	0	0	2	1	0	1	0	0	0	1	0	1	1	0	0	0	1	1	0	0	1	1	0	0	0	0	0	0	1	0	1	1	0	1	1	0	0	0	0	0	0	0	0	0	0	0	0	0	0	0	2	0	0	1	0	0	0	0	0	0	1	0	1	0	0	0	0	0	1	1	0	0	0	0	0	1	1	0	0	0	0	0	0	0	0	0	0	0	0	0	0	0	0	0	0	0	0	0	0	1	0	1	0	0	0	1	0	1	0	0	0	0	0	0	0	1	1	0	2	0	0	0	0	1	0	0	0	0	0	0	0	1	0	0	0	0	0	0	1	0	1	0	0	0	0	0	0	0	0	1	1	0	0	0	0	0	0	1	0	0	0	0	0	0	1	0	0	0	0	1	1	0	0	1
0	0	0	0	0	0	0	2	2	6	6	14	11	6	6	15	5	1	6	3	0	2	3	2	0	0	2	0	0	0	0	0	0	2	2	0	1	3	2	3	3	5	3	0	6	3	8	6	9	16	11	29	7	6	7	7	6	13	12	23	14	11	18	19	11	19	9	4	3	7	1	3	2	4	0	7	8	41	38	0	38	12	10	4	1	5	6	2	0	3	0	4	0	0	1	1	0	1	2	3	3	0	0	1	1	3	0	1	0	1	0	0	1	1	0	0	0	1	0	2	0	2	0	0	1	0	1	0	0	1	1	0	0	0	0	0	0	3	0	1	0	1	0	0	0	0	1	0	0	0	0	0	0	0	0	0	0	1	1	1	0	0	2	2	0	0	0	0	0	0	1	1	0	0	1	1	0	2	0	1	0	1	0	0	1	1	0	1	1	0	0	1	0	0	1	0	2	0	2	0	1	1	0	0	0	0	1	0	0	1	1	0	1	0	1	2	0	0	0	0	1	1	0	0	0	0	0	0	1	1	0	1	1	0	0	0	0	0	0	1	1	0	0	0	0	0	0	0	0	0	0	1	1	0	0	0	0	0	0	1	0	0	0	0	0	0	0	0	0	0	0	0	0	0	0	1	0	0	0	0	0	0	0	1	0	0	1	0	0	1	0	0	0	0	0	0	0	0	0	0	1	1	0	0	0	0	1	0	0	0	0	0	1	0	0	1	0	0	0	0	0	0	0	1	0	0	0	0	0	0	0	1	0	0	0	0	1	1	0	0	0	0	0	0	1	0	1	0	0	0	0	0	0	0	0	0	0	0	0	0	0	0	0	0	0	0	0	2	0	0	0	0	0	0	0	0	0	1	0	1	0	0	0	0	0	0	0	0	0	0	0	0	0	0	0	0	0	1	0	1	0	1	0	0	0	1	0	0	0	0	0	0	1	0	0	1	0	0	0	0	0	0	0	0	0	0	0	0	1	1	0	0	0	0	0	0	0	1	0	1	0	0	0	0	1	0	0	0	0	0	2	0	0	0	0	0	0	0	0	0	0	0	0	0	0	0	0	0	0	0	0	0	0	0	0	0	0	0	0	1	0	0	0	0	0	0	0	0	0
0	0	0	0	0	0	0	4	1	4	6	6	8	5	15	16	8	4	4	1	6	8	4	7	5	3	3	1	1	1	0	1	0	0	4	4	2	1	2	1	3	3	3	5	8	14	13	10	11	6	7	14	5	5	8	5	6	19	23	13	8	4	7	3	3	6	3	1	1	1	2	1	2	0	1	2	5	9	28	38	0	36	56	12	7	8	6	1	5	4	1	1	1	0	3	1	0	1	0	2	2	3	0	0	1	3	1	1	1	1	0	3	1	0	1	1	0	1	4	1	1	1	1	2	0	0	1	0	1	0	0	1	0	0	0	0	1	0	0	0	0	0	1	1	0	0	1	1	0	1	1	0	0	0	1	0	4	1	0	0	2	0	2	1	1	1	0	0	0	0	0	3	0	2	1	1	1	0	1	1	0	2	3	0	0	1	1	1	1	1	1	0	1	1	0	0	0	0	1	1	0	1	0	0	0	1	1	0	0	3	0	1	0	0	1	0	0	0	0	0	0	0	1	0	0	0	0	0	1	0	0	1	0	0	0	0	0	0	0	0	0	0	0	0	0	0	0	0	0	0	1	0	1	0	1	0	1	0	0	0	0	0	1	0	0	0	0	0	0	0	0	0	0	1	0	0	0	0	0	0	0	0	0	1	0	1	2	2	0	0	1	0	1	1	0	0	0	0	1	1	0	0	0	0	0	0	0	0	0	0	0	0	1	0	0	0	0	0	0	2	0	1	2	0	0	1	1	1	0	0	0	0	0	1	0	0	0	0	0	0	0	0	0	0	1	0	0	0	0	0	0	0	0	0	0	0	1	0	0	0	0	0	0	1	0	0	0	0	0	0	0	0	0	0	0	1	0	0	0	0	1	1	0	0	0	1	0	0	0	0	0	0	0	0	0	0	0	0	0	0	0	0	0	0	0	0	0	0	0	0	0	0	1	0	0	0	0	0	0	0	0	0	1	0	0	0	0	1	0	0	0	1	0	0	0	0	0	0	0	0	0	0	0	0	2	0	0	0	0	0	0	0	0	0	0	0	1	1	0	0	0	1	0	0	0	0	1	0	1	0	0	0	0	1	0	0	0	1	0	0	0	1	0	0	0	0	0	0	0
0	0	0	0	0	0	0	6	5	8	7	4	25	9	16	40	21	10	11	4	12	12	11	8	3	6	0	0	1	5	3	2	3	3	5	2	4	2	2	1	6	2	5	6	5	7	4	5	10	4	4	6	3	2	7	2	8	11	11	24	10	3	3	5	5	3	4	5	3	5	1	6	0	1	1	3	0	3	14	12	36	0	47	20	13	8	5	2	3	1	2	2	2	0	0	1	1	1	2	3	1	0	2	2	1	2	3	3	0	0	0	1	2	1	0	1	0	2	0	4	0	2	2	0	2	0	0	3	4	1	0	1	0	0	2	0	0	0	0	1	1	0	1	1	3	1	0	0	0	1	0	0	0	0	0	0	1	0	1	1	0	0	0	1	0	2	0	2	0	2	2	0	0	1	0	1	2	1	1	3	1	1	0	0	1	0	0	1	0	0	3	0	0	0	3	0	0	0	1	0	0	1	4	0	0	0	0	0	0	0	0	0	0	0	0	1	0	1	3	1	0	0	0	1	2	0	1	0	0	0	0	1	1	0	1	1	1	0	0	2	0	1	0	0	0	0	0	1	2	0	0	0	0	0	0	0	0	0	0	1	0	0	0	2	0	0	0	0	0	0	1	0	0	0	0	0	0	0	0	0	0	1	0	0	0	1	0	1	0	1	0	0	1	0	0	0	2	0	0	1	1	0	1	0	0	0	0	0	0	0	0	1	0	0	1	0	1	0	0	0	1	0	1	0	2	0	0	1	1	0	1	0	1	0	1	0	0	1	2	0	1	1	1	0	1	0	0	0	0	0	0	1	1	0	0	0	0	1	0	0	0	0	0	0	0	0	0	1	0	0	0	0	0	0	0	0	1	2	1	1	0	0	0	0	0	1	0	0	0	0	1	1	0	0	0	0	0	0	0	0	0	0	0	1	0	0	0	0	0	0	0	1	0	1	0	0	1	0	0	0	1	0	1	1	0	0	0	0	0	1	0	1	0	0	0	0	1	1	0	0	0	0	1	0	0	0	2	0	0	1	0	0	0	1	0	1	0	0	1	1	0	0	0	0	1	1	0	0	0	0	0	0	0	1	0	1	0	0	0	0	0	0	0	0	0	0	0	0	0
0	0	0	0	0	0	0	0	3	2	3	7	6	4	1	12	8	8	8	3	11	19	12	10	7	2	5	0	1	3	3	3	2	5	5	0	5	5	0	2	7	2	7	4	7	25	15	12	13	4	3	9	5	4	2	5	3	10	10	6	4	1	4	5	3	4	2	1	0	0	1	2	2	1	1	0	3	4	10	10	56	47	0	27	13	5	5	1	0	1	2	3	2	0	0	1	4	3	0	5	5	2	1	1	2	4	1	0	3	1	0	1	1	1	1	1	1	1	0	1	1	2	1	0	2	0	0	0	1	0	0	1	0	1	0	0	1	1	0	2	0	2	0	0	0	0	0	0	0	0	0	0	1	1	0	1	0	0	1	1	2	4	1	0	1	0	1	1	3	0	0	0	0	3	3	0	0	0	1	0	2	2	1	0	0	1	0	1	1	1	0	0	0	0	0	1	0	0	0	1	0	1	0	0	1	0	1	0	0	0	1	0	0	1	0	1	2	0	1	0	0	0	1	1	0	0	1	0	0	0	0	1	1	0	2	0	1	0	1	0	0	1	0	0	0	0	1	0	0	0	0	0	1	0	0	0	0	1	0	0	1	0	0	0	0	0	2	0	1	0	0	0	0	1	0	0	0	0	0	0	1	1	1	0	1	0	0	0	1	0	1	0	2	1	1	0	2	3	0	1	3	0	1	2	0	0	0	0	2	0	1	0	0	3	0	1	1	2	0	1	0	0	0	0	0	1	3	1	0	0	0	0	0	1	0	0	0	1	1	0	0	0	1	0	1	0	0	0	1	1	0	0	0	0	0	0	0	0	0	0	0	0	1	0	0	1	0	0	2	0	0	0	0	0	0	0	0	0	0	0	0	0	0	0	0	0	1	0	0	0	0	1	1	1	1	0	0	1	0	0	0	0	0	0	0	1	1	1	0	1	0	0	0	0	1	0	1	0	1	0	0	0	1	0	0	0	0	0	0	0	1	1	0	1	0	1	1	0	1	0	0	0	0	0	0	0	0	0	0	0	1	0	0	0	0	0	1	0	1	0	0	0	0	0	0	1	0	0	0	0	0	0	0	0	0	0	0	0	1	0	0	0	0	0	0	0	0	0	0
0	0	0	0	0	0	0	2	1	3	3	2	3	5	3	6	7	4	6	9	18	24	13	15	8	3	2	1	2	1	5	2	0	4	3	5	9	2	6	4	12	19	11	15	15	183	15	21	10	2	2	6	6	5	2	0	2	9	15	5	4	1	2	2	2	3	1	1	2	2	2	2	1	0	3	1	1	2	1	4	12	20	27	0	32	8	8	5	1	5	1	2	2	2	3	2	1	2	3	3	4	5	2	2	5	3	3	2	4	4	4	1	5	5	2	1	2	0	3	2	2	1	2	1	1	1	2	0	1	0	0	0	2	2	1	1	0	1	2	1	1	0	2	1	1	0	0	1	0	0	2	0	2	0	1	0	1	1	0	1	5	2	0	3	1	0	0	0	1	0	0	2	4	1	0	1	2	3	1	3	2	1	2	1	1	3	0	3	1	0	2	0	1	0	1	0	1	2	2	0	1	1	0	1	0	1	0	0	0	1	0	0	1	2	2	1	0	0	0	1	1	0	0	0	1	0	0	0	0	0	0	1	0	0	0	0	0	0	0	0	0	1	0	1	1	1	4	0	0	1	0	0	0	0	0	0	0	0	0	0	0	0	0	2	1	1	0	0	1	0	0	0	0	0	1	1	0	0	0	0	2	1	0	1	2	0	1	0	0	1	1	0	0	1	0	0	1	1	1	0	1	0	1	2	0	0	1	0	1	1	0	0	0	0	1	0	1	0	1	1	0	0	0	0	2	0	0	0	0	0	1	0	1	0	0	1	0	0	1	0	1	0	1	0	1	0	0	0	1	1	0	0	0	0	0	0	0	1	0	0	0	1	1	0	0	0	1	0	0	0	0	0	0	0	0	0	0	0	0	0	1	1	1	0	0	0	1	0	0	0	0	0	0	1	0	0	0	0	0	0	0	1	0	0	0	0	0	0	0	0	0	0	0	0	0	0	1	0	0	1	0	0	1	1	0	0	0	0	1	0	1	0	0	0	0	0	1	0	1	1	0	0	1	0	0	0	0	0	0	0	4	0	0	0	0	0	0	0	0	0	0	0	0	0	0	0	0	0	0	0	0	0	1	0	0	0	0	0	1	0	0	0	1	0	0	0	0	1	0
0	0	0	0	0	0	0	1	2	0	6	2	13	3	4	3	13	7	22	24	55	18	4	8	6	1	2	1	2	0	0	4	4	5	6	8	7	7	6	14	15	14	25	28	6	9	9	6	4	2	3	5	4	4	2	6	2	8	8	2	2	2	3	1	2	1	2	2	0	1	1	0	0	1	2	0	2	2	1	1	7	13	13	32	0	27	11	7	7	2	4	4	5	2	0	0	4	2	1	1	0	1	0	0	3	5	4	4	1	1	2	4	3	0	2	1	1	2	3	2	3	2	1	2	0	0	4	2	0	0	0	0	4	1	0	1	1	2	4	1	1	1	0	0	0	0	0	0	0	0	0	0	2	1	1	0	1	3	1	0	1	2	1	1	2	1	1	0	0	1	1	1	3	0	1	1	0	0	0	2	1	0	0	1	0	1	2	0	0	4	0	1	0	1	1	1	1	0	1	0	0	0	0	0	1	0	0	0	2	0	2	1	0	1	0	0	0	0	0	1	1	0	0	2	1	0	1	0	2	0	1	0	0	0	0	0	2	0	0	0	1	0	0	2	2	2	0	0	1	1	0	2	0	0	0	0	0	0	0	1	0	0	0	0	0	2	0	1	0	0	0	0	1	0	0	1	0	0	0	0	0	1	0	1	1	2	1	2	0	1	0	1	0	0	0	1	0	0	0	1	2	1	0	1	1	0	1	1	0	0	1	0	0	0	0	0	1	0	3	1	0	0	2	0	0	0	0	0	1	1	2	0	1	1	0	0	2	2	1	0	0	0	2	3	0	0	0	1	2	0	0	0	0	0	0	0	0	0	0	0	0	0	1	0	1	0	0	0	1	0	0	0	1	1	0	0	0	1	1	0	0	0	0	0	0	0	0	0	0	0	0	0	0	0	0	0	2	0	1	0	0	0	1	2	0	0	0	0	0	1	0	0	0	0	0	1	0	0	0	0	1	1	0	0	0	0	1	0	0	0	1	0	0	1	0	0	1	0	0	0	2	0	0	1	0	0	0	0	0	0	0	0	3	1	1	1	0	0	0	0	0	1	0	0	0	0	0	1	0	2	1	0	0	0	1	1	0	0	1	1	0	0	0	0	0	0	0	0	0
0	0	0	0	0	0	0	0	3	3	1	9	10	11	3	7	15	2	18	13	10	3	5	3	5	2	0	1	0	1	2	3	1	1	3	8	2	3	6	5	5	7	11	16	13	13	6	3	4	4	0	7	4	6	6	5	12	7	15	8	6	5	4	1	0	1	2	1	0	1	0	1	0	1	2	1	2	2	1	5	8	8	5	8	27	0	69	20	9	9	2	2	2	0	0	1	4	6	0	0	4	3	1	1	0	4	3	1	0	3	1	1	2	1	1	0	1	2	1	0	0	2	0	1	4	0	0	0	1	1	0	0	1	2	1	0	0	3	0	2	1	1	1	0	0	1	1	2	1	1	0	1	3	3	0	0	0	1	1	1	2	1	1	1	1	1	0	2	0	0	1	2	1	0	2	0	1	0	1	2	1	1	3	4	1	0	5	0	0	1	0	0	0	0	1	0	2	0	0	1	1	1	0	1	0	0	1	2	1	0	1	1	1	0	1	1	2	1	0	0	0	0	1	2	0	0	0	1	0	1	0	0	0	0	0	0	0	0	1	0	0	0	1	1	0	0	0	1	0	0	1	2	0	0	0	0	0	0	0	1	0	1	0	1	0	0	0	2	1	0	0	0	1	0	0	1	0	0	0	0	1	0	2	1	0	0	1	2	0	0	0	1	0	0	2	0	0	1	0	1	1	1	0	1	0	1	2	1	0	0	1	0	0	0	2	0	1	0	1	0	0	0	0	0	1	1	0	1	1	1	0	1	0	0	1	1	1	1	0	1	0	0	2	0	1	0	0	0	1	0	1	0	1	0	0	0	0	1	0	0	0	0	0	0	0	0	0	0	0	1	1	0	0	0	1	2	0	0	0	0	0	0	1	1	0	0	0	0	2	1	0	0	0	0	0	0	0	1	0	0	0	0	0	0	0	0	1	0	1	0	1	0	0	0	0	0	0	0	0	1	1	0	0	1	0	0	1	0	0	0	0	0	0	0	0	1	1	0	1	0	0	0	1	1	0	1	1	0	0	0	1	1	0	1	1	1	0	0	0	0	0	1	0	0	1	0	1	0	0	0	1	0	0	0	0	0	0	0	0	0	0	0	0	0	0	0	0	0	0
0	0	0	0	0	0	0	3	5	1	2	8	10	5	4	2	5	5	4	9	7	6	4	1	2	2	1	1	0	0	0	1	3	3	1	7	4	0	9	3	9	8	13	9	7	4	6	2	3	1	4	1	4	4	5	2	6	5	9	1	6	2	3	1	2	2	0	2	2	0	1	0	2	0	0	1	2	1	0	6	6	5	5	8	11	69	0	138	13	11	6	7	7	1	2	2	4	1	2	2	2	2	4	2	5	5	2	3	2	4	2	4	3	0	2	1	2	0	3	0	2	2	1	1	3	0	0	0	1	2	0	1	0	2	1	1	1	2	0	0	2	2	1	0	2	1	2	0	1	0	1	1	2	0	3	2	1	2	0	3	0	4	0	2	0	0	0	1	1	0	2	1	1	2	0	2	1	5	2	3	1	1	1	0	1	1	0	1	2	2	1	0	0	0	2	0	3	0	1	1	1	0	1	0	1	1	0	1	5	0	0	1	3	0	4	0	0	1	0	1	0	0	0	1	1	0	0	0	0	1	0	0	0	1	0	0	0	1	1	0	1	1	1	0	1	0	0	1	0	1	1	0	0	0	0	0	0	2	0	0	0	0	1	0	1	0	1	1	0	0	0	1	0	0	1	0	0	0	1	1	0	0	0	1	0	1	1	0	0	0	0	0	1	0	0	0	0	3	2	1	0	0	1	2	0	0	2	1	0	2	1	3	0	1	0	0	1	0	0	0	0	0	0	0	1	0	1	2	1	0	0	0	1	0	1	2	1	2	3	3	0	1	1	1	0	0	0	0	0	0	0	0	0	0	1	1	1	0	0	0	0	1	0	0	0	0	1	0	0	0	0	0	0	1	0	1	0	1	1	0	0	1	0	0	0	0	0	0	0	0	0	1	0	2	0	0	1	1	0	0	0	1	0	1	0	1	0	0	0	1	0	0	0	0	0	0	0	0	0	0	0	0	1	0	2	0	1	0	0	0	2	2	1	1	0	0	0	0	0	1	1	0	0	0	1	0	0	1	0	1	1	1	0	1	0	0	1	1	0	0	0	1	0	0	0	1	1	1	0	0	0	0	0	1	2	0	0	0	0	0	0	0	0	0	0	0	0	0	0
0	0	0	0	0	0	0	7	3	3	2	2	2	2	4	3	6	2	5	5	4	4	3	2	4	3	1	2	1	0	0	1	0	3	0	2	0	6	2	4	1	6	5	13	4	8	6	2	6	2	5	2	3	4	2	6	3	7	5	4	4	3	1	3	1	1	0	0	2	1	2	1	0	2	2	0	1	2	4	2	1	2	1	5	7	20	138	0	27	11	8	4	3	2	2	1	5	1	7	6	3	4	3	1	2	3	4	3	4	7	0	2	1	2	1	2	2	0	0	2	2	1	0	1	2	3	2	2	1	2	0	0	0	1	1	2	0	1	0	1	3	1	0	1	0	0	1	1	1	2	1	0	1	1	1	1	0	2	2	1	1	0	2	6	3	0	2	3	0	1	0	1	0	1	1	2	0	1	3	1	1	1	5	3	1	0	1	3	3	2	2	3	2	4	0	1	2	0	2	0	1	3	1	0	0	1	1	3	1	1	1	0	0	0	0	2	0	0	1	0	1	0	2	0	1	2	2	0	0	0	2	2	1	0	3	0	1	0	0	0	0	0	0	0	1	0	1	0	0	0	0	1	1	1	0	0	2	0	0	1	0	0	0	0	0	1	2	1	0	0	0	0	0	0	0	0	0	0	0	0	0	0	3	0	1	0	0	0	0	1	1	0	3	0	0	0	0	1	0	3	1	0	0	1	0	1	0	0	1	0	1	0	0	1	0	0	0	1	1	1	0	1	0	1	0	0	0	2	1	2	1	0	3	1	1	0	0	1	1	0	0	0	1	0	0	1	0	0	1	0	1	0	0	1	0	1	0	1	0	0	1	1	1	0	1	0	0	0	0	0	0	0	0	1	0	0	0	0	0	1	0	1	0	1	0	0	0	2	0	1	0	0	0	1	0	1	0	0	1	0	0	0	1	2	0	0	0	0	0	0	0	1	0	0	0	0	0	0	0	0	0	1	0	0	1	1	0	0	0	1	0	2	2	0	0	0	0	1	0	0	0	0	0	1	1	1	0	0	0	1	1	0	1	0	0	0	1	1	2	2	2	0	0	0	1	0	1	0	0	0	0	0	0	0	0	0	0	0	0	0	1	0	1	0	0	0	0	0	0
0	0	0	0	0	0	0	3	4	2	0	0	4	0	1	2	5	1	6	4	4	3	5	3	2	0	1	0	0	0	3	1	2	2	2	5	2	1	3	1	4	6	17	17	11	5	2	2	1	1	1	0	1	8	3	6	6	5	5	4	9	3	3	3	1	2	2	1	1	0	1	0	1	0	0	1	1	3	1	0	5	3	0	1	7	9	13	27	0	50	22	11	0	0	3	0	3	9	5	3	3	4	5	7	2	5	11	3	3	9	3	1	1	0	0	1	2	0	0	3	3	1	0	1	0	2	0	0	0	0	0	3	0	2	0	0	0	0	1	1	0	1	0	1	0	1	1	2	1	2	0	0	2	3	2	2	2	2	2	1	3	3	2	3	0	1	0	0	1	2	0	1	1	3	0	4	4	2	0	1	1	0	2	1	1	1	3	3	2	4	1	2	4	0	1	0	1	3	1	2	0	1	2	0	0	2	1	2	0	2	2	0	1	1	0	2	1	0	0	1	0	1	2	0	2	1	1	0	2	0	0	0	0	0	2	0	2	1	1	1	1	0	1	0	1	1	2	1	2	2	2	2	0	0	0	0	0	1	0	0	1	0	0	0	0	0	0	0	1	1	0	3	2	1	1	2	0	1	0	0	1	0	1	0	0	0	0	1	0	0	2	0	1	0	1	1	0	3	2	0	1	3	0	0	0	0	0	3	0	1	0	0	2	0	0	0	0	0	0	0	1	0	1	1	1	0	0	1	0	2	1	0	2	2	1	1	4	3	1	1	3	1	1	0	1	0	1	1	0	0	0	0	0	0	1	0	0	0	0	0	0	0	0	0	0	0	0	0	1	0	0	0	0	0	0	0	0	0	2	0	1	0	0	0	0	0	1	0	0	0	0	0	0	0	1	1	1	0	0	0	0	1	0	0	1	2	0	1	0	0	0	0	0	0	1	0	0	0	0	1	1	0	0	0	0	0	1	0	0	0	1	0	0	0	1	0	0	0	1	0	0	0	0	0	0	0	0	0	0	0	2	1	0	0	1	1	2	0	0	0	0	2	0	0	0	0	0	2	0	0	1	1	0	3	0	0	0	0	0	0	0	0	0	0	0	0	1	0	0
0	0	0	0	0	0	0	3	2	0	0	0	2	1	0	0	0	2	0	4	8	2	3	3	0	2	0	0	1	0	0	1	1	1	1	1	2	3	2	4	4	10	11	10	8	7	4	4	2	2	2	2	6	4	1	4	1	2	2	4	2	5	0	0	0	1	2	0	1	2	0	0	0	0	0	0	1	1	1	3	4	1	1	5	2	9	11	11	50	0	97	22	3	2	6	4	8	5	5	3	2	2	4	3	7	8	16	7	3	12	6	4	4	1	3	1	0	3	2	4	2	1	1	0	1	1	2	3	0	1	2	0	1	0	1	0	0	2	0	0	2	3	3	1	2	1	1	0	3	1	0	1	2	1	1	6	2	1	2	3	2	1	4	2	2	0	2	2	1	0	0	4	0	3	1	5	2	5	2	4	1	5	3	3	4	3	3	4	2	3	0	1	3	0	0	0	2	3	0	2	0	1	2	0	0	0	3	1	2	3	1	2	2	2	3	1	1	1	1	0	1	1	1	1	2	0	3	1	0	0	0	1	0	1	2	0	1	2	2	0	0	1	2	1	0	1	0	0	0	0	0	1	1	3	0	2	1	0	0	2	0	0	1	0	0	1	1	0	1	0	2	0	0	2	1	1	0	3	0	0	1	2	0	0	0	0	0	0	0	2	0	1	1	0	0	4	0	0	1	2	0	0	0	0	0	0	0	1	0	0	1	1	0	0	1	1	2	0	1	0	2	1	0	0	1	0	0	2	0	2	0	3	1	1	0	0	1	0	1	2	1	2	0	0	0	0	0	0	1	2	1	0	1	0	0	0	1	0	1	0	0	0	0	0	3	1	1	0	0	0	1	0	0	0	0	0	1	1	0	3	0	1	0	1	1	1	1	0	0	1	0	1	0	0	1	0	1	0	1	0	0	0	0	0	0	0	0	0	1	0	0	1	0	0	2	0	1	1	2	0	0	0	0	0	0	0	0	0	0	0	3	0	0	0	1	1	0	0	2	0	0	2	1	0	2	3	0	1	0	6	0	0	4	1	2	2	0	0	1	0	1	0	0	1	1	0	0	1	0	0	0	1	2	0	0	0	1	0	0	0	0	0	0	0	0	0	1	0	1
0	0	0	0	0	0	0	1	1	3	1	3	4	0	0	1	1	0	2	1	1	1	1	0	0	3	0	0	0	1	0	1	0	0	2	4	1	1	2	1	3	6	3	10	7	2	0	4	1	1	0	0	2	5	3	3	3	4	2	2	0	1	0	0	0	1	0	1	1	2	0	2	0	0	0	1	0	0	0	0	1	2	2	1	4	2	6	8	22	97	0	34	6	3	1	8	9	16	11	4	2	0	5	3	6	11	14	7	4	9	10	1	1	2	1	1	0	0	1	1	0	1	2	3	0	0	1	2	2	1	0	0	0	2	0	0	0	1	0	1	2	2	2	2	0	4	1	2	0	1	1	2	3	1	4	0	0	2	4	4	4	1	1	4	3	1	1	1	0	1	1	0	4	2	2	3	7	3	5	11	7	6	3	1	1	1	6	5	4	3	2	2	2	2	5	1	3	5	1	4	2	0	0	1	1	1	1	3	0	5	3	1	4	2	1	3	0	1	2	3	1	0	0	0	0	1	0	0	1	1	1	0	3	0	0	3	0	1	2	0	3	0	0	0	2	0	1	0	1	0	0	1	1	1	0	1	0	1	2	1	0	0	0	1	3	2	0	1	0	0	2	1	0	1	0	2	0	1	0	1	0	1	1	1	0	1	0	2	0	1	1	0	1	1	0	3	3	1	3	2	1	2	0	2	1	0	1	1	0	2	0	1	2	3	2	1	1	1	0	0	4	0	1	0	1	0	2	0	1	0	0	0	0	1	1	2	2	4	3	3	2	3	1	0	0	0	0	0	1	0	0	0	1	0	0	0	0	0	0	0	0	0	1	0	0	1	0	0	0	0	0	1	0	0	1	0	0	0	0	1	0	0	0	3	1	0	0	0	0	1	1	0	0	1	0	1	1	3	0	0	0	0	3	1	0	0	0	0	0	1	0	0	0	0	1	0	1	0	2	1	1	1	1	1	0	0	0	0	1	0	1	1	2	0	1	0	0	1	1	2	1	1	0	0	0	0	0	1	1	1	0	2	2	0	4	2	0	0	1	0	0	0	0	1	1	1	2	0	0	0	1	0	0	0	0	0	0	0	1	0	1	0	0	0	0	0	0	1	0
0	0	0	0	0	0	0	0	3	0	1	1	0	0	1	1	1	1	2	0	3	1	2	5	1	0	0	0	0	3	3	1	2	0	0	3	3	2	3	0	4	4	3	9	6	2	2	1	2	1	0	0	3	5	3	0	1	3	2	0	2	0	0	2	1	0	0	0	1	0	1	0	0	1	1	1	0	0	3	4	1	2	3	2	4	2	7	4	11	22	34	0	25	9	5	7	18	14	11	2	3	2	7	5	2	12	12	9	19	17	15	7	2	3	0	3	3	2	1	3	2	3	2	2	2	5	1	1	1	3	0	1	0	1	1	0	0	2	2	1	1	2	1	5	0	2	2	2	1	0	2	3	1	3	5	2	3	7	9	5	3	5	4	4	4	4	1	4	3	3	2	0	2	0	1	4	5	6	11	5	6	6	4	1	1	2	6	3	4	7	4	5	8	4	2	0	2	2	5	3	2	1	3	3	3	2	1	5	5	3	3	4	4	5	3	0	0	4	2	1	1	2	2	1	0	3	0	1	0	1	1	1	1	1	1	2	2	0	0	2	2	0	0	0	1	3	1	2	3	0	1	0	1	1	0	0	2	0	3	2	1	0	0	0	1	0	0	0	1	0	1	0	2	1	1	0	1	2	0	1	5	0	0	0	0	0	0	2	2	0	0	2	2	2	0	0	2	2	6	1	1	1	0	1	1	1	0	1	0	2	0	2	0	2	2	1	0	3	0	1	0	2	0	0	0	2	1	0	4	1	1	0	2	1	0	4	3	2	6	2	1	3	0	0	0	2	1	2	0	1	0	1	3	0	2	1	0	2	0	1	1	0	1	0	0	0	1	0	0	1	0	0	0	0	1	0	0	0	1	1	0	0	0	0	1	0	1	0	0	1	1	0	0	0	1	0	0	0	1	2	0	1	2	1	1	0	0	0	0	0	0	0	0	0	0	0	1	0	0	0	2	0	0	1	0	0	0	1	0	0	1	2	1	0	1	1	1	1	0	2	0	0	0	0	0	0	0	1	2	3	2	2	1	3	1	3	2	0	0	0	1	2	0	1	0	2	0	1	1	0	0	0	0	0	0	0	0	0	0	1	1	0	0	0	0	0	1	0	0
0	0	0	0	0	0	0	0	0	2	0	0	0	2	0	0	0	1	3	2	1	1	1	3	1	1	1	0	1	1	3	1	1	1	2	2	3	2	7	2	3	5	6	2	2	0	1	0	3	0	0	0	2	1	1	1	0	0	2	0	2	0	1	3	1	0	1	0	1	1	0	0	1	0	2	1	0	0	0	0	1	2	2	2	5	2	7	3	0	3	6	25	0	17	19	18	9	8	7	4	1	3	7	9	7	5	5	25	27	27	29	7	5	3	4	2	3	2	3	2	0	2	2	1	1	2	2	0	2	4	2	0	0	0	4	1	1	4	3	1	1	2	9	5	1	2	6	3	1	0	3	4	2	0	10	3	2	12	10	1	3	1	3	2	4	1	4	2	1	1	1	2	3	1	2	3	5	2	11	5	4	4	5	1	3	0	3	10	3	8	2	6	5	2	1	0	1	4	3	2	0	0	4	0	1	5	5	2	6	7	1	2	4	0	1	4	3	2	3	0	2	3	2	1	1	1	0	3	3	0	1	1	0	0	2	2	3	2	2	0	1	1	0	0	1	2	1	1	3	1	0	2	2	0	1	0	2	2	0	0	2	2	0	0	1	2	1	2	0	0	1	1	0	3	1	3	1	4	1	1	2	2	1	1	2	3	1	2	1	0	1	1	3	3	1	1	0	4	6	0	2	0	1	3	0	1	5	5	1	0	1	1	2	3	0	0	1	1	3	1	2	0	1	0	0	0	1	0	0	3	1	2	3	1	1	2	3	2	6	8	8	4	2	4	0	1	1	0	3	0	1	1	1	1	1	1	0	1	0	1	1	0	0	0	0	2	0	0	1	0	1	1	1	1	0	1	0	1	2	1	0	2	0	1	0	1	1	0	1	0	0	1	1	3	1	0	2	0	0	0	0	0	0	0	0	0	0	0	0	0	1	0	0	0	1	0	1	0	0	1	0	1	2	1	0	1	0	1	1	2	3	0	0	1	1	0	0	2	1	1	0	1	2	1	3	1	2	2	0	0	1	2	0	1	6	3	5	0	0	2	0	1	0	0	0	2	1	1	2	0	1	0	2	1	0	1	0	0	1	1	2	0	0	0	0	0	1	0	0
0	0	0	0	0	0	0	3	1	0	1	0	0	0	0	1	1	1	1	1	1	0	2	1	0	2	0	1	0	0	0	1	1	0	0	2	2	0	1	3	4	1	1	2	0	2	1	2	2	0	0	1	0	0	0	0	3	3	0	0	0	1	0	0	1	0	0	0	1	0	0	0	0	0	2	0	0	0	0	0	0	0	0	2	2	0	1	2	0	2	3	9	17	0	76	22	14	4	1	1	1	0	1	6	5	5	5	5	12	5	5	6	5	4	2	2	2	2	5	5	4	2	1	2	3	3	2	5	4	1	0	2	0	2	0	1	1	1	4	2	2	5	8	7	4	0	20	11	3	2	0	1	4	13	18	19	18	15	6	2	3	1	3	1	1	4	2	4	3	4	1	1	2	1	0	4	3	8	3	3	2	1	2	6	4	5	6	8	4	6	11	7	5	5	5	5	9	10	8	5	2	2	5	2	8	16	7	10	12	11	8	4	5	1	4	4	5	1	6	2	3	2	7	5	1	1	0	3	0	5	7	3	0	2	1	0	1	2	0	2	0	1	1	0	2	1	4	6	2	0	1	0	3	3	0	3	3	1	1	1	0	0	1	2	2	3	0	3	2	1	0	0	2	3	3	1	0	3	1	2	3	3	5	1	4	6	2	2	1	3	1	1	2	2	5	2	0	3	3	6	3	0	1	0	1	3	3	2	0	1	4	1	1	1	2	1	0	0	1	1	0	0	1	2	1	2	1	0	2	1	2	0	5	1	3	4	1	2	4	5	6	12	4	2	0	2	0	1	4	2	2	4	3	1	0	1	1	1	0	0	1	0	1	3	1	0	0	1	0	0	0	0	1	2	0	0	1	1	2	0	1	4	1	0	2	0	0	1	1	0	0	0	0	0	1	0	0	1	1	0	1	0	1	0	1	0	0	0	0	0	0	1	1	1	0	2	3	0	4	1	2	0	1	1	2	2	3	1	1	1	1	1	1	1	3	1	1	1	2	1	1	3	3	5	0	1	0	0	0	3	3	3	3	2	8	13	4	3	3	0	0	1	1	0	0	3	1	0	1	1	1	0	3	0	1	0	2	0	2	1	0	1	0	0	0	0	0	0	0
0	0	0	0	0	0	0	1	0	1	1	0	1	0	0	1	1	0	0	0	1	1	0	1	0	0	2	0	0	1	0	1	0	1	2	1	0	3	2	3	1	1	2	0	2	0	1	2	2	3	0	0	0	1	0	3	0	0	2	2	0	1	0	0	0	0	2	1	0	0	0	0	0	0	0	2	0	0	0	1	3	0	0	3	0	0	2	2	3	6	1	5	19	76	0	98	20	4	3	1	2	1	4	2	7	4	4	3	8	10	2	2	2	3	2	1	1	2	6	3	3	1	0	0	3	0	1	1	2	1	2	1	1	3	0	2	1	3	0	4	5	6	5	7	8	7	6	3	4	6	3	1	5	2	20	15	9	18	8	4	3	4	3	2	4	7	1	3	3	5	2	2	5	0	4	1	8	15	10	11	4	4	7	7	5	1	7	16	5	11	11	11	3	0	5	8	10	11	6	2	3	6	5	4	9	20	5	20	18	27	13	9	6	4	6	8	3	3	5	0	2	4	1	10	2	3	5	3	0	3	6	3	2	2	3	0	3	1	2	0	0	1	3	2	5	2	0	1	2	1	1	1	3	1	0	1	2	2	0	0	0	2	0	2	0	2	2	1	1	2	1	0	2	1	2	2	0	0	1	0	0	1	0	0	3	1	2	1	4	1	2	0	0	0	3	1	2	3	4	1	1	1	1	2	2	0	1	1	0	1	2	0	2	1	2	0	1	0	1	0	0	1	3	0	0	0	1	0	1	0	2	0	0	1	4	2	1	2	1	7	0	4	3	1	1	1	2	1	3	1	0	2	0	1	1	3	0	0	0	0	0	0	1	1	2	0	0	0	0	1	0	0	0	0	0	1	2	0	0	1	0	1	3	2	1	3	1	1	1	1	0	1	3	0	0	0	0	1	0	0	0	1	0	1	0	1	0	0	1	0	2	0	1	1	0	2	2	1	1	1	3	0	0	0	3	0	2	0	1	0	0	1	1	2	3	0	2	1	1	0	1	1	2	1	0	1	0	1	0	1	4	1	3	4	7	7	4	6	3	0	1	2	3	0	2	1	0	3	1	0	0	0	1	2	0	0	0	0	1	1	1	1	0	0	0	1	0	0	0
0	0	0	0	0	0	0	1	0	0	1	2	0	0	0	0	2	1	0	2	3	0	1	1	2	1	4	0	0	0	0	0	0	0	0	3	1	0	2	0	1	6	1	1	1	2	0	0	0	1	2	1	0	2	1	0	2	0	1	1	1	2	0	0	0	0	0	0	1	1	0	1	2	2	0	0	1	1	0	1	1	1	1	2	0	1	2	1	0	4	8	7	18	22	98	0	15	9	5	1	3	4	1	7	3	2	4	5	15	11	5	6	0	0	4	3	1	1	0	0	2	0	2	0	0	2	0	1	0	0	0	0	0	2	1	1	2	2	2	2	1	4	1	2	4	3	11	1	6	3	2	3	6	12	10	10	7	9	12	2	3	2	4	5	3	6	6	4	4	2	1	1	3	2	1	7	9	18	13	5	8	7	8	9	4	8	16	24	10	19	12	8	7	4	2	5	8	8	3	7	4	3	6	5	6	9	6	15	8	16	16	6	4	5	3	4	6	3	5	1	2	3	3	1	1	4	2	2	0	0	6	0	2	1	0	3	1	2	2	0	0	0	0	2	1	0	0	3	2	3	2	1	1	0	2	4	0	2	1	3	0	1	1	1	3	2	0	4	1	0	1	2	0	3	2	2	0	0	1	1	2	3	1	0	1	5	1	1	2	0	1	1	1	2	3	0	2	2	3	1	1	1	3	1	2	0	1	2	2	0	1	0	2	1	1	2	0	0	1	1	2	0	2	2	0	1	0	0	0	1	2	0	2	0	1	3	1	2	2	3	3	3	2	0	0	3	0	0	1	3	0	3	1	3	0	0	0	2	0	1	0	0	0	0	1	0	0	1	2	0	3	0	0	0	0	0	1	0	0	0	2	0	0	2	1	0	1	0	1	2	2	0	0	1	0	3	0	1	0	0	0	0	0	1	0	1	0	0	0	1	2	0	0	1	2	2	1	3	1	0	0	4	2	2	1	1	0	0	0	1	0	0	0	2	1	1	2	0	1	0	2	2	1	1	4	2	1	0	1	1	0	0	2	5	1	6	4	4	0	1	0	1	0	1	0	2	0	0	0	0	0	1	1	1	0	1	0	0	0	0	0	3	1	0	0	0	1	0	0
0	0	0	0	0	0	0	0	2	1	1	0	2	3	1	1	0	2	1	3	1	1	2	3	1	0	0	2	1	0	1	1	0	0	1	1	2	2	5	1	3	6	2	3	1	0	4	1	0	1	2	0	3	0	2	2	4	2	0	0	1	0	0	0	0	0	1	0	1	0	3	1	1	0	0	1	1	1	0	0	0	1	4	1	4	4	4	5	3	8	9	18	9	14	20	15	0	32	7	9	6	5	12	5	2	8	13	17	25	23	6	2	2	2	2	3	1	1	3	1	1	0	1	1	1	4	0	4	2	0	0	0	1	0	0	1	2	1	5	4	2	1	7	2	2	4	4	2	0	2	1	3	2	10	4	5	3	8	8	4	1	6	7	16	9	1	7	1	4	4	2	2	2	4	5	7	13	17	25	25	14	7	4	4	7	8	14	12	1	5	4	3	2	0	2	3	2	3	6	4	3	1	2	4	4	2	5	1	3	4	10	2	1	4	2	6	3	2	0	0	2	1	1	3	2	0	2	0	2	2	1	4	4	4	0	1	2	1	4	1	1	0	2	0	1	3	1	2	2	1	1	1	0	1	3	0	0	0	1	1	0	0	0	1	1	2	0	2	0	0	1	1	0	1	1	2	0	0	0	0	0	0	0	1	0	0	4	0	0	1	0	0	0	1	2	0	0	3	2	2	0	3	0	1	1	1	1	2	0	0	1	0	1	0	0	1	1	1	2	1	1	0	0	2	1	1	1	0	0	0	3	1	1	1	4	2	1	3	5	2	3	3	0	2	0	1	1	0	2	2	0	0	0	0	2	1	1	1	0	2	0	0	0	0	1	0	0	0	0	0	2	0	1	0	0	2	0	0	0	0	2	0	2	0	0	1	0	3	0	1	0	0	1	0	1	0	0	0	0	0	1	2	0	1	0	0	0	0	1	0	0	0	2	0	0	1	0	0	2	0	0	1	0	0	1	0	0	0	0	1	1	1	0	1	0	0	0	0	1	0	0	1	0	0	0	0	0	0	0	0	2	1	2	3	2	1	1	2	1	1	0	0	0	0	3	0	1	0	2	0	0	0	0	0	0	0	0	0	2	0	0	0	0	0	1	0	0	0	0
0	0	0	0	0	0	0	0	0	0	0	1	2	0	1	0	1	1	2	2	1	0	5	1	1	2	4	0	1	3	0	3	1	0	3	3	2	2	3	2	3	8	2	5	5	5	2	3	1	0	1	0	0	3	0	2	4	2	3	1	1	0	0	0	1	4	0	0	0	5	1	1	0	0	0	1	0	2	1	1	1	1	3	2	2	6	1	1	9	5	16	14	8	4	4	9	32	0	24	11	11	8	43	13	15	12	11	16	14	32	7	7	2	6	1	5	3	0	2	2	1	2	2	4	4	0	2	0	1	1	1	0	2	0	2	1	1	1	2	3	5	2	1	1	0	1	2	2	0	0	0	0	1	5	4	0	1	8	8	12	11	8	14	8	6	0	4	3	3	2	3	3	4	4	5	7	11	7	8	17	10	4	2	1	2	6	10	6	2	3	4	2	3	0	2	0	0	0	3	1	1	0	3	1	0	2	2	2	2	2	3	4	1	3	4	2	0	1	1	1	0	1	0	2	3	0	1	1	1	2	1	0	3	1	2	4	0	2	1	0	0	0	0	1	1	4	3	1	3	1	0	1	1	0	1	0	0	0	1	2	0	0	0	1	1	1	0	1	0	0	0	0	2	0	3	1	1	1	1	2	1	1	1	1	1	0	1	2	1	1	1	1	0	3	0	2	2	1	0	1	1	0	0	1	1	0	0	1	0	1	0	0	0	0	1	0	0	0	0	1	1	1	0	0	0	0	0	2	0	0	1	0	0	2	2	0	2	0	3	0	3	1	1	0	1	0	0	0	3	0	2	1	0	0	1	0	1	0	0	0	0	1	1	2	1	0	0	0	1	0	1	0	1	0	0	0	0	1	0	1	0	1	1	1	0	2	0	1	0	0	0	0	0	0	0	0	0	0	0	0	1	1	0	0	0	1	0	1	0	0	0	0	0	0	0	0	1	0	0	0	1	2	1	0	0	0	2	1	0	0	0	0	0	0	1	1	0	1	0	1	2	0	0	0	2	0	1	0	1	0	1	0	0	0	2	0	1	1	0	0	1	0	1	0	0	0	1	1	1	0	1	0	0	0	0	0	0	0	1	0	1	1	0	1	1	0	0	1	0
0	0	0	0	0	0	0	1	1	1	0	0	0	1	0	2	0	2	0	3	0	0	0	0	0	0	1	0	0	0	1	2	0	2	2	3	0	5	3	0	2	5	3	3	2	2	2	3	2	1	2	3	3	3	3	4	4	1	3	2	1	2	2	3	2	2	0	0	3	1	1	0	0	0	0	0	1	1	0	2	0	2	0	3	1	0	2	7	5	5	11	11	7	1	3	5	7	24	0	81	13	8	21	8	3	7	6	5	6	6	4	2	4	2	3	2	2	2	4	0	0	0	1	2	1	4	0	1	0	1	0	2	0	1	0	1	0	0	1	4	1	2	4	1	1	2	1	0	0	0	1	3	4	4	3	3	1	5	5	9	23	11	23	21	7	4	1	2	2	4	3	1	8	2	5	10	6	3	10	38	21	13	1	2	3	4	2	4	3	3	3	2	0	0	0	1	0	2	3	1	1	1	1	3	2	2	0	1	0	1	3	0	1	2	1	0	0	1	0	2	0	0	1	2	1	1	1	1	2	1	2	2	2	4	0	3	1	3	2	2	0	1	1	0	0	1	1	2	0	1	0	1	1	0	0	0	0	1	2	1	2	1	1	1	0	0	1	1	1	0	2	0	1	2	1	0	1	0	0	0	0	0	0	0	0	0	1	0	0	0	0	0	1	0	1	0	0	1	1	0	2	0	0	0	1	0	1	2	0	0	0	1	0	0	0	0	0	0	0	0	3	0	1	0	0	0	0	2	1	0	0	1	0	1	1	2	0	1	1	1	1	0	0	1	0	0	0	1	2	1	0	1	4	0	1	0	0	1	0	0	0	0	0	2	0	0	1	0	1	1	0	0	1	1	1	1	0	0	1	1	0	1	0	0	1	1	1	1	0	0	3	0	0	1	0	1	0	0	0	1	1	1	0	0	2	0	1	0	0	0	1	0	0	0	1	0	0	0	0	0	0	0	0	2	0	2	0	1	0	0	0	0	0	1	0	3	0	1	0	0	3	0	0	0	0	2	1	0	1	1	0	1	0	1	1	0	1	1	0	0	3	0	0	0	0	0	0	0	0	0	0	0	0	0	0	0	0	1	0	0	0	0	0	0	0	0	0	1	0
0	0	0	0	0	0	0	1	0	0	2	0	0	1	1	1	0	1	0	1	1	1	2	3	4	0	0	1	0	2	1	0	0	0	1	1	2	2	1	1	1	3	3	4	6	1	2	5	2	3	0	1	5	8	2	2	4	4	1	2	5	1	0	4	1	2	0	0	1	0	0	1	0	0	1	1	0	4	3	3	2	3	5	3	1	0	2	6	3	3	4	2	4	1	1	1	9	11	81	0	31	8	22	7	5	2	5	2	2	8	5	0	3	3	1	1	2	0	2	1	0	1	0	0	1	3	0	1	1	3	0	2	1	0	0	1	0	1	0	2	3	2	5	0	1	0	2	0	0	2	1	1	3	1	1	0	1	5	3	9	20	22	17	10	6	4	3	4	3	1	3	6	4	2	7	9	1	3	8	14	6	3	1	2	5	1	4	3	1	1	1	0	1	0	0	2	1	0	1	1	1	0	4	3	0	0	0	4	1	2	1	2	4	0	0	3	0	1	0	0	1	1	2	0	0	1	1	1	0	0	2	1	2	2	2	1	1	0	0	1	1	1	1	1	0	0	1	0	0	0	2	1	2	0	0	0	1	1	1	1	0	1	2	1	1	2	2	0	2	1	0	0	1	1	0	0	0	0	1	1	0	0	0	0	0	0	0	0	1	1	0	0	2	0	0	0	0	6	1	0	1	0	1	0	0	0	0	2	1	0	0	0	0	0	1	0	0	0	0	0	2	0	0	0	0	1	0	1	1	1	0	0	0	1	1	4	0	0	0	1	0	1	0	1	0	0	0	0	1	0	1	1	0	0	0	0	0	0	1	0	0	1	2	0	1	0	0	0	0	0	2	0	0	0	0	0	0	0	0	0	0	1	1	0	0	0	1	0	1	1	0	0	0	0	0	0	0	0	0	1	2	0	1	0	1	0	0	0	0	0	0	0	0	2	0	2	1	1	2	1	0	0	0	0	0	0	0	0	0	0	1	3	2	0	0	1	0	2	0	0	1	2	0	0	0	0	0	0	0	1	1	0	1	1	0	1	1	1	0	1	0	0	0	0	0	0	1	1	0	0	0	0	1	0	0	0	0	0	1	0	0	0	1	0	0	0	1	0	0
0	0	0	0	0	0	0	0	0	1	0	0	1	0	2	3	1	0	0	2	1	0	2	0	1	5	0	0	1	1	1	2	2	1	2	2	6	3	1	0	4	2	2	5	6	2	8	8	5	3	1	2	5	2	1	1	0	3	3	0	2	0	3	2	2	0	0	0	1	0	1	1	2	0	1	0	2	1	1	3	2	1	5	4	0	4	2	3	3	2	2	3	1	1	2	3	6	11	13	31	0	71	41	15	10	3	8	8	1	5	2	3	2	2	1	2	2	2	2	2	1	2	0	0	2	1	1	0	1	2	0	0	0	0	0	1	1	1	2	0	1	3	3	0	2	2	2	0	2	2	1	1	0	5	2	2	2	2	1	10	13	14	8	8	1	5	2	5	3	2	7	4	8	6	7	3	2	3	6	6	4	2	4	3	1	1	2	2	0	1	0	2	0	1	0	1	0	0	2	0	2	0	1	2	1	0	0	1	0	1	1	1	2	1	0	2	1	0	0	0	0	1	1	2	0	2	0	2	0	3	0	1	0	2	1	0	1	0	0	2	1	1	2	0	2	2	2	0	2	0	1	0	0	1	0	0	2	0	0	1	0	0	0	1	1	0	0	0	0	0	0	1	1	0	1	0	0	0	3	0	3	0	0	0	2	1	0	0	1	0	2	0	0	0	2	0	2	2	0	1	2	1	0	0	0	1	0	0	0	2	1	0	0	0	0	1	1	1	1	1	0	1	1	0	1	0	1	1	1	0	2	0	0	0	1	0	0	0	1	1	1	1	0	0	1	2	0	0	3	0	2	0	0	0	1	0	2	0	0	0	0	0	1	0	0	0	0	1	0	0	0	1	0	2	0	1	0	0	0	0	0	1	0	1	0	0	0	0	0	1	0	0	0	1	1	0	0	0	0	1	1	0	0	1	0	1	1	0	0	1	1	0	0	0	1	2	0	1	0	0	3	1	1	0	0	2	0	0	0	0	0	0	0	0	0	0	1	1	0	2	2	0	0	1	0	0	0	0	0	1	1	0	0	2	0	0	0	1	0	0	1	0	0	0	1	0	1	0	1	0	0	0	0	0	0	0	1	0	0	0	0	0	0	0	0	1	0	0	1
0	0	0	0	0	0	0	1	0	0	1	0	2	0	1	1	2	0	2	1	1	1	2	2	4	2	0	0	2	0	1	2	0	0	1	0	3	2	2	3	3	1	4	3	7	2	4	5	3	2	1	2	3	5	1	0	0	0	1	1	0	1	0	3	2	2	2	3	0	0	0	1	1	2	1	1	0	0	1	0	3	0	2	5	1	3	2	4	4	2	0	2	3	0	1	4	5	8	8	8	71	0	16	11	8	8	7	7	4	4	8	9	5	11	5	1	4	6	2	2	2	1	3	1	2	3	0	0	0	1	0	0	0	3	0	3	0	4	2	4	3	1	2	1	0	2	2	0	1	0	3	1	3	3	1	2	3	2	1	16	12	8	12	5	1	3	4	4	0	2	2	6	10	6	4	4	6	3	2	8	5	0	0	2	1	2	2	1	1	1	1	3	1	1	0	0	0	2	2	0	0	1	3	2	0	1	2	0	0	2	2	1	2	0	1	0	0	1	0	0	1	1	1	1	1	0	0	1	0	0	1	1	0	1	1	2	2	0	0	1	1	0	1	3	1	4	0	2	1	0	1	0	1	1	0	1	1	1	1	1	0	0	0	0	0	0	0	0	0	1	1	1	0	1	0	0	1	0	0	1	1	1	1	0	0	0	3	0	0	1	3	0	1	1	1	1	1	2	0	2	1	0	1	0	2	0	0	0	0	0	0	0	0	0	0	1	0	1	0	0	0	1	1	0	0	0	0	1	0	0	0	0	0	0	1	0	1	1	7	1	1	2	0	2	1	0	0	0	1	1	0	1	1	0	1	0	0	0	0	0	0	0	0	1	0	1	0	0	1	0	0	1	0	0	0	0	0	0	0	0	0	0	1	2	1	1	0	0	0	0	0	0	0	0	1	0	0	2	1	1	0	0	1	1	1	1	0	1	0	0	0	0	2	2	0	0	0	0	0	0	0	1	0	1	0	0	0	0	0	0	0	0	0	0	0	1	1	1	0	0	1	0	0	0	0	1	0	0	0	0	1	3	0	2	0	1	0	1	0	0	0	0	1	0	0	1	0	0	0	1	1	0	0	0	0	0	1	0	0	0	0	0	1	0	0	0	0	0	0
0	0	0	0	0	0	0	1	0	3	1	0	1	0	1	2	2	1	3	2	4	0	1	5	1	1	0	2	1	0	1	3	1	1	2	3	5	1	1	2	4	5	3	14	5	4	5	5	3	1	0	1	6	1	2	3	1	1	1	1	3	5	2	2	2	1	0	1	2	0	0	2	1	0	0	0	1	2	1	0	0	2	1	2	0	1	4	3	5	4	5	7	7	1	4	1	12	43	21	22	41	16	0	49	17	18	15	17	11	11	6	7	5	12	6	5	0	3	1	3	3	2	2	2	1	3	0	2	1	2	1	1	2	2	1	1	0	1	2	3	2	2	2	1	3	1	1	0	0	3	1	0	5	4	6	4	6	2	15	27	11	8	20	9	2	7	4	3	4	1	2	5	7	6	5	5	7	4	7	14	6	5	2	3	4	0	2	5	2	2	1	5	0	0	1	2	1	1	2	3	2	1	0	3	2	0	3	3	2	2	2	3	0	3	2	0	1	2	0	0	0	0	0	2	0	0	0	1	1	1	2	1	0	0	3	2	1	1	0	2	2	0	0	0	2	1	4	1	1	4	0	0	0	0	0	0	0	0	0	0	1	1	1	0	1	0	0	0	1	1	1	2	0	1	1	0	1	0	1	1	0	0	0	0	1	1	0	1	0	1	2	0	1	2	1	2	0	0	2	1	2	1	1	1	1	2	1	2	1	0	0	0	0	2	0	0	0	1	1	0	0	0	1	0	0	1	1	0	0	0	0	0	2	2	0	0	1	3	2	1	2	5	0	1	0	1	0	0	0	1	0	2	0	0	0	0	0	1	0	1	0	0	0	1	1	2	1	1	1	0	1	0	0	0	0	0	0	1	0	1	0	0	0	1	1	0	1	0	0	0	3	0	1	1	0	0	0	0	1	0	1	0	0	0	0	2	0	0	2	0	0	0	0	1	0	0	0	0	0	1	0	0	0	0	1	0	1	1	0	0	0	1	0	1	0	0	1	0	2	1	0	0	0	1	1	0	1	1	2	0	1	0	1	0	3	2	1	1	1	0	0	1	0	1	0	1	1	1	0	0	0	0	0	0	0	0	0	0	0	0	0	0	0	0	0	0	0	0	0
0	0	0	0	0	0	0	0	1	0	2	1	1	1	3	1	2	0	1	1	1	2	3	2	3	3	0	1	2	1	4	1	2	2	1	5	4	9	5	1	4	7	6	3	1	5	1	1	2	0	0	2	3	2	3	1	1	5	2	0	0	0	0	3	0	2	0	1	0	0	1	0	1	2	1	1	1	1	0	1	0	2	1	2	0	1	2	1	7	3	3	5	9	6	2	7	5	13	8	7	15	11	49	0	39	34	31	52	16	24	12	13	13	22	9	5	5	3	6	1	0	0	3	5	4	1	1	0	1	1	0	0	1	2	0	1	3	3	4	3	4	5	4	4	1	5	3	0	2	0	2	3	0	3	5	3	5	5	21	30	8	14	9	2	3	7	2	2	1	3	2	2	8	5	3	6	7	2	4	8	3	3	1	1	3	1	4	2	2	1	0	0	1	0	2	2	0	1	5	1	0	2	3	1	1	1	2	5	1	2	1	1	2	4	2	5	1	1	1	1	1	1	1	0	1	1	0	2	3	1	1	0	2	0	2	1	4	1	3	1	2	0	0	1	2	0	2	0	0	1	1	0	1	0	0	0	1	1	1	0	0	0	1	2	2	1	0	0	3	0	0	0	1	0	0	0	2	2	1	0	2	2	2	1	1	0	0	2	4	1	2	1	1	0	2	1	2	4	3	4	1	0	0	2	1	4	1	2	0	1	0	2	0	0	1	0	0	3	2	0	0	0	0	0	0	0	0	1	1	2	1	0	0	2	1	3	2	1	2	3	4	2	2	3	3	3	1	1	0	0	0	2	1	1	0	2	0	0	0	0	0	1	1	1	0	1	0	0	0	0	0	0	0	0	0	0	0	0	0	1	0	1	1	0	0	0	1	1	0	1	0	0	1	0	0	0	0	1	0	2	0	0	0	0	1	3	0	0	0	1	0	2	1	2	0	1	0	0	0	0	0	0	0	0	0	0	1	0	0	0	0	0	2	1	0	0	0	0	0	0	2	1	2	2	1	0	0	1	0	0	0	1	0	2	2	3	1	0	0	0	2	0	1	1	0	0	1	0	1	1	0	0	0	0	0	1	0	0	2	0	0	0	1	1	1	1	0	0	0
0	0	0	0	0	0	0	1	1	1	0	2	1	1	0	2	1	1	3	4	2	1	2	2	5	1	2	0	1	3	3	2	3	1	4	8	10	19	13	9	8	11	6	6	4	6	1	3	3	1	0	3	1	2	1	4	0	4	2	0	0	1	0	0	1	0	0	0	0	1	1	0	0	1	0	1	3	1	0	1	1	1	2	5	3	0	5	2	2	7	6	2	7	5	7	3	2	15	3	5	10	8	17	39	0	115	23	36	10	14	23	34	40	17	7	9	7	3	5	5	8	1	2	6	8	2	3	1	1	1	0	3	0	0	5	2	3	2	3	1	10	3	3	2	2	2	1	0	1	1	0	2	0	1	8	4	5	8	8	11	3	0	4	1	3	4	3	4	1	3	0	0	2	6	3	1	3	4	7	4	2	1	1	1	4	1	3	1	2	0	0	1	3	3	0	1	3	1	2	1	2	1	3	2	2	0	0	1	1	1	1	2	0	1	2	0	0	0	1	1	0	0	2	2	0	0	2	0	0	1	0	2	0	0	0	0	1	2	0	1	0	2	1	1	0	1	3	0	1	1	1	0	1	0	4	0	0	0	0	0	2	0	1	0	0	1	1	3	1	0	1	0	1	1	2	0	0	0	0	0	2	1	1	3	0	2	1	0	0	2	2	1	0	2	4	1	0	2	2	3	0	5	3	0	2	1	4	1	0	1	0	0	0	0	1	1	1	2	2	1	1	0	0	2	0	1	1	2	0	2	0	1	0	1	0	7	3	2	4	2	2	1	1	0	1	2	0	0	0	1	1	1	2	2	0	0	0	0	3	0	0	1	0	0	0	1	0	0	0	0	0	0	1	0	0	0	1	0	1	1	1	0	1	1	0	0	1	1	1	1	0	0	0	0	1	0	1	0	0	0	0	1	0	1	0	0	0	1	1	0	1	2	0	0	1	0	0	0	1	0	0	0	0	1	1	0	2	1	1	1	0	1	1	0	1	0	0	1	0	0	1	0	3	1	0	0	0	0	0	0	1	0	1	1	1	1	0	1	0	2	1	0	0	0	0	3	1	0	0	1	1	1	1	0	0	0	0	1	0	1	2	0	0	0	0	1	0	1	1
0	0	0	0	0	0	0	0	0	3	0	1	0	1	1	2	1	3	4	2	9	4	1	3	3	1	1	0	1	2	4	5	1	2	4	8	3	7	17	7	28	29	16	7	9	4	3	4	4	1	1	2	3	4	2	2	5	1	2	0	1	0	0	2	1	0	0	4	1	1	0	1	0	1	1	1	0	2	5	3	3	2	4	3	5	4	5	3	5	8	11	12	5	5	4	2	8	12	7	2	3	8	18	34	115	0	56	36	14	19	16	17	11	10	5	2	6	4	8	2	7	4	5	8	0	0	0	2	0	3	2	0	1	1	1	2	0	2	6	3	0	2	4	2	3	0	2	0	0	2	0	1	3	0	2	2	5	3	13	4	0	4	1	9	1	2	2	3	1	2	3	0	1	1	4	0	4	5	7	2	5	2	0	2	0	1	2	1	0	1	1	1	4	1	1	0	0	2	0	2	1	1	0	2	1	6	0	0	1	3	0	0	2	0	1	0	0	1	1	1	0	1	4	1	0	0	0	0	0	0	4	2	0	1	0	2	1	0	2	1	0	0	1	0	3	0	2	0	0	2	0	1	0	0	0	0	0	0	1	1	0	0	1	0	1	0	1	0	0	0	2	0	0	1	1	0	1	1	2	1	0	0	2	1	1	3	0	2	0	0	0	0	1	0	1	2	3	0	3	1	1	2	2	0	1	0	2	2	2	2	2	0	0	0	0	0	0	0	1	0	3	0	1	0	0	1	0	1	0	1	1	1	0	1	1	1	4	5	7	4	4	0	0	1	0	2	0	0	0	1	0	1	1	2	0	1	0	0	0	0	0	1	0	0	1	0	0	0	0	0	0	0	0	0	2	0	1	0	1	3	0	0	0	0	1	1	0	0	0	2	0	0	0	0	0	0	0	0	1	0	2	0	1	0	2	0	0	0	0	1	0	0	0	0	0	0	0	1	2	0	0	1	0	0	0	1	0	2	1	1	1	1	0	1	1	1	1	2	0	0	1	0	1	1	0	0	1	0	0	0	1	2	1	2	2	0	1	1	0	0	0	0	0	0	0	0	0	0	1	0	0	0	0	0	0	2	0	1	0	0	1	1	0	0	0	0	0	0	0
0	0	0	0	0	0	0	1	1	1	0	1	2	1	1	2	1	6	0	2	3	2	5	1	1	2	2	3	0	0	2	1	2	2	0	5	2	7	7	2	11	12	10	11	8	6	7	4	2	3	0	7	1	3	0	4	1	1	3	3	1	0	0	2	0	2	1	0	1	0	1	0	0	0	0	2	0	1	1	0	1	3	1	3	4	3	2	4	11	16	14	12	5	5	4	4	13	11	6	5	8	7	15	31	23	56	0	77	25	89	32	13	5	4	3	3	1	3	4	3	1	5	0	8	3	1	0	1	1	2	2	1	0	0	0	0	1	2	4	3	3	3	4	1	0	1	2	1	1	3	2	3	0	2	4	0	2	6	5	8	5	6	5	3	2	1	2	1	1	1	1	2	1	4	2	1	3	2	6	8	7	4	2	1	1	1	3	3	1	2	4	3	0	1	1	0	1	4	3	3	0	1	4	2	4	1	1	3	2	4	2	1	2	2	2	2	1	1	1	0	1	1	2	3	1	0	0	1	1	0	0	1	3	0	2	1	0	0	0	3	1	1	0	0	0	1	1	0	1	3	1	3	0	0	0	0	1	1	0	0	1	1	0	0	0	0	1	1	2	1	1	0	1	0	0	1	1	0	1	0	2	0	0	0	0	2	2	0	2	1	0	1	2	2	1	3	0	1	4	1	0	1	0	1	3	1	1	2	1	1	1	0	3	1	2	0	0	0	0	0	1	0	0	0	0	0	2	0	1	1	1	1	1	1	0	3	5	2	6	2	2	0	2	2	2	1	2	1	3	1	1	2	0	1	0	0	0	0	0	1	0	0	1	0	1	1	0	1	0	1	0	1	0	0	0	0	0	0	0	0	0	1	2	0	0	0	0	0	0	1	0	0	1	0	0	0	0	0	1	1	0	0	0	0	0	1	0	0	1	1	0	0	0	0	0	0	1	1	0	0	0	1	2	2	0	0	1	0	1	3	0	1	2	1	0	1	1	1	0	0	0	0	0	2	0	0	0	0	1	4	2	1	1	3	2	1	1	3	1	1	0	1	0	2	2	0	1	2	1	0	0	1	1	0	0	0	1	0	1	1	1	0	0	0	0	0	2	1	0
0	0	0	0	0	0	0	2	1	0	0	0	0	1	0	1	1	0	2	3	2	1	3	1	0	2	0	2	0	2	1	3	3	2	3	7	5	4	5	7	6	10	9	1	3	3	4	2	2	1	2	0	4	4	2	1	1	1	4	0	4	0	0	1	0	0	0	0	1	1	0	1	0	1	1	1	0	0	0	1	1	3	0	2	4	1	3	3	3	7	7	9	25	5	3	5	17	16	5	2	8	7	17	52	36	36	77	0	66	152	57	18	7	4	11	2	6	5	4	7	4	4	2	3	3	2	0	1	0	0	1	0	1	0	1	2	2	2	5	5	4	2	5	3	5	2	4	2	2	2	1	2	2	1	6	4	7	10	8	10	7	5	4	6	2	3	2	3	1	1	1	2	1	5	1	2	8	6	5	4	3	3	3	3	2	6	8	5	5	2	2	4	3	0	2	2	3	5	1	3	3	0	2	3	1	0	0	1	2	1	5	0	4	1	1	1	0	0	2	0	0	1	3	1	2	3	0	1	0	0	0	1	1	0	1	0	2	1	1	0	1	0	0	0	2	1	2	0	1	2	3	0	1	1	1	0	1	3	3	2	1	0	1	1	0	1	1	0	0	0	0	0	2	0	0	0	0	2	2	1	1	0	0	0	0	2	0	0	1	2	1	0	0	0	3	0	2	1	3	0	0	1	1	2	1	0	1	5	0	1	0	1	1	1	1	0	0	1	3	0	1	0	1	0	0	1	0	3	0	0	1	0	0	2	0	2	4	1	2	3	5	2	0	4	1	1	0	0	0	0	1	0	2	1	0	0	1	1	0	1	1	1	1	0	1	0	0	1	0	0	0	0	0	1	0	0	1	0	0	2	0	2	0	2	0	0	0	0	1	1	0	1	1	0	0	0	0	1	0	0	1	1	0	0	0	1	0	1	0	0	0	0	0	0	0	0	0	0	1	0	0	1	0	1	1	0	0	2	0	1	0	0	1	1	1	1	1	1	0	0	0	0	0	0	1	0	0	1	2	0	0	1	2	1	2	1	1	0	1	1	0	0	0	1	0	0	1	0	1	1	0	0	1	0	0	1	0	0	0	0	1	0	0	0	1	2	0	0	1
0	0	0	0	0	0	0	1	0	1	0	0	2	1	1	2	0	2	1	2	0	0	1	1	1	0	0	0	1	1	0	4	0	0	2	3	2	5	7	2	1	4	7	3	2	1	0	0	1	1	0	1	0	1	1	0	0	1	0	1	1	2	1	0	2	0	1	0	1	1	0	0	1	0	1	0	0	0	1	0	1	0	3	4	1	0	2	4	3	3	4	19	27	12	8	15	25	14	6	2	1	4	11	16	10	14	25	66	0	74	50	15	6	10	3	7	5	3	2	3	5	2	7	3	3	1	2	3	1	0	1	1	0	0	3	0	1	0	5	4	2	8	8	7	2	1	9	1	2	3	0	0	3	7	16	7	10	35	28	11	6	9	5	8	3	4	3	3	3	3	4	7	0	1	1	6	11	15	14	3	4	0	1	2	2	4	5	8	4	5	1	3	3	0	3	3	3	2	6	5	0	3	1	3	1	7	6	5	4	6	5	3	5	3	4	1	1	1	3	2	3	1	5	3	0	0	0	0	1	2	3	4	3	1	0	1	1	0	2	0	2	1	2	2	4	4	2	0	2	1	1	1	0	0	0	2	0	1	0	2	1	0	1	1	0	2	0	0	1	2	1	2	0	5	0	0	0	1	3	4	2	2	1	2	0	1	0	3	1	2	1	2	2	2	2	4	2	3	0	1	2	3	1	1	0	1	0	2	0	1	1	0	0	2	1	0	0	0	1	1	1	0	1	1	0	0	1	1	2	2	5	0	1	2	1	6	3	1	5	1	1	5	1	2	1	0	1	1	0	1	0	1	0	1	0	0	2	1	1	2	1	0	0	1	1	0	0	1	1	1	0	0	0	0	0	0	0	0	0	0	1	5	0	4	1	0	1	0	0	2	1	0	0	1	0	0	1	0	1	0	0	0	0	1	1	1	0	0	2	0	2	0	0	1	1	0	1	1	0	1	2	0	1	0	1	1	1	1	0	0	1	1	0	1	1	1	1	1	2	0	1	2	2	0	0	1	0	3	1	1	1	1	0	4	4	2	2	0	0	1	0	0	0	1	1	1	1	2	0	0	0	1	1	0	0	0	1	0	0	1	0	0	0	0	0	1	1	1	0
0	0	0	0	0	0	0	0	1	1	0	1	5	1	0	0	3	3	2	2	3	1	1	2	0	1	0	1	0	1	0	3	1	2	2	4	1	5	0	2	5	3	8	5	3	0	2	1	2	0	0	0	4	3	0	2	1	1	2	1	1	2	1	1	0	0	0	0	1	1	0	0	0	0	0	1	0	1	0	1	1	0	1	4	1	3	4	7	9	12	9	17	27	5	10	11	23	32	6	8	5	4	11	24	14	19	89	152	74	0	27	12	8	12	4	3	2	3	6	2	0	1	2	1	5	4	2	2	2	1	2	0	0	2	0	0	3	0	2	1	1	3	5	9	7	5	6	2	1	1	1	0	2	4	5	5	4	13	19	8	3	5	6	5	3	3	7	1	2	3	2	2	2	3	1	5	5	11	7	4	5	5	4	1	2	2	6	5	4	4	2	1	6	1	1	0	2	2	2	2	4	1	3	1	3	1	2	1	1	6	3	4	2	1	1	1	4	0	3	0	0	0	0	0	5	2	0	2	0	2	3	2	1	2	1	2	2	1	1	1	2	0	1	0	1	1	3	1	0	1	1	3	0	1	0	1	0	0	1	1	0	0	0	0	0	1	3	1	0	0	0	0	1	0	1	0	0	1	1	0	1	2	1	0	1	2	1	1	0	0	2	0	0	2	1	2	0	0	2	1	3	0	0	0	1	3	0	0	0	1	1	0	0	0	0	2	0	1	0	0	0	1	0	1	0	0	0	0	3	0	1	3	2	1	0	0	0	2	4	2	3	2	1	1	2	3	1	0	0	1	2	4	0	2	0	4	0	1	1	0	0	0	0	0	1	1	1	0	0	2	0	0	0	0	0	0	0	1	0	0	2	1	0	0	0	1	0	0	0	0	0	1	0	0	1	0	0	0	0	0	1	1	1	0	1	0	1	0	0	0	0	0	0	0	1	0	0	1	1	1	1	0	1	1	2	0	1	1	1	1	0	0	1	0	1	1	3	2	0	1	0	0	0	2	0	0	0	0	0	2	0	1	1	3	2	0	0	2	0	1	0	2	2	0	1	2	2	0	0	0	0	1	0	0	0	1	0	1	0	0	0	0	0	0	0	0	1	0	1
0	0	0	0	0	0	0	0	1	2	0	0	0	1	0	1	1	1	0	2	4	0	4	1	3	1	0	0	0	1	2	2	5	3	1	5	1	3	6	8	8	6	3	2	3	5	3	4	1	2	2	0	1	2	2	1	1	1	1	2	3	1	2	0	0	2	1	1	0	1	1	0	0	0	0	1	0	0	0	0	0	0	0	4	2	1	2	0	3	6	10	15	29	5	2	5	6	7	4	5	2	8	6	12	23	16	32	57	50	27	0	45	10	4	6	2	5	7	6	5	6	1	2	0	3	2	2	3	1	2	0	1	1	2	1	0	4	6	10	3	4	5	8	5	0	6	5	1	2	0	0	3	0	5	9	1	8	8	10	8	5	1	4	5	2	3	5	1	3	3	2	1	1	4	4	3	7	3	8	4	7	1	4	0	0	2	3	1	0	3	3	4	2	0	2	0	1	3	0	2	0	4	1	0	0	0	0	3	6	4	2	1	1	1	1	2	0	2	2	1	3	0	5	1	1	0	0	0	1	3	2	1	0	1	0	1	1	0	0	2	1	1	1	0	1	1	0	1	1	3	1	3	1	0	1	1	0	0	0	1	1	1	0	1	2	0	0	0	1	1	3	1	0	2	1	0	0	3	0	0	0	2	1	0	1	3	1	1	2	0	0	0	1	1	1	3	3	9	2	3	2	1	0	2	1	1	2	2	4	1	1	1	0	4	0	1	1	1	0	0	4	2	1	1	1	0	1	0	0	1	1	1	4	0	7	3	5	6	9	4	9	3	2	2	0	3	0	2	1	0	0	0	1	0	0	1	0	0	0	0	0	1	0	0	0	0	0	0	0	0	0	1	0	0	0	0	1	0	0	0	3	0	0	0	1	1	2	0	1	0	0	1	1	0	0	1	0	1	0	0	0	0	0	0	0	0	2	0	0	0	0	0	1	0	0	0	0	1	1	0	2	0	1	1	0	0	0	1	1	0	0	0	1	0	0	0	4	1	0	1	0	1	1	0	0	1	2	1	0	0	1	1	0	1	2	3	1	0	1	1	0	0	0	0	0	1	0	1	1	0	1	0	1	0	1	1	0	0	1	0	0	2	1	0	1	0	1	0	0
0	0	0	0	0	0	0	1	0	1	1	0	1	0	0	2	1	1	1	1	3	2	1	2	4	0	2	1	2	1	3	6	3	1	1	4	7	9	15	2	4	9	2	2	2	1	4	1	1	1	0	2	1	1	1	0	1	3	2	1	0	0	2	1	1	1	0	1	0	0	0	0	1	0	0	0	0	1	0	0	3	1	1	1	4	1	4	2	1	4	1	7	7	6	2	6	2	7	2	0	3	9	7	13	34	17	13	18	15	12	45	0	37	16	18	14	6	11	32	6	7	3	4	6	3	6	4	0	3	4	0	1	0	3	5	2	3	6	8	7	5	5	12	7	3	2	6	3	1	0	0	1	1	2	4	2	2	9	17	8	5	4	5	4	2	2	2	2	0	0	1	3	3	4	4	2	3	3	2	3	3	1	2	2	2	1	1	0	2	7	0	1	1	0	2	0	2	3	1	3	2	2	0	3	1	0	0	3	1	0	2	1	3	2	0	1	2	2	1	1	1	1	1	3	1	2	3	1	1	2	1	2	0	1	2	2	0	2	0	1	1	1	0	1	2	3	2	0	4	0	0	1	2	0	0	1	0	1	1	0	0	1	0	0	1	1	0	0	0	0	0	0	2	1	1	0	1	1	0	1	2	0	0	2	2	1	5	2	1	3	1	1	1	4	2	3	2	5	6	2	1	1	1	1	3	2	0	2	1	1	0	0	0	1	1	1	1	2	0	0	2	2	0	0	2	2	0	1	4	1	0	0	0	2	2	4	2	6	12	3	6	3	2	2	1	5	1	1	0	2	1	0	0	0	1	0	1	0	0	0	0	0	0	1	0	1	0	0	0	0	1	0	0	1	0	1	0	0	0	1	0	0	0	1	1	1	0	1	0	0	2	0	0	0	0	0	0	0	0	0	0	0	1	0	0	1	0	0	1	2	1	0	0	0	1	0	1	1	0	0	3	0	3	0	0	0	0	2	1	0	2	1	0	3	1	2	1	2	0	1	1	2	1	1	0	0	0	0	0	0	0	1	2	3	1	0	1	1	1	3	2	0	1	0	0	1	0	1	0	0	0	1	0	1	0	0	0	2	2	0	0	0	0	0	1	0	1	0	1
0	0	0	0	0	0	0	0	1	3	1	1	0	2	1	0	1	0	1	2	1	2	3	2	2	2	1	0	0	1	2	3	7	1	3	8	8	19	11	5	10	6	5	2	4	5	0	2	2	1	1	0	2	1	0	1	0	1	1	1	2	1	2	2	2	0	0	0	0	0	0	0	0	0	0	1	1	0	1	1	1	2	1	5	3	2	3	1	1	4	1	2	5	5	2	0	2	2	4	3	2	5	5	13	40	11	5	7	6	8	10	37	0	55	15	22	13	7	20	9	16	6	2	6	4	3	4	0	4	4	2	0	2	0	3	0	2	5	6	6	3	2	3	4	3	1	3	2	1	0	0	1	1	3	1	4	1	13	3	4	0	4	1	0	1	2	2	2	2	4	1	1	1	2	2	3	3	5	4	1	1	1	1	1	0	3	1	4	3	1	0	1	0	0	0	2	1	1	0	2	2	1	1	1	1	4	2	3	2	1	2	0	2	1	1	0	1	0	0	1	0	2	1	0	2	1	0	1	1	1	2	0	0	2	0	0	0	1	4	3	0	0	1	1	1	2	3	0	1	0	1	0	0	0	1	0	0	1	0	3	2	0	0	0	0	0	2	0	0	0	0	1	1	0	0	0	0	0	1	1	1	1	0	1	0	2	1	0	0	2	0	0	0	2	1	2	3	1	1	4	0	3	0	0	3	0	1	1	2	0	0	0	0	0	1	3	1	1	0	1	1	1	0	0	0	0	1	2	0	2	1	0	0	1	3	2	4	4	4	2	6	1	2	1	1	0	1	0	1	0	0	2	2	2	1	0	0	1	0	1	0	0	2	0	0	0	0	0	1	1	0	0	0	0	0	0	0	0	0	0	0	0	0	1	0	0	0	1	1	1	1	2	0	1	0	0	0	0	0	0	0	1	0	0	0	0	0	0	0	0	0	0	0	0	0	2	0	1	1	0	1	0	0	1	0	2	0	0	0	3	0	0	2	0	0	1	1	1	0	0	1	0	0	0	0	0	0	0	1	1	2	2	2	2	2	1	0	2	1	0	0	0	1	0	3	0	1	0	0	0	0	0	0	0	1	0	0	0	2	0	0	0	0	0	1	0	0	0	0
0	0	0	0	0	0	0	2	0	1	1	0	2	1	1	3	2	0	1	1	3	2	1	0	2	2	1	2	2	3	3	2	2	3	1	3	5	2	4	7	4	3	9	0	3	5	2	4	1	0	0	1	1	1	1	2	1	1	1	2	1	1	0	2	0	1	1	0	0	1	1	0	0	0	0	0	1	0	0	1	0	1	1	5	0	1	0	2	0	1	2	3	3	4	3	0	2	6	2	3	2	11	12	22	17	10	4	4	10	12	4	16	55	0	25	23	9	6	7	9	3	5	6	1	1	1	1	4	2	3	0	0	2	0	1	2	2	5	5	6	8	5	7	3	3	4	3	1	1	1	1	1	0	2	2	2	1	9	8	22	3	3	4	3	0	1	7	4	0	2	1	2	6	6	4	3	4	5	6	0	2	1	1	1	1	4	1	1	1	2	0	3	1	1	1	1	2	2	0	1	1	4	0	1	1	0	2	1	1	0	1	2	3	1	2	2	1	0	1	2	0	0	1	0	1	1	1	2	0	1	0	2	1	0	1	2	1	1	1	0	1	0	1	1	1	1	0	1	0	1	1	2	1	1	1	0	0	1	3	0	1	0	1	0	0	1	1	0	1	0	1	1	0	0	1	2	1	0	1	1	0	1	1	1	1	1	2	3	1	4	2	0	1	0	2	2	6	4	0	3	4	1	1	1	1	1	2	2	1	2	1	0	2	0	1	0	0	1	0	1	0	0	1	0	0	0	0	1	0	1	0	0	0	2	0	2	2	1	5	2	0	1	0	0	3	2	1	1	0	2	0	0	0	0	0	0	1	0	0	0	0	2	0	0	1	1	0	0	0	1	0	0	0	1	0	0	0	0	1	0	0	0	1	0	1	1	2	0	0	0	1	1	0	2	0	0	0	0	0	0	1	0	0	1	0	1	0	1	0	0	0	2	0	0	0	2	1	0	0	0	1	0	0	0	1	0	0	1	1	1	1	0	0	0	2	0	1	0	0	0	0	0	0	1	0	1	1	0	0	0	1	1	0	0	0	2	1	4	0	2	1	0	0	0	2	1	0	0	1	0	0	0	0	0	1	0	0	2	0	0	1	1	0	1	1	0	0	0	0
0	0	0	0	0	0	0	0	0	0	0	2	2	0	0	1	0	1	4	1	1	2	2	1	1	0	1	0	3	0	3	4	0	0	1	3	5	2	4	1	1	0	1	1	2	3	1	2	0	2	1	1	0	0	0	0	1	3	1	0	1	0	0	0	0	0	0	0	0	0	0	0	0	1	0	1	0	0	0	0	1	0	1	2	2	1	2	1	0	3	1	0	4	2	2	4	2	1	3	1	1	5	6	9	7	5	3	11	3	4	6	18	15	25	0	146	18	12	4	3	4	4	3	3	5	6	0	2	2	1	2	3	1	0	1	1	2	1	11	20	19	6	8	8	8	6	7	1	0	0	2	0	0	4	3	5	7	14	18	9	4	2	4	3	3	3	3	3	1	0	1	3	4	5	6	0	5	4	3	3	1	1	2	1	0	0	1	3	0	1	1	0	0	1	1	3	1	2	2	7	1	1	2	0	2	1	4	1	1	1	2	2	1	0	0	1	0	1	1	0	1	0	2	1	2	2	0	0	1	2	3	4	1	0	3	0	2	0	1	0	1	1	0	0	3	2	1	2	3	8	0	1	0	0	1	0	0	1	2	1	2	0	2	1	1	0	1	0	0	0	0	1	0	0	1	2	2	0	0	1	1	0	2	1	0	1	0	4	3	2	2	3	2	0	2	3	3	9	1	2	2	0	3	1	2	1	0	1	2	0	1	0	1	1	4	0	0	1	0	0	0	4	1	0	1	0	0	1	1	0	0	1	2	1	1	2	1	2	7	4	4	1	2	0	2	0	1	0	1	2	0	1	2	0	0	0	0	0	0	0	1	1	0	1	0	0	1	1	1	0	0	0	0	0	0	0	0	2	1	0	0	0	0	0	0	0	0	2	0	0	0	2	0	1	0	1	2	1	0	0	0	0	0	0	1	0	0	0	0	1	0	0	0	0	0	0	0	0	0	0	1	0	0	0	1	0	1	0	0	0	2	2	1	0	2	0	2	1	1	1	0	1	1	1	2	1	1	2	0	1	1	0	0	1	1	4	0	1	0	2	1	0	2	0	0	0	2	0	1	1	2	0	1	1	1	0	1	1	0	1	1	0	1	2	0	1	1	1	0
0	0	0	0	0	0	0	1	1	0	0	3	0	1	0	0	0	0	2	2	1	2	0	1	0	2	0	2	0	0	4	3	1	2	0	1	4	6	2	1	2	2	0	2	4	3	2	1	0	0	0	1	1	1	0	1	2	1	2	0	1	0	3	0	0	0	0	0	0	0	0	0	0	0	1	0	2	1	0	0	1	1	1	1	1	0	1	2	1	1	1	3	2	2	1	3	3	5	2	1	2	1	5	5	9	2	3	2	7	3	2	14	22	23	146	0	66	21	14	3	3	5	4	2	4	6	3	5	3	3	1	1	2	1	4	2	2	13	13	20	8	4	15	13	2	0	6	0	3	1	1	1	0	0	5	3	6	5	10	2	1	1	4	2	1	5	6	1	1	0	0	1	1	3	5	1	5	11	3	1	2	2	2	0	2	0	2	0	0	3	3	0	2	0	0	1	3	2	1	3	1	1	0	1	2	3	1	0	0	2	4	1	0	0	0	1	0	1	0	3	0	0	3	1	0	2	0	1	1	2	1	1	2	0	0	0	1	0	1	1	0	1	2	0	2	0	4	1	2	1	1	1	1	0	1	0	0	1	1	1	1	1	1	0	1	2	1	0	0	1	0	1	1	1	2	0	1	0	1	1	2	0	2	0	0	6	2	2	2	3	2	4	3	4	4	6	4	3	5	9	4	0	2	1	1	0	0	3	2	1	1	0	0	1	0	1	2	1	0	1	0	0	2	0	0	1	1	0	0	0	0	0	0	2	1	1	4	3	9	3	4	4	1	2	1	2	1	2	0	0	2	0	1	0	0	1	3	1	0	1	0	0	0	0	1	0	0	0	0	0	0	1	0	0	0	1	0	0	0	0	0	0	0	1	0	1	0	1	0	0	0	0	0	0	0	0	0	0	2	0	0	0	1	0	1	0	2	0	1	1	0	0	1	1	0	0	1	0	0	0	0	0	0	1	2	2	2	0	0	2	0	1	0	2	2	0	0	1	2	1	1	0	0	0	1	0	1	1	0	1	0	1	0	0	0	0	3	0	0	0	0	1	1	1	0	0	1	0	0	0	0	0	0	2	1	0	1	0	1	2	0	0	0	1	0	0	0	0	1
0	0	0	0	0	0	0	1	1	0	0	1	2	0	0	0	2	2	0	2	2	1	2	4	1	3	0	0	0	2	2	4	1	2	4	2	4	6	4	8	5	3	1	0	2	2	1	3	0	1	1	1	1	1	0	0	0	2	1	2	0	1	1	1	0	0	2	0	0	0	1	0	0	0	0	1	0	1	0	0	0	0	1	2	1	1	2	2	2	0	0	3	3	2	1	1	1	3	2	2	2	4	0	5	7	6	1	6	5	2	5	6	13	9	18	66	0	152	25	10	10	10	5	7	2	9	3	12	4	2	4	2	6	4	5	6	2	8	12	6	12	1	5	5	3	2	4	2	2	0	1	0	1	2	4	1	4	0	6	3	3	3	2	0	0	4	1	1	2	1	1	4	1	3	2	4	3	2	2	1	1	0	0	0	0	1	0	3	0	2	2	0	1	1	1	1	1	4	4	1	0	2	1	2	2	2	3	1	1	2	1	0	3	0	0	1	2	1	2	1	2	0	0	1	1	2	0	0	0	0	0	3	1	2	1	0	1	1	2	1	1	0	0	1	0	1	1	2	2	1	0	3	0	1	1	1	0	1	0	0	0	0	0	0	1	2	1	1	1	0	1	1	1	0	1	1	1	0	0	2	2	2	1	0	2	0	1	0	2	4	0	2	0	4	9	8	8	5	1	7	2	4	3	0	0	1	1	3	1	0	1	0	2	2	1	1	1	0	0	1	0	0	0	2	0	0	1	1	1	1	1	1	0	2	0	0	2	3	5	2	4	2	3	0	0	0	1	0	0	2	1	3	0	0	1	0	1	1	1	0	0	0	0	1	0	1	0	0	1	0	0	0	0	1	0	0	0	0	0	0	1	2	0	1	0	1	0	3	0	0	1	0	0	1	2	0	0	0	1	0	1	0	0	0	0	0	1	0	0	0	0	0	0	0	0	1	1	0	0	1	0	0	0	1	0	0	0	0	1	0	3	0	0	1	0	2	1	2	2	1	2	1	0	0	0	0	0	0	0	1	1	0	0	0	4	3	1	1	0	0	0	0	0	0	1	1	0	0	0	0	0	0	0	0	0	1	0	0	0	1	2	0	0	0	1	0	0	0	0
0	0	0	0	0	0	0	0	2	0	1	0	0	0	0	2	1	0	0	0	0	2	3	2	5	1	0	1	3	3	8	5	4	6	1	4	1	3	3	0	5	3	0	0	3	4	2	1	1	0	1	2	1	1	0	0	0	1	0	0	0	0	0	0	0	2	0	0	1	0	0	1	0	0	0	1	0	1	0	1	1	2	1	0	2	2	0	0	0	3	0	2	2	2	2	1	1	0	2	0	2	6	3	3	3	4	3	5	3	3	7	11	7	6	12	21	152	0	33	16	12	19	9	5	7	15	6	6	3	5	3	1	3	3	5	4	7	6	12	12	5	3	4	1	2	2	1	0	1	2	0	0	0	0	3	0	2	6	9	7	0	3	0	2	1	1	1	1	2	0	0	2	3	2	2	3	1	3	0	1	0	1	0	0	0	0	2	2	3	1	1	1	1	0	0	1	1	2	1	1	2	1	2	1	0	4	2	1	0	0	2	1	3	0	1	0	0	1	2	1	0	1	1	1	2	0	2	0	0	1	0	1	0	1	3	1	4	0	0	0	0	0	0	0	1	1	1	1	1	3	0	0	0	0	0	1	1	0	0	0	1	1	0	1	1	1	1	0	0	0	0	0	2	0	2	0	0	2	0	0	1	2	0	1	0	3	1	2	2	3	1	0	1	7	14	5	3	9	3	6	4	3	2	1	3	1	2	0	1	2	2	1	1	2	0	0	0	1	1	1	0	0	0	1	1	0	1	2	1	0	0	1	0	0	2	1	2	3	0	4	1	4	3	0	1	0	0	1	0	0	2	1	0	0	0	0	0	0	1	0	0	2	0	0	0	0	0	0	1	0	0	0	0	0	0	1	0	0	0	0	0	1	1	1	1	0	0	0	0	0	0	2	0	0	1	3	0	1	0	0	0	0	0	0	0	0	0	1	0	0	0	0	0	1	0	0	1	0	0	0	0	0	0	0	1	1	0	3	0	2	0	1	2	1	2	0	0	0	3	0	0	0	0	2	0	0	0	1	0	1	1	0	3	1	0	1	2	2	0	0	0	0	0	0	0	2	0	2	0	0	0	1	0	0	1	1	0	0	0	0	0	0	1	0	1	0	0	0	0
0	0	0	0	0	0	0	0	1	1	1	1	0	2	0	1	0	1	2	3	2	4	1	3	3	4	2	3	2	3	2	9	6	5	3	5	5	4	13	4	5	1	1	1	1	3	1	0	3	0	1	0	1	0	0	0	0	0	3	2	1	0	1	0	0	2	0	0	0	1	0	1	0	0	0	0	0	0	0	0	4	0	0	3	3	1	3	0	0	2	1	1	3	5	6	0	3	2	4	2	2	2	1	6	5	8	4	4	2	6	6	32	20	7	4	14	25	33	0	17	16	19	15	11	20	14	3	5	3	6	3	7	1	1	6	4	3	14	14	5	4	2	3	6	1	2	2	1	1	0	2	0	0	4	2	0	3	4	5	3	2	3	2	2	1	4	1	1	1	0	2	0	3	1	2	1	0	3	2	1	1	2	0	0	3	1	0	2	2	2	1	0	1	1	0	0	4	3	1	1	1	0	4	1	3	2	0	0	2	1	1	1	1	0	0	1	1	0	2	1	0	1	3	0	0	1	0	0	1	0	0	0	2	0	0	0	0	2	1	0	0	1	0	1	1	0	2	0	2	3	0	1	0	0	0	0	0	0	0	2	1	0	1	2	0	0	3	0	0	0	1	1	0	4	0	1	0	2	0	1	1	2	2	4	1	4	1	3	1	4	2	2	4	3	7	3	3	10	7	9	3	2	4	2	2	1	1	3	3	1	2	2	2	1	1	2	1	2	0	1	0	2	2	1	0	1	1	0	1	2	2	3	0	1	2	4	5	4	13	4	9	2	1	1	1	1	1	1	1	0	0	0	0	0	0	0	0	1	0	0	0	0	0	0	0	0	0	0	0	0	0	0	0	0	1	0	0	0	0	0	0	0	0	0	2	0	0	0	0	0	0	0	0	0	0	1	0	2	0	0	2	1	2	0	1	0	0	0	0	1	0	0	0	0	1	0	0	1	0	0	1	0	0	0	1	0	1	0	0	3	1	3	0	1	0	1	0	0	0	0	1	0	1	0	0	0	0	1	0	1	0	1	0	1	2	2	3	1	0	0	1	0	2	2	0	0	2	0	1	0	0	1	1	0	0	0	0	0	0	0	2	2	0	0	0	0	0	1	0
0	0	0	0	0	0	0	1	2	0	1	0	1	0	0	2	0	2	3	1	0	0	3	4	4	4	2	2	5	5	10	17	6	4	13	9	7	20	17	7	1	1	1	1	3	1	1	2	3	0	0	2	0	1	0	3	0	2	2	2	1	1	0	2	1	1	0	1	0	0	0	0	0	1	0	0	0	1	1	2	1	4	1	2	2	0	0	2	3	4	1	3	2	5	3	0	1	2	0	1	2	2	3	1	5	2	3	7	3	2	5	6	9	9	3	3	10	16	17	0	65	45	35	35	19	13	4	4	5	3	3	4	2	2	3	5	9	7	10	2	2	0	2	2	2	1	0	2	0	0	3	2	0	0	4	2	3	0	3	2	2	1	1	0	1	2	0	2	0	0	2	2	2	4	0	1	1	1	0	1	1	1	1	0	2	0	0	1	0	0	2	2	0	2	1	0	0	0	0	1	0	1	3	0	0	0	1	1	1	0	0	0	1	0	1	2	0	0	0	0	0	0	3	0	0	0	1	1	1	1	0	1	1	1	0	0	0	1	1	0	0	1	0	3	0	1	2	2	1	2	0	0	1	0	0	0	0	0	1	1	0	1	0	0	1	0	0	0	0	1	0	0	2	0	0	0	1	0	1	1	1	1	1	0	2	2	1	1	1	0	1	0	0	0	3	0	6	1	3	2	2	2	1	1	1	2	3	4	1	0	2	3	1	2	1	4	2	0	1	0	1	3	1	0	1	3	0	0	2	1	1	1	0	1	0	4	6	5	3	1	2	1	1	1	2	1	1	0	1	0	0	0	0	0	0	1	1	1	1	0	0	0	0	0	0	0	1	0	0	0	0	0	0	1	0	0	0	0	0	1	1	1	0	0	0	0	1	0	0	0	1	1	0	0	0	0	0	0	0	0	0	0	1	0	0	1	0	0	0	1	0	0	1	0	0	1	0	0	0	2	0	1	0	2	0	0	1	0	0	0	2	1	0	0	0	1	1	3	0	0	1	1	1	0	0	0	0	0	2	0	0	0	0	1	3	0	2	1	0	1	0	0	2	0	0	0	0	0	2	0	1	0	0	0	0	0	1	0	0	0	0	1	0	0	0	0	0	0	0
0	0	0	0	0	0	0	1	1	1	3	3	0	0	0	1	1	1	4	3	3	4	4	4	2	3	5	4	9	9	19	23	12	6	10	12	19	34	17	7	8	8	5	2	2	4	2	3	1	0	1	0	0	2	1	0	2	2	0	1	0	1	0	2	0	2	1	1	1	2	0	0	0	2	0	0	0	1	0	0	1	0	1	2	3	0	2	2	3	2	0	2	0	4	3	2	1	1	0	0	1	2	3	0	8	7	1	4	5	0	6	7	16	3	4	3	10	12	16	65	0	18	24	15	7	8	3	2	3	1	1	2	3	2	7	2	6	8	3	2	4	1	0	4	2	2	2	0	0	0	0	0	0	0	1	0	2	2	3	2	4	1	1	2	1	2	1	1	0	0	2	2	1	3	1	1	1	1	1	0	1	0	2	0	0	0	0	1	2	0	3	0	1	0	1	0	1	1	1	0	2	0	1	2	2	2	1	1	1	0	0	4	0	1	0	1	0	0	0	0	1	1	3	2	0	0	1	0	0	0	0	2	2	0	0	1	0	0	0	0	0	1	4	0	0	1	0	0	1	1	0	0	2	0	1	0	0	0	0	1	0	0	0	0	0	0	0	0	1	0	0	0	0	1	0	0	1	1	1	1	0	0	1	1	1	1	0	0	2	1	0	0	1	0	3	0	2	0	0	1	3	3	1	1	2	1	0	2	1	3	2	1	2	1	1	3	0	0	0	1	1	1	1	0	0	0	0	1	0	2	1	0	1	0	0	0	2	3	5	1	2	1	2	1	3	0	3	0	0	0	0	2	0	0	0	1	2	0	0	2	0	1	0	0	0	0	0	0	0	0	1	0	0	0	0	0	1	0	0	0	0	0	0	0	0	0	0	1	0	0	0	1	0	1	0	0	0	0	0	2	1	0	0	0	2	0	0	1	0	0	0	1	0	1	0	0	0	0	0	0	1	0	0	0	0	0	1	1	0	0	0	0	0	0	0	1	1	0	0	0	0	0	0	0	2	0	0	0	2	3	0	0	0	1	1	1	1	1	0	1	0	1	1	0	0	0	0	0	1	0	0	0	0	0	0	0	0	0	0	0	0	1	0	1	0	0	0	0	0
0	0	0	0	0	0	0	1	0	0	1	1	0	1	1	1	1	1	0	0	2	2	4	3	3	1	0	2	3	7	4	10	6	9	3	3	4	6	4	6	2	2	4	0	0	2	0	0	0	1	1	2	0	2	1	0	0	1	1	0	1	1	0	0	1	0	1	0	1	1	0	0	1	0	0	0	0	0	1	2	1	2	2	1	2	2	2	1	1	1	1	3	2	2	1	0	0	2	0	1	2	1	2	0	1	4	5	4	2	1	1	3	6	5	4	5	10	19	19	45	18	0	845	33	17	32	6	4	6	1	4	3	5	2	7	15	13	15	5	4	0	1	1	2	1	2	1	0	0	0	0	0	1	1	2	0	0	3	2	1	3	0	0	1	0	2	1	2	1	1	2	1	0	1	1	0	3	3	0	3	1	0	0	2	1	1	2	0	1	1	1	1	1	0	1	1	0	1	2	1	2	2	0	0	0	0	0	0	1	0	1	1	0	1	0	0	0	2	0	0	0	0	1	0	1	1	1	0	0	2	1	1	0	0	0	0	1	0	0	0	1	1	0	2	0	0	0	0	0	1	0	1	0	1	0	0	0	1	0	1	0	0	2	1	0	0	0	1	1	1	0	0	0	2	0	0	0	1	1	0	1	2	0	1	0	1	0	0	3	0	2	2	1	4	3	4	3	4	3	2	2	3	1	4	3	2	3	0	2	0	0	1	1	2	1	2	0	0	0	1	2	3	3	2	3	1	2	1	1	0	1	1	0	2	4	1	2	6	3	0	0	1	4	0	1	0	0	1	1	1	0	2	0	0	0	0	1	0	1	0	1	0	0	0	0	0	0	0	0	0	0	1	0	0	0	0	0	1	0	0	0	0	1	0	0	0	0	0	0	0	0	0	0	0	0	0	0	0	1	0	0	0	0	0	0	0	0	0	0	0	1	2	2	1	1	0	1	0	0	0	1	1	2	0	1	0	1	0	0	1	0	1	0	2	0	0	2	3	0	0	1	0	0	1	1	0	1	0	0	1	0	0	0	0	1	2	0	0	0	0	0	1	1	0	2	2	1	0	2	0	0	0	0	0	0	0	0	0	0	0	0	1	0	0	2	0	0	1	1
0	0	0	0	0	0	0	0	1	1	0	1	0	2	1	0	0	0	1	2	2	4	2	1	6	1	6	2	3	4	6	8	12	4	3	3	4	6	12	5	2	4	1	3	1	1	1	1	1	0	0	0	1	1	0	2	0	2	1	0	1	0	0	0	1	3	0	1	0	1	0	0	1	0	0	1	1	0	0	0	1	2	1	2	1	0	1	0	0	1	2	2	2	1	0	2	1	2	1	0	0	3	2	3	2	5	0	2	7	2	2	4	2	6	3	4	5	9	15	35	24	845	0	38	35	29	14	8	10	5	3	4	4	6	12	15	21	14	6	7	0	1	2	3	2	1	1	1	0	1	1	0	1	1	3	0	3	2	4	3	0	0	1	1	0	1	2	0	0	2	1	0	1	0	0	0	1	2	0	3	1	0	0	2	1	0	1	1	0	1	1	0	1	2	1	0	1	1	1	0	2	1	0	0	0	0	0	0	0	0	2	1	0	0	1	0	0	1	0	0	1	0	0	0	1	0	1	0	0	0	1	0	1	0	0	0	0	0	0	0	0	0	0	1	0	1	0	0	0	0	0	0	0	1	0	1	0	1	0	0	0	0	0	1	0	0	1	0	1	2	0	0	0	0	1	0	0	0	1	0	1	0	1	4	2	1	0	1	0	3	2	1	3	3	2	4	3	4	3	3	4	0	6	3	1	2	3	2	2	1	0	0	0	1	1	0	0	0	1	0	3	3	1	1	1	1	1	0	1	1	0	0	1	2	0	3	4	3	7	2	0	1	4	0	1	1	1	1	0	0	0	2	2	0	2	0	0	1	0	0	0	0	0	0	1	0	0	0	1	0	0	0	1	0	0	0	0	1	0	2	0	0	0	0	0	0	0	0	0	0	0	0	0	0	0	0	0	1	1	0	0	0	0	0	0	0	0	0	0	0	0	0	0	0	0	0	0	2	1	0	0	1	1	1	0	1	2	2	0	1	1	1	1	0	0	0	0	0	0	1	1	0	1	1	0	0	0	0	0	0	0	0	0	1	0	0	1	2	3	0	0	0	1	0	0	0	0	0	0	0	1	0	0	0	0	0	0	1	0	2	0	1	1	0	0	0	0	0	0
0	0	0	0	0	0	0	2	1	2	1	1	2	1	2	1	1	1	2	3	3	4	1	7	4	9	4	8	2	5	3	11	26	24	8	6	2	5	8	10	7	2	1	0	0	2	2	1	1	4	0	1	1	1	0	1	0	2	0	0	2	0	1	1	0	0	1	0	1	0	0	1	0	0	0	0	0	0	2	0	2	0	0	1	2	1	1	1	1	0	3	2	1	2	0	0	1	4	2	0	0	1	2	5	6	8	8	3	3	1	0	6	6	1	3	2	7	5	11	35	15	33	38	0	38	9	8	3	7	5	5	5	4	6	16	8	10	5	4	1	4	0	1	1	2	0	0	2	0	0	0	0	0	0	2	0	3	3	3	1	0	2	0	0	0	0	0	3	0	0	0	1	0	0	1	1	2	1	1	1	0	2	0	0	0	0	0	0	0	0	1	1	2	1	0	0	1	3	1	0	0	0	0	2	1	0	0	1	2	1	2	0	0	0	0	0	0	1	1	1	0	2	1	2	1	0	2	1	0	0	0	0	2	0	0	2	0	1	0	1	0	2	2	0	0	1	2	1	0	0	0	2	0	0	1	0	1	0	0	0	0	0	0	0	0	1	0	0	1	2	1	0	1	0	0	0	0	1	1	0	0	1	0	0	1	1	2	2	2	3	1	1	3	4	0	5	3	1	2	5	4	3	2	1	4	5	2	0	3	1	1	1	1	5	0	1	2	0	2	3	0	5	3	0	0	1	2	1	2	0	0	2	2	0	0	1	5	6	2	2	4	0	2	2	1	0	0	0	2	1	1	0	1	0	1	0	0	0	2	0	1	0	0	0	1	0	1	0	0	0	0	0	0	1	0	0	0	0	0	0	0	0	1	1	0	0	1	0	0	2	0	0	0	0	0	0	0	0	0	0	0	0	1	0	0	1	0	0	0	0	1	0	1	0	0	0	0	0	0	0	0	0	1	1	1	0	0	0	0	0	1	0	1	0	1	1	0	0	1	0	0	0	0	3	0	0	1	0	0	0	1	0	0	1	0	0	1	0	0	1	0	0	0	0	1	1	1	1	1	1	0	0	0	0	0	0	0	0	0	0	0	1	1	0	0	0	0	1	0
0	0	0	0	0	0	0	0	0	0	1	1	1	2	2	0	0	2	2	1	3	3	3	4	2	2	0	5	1	2	3	4	10	3	7	5	3	9	6	10	1	5	2	1	2	1	1	1	1	0	1	0	1	0	2	0	1	1	0	1	0	0	0	0	2	0	1	0	0	1	1	0	0	1	0	1	0	0	1	1	0	2	2	1	0	4	3	2	0	1	0	2	1	3	3	0	1	4	1	1	2	2	1	4	8	0	3	3	3	5	3	3	4	1	5	4	2	7	20	19	7	17	35	38	0	44	17	13	17	8	5	7	6	6	23	11	12	8	6	5	4	1	2	2	2	1	2	1	0	0	0	1	1	1	2	0	3	2	4	1	1	1	1	0	1	2	1	1	0	0	1	0	3	0	1	0	2	0	1	0	0	1	0	0	0	0	1	0	1	0	2	0	1	0	1	0	1	1	1	0	3	1	1	0	1	2	1	3	0	0	1	0	0	0	0	0	0	0	1	0	1	0	2	2	2	0	2	0	0	0	0	1	0	0	1	0	1	2	0	0	1	0	0	0	0	0	0	1	1	1	0	1	3	0	0	0	0	0	0	2	0	1	0	0	1	0	0	0	0	0	0	0	0	1	1	1	0	0	1	0	0	2	1	3	2	0	3	3	2	2	1	3	2	8	6	0	2	5	1	4	7	6	3	2	3	6	3	5	1	0	4	4	1	4	2	2	0	0	0	3	1	1	1	1	0	2	1	1	1	2	1	2	3	6	5	5	3	14	8	4	13	2	2	2	3	2	2	1	2	2	1	0	0	0	1	0	0	0	2	0	0	0	1	0	1	1	0	0	0	0	0	0	0	0	0	0	1	0	1	0	1	0	0	0	0	2	1	0	0	1	0	0	0	0	0	0	0	1	0	0	1	0	0	0	0	1	0	0	0	0	1	1	0	1	0	0	0	0	0	0	0	0	0	0	0	0	1	0	1	4	2	1	0	0	0	1	2	1	1	0	0	3	1	0	2	3	0	2	0	0	1	1	0	0	1	1	0	1	0	1	0	2	1	0	1	0	1	0	1	0	0	0	1	0	0	0	0	0	0	0	0	1	1	0	0	0	0	0	0
0	0	0	0	0	0	0	1	0	0	3	0	1	3	0	0	1	0	1	0	2	2	2	1	3	3	0	1	1	6	4	2	2	3	3	1	2	2	3	3	3	3	1	3	1	1	0	0	3	1	0	1	0	0	0	0	1	1	0	1	0	0	0	1	1	1	0	0	0	0	0	0	0	0	0	0	1	1	1	0	0	0	0	1	0	0	0	3	2	1	0	5	2	3	0	2	4	0	4	3	1	3	3	1	2	0	1	2	1	4	2	6	3	1	6	6	9	15	14	13	8	32	29	9	44	0	36	24	37	15	9	17	14	8	39	23	26	39	5	5	4	2	4	2	0	2	0	2	0	0	1	1	2	1	3	2	3	2	2	1	1	0	0	1	1	1	0	0	1	1	1	2	1	1	0	1	0	1	0	0	0	1	0	0	0	0	1	0	1	0	0	0	2	1	0	1	0	2	2	0	1	0	3	1	1	0	2	0	1	1	1	0	0	1	1	0	0	0	1	0	1	0	2	2	0	2	0	1	0	1	1	0	1	0	2	1	2	0	1	0	0	0	1	1	1	2	1	0	1	0	0	0	0	0	1	0	0	0	1	0	1	1	0	1	0	0	0	2	3	0	2	1	0	0	1	1	0	1	1	0	0	1	0	1	1	1	1	1	1	5	4	2	8	4	8	5	1	6	5	8	8	4	7	8	4	1	3	4	6	1	1	2	3	6	1	3	1	3	2	1	1	1	0	2	0	2	0	3	0	4	2	0	0	0	4	5	9	5	8	3	6	2	4	4	4	2	0	1	3	3	1	2	0	1	0	1	0	0	1	0	0	0	1	0	0	1	1	0	0	0	0	0	0	1	1	0	1	0	0	0	1	0	0	0	0	0	0	0	0	1	0	0	1	0	2	0	0	1	2	0	0	0	1	0	0	0	0	0	0	0	0	0	0	0	0	2	0	0	0	0	1	1	3	0	0	0	2	1	0	2	5	1	4	2	1	0	1	1	0	0	0	0	0	1	0	0	0	0	0	0	0	0	0	3	1	1	1	0	0	2	0	1	1	0	1	1	0	1	0	0	0	0	0	2	0	0	1	0	1	0	0	0	0	0	0	0	0	0	0
0	0	0	0	0	0	0	0	0	1	0	1	1	0	0	0	2	0	1	1	0	4	0	0	2	3	3	1	1	1	1	3	2	2	1	0	1	3	3	1	4	0	0	0	2	1	0	0	0	1	0	0	0	0	2	1	0	2	1	0	0	2	0	0	1	0	1	0	0	0	1	0	0	0	0	0	0	0	0	1	1	0	0	2	4	0	0	2	0	2	1	1	2	2	1	0	0	2	0	0	1	0	0	1	3	0	0	0	2	2	2	4	4	1	0	3	3	6	3	4	3	6	14	8	17	36	0	88	63	19	8	6	8	11	13	10	15	22	7	3	0	1	3	4	1	1	2	1	0	0	0	0	0	2	3	0	2	1	4	4	0	0	0	1	0	0	1	1	0	0	1	1	1	0	0	2	3	2	0	1	1	0	1	0	0	1	1	1	0	1	1	0	1	3	0	0	3	1	1	1	1	0	1	0	2	1	1	1	3	0	0	0	1	0	1	0	1	0	1	0	2	0	3	1	2	0	0	0	1	2	1	1	0	1	0	0	1	0	0	0	1	0	0	1	1	0	1	0	0	1	0	1	0	0	0	1	1	0	0	0	0	0	0	0	0	1	1	2	0	0	2	0	0	1	1	0	0	0	2	2	0	3	3	1	3	2	1	3	1	5	3	5	5	5	8	4	2	5	3	7	11	14	16	19	6	1	6	12	9	4	3	5	3	7	6	5	4	1	1	3	0	2	4	1	2	2	1	4	0	4	0	0	3	0	3	5	7	12	5	13	9	4	7	4	2	1	1	1	0	0	3	0	3	1	1	0	1	1	1	0	0	1	0	0	0	0	0	0	2	0	0	0	0	0	0	0	1	0	0	0	1	1	2	1	0	0	1	0	1	0	0	0	0	0	0	0	0	1	0	0	0	1	0	0	0	0	0	0	0	2	1	0	0	0	0	0	0	1	0	1	0	1	0	0	0	0	0	0	1	2	0	1	2	3	2	3	2	4	0	2	1	2	1	2	1	2	0	0	0	1	1	1	1	1	4	0	4	1	2	0	1	1	0	1	1	0	1	1	0	1	1	0	0	1	0	0	1	0	0	1	0	0	0	0	0	0	0	0	1
0	0	0	0	0	0	0	0	0	1	0	1	1	0	0	1	1	0	0	1	3	2	1	1	1	3	0	3	2	3	1	2	0	2	1	3	1	1	3	2	2	2	0	0	2	1	0	0	0	0	0	0	1	1	0	0	1	1	1	0	0	0	1	1	0	0	0	0	1	0	0	0	0	0	0	0	0	1	0	0	0	3	0	0	2	0	0	2	0	3	2	1	0	5	1	1	4	0	1	1	0	0	2	0	1	2	1	1	3	2	3	0	0	4	2	5	12	6	5	4	2	4	8	3	13	24	88	0	31	12	8	9	4	8	8	6	7	23	10	3	3	4	3	3	3	4	2	0	2	2	1	1	0	2	0	0	4	2	5	1	1	0	0	0	1	1	2	0	0	2	1	0	1	1	1	1	1	0	1	0	0	0	0	1	0	2	1	1	2	1	1	1	0	2	1	2	3	1	0	2	1	0	0	1	1	0	2	0	4	2	2	0	3	2	1	1	0	1	3	0	3	1	1	1	2	2	0	0	1	0	0	0	2	0	0	0	0	2	0	0	1	1	0	0	0	2	0	3	1	0	0	2	2	1	0	0	0	0	0	0	2	1	0	0	1	0	2	0	0	1	0	1	1	2	0	0	0	1	0	0	1	1	2	3	3	4	5	1	4	5	5	3	5	11	12	4	2	9	10	9	20	15	11	11	11	1	3	32	5	4	5	3	3	2	4	1	2	4	0	1	4	6	0	3	2	3	0	1	2	3	1	3	1	4	6	9	6	13	12	16	14	5	7	9	3	1	0	1	4	2	0	2	0	2	2	0	0	0	2	1	0	1	0	1	1	0	0	1	0	1	0	0	0	0	0	0	1	0	0	0	0	2	0	2	0	1	2	1	2	1	1	1	1	0	0	0	0	0	0	0	0	1	0	0	1	0	1	0	0	0	0	1	0	0	0	3	0	0	0	1	1	0	1	1	0	2	0	1	1	1	4	2	1	2	0	5	2	0	1	1	1	2	1	2	1	2	0	1	0	2	0	1	3	1	1	1	4	0	1	0	1	0	3	0	1	3	0	0	1	0	3	1	2	3	1	0	0	2	0	0	0	0	0	0	0	0	0	0	1
0	0	0	0	0	0	0	1	0	0	0	1	0	1	0	0	3	1	0	1	2	0	1	3	3	1	2	1	3	1	0	2	4	3	1	3	0	2	1	2	1	2	0	0	0	0	0	1	1	0	1	1	0	0	0	0	0	0	0	0	0	2	0	1	0	1	1	0	0	1	0	0	0	0	0	0	1	0	0	0	1	4	1	1	0	1	1	1	0	0	2	1	2	4	2	0	2	1	0	1	1	0	1	1	1	0	1	0	1	2	1	3	4	2	2	3	4	3	3	5	3	6	10	7	17	37	63	31	0	64	28	24	25	20	22	12	27	37	2	2	7	4	3	1	1	2	1	1	3	2	0	1	0	2	1	1	1	0	2	2	1	1	2	0	2	0	0	0	0	0	1	1	1	0	1	0	2	0	2	0	0	2	0	0	0	0	0	1	1	0	2	1	1	3	0	1	4	0	1	1	1	0	0	3	3	0	0	0	1	0	1	0	0	2	0	1	0	0	0	1	1	2	0	2	1	2	0	0	0	1	0	1	2	0	2	1	2	0	0	2	2	1	0	1	0	1	0	0	1	0	2	0	0	0	0	0	0	0	0	2	1	1	1	0	0	0	0	0	0	0	0	0	1	2	1	1	1	2	1	1	2	2	3	2	2	3	1	1	3	1	1	5	7	16	13	5	2	6	2	12	5	11	17	14	9	4	5	11	6	3	5	4	7	7	3	2	4	1	3	2	3	1	1	1	0	1	2	3	1	5	1	0	0	0	1	4	1	6	1	3	9	1	7	4	4	2	0	1	0	1	2	1	2	1	0	0	1	0	0	1	1	1	0	1	0	2	0	0	0	1	1	0	0	0	0	0	1	0	1	0	0	0	2	0	0	0	0	0	1	0	0	1	1	0	0	0	0	0	0	0	0	0	1	0	0	1	2	1	0	0	1	0	1	0	0	0	2	0	1	0	0	1	0	0	0	1	1	2	1	1	3	2	2	0	1	0	1	0	0	0	0	1	1	0	2	2	0	1	3	1	2	1	0	2	1	2	0	2	1	1	0	1	0	0	1	0	1	0	0	0	0	0	1	0	1	1	0	0	0	1	0	0	0	0	0	0	0	0	1
0	0	0	0	0	0	0	0	0	2	0	1	0	0	0	0	0	0	1	0	0	0	0	0	0	3	4	1	0	1	2	2	3	7	2	2	0	1	0	1	2	2	0	1	1	2	0	0	0	0	0	0	0	0	0	0	0	1	2	0	0	0	0	0	1	1	0	0	0	0	1	0	0	1	1	0	0	0	0	1	0	1	0	0	0	1	2	2	0	1	1	3	4	1	1	0	0	1	1	3	2	1	2	1	1	3	2	0	0	1	2	4	4	3	1	3	2	5	6	3	1	1	5	5	8	15	19	12	64	0	51	12	8	13	16	6	20	17	3	2	4	0	3	1	0	1	0	0	0	0	1	0	0	1	1	1	3	1	1	1	0	1	1	1	2	0	0	0	0	1	1	0	0	0	0	1	1	2	0	0	0	1	0	2	2	0	0	0	0	0	0	2	0	0	2	1	1	2	0	2	0	1	0	0	2	0	2	1	0	1	1	0	2	1	2	0	1	1	3	1	0	0	3	3	0	1	0	0	1	0	0	0	1	0	2	1	1	2	0	1	0	0	0	0	0	1	0	1	0	0	0	0	1	0	2	1	1	1	0	0	0	1	0	1	0	1	0	1	0	1	0	2	1	0	2	1	1	1	0	1	2	2	2	2	5	4	2	2	2	4	4	2	7	13	13	4	3	3	2	2	4	19	14	23	7	6	2	5	5	3	0	1	7	3	4	1	0	2	1	0	3	0	2	0	5	1	1	3	1	0	0	2	0	2	2	1	0	5	1	4	3	3	7	4	7	0	2	0	1	2	3	1	0	1	1	0	0	0	0	0	0	0	2	0	0	0	1	1	0	1	0	0	0	1	0	0	0	0	0	0	0	1	1	1	0	1	0	0	1	0	0	0	1	0	0	0	0	0	1	0	1	0	0	1	0	0	0	1	0	1	0	0	0	0	0	0	0	1	0	1	0	0	1	1	0	0	2	1	0	1	1	3	2	2	1	1	1	2	0	0	0	0	3	0	0	0	0	0	2	1	0	2	0	0	1	0	2	1	0	0	0	0	0	1	0	1	1	1	0	0	1	0	0	0	0	0	0	1	0	0	0	0	0	1	0	1	0	0	1
0	0	0	0	0	0	0	1	0	1	0	1	0	0	0	0	0	0	1	1	1	0	1	2	2	1	0	1	2	2	1	0	3	1	3	1	0	1	0	2	0	3	2	1	0	2	0	0	0	1	1	2	0	1	1	0	0	1	0	1	1	0	0	0	1	0	0	0	0	0	0	1	0	1	0	0	1	0	0	1	0	0	0	0	0	0	0	0	0	2	0	0	2	0	2	0	0	1	0	0	0	0	1	0	0	2	2	1	1	2	0	0	2	0	2	1	4	3	3	3	1	4	3	5	5	9	8	8	28	51	0	32	42	32	19	8	16	15	4	2	1	0	0	1	1	0	2	0	0	0	0	1	2	0	2	0	1	0	0	2	0	1	0	0	1	0	0	0	0	0	0	0	0	1	0	0	1	0	0	3	1	0	1	0	0	0	1	1	2	1	2	2	1	1	0	0	0	0	0	0	0	0	1	0	1	0	0	2	0	1	0	2	0	0	1	1	1	1	2	1	0	3	2	0	2	0	1	1	0	0	0	1	0	0	1	0	1	0	0	0	0	0	0	1	0	1	1	1	1	0	3	0	1	0	2	0	0	0	0	2	0	0	0	2	0	0	1	0	0	0	0	0	0	0	0	2	1	1	0	0	0	0	3	1	2	2	1	3	2	0	4	3	6	4	2	3	3	4	5	3	5	9	21	17	4	5	1	3	11	4	3	4	5	5	3	5	5	5	4	1	3	2	0	4	2	6	1	3	2	3	2	0	0	2	3	8	5	3	0	6	1	2	5	1	6	1	3	1	0	2	1	0	0	1	0	0	0	0	1	0	1	0	0	0	0	1	0	0	0	0	0	1	0	0	0	0	0	0	0	2	0	1	1	0	1	0	0	0	0	0	0	1	0	0	0	1	0	1	0	0	1	0	1	1	0	0	0	0	0	0	0	0	1	0	0	0	0	0	0	1	2	0	0	2	1	1	0	2	2	1	5	1	4	0	4	1	1	0	1	1	0	1	1	1	0	0	1	0	0	0	0	0	0	0	0	1	0	1	0	2	0	0	2	0	1	1	1	0	0	0	0	1	1	0	0	0	0	0	0	0	0	1	0	0	0	0	0	0	0
0	0	0	0	0	0	0	0	0	0	1	2	0	0	0	2	2	0	2	0	1	2	1	0	2	2	1	1	1	4	3	2	2	2	1	2	1	0	0	2	1	1	2	0	1	1	0	1	2	1	1	1	0	0	1	0	0	0	1	1	0	0	0	0	0	0	1	0	1	0	1	0	1	0	0	0	1	0	0	0	1	1	1	0	0	0	1	0	3	0	0	1	0	2	1	0	0	0	2	2	0	0	1	0	3	0	1	0	1	0	1	1	0	0	3	1	2	1	7	4	2	3	4	5	7	17	6	9	24	12	32	0	280	79	51	24	21	9	3	1	0	0	2	0	0	1	1	1	0	1	1	0	0	0	1	3	1	3	0	1	1	0	1	1	0	0	0	1	0	0	1	0	0	0	0	1	0	1	1	0	0	0	0	1	0	0	2	0	0	2	0	2	1	0	0	0	0	0	1	1	1	0	1	1	1	0	1	0	4	0	1	0	2	0	1	1	0	0	0	0	2	0	0	1	0	1	0	0	0	0	1	0	0	0	1	0	0	0	0	0	0	0	1	0	0	1	1	1	0	0	0	1	1	1	1	1	0	0	0	0	0	0	0	0	1	1	0	1	0	0	0	0	1	0	0	2	0	1	0	0	0	1	0	1	0	0	1	1	3	3	0	5	1	8	2	0	1	7	2	5	4	6	12	16	7	4	6	3	5	3	7	4	2	7	4	2	0	5	1	4	3	5	2	2	1	0	3	3	4	4	2	0	1	1	1	3	4	6	5	1	1	2	2	2	4	0	1	0	1	1	0	2	0	0	0	0	0	0	0	0	0	0	0	1	2	0	0	0	0	0	0	1	0	1	0	0	0	1	0	0	0	0	0	1	1	0	0	2	0	0	0	0	0	0	1	0	0	0	0	2	0	0	0	0	0	0	0	0	0	1	0	1	0	0	0	0	0	1	1	0	1	0	2	0	0	2	0	1	2	3	1	2	0	1	0	4	1	2	0	0	3	0	1	0	1	2	0	0	0	1	0	1	0	1	2	0	1	0	1	0	0	0	2	0	1	0	0	1	1	0	0	0	1	0	0	0	0	1	0	0	0	1	0	0	0	0	0	0	0
0	0	0	0	0	0	0	1	0	1	1	0	0	0	0	0	0	0	2	0	0	0	0	0	1	4	2	4	2	2	2	2	6	2	1	3	1	1	3	2	3	1	0	0	1	0	0	2	1	1	1	0	1	0	0	0	0	1	0	0	0	0	1	1	0	0	0	1	0	0	0	0	0	1	0	0	0	1	0	0	0	0	0	2	4	1	0	0	0	1	0	0	0	0	1	0	1	2	0	1	0	0	2	1	0	1	0	1	0	0	1	0	2	2	1	2	6	3	1	2	3	5	4	4	6	14	8	4	25	8	42	280	0	54	24	10	13	8	4	4	1	0	3	3	1	0	2	0	0	0	0	0	0	0	2	0	1	0	1	2	1	1	0	0	1	0	1	2	0	1	0	0	2	1	0	0	1	3	2	1	1	0	1	0	0	0	0	0	1	0	0	2	0	0	3	1	0	0	1	0	1	1	0	2	0	2	2	0	2	0	0	0	1	1	1	0	0	2	1	0	0	0	1	0	0	0	0	0	1	0	1	0	0	0	0	2	1	0	0	1	0	1	0	1	0	0	0	1	1	0	1	0	0	1	0	1	1	0	0	0	2	0	0	2	0	0	1	0	0	0	1	0	2	0	0	0	0	1	0	1	1	2	3	1	3	4	1	0	2	1	1	0	3	3	3	4	2	5	3	1	6	7	10	17	8	3	6	5	12	2	4	6	5	14	4	5	4	7	4	5	1	3	4	0	3	5	2	2	2	2	2	0	1	0	4	5	1	6	1	0	3	0	1	1	4	1	1	1	1	3	0	3	1	0	0	1	1	0	1	0	1	1	1	0	1	0	1	0	0	0	1	0	1	0	0	1	0	0	0	0	0	0	0	0	0	0	0	0	1	0	0	1	0	0	0	0	0	0	0	0	0	0	0	0	0	0	0	0	0	0	0	0	1	0	1	1	0	1	0	0	1	0	0	1	0	0	0	0	0	1	0	4	2	3	0	4	2	1	0	1	1	1	2	0	0	1	0	1	0	1	0	0	1	0	3	1	0	1	1	1	0	2	0	0	1	1	0	0	1	0	1	0	0	0	0	2	1	0	1	1	0	0	0	2	0	1	0	1	0
0	0	0	0	0	0	0	0	1	0	0	0	1	1	4	0	1	0	0	2	1	1	0	0	0	0	1	0	0	1	1	3	2	2	1	0	0	0	0	1	1	2	0	2	0	1	0	0	1	1	0	0	0	1	1	0	0	0	1	0	0	0	1	1	0	0	0	1	1	1	0	0	0	0	0	0	0	1	1	0	0	0	1	2	1	2	2	1	2	0	2	1	0	2	3	2	0	0	1	0	0	3	2	2	0	1	0	0	0	2	2	3	0	0	0	1	4	3	1	2	2	2	6	6	6	8	11	8	20	13	32	79	54	0	56	31	27	7	2	1	0	0	1	0	2	1	0	0	0	0	0	0	0	1	2	1	0	1	0	1	1	0	0	1	0	1	2	0	1	0	0	0	0	0	1	1	1	0	0	2	0	1	1	0	0	0	1	0	3	1	1	2	1	0	0	1	0	0	0	0	2	1	0	0	0	0	0	1	0	2	0	1	0	0	2	0	0	0	1	0	1	0	2	0	0	0	1	0	0	1	2	0	2	0	0	1	0	0	0	1	1	0	0	0	0	0	2	1	1	1	0	0	1	0	0	0	0	1	0	0	0	1	0	1	0	1	0	0	0	0	0	0	0	0	0	1	0	1	1	0	0	0	0	2	1	1	1	2	3	3	1	1	2	6	4	1	2	1	2	3	2	12	4	7	7	2	3	7	1	0	1	2	2	6	5	3	3	6	0	1	1	0	2	1	3	0	2	4	1	1	1	0	2	2	0	2	1	3	1	0	2	2	1	3	2	2	1	4	1	0	2	0	1	1	0	0	1	0	1	0	0	0	0	0	0	0	0	0	0	0	0	0	0	0	0	0	1	0	0	0	1	0	1	1	0	1	1	1	0	1	0	0	0	0	1	0	0	0	0	0	0	1	0	0	0	0	0	0	0	3	0	0	0	0	0	0	0	1	0	0	2	1	1	0	1	0	0	0	1	2	1	1	4	1	0	0	0	2	0	1	0	2	2	0	0	1	1	0	0	2	1	1	2	2	2	1	0	1	0	2	2	0	0	1	2	0	2	1	0	1	2	0	0	0	0	1	0	1	0	0	0	0	0	0	0	0	0	0	0
0	0	0	0	0	0	0	0	1	0	0	1	1	1	0	2	2	0	2	1	0	2	0	0	0	3	1	1	1	5	0	6	8	2	4	2	0	1	0	3	0	1	0	1	1	1	0	1	2	0	1	2	0	1	1	0	1	0	0	0	0	2	0	0	0	0	1	0	0	0	0	1	0	1	0	0	0	0	0	0	0	2	0	1	0	1	1	1	0	1	0	1	4	0	0	1	0	2	0	0	0	0	1	0	5	1	0	1	3	0	1	5	3	1	1	4	5	5	6	3	7	7	12	16	23	39	13	8	22	16	19	51	24	56	0	59	163	12	1	1	0	2	0	2	0	2	0	1	0	0	2	1	3	0	0	0	0	1	1	1	3	1	1	1	0	0	1	1	0	2	1	0	0	0	0	0	0	1	0	0	1	0	1	1	0	0	1	0	0	1	0	0	2	0	1	1	0	0	1	2	0	1	0	0	3	0	1	1	1	1	1	0	1	1	0	0	1	0	2	0	1	2	2	0	3	1	0	0	0	2	1	3	0	2	0	0	1	1	1	0	0	0	0	0	0	1	1	1	2	2	3	0	0	0	1	0	1	0	0	0	0	0	0	0	2	0	0	1	0	1	0	0	1	0	0	0	0	1	0	0	2	0	1	0	3	2	3	2	1	3	0	1	3	5	4	4	2	6	3	4	3	5	8	4	4	1	6	3	5	0	2	4	4	3	0	3	6	1	8	2	1	3	4	0	0	2	0	1	3	2	1	0	1	0	3	1	1	7	6	4	3	2	4	3	1	4	0	4	2	0	1	0	1	0	1	0	0	1	1	1	0	0	0	0	0	1	0	0	0	0	0	0	0	0	1	1	0	0	0	0	0	0	2	1	0	0	1	0	0	1	1	0	0	0	0	0	0	1	0	0	0	0	0	0	0	0	0	1	0	0	0	0	1	0	1	0	0	0	0	0	0	0	1	0	1	0	0	1	1	0	0	4	2	0	0	0	1	0	1	1	0	0	1	5	1	2	1	0	2	1	2	0	0	0	3	1	1	1	0	2	0	0	1	1	0	0	1	1	0	0	1	1	0	0	0	1	0	0	0	1	0	0	0	0	0	0	0	0	0
0	0	0	0	0	0	0	0	0	0	1	1	0	1	1	1	2	1	0	0	1	2	2	4	1	4	2	2	2	1	3	0	3	4	3	2	0	3	5	1	2	3	3	0	0	2	1	2	0	1	0	0	0	0	0	0	0	1	0	0	0	0	0	0	0	0	0	0	0	1	0	0	3	0	0	1	0	0	0	0	0	0	0	1	1	0	1	2	0	0	0	0	1	1	2	1	1	1	1	1	1	3	1	1	2	2	0	2	0	0	0	2	0	2	1	2	6	4	4	5	2	15	15	8	11	23	10	6	12	6	8	24	10	31	59	0	29	9	1	3	1	0	2	1	1	0	1	1	0	0	0	0	0	0	1	0	0	0	0	1	1	0	0	0	0	0	0	1	0	0	0	0	0	0	0	0	0	0	2	1	0	1	1	1	0	1	1	1	3	0	0	1	1	2	1	0	0	2	0	1	0	0	0	1	0	1	1	1	1	2	0	0	0	0	1	0	0	0	1	1	1	0	1	2	0	0	0	0	1	0	0	1	0	2	2	0	0	1	0	0	1	0	0	0	0	0	0	1	1	1	0	0	1	1	0	0	0	0	0	1	0	0	0	0	0	0	0	0	0	3	0	2	0	0	0	1	1	0	1	0	3	1	0	0	0	0	1	1	2	0	1	1	1	5	2	1	1	0	1	4	3	8	2	4	4	1	4	6	2	1	1	3	6	3	5	2	2	3	2	2	1	1	1	2	0	1	2	3	5	2	0	0	1	1	1	0	1	5	3	3	3	0	5	1	0	3	1	0	0	0	0	3	1	0	1	0	2	0	1	0	0	0	0	1	0	0	0	0	0	0	0	0	0	0	0	0	1	0	0	0	1	0	1	2	0	0	0	1	2	0	0	0	0	0	0	1	0	0	0	0	1	1	0	1	0	0	0	1	0	0	0	0	0	0	0	0	0	0	0	0	0	0	0	1	1	1	0	0	1	1	1	0	2	1	1	1	1	1	1	1	0	0	0	0	0	1	2	1	0	0	0	0	1	0	1	0	0	0	1	0	0	0	0	1	3	0	0	0	0	0	0	0	1	1	1	0	1	1	0	0	0	2	0	0	0	0	0	0	1
0	0	0	0	0	0	0	1	0	0	1	1	0	0	0	1	0	1	2	0	1	1	0	0	0	4	2	1	0	4	1	3	7	3	2	0	2	3	4	1	1	1	2	0	2	0	0	0	1	1	0	0	0	0	0	1	0	1	0	2	1	0	2	0	0	0	0	0	0	1	0	1	0	0	1	0	0	1	0	0	1	0	1	0	1	0	1	0	0	0	0	0	1	1	1	2	2	1	0	0	1	0	0	3	3	0	1	2	1	3	4	3	2	2	2	2	2	7	3	9	6	13	21	10	12	26	15	7	27	20	16	21	13	27	163	29	0	13	3	3	0	1	1	1	2	3	0	0	0	1	0	0	0	0	2	3	1	1	2	1	0	0	0	0	0	0	1	1	0	1	0	1	1	0	1	0	2	0	0	1	1	0	1	0	0	0	0	0	2	1	0	3	1	1	0	2	1	0	0	2	0	0	0	1	2	1	1	1	1	1	1	0	1	1	0	2	0	1	1	1	1	1	2	0	3	1	0	0	0	0	2	0	0	0	0	0	1	0	0	0	0	0	1	1	1	1	1	0	2	1	1	1	0	1	0	1	0	0	0	0	1	1	0	0	1	0	1	1	0	0	0	0	0	0	1	1	0	2	0	0	0	1	1	2	0	0	1	2	0	2	2	1	3	5	4	0	3	8	0	4	5	5	5	5	6	3	2	6	3	1	3	3	4	3	1	2	2	1	3	2	1	1	1	0	4	2	1	1	0	1	0	2	0	2	2	1	3	3	2	2	2	1	5	1	1	0	0	1	2	0	3	1	1	0	1	0	0	0	1	0	0	0	0	1	0	0	0	0	0	0	0	0	0	0	0	0	0	0	0	0	0	0	0	0	0	0	1	0	0	0	0	0	0	0	0	0	0	0	0	0	0	0	1	0	0	0	2	1	1	0	1	0	0	0	0	1	2	2	0	0	0	1	0	1	1	1	1	0	2	2	1	3	5	1	1	0	0	0	2	1	1	0	0	0	0	0	0	0	1	1	0	0	0	0	2	0	0	0	1	0	0	0	0	0	0	0	0	2	1	0	0	0	1	0	1	1	0	0	0	0	0	0	0	0	0	0	1	0	0
0	0	0	0	0	0	0	1	0	3	0	0	2	0	0	0	0	0	2	1	1	1	1	0	1	2	0	0	1	3	2	1	4	2	1	2	2	4	2	3	0	1	0	0	0	1	0	1	0	1	1	0	1	0	0	0	1	1	0	0	0	0	0	0	0	0	0	0	0	0	0	0	0	0	0	1	0	1	0	3	0	0	1	1	2	3	2	1	0	2	1	2	4	1	3	2	1	1	0	1	1	4	1	3	2	2	2	2	0	0	6	6	5	5	1	13	8	6	14	7	8	15	14	5	8	39	22	23	37	17	15	9	8	7	12	9	13	0	11	10	6	3	5	3	4	1	0	0	1	1	0	2	0	1	0	2	1	2	1	3	0	0	1	0	1	1	3	0	1	1	1	0	0	2	1	1	1	0	1	0	0	0	1	1	0	1	0	1	0	1	2	1	3	1	1	2	0	1	1	4	2	0	1	0	1	1	2	0	3	0	1	1	0	0	0	0	0	0	3	1	3	0	0	1	4	1	3	0	0	1	1	0	0	0	0	0	2	0	0	0	1	1	1	0	2	0	0	0	1	1	0	0	0	0	0	0	1	0	1	0	1	1	1	1	0	0	1	1	0	0	0	1	0	0	1	0	2	1	0	2	2	2	0	3	3	4	1	2	3	9	3	1	6	15	17	7	7	12	7	9	5	1	9	8	4	2	1	4	6	0	1	3	4	3	1	2	0	0	2	0	1	1	0	0	0	1	2	0	1	1	1	1	3	1	4	1	8	8	3	3	8	2	3	3	6	1	1	3	1	1	2	2	0	0	1	0	0	0	0	0	0	0	0	0	0	0	0	0	0	0	0	1	1	0	1	0	0	0	0	0	1	1	0	0	0	0	1	0	0	1	3	1	0	0	0	1	0	0	0	0	0	0	0	0	0	0	0	0	0	0	0	2	1	0	0	1	1	0	0	0	0	1	2	1	0	0	1	0	2	3	2	5	1	0	0	1	1	1	0	2	1	0	1	2	0	0	1	1	2	2	1	1	2	2	0	0	0	1	0	1	1	2	0	0	0	0	0	0	0	0	0	0	0	0	0	0	0	0	1	1	1	0	0	0	1	2	0	0	0
0	0	0	0	0	0	0	0	1	0	0	0	0	1	0	1	0	1	1	1	2	1	0	0	1	0	3	0	1	1	3	0	1	1	2	0	4	2	2	2	1	1	3	2	2	0	0	0	0	0	0	1	0	0	1	0	1	0	0	0	1	2	2	2	0	0	0	0	0	1	1	0	0	0	0	1	0	0	0	0	0	0	0	2	4	0	0	0	1	0	0	2	3	4	0	2	5	2	1	0	2	2	2	4	3	6	4	5	5	2	10	8	6	5	11	13	12	12	14	10	3	5	6	4	6	5	7	10	2	3	4	3	4	2	1	1	3	11	0	69	11	3	8	19	4	5	6	4	2	0	2	1	1	4	7	3	4	10	3	3	3	5	0	1	3	1	3	2	1	6	1	3	0	0	3	1	0	0	3	2	3	0	2	1	0	2	3	2	0	2	0	6	0	2	1	1	4	0	5	3	2	2	1	4	0	1	2	1	2	1	1	2	2	0	2	0	0	0	1	0	1	0	0	0	4	4	1	1	0	1	1	2	0	1	0	0	0	1	0	0	1	0	1	1	0	2	1	2	4	1	1	0	1	1	4	3	0	0	0	1	1	1	0	0	3	1	1	1	1	1	2	0	0	1	1	1	1	2	0	0	1	0	2	2	4	4	3	1	4	6	5	4	5	9	14	6	21	37	22	25	9	4	2	4	4	2	3	6	0	3	1	3	1	0	0	1	2	2	1	2	0	2	1	2	0	1	1	0	1	1	1	2	0	1	7	3	3	3	9	11	19	7	6	3	2	4	1	0	2	2	1	3	1	0	0	2	0	0	0	0	2	0	0	0	2	0	0	0	0	0	1	0	0	0	0	1	0	0	0	0	1	0	1	0	0	0	1	1	0	1	0	0	0	0	1	0	0	1	0	0	1	0	0	1	0	0	0	0	2	0	1	0	0	0	0	1	1	2	0	1	2	1	0	0	0	0	0	2	1	1	1	3	2	2	0	1	3	1	3	0	2	0	0	3	1	1	0	0	1	0	0	1	2	5	5	6	1	3	1	0	0	0	0	1	0	0	0	1	0	2	0	0	1	1	0	1	0	0	0	0	0	0	1	1	1	0	1	0	1
0	0	0	0	0	0	0	0	0	0	0	1	1	1	0	0	0	2	0	1	1	2	1	0	1	0	2	0	1	0	1	0	1	3	1	0	2	4	2	4	1	2	2	2	1	0	2	1	0	1	1	0	0	1	1	1	0	0	1	0	0	1	0	0	0	0	0	1	1	1	0	0	0	0	0	0	1	0	0	1	0	1	2	1	1	2	0	1	1	0	1	1	1	2	4	2	4	3	4	2	0	4	3	3	1	3	3	5	4	1	3	7	6	6	20	20	6	12	5	2	2	4	7	1	5	5	3	3	2	2	2	1	4	1	1	3	3	10	69	0	31	11	20	33	12	2	4	2	0	0	4	1	0	5	7	4	3	10	1	5	4	2	1	1	1	1	2	3	4	1	1	2	1	4	1	4	2	5	1	1	3	3	3	0	1	2	0	2	0	4	2	0	2	1	0	3	4	2	2	2	2	1	2	5	2	1	4	2	2	3	0	0	2	2	1	0	0	2	3	1	0	2	6	2	6	2	2	0	1	4	3	2	1	0	2	1	0	2	1	0	1	1	1	1	2	3	2	4	4	5	1	1	1	1	0	0	0	1	2	5	0	2	2	0	2	1	0	0	0	0	0	2	1	1	2	2	1	2	2	1	1	1	2	3	1	6	6	1	4	5	3	1	1	8	17	19	21	23	18	11	4	4	4	3	3	3	4	2	1	1	1	1	2	2	1	2	0	1	1	1	0	2	0	1	3	2	2	2	1	1	0	0	0	0	1	4	0	7	5	7	8	4	2	1	4	0	1	0	0	0	1	1	1	1	2	0	0	0	1	0	1	0	0	0	0	0	1	0	0	0	0	0	0	0	0	1	2	0	0	0	0	1	1	0	1	0	0	0	4	0	0	0	0	0	1	0	1	0	0	0	0	0	0	0	1	0	1	1	0	0	0	0	0	0	0	1	1	0	0	0	1	0	0	0	1	1	0	1	2	2	2	1	1	2	0	1	1	0	1	0	1	1	1	1	0	0	0	0	0	0	0	1	1	2	2	1	2	2	0	2	0	1	0	0	5	2	0	0	0	0	1	0	0	0	0	0	1	0	0	0	0	0	0	0	0	0	0	0	0
0	0	0	0	0	0	0	1	0	0	2	0	0	0	0	1	0	0	0	0	1	0	0	4	0	1	0	0	1	0	1	2	1	2	4	2	0	2	3	1	1	0	2	1	1	0	1	1	2	1	1	2	0	0	1	0	0	0	1	0	1	0	1	1	0	0	1	0	0	1	0	0	0	2	0	3	1	1	3	0	0	1	0	1	1	1	2	3	0	2	2	1	1	2	5	1	2	5	1	3	1	3	2	4	10	0	3	4	2	1	4	5	3	8	19	8	12	5	4	2	4	0	0	4	4	4	0	3	7	4	1	0	1	0	0	1	0	6	11	31	0	40	38	27	19	7	7	2	2	2	1	0	1	7	9	3	6	7	10	5	5	3	5	2	3	3	12	3	6	3	1	3	2	3	4	3	4	4	1	3	0	2	1	1	0	1	0	3	0	2	1	1	1	1	1	1	1	3	5	7	2	2	0	4	3	3	1	4	1	3	4	0	2	2	1	1	4	0	1	2	2	3	2	2	1	2	1	2	0	3	3	4	5	2	1	2	2	1	0	2	0	0	3	2	5	3	2	5	5	8	5	3	1	2	0	1	2	1	0	2	1	1	0	2	2	2	0	2	2	3	3	1	0	1	0	0	1	1	0	0	2	1	2	1	2	7	4	3	6	6	6	0	0	3	6	10	21	7	6	6	1	0	2	0	1	0	1	2	1	0	1	1	1	0	0	0	1	0	1	2	0	0	1	0	0	0	0	0	0	0	1	0	1	0	3	0	3	0	3	3	5	5	1	3	1	3	0	1	1	1	1	0	0	1	2	0	2	1	1	0	0	0	0	0	1	0	0	0	0	0	0	0	0	1	2	0	0	0	1	1	0	0	1	1	0	1	0	1	2	0	0	1	0	0	0	3	0	1	1	0	0	0	1	1	0	0	0	0	0	0	0	0	0	1	0	0	1	1	0	1	1	2	3	3	1	2	0	0	2	0	2	1	0	1	3	4	1	1	3	0	0	0	0	0	2	0	0	0	1	0	0	2	1	0	2	0	2	2	1	3	0	0	0	0	1	1	0	2	0	2	1	0	0	0	0	0	0	0	1	0	0	0	0	0	0	0	0	1	0
0	0	0	0	0	0	0	0	0	0	0	1	0	0	0	0	1	2	2	1	1	1	2	3	3	1	0	1	0	1	0	1	3	1	0	2	1	1	4	1	1	2	0	0	1	0	1	1	2	0	0	1	4	3	0	0	0	1	1	0	0	1	1	0	3	0	0	0	1	1	2	0	0	0	1	0	0	1	0	1	0	0	2	0	1	1	2	1	1	3	2	2	2	5	6	4	1	2	2	2	3	1	2	5	3	2	3	2	8	3	5	5	2	5	6	4	1	3	2	0	1	1	1	0	1	2	1	4	4	0	0	0	0	0	2	0	1	3	3	11	40	0	65	31	33	14	12	3	2	2	0	1	4	10	19	7	24	12	6	6	2	3	4	3	2	3	8	9	5	2	4	5	3	8	2	3	6	1	7	4	3	6	0	0	0	2	0	2	2	0	2	3	3	2	1	1	5	3	22	20	3	7	6	3	4	2	5	7	2	9	2	1	3	2	2	0	0	1	3	3	1	2	4	3	8	4	2	1	2	3	4	8	3	2	0	3	3	1	0	2	2	1	3	1	6	12	10	0	9	15	6	3	2	1	0	4	0	1	2	5	0	0	2	0	0	1	2	3	1	3	1	1	3	2	2	2	4	1	2	1	1	2	0	2	2	5	6	9	2	1	1	2	3	4	2	5	11	4	3	2	2	1	3	0	1	1	2	2	1	0	2	2	0	0	0	0	1	0	1	1	0	0	0	2	0	0	0	1	1	1	2	3	3	2	2	2	2	1	0	1	7	2	1	2	3	2	0	2	3	0	2	5	2	0	1	0	1	0	1	1	0	0	1	0	2	1	0	0	1	0	0	0	1	0	1	0	0	0	1	3	1	0	2	0	0	0	0	1	0	1	2	0	1	1	0	1	0	0	0	0	1	0	1	1	1	0	1	0	0	1	1	0	0	0	0	0	1	1	0	1	1	0	2	3	0	0	1	2	1	2	1	1	1	0	0	0	1	2	0	1	0	1	2	1	0	0	1	0	1	0	0	0	1	2	2	5	1	2	1	0	0	0	1	1	1	1	0	1	0	2	0	1	1	1	1	0	0	0	1	1	1	1	0	0	0	0	1	0	1
0	0	0	0	0	0	0	0	1	0	1	0	1	0	0	0	0	1	0	0	2	2	1	0	2	1	2	0	1	1	2	2	1	0	3	5	4	1	3	1	3	0	1	1	2	2	2	0	1	0	0	0	0	2	0	0	1	0	3	1	0	0	0	0	1	1	0	0	1	1	0	1	0	1	0	0	1	0	0	0	1	1	0	2	0	1	1	0	0	3	2	1	9	8	5	1	7	1	4	5	3	2	2	4	3	4	4	5	8	5	8	12	3	7	8	15	5	4	3	2	0	1	2	1	2	4	3	3	3	3	0	2	3	1	0	2	1	5	8	20	38	65	0	81	20	13	17	0	1	1	4	6	2	7	24	7	32	24	9	3	8	1	5	1	3	7	7	2	3	3	3	2	2	6	1	4	10	7	9	7	0	0	2	0	0	0	4	2	1	3	0	2	0	2	1	3	4	5	11	14	3	0	5	5	4	5	2	4	3	2	3	4	3	0	0	0	1	3	1	4	2	1	4	2	1	6	0	2	1	2	5	9	4	1	1	0	2	1	0	2	1	0	1	2	3	3	5	2	5	10	6	1	1	1	0	1	2	1	2	1	0	0	3	0	1	2	1	0	1	0	5	1	4	1	2	2	1	0	1	0	5	5	5	2	6	3	2	4	4	4	0	2	1	3	3	3	11	13	9	9	1	2	0	2	1	2	2	0	0	1	0	1	1	2	0	1	0	0	1	0	0	0	1	0	1	1	0	0	0	1	1	2	2	1	2	0	2	0	7	3	5	6	1	1	1	1	1	1	0	3	4	0	1	1	0	1	0	0	1	0	0	1	2	1	0	0	0	1	0	0	1	0	1	0	0	0	1	0	2	1	1	2	0	1	1	0	1	1	0	2	2	1	0	1	2	0	0	0	0	1	0	0	0	0	0	1	1	0	0	0	1	1	0	0	1	1	0	0	2	0	0	1	0	0	1	1	2	1	0	2	0	1	0	2	0	0	0	1	1	2	2	2	1	2	0	2	0	1	1	1	0	1	0	4	1	1	4	0	1	0	2	1	1	1	1	3	1	0	0	0	0	0	0	0	0	1	0	1	0	0	0	0	0	0	0	1	0	0	0
0	0	0	0	0	0	0	1	1	0	0	0	0	0	1	0	0	0	0	1	0	1	0	0	1	1	2	2	1	0	1	0	2	3	0	1	0	1	0	0	0	0	3	0	1	1	1	1	0	0	0	1	0	1	1	2	1	1	1	1	0	1	0	0	0	1	0	0	0	0	1	0	1	0	0	1	0	0	0	0	1	1	0	1	0	0	0	1	1	1	2	5	5	7	7	2	2	1	1	0	0	1	1	4	2	2	1	3	7	9	5	7	4	3	8	13	5	1	6	2	4	2	3	1	2	2	4	3	1	1	1	0	3	0	2	1	1	3	19	33	27	31	81	0	25	21	14	2	1	1	3	3	4	5	12	7	20	21	8	6	1	3	4	2	1	2	7	11	3	1	4	0	1	3	4	1	3	4	4	3	0	3	0	1	2	0	2	2	1	2	3	0	0	0	2	4	3	13	4	15	1	3	0	1	3	3	5	3	4	3	3	1	1	1	0	4	4	3	1	1	4	7	6	5	2	4	0	2	3	1	8	5	2	0	0	1	0	1	0	0	4	1	0	1	3	3	5	2	7	6	2	2	4	1	2	3	4	3	1	3	1	0	0	0	2	0	1	1	3	2	0	0	2	2	1	0	3	0	3	1	3	3	9	6	0	5	6	1	2	9	2	4	0	5	7	8	16	14	21	13	4	2	4	1	1	1	0	1	1	0	2	1	2	1	0	1	0	2	2	1	0	0	0	0	0	0	0	0	1	0	2	1	1	0	0	3	1	3	2	8	12	4	3	0	2	1	3	1	1	2	2	4	1	0	1	0	2	0	0	1	1	0	0	0	0	1	0	0	0	0	0	0	0	0	0	0	0	1	0	2	0	1	3	1	0	1	1	2	0	2	0	1	0	1	0	1	0	0	1	0	0	1	0	2	1	3	1	0	0	1	0	1	1	0	1	0	2	4	1	1	1	1	2	0	0	0	0	3	2	0	2	1	0	1	0	2	0	0	1	0	0	1	0	0	0	2	1	2	1	1	2	1	0	1	7	6	1	1	1	0	0	0	2	1	0	0	0	0	1	0	0	0	1	1	0	0	2	0	1	2	0	1	0	0	2	0	0	0	1
0	0	0	0	0	0	0	0	0	0	0	0	0	1	0	0	0	1	0	2	0	2	0	0	0	1	0	2	0	0	1	0	0	0	1	1	0	1	0	2	1	1	0	0	3	0	0	1	0	0	0	0	0	0	0	0	0	0	0	0	0	1	0	0	0	0	0	0	0	0	0	0	0	0	0	0	0	0	0	0	0	3	0	1	0	0	2	0	0	2	0	0	1	4	8	4	2	0	1	1	2	0	3	1	2	3	0	5	2	7	0	3	3	3	8	2	3	2	1	2	2	1	2	2	2	0	1	3	1	0	1	0	1	2	0	1	2	4	4	12	19	33	20	25	0	56	10	6	1	1	1	2	2	6	9	6	13	6	5	0	2	1	3	0	5	4	1	7	2	0	1	2	1	2	3	3	2	4	1	1	1	1	1	1	1	1	2	1	3	1	3	2	4	0	0	2	5	8	7	8	4	2	1	3	2	2	5	1	1	6	3	2	1	2	3	2	1	4	2	1	4	6	2	15	9	4	5	3	1	2	6	11	2	0	0	1	5	1	4	2	1	0	0	2	9	5	6	5	22	37	5	1	2	0	1	4	2	2	3	2	0	0	0	1	3	0	2	2	2	2	2	3	6	1	1	2	4	6	1	9	11	11	10	4	6	10	10	5	11	7	3	4	7	3	9	10	16	20	8	11	6	2	3	2	1	0	3	3	1	2	3	1	1	2	1	1	0	1	0	0	1	0	0	0	0	1	1	1	0	0	2	2	1	0	4	3	2	4	2	2	7	6	3	5	2	0	1	1	3	2	3	1	2	2	0	0	0	1	0	1	1	1	1	0	1	2	1	0	0	0	2	0	0	1	1	0	0	0	0	1	3	0	1	1	0	1	1	1	1	1	0	0	0	1	1	0	1	1	0	0	0	0	1	3	0	0	0	2	0	0	3	0	2	1	0	0	1	1	2	1	1	2	1	3	2	2	2	3	1	1	2	2	1	1	2	1	4	0	1	1	2	0	1	3	2	0	1	1	0	3	2	2	0	1	4	8	5	2	1	2	1	0	2	0	3	2	1	0	2	1	0	0	0	0	0	0	0	0	0	0	0	0	0	0	1	2	0	0	0
0	0	0	0	0	0	0	0	0	2	0	2	0	0	0	0	0	0	0	0	0	0	0	1	1	0	0	0	2	0	0	1	1	3	1	0	0	1	1	2	3	1	1	1	0	1	0	0	1	0	0	0	0	2	3	2	1	0	0	0	0	0	0	1	0	0	0	1	0	0	0	0	0	0	0	0	0	0	0	0	0	1	0	0	0	1	1	0	1	1	4	2	2	0	7	3	4	1	2	0	2	2	1	5	2	0	1	2	1	5	6	2	1	4	6	0	2	2	2	1	2	2	1	0	1	2	1	4	2	1	0	1	0	1	2	0	3	1	5	2	7	14	13	21	56	0	24	9	1	3	2	2	2	19	6	11	18	9	0	0	0	1	3	0	5	3	7	6	7	3	0	2	2	0	2	3	4	8	2	1	1	5	0	3	3	1	1	4	2	2	5	2	3	0	2	3	7	16	8	20	5	3	3	4	9	7	10	2	6	4	3	1	1	2	0	3	1	4	3	2	2	7	10	12	3	7	9	5	5	8	13	7	7	1	2	3	2	2	0	5	1	3	1	3	5	3	10	10	16	35	1	7	3	1	2	2	1	3	1	1	0	2	0	3	1	3	4	6	6	2	2	2	1	5	6	2	1	3	2	5	10	4	4	7	2	13	7	7	6	4	1	3	2	3	2	5	5	11	8	3	3	3	3	4	4	3	1	4	3	0	1	0	1	2	2	2	0	3	1	0	3	2	2	0	1	2	0	0	0	0	0	1	1	1	1	6	0	2	3	2	13	12	4	3	0	3	0	1	8	5	4	2	1	1	0	0	1	1	1	0	0	0	1	3	0	1	0	0	0	2	1	0	1	0	1	0	3	0	4	5	5	3	1	0	0	0	0	0	0	0	1	0	0	1	0	2	0	0	0	1	1	0	2	1	0	2	0	1	0	1	0	1	1	1	1	0	2	2	0	1	1	2	1	1	2	1	3	0	1	3	1	0	1	3	2	1	2	2	3	1	2	0	1	1	0	0	1	1	0	0	1	0	0	1	5	5	4	4	7	0	2	2	2	2	2	3	2	1	0	0	0	2	0	0	0	0	0	0	0	1	0	1	1	0	0	0	0	0	1
0	0	0	0	0	0	0	0	2	0	0	1	0	1	0	0	0	0	2	1	0	0	0	2	0	1	0	1	0	0	2	2	1	0	0	1	1	0	0	0	0	1	3	0	2	0	1	0	1	1	0	0	1	0	0	1	1	0	0	0	1	0	0	0	0	0	0	0	0	0	1	0	0	0	0	1	0	0	1	1	1	0	0	0	0	1	2	1	1	1	1	2	6	20	6	11	4	2	1	2	2	2	1	3	1	2	2	4	9	6	5	6	3	3	7	6	4	1	2	0	2	1	1	0	2	0	2	2	1	0	2	1	2	0	0	1	0	0	6	4	7	12	17	14	10	24	0	3	5	1	0	2	5	13	33	30	45	16	5	3	2	3	3	3	3	10	4	8	1	1	3	0	1	2	4	2	9	4	1	5	1	1	0	3	0	2	3	6	2	4	5	5	4	4	2	9	6	76	11	14	5	3	2	11	24	15	12	8	6	13	2	8	0	1	2	5	3	1	11	3	3	7	15	8	5	9	0	1	3	2	16	9	4	4	6	3	0	2	1	0	2	1	1	3	3	1	9	4	9	13	2	2	2	1	0	2	2	4	2	2	2	1	1	0	4	3	0	2	2	3	1	0	2	2	4	1	4	0	2	4	8	4	3	3	2	6	1	5	7	10	1	1	0	2	2	3	10	6	8	4	4	4	0	1	0	0	2	1	2	0	3	2	5	2	0	1	0	1	1	1	1	0	0	1	0	1	0	0	2	0	2	2	0	3	3	1	1	1	5	6	7	12	1	3	3	2	2	2	4	4	2	3	5	4	0	2	0	0	0	0	1	0	1	0	0	1	2	1	1	0	1	0	0	2	0	0	0	2	3	1	1	4	2	1	0	1	0	0	0	1	1	0	2	1	1	0	0	0	0	1	1	2	2	0	1	1	2	0	1	0	0	2	1	1	2	1	1	1	3	2	0	4	1	2	2	1	1	2	2	0	2	1	2	2	1	0	1	1	2	3	3	2	1	4	0	3	0	1	0	4	1	4	3	4	9	11	6	3	2	0	3	1	3	2	2	2	4	0	0	0	1	0	0	1	1	1	0	0	0	0	0	1	0	1	0	0	2	1	0
0	0	0	0	0	0	0	0	0	0	0	0	0	0	0	1	0	1	1	0	0	0	1	0	0	0	1	0	0	0	0	0	0	1	0	0	0	1	0	0	1	0	0	1	0	0	0	1	2	0	0	0	1	1	0	1	0	1	0	1	2	0	0	0	0	1	0	0	0	0	0	0	0	0	0	0	0	0	0	0	1	0	0	1	0	2	0	1	2	0	2	2	3	11	3	1	2	2	0	0	0	0	0	0	0	0	1	2	1	2	1	3	2	1	1	0	2	0	1	2	0	0	1	2	1	2	1	0	1	0	0	1	0	0	1	1	0	0	4	2	2	3	0	2	6	9	3	0	118	24	11	12	9	4	5	9	6	2	3	0	0	0	2	2	4	5	3	1	2	0	2	0	0	0	1	1	4	4	3	5	1	3	3	1	0	2	1	3	6	5	18	4	3	1	7	19	8	16	5	8	11	9	9	8	10	17	26	20	16	12	11	11	7	5	3	2	8	13	7	10	10	8	4	6	8	2	6	6	5	4	8	4	1	5	9	5	3	3	0	2	2	2	1	3	2	5	2	2	2	5	3	0	3	2	2	1	3	4	2	0	2	3	0	5	2	6	3	3	10	4	6	4	1	8	10	7	1	0	4	2	1	2	3	1	1	1	3	2	1	0	1	1	3	0	2	0	1	2	1	0	0	0	1	1	1	1	1	0	1	0	0	1	2	0	0	2	0	0	0	1	2	0	0	0	1	2	2	1	0	1	1	0	0	1	0	1	3	2	1	3	2	2	2	0	0	2	0	0	1	5	2	0	3	3	2	0	2	2	4	1	2	2	2	1	2	3	1	2	0	4	2	2	2	2	1	0	0	1	1	3	1	3	5	1	1	0	6	3	1	0	3	4	4	2	1	1	0	1	2	2	2	4	2	2	1	0	1	1	0	1	2	1	3	2	4	1	1	2	5	2	4	4	0	3	3	3	4	2	5	2	0	2	0	1	2	0	3	0	2	1	1	0	2	6	3	1	3	0	2	8	3	2	0	2	5	15	19	9	3	4	4	2	2	4	1	6	1	1	0	3	0	1	0	1	1	1	1	1	0	1	1	1	1	2	1	3	1	1	0
0	0	0	0	0	0	0	0	0	0	2	0	0	0	0	0	1	1	0	0	3	0	0	0	0	0	1	0	0	0	0	2	0	0	1	0	0	0	1	1	0	2	2	0	2	1	0	0	1	1	0	0	0	0	0	1	0	2	2	0	0	0	0	0	0	0	0	0	1	0	1	0	1	0	0	0	0	0	0	0	0	0	0	0	0	1	1	1	1	3	0	1	1	3	4	6	0	0	0	0	2	1	0	2	1	0	1	2	2	1	2	1	1	1	0	3	2	1	1	0	0	0	0	0	0	0	0	2	3	0	0	0	0	0	0	0	0	1	2	0	2	2	1	1	1	1	5	118	0	39	5	16	10	5	1	9	6	4	3	0	1	1	4	4	1	1	1	1	1	1	0	1	0	1	2	1	3	4	2	0	3	1	3	9	4	1	0	7	3	3	14	2	5	3	9	17	5	7	8	8	7	7	3	3	11	8	15	12	19	11	8	13	14	5	7	12	20	22	11	10	7	3	4	3	4	3	2	6	8	7	10	4	3	6	3	4	3	3	1	0	1	4	3	1	3	3	1	2	1	3	2	1	1	1	1	1	3	3	3	1	6	3	2	3	2	4	3	2	7	5	3	2	2	3	10	1	1	0	3	2	3	2	2	0	0	2	1	1	2	0	2	1	1	1	0	0	0	2	5	2	0	1	0	0	2	2	3	2	0	2	1	0	0	1	1	0	1	0	0	2	0	0	1	0	0	1	0	1	3	0	0	1	3	3	1	0	1	1	2	3	2	1	3	0	1	1	1	0	4	2	0	4	0	2	6	1	1	1	0	2	2	3	3	2	1	1	1	1	3	1	0	1	0	0	1	0	1	0	0	2	7	3	7	2	2	1	5	0	0	2	3	5	3	1	1	3	2	1	2	1	1	2	2	2	3	2	2	0	1	2	1	3	1	3	2	2	6	2	2	3	3	0	1	1	3	0	5	3	4	1	1	1	1	1	2	1	1	2	1	1	1	1	2	2	2	1	2	2	2	3	2	1	1	8	9	16	10	5	3	1	1	4	2	1	5	3	0	2	0	0	1	0	4	2	1	0	1	0	1	0	0	2	1	0	1	2	1	0	0
0	0	0	0	0	0	0	0	0	0	0	0	0	0	0	0	1	1	0	0	0	0	0	0	0	2	0	0	0	1	0	0	1	0	0	0	0	1	0	0	0	1	0	0	0	1	0	1	1	1	0	0	0	2	0	0	0	0	0	0	0	0	0	0	0	1	0	0	0	0	0	0	0	0	1	0	1	1	0	0	1	1	0	0	0	1	0	2	2	1	1	0	0	2	6	3	2	0	0	2	2	0	3	0	1	2	3	2	3	1	0	0	0	1	0	1	0	2	0	0	0	0	1	0	0	0	0	2	2	0	0	1	0	0	0	0	1	1	0	0	2	2	1	1	1	3	1	24	39	0	37	16	8	5	1	1	7	1	2	1	2	0	0	3	5	2	1	1	1	3	2	0	0	1	2	0	3	3	2	1	1	0	1	6	4	0	5	1	2	4	8	4	4	5	3	9	6	2	5	2	6	11	2	4	11	5	11	6	9	9	3	16	8	5	7	4	9	10	6	5	4	4	3	3	2	7	4	10	1	3	0	2	2	7	9	9	3	4	3	2	2	4	0	4	6	2	1	0	3	3	0	1	5	2	1	2	1	4	3	0	4	2	5	6	5	13	6	14	14	9	8	4	0	2	6	4	2	6	1	1	2	2	2	0	1	2	0	0	0	0	0	1	1	1	1	1	0	0	1	0	2	2	2	2	0	0	2	0	0	1	0	1	0	0	1	0	0	1	0	0	1	0	0	0	0	0	0	0	1	1	0	2	0	0	1	0	0	1	0	0	1	1	0	3	2	1	1	1	0	1	0	0	1	2	1	4	1	1	3	2	1	3	0	1	1	3	1	5	1	0	2	1	3	1	0	1	2	1	1	1	2	3	2	3	1	3	2	2	2	5	2	5	2	2	1	1	0	0	0	3	7	1	5	5	1	4	2	3	1	3	1	4	3	3	4	4	4	2	5	3	3	4	1	5	1	2	3	2	0	0	0	1	1	1	0	3	1	1	2	0	2	1	0	1	2	2	1	0	2	3	2	1	4	0	3	10	9	2	2	1	1	0	2	1	4	2	0	1	0	1	0	1	0	0	1	0	1	0	1	0	2	2	2	2	0	0	0	2	0
0	0	0	0	0	0	0	0	0	0	0	0	0	0	0	1	1	0	1	0	0	1	1	0	1	0	1	2	0	0	0	0	0	0	0	0	0	0	0	1	1	2	1	0	0	1	0	0	0	0	1	1	0	0	0	0	0	1	0	0	0	2	0	0	0	0	0	0	1	0	0	0	0	0	1	2	0	1	0	0	1	0	0	2	0	0	1	1	0	0	1	2	3	0	3	2	1	0	1	1	1	3	1	2	0	0	2	1	0	1	0	0	0	1	2	1	1	0	2	3	0	0	1	0	0	1	0	1	0	1	0	1	0	0	2	0	0	0	2	4	1	0	4	3	1	2	0	11	5	37	0	39	14	6	3	3	1	5	2	2	2	5	1	2	2	1	2	0	3	5	1	2	1	0	0	3	3	3	1	2	2	1	1	4	3	4	2	5	2	2	4	4	1	1	4	6	2	2	1	5	15	13	6	2	7	4	7	5	8	5	7	4	3	2	1	4	5	2	2	4	4	5	5	3	5	7	7	7	5	3	7	8	6	11	25	11	4	1	5	4	4	5	2	1	2	4	1	3	0	3	2	1	1	5	2	3	3	8	7	3	4	4	4	7	11	28	33	21	20	9	5	2	3	5	5	4	2	3	2	0	4	4	2	1	1	0	0	0	1	0	0	1	2	0	1	1	2	2	2	0	1	0	0	0	0	0	0	0	0	1	3	1	0	0	0	1	0	0	0	1	0	0	2	0	0	0	1	1	0	2	0	1	0	2	0	2	0	0	0	0	0	1	0	1	0	0	2	1	1	3	1	1	3	1	1	3	1	0	1	3	4	2	3	3	2	4	1	1	0	1	1	2	0	1	0	2	1	2	0	4	3	1	0	0	2	2	0	1	2	3	1	1	0	2	2	1	1	1	2	1	2	2	3	1	3	3	3	1	0	4	0	4	1	4	5	4	2	5	8	7	3	1	1	2	1	3	2	2	0	2	0	0	0	1	1	1	1	0	0	1	0	0	1	0	1	0	1	2	1	2	2	1	0	1	2	7	3	0	1	1	0	2	1	4	1	1	0	0	0	3	3	1	2	0	1	0	0	0	1	2	1	0	2	0	0	2	1	0	1
0	0	0	0	0	0	0	0	2	1	0	0	0	0	0	0	0	0	0	0	0	1	1	0	0	1	0	0	0	0	0	0	0	0	0	0	1	0	0	0	0	1	1	1	0	0	1	0	1	1	0	0	0	1	0	1	0	0	0	0	0	0	0	0	0	2	0	2	1	1	0	2	0	0	1	1	1	0	0	0	0	0	0	0	0	1	1	0	0	1	2	3	4	1	1	3	3	0	3	1	1	1	0	3	2	1	3	2	0	0	3	1	1	1	0	1	0	0	0	2	0	0	0	0	1	1	0	1	1	0	1	0	0	0	1	0	0	2	1	1	0	1	6	3	2	2	2	12	16	16	39	0	39	5	4	3	2	0	2	1	3	1	1	1	7	6	3	3	2	6	1	1	1	1	3	0	4	3	4	2	3	4	2	5	7	8	4	6	5	10	5	3	1	1	4	5	0	3	6	5	14	12	16	13	8	5	10	12	4	7	14	9	4	2	1	6	5	3	3	2	1	0	1	2	6	9	3	6	3	5	7	4	7	16	31	22	8	7	2	7	5	2	1	3	5	4	2	5	4	2	6	2	0	5	3	1	5	4	4	3	3	1	6	7	7	5	6	12	4	6	1	6	1	2	6	5	3	1	2	1	1	1	3	0	1	4	1	0	2	1	0	0	1	1	1	1	1	2	0	0	2	0	0	0	0	0	0	2	0	0	2	0	1	0	1	0	0	1	0	0	1	0	0	0	0	0	0	1	1	0	1	1	1	1	0	0	0	0	1	3	2	2	3	0	1	1	2	2	2	2	1	0	1	3	0	1	2	1	0	1	0	0	0	2	4	2	5	2	4	1	1	1	0	0	2	1	2	0	1	2	3	2	3	0	1	3	0	2	1	1	6	1	2	1	1	1	0	1	0	1	1	0	2	1	1	1	1	1	1	1	0	1	1	1	4	1	3	5	2	1	2	0	0	5	2	0	1	2	1	0	2	1	0	2	0	1	0	0	0	0	1	1	1	3	0	0	1	3	0	3	0	0	0	4	1	8	5	1	1	0	3	1	3	2	2	2	0	1	2	0	1	1	1	0	0	0	1	0	0	2	1	0	1	0	0	0	0	0	1
0	0	0	0	0	0	0	0	0	0	1	1	2	0	0	0	0	0	1	1	0	1	0	0	1	0	0	0	0	1	0	0	0	0	1	1	1	0	2	0	2	0	0	0	0	2	2	0	1	2	0	0	1	0	2	1	0	0	0	2	2	1	0	0	0	1	2	0	1	0	1	0	0	0	0	0	0	0	0	0	0	0	1	2	2	3	2	1	2	2	3	1	2	4	5	6	2	1	4	3	0	3	5	0	0	3	0	2	3	2	0	1	1	0	0	0	1	0	0	0	0	1	1	0	1	2	0	0	0	0	2	0	0	0	3	0	0	0	1	0	1	4	2	4	2	2	5	9	10	8	14	39	0	13	8	20	6	5	1	3	1	0	2	3	7	6	1	3	5	4	4	0	2	0	2	5	8	9	6	7	2	5	4	7	6	4	2	5	1	6	5	3	2	3	6	7	2	4	8	7	37	19	27	20	40	16	33	12	11	20	28	17	14	5	5	4	4	3	5	5	7	2	2	6	2	4	9	7	3	6	6	8	6	7	17	11	9	5	1	7	7	0	4	3	2	1	7	1	3	4	5	2	3	4	1	1	6	7	7	0	2	1	3	3	3	9	7	2	6	6	3	0	2	3	6	2	4	5	0	0	1	0	0	1	2	1	2	0	1	2	0	2	1	1	0	2	4	1	1	1	0	0	0	0	0	0	0	3	1	0	0	0	1	1	0	2	0	0	1	1	0	1	1	1	0	0	1	0	1	0	2	0	0	0	2	0	2	3	1	2	1	2	0	1	1	1	2	0	0	1	1	1	2	1	2	0	0	4	1	0	2	0	1	0	0	3	0	1	1	1	3	0	1	1	0	0	0	0	2	2	2	2	2	1	0	0	0	1	2	2	2	3	1	1	0	0	0	0	3	0	0	1	2	0	1	1	0	0	1	2	1	5	1	1	1	3	2	3	2	6	3	2	3	0	4	1	1	2	0	1	1	0	0	0	1	2	1	2	0	0	1	0	1	1	1	0	0	1	1	1	1	1	1	3	1	5	6	3	1	3	1	1	1	1	2	2	3	0	0	4	2	1	0	0	0	0	1	0	0	0	0	0	1	0	0	0	0	2	1
0	0	0	0	0	0	0	0	1	0	0	0	0	1	0	1	0	0	0	1	3	0	1	0	0	2	0	0	1	0	0	1	0	1	0	2	2	0	1	3	0	2	0	0	2	2	3	2	1	2	1	0	0	3	0	0	1	2	0	1	1	0	1	0	0	0	0	0	0	2	0	0	1	1	0	0	1	2	0	0	0	0	1	0	1	3	0	1	3	1	1	3	0	13	2	12	10	5	4	1	5	3	4	3	1	0	2	1	7	4	5	2	3	2	4	0	2	0	4	0	0	1	1	0	1	1	2	2	2	1	0	0	0	1	0	0	0	1	4	5	7	10	7	5	6	19	13	4	5	5	6	5	13	0	16	84	23	7	9	5	4	5	4	4	14	21	11	15	7	6	3	2	1	2	8	6	26	18	12	7	6	3	3	4	5	1	6	3	3	3	4	6	0	5	1	2	5	23	31	20	15	7	27	31	54	21	21	8	6	13	19	4	2	2	0	6	4	5	3	1	0	7	5	2	3	5	1	3	2	5	9	11	4	7	4	3	5	4	4	1	4	2	1	6	2	4	6	4	3	5	2	4	2	1	1	1	4	4	4	1	3	3	0	0	2	2	4	2	0	2	0	1	0	2	1	3	1	4	3	0	8	3	1	2	0	3	2	0	1	2	1	1	2	0	2	1	4	0	4	2	0	1	0	0	1	0	3	1	1	0	0	1	0	0	0	0	0	1	0	0	0	0	0	0	1	0	0	1	3	1	0	2	1	1	0	1	0	0	1	4	2	3	2	2	2	2	0	1	1	3	1	4	1	1	0	0	0	2	0	0	1	1	0	0	2	0	0	0	1	0	1	2	1	1	0	1	1	1	1	0	1	0	1	3	1	2	0	0	1	1	1	0	1	0	1	0	1	0	0	1	1	0	2	3	0	0	2	0	2	0	2	0	1	1	2	3	1	1	1	2	0	1	0	2	0	1	1	2	0	1	0	0	0	1	0	1	1	2	1	0	1	1	2	1	3	0	1	2	2	1	0	0	5	1	4	5	2	2	3	0	1	1	0	0	2	1	2	1	1	1	0	1	1	0	1	0	0	1	0	1	0	0	0	0	0	0	1	1	0
0	0	0	0	0	0	0	0	0	1	1	0	1	0	2	0	1	1	2	1	0	0	0	1	1	0	0	0	0	1	1	2	0	0	2	2	0	1	2	0	3	0	1	0	0	1	0	0	1	1	1	0	2	1	0	0	0	1	1	1	2	1	1	0	2	2	0	0	1	0	0	1	0	0	1	1	1	0	1	0	1	0	0	1	1	0	3	1	2	1	4	5	10	18	20	10	4	4	3	1	2	1	6	5	8	2	4	6	16	5	9	4	1	2	3	5	4	3	2	4	1	2	3	2	2	3	3	0	1	1	2	1	2	2	0	1	2	0	7	7	9	19	24	12	9	6	33	5	1	1	3	4	8	16	0	41	195	67	30	3	6	2	5	1	6	3	8	4	5	3	1	1	1	1	9	7	17	22	12	2	4	3	4	4	1	3	5	4	0	1	4	1	2	2	1	0	2	16	18	19	2	3	3	14	16	14	4	7	3	11	14	3	1	0	2	1	6	4	3	0	1	0	5	2	1	2	0	3	3	4	4	7	1	3	3	1	5	3	2	1	1	0	3	0	4	3	8	2	3	6	2	1	2	0	0	1	4	2	2	0	2	0	1	5	1	2	2	2	0	2	2	1	4	2	1	0	3	0	0	1	1	7	0	2	2	3	2	3	3	3	1	2	0	0	2	3	4	4	5	2	3	0	2	1	0	0	1	1	2	2	1	0	1	1	0	0	1	0	1	2	0	0	0	0	3	1	1	0	3	0	0	0	0	1	1	1	0	2	3	5	6	7	6	4	0	0	4	1	1	2	2	1	2	0	1	0	0	2	1	0	1	2	3	1	0	0	0	0	1	2	0	0	0	0	2	0	1	0	1	0	0	1	1	1	1	0	2	0	0	1	0	0	2	1	0	0	1	0	0	0	2	0	0	3	1	0	0	1	1	0	1	1	1	1	1	1	1	0	0	1	1	1	2	3	0	1	3	0	2	4	1	1	1	4	0	2	1	0	0	0	1	1	2	1	1	0	0	1	0	1	1	0	1	0	3	4	4	2	0	0	0	3	1	1	0	0	1	0	0	0	1	1	0	0	0	1	0	0	1	0	1	1	1	1	0	0	0	0	0
0	0	0	0	0	0	0	0	0	0	0	0	2	0	0	1	0	0	0	1	1	1	1	0	1	0	0	0	0	0	0	0	0	0	1	3	1	2	0	0	0	0	0	2	1	0	0	0	0	0	0	0	2	1	1	1	0	0	1	0	0	0	0	1	0	0	1	1	0	2	0	1	0	1	0	0	1	0	0	0	0	0	1	0	0	0	2	1	2	6	0	2	3	19	15	10	5	0	3	0	2	2	4	3	4	2	0	4	7	5	1	2	4	2	5	3	1	0	0	2	0	0	0	0	0	2	0	0	1	1	0	3	0	1	0	0	3	2	3	4	3	7	7	7	6	11	30	9	9	1	3	3	20	84	41	0	42	11	3	6	4	2	3	4	3	10	11	9	5	3	0	1	2	0	6	3	14	14	15	3	4	2	2	7	4	4	8	2	7	2	8	5	7	3	1	6	12	18	31	27	14	14	15	15	79	59	32	8	15	17	27	6	6	4	1	4	3	6	5	3	5	3	6	4	2	6	4	1	2	9	13	12	6	3	9	7	4	0	4	2	3	3	4	2	7	4	5	4	5	7	1	3	5	3	0	1	2	3	1	2	2	2	2	1	4	2	2	4	3	2	0	1	0	3	4	5	1	1	4	1	2	2	3	2	0	2	0	1	3	2	2	4	2	2	5	0	2	2	2	0	0	1	1	0	0	2	2	1	0	0	0	0	0	1	1	0	0	1	1	0	0	0	0	2	0	0	0	0	1	0	2	1	1	2	0	0	0	7	7	3	3	5	4	2	1	2	0	1	2	3	2	1	0	1	1	1	0	1	1	1	0	1	1	1	2	1	0	0	0	1	2	1	1	0	0	2	0	1	2	1	2	1	0	1	1	2	0	1	1	2	0	1	0	1	1	0	0	0	0	0	1	2	3	1	3	2	0	1	0	1	0	0	0	1	1	1	0	1	2	1	2	2	1	3	1	0	1	1	1	1	1	0	0	3	2	1	1	2	1	2	0	0	1	1	1	1	0	1	1	3	2	3	1	1	1	9	12	2	2	1	0	2	2	0	1	3	0	0	0	1	1	3	1	0	0	0	0	0	0	0	1	1	0	0	0	1	1	0	0
0	0	0	0	0	0	0	0	0	1	0	1	0	0	0	0	1	0	0	3	3	1	0	1	2	0	1	2	1	1	1	0	1	1	1	5	1	3	0	2	1	2	0	2	1	2	0	0	2	0	0	2	0	0	1	0	4	1	2	1	0	1	0	0	0	1	0	3	0	0	0	0	0	0	0	0	0	1	0	0	4	1	0	1	1	0	1	0	2	2	0	3	2	18	9	7	3	1	1	1	2	3	6	5	5	5	2	7	10	4	8	2	1	1	7	6	4	2	3	3	2	0	3	3	3	3	2	4	1	3	1	1	1	0	0	0	1	1	4	3	6	24	32	20	13	18	45	6	6	7	1	2	6	23	195	42	0	26	17	4	3	7	6	8	6	9	10	6	4	2	4	1	3	0	3	5	11	14	13	3	2	4	3	3	1	5	4	6	1	3	4	2	5	2	2	2	3	15	20	16	5	8	11	10	16	10	12	4	8	16	4	1	1	1	1	3	2	2	1	1	0	2	5	6	5	4	1	1	3	1	11	5	3	4	1	3	1	1	1	2	3	2	4	3	11	3	3	1	3	12	4	4	1	4	0	1	1	3	2	3	6	1	0	3	2	2	1	1	0	4	0	5	3	1	2	4	4	4	1	1	4	2	6	2	0	5	0	0	5	3	2	5	0	0	4	1	8	2	5	5	2	2	3	1	3	3	0	2	0	0	0	3	2	1	1	0	0	1	1	0	0	2	0	0	0	0	0	1	0	2	2	1	1	1	1	2	2	0	5	3	4	5	4	0	2	1	3	3	1	1	3	3	0	1	1	0	0	0	2	0	0	0	1	1	1	1	2	0	1	0	0	1	0	0	0	0	0	1	4	0	0	0	0	1	0	0	0	0	1	2	0	0	1	0	0	0	1	0	0	0	1	0	3	1	1	2	1	0	0	0	2	1	1	0	1	0	0	1	1	0	0	1	2	0	1	0	2	2	1	0	1	0	1	0	1	1	5	1	1	2	1	0	1	1	3	0	0	0	0	1	2	0	1	3	3	6	2	3	2	0	0	1	0	1	0	0	1	0	1	0	0	0	2	0	0	1	1	2	1	1	0	1	0	1	0	0	0	0	1
0	0	0	0	0	0	0	1	0	2	1	1	0	2	0	2	1	2	1	1	1	0	0	1	1	2	0	1	0	0	2	0	1	1	1	1	1	4	2	1	2	2	0	3	3	6	1	0	0	3	0	1	0	0	0	0	1	1	2	1	0	3	2	1	2	1	2	0	1	2	2	0	0	0	0	0	1	0	0	1	1	0	0	1	3	1	2	2	2	1	2	7	12	15	18	9	8	8	5	5	2	2	2	5	8	3	6	10	35	13	8	9	13	9	14	5	0	6	4	0	2	3	2	3	2	2	1	2	0	1	0	3	0	1	1	0	1	2	10	10	7	12	24	21	6	9	16	2	4	1	5	0	5	7	67	11	26	0	82	10	5	7	2	7	2	6	8	8	2	2	4	4	1	6	4	6	15	9	13	9	3	1	1	2	1	1	3	4	3	4	6	5	0	4	2	3	3	5	9	5	5	1	3	4	8	7	4	4	6	8	7	0	3	2	2	1	0	3	0	1	1	1	3	2	2	1	1	3	0	1	1	4	3	0	1	1	2	0	1	3	2	1	0	2	8	4	3	2	1	6	2	1	0	0	1	1	1	1	2	1	1	0	1	0	3	1	1	0	0	3	1	0	1	0	1	1	3	0	6	1	1	0	2	1	2	6	3	0	5	4	0	4	2	1	3	4	6	4	8	5	1	2	1	2	2	0	1	3	1	1	3	0	0	0	0	0	1	2	0	0	1	1	0	1	0	3	0	1	2	2	1	0	0	0	2	5	1	1	6	7	3	7	5	2	2	2	3	2	0	0	0	3	1	1	1	0	0	3	1	1	2	1	0	0	0	0	0	1	2	0	1	0	0	1	0	0	0	1	1	0	0	0	1	1	1	0	1	0	1	2	0	1	2	0	0	0	0	0	0	0	1	0	1	1	0	0	1	0	0	0	0	0	0	1	0	1	1	2	0	1	1	0	0	0	0	1	1	3	0	1	1	0	2	2	1	2	0	1	0	0	0	0	1	1	0	1	0	2	0	2	1	2	0	3	4	1	1	0	2	0	0	1	0	0	1	1	0	0	0	0	1	0	1	0	0	1	0	0	2	1	0	0	1	1	0	0	1	2	2
0	0	0	0	0	0	0	0	1	1	0	0	0	1	0	1	4	0	1	3	1	2	1	1	2	2	0	0	1	1	0	2	2	1	0	2	1	2	3	3	4	2	2	0	4	2	1	0	0	0	2	0	3	3	1	0	2	2	3	2	1	0	0	0	4	0	0	0	0	0	0	0	0	0	1	0	0	0	0	1	0	1	1	0	1	1	0	2	2	2	4	9	10	6	8	12	8	8	5	3	1	1	15	21	8	13	5	8	28	19	10	17	3	8	18	10	6	9	5	3	3	2	4	3	4	2	4	5	2	1	0	0	1	0	1	0	2	1	3	1	10	6	9	8	5	0	5	3	3	2	2	2	1	9	30	3	17	82	0	33	6	9	4	2	7	13	16	9	1	2	3	2	5	6	4	3	13	12	15	8	3	3	2	1	0	2	1	3	2	3	4	3	2	3	0	4	3	6	2	5	2	1	3	3	0	5	1	3	2	2	4	1	4	1	1	1	2	1	4	2	2	2	3	4	1	1	0	1	2	1	2	2	1	2	3	2	1	1	0	3	1	1	0	0	0	3	2	2	1	3	1	0	0	0	1	1	2	1	1	1	1	0	0	1	2	2	3	0	1	1	2	0	0	2	3	0	0	0	3	0	0	1	3	0	3	2	0	2	2	3	1	4	1	2	3	7	2	3	2	2	1	2	1	1	1	1	1	2	0	0	0	1	0	2	1	0	0	0	2	0	1	1	1	1	0	0	1	3	1	0	0	0	4	2	2	0	1	1	4	5	9	1	1	2	2	0	1	1	2	4	2	1	1	1	1	1	1	1	0	1	0	0	0	2	1	1	0	0	0	0	0	0	0	0	0	0	0	0	1	1	0	0	0	1	0	0	2	0	1	2	0	1	1	0	0	1	0	1	0	2	0	0	1	1	0	0	0	0	0	0	1	0	0	0	1	1	0	0	0	0	2	1	0	1	1	0	0	1	3	0	2	2	0	1	0	0	1	0	3	1	1	0	1	0	0	1	0	1	1	0	0	2	2	3	0	3	1	1	5	0	1	1	0	2	1	2	0	0	0	1	0	0	2	0	1	1	0	0	0	0	1	0	0	0	0	1	0	2	1
0	0	0	0	0	0	0	0	1	0	0	0	1	3	0	1	1	1	1	0	1	1	0	2	1	2	0	1	1	1	1	2	0	2	3	3	6	2	4	0	1	3	3	4	2	1	2	2	1	0	1	0	0	0	3	1	1	3	2	1	0	1	1	0	0	1	0	0	1	1	0	0	0	0	0	1	2	0	2	1	0	1	1	1	0	1	3	1	1	3	4	5	1	2	4	2	4	12	9	9	10	16	27	30	11	4	8	10	11	8	8	8	4	22	9	2	3	7	3	2	2	1	3	1	1	1	4	1	2	1	2	1	2	1	1	1	1	3	3	5	5	6	3	6	0	0	3	0	0	1	2	1	3	5	3	6	4	10	33	0	28	28	16	15	7	7	13	7	1	6	3	5	7	13	15	10	13	11	11	18	5	0	3	1	1	2	1	1	2	3	0	1	0	0	0	1	1	2	3	6	1	1	1	4	4	3	2	2	1	0	3	4	1	0	2	1	2	3	1	0	0	1	3	2	3	2	3	2	2	2	0	4	1	0	0	2	2	0	2	1	0	0	1	1	0	3	2	1	1	2	1	1	1	1	0	0	0	1	3	2	1	0	2	1	2	0	1	0	0	0	1	0	0	2	0	0	1	0	1	1	0	1	1	2	0	1	0	1	0	0	0	1	2	2	5	4	3	0	2	0	4	3	0	1	1	0	1	2	0	0	0	3	1	0	1	1	0	1	0	1	1	2	0	0	0	0	0	0	1	1	0	0	1	1	0	0	2	2	1	3	2	1	1	0	0	1	2	0	0	1	1	2	2	0	0	0	1	0	0	0	0	0	0	0	0	1	1	0	0	0	0	0	0	1	0	0	0	0	0	0	0	2	0	1	0	1	1	1	0	1	1	0	1	1	0	1	0	0	0	1	1	0	1	0	1	0	0	0	0	0	1	0	0	0	1	0	0	1	0	0	0	0	2	1	0	0	2	1	1	1	0	2	3	1	2	0	0	2	0	2	1	0	0	0	2	2	0	1	1	1	0	0	1	0	5	1	1	2	1	0	1	0	0	1	0	1	0	0	0	0	0	0	0	0	0	0	0	0	0	0	0	1	0	1	1	0	1	0	0
0	0	0	0	0	0	0	0	0	0	0	0	0	1	0	1	0	0	0	1	2	1	2	1	1	0	0	1	1	0	2	0	2	1	1	0	1	6	0	1	6	2	4	2	1	2	0	2	0	0	1	3	0	3	3	0	1	2	0	1	3	2	0	1	1	0	0	0	0	1	1	1	1	0	0	0	1	0	3	0	2	0	2	5	1	2	0	1	3	2	4	3	3	3	3	3	1	11	23	20	13	12	11	8	3	0	5	7	6	3	5	5	0	3	4	1	3	0	2	2	4	3	0	0	1	1	0	1	1	0	0	1	1	1	3	1	0	0	3	4	5	2	8	1	2	0	2	0	1	2	2	3	1	4	6	4	3	5	6	28	0	191	95	12	10	6	13	3	3	5	12	10	18	38	25	21	14	10	5	19	5	4	0	1	0	2	2	0	1	2	0	0	5	0	2	0	0	0	4	4	1	5	3	2	1	2	2	2	1	2	2	0	0	2	2	1	1	1	2	1	1	0	3	0	0	1	0	1	0	1	1	1	3	2	2	3	1	3	0	2	4	0	1	1	4	1	1	1	0	1	2	1	1	0	0	0	1	1	0	0	1	1	1	1	2	2	0	1	3	0	1	1	3	1	0	1	1	2	0	2	3	3	0	0	0	1	1	2	0	1	0	1	1	1	1	0	3	1	3	2	0	1	1	0	1	0	0	0	0	0	0	0	0	1	1	1	1	1	2	0	0	1	1	1	0	0	0	0	1	0	0	0	1	1	1	0	0	1	1	0	2	1	0	0	0	0	0	0	0	0	0	0	0	0	1	0	0	1	1	0	0	1	1	1	0	0	1	1	1	0	0	0	0	0	0	0	0	0	0	0	1	0	0	1	0	1	0	0	0	0	0	0	1	0	0	0	1	1	1	0	3	0	0	0	0	0	1	0	0	0	0	0	2	1	0	1	1	1	1	2	0	0	1	1	1	0	0	0	1	1	0	2	0	0	0	0	1	1	0	0	0	0	0	0	3	0	0	1	0	0	0	0	0	2	1	3	1	1	0	0	1	1	1	1	0	0	0	0	0	1	1	0	0	0	1	1	0	0	1	0	0	0	0	0	0	0	0	0	0
0	0	0	0	0	0	0	0	0	2	1	2	1	1	0	0	2	2	2	0	2	1	1	2	1	1	2	0	0	2	1	1	0	1	0	1	1	3	2	3	1	4	2	1	2	1	4	2	1	2	1	1	1	2	2	1	2	0	2	1	0	0	0	0	2	2	2	0	1	1	0	0	0	0	0	1	0	0	0	0	0	0	4	2	2	1	4	0	3	1	1	5	1	1	4	2	6	8	11	22	14	8	8	14	0	4	6	5	9	5	1	4	4	3	2	1	3	3	3	1	1	0	0	2	1	0	0	0	1	1	1	0	1	0	1	0	0	0	5	2	3	3	1	3	1	1	3	0	1	0	5	1	0	5	2	2	7	7	9	28	191	0	301	16	10	5	6	12	7	9	10	4	12	19	21	43	8	7	17	31	9	2	3	3	1	3	2	4	1	0	0	1	3	0	0	0	4	1	3	6	4	0	4	3	2	3	0	2	1	1	5	3	4	1	2	2	1	0	0	0	0	1	1	0	4	2	2	2	0	2	6	3	1	1	1	6	5	1	1	4	1	0	1	3	2	1	1	4	1	1	0	0	0	1	0	0	0	1	1	3	1	0	0	1	0	0	0	1	2	2	1	2	0	1	1	1	4	1	2	0	0	1	0	0	0	2	0	0	0	0	1	1	0	2	0	1	1	0	1	1	0	0	1	0	0	0	1	0	0	0	0	0	1	2	0	0	0	0	0	0	0	0	0	0	0	0	0	0	0	0	2	0	1	0	1	3	0	1	1	2	1	2	0	0	2	1	0	2	0	0	2	0	0	0	2	0	0	1	0	0	1	0	1	2	0	1	0	0	1	0	0	1	0	1	0	0	0	2	0	1	0	1	0	0	0	0	0	1	0	1	0	0	1	1	1	0	0	0	1	0	0	0	0	0	1	1	0	1	0	1	0	0	1	0	0	0	1	1	2	1	0	2	1	0	0	0	0	0	0	0	0	0	0	1	0	0	0	0	0	1	0	1	0	0	0	0	1	0	0	0	0	0	2	0	0	0	0	0	2	0	2	0	0	1	0	1	0	1	0	1	1	0	1	1	0	0	0	0	1	0	0	1	0	0	0	0	0	0	1
0	0	0	0	0	0	0	1	0	1	1	1	1	1	0	1	1	1	0	1	0	0	1	2	1	1	0	0	0	1	0	0	0	1	2	4	3	4	3	0	2	4	3	1	4	1	1	2	2	0	2	3	2	2	0	2	3	2	2	1	1	0	0	0	0	0	0	1	1	1	0	0	0	1	0	1	1	0	1	2	2	0	1	0	1	1	0	2	2	4	1	4	3	3	3	4	7	14	23	17	8	12	20	9	4	1	5	4	5	6	4	5	1	4	4	4	2	0	2	1	1	0	1	0	1	0	0	0	2	1	0	1	0	0	1	0	0	1	0	1	5	4	5	4	3	3	3	2	4	0	1	1	2	4	5	3	6	2	4	16	95	301	0	30	15	7	12	9	4	12	12	11	7	14	28	69	6	6	19	35	5	4	1	2	3	3	7	0	4	1	1	0	3	0	0	1	2	2	9	2	3	1	5	8	3	2	4	2	1	6	3	0	2	1	0	1	2	0	1	2	1	0	0	2	3	1	3	0	0	0	5	0	2	2	2	1	4	5	0	2	4	0	3	3	2	3	4	0	4	2	2	4	1	0	0	0	0	1	0	0	1	0	2	4	1	0	1	1	1	0	0	0	0	0	1	0	0	0	0	0	3	0	0	0	1	0	0	1	0	3	1	0	0	3	3	1	3	2	4	0	1	0	0	0	0	0	3	2	0	2	0	0	1	0	1	0	0	1	0	0	1	0	0	0	0	0	0	0	0	0	0	0	1	0	0	2	0	0	5	2	0	3	0	0	0	1	0	1	0	2	0	0	1	0	2	1	1	0	0	0	0	0	0	0	0	1	0	1	0	0	0	0	0	0	0	1	0	1	0	0	0	0	0	1	1	0	3	1	0	0	0	0	0	0	0	0	0	0	0	0	0	1	0	1	0	0	1	0	0	1	0	0	1	0	0	0	0	1	1	2	1	0	0	1	1	0	1	2	0	0	1	1	1	1	1	0	0	0	1	0	0	0	0	0	0	0	0	0	1	1	0	1	1	2	1	1	1	0	0	2	0	0	1	1	0	1	1	2	0	1	0	0	0	2	0	1	0	0	0	0	0	0	0	0	0	0	0	0	0
0	0	0	0	0	0	0	0	0	1	0	0	1	0	2	2	1	1	0	0	0	0	1	1	0	0	1	0	1	0	1	2	1	0	0	0	2	1	0	0	1	5	2	1	3	2	1	2	0	0	1	0	0	4	1	2	2	1	2	0	1	0	0	0	3	1	1	1	2	2	2	0	0	0	1	1	0	3	0	2	1	1	0	3	1	1	2	6	3	2	4	4	2	1	2	5	16	8	21	10	8	5	9	2	1	9	3	6	8	5	5	4	0	3	3	2	0	2	2	0	2	1	1	0	0	1	1	0	0	1	0	1	0	1	1	0	0	0	1	1	2	3	1	2	0	0	3	2	4	3	2	1	3	4	1	4	8	7	2	15	12	16	30	0	11	7	6	9	4	7	5	6	5	9	11	19	12	15	24	129	30	14	2	3	1	4	6	6	2	2	0	2	2	0	0	0	3	2	7	2	3	3	3	1	2	1	3	3	2	3	6	4	0	6	0	0	3	0	1	1	0	1	2	1	0	1	1	1	1	1	1	4	3	3	0	3	2	3	3	1	0	3	3	2	1	1	3	3	0	3	3	0	1	2	0	1	0	2	2	1	0	1	1	1	0	1	0	1	2	0	0	0	0	0	4	2	2	0	0	2	1	1	1	1	2	1	0	0	3	0	0	0	1	2	1	0	0	0	2	0	2	1	0	1	1	0	1	1	0	1	0	0	0	0	0	2	0	1	2	0	0	2	1	0	0	0	1	1	0	0	1	0	0	0	0	0	1	1	1	0	1	2	2	2	1	0	0	0	1	1	1	0	2	0	0	0	0	1	1	0	1	0	0	0	1	2	0	0	1	0	2	0	0	1	0	0	1	0	0	0	2	1	0	0	0	1	0	0	1	1	0	2	0	0	0	0	0	1	0	1	0	2	2	2	1	0	0	0	0	0	1	0	2	2	0	0	0	1	0	0	0	0	0	1	0	1	1	1	0	0	1	0	1	1	1	1	1	1	1	0	0	1	0	2	0	0	0	1	3	0	0	1	0	0	0	2	0	0	1	1	0	0	1	0	1	0	0	0	0	0	0	1	0	1	0	1	1	1	0	1	0	0	1	1	0	0	0	0	0
0	0	0	0	0	0	0	1	0	1	0	0	1	1	0	0	0	0	0	0	2	1	1	0	0	1	0	0	0	1	0	0	0	0	0	0	2	1	2	2	1	0	1	3	2	0	1	0	0	0	0	1	0	1	0	0	2	0	1	0	0	0	0	1	0	3	0	1	1	0	1	0	1	0	0	0	0	0	0	0	1	0	1	1	2	1	0	3	0	2	3	4	4	1	4	3	9	6	7	6	1	1	2	3	3	1	2	2	3	3	2	2	1	0	3	1	0	1	1	1	1	0	0	0	1	1	0	1	2	2	1	0	1	0	0	0	0	1	3	1	3	2	3	1	5	5	3	4	1	5	2	7	7	14	6	3	6	2	7	7	10	10	15	11	0	32	11	28	6	23	4	5	5	6	8	21	21	18	25	21	9	8	4	2	4	9	5	3	2	3	3	2	2	1	0	2	2	6	11	5	11	3	13	20	2	4	5	2	1	7	8	7	5	1	0	2	0	0	2	2	3	3	0	1	0	3	2	0	1	4	4	7	5	5	4	5	2	7	4	4	8	0	4	6	9	5	5	2	4	3	4	2	1	2	2	3	1	0	1	1	0	0	0	3	1	3	3	2	2	5	0	0	1	2	0	2	0	0	0	0	1	0	2	0	0	4	3	2	0	0	0	0	0	1	0	1	1	1	0	2	0	0	0	0	0	0	0	2	0	0	1	1	0	0	0	0	0	0	0	0	0	1	0	0	2	1	0	0	0	0	0	1	1	1	0	0	0	0	2	1	4	1	0	1	0	0	1	0	1	3	2	1	1	0	0	0	1	0	0	2	0	0	1	0	1	1	1	0	1	1	0	1	1	1	0	0	0	0	0	1	1	0	1	0	0	0	0	1	0	1	0	2	1	0	0	0	0	0	0	0	0	1	0	0	1	1	0	0	1	2	0	0	0	0	0	1	1	2	2	0	0	0	0	0	0	0	0	0	0	0	0	1	0	0	0	2	1	0	1	0	1	1	0	0	1	1	0	1	0	0	0	2	2	0	1	3	4	1	0	0	0	1	0	0	0	1	0	0	0	1	0	0	0	1	1	0	1	0	1	1	0	0	0	1	1	2	0	0	1
0	0	0	0	0	0	0	0	2	0	0	0	0	2	1	0	0	0	0	0	0	0	1	3	1	0	1	0	0	0	1	0	0	1	0	3	4	1	1	1	1	1	1	0	0	4	1	1	2	0	1	0	0	2	1	0	0	0	1	0	0	1	0	0	0	0	0	1	1	0	2	0	0	0	0	0	0	0	1	0	1	2	0	0	1	1	0	0	1	0	1	4	1	4	7	6	1	0	4	4	5	3	7	7	4	2	1	3	4	3	3	2	2	1	3	5	4	1	4	2	2	2	1	0	2	1	0	1	0	0	0	0	0	1	0	0	0	1	1	1	3	3	7	2	4	3	10	5	1	2	1	6	6	21	3	10	9	6	13	7	6	5	7	7	32	0	41	289	19	28	8	3	3	9	10	27	46	26	21	16	2	3	4	7	1	3	3	0	0	0	2	1	1	0	1	5	1	1	21	20	7	4	22	29	7	6	7	5	1	1	4	3	1	2	2	1	0	1	0	1	2	1	3	2	3	3	1	4	2	2	4	7	4	2	6	5	7	6	4	2	3	2	6	4	8	5	6	1	2	8	4	0	2	2	0	3	3	2	1	1	3	2	1	4	1	4	4	1	0	2	1	0	2	1	0	2	0	2	3	0	1	2	0	1	1	3	0	0	2	2	0	2	1	1	1	2	1	2	1	1	0	0	0	1	0	1	0	2	1	1	1	0	0	1	0	0	0	0	0	0	0	0	0	0	0	0	0	0	0	0	0	0	1	0	0	1	3	0	3	0	2	1	1	4	0	1	0	0	1	0	0	2	2	1	0	0	1	0	0	0	0	1	2	0	1	0	0	0	3	0	1	1	0	0	0	1	1	3	0	0	0	1	1	0	0	0	0	0	1	0	2	0	0	0	0	2	1	3	0	0	1	0	1	0	0	3	0	2	1	0	0	0	1	1	1	2	0	0	2	1	3	0	0	0	0	1	0	0	3	2	2	1	0	0	0	0	1	0	0	0	1	1	0	0	0	2	1	0	0	2	0	0	0	0	2	5	6	1	0	1	2	1	0	0	0	1	3	0	1	1	1	1	1	0	0	0	0	1	1	0	0	1	0	1	3	0	1	0	0
0	0	0	0	0	0	0	0	0	0	1	1	0	1	2	0	1	2	0	3	1	1	2	1	1	0	0	1	1	0	0	0	0	1	1	3	1	1	1	2	0	0	2	1	0	0	0	0	2	0	0	2	0	1	1	1	2	1	1	1	0	0	1	0	0	1	0	0	0	0	1	0	0	0	0	1	1	0	0	0	0	0	1	0	1	0	0	2	0	2	1	1	4	2	1	6	7	4	1	3	2	4	4	2	3	2	2	2	3	7	5	2	2	7	3	6	1	1	1	0	1	1	2	0	1	0	1	2	0	0	0	0	1	2	1	0	1	3	3	2	12	8	7	7	1	7	4	3	1	1	2	3	1	11	8	11	10	8	16	13	13	6	12	6	11	41	0	46	13	19	4	4	7	9	21	20	39	12	10	2	3	3	0	4	2	1	2	1	2	2	0	1	2	2	0	1	4	2	16	17	4	7	8	13	2	4	2	2	3	1	2	3	3	0	0	0	1	0	3	1	3	1	3	2	4	4	1	4	3	1	4	8	2	5	1	2	5	2	1	4	2	1	2	5	5	3	5	5	2	8	4	5	0	0	0	0	2	0	1	2	2	1	0	2	3	0	1	0	1	2	2	2	1	1	1	1	1	1	2	3	3	1	0	1	0	4	2	0	4	2	1	1	1	3	1	2	8	3	3	0	0	0	0	0	1	0	1	2	2	1	0	0	0	0	0	0	0	3	0	0	0	0	0	1	0	2	0	0	1	0	0	0	0	0	3	0	0	1	2	6	3	0	0	1	1	2	0	1	3	1	2	0	2	0	0	0	0	1	0	1	0	0	0	2	0	0	0	0	2	0	1	0	0	0	0	0	1	0	1	0	1	0	0	0	1	0	0	0	0	0	1	0	0	0	1	0	0	0	0	0	0	1	0	0	1	0	0	0	0	0	0	1	0	0	0	0	0	1	0	1	0	1	1	1	1	0	2	1	1	0	0	0	1	1	2	1	0	3	0	2	1	0	1	0	1	1	0	1	0	0	0	0	1	0	2	1	1	1	3	0	0	0	0	0	0	1	1	0	0	1	0	0	0	1	0	0	0	0	0	0	1	0	0	0	0	0	0	0	0
0	0	0	0	0	0	0	0	0	0	0	1	2	0	0	1	0	0	2	0	0	1	0	2	1	1	1	2	0	1	0	2	0	1	0	0	0	0	1	1	0	3	1	2	0	0	0	0	1	0	0	0	1	1	0	2	0	1	3	2	0	1	1	1	0	2	0	2	0	1	1	0	0	0	0	0	0	0	0	0	0	2	1	0	0	2	1	3	0	2	1	4	2	4	3	4	1	3	2	4	5	4	3	2	4	3	1	3	3	1	1	2	2	4	3	1	1	1	1	2	1	2	0	3	1	0	1	0	0	0	0	1	2	0	1	1	1	0	2	3	3	9	2	11	7	6	8	1	1	1	0	3	3	15	4	9	6	8	9	7	3	12	9	9	28	289	46	0	37	40	9	8	5	6	33	28	27	10	6	8	5	1	1	3	3	2	4	2	1	0	3	0	3	1	2	2	1	3	16	8	8	2	10	16	5	7	3	3	1	3	4	1	5	3	0	2	2	1	0	3	2	0	3	2	1	3	4	3	4	4	6	6	6	8	0	6	4	8	3	2	4	4	5	8	12	3	3	1	0	4	8	1	1	0	1	1	5	4	2	4	3	2	5	2	1	1	0	4	2	2	0	0	0	3	1	0	0	0	4	2	1	0	1	2	0	1	1	3	2	3	0	1	0	0	1	1	4	2	2	2	1	0	0	1	1	0	0	1	0	2	0	0	1	0	0	0	1	0	0	0	1	0	1	0	0	1	1	1	0	0	0	0	1	0	2	1	3	1	4	0	2	2	0	3	0	1	2	0	3	1	1	1	1	1	0	0	0	1	0	0	2	2	0	2	0	0	0	0	1	0	1	0	0	0	0	0	0	0	0	0	0	0	0	1	2	1	0	0	0	1	0	1	1	0	1	0	2	1	0	0	1	0	1	0	2	0	2	0	0	0	0	1	0	0	0	0	1	0	2	0	3	2	0	3	1	1	3	2	1	0	2	1	1	0	2	0	2	0	0	2	0	1	1	0	2	0	2	2	2	2	0	1	0	1	0	4	2	0	1	1	0	0	0	0	0	1	0	0	0	0	0	0	0	0	0	0	1	0	0	0	0	0	1	0	1	0	0	0	1
0	0	0	0	0	0	0	1	1	0	0	0	1	0	1	1	0	1	0	0	1	0	0	0	1	0	0	0	1	0	1	0	0	0	0	1	0	0	0	0	0	1	0	2	1	1	1	0	1	1	1	1	0	2	1	1	1	1	2	0	0	0	1	1	0	2	0	0	1	0	0	0	1	0	0	1	0	0	0	0	0	0	3	1	0	0	1	0	1	1	0	3	1	3	3	4	4	3	2	3	3	0	4	1	1	1	1	1	3	2	3	0	2	0	1	1	2	2	1	0	0	1	0	0	0	1	0	0	0	0	0	0	0	1	0	0	0	1	1	4	6	5	3	3	2	7	1	2	1	1	3	2	5	7	5	5	4	2	1	1	3	7	4	4	6	19	13	37	0	72	4	5	5	8	13	7	15	3	6	5	2	2	1	0	0	2	2	0	2	2	2	0	0	0	1	2	1	2	7	13	2	5	7	13	2	2	2	2	0	5	2	2	3	2	2	0	0	2	0	0	0	1	1	1	1	3	1	1	3	4	3	9	7	5	4	3	8	4	1	4	6	3	11	5	16	7	3	3	4	2	2	1	4	1	3	0	1	1	1	2	3	1	1	2	2	1	0	0	0	0	1	0	3	1	1	2	1	2	3	2	3	2	0	1	1	0	1	2	1	1	0	1	0	0	1	0	1	4	1	2	1	0	0	1	0	1	1	1	1	0	0	0	0	1	0	1	0	0	0	0	1	0	0	0	0	0	1	0	1	0	0	0	1	1	0	0	3	1	0	0	3	0	1	0	0	1	1	0	1	0	0	3	1	1	5	1	0	0	1	0	1	0	0	0	0	1	0	0	0	0	2	0	1	0	0	0	0	0	1	0	1	1	0	1	0	1	0	1	0	3	1	1	0	0	0	0	0	1	0	0	3	1	0	2	0	1	0	0	1	2	0	1	0	0	1	0	0	1	0	0	0	2	3	1	1	0	2	0	0	2	0	1	0	1	0	0	0	0	0	2	0	0	2	0	1	0	1	0	0	1	1	0	0	2	1	0	2	3	0	0	0	1	0	0	1	1	1	0	0	0	1	1	1	2	1	0	0	1	0	0	0	2	0	1	0	0	0	1	0
0	0	0	0	0	0	0	1	1	0	0	0	0	0	2	2	4	1	0	1	1	1	2	1	1	1	0	0	0	1	1	0	0	1	0	2	1	2	2	0	2	0	0	0	0	1	2	0	1	0	0	1	1	0	1	0	0	1	0	0	0	0	1	1	0	2	0	1	1	0	0	2	0	0	0	0	1	1	0	0	0	2	0	0	1	0	0	1	2	0	1	3	1	4	5	2	4	2	4	1	2	2	1	3	3	2	1	1	3	3	3	0	4	2	0	0	1	0	0	0	0	1	2	0	0	1	0	2	0	1	0	0	1	0	2	0	1	1	6	1	3	2	3	1	0	3	1	0	1	3	5	6	4	6	3	3	2	2	2	6	5	9	12	7	23	28	19	40	72	0	7	6	2	6	14	14	9	6	4	4	2	3	1	2	0	1	1	2	1	1	0	1	1	2	0	2	0	0	6	10	5	4	15	18	2	1	4	2	2	3	5	0	2	3	1	2	2	0	0	0	0	1	1	1	1	5	1	0	4	6	3	13	19	11	5	7	14	13	5	8	5	10	9	15	8	3	4	1	6	5	3	4	5	1	1	6	3	3	11	2	3	1	2	2	2	2	2	3	2	1	1	3	2	1	0	0	1	3	4	2	0	2	0	0	2	0	2	0	0	2	1	0	2	0	2	0	1	3	1	1	0	0	2	1	0	0	1	1	1	0	1	0	1	2	1	1	0	0	0	0	2	0	0	0	1	1	0	0	1	0	0	1	1	0	0	1	1	1	0	2	1	1	1	0	0	0	0	1	0	1	2	0	0	0	2	2	0	0	1	0	0	1	1	0	0	3	0	1	0	0	1	1	0	0	0	0	0	0	1	0	0	1	1	0	1	0	2	1	1	1	0	0	1	0	0	2	1	0	0	0	1	0	0	0	0	0	0	0	0	0	3	1	0	1	0	1	1	2	0	1	0	0	0	0	2	0	0	0	0	1	0	0	0	1	0	1	2	0	0	0	0	0	0	0	0	0	0	2	2	0	0	0	0	0	2	1	1	2	2	3	0	0	1	1	0	1	0	0	1	0	1	1	0	0	3	0	0	1	0	0	1	0	0	0	0	0	0	0	0
0	0	0	0	0	0	0	0	0	0	0	0	0	0	0	1	0	0	1	2	1	1	0	1	2	0	0	1	1	0	0	1	2	0	1	1	1	0	1	1	1	2	0	0	1	0	2	0	3	3	1	0	1	1	0	2	1	2	0	0	1	1	0	0	0	0	2	0	0	2	1	0	0	0	0	0	1	0	0	1	0	2	0	0	1	1	2	0	0	0	1	2	1	1	2	1	2	3	3	3	7	2	2	2	0	3	1	1	4	2	2	1	1	1	1	0	1	0	2	2	2	2	1	0	1	1	1	1	1	1	0	1	0	0	1	0	0	1	1	1	1	4	3	4	1	0	3	2	0	2	1	1	4	3	1	0	4	4	3	3	12	10	12	5	4	8	4	9	4	7	0	37	22	22	39	10	9	2	4	6	4	2	1	1	1	1	1	2	0	1	2	1	0	0	2	1	3	2	2	2	1	2	2	1	0	1	1	2	1	2	2	1	1	0	0	0	0	2	0	0	1	0	1	1	2	1	1	2	2	1	0	1	1	1	3	2	5	3	4	4	3	0	4	1	4	1	4	0	2	1	1	1	0	0	0	1	3	0	4	1	0	1	1	1	2	1	2	0	2	0	1	0	2	1	1	1	1	1	0	1	3	0	1	1	0	2	1	0	1	3	1	0	0	0	1	0	2	0	0	2	0	1	1	1	0	1	2	1	0	0	0	0	0	1	2	0	1	1	0	0	0	1	0	0	0	1	0	0	0	0	0	0	1	1	1	0	1	1	4	1	0	2	2	1	0	2	0	0	1	0	0	0	0	1	1	0	0	0	0	0	1	0	0	1	0	0	1	0	0	0	0	0	1	0	1	1	0	0	0	0	1	0	0	0	1	0	2	1	0	0	1	0	0	0	1	0	0	0	0	0	0	1	0	0	1	2	1	1	0	0	0	1	1	0	1	1	0	0	0	1	2	1	0	0	0	2	0	0	0	0	0	0	1	0	1	0	0	0	0	1	0	0	0	0	1	0	0	1	1	0	0	0	0	1	0	1	0	1	0	0	2	1	0	0	2	0	0	0	0	1	0	0	0	0	0	0	0	0	0	1	0	1	0	0	0	0	0	0	0
0	0	0	0	0	0	0	1	0	0	0	0	0	1	0	0	1	0	2	1	0	0	0	1	0	0	2	1	1	1	0	1	1	2	2	0	0	3	3	1	2	0	3	2	3	4	0	1	0	1	1	1	2	2	2	0	0	1	0	2	0	1	1	1	0	0	1	0	0	0	0	0	0	0	1	2	1	2	0	1	3	0	0	2	1	2	1	1	1	4	0	0	2	1	2	1	2	3	1	6	4	6	5	2	0	0	2	2	7	2	1	3	1	2	3	1	4	2	0	2	2	1	0	1	0	2	1	0	1	0	0	0	0	0	0	0	1	0	3	2	3	5	2	0	2	2	0	0	1	0	2	1	0	2	1	1	1	4	2	5	10	4	11	6	5	3	4	8	5	6	37	0	66	16	19	5	2	4	9	9	3	4	2	0	0	1	2	1	0	1	0	1	1	1	0	0	1	0	1	1	1	2	2	4	2	0	0	1	0	1	3	2	0	0	1	0	0	1	0	0	1	0	0	1	2	0	1	0	1	2	1	2	1	1	0	2	3	0	1	1	1	1	1	2	5	0	0	0	2	3	0	2	1	1	1	0	1	1	0	0	0	0	0	1	1	2	0	1	1	0	1	0	0	1	0	0	1	1	0	0	0	1	1	0	1	0	0	0	0	1	0	1	1	0	1	0	0	0	0	2	2	1	0	1	0	0	0	1	1	0	0	0	0	0	1	3	1	0	0	0	1	1	0	1	0	0	1	0	0	0	1	0	0	1	0	1	2	2	1	2	2	0	1	3	1	0	0	0	1	0	0	0	0	0	0	0	0	0	1	0	0	0	0	0	1	0	0	0	0	0	0	1	0	0	0	0	0	0	0	0	0	1	0	0	0	0	1	0	0	0	0	1	0	0	0	0	0	0	0	0	1	0	0	0	1	0	1	0	0	2	1	2	0	0	0	1	0	0	2	0	0	2	1	0	1	0	1	0	1	1	1	0	1	1	1	1	0	1	0	1	2	0	0	0	0	0	0	0	0	0	0	0	0	0	0	1	2	0	0	0	0	0	1	0	0	0	0	2	0	0	1	1	0	1	0	1	0	0	1	1	0	0	0	0	1	0	0	0	0
0	0	0	0	0	0	0	2	1	0	0	1	0	0	0	0	0	1	1	1	1	1	1	1	0	0	0	1	0	1	0	2	1	1	1	3	1	0	2	0	5	4	0	4	0	2	1	3	1	3	0	2	1	2	0	2	2	0	0	2	0	0	0	0	1	1	2	1	0	0	0	0	0	2	0	0	1	0	0	0	0	0	0	4	3	1	1	0	1	0	4	2	3	2	5	3	2	4	8	4	8	10	7	8	2	1	1	1	0	2	1	3	1	6	4	1	1	3	3	2	1	0	1	0	3	1	1	1	1	0	0	0	2	0	0	0	1	0	0	1	2	3	2	1	1	2	1	0	0	0	1	1	2	1	1	2	3	1	5	7	18	12	7	5	5	3	7	5	5	2	22	66	0	34	16	4	2	4	5	4	1	1	0	0	1	2	0	1	0	0	1	1	2	0	3	1	0	0	2	6	1	0	2	1	2	2	0	0	1	2	1	0	0	1	1	2	0	2	2	0	0	0	1	0	1	0	1	1	1	1	1	1	1	3	2	3	0	3	2	0	1	2	2	2	2	2	5	3	1	0	1	1	0	0	1	1	0	0	0	4	0	0	0	0	0	0	2	1	0	0	1	0	0	0	2	0	0	1	1	0	1	0	0	0	0	0	0	0	0	0	2	1	0	1	0	0	0	0	1	0	1	1	2	1	0	1	1	0	1	0	0	0	0	0	1	2	1	1	0	0	0	0	0	1	1	1	0	0	1	1	0	0	1	0	0	0	1	0	1	0	1	0	1	3	0	0	0	0	2	0	1	0	0	1	0	1	1	1	0	1	0	0	0	0	2	0	1	0	1	1	0	0	0	0	0	0	0	0	0	0	0	2	0	0	0	0	0	0	0	2	0	0	0	1	0	1	2	0	1	0	0	0	1	0	0	0	1	1	1	0	0	0	1	0	0	0	0	0	0	0	0	0	0	0	0	0	0	0	0	0	3	1	0	1	0	0	0	1	0	0	1	0	1	0	1	1	0	0	0	0	0	0	0	1	1	1	0	0	0	0	1	0	1	0	0	1	0	1	0	1	0	0	0	0	0	0	0	0	0	0	0	0	0	1	0	0	1	0	0
0	0	0	0	0	0	0	2	1	0	0	2	1	0	0	0	0	0	1	0	1	1	2	0	1	0	1	0	0	0	1	4	1	0	0	1	2	4	0	1	1	2	2	0	0	2	4	3	0	3	0	0	0	1	0	0	1	1	0	1	0	1	0	0	2	1	1	2	0	1	1	0	1	0	0	0	1	0	0	0	2	1	3	1	0	0	2	1	3	3	2	0	1	1	0	2	4	4	2	2	6	6	6	5	6	1	4	5	1	3	4	4	2	6	5	3	3	2	1	4	3	1	0	0	0	1	0	1	0	0	1	0	1	0	0	0	0	2	0	4	3	8	6	3	2	0	2	0	1	1	0	1	0	2	1	0	0	6	6	13	38	19	14	9	6	9	9	6	8	6	22	16	34	0	37	11	7	6	2	5	2	1	1	0	3	2	2	2	0	2	0	2	0	0	0	2	0	3	5	3	3	1	4	8	2	1	1	0	3	0	0	1	0	2	0	0	1	1	0	3	1	0	1	0	0	0	0	1	0	0	2	1	1	1	2	2	5	1	2	1	1	2	4	2	2	1	2	3	4	0	1	0	0	0	0	1	0	1	1	1	4	1	0	2	0	1	1	0	0	0	3	0	1	0	2	0	0	1	1	1	0	1	3	1	2	0	1	2	1	3	1	1	0	0	1	2	1	0	0	0	1	0	0	0	1	0	0	1	0	0	0	1	0	0	0	2	0	0	0	0	0	0	1	1	0	0	0	0	0	1	1	0	1	0	0	0	0	1	2	1	2	3	1	1	1	0	0	0	1	0	1	0	0	0	0	0	1	1	0	0	1	0	2	1	0	0	0	1	0	0	1	0	0	0	1	0	0	1	1	0	0	1	0	1	0	0	0	1	1	1	0	1	1	0	0	0	0	0	1	0	1	0	0	1	1	0	0	0	0	0	0	0	0	0	1	1	0	0	1	0	0	0	0	2	2	0	1	1	0	0	1	0	2	0	0	1	0	0	1	0	0	0	1	0	0	0	1	0	0	0	1	1	0	1	3	0	1	0	0	2	0	0	1	1	0	0	2	2	0	0	0	0	1	1	0	0	2	0	0	0	2	0	0	0	0	0	0	0	1
0	0	0	0	0	0	0	0	1	1	1	0	0	0	0	1	0	0	1	0	1	1	0	1	1	0	1	0	0	1	0	0	0	1	0	1	1	3	1	0	1	2	1	1	3	0	0	2	1	2	0	1	1	3	1	0	0	0	1	1	0	1	0	0	1	0	0	1	1	0	0	0	1	0	0	0	0	1	1	1	1	0	3	0	1	2	0	1	0	1	2	1	2	0	4	1	5	5	5	7	7	4	5	3	3	4	2	1	1	1	4	4	2	4	6	5	2	2	2	0	1	1	0	1	1	0	0	1	1	0	0	0	0	1	0	0	1	1	3	1	4	2	1	4	3	2	4	1	2	2	0	3	2	8	9	6	3	4	4	15	25	21	28	11	8	10	21	33	13	14	39	19	16	37	0	50	16	7	8	14	3	4	1	0	2	1	3	1	0	2	3	0	3	0	1	1	1	2	7	0	2	4	3	2	4	3	1	3	0	4	5	1	0	1	0	3	0	1	1	0	2	0	1	2	0	3	2	2	3	0	2	5	4	6	0	3	1	6	3	1	1	2	2	3	6	2	2	4	0	0	3	0	1	1	0	2	2	1	1	4	2	3	0	0	1	0	1	1	0	1	2	0	0	0	2	2	1	1	1	1	1	0	2	0	1	3	1	2	1	2	0	5	1	0	1	1	1	2	5	0	2	1	1	0	0	1	1	0	1	2	3	2	0	0	2	0	0	1	0	0	1	0	0	0	0	0	0	0	0	0	0	2	1	0	0	0	0	1	2	1	2	2	0	1	0	0	1	0	2	0	1	2	1	0	0	0	0	3	2	0	1	0	0	1	0	1	0	1	2	1	1	0	1	1	1	0	0	0	1	1	0	0	0	0	1	0	1	0	0	2	3	0	0	2	0	1	1	0	1	0	1	0	0	0	0	0	1	0	0	0	0	0	1	0	2	1	0	1	0	2	0	2	1	0	1	0	1	0	0	0	0	0	0	1	0	0	0	0	0	2	1	0	1	1	0	0	1	0	1	0	1	1	0	1	2	0	1	1	0	3	0	0	2	0	2	0	0	0	0	0	0	0	0	0	0	0	1	0	0	1	0	0	0	0	0	0	0	3	0
0	0	0	0	0	0	0	0	0	1	0	0	0	0	2	0	1	0	0	4	1	0	0	0	0	0	1	2	2	0	0	0	2	0	0	0	1	3	1	0	5	3	3	3	1	0	1	0	2	3	4	2	1	0	0	1	1	4	0	2	1	1	1	2	0	0	0	0	0	1	1	1	0	1	0	0	0	1	0	1	1	1	0	1	1	0	2	2	4	5	3	4	3	4	1	7	7	7	10	9	3	4	5	6	1	0	1	2	6	5	3	2	3	3	0	1	4	3	1	1	1	0	0	1	0	1	2	1	0	1	0	1	0	1	0	0	0	1	1	4	3	3	4	1	3	3	2	1	1	0	3	0	5	6	7	3	5	6	3	10	21	43	69	19	21	27	20	28	7	14	10	5	4	11	50	0	31	12	26	27	14	5	2	7	1	3	5	7	0	1	2	3	1	0	1	2	3	3	7	3	4	2	5	6	6	3	5	4	3	2	5	5	2	1	0	1	0	2	2	1	0	0	2	2	1	2	0	1	1	3	2	2	2	1	5	1	2	5	2	4	1	0	3	2	1	4	4	1	1	0	0	0	0	1	1	0	0	1	0	4	3	2	1	1	0	1	1	2	1	1	0	4	2	4	0	1	3	0	3	2	1	0	0	0	2	1	0	1	1	2	0	0	2	0	3	0	1	2	1	0	1	1	1	1	2	0	0	3	1	0	0	1	0	0	0	1	1	0	0	0	1	1	2	0	1	0	0	0	0	0	0	0	0	0	0	1	2	0	2	1	2	1	2	0	0	3	1	1	3	1	1	1	2	0	1	1	0	2	0	2	1	1	0	2	0	0	0	0	1	0	1	1	1	0	1	0	0	0	1	0	0	1	1	0	1	0	0	0	0	1	0	1	0	1	0	0	1	0	0	0	2	0	1	1	1	0	0	1	0	0	0	0	0	1	1	0	0	1	1	1	2	0	0	1	0	0	1	2	1	2	0	0	0	0	0	0	0	1	0	1	1	0	1	0	0	0	1	1	1	1	2	1	2	1	1	3	0	1	2	0	0	0	0	0	0	1	0	0	0	0	1	0	1	0	1	0	0	0	0	0	1	1	0	0	0	0	0	0	0
0	0	0	0	0	0	0	1	1	1	0	1	0	0	1	1	1	0	0	1	3	0	1	1	0	0	0	0	0	0	0	1	0	0	4	1	1	3	1	1	1	1	2	1	2	0	3	2	2	0	1	0	1	2	2	2	0	0	1	2	1	0	0	1	0	0	1	0	0	0	1	1	1	0	1	0	0	1	0	0	1	2	0	2	0	1	1	0	4	2	7	5	5	3	8	9	13	11	6	1	2	6	7	7	3	4	3	8	11	5	7	3	3	4	5	5	3	1	0	1	1	3	1	2	2	0	3	1	2	1	1	0	1	1	0	0	2	1	0	2	4	6	10	3	2	4	9	4	3	3	3	4	8	26	17	14	11	15	13	13	14	8	6	12	21	46	39	27	15	9	9	2	2	7	16	31	0	56	49	14	3	6	3	1	4	7	4	2	1	6	2	3	2	0	1	4	10	5	7	7	6	6	4	14	6	11	8	2	6	6	7	2	1	2	2	6	2	2	2	1	2	0	3	5	3	2	4	2	2	2	6	2	4	4	0	6	2	2	4	0	6	0	5	7	5	3	7	3	1	1	5	2	2	0	0	2	2	2	2	0	1	0	1	0	2	3	0	2	1	0	2	0	1	1	0	1	2	1	3	2	0	0	0	2	0	0	4	2	0	1	2	0	2	1	2	1	2	2	2	1	0	2	1	1	0	0	2	1	2	1	1	1	0	0	1	0	1	0	1	0	0	2	0	0	1	0	1	2	0	1	0	0	0	0	0	2	4	2	0	1	2	3	1	0	0	0	1	0	1	1	1	2	0	0	1	1	1	0	0	0	1	1	2	0	1	1	1	0	0	0	0	2	0	0	0	1	1	0	1	1	1	2	0	1	1	2	0	0	0	2	1	1	0	1	0	1	1	0	1	1	2	1	1	1	0	1	2	1	0	1	1	0	1	2	2	1	2	1	0	0	0	1	1	1	0	1	2	2	0	1	2	0	0	1	0	0	1	4	0	0	0	1	0	0	0	2	0	0	2	1	1	1	0	1	0	1	1	2	1	0	0	0	0	1	0	0	0	0	1	1	0	0	0	0	0	2	0	1	1	1	0	0	1	0	0	2	0	1	1
0	0	0	0	0	0	0	0	2	2	1	1	0	0	1	0	2	1	1	0	2	1	2	0	3	0	0	2	0	1	0	1	2	1	1	2	1	4	3	2	1	1	2	2	0	0	2	1	2	2	0	1	0	1	3	1	0	2	0	2	0	0	2	1	0	0	0	0	1	2	0	0	0	0	0	0	0	0	0	2	0	1	0	3	0	0	5	1	2	5	3	6	2	8	15	18	17	7	3	3	3	3	4	2	4	5	2	6	15	11	3	3	5	5	4	11	2	3	3	1	1	3	2	1	0	1	2	0	0	2	0	1	3	0	1	0	0	0	0	5	4	1	7	4	4	8	4	4	4	3	3	3	9	18	22	14	14	9	12	11	10	7	6	15	18	26	12	10	3	6	2	4	4	6	7	12	56	0	343	26	7	8	5	5	4	10	6	8	1	4	5	0	1	1	2	3	5	8	8	12	2	2	7	3	15	10	3	7	6	4	9	6	6	1	3	2	2	0	0	0	0	0	1	3	1	2	3	2	2	3	4	0	5	1	5	2	4	1	5	1	2	2	8	1	6	4	1	0	1	2	1	1	0	2	1	3	0	0	0	1	1	0	2	0	0	3	0	0	4	0	5	1	3	1	2	0	3	3	3	1	1	1	0	0	0	1	4	2	5	0	0	1	0	1	1	0	2	0	1	2	0	0	0	1	1	0	0	1	0	0	0	0	0	1	3	0	0	1	1	0	0	0	0	2	0	1	1	1	0	1	0	0	1	0	3	2	1	2	1	4	3	3	2	0	0	1	1	0	0	1	1	1	1	1	0	0	1	1	2	1	2	0	0	0	0	1	0	0	0	0	1	0	0	2	0	1	0	1	0	2	1	0	2	1	3	0	0	0	0	0	1	1	0	1	0	1	0	1	0	1	1	0	0	1	0	2	2	0	1	0	0	1	0	0	0	0	1	0	1	0	0	1	0	0	1	1	2	0	0	1	0	1	0	0	1	0	0	0	3	1	2	1	0	0	1	0	2	0	1	1	0	0	0	1	1	4	4	1	0	0	2	1	1	1	1	1	0	0	0	0	0	1	0	0	1	0	0	0	0	0	0	0	0	0	1	1	0	0	1
0	0	0	0	0	0	0	0	0	1	1	0	0	0	1	0	0	4	0	0	5	1	2	0	0	0	0	1	0	1	1	2	2	1	1	0	0	2	3	1	1	1	4	0	3	1	1	0	1	0	2	1	1	3	0	4	1	0	0	0	2	3	2	2	1	0	2	1	0	1	0	0	0	0	0	0	0	0	0	0	1	1	1	1	0	1	2	3	0	2	5	11	11	3	10	13	25	8	10	8	6	2	7	4	7	7	6	5	14	7	8	2	4	6	3	3	2	0	2	0	1	0	0	1	1	0	0	1	2	0	0	1	2	0	0	2	0	1	3	1	1	7	9	4	1	2	1	3	2	2	1	4	6	12	12	15	13	13	15	11	5	17	19	24	25	21	10	6	6	4	4	9	5	2	8	26	49	343	0	50	12	8	0	2	4	7	9	7	2	3	4	0	3	3	2	0	3	3	5	3	6	8	8	8	7	5	7	8	6	5	8	4	3	4	4	5	1	1	1	0	0	1	5	2	3	3	1	2	0	5	5	2	1	3	2	5	1	4	1	1	0	2	4	0	1	3	3	4	2	2	4	1	2	1	0	0	2	5	4	1	2	0	0	0	2	1	2	0	2	2	2	0	1	1	1	0	2	0	1	0	3	3	1	0	1	0	0	2	2	0	1	1	0	0	1	3	3	3	2	2	0	1	1	1	3	0	2	1	0	0	1	2	0	2	1	0	0	1	2	1	0	0	0	0	0	0	0	0	0	0	0	2	3	0	0	1	1	1	2	1	1	0	1	1	0	1	1	0	0	2	0	0	0	0	0	0	0	1	0	0	0	0	0	1	1	1	3	0	0	1	0	0	1	0	0	0	0	2	0	0	1	1	0	1	0	0	0	1	3	0	1	1	2	0	1	1	0	0	0	1	0	1	0	0	0	0	0	1	1	1	0	1	0	0	1	0	0	0	0	1	0	0	0	0	0	1	0	2	2	0	1	1	0	1	0	0	1	0	1	2	1	0	0	0	0	0	0	1	0	0	0	1	0	0	1	2	1	1	0	1	1	1	0	0	2	0	0	0	1	0	0	1	0	1	0	0	0	0	1	0	0	0	0	0	2	0	0	0	0
0	0	0	0	0	0	0	1	0	1	1	1	0	1	0	0	1	0	1	0	1	0	1	1	1	0	3	0	1	1	3	1	0	0	1	0	1	1	4	1	0	2	1	3	3	4	2	1	1	0	2	1	1	3	1	2	3	0	4	1	0	0	0	1	2	0	0	1	1	3	0	0	0	0	0	1	0	1	0	1	1	3	0	3	2	2	3	1	1	4	11	5	5	3	11	5	25	17	38	14	6	8	14	8	4	2	8	4	3	4	4	3	1	0	3	1	1	1	1	1	0	3	3	1	0	0	1	0	0	0	3	0	1	2	0	1	1	0	2	1	3	4	7	3	1	1	5	5	0	1	2	2	7	7	2	3	3	9	8	18	19	31	35	129	21	16	2	8	5	4	6	9	4	5	14	27	14	26	50	0	25	10	2	3	4	3	9	4	3	3	3	3	1	2	1	1	1	1	5	5	2	3	5	8	6	7	4	2	2	3	4	5	4	3	4	0	1	1	1	0	0	0	1	2	1	2	1	0	0	0	3	2	2	1	0	7	2	3	0	1	2	1	0	2	0	2	2	2	4	1	1	1	0	0	1	1	1	1	0	0	2	0	2	2	2	1	2	1	3	0	0	0	0	0	1	1	0	3	2	1	0	0	0	0	1	1	0	3	3	1	2	1	0	1	1	0	1	0	4	1	0	0	2	1	0	1	1	4	1	1	0	0	0	1	0	0	0	0	0	0	0	0	0	0	1	0	0	0	0	1	1	1	0	0	3	1	1	2	2	3	2	3	2	1	2	0	0	0	1	1	0	0	3	0	1	0	0	1	1	4	0	0	0	1	0	1	1	0	0	0	0	1	0	0	0	0	0	0	0	1	1	0	0	1	0	1	1	0	0	0	1	2	0	0	0	0	0	0	0	0	0	2	0	0	1	1	1	2	0	1	1	0	0	1	1	2	2	0	0	2	1	0	2	1	2	0	0	1	0	0	0	0	0	2	2	0	0	1	1	0	1	1	0	1	3	0	0	0	0	1	1	2	2	1	2	0	1	0	0	0	0	0	1	0	1	0	1	0	0	0	0	0	0	2	0	1	0	2	0	1	1	0	0	1	1	0	0	0	0
0	0	0	0	0	0	0	2	0	0	0	0	1	0	0	0	0	1	0	3	3	2	0	0	0	0	0	0	0	2	0	2	2	0	1	2	2	0	0	0	0	1	4	0	4	1	4	3	2	0	0	0	3	6	4	0	4	0	1	2	0	1	1	1	0	1	0	0	0	1	0	1	0	0	0	1	0	1	1	0	0	1	2	2	1	1	1	1	1	1	7	6	4	2	4	8	14	10	21	6	4	5	6	3	2	5	7	3	4	5	7	3	1	2	1	2	1	0	1	1	1	1	1	0	0	0	1	0	0	0	1	0	1	0	1	0	1	0	3	3	0	3	0	0	1	1	1	1	3	1	2	3	2	6	4	4	2	3	3	5	5	9	5	30	9	2	3	5	2	2	4	3	1	2	3	14	3	7	12	25	0	45	8	6	5	16	20	7	2	4	1	2	0	0	2	1	1	3	1	3	2	3	0	5	0	6	6	2	4	4	5	3	4	2	4	4	2	1	0	0	1	1	0	1	0	1	0	1	1	3	1	2	5	3	2	1	4	1	2	7	1	2	3	2	1	0	3	1	1	0	1	0	0	1	1	2	0	1	2	1	0	1	1	0	0	3	0	1	2	2	1	0	0	1	1	1	0	1	0	2	1	0	3	0	0	2	3	0	1	2	0	0	1	0	0	0	2	1	0	1	0	1	1	0	1	0	1	0	0	0	1	0	0	1	0	1	0	1	1	0	1	0	1	1	0	0	0	0	0	2	1	0	1	0	1	1	0	0	0	1	1	0	1	0	1	0	1	1	0	0	1	0	0	0	0	0	0	0	1	0	1	0	0	0	0	0	1	0	1	1	0	0	1	0	0	0	0	1	1	0	2	1	0	0	0	0	1	1	0	0	3	0	0	2	0	0	0	2	0	1	0	0	2	2	1	1	0	1	0	0	0	0	1	2	0	1	1	1	0	2	0	0	0	1	1	2	0	0	1	1	0	2	3	0	0	2	0	0	1	0	2	1	1	0	1	0	0	0	0	0	0	1	0	1	2	1	1	0	1	1	0	0	0	1	0	0	0	0	1	1	0	0	0	1	0	0	0	1	0	1	0	0	0	0	0	0	0	0	0
0	0	0	0	0	0	0	0	0	0	1	0	1	0	1	0	0	0	1	1	2	0	0	0	0	0	1	2	0	1	1	0	4	2	1	0	1	1	3	1	1	4	4	3	4	0	3	1	2	1	0	0	6	2	0	0	1	1	1	3	0	1	0	0	4	0	0	2	0	0	1	0	0	1	2	0	1	0	2	1	2	1	2	1	0	1	1	1	0	5	6	6	4	1	4	7	7	4	13	3	2	0	5	3	1	2	4	3	0	5	1	1	1	1	1	2	0	1	2	1	0	0	0	2	1	1	0	0	2	1	0	0	0	1	0	1	0	0	0	3	2	6	0	3	1	5	1	3	1	0	1	4	5	3	3	2	4	1	3	0	4	2	4	14	8	3	3	1	2	3	2	4	1	1	4	5	6	8	8	10	45	0	15	13	12	28	17	7	2	1	4	3	1	1	1	1	0	2	1	2	0	2	2	3	4	0	4	3	3	4	8	9	5	6	2	0	1	1	1	2	0	0	0	0	2	1	1	1	0	1	1	2	0	1	1	2	2	1	1	1	2	0	0	0	1	0	0	0	0	2	1	1	1	1	1	0	2	2	2	0	1	0	0	0	2	0	0	2	2	1	1	1	1	2	2	0	0	0	2	1	0	1	1	0	0	0	0	0	0	0	0	0	1	1	1	0	2	1	1	1	1	2	1	0	1	0	0	0	0	0	1	1	1	0	2	0	0	0	2	0	0	0	0	0	0	1	0	2	1	2	0	1	2	0	0	2	0	0	0	2	2	1	0	1	0	0	2	0	3	0	0	1	0	0	0	0	0	1	0	0	0	0	0	0	0	0	0	1	3	0	0	0	1	2	1	0	0	1	0	1	0	0	0	0	0	0	0	0	1	0	1	2	0	1	0	2	0	0	0	0	0	0	1	2	2	0	0	1	0	0	0	0	0	0	0	3	0	1	0	1	0	0	2	0	0	2	1	0	1	1	2	0	1	0	1	0	0	0	0	0	0	0	1	0	0	0	0	2	0	0	2	1	0	3	1	3	0	2	0	1	0	0	1	1	1	0	0	1	0	0	0	0	0	0	0	1	0	1	0	0	0	1	0	0	0	0	0	0	0
0	0	0	0	0	0	0	1	0	0	0	0	1	1	1	1	1	0	0	1	0	1	0	0	0	0	0	0	1	0	0	0	1	1	1	2	0	1	2	0	0	1	0	3	0	1	1	1	1	1	0	0	2	0	0	1	2	1	1	3	0	0	3	1	2	0	2	1	0	1	1	0	1	0	0	1	2	0	0	0	3	0	1	2	0	3	1	5	2	3	3	4	5	2	7	8	4	2	1	1	4	0	2	1	1	0	2	3	1	4	4	2	1	1	2	2	0	0	0	1	2	0	0	0	0	0	1	0	0	0	1	0	1	1	1	1	1	1	2	3	1	0	2	0	1	0	0	3	3	1	1	2	4	3	4	2	3	1	2	3	0	3	1	2	4	4	0	1	1	1	1	2	0	1	1	2	3	5	0	2	8	15	0	20	18	68	34	33	3	11	3	5	5	1	1	3	1	3	2	2	1	0	3	4	2	6	4	2	4	5	5	16	24	33	12	10	4	3	0	1	1	0	0	3	2	1	1	0	2	0	1	1	2	3	1	3	2	1	1	2	1	0	1	0	3	0	1	4	2	0	0	1	1	0	0	0	0	1	0	0	0	0	1	2	2	3	0	2	2	0	1	1	1	1	0	1	2	2	1	1	2	0	0	1	0	1	1	1	0	0	0	1	1	0	2	1	1	1	1	0	0	1	0	1	0	1	0	1	1	1	0	0	1	0	0	1	0	1	1	0	1	0	0	0	0	0	0	0	0	1	1	1	1	1	2	1	3	3	1	0	0	1	1	0	1	0	0	0	2	0	0	0	1	1	0	3	0	0	0	0	1	0	0	2	0	2	0	0	0	1	0	0	1	2	0	0	0	0	0	0	2	0	0	0	4	0	3	1	2	1	1	3	0	0	1	0	0	0	1	0	0	0	0	0	1	0	0	1	0	1	1	0	0	1	0	0	0	0	0	0	1	2	0	0	1	2	0	0	0	2	0	1	2	1	1	1	0	0	0	1	1	0	0	0	1	2	3	1	1	0	4	2	2	2	3	2	1	0	1	0	0	0	1	0	1	0	1	1	2	1	0	1	0	0	0	1	1	0	0	0	0	0	0	1	1	0	0	1	0
0	0	0	0	0	0	0	1	1	0	0	0	1	0	0	0	1	0	0	0	0	0	0	3	0	0	0	0	1	0	0	2	1	0	0	1	1	0	1	3	1	1	2	0	0	0	1	0	0	0	0	1	1	1	1	0	0	0	0	0	1	1	1	0	0	1	0	1	0	0	0	0	2	0	1	0	0	0	0	0	0	0	0	1	1	4	0	3	1	3	1	1	1	6	7	9	4	1	2	2	3	2	3	1	1	2	1	3	2	1	0	2	1	1	1	0	0	0	0	0	0	2	2	0	0	0	0	1	0	2	0	1	0	0	1	1	0	1	1	0	1	0	0	1	1	3	3	1	9	6	4	5	7	4	4	7	3	2	1	1	1	3	2	3	2	7	4	3	0	2	1	0	0	0	0	7	1	5	2	3	6	13	20	0	112	47	22	12	8	3	10	4	2	0	4	2	3	3	3	3	2	0	6	4	2	6	2	8	4	6	21	44	27	26	16	10	6	0	3	2	4	1	2	2	1	1	1	2	0	0	2	3	6	4	2	8	4	0	2	3	1	2	0	0	3	3	1	1	1	0	2	1	0	2	1	0	0	0	4	2	1	0	0	2	2	4	0	1	4	1	1	1	2	1	0	2	0	2	1	2	1	0	2	0	1	1	3	4	2	2	1	1	0	0	0	2	0	1	1	0	1	0	0	0	1	1	1	2	1	0	0	0	0	0	0	0	0	0	1	0	0	1	0	1	0	0	0	0	2	4	2	0	2	0	1	1	1	1	1	3	0	2	1	0	0	0	1	0	0	0	0	1	0	0	0	2	0	0	0	0	1	0	1	0	1	2	1	1	0	1	1	1	1	1	1	0	1	1	1	2	1	3	2	1	1	2	2	2	0	0	1	2	1	3	1	0	0	0	0	3	1	0	2	0	2	0	1	3	0	1	1	3	2	0	4	0	2	3	4	2	0	0	1	0	1	1	0	1	0	1	3	1	0	1	0	0	0	1	2	0	1	0	2	1	1	1	0	1	2	0	0	0	1	2	2	2	2	0	0	0	0	0	0	1	2	1	0	1	0	2	0	0	0	0	0	0	0	0	0	0	0	0	0	0	1	0	0	1	0
0	0	0	0	0	0	0	0	1	0	0	0	0	1	1	0	0	0	0	2	1	0	0	0	1	0	0	0	0	0	0	1	1	0	0	0	2	1	0	0	0	0	0	2	2	0	1	0	1	2	1	2	0	1	1	0	1	0	0	2	0	0	0	0	0	1	0	0	0	4	1	1	0	1	0	0	0	0	1	1	0	1	0	1	0	1	1	1	1	4	1	1	3	4	5	4	7	2	3	5	1	1	4	3	4	0	1	2	2	2	0	2	0	1	0	2	0	0	3	2	0	1	1	0	0	0	0	0	0	2	0	0	0	0	0	0	0	0	0	1	0	0	0	2	1	3	0	0	4	4	3	7	6	5	1	4	1	1	0	1	0	1	3	1	4	1	2	3	0	0	1	0	1	3	2	1	4	4	4	4	5	12	18	112	0	66	14	15	2	5	4	0	1	4	1	2	3	2	3	2	4	0	2	2	0	1	2	2	1	4	8	19	16	17	8	9	3	3	1	1	2	1	1	1	0	0	2	3	2	0	0	0	3	4	3	2	0	4	2	0	2	4	3	2	3	0	1	2	1	2	1	0	1	2	0	1	0	0	0	2	2	2	0	1	1	1	1	2	2	0	2	1	2	2	1	1	0	0	1	2	1	0	0	0	1	0	0	0	1	0	2	2	0	0	0	0	1	1	2	0	1	0	0	0	1	0	0	0	1	1	0	0	0	0	1	0	2	0	0	1	0	0	1	0	0	0	2	1	0	0	0	0	0	0	0	0	0	2	3	0	1	0	1	0	1	0	0	2	3	0	0	1	2	0	0	1	1	0	0	0	0	0	0	1	0	2	0	1	2	1	2	0	1	0	0	0	0	0	0	1	1	2	1	2	0	2	4	1	0	1	0	0	0	0	1	1	0	1	0	0	2	2	0	0	2	0	0	3	1	0	0	0	0	1	0	2	1	0	0	0	0	1	0	1	1	0	1	1	0	0	1	0	0	0	0	0	0	1	1	1	0	2	2	1	1	1	0	1	0	1	0	1	0	0	3	1	2	4	1	1	0	0	2	0	1	1	0	0	0	0	1	0	1	0	0	2	0	0	0	0	2	0	0	1	0	0	0	0	1
0	0	0	0	0	0	0	1	0	0	0	0	1	1	0	3	0	0	0	1	1	0	1	0	0	0	0	0	0	0	0	0	1	0	0	1	1	1	0	0	0	2	0	1	0	1	5	0	0	0	0	1	0	1	1	2	0	0	2	1	1	2	2	0	0	0	0	1	1	1	0	1	0	0	1	0	1	2	2	1	1	0	1	3	1	0	1	0	1	3	1	2	0	5	1	8	8	6	4	1	1	2	0	1	1	1	1	6	4	2	2	1	3	4	0	0	1	0	1	0	0	1	0	0	0	0	1	2	0	0	0	0	0	0	0	1	0	1	2	2	1	2	0	0	1	1	2	2	1	0	4	8	4	1	3	4	5	1	2	2	2	3	3	4	9	3	1	2	2	1	1	1	2	2	1	3	7	10	7	3	16	28	68	47	66	0	64	7	8	6	1	1	1	3	4	3	2	1	1	2	2	5	2	1	5	4	6	2	4	5	12	12	11	13	11	4	3	1	1	2	0	2	0	0	2	0	0	2	2	1	2	1	4	1	2	7	1	2	3	0	0	1	1	3	1	1	3	1	0	2	0	5	1	1	0	2	0	0	1	2	1	0	3	2	1	0	1	2	1	1	4	1	1	1	0	2	0	0	1	0	0	0	2	0	1	0	1	2	1	1	0	1	1	1	1	1	1	0	1	0	1	1	1	1	0	1	1	1	0	0	0	1	0	2	0	1	0	1	1	0	0	1	0	1	0	0	1	0	0	0	2	0	2	0	1	3	1	1	2	3	0	0	0	0	0	0	0	0	0	0	1	1	2	0	0	2	0	0	0	0	0	0	3	1	0	1	3	0	0	0	4	0	0	1	0	1	0	1	0	0	2	0	0	1	0	0	0	1	0	1	1	1	3	2	0	0	0	0	0	0	1	1	1	0	2	1	0	1	0	1	0	1	0	2	0	3	1	2	2	2	1	1	0	0	1	3	0	2	1	0	0	1	0	1	0	0	1	1	0	1	1	0	1	1	0	0	1	0	3	3	1	1	1	0	0	2	3	0	1	1	0	0	1	0	0	0	0	1	0	0	1	0	0	0	0	1	0	0	2	1	0	0	0	0	1	0	2	0	0
0	0	0	0	0	0	0	2	2	1	0	0	0	0	1	2	1	1	1	0	4	1	0	0	2	0	0	0	1	1	1	0	0	0	1	1	2	1	2	0	2	0	2	1	1	2	1	2	0	0	0	1	1	2	2	0	2	0	1	0	1	1	3	2	1	0	1	0	0	1	2	1	0	0	0	1	0	0	1	0	1	0	0	0	2	5	0	1	3	3	6	6	3	6	7	16	14	10	2	4	2	2	2	4	3	2	3	8	5	6	3	1	1	1	1	2	0	2	0	0	0	2	1	0	1	1	1	1	0	0	1	2	0	1	1	1	0	0	3	0	0	0	4	2	2	1	3	1	0	5	2	4	2	6	5	8	4	3	1	1	2	2	7	6	5	3	2	4	2	1	1	2	0	2	3	5	4	6	9	9	20	17	34	22	14	64	0	49	4	12	6	7	4	4	3	3	2	2	1	0	3	1	4	3	4	5	2	10	4	6	16	8	21	17	11	2	4	2	3	1	2	0	0	1	1	1	0	1	1	3	1	4	2	2	4	2	4	3	0	3	1	0	3	1	1	3	0	1	0	2	0	0	1	1	0	1	0	1	0	2	1	0	0	0	0	2	1	1	3	2	2	1	1	1	0	0	0	0	2	0	0	1	0	0	1	1	0	0	1	2	0	2	1	0	0	1	2	0	2	1	0	1	1	0	1	1	0	0	0	0	0	0	0	0	0	1	0	0	1	0	0	0	0	1	0	0	0	0	0	3	1	1	0	1	1	0	3	1	0	1	2	3	0	1	2	0	2	0	0	1	1	4	3	0	2	0	0	0	0	1	0	0	0	1	3	2	0	0	0	1	1	1	1	0	0	0	0	0	1	0	2	5	2	0	1	0	0	0	2	0	0	1	0	0	2	0	0	0	0	0	1	0	3	1	0	0	0	1	1	1	0	1	0	0	2	1	3	1	0	0	1	1	0	0	2	3	0	0	1	2	0	1	0	0	0	1	0	0	1	1	0	1	1	0	1	0	0	0	1	0	2	2	1	1	2	1	0	1	0	0	1	2	0	0	1	1	0	0	0	0	0	1	0	0	0	0	0	0	0	1	1	0	2	0	0	3	0	0	1
0	0	0	0	0	0	0	1	1	0	1	2	3	0	0	1	0	1	0	1	1	2	1	1	1	0	0	0	0	1	0	1	2	0	0	1	0	0	2	0	2	2	3	2	2	0	0	2	0	2	1	2	0	1	1	0	2	0	0	1	1	0	1	1	1	0	1	1	0	0	1	0	1	3	3	0	0	2	1	1	1	1	1	3	0	0	1	3	3	4	5	3	10	8	16	24	12	6	4	3	2	1	5	2	1	1	3	5	8	5	1	0	4	1	3	0	3	2	2	1	1	0	1	0	0	0	1	1	1	0	1	0	0	0	0	1	0	1	2	2	3	2	2	2	1	4	6	3	7	1	5	6	5	3	4	2	6	4	3	1	0	4	0	6	3	0	1	2	0	2	2	1	1	2	1	7	2	8	7	4	7	7	33	12	15	7	49	0	30	37	8	6	7	7	3	2	4	6	3	4	3	2	2	4	6	6	5	12	9	11	13	14	29	11	13	7	2	4	2	0	2	2	6	1	1	4	2	2	0	1	2	0	4	0	2	2	1	5	1	1	1	0	1	0	0	2	3	0	1	4	3	1	1	2	0	0	0	2	2	0	3	1	0	4	3	0	2	1	2	4	0	1	1	0	4	0	1	0	3	0	1	0	0	0	2	2	1	2	4	1	1	0	1	0	0	2	2	2	0	2	0	0	0	1	1	0	2	2	0	1	0	0	0	1	3	0	1	1	1	0	1	0	0	0	0	0	1	0	0	1	1	0	1	2	3	3	1	0	3	2	1	4	2	0	1	1	0	2	2	1	3	1	0	0	0	2	0	2	0	0	0	0	1	0	1	1	1	0	0	0	0	1	0	2	0	0	1	0	0	1	1	1	1	1	2	1	2	1	0	0	2	0	1	1	0	2	0	0	1	0	1	0	0	2	2	0	0	0	0	0	0	0	0	0	0	1	1	2	2	0	0	1	0	1	0	0	0	1	0	2	2	0	1	0	0	0	1	2	1	0	1	0	0	1	1	4	1	1	2	2	0	0	1	1	1	0	2	3	0	2	1	1	1	2	2	1	0	0	0	1	0	1	0	0	0	2	1	0	0	0	1	2	2	0	0	1	0	0	0
0	0	0	0	0	0	0	1	2	0	0	1	0	0	0	1	1	1	1	4	2	0	0	0	1	1	1	0	0	1	2	1	0	0	0	0	0	1	0	1	0	5	0	2	0	0	1	0	0	0	0	0	2	1	1	1	3	0	0	0	0	0	0	0	0	1	1	1	1	0	2	0	0	0	1	0	1	0	0	1	1	0	1	1	0	0	2	3	2	2	4	4	3	4	5	10	1	2	3	1	0	1	2	2	2	0	1	5	4	4	0	2	3	1	0	0	0	3	2	0	2	1	0	0	1	1	0	2	1	0	2	0	1	3	0	3	2	0	0	0	0	2	1	1	3	2	2	6	3	2	2	5	1	3	0	7	1	3	2	2	1	1	4	2	2	0	2	1	2	1	0	0	0	0	0	0	1	1	2	3	2	2	3	8	2	8	4	30	0	72	4	13	10	10	9	5	9	3	5	2	3	3	2	1	1	2	5	8	13	8	3	4	11	19	16	12	5	2	3	4	1	1	3	0	1	0	2	0	0	1	1	0	3	4	2	1	2	4	1	0	1	0	2	2	1	0	0	1	2	2	3	1	0	1	0	1	2	1	0	0	0	0	0	1	0	2	0	1	0	1	1	0	1	1	0	1	0	1	2	0	0	2	1	0	0	0	2	0	0	0	1	0	1	1	2	1	1	0	0	1	0	1	0	1	0	0	1	0	0	1	0	0	0	0	0	1	0	0	0	0	0	0	1	0	2	0	0	0	2	0	2	2	0	1	3	2	2	2	3	6	3	1	2	1	0	0	1	4	2	1	0	3	0	0	1	0	0	1	1	0	1	1	2	1	0	1	0	1	1	1	0	0	1	0	0	0	1	2	1	2	1	1	1	1	1	1	1	1	1	1	1	2	2	1	2	0	0	2	1	0	0	1	3	0	0	1	1	0	0	1	0	1	0	1	0	1	0	1	0	2	0	1	0	0	3	0	2	1	2	0	1	0	0	2	1	1	2	1	1	1	0	0	1	3	2	1	1	1	2	4	3	3	2	6	1	3	4	3	0	0	0	0	1	2	1	1	0	3	1	1	0	0	0	2	0	0	1	0	3	1	1	0	0	0	2	0	0	0	2
0	0	0	0	0	0	0	0	0	1	1	1	0	0	1	0	2	1	1	1	0	0	1	0	2	0	0	1	0	0	1	1	1	0	0	0	1	1	0	1	2	2	2	0	1	0	0	0	0	3	1	0	0	0	0	1	1	2	2	0	2	0	0	1	0	0	0	0	0	0	0	1	0	0	0	0	0	0	0	0	1	0	1	0	4	1	2	2	4	3	3	7	8	6	11	19	5	3	3	1	1	1	2	1	0	1	2	2	5	4	3	7	1	2	1	3	2	1	2	0	0	1	1	0	0	0	1	1	0	0	1	2	0	1	1	0	1	1	2	4	2	0	3	2	1	2	4	5	3	4	2	10	6	3	1	2	3	4	3	3	2	0	1	2	3	0	2	0	2	1	1	1	0	2	2	1	6	4	3	3	4	1	11	3	5	6	12	37	72	0	18	19	19	7	5	8	8	4	1	2	2	5	2	2	3	7	2	14	22	10	8	5	15	6	10	12	9	1	3	3	2	1	0	1	2	3	1	1	2	1	1	3	1	2	0	2	1	2	2	1	1	1	0	0	0	0	2	3	3	2	3	1	1	0	2	1	0	2	0	0	1	1	0	0	0	1	2	5	2	2	0	2	1	0	3	2	0	1	1	0	2	2	0	1	0	1	2	2	0	1	0	1	1	3	1	0	1	1	4	2	0	0	1	1	1	0	0	2	0	1	1	2	0	0	0	0	1	0	1	0	0	1	0	1	1	0	1	0	1	2	2	0	1	0	0	2	2	6	2	6	3	3	2	1	0	0	1	2	0	3	1	0	0	2	3	1	1	0	0	1	0	2	0	2	1	0	0	0	0	1	0	1	0	1	0	0	0	1	1	1	2	3	1	2	2	0	2	0	0	1	0	0	0	1	1	0	0	2	1	0	0	2	2	2	0	1	2	3	1	1	2	0	3	0	1	1	0	1	0	1	0	1	3	2	1	0	0	3	1	0	0	3	1	2	2	0	1	1	1	1	0	0	2	3	2	1	3	1	2	1	2	0	4	1	4	3	5	3	2	0	1	0	0	0	1	0	1	0	0	1	0	0	0	1	1	1	1	0	1	0	0	0	2	0	0	1	1	0	0
0	0	0	0	0	0	0	0	0	0	0	0	2	0	0	0	0	0	1	0	1	0	0	1	1	1	0	1	0	0	0	0	0	3	1	1	1	1	3	0	2	1	1	2	1	0	3	0	1	0	0	1	0	0	0	0	0	0	0	1	1	0	0	2	0	1	0	1	0	1	0	1	0	0	0	0	0	0	1	0	1	3	0	2	0	0	1	2	1	0	2	4	2	11	11	12	4	4	3	1	0	1	1	0	0	1	4	2	1	2	3	0	0	0	1	3	2	1	1	2	3	1	1	1	2	0	1	1	2	0	2	0	0	1	0	0	0	2	0	2	1	2	0	3	3	5	5	18	14	8	4	5	5	4	4	8	4	6	4	0	0	0	1	0	3	2	0	3	2	0	2	0	1	0	3	2	2	5	4	3	1	4	3	10	4	1	6	8	4	18	0	39	21	20	22	51	33	9	3	2	5	4	0	1	7	18	14	63	235	30	13	14	8	3	8	21	11	14	11	6	10	2	3	9	0	5	3	1	2	2	10	0	1	1	2	4	2	0	2	1	4	3	0	2	0	2	2	1	2	2	0	1	1	2	0	0	0	2	1	0	5	1	2	3	2	1	1	5	3	0	4	1	3	2	4	4	1	1	0	3	2	2	4	2	2	2	1	1	1	4	4	2	1	1	0	1	0	3	3	2	2	3	2	2	0	2	0	0	0	0	1	0	0	3	1	1	0	1	0	1	1	2	0	0	2	1	0	2	0	1	2	2	5	1	2	4	5	2	1	6	3	1	3	1	2	3	0	2	1	4	0	0	2	1	1	3	1	1	0	1	1	1	0	2	0	1	0	0	3	0	1	4	4	1	2	1	1	0	1	5	2	7	2	1	3	1	2	1	0	0	3	2	1	0	4	1	2	0	0	1	4	0	2	2	0	2	2	0	0	1	1	0	1	1	0	0	2	0	3	0	0	2	1	1	0	4	2	3	3	1	3	2	1	2	2	1	1	1	1	1	0	1	1	1	1	1	1	4	0	3	2	4	3	10	14	16	6	5	2	3	1	2	2	4	4	1	3	1	1	2	0	1	0	0	0	0	0	0	2	1	1	1	2	1	1	3	0	1	1
0	0	0	0	0	0	0	0	0	0	0	0	0	0	1	0	0	2	1	0	0	2	1	1	1	1	0	1	0	0	0	0	1	1	1	2	1	0	4	0	1	0	0	0	2	3	1	0	0	0	0	2	0	0	0	0	0	0	0	1	1	1	1	0	0	0	0	0	0	0	0	1	0	0	0	0	0	0	0	1	0	0	0	0	1	0	0	3	2	1	2	5	6	7	11	8	3	2	2	0	2	3	5	0	1	1	3	4	3	1	4	1	1	3	0	0	0	1	0	2	0	1	0	1	0	0	0	1	1	2	2	2	2	2	0	1	3	1	6	0	1	3	2	0	2	2	5	4	2	4	4	3	3	6	1	5	2	5	3	1	0	1	0	2	2	1	1	0	0	1	1	1	1	2	0	3	3	0	0	3	2	3	5	4	0	1	7	6	13	19	39	0	164	25	16	31	28	4	3	4	2	1	2	1	2	6	4	16	18	9	5	3	4	5	2	6	12	11	11	5	5	4	5	3	1	4	4	3	1	1	0	1	0	2	1	1	2	0	1	2	0	0	1	2	0	0	1	1	2	2	0	1	0	0	0	2	1	1	0	2	1	0	0	1	1	1	4	2	0	1	3	0	1	1	3	5	1	0	3	3	1	2	1	4	5	1	2	1	5	3	1	2	2	2	0	0	1	3	4	1	0	2	2	0	0	0	3	2	2	0	2	2	2	1	2	1	0	1	0	1	1	0	0	1	0	1	0	1	0	2	2	1	2	1	1	2	2	1	2	4	2	8	6	2	2	3	4	2	4	2	5	3	5	1	2	2	2	2	1	0	1	0	3	0	1	0	0	0	1	2	2	2	0	1	1	2	1	0	0	1	3	5	0	5	1	0	2	0	1	1	5	2	2	1	2	1	0	1	1	0	0	0	1	0	1	1	0	1	0	1	0	2	1	1	0	1	1	1	0	2	1	0	3	2	0	1	0	3	1	2	1	1	3	3	2	3	4	2	1	0	1	1	1	4	3	0	0	2	4	2	3	0	4	25	14	5	4	7	3	3	2	1	2	2	3	2	0	1	2	0	2	1	1	1	0	0	0	0	0	3	1	1	1	1	0	0	0	2	1
0	0	0	0	0	0	0	2	1	0	0	0	1	0	0	0	1	0	1	0	0	1	1	0	2	1	1	0	0	2	3	0	2	1	0	0	0	2	0	1	1	2	2	2	0	0	0	0	1	0	1	0	1	1	0	1	0	0	0	1	0	0	1	1	0	1	1	1	0	0	1	0	0	0	1	0	0	0	0	0	1	0	0	1	0	0	0	2	4	3	2	8	5	5	3	7	2	3	0	1	0	1	0	1	3	4	0	3	3	6	2	1	0	1	0	2	1	1	1	0	1	1	1	2	1	2	1	0	1	0	1	1	0	1	2	1	1	3	0	2	1	3	0	0	4	3	4	3	5	4	1	1	2	0	2	7	5	0	2	0	5	3	3	2	2	1	2	3	0	1	0	1	2	0	3	1	2	1	3	1	0	1	5	2	1	1	4	7	10	19	21	164	0	38	28	14	17	10	1	1	1	2	3	1	3	4	3	13	16	11	7	3	12	6	10	9	16	9	12	5	8	2	7	4	0	3	2	2	1	1	3	0	1	1	1	2	1	0	1	3	0	3	0	0	2	0	4	0	1	1	1	0	0	0	0	0	1	1	0	0	3	1	1	1	0	0	0	0	1	3	2	1	0	4	2	0	1	4	2	3	1	1	2	2	4	1	0	3	3	1	2	1	1	3	0	2	1	1	1	2	1	3	6	2	1	1	3	0	1	1	0	0	2	2	1	1	0	0	0	1	1	0	0	0	1	1	0	0	2	3	4	1	3	3	2	2	2	2	4	7	4	1	0	2	0	1	0	1	2	0	1	2	1	1	0	3	0	0	1	1	0	0	0	1	0	0	2	0	1	1	2	0	0	0	2	0	0	1	1	2	4	5	2	5	2	0	2	2	0	2	4	3	0	0	0	0	2	0	1	0	2	0	3	4	1	2	1	0	0	0	1	1	0	0	2	1	2	2	2	0	1	0	3	0	1	1	1	1	2	3	1	1	0	1	1	4	2	1	2	5	2	0	0	3	8	4	1	5	3	7	5	4	5	21	15	11	6	4	6	0	0	1	2	3	2	3	3	2	2	2	1	3	3	0	1	0	0	0	0	0	0	2	0	0	1	2	0	1	1
0	0	0	0	0	0	0	0	0	0	1	2	0	0	0	0	0	0	1	0	0	1	0	0	0	1	0	0	1	0	2	0	0	1	1	0	1	0	0	0	1	0	0	0	1	0	1	0	1	1	1	0	0	0	0	1	1	0	0	0	0	1	0	0	1	0	0	1	0	0	1	0	0	0	1	0	0	0	0	0	1	0	0	0	1	0	0	4	0	0	2	4	2	5	0	4	0	0	0	0	1	1	0	0	3	1	1	0	0	1	0	0	0	1	1	0	1	0	1	2	0	0	2	1	0	1	3	2	3	0	1	0	0	0	0	2	1	1	2	1	1	2	2	0	0	0	4	1	3	5	1	1	3	5	2	3	2	4	3	0	0	0	0	0	1	0	2	1	0	2	0	1	0	0	0	0	0	1	3	2	0	1	1	0	4	3	4	7	10	7	20	25	38	0	52	18	11	1	3	1	1	1	3	2	4	3	1	5	6	1	3	6	2	4	2	7	5	9	10	5	6	3	1	1	3	1	2	0	0	2	2	1	1	1	0	0	0	1	3	1	1	0	0	1	0	1	1	1	2	1	1	0	1	0	3	2	0	1	1	2	1	0	0	2	2	1	1	0	3	6	1	1	3	0	1	2	1	0	2	2	0	1	3	2	1	0	2	2	1	0	1	0	1	1	1	2	0	3	0	0	1	0	1	0	0	2	1	2	0	4	1	1	0	1	1	0	1	0	0	0	1	0	0	1	0	1	0	1	1	0	4	6	3	1	1	1	2	0	1	1	0	3	2	0	0	0	1	2	3	4	0	2	1	1	1	3	2	1	2	1	1	0	0	1	4	1	1	0	0	0	1	2	0	2	1	1	1	4	4	2	7	5	4	3	6	1	3	3	1	3	4	2	1	0	0	2	1	0	3	5	2	0	3	0	2	3	1	0	1	2	0	0	3	3	0	1	5	1	0	2	2	0	3	1	1	2	3	4	2	1	1	1	2	0	1	2	2	5	3	3	6	2	2	4	4	5	2	1	4	9	13	5	8	9	6	2	1	2	1	1	3	0	1	2	2	1	2	1	2	1	0	1	0	1	0	1	0	2	0	0	1	1	1	1	1	1	2	0	1
0	0	0	0	0	0	0	0	0	1	1	0	1	1	0	0	1	0	0	0	1	1	0	1	2	1	0	1	0	0	1	1	0	0	2	1	1	1	2	1	0	2	2	0	1	0	0	1	0	0	0	1	0	0	0	1	0	1	0	0	0	0	0	0	1	1	0	0	1	0	0	1	0	0	0	1	1	0	1	1	0	3	0	1	1	1	2	0	1	0	5	2	1	5	5	2	2	2	0	0	0	0	1	2	0	1	1	2	3	1	2	2	0	1	1	0	1	0	0	1	1	1	1	0	1	0	0	1	0	2	0	0	3	0	1	1	0	1	1	0	1	1	1	2	0	2	2	7	9	3	4	4	6	1	1	1	2	2	0	0	2	0	0	0	0	1	0	2	1	0	2	0	3	0	1	1	1	2	2	1	2	1	1	4	1	4	3	3	9	5	22	16	28	52	0	69	16	1	1	3	3	1	2	2	1	6	7	8	9	8	2	2	10	3	7	11	47	39	20	5	9	4	5	2	2	1	0	0	3	1	4	1	0	1	3	0	0	1	0	0	0	2	1	0	2	0	1	3	1	2	2	1	0	0	1	2	2	1	3	1	0	2	1	1	0	2	3	4	3	3	1	0	2	4	3	4	1	0	1	2	0	0	4	0	2	0	1	2	0	1	1	0	0	0	0	2	0	1	1	1	1	2	1	1	0	1	3	0	0	1	1	0	0	0	0	2	0	1	0	1	1	0	1	1	1	0	0	1	0	0	0	3	1	1	3	3	1	2	3	3	1	1	1	1	2	3	1	1	6	1	3	2	4	2	2	0	2	0	1	2	1	1	1	1	2	2	0	0	3	1	0	2	0	0	1	0	2	1	0	1	2	15	8	3	8	0	3	3	3	0	4	3	2	3	1	3	2	1	2	2	4	1	1	2	2	1	1	1	0	1	2	1	1	1	3	3	2	3	1	3	4	3	2	2	0	2	0	3	1	0	0	2	0	1	1	1	3	3	0	1	1	1	2	2	2	2	1	1	5	6	7	4	4	8	10	8	6	4	5	2	1	2	1	0	0	3	1	1	1	1	0	0	1	1	0	2	0	0	1	1	3	1	0	0	1	0	3	3	0
0	0	0	0	0	0	0	1	1	0	1	0	1	1	1	0	0	0	1	1	1	2	0	0	0	1	0	0	0	0	0	0	0	0	0	1	0	0	0	0	0	1	3	0	0	0	0	1	0	2	1	1	1	1	1	0	1	1	2	0	0	0	0	3	0	0	0	0	0	0	0	0	0	0	0	2	0	0	0	0	0	0	1	0	1	0	0	1	0	0	1	0	0	5	8	5	3	0	1	2	1	0	2	2	1	0	0	2	3	0	0	0	2	1	3	1	1	1	0	0	0	1	0	0	0	1	0	2	1	1	0	0	1	1	1	0	2	2	1	3	1	1	3	4	2	3	9	19	17	9	6	5	7	2	0	6	2	3	4	1	0	0	1	0	2	5	1	2	2	2	1	0	1	2	1	2	4	3	0	1	1	1	3	2	2	3	3	2	5	8	51	31	14	18	69	0	23	8	0	5	5	5	2	2	2	9	12	25	36	15	6	2	10	4	1	7	31	68	39	7	13	9	4	4	3	3	4	4	1	2	7	3	2	3	0	3	2	1	0	2	1	2	2	1	3	1	1	2	1	1	1	2	0	0	2	1	0	0	2	2	4	1	1	1	2	1	2	2	3	0	5	2	0	3	1	5	2	0	2	2	0	2	2	1	2	1	3	3	1	2	1	1	1	1	1	0	2	2	4	0	2	0	2	2	1	1	2	1	0	3	1	2	0	0	0	0	0	0	0	0	3	1	1	0	0	1	0	0	1	0	4	2	3	2	4	3	4	1	1	4	2	1	2	1	2	2	0	1	0	6	0	1	4	4	1	3	0	2	0	2	1	1	3	0	1	1	0	1	0	0	1	1	1	2	0	2	2	3	1	4	4	5	4	7	2	4	0	1	3	3	2	1	1	0	1	0	0	2	2	1	2	3	6	5	2	1	1	1	0	0	3	1	0	1	1	1	2	2	3	3	5	4	1	1	1	1	3	0	1	3	4	1	2	0	0	2	5	3	5	1	0	0	1	2	4	3	1	5	3	9	8	5	5	7	15	19	6	5	4	2	0	1	2	2	2	8	4	3	2	0	1	0	0	0	0	0	0	0	0	3	2	2	0	0	1	0	2	0	0
0	0	0	0	0	0	0	0	0	0	0	0	1	0	0	1	0	2	3	0	2	0	0	0	1	0	0	0	0	1	1	1	0	0	0	1	2	3	1	1	0	1	0	0	0	1	0	2	1	1	2	0	0	0	0	1	0	0	0	2	0	1	0	0	0	0	0	0	0	1	0	0	0	1	0	0	0	1	1	2	0	0	0	1	1	2	3	2	1	2	3	2	1	9	10	8	2	0	0	1	0	0	1	0	3	0	1	3	3	2	1	2	1	2	1	3	1	1	4	0	1	0	1	1	1	0	3	3	4	1	0	0	0	0	0	0	1	0	4	4	1	5	4	3	5	7	6	8	5	6	2	0	2	5	2	12	3	3	3	1	0	4	2	3	2	1	4	1	1	0	3	1	0	0	1	3	10	5	3	1	1	0	1	3	3	2	2	4	9	8	33	28	17	11	16	23	0	28	4	7	6	3	5	5	16	24	11	26	43	29	8	5	5	1	3	10	6	12	19	7	7	5	15	4	7	4	3	5	3	4	6	6	1	1	2	2	4	2	2	3	1	0	1	2	0	4	4	4	2	3	3	1	1	1	2	1	3	0	4	3	3	1	1	3	1	1	3	0	3	3	6	4	2	3	3	4	9	3	2	1	4	2	3	0	4	6	4	2	4	3	0	2	0	3	3	5	2	1	5	2	1	1	0	0	1	3	3	1	3	0	1	3	1	0	1	0	1	0	0	0	2	2	1	0	1	0	0	1	3	3	3	3	3	3	4	6	2	0	5	2	4	2	2	1	0	3	1	1	6	3	3	0	2	2	0	0	1	1	3	2	3	1	1	0	3	0	0	1	2	2	0	3	1	0	0	2	0	3	0	0	4	6	2	2	0	1	1	1	0	0	0	0	3	0	2	2	0	1	3	3	1	1	0	2	1	1	1	2	1	1	1	0	0	1	0	1	1	2	3	0	2	1	3	1	0	1	3	3	0	2	2	2	0	0	1	1	2	4	2	1	3	0	1	6	2	3	2	1	0	5	2	5	2	8	38	60	12	8	1	3	2	0	4	0	4	5	2	0	0	3	1	1	2	1	0	0	0	1	0	0	1	2	2	0	2	1	1	2	0
0	0	0	0	0	0	0	0	0	0	1	0	0	1	2	1	0	1	1	2	0	1	0	0	0	1	0	0	0	1	2	0	1	0	2	3	0	0	0	3	0	3	0	1	0	1	0	1	0	1	1	1	0	1	0	0	1	1	2	1	0	1	0	0	1	0	0	0	0	1	0	0	0	0	0	0	0	1	0	0	0	0	0	2	0	0	0	0	3	3	5	2	4	10	11	8	3	0	2	0	0	2	1	1	1	2	4	5	2	2	3	3	1	2	2	2	4	2	3	0	1	1	1	3	1	2	1	1	0	2	0	0	0	0	0	2	0	1	0	2	3	3	5	13	8	16	76	16	7	2	2	3	4	23	16	18	15	5	6	2	0	1	2	2	6	1	2	3	2	0	2	0	0	3	2	3	5	8	3	1	3	2	3	3	2	1	2	6	3	4	9	4	10	1	1	8	28	0	7	9	6	9	5	6	15	31	34	27	10	14	6	2	6	4	1	3	3	6	8	5	8	10	16	17	9	10	6	6	3	7	16	8	3	0	3	1	2	0	2	4	3	0	4	2	4	5	2	10	5	9	4	2	0	0	2	3	2	4	3	4	3	1	2	0	0	4	3	4	1	1	4	1	3	5	1	6	4	4	3	4	4	8	3	3	3	5	5	2	6	3	3	1	3	1	2	1	5	3	3	5	0	1	2	1	2	1	1	0	1	1	2	0	3	2	1	0	0	1	1	1	2	0	0	0	0	0	2	0	2	2	2	2	1	1	3	1	0	0	1	3	5	3	1	2	3	2	6	4	4	2	1	2	3	2	1	1	2	0	0	3	0	1	2	1	1	0	0	0	2	0	2	0	0	0	1	1	1	1	0	1	2	4	1	1	1	1	1	3	2	1	0	1	0	1	0	2	2	0	2	0	2	0	0	1	0	1	1	0	0	0	0	1	0	3	3	0	4	1	1	1	0	3	1	2	1	0	3	1	2	3	1	0	2	5	2	1	0	2	1	0	0	1	2	2	2	0	1	2	3	1	4	0	1	4	14	51	12	8	3	1	0	1	2	3	3	3	3	1	0	1	0	0	0	0	1	0	0	1	1	2	0	2	2	1	0	0	0	0	1
0	0	0	0	0	0	0	0	0	0	1	1	0	0	0	0	0	1	1	0	2	1	0	1	1	1	1	0	1	0	2	0	0	2	0	0	0	0	0	0	1	2	0	0	1	0	0	1	1	1	1	0	0	2	1	0	1	0	0	1	1	0	0	2	0	0	2	0	0	0	1	0	0	0	0	0	0	0	0	2	1	1	0	2	1	0	1	2	1	0	1	5	3	8	6	3	6	3	3	1	2	2	2	5	2	0	3	1	6	2	0	1	0	0	2	1	4	1	1	0	1	2	1	1	1	2	1	0	1	0	0	1	1	0	1	0	0	1	5	2	5	22	11	4	7	8	11	5	8	5	1	6	8	31	18	31	20	9	2	3	4	3	9	7	11	21	16	16	7	6	2	1	2	5	7	7	7	8	5	5	1	1	2	3	3	1	1	3	5	1	3	3	1	3	1	0	4	7	0	269	22	16	16	40	29	15	12	7	5	5	4	3	2	1	2	1	4	5	1	1	3	2	3	5	5	3	3	1	5	12	14	28	21	1	3	6	6	4	2	2	2	1	2	8	19	12	16	7	7	6	14	5	2	1	3	2	3	2	4	2	3	2	1	0	1	6	2	3	2	4	1	2	3	3	5	3	3	3	1	5	4	2	2	4	0	3	2	3	3	2	1	1	0	1	3	1	3	2	4	6	2	1	2	0	0	0	0	3	1	2	1	0	1	0	0	0	0	0	0	0	1	0	0	0	0	0	2	0	0	2	1	1	0	1	0	0	1	3	4	1	3	3	2	1	1	1	1	2	0	1	5	1	0	1	3	2	0	1	0	1	1	0	0	0	1	0	0	1	0	2	1	0	0	2	0	2	0	1	1	2	2	1	0	2	0	1	0	0	1	1	1	1	1	0	0	0	0	0	0	0	0	0	0	1	1	0	0	0	0	0	0	0	2	0	0	1	4	3	3	3	0	2	1	1	2	0	1	1	0	1	1	0	0	1	0	0	0	0	2	1	2	1	1	1	0	0	0	4	1	1	1	2	3	2	3	4	3	2	3	1	0	0	2	1	5	0	3	2	0	0	1	0	1	0	0	2	0	0	0	2	0	1	1	3	2	1	0	0	0
0	0	0	0	0	0	0	0	0	0	0	0	0	0	0	0	0	0	0	1	0	0	1	1	2	0	0	0	0	0	0	1	2	0	0	0	1	1	3	1	0	1	1	2	0	0	0	1	0	0	1	0	1	1	0	1	0	1	0	0	0	0	0	2	1	1	0	0	0	1	0	0	0	0	0	0	1	0	1	0	1	0	1	0	0	1	1	0	2	2	4	3	2	5	2	7	4	1	1	1	0	0	3	1	1	2	3	3	5	2	2	3	2	1	7	3	1	1	1	1	0	1	0	0	0	0	1	2	1	2	0	1	0	0	2	1	2	4	3	2	7	20	14	15	8	20	14	8	8	2	5	5	7	20	19	27	16	5	5	6	4	6	2	2	5	20	17	8	13	10	2	1	6	3	0	3	7	12	3	5	3	2	2	3	2	2	0	4	2	2	2	4	1	1	3	5	7	9	269	0	17	18	24	25	23	13	13	6	1	9	2	1	3	2	2	1	2	2	2	4	4	3	2	7	5	11	8	5	3	7	27	57	13	11	6	5	4	2	2	3	5	4	4	4	13	7	13	8	4	11	7	5	1	3	2	1	4	4	5	2	3	3	2	3	4	3	0	4	3	1	4	1	1	3	3	2	3	4	3	5	3	4	1	2	5	6	4	2	1	4	2	1	2	0	1	1	2	7	5	5	4	1	2	0	0	1	0	2	3	0	0	1	0	1	1	1	1	0	1	0	1	1	0	0	0	0	2	0	0	0	1	2	1	0	1	2	1	0	3	5	2	3	1	4	1	1	1	2	4	1	0	2	0	2	0	0	0	0	1	3	2	0	0	2	1	0	2	1	0	0	1	0	1	0	0	0	1	0	0	0	0	3	1	1	0	1	2	0	0	2	1	0	0	0	0	1	1	1	1	1	1	2	3	3	0	0	0	0	1	0	1	3	1	0	2	1	0	0	3	1	2	1	3	2	3	1	1	4	0	0	0	2	1	2	0	0	0	4	1	1	0	2	1	0	2	2	0	0	1	0	1	0	3	2	4	4	5	2	5	0	1	1	3	0	2	1	1	1	0	0	0	0	0	1	1	1	0	0	0	0	2	0	0	0	0	0	0	0	0
0	0	0	0	0	0	0	0	0	0	0	0	1	0	0	0	0	0	0	1	1	0	0	0	0	0	0	2	0	0	0	0	0	0	2	1	1	0	1	0	0	2	1	0	2	1	0	0	0	0	0	0	0	1	0	0	0	0	0	0	0	0	0	0	0	2	1	0	2	0	1	1	0	0	0	1	0	0	0	1	0	0	0	1	0	1	1	1	0	0	2	2	0	2	3	4	3	1	1	1	2	0	2	0	2	1	0	3	0	4	0	2	2	1	1	1	0	2	1	0	2	2	2	0	3	1	1	1	1	0	0	1	1	2	0	0	0	2	2	2	2	3	3	1	4	5	5	11	7	6	15	14	37	15	2	14	5	5	2	1	1	4	3	3	11	7	4	8	2	5	1	1	1	3	2	4	6	2	6	2	2	0	1	2	4	2	3	3	3	2	5	2	1	1	3	5	6	6	22	17	0	136	21	19	31	19	31	4	9	8	5	5	0	3	1	2	4	2	3	1	3	3	3	7	2	9	18	9	6	24	25	23	9	10	13	9	6	6	2	4	6	4	5	5	6	7	6	5	6	3	11	7	4	0	0	3	2	12	3	2	6	1	4	5	5	9	7	5	3	3	6	2	2	4	7	6	3	5	5	1	1	3	3	1	3	2	0	1	3	1	5	3	1	2	1	2	2	1	2	7	1	1	0	0	0	0	2	0	4	1	3	0	1	0	0	0	0	0	0	0	0	0	1	0	0	0	1	1	0	2	1	1	0	0	1	2	0	0	3	0	3	2	3	0	0	0	0	1	3	0	0	3	2	1	3	2	1	1	1	1	2	1	1	2	1	1	3	1	0	0	2	0	4	0	1	1	0	1	1	2	2	5	2	3	0	2	0	3	1	3	2	0	1	1	0	0	1	0	1	1	3	1	1	2	1	1	0	2	2	2	2	2	2	1	3	3	4	5	3	4	2	4	0	1	0	0	2	1	0	1	1	2	1	0	0	0	2	1	0	0	0	0	0	1	2	2	1	1	2	3	1	2	2	2	0	7	8	2	4	3	1	0	0	1	1	6	1	1	1	0	1	1	0	0	2	0	0	0	0	3	0	1	0	1	0	0	2	0	1
0	0	0	0	0	0	0	0	0	0	0	1	0	0	0	0	1	0	0	0	0	1	1	1	0	1	0	0	0	1	0	0	0	1	1	0	1	1	0	1	0	0	2	1	0	1	0	0	0	0	1	0	1	0	0	0	0	0	2	0	1	1	0	1	0	0	0	0	0	0	0	0	0	0	0	0	0	1	0	1	1	1	1	1	0	1	0	3	1	1	0	1	0	2	6	3	1	0	1	0	0	1	1	2	1	1	1	0	3	1	4	2	1	4	1	1	2	1	0	1	0	2	1	0	1	0	0	0	0	1	0	0	1	1	1	0	0	0	2	1	2	7	0	3	2	3	3	9	7	11	13	12	19	7	3	14	8	1	1	1	5	0	1	3	3	4	7	2	5	4	2	2	0	1	4	2	6	2	8	3	3	2	0	0	0	5	1	2	3	5	4	1	2	1	1	5	3	9	16	18	136	0	25	26	16	8	19	6	3	5	6	6	2	3	0	3	1	2	1	6	1	1	1	5	8	7	17	8	2	24	11	32	35	36	14	13	13	6	5	6	5	1	10	16	18	8	8	5	3	3	11	3	7	3	4	4	0	14	15	4	5	2	3	8	6	9	12	5	2	6	3	1	4	4	6	3	2	4	5	4	4	4	2	1	2	1	2	3	1	2	2	2	1	0	0	4	1	1	3	1	1	0	1	2	0	0	0	1	1	1	0	2	0	0	0	1	0	1	1	0	1	0	0	0	0	0	1	0	0	1	1	2	0	3	0	1	0	1	0	4	2	1	1	1	0	3	1	1	1	2	1	2	1	1	1	1	0	1	0	1	1	0	2	0	3	1	1	0	1	1	1	1	0	1	0	1	0	1	1	1	2	1	0	1	1	1	0	2	0	1	0	1	0	1	5	0	2	1	1	1	0	0	1	2	1	2	1	0	2	1	1	1	1	2	1	1	3	8	3	0	3	4	0	4	2	0	1	4	0	0	0	1	0	1	0	2	1	0	0	1	2	1	0	1	0	2	0	1	1	3	3	1	1	2	1	7	5	4	5	2	1	0	3	1	0	2	1	2	1	2	1	2	0	0	1	0	1	0	1	1	3	0	0	0	0	0	1	0	0
0	0	0	0	0	0	0	1	0	0	0	0	0	0	0	1	0	0	1	0	0	0	2	1	0	2	0	0	0	1	1	0	0	0	1	0	0	2	1	1	0	1	2	1	4	1	0	0	0	1	1	1	0	0	0	0	2	0	1	0	0	1	0	0	0	0	1	0	1	0	0	0	0	0	1	1	1	0	0	0	0	4	0	0	0	0	1	1	2	2	0	3	4	5	5	6	2	3	1	4	1	3	0	3	3	0	4	2	1	3	1	0	1	0	2	0	1	2	4	3	1	0	0	0	1	3	1	0	0	0	1	1	0	0	0	0	0	1	1	2	0	6	5	0	1	3	2	9	3	2	6	16	27	27	3	15	11	3	3	1	3	4	5	3	13	22	8	10	7	15	2	2	2	4	3	5	4	7	8	5	0	2	3	6	2	2	4	2	2	2	0	2	3	3	2	2	5	5	16	24	21	25	0	275	36	7	9	5	4	4	10	8	3	0	1	1	3	0	3	1	4	2	1	4	7	7	3	2	6	8	8	13	19	17	13	16	14	9	4	8	11	3	8	10	12	2	5	2	3	3	6	8	4	1	3	2	1	5	2	3	4	0	1	5	3	5	3	4	2	2	1	2	3	2	5	1	2	4	5	0	2	2	2	2	4	1	1	0	2	1	0	1	0	1	0	3	2	2	0	2	1	1	0	0	1	0	2	3	0	1	0	0	0	0	0	0	0	0	1	1	2	1	0	0	0	0	0	0	0	0	1	0	2	1	1	1	0	1	1	1	3	3	5	0	1	2	4	0	1	1	1	1	1	1	0	0	1	1	2	0	0	0	0	1	1	0	0	1	0	1	0	0	1	2	0	0	3	0	3	2	1	1	0	2	1	0	0	0	0	1	0	1	0	0	0	1	1	1	2	0	3	1	3	1	1	1	0	2	0	3	1	0	3	2	0	2	5	0	2	2	1	3	1	1	0	1	0	2	1	0	2	0	1	1	1	1	0	1	1	0	0	2	0	1	2	0	0	0	1	2	0	2	0	1	3	8	3	1	4	0	1	0	1	3	0	3	1	1	0	1	1	0	2	0	0	0	0	0	1	2	0	1	1	0	1	0	0	0	0
0	0	0	0	0	0	0	0	1	0	0	0	1	0	0	0	0	0	0	1	1	0	1	0	1	1	0	0	0	0	2	0	1	0	1	1	0	1	1	1	1	2	1	1	3	1	0	2	0	0	0	1	1	1	2	0	0	0	1	0	0	0	1	0	1	0	2	1	2	0	0	0	0	2	1	0	0	0	0	0	0	0	0	1	0	1	0	0	0	0	1	3	0	2	4	5	4	1	3	3	2	2	3	1	2	2	2	3	3	1	0	3	1	1	0	1	2	1	1	0	2	0	0	2	0	1	0	1	3	0	0	1	2	0	0	1	1	0	4	5	4	3	5	1	3	4	11	8	3	4	2	13	20	31	14	15	10	4	3	4	2	3	8	1	20	29	13	16	13	18	1	4	1	8	2	6	14	3	8	8	5	3	4	4	2	1	3	4	1	2	1	1	1	2	2	2	5	6	40	25	19	26	275	0	18	10	15	9	3	7	6	5	2	2	1	3	2	1	1	5	3	3	2	3	3	3	3	4	1	6	13	23	22	15	10	16	11	9	5	2	5	3	1	8	16	9	5	1	2	8	6	5	5	1	0	1	3	6	10	1	5	1	1	0	4	3	3	5	2	5	2	2	2	3	0	1	2	1	3	1	2	1	2	1	4	1	4	2	5	1	1	1	4	0	3	1	3	1	2	0	3	0	0	0	2	2	3	1	1	1	0	0	0	0	0	0	0	0	0	2	1	1	0	0	1	0	1	0	0	0	2	1	0	0	2	1	0	2	2	0	0	0	1	0	0	0	1	1	1	0	0	0	1	0	0	0	0	0	0	0	0	0	1	0	0	0	1	0	1	0	0	2	1	0	0	0	0	0	1	0	2	1	0	3	1	1	1	0	2	0	1	2	1	0	1	2	1	1	0	0	0	1	1	0	0	2	0	0	0	2	1	0	1	1	2	0	7	0	4	0	1	0	0	2	0	1	2	2	0	0	0	0	0	0	0	1	0	0	1	1	1	1	0	0	2	0	1	0	1	0	2	0	0	1	1	3	5	1	2	0	0	0	2	0	0	3	0	0	0	1	1	1	0	0	0	0	0	1	1	0	0	0	0	0	0	0	0	1	0
0	0	0	0	0	0	0	0	0	2	1	0	0	1	0	0	2	0	1	1	0	0	1	1	0	0	3	0	0	1	0	0	0	0	0	0	2	0	2	1	0	1	1	0	1	0	0	0	0	0	0	0	2	0	1	0	1	0	0	2	3	0	0	0	1	1	0	0	0	0	0	0	0	0	0	0	0	0	2	0	0	0	1	0	1	0	1	0	0	0	1	3	1	8	9	6	4	0	2	0	1	0	2	1	2	1	4	1	1	3	0	1	1	1	2	2	2	0	3	0	2	0	0	1	1	1	2	1	3	2	1	1	0	0	3	0	2	1	0	2	3	4	4	3	2	9	24	10	11	11	7	8	40	54	16	79	16	8	0	4	1	2	3	2	2	7	2	5	2	2	0	2	2	2	4	6	6	15	7	6	0	4	2	2	0	5	4	6	1	3	7	2	3	4	1	2	16	15	29	23	31	16	36	18	0	50	48	17	6	22	16	9	7	2	4	5	3	7	3	0	3	4	3	12	4	7	2	9	4	6	21	13	8	5	6	5	7	4	3	4	3	3	3	5	10	2	5	7	4	4	3	1	4	1	2	2	2	6	4	1	3	3	1	1	5	4	4	4	4	3	3	0	5	4	5	2	2	1	3	0	4	2	5	4	0	2	3	1	3	2	0	1	2	0	1	2	1	1	5	0	2	0	1	1	1	0	0	2	1	1	0	0	1	1	1	0	0	0	0	0	0	2	1	0	0	1	1	1	0	0	0	0	0	0	4	1	1	2	2	2	2	1	1	1	0	2	1	0	2	2	2	3	1	2	1	2	0	2	1	0	1	0	2	0	2	1	0	0	0	3	1	2	0	1	0	2	1	0	0	2	1	1	1	2	2	0	1	0	3	3	0	1	2	0	1	0	0	2	0	1	0	1	0	2	3	0	1	0	0	1	1	4	1	0	1	1	3	1	2	2	4	2	1	1	2	5	0	0	1	3	0	1	0	1	1	1	0	0	3	1	1	1	2	2	0	1	1	0	2	1	1	2	2	2	4	13	10	5	1	1	1	1	0	2	2	1	2	2	0	1	0	0	0	0	0	1	0	0	2	1	1	0	0	1	1	1	1	2	0
0	0	0	0	0	0	0	0	0	1	0	1	0	0	1	0	1	1	0	2	1	0	2	1	0	1	0	0	1	0	0	0	1	0	1	1	0	0	1	3	1	1	0	0	0	0	0	0	0	0	2	0	0	2	1	2	0	0	1	0	0	0	0	0	0	1	0	0	0	1	0	0	1	1	0	0	0	0	0	0	1	0	0	1	0	0	1	1	2	0	1	2	5	16	20	9	2	2	2	0	0	1	0	1	0	6	1	0	7	1	0	0	4	0	1	3	2	4	2	0	2	0	0	0	2	0	1	0	0	0	0	0	2	0	0	1	1	1	1	1	3	2	5	3	2	7	15	17	8	5	4	5	16	21	14	59	10	7	5	3	2	3	2	1	4	6	4	7	2	1	1	0	2	1	3	3	11	10	5	7	6	0	6	6	1	4	5	6	2	7	18	6	4	3	6	9	24	31	15	13	19	8	7	10	50	0	65	58	28	63	24	9	4	7	4	2	5	6	6	5	9	8	4	3	4	6	5	6	2	2	15	10	6	3	6	3	1	2	2	2	2	2	2	1	4	5	3	3	5	4	2	4	2	3	2	2	1	7	3	4	2	2	1	0	1	3	2	5	6	3	4	1	3	5	5	4	7	4	2	0	3	6	3	0	2	2	0	1	4	1	2	7	1	2	1	3	3	0	4	1	1	2	0	2	2	1	3	2	1	2	1	1	2	0	0	1	1	1	0	0	0	0	1	0	1	0	0	0	1	0	1	1	0	0	4	2	0	1	2	3	2	5	0	1	1	0	0	1	2	5	1	3	1	0	2	2	3	1	1	0	1	3	1	1	1	1	0	1	2	2	2	0	1	0	0	1	2	1	2	1	2	3	2	0	3	0	1	0	3	0	6	0	1	0	0	1	0	1	0	1	0	3	1	1	1	0	0	1	2	0	0	0	0	1	2	1	2	1	0	2	0	1	2	2	1	0	3	3	2	1	1	1	2	1	1	0	2	1	2	1	2	3	1	0	0	2	0	3	2	4	3	2	0	4	7	14	14	3	3	2	3	0	1	1	0	3	1	1	0	2	0	0	1	2	0	0	0	0	0	1	3	0	0	0	0	2	2	1	0
0	0	0	0	0	0	0	0	1	0	0	1	2	0	0	0	1	0	0	1	2	0	1	1	1	2	0	1	0	1	0	2	1	0	0	1	1	1	1	2	0	2	2	0	0	1	0	0	0	0	1	2	1	2	0	1	1	1	0	0	0	0	0	0	2	1	0	0	1	0	0	0	0	0	1	1	1	0	0	1	1	0	1	0	0	1	0	1	1	3	1	1	5	7	5	6	5	2	0	0	0	2	3	2	0	0	1	0	6	2	0	0	2	2	4	1	3	2	0	1	1	0	0	0	1	2	1	2	0	2	0	1	2	0	1	1	1	2	2	4	1	5	2	5	5	10	12	26	15	11	7	10	33	21	4	32	12	4	1	2	2	0	4	3	5	7	2	3	2	4	1	0	0	1	1	5	8	3	7	4	6	4	4	2	2	6	2	5	5	2	14	4	3	1	7	12	11	34	12	13	31	19	9	15	48	65	0	33	16	19	11	7	7	1	5	3	3	7	9	5	7	6	7	5	3	13	6	6	6	6	27	10	2	8	12	4	2	5	1	2	1	2	2	4	4	5	5	1	5	1	1	4	2	4	1	2	0	3	1	1	4	5	2	7	3	4	7	3	6	0	3	4	2	7	10	1	3	1	4	6	2	3	0	0	3	2	3	1	0	2	2	3	2	1	0	2	3	3	1	0	3	1	1	1	0	1	2	2	4	0	2	2	1	0	0	3	0	2	0	0	0	0	0	0	0	0	0	0	1	1	1	1	1	1	2	1	0	0	3	1	4	4	1	1	1	1	3	0	2	3	3	1	1	2	0	2	0	2	3	1	0	3	1	2	2	1	2	1	0	0	1	0	0	2	0	0	1	3	2	3	2	2	1	1	2	1	0	0	1	4	1	2	0	1	2	0	0	0	0	3	2	1	3	1	1	3	1	2	1	0	1	0	3	0	5	2	2	4	1	1	3	2	1	4	1	1	2	2	4	1	3	1	2	0	1	0	1	1	0	1	1	1	2	2	2	4	2	1	0	5	1	1	1	3	5	21	17	8	1	2	0	2	0	2	3	3	0	0	0	1	0	0	1	1	1	0	0	1	0	0	1	1	0	0	1	0	0	0	0
0	0	0	0	0	0	0	0	0	0	0	0	0	0	0	1	1	0	1	1	1	0	0	0	0	0	2	1	0	3	0	0	1	1	0	0	1	1	2	0	4	0	1	1	0	0	1	0	0	0	1	0	0	1	0	0	1	0	0	0	0	2	0	0	1	0	0	0	1	0	0	1	0	1	1	0	1	1	0	0	0	0	0	0	0	2	1	3	2	1	3	5	2	10	20	15	1	2	1	4	1	0	3	5	1	0	3	1	5	1	3	3	3	1	1	0	1	1	0	1	1	0	0	1	3	0	1	0	0	1	2	0	0	1	1	1	1	0	1	2	4	7	4	3	1	2	8	20	12	6	5	12	12	8	7	8	4	4	3	2	2	2	2	3	2	5	2	3	2	2	2	1	0	0	3	4	2	7	8	2	2	3	2	8	2	2	10	12	8	14	63	16	13	5	8	25	26	27	7	6	4	6	5	9	17	58	33	0	179	176	17	10	8	3	3	8	14	13	11	6	6	10	6	4	4	6	5	1	3	6	6	6	1	4	4	2	1	1	2	0	3	4	2	0	5	1	5	2	2	1	2	2	1	2	3	1	3	0	1	1	0	2	0	2	5	1	2	2	1	3	1	1	2	1	4	3	2	0	2	3	2	3	2	0	4	5	2	2	4	2	2	0	0	0	0	0	2	3	3	1	3	2	0	1	0	0	2	0	0	0	1	3	1	0	1	3	0	0	0	0	1	0	0	1	1	0	0	3	2	2	2	2	2	2	2	2	1	0	1	6	2	1	1	2	0	0	0	1	1	3	1	1	1	0	0	2	1	0	1	0	0	0	1	0	2	3	0	1	1	0	1	1	1	2	2	0	0	0	2	2	5	6	0	1	0	1	0	2	1	0	3	3	0	0	0	0	0	0	2	1	5	2	1	2	2	1	0	1	1	2	1	0	1	1	1	4	3	1	0	1	1	1	2	4	1	1	1	1	1	2	2	3	2	2	1	0	1	3	0	2	3	0	1	6	0	2	2	1	1	6	3	1	1	3	12	22	6	1	3	3	2	1	1	3	4	1	0	2	2	0	1	1	0	0	0	2	0	0	1	0	1	2	0	1	1	0	0	0	2
0	0	0	0	0	0	0	0	3	0	2	1	0	0	0	0	0	0	0	1	0	0	0	0	0	1	0	0	0	0	0	1	0	0	0	0	0	3	2	1	1	0	4	1	2	0	0	1	0	0	0	0	1	1	0	3	1	0	2	0	2	1	0	0	0	1	0	0	0	0	0	0	0	0	0	0	0	0	0	0	0	0	0	0	2	1	5	1	0	2	0	5	6	12	18	8	3	2	0	1	0	0	2	1	1	1	2	2	4	1	6	1	2	1	1	0	1	0	2	1	1	1	0	2	0	1	3	4	1	0	0	4	2	0	1	1	1	3	2	2	1	2	3	4	1	6	6	16	19	9	8	4	11	6	3	15	8	6	2	1	1	1	1	2	1	1	3	1	0	2	1	0	1	3	0	3	6	6	6	2	4	3	4	4	1	4	4	9	13	22	235	18	16	6	9	36	43	10	5	1	9	3	4	3	6	28	16	179	0	84	13	15	14	6	9	14	16	12	10	3	9	4	5	4	2	5	4	7	0	2	7	2	1	2	0	2	3	0	0	3	0	0	3	3	3	4	3	3	2	2	2	2	1	3	3	1	1	0	2	2	3	0	2	0	2	3	2	2	3	1	4	4	2	3	5	2	2	2	0	1	2	2	2	1	1	0	2	1	2	1	1	3	0	0	1	0	5	1	2	1	2	3	1	0	0	1	0	1	0	0	1	0	3	0	0	0	0	0	0	0	0	0	0	1	0	0	0	0	0	1	1	1	0	0	4	1	2	0	5	0	2	4	4	1	0	2	1	2	2	2	1	2	2	2	4	1	1	0	2	0	2	1	1	1	0	1	0	1	1	1	1	0	1	1	1	2	0	1	0	2	2	3	2	0	1	0	2	1	1	1	0	0	2	0	1	0	0	0	1	1	1	4	1	2	1	0	0	1	1	0	0	1	0	2	2	2	0	0	2	1	2	2	2	4	3	1	1	3	1	2	0	0	1	2	0	1	1	2	1	0	1	4	2	4	4	0	1	1	1	4	5	0	2	3	10	18	6	3	5	2	2	0	1	0	1	1	2	1	3	0	0	1	1	2	0	2	1	2	0	3	0	1	0	0	0	0	2	0	0
0	0	0	0	0	0	0	2	0	0	1	1	1	0	1	0	0	1	0	0	1	1	0	1	1	0	0	0	0	1	1	0	0	1	0	0	0	0	0	2	1	3	0	2	1	1	0	0	0	2	0	0	1	1	1	0	1	0	1	1	0	0	1	2	0	0	0	0	0	0	0	1	1	0	0	0	0	0	0	1	3	0	0	1	0	0	0	1	2	3	5	3	7	11	27	16	4	2	1	2	1	2	2	2	1	3	4	1	6	6	4	0	1	0	1	2	2	0	1	0	0	0	0	1	0	1	0	2	0	1	1	0	0	2	1	2	1	0	1	3	3	9	2	3	6	4	13	12	11	9	5	7	20	13	11	17	16	8	2	0	2	1	6	3	7	1	1	3	5	3	2	1	2	0	4	2	6	4	5	3	4	4	5	6	4	5	6	11	8	10	30	9	11	1	8	15	29	14	5	9	8	5	4	7	22	63	19	176	84	0	24	14	17	7	9	7	5	13	3	3	6	5	5	5	4	4	3	4	5	3	2	7	1	2	7	2	3	2	1	0	0	0	5	4	1	2	2	2	2	3	4	1	1	1	1	2	0	2	2	3	2	1	3	1	2	3	2	5	5	2	4	3	3	5	4	1	4	2	0	2	3	2	1	1	2	0	2	2	8	2	1	1	4	0	1	1	1	1	3	0	1	2	1	0	0	1	0	0	0	2	3	0	3	1	0	2	0	3	0	0	0	1	0	1	1	0	0	0	0	0	2	0	1	2	2	7	1	1	0	5	1	6	8	0	1	2	1	1	3	2	2	0	1	0	1	0	0	1	1	1	1	2	0	0	1	1	2	1	1	1	0	0	1	1	0	0	0	2	2	1	0	3	9	4	2	1	0	1	0	1	3	1	0	1	0	1	0	1	0	1	1	1	2	1	1	0	2	1	0	0	1	0	1	1	5	2	3	3	2	0	1	0	1	2	0	1	6	1	1	3	1	1	0	0	1	0	0	1	1	2	0	2	0	2	1	0	0	1	2	2	0	2	2	2	6	11	5	3	3	1	2	2	2	1	1	2	3	0	0	1	0	1	0	1	1	0	0	2	1	3	0	0	1	0	0	0	1	3	0
0	0	0	0	0	0	0	0	0	1	0	0	1	0	1	0	1	1	1	0	0	0	0	0	0	3	0	0	0	0	0	1	1	2	0	0	1	1	2	1	2	2	0	3	0	1	2	0	0	1	0	2	0	2	1	0	0	1	0	1	0	0	0	0	2	1	0	2	1	0	0	0	0	0	0	0	1	1	1	1	0	0	1	0	2	1	0	1	2	1	3	3	1	8	13	16	10	3	3	1	1	2	2	1	1	0	2	5	5	3	2	2	2	1	2	4	1	2	1	0	0	1	2	2	1	1	0	2	1	1	0	1	0	0	1	0	1	1	1	0	4	2	3	3	3	3	2	11	8	3	7	14	28	19	14	27	4	7	4	3	2	5	3	6	8	4	2	4	2	5	2	3	1	0	5	5	7	9	8	4	5	8	5	21	8	12	16	13	3	8	13	5	7	3	2	6	8	6	4	2	5	6	10	6	16	24	11	17	13	24	0	33	31	5	7	9	2	3	0	4	2	2	0	3	3	2	3	5	4	3	5	3	3	2	3	7	5	3	1	3	2	2	2	3	3	1	0	3	0	0	0	0	2	4	0	1	3	0	2	3	2	3	1	2	3	2	4	4	4	0	2	1	1	2	2	3	1	1	1	3	2	0	2	3	1	4	1	3	3	2	1	0	1	1	0	1	2	4	1	2	1	0	1	0	0	1	0	0	0	0	0	0	0	0	0	3	0	0	0	0	2	1	0	0	0	0	1	0	1	0	1	1	1	0	3	0	2	0	0	2	2	2	2	0	1	3	0	3	5	1	2	2	1	1	0	4	2	1	1	0	0	0	0	1	1	0	1	3	3	1	1	0	0	1	0	0	0	0	0	2	1	1	0	0	0	3	1	2	2	0	2	1	1	0	1	1	0	0	3	0	1	1	2	1	1	1	1	1	0	1	3	0	1	2	0	2	1	1	4	0	2	1	2	1	0	1	1	1	0	2	0	1	0	1	0	0	1	0	2	2	1	1	1	1	1	0	0	2	0	2	1	1	1	4	0	7	3	2	3	0	1	1	1	1	2	0	1	1	1	0	1	1	1	0	3	0	0	0	0	0	2	1	1	0	0	0	0	0	1
0	0	0	0	0	0	0	0	0	0	0	0	0	0	1	0	0	0	1	0	1	0	0	0	0	0	0	0	1	0	0	0	0	1	0	0	0	1	1	1	1	1	2	0	2	1	0	0	1	2	0	1	2	0	0	1	0	0	2	0	1	1	0	1	0	0	0	0	0	0	0	0	0	0	0	0	0	0	1	0	1	0	0	0	1	1	1	0	0	2	1	4	2	4	9	6	2	4	0	2	1	1	3	1	2	0	1	0	3	4	1	1	0	2	2	1	0	1	1	0	4	1	1	0	0	0	0	0	0	0	2	0	0	1	0	0	0	1	2	0	0	1	4	1	2	1	8	11	13	16	4	9	17	4	3	6	1	0	1	4	0	3	0	4	7	3	3	1	2	0	1	2	0	1	1	5	2	6	4	5	3	9	16	44	19	12	8	14	4	5	14	3	3	6	2	2	5	2	3	1	5	6	8	5	9	9	7	10	15	14	33	0	60	12	10	12	3	5	3	3	2	5	1	4	5	2	0	0	1	4	6	1	1	6	6	9	1	3	0	3	1	1	1	0	5	3	3	3	2	1	1	3	0	0	2	1	2	5	1	1	3	0	0	5	1	4	2	5	2	2	4	2	1	1	2	1	0	1	1	2	1	0	0	0	1	1	1	2	1	1	1	0	1	0	0	0	0	1	0	2	2	0	0	0	1	0	0	1	0	0	0	1	1	1	0	0	1	0	0	0	0	0	0	0	0	0	0	0	1	0	0	0	1	0	1	0	0	1	1	2	2	2	0	2	1	1	1	0	2	1	0	0	2	1	0	0	0	0	2	0	0	1	0	0	0	1	0	0	0	1	0	0	2	1	1	0	2	0	0	2	1	5	3	1	1	0	1	1	1	1	1	2	2	1	3	2	0	1	0	1	0	3	1	2	0	2	2	1	0	3	0	1	2	0	2	0	3	4	4	1	2	1	0	1	2	3	1	1	2	1	1	0	1	2	0	1	0	1	1	0	1	0	1	6	0	2	1	2	1	1	3	0	2	4	0	3	0	4	0	3	3	1	3	0	2	1	2	0	0	0	0	1	0	1	0	0	0	1	1	0	3	2	1	0	0	2	0	0	0
0	0	0	0	0	0	0	0	2	0	0	0	0	1	0	1	0	0	0	1	0	0	0	0	0	1	0	1	0	0	1	0	0	0	0	1	1	0	1	0	2	3	2	0	1	1	1	1	1	0	1	0	0	1	1	0	0	1	0	0	0	1	1	0	0	1	1	1	0	0	0	0	0	0	1	0	0	0	0	1	0	0	0	1	0	1	3	0	1	2	4	4	4	5	6	4	1	1	1	4	2	2	0	2	0	2	2	4	5	2	1	3	2	3	1	0	3	3	1	1	0	0	0	0	0	0	1	3	0	2	0	2	1	0	1	0	1	0	2	2	2	3	3	1	1	1	0	7	14	8	3	4	14	2	1	6	1	3	4	1	0	4	2	0	5	1	3	5	3	2	1	0	0	0	0	2	1	6	3	4	4	5	24	27	16	11	21	29	11	15	8	4	12	2	10	10	5	6	2	3	0	2	3	2	7	4	7	8	14	17	31	60	0	36	23	32	6	6	4	2	1	3	0	5	0	4	0	0	3	5	3	0	0	1	2	5	3	2	2	1	1	2	0	2	1	0	1	0	1	1	0	0	1	1	2	0	0	2	3	3	1	0	1	1	1	1	0	2	2	1	3	1	0	1	2	1	0	0	0	0	1	0	3	0	0	2	0	1	1	3	2	0	0	0	0	1	2	1	0	0	0	2	1	1	1	2	0	0	1	0	1	0	0	0	0	0	1	1	0	1	1	0	0	1	0	1	0	3	0	1	2	0	1	2	0	1	0	0	1	1	2	0	2	0	0	2	0	2	2	2	1	1	1	3	2	0	0	1	0	0	1	1	0	3	0	0	1	0	1	0	0	2	3	0	0	1	0	3	2	1	3	1	2	0	3	1	0	0	1	1	1	3	1	1	0	0	2	0	0	1	0	0	2	0	0	1	1	1	0	1	0	0	1	1	1	2	1	1	0	0	1	2	1	0	0	0	1	2	2	0	1	0	1	1	0	1	1	0	2	1	0	1	2	2	0	1	3	1	0	2	1	0	1	3	0	4	3	5	0	0	0	2	0	1	2	0	3	2	3	0	1	1	0	0	0	0	1	1	2	2	1	0	1	0	1	1	0	1	1
0	0	0	0	0	0	0	1	0	0	1	1	1	1	0	1	0	0	0	1	1	0	1	1	0	0	0	1	0	0	0	0	2	0	1	0	0	0	0	1	0	1	2	1	0	0	2	0	0	1	0	0	1	2	0	0	0	1	1	0	0	3	0	0	0	1	0	0	0	1	0	1	0	0	0	1	0	1	0	0	0	0	1	2	1	0	0	0	1	2	2	5	0	1	4	5	4	3	2	0	1	0	3	4	1	0	2	1	3	1	1	2	1	1	0	0	0	0	0	0	1	1	0	0	0	1	0	2	2	1	0	0	1	0	1	0	1	0	0	2	2	2	0	1	2	2	1	5	5	5	2	2	5	2	0	4	1	2	1	0	2	1	1	6	1	2	0	3	2	3	0	0	1	2	1	1	2	1	4	3	2	6	33	26	17	13	17	11	19	6	3	5	6	4	3	4	1	4	1	2	3	3	0	2	2	7	1	3	6	7	5	12	36	0	249	12	6	3	2	1	2	1	2	2	2	0	1	0	1	2	3	0	1	2	1	3	2	4	1	4	1	0	0	4	1	2	2	1	0	0	1	0	0	1	2	0	1	0	1	1	2	0	1	2	1	0	2	3	2	0	0	1	1	1	1	2	0	1	2	1	0	1	0	0	1	2	1	0	0	0	0	0	2	0	1	0	1	1	2	1	0	0	0	0	0	2	1	1	1	1	1	0	0	0	0	0	0	0	0	0	0	1	0	0	0	0	1	1	1	0	0	0	3	2	1	0	0	3	3	0	2	1	0	2	2	1	1	0	1	3	0	2	0	0	1	1	1	0	0	1	0	0	0	1	0	3	0	0	2	1	1	0	1	0	0	1	0	2	0	3	3	5	1	1	1	2	0	2	1	2	0	2	0	1	0	3	2	0	1	3	0	1	1	2	1	0	0	0	2	0	1	2	0	1	2	1	0	0	0	0	0	0	1	0	0	0	1	0	0	0	0	0	0	0	1	1	0	0	2	0	0	0	0	1	1	1	1	1	0	2	1	2	1	1	2	2	0	3	2	1	1	0	0	1	1	2	0	0	0	0	0	0	0	0	1	0	1	2	1	0	0	0	0	2	0	0	1	0	0
0	0	0	0	0	0	0	1	0	1	0	2	0	1	0	1	0	1	2	0	1	1	0	0	0	0	0	0	0	0	0	0	0	0	1	0	1	1	2	0	2	1	1	0	1	0	0	2	0	1	0	0	0	0	0	0	0	2	1	1	1	0	1	3	0	0	0	0	0	2	0	0	0	0	0	0	0	0	0	1	1	0	0	2	0	1	4	0	0	3	1	3	1	4	6	3	2	4	1	0	0	1	2	2	2	1	2	1	4	1	1	0	1	2	0	0	0	1	0	1	0	0	1	0	0	1	1	1	0	2	1	1	1	2	0	1	0	0	2	1	1	2	0	0	3	0	2	3	7	7	1	1	5	0	2	1	1	2	1	2	2	2	0	0	0	2	0	0	2	1	0	1	1	0	0	0	2	3	4	4	4	2	12	16	8	11	11	13	16	10	8	2	10	2	7	1	3	1	2	2	1	0	1	1	4	4	5	3	9	9	7	10	23	249	0	21	8	3	0	1	2	0	1	0	0	2	1	1	0	2	0	2	1	0	1	1	2	0	1	2	0	1	1	1	1	1	0	1	0	0	0	1	1	1	0	1	1	0	0	1	1	0	1	3	1	2	2	4	2	1	1	3	1	0	1	0	2	0	1	0	0	0	1	1	1	0	0	0	2	0	0	0	2	2	0	0	1	1	0	0	1	0	2	1	2	0	0	0	1	1	0	0	0	0	0	1	0	0	0	0	1	0	0	1	0	0	0	0	0	1	0	0	2	1	2	0	0	0	1	0	2	1	1	2	0	1	2	0	2	1	0	0	2	0	0	2	1	0	0	2	1	1	1	0	2	0	1	0	2	0	0	1	0	0	0	0	0	1	0	2	3	5	2	2	1	2	0	0	0	3	1	2	0	1	1	0	1	0	1	2	0	1	6	2	2	1	0	1	1	0	0	2	0	1	1	0	2	2	1	1	0	3	1	3	1	2	1	1	0	1	2	0	2	2	0	2	0	1	0	0	0	1	1	1	0	1	1	2	4	1	0	0	1	3	1	3	3	0	0	0	2	2	1	3	2	1	0	2	1	0	0	1	1	0	2	1	0	0	0	0	0	1	0	0	1	0	1	0	2
0	0	0	0	0	0	0	0	0	0	0	2	0	0	0	1	0	0	1	0	0	1	0	0	0	0	1	1	0	0	0	0	0	3	1	0	1	0	1	0	0	0	0	0	0	2	0	0	1	1	0	1	1	0	1	0	1	1	0	0	1	1	0	1	0	1	0	0	0	1	0	0	0	0	0	0	0	0	0	2	0	1	1	1	0	1	0	2	2	1	3	0	4	4	8	4	6	2	0	3	2	0	0	5	0	0	2	1	1	1	2	1	0	2	1	1	1	0	1	2	1	0	0	0	0	0	0	1	1	0	1	1	0	0	0	0	2	0	0	0	1	0	0	4	2	3	5	2	12	4	4	6	4	6	1	4	3	1	1	1	1	2	1	0	2	1	0	2	0	2	0	0	2	0	3	1	6	2	5	0	4	0	10	10	9	4	2	7	12	12	21	6	9	7	11	7	10	3	1	1	2	3	1	3	5	2	3	8	14	7	9	12	32	12	21	0	16	7	3	2	2	4	1	1	0	4	2	4	3	2	3	0	1	4	4	2	2	2	0	0	0	2	1	1	2	1	3	2	2	1	1	0	1	3	0	1	0	1	0	1	2	2	0	1	1	4	1	4	2	3	1	1	0	1	3	1	1	0	1	0	0	1	0	1	0	1	1	4	0	2	0	2	4	0	0	0	1	1	1	1	0	0	1	0	0	2	1	0	1	0	0	0	0	1	0	2	0	0	2	0	0	0	0	0	2	2	0	0	1	1	0	2	3	2	1	3	1	3	0	1	0	1	0	0	1	1	0	1	1	3	0	0	1	1	0	1	1	0	2	2	3	1	1	0	2	0	1	2	0	1	1	0	2	0	0	0	1	3	1	1	7	4	6	2	2	4	2	2	1	3	4	1	0	1	0	0	1	4	2	1	1	0	3	2	1	1	0	2	1	1	0	1	2	0	1	1	4	2	0	1	2	3	2	0	3	1	0	2	2	0	0	0	0	0	1	1	2	2	2	2	1	0	0	0	0	0	1	4	0	1	1	1	1	7	1	3	2	2	2	0	1	0	2	2	0	5	2	1	0	2	0	1	0	0	1	1	1	2	2	1	1	0	2	1	0	1	0	0	2
0	0	0	0	0	0	0	0	0	0	0	0	0	0	0	0	1	0	0	0	0	0	2	0	0	0	0	0	1	0	0	0	0	1	1	0	0	0	0	0	1	0	0	1	0	0	0	0	0	1	0	1	0	1	0	1	0	0	0	2	0	0	1	0	1	0	1	0	0	0	0	1	0	0	0	0	0	1	0	0	0	0	2	0	0	2	0	0	1	1	0	0	3	5	3	6	3	0	0	0	1	0	1	1	0	0	1	0	1	4	0	2	1	1	0	0	2	0	1	0	0	0	0	0	0	0	1	0	0	1	1	0	0	0	1	0	0	0	0	0	4	0	1	4	1	1	3	8	20	9	5	5	4	4	6	3	2	0	2	2	1	1	2	3	0	0	1	2	0	2	0	0	0	1	0	0	2	2	1	1	2	1	4	6	3	3	4	2	5	9	11	12	16	5	47	31	6	3	4	2	4	1	3	2	3	5	3	14	16	5	2	3	6	6	8	16	0	32	8	7	7	7	5	3	3	1	3	5	1	4	1	2	1	2	1	3	0	2	2	0	1	0	0	0	0	1	1	1	1	3	1	0	1	1	3	1	2	1	0	2	1	2	2	2	1	1	3	3	4	4	3	2	2	3	3	2	1	0	1	0	1	3	2	0	1	2	1	0	2	2	1	2	0	0	1	0	0	0	0	1	0	0	0	1	0	0	0	1	0	0	0	3	1	0	1	0	0	0	1	0	0	2	1	0	0	0	1	0	2	0	1	1	4	1	2	2	1	2	0	1	1	3	1	3	0	1	2	3	3	3	1	2	3	1	3	1	3	1	0	0	1	0	3	3	6	0	3	0	0	3	1	0	0	1	1	0	3	1	1	2	10	13	5	4	2	3	2	1	4	4	4	6	5	1	2	1	2	1	0	1	1	0	2	2	2	1	2	1	0	1	1	0	0	1	4	4	2	4	6	6	2	3	2	0	2	2	4	3	0	2	1	2	2	2	1	1	3	1	0	0	3	0	1	4	1	2	2	8	4	6	4	4	4	5	3	10	6	5	0	2	3	2	2	2	7	0	1	3	3	1	1	2	0	2	2	0	1	4	0	1	4	1	1	0	0	2	0	2	1
0	0	0	0	0	0	0	1	1	0	0	1	0	0	0	0	0	1	1	0	1	0	0	1	0	0	0	1	1	0	1	0	0	0	1	1	1	1	2	1	0	0	1	0	0	0	0	1	1	0	0	1	0	0	2	0	1	0	0	0	0	2	0	0	1	0	1	0	0	0	0	0	1	1	0	0	0	0	0	0	0	1	0	0	0	1	1	0	0	1	1	4	2	1	3	3	2	1	1	1	0	1	2	1	0	1	1	0	1	0	2	2	0	0	1	1	1	1	0	0	0	2	1	1	0	0	0	1	0	1	1	0	2	0	0	0	1	0	0	2	0	1	3	3	4	4	1	13	22	10	2	3	3	5	4	6	2	3	1	3	1	0	0	0	0	1	0	1	2	0	2	1	2	1	1	2	2	0	1	1	1	1	3	0	3	1	2	4	2	1	14	11	9	9	39	68	12	6	5	2	2	2	0	1	7	6	7	13	12	13	3	5	6	3	3	7	32	0	66	25	26	8	9	6	7	3	2	3	3	5	0	3	3	0	2	5	4	2	2	1	1	2	1	3	1	1	2	5	1	0	3	1	1	2	1	0	0	3	0	1	1	2	1	0	1	1	3	6	3	5	8	4	3	4	9	5	0	2	1	1	3	2	1	2	4	5	1	1	3	1	2	2	0	1	1	0	1	2	2	1	2	1	0	1	2	0	2	2	0	1	2	1	0	0	0	0	0	0	1	0	1	0	1	0	1	0	0	1	0	1	1	1	2	2	4	2	1	1	1	1	2	3	2	1	1	1	0	3	3	2	3	2	2	3	6	1	4	5	2	3	6	0	3	1	4	3	2	1	1	0	1	1	1	0	0	1	2	4	2	3	9	10	6	6	2	2	2	2	2	3	6	2	1	0	4	0	2	1	2	1	1	5	3	5	2	2	1	0	1	1	1	2	2	0	1	7	3	2	7	1	3	3	3	2	3	4	5	5	4	3	1	1	1	2	2	2	0	3	3	2	1	4	1	5	6	7	0	2	5	8	3	5	6	6	13	17	8	9	7	2	0	1	2	1	6	4	1	2	2	1	2	0	1	1	0	0	1	1	0	2	2	0	3	2	1	0	0	2	2
0	0	0	0	0	0	0	1	0	0	0	1	0	0	2	0	0	0	0	0	0	1	0	1	0	0	0	0	0	0	0	0	0	1	1	2	1	1	0	1	1	0	1	0	1	0	0	0	0	1	0	1	0	0	0	0	0	0	1	0	0	0	1	0	0	1	0	0	0	0	1	0	2	0	0	0	0	0	0	0	0	3	1	0	0	0	0	1	0	1	2	2	3	6	5	5	0	1	0	0	0	0	0	1	1	1	1	2	3	3	2	1	0	1	1	0	2	2	2	0	0	0	0	1	1	1	1	3	0	3	2	0	1	1	2	1	1	3	1	3	1	3	1	1	2	3	11	7	11	6	2	3	5	3	3	5	1	0	4	1	2	0	1	1	2	0	3	0	0	0	0	0	2	0	1	2	2	0	1	1	0	1	0	3	1	1	3	2	3	3	11	11	12	10	20	39	19	8	1	2	3	1	3	1	3	6	9	11	10	3	0	3	4	2	0	3	8	66	0	22	43	11	9	6	5	2	4	4	7	2	9	2	0	2	2	1	3	3	0	0	2	3	3	2	4	2	3	1	2	0	1	3	2	0	2	0	2	1	2	0	2	0	0	1	1	1	2	7	2	4	8	2	5	6	7	3	3	3	0	0	3	1	3	1	2	1	1	0	2	3	3	2	0	1	0	0	2	2	0	1	4	1	1	0	0	2	4	1	1	0	0	1	2	2	0	0	1	1	1	1	0	0	1	0	0	1	1	2	0	1	4	2	4	3	2	0	2	3	2	3	0	4	5	3	3	1	2	3	4	5	4	6	1	3	4	2	2	1	0	0	2	0	0	1	4	0	0	0	1	2	3	2	1	2	1	2	2	1	2	2	2	10	9	3	3	2	2	0	4	4	1	3	0	2	1	0	0	0	0	3	0	4	1	4	2	4	0	1	2	1	4	1	2	2	3	1	1	2	1	2	6	9	4	2	1	1	6	5	4	2	3	2	4	2	3	0	1	2	6	1	3	1	3	9	5	5	0	3	6	16	6	3	5	8	27	26	21	14	2	5	2	5	4	1	12	7	6	2	2	1	0	0	3	0	0	2	0	2	1	5	0	2	2	2	0	2	0	2	2
0	0	0	0	0	0	0	0	0	0	0	0	2	1	1	1	0	1	1	0	1	0	0	0	0	0	0	0	1	0	0	0	1	0	0	0	1	3	1	0	0	0	1	1	0	2	0	0	0	0	0	1	0	0	1	0	0	0	0	0	1	0	0	1	2	0	1	0	1	0	0	0	0	1	0	0	0	0	0	0	0	1	0	1	1	0	1	0	1	0	3	1	0	2	0	1	0	1	2	0	0	0	0	1	1	1	0	0	2	0	1	1	1	2	0	3	1	1	1	0	0	0	0	1	0	0	0	0	1	1	1	0	0	0	0	1	1	1	0	1	2	3	4	1	1	2	3	10	10	5	4	2	5	1	0	3	1	1	2	0	1	0	2	1	2	1	1	3	0	0	0	0	0	3	0	1	1	0	0	0	0	2	1	2	1	2	1	0	4	3	6	5	5	5	5	7	7	5	1	4	1	6	1	5	0	5	5	6	3	3	4	3	2	1	1	2	7	25	22	0	170	26	4	12	2	5	7	1	3	1	5	2	6	2	5	3	3	0	0	2	3	0	1	1	1	3	5	6	2	2	3	2	2	1	2	1	0	0	2	3	0	1	1	0	2	1	5	4	4	7	14	4	3	7	20	12	3	6	4	2	1	3	3	1	0	4	3	3	3	3	3	0	1	3	0	0	1	0	0	1	2	2	0	0	0	1	2	1	2	0	0	1	1	2	0	0	2	0	0	1	1	1	1	2	1	1	0	2	0	1	4	1	1	2	3	3	1	2	0	0	3	5	1	0	0	1	2	0	6	4	4	7	4	5	2	4	1	0	5	1	4	0	1	1	7	1	1	2	1	0	3	0	1	1	0	1	1	4	4	6	3	10	5	3	3	2	3	0	3	1	6	6	3	0	0	0	2	3	0	0	2	5	5	5	2	3	1	2	0	0	1	1	1	2	2	1	4	5	1	8	3	4	7	7	2	2	14	8	2	3	1	0	0	2	1	0	4	0	3	1	3	2	1	2	5	5	6	4	6	9	3	0	2	9	10	13	26	18	13	5	4	9	4	1	6	11	2	5	1	3	0	0	1	1	3	0	2	1	0	1	0	3	2	1	2	2	1	1	0
0	0	0	0	0	0	0	0	0	0	0	0	1	0	0	1	0	1	0	0	1	0	2	0	0	0	1	0	0	1	2	0	0	0	1	0	1	1	2	1	2	0	1	0	0	0	0	1	0	0	0	0	2	1	0	1	1	3	1	0	0	0	0	0	0	0	0	0	0	1	1	1	1	0	0	0	0	0	0	1	0	0	0	1	1	0	0	1	0	1	1	1	2	3	2	2	2	0	0	1	0	1	0	1	0	0	1	0	3	0	3	1	0	0	1	0	2	0	0	0	1	0	1	0	1	1	2	3	1	0	0	2	0	1	1	1	1	3	1	0	2	1	2	4	4	2	3	10	7	4	4	1	7	0	1	5	0	1	2	0	1	0	1	0	3	2	3	2	0	0	1	1	0	1	2	0	2	0	0	0	1	0	1	4	2	0	2	2	1	2	10	5	8	6	9	13	7	8	3	4	3	1	4	3	3	9	7	6	9	6	2	2	1	2	2	2	7	26	43	170	0	32	12	3	4	3	7	1	1	2	5	4	2	0	2	1	5	4	0	0	1	1	1	0	4	1	0	2	1	1	1	0	2	1	2	5	3	2	1	0	2	0	2	2	1	2	1	2	4	3	6	6	2	9	19	12	5	3	4	3	3	3	5	1	4	4	2	2	4	2	1	3	3	1	0	0	1	4	0	0	0	0	0	0	3	1	3	3	0	2	1	2	2	3	1	0	0	1	0	0	2	0	0	0	0	0	2	2	0	2	1	1	2	0	3	3	0	0	2	2	1	1	0	3	0	0	3	7	9	12	3	4	10	7	4	3	0	2	2	3	4	4	1	3	2	1	1	0	0	3	0	2	1	0	3	2	0	2	3	3	8	5	5	5	2	2	2	2	3	2	5	2	4	0	1	1	1	0	1	2	3	4	1	0	2	0	1	2	0	2	2	0	0	0	1	1	3	3	3	2	7	5	5	6	4	4	11	9	4	3	2	1	3	2	3	0	1	5	6	3	2	1	3	14	5	1	6	7	9	21	2	6	0	3	15	15	32	31	7	5	2	4	1	8	13	14	9	2	5	2	0	0	0	0	1	0	0	1	1	2	1	3	2	2	2	2	0	1	1
0	0	0	0	0	0	0	0	1	1	0	2	1	0	0	0	0	0	1	0	0	2	0	0	1	0	0	0	0	0	0	0	0	1	1	1	0	1	0	2	1	0	1	0	0	0	1	1	2	1	0	0	0	0	2	0	1	1	0	0	0	0	1	0	0	0	1	0	0	1	0	1	0	0	1	0	1	0	0	1	0	0	0	0	0	0	0	0	1	1	0	2	3	2	4	3	1	1	0	1	1	1	0	1	0	1	1	1	1	0	0	1	2	0	0	0	0	1	1	0	1	0	0	2	0	0	0	1	2	0	3	0	0	0	2	0	1	0	0	2	3	2	1	7	6	7	7	8	3	4	5	0	2	7	0	3	2	1	2	1	0	1	0	1	3	1	1	0	1	1	0	0	0	0	0	0	0	0	1	0	1	0	0	1	1	2	0	2	1	1	2	4	2	3	4	9	5	10	2	3	3	1	2	3	4	8	6	10	4	5	2	5	3	1	0	4	7	8	11	26	32	0	28	21	26	13	9	9	6	3	5	5	1	0	6	1	0	1	2	2	0	0	1	0	1	4	6	6	4	5	3	3	3	0	3	2	4	4	2	1	1	0	1	0	5	0	5	0	4	5	9	4	3	16	27	34	9	5	2	6	3	4	11	5	4	12	2	5	5	2	0	5	0	2	2	2	4	1	3	3	3	2	1	1	1	1	1	3	2	2	1	1	1	2	2	0	0	1	2	2	1	1	1	1	2	1	3	1	1	1	1	3	4	0	1	2	1	1	2	2	0	6	6	3	0	4	2	7	6	12	5	12	10	4	6	3	1	4	3	2	3	1	1	1	1	1	0	1	0	1	0	2	0	1	1	0	1	2	0	3	2	2	2	2	1	0	1	0	2	1	2	2	1	0	1	2	0	1	0	0	1	0	2	2	2	0	0	1	0	0	0	1	0	0	1	2	3	1	2	6	7	3	8	9	5	4	11	7	4	3	1	3	4	1	1	4	3	0	2	0	1	1	0	6	1	3	0	1	5	5	9	1	2	6	13	18	85	86	15	5	2	7	5	2	10	5	4	2	1	1	0	1	3	0	1	1	2	0	1	0	2	0	0	0	0	0	0	1	1
0	0	0	0	0	0	0	0	0	0	1	0	0	0	0	0	1	1	0	1	0	0	1	0	0	0	1	0	0	0	3	0	1	0	2	0	2	0	0	0	0	0	1	1	1	0	0	0	0	0	0	0	1	1	0	0	0	0	1	0	0	3	0	0	0	1	0	0	1	2	0	0	0	0	1	0	1	0	0	0	1	0	1	0	0	1	0	2	2	1	0	2	2	7	1	3	1	0	1	2	1	1	0	1	2	4	2	3	5	0	5	1	1	1	2	3	0	1	3	3	3	1	0	1	2	2	3	1	0	3	2	0	1	2	2	1	2	0	0	6	2	4	4	6	2	10	15	4	4	3	5	1	2	5	5	6	5	3	3	3	3	1	0	2	0	3	3	3	1	1	1	0	1	1	1	2	3	1	5	1	0	0	0	2	1	0	0	6	3	0	3	5	7	1	5	4	15	16	3	2	3	1	1	2	3	4	7	6	5	5	0	1	0	2	1	1	5	9	9	4	12	28	0	48	14	11	7	1	3	5	11	3	2	2	2	3	2	1	2	1	1	2	0	2	2	3	2	6	8	9	2	0	2	1	3	3	1	3	2	3	3	0	0	0	1	1	0	1	2	3	4	0	1	1	5	7	5	3	4	5	6	6	7	6	9	13	13	14	17	6	8	6	1	3	1	2	3	7	14	5	2	2	5	1	1	0	3	2	4	4	4	1	3	3	0	2	3	0	1	0	0	0	1	1	1	1	1	3	0	1	1	0	3	0	2	4	2	1	3	4	8	12	7	4	0	4	3	5	13	9	6	5	8	0	1	0	2	1	0	0	1	1	3	3	1	0	1	0	1	2	0	0	1	1	1	2	1	2	2	2	1	4	5	0	1	0	1	1	1	2	2	0	2	0	0	0	0	0	2	2	1	1	4	2	1	1	0	1	1	0	0	1	0	1	1	1	3	2	1	3	2	2	6	8	3	5	2	6	2	5	7	3	4	3	3	1	1	5	2	2	3	3	3	3	3	0	0	1	3	1	2	1	4	6	22	17	21	18	7	6	2	2	4	2	4	9	2	0	2	1	2	4	1	0	0	0	2	0	1	0	0	3	0	0	0	0	0	1	0
0	0	0	0	0	0	0	0	0	0	0	0	0	0	1	0	0	0	0	0	0	1	1	0	2	0	0	0	0	1	0	2	1	1	2	1	1	2	0	1	0	1	0	0	0	1	0	0	0	0	0	0	0	0	0	0	0	0	0	2	0	1	0	0	0	0	0	0	0	1	0	1	0	0	1	1	0	1	0	0	0	1	1	0	2	2	1	0	0	1	0	1	1	5	10	1	3	2	2	0	2	1	2	0	2	1	3	1	3	0	1	3	0	0	1	1	1	1	0	0	2	0	0	2	2	2	1	1	2	3	0	1	0	0	0	2	0	1	0	2	2	3	2	5	15	12	8	6	3	3	3	2	6	2	2	4	6	2	4	2	0	0	2	1	1	2	2	2	1	1	1	1	0	0	2	2	5	3	2	2	1	0	3	2	1	0	1	1	0	1	9	3	4	1	2	4	4	17	5	7	7	5	4	3	12	3	5	4	4	5	3	4	5	2	0	1	3	6	6	12	3	21	48	0	125	24	16	9	3	5	17	4	4	8	2	2	1	1	4	2	1	1	5	2	4	7	7	17	3	20	5	5	2	1	3	5	6	4	7	4	2	3	3	3	6	5	3	1	3	5	5	4	7	14	7	15	7	6	5	4	11	13	21	7	7	11	4	9	7	7	0	1	3	3	2	0	3	4	8	1	3	1	1	1	3	0	3	2	1	1	1	0	2	1	2	1	0	0	1	0	1	1	0	0	1	1	4	3	0	1	1	0	2	1	2	3	1	1	4	3	2	5	4	1	3	1	2	5	6	6	2	8	6	3	3	2	2	2	1	1	2	0	1	0	2	1	0	1	0	0	1	0	1	2	1	0	1	3	1	0	0	1	3	0	3	1	3	2	0	0	0	0	1	1	1	0	1	0	2	1	1	0	2	0	1	1	1	0	2	1	1	1	1	3	1	1	1	1	2	0	0	1	5	1	5	3	5	4	1	1	4	2	1	0	4	1	2	2	1	2	1	1	0	4	2	0	0	1	4	1	0	0	1	3	4	20	16	11	6	7	4	2	0	2	5	4	1	2	0	1	1	1	0	0	0	0	0	1	1	0	0	1	1	0	1	1	0	0	1
0	0	0	0	0	0	0	0	1	1	0	0	1	0	0	1	0	1	3	0	1	1	0	2	0	1	0	0	0	0	0	0	1	0	0	1	0	1	1	0	1	0	1	0	0	1	0	0	1	0	0	1	1	0	1	0	1	0	0	0	0	0	0	1	0	1	0	0	1	0	0	0	0	0	0	0	1	0	0	0	0	2	0	1	1	0	1	1	2	2	0	0	1	1	2	1	2	3	1	0	0	1	0	1	0	0	1	2	0	5	1	1	2	1	2	0	1	2	0	0	0	1	1	1	2	0	2	2	1	0	2	0	0	0	3	0	3	4	4	6	1	8	1	2	9	3	5	8	4	2	5	6	2	3	1	2	5	2	1	3	0	4	3	0	0	3	4	1	1	1	2	2	1	0	0	1	3	1	3	1	0	2	2	1	0	2	1	1	1	2	0	1	0	3	2	3	7	9	5	5	2	8	7	3	4	4	3	4	2	4	3	5	0	2	0	0	3	7	5	2	4	26	14	125	0	37	22	9	12	11	13	7	4	6	0	1	0	1	1	2	4	1	2	5	3	5	6	21	12	8	6	2	7	5	4	6	1	9	3	2	4	1	2	3	1	4	0	1	2	2	4	4	7	19	13	13	26	16	6	10	35	22	12	7	5	10	4	5	6	2	1	6	5	1	4	2	2	4	3	1	1	1	2	2	0	0	4	3	0	0	0	2	0	1	2	0	0	1	1	0	1	0	2	0	0	1	0	0	0	2	2	0	1	1	3	1	1	2	1	3	4	6	2	3	5	4	1	10	5	9	5	3	4	3	0	2	1	6	2	2	2	1	2	0	0	1	2	0	0	1	1	1	1	1	2	0	1	2	0	2	1	3	3	1	1	1	0	1	2	1	0	1	0	1	0	1	0	0	0	1	1	2	2	0	1	0	2	1	1	2	1	0	0	0	1	1	4	2	1	5	8	3	4	6	4	7	5	9	1	2	3	0	2	5	0	2	0	3	2	0	4	2	2	4	3	4	0	1	2	2	0	1	0	2	4	6	16	10	11	6	5	5	3	4	2	4	3	1	2	2	1	3	1	0	1	1	0	0	2	1	1	1	0	0	0	1	2	0	0
0	0	0	0	0	0	0	0	2	0	1	0	1	1	1	0	0	0	0	2	2	0	1	1	1	0	0	0	2	0	0	0	1	0	0	1	1	0	1	1	0	1	0	0	0	1	0	0	0	0	0	0	0	1	0	1	0	0	0	0	0	0	0	0	0	0	0	0	1	0	0	0	0	0	1	0	0	0	0	0	0	0	0	0	0	0	0	2	1	0	1	3	1	1	3	4	0	0	1	1	2	0	0	1	0	0	0	3	0	2	0	2	1	1	2	2	2	0	1	0	0	1	0	0	0	2	0	2	2	1	0	1	0	0	1	0	1	1	4	2	2	4	6	4	4	7	9	2	3	7	7	9	4	5	2	6	4	1	1	2	1	2	1	1	3	3	4	3	3	5	1	0	0	0	3	2	2	2	3	2	1	1	1	1	0	0	1	4	0	3	5	4	3	1	1	3	4	10	3	11	9	7	7	3	7	6	13	6	5	4	2	2	4	0	2	4	1	3	2	5	3	13	11	24	37	0	64	13	18	53	63	19	8	7	1	2	3	2	2	0	4	2	5	6	2	12	13	42	7	15	8	10	5	7	5	4	2	8	5	7	7	2	3	2	6	5	6	1	0	0	4	5	6	19	11	13	16	14	17	15	11	15	2	4	1	7	1	4	2	5	1	3	1	0	1	3	2	1	0	5	0	1	2	1	1	1	1	0	1	0	0	1	0	0	0	0	0	1	0	1	0	0	2	1	0	0	0	0	0	2	1	1	1	2	0	2	2	2	0	1	1	5	4	1	0	3	4	1	7	2	3	7	5	1	1	2	1	2	0	2	3	1	0	2	5	1	2	2	0	0	1	0	1	1	1	0	1	0	1	1	4	1	0	1	0	0	0	1	0	3	0	0	1	0	1	3	0	0	0	0	1	0	3	2	0	2	2	2	0	2	1	0	1	1	3	1	4	5	4	4	7	1	3	0	7	3	0	1	2	3	4	1	0	1	2	2	1	1	0	2	0	1	3	3	0	3	1	2	2	3	0	1	1	1	4	8	13	5	7	0	1	3	2	1	1	2	1	2	0	2	2	1	0	0	0	0	0	0	0	0	0	0	3	1	0	2	0	1	0
0	0	0	0	0	0	0	0	1	0	0	0	1	0	0	0	1	2	0	0	0	1	0	0	0	0	1	0	0	1	1	0	0	1	0	1	0	0	0	0	0	0	0	0	1	0	0	0	0	0	0	0	0	0	0	0	0	1	0	0	0	0	0	1	0	0	0	0	0	0	0	0	0	0	0	0	0	0	0	0	0	1	1	0	1	0	0	2	1	3	0	0	0	0	5	2	2	1	1	1	0	0	0	0	2	0	0	0	0	0	0	3	0	1	0	0	0	2	0	1	1	1	1	2	2	0	0	0	0	0	1	0	0	1	0	0	0	3	1	2	1	2	0	0	5	9	0	6	2	4	7	3	9	1	0	4	1	1	0	3	0	2	3	1	2	1	1	4	1	1	1	1	1	0	2	0	4	3	1	1	0	1	1	1	2	0	0	2	2	1	3	4	2	2	0	4	3	6	3	8	18	17	3	3	2	5	6	5	4	3	3	0	0	1	1	2	3	2	4	7	7	9	7	16	22	64	0	100	55	49	26	10	7	6	5	5	1	3	5	4	4	0	4	3	5	6	8	8	7	9	11	11	8	7	5	12	13	37	9	4	7	6	2	15	8	8	5	8	5	4	8	11	12	30	25	16	18	7	12	12	8	6	1	6	5	4	5	5	3	0	3	2	0	0	0	0	2	1	2	0	0	2	1	1	0	0	1	3	3	1	0	0	1	3	1	0	1	0	0	1	0	0	0	2	1	0	0	0	1	1	0	0	0	0	0	0	0	0	0	1	0	4	2	3	3	1	4	0	4	5	3	1	4	2	3	3	4	1	1	0	6	1	0	1	1	1	2	0	1	0	2	1	2	0	3	1	1	1	2	1	2	0	0	0	1	0	2	2	0	2	2	1	2	2	2	1	1	0	0	2	4	1	1	0	0	1	0	1	1	2	1	4	1	2	0	6	4	7	1	5	6	6	5	6	1	3	6	2	0	1	3	0	0	3	2	2	4	0	3	1	1	2	2	3	2	0	0	0	2	3	1	0	2	1	3	6	8	6	4	2	3	3	1	1	4	4	2	2	2	0	0	0	1	0	2	2	0	0	0	1	0	0	0	2	1	0	1	0	1
0	0	0	0	0	0	0	0	0	0	1	1	0	0	0	0	0	1	1	1	0	0	0	0	0	1	0	0	2	0	0	0	1	0	0	1	0	1	1	1	2	0	0	0	1	1	1	0	0	0	0	1	0	1	0	0	0	0	1	0	0	0	2	1	1	0	1	0	0	1	0	0	1	0	0	0	0	0	0	0	0	0	0	0	0	1	0	0	0	1	0	1	3	3	3	2	0	1	1	1	2	1	1	2	0	0	1	1	0	2	0	1	1	2	0	1	0	0	0	1	0	0	0	1	0	1	0	0	0	0	1	0	0	0	0	0	0	0	1	0	2	1	2	2	3	5	1	6	6	10	7	6	7	3	3	1	1	3	1	2	1	2	0	1	0	4	4	3	1	0	2	0	1	1	2	1	2	2	2	0	1	1	0	2	3	2	1	2	0	1	1	3	2	0	0	4	5	6	1	5	9	8	2	4	9	6	6	1	7	4	5	0	0	0	1	4	5	3	4	1	1	9	1	9	9	13	100	0	93	25	13	6	10	11	11	1	3	3	2	0	8	2	1	3	7	7	2	6	3	4	5	8	16	9	10	24	29	45	7	3	10	10	2	9	11	9	13	8	5	6	10	25	25	14	14	7	13	8	12	12	4	5	3	1	4	6	0	2	2	0	1	1	0	0	3	1	1	2	0	1	2	1	0	1	0	0	0	1	3	0	2	0	0	1	0	0	0	0	0	0	0	0	0	0	0	0	1	0	0	0	0	1	1	1	0	1	0	0	0	0	0	3	1	1	3	1	0	1	5	0	2	4	5	2	1	2	1	1	0	1	5	1	6	4	4	1	3	1	1	0	0	2	0	1	0	0	0	2	2	1	4	1	3	1	0	0	1	0	2	0	0	0	0	1	1	0	1	0	1	4	6	3	2	2	5	2	2	1	4	2	1	3	2	3	2	2	8	8	6	8	5	7	4	8	2	5	3	6	1	1	1	2	2	0	3	1	1	0	1	0	0	1	2	0	1	1	2	2	3	5	0	1	0	2	1	4	10	0	9	3	1	3	2	3	5	3	2	2	1	1	0	1	1	3	2	0	0	1	0	1	0	0	0	0	0	0	2	0	0
0	0	0	0	0	0	0	1	0	0	0	0	0	0	0	0	0	2	0	0	1	0	0	0	0	2	0	0	0	0	0	0	0	1	0	0	0	0	0	0	0	0	0	0	0	0	0	0	0	1	0	0	0	0	0	0	0	1	0	0	0	1	0	1	0	0	0	0	0	0	0	0	0	0	0	0	0	0	0	1	1	0	0	0	2	0	0	0	2	0	1	0	3	0	0	0	2	1	2	0	0	0	1	3	0	0	1	0	1	0	1	1	1	0	1	1	0	0	1	1	0	0	0	0	0	0	1	1	0	1	0	0	1	0	0	1	0	0	0	1	0	2	1	3	1	5	3	5	8	1	5	3	3	2	3	2	3	0	2	2	0	0	0	1	1	2	3	4	3	4	2	1	1	0	3	1	2	2	0	0	1	0	2	0	2	2	1	0	0	2	2	1	1	0	3	1	3	3	5	3	6	2	6	1	4	2	6	3	0	5	4	1	3	1	0	3	1	3	7	3	1	6	3	3	12	18	55	93	0	30	10	11	6	5	3	4	3	3	2	6	3	4	4	8	5	10	8	10	2	5	13	14	21	14	21	24	15	105	11	9	28	11	3	14	9	9	9	9	2	3	8	4	13	18	4	12	10	20	20	14	7	4	3	3	2	1	4	3	0	4	1	0	1	1	1	2	0	2	0	0	1	0	1	0	2	1	0	0	1	2	1	3	0	0	0	0	0	0	0	0	0	3	0	0	0	0	1	0	0	1	1	2	0	1	1	1	0	1	1	1	1	1	1	1	0	1	1	5	2	3	2	4	2	1	3	4	1	1	1	0	1	3	5	7	8	4	2	2	3	1	1	2	1	2	1	0	0	2	2	2	1	3	1	1	0	3	1	1	0	1	2	2	1	2	0	1	1	1	1	1	2	2	5	3	0	1	1	1	3	4	2	2	1	2	1	4	6	5	4	0	1	6	5	10	6	2	6	0	0	0	2	2	2	0	1	0	0	1	0	0	0	0	2	0	4	2	1	3	3	3	0	1	0	3	1	3	1	5	4	2	4	0	2	0	5	0	0	1	1	1	0	0	2	2	1	0	1	1	1	1	0	0	2	1	1	1	0	2	0
0	0	0	0	0	0	0	0	0	0	0	0	1	0	0	0	1	1	0	0	1	0	0	0	0	0	0	0	0	2	0	0	0	0	0	0	1	3	2	0	1	0	0	0	2	2	1	1	1	1	3	0	0	0	0	0	1	0	0	1	0	0	0	0	1	0	0	1	0	0	1	0	0	0	0	0	0	0	0	1	0	0	0	0	0	1	1	0	0	0	1	1	0	5	3	0	2	2	1	0	3	0	1	1	1	0	0	0	2	2	3	2	1	1	2	2	0	1	0	1	0	2	0	0	0	1	2	0	1	0	0	0	0	1	2	0	0	1	1	4	3	3	2	1	2	8	2	4	7	3	3	5	6	5	4	9	1	1	1	2	1	2	0	1	4	2	1	4	4	6	1	2	1	0	0	3	2	3	5	0	3	1	0	0	0	1	3	1	1	1	2	1	1	2	1	2	4	7	12	7	24	24	8	6	6	2	6	6	2	3	3	4	5	2	2	2	4	5	2	1	2	3	5	5	11	53	49	25	30	0	41	25	15	8	8	9	2	6	4	3	6	2	7	7	9	10	15	33	8	16	20	11	8	4	2	5	3	37	13	9	15	5	2	2	10	14	8	4	6	2	9	5	3	9	11	3	10	9	12	9	6	1	5	3	1	3	1	3	2	1	2	2	0	1	1	1	0	2	6	3	3	0	0	1	0	0	0	0	1	3	0	1	1	2	1	0	0	0	0	0	1	2	0	0	2	0	0	0	1	0	1	0	2	1	4	2	1	0	0	4	2	3	3	2	1	2	0	1	3	2	2	3	1	0	1	1	1	0	5	1	0	1	2	0	0	3	1	0	3	0	0	1	0	0	1	0	2	2	0	1	0	0	2	1	1	1	1	1	0	1	3	0	0	1	0	0	1	0	0	1	2	3	1	2	1	1	0	1	0	0	1	0	0	1	2	1	3	5	4	1	4	2	6	5	4	1	6	2	0	2	0	1	0	1	1	1	2	2	0	1	3	2	3	0	2	0	0	0	3	4	0	0	1	1	3	5	7	2	7	2	1	0	1	0	3	2	0	0	1	0	0	0	2	0	1	0	0	0	0	1	0	0	0	1	0	0	3	0	1
0	0	0	0	0	0	0	1	0	0	0	0	0	1	0	0	0	0	0	1	2	0	3	0	1	1	0	0	1	1	1	0	0	0	1	0	1	1	3	0	0	0	0	0	0	2	1	1	0	0	2	1	0	0	0	0	1	0	0	0	2	1	1	0	0	0	1	0	1	0	0	0	0	0	0	0	0	0	1	0	0	0	0	0	1	0	0	2	0	0	1	1	1	7	6	6	1	1	2	2	0	1	2	1	0	4	0	0	3	3	2	1	2	0	3	1	0	0	0	0	0	1	1	0	0	1	1	0	0	0	0	1	1	2	1	0	2	1	1	3	3	4	5	8	6	13	16	8	10	0	7	7	6	9	4	13	11	1	2	0	1	6	5	1	4	4	4	6	3	3	0	1	1	2	2	2	6	4	5	3	1	1	1	2	0	2	1	2	1	1	10	0	3	2	4	7	6	16	14	27	25	11	8	13	21	15	27	6	7	2	5	6	3	3	0	3	1	0	9	5	5	5	11	17	13	63	26	13	10	41	0	24	16	7	3	4	3	0	3	2	1	0	2	1	2	10	16	17	8	14	4	6	2	2	2	4	4	4	2	4	5	2	3	4	3	8	3	1	3	3	9	7	4	8	18	5	5	5	8	1	4	4	3	2	3	4	1	4	5	0	1	0	2	2	1	2	2	2	6	1	2	1	2	0	2	0	1	1	2	1	0	1	1	3	1	1	0	1	0	0	0	1	0	0	0	0	0	0	0	0	2	2	0	1	1	2	4	1	2	0	2	4	3	3	1	2	1	1	2	1	3	2	4	2	1	0	1	1	0	2	0	2	1	3	2	3	1	0	3	1	0	1	1	0	1	0	0	0	1	1	0	1	0	1	3	1	0	1	2	2	0	1	0	1	0	1	3	0	2	3	1	0	0	2	0	0	1	2	0	1	1	1	1	3	3	4	6	2	3	3	0	6	3	4	3	2	3	5	0	3	1	4	0	0	0	1	0	3	1	1	0	2	2	2	1	1	0	0	3	1	1	1	1	1	3	9	13	3	6	0	1	1	3	0	3	2	1	0	0	0	1	0	1	1	0	0	0	1	1	1	1	0	0	0	0	0	0	0	2
0	0	0	0	0	0	0	1	1	2	0	0	0	0	0	0	0	0	0	2	1	1	0	0	0	2	0	0	0	1	0	1	0	0	0	1	0	0	0	3	0	1	1	0	2	0	0	0	2	0	1	0	1	1	0	1	0	0	2	0	0	0	0	0	0	1	0	0	0	0	0	0	0	0	0	0	0	0	0	1	1	1	1	1	0	0	0	2	0	1	0	1	1	3	3	0	4	0	2	1	1	1	1	0	2	2	1	1	4	2	1	2	0	2	4	1	3	1	0	1	2	1	0	0	1	0	1	0	1	0	1	0	0	0	3	1	0	0	2	2	4	8	9	5	11	7	9	4	4	2	8	4	8	11	7	12	5	4	2	4	1	3	0	4	7	7	8	6	9	13	1	2	1	1	5	2	2	0	2	2	2	2	1	3	0	1	4	0	0	3	0	1	0	1	1	3	6	8	28	57	23	32	13	23	13	10	10	6	2	7	3	1	0	0	2	0	2	3	2	2	4	5	3	4	7	19	10	6	11	25	24	0	33	7	6	6	3	0	5	6	3	8	7	13	19	31	33	10	10	14	27	13	3	3	4	2	4	5	11	5	12	2	2	3	7	8	6	2	3	0	2	5	3	6	0	6	2	7	9	5	7	3	8	1	2	2	7	4	1	0	1	2	0	0	1	1	4	2	3	1	4	1	0	0	1	1	1	3	1	0	0	0	0	1	1	0	1	0	1	0	1	1	1	0	0	0	2	0	0	0	2	1	4	0	0	2	0	0	2	1	5	1	2	3	2	0	1	2	2	2	3	1	3	0	1	0	2	1	0	0	0	1	1	2	0	0	0	0	2	0	0	0	0	1	0	0	0	1	0	1	1	3	0	3	3	1	2	0	1	0	0	1	2	0	0	0	0	1	0	0	0	0	2	2	1	1	2	0	1	1	1	2	0	0	0	2	4	4	3	3	0	3	2	2	2	1	0	2	1	1	0	2	0	2	0	1	1	1	0	1	1	0	1	0	0	1	1	0	1	1	2	0	1	2	8	2	3	3	2	0	2	1	2	1	0	3	1	0	1	1	0	0	1	0	1	0	0	0	1	0	1	0	0	1	0	0	0	0	1
0	0	0	0	0	0	0	0	1	1	1	0	0	1	0	0	0	0	0	2	0	0	1	0	0	0	0	0	0	1	0	0	0	0	0	1	0	0	0	0	1	0	1	0	0	2	1	1	3	2	1	0	2	1	1	0	0	1	0	0	0	0	1	1	0	0	0	0	1	0	0	2	0	0	1	0	0	1	2	1	0	1	1	0	0	0	0	1	0	0	3	1	0	0	2	2	4	3	2	2	0	0	0	2	0	0	3	1	3	1	0	0	0	1	1	2	1	0	2	1	2	0	1	2	0	1	0	2	2	1	0	0	0	2	0	0	0	0	0	1	5	3	4	2	2	7	4	1	3	2	6	7	6	4	1	6	3	3	1	1	3	1	2	3	5	4	2	6	7	19	1	1	1	1	4	2	4	5	1	2	5	0	2	6	3	4	2	4	3	1	1	0	1	1	0	2	1	3	21	13	9	35	19	22	8	6	2	1	1	1	3	1	0	1	1	1	1	3	0	6	2	1	2	4	4	8	7	10	6	15	16	33	0	29	2	10	4	8	8	9	15	9	7	54	83	12	11	2	2	9	25	18	6	6	8	4	3	9	18	19	10	6	4	3	8	9	6	3	0	2	3	2	2	4	3	1	4	3	6	1	4	2	4	1	2	2	4	0	2	0	1	1	1	0	1	2	3	2	1	3	2	0	4	0	0	0	0	1	0	0	0	0	0	1	1	0	0	1	0	0	0	2	0	1	1	1	0	2	1	1	1	0	0	0	1	0	0	0	1	1	2	3	3	0	3	2	1	0	0	0	2	0	0	1	2	1	0	0	0	0	2	1	0	2	2	1	1	1	2	0	0	2	2	1	0	1	0	1	0	0	0	1	1	1	1	1	0	2	0	0	0	3	1	0	2	1	0	0	1	1	0	0	3	1	2	0	0	0	2	2	0	0	2	0	1	1	0	1	2	3	3	2	0	0	0	1	2	5	0	0	0	0	1	2	1	0	0	0	0	0	1	1	0	0	0	0	0	0	2	1	1	0	1	1	1	3	2	2	3	0	0	0	2	1	1	0	1	1	0	0	0	1	0	0	0	0	1	0	1	0	1	0	0	0	0	0	0	0	0
0	0	0	0	0	0	0	0	0	0	0	1	1	0	0	0	0	0	0	0	1	0	0	0	0	0	0	0	0	0	0	0	0	0	1	1	0	1	0	1	0	2	1	0	0	0	1	0	0	0	0	0	1	0	0	0	0	2	1	1	0	0	0	1	0	0	0	0	0	1	0	0	0	0	1	0	0	1	1	0	0	0	0	0	0	0	1	0	0	1	0	1	0	2	2	1	4	1	4	2	2	1	0	0	0	1	0	0	1	2	1	1	2	0	0	0	2	1	0	1	0	0	0	0	0	0	1	0	0	0	0	0	0	0	2	2	0	0	1	0	2	2	1	0	0	1	4	5	6	7	11	16	7	7	3	3	4	0	2	0	2	1	2	3	5	2	5	8	5	11	1	1	3	1	6	1	4	1	3	1	3	1	3	4	4	1	2	0	4	2	1	2	1	1	1	3	1	0	1	11	10	36	17	15	5	3	8	4	2	2	2	6	1	2	0	4	2	0	2	2	0	0	2	8	6	7	6	11	5	8	7	7	29	0	29	18	16	4	11	14	29	13	11	20	17	4	2	3	1	4	8	7	3	10	2	5	5	15	25	9	7	5	6	15	16	16	13	5	5	1	1	2	5	2	3	1	3	3	5	0	5	0	1	2	1	2	2	1	0	1	1	0	1	0	1	0	3	0	0	0	0	0	1	0	1	2	0	0	1	0	0	0	0	0	0	0	0	0	0	0	0	1	1	1	1	0	0	1	0	0	1	0	0	0	0	0	2	1	0	0	1	1	1	2	1	2	1	1	0	0	1	0	0	1	2	0	0	1	0	0	0	1	2	0	1	0	1	3	1	2	0	0	0	0	0	2	0	0	0	0	2	0	0	0	0	1	0	1	1	2	3	1	0	2	1	0	2	1	0	0	1	2	2	0	1	3	2	1	2	1	0	3	2	3	1	2	6	1	4	1	1	1	2	2	2	0	0	1	0	1	0	0	1	1	2	0	1	2	2	1	0	0	1	2	0	1	0	1	1	0	1	0	1	0	4	1	0	1	1	0	0	0	1	2	2	1	1	0	1	1	0	0	0	0	0	0	0	0	1	0	0	0	0	0	0	2	0	0	0
0	0	0	0	0	0	0	0	0	2	0	1	0	1	0	0	0	0	0	0	0	0	0	1	0	0	0	0	0	0	1	0	1	0	0	1	0	1	0	1	0	1	1	1	1	0	0	2	0	1	0	0	1	0	0	0	1	0	0	0	1	0	0	2	0	0	0	0	1	0	0	0	0	1	0	1	0	0	0	0	0	1	2	0	0	0	0	3	2	2	0	1	2	1	3	0	0	2	0	2	1	1	3	2	0	0	2	1	0	1	0	2	0	1	3	0	1	3	0	0	0	0	0	0	1	2	0	0	2	2	1	1	0	0	0	2	0	0	0	2	1	0	1	0	0	2	6	9	3	9	25	31	17	4	3	9	1	1	3	0	2	1	2	0	4	6	1	0	4	5	3	0	2	2	0	5	0	5	2	0	2	1	1	2	3	2	4	2	2	0	2	1	1	0	3	0	2	3	3	6	13	14	13	10	6	6	12	4	0	7	3	6	2	1	1	4	1	2	2	5	2	6	2	2	0	1	5	11	3	8	3	6	2	29	0	44	8	8	8	12	11	12	4	8	7	6	2	0	1	0	4	1	4	4	5	1	2	4	3	3	4	5	8	5	12	17	14	5	6	4	4	3	4	0	4	1	2	0	5	3	0	1	1	1	0	1	1	1	2	1	0	0	0	0	0	0	0	1	1	0	0	0	0	0	0	0	1	4	0	0	1	0	0	0	0	0	0	0	0	0	1	0	0	0	0	0	0	0	1	0	0	1	0	0	2	0	0	0	1	2	1	0	1	1	0	1	1	2	1	2	0	0	1	2	0	2	0	1	0	0	2	1	1	0	1	3	0	1	0	3	1	0	0	1	1	5	1	0	0	4	2	2	2	1	1	0	1	0	0	1	2	0	2	0	0	1	1	1	1	2	1	1	3	2	1	1	4	2	3	2	3	2	0	2	0	1	3	2	4	3	2	2	4	0	4	4	5	1	0	0	0	3	0	0	0	0	1	0	1	0	0	3	0	0	0	0	1	2	0	2	0	0	1	1	1	3	1	2	0	2	0	0	3	1	0	0	0	1	0	1	0	0	0	0	0	0	0	0	0	2	0	0	0	0	0	1	1	1	0
0	0	0	0	0	0	0	0	0	0	0	0	0	0	1	0	2	0	0	2	0	0	1	0	0	0	0	0	0	1	1	1	0	1	0	1	1	1	0	0	1	1	1	0	0	0	1	0	0	1	0	2	0	2	1	0	0	0	0	0	1	0	0	0	0	0	0	0	0	0	1	0	0	0	0	0	1	0	0	0	0	1	0	0	0	0	0	0	0	0	3	2	2	0	0	3	1	4	3	1	0	2	2	1	0	2	1	0	1	2	1	2	0	2	0	0	0	1	0	0	1	0	0	2	0	1	0	0	1	1	0	0	2	1	0	0	0	0	0	1	2	3	0	1	1	3	3	5	4	9	11	22	11	3	1	7	3	1	2	2	3	6	1	3	5	5	2	6	3	7	2	2	3	2	3	1	6	2	5	7	1	2	3	8	2	7	2	2	1	2	4	1	2	0	0	3	2	1	6	5	9	13	16	16	5	3	4	2	2	2	7	9	5	3	1	2	3	5	1	3	1	1	3	2	1	2	5	1	4	9	4	6	10	18	44	0	31	14	11	13	9	7	9	6	12	4	0	3	2	0	5	4	4	4	2	3	1	1	5	4	2	3	5	10	6	5	5	2	3	6	1	3	0	1	0	2	1	2	3	3	1	1	1	0	0	0	2	3	2	0	0	0	0	0	1	0	2	3	1	1	1	0	0	0	1	0	0	1	1	0	0	1	0	0	1	0	0	0	1	0	0	0	0	1	0	0	1	0	0	0	1	1	1	0	0	0	0	1	0	0	2	3	0	2	0	0	1	2	1	0	4	2	2	1	0	1	0	0	0	0	2	1	2	2	2	0	1	0	2	0	2	1	0	0	2	2	2	0	0	0	3	1	0	1	1	1	1	0	2	2	0	0	3	1	0	0	1	0	2	1	0	2	0	2	1	1	3	2	2	2	2	3	0	2	0	0	5	2	2	4	1	0	2	0	0	0	2	0	0	1	1	0	0	0	0	0	0	0	0	0	1	0	1	0	0	0	0	0	0	0	3	1	0	1	2	3	2	1	4	0	1	0	1	0	3	1	0	1	0	1	2	0	1	0	0	0	0	0	1	0	0	0	0	0	1	0	0	0	2
0	0	0	0	0	0	0	0	0	0	0	0	0	0	0	0	0	0	0	0	0	0	1	0	0	2	0	0	2	0	0	0	0	0	0	0	0	2	1	1	1	0	1	2	0	0	2	2	0	0	0	0	1	0	0	0	2	0	0	0	1	0	0	0	2	0	0	1	0	1	0	0	0	0	0	1	0	0	0	0	0	1	1	0	2	0	0	1	2	1	0	2	3	1	3	1	2	0	1	1	1	2	1	4	1	1	0	2	1	2	1	0	0	1	2	1	1	4	0	0	0	1	0	0	1	2	1	0	2	1	1	0	1	0	1	0	1	2	0	0	2	3	2	0	5	2	0	3	3	3	4	8	9	5	5	4	1	2	1	2	1	5	4	2	2	7	5	4	8	14	5	3	0	5	1	2	2	4	1	2	4	2	2	4	0	1	4	1	2	1	2	2	1	0	0	2	4	2	6	4	6	13	14	11	7	1	2	1	3	3	5	1	3	2	2	2	0	4	3	3	5	0	2	1	0	3	1	3	3	2	3	3	4	16	8	31	0	89	33	34	15	12	27	16	5	1	4	1	1	1	2	4	2	2	0	1	1	5	5	3	7	1	1	6	2	5	2	1	1	2	2	2	0	2	0	2	0	0	2	1	1	1	1	0	1	1	0	0	1	1	0	1	0	0	0	0	2	2	0	2	1	1	0	0	0	0	0	1	0	0	0	0	0	0	0	0	0	0	0	0	0	0	0	0	0	0	1	0	0	1	0	0	0	0	0	0	0	0	1	0	0	1	1	0	1	0	0	0	2	0	2	0	4	1	1	0	1	0	1	0	0	1	0	1	2	1	0	0	0	0	1	1	2	1	1	1	1	1	0	1	0	1	0	0	0	0	1	2	0	0	0	0	4	0	0	1	0	0	0	0	2	0	1	1	1	1	0	0	1	0	1	1	0	2	1	0	0	2	1	2	0	0	3	3	1	3	3	2	1	2	1	0	2	0	1	0	0	3	0	0	1	1	1	0	0	1	1	0	0	1	0	0	0	1	1	3	5	0	1	0	0	1	0	0	0	0	1	1	1	1	0	0	0	0	0	0	1	0	0	0	0	0	0	0	0	0	1	0	0
0	0	0	0	0	0	0	0	1	0	0	0	1	0	0	0	0	0	0	0	1	0	0	0	0	0	0	0	0	1	1	1	0	0	1	0	1	0	0	0	1	1	0	1	1	2	0	0	0	0	0	0	0	0	1	0	0	1	1	0	0	2	1	0	0	0	0	0	0	0	0	0	0	0	0	0	1	0	1	0	0	0	0	0	0	0	1	0	1	2	1	0	2	2	1	2	1	2	3	0	0	0	1	1	2	0	0	1	0	1	0	2	1	1	0	0	1	0	2	1	0	0	0	1	2	0	0	2	0	2	0	0	0	0	1	1	0	0	1	2	1	1	1	1	1	2	2	3	3	4	1	7	5	4	3	0	1	0	1	0	3	1	5	3	7	6	2	8	4	13	3	0	3	1	6	5	2	1	4	3	1	1	1	0	4	2	3	5	4	2	0	0	0	1	1	1	2	0	4	2	6	6	9	9	4	2	5	1	0	2	3	3	2	4	0	2	2	2	3	0	4	1	1	1	1	2	3	3	3	6	0	0	8	4	8	14	89	0	29	25	9	6	14	10	6	3	0	5	3	4	3	1	2	2	1	1	3	0	3	3	2	1	1	3	6	2	5	0	1	1	2	2	3	2	5	2	2	2	1	0	2	0	1	1	0	2	1	1	0	1	1	1	0	1	1	0	0	1	2	0	0	0	1	0	0	1	0	0	0	0	0	0	0	1	1	1	0	0	0	0	0	0	1	0	0	0	0	0	0	0	0	1	0	0	0	1	3	0	0	2	0	2	0	0	1	0	1	0	1	0	0	0	0	0	0	0	0	0	2	0	0	0	1	0	0	2	0	1	0	0	0	0	2	1	1	0	2	0	1	0	0	2	1	1	1	2	1	1	0	0	0	0	1	0	1	0	0	0	0	1	1	1	0	1	1	0	0	1	0	0	1	0	0	0	0	2	2	1	0	1	0	1	2	0	1	1	0	0	1	0	3	0	0	0	2	0	2	0	1	0	0	0	0	0	0	4	1	0	0	0	0	0	0	1	0	2	1	0	1	0	1	1	0	0	0	0	0	1	0	0	1	0	0	0	0	1	0	1	0	0	0	0	0	1	0	1	0	0	0
0	0	0	0	0	0	0	0	0	0	0	0	1	0	0	0	0	0	0	1	0	0	0	0	0	0	1	1	0	0	0	1	0	1	1	2	0	0	0	0	0	0	0	0	0	0	1	0	0	2	0	1	0	0	0	1	0	0	0	1	1	0	0	0	1	0	1	0	0	0	0	2	0	1	0	0	0	0	0	0	0	0	1	0	0	1	1	0	1	2	2	0	2	0	2	2	4	1	2	0	0	0	0	3	0	2	0	1	2	1	0	0	4	1	1	1	2	0	1	1	0	0	0	0	0	1	0	0	0	0	0	0	0	0	1	0	0	0	0	1	0	0	0	0	4	0	1	0	1	3	5	2	1	4	2	4	1	1	0	2	0	1	0	3	4	4	1	3	1	5	4	1	2	2	3	2	4	5	1	0	2	1	1	2	2	3	0	1	1	2	2	1	1	3	0	0	2	2	2	2	2	5	4	5	3	2	1	2	0	1	1	0	2	1	1	0	2	2	0	0	0	2	2	4	1	2	5	2	2	4	3	5	8	11	8	11	33	29	0	315	22	16	29	9	7	3	0	2	2	0	5	4	3	5	2	0	1	5	8	3	4	6	3	2	4	1	0	0	2	2	2	0	2	2	0	0	1	1	2	1	1	0	0	1	0	0	0	3	2	4	1	1	0	0	1	0	0	1	0	0	0	2	0	0	0	1	1	2	1	0	0	0	0	0	0	0	0	0	0	0	0	0	0	1	0	0	0	0	1	1	0	0	1	1	1	0	1	0	1	0	3	2	1	0	0	0	0	0	0	0	0	1	2	1	1	1	0	1	1	0	0	0	1	0	0	1	2	0	1	1	0	2	1	0	1	1	1	0	0	1	0	0	1	2	1	0	0	1	0	0	0	0	0	0	1	0	0	1	0	0	0	1	1	0	1	0	1	2	1	1	0	2	2	0	2	1	4	0	3	2	1	1	2	3	0	0	0	0	1	1	0	1	2	1	0	1	0	0	0	0	0	1	0	1	0	1	0	0	0	1	3	0	2	0	0	0	0	0	2	1	0	1	1	0	1	1	1	1	0	0	0	1	0	0	0	0	0	1	0	0	0	1	0	0	0	0	1	1	1
0	0	0	0	0	0	0	0	0	0	0	0	1	0	2	0	0	1	0	1	0	1	0	1	0	0	2	1	0	0	0	1	0	1	0	0	1	1	0	1	0	0	1	1	3	0	0	0	0	0	1	1	0	0	3	0	0	0	0	0	1	0	0	0	2	0	1	0	1	0	0	0	1	0	0	1	0	0	0	1	0	2	0	0	0	0	0	0	1	0	0	2	0	2	0	0	1	0	2	1	2	1	2	1	1	1	3	0	0	1	2	1	3	0	0	1	1	0	0	0	0	0	0	1	0	0	0	0	2	1	0	0	1	1	0	0	0	0	0	0	2	2	2	0	2	5	0	2	0	2	4	7	7	1	1	2	2	3	3	1	2	4	2	1	4	2	4	2	4	8	4	1	0	1	1	4	0	1	1	1	7	1	2	3	0	0	3	1	0	1	1	2	3	1	0	2	3	4	2	3	4	6	8	2	4	2	2	0	3	0	3	3	1	4	2	0	0	1	0	2	0	2	1	2	2	0	4	0	6	3	2	6	9	14	12	13	34	25	315	0	42	24	36	7	12	5	5	2	1	1	5	5	2	1	4	5	2	3	8	6	9	6	6	2	4	3	3	2	1	1	1	1	1	1	1	1	3	2	3	2	1	0	1	0	3	2	2	0	1	0	1	1	0	2	0	0	1	2	0	1	0	0	0	0	1	0	0	0	0	0	0	0	0	0	0	0	0	0	0	1	0	0	0	0	0	1	1	1	1	0	0	0	0	0	0	0	1	0	0	0	2	2	1	0	0	0	1	1	0	1	0	1	4	1	0	0	0	1	1	0	0	0	3	1	1	2	1	2	2	1	1	0	0	1	1	0	1	2	0	0	0	3	1	0	1	1	0	2	1	0	0	0	1	0	0	0	1	2	0	0	0	1	3	0	0	0	0	2	3	1	1	2	3	0	0	0	4	1	1	1	0	0	0	0	1	1	1	1	1	0	0	0	0	0	0	1	0	0	2	0	0	0	0	1	1	0	2	0	0	0	1	0	0	0	0	2	2	0	2	2	1	0	0	0	3	0	0	1	0	0	0	0	0	0	0	0	0	0	0	0	1	0	1	0	0	1	2	0	0
0	0	0	0	0	0	0	0	0	0	0	0	0	0	0	0	0	1	1	0	0	1	0	0	0	0	0	0	0	0	0	1	1	0	0	0	2	0	0	1	2	1	1	0	0	0	0	0	0	0	0	0	0	0	0	1	0	0	0	0	0	1	0	1	1	0	1	0	0	0	0	0	0	0	0	1	0	0	0	1	0	0	0	0	1	0	1	0	1	0	3	2	1	0	0	0	1	0	0	1	1	1	2	2	0	0	1	1	2	2	1	1	0	1	1	0	1	0	0	0	0	1	0	0	1	0	1	1	2	0	0	0	0	1	0	1	0	1	1	1	0	2	1	4	1	1	2	2	1	2	4	5	7	4	1	3	3	2	1	0	4	1	4	0	8	3	2	4	6	5	3	1	1	1	1	1	6	2	0	2	1	2	1	1	2	0	1	1	1	1	4	0	0	1	0	1	1	3	2	5	6	5	11	5	3	2	1	3	0	0	2	1	1	1	0	0	1	1	2	3	1	0	1	1	4	4	4	8	3	6	1	3	15	29	11	9	15	9	22	42	0	92	49	20	6	7	3	3	0	2	6	5	4	8	2	6	1	6	23	8	12	9	7	7	11	7	1	4	2	5	2	3	4	2	3	4	4	2	1	2	1	0	1	0	0	0	0	1	0	0	0	1	0	0	1	0	4	2	0	1	1	1	0	0	0	0	2	0	0	0	0	0	0	0	0	0	2	0	1	0	0	0	0	0	0	0	0	0	0	0	0	0	1	0	0	1	0	0	0	1	1	1	0	1	0	1	1	1	0	0	1	0	1	2	1	2	1	1	0	0	2	0	0	2	0	3	2	1	0	0	2	1	0	0	0	1	1	0	0	2	1	1	0	0	0	0	0	0	0	0	1	0	0	0	1	0	1	0	0	0	0	1	0	1	1	1	3	1	1	1	3	2	2	3	0	0	0	2	0	0	7	0	1	1	0	0	0	0	1	0	0	1	1	0	0	0	1	0	1	0	0	0	0	0	0	0	0	1	0	0	1	0	0	0	2	2	3	0	1	0	0	2	0	1	0	0	1	1	0	0	0	0	0	1	0	0	0	0	0	1	0	0	1	1	0	0	1	0	1
0	0	0	0	0	0	0	0	0	0	0	0	0	0	0	0	0	0	0	0	0	0	0	1	1	1	1	0	0	0	0	0	0	0	2	0	0	4	1	0	0	0	0	0	0	0	0	1	1	0	1	0	0	0	0	0	0	1	0	0	0	0	0	0	0	0	0	0	0	0	0	1	0	0	0	0	0	0	0	0	0	1	1	1	0	0	1	0	0	1	0	0	1	1	1	0	0	0	1	1	1	0	0	0	2	0	1	0	1	0	1	1	0	0	1	1	0	0	1	1	1	1	0	2	0	0	0	1	1	0	0	0	1	0	0	0	0	1	0	1	0	1	0	1	0	3	1	2	4	4	5	2	0	2	0	3	2	1	1	0	0	0	0	3	0	2	1	4	3	10	0	1	2	2	2	0	0	2	2	1	2	0	0	2	4	1	0	0	0	1	3	0	3	0	2	2	0	0	1	4	4	1	3	3	3	2	2	4	0	0	2	1	2	0	1	2	0	2	3	0	1	0	2	1	1	2	0	2	4	2	0	8	9	13	12	7	12	6	16	24	92	0	36	15	7	3	2	3	1	2	6	4	5	1	3	2	7	5	10	7	3	7	10	8	9	5	3	2	0	0	1	0	2	1	3	2	1	1	3	2	0	2	1	0	1	0	1	1	0	1	0	1	1	0	1	1	1	1	0	0	2	1	1	1	0	0	0	0	0	1	0	1	1	0	0	1	1	0	0	0	0	0	1	0	1	1	0	0	0	0	0	0	1	0	0	1	0	1	0	0	0	1	0	0	0	1	0	0	0	1	1	0	0	1	0	0	0	0	0	1	0	3	0	1	1	4	1	0	0	0	1	0	1	0	0	0	0	0	0	0	0	1	0	1	0	1	0	0	2	1	1	1	1	0	1	1	0	0	0	2	1	0	0	1	1	0	0	0	4	2	2	2	1	3	0	1	1	4	2	0	0	0	0	0	4	1	0	0	2	0	0	1	1	0	1	0	1	0	3	0	0	0	1	0	2	0	0	0	0	0	0	0	1	0	1	0	1	2	0	0	0	2	0	1	0	0	1	0	1	0	1	1	1	1	1	0	1	0	0	2	0	0	1	1	0	0	0	2	1
0	0	0	0	0	0	0	0	1	0	0	0	0	0	0	0	0	0	0	0	0	1	0	0	0	0	0	1	0	0	0	0	0	2	0	0	2	0	2	0	0	1	1	0	1	2	2	0	1	0	0	0	1	1	0	3	1	0	0	1	0	1	0	0	0	0	0	0	0	0	0	0	0	0	0	1	0	0	0	0	0	0	0	0	0	1	1	0	1	2	0	0	0	1	3	0	2	0	1	1	2	1	0	0	1	1	0	0	2	1	1	0	1	1	0	2	0	0	0	0	4	0	0	2	0	1	0	0	0	0	0	1	0	0	0	0	1	1	1	1	3	3	1	0	0	1	1	1	3	0	2	1	4	1	3	4	4	0	0	1	1	1	3	3	4	6	2	5	11	9	4	1	2	4	2	3	5	8	4	0	3	0	1	0	3	1	3	1	2	0	0	1	0	0	1	2	1	4	2	4	5	10	8	1	3	2	2	2	3	5	2	1	0	0	1	1	0	1	3	1	1	1	0	5	2	5	4	1	4	7	2	7	7	11	4	9	27	14	29	36	49	36	0	47	10	6	4	0	1	1	9	4	5	2	4	3	1	5	10	5	8	7	2	4	5	5	4	2	4	0	2	1	3	0	1	2	1	0	3	1	0	2	0	0	0	3	0	0	0	0	1	0	0	0	1	1	0	1	0	0	1	0	2	0	0	1	0	0	0	2	0	0	1	0	0	0	0	0	0	1	0	0	0	0	0	0	0	0	1	0	2	0	0	0	0	0	0	1	2	1	0	1	0	1	0	1	0	0	0	0	0	0	1	1	2	2	1	0	0	0	1	1	1	0	1	1	0	0	0	1	1	0	0	0	0	0	0	0	0	0	0	2	0	2	0	1	0	0	0	0	1	1	1	0	0	0	1	0	0	0	0	1	0	1	0	1	1	1	0	0	1	1	3	3	3	4	0	0	0	0	1	1	0	0	2	0	1	1	0	0	0	0	1	1	0	0	0	0	0	0	0	0	1	2	0	0	0	1	1	1	0	0	0	1	0	0	1	1	2	0	0	1	0	0	2	1	0	1	1	0	0	0	0	0	0	0	1	0	0	0	1	0	0	2	0	1	0	0	0
0	0	0	0	0	0	0	0	0	0	0	0	0	0	0	0	0	0	0	0	1	0	0	0	0	0	2	0	0	1	1	1	0	1	0	1	0	0	1	1	1	0	0	0	1	0	0	0	0	2	1	0	1	0	1	0	0	0	1	0	1	0	0	0	0	0	0	0	0	0	0	0	0	0	0	0	0	2	1	0	0	0	0	1	2	1	0	0	0	1	0	0	0	0	2	2	0	1	0	1	0	3	0	1	1	0	0	0	2	0	0	1	1	1	0	0	1	0	1	3	0	2	1	0	0	1	1	0	1	0	1	0	1	0	0	0	1	0	1	1	2	1	2	1	2	3	3	3	1	4	1	3	3	6	0	2	3	2	0	1	1	3	3	2	6	4	5	8	5	15	1	2	2	2	3	2	7	1	0	2	2	0	0	0	2	3	1	0	2	0	2	2	0	1	0	1	2	2	8	4	5	16	10	8	5	1	4	0	3	4	3	0	2	4	1	1	0	3	2	1	0	0	2	2	5	6	3	3	8	7	1	13	54	20	8	6	16	10	9	7	20	15	47	0	69	13	10	11	5	2	12	11	5	5	5	1	1	4	18	14	9	9	0	6	7	4	4	3	1	6	2	1	0	2	1	4	7	1	3	2	3	1	2	0	0	1	3	3	2	2	1	0	2	0	0	0	0	1	1	3	0	3	2	2	1	0	0	0	1	0	0	1	0	0	1	2	0	0	0	0	1	1	0	0	0	0	1	0	0	0	1	1	0	0	0	0	0	0	0	1	1	0	1	1	0	0	0	0	1	0	0	0	1	1	1	1	1	0	0	2	0	1	1	1	3	1	1	0	0	2	0	0	1	0	0	0	0	1	2	0	0	0	0	0	1	0	0	2	1	1	0	1	1	1	1	0	0	2	1	2	1	1	0	1	1	2	0	2	1	1	0	0	1	0	0	1	3	2	0	2	0	0	1	5	1	0	1	1	0	1	1	1	1	1	1	0	0	0	1	1	0	0	1	2	1	0	0	2	0	0	0	3	0	0	2	2	0	0	1	0	2	0	0	1	3	0	1	2	0	1	0	1	0	0	0	0	0	0	1	0	2	1	0	1	1	1	2	1	0
0	0	0	0	0	0	0	0	1	1	0	0	1	0	0	0	1	0	0	1	0	0	1	0	4	0	1	1	1	0	0	1	0	0	0	0	2	0	0	0	0	1	1	0	1	1	1	0	0	0	1	0	2	0	0	1	0	1	0	0	0	0	0	1	0	0	1	0	0	0	1	0	1	0	0	0	0	0	0	0	0	0	0	1	2	0	1	1	1	0	2	1	1	2	5	1	1	1	0	0	2	1	2	2	0	3	0	2	4	1	1	2	1	1	3	2	0	1	1	0	0	0	0	0	0	1	1	0	0	0	0	0	0	0	0	0	1	2	0	2	5	6	3	3	9	5	3	2	3	6	2	5	2	2	4	7	11	8	0	0	4	2	2	1	9	8	5	12	16	8	4	5	2	2	6	1	5	6	1	0	1	1	3	3	3	1	1	0	1	0	0	0	2	0	2	3	0	4	19	13	6	18	12	16	10	4	4	5	3	1	3	5	1	1	1	2	0	1	4	1	4	1	2	4	3	2	5	7	5	9	2	19	83	17	7	12	5	6	7	12	6	7	10	69	0	39	15	8	5	13	23	12	7	4	1	3	4	8	15	8	8	8	1	4	5	6	2	2	3	2	2	2	3	1	4	2	3	2	5	7	6	1	3	3	1	1	2	1	0	1	0	1	2	0	1	2	0	2	0	0	1	1	0	1	0	0	1	0	0	0	0	0	2	1	1	0	1	1	1	1	0	1	0	0	0	0	2	0	0	0	0	0	0	0	2	1	0	1	0	1	3	1	0	0	1	2	0	1	4	0	1	0	0	1	0	3	1	0	0	0	1	2	0	0	2	2	1	1	0	0	1	0	2	0	0	0	0	0	0	1	0	0	2	1	1	1	0	0	0	1	0	2	1	0	0	0	1	1	0	1	0	0	0	2	1	3	2	1	1	1	1	2	1	3	2	0	1	3	1	2	0	1	1	0	1	0	0	1	0	1	0	1	0	0	1	1	0	1	0	0	1	2	0	0	1	0	2	0	1	1	1	1	0	1	3	1	6	0	0	2	0	1	1	0	1	2	2	0	0	0	1	1	1	0	0	0	0	0	0	1	0	1	0	0	0	0	0	0	1
0	0	0	0	0	0	0	0	1	1	0	1	0	0	0	3	1	1	1	0	0	0	0	0	0	1	0	2	0	2	1	0	0	0	1	1	0	1	0	0	0	1	1	0	0	1	0	1	0	0	3	0	0	0	0	0	0	0	0	0	1	1	0	0	1	0	0	1	1	0	1	0	0	0	0	0	0	0	0	0	0	0	0	1	2	0	0	0	1	1	0	3	2	1	2	0	3	4	1	0	2	4	1	0	1	0	1	1	4	1	1	3	2	1	2	0	1	1	0	1	1	0	1	1	0	2	0	2	1	1	1	1	0	0	1	0	1	0	2	3	3	12	3	3	5	3	1	5	3	2	4	4	1	4	3	4	3	4	3	3	1	1	3	1	5	5	3	3	7	3	1	0	2	1	2	4	3	4	3	2	0	0	0	3	0	1	3	2	0	0	2	0	0	1	0	1	4	5	12	7	7	8	2	9	2	5	5	1	4	2	1	3	0	2	1	1	1	1	2	3	1	4	3	7	5	12	6	7	10	10	10	31	12	4	6	4	1	3	3	5	7	3	6	13	39	0	69	15	6	20	78	44	16	5	2	4	2	7	12	24	4	9	1	2	4	3	3	2	2	0	2	3	4	3	0	5	5	8	18	7	8	3	2	2	3	4	5	2	4	2	2	2	2	3	0	1	0	6	2	0	1	0	1	3	1	2	2	1	2	0	0	0	0	1	1	1	0	0	1	0	1	0	1	0	1	0	0	0	1	0	0	0	0	0	2	0	1	2	0	0	2	2	1	1	1	3	0	0	1	1	2	4	2	1	0	1	1	1	1	0	0	0	2	1	3	1	1	1	1	1	0	1	1	1	1	1	0	1	0	0	1	0	0	0	0	3	0	1	2	2	0	1	0	1	0	2	0	2	1	0	1	0	3	0	2	2	2	0	0	3	2	0	1	0	0	2	3	3	3	1	0	0	0	6	4	4	2	0	1	1	2	0	0	3	0	0	0	1	1	0	1	0	0	3	2	0	2	0	0	0	0	0	0	1	1	2	6	1	1	2	3	3	2	0	0	0	0	2	2	0	0	0	1	0	0	0	2	0	1	1	1	2	0	0	1	0	1	0	0
0	0	0	0	0	0	0	0	0	0	0	0	0	0	2	0	1	0	0	3	0	0	0	1	0	0	2	0	0	0	1	1	0	1	1	0	0	0	1	1	1	1	0	0	0	2	1	1	1	0	0	0	0	1	2	0	0	0	0	0	0	0	0	0	0	0	0	0	0	0	1	0	0	0	0	0	1	0	0	0	0	0	1	4	0	0	0	1	2	0	1	1	1	4	0	0	1	3	1	1	2	0	4	2	3	2	1	2	2	3	0	2	3	0	1	4	1	1	2	2	0	0	0	2	0	1	1	0	0	0	1	1	0	2	1	0	1	0	1	2	2	10	5	5	6	10	9	2	1	1	1	2	7	6	8	5	3	3	2	2	1	1	4	3	5	6	5	3	3	4	4	0	5	2	2	4	7	1	3	2	3	0	1	1	1	3	0	3	0	2	2	1	4	1	1	1	4	2	16	13	6	8	5	5	5	3	5	5	3	2	0	3	1	2	0	3	1	2	3	5	0	6	2	7	6	13	8	2	8	15	16	33	11	2	2	0	4	0	0	5	3	2	4	10	15	69	0	27	25	43	38	15	6	5	4	6	6	9	5	6	9	5	2	4	3	1	3	1	0	2	1	3	6	4	3	3	4	12	14	3	10	7	7	2	4	3	7	0	4	3	5	6	4	3	2	3	7	1	2	1	2	2	1	1	0	1	0	1	1	0	1	1	4	0	0	0	1	0	0	0	0	1	0	0	1	0	0	1	1	1	0	0	2	2	1	1	0	1	0	1	5	2	1	0	1	1	2	0	1	1	3	4	1	1	0	2	0	1	0	1	1	1	1	0	0	3	0	1	1	1	0	1	2	0	1	0	0	1	2	2	0	3	1	1	1	0	1	2	3	0	0	1	0	1	1	1	1	1	1	0	0	2	0	0	0	0	0	0	1	1	0	0	2	2	3	1	2	1	1	2	3	2	2	2	2	1	2	3	1	0	1	1	1	0	1	0	1	0	2	0	0	1	0	0	0	1	0	0	1	0	2	1	2	2	1	5	3	3	2	0	1	1	0	0	2	1	0	1	2	3	1	1	0	0	0	0	1	0	0	1	0	0	1	0	0	0	1	0	1
0	0	0	0	0	0	0	0	0	1	0	2	2	0	0	1	1	1	0	0	0	0	1	1	0	0	1	1	1	1	2	1	1	0	2	0	1	0	0	2	1	1	1	1	0	0	1	0	0	1	0	0	0	0	0	2	0	1	0	0	0	0	0	0	1	0	0	0	0	0	0	0	0	1	0	0	0	0	0	0	0	1	0	0	0	1	1	0	1	0	0	2	1	6	1	3	2	1	2	0	0	2	1	0	0	0	0	0	0	1	1	0	0	1	2	1	2	1	0	2	0	0	0	1	1	0	0	3	0	1	1	1	1	1	1	1	0	0	2	4	5	0	2	2	5	10	4	2	2	0	3	5	1	4	2	4	1	2	2	1	1	4	0	3	2	1	5	1	3	1	0	0	3	3	4	1	3	0	4	2	1	0	4	1	2	1	1	0	1	3	1	1	0	1	3	2	4	10	7	8	5	5	2	1	7	3	1	2	3	2	3	3	0	1	1	2	1	5	1	6	2	6	6	17	21	42	8	6	10	33	17	10	2	3	0	3	1	5	2	2	3	3	0	11	8	15	27	0	24	22	28	15	8	3	9	4	2	8	9	12	6	3	5	2	2	1	7	2	2	4	8	2	3	8	3	4	15	18	32	15	37	21	4	1	2	8	10	4	5	2	4	2	3	2	0	4	3	0	3	2	1	2	1	2	0	0	0	1	1	2	1	0	0	0	1	3	1	0	1	2	0	0	0	1	0	1	0	0	1	0	1	0	0	1	2	1	0	0	1	2	3	5	3	1	2	4	3	4	0	8	3	3	2	2	0	2	2	1	0	1	1	1	1	0	1	2	1	0	1	0	2	0	1	1	1	0	2	3	0	2	1	1	1	0	1	1	3	2	1	1	2	0	0	1	1	0	0	0	1	2	3	4	0	0	1	0	1	1	2	0	1	3	0	1	2	1	1	2	2	1	1	4	3	5	3	3	2	0	0	1	2	0	1	2	2	1	1	0	1	1	1	2	2	1	0	0	0	1	1	0	2	0	2	4	2	6	6	4	2	2	3	2	1	4	2	0	1	1	2	1	0	0	2	0	0	0	0	0	0	0	1	0	0	0	0	0	2	0	1
0	0	0	0	0	0	0	0	0	1	1	0	0	0	0	0	0	1	0	0	1	1	1	0	1	0	0	0	0	0	0	2	0	0	0	0	1	1	3	1	0	0	1	2	0	0	2	0	0	1	0	0	0	0	0	2	0	1	1	0	0	0	0	0	0	0	1	0	1	0	0	0	0	0	0	0	0	1	1	0	0	2	0	0	1	0	0	0	2	0	1	3	3	2	2	2	2	3	0	0	2	1	1	0	1	0	1	1	2	0	1	4	1	0	3	2	2	1	2	1	1	0	0	0	1	1	0	1	1	0	1	0	1	1	2	1	2	1	4	4	5	9	5	7	22	16	9	2	1	3	0	4	3	3	3	5	3	1	1	1	0	1	4	0	4	2	2	0	4	6	2	2	1	4	0	1	1	1	2	4	1	0	2	1	1	0	0	1	2	3	2	2	1	2	1	1	2	5	7	4	6	3	3	2	4	5	5	2	2	2	0	2	1	0	0	2	1	1	2	2	1	4	8	3	12	7	7	3	2	8	8	10	2	1	1	2	1	3	2	1	0	1	1	5	5	6	25	24	0	208	10	9	6	1	2	2	0	6	2	3	2	3	1	2	1	1	1	1	1	2	2	3	4	3	3	5	10	8	14	8	19	6	5	5	7	8	15	8	4	3	3	2	1	0	2	3	7	6	8	4	3	2	1	2	0	1	0	2	0	1	1	1	0	1	0	0	0	0	1	0	0	0	0	0	0	0	1	1	1	0	1	1	0	0	1	3	0	2	5	1	1	5	3	2	2	0	4	1	4	3	4	6	1	1	1	0	0	0	0	3	1	1	2	0	2	0	1	0	1	1	1	0	0	0	0	0	1	3	3	0	0	3	3	0	0	1	3	0	0	1	0	0	1	0	1	2	0	0	1	1	1	1	0	0	0	0	1	1	1	1	2	2	2	1	0	1	0	1	1	0	0	5	3	4	6	0	2	7	1	0	4	0	1	1	1	3	0	0	3	2	0	1	0	1	1	0	1	1	4	1	0	0	0	2	2	5	3	6	5	4	2	1	3	1	2	2	1	0	0	0	3	0	1	1	1	0	2	0	1	1	0	0	2	0	0	1	0	1	0
0	0	0	0	0	0	0	0	0	1	0	2	0	0	0	0	0	0	1	1	0	2	0	1	0	0	0	0	2	2	0	0	0	1	0	0	0	0	0	1	1	0	0	2	0	0	1	0	1	0	0	0	1	0	0	0	0	1	0	0	0	0	0	0	0	1	0	2	0	0	0	0	0	0	0	0	0	0	0	0	0	0	0	1	1	0	1	0	2	0	0	0	1	0	1	3	1	1	1	0	0	0	4	1	1	2	3	2	1	1	3	0	0	1	8	1	1	3	3	2	1	1	0	0	1	0	1	0	0	0	0	0	0	1	2	1	1	1	1	5	8	15	10	6	37	35	13	5	3	3	3	2	4	5	6	7	12	6	3	2	1	1	2	3	3	8	8	4	2	5	1	3	0	0	0	0	1	2	2	1	0	2	0	0	2	2	2	4	2	2	2	2	1	1	2	1	3	9	6	11	3	3	3	8	4	4	1	1	2	3	0	1	1	0	0	1	3	0	0	2	1	5	9	20	8	15	9	4	5	16	14	14	9	4	0	0	1	4	0	1	2	2	1	2	13	20	43	22	208	0	15	12	2	1	2	3	6	3	5	2	3	3	1	1	2	3	2	0	0	4	1	1	2	4	7	9	7	3	8	7	20	12	18	4	4	9	10	10	2	2	3	2	0	3	2	7	2	7	9	4	4	2	2	2	2	1	2	1	2	1	0	1	0	1	0	1	0	0	0	1	1	0	2	1	1	3	0	0	0	0	1	2	0	1	0	0	0	0	3	5	3	10	6	5	1	3	2	1	3	2	4	1	5	0	1	2	0	1	1	0	2	1	0	1	1	1	0	0	0	0	1	1	1	0	0	0	0	0	2	3	0	1	0	0	1	1	0	0	1	0	1	2	1	0	1	0	1	1	0	0	1	1	1	2	0	1	1	0	0	1	0	2	1	0	1	1	1	2	1	1	1	1	0	2	2	3	2	2	1	2	0	0	0	1	2	0	1	1	0	0	2	0	0	1	1	1	0	0	1	1	1	1	2	0	5	4	3	2	3	6	0	2	2	1	2	3	2	2	0	1	2	0	0	1	1	0	3	1	0	1	1	0	1	0	0	0	0	0	0
0	0	0	0	0	0	0	0	0	0	0	1	1	0	0	0	0	0	0	0	0	1	0	0	0	1	1	0	0	0	1	0	0	1	1	0	0	1	0	0	0	1	0	0	1	0	2	0	1	0	1	0	0	0	0	0	1	0	0	0	1	1	0	0	1	1	0	0	0	1	0	0	1	0	0	1	0	1	0	0	1	0	0	0	0	1	1	0	2	0	0	1	0	1	1	2	1	0	0	2	1	1	0	1	1	0	1	3	1	1	1	0	1	1	0	1	0	0	0	0	0	0	0	0	0	0	0	0	2	0	3	0	1	0	3	0	1	0	1	1	5	6	6	2	5	1	2	3	2	0	2	6	5	2	2	1	4	2	1	1	2	0	2	3	4	4	4	8	2	3	1	0	1	1	3	0	5	1	4	1	1	1	0	2	1	0	0	3	3	3	0	0	1	1	2	1	3	4	14	7	11	11	6	6	3	2	1	2	2	4	0	1	0	1	0	1	1	3	1	3	1	3	2	5	6	8	11	5	13	20	4	27	25	8	4	5	2	3	5	5	6	6	9	12	23	78	38	28	10	15	0	71	14	8	5	1	5	20	28	43	15	7	1	5	9	4	0	4	1	1	1	5	2	5	6	2	3	8	22	10	3	4	2	3	3	0	1	2	0	2	3	2	1	1	1	0	6	2	1	2	2	0	0	0	0	0	0	0	1	1	1	0	1	0	1	0	1	0	1	0	0	0	0	0	0	0	0	0	0	0	1	0	1	1	0	0	3	2	0	2	2	4	0	0	1	1	1	1	0	1	1	1	3	0	1	0	0	0	1	0	1	4	0	0	2	0	1	1	1	0	0	1	0	2	1	0	0	1	1	1	1	1	0	0	0	0	0	0	1	1	0	2	2	1	1	0	0	2	0	1	1	1	2	2	1	0	1	0	0	2	1	0	0	1	1	1	3	2	2	0	1	2	2	2	2	1	2	1	0	0	0	0	1	0	1	0	0	2	0	0	1	2	2	2	0	3	0	0	0	3	1	2	2	3	4	5	1	1	3	1	0	3	0	0	1	1	1	0	2	0	0	1	1	0	0	0	2	0	0	1	1	1	1	0	0	2	0	0	1
0	0	0	0	0	0	0	0	0	0	2	0	0	0	0	0	0	0	0	0	0	0	1	0	1	0	0	0	0	0	0	1	0	0	0	0	0	0	0	1	0	0	0	0	0	0	2	0	0	0	1	0	0	0	0	0	1	1	0	0	0	0	1	0	0	0	0	0	0	0	0	0	0	0	0	0	1	1	0	1	0	0	0	0	2	2	0	1	2	1	1	0	2	0	1	1	1	1	1	1	0	0	0	0	0	1	3	0	1	3	3	1	0	2	1	1	3	0	1	0	0	1	0	2	1	0	1	2	0	0	0	1	0	0	0	0	1	0	0	1	3	3	1	2	1	7	2	0	1	1	1	2	2	4	1	3	4	1	0	1	1	0	4	0	2	0	5	1	1	4	1	2	1	0	0	0	2	1	1	1	0	1	1	1	0	5	0	1	1	1	1	1	0	0	1	2	1	2	5	5	7	3	8	5	1	4	4	2	2	1	0	3	0	0	1	0	0	1	3	2	0	3	0	5	2	10	11	8	14	11	6	13	18	7	1	4	4	1	4	5	5	4	4	11	12	44	15	15	9	12	71	0	22	8	8	5	2	21	11	33	4	4	1	3	3	2	3	0	4	1	2	2	1	2	5	0	7	10	47	7	4	8	3	0	3	3	2	4	3	2	2	2	0	0	0	1	2	1	1	0	0	0	0	2	0	0	0	0	1	0	0	0	2	2	2	1	0	0	1	2	1	0	1	1	0	0	1	0	0	0	2	1	1	0	0	0	2	1	0	0	2	4	0	0	1	0	0	0	0	3	2	2	0	0	2	0	0	0	0	0	0	2	0	2	1	2	1	0	1	1	0	1	1	2	0	0	0	1	0	0	0	0	2	0	1	0	0	0	0	0	1	0	0	0	1	2	2	1	0	0	1	0	0	0	0	0	1	0	0	0	1	3	2	2	3	0	2	5	2	2	2	2	3	1	0	3	0	0	1	1	0	0	0	0	0	0	0	0	1	1	0	0	0	1	0	0	0	1	0	2	1	0	0	1	2	1	2	3	0	2	2	0	0	1	1	1	0	0	0	0	0	1	0	1	0	1	0	0	0	1	0	2	0	1	1	1	2	0	0
0	0	0	0	0	0	0	0	1	0	0	0	0	0	0	1	0	2	0	0	0	1	0	0	0	1	1	1	0	1	0	0	0	0	1	0	0	2	0	0	1	1	0	1	0	1	0	0	0	1	0	0	0	0	0	0	0	1	0	1	0	1	0	0	0	0	0	1	0	1	0	0	0	0	0	0	0	0	0	1	1	0	1	0	0	0	0	1	0	1	1	1	2	3	3	1	0	1	1	2	0	1	0	1	1	0	0	1	0	0	1	2	0	1	0	1	0	0	0	1	2	0	0	0	3	0	0	2	0	1	1	1	0	1	0	1	0	0	1	1	1	2	1	4	2	3	2	3	1	5	1	0	3	2	2	5	1	0	0	1	1	0	1	1	1	2	0	1	4	5	0	1	0	0	1	0	2	0	2	0	0	1	1	0	1	1	1	1	0	1	1	0	0	1	0	0	1	0	2	1	4	7	4	5	4	2	2	1	1	1	2	0	1	0	1	1	1	1	2	2	2	3	2	2	7	5	8	16	21	8	2	3	6	3	4	4	2	2	3	2	4	5	5	5	7	16	6	8	6	2	14	22	0	35	28	13	18	31	20	32	31	13	6	8	7	7	1	6	0	2	4	8	5	3	2	2	7	11	47	12	6	3	1	1	1	8	3	1	1	1	1	2	1	1	1	2	1	1	2	1	0	0	0	0	0	0	1	0	0	1	1	1	1	0	1	0	0	0	1	0	1	1	0	0	1	1	0	0	1	1	0	1	0	0	1	1	0	0	2	0	1	1	0	0	0	0	1	0	0	2	1	0	1	2	2	2	1	0	1	0	1	4	1	3	2	1	1	1	0	0	2	0	1	0	1	0	1	1	1	1	3	2	2	0	1	0	0	0	0	2	2	0	2	2	1	0	0	0	0	2	1	0	3	1	0	0	1	2	1	1	2	2	3	3	2	2	2	4	1	6	1	2	2	3	4	3	2	0	1	0	1	2	1	1	0	0	1	0	0	0	0	2	1	1	2	0	0	0	0	0	3	1	1	2	3	1	2	1	1	2	0	0	0	3	2	2	0	0	1	0	0	1	1	0	0	1	2	1	0	0	2	1	0	0	1	0	0	0	0
0	0	0	0	0	0	0	0	0	0	0	1	0	0	1	0	0	0	0	0	1	0	1	0	0	1	0	0	0	0	0	0	0	0	0	0	0	1	1	0	1	1	0	0	0	0	2	0	0	1	0	1	0	0	1	0	0	1	0	0	0	0	1	0	0	0	0	0	0	0	0	0	0	0	0	1	0	1	0	0	0	0	0	0	0	0	0	1	0	3	1	1	0	3	1	0	1	0	0	0	1	1	0	0	0	0	0	1	0	1	0	0	0	1	0	0	1	0	0	0	0	1	1	0	0	0	0	1	0	0	0	1	1	0	0	1	1	0	1	1	2	1	1	1	0	1	1	2	1	2	5	5	4	1	0	3	4	0	0	1	0	1	0	2	2	2	0	0	1	1	0	1	0	0	1	1	0	2	1	0	1	1	0	2	2	1	1	2	1	0	2	0	0	0	0	0	1	0	1	3	0	3	1	1	1	3	4	2	3	1	4	0	1	1	1	3	1	2	0	1	1	0	1	1	5	7	7	9	14	4	2	3	6	10	4	4	2	2	5	1	8	1	2	5	4	5	5	3	1	1	8	8	35	0	48	23	25	17	21	15	30	20	9	15	13	5	5	2	7	3	2	6	12	7	4	2	1	12	7	6	3	1	4	2	1	1	1	1	2	1	3	3	0	3	1	1	0	0	0	0	0	0	1	0	0	0	0	1	0	2	0	0	1	0	0	0	1	0	0	0	0	1	0	0	1	0	0	0	0	1	1	1	0	2	2	0	0	1	1	2	1	3	2	1	1	0	1	1	0	0	1	0	2	2	0	0	0	0	4	2	2	1	3	0	0	2	3	2	0	0	0	2	0	3	0	1	2	0	1	1	0	2	0	0	0	1	1	1	1	0	3	0	1	0	2	1	0	2	3	1	2	1	2	1	1	1	1	1	1	4	3	1	1	5	2	5	2	2	4	0	3	2	2	2	6	2	0	2	1	1	0	1	0	1	1	1	0	0	0	1	0	0	1	2	0	0	0	0	0	4	2	1	1	1	0	1	3	1	2	1	1	1	1	1	3	1	0	1	1	0	0	0	1	0	0	0	0	0	2	0	0	0	1	0	0	1	0	1	0
0	0	0	0	0	0	0	2	0	0	0	0	0	0	0	0	0	0	0	0	0	1	1	0	0	1	0	0	1	0	3	1	0	1	0	0	1	0	0	0	1	0	3	0	0	0	0	0	1	0	0	0	0	0	0	0	0	0	0	0	0	1	0	0	0	0	0	0	0	0	0	1	1	0	0	0	0	1	0	0	1	0	0	0	0	0	0	0	0	0	0	0	1	0	0	2	3	1	0	0	0	0	0	0	4	0	0	1	0	0	1	0	1	1	1	1	1	0	0	0	1	0	0	1	0	1	0	0	0	2	2	1	0	0	1	0	0	0	4	0	0	0	0	2	1	2	0	2	1	1	2	3	1	1	0	0	0	1	1	0	0	0	0	0	2	0	0	1	3	1	0	1	1	0	0	1	0	1	0	1	1	1	0	1	0	0	0	0	0	2	0	0	0	3	1	2	2	2	3	2	0	4	3	0	2	2	1	3	3	1	0	2	2	2	0	0	3	1	2	2	2	3	3	3	4	5	5	10	21	2	2	4	8	2	5	2	0	1	2	4	2	3	4	5	1	2	4	9	2	2	5	8	28	48	0	105	34	11	5	7	11	10	5	3	8	10	8	4	3	0	3	6	17	8	1	1	13	15	16	7	4	4	3	0	0	3	1	1	1	1	3	2	0	2	0	1	1	0	2	1	0	0	1	1	0	4	0	3	0	0	0	0	0	0	2	0	0	0	0	0	0	0	0	0	0	0	0	0	0	0	0	0	0	0	0	0	3	0	2	0	3	1	1	0	2	2	1	1	0	1	1	0	0	3	0	1	0	2	0	4	2	2	1	2	3	5	4	0	0	0	5	0	3	0	0	0	1	2	2	3	0	0	0	0	0	1	0	3	1	0	1	0	1	2	1	0	1	1	1	1	1	2	4	0	0	2	0	1	1	0	0	4	4	2	4	2	3	5	3	2	3	3	3	4	6	6	4	1	2	1	0	1	0	0	0	0	1	0	0	1	0	2	1	0	1	0	1	2	0	2	2	0	2	1	2	2	2	4	7	2	2	1	2	0	0	1	0	0	1	1	1	0	1	0	2	1	2	0	0	0	0	1	0	1	0	0	1	1	0
0	0	0	0	0	0	0	0	0	1	0	0	0	0	0	1	0	0	1	0	0	0	1	0	0	0	0	0	0	0	0	1	0	0	1	0	0	1	1	2	1	1	2	0	0	0	1	1	0	0	0	0	0	2	0	1	0	0	1	0	1	0	0	0	0	1	0	1	0	0	0	0	0	0	0	0	0	0	0	0	0	0	0	0	0	0	0	0	0	2	1	0	0	3	1	4	0	0	0	0	0	1	0	0	0	0	0	0	2	1	1	1	0	0	0	0	1	1	0	0	0	0	1	0	0	0	1	0	0	1	0	1	1	0	0	0	1	0	3	0	1	4	1	3	4	2	2	1	1	2	3	1	1	1	1	1	1	1	1	0	0	0	0	1	3	3	0	1	0	6	1	0	1	1	2	0	2	3	0	1	2	0	0	0	1	2	1	0	1	1	0	2	0	2	2	1	1	3	2	1	3	4	2	1	2	2	2	1	1	2	1	1	0	0	1	1	1	0	0	1	5	2	3	5	6	4	12	24	24	5	4	2	4	5	1	3	1	1	0	5	6	2	3	1	3	4	6	4	2	3	1	5	13	23	105	0	63	13	4	13	13	8	5	11	9	3	0	7	1	3	6	12	20	16	9	5	10	11	11	11	7	6	2	0	3	2	1	2	2	2	2	1	0	2	1	1	2	1	2	1	0	2	1	0	0	1	1	0	0	1	1	0	1	2	1	0	0	0	0	1	0	0	0	0	0	0	0	1	0	1	0	3	0	2	0	0	0	2	0	1	0	1	0	2	1	1	3	1	1	3	2	3	0	1	1	2	6	1	2	1	1	1	4	1	11	1	1	2	3	1	1	2	1	1	0	0	0	0	0	2	1	5	1	3	0	1	2	1	0	0	0	0	1	1	1	0	0	1	0	1	3	2	2	4	1	1	1	2	1	0	1	1	4	3	3	3	3	7	6	6	4	4	2	7	8	4	3	3	2	1	1	0	0	2	1	0	0	0	0	0	0	0	1	1	1	0	3	2	1	0	1	2	0	0	4	3	3	4	4	4	1	2	2	1	1	2	0	2	1	1	1	1	0	1	0	0	0	0	1	1	0	3	0	0	1	0	1	1	0
0	0	0	0	0	0	0	0	1	0	0	0	0	0	0	1	0	0	0	1	0	0	0	0	0	0	0	0	1	1	0	0	0	1	0	0	1	1	1	0	0	3	0	0	0	0	0	0	2	0	0	0	0	0	1	0	0	0	1	0	0	0	1	0	0	0	1	2	0	0	1	1	1	0	0	0	0	0	0	0	1	0	0	0	0	0	0	2	0	1	0	2	2	3	2	0	0	0	0	1	2	1	0	1	0	0	1	1	0	0	0	0	0	0	0	0	0	1	0	0	0	0	0	1	0	0	1	0	0	1	0	0	1	0	1	0	0	1	0	0	2	0	2	4	2	1	2	3	3	1	3	5	6	4	4	2	1	1	2	0	1	0	0	0	1	3	2	5	1	3	3	1	0	0	2	0	2	0	2	1	0	2	0	0	0	0	0	0	2	0	0	1	1	0	2	0	3	2	3	4	2	0	1	3	2	1	0	3	1	0	3	2	0	1	1	0	2	0	2	0	3	4	1	6	1	2	13	29	15	3	4	4	3	5	2	1	1	3	1	2	1	7	1	1	4	2	6	2	0	6	5	2	18	25	34	63	0	19	9	7	13	6	7	13	15	5	8	6	1	6	7	13	24	5	4	8	11	6	7	5	4	3	3	2	1	1	1	3	2	2	1	0	1	1	0	3	0	0	3	0	0	0	0	0	0	2	1	2	0	0	0	0	2	0	1	0	0	0	0	0	0	1	0	0	0	0	0	0	0	0	0	1	0	0	0	1	0	1	1	0	1	1	0	0	0	1	2	2	1	3	3	4	1	4	4	3	5	2	0	1	1	3	4	2	5	6	2	1	3	2	1	1	0	0	1	1	1	2	0	4	1	0	1	0	0	1	1	0	0	1	3	0	1	0	3	0	1	1	0	1	5	5	6	2	2	3	3	1	1	4	6	2	2	5	3	6	9	14	6	2	5	4	3	3	5	3	3	2	1	0	0	0	0	0	2	1	3	0	0	0	1	0	1	1	0	3	0	1	0	1	2	0	1	0	0	0	4	3	1	5	1	1	2	1	1	5	1	1	1	2	1	1	0	0	0	1	1	2	1	0	0	0	2	0	0	0	0	0	1
0	0	0	0	0	0	0	0	1	2	0	0	0	1	0	0	0	0	0	0	0	0	1	1	1	0	0	0	0	0	0	0	0	0	0	1	1	0	1	0	2	0	0	0	0	1	0	0	1	0	0	0	0	1	0	0	0	0	0	0	2	0	0	0	0	0	0	1	0	0	0	0	0	0	0	1	0	0	0	0	0	0	1	0	0	0	2	0	1	0	1	0	2	1	2	2	0	0	1	1	0	1	0	1	0	0	1	3	1	0	0	1	1	1	1	1	1	0	0	0	0	1	1	0	0	0	0	0	0	1	0	0	0	1	0	0	0	0	0	1	1	1	1	3	2	3	4	4	3	4	8	4	7	4	2	3	3	1	1	1	1	1	1	2	0	2	0	4	1	3	0	1	0	1	1	1	2	0	5	1	1	2	1	0	0	0	1	2	1	2	2	1	1	1	1	0	0	4	2	4	12	14	5	6	6	7	3	0	0	2	0	5	2	0	0	1	1	3	1	0	2	4	3	4	9	8	37	45	105	37	4	5	9	15	4	1	5	0	5	3	6	5	5	4	8	7	9	8	6	3	20	21	31	17	11	13	19	0	49	19	77	10	5	17	16	17	13	3	4	4	5	5	6	8	3	4	7	9	22	10	9	4	2	1	3	2	3	3	1	5	0	0	1	2	1	1	1	2	1	1	0	1	0	0	0	0	2	1	0	0	1	1	1	0	2	0	0	0	0	1	0	0	0	1	1	0	1	1	0	1	1	0	0	0	0	0	2	0	0	0	0	0	1	1	0	1	1	0	2	3	1	2	3	4	1	6	1	1	1	2	1	1	2	1	3	1	0	1	0	1	2	0	0	0	1	0	0	0	0	1	0	0	1	1	0	0	0	0	2	0	1	2	1	1	1	0	2	1	3	2	0	1	1	1	1	2	0	2	1	2	0	4	0	3	1	4	4	7	5	5	1	1	3	6	3	0	4	2	1	0	1	1	1	1	0	2	1	0	0	0	1	0	1	0	2	1	1	1	2	0	0	2	1	1	1	6	2	2	3	0	0	1	2	1	1	2	1	1	1	1	0	0	0	0	1	0	0	1	0	0	1	0	1	0	0	0	0	0	0
0	0	0	0	0	0	0	0	0	0	0	1	0	0	1	0	2	0	0	0	2	0	0	0	0	0	1	0	2	0	0	0	1	1	1	0	0	0	0	1	0	1	1	0	0	0	0	0	0	0	0	0	1	0	1	0	0	1	0	0	1	0	1	0	0	0	1	0	0	1	1	1	0	1	0	1	0	0	0	0	0	0	0	0	0	0	0	0	0	0	2	3	0	1	0	1	1	1	2	1	0	1	0	1	0	1	0	3	0	1	0	1	0	3	2	1	0	0	0	1	0	0	0	0	0	1	0	0	0	0	0	0	0	0	0	0	0	1	0	2	0	2	2	1	3	1	2	2	3	3	7	4	7	4	2	1	2	2	1	3	0	1	0	2	1	1	1	2	1	11	4	0	0	1	1	0	2	0	4	0	2	2	0	4	0	1	0	2	0	0	1	0	0	1	3	2	4	3	4	5	3	15	2	10	4	3	1	1	2	2	2	1	3	1	0	0	0	0	2	2	1	2	2	7	3	5	9	7	11	13	2	11	18	25	3	5	5	3	8	8	23	10	10	18	15	12	5	9	2	5	28	11	20	21	5	4	9	49	0	36	155	21	13	20	34	16	11	5	6	3	3	4	5	4	5	2	6	4	8	6	6	3	1	0	2	1	3	0	1	0	1	0	2	0	0	2	1	1	1	0	1	0	1	1	1	0	0	1	0	0	0	0	1	1	1	1	0	1	0	0	1	2	0	1	1	3	0	2	0	0	0	0	0	0	0	4	1	0	2	1	0	3	1	2	1	1	2	1	0	1	1	2	1	2	0	4	0	0	0	1	0	1	4	1	2	2	0	0	1	2	0	0	0	0	1	1	1	3	0	0	0	2	0	0	0	1	1	0	0	2	1	0	1	3	1	0	1	0	2	2	3	2	0	0	0	0	1	1	1	2	0	1	2	3	3	2	5	4	5	2	2	1	4	4	3	1	3	2	0	0	0	0	1	0	1	0	0	0	0	2	0	0	1	0	1	0	1	0	1	0	0	0	0	0	0	1	5	1	3	2	0	1	1	0	1	3	1	1	0	0	0	0	2	1	1	0	0	0	0	0	1	2	0	0	0	0	0	0	0
0	0	0	0	0	0	0	0	0	1	0	1	1	0	0	1	0	0	1	0	0	0	1	1	1	0	0	2	2	0	0	1	0	0	1	0	0	0	2	1	0	1	0	0	0	2	0	1	0	0	0	0	1	0	1	0	0	0	0	1	0	1	0	0	0	1	0	0	0	0	0	0	0	0	0	0	0	0	0	1	0	1	0	0	1	1	0	1	0	2	1	2	0	1	0	3	1	2	1	1	1	1	0	0	0	1	0	2	2	1	1	0	3	0	1	1	0	0	2	1	1	1	0	0	2	0	0	0	2	0	2	0	0	0	0	1	0	0	1	5	2	5	1	3	2	1	2	0	1	0	3	3	0	1	0	2	3	1	1	2	0	3	0	1	1	1	2	4	2	2	1	0	4	1	4	4	0	1	1	0	1	0	0	2	2	2	2	0	0	0	0	2	0	2	1	2	3	4	2	2	2	4	3	1	1	4	1	1	2	3	3	1	3	1	1	1	2	1	0	3	0	1	3	4	2	7	4	3	9	9	4	5	19	9	3	4	3	3	3	6	8	7	5	14	8	24	6	12	3	2	43	33	32	15	7	13	7	19	36	0	41	10	7	9	9	5	3	0	3	3	2	3	4	3	1	1	6	9	9	5	2	3	1	1	2	1	0	1	1	0	1	0	1	3	0	0	1	1	0	0	0	1	0	1	0	0	0	0	1	0	0	0	0	0	0	0	1	0	1	0	0	0	0	0	0	1	0	1	0	0	0	0	1	0	0	0	0	1	3	1	3	1	1	1	1	1	1	2	1	1	0	1	0	0	0	3	0	0	0	2	1	1	5	2	1	4	0	0	1	0	3	1	0	0	0	0	0	0	1	2	0	2	2	1	1	1	0	0	1	0	2	0	1	0	1	1	1	0	0	0	4	1	0	0	0	0	2	1	1	2	0	2	2	1	2	0	1	2	2	2	1	0	1	3	2	1	2	0	1	1	0	3	0	0	0	1	1	0	0	0	0	2	2	0	0	0	0	0	0	3	1	0	0	0	2	3	2	1	2	2	2	2	0	1	3	1	1	1	1	0	2	0	0	0	2	0	0	0	2	0	1	1	1	0	0	0	0	0	0
0	0	0	0	0	0	0	0	0	0	1	0	0	0	0	0	0	0	1	0	1	0	0	0	2	1	0	0	1	0	0	0	0	0	0	1	1	1	0	0	1	1	0	1	1	1	1	0	0	1	0	0	1	1	0	0	0	0	0	1	0	0	0	0	0	0	0	1	0	0	1	0	0	0	0	0	0	0	0	0	0	0	1	0	0	0	0	0	1	0	0	1	2	0	0	0	0	0	2	0	0	0	1	0	2	0	1	1	1	0	1	0	2	1	2	1	0	1	1	0	0	0	0	0	0	1	0	2	1	0	0	0	2	0	0	0	1	1	1	0	1	0	0	1	0	0	2	2	6	4	4	3	2	3	2	2	6	1	1	1	1	1	1	0	0	3	2	3	3	3	0	0	0	4	2	3	1	1	2	2	0	1	0	1	2	1	1	3	0	1	5	1	3	1	0	4	3	3	3	3	6	5	4	5	3	2	4	0	3	2	2	3	1	2	1	2	1	1	2	0	2	1	3	2	4	7	7	10	28	15	5	12	10	7	4	2	7	2	4	9	12	3	8	9	8	4	9	6	2	3	15	4	31	30	11	13	13	77	155	41	0	35	13	24	25	16	8	2	5	3	2	7	5	7	4	5	8	10	15	7	6	1	1	0	1	0	1	2	1	0	3	1	0	0	0	3	0	1	1	3	0	0	0	0	0	0	1	1	0	0	0	0	1	1	1	0	0	0	0	0	2	0	0	0	0	1	2	0	0	0	0	0	1	0	0	0	0	0	0	1	0	0	1	1	1	1	1	0	1	2	2	2	1	3	0	2	0	1	1	0	3	4	2	3	0	3	3	1	3	0	2	3	0	2	0	2	0	1	0	0	0	3	2	1	0	1	0	0	1	1	1	1	2	3	0	2	0	0	0	3	3	1	1	2	0	0	0	0	2	1	1	2	1	2	1	3	5	4	7	1	3	5	1	1	2	2	2	1	0	1	0	1	0	1	1	1	0	2	0	0	3	1	0	6	2	0	2	1	1	5	0	0	0	0	0	0	4	0	0	0	4	4	2	0	1	2	0	2	3	1	2	1	2	0	0	0	0	1	1	1	0	1	0	0	0	2	0	0	0
0	0	0	0	0	0	0	0	0	0	0	0	0	0	0	0	0	0	0	0	0	0	0	0	0	0	1	0	0	0	0	0	0	0	1	0	1	2	0	0	0	0	2	0	0	0	2	0	2	1	0	0	1	0	0	0	0	0	0	0	0	1	0	0	0	0	0	0	0	0	1	0	0	0	1	1	0	0	0	0	0	0	0	0	0	1	0	0	0	0	0	0	2	0	2	1	0	0	1	1	0	0	1	0	0	0	1	0	0	0	1	1	0	0	0	1	0	1	0	1	0	0	0	0	1	1	0	1	1	1	0	0	0	1	0	0	1	1	1	2	1	0	0	0	0	2	1	3	3	2	4	1	1	3	0	2	1	0	0	0	1	0	0	1	0	2	1	2	1	1	1	0	0	1	3	2	0	0	0	0	1	0	0	0	2	0	0	1	0	1	1	0	1	0	2	1	1	1	2	3	1	2	0	1	3	2	5	2	0	1	3	0	0	0	0	2	2	2	0	1	0	0	0	3	1	2	6	10	11	5	2	2	6	5	5	3	1	1	6	6	9	7	7	9	8	9	5	3	3	3	7	4	13	20	10	8	6	10	21	10	35	0	33	16	24	9	6	5	5	2	1	3	2	1	1	2	4	2	3	2	2	2	0	0	0	1	1	2	1	1	0	1	0	1	2	0	2	0	1	0	2	0	0	0	0	0	0	0	2	0	0	0	1	1	0	0	0	0	0	1	0	0	0	0	0	1	1	0	0	1	0	2	0	0	1	0	0	2	0	1	0	0	0	0	0	1	1	1	0	1	1	0	0	2	1	1	0	1	2	1	3	0	2	0	2	1	2	2	3	1	0	0	3	2	1	0	0	0	0	1	1	1	1	0	1	1	1	1	0	0	2	0	2	0	0	1	1	0	0	1	1	1	1	0	2	3	1	0	2	2	2	3	6	2	3	3	3	3	4	1	0	3	1	2	1	0	0	1	0	0	0	0	0	0	1	0	0	0	0	1	0	2	0	0	1	2	0	0	0	0	2	0	1	0	2	0	2	2	3	1	0	0	1	0	1	0	1	1	0	1	0	0	1	0	0	0	0	0	0	0	0	1	1	0	0	0	0	0	0
0	0	0	0	0	0	0	0	0	0	0	2	0	0	0	1	0	0	0	0	0	0	0	0	0	0	0	0	0	0	0	0	1	0	0	0	0	0	0	0	0	0	1	2	0	0	0	0	1	0	1	0	0	0	0	0	0	0	0	0	0	1	0	0	1	0	0	0	0	1	1	0	0	1	2	0	0	1	0	0	1	0	0	0	0	0	1	0	0	1	0	0	0	1	0	1	0	0	1	2	0	0	1	1	1	1	0	1	1	0	0	0	0	1	2	1	0	0	1	0	0	2	0	0	0	0	0	0	1	0	0	0	0	0	0	0	0	1	0	2	0	2	3	0	0	0	1	0	2	5	4	6	3	0	1	2	0	1	0	2	1	0	2	1	0	1	0	5	1	2	1	0	0	0	0	1	1	2	0	2	1	0	1	0	0	3	0	0	0	0	2	0	1	0	1	1	1	2	1	2	4	3	1	1	1	1	2	0	2	3	1	0	1	1	1	0	2	1	0	1	2	1	0	3	2	3	2	2	3	2	3	2	4	6	8	5	1	1	3	6	7	10	2	0	1	1	2	5	1	1	1	1	6	9	5	5	7	5	13	7	13	33	0	43	31	10	11	5	6	9	2	6	8	3	3	1	2	2	1	3	1	2	1	0	1	0	0	0	0	0	0	0	0	0	0	0	0	0	1	1	0	0	0	0	1	0	0	0	0	1	1	1	1	0	0	0	1	0	0	2	0	1	0	0	0	0	1	0	1	0	0	1	1	0	0	0	0	1	0	1	0	1	1	0	0	0	1	1	0	1	0	1	4	0	0	0	1	1	3	1	1	3	4	0	4	2	0	4	2	0	4	1	2	1	3	0	0	1	1	1	3	1	0	0	0	1	0	1	0	0	1	0	2	4	1	2	0	2	1	3	3	0	4	1	2	0	5	1	1	3	2	6	4	5	2	3	7	4	5	3	0	2	1	2	0	1	1	1	0	0	0	0	0	1	0	0	1	0	0	0	0	0	0	0	2	1	0	0	2	0	0	1	1	0	0	1	2	2	1	4	1	0	1	0	1	0	0	2	1	0	0	0	2	0	0	0	0	1	0	2	1	0	0	1	0	0	0	0	0
0	0	0	0	0	0	0	0	1	0	0	0	1	0	0	0	0	0	0	0	0	0	0	0	1	1	0	0	1	0	0	0	0	0	0	1	1	0	0	2	0	0	0	0	0	0	1	0	0	1	0	0	0	1	0	0	0	0	0	0	0	1	0	0	0	0	0	0	0	1	0	1	0	0	0	1	0	0	1	0	0	2	0	2	0	1	0	0	0	0	1	0	0	2	2	1	1	1	1	1	1	0	0	2	0	0	0	1	1	0	1	0	0	0	1	0	0	1	2	0	0	1	1	0	0	1	0	0	0	1	2	0	2	1	0	0	0	1	0	0	2	0	0	0	1	3	0	5	3	6	7	7	3	0	5	1	3	0	1	1	1	1	4	1	3	4	2	2	2	2	1	1	0	2	0	1	0	0	0	2	0	0	2	2	1	2	0	4	1	0	3	1	1	2	1	1	3	0	0	3	5	8	5	0	1	0	7	2	0	1	2	5	1	2	3	1	2	0	1	0	2	0	0	3	3	2	15	9	14	2	4	3	3	15	5	10	6	3	2	2	7	8	4	6	4	2	4	2	2	1	5	3	8	15	3	11	13	17	20	9	24	16	43	0	181	44	26	7	7	3	4	4	5	7	4	0	4	6	8	3	2	1	2	0	1	1	1	1	0	0	0	2	0	0	0	1	0	0	0	0	0	0	0	0	0	1	0	0	1	0	0	0	0	0	0	0	0	0	0	0	1	0	0	0	2	0	0	0	0	2	0	1	0	0	0	0	0	0	2	0	3	0	1	2	2	0	1	0	2	4	1	0	1	3	2	1	3	2	0	1	0	2	2	3	2	7	3	4	0	0	1	1	2	2	1	2	0	0	0	3	0	4	2	1	0	1	0	2	0	2	2	2	1	3	1	3	1	0	0	0	1	1	3	1	1	3	1	1	1	2	2	6	6	4	3	4	8	12	6	3	4	5	1	5	3	2	5	4	1	1	0	0	0	1	0	0	2	1	2	2	0	2	1	1	0	0	3	1	1	1	2	2	1	1	0	0	2	4	4	1	1	1	1	1	2	3	1	2	1	2	1	1	1	0	0	0	1	2	0	0	0	0	1	0	1	0	2	1	1
0	0	0	0	0	0	0	0	0	0	0	0	0	0	1	0	0	0	0	1	0	0	0	0	0	0	0	0	0	1	0	1	0	1	0	0	0	1	1	1	0	0	0	0	0	0	0	0	0	3	0	0	1	0	1	0	0	1	0	1	0	0	0	1	0	0	2	0	1	0	0	0	0	0	1	0	0	0	0	0	0	0	0	1	0	0	1	0	0	0	3	1	1	2	0	3	1	1	0	1	1	0	1	2	0	1	0	0	0	0	2	1	0	0	1	1	1	1	0	1	0	0	0	0	1	0	0	1	0	0	0	1	0	0	2	0	1	0	3	2	2	0	1	2	3	1	4	2	2	5	11	7	3	2	1	4	2	3	2	2	2	0	1	0	1	1	3	1	2	2	2	1	0	0	1	0	2	0	2	2	0	2	2	2	1	1	0	3	0	0	2	1	0	2	0	2	1	0	1	4	5	6	3	4	5	1	3	5	2	2	3	1	1	1	1	1	1	1	1	2	1	5	1	6	1	6	8	11	9	10	3	7	8	16	12	6	2	6	4	4	11	9	5	7	5	4	3	2	1	2	9	3	7	13	8	9	15	16	34	9	25	24	31	181	0	47	25	12	6	2	6	5	3	4	3	3	4	4	7	9	4	3	4	0	1	0	1	1	2	1	1	0	0	0	0	0	0	0	0	1	0	0	0	0	1	0	1	1	0	0	0	0	0	1	0	0	0	0	1	0	1	1	0	0	0	0	0	1	0	2	0	0	0	0	1	1	0	0	1	1	1	0	0	1	0	1	2	1	1	1	0	1	1	1	0	1	0	1	2	2	1	1	1	3	0	3	2	0	3	1	0	2	2	2	0	1	2	2	0	1	1	1	1	0	1	0	0	3	1	2	2	1	1	1	0	0	0	3	1	5	1	3	2	2	1	1	2	4	1	0	4	1	1	2	2	3	4	7	6	1	1	1	0	2	2	1	1	1	1	1	0	0	0	0	0	0	0	0	1	1	0	2	3	0	0	0	0	1	1	1	1	0	0	0	1	1	1	1	1	1	0	0	0	1	1	0	2	1	1	0	0	0	0	1	0	0	1	0	0	1	0	1	0	0	0	1	0	0	1
0	0	0	0	0	0	0	0	0	0	0	1	0	0	0	0	0	0	0	0	0	1	0	1	0	0	0	1	0	0	1	0	2	1	0	0	1	0	0	1	0	1	0	0	1	1	2	0	1	0	1	1	0	0	1	0	0	0	0	1	0	0	0	1	0	0	0	0	1	0	0	0	0	0	1	0	0	0	0	0	0	0	0	1	2	0	0	1	0	1	2	0	2	3	2	2	2	1	0	2	0	0	0	1	1	0	0	1	2	1	0	1	0	1	0	2	2	1	0	0	0	0	0	1	0	0	1	0	0	1	0	1	0	1	0	0	0	0	1	1	2	1	2	0	0	3	3	6	4	13	28	5	9	2	2	2	2	1	2	0	2	0	0	1	3	4	0	1	1	2	1	2	0	1	0	1	3	3	1	1	3	0	3	4	1	0	2	0	2	1	1	1	0	1	2	1	1	4	6	3	9	9	5	3	4	3	4	1	3	3	2	4	1	0	2	4	1	1	1	1	2	0	1	5	4	5	8	9	9	14	8	8	9	16	17	5	5	2	1	3	7	5	5	4	6	3	1	1	1	3	4	2	7	5	10	3	5	17	16	5	16	9	10	44	47	0	103	13	13	7	9	8	5	4	7	5	2	3	1	4	1	3	2	2	0	2	0	1	2	2	1	1	0	0	2	0	3	1	0	2	0	0	0	0	0	2	0	0	1	0	1	0	0	0	2	2	1	1	0	0	0	1	0	1	1	0	2	0	0	0	0	1	1	1	0	2	1	0	0	0	0	1	2	0	1	0	0	0	2	1	1	1	2	1	0	2	1	2	0	0	0	1	2	3	4	2	0	2	1	1	0	1	1	3	0	1	1	0	0	2	3	1	0	0	0	0	0	1	0	2	3	1	3	1	1	2	1	2	1	0	4	5	3	2	2	1	0	3	2	3	0	2	4	8	5	5	4	11	5	5	0	3	0	2	2	0	6	1	2	0	0	1	0	0	1	0	0	1	0	2	0	0	0	0	2	1	1	3	0	2	0	1	1	3	3	2	3	2	0	2	2	0	2	2	3	5	2	0	1	0	0	0	2	0	0	1	0	0	0	0	0	0	0	0	0	2	0	1	2
0	0	0	0	0	0	0	0	0	0	0	0	0	1	0	0	0	0	0	0	0	0	0	0	0	0	0	0	0	0	1	0	0	1	0	1	1	0	0	0	0	1	1	0	0	0	0	0	1	0	0	0	0	1	0	0	0	0	0	0	1	0	0	1	1	0	0	0	1	0	0	0	0	0	1	0	0	0	1	0	0	0	2	0	0	0	1	2	0	1	0	0	1	0	2	0	0	0	1	2	0	0	0	0	1	1	1	1	0	3	0	0	2	1	1	1	1	1	3	0	0	0	1	0	0	0	1	2	0	0	1	0	1	0	0	0	1	1	1	0	0	2	1	1	2	4	0	3	3	6	33	6	7	4	2	2	1	1	3	1	0	0	1	0	3	4	1	0	0	2	2	0	2	1	1	1	0	0	2	2	0	0	0	0	1	1	1	2	0	2	1	4	0	1	3	2	3	3	2	0	7	12	3	3	4	2	7	2	2	2	4	2	0	2	2	1	3	3	2	5	1	5	0	3	0	6	5	13	9	8	3	6	6	13	14	5	2	5	0	3	1	3	4	4	2	3	3	7	1	2	0	3	1	5	8	0	8	13	11	3	8	6	11	26	25	103	0	51	25	14	15	12	6	6	5	3	2	4	4	5	1	3	2	3	0	3	2	1	1	0	2	3	1	0	1	1	0	1	1	0	2	1	0	0	0	0	0	2	1	0	0	1	1	2	0	2	0	0	0	0	0	1	0	0	0	0	1	1	0	0	2	1	1	0	2	0	0	0	0	0	0	1	2	1	2	1	1	2	0	2	1	3	2	2	2	2	4	1	0	1	5	0	3	0	3	3	2	3	2	5	3	3	2	2	0	2	0	1	1	2	3	3	0	1	1	2	2	0	0	0	0	1	2	4	3	2	0	1	2	1	1	6	7	1	4	0	1	6	2	5	1	8	6	8	6	5	14	16	21	6	5	5	2	2	6	1	6	3	0	0	0	1	1	0	0	2	1	0	1	0	0	0	0	1	1	1	0	3	0	1	0	2	2	0	3	3	5	2	3	3	1	3	2	1	3	6	2	0	0	0	1	0	1	0	0	2	1	0	1	2	2	0	0	0	1	1	0	1	0
0	0	0	0	0	0	0	1	0	0	0	0	0	0	0	0	0	1	0	0	0	1	0	0	0	0	1	0	0	0	0	0	0	0	0	1	0	1	1	1	0	0	1	0	0	0	0	0	0	0	1	0	0	0	0	0	0	0	0	0	0	1	0	0	0	0	1	0	1	0	0	0	0	0	0	0	0	0	1	0	0	0	0	0	1	2	1	1	0	0	1	0	2	3	1	4	2	1	1	0	0	0	0	0	3	0	1	0	0	1	0	0	0	0	0	0	1	0	0	0	0	1	0	0	0	2	2	0	0	1	0	1	0	0	1	0	1	1	1	0	2	3	0	1	2	6	2	3	2	14	21	12	2	2	2	4	1	0	0	0	1	1	1	1	2	1	0	4	0	3	0	1	1	0	1	2	2	0	0	1	1	2	2	1	2	2	1	1	1	5	5	2	0	0	4	2	0	4	3	4	5	5	4	5	4	5	3	2	2	5	4	5	2	3	4	4	3	6	7	4	2	0	1	1	1	1	8	8	9	4	1	2	3	5	5	2	1	0	0	2	4	2	2	3	2	2	1	2	1	0	4	0	6	2	4	7	6	3	5	0	2	5	5	7	12	13	51	0	177	33	11	6	11	5	8	3	3	2	4	3	1	4	3	2	0	1	3	2	0	0	2	0	1	1	0	1	2	2	2	0	0	0	0	0	0	0	1	0	1	2	1	0	0	0	0	0	0	0	0	0	0	0	0	0	2	1	0	0	0	1	0	0	1	1	0	0	1	0	1	1	2	0	2	2	1	0	1	3	2	2	0	1	0	2	0	2	1	3	2	1	4	4	3	2	8	8	2	2	2	1	5	4	3	1	1	3	1	3	4	4	1	3	2	4	0	1	1	2	2	1	3	1	1	1	3	1	1	0	3	1	5	3	2	4	2	3	1	2	4	3	5	12	6	10	11	10	32	16	22	6	5	4	2	5	2	3	5	0	1	2	0	0	0	1	0	1	1	2	0	1	2	1	1	2	0	0	0	0	1	3	1	1	1	0	2	2	3	2	0	2	2	1	2	2	1	1	1	1	1	0	1	0	1	2	0	2	0	0	0	0	4	1	0	3	0	0	1	1	0
0	0	0	0	0	0	0	0	0	0	0	1	1	0	0	0	1	0	2	1	0	0	0	0	0	0	1	0	0	0	0	0	0	1	0	1	1	0	0	0	1	0	1	0	0	0	1	0	0	0	0	1	1	0	0	0	0	1	2	0	0	0	0	0	1	0	0	0	0	0	0	0	0	2	0	1	0	1	0	0	0	0	1	1	0	1	0	0	1	1	0	1	0	2	1	1	0	0	1	2	0	0	1	3	1	0	2	0	1	0	1	0	0	1	0	0	1	0	0	0	1	1	1	1	0	3	0	0	0	0	0	0	0	0	0	0	0	0	1	0	2	1	1	3	2	6	2	10	7	14	20	4	6	0	0	3	0	0	1	0	3	2	1	2	2	0	1	2	0	2	2	1	0	0	0	1	1	4	2	3	2	2	2	4	2	1	3	2	0	2	3	0	1	3	3	3	3	1	2	3	3	2	2	2	4	6	6	1	3	5	4	2	2	2	2	2	4	3	2	4	4	4	2	3	2	0	5	5	2	6	3	3	0	5	6	3	1	1	2	1	2	0	4	1	3	2	0	2	1	0	1	4	0	7	3	1	1	4	6	3	5	5	6	7	6	13	25	177	0	61	11	7	2	3	5	2	1	2	2	2	1	2	2	0	0	0	0	0	1	0	0	0	0	0	0	2	1	0	2	0	0	0	0	1	0	0	1	2	0	1	0	3	0	0	0	1	0	1	0	0	0	0	2	1	1	0	2	2	0	2	0	1	1	1	1	2	2	1	1	1	1	2	0	0	0	0	0	2	0	2	2	3	3	1	1	1	4	1	0	3	1	1	3	3	6	5	2	1	3	5	3	9	2	3	2	3	2	0	2	4	8	1	2	3	2	2	3	1	0	0	4	0	2	1	1	4	1	2	2	2	5	4	7	11	3	6	7	4	3	9	3	8	8	10	10	14	27	20	23	12	4	5	2	5	1	4	3	3	1	3	0	0	1	0	1	3	0	1	1	0	0	1	1	3	2	1	2	1	3	2	3	1	0	2	3	3	6	1	0	3	0	3	1	1	3	1	0	1	0	1	0	2	1	1	0	3	1	4	0	0	4	0	2	0	3	0	0	0	2
0	0	0	0	0	0	0	0	0	0	0	0	0	0	0	0	0	1	0	0	0	0	0	0	0	1	0	0	0	0	0	0	0	1	0	0	2	0	0	0	0	1	0	0	0	0	0	1	0	0	0	0	0	0	0	1	0	0	0	1	0	1	0	0	0	0	0	2	1	0	0	0	0	0	0	0	0	1	0	0	0	0	0	0	0	0	0	0	1	0	0	0	0	1	2	0	0	0	0	1	0	1	1	0	0	0	1	0	2	0	1	0	0	0	0	1	0	0	0	1	0	1	2	2	0	0	0	1	0	1	0	0	0	0	1	3	0	0	1	0	3	3	0	2	2	2	3	4	5	9	9	6	6	2	2	2	4	3	1	0	0	2	0	0	5	2	2	2	0	1	0	0	0	0	1	1	0	0	2	0	2	1	0	1	0	1	2	4	1	2	0	1	3	6	3	0	3	1	4	1	3	6	2	5	3	3	0	3	1	2	0	2	1	0	1	3	4	5	4	7	3	5	3	5	2	0	4	6	3	2	3	0	2	1	4	6	2	1	2	1	5	0	0	6	2	0	2	4	2	4	1	1	2	3	0	3	6	4	3	3	3	2	9	3	2	7	14	33	61	0	25	12	7	13	12	2	5	3	1	2	0	2	1	0	2	1	2	1	1	1	0	0	1	2	0	1	0	0	0	1	1	0	0	1	2	0	0	0	0	2	1	0	0	0	1	1	0	2	0	1	0	0	0	0	0	0	1	1	2	1	1	0	0	1	0	2	2	0	0	0	3	3	0	0	1	1	0	4	1	1	6	3	3	7	3	6	3	3	3	3	1	2	7	4	6	6	5	3	4	2	3	3	8	3	4	1	1	1	4	4	6	6	6	2	3	3	4	7	4	1	3	2	2	0	2	1	0	0	3	2	7	16	9	7	7	6	6	4	1	1	3	2	2	9	12	21	88	19	31	12	11	13	6	5	7	4	6	3	0	1	0	1	1	0	1	2	3	1	0	0	2	1	0	0	3	2	2	4	0	2	1	0	1	3	0	3	6	2	4	5	7	2	3	2	3	2	1	1	3	0	0	2	3	0	0	1	0	0	1	1	2	2	0	0	2	3	3	2	6
0	0	0	0	0	0	0	0	0	0	0	0	0	1	0	0	0	0	0	0	0	1	0	0	0	0	0	0	0	0	0	2	0	0	1	1	1	0	0	1	0	0	1	0	1	0	0	0	0	0	0	0	2	2	0	1	0	0	0	0	0	0	0	0	0	0	0	0	0	0	0	0	0	0	0	0	0	0	0	0	0	1	0	0	0	0	0	0	0	2	2	1	1	0	1	1	1	0	2	0	0	1	1	0	1	2	1	0	1	0	3	0	0	1	0	0	1	0	1	0	0	0	0	1	0	2	2	0	0	0	0	0	1	0	0	0	0	0	2	0	3	1	5	0	2	2	1	6	3	8	5	1	3	0	2	0	0	1	2	1	1	1	0	0	0	1	2	0	1	1	1	1	1	3	2	0	2	5	2	0	1	1	1	1	2	4	2	0	1	0	4	3	2	1	1	5	6	4	1	4	6	3	1	2	3	4	3	1	4	4	2	4	3	0	1	1	3	8	8	14	6	9	4	5	4	4	8	10	8	9	9	2	3	1	4	1	2	2	2	1	2	1	2	2	2	2	1	8	2	1	1	2	4	2	3	6	7	5	3	2	2	1	2	4	6	9	15	11	11	25	0	29	21	19	32	14	5	6	3	6	4	2	0	1	1	3	1	4	2	0	2	0	2	0	2	0	4	1	0	2	0	2	3	0	0	1	3	0	0	1	1	0	0	2	0	0	0	0	0	0	0	0	1	3	0	2	0	0	0	1	0	1	1	1	1	1	0	0	1	2	1	1	0	3	1	1	1	1	5	1	3	5	4	9	5	4	2	2	3	2	6	3	4	2	9	7	0	1	3	3	0	1	0	2	0	2	1	2	1	5	6	0	2	1	3	2	1	3	2	3	1	5	4	5	0	2	1	1	2	4	8	8	2	4	2	3	4	1	1	1	2	1	1	4	6	8	32	12	8	20	30	17	11	11	5	3	17	4	1	1	0	0	2	0	1	2	0	0	0	1	1	1	1	2	2	0	1	0	6	4	3	3	2	2	3	4	12	4	4	3	6	7	4	1	5	2	2	0	2	0	4	2	0	2	0	1	2	3	0	0	4	2	0	0	0	1	2	1	1
0	0	0	0	0	0	0	0	1	0	0	0	0	1	0	0	0	0	1	0	1	0	0	0	0	0	0	0	0	0	0	0	0	0	0	1	1	0	0	0	0	0	0	0	0	0	0	0	0	0	0	0	0	0	0	0	0	0	0	0	0	1	0	0	0	0	0	0	0	0	0	0	1	0	0	1	0	0	0	0	0	0	0	0	0	0	1	0	3	0	1	0	1	0	0	2	1	0	0	0	1	1	2	0	0	0	0	0	2	0	1	0	1	1	1	1	1	0	1	0	0	0	0	0	0	1	0	1	0	2	0	0	0	0	0	2	0	1	0	2	1	1	1	0	3	2	0	4	2	4	2	6	0	1	1	1	5	0	0	0	1	2	0	0	0	0	2	0	0	3	0	0	0	0	0	4	0	1	0	0	0	1	1	1	1	1	1	1	0	2	1	0	1	1	0	2	4	1	2	1	2	1	2	2	0	1	4	1	4	3	1	2	1	1	3	1	2	4	2	4	6	4	0	4	4	5	11	25	4	5	7	5	2	2	3	3	2	2	0	1	3	0	1	1	2	3	3	2	3	1	5	2	8	6	6	12	13	5	4	3	7	3	6	4	5	8	12	6	7	12	29	0	258	16	9	10	6	10	3	3	4	3	3	1	2	1	0	3	2	0	0	1	4	1	3	2	2	0	2	0	2	0	0	1	2	5	0	0	0	1	1	3	0	0	2	0	0	0	0	0	1	1	0	1	0	0	0	0	1	0	0	0	1	0	0	2	0	0	1	2	0	0	1	2	3	0	1	1	2	2	0	1	6	9	4	7	8	0	2	0	1	4	8	6	15	2	3	6	1	1	1	3	3	3	2	2	2	0	3	2	1	0	2	2	0	1	1	0	1	2	1	2	2	1	3	2	1	1	3	1	4	5	6	4	1	6	1	1	3	2	4	3	2	5	5	7	21	16	18	41	22	12	14	13	16	9	12	4	2	3	0	0	1	0	1	1	0	3	0	0	1	3	1	1	2	0	0	1	4	2	2	1	0	2	5	1	3	1	3	6	5	2	3	4	3	2	0	1	1	2	3	2	1	0	1	0	2	3	0	0	4	1	1	0	1	0	1	0	1
0	0	0	0	0	0	0	0	0	0	0	2	1	0	0	0	0	0	0	0	1	1	0	0	0	0	0	0	0	1	0	0	0	1	2	1	0	0	0	0	0	1	0	2	1	0	0	1	0	0	1	0	0	0	0	0	0	0	0	0	1	0	0	0	0	1	0	0	0	1	0	0	0	0	1	2	1	0	0	0	0	0	0	0	1	1	0	0	2	0	0	2	0	2	2	0	0	2	1	1	1	0	0	1	1	0	1	2	0	1	0	2	1	0	0	1	1	2	0	2	0	0	0	1	0	0	0	1	1	1	0	1	2	0	1	0	0	0	0	1	0	3	4	2	6	1	2	1	2	0	3	1	2	0	4	0	3	1	0	0	3	0	0	0	1	2	1	0	3	2	2	0	0	1	0	2	1	3	1	0	0	1	1	2	2	1	1	1	1	1	3	1	0	3	2	0	2	3	3	1	2	4	3	2	5	3	2	2	2	3	1	1	0	1	1	0	2	3	5	3	2	3	1	7	7	6	12	25	13	3	4	3	2	5	4	0	0	3	2	1	4	2	3	0	3	4	6	3	4	2	2	1	5	12	17	20	24	6	5	4	5	2	8	5	3	5	6	11	2	7	21	258	0	24	21	11	17	15	3	9	1	2	6	0	3	4	2	1	1	0	1	0	3	1	0	2	1	2	0	2	0	0	1	1	1	1	1	2	0	0	1	0	0	1	1	0	0	1	0	0	0	0	0	0	0	1	1	0	0	1	0	2	0	1	2	3	0	0	1	1	0	0	5	0	4	3	0	2	2	1	2	2	4	6	0	6	7	1	0	0	1	3	5	3	7	5	2	4	1	1	3	0	3	1	0	1	4	0	1	1	3	1	2	2	1	0	1	1	1	0	3	0	1	1	0	2	2	1	0	6	3	7	1	1	3	2	2	1	4	2	3	2	2	3	6	5	13	17	9	21	10	11	21	16	11	5	10	7	1	1	0	0	0	2	1	0	1	2	3	2	0	0	3	1	2	2	1	0	2	1	0	2	2	1	2	4	7	3	12	2	3	4	2	6	3	3	0	1	4	1	1	2	0	0	0	2	2	0	3	1	1	1	0	1	0	0	2	2	0
0	0	0	0	0	0	0	1	1	0	0	0	0	0	0	2	0	0	0	0	1	0	0	0	0	0	0	0	0	0	0	1	0	1	0	0	0	0	0	1	0	1	0	0	0	1	0	0	0	0	0	1	0	0	0	0	0	1	0	0	0	1	0	0	0	1	0	0	0	0	1	0	1	0	1	1	0	0	0	0	1	0	1	0	0	0	0	0	1	2	1	1	3	3	1	3	1	0	2	1	0	1	1	0	1	1	0	0	5	0	2	1	0	0	0	1	0	0	4	0	1	2	0	0	1	0	1	2	2	0	0	0	0	0	0	0	0	0	1	1	1	2	1	2	1	5	2	8	3	2	5	2	3	2	2	3	1	0	2	2	1	1	0	0	2	1	1	3	1	1	1	1	0	0	0	4	1	1	1	0	1	2	1	1	2	1	1	0	1	0	2	1	4	0	4	3	3	5	3	3	4	4	2	3	4	5	7	1	3	5	2	1	1	1	0	1	3	4	6	7	9	16	1	14	19	19	30	14	18	9	8	6	4	2	0	1	2	2	2	1	2	1	0	2	1	3	4	8	3	4	5	2	3	7	8	16	5	8	4	3	7	1	3	7	4	4	6	5	3	13	19	16	24	0	35	108	46	19	12	9	7	10	8	3	2	2	2	3	2	0	1	0	0	2	0	0	3	0	3	1	2	0	1	2	1	1	1	0	0	1	2	0	1	1	0	2	0	0	1	1	2	0	1	0	1	0	1	0	2	1	1	1	2	0	2	0	0	0	1	1	1	5	1	1	2	0	1	4	3	6	4	4	6	7	3	6	3	1	5	5	4	2	1	3	7	3	1	2	3	0	1	1	0	1	1	3	1	0	3	3	1	1	2	4	0	2	1	0	2	3	0	1	0	1	0	0	1	1	0	1	2	4	3	2	2	1	1	0	3	0	2	1	1	2	2	3	4	5	3	8	12	7	10	25	5	5	15	11	1	1	1	0	3	0	0	1	1	2	0	1	4	5	0	2	4	3	1	1	4	4	1	1	1	5	4	13	12	12	18	8	5	4	4	3	2	6	1	3	2	0	0	4	1	1	0	1	2	2	0	2	0	4	2	0	1	0	2	2	1
0	0	0	0	0	0	0	1	0	1	0	0	0	0	0	0	0	0	0	0	0	3	0	0	0	0	0	2	0	0	1	1	1	0	0	1	1	0	1	1	1	0	0	1	0	0	3	0	1	0	0	0	0	1	0	0	0	0	0	0	0	0	0	0	1	0	1	0	1	0	0	0	0	1	0	0	1	0	1	0	0	0	0	1	0	0	1	0	1	1	0	1	1	3	2	2	1	3	1	0	1	0	1	0	2	1	0	0	0	1	1	1	0	1	1	2	1	2	0	0	0	0	1	0	1	1	1	0	1	2	0	0	0	0	0	0	1	1	1	2	0	2	2	1	1	6	4	10	10	6	5	6	6	1	1	4	2	1	3	0	0	1	1	4	0	0	1	1	1	0	1	0	2	2	2	0	0	2	1	1	1	2	0	0	1	0	0	4	0	3	4	3	2	1	3	1	3	1	5	3	7	6	5	0	5	5	10	4	5	4	2	2	2	1	1	3	3	9	7	20	19	27	5	7	13	11	25	14	4	11	18	0	3	3	4	0	0	5	0	1	3	3	1	1	4	0	3	3	3	7	6	5	2	4	1	9	4	3	5	1	4	1	3	4	3	7	5	8	5	12	32	9	21	35	0	29	8	11	4	6	6	5	2	4	3	3	3	1	5	1	2	4	1	0	1	1	1	2	1	1	4	2	1	0	1	0	2	2	0	1	1	0	0	1	1	1	0	0	0	0	0	0	0	1	0	0	0	0	2	0	0	1	0	4	0	1	1	1	1	0	2	3	4	1	2	3	0	1	4	5	3	3	11	3	5	5	2	3	2	2	5	3	3	1	5	3	3	0	2	1	1	2	2	3	0	0	1	1	1	6	3	4	4	2	0	1	0	3	1	3	1	0	0	1	2	1	0	2	1	3	1	6	4	2	1	2	0	3	2	0	2	2	2	0	4	5	6	6	9	5	13	11	13	12	6	4	11	5	3	1	1	0	2	0	1	1	1	2	0	1	0	4	3	2	1	1	1	2	6	2	4	1	2	3	7	14	24	15	8	3	5	5	5	3	5	10	2	1	2	3	4	4	1	0	1	1	1	1	2	0	2	0	1	3	0	0	0	0	1
0	0	0	0	0	0	0	0	0	0	1	0	0	0	0	1	0	0	2	1	0	0	0	1	0	0	0	1	1	0	0	1	0	0	0	0	1	0	0	0	0	0	0	1	0	1	0	1	0	0	0	0	0	0	0	0	0	0	0	0	0	0	2	0	1	1	0	0	0	0	0	0	0	0	0	0	0	0	0	1	0	0	0	1	1	1	0	0	2	1	2	0	3	1	2	2	2	1	0	0	0	0	0	0	0	0	1	0	0	0	0	0	0	2	2	0	1	0	1	0	0	0	0	0	1	1	0	0	1	1	2	2	0	1	0	1	1	0	1	2	0	2	2	0	2	2	1	7	1	4	4	5	2	3	0	5	4	1	0	0	1	1	0	2	2	2	1	0	2	0	1	0	0	0	2	1	1	0	0	1	1	0	1	2	1	2	0	0	1	2	4	5	0	2	4	5	4	6	3	2	6	3	1	1	2	4	1	3	2	1	3	1	1	2	0	1	2	5	3	12	12	34	7	15	13	13	16	7	12	3	5	6	1	1	1	2	2	2	0	1	4	2	2	4	2	5	3	4	5	9	2	0	2	2	1	5	8	4	2	1	5	2	1	0	3	5	3	3	2	2	14	10	11	108	29	0	18	11	3	11	6	11	4	2	2	5	3	4	3	1	5	2	2	1	1	2	3	0	0	2	3	2	0	0	0	0	3	2	2	0	1	2	1	0	0	3	0	1	0	2	2	0	1	0	0	0	1	0	0	0	2	2	3	0	1	1	1	1	1	3	1	2	2	3	4	3	6	10	6	7	9	6	8	5	2	7	5	2	6	3	3	3	3	2	4	3	1	2	1	0	2	1	0	1	0	0	1	2	3	1	2	3	3	0	2	1	1	2	2	1	6	0	0	1	2	1	2	2	2	1	2	7	1	2	2	0	0	0	0	0	1	1	1	1	6	1	7	3	2	7	6	8	13	23	9	3	16	22	2	2	4	2	0	5	3	0	1	0	3	2	1	1	5	1	4	2	1	3	6	3	2	1	1	4	2	12	22	30	30	12	9	9	5	4	14	6	3	4	0	2	2	1	2	0	3	0	1	1	2	1	1	1	1	0	0	0	0	2	1
0	0	0	0	0	0	0	1	0	0	0	1	0	0	1	0	2	0	0	0	0	0	0	2	0	0	0	0	1	1	0	0	0	0	0	0	0	1	0	0	0	0	0	1	0	0	0	0	0	1	0	0	0	1	1	0	0	1	0	1	0	0	1	0	1	0	0	0	0	0	0	0	0	0	0	0	0	0	0	0	0	0	0	0	0	0	0	0	0	0	0	1	1	0	0	0	0	1	1	0	0	1	1	2	0	1	1	0	0	0	0	1	0	1	2	1	1	0	0	1	1	0	0	0	0	0	0	0	1	1	1	0	0	0	0	1	0	2	1	1	1	4	1	3	4	1	4	1	1	2	2	3	4	1	3	1	4	3	0	1	1	4	0	2	0	0	1	0	1	1	1	1	0	0	1	3	2	3	2	0	0	0	2	0	0	0	0	1	0	0	1	1	1	1	1	2	9	4	3	3	3	2	2	2	2	7	3	2	2	4	1	0	0	0	2	1	1	0	3	3	5	9	5	7	26	16	18	13	10	10	5	2	4	3	2	1	0	2	1	3	4	1	1	7	3	5	4	15	10	7	3	7	7	1	13	10	11	7	6	6	8	4	2	4	4	2	2	3	1	5	5	6	17	46	8	18	0	64	13	64	20	19	9	5	5	4	6	6	6	2	1	3	1	2	2	1	0	0	1	3	2	2	0	1	3	0	0	2	1	1	1	0	0	1	0	1	1	0	0	0	1	1	0	2	2	1	2	1	2	4	1	0	2	0	0	1	1	1	0	2	1	3	2	3	2	1	0	4	1	4	5	7	6	5	1	2	2	2	4	0	2	0	2	2	3	1	1	2	2	1	1	3	0	0	2	2	1	1	1	1	2	2	0	1	0	1	3	1	2	1	2	1	1	2	0	4	1	0	1	0	3	1	2	0	2	1	0	0	0	1	1	1	2	3	0	3	2	1	6	6	7	7	3	13	11	9	4	3	5	2	1	1	1	3	1	2	2	1	1	1	1	0	1	2	1	1	0	2	1	1	0	0	2	4	2	4	6	5	14	13	5	2	5	4	5	6	4	0	3	1	1	1	4	0	1	1	0	0	0	0	0	0	0	0	0	3	3	2	0
0	0	0	0	0	0	0	1	0	0	0	0	0	0	0	2	0	0	1	0	0	0	0	1	0	0	0	0	0	0	0	1	1	0	1	0	0	0	1	0	0	1	1	0	1	0	1	0	0	0	0	0	1	0	0	0	1	0	1	0	0	0	0	0	1	0	0	0	0	0	0	0	0	0	0	0	2	1	0	0	0	0	0	0	0	0	0	0	1	3	1	2	4	3	0	0	0	1	0	0	0	0	0	2	0	1	0	2	1	1	3	1	0	0	0	0	0	2	2	0	1	1	0	1	0	1	0	1	2	1	1	1	1	1	1	0	2	1	2	2	1	1	0	0	6	3	0	0	0	6	3	1	5	4	0	1	4	0	0	0	2	1	0	0	0	2	1	0	2	3	1	1	1	1	1	0	1	3	0	3	1	0	2	2	0	0	0	0	1	1	1	0	4	0	0	0	3	4	3	4	5	4	4	1	1	4	1	0	2	2	1	1	0	1	0	0	0	2	3	6	3	5	3	6	16	14	7	8	20	9	5	7	3	3	0	2	0	2	1	2	2	1	0	1	2	8	12	18	8	3	8	10	11	12	15	11	6	9	4	9	10	2	2	6	4	3	4	2	2	3	6	10	15	19	11	11	64	0	28	169	18	21	8	2	4	2	3	3	1	3	2	0	0	2	0	2	1	2	1	3	0	1	1	1	1	1	2	2	2	0	0	1	0	0	0	1	1	2	2	0	1	1	2	1	0	0	0	1	0	0	0	0	0	0	0	0	1	0	2	1	1	0	2	0	2	2	1	4	5	5	2	6	1	4	1	3	2	2	2	1	0	3	3	1	2	1	2	2	2	2	1	0	1	0	0	0	0	3	1	0	2	0	1	0	1	1	1	1	0	0	1	0	1	0	0	0	2	1	0	5	2	2	2	2	1	0	2	1	0	3	1	0	1	0	1	1	3	1	1	5	5	4	3	7	8	5	5	5	1	0	3	2	4	0	0	0	1	1	0	1	1	1	2	0	1	0	1	1	0	1	0	0	0	1	4	3	6	2	8	3	2	3	3	2	3	0	2	0	1	1	2	1	0	1	0	0	0	0	0	2	0	1	0	1	0	2	1	0	1
0	0	0	0	0	0	0	0	0	0	0	0	0	0	0	0	2	0	0	0	1	1	1	0	0	0	0	1	0	0	0	0	0	0	0	0	2	1	1	1	0	0	0	1	0	0	0	0	0	0	0	0	0	1	1	0	0	0	1	0	0	1	0	0	1	0	0	0	0	0	1	0	0	0	0	1	0	0	0	0	0	0	0	0	0	0	1	0	0	0	0	0	1	1	1	1	0	1	0	1	3	0	1	1	0	2	1	2	3	1	0	0	1	1	0	1	0	0	0	1	1	1	1	1	1	1	2	0	1	0	0	0	0	1	0	1	0	0	0	2	0	2	1	3	1	2	2	4	3	1	2	2	0	3	0	4	1	6	3	1	0	2	0	0	0	3	2	4	3	4	0	0	1	1	1	3	3	3	1	2	0	2	1	1	1	1	2	3	2	1	0	3	2	2	1	2	2	3	1	3	5	5	5	3	3	2	4	2	0	0	1	1	0	2	1	1	1	1	0	4	4	2	4	5	6	17	12	12	20	12	8	9	6	5	5	3	2	1	2	3	1	3	3	3	5	18	14	32	14	8	22	47	47	7	16	11	7	22	8	9	15	3	1	8	7	1	4	4	2	1	3	3	3	12	4	3	13	28	0	34	8	9	2	1	1	2	3	5	1	1	0	1	1	2	3	3	1	3	1	0	2	1	1	1	0	1	0	0	1	0	0	1	0	1	0	0	0	0	1	0	0	0	0	0	0	0	1	0	0	0	0	0	0	0	0	0	1	0	1	0	2	2	0	1	0	3	1	1	2	2	3	3	0	4	2	1	2	0	0	1	1	1	2	0	2	1	1	0	1	1	0	1	0	2	1	3	1	1	2	0	0	3	0	0	1	2	1	0	0	0	0	2	2	0	0	0	1	0	0	0	0	3	4	0	1	1	1	1	0	1	0	0	0	1	2	3	1	4	2	1	1	2	3	6	5	2	2	2	1	1	1	0	0	3	1	2	1	1	1	2	2	2	0	2	2	1	0	0	2	2	3	1	0	1	1	4	4	1	4	4	0	1	1	0	1	3	0	0	0	3	0	0	1	0	1	1	2	0	1	0	0	0	2	0	0	0	3	0	0
0	0	0	0	0	0	0	0	0	0	0	0	0	0	1	0	1	0	1	0	0	0	1	0	0	2	0	0	1	0	0	0	3	1	0	0	0	0	0	1	0	0	0	0	0	0	0	0	0	0	0	0	2	1	0	0	0	0	0	0	1	0	0	0	0	0	0	0	0	2	0	0	0	0	0	0	0	1	0	0	0	0	0	0	0	0	1	0	0	0	1	1	1	2	0	1	0	2	0	1	0	1	1	0	0	1	0	1	4	0	0	1	1	1	1	1	2	0	1	1	1	0	0	0	0	0	2	0	1	1	0	0	1	0	0	0	0	2	0	1	0	1	0	1	9	5	4	2	2	1	0	1	0	0	1	1	1	1	0	1	2	0	0	2	0	0	3	2	2	2	1	0	0	1	1	2	2	1	0	1	2	1	1	2	2	0	0	0	0	0	3	3	3	2	2	2	1	4	5	5	1	4	0	1	0	0	6	3	1	2	3	2	0	1	0	0	0	1	0	2	3	6	5	4	10	15	12	12	14	9	1	5	1	0	3	3	1	0	1	2	2	2	1	2	7	7	3	15	8	7	10	7	12	6	7	11	5	10	6	5	7	2	3	3	9	4	5	3	2	2	6	3	9	9	6	11	64	169	34	0	34	14	4	8	1	5	5	5	4	2	4	2	0	0	2	1	4	1	1	2	1	1	1	0	2	1	1	1	1	0	0	0	0	0	0	0	0	0	0	1	1	0	0	0	0	0	1	0	0	1	1	0	0	0	0	1	0	1	0	1	4	2	4	1	0	1	0	2	2	5	4	4	2	2	1	4	3	1	3	1	2	3	0	2	2	3	0	2	0	0	0	1	0	1	0	0	1	1	0	2	1	1	1	1	0	1	0	0	1	3	0	1	0	1	0	1	0	0	0	3	0	2	2	1	1	2	0	1	0	0	0	1	0	0	2	0	4	4	3	0	0	2	6	8	7	3	1	4	1	3	0	2	0	3	2	1	0	0	0	0	1	1	2	1	1	1	1	5	6	2	0	2	1	0	1	0	4	3	6	6	5	3	2	1	2	2	0	1	0	1	2	0	0	0	0	0	2	0	1	0	1	0	0	0	0	0	0	0	1
0	0	0	0	0	0	0	0	0	0	0	0	0	2	0	1	0	0	0	2	0	0	0	0	0	0	0	0	0	1	0	0	0	0	1	0	0	0	0	0	1	0	0	2	0	3	0	0	2	0	0	1	0	3	0	1	0	2	1	0	0	0	0	1	0	1	0	1	0	0	0	0	0	0	0	0	0	0	1	0	0	0	1	2	0	1	0	0	1	1	0	5	2	3	0	2	0	1	0	0	3	1	0	2	2	0	2	1	2	1	0	2	1	0	1	2	2	1	1	1	0	1	1	0	0	0	0	1	2	2	0	0	1	0	2	3	0	2	1	1	2	1	5	3	11	10	8	1	3	2	4	1	1	8	1	2	4	1	0	0	3	0	3	1	1	1	3	1	3	0	3	0	1	0	1	1	0	1	3	0	1	0	2	1	1	0	0	1	0	2	2	1	1	0	0	0	4	4	4	3	1	4	2	2	4	3	2	2	2	3	2	1	1	0	0	0	1	3	3	1	3	3	6	11	35	11	8	4	7	6	4	7	4	5	0	1	1	2	1	1	1	0	0	3	6	8	10	37	19	20	3	4	6	3	4	7	4	9	6	2	6	2	1	2	4	1	1	1	1	0	4	4	1	7	6	6	20	18	8	34	0	178	12	6	4	14	17	9	7	3	3	7	2	1	2	2	6	3	2	2	5	2	5	1	2	0	0	2	0	1	1	0	0	3	0	0	1	0	0	0	0	1	0	2	0	0	2	1	0	1	0	0	0	2	2	0	1	1	0	2	1	7	1	3	2	3	2	3	2	2	2	4	4	2	0	1	2	1	0	4	1	2	2	1	0	0	1	0	2	1	3	0	1	2	1	0	2	0	0	0	1	1	0	0	0	0	0	1	0	1	1	0	1	0	0	1	0	0	1	2	2	2	0	1	0	2	1	2	0	1	0	0	3	0	1	1	0	3	1	6	4	1	2	6	4	4	4	4	0	1	3	3	2	2	1	0	0	3	1	3	1	1	1	1	2	3	0	2	2	1	1	0	0	1	4	2	3	1	10	5	3	1	1	1	2	0	4	1	4	2	1	2	0	0	0	1	0	1	0	0	0	0	0	0	0	1	1	0	0
0	0	0	0	0	0	0	3	0	0	0	0	0	0	0	0	0	1	0	0	0	0	1	1	1	2	0	0	0	1	0	1	1	1	1	1	0	0	3	1	0	1	1	0	1	0	0	0	0	0	0	0	0	0	0	0	0	0	0	0	0	0	0	0	1	0	0	1	1	0	0	0	0	0	0	0	0	1	0	0	0	1	1	1	1	0	0	0	0	2	1	0	2	3	1	3	0	1	0	0	0	1	0	2	1	0	0	0	2	2	2	0	1	1	0	0	2	2	2	1	0	2	0	1	2	1	3	1	2	2	0	1	2	0	0	1	1	2	0	1	1	2	5	3	11	4	4	2	2	2	4	1	0	3	7	2	2	0	1	1	3	1	0	1	0	2	1	0	2	2	0	1	0	1	0	0	0	1	3	0	0	1	0	0	0	0	1	0	2	2	2	2	1	1	0	2	2	8	2	4	3	4	2	1	2	6	3	3	2	2	0	0	0	1	0	1	3	2	1	3	3	4	6	13	22	15	6	5	4	1	4	3	2	0	1	1	1	0	0	0	0	2	2	1	1	3	7	21	6	12	4	8	3	1	4	6	3	4	3	3	1	2	2	1	3	3	3	4	2	2	2	3	2	10	5	11	19	21	9	14	178	0	34	12	5	12	13	14	8	4	1	3	3	4	1	2	5	3	4	4	5	2	1	4	1	0	2	1	6	0	0	2	0	2	1	1	0	0	0	0	0	2	1	0	1	1	1	0	1	1	1	2	0	0	1	2	3	1	2	2	0	3	1	3	4	3	1	3	6	3	8	19	5	1	0	3	5	2	0	4	4	2	0	1	2	0	0	0	0	1	1	1	0	0	0	0	1	0	1	1	3	2	2	1	0	0	3	1	0	1	0	0	0	0	0	0	0	0	0	0	2	0	0	0	0	3	1	2	1	3	3	0	0	0	0	1	2	0	2	1	2	3	3	4	2	2	4	4	3	2	2	1	3	3	1	0	0	1	1	1	1	0	2	1	2	0	3	2	3	2	2	1	2	3	6	3	4	6	11	4	1	4	1	0	2	5	3	4	0	0	1	1	1	2	1	0	1	0	0	1	1	0	0	0	0	0	0	1	0
0	0	0	0	0	0	0	1	0	0	1	0	1	1	0	0	0	1	1	1	0	0	1	0	0	0	0	0	1	2	2	1	1	0	0	0	1	1	0	1	0	2	1	0	1	1	0	0	0	2	0	0	1	0	0	0	2	0	0	0	1	0	0	0	1	0	1	0	0	1	1	0	0	1	1	0	0	0	2	0	0	0	1	0	0	2	0	3	1	0	1	0	1	5	0	1	0	1	0	0	0	1	0	2	1	2	0	0	1	1	1	0	0	1	2	2	1	0	2	1	1	0	1	0	1	0	3	2	3	2	3	0	3	0	1	0	1	0	2	2	2	0	5	9	10	4	3	3	2	2	2	3	0	1	0	3	6	2	3	1	0	0	0	1	2	0	0	1	0	0	1	1	0	3	2	0	0	0	1	0	3	1	0	2	0	2	0	0	1	0	4	1	2	3	4	2	3	3	2	1	3	2	2	2	5	3	0	2	2	1	2	0	3	0	1	0	2	1	3	3	5	11	7	21	12	2	1	3	3	5	3	8	4	1	1	1	1	1	0	1	1	1	0	2	3	2	7	4	5	18	2	3	1	4	3	2	3	2	1	1	1	0	1	2	4	2	2	3	2	1	0	3	6	8	2	4	9	8	2	4	12	34	0	30	30	48	18	80	26	5	6	13	4	6	0	5	2	3	3	1	2	3	3	0	3	2	2	4	3	1	2	2	4	1	0	0	0	0	0	1	0	0	0	2	0	0	0	1	0	2	0	1	2	1	6	3	1	2	2	2	5	8	5	3	5	5	8	6	10	8	12	33	7	0	1	1	3	1	0	2	2	2	4	1	1	0	0	0	1	1	1	1	0	0	0	1	2	1	2	2	1	0	1	1	2	0	0	0	0	1	1	0	2	1	0	3	0	0	0	1	0	1	3	0	1	0	1	0	0	0	0	1	1	0	1	0	4	0	0	2	3	2	2	3	4	2	4	5	2	2	6	5	1	3	2	4	2	2	2	0	0	1	1	2	0	1	2	0	0	6	2	1	1	2	8	4	5	11	12	5	4	1	4	0	7	7	4	0	1	3	1	0	1	0	0	0	1	0	1	1	0	0	2	1	0	1	1	0	1
0	0	0	0	0	0	0	0	1	0	2	0	0	0	0	0	1	0	1	0	0	0	0	1	0	0	0	0	0	0	2	0	3	1	0	0	0	0	1	0	1	2	0	1	1	2	0	0	0	0	0	1	0	0	0	0	1	1	0	0	0	0	1	1	0	0	0	0	0	0	0	0	0	0	0	0	0	1	0	1	1	0	0	1	1	1	1	0	0	0	1	0	1	1	0	0	1	1	0	0	0	0	0	1	3	1	0	0	2	0	0	2	1	1	1	0	0	1	4	0	1	1	4	0	3	1	1	3	2	2	1	1	1	2	0	0	2	3	2	3	1	2	2	6	4	7	3	1	0	0	1	0	1	2	2	2	2	1	0	2	0	0	0	1	0	1	1	2	1	0	1	0	0	1	0	0	2	0	0	0	0	0	1	0	0	0	0	0	0	1	2	4	2	2	0	1	0	3	4	2	1	1	2	1	4	0	0	0	1	1	3	0	0	0	1	1	0	2	1	1	1	5	6	7	7	4	6	1	3	3	2	1	1	2	1	0	0	1	1	0	0	0	0	0	3	2	2	1	5	4	3	0	1	2	0	0	2	1	0	1	0	0	0	0	0	2	3	2	0	0	1	1	0	3	4	2	5	2	1	8	6	12	30	0	28	15	25	97	27	18	19	26	10	5	1	7	2	4	7	5	9	6	2	2	11	5	1	3	0	3	2	2	1	0	2	0	1	2	0	0	2	0	1	0	1	1	1	2	1	1	1	1	0	2	3	3	3	1	1	3	1	5	7	11	10	6	8	3	7	7	10	18	6	0	1	1	1	1	1	1	0	0	1	3	0	0	0	0	0	0	2	0	0	0	1	0	0	0	1	1	1	0	0	1	0	2	0	3	0	1	1	0	0	1	0	1	0	1	0	0	1	2	0	1	0	1	0	0	0	1	0	0	0	1	0	1	1	0	0	4	0	0	0	5	0	0	3	1	5	3	6	1	3	4	4	1	1	2	1	0	1	1	1	5	4	1	0	0	3	1	1	0	0	1	7	4	4	5	5	6	1	2	4	4	0	1	3	2	1	0	3	0	2	0	2	0	1	0	0	0	0	1	0	0	0	0	1	1	1
0	0	0	0	0	0	0	0	1	0	0	0	0	1	0	0	2	0	0	1	2	0	0	0	0	0	0	0	1	1	1	1	1	1	1	2	0	0	0	1	0	0	0	0	0	1	0	0	0	2	0	0	0	0	1	1	0	1	0	0	0	0	0	1	0	0	1	0	0	0	1	0	0	0	0	0	0	0	0	0	0	0	1	2	1	0	0	1	0	0	0	0	2	4	3	1	0	1	0	0	2	0	1	1	0	1	0	0	0	1	1	2	0	1	0	0	2	0	1	2	1	0	2	1	2	1	3	3	2	5	2	0	3	1	3	0	0	3	4	1	2	2	6	0	6	2	2	1	0	1	1	1	2	0	2	0	0	2	3	0	0	0	1	2	0	1	0	0	1	2	0	1	0	2	1	2	0	0	1	1	0	0	0	1	1	1	1	2	0	0	2	5	4	1	2	2	4	3	0	5	3	2	4	4	0	2	3	4	1	2	1	1	0	1	1	0	1	4	2	0	4	4	9	7	5	1	5	4	2	1	3	2	2	1	0	0	1	0	0	3	0	1	0	0	1	3	4	2	7	4	3	3	1	1	0	3	1	3	2	2	1	0	1	1	1	0	0	0	0	2	1	2	3	2	3	2	5	4	1	1	4	5	30	28	0	27	11	45	221	18	20	57	9	6	3	1	7	10	5	9	10	9	7	2	3	4	8	8	8	4	4	1	5	1	4	0	1	0	0	0	2	0	1	1	2	1	2	1	2	3	2	1	0	4	8	5	2	1	1	3	1	7	14	27	18	22	22	15	7	6	14	20	6	3	0	2	0	0	0	1	2	2	0	1	0	0	0	0	0	0	1	0	0	0	1	0	3	1	1	4	0	2	3	1	1	1	1	0	0	0	1	0	1	0	0	0	0	0	0	2	0	0	2	0	0	4	0	1	1	1	0	0	0	0	2	2	0	2	1	1	1	3	2	1	4	4	4	2	4	8	8	2	4	4	1	2	3	3	4	2	3	1	1	4	2	1	3	1	2	0	2	0	2	2	7	2	1	5	4	1	3	3	2	2	7	4	4	2	1	0	3	1	0	0	0	0	1	0	1	0	0	1	0	0	1	0	1	1	1
0	0	0	0	0	0	0	0	0	0	1	0	1	1	0	0	0	0	1	1	1	0	0	0	0	0	1	0	1	0	1	0	1	1	0	0	0	0	0	1	0	0	0	1	0	0	0	0	1	0	0	1	0	1	0	0	0	0	0	0	1	0	0	0	1	2	0	0	0	0	0	0	1	0	0	0	1	0	0	0	1	1	0	0	2	0	1	0	0	0	1	0	3	6	1	5	0	0	0	0	1	0	1	0	2	3	2	2	1	2	3	1	2	1	1	6	0	3	4	2	1	1	1	1	0	1	2	4	3	4	2	0	4	1	2	0	0	4	4	6	7	5	3	5	10	13	6	1	2	2	0	4	1	3	3	2	5	6	2	1	1	2	0	1	4	3	4	1	0	0	2	0	0	0	3	1	0	1	0	1	2	0	1	1	0	0	1	2	0	1	2	1	1	0	0	1	6	5	3	6	2	1	1	1	2	2	2	5	0	0	4	1	2	2	0	1	2	5	1	4	4	12	13	11	10	7	4	6	1	3	4	2	2	2	1	0	1	2	0	2	0	0	3	1	1	4	3	8	8	9	0	3	8	1	3	2	1	2	1	1	0	1	0	1	0	2	3	1	0	1	3	1	4	2	3	5	4	2	2	5	14	12	48	15	27	0	36	44	60	26	8	5	5	4	4	5	6	9	21	11	6	7	4	1	2	1	6	4	2	2	0	3	1	0	1	0	0	0	1	0	2	1	5	1	1	1	0	0	0	2	2	1	2	1	4	1	1	0	1	7	13	10	5	6	7	9	1	2	4	4	7	9	10	2	0	1	0	1	0	1	3	1	1	3	2	1	0	1	0	1	2	0	0	0	0	0	0	1	0	2	2	0	0	2	0	0	1	0	4	0	1	0	0	0	0	1	0	0	1	0	0	1	2	0	0	0	0	1	0	0	0	2	1	0	1	1	3	1	0	6	2	1	1	2	3	0	0	3	2	2	1	2	5	3	2	0	3	1	3	1	0	2	3	0	2	0	1	3	2	1	1	1	1	3	4	5	6	5	5	6	3	0	1	1	3	2	0	0	1	3	1	1	1	0	0	0	0	0	2	0	0	1	1	0	1	0	0	0	1
0	0	0	0	0	0	0	0	0	0	2	0	0	1	0	0	0	0	2	1	0	1	2	0	0	0	1	1	0	1	0	3	1	1	1	0	0	1	1	1	2	2	0	2	0	0	0	0	0	0	0	2	0	0	0	0	0	0	0	0	0	0	1	2	0	1	0	0	1	0	1	0	0	0	0	1	1	0	1	1	2	0	0	1	1	1	1	0	0	0	0	0	1	2	2	1	4	1	1	0	0	3	0	0	1	0	2	0	0	1	1	5	1	2	0	2	1	1	1	1	0	0	0	2	3	1	1	5	1	2	1	1	1	1	3	1	1	1	3	6	4	6	2	6	10	7	1	3	1	0	0	1	2	2	2	0	0	3	0	0	1	0	0	0	3	0	2	1	1	2	1	0	0	1	1	0	4	4	0	0	3	0	1	3	0	1	0	1	2	2	1	2	0	2	1	3	4	5	2	4	0	2	1	4	3	0	3	2	2	2	1	1	0	1	0	1	1	1	1	3	2	2	13	4	4	1	5	0	4	1	1	7	4	2	1	2	0	1	0	2	0	1	0	3	2	5	7	10	15	10	1	2	3	1	1	1	1	3	3	0	1	1	0	1	1	0	2	3	0	2	1	0	2	2	3	3	6	3	3	5	17	13	18	25	11	36	0	51	10	15	11	6	6	8	1	8	11	9	10	3	5	5	2	2	3	0	2	2	2	1	2	0	0	0	1	0	0	2	0	1	0	1	1	1	0	2	0	2	1	0	1	0	0	1	1	0	2	1	2	0	6	4	4	3	7	7	3	2	0	3	2	6	2	0	1	5	1	1	0	1	0	0	0	1	0	0	0	1	0	0	0	0	1	0	0	1	1	1	0	2	1	0	1	1	0	0	0	0	0	0	0	1	0	0	0	0	0	1	1	0	1	0	2	0	0	0	0	0	0	1	0	0	0	0	2	0	0	1	0	1	2	0	1	1	1	1	4	3	3	2	3	2	5	2	3	2	1	0	2	2	0	0	3	2	0	0	0	1	0	0	2	1	0	1	3	4	5	6	5	2	0	3	3	3	3	2	0	3	3	1	0	2	1	0	0	1	0	0	0	0	0	1	0	1	1	0	1	0	0
0	0	0	0	0	0	0	0	1	0	0	0	0	1	0	0	1	1	0	0	0	0	0	2	0	1	0	0	0	1	0	1	0	0	0	1	1	0	1	3	0	1	0	1	0	0	0	1	0	0	0	0	2	0	1	0	0	0	2	0	0	0	0	0	1	0	0	0	1	0	0	0	0	0	0	2	1	0	0	0	2	1	0	0	2	2	0	0	1	0	2	2	2	2	1	1	0	2	0	0	0	0	1	2	0	2	0	0	3	1	1	2	0	3	4	2	0	2	3	1	0	0	1	2	3	1	3	1	1	2	3	1	0	2	2	1	2	2	1	1	3	9	4	1	5	7	5	2	1	0	0	0	0	0	3	1	0	0	2	1	2	0	1	0	2	0	0	3	2	0	0	0	0	2	2	1	2	2	2	3	0	0	1	4	0	2	0	2	0	2	1	1	3	2	2	3	2	2	3	2	1	3	0	2	1	1	1	2	1	2	3	2	1	0	0	4	0	1	0	3	2	5	14	9	5	4	5	2	3	3	4	4	0	1	1	3	0	1	3	0	1	1	0	3	1	2	0	4	8	10	2	4	1	1	1	2	3	3	0	1	2	2	0	1	1	1	1	2	0	1	4	3	1	3	1	4	6	3	5	5	9	14	80	97	45	44	51	0	52	15	19	27	9	5	4	2	7	7	9	6	7	1	2	1	6	3	3	2	4	2	2	2	1	0	0	1	1	1	0	0	2	1	0	1	1	2	2	1	0	1	0	1	1	2	1	4	2	0	2	3	6	5	7	11	4	11	6	2	1	6	6	18	3	0	0	2	0	1	0	2	2	4	1	1	1	0	1	2	2	0	1	1	1	0	0	0	2	1	1	1	0	2	0	3	2	2	1	0	0	0	0	0	1	0	0	0	1	1	1	0	2	0	1	1	1	1	0	1	2	2	0	1	1	1	0	2	3	1	1	1	1	0	0	6	6	0	4	1	7	5	5	6	5	3	4	0	2	2	2	1	1	2	1	2	2	1	1	0	0	1	3	2	1	2	5	3	1	3	6	3	1	3	3	4	6	3	4	1	2	0	2	1	1	2	2	3	0	1	0	0	0	0	0	1	0	0	0	0	1
0	0	0	0	0	0	0	0	0	1	0	0	0	1	1	0	0	0	1	0	1	0	0	0	1	1	1	0	1	0	0	0	1	0	0	0	1	0	2	1	0	0	1	0	0	0	1	0	0	1	0	0	2	0	1	0	0	0	0	0	0	0	1	0	1	0	0	0	0	0	0	0	0	0	0	0	0	1	0	0	0	0	1	0	0	0	0	0	0	0	0	2	1	1	4	2	0	1	0	1	1	0	0	4	0	0	2	1	1	0	2	1	0	1	3	2	2	2	1	1	2	3	0	2	2	1	1	4	3	2	2	3	2	3	1	2	0	3	4	4	6	2	4	2	11	6	7	1	2	0	1	2	1	1	3	3	5	5	2	0	0	0	0	3	0	2	4	2	1	0	1	0	0	1	1	1	0	5	2	3	1	0	0	2	1	1	1	4	0	0	1	5	3	1	0	1	4	6	3	1	3	1	2	5	3	4	0	4	2	8	3	1	1	0	2	0	2	3	2	3	4	5	17	7	6	2	3	2	0	2	5	1	2	0	2	2	1	0	2	1	0	0	0	2	0	4	4	5	4	2	0	3	1	2	1	2	2	1	1	1	1	1	0	0	2	2	1	0	1	1	2	2	1	2	5	3	6	1	1	4	7	8	26	27	221	60	10	52	0	23	16	42	13	5	4	3	7	4	10	10	13	3	1	7	6	2	4	8	1	1	7	1	2	1	2	0	1	0	1	0	1	1	0	1	0	1	1	1	1	2	2	3	2	1	2	0	4	1	2	6	2	9	17	16	11	10	12	9	10	9	7	20	5	0	1	0	3	1	2	0	0	0	1	2	0	2	0	0	2	0	1	0	0	2	0	1	0	0	1	0	0	2	3	0	1	0	2	0	1	1	2	2	2	0	0	1	0	1	1	0	4	0	1	2	0	1	0	0	1	2	0	1	1	2	1	2	1	3	1	1	1	3	2	2	1	1	4	2	4	11	3	4	2	4	4	1	3	2	1	1	4	1	4	3	4	2	1	0	4	1	0	2	0	2	5	3	4	6	5	4	0	3	2	0	1	6	2	2	5	3	1	0	0	0	0	0	0	1	2	1	1	0	1	0	0	0	1	0	0
0	0	0	0	0	0	0	1	1	0	1	1	1	1	1	0	1	1	0	0	2	0	2	1	0	1	0	0	1	0	1	2	0	2	2	0	0	0	4	0	0	2	4	0	1	0	1	0	2	1	0	1	2	0	0	0	0	0	0	0	1	1	0	0	0	0	0	2	1	0	0	1	0	0	0	0	0	0	1	1	0	1	0	1	1	0	0	1	0	2	1	0	0	3	1	0	1	1	0	1	0	1	1	1	2	0	1	2	2	0	0	3	2	4	2	3	4	3	4	0	1	0	3	3	2	5	5	5	1	4	0	3	1	3	3	0	2	9	6	5	6	1	4	9	7	4	10	0	0	0	0	1	2	2	3	2	3	4	3	0	1	0	3	0	0	2	2	3	1	2	3	1	0	3	2	2	1	0	0	1	2	0	0	2	0	1	2	1	0	1	4	3	1	0	1	2	3	3	2	4	1	2	1	1	2	1	2	2	1	2	2	1	3	0	0	2	2	1	3	3	2	2	6	7	2	5	0	0	4	1	0	0	0	1	1	0	1	1	4	0	0	1	0	2	1	2	3	2	3	2	2	2	1	1	1	2	2	5	0	0	0	1	0	0	1	2	0	0	0	1	0	0	0	0	1	1	2	3	1	2	3	4	5	18	18	26	15	15	23	0	60	25	26	22	9	7	14	19	35	58	36	18	5	1	8	1	6	4	3	5	4	0	3	2	3	2	3	0	1	1	1	3	0	1	0	0	3	3	2	1	1	3	0	2	1	5	2	4	4	5	6	18	6	14	16	7	6	3	3	3	4	2	2	2	2	1	0	0	0	1	0	0	2	0	0	0	0	0	1	2	1	0	1	0	0	1	1	1	0	2	2	0	1	1	0	0	0	0	0	1	2	0	0	0	0	0	0	1	0	0	0	0	1	0	0	1	0	1	0	0	1	0	3	1	0	0	1	3	1	1	0	0	2	0	1	2	1	0	2	3	2	2	5	4	1	1	1	4	3	2	4	0	0	4	0	0	2	0	2	1	4	1	1	1	1	3	1	1	4	0	3	1	0	2	0	1	2	1	2	1	1	0	2	1	0	0	0	0	0	0	1	0	0	1	0	1	0	0	1
0	0	0	0	0	0	0	0	1	1	0	0	2	1	0	1	0	0	1	1	1	0	0	0	1	0	0	1	1	0	1	1	0	1	0	2	1	0	0	1	0	1	1	0	1	2	0	0	1	1	1	0	0	2	0	0	0	1	0	1	0	1	1	1	0	0	0	0	0	0	1	0	0	0	1	1	0	0	0	0	1	0	1	1	0	0	0	1	2	0	1	0	1	1	2	1	0	1	0	0	2	3	2	2	2	0	0	1	1	2	0	1	0	2	2	2	0	1	2	1	0	2	2	1	1	4	3	5	1	4	4	0	1	1	0	1	2	3	5	3	6	1	0	2	3	1	1	1	2	0	0	0	0	1	1	2	2	0	1	0	0	1	1	0	0	0	1	0	0	1	1	0	2	1	0	0	2	0	1	2	0	0	0	1	2	0	0	1	1	0	4	1	2	1	1	1	0	3	1	2	5	2	0	1	0	2	2	2	1	1	1	1	2	0	0	0	1	2	3	3	1	0	8	0	1	1	3	1	1	2	1	1	1	1	0	0	0	1	1	1	0	0	1	1	0	2	5	4	3	3	3	2	1	3	3	2	1	0	1	1	3	0	0	0	1	1	2	2	0	0	2	0	1	1	2	5	1	2	0	4	3	1	6	19	20	8	11	19	16	60	0	31	81	19	7	7	12	15	9	19	14	12	4	4	12	6	5	6	5	2	0	4	0	3	1	1	1	0	1	1	2	0	2	0	1	2	0	3	0	1	1	2	1	1	3	2	0	2	4	2	8	6	3	14	9	5	1	1	4	3	4	3	4	1	2	3	1	0	1	0	2	0	1	0	0	0	0	1	0	0	0	2	0	0	0	0	1	1	0	0	0	1	2	1	0	0	0	0	0	0	0	1	0	1	0	0	0	0	0	1	0	0	1	0	0	0	1	0	0	1	2	0	0	0	1	1	1	2	1	3	0	2	1	2	2	0	0	1	2	1	1	6	4	0	1	2	0	0	0	0	1	4	2	2	1	2	0	0	1	0	2	1	0	0	0	2	0	3	4	3	2	0	1	1	1	1	1	1	1	1	1	0	0	0	0	0	0	0	1	0	0	1	0	0	0	0	0	1	0
0	0	0	0	0	0	0	1	0	0	0	1	0	1	0	0	0	0	0	0	0	0	1	1	0	0	0	1	0	0	0	1	1	0	1	1	0	2	1	0	0	0	0	0	0	1	1	0	0	0	0	0	0	0	0	0	0	0	0	0	1	0	0	0	0	1	0	0	0	1	0	0	1	0	0	0	0	1	0	0	0	0	0	0	1	1	0	0	0	1	0	2	1	1	0	1	0	1	0	0	0	0	0	1	1	0	1	0	2	0	0	1	0	0	3	4	2	0	2	0	0	2	1	1	3	2	5	3	5	2	3	5	0	1	1	1	1	1	4	1	0	2	2	4	4	3	1	1	1	1	1	0	2	1	2	4	5	4	4	1	1	1	0	0	0	2	1	1	1	0	0	1	1	1	5	0	0	1	1	1	0	0	1	1	2	1	2	0	0	1	2	2	1	0	0	1	2	1	1	1	3	2	1	1	1	7	3	0	3	1	0	0	0	0	0	2	2	2	2	0	3	5	6	1	6	3	2	1	0	2	0	2	1	0	0	0	1	1	1	1	1	1	0	0	1	2	6	2	2	2	2	2	2	3	2	1	0	0	0	0	1	1	0	2	0	1	3	0	0	0	0	1	0	0	4	2	3	0	1	2	7	3	13	26	57	5	6	27	42	25	31	0	23	10	7	6	5	9	8	6	12	15	8	2	9	7	7	8	4	1	5	3	4	1	1	3	1	1	0	0	1	3	1	1	1	2	1	1	3	0	2	1	1	0	1	5	3	3	4	5	2	8	9	25	30	21	12	10	3	5	12	10	4	0	1	1	0	0	0	1	2	1	1	0	1	0	0	0	0	1	1	0	0	1	0	0	0	0	0	1	2	0	1	1	0	1	0	1	2	1	1	1	1	0	1	0	0	0	0	1	1	2	0	1	1	1	0	0	0	0	1	1	1	0	1	0	0	1	0	1	0	1	3	1	0	3	1	2	3	3	5	3	9	3	3	3	2	5	1	5	2	2	0	4	1	3	0	1	0	2	0	1	0	2	2	2	2	4	3	1	1	2	0	1	0	2	2	2	1	4	2	0	0	0	0	1	0	0	0	0	0	1	1	1	0	0	1	0	0
0	0	0	0	0	0	0	0	0	0	0	1	0	0	0	0	0	1	0	0	0	0	1	1	0	1	1	0	0	1	1	0	3	1	1	2	0	1	0	2	0	0	1	0	0	1	1	1	1	1	0	0	0	0	1	0	1	1	0	0	0	0	0	0	0	0	0	0	1	0	0	0	0	0	0	0	1	0	0	0	1	1	2	0	0	0	1	3	1	1	1	2	3	2	0	1	0	0	1	2	0	1	1	1	0	1	2	0	2	0	1	1	0	1	2	3	0	1	4	0	1	1	3	3	2	8	5	5	7	7	6	1	3	2	3	1	3	6	5	1	0	3	1	0	7	2	0	3	1	1	2	1	1	2	0	2	0	2	1	2	1	0	0	1	0	1	1	0	0	2	0	1	0	0	1	2	2	0	0	0	1	1	1	0	0	1	1	1	1	1	1	2	1	1	0	1	0	3	0	2	1	1	0	4	2	1	2	0	0	4	1	1	0	2	2	4	0	0	0	1	3	0	1	3	5	1	0	0	1	0	2	0	1	1	0	0	0	0	0	0	0	1	0	2	2	2	4	3	1	0	1	0	1	0	0	0	1	1	2	1	0	0	0	0	0	0	1	1	0	1	2	4	3	0	1	2	1	0	1	0	2	3	4	10	9	5	6	9	13	26	81	23	0	22	8	3	8	6	13	14	15	19	5	4	19	11	4	7	4	7	1	4	4	5	3	1	1	1	2	0	2	0	1	1	0	2	0	2	1	2	1	1	2	1	6	4	2	4	4	3	4	5	7	5	10	5	9	3	2	4	1	4	2	1	1	1	0	0	2	0	0	0	0	0	0	0	0	0	0	0	0	1	0	0	0	0	0	1	1	0	0	1	0	0	0	1	1	0	1	0	0	1	0	1	1	1	0	0	2	0	0	0	3	1	1	0	1	0	1	0	0	0	0	1	2	0	1	0	0	1	1	0	4	1	1	2	1	2	2	2	1	4	1	3	2	3	2	1	1	2	2	3	1	1	1	0	0	0	2	1	1	3	0	0	4	2	1	1	1	5	2	1	2	0	0	0	3	0	0	1	1	0	1	2	0	1	0	0	0	0	3	1	0	0	0	0	0	0	0
0	0	0	0	0	0	0	1	0	0	0	0	0	0	2	1	1	0	1	1	5	2	1	1	0	0	0	0	1	0	3	2	2	0	3	1	3	1	0	0	3	0	1	0	1	0	1	0	0	0	0	1	2	0	0	1	0	1	1	0	0	0	1	0	0	0	1	0	0	0	0	0	0	0	2	1	0	0	0	0	1	0	1	1	0	0	0	0	0	0	1	2	3	2	0	2	1	3	0	0	0	1	2	0	2	0	2	0	2	2	1	4	2	0	0	4	4	7	3	0	0	4	3	4	8	4	5	11	16	13	4	8	3	6	5	5	5	15	9	8	3	4	3	5	3	3	2	0	1	1	0	1	1	0	0	2	0	1	2	2	1	2	3	2	1	1	3	0	0	0	0	0	1	0	0	0	1	1	0	1	0	1	0	0	0	1	0	0	1	3	1	2	3	1	0	1	3	1	1	0	2	0	1	0	0	2	1	0	0	0	1	0	0	0	2	0	0	1	1	3	1	2	3	3	1	0	0	0	1	1	2	0	0	0	0	0	0	1	0	2	0	0	0	0	0	3	3	2	0	3	1	0	1	3	2	2	1	2	0	3	0	1	0	0	0	0	0	1	0	2	0	1	1	2	0	1	2	2	2	0	1	4	6	5	6	4	8	5	5	22	19	10	22	0	57	20	8	12	5	17	22	21	9	6	9	2	2	4	3	1	2	4	6	5	3	3	3	2	0	2	0	0	3	0	0	0	1	2	0	2	2	0	2	2	4	4	2	5	6	4	4	6	5	7	3	1	2	3	2	2	2	3	1	3	0	1	1	0	0	1	0	0	1	0	0	0	0	0	1	0	1	0	0	0	0	0	0	0	0	1	0	0	1	0	0	0	0	0	0	0	0	0	0	0	1	0	1	0	0	1	0	0	1	1	0	0	0	1	0	0	0	0	0	0	0	1	0	2	1	0	2	0	2	0	0	0	2	1	1	2	4	2	4	1	2	1	0	2	1	0	0	1	0	0	2	2	1	1	0	0	0	2	1	2	1	3	2	2	2	1	0	1	1	1	0	0	2	0	0	0	1	0	0	1	2	1	0	0	1	0	0	0	0	1	0	0	1	0	0
0	0	0	0	0	0	0	1	0	0	0	0	0	0	0	0	0	0	0	1	0	0	0	0	0	1	1	0	1	2	0	1	2	1	1	1	0	5	0	3	1	1	2	2	0	1	1	1	0	0	0	0	0	0	0	0	0	1	0	0	0	0	0	1	0	0	0	0	0	0	0	0	0	1	0	0	0	1	0	0	0	0	1	0	0	2	0	0	1	0	0	0	1	5	3	3	2	0	1	0	2	1	1	2	4	1	1	3	2	1	1	2	1	2	2	4	9	14	7	3	3	3	2	0	6	8	8	12	13	13	2	2	3	4	4	2	4	17	14	17	6	2	3	7	9	2	2	2	0	1	1	1	0	2	2	5	4	3	3	5	1	0	3	1	0	1	1	1	1	2	1	1	0	1	1	3	2	1	1	1	0	1	2	0	0	1	0	0	2	1	0	0	0	1	0	1	3	2	3	1	1	0	0	3	1	1	0	0	1	1	0	0	0	1	0	0	1	1	0	0	0	2	1	2	4	1	0	3	1	1	1	1	1	1	0	1	0	1	1	0	1	1	1	0	1	0	2	0	2	2	1	0	1	1	0	1	0	1	0	0	0	2	0	0	0	2	1	0	0	0	2	3	0	0	1	1	2	0	3	2	2	1	0	1	3	4	1	4	4	9	7	7	8	57	0	41	20	23	10	22	10	7	9	3	4	4	2	5	1	2	2	4	1	9	1	0	4	2	2	2	0	3	1	2	1	1	1	1	1	2	2	1	5	2	1	1	2	4	3	2	10	6	4	6	4	2	4	2	2	1	4	1	2	1	0	0	0	0	1	0	0	0	0	0	0	0	0	0	1	0	1	0	1	0	1	0	1	0	0	0	0	1	0	2	1	0	0	1	0	1	1	0	0	0	0	1	2	0	1	1	1	0	0	2	0	0	0	0	0	0	1	0	0	1	0	0	1	2	0	1	0	0	1	0	0	0	0	2	2	2	1	2	1	1	2	1	3	0	1	2	0	1	0	1	0	1	1	0	0	1	1	1	1	2	1	0	0	0	1	0	0	0	0	0	0	2	1	0	3	0	0	0	0	0	0	0	0	0	0	0	0	0	0	0	0	0	0	2	0
0	0	0	0	0	0	0	0	1	1	1	0	1	0	1	0	1	0	1	1	1	0	0	1	0	1	0	1	0	1	0	2	1	0	1	2	0	1	2	0	1	2	1	0	0	0	1	0	1	1	3	0	0	1	0	0	0	0	0	0	1	0	0	1	0	1	0	0	0	0	1	0	0	0	0	1	0	0	0	0	0	0	0	0	1	0	0	0	1	4	3	0	1	2	1	0	0	2	0	0	0	1	2	1	1	2	3	0	4	2	3	3	2	2	3	6	8	5	3	0	0	4	4	5	0	5	4	4	5	4	3	0	4	1	4	1	0	7	6	19	10	5	3	8	10	5	3	0	0	1	1	1	2	1	3	0	1	4	7	4	0	1	1	0	1	2	2	1	0	0	0	0	0	2	1	0	1	0	3	0	0	0	1	2	0	1	1	2	1	0	1	0	2	2	2	0	5	1	1	1	2	4	3	1	2	3	2	0	0	1	1	0	1	0	0	0	0	0	0	0	0	2	2	0	2	3	0	1	2	1	2	1	2	0	0	0	0	0	0	0	0	1	1	0	2	1	3	4	3	7	0	1	2	1	1	1	3	1	2	0	3	0	0	1	0	0	1	1	2	1	0	2	2	0	1	2	1	2	3	1	2	2	5	7	1	5	8	2	3	7	7	6	3	20	41	0	28	8	6	13	0	4	1	1	2	2	2	1	2	1	1	4	1	2	0	3	1	0	1	2	1	2	0	0	1	2	0	0	0	1	1	0	0	3	1	0	1	2	3	2	2	6	1	3	2	1	6	0	0	2	0	3	2	0	0	0	1	0	1	0	0	0	0	1	1	1	0	1	0	0	0	0	2	0	0	0	0	0	0	0	0	0	1	0	0	0	0	0	0	1	0	0	0	1	0	0	1	0	0	3	0	0	0	0	0	1	0	1	0	2	0	0	0	0	0	1	2	0	1	1	1	1	0	3	0	1	0	0	1	0	0	1	4	1	1	2	1	2	0	0	1	0	0	0	1	0	1	0	1	1	0	0	0	0	0	3	0	1	0	4	0	0	0	2	0	2	1	0	0	0	0	1	0	0	0	1	1	0	0	1	1	1	0	0	0	0	0	0	1
0	0	0	0	0	0	0	0	1	0	0	0	2	0	0	0	1	0	0	1	1	0	0	2	0	0	0	2	2	1	3	2	3	0	2	2	1	1	2	2	0	0	2	0	1	1	3	1	0	1	0	0	0	1	0	0	0	0	0	1	2	1	0	0	2	1	1	0	0	0	0	0	0	0	0	0	1	0	0	0	0	2	2	1	0	0	0	0	0	0	3	2	0	0	2	2	0	2	0	0	2	1	0	2	0	3	0	2	2	0	3	2	3	6	3	4	8	3	3	6	2	3	3	3	2	1	2	2	2	3	3	1	2	2	2	1	3	7	21	21	21	11	11	16	16	5	10	1	0	0	2	1	4	4	4	2	8	6	2	3	3	1	3	0	1	1	8	4	1	1	2	0	0	1	1	1	2	2	3	1	2	2	1	0	1	1	2	2	1	1	0	1	1	0	0	2	2	5	3	2	2	1	2	3	1	3	3	2	5	1	2	0	2	1	1	1	0	1	2	1	1	4	3	3	2	2	2	1	0	0	2	4	3	3	0	2	2	0	0	1	4	1	0	0	0	0	7	3	7	2	6	2	1	0	1	2	0	1	1	1	0	2	0	0	0	3	0	2	1	0	4	2	1	3	1	3	0	1	1	4	6	5	2	2	7	6	11	7	7	14	12	5	8	8	20	28	0	36	19	19	9	8	3	3	1	2	3	2	1	4	0	1	2	1	0	1	1	0	1	0	0	0	0	1	0	0	2	0	0	0	0	1	0	1	2	2	3	4	3	5	7	5	3	2	4	2	2	4	1	1	4	4	4	1	0	0	0	1	0	0	0	0	1	0	1	1	1	1	1	0	0	1	1	0	0	0	0	0	1	1	1	1	1	0	0	1	0	1	0	0	0	0	0	0	0	0	1	0	0	2	0	0	2	0	0	0	2	1	0	0	0	1	0	1	0	2	0	0	0	1	0	2	1	0	2	2	0	2	0	0	5	2	1	1	2	2	1	2	0	0	0	1	2	1	1	0	0	1	0	0	1	1	1	2	4	1	1	0	1	1	0	0	1	0	3	2	4	1	1	0	0	0	1	0	0	2	0	1	0	0	0	0	0	0	0	0	2	0	0
0	0	0	0	0	0	0	2	0	0	1	0	0	2	1	1	0	0	2	0	0	1	0	1	1	1	0	1	1	3	1	1	2	0	1	2	0	2	3	0	2	1	0	2	0	1	0	0	0	0	0	0	0	0	1	0	0	1	2	0	0	0	0	0	0	1	0	0	0	2	0	0	0	1	0	0	1	1	2	0	0	0	3	1	0	1	3	1	3	0	1	2	4	3	3	2	3	1	1	6	2	2	0	4	2	0	1	1	3	0	9	5	1	4	9	3	5	9	10	1	0	4	4	1	5	6	5	9	6	3	4	7	5	1	6	0	8	12	37	23	7	4	13	14	20	11	6	2	2	0	2	2	1	0	4	2	2	4	3	0	1	0	2	0	1	2	3	2	4	3	0	0	0	0	2	2	2	0	3	0	1	1	1	1	1	0	0	2	0	1	3	3	1	3	1	2	1	3	2	7	1	1	2	1	1	0	3	3	1	1	4	1	1	1	1	1	0	2	2	0	4	1	7	4	4	1	1	2	2	2	2	2	2	0	1	3	2	1	1	2	2	1	1	1	2	6	1	0	6	7	2	1	1	0	0	1	0	2	1	1	1	0	0	0	0	1	1	2	0	0	1	0	2	0	2	0	0	2	3	1	3	3	3	4	10	9	9	7	4	19	15	9	6	12	23	8	36	0	54	129	30	4	2	6	2	2	4	7	3	1	1	0	0	2	1	1	2	0	1	1	2	1	0	0	1	3	1	1	2	2	2	1	1	3	0	2	4	3	8	9	16	10	6	7	3	2	1	1	0	0	1	1	2	0	0	0	3	0	0	0	0	0	0	1	1	0	0	2	1	0	0	2	0	1	0	1	0	0	0	0	0	1	0	0	1	0	1	1	0	2	1	1	0	0	2	2	1	1	0	0	1	0	0	1	0	1	1	0	0	0	0	0	0	0	1	1	0	0	0	0	1	2	0	5	5	0	0	1	2	3	1	1	2	4	0	2	3	3	2	0	1	1	0	3	2	1	0	0	0	1	2	0	2	2	4	2	3	1	1	2	2	1	1	2	1	0	1	3	3	0	0	0	1	0	1	0	1	0	2	0	1	0	0	0	0	0	0	0	0
0	0	0	0	0	0	0	0	0	0	1	0	0	1	2	0	2	0	1	1	0	0	0	0	0	1	0	0	0	0	1	1	2	0	1	2	2	0	4	1	3	1	0	0	0	0	1	0	0	1	0	0	0	0	0	2	0	1	2	0	1	0	0	0	0	1	0	0	0	0	1	0	0	0	1	0	0	0	0	0	1	0	0	1	0	0	2	0	2	1	3	6	6	3	4	3	2	0	1	1	0	0	2	3	2	3	4	3	0	2	2	6	1	0	1	5	1	3	7	3	0	3	3	2	1	5	3	10	2	2	5	2	3	2	3	1	0	7	22	18	6	3	9	21	8	8	8	1	5	1	2	0	1	4	5	2	5	8	2	2	3	1	4	2	0	1	3	2	1	1	0	0	1	0	5	1	2	1	2	4	0	1	1	1	2	1	2	0	0	4	3	4	1	0	1	4	5	3	4	5	2	3	0	2	5	4	1	3	2	3	1	0	0	2	0	1	0	2	0	0	0	3	14	8	3	0	2	0	0	6	6	3	1	0	1	1	0	2	0	0	0	0	0	1	0	2	2	3	8	9	1	1	2	0	2	2	3	1	1	0	1	1	1	0	0	0	1	2	2	0	0	2	0	3	1	0	1	1	1	1	2	4	3	7	5	21	10	9	10	35	9	8	13	5	10	6	19	54	0	44	15	10	1	2	4	5	3	6	7	2	2	0	4	3	1	3	1	0	2	0	1	0	0	2	1	2	0	0	2	3	2	1	7	2	2	1	5	5	8	9	25	34	13	13	2	1	5	3	2	1	3	6	1	2	0	1	0	0	0	0	0	0	0	0	2	0	0	0	0	1	0	0	0	0	0	1	1	0	0	0	1	1	0	1	0	0	0	2	0	0	1	1	0	0	0	0	0	1	0	1	1	0	0	0	0	0	0	0	2	2	0	0	2	1	2	0	1	1	2	2	0	2	1	1	2	1	0	2	1	4	11	3	2	2	2	1	0	0	1	1	0	0	3	4	2	2	0	1	2	2	2	1	1	2	2	2	6	5	2	3	1	0	1	0	1	1	2	1	1	1	1	1	1	1	0	2	1	1	1	0	0	1	0	1	0	1	1	0	0
0	0	0	0	0	0	0	1	1	1	1	0	0	0	0	0	0	1	0	0	2	1	1	0	0	3	1	1	2	0	0	2	1	1	2	2	3	0	2	1	0	0	0	0	1	0	1	1	0	1	0	0	0	0	1	0	0	0	1	1	0	1	1	0	0	0	0	0	0	0	1	0	0	0	0	0	0	0	0	0	1	1	1	0	1	1	1	3	0	2	2	1	0	6	1	1	2	1	0	0	1	2	1	4	3	1	1	0	1	1	3	2	4	3	2	9	7	6	9	2	1	2	3	5	4	8	7	9	12	2	3	5	1	3	4	4	4	9	25	11	6	2	9	13	11	3	4	0	2	0	0	0	1	2	2	0	5	5	2	0	2	1	0	0	2	1	0	2	2	1	2	2	0	0	0	0	1	2	2	1	1	1	0	0	0	0	1	2	1	2	2	1	2	0	1	0	2	5	6	5	7	1	2	0	0	1	0	1	1	0	2	2	0	1	0	1	1	1	1	1	0	3	5	1	1	5	0	1	0	3	1	1	3	0	0	1	2	0	0	1	1	0	0	3	0	0	1	2	4	4	2	0	1	0	1	1	0	1	0	0	3	0	1	0	1	2	0	0	0	1	2	0	2	1	1	2	3	3	0	2	2	4	1	5	9	11	3	6	10	58	19	6	14	17	22	13	19	129	44	0	53	17	11	7	6	0	3	8	7	0	1	2	0	6	2	1	0	0	2	0	5	1	0	2	0	4	2	2	1	0	2	1	1	2	2	0	6	11	6	11	14	16	13	7	8	2	2	2	1	3	2	0	1	1	0	2	0	1	1	0	0	1	0	1	0	0	0	0	0	0	0	0	0	0	0	0	0	0	0	1	0	1	0	0	0	0	1	0	1	0	0	0	0	2	0	0	0	0	0	0	0	0	0	1	2	2	0	1	0	1	0	1	0	1	0	1	1	0	2	0	1	0	0	3	1	2	2	2	0	1	3	2	4	1	0	2	0	1	1	0	1	0	2	1	2	0	1	2	1	2	0	0	2	2	4	1	2	2	0	0	0	0	1	2	0	1	2	0	0	0	0	1	0	0	0	0	0	2	0	0	0	0	0	0	1	0	0	1	0
0	0	0	0	0	0	0	1	0	0	0	1	0	0	1	1	0	0	0	2	1	1	0	0	0	0	0	0	0	1	2	1	0	2	0	2	1	1	0	2	1	3	1	2	1	2	0	0	0	0	0	0	2	2	0	1	0	0	0	0	0	0	0	0	1	0	0	0	1	1	0	0	0	0	0	0	0	0	1	1	0	1	3	1	2	1	0	1	1	0	1	1	2	3	1	1	0	1	2	1	2	1	2	1	0	1	0	0	2	3	2	1	0	4	2	4	2	4	3	2	3	2	4	4	7	8	11	20	5	4	5	4	6	2	3	3	5	5	9	4	1	2	1	4	6	3	4	0	0	2	1	2	0	0	3	0	2	1	1	4	0	0	1	2	0	0	0	1	1	0	0	2	1	1	2	1	0	0	0	0	0	1	0	1	1	1	0	0	0	0	2	0	1	1	1	2	1	0	2	4	1	1	1	3	2	1	3	3	2	1	1	2	0	0	1	0	0	2	4	2	0	3	2	3	1	0	0	2	1	3	2	4	2	0	0	1	1	0	0	0	1	2	1	0	1	1	2	1	3	4	2	0	0	0	0	0	0	0	1	0	0	2	0	0	0	0	2	0	0	1	0	2	0	2	4	3	2	0	2	1	5	5	2	9	10	6	5	7	13	36	14	12	15	22	10	0	9	30	15	53	0	49	10	12	13	7	8	10	7	0	5	3	0	5	5	2	1	3	3	0	1	2	0	2	2	2	3	2	0	1	0	5	1	0	2	8	3	7	5	7	6	19	23	19	13	9	7	1	5	2	2	5	4	0	0	0	0	0	0	0	0	1	1	0	1	0	1	2	1	1	0	0	0	0	0	0	0	0	0	0	0	1	0	1	0	2	0	0	0	1	1	2	0	1	0	0	0	1	0	1	0	0	0	0	0	1	2	1	0	0	0	0	0	0	0	0	0	1	0	1	1	2	1	1	2	0	0	0	4	0	3	3	4	2	2	0	0	2	1	3	2	1	2	4	2	3	2	1	0	1	2	0	0	4	1	2	1	3	1	2	0	1	0	1	1	1	1	3	1	0	1	0	1	0	0	0	0	1	0	1	0	0	0	0	0	1	1	1	0
0	0	0	0	0	0	0	0	0	0	1	1	1	0	0	0	1	0	0	0	0	0	0	0	0	2	3	0	0	1	0	1	1	1	1	0	1	3	2	1	0	3	2	1	0	1	1	0	0	0	0	0	1	0	1	0	1	0	0	1	1	0	0	0	0	0	0	0	0	0	0	0	0	0	0	0	0	0	0	1	0	0	0	0	1	1	0	0	3	0	2	1	0	0	1	1	3	0	0	0	1	0	1	0	5	2	1	1	3	0	1	1	3	1	0	0	4	3	2	2	3	3	0	3	6	4	14	15	11	19	9	6	7	12	5	8	5	1	4	4	0	1	2	2	2	3	4	0	1	2	0	0	0	1	0	1	2	2	2	3	1	0	0	1	0	0	0	0	0	0	1	1	1	0	1	1	2	0	1	0	1	2	1	0	0	1	1	0	1	0	3	2	3	0	2	0	1	1	1	1	1	0	1	0	0	2	1	2	3	2	0	0	2	0	0	0	0	1	1	2	0	2	2	1	1	1	2	1	0	0	1	1	0	0	0	0	1	0	2	0	1	1	0	3	1	0	2	2	2	2	0	0	0	0	0	2	0	1	0	1	0	0	0	0	0	0	1	0	0	0	2	0	0	0	2	2	2	1	1	1	2	2	3	6	9	7	5	1	3	18	12	15	19	21	7	4	8	4	10	17	49	0	56	23	70	18	17	26	21	7	7	7	3	12	6	3	1	1	2	2	1	6	1	3	0	3	2	1	2	3	1	0	0	2	6	4	4	4	8	5	4	5	10	14	11	4	2	1	2	3	1	2	1	1	0	2	1	3	0	2	1	0	2	0	1	1	0	0	2	1	0	0	1	0	2	0	0	0	0	0	0	1	1	0	0	0	0	0	0	0	2	2	0	0	0	0	0	1	0	0	1	1	0	0	0	0	0	1	1	1	1	1	0	0	0	1	2	0	0	1	0	0	0	1	0	1	0	2	2	1	4	7	4	2	3	4	5	2	1	2	3	3	2	0	2	1	0	1	2	2	3	0	0	0	1	1	0	3	1	0	1	0	1	0	1	3	1	2	1	0	0	0	0	1	0	0	1	0	2	0	1	0	0	0	2	0	0	0	0
0	0	0	0	0	0	0	0	1	3	1	0	1	0	0	0	0	0	1	0	0	0	0	2	1	0	1	2	1	3	2	0	1	0	1	0	2	1	0	2	0	1	2	0	2	0	0	1	0	0	0	1	1	1	0	0	0	0	1	0	0	0	1	1	0	1	1	0	0	0	0	0	0	0	1	0	0	1	0	0	0	1	1	1	0	0	1	0	0	0	0	0	1	1	1	3	0	0	0	1	0	1	1	0	3	2	0	1	1	0	0	1	0	1	3	2	3	2	4	1	1	1	6	2	3	7	16	11	17	14	21	12	10	4	8	2	5	9	2	4	2	3	0	4	3	3	0	1	0	2	0	0	0	0	2	1	3	1	1	0	1	1	0	0	0	0	0	0	0	2	1	0	2	0	1	1	1	0	1	2	1	1	0	0	0	1	1	0	0	1	2	2	6	1	1	2	0	2	2	2	0	1	0	0	1	0	1	0	1	1	1	0	1	0	2	1	0	0	1	0	0	1	5	1	2	2	1	0	1	0	2	0	4	1	0	0	0	1	0	0	0	1	2	2	0	1	1	1	1	2	0	0	0	1	1	1	0	0	1	0	0	0	0	0	0	0	0	0	0	0	3	0	1	1	1	0	0	1	1	1	5	1	3	2	7	4	2	2	1	5	4	8	5	9	9	1	3	2	1	11	10	56	0	122	70	17	16	31	50	11	5	11	14	32	12	11	4	5	2	2	6	5	3	3	4	6	5	3	4	2	3	3	2	1	2	5	6	6	9	6	5	4	6	9	8	3	5	1	1	1	3	3	2	1	0	0	0	1	0	1	1	0	0	1	1	0	0	1	0	0	0	0	0	0	0	0	0	1	0	1	0	1	0	0	0	0	0	0	2	0	1	0	0	0	0	0	1	0	1	2	2	1	0	0	0	0	0	1	1	2	0	0	1	0	1	1	1	0	0	0	1	0	0	1	0	0	2	2	2	1	4	4	5	4	2	2	6	1	1	3	1	1	0	1	1	1	0	0	2	2	0	0	0	1	2	0	1	2	2	0	0	0	0	0	0	2	1	0	2	0	0	0	0	0	2	0	1	0	0	1	2	0	0	0	1	0	1	0	1
0	0	0	0	0	0	0	0	0	1	0	0	0	1	1	0	0	0	1	0	2	1	0	1	0	1	0	0	2	1	1	1	2	4	1	1	0	3	2	2	2	2	0	0	0	1	0	0	0	0	0	0	0	0	0	0	1	0	0	0	1	1	0	0	0	0	0	0	0	0	0	0	0	0	0	0	0	0	0	0	0	0	2	2	1	1	2	1	0	0	2	1	3	0	2	1	1	1	0	0	0	0	1	2	0	0	1	2	1	0	2	1	0	1	1	1	0	1	2	1	1	4	3	1	2	8	19	11	14	23	17	16	17	7	4	4	5	8	4	3	0	0	2	1	2	4	1	1	0	2	0	0	0	0	1	0	1	2	1	1	0	0	0	1	0	1	0	1	1	1	1	1	1	0	0	1	1	1	1	1	0	0	1	0	0	1	0	1	1	1	2	0	2	0	1	2	0	1	0	0	0	2	0	0	1	2	1	1	0	0	0	0	1	0	1	0	1	1	0	0	0	1	1	1	2	1	1	1	0	1	0	0	0	0	0	0	0	0	0	0	0	1	0	2	1	3	1	2	2	2	0	2	0	0	1	0	0	0	1	1	0	0	0	0	0	0	0	0	1	1	0	1	1	2	0	0	1	1	1	0	1	4	0	2	2	1	2	1	7	1	4	2	4	6	3	1	3	6	2	7	12	23	122	0	31	11	11	21	36	7	7	8	12	35	15	5	0	2	4	2	5	4	4	4	3	3	6	2	0	2	2	2	1	3	1	5	1	5	5	4	1	2	6	4	6	4	0	1	1	2	1	1	1	1	1	1	1	0	0	0	1	0	0	0	0	1	0	0	0	0	0	0	0	0	0	1	0	1	0	0	1	0	0	0	1	1	0	1	0	0	0	0	0	0	0	0	0	0	0	0	0	1	2	0	0	0	0	0	1	0	0	0	1	2	0	2	0	1	1	0	2	1	0	2	0	1	1	1	1	0	2	2	4	0	4	1	1	2	2	0	0	0	0	0	3	0	1	1	3	0	1	3	2	2	0	1	0	4	1	4	1	0	0	2	2	0	0	1	1	1	0	1	0	0	1	0	1	0	0	0	1	0	0	1	0	0	0	1	1
0	0	0	0	0	0	0	0	0	0	0	0	0	0	0	0	0	0	0	0	0	0	1	0	0	0	1	2	1	2	0	0	2	1	0	0	2	0	1	1	1	2	0	0	0	0	1	0	4	0	0	0	1	1	0	2	1	0	1	0	1	0	0	0	0	0	0	0	0	0	0	0	1	0	0	0	1	0	0	0	0	0	0	0	1	0	0	0	0	0	1	1	0	1	2	2	1	1	1	0	0	2	1	1	2	1	3	1	0	1	1	3	3	1	2	1	0	3	2	1	2	3	1	4	3	4	6	11	9	7	4	7	8	7	4	4	6	4	4	3	1	1	1	1	1	4	0	1	2	0	0	0	0	1	0	0	3	2	1	1	1	0	0	1	0	0	1	1	0	0	0	0	0	1	0	2	0	1	3	0	1	1	0	1	1	0	1	1	0	1	0	0	1	0	0	1	1	2	0	0	0	0	1	2	1	2	0	0	0	0	0	1	1	0	2	0	0	2	0	0	3	1	1	3	0	1	0	0	2	0	2	1	0	1	0	1	0	0	0	1	0	0	0	1	0	1	0	0	0	2	0	0	0	0	0	0	0	0	1	0	0	0	1	0	1	0	0	0	0	2	0	2	1	1	1	0	3	1	0	2	2	1	3	11	3	2	3	6	6	8	12	9	19	9	4	2	1	2	4	6	13	70	70	31	0	51	8	25	41	7	17	20	10	9	5	8	4	5	4	0	2	11	5	0	3	2	4	3	0	2	3	1	3	2	6	3	1	5	4	3	3	4	9	11	7	3	9	2	5	1	0	4	4	0	1	1	1	0	0	0	1	1	0	0	1	0	1	0	0	0	1	2	1	0	1	0	1	0	2	0	3	1	3	2	0	0	0	0	0	0	0	0	0	1	0	1	0	0	1	0	1	1	0	1	0	1	0	0	1	0	0	0	0	2	0	1	0	0	0	1	0	1	0	2	0	0	2	1	0	2	9	8	3	5	5	2	2	1	4	2	0	1	2	2	1	0	1	1	0	2	3	1	2	3	3	0	0	2	0	2	1	0	0	0	0	2	1	2	1	0	0	0	0	2	0	0	0	4	0	1	0	0	0	2	2	2	0	0	0
0	0	0	0	0	0	0	0	0	0	1	0	0	0	1	3	0	0	0	1	0	2	1	0	0	0	1	0	3	2	0	1	0	2	2	2	0	1	1	0	1	1	0	0	0	0	0	0	1	1	0	0	0	0	0	0	0	0	0	0	2	0	0	0	0	0	0	0	0	1	0	1	0	0	0	0	0	0	0	0	0	0	0	0	0	1	0	1	0	0	0	1	1	3	0	0	1	0	0	0	1	0	2	4	1	0	1	0	1	3	1	2	0	1	1	0	1	1	1	2	1	2	2	5	6	1	1	1	4	6	5	4	3	2	1	1	3	2	2	3	0	1	2	1	0	3	0	1	2	0	0	0	0	0	0	2	3	0	1	0	0	0	0	0	0	1	0	0	1	0	1	0	1	0	1	0	0	0	0	1	0	0	1	1	0	1	1	0	0	0	2	0	1	2	1	1	3	1	0	1	0	0	0	2	0	1	1	0	1	1	1	0	2	2	0	2	0	0	2	1	1	1	0	0	0	1	0	0	1	0	0	1	0	2	0	0	0	1	1	0	0	0	1	0	0	2	1	0	1	1	0	0	0	0	4	1	2	0	0	0	0	0	0	1	0	2	0	0	0	0	1	5	1	1	0	0	0	1	1	1	0	0	2	5	4	1	0	3	2	1	6	7	11	2	4	2	2	2	5	0	7	18	17	11	51	0	28	12	35	33	30	30	15	21	11	6	1	4	3	2	6	3	3	2	7	8	6	6	2	2	1	6	0	2	6	11	4	2	6	3	1	2	8	11	17	9	1	7	5	2	7	2	2	1	0	1	0	0	0	1	2	0	0	0	0	0	0	0	0	1	0	0	0	0	0	1	1	1	1	1	1	0	1	0	1	1	1	2	0	0	0	1	0	0	0	0	1	1	0	0	1	1	2	0	1	0	0	0	0	0	0	0	0	0	0	0	1	0	1	0	1	3	1	0	1	1	2	2	5	6	7	17	18	9	6	1	6	5	2	1	1	1	2	1	2	2	1	2	2	0	0	2	3	3	2	0	1	0	0	1	2	1	3	0	0	1	1	1	2	1	0	1	1	0	1	0	1	2	0	0	0	0	0	0	0	0	0	1	0
0	0	0	0	0	0	0	0	1	0	0	1	1	0	0	0	0	1	0	2	1	0	0	0	0	1	2	1	2	0	0	0	2	1	1	0	1	1	1	1	1	1	0	0	0	0	0	1	0	1	0	0	0	0	0	0	0	2	0	0	0	1	0	0	0	1	0	0	0	1	0	0	0	0	0	0	0	0	0	1	0	0	0	1	1	2	2	0	0	0	1	0	5	3	1	1	1	0	1	0	0	0	1	1	4	2	1	1	0	0	2	0	1	2	0	0	1	2	1	3	0	3	3	2	3	3	6	3	5	2	1	6	6	3	6	4	2	1	3	4	1	2	2	0	3	1	2	1	3	2	0	0	0	3	1	2	0	1	1	1	0	1	3	1	0	0	1	0	1	1	2	0	1	0	1	0	2	0	2	1	1	0	0	1	0	1	0	2	1	0	0	3	3	1	3	2	3	1	0	0	2	0	2	3	0	3	2	2	0	0	0	0	0	1	0	1	0	2	4	2	3	1	3	3	4	1	1	0	0	0	1	1	0	0	1	0	0	0	1	0	2	0	0	0	1	2	0	0	0	2	0	0	1	0	0	1	1	2	0	0	1	0	0	0	1	0	0	1	1	0	3	0	1	1	2	3	0	2	0	1	0	2	2	1	8	6	2	3	4	6	5	7	4	2	2	2	3	4	3	3	8	17	16	11	8	28	0	30	45	14	44	11	11	12	15	6	2	3	3	2	4	5	6	2	4	7	5	2	8	5	5	4	2	8	21	9	4	4	3	8	7	10	11	14	9	1	9	3	3	6	2	1	1	2	0	2	0	1	2	0	0	1	0	0	0	2	0	0	0	0	1	1	0	1	0	1	0	2	0	0	2	0	0	0	0	1	2	0	3	0	0	0	0	0	0	0	1	0	0	1	2	2	0	2	0	1	0	0	0	1	0	0	0	1	0	2	0	0	0	0	0	1	0	1	0	0	2	2	1	3	7	18	11	3	2	5	11	4	4	1	5	1	1	1	2	4	2	1	2	0	1	1	3	1	5	4	3	3	0	1	1	1	0	1	1	0	1	1	0	2	1	2	0	1	1	1	0	0	0	1	0	0	0	0	2	1	0	1	0
0	0	0	0	0	0	0	1	0	0	1	3	0	0	0	0	0	0	0	2	0	0	0	1	1	1	1	1	1	0	2	1	0	0	3	1	2	1	3	1	3	0	2	3	0	1	0	0	0	0	0	2	0	1	0	0	0	0	1	1	0	0	0	1	0	1	1	0	1	0	2	0	0	0	0	1	0	1	0	0	0	0	0	0	1	1	1	0	3	1	1	1	5	2	1	2	2	1	2	2	0	0	2	2	1	2	2	5	2	0	2	2	1	2	1	3	3	0	3	4	2	0	2	0	5	4	12	32	11	5	3	3	5	7	3	6	6	4	6	2	2	2	0	1	3	4	1	0	2	0	0	2	3	1	1	1	2	3	2	2	0	0	2	1	2	2	2	1	1	1	1	1	0	1	0	3	1	1	1	4	0	0	1	2	0	1	0	2	0	2	0	2	0	2	0	1	1	0	3	2	0	1	3	1	2	2	2	0	1	0	0	1	0	1	0	0	1	2	1	1	3	3	2	2	3	0	3	1	0	0	1	3	1	0	4	1	1	0	2	0	0	0	0	0	0	1	1	1	2	1	0	0	0	1	3	0	2	1	1	0	1	0	0	0	1	0	2	0	2	0	0	0	2	0	2	2	2	2	0	1	2	1	4	3	8	4	2	2	8	4	6	8	7	4	5	1	2	7	6	8	10	26	31	21	25	12	30	0	37	4	7	2	9	17	3	3	2	4	4	3	6	5	2	3	2	5	1	1	3	7	0	2	1	13	9	10	9	7	7	9	5	15	21	7	9	3	2	0	5	2	0	2	1	1	0	1	0	0	0	0	1	2	1	1	1	0	0	0	0	0	0	0	1	0	0	0	0	0	1	1	2	2	0	0	0	0	2	1	0	1	0	0	1	0	0	0	0	0	1	0	2	2	0	0	0	1	1	1	0	0	0	0	1	0	1	0	1	0	0	2	0	0	2	2	1	0	3	1	2	3	3	11	2	1	6	1	5	10	4	4	5	1	4	1	1	2	2	3	0	4	3	3	3	3	1	1	2	2	1	2	2	0	0	1	0	2	0	0	0	0	1	2	4	0	0	0	0	0	0	0	1	1	0	0	0	0	0	0	0
0	0	0	0	0	0	0	0	0	0	0	0	0	0	0	0	0	1	0	2	1	1	1	1	1	1	2	1	0	0	1	0	2	0	0	3	1	1	0	0	1	1	3	1	1	0	0	0	1	0	0	1	0	0	1	0	0	0	0	0	1	0	0	0	0	0	1	0	0	0	0	0	0	0	0	0	0	0	1	0	0	0	2	1	0	0	0	1	0	0	0	0	1	0	0	2	0	0	0	1	0	0	1	0	0	2	1	0	0	0	4	1	2	1	2	2	1	1	3	1	1	2	2	3	1	6	9	5	6	5	11	5	12	1	5	2	3	6	0	1	1	1	0	1	1	3	2	1	0	0	0	0	1	1	2	0	0	1	0	0	0	0	0	0	0	1	2	0	1	1	0	1	1	0	1	1	2	0	0	1	0	0	1	1	1	0	0	0	0	0	0	2	1	0	0	0	3	1	1	3	4	1	0	1	1	1	4	0	0	0	0	0	1	1	1	1	0	0	1	2	0	2	4	1	0	1	3	3	1	1	2	1	0	1	0	1	0	0	1	0	0	0	0	1	0	2	1	1	0	2	1	1	0	0	0	0	0	0	0	1	0	2	0	1	0	1	1	1	0	0	0	0	0	0	0	2	1	2	1	1	0	6	3	0	8	2	2	4	1	3	5	4	4	3	1	2	1	3	7	7	7	21	50	36	41	35	45	37	0	12	27	19	23	58	27	6	6	10	2	1	7	6	5	3	6	3	6	2	4	7	3	5	3	7	7	8	4	2	1	6	3	1	5	6	4	3	3	2	1	0	0	2	4	0	0	1	0	2	0	0	1	1	0	0	1	1	1	0	0	1	1	0	1	0	0	1	0	1	0	0	2	2	1	0	0	0	0	1	0	0	0	0	0	1	0	0	1	0	0	0	1	1	1	1	0	0	1	0	0	0	0	0	0	0	0	0	0	0	0	0	1	0	1	3	1	0	0	2	3	5	12	5	12	2	3	2	3	2	4	2	2	0	4	3	4	1	1	1	3	2	3	0	2	5	2	0	3	1	2	0	2	1	1	1	2	2	3	0	0	0	1	1	1	0	1	3	0	0	1	1	0	0	0	0	0	0	0	0	0
0	0	0	0	0	0	0	0	0	0	0	1	0	0	1	0	0	0	1	2	1	0	2	0	2	1	0	1	2	1	0	0	0	0	0	0	0	1	0	0	4	1	1	1	0	0	0	1	0	0	0	1	0	0	0	0	0	2	0	0	0	0	0	0	0	0	0	0	0	0	0	0	0	0	0	1	0	0	0	0	0	0	0	1	0	0	2	0	1	0	2	2	0	1	1	0	0	1	0	0	2	0	0	1	1	2	1	1	1	1	1	1	0	2	0	1	0	2	1	0	3	0	1	1	0	1	4	4	3	3	4	3	2	0	0	1	1	0	3	1	0	0	1	0	2	0	0	0	2	1	1	0	0	0	2	0	0	1	0	0	0	0	2	1	0	1	1	2	0	0	0	0	0	0	2	0	1	0	0	1	0	0	1	0	1	0	0	1	1	1	0	0	1	4	1	3	0	1	2	0	1	1	1	1	1	2	0	0	0	2	0	0	0	1	1	0	0	1	0	0	2	2	4	1	0	0	1	0	2	3	1	0	0	0	0	0	0	0	0	0	0	1	2	0	0	0	0	2	1	1	1	0	1	2	0	1	0	0	0	0	0	0	1	0	0	0	0	2	1	2	1	1	0	1	1	0	1	0	0	0	1	0	1	3	4	2	1	2	1	5	2	1	7	1	2	1	4	1	2	0	0	7	11	7	7	33	14	4	12	0	66	20	19	11	8	5	3	2	1	4	8	9	7	4	7	23	18	2	1	6	3	2	4	4	3	1	2	1	1	2	1	3	4	4	6	4	7	4	2	2	5	0	0	0	2	3	0	1	0	1	0	1	1	1	0	0	1	1	0	0	0	0	0	0	0	1	0	0	0	0	2	0	0	1	0	0	1	1	1	0	0	1	2	1	0	0	0	2	0	1	1	0	0	2	0	0	0	0	0	0	0	0	0	0	0	0	0	0	0	0	0	0	0	1	1	0	1	1	2	6	9	16	20	13	8	12	11	3	2	4	8	2	1	1	10	0	1	3	1	2	2	4	2	4	1	2	2	2	0	1	2	0	5	3	2	2	2	2	1	1	1	2	2	0	0	1	1	1	0	0	0	0	0	0	0	0	0	1	0
0	0	0	0	0	0	0	1	0	0	0	0	1	0	0	1	0	1	0	1	1	1	1	0	0	1	0	0	0	0	1	0	1	2	0	1	1	0	1	4	2	3	1	1	1	0	0	0	0	0	0	0	0	0	0	0	0	0	0	2	0	0	0	0	0	0	0	0	0	0	0	0	0	1	0	0	0	1	1	0	0	0	1	0	1	1	1	1	0	1	0	0	1	4	2	1	1	0	0	0	1	0	0	0	0	2	1	0	1	1	1	0	0	1	1	1	1	2	2	2	2	0	0	1	4	1	3	5	5	0	3	7	4	1	2	1	3	1	1	1	1	2	0	2	3	1	3	0	1	0	3	2	0	0	1	0	0	3	0	0	0	0	0	0	1	1	0	0	0	1	0	0	0	0	3	0	1	0	1	0	1	1	0	0	0	0	0	0	0	1	1	2	0	1	1	1	1	2	1	0	3	0	0	0	0	1	2	1	1	3	0	0	1	1	0	0	0	2	0	0	1	1	4	1	0	0	0	2	1	0	0	0	0	0	1	0	0	0	0	0	0	0	0	0	0	0	1	1	1	0	1	0	1	0	0	1	0	1	0	0	0	0	1	0	0	1	0	1	0	1	1	1	1	2	1	1	1	0	0	0	1	0	2	2	4	0	2	2	7	4	0	5	1	2	2	1	0	1	2	1	5	7	5	7	17	30	44	7	27	66	0	16	33	21	27	9	2	2	1	5	4	11	9	7	7	12	15	6	9	10	3	2	3	9	8	4	2	2	4	4	2	3	2	7	1	6	5	2	2	2	3	0	1	1	1	0	0	0	1	0	1	2	0	0	1	1	0	0	1	0	0	1	0	1	1	0	1	0	0	1	1	1	0	0	1	0	1	2	1	1	0	0	0	0	1	1	0	0	0	0	0	2	0	0	0	0	1	1	0	1	0	0	0	1	1	0	0	2	0	0	1	1	0	0	1	0	0	0	2	8	5	17	14	4	4	4	6	4	4	5	2	0	5	2	2	2	1	0	0	2	5	1	1	2	2	1	0	3	0	1	2	0	0	0	2	3	0	1	1	1	0	1	0	0	2	0	1	2	0	3	0	0	2	0	2	1	0	0	0
0	0	0	0	0	0	0	0	0	1	1	1	0	0	0	1	1	0	0	0	0	0	0	1	2	3	1	0	0	0	2	0	0	1	1	0	0	1	0	0	0	0	0	1	0	0	0	0	0	0	1	0	0	0	0	0	1	0	1	0	1	0	0	1	2	0	1	0	1	1	0	0	0	0	0	0	1	0	0	0	0	1	0	0	0	0	3	0	0	1	1	2	1	1	0	0	0	0	1	0	0	0	0	2	0	0	0	1	0	0	1	0	0	0	0	0	0	1	2	3	1	1	0	1	4	2	5	3	4	1	4	4	6	2	4	3	3	3	3	1	1	2	1	1	1	0	2	1	0	1	1	0	0	1	0	0	3	0	1	3	0	0	0	0	1	0	0	0	0	0	0	0	0	1	2	1	1	0	2	0	0	1	0	0	0	1	0	0	0	2	0	2	0	1	0	2	3	0	0	1	0	2	0	0	0	1	2	3	0	0	0	1	0	0	0	0	3	1	1	1	2	1	1	0	2	1	0	0	3	1	1	0	0	0	0	1	0	0	0	0	0	1	0	1	0	0	1	0	1	1	0	0	1	0	0	0	0	1	0	0	0	0	1	0	0	0	1	0	3	0	0	3	0	0	0	2	0	1	1	0	0	2	2	2	1	3	0	2	1	0	4	3	4	4	4	4	1	0	0	2	3	7	11	8	20	30	11	2	19	20	16	0	179	46	25	16	10	12	3	4	12	16	6	10	18	15	20	8	2	4	3	3	4	1	3	4	3	3	0	2	0	2	2	5	2	4	4	1	0	1	2	4	1	0	1	1	1	0	3	0	1	2	0	0	0	2	0	0	0	0	0	0	0	0	1	0	1	0	0	1	1	0	2	0	0	1	2	0	2	1	1	1	0	0	0	0	1	0	0	0	2	0	2	1	0	0	0	0	0	2	1	1	0	2	0	0	0	0	0	0	1	0	0	0	1	1	2	1	0	2	7	9	9	1	1	1	0	4	2	2	0	1	1	0	2	0	2	1	2	3	1	3	1	1	0	1	1	1	1	0	0	0	0	4	3	2	1	0	3	2	1	2	1	0	0	1	0	0	0	0	0	1	0	1	1	0	0	0	0
0	0	0	0	0	0	0	0	0	0	0	0	1	0	0	0	0	0	0	0	1	0	0	1	0	0	0	0	0	3	0	1	1	1	1	0	0	1	2	1	1	0	0	0	1	0	1	0	0	0	1	0	0	0	1	0	0	2	1	3	0	2	1	0	0	0	1	0	0	1	0	0	0	0	0	0	0	0	1	1	1	0	0	0	0	0	0	0	2	0	2	0	2	1	2	2	1	0	0	0	0	0	0	0	0	0	3	1	0	0	0	0	0	2	1	0	2	1	2	1	2	1	0	1	1	3	3	3	7	7	5	2	5	2	4	6	4	4	1	2	1	0	1	2	1	1	5	2	0	0	0	1	1	0	1	0	2	0	0	1	0	1	1	0	0	0	0	1	0	1	0	0	0	0	0	0	0	0	0	0	0	1	1	0	0	0	0	0	0	0	0	2	2	0	0	0	1	3	1	0	1	0	0	0	1	2	1	1	3	3	0	1	0	0	0	0	1	0	2	1	2	1	3	2	0	0	1	0	0	1	1	0	0	0	0	0	0	0	0	0	0	1	1	0	2	0	4	0	0	0	1	2	1	1	0	1	2	1	1	0	1	1	1	0	0	0	1	0	0	0	0	0	0	1	0	1	0	0	0	0	0	0	4	1	5	1	0	1	2	3	0	4	4	6	1	1	2	0	4	0	0	3	14	12	10	15	11	9	23	19	33	179	0	64	56	29	10	11	8	7	9	17	8	7	15	17	13	7	4	3	4	1	2	7	3	4	4	2	3	4	1	3	3	4	2	3	3	1	0	1	3	0	0	2	1	0	0	0	2	0	0	1	0	0	0	0	0	1	0	0	1	0	0	0	2	0	0	0	1	0	0	1	3	0	1	0	1	0	1	0	0	0	1	0	1	0	0	0	0	0	0	2	1	0	0	0	0	0	0	1	0	0	2	0	1	0	2	0	0	1	0	0	1	0	4	1	0	1	0	1	2	4	9	3	2	3	6	1	2	1	2	0	2	0	2	1	1	1	1	0	1	0	1	2	1	0	1	0	0	0	1	4	1	0	1	0	1	2	1	0	0	0	2	0	0	0	1	0	1	1	1	0	0	1	0	1	0	0	0
0	0	0	0	0	0	0	0	2	0	0	0	0	1	0	0	0	1	0	0	0	2	1	2	1	1	1	0	0	1	0	0	0	2	1	1	1	1	0	1	0	1	0	2	0	0	1	1	1	1	1	0	0	1	0	0	0	1	1	0	1	0	0	0	2	0	1	0	0	0	0	0	0	0	1	0	0	1	1	0	0	0	3	0	0	0	1	1	0	0	3	2	3	1	1	1	0	0	0	0	0	0	2	0	0	0	1	1	2	0	4	1	0	0	1	1	2	2	1	2	1	2	1	5	4	6	7	2	7	3	5	7	14	6	3	3	3	3	0	2	0	0	2	1	2	2	2	0	1	0	0	0	1	0	1	1	1	0	2	0	1	2	0	0	0	1	0	0	1	2	1	0	0	0	0	0	0	1	2	1	1	0	0	0	0	2	0	1	0	0	3	1	2	1	0	0	0	2	0	1	0	0	0	0	1	0	0	0	0	1	0	1	0	0	0	1	0	0	2	2	3	2	3	1	1	0	3	1	0	2	3	1	1	0	0	0	0	1	0	0	0	0	0	0	1	1	0	0	1	1	0	2	0	0	0	2	0	0	1	0	1	1	0	0	1	0	2	0	0	0	2	0	1	1	1	0	1	0	1	0	3	2	1	0	1	0	0	0	1	2	3	1	5	5	9	2	1	2	3	6	5	12	32	35	9	21	12	17	58	11	21	46	64	0	59	24	5	12	12	1	6	11	10	4	10	6	11	4	8	2	0	2	2	2	4	2	6	5	2	5	3	3	4	3	3	6	0	2	1	1	2	2	3	2	3	0	1	0	0	0	1	1	0	0	0	0	0	0	0	0	0	0	1	0	0	1	1	0	0	0	1	1	1	0	1	1	0	0	1	0	0	0	1	1	0	0	0	0	0	1	0	0	0	1	1	0	0	0	0	0	1	0	1	0	0	0	2	0	3	0	1	0	0	1	0	1	0	0	2	1	4	11	5	1	3	2	4	2	2	1	3	0	0	1	1	1	0	2	1	1	2	0	1	0	1	1	0	2	3	1	1	0	2	3	0	0	1	0	1	0	0	0	0	1	0	0	0	0	0	0	0	0	0	0	0	0	1	0	1
0	0	0	0	0	0	0	0	0	0	2	0	0	0	0	3	0	1	0	0	1	0	0	0	0	0	2	3	1	0	2	2	1	2	1	1	0	1	1	3	3	0	0	0	0	1	0	0	0	1	0	0	0	0	0	1	1	0	0	0	1	0	0	1	0	0	0	0	0	2	0	0	1	1	0	0	0	0	0	0	0	1	0	1	0	2	0	0	0	1	2	2	0	2	2	1	0	1	0	1	0	0	0	1	1	0	2	1	1	0	0	1	1	1	4	0	1	0	1	1	1	1	1	0	2	1	6	4	3	4	3	4	4	5	0	5	1	1	0	1	0	0	0	0	1	2	0	0	1	1	0	1	0	0	0	1	1	0	1	1	1	0	1	0	0	0	0	0	0	1	2	1	1	0	2	0	1	3	1	0	0	2	0	0	1	0	0	3	0	0	1	2	1	1	0	0	1	1	0	1	0	0	0	0	1	0	0	1	0	0	0	0	0	0	0	0	1	0	0	0	1	2	0	2	2	0	1	0	0	1	1	1	1	0	0	1	0	1	0	0	0	0	0	1	1	1	0	1	0	0	1	2	1	0	2	1	1	2	1	0	1	0	0	0	0	2	0	0	0	1	0	2	1	0	1	0	0	0	0	0	0	1	0	2	4	1	1	0	2	3	1	1	3	3	1	0	0	1	1	2	5	6	12	15	5	11	15	3	27	8	27	25	56	59	0	32	11	9	9	8	11	38	6	7	7	6	9	10	6	6	7	4	1	4	10	1	4	6	2	3	3	3	4	6	3	1	1	0	0	2	0	5	1	1	0	1	1	1	0	0	0	0	0	0	0	0	1	1	0	0	2	1	0	0	1	1	1	0	2	0	0	0	1	1	0	0	0	0	0	1	0	0	0	0	0	0	0	1	0	1	1	0	0	0	1	0	0	1	1	0	0	0	0	1	2	0	1	0	1	0	0	1	1	0	0	0	0	1	1	6	3	3	5	1	3	2	2	0	0	3	1	1	1	2	2	1	0	1	3	2	1	2	2	3	0	1	0	2	0	0	1	0	2	1	2	0	0	0	2	0	0	0	0	1	0	0	1	0	1	1	0	2	0	0	0	0	0	1	0
0	0	0	0	0	0	0	0	0	1	0	0	0	2	1	0	1	1	0	1	0	2	2	0	2	0	1	0	2	2	1	0	1	3	2	1	0	0	0	0	0	1	0	1	1	0	0	0	0	0	1	0	0	0	0	0	0	0	0	0	1	0	0	1	1	0	1	0	1	0	1	0	0	2	0	0	1	0	0	1	0	0	1	0	0	0	0	0	0	1	1	1	0	1	0	2	1	0	0	0	1	1	0	0	1	0	0	0	0	2	1	1	3	0	0	1	1	0	2	4	3	2	0	1	2	3	5	1	2	1	5	2	5	3	3	2	2	2	1	2	0	0	1	1	1	2	1	2	0	0	1	0	2	0	0	0	0	0	0	1	1	0	0	2	0	0	0	0	1	1	0	3	2	2	0	1	0	0	0	0	1	0	1	0	0	1	1	0	1	0	1	1	1	0	2	0	0	0	0	1	0	1	0	0	0	1	3	3	0	2	3	0	0	0	1	2	0	0	0	0	0	0	2	1	0	0	0	0	0	0	1	0	0	0	0	0	0	1	0	0	0	1	0	2	0	1	0	3	0	1	0	1	0	0	0	0	0	0	1	0	0	0	0	0	0	2	2	0	1	1	0	0	0	2	1	3	1	1	0	0	0	1	0	0	0	0	0	1	0	2	1	3	1	3	0	3	1	1	3	1	2	3	11	5	8	6	6	3	6	5	9	16	29	24	32	0	34	34	33	13	11	34	9	10	14	4	6	7	8	4	3	1	3	2	2	2	3	2	2	2	2	2	0	1	0	0	1	0	0	1	3	0	1	0	0	0	0	0	0	0	0	1	0	0	1	1	0	0	0	1	0	1	0	0	0	0	0	0	1	2	1	0	0	0	0	0	0	0	1	0	2	3	0	0	1	0	0	0	1	0	0	1	0	0	0	0	1	0	0	1	1	0	0	0	1	0	0	0	0	0	0	1	0	0	0	0	2	1	1	0	2	4	6	4	1	0	0	4	1	3	1	2	1	0	0	1	2	1	1	1	1	1	4	1	3	1	1	1	1	2	0	0	0	0	0	0	0	0	2	0	0	0	0	0	0	0	0	0	0	0	0	0	0	0	0	0	0	0	0
0	0	0	0	0	0	0	0	0	1	1	0	0	1	0	0	1	2	0	0	0	1	2	1	0	0	1	0	1	0	1	2	2	1	2	1	1	0	1	0	1	0	0	1	0	0	0	0	1	0	0	0	0	0	1	0	0	1	0	0	0	0	0	0	0	0	0	0	0	0	0	0	0	0	0	0	1	0	0	0	0	1	1	1	1	1	1	0	0	2	1	0	1	0	1	0	1	0	0	0	1	0	0	0	1	0	0	0	0	0	1	1	1	0	0	2	1	0	1	2	0	0	0	2	0	1	4	2	4	0	5	0	4	3	6	2	2	0	2	0	1	1	0	0	0	0	0	0	1	0	0	0	0	0	1	0	0	1	0	0	1	0	0	0	0	0	0	1	0	0	1	1	1	0	0	1	1	0	0	0	0	0	0	0	2	0	0	1	0	1	0	0	0	1	0	0	1	0	0	1	0	0	0	0	0	1	0	0	0	0	0	1	1	0	0	0	0	0	1	2	0	0	3	0	0	0	1	0	0	0	0	1	0	0	0	0	0	0	0	0	2	1	0	0	1	0	1	1	0	0	1	0	0	1	0	0	0	0	0	1	0	0	1	0	0	1	0	0	0	0	0	0	0	0	0	0	1	1	0	0	1	0	0	1	1	0	0	1	1	3	1	1	1	3	4	1	1	2	1	0	1	1	4	0	4	1	2	2	6	3	2	10	10	5	11	34	0	96	66	23	16	7	19	21	22	8	5	3	2	3	0	2	6	1	3	2	1	2	2	1	2	2	0	1	2	0	2	3	0	0	2	2	0	0	1	1	0	0	0	0	0	2	1	0	1	0	0	0	0	0	0	1	1	0	1	0	0	1	3	1	0	0	0	0	0	0	0	0	1	0	0	0	0	0	0	0	0	0	0	1	0	0	0	0	0	0	0	1	1	1	0	0	0	0	0	0	0	1	0	1	0	0	1	0	0	1	0	0	2	2	2	2	5	2	2	1	4	1	0	1	0	1	0	2	0	6	2	1	0	1	0	0	0	2	2	0	1	1	0	0	2	0	0	0	1	0	0	1	0	0	0	0	0	0	0	0	0	0	1	1	0	0	0	0	0	2	0	0	0
0	0	0	0	0	0	0	0	0	0	0	0	0	0	0	0	1	1	0	3	0	0	0	1	3	1	0	1	1	1	1	0	2	1	0	0	1	0	1	0	0	1	0	0	0	1	1	0	1	0	0	0	0	0	0	0	1	0	0	0	1	0	0	0	0	1	0	0	1	0	0	0	1	0	0	0	0	0	2	0	0	0	2	0	0	0	0	1	0	0	1	3	1	0	0	0	1	0	0	0	1	1	1	3	2	0	0	1	0	1	1	2	1	1	1	1	0	1	2	0	0	0	0	0	0	3	1	4	1	2	5	5	7	6	1	3	1	0	2	1	0	0	0	2	1	3	1	0	0	1	0	1	0	1	0	1	1	2	0	1	1	0	1	1	0	0	3	0	0	0	1	0	1	0	1	0	0	1	1	0	1	0	1	0	0	1	0	1	0	0	1	1	0	0	1	0	0	1	0	0	0	1	0	0	0	1	2	0	0	3	0	0	1	0	0	0	0	0	1	0	1	1	0	0	1	1	0	0	0	0	1	0	1	0	0	0	0	0	0	0	0	0	0	0	1	0	0	0	0	0	0	0	0	0	0	0	0	0	1	0	0	0	0	0	0	1	0	0	1	2	0	0	1	0	0	1	0	2	0	0	0	0	0	2	0	0	2	1	0	0	0	1	1	2	2	0	0	0	0	0	3	1	5	2	5	4	3	4	10	2	2	12	11	12	9	34	96	0	37	15	11	10	6	14	14	4	6	2	2	1	1	1	2	2	3	0	2	0	0	0	1	2	0	3	1	1	1	1	3	0	0	2	1	0	1	1	0	1	2	0	0	0	0	0	0	2	0	0	0	1	0	1	0	0	0	0	1	0	0	0	0	0	1	0	0	0	0	1	0	0	0	0	0	1	0	0	0	1	1	0	0	1	0	0	0	0	0	0	1	1	0	0	0	1	1	0	0	1	0	0	0	0	0	0	0	0	0	1	1	2	0	1	2	0	1	1	1	2	1	0	2	0	1	3	0	1	0	2	0	1	0	0	1	1	1	0	0	0	1	2	1	1	0	0	0	0	0	0	1	1	0	1	0	0	0	0	0	0	0	0	0	0	0	0	0	0	0	0	0
0	0	0	0	0	0	0	0	0	3	1	0	0	0	0	0	1	1	2	0	0	1	0	0	0	2	0	3	1	2	2	0	1	4	1	0	1	0	2	1	1	1	1	0	0	0	1	1	0	0	2	0	0	0	0	0	0	0	0	0	1	0	0	0	0	0	0	0	0	2	0	0	0	1	0	0	2	0	1	0	0	0	0	1	3	1	0	1	0	1	0	0	3	1	1	1	2	0	0	0	1	0	1	2	2	1	0	3	1	0	0	0	0	0	0	0	0	1	0	1	0	0	1	2	0	2	1	0	3	1	4	1	4	0	8	2	3	2	1	1	1	1	1	2	0	1	1	0	0	0	0	0	1	0	1	1	1	0	2	0	2	0	0	2	0	0	0	0	0	0	0	0	0	0	0	0	1	1	2	0	1	2	1	1	0	1	1	1	0	1	0	0	0	0	0	0	0	1	0	1	0	1	1	0	0	0	0	0	0	0	0	0	0	0	0	2	1	1	1	0	0	2	1	1	1	0	0	0	0	0	0	1	0	0	0	1	0	0	0	0	1	0	0	0	1	1	0	1	1	0	1	1	1	0	0	0	0	0	0	1	0	0	0	0	1	0	0	0	0	0	0	0	0	1	0	0	0	2	1	0	0	0	0	0	0	1	0	0	1	1	1	0	2	0	2	1	1	1	2	2	3	2	2	4	4	3	3	4	2	1	1	3	8	12	9	33	66	37	0	30	17	16	16	10	9	5	3	9	8	5	1	2	1	2	3	2	0	3	1	1	1	0	1	3	1	2	1	0	4	1	1	0	1	0	0	2	0	1	0	0	1	0	0	1	2	0	0	0	0	0	1	0	0	0	0	0	2	0	0	0	2	1	0	0	1	0	0	0	0	0	0	0	1	0	0	1	0	0	0	1	1	0	0	0	0	0	0	0	0	0	0	0	0	0	0	0	1	0	0	0	1	0	1	0	2	0	0	1	0	0	1	2	1	2	3	1	2	0	0	1	1	1	2	0	2	0	1	2	1	0	0	2	1	1	0	0	3	0	1	1	1	0	0	0	0	0	3	2	0	2	0	0	0	0	0	0	0	0	2	1	1	0	0	0	1	1	2	1	0
0	0	0	0	0	0	0	1	0	0	0	0	0	0	0	1	0	0	0	1	1	0	0	1	1	2	2	1	2	0	0	0	0	1	0	1	0	0	1	0	1	2	3	0	0	0	1	1	0	0	1	0	0	1	1	2	0	0	1	1	0	1	0	1	0	0	1	0	0	0	0	0	0	0	1	1	0	0	0	0	2	0	1	1	1	0	0	1	0	0	0	1	1	1	0	1	1	1	0	0	1	0	0	0	1	0	0	0	1	0	0	0	1	1	0	1	1	1	1	0	1	1	0	3	3	1	3	1	2	0	1	4	5	1	2	2	2	0	2	1	2	1	0	1	0	0	1	1	2	0	1	0	1	0	2	0	0	0	0	1	0	0	0	0	0	0	0	0	0	0	0	0	0	0	0	0	0	0	1	0	0	0	0	0	1	0	0	0	0	0	1	1	1	0	1	0	0	1	0	0	0	0	1	2	0	0	0	0	0	0	0	0	1	0	0	0	0	0	1	1	0	2	0	0	0	1	1	0	0	0	0	0	0	0	0	0	0	0	0	1	0	0	1	0	1	0	0	2	0	1	0	2	0	0	0	1	0	1	0	0	0	1	2	0	0	0	0	0	0	1	0	0	0	1	0	2	0	0	0	1	0	0	1	0	0	0	1	0	0	1	1	0	0	2	2	2	0	1	0	0	0	2	2	2	0	2	2	3	1	4	5	4	7	1	8	13	23	15	30	0	39	5	13	17	12	5	9	12	13	3	4	2	1	5	1	3	4	4	2	1	1	2	1	1	2	0	0	2	1	1	0	0	0	2	0	0	1	0	0	1	0	0	0	0	0	0	0	0	0	0	0	0	0	0	0	0	0	0	0	0	1	0	0	0	1	0	0	2	1	0	0	0	0	0	0	0	0	0	0	0	0	1	2	0	1	1	0	0	0	0	0	0	0	0	0	2	2	0	0	0	0	0	0	0	1	1	0	0	0	0	0	2	1	0	0	1	0	3	2	1	2	1	0	0	1	2	1	0	0	0	2	2	1	2	0	0	1	0	1	0	0	0	0	0	1	0	0	1	2	2	1	0	1	0	0	1	0	0	0	0	0	0	0	0	0	0	0	0	0
0	0	0	0	0	0	0	0	2	1	2	0	0	1	0	1	0	0	0	1	1	0	1	0	0	1	0	2	0	1	1	1	2	1	1	0	0	1	2	2	0	0	1	2	1	0	0	2	1	0	0	0	0	0	1	0	0	0	0	0	0	0	0	1	0	1	1	0	0	0	0	0	0	1	0	0	0	0	1	0	0	1	0	0	0	0	0	0	1	2	4	0	2	0	0	2	1	1	3	2	0	0	0	0	1	3	1	1	1	0	4	2	1	0	0	0	0	0	0	1	1	2	3	0	1	1	0	4	3	3	3	3	1	1	1	1	1	1	0	0	0	0	0	0	1	3	1	2	0	1	0	1	0	0	0	0	0	1	1	1	0	0	1	0	0	0	0	1	1	2	0	1	0	0	1	1	0	0	0	0	1	0	1	0	0	0	0	1	0	0	1	1	1	1	1	3	2	2	1	1	0	1	2	1	0	0	0	1	0	0	2	0	1	0	1	0	0	1	0	1	2	1	0	1	1	0	0	0	0	1	0	1	0	0	1	0	0	0	0	0	0	0	0	1	0	1	0	0	0	1	0	1	1	0	0	0	0	0	1	0	2	0	0	1	1	0	0	0	0	0	0	1	0	2	0	2	1	1	0	1	0	0	0	2	2	2	0	2	1	1	2	1	2	0	0	1	0	2	1	5	1	1	6	5	2	6	4	6	7	8	4	12	9	6	11	11	16	11	17	39	0	112	25	15	9	12	14	22	22	10	1	4	4	7	4	1	4	5	0	3	1	0	2	5	0	4	5	2	0	0	2	1	0	0	0	0	1	1	0	1	0	0	0	0	0	0	1	0	1	0	0	0	0	0	0	0	0	0	0	1	0	0	0	0	0	0	0	0	0	1	0	0	1	1	0	1	0	2	0	0	1	0	1	0	0	1	0	1	1	0	0	0	0	0	0	0	0	0	0	0	1	0	0	0	0	0	2	0	2	3	2	1	4	3	3	1	4	2	3	3	1	2	4	0	1	1	1	0	2	0	2	1	4	3	1	1	0	1	1	1	0	1	0	0	2	0	2	0	2	2	2	0	1	0	0	0	1	0	0	0	1	0	1	1	0	0	0	0	0
0	0	0	0	0	0	0	0	0	0	0	1	1	0	0	0	0	0	3	0	1	0	1	0	0	0	2	1	0	1	0	1	1	3	0	1	0	0	1	0	0	3	0	0	1	0	0	0	0	0	1	0	0	0	0	0	0	1	0	0	1	0	0	0	0	1	0	1	0	1	0	0	0	1	0	3	0	0	0	0	1	0	0	0	0	0	0	1	0	1	0	2	0	0	1	0	0	1	0	0	1	1	0	0	0	0	0	0	0	1	2	2	1	0	4	0	0	0	2	3	1	3	3	5	1	1	2	6	1	0	2	5	3	0	3	1	1	1	2	2	0	0	0	0	0	2	0	0	0	0	0	0	1	0	0	0	2	1	1	2	1	0	0	2	1	0	0	0	0	0	1	1	0	0	0	1	2	0	0	0	0	0	0	1	0	1	0	0	0	1	2	0	0	0	0	1	2	0	0	1	0	0	1	1	2	0	0	0	0	1	1	0	0	1	0	0	2	0	0	1	0	1	0	1	0	0	0	0	3	2	1	1	2	1	0	0	0	0	0	0	0	0	0	1	1	0	1	0	0	0	0	0	1	1	0	0	1	0	2	0	0	0	1	0	1	1	1	0	0	0	0	1	0	0	0	0	1	1	0	0	1	2	0	0	0	1	1	1	1	3	0	3	0	0	3	2	0	1	0	1	2	6	5	4	11	3	5	5	6	9	11	16	17	11	38	34	7	10	16	5	112	0	33	12	13	7	20	20	14	5	6	6	1	4	4	5	0	1	1	0	2	2	4	4	4	1	0	1	4	1	1	1	1	0	0	0	0	0	0	0	1	2	1	0	0	1	1	0	0	0	1	0	2	2	1	0	1	0	1	0	1	0	2	0	1	1	1	0	1	0	2	0	1	1	0	0	0	1	0	0	0	0	1	0	0	0	0	0	0	0	0	0	0	0	1	1	0	0	0	1	0	0	0	0	0	0	1	1	1	1	3	1	1	3	2	2	4	2	3	1	0	2	0	2	1	2	1	0	0	2	1	1	2	0	0	0	1	1	3	1	0	0	1	2	1	0	1	0	0	1	0	1	0	0	0	1	0	1	0	1	1	1	1	2	0	0	0	0	0
0	0	0	0	0	0	0	0	0	0	0	0	0	1	1	0	0	0	0	0	1	0	1	0	2	1	0	1	1	1	0	0	0	1	0	0	0	0	0	0	0	2	0	2	1	1	0	0	1	0	0	0	0	0	0	0	0	1	0	0	0	0	0	0	1	1	0	1	2	0	0	1	0	0	0	0	0	0	0	0	2	1	0	0	2	0	0	0	1	0	1	0	1	1	3	2	0	0	1	0	1	1	1	0	0	1	0	1	1	0	1	0	0	1	1	2	0	0	2	1	1	3	1	3	1	0	4	0	1	2	0	2	4	2	4	1	1	0	1	0	1	0	1	0	0	2	0	0	1	0	2	0	1	0	0	0	0	0	1	0	1	0	0	1	0	0	0	1	0	0	0	0	0	1	0	2	0	0	0	0	1	0	0	0	1	0	0	0	1	0	0	0	0	0	1	1	1	0	0	0	1	0	0	0	1	1	0	0	0	0	0	0	0	0	0	0	1	1	1	1	0	1	1	0	2	2	0	0	0	0	0	1	0	1	0	0	0	1	0	0	0	1	0	0	0	1	0	0	0	2	0	1	0	0	0	0	0	0	0	0	0	0	0	0	0	0	0	0	2	0	1	0	0	1	0	1	0	2	0	0	0	1	0	1	1	5	1	0	0	0	2	1	1	3	1	0	0	0	0	0	0	1	3	4	5	3	6	2	5	7	9	6	8	10	6	9	19	6	16	13	25	33	0	115	40	13	25	10	12	6	3	2	1	3	1	0	2	3	1	2	2	2	1	3	1	0	0	3	2	0	1	1	1	3	1	0	1	1	0	0	0	2	1	0	1	0	0	0	0	1	0	0	0	0	2	1	0	0	2	0	1	0	0	0	0	0	1	0	0	1	0	1	0	0	0	0	0	1	0	0	0	1	1	1	0	1	0	0	0	0	0	0	0	1	0	0	0	1	0	0	0	0	0	1	1	0	1	1	2	1	3	2	7	1	2	5	5	1	4	3	3	0	3	0	1	0	0	2	0	0	0	1	0	0	2	0	0	0	1	1	1	2	1	0	1	0	1	0	2	0	1	0	0	1	1	1	1	2	0	2	1	0	1	1	0	1	0	0	0
0	0	0	0	0	0	0	0	0	0	0	0	0	0	0	0	0	0	1	0	4	0	0	1	0	1	0	1	0	1	0	0	0	0	1	0	0	3	0	1	1	0	0	0	1	1	1	0	0	0	0	0	0	0	0	0	1	0	1	0	3	0	0	0	0	0	0	1	0	1	0	0	0	1	0	0	1	0	0	1	0	0	0	0	0	0	0	1	1	0	0	0	0	2	0	2	2	0	0	0	0	0	0	0	2	0	0	0	1	1	1	0	0	0	0	0	2	1	1	0	0	2	1	0	1	2	1	3	1	0	4	2	0	1	0	2	0	0	2	1	0	2	0	0	0	0	1	0	0	0	0	0	1	0	0	2	0	1	1	0	1	0	0	0	0	0	1	0	0	0	0	1	1	1	0	0	0	2	0	0	1	0	0	1	0	1	1	0	0	1	0	1	0	1	1	0	0	0	0	0	0	0	0	0	0	0	0	1	1	1	0	0	1	0	1	0	0	0	0	2	0	1	1	0	0	1	2	0	0	0	0	0	1	1	0	1	0	0	1	0	0	0	0	0	0	0	0	1	0	1	0	1	0	0	0	0	0	1	1	0	0	0	0	0	0	1	0	0	1	0	3	1	0	0	1	0	2	1	0	0	2	0	2	0	1	1	1	1	1	1	0	1	1	0	2	0	1	0	2	2	2	3	3	4	0	2	2	3	3	4	7	10	7	4	7	10	21	14	10	17	15	12	115	0	35	12	16	3	8	3	5	1	2	0	3	2	1	2	2	0	0	1	0	1	0	1	3	1	0	2	2	2	1	0	0	0	0	0	1	0	1	0	0	1	1	0	0	0	0	0	0	0	0	0	0	0	0	0	0	0	1	0	0	0	0	1	1	0	0	1	0	1	0	0	0	0	1	0	1	0	0	0	0	0	0	0	0	0	0	0	0	0	0	0	0	2	0	1	0	0	0	1	0	0	0	1	0	1	2	2	0	2	1	1	1	4	3	2	4	2	0	1	1	1	1	1	2	1	0	0	1	0	0	0	1	1	0	0	1	1	0	2	0	1	0	1	1	0	1	1	1	0	1	1	0	0	0	0	0	0	0	0	1	0	0	0	0	0	0
0	0	0	0	0	0	0	0	0	0	0	0	0	1	0	0	0	0	0	0	1	0	0	1	1	0	0	0	0	0	1	0	1	2	1	0	0	0	1	2	0	0	0	0	0	1	0	0	1	0	0	0	2	1	0	1	0	0	1	1	1	0	0	0	1	0	0	0	0	0	0	0	0	0	0	0	0	0	1	0	0	2	0	2	0	1	1	0	1	1	1	0	0	1	0	0	1	0	0	0	1	0	0	0	0	0	0	0	0	0	1	2	0	0	1	0	0	1	0	1	0	3	1	0	0	0	2	2	0	5	2	1	3	3	0	0	4	0	0	3	0	0	1	0	0	1	0	1	0	0	0	0	0	1	3	0	0	0	0	0	0	0	0	0	2	0	0	0	0	1	0	0	1	0	0	1	1	0	0	1	0	0	0	0	0	0	0	0	2	1	2	0	1	0	1	0	1	0	0	0	0	0	0	1	0	1	0	1	0	1	0	0	0	0	0	2	0	1	0	1	0	2	1	1	0	0	1	0	0	2	0	0	1	1	0	0	0	0	0	0	0	1	0	0	0	1	1	0	0	1	0	0	1	1	0	0	0	1	1	0	0	0	0	2	0	1	0	2	1	0	0	0	0	1	0	0	2	0	0	0	0	1	0	1	2	1	0	1	0	0	1	1	0	0	1	1	0	1	1	0	2	0	4	3	3	7	4	2	6	7	7	18	15	10	7	14	22	14	9	12	9	13	40	35	0	26	15	7	6	1	2	1	1	5	1	2	1	2	3	0	2	2	2	2	4	1	1	1	1	0	1	0	2	0	1	0	1	0	0	0	0	0	1	1	1	0	0	0	0	1	0	1	0	1	0	0	1	0	0	0	0	0	0	0	1	1	0	0	0	0	3	1	0	0	0	0	1	0	0	0	0	0	0	1	0	0	0	1	0	0	0	0	1	0	0	1	0	0	0	0	1	0	0	1	0	2	1	2	1	0	1	2	4	3	5	2	0	1	1	2	1	1	1	0	1	2	0	0	0	1	2	1	3	1	3	2	2	2	1	0	1	0	1	0	1	0	0	0	2	1	1	0	0	0	0	0	1	1	1	1	1	0	0	0	0	0	0	0	0
0	0	0	0	0	0	0	0	0	0	1	0	1	0	0	0	2	0	0	0	0	1	0	1	0	0	0	0	0	0	1	1	0	2	2	0	0	0	2	1	1	1	0	0	1	0	0	0	0	1	0	0	0	0	0	0	0	0	0	0	1	0	0	0	1	0	0	0	1	0	0	0	0	0	1	0	0	0	0	0	1	0	1	0	0	1	0	0	0	0	0	2	0	2	0	1	1	0	0	1	0	0	1	0	1	1	0	1	0	0	0	2	0	0	0	1	0	0	1	3	0	1	1	1	2	2	2	3	1	1	6	0	5	0	2	1	2	1	1	2	0	0	1	0	1	2	1	2	1	0	0	0	0	0	1	0	0	3	0	0	0	0	0	0	1	0	2	1	0	1	1	0	1	0	0	0	0	1	0	0	0	1	0	0	0	0	0	0	0	0	1	1	1	1	0	1	0	0	0	0	0	0	0	0	1	0	0	0	0	0	0	0	1	0	0	2	0	0	1	1	0	1	1	1	1	0	0	0	0	0	0	0	1	0	0	0	0	0	0	1	0	1	0	0	0	0	0	1	0	3	0	0	1	0	0	0	0	0	3	1	1	1	0	0	0	0	0	1	0	0	2	0	1	0	0	0	1	0	0	0	0	1	0	1	1	1	2	2	1	0	2	2	2	0	1	2	0	3	2	4	2	3	6	3	2	8	7	5	3	23	12	15	17	6	6	4	8	4	5	5	12	7	13	12	26	0	59	8	6	2	2	1	0	1	1	0	0	1	1	2	0	1	2	3	3	1	2	4	1	0	1	2	1	1	0	1	2	0	0	2	0	1	0	0	0	0	1	0	0	0	1	0	0	0	0	0	0	1	1	2	0	0	0	0	0	1	1	0	1	0	0	1	1	0	0	0	1	0	0	1	0	0	0	0	0	0	0	0	0	0	1	0	0	0	2	1	1	0	0	0	1	1	0	2	0	1	2	2	0	4	6	8	1	3	8	5	1	2	5	4	2	1	3	2	4	4	2	0	1	0	1	1	1	1	1	0	2	0	1	1	1	1	0	1	0	0	0	1	2	1	0	1	1	1	2	1	0	1	1	1	0	0	1	0	1	0	0	0	0
0	0	0	0	0	0	0	0	0	1	0	1	1	0	1	0	0	0	1	0	0	0	0	0	0	0	1	0	0	0	0	0	0	1	1	0	1	0	0	0	1	3	0	0	2	0	0	0	0	0	1	0	0	1	0	0	0	1	0	0	0	1	0	1	0	0	0	1	0	0	1	0	0	0	0	0	0	0	1	0	1	0	3	0	0	0	1	0	0	0	2	1	1	1	1	0	1	0	0	0	1	0	1	0	1	0	2	0	1	0	1	0	1	0	0	1	1	1	1	0	0	2	1	2	1	0	1	0	2	1	1	3	2	2	0	2	1	2	1	2	0	0	0	0	1	0	0	2	0	0	1	0	1	0	1	0	0	0	1	0	0	0	0	1	0	0	0	1	1	0	0	1	0	0	0	0	1	1	0	0	0	0	0	0	2	1	0	1	0	1	0	0	0	0	0	0	0	2	2	2	1	1	0	1	1	0	0	0	0	0	1	0	0	1	0	0	1	0	1	0	2	3	1	4	0	0	0	1	1	0	0	2	0	0	0	1	1	0	0	1	0	0	0	1	2	0	0	0	1	0	0	1	0	0	0	0	0	1	0	0	2	1	1	0	0	2	1	0	2	1	0	0	1	1	0	1	2	0	1	1	2	1	0	1	2	0	0	2	1	3	0	1	0	1	1	0	2	1	0	2	3	2	5	6	4	6	5	1	6	18	15	20	13	11	9	6	5	6	3	9	14	20	25	16	15	59	0	17	9	9	6	4	2	4	3	1	3	1	0	0	1	0	6	4	5	1	4	3	2	2	0	2	0	2	1	1	1	2	1	0	1	0	0	0	0	0	0	0	0	0	0	0	1	0	0	0	1	0	1	0	0	0	1	1	1	1	1	0	1	0	0	0	0	0	0	0	0	0	1	0	0	0	2	0	0	0	0	0	1	0	0	0	0	0	0	0	0	0	0	0	0	0	0	1	1	0	1	2	3	5	3	5	5	6	6	3	3	3	5	3	0	4	3	3	2	1	1	1	1	1	1	0	1	0	0	0	0	2	1	1	0	1	1	0	1	0	1	0	0	0	0	0	1	1	1	0	0	1	0	1	0	0	1	0	0	1	0	0	0
0	0	0	0	0	0	0	0	0	0	1	0	0	1	0	0	1	0	1	0	0	0	0	1	2	1	2	1	0	0	0	0	3	0	0	0	1	1	2	1	0	1	1	1	0	0	0	1	0	0	0	0	0	0	1	1	0	0	0	0	0	0	1	0	0	1	1	0	0	1	1	0	0	0	0	0	0	0	1	0	1	1	1	0	0	1	2	2	1	2	0	0	0	0	0	0	0	2	2	1	1	1	0	1	2	1	0	3	1	0	0	1	2	1	1	0	1	2	0	0	1	1	0	1	1	3	4	1	3	3	3	3	2	4	1	3	1	0	0	2	0	1	0	0	1	0	0	1	1	0	1	1	0	1	0	0	1	1	3	0	0	0	0	1	0	0	0	1	0	0	0	0	0	0	0	0	2	1	0	0	0	2	0	0	1	0	0	0	0	0	2	1	0	1	1	0	1	0	0	0	1	0	0	0	1	0	0	3	0	0	0	0	3	1	0	0	0	1	2	2	2	1	3	3	0	0	0	0	0	0	0	0	2	1	0	0	0	0	0	1	0	0	0	0	0	0	1	0	1	0	0	0	0	0	0	1	0	1	2	1	0	0	0	0	1	0	1	0	2	1	0	0	0	0	0	0	1	1	0	0	1	0	1	2	1	0	2	1	1	3	3	1	2	2	1	0	0	1	0	2	2	1	3	2	3	6	2	1	2	2	6	8	7	4	10	7	3	2	9	12	22	20	10	3	7	8	17	0	71	20	7	5	5	7	3	4	0	2	0	0	1	0	1	6	2	3	1	2	4	1	1	0	1	0	0	1	0	0	0	1	1	0	1	0	0	0	0	1	0	0	1	0	0	1	0	0	1	0	2	0	1	1	1	0	0	0	2	0	1	0	0	0	0	0	0	0	1	0	1	0	0	1	3	1	0	1	1	0	0	0	0	1	0	0	0	0	0	0	0	0	0	0	1	0	1	1	1	2	0	2	4	3	1	1	2	7	5	5	4	5	5	0	0	4	1	0	4	1	1	0	2	0	3	3	2	0	0	0	1	1	2	2	0	0	0	1	0	0	0	1	0	1	1	1	1	2	0	0	0	0	0	0	0	0	0	1	2	0	0
0	0	0	0	0	0	0	1	0	0	1	1	1	0	0	0	1	2	1	2	0	0	1	1	0	0	2	0	0	0	0	3	0	1	3	1	1	0	2	2	0	1	2	0	0	0	1	0	1	1	1	1	0	1	0	1	0	0	0	1	0	0	0	0	0	0	0	0	0	1	1	0	0	0	0	1	0	0	0	0	0	1	0	0	1	1	1	1	0	0	1	4	0	2	1	0	0	0	1	1	1	0	0	1	0	0	1	0	2	3	0	4	0	0	1	0	1	1	1	2	0	1	1	2	1	0	0	2	1	1	2	4	2	1	3	5	0	1	1	1	0	1	0	1	0	0	2	0	3	1	0	1	1	3	3	1	0	2	1	1	1	0	0	0	0	0	1	0	1	1	0	0	1	0	0	0	0	0	0	0	0	1	0	2	0	0	0	0	2	1	0	0	2	1	0	1	3	2	0	0	0	0	0	0	0	1	1	2	0	0	1	1	0	1	0	1	2	0	0	0	0	1	0	0	0	0	1	0	0	1	0	0	1	0	1	0	0	0	1	1	0	0	1	0	0	1	1	1	1	0	0	0	1	0	0	0	0	0	0	0	0	0	1	0	0	0	0	0	0	2	0	1	0	2	2	0	2	0	0	0	0	1	0	1	2	0	1	0	1	2	0	3	1	0	1	0	0	2	2	1	0	2	4	0	0	2	8	3	4	1	9	2	4	8	6	8	2	2	8	13	22	14	12	8	6	6	9	71	0	92	15	7	6	14	3	5	2	6	2	1	2	0	1	5	1	1	3	2	3	4	0	1	2	0	2	0	0	0	2	0	1	0	1	1	0	1	0	0	0	0	0	1	1	0	0	1	2	1	1	2	0	1	0	2	0	0	0	1	0	2	2	0	0	0	0	0	0	0	0	0	1	0	0	1	0	0	0	0	0	0	0	0	0	1	0	0	0	1	0	0	0	0	1	0	1	1	0	2	1	3	1	4	4	3	3	2	8	4	5	1	3	1	0	1	3	2	1	3	3	3	1	0	0	0	0	0	2	2	0	2	1	1	2	0	0	0	1	0	1	4	1	0	1	0	2	1	4	0	0	0	1	1	0	0	0	1	0	1	0
0	0	0	0	0	0	0	0	0	1	1	0	0	0	2	0	0	0	0	2	2	2	0	1	0	2	1	0	0	0	0	0	0	0	0	2	0	2	1	0	1	0	1	0	0	5	0	0	0	0	0	2	0	0	0	0	0	0	0	0	0	0	1	1	1	0	0	0	0	0	1	0	0	0	0	0	0	1	0	0	0	0	0	0	1	1	0	2	2	2	0	1	3	1	0	1	0	0	0	1	0	0	0	2	2	1	1	0	2	0	1	1	2	1	0	0	1	0	2	1	2	0	1	0	2	4	4	3	5	0	3	4	2	1	2	2	1	1	1	1	0	1	1	0	0	0	0	1	0	1	2	0	0	1	0	0	2	2	0	1	0	0	0	0	0	0	0	0	0	0	0	0	1	1	0	0	1	1	0	1	2	2	1	4	0	0	3	1	0	2	1	2	3	0	0	0	3	2	2	0	2	1	0	0	0	0	1	2	1	0	0	0	1	0	1	1	0	1	1	1	2	1	1	1	2	2	1	0	1	0	0	0	1	0	0	0	1	0	1	0	0	0	0	0	0	0	1	0	0	0	0	0	1	1	0	1	0	1	0	0	0	1	0	2	2	0	0	1	2	1	1	0	1	1	0	0	4	0	0	1	1	1	2	1	3	2	0	1	2	1	1	0	2	2	2	1	0	2	3	0	1	3	2	2	2	2	5	7	7	6	10	4	3	2	6	4	3	1	5	3	10	5	6	3	1	2	9	20	92	0	39	15	10	10	3	4	2	1	2	1	0	3	5	2	1	1	0	0	2	0	1	2	0	0	0	1	0	1	2	0	0	1	0	1	0	1	0	1	0	0	1	0	1	0	0	0	2	0	1	0	0	0	0	0	0	0	0	1	1	2	2	0	1	0	0	0	0	0	1	1	1	2	0	1	0	1	0	0	0	1	0	1	0	0	0	1	1	1	0	0	0	0	0	0	0	0	2	2	1	5	6	3	0	0	3	4	10	3	6	6	3	2	0	3	0	4	3	1	2	1	2	3	2	2	5	4	0	1	0	0	0	1	1	0	2	1	0	0	1	0	0	0	1	1	1	0	0	3	1	0	0	0	1	0	0	2	0	1	1
0	0	0	0	0	0	0	0	1	0	0	0	0	0	1	0	0	0	1	0	1	1	0	0	0	2	0	1	0	0	0	1	1	3	1	0	0	0	0	0	1	0	0	0	0	0	0	0	0	0	0	0	0	1	0	0	0	0	0	1	1	0	0	0	3	1	1	0	0	1	1	0	0	0	0	0	0	1	0	0	0	1	0	1	2	0	0	1	1	0	0	1	1	2	2	2	3	1	0	0	2	0	0	1	0	1	1	1	5	1	1	0	1	0	0	0	1	0	2	1	1	1	0	0	1	2	0	1	1	0	2	2	2	1	1	0	0	1	1	0	1	2	1	2	2	0	2	1	0	0	0	1	2	0	0	2	2	1	0	0	0	2	0	1	0	0	0	0	0	0	0	1	0	1	0	0	0	0	0	1	1	0	1	2	0	2	1	1	2	2	2	2	4	4	0	4	3	2	1	1	1	1	1	2	0	1	1	2	1	2	1	0	2	0	0	0	1	1	4	4	1	1	1	1	2	1	0	0	1	1	2	2	1	1	0	1	0	0	0	0	0	0	2	1	0	0	0	1	1	1	1	2	0	1	0	0	0	1	0	0	0	0	0	0	0	0	2	0	0	1	0	0	0	1	0	2	1	0	0	1	0	1	0	1	2	2	1	0	2	1	1	2	1	2	2	1	0	2	2	2	0	1	3	2	3	1	5	0	3	3	3	3	4	0	7	3	0	1	1	4	1	6	3	5	2	2	6	7	15	39	0	70	26	19	7	5	5	1	4	2	2	5	2	4	1	1	1	4	1	2	0	1	1	0	1	1	0	0	2	1	0	0	0	1	0	1	1	1	0	0	2	2	0	0	0	0	1	0	1	2	1	0	0	2	1	1	1	0	1	1	0	0	1	0	0	1	1	0	0	0	0	0	0	0	0	1	1	0	0	1	0	0	0	0	1	0	0	0	2	1	1	1	1	0	1	1	0	1	1	3	4	3	1	0	2	1	7	1	11	4	7	2	0	0	0	4	2	1	2	2	3	4	2	2	2	2	2	4	2	0	2	2	0	0	1	1	0	2	1	1	1	1	1	0	0	1	0	1	4	0	0	0	3	0	1	0	1	1	1
0	0	0	0	0	0	0	0	2	1	0	0	0	1	0	0	1	2	0	1	1	1	0	1	0	1	0	1	0	1	0	0	0	0	1	2	0	1	2	1	1	1	1	3	0	0	1	0	0	0	0	0	0	1	0	0	0	0	1	1	0	0	1	1	0	0	1	0	0	0	0	0	0	1	0	1	0	0	1	1	0	0	0	0	0	1	0	0	0	3	0	0	2	0	0	0	1	0	1	0	0	0	0	0	1	1	1	0	0	3	1	0	0	0	1	0	1	1	3	1	0	1	0	2	2	0	0	3	0	2	0	0	0	0	0	0	2	1	2	0	0	3	2	1	2	1	2	0	1	2	1	1	0	2	0	1	1	0	0	0	0	0	0	0	1	0	0	0	0	1	0	0	0	0	2	0	0	0	2	1	0	1	1	0	0	0	1	0	2	0	2	1	1	6	3	2	3	2	1	2	1	2	0	1	0	1	1	2	1	0	1	0	0	0	0	2	1	1	2	1	1	3	0	0	0	1	0	1	2	0	2	1	0	0	1	1	0	1	0	0	0	0	0	1	0	0	0	0	1	2	0	1	1	1	0	3	1	0	0	0	0	2	1	1	0	1	1	0	1	0	1	0	2	1	1	2	0	0	0	0	0	2	1	1	1	1	0	1	3	3	2	1	1	0	1	0	1	1	1	1	5	0	3	2	1	6	4	2	5	2	2	3	1	2	4	1	2	1	2	2	4	6	2	1	1	1	4	5	7	15	70	0	100	28	9	4	1	4	0	2	0	4	6	1	2	1	0	4	5	2	1	0	0	2	0	0	1	2	3	0	1	0	0	0	1	0	0	1	0	1	0	1	0	0	1	2	1	0	2	0	2	1	1	1	1	0	2	0	1	1	1	0	1	1	0	0	1	1	2	0	1	0	0	1	1	0	0	0	0	1	1	1	0	1	0	0	1	1	0	2	2	3	1	1	1	1	1	2	1	2	8	4	1	2	3	5	9	12	13	6	2	4	3	0	6	3	3	1	0	5	4	7	12	7	2	2	4	2	0	0	1	2	2	0	1	2	0	0	0	3	1	2	0	0	0	0	0	0	1	1	1	0	1	0	1	1	1	0	0
0	0	0	0	0	0	0	0	0	2	0	0	2	2	0	0	0	0	0	2	0	1	0	2	1	0	0	0	1	0	1	0	2	3	0	2	1	0	2	0	1	0	0	1	0	0	0	1	2	0	1	0	0	0	0	1	0	0	0	0	0	0	0	0	0	0	1	1	0	1	0	0	0	1	2	0	0	0	1	0	0	1	0	1	1	0	1	3	2	1	0	2	3	5	0	2	1	0	0	0	0	0	2	0	0	0	1	0	1	2	4	0	0	0	2	0	0	0	0	0	1	0	1	2	3	0	3	1	0	0	0	1	1	2	1	1	0	3	0	0	1	3	2	1	1	1	0	0	3	0	0	1	0	1	0	1	1	0	4	1	1	1	1	0	1	1	0	1	1	1	1	0	1	1	1	0	0	1	3	0	1	2	1	2	0	2	0	1	0	1	5	2	3	3	1	3	3	1	0	1	0	0	2	0	0	0	1	2	0	1	1	1	1	3	2	3	4	2	4	1	2	4	3	2	1	1	0	1	0	2	0	4	0	0	0	1	0	0	1	0	1	1	0	0	0	0	2	0	0	0	1	1	0	0	0	0	0	0	0	1	1	0	1	0	0	1	1	1	1	0	1	1	0	2	0	3	2	0	0	0	0	0	2	0	0	2	0	1	2	0	1	1	2	2	5	0	0	1	7	1	1	0	2	1	3	0	2	1	3	4	3	4	2	2	1	3	6	2	1	1	4	1	1	2	1	0	2	5	6	10	26	100	0	45	14	5	7	2	3	3	4	1	4	4	0	2	3	3	2	2	3	1	1	0	0	1	0	0	0	1	1	1	0	0	0	2	0	0	2	0	0	3	0	1	0	0	0	0	0	1	1	2	0	3	1	1	0	1	1	0	0	0	0	1	0	0	0	1	0	2	3	0	0	0	2	2	0	0	0	0	0	0	1	0	0	0	2	2	0	1	0	1	0	0	1	2	2	2	3	4	9	12	1	2	5	5	10	13	20	5	1	1	5	4	13	5	1	4	0	3	0	13	7	10	3	2	4	1	1	2	2	3	3	1	7	6	3	2	3	1	0	0	0	1	0	0	0	0	1	2	4	2	1	1	1	0	2	0	0
0	0	0	0	0	0	0	0	1	0	0	0	0	1	0	0	0	0	0	1	0	1	0	1	0	0	0	0	0	1	2	0	0	0	1	0	0	0	1	0	0	0	0	0	0	0	1	1	0	1	0	0	0	1	0	1	0	1	1	0	0	0	0	0	0	0	0	1	0	0	0	0	0	0	0	0	1	0	0	0	1	0	1	0	1	0	0	1	2	1	1	1	1	1	1	0	1	2	1	1	0	0	2	2	1	1	1	2	2	1	0	2	1	2	1	2	2	0	1	1	0	2	2	0	6	0	0	4	0	2	2	1	0	2	0	1	2	1	1	0	0	2	1	0	0	1	3	1	3	0	2	1	0	1	1	2	1	0	2	1	1	0	0	0	1	0	0	0	1	0	1	1	0	0	0	0	0	0	0	0	0	0	1	0	0	0	1	2	1	0	1	1	3	1	1	2	3	1	1	0	0	3	1	0	0	0	1	2	0	2	0	0	2	2	1	2	1	2	3	2	0	0	0	1	1	2	0	1	1	1	1	0	0	0	0	0	0	0	1	0	0	0	0	0	0	0	2	1	0	1	1	0	0	2	0	2	0	0	0	0	0	0	0	0	0	1	0	1	1	1	1	0	1	0	4	0	0	0	0	0	2	0	1	2	4	1	1	2	1	2	1	0	1	2	2	3	1	3	2	2	0	2	1	3	2	2	8	13	7	4	9	1	7	2	4	2	1	2	2	5	7	4	3	0	5	1	4	7	14	10	19	28	45	0	44	14	13	6	2	3	2	4	3	3	1	1	5	0	1	5	1	1	1	0	0	0	0	0	1	0	0	0	0	0	2	2	2	0	0	0	0	1	1	0	0	2	0	2	0	1	0	0	2	3	1	1	2	0	1	0	0	0	1	0	0	1	0	1	0	2	2	0	0	2	2	0	0	1	0	0	0	1	0	0	0	1	0	0	2	0	1	0	0	0	2	1	3	1	0	3	3	6	2	3	4	2	15	6	8	3	1	1	2	2	5	3	0	2	3	3	2	4	7	4	8	1	1	7	1	1	0	3	3	0	2	1	2	1	3	0	0	0	0	0	0	1	0	0	1	1	1	0	0	0	1	3	0	0	0
0	0	0	0	0	0	0	0	0	0	0	0	1	0	1	1	0	0	1	0	0	1	1	2	2	2	1	2	0	0	0	1	0	1	1	0	2	3	1	1	1	1	0	1	0	0	0	0	0	0	0	2	1	0	0	0	0	1	0	0	0	0	0	0	1	2	0	0	1	0	0	1	0	0	0	0	0	0	0	0	0	1	0	0	0	1	1	1	1	0	1	0	1	3	4	1	4	2	1	1	1	1	0	1	0	1	0	0	1	0	7	2	3	0	1	1	0	2	2	0	0	4	0	0	5	4	3	6	1	2	3	1	4	0	3	1	2	4	7	1	3	2	2	0	4	1	3	0	1	1	0	0	2	0	1	0	1	2	2	0	1	1	0	0	0	0	3	2	0	0	1	0	0	0	0	0	0	3	0	3	1	0	2	1	0	1	1	3	3	0	2	1	2	1	3	4	4	3	0	1	1	0	1	2	4	4	2	2	4	2	3	1	0	1	2	1	2	4	2	3	3	1	2	2	3	0	0	0	1	4	1	0	1	0	2	0	0	0	1	0	0	0	0	0	2	2	1	2	1	0	0	0	1	2	0	0	0	0	0	0	0	1	0	0	1	0	2	0	1	0	1	0	2	2	0	1	0	0	0	0	2	1	6	3	8	4	1	1	2	1	3	1	6	4	1	1	2	0	2	2	2	6	2	1	6	6	21	9	7	3	8	3	3	4	10	2	3	3	3	1	4	4	1	3	1	1	3	3	3	3	7	9	14	44	0	41	15	12	11	21	7	14	20	7	4	7	6	4	6	1	2	1	1	0	2	1	2	0	0	1	0	0	0	1	0	1	1	1	2	1	1	0	0	1	0	2	0	0	1	2	0	1	2	0	0	0	1	1	1	0	0	1	2	1	0	1	0	0	1	0	2	0	1	0	1	0	0	0	1	0	1	0	0	0	0	0	0	0	2	2	1	0	0	2	1	0	0	1	1	1	14	9	7	2	4	7	4	12	2	4	1	1	1	6	1	2	2	0	3	1	3	1	4	6	5	4	1	5	2	1	2	2	0	3	1	5	3	2	1	0	0	2	1	1	2	1	0	0	0	1	0	0	0	0	0	1	2	0	1
0	0	0	0	0	0	0	0	1	0	0	0	0	0	0	2	0	2	0	1	1	2	0	1	3	1	2	2	0	0	3	1	3	1	2	1	2	1	1	1	2	7	0	1	1	1	1	0	2	1	0	0	0	0	2	0	2	0	1	1	0	1	0	0	0	0	0	0	1	1	0	1	0	0	0	1	1	0	1	0	0	0	0	1	0	1	2	0	1	0	2	4	2	4	2	3	2	0	2	4	0	0	0	3	7	1	3	2	6	0	3	4	2	2	2	1	0	1	4	4	0	1	3	1	5	5	5	9	4	1	8	3	5	2	1	0	1	1	3	4	0	2	0	3	3	6	1	1	0	0	2	0	0	1	1	0	2	5	0	0	0	3	2	0	0	1	0	1	0	1	0	1	0	0	0	1	2	2	1	1	1	2	1	1	0	3	0	3	2	2	4	2	2	1	3	3	6	1	0	2	2	1	1	1	1	2	1	2	1	7	0	0	1	0	0	3	2	2	0	3	3	2	4	3	1	2	0	1	1	2	2	2	0	0	0	0	0	1	0	0	1	1	0	0	1	0	1	1	3	0	0	0	1	0	0	0	1	0	4	0	0	0	0	0	1	2	0	0	2	2	1	2	3	0	1	1	1	0	0	1	0	2	3	3	5	1	0	4	0	5	2	5	4	4	1	0	2	2	1	0	8	4	5	5	3	11	9	10	8	1	4	4	4	2	1	2	2	0	2	3	1	5	0	2	2	0	1	4	5	4	5	4	5	14	41	0	46	21	20	37	11	13	16	5	1	3	1	4	5	3	3	0	1	1	1	0	1	1	1	0	0	2	1	0	1	0	0	0	0	0	1	1	0	1	0	2	0	0	1	0	1	1	1	0	0	1	1	1	1	0	2	0	1	0	0	2	0	0	1	0	0	0	0	0	0	0	0	0	1	1	0	0	0	2	1	0	1	1	0	0	1	2	1	0	3	1	0	0	2	2	4	3	1	1	1	0	1	3	7	2	4	0	2	1	4	2	1	0	4	3	3	1	3	3	3	1	2	5	2	0	1	0	3	0	2	3	1	2	3	0	0	1	0	1	0	1	0	1	0	0	0	2	1	0	0	1	0	1	0
0	0	0	0	0	0	0	1	2	0	0	1	1	1	0	0	0	1	0	1	2	2	1	1	0	4	2	1	2	2	0	2	2	2	0	0	0	6	3	6	3	2	1	0	1	0	1	3	3	0	0	0	0	3	2	1	0	0	1	0	1	0	1	0	0	0	0	1	0	0	1	0	0	0	1	0	0	1	1	1	0	0	0	0	2	1	1	0	4	1	2	3	3	1	1	1	1	2	0	0	0	1	1	2	3	4	5	4	3	0	5	2	4	2	1	4	2	2	5	6	2	2	4	5	3	9	7	6	1	0	5	4	1	1	1	1	3	8	3	0	3	2	2	1	2	0	1	3	1	0	0	0	2	0	0	0	2	1	1	2	0	0	0	1	0	3	0	3	3	1	1	2	1	0	0	2	4	1	1	1	0	0	3	1	0	1	3	1	2	2	5	2	2	2	1	4	2	0	1	1	0	0	0	0	1	0	0	1	2	1	2	0	0	0	0	1	1	1	2	1	0	1	2	1	1	2	0	0	0	1	4	0	0	2	0	0	0	3	1	1	0	0	0	0	0	1	0	0	0	0	3	2	0	0	3	0	0	2	1	0	0	0	0	0	0	1	0	1	2	2	0	0	0	0	1	1	1	1	1	0	1	3	1	3	2	1	2	2	4	2	0	3	2	2	2	1	3	4	5	6	3	4	6	1	1	4	4	9	4	2	2	3	4	6	4	3	1	2	0	4	4	0	2	1	1	0	3	0	2	2	5	1	7	13	15	46	0	151	24	14	9	4	4	1	3	3	2	3	1	2	0	3	0	0	1	0	2	0	2	1	0	0	1	2	1	1	0	1	0	0	0	0	0	1	1	0	0	0	0	1	2	1	0	0	1	0	0	3	0	1	2	1	0	0	0	0	0	0	0	0	0	1	1	1	1	0	0	0	0	0	0	0	0	0	0	0	0	0	0	2	0	0	0	0	1	1	1	3	0	4	2	4	1	1	2	1	1	0	2	1	4	4	2	0	4	3	0	2	1	1	2	2	4	2	3	0	2	2	2	0	1	0	1	1	1	0	0	0	0	0	0	2	0	1	0	0	1	0	0	1	1	0	1	0	1	0	1	1	2
0	0	0	0	0	0	0	1	1	0	0	2	0	1	0	1	1	1	0	4	3	2	1	2	3	3	0	1	3	1	1	1	0	2	0	5	3	6	3	3	4	0	1	2	0	2	0	0	2	0	1	0	0	1	1	0	0	0	0	1	1	0	0	1	0	0	0	0	1	0	0	1	0	0	0	1	0	2	0	1	0	1	1	0	2	1	2	1	3	0	4	2	2	2	2	2	3	0	1	0	0	1	3	1	2	5	2	1	1	2	6	6	4	1	2	3	3	3	4	5	3	6	3	6	14	5	12	13	6	5	3	6	6	3	7	5	3	8	3	7	0	1	0	3	4	2	1	2	1	1	0	0	3	0	2	7	0	1	1	2	1	1	0	1	0	0	1	1	1	1	1	2	0	1	1	0	2	2	1	2	0	0	3	1	2	1	1	0	2	6	2	1	2	0	2	1	0	0	3	0	0	1	1	2	2	1	0	0	0	1	0	1	0	3	0	3	2	1	3	2	0	1	1	1	2	2	0	0	1	0	1	0	0	1	0	1	0	0	0	0	0	1	1	0	1	2	1	0	2	0	2	1	0	1	0	2	1	0	0	1	0	2	1	0	0	0	0	0	1	0	0	0	0	0	1	1	1	0	0	1	1	1	2	1	1	0	1	0	1	4	2	3	4	5	4	2	4	3	5	11	7	4	6	5	5	2	4	7	2	1	2	3	2	5	6	2	2	0	3	4	5	1	3	2	2	1	1	2	6	1	1	4	2	6	12	21	151	0	26	17	16	5	2	4	4	2	4	0	3	2	1	1	3	1	1	0	0	1	1	0	2	0	0	0	2	1	0	0	0	1	2	0	2	1	0	0	0	0	1	1	0	1	0	0	1	0	1	0	2	1	1	1	0	0	0	0	0	0	0	0	2	0	0	0	0	0	0	0	2	1	0	0	0	0	1	0	1	0	0	0	0	3	0	1	0	0	0	2	0	1	2	4	3	4	3	1	0	1	3	1	2	0	2	2	1	4	1	0	1	2	0	2	2	2	2	0	2	1	1	2	2	1	0	0	0	1	0	1	2	0	0	0	0	0	2	0	0	1	0	1	1	1	1	0	0	2	0	0	0
0	0	0	0	0	0	0	1	1	0	0	1	0	1	1	2	1	0	0	1	0	2	0	0	3	0	1	1	1	0	0	3	2	5	2	4	1	1	8	8	0	4	2	2	1	0	1	1	1	0	0	2	1	1	1	0	0	0	2	0	1	1	0	1	1	0	1	0	0	0	0	0	1	0	0	1	0	0	0	0	0	2	1	1	1	0	3	1	1	1	3	6	6	4	1	2	5	3	1	0	1	7	2	2	4	7	6	2	5	4	9	12	4	5	7	9	5	0	13	3	5	3	7	2	8	8	5	12	1	1	0	5	1	1	6	3	2	3	9	5	3	0	7	2	2	3	5	1	2	0	0	1	1	1	3	7	5	6	4	1	1	1	5	1	2	3	2	4	0	0	4	1	1	2	2	2	0	1	2	2	0	0	1	1	3	2	0	3	3	2	1	2	4	1	3	1	5	1	4	3	3	0	1	2	2	2	3	1	5	0	0	1	1	3	1	0	0	1	2	0	2	2	3	4	1	0	0	0	1	0	2	2	1	0	1	0	1	0	1	0	0	0	2	0	0	0	0	1	5	3	0	0	2	1	2	0	1	0	2	3	0	0	0	2	1	0	0	1	1	0	1	1	1	1	1	1	0	2	1	0	0	2	2	1	1	1	2	2	2	4	4	4	4	6	3	3	3	8	8	6	5	8	9	5	4	6	3	7	1	1	4	0	3	2	2	2	2	0	1	2	0	1	1	2	3	1	0	0	2	2	4	0	3	2	11	20	24	26	0	45	21	10	8	2	1	3	1	1	2	2	1	0	0	1	0	0	1	0	0	1	0	0	1	0	0	0	0	0	0	0	0	1	0	0	0	0	1	0	2	1	1	3	3	1	1	1	1	0	0	0	3	0	0	0	0	0	0	1	0	0	0	1	1	1	0	0	0	0	0	0	0	1	1	0	0	0	0	0	1	2	1	1	1	0	0	1	0	1	0	1	1	1	2	1	1	3	0	2	0	2	2	0	2	1	1	0	0	1	1	2	4	0	0	3	3	6	1	0	0	1	1	1	2	2	1	1	1	1	1	0	1	0	2	0	0	0	1	1	0	0	1	0	1	0	0	0	1	0	3
0	0	0	0	0	0	0	0	0	2	0	1	1	2	0	0	1	0	0	0	2	1	0	2	2	1	2	1	0	2	1	0	0	1	1	1	0	1	4	4	1	0	1	0	1	0	0	2	0	0	0	1	0	4	1	0	0	1	0	0	0	1	0	0	1	2	0	0	0	0	0	0	0	1	0	0	0	0	0	0	0	0	0	0	0	1	3	0	1	2	3	2	8	5	7	3	2	0	1	1	1	1	1	3	2	4	2	3	1	2	4	3	2	2	4	3	2	4	4	1	1	0	2	2	4	3	13	16	3	4	6	1	0	0	4	3	2	3	11	7	3	1	3	8	2	2	6	3	3	0	0	3	2	4	5	3	3	7	5	3	0	2	2	0	1	0	6	0	0	2	1	2	0	1	1	1	1	4	1	3	1	2	0	3	0	3	1	2	6	6	6	4	7	1	3	4	2	3	1	5	0	4	1	0	2	3	1	6	0	5	2	2	1	0	0	1	1	1	3	0	2	2	4	3	3	1	1	0	1	4	0	1	1	0	2	0	0	2	0	0	1	0	1	1	1	0	1	2	1	5	2	0	0	2	0	1	0	0	1	1	1	1	1	0	1	0	0	1	1	0	2	2	1	1	0	3	2	1	0	1	2	2	2	3	3	7	0	3	6	5	2	5	3	4	2	2	5	9	9	11	7	5	6	4	3	3	8	9	6	2	4	2	4	5	3	2	1	0	1	1	3	0	2	0	0	2	0	0	1	1	2	2	3	3	21	37	14	17	45	0	70	29	16	9	6	3	0	1	5	1	2	2	0	2	2	0	2	2	0	0	0	0	1	0	1	0	0	0	0	0	0	0	0	0	0	0	0	1	1	1	1	2	0	0	1	1	0	1	0	0	2	1	0	0	0	1	0	0	0	2	0	2	0	1	0	1	1	0	0	0	0	0	0	0	0	1	0	0	0	0	0	1	0	0	0	0	0	2	0	2	7	2	4	1	3	2	7	3	2	1	3	4	0	1	3	2	1	0	1	3	2	2	2	8	4	5	1	4	4	3	1	1	5	1	1	1	0	3	0	0	1	0	0	0	0	2	0	0	0	0	0	0	1	0	0	0	1	0	0
0	0	0	0	0	0	0	1	1	1	1	0	1	1	0	0	0	1	1	2	1	1	0	2	0	1	1	1	0	0	1	0	3	0	1	3	2	3	5	6	1	1	1	1	2	0	0	0	0	1	0	1	1	0	0	1	2	1	0	0	0	0	2	0	0	1	1	2	0	1	1	1	0	0	2	0	1	0	0	0	0	1	0	1	0	0	0	0	3	1	2	1	8	6	0	3	3	3	1	0	1	1	2	4	2	4	2	5	1	3	9	6	6	0	4	4	4	1	9	2	2	0	0	4	13	6	9	14	9	3	1	1	3	2	3	3	2	8	19	8	5	7	5	12	7	13	7	2	2	1	0	2	1	2	6	3	4	3	9	2	2	1	0	1	4	2	3	2	3	1	0	2	1	2	2	2	2	3	1	2	1	2	0	0	1	0	2	1	3	3	3	2	4	0	1	2	4	5	3	2	3	2	3	0	2	2	4	2	2	1	2	2	2	2	2	0	1	2	0	3	1	0	8	2	4	1	0	0	1	2	2	5	2	1	1	2	0	0	3	2	1	0	0	1	3	2	5	3	1	3	2	2	1	1	3	0	1	0	0	3	0	0	0	3	1	0	0	2	1	3	1	0	0	1	2	1	1	1	2	4	1	0	5	1	1	13	6	6	2	6	8	2	4	4	10	2	7	16	25	14	6	4	5	1	3	1	7	5	3	1	2	0	1	3	3	2	2	1	1	1	1	2	2	0	2	0	1	1	2	0	2	0	4	2	7	11	9	16	21	70	0	33	17	8	1	5	2	1	3	1	7	3	2	0	1	1	0	0	0	0	1	0	0	1	1	1	2	1	1	1	1	2	0	0	2	1	0	0	0	0	0	1	2	0	0	0	0	0	3	0	0	0	0	1	1	1	0	1	0	0	0	0	0	0	0	2	0	1	1	0	2	1	1	0	0	1	1	1	1	0	3	0	2	1	0	1	1	2	0	2	6	8	2	1	3	3	1	1	0	0	1	1	4	2	2	4	1	2	2	0	2	1	1	4	1	3	2	1	2	2	0	0	0	2	2	0	4	1	0	1	1	0	0	0	1	2	0	0	0	3	1	0	1	0	0	1	2	0	0
0	0	0	0	0	0	0	1	0	0	1	0	0	0	1	0	2	1	3	0	0	0	1	0	0	1	0	0	0	0	0	1	0	3	1	2	1	0	2	0	1	2	1	1	0	0	1	0	1	0	3	0	1	0	0	1	3	0	1	0	0	0	0	1	0	0	0	2	1	2	1	0	0	1	0	0	1	0	0	0	0	1	0	0	0	0	1	0	1	2	3	3	4	12	4	3	3	1	0	1	1	2	5	2	1	0	0	2	5	2	3	3	1	1	1	4	2	4	2	1	1	1	1	0	2	2	4	5	1	3	2	2	0	2	2	0	1	2	7	4	5	2	6	4	6	12	12	2	1	1	1	2	2	3	7	5	5	7	1	1	1	2	3	2	1	1	0	2	0	1	2	0	0	3	2	1	3	3	0	3	0	1	1	2	0	0	3	4	1	3	1	8	1	3	1	1	2	3	3	3	2	1	3	0	1	5	4	1	4	6	2	2	0	1	1	1	3	3	4	5	1	6	12	5	6	5	4	3	1	3	4	1	3	1	0	3	1	2	2	2	1	1	1	0	1	2	2	5	5	10	4	4	1	3	1	1	1	0	3	1	0	0	1	0	0	1	1	0	2	3	1	0	0	5	3	2	3	0	2	2	7	3	8	5	7	10	4	5	9	18	6	8	5	6	6	6	5	10	34	16	19	5	4	2	4	2	10	15	1	3	3	2	3	3	3	2	2	2	0	2	0	2	2	1	2	1	0	0	0	3	5	4	1	4	14	13	4	5	10	29	33	0	51	16	1	2	5	3	5	7	3	5	3	0	0	1	0	0	2	2	0	0	0	1	1	2	1	0	0	0	1	1	1	2	0	1	0	0	0	3	2	1	2	1	0	0	1	3	0	4	0	1	0	1	1	0	3	0	0	0	1	0	1	0	0	0	1	0	0	0	1	1	0	0	1	2	3	0	0	2	0	3	2	1	3	0	1	1	4	4	7	5	7	9	0	1	3	3	1	1	4	1	3	5	1	2	0	4	2	0	1	0	4	7	11	7	4	5	4	5	1	1	3	1	0	3	4	0	1	1	0	0	0	0	1	1	0	1	1	1	0	0	0	1	1	0	0	0	1
0	0	0	0	0	0	0	0	1	0	1	0	0	0	1	0	0	0	2	2	2	0	0	0	0	1	0	1	0	2	2	0	4	0	0	1	1	2	3	2	0	2	0	0	0	0	3	0	0	0	1	0	0	1	1	2	0	1	2	0	0	1	0	0	0	0	0	0	0	2	0	0	1	0	0	0	1	0	0	0	0	1	1	1	2	2	1	1	1	0	1	0	2	4	3	2	0	1	0	0	0	0	0	2	1	0	2	0	1	1	2	2	2	0	2	1	3	3	1	1	2	4	4	2	2	4	7	7	7	7	5	2	1	1	4	5	5	3	6	2	1	1	1	3	3	4	1	2	3	0	0	3	0	2	6	4	4	5	1	1	0	0	0	2	0	1	0	0	1	1	2	1	1	1	0	2	1	2	1	2	1	0	1	1	1	0	0	2	2	2	3	6	0	2	1	2	2	1	2	1	3	1	5	1	1	0	1	1	4	8	2	0	2	0	1	0	1	2	5	1	0	6	7	4	2	4	2	1	1	3	3	2	3	1	1	0	1	0	1	1	0	0	0	1	0	1	1	3	3	6	0	0	0	2	1	0	0	1	1	1	1	0	1	1	0	2	2	2	0	0	0	1	5	1	4	2	2	2	0	4	1	1	5	7	14	5	4	7	17	6	3	9	7	5	4	1	3	6	13	13	23	10	6	6	9	8	11	21	5	4	2	2	3	4	4	0	0	0	1	1	2	4	1	0	2	2	6	1	1	5	2	6	4	3	20	16	4	2	8	16	17	51	0	37	9	10	5	4	9	3	7	4	2	2	0	0	0	1	0	1	1	0	0	0	0	0	1	0	0	0	3	0	1	0	0	0	0	0	0	1	0	0	5	0	0	1	1	0	0	2	0	1	0	1	0	1	0	2	0	1	0	0	1	0	2	0	1	1	0	1	2	0	0	0	0	0	1	0	1	1	1	2	0	3	1	0	1	4	0	6	11	5	9	3	2	4	6	5	6	3	0	4	4	2	3	1	0	0	0	0	3	1	1	6	4	4	1	5	5	3	1	2	0	1	3	4	2	2	1	3	0	1	0	1	0	1	0	2	2	2	0	0	2	0	0	0	0	1	1
0	0	0	0	0	0	0	0	0	0	0	0	0	0	0	0	0	0	1	0	1	0	0	1	2	0	0	0	0	0	0	3	0	1	1	1	1	2	0	2	0	0	0	0	0	1	0	1	0	0	0	0	0	0	1	0	2	1	1	0	0	1	0	0	0	0	1	2	2	0	0	0	0	0	0	0	0	0	1	0	0	0	0	0	3	0	1	0	0	0	0	0	4	2	1	0	2	0	1	1	0	2	1	3	0	1	2	4	2	1	2	2	1	0	0	2	0	0	1	1	1	0	0	2	2	4	4	9	4	4	1	2	1	3	3	1	1	3	3	1	3	2	1	0	5	3	3	0	0	3	1	0	1	2	4	2	0	2	2	0	0	0	0	2	1	4	1	3	0	0	1	3	3	1	1	0	0	0	1	1	0	1	0	0	0	0	1	0	1	1	1	2	2	0	1	1	1	2	1	4	0	1	0	0	1	1	1	2	1	0	0	2	0	2	2	0	3	1	3	0	3	3	4	1	3	1	3	1	1	2	3	3	0	2	1	2	0	0	0	0	1	0	1	1	0	1	0	1	2	5	0	0	0	1	0	2	0	1	2	1	1	0	0	2	1	0	1	2	0	0	3	2	0	1	1	3	3	0	1	1	3	3	3	11	27	6	3	11	16	14	14	25	5	7	6	3	2	7	13	7	19	14	9	4	11	11	14	7	6	4	7	5	4	3	6	1	1	3	3	1	5	4	3	1	2	3	4	6	5	2	4	1	4	3	7	5	1	4	2	9	8	16	37	0	27	19	13	8	5	9	7	8	1	3	1	3	1	4	1	1	1	1	1	1	1	0	1	0	0	0	0	0	0	0	0	0	1	0	0	0	1	0	0	2	0	1	1	2	0	4	0	0	0	2	0	0	1	1	0	1	0	0	0	1	1	1	0	1	0	0	1	0	2	0	0	0	0	1	0	0	0	1	1	3	1	0	2	2	5	9	4	13	10	7	6	5	4	5	2	3	2	1	3	2	4	2	2	1	1	5	1	0	0	4	12	2	1	3	4	1	2	0	3	0	1	3	2	2	5	2	2	2	0	1	1	1	2	2	0	0	0	1	0	0	1	0	0	1	2
0	0	0	0	0	0	0	0	2	1	0	0	0	0	0	0	0	0	1	0	3	0	0	0	0	2	2	0	0	0	1	1	1	1	0	0	1	1	1	0	0	1	3	0	2	0	1	0	1	1	0	1	0	1	0	0	1	0	0	0	0	0	0	1	0	0	1	0	0	0	0	0	0	0	0	0	0	0	0	1	1	1	1	1	0	1	0	0	1	0	0	0	0	0	1	0	0	1	0	0	1	1	0	3	1	0	2	1	1	2	0	1	1	3	2	1	0	1	1	2	3	1	1	1	3	4	2	3	4	7	6	4	4	2	1	0	1	6	2	4	1	3	1	2	2	0	3	0	1	2	0	1	1	2	0	1	2	2	2	0	0	2	0	1	0	0	1	0	0	0	0	1	0	1	0	0	0	0	0	2	1	0	1	0	1	0	2	1	0	0	2	2	0	0	2	2	0	3	1	1	0	0	1	0	0	1	1	0	0	1	1	1	0	2	0	1	0	1	3	0	0	0	0	3	5	0	3	3	0	1	1	2	3	1	0	0	1	1	0	0	0	0	0	0	1	1	1	2	2	1	1	1	0	1	2	1	0	0	1	1	1	0	0	2	0	1	2	1	0	1	1	3	4	2	2	4	2	2	0	0	2	4	5	10	18	7	7	4	11	16	9	30	10	3	4	2	4	3	2	8	13	11	8	6	7	17	9	9	4	6	1	2	2	3	3	0	2	1	1	2	0	4	1	0	4	3	5	2	1	1	1	2	0	1	4	1	3	4	1	6	1	1	9	27	0	66	24	8	2	5	12	10	5	2	2	1	1	3	0	0	0	0	0	1	2	0	0	2	0	1	0	0	1	0	0	0	0	2	0	1	3	0	1	1	1	0	0	1	0	0	0	1	0	1	0	1	0	1	0	0	0	1	0	1	1	1	0	0	0	1	0	0	0	0	1	0	0	0	0	1	2	1	3	1	1	1	0	8	7	8	9	22	21	13	3	5	3	1	0	3	5	3	3	7	1	1	1	1	3	0	1	3	0	4	2	1	2	5	3	4	2	0	0	2	1	2	3	0	1	1	1	0	1	1	0	2	0	0	1	2	0	0	0	0	0	2	1	0	2
0	0	0	0	0	0	0	0	0	1	0	0	0	1	0	0	1	0	1	3	1	0	0	0	1	0	1	0	0	0	0	1	0	0	1	0	1	2	1	1	1	0	0	0	0	0	0	0	0	0	0	0	0	0	1	0	1	0	0	0	2	0	0	0	0	0	0	0	0	0	0	0	0	0	0	0	0	1	1	0	0	0	0	0	0	0	0	1	0	0	0	2	1	2	1	3	1	0	0	0	2	0	1	3	2	2	1	1	0	3	3	5	0	2	0	2	0	0	1	1	0	0	1	0	2	2	1	1	2	0	1	0	1	2	4	3	0	1	4	0	3	2	1	1	0	3	2	2	1	1	0	1	1	2	0	2	1	2	0	1	0	1	1	0	0	1	2	1	1	0	2	0	0	0	0	3	0	1	1	0	0	0	0	0	0	0	0	1	0	0	3	3	1	0	3	2	3	2	1	1	0	3	2	0	2	0	1	0	2	2	3	1	2	1	1	1	1	1	1	1	0	4	4	1	4	3	1	1	1	2	2	0	2	2	1	0	0	0	0	0	1	1	1	0	2	3	1	4	0	3	1	0	0	0	2	1	1	1	1	1	1	1	0	0	1	0	1	0	0	1	1	0	3	0	3	3	1	2	3	1	3	3	5	6	22	9	7	11	10	7	5	21	5	1	2	1	2	2	1	2	9	4	3	4	3	9	1	3	3	4	6	4	3	6	1	0	0	1	2	0	4	1	0	1	1	1	1	3	1	1	1	1	2	1	7	3	3	2	3	3	5	2	10	19	66	0	133	21	5	5	27	12	10	3	1	1	1	1	0	1	1	0	0	2	1	1	0	1	1	1	1	0	1	0	0	0	0	0	1	1	2	0	0	0	1	2	3	0	0	0	1	0	0	0	0	0	0	0	0	0	3	0	1	0	0	0	0	0	1	1	1	0	0	2	2	2	1	0	1	0	3	3	0	0	4	1	1	1	9	18	19	8	20	34	9	3	3	5	5	4	1	2	6	3	0	1	3	2	3	2	4	1	3	2	3	3	6	3	4	3	4	2	6	1	5	2	1	4	0	1	1	0	1	1	1	0	0	0	0	1	1	0	0	0	0	2	0	0	0
0	0	0	0	0	0	0	0	0	0	0	0	1	1	1	0	0	0	0	0	1	1	1	0	1	0	0	1	0	2	0	1	0	0	0	0	0	1	0	0	0	0	0	0	0	1	0	0	2	1	0	0	1	0	0	0	1	1	0	0	1	1	0	0	0	0	0	0	1	0	0	0	0	0	0	0	1	0	1	1	0	0	0	0	0	0	0	0	1	0	0	1	1	0	2	0	1	0	0	0	0	0	0	1	0	0	2	0	1	1	0	1	1	1	1	1	1	0	1	1	3	0	1	0	2	0	1	0	0	2	3	1	1	1	0	1	0	1	1	1	0	0	1	3	1	0	2	0	1	1	2	2	2	0	4	0	3	3	1	2	0	0	0	0	1	0	0	2	1	0	0	0	0	0	1	1	1	1	1	0	1	2	0	1	0	0	2	0	1	1	0	4	0	1	1	0	1	6	1	1	0	1	4	1	1	0	3	0	1	1	0	1	0	1	2	0	2	0	2	2	3	2	3	2	1	4	4	0	1	0	1	1	1	1	1	1	0	1	0	1	1	0	0	0	0	0	2	3	4	2	1	0	1	1	1	3	2	1	2	1	1	1	1	1	2	0	1	1	0	0	1	1	0	1	0	6	0	1	1	0	2	1	8	8	22	1	3	6	12	6	1	12	9	2	4	6	2	1	5	2	7	2	5	0	9	1	9	2	3	7	5	4	3	0	1	1	2	1	1	0	5	0	0	3	1	2	4	1	3	0	1	0	3	5	6	1	2	4	1	0	2	5	5	13	24	133	0	51	17	11	43	11	17	2	2	0	4	2	3	2	0	2	2	1	0	0	0	0	0	2	2	1	0	0	0	1	1	1	0	0	1	0	0	0	0	0	1	0	0	0	1	1	0	0	0	0	0	0	2	0	2	1	1	2	0	0	0	1	0	1	1	0	0	0	0	0	2	1	0	1	0	1	1	2	3	2	2	2	20	33	19	14	15	46	9	9	5	2	3	4	4	6	9	3	5	1	4	2	1	3	0	0	1	4	0	3	4	8	8	6	1	3	3	4	1	4	6	2	2	3	2	0	0	0	0	1	0	0	0	2	1	1	2	1	0	1	0	1	0
0	0	0	0	0	0	0	0	0	0	1	0	0	0	0	0	1	1	1	0	0	0	0	0	0	1	0	2	0	2	1	0	1	1	0	1	2	0	2	0	0	2	1	0	0	1	0	0	0	0	0	0	0	0	0	0	0	1	0	0	0	0	0	0	0	0	0	0	0	0	0	0	0	0	0	0	0	0	0	0	0	0	0	0	1	0	0	0	1	0	0	2	0	1	1	0	0	0	1	0	0	0	0	1	0	0	1	0	1	0	2	1	0	1	0	2	0	1	1	0	0	1	1	0	1	1	1	1	1	0	1	0	1	4	4	0	1	3	0	0	1	2	1	1	1	1	2	0	0	1	1	2	0	1	1	1	3	2	1	0	0	2	1	0	0	0	1	0	0	1	0	0	0	0	0	1	0	0	0	0	1	0	0	0	2	0	0	2	4	2	2	2	1	2	1	1	1	4	2	2	1	1	0	1	0	1	0	1	2	1	3	0	2	0	0	1	3	3	3	0	7	7	5	5	10	1	0	1	5	1	1	2	0	1	2	2	0	0	0	1	1	0	0	0	1	0	0	4	1	1	1	0	0	1	1	1	2	0	1	2	0	1	1	0	1	0	2	3	2	4	1	1	2	4	1	10	4	4	1	2	3	3	6	3	15	2	2	2	9	3	1	10	3	3	2	0	4	1	3	2	1	1	1	1	2	7	3	0	2	4	2	1	1	2	0	0	3	1	0	2	2	1	3	1	1	4	3	2	2	0	4	4	3	0	4	4	3	0	1	1	1	3	4	8	8	21	51	0	24	40	25	11	14	2	1	0	3	1	0	0	2	0	2	1	1	1	2	2	1	0	1	0	2	0	2	1	6	1	3	3	0	2	2	2	4	2	0	2	0	0	4	2	0	1	2	0	0	0	0	0	0	2	0	0	1	0	0	2	0	0	0	1	0	1	0	1	3	3	1	1	2	0	1	6	0	3	4	3	32	83	19	13	5	23	15	6	2	8	5	7	15	3	2	7	11	3	3	2	8	3	2	1	4	3	3	2	0	9	8	4	2	2	4	5	5	15	11	3	3	0	0	1	1	0	2	2	1	1	1	0	1	0	0	0	0	0	1	0	0
0	0	0	0	0	0	0	2	0	0	0	0	0	0	0	0	0	1	0	0	1	0	0	1	1	1	0	2	0	0	3	2	0	1	0	1	2	0	1	0	0	0	0	0	0	0	1	1	0	0	1	1	0	0	0	0	0	0	0	0	0	1	0	0	0	0	0	0	1	0	0	0	0	0	0	1	0	0	1	0	0	0	1	1	2	1	0	1	0	1	1	0	3	4	3	1	2	3	2	1	3	1	0	0	0	0	3	0	0	0	1	0	1	0	1	0	0	0	1	1	0	1	0	2	2	3	0	4	0	1	0	1	1	1	2	0	2	1	2	0	1	3	0	1	3	8	4	1	4	0	1	2	0	1	1	2	1	0	2	0	0	0	0	1	1	1	3	3	1	0	1	1	2	1	2	3	1	0	0	1	0	3	2	0	3	0	0	2	2	0	1	4	2	3	6	0	6	4	0	4	3	1	1	1	2	2	2	1	2	3	5	2	2	1	2	1	3	3	4	6	9	6	13	6	5	7	4	5	2	3	2	2	0	0	1	1	2	1	0	0	0	0	0	1	4	1	1	0	4	3	0	0	0	0	0	1	1	2	0	1	1	0	0	2	1	2	0	2	0	1	5	2	2	3	4	6	1	5	2	2	2	6	10	7	7	4	0	1	10	3	4	3	2	2	2	0	1	0	2	1	5	2	1	1	5	5	3	5	1	2	2	0	0	1	0	0	0	3	4	1	0	4	2	0	1	1	2	4	3	2	1	5	2	1	6	5	1	3	2	5	3	5	9	5	2	5	17	24	0	66	10	6	14	4	2	2	2	3	1	2	1	3	0	1	1	0	0	2	1	1	3	0	1	1	0	0	1	1	2	3	4	5	1	2	0	2	0	0	2	1	5	2	0	0	1	0	1	0	0	1	3	1	1	1	1	2	1	1	0	0	0	0	1	1	1	2	2	1	2	2	1	4	2	3	1	5	4	10	11	16	10	4	4	10	7	6	4	13	2	3	10	1	9	17	15	7	2	7	6	12	5	2	3	11	16	4	8	23	8	6	6	6	11	2	9	15	9	3	3	0	2	2	0	0	0	0	0	1	0	1	1	0	1	1	1	2	1	0	1
0	0	0	0	0	0	0	0	1	0	0	0	0	0	0	0	0	0	0	2	1	1	0	0	2	0	0	0	0	1	0	0	2	1	0	0	1	0	1	0	1	0	2	0	0	0	1	1	0	0	1	0	0	0	5	0	0	2	0	0	0	0	0	1	0	0	0	0	0	0	1	0	0	0	0	0	0	0	1	0	0	0	1	1	0	0	0	0	0	2	0	1	0	2	1	3	2	0	1	0	0	1	1	0	1	1	1	0	1	1	0	2	0	2	2	0	2	0	0	0	0	1	0	1	2	3	0	2	1	2	2	1	3	0	0	0	0	1	2	0	1	0	3	2	2	5	4	5	2	1	3	2	1	3	2	3	1	0	4	1	0	0	2	1	3	0	1	1	0	1	0	0	0	0	0	1	1	1	2	1	0	0	0	0	0	0	1	1	1	3	4	2	0	4	1	6	3	2	1	1	0	2	1	0	2	5	3	3	2	2	1	1	2	3	1	3	3	2	5	4	12	12	9	6	9	2	5	0	3	2	1	2	0	0	2	0	0	0	0	1	0	1	0	0	0	1	1	8	3	2	1	3	2	0	1	3	3	3	1	1	2	1	1	4	1	1	2	2	2	1	1	2	1	6	5	7	4	5	2	5	2	3	8	7	6	4	3	6	9	3	3	5	4	2	1	2	1	0	1	3	2	3	1	2	1	2	6	2	0	2	2	1	1	1	2	1	0	0	1	1	0	1	0	2	0	0	2	1	4	0	2	2	2	5	1	3	2	2	2	1	1	7	3	9	5	5	11	40	66	0	23	17	42	7	2	3	3	2	9	1	2	2	4	0	2	2	1	0	1	0	0	0	0	1	0	1	1	2	0	1	1	0	3	1	0	3	1	2	0	2	1	1	0	0	1	1	0	1	4	1	2	1	1	3	0	1	0	0	0	0	1	1	0	1	1	3	0	1	0	5	1	1	2	3	7	5	5	17	17	15	6	3	4	11	4	6	3	8	2	6	3	2	7	10	10	3	1	3	8	8	3	3	3	8	8	4	6	29	10	11	4	11	15	6	15	32	18	7	3	2	2	4	2	2	2	1	0	1	0	3	2	1	1	0	0	2	1	2	1
0	0	0	0	0	0	0	0	0	0	0	0	0	1	1	0	0	0	1	2	0	0	0	0	1	1	0	0	0	0	0	0	0	0	1	0	1	1	1	0	0	2	2	0	0	0	0	0	0	0	0	0	0	0	1	0	0	0	1	0	0	0	0	0	0	0	1	0	0	0	0	1	0	0	1	0	1	0	0	0	0	0	0	0	0	1	0	1	0	1	0	0	1	2	0	0	0	2	0	1	2	0	0	0	1	0	1	1	0	2	0	1	0	0	0	2	1	2	0	0	0	0	0	1	1	1	3	0	2	3	1	0	0	2	1	0	3	2	1	1	1	2	4	2	3	4	2	2	0	0	1	1	1	1	2	2	3	0	2	1	0	2	0	1	2	0	2	1	0	2	0	0	1	1	1	1	1	1	0	0	1	0	0	0	0	1	1	3	0	1	0	5	1	0	3	0	3	1	5	0	0	1	1	0	2	1	3	1	1	2	2	0	1	0	0	0	1	3	4	4	3	5	6	2	5	3	3	2	2	2	3	3	2	1	0	4	2	0	0	0	1	1	0	0	1	2	3	3	4	4	1	2	1	1	1	2	3	1	1	0	2	1	0	1	0	1	1	0	2	6	3	0	2	4	3	9	5	2	3	4	2	8	12	10	14	7	2	6	7	4	4	12	1	2	4	0	4	1	3	2	2	1	3	1	0	7	2	0	0	5	3	2	3	2	0	3	2	0	1	0	2	1	1	2	1	1	0	1	0	1	0	1	3	1	2	3	0	1	1	2	7	3	7	7	12	27	43	25	10	23	0	37	34	1	3	3	2	2	1	2	2	0	1	1	0	1	1	1	0	0	3	0	0	3	1	1	3	2	0	1	3	1	3	3	2	1	1	2	1	0	1	0	1	1	1	0	0	0	0	2	1	0	0	2	1	1	0	0	1	0	0	0	0	0	1	0	2	1	0	2	1	1	7	0	3	5	4	7	16	11	6	11	9	15	8	5	1	5	4	4	6	0	8	4	3	2	4	2	5	4	2	0	2	1	3	3	3	6	7	10	5	4	11	3	3	9	5	4	3	5	2	3	4	0	1	0	2	0	2	1	1	0	2	0	1	1	0	0	0
0	0	0	0	0	0	0	2	0	0	0	0	0	1	0	1	0	0	1	0	0	1	0	0	0	0	1	0	0	1	1	1	0	0	0	1	2	0	2	0	1	0	2	1	1	0	0	0	0	0	0	0	1	0	0	1	0	1	0	1	0	0	0	0	0	0	0	0	0	1	0	0	0	0	0	0	1	0	0	0	0	1	0	0	0	0	0	0	0	0	0	1	1	4	2	3	0	1	1	1	0	1	2	2	1	1	2	0	1	4	0	0	2	0	1	0	3	1	0	0	2	2	2	0	0	2	0	2	1	1	0	2	3	0	0	3	1	2	3	1	0	5	0	4	1	2	3	0	4	0	1	0	1	4	1	1	3	3	1	2	0	0	0	0	1	2	0	1	3	0	0	0	0	0	2	1	2	1	0	0	0	1	0	1	1	1	4	1	3	0	0	3	2	2	2	1	0	2	1	2	3	2	1	0	3	3	1	1	2	0	2	0	1	2	0	0	2	2	6	7	4	12	5	8	3	7	1	4	4	3	2	1	0	0	0	2	0	0	1	1	0	0	0	0	0	4	4	3	6	1	1	2	0	0	0	3	4	2	2	1	2	0	1	0	1	1	3	1	3	3	5	1	2	4	3	6	7	6	3	4	4	19	33	18	20	9	6	18	20	2	3	10	4	3	1	3	4	1	6	0	5	2	3	1	4	2	1	2	2	0	0	4	0	2	5	0	2	2	0	0	1	1	1	2	0	2	2	0	1	2	1	0	1	1	1	0	3	1	0	2	3	5	4	8	10	12	11	11	6	17	37	0	26	6	0	0	3	2	3	2	1	1	0	0	1	1	0	0	1	0	1	1	1	0	0	0	0	1	2	3	1	0	3	2	3	0	1	1	1	2	1	0	1	1	1	1	0	0	0	0	0	0	0	1	0	0	1	0	0	1	3	0	2	1	0	2	2	0	0	0	3	3	2	7	9	6	5	8	2	3	4	0	2	6	1	6	1	5	1	1	4	0	1	3	4	3	1	1	5	2	2	2	1	4	3	5	2	8	20	14	7	4	4	4	7	8	9	4	2	1	3	1	1	4	2	0	1	1	3	0	0	1	2	0	1	2	0	3	0
0	0	0	0	0	0	0	2	0	0	0	0	0	0	0	0	0	0	0	0	0	0	1	0	1	0	0	0	0	0	0	1	0	1	0	0	0	1	0	0	0	0	0	0	1	0	0	0	0	0	0	0	0	0	0	0	0	0	1	0	0	0	0	0	0	0	0	0	0	0	0	0	0	0	0	0	0	0	0	0	0	1	0	0	0	1	0	0	0	1	1	3	1	3	0	1	0	0	4	0	0	1	0	1	2	1	0	2	0	0	1	0	2	0	2	1	0	0	0	0	0	0	2	1	0	0	3	0	2	0	0	0	1	1	1	1	1	0	1	1	0	2	1	1	2	1	5	3	0	1	3	1	2	1	2	0	0	1	1	2	0	0	1	2	1	2	2	1	1	0	0	0	0	0	1	2	0	1	0	3	0	0	1	0	2	2	3	0	0	0	2	5	1	1	4	4	2	3	0	0	2	1	1	1	1	1	1	1	2	1	1	2	1	0	2	1	3	2	1	4	10	10	8	6	4	5	4	5	2	1	4	3	0	0	1	2	4	0	2	4	1	0	1	1	0	2	1	2	1	5	3	0	1	2	0	0	1	3	1	0	1	0	4	1	1	2	2	0	3	3	4	6	4	6	11	8	6	1	0	2	4	5	7	6	6	10	2	3	5	2	4	4	2	1	2	2	4	2	1	1	4	1	2	1	4	2	1	1	4	0	1	1	0	3	1	1	0	1	1	0	0	1	1	1	2	1	0	1	2	0	1	0	1	1	1	1	0	3	0	0	2	3	2	1	5	10	17	14	14	42	34	26	0	6	3	4	3	1	2	2	1	3	3	0	4	1	3	1	2	1	1	1	3	1	0	1	1	1	3	4	4	1	1	0	1	0	2	1	1	1	1	0	0	0	1	0	0	1	2	1	3	1	4	1	1	0	0	0	1	1	0	1	0	1	2	1	2	2	1	2	4	5	3	10	14	12	12	40	13	4	5	2	2	4	3	9	4	0	2	6	2	0	3	4	5	3	4	2	6	3	1	1	0	1	5	2	3	18	53	34	9	11	16	11	10	21	11	8	5	1	1	0	2	1	0	1	1	0	3	1	3	1	0	1	0	2	3	1	2
0	0	0	0	0	0	0	0	0	0	0	0	0	0	0	1	0	0	0	0	0	0	0	0	0	0	0	0	0	0	0	0	1	0	0	1	0	0	0	0	0	0	0	0	0	0	1	0	1	0	1	0	0	1	0	1	0	0	1	0	1	0	0	0	1	0	0	0	0	0	0	0	0	0	0	0	0	0	0	0	0	0	0	0	0	0	0	1	0	0	0	0	1	1	1	3	0	0	0	0	0	0	0	1	2	2	1	1	1	2	0	0	2	0	0	0	0	0	0	0	0	0	0	0	0	1	1	2	1	1	1	0	0	1	0	0	0	0	0	1	1	0	1	0	2	1	4	3	2	2	1	3	1	1	0	1	1	1	1	0	0	0	0	0	0	1	0	1	1	0	1	0	1	0	0	0	0	1	0	0	0	0	1	0	0	0	0	0	0	2	1	1	1	1	2	4	2	2	1	2	1	1	1	0	2	0	2	0	2	0	1	1	3	0	0	1	1	3	3	5	7	4	0	3	3	1	2	2	1	0	2	0	1	1	2	1	1	0	1	1	2	1	1	1	1	1	1	2	1	0	0	0	2	2	3	1	4	4	2	0	3	2	0	3	1	1	2	2	1	7	9	9	6	7	3	5	5	4	4	2	2	1	0	0	3	2	0	0	0	2	1	0	1	3	1	0	1	0	2	1	0	1	1	1	0	1	2	1	0	0	1	0	2	2	1	0	0	0	0	2	0	0	3	0	0	1	2	0	0	0	0	2	0	0	0	1	0	1	1	2	0	0	2	3	2	3	2	2	4	7	1	6	6	0	30	132	62	22	15	10	18	14	8	6	7	2	3	1	3	4	0	1	3	1	0	1	3	4	8	2	5	3	2	0	3	3	1	2	2	0	3	1	0	3	3	0	0	3	1	6	13	9	4	3	1	1	3	0	1	1	0	1	1	3	3	1	6	0	3	10	14	15	32	8	10	31	25	9	4	4	1	1	3	2	2	0	0	0	1	4	1	2	4	7	3	3	2	3	5	8	2	3	0	0	3	1	2	5	7	4	25	21	14	22	13	9	3	8	4	6	3	7	4	1	1	1	1	2	3	2	2	1	0	0	4	3	2	1	1
0	0	0	0	0	0	0	0	0	0	0	0	0	0	0	1	0	1	0	0	0	0	0	0	0	0	0	0	0	0	0	1	0	1	0	1	2	0	0	0	0	0	1	0	0	0	0	0	2	0	1	0	1	0	0	0	0	0	0	0	0	0	0	2	0	0	0	1	0	0	0	0	0	0	0	0	0	1	0	0	0	0	0	0	0	0	1	0	1	0	0	2	1	0	1	0	2	1	1	0	1	1	0	0	0	0	0	0	0	0	0	1	1	0	0	0	1	0	0	0	0	0	2	1	1	0	1	2	0	1	0	0	0	0	1	1	1	1	0	2	2	1	0	1	0	0	0	2	6	1	1	0	2	0	1	1	1	1	1	0	1	2	2	0	0	0	0	0	5	2	1	0	0	0	0	1	1	0	0	1	0	0	0	0	0	0	2	0	1	3	1	2	0	1	2	1	0	1	3	0	3	1	0	0	1	2	0	0	4	1	0	0	2	1	0	0	3	6	4	2	4	6	1	3	0	1	3	1	3	1	1	1	2	2	0	0	1	0	1	0	1	0	2	1	0	0	0	0	1	1	1	2	2	0	0	1	4	1	0	0	0	1	0	2	0	0	2	0	1	3	5	4	0	3	5	2	1	1	2	1	0	0	1	1	0	0	1	0	1	2	2	1	1	0	0	0	0	0	0	0	0	0	0	1	1	0	0	0	0	2	1	1	1	3	0	0	1	1	0	0	0	0	1	0	1	0	1	0	2	0	1	0	0	0	2	1	1	1	0	2	1	0	0	1	2	1	2	1	2	2	3	0	3	30	0	39	20	21	34	21	44	6	10	7	5	1	5	0	1	2	4	2	2	3	3	4	7	9	12	16	6	3	4	2	2	1	2	8	5	4	3	3	0	0	0	3	2	0	7	4	16	13	7	4	2	2	1	2	2	4	1	2	0	2	6	2	2	5	2	6	7	13	14	3	5	12	12	11	2	1	1	1	2	1	1	1	0	0	2	0	1	2	3	4	4	0	2	4	11	3	4	1	4	1	1	0	4	4	2	4	11	10	10	14	11	3	5	15	6	11	7	2	8	3	1	2	2	5	3	4	2	1	2	1	3	0	5	6	2
0	0	0	0	0	0	0	2	0	0	0	0	0	1	0	0	1	0	0	1	0	0	0	0	0	0	0	1	0	0	0	1	0	0	1	0	0	0	1	1	0	1	1	0	0	0	1	0	0	0	0	0	1	0	0	0	1	1	1	0	0	0	0	0	1	0	0	0	0	0	0	0	0	0	0	0	0	0	0	0	0	0	0	0	0	0	1	1	0	0	0	1	1	1	3	0	1	0	0	0	0	0	0	2	0	1	0	0	0	4	1	0	0	0	0	1	0	0	0	1	1	0	0	0	0	1	0	0	0	0	0	0	1	0	0	0	0	0	2	0	0	0	1	0	0	0	2	0	1	4	3	1	0	0	0	1	0	0	1	0	0	0	1	0	0	0	0	0	1	2	0	0	1	0	0	1	1	0	0	0	0	0	3	2	1	2	0	2	0	1	3	2	3	3	0	3	0	1	2	0	2	1	0	0	2	2	2	2	1	0	4	0	0	1	2	1	1	1	2	4	3	3	0	2	2	2	3	2	4	1	0	0	1	0	2	1	0	0	1	0	2	0	2	1	3	1	2	2	0	2	0	0	2	0	1	2	3	6	4	3	2	1	0	1	1	2	2	2	1	6	4	7	6	6	5	7	2	3	1	4	1	3	1	1	2	1	5	2	0	1	3	1	1	1	0	0	0	0	1	2	0	2	0	1	1	1	2	1	1	3	0	1	0	0	1	0	1	1	2	0	0	0	0	0	0	1	1	1	0	1	1	0	1	0	1	0	0	0	0	0	1	1	0	3	1	1	0	0	2	3	3	0	4	132	39	0	72	24	6	19	42	16	23	10	15	4	2	1	4	3	1	3	1	3	0	2	3	6	6	6	3	0	3	2	0	3	1	1	4	2	4	1	1	5	3	5	2	4	4	14	8	15	4	7	2	2	1	1	0	2	3	0	1	2	6	3	7	3	3	9	13	19	31	7	8	23	13	2	5	3	0	2	3	1	3	0	3	1	0	0	3	1	3	4	1	1	0	0	6	2	2	3	0	1	0	3	6	6	7	5	12	6	10	7	7	8	5	3	4	8	6	2	5	4	1	6	0	3	2	6	0	1	2	1	1	2	2	0	3
0	0	0	0	0	0	0	0	0	0	0	0	1	0	1	1	0	0	1	0	0	1	0	0	0	0	1	0	0	0	0	0	1	0	0	0	0	0	0	0	0	0	0	1	0	0	1	0	0	0	0	0	0	0	0	1	2	0	0	0	0	0	1	0	0	0	0	0	0	0	0	0	0	0	0	0	0	0	0	0	1	0	0	0	0	0	1	0	0	1	0	0	0	1	0	0	1	1	0	0	2	0	0	0	0	0	0	1	2	0	0	1	0	1	0	3	1	0	0	1	2	1	0	0	0	0	1	0	1	0	0	0	1	1	0	2	0	0	0	0	2	1	0	2	0	1	0	2	1	1	1	2	0	0	0	0	0	0	1	1	0	0	1	0	1	1	0	0	0	0	0	0	1	1	0	0	1	1	0	0	0	0	0	0	1	0	0	0	0	1	1	2	0	2	2	0	1	2	0	0	1	0	1	0	0	3	0	1	1	0	2	0	0	1	1	1	3	4	2	1	0	1	2	2	1	1	4	1	1	1	1	2	0	0	0	0	1	0	0	0	1	0	1	1	1	1	0	2	0	0	0	0	1	0	0	6	5	1	0	0	0	0	1	3	0	1	4	1	4	3	2	8	7	3	2	5	2	2	2	3	2	5	3	1	0	0	1	0	3	0	1	0	0	1	0	1	0	3	0	0	0	1	0	1	1	0	0	0	0	0	0	1	0	1	1	0	0	0	0	1	1	0	1	0	1	2	1	0	0	0	0	1	0	0	2	1	2	0	1	2	0	0	0	1	1	1	4	3	2	3	2	3	3	62	20	72	0	21	7	21	24	17	11	3	4	2	4	1	4	4	1	2	1	1	2	4	4	3	7	4	2	0	4	0	1	1	1	2	4	5	0	1	1	1	4	2	2	0	1	1	4	4	5	4	5	0	0	0	0	0	4	1	0	4	1	2	6	2	2	6	8	8	14	7	7	24	8	6	4	1	1	0	1	3	0	1	0	2	0	0	0	1	1	0	4	2	1	4	4	3	1	2	0	2	0	3	2	2	6	5	15	12	5	11	8	4	3	3	1	8	7	7	3	3	3	1	3	1	3	5	4	1	1	2	4	0	0	5	1
0	0	0	0	0	0	0	0	0	0	0	0	0	0	0	1	1	0	0	0	1	1	0	0	0	0	0	0	1	0	0	0	1	0	0	1	0	0	0	0	0	0	0	0	0	0	1	0	0	0	0	0	0	0	0	0	0	0	0	0	0	1	0	0	0	0	0	0	0	1	0	1	0	0	0	0	0	0	0	0	0	1	0	1	0	1	0	1	0	0	0	2	1	1	0	2	1	0	1	0	0	0	1	0	0	0	0	1	1	1	0	0	1	0	0	1	1	0	1	1	0	0	1	0	0	0	1	0	0	0	0	0	0	0	1	0	0	0	0	0	1	0	0	0	1	1	0	2	1	1	0	1	4	2	2	1	0	3	1	0	1	1	0	1	0	0	1	1	0	0	0	0	1	1	3	2	0	1	1	1	0	1	0	0	0	0	0	2	1	0	1	2	0	1	0	2	1	0	1	0	1	1	1	0	2	1	2	0	0	1	1	0	1	0	0	0	1	5	1	0	2	4	1	2	6	2	1	1	1	0	1	1	0	1	1	0	0	0	1	1	1	0	0	0	0	1	1	1	0	1	0	0	0	0	2	1	2	1	0	0	1	1	1	2	1	2	1	3	1	3	2	0	1	1	3	2	2	2	0	1	1	2	1	1	0	1	1	1	1	0	0	0	0	0	0	0	1	0	0	1	0	3	1	0	0	0	1	0	2	1	0	0	0	0	1	0	0	1	1	0	1	0	1	0	0	0	2	0	0	1	0	2	0	0	0	1	0	1	0	2	0	0	1	4	3	1	2	1	3	2	2	2	1	22	21	24	21	0	26	94	21	15	7	0	4	0	2	2	2	4	4	1	1	1	2	1	11	9	10	5	1	4	3	2	1	5	2	3	2	0	4	0	0	1	1	1	0	4	3	6	7	8	3	2	1	0	1	3	1	2	1	0	1	1	5	1	2	0	5	4	10	8	9	4	6	6	3	7	2	0	1	1	1	1	1	2	2	1	0	1	1	3	7	3	1	2	2	4	2	3	3	0	1	0	2	0	3	4	1	3	12	14	9	15	6	6	6	5	11	5	14	15	5	3	1	0	3	2	2	2	3	6	1	2	4	2	7	4	0
0	0	0	0	0	0	0	0	0	0	0	1	0	0	0	0	0	0	0	0	0	1	0	0	1	0	0	0	0	0	0	2	0	1	0	0	1	0	1	0	0	1	0	0	0	0	0	0	0	0	0	0	0	0	0	0	0	0	0	0	0	0	0	0	0	0	0	1	0	0	0	2	0	0	1	0	1	0	0	0	0	0	0	0	0	0	0	0	0	1	0	0	0	0	0	0	0	0	0	1	0	0	0	0	3	0	0	0	1	1	0	0	0	0	0	0	1	1	0	1	0	1	0	2	2	1	1	2	0	0	1	0	1	1	1	1	1	0	0	1	1	1	1	0	0	1	0	4	0	3	1	0	1	0	1	1	2	1	0	0	1	0	0	1	0	0	0	0	1	1	0	1	0	0	2	0	0	2	0	1	1	0	0	0	0	0	0	0	1	0	0	1	1	2	1	0	3	0	0	1	1	0	2	0	1	1	3	1	2	1	1	2	0	0	0	2	0	2	0	5	2	3	0	1	2	0	1	0	1	5	0	0	0	0	0	0	1	2	1	1	0	0	0	0	0	1	0	0	0	1	1	0	1	4	0	2	0	1	0	0	1	2	3	0	2	0	0	2	0	3	3	2	0	5	2	6	4	2	0	3	0	0	0	1	0	0	0	0	2	0	1	0	2	0	1	1	0	0	0	1	0	0	0	0	0	0	2	0	0	0	1	3	2	0	0	0	0	2	0	0	0	0	0	1	0	0	1	0	2	2	2	3	0	1	0	1	2	1	0	0	0	2	0	1	0	0	3	0	1	9	1	3	2	15	34	6	7	26	0	33	27	8	6	4	6	3	4	1	4	2	3	1	1	3	2	7	10	34	42	5	3	5	2	2	0	5	7	7	4	1	4	3	5	1	3	7	2	3	7	7	7	13	4	4	0	5	1	1	2	5	0	0	2	3	5	2	2	0	3	1	10	7	4	5	3	5	5	3	5	2	2	1	0	1	1	4	1	2	1	2	0	2	3	3	2	4	3	5	5	4	4	0	2	4	1	2	3	4	4	0	4	5	3	6	4	3	5	9	7	10	7	12	3	1	2	5	4	2	2	11	7	2	6	3	6	10	8	8	2
0	0	0	0	0	0	0	0	0	0	0	0	2	0	0	0	0	0	0	1	1	0	0	1	2	0	0	0	0	0	0	0	0	0	0	0	0	0	0	0	0	0	1	0	0	0	0	0	0	2	0	0	0	0	0	0	0	0	1	1	0	0	0	0	0	0	0	1	0	0	0	0	0	0	1	0	0	0	0	0	0	0	0	0	0	0	0	0	0	0	0	1	1	0	0	1	2	0	0	0	0	0	1	0	0	0	1	1	2	0	0	0	1	0	0	1	0	0	0	0	2	0	0	0	0	0	0	1	1	0	0	0	0	0	1	0	0	0	0	0	0	1	0	1	1	0	0	1	2	2	3	1	0	0	0	1	0	1	1	0	0	0	0	0	2	0	1	0	0	0	0	0	1	0	0	2	0	1	0	4	0	0	0	0	0	0	1	0	0	1	1	0	1	1	2	2	2	3	1	3	1	1	0	0	0	0	1	0	0	1	0	0	0	1	2	2	0	3	0	1	3	2	0	1	2	2	0	1	0	1	2	0	0	0	0	0	0	0	0	0	0	1	0	2	0	0	1	1	3	0	0	0	0	2	4	1	1	2	1	2	0	1	1	1	2	0	1	1	3	3	2	0	0	5	2	3	0	1	1	1	4	4	2	1	1	1	1	2	0	1	0	1	0	1	0	0	0	0	0	0	0	2	1	0	0	1	0	0	0	1	0	0	0	0	0	0	0	0	0	1	1	0	0	0	0	2	0	1	0	0	1	0	1	0	1	0	1	0	1	0	0	2	1	1	0	1	2	0	2	1	2	2	2	10	21	19	21	94	33	0	34	12	9	11	6	3	2	2	1	3	2	0	0	1	1	8	10	12	8	4	1	3	2	3	3	4	4	1	4	2	1	1	2	2	3	6	3	3	9	7	6	3	1	5	4	1	3	1	0	0	1	1	2	2	0	2	3	0	0	7	7	6	2	4	6	3	3	1	1	0	2	0	0	0	0	0	0	2	3	1	1	3	3	4	3	1	4	7	5	2	2	0	1	2	1	2	0	1	2	3	2	0	5	5	6	2	3	6	4	9	9	14	8	7	1	5	3	2	1	4	7	4	3	3	5	2	8	6	3
0	0	0	0	0	0	0	1	0	0	0	0	0	1	1	0	0	0	1	0	0	0	0	1	0	0	0	0	0	0	0	0	0	1	0	0	0	1	0	0	0	0	0	1	0	0	1	0	0	0	0	0	0	0	0	0	1	0	1	0	0	0	0	0	0	0	0	0	0	0	0	0	0	0	0	0	0	0	0	0	0	0	0	0	0	0	0	1	0	0	0	1	1	1	0	0	0	0	0	0	0	0	0	0	0	0	0	1	1	0	0	0	0	0	1	0	0	0	0	0	0	1	0	1	0	0	0	0	1	0	1	0	1	0	0	0	0	0	2	1	0	0	0	1	1	0	1	2	2	1	4	0	2	1	1	0	0	2	0	0	0	1	0	1	0	0	0	2	1	0	1	0	0	1	1	1	1	2	0	0	1	0	1	1	0	0	0	0	1	0	1	1	0	1	1	1	3	0	1	2	2	1	0	0	1	1	0	0	2	1	0	0	1	0	1	3	1	6	2	4	4	3	1	2	2	3	6	5	1	0	0	0	2	0	2	2	0	0	0	0	2	0	1	0	1	0	1	1	1	2	1	0	1	2	2	1	1	1	0	1	3	3	1	0	1	0	5	4	1	1	6	1	1	4	5	3	2	0	1	2	1	4	2	0	2	3	0	2	0	0	2	2	0	0	0	0	0	0	0	0	0	1	1	1	1	2	0	1	1	0	1	1	0	1	0	0	0	0	1	0	0	1	0	1	0	0	1	1	1	0	0	1	1	0	0	0	0	2	0	0	1	0	1	1	0	1	0	2	1	2	2	1	1	18	44	42	24	21	27	34	0	38	19	14	9	5	6	3	7	2	8	1	2	4	3	4	8	16	10	8	1	3	1	3	2	5	4	2	5	4	8	4	3	2	4	2	0	7	6	20	22	24	11	7	5	3	3	2	1	1	2	4	3	3	2	8	5	6	6	9	10	13	12	4	7	8	6	4	3	2	1	1	0	1	1	2	2	2	1	1	1	3	1	1	2	1	1	3	5	2	1	2	3	1	3	1	3	2	0	3	3	9	4	9	8	7	3	7	4	4	4	4	4	1	2	2	1	3	5	4	3	2	2	4	5	6	3	6	2
0	0	0	0	0	0	0	1	0	0	0	0	0	0	0	0	0	0	0	1	0	1	0	0	0	0	0	0	1	2	0	0	0	0	0	0	1	1	1	1	0	1	0	0	0	0	0	0	1	0	0	0	1	0	0	0	0	0	0	1	0	0	1	0	0	0	0	0	0	0	0	0	0	0	0	0	0	0	0	0	0	0	0	1	0	0	1	1	0	0	0	0	0	0	0	0	0	1	0	1	0	0	0	1	1	1	0	1	0	0	1	0	0	2	1	0	0	2	0	0	1	0	0	0	0	0	1	1	1	0	0	0	1	0	0	0	0	0	0	0	0	0	1	0	1	0	0	2	3	3	2	0	0	1	2	1	0	1	0	0	1	0	0	0	0	1	0	2	0	1	0	0	0	0	0	1	1	0	0	0	0	0	0	0	0	0	0	0	1	2	1	0	0	0	1	1	1	1	0	0	1	0	0	0	0	3	3	0	1	2	0	1	1	0	1	1	0	0	0	0	4	1	1	0	1	1	1	1	3	1	2	1	1	1	1	1	1	0	0	0	0	3	1	1	2	0	1	1	1	1	4	2	4	1	2	1	3	1	1	1	4	0	3	2	1	1	0	4	1	2	3	4	3	2	3	3	0	3	1	3	2	2	2	0	2	1	0	4	0	0	0	1	0	0	0	0	0	0	0	1	1	0	0	0	1	0	1	2	1	1	2	2	1	1	0	1	2	0	0	0	0	2	2	0	0	1	0	0	0	1	0	0	1	0	0	2	0	0	0	0	0	0	0	1	0	0	2	0	3	2	0	1	3	14	6	16	17	15	8	12	38	0	35	25	12	7	6	4	7	6	2	1	5	4	2	12	5	5	6	5	1	3	0	1	1	3	1	4	3	1	5	1	0	1	4	3	1	1	6	17	14	9	7	2	1	3	1	2	5	7	5	2	1	2	3	4	6	8	2	5	8	8	13	3	7	7	4	4	1	1	0	1	1	2	1	0	1	1	1	0	1	1	3	1	1	2	1	2	5	1	0	0	1	1	1	2	3	0	6	1	5	4	3	3	2	3	4	3	3	2	4	7	4	0	1	1	1	3	2	0	4	1	2	1	3	1	10	2	1
0	0	0	0	0	0	0	0	0	1	0	0	0	1	0	0	0	0	1	0	0	1	0	1	0	0	0	0	1	0	0	0	0	1	1	0	1	0	0	0	0	0	1	0	0	0	0	1	0	1	0	0	0	0	0	0	0	0	0	0	0	0	0	1	1	0	0	0	0	0	1	0	0	0	0	0	0	0	0	0	0	0	1	1	1	0	0	1	0	0	1	1	0	1	1	0	0	1	0	2	1	0	0	1	0	0	1	1	0	0	0	0	2	0	0	0	0	0	0	0	0	0	0	0	1	1	0	0	0	2	0	0	1	0	0	0	0	0	0	0	0	1	2	0	1	1	1	2	3	0	3	0	1	0	3	1	1	0	0	0	1	1	0	0	1	2	0	0	0	1	0	0	0	2	0	0	2	0	0	0	0	0	0	1	0	3	0	1	2	0	0	3	0	0	1	3	1	2	0	0	1	2	0	1	2	1	1	1	1	0	0	0	0	0	1	1	3	3	0	1	1	1	3	1	2	0	0	6	5	2	1	1	0	2	1	2	0	1	1	3	0	0	1	1	0	2	1	1	2	0	0	0	1	3	1	4	4	2	4	5	2	2	4	2	1	2	3	3	3	7	4	8	5	1	3	3	2	3	2	0	2	0	4	1	0	1	0	1	1	2	1	1	0	1	0	0	1	0	0	0	1	2	0	0	0	0	0	1	0	1	0	0	0	0	0	0	1	0	0	0	0	1	1	0	1	0	0	1	1	0	0	0	0	0	0	1	1	0	1	1	0	0	0	1	0	0	2	2	0	4	1	0	3	8	10	23	11	7	6	9	19	35	0	156	92	15	12	2	12	6	10	5	4	8	2	9	3	6	2	4	1	1	3	0	1	1	0	0	3	1	2	2	2	6	3	4	2	0	7	16	30	17	4	5	2	1	4	1	2	8	4	5	2	5	6	16	6	6	8	21	10	16	10	5	0	4	11	2	1	0	1	1	2	2	1	1	1	1	1	0	3	1	1	0	2	0	1	1	3	1	0	1	0	1	1	2	2	1	1	2	2	4	2	3	2	2	2	3	4	2	2	3	0	1	3	1	2	1	0	3	0	2	2	3	1	1	2	2	3
0	0	0	0	0	0	0	0	0	0	0	0	0	1	0	0	0	0	0	0	0	0	0	0	0	0	0	0	0	0	0	0	0	0	0	0	0	0	0	0	0	1	0	0	0	0	0	0	0	1	0	1	0	0	1	0	0	0	0	0	0	0	0	0	0	0	0	0	0	0	0	0	0	0	0	0	0	0	0	0	1	0	0	0	0	0	0	0	0	0	0	0	0	3	1	0	0	2	2	0	0	1	1	1	0	0	0	0	1	0	0	1	0	0	1	0	1	0	0	0	0	0	0	0	0	0	0	1	1	0	0	1	0	0	0	1	1	0	0	0	0	0	1	0	0	3	0	1	2	1	3	2	0	0	1	1	1	0	2	0	1	2	0	0	0	0	2	2	0	0	1	0	0	1	1	2	0	0	1	1	0	0	2	0	1	1	1	0	1	2	2	0	1	1	1	0	0	1	0	2	2	0	1	0	0	1	2	0	1	0	1	0	3	1	0	0	3	1	1	1	3	1	3	0	0	2	1	4	7	0	3	2	2	0	0	2	1	0	0	1	2	1	0	1	0	1	0	0	0	1	0	2	3	0	2	1	2	1	1	2	3	0	0	3	3	3	0	2	3	4	2	6	3	3	1	2	2	1	0	2	1	1	1	3	1	3	1	1	2	0	0	0	0	0	0	1	0	1	0	1	0	0	1	0	0	0	0	1	0	1	0	0	0	0	0	0	0	0	1	0	0	0	0	1	1	0	0	0	1	1	1	0	0	0	1	0	2	0	0	0	1	1	0	1	1	2	1	1	1	0	1	0	0	6	7	10	3	0	4	11	14	25	156	0	32	12	21	7	24	20	15	7	5	7	9	8	6	3	3	5	5	3	1	1	1	3	1	1	3	3	2	3	1	3	7	2	4	1	10	23	41	15	7	3	2	9	0	1	5	1	7	2	2	3	7	21	7	7	2	11	13	6	1	3	3	18	2	2	2	0	1	0	1	1	0	3	2	1	0	2	1	0	0	2	1	2	0	1	1	2	2	1	0	1	2	0	2	6	3	2	1	2	3	4	3	3	0	3	1	3	2	0	0	1	2	0	3	1	0	2	3	2	1	2	1	2	1	4	5
0	0	0	0	0	0	0	0	0	0	0	0	0	0	0	0	0	0	2	0	1	0	0	0	0	1	1	0	1	0	0	0	0	0	0	0	0	0	1	0	0	1	1	0	0	0	1	0	0	0	0	0	1	0	0	0	0	0	0	0	0	0	0	0	0	0	0	0	0	1	0	0	1	0	0	0	0	0	0	0	0	0	0	0	1	0	0	1	0	3	0	0	0	1	2	1	1	1	0	1	0	0	1	0	0	1	1	1	1	1	0	0	0	1	0	1	0	0	0	0	0	0	1	1	1	0	0	1	0	0	0	2	1	0	0	0	0	0	2	0	1	2	0	0	1	0	0	2	1	1	2	4	0	2	0	2	1	0	1	0	0	0	0	1	1	1	0	0	0	0	0	1	2	0	0	0	1	0	1	0	0	0	0	1	0	0	3	1	0	1	0	1	0	4	2	1	3	1	1	1	1	3	1	0	2	1	2	2	0	1	1	0	0	0	2	2	6	4	4	7	2	1	1	2	0	5	1	4	8	0	2	0	2	1	1	2	2	0	0	1	0	1	1	3	2	3	0	1	2	1	2	1	2	0	3	11	5	3	2	1	0	2	4	2	0	4	3	8	6	6	9	15	7	7	5	4	3	2	2	2	0	2	1	0	0	2	0	1	0	0	0	1	0	0	0	1	1	1	2	0	1	1	1	0	1	0	0	1	1	0	1	0	0	0	0	1	1	0	2	0	0	0	1	1	1	0	0	0	0	0	0	1	0	2	0	1	1	2	0	1	1	1	0	1	2	1	0	1	1	2	0	1	4	7	5	15	4	4	6	6	9	12	92	32	0	17	11	3	7	4	6	7	7	4	1	2	6	1	3	3	2	2	3	2	4	0	3	2	1	2	5	3	2	4	4	1	2	0	3	7	30	13	6	7	2	3	0	5	1	5	8	5	4	3	6	17	17	18	12	80	16	25	16	6	4	11	4	3	1	2	4	0	0	2	1	1	0	1	1	0	0	1	2	1	1	4	0	1	1	2	2	1	0	1	2	1	2	1	2	8	3	2	1	3	4	2	1	4	2	2	3	3	0	3	1	1	0	3	2	0	1	2	3	0	0	0	0	1	0
0	0	0	0	0	0	0	0	0	0	0	0	0	0	0	0	0	0	0	2	0	0	0	0	0	0	0	0	1	1	1	0	0	0	2	0	0	0	0	0	0	0	1	0	1	0	0	1	0	0	0	0	0	0	0	0	0	1	0	0	1	0	0	0	0	0	1	0	0	0	0	0	0	0	0	1	2	0	2	0	0	0	1	0	0	0	0	0	0	1	1	0	2	0	0	0	0	0	0	0	0	1	2	1	1	0	1	0	0	1	0	1	0	1	0	0	1	0	0	0	0	0	0	0	1	1	0	0	2	0	1	0	0	0	1	0	0	0	0	0	0	1	0	1	2	1	1	3	1	3	4	2	3	0	0	1	1	0	1	1	0	1	1	2	1	0	0	0	1	3	0	0	0	0	1	0	1	1	1	1	0	0	2	2	2	1	2	1	1	0	1	0	0	1	2	1	0	0	0	0	1	1	0	0	1	1	1	3	1	1	0	1	0	3	0	0	0	3	0	1	1	1	0	1	1	1	1	1	4	3	3	0	1	0	3	0	1	2	1	2	3	4	1	1	2	1	3	2	0	1	0	2	1	2	5	1	6	1	2	4	3	1	2	7	3	2	3	8	5	6	7	2	5	3	3	3	1	1	1	3	0	0	0	0	0	1	0	0	2	0	0	0	0	0	0	1	1	0	0	0	0	1	0	1	0	0	2	0	1	0	1	2	0	0	0	1	0	2	0	0	0	1	0	0	0	0	0	0	1	1	1	0	2	2	1	0	1	1	0	0	1	2	0	0	0	1	0	1	0	2	1	1	1	2	1	4	2	0	3	3	5	7	15	12	17	0	27	14	15	10	5	6	3	12	7	6	1	4	0	5	4	2	1	0	1	2	0	2	1	1	3	2	1	1	7	4	2	1	3	4	10	5	4	4	5	12	8	6	7	17	14	14	6	20	29	40	10	24	24	14	7	3	6	3	3	0	0	2	1	3	2	1	0	0	2	0	0	0	0	1	0	0	0	2	1	1	0	4	0	3	0	0	0	0	1	1	1	3	1	1	3	1	1	2	0	2	3	1	0	1	2	0	1	1	0	1	0	2	1	2	0	1	1	1	2	0	1	0	0
0	0	0	0	0	0	0	0	0	0	0	0	0	0	0	0	0	1	0	1	0	0	0	0	0	0	1	0	0	0	1	0	0	1	0	0	1	0	1	0	0	1	0	1	1	0	0	0	0	2	0	0	1	0	0	1	0	1	1	0	1	1	0	0	1	0	0	1	0	0	0	1	0	0	1	0	1	0	0	0	0	0	0	1	0	0	1	0	0	1	0	1	0	0	0	0	0	0	1	0	0	0	1	0	0	0	0	0	0	1	0	0	0	0	1	0	0	0	0	1	0	0	0	1	0	1	0	0	0	1	0	0	1	0	0	0	0	0	0	1	0	0	0	0	1	0	2	1	1	1	1	5	0	0	0	0	2	0	0	1	1	0	0	0	1	0	0	0	0	0	1	0	1	0	0	0	1	0	3	1	1	0	0	1	0	3	0	1	0	0	0	0	2	1	0	0	0	0	0	2	3	1	0	1	0	0	2	0	0	2	1	0	1	0	1	1	3	2	0	1	1	0	1	0	2	2	2	3	2	1	1	0	1	1	0	1	0	0	2	1	2	1	0	1	1	1	0	1	1	0	1	1	1	3	4	1	2	0	0	0	3	2	0	3	2	0	2	2	2	5	0	3	2	1	3	1	1	2	1	0	1	0	0	0	0	0	0	1	0	0	0	0	0	0	0	0	1	0	0	0	1	0	0	0	1	0	0	0	1	1	0	0	0	0	1	0	0	0	0	0	1	1	0	0	0	1	0	0	0	0	1	0	0	2	1	0	0	0	0	0	2	1	1	1	0	0	0	2	0	1	1	0	3	3	5	2	4	2	4	2	6	6	12	21	11	27	0	44	77	48	21	14	5	20	12	9	4	4	5	4	2	1	2	3	1	2	1	2	2	0	2	3	1	5	9	9	6	2	3	9	13	9	5	11	3	8	4	0	5	15	24	12	3	8	11	20	5	7	9	2	4	3	4	3	2	5	5	1	1	0	1	0	1	0	0	0	0	0	0	3	0	0	0	1	0	0	0	1	1	0	1	2	0	2	2	1	1	1	2	1	0	0	1	2	0	0	0	1	1	2	1	1	1	0	1	1	2	0	2	0	1	3	3	0	1	0	1	1	0
0	0	0	0	0	0	0	1	0	0	0	0	0	1	0	0	0	0	1	0	0	0	0	0	0	0	1	0	0	0	0	0	2	0	0	0	0	1	0	0	1	0	0	0	0	1	0	0	0	0	0	0	0	0	0	1	0	0	0	0	0	0	0	1	0	0	0	0	1	0	0	0	1	0	1	0	0	0	0	2	0	1	0	0	0	0	0	0	0	0	0	0	0	1	0	1	0	0	0	0	1	0	1	0	0	0	1	1	1	0	0	0	0	0	1	0	0	0	0	0	0	0	0	0	0	0	0	1	0	1	0	0	0	0	0	0	0	0	0	0	0	0	1	0	0	0	1	2	1	5	1	2	1	0	0	0	0	1	0	0	1	0	1	0	0	0	0	0	0	1	0	0	0	1	1	0	0	0	0	0	0	1	0	1	1	0	0	0	1	0	0	0	0	0	0	1	1	0	1	1	1	0	1	0	0	1	1	1	1	1	3	0	0	0	0	2	0	1	0	2	0	1	0	1	0	2	0	1	2	0	0	0	1	3	1	0	0	1	0	2	1	0	0	0	1	1	1	0	0	0	1	0	1	2	0	2	1	1	0	0	1	2	4	4	0	2	3	2	1	3	1	6	4	2	0	2	2	2	0	2	0	0	0	0	0	1	1	2	0	0	1	0	0	0	0	1	1	2	0	0	2	0	1	0	0	0	0	0	0	1	0	0	1	0	1	0	0	0	0	0	0	0	0	0	0	0	0	1	0	1	1	1	0	0	1	0	1	0	0	0	1	0	0	0	2	1	0	2	2	0	1	0	1	1	0	1	1	2	1	2	3	4	2	7	3	14	44	0	14	21	25	26	9	40	8	10	3	3	1	0	1	0	3	2	0	2	3	1	1	3	3	1	1	5	3	5	5	2	3	12	8	6	5	7	6	10	7	4	8	31	37	12	5	5	7	7	1	4	2	2	2	5	3	0	1	1	3	2	2	0	0	0	1	0	0	0	0	0	0	1	0	0	2	0	0	0	1	0	1	0	0	1	1	0	0	1	0	3	1	1	1	0	0	0	1	1	0	1	0	0	0	1	3	1	0	2	3	1	2	0	3	1	2	1	0	5	0	0	0
0	0	0	0	0	0	0	1	0	0	0	0	0	0	0	0	0	0	0	1	0	0	0	0	0	0	0	0	0	1	0	1	0	0	0	0	0	1	1	0	0	0	0	1	0	0	0	0	0	0	1	0	0	0	0	0	0	0	0	0	0	0	0	0	0	0	0	0	0	0	0	0	0	0	0	0	0	0	1	0	0	0	2	0	1	0	0	0	1	0	0	0	1	0	0	2	0	1	1	0	0	1	1	0	0	0	0	0	1	0	0	0	1	0	1	0	1	1	0	0	0	0	1	0	0	0	2	0	0	0	0	0	0	0	0	0	0	0	0	0	0	1	0	0	0	0	1	0	3	1	0	4	1	1	1	0	1	2	0	0	1	1	0	1	1	3	2	1	0	0	0	0	1	0	2	1	0	0	0	0	1	3	0	0	2	0	0	0	1	0	3	1	1	0	3	0	2	2	0	0	0	1	0	1	0	2	0	1	1	1	3	0	1	2	2	0	0	1	1	1	0	0	1	0	0	0	1	1	3	3	3	2	2	1	0	2	0	0	1	2	0	0	0	0	0	1	1	1	1	0	1	1	0	0	0	3	3	0	1	1	3	3	2	0	3	1	2	2	3	4	3	1	1	3	2	1	2	2	1	0	2	0	1	0	0	0	0	2	2	1	0	0	0	1	1	0	1	1	0	0	1	2	0	0	0	0	0	0	0	0	1	0	0	0	0	0	0	0	0	0	1	0	0	0	0	0	0	0	0	0	0	0	2	0	2	0	0	0	0	0	1	0	0	0	0	1	0	1	1	1	0	1	2	3	1	4	4	2	4	1	7	7	12	24	7	15	77	14	0	33	106	27	7	20	11	20	4	5	4	4	5	2	0	2	2	0	1	2	1	5	5	2	5	3	15	7	3	4	3	28	12	10	10	10	7	16	5	9	8	10	8	12	11	5	20	11	2	8	7	6	3	6	2	0	0	3	2	1	2	0	0	0	1	2	2	0	0	1	1	0	0	1	1	2	1	0	0	2	2	2	0	3	1	0	0	1	2	0	1	0	0	1	1	0	2	0	1	0	2	0	0	1	0	0	3	0	1	2	1	1	3	1	1	0	3	4	6	2	9
0	0	0	0	0	0	0	0	1	0	0	0	0	0	0	0	0	0	0	0	0	0	0	1	0	0	0	0	0	0	0	1	0	0	0	0	1	1	0	0	1	1	0	0	1	0	0	0	0	0	0	0	1	1	0	0	0	0	0	0	0	0	0	0	0	0	0	0	1	0	0	0	0	0	0	0	0	0	0	0	0	0	0	0	0	1	0	0	0	0	0	1	0	0	1	0	0	0	1	0	0	0	0	0	0	0	1	0	1	2	0	0	1	1	0	0	0	0	0	0	0	0	0	0	0	0	0	1	1	1	0	0	0	0	0	0	0	0	0	0	0	0	0	0	0	2	0	4	1	0	1	1	1	0	2	1	0	0	0	0	0	0	0	0	1	0	0	0	0	0	0	0	1	0	1	0	0	0	1	0	1	0	1	1	1	0	1	0	1	1	0	2	1	0	1	0	2	0	2	0	0	1	1	0	3	2	0	0	1	1	1	1	0	1	0	1	3	0	2	0	3	1	2	0	1	0	0	0	1	0	1	0	0	2	3	0	0	0	1	1	0	0	1	2	0	1	1	0	1	0	0	1	0	0	0	1	2	1	2	0	0	1	0	0	1	1	5	1	5	2	3	1	1	0	1	0	1	2	1	0	1	1	1	0	0	1	0	0	0	2	0	1	0	0	0	0	0	0	1	0	1	1	0	0	0	1	0	0	1	0	0	0	0	0	0	1	0	1	0	0	0	0	1	0	1	0	0	0	0	0	0	1	0	0	1	0	0	1	0	0	1	0	0	0	1	1	2	0	1	0	0	0	1	4	2	3	4	4	2	3	2	6	6	20	4	10	48	21	33	0	28	10	10	20	21	15	8	5	5	4	1	1	2	1	1	2	0	1	2	2	3	1	0	2	8	10	6	5	12	14	7	4	8	7	6	10	4	6	4	9	14	3	3	5	8	9	6	0	1	3	3	7	4	2	1	4	3	2	0	0	1	1	1	1	1	0	1	1	1	0	0	2	1	1	1	0	0	2	1	2	0	0	1	0	0	1	0	2	0	1	1	1	0	2	0	3	1	0	1	1	1	0	0	0	0	0	1	0	1	3	2	0	2	1	4	1	3	4	5
0	0	0	0	0	0	0	0	1	0	0	0	0	0	0	0	0	0	0	1	0	0	2	0	0	0	0	0	0	0	0	1	0	0	0	1	1	0	0	0	0	0	0	0	0	0	0	0	0	1	0	0	0	0	0	0	0	0	0	0	0	0	0	0	0	0	1	0	0	0	0	0	0	0	1	0	0	0	0	0	0	0	0	0	0	1	0	0	0	1	0	0	1	0	0	3	2	1	0	2	0	0	1	0	0	0	0	0	0	0	0	1	0	0	0	0	0	0	0	0	1	0	0	0	0	0	0	0	1	0	0	0	1	0	0	0	0	0	1	0	0	0	1	0	2	1	1	2	0	2	1	1	3	1	0	2	0	1	0	0	0	0	0	2	0	1	1	1	2	1	0	0	0	1	1	1	0	1	0	0	0	0	0	1	2	4	1	0	0	0	1	2	2	1	0	1	0	2	1	1	2	1	0	0	1	2	1	1	1	0	1	0	0	1	0	1	1	1	3	3	0	0	0	1	1	1	2	0	1	0	0	0	0	0	1	2	1	0	0	1	2	1	1	0	1	0	0	2	1	1	0	0	2	0	5	1	1	2	0	3	2	0	4	1	0	0	3	5	3	3	0	1	3	1	1	2	1	1	0	0	3	1	1	2	1	2	0	1	1	1	0	1	0	1	1	0	0	0	0	0	0	0	0	0	1	0	1	0	1	0	0	0	1	0	2	0	0	0	1	0	0	1	0	0	0	1	0	1	0	1	2	0	0	0	1	1	0	2	0	0	1	1	3	0	0	1	2	1	3	0	3	1	1	0	4	1	1	4	3	2	8	2	10	15	6	5	21	25	106	28	0	31	19	33	21	20	11	9	5	11	6	1	0	1	1	4	1	0	12	8	4	3	5	11	21	26	12	9	13	16	16	18	6	13	7	18	11	4	7	10	11	8	5	3	15	11	1	3	3	4	3	3	4	4	2	4	0	2	2	1	0	1	1	0	2	0	2	0	0	0	2	0	0	1	2	0	1	1	2	3	1	1	1	0	0	1	0	1	1	0	1	1	2	1	2	0	1	0	0	4	3	0	0	1	1	1	2	1	1	2	6	2	2	2	3	4	4	3	1
0	0	0	0	0	0	0	0	0	0	0	0	0	0	0	0	0	0	0	0	1	0	0	0	0	0	0	0	1	0	0	0	0	0	0	1	0	0	0	1	1	1	0	0	0	0	0	1	0	0	0	0	0	1	0	0	0	0	1	0	0	0	0	0	0	1	0	0	0	0	0	0	0	0	0	0	0	0	0	0	0	0	0	0	0	0	0	0	0	0	1	0	1	0	0	0	0	0	0	0	1	1	0	0	0	0	1	0	0	0	1	0	0	0	0	1	0	0	0	0	0	1	0	0	0	0	0	0	0	0	1	1	0	0	0	0	0	1	0	0	0	0	0	0	0	0	0	2	1	1	2	1	0	2	0	1	1	0	0	0	0	1	0	0	1	1	0	0	0	1	0	1	0	0	0	1	2	0	0	1	0	0	0	1	0	0	1	1	0	1	4	2	0	2	2	1	3	0	0	0	0	1	0	2	2	0	0	1	0	0	0	0	2	0	1	0	0	1	2	0	2	2	0	0	1	0	1	2	2	1	1	0	2	0	0	1	1	0	2	0	1	0	0	0	0	1	1	0	0	1	1	1	0	2	0	2	1	0	0	1	3	0	1	1	2	1	3	4	9	3	1	3	0	1	2	1	3	0	1	1	0	1	1	0	0	0	0	1	0	0	2	0	1	0	0	0	1	2	0	0	0	0	0	0	2	0	1	0	0	0	1	0	0	0	1	1	1	1	0	0	0	0	0	0	1	0	0	0	1	0	2	1	3	1	0	1	0	0	1	0	2	1	0	0	0	0	1	0	0	0	0	1	1	1	2	3	2	1	1	0	1	1	5	7	7	6	14	26	27	10	31	0	85	26	10	11	4	2	0	4	3	0	1	4	2	3	0	0	4	5	3	4	7	10	11	8	3	4	4	11	11	10	6	13	11	31	25	12	15	23	11	15	6	8	13	6	1	3	3	5	0	4	3	3	2	1	3	1	0	0	0	0	1	0	0	0	1	0	0	0	0	1	1	0	2	0	1	1	0	2	3	0	0	0	3	2	2	1	1	2	2	3	0	0	1	1	2	1	0	1	2	1	2	1	1	0	0	0	2	2	3	0	1	0	1	1	3	0	1
0	0	0	0	0	0	0	1	0	0	0	0	0	0	0	0	1	1	1	1	0	0	0	0	0	1	0	0	0	0	0	0	0	1	1	0	0	0	0	0	0	1	0	1	1	0	0	0	0	0	1	0	0	0	0	0	0	0	0	0	0	0	0	0	0	0	0	0	0	0	0	0	0	1	0	0	0	0	0	0	0	0	0	0	1	0	0	0	0	0	0	0	1	1	0	0	1	1	1	0	0	0	0	0	1	0	0	0	0	0	0	0	0	0	0	0	0	0	0	0	0	0	1	0	0	0	0	0	0	0	0	0	1	0	0	0	0	1	0	0	0	1	1	0	0	1	0	2	0	3	0	0	1	1	0	1	0	0	0	0	0	0	0	0	1	0	0	0	1	0	1	0	0	0	1	1	0	0	1	0	1	1	1	1	1	0	1	0	1	0	4	0	0	0	0	1	1	0	0	1	4	0	1	1	0	1	0	1	1	1	0	2	3	1	0	2	0	1	1	1	1	0	1	1	1	1	2	0	1	0	1	0	2	0	0	0	2	2	1	0	0	1	0	1	2	1	2	1	0	1	0	1	1	0	3	1	0	0	0	0	0	3	2	2	2	1	2	3	2	8	0	3	3	0	2	0	0	1	0	0	1	0	0	0	0	0	1	1	0	1	0	0	0	0	1	2	1	0	0	0	0	1	0	0	1	0	0	1	1	0	0	0	0	1	0	0	1	0	0	0	0	2	0	0	0	0	1	0	1	1	0	0	0	1	0	0	0	2	0	0	0	1	1	0	1	1	0	2	1	0	0	1	3	3	2	1	1	1	1	0	2	5	4	5	7	3	5	9	7	10	19	85	0	32	14	6	5	3	5	2	1	0	2	3	3	2	2	0	3	6	6	0	6	11	15	11	7	4	4	6	3	5	6	13	15	23	22	9	8	10	6	12	6	3	9	10	4	2	0	0	4	4	0	1	1	1	0	3	0	0	1	0	1	0	0	0	1	0	1	1	0	1	1	2	2	1	0	2	2	0	2	3	0	0	2	0	3	1	1	0	1	0	2	2	1	2	1	0	1	1	2	0	0	1	0	0	0	1	3	0	2	3	2	0	3	5	1	1	3
0	0	0	0	0	0	0	0	1	0	0	0	0	0	0	0	0	0	0	0	0	0	0	0	1	0	1	0	0	0	0	1	0	0	0	0	0	0	0	0	0	0	0	1	0	0	0	0	0	0	0	0	1	1	0	1	0	1	1	2	0	0	0	0	0	0	0	0	1	0	2	0	0	0	0	0	0	0	0	0	0	0	0	0	1	0	1	1	0	0	0	0	1	2	0	0	0	0	1	0	2	0	0	0	0	0	0	1	0	0	0	1	0	1	0	0	1	0	0	1	0	0	0	1	0	1	0	0	0	1	0	1	0	0	0	0	0	0	0	0	1	0	0	0	1	0	2	2	0	1	1	0	1	1	0	0	0	1	0	1	0	1	0	1	1	0	0	0	0	0	0	0	0	0	1	0	0	2	0	0	0	2	2	1	0	1	0	2	0	1	1	1	0	2	0	2	0	0	2	0	0	1	2	0	1	0	2	2	1	1	1	1	0	0	0	0	1	0	2	1	0	1	1	2	1	1	0	1	2	0	0	1	1	0	1	0	1	1	0	1	0	0	0	0	0	1	0	1	0	0	2	2	0	3	0	1	0	0	0	0	2	2	1	2	2	3	2	1	3	3	2	3	1	1	3	1	0	0	2	1	2	0	0	0	0	0	0	0	2	0	0	1	0	0	0	0	0	1	0	0	0	0	0	0	0	0	1	0	0	0	1	0	0	0	0	0	0	0	0	0	0	2	0	0	1	0	0	1	0	0	0	0	1	0	1	1	1	1	0	0	0	2	0	0	0	0	0	0	1	1	3	0	1	1	3	3	1	1	3	1	4	4	8	7	4	12	20	40	20	20	33	26	32	0	38	14	3	4	4	1	1	2	1	3	1	2	0	4	4	2	2	2	2	8	10	10	11	4	8	9	7	4	3	5	4	9	7	6	5	9	17	6	6	5	6	1	0	5	3	6	3	6	1	2	0	2	2	1	2	1	0	1	1	0	1	0	0	0	1	1	1	1	1	2	0	0	3	1	1	3	0	0	0	3	0	2	3	2	0	0	1	2	0	3	1	0	0	3	1	2	0	0	2	1	0	1	0	0	0	1	3	1	1	1	2	3	3	2	3
0	0	0	0	0	0	0	0	0	0	0	0	1	0	0	0	1	0	1	0	0	0	0	0	0	1	0	0	0	1	0	0	0	0	0	0	0	1	0	1	0	0	0	0	0	0	0	1	0	0	0	0	1	0	0	0	0	1	0	0	0	0	0	0	0	0	1	0	0	0	0	0	0	0	0	0	0	0	0	0	0	0	0	0	0	1	0	0	0	0	1	1	0	0	0	0	0	0	1	0	0	0	0	0	0	2	0	0	0	0	0	0	0	0	0	0	0	0	1	0	0	0	0	0	0	1	0	0	0	0	0	0	0	0	1	0	0	1	0	0	2	1	0	0	1	1	0	1	1	0	0	2	0	0	2	0	0	0	0	0	0	0	0	0	0	0	0	0	0	0	1	0	0	1	1	1	0	0	0	0	0	1	0	1	0	0	0	0	0	0	2	1	2	1	1	0	0	1	0	0	1	0	0	0	0	0	0	2	1	0	0	1	0	0	0	0	1	0	1	0	3	1	1	1	2	1	3	0	1	1	1	0	0	0	1	2	1	1	1	1	0	0	0	0	0	1	1	1	0	0	1	0	1	0	0	0	1	1	1	0	0	1	3	1	0	0	0	1	2	4	0	2	0	1	0	0	2	0	1	0	1	0	0	1	1	0	0	0	0	0	0	0	0	0	1	0	0	0	0	0	0	2	0	0	1	0	0	0	0	0	1	1	2	0	1	0	1	0	0	0	0	1	2	0	0	0	0	0	0	0	0	1	0	0	0	0	1	0	0	0	2	0	0	0	0	0	0	2	0	0	1	0	0	0	3	0	2	2	2	1	3	2	2	9	1	7	12	8	11	21	21	10	14	38	0	40	9	2	0	0	2	1	1	2	1	5	1	0	2	2	1	3	3	4	9	17	20	7	7	6	6	5	4	4	1	6	4	2	4	6	3	3	7	4	2	4	3	1	1	3	3	2	0	5	3	0	1	1	0	2	1	1	0	1	0	0	1	0	0	1	0	2	0	1	0	2	0	1	1	1	1	0	0	0	2	0	0	0	1	0	1	0	2	1	1	2	1	0	0	1	3	1	2	0	0	1	2	1	2	3	0	1	1	1	1	5	3	1	4
0	0	0	0	0	0	0	0	0	1	0	0	0	0	0	0	0	1	0	0	0	0	0	1	0	0	0	0	0	1	0	0	0	0	0	0	0	0	0	1	0	2	0	0	0	0	0	0	1	0	0	0	1	0	0	1	0	0	1	0	0	1	0	0	0	0	0	0	0	0	0	0	1	0	0	0	0	0	1	0	1	0	0	0	0	2	1	0	0	0	0	0	1	0	1	0	2	0	1	0	1	0	0	0	0	0	0	0	0	0	0	1	0	0	0	1	0	1	0	0	0	0	0	0	0	0	0	0	0	0	0	0	1	0	1	0	0	0	1	1	0	0	0	0	0	0	0	0	0	1	2	1	0	1	0	2	0	0	0	0	0	0	1	0	0	1	0	0	0	0	1	0	0	0	0	0	1	1	0	0	0	0	0	0	0	1	0	0	0	0	1	2	0	1	0	2	2	1	2	0	1	1	0	0	2	1	0	0	2	0	0	0	1	1	0	0	0	1	2	1	2	0	2	0	0	0	1	0	0	0	0	0	1	2	5	2	1	0	1	0	1	0	0	0	0	1	0	0	0	0	0	0	0	1	0	0	1	0	1	0	2	0	0	2	1	1	2	3	3	1	2	2	1	3	0	0	2	0	3	0	0	0	1	0	0	0	1	0	1	1	0	0	0	0	0	0	0	1	1	0	0	0	0	1	0	1	1	0	1	1	0	0	0	1	1	0	0	0	0	0	0	0	1	0	0	0	0	0	1	0	0	2	0	2	2	2	0	0	0	0	1	1	0	0	0	0	1	1	0	1	1	0	1	1	4	2	4	1	7	8	4	12	9	8	2	6	9	10	20	15	20	11	6	14	40	0	21	9	3	2	1	2	2	0	4	2	3	4	4	9	1	4	6	7	7	24	8	6	21	13	11	6	5	3	0	4	2	3	2	5	2	1	1	2	3	3	2	1	3	4	2	6	1	4	0	1	1	3	1	0	1	0	1	0	0	0	0	0	1	0	0	1	1	0	0	0	2	1	2	3	0	1	3	1	0	1	2	1	0	2	2	1	1	1	1	3	2	1	1	2	4	4	1	2	3	1	4	3	1	4	2	2	7	0	4	9	5	7	5
0	0	0	0	0	0	0	0	0	0	0	0	0	0	1	2	0	0	0	0	0	0	0	0	0	0	0	0	0	0	0	0	1	0	0	0	0	1	1	1	0	0	0	0	2	0	0	0	1	0	0	0	0	0	0	0	0	0	0	0	1	0	0	0	0	0	0	0	0	0	0	0	0	0	0	0	0	0	0	0	0	1	0	0	0	0	0	0	0	1	0	0	0	1	2	1	0	0	0	0	0	0	0	0	1	1	0	1	0	0	1	0	0	0	0	0	0	0	0	0	1	0	0	0	1	1	1	1	1	0	0	0	0	1	0	1	0	0	0	2	0	0	1	0	0	3	0	0	1	2	1	2	0	1	1	0	0	0	0	0	0	0	0	1	0	1	1	0	0	0	0	0	0	0	0	0	1	0	0	0	0	0	0	1	0	0	0	1	1	0	1	1	0	1	2	2	0	1	0	1	0	0	3	0	1	2	1	0	0	0	0	2	0	0	0	1	3	2	2	1	0	1	1	1	1	1	1	0	0	2	0	0	0	0	1	2	1	2	1	1	1	0	0	0	0	0	0	2	1	0	0	0	1	2	1	0	1	0	1	0	0	0	0	0	2	1	0	1	2	1	1	2	4	1	1	1	1	0	1	1	2	1	2	0	3	0	1	2	0	1	1	0	0	0	1	0	0	0	1	0	0	0	0	0	1	1	0	0	0	0	1	1	0	1	1	0	0	1	2	0	0	1	0	0	1	0	1	1	2	2	1	1	0	0	0	0	0	0	1	0	0	0	0	1	0	0	1	6	1	1	3	0	1	3	7	3	4	11	10	10	8	5	3	6	6	1	4	3	4	8	11	4	5	3	9	21	0	12	9	10	3	0	0	1	4	3	1	3	4	7	2	2	8	4	10	20	11	10	36	16	4	12	5	4	1	4	1	2	5	4	1	3	0	0	2	9	0	2	2	2	2	4	3	3	2	2	3	3	1	1	1	0	0	0	0	0	2	0	2	1	0	1	0	3	1	1	4	0	1	1	3	0	1	1	0	0	1	1	0	0	3	3	2	3	6	2	1	5	0	1	5	1	2	1	3	3	3	1	1	3	6	7	7	2	11	20	21	10	8
0	0	0	0	0	0	0	0	0	0	0	0	0	0	0	1	0	0	0	0	0	0	0	0	0	0	1	0	0	0	0	1	0	0	0	0	1	0	0	1	0	0	0	0	0	0	0	1	0	0	0	0	0	0	0	0	0	0	1	0	0	0	1	0	0	1	0	0	0	0	0	0	0	0	0	0	0	0	1	1	0	2	0	0	1	0	1	0	0	1	0	0	1	1	0	0	0	1	0	0	0	0	1	0	0	0	0	0	0	1	0	0	0	0	2	0	0	0	0	0	0	1	1	0	0	0	0	0	0	0	0	1	0	0	0	0	0	0	0	0	0	0	0	1	0	0	2	1	0	1	2	0	0	1	0	1	1	1	0	0	0	2	1	0	0	3	0	0	0	0	0	0	0	1	0	0	0	1	2	0	1	1	0	1	0	1	0	0	2	1	0	0	1	4	1	3	3	1	1	0	1	1	0	0	0	1	3	0	1	2	0	0	3	2	1	3	1	4	1	4	2	2	2	3	2	0	1	2	2	2	0	1	1	0	0	0	1	0	0	2	0	0	0	1	0	1	1	3	3	0	1	1	1	0	2	0	2	0	3	0	1	0	1	0	2	0	1	3	0	1	2	0	0	0	1	2	1	3	1	1	0	0	1	0	1	1	1	1	0	1	1	0	1	0	0	0	0	0	0	0	0	0	1	1	0	1	2	0	1	0	0	0	0	0	0	0	1	0	0	0	0	0	0	0	0	1	0	0	1	0	0	0	0	2	0	0	0	0	0	1	0	0	0	0	2	0	1	1	1	2	2	1	1	4	9	6	3	9	34	12	16	5	6	3	1	4	4	3	5	5	9	2	3	4	2	9	12	0	170	18	3	1	3	4	13	8	9	15	17	11	9	4	4	5	7	2	5	12	14	19	4	13	6	5	4	2	2	1	1	2	1	2	2	1	4	2	6	0	2	2	5	4	5	1	3	3	5	4	0	1	1	1	0	1	0	0	0	1	0	2	0	0	1	2	1	1	2	4	4	3	4	2	1	0	2	2	1	2	3	1	1	7	6	2	1	3	2	2	2	5	3	8	5	4	3	2	4	2	9	6	15	8	5	2	8	20	27	6	4
0	0	0	0	0	0	0	0	0	1	1	1	0	0	0	1	0	0	0	1	0	0	1	1	0	0	0	0	1	0	0	0	0	0	0	2	0	0	0	0	0	0	0	0	0	0	0	2	0	0	0	0	0	1	0	0	0	0	0	0	0	0	0	0	0	0	0	1	0	1	0	0	0	0	0	0	0	0	0	0	0	1	0	0	1	0	1	0	2	0	0	1	2	2	0	0	0	0	1	0	0	0	0	0	1	1	0	0	0	0	0	0	0	1	1	0	0	0	0	0	0	0	0	0	1	0	0	0	1	0	0	0	0	0	0	0	0	0	0	0	1	1	2	0	0	4	3	1	0	1	0	1	2	1	1	2	4	1	1	0	0	0	0	0	0	0	1	0	1	1	0	0	0	1	1	1	1	0	0	0	1	0	0	1	0	0	1	0	1	1	1	0	1	4	0	1	0	0	1	0	1	1	3	1	0	2	2	2	0	2	0	0	2	0	0	1	1	2	2	4	3	0	2	1	0	1	2	2	2	0	1	0	0	0	0	0	0	1	0	0	0	0	0	2	0	0	2	0	3	2	1	0	1	1	2	0	0	0	0	1	0	0	1	0	0	0	1	4	2	4	1	3	1	3	1	3	1	1	2	0	0	1	2	1	1	0	0	1	1	0	0	0	1	0	0	0	1	0	0	0	0	0	0	0	2	1	0	1	0	0	0	0	1	0	2	1	3	0	0	0	0	1	2	0	0	1	1	2	1	1	1	2	0	0	1	1	0	1	2	1	0	0	0	0	0	1	0	3	2	0	0	2	3	8	12	6	7	10	42	8	10	6	2	3	3	0	5	1	4	5	5	0	5	4	0	3	9	170	0	25	11	7	6	4	9	12	7	14	15	6	8	7	12	3	5	4	1	4	9	10	5	8	6	9	2	2	1	2	1	0	2	5	2	3	2	0	4	1	0	2	2	7	3	0	3	4	2	5	0	3	1	0	1	0	0	2	5	0	1	2	1	0	4	3	3	3	5	3	4	3	3	4	1	0	2	0	2	1	2	3	3	1	3	6	4	2	1	7	6	4	3	10	9	4	2	3	5	6	2	12	9	3	8	0	4	11	13	5	4
0	0	0	0	0	0	0	1	0	0	0	0	0	0	0	0	0	0	0	0	1	0	0	0	0	0	0	0	0	1	0	0	1	0	1	0	0	0	0	0	0	1	2	1	0	0	0	0	0	0	0	1	0	0	0	1	0	0	0	0	0	0	0	0	0	0	0	0	0	1	0	1	0	0	0	0	0	0	0	1	0	1	0	0	0	0	0	1	0	3	1	1	1	0	1	0	0	1	1	0	0	0	1	1	1	3	0	2	0	0	0	1	0	0	0	0	0	0	0	1	0	0	2	0	0	0	0	0	0	0	2	0	0	0	0	0	0	0	0	0	1	3	1	2	1	5	1	3	2	1	4	2	2	0	0	1	0	0	1	0	0	1	0	0	1	0	0	0	0	0	0	0	0	0	1	0	1	2	0	1	0	1	0	2	1	0	0	1	2	1	5	1	2	2	1	4	0	1	2	0	2	1	2	0	2	1	3	2	2	1	2	2	1	3	2	1	2	3	2	6	3	3	2	0	2	1	1	1	2	1	1	1	0	0	4	0	1	0	1	0	2	0	0	0	1	0	2	2	0	3	1	0	1	1	3	2	4	1	0	2	0	1	1	3	1	2	2	4	4	4	5	2	1	3	6	1	1	0	0	2	0	1	2	1	4	2	2	1	0	2	0	1	0	1	0	0	1	0	0	1	0	0	1	0	0	1	0	1	0	0	1	1	0	0	0	2	1	0	0	0	1	0	0	0	0	2	0	0	2	0	2	0	1	1	2	0	1	1	1	1	0	3	1	0	1	1	0	3	3	1	1	3	4	2	16	6	4	5	5	4	8	5	4	5	3	5	4	0	4	4	11	4	2	1	0	2	10	18	25	0	41	16	6	7	13	9	4	14	14	15	23	11	2	5	11	3	2	4	3	8	13	13	22	8	3	6	1	2	1	0	4	6	2	2	8	3	3	0	4	6	5	7	1	2	2	4	5	3	1	0	2	1	2	2	0	1	1	3	5	1	4	3	5	4	3	5	4	7	3	3	4	4	4	4	2	1	3	4	4	4	3	4	2	1	6	1	4	2	1	3	3	1	6	2	3	3	4	5	2	10	7	5	2	2	1	7	7	5	1
0	0	0	0	0	0	0	0	0	1	0	0	0	1	0	0	0	1	2	0	0	0	0	0	0	1	0	0	0	0	0	0	0	0	0	1	0	0	1	0	1	0	0	1	0	0	0	1	1	0	0	0	0	1	1	0	0	0	0	0	0	0	0	0	0	0	0	0	1	0	1	0	0	0	0	0	0	0	0	0	1	0	0	1	0	0	0	0	1	0	0	0	0	1	0	2	2	0	0	0	0	0	0	0	1	0	0	0	1	2	3	0	0	0	0	0	1	0	0	1	0	0	0	0	1	1	1	0	0	0	0	0	0	1	0	1	0	1	1	0	0	1	1	0	3	5	1	1	7	2	3	3	2	1	0	2	0	0	0	0	1	0	0	2	1	0	1	0	1	0	1	0	0	0	0	0	1	1	1	1	2	0	2	1	1	2	2	1	1	2	2	3	4	7	2	4	4	2	2	0	2	2	1	2	1	2	2	5	2	0	1	1	3	3	3	7	10	9	2	3	8	2	1	0	1	4	2	4	1	0	0	1	0	2	2	3	0	0	0	0	1	0	0	0	0	1	0	1	0	0	1	0	3	0	0	1	1	0	0	0	0	1	3	0	1	3	3	1	8	6	6	1	3	1	3	2	2	2	0	1	1	3	1	1	0	2	1	0	0	2	0	2	0	0	0	0	1	0	1	0	0	0	0	1	3	1	2	2	2	2	1	1	0	1	0	1	0	0	2	1	0	1	1	1	0	0	0	1	0	0	1	2	1	0	0	1	2	0	1	1	0	2	0	1	3	2	1	0	4	1	3	1	4	5	6	3	2	1	3	1	1	1	1	5	2	4	2	1	5	1	6	3	1	1	2	1	3	3	11	41	0	38	16	14	15	9	5	13	6	14	60	4	8	4	5	0	2	3	5	9	6	13	18	15	5	8	2	0	2	3	3	0	2	3	1	1	2	2	2	4	3	5	4	3	2	5	2	2	0	3	2	0	0	1	0	1	1	2	2	0	2	3	4	2	3	4	1	3	3	11	2	3	1	0	5	2	3	1	0	4	2	1	2	2	8	6	2	3	2	1	1	0	3	1	0	2	4	2	3	7	7	2	5	2	3	6	5	0	1
0	0	0	0	0	0	0	0	0	1	1	0	0	1	0	0	0	0	0	0	0	0	0	1	0	0	0	0	0	0	0	1	0	0	1	0	2	0	0	0	1	0	0	0	2	0	0	0	1	0	0	0	0	0	2	1	0	0	0	0	0	0	0	1	0	0	0	0	0	0	0	0	0	0	0	0	1	1	0	0	1	0	0	1	0	0	1	1	0	1	0	0	2	4	1	0	0	1	1	1	1	0	0	1	0	0	1	2	5	1	0	0	0	0	0	0	2	1	0	1	0	0	0	0	0	0	1	2	0	1	1	0	0	0	0	0	0	1	0	1	0	0	2	1	0	3	4	3	3	3	1	2	2	0	1	1	0	0	0	2	0	1	0	1	0	1	0	0	1	1	0	1	2	1	0	1	2	0	1	0	1	0	0	3	2	0	5	1	1	3	7	5	5	5	15	5	6	4	1	3	5	1	1	1	1	3	2	6	3	3	1	5	1	5	5	4	13	10	10	10	5	2	4	1	3	1	0	1	3	0	1	3	1	0	2	1	1	2	0	3	1	1	2	0	0	0	3	1	3	1	1	0	2	2	0	5	0	0	2	2	3	1	1	4	1	1	3	3	1	6	0	0	1	1	4	3	2	0	3	1	1	2	0	0	2	0	0	2	2	0	1	0	1	0	1	0	1	1	1	1	1	1	1	0	1	0	0	2	2	0	1	0	1	1	0	0	0	0	1	0	0	0	0	0	0	0	0	1	1	0	0	1	2	0	1	1	1	1	3	2	1	1	0	0	0	0	0	2	5	0	1	0	1	3	3	0	0	4	5	3	3	3	1	3	2	2	1	0	2	1	1	0	0	2	1	2	0	1	7	16	38	0	33	29	15	4	8	5	6	7	12	10	6	3	3	4	0	4	3	3	4	2	9	8	5	5	0	3	1	0	2	3	2	4	3	3	2	3	0	2	2	3	1	1	1	3	0	1	2	2	0	1	2	0	2	4	0	2	3	1	4	2	1	3	3	4	1	7	5	8	5	2	1	3	3	5	2	1	1	4	3	2	3	6	6	4	3	3	3	1	1	2	1	2	0	1	3	1	1	1	2	7	0	2	3	3	7	2	3
0	0	0	0	0	0	0	0	0	0	0	0	0	0	0	1	1	0	0	0	1	1	0	0	0	0	2	0	0	0	1	1	0	0	0	0	0	0	0	0	1	0	0	0	1	1	0	0	1	0	0	0	1	0	1	2	2	0	0	0	0	0	0	0	0	0	0	0	0	0	0	0	0	0	0	0	0	0	0	0	0	0	0	1	0	1	0	0	0	0	0	0	0	1	3	0	2	1	0	1	0	1	0	1	1	0	2	0	0	0	0	0	0	1	0	0	0	1	0	0	0	1	0	1	0	0	2	0	2	1	1	0	0	1	2	1	0	0	1	1	1	2	0	3	1	1	2	5	7	2	0	3	2	1	1	0	0	1	0	0	0	0	0	0	1	1	0	0	0	1	0	0	0	0	0	1	0	2	0	0	0	0	0	2	1	0	2	1	1	1	2	0	2	4	8	4	2	1	0	1	2	0	0	0	1	2	1	0	2	9	0	3	2	1	2	6	5	6	9	5	5	2	5	3	3	0	0	3	1	2	0	0	1	0	2	0	0	1	1	1	0	0	0	0	2	0	1	1	3	0	0	2	2	0	0	1	1	1	0	2	2	1	0	2	1	0	0	2	2	6	2	2	2	2	4	3	0	1	0	1	0	2	1	0	3	0	1	0	3	1	2	1	0	1	0	1	1	0	0	0	0	1	0	0	3	1	0	0	1	0	0	2	3	1	1	0	0	1	0	0	0	2	0	0	0	0	1	1	0	0	0	1	0	2	2	1	0	0	3	0	2	2	5	0	1	0	0	2	1	3	3	3	1	2	4	3	4	3	2	2	1	0	3	1	3	1	2	3	0	2	0	1	2	1	1	2	0	3	6	6	16	33	0	39	14	9	15	8	1	5	6	8	4	3	4	1	2	2	0	4	3	0	4	6	2	4	2	0	1	0	3	1	1	2	4	1	0	2	4	2	1	1	4	0	4	1	3	5	1	1	2	2	1	0	3	0	2	3	2	4	4	4	4	4	8	8	8	6	8	11	12	4	4	5	1	0	1	2	0	3	0	4	2	2	6	8	1	3	5	1	1	4	0	3	3	2	2	2	4	4	5	4	3	0	2	5	3	2	2
0	0	0	0	0	0	0	0	0	0	1	0	0	0	0	1	0	1	1	0	1	0	0	0	0	0	0	0	0	0	1	0	0	0	1	0	0	0	0	1	1	0	0	0	0	0	0	2	0	0	0	1	1	1	1	0	0	0	0	0	0	0	0	2	1	1	0	0	1	0	0	0	0	0	0	0	0	1	1	0	0	0	0	0	0	1	0	1	0	1	3	0	1	0	2	2	0	1	0	0	1	2	1	0	1	0	0	2	4	0	0	1	1	0	0	1	1	1	0	0	0	0	0	1	0	0	1	2	0	1	0	1	0	1	1	2	0	0	0	0	1	0	1	1	1	0	1	1	2	3	0	0	1	3	1	1	1	1	1	1	1	0	1	0	0	0	0	1	1	0	0	0	0	1	0	0	1	1	1	1	0	0	0	1	2	1	0	1	1	2	1	5	5	3	3	7	2	1	2	1	3	1	2	3	2	0	1	1	0	4	0	1	0	1	2	2	4	6	3	3	5	2	0	0	1	1	0	1	1	1	1	3	1	0	1	1	0	1	2	0	0	1	2	0	1	0	1	0	0	0	0	0	0	0	0	3	0	1	0	1	1	0	0	1	0	0	1	4	3	2	1	2	2	4	2	0	1	0	0	1	0	1	1	1	1	2	1	3	0	1	1	1	0	0	2	0	0	0	1	0	1	0	0	0	2	0	0	0	0	1	0	0	0	0	1	0	0	0	0	0	0	0	0	0	0	0	1	0	2	0	2	1	3	3	0	0	0	0	1	0	0	1	0	2	1	0	0	2	2	1	3	2	0	0	2	2	0	2	2	3	3	1	0	1	2	0	3	2	2	1	1	4	3	3	2	0	1	4	4	7	14	29	39	0	64	11	12	11	8	12	13	6	6	4	4	1	2	2	4	1	3	5	6	2	4	4	2	0	2	1	0	0	2	2	2	1	3	1	1	2	1	2	2	0	1	1	0	0	2	4	0	1	0	0	0	1	2	1	0	0	0	0	2	1	0	3	3	4	1	2	11	4	2	1	2	1	1	2	0	2	1	1	1	2	4	1	3	1	1	0	4	1	2	1	0	2	3	1	8	3	4	4	2	3	3	2	1	3	1
0	0	0	0	0	0	0	0	0	0	1	0	0	0	1	0	0	0	0	0	0	0	0	0	0	1	0	2	0	1	0	0	0	0	0	0	0	1	0	1	1	0	0	0	2	0	0	0	0	0	0	0	0	0	0	1	0	0	0	1	0	0	0	0	0	0	0	0	0	0	0	0	0	0	0	0	0	0	1	0	0	0	0	0	0	0	0	0	0	1	1	1	0	2	1	1	0	0	1	0	0	1	1	0	0	1	0	0	1	0	1	1	0	1	0	0	0	1	2	0	0	0	0	0	0	0	0	0	0	0	1	1	0	0	0	0	0	0	0	1	0	0	1	0	0	0	0	1	2	1	2	1	0	1	1	1	0	1	0	0	0	0	1	0	0	0	1	2	0	1	1	0	0	0	1	1	1	3	0	0	0	0	4	1	0	0	1	2	1	2	3	1	2	6	8	2	0	1	0	0	0	1	1	1	2	3	2	0	1	2	0	1	3	1	1	2	2	2	3	3	2	1	1	3	1	0	1	0	0	1	3	3	1	0	1	1	0	1	1	1	0	0	0	1	1	0	1	1	0	1	0	1	1	0	0	0	0	0	0	1	0	1	0	0	1	0	1	0	2	3	3	0	1	0	0	2	0	1	1	0	0	0	2	0	1	0	0	2	1	0	0	0	0	0	1	0	0	1	0	0	0	0	0	1	0	1	0	0	0	0	1	0	1	1	0	0	0	0	1	1	0	1	0	0	1	0	1	0	0	0	1	1	1	1	0	0	1	1	1	1	0	0	0	0	1	1	0	4	0	0	2	3	1	3	2	0	1	1	0	3	2	1	1	1	4	1	1	0	2	1	1	2	3	1	1	4	4	13	9	13	15	15	14	64	0	30	23	15	19	15	10	12	1	7	6	1	2	4	6	0	1	3	12	4	4	2	2	0	0	1	3	2	1	1	1	0	0	0	3	1	1	4	1	0	0	0	3	5	1	1	2	1	1	1	0	0	0	1	2	3	2	1	1	2	0	1	2	3	6	4	0	3	2	1	4	1	1	3	1	1	0	0	1	2	4	0	1	1	2	0	1	1	0	2	3	1	2	2	5	9	5	8	3	3	6	5	2	1	3
0	0	0	0	0	0	0	0	0	0	0	0	1	0	0	0	1	0	0	0	0	1	0	1	0	0	1	0	1	0	0	1	0	0	0	0	0	1	0	1	1	1	0	1	1	0	1	0	0	0	1	0	0	0	0	0	0	0	0	1	0	0	0	0	0	0	0	0	0	0	0	0	0	0	1	0	0	0	0	0	1	1	0	0	0	0	0	0	0	1	0	0	1	0	3	0	1	2	1	0	0	1	0	0	0	1	0	0	0	1	1	1	0	1	0	1	1	0	0	0	0	0	0	0	2	0	0	1	0	1	0	0	0	1	0	0	0	0	0	0	1	0	0	1	1	0	1	0	1	3	2	3	0	2	0	2	0	0	0	1	1	0	0	1	0	0	0	1	1	0	0	0	0	0	0	0	2	0	0	1	0	0	0	2	2	0	0	1	1	0	1	0	0	1	0	4	1	1	1	1	2	1	0	1	0	0	1	1	0	1	3	0	1	2	2	4	3	2	2	2	2	0	0	1	1	0	0	0	3	1	1	1	1	1	0	1	0	2	0	1	0	1	1	0	1	3	0	1	1	1	0	0	0	1	1	1	1	0	1	1	1	1	1	1	0	0	2	1	2	3	2	1	0	2	1	1	1	1	2	1	0	0	0	2	1	0	0	2	0	0	0	1	1	0	0	0	1	0	0	0	2	0	0	1	0	1	1	0	0	0	0	1	0	1	0	0	0	0	0	0	0	1	0	1	1	1	1	0	0	0	1	0	1	1	0	1	0	0	1	1	0	0	1	1	0	2	0	2	2	3	1	0	0	3	1	3	1	5	5	4	5	3	1	3	0	2	2	2	0	2	4	3	2	2	5	2	3	8	12	9	9	4	9	11	30	0	56	70	29	17	4	7	5	11	5	2	7	6	3	3	3	3	6	5	3	3	3	1	1	1	3	0	1	0	0	3	1	1	2	0	1	2	5	0	1	0	4	1	1	0	1	2	2	0	1	1	1	0	1	3	2	2	1	1	1	3	4	5	2	1	4	1	1	4	3	3	0	0	0	1	1	0	4	3	1	2	1	2	0	3	0	2	1	0	3	6	5	5	7	11	14	25	8	8	13	10	10	6	3
0	0	0	0	0	0	0	0	0	0	0	0	1	1	0	1	0	0	2	0	0	2	0	0	0	0	1	0	0	0	1	0	0	2	0	0	0	1	0	2	0	0	0	2	0	0	0	0	0	0	0	0	0	0	1	0	0	1	0	0	0	0	0	0	0	1	0	0	0	0	0	0	0	0	0	0	0	0	0	0	0	0	1	1	0	0	0	0	1	1	0	1	1	0	1	1	0	0	1	1	0	0	1	1	1	0	0	0	1	0	2	0	0	2	0	0	0	0	0	1	0	0	0	1	1	0	1	2	0	0	0	0	0	1	1	0	1	1	1	0	0	0	1	1	1	0	0	6	5	2	0	0	0	0	2	0	0	1	2	1	0	0	3	0	0	0	0	0	0	2	2	1	0	0	1	0	0	0	0	1	1	0	3	2	4	0	0	2	1	2	2	2	2	3	3	0	1	1	0	2	0	0	0	1	1	1	0	0	2	0	1	1	0	0	0	2	2	2	2	3	2	1	1	3	0	0	2	1	1	1	0	2	0	0	1	1	1	1	0	0	0	0	0	0	0	0	1	3	3	0	0	0	0	1	0	2	1	0	1	0	0	1	0	0	0	0	2	1	3	4	1	1	1	1	0	1	3	1	1	0	0	3	0	0	1	1	0	1	2	0	0	0	1	0	0	0	0	1	0	1	0	0	0	0	0	1	2	2	0	1	1	2	1	0	0	0	0	0	0	0	0	1	1	1	0	1	1	2	0	0	1	2	0	2	1	1	0	1	1	0	0	1	1	1	0	3	1	0	0	1	1	1	2	1	2	1	1	2	7	4	4	1	0	1	3	0	1	3	1	0	1	0	2	0	1	3	1	9	7	4	5	8	15	12	23	56	0	62	10	9	4	6	5	4	3	2	1	1	3	6	2	3	6	6	2	1	2	1	1	2	1	2	0	0	1	5	2	0	2	2	4	1	1	1	0	2	0	2	3	0	0	0	0	2	1	3	2	2	0	0	1	2	2	3	1	3	5	7	6	5	7	3	2	1	2	1	1	0	0	0	0	2	1	0	2	2	1	7	2	2	7	0	6	3	4	3	5	7	9	17	11	24	14	3	3	6	7	2	5
0	0	0	0	0	0	0	1	0	0	0	0	1	0	0	0	0	0	0	1	0	0	0	0	0	0	0	0	1	0	0	0	0	0	0	0	1	1	0	0	0	0	0	0	0	0	1	0	1	1	0	0	0	0	0	0	0	0	0	0	0	0	0	2	0	0	0	0	0	0	1	0	0	0	0	2	0	0	0	0	0	0	0	0	0	0	0	2	0	0	0	0	0	1	1	0	3	1	1	0	0	0	0	1	1	0	0	0	0	0	0	1	1	0	2	1	3	0	0	0	1	0	0	0	0	0	0	1	0	0	0	2	0	1	0	1	0	0	1	0	1	1	1	2	1	0	0	3	0	2	1	2	1	0	0	1	0	0	0	1	0	1	1	0	1	0	0	0	1	1	1	0	0	1	0	0	0	0	1	0	1	0	1	2	1	1	0	1	1	0	1	0	2	3	3	1	1	3	0	0	3	2	0	0	0	0	0	2	1	1	2	1	0	2	0	2	1	2	0	0	2	0	1	2	1	1	2	0	1	1	1	0	2	1	0	0	2	1	1	2	0	0	0	2	0	1	2	2	0	0	0	0	0	1	3	1	0	0	0	0	0	1	1	2	3	1	0	2	1	7	3	0	1	0	3	2	1	1	0	0	1	1	0	3	0	0	0	0	0	0	0	1	0	0	1	0	1	1	2	0	0	0	0	1	0	2	0	1	1	1	2	0	0	0	0	0	0	1	0	2	0	0	0	0	0	0	0	0	1	1	0	0	1	0	1	1	3	0	0	1	0	3	0	2	1	0	0	2	0	2	2	1	1	2	8	1	2	3	7	1	2	4	0	1	2	2	2	1	2	1	0	0	0	4	0	4	3	15	14	14	13	5	8	11	15	70	62	0	26	8	10	9	3	11	7	3	3	8	8	6	5	5	6	5	3	0	1	1	1	1	2	0	0	2	2	1	0	1	2	2	1	3	1	0	1	2	0	1	4	2	0	4	0	0	0	3	1	3	3	1	3	3	0	2	2	3	3	4	5	3	2	1	1	1	0	0	2	4	0	0	1	3	2	0	1	2	3	3	4	2	3	4	3	2	3	3	7	5	8	17	23	32	8	7	7	12	7	3	5
0	0	0	0	0	0	0	0	0	0	0	0	0	0	0	0	0	0	0	1	0	0	0	0	0	0	1	0	0	0	0	0	1	0	0	0	0	0	0	0	1	0	0	1	0	0	1	1	0	0	0	0	1	0	0	0	0	0	0	0	0	0	1	0	0	0	2	0	0	0	0	0	0	0	0	0	0	0	0	0	0	0	0	0	0	2	0	0	0	0	0	0	1	1	1	1	0	0	0	1	0	0	0	0	1	0	0	1	0	0	1	0	1	0	0	0	0	0	0	0	0	0	0	0	0	0	1	2	1	1	0	0	1	0	0	2	0	0	0	4	2	0	0	0	1	0	0	1	0	2	2	1	2	1	0	1	1	1	1	0	0	0	0	1	0	1	0	0	0	1	0	0	0	1	0	0	0	0	3	0	0	1	2	0	0	0	2	0	1	0	0	1	0	1	3	3	0	2	1	0	1	0	0	2	3	3	1	1	1	0	2	1	1	1	0	1	4	2	4	3	3	2	1	0	2	0	0	2	0	0	2	1	0	1	0	2	0	0	0	1	0	2	0	1	0	2	3	1	0	1	1	0	0	1	1	0	0	2	0	1	1	0	0	0	1	0	0	2	0	4	2	1	1	2	1	2	2	0	0	1	0	0	0	0	0	4	0	0	1	0	0	2	1	0	0	0	0	0	0	1	0	0	2	0	0	0	3	0	0	1	1	2	1	1	0	1	1	0	0	1	0	1	0	0	0	1	1	1	0	1	1	1	1	1	1	1	0	2	0	0	3	0	0	0	0	0	0	0	2	0	1	1	1	2	5	4	4	2	4	4	5	3	3	3	1	1	2	1	1	2	12	4	3	4	2	4	4	17	15	14	6	6	1	8	19	29	10	26	0	97	9	15	12	24	21	11	7	15	25	2	5	6	10	13	10	3	1	1	1	4	1	0	4	2	3	3	4	1	3	1	4	8	5	0	2	3	1	1	1	0	0	0	1	1	1	0	0	0	2	1	0	2	2	0	3	2	2	1	5	4	4	0	1	1	0	2	1	1	1	0	2	3	2	5	2	1	1	0	0	2	2	2	0	2	4	4	3	7	3	10	5	12	6	3	13	14	7	5	4
0	0	0	0	0	0	0	0	0	0	1	0	0	0	0	0	0	0	0	1	0	1	0	0	0	0	0	0	0	0	0	0	0	0	0	1	0	0	0	0	0	0	2	0	0	0	1	0	0	0	0	0	0	0	0	0	0	1	1	0	1	0	0	0	0	0	1	1	0	0	0	0	1	0	0	0	0	0	0	0	0	0	0	0	0	1	0	1	0	1	1	1	0	0	1	2	1	0	0	1	1	0	0	1	1	2	1	1	2	0	0	0	1	0	0	0	0	0	0	0	0	0	0	2	1	1	0	1	0	0	0	0	0	1	1	0	0	1	1	0	0	1	2	2	1	0	1	0	2	5	3	1	2	1	1	2	2	2	2	1	0	1	0	1	1	0	0	1	3	1	0	0	2	1	2	1	2	0	0	0	0	0	1	0	1	1	0	0	1	1	0	1	2	3	0	3	0	1	1	2	3	1	1	0	3	0	4	0	1	1	0	1	1	2	3	3	4	3	4	1	2	1	2	0	1	3	2	0	1	1	2	0	0	2	1	2	0	0	0	0	0	1	0	1	1	2	0	1	1	0	1	0	2	0	0	0	1	0	2	0	1	0	0	2	2	2	0	1	0	1	3	2	0	3	3	1	1	0	0	3	1	1	1	1	0	0	0	0	1	1	0	1	0	0	1	1	0	2	0	0	1	0	0	0	0	0	0	1	0	0	1	1	0	0	1	0	0	0	0	0	1	0	1	1	0	0	0	0	2	2	1	1	0	0	0	0	1	1	0	0	0	4	2	4	0	0	0	0	1	2	0	2	1	0	4	2	5	0	1	2	4	1	1	3	2	1	0	3	5	2	8	5	6	2	2	9	7	11	6	15	14	7	5	12	15	17	9	8	97	0	45	22	15	30	27	13	6	8	12	12	7	11	21	15	7	6	3	4	2	4	3	3	3	2	3	7	6	4	2	1	7	5	1	3	1	2	0	1	4	0	0	0	0	0	1	1	2	2	2	0	1	0	1	3	0	1	1	0	2	3	4	0	2	1	2	1	2	1	0	1	0	2	1	2	1	1	1	3	4	1	0	2	5	1	0	1	3	2	3	2	1	6	2	5	3	10	6	2	2
0	0	0	0	0	0	0	0	0	0	0	0	0	0	0	0	0	0	1	0	0	0	0	1	0	0	0	0	0	0	0	1	0	0	1	0	0	0	0	0	0	0	0	0	1	1	1	0	0	0	0	1	0	0	0	0	0	0	0	0	0	1	0	0	2	0	0	0	0	0	0	1	1	0	0	0	1	1	1	0	0	1	0	0	0	0	0	0	0	0	1	1	0	0	0	2	0	0	3	0	0	0	3	0	0	0	0	0	1	0	0	2	1	1	0	0	1	0	0	1	0	0	0	0	0	0	0	1	0	0	0	0	0	0	1	0	0	3	0	0	0	2	2	0	0	1	1	3	3	2	1	6	2	1	0	0	0	0	0	1	0	0	0	0	0	2	1	0	1	0	1	0	0	0	3	0	1	1	1	1	3	1	1	1	0	1	0	2	1	0	3	5	4	4	4	2	0	0	1	1	2	0	0	1	0	6	1	3	0	3	2	1	1	0	1	4	4	6	1	6	5	2	2	0	0	0	2	0	2	3	0	0	0	3	2	0	0	0	0	0	1	1	1	0	0	0	0	2	0	1	0	1	2	3	1	0	3	1	1	2	1	2	1	2	2	3	0	3	4	3	1	1	3	0	1	6	2	1	0	0	1	0	1	1	1	1	0	0	2	2	0	1	0	0	1	0	0	1	1	0	1	2	1	0	0	0	0	0	0	0	0	1	0	0	0	2	0	0	0	0	0	2	0	0	3	0	0	0	2	2	0	1	0	0	0	2	2	1	3	2	0	0	0	0	0	1	1	4	5	1	1	1	1	3	3	4	0	4	4	1	8	5	2	2	5	3	2	3	5	3	4	3	6	2	1	1	2	9	8	23	60	12	6	13	10	4	4	10	9	45	0	36	18	17	9	6	0	3	5	3	10	17	26	23	9	11	3	3	2	3	3	2	0	3	6	3	4	2	2	3	7	10	4	2	1	3	3	1	3	0	0	2	1	2	0	1	0	1	2	1	0	2	2	1	1	1	2	3	2	4	3	2	3	2	2	4	4	0	1	1	0	2	1	2	2	1	0	1	2	4	1	2	3	0	1	1	1	1	2	5	1	5	2	1	4	3	8	1	3
0	0	0	0	0	0	0	0	0	0	0	0	1	0	0	1	0	1	0	0	0	0	0	1	0	0	0	0	0	0	0	0	0	0	0	0	0	0	1	0	0	0	0	0	3	0	0	0	0	0	1	0	0	0	0	1	2	1	0	0	0	0	1	0	0	0	0	0	0	1	0	0	0	0	0	1	1	0	1	0	0	1	1	0	0	0	1	0	0	1	0	0	1	0	1	0	0	0	0	0	0	0	0	0	0	0	0	1	0	1	1	0	2	1	2	0	0	2	0	1	1	0	0	0	0	0	0	1	1	0	1	0	1	0	0	0	0	1	0	0	1	0	1	1	0	0	0	4	5	5	1	1	3	0	0	1	0	1	1	0	0	0	0	2	2	0	0	1	1	0	0	1	0	1	0	1	1	1	1	2	0	2	3	2	0	1	1	0	2	0	2	2	3	2	3	1	0	1	1	0	0	1	1	2	1	0	2	3	0	1	1	2	3	2	2	1	6	2	3	6	2	2	0	0	1	0	1	0	2	0	1	1	3	1	0	0	0	0	0	0	0	1	1	1	2	1	1	0	0	2	2	0	0	0	0	0	0	2	0	0	1	0	0	2	1	1	1	1	0	2	5	2	0	1	0	0	1	0	2	1	0	0	0	0	0	0	1	0	2	0	1	1	1	0	0	0	0	1	1	0	2	2	0	0	0	1	0	0	0	1	0	1	0	0	0	3	0	0	0	0	0	0	1	1	1	1	0	0	0	0	0	0	0	0	1	0	1	1	0	1	0	1	1	0	1	0	1	2	2	1	0	0	0	1	3	1	1	0	3	1	4	1	2	3	3	2	3	1	2	1	3	4	0	2	3	4	2	4	7	11	4	10	8	6	12	7	6	9	15	22	36	0	37	19	6	4	4	6	5	4	1	4	8	9	8	5	3	1	1	4	0	4	6	1	3	3	6	4	6	1	2	2	2	2	2	1	1	0	0	2	2	0	0	0	1	1	1	1	0	0	1	0	1	2	1	2	3	3	2	2	1	2	1	0	1	1	2	1	0	1	3	1	2	1	0	1	2	1	3	0	2	3	4	1	2	0	4	0	2	1	4	3	3	4	2	5	3	1	1
0	0	0	0	0	0	0	0	0	1	0	0	0	0	0	0	0	0	0	0	1	0	0	0	0	0	1	0	0	1	0	0	0	1	2	0	1	1	1	0	0	1	0	0	0	0	0	1	1	0	0	0	0	1	2	0	0	0	2	2	0	0	1	0	0	0	0	0	0	0	0	0	0	1	0	0	0	0	0	0	0	0	1	0	0	0	0	0	0	0	0	0	1	0	3	0	1	0	0	0	0	0	1	1	0	0	1	1	0	0	1	0	0	0	0	0	0	0	0	0	0	0	0	0	0	1	0	1	1	1	0	0	0	0	0	0	0	0	0	0	0	1	0	0	0	0	2	4	3	2	0	2	1	1	2	0	1	2	1	1	1	1	0	0	1	0	0	1	0	1	0	0	0	1	0	0	0	0	2	0	0	0	0	1	0	3	0	1	2	0	1	2	0	1	2	1	3	0	1	0	1	0	0	1	2	1	0	0	2	0	1	2	1	0	0	0	5	1	0	3	4	1	2	1	0	1	2	0	1	0	0	2	1	0	2	3	4	1	0	1	0	1	1	1	1	0	0	0	1	1	2	0	2	1	1	1	1	1	1	1	2	2	2	1	1	3	2	1	2	2	4	2	1	0	0	0	1	1	2	0	1	0	2	0	1	0	0	1	2	0	0	1	0	0	0	0	0	0	0	0	0	0	0	0	0	0	0	1	0	2	0	0	1	1	0	0	0	0	1	0	1	1	0	0	0	1	0	0	0	1	1	1	0	1	2	1	0	0	0	0	0	0	0	0	0	0	0	0	0	0	1	1	0	0	0	1	1	0	5	2	3	0	2	1	2	1	1	1	5	0	5	7	6	2	3	6	8	4	12	2	8	6	4	6	1	5	5	3	12	15	18	37	0	45	14	8	4	1	4	7	3	3	8	14	17	17	6	4	7	2	2	2	3	5	6	8	5	1	4	2	0	2	2	1	1	1	2	1	1	0	4	2	0	2	1	0	2	0	0	0	0	0	0	2	0	0	1	2	1	3	3	2	0	3	0	0	2	1	1	0	0	0	0	0	1	1	2	1	2	0	1	2	1	0	1	1	1	2	1	2	2	5	2	2	5	4	4	0	1
0	0	0	0	0	0	0	0	0	1	0	0	0	0	0	0	0	0	0	0	0	0	0	0	0	0	1	0	1	0	0	0	0	1	0	1	0	0	0	0	0	0	0	1	0	0	0	0	0	0	0	1	0	0	0	0	0	0	0	0	0	0	0	0	0	0	0	0	0	1	0	0	0	0	0	0	0	0	0	0	0	0	1	1	0	0	2	1	0	0	1	0	3	0	0	1	0	0	1	0	1	0	1	0	0	0	0	0	1	0	0	0	1	2	1	0	1	0	0	0	1	0	0	0	0	0	0	0	0	0	0	0	0	0	0	0	0	0	0	0	0	1	1	1	1	1	1	2	1	2	2	1	1	0	1	1	0	0	0	1	0	1	0	0	0	0	0	0	0	0	0	0	1	0	2	1	1	1	0	0	2	1	0	3	0	2	0	1	1	1	0	1	0	0	3	0	0	1	0	0	1	1	0	0	0	0	1	0	0	1	0	1	1	1	1	1	1	0	2	0	0	0	0	1	1	0	2	1	2	1	1	0	0	2	0	1	0	0	0	0	0	0	0	1	0	1	1	1	0	0	1	0	2	0	2	1	0	1	3	0	3	0	4	3	1	1	4	1	1	0	5	1	1	1	1	1	2	0	0	1	0	0	1	1	0	0	0	0	0	0	1	0	1	0	0	1	0	0	0	2	1	0	0	0	1	0	0	0	1	1	0	0	0	1	0	0	0	1	0	0	1	1	0	0	0	0	0	0	0	0	0	1	1	0	1	0	0	0	0	0	1	1	1	2	1	0	0	1	0	0	1	1	0	3	0	5	1	1	1	2	2	1	6	3	4	1	5	5	3	2	11	10	11	8	4	7	4	5	3	5	4	3	3	4	7	11	4	11	24	30	17	19	45	0	40	16	12	12	14	5	2	10	9	12	13	12	5	2	3	0	1	0	4	3	6	7	2	1	2	0	3	2	2	1	0	2	1	0	0	0	0	0	1	1	0	1	0	2	1	0	1	1	1	0	2	2	1	0	0	2	3	1	0	1	1	2	2	2	0	1	0	1	0	0	2	0	0	2	3	2	0	1	1	0	1	0	6	2	0	1	1	3	3	5	4	8	2	2	0
0	0	0	0	0	0	0	0	0	0	0	0	0	0	0	0	0	0	0	0	0	0	1	0	0	0	1	0	0	1	0	0	0	0	0	0	0	0	0	0	0	0	1	0	0	1	0	0	0	0	0	0	0	1	1	0	0	0	0	0	0	0	0	0	0	0	0	0	0	1	0	0	0	0	0	0	0	0	0	0	0	0	1	0	0	0	0	0	1	1	0	1	1	1	0	0	1	0	0	0	1	1	0	0	1	0	0	0	0	1	0	0	0	0	0	0	2	1	0	0	0	0	0	0	0	2	0	0	0	0	0	1	0	1	0	0	0	0	1	1	0	0	2	0	1	0	1	1	1	1	2	1	0	1	0	1	0	0	0	0	0	1	0	0	0	0	1	1	0	0	1	0	0	0	0	0	0	0	1	0	0	0	1	1	1	0	2	0	2	1	4	2	0	0	1	1	2	0	0	0	0	5	0	1	1	0	2	0	1	0	1	3	0	0	1	0	2	4	1	0	1	1	0	1	0	1	2	1	0	0	0	0	2	1	0	0	0	1	1	0	1	1	0	1	0	0	1	1	1	1	1	1	1	2	1	1	3	1	1	1	0	0	1	1	0	1	3	3	1	2	0	3	0	0	2	2	0	0	0	0	0	0	0	0	0	0	0	0	0	0	0	1	1	1	0	0	0	2	0	0	0	0	0	0	0	0	0	0	0	0	1	0	1	0	0	1	0	0	0	0	0	0	0	0	0	0	0	0	0	0	0	0	0	0	0	0	0	0	0	0	1	1	0	0	0	0	0	2	1	1	1	1	1	3	0	3	4	1	3	3	4	4	3	7	4	7	9	3	15	8	21	11	15	10	9	7	10	7	5	11	5	3	4	4	6	5	3	7	21	27	9	6	14	40	0	73	23	25	20	16	4	10	14	13	8	13	5	3	2	3	4	1	2	4	7	3	1	0	3	3	1	3	4	1	4	1	1	1	1	2	0	0	1	0	2	0	0	3	0	1	1	1	2	0	0	1	0	1	0	2	3	0	0	3	0	0	1	1	0	1	0	2	1	3	2	2	0	0	1	2	1	3	3	0	2	2	2	0	3	1	4	1	4	3	4	12	7	2	3
0	0	0	0	0	0	0	0	0	0	0	0	0	0	1	1	0	0	0	0	0	0	0	0	0	0	0	0	0	0	0	0	0	0	0	0	0	0	0	0	0	0	0	0	1	0	0	1	0	1	0	0	0	0	0	0	0	0	0	0	0	0	0	0	1	0	1	0	0	0	0	0	0	0	0	0	0	0	0	0	0	0	0	0	0	0	0	1	1	0	1	0	0	0	0	3	0	0	1	0	0	0	0	0	0	0	0	0	0	0	1	0	0	0	1	0	0	3	1	0	0	0	0	0	0	0	0	0	0	0	1	0	0	0	0	1	0	1	0	0	3	1	0	1	0	2	0	1	3	1	1	1	0	0	0	0	0	0	1	1	0	0	0	0	0	2	0	0	0	2	0	0	1	0	1	0	1	1	1	0	0	2	0	0	1	0	0	2	0	0	1	1	0	2	3	0	2	2	0	1	0	0	1	2	0	1	0	0	0	1	1	2	0	3	0	0	1	0	0	0	1	2	0	0	1	3	1	0	1	0	1	0	1	0	1	0	1	0	0	0	0	1	0	0	0	2	1	0	2	0	0	2	0	1	0	0	0	0	0	1	2	1	2	3	0	2	2	1	4	1	2	2	2	0	1	1	4	0	0	1	1	0	3	1	0	1	0	0	1	0	0	0	1	0	1	0	0	2	0	0	0	0	0	0	1	0	0	0	0	0	1	0	0	0	0	0	0	0	1	0	1	0	0	0	0	0	0	0	0	0	1	0	0	1	1	2	0	0	0	1	1	0	1	0	1	0	0	0	0	1	0	1	0	0	3	5	2	1	7	6	2	3	4	2	1	4	9	5	7	10	26	8	11	10	17	24	20	2	4	3	0	4	1	1	1	2	2	3	11	13	6	4	8	16	73	0	51	43	35	16	5	7	4	13	3	9	2	4	1	2	6	3	1	2	13	1	1	3	1	2	2	6	2	2	1	3	2	0	0	0	0	0	1	0	0	1	0	2	0	0	1	0	0	1	0	2	0	0	1	1	0	0	0	0	1	2	0	1	1	0	0	3	1	0	3	1	0	1	2	2	1	2	2	3	2	1	5	0	0	1	4	7	2	1	10	13	9	3	7
0	0	0	0	0	0	0	0	0	0	0	1	0	0	0	0	0	0	0	0	0	1	1	0	0	0	0	0	0	1	0	0	0	1	0	0	0	1	0	0	0	0	1	0	0	0	0	0	1	0	0	0	0	0	0	0	1	1	0	1	0	0	0	1	0	0	0	0	0	0	0	0	0	0	0	0	0	1	0	0	0	0	0	0	2	0	1	0	1	1	1	0	2	0	0	0	0	0	0	0	0	0	0	0	1	0	0	0	1	0	0	0	0	0	2	0	0	0	0	0	0	0	0	0	0	0	0	0	0	0	0	0	0	0	0	0	0	0	0	1	0	0	0	0	1	0	0	0	2	0	1	0	0	1	1	0	1	0	0	0	1	0	0	0	0	1	0	2	0	1	0	0	2	0	1	1	1	0	0	0	0	0	0	0	0	0	0	0	0	0	2	0	2	1	2	0	0	2	0	1	1	2	1	1	0	0	0	0	0	0	0	0	2	2	1	1	2	2	0	2	1	0	0	1	0	0	1	1	1	1	3	0	0	2	1	1	0	0	0	1	1	0	1	0	1	0	1	0	0	1	0	2	0	0	1	0	1	2	1	1	0	1	0	1	0	1	0	1	1	0	1	1	2	1	0	2	1	2	1	0	0	0	0	0	0	0	0	1	0	0	0	0	0	1	2	1	1	1	0	0	0	0	1	0	0	1	1	0	1	0	0	1	0	0	0	0	0	0	0	0	0	0	0	1	1	1	0	1	0	0	1	1	0	0	0	0	0	0	0	0	0	3	0	1	0	0	0	0	1	0	0	0	0	0	2	2	2	0	2	3	0	1	2	4	2	2	6	5	3	6	12	3	7	11	20	8	11	5	1	2	2	0	2	2	2	7	1	3	7	6	0	4	4	12	23	51	0	104	32	5	4	6	3	3	5	5	5	3	2	3	0	1	1	3	1	2	1	0	1	5	3	5	1	2	0	1	2	0	0	0	2	1	0	1	0	1	0	0	1	1	1	1	3	0	1	0	1	2	1	0	0	1	0	1	3	0	0	0	2	2	1	3	1	4	0	2	1	2	0	0	1	1	0	1	2	4	2	2	2	7	2	4	5	4	12	14	12	4	4
0	0	0	0	0	0	0	0	0	0	0	0	0	0	0	0	0	1	0	0	0	0	0	0	0	0	0	0	0	0	0	0	1	0	0	0	0	0	1	0	0	0	0	0	0	0	0	0	0	0	0	0	0	0	0	1	0	0	1	0	0	0	0	0	0	1	1	0	0	0	0	0	1	0	1	0	0	0	0	1	0	0	1	0	0	1	1	0	0	0	3	0	0	1	1	1	0	0	0	0	0	2	0	1	0	0	0	1	0	0	1	0	0	0	1	0	0	1	2	0	0	0	1	0	1	1	1	0	0	0	1	0	0	0	1	0	0	0	1	0	1	0	0	0	1	0	0	1	1	0	1	1	0	0	0	0	0	0	1	0	1	0	0	1	0	3	0	1	1	0	0	0	0	0	0	0	0	1	0	0	2	0	0	0	1	0	0	0	2	2	0	1	0	0	1	2	1	0	0	1	0	1	1	1	2	1	0	0	0	1	0	1	0	0	0	4	1	1	0	3	0	1	0	0	0	0	0	0	1	0	0	1	0	1	1	0	0	0	1	2	0	0	0	2	1	2	1	0	0	1	2	1	0	2	1	1	1	1	0	0	0	0	2	0	3	2	1	0	2	0	1	1	1	1	2	2	0	1	0	0	0	0	0	1	0	0	1	1	1	1	0	0	0	0	0	0	0	1	1	0	1	1	0	0	0	1	0	0	0	2	0	0	0	0	1	0	0	1	0	0	2	1	1	0	0	0	0	0	0	0	0	1	1	1	0	0	0	0	1	0	1	0	2	1	1	0	0	0	0	1	0	0	1	3	0	4	0	4	3	3	7	1	0	1	0	1	2	2	4	5	9	4	4	4	7	6	10	12	4	4	3	4	2	2	4	6	1	8	15	8	3	6	1	12	25	43	104	0	31	2	1	3	5	3	6	6	2	2	3	7	2	0	1	1	3	3	1	1	3	3	0	3	4	2	1	2	0	1	0	0	0	1	0	0	0	0	0	1	1	0	0	1	0	0	2	1	0	1	0	1	0	0	0	1	1	0	1	1	1	0	3	0	1	1	0	0	0	2	1	2	1	1	0	1	1	1	1	6	2	8	9	7	3	6	16	32	6	4	6
0	0	0	0	0	0	0	0	0	0	0	0	1	0	0	0	0	0	0	0	0	0	0	0	0	0	0	0	0	0	0	0	1	0	1	1	1	0	0	0	0	0	1	1	0	1	0	0	0	0	0	0	0	1	0	0	0	0	0	0	1	0	0	0	0	1	1	0	0	0	0	0	0	0	0	0	0	1	0	0	0	0	0	0	1	0	0	1	0	1	0	1	0	1	0	0	0	0	0	0	0	1	1	0	0	1	1	0	1	0	0	0	0	0	0	2	1	0	0	0	0	1	1	0	0	2	0	0	0	1	0	0	0	0	0	0	0	0	0	0	1	0	0	1	0	0	0	2	2	0	2	0	3	0	0	0	0	0	0	0	1	1	0	0	0	0	0	0	0	0	0	0	1	1	1	0	1	0	0	0	0	0	1	0	0	0	0	1	1	1	0	1	1	3	2	2	3	2	0	1	1	1	2	0	0	0	0	2	1	0	3	0	0	1	1	2	0	2	0	0	1	0	2	2	0	0	0	1	1	0	2	0	1	0	1	2	0	0	0	0	0	0	0	1	0	1	1	1	1	0	0	0	0	3	1	0	0	3	2	0	0	0	1	0	1	1	2	3	2	3	2	3	0	0	1	2	1	0	0	0	1	0	0	0	0	1	1	1	1	0	0	0	2	0	1	0	0	0	0	0	0	0	1	0	1	0	0	1	0	0	0	0	0	0	0	1	0	1	0	0	0	0	0	1	0	0	1	1	0	1	0	2	0	0	1	1	0	0	0	0	0	0	0	0	0	0	2	0	0	4	0	0	2	1	7	4	1	3	7	9	6	6	7	10	3	3	3	3	3	12	13	4	4	8	7	21	36	14	9	3	5	3	0	4	6	3	3	8	25	12	5	5	4	14	20	35	32	31	0	12	5	9	7	7	3	4	3	4	1	2	1	2	2	1	4	2	2	1	3	4	5	5	0	0	0	2	3	2	1	0	0	1	0	0	0	1	2	0	0	0	1	1	1	0	1	2	3	3	3	0	1	2	1	2	1	0	1	2	0	0	0	0	1	4	3	0	0	3	0	2	0	2	4	6	2	2	0	2	5	8	11	12	7	5	17	35	20	12	3
0	0	0	0	0	0	0	0	2	0	0	0	0	0	0	1	0	0	1	0	0	1	1	0	0	0	0	0	2	0	0	0	0	1	1	0	0	1	0	0	0	0	0	2	0	0	0	0	0	0	0	0	0	0	1	0	1	0	0	1	1	1	0	0	0	0	1	0	1	0	1	0	0	0	0	0	0	0	0	1	0	0	0	0	0	0	0	0	0	0	0	2	0	0	0	0	0	0	1	1	1	1	0	2	0	0	1	0	0	0	0	0	0	0	0	0	0	0	0	0	2	0	0	0	0	0	0	0	0	0	0	2	0	0	0	0	0	0	0	0	0	0	1	0	0	1	1	2	1	3	1	1	0	1	0	0	0	0	2	1	0	0	0	1	0	0	0	0	0	0	0	0	0	0	0	0	1	1	1	0	1	0	0	3	0	0	0	0	0	0	1	0	0	5	2	1	3	0	0	1	1	1	0	0	1	1	3	1	1	1	0	1	1	3	2	1	1	1	3	0	2	0	2	1	1	0	2	4	1	1	3	0	1	0	2	1	0	1	0	0	0	2	0	2	1	0	0	2	1	0	1	0	2	1	1	1	1	2	2	0	3	1	3	0	5	0	1	1	2	2	4	1	6	1	3	1	0	5	0	3	2	0	1	0	2	0	0	0	0	0	1	1	0	1	1	3	2	0	1	0	1	0	2	0	0	0	1	0	0	1	0	0	0	1	1	0	1	0	1	0	0	0	0	0	0	1	0	0	0	1	0	0	2	2	0	0	0	0	0	2	0	0	1	1	0	0	0	0	1	1	2	0	1	6	4	14	1	6	7	7	20	17	16	23	7	4	9	12	28	14	16	11	6	9	6	13	16	19	10	8	9	3	4	1	0	3	6	6	2	12	3	4	7	5	16	16	5	2	12	0	49	42	20	9	2	16	3	2	2	5	2	5	2	6	5	6	5	3	7	6	11	11	7	3	2	2	2	1	0	0	1	0	0	0	2	3	0	0	1	2	0	0	0	2	3	1	1	2	4	1	2	0	1	0	0	2	1	1	3	1	4	2	2	3	2	1	5	3	3	2	2	2	1	3	4	1	4	1	1	0	1	3	4	1	3	6	4	1	4
0	0	0	0	0	0	0	0	0	0	0	0	0	0	0	0	0	1	0	0	0	0	0	1	0	0	0	1	0	0	0	0	0	0	0	0	0	0	1	1	1	1	0	0	1	1	0	0	0	0	0	0	0	0	1	0	0	0	0	0	0	0	0	0	0	0	0	0	0	0	0	0	0	0	0	0	0	0	0	0	0	0	0	0	0	0	0	0	0	0	0	0	0	1	0	0	1	1	1	2	1	0	1	0	0	2	0	1	0	1	0	0	0	1	0	0	1	0	2	0	1	0	0	0	1	0	0	0	0	1	1	0	0	0	0	1	0	0	1	0	0	1	0	0	0	1	1	2	1	7	2	1	0	1	2	1	1	1	0	1	3	0	0	0	0	1	0	1	3	1	0	1	0	1	1	2	2	1	0	0	0	0	0	1	2	1	1	1	0	0	4	0	2	2	4	2	1	2	0	1	3	0	3	0	0	0	2	5	1	1	1	0	0	0	0	1	1	1	0	2	3	1	1	1	1	1	4	6	2	2	1	0	0	1	1	0	2	1	0	0	0	1	0	1	0	1	0	3	1	1	1	1	1	2	1	3	5	0	3	4	3	1	3	1	1	4	1	5	5	7	8	4	3	2	1	2	3	2	0	0	2	2	0	1	0	0	1	2	4	0	0	1	0	0	1	0	0	1	1	0	0	1	2	0	1	1	2	2	1	1	0	2	0	0	1	0	0	0	1	0	1	0	0	0	0	0	0	0	1	1	0	1	3	2	2	0	0	2	0	0	0	1	0	0	0	3	2	0	3	2	1	0	3	13	16	8	4	7	7	6	22	14	30	41	30	10	13	8	12	7	16	11	3	7	6	11	4	4	5	13	6	4	3	3	1	3	2	5	5	7	10	1	3	2	4	5	4	1	5	49	0	144	16	14	5	7	3	3	3	4	1	3	3	4	13	30	11	5	9	12	17	29	8	4	5	7	7	2	1	0	0	1	0	1	0	2	3	4	2	3	1	3	0	0	1	1	1	3	4	3	4	2	1	3	2	4	5	3	1	0	1	4	1	2	5	3	3	2	4	3	3	0	2	0	1	2	2	1	5	2	2	5	2	1	3	2	1	2	1
0	0	0	0	0	0	0	1	0	0	0	0	0	1	0	0	0	0	0	0	0	0	0	0	0	0	1	0	0	0	0	1	0	0	0	0	0	2	1	0	0	0	0	0	0	0	1	1	1	0	0	0	0	0	0	0	0	0	0	0	0	0	0	0	0	0	0	0	0	0	1	0	0	0	0	0	0	0	0	1	0	0	0	1	0	0	1	0	1	0	0	1	0	0	1	0	2	1	1	0	0	0	0	0	1	0	0	1	0	1	0	0	1	0	0	0	0	0	1	0	0	0	0	0	0	0	1	1	0	0	0	0	0	1	0	1	0	0	0	0	0	0	0	1	0	0	2	4	2	1	2	0	1	0	0	2	0	0	0	0	0	0	1	2	1	0	1	0	1	0	1	0	0	0	0	0	1	0	1	2	0	0	0	0	2	1	0	0	1	2	0	0	0	0	1	3	1	0	0	2	1	0	1	1	1	3	1	2	4	1	1	3	0	1	1	0	0	5	4	5	4	0	1	0	2	0	1	3	2	3	0	0	0	2	1	2	0	1	1	1	1	0	1	1	0	0	2	4	1	1	1	0	0	1	2	2	5	1	2	1	1	1	0	1	3	5	6	3	4	16	8	5	7	4	6	7	1	2	3	2	2	0	1	2	0	1	0	0	0	0	0	2	0	0	0	0	0	0	0	0	0	1	1	1	1	1	2	2	1	0	2	0	2	0	0	1	0	1	0	1	0	0	1	0	0	0	0	1	0	2	0	0	0	0	0	0	1	0	1	2	0	0	0	0	1	0	1	2	1	1	0	0	1	9	13	15	4	8	13	3	24	9	17	15	13	5	9	6	10	4	18	10	5	4	5	6	12	13	8	13	13	2	0	5	3	3	3	5	6	11	17	4	3	10	10	7	6	3	9	42	144	0	36	15	8	8	1	3	4	11	5	1	3	3	19	15	15	9	7	18	9	18	8	2	4	6	10	1	2	1	1	0	1	1	1	2	0	1	1	2	0	0	1	1	3	1	1	0	7	3	0	1	0	1	0	1	2	4	1	2	1	2	3	5	4	4	3	4	5	3	3	1	0	1	0	5	2	2	2	1	5	1	1	3	4	7	5	2	1
0	0	0	0	0	0	0	0	0	0	0	0	0	0	0	0	0	0	0	0	0	1	0	0	0	0	1	0	1	0	0	0	1	1	0	0	1	1	0	1	0	0	1	1	0	0	0	0	0	1	0	1	1	1	0	0	2	0	1	1	0	0	0	1	0	1	0	0	0	0	0	0	0	0	0	0	0	0	0	0	0	0	0	0	1	0	0	1	0	0	3	2	0	1	0	0	0	0	0	1	0	1	0	0	0	1	0	0	0	1	0	1	0	0	0	1	0	0	2	1	0	0	0	1	0	1	0	0	1	0	1	0	0	0	0	0	1	0	0	0	1	1	0	0	1	2	2	2	2	5	3	2	2	2	0	3	3	1	1	1	0	0	0	2	0	1	0	1	0	0	0	0	1	0	0	1	1	0	0	0	2	1	0	2	0	1	3	0	3	2	2	1	3	3	1	6	0	0	0	3	1	1	3	1	0	1	3	1	1	2	2	1	2	1	6	3	2	3	1	5	1	2	4	2	2	3	1	2	5	1	0	2	3	2	3	0	1	0	1	3	0	0	0	0	0	3	0	0	0	1	2	0	3	2	4	2	6	1	0	0	1	1	4	3	2	3	7	2	7	9	2	6	1	3	4	1	2	2	4	2	0	0	3	0	2	2	2	1	1	1	1	0	3	1	0	0	2	0	0	0	0	0	0	2	0	2	0	0	1	0	0	2	1	0	0	0	0	0	0	2	1	1	1	0	0	0	2	3	0	0	0	0	0	0	1	0	1	0	1	0	0	1	1	0	0	1	1	0	1	1	0	0	4	4	7	4	5	3	4	1	11	7	4	7	6	4	5	5	10	8	6	6	6	3	4	5	5	6	6	22	18	9	4	6	12	6	6	6	10	21	26	8	8	9	14	4	3	5	7	20	16	36	0	53	17	9	6	1	1	5	5	1	4	3	7	15	7	9	6	6	10	10	4	2	7	2	2	0	1	0	0	0	0	1	0	1	1	1	1	0	1	0	0	2	1	0	1	2	8	0	1	0	0	1	1	1	2	2	3	2	3	2	3	3	2	2	0	2	1	2	2	4	2	3	0	3	1	2	2	2	3	3	1	0	2	6	1	4	1
0	0	0	0	0	0	0	1	0	0	0	0	1	0	0	0	0	0	0	0	0	0	0	0	1	0	0	0	1	1	0	0	0	3	1	0	0	0	0	1	0	0	1	1	0	0	0	1	0	0	0	0	0	0	0	1	1	0	0	0	0	0	0	0	1	1	0	0	0	1	0	0	0	0	0	0	0	0	0	0	0	1	0	0	2	0	1	2	0	0	1	1	0	0	1	1	1	0	0	0	1	1	0	0	1	0	0	0	1	0	0	0	0	1	0	0	0	0	0	0	0	0	0	0	0	0	0	0	0	1	1	0	0	0	0	1	0	0	1	0	1	1	0	2	3	1	0	2	2	5	1	1	0	3	3	1	1	1	1	0	0	0	1	2	0	0	0	0	2	0	0	0	0	1	0	1	1	1	0	0	2	2	0	0	0	0	1	2	0	2	2	0	4	0	2	5	2	1	1	3	2	2	1	0	2	1	1	2	2	1	1	2	0	2	2	2	2	5	4	5	0	2	2	0	0	2	0	2	3	2	2	2	1	0	2	2	1	1	0	0	1	1	1	1	2	0	0	0	0	2	2	0	1	1	0	4	2	1	0	0	2	0	1	1	2	2	1	4	11	7	4	4	1	2	2	2	0	2	0	1	1	0	0	1	0	0	0	1	2	0	0	1	1	1	2	0	0	1	0	1	0	0	0	0	1	0	2	0	1	2	0	1	0	1	0	0	0	0	0	0	0	0	1	0	1	0	0	1	1	1	0	1	0	2	0	0	1	0	1	1	0	0	0	1	1	0	2	0	1	3	2	1	1	3	4	7	4	2	4	5	7	2	5	3	7	4	11	7	10	7	13	13	13	5	4	3	4	5	9	8	15	8	6	2	4	5	6	5	13	15	23	9	14	12	13	13	3	3	7	9	14	15	53	0	23	60	11	2	4	11	8	2	11	3	11	13	5	7	5	1	4	4	2	0	3	2	1	1	1	0	1	1	0	0	1	2	1	0	3	2	1	1	0	1	1	0	0	3	5	1	0	0	0	0	4	0	2	1	1	0	1	0	4	0	4	2	1	1	2	0	2	1	0	1	1	1	4	1	0	2	1	4	0	3	3	3	1	0	1
0	0	0	0	0	0	0	0	0	0	0	0	0	1	0	0	0	0	0	0	1	1	0	2	1	1	0	0	0	0	1	0	0	0	1	0	1	0	1	0	0	0	0	0	0	1	0	0	0	0	0	0	0	0	0	1	0	1	0	0	0	0	0	0	1	0	0	1	0	0	0	0	0	1	0	0	1	0	0	0	0	0	0	0	0	0	0	0	1	0	0	1	0	1	0	0	0	0	2	1	0	1	0	1	0	2	0	0	1	1	0	0	0	0	1	1	0	0	1	0	2	0	0	0	0	0	0	1	0	0	0	0	0	0	0	0	0	0	0	1	0	1	0	1	0	0	1	1	3	1	3	1	1	0	1	3	1	0	0	1	0	1	0	1	1	0	1	2	0	0	1	1	0	1	0	1	0	0	0	1	1	2	1	2	2	2	0	2	0	0	0	1	1	2	2	2	1	0	1	0	1	1	1	0	3	1	1	2	1	1	1	0	0	1	2	1	2	2	2	2	2	2	1	1	1	0	0	5	0	1	0	1	2	1	1	1	1	1	1	0	1	1	0	1	1	2	0	1	0	0	1	0	0	1	0	1	2	1	0	0	0	2	2	1	1	2	4	2	3	7	2	1	3	2	1	2	2	1	1	1	0	0	1	0	0	0	0	1	0	0	0	1	1	0	0	0	0	0	0	2	0	0	0	0	0	1	0	0	0	0	0	0	0	1	1	0	0	0	0	1	0	0	0	0	0	0	0	0	0	0	0	1	2	2	1	0	1	0	0	0	0	0	2	1	1	0	0	1	1	0	1	0	1	1	2	2	5	1	0	4	5	1	2	2	2	5	3	6	7	6	7	11	15	4	1	0	1	4	2	3	5	5	2	4	4	3	2	3	10	7	9	8	17	13	8	3	5	6	3	2	5	8	17	23	0	84	20	16	6	7	5	3	5	4	14	4	5	3	4	2	4	5	2	2	3	1	4	1	0	0	1	0	0	0	0	0	2	1	1	0	0	1	0	1	1	0	2	1	3	2	0	1	3	2	1	0	1	0	2	0	1	1	0	3	1	1	1	0	0	1	0	3	2	3	0	2	1	3	1	1	3	2	2	1	3	2	1	0	0
0	0	0	0	0	0	0	0	0	1	0	0	1	0	0	0	0	0	0	0	0	0	0	0	0	1	1	0	0	0	0	0	2	0	0	0	1	0	0	0	1	0	0	1	0	1	0	0	0	2	0	0	0	0	1	0	0	0	0	0	0	1	1	1	0	0	0	0	1	0	0	0	0	0	0	0	1	0	0	1	0	0	1	0	0	0	1	0	2	0	0	0	0	0	1	1	0	1	0	0	1	1	2	3	0	0	1	1	1	0	0	1	0	1	0	0	0	0	0	1	0	0	0	1	1	0	0	0	1	0	0	0	0	0	0	0	0	0	0	0	0	0	1	3	0	2	1	0	2	4	3	1	1	0	0	2	2	0	0	0	0	1	0	0	1	3	0	0	1	0	2	0	0	0	0	0	1	2	0	1	1	0	0	0	0	1	0	0	1	1	2	1	2	3	1	1	1	1	0	0	1	2	1	2	0	0	3	1	0	0	1	2	1	0	1	1	1	2	4	3	0	0	1	1	0	2	1	2	1	1	0	1	0	3	1	1	1	0	0	0	1	0	1	2	3	2	0	0	0	1	0	0	0	1	2	1	3	2	0	0	0	3	0	3	1	1	0	3	6	6	3	6	2	1	2	0	1	0	1	2	2	3	0	1	4	0	0	1	1	1	0	1	0	0	0	1	0	1	0	2	1	0	0	0	1	0	1	1	0	0	0	0	0	0	0	0	0	0	0	1	1	0	1	0	0	0	0	1	0	1	1	0	2	0	0	0	0	0	0	1	2	0	0	1	1	0	0	0	2	1	1	0	0	1	2	2	0	0	5	1	3	3	1	9	3	12	8	10	16	10	18	31	23	9	6	4	4	2	2	6	8	5	4	4	2	3	1	0	3	6	11	5	17	12	13	9	5	6	4	16	7	8	9	60	84	0	35	16	6	10	6	11	9	5	15	15	4	4	3	2	1	2	1	3	3	2	1	1	1	3	2	2	0	1	0	1	0	0	1	0	0	1	0	0	1	2	2	0	1	0	0	0	0	0	1	6	1	3	1	0	0	0	2	2	0	0	2	0	1	0	0	0	1	0	1	1	1	0	0	3	4	3	1	1	1	5	1	4	2
0	0	0	0	0	0	0	0	0	0	0	0	0	0	0	0	1	0	0	0	1	0	1	0	0	0	0	0	1	0	0	1	2	1	0	1	0	0	1	0	0	0	0	1	0	0	2	0	0	0	0	0	0	0	1	0	0	0	0	0	0	0	1	0	0	0	0	0	0	1	0	0	0	0	0	0	0	0	0	0	0	0	1	0	0	1	0	0	0	0	0	0	0	0	0	0	0	0	1	0	1	0	0	0	0	0	0	0	0	1	2	0	0	0	0	2	1	0	0	0	0	0	0	0	0	0	0	1	2	0	0	0	0	0	0	0	2	0	0	1	0	1	1	1	0	0	2	1	2	2	3	1	0	2	0	0	1	1	0	0	1	0	1	0	0	0	0	2	0	0	1	1	1	0	1	0	2	2	0	1	0	0	0	1	0	0	0	0	1	2	2	0	1	1	1	1	1	1	0	0	0	1	0	0	1	0	1	0	0	2	1	2	1	0	0	0	2	1	0	1	1	0	0	1	2	2	0	2	1	0	1	2	0	2	4	3	0	0	1	0	3	0	1	0	2	2	0	1	1	1	1	1	1	1	0	1	3	0	1	2	0	1	5	1	2	0	1	1	7	6	4	1	2	1	0	0	0	2	1	0	1	1	1	0	0	0	0	0	0	0	1	0	1	0	0	0	2	1	0	0	2	0	0	0	0	0	0	1	1	0	1	0	0	0	0	1	0	0	0	0	0	0	0	0	0	0	0	1	0	0	1	0	0	0	0	0	0	0	0	1	0	1	1	0	0	0	0	0	1	0	0	1	0	3	1	1	0	1	1	3	3	1	4	0	0	8	4	7	5	4	11	25	22	7	4	2	1	2	1	1	2	0	2	2	2	3	2	1	1	3	3	3	6	5	5	2	5	2	3	3	3	1	6	11	20	35	0	75	27	17	8	14	13	16	16	9	2	5	11	2	2	2	1	2	1	2	0	1	0	0	0	2	0	2	0	2	1	0	1	1	1	0	0	3	0	0	0	1	4	2	1	0	0	0	0	0	1	0	1	1	0	0	1	0	1	0	0	1	2	0	1	1	1	0	2	2	1	0	0	0	1	1	1	1	2	1	1	2	0
0	0	0	0	0	0	0	0	0	0	0	0	0	0	0	0	0	0	0	0	0	0	0	1	1	0	0	2	0	0	2	0	2	0	1	0	0	0	0	0	1	0	0	0	0	1	0	0	0	0	0	0	1	0	1	1	0	1	0	0	0	0	0	0	0	0	0	0	0	0	1	0	0	0	0	0	0	0	0	0	0	0	1	0	0	0	0	0	1	0	0	0	0	0	0	0	0	1	0	0	0	1	0	0	1	0	0	1	0	0	0	0	0	1	0	0	0	1	0	0	1	0	0	0	0	0	0	0	1	1	0	0	0	0	1	1	1	0	0	1	0	0	0	0	2	1	0	1	0	3	1	1	0	0	1	1	0	0	0	0	0	1	0	0	0	2	0	0	0	0	1	0	1	0	0	1	1	0	1	2	1	1	1	3	3	1	1	0	0	3	0	1	0	0	1	1	2	0	0	0	2	0	2	0	0	1	2	1	1	1	1	1	1	0	1	2	1	0	1	2	2	1	1	0	1	2	1	1	1	1	2	0	0	1	2	2	0	1	2	2	1	0	1	2	1	0	0	1	1	0	0	0	2	1	1	2	1	2	1	1	0	0	1	1	4	3	6	2	4	4	1	1	1	0	3	0	0	1	1	1	2	2	0	0	1	1	0	1	0	1	0	0	0	1	0	1	1	0	0	1	1	1	1	0	0	0	0	1	0	0	1	0	0	0	1	0	1	0	0	0	1	0	0	0	1	0	0	0	0	0	0	0	0	1	0	0	0	0	0	0	1	0	1	1	0	0	1	2	1	0	0	0	0	0	2	1	0	3	1	1	2	2	1	1	5	6	0	4	9	6	4	12	9	6	2	3	2	1	2	2	0	3	0	0	0	1	1	1	1	4	3	1	4	2	3	4	3	2	4	2	3	3	1	2	16	16	75	0	72	14	11	30	13	16	9	2	1	2	2	2	3	3	0	1	0	2	1	0	0	0	0	0	0	0	0	0	0	0	0	0	1	0	0	1	1	0	1	1	1	1	2	0	0	1	0	1	0	4	1	1	0	0	0	2	2	2	1	0	1	0	0	0	0	0	0	0	1	1	0	2	0	1	1	2	1	0	2	0	2
0	0	0	0	0	0	0	0	0	0	0	0	1	0	0	0	0	0	0	1	0	0	0	0	0	0	0	0	0	1	0	0	0	0	2	0	2	0	0	0	0	0	0	0	0	0	0	1	0	0	0	0	0	0	0	0	0	1	0	0	0	0	0	0	0	1	0	0	1	0	0	0	0	0	0	0	0	0	0	0	0	0	0	0	0	1	0	0	0	1	0	0	0	0	1	0	1	0	0	0	0	0	2	0	1	0	1	0	2	0	0	1	0	0	0	1	0	0	0	0	0	0	0	0	0	0	0	0	0	0	0	0	0	0	0	0	1	0	2	0	0	0	0	0	0	0	1	0	1	1	0	1	1	2	1	0	0	0	0	0	0	0	0	0	1	1	0	0	1	0	0	0	1	0	0	0	0	1	1	0	0	0	0	0	1	0	1	0	0	1	0	0	0	1	0	0	1	0	0	1	2	2	0	0	0	2	1	1	1	0	0	0	0	2	1	1	0	1	2	0	0	0	1	2	1	0	1	4	3	0	0	1	2	2	3	2	1	0	1	3	1	4	0	1	1	0	1	2	1	0	0	0	1	1	1	1	1	1	1	1	2	2	1	1	1	2	2	4	3	1	1	3	4	3	2	0	0	0	0	0	0	1	0	0	1	0	0	2	1	0	0	0	1	0	0	0	0	0	2	0	0	1	1	1	1	0	0	0	0	0	0	0	0	0	1	0	1	1	0	0	1	0	0	0	0	0	1	0	0	0	0	0	0	0	1	1	0	2	0	0	1	0	0	0	0	1	0	0	0	0	1	0	1	1	2	0	0	1	2	0	1	5	2	5	1	7	5	8	8	4	7	15	8	5	4	2	5	1	1	1	2	1	1	2	0	1	1	1	1	2	2	1	7	3	2	1	2	3	1	2	3	4	1	4	6	6	27	72	0	26	18	26	16	11	6	6	3	6	2	2	2	0	2	3	0	2	0	1	0	0	0	0	0	0	1	0	0	0	0	0	1	0	1	1	2	0	0	0	0	0	0	0	0	0	0	1	2	2	1	1	2	0	2	0	2	1	0	2	1	1	1	1	0	0	0	1	0	1	1	1	0	1	2	2	0	0	0	0	1
0	0	0	0	0	0	0	1	1	0	2	0	0	0	1	1	0	1	0	0	0	0	0	0	0	0	0	0	0	0	0	0	0	1	0	0	0	0	0	1	1	0	0	0	0	0	0	0	0	0	1	0	1	0	0	0	1	0	0	0	0	0	0	0	0	1	0	0	0	0	1	0	0	0	0	0	0	0	0	0	0	0	1	0	1	0	1	0	0	0	1	0	0	0	0	1	0	0	0	0	1	0	0	1	0	1	1	0	0	0	0	2	0	0	1	1	0	0	1	1	0	0	0	0	0	0	2	0	0	1	0	1	0	3	0	0	0	0	0	0	0	1	0	1	0	1	0	1	2	3	4	1	2	0	0	1	0	0	0	0	0	1	1	0	2	0	0	0	2	0	0	2	0	0	0	0	1	0	1	1	0	0	1	1	0	1	1	0	1	1	1	1	0	2	1	0	1	0	0	0	2	1	3	2	1	0	0	2	0	0	1	3	1	0	0	1	1	1	1	0	2	0	0	1	2	2	2	2	4	0	1	1	2	1	2	2	0	0	1	1	1	2	0	1	1	3	1	0	1	1	2	0	1	4	0	0	4	2	2	2	1	2	3	2	0	3	5	3	9	1	1	2	2	0	0	0	1	3	1	0	1	3	0	1	1	0	1	2	2	0	1	0	0	0	0	2	0	0	2	1	0	1	2	0	0	0	1	0	0	0	1	2	1	0	0	1	1	1	0	0	0	0	0	0	0	0	0	0	0	1	1	1	0	0	0	1	0	1	0	0	0	0	1	0	1	1	1	0	0	0	0	1	1	1	4	2	0	2	5	0	1	7	8	1	5	17	15	31	10	9	10	23	10	9	6	5	4	2	0	0	3	0	0	1	1	1	2	1	4	4	3	4	2	0	3	2	3	7	2	5	4	11	5	11	7	10	17	14	26	0	93	65	25	13	18	15	9	8	10	6	3	3	2	1	0	0	2	3	1	1	0	2	0	1	1	0	0	1	1	0	0	1	1	0	1	0	1	1	2	0	0	0	1	0	0	2	2	1	0	1	2	1	2	0	3	1	1	0	1	0	0	0	2	0	0	0	1	0	1	0	0	0	1	1	2	2	1	1	1
0	0	0	0	0	0	0	0	0	0	0	0	0	0	0	0	1	0	0	0	0	0	0	0	0	1	0	1	0	0	1	0	0	0	1	0	1	0	0	0	0	3	1	0	0	0	0	1	0	0	0	1	0	1	0	0	0	0	0	0	0	0	0	0	1	1	1	0	0	0	0	0	0	1	1	0	1	0	0	0	0	0	0	0	0	1	0	0	0	0	0	0	1	0	2	2	0	0	1	0	1	0	0	0	1	0	0	0	2	0	0	1	0	0	0	0	0	0	0	0	0	1	0	1	1	0	1	0	1	0	0	0	0	0	0	0	1	0	1	0	0	1	1	0	3	0	0	2	1	1	0	0	1	2	1	0	2	0	1	1	0	0	0	1	0	0	0	0	0	3	0	1	0	0	0	0	1	0	0	1	0	0	1	1	0	0	0	0	0	2	1	0	1	0	2	3	1	0	0	1	2	1	1	1	1	0	1	1	0	1	3	0	0	1	0	0	1	1	4	1	2	0	0	1	1	1	1	1	2	1	1	1	0	0	3	2	1	1	0	1	3	2	1	0	1	2	0	1	2	0	1	1	2	3	0	1	6	0	0	0	1	2	2	2	4	0	1	5	3	3	2	4	3	2	2	1	1	1	0	0	0	3	0	0	0	0	0	0	0	1	2	1	0	0	1	0	0	0	0	0	0	1	0	0	0	0	0	0	0	0	0	1	0	1	0	1	0	0	0	0	0	0	0	0	0	1	0	0	0	0	0	1	0	0	1	0	0	0	0	0	2	1	2	1	0	1	1	0	0	1	0	3	0	0	1	3	4	1	0	1	2	5	4	7	8	14	24	37	8	14	11	11	6	17	3	2	1	1	2	4	3	2	3	0	3	3	1	2	1	3	3	0	2	1	4	6	0	2	1	2	1	5	5	8	5	6	8	11	18	93	0	51	15	10	22	12	3	7	3	2	1	5	4	1	1	1	3	0	0	1	0	1	1	0	0	1	0	0	0	0	0	2	0	0	0	2	0	3	0	2	0	1	2	0	0	0	4	2	1	3	2	0	0	1	1	0	1	2	2	1	1	2	3	1	1	1	1	0	2	0	1	0	1	1	2	2	1	3	2
0	0	0	0	0	0	0	0	0	0	0	0	0	0	0	0	0	0	0	0	1	0	0	0	0	0	0	1	0	0	0	0	0	1	1	0	0	0	0	1	0	0	0	0	0	0	0	0	0	1	1	1	0	0	0	0	0	0	0	1	1	0	0	0	0	0	0	0	1	0	0	1	0	0	0	1	0	0	0	0	0	1	0	0	0	0	0	1	0	1	0	0	0	1	0	0	0	0	0	0	0	0	0	2	2	0	0	0	0	0	0	0	0	2	0	0	0	0	0	0	1	2	0	0	1	0	0	1	0	0	0	1	0	0	0	0	0	2	0	0	0	0	1	1	0	1	2	1	3	4	4	1	5	0	1	0	1	0	0	0	0	0	0	0	0	0	1	1	1	1	1	2	0	0	0	0	0	1	1	0	0	0	0	3	0	1	1	0	1	0	0	2	1	0	1	1	0	1	0	3	2	1	0	0	4	0	0	0	1	0	0	1	0	2	2	1	0	2	1	1	0	1	1	1	0	0	4	3	2	0	1	2	0	3	2	3	1	0	2	2	2	2	1	0	2	0	0	3	2	2	0	3	2	1	4	1	2	4	1	2	2	3	6	6	1	2	8	12	8	2	1	3	2	1	2	1	1	0	0	1	0	0	1	0	0	2	0	1	1	0	0	1	0	0	0	0	1	0	0	1	0	1	0	0	0	0	0	0	0	0	0	1	0	0	0	0	0	0	0	0	0	0	0	0	0	0	0	1	0	1	0	1	0	1	0	0	0	0	1	0	1	1	0	0	0	0	0	1	0	1	0	0	1	1	2	0	1	0	0	1	4	2	5	2	5	14	12	12	12	3	8	15	12	6	3	1	3	2	5	6	0	3	1	0	2	0	2	0	0	3	2	4	2	0	1	3	1	0	2	5	3	1	1	2	3	11	14	30	26	65	51	0	79	35	15	12	1	5	6	6	5	2	2	2	1	0	1	1	2	0	0	0	0	1	0	0	0	0	0	0	0	0	0	1	0	0	0	1	1	2	0	0	0	0	1	0	0	0	0	0	1	0	2	0	2	0	0	1	0	1	2	1	0	0	0	1	1	1	1	1	0	1	0	1	2	3	1	2	0
0	0	0	0	0	0	0	0	0	1	0	0	0	0	0	2	0	0	0	0	1	0	0	0	0	0	0	0	0	2	1	1	0	0	1	0	0	0	1	0	1	0	0	0	0	0	1	0	0	0	0	0	0	1	0	0	1	0	0	0	1	1	1	0	0	0	0	0	0	0	1	0	0	0	0	0	0	0	0	1	1	0	0	0	0	0	0	0	0	0	0	0	0	1	1	0	2	0	0	0	0	2	0	1	0	0	0	0	0	0	1	0	0	0	0	1	0	0	0	1	0	2	0	1	0	0	0	0	1	0	1	0	1	0	1	0	0	1	0	0	0	0	0	1	2	1	1	3	1	3	1	1	1	1	1	0	1	0	0	0	2	1	1	2	0	1	0	0	0	0	1	0	1	0	1	0	1	0	0	0	1	0	0	2	0	0	0	0	0	3	1	1	0	3	1	0	0	0	2	1	2	1	3	1	1	0	3	1	0	1	1	2	1	0	0	2	0	2	2	1	0	0	0	1	0	1	1	2	1	0	1	0	2	2	0	0	0	0	2	3	2	1	3	1	1	1	2	0	2	1	0	2	3	1	4	4	2	0	2	2	1	6	4	6	1	4	6	6	8	2	1	2	2	1	2	1	2	1	0	0	3	0	1	0	0	1	0	1	1	3	0	1	0	0	0	0	0	0	2	0	0	0	1	1	0	0	0	1	0	0	0	0	2	1	0	0	0	0	0	0	0	0	0	0	1	0	0	0	0	0	0	0	1	0	0	0	0	0	1	0	1	0	0	2	0	0	0	0	1	0	0	2	0	1	0	1	0	1	2	2	3	1	2	2	4	6	3	5	11	3	5	6	6	6	7	1	0	2	2	2	2	2	1	2	1	1	0	0	4	3	0	6	3	4	2	1	1	1	2	2	3	3	4	11	5	9	13	13	16	25	15	79	0	75	12	11	8	6	10	2	6	4	2	4	1	1	1	0	0	1	0	0	0	0	1	1	0	1	0	0	1	2	0	0	0	0	0	2	1	3	2	1	0	0	0	2	1	2	2	0	2	2	2	2	1	0	2	0	0	0	2	0	0	0	2	0	0	2	2	0	1	0	3	1	0	0	2	1	1
0	0	0	0	0	0	0	0	0	0	0	1	0	1	0	0	1	0	0	0	0	0	0	0	0	0	0	0	0	0	0	0	0	1	0	1	1	0	0	0	0	1	0	0	0	0	1	0	0	0	1	1	0	0	1	0	0	1	0	1	1	0	0	1	0	0	0	0	0	0	0	1	1	0	1	0	0	0	0	0	0	1	0	0	0	0	0	0	0	0	0	0	0	1	1	1	0	0	0	2	0	2	1	2	0	0	0	0	1	0	0	0	0	0	0	1	0	1	0	0	1	1	0	0	1	0	0	0	0	0	0	0	0	0	0	0	0	0	0	0	1	0	0	0	1	1	1	2	3	3	4	1	1	1	1	1	0	1	0	0	1	0	0	2	0	1	0	0	0	1	0	0	0	0	0	1	2	0	0	1	2	0	1	0	1	2	0	0	1	0	1	1	0	3	1	1	1	3	0	0	1	2	2	1	0	1	0	1	2	1	2	0	1	1	1	0	1	0	2	2	0	0	1	3	0	1	2	3	2	1	3	0	0	3	2	2	2	0	0	0	3	3	3	0	3	0	2	1	1	0	1	2	3	5	2	3	5	3	3	1	2	2	5	4	2	8	8	10	10	9	4	5	3	2	0	1	3	0	1	0	0	0	0	1	0	0	0	1	2	1	0	0	1	0	1	0	1	0	1	1	0	0	0	2	2	0	1	0	0	0	1	2	0	0	1	0	0	1	0	0	0	0	1	0	0	0	0	0	1	0	0	1	0	0	0	2	0	0	0	0	0	0	0	0	0	2	0	1	1	1	0	1	1	3	2	2	4	1	3	2	3	2	5	3	3	20	8	5	5	5	3	8	3	5	4	2	0	1	3	2	3	4	2	2	1	0	0	2	2	2	3	1	5	3	4	2	3	1	1	6	4	3	3	3	4	5	16	16	11	13	10	35	75	0	18	16	13	21	21	2	4	2	1	1	0	1	3	1	0	0	1	0	0	0	0	0	0	0	3	1	1	1	1	0	1	0	1	1	1	1	1	1	0	2	1	0	2	1	2	2	2	0	1	2	0	0	1	0	2	0	0	2	0	0	0	3	1	1	1	1	0	1	1	0	3	1	3	0	2
0	0	0	0	0	0	0	0	0	1	0	1	0	0	0	0	0	0	0	0	0	0	0	0	1	0	0	0	0	0	0	0	0	0	0	0	0	0	0	0	0	0	0	0	0	1	0	0	0	0	1	0	0	0	0	1	0	0	0	0	0	0	0	0	0	0	0	0	0	0	0	0	0	0	1	0	0	1	1	0	0	0	1	0	0	0	0	0	1	2	1	0	1	0	0	2	0	0	1	0	1	0	0	0	1	0	0	0	1	1	0	1	0	0	0	0	0	0	1	0	0	1	0	0	0	0	0	0	0	0	0	0	1	0	1	0	0	0	0	0	0	0	1	1	0	1	2	4	2	4	5	4	1	2	1	1	1	0	1	1	0	0	0	0	0	1	0	0	1	0	1	0	0	1	2	1	2	0	1	1	0	0	0	4	0	0	2	0	0	1	0	0	2	0	3	1	0	3	0	2	3	1	0	2	1	2	5	1	2	5	0	2	1	2	1	1	4	1	3	2	1	1	1	1	1	3	0	2	1	2	3	0	1	1	0	0	1	0	2	0	0	0	3	0	2	0	3	2	0	1	1	3	2	2	4	3	3	1	3	2	1	3	2	3	2	5	6	11	10	12	6	5	6	2	4	6	0	1	2	2	1	0	1	0	2	1	2	0	1	0	1	1	2	0	0	0	0	1	2	0	0	0	1	0	0	0	0	1	0	0	1	0	1	0	2	1	0	1	0	0	0	1	0	0	0	2	0	0	0	0	1	0	0	0	0	1	0	1	0	0	0	1	0	0	1	2	0	0	1	1	1	0	2	3	6	6	1	5	5	0	2	3	6	7	6	29	11	7	20	8	15	13	9	6	2	3	2	4	2	8	1	3	4	2	1	0	1	2	3	3	6	3	6	6	7	13	1	3	4	5	13	19	7	11	14	15	16	9	6	18	22	15	12	18	0	79	24	18	20	11	4	5	6	3	1	5	3	1	0	1	0	0	1	0	1	0	0	0	1	3	0	1	2	1	1	0	3	1	2	4	3	0	0	0	1	1	3	3	2	1	0	0	1	0	4	0	0	1	0	2	1	4	2	0	0	0	0	1	0	1	3	1	2	0	2	3	2	0	4
0	0	0	0	0	0	0	0	0	0	0	0	0	0	0	0	1	1	0	0	0	0	0	0	0	0	0	0	0	0	0	1	1	0	0	1	0	1	0	1	1	0	0	1	0	0	0	1	1	0	0	0	0	0	0	0	1	1	0	1	0	0	0	1	0	0	1	0	0	0	0	0	0	0	0	0	0	0	0	1	0	0	0	0	1	0	0	0	0	0	0	0	0	2	2	2	1	0	0	2	2	0	0	1	0	0	0	0	0	0	0	0	2	2	0	0	1	0	0	1	0	0	0	0	0	2	0	3	0	0	0	0	1	0	0	0	1	1	1	1	0	0	1	0	0	0	1	1	2	4	4	1	3	3	1	1	0	1	1	0	1	0	0	0	1	2	0	0	0	1	1	1	0	1	1	0	1	0	0	2	1	3	0	0	2	3	1	1	1	1	0	1	1	1	3	1	1	0	1	1	3	1	2	0	1	1	2	4	2	2	2	0	2	1	0	1	4	7	1	1	1	2	1	1	1	1	6	2	4	1	4	2	1	2	1	0	0	2	1	0	0	1	4	1	0	2	1	1	1	1	1	0	2	5	2	3	6	4	2	0	3	3	3	4	3	5	5	10	14	21	8	7	5	3	5	1	3	1	3	0	1	1	0	1	2	1	0	2	2	0	1	0	0	1	0	1	2	1	0	1	0	1	1	2	1	0	2	0	0	0	0	0	0	0	0	0	0	0	0	2	0	1	0	2	1	1	0	0	0	1	0	0	0	1	0	0	0	0	0	1	1	2	0	0	0	2	0	1	2	3	0	2	1	1	2	3	2	1	2	2	8	4	16	21	17	40	20	7	11	9	11	6	10	1	4	3	9	2	0	3	1	3	1	1	0	3	5	1	3	7	3	3	8	7	3	1	2	3	2	6	30	15	15	13	4	15	9	2	6	15	12	12	11	16	79	0	44	31	29	23	7	8	1	7	3	1	3	2	0	2	0	0	0	0	1	2	0	2	2	0	1	2	0	2	2	1	0	0	1	1	3	0	1	1	0	1	4	3	2	3	1	4	2	1	1	2	3	1	0	2	1	4	0	0	0	2	1	1	3	1	2	1	1	0	0	1	5	2	1
0	0	0	0	0	0	0	0	0	0	1	0	0	0	0	0	0	1	0	1	0	0	0	0	1	0	1	1	0	0	0	0	0	0	0	0	0	0	0	2	0	0	1	1	1	0	0	0	0	0	0	0	0	0	0	0	0	0	0	1	0	0	0	0	0	1	0	0	0	1	0	0	0	0	0	0	0	0	1	0	0	1	1	1	0	0	0	0	0	1	1	1	1	3	2	1	0	1	0	1	0	0	0	0	0	0	1	0	1	0	0	1	0	1	0	1	1	1	0	0	0	1	0	0	0	0	0	0	2	0	0	0	0	0	0	0	2	1	1	1	1	1	0	2	1	2	1	1	6	4	2	3	2	1	1	0	0	1	0	0	1	1	0	0	1	0	0	1	0	1	0	0	0	0	0	0	2	1	0	2	1	0	0	2	1	1	3	1	0	0	2	1	2	5	2	2	1	4	4	0	4	3	5	7	3	2	2	3	0	3	1	3	1	0	2	4	2	3	1	4	3	3	3	1	4	4	4	8	6	3	6	4	0	6	3	5	0	2	4	4	0	1	0	3	1	3	2	1	0	1	3	2	2	2	3	3	9	4	5	1	5	3	7	8	4	4	14	32	27	88	32	21	13	4	6	7	2	3	1	4	0	2	4	1	0	3	0	3	1	1	1	0	1	0	1	2	0	0	1	1	0	2	1	0	0	1	0	1	0	0	0	0	2	2	1	0	0	0	1	2	0	0	0	0	0	1	0	0	0	1	0	1	2	0	0	1	0	1	0	0	1	3	1	0	0	1	2	3	2	0	2	2	2	6	2	7	6	2	2	3	5	6	6	7	17	10	5	1	2	6	1	1	4	0	3	2	0	6	4	3	2	2	0	3	0	1	2	0	4	6	4	6	5	2	1	1	1	1	2	5	11	15	7	5	5	4	2	1	3	9	3	1	8	13	24	44	0	38	102	28	10	18	12	4	3	1	8	2	0	2	0	0	0	1	3	1	0	0	2	1	0	3	2	5	5	0	2	2	0	1	1	0	2	1	3	2	2	1	4	4	3	2	1	1	4	2	0	1	1	2	0	1	2	0	0	3	0	0	1	1	0	4	2	0	1	4	2	3	2
0	0	0	0	0	0	0	0	1	0	0	0	0	0	0	0	0	0	0	0	0	0	0	0	0	0	0	1	0	0	0	0	0	0	0	2	0	0	0	0	0	0	0	0	0	0	0	0	0	0	0	0	0	1	0	0	0	0	0	0	0	0	0	3	0	0	0	0	0	1	0	0	0	0	0	0	0	0	0	0	0	0	0	0	0	0	0	0	0	1	0	0	0	0	1	3	0	0	0	1	1	0	0	0	0	1	1	0	1	1	1	1	1	0	0	0	0	0	1	0	0	0	2	0	0	0	1	0	0	1	0	1	1	1	0	0	2	0	2	0	1	1	0	4	1	2	1	2	2	2	5	5	3	1	0	1	1	2	0	1	1	1	1	1	2	0	1	0	1	2	0	0	0	0	1	1	1	0	0	0	1	1	0	3	0	2	1	2	1	1	0	1	2	1	3	2	2	1	3	0	5	8	0	0	1	1	4	1	0	3	1	4	1	0	2	2	4	2	2	5	3	1	2	1	2	5	7	8	5	5	2	4	1	1	2	2	2	1	0	1	2	4	0	2	3	3	1	2	1	2	2	5	4	2	5	7	14	7	4	2	4	3	4	12	7	11	16	16	20	19	12	16	17	5	6	3	1	1	4	4	3	0	0	0	2	1	1	1	3	3	2	1	0	2	2	0	0	0	1	0	1	0	0	1	0	0	0	0	0	0	2	0	0	0	0	0	1	1	0	0	0	0	1	1	0	0	0	0	1	1	0	1	2	0	0	1	0	0	0	0	1	0	0	1	0	0	1	3	1	1	1	0	2	0	5	3	2	0	0	0	6	8	6	7	18	24	7	4	8	0	3	3	2	5	1	1	2	0	1	0	2	3	2	1	0	1	0	1	1	4	2	4	1	1	0	3	0	1	1	3	5	9	9	7	3	4	5	2	6	8	7	5	6	21	18	31	38	0	258	16	4	7	13	1	6	1	5	5	1	0	0	1	1	1	0	0	0	1	1	0	1	2	2	1	2	2	0	3	2	4	1	0	1	3	2	1	3	1	3	1	2	0	5	0	3	1	0	1	1	1	1	1	0	0	1	0	0	0	4	0	1	1	1	0	0	0	2	1	0
0	0	0	0	0	0	0	0	0	0	0	0	1	0	1	0	0	0	0	0	0	0	0	0	0	0	1	1	0	0	0	0	1	0	0	0	0	1	0	1	0	0	0	0	2	0	0	0	0	2	1	0	1	1	0	0	1	0	0	0	0	2	0	0	0	0	0	0	0	0	0	0	0	0	0	0	0	1	0	0	0	0	1	0	0	0	0	0	0	2	2	0	0	4	1	1	2	0	0	2	0	0	0	0	1	2	0	1	0	1	1	0	1	0	0	0	0	0	0	0	0	0	1	0	0	0	0	0	1	0	0	1	0	0	0	0	0	0	0	0	0	0	2	1	2	0	3	5	2	5	8	2	2	1	0	2	1	0	0	0	1	2	1	0	2	2	0	2	0	0	0	2	0	1	0	1	0	1	0	0	0	0	0	4	0	2	0	2	0	0	3	0	2	0	1	3	3	1	3	3	3	3	2	4	2	0	1	0	2	2	4	4	0	0	1	0	6	7	1	1	3	2	1	2	1	4	1	6	4	4	3	3	2	4	4	2	1	0	3	1	0	2	0	0	1	3	1	2	1	1	2	2	1	4	3	6	6	5	5	2	7	4	5	6	6	5	21	22	23	31	8	18	9	3	9	2	6	1	2	3	1	2	0	0	1	0	0	1	1	1	1	0	0	1	0	1	0	0	2	2	0	0	0	1	0	1	0	0	0	0	0	0	0	3	1	0	0	0	0	0	0	0	0	0	0	0	0	0	0	0	2	0	0	2	2	0	0	0	1	0	1	0	1	0	0	1	0	1	2	0	0	0	1	3	2	3	2	5	3	0	6	2	8	2	12	24	9	2	7	1	3	3	0	3	1	3	2	2	0	4	2	0	4	1	3	2	2	2	3	2	2	6	4	2	3	1	1	3	3	7	9	7	6	5	4	3	11	2	2	10	3	6	10	21	20	29	102	258	0	26	5	11	3	4	0	4	7	6	0	2	0	1	1	2	1	0	0	0	2	2	0	0	1	1	2	2	0	3	0	1	0	0	0	3	0	2	3	3	2	1	3	2	0	1	2	0	1	0	2	0	1	0	1	1	2	1	1	1	1	2	1	1	2	1	0	1	2	2	0
0	0	0	0	0	0	0	0	0	0	1	0	0	0	0	0	0	0	1	0	1	0	0	0	0	0	0	0	0	0	0	0	0	0	0	1	0	0	0	1	0	0	2	1	0	0	0	1	0	1	0	0	0	0	0	0	0	0	0	0	0	0	0	0	0	0	0	0	0	2	0	0	0	0	0	0	1	0	0	0	0	0	0	1	0	1	0	0	1	0	1	0	1	1	1	0	0	0	0	1	0	0	1	0	0	0	0	0	1	1	0	0	0	0	0	0	1	0	0	2	0	0	0	0	0	0	1	1	0	1	1	0	0	0	0	0	0	0	1	0	1	1	0	1	1	1	2	2	3	3	7	1	6	2	1	1	0	1	0	0	2	1	2	0	0	1	1	0	0	1	1	0	0	0	2	1	0	0	1	2	2	1	0	2	0	2	0	0	2	1	0	2	0	2	3	3	0	1	3	1	4	0	2	0	2	2	1	1	1	0	0	1	0	0	1	1	6	1	2	8	2	6	3	0	5	4	5	8	0	1	3	3	3	1	3	4	2	1	2	1	0	0	0	2	2	1	2	1	0	1	0	2	6	0	2	6	2	5	2	2	1	1	3	3	1	5	6	6	12	12	20	41	21	8	5	7	6	5	1	0	6	1	2	4	1	6	1	1	1	1	3	1	1	0	1	1	1	0	2	0	1	1	0	0	1	0	0	2	0	0	0	0	1	0	0	0	1	0	0	0	0	1	0	0	0	0	0	0	0	0	1	2	1	0	2	0	2	0	2	0	0	2	1	0	1	0	1	1	2	5	2	0	2	10	6	9	6	4	1	7	9	5	21	11	80	14	2	2	6	3	4	5	0	6	3	4	2	2	2	6	4	2	2	2	1	0	2	2	1	1	3	1	2	0	3	2	5	3	4	6	12	18	6	1	2	2	2	2	2	6	2	6	2	2	11	23	28	16	26	0	43	31	8	12	4	8	8	3	2	1	2	1	2	1	0	3	1	1	2	2	0	1	1	6	3	0	2	0	2	0	0	1	1	0	2	4	2	4	4	4	0	2	2	2	3	4	1	2	0	1	1	3	2	2	0	1	0	1	1	2	1	1	0	0	4	2	2	2	3
0	0	0	0	0	0	0	0	0	1	0	1	0	0	0	0	0	0	0	1	0	0	1	0	1	0	0	0	0	0	1	0	0	1	0	0	0	1	3	0	0	2	0	0	0	0	0	0	2	0	0	0	0	0	1	0	0	1	0	0	0	0	0	0	0	1	0	0	0	0	0	0	0	0	1	0	0	0	1	0	0	1	0	0	1	1	0	0	1	0	1	2	0	2	3	0	0	1	0	0	3	0	0	0	0	0	0	0	2	1	2	3	1	1	1	0	0	0	1	0	1	1	0	0	0	1	0	1	0	0	2	1	1	2	0	0	0	0	2	1	1	1	0	1	1	1	0	4	3	3	3	2	3	0	1	2	0	1	2	0	0	0	1	0	0	3	0	3	0	0	2	0	0	0	0	2	0	0	0	1	0	0	1	0	0	1	1	0	0	0	0	1	1	2	4	5	2	0	0	2	2	3	1	1	4	0	3	1	2	1	2	2	1	0	0	2	2	3	6	3	7	7	2	0	8	7	6	5	1	4	0	0	3	1	2	1	0	0	1	0	7	0	1	0	0	0	3	1	0	1	1	2	1	3	3	4	5	1	2	1	3	0	0	4	1	0	5	5	4	11	30	22	10	12	13	6	7	5	1	0	4	2	3	0	1	2	2	1	1	0	0	0	1	2	0	1	0	1	0	1	1	0	1	2	0	1	0	0	1	0	1	1	0	1	0	0	0	0	1	0	1	0	0	0	1	1	0	0	0	0	1	2	0	1	1	1	0	0	1	0	3	0	1	0	2	3	0	2	1	1	1	3	4	14	7	13	8	10	10	7	10	8	10	13	16	7	4	2	3	3	3	0	4	3	3	2	2	5	2	5	3	2	1	1	1	1	4	1	4	7	7	2	0	3	1	2	3	0	5	11	17	9	10	4	4	1	2	3	2	3	1	5	6	4	4	7	10	4	5	43	0	268	43	13	12	19	37	7	6	2	1	0	1	1	0	3	2	1	1	1	2	0	1	6	1	1	0	1	6	1	0	5	1	1	4	5	5	3	9	4	6	5	3	3	7	7	2	5	1	3	3	0	1	2	0	0	1	0	0	1	2	2	3	1	1	3	2	0	0
0	0	0	0	0	0	0	0	0	0	0	0	0	0	1	0	0	1	1	2	0	1	0	0	1	0	0	0	0	1	1	0	1	0	0	0	0	0	0	1	1	2	0	3	0	0	0	0	0	1	0	1	0	0	1	0	1	2	0	0	0	0	0	1	0	0	0	0	1	0	0	0	0	0	0	0	0	1	0	0	0	0	0	0	1	0	0	1	0	0	1	0	1	0	0	4	1	2	0	0	1	1	0	0	0	1	1	1	0	0	0	0	0	0	0	0	0	0	0	1	0	1	1	0	0	1	1	0	1	0	0	0	0	1	0	0	1	1	1	0	2	0	1	1	2	2	4	4	0	4	1	0	2	1	1	2	1	0	1	0	0	2	0	0	0	0	1	2	2	0	1	2	0	0	2	0	1	1	0	0	0	0	2	0	1	1	1	1	1	1	2	0	0	0	3	4	1	3	2	1	4	4	3	0	2	1	2	1	2	0	1	1	2	0	3	3	3	3	9	4	5	3	2	1	3	1	6	7	6	2	6	3	2	1	2	0	0	1	1	0	0	0	1	0	1	0	2	4	5	1	2	2	2	2	3	4	4	1	1	0	5	3	2	5	1	3	5	4	5	13	17	12	11	7	11	8	7	4	2	2	1	3	2	0	3	1	0	0	3	0	2	1	0	0	0	1	2	2	2	0	2	0	0	1	1	3	1	0	0	0	1	0	0	0	1	1	0	0	0	0	0	0	0	1	0	1	0	0	0	0	1	3	1	0	0	2	0	3	1	1	0	3	2	1	1	3	1	0	4	1	1	3	5	15	13	19	8	8	7	6	13	8	16	6	25	3	3	5	6	7	3	4	4	6	2	6	4	4	7	7	5	3	1	2	4	2	1	3	8	5	10	2	2	2	3	6	5	3	5	11	29	18	10	4	5	2	2	3	0	3	5	2	4	2	5	8	18	7	11	31	268	0	27	7	6	5	23	9	3	0	1	0	1	1	0	1	0	3	1	0	0	2	1	1	1	4	0	5	5	3	1	3	2	0	1	0	7	10	5	3	2	2	5	2	11	3	1	4	1	5	4	0	2	1	0	2	1	1	0	0	2	1	1	2	1	1	2	0	0
0	0	0	0	0	0	0	0	0	0	1	0	0	0	0	0	1	1	0	0	0	0	0	0	0	0	1	0	0	0	1	0	0	0	2	0	1	0	0	0	0	0	0	0	0	0	0	0	0	0	0	0	1	0	0	0	1	0	0	0	0	0	0	0	0	0	0	0	0	0	0	0	0	0	0	0	0	0	1	0	1	1	1	1	0	0	1	0	0	0	1	0	2	1	0	2	0	1	0	0	1	0	0	0	0	0	2	0	1	1	1	3	0	0	0	0	0	0	0	0	0	2	1	1	0	3	0	1	0	1	0	2	0	1	1	0	0	2	0	0	3	2	0	2	1	1	1	0	1	1	1	0	3	0	2	1	2	0	0	2	1	1	0	0	0	0	1	0	3	0	0	1	0	0	1	0	1	0	0	2	0	2	0	1	0	0	0	0	0	3	1	3	3	3	2	1	3	1	1	3	0	0	1	0	1	2	1	2	2	1	2	0	1	1	1	2	2	3	4	7	5	8	6	5	4	3	5	4	5	6	3	2	0	2	4	2	3	2	2	0	1	0	0	1	1	0	2	3	3	0	2	3	2	2	3	2	3	3	4	1	1	1	1	1	0	0	2	2	2	6	11	14	21	10	13	13	3	3	3	6	2	3	2	0	2	1	1	0	2	2	1	3	4	2	1	0	1	0	1	0	1	0	0	0	0	1	0	2	1	0	0	0	1	0	1	0	1	0	1	0	0	0	0	0	0	0	0	1	1	0	1	1	0	0	0	1	0	0	1	0	2	2	0	1	3	0	1	1	2	2	7	2	3	32	14	31	14	9	4	2	12	13	10	1	16	6	4	3	2	4	4	3	0	1	0	1	3	5	3	1	4	1	4	2	1	5	1	1	5	1	4	2	2	2	4	2	1	4	0	7	8	8	4	2	2	1	1	0	2	2	4	2	2	1	6	1	12	13	3	8	43	27	0	34	30	65	59	16	1	2	1	1	0	4	2	2	1	2	0	0	4	1	3	2	1	0	1	4	2	2	2	0	1	2	2	1	6	6	13	8	8	4	10	8	10	7	2	2	3	4	2	7	1	2	4	0	1	0	0	4	4	3	2	2	0	3	2	0	0
0	0	0	0	0	0	0	0	0	0	0	0	0	0	0	0	0	0	1	1	1	0	0	0	2	1	0	2	0	0	0	1	0	0	1	1	0	0	1	2	0	0	0	0	0	0	0	0	0	0	0	0	0	1	0	0	1	0	0	0	0	0	0	1	1	0	0	0	0	1	1	0	1	0	1	0	0	0	0	0	0	1	0	1	0	1	0	0	0	0	1	1	1	1	0	2	0	0	2	0	0	1	0	0	1	0	2	1	0	1	1	0	1	0	0	1	1	0	0	2	0	0	1	1	0	0	0	1	0	1	2	0	1	0	0	1	1	1	0	0	3	3	0	0	3	1	2	3	1	5	2	5	0	2	3	3	0	0	1	1	1	0	1	1	0	0	1	3	1	0	0	0	0	2	0	1	1	0	0	1	1	0	0	0	1	0	0	1	0	2	1	2	0	1	2	1	1	2	1	2	1	4	1	2	1	2	4	4	4	2	1	1	0	0	3	0	0	2	2	7	6	9	8	1	6	0	6	8	10	5	4	2	0	2	0	0	3	0	3	0	1	0	0	5	0	6	2	5	4	2	2	1	3	2	4	7	3	6	4	3	1	2	2	5	2	2	2	5	5	5	11	13	16	25	12	23	13	7	6	8	6	4	3	5	1	2	1	6	2	0	2	1	1	0	0	3	0	5	1	3	1	1	1	2	2	0	1	2	3	1	0	0	0	1	0	0	0	0	0	0	0	0	1	0	1	2	1	0	0	0	0	1	0	0	2	0	0	1	0	0	1	1	3	3	1	0	2	6	3	3	0	7	10	8	3	7	7	4	5	4	4	3	5	3	6	3	3	0	0	2	4	3	1	2	5	4	3	1	0	2	3	1	0	0	0	0	1	0	0	3	2	2	1	1	1	2	2	2	0	3	4	2	2	0	2	3	2	1	3	1	1	2	4	1	3	7	4	1	4	12	13	7	34	0	129	36	22	17	6	2	0	1	1	0	2	1	0	1	1	0	4	0	1	4	2	1	0	3	3	4	3	1	1	3	5	5	6	12	26	11	13	2	7	1	5	6	3	0	4	2	8	3	0	0	0	1	1	1	0	0	0	0	0	0	0	1	0	0	0
0	0	0	0	0	0	0	0	1	0	0	1	0	0	2	0	0	0	0	0	1	0	0	0	1	1	0	0	0	0	0	0	2	0	1	0	0	1	1	1	0	1	0	0	0	0	0	0	0	0	0	0	0	0	0	0	0	1	0	0	1	0	0	0	0	1	0	0	0	0	1	0	0	1	0	0	0	0	0	0	0	0	0	0	0	0	2	1	0	0	0	0	0	2	3	1	1	0	0	0	0	0	1	0	1	0	0	1	1	2	0	0	0	1	1	2	0	1	1	0	0	1	0	1	0	0	0	0	0	0	1	0	0	1	1	1	1	0	0	1	1	0	1	0	2	2	2	3	3	1	1	2	4	0	0	1	1	0	1	0	1	0	1	0	0	0	1	1	1	2	0	1	0	2	1	0	0	1	0	2	1	0	1	1	1	1	2	0	3	1	0	0	1	1	0	1	0	1	2	3	0	2	0	0	2	1	1	1	3	0	0	2	0	0	1	3	2	3	1	2	4	5	3	5	4	7	1	2	6	4	3	2	0	2	4	0	1	1	0	1	0	4	2	1	1	4	2	3	6	2	2	0	4	6	6	8	5	3	3	2	2	1	0	3	2	2	6	2	1	7	5	16	11	5	6	9	11	8	5	7	4	2	4	0	4	3	1	6	1	1	2	0	1	0	0	0	2	5	2	1	2	0	0	0	0	1	0	1	1	1	1	1	4	0	0	0	0	0	2	1	0	0	1	0	0	0	1	1	1	0	1	1	1	2	1	3	1	0	0	0	0	3	1	1	1	4	3	0	1	7	3	9	14	10	5	8	7	6	3	6	7	7	0	3	4	3	2	1	0	1	2	2	1	0	3	0	2	3	3	2	2	1	4	1	0	1	0	1	2	1	1	2	1	0	4	1	0	1	0	2	5	4	7	3	3	3	1	0	0	0	1	1	1	0	1	3	3	6	0	4	12	6	30	129	0	65	13	15	4	3	0	1	1	1	1	3	1	2	1	0	2	3	2	4	2	1	0	1	2	3	0	2	1	1	0	1	6	7	14	17	15	5	10	7	8	5	3	2	2	5	1	1	1	0	1	2	0	2	0	1	0	0	0	0	2	1	1	2	0
0	0	0	0	0	0	0	0	0	0	0	0	0	0	0	0	0	0	0	1	0	0	0	1	0	0	1	0	0	0	0	0	0	0	1	0	0	0	0	0	1	0	0	0	0	0	0	0	1	0	1	0	0	0	0	0	0	0	0	0	0	0	1	0	0	0	0	1	0	0	1	0	0	0	0	0	0	0	0	0	0	0	0	0	0	0	0	1	0	0	0	0	1	2	0	1	0	0	2	0	2	0	0	0	0	1	0	0	1	0	0	0	2	0	0	2	0	1	0	0	0	0	1	0	0	0	0	2	1	0	1	2	0	0	0	1	1	0	0	1	2	0	1	0	2	1	1	3	0	2	3	0	1	1	1	0	0	1	0	0	0	0	0	1	0	1	0	1	0	0	2	0	0	0	0	0	1	1	1	0	2	2	2	1	0	3	3	0	0	0	4	1	1	2	2	1	1	0	0	1	0	0	1	1	5	0	1	1	1	1	1	3	0	0	2	1	2	4	1	2	4	4	5	3	7	3	3	5	2	1	2	1	1	0	4	0	3	1	0	1	0	1	0	0	0	4	1	3	0	3	1	3	3	2	6	4	3	0	1	1	2	0	1	2	1	0	1	3	4	4	3	9	5	5	4	3	9	5	2	3	4	2	2	0	4	0	1	0	1	2	0	3	2	0	0	1	2	0	1	2	0	1	0	1	0	1	0	0	0	0	0	1	1	1	0	0	1	0	0	1	0	0	0	1	2	1	0	1	1	0	1	1	2	1	0	1	1	0	1	0	1	0	0	0	1	1	2	3	5	5	5	6	12	31	12	23	24	6	5	3	8	7	4	18	11	0	5	1	3	4	4	1	1	2	0	1	2	3	4	4	5	3	1	1	0	0	2	2	3	2	3	1	1	2	1	3	1	2	2	2	7	6	2	2	1	2	2	2	2	0	1	0	1	1	5	1	1	1	4	8	19	5	65	36	65	0	24	23	4	2	4	0	0	4	1	0	3	0	2	1	2	0	2	7	1	2	0	2	2	6	0	1	2	5	2	2	2	7	7	12	36	9	22	8	9	6	2	5	2	4	2	4	0	1	0	3	1	3	1	3	2	3	2	1	1	2	5	3	1
0	0	0	0	0	0	0	1	3	1	0	0	1	0	1	0	0	0	0	0	1	0	0	1	0	0	0	0	0	0	0	0	1	0	0	1	0	1	0	1	0	1	0	1	0	1	0	0	0	0	1	0	0	0	0	0	0	0	0	0	1	0	0	0	1	0	0	0	0	0	1	1	0	0	0	0	0	0	0	0	0	0	0	0	1	1	1	0	1	0	0	0	0	3	2	0	0	2	0	0	0	0	1	1	2	0	1	0	1	1	0	0	0	0	1	2	0	0	1	1	1	1	2	0	1	2	0	0	1	2	0	0	0	0	0	0	1	1	0	0	0	1	2	0	2	3	1	4	5	3	2	1	1	1	3	1	2	1	0	2	0	0	1	1	0	0	2	3	2	0	0	1	0	1	1	1	2	2	0	0	0	1	0	0	1	0	0	0	2	0	2	0	1	3	0	3	3	3	1	1	2	1	0	2	0	3	2	1	1	6	1	1	1	1	1	0	4	5	6	14	11	11	2	5	5	0	6	3	6	6	3	0	2	0	5	2	3	0	0	1	0	0	1	1	0	2	2	2	2	2	2	0	2	0	4	3	3	4	3	2	2	0	1	5	1	6	6	5	3	6	17	12	10	15	11	16	4	5	2	1	4	4	4	3	4	0	4	4	4	1	0	1	1	2	0	0	0	0	0	2	0	0	2	1	2	2	2	3	0	1	0	2	0	0	0	2	0	0	0	0	2	1	1	0	1	2	1	1	0	2	0	1	2	3	0	0	1	0	0	0	1	1	1	2	0	1	2	4	4	5	4	5	12	25	12	13	8	3	5	3	6	4	11	2	4	0	5	3	2	3	0	3	0	2	1	1	3	5	2	5	2	0	3	0	3	4	0	0	1	0	3	1	2	1	1	2	2	0	3	2	7	10	2	1	4	1	0	1	0	2	3	1	1	3	3	3	8	5	7	8	37	23	59	22	13	24	0	40	3	2	3	1	0	2	1	3	2	1	2	0	4	0	3	2	3	3	2	2	8	7	4	1	1	3	4	4	7	13	19	13	9	9	14	10	20	15	4	5	2	4	3	1	1	1	0	1	2	0	2	3	3	2	4	2	3	2	0	0	1
0	0	0	0	0	0	0	0	1	0	1	0	0	0	0	0	0	0	0	0	0	1	2	1	0	0	0	0	1	0	1	0	0	1	0	0	0	0	0	0	0	0	0	0	2	0	1	0	0	0	0	1	2	0	0	1	2	0	0	0	0	0	0	0	0	0	0	0	0	1	0	0	0	0	0	0	1	0	0	0	1	0	0	0	0	0	0	0	0	0	0	1	1	1	0	0	0	1	1	0	0	0	1	0	1	2	0	2	1	1	1	2	0	1	0	0	0	3	0	0	1	0	2	0	0	1	0	1	2	1	2	1	0	0	1	0	0	0	2	1	0	2	1	3	3	0	2	2	3	2	2	2	2	2	0	1	2	3	1	1	0	0	2	1	0	0	1	2	0	0	0	0	0	1	0	2	2	0	2	1	0	0	0	1	1	2	0	1	1	3	3	3	1	4	3	0	3	1	1	4	1	4	2	2	0	3	2	1	3	1	1	1	2	0	1	2	3	5	5	8	9	7	6	4	9	1	2	6	0	2	5	2	5	1	1	0	2	0	0	1	0	0	1	1	1	0	3	0	7	2	1	0	0	2	1	3	2	2	2	0	1	1	1	4	1	1	3	0	3	3	4	4	7	11	5	22	3	5	2	4	4	4	5	1	2	3	3	1	2	0	1	2	2	1	2	0	2	1	2	2	0	2	2	1	1	2	2	1	2	1	0	1	1	0	1	1	0	1	1	0	0	1	1	1	2	2	2	2	2	2	1	2	2	1	1	0	3	2	1	2	2	1	4	2	8	1	2	3	10	17	7	8	40	9	11	2	6	7	3	1	4	4	2	2	3	2	1	2	1	2	2	1	3	1	1	3	3	4	5	3	2	1	5	0	5	1	2	1	1	1	1	0	1	0	1	0	0	1	2	1	2	1	0	1	1	1	1	0	1	3	0	1	0	1	1	2	2	5	6	3	7	9	16	17	15	23	40	0	9	5	3	1	1	2	3	1	6	3	3	0	2	1	4	6	3	3	3	5	8	3	1	0	6	4	4	2	10	29	45	25	22	22	22	14	32	24	6	8	2	5	4	1	0	1	0	2	3	4	1	1	1	0	0	3	0	0	1	1	0
0	0	0	0	0	0	0	0	0	0	0	0	0	0	0	0	0	0	1	1	0	0	0	0	0	0	0	1	1	0	0	0	0	0	0	1	0	0	0	0	0	0	1	0	0	0	1	0	1	0	0	0	0	0	1	1	0	1	0	0	0	1	0	2	0	0	1	0	0	0	0	0	0	0	0	0	0	2	0	1	0	0	0	1	0	0	0	0	0	0	1	0	1	1	1	0	0	0	0	0	0	0	0	0	1	1	1	0	0	1	1	1	0	1	0	0	1	0	0	0	0	0	0	0	1	0	1	1	1	0	2	2	0	1	1	1	2	2	1	2	2	1	0	2	1	1	2	5	4	0	0	1	0	0	2	1	1	0	3	1	1	0	0	0	0	3	1	1	0	0	0	1	0	0	0	1	0	0	2	0	1	1	0	0	0	1	1	0	2	1	3	1	2	2	1	1	0	2	0	0	0	0	1	0	1	2	4	1	1	1	0	2	2	0	0	2	0	4	4	2	4	4	2	1	1	2	0	1	0	0	0	1	0	0	0	0	1	1	1	1	1	2	0	0	0	1	1	0	1	1	0	1	1	1	2	2	1	1	0	1	0	0	0	1	1	2	0	1	1	0	1	2	1	1	3	2	5	1	1	1	0	3	2	5	4	2	3	7	4	2	2	3	2	1	2	1	0	2	1	0	4	2	2	1	0	5	1	2	3	2	2	0	0	2	1	1	2	1	0	0	2	1	2	2	1	0	3	0	1	1	1	1	3	0	1	2	0	0	0	0	0	4	0	5	7	9	20	32	11	17	16	2	13	4	2	5	4	2	5	1	3	1	1	2	1	1	1	2	2	0	2	0	0	2	0	1	1	0	0	1	0	2	1	2	1	1	3	4	1	4	3	0	1	0	1	0	0	0	1	0	1	2	1	1	0	1	0	0	0	1	0	2	0	0	0	0	0	1	0	2	6	3	1	6	4	4	3	9	0	25	5	8	6	17	12	11	4	2	2	8	24	9	11	18	10	6	2	4	8	12	2	2	0	2	1	4	5	7	7	7	11	8	16	10	7	17	44	14	9	4	4	4	3	1	1	2	1	3	2	3	0	2	0	1	1	1	2	0	1
0	0	0	0	0	0	0	0	0	0	0	0	0	0	0	0	0	0	1	0	1	0	1	1	0	0	0	2	0	1	0	0	0	0	0	0	1	1	0	2	0	0	0	1	2	1	0	0	0	0	0	0	0	0	0	0	0	0	2	0	0	0	0	0	0	0	0	0	0	0	0	0	0	0	0	0	0	1	0	1	0	1	0	0	0	0	0	1	0	0	0	0	2	1	0	1	1	0	0	0	0	0	0	0	1	1	3	1	0	1	0	0	3	1	0	2	0	2	3	0	0	1	1	0	4	2	2	1	1	1	1	3	1	2	0	1	2	3	1	2	0	2	2	0	1	3	0	2	1	0	2	0	1	1	4	1	0	1	0	1	1	0	0	0	0	2	0	0	2	1	0	1	0	0	0	2	1	1	0	0	1	1	2	1	0	0	2	2	0	0	1	2	3	1	0	3	2	3	1	0	1	0	0	0	3	1	1	2	2	3	2	1	0	0	1	0	2	3	2	3	3	3	5	1	2	3	1	1	0	2	3	1	0	1	0	1	2	0	1	0	0	0	0	1	1	1	0	1	0	2	0	1	0	1	1	1	0	0	0	1	1	0	0	1	1	0	0	2	3	1	1	3	1	1	1	2	2	0	1	3	1	2	2	3	8	2	2	5	11	3	1	3	2	2	2	0	0	3	4	1	0	1	1	0	2	6	3	3	5	6	8	2	1	1	6	0	2	2	0	0	3	1	1	2	0	4	5	2	3	5	3	2	4	3	1	2	4	1	1	2	2	4	6	9	8	18	33	83	16	15	11	3	4	4	1	3	1	0	2	0	2	1	0	0	2	3	0	0	0	0	1	0	0	1	2	0	1	1	3	0	3	2	1	4	1	0	0	2	0	0	0	2	0	0	2	0	0	0	0	0	0	1	0	0	0	3	0	0	0	1	1	0	1	0	1	2	2	0	2	1	2	0	2	2	3	2	2	5	25	0	21	15	13	39	51	22	8	11	4	10	32	6	13	14	15	5	2	6	6	4	3	2	3	1	6	4	3	6	1	1	6	4	4	3	1	10	10	3	2	1	6	3	0	1	1	0	2	0	2	1	0	0	0	2	0	1	0	1	0
0	0	0	0	0	0	0	0	0	0	1	0	0	1	0	1	1	0	0	1	1	1	2	0	1	0	0	0	0	0	1	1	0	1	0	0	2	2	3	1	1	0	2	0	0	0	0	1	0	0	0	0	1	1	1	1	0	1	1	0	1	1	0	0	0	0	0	0	0	0	0	0	0	0	0	0	0	1	1	0	0	0	1	1	1	0	2	0	1	3	1	1	3	1	0	0	1	0	0	1	0	0	0	0	0	1	0	0	1	0	0	2	0	1	2	0	3	0	1	2	0	0	1	1	2	5	0	4	3	1	5	1	0	1	0	1	1	2	1	2	2	1	0	2	2	1	2	0	1	0	0	2	1	0	1	1	1	1	2	0	0	0	1	1	0	2	0	2	0	0	0	1	3	1	0	0	2	0	1	0	0	2	0	3	1	0	0	2	1	0	3	1	1	1	0	4	2	1	1	0	1	0	2	0	0	1	3	2	0	1	0	1	1	0	2	0	1	1	3	1	2	1	7	4	3	4	3	1	2	0	1	0	0	0	0	1	1	3	0	0	0	0	0	1	0	2	1	2	4	0	0	0	1	0	0	1	0	1	0	0	0	0	0	0	0	0	0	0	0	0	0	0	0	1	1	4	1	3	1	0	3	2	6	6	8	1	3	5	3	2	1	5	1	4	1	0	5	1	11	3	3	4	4	2	9	7	7	3	12	9	5	7	2	4	3	2	2	0	1	0	2	3	3	0	1	6	3	4	1	6	4	8	9	3	14	4	2	2	1	7	6	7	11	4	9	19	19	19	10	6	6	4	5	1	1	0	1	1	2	2	1	0	1	1	4	2	1	0	0	1	0	0	1	0	1	1	1	1	1	2	2	0	2	0	2	1	0	0	0	0	0	2	4	0	0	0	2	0	0	1	0	1	0	1	1	2	0	0	0	0	0	0	0	1	0	0	0	0	0	2	1	1	1	0	0	4	3	3	5	21	0	78	15	11	24	16	40	25	13	15	11	6	8	8	8	4	1	2	5	4	1	3	5	5	5	2	0	3	3	2	3	5	6	5	1	4	1	6	2	1	0	0	2	0	1	1	1	1	2	1	0	1	2	0	1	3	1	1	1
0	0	0	0	0	0	0	0	0	0	0	1	0	0	1	1	1	1	0	0	0	1	0	0	1	0	0	0	3	0	0	2	0	3	3	0	0	1	0	1	0	1	0	1	0	1	1	2	0	0	0	0	0	0	0	1	0	0	0	0	0	0	0	0	0	0	1	0	0	0	1	0	0	0	0	0	0	0	1	0	1	1	1	0	0	0	2	2	0	0	1	2	0	1	1	0	1	0	0	3	0	0	1	0	1	1	1	0	1	0	0	1	0	0	2	1	0	1	3	1	0	1	1	0	1	1	1	2	2	3	1	2	4	1	4	0	3	5	3	1	1	1	1	1	2	0	1	2	1	1	0	1	0	0	1	0	0	0	2	2	2	0	1	0	1	1	0	1	1	0	0	0	1	0	0	0	0	1	1	0	2	0	1	1	0	1	1	0	0	3	2	1	1	1	2	1	2	0	0	2	2	1	0	0	1	1	1	3	0	1	1	0	0	0	0	0	2	1	2	0	1	3	3	2	0	1	0	2	2	1	4	2	0	0	3	0	0	0	1	0	1	1	0	1	1	0	1	0	0	0	0	0	2	1	1	0	0	1	0	3	1	0	0	0	0	1	1	0	0	1	0	0	0	0	0	2	1	2	0	2	3	1	5	1	2	2	2	6	4	2	6	3	4	2	2	1	2	1	3	2	3	7	4	2	8	17	18	11	5	16	17	9	4	11	3	4	2	1	2	2	1	1	2	2	2	8	5	3	4	3	3	4	12	6	9	3	4	4	1	2	8	5	5	13	22	8	14	13	4	3	11	0	2	1	1	2	0	1	1	0	1	1	1	0	0	1	0	0	0	1	1	0	0	1	1	0	0	1	0	1	0	1	2	1	1	2	0	4	0	0	2	0	2	0	0	0	1	1	1	0	1	0	0	1	0	2	2	0	0	2	1	0	0	0	0	0	0	1	1	1	0	0	1	1	1	0	1	1	8	15	78	0	40	15	21	14	14	8	6	8	3	6	4	3	3	3	3	1	2	1	5	2	2	6	6	2	1	5	3	0	4	2	2	4	2	2	5	0	3	5	4	2	0	2	0	1	0	1	3	0	0	0	2	1	0	0	0	0	1
0	0	0	0	0	0	0	0	0	0	0	1	0	0	1	0	0	0	0	0	0	0	0	0	0	1	0	1	0	1	0	0	0	1	0	1	0	0	1	1	0	0	2	0	0	0	1	0	0	1	0	1	0	0	0	0	1	0	1	1	0	0	1	0	0	0	0	0	0	0	0	0	0	0	0	0	1	0	0	0	0	0	0	0	0	0	1	2	0	0	2	1	0	1	1	0	0	0	0	2	0	0	0	2	1	0	2	1	0	1	1	0	2	0	1	0	0	2	0	0	0	0	1	1	0	4	2	1	2	2	4	0	2	4	2	2	5	1	2	1	0	1	0	0	1	1	2	0	1	1	0	0	0	0	1	0	1	2	0	3	0	0	1	1	0	0	1	1	0	0	1	1	0	2	0	0	0	0	0	0	3	1	2	0	0	0	0	1	0	1	1	3	0	2	0	2	0	2	0	1	1	0	1	0	0	2	2	2	1	0	0	1	1	0	2	0	2	1	4	0	3	4	4	1	2	0	0	2	2	0	0	0	1	1	0	0	2	0	2	0	1	1	1	1	0	0	1	1	1	0	1	0	1	0	0	0	0	1	1	0	0	0	0	0	0	0	1	0	1	1	2	1	0	3	2	0	1	4	0	0	2	3	1	3	4	5	5	5	2	5	4	9	1	4	1	4	1	2	2	4	4	4	5	4	3	18	11	2	12	20	14	9	9	5	5	6	5	2	1	1	4	1	7	1	4	1	5	1	4	0	1	1	1	2	7	1	1	3	2	4	2	7	9	10	21	20	15	5	4	4	9	2	2	3	2	3	1	1	0	0	0	1	2	1	0	0	1	1	1	1	1	1	1	1	0	1	0	0	1	2	0	2	1	0	1	2	0	0	1	0	1	0	0	1	1	1	0	0	0	0	0	1	0	0	0	0	0	0	0	0	1	0	0	0	1	0	0	1	1	2	1	1	0	1	1	0	0	1	6	13	15	40	0	25	18	8	4	5	1	2	11	6	3	3	3	3	0	2	1	4	1	1	1	2	2	3	0	5	1	3	0	2	6	0	3	1	1	2	1	2	1	2	0	1	0	0	0	1	0	1	2	0	0	0	0	0	1	1	2
0	0	0	0	0	0	0	0	0	0	0	0	1	2	2	0	0	1	0	1	0	1	2	1	0	1	2	0	0	0	0	1	0	0	1	0	2	2	1	2	0	0	0	0	0	0	2	0	0	1	0	0	0	0	1	0	0	0	0	0	0	0	0	0	0	0	0	0	0	1	0	0	0	0	0	0	0	0	2	0	0	0	1	0	1	0	1	0	0	0	0	0	1	1	2	2	1	0	1	0	0	0	1	1	0	1	1	1	1	0	0	3	0	0	0	2	1	1	1	0	0	2	0	0	0	2	3	2	0	2	0	1	3	1	0	1	1	0	2	2	1	0	2	1	1	3	2	1	1	1	1	2	0	1	4	3	0	2	1	1	0	1	1	1	0	0	1	0	1	1	0	1	1	0	1	0	1	0	1	2	0	0	1	1	0	1	0	0	2	2	2	3	1	0	1	0	0	5	1	2	0	1	1	0	1	1	0	2	2	0	1	2	1	0	2	0	2	2	2	2	2	1	3	0	5	1	3	0	0	1	0	2	2	1	0	0	0	0	1	0	0	0	1	1	0	3	0	2	1	1	0	0	1	1	0	2	0	1	0	0	1	0	1	1	0	0	0	1	0	0	0	0	2	0	0	5	3	0	3	3	2	3	3	4	4	3	2	3	4	4	0	3	3	1	1	1	1	4	2	1	2	2	4	0	5	9	3	1	2	13	4	1	3	1	1	4	2	0	2	0	3	3	1	1	3	3	6	1	3	0	0	2	2	3	2	1	1	4	1	1	1	9	3	7	13	34	46	23	10	11	15	6	4	2	1	1	3	1	1	0	1	2	2	1	2	0	0	0	2	1	0	0	0	0	1	0	0	1	0	2	1	0	0	0	1	0	2	0	1	0	2	0	2	1	0	0	1	0	0	0	1	1	1	0	0	1	2	0	0	1	0	1	0	0	0	0	1	1	2	1	1	1	4	0	1	4	2	2	17	39	11	15	25	0	35	22	5	3	2	5	9	8	5	3	2	4	1	3	3	4	0	3	1	3	1	1	1	4	2	3	2	3	5	6	0	4	9	1	4	4	2	3	1	1	0	0	1	1	0	0	2	0	0	0	1	0	0	0	1
0	0	0	0	0	0	0	0	2	0	0	0	0	0	0	0	0	0	0	1	1	0	1	0	0	0	1	0	0	0	0	1	1	0	1	0	0	0	0	0	2	0	0	0	0	1	0	0	0	1	0	0	1	1	0	0	0	0	1	0	0	0	0	0	0	0	0	0	0	0	0	0	0	0	0	0	0	1	0	0	0	0	0	0	0	0	0	0	1	1	1	1	1	3	3	1	0	1	0	0	0	0	0	0	1	1	0	1	1	1	0	1	0	2	2	2	0	2	0	0	0	0	0	1	0	1	2	0	1	1	4	0	0	0	0	1	1	0	0	0	3	0	0	0	2	2	1	2	2	0	1	0	1	0	0	2	1	1	0	2	0	0	1	1	0	0	2	2	0	0	1	1	0	0	0	0	0	1	0	2	0	1	1	0	0	0	0	0	1	2	2	2	1	1	1	0	1	2	0	0	0	0	1	0	1	1	1	1	0	1	0	0	0	1	0	1	1	2	3	1	3	1	3	4	0	2	2	3	1	1	0	0	1	2	0	0	1	2	0	0	0	1	0	1	1	0	1	2	1	2	1	0	0	1	0	1	2	0	1	0	1	1	0	0	0	1	0	0	1	1	1	1	1	0	1	3	1	0	1	2	1	1	2	4	1	2	3	4	4	1	1	3	2	2	2	1	2	0	2	0	2	3	2	4	5	6	2	6	3	8	4	1	2	3	3	1	2	1	3	0	3	2	2	1	5	8	6	2	3	3	2	3	5	4	4	1	2	3	1	3	3	0	2	6	3	9	9	15	7	4	8	1	3	2	1	3	0	1	1	0	1	1	1	0	1	2	0	0	2	1	2	0	0	1	0	0	0	0	0	0	0	2	3	0	0	1	1	0	1	1	0	1	1	0	2	0	0	0	0	2	0	1	0	1	0	0	0	0	1	1	0	0	1	0	1	1	3	0	1	0	0	0	2	2	1	1	1	3	12	51	24	21	18	35	0	95	10	8	6	10	21	8	7	6	4	12	3	3	2	3	1	4	3	7	0	0	3	2	5	0	1	2	3	4	5	5	3	3	2	2	1	2	2	3	1	1	2	2	1	1	1	0	0	1	0	0	0	0	0
0	0	0	0	0	0	0	1	0	0	0	0	0	0	0	0	0	0	2	0	2	0	0	3	0	0	0	0	0	1	1	0	1	1	1	0	0	0	0	0	0	0	1	0	0	0	0	1	0	0	0	0	0	0	0	1	1	0	0	0	1	1	0	0	2	0	0	0	0	0	0	0	1	1	1	0	0	1	0	0	0	0	1	0	0	1	0	0	0	1	0	1	0	1	0	1	0	1	3	1	0	1	0	0	0	1	1	1	1	1	0	2	1	0	0	0	2	0	1	1	1	0	0	1	1	0	3	5	0	1	1	4	4	0	0	1	0	1	1	1	4	0	0	2	1	1	0	0	1	3	1	1	2	1	2	1	1	2	0	0	0	0	0	1	2	0	1	0	0	1	0	1	0	1	0	0	0	0	0	0	2	0	1	0	0	0	1	0	1	0	1	3	4	2	1	2	1	1	0	0	0	2	1	1	1	0	0	0	1	0	0	1	1	1	2	1	1	2	0	0	0	4	1	1	2	2	2	1	0	1	1	1	0	0	0	0	0	0	1	1	0	0	0	0	1	0	0	1	3	0	0	0	0	1	0	0	1	2	0	1	1	0	0	0	0	0	2	1	3	2	2	1	0	1	1	0	2	0	2	1	0	0	4	1	2	0	2	0	1	1	2	3	3	1	1	2	2	2	1	2	0	4	2	1	2	1	5	1	2	12	4	1	3	2	2	0	1	1	1	1	1	2	5	4	2	5	3	7	2	4	1	5	5	2	7	0	1	1	3	2	3	1	4	5	5	3	9	6	6	6	5	6	9	0	1	0	1	2	4	0	2	0	1	3	1	0	0	0	0	0	0	0	0	0	0	0	0	0	2	1	1	4	0	1	0	1	3	3	0	1	1	1	0	1	0	1	1	0	1	3	2	2	1	2	0	1	2	0	0	0	1	0	1	0	0	2	1	0	0	3	3	1	2	1	3	0	3	1	11	22	16	14	8	22	95	0	15	15	8	45	29	16	10	12	3	10	3	3	7	6	2	3	9	1	3	1	3	1	3	4	3	2	4	6	4	7	6	4	1	9	1	1	1	1	1	2	0	1	3	2	1	0	3	0	1	0	1	1	0
0	0	0	0	0	0	0	0	0	0	0	0	1	0	1	0	0	1	0	0	0	0	0	1	0	0	1	1	0	1	0	0	0	0	0	0	0	1	1	0	1	0	0	0	0	1	0	0	1	1	0	0	1	0	0	0	0	0	1	0	0	0	0	0	0	1	0	1	1	0	0	3	0	1	0	0	0	0	0	0	0	1	1	1	1	1	0	0	0	0	0	1	0	1	2	2	0	0	0	0	1	1	1	0	0	1	1	1	1	3	4	1	1	1	2	0	1	0	0	1	1	2	0	0	2	1	2	2	1	1	1	1	2	0	1	1	0	1	3	1	1	1	0	0	4	2	1	3	1	1	1	0	1	1	1	1	5	0	1	0	1	0	0	1	1	1	0	2	0	2	0	0	0	0	0	0	1	0	1	0	0	0	0	0	0	1	0	1	2	1	1	4	2	2	3	5	2	0	0	0	2	1	0	0	0	2	1	1	1	0	1	0	1	0	0	2	3	0	1	4	1	3	1	2	0	1	4	1	0	2	0	1	0	1	1	0	0	2	0	0	1	1	0	0	0	0	1	1	0	1	0	0	1	0	1	0	3	1	0	1	0	0	1	2	0	0	1	1	0	3	0	0	1	1	1	1	2	1	1	0	0	0	2	1	3	3	1	2	3	1	0	2	2	0	3	1	1	3	0	0	0	5	6	1	2	6	11	5	3	11	6	0	6	4	2	0	4	1	2	0	4	4	5	3	0	1	3	5	8	10	7	9	10	15	4	1	1	0	0	7	1	3	6	4	3	3	5	2	4	3	1	1	4	0	0	3	0	2	1	0	2	1	1	2	0	0	0	0	0	1	2	1	1	0	1	0	2	0	5	1	1	0	2	2	0	1	2	1	0	2	0	1	2	0	0	0	0	0	2	0	3	0	1	1	2	0	1	0	0	0	0	0	0	0	0	0	0	0	0	1	2	0	1	0	1	3	2	6	4	8	40	14	4	5	10	15	0	66	48	33	22	1	7	3	8	4	5	5	3	5	10	3	3	6	1	2	2	7	1	2	2	1	2	2	2	4	1	2	4	4	1	2	1	2	0	0	1	1	0	0	1	1	0	0	1	2	0	0	0
0	0	0	0	0	0	0	1	0	0	0	0	0	0	0	0	1	2	1	0	0	1	0	0	0	0	0	1	0	0	0	0	0	1	1	0	1	0	0	1	1	2	1	1	0	0	0	1	0	1	0	0	0	0	1	0	0	0	0	1	0	0	0	2	0	1	0	0	0	0	0	0	0	0	2	0	0	0	0	1	0	1	0	0	0	0	0	1	0	0	1	1	2	1	1	0	0	1	1	2	1	1	0	0	1	2	1	1	1	2	1	2	1	0	1	1	2	0	0	3	0	3	0	0	1	1	4	0	0	2	0	2	1	2	0	1	0	1	1	0	1	2	1	0	0	2	1	0	2	1	0	0	2	2	0	2	1	1	0	2	1	0	0	1	0	0	3	0	0	0	0	1	1	0	0	1	4	0	0	1	0	0	0	1	1	1	0	2	1	1	1	2	1	5	3	3	4	2	0	4	1	0	1	0	0	1	1	3	2	1	0	1	0	0	1	2	1	3	2	0	5	0	5	2	3	1	0	0	1	2	3	1	0	2	0	0	3	0	0	0	0	0	0	0	1	1	0	0	0	1	2	0	0	0	0	0	0	0	0	0	2	0	0	1	0	1	0	2	1	1	0	3	2	2	2	0	1	1	1	0	3	1	2	2	3	1	0	2	2	4	0	5	1	2	0	2	2	3	0	1	2	2	1	2	1	5	4	10	2	3	4	4	1	2	0	4	1	2	0	3	2	2	1	2	1	2	3	5	4	3	1	12	13	6	12	3	0	1	2	3	1	3	5	5	1	5	2	8	13	8	5	5	0	0	0	1	2	1	2	2	2	1	1	1	1	0	0	0	1	1	0	0	0	0	0	0	0	1	0	3	2	2	3	1	1	0	2	3	0	2	1	1	0	2	3	2	0	1	0	0	4	1	1	0	1	0	0	0	0	1	0	0	1	0	0	2	0	1	0	1	1	3	2	1	2	0	1	3	2	11	25	8	5	3	8	15	66	0	97	28	24	8	10	9	30	16	10	8	5	4	9	13	6	8	3	3	2	7	4	4	2	5	5	3	2	6	7	6	1	2	4	4	1	2	1	0	1	0	4	2	0	0	0	0	2	0	0	1	2
0	0	0	0	0	0	0	0	0	0	0	0	0	0	0	0	0	0	1	0	1	1	1	0	0	1	0	1	0	0	0	0	0	2	1	1	1	0	0	0	3	1	1	0	0	0	1	0	1	0	1	0	1	0	1	0	0	0	1	0	0	0	0	0	0	0	1	0	0	0	0	0	0	0	1	0	0	3	1	0	0	0	1	1	0	1	0	0	1	2	1	0	1	2	1	1	1	0	0	0	0	0	2	0	0	0	0	0	2	0	0	0	0	0	1	2	2	3	0	0	0	0	0	1	1	0	0	1	0	0	1	0	0	0	1	1	2	0	3	1	3	0	1	1	1	3	2	2	1	2	0	0	0	1	0	1	1	0	3	0	0	0	1	1	1	0	0	0	0	0	0	0	0	1	0	0	0	3	1	1	1	0	0	2	1	0	1	1	1	1	1	1	2	3	0	5	2	1	2	1	0	0	1	1	3	2	0	0	1	1	2	1	2	2	0	2	0	3	6	3	6	2	2	1	2	0	3	1	0	0	1	0	0	2	1	0	0	1	0	2	1	3	0	1	0	1	2	1	3	0	0	1	0	0	0	0	0	0	0	0	0	0	0	2	1	0	1	0	1	0	0	0	3	0	0	3	1	0	1	0	1	1	2	1	4	3	2	2	1	3	0	1	1	1	1	0	0	2	1	1	1	1	1	2	4	2	4	4	4	2	4	2	2	2	0	1	0	1	0	2	3	3	4	4	1	5	5	4	5	6	11	13	20	8	2	7	2	3	0	2	0	1	6	2	0	5	3	5	2	2	4	1	2	1	2	0	0	0	1	3	1	1	1	0	1	0	0	0	1	1	0	0	1	1	0	1	2	0	1	5	2	3	2	0	2	1	0	3	2	2	2	0	0	1	0	0	1	1	0	1	2	1	1	3	1	1	1	0	0	1	0	0	0	3	1	2	2	1	2	2	1	1	0	1	1	2	2	3	2	4	13	6	1	2	6	8	48	97	0	24	18	8	14	10	18	25	7	1	7	8	7	12	13	7	4	1	2	1	2	1	2	4	6	2	2	0	8	0	2	3	5	2	3	2	0	5	4	1	2	0	3	0	1	1	3	1	0	2	0
0	0	0	0	0	0	0	1	1	0	0	1	0	0	1	0	0	0	0	0	1	0	1	0	2	1	1	0	3	0	0	0	0	0	1	1	0	0	0	1	0	1	0	0	0	0	0	0	1	0	0	2	0	1	0	1	0	1	0	0	2	0	0	0	0	0	0	1	1	0	0	0	0	0	1	0	0	0	0	1	0	0	0	1	0	0	1	0	0	0	2	2	1	1	0	0	0	1	0	0	2	0	1	0	0	0	0	0	0	1	1	1	0	0	1	1	1	0	0	0	0	0	1	0	0	0	2	1	0	0	1	0	1	1	1	1	1	2	0	0	0	1	2	0	1	1	3	1	1	0	1	0	0	0	0	2	2	0	1	2	0	1	0	0	0	0	2	2	2	0	1	1	0	0	2	1	0	1	2	0	0	0	1	0	1	1	1	0	1	1	1	0	5	3	1	1	1	0	1	1	0	1	0	1	1	1	1	2	0	2	2	0	1	0	0	2	0	2	1	1	3	0	2	2	0	2	1	0	0	1	1	1	0	1	0	0	0	0	0	0	0	0	0	1	0	0	0	1	2	0	0	1	0	1	1	0	0	0	2	0	0	1	0	2	1	2	0	1	0	0	1	0	2	1	1	2	1	1	2	0	3	1	0	0	2	1	2	1	1	2	0	5	2	0	2	0	0	0	1	0	3	2	3	0	2	1	1	4	2	4	5	2	1	1	3	3	1	0	1	1	3	1	3	2	2	4	3	5	1	6	4	6	5	3	4	2	1	1	2	1	0	1	3	3	3	4	4	7	3	6	4	1	6	4	0	0	0	1	2	1	1	0	0	2	0	1	3	1	0	0	0	0	1	1	1	0	1	2	2	1	0	1	4	0	3	3	0	1	1	0	1	0	0	0	1	0	1	0	0	2	3	2	0	2	0	0	1	0	0	0	0	0	0	1	3	0	1	0	2	2	1	0	0	0	0	1	0	0	8	10	15	8	2	5	10	45	33	28	24	0	63	23	17	8	8	14	4	5	1	2	7	5	3	2	1	0	1	1	1	3	3	3	4	4	4	7	8	7	4	2	2	0	2	1	0	2	1	0	1	1	1	0	1	1	0	0	2	0	0
0	0	0	0	0	0	0	1	0	0	1	0	0	0	0	0	1	1	1	2	1	0	0	1	0	0	0	0	0	0	0	1	0	2	0	1	0	0	0	1	0	0	0	0	1	1	0	1	1	1	0	0	2	0	0	0	2	1	1	0	0	0	0	0	0	0	0	1	0	0	0	0	1	1	0	0	0	1	0	0	0	0	0	0	2	0	1	0	0	0	1	0	0	1	1	2	0	2	3	1	2	1	0	2	1	1	0	0	1	0	0	1	1	0	0	1	2	0	1	1	0	1	1	0	0	0	1	1	0	0	0	3	1	0	0	0	1	1	2	1	0	0	2	0	2	2	3	1	1	2	0	1	1	1	1	0	1	0	1	1	0	0	0	0	1	1	1	0	0	0	0	2	1	0	1	1	0	2	1	1	2	0	1	1	0	1	0	1	0	0	0	1	2	6	1	0	3	0	2	0	0	2	0	1	1	2	1	3	1	0	1	1	0	0	0	1	3	1	3	3	2	1	3	1	4	0	1	0	0	3	0	1	1	0	0	1	1	0	0	0	0	0	0	0	1	1	0	1	0	2	1	0	0	0	0	0	1	1	0	0	3	0	0	0	0	0	0	2	0	2	1	1	0	4	0	1	1	1	2	1	1	1	0	1	3	0	0	1	4	4	1	2	2	0	0	1	0	1	0	1	2	3	1	0	0	1	5	5	2	8	2	0	2	3	1	1	0	2	1	2	1	0	3	0	1	2	0	5	3	3	7	2	1	1	1	4	4	2	2	3	1	4	0	2	5	1	4	15	10	3	6	4	2	1	1	3	0	1	0	1	1	1	3	1	0	0	0	0	0	0	2	0	0	1	0	0	0	0	1	4	2	4	4	0	2	2	1	3	0	1	0	1	0	1	1	1	1	0	1	0	1	0	1	1	0	0	1	1	1	0	0	0	1	1	0	1	0	1	0	0	2	0	4	4	2	2	4	2	24	32	11	3	11	9	21	29	22	24	18	63	0	29	35	12	12	29	15	8	11	8	2	3	4	4	2	3	1	1	2	3	3	4	5	2	4	13	13	6	2	4	5	5	3	2	1	2	3	2	2	2	2	0	1	3	1	0	3	1	0
0	0	0	0	0	0	0	0	0	0	0	0	0	1	0	0	0	0	2	0	0	0	1	0	0	0	0	0	0	0	0	0	0	0	0	0	0	0	0	0	0	1	0	1	0	0	0	1	0	0	1	0	0	0	0	1	1	0	0	0	1	1	0	1	0	0	0	0	0	0	1	0	0	0	0	1	0	0	0	0	0	0	0	0	0	0	0	0	0	2	1	0	1	3	1	2	1	0	0	2	0	0	0	1	0	0	0	0	2	0	1	2	0	0	1	0	1	0	0	1	0	0	0	0	3	0	2	2	1	0	1	0	1	2	0	0	0	0	0	1	0	1	2	1	0	0	2	0	1	1	0	1	0	1	1	0	0	0	0	0	0	1	0	1	1	1	0	1	0	0	0	0	0	0	0	0	1	1	0	1	1	0	0	0	2	0	1	0	0	0	1	1	0	2	1	0	0	1	1	2	0	1	2	1	1	3	1	0	4	2	1	0	1	0	1	0	0	4	1	2	1	1	3	1	2	1	2	1	0	2	2	0	1	0	3	0	1	0	1	0	0	0	0	0	2	0	1	2	1	0	2	0	2	0	2	0	0	0	0	2	1	2	0	2	2	0	0	1	1	1	1	3	0	5	4	1	0	1	2	1	1	0	1	1	1	2	0	2	1	0	4	2	3	1	1	0	1	1	0	0	1	3	1	0	1	1	1	1	0	2	0	1	0	0	1	2	1	0	1	1	2	2	0	1	1	1	4	0	1	2	2	4	1	1	1	0	4	0	0	4	1	1	4	1	3	2	6	3	1	2	0	0	0	2	2	1	1	3	2	3	3	1	1	0	1	0	0	0	1	2	0	1	1	1	2	1	1	0	0	3	3	2	4	0	1	2	2	3	2	0	2	0	0	1	1	0	1	1	1	0	3	0	0	1	1	1	0	0	0	1	2	0	2	1	1	2	3	2	0	1	0	2	1	0	3	0	0	1	9	6	6	6	6	8	8	16	1	8	8	23	29	0	57	19	17	18	26	16	14	10	5	5	4	4	0	2	0	2	2	4	3	6	4	4	0	4	14	15	6	8	4	3	6	4	3	1	3	3	4	7	0	0	2	1	2	1	1	0	2
0	0	0	0	0	0	0	0	0	0	0	0	0	0	0	1	0	1	0	1	0	1	1	1	0	0	0	0	0	0	0	0	0	1	0	0	0	0	0	1	1	0	0	1	0	0	0	0	0	0	1	2	0	0	0	0	1	1	0	0	1	1	0	0	0	0	0	0	0	1	1	0	0	0	0	1	0	1	0	0	0	1	0	1	0	1	0	0	0	1	0	0	2	3	2	1	0	0	0	0	0	0	0	2	3	1	0	0	2	0	1	1	0	0	1	0	0	0	1	1	0	0	1	0	1	0	1	1	1	3	1	1	2	2	1	0	0	1	0	1	0	2	1	0	1	1	1	2	2	0	1	1	1	2	2	1	1	1	1	0	0	0	0	0	0	0	1	1	2	0	0	0	1	1	1	1	0	0	0	0	1	1	0	2	2	1	1	0	1	2	1	1	0	2	2	1	1	2	1	1	0	0	0	0	2	1	2	1	2	0	1	1	2	0	1	0	1	1	3	1	3	0	3	0	2	3	2	2	2	3	2	1	0	1	0	1	1	0	0	0	0	1	1	1	0	0	0	2	0	0	2	0	1	1	1	1	1	1	1	2	0	0	0	1	3	0	0	1	1	0	1	1	3	0	3	5	1	2	0	2	1	2	1	1	1	3	3	1	4	0	2	0	1	0	0	0	2	0	3	2	2	2	0	0	2	2	1	4	4	1	5	1	2	0	1	1	0	1	2	0	4	0	3	1	1	3	3	0	0	0	0	3	5	2	1	2	2	2	2	0	4	3	4	3	3	6	9	2	9	7	8	1	3	4	3	3	1	7	3	3	1	3	1	0	2	0	0	2	1	1	0	1	1	1	0	1	0	1	4	5	4	1	4	2	1	1	2	0	2	1	2	1	0	1	2	0	3	0	1	0	0	1	0	0	0	0	0	0	1	1	0	0	0	1	2	0	2	2	1	1	1	1	3	1	2	2	3	4	11	13	8	4	3	5	7	10	7	10	14	17	35	57	0	41	36	20	19	15	14	8	8	4	4	3	3	5	1	5	2	2	3	8	4	6	8	11	22	14	17	8	6	6	6	2	2	0	3	1	1	2	1	0	3	2	0	1	0	2	1
0	0	0	0	0	0	0	0	1	0	0	0	0	0	0	0	0	0	0	0	1	0	0	2	0	0	0	1	0	0	2	0	0	1	0	0	0	1	0	0	0	1	1	0	2	0	0	1	0	0	0	0	0	0	0	0	0	0	0	1	0	0	0	1	0	1	0	0	0	0	0	0	0	0	0	0	1	0	0	0	0	0	0	0	1	1	0	1	0	0	0	0	1	5	1	1	0	0	0	0	1	0	1	2	1	1	2	0	0	2	0	1	0	1	1	0	0	2	0	0	0	1	1	3	0	1	2	2	0	0	1	0	0	0	5	0	0	2	3	1	0	1	2	0	3	1	4	6	2	1	0	3	1	1	1	1	1	1	0	0	0	0	0	2	0	0	0	0	0	0	0	0	0	0	1	0	0	0	0	1	0	0	0	1	1	1	0	1	3	3	1	4	3	4	2	2	6	2	1	0	1	1	1	0	2	0	2	6	4	2	1	6	2	1	1	0	4	5	9	2	14	6	3	4	4	3	3	0	0	0	2	0	0	2	0	0	0	0	1	1	0	0	2	2	0	3	0	1	1	1	2	1	1	2	0	1	1	0	0	0	6	0	0	1	0	0	1	2	3	0	2	1	1	2	2	1	2	0	2	1	1	1	2	5	4	0	2	2	3	4	2	4	1	0	1	0	1	3	4	1	4	0	1	0	2	1	1	1	3	1	2	0	0	1	2	0	2	3	0	0	0	2	0	1	0	2	3	4	1	3	0	0	4	2	6	1	0	2	1	1	2	5	2	2	7	3	3	7	17	10	4	3	4	7	4	4	0	3	3	4	1	1	0	2	1	2	1	0	2	1	1	0	2	2	1	0	3	2	3	4	2	3	4	1	2	1	3	2	0	3	1	2	2	0	0	1	0	0	0	2	0	1	2	1	1	0	3	1	1	0	0	1	0	0	1	2	5	1	1	6	6	1	2	4	4	7	2	6	18	14	8	3	3	3	6	12	3	9	10	8	12	19	41	0	117	24	15	13	33	20	15	9	2	3	5	2	5	7	4	5	5	15	6	9	5	29	35	12	10	4	3	5	5	2	3	2	0	0	2	3	5	2	3	0	0	1	2	1	0
0	0	0	0	0	0	0	0	0	1	1	0	1	0	1	0	0	2	1	0	4	2	0	0	0	1	0	0	0	0	1	0	0	0	0	0	1	0	1	0	0	1	0	0	0	0	0	0	0	1	0	0	2	0	0	1	0	0	0	0	0	0	0	0	0	0	0	0	0	1	1	0	0	1	0	1	0	0	0	1	2	0	0	0	0	0	1	1	0	2	0	0	3	0	0	4	0	2	0	0	0	0	1	1	0	0	0	1	0	0	0	0	0	0	2	1	0	0	0	0	2	1	0	0	2	0	1	1	2	0	0	1	0	0	1	0	0	0	1	0	2	0	0	0	2	0	0	3	2	2	1	0	1	3	1	1	3	0	0	2	3	0	0	0	1	0	1	2	1	0	1	0	1	0	0	0	0	1	0	3	1	0	1	1	1	0	1	1	2	2	1	3	8	4	2	4	2	2	0	2	2	0	2	2	0	0	2	0	4	1	1	0	0	1	0	0	1	6	5	5	5	1	3	2	3	0	2	1	4	2	1	0	0	0	0	0	0	0	0	1	0	2	0	1	1	2	0	0	1	1	0	0	2	0	1	1	0	2	1	0	2	1	2	0	0	2	1	0	2	3	2	2	2	4	1	4	1	1	2	1	2	2	0	4	2	2	0	2	4	0	1	1	1	2	0	1	1	2	2	2	2	2	1	3	1	2	2	1	4	10	2	2	2	1	2	0	0	0	2	1	1	1	1	1	1	4	2	1	3	0	0	6	13	5	1	4	4	1	1	3	2	1	3	4	1	0	5	11	15	10	3	4	5	3	4	1	4	1	2	3	2	1	2	1	1	1	0	0	1	1	2	2	2	0	0	0	1	1	3	3	3	3	8	0	0	1	1	2	3	0	1	1	0	2	0	0	1	2	1	3	1	3	1	1	1	1	0	1	2	1	0	0	0	1	1	2	5	2	2	3	1	1	1	2	2	1	3	3	10	15	8	3	3	2	4	3	8	30	18	8	12	17	36	117	0	45	21	20	7	23	23	16	6	8	6	2	1	8	2	2	0	5	5	5	4	9	16	1	10	1	2	3	2	4	1	0	3	2	2	1	2	0	1	0	1	3	2	0	0
0	0	0	0	0	0	0	0	0	0	0	0	1	0	0	0	0	0	0	0	0	0	2	0	1	0	0	0	1	1	1	3	0	0	0	0	1	2	1	0	0	0	0	0	0	1	0	0	0	3	0	1	0	0	1	1	0	0	0	2	0	0	0	1	0	0	0	0	0	0	0	0	0	0	0	2	0	0	0	0	0	0	0	0	0	1	0	1	0	3	0	0	1	1	1	2	0	0	2	0	0	1	0	0	0	0	0	0	1	0	1	0	0	1	1	0	0	0	0	0	0	0	0	0	3	0	2	2	2	0	0	2	1	1	2	1	0	0	1	0	0	0	2	2	0	0	3	1	1	2	0	0	0	0	0	1	0	1	1	2	0	0	0	0	1	2	1	0	0	0	0	0	1	0	0	0	2	0	0	0	0	0	2	1	1	0	0	4	1	1	1	0	4	5	2	3	3	0	0	2	2	2	0	0	1	2	4	2	0	0	0	2	1	1	1	0	2	7	5	5	1	3	0	0	4	3	0	1	2	0	1	1	0	1	0	0	1	4	1	0	0	0	0	0	0	0	1	0	0	1	3	0	0	0	0	0	3	1	0	0	0	2	1	0	0	1	1	0	1	2	0	0	2	3	1	2	1	0	1	1	3	0	1	1	1	0	0	1	2	0	2	3	0	2	1	0	0	1	2	0	3	1	1	0	0	2	4	2	1	0	2	0	1	1	1	1	6	1	0	2	1	2	0	1	2	4	1	0	2	4	4	3	5	3	2	2	3	4	0	2	4	2	1	2	1	1	1	3	7	3	2	3	3	3	0	1	2	2	4	1	1	2	0	2	4	1	0	0	0	0	0	0	1	0	2	0	1	1	3	5	4	4	8	3	1	3	3	3	2	1	1	2	0	2	1	2	0	1	2	1	1	1	0	0	0	2	0	0	0	0	2	0	0	0	0	1	0	2	2	0	1	4	0	1	1	2	3	3	6	5	4	3	3	4	12	10	4	16	25	14	29	18	20	24	45	0	29	23	15	10	16	19	2	5	1	1	2	3	5	3	0	2	5	5	4	5	13	8	8	7	4	5	1	2	0	0	0	2	1	1	6	4	2	0	1	1	2	0	0
0	0	0	0	0	0	0	1	1	0	0	0	0	0	0	0	0	1	0	1	2	0	0	0	0	1	1	0	0	0	0	0	0	1	0	0	0	0	1	0	0	0	0	0	0	0	0	0	0	0	0	0	1	0	0	0	0	0	1	0	0	0	0	1	0	0	0	0	0	0	1	0	1	0	0	0	1	0	1	0	0	2	0	0	0	1	0	0	0	0	0	0	2	0	0	1	0	1	1	0	0	0	1	0	0	1	0	0	0	0	2	0	0	1	1	1	0	0	0	0	0	1	0	1	0	0	0	0	0	0	1	0	0	1	1	2	0	1	0	0	0	1	0	1	1	1	0	3	2	1	1	1	0	1	0	0	0	0	0	0	0	1	0	0	0	1	0	2	1	0	0	0	0	1	1	1	0	2	0	0	0	0	3	0	0	1	0	1	1	3	1	0	1	2	1	1	2	1	0	0	1	0	0	1	1	0	2	2	1	0	0	1	3	1	1	1	2	0	0	6	6	0	0	0	0	1	0	2	1	0	0	1	0	0	1	0	1	1	0	2	0	0	0	0	2	2	0	0	1	0	0	0	0	0	1	3	0	1	1	0	2	0	0	3	0	1	0	0	2	2	1	0	1	1	1	1	0	1	0	1	0	3	2	0	3	1	0	1	1	2	0	0	0	1	1	1	0	0	0	1	2	0	0	1	1	1	2	2	1	1	1	2	1	0	0	2	2	0	1	1	1	1	0	2	0	2	1	4	1	3	2	3	1	0	2	1	0	1	0	1	1	0	0	2	1	3	4	3	2	1	4	1	4	2	2	0	1	2	3	4	1	1	1	0	0	0	0	1	0	0	1	1	0	3	0	2	4	2	5	4	1	1	8	3	2	4	5	3	2	1	2	3	1	1	0	0	1	0	3	1	1	1	1	0	2	2	0	1	0	1	0	0	0	1	3	0	2	0	0	2	0	0	1	0	0	0	2	3	2	2	1	3	0	1	3	3	5	10	7	4	15	26	19	15	21	29	0	30	13	3	5	10	3	2	3	1	1	7	2	1	0	7	2	2	2	6	10	11	14	3	7	3	9	7	4	5	7	2	7	6	6	3	2	2	3	1	7	4	1
0	0	0	0	0	0	0	0	1	0	0	0	0	0	0	0	0	0	0	1	0	1	0	0	0	0	1	0	1	0	1	0	0	1	1	0	0	0	2	0	2	1	0	0	0	0	0	1	0	0	1	0	0	0	0	0	1	0	0	0	1	0	0	0	0	0	0	0	0	0	0	0	0	0	0	0	2	0	0	0	0	0	0	0	0	0	1	0	0	1	1	1	2	0	1	0	0	0	0	0	0	0	1	1	0	0	0	1	3	0	1	0	0	0	2	1	0	1	1	0	0	0	0	0	2	0	0	1	1	0	0	0	1	0	0	1	0	1	0	0	0	0	1	2	1	1	1	0	2	0	2	3	1	2	1	1	0	2	1	1	1	0	0	1	1	0	1	2	0	2	1	0	0	0	0	1	0	0	1	0	0	2	1	1	1	0	0	1	1	1	4	2	5	1	1	5	1	2	4	0	1	1	0	0	0	3	1	1	1	1	2	2	1	1	2	4	8	2	3	4	7	1	1	1	1	2	0	2	3	0	0	0	0	1	2	0	0	0	0	0	1	0	1	2	0	0	0	1	1	0	0	1	0	0	2	2	1	1	0	0	1	0	0	1	1	3	3	0	1	4	0	1	0	1	2	3	2	1	0	5	2	2	0	0	1	3	1	0	0	0	0	1	0	1	0	0	1	0	1	2	1	1	0	1	1	2	1	3	1	3	0	1	1	2	1	1	1	2	2	0	0	0	2	1	0	0	1	1	3	1	1	1	4	2	0	0	2	0	1	0	2	4	0	1	1	2	2	2	7	3	2	1	2	3	4	0	4	4	5	7	3	2	1	1	1	4	1	0	2	2	1	1	2	1	1	1	0	4	3	7	3	7	6	4	3	5	7	4	1	0	3	3	2	0	1	0	2	1	3	2	3	0	2	3	1	0	1	1	0	1	3	1	2	1	1	0	2	3	3	0	1	5	4	3	1	2	2	5	4	6	2	1	2	3	3	3	5	8	1	5	8	16	15	13	20	23	30	0	33	24	9	12	5	3	2	3	1	0	2	5	1	5	4	4	11	6	9	18	6	6	4	4	5	1	1	1	4	1	4	7	5	1	3	1	3	1	2	0	1
0	0	0	0	0	0	0	0	0	0	0	0	0	2	0	0	1	0	0	0	0	0	0	0	0	1	0	1	0	0	0	0	0	0	0	2	1	0	1	0	0	1	1	0	0	1	1	0	0	0	0	0	0	0	0	0	1	0	0	0	0	0	0	0	0	0	1	0	0	0	0	0	0	0	0	0	0	0	0	0	0	0	0	0	0	0	0	0	0	0	1	2	0	0	0	1	0	1	1	0	0	0	2	0	0	0	1	2	1	0	0	0	1	0	0	0	0	0	0	2	2	0	0	0	0	0	0	0	3	2	0	0	0	0	2	0	1	2	1	0	1	1	1	1	0	0	0	2	2	2	1	0	1	2	0	1	0	0	1	1	0	0	1	3	0	0	0	2	0	2	1	0	0	0	1	1	2	1	0	0	0	0	1	2	0	3	1	2	2	2	0	4	3	4	5	3	0	3	1	1	2	1	1	1	2	2	0	1	1	2	0	1	0	0	4	0	4	5	6	6	9	5	3	4	2	2	2	3	3	3	3	1	2	1	0	0	0	0	0	0	0	0	1	0	1	0	1	1	4	1	0	0	0	0	0	1	0	2	1	0	1	0	2	1	1	0	0	1	3	0	6	4	2	4	6	6	1	0	2	6	2	3	0	3	2	2	0	0	4	2	1	0	2	0	0	1	0	0	2	1	0	2	2	3	0	2	2	0	3	1	0	2	1	1	3	1	0	0	1	0	2	0	0	0	0	1	1	1	3	2	2	0	0	3	3	4	1	1	1	1	2	2	0	1	3	3	1	8	6	8	5	5	6	5	11	6	4	2	5	5	5	5	3	1	1	0	1	1	2	1	2	0	2	1	1	2	1	4	4	3	3	5	8	1	6	2	6	5	5	2	2	2	1	0	0	1	1	0	3	4	4	7	8	5	3	1	4	1	0	2	0	1	1	1	2	1	0	2	0	2	6	5	2	3	2	2	8	8	8	6	5	2	1	3	2	7	3	5	7	1	11	14	14	33	7	15	13	33	0	37	10	4	2	4	3	3	8	4	2	3	4	12	5	17	34	23	21	38	13	9	6	4	5	2	3	5	4	4	1	8	3	4	0	1	2	2	3	4	3
0	0	0	0	0	0	0	0	0	1	0	0	0	0	1	0	1	0	0	1	0	1	0	0	0	0	1	0	0	0	1	0	1	1	1	0	0	0	0	0	0	0	0	0	1	1	0	0	1	0	0	0	0	0	0	0	0	0	0	1	0	0	0	0	0	0	0	0	1	0	0	0	1	0	0	1	0	0	0	0	0	1	0	0	0	0	1	1	0	6	1	3	0	3	1	1	0	0	1	1	1	0	0	0	0	0	4	0	1	2	0	0	1	0	1	1	1	1	1	0	3	1	0	0	0	0	1	2	1	1	0	1	1	2	1	0	1	2	0	0	0	0	1	1	3	0	4	8	3	3	2	3	1	1	1	3	1	2	0	1	0	0	1	0	0	2	0	2	1	0	0	0	0	0	0	1	1	1	0	1	0	0	0	0	1	3	0	2	4	1	3	2	7	9	6	9	5	1	1	0	3	3	2	0	1	4	5	6	4	2	2	1	2	2	1	1	6	8	16	9	21	5	1	1	2	3	3	5	3	4	1	1	1	0	2	0	1	0	1	0	0	0	1	0	1	0	0	0	1	1	3	2	0	4	2	0	1	0	0	3	5	0	0	1	1	2	1	3	2	2	4	2	1	4	2	3	1	1	2	2	1	2	6	1	0	1	0	1	1	1	0	2	1	0	1	1	0	1	2	2	1	2	2	0	2	0	0	4	2	2	2	3	0	1	2	1	1	1	0	0	0	2	0	0	1	0	1	0	3	1	2	5	3	3	1	3	1	2	2	3	0	0	0	5	0	2	3	3	12	8	4	2	3	8	3	2	3	3	4	2	2	1	1	2	2	3	0	0	2	2	3	2	0	3	1	3	1	3	3	3	11	8	11	2	4	1	5	3	4	3	4	2	3	2	2	1	0	1	0	1	3	3	0	1	2	0	2	1	0	0	2	2	3	1	4	1	1	4	1	0	1	3	2	4	3	6	7	3	12	4	4	1	4	4	3	6	5	4	8	2	8	10	8	20	23	10	3	24	37	0	23	5	6	7	2	6	6	9	1	4	2	5	6	11	14	17	5	5	9	3	3	5	3	1	0	0	1	1	5	5	2	1	2	1	4	1	2	1	0
0	0	0	0	0	0	0	2	0	0	1	0	0	0	1	1	0	0	0	1	0	0	0	2	0	1	0	1	0	1	2	0	0	0	0	0	0	0	1	0	0	0	1	2	1	0	1	1	0	1	0	0	1	0	0	1	0	0	1	0	0	0	0	0	0	0	0	0	0	0	0	0	0	0	0	0	0	1	0	2	0	0	1	4	0	1	1	1	2	0	0	2	1	3	4	0	2	1	0	1	1	1	1	0	1	1	2	0	1	0	1	0	2	1	1	0	1	1	0	0	0	0	0	1	1	0	1	0	2	0	0	0	0	1	2	0	0	1	0	0	0	0	0	2	2	1	1	3	2	2	2	0	1	0	1	2	2	1	0	0	0	0	0	0	0	0	0	0	1	0	0	0	0	1	1	2	1	0	0	1	0	2	4	0	0	1	2	0	3	2	2	3	5	13	7	8	2	4	1	1	1	3	0	2	1	3	1	3	5	0	1	3	1	1	0	1	4	3	6	3	2	9	2	0	0	0	1	0	0	0	1	2	1	1	0	3	0	0	3	1	1	0	0	0	1	0	2	2	0	1	1	1	3	2	2	1	2	0	0	1	0	2	0	2	1	0	0	1	3	1	3	2	0	1	4	2	0	0	3	0	1	2	2	1	2	1	2	3	0	4	2	0	1	0	1	0	1	2	2	0	2	3	0	1	3	0	1	3	3	2	5	1	1	2	1	1	0	0	0	2	2	1	0	1	2	1	1	2	1	2	3	4	0	2	3	3	2	0	4	2	2	1	3	1	1	4	0	2	5	3	2	2	1	2	4	2	1	3	4	2	1	0	0	2	2	0	1	0	0	0	1	3	2	0	1	0	3	4	3	4	2	5	12	11	0	4	7	2	4	4	3	1	3	3	3	0	0	0	1	2	4	0	1	0	0	0	1	2	0	0	0	0	2	1	3	3	1	1	0	0	0	1	2	3	0	0	4	1	2	3	1	5	1	0	1	2	10	9	7	7	2	5	8	15	23	16	5	9	10	23	0	31	18	18	1	4	3	11	2	0	2	5	1	4	8	3	3	5	5	1	1	3	1	3	1	3	1	1	1	0	1	3	0	2	1	0	2	2	1
0	0	0	0	0	0	0	0	0	2	0	0	1	0	0	0	0	0	1	0	1	1	0	0	0	0	1	1	0	1	1	0	1	1	0	1	0	1	1	0	1	0	1	0	0	1	0	0	0	1	0	0	0	0	1	0	0	1	0	2	0	1	0	1	0	0	1	0	0	0	0	0	0	0	0	0	1	0	0	0	0	0	0	0	0	1	1	0	1	0	2	2	2	3	1	0	1	0	1	0	0	3	0	1	0	2	1	1	1	1	1	1	2	1	0	1	0	0	1	0	0	0	0	0	1	0	1	1	1	2	0	1	0	1	0	0	0	1	1	1	2	0	1	1	2	0	4	2	1	1	1	0	1	0	0	3	0	2	2	0	0	0	1	1	2	0	0	1	0	0	0	0	0	1	1	1	1	0	1	2	1	1	2	0	1	1	2	0	3	0	4	0	4	5	4	5	5	0	2	0	2	1	2	0	2	2	1	1	0	2	1	0	0	2	0	1	4	5	3	0	6	1	1	0	1	1	0	1	1	0	1	0	0	0	0	1	0	0	0	0	0	0	0	3	1	0	1	0	0	1	2	0	1	1	0	2	0	2	0	0	0	0	1	2	0	1	2	1	1	0	3	1	2	1	1	1	0	0	1	2	0	1	1	0	0	1	1	2	2	1	1	1	3	2	1	0	1	0	1	0	0	0	0	3	1	2	1	3	0	4	1	3	0	0	2	1	0	0	2	2	1	1	1	0	1	1	0	0	0	3	4	7	13	4	1	1	2	2	0	2	1	0	1	0	3	1	0	1	2	3	0	2	1	3	1	3	2	0	0	0	2	0	1	1	1	0	2	1	3	0	1	0	3	0	0	1	0	2	4	4	3	2	4	4	3	1	3	1	0	0	2	2	2	1	0	0	1	0	2	0	2	1	0	0	1	0	0	0	0	0	1	0	1	1	0	0	0	0	0	1	5	3	0	1	2	1	1	0	2	2	3	2	1	3	4	3	3	13	12	5	3	5	4	9	16	19	10	12	4	5	31	0	60	5	1	3	0	1	1	1	2	0	3	2	2	3	2	5	1	2	0	3	3	1	2	2	0	0	4	0	2	4	2	1	0	1	1	1	1
0	0	0	0	0	0	0	2	2	0	0	1	0	0	0	0	0	0	3	0	0	0	0	0	1	1	0	0	0	3	0	1	0	0	0	0	1	0	5	0	1	0	0	0	0	0	0	0	2	0	0	4	0	0	0	0	0	1	0	0	1	0	0	0	1	0	0	0	0	0	0	0	0	0	0	1	1	0	0	0	0	0	0	0	3	0	0	1	0	4	2	1	0	3	3	2	2	0	0	1	0	0	1	0	1	1	1	2	0	1	0	2	2	0	0	0	0	3	0	0	0	0	0	0	0	0	1	3	0	0	0	0	1	2	0	1	0	2	2	1	1	1	0	0	0	0	3	0	1	4	0	0	1	5	1	1	1	0	2	1	0	2	1	0	2	0	1	0	0	0	0	0	0	0	0	2	0	0	0	2	0	0	2	1	0	1	1	1	2	4	3	4	5	8	4	5	2	1	3	3	2	1	0	0	2	0	1	1	2	2	1	2	1	1	1	1	4	6	5	2	0	2	4	1	0	1	2	0	0	1	1	1	1	1	1	0	0	0	2	0	0	1	0	0	0	0	2	2	0	2	2	0	1	1	2	0	1	1	0	0	0	1	1	1	0	1	2	1	0	1	2	0	2	1	2	1	2	0	0	1	0	2	1	0	2	1	0	1	0	1	0	0	0	1	1	0	1	2	1	2	0	0	0	2	2	3	3	3	2	2	1	1	1	1	2	4	0	1	1	1	4	2	0	0	3	1	1	3	0	2	2	12	7	7	4	3	4	2	0	2	1	4	1	0	0	3	1	4	3	3	2	1	0	0	4	0	0	1	2	1	3	1	0	0	0	0	0	1	1	1	1	0	0	0	0	3	1	1	1	4	1	1	4	2	2	1	2	1	1	2	3	1	0	0	0	0	0	0	1	1	1	0	0	0	3	0	0	0	0	1	2	0	0	0	0	1	2	1	0	1	1	2	1	1	1	2	1	6	0	3	5	2	1	1	3	9	3	6	13	3	4	4	4	2	6	2	3	5	2	6	18	60	0	6	1	1	2	1	2	2	1	3	1	0	2	1	1	3	2	0	2	2	2	0	0	3	2	0	1	2	0	0	0	1	2	2	1	2	0
0	0	0	0	0	0	0	1	2	0	0	1	0	0	1	0	0	0	0	0	1	0	1	0	1	0	0	0	2	2	0	0	0	1	0	1	0	0	2	1	2	0	0	1	0	3	0	0	1	0	0	2	1	1	1	0	0	0	0	0	1	0	1	1	0	1	0	0	0	0	0	0	0	0	0	1	0	1	1	0	0	1	0	0	1	1	1	0	0	1	0	3	1	2	4	5	3	0	1	1	2	2	0	2	1	2	3	1	4	3	1	3	2	0	1	0	0	1	1	1	1	0	1	1	0	3	1	1	2	0	0	1	0	2	0	0	0	2	5	2	0	2	4	1	1	1	4	2	8	0	1	4	3	1	0	1	3	3	3	0	2	0	2	0	0	0	0	1	2	0	1	0	1	1	1	1	1	1	0	1	1	3	2	2	0	0	1	1	6	1	10	25	21	9	8	7	8	4	2	2	2	2	1	1	2	4	3	3	3	2	4	4	3	1	3	7	5	6	8	9	3	6	6	3	2	1	1	2	3	1	1	2	1	0	1	1	1	1	0	0	0	0	1	0	1	1	2	4	2	0	3	1	2	1	1	0	0	1	0	0	0	0	0	1	0	3	0	0	2	3	2	2	1	5	3	4	4	1	1	0	1	3	2	1	2	3	1	2	2	1	0	2	0	2	2	0	2	2	2	2	4	0	1	2	3	3	1	3	5	4	2	1	2	0	3	1	2	1	1	2	3	0	0	0	1	1	0	3	0	2	2	7	10	4	6	3	2	2	3	8	4	7	6	4	4	2	4	3	11	8	1	4	1	0	1	1	2	0	4	2	1	1	1	1	1	0	2	0	0	0	0	0	0	3	0	1	1	0	0	4	0	3	5	1	1	4	1	1	1	1	2	0	3	1	3	0	1	1	2	0	3	1	1	0	2	0	0	1	0	0	0	0	0	2	0	1	1	3	3	0	1	0	2	3	1	5	3	4	2	1	5	6	2	3	7	1	6	8	7	2	4	4	3	3	8	5	2	3	4	7	18	5	6	0	22	8	1	6	2	1	2	1	4	2	5	1	1	1	3	2	0	1	2	2	1	2	0	2	1	1	1	1	1	0	0	1	1	0	0
0	0	0	0	0	0	0	1	0	0	1	0	2	1	1	0	0	0	0	1	0	0	1	0	1	0	0	0	0	1	0	0	1	0	2	0	2	0	2	0	1	0	1	3	2	0	0	0	0	0	0	1	0	2	0	0	1	0	0	0	0	1	0	0	0	0	0	1	2	0	0	0	0	0	1	0	0	0	0	0	0	0	0	0	1	1	0	0	1	2	4	1	6	8	7	1	2	2	1	0	0	0	3	2	1	2	2	2	4	2	2	1	2	0	1	0	4	0	2	3	1	1	0	0	1	1	4	1	1	1	0	2	3	2	3	1	2	0	5	2	2	2	1	7	4	5	9	5	9	3	2	1	1	4	3	1	3	4	0	5	1	0	1	0	1	2	2	0	1	2	0	0	1	3	2	1	0	1	1	2	2	1	3	2	3	0	2	1	1	4	14	14	15	6	10	15	38	14	3	4	0	1	3	1	4	7	5	12	10	6	0	0	0	2	1	1	3	13	27	10	15	13	22	4	4	4	3	1	1	3	3	8	1	4	1	2	1	0	0	0	2	1	0	2	3	1	1	2	2	5	4	2	3	0	2	4	0	1	0	2	0	2	0	0	1	3	3	2	3	0	3	5	2	4	7	2	2	4	1	1	4	6	8	7	7	4	3	5	5	1	0	2	4	1	1	0	4	4	2	4	1	1	2	0	3	2	5	1	2	1	2	0	1	1	0	3	2	1	0	0	1	0	2	1	3	1	0	2	0	5	2	2	3	8	5	3	3	2	3	4	1	11	4	12	2	3	0	3	16	8	3	3	5	3	1	0	0	2	1	1	3	1	1	2	2	1	2	0	0	0	0	3	2	0	2	0	0	2	2	2	5	3	1	2	4	3	2	0	0	2	2	1	0	1	0	1	3	1	1	0	2	0	1	4	1	1	0	0	0	0	0	1	0	1	1	0	3	2	0	2	4	1	2	5	0	2	4	4	1	6	5	6	2	1	0	3	1	3	4	1	2	0	3	5	6	1	3	2	3	2	1	1	1	22	0	18	22	11	5	1	4	1	2	2	4	9	2	1	2	0	1	0	1	1	0	0	1	0	2	1	3	1	1	0	0	1	0	1	1
0	0	0	0	0	0	0	0	0	0	1	0	1	1	0	2	0	0	1	1	1	0	0	1	1	1	0	0	0	0	1	1	4	0	1	0	1	2	0	0	1	1	1	1	3	0	1	0	1	0	0	0	0	0	0	3	1	0	1	0	0	1	0	0	0	0	0	1	1	0	0	0	0	0	0	0	0	1	1	0	0	1	0	0	1	1	0	0	1	2	2	3	3	13	7	6	1	0	0	1	0	1	2	3	1	0	1	1	2	0	3	0	1	2	4	0	3	1	2	0	1	2	0	0	1	1	0	1	2	0	1	0	1	1	1	0	0	0	6	1	0	5	1	6	8	5	11	15	16	10	7	8	5	5	4	9	6	1	3	1	3	0	1	2	3	5	1	4	0	1	1	1	1	0	0	3	1	4	2	0	1	3	2	2	1	2	1	0	3	3	16	5	11	2	8	19	60	51	4	4	7	7	8	3	13	14	21	22	18	11	7	3	4	2	3	3	10	17	26	13	15	18	17	20	6	8	6	4	3	5	9	2	3	1	3	3	3	2	0	2	2	0	0	2	1	2	5	6	5	4	5	1	1	1	2	3	0	6	1	3	0	0	1	0	1	2	3	2	3	3	4	1	4	13	14	12	4	3	4	0	2	3	4	4	2	5	4	3	3	3	2	2	2	3	0	3	1	2	2	1	2	1	0	1	0	0	4	1	0	2	1	1	0	1	1	1	0	0	0	0	1	0	0	1	2	0	0	0	0	4	2	2	2	1	4	1	0	0	6	5	3	7	4	2	1	3	3	2	4	4	3	5	2	1	0	3	3	0	2	2	1	2	2	0	1	1	1	1	1	1	1	2	0	2	0	1	0	2	0	1	2	5	0	1	1	3	1	0	2	1	4	1	0	2	0	2	0	0	0	2	4	1	1	0	0	6	0	1	1	2	0	0	2	0	1	1	2	1	2	4	5	0	1	5	1	2	4	2	4	4	2	2	3	1	0	1	2	3	1	0	3	2	5	2	2	1	1	3	3	6	4	3	1	8	18	0	46	9	5	3	3	1	1	1	4	2	1	1	1	0	1	4	0	0	0	0	0	1	1	0	1	0	0	2	0	1	0	1	0
0	0	0	0	0	0	0	0	0	0	0	0	1	0	0	0	0	0	0	0	3	1	1	1	1	0	0	0	2	0	0	0	0	0	0	0	0	3	1	1	0	1	1	1	0	0	1	0	0	0	0	0	0	0	0	0	0	0	0	0	1	0	0	1	0	0	1	0	0	0	1	0	0	0	0	1	0	0	0	0	1	0	1	0	0	0	1	1	2	0	0	2	5	4	4	4	1	1	1	1	0	0	1	1	0	1	1	1	2	0	1	1	0	1	0	3	1	2	3	2	1	0	1	1	0	1	4	4	0	2	0	1	0	0	1	0	0	0	1	2	2	1	4	1	5	4	6	19	10	9	3	5	6	2	4	12	2	1	1	1	1	0	1	0	4	6	1	2	2	1	0	2	0	1	1	0	1	4	1	1	1	0	1	2	2	3	0	2	4	5	6	4	6	1	6	6	12	12	3	5	8	5	3	5	10	14	17	6	6	5	3	0	3	0	3	2	6	8	21	26	32	85	21	16	16	13	8	10	1	7	13	3	2	0	1	2	5	1	0	2	3	1	1	0	6	6	3	6	3	3	1	2	2	3	2	3	4	2	5	2	4	2	2	2	1	3	5	3	6	6	12	3	7	12	24	22	6	6	4	4	3	4	5	4	1	6	5	1	4	1	0	2	1	2	0	0	1	3	6	2	1	0	1	0	0	1	3	2	3	2	0	1	1	0	0	1	1	0	3	1	0	1	0	0	2	2	0	0	2	0	2	4	4	1	1	2	2	2	1	1	2	4	1	1	2	6	4	0	8	6	3	2	3	2	4	6	2	3	3	0	3	3	2	2	2	1	1	0	2	0	0	2	3	3	0	2	1	1	2	3	3	2	1	1	1	0	1	2	1	2	4	2	2	2	1	0	0	1	1	1	5	2	2	2	1	1	1	0	2	2	4	0	1	2	3	4	2	3	3	2	5	7	6	6	6	2	7	10	5	3	0	1	0	1	3	3	2	2	2	1	1	0	1	5	1	2	1	1	8	6	3	0	2	1	22	46	0	22	8	6	0	1	3	1	3	3	1	1	2	4	3	0	0	1	0	1	0	0	0	1	3	1	1	2	0	1	1	0	0
0	0	0	0	0	0	0	0	0	0	1	0	1	0	0	1	0	0	0	0	0	0	0	0	1	1	1	1	0	0	0	0	0	0	2	0	0	1	1	0	0	0	0	1	0	0	0	1	1	0	0	0	0	1	0	1	0	0	0	0	2	0	0	1	0	0	0	0	1	0	0	1	0	0	0	2	0	0	0	0	1	0	0	0	0	0	1	1	0	0	0	0	0	3	6	4	2	1	1	1	1	1	1	0	1	1	3	0	0	2	0	1	2	4	1	0	1	2	1	1	1	0	2	0	1	0	1	0	2	1	1	0	1	1	1	0	0	1	3	2	2	2	0	1	2	4	3	9	5	2	0	1	3	2	2	2	3	0	1	2	1	0	0	0	1	1	1	0	3	2	1	0	0	0	1	1	2	1	1	0	0	2	0	0	4	0	1	3	3	3	5	7	4	2	4	5	8	8	2	2	2	4	1	1	5	3	8	1	3	3	2	4	5	3	0	2	5	9	14	18	31	86	18	11	10	5	6	0	5	2	3	3	2	1	2	1	0	0	0	0	0	2	1	0	0	1	3	4	6	2	1	3	1	1	4	4	3	2	1	1	0	2	2	4	1	2	2	2	1	2	4	1	3	12	15	30	5	2	1	3	1	6	11	5	5	5	6	3	6	1	3	4	1	2	0	1	0	1	5	2	3	3	2	4	2	0	3	2	1	2	3	1	0	2	2	1	1	0	0	0	1	1	0	0	2	0	2	0	2	1	4	2	1	7	5	5	2	1	0	4	1	5	5	3	5	3	8	9	23	29	6	8	18	5	4	6	2	4	4	1	2	0	1	6	1	3	1	3	0	2	1	1	1	2	0	1	1	2	1	4	1	1	2	2	3	0	0	4	1	1	0	1	1	2	1	1	0	1	2	1	3	4	2	1	0	3	0	4	2	1	2	0	2	1	3	3	1	1	3	4	3	10	6	12	7	7	13	29	7	6	3	5	5	4	2	1	7	7	1	1	1	2	5	7	8	3	7	0	4	9	11	1	1	6	11	9	22	0	31	5	6	4	7	0	12	15	8	0	4	4	2	1	1	0	0	0	2	1	1	0	1	0	0	0	1	2	2	2	1
0	0	0	0	0	0	0	0	0	0	0	0	1	0	2	0	0	0	0	1	0	1	0	1	1	1	1	0	1	0	0	0	0	0	0	0	0	1	0	0	0	2	0	0	2	0	1	0	0	0	0	0	0	1	0	0	1	0	0	0	1	0	0	0	0	0	0	0	0	0	0	0	0	0	0	0	1	0	0	0	0	1	1	0	0	0	0	2	0	1	1	0	0	3	3	0	1	0	0	0	0	0	1	0	0	0	1	1	0	0	1	1	1	0	0	0	0	0	0	0	0	0	3	0	0	0	2	1	1	0	0	1	1	0	0	1	1	0	1	0	1	1	1	1	1	7	2	3	3	2	1	1	1	3	0	2	2	2	5	1	0	2	0	1	0	0	3	1	0	2	0	0	0	0	0	2	1	0	0	0	1	0	1	0	1	1	0	0	0	2	2	3	6	1	5	4	1	3	3	5	4	5	4	2	1	3	1	3	5	3	3	0	0	2	0	2	0	7	2	13	7	15	7	6	11	7	4	9	4	7	6	2	3	1	0	4	1	1	2	2	1	0	2	1	0	1	2	2	5	3	3	0	1	2	7	4	1	3	3	2	0	3	1	4	1	0	3	0	0	4	4	3	12	18	8	30	14	8	4	6	10	11	12	5	4	5	5	6	5	4	4	3	1	2	1	0	1	1	2	0	1	1	2	1	0	0	0	1	2	0	0	1	0	3	0	1	0	1	1	1	1	3	1	1	1	1	1	1	0	0	2	0	1	1	2	2	2	1	0	4	2	4	5	4	3	4	8	8	8	10	7	20	53	7	2	7	6	1	4	2	0	6	1	3	2	1	2	1	1	0	1	1	1	0	1	0	0	3	2	4	0	1	0	0	1	0	0	0	1	0	1	0	1	0	0	1	2	1	0	3	1	1	3	1	2	1	1	1	1	0	1	0	2	2	2	2	4	3	2	4	9	5	13	26	14	7	19	45	7	1	3	3	1	2	5	3	1	4	2	1	2	2	2	4	2	5	2	2	2	1	2	1	2	2	5	5	8	31	0	23	4	9	12	2	11	10	7	3	1	2	1	2	0	2	1	1	1	0	0	3	2	0	0	1	1	3	0	0	0
0	0	0	0	0	0	0	1	0	0	0	0	0	1	0	0	2	0	0	0	1	0	0	0	1	2	0	0	0	1	0	1	2	0	0	0	1	1	0	1	0	1	0	0	0	1	0	1	0	0	0	0	0	0	1	0	1	0	0	0	0	0	0	0	0	1	0	0	0	0	0	0	0	0	0	1	0	1	0	0	0	1	0	0	0	0	0	2	0	0	0	0	2	0	0	1	1	0	0	1	0	0	0	0	2	0	1	1	1	1	1	3	0	2	2	0	0	0	0	1	1	0	0	1	1	2	0	0	1	0	2	0	1	2	2	0	0	1	0	2	3	0	0	0	2	0	0	4	1	1	1	0	3	0	0	1	0	0	0	0	0	0	2	1	0	1	0	1	0	3	0	0	0	2	3	0	0	0	1	0	1	1	0	0	1	1	0	2	0	0	3	3	0	1	2	2	3	1	1	0	3	2	0	0	1	2	2	3	2	1	0	3	0	1	0	0	2	2	5	5	5	5	6	7	6	0	2	3	2	2	0	0	0	0	2	0	0	0	1	2	0	0	0	0	2	2	0	2	4	6	1	2	2	1	2	4	5	0	2	2	0	1	4	1	1	2	3	2	3	5	3	6	2	8	3	12	13	3	4	6	5	4	5	6	1	6	2	3	4	0	3	1	5	1	0	4	1	2	3	0	2	0	0	4	2	1	1	2	0	1	1	0	0	1	0	2	0	2	1	0	1	1	1	1	0	1	1	1	2	0	0	0	2	1	1	0	0	2	1	3	2	5	3	1	4	3	6	4	6	11	10	14	34	4	4	5	5	3	0	3	3	1	2	2	8	1	1	1	0	1	0	2	0	0	0	2	0	1	3	4	4	4	3	2	1	1	0	0	0	1	1	1	0	1	1	0	2	0	0	1	0	2	2	0	0	0	1	1	1	1	3	0	0	2	1	3	4	1	1	4	4	3	8	11	17	12	13	25	7	1	2	0	3	3	0	4	2	4	1	3	3	4	2	5	2	3	1	5	3	4	0	1	2	1	1	3	6	5	23	0	28	6	13	4	3	15	6	1	4	5	2	1	2	1	1	2	0	0	1	1	0	0	0	1	0	0	1	0	1
0	0	0	0	0	0	0	0	0	0	0	0	0	0	0	0	1	0	0	1	0	0	0	0	1	0	0	0	1	0	2	0	0	0	0	1	0	0	2	1	1	0	1	0	1	0	1	0	1	0	0	1	0	0	0	0	0	1	0	0	0	0	0	1	0	0	0	0	0	0	0	0	0	0	0	0	0	0	0	0	0	0	0	0	0	0	0	2	0	1	0	1	0	0	1	0	0	1	3	0	1	0	0	2	1	0	0	0	0	0	0	2	0	1	1	0	0	0	1	0	0	0	0	0	0	0	1	1	0	0	0	0	0	2	0	0	0	1	0	0	0	0	2	0	1	2	3	4	1	1	0	3	1	1	0	0	0	0	1	1	1	2	0	0	0	2	0	0	0	0	2	0	1	0	0	0	0	2	1	0	0	0	0	0	0	0	1	1	0	1	1	2	0	3	1	0	2	0	0	1	1	1	1	0	1	3	0	2	2	2	1	3	0	1	2	1	3	0	2	4	2	2	2	4	5	1	3	1	4	1	1	2	0	0	0	1	0	1	0	1	0	0	0	2	0	3	1	3	2	0	0	2	0	1	2	1	1	0	0	2	4	0	1	1	0	2	1	2	0	7	6	5	3	5	5	9	5	2	0	5	3	1	4	1	3	3	0	1	0	3	2	1	2	0	0	0	0	2	1	0	0	1	0	1	1	2	1	2	2	2	2	0	1	1	1	0	2	1	1	0	0	0	1	0	1	1	0	2	1	0	2	1	2	0	2	1	1	2	1	1	0	1	1	2	2	4	1	2	6	4	5	7	9	25	11	12	15	12	4	2	3	5	2	1	3	3	0	1	0	1	1	2	1	1	1	2	3	1	3	3	2	3	0	1	0	1	0	1	2	0	0	3	0	0	0	0	1	3	0	4	1	1	3	1	1	0	0	0	2	2	2	1	2	2	0	1	3	2	3	0	6	2	8	13	15	36	9	22	11	6	3	4	0	2	1	3	2	2	2	3	3	3	3	5	0	0	0	1	4	2	2	2	1	2	4	3	0	6	4	28	0	33	46	15	14	9	11	6	6	8	12	3	1	1	1	1	2	2	1	4	0	1	0	0	1	0	1	2	1
0	0	0	0	0	0	0	0	1	0	0	0	1	0	0	1	0	0	0	0	0	0	0	0	0	0	0	0	0	0	0	0	0	0	1	0	0	1	0	1	0	1	1	1	1	0	0	1	0	0	2	1	0	0	1	0	1	1	0	0	0	0	0	0	1	0	0	0	0	0	0	0	0	0	0	0	0	0	0	0	1	0	0	0	1	1	1	0	2	0	0	2	1	1	2	1	0	0	0	0	0	0	1	0	0	0	1	0	0	2	0	0	0	0	0	1	0	0	0	0	1	1	0	0	2	1	1	0	1	0	0	0	2	0	0	0	0	2	0	1	0	0	1	0	0	2	1	2	4	0	2	1	1	1	3	2	1	1	1	0	1	0	0	0	1	1	0	0	1	0	1	0	0	0	0	0	0	1	1	0	0	0	0	0	0	0	2	1	0	0	2	1	1	0	2	1	0	1	0	1	0	0	0	0	1	0	2	1	0	2	1	1	2	0	2	0	2	1	5	9	4	7	2	2	5	3	3	3	0	0	1	1	0	0	0	0	1	1	1	0	2	2	1	0	1	3	1	2	1	2	3	0	0	1	1	2	1	1	1	2	4	0	0	1	0	0	3	1	3	2	7	2	4	4	5	9	2	3	1	3	1	4	1	2	3	0	3	3	3	1	0	2	1	1	0	0	0	1	0	0	1	0	0	0	0	1	1	0	1	0	0	0	4	0	0	0	0	1	0	0	1	0	2	2	0	1	1	2	1	1	2	2	3	3	2	0	0	1	1	1	0	1	2	0	0	2	3	2	6	11	4	4	11	21	10	6	12	14	5	0	9	4	4	2	2	1	0	0	1	1	1	3	0	2	0	1	3	7	1	4	1	2	4	1	0	0	2	3	3	2	2	1	0	1	2	3	3	0	0	2	4	2	2	0	1	0	0	0	0	1	0	0	2	0	0	4	2	0	2	2	5	2	4	2	5	9	9	22	8	4	5	2	2	3	2	2	1	5	4	3	4	6	8	15	5	2	7	5	12	5	5	0	3	1	1	1	1	4	9	6	33	0	244	208	32	17	31	17	17	17	10	3	2	5	1	1	0	1	1	1	1	1	1	1	0	1	1	3	1
0	0	0	0	0	0	0	1	1	0	0	0	0	0	0	0	0	0	0	0	1	0	0	0	1	0	0	1	0	0	1	0	0	0	0	1	0	0	0	1	1	1	0	0	0	1	0	1	1	0	1	1	1	0	1	0	0	0	0	0	0	0	0	0	0	0	2	0	0	0	0	0	0	0	0	0	0	0	0	0	0	0	0	0	0	0	0	0	0	0	0	0	0	1	3	0	0	1	0	0	0	1	0	1	0	0	0	0	0	2	0	1	1	0	2	1	0	0	2	2	1	1	1	0	1	1	0	3	0	0	2	2	0	0	1	0	0	0	0	0	0	1	1	2	2	2	3	2	2	2	1	3	1	0	1	2	0	0	0	0	1	0	1	1	0	0	0	0	0	1	0	1	1	1	2	0	0	1	0	1	0	1	1	0	2	1	0	1	1	0	2	2	2	1	1	2	4	2	2	3	0	3	1	2	0	1	0	1	1	2	1	3	0	0	1	2	2	2	4	4	1	5	4	0	3	2	1	2	2	1	3	2	2	1	3	1	0	0	1	0	0	0	0	0	1	2	0	1	3	2	0	0	0	1	2	2	2	2	1	0	2	1	1	1	0	2	2	2	1	3	4	3	2	4	5	5	5	3	1	2	1	1	4	4	2	1	3	3	2	0	1	0	2	1	0	0	1	1	1	1	0	1	0	0	0	3	0	0	1	5	0	0	1	2	2	0	0	0	0	0	0	1	1	0	1	0	1	0	2	1	0	2	3	3	0	3	1	0	2	5	0	3	0	3	0	6	3	4	11	15	11	4	16	14	10	10	5	9	3	5	4	3	2	3	1	1	1	0	1	0	2	0	2	0	2	1	2	6	3	2	2	3	2	1	1	4	1	2	2	1	1	2	0	0	1	1	1	1	1	2	1	3	3	4	0	2	1	0	2	2	0	2	2	1	1	2	1	5	0	2	3	5	10	7	10	22	14	22	16	4	6	2	6	5	3	4	2	5	6	4	5	4	4	6	5	5	2	4	5	6	1	3	1	4	2	1	3	7	12	13	46	244	0	64	25	17	23	8	12	6	8	3	2	2	2	4	0	1	1	4	2	2	1	0	1	3	0	1	4
0	0	0	0	0	0	0	0	1	0	0	0	0	0	0	0	0	0	0	1	0	1	0	0	0	0	0	1	0	0	0	0	0	1	0	0	0	0	1	0	0	0	0	0	0	0	0	0	0	0	0	0	0	0	0	1	0	0	0	0	1	0	0	1	0	0	0	0	0	0	1	0	0	0	0	0	0	0	0	0	0	0	0	0	0	0	0	0	0	1	1	1	0	0	0	1	0	0	0	0	0	0	1	1	0	0	2	1	1	0	0	0	0	0	0	1	0	0	2	0	0	0	0	0	0	0	1	0	0	1	0	0	0	1	1	1	0	0	1	0	0	1	1	1	0	2	2	4	1	1	4	2	1	0	1	0	1	0	2	1	1	1	1	0	0	0	0	0	0	1	0	0	0	1	0	0	1	1	0	0	1	1	0	1	0	0	0	2	2	0	4	2	3	2	0	2	0	3	1	0	1	1	3	0	2	1	2	3	0	1	1	0	1	1	3	2	2	1	1	1	8	2	2	2	4	1	1	3	0	0	0	1	1	2	1	0	0	0	0	0	1	1	0	1	0	0	0	4	1	1	0	1	3	1	0	1	1	1	0	1	0	0	0	1	1	2	1	2	1	2	1	4	6	3	3	4	4	2	0	1	1	0	0	4	2	1	3	4	0	2	1	1	0	1	0	2	0	2	0	2	1	0	0	2	0	0	1	1	1	3	0	4	0	3	1	0	0	0	0	0	0	2	0	1	0	1	0	0	0	0	0	0	1	0	3	0	1	0	2	1	2	1	1	0	2	1	4	5	2	6	3	4	11	22	14	7	11	15	6	5	9	3	3	4	3	2	2	0	0	2	1	0	2	3	1	1	3	2	6	1	2	6	2	2	2	3	0	0	5	2	2	1	0	0	3	0	4	1	4	3	2	5	3	0	3	2	0	2	0	0	1	0	2	2	0	1	1	0	1	2	3	2	8	1	7	8	10	14	10	3	5	4	0	6	4	6	2	3	2	4	2	4	6	9	5	5	2	4	17	11	4	2	0	2	2	1	1	0	2	4	15	208	64	0	19	18	20	46	30	23	7	4	3	2	2	4	2	3	3	6	2	1	2	3	2	2	3	1	1
0	0	0	0	0	0	0	0	1	2	0	0	1	0	0	0	0	0	0	0	0	0	0	0	0	0	1	0	1	0	0	0	0	0	0	0	0	1	0	0	0	0	1	0	0	0	0	1	0	0	0	0	0	0	1	0	2	0	2	1	0	0	0	0	0	0	1	0	1	0	0	1	0	0	0	0	0	0	1	0	0	1	0	0	0	1	0	1	0	1	1	0	0	0	2	0	3	0	0	0	1	0	0	0	0	0	2	0	1	1	0	0	3	2	0	0	1	0	0	0	0	2	0	1	1	1	1	1	1	0	1	1	1	2	0	3	0	0	0	5	1	1	1	0	3	2	2	1	5	4	1	2	2	2	0	1	0	1	1	0	0	0	0	1	0	0	0	0	1	0	2	0	0	0	2	0	0	1	2	1	0	1	1	2	1	0	1	2	1	1	4	3	2	2	0	2	4	3	5	2	1	0	0	0	2	0	3	4	1	1	2	2	2	1	2	0	7	6	12	6	13	10	4	5	2	1	4	5	5	3	3	0	1	2	0	3	0	0	1	3	0	0	2	3	1	0	2	2	2	2	1	1	2	3	0	1	1	1	1	3	1	1	1	2	1	3	3	1	3	3	5	3	3	2	5	14	5	3	1	2	2	2	7	0	7	3	3	6	1	0	1	0	0	0	0	0	3	1	1	0	1	1	0	2	0	0	1	0	2	2	2	3	1	0	2	0	1	0	0	1	2	1	1	0	1	0	1	0	0	2	1	1	7	2	1	2	1	0	1	1	2	0	3	1	1	5	1	5	9	15	3	7	10	13	11	7	8	6	4	6	8	2	2	3	4	0	0	1	2	0	2	1	1	1	1	1	6	1	4	6	8	6	6	4	4	1	2	1	2	1	2	0	1	2	2	3	0	0	3	2	5	4	2	4	1	0	1	2	2	3	1	2	1	0	4	1	4	3	2	3	7	11	10	5	8	9	20	32	7	1	1	2	3	0	5	4	2	2	2	4	4	0	8	5	4	4	2	11	34	14	8	2	2	5	4	4	3	12	11	3	14	32	25	19	0	67	14	10	8	6	8	2	0	1	2	2	3	2	3	1	0	1	1	0	2	1	0	1	2
0	0	0	0	0	0	0	1	0	0	0	0	0	0	0	1	0	0	0	0	0	1	0	0	0	0	0	0	0	0	1	0	0	0	0	1	1	2	1	0	0	0	0	0	0	0	2	0	0	0	0	0	0	0	0	1	0	0	0	0	0	0	0	0	0	0	0	0	0	1	0	0	0	0	0	0	1	0	1	0	0	1	1	0	0	0	1	0	0	0	1	2	2	3	1	2	0	0	0	0	0	1	1	0	3	0	0	0	1	2	1	1	0	1	0	0	1	2	0	0	0	2	0	1	0	1	0	3	0	1	1	0	1	0	0	0	0	0	0	2	1	1	3	0	2	3	2	6	3	2	1	2	2	1	0	3	0	1	2	1	0	1	1	0	1	1	1	1	1	1	0	0	1	0	0	1	0	1	0	0	0	0	0	1	1	0	1	1	1	0	1	2	3	1	3	8	5	3	0	1	6	2	3	3	1	3	3	1	1	2	0	1	0	2	1	5	0	4	7	11	14	5	9	4	4	2	4	3	0	2	2	3	0	1	0	1	0	0	1	0	0	0	1	0	2	0	1	0	2	3	1	1	2	1	1	2	5	2	3	1	2	0	0	3	0	5	6	1	1	2	2	2	3	6	10	6	6	0	3	2	0	5	7	1	4	2	2	3	6	1	1	2	0	0	2	2	2	0	1	1	1	3	2	0	2	1	0	2	2	2	3	2	0	0	0	0	0	0	0	0	0	0	0	1	0	0	0	1	0	1	1	2	6	1	5	3	0	1	1	1	0	3	4	3	2	2	4	15	15	32	9	8	21	9	3	8	4	6	3	2	7	3	2	3	2	2	0	1	0	3	0	1	2	0	2	3	2	3	2	1	6	4	8	1	0	2	2	2	1	1	1	1	1	0	2	1	2	0	0	1	3	4	2	2	1	0	0	2	1	1	0	0	0	0	0	2	2	1	0	4	7	3	7	6	5	6	15	24	17	10	4	2	1	4	5	7	4	6	0	7	13	4	11	29	9	5	6	6	23	17	3	3	1	1	9	2	3	15	10	15	9	17	17	18	67	0	27	16	9	8	2	2	2	2	2	2	0	0	2	3	5	1	0	1	1	0	1	1	1
0	0	0	0	0	0	0	0	0	0	1	0	0	0	0	0	0	0	0	0	0	0	0	0	1	0	0	0	0	1	1	0	0	0	1	0	1	0	1	0	0	0	0	0	0	0	1	0	0	0	0	0	0	1	2	0	0	0	0	0	0	0	0	0	0	0	0	0	0	1	1	0	0	0	1	0	0	0	0	0	1	0	0	0	0	1	1	1	0	0	2	0	1	1	0	0	1	1	0	1	1	0	1	1	1	0	1	1	1	2	0	0	1	0	2	1	0	0	2	0	0	1	0	1	1	0	1	0	1	1	1	0	0	2	1	0	0	0	0	0	0	0	1	0	1	2	4	1	0	0	0	0	3	2	1	0	1	0	0	0	0	0	1	0	0	3	1	0	1	0	0	0	0	2	0	0	0	0	0	1	0	0	1	0	0	0	0	0	0	1	3	0	3	2	1	4	2	3	3	1	1	1	1	0	2	1	0	0	2	3	1	2	3	0	0	2	1	1	6	2	9	4	2	1	3	1	2	2	0	0	1	1	1	1	0	0	1	0	1	0	1	1	0	1	2	0	0	1	1	2	1	0	0	0	0	0	1	1	1	1	0	1	0	1	2	2	2	1	0	1	2	0	0	1	2	3	4	2	0	0	4	3	4	3	4	0	0	4	2	2	1	2	3	2	1	1	4	1	2	2	1	1	1	0	1	1	1	0	3	2	0	1	1	1	0	0	0	0	3	0	2	1	1	1	0	0	1	0	1	0	0	0	3	2	3	1	0	0	1	0	4	4	2	2	3	1	6	11	9	18	5	9	11	3	5	5	3	6	5	3	3	4	2	0	1	3	0	0	1	1	1	2	1	0	1	2	1	2	1	4	2	3	1	3	1	1	1	3	1	1	0	2	2	0	0	0	1	0	0	5	3	3	0	1	1	2	0	1	0	1	1	0	2	1	0	3	0	0	1	1	2	1	2	3	3	2	4	6	44	10	1	5	1	9	3	6	1	7	8	8	13	14	22	35	16	13	10	9	21	5	3	2	1	1	2	1	1	8	7	6	11	31	23	20	14	27	0	31	17	12	5	5	3	1	3	1	3	0	4	4	4	4	1	1	2	2	2	1	0
0	0	0	0	0	0	0	0	0	0	1	0	1	0	1	0	0	0	1	0	0	0	1	0	0	0	0	0	0	1	0	1	0	0	0	0	0	1	0	1	0	0	0	1	0	0	0	0	0	0	0	0	0	0	0	0	0	0	0	0	0	0	0	0	0	0	0	0	0	0	0	0	0	0	0	1	0	0	0	0	0	0	0	0	1	0	1	0	2	1	0	1	1	0	3	0	0	1	0	1	0	0	1	0	0	0	2	0	2	0	1	1	0	0	0	0	0	2	0	0	0	0	0	1	0	1	1	0	0	1	0	1	0	1	1	0	2	0	1	0	2	1	0	0	0	1	0	1	2	1	0	1	0	1	0	0	0	0	0	0	0	1	2	0	0	0	0	0	0	0	0	2	1	2	0	0	0	0	0	0	0	1	1	1	0	1	0	0	3	0	1	1	2	1	1	3	0	1	2	1	1	2	1	0	2	1	0	2	1	0	1	0	2	0	2	1	3	2	2	5	2	2	0	2	1	2	2	2	1	0	0	0	1	0	1	1	1	1	1	1	1	0	1	2	0	2	1	1	0	2	0	0	0	1	0	2	1	1	1	1	2	1	2	2	1	0	0	1	1	1	0	1	1	3	1	4	0	0	0	1	1	4	0	2	2	0	3	1	2	1	1	2	0	0	0	0	1	3	1	0	3	2	0	1	2	1	1	0	0	2	1	0	2	0	0	0	1	0	2	1	0	0	0	0	0	1	0	0	0	0	2	0	2	1	2	2	0	1	1	3	1	0	2	2	0	4	2	3	3	7	4	4	8	8	15	3	3	5	9	6	7	3	3	3	4	1	1	1	0	0	0	1	0	3	0	1	5	2	7	2	3	3	3	1	1	2	7	3	0	3	1	1	1	2	0	1	2	2	3	3	2	4	2	1	0	0	1	0	2	0	2	1	0	0	1	1	1	1	0	2	5	4	2	0	2	5	5	8	14	3	6	0	2	1	3	4	2	6	0	7	6	15	14	12	1	8	11	18	38	5	5	5	3	1	1	1	1	0	3	1	6	17	8	46	10	16	31	0	95	31	12	10	13	3	2	3	2	1	3	6	5	2	2	0	1	2	3	1	1
0	0	0	0	0	0	0	0	0	0	0	0	0	1	0	1	0	1	0	0	0	0	1	0	0	0	0	0	0	0	0	0	0	0	0	0	0	0	0	0	1	0	1	0	1	0	0	0	0	1	0	0	0	0	1	0	0	0	0	1	0	1	0	0	2	0	0	0	0	0	0	0	0	0	0	0	0	0	0	0	1	0	0	0	0	0	0	0	0	0	0	1	2	1	1	0	2	1	0	0	1	0	0	1	0	1	1	1	0	0	1	0	0	1	1	0	0	0	1	2	1	2	0	1	1	0	0	1	0	0	0	1	1	0	0	0	1	0	0	0	0	0	0	1	2	0	0	0	0	0	0	2	0	1	0	0	1	0	0	0	0	0	0	0	0	1	0	0	0	1	0	0	0	0	0	0	1	0	1	0	1	0	2	0	0	0	0	0	1	0	1	2	2	2	1	2	0	0	0	0	1	1	0	0	0	0	0	2	3	0	1	0	3	0	1	0	3	2	2	1	5	1	2	0	2	0	2	1	1	1	0	1	0	1	0	0	1	0	0	0	0	1	1	0	0	2	2	2	0	0	2	0	1	1	1	1	1	1	0	1	3	0	1	1	1	1	0	1	0	3	2	1	4	2	2	0	3	1	0	0	4	0	1	1	1	1	3	2	5	2	1	1	0	0	3	0	1	3	1	0	1	1	2	1	1	2	0	0	0	1	1	3	1	1	2	2	0	1	0	2	2	0	2	1	2	2	0	0	1	1	1	0	3	3	1	3	0	2	1	0	0	1	1	5	1	0	2	3	3	3	3	2	5	4	6	4	1	11	7	4	4	3	4	1	2	0	1	0	2	1	0	0	1	1	0	1	0	2	6	1	2	3	5	1	2	0	2	4	0	4	2	3	2	3	1	2	0	1	0	3	4	5	1	2	0	1	2	1	1	1	2	0	0	2	0	0	1	1	2	0	1	1	3	4	2	2	2	2	9	2	2	3	1	4	2	1	4	1	2	4	2	6	17	10	10	8	14	6	13	9	5	1	2	3	2	1	2	4	1	4	6	17	12	30	8	9	17	95	0	107	33	16	16	3	3	3	2	2	8	5	2	1	2	1	2	0	6	2	3
0	0	0	0	0	0	0	0	0	1	0	0	0	0	0	0	0	0	1	0	1	0	0	0	0	0	0	0	1	0	0	0	1	0	0	0	0	0	0	0	2	0	0	0	0	0	0	0	0	0	0	0	0	0	0	0	0	0	0	0	0	0	0	0	0	0	0	0	0	0	1	0	0	0	1	0	0	0	0	0	0	0	0	0	2	0	0	0	0	0	0	0	0	1	0	0	0	0	0	0	0	1	0	1	1	0	0	1	0	0	0	0	0	0	1	0	0	0	0	0	0	0	0	1	0	0	1	0	0	0	0	0	0	1	0	0	0	0	2	0	2	2	0	0	1	0	0	3	0	1	3	0	4	1	0	1	0	0	1	0	1	1	1	0	1	1	1	0	0	0	1	0	1	0	0	0	1	0	0	0	1	0	1	2	0	0	0	1	1	1	2	0	2	1	1	0	3	1	0	0	0	2	1	1	1	2	1	0	0	1	0	0	0	0	0	2	1	1	1	3	2	1	1	1	2	2	0	1	1	0	0	1	0	1	1	1	1	0	0	0	0	0	0	1	0	0	3	1	0	1	0	0	0	0	1	1	2	1	0	0	1	1	0	2	0	0	0	0	1	0	0	2	1	0	3	2	1	1	3	1	2	0	3	0	0	3	1	0	3	1	1	4	1	0	0	0	0	0	1	0	0	0	0	1	0	1	2	0	0	1	1	2	0	0	0	0	0	1	2	2	2	1	0	1	1	1	0	1	4	0	1	3	1	0	0	0	0	0	0	0	1	1	3	2	1	1	3	0	0	2	5	1	1	6	11	8	8	5	10	9	4	2	2	3	2	1	2	0	0	1	4	1	1	2	1	2	1	5	4	3	1	1	1	0	0	3	2	2	2	1	4	0	0	2	2	2	0	2	2	2	3	3	2	0	1	0	0	0	1	0	1	1	0	0	2	2	2	1	0	1	3	5	4	2	5	4	4	5	4	1	1	5	2	4	2	9	4	2	3	2	4	8	8	4	1	7	3	6	9	3	1	2	0	2	0	0	4	4	2	5	8	17	6	23	6	8	12	31	107	0	57	14	13	4	5	4	2	2	4	6	2	3	0	3	1	1	2	5	2
0	0	0	0	0	0	0	0	1	0	0	0	0	1	0	0	1	0	0	0	0	0	0	0	2	0	0	1	0	1	0	0	0	1	2	0	0	0	0	1	0	0	0	0	0	0	1	0	1	0	0	0	0	0	0	0	1	1	1	0	0	0	0	0	0	0	0	0	0	0	0	0	1	0	0	0	0	2	0	0	0	0	0	0	1	1	0	0	1	0	1	0	1	1	0	0	0	1	0	0	0	1	0	0	1	0	0	0	0	0	1	0	0	0	2	0	0	0	0	1	0	0	1	0	0	0	1	3	0	1	0	0	1	2	1	0	0	0	0	1	1	0	0	0	0	0	1	0	1	0	3	1	2	0	1	1	0	1	0	0	1	1	0	0	0	1	0	0	1	1	0	1	0	0	0	1	0	0	0	0	0	0	0	0	1	1	0	0	0	0	0	2	1	0	0	1	1	0	1	0	1	1	1	1	0	0	0	1	0	0	1	0	1	0	0	0	1	2	0	0	0	0	2	1	1	2	0	0	0	0	1	0	0	0	0	2	0	1	0	0	0	1	0	0	1	0	1	0	3	2	0	0	0	0	1	1	1	0	0	2	2	0	0	1	0	0	1	1	0	0	4	3	1	0	4	2	1	2	0	2	1	1	1	3	3	1	0	2	1	1	1	2	1	1	0	0	0	0	1	0	1	0	0	0	0	0	1	1	1	1	0	1	0	0	0	0	0	0	0	1	2	0	1	1	1	0	0	0	1	0	1	1	0	0	0	0	0	0	1	1	1	0	0	2	1	1	2	0	2	2	2	3	1	3	7	6	7	14	7	9	4	4	2	2	3	2	1	0	0	1	3	2	2	0	3	4	5	3	3	3	1	1	1	4	1	0	7	3	2	0	1	2	1	0	1	1	1	1	0	2	3	3	2	2	0	0	1	0	1	0	1	2	2	0	1	1	0	1	1	1	3	4	2	8	1	2	3	4	4	6	0	4	1	2	1	1	1	4	5	2	5	4	6	3	2	4	7	4	6	3	1	0	2	0	1	1	3	2	1	2	12	10	8	7	8	2	5	12	33	57	0	48	15	8	3	4	4	5	3	4	1	3	1	1	0	4	3	1	2
0	0	0	0	0	0	0	1	0	0	0	0	0	1	0	0	0	0	0	0	1	0	0	0	0	0	0	0	0	0	1	0	0	0	1	1	0	0	0	0	0	0	1	0	0	0	0	0	0	0	0	0	0	2	0	0	0	0	0	0	0	0	0	0	2	0	0	0	0	0	0	0	0	0	0	0	0	0	0	0	0	0	0	0	0	0	0	0	1	1	0	0	0	0	0	1	0	0	0	0	0	0	0	0	1	0	1	0	1	1	0	1	0	0	0	0	0	1	1	0	0	0	0	0	0	0	0	1	0	0	1	0	0	0	1	0	0	0	0	0	0	1	0	0	0	2	0	1	0	1	1	1	1	1	1	3	0	0	0	0	0	0	0	1	0	1	0	0	1	1	0	1	0	0	0	0	0	1	1	0	0	0	1	0	0	0	1	1	0	0	1	1	3	1	0	0	1	0	0	0	1	2	0	1	0	0	0	1	1	1	1	1	1	0	1	1	2	0	0	0	0	1	4	1	3	1	0	1	0	0	0	0	1	0	0	0	0	0	1	0	0	1	0	1	1	0	1	0	0	0	1	1	1	0	0	1	1	0	0	0	1	0	0	1	0	0	0	0	2	2	2	2	2	4	4	1	1	1	0	0	2	1	0	0	1	1	2	1	0	0	0	0	0	0	0	1	0	0	1	1	0	0	0	1	0	1	2	2	1	2	1	2	0	0	0	0	0	1	0	0	0	1	0	0	0	1	0	1	0	0	1	2	0	0	2	1	2	0	0	0	0	0	1	2	0	0	0	1	2	4	3	1	0	7	2	2	7	15	12	14	4	7	3	0	3	0	1	1	1	0	0	1	0	0	1	4	1	8	10	1	0	2	4	1	1	2	0	4	2	2	2	3	2	1	3	2	1	1	2	2	0	1	4	1	3	0	1	0	1	0	2	1	0	2	4	4	1	1	0	3	0	0	7	3	1	4	1	1	4	3	0	2	2	3	2	1	2	4	2	0	5	3	6	5	3	5	3	4	4	5	3	3	2	1	0	4	0	1	2	1	3	3	3	4	2	2	5	10	16	14	48	0	35	11	8	6	5	5	5	6	5	4	4	4	3	4	4	7	1
0	0	0	0	0	0	0	0	0	0	0	0	0	1	1	0	0	0	0	1	0	0	0	1	0	1	1	0	0	1	0	0	0	1	1	0	0	1	1	0	1	0	0	0	0	0	0	0	0	0	0	1	1	0	0	0	0	0	0	1	0	0	0	0	0	0	0	0	0	0	0	0	0	1	0	0	0	0	1	0	0	0	0	1	0	0	0	0	0	2	0	0	2	3	1	1	0	0	0	1	0	0	0	0	1	0	1	1	1	0	1	0	0	0	1	0	0	0	1	0	0	0	0	0	1	0	0	2	1	0	1	1	0	0	0	1	1	0	1	0	0	1	0	1	0	0	0	0	4	0	2	1	0	1	0	1	2	1	2	0	0	1	0	0	0	1	0	0	1	0	0	0	0	1	0	1	0	0	0	0	0	0	0	0	1	0	0	0	0	0	0	1	3	0	1	0	2	0	1	0	0	0	2	0	0	1	1	0	1	0	1	0	0	0	1	0	0	1	3	1	0	3	1	0	1	0	1	1	2	2	1	1	0	0	0	1	0	0	0	0	0	1	0	0	1	1	0	2	1	0	1	0	1	1	1	0	0	0	2	0	2	1	2	1	0	2	1	1	1	3	0	1	0	1	1	2	4	0	1	0	0	1	1	2	0	1	1	1	0	2	0	0	1	0	0	0	1	1	1	0	1	0	0	0	0	1	0	4	1	2	0	1	2	0	0	0	0	0	0	1	1	0	0	1	0	1	1	1	1	1	1	0	0	0	1	0	0	0	2	0	0	0	0	0	1	1	0	1	0	2	4	1	2	4	8	5	3	5	3	8	4	4	0	0	0	1	1	3	0	0	0	2	0	2	2	1	2	5	9	6	3	1	0	2	0	1	6	3	0	5	3	4	1	1	3	2	0	0	4	1	2	0	2	0	2	1	1	0	0	2	3	0	0	0	2	0	2	0	1	2	1	2	1	0	1	0	1	0	3	0	2	0	0	1	2	1	1	1	3	2	3	6	6	5	2	1	9	5	5	3	1	3	2	2	1	0	0	1	0	2	1	2	2	3	0	2	3	13	16	13	15	35	0	37	9	4	8	13	9	12	6	5	4	3	1	1	7	5	4
0	0	0	0	0	0	0	0	0	0	0	0	0	0	0	0	0	0	0	1	0	1	0	0	1	0	0	0	0	0	1	0	0	1	0	0	0	0	0	0	0	0	0	1	0	0	0	0	0	0	0	0	0	0	0	0	0	0	0	0	0	0	0	0	0	0	0	0	0	0	1	0	0	0	0	2	0	0	0	0	1	1	0	0	0	0	1	0	3	0	0	0	1	0	2	1	0	0	0	0	0	0	0	0	0	0	0	0	0	0	0	1	0	0	1	2	0	0	0	0	0	0	0	0	0	2	1	3	0	0	0	0	0	0	0	1	0	0	1	0	0	1	0	1	0	0	1	1	2	0	0	0	0	0	0	0	0	0	0	0	0	1	2	1	1	0	1	0	2	0	0	1	0	1	0	0	0	0	1	2	1	0	0	0	0	0	0	0	2	1	0	1	0	1	1	0	1	0	0	1	0	0	0	0	0	2	1	0	2	1	0	1	0	0	0	0	2	1	0	1	0	0	0	0	0	0	0	3	2	0	1	0	0	0	0	0	0	0	0	0	1	1	0	0	0	0	0	0	1	1	0	1	0	0	0	1	0	0	1	0	0	0	0	0	1	0	0	2	1	0	2	0	0	1	0	0	0	1	0	0	0	2	0	0	0	0	0	2	0	1	0	0	2	1	0	0	0	0	1	0	0	1	0	0	2	0	1	0	0	0	0	0	0	1	1	0	0	0	0	0	0	0	1	1	0	1	1	1	0	1	0	0	1	0	1	1	1	0	0	0	0	0	1	1	1	1	0	0	0	2	0	4	1	1	3	4	3	3	1	7	1	0	1	1	3	1	0	1	0	0	1	1	1	1	0	2	1	4	4	2	1	2	3	1	2	0	3	2	2	1	0	1	0	0	0	3	1	1	6	3	0	1	3	1	3	0	0	0	0	0	1	0	0	0	0	0	0	0	1	2	2	1	2	0	0	1	1	1	1	1	0	2	1	1	3	1	2	2	2	1	2	4	2	2	4	2	7	1	2	1	3	1	0	2	1	0	1	0	2	1	1	5	2	2	1	2	1	3	3	4	8	11	37	0	55	28	18	12	12	12	5	5	4	5	1	1	2	3	4
0	0	0	0	0	0	0	0	0	0	0	0	2	0	0	1	0	0	0	0	0	0	0	0	0	0	1	0	0	0	0	1	0	0	0	0	0	1	0	0	0	1	0	0	0	0	0	0	0	0	0	0	0	0	0	0	0	0	0	0	0	0	0	0	1	1	2	0	0	0	0	0	1	0	0	0	0	0	0	0	0	0	0	0	1	0	2	0	0	0	0	0	0	1	0	0	0	0	0	0	0	0	0	0	0	0	0	0	0	0	1	0	1	1	1	1	0	1	0	0	0	0	0	0	0	0	0	1	1	0	0	0	0	0	0	1	1	0	0	0	0	1	0	0	0	0	1	1	1	1	1	0	0	1	0	0	0	0	1	0	1	0	0	0	1	0	0	0	1	3	0	0	0	0	0	1	0	1	0	0	0	0	0	0	0	0	0	0	0	1	0	0	1	0	0	0	0	1	0	1	2	1	0	0	0	0	1	0	0	1	3	0	0	1	2	1	2	0	0	3	1	1	0	0	1	0	2	2	1	1	0	1	0	0	0	0	0	0	0	0	0	1	0	0	0	0	0	0	1	1	0	0	0	0	2	0	0	1	1	2	0	0	0	0	0	0	0	0	0	0	0	1	0	0	1	3	1	0	1	0	0	1	0	2	0	0	0	2	0	0	0	0	0	2	0	0	0	1	0	0	0	0	2	1	0	1	1	0	1	0	2	0	0	0	0	0	0	0	0	0	0	0	1	0	0	2	1	1	2	1	0	0	0	0	2	0	0	2	0	0	1	1	0	1	0	1	0	2	0	2	1	2	0	1	1	1	3	1	2	1	2	1	3	2	1	0	1	0	3	0	1	1	0	0	0	3	3	3	2	3	0	0	3	0	3	3	4	3	4	0	1	2	1	1	2	2	2	1	2	4	1	0	0	1	0	1	2	0	0	0	1	0	2	0	0	0	0	1	2	0	0	0	4	0	1	0	0	0	1	1	1	0	0	0	1	1	0	1	0	0	1	3	2	3	1	0	4	1	3	0	1	2	0	1	0	0	0	0	1	1	1	1	2	2	2	2	3	2	3	5	3	8	9	55	0	47	34	42	15	6	4	1	4	5	3	3	6	5	4
0	0	0	0	0	0	0	0	0	0	0	0	0	0	0	0	0	0	0	0	0	0	1	0	0	0	0	1	0	0	0	0	0	0	0	0	0	0	0	0	0	2	0	0	0	0	0	0	0	0	1	0	0	0	0	1	0	0	1	0	0	1	0	1	0	0	1	0	1	0	0	0	0	0	0	0	0	0	0	0	0	1	0	0	1	0	0	0	0	0	0	0	1	0	0	1	0	0	0	0	0	0	0	1	0	2	0	1	0	1	1	0	0	0	0	0	1	1	0	0	0	0	0	0	0	0	0	0	1	0	0	0	2	1	1	0	1	0	1	0	0	0	1	0	0	0	1	1	0	0	0	0	0	0	1	0	1	1	1	0	1	0	1	1	0	0	0	0	0	0	0	1	0	0	0	0	2	0	0	1	0	1	1	0	2	1	0	2	0	1	0	0	0	1	2	0	0	0	2	1	0	0	0	0	1	0	0	2	2	0	0	0	0	0	1	1	0	0	2	0	0	1	0	0	1	0	2	0	0	0	0	0	0	0	0	0	0	1	0	0	0	0	0	0	0	0	0	0	0	0	0	1	1	0	1	0	1	0	0	0	0	0	0	0	0	1	2	2	3	1	1	0	2	1	1	0	1	0	1	0	1	0	0	0	0	0	1	3	0	0	0	1	1	1	0	1	2	0	2	0	0	0	0	0	0	0	1	0	3	1	0	1	0	0	0	0	0	0	0	1	0	1	1	0	0	1	0	2	1	0	1	0	0	1	1	1	0	0	0	2	2	1	1	1	2	0	1	2	0	1	0	0	1	1	2	6	1	0	5	5	2	1	1	0	1	1	1	2	0	0	1	0	0	1	1	1	3	2	3	3	2	1	2	2	1	6	3	3	4	1	1	0	1	0	2	1	4	1	2	1	2	5	3	1	2	1	2	0	1	0	1	1	0	3	0	2	3	0	1	1	0	2	0	1	2	3	1	2	2	0	1	1	0	0	1	2	0	0	5	2	2	1	0	2	0	0	5	1	5	0	3	2	3	2	0	0	1	0	1	2	1	1	4	4	2	2	1	3	3	4	4	6	4	28	47	0	38	76	16	3	10	3	4	2	1	1	3	2	5
0	0	0	0	0	0	0	0	0	0	0	1	0	0	0	0	0	0	0	0	0	0	1	0	0	0	1	0	0	0	1	0	0	0	0	0	0	1	0	0	1	0	0	0	0	0	0	0	1	0	0	0	0	0	0	0	0	0	0	0	0	0	0	0	2	0	0	0	0	0	1	0	0	1	0	1	0	0	0	0	0	0	0	0	0	0	0	0	0	1	0	0	0	2	0	0	0	0	0	0	1	1	0	0	0	0	1	0	1	0	0	0	0	0	1	1	0	0	0	1	0	0	0	0	0	1	1	0	0	0	0	0	1	0	0	1	0	0	0	1	0	0	0	2	0	0	0	1	1	1	0	1	1	0	0	0	1	0	0	0	0	0	0	1	1	0	0	1	0	0	0	0	0	2	1	0	0	0	0	0	0	0	1	0	0	0	0	1	1	1	0	0	0	0	0	0	0	0	0	0	0	1	0	0	0	0	0	0	1	0	0	0	1	1	0	1	1	1	0	2	0	2	2	0	0	0	0	0	1	0	0	0	1	0	0	0	1	0	0	0	0	1	1	0	0	2	1	0	2	3	2	0	2	0	2	0	1	0	0	0	0	0	0	1	1	0	1	0	1	0	2	2	2	2	1	1	0	0	2	2	0	1	1	1	1	0	0	0	0	0	0	0	0	0	0	1	0	1	1	0	0	1	1	1	0	1	0	0	0	1	1	0	1	0	1	0	0	0	0	0	1	0	1	0	1	0	0	0	4	0	0	0	0	0	0	0	1	0	1	0	0	0	0	2	0	0	0	1	0	0	2	1	1	1	2	0	3	3	4	3	1	1	2	3	0	0	2	3	1	1	2	0	0	0	2	4	3	4	5	4	4	3	2	3	2	5	5	7	3	3	1	4	1	6	2	5	2	1	0	4	2	2	1	4	1	1	1	1	0	1	1	1	0	1	0	1	0	0	1	0	1	1	1	1	0	1	2	3	1	2	1	0	0	1	2	0	1	1	4	1	3	3	3	0	3	0	7	4	4	1	1	0	2	0	1	0	0	2	1	0	2	0	0	2	3	0	3	2	2	2	4	5	8	18	34	38	0	87	45	17	22	10	8	12	3	3	12	10	5
0	0	0	0	0	0	0	0	0	0	0	0	0	0	0	0	0	0	0	1	0	0	0	0	0	1	0	0	0	0	0	0	0	1	0	0	0	1	1	1	0	0	1	0	0	1	0	0	0	0	0	0	0	0	0	0	0	0	1	0	0	0	0	1	2	0	0	1	0	0	0	0	0	0	0	0	0	0	0	0	1	0	0	0	0	0	0	0	0	0	0	0	0	0	0	0	0	0	1	0	0	0	0	0	1	1	0	0	0	1	0	2	0	2	1	0	0	0	0	0	0	0	1	0	0	0	0	2	0	1	0	1	0	1	0	1	0	0	0	0	0	0	1	0	0	0	0	1	0	0	0	0	0	1	0	0	2	0	0	0	0	0	0	1	0	1	0	0	1	1	0	0	0	0	0	0	1	0	0	2	1	1	0	0	0	0	0	0	0	0	0	0	0	2	0	0	1	1	0	0	0	0	0	1	0	0	1	0	2	2	0	1	1	2	0	2	4	1	2	1	1	0	0	1	0	0	0	1	1	0	1	0	0	0	0	0	0	1	1	0	0	0	0	0	0	0	0	0	0	1	0	0	1	0	0	0	2	1	0	0	1	0	1	2	0	0	0	0	4	0	3	3	0	2	1	1	0	0	0	0	1	0	0	0	0	0	0	1	1	0	0	0	0	0	0	0	1	0	1	2	1	0	0	0	4	2	0	0	0	1	2	0	0	0	0	0	0	0	0	0	0	1	2	0	1	1	1	0	0	3	1	0	0	0	0	1	0	1	1	0	0	1	2	2	0	0	0	1	1	1	0	1	0	2	5	3	1	2	2	2	3	3	1	1	3	2	0	1	2	0	1	0	1	0	1	3	1	2	6	5	2	1	2	1	2	5	7	5	7	2	1	0	2	2	0	0	2	6	2	1	1	2	2	1	3	0	0	1	1	0	0	1	2	1	1	1	0	0	1	1	0	1	0	1	2	3	0	4	3	0	1	1	1	1	2	1	1	0	1	0	2	3	1	0	2	2	2	1	4	1	1	0	0	2	0	1	0	1	0	0	2	1	1	3	2	0	0	1	2	2	5	5	13	12	42	76	87	0	53	19	12	8	11	4	6	3	3	6	8
0	0	0	0	0	0	0	0	0	0	0	0	0	0	0	0	0	0	0	0	0	0	0	1	0	0	0	0	0	1	1	0	0	0	0	1	0	1	0	0	0	0	0	0	0	0	0	0	0	0	0	0	1	0	0	0	0	0	1	0	0	0	0	0	0	0	0	0	0	0	0	0	0	0	0	0	0	1	0	0	0	0	1	1	1	0	0	0	0	0	1	0	1	2	1	0	2	1	0	1	0	0	0	2	0	0	1	0	0	0	1	2	2	0	0	1	0	0	0	0	0	0	0	0	0	1	0	0	0	0	0	0	1	0	0	0	0	1	0	0	1	1	0	1	0	0	0	0	1	1	1	0	0	0	1	0	1	2	0	0	1	1	0	0	1	1	0	0	0	0	0	1	0	0	0	0	1	0	1	0	0	0	0	0	0	2	0	0	3	1	2	0	0	0	1	0	0	1	0	0	0	1	1	1	2	0	0	1	0	1	0	1	2	1	0	2	0	0	1	0	1	1	1	1	2	0	0	0	1	0	1	1	1	1	0	1	0	0	0	0	0	0	0	1	0	1	0	0	1	0	0	0	0	2	0	1	1	0	0	2	1	0	0	0	0	0	1	0	0	1	0	0	3	0	2	2	0	0	1	1	0	0	1	0	1	2	0	0	2	0	1	0	0	1	0	0	0	2	1	0	0	2	0	0	0	0	0	0	1	0	0	0	1	0	1	0	1	0	2	0	0	0	0	0	1	1	0	0	0	1	4	1	1	1	0	0	0	0	0	0	0	1	2	0	1	0	0	1	0	0	2	3	3	3	3	2	3	2	2	1	5	2	0	0	2	1	2	2	1	1	1	2	3	0	2	1	1	9	2	2	3	1	4	8	5	7	9	8	3	3	2	2	1	0	3	0	2	2	5	1	5	2	2	0	1	0	0	0	1	1	2	1	2	1	0	3	1	4	1	1	0	0	0	0	0	1	2	1	2	2	2	3	0	0	1	3	0	4	2	1	2	4	1	2	2	1	7	4	1	5	1	4	1	1	2	1	0	1	0	1	1	1	1	3	3	2	4	3	8	4	3	5	9	12	15	16	45	53	0	63	31	23	10	9	5	5	6	6	2
0	0	0	0	0	0	0	0	0	0	0	0	0	0	0	0	0	0	0	1	0	0	1	0	0	0	0	0	0	0	1	1	1	0	0	0	0	0	1	0	0	0	0	0	0	1	0	0	0	0	0	0	0	0	0	0	1	0	1	0	0	0	0	1	0	0	0	1	0	0	0	0	0	0	1	0	0	1	1	1	0	0	0	0	1	0	0	0	0	0	0	1	1	1	1	0	0	0	0	0	0	0	0	0	1	0	1	0	1	0	0	0	0	0	1	2	1	0	0	0	0	0	2	0	0	0	1	0	1	0	0	0	1	0	1	0	0	1	0	0	0	1	0	2	0	1	0	1	0	0	2	2	0	1	0	0	1	1	0	0	0	0	0	1	1	0	0	0	0	0	1	1	0	0	1	0	1	0	0	1	1	0	0	0	0	1	1	0	1	0	1	3	0	0	1	3	0	2	2	0	3	1	2	0	1	1	0	0	3	3	0	0	2	0	0	1	1	2	5	1	2	0	0	0	1	0	1	1	1	1	1	0	0	0	2	0	0	0	0	0	1	2	0	0	1	1	1	0	1	1	1	1	0	0	0	1	0	0	0	0	1	0	2	0	1	0	2	0	0	1	0	0	1	2	0	1	0	2	0	0	0	1	1	0	0	0	0	0	1	0	0	0	0	0	0	1	0	0	0	0	1	0	1	0	1	0	1	0	1	0	3	0	1	0	1	0	1	0	1	0	0	1	2	0	1	1	1	0	0	0	0	1	2	1	1	0	1	1	0	0	3	1	2	0	2	1	2	0	1	3	1	0	1	2	4	6	5	2	11	4	4	0	3	2	0	2	0	0	1	3	2	2	0	1	3	4	3	6	12	10	7	1	4	3	9	11	17	17	10	2	5	1	2	1	1	1	7	8	8	0	2	1	2	2	1	3	0	2	1	0	0	1	0	1	1	1	1	0	2	2	1	0	4	0	1	3	3	1	3	1	1	0	1	0	1	2	0	2	0	1	2	7	2	3	1	1	6	7	8	5	0	0	2	1	1	0	1	0	3	1	4	1	4	6	1	3	4	6	5	6	4	6	12	12	6	3	17	19	63	0	89	20	10	4	6	4	17	10	10
0	0	0	0	0	0	0	0	0	0	0	0	0	0	1	0	1	0	0	1	1	0	0	0	0	0	0	1	0	0	0	0	1	0	0	0	0	0	1	2	1	0	0	0	0	1	0	0	0	0	0	0	0	1	0	0	0	0	0	0	0	0	0	0	0	0	0	0	0	0	0	0	0	0	0	0	0	0	0	0	0	0	0	0	0	0	0	1	0	0	1	1	2	0	1	0	0	1	0	0	0	0	0	0	2	1	1	1	0	0	0	0	0	1	1	0	2	0	2	0	0	0	0	0	0	0	0	0	0	0	0	0	0	0	0	0	0	1	0	0	0	1	0	0	0	0	0	1	0	2	1	1	0	0	1	1	0	0	1	0	0	0	0	0	0	0	1	0	0	1	0	0	0	2	0	1	0	0	0	1	0	0	0	0	2	0	1	1	1	0	1	1	0	1	3	2	1	0	0	2	0	3	0	0	1	3	1	1	0	0	2	3	1	0	0	1	4	2	0	0	1	2	0	0	1	0	0	0	0	0	1	1	1	0	0	0	0	0	0	1	0	0	1	2	0	1	0	1	0	1	1	0	2	0	0	0	0	1	1	1	0	0	1	0	0	0	2	4	4	2	4	4	1	0	2	1	0	0	0	1	0	1	0	0	0	0	0	0	1	1	0	0	3	0	0	1	0	1	0	0	0	1	2	1	0	0	0	1	0	0	0	0	1	0	0	0	0	0	1	0	1	1	1	0	1	0	0	0	1	0	0	1	4	1	0	0	1	1	1	0	1	0	0	0	0	1	1	1	1	2	1	0	3	2	2	0	4	3	7	7	3	4	0	3	1	0	1	3	3	2	6	3	2	3	0	2	6	15	9	7	7	2	5	4	5	14	11	23	5	1	1	4	2	1	4	4	2	9	11	1	2	5	3	1	3	4	1	0	0	0	1	0	1	0	3	2	0	1	1	1	2	2	4	0	0	2	3	1	0	0	0	0	2	2	1	1	1	0	3	1	2	0	1	5	2	6	6	5	3	2	1	2	0	1	3	1	3	1	2	0	0	1	2	2	0	5	4	5	2	2	1	5	6	5	4	10	22	12	31	89	0	76	17	13	11	9	15	7	6
0	0	0	0	0	0	0	0	0	0	1	0	0	2	1	0	2	0	0	0	0	0	0	0	0	0	0	1	0	0	0	0	0	0	1	0	0	0	1	1	0	0	0	0	0	1	0	1	0	0	0	0	0	0	0	0	0	1	0	1	0	0	2	1	0	0	0	0	0	0	0	0	0	0	0	0	0	0	0	0	1	0	0	0	0	0	0	0	0	0	0	0	0	1	1	3	0	1	0	0	0	0	0	0	0	1	0	0	0	0	2	0	0	1	0	0	0	0	2	1	1	1	1	1	1	0	0	0	0	0	1	1	0	0	0	2	0	0	0	0	0	1	0	1	0	1	1	1	2	2	0	0	0	0	1	1	1	0	0	1	0	1	0	0	0	1	0	0	2	0	1	0	0	0	0	1	0	0	0	0	0	1	0	0	0	0	0	2	0	0	1	1	2	1	1	2	2	2	1	0	1	0	1	0	0	0	1	2	1	0	1	2	0	0	1	0	1	0	2	3	3	0	3	1	1	0	0	0	0	0	0	0	0	0	0	0	0	0	1	0	0	0	0	1	1	2	0	0	0	0	1	2	1	0	1	3	0	0	2	1	1	1	0	0	1	0	0	1	0	2	2	1	1	4	0	1	0	1	0	0	0	0	0	1	1	1	1	0	0	0	1	1	1	0	0	1	0	0	1	0	0	0	0	0	0	0	0	1	0	0	0	1	0	0	2	0	0	0	0	0	0	1	0	0	0	0	0	0	1	0	0	0	2	0	0	2	0	1	0	0	0	0	0	1	0	0	1	0	0	1	0	1	1	1	1	1	1	6	2	4	2	1	2	2	2	1	3	1	1	0	2	0	3	1	1	2	7	8	3	5	2	7	4	4	8	25	24	32	12	6	5	3	5	3	1	7	4	7	12	3	5	1	3	4	2	3	1	1	1	0	0	1	0	1	1	1	4	1	1	1	2	1	3	0	0	3	2	0	2	0	1	0	0	0	0	0	1	0	0	0	0	0	0	2	0	4	3	1	4	1	3	4	0	1	1	0	1	0	0	0	1	1	2	1	1	1	4	2	1	3	3	4	5	5	1	3	10	8	23	20	76	0	56	6	18	14	12	1	10
0	0	0	0	0	0	0	0	0	0	0	0	1	0	0	1	0	0	0	0	0	1	0	0	0	0	0	0	0	0	0	1	0	0	0	0	0	0	0	0	0	1	0	0	0	0	0	0	0	0	0	0	0	0	0	1	0	0	0	0	0	0	0	0	0	0	0	0	0	0	0	0	0	0	0	0	0	0	0	0	0	0	0	1	0	0	0	1	0	0	0	0	0	0	0	1	0	0	0	1	0	1	0	1	0	0	0	0	0	0	1	0	0	0	1	0	0	1	0	0	0	0	1	1	1	0	0	0	0	0	0	0	0	0	0	0	0	0	1	0	0	0	0	0	0	1	0	1	1	2	2	1	1	0	1	0	0	1	0	0	0	0	0	1	0	0	0	1	0	0	0	0	0	0	0	0	1	0	0	0	0	0	0	0	0	0	2	2	0	2	2	1	0	1	0	0	2	2	1	0	0	0	1	0	0	0	0	0	0	1	1	1	1	0	0	2	1	3	2	2	2	0	0	1	0	3	0	0	2	0	0	0	0	0	0	0	0	0	0	1	1	1	0	0	0	0	1	0	2	1	1	0	0	1	0	0	2	1	0	1	0	1	0	1	0	0	0	0	2	0	0	1	0	2	1	1	0	0	2	0	0	0	2	0	0	1	0	0	1	0	0	1	0	0	0	0	0	0	0	0	0	0	0	0	0	0	0	0	0	0	2	0	0	0	0	0	0	0	0	0	1	1	1	1	0	1	1	0	0	1	3	1	1	0	0	1	1	1	1	1	1	0	2	0	0	0	2	0	1	1	2	2	0	0	2	2	1	1	6	3	2	2	2	1	3	1	3	2	1	2	2	1	2	1	1	7	7	5	8	2	5	0	3	2	3	8	14	8	6	2	2	3	2	3	4	2	5	3	7	4	2	1	1	0	2	1	1	1	2	1	1	0	3	1	2	1	2	1	2	0	3	1	2	0	0	2	4	0	0	0	2	2	0	0	0	3	0	0	1	1	1	2	3	3	1	2	2	3	0	2	0	2	0	1	1	0	1	0	0	0	0	1	1	2	1	0	1	2	2	0	1	4	4	4	4	4	8	11	10	10	17	56	0	57	19	7	7	10	8
0	0	0	0	0	0	0	0	0	0	0	1	0	0	0	0	0	0	0	0	0	0	0	0	0	0	0	0	0	0	0	0	1	0	0	0	0	1	0	0	0	0	0	0	0	0	0	0	1	0	0	0	0	0	0	0	0	2	0	0	0	0	1	0	0	0	0	0	0	2	0	0	0	1	0	0	0	0	0	0	0	0	0	0	0	0	0	0	0	0	0	0	0	0	0	0	0	1	0	0	0	0	0	1	0	0	0	0	0	0	0	0	0	1	2	1	0	0	0	0	1	0	0	0	0	0	0	0	0	1	0	0	2	0	0	0	0	0	1	0	0	0	0	0	0	0	1	2	0	2	0	0	0	0	1	0	1	1	0	1	0	0	0	1	1	1	0	0	1	0	0	0	1	0	0	0	0	0	0	1	0	0	1	0	1	0	0	0	0	0	1	1	0	1	0	0	0	1	3	0	1	0	0	0	1	0	0	1	0	0	0	0	0	2	0	1	0	2	2	1	2	0	0	0	0	1	2	0	1	1	0	1	0	0	0	0	0	1	0	0	1	1	2	1	0	0	0	0	0	0	0	1	0	0	1	0	0	0	0	0	0	0	1	0	0	0	0	3	0	0	0	0	1	0	3	0	0	1	0	0	0	0	1	0	0	0	1	1	0	1	0	1	0	1	0	0	0	0	1	0	0	0	0	1	2	0	0	0	0	0	0	1	1	0	0	0	0	0	0	0	1	2	1	0	0	0	0	0	0	0	0	0	1	0	0	0	0	0	0	0	0	1	0	0	0	0	1	0	1	0	0	0	1	0	1	1	2	2	3	3	4	1	3	2	0	1	0	1	0	1	2	0	0	1	1	0	2	2	0	2	2	2	0	3	3	8	3	7	3	5	1	4	2	5	3	1	4	6	5	1	1	3	0	3	1	1	1	2	2	1	1	1	1	0	0	0	0	0	1	0	1	2	2	0	0	1	2	3	1	2	0	1	0	0	1	0	0	0	1	1	3	1	2	0	0	0	2	1	1	1	2	1	1	0	0	2	2	0	1	1	0	1	0	3	0	1	1	0	1	3	1	4	3	5	5	2	12	4	9	4	13	6	57	0	20	11	5	1	11
0	0	0	0	0	0	0	1	0	0	0	0	0	0	0	0	0	1	0	0	0	0	0	0	0	0	0	0	0	0	0	0	0	0	1	0	0	1	1	0	0	1	0	0	0	0	0	0	0	0	0	0	0	0	0	0	0	0	0	0	0	0	0	0	0	0	0	0	1	0	0	0	0	0	0	0	0	1	1	0	0	0	0	0	0	0	0	0	0	0	0	0	0	0	0	0	1	1	0	0	0	0	0	1	0	0	0	1	0	0	1	1	1	1	0	0	1	1	0	0	0	2	0	0	0	0	0	0	0	0	0	0	0	0	0	0	0	1	1	0	0	0	0	2	1	0	0	1	1	0	0	0	0	0	0	0	0	0	0	1	0	0	0	0	1	3	0	1	0	0	0	1	0	0	0	0	0	1	2	1	0	0	1	1	0	1	0	0	2	0	1	0	1	1	1	1	2	0	2	0	0	0	1	0	1	0	1	1	0	0	0	0	1	0	1	0	0	1	0	2	2	0	0	1	0	0	1	0	1	0	0	0	0	0	0	1	0	0	0	0	0	0	0	1	0	1	0	0	0	0	0	1	1	0	0	1	0	0	0	0	0	0	0	1	0	0	1	0	3	2	0	1	0	1	0	0	0	0	0	0	0	0	0	0	1	1	1	0	0	0	0	0	0	0	0	0	0	0	0	1	0	2	1	0	2	0	2	0	0	0	2	1	0	0	0	0	0	0	1	0	0	0	0	0	0	1	0	0	0	0	1	1	1	1	0	0	1	0	0	0	0	1	0	1	0	0	0	0	1	0	1	1	0	4	3	1	4	4	6	5	5	3	1	1	0	2	1	0	3	4	3	1	3	2	1	4	11	8	4	1	3	3	2	3	6	13	3	7	13	3	4	2	5	4	4	10	12	16	17	3	3	4	2	3	3	1	2	1	0	2	2	2	0	3	2	0	1	0	0	4	1	1	0	0	2	1	3	0	1	0	1	0	0	1	0	1	1	2	3	0	1	2	0	0	1	1	3	3	2	4	1	0	2	0	0	0	0	1	1	0	1	0	1	2	2	1	2	1	2	1	0	3	1	1	3	1	3	6	5	6	11	18	19	20	0	168	28	16	20
0	0	0	0	0	0	0	0	0	0	0	0	0	0	0	0	0	0	0	1	0	0	0	0	0	0	0	0	0	0	0	2	1	0	0	0	0	0	0	0	0	0	0	1	0	0	0	0	1	0	0	0	0	0	0	1	0	2	1	0	0	1	0	0	0	0	0	1	0	0	0	0	0	0	0	0	0	0	1	0	0	0	0	0	0	0	0	0	0	0	0	0	0	0	1	0	0	0	0	0	1	0	0	1	1	0	0	2	1	0	0	0	0	0	1	0	0	0	0	0	0	0	0	0	0	0	0	0	0	1	0	0	1	0	0	0	0	2	0	0	0	0	1	0	2	0	0	3	2	0	2	0	0	0	0	1	0	0	1	0	0	0	0	0	2	0	0	0	0	0	0	0	0	0	0	0	2	1	0	0	0	0	0	0	0	0	3	1	0	1	3	0	2	1	0	0	1	0	1	0	0	0	0	0	1	2	0	0	0	0	0	2	1	0	0	1	2	0	2	2	2	0	0	1	1	2	0	0	1	0	0	0	0	2	1	0	0	1	0	1	0	0	1	1	0	0	0	0	1	0	2	1	0	1	0	0	0	0	0	0	2	0	0	0	1	2	1	0	0	3	1	0	0	0	0	0	3	2	0	0	1	0	1	0	0	0	0	0	0	1	0	0	0	0	0	0	0	0	1	0	1	0	0	0	2	0	1	0	0	0	1	0	1	0	0	0	2	0	1	0	0	0	1	0	0	0	1	1	1	2	0	1	0	3	1	1	0	2	0	0	1	0	0	0	2	2	1	0	2	2	1	2	2	3	0	2	0	2	10	2	6	1	1	2	0	0	0	5	4	1	4	1	5	3	5	9	20	20	11	7	6	3	5	2	5	10	6	12	14	10	3	5	4	8	12	13	14	32	35	6	2	7	6	3	2	5	1	0	0	2	2	3	0	1	3	1	4	0	1	2	3	1	3	1	1	2	2	0	1	1	3	0	0	0	0	0	2	0	1	0	0	1	1	1	3	1	1	1	2	1	0	1	2	1	1	1	1	2	3	0	0	1	3	2	1	0	2	2	0	1	4	4	1	1	3	1	3	3	5	4	9	14	7	11	168	0	35	17	7
0	0	0	0	0	0	0	0	0	0	0	0	0	0	0	0	0	0	0	0	0	0	0	0	0	0	0	0	0	0	0	0	0	0	1	0	0	0	0	0	0	0	0	0	0	0	0	0	0	0	1	0	0	0	0	2	0	1	0	0	0	2	0	0	0	0	0	0	0	0	0	0	0	0	0	0	0	0	0	0	0	0	0	0	0	0	0	0	1	1	0	1	1	0	0	1	0	0	0	1	0	0	0	0	0	0	2	0	1	1	1	1	0	0	1	0	0	0	0	0	0	0	0	0	0	0	0	0	0	0	0	0	0	0	0	0	1	0	1	0	0	1	0	0	0	0	2	1	1	0	1	0	0	1	0	1	0	1	0	1	0	0	0	0	0	1	0	0	0	0	0	0	1	0	0	0	0	0	0	0	0	0	0	0	0	2	0	0	0	1	0	0	0	2	3	2	1	0	0	0	2	1	0	0	1	2	0	0	2	1	0	0	0	1	1	0	0	0	0	1	0	0	0	0	2	0	1	2	0	3	0	0	0	0	1	0	1	0	1	2	1	0	0	2	0	1	1	2	0	0	0	2	0	0	1	1	0	0	0	0	0	0	0	2	0	0	0	1	0	3	2	1	2	2	0	0	3	1	3	0	1	0	1	1	1	0	1	0	1	0	0	1	0	1	0	0	2	0	1	0	1	0	1	0	0	0	0	0	0	0	0	0	0	1	0	0	0	0	2	0	0	0	0	0	0	0	0	2	0	0	1	1	2	0	2	0	1	0	1	1	2	0	0	0	1	0	0	1	1	1	0	0	3	2	5	2	0	7	8	8	3	10	2	1	0	1	1	0	6	3	4	3	1	3	3	5	21	27	13	7	5	7	3	1	2	10	7	7	7	6	8	3	4	2	7	9	12	6	20	4	1	5	1	1	1	1	1	2	0	1	1	1	2	3	2	5	2	2	2	2	2	2	2	0	1	5	0	1	2	0	1	0	1	0	0	1	0	0	0	2	3	1	0	2	2	2	7	2	3	2	2	1	1	1	0	0	1	2	0	1	1	1	0	3	0	1	2	3	6	2	3	4	7	2	6	3	12	3	6	17	15	12	7	5	28	35	0	18	9
0	0	0	0	0	0	0	0	1	0	1	1	0	0	1	0	0	0	0	0	0	0	1	0	0	0	0	0	0	0	0	0	1	0	0	0	1	0	0	0	0	1	1	0	0	0	0	0	0	0	0	0	0	0	0	0	0	0	0	0	0	0	0	0	0	0	0	0	0	0	1	0	0	0	0	0	0	0	0	0	0	0	0	1	0	0	0	0	0	0	1	0	0	0	0	0	0	1	1	0	0	0	0	0	1	0	1	0	1	0	0	0	0	0	1	0	0	0	1	0	0	1	0	1	0	0	0	0	0	0	0	0	1	0	0	0	0	0	0	0	1	0	0	0	0	0	1	1	0	2	0	0	2	1	0	0	0	2	2	0	0	0	0	0	0	0	0	0	1	0	0	0	0	0	3	0	1	0	0	0	0	0	1	1	0	0	0	0	0	0	1	2	1	0	3	0	2	0	0	0	0	0	0	1	2	1	0	0	0	3	0	0	1	0	0	0	2	2	2	1	1	1	1	0	0	1	0	0	2	0	0	0	0	0	1	0	0	0	1	0	0	2	0	1	0	0	0	0	1	0	0	0	0	1	1	1	0	0	0	0	0	0	0	1	0	1	1	1	0	2	1	0	2	2	0	2	2	0	0	0	0	1	0	1	1	0	0	0	0	0	1	0	0	0	2	0	0	0	0	1	1	0	0	1	0	1	1	0	0	1	0	0	0	0	1	0	0	0	1	0	0	0	0	0	0	0	0	0	1	1	1	0	0	0	0	1	1	0	0	0	0	0	1	1	0	0	1	0	0	2	0	3	1	1	6	0	5	4	8	6	6	2	2	4	1	0	1	0	2	4	3	0	1	2	1	7	10	6	5	5	0	2	2	3	1	6	2	3	5	2	1	1	0	2	2	3	4	4	12	1	2	2	4	0	0	4	2	0	0	1	3	2	1	0	0	2	3	1	2	2	0	0	0	0	2	3	0	1	0	1	1	0	1	0	0	1	0	1	2	0	1	0	2	1	0	0	4	0	4	1	2	1	2	0	1	1	0	2	0	0	2	3	1	1	1	1	1	1	2	5	1	7	5	3	5	2	10	6	6	10	7	1	10	1	16	17	18	0	34
0	0	0	0	0	0	0	0	0	1	0	0	0	0	0	0	0	1	0	0	0	0	0	0	0	0	0	0	0	0	0	0	0	0	0	0	0	0	0	0	0	1	0	0	0	0	0	0	1	0	1	0	0	0	0	0	0	0	0	0	0	0	0	1	1	0	0	0	0	0	0	0	0	0	0	0	0	0	1	0	0	0	0	0	0	0	0	0	0	1	0	0	0	0	0	0	0	0	0	0	1	0	0	0	1	0	0	1	0	1	0	1	0	0	0	1	0	0	0	0	0	1	0	0	0	0	1	1	1	1	0	0	0	0	0	1	0	0	1	0	0	1	0	1	0	1	0	0	0	0	1	1	1	0	0	0	1	2	1	0	0	1	0	0	1	0	0	1	0	0	0	0	0	1	0	0	1	1	0	0	0	0	0	0	1	0	1	0	2	0	1	1	1	1	0	0	0	1	0	0	1	0	0	0	0	0	0	2	0	0	1	0	1	0	2	2	1	2	2	0	1	1	0	1	0	0	1	0	0	1	2	1	0	0	0	2	0	0	1	0	1	1	0	0	1	0	1	1	0	0	1	0	0	0	0	0	1	0	0	0	0	0	0	1	1	2	0	0	2	6	1	1	0	1	1	1	0	1	0	1	0	0	1	1	1	1	0	1	0	1	0	0	0	0	0	1	0	0	0	0	0	0	1	1	0	0	0	0	0	0	0	0	0	1	0	0	0	0	0	0	0	0	0	0	0	0	0	0	0	1	1	0	0	0	1	0	2	0	3	0	0	1	1	2	2	0	0	0	1	1	0	0	2	1	2	3	1	0	2	3	2	1	3	5	0	0	0	0	9	5	1	1	3	3	4	5	8	4	4	1	1	3	2	1	3	3	5	5	4	2	3	1	1	0	3	7	4	6	3	4	1	1	1	1	0	2	0	2	1	1	2	0	1	2	4	1	2	0	0	3	0	0	0	0	0	1	1	0	1	0	1	1	2	1	0	0	0	2	0	0	0	2	1	0	0	0	1	1	3	0	1	1	0	0	1	0	0	1	0	1	1	1	4	1	2	1	0	1	3	2	2	1	4	4	4	5	5	8	2	10	6	10	8	11	20	7	9	34	0
