0	0	0	0	0	0	0	0	0	0	0	0	0	0	0	0	0	0	0	0	0	0	0	0	0	0	0	0	0	0	0	0	0	0	0	0	0	0	0	0	0	0	0	0	0	0	0	0	0	0	0	0	0	0	0	0	0	0	0	0	0	0	0	0	0	0	0	0	0	0	0	0	0	0	0	0	0	0	0	0	0	0	0	0	0	0	0	0	0	0	0	0	0	0	0	0	0	0	0	0	0	0	0	0	0	0	0	0	0	0	0	0	0	0	0	0	0	0	0	0	0	0	0	0	0	0	0	0	0	0	0	0	0	0	0	0	0	0	0	0	0	0	0	0	0	0	0	0	0	0	0	0	0	0	0	0	0	0	0	0	0	0	0	0	0	0	0	0	0	0	0	0	0	0	0	0	0	0	0	0	0	0	0	0	0	0	0	0	0	0	0	0	0	0	0	0	0	0	0	0	0	0	0	0	0	0	0	0	0	0	0	0	0	0	0	0	0	0	0	0	0	0	0	0	0	0	0	0	0	0	0	0	0	0	0	0	0	0	0	0	0	0	0	0	0	0	0	0	0	0	0	0	0	0	0	0	0	0	0	0	0	0	0	0	0	0	0	0	0	0	0	0	0	0	0	0	0	0	0	0	0	0	0	0	0	0	0	0	0	0	0	0	0	0	0	0	0	0	0	0	0	0	0	0	0	0	0	0	0	0	0	0	0	0	0	0	0	0	0	0	0	0	0	0	0	0	0	0	0	0	0	0	0	0	0	0	0	0	0	0	0	0	0	0	0	0	0	0	0	0	0	0	0	0	0	0	0	0	0	0	0	0	0	0	0	0	0	0	0	0	0	0	0	0	0	0	0	0	0	0	0	0	0	0	0	0	0	0	0	0	0	0	0	0	0	0	0	0	0	0	0	0	0	0	0	0	0	0	0	0	0	0	0	0	0	0	0	0	0	0	0	0	0	0	0	0	0	0	0	0	0	0	0	0	0	0	0	0	0	0	0	0	0	0	0	0	0	0	0	0	0	0	0	0	0	0	0	0	0	0	0	0	0	0	0	0	0	0	0	0	0	0	0	0	0	0	0	0	0	0	0	0	0	0	0	0	0	0	0
0	0	0	0	0	0	0	0	0	0	0	0	0	0	0	0	0	0	0	0	0	0	0	0	0	0	0	0	0	0	0	0	0	0	0	0	0	0	0	0	0	0	0	0	0	0	0	0	0	0	0	0	0	0	0	0	0	0	0	0	0	0	0	0	0	0	0	0	0	0	0	0	0	0	0	0	0	0	0	0	0	0	0	0	0	0	0	0	0	0	0	0	0	0	0	0	0	0	0	0	0	0	0	0	0	0	0	0	0	0	0	0	0	0	0	0	0	0	0	0	0	0	0	0	0	0	0	0	0	0	0	0	0	0	0	0	0	0	0	0	0	0	0	0	0	0	0	0	0	0	0	0	0	0	0	0	0	0	0	0	0	0	0	0	0	0	0	0	0	0	0	0	0	0	0	0	0	0	0	0	0	0	0	0	0	0	0	0	0	0	0	0	0	0	0	0	0	0	0	0	0	0	0	0	0	0	0	0	0	0	0	0	0	0	0	0	0	0	0	0	0	0	0	0	0	0	0	0	0	0	0	0	0	0	0	0	0	0	0	0	0	0	0	0	0	0	0	0	0	0	0	0	0	0	0	0	0	0	0	0	0	0	0	0	0	0	0	0	0	0	0	0	0	0	0	0	0	0	0	0	0	0	0	0	0	0	0	0	0	0	0	0	0	0	0	0	0	0	0	0	0	0	0	0	0	0	0	0	0	0	0	0	0	0	0	0	0	0	0	0	0	0	0	0	0	0	0	0	0	0	0	0	0	0	0	0	0	0	0	0	0	0	0	0	0	0	0	0	0	0	0	0	0	0	0	0	0	0	0	0	0	0	0	0	0	0	0	0	0	0	0	0	0	0	0	0	0	0	0	0	0	0	0	0	0	0	0	0	0	0	0	0	0	0	0	0	0	0	0	0	0	0	0	0	0	0	0	0	0	0	0	0	0	0	0	0	0	0	0	0	0	0	0	0	0	0	0	0	0	0	0	0	0	0	0	0	0	0	0	0	0	0	0	0	0	0	0	0	0	0	0	0	0	0	0	0	0	0	0	0	0	0	0	0	0	0	0	0	0	0	0	0	0	0	0	0	0	0	0	0	0	0	0	0	0	0	0	0	0
0	0	0	0	0	0	0	0	0	0	0	0	0	0	0	0	0	0	0	0	0	0	0	0	0	0	0	0	0	0	0	0	0	0	0	0	0	0	0	0	0	0	0	0	0	0	0	0	0	0	0	0	0	0	0	0	0	0	0	0	0	0	0	0	0	0	0	0	0	0	0	0	0	0	0	0	0	0	0	0	0	0	0	0	0	0	0	0	0	0	0	0	0	0	0	0	0	0	0	0	0	0	0	0	0	0	0	0	0	0	0	0	0	0	0	0	0	0	0	0	0	0	0	0	0	0	0	0	0	0	0	0	0	0	0	0	0	0	0	0	0	0	0	0	0	0	0	0	0	0	0	0	0	0	0	0	0	0	0	0	0	0	0	0	0	0	0	0	0	0	0	0	0	0	0	0	0	0	0	0	0	0	0	0	0	0	0	0	0	0	0	0	0	0	0	0	0	0	0	0	0	0	0	0	0	0	0	0	0	0	0	0	0	0	0	0	0	0	0	0	0	0	0	0	0	0	0	0	0	0	0	0	0	0	0	0	0	0	0	0	0	0	0	0	0	0	0	0	0	0	0	0	0	0	0	0	0	0	0	0	0	0	0	0	0	0	0	0	0	0	0	0	0	0	0	0	0	0	0	0	0	0	0	0	0	0	0	0	0	0	0	0	0	0	0	0	0	0	0	0	0	0	0	0	0	0	0	0	0	0	0	0	0	0	0	0	0	0	0	0	0	0	0	0	0	0	0	0	0	0	0	0	0	0	0	0	0	0	0	0	0	0	0	0	0	0	0	0	0	0	0	0	0	0	0	0	0	0	0	0	0	0	0	0	0	0	0	0	0	0	0	0	0	0	0	0	0	0	0	0	0	0	0	0	0	0	0	0	0	0	0	0	0	0	0	0	0	0	0	0	0	0	0	0	0	0	0	0	0	0	0	0	0	0	0	0	0	0	0	0	0	0	0	0	0	0	0	0	0	0	0	0	0	0	0	0	0	0	0	0	0	0	0	0	0	0	0	0	0	0	0	0	0	0	0	0	0	0	0	0	0	0	0	0	0	0	0	0	0	0	0	0	0	0	0	0	0	0	0	0	0	0	0	0	0	0	0	0	0
0	0	0	0	0	0	0	0	0	0	0	0	0	0	0	0	0	0	0	0	0	0	0	0	0	0	0	0	0	0	0	0	0	0	0	0	0	0	0	0	0	0	0	0	0	0	0	0	0	0	0	0	0	0	0	0	0	0	0	0	0	0	0	0	0	0	0	0	0	0	0	0	0	0	0	0	0	0	0	0	0	0	0	0	0	0	0	0	0	0	0	0	0	0	0	0	0	0	0	0	0	0	0	0	0	0	0	0	0	0	0	0	0	0	0	0	0	0	0	0	0	0	0	0	0	0	0	0	0	0	0	0	0	0	0	0	0	0	0	0	0	0	0	0	0	0	0	0	0	0	0	0	0	0	0	0	0	0	0	0	0	0	0	0	0	0	0	0	0	0	0	0	0	0	0	0	0	0	0	0	0	0	0	0	0	0	0	0	0	0	0	0	0	0	0	0	0	0	0	0	0	0	0	0	0	0	0	0	0	0	0	0	0	0	0	0	0	0	0	0	0	0	0	0	0	0	0	0	0	0	0	0	0	0	0	0	0	0	0	0	0	0	0	0	0	0	0	0	0	0	0	0	0	0	0	0	0	0	0	0	0	0	0	0	0	0	0	0	0	0	0	0	0	0	0	0	0	0	0	0	0	0	0	0	0	0	0	0	0	0	0	0	0	0	0	0	0	0	0	0	0	0	0	0	0	0	0	0	0	0	0	0	0	0	0	0	0	0	0	0	0	0	0	0	0	0	0	0	0	0	0	0	0	0	0	0	0	0	0	0	0	0	0	0	0	0	0	0	0	0	0	0	0	0	0	0	0	0	0	0	0	0	0	0	0	0	0	0	0	0	0	0	0	0	0	0	0	0	0	0	0	0	0	0	0	0	0	0	0	0	0	0	0	0	0	0	0	0	0	0	0	0	0	0	0	0	0	0	0	0	0	0	0	0	0	0	0	0	0	0	0	0	0	0	0	0	0	0	0	0	0	0	0	0	0	0	0	0	0	0	0	0	0	0	0	0	0	0	0	0	0	0	0	0	0	0	0	0	0	0	0	0	0	0	0	0	0	0	0	0	0	0	0	0	0	0	0	0	0	0	0	0	0	0	0	0	0	0	0
0	0	0	0	0	0	0	0	0	0	0	0	0	0	0	0	0	0	0	0	0	0	0	0	0	0	0	0	0	0	0	0	0	0	0	0	0	0	0	0	0	0	0	0	0	0	0	0	0	0	0	0	0	0	0	0	0	0	0	0	0	0	0	0	0	0	0	0	0	0	0	0	0	0	0	0	0	0	0	0	0	0	0	0	0	0	0	0	0	0	0	0	0	0	0	0	0	0	0	0	0	0	0	0	0	0	0	0	0	0	0	0	0	0	0	0	0	0	0	0	0	0	0	0	0	0	0	0	0	0	0	0	0	0	0	0	0	0	0	0	0	0	0	0	0	0	0	0	0	0	0	0	0	0	0	0	0	0	0	0	0	0	0	0	0	0	0	0	0	0	0	0	0	0	0	0	0	0	0	0	0	0	0	0	0	0	0	0	0	0	0	0	0	0	0	0	0	0	0	0	0	0	0	0	0	0	0	0	0	0	0	0	0	0	0	0	0	0	0	0	0	0	0	0	0	0	0	0	0	0	0	0	0	0	0	0	0	0	0	0	0	0	0	0	0	0	0	0	0	0	0	0	0	0	0	0	0	0	0	0	0	0	0	0	0	0	0	0	0	0	0	0	0	0	0	0	0	0	0	0	0	0	0	0	0	0	0	0	0	0	0	0	0	0	0	0	0	0	0	0	0	0	0	0	0	0	0	0	0	0	0	0	0	0	0	0	0	0	0	0	0	0	0	0	0	0	0	0	0	0	0	0	0	0	0	0	0	0	0	0	0	0	0	0	0	0	0	0	0	0	0	0	0	0	0	0	0	0	0	0	0	0	0	0	0	0	0	0	0	0	0	0	0	0	0	0	0	0	0	0	0	0	0	0	0	0	0	0	0	0	0	0	0	0	0	0	0	0	0	0	0	0	0	0	0	0	0	0	0	0	0	0	0	0	0	0	0	0	0	0	0	0	0	0	0	0	0	0	0	0	0	0	0	0	0	0	0	0	0	0	0	0	0	0	0	0	0	0	0	0	0	0	0	0	0	0	0	0	0	0	0	0	0	0	0	0	0	0	0	0	0	0	0	0	0	0	0	0	0	0	0	0	0	0	0	0	0	0	0
0	0	0	0	0	0	0	0	0	0	0	0	0	0	0	0	0	0	0	0	0	0	0	0	0	0	0	0	0	0	0	0	0	0	0	0	0	0	0	0	0	0	0	0	0	0	0	0	0	0	0	0	0	0	0	0	0	0	0	0	0	0	0	0	0	0	0	0	0	0	0	0	0	0	0	0	0	0	0	0	0	0	0	0	0	0	0	0	0	0	0	0	0	0	0	0	0	0	0	0	0	0	0	0	0	0	0	0	0	0	0	0	0	0	0	0	0	0	0	0	0	0	0	0	0	0	0	0	0	0	0	0	0	0	0	0	0	0	0	0	0	0	0	0	0	0	0	0	0	0	0	0	0	0	0	0	0	0	0	0	0	0	0	0	0	0	0	0	0	0	0	0	0	0	0	0	0	0	0	0	0	0	0	0	0	0	0	0	0	0	0	0	0	0	0	0	0	0	0	0	0	0	0	0	0	0	0	0	0	0	0	0	0	0	0	0	0	0	0	0	0	0	0	0	0	0	0	0	0	0	0	0	0	0	0	0	0	0	0	0	0	0	0	0	0	0	0	0	0	0	0	0	0	0	0	0	0	0	0	0	0	0	0	0	0	0	0	0	0	0	0	0	0	0	0	0	0	0	0	0	0	0	0	0	0	0	0	0	0	0	0	0	0	0	0	0	0	0	0	0	0	0	0	0	0	0	0	0	0	0	0	0	0	0	0	0	0	0	0	0	0	0	0	0	0	0	0	0	0	0	0	0	0	0	0	0	0	0	0	0	0	0	0	0	0	0	0	0	0	0	0	0	0	0	0	0	0	0	0	0	0	0	0	0	0	0	0	0	0	0	0	0	0	0	0	0	0	0	0	0	0	0	0	0	0	0	0	0	0	0	0	0	0	0	0	0	0	0	0	0	0	0	0	0	0	0	0	0	0	0	0	0	0	0	0	0	0	0	0	0	0	0	0	0	0	0	0	0	0	0	0	0	0	0	0	0	0	0	0	0	0	0	0	0	0	0	0	0	0	0	0	0	0	0	0	0	0	0	0	0	0	0	0	0	0	0	0	0	0	0	0	0	0	0	0	0	0	0	0	0	0	0	0	0	0	0	0	0	0
0	0	0	0	0	0	0	0	0	0	0	0	0	0	0	0	0	0	0	0	0	0	0	0	0	0	0	0	0	0	0	0	0	0	0	0	0	0	0	0	0	0	0	0	0	0	0	0	0	0	0	0	0	0	0	0	0	0	0	0	0	0	0	0	0	0	0	0	0	0	0	0	0	0	0	0	0	0	0	0	0	0	0	0	0	0	0	0	0	0	0	0	0	0	0	0	0	0	0	0	0	0	0	0	0	0	0	0	0	0	0	0	0	0	0	0	0	0	0	0	0	0	0	0	0	0	0	0	0	0	0	0	0	0	0	0	0	0	0	0	0	0	0	0	0	0	0	0	0	0	0	0	0	0	0	0	0	0	0	0	0	0	0	0	0	0	0	0	0	0	0	0	0	0	0	0	0	0	0	0	0	0	0	0	0	0	0	0	0	0	0	0	0	0	0	0	0	0	0	0	0	0	0	0	0	0	0	0	0	0	0	0	0	0	0	0	0	0	0	0	0	0	0	0	0	0	0	0	0	0	0	0	0	0	0	0	0	0	0	0	0	0	0	0	0	0	0	0	0	0	0	0	0	0	0	0	0	0	0	0	0	0	0	0	0	0	0	0	0	0	0	0	0	0	0	0	0	0	0	0	0	0	0	0	0	0	0	0	0	0	0	0	0	0	0	0	0	0	0	0	0	0	0	0	0	0	0	0	0	0	0	0	0	0	0	0	0	0	0	0	0	0	0	0	0	0	0	0	0	0	0	0	0	0	0	0	0	0	0	0	0	0	0	0	0	0	0	0	0	0	0	0	0	0	0	0	0	0	0	0	0	0	0	0	0	0	0	0	0	0	0	0	0	0	0	0	0	0	0	0	0	0	0	0	0	0	0	0	0	0	0	0	0	0	0	0	0	0	0	0	0	0	0	0	0	0	0	0	0	0	0	0	0	0	0	0	0	0	0	0	0	0	0	0	0	0	0	0	0	0	0	0	0	0	0	0	0	0	0	0	0	0	0	0	0	0	0	0	0	0	0	0	0	0	0	0	0	0	0	0	0	0	0	0	0	0	0	0	0	0	0	0	0	0	0	0	0	0	0	0	0	0	0	0	0	0	0	0	0
0	0	0	0	0	0	0	0	85	7	7	4	2	3	0	1	2	1	2	5	11	6	8	2	4	1	1	1	1	2	1	2	1	2	1	0	1	0	2	0	3	2	1	2	3	0	2	1	1	1	2	1	0	1	0	0	3	0	1	0	0	0	0	0	0	0	2	1	0	1	0	0	2	0	0	0	1	1	0	0	0	0	0	0	0	0	0	0	1	0	0	1	1	0	0	0	0	0	0	0	0	0	0	0	0	0	0	1	0	0	1	1	0	0	0	1	0	0	0	0	0	2	1	1	0	0	1	0	3	1	1	0	2	4	1	2	1	0	1	2	1	0	0	0	1	0	0	0	1	1	0	3	0	0	0	1	0	2	0	0	0	1	0	0	2	0	2	0	0	0	0	0	0	0	1	3	1	0	0	1	2	1	0	1	0	3	0	0	0	0	0	0	0	0	0	1	0	0	0	0	1	0	0	0	0	0	0	0	0	0	1	0	0	0	0	0	1	0	0	0	1	1	1	0	2	0	0	0	0	1	0	0	1	0	0	1	0	0	1	1	0	0	0	1	1	0	0	0	0	0	1	1	0	1	1	0	0	0	0	0	0	0	0	0	0	0	0	0	0	0	0	0	0	0	0	0	0	2	0	0	0	0	1	0	0	0	0	1	0	0	0	1	0	1	0	0	0	0	0	1	1	0	1	2	0	0	0	0	1	0	0	0	2	2	1	0	0	1	0	0	0	0	0	1	0	0	0	0	0	0	5	0	0	0	0	1	0	0	0	0	2	0	0	1	0	1	0	0	0	1	0	0	1	0	0	0	0	1	0	1	1	0	1	0	0	1	0	1	0	0	0	1	0	1	0	1	1	1	0	2	0	2	0	0	0	0	0	0	0	0	0	0	0	0	1	0	0	0	0	1	1	0	0	0	0	1	0	0	0	0	1	0	0	0	0	0	1	3	1	0	0	0	1	0	1	1	0	1	0	0	0	0	0	1	0	0	1	1	0	0	2	0	0	1	0	1	0	2	0	0	1	1	1	0	1	0	1	0	0	0	0	2	1	0	0	1	0	0	0	0	0	1	1	1	0	0	0	0	0	0	1	1	0	0	0	0	0	0	1
0	0	0	0	0	0	0	85	0	22	15	6	3	4	6	1	6	2	2	2	9	10	4	5	5	3	2	5	3	3	3	2	3	1	1	0	2	0	0	2	1	1	1	0	0	2	2	0	1	1	2	0	1	0	0	0	1	0	0	1	0	0	0	0	2	0	0	0	0	1	0	0	0	0	2	0	1	1	0	0	0	1	0	0	0	0	0	0	2	0	0	1	0	0	0	0	0	0	0	0	1	0	0	1	0	0	0	0	0	0	0	0	0	0	1	0	0	0	2	0	0	3	1	0	0	0	0	0	1	0	0	2	2	2	0	1	1	0	1	1	0	0	1	0	1	0	0	0	0	1	6	0	2	1	2	0	1	2	1	0	0	1	0	0	0	3	2	1	0	0	1	1	0	0	1	0	0	0	0	1	1	0	1	0	0	0	1	1	0	2	2	0	0	0	1	0	0	0	0	0	0	0	0	0	0	0	0	1	0	0	0	2	0	0	0	3	1	1	0	1	0	1	0	1	0	0	1	0	0	0	1	0	0	0	0	0	0	1	0	0	0	0	1	0	0	0	0	0	1	0	0	0	1	0	1	0	0	0	0	0	0	0	1	0	0	0	0	0	1	0	0	0	0	0	0	0	1	0	1	1	0	0	0	1	0	0	0	0	0	0	0	0	0	0	0	0	0	1	0	1	0	3	0	1	0	0	0	0	0	2	1	0	2	0	0	1	2	0	2	0	1	1	0	0	1	0	0	1	1	0	1	0	0	0	1	1	2	0	0	0	0	1	0	1	0	1	1	2	0	0	1	0	0	0	1	1	0	0	0	0	0	1	0	0	0	1	0	0	2	1	0	1	5	2	0	0	0	2	0	0	0	0	0	0	0	0	0	1	0	0	0	0	0	0	0	0	1	0	0	0	0	0	0	0	0	1	0	0	1	0	1	0	0	0	0	0	1	1	0	2	2	0	0	0	0	0	0	0	1	0	0	2	0	0	0	1	1	0	1	2	0	0	0	0	0	0	1	1	0	0	0	1	0	2	0	1	0	1	1	0	0	0	1	0	1	2	1	0	0	1	0	1	1	0	1	0	0	1	0	0	3	0	0	0	0	0	0	0	0
0	0	0	0	0	0	0	7	22	0	43	30	6	4	2	8	3	2	2	3	8	16	6	4	3	2	1	2	1	1	3	0	4	0	0	1	0	0	0	0	0	1	4	0	1	1	1	1	1	0	1	1	1	0	0	0	1	0	0	0	0	0	0	0	0	0	0	1	0	0	1	0	1	0	1	1	0	1	1	0	0	0	0	0	1	0	0	0	0	0	1	0	0	0	1	0	0	0	0	0	0	0	0	0	0	0	0	0	1	1	1	0	0	1	0	0	1	0	1	1	0	0	2	0	0	1	0	0	1	1	0	0	2	0	0	2	1	0	0	0	0	0	0	1	1	0	2	1	0	1	1	1	0	3	0	0	0	0	1	1	1	1	1	0	0	0	0	0	2	0	1	1	1	1	4	0	2	1	1	0	0	1	2	2	1	0	0	0	0	0	0	0	0	0	0	1	1	0	0	0	0	0	0	0	0	0	0	0	0	0	1	0	0	1	0	2	1	0	1	0	0	1	2	2	0	0	0	1	0	0	0	0	0	2	0	2	0	0	0	1	2	1	0	0	0	1	0	0	0	0	1	0	0	0	0	0	1	0	0	0	0	0	0	0	0	0	0	0	0	0	0	1	0	0	0	0	0	0	1	0	0	0	0	0	0	0	0	1	1	0	0	0	0	0	0	0	0	1	1	1	0	0	0	1	0	0	0	0	1	1	0	1	1	0	0	0	0	0	0	0	0	2	0	0	0	2	1	0	1	1	1	0	0	1	0	1	0	1	0	0	0	0	1	0	0	0	0	0	0	0	1	1	0	0	1	0	0	0	0	0	0	0	1	2	0	0	1	1	2	0	0	0	0	0	0	0	0	0	1	1	0	0	2	0	0	0	0	0	1	0	1	0	0	1	0	1	1	0	0	1	1	1	0	0	0	0	0	0	0	0	0	0	1	0	0	2	0	1	0	0	1	0	0	0	0	0	1	1	0	1	0	2	0	0	0	0	1	1	0	0	0	0	1	1	0	0	1	0	0	0	0	0	1	1	0	2	2	1	0	1	1	0	0	0	0	1	2	2	0	1	0	0	0	0	0	0	0	0	1	0	2	0	0	0	0	0	1	0	0
0	0	0	0	0	0	0	7	15	43	0	23	4	3	1	1	1	1	3	2	3	5	2	2	3	4	1	1	2	1	1	2	1	1	1	0	0	2	0	1	0	0	3	1	1	0	1	2	3	1	0	0	1	0	0	0	1	1	0	0	0	1	0	1	1	0	0	1	0	0	1	2	0	0	1	0	1	1	0	0	0	0	0	0	0	0	0	0	0	1	0	1	0	0	0	0	0	2	1	0	0	0	0	0	1	0	0	0	1	0	1	2	0	1	0	0	0	0	1	0	1	0	1	0	1	0	0	0	1	0	0	1	0	1	2	0	1	0	0	0	0	0	0	1	1	0	1	0	0	1	1	1	2	2	0	1	0	0	0	1	0	0	1	2	0	0	1	1	0	2	1	1	2	3	3	2	2	1	1	1	0	0	1	1	1	0	0	0	1	0	2	1	1	0	0	0	0	0	0	0	1	0	0	0	0	0	2	1	0	0	0	0	0	0	1	1	0	0	0	0	0	1	1	0	0	0	1	0	0	1	0	0	0	0	1	0	0	0	0	1	0	1	0	0	0	1	2	1	0	0	0	0	0	1	0	1	0	0	0	0	0	0	0	0	0	0	0	0	1	0	0	2	0	0	0	0	0	0	0	0	0	0	0	1	0	0	1	1	0	0	1	0	0	0	1	0	0	1	0	0	0	0	1	1	0	0	0	0	1	1	1	1	0	0	2	2	0	2	1	0	1	0	0	0	0	0	0	0	0	0	1	0	0	0	0	1	1	1	0	0	2	0	1	0	0	0	0	0	0	0	0	0	0	0	0	1	0	0	0	0	1	0	0	1	1	1	0	1	0	0	0	0	0	0	0	1	0	0	1	0	1	0	0	0	0	1	0	0	0	0	0	0	0	1	0	0	0	0	0	2	0	1	0	1	0	0	0	0	0	0	0	0	0	2	1	0	0	0	0	0	1	0	1	1	0	2	0	1	0	1	1	2	0	1	1	0	0	0	0	0	1	0	0	0	1	1	0	2	0	1	0	1	1	1	0	1	0	2	0	0	0	1	0	0	2	2	0	0	0	1	1	2	1	0	0	0	0	0	0	0	0	0	0	0	0	2	1	0	0
0	0	0	0	0	0	0	4	6	30	23	0	20	11	8	6	2	5	5	7	9	11	8	2	2	1	3	4	3	3	3	3	0	3	2	1	2	0	3	2	0	5	1	2	2	0	2	0	2	0	2	0	1	1	1	1	1	0	0	0	1	1	0	0	0	1	2	0	0	2	0	0	0	0	0	0	0	0	0	0	0	0	0	1	0	0	1	2	0	0	1	0	0	0	1	0	0	2	0	1	1	0	0	1	0	0	0	0	1	0	0	0	0	1	0	1	0	0	1	0	0	0	0	0	1	0	0	2	2	1	2	1	2	0	1	1	1	1	1	0	1	0	0	2	0	0	0	1	0	0	0	2	5	0	1	3	1	1	2	0	0	2	3	2	1	1	1	0	3	2	0	2	1	1	4	3	2	1	2	0	3	0	0	1	1	0	0	2	1	0	0	1	0	0	1	0	0	1	1	0	0	0	0	0	0	0	0	0	1	0	0	0	0	1	0	4	0	1	0	0	0	1	0	0	2	1	1	0	0	1	0	0	0	0	2	1	1	1	2	1	0	0	0	1	0	0	0	2	0	0	0	0	0	0	0	1	1	1	0	0	1	0	0	0	0	0	0	1	0	0	0	1	0	0	1	0	0	1	1	0	0	0	0	0	0	0	0	0	1	0	0	0	0	0	2	0	0	0	1	0	2	0	0	0	0	0	0	0	0	0	1	1	1	0	1	0	0	0	1	0	0	1	0	0	0	1	0	1	0	0	1	0	1	1	1	0	0	1	0	0	0	0	1	0	0	0	0	0	1	0	0	0	0	0	0	0	1	0	0	1	0	0	0	0	0	0	1	1	1	0	0	0	0	1	0	1	1	0	1	0	0	0	0	0	0	0	0	0	1	0	0	0	2	0	1	0	0	1	0	0	0	0	0	0	1	1	0	0	0	0	0	0	0	0	2	0	0	2	0	1	0	0	1	1	1	2	1	1	0	0	0	1	0	0	1	0	0	2	0	1	0	1	0	0	1	0	1	0	0	0	0	0	1	1	0	1	1	0	0	0	0	1	2	1	2	0	0	0	0	1	0	0	1	0	0	0	1	0	0	0	0	0	0	0	0	0	0	1	0
0	0	0	0	0	0	0	2	3	6	4	20	0	26	44	46	26	12	11	24	9	13	13	1	3	4	1	7	4	9	5	7	0	1	1	5	0	0	6	3	2	2	5	5	6	4	5	0	2	2	4	1	0	1	0	1	1	1	0	2	0	1	0	0	0	1	1	2	1	0	0	0	0	0	0	1	0	2	0	2	0	0	1	1	1	0	0	0	1	0	1	1	1	1	0	0	0	0	1	0	1	0	1	0	0	0	1	0	0	0	0	1	0	1	0	0	1	0	0	1	0	0	0	0	0	0	2	1	1	0	2	2	0	2	1	1	1	2	0	1	1	0	0	0	2	2	1	1	4	2	0	2	7	3	1	2	4	2	0	0	0	0	2	2	1	0	1	0	1	3	1	2	1	2	5	4	3	0	2	2	1	1	0	2	1	1	0	1	0	0	0	0	0	0	0	0	0	1	0	0	1	1	0	0	0	0	0	0	1	1	0	0	0	2	0	1	0	3	0	1	0	1	0	0	0	0	0	1	3	0	0	0	0	1	2	0	0	0	0	0	0	0	0	0	0	0	0	2	0	1	0	0	0	0	0	0	0	0	0	0	1	0	0	0	1	0	1	0	0	0	0	0	0	0	1	0	0	0	0	0	0	0	1	0	1	0	0	0	0	0	1	0	0	0	0	0	1	0	0	0	0	1	0	1	0	0	1	0	0	1	0	0	0	0	0	0	1	0	0	0	0	0	1	0	0	2	1	0	0	3	1	0	2	0	1	0	0	0	0	2	0	0	0	0	0	0	0	1	0	0	0	0	1	0	0	0	0	0	1	0	0	0	0	0	1	0	0	0	0	0	0	0	0	2	1	0	1	0	0	2	0	0	0	0	0	2	0	1	1	0	0	0	0	0	0	0	0	0	0	1	0	0	0	1	1	1	0	0	0	0	0	1	0	0	0	0	0	0	0	1	1	0	0	1	0	0	0	1	0	0	0	1	0	1	0	1	0	1	0	0	0	0	0	0	0	1	0	0	0	2	0	2	2	0	0	0	1	2	0	0	0	1	2	0	0	0	0	0	0	1	0	1	0	0	1	0	0	0	1	1	0	0	1	0	0	0	0	1	1
0	0	0	0	0	0	0	3	4	4	3	11	26	0	69	31	18	16	35	15	5	12	13	7	12	5	4	20	26	20	23	6	3	2	2	2	3	4	6	7	3	8	12	12	9	4	8	7	12	3	4	2	2	0	0	1	0	2	0	0	1	0	0	1	0	0	0	0	0	2	0	0	1	1	0	0	0	0	0	0	0	3	0	0	2	1	0	0	0	1	0	1	1	0	2	0	1	0	1	1	1	0	0	0	1	1	1	0	0	0	0	0	0	0	2	0	1	1	1	1	1	1	0	1	1	0	2	1	1	2	1	1	0	5	2	1	1	1	2	2	2	0	0	0	0	0	0	0	0	1	2	2	3	6	5	0	5	0	0	1	1	0	0	0	2	0	2	5	2	1	1	0	4	4	3	4	4	0	4	1	1	3	1	0	1	0	0	0	1	1	1	0	0	1	0	2	0	1	0	0	0	1	0	0	0	0	0	0	0	0	0	0	2	0	1	2	0	0	0	1	0	0	0	1	0	0	0	1	0	0	0	0	0	0	0	0	0	0	0	0	0	0	0	0	1	0	0	0	0	0	0	0	1	0	0	0	0	1	0	0	1	0	0	0	1	0	0	0	1	0	0	0	0	0	0	0	0	0	0	0	0	0	0	1	0	1	0	3	1	0	0	0	0	0	0	0	1	1	1	0	1	1	0	1	0	0	0	0	2	2	1	1	0	1	0	1	2	0	0	0	0	0	0	0	0	1	0	1	1	0	0	1	0	1	0	0	0	0	0	0	1	0	0	0	0	0	0	0	0	0	0	0	0	0	2	0	0	0	0	0	1	0	0	0	0	0	0	0	2	0	0	0	0	0	1	0	2	1	0	0	0	0	0	2	0	1	0	0	0	0	0	1	0	0	1	0	0	0	0	0	1	1	1	0	1	1	0	0	1	0	0	0	2	1	0	0	0	0	0	0	0	0	0	1	0	0	0	0	2	1	0	3	1	0	0	0	1	0	0	0	1	1	0	1	1	0	0	0	0	0	1	1	0	1	1	2	2	0	0	0	0	0	0	0	0	0	0	1	0	0	1	0	1	1	0	0	1	2	1	0	0	0	0	0	0	0	0	1	1
0	0	0	0	0	0	0	0	6	2	1	8	44	69	0	61	11	3	18	7	7	7	11	4	4	0	6	9	12	17	16	11	6	2	3	3	2	4	4	3	9	9	12	17	13	14	12	5	6	2	0	3	2	0	0	2	1	0	1	1	1	0	1	1	2	0	1	1	0	0	1	0	1	1	0	0	0	0	2	0	0	0	1	0	0	0	0	0	0	1	0	0	0	2	1	0	0	0	0	0	1	0	1	1	1	0	0	1	0	0	1	0	0	1	0	0	1	0	0	1	0	2	1	0	1	2	0	1	3	1	0	1	0	1	2	2	0	0	0	0	0	0	0	0	1	0	0	0	2	0	1	3	5	6	1	2	3	1	0	0	1	2	2	2	0	1	1	0	0	0	3	2	1	5	3	0	1	2	2	3	3	1	1	1	1	0	0	1	0	0	0	0	0	1	0	0	3	1	0	1	0	0	0	1	0	0	0	0	0	2	0	0	0	1	1	0	0	0	2	0	0	0	1	0	0	0	0	0	1	0	1	0	1	0	1	0	1	0	1	0	0	0	0	1	0	0	1	0	1	0	0	0	1	0	0	1	2	1	0	0	0	0	0	1	0	0	0	0	0	0	0	0	0	0	0	0	0	0	0	0	0	0	1	1	0	1	1	0	0	0	0	0	1	0	0	2	2	0	1	1	0	0	0	0	0	0	0	0	1	2	0	0	0	0	0	0	0	0	0	1	0	0	1	0	0	1	0	0	0	0	1	0	0	0	2	0	0	0	0	0	0	0	0	0	0	0	1	1	0	1	0	0	0	0	0	0	0	0	0	0	0	1	0	1	0	0	1	1	3	0	0	0	0	0	1	0	0	0	0	1	0	0	2	0	0	0	0	1	0	0	0	0	0	1	0	2	1	0	0	0	0	0	0	0	0	0	0	1	0	0	0	0	1	0	0	1	0	0	2	1	0	0	1	0	1	0	1	1	0	0	0	0	0	1	1	0	0	1	0	0	0	0	0	1	0	0	0	0	0	1	0	1	0	0	2	0	0	0	0	0	0	0	0	0	0	1	0	0	1	2	0	0	1	1	0	2	0	0	0	0	1	1	0	0	0	0	0	0	0
0	0	0	0	0	0	0	1	1	8	1	6	46	31	61	0	43	14	18	9	8	5	5	6	3	4	2	5	9	7	13	5	6	4	2	5	2	5	2	5	4	17	26	23	5	11	5	7	4	1	3	2	1	1	0	1	2	2	1	1	1	1	1	0	1	0	0	1	3	1	0	1	0	1	0	0	1	0	0	0	0	0	1	0	0	0	0	2	0	0	0	0	0	0	1	0	2	1	0	1	0	0	0	0	0	1	0	0	0	0	0	0	0	1	0	0	0	1	0	1	1	0	2	0	2	0	0	1	1	1	0	1	0	2	1	0	0	0	1	0	2	0	1	1	0	1	1	0	2	0	0	3	5	3	5	1	1	2	1	0	1	2	3	2	2	2	2	2	2	1	3	6	2	6	8	3	5	1	4	1	0	0	2	0	1	2	2	0	1	0	0	0	1	0	1	1	0	0	1	0	0	0	0	0	0	0	0	2	0	1	0	1	1	1	1	0	0	1	1	1	0	1	0	0	1	0	0	0	2	0	0	1	0	1	0	0	0	0	1	0	0	1	1	0	0	0	0	0	0	1	2	0	0	0	0	0	0	0	0	0	0	0	1	0	0	0	0	0	0	1	0	0	0	0	0	0	0	1	0	0	0	1	0	0	0	1	1	1	0	0	0	0	0	0	0	0	0	1	0	0	1	0	0	0	0	0	1	1	0	1	1	2	1	0	1	0	0	2	1	1	1	2	0	1	1	0	1	1	0	1	1	1	2	0	1	2	0	0	0	0	1	0	0	0	1	1	0	1	0	1	0	0	0	1	0	1	0	0	0	0	0	1	1	1	0	0	0	0	2	1	0	0	0	0	0	0	0	0	0	2	0	2	2	0	1	0	0	0	0	0	1	0	0	0	0	0	1	1	1	1	0	0	0	1	0	0	0	0	0	0	0	0	1	0	1	0	1	0	0	0	0	0	0	1	0	1	0	1	0	0	0	0	0	0	0	0	1	1	0	0	0	1	0	0	0	0	0	1	0	0	0	0	0	0	2	0	0	1	1	0	0	1	0	0	1	1	0	1	1	0	1	0	0	0	0	1	1	0	0	0	2	0	0	0	0	0	0	0	0
0	0	0	0	0	0	0	2	6	3	1	2	26	18	11	43	0	25	12	23	15	1	10	4	5	2	7	7	3	9	2	3	3	5	2	1	2	3	5	2	6	4	21	11	7	12	8	4	11	3	3	2	2	0	0	1	1	2	0	3	0	0	1	1	0	1	2	1	2	0	0	0	0	1	0	0	1	0	0	0	0	0	1	1	2	0	2	0	0	2	0	1	0	0	2	0	1	0	2	1	1	0	0	0	0	0	0	0	0	0	0	0	0	1	2	1	2	1	0	0	0	2	2	1	2	2	1	2	2	0	1	1	1	3	1	0	1	1	1	0	2	1	1	1	0	0	1	1	1	0	2	4	3	19	6	2	4	3	3	2	3	4	1	0	2	2	4	2	3	2	6	7	10	11	11	16	8	7	5	0	1	2	1	1	0	1	1	0	1	0	0	0	0	0	1	0	1	0	0	0	1	0	0	0	0	0	1	0	0	0	0	0	0	4	1	0	0	3	0	1	0	0	0	1	1	0	0	2	0	0	0	1	0	3	0	0	2	0	0	0	2	0	0	0	0	0	0	1	0	1	1	2	0	0	0	0	1	0	0	0	0	0	0	1	1	0	0	1	0	0	0	0	0	0	0	0	0	0	0	0	0	1	0	0	0	0	1	0	1	0	0	0	0	1	0	0	0	0	1	2	0	0	0	0	0	0	1	1	0	2	1	0	0	0	0	2	1	2	2	1	1	1	0	0	0	0	0	1	0	0	1	1	0	1	3	1	1	0	0	0	1	0	0	0	1	0	0	0	0	0	1	0	2	0	0	0	1	0	0	0	2	0	0	1	0	0	1	0	1	0	0	1	1	0	0	0	0	1	0	2	0	1	2	0	0	0	1	0	0	0	0	1	1	0	1	0	0	0	1	0	0	2	0	0	0	1	0	0	1	0	0	0	0	0	1	0	0	0	1	0	0	0	1	0	0	0	0	0	2	2	0	0	0	0	2	0	1	0	0	1	0	0	0	0	0	2	0	0	0	0	2	0	3	0	1	0	1	0	0	0	0	1	1	0	0	0	0	2	0	0	4	0	1	2	0	0	1	0	0	0	0	0	1	0	0	0	0	0	0
0	0	0	0	0	0	0	1	2	2	1	5	12	16	3	14	25	0	109	49	10	8	10	8	5	7	12	7	7	9	8	4	3	1	2	3	2	3	3	3	2	2	4	5	5	11	17	12	28	4	4	4	3	2	0	1	2	3	0	1	2	0	1	1	1	1	1	2	0	1	0	1	0	0	2	0	2	2	0	1	0	0	1	1	1	1	0	0	1	0	2	0	0	1	0	0	1	1	1	0	0	0	0	0	0	0	0	0	0	0	0	4	0	2	0	0	1	0	1	1	0	1	2	1	2	0	0	2	0	4	1	1	1	2	2	1	0	2	4	0	0	2	1	0	4	1	1	0	1	4	1	7	40	22	8	4	3	4	2	0	1	1	1	0	1	0	2	4	3	4	4	6	7	12	4	8	10	6	9	4	2	2	2	4	3	4	3	5	1	0	0	0	0	0	0	0	0	0	0	1	0	0	0	1	0	0	0	1	0	1	0	1	0	4	3	3	1	0	2	1	2	0	0	0	0	1	1	0	0	0	0	1	0	1	1	1	0	0	2	0	1	0	0	2	0	0	0	0	2	1	0	1	0	1	1	0	0	0	0	0	0	0	0	2	0	0	0	0	0	0	0	0	0	0	0	0	0	0	0	0	0	1	1	0	1	0	0	0	0	0	0	1	1	0	3	1	1	1	1	2	0	0	1	0	1	0	0	2	1	0	1	1	0	0	0	2	0	0	1	1	0	0	0	0	0	0	1	0	0	0	0	0	1	0	3	0	0	1	0	1	0	0	0	0	0	0	0	0	0	0	1	0	0	0	2	0	0	0	2	0	1	0	0	0	0	0	1	0	1	1	1	0	0	1	2	0	1	0	1	0	2	0	0	0	1	1	0	0	0	0	0	0	0	0	0	0	0	0	0	0	0	0	0	0	1	0	0	0	0	0	0	2	1	0	1	0	0	3	0	0	1	0	1	2	0	2	1	0	1	1	0	1	1	0	0	2	0	0	0	2	1	0	0	0	0	0	1	1	1	0	0	0	1	2	1	0	0	1	1	0	1	0	0	1	0	2	0	0	0	0	1	1	1	0	0	0	0	0	0	0	0	0	0	1	1	0	2	1	0
0	0	0	0	0	0	0	2	2	2	3	5	11	35	18	18	12	109	0	106	14	18	24	6	14	15	18	16	14	6	7	2	4	0	3	5	2	0	5	0	2	5	6	8	5	14	22	9	22	3	5	2	1	1	1	1	0	3	0	1	0	1	0	2	1	0	1	0	1	2	1	0	1	1	0	0	0	1	1	1	0	0	0	0	0	0	0	2	0	0	0	1	0	0	1	2	0	0	1	0	0	0	1	0	0	1	0	2	0	1	0	0	0	1	1	0	1	0	1	1	0	0	3	1	1	0	1	1	1	2	0	1	2	2	0	2	1	2	0	1	4	0	1	2	2	0	2	1	1	2	3	11	25	10	5	3	2	3	1	0	3	4	2	2	0	5	2	1	2	0	7	3	3	7	8	2	4	6	5	4	2	4	3	2	0	2	0	2	1	0	0	0	0	0	0	0	0	1	0	1	0	1	0	0	1	0	1	0	0	5	0	1	0	2	2	2	0	1	0	1	0	0	1	0	1	0	1	0	1	1	1	0	1	0	0	1	0	1	0	0	0	0	0	0	0	1	0	0	1	0	1	0	0	1	1	0	1	0	1	0	0	0	0	0	1	0	0	0	0	1	0	1	0	0	0	0	0	1	0	0	0	0	1	0	2	0	1	0	1	0	1	0	0	0	1	0	0	0	0	0	3	1	0	0	0	0	2	1	0	0	0	1	0	1	1	0	1	0	2	0	0	0	2	0	1	0	0	0	0	1	2	0	1	0	0	1	0	0	0	1	0	2	1	0	0	1	0	1	0	1	0	0	0	1	0	1	1	0	0	0	0	0	0	0	0	1	0	0	0	1	1	0	1	0	0	0	0	1	1	0	0	0	0	1	0	0	0	1	0	1	0	0	1	0	1	0	0	0	1	0	2	1	1	0	0	0	2	0	0	1	0	0	0	1	0	1	1	0	1	2	1	1	1	0	0	0	0	1	0	0	0	1	0	0	1	0	0	0	1	0	1	0	0	0	1	0	0	1	0	0	2	1	0	1	0	0	1	0	0	0	0	0	0	0	0	0	0	0	0	0	0	0	0	0	0	0	0	0	0	0	0	1	0	0	1	0	0	0	0
0	0	0	0	0	0	0	5	2	3	2	7	24	15	7	9	23	49	106	0	22	17	32	9	18	7	7	13	8	7	3	3	5	3	0	3	2	1	2	4	3	0	10	8	7	8	5	6	6	3	3	1	2	2	1	1	1	1	2	0	2	0	0	1	1	1	0	2	0	2	0	0	3	0	0	2	1	1	1	0	0	0	0	0	1	0	1	1	3	0	0	1	0	3	0	0	1	2	0	2	2	0	0	0	0	0	0	0	0	1	0	0	0	1	1	1	0	1	0	0	0	0	1	1	1	1	0	2	0	3	3	1	3	2	4	2	1	1	1	1	0	2	0	1	1	2	1	1	1	3	2	3	18	11	3	2	2	2	1	1	2	1	0	0	0	4	4	1	3	3	3	2	4	6	5	4	3	2	2	3	2	1	0	1	1	2	3	0	1	1	0	0	0	1	1	0	0	1	1	0	0	0	0	1	0	0	0	0	0	0	0	0	1	2	2	0	1	1	0	3	2	1	0	0	0	0	0	1	0	0	0	0	2	0	0	0	1	2	1	0	0	1	0	1	0	0	0	0	1	1	0	1	0	0	0	0	0	0	1	1	1	0	0	0	0	0	1	0	0	0	0	0	0	0	0	0	0	1	0	1	0	0	0	0	0	0	1	0	0	0	0	0	2	0	0	0	1	0	0	1	0	2	0	0	1	1	0	1	1	0	0	2	1	2	0	0	1	0	1	1	1	0	2	1	1	0	2	0	0	1	0	1	0	1	0	0	0	1	0	0	0	0	0	1	1	0	1	0	0	0	0	0	0	0	1	0	2	1	1	0	0	0	2	0	0	1	0	1	0	0	0	1	0	0	1	0	1	1	0	0	0	0	1	0	0	0	1	0	0	0	1	0	1	0	0	0	1	1	0	1	1	1	0	1	0	0	0	0	0	1	0	0	0	0	1	0	0	0	1	0	1	1	1	1	0	2	1	0	1	1	1	0	0	0	1	0	1	0	0	1	0	1	1	0	0	0	0	0	1	2	2	1	0	0	0	0	1	0	0	0	0	0	0	0	0	1	2	1	0	0	0	1	1	0	1	0	0	1	0	0	0	0	1	0	0	0	0	0	2
0	0	0	0	0	0	0	11	9	8	3	9	9	5	7	8	15	10	14	22	0	97	50	11	20	4	2	6	10	3	1	0	3	0	0	2	1	1	1	2	2	2	5	3	4	2	6	2	2	2	0	0	1	0	1	3	1	1	0	1	1	1	2	1	0	1	1	0	0	0	1	0	1	0	2	0	0	2	0	0	0	2	0	1	1	1	0	1	1	0	1	0	0	1	0	1	1	0	0	0	0	0	0	0	0	0	1	0	0	0	0	3	0	0	2	0	2	0	0	1	1	2	0	2	1	1	0	2	1	1	1	2	2	2	2	1	0	2	1	0	1	0	1	0	0	0	0	2	1	1	0	2	8	3	1	0	1	1	0	2	1	0	2	2	1	2	1	2	3	2	3	1	4	4	2	1	1	3	0	3	2	5	0	2	2	1	0	1	1	2	0	0	0	0	1	0	0	0	0	0	0	0	0	0	1	0	0	0	0	0	0	0	0	0	0	1	0	0	0	0	2	0	2	0	0	0	0	1	0	0	0	1	0	1	0	0	0	0	1	0	1	1	0	0	0	0	0	0	0	0	1	0	0	0	0	0	0	0	0	1	0	0	0	0	1	1	0	0	0	0	0	0	0	0	0	0	0	1	1	1	0	0	0	0	1	0	0	0	0	1	0	0	0	0	0	0	0	2	1	0	0	0	0	0	0	1	0	1	3	1	0	2	3	0	0	3	0	2	1	0	2	1	3	0	0	0	1	2	1	2	0	0	0	0	1	0	0	0	1	1	0	0	1	0	0	0	0	0	0	1	2	0	1	1	0	1	0	1	0	0	0	2	0	0	0	1	0	3	1	1	1	1	2	4	3	2	0	1	1	1	1	0	0	1	0	1	0	0	0	2	0	1	0	0	0	0	1	0	1	1	1	1	0	0	0	0	0	1	1	1	1	0	0	1	0	1	0	0	1	0	0	0	0	0	0	0	0	0	0	0	0	0	0	0	0	0	0	1	0	1	0	0	0	0	0	0	2	1	0	0	0	0	0	0	1	2	1	2	1	0	0	1	0	2	0	0	1	1	1	0	2	0	3	0	1	0	0	0	0	0	0	2	1	0	2	0	0	1	0
0	0	0	0	0	0	0	6	10	16	5	11	13	12	7	5	1	8	18	17	97	0	40	17	13	5	7	8	7	2	3	2	3	2	0	0	0	0	2	2	2	1	5	0	5	2	2	5	2	2	5	3	0	0	2	1	1	0	0	0	0	0	0	1	0	2	0	1	0	1	1	1	0	1	0	0	1	0	0	0	0	0	0	1	0	0	1	0	1	1	0	1	0	1	1	0	0	1	0	1	0	0	0	0	1	2	0	1	0	0	0	0	0	0	0	1	1	2	0	0	1	0	1	0	2	3	1	0	2	0	2	1	1	0	2	1	1	0	4	1	0	2	0	0	1	1	1	1	2	4	5	0	5	4	2	1	0	0	4	0	0	0	1	1	0	1	1	0	2	2	1	5	2	3	4	2	0	1	1	1	2	1	4	0	2	1	1	0	0	2	0	0	0	2	1	2	0	0	0	0	0	0	1	0	0	2	0	0	1	0	1	0	0	0	0	0	2	0	2	3	0	0	1	0	0	0	0	0	0	0	1	0	0	0	0	0	0	0	1	0	0	0	0	1	0	0	0	1	0	1	0	0	0	1	1	0	0	0	0	0	1	0	0	0	0	0	0	0	0	0	1	0	1	0	0	0	0	0	0	0	0	3	1	1	0	0	1	0	0	1	0	0	0	1	0	0	0	0	0	0	0	0	2	2	0	1	0	2	0	1	1	1	0	0	0	0	0	1	1	1	0	1	2	0	0	0	0	1	0	1	0	1	0	1	0	1	0	0	1	0	2	0	0	0	0	0	0	0	0	0	1	1	1	1	0	0	0	0	0	0	0	0	0	0	0	1	0	1	0	0	1	0	0	0	1	1	1	0	0	1	1	0	0	0	2	1	0	0	0	1	0	0	1	0	0	1	0	0	1	0	0	0	0	0	1	0	0	0	0	0	0	0	0	0	0	0	0	2	1	0	1	1	1	0	1	0	0	2	0	0	0	1	0	1	1	0	1	0	0	2	1	0	0	0	0	0	0	0	0	2	1	0	0	3	1	1	1	1	1	0	0	0	0	1	1	1	0	0	3	0	0	2	0	0	1	0	0	0	1	1	0	1	0	0	0	0	0	2	0
0	0	0	0	0	0	0	8	4	6	2	8	13	13	11	5	10	10	24	32	50	40	0	27	47	10	12	10	9	6	3	3	1	0	4	2	1	2	4	4	3	2	5	4	0	2	2	10	8	3	0	1	1	1	3	1	1	1	0	1	0	0	1	0	0	0	2	0	0	0	0	0	2	1	0	1	2	0	0	1	0	0	0	0	3	2	0	0	1	1	0	0	0	1	0	1	0	0	0	1	1	2	0	1	1	1	0	1	0	1	2	3	0	0	0	0	0	2	1	0	1	0	2	3	1	0	1	0	2	2	4	2	2	4	1	1	0	0	0	2	0	1	2	0	3	1	1	1	2	2	3	10	9	6	0	1	3	2	0	0	1	0	1	3	0	0	3	2	3	0	2	2	3	2	2	1	2	6	2	5	4	3	2	0	3	2	0	1	1	0	0	1	0	1	0	0	0	0	0	0	0	0	1	0	1	0	0	0	0	2	0	0	0	1	0	0	0	1	1	2	1	1	1	0	0	0	0	1	0	0	0	0	0	0	0	1	0	1	0	1	1	1	2	1	0	1	0	0	0	1	1	1	0	0	0	2	0	0	0	1	0	0	0	0	0	0	0	0	0	0	0	0	1	1	0	0	1	0	0	0	0	0	0	0	0	0	0	1	0	0	1	1	0	0	2	0	1	0	0	0	0	3	0	1	0	0	0	1	1	0	1	1	1	0	1	1	0	0	0	0	0	2	0	0	0	0	1	0	2	0	0	1	0	0	0	0	1	0	0	0	0	1	0	0	0	1	0	1	0	0	0	0	0	0	0	0	0	0	0	0	0	0	0	0	0	0	0	2	0	0	1	2	3	0	0	0	1	1	0	1	0	0	0	1	0	3	0	1	0	0	0	0	1	0	1	0	0	0	0	0	0	0	1	0	2	0	0	1	2	1	0	1	0	1	1	2	1	0	0	0	2	0	2	0	0	0	1	1	1	1	0	0	0	0	1	0	1	2	0	0	0	0	1	1	0	1	0	1	0	0	1	0	1	2	2	0	1	0	0	1	0	0	0	1	0	0	0	0	0	0	1	1	0	0	0	0	0	0	0	0	0	0	0	0	0	0	0	0	0
0	0	0	0	0	0	0	2	5	4	2	2	1	7	4	6	4	8	6	9	11	17	27	0	27	19	5	11	11	7	4	2	1	2	3	1	0	0	0	2	1	1	1	3	0	1	3	4	3	2	1	1	0	0	3	0	0	1	0	0	1	2	3	1	2	0	2	0	0	1	2	3	1	0	1	1	1	0	1	0	0	0	0	0	1	0	1	0	1	1	1	1	0	2	1	1	0	0	1	1	2	0	1	1	0	0	1	2	0	0	1	0	1	0	1	2	1	1	0	1	0	1	0	3	0	2	0	3	1	5	2	4	2	4	3	1	2	0	0	1	4	1	1	3	1	0	1	2	3	1	3	8	5	2	0	2	1	2	2	0	1	1	0	0	1	0	1	2	3	1	0	2	2	2	0	4	0	4	4	10	0	1	3	1	1	4	0	1	0	0	1	0	2	0	0	2	1	0	1	1	0	0	0	0	0	0	0	1	0	0	0	1	0	1	1	1	1	1	0	1	2	1	0	0	0	0	0	0	1	1	0	0	2	0	0	1	0	1	0	1	0	0	1	0	0	0	1	0	0	1	0	0	0	0	0	0	0	0	0	0	0	0	0	0	1	0	0	0	0	0	0	0	0	0	0	0	1	0	1	2	1	0	0	0	1	0	0	0	0	0	0	0	0	0	0	0	0	0	1	0	1	1	2	1	0	0	1	1	1	1	1	0	1	0	0	0	1	0	0	2	0	1	0	0	0	1	0	0	1	0	1	1	0	1	1	0	0	0	0	1	0	0	0	0	0	0	0	0	0	0	0	0	1	0	1	0	0	0	0	0	1	1	0	0	3	1	1	0	1	0	0	0	1	0	0	1	0	0	1	1	0	1	0	1	1	1	0	0	0	0	2	0	1	0	0	0	0	0	0	2	0	1	0	0	0	2	0	0	2	1	0	0	1	0	0	1	0	0	0	0	0	0	0	0	0	0	1	0	0	0	1	0	1	0	0	0	0	1	0	0	0	0	0	0	0	1	0	0	0	1	1	0	1	1	0	0	0	0	1	0	0	1	0	0	0	2	0	0	2	0	0	1	1	0	1	2	0	1	0	0	0	1	0	0	0	0	1	0	0
0	0	0	0	0	0	0	4	5	3	3	2	3	12	4	3	5	5	14	18	20	13	47	27	0	47	18	6	11	9	4	3	5	3	1	2	0	2	3	1	0	2	1	4	0	3	4	7	8	6	0	0	2	0	2	3	3	0	0	2	0	0	3	4	0	1	3	1	1	1	2	0	2	0	1	0	1	0	0	2	0	0	0	1	0	0	0	0	0	1	0	1	0	1	1	0	0	1	0	0	0	0	0	1	0	0	0	1	1	0	1	0	0	1	1	1	2	1	1	0	0	0	4	0	2	0	1	6	3	2	2	4	2	6	2	3	1	3	1	1	1	1	1	0	1	0	2	2	1	2	4	4	12	5	1	0	0	1	1	2	2	0	3	2	1	1	1	3	2	2	0	1	3	1	1	2	1	3	1	3	3	1	0	3	0	3	2	2	0	1	1	1	1	0	2	1	1	1	0	1	1	0	1	1	0	0	0	0	1	2	2	0	1	0	0	1	1	3	0	0	0	0	0	1	0	0	1	0	1	2	0	0	0	0	0	3	1	1	0	0	0	0	1	0	0	1	0	0	0	1	0	2	0	0	0	0	0	0	3	0	0	1	0	1	0	1	0	1	1	0	0	0	0	0	0	0	0	0	0	0	0	1	0	1	1	1	0	1	1	1	0	0	0	2	0	0	2	0	1	0	0	2	1	0	1	1	0	1	1	1	3	0	2	1	0	0	3	1	2	0	3	0	3	1	0	1	0	1	0	1	0	2	0	2	2	0	0	0	0	0	0	0	1	0	0	0	1	0	1	1	0	0	0	0	0	1	0	0	0	0	1	1	1	0	0	0	1	1	2	1	0	0	0	0	0	0	2	0	0	0	0	0	0	0	0	1	0	0	0	1	0	0	1	0	0	1	0	1	1	2	0	0	0	1	0	0	0	1	1	0	0	0	1	1	0	2	1	0	1	1	0	1	0	1	0	1	1	1	0	0	1	0	0	0	2	0	0	0	1	0	0	0	1	1	0	0	0	0	1	0	0	0	1	0	1	1	0	0	1	0	0	2	0	1	0	1	1	2	0	0	0	0	0	0	0	0	0	1	0	0	0	0	1	0	0	0	2	1	0
0	0	0	0	0	0	0	1	3	2	4	1	4	5	0	4	2	7	15	7	4	5	10	19	47	0	58	11	7	3	4	4	0	5	1	3	1	1	3	1	2	0	1	4	3	4	7	23	17	6	2	0	2	1	0	1	2	1	0	1	2	0	2	2	2	0	2	0	2	0	1	1	0	0	0	3	1	1	1	1	1	1	0	0	2	0	1	0	2	0	1	1	1	0	1	0	0	1	0	2	1	0	0	3	1	1	0	0	0	1	0	3	1	0	1	2	1	1	2	0	1	1	1	0	1	0	2	3	1	4	0	1	6	6	4	2	2	0	0	0	3	0	1	1	1	0	2	1	3	6	7	21	13	2	5	3	4	1	1	0	1	2	2	1	2	4	1	2	1	2	2	2	3	3	1	3	4	3	8	5	6	8	0	4	1	1	0	3	0	1	3	0	2	0	0	2	0	0	0	0	0	0	1	0	1	0	0	0	0	1	0	1	2	2	1	2	4	0	0	0	1	0	1	0	1	0	0	0	1	1	0	3	0	0	1	0	0	0	0	0	0	1	0	0	0	1	0	0	2	2	0	0	0	0	0	0	0	2	0	0	0	0	0	0	0	0	1	0	0	0	0	0	0	0	0	0	0	0	1	0	0	0	1	0	0	1	1	2	1	1	0	1	2	1	0	2	1	3	1	0	0	2	0	1	1	0	0	0	0	2	0	3	1	2	1	0	5	0	0	0	1	0	0	0	1	0	1	1	1	2	0	0	0	1	1	0	0	1	0	0	1	0	0	0	0	0	0	1	0	0	0	0	1	1	0	0	0	0	0	0	0	0	0	1	0	0	0	1	3	0	0	1	1	0	4	0	0	2	1	1	1	1	1	0	0	0	0	0	1	0	1	0	0	1	2	0	1	1	0	0	0	0	0	0	0	0	0	0	1	1	0	1	0	1	1	0	0	0	1	1	1	3	1	0	1	0	2	0	2	0	0	0	0	0	1	1	0	0	0	0	0	0	0	0	0	2	0	1	0	0	0	0	1	0	0	0	0	0	0	0	0	0	0	0	0	0	1	1	0	0	0	0	1	0	0	0	0	0	0	1	0	0	0	1	0	0	1	0	0
0	0	0	0	0	0	0	1	2	1	1	3	1	4	6	2	7	12	18	7	2	7	12	5	18	58	0	35	19	9	7	5	2	7	6	5	6	1	3	1	1	2	3	5	8	7	15	75	21	6	3	3	2	1	2	1	4	4	1	1	1	0	0	2	2	1	2	2	1	4	1	1	2	1	0	1	2	0	0	1	0	1	1	2	0	2	0	0	0	1	0	2	0	2	0	1	0	0	0	1	1	0	1	0	0	1	0	1	2	2	4	0	2	2	3	0	0	1	0	1	2	1	2	0	2	0	3	5	2	3	0	3	4	3	2	1	5	0	0	1	1	1	0	1	0	2	1	1	1	2	4	9	12	3	3	4	5	2	2	2	2	1	0	2	2	3	1	4	0	3	2	1	0	8	4	3	4	6	4	5	1	0	2	3	0	2	3	1	0	1	1	2	1	1	0	0	1	2	0	0	2	0	1	0	1	0	0	0	0	1	0	3	0	3	3	2	2	2	0	0	0	1	2	0	0	0	0	1	3	0	1	0	0	0	1	0	1	0	0	1	0	0	0	1	0	0	1	0	0	0	1	0	0	0	0	0	0	0	0	0	0	0	1	0	0	0	0	0	0	0	1	1	0	0	0	0	0	1	0	0	1	0	1	0	1	1	0	2	1	0	0	0	1	0	0	1	0	1	2	1	1	0	0	1	0	1	3	0	0	0	0	0	1	0	1	1	0	0	1	1	0	0	0	0	0	0	0	1	1	0	0	1	0	1	0	0	2	0	0	0	1	0	1	0	0	0	0	0	0	0	0	0	0	0	0	0	0	1	0	0	0	0	0	0	0	0	1	0	3	0	0	2	0	0	0	0	0	1	0	1	0	0	2	1	0	0	0	0	0	0	0	0	0	1	0	0	1	1	0	0	1	0	1	0	0	1	0	1	2	0	0	0	0	0	1	1	0	1	0	0	0	0	0	0	1	1	0	0	0	0	1	0	0	1	1	1	0	0	0	0	1	0	0	0	0	0	0	0	0	0	0	0	0	0	0	0	0	0	1	0	0	1	0	0	0	0	1	0	0	0	0	1	0	1	1	0	0	0	0	0	0	2	0	1	0	0	0	0	0
0	0	0	0	0	0	0	1	5	2	1	4	7	20	9	5	7	7	16	13	6	8	10	11	6	11	35	0	97	25	12	12	3	7	8	4	1	1	4	3	2	3	7	8	5	7	16	19	12	5	4	3	2	0	1	0	1	0	1	1	1	0	1	1	2	1	0	2	2	3	1	0	2	0	0	0	1	0	0	0	0	0	0	0	4	0	1	0	0	0	1	0	0	0	2	1	0	0	1	0	1	2	1	1	0	0	1	0	1	2	0	1	0	0	0	1	2	0	0	1	3	1	2	1	3	2	0	0	0	2	0	0	1	2	2	3	1	0	2	0	0	3	0	2	3	0	2	0	0	4	2	3	6	6	0	1	2	2	0	1	1	0	0	0	1	2	3	1	2	0	2	2	3	0	1	7	4	1	6	2	2	1	1	1	1	2	2	0	1	0	0	0	1	1	0	2	0	0	0	1	2	0	0	1	2	0	1	0	1	1	0	1	2	2	3	1	2	1	0	0	0	0	0	0	0	0	1	2	0	0	0	0	1	0	0	0	0	0	0	0	0	0	0	0	0	0	0	1	0	0	0	1	0	0	0	0	0	0	0	0	0	1	0	0	0	0	0	0	0	0	2	0	0	0	1	0	0	1	0	1	1	1	0	1	1	0	0	1	0	0	0	0	1	3	0	0	1	0	0	1	2	2	1	0	0	1	2	2	2	0	0	2	1	0	0	0	0	1	2	0	0	0	0	1	0	0	0	0	0	0	1	1	1	0	0	1	0	0	0	0	1	1	0	0	0	0	0	0	2	1	0	1	2	0	0	0	0	0	0	0	0	1	0	0	0	0	1	1	0	0	0	0	0	0	0	1	0	1	0	1	0	0	0	0	0	1	0	1	2	0	1	0	0	1	0	0	0	0	1	0	1	0	1	0	0	2	0	0	2	1	0	0	1	1	0	1	1	0	0	1	1	0	0	0	0	0	0	1	1	0	0	0	0	0	1	0	0	0	0	0	1	0	1	0	1	0	0	0	0	1	0	1	1	2	1	1	0	1	0	0	0	0	0	0	0	0	1	1	0	0	0	0	1	1	0	0	0	0	0	0	0	0	0	0	0	0	0	0	2
0	0	0	0	0	0	0	1	3	1	2	3	4	26	12	9	3	7	14	8	10	7	9	11	11	7	19	97	0	43	31	18	6	13	3	7	2	4	1	0	2	0	16	13	7	4	19	14	9	1	1	3	0	1	2	2	2	0	1	1	2	0	2	3	3	0	1	1	1	1	0	2	0	1	0	0	0	0	1	1	0	0	0	0	2	0	0	1	1	2	0	1	0	1	0	3	0	0	1	1	1	0	0	0	1	0	0	0	1	0	0	1	0	1	0	1	0	0	0	0	0	1	2	2	0	1	0	1	0	2	0	1	0	1	1	2	1	1	1	0	4	1	0	0	1	0	0	2	2	0	7	4	5	4	1	4	0	1	2	0	1	0	1	2	2	1	1	2	1	0	2	0	0	1	3	2	2	1	4	5	4	2	1	1	1	1	1	0	2	0	0	0	1	0	0	1	1	1	0	0	0	0	2	1	0	0	0	0	3	0	1	1	0	0	0	2	0	1	1	0	2	0	0	3	1	0	0	0	1	1	1	0	0	0	0	0	1	0	1	1	0	0	0	1	1	1	0	1	0	0	3	1	0	1	0	0	0	0	0	0	1	0	1	0	0	0	0	0	0	0	0	1	1	0	0	0	0	0	0	0	0	0	0	0	0	0	0	0	0	0	0	0	0	0	0	1	0	1	1	0	0	0	2	0	0	0	0	1	1	0	0	3	0	0	1	2	0	0	0	0	1	0	1	0	0	0	0	0	0	0	0	1	0	1	0	0	1	1	1	1	0	0	0	2	0	0	0	0	1	0	1	0	0	0	1	1	0	0	0	0	0	0	0	0	1	0	0	0	0	0	3	0	0	1	0	0	1	0	1	0	2	1	0	0	0	1	0	0	0	0	0	0	0	0	0	0	0	0	0	0	1	0	0	0	0	0	1	1	0	0	1	0	2	1	0	0	0	1	0	0	0	0	0	0	0	1	0	0	2	0	0	2	1	0	0	0	0	0	0	1	0	0	0	0	0	0	0	1	0	0	0	1	0	0	0	0	1	1	0	1	0	0	1	0	0	0	0	0	1	0	0	0	0	0	0	0	0	0	0	0	0	0	0	1	2	1	0	0	1
0	0	0	0	0	0	0	2	3	1	1	3	9	20	17	7	9	9	6	7	3	2	6	7	9	3	9	25	43	0	90	28	24	10	5	10	6	6	10	3	5	9	23	24	42	13	26	10	9	1	2	1	0	1	0	3	1	1	0	1	1	1	1	2	0	0	0	0	0	1	0	0	1	0	0	0	0	0	0	0	1	0	0	1	0	1	1	0	0	1	1	0	1	1	0	2	0	0	0	0	1	2	0	0	2	0	1	0	0	0	1	1	1	0	0	0	0	1	0	4	0	3	1	0	0	1	0	0	0	0	1	2	2	0	1	2	2	0	0	0	1	0	3	1	1	0	1	0	1	2	3	2	5	4	6	2	1	1	1	2	1	0	2	0	0	2	2	2	2	3	3	2	3	4	3	6	4	2	5	2	1	1	1	0	0	1	1	0	1	0	1	0	0	0	0	0	1	0	0	1	0	2	0	0	1	0	1	1	4	0	1	1	0	0	4	1	0	2	2	1	0	0	0	0	0	0	0	0	0	1	0	0	2	1	0	1	0	2	1	0	0	0	0	1	0	0	0	0	0	0	0	0	0	0	1	0	0	0	0	0	0	0	0	0	0	0	0	0	0	0	0	0	0	0	0	0	1	0	1	0	0	0	1	0	0	2	0	1	0	0	1	0	0	0	0	2	0	0	0	0	1	0	0	0	1	0	0	0	1	1	1	0	1	0	0	1	0	0	0	0	2	0	0	1	0	0	1	0	0	0	0	1	1	0	0	0	0	0	1	1	0	0	0	0	1	0	0	0	0	0	0	0	0	1	0	0	0	0	0	0	3	0	1	0	0	0	0	1	0	0	2	1	0	1	0	0	0	1	0	0	0	0	0	0	0	1	0	0	0	1	0	0	0	0	1	0	0	1	1	0	0	0	0	0	0	0	0	1	0	0	0	1	0	1	1	2	1	0	0	1	0	0	1	0	0	0	0	0	1	0	0	0	0	0	2	0	0	1	0	0	0	0	0	0	0	0	0	0	0	0	0	0	0	0	0	0	0	0	0	0	0	0	0	0	0	0	0	0	0	2	0	1	0	0	0	0	1	0	2	0	0	0	0	1	0	1	0	0	0
0	0	0	0	0	0	0	1	3	3	1	3	5	23	16	13	2	8	7	3	1	3	3	4	4	4	7	12	31	90	0	245	29	13	4	6	3	2	5	8	8	14	19	17	29	5	9	5	7	1	0	2	0	1	2	0	0	0	0	0	2	1	0	1	0	0	1	0	3	0	2	0	2	2	0	1	1	1	3	0	0	0	0	1	0	0	1	0	0	0	0	0	0	1	0	0	0	0	0	0	0	0	1	0	0	1	0	1	0	0	0	0	0	0	1	0	2	0	0	2	0	0	0	0	0	1	2	1	1	1	2	1	1	1	1	1	0	3	0	0	2	1	0	0	2	0	0	0	1	0	2	1	4	2	2	4	1	2	2	1	0	0	0	0	0	1	0	2	1	0	1	2	1	1	1	3	4	0	5	2	0	1	0	1	0	0	0	0	0	0	0	0	0	1	2	1	0	0	2	1	1	0	0	0	1	0	0	0	2	0	0	0	0	0	2	0	1	0	0	0	0	1	0	1	0	0	0	0	1	1	0	0	0	0	0	0	0	0	2	1	0	1	1	1	0	0	0	0	2	0	0	1	0	0	0	0	0	0	0	1	1	0	0	0	0	0	0	0	0	0	0	1	0	2	1	0	0	0	0	0	0	0	0	0	0	0	0	0	0	0	0	0	0	0	1	0	1	1	0	0	1	1	0	0	0	0	0	1	0	2	0	2	2	0	0	1	0	1	0	0	0	0	0	0	0	0	1	2	0	1	1	0	0	0	0	1	0	0	0	1	0	0	0	1	0	0	0	0	0	1	0	0	0	0	0	0	0	1	0	1	0	0	0	1	0	1	0	0	0	0	1	1	1	0	3	1	0	1	0	0	0	1	0	0	0	0	0	0	0	1	0	0	2	0	1	1	0	0	1	0	0	0	0	1	1	0	0	0	0	0	0	2	1	1	0	0	0	0	0	1	0	1	0	0	0	0	0	0	0	1	1	1	0	0	0	0	0	0	0	0	0	1	1	0	0	0	1	1	0	2	0	0	0	0	0	0	0	1	0	0	1	1	0	2	0	2	0	0	0	1	0	0	1	0	1	0	0	0	0	0	0	0	1	0	1	0	0	0	0
0	0	0	0	0	0	0	2	2	0	2	3	7	6	11	5	3	4	2	3	0	2	3	2	3	4	5	12	18	28	245	0	37	15	5	5	6	6	4	3	10	7	7	6	15	8	7	3	3	0	2	3	3	0	0	0	2	0	0	1	1	2	1	2	1	2	1	0	0	0	2	1	0	0	0	2	2	1	0	0	0	0	0	0	0	1	0	1	0	0	2	1	2	0	0	1	0	0	0	0	0	0	1	0	0	0	0	0	0	1	0	0	2	0	0	1	1	0	0	1	1	2	2	1	1	0	1	0	0	0	0	1	0	1	0	2	1	1	1	0	0	1	0	1	0	1	0	1	1	0	0	1	2	5	2	0	2	1	0	1	2	1	2	0	1	1	1	2	1	0	0	0	1	3	5	0	1	2	2	1	1	0	0	1	1	0	0	0	0	0	1	0	0	1	0	1	1	0	0	0	1	0	0	0	0	1	1	0	1	0	0	1	1	1	0	1	0	0	0	0	1	1	0	0	0	1	1	0	0	1	0	0	0	1	0	1	0	0	0	0	0	1	0	1	0	0	0	1	0	1	1	0	0	0	1	0	1	0	0	0	0	1	0	0	0	0	2	0	0	1	1	0	0	0	0	0	0	1	0	1	0	0	2	0	0	0	2	0	0	0	0	0	0	0	0	0	0	0	0	0	0	0	0	0	0	0	0	0	0	0	0	0	0	0	0	0	0	0	1	1	0	0	0	0	0	0	1	0	0	1	0	0	0	2	0	0	0	0	0	0	0	0	0	0	0	0	0	0	0	0	0	1	0	0	0	0	0	0	0	1	0	0	0	0	0	0	0	0	0	0	0	0	0	0	0	1	1	0	1	0	0	0	1	0	0	0	0	2	1	0	0	1	0	0	0	0	0	1	0	0	0	0	0	0	0	1	0	1	0	1	0	0	0	1	0	0	0	0	1	1	0	0	1	0	0	0	0	0	0	0	0	0	0	0	0	0	0	0	0	0	1	0	0	0	1	0	0	0	0	0	1	1	0	0	0	0	1	0	0	0	0	0	2	0	0	0	0	0	0	0	0	0	0	1	0	1	0	0	0	0	1	1	0	0	1	1	0	0	1
0	0	0	0	0	0	0	1	3	4	1	0	0	3	6	6	3	3	4	5	3	3	1	1	5	0	2	3	6	24	29	37	0	35	19	3	4	5	6	2	4	5	6	12	14	0	7	8	2	0	1	0	2	0	2	0	0	0	0	1	2	0	2	1	1	0	1	1	0	0	0	0	0	1	0	1	0	0	2	0	0	0	1	0	0	0	1	0	0	0	0	0	2	1	0	0	1	2	0	0	0	0	0	0	1	0	0	0	1	0	1	0	0	0	0	2	0	0	0	0	1	0	2	0	0	0	0	0	0	1	3	1	0	2	0	2	0	0	0	0	0	0	0	0	1	2	0	1	1	2	1	1	1	0	0	2	1	0	2	0	2	0	0	0	1	1	1	0	0	2	0	1	0	1	2	4	0	0	2	2	0	2	0	0	0	0	0	1	0	1	0	0	1	0	1	0	0	0	0	0	1	0	0	0	0	0	1	1	0	2	0	1	1	1	0	0	1	1	1	0	0	0	0	1	0	0	0	1	0	1	0	0	0	0	0	0	0	0	0	2	0	0	0	0	0	0	0	0	2	0	1	0	0	0	0	0	0	0	0	0	1	0	0	0	0	0	0	1	0	0	0	0	0	0	0	1	0	0	0	0	0	0	1	1	0	0	0	0	0	0	0	0	0	0	1	0	0	0	0	0	1	0	0	0	0	0	0	0	0	1	0	0	1	0	0	0	1	1	0	0	1	0	0	1	0	0	1	0	0	0	0	0	0	0	1	1	0	0	1	0	0	0	0	3	0	0	0	0	0	0	0	0	0	0	0	0	0	0	0	0	0	0	0	0	0	1	0	0	0	0	0	0	0	0	0	0	0	0	0	1	0	0	1	1	0	0	0	0	1	1	0	1	0	0	0	0	1	0	1	0	1	0	0	0	1	0	0	0	0	1	0	1	0	0	1	0	0	0	0	0	0	0	0	0	0	0	1	0	2	0	0	1	0	0	0	0	1	0	0	0	0	0	0	0	0	0	0	0	0	0	0	0	0	0	0	0	0	1	0	1	0	0	0	0	0	0	1	0	0	0	1	0	0	0	0	0	1	0	0	0	0	0	0	0	0	0	0	0	0
0	0	0	0	0	0	0	2	1	0	1	3	1	2	2	4	5	1	0	3	0	2	0	2	3	5	7	7	13	10	13	15	35	0	47	18	4	6	16	1	1	6	6	10	13	6	4	7	8	2	4	2	1	1	2	2	1	3	2	2	1	2	0	2	2	2	0	1	1	3	0	0	1	0	0	0	1	2	0	0	0	0	0	2	0	0	1	1	0	1	1	2	1	0	1	0	3	2	0	0	0	0	0	0	0	0	0	1	1	1	0	1	0	1	0	0	0	0	0	1	1	1	1	0	2	0	1	0	0	0	1	1	0	2	1	1	2	1	1	1	2	2	0	3	1	0	0	2	2	1	0	0	3	3	2	0	2	1	3	0	5	0	0	1	3	0	4	0	0	2	0	1	4	2	2	3	2	3	3	2	1	1	0	0	3	0	0	1	1	3	0	0	0	2	1	1	2	0	0	0	1	1	0	0	0	2	0	0	0	1	1	1	2	0	1	1	3	1	0	2	0	0	1	0	0	1	0	0	1	0	1	0	0	1	1	0	0	0	0	1	0	0	0	0	0	0	2	0	0	0	1	1	0	0	0	0	0	0	1	0	0	0	0	0	0	2	0	1	0	0	0	0	0	0	0	0	0	0	0	0	0	0	0	1	0	0	0	1	0	0	0	1	0	0	0	0	1	0	1	0	0	0	2	0	1	0	0	0	1	0	1	0	0	1	0	0	2	1	0	0	0	0	0	1	0	0	0	0	0	1	1	0	0	0	0	1	0	1	0	2	0	1	1	0	1	0	0	0	0	1	0	0	0	0	0	0	0	0	1	0	0	0	0	0	0	1	0	1	0	0	2	0	0	1	1	1	0	1	0	0	0	0	0	0	0	0	0	1	0	0	0	0	0	0	0	1	0	0	0	0	0	0	0	0	0	0	0	0	1	0	1	0	0	0	0	0	0	0	0	0	0	0	1	0	0	0	0	0	1	0	0	0	0	0	0	1	0	0	0	0	1	0	0	0	0	1	0	0	0	0	0	0	0	1	0	0	0	1	0	0	0	0	0	0	0	0	4	0	0	0	1	0	0	3	0	0	0	0	0	0	0	0	0	0	0	0	0	0	0
0	0	0	0	0	0	0	1	1	0	1	2	1	2	3	2	2	2	3	0	0	0	4	3	1	1	6	8	3	5	4	5	19	47	0	44	17	9	4	5	4	2	3	8	5	9	8	4	2	2	2	1	0	1	1	1	0	1	1	1	3	0	1	2	2	0	2	1	1	1	0	1	1	0	0	1	1	1	1	1	0	1	0	0	1	1	1	1	0	0	1	1	0	3	1	1	3	0	0	0	0	0	0	0	1	0	1	0	1	1	0	0	0	1	2	0	1	2	0	1	0	2	0	2	1	0	0	0	2	0	1	1	0	1	0	0	2	0	1	0	0	1	0	0	1	1	0	2	0	4	0	0	2	5	3	3	1	4	1	2	0	2	1	2	2	2	0	0	0	0	2	0	1	1	2	4	2	3	3	4	1	0	0	2	0	0	1	0	0	0	1	1	1	0	1	1	2	0	0	2	1	1	1	0	1	0	0	0	0	1	0	2	1	1	0	0	0	3	0	0	1	0	0	0	0	0	0	1	1	1	0	0	1	0	0	0	0	0	1	1	0	0	0	0	0	0	1	1	0	2	0	0	0	1	0	0	0	0	0	0	0	0	0	0	1	1	0	0	0	0	0	0	0	0	0	0	0	0	1	0	0	0	0	1	0	0	1	0	1	0	0	2	1	0	1	2	1	0	1	0	0	0	1	0	0	0	0	0	0	1	0	0	0	0	0	1	0	1	0	1	0	0	0	0	0	0	0	0	0	1	0	0	0	0	0	1	2	1	0	0	0	0	1	0	0	1	1	0	0	0	0	1	0	0	0	0	0	0	0	0	2	1	1	0	1	0	0	0	0	0	0	0	0	0	0	0	0	1	0	0	0	0	0	1	1	0	0	1	0	0	1	2	1	0	1	1	0	0	0	0	0	0	0	0	0	0	0	0	0	1	2	0	0	0	0	0	0	2	1	0	0	0	0	0	0	0	1	0	0	0	0	0	0	0	0	0	0	0	0	0	1	0	0	0	0	0	0	0	0	0	0	0	0	0	0	0	0	0	1	0	1	0	0	0	0	0	0	1	0	1	2	0	0	1	0	0	0	0	0	0	0	0	0	0	0	0	0	0	0
0	0	0	0	0	0	0	0	0	1	0	1	5	2	3	5	1	3	5	3	2	0	2	1	2	3	5	4	7	10	6	5	3	18	44	0	34	28	11	9	5	6	4	6	9	10	10	5	6	2	0	1	0	0	0	4	1	1	1	1	0	1	1	0	3	0	0	0	2	0	1	0	0	2	0	1	0	1	2	0	1	0	0	1	1	1	1	0	0	1	0	1	0	2	1	0	0	1	1	1	0	0	0	0	0	0	0	1	0	2	0	0	0	2	1	3	0	0	0	0	0	0	1	0	0	1	0	0	0	0	0	0	0	0	0	0	4	0	1	0	0	0	1	0	2	1	0	1	1	2	0	2	3	3	4	5	2	3	1	1	0	2	2	3	2	0	1	1	1	3	0	3	4	1	5	9	1	1	8	2	2	2	1	2	0	0	0	0	1	1	1	1	0	0	1	1	0	0	1	0	0	1	0	0	0	0	0	1	2	1	0	1	0	2	2	0	2	1	0	1	0	0	0	0	1	0	1	1	0	0	0	1	0	0	0	0	1	1	0	1	0	0	0	0	1	0	0	1	0	0	0	1	0	0	0	0	0	1	1	0	0	0	0	0	0	0	0	0	0	0	0	0	0	0	0	1	1	0	0	0	0	0	0	0	0	0	0	0	0	0	1	2	2	0	0	1	1	0	0	1	0	1	1	1	0	0	0	0	0	0	1	0	0	0	0	1	0	1	1	0	0	0	0	1	0	0	0	0	2	1	0	0	0	0	1	0	2	0	0	1	0	1	0	1	0	0	1	0	0	0	0	0	0	0	2	0	0	0	1	1	0	0	0	0	1	0	0	0	0	0	0	0	0	0	0	0	0	0	1	0	0	1	0	0	0	0	0	0	2	1	0	0	0	0	0	0	0	0	0	0	0	0	0	0	1	1	0	0	0	0	0	0	0	1	0	0	0	0	0	0	0	0	0	0	0	0	0	0	0	0	1	2	0	0	0	0	0	1	1	1	2	1	0	0	0	0	1	0	0	0	0	1	0	0	1	0	0	0	0	0	0	0	1	0	0	0	0	2	0	0	1	0	0	1	0	1	1	0	0	0	0	0	0	0	0	0	1	0	1
0	0	0	0	0	0	0	1	2	0	0	2	0	3	2	2	2	2	2	2	1	0	1	0	0	1	6	1	2	6	3	6	4	4	17	34	0	114	31	10	3	3	11	7	11	7	2	3	2	0	1	2	0	0	0	1	0	1	1	0	1	2	0	0	1	1	0	1	0	0	0	0	0	0	0	1	0	0	1	0	0	0	1	0	0	0	0	1	1	0	1	0	1	0	0	0	1	1	1	1	0	0	0	0	1	0	0	1	0	2	0	0	0	0	0	1	0	0	0	0	0	0	3	0	0	1	1	0	2	0	0	0	1	0	2	1	0	1	1	0	0	0	0	0	1	0	1	2	0	0	0	2	2	4	1	3	4	5	2	4	8	2	5	2	1	2	3	1	0	1	0	0	2	0	3	5	2	2	5	2	1	1	0	0	1	0	2	1	1	1	1	1	0	0	0	0	0	0	0	0	3	0	0	0	0	0	0	3	0	1	1	0	1	0	0	1	1	0	1	0	0	1	0	1	0	0	1	0	1	0	0	1	0	0	0	0	1	0	0	0	0	0	0	0	2	2	1	0	3	0	0	0	0	0	0	0	1	1	0	0	0	0	0	1	0	0	0	0	0	0	0	1	0	0	0	0	0	0	0	0	0	0	1	1	1	0	0	0	0	0	0	0	0	0	0	1	0	1	2	0	1	1	0	1	1	0	0	1	1	1	0	0	0	0	0	0	0	0	0	0	0	0	0	1	1	0	1	0	0	0	0	1	0	0	0	0	0	0	0	0	0	0	0	0	0	0	1	0	0	0	0	1	0	1	1	0	2	1	0	0	1	0	0	0	0	0	0	0	1	0	2	0	0	0	0	1	0	0	0	0	0	1	0	0	1	0	0	0	0	0	0	2	0	0	0	0	1	0	0	0	0	0	1	0	0	0	0	0	1	0	0	0	1	1	0	0	0	0	0	0	0	0	0	0	0	0	0	0	1	0	1	0	0	0	0	0	0	0	0	0	0	0	0	0	0	0	0	0	0	1	0	0	0	0	0	0	0	0	1	0	0	0	0	1	1	0	0	1	0	0	0	0	1	0	0	0	0	0	0	0	1	0	0	0	0	0	0	0	0
0	0	0	0	0	0	0	0	0	0	2	0	0	4	4	5	3	3	0	1	1	0	2	0	2	1	1	1	4	6	2	6	5	6	9	28	114	0	77	24	9	8	8	7	13	3	7	1	3	1	2	0	1	0	0	0	1	1	1	0	0	1	0	1	0	0	0	3	1	0	0	0	0	0	1	0	1	0	0	0	0	0	0	0	0	1	1	1	0	0	0	0	2	0	2	1	0	0	2	1	1	0	0	0	0	0	1	0	0	1	1	0	1	0	1	0	0	0	0	0	0	0	0	0	1	3	0	0	2	0	1	0	0	0	0	0	0	1	0	2	0	0	0	0	2	1	0	0	1	0	0	1	1	4	4	4	6	1	4	2	3	1	1	1	3	1	1	2	5	0	1	0	1	2	3	3	4	3	1	2	1	1	0	0	2	1	0	0	0	0	0	2	0	0	0	0	0	1	0	1	1	0	0	0	0	0	0	0	0	0	0	1	1	0	1	0	1	0	0	0	0	1	0	0	0	0	0	0	0	0	0	1	0	1	1	0	0	1	0	0	0	1	0	0	0	1	0	1	0	0	0	0	1	2	0	0	0	0	0	0	2	0	0	0	0	0	0	1	0	0	0	1	0	0	0	1	1	0	0	0	0	1	0	1	0	0	0	0	1	0	0	1	0	0	0	1	0	0	0	0	0	0	0	0	0	0	0	1	0	1	0	0	0	0	0	0	0	0	0	0	0	0	0	0	0	1	2	0	0	0	0	1	1	1	0	0	1	1	0	0	1	0	0	0	0	0	0	0	0	0	0	1	0	0	0	0	0	0	0	0	0	0	0	0	0	0	1	0	0	0	1	0	1	0	0	0	0	0	0	0	0	0	1	0	0	0	0	0	0	1	0	0	0	0	0	0	0	0	0	0	0	0	0	0	1	0	1	1	0	0	0	0	0	0	0	0	0	0	1	0	0	0	0	0	0	1	0	0	0	0	0	0	0	0	0	0	0	0	0	0	0	0	0	0	0	0	1	0	0	1	1	0	0	0	0	0	1	0	0	0	0	0	0	1	1	0	1	1	0	0	0	0	0	0	0	0	0	0	1	0	1	0	0	0	1	0	0	0	0
0	0	0	0	0	0	0	2	0	0	0	3	6	6	4	2	5	3	5	2	1	2	4	0	3	3	3	4	1	10	5	4	6	16	4	11	31	77	0	35	15	15	19	26	30	24	6	4	7	3	2	4	2	1	1	1	1	0	0	3	1	0	2	1	0	0	1	1	1	0	0	0	0	0	1	2	0	0	0	0	1	0	0	0	1	0	2	1	0	0	1	1	0	0	0	0	0	1	0	0	1	0	0	0	0	0	1	1	1	0	1	0	1	1	0	2	3	0	0	1	0	1	0	1	2	1	0	1	1	2	2	0	0	0	0	0	0	0	1	1	0	0	0	1	0	0	1	1	0	0	0	1	2	5	2	1	6	6	5	3	6	2	3	3	1	0	3	3	1	2	1	5	0	6	7	3	3	1	5	2	2	2	2	2	0	1	0	1	1	0	0	0	1	1	0	1	1	1	1	0	0	0	1	2	0	0	2	0	1	1	0	0	1	0	0	0	0	0	0	0	1	0	1	1	1	0	0	0	1	0	1	0	0	0	0	0	0	0	1	0	0	0	0	0	0	0	0	0	2	0	0	0	0	0	0	0	1	0	0	0	1	0	0	1	1	1	0	1	0	0	0	0	0	0	0	0	0	0	0	0	0	0	0	0	0	0	0	0	0	1	0	2	0	0	0	0	0	0	1	0	0	1	0	2	0	0	0	2	1	1	0	0	0	0	0	1	0	0	0	2	0	1	1	0	0	0	0	0	0	0	1	0	0	0	0	0	0	0	0	0	0	0	0	0	0	0	1	0	0	0	0	1	0	0	1	0	1	0	0	0	1	1	0	0	0	0	0	0	1	0	0	1	0	0	0	1	0	0	0	0	0	0	0	0	0	0	0	0	1	0	0	0	0	0	0	0	0	0	0	1	0	1	2	0	0	0	0	1	0	1	2	0	0	0	0	0	1	0	1	0	0	0	0	0	0	0	0	0	0	0	0	0	1	0	0	1	0	1	1	0	0	0	1	0	0	0	2	0	0	0	0	0	0	1	0	0	0	0	0	0	1	0	1	0	0	0	0	0	0	0	0	0	0	0	0	0	0	0	1	0	0	0	1	2	0	0	0	0	0
0	0	0	0	0	0	0	0	2	0	1	2	3	7	3	5	2	3	0	4	2	2	4	2	1	1	1	3	0	3	8	3	2	1	5	9	10	24	35	0	26	12	16	11	6	5	1	1	1	1	1	1	2	0	0	0	0	0	1	0	0	0	0	1	0	2	1	1	1	2	0	0	0	0	0	0	0	1	0	1	0	0	0	0	1	1	0	0	0	0	0	0	2	0	0	0	0	2	0	1	1	1	0	0	0	1	0	0	0	1	1	1	1	0	0	0	0	0	0	1	0	0	1	0	0	0	0	1	0	1	0	1	2	0	0	1	0	0	0	0	1	0	0	1	0	0	1	0	1	0	1	3	0	1	5	1	5	3	1	2	1	1	1	1	0	2	1	1	1	1	2	7	1	5	4	4	4	3	0	0	0	1	1	1	0	1	0	1	0	0	1	1	0	0	0	1	0	1	1	0	1	0	0	0	0	0	0	2	2	0	0	0	2	0	1	0	2	1	1	0	0	0	1	0	1	0	0	1	1	0	0	1	1	0	0	0	1	1	1	0	0	0	0	0	0	1	0	0	0	0	0	0	1	0	0	0	0	0	1	0	1	0	0	0	0	0	0	0	0	0	0	0	1	0	0	0	1	0	0	0	0	0	0	1	0	0	0	0	1	0	0	1	0	0	0	0	0	1	1	0	0	1	0	0	0	0	0	1	0	0	0	0	0	0	1	1	0	1	0	0	0	0	0	0	0	0	0	0	0	0	0	0	0	1	0	0	0	0	0	0	0	0	2	1	0	0	0	0	0	0	0	0	0	0	0	0	0	0	0	0	0	0	0	1	1	0	1	0	0	1	0	0	0	0	0	0	0	0	0	1	0	1	0	0	0	0	0	0	0	0	0	0	1	0	0	0	0	1	0	0	0	1	0	0	1	0	0	1	0	0	0	0	1	0	0	0	0	0	0	0	0	0	0	0	1	0	0	0	0	0	1	1	1	0	0	0	0	0	0	0	0	0	0	0	0	0	0	1	0	2	0	1	1	1	0	0	1	0	0	0	0	0	0	0	1	0	0	0	0	0	0	0	1	2	0	0	0	0	0	0	0	1	0	1	0	0	0	0	0
0	0	0	0	0	0	0	3	1	0	0	0	2	3	9	4	6	2	2	3	2	2	3	1	0	2	1	2	2	5	8	10	4	1	4	5	3	9	15	26	0	57	22	14	9	7	2	1	3	1	0	0	0	0	2	0	1	1	0	0	0	0	0	0	0	0	0	0	1	0	2	1	0	0	0	0	0	0	0	2	0	0	0	0	0	0	0	0	0	1	0	0	0	0	0	0	0	1	0	1	0	0	0	0	0	0	0	0	0	1	0	0	2	1	0	0	1	0	0	0	2	1	0	1	0	1	1	0	0	1	1	1	0	0	1	1	1	1	0	0	0	1	0	0	0	0	0	0	0	0	1	2	1	0	3	1	3	0	0	1	3	0	0	0	0	1	2	1	0	1	1	1	2	1	2	5	2	0	2	1	1	0	2	0	0	0	1	0	0	0	1	0	1	0	1	4	1	1	0	0	0	0	1	0	1	0	0	0	0	0	1	0	0	0	1	0	2	0	1	1	0	0	0	0	1	0	0	0	0	0	2	1	0	0	0	1	1	0	1	0	0	0	0	1	0	0	0	0	1	1	0	0	1	0	0	0	0	0	1	0	0	0	0	0	0	0	0	0	0	0	0	0	0	1	0	0	0	0	1	0	0	0	1	1	0	0	0	0	0	0	0	0	1	0	0	0	0	1	0	0	0	0	2	0	0	0	1	0	2	0	0	0	0	0	0	0	0	1	0	0	1	0	0	0	0	0	0	0	2	0	0	0	1	0	0	0	0	1	0	0	0	1	1	1	1	1	0	0	0	0	0	0	0	0	2	0	0	0	0	1	1	0	0	0	0	1	1	0	0	0	0	0	0	0	0	0	0	2	0	0	0	0	0	0	0	0	0	0	0	0	0	1	0	1	0	0	0	0	0	0	0	0	0	0	0	0	0	0	0	0	0	0	0	0	0	0	0	0	0	0	0	0	0	0	0	0	0	1	0	1	0	0	0	0	0	0	0	0	0	1	0	0	1	0	0	0	0	1	1	0	2	1	0	0	1	0	0	0	0	0	0	0	0	0	1	0	0	0	0	0	0	0	0	0	0	0	0	0	0	1	0	0	0	0	0	0	0	0	0
0	0	0	0	0	0	0	2	1	1	0	5	2	8	9	17	4	2	5	0	2	1	2	1	2	0	2	3	0	9	14	7	5	6	2	6	3	8	15	12	57	0	24	18	5	5	2	1	2	2	1	1	1	0	1	1	0	1	0	1	3	0	1	0	0	2	0	3	1	0	0	0	0	0	0	0	0	0	0	0	0	0	0	0	1	1	0	0	0	0	0	1	0	0	0	0	0	0	1	0	0	0	0	0	0	0	0	0	0	0	0	0	0	0	0	0	0	0	0	1	0	2	0	0	0	0	0	0	1	1	0	3	0	0	0	0	2	0	0	1	1	2	0	0	0	1	0	0	0	0	0	2	5	4	3	1	1	1	3	0	1	0	0	3	0	0	2	1	0	1	1	4	1	1	1	5	0	3	2	1	1	0	0	1	0	1	1	0	0	1	0	0	1	1	0	0	0	1	1	1	0	0	0	2	0	0	0	0	0	0	1	0	0	0	2	1	1	1	0	0	1	1	0	0	1	0	0	1	0	0	0	0	0	0	0	0	1	0	0	2	0	1	1	0	0	1	0	0	0	0	0	0	0	0	1	0	0	0	0	0	1	1	2	0	0	2	0	0	0	1	0	0	0	0	0	0	0	0	0	0	0	0	0	0	0	0	1	0	0	0	1	0	0	0	0	0	1	2	1	0	0	0	1	0	2	1	0	0	1	0	0	1	0	0	0	0	0	2	0	0	0	0	0	0	0	1	0	0	0	1	0	0	1	1	0	0	0	0	0	0	0	0	1	0	0	0	1	0	1	0	1	0	0	0	0	0	0	0	0	0	0	0	0	0	0	0	0	0	0	0	0	0	0	0	0	0	0	0	1	0	0	0	2	0	1	3	0	0	0	0	1	2	0	0	0	0	0	1	0	0	0	0	0	0	0	0	1	0	0	0	1	1	0	0	1	2	0	0	0	0	0	0	0	0	0	0	0	1	1	1	1	1	1	0	0	0	1	0	0	0	0	0	0	0	0	0	0	0	0	0	0	0	1	0	0	0	0	0	0	0	1	0	0	0	0	1	0	1	0	0	1	0	0	0	0	0	0	1	0	1	0	1	0	0	0	0	1	0	0
0	0	0	0	0	0	0	1	1	4	3	1	5	12	12	26	21	4	6	10	5	5	5	1	1	1	3	7	16	23	19	7	6	6	3	4	11	8	19	16	22	24	0	113	67	26	10	2	4	4	4	1	2	3	0	1	0	1	1	1	2	0	2	0	0	1	1	2	2	0	0	1	0	0	1	1	0	0	0	2	0	0	0	0	0	0	0	0	0	0	1	1	0	0	0	1	1	0	2	1	1	0	0	1	1	0	1	0	0	0	0	1	0	1	2	0	0	0	0	1	0	1	2	1	0	1	0	1	0	1	2	2	1	1	0	0	1	2	1	0	0	0	1	0	0	4	1	0	1	1	0	1	1	8	2	4	2	1	3	1	2	1	3	0	0	2	1	0	3	2	5	4	0	4	9	3	4	5	1	2	1	1	0	2	3	3	0	1	1	2	0	0	0	0	0	3	0	0	0	0	1	0	1	0	0	0	0	1	1	0	2	1	0	1	0	0	0	1	2	0	1	0	0	0	1	0	0	1	0	0	1	0	0	0	0	0	0	0	0	0	0	0	0	0	1	1	0	0	0	0	1	0	1	0	0	0	0	0	0	0	0	0	0	0	0	0	1	0	1	0	0	0	0	0	0	0	0	1	0	0	0	0	0	0	0	2	1	0	0	0	0	1	0	0	1	0	0	0	0	1	1	1	0	0	0	0	0	1	0	1	0	1	0	1	1	0	0	0	0	0	2	0	1	0	1	0	0	0	0	0	0	0	0	0	0	0	0	2	1	0	1	0	0	1	0	1	0	0	0	0	0	0	0	0	0	0	0	0	1	1	0	0	0	0	0	0	0	0	0	0	0	0	0	0	0	0	1	0	0	2	0	0	0	1	1	1	0	0	1	0	1	0	0	0	0	1	1	1	0	0	0	1	0	0	0	1	0	0	0	1	1	2	0	0	1	0	0	0	1	0	0	1	1	0	0	0	0	0	1	0	0	0	0	0	1	2	0	1	0	0	0	1	0	0	0	1	0	0	0	0	1	0	1	0	0	1	0	1	1	0	0	0	0	1	0	0	0	0	0	0	0	1	0	1	2	0	0	0	1	0	1	0	0	0	1	2	0	0	1
0	0	0	0	0	0	0	2	0	0	1	2	5	12	17	23	11	5	8	8	3	0	4	3	4	4	5	8	13	24	17	6	12	10	8	6	7	7	26	11	14	18	113	0	51	60	20	5	13	2	2	2	2	1	2	1	2	0	2	0	0	0	0	2	0	2	0	1	0	0	2	1	0	0	0	0	3	1	0	0	0	0	0	1	1	1	0	0	0	0	0	1	2	0	1	0	0	1	2	0	0	0	0	0	0	1	0	0	0	1	0	0	1	0	1	1	1	0	1	0	0	1	0	1	2	1	0	2	2	2	0	0	0	0	1	0	0	1	0	1	1	0	1	0	1	0	1	0	1	2	2	5	1	5	4	3	7	7	2	3	1	1	3	2	0	2	3	2	4	1	2	1	4	4	5	9	5	2	3	2	4	2	1	0	1	1	4	1	0	0	0	0	1	0	0	1	0	1	1	0	1	1	2	0	1	1	0	0	0	0	0	2	0	1	2	1	0	0	0	0	1	0	1	0	1	0	0	0	0	0	0	0	0	0	2	0	2	2	0	0	2	0	1	0	0	0	0	0	0	0	0	0	0	1	1	0	1	0	0	0	0	0	1	0	1	1	0	0	0	1	0	1	0	0	0	0	0	0	1	0	0	0	0	0	0	0	0	0	1	0	1	0	1	1	0	1	0	0	0	0	0	0	1	0	0	0	0	1	0	0	0	0	1	0	2	1	0	1	0	0	0	0	1	0	0	0	0	1	0	0	1	1	0	1	0	0	1	0	0	0	0	0	0	0	0	1	0	0	0	0	0	1	0	0	0	0	0	0	0	0	0	0	0	0	0	1	1	0	0	0	0	0	0	0	1	1	0	0	0	2	0	0	1	0	0	0	0	0	0	0	0	1	0	0	0	0	0	0	0	1	0	0	0	0	0	0	1	0	0	0	0	0	0	1	0	0	0	0	0	0	0	0	0	0	1	1	1	0	0	0	0	0	0	0	0	0	1	1	1	0	0	1	0	1	0	0	0	0	0	0	0	0	1	1	0	0	0	0	0	2	0	0	0	0	0	2	0	0	0	1	0	0	0	0	0	0	0	0	0	1	0	0	1	0	0	0	0	0	1
0	0	0	0	0	0	0	3	0	1	1	2	6	9	13	5	7	5	5	7	4	5	0	0	0	3	8	5	7	42	29	15	14	13	5	9	11	13	30	6	9	5	67	51	0	23	13	5	3	2	1	2	0	1	3	1	2	0	0	0	0	0	0	0	1	0	2	0	1	0	0	0	1	2	1	1	0	2	1	2	0	0	0	2	1	0	1	0	1	1	1	0	1	1	0	1	0	0	0	2	0	1	1	0	1	0	0	1	2	0	0	0	0	0	0	0	1	0	1	0	1	0	0	0	0	0	1	2	2	2	1	1	2	3	1	0	1	0	0	0	1	0	0	0	1	0	1	2	0	0	2	5	3	5	3	3	1	5	1	3	0	0	1	0	1	0	0	0	1	1	1	3	1	4	3	2	5	2	1	2	1	1	1	0	2	2	1	2	2	0	0	2	1	0	2	0	1	0	0	1	0	0	1	0	1	0	0	0	0	0	1	0	1	0	2	1	0	1	0	1	2	0	0	0	0	0	1	0	1	0	1	2	1	0	0	0	0	2	0	1	0	0	0	0	1	0	2	0	1	1	0	1	0	0	0	0	0	1	1	0	0	0	0	0	0	1	2	0	0	0	0	0	0	0	0	0	0	0	0	0	0	0	0	0	0	0	0	0	0	1	1	0	0	0	0	1	0	0	0	1	1	0	0	0	0	1	0	0	1	0	0	0	0	0	0	1	0	1	0	1	0	1	1	1	1	1	1	0	0	0	0	0	0	0	0	0	0	0	0	1	1	0	0	0	0	0	0	0	0	0	0	1	1	1	2	1	0	0	1	0	0	0	1	0	0	0	0	1	0	0	0	0	0	0	1	2	0	1	0	1	1	0	0	0	0	0	0	0	0	0	1	1	1	1	0	0	0	0	0	1	0	0	0	0	0	0	2	0	0	1	0	0	0	1	1	1	0	0	0	0	0	0	1	0	2	0	0	0	0	0	0	1	0	0	0	0	1	1	0	0	1	1	0	0	0	0	0	0	1	0	0	1	0	1	0	0	1	0	0	0	1	0	1	2	1	0	0	0	0	0	0	0	0	0	0	0	0	0	1	1	0	0	0	1	0	0	0	0	0
0	0	0	0	0	0	0	0	2	1	0	0	4	4	14	11	12	11	14	8	2	2	2	1	3	4	7	7	4	13	5	8	0	6	9	10	7	3	24	5	7	5	26	60	23	0	24	8	16	2	5	3	1	0	1	3	2	2	0	0	1	0	1	1	3	0	1	0	1	1	0	1	1	3	1	2	1	1	0	0	0	0	1	0	0	2	1	0	0	1	0	1	0	0	1	1	0	2	1	1	0	0	0	0	0	0	1	2	0	1	0	0	1	0	0	0	1	0	0	1	0	1	0	0	1	0	1	1	0	3	1	1	0	0	0	1	0	0	1	2	0	0	0	0	2	0	1	1	0	4	3	6	6	9	5	4	8	3	6	3	3	2	2	2	3	2	3	2	0	2	2	3	0	8	8	14	5	3	5	3	0	1	1	1	0	1	2	2	0	1	1	0	0	0	0	1	0	0	0	0	1	1	0	0	0	1	0	0	2	0	0	5	2	1	2	0	2	0	0	0	0	0	0	1	1	0	0	0	0	1	1	1	0	0	0	0	0	0	0	0	0	0	1	1	0	0	2	2	0	0	0	0	0	0	0	0	0	0	0	0	0	0	0	0	0	1	0	0	1	0	1	0	1	1	1	0	1	1	2	0	1	0	0	0	1	1	0	1	0	0	0	0	0	0	0	0	1	0	0	0	0	0	0	1	0	0	0	0	1	1	0	0	1	4	0	0	1	2	1	0	0	0	0	0	0	0	0	0	1	1	0	1	0	0	0	0	1	0	0	0	0	1	0	0	0	0	0	0	1	0	0	0	1	0	0	0	0	0	0	0	1	0	0	0	0	0	1	0	2	0	0	0	0	0	0	0	0	0	0	0	0	1	1	1	0	0	0	0	0	0	0	0	0	0	0	0	1	1	0	1	0	0	1	0	0	0	0	0	1	0	0	0	0	1	0	0	1	0	1	1	0	0	0	0	0	0	0	0	0	0	0	0	0	0	1	0	1	0	0	0	0	0	0	0	0	0	1	1	0	0	0	1	0	0	2	1	0	0	0	0	0	0	0	0	1	1	1	0	0	0	1	2	0	0	0	0	1	0	0	0	0	0	0	0	0	0	0	0	1
0	0	0	0	0	0	0	2	2	1	1	2	5	8	12	5	8	17	22	5	6	2	2	3	4	7	15	16	19	26	9	7	7	4	8	10	2	7	6	1	2	2	10	20	13	24	0	28	54	3	1	2	0	1	3	3	1	0	0	0	2	0	3	1	3	0	0	0	0	3	1	7	0	0	1	0	1	1	2	0	0	0	0	0	1	2	1	0	0	3	0	0	1	1	1	0	2	0	0	0	1	1	1	0	1	1	0	0	1	0	1	1	1	0	1	3	0	0	1	2	0	0	2	1	2	3	0	2	3	1	1	4	0	1	2	0	1	2	1	2	1	0	1	2	2	1	2	1	2	1	7	1	8	15	5	3	1	5	4	0	1	0	2	0	1	2	1	1	4	3	1	4	1	3	5	16	6	1	8	3	1	4	1	0	2	1	1	2	1	1	3	1	0	0	2	0	1	0	0	0	0	0	1	0	1	0	0	0	0	0	1	1	1	2	2	4	2	0	0	1	0	0	0	0	0	0	0	1	1	0	0	1	1	0	0	0	0	0	1	3	0	0	2	0	0	0	1	1	1	0	3	0	1	0	0	1	0	0	0	0	0	0	0	0	0	0	0	0	0	0	0	0	0	1	0	0	0	0	0	0	1	0	0	1	0	0	0	0	1	0	0	0	0	2	0	4	1	0	0	1	0	0	0	0	1	0	0	2	0	0	0	0	1	2	1	0	1	1	1	0	0	0	0	0	0	0	0	0	0	1	0	1	0	0	0	1	0	0	2	0	1	0	2	0	0	0	0	0	1	1	0	0	0	0	0	2	0	0	0	1	0	0	0	0	0	0	0	0	0	0	1	0	0	2	0	0	0	0	0	1	0	0	0	1	0	0	0	0	0	0	0	4	0	0	2	0	0	0	1	0	0	1	0	0	0	0	0	0	0	0	0	0	1	0	0	1	0	0	0	0	0	0	2	0	0	0	0	0	0	0	0	0	0	0	0	0	0	0	1	0	0	0	0	1	0	0	0	0	0	0	0	0	0	0	1	0	0	0	0	0	1	0	1	1	2	0	0	0	0	1	0	0	0	0	0	0	0	0	0	0	1	0	2	0	0	0	0	0	0
0	0	0	0	0	0	0	1	0	1	2	0	0	7	5	7	4	12	9	6	2	5	10	4	7	23	75	19	14	10	5	3	8	7	4	5	3	1	4	1	1	1	2	5	5	8	28	0	84	2	13	5	2	0	0	2	3	0	1	2	0	2	4	1	1	1	3	3	3	4	0	1	0	0	1	1	1	1	1	0	1	1	0	2	0	2	4	0	1	0	0	1	0	0	2	0	2	0	0	0	1	0	1	1	0	1	0	0	0	0	1	1	3	1	2	1	1	1	1	1	2	1	3	1	1	2	1	0	2	1	2	2	4	1	5	1	0	2	1	3	3	2	0	0	1	1	1	1	3	1	4	15	11	10	9	2	2	8	4	1	0	0	2	2	1	1	2	3	2	2	2	2	0	1	3	15	7	3	9	3	3	2	3	2	2	3	1	2	1	1	2	2	0	1	0	1	0	0	1	1	1	0	0	0	0	0	0	0	0	1	1	0	2	3	5	0	2	1	0	0	0	0	2	0	3	0	0	0	0	0	2	0	1	1	0	0	1	1	1	1	0	0	0	0	0	1	1	1	1	3	0	0	0	0	1	1	1	0	0	0	0	0	0	0	0	0	0	0	0	0	0	0	0	1	0	0	0	0	1	0	0	0	0	0	1	0	1	0	1	0	0	0	0	2	0	0	0	1	0	0	0	3	1	0	1	1	0	2	0	2	0	0	1	0	0	1	1	0	1	2	1	0	0	4	0	2	1	1	1	1	0	3	0	0	0	1	0	1	0	1	1	2	0	1	0	0	0	0	0	1	1	0	1	0	0	0	1	0	0	0	2	0	0	1	0	0	0	0	1	1	1	1	1	0	0	1	0	1	0	0	0	0	0	2	0	0	0	0	1	0	0	1	0	1	0	0	0	0	0	0	0	0	0	1	0	0	0	0	1	0	0	2	0	0	0	0	1	0	0	0	1	0	0	0	0	0	1	0	0	0	0	0	0	0	0	0	1	0	0	0	0	0	0	0	0	0	0	0	0	0	0	1	0	1	0	0	1	1	0	0	0	0	0	0	0	0	0	0	1	0	0	0	0	1	0	0	0	0	0	0	1	0	0	0	1	1	1	0	0
0	0	0	0	0	0	0	1	1	1	3	2	2	12	6	4	11	28	22	6	2	2	8	3	8	17	21	12	9	9	7	3	2	8	2	6	2	3	7	1	3	2	4	13	3	16	54	84	0	6	8	4	0	1	3	2	5	1	1	2	0	0	1	1	1	3	1	2	1	1	0	1	3	1	0	1	0	1	0	0	1	0	0	0	0	0	1	0	1	1	0	0	1	0	0	2	0	0	5	1	1	1	1	0	0	0	1	0	0	2	2	0	2	0	1	2	1	1	0	3	0	2	1	0	0	0	0	2	2	3	4	2	0	1	1	1	4	2	4	2	2	0	2	0	0	0	1	1	1	7	10	15	19	36	8	5	5	7	2	3	2	0	0	6	1	3	6	2	1	0	3	3	1	6	8	17	10	6	14	7	5	3	1	2	2	2	4	0	1	1	1	0	0	1	2	0	0	0	0	0	0	2	1	0	0	1	0	1	0	1	1	0	0	2	1	1	0	3	0	3	0	1	1	1	1	1	0	1	1	0	0	0	0	0	1	0	0	1	0	0	0	1	1	0	0	0	2	0	1	1	2	0	1	0	0	0	0	0	1	0	0	0	0	1	1	0	1	0	0	2	0	0	0	1	0	1	0	0	1	0	1	0	2	0	0	0	0	0	1	1	0	1	2	2	0	0	0	1	0	1	1	0	0	2	1	0	1	1	3	0	4	2	2	0	0	2	1	1	0	0	1	1	0	0	1	0	2	0	0	0	0	0	0	0	0	3	0	1	1	0	0	0	1	0	0	0	1	0	1	0	0	0	0	0	2	0	0	0	0	0	1	1	0	0	0	0	0	0	0	1	0	0	2	1	0	0	0	1	0	0	0	0	0	0	0	0	1	0	0	1	0	0	0	1	2	2	0	0	0	0	2	1	0	0	0	1	0	1	0	0	0	1	0	0	1	1	0	0	0	0	0	0	0	1	0	0	1	0	0	0	0	0	0	0	1	2	1	1	0	0	0	0	1	0	0	0	0	0	0	0	0	1	0	3	0	1	0	0	0	0	0	2	0	0	2	0	0	0	0	0	1	1	0	0	0	0	0	0	0	1	0	0	1	0	0	0	1	0	0
0	0	0	0	0	0	0	1	1	0	1	0	2	3	2	1	3	4	3	3	2	2	3	2	6	6	6	5	1	1	1	0	0	2	2	2	0	1	3	1	1	2	4	2	2	2	3	2	6	0	65	14	6	4	5	8	7	0	0	1	2	0	1	3	1	2	1	0	0	0	3	1	2	0	2	0	2	1	1	1	1	0	0	0	1	3	1	2	2	2	2	5	2	2	3	0	3	1	2	1	3	1	0	3	0	3	0	2	2	1	0	2	3	2	0	0	1	0	2	0	1	1	4	0	1	0	1	2	3	1	1	2	1	1	3	1	4	5	3	3	4	0	1	2	4	2	0	1	5	3	7	4	9	17	7	4	3	6	3	3	1	1	4	2	12	5	28	16	19	5	5	6	8	5	7	11	64	28	12	23	29	20	9	9	6	5	7	5	4	4	1	3	1	1	3	1	0	1	0	1	1	0	3	2	0	3	0	1	0	0	0	0	0	0	6	5	4	0	5	4	1	1	2	1	2	0	0	2	0	0	2	3	1	1	0	0	0	1	3	2	0	0	0	2	2	2	0	2	0	0	0	0	0	0	0	0	1	0	0	1	0	0	0	2	1	0	0	0	0	1	1	1	1	0	1	2	0	0	0	1	1	0	0	1	0	2	0	0	1	0	0	0	0	3	1	2	3	1	2	2	1	0	1	0	1	1	3	2	1	2	1	1	2	0	2	1	1	2	0	1	1	0	0	0	1	1	0	1	0	0	1	0	1	1	1	0	0	0	0	1	0	1	0	0	0	0	0	1	1	0	0	1	1	1	0	0	1	1	0	2	1	0	0	1	0	2	1	2	0	0	0	1	0	0	1	0	0	4	1	0	0	1	3	0	1	0	1	0	1	0	0	1	0	0	1	1	0	0	2	0	0	0	0	1	1	1	0	0	0	1	0	0	1	0	0	2	0	1	0	0	0	1	1	1	0	0	0	0	0	1	0	1	0	0	0	1	0	1	1	1	1	0	0	0	1	0	0	1	0	1	0	1	1	1	0	1	1	0	0	0	0	1	0	0	0	1	0	1	2	0	0	2	0	0	0	0	1	0	0	1	0	0	0	1	2	1	0	0	1
0	0	0	0	0	0	0	2	2	1	0	2	4	4	0	3	3	4	5	3	0	5	0	1	0	2	3	4	1	2	0	2	1	4	2	0	1	2	2	1	0	1	4	2	1	5	1	13	8	65	0	29	5	6	2	5	3	2	2	2	3	3	2	1	1	0	0	3	0	1	1	0	1	0	0	1	1	2	0	2	2	2	0	2	0	2	1	1	1	1	5	2	0	4	1	2	1	0	1	2	2	3	0	0	0	1	2	0	1	2	0	1	0	2	1	1	4	1	1	1	1	5	1	0	0	2	4	3	4	2	2	3	3	5	2	0	3	3	1	2	1	1	0	2	1	2	3	2	3	6	5	7	9	14	21	18	8	8	5	2	4	2	5	6	5	12	23	21	6	7	3	1	7	11	7	29	55	119	54	16	8	9	3	4	4	7	3	3	1	0	1	1	1	1	1	0	3	2	1	1	1	0	2	3	2	1	1	0	0	0	1	1	2	2	2	3	4	2	0	2	0	1	1	3	1	1	1	0	1	1	0	0	0	1	0	1	0	0	2	1	0	2	1	1	0	0	1	1	0	0	0	1	0	0	0	1	0	0	0	0	1	4	0	1	1	0	0	0	2	0	1	0	1	0	0	1	1	0	0	1	0	0	0	1	1	0	1	0	1	0	2	1	0	1	0	0	1	2	3	3	0	1	0	1	2	0	1	3	2	0	0	1	1	1	0	0	0	1	3	1	2	0	0	0	0	0	1	0	1	0	1	1	3	0	1	0	1	0	1	0	1	0	1	0	0	0	1	1	1	0	0	0	0	2	1	0	2	0	1	0	1	0	1	1	0	0	0	0	1	0	1	2	0	0	0	0	0	1	0	1	1	1	0	1	0	0	0	1	1	0	1	1	2	0	2	0	0	0	1	0	0	0	0	0	0	0	0	1	1	0	1	1	0	1	1	1	0	0	0	0	2	0	0	0	0	0	0	0	2	1	1	1	0	0	1	0	0	1	0	0	0	1	0	0	0	0	0	0	1	0	1	1	1	0	0	0	0	0	0	0	0	0	0	0	0	0	0	0	1	0	1	0	0	0	0	1	0	0	0	0	0	0	0	0	1	0	1	1	0
0	0	0	0	0	0	0	1	0	1	0	0	1	2	3	2	2	4	2	1	0	3	1	1	0	0	3	3	3	1	2	3	0	2	1	1	2	0	4	1	0	1	1	2	2	3	2	5	4	14	29	0	19	13	12	12	7	4	3	1	2	5	2	4	4	2	2	2	2	4	4	2	0	1	2	2	3	1	0	3	1	1	2	3	1	0	4	4	3	1	8	5	0	4	6	2	3	2	4	3	3	2	0	1	1	0	1	2	2	2	1	2	5	4	4	1	1	1	0	1	2	0	2	2	0	0	1	3	2	4	3	1	1	3	2	0	1	1	1	1	1	1	2	2	1	4	0	2	2	6	4	3	5	5	7	21	8	10	14	8	6	7	11	15	18	36	18	10	5	5	0	2	5	4	5	9	19	54	16	11	15	11	5	8	5	2	7	7	3	3	0	0	0	2	3	1	1	1	0	3	2	0	1	3	0	0	1	1	1	1	5	2	1	4	4	3	4	1	5	1	1	1	3	5	1	3	2	2	0	0	0	0	0	0	1	0	0	0	0	1	1	0	0	0	2	1	0	2	1	0	2	0	1	0	1	1	0	3	0	0	2	0	1	1	0	0	1	1	1	1	1	0	2	1	0	2	0	3	0	0	1	0	3	1	1	1	1	0	0	1	2	1	4	0	2	0	2	3	1	1	1	3	1	1	1	1	0	2	0	0	0	1	2	2	1	0	1	0	1	2	0	1	0	0	1	1	0	0	1	2	1	2	1	2	1	1	0	0	1	0	0	2	1	0	1	1	0	0	0	0	0	0	0	0	0	0	1	1	0	3	1	1	0	1	0	0	1	0	0	0	0	0	2	1	0	1	1	0	2	0	1	1	0	0	1	1	4	2	0	0	2	0	0	1	1	1	0	0	0	0	0	0	0	0	0	0	1	0	1	1	0	0	0	2	0	0	0	0	0	1	0	0	0	0	0	0	0	0	0	1	0	0	0	0	0	0	1	0	0	0	0	0	0	0	0	0	0	0	0	0	0	0	1	0	0	0	1	0	0	0	0	0	0	0	0	1	0	1	0	0	0	0	0	1	0	0	1	1	0	0	0	0	0	0	0	0	0	1	0
0	0	0	0	0	0	0	0	1	1	1	1	0	2	2	1	2	3	1	2	1	0	1	0	2	2	2	2	0	0	0	3	2	1	0	0	0	1	2	2	0	1	2	2	0	1	0	2	0	6	5	19	0	104	24	10	19	1	2	8	8	6	4	4	4	3	1	1	3	2	2	2	1	5	0	0	3	3	3	3	1	1	1	2	3	9	15	16	5	3	8	7	5	10	9	2	5	3	2	4	3	2	2	1	0	3	1	1	3	4	2	1	1	3	4	2	1	2	1	1	1	1	1	0	0	4	1	2	2	4	2	0	1	1	3	3	1	1	3	1	4	1	2	5	3	7	2	3	6	5	4	2	3	2	0	1	3	3	6	1	1	4	6	10	8	9	6	6	4	1	2	1	3	1	2	0	3	10	3	18	9	10	10	1	4	3	1	8	5	16	4	3	1	0	6	0	3	2	4	0	2	1	2	0	2	0	3	3	1	2	2	2	3	5	8	13	6	9	4	6	2	2	5	3	6	3	1	4	2	2	3	0	1	0	1	1	0	1	1	1	1	0	0	1	0	2	1	2	4	2	1	0	2	0	0	0	1	2	1	2	0	0	0	2	3	0	0	0	0	1	0	0	0	1	0	0	1	1	0	1	0	1	0	1	2	1	0	2	1	1	4	3	0	4	2	4	7	3	2	4	2	0	3	2	2	2	0	4	3	0	1	3	2	1	1	0	3	0	2	1	2	0	0	0	2	0	1	1	1	0	0	0	0	0	1	1	0	0	0	0	0	0	0	1	0	0	0	2	0	0	0	1	1	0	1	1	1	1	1	1	0	1	1	2	0	2	1	1	0	0	0	0	1	0	0	0	1	2	2	2	2	2	1	1	2	0	0	0	0	0	1	1	1	1	1	1	0	1	1	0	1	1	0	1	0	1	1	1	1	1	3	0	1	1	0	2	0	1	0	0	0	1	0	0	0	0	0	0	0	0	0	0	0	0	1	1	0	1	0	0	0	1	0	1	0	0	0	1	0	0	0	0	2	0	0	0	0	0	0	0	0	1	0	1	2	0	0	2	0	0	1	0	0	0	0	1	1	0	2	0	0	0	0	0	0	0	0	0	0
0	0	0	0	0	0	0	1	0	0	0	1	1	0	0	1	0	2	1	2	0	0	1	0	0	1	1	0	1	1	1	0	0	1	1	0	0	0	1	0	0	0	3	1	1	0	1	0	1	4	6	13	104	0	76	29	35	6	5	8	6	6	14	4	3	0	0	3	0	2	1	5	3	6	1	2	2	0	1	1	1	3	2	3	3	14	15	26	9	2	15	12	7	10	6	8	2	6	11	6	2	2	2	0	3	2	2	2	0	2	0	3	1	5	6	2	1	0	1	2	1	3	0	1	2	1	0	2	1	5	4	0	3	3	0	0	2	4	2	1	1	2	3	0	2	8	4	1	3	3	4	2	1	2	4	1	0	3	3	2	3	1	3	2	6	7	11	3	3	1	0	0	1	2	3	3	3	7	2	7	10	5	6	1	3	4	2	8	6	12	4	1	4	3	7	6	11	4	0	0	3	4	5	1	1	2	0	2	1	3	6	2	6	9	19	9	9	5	1	3	2	4	7	6	2	1	1	2	5	2	3	2	2	0	2	0	2	0	1	1	2	1	1	3	0	2	0	4	2	2	0	1	2	0	0	0	0	0	0	1	0	1	1	0	0	0	1	3	0	0	0	0	1	0	0	0	1	0	1	1	2	1	2	2	4	0	1	2	1	4	3	1	8	2	1	2	6	4	4	1	3	3	1	1	4	2	3	1	1	2	1	1	0	0	1	1	0	0	1	0	1	0	0	0	0	0	1	0	1	1	2	3	1	2	1	0	1	1	1	1	0	0	0	0	0	2	0	0	0	0	0	1	2	3	0	1	2	0	0	0	1	0	0	0	1	0	0	0	0	0	0	0	1	0	0	1	0	0	1	1	0	1	0	3	0	1	0	1	1	0	1	1	2	0	1	1	1	0	2	0	0	0	1	1	2	3	0	1	0	1	0	0	0	1	0	1	0	0	0	0	0	0	1	0	0	0	1	0	0	2	0	0	0	1	0	0	1	0	2	1	1	0	1	0	0	1	0	0	0	1	1	0	1	0	0	0	0	0	0	0	0	0	0	0	2	0	0	0	0	0	1	0	0	1	0	0	0	0	0	1	1	0	0	0	0	1	0	0	0
0	0	0	0	0	0	0	0	0	0	0	1	0	0	0	0	0	0	1	1	1	2	3	3	2	0	2	1	2	0	2	0	2	2	1	0	0	0	1	0	2	1	0	2	3	1	3	0	3	5	2	12	24	76	0	33	48	5	6	6	15	4	4	4	7	1	3	4	1	1	1	3	1	5	2	0	4	2	4	5	1	1	0	2	5	22	31	13	4	5	8	13	9	12	6	4	2	4	3	2	1	1	2	3	2	2	3	6	8	1	6	2	6	7	4	1	2	4	3	1	3	2	0	3	2	2	0	0	2	7	2	2	2	1	1	2	0	3	2	1	3	4	2	0	11	1	3	8	8	4	5	6	4	2	2	4	2	3	2	4	2	0	4	1	5	6	5	2	4	0	0	1	1	4	1	3	7	6	4	7	4	3	4	3	3	3	1	5	0	9	5	4	2	1	4	2	4	2	3	2	6	3	1	1	2	1	1	1	2	5	6	3	7	18	14	13	5	3	1	2	3	2	3	4	2	3	3	0	0	0	3	1	1	0	0	1	0	1	0	1	2	1	0	0	0	1	1	1	2	3	1	1	0	0	1	1	0	1	0	1	2	0	0	0	0	0	0	2	1	0	0	1	1	0	4	0	0	0	0	1	1	0	0	1	0	3	0	1	0	2	1	2	4	9	2	3	9	3	1	0	0	2	0	3	3	4	3	2	4	2	1	0	3	1	3	1	1	2	2	3	0	0	0	1	0	0	1	0	1	2	1	0	0	0	1	0	0	3	1	0	1	0	0	0	4	1	1	0	0	0	0	1	1	1	1	2	2	0	1	2	0	1	0	3	0	1	1	0	0	0	0	1	1	1	0	0	1	1	1	3	0	2	1	1	2	0	0	0	2	0	0	0	1	2	0	1	1	0	0	0	0	0	0	1	0	0	0	0	1	1	0	0	2	0	0	0	0	0	0	0	1	0	1	1	0	0	0	1	0	2	0	0	0	0	0	0	0	0	0	0	1	0	0	0	0	0	0	1	0	0	1	0	1	0	0	1	0	0	0	0	0	0	0	0	0	0	0	1	1	0	0	0	0	2	0	0	0	0	1	0	0	1	0	0	0	0	0	0	0
0	0	0	0	0	0	0	0	0	0	0	1	1	1	2	1	1	1	1	1	3	1	1	0	3	1	1	0	2	3	0	0	0	2	1	4	1	0	1	0	0	1	1	1	1	3	3	2	2	8	5	12	10	29	33	0	1559	7	6	5	8	6	7	10	7	5	6	2	1	1	2	6	4	3	2	3	2	0	3	3	2	2	1	2	2	6	11	7	2	1	2	4	6	2	4	1	3	2	3	1	2	0	1	1	1	0	1	3	1	1	3	0	5	7	10	3	1	0	5	5	3	3	3	3	4	3	2	0	2	2	6	2	4	3	4	3	0	3	3	3	1	2	2	3	3	5	10	7	6	13	13	4	7	2	4	2	0	3	4	2	1	3	2	4	2	5	7	1	0	5	0	1	1	1	2	2	4	6	11	11	5	5	4	4	2	3	1	3	1	7	7	4	3	2	3	9	2	3	2	1	2	2	1	4	2	0	0	0	1	0	1	2	0	10	11	8	8	2	2	1	0	1	3	1	1	1	3	0	1	1	1	1	1	0	1	1	0	2	1	1	1	1	0	0	3	1	1	3	0	1	2	2	0	0	0	1	0	1	0	1	0	0	0	1	1	1	2	0	0	0	0	0	1	1	1	1	0	2	0	1	1	1	1	0	1	1	1	2	1	0	1	5	1	1	2	0	4	1	6	0	3	1	0	4	3	1	2	4	1	4	2	3	1	1	0	2	1	2	3	0	0	0	1	0	2	0	0	0	0	0	1	1	1	0	1	0	0	0	0	0	0	1	1	0	1	0	0	0	0	0	1	0	1	0	1	0	0	1	1	0	2	0	0	1	1	0	1	1	1	0	2	0	0	1	1	0	1	0	3	1	2	0	3	0	1	0	1	0	0	1	2	2	0	2	0	1	0	0	0	1	0	2	0	0	1	0	0	1	0	0	0	1	0	0	0	0	0	0	0	1	0	1	1	0	0	0	0	1	0	0	0	0	0	0	0	0	0	1	0	1	0	0	0	0	0	0	0	1	0	1	0	0	1	0	1	0	0	1	0	0	0	0	0	0	1	0	0	1	0	1	0	0	0	0	0	0	0	0	0	0	0	0	0	0	0	0	0	0	0
0	0	0	0	0	0	0	3	1	1	1	1	1	0	1	2	1	2	0	1	1	1	1	0	3	2	4	1	2	1	0	2	0	1	0	1	0	1	1	0	1	0	0	2	2	2	1	3	5	7	3	7	19	35	48	1559	0	6	5	7	6	4	17	8	1	6	4	3	4	9	2	2	2	0	4	1	4	9	5	0	1	1	3	2	2	7	16	9	3	3	5	4	6	3	2	3	3	1	4	1	2	4	1	0	0	2	1	4	1	2	4	2	5	4	4	1	2	1	0	2	2	4	4	0	2	0	2	1	1	4	3	2	1	6	3	1	2	0	3	4	3	0	2	2	6	8	4	11	6	12	10	4	2	3	2	6	2	0	6	2	2	1	4	4	0	10	4	1	1	1	2	0	2	1	2	3	1	7	6	7	7	7	4	2	6	1	2	3	9	4	7	2	3	1	4	2	5	4	1	2	0	0	2	5	0	0	1	3	2	3	2	6	5	15	19	9	1	3	1	1	1	2	2	2	0	2	1	1	1	2	0	1	1	1	1	1	0	1	0	0	3	0	0	1	1	1	1	1	0	3	1	0	2	0	0	0	3	1	2	1	1	0	0	0	0	1	0	0	0	0	0	1	0	0	0	0	1	0	1	0	0	0	0	2	1	2	0	1	0	0	0	0	1	4	2	2	5	4	2	3	1	2	0	1	2	0	2	5	3	3	0	1	0	1	1	1	1	0	0	0	0	1	0	0	0	0	0	0	1	2	1	1	0	1	2	0	0	0	0	2	1	1	0	0	0	0	1	1	0	0	0	0	0	0	0	0	2	1	4	1	0	1	2	2	1	0	0	0	0	1	0	0	0	0	0	1	0	2	2	0	0	1	0	2	0	0	1	0	1	1	1	0	0	0	0	0	0	2	1	0	1	1	1	1	0	0	1	0	2	2	0	2	0	0	0	0	0	0	0	0	0	0	0	0	0	0	1	4	2	0	0	0	0	1	0	0	0	0	0	0	1	0	0	0	0	0	0	1	0	1	0	0	0	0	0	0	0	1	0	2	0	0	0	0	0	0	0	0	1	0	1	0	0	0	0	0	0	1	0	0	0	1	0	0	0	0	0	0	1
0	0	0	0	0	0	0	0	0	0	1	0	1	2	0	2	2	3	3	1	1	0	1	1	0	1	4	0	0	1	0	0	0	3	1	1	1	1	0	0	1	1	1	0	0	2	0	0	1	0	2	4	1	6	5	7	6	0	21	19	21	47	26	22	14	12	5	4	3	10	7	14	13	6	3	1	4	10	22	3	3	2	2	4	10	9	15	4	3	4	2	3	3	3	3	3	4	0	1	0	1	3	1	0	2	2	1	4	1	3	6	2	7	23	48	9	3	2	4	3	2	6	6	0	8	0	1	5	4	1	3	1	2	1	3	0	0	1	3	2	2	1	0	3	1	5	10	8	9	5	2	3	0	0	1	1	1	2	1	3	1	2	3	1	0	2	1	1	2	0	1	0	2	0	1	2	2	6	4	5	5	4	3	0	1	1	4	0	1	1	6	3	2	3	2	5	5	7	1	0	4	1	1	0	0	1	0	1	0	6	6	5	12	45	27	4	1	2	3	0	0	0	0	1	0	1	1	3	0	1	0	0	0	0	0	0	1	2	0	0	0	0	0	1	1	2	1	2	0	1	2	2	0	1	0	0	0	0	1	0	0	1	0	1	0	0	0	0	0	1	0	0	0	0	0	1	0	0	2	1	2	0	0	1	0	1	0	1	0	2	1	4	2	4	2	3	2	1	3	2	1	1	0	3	0	2	1	3	3	1	0	3	1	0	2	0	3	2	0	2	0	0	0	0	3	0	0	0	0	0	1	0	0	0	0	0	0	0	1	0	0	0	0	0	0	0	1	1	0	1	1	1	1	0	1	0	0	0	1	1	0	1	0	0	1	0	1	1	0	0	0	0	0	0	0	2	0	0	2	1	1	0	0	3	1	0	0	0	0	1	2	0	1	0	0	2	1	0	0	1	0	0	1	0	0	0	0	0	0	1	2	0	1	0	0	1	0	0	0	0	0	0	0	0	0	0	0	0	0	1	0	0	0	0	0	0	0	1	0	0	1	1	0	0	0	0	1	0	0	0	0	1	0	0	0	0	0	0	1	0	0	0	0	0	1	1	1	0	0	0	0	0	0	0	0	0	0	0	0	0	0	0	0	1	0	0	0	0	0
0	0	0	0	0	0	0	1	0	0	0	0	0	0	1	1	0	0	0	2	0	0	0	0	0	0	1	1	1	0	0	0	0	2	1	1	1	1	0	1	0	0	1	2	0	0	0	1	1	0	2	3	2	5	6	6	5	21	0	30	20	47	18	13	3	4	1	1	4	7	8	25	17	7	3	5	10	23	61	11	6	2	2	6	7	7	5	4	0	2	5	0	2	3	1	0	0	2	2	3	1	1	1	1	0	4	1	0	1	4	12	6	17	10	22	3	1	5	3	1	3	5	0	2	2	0	0	3	1	0	3	2	1	2	0	1	4	1	1	2	3	0	2	1	5	6	1	3	2	3	2	1	1	0	0	3	0	0	1	2	2	1	0	0	0	1	2	1	1	0	0	0	0	0	0	0	2	0	0	3	1	0	1	0	2	2	2	0	2	2	6	7	5	2	0	7	5	6	1	4	2	3	4	1	1	0	3	0	2	7	9	2	13	24	6	5	3	2	0	1	1	0	0	0	1	0	0	2	1	0	4	0	3	0	1	0	0	2	1	1	0	0	0	0	1	1	1	1	0	0	4	0	0	0	2	0	0	1	1	0	0	1	0	0	1	0	0	0	0	1	0	0	1	0	0	2	0	1	0	0	2	0	1	2	1	0	1	1	0	1	2	5	2	1	2	1	2	0	2	2	0	1	2	0	1	3	5	3	1	2	1	0	0	0	0	1	1	0	2	1	1	0	2	1	0	0	0	1	0	0	0	1	1	0	0	1	0	1	0	0	0	0	0	0	0	1	0	1	0	2	0	0	1	0	1	1	2	2	1	0	1	1	2	0	0	0	0	0	0	0	0	0	0	0	0	0	0	0	1	0	1	0	0	1	0	1	1	0	2	0	0	0	1	1	0	0	0	0	2	1	0	0	0	1	0	0	0	0	0	0	0	0	0	0	0	0	0	0	0	0	1	0	0	0	1	0	0	0	1	0	0	1	0	0	0	0	1	0	0	0	0	0	0	0	0	2	0	0	1	1	1	0	0	1	0	0	0	0	0	0	0	0	0	0	1	0	1	0	1	0	1	0	0	0	0	1	0	0	0	0	0	0	0	0	0	0	0	0	0
0	0	0	0	0	0	0	0	1	0	0	0	2	0	1	1	3	1	1	0	1	0	1	0	2	1	1	1	1	1	0	1	1	2	1	1	0	0	3	0	0	1	1	0	0	0	0	2	2	1	2	1	8	8	6	5	7	19	30	0	61	14	6	3	10	2	1	1	1	2	4	11	3	2	0	2	1	6	15	7	6	4	2	11	4	4	6	1	2	1	2	5	7	1	1	2	0	3	1	1	1	0	4	3	1	3	2	2	4	4	6	7	2	7	9	1	0	1	1	1	1	0	1	0	0	2	1	0	0	1	0	1	0	1	0	0	1	1	0	0	0	1	0	2	1	1	1	2	5	0	3	1	1	0	0	0	0	4	1	3	1	3	2	0	2	1	2	1	1	2	2	0	2	1	0	1	1	5	0	1	1	3	0	1	2	1	1	1	0	1	2	3	2	1	6	3	5	7	3	3	1	2	5	2	0	1	2	9	11	42	22	15	47	21	2	0	1	1	0	0	0	1	2	3	2	1	2	1	0	1	2	2	1	1	1	0	0	0	0	1	2	1	0	0	1	1	0	0	0	1	2	0	0	0	0	0	1	2	0	0	2	0	0	0	1	1	0	0	0	0	1	1	0	0	0	0	1	0	1	0	0	0	2	0	0	1	1	1	0	1	1	4	2	4	2	1	0	2	2	0	2	3	0	0	2	1	4	1	1	2	0	0	2	0	0	1	1	1	1	0	0	0	0	0	0	0	0	0	0	1	0	0	0	0	1	1	0	1	0	0	0	0	1	0	0	1	0	0	0	0	0	0	1	0	1	0	1	1	1	0	1	0	1	0	0	2	1	0	0	1	0	1	0	0	0	1	0	0	1	0	0	2	1	0	1	0	2	0	0	1	0	1	0	0	1	0	0	0	0	2	0	2	0	0	0	0	3	0	2	1	1	0	0	0	0	0	0	0	0	1	0	0	0	0	0	1	0	0	0	0	0	0	0	1	0	0	0	0	0	1	0	0	0	0	0	0	0	0	0	0	0	0	0	0	0	0	0	0	0	0	1	0	0	0	0	0	0	0	1	0	1	0	1	0	0	0	0	0	0	0	0	0	0	0	0	0	0	0	0
0	0	0	0	0	0	0	0	0	0	0	1	0	1	1	1	0	2	0	2	1	0	0	1	0	2	1	1	2	1	2	1	2	1	3	0	1	0	1	0	0	3	2	0	0	1	2	0	0	2	3	2	8	6	15	8	6	21	20	61	0	34	8	8	7	7	0	3	1	2	5	6	2	7	3	3	9	5	16	9	3	6	7	7	4	5	12	6	1	4	5	8	6	9	1	2	5	3	2	3	2	5	2	1	5	3	4	1	4	6	15	4	5	15	9	2	3	3	3	1	0	1	3	1	1	0	0	1	1	0	0	1	0	1	0	1	1	0	1	2	2	0	2	0	1	4	5	6	1	1	4	2	0	1	2	1	2	0	0	0	2	0	0	5	1	5	2	1	0	1	1	1	0	1	0	0	1	1	0	4	1	2	4	1	2	1	1	1	1	1	7	5	2	3	3	5	3	12	0	4	3	8	3	1	2	2	1	5	7	19	7	6	82	58	12	6	3	2	2	0	0	3	0	1	1	1	0	1	0	2	0	0	1	0	0	2	0	0	0	0	1	0	1	0	3	0	0	4	3	0	3	1	0	1	1	0	2	1	1	0	1	1	2	1	0	0	2	0	1	1	1	0	0	0	0	0	0	0	1	1	0	0	1	0	0	2	1	1	1	1	1	2	1	1	1	3	2	0	3	0	3	1	1	2	2	0	1	0	2	3	0	1	0	1	0	0	2	3	2	0	0	0	0	1	1	0	0	0	1	0	0	1	0	0	0	0	0	0	1	2	2	0	0	0	0	0	0	0	1	0	1	0	0	0	1	1	0	0	0	1	0	1	0	0	1	0	1	0	0	0	0	0	0	0	1	0	0	1	0	0	0	0	0	0	0	1	0	0	1	2	0	1	0	0	1	1	0	1	0	1	0	0	1	0	0	0	0	1	0	0	0	0	0	0	1	1	0	2	2	1	1	0	0	0	0	0	0	0	1	0	0	0	0	0	0	0	0	0	0	0	0	1	0	1	0	1	0	0	0	0	0	0	0	1	0	0	0	0	0	0	0	0	1	1	0	0	0	0	1	0	0	0	1	1	0	0	0	0	2	0	0	2	0	0	0	0	0	0	1
0	0	0	0	0	0	0	0	0	0	1	1	1	0	0	1	0	0	1	0	1	0	0	2	0	0	0	0	0	1	1	2	0	2	0	1	2	1	0	0	0	0	0	0	0	0	0	2	0	0	3	5	6	6	4	6	4	47	47	14	34	0	24	29	26	5	3	2	3	4	10	32	12	2	3	1	3	11	17	4	3	3	1	3	1	4	2	3	2	0	4	4	4	5	3	2	4	3	0	1	0	2	4	0	3	6	1	0	3	4	7	7	5	10	19	5	2	7	5	6	2	1	2	3	2	0	1	1	0	2	1	0	3	2	0	2	0	1	0	1	1	1	0	3	1	3	1	4	0	2	3	0	1	0	0	1	0	0	4	1	0	1	2	3	2	1	0	2	2	0	0	0	0	1	0	2	2	1	1	3	3	0	2	3	0	0	1	1	1	0	1	0	1	2	2	0	4	4	3	6	1	1	3	3	2	1	0	5	5	7	5	5	7	14	6	1	3	3	0	2	1	0	0	0	2	1	1	1	0	2	3	1	0	0	0	0	1	1	0	1	0	0	2	0	0	2	1	0	1	0	0	2	0	0	1	0	0	1	0	0	0	0	0	0	1	1	0	0	3	0	0	0	0	0	1	0	0	0	0	1	0	1	0	0	2	0	1	1	2	0	3	1	2	1	2	4	3	1	0	1	0	0	2	1	0	1	2	3	1	1	0	0	1	1	0	1	1	1	0	0	1	0	0	1	1	2	0	0	0	0	0	1	0	0	1	1	0	0	1	0	0	0	0	0	1	0	0	0	0	0	0	0	1	1	2	0	0	0	1	0	1	0	0	1	0	0	0	0	1	0	0	0	0	0	0	0	0	1	1	0	1	2	0	0	1	0	0	0	0	0	0	1	0	1	1	0	2	0	1	0	0	0	0	0	0	1	0	0	0	0	0	0	0	1	0	0	0	1	0	0	0	0	1	0	0	1	0	0	0	0	0	0	0	0	0	0	0	1	0	0	1	0	0	0	0	0	0	1	1	0	0	0	1	0	0	0	0	0	0	0	0	0	0	0	0	1	1	0	0	1	0	0	0	0	0	1	0	0	0	0	0	0	0	0	0	0	0	0	0
0	0	0	0	0	0	0	0	0	0	0	0	0	0	1	1	1	1	0	0	2	0	1	3	3	2	0	1	2	1	0	1	2	0	1	1	0	0	2	0	0	1	2	0	0	1	3	4	1	1	2	2	4	14	4	7	17	26	18	6	8	24	0	170	161	56	6	3	7	13	10	23	11	6	2	2	5	7	9	2	1	2	1	2	1	0	6	1	1	4	2	2	3	1	2	1	0	1	1	0	0	1	1	0	2	1	2	0	1	0	1	5	8	9	20	10	6	7	4	2	3	4	1	3	3	3	0	1	1	1	4	1	2	3	2	2	1	0	3	2	0	2	1	4	4	5	4	13	8	3	6	1	1	0	2	2	0	0	2	1	1	1	1	1	0	2	2	0	1	3	0	1	1	1	1	1	1	0	1	0	4	1	0	2	3	1	0	1	1	1	4	2	0	0	2	3	2	1	0	2	1	2	2	0	2	0	2	1	1	4	3	3	10	11	7	4	4	1	1	1	1	2	0	1	2	0	0	1	0	1	0	2	0	0	1	1	1	3	0	0	0	0	2	0	0	0	0	0	2	0	1	0	0	0	1	1	1	0	1	0	0	0	0	0	0	0	0	0	0	0	1	0	0	0	0	0	0	0	0	1	0	0	1	1	0	1	2	0	0	1	2	1	1	5	0	0	2	0	0	2	1	5	2	2	0	2	2	3	2	1	1	1	2	0	3	1	0	2	0	2	2	0	0	0	0	0	0	1	0	0	1	2	0	0	1	0	1	0	0	0	1	1	0	0	0	0	0	0	0	0	1	0	0	0	0	0	1	1	0	1	1	0	1	0	0	2	0	0	0	0	0	1	1	0	0	1	1	0	0	1	2	0	0	2	0	0	0	0	0	0	0	0	0	0	1	0	0	0	1	1	1	0	0	1	0	1	1	0	0	0	1	0	0	0	0	1	0	1	0	0	0	1	0	0	1	1	0	0	1	0	0	0	1	0	0	1	0	1	1	0	0	0	0	1	2	1	1	0	0	0	0	0	0	0	2	0	0	0	0	2	1	0	0	0	1	0	1	1	0	1	0	0	0	2	0	0	0	0	0	0	0	0	1	1	0	0	0	0	1
0	0	0	0	0	0	0	0	0	0	1	0	0	1	1	0	1	1	2	1	1	1	0	1	4	2	2	1	3	2	1	2	1	2	2	0	0	1	1	1	0	0	0	2	0	1	1	1	1	3	1	4	4	4	4	10	8	22	13	3	8	29	170	0	256	18	5	4	4	5	7	9	4	2	3	1	2	3	10	7	2	1	1	4	2	0	6	3	1	2	4	2	7	1	1	3	0	3	1	0	0	0	1	2	0	0	0	0	2	1	4	5	5	9	10	2	3	3	3	1	3	2	1	3	1	1	2	3	0	2	3	3	1	1	2	2	3	2	1	3	1	1	2	5	2	1	5	5	9	8	8	0	2	1	1	4	0	1	2	1	1	1	1	1	1	4	1	0	4	1	0	1	0	1	1	2	3	5	3	3	2	3	1	3	3	1	2	0	2	2	0	1	1	0	2	3	3	4	0	1	1	4	1	1	0	2	1	1	0	4	2	2	8	10	9	7	2	0	0	0	1	1	0	1	0	1	0	2	1	1	1	1	0	0	0	0	3	2	0	0	1	0	1	4	1	0	0	1	0	3	0	0	1	0	1	0	0	0	0	1	1	1	0	0	1	0	0	0	1	0	0	1	1	0	0	0	0	1	0	0	0	0	0	0	1	1	1	0	1	0	3	1	1	1	0	0	2	2	2	2	4	1	1	1	1	1	1	4	0	1	3	3	2	1	1	1	2	1	1	0	0	0	0	0	1	0	0	1	0	1	0	0	1	2	1	0	1	0	0	0	0	1	0	0	0	0	1	0	0	0	0	0	1	0	0	1	2	0	2	0	0	2	0	0	2	1	1	0	0	1	0	0	0	0	0	0	0	1	2	0	0	0	0	0	0	0	2	0	0	0	1	1	0	0	0	0	0	0	0	2	0	1	0	0	0	0	0	1	0	0	0	0	1	1	1	0	1	0	0	1	0	0	0	0	0	0	0	0	0	0	0	0	0	0	2	1	0	0	1	0	0	2	0	0	0	0	0	0	0	0	0	0	1	0	0	0	0	0	0	0	0	2	0	0	1	0	0	0	0	1	0	2	0	2	0	0	0	0	0	0	0	1	1	0	0	1	0	0	0
0	0	0	0	0	0	0	0	2	0	1	0	0	0	2	1	0	1	1	1	0	0	0	2	0	2	2	2	3	0	0	1	1	2	2	3	1	0	0	0	0	0	0	0	1	3	3	1	1	1	1	4	4	3	7	7	1	14	3	10	7	26	161	256	0	27	7	4	3	6	8	8	9	2	0	3	1	5	9	1	2	4	1	2	5	2	4	0	0	3	1	0	3	2	0	0	1	1	0	0	1	1	0	4	1	2	1	0	0	2	2	0	3	6	9	3	6	2	2	2	2	2	2	1	1	2	1	2	1	2	1	2	2	2	3	0	2	1	1	1	2	1	0	3	10	1	6	11	9	4	3	1	4	1	1	1	3	3	1	3	1	1	2	2	2	3	0	0	0	0	2	0	0	2	0	1	0	4	1	3	3	0	1	0	1	1	1	0	1	3	1	0	1	0	5	3	1	4	2	3	2	2	2	1	1	1	1	1	5	4	2	6	3	14	4	3	2	2	3	0	0	1	0	1	1	0	0	0	1	2	1	0	1	0	1	1	1	1	0	0	0	2	1	0	1	0	0	0	1	1	0	0	0	0	0	0	1	0	2	0	0	0	0	2	0	0	0	0	1	1	0	1	0	1	0	0	1	0	0	0	0	0	1	2	0	0	2	0	0	2	1	2	1	4	1	1	0	0	0	0	0	2	2	0	1	2	0	2	0	0	0	0	1	0	0	0	1	0	1	1	0	2	0	1	0	0	0	0	0	1	1	0	0	0	0	1	1	0	1	1	0	1	0	0	0	1	0	0	0	1	0	0	0	0	0	0	0	0	1	0	2	0	0	0	0	0	0	1	0	0	0	0	0	0	1	1	0	0	0	1	0	1	0	0	0	0	0	1	0	3	0	0	0	1	0	0	2	0	0	0	0	0	0	0	0	0	0	0	0	0	0	0	0	0	1	0	1	0	0	0	0	0	1	1	0	0	0	0	0	0	0	0	0	0	0	0	0	0	0	0	1	0	1	0	0	0	0	0	0	1	0	1	1	0	0	0	0	0	1	0	0	0	0	0	0	0	0	0	0	0	0	0	0	0	0	0	0	0	1	0	0	0	0	0	0	0	0	0	1
0	0	0	0	0	0	0	0	0	0	0	1	1	0	0	0	1	1	0	1	1	2	0	0	1	0	1	1	0	0	0	2	0	2	0	0	1	0	0	2	0	2	1	2	0	0	0	1	3	2	0	2	3	0	1	5	6	12	4	2	7	5	56	18	27	0	27	8	10	68	25	25	11	8	5	4	5	5	7	1	1	1	2	0	1	3	2	0	3	2	4	3	3	2	1	0	3	0	0	2	0	0	0	0	0	0	2	1	0	1	1	1	4	5	11	7	3	6	7	8	3	8	7	3	3	1	5	0	1	0	2	3	4	0	1	0	1	2	1	1	1	3	1	0	2	7	1	16	10	4	5	3	3	0	2	3	2	4	2	0	2	0	1	1	1	1	0	0	1	0	0	0	1	0	2	1	2	1	1	0	4	1	4	3	0	0	1	1	1	0	3	3	3	3	1	2	3	1	1	0	1	0	1	2	0	2	3	4	0	1	1	1	3	5	4	2	1	0	2	0	0	0	3	2	2	1	1	1	1	1	0	1	0	1	0	0	1	1	2	1	0	0	0	1	1	1	0	2	0	1	0	0	1	0	0	0	0	0	0	2	0	0	0	1	0	0	0	0	1	0	0	0	0	0	1	1	1	0	0	0	0	1	1	1	0	0	3	0	0	0	0	1	2	1	2	0	2	3	0	1	1	0	0	0	0	1	0	1	1	2	1	1	1	1	0	0	3	2	2	0	1	1	0	0	0	0	0	0	0	0	1	0	0	1	0	0	0	0	0	0	0	0	0	1	0	1	0	0	1	0	1	0	2	0	1	0	0	1	0	1	0	1	0	1	0	0	0	0	0	1	1	0	2	0	0	0	0	0	1	0	1	0	2	0	1	0	0	1	0	1	0	0	0	0	1	2	1	0	1	0	0	0	1	1	0	0	0	0	0	0	0	0	0	0	0	0	0	0	0	0	0	0	0	0	0	0	0	0	0	0	0	0	0	1	0	0	0	0	0	0	0	0	0	0	0	0	0	0	1	0	0	0	0	0	0	2	0	0	0	0	0	0	0	1	1	1	0	0	0	0	0	1	1	0	0	1	0	0	0	0	0	0	0	1	1	1	0	1	0
0	0	0	0	0	0	0	2	0	0	0	2	1	0	1	0	2	1	1	0	1	0	2	2	3	2	2	0	1	0	1	1	1	0	2	0	0	0	1	1	0	0	1	0	2	1	0	3	1	1	0	2	1	0	3	6	4	5	1	1	0	3	6	5	7	27	0	98	45	105	13	4	4	3	1	3	7	3	2	2	0	1	3	4	0	2	0	1	2	0	0	0	2	2	0	0	1	0	0	1	0	1	1	0	1	3	2	1	1	5	2	3	7	3	4	11	6	6	9	11	6	14	14	9	6	4	4	3	4	1	3	5	7	3	3	2	3	6	1	0	2	1	4	3	3	3	5	25	16	6	7	1	5	0	0	2	0	2	2	1	0	1	1	2	0	2	3	1	0	1	0	0	1	0	1	1	2	3	3	3	3	1	0	2	2	1	4	0	1	0	2	4	2	0	0	1	1	3	0	4	0	1	1	1	0	0	0	0	2	2	2	2	4	2	7	2	3	1	2	2	0	0	1	0	1	0	0	0	0	2	1	0	0	0	1	0	0	1	0	0	0	3	1	1	1	1	1	2	3	0	1	0	0	0	0	1	1	1	1	1	0	1	0	0	0	0	0	0	0	0	0	0	0	0	1	0	0	0	0	0	0	0	0	1	1	1	3	0	0	0	0	1	1	1	2	3	0	0	0	0	1	1	0	1	3	3	1	2	6	2	1	5	0	1	0	0	1	2	1	0	1	1	0	0	0	0	0	1	0	0	0	1	0	0	0	0	0	0	0	0	0	0	0	0	2	0	0	1	0	1	1	0	3	1	0	2	2	0	0	1	1	0	0	0	1	0	1	1	1	1	0	0	0	0	2	0	1	0	1	0	0	1	0	0	0	1	0	0	1	0	0	1	0	0	1	0	2	0	0	0	0	0	0	0	0	1	0	0	0	0	0	0	1	1	0	0	0	0	1	0	0	1	1	0	0	1	2	0	0	0	0	0	0	0	0	1	0	0	1	0	1	1	0	0	0	0	0	0	0	0	0	0	1	1	0	1	1	1	0	0	0	0	0	0	0	0	0	0	0	0	0	0	0	0	2	0	0	1	0	1	0	0	0	0	0	1	0	1	0
0	0	0	0	0	0	0	1	0	1	1	0	2	0	1	1	1	2	0	2	0	1	0	0	1	0	2	2	1	0	0	0	1	1	1	0	1	3	1	1	0	3	2	1	0	0	0	3	2	0	3	2	1	3	4	2	3	4	1	1	3	2	3	4	4	8	98	0	47	30	8	2	5	3	3	4	3	0	2	1	3	2	0	2	0	1	1	4	2	0	1	1	2	1	2	2	0	1	0	0	1	0	0	0	1	1	0	0	0	0	0	1	2	4	3	6	3	9	8	12	8	12	17	16	4	1	3	3	3	3	4	5	1	2	1	2	1	5	5	1	1	1	1	3	4	1	7	7	10	8	7	4	1	1	2	0	0	0	0	0	2	0	0	0	0	0	0	1	1	1	1	0	2	0	0	2	0	2	2	5	1	0	1	1	2	0	1	0	0	0	1	3	2	0	1	1	1	1	1	0	0	1	1	0	0	1	1	1	2	1	1	0	0	4	7	4	4	2	0	0	2	1	0	1	0	0	1	2	0	1	0	1	1	0	0	1	2	2	0	0	0	1	0	0	0	2	1	1	1	1	0	0	0	0	0	2	0	0	1	0	0	1	1	0	0	1	0	0	0	0	0	0	0	0	0	0	0	0	0	1	0	0	0	1	1	0	1	0	1	0	0	1	3	1	1	0	0	0	1	1	2	0	1	2	1	1	0	1	2	3	1	2	1	1	5	2	2	2	0	1	0	0	1	1	0	0	0	1	2	0	0	0	0	0	0	0	0	0	0	0	0	0	0	0	0	0	0	0	1	0	0	0	1	1	0	0	1	0	1	2	1	0	0	0	0	0	1	1	1	1	0	1	0	1	0	0	2	0	0	1	1	1	0	1	0	0	0	0	0	0	1	1	0	0	1	0	1	0	0	0	1	0	1	0	1	1	1	0	0	1	0	1	1	0	0	0	0	0	0	0	0	1	1	0	0	1	1	1	0	1	1	0	0	0	0	0	0	0	1	1	1	0	0	0	0	0	0	2	0	1	0	0	0	1	0	0	0	0	0	1	1	0	0	0	0	1	3	0	0	0	0	0	1	0	0	0	0	0	0	0	1	0	1	1	0	0	0	0	1
0	0	0	0	0	0	0	0	0	0	0	0	1	0	0	3	2	0	1	0	0	0	0	0	1	2	1	2	1	0	3	0	0	1	1	2	0	1	1	1	1	1	2	0	1	1	0	3	1	0	0	2	3	0	1	1	4	3	4	1	1	3	7	4	3	10	45	47	0	23	17	7	7	0	4	5	5	4	0	1	2	2	4	0	1	4	2	1	1	0	1	1	2	2	1	0	1	0	0	2	0	2	0	1	0	4	0	0	0	1	2	1	6	3	8	14	8	7	21	49	37	24	11	18	10	3	3	2	2	2	6	5	2	4	4	2	2	0	1	3	1	3	4	3	5	9	7	19	9	3	3	0	0	0	1	2	1	0	1	0	0	0	0	1	1	2	1	1	1	0	1	1	0	0	0	2	0	2	3	3	3	0	1	3	1	2	0	0	1	1	2	1	1	1	2	3	1	0	1	1	0	1	0	3	0	0	0	0	1	1	0	2	3	6	3	7	0	1	1	0	1	0	1	0	0	0	1	1	0	0	1	0	0	0	2	0	1	0	0	1	3	1	0	1	1	2	1	1	0	0	0	2	0	0	0	1	0	0	0	0	0	0	0	1	0	0	0	0	0	1	0	2	0	1	0	0	0	0	1	1	1	0	0	0	0	1	1	0	0	1	1	1	0	1	0	0	2	3	1	1	2	0	3	0	2	2	2	3	3	5	2	5	1	1	2	0	1	2	0	3	0	0	0	0	0	0	0	0	0	0	0	1	0	0	2	0	0	0	1	0	1	0	0	0	0	0	0	1	0	0	1	0	0	2	1	0	2	1	1	0	0	1	0	2	0	0	1	0	1	0	0	1	0	1	1	2	1	2	0	0	1	0	0	1	0	0	0	0	0	0	1	0	0	0	0	0	1	0	0	0	1	1	0	0	0	0	0	1	0	0	0	0	0	0	0	0	0	0	0	0	1	0	1	0	0	1	0	0	0	1	0	0	0	0	0	0	1	1	0	0	0	0	0	2	0	1	0	1	0	0	0	0	0	0	0	0	0	0	0	0	0	0	0	0	1	0	0	0	0	0	1	0	0	0	0	1	0	0	0	0	0	0	0	0	1	0	0	0	1
0	0	0	0	0	0	0	1	1	0	0	2	0	2	0	1	0	1	2	2	0	1	0	1	1	0	4	3	1	1	0	0	0	3	1	0	0	0	0	2	0	0	0	0	0	1	3	4	1	0	1	4	2	2	1	1	9	10	7	2	2	4	13	5	6	68	105	30	23	0	22	13	7	2	2	1	4	3	3	1	0	0	1	3	2	1	5	2	0	0	3	3	0	1	0	0	3	2	1	1	0	2	0	0	1	0	1	0	1	0	2	4	7	4	17	9	4	5	11	11	6	11	0	8	5	4	0	2	2	4	5	5	3	4	2	4	2	1	0	2	2	3	2	4	2	3	12	18	14	1	6	3	0	0	1	2	2	3	0	0	2	1	0	0	0	2	2	0	2	2	1	0	1	1	0	4	0	1	4	2	3	1	1	0	0	2	2	1	3	1	1	0	0	2	2	3	3	2	1	0	1	0	1	0	1	0	0	0	2	0	2	1	3	5	5	5	3	2	2	1	2	0	0	0	0	2	0	0	1	1	1	0	0	0	0	1	1	0	1	0	0	2	0	2	1	0	0	0	1	1	0	0	0	0	0	0	1	0	2	0	0	0	0	0	0	0	0	0	0	0	0	0	0	0	2	0	2	3	1	0	0	0	1	1	1	2	0	0	0	0	0	0	0	0	0	0	1	0	1	0	2	0	1	1	0	7	1	3	2	2	0	1	1	4	0	0	1	0	1	0	0	0	0	0	0	0	0	0	1	0	1	1	0	1	0	0	0	0	0	0	0	1	1	1	0	0	0	0	0	0	0	1	0	0	0	1	0	1	3	0	0	0	2	0	0	0	1	0	0	0	2	3	1	1	1	0	1	0	1	0	0	0	2	2	0	0	2	1	0	1	0	2	0	1	0	1	0	0	0	0	0	0	0	0	0	0	0	1	1	2	0	2	0	0	0	0	0	0	1	0	0	1	1	0	0	0	0	0	0	1	0	0	0	0	0	0	0	1	1	0	1	0	0	0	0	0	0	1	1	1	0	0	0	0	0	1	0	0	0	0	0	0	0	0	0	0	0	0	0	0	0	0	1	0	0	0	0	1	0	0	0	0	0	0	0	0	0	0	0
0	0	0	0	0	0	0	0	0	1	1	0	0	0	1	0	0	0	1	0	1	1	0	2	2	1	1	1	0	0	2	2	0	0	0	1	0	0	0	0	2	0	0	2	0	0	1	0	0	3	1	4	2	1	1	2	2	7	8	4	5	10	10	7	8	25	13	8	17	22	0	32	22	1	3	6	14	9	3	0	0	1	1	1	4	0	5	3	4	2	2	3	2	4	1	1	1	2	2	1	0	1	2	0	1	1	1	3	2	1	1	1	3	8	14	17	1	8	19	8	10	4	3	3	2	1	0	3	0	4	1	3	3	2	1	1	2	0	1	6	2	1	1	3	3	2	4	6	4	0	1	0	1	1	1	0	0	0	1	1	0	0	1	3	2	1	2	0	0	0	0	0	2	0	2	0	2	0	1	2	1	2	1	1	0	1	2	1	0	0	4	1	2	2	3	1	0	3	1	2	1	2	0	0	2	1	2	2	6	3	1	2	1	3	4	0	2	1	2	2	1	0	0	1	1	0	1	0	0	1	1	0	0	0	1	1	1	1	1	0	2	0	0	0	0	1	0	0	1	0	0	0	0	0	2	0	0	0	0	0	1	0	0	0	1	0	0	0	0	0	0	0	0	0	0	0	0	0	0	1	0	0	0	0	1	1	0	0	0	1	0	0	2	2	0	1	1	1	0	0	1	2	3	1	1	0	0	1	1	3	1	0	1	1	5	0	0	1	1	0	1	1	0	0	0	0	0	1	0	0	0	0	0	2	1	0	0	0	0	0	0	0	0	2	0	0	0	0	0	0	1	0	0	0	0	0	1	1	1	1	0	0	1	1	0	0	1	0	0	1	0	0	1	2	0	0	0	1	0	1	1	0	1	0	1	1	0	1	0	1	0	0	0	0	1	0	1	1	0	0	1	0	0	0	0	1	1	0	0	0	0	0	0	0	1	0	0	0	0	1	1	0	0	0	0	0	0	1	0	0	1	0	0	0	0	0	1	0	0	1	0	0	0	0	0	2	0	0	0	0	0	1	0	0	0	0	0	0	0	0	0	0	0	0	0	0	1	1	0	0	0	0	0	0	0	0	0	0	0	0	0	0	0	0	0	0	0	0	0
0	0	0	0	0	0	0	0	0	0	2	0	0	0	0	1	0	1	0	0	0	1	0	3	0	1	1	0	2	0	0	1	0	0	1	0	0	0	0	0	1	0	1	1	0	1	7	1	1	1	0	2	2	5	3	6	2	14	25	11	6	32	23	9	8	25	4	2	7	13	32	0	42	7	2	5	15	19	15	3	1	0	4	4	6	2	5	0	4	1	2	1	1	3	0	0	1	1	3	4	1	0	0	0	2	1	1	0	1	4	5	7	7	15	32	7	9	16	8	3	3	2	2	3	2	1	3	2	6	1	2	0	1	1	0	0	0	1	0	0	3	3	2	0	1	5	7	6	5	4	2	3	3	0	1	0	1	1	2	2	0	0	0	0	0	1	1	0	1	1	1	1	1	1	2	0	2	0	1	4	4	0	1	3	0	0	0	0	0	1	4	1	2	1	1	3	3	4	1	1	1	4	0	0	1	0	6	2	3	4	4	1	2	15	9	1	1	2	3	2	0	1	2	2	1	2	1	0	2	1	1	0	0	0	0	0	1	1	0	2	1	0	1	0	1	0	2	1	1	4	0	2	0	1	0	0	0	1	1	1	0	0	0	1	0	0	0	2	0	2	0	0	0	0	1	0	0	0	0	1	2	0	1	1	2	0	0	0	0	1	0	1	2	1	1	1	0	2	2	1	1	1	2	2	0	0	3	2	1	1	2	1	0	1	2	0	0	1	0	2	0	0	0	0	0	2	0	1	1	0	0	0	1	1	0	0	0	0	1	0	0	1	2	0	0	0	1	0	0	0	1	0	1	0	0	2	2	0	2	2	1	2	0	0	0	1	0	0	0	0	0	0	0	0	0	0	0	0	0	1	1	1	1	1	0	1	0	0	0	0	1	0	0	0	1	0	0	0	0	0	0	0	0	0	0	0	1	0	0	0	1	1	0	0	0	1	0	0	0	0	0	0	0	0	0	0	1	0	0	0	0	0	1	0	0	0	1	0	0	0	1	0	0	0	0	0	0	0	0	0	0	1	0	0	0	0	0	0	0	1	0	0	0	0	0	0	0	0	1	1	0	0	0	0	0	1	0	0	0	0	0	0	0	1	0	0	0	0	0
0	0	0	0	0	0	0	2	0	1	0	0	0	1	1	0	0	0	1	3	1	0	2	1	2	0	2	2	0	1	2	0	0	1	1	0	0	0	0	0	0	0	0	0	1	1	0	0	3	2	1	0	1	3	1	4	2	13	17	3	2	12	11	4	9	11	4	5	7	7	22	42	0	10	6	13	23	47	11	8	2	1	1	3	6	3	5	4	1	1	2	4	4	2	1	0	1	1	0	2	0	2	0	2	0	2	0	2	2	5	5	11	11	10	47	31	28	27	22	5	9	7	3	2	4	3	2	1	3	3	5	2	2	1	0	1	1	1	2	2	3	0	1	2	4	4	6	9	8	1	3	0	0	0	0	2	0	2	1	0	0	0	0	1	1	1	1	0	0	3	1	0	1	0	2	0	3	1	1	1	2	2	4	1	3	0	2	0	2	1	2	2	5	0	4	1	9	2	1	0	1	3	1	2	0	0	0	5	4	3	4	1	4	6	3	0	2	0	0	1	0	0	1	1	1	1	0	0	2	1	0	3	3	0	0	2	2	0	0	0	0	1	0	2	0	1	1	0	0	2	1	0	0	1	0	0	1	0	0	1	0	0	0	0	0	0	0	1	0	0	0	0	0	1	0	0	1	1	0	0	0	0	0	1	3	0	1	0	1	0	1	2	1	2	1	1	2	1	4	0	1	1	1	4	0	3	2	5	1	2	1	3	2	1	1	0	0	2	0	1	0	1	0	1	0	0	2	0	0	0	1	0	1	1	0	0	0	1	1	2	0	1	0	0	0	0	0	0	1	0	0	1	0	2	1	1	0	0	0	1	2	1	1	0	0	1	1	0	0	1	1	0	1	1	0	0	0	1	1	1	1	0	0	0	0	0	0	0	1	1	2	0	2	1	1	0	1	0	0	1	0	0	0	0	1	0	0	0	0	1	2	1	0	0	1	0	0	0	0	0	0	1	0	1	0	0	0	0	0	0	1	0	0	1	0	0	1	0	1	0	0	0	0	1	1	0	0	0	0	0	1	1	0	0	0	0	0	0	0	0	0	0	0	0	0	0	0	0	1	0	1	0	2	0	0	0	1	0	0	2	0	0	0	0	0	0	0	0	0
0	0	0	0	0	0	0	0	0	0	0	0	0	1	1	1	1	0	1	0	0	1	1	0	0	0	1	0	1	0	2	0	1	0	0	2	0	0	0	0	0	0	0	0	2	3	0	0	1	0	0	1	5	6	5	3	0	6	7	2	7	2	6	2	2	8	3	3	0	2	1	7	10	0	32	30	17	8	11	4	4	3	3	5	14	13	6	3	4	4	2	4	2	3	1	1	0	0	4	3	2	4	1	1	3	2	1	3	6	3	12	13	87	48	10	10	14	4	4	2	6	2	2	3	1	3	1	3	3	2	6	4	0	2	0	1	2	3	3	2	2	0	3	3	8	11	10	8	5	2	0	2	0	3	1	0	0	1	1	0	0	3	1	0	0	3	1	0	0	2	0	0	0	0	1	0	0	1	1	1	4	1	2	1	2	0	1	3	2	5	27	21	7	6	11	19	10	5	1	4	3	5	3	0	3	1	1	2	1	4	3	3	2	5	17	10	5	2	6	2	1	2	2	1	1	2	0	0	0	3	3	1	1	0	4	1	2	3	2	0	0	2	1	0	3	2	5	4	4	3	1	1	0	1	1	1	1	1	2	1	1	2	0	1	0	1	3	0	0	0	0	1	1	0	0	0	0	2	1	3	2	0	0	1	4	2	3	3	3	0	2	4	5	12	6	8	1	2	3	0	1	1	1	3	3	15	1	9	7	3	0	4	0	2	1	3	3	3	1	2	0	1	0	1	0	0	1	0	1	1	0	0	1	0	3	1	0	0	1	0	0	0	0	0	0	0	1	1	0	0	0	0	1	0	0	1	2	1	3	0	2	0	0	2	0	1	0	0	0	0	0	0	0	1	0	0	3	2	1	3	0	0	1	1	1	0	0	0	0	2	1	0	0	1	0	1	4	0	0	1	1	1	0	0	0	0	0	0	0	1	1	1	1	1	1	0	0	0	1	0	0	0	0	0	0	0	0	0	0	0	0	1	1	1	0	0	1	0	0	0	1	0	0	0	1	1	0	0	0	1	0	0	0	1	0	1	0	0	1	1	1	0	0	0	0	0	0	1	0	2	1	0	0	0	0	0	0	0	1	0	0	1	0	1	0	0	1	0	0
0	0	0	0	0	0	0	0	2	1	1	0	0	0	0	0	0	2	0	0	2	0	0	1	1	0	0	0	0	0	0	0	0	0	0	0	0	1	1	0	0	0	1	0	1	1	1	1	0	2	0	2	0	1	2	2	4	3	3	0	3	3	2	3	0	5	1	3	4	2	3	2	6	32	0	26	3	2	4	6	3	8	3	3	6	7	4	4	5	12	6	1	0	0	1	0	0	0	1	5	2	3	3	3	1	3	3	0	2	2	5	8	10	10	5	2	7	2	1	1	3	3	0	5	6	3	2	5	1	3	4	3	4	4	1	1	2	3	7	4	3	5	7	11	16	25	6	5	4	1	1	1	1	2	0	2	0	1	2	0	0	0	1	1	2	2	0	0	2	2	0	0	0	0	0	0	1	0	0	3	2	1	4	1	3	3	1	1	1	3	19	21	19	25	16	29	11	7	5	6	3	1	3	1	2	3	1	0	0	4	2	1	3	3	9	6	5	5	6	1	0	1	3	1	1	1	2	3	2	1	2	1	2	1	0	2	6	4	6	5	4	4	2	5	3	3	3	5	13	7	4	1	2	0	4	1	0	3	1	1	0	1	1	0	2	0	2	2	1	0	1	0	0	0	0	0	1	1	2	0	0	2	2	2	4	4	2	2	1	2	1	0	4	6	3	2	2	3	4	2	4	5	5	3	6	33	11	49	12	6	2	0	4	1	1	3	1	3	2	3	2	0	0	0	1	1	0	0	1	2	0	0	1	2	1	0	0	0	0	1	0	1	1	1	1	0	2	0	1	1	1	0	1	0	1	1	2	3	3	5	2	3	0	3	0	1	1	1	0	0	1	0	0	1	1	1	3	1	1	0	1	0	3	0	1	0	0	1	1	0	4	0	1	1	0	2	0	1	0	2	0	2	2	1	0	0	0	1	0	3	0	0	0	0	1	0	0	0	1	2	0	0	0	1	0	0	0	1	0	0	0	0	1	2	1	1	0	1	0	0	0	0	0	0	0	0	0	0	0	0	0	0	0	1	2	0	0	0	0	0	1	1	0	0	1	0	1	0	1	0	0	0	0	0	0	0	0	0	0	0	0	0	0	0	0	0	0	0	0
0	0	0	0	0	0	0	0	0	1	0	0	1	0	0	0	0	0	0	2	0	0	1	1	0	3	1	0	0	0	1	2	1	0	1	1	1	0	2	0	0	0	1	0	1	2	0	1	1	0	1	2	0	2	0	3	1	1	5	2	3	1	2	1	3	4	3	4	5	1	6	5	13	30	26	0	28	9	8	5	3	5	5	3	5	6	3	3	7	8	1	1	0	1	1	1	1	2	2	0	3	1	0	1	1	3	3	1	1	6	12	18	29	12	10	12	22	8	6	2	8	1	1	0	2	3	2	1	0	1	5	2	2	2	2	1	4	2	2	1	2	3	1	5	4	6	14	5	3	2	0	0	1	0	1	0	0	2	1	2	0	1	0	1	0	1	0	0	0	0	0	1	2	0	0	0	1	2	1	0	1	0	0	3	0	1	1	0	2	3	11	6	7	6	2	9	3	4	3	2	1	1	1	4	1	0	2	0	5	1	3	1	4	5	5	4	1	0	1	1	2	1	3	1	1	1	1	3	1	3	1	1	3	3	3	1	0	3	4	3	1	0	1	0	0	1	1	3	7	2	4	0	2	1	0	1	1	1	1	2	1	0	0	2	1	1	2	0	2	0	0	0	1	0	0	0	0	0	0	2	2	0	0	1	2	0	5	2	1	1	2	2	2	4	1	1	2	1	0	1	1	2	1	4	5	5	3	10	6	5	0	1	3	1	3	1	1	3	0	0	1	3	2	0	0	1	0	2	0	2	0	0	0	1	0	0	0	0	0	0	1	0	0	1	1	0	0	2	2	0	0	0	0	3	3	3	0	1	0	0	1	2	0	1	0	1	2	0	0	0	1	0	2	2	0	1	2	3	0	0	1	1	1	0	2	1	3	3	1	0	0	1	3	0	1	0	0	0	0	1	0	0	2	2	1	1	0	0	0	2	0	0	0	0	0	0	0	1	0	0	1	0	0	0	0	0	1	0	2	1	0	0	0	0	0	0	0	0	1	0	0	0	0	0	0	0	0	0	0	0	1	0	0	0	0	0	2	0	0	0	0	0	0	1	1	1	0	0	0	1	0	0	0	0	0	0	0	0	0	0	0	0	0	0	1	0	0	0	1
0	0	0	0	0	0	0	1	1	0	1	0	0	0	0	1	1	2	0	1	0	1	2	1	1	1	2	1	0	0	1	2	0	1	1	0	0	1	0	0	0	0	0	3	0	1	1	1	0	2	1	3	3	2	4	2	4	4	10	1	9	3	5	2	1	5	7	3	5	4	14	15	23	17	3	28	0	58	15	8	4	3	2	3	5	0	5	3	4	1	5	2	0	0	2	1	2	2	1	0	2	2	2	3	1	0	0	1	0	6	11	22	55	24	13	12	24	12	3	0	6	1	4	2	0	0	3	1	1	1	1	0	2	1	0	2	1	2	1	4	1	2	4	2	7	7	7	1	1	3	5	1	1	0	0	0	0	2	0	2	2	0	0	1	0	1	1	0	1	1	1	1	0	1	1	2	0	1	2	1	2	2	2	1	2	2	1	0	0	1	10	15	3	4	6	7	7	3	3	3	3	1	2	3	0	1	1	1	3	1	5	3	3	5	3	4	3	2	0	0	2	0	1	0	0	1	0	1	0	0	0	1	0	0	0	3	0	3	0	1	0	0	0	0	0	1	3	1	3	1	3	1	0	3	1	0	3	0	1	0	0	1	0	0	1	0	1	1	0	0	0	0	0	0	0	0	1	0	0	0	0	0	1	0	2	2	2	2	4	0	2	2	1	4	5	3	3	3	1	0	2	1	0	3	3	1	6	5	3	3	2	1	1	2	2	1	0	3	0	0	1	0	1	0	0	0	0	1	0	0	1	0	0	1	0	0	0	0	1	0	0	1	0	0	0	1	0	0	1	1	0	0	1	0	1	2	0	0	0	0	1	0	1	1	1	1	0	0	1	1	1	0	0	0	0	0	3	1	0	1	0	0	1	0	0	1	0	0	0	2	1	1	0	0	0	2	0	0	0	1	0	0	0	0	1	0	1	0	2	1	1	0	0	0	0	0	0	0	0	1	0	1	2	0	0	0	1	0	1	0	0	0	1	1	0	1	0	0	0	0	0	1	2	0	0	0	0	0	0	0	1	0	0	0	2	1	1	1	0	0	0	0	0	0	0	2	0	0	0	1	0	0	0	0	0	0	1	0	0	0	0	0	0	0	1	0	0	0	0
0	0	0	0	0	0	0	1	1	1	1	0	2	0	0	0	0	2	1	1	2	0	0	0	0	1	0	0	0	0	1	1	0	2	1	1	0	0	0	1	0	0	0	1	2	1	1	1	1	1	2	1	3	0	2	0	9	10	23	6	5	11	7	3	5	5	3	0	4	3	9	19	47	8	2	9	58	0	29	6	5	3	2	2	4	6	5	4	4	1	4	1	1	3	1	1	1	1	4	1	1	1	2	1	1	0	2	1	4	6	9	8	21	12	26	20	12	21	10	6	9	2	3	2	2	2	0	0	1	1	1	2	0	3	1	3	0	1	0	1	4	2	1	2	3	3	3	8	2	4	2	1	2	3	0	0	0	1	0	0	1	3	1	2	0	0	0	0	0	2	0	0	0	0	1	1	1	2	0	1	0	1	0	0	0	0	0	0	3	4	2	4	1	2	3	5	6	2	3	3	4	2	1	2	4	2	3	2	1	5	9	3	4	8	3	2	2	3	0	2	2	1	0	0	0	0	0	3	1	1	3	0	0	0	1	0	0	1	1	2	0	1	1	1	1	1	2	2	0	0	0	1	1	0	0	0	1	2	1	0	1	0	0	1	1	2	1	0	1	0	0	2	1	0	0	0	0	1	2	1	1	0	0	0	7	0	1	0	2	0	2	2	2	3	2	1	1	1	2	2	1	0	1	1	1	2	1	1	3	2	1	3	0	1	0	1	0	0	0	2	1	0	1	0	0	1	1	1	0	0	0	0	1	1	0	0	1	1	0	0	1	1	0	1	0	0	0	1	0	0	0	0	1	0	0	1	2	4	0	1	1	1	1	1	2	0	0	0	0	0	0	2	0	0	0	0	2	0	0	0	3	1	0	1	0	0	0	0	0	1	0	2	0	0	0	0	0	1	0	0	1	0	0	1	0	0	0	0	1	0	0	0	2	0	1	0	0	0	1	0	0	0	0	0	0	1	0	0	0	1	0	0	0	0	2	2	0	0	0	0	1	0	0	1	0	0	0	0	0	0	2	0	1	0	0	1	1	0	0	1	0	0	0	0	0	0	0	0	0	0	0	0	0	0	0	0	1	1	0	1	0	0	0	0	0	0	0	0	0
0	0	0	0	0	0	0	0	0	1	0	0	0	0	2	0	0	0	1	1	0	0	0	1	0	1	0	0	1	0	3	0	2	0	1	2	1	0	0	0	0	0	0	0	1	0	2	1	0	1	0	0	3	1	4	3	5	22	61	15	16	17	9	10	9	7	2	2	0	3	3	15	11	11	4	8	15	29	0	40	5	6	8	7	10	7	7	4	1	2	3	3	3	0	1	0	1	3	2	1	3	1	2	5	3	0	1	2	5	2	24	17	31	11	12	5	10	12	3	6	0	2	7	0	7	2	2	2	0	3	2	2	0	0	0	2	0	0	0	1	1	0	2	3	1	0	4	7	3	1	0	4	0	0	1	0	1	2	1	1	1	1	0	0	0	1	0	1	1	0	0	0	1	0	0	1	2	0	4	1	0	3	2	1	3	3	3	2	1	2	5	4	5	3	3	4	9	9	4	9	4	2	0	3	0	3	2	4	4	8	9	8	10	15	11	2	2	1	2	1	0	2	0	1	0	2	1	1	1	0	0	0	0	1	1	1	1	0	0	2	1	0	0	2	0	0	0	0	1	4	2	1	0	0	0	0	1	3	1	0	0	0	0	2	1	1	0	1	0	0	0	0	0	0	0	1	1	1	0	1	1	0	3	1	2	2	0	4	0	1	0	3	1	8	2	3	4	2	0	2	1	0	2	0	1	1	2	2	1	1	3	0	1	0	2	1	1	0	2	0	0	0	0	0	1	0	0	0	0	0	0	1	0	0	0	0	1	0	0	1	1	0	1	2	0	0	0	1	1	1	0	0	3	0	0	0	0	0	0	0	1	0	1	0	0	0	3	0	0	0	0	0	0	1	1	0	1	0	1	1	1	0	0	0	0	0	1	1	1	1	1	2	2	2	0	1	0	0	0	3	0	0	0	1	1	0	0	1	0	0	0	2	0	0	0	0	0	0	0	0	1	0	0	0	1	0	0	0	0	0	0	0	0	0	0	0	1	0	0	0	0	0	0	1	0	0	0	0	0	0	0	0	0	0	0	0	0	0	0	0	0	0	0	0	1	0	1	0	1	0	0	0	0	0	0	0	0	0	0	0	0	0	1	0	0	0	0	1	0
0	0	0	0	0	0	0	0	0	0	0	0	2	0	0	0	0	1	1	0	0	0	1	0	2	1	1	0	1	0	0	0	0	0	1	0	0	0	0	1	2	0	2	0	2	0	0	0	0	1	2	3	3	1	5	3	0	3	11	7	9	4	2	7	1	1	2	1	1	1	0	3	8	4	6	5	8	6	40	0	34	14	7	21	6	4	3	1	1	1	3	7	1	4	2	0	1	0	1	1	1	6	5	1	0	2	3	2	5	11	24	20	12	8	3	5	5	4	2	1	1	1	4	2	2	0	0	1	1	0	1	1	1	0	1	0	1	0	1	0	5	1	1	1	3	2	4	1	1	1	0	0	1	1	1	1	1	0	0	0	1	1	0	1	0	0	0	2	0	1	0	0	1	0	0	2	2	0	0	2	0	1	0	0	0	1	1	1	0	0	6	5	1	0	2	5	8	9	14	22	7	3	1	6	4	1	5	5	7	10	17	5	5	9	5	2	0	2	1	0	0	1	1	0	0	2	2	2	2	1	0	1	0	1	2	0	0	0	1	1	1	1	1	3	2	2	0	2	4	0	0	0	2	1	1	1	1	0	1	1	1	0	0	1	0	0	0	0	2	0	0	0	0	1	0	0	0	0	0	1	0	0	0	3	1	2	1	2	2	2	1	3	5	5	1	0	1	1	0	2	2	1	2	2	3	3	2	5	1	0	1	1	1	0	0	0	0	3	1	0	1	1	1	1	1	0	0	0	0	0	0	2	1	0	0	0	0	0	0	0	0	0	0	1	0	3	0	1	0	0	1	0	0	0	1	0	0	0	1	3	0	0	0	1	1	0	0	0	0	1	0	1	0	0	0	0	0	0	1	1	0	0	0	0	1	3	0	2	0	0	1	2	1	1	0	0	0	0	0	3	1	1	0	0	0	1	0	0	1	1	0	0	0	0	1	0	0	0	0	0	0	0	1	0	2	0	0	1	0	0	0	0	0	0	0	0	0	0	0	0	0	0	0	0	0	0	0	1	1	0	1	0	0	0	0	0	0	0	0	0	0	0	1	0	0	0	0	0	0	0	0	0	0	0	0	1	0	0	0	0	0	0	0	0	0	0	0	0	0
0	0	0	0	0	0	0	0	0	0	0	0	0	0	0	0	0	0	0	0	0	0	0	0	0	1	0	0	0	1	0	0	0	0	0	1	0	0	1	0	0	0	0	0	0	0	0	1	1	1	2	1	1	1	1	2	1	3	6	6	3	3	1	2	2	1	0	3	2	0	0	1	2	4	3	3	4	5	5	34	0	25	70	35	14	4	5	2	8	4	4	2	4	5	2	1	1	2	0	0	1	5	3	1	2	7	4	11	14	9	13	2	3	2	3	1	1	3	1	0	1	1	0	0	1	0	2	1	2	3	1	0	0	0	0	0	0	0	1	0	1	0	2	1	2	3	2	0	2	1	1	0	1	0	2	2	1	0	0	1	1	0	0	0	0	0	0	1	1	0	0	0	0	0	1	0	0	0	0	0	0	3	0	1	0	1	2	1	1	1	9	4	2	3	2	2	11	9	12	43	1	4	11	10	9	2	12	16	18	14	19	11	8	4	1	0	0	2	3	0	0	1	1	0	0	1	1	4	2	1	1	1	1	0	0	0	1	2	2	2	2	1	0	1	0	1	1	3	0	3	0	1	0	1	0	1	2	0	2	0	0	1	0	0	0	0	2	0	0	3	0	0	1	0	1	0	0	1	0	0	0	2	0	1	2	2	3	1	2	5	0	4	4	4	1	0	0	2	1	2	0	1	3	0	0	0	1	3	3	1	0	1	1	0	0	0	0	3	0	0	1	1	0	0	1	0	0	0	0	0	1	0	0	1	0	0	0	0	0	0	0	0	1	0	0	1	2	0	1	0	0	1	0	1	2	2	0	2	2	1	1	1	0	0	0	0	0	1	1	1	0	0	0	1	0	0	0	1	0	1	0	0	1	0	2	0	0	0	0	0	0	1	1	2	1	1	1	2	1	2	2	1	0	0	0	0	0	1	0	0	0	0	0	1	0	0	1	0	0	0	0	0	0	0	0	1	0	0	1	0	1	0	0	0	0	0	0	0	1	1	1	1	2	0	0	0	0	0	0	0	0	0	0	0	0	0	0	0	0	1	0	0	0	0	0	0	0	0	0	0	0	1	1	0	0	0	0	0	1	0	0	0	1	0	0	0	0	0	0
0	0	0	0	0	0	0	0	1	0	0	0	0	3	0	0	0	0	0	0	2	0	0	0	0	1	1	0	0	0	0	0	0	0	1	0	0	0	0	0	0	0	0	0	0	0	0	1	0	0	2	1	1	3	1	2	1	2	2	4	6	3	2	1	4	1	1	2	2	0	1	0	1	3	8	5	3	3	6	14	25	0	44	34	11	9	2	8	5	3	6	8	2	3	6	2	2	1	3	3	1	7	9	6	10	18	8	13	90	70	14	5	2	2	3	1	2	4	1	0	1	1	0	0	0	0	0	0	2	0	1	1	1	1	0	0	0	2	1	0	2	1	2	0	0	2	2	4	1	1	1	3	1	0	0	0	0	0	1	0	0	0	0	0	2	0	0	1	1	0	1	1	0	2	0	0	2	2	0	0	2	2	1	1	0	2	2	1	0	0	3	6	8	2	3	6	14	29	17	17	29	18	17	8	14	7	10	17	9	7	12	8	2	1	3	1	3	1	1	0	0	5	0	0	1	1	2	0	2	2	0	1	0	0	1	0	0	3	0	0	1	0	2	0	2	5	0	2	4	0	4	1	1	2	1	0	1	4	1	0	2	1	1	0	1	0	2	1	1	0	0	1	0	0	0	0	1	1	0	1	2	1	3	1	4	7	3	3	7	5	7	14	9	11	6	7	0	1	2	2	2	1	0	2	0	4	0	1	1	0	0	0	1	2	0	0	0	3	0	2	1	0	0	1	1	0	0	0	2	0	0	1	0	0	1	0	0	4	0	0	1	1	0	0	0	1	0	0	0	1	0	1	0	0	0	0	0	0	1	0	1	0	0	6	0	0	0	0	0	0	0	0	1	0	0	1	1	1	0	0	1	0	0	0	0	0	1	1	2	4	1	1	2	0	1	0	1	0	1	0	0	0	1	1	0	0	0	0	0	0	0	0	0	0	0	0	0	0	0	0	0	0	0	1	0	0	1	0	0	0	0	0	0	0	1	0	1	1	0	0	0	0	0	0	0	1	0	0	0	0	0	0	0	0	1	0	0	0	0	0	0	0	0	0	0	0	0	0	0	0	0	0	0	0	0	0	0	0	0	1	0	0	0	1	0	0	0	0	0
0	0	0	0	0	0	0	0	0	0	0	0	1	0	1	1	1	1	0	0	0	0	0	0	0	0	1	0	0	0	0	0	1	0	0	0	1	0	0	0	0	0	0	0	0	1	0	0	0	0	0	2	1	2	0	1	3	2	2	2	7	1	1	1	1	2	3	0	4	1	1	4	1	3	3	5	2	2	8	7	70	44	0	22	8	8	3	2	5	4	3	6	3	3	3	1	2	3	2	3	2	3	4	6	6	7	5	8	13	16	8	2	3	4	4	1	1	2	1	0	0	0	0	1	0	0	0	1	2	0	0	1	0	1	1	1	2	0	0	0	2	1	0	2	1	3	1	3	0	2	0	0	1	0	1	1	0	1	0	1	0	2	1	0	2	1	2	1	1	0	0	0	1	0	2	0	0	2	0	1	0	0	2	0	2	1	1	1	3	2	3	5	1	3	3	3	7	13	10	28	9	10	22	18	18	13	15	47	13	7	22	6	3	5	3	0	1	3	0	0	2	1	2	1	1	2	1	1	2	0	2	1	2	0	1	0	3	2	2	2	0	0	0	1	1	3	1	0	1	1	2	0	0	1	2	3	2	4	0	1	0	0	0	0	0	2	1	0	0	1	0	1	0	0	0	1	0	0	0	0	0	1	1	1	2	3	2	3	2	0	6	5	1	5	1	1	5	1	2	0	3	1	0	1	2	1	0	1	0	1	1	0	0	1	0	0	1	3	0	0	1	0	1	0	0	0	0	0	1	0	0	0	1	1	1	0	0	0	0	0	0	0	0	1	0	0	1	1	2	0	1	1	1	0	0	0	0	1	0	0	0	0	0	0	1	0	0	0	0	0	1	0	0	1	0	0	1	0	0	0	1	0	2	1	1	0	1	0	0	1	1	1	0	0	1	2	0	0	0	0	1	0	0	0	0	0	0	0	0	0	0	1	1	0	0	0	0	0	0	1	0	1	0	1	1	0	0	0	0	0	0	0	0	0	0	0	0	0	0	0	0	1	1	0	1	0	0	0	1	0	0	0	0	0	0	0	0	1	3	0	1	1	0	0	1	0	0	1	0	0	0	0	0	0	0	0	0	0	0	0	0	0	1	0	0	0	0	0	0
0	0	0	0	0	0	0	0	0	0	0	1	1	0	0	0	1	1	0	0	1	1	0	0	1	0	2	0	0	1	1	0	0	2	0	1	0	0	0	0	0	0	0	1	2	0	0	2	0	0	2	3	2	3	2	2	2	4	6	11	7	3	2	4	2	0	4	2	0	3	1	4	3	5	3	3	3	2	7	21	35	34	22	0	25	21	5	6	8	5	10	4	2	4	2	1	0	3	2	0	6	6	2	5	3	2	1	6	13	30	47	11	8	4	5	3	2	3	2	0	0	0	0	2	0	0	1	1	1	2	1	2	1	2	0	2	2	2	3	1	1	2	2	0	3	2	2	0	1	4	1	0	1	0	0	1	0	1	0	0	0	2	1	0	0	1	1	0	1	0	1	0	0	1	0	0	2	1	2	1	0	2	2	1	0	2	1	2	1	2	9	5	5	4	8	6	22	39	15	22	19	8	13	9	8	4	3	8	13	19	13	22	11	9	4	3	1	3	2	1	1	0	3	4	3	0	2	3	1	3	0	1	1	0	0	1	1	4	1	1	2	2	2	0	1	0	1	1	5	0	4	3	1	2	0	1	2	2	2	0	0	1	0	1	0	0	1	0	2	0	0	1	1	0	0	0	0	0	2	1	0	0	3	2	3	3	2	3	2	3	4	3	6	8	7	2	1	4	3	5	2	4	1	0	2	2	1	4	1	2	1	3	0	0	1	2	0	1	1	0	2	0	0	0	1	0	0	0	0	0	0	1	0	0	0	0	0	1	0	2	3	0	0	0	1	1	0	1	0	0	0	1	0	1	1	2	2	0	0	0	0	1	0	0	0	1	2	0	1	3	1	0	0	0	0	1	0	0	2	0	1	0	1	0	2	3	1	1	1	1	1	0	2	1	0	0	3	0	1	0	0	0	1	2	1	0	2	1	0	1	0	1	0	0	0	0	0	0	1	0	0	0	0	0	0	0	0	0	0	0	0	0	0	0	0	2	0	0	0	1	0	1	1	0	0	0	0	0	0	0	3	0	0	0	0	1	0	0	0	1	0	0	0	1	0	0	0	0	0	1	0	0	0	0	0	0	0	0	0	0	1	0	2	1	0	0	0	0	0
0	0	0	0	0	0	0	0	0	1	0	0	1	2	0	0	2	1	0	1	1	0	3	1	0	2	0	4	2	0	0	0	0	0	1	1	0	0	1	1	0	1	0	1	1	0	1	0	0	1	0	1	3	3	5	2	2	10	7	4	4	1	1	2	5	1	0	0	1	2	4	6	6	14	6	5	5	4	10	6	14	11	8	25	0	41	12	7	11	14	14	9	2	6	1	2	1	2	5	5	4	6	2	2	5	11	3	7	14	23	78	25	16	9	4	4	1	3	2	3	0	3	1	2	3	2	0	3	1	1	2	3	0	0	1	2	0	1	1	2	2	0	1	2	4	6	3	4	1	3	0	1	1	0	2	2	1	2	1	0	0	0	1	0	0	1	0	2	2	2	1	0	1	0	1	1	1	0	1	0	0	1	1	1	0	0	2	4	2	2	49	29	14	10	6	7	324	33	18	9	10	2	8	5	6	1	2	10	5	4	7	6	8	14	14	3	1	6	4	0	1	0	1	2	2	3	3	8	2	1	1	2	2	0	0	1	1	1	3	2	2	0	0	2	2	9	1	4	4	4	4	0	2	2	0	0	1	1	2	2	0	1	1	1	1	1	0	0	1	1	0	0	1	1	0	0	2	0	1	2	0	0	3	3	1	7	4	5	5	0	3	6	10	22	7	5	2	7	6	2	2	3	1	4	1	9	3	2	3	0	2	0	1	2	3	0	0	0	1	0	0	0	0	2	0	0	0	0	0	0	0	0	1	0	0	2	0	1	1	1	0	0	0	0	0	1	1	0	0	0	0	0	1	1	0	1	2	0	3	1	2	1	1	0	1	0	0	1	1	0	1	0	0	2	0	2	0	2	0	3	1	0	2	3	0	3	0	0	1	0	0	2	0	0	1	1	0	2	2	1	0	0	1	1	0	1	0	0	1	0	1	2	0	0	0	0	0	0	1	0	0	2	0	0	0	0	0	1	1	0	0	1	0	0	0	0	0	2	1	0	2	0	0	0	1	0	0	1	0	1	0	1	0	0	0	1	0	0	1	0	0	0	0	0	0	0	1	1	0	0	0	0	0	0	0	1	0	0	0	1	0	0	0	0	0	0	0	0	0
0	0	0	0	0	0	0	0	0	0	0	0	0	1	0	0	0	1	0	0	1	0	2	0	0	0	2	0	0	1	0	1	0	0	1	1	0	1	0	1	0	1	0	1	0	2	2	2	0	3	2	0	9	14	22	6	7	9	7	4	5	4	0	0	2	3	2	1	4	1	0	2	3	13	7	6	0	6	7	4	4	9	8	21	41	0	59	19	17	7	38	14	11	11	8	6	4	5	2	7	6	4	4	4	2	8	3	3	10	6	21	9	9	12	8	5	3	1	0	2	2	0	1	4	7	0	2	0	1	3	2	2	2	3	1	3	1	2	4	2	1	2	2	2	4	3	1	0	3	4	4	0	1	2	0	1	1	2	5	1	2	0	6	0	0	2	3	1	1	1	0	0	1	0	1	2	0	4	1	6	4	3	4	4	0	0	1	2	8	5	17	9	8	6	7	7	54	58	8	2	7	4	6	0	3	5	2	3	9	7	5	6	6	23	15	4	3	2	0	3	5	1	3	2	2	3	2	4	1	1	1	4	0	1	0	0	0	2	1	2	0	1	2	1	1	5	4	3	8	1	1	0	1	1	2	0	2	0	3	1	0	2	0	0	0	2	1	1	0	0	0	0	2	0	0	2	0	0	0	0	0	1	3	1	4	4	1	2	2	2	0	7	5	6	3	7	9	2	3	0	0	0	3	2	3	0	1	2	3	0	1	0	2	1	0	1	1	1	1	0	3	0	0	1	0	2	0	0	0	1	1	3	0	0	2	0	0	1	1	1	1	1	2	1	1	1	2	1	0	1	0	1	0	1	0	1	0	2	0	1	0	0	2	1	2	2	0	0	1	3	1	2	0	0	0	1	2	1	1	1	1	1	2	1	1	0	1	0	1	0	0	0	0	3	1	1	0	1	0	0	0	1	3	0	0	0	1	0	0	0	0	0	0	0	0	0	0	0	0	0	0	0	1	0	0	0	0	0	0	0	0	0	1	0	1	0	0	0	0	1	0	1	0	0	0	0	0	0	1	1	0	0	1	0	0	0	1	0	1	0	0	0	1	0	0	0	0	0	0	0	0	0	0	1	1	2	1	0	0	0	0	1	0	0	0	0	0	0	0
0	0	0	0	0	0	0	0	0	0	0	1	0	0	0	0	2	0	0	1	0	1	0	1	0	1	0	1	0	1	1	0	1	1	1	1	0	1	2	0	0	0	0	0	1	1	1	4	1	1	1	4	15	15	31	11	16	15	5	6	12	2	6	6	4	2	0	1	2	5	5	5	5	6	4	3	5	5	7	3	5	2	3	5	12	59	0	29	15	6	19	5	8	6	3	6	5	0	7	4	5	4	1	0	2	7	1	4	8	5	19	1	9	12	7	6	4	2	1	3	2	2	2	3	1	0	1	2	2	2	5	3	2	0	3	3	1	2	1	2	5	2	1	9	3	7	3	5	11	3	6	3	0	3	0	3	1	1	2	1	0	0	1	2	1	0	3	1	2	0	2	0	0	2	3	2	3	6	3	1	4	3	5	3	1	0	3	2	1	8	15	9	3	4	6	13	16	14	4	4	7	1	5	1	0	2	2	2	5	7	3	4	10	20	46	15	13	6	5	1	5	0	1	5	3	2	0	2	2	2	1	1	1	1	1	1	1	1	1	1	2	1	2	2	2	1	2	8	4	3	4	2	0	1	0	4	1	0	0	0	0	0	2	1	0	0	0	1	1	0	1	0	2	0	0	2	1	1	0	3	0	1	1	0	3	2	2	3	1	2	1	1	4	7	4	2	0	3	2	3	1	5	1	2	1	3	0	2	3	4	1	3	2	0	2	0	0	2	0	1	2	0	0	0	0	0	2	0	0	0	1	2	0	0	0	1	0	1	0	0	2	0	0	0	0	0	0	0	0	0	0	0	1	0	1	1	0	1	1	0	2	1	1	1	0	0	1	1	1	0	3	0	1	0	0	0	0	0	0	2	0	1	0	0	0	1	0	2	0	0	3	3	1	1	1	1	0	0	1	1	0	1	1	0	0	0	2	1	1	0	1	0	0	1	0	0	0	0	0	0	0	1	0	0	0	0	0	0	1	0	0	0	1	0	0	1	3	1	1	0	1	0	0	0	0	0	0	0	0	0	0	0	1	0	0	0	0	1	0	0	0	0	0	0	0	0	0	1	0	0	0	0	0	0	0	0	0	0	0	0	0	0	0	1	0	1	0	1	0
0	0	0	0	0	0	0	0	0	0	0	2	0	0	0	2	0	0	2	1	1	0	0	0	0	0	0	0	1	0	0	1	0	1	1	0	1	1	1	0	0	0	0	0	0	0	0	0	0	2	1	4	16	26	13	7	9	4	4	1	6	3	1	3	0	0	1	4	1	2	3	0	4	3	4	3	3	4	4	1	2	8	2	6	7	19	29	0	36	37	151	24	8	7	7	10	1	5	13	2	7	2	1	0	2	5	5	6	3	3	3	4	2	5	4	4	3	1	2	5	1	5	3	1	3	0	2	1	2	2	2	0	1	1	1	0	4	4	0	2	2	3	3	3	2	4	3	3	2	2	3	1	0	0	2	3	3	2	3	0	1	2	4	3	3	1	4	5	2	0	1	0	1	1	0	3	3	4	4	0	4	4	3	6	5	2	3	3	14	19	11	5	4	5	14	13	17	5	4	3	7	5	4	3	2	3	1	3	2	2	4	2	4	9	13	14	9	2	2	2	4	4	2	7	2	2	3	5	4	4	3	4	4	2	1	1	0	0	1	1	0	3	1	3	2	5	2	4	2	6	3	2	3	0	2	1	3	3	1	0	1	1	0	0	1	3	1	0	1	0	1	0	0	1	0	1	0	1	0	1	0	0	0	3	3	3	2	1	5	3	2	4	4	4	6	9	15	11	12	1	4	2	0	1	3	7	3	1	1	1	2	2	0	5	0	1	0	2	2	0	2	1	0	3	1	0	0	1	2	1	0	2	1	1	0	0	1	1	0	0	2	0	2	0	0	0	0	1	0	1	0	0	1	1	0	0	5	1	0	4	0	1	0	0	0	2	2	0	0	0	0	2	1	0	0	0	1	0	1	1	2	1	1	2	2	2	1	0	2	1	1	0	3	0	0	2	2	3	1	1	1	0	1	1	1	2	0	0	0	1	0	1	1	0	0	0	0	2	0	0	0	0	0	0	0	0	1	0	0	1	1	0	0	0	0	0	1	1	0	1	0	0	0	0	0	0	0	0	3	0	0	2	0	0	0	1	0	0	0	0	1	0	0	0	0	0	0	0	0	0	2	1	0	1	1	0	0	0	0	0	0	0	0	0	0	0	0	0	0
0	0	0	0	0	0	0	1	2	0	0	0	1	0	0	0	0	1	0	3	1	1	1	1	0	2	0	0	1	0	0	0	0	0	0	0	1	0	0	0	0	0	0	0	1	0	0	1	1	2	1	3	5	9	4	2	3	3	0	2	1	2	1	1	0	3	2	2	1	0	4	4	1	4	5	7	4	4	1	1	8	5	5	8	11	17	15	36	0	160	31	15	4	7	1	10	2	4	5	5	11	8	2	2	4	8	5	12	5	11	5	8	4	9	2	4	3	2	2	1	1	2	2	0	1	1	1	2	1	2	4	2	0	3	2	1	1	1	4	0	4	3	2	3	1	6	2	2	0	2	2	0	0	0	2	3	1	1	2	2	0	0	2	2	2	1	2	1	0	1	0	0	2	1	1	1	1	1	2	1	1	5	4	1	0	4	7	2	5	12	21	7	8	10	17	16	25	10	3	3	7	4	10	2	0	2	0	4	3	3	5	6	7	5	4	9	10	5	4	5	6	4	8	7	6	3	6	9	7	0	3	2	2	5	5	2	0	1	4	4	2	2	2	3	5	10	7	13	9	5	3	3	1	1	0	0	2	2	3	1	3	2	1	4	1	0	0	3	1	0	3	0	0	0	0	0	1	3	1	0	3	0	1	5	4	5	12	4	3	4	8	4	33	24	26	40	27	4	12	7	4	11	7	0	2	2	3	3	4	1	1	2	2	2	1	0	4	1	3	2	3	1	1	1	1	0	1	0	1	3	0	2	1	0	1	1	2	3	0	1	0	1	1	0	0	1	0	0	0	0	0	0	1	1	0	0	2	5	0	1	3	1	0	1	0	2	1	0	0	2	1	0	0	0	1	0	3	0	0	0	1	0	1	3	0	1	1	2	0	2	5	3	2	1	2	1	1	2	1	1	0	1	2	0	1	0	1	0	0	0	0	0	0	0	0	0	0	0	0	0	0	0	1	1	0	2	0	0	0	1	0	1	0	0	0	0	0	0	1	0	0	0	0	1	1	1	1	0	0	0	1	2	0	1	0	1	0	0	0	0	0	0	1	3	0	0	0	1	0	0	1	1	0	1	1	0	0	0	0	0	1	0	0	1	1	0	0	1	0
0	0	0	0	0	0	0	0	0	0	1	0	0	1	1	0	2	0	0	0	0	1	1	1	1	0	1	0	2	1	0	0	0	1	0	1	0	0	0	0	1	0	0	0	1	1	3	0	1	2	1	1	3	2	5	1	3	4	2	1	4	0	4	2	3	2	0	0	0	0	2	1	1	4	12	8	1	1	2	1	4	3	4	5	14	7	6	37	160	0	23	8	4	4	4	3	1	1	4	6	7	8	4	1	3	8	4	6	3	8	9	5	9	9	4	2	3	1	2	2	1	1	1	0	2	1	0	1	2	5	4	0	2	2	2	1	1	2	4	2	5	4	4	2	8	6	1	3	11	2	0	2	3	1	0	1	0	1	2	1	0	0	0	1	0	3	2	2	1	0	1	0	1	1	0	0	2	4	3	1	3	1	2	3	0	1	3	3	7	12	44	11	10	19	40	46	19	19	4	4	3	3	0	1	1	0	0	2	3	0	2	3	7	1	12	7	6	4	6	4	1	1	7	4	6	7	4	8	6	4	3	3	3	4	4	1	0	1	3	2	1	1	3	3	1	7	14	21	14	6	6	0	1	1	0	0	1	0	3	0	0	2	2	2	1	1	1	0	1	0	0	0	1	1	0	0	0	1	1	2	1	2	0	6	6	2	5	4	1	4	6	4	30	24	18	32	10	7	14	1	8	3	5	3	9	10	6	4	2	3	1	1	0	2	3	2	3	4	3	0	2	2	3	1	1	0	0	0	0	0	0	2	0	0	1	0	1	1	0	2	1	1	1	0	2	0	0	0	1	1	0	0	3	1	2	1	5	0	2	4	4	1	0	2	0	1	1	2	3	0	2	0	1	1	1	0	0	1	1	2	1	2	1	2	0	0	3	1	0	1	0	3	5	1	0	1	2	1	0	0	2	1	1	1	2	0	1	1	3	1	1	0	1	1	0	2	0	0	0	1	0	0	0	0	0	1	0	1	0	0	0	0	0	0	0	0	0	1	0	0	0	0	1	1	0	0	0	0	0	1	0	0	1	0	0	0	0	0	0	0	0	0	0	1	0	0	1	0	0	1	0	1	0	1	1	0	0	1	0	0	2	0	0	0	1	0	0	0	0
0	0	0	0	0	0	0	0	0	1	0	1	1	0	0	0	0	2	0	0	1	0	0	1	0	1	0	1	0	1	0	2	0	1	1	0	1	0	1	0	0	0	1	0	1	0	0	0	0	2	5	8	8	15	8	2	5	2	5	2	5	4	2	4	1	4	0	1	1	3	2	2	2	2	6	1	5	4	3	3	4	6	3	10	14	38	19	151	31	23	0	48	8	12	9	10	2	6	12	7	7	4	3	2	4	14	4	8	7	2	8	3	7	11	0	2	1	1	2	2	2	1	3	0	2	2	1	0	1	2	5	0	2	1	4	1	1	5	2	3	2	1	1	2	4	6	2	2	5	6	1	1	1	0	3	0	1	0	1	0	2	2	1	5	4	3	4	0	1	0	1	1	1	4	1	2	3	0	0	3	3	4	5	6	0	1	2	7	6	15	10	6	2	2	13	13	20	8	5	4	6	8	2	4	4	1	2	3	2	6	2	3	4	8	12	14	10	5	4	4	3	3	8	2	7	8	3	6	4	3	5	2	2	4	0	5	0	1	1	0	4	1	1	1	2	2	8	2	7	2	0	4	1	0	1	4	1	2	2	1	0	0	1	1	1	0	1	1	0	1	0	0	3	0	0	1	0	0	1	0	0	0	2	0	4	3	1	2	2	1	5	2	6	5	7	10	17	5	10	3	1	4	4	2	1	0	3	4	3	0	0	0	0	1	0	2	3	2	0	0	0	0	1	0	1	0	0	1	0	0	0	1	0	0	0	1	0	0	1	1	2	0	0	0	0	1	0	1	0	0	0	0	2	1	1	2	0	2	2	0	2	1	0	0	1	2	0	2	0	2	2	0	0	0	0	0	1	1	1	2	0	0	1	0	1	1	0	0	2	1	0	1	0	2	1	1	0	0	1	2	0	0	2	1	0	0	0	0	0	0	1	1	0	0	0	0	0	1	0	1	0	0	0	1	0	0	0	0	0	0	0	0	0	0	1	1	0	0	0	1	0	0	0	0	1	0	0	0	0	0	0	0	0	1	0	0	0	1	0	0	0	1	0	0	1	1	1	0	0	1	0	1	0	1	0	0	2	0	0	0	0	0	1	0	0	0	0	1	0
0	0	0	0	0	0	0	1	1	0	1	0	1	1	0	0	1	0	1	1	0	1	0	1	1	1	2	0	1	0	0	1	0	2	1	1	0	0	1	0	0	1	1	1	0	1	0	1	0	5	2	5	7	12	13	4	4	3	0	5	8	4	2	2	0	3	0	1	1	3	3	1	4	4	1	1	2	1	3	7	2	8	6	4	9	14	5	24	15	8	48	0	33	35	19	12	10	9	38	4	6	8	3	2	1	17	10	14	7	10	9	1	1	3	2	0	1	0	1	2	3	1	1	0	2	1	0	3	0	1	2	1	2	0	1	0	1	0	2	3	1	1	2	1	2	2	0	0	1	2	2	2	0	1	1	0	2	3	2	2	2	3	3	1	1	2	6	0	2	1	0	0	2	0	1	0	3	3	3	1	4	2	3	2	1	2	3	2	2	4	5	4	1	2	3	5	15	12	2	2	24	11	8	2	3	2	2	4	4	3	3	11	7	4	2	7	4	4	0	2	1	6	7	7	2	5	3	4	5	3	1	3	1	0	3	0	3	3	2	0	1	1	3	1	0	1	1	1	2	2	2	1	1	0	2	1	1	3	1	1	1	3	0	1	1	0	0	1	0	1	1	1	0	0	2	0	0	1	0	0	0	1	1	3	2	0	3	1	2	2	3	2	8	8	6	6	11	5	6	4	0	3	1	2	4	4	1	2	1	0	0	0	2	1	0	0	3	0	0	2	0	0	1	0	0	2	0	0	1	0	1	0	0	2	2	1	1	0	1	2	2	0	0	1	0	0	0	1	0	1	1	1	1	1	3	0	1	0	3	1	1	0	1	0	0	0	0	1	0	1	0	1	0	1	2	0	0	0	0	1	2	0	0	2	3	0	2	1	0	1	2	3	2	2	1	0	1	1	1	1	1	1	1	1	1	0	0	0	0	0	0	0	0	0	0	0	0	0	1	0	0	1	0	0	0	0	0	0	0	0	1	0	1	0	0	0	0	0	1	0	0	0	0	1	0	0	0	0	0	0	0	0	0	0	0	0	0	0	0	0	1	0	1	0	1	0	0	0	0	0	2	2	2	0	1	0	0	2	0	1	0	0	0	0	0	1	0	2	0
0	0	0	0	0	0	0	1	0	0	0	0	1	1	0	0	0	0	0	0	0	0	0	0	0	1	0	0	0	1	0	2	2	1	0	0	1	2	0	2	0	0	0	2	1	0	1	0	1	2	0	0	5	7	9	6	6	3	2	7	6	4	3	7	3	3	2	2	2	0	2	1	4	2	0	0	0	1	3	1	4	2	3	2	2	11	8	8	4	4	8	33	0	145	16	11	9	14	16	6	4	4	1	5	4	11	8	3	5	8	3	2	2	3	2	1	0	0	0	1	0	0	1	0	0	1	1	1	0	2	3	0	1	0	1	1	2	0	1	1	1	1	0	2	0	2	1	3	1	2	2	2	0	0	1	2	1	1	1	6	1	1	3	2	5	5	2	2	2	1	0	1	1	1	4	0	1	2	0	1	3	3	1	1	2	0	2	2	3	3	1	2	3	1	2	4	6	12	7	1	6	7	8	7	4	3	3	8	8	5	5	15	6	7	4	3	2	2	1	1	2	1	3	1	2	0	2	1	3	2	2	2	0	0	1	1	1	1	0	4	2	1	2	0	1	2	1	2	1	1	3	2	1	0	2	0	0	1	0	0	0	1	1	0	1	0	2	0	0	0	0	0	0	0	0	2	0	2	1	1	1	0	2	0	1	1	2	0	2	1	3	5	3	2	5	6	8	2	2	0	5	0	1	0	0	2	3	4	1	0	0	2	1	0	1	0	0	1	1	0	0	0	1	0	2	0	0	0	0	0	1	0	1	0	1	0	1	2	0	1	0	2	1	0	2	0	0	0	0	0	0	0	1	0	2	0	0	1	0	0	1	0	0	0	0	1	0	1	1	0	0	0	0	0	0	0	0	0	2	0	0	0	1	0	2	1	1	0	0	1	2	1	1	2	4	0	1	0	1	0	2	0	0	0	0	0	1	0	0	0	0	0	0	0	0	0	0	0	2	0	1	0	1	0	0	1	1	0	0	0	0	0	0	0	0	0	2	1	0	0	0	0	0	1	0	0	0	0	0	1	2	0	0	0	0	0	0	0	0	0	0	0	0	1	0	0	0	1	0	0	0	0	0	0	0	0	0	2	0	0	0	0	0	0	0	0	0	1	0
0	0	0	0	0	0	0	0	0	0	0	0	1	0	2	0	0	1	0	3	1	1	1	2	1	0	2	0	1	1	1	0	1	0	3	2	0	0	0	0	0	0	0	0	1	0	1	0	0	2	4	4	10	10	12	2	3	3	3	1	9	5	1	1	2	2	2	1	2	1	4	3	2	3	0	1	0	3	0	4	5	3	3	4	6	11	6	7	7	4	12	35	145	0	35	14	23	17	14	9	6	2	2	2	2	6	6	6	4	4	5	0	4	4	1	2	1	1	0	1	2	4	0	2	0	1	0	2	0	2	3	0	0	0	3	1	2	1	1	1	2	3	0	1	2	2	1	0	2	2	0	1	2	3	0	4	4	3	2	6	1	1	4	3	4	5	4	0	4	1	0	0	1	2	1	0	2	4	3	2	1	2	4	2	2	0	1	0	8	6	3	2	3	2	4	5	4	13	2	1	10	7	2	4	1	3	2	0	9	2	5	5	9	4	4	2	0	3	3	0	2	4	3	0	3	2	1	1	0	1	3	2	2	1	1	0	2	0	1	1	0	1	1	2	2	3	1	2	1	3	0	3	1	2	2	0	0	1	1	0	0	1	0	0	1	2	2	0	0	0	1	0	0	0	1	0	1	1	0	1	2	0	1	1	1	4	3	0	2	3	1	3	7	1	2	2	5	2	0	2	3	0	3	1	0	0	2	3	0	2	1	0	1	0	0	0	0	0	0	0	0	0	0	2	2	0	0	0	0	0	1	1	0	0	0	0	0	0	0	0	1	1	0	2	1	2	1	0	0	0	2	1	1	1	1	0	1	0	0	0	0	1	1	0	1	2	0	0	0	0	1	0	0	0	0	1	2	0	1	0	0	0	1	0	3	3	2	1	0	1	5	1	0	0	2	1	0	0	0	1	0	0	2	0	1	2	0	1	0	1	0	1	0	0	1	0	0	0	0	0	0	0	0	1	0	0	0	0	1	1	0	0	0	0	2	0	0	1	1	0	0	1	0	0	0	1	0	0	0	1	0	0	1	0	0	0	0	0	0	0	0	0	0	0	0	0	0	0	1	0	0	1	0	1	1	0	0	1	0	0	0	1	0	0	0	0	0	0	0
0	0	0	0	0	0	0	0	0	1	0	1	0	2	1	1	2	0	1	0	0	1	0	1	1	1	0	2	0	0	0	0	0	1	1	1	0	2	0	0	0	0	0	1	0	1	1	2	0	3	1	6	9	6	6	4	2	3	1	1	1	3	2	1	0	1	0	2	1	0	1	0	1	1	1	1	2	1	1	2	2	6	3	2	1	8	3	7	1	4	9	19	16	35	0	51	23	9	34	15	11	7	3	1	5	6	5	2	4	3	1	2	1	1	2	0	0	0	1	2	0	0	1	2	1	0	0	0	1	2	0	1	1	2	0	0	0	0	1	0	1	0	1	0	0	2	0	2	2	2	1	1	1	0	2	2	2	3	6	2	3	3	6	5	4	7	7	4	2	2	1	0	1	1	1	2	1	4	2	2	5	3	7	3	0	2	3	3	4	11	3	6	2	1	3	5	5	6	2	2	5	3	1	0	4	1	4	2	2	5	4	7	2	6	2	4	1	4	2	3	2	8	14	6	7	1	3	4	4	3	4	2	1	0	1	0	2	1	0	0	0	2	1	0	0	1	1	1	2	1	2	0	2	1	3	3	1	1	3	1	1	2	0	1	2	1	2	0	1	1	1	2	0	0	0	1	1	0	1	0	0	0	0	2	2	0	2	2	1	3	5	2	2	2	1	5	8	7	4	2	2	0	1	1	0	0	4	1	0	0	1	0	1	0	0	2	1	0	0	1	0	1	0	0	0	1	0	1	0	1	0	0	1	0	3	1	0	2	0	2	1	0	2	0	0	0	0	1	0	0	1	2	1	0	0	0	1	0	0	3	0	2	0	0	0	0	1	0	0	0	0	2	1	0	0	0	2	1	0	1	1	0	1	1	1	1	0	1	2	3	1	5	2	1	1	2	1	1	1	1	1	0	0	2	0	1	0	1	2	1	2	0	0	0	0	0	0	0	0	0	0	0	0	0	0	1	1	0	0	1	0	0	0	0	0	0	0	1	0	0	0	0	0	0	1	1	1	0	0	3	0	0	0	1	0	1	0	1	0	1	0	0	1	2	0	0	0	0	0	2	2	1	0	0	0	0	0	0	0	0	0	0	0	0	0	0	1	0	0
0	0	0	0	0	0	0	0	0	0	0	0	0	0	0	0	0	0	2	0	1	0	1	1	0	0	1	1	3	2	0	1	0	0	1	0	0	1	0	0	0	0	1	0	1	1	0	0	2	0	2	2	2	8	4	1	3	3	0	2	2	2	1	3	0	0	0	2	0	0	1	0	0	1	0	1	1	1	0	0	1	2	1	1	2	6	6	10	10	3	10	12	11	14	51	0	36	33	32	28	10	12	1	5	2	6	3	2	6	7	2	3	0	1	1	1	0	1	0	1	1	1	2	2	0	1	2	2	1	2	1	2	1	0	1	0	0	0	2	0	2	2	0	1	2	3	2	3	0	1	1	1	0	0	2	0	1	3	2	4	1	1	2	1	7	4	2	4	3	1	0	1	0	1	1	2	3	3	10	4	4	3	0	2	1	2	3	5	5	5	3	5	2	2	0	1	4	5	2	0	4	5	1	3	1	2	1	4	2	0	3	3	3	2	1	0	2	4	3	1	1	5	13	8	12	2	3	3	3	8	2	0	2	1	1	0	2	0	1	0	3	1	2	1	1	1	2	2	1	3	2	3	1	1	1	2	1	0	1	0	2	0	4	0	0	1	0	0	1	1	0	0	1	0	0	1	0	0	2	0	0	1	1	1	3	2	0	1	0	3	2	4	2	2	3	5	5	5	3	5	4	1	1	1	1	1	2	2	2	2	0	0	0	0	0	0	1	2	2	1	0	0	0	0	0	0	0	2	0	0	3	0	4	2	3	0	0	2	1	2	3	2	2	0	1	1	0	1	1	3	0	0	0	2	2	0	0	2	1	0	1	2	1	0	0	0	0	1	0	0	2	0	0	0	0	1	1	0	1	0	1	1	0	2	0	2	2	1	2	1	3	1	1	4	2	1	0	1	1	0	0	0	1	0	1	0	0	0	1	0	0	0	0	2	0	0	0	0	1	0	0	0	0	0	0	0	0	0	1	0	0	0	0	0	0	1	0	0	0	2	0	0	0	0	0	0	2	1	0	0	0	0	0	0	1	0	0	0	0	0	0	0	1	1	0	0	1	0	1	1	2	0	1	2	1	0	0	0	0	0	0	0	0	1	0	0	0	0	0
0	0	0	0	0	0	0	0	0	0	0	0	0	1	0	2	1	1	0	1	1	0	0	0	0	0	0	0	0	0	0	0	1	3	3	0	1	0	0	0	0	0	1	0	0	0	2	2	0	3	1	3	5	2	2	3	3	4	0	0	5	4	0	0	1	3	1	0	1	3	1	1	1	0	0	1	2	1	1	1	1	2	2	0	1	4	5	1	2	1	2	10	9	23	23	36	0	38	20	14	6	5	1	2	3	4	5	1	2	2	1	3	0	1	2	0	0	1	0	0	1	0	0	1	1	1	1	0	0	2	1	1	1	1	1	0	3	1	0	1	2	0	1	0	0	1	0	1	2	2	1	1	0	2	1	5	1	2	3	4	1	3	4	7	3	2	2	1	0	3	0	2	2	2	0	1	2	1	3	2	3	4	1	1	3	0	0	1	3	5	2	4	1	1	2	3	1	4	1	1	7	2	5	3	3	1	0	5	4	3	0	4	1	3	1	3	3	0	0	3	1	2	4	4	7	4	1	4	2	5	1	1	1	3	2	0	4	0	2	3	0	4	1	0	1	1	0	0	1	0	0	2	1	1	1	1	0	1	3	1	0	0	1	0	1	1	1	1	2	0	0	2	1	0	0	0	2	0	1	1	0	1	0	1	1	2	1	0	2	3	1	0	2	2	0	3	5	3	2	3	1	1	2	0	0	0	2	0	1	0	0	1	0	0	1	1	0	0	0	0	1	1	0	0	0	0	1	0	1	0	0	1	1	2	0	0	0	1	1	2	1	2	1	0	1	1	0	0	0	0	0	0	0	0	1	0	0	0	0	0	0	1	0	2	1	0	0	0	0	1	0	2	0	0	1	0	0	0	1	0	1	2	0	2	0	1	1	3	0	1	1	1	0	3	0	0	2	0	2	1	0	1	0	1	0	0	0	0	1	0	1	1	0	0	0	0	0	0	0	0	0	0	0	0	0	0	0	0	0	0	0	0	0	0	0	0	0	0	0	1	1	1	0	0	0	0	0	1	1	0	1	1	0	0	0	0	0	0	0	0	0	0	1	0	0	1	0	0	0	0	2	0	2	0	1	0	0	0	3	0	1	0	0	0	0	0	1	0	0
0	0	0	0	0	0	0	0	0	0	2	2	0	0	0	1	0	1	0	2	0	1	0	0	1	1	0	0	0	0	0	0	2	2	0	1	1	0	1	2	1	0	0	1	0	2	0	0	0	1	0	2	3	6	4	2	1	0	2	3	3	3	1	3	1	0	0	1	0	2	2	1	1	0	0	2	2	1	3	0	2	1	3	3	2	5	0	5	4	1	6	9	14	17	9	33	38	0	28	18	10	12	5	7	8	5	9	4	4	5	1	3	0	2	1	0	0	0	1	2	0	1	0	0	0	1	0	1	0	1	1	1	1	1	0	1	0	0	0	0	2	1	2	0	2	0	5	1	1	0	0	2	0	0	1	1	0	1	2	2	1	3	6	2	1	3	1	0	1	2	1	0	0	0	2	0	0	0	1	4	2	1	0	1	1	1	1	4	2	4	4	0	1	1	3	0	2	7	2	1	7	3	5	3	4	1	1	3	2	1	1	2	2	0	2	2	3	0	2	2	2	6	4	6	6	4	1	7	0	2	5	0	1	1	0	0	2	0	1	0	1	1	1	1	0	3	1	0	0	2	3	1	3	1	1	2	1	1	2	1	0	1	0	0	0	2	0	2	0	1	2	1	1	0	0	1	1	0	0	1	1	0	0	3	1	7	1	2	1	0	5	3	5	1	2	3	6	3	3	1	0	2	0	1	1	0	0	0	0	1	1	1	1	0	0	0	1	1	2	0	0	1	1	1	1	2	1	0	2	0	0	0	0	2	2	0	0	0	1	0	2	3	0	1	0	0	0	2	1	0	0	0	1	2	3	1	0	1	0	1	2	0	0	0	0	1	1	0	0	0	0	0	0	1	0	0	2	1	1	1	0	1	0	2	0	2	2	0	1	0	2	3	2	2	0	0	1	1	0	1	1	0	0	2	1	0	2	0	1	2	1	0	0	0	0	0	0	0	0	0	0	0	0	1	0	0	0	0	0	1	0	0	0	0	0	0	0	0	0	1	0	0	0	0	0	0	0	0	0	0	0	1	0	0	1	0	0	2	0	0	0	1	0	0	0	0	0	0	0	0	0	0	0	0	1	0	0	0	0	1	0	0	1	0	1	0	0	0	0
0	0	0	0	0	0	0	0	0	0	1	0	1	1	0	0	2	1	1	0	0	0	0	1	0	0	0	1	1	0	0	0	0	0	0	1	1	2	0	0	0	1	2	2	0	1	0	0	5	2	1	4	2	11	3	3	4	1	2	1	2	0	1	1	0	0	0	0	0	1	2	3	0	4	1	2	1	4	2	1	0	3	2	2	5	2	7	13	5	4	12	38	16	14	34	32	20	28	0	43	32	14	6	1	7	17	8	16	11	2	1	6	1	5	2	1	2	1	0	3	1	1	0	0	3	0	0	0	0	1	1	2	0	3	0	0	0	1	0	0	0	3	2	4	1	1	2	5	0	3	0	0	1	2	0	0	1	0	1	2	0	1	6	0	5	1	4	2	0	3	0	0	1	0	1	0	0	6	0	2	3	3	1	1	2	3	2	5	2	2	5	4	1	1	6	6	5	10	1	4	13	6	6	4	7	0	2	8	4	7	8	7	2	4	4	3	1	1	2	5	4	4	11	7	6	6	7	7	4	2	4	2	0	3	1	2	3	1	0	1	1	2	0	1	1	2	3	5	1	0	1	2	1	1	2	2	3	2	1	2	1	1	2	1	2	1	3	0	1	0	0	0	0	1	0	2	1	1	1	2	0	0	0	2	1	4	2	4	4	2	6	3	7	5	4	5	14	7	3	5	1	3	0	0	1	2	0	0	0	1	1	1	1	1	1	1	0	2	1	0	0	0	0	0	1	0	0	0	0	1	0	0	1	1	0	0	2	0	1	0	0	0	0	0	0	2	0	0	1	1	0	0	0	0	1	0	0	2	2	0	1	0	0	1	0	1	0	0	1	0	1	0	0	0	0	0	0	0	1	1	0	2	2	1	5	2	4	1	1	1	3	1	1	1	1	1	1	2	2	1	0	1	1	1	0	0	0	1	0	1	1	2	0	1	0	1	0	0	0	0	0	1	0	0	0	0	0	0	0	0	0	0	0	1	0	0	1	0	1	0	0	0	0	0	0	0	1	0	0	0	0	0	1	0	0	0	0	0	0	0	0	0	0	0	0	0	1	1	1	0	0	0	0	0	0	1	0	0	0	0	0	0	0	0	1	0	0	0	0
0	0	0	0	0	0	0	0	0	0	0	1	0	1	0	1	1	0	0	2	0	1	1	1	0	2	1	0	1	0	0	0	0	0	0	1	1	1	0	1	1	0	1	0	2	1	0	0	1	1	2	3	4	6	2	1	1	0	3	1	3	1	0	0	0	2	1	0	2	1	1	4	2	3	5	0	0	1	1	1	0	3	3	0	5	7	4	2	5	6	7	4	6	9	15	28	14	18	43	0	76	17	7	5	9	16	17	15	2	2	4	2	0	1	1	1	0	1	0	0	0	0	1	0	2	0	1	0	1	0	2	1	1	1	3	0	0	1	1	2	0	3	1	1	1	2	1	1	1	3	2	0	0	0	1	2	0	2	1	1	0	2	3	2	2	1	4	0	2	2	0	2	0	2	0	1	1	0	1	1	5	0	1	1	4	0	2	5	5	7	2	2	2	3	1	2	3	2	2	2	7	2	3	0	5	1	2	1	2	2	1	2	2	2	2	2	4	3	5	4	2	4	11	11	35	12	11	7	4	6	5	7	3	3	1	3	4	0	3	3	2	2	2	2	4	1	2	4	1	3	5	3	0	2	2	1	0	1	1	1	0	2	1	2	4	2	0	1	0	0	1	0	1	0	0	1	1	1	0	1	1	1	2	3	0	4	2	3	4	3	4	4	3	4	3	9	16	5	5	5	3	2	5	1	3	1	3	1	1	0	1	0	0	1	0	0	0	1	0	0	1	0	0	1	1	1	0	0	0	0	1	1	1	0	2	0	1	2	3	1	1	2	2	1	1	0	1	0	0	0	0	2	3	3	3	1	2	2	0	0	0	2	0	0	0	1	0	1	0	0	0	0	0	0	0	0	2	0	1	2	1	0	1	0	3	4	4	4	2	4	4	3	2	0	1	0	1	1	0	0	1	4	1	1	1	1	0	0	0	0	0	1	1	1	0	0	0	1	0	1	0	0	0	0	2	0	0	1	0	0	0	0	0	0	0	0	0	0	0	0	0	0	0	1	0	0	1	1	0	0	1	0	0	0	1	0	0	0	0	0	0	0	0	0	0	1	0	0	0	1	0	0	0	0	1	0	1	0	0	0	0	0	0	0	0	0	0	1	0
0	0	0	0	0	0	0	0	1	0	0	1	1	1	1	0	1	0	0	2	0	0	1	2	0	1	1	1	1	1	0	0	0	0	0	0	0	1	1	1	0	0	1	0	0	0	1	1	1	3	2	3	3	2	1	2	2	1	1	1	2	0	0	0	1	0	0	1	0	0	0	1	0	2	2	3	2	1	3	1	1	1	2	6	4	6	5	7	11	7	7	6	4	6	11	10	6	10	32	76	0	37	4	6	15	24	10	22	10	4	1	0	2	1	0	1	1	0	0	0	0	1	1	0	0	2	1	3	1	1	4	0	1	1	1	1	0	3	3	1	1	1	2	2	0	2	1	2	2	3	1	0	0	1	0	1	0	2	1	2	0	1	2	2	2	3	1	0	0	1	2	0	1	0	0	0	1	0	0	1	4	1	1	0	0	1	1	3	7	8	6	1	2	4	5	4	7	6	2	3	5	2	6	1	2	2	5	3	0	1	1	4	2	1	2	2	0	3	2	2	3	3	15	10	14	6	17	9	12	2	7	3	2	1	2	3	3	2	1	2	3	1	1	1	3	7	2	7	3	3	3	4	7	1	2	0	6	3	0	1	1	2	1	2	0	1	0	0	1	0	0	0	0	0	2	1	0	1	0	0	0	2	1	3	7	5	6	5	4	5	4	10	10	4	9	17	22	17	4	2	3	2	3	0	3	1	3	3	0	3	0	1	1	1	1	0	1	0	1	1	0	0	0	0	0	0	0	1	1	0	0	1	0	0	2	0	2	0	2	3	5	0	0	2	0	2	1	0	0	1	1	3	0	2	0	1	0	0	1	2	1	2	0	1	1	0	1	0	1	0	1	1	0	1	0	0	1	0	0	0	2	1	1	2	2	3	6	2	1	3	7	6	8	2	0	0	1	1	2	1	0	1	0	2	1	0	0	0	0	0	1	1	0	0	0	0	0	0	0	0	0	0	0	0	0	0	0	2	0	0	0	0	0	0	1	2	1	1	0	0	0	0	0	0	1	0	0	0	0	0	0	1	0	0	2	0	1	0	0	0	0	0	0	0	1	0	0	1	0	0	1	0	0	0	0	0	0	0	0	0	1	0	0	0	3	0	0	0	0
0	0	0	0	0	0	0	0	0	0	0	0	0	0	0	0	0	0	0	0	0	0	2	0	0	0	0	2	0	2	0	0	0	0	0	0	0	0	0	1	0	0	0	0	1	0	1	0	1	1	3	2	2	2	1	0	4	3	1	0	5	2	1	0	1	0	1	0	2	2	1	0	2	4	3	1	2	1	1	6	5	7	3	6	6	4	4	2	8	8	4	8	4	2	7	12	5	12	14	17	37	0	17	22	104	93	39	185	18	19	2	2	0	0	0	0	1	0	3	2	0	0	1	0	0	1	0	1	1	1	1	0	0	1	0	1	0	0	2	1	1	0	1	1	0	1	1	0	0	0	0	0	1	1	1	0	1	0	0	0	2	0	3	0	1	2	2	0	0	0	1	1	2	0	0	0	1	0	2	0	1	2	1	0	1	3	1	0	2	1	4	5	6	2	1	3	3	16	3	5	4	15	9	4	8	4	3	6	6	4	0	3	6	4	1	3	3	2	2	5	3	3	4	4	7	9	10	12	3	5	2	2	7	1	1	1	1	3	1	0	1	3	5	2	1	0	3	2	5	4	3	3	2	1	3	2	3	3	1	0	1	6	1	2	0	0	1	1	0	2	0	0	0	0	0	2	1	2	0	2	1	4	2	2	7	9	11	6	4	6	9	13	13	4	13	7	6	7	2	5	2	5	0	1	2	1	2	0	0	0	1	4	0	1	0	1	0	0	2	4	0	0	0	0	1	1	0	0	0	0	2	1	1	1	2	2	1	2	3	1	1	1	1	0	0	1	1	0	0	0	0	1	1	2	1	0	1	1	0	2	1	0	0	0	0	0	1	0	0	1	0	1	0	1	1	0	3	0	0	1	1	1	0	1	3	1	5	1	0	1	3	4	2	1	1	1	1	1	4	0	2	1	0	1	1	2	1	0	2	1	2	1	0	1	0	0	0	0	0	0	0	0	1	0	3	1	0	0	0	0	0	0	0	0	0	0	0	0	0	1	1	0	1	0	0	0	0	0	1	1	0	0	0	1	2	0	1	0	0	0	0	0	0	3	0	0	0	0	0	0	0	0	0	1	0	0	0	0	0	1	0	0	0	0	0	1	0	0	0
0	0	0	0	0	0	0	0	0	0	0	0	1	0	1	0	0	0	1	0	0	0	0	1	0	0	1	1	0	0	1	1	0	0	0	0	0	0	0	0	0	0	0	0	1	0	1	1	1	0	0	0	2	2	2	1	1	1	1	4	2	4	1	1	0	0	1	0	0	0	2	0	0	1	3	0	2	2	2	5	3	9	4	2	2	4	1	1	2	4	3	3	1	2	3	1	1	5	6	7	4	17	0	74	35	18	29	20	13	11	5	1	2	1	0	2	0	3	1	0	1	1	0	1	1	1	0	0	2	1	0	0	0	0	3	1	0	0	0	0	0	0	1	4	2	0	1	1	1	0	0	1	0	0	1	0	0	0	0	0	0	2	1	1	1	0	0	0	0	0	1	0	3	0	0	0	0	0	1	1	1	1	0	1	1	0	0	0	1	1	0	3	5	2	1	1	0	2	8	5	5	8	18	3	26	10	7	2	2	2	0	0	1	1	1	1	1	2	2	1	1	5	4	3	1	2	5	12	4	2	3	3	2	0	4	1	2	1	1	2	0	2	3	3	4	3	7	0	1	1	1	4	3	1	0	1	7	9	3	1	0	1	0	2	0	2	0	2	0	1	1	1	0	0	1	1	1	0	1	2	1	1	1	3	3	4	6	10	7	14	14	16	7	9	6	6	6	4	1	0	1	3	1	0	1	1	3	0	2	0	0	2	1	1	1	1	0	2	0	2	0	1	0	0	1	0	0	0	0	0	0	1	0	1	0	0	1	1	0	0	1	1	0	0	3	2	0	0	0	1	0	1	0	2	1	0	2	0	2	0	1	0	0	1	0	1	2	1	0	0	0	0	0	0	0	0	0	0	1	2	0	1	4	0	2	1	1	1	2	1	3	1	0	5	1	1	0	3	3	3	0	1	1	0	0	0	1	0	0	0	0	0	1	0	2	0	0	1	0	0	0	0	0	0	0	0	0	0	0	0	0	0	0	1	0	2	0	0	1	0	0	0	0	0	0	0	2	1	0	0	0	0	0	0	1	0	1	0	0	0	2	0	0	0	0	0	0	0	1	0	1	0	0	1	0	1	0	1	2	0	0	0	0	0	0	0	0	0	0
0	0	0	0	0	0	0	0	1	0	0	1	0	0	1	0	0	0	0	0	0	0	1	1	1	3	0	1	0	0	0	0	0	0	0	0	0	0	0	0	0	0	1	0	0	0	0	1	0	3	0	1	1	0	3	1	0	0	1	3	1	0	0	2	4	0	0	0	1	0	0	0	2	1	3	1	3	1	5	1	1	6	6	5	2	4	0	0	2	1	2	2	5	2	1	5	2	7	1	5	6	22	74	0	43	19	38	27	11	4	2	1	0	0	0	1	1	0	0	0	1	0	0	1	1	0	0	1	1	0	1	0	0	0	0	1	1	1	0	2	0	2	1	1	1	0	3	2	2	1	1	0	2	0	2	1	1	0	1	2	1	1	1	0	0	1	1	0	0	1	0	1	1	3	0	0	0	1	0	1	0	0	3	0	0	2	1	0	0	2	6	1	7	3	0	4	2	1	1	1	4	15	8	3	12	9	3	3	3	1	0	1	2	0	0	1	0	4	3	1	0	0	6	2	1	3	2	6	6	1	1	2	5	2	3	1	0	2	0	1	1	3	1	1	3	1	6	3	2	2	4	2	4	4	6	4	6	2	5	0	1	3	1	3	0	2	0	0	1	1	0	0	0	0	2	0	0	2	2	1	4	0	0	2	3	4	9	3	3	10	7	11	8	4	3	6	2	2	1	2	1	2	0	0	0	1	0	0	2	2	1	1	0	2	1	0	1	0	0	0	0	0	0	0	0	0	0	1	0	2	0	2	1	3	0	0	0	0	1	1	0	3	1	0	0	1	0	0	0	0	0	0	0	1	1	2	0	2	0	0	0	1	0	0	0	2	0	0	1	1	0	0	0	2	0	0	0	0	3	0	3	0	1	0	3	2	2	3	1	3	1	4	4	3	0	0	0	2	2	0	0	0	1	0	0	0	0	0	1	0	0	1	1	0	1	0	0	0	0	0	0	0	0	1	0	0	0	0	1	2	0	0	0	0	0	0	0	0	0	0	1	0	0	0	0	0	0	0	0	0	0	1	0	1	1	0	0	0	0	0	0	0	0	0	0	0	0	0	0	0	0	0	0	0	0	1	2	0	0	0	0	0	0	0	0	0	0	1	0
0	0	0	0	0	0	0	0	0	0	1	0	0	1	1	0	0	0	0	0	0	1	1	0	0	1	0	0	1	2	0	0	1	0	1	0	1	0	0	0	0	0	1	0	1	0	1	0	0	0	0	1	0	3	2	1	0	2	0	1	5	3	2	0	1	0	1	1	0	1	1	2	0	3	1	1	1	1	3	0	2	10	6	3	5	2	2	2	4	3	4	1	4	2	5	2	3	8	7	9	15	104	35	43	0	46	32	88	14	17	4	3	0	5	1	0	0	2	0	0	0	0	1	2	0	0	0	0	1	0	1	0	0	0	0	0	0	2	1	0	0	0	0	1	0	0	0	0	1	1	1	0	0	1	2	0	0	0	1	2	1	0	2	0	1	1	0	0	1	0	0	0	1	0	0	2	0	1	1	1	0	3	1	2	1	1	4	1	2	3	4	3	6	5	5	3	3	10	4	5	8	6	4	4	8	9	0	4	3	5	2	3	1	4	2	2	1	1	3	2	0	0	3	3	2	10	14	9	7	5	5	5	3	7	3	1	0	3	2	0	1	0	1	2	4	0	5	6	2	6	2	3	5	0	3	2	6	6	6	2	1	1	1	3	2	4	1	0	0	1	1	2	0	2	0	2	0	2	0	2	1	2	3	4	8	7	19	6	7	15	29	17	7	10	12	8	2	0	3	6	3	3	0	2	0	2	5	0	1	0	0	1	3	1	4	0	1	3	1	0	1	1	0	1	1	1	1	1	1	0	0	0	2	1	3	3	0	1	3	0	1	1	0	1	0	1	1	1	0	0	1	0	1	2	2	2	2	4	0	1	1	0	1	1	1	1	2	0	1	0	0	1	0	0	0	1	0	0	0	2	2	0	0	0	0	1	6	3	1	3	4	1	1	0	2	1	0	1	0	1	1	3	2	1	0	3	0	1	0	0	1	0	2	0	0	0	0	0	0	1	0	0	0	1	0	0	0	0	0	0	0	0	0	0	0	1	0	0	0	0	0	0	0	1	0	0	0	1	1	2	2	0	0	1	1	0	0	0	0	0	0	0	0	0	0	0	0	0	0	0	1	1	0	0	1	1	0	0	0	1	0	0	0	0	0	0	1	0	0
0	0	0	0	0	0	0	0	0	0	0	0	0	1	0	1	0	0	1	0	0	2	1	0	0	1	1	0	0	0	1	0	0	0	0	0	0	0	0	1	0	0	0	1	0	0	1	1	0	3	1	0	3	2	2	0	2	2	4	3	3	6	1	0	2	0	3	1	4	0	1	1	2	2	3	3	0	0	0	2	7	18	7	2	11	8	7	5	8	8	14	17	11	6	6	6	4	5	17	16	24	93	18	19	46	0	23	271	42	24	8	4	3	5	4	1	1	4	0	0	1	2	0	0	1	1	2	1	2	3	1	1	1	1	0	1	2	1	1	0	1	2	3	1	2	7	1	1	1	0	0	1	0	0	1	0	1	0	0	1	1	0	5	0	3	0	1	0	1	0	0	1	1	0	0	1	5	4	0	2	3	1	4	2	1	0	1	2	2	4	4	6	5	5	6	6	8	18	11	5	30	15	13	3	16	9	5	7	9	3	6	10	3	0	1	2	3	2	1	1	3	1	6	4	3	5	11	12	9	6	5	3	2	4	2	2	0	2	1	2	1	0	3	1	5	3	4	5	2	1	2	2	0	0	2	1	1	5	2	3	2	1	2	1	0	1	1	2	0	1	0	0	1	0	1	0	0	0	0	0	1	1	1	2	3	6	8	2	4	8	13	12	30	6	13	8	10	3	1	1	3	2	0	0	1	1	0	2	1	2	2	0	2	1	3	1	1	1	1	1	1	0	0	0	0	0	0	2	1	0	0	2	0	0	0	0	1	0	1	3	0	0	0	0	1	0	0	2	1	0	0	0	1	2	2	2	0	3	2	1	0	0	0	0	0	1	2	0	0	0	0	0	1	0	1	0	0	0	0	0	0	2	1	0	2	0	1	4	1	3	2	7	3	1	4	0	0	0	0	0	1	1	1	0	1	0	0	0	1	0	0	0	0	1	0	0	0	0	0	0	0	0	0	0	0	0	0	0	0	0	2	0	0	0	0	0	0	0	0	0	0	0	0	0	0	0	1	1	1	0	2	0	1	1	0	1	0	0	0	0	1	0	1	0	0	2	0	0	0	1	0	0	0	0	0	1	0	0	0	0	0	0	0	0	0	0	0	0	0
0	0	0	0	0	0	0	0	0	0	0	0	1	1	0	0	0	0	0	0	1	0	0	1	0	0	0	1	0	1	0	0	0	0	1	0	0	1	1	0	0	0	1	0	0	1	0	0	1	0	2	1	1	2	3	1	1	1	1	2	4	1	2	0	1	2	2	0	0	1	1	1	0	1	3	3	0	2	1	3	4	8	5	1	3	3	1	5	5	4	4	10	8	6	5	3	5	9	8	17	10	39	29	38	32	23	0	17	11	7	3	3	1	1	1	1	3	1	1	1	0	0	1	1	1	0	2	0	1	0	1	1	0	0	0	0	2	0	0	1	0	2	0	1	1	1	2	1	2	2	1	0	0	1	0	0	2	1	1	0	2	3	1	1	4	1	0	0	0	0	1	0	2	0	1	1	1	2	0	1	1	0	2	0	1	1	0	0	3	4	6	5	3	1	2	2	4	8	5	5	10	30	20	8	15	4	7	4	9	6	6	3	2	1	4	0	2	3	0	1	1	3	3	3	6	7	8	1	5	0	2	3	3	4	1	0	0	1	0	0	1	1	1	1	2	2	3	1	3	2	1	6	1	2	2	3	5	6	3	1	1	0	2	3	3	0	4	1	1	1	0	2	0	0	0	0	0	1	0	1	1	2	1	3	3	3	8	5	4	4	8	8	4	11	2	5	8	1	2	2	1	0	2	2	0	1	1	2	1	0	2	2	0	0	1	0	0	3	0	3	1	0	0	1	0	1	0	1	1	0	1	0	2	0	0	1	0	0	1	0	0	1	0	0	0	0	0	1	0	0	1	0	0	0	0	0	2	1	0	0	0	1	0	0	0	1	1	0	2	0	0	0	0	0	0	2	0	1	1	1	1	3	0	1	1	3	2	0	2	3	4	2	1	1	1	1	0	0	0	4	1	2	0	0	1	1	0	1	2	0	0	1	0	1	0	0	0	0	0	1	0	0	0	0	0	0	1	0	0	0	0	0	0	1	0	0	1	0	1	0	0	0	1	0	0	0	1	0	1	0	0	0	0	0	0	0	0	0	0	0	0	1	1	0	0	0	0	1	0	0	1	0	0	0	0	0	0	0	0	0	0	0	0	0	1	0	0	0	0
0	0	0	0	0	0	0	1	0	0	0	0	0	0	1	0	0	0	2	0	0	1	1	2	1	0	1	0	0	0	1	0	0	1	0	1	1	0	1	0	0	0	0	0	1	2	0	0	0	2	0	2	1	2	6	3	4	4	0	2	1	0	0	0	0	1	1	0	0	0	3	0	2	3	0	1	1	1	2	2	11	13	8	6	7	3	4	6	12	6	8	14	3	6	2	2	1	4	16	15	22	185	20	27	88	271	17	0	32	17	4	6	2	2	2	0	0	3	2	0	0	1	0	2	0	0	0	1	0	0	0	0	0	1	0	0	0	1	2	1	2	1	2	1	1	2	0	2	0	3	0	0	2	0	0	0	3	1	0	2	1	1	1	2	0	1	1	4	1	0	0	0	0	1	0	2	1	0	0	2	1	0	1	1	3	0	1	1	1	6	8	3	2	8	7	6	4	3	6	2	17	13	13	3	8	7	3	6	4	5	4	3	1	4	2	2	3	2	1	3	3	3	6	3	2	2	5	10	5	5	6	1	0	5	2	1	3	0	1	5	2	2	2	2	2	2	8	4	1	0	2	3	1	3	2	2	2	2	4	1	0	2	1	2	3	4	0	1	2	1	0	1	0	0	0	0	2	1	0	3	0	4	2	3	8	9	8	6	4	6	26	28	24	11	13	11	9	5	6	6	2	0	0	0	2	2	3	0	2	0	0	0	0	1	0	3	0	0	0	0	2	0	0	0	1	0	0	1	0	0	0	0	0	0	0	0	0	2	2	3	2	2	0	0	0	0	0	0	0	2	0	1	0	3	1	0	2	1	1	1	2	0	1	2	0	0	1	0	0	0	1	1	1	2	0	1	1	0	5	0	1	1	1	0	1	2	2	0	1	3	4	4	4	1	1	2	2	1	1	0	0	3	0	2	2	0	0	0	0	1	0	1	0	1	0	0	0	0	1	0	0	1	0	0	1	0	0	0	0	0	0	1	0	0	0	0	0	0	1	0	0	0	0	0	1	0	0	1	1	1	0	1	0	0	0	0	0	0	0	0	0	0	0	0	0	0	0	0	2	0	0	0	0	0	2	0	0	0	0	0	0	0	0	0	0	1	0	0	1
0	0	0	0	0	0	0	0	0	1	1	1	0	0	0	0	0	0	0	0	0	0	0	0	1	0	2	1	1	0	0	0	1	1	1	0	0	0	1	0	0	0	0	0	2	0	1	0	0	2	1	2	3	0	8	1	1	1	1	4	4	3	1	2	0	0	1	0	0	1	2	1	2	6	2	1	0	4	5	5	14	90	13	13	14	10	8	3	5	3	7	7	5	4	4	6	2	4	11	2	10	18	13	11	14	42	11	32	0	84	14	6	0	1	1	1	0	2	1	0	0	1	2	0	0	0	0	2	2	4	0	1	0	0	1	0	1	2	1	1	2	1	1	0	2	2	1	2	0	1	1	0	0	0	2	1	3	1	1	0	1	1	0	0	1	1	1	0	1	1	1	0	1	0	1	0	1	0	1	3	2	1	1	0	1	0	2	2	0	4	5	4	6	4	3	4	8	17	13	11	37	16	25	12	23	6	10	12	3	4	5	5	5	1	2	2	2	2	0	0	2	0	3	1	0	4	3	3	6	6	4	1	1	2	2	1	0	1	2	3	0	0	1	2	1	2	3	5	2	2	1	3	0	3	1	3	2	2	2	1	0	0	2	0	0	0	0	1	1	0	1	0	1	0	0	0	0	1	0	0	1	1	0	2	2	7	5	8	4	5	14	16	18	14	8	3	2	3	3	3	0	3	2	2	1	0	2	2	1	0	0	1	0	1	0	0	0	1	1	1	0	1	1	0	0	0	0	0	0	0	0	1	0	0	0	0	0	1	0	2	1	0	0	0	0	0	2	0	0	0	0	0	1	0	2	1	1	0	1	0	1	0	0	0	0	1	1	1	0	0	0	1	1	0	0	1	2	2	0	0	0	2	2	1	2	0	2	1	2	0	0	2	0	3	2	0	1	0	2	2	1	1	0	0	0	0	0	1	2	1	0	0	1	0	0	0	0	0	0	1	0	0	1	0	0	0	0	0	0	0	0	0	0	0	0	0	0	1	0	0	1	1	0	0	0	0	0	1	0	0	0	1	0	0	0	0	0	0	0	0	0	0	0	0	0	0	0	0	0	0	0	0	0	1	0	0	0	0	1	0	0	0	0	0	0	0	0	0	0
0	0	0	0	0	0	0	0	0	1	0	0	0	0	0	0	0	0	1	1	0	0	1	0	0	1	2	2	0	0	0	1	0	1	1	2	2	1	0	1	1	0	0	1	0	1	0	0	2	1	2	2	4	2	1	1	2	3	4	4	6	4	0	1	2	1	5	0	1	0	1	4	5	3	2	6	6	6	2	11	9	70	16	30	23	6	5	3	11	8	2	10	8	4	3	7	2	5	2	2	4	19	11	4	17	24	7	17	84	0	7	10	2	6	5	2	0	4	1	2	1	4	1	1	1	0	0	0	2	1	2	1	0	2	0	2	0	1	1	0	2	0	1	0	4	3	0	1	0	0	1	1	0	1	0	0	1	1	0	1	2	0	1	0	3	1	1	2	1	0	0	1	0	0	0	2	0	0	1	0	2	2	2	0	2	3	0	0	6	5	11	13	11	3	7	5	10	26	34	16	27	8	6	5	12	4	4	9	5	2	5	4	2	2	3	1	1	0	1	0	0	1	3	0	3	2	2	5	2	3	2	2	1	1	3	3	1	1	1	1	0	3	2	0	4	6	3	2	5	5	3	1	1	1	2	0	1	4	3	2	2	3	1	0	0	1	1	0	0	0	1	0	1	1	1	0	1	0	0	1	0	1	0	3	3	4	4	4	4	2	10	14	21	17	9	6	4	8	4	1	1	2	3	0	1	4	2	2	2	0	0	1	0	0	1	0	0	1	1	0	0	1	0	1	0	3	0	1	0	0	1	1	1	0	0	2	1	1	0	0	0	0	0	0	0	0	0	0	0	0	0	1	1	0	0	2	3	0	0	2	0	1	1	1	0	0	0	1	0	0	1	1	1	0	0	0	0	2	2	0	3	1	0	1	2	1	1	2	0	1	1	2	1	1	0	0	0	0	1	1	0	0	1	2	0	1	0	2	2	1	0	0	0	0	0	0	0	1	1	0	1	0	0	0	0	0	0	2	1	1	0	0	0	0	0	0	1	0	0	0	1	0	1	0	0	0	1	0	0	1	0	1	1	0	0	0	0	0	0	0	0	0	0	0	0	0	1	1	0	0	0	0	0	0	0	0	0	0	0	0	0	0	0	0	0	0	0	0	0
0	0	0	0	0	0	0	1	0	1	1	0	0	0	1	0	0	0	0	0	0	0	2	1	1	0	4	0	0	1	0	0	1	0	0	0	0	1	1	1	0	0	0	0	0	0	1	1	2	0	0	1	2	0	6	3	4	6	12	6	15	7	1	4	2	1	2	0	2	2	1	5	5	12	5	12	11	9	24	24	13	14	8	47	78	21	19	3	5	9	8	9	3	5	1	2	1	1	1	4	1	2	5	2	4	8	3	4	14	7	0	34	24	10	8	5	3	6	3	0	1	3	0	0	1	1	0	0	3	3	2	1	1	1	2	2	1	1	2	0	2	1	1	2	4	7	3	6	1	3	2	0	0	0	0	0	2	2	3	3	0	1	1	2	1	1	0	3	0	0	0	1	0	1	1	1	1	0	0	4	2	2	2	4	1	3	0	1	2	3	13	14	5	3	5	6	32	23	12	12	6	2	6	2	3	4	3	5	5	5	14	12	10	9	6	2	3	0	0	1	0	0	2	0	3	1	2	2	2	2	3	1	1	2	0	0	1	2	4	1	0	1	2	1	0	3	2	4	3	3	2	1	0	1	0	2	0	0	0	1	1	0	2	1	3	0	0	0	2	0	0	1	1	0	1	0	1	1	0	0	2	0	0	1	3	1	2	2	5	0	1	5	6	11	5	2	4	4	1	3	4	2	1	1	6	1	5	5	1	2	2	3	1	0	2	2	1	0	2	1	0	0	1	0	0	0	0	0	2	0	1	0	0	0	2	0	0	0	1	3	0	0	1	1	0	1	1	0	0	0	0	2	0	0	0	0	1	2	0	1	2	1	0	1	1	0	0	0	0	0	0	1	0	1	0	0	1	0	0	0	2	2	0	1	1	1	1	2	1	0	3	2	0	0	1	1	1	1	0	1	2	0	0	0	0	1	0	0	0	1	2	1	0	1	0	0	0	0	1	0	1	0	0	0	0	1	0	0	0	0	1	1	0	0	0	0	1	0	0	0	0	0	0	0	0	0	0	1	1	0	0	0	0	0	0	0	1	0	0	0	1	1	0	0	0	1	0	0	0	1	1	1	1	0	1	0	0	0	0	0	0	0	0	1	0	1	0	0	0
0	0	0	0	0	0	0	1	0	0	2	0	1	0	0	0	0	4	0	0	3	0	3	0	0	3	0	1	1	1	0	0	0	1	0	0	0	0	0	1	0	0	1	0	0	0	1	1	0	2	1	2	1	3	2	0	2	2	6	7	4	7	5	5	0	1	3	1	1	4	1	7	11	13	8	18	22	8	17	20	2	5	2	11	25	9	1	4	8	5	3	1	2	0	2	3	3	3	6	2	0	2	1	1	3	4	3	6	6	10	34	0	31	11	9	5	6	3	3	1	0	1	2	1	0	1	2	0	0	2	1	0	1	2	2	0	1	2	5	2	0	1	1	1	5	2	3	2	3	3	1	1	1	2	1	0	0	1	0	1	0	0	1	3	1	1	3	1	2	0	0	0	0	1	0	0	1	0	0	2	0	0	1	2	1	1	0	2	1	2	11	26	7	9	6	4	9	4	14	12	3	3	0	2	6	0	1	7	2	7	9	6	8	7	5	3	4	0	2	1	0	0	1	1	3	0	3	1	1	1	0	0	1	0	0	0	1	4	4	0	2	1	1	2	0	3	0	2	2	3	2	1	0	0	1	0	0	2	1	0	0	0	0	1	1	0	0	0	1	0	1	0	0	0	1	0	1	1	0	0	0	2	2	0	3	4	2	5	1	0	2	6	2	7	4	1	1	0	2	2	5	2	2	4	5	2	1	1	3	2	1	0	1	1	1	0	1	1	0	3	1	0	0	1	0	1	1	0	0	0	0	1	0	0	1	2	0	0	0	2	0	0	2	0	1	0	0	0	0	0	1	2	0	2	1	1	0	2	2	0	0	2	1	1	0	1	1	3	0	1	1	0	0	1	0	1	1	1	0	0	0	2	0	2	0	2	0	1	2	1	0	0	0	0	0	0	1	0	2	1	0	0	1	0	0	1	1	0	1	0	1	0	0	1	0	0	0	0	0	1	2	1	0	0	0	0	0	0	0	0	0	1	0	1	0	0	0	0	0	0	0	0	2	1	0	0	0	0	0	0	0	1	0	0	0	1	0	0	0	0	0	0	0	0	0	0	0	0	0	2	1	0	2	0	0	0	0	0	0	0	1	0	1	0	0	0	0	0	0
0	0	0	0	0	0	0	0	0	0	0	0	0	0	0	0	0	0	0	0	0	0	0	1	0	1	2	0	0	1	0	2	0	0	0	0	0	1	1	1	2	0	0	1	0	1	1	3	2	3	0	5	1	1	6	5	5	7	17	2	5	5	8	5	3	4	7	2	6	7	3	7	11	87	10	29	55	21	31	12	3	2	3	8	16	9	9	2	4	9	7	1	2	4	1	0	0	0	1	0	2	0	2	0	0	3	1	2	0	2	24	31	0	42	22	14	17	8	4	1	6	7	2	1	1	2	0	2	2	3	3	0	2	1	1	0	2	1	1	2	3	2	2	2	6	11	6	8	10	3	2	1	1	2	2	0	0	3	1	1	0	0	1	0	2	1	2	1	2	0	0	0	2	3	0	2	1	3	4	2	3	1	2	0	4	1	3	1	2	4	16	13	7	6	7	11	6	1	5	4	0	4	2	1	3	2	1	2	3	4	5	1	4	10	9	3	7	3	1	0	1	2	3	1	1	1	1	0	0	0	0	2	0	0	1	2	0	0	4	2	1	3	3	1	0	0	1	0	1	3	1	3	0	2	0	0	0	3	2	0	1	0	1	0	2	0	2	0	0	1	0	1	3	1	0	0	0	0	1	0	0	1	0	1	1	1	4	2	1	0	2	6	6	4	3	1	4	2	8	2	3	3	2	0	3	7	1	10	7	1	1	1	0	0	1	0	3	3	0	0	0	1	0	0	0	0	0	1	1	1	0	0	0	2	0	0	0	0	0	0	0	1	0	0	0	1	0	0	0	1	1	0	0	2	0	1	2	0	0	3	2	0	0	1	1	3	1	4	1	1	0	1	0	1	1	1	1	2	2	2	1	1	0	1	1	0	1	1	0	0	1	2	1	0	1	1	0	1	0	0	0	0	0	1	0	0	0	0	0	0	1	0	1	1	0	0	0	0	1	0	1	0	0	0	0	0	0	1	0	0	0	0	0	0	0	0	1	0	0	0	0	2	0	0	0	0	0	0	0	0	0	0	3	1	0	0	0	0	0	0	0	0	0	0	0	0	1	1	0	0	0	0	0	1	0	0	0	1	0	0	0	0	0	0	0	0	0	0	0
0	0	0	0	0	0	0	0	0	1	1	1	1	0	1	1	1	2	1	1	0	0	0	0	1	0	2	0	1	0	0	0	0	1	1	2	0	0	1	0	1	0	1	0	0	0	0	1	0	2	2	4	3	5	7	7	4	23	10	7	15	10	9	9	6	5	3	4	3	4	8	15	10	48	10	12	24	12	11	8	2	2	4	4	9	12	12	5	9	9	11	3	3	4	1	1	1	2	5	1	1	0	1	0	5	5	1	2	1	6	10	11	42	0	61	11	8	2	4	3	1	3	3	4	3	3	2	6	2	2	3	3	2	2	0	1	4	4	2	1	4	1	4	8	13	17	10	13	10	3	2	0	1	0	0	0	1	1	1	0	2	0	2	1	1	2	3	2	2	1	0	0	2	2	3	1	0	0	1	3	4	0	3	1	3	2	1	3	0	1	15	9	5	7	8	13	9	0	7	6	6	2	1	2	0	1	5	1	4	5	4	5	4	24	39	8	3	3	3	3	2	2	3	4	3	3	1	0	2	2	3	1	1	3	2	1	1	1	1	3	1	1	1	2	1	0	3	5	0	2	0	1	2	1	0	0	0	1	3	2	0	1	1	1	0	0	0	0	0	1	1	0	2	0	1	0	0	0	0	0	1	0	0	1	2	2	2	2	2	2	3	6	2	5	2	3	0	0	4	1	3	1	4	1	1	6	0	4	6	4	1	1	0	1	3	0	1	4	1	0	0	2	0	1	0	1	2	0	0	2	0	1	0	0	0	0	0	0	0	1	0	0	0	0	0	0	0	0	1	0	0	1	0	0	2	2	0	0	0	1	0	0	1	0	0	1	2	0	1	0	0	0	0	0	0	0	0	2	0	1	0	2	2	2	2	0	0	1	1	1	1	1	2	1	1	0	0	0	1	0	0	0	1	0	2	2	0	1	1	0	0	0	1	0	0	0	0	0	0	0	1	0	0	0	3	0	0	0	0	0	0	0	0	0	0	0	0	0	2	1	0	1	0	0	0	0	1	0	0	0	1	0	0	0	0	0	0	0	0	0	0	0	0	0	0	0	0	1	0	0	0	0	0	1	0	0	1	0	0	0	0	0	0	0	1	0	0	0	1
0	0	0	0	0	0	0	0	1	0	0	0	0	2	0	0	2	0	1	1	2	0	0	1	1	1	3	0	0	0	1	0	0	0	2	1	0	1	0	0	0	0	2	1	0	0	1	2	1	0	1	4	4	6	4	10	4	48	22	9	9	19	20	10	9	11	4	3	8	17	14	32	47	10	5	10	13	26	12	3	3	3	4	5	4	8	7	4	2	4	0	2	2	1	2	1	2	1	2	1	0	0	0	0	1	4	1	2	1	5	8	9	22	61	0	26	10	10	8	7	3	7	2	3	3	3	0	0	4	2	5	1	2	1	3	2	1	4	0	2	0	1	0	3	8	11	11	20	10	6	3	4	0	1	2	2	2	1	2	1	0	0	0	1	1	3	0	2	0	0	0	1	0	1	1	1	1	4	1	2	1	4	2	0	1	3	0	0	2	3	2	2	1	1	2	2	5	3	5	2	2	2	0	1	2	0	2	2	1	2	3	4	11	15	20	5	2	1	0	0	1	2	1	1	1	0	0	3	0	0	2	3	0	0	0	0	2	1	0	0	0	1	0	1	2	2	3	1	0	1	0	3	0	0	2	1	2	0	0	0	2	0	1	0	0	0	0	0	1	0	1	0	0	0	1	0	0	0	0	0	1	0	0	0	0	1	1	2	2	3	1	1	2	2	5	0	5	2	0	2	2	3	0	1	0	4	4	6	3	1	0	1	0	1	0	3	2	0	0	1	2	0	2	2	1	0	0	0	0	0	0	0	1	0	0	2	1	0	1	0	0	1	0	1	0	1	1	0	0	0	0	0	2	0	0	1	1	0	0	1	0	0	0	1	1	1	1	0	0	2	0	0	1	0	0	0	0	1	0	2	1	1	2	0	1	1	1	1	0	0	1	1	0	1	2	2	0	0	0	0	1	0	0	0	0	1	0	0	0	0	0	1	2	0	0	1	0	0	0	0	0	2	0	0	0	0	0	1	0	0	0	0	0	0	1	0	0	2	0	1	0	0	0	0	0	1	0	0	0	0	2	0	0	0	0	1	0	0	0	0	0	0	0	1	0	0	0	0	0	0	0	0	0	0	0	0	0	0	1	1	0	0	0	0	1	0	0	1	0
0	0	0	0	0	0	0	1	0	0	0	1	0	0	0	0	1	0	0	1	0	1	0	2	1	2	0	1	1	0	0	1	2	0	0	3	1	0	2	0	0	0	0	1	0	0	3	1	2	0	1	1	2	2	1	3	1	9	3	1	2	5	10	2	3	7	11	6	14	9	17	7	31	10	2	12	12	20	5	5	1	1	1	3	4	5	6	4	4	2	2	0	1	2	0	1	0	0	1	1	1	0	2	1	0	1	1	0	1	2	5	5	14	11	26	0	38	21	22	9	28	8	3	10	7	2	3	1	4	0	5	4	1	1	0	2	5	0	2	3	3	1	2	5	8	8	20	21	9	9	1	1	1	3	0	1	0	0	3	0	0	0	1	0	0	0	0	1	2	0	2	0	0	1	0	1	1	0	1	0	2	1	1	1	1	0	2	1	2	0	5	7	3	2	2	4	3	3	1	1	2	0	2	1	0	2	1	1	2	2	1	2	3	7	9	3	1	2	3	2	0	0	1	1	3	0	0	1	1	0	0	0	0	1	0	0	0	3	4	0	0	0	1	1	2	2	2	2	3	1	1	0	0	0	1	0	0	1	0	0	1	0	0	0	0	0	0	0	1	0	1	4	0	1	0	0	0	0	1	1	0	1	0	2	2	2	1	0	3	0	0	0	1	0	1	5	1	1	1	2	1	3	3	1	5	2	2	3	9	3	4	3	1	2	1	1	2	2	0	0	1	1	0	0	0	1	0	0	0	0	1	0	1	1	0	0	0	1	0	0	0	1	0	0	0	1	0	0	0	0	0	1	1	1	0	2	0	2	0	1	0	0	1	1	0	1	2	0	2	0	1	1	1	1	0	2	0	0	1	1	1	0	0	2	3	0	0	0	2	1	2	0	0	0	1	0	2	0	1	0	1	0	1	2	0	0	1	0	1	0	0	0	0	0	0	0	1	0	0	0	0	1	0	0	0	0	0	0	0	0	0	0	0	0	0	0	0	0	0	0	1	0	0	0	1	0	0	0	1	0	0	0	1	1	0	1	0	0	0	0	0	0	0	0	0	0	1	1	0	0	0	1	0	0	1	0	0	1	1	2	0	0	0	0	0	0	0	1	0
0	0	0	0	0	0	0	0	0	1	0	0	1	1	1	0	2	1	1	0	2	1	0	1	2	1	0	2	0	0	2	1	0	0	1	0	0	0	3	0	1	0	0	1	1	1	0	1	1	1	4	1	1	1	2	1	2	3	1	0	3	2	6	3	6	3	6	3	8	4	1	9	28	14	7	22	24	12	10	5	1	2	1	2	1	3	4	3	3	3	1	1	0	1	0	0	0	0	2	0	1	1	0	1	0	1	3	0	0	0	3	6	17	8	10	38	0	26	21	5	11	4	2	6	4	1	2	3	0	4	5	7	1	2	2	0	2	2	0	0	3	1	2	5	3	7	9	8	7	1	0	1	1	1	1	0	1	0	2	0	3	0	1	3	0	1	1	0	0	0	0	0	0	0	1	0	0	0	3	2	2	0	0	1	0	0	0	1	2	1	4	5	5	2	0	3	3	3	2	2	0	3	2	2	2	0	0	0	1	1	1	4	3	4	6	3	1	1	0	1	1	0	0	1	1	0	2	1	1	0	1	0	2	0	1	2	1	1	2	0	1	1	3	0	1	0	1	0	2	2	0	1	1	0	0	0	1	1	1	1	0	0	1	1	0	2	1	0	2	0	0	0	0	0	0	0	0	1	2	2	0	4	0	1	2	0	0	0	0	0	1	3	2	5	1	1	1	2	5	0	1	0	1	3	2	5	3	3	8	2	1	2	2	4	2	2	0	1	0	1	1	1	1	1	0	1	1	0	0	0	0	0	0	0	1	0	2	0	0	1	1	0	0	1	1	1	0	0	0	1	0	0	1	1	0	1	1	1	0	2	1	1	1	0	1	2	1	0	0	0	1	0	0	2	0	1	1	0	2	2	1	0	0	1	0	1	2	1	1	1	1	0	1	0	0	1	0	1	1	1	0	0	2	0	1	1	1	1	0	0	0	0	0	0	0	0	0	1	0	0	0	1	0	0	0	0	0	0	0	0	1	0	2	0	0	0	1	0	1	1	0	0	0	1	0	1	1	0	1	0	0	0	0	0	0	0	0	0	0	0	0	0	0	0	0	0	0	0	0	0	0	1	0	2	1	0	0	0	0	0	0	0	0	0	0	0	0	1	0
0	0	0	0	0	0	0	0	0	0	0	0	0	1	0	1	1	0	0	1	0	2	2	1	1	1	1	0	0	1	0	0	0	0	2	0	0	0	0	0	0	0	0	0	0	0	0	1	1	0	1	1	2	0	4	0	1	2	5	1	3	7	7	3	2	6	6	9	7	5	8	16	27	4	2	8	12	21	12	4	3	4	2	3	3	1	2	1	2	1	1	0	0	1	0	1	1	0	1	1	0	0	3	0	2	4	1	3	2	4	6	3	8	2	10	21	26	0	20	9	10	7	0	1	2	0	3	1	2	1	6	4	0	0	0	0	2	1	2	0	1	2	2	3	7	1	5	3	3	0	2	0	0	1	2	0	0	1	0	0	0	2	1	1	0	0	0	2	0	1	1	1	0	0	0	1	1	0	2	0	1	0	1	1	0	4	0	0	0	1	4	2	1	2	5	5	4	2	2	2	1	0	1	1	1	0	1	3	1	2	1	2	0	3	3	2	1	0	1	0	1	0	0	0	0	0	0	1	0	0	1	3	2	1	1	1	0	1	0	0	1	2	1	1	1	0	2	2	2	0	0	1	0	1	1	1	1	0	1	0	0	0	2	0	0	1	0	0	0	1	0	0	1	0	0	0	1	0	5	0	1	2	3	1	2	0	0	0	0	0	0	0	1	1	3	1	2	0	0	1	2	1	2	0	0	3	1	4	3	1	0	2	0	2	1	0	0	1	2	0	0	2	0	0	1	0	1	0	0	0	0	0	1	0	1	0	0	1	0	0	1	0	2	0	1	0	0	0	1	1	0	0	0	1	1	1	3	0	1	1	0	0	0	1	0	0	0	0	1	0	1	1	1	1	0	1	0	0	0	0	0	0	0	0	0	1	1	0	2	0	4	1	0	0	2	0	0	0	1	0	0	0	1	0	0	0	0	1	0	0	0	0	0	0	0	0	0	0	0	0	0	0	0	0	0	0	0	0	1	0	0	0	0	0	0	0	0	1	0	0	0	0	0	0	0	0	1	0	2	0	0	1	0	1	0	0	0	1	0	0	1	0	0	0	2	0	0	0	0	2	0	0	0	0	0	0	0	0	0	0	0	0	1	0	0	1	0	0	1
0	0	0	0	0	0	0	0	2	1	1	1	0	1	0	0	0	1	1	0	0	0	1	0	1	2	0	0	0	0	0	0	0	0	0	0	0	0	0	0	0	0	0	1	1	0	1	1	0	2	1	0	1	1	3	5	0	4	3	1	3	5	4	3	2	7	9	8	21	11	19	8	22	4	1	6	3	10	3	2	1	1	1	2	2	0	1	2	2	2	2	1	0	0	1	0	0	1	0	0	0	3	1	0	0	0	1	2	1	1	3	3	4	4	8	22	21	20	0	34	20	9	1	4	8	2	6	2	4	3	3	2	4	3	1	0	0	0	1	3	2	5	0	1	4	5	3	11	3	0	4	0	0	0	0	1	0	0	2	0	0	0	1	0	0	0	0	1	1	0	1	0	0	0	0	0	0	4	1	3	0	0	2	1	0	3	0	0	0	2	0	0	1	2	0	2	2	2	0	1	2	1	1	1	0	0	0	0	0	1	3	3	0	0	1	1	0	2	0	2	0	0	0	2	1	0	0	0	3	0	0	0	1	0	0	0	0	0	1	0	0	0	0	0	1	4	1	1	1	3	1	0	1	0	0	1	0	0	2	0	0	1	0	1	1	0	0	0	1	0	0	0	0	0	0	0	0	1	2	1	0	2	0	0	0	2	0	1	2	0	0	0	1	2	0	0	1	2	2	2	0	1	1	0	2	3	0	5	11	1	1	0	1	1	1	3	2	2	0	0	0	1	1	1	0	0	1	0	0	0	0	0	0	0	1	1	0	0	0	0	0	0	0	0	0	0	0	0	1	0	0	0	0	1	0	0	0	2	2	0	2	0	0	0	1	0	0	0	0	2	0	0	0	0	3	2	0	0	0	0	1	2	1	0	0	0	0	1	0	0	0	0	0	0	0	0	0	0	0	1	1	0	1	0	0	0	0	2	1	1	0	0	1	0	1	0	0	1	0	0	1	2	1	0	0	0	0	2	0	0	1	0	0	0	0	1	0	0	0	0	0	1	0	0	0	1	0	0	0	0	0	0	0	0	1	2	0	1	0	0	0	1	0	0	0	0	0	0	1	0	0	0	0	1	1	0	0	0	0	0	0	0	0	0	0	0	0	0	0
0	0	0	0	0	0	0	0	0	1	0	0	1	1	1	1	0	1	1	0	1	0	0	1	0	0	1	1	0	4	2	1	0	1	1	0	0	0	1	1	0	1	1	0	0	1	2	1	3	0	1	1	1	2	1	5	2	3	1	1	1	6	2	1	2	8	11	12	49	11	8	3	5	2	1	2	0	6	6	1	0	0	0	0	3	2	3	5	1	2	2	2	1	1	2	1	0	2	3	0	0	2	0	0	0	0	1	0	0	2	0	1	1	3	7	9	5	9	34	0	40	12	8	11	6	0	5	4	6	0	6	2	0	3	2	4	4	2	0	1	3	3	1	1	3	7	5	8	3	5	1	0	1	1	0	0	0	0	0	0	1	1	1	0	0	1	1	4	1	0	0	0	0	0	0	1	0	1	1	2	1	2	0	0	0	0	1	2	1	0	1	1	2	1	0	2	2	3	0	4	3	2	1	0	1	0	1	1	1	0	0	0	2	1	3	2	0	0	1	1	1	0	1	0	0	0	0	0	1	0	0	0	0	0	1	0	1	1	0	0	1	1	1	2	0	0	0	0	2	1	1	0	1	1	0	1	0	0	0	0	0	2	0	0	0	0	0	0	1	0	0	0	0	0	0	0	0	2	0	1	3	1	0	2	0	0	0	3	1	0	0	0	1	1	1	0	1	1	0	1	1	0	4	0	2	1	1	2	4	3	2	1	1	1	1	2	2	0	0	0	1	2	0	0	0	0	0	0	1	0	0	1	0	0	0	0	1	0	0	0	1	0	0	0	0	0	0	0	0	1	1	0	1	1	0	1	2	0	0	2	0	0	2	0	0	1	0	0	2	2	1	3	1	2	0	1	2	1	3	2	3	2	0	0	0	0	1	1	0	0	0	0	1	0	0	1	0	0	0	1	0	0	0	1	0	0	1	0	0	0	0	0	0	1	0	0	0	0	0	0	0	1	1	1	0	1	1	0	0	0	0	0	0	1	0	1	0	0	0	1	0	0	0	0	0	0	1	1	0	0	0	0	1	0	0	0	1	0	0	0	0	0	0	0	0	2	0	0	0	1	0	0	0	0	0	0	0	0	0	0	0	0	1	1	0	0	0	0	0
0	0	0	0	0	0	0	0	0	0	1	0	0	1	0	1	0	0	0	0	1	1	1	0	0	1	2	3	0	0	0	1	1	1	0	0	0	0	0	0	2	0	0	0	1	0	0	2	0	1	1	2	1	1	3	3	2	2	3	1	0	2	3	3	2	3	6	8	37	6	10	3	9	6	3	8	6	9	0	1	1	1	0	0	0	2	2	1	1	1	2	3	0	2	0	1	1	0	1	0	0	0	1	1	0	1	0	0	0	1	1	0	6	1	3	28	11	10	20	40	0	26	7	21	14	4	4	4	2	3	10	3	1	1	0	2	3	0	2	2	4	4	5	7	4	8	17	13	5	3	4	1	0	1	0	1	2	0	1	0	0	0	2	2	0	1	2	2	2	0	1	0	1	0	0	0	2	0	0	3	2	0	2	2	2	0	0	0	2	0	4	3	1	0	1	1	3	0	2	2	1	0	0	0	0	1	1	0	0	2	1	0	0	3	3	2	2	2	4	2	0	0	1	1	1	0	0	1	0	1	0	1	1	0	1	0	0	1	1	1	0	0	2	0	0	2	0	0	3	1	1	1	1	0	0	0	0	1	1	0	0	0	0	0	1	2	0	0	0	0	0	1	0	0	0	0	1	0	0	0	0	0	1	2	1	1	2	3	2	0	1	3	0	1	3	1	1	0	2	2	1	0	1	1	0	1	2	4	17	4	0	3	1	2	1	1	0	0	4	0	1	0	1	1	0	0	0	0	0	1	0	1	0	0	0	0	1	0	0	0	0	0	0	0	0	0	1	0	1	0	0	1	0	0	0	2	1	0	1	2	1	0	0	0	2	1	0	1	0	1	0	1	2	1	1	1	1	0	3	0	0	1	2	1	0	1	0	0	0	1	1	0	0	0	0	1	0	0	0	0	1	2	2	0	0	0	0	0	1	0	0	0	0	1	1	0	1	0	0	0	0	1	3	0	2	1	0	0	2	0	0	0	0	0	0	0	0	0	1	1	1	0	0	0	0	2	0	0	1	1	0	0	0	0	0	1	0	0	0	0	1	0	0	0	3	0	0	1	2	1	0	2	0	1	0	1	0	0	0	0	0	0	0	1	1	0	0	1	0
0	0	0	0	0	0	0	2	3	0	0	0	0	1	2	0	2	1	0	0	2	0	0	1	0	1	1	1	1	3	0	2	0	1	2	0	0	0	1	0	1	2	1	1	0	1	0	1	2	1	5	0	1	3	2	3	4	6	5	0	1	1	4	2	2	8	14	12	24	11	4	2	7	2	3	1	1	2	2	1	1	1	0	0	3	0	2	5	2	1	1	1	0	4	0	1	0	1	1	0	1	0	1	0	0	2	0	1	1	4	3	1	7	3	7	8	4	7	9	12	26	0	36	98	45	10	13	8	11	9	14	14	9	5	4	8	6	4	4	6	6	5	2	9	14	12	31	23	21	8	14	3	1	1	2	0	0	0	0	0	0	1	1	1	1	0	0	0	0	0	2	0	0	1	1	3	2	3	2	3	1	3	0	1	1	3	1	1	3	1	1	1	0	2	1	1	6	2	2	4	0	0	1	0	0	4	0	0	2	0	0	1	0	1	6	6	4	3	0	2	0	0	2	0	0	1	0	0	0	0	1	2	1	1	1	2	0	1	1	0	1	1	1	1	1	1	3	3	1	2	0	0	0	0	0	1	0	0	0	0	0	1	0	0	2	0	1	1	0	0	1	0	0	0	0	0	0	0	0	1	0	0	2	1	0	2	1	1	1	0	1	3	1	1	5	1	1	2	3	2	3	4	3	5	1	3	2	4	10	8	3	4	1	5	2	3	3	3	2	0	1	0	1	0	1	0	1	1	0	2	1	0	0	1	0	1	1	0	2	0	0	0	0	0	1	1	0	0	0	0	0	0	1	0	1	1	0	1	0	2	2	1	0	2	1	0	1	1	0	0	0	2	0	1	0	4	1	1	1	2	0	2	3	2	0	1	1	1	0	1	1	0	0	2	0	0	0	0	0	0	1	2	1	0	1	0	0	0	0	0	1	1	2	1	1	0	0	1	0	1	0	1	0	3	0	0	0	1	0	0	1	0	0	0	0	1	0	0	0	2	1	0	0	1	0	1	0	0	0	2	1	0	2	2	0	1	0	0	0	1	0	1	0	0	0	1	0	1	0	0	2	0	1	0	0	0	0	0	0	0	0	0	0	0	0	0	0	0	3
0	0	0	0	0	0	0	1	1	2	1	0	0	0	1	2	2	2	3	1	0	1	2	0	4	1	2	2	2	1	0	2	2	1	0	1	3	0	0	1	0	0	2	0	0	0	2	3	1	4	1	2	1	0	0	3	4	6	0	1	3	2	1	1	2	7	14	17	11	0	3	2	3	2	0	1	4	3	7	4	0	0	0	0	1	1	2	3	2	1	3	1	1	0	1	2	0	0	0	1	1	1	0	0	1	0	1	0	2	1	0	2	2	3	2	3	2	0	1	8	7	36	0	72	26	11	3	16	17	10	17	43	34	20	8	10	9	3	7	2	6	1	3	7	7	8	8	23	16	14	10	3	3	1	3	0	1	0	1	2	2	0	0	1	0	0	2	1	3	0	0	1	2	2	0	1	0	3	2	5	2	4	2	1	3	1	2	1	2	2	3	1	1	0	1	2	3	1	1	0	3	0	1	3	1	0	3	0	1	1	2	1	2	4	6	10	4	6	0	1	3	1	2	0	0	1	0	4	1	0	0	0	1	0	3	3	0	1	1	0	1	0	0	0	2	1	1	1	0	1	2	1	0	1	0	1	0	2	0	1	0	0	1	0	0	0	1	1	0	0	0	2	0	0	0	1	1	0	0	0	0	0	1	0	0	1	1	1	1	1	0	0	0	0	2	2	1	1	1	0	0	2	3	0	1	1	0	1	7	6	3	2	2	0	2	2	1	1	1	0	1	0	0	1	0	0	1	1	1	0	1	0	1	2	1	0	0	0	0	1	1	0	0	1	1	0	0	0	1	3	0	0	0	1	1	1	0	1	1	3	2	2	0	3	0	0	2	1	0	0	1	0	1	0	1	0	2	0	0	2	0	1	0	1	1	0	0	2	0	0	0	0	0	1	1	0	0	0	0	0	0	1	0	0	0	0	0	1	0	1	0	0	1	0	1	1	0	0	0	1	1	0	1	0	0	0	0	0	1	0	1	0	0	0	0	0	0	2	0	0	0	1	1	0	0	0	0	1	0	0	0	0	0	0	1	0	1	0	1	1	0	0	0	1	2	0	0	0	0	0	1	0	0	0	0	1	1	2	1	3	0	0	0	0	0	0	0	1	0
0	0	0	0	0	0	0	1	0	0	0	0	0	1	0	0	1	1	1	1	2	0	3	3	0	0	0	1	2	0	0	1	0	0	2	0	0	0	1	0	1	0	1	1	0	0	1	1	0	0	0	2	0	1	3	3	0	0	2	0	1	3	3	3	1	3	9	16	18	8	3	3	2	3	5	0	2	2	0	2	0	0	1	2	2	4	3	1	0	0	0	0	0	2	2	2	1	0	0	0	0	0	1	1	2	0	1	2	0	1	0	1	1	4	3	10	6	1	4	11	21	98	72	0	70	13	13	11	15	8	18	22	11	6	9	4	2	6	2	5	5	1	3	7	10	7	7	7	11	6	2	3	2	0	0	0	1	1	0	0	0	1	2	0	2	1	3	0	1	2	1	1	0	0	0	1	3	1	0	2	1	0	3	1	5	4	1	1	2	2	1	0	1	3	3	1	4	0	0	0	0	1	0	0	1	0	0	2	2	1	0	2	2	1	2	3	2	0	1	0	0	1	1	0	2	0	2	0	0	1	0	0	2	0	2	1	1	0	2	0	2	1	0	0	0	2	1	0	2	1	2	1	0	2	0	1	0	1	1	2	0	2	0	0	1	0	0	0	0	2	0	0	2	1	0	0	0	0	1	0	0	0	1	0	0	1	0	0	0	0	0	0	1	2	1	3	0	1	3	0	2	4	3	2	3	5	2	3	6	13	7	3	1	4	1	2	2	3	1	1	0	0	0	0	0	0	1	2	0	0	1	1	2	0	0	0	0	0	1	3	0	1	1	1	0	0	0	0	1	1	0	1	0	3	0	0	2	1	0	2	1	3	0	0	0	0	3	1	1	0	2	2	1	0	0	0	0	2	1	1	1	0	0	0	1	0	0	0	0	0	0	0	0	0	1	0	1	0	0	0	1	0	2	1	0	1	0	0	0	1	0	0	0	1	0	0	0	0	0	0	0	0	0	0	1	1	1	1	1	0	0	0	1	0	0	1	1	0	0	0	0	0	0	0	0	0	0	0	0	0	0	0	2	0	0	0	1	1	1	1	0	0	0	0	0	0	1	1	0	0	0	1	0	0	0	0	0	0	0	0	0	0	1	0	0	0	1	1	1
0	0	0	0	0	0	0	0	0	0	1	1	0	1	1	2	2	2	1	1	1	2	1	0	2	1	2	3	0	0	0	1	0	2	1	0	0	1	2	0	0	0	0	2	0	1	2	1	0	1	0	0	0	2	2	4	2	8	2	0	1	2	3	1	1	3	6	4	10	5	2	2	4	1	6	2	0	2	7	2	1	0	0	0	3	7	1	3	1	2	2	2	0	0	1	0	1	0	3	2	0	0	1	1	0	1	1	0	0	1	1	0	1	3	3	7	4	2	8	6	14	45	26	70	0	18	26	18	15	8	19	25	11	3	5	3	6	2	3	3	5	5	7	4	7	9	12	8	8	8	5	2	0	2	1	0	0	0	2	0	1	0	1	0	0	0	2	0	0	0	1	0	0	0	1	2	2	1	0	1	2	1	3	0	3	2	3	3	0	2	1	2	3	1	2	2	0	1	1	2	0	0	1	0	2	0	0	1	0	0	0	0	1	4	3	4	4	3	1	2	0	1	1	0	1	1	1	0	1	0	0	2	0	0	0	1	0	4	0	0	1	1	0	0	1	0	0	0	2	1	2	1	1	0	0	0	0	1	0	1	1	0	0	0	0	0	0	0	1	0	0	0	1	0	0	0	0	0	1	0	0	1	2	0	0	1	1	0	0	2	0	1	3	0	1	0	2	1	1	0	1	2	5	5	4	4	3	4	8	9	4	4	3	2	3	0	3	3	1	1	2	0	1	0	0	0	0	0	1	0	0	0	1	3	0	0	0	0	0	0	1	1	0	0	0	2	1	0	1	1	1	0	0	1	2	2	0	1	1	2	3	1	2	0	1	0	1	2	1	0	1	1	0	0	1	3	1	2	2	0	1	2	2	1	0	0	0	1	0	2	1	1	1	0	0	0	0	1	0	0	0	0	2	0	0	0	1	0	0	1	0	1	0	0	0	0	0	0	1	1	0	1	0	0	0	1	0	1	0	0	0	0	1	0	0	0	0	0	0	0	0	1	1	1	0	0	1	0	0	0	0	0	1	2	0	0	0	0	1	1	0	0	1	1	1	2	1	1	1	1	1	2	1	0	0	0	1	0	1	0	0	0	0	1	0	0	1	0	0
0	0	0	0	0	0	0	0	0	1	0	0	0	0	2	0	2	0	0	1	1	3	0	2	0	0	0	2	1	1	1	0	0	0	0	1	1	3	1	0	1	0	1	1	0	0	3	2	0	0	2	0	4	1	2	3	0	0	0	2	0	0	3	1	2	1	4	1	3	4	1	1	3	3	3	3	0	2	2	0	0	0	0	0	2	0	0	0	1	1	2	1	1	1	0	1	1	1	0	0	2	1	1	0	0	1	0	0	0	0	1	1	2	3	3	2	1	0	2	0	4	10	11	13	18	0	136	37	13	6	9	29	13	12	9	20	7	6	1	5	4	4	3	4	1	3	4	1	2	0	4	4	1	4	4	0	2	1	4	0	0	1	0	1	1	1	1	0	0	0	0	0	0	0	1	0	1	0	0	2	2	2	3	1	3	4	1	1	2	1	2	1	2	0	1	1	0	0	0	0	0	0	1	0	0	1	0	0	1	1	0	0	0	1	2	1	2	1	1	0	2	1	0	0	0	0	0	1	2	0	0	0	1	0	0	2	1	2	1	2	0	1	3	1	0	2	1	0	2	2	1	0	1	0	0	0	0	1	0	2	0	0	0	1	0	0	1	0	1	0	0	3	1	0	0	0	0	0	1	1	1	1	1	3	0	1	0	1	2	0	1	0	1	1	0	0	2	0	2	1	0	2	0	2	1	1	1	4	6	21	13	7	4	0	3	4	3	1	1	1	1	0	0	0	1	1	2	0	1	2	1	2	0	1	0	0	0	1	0	0	0	0	2	0	0	1	0	1	0	0	0	1	0	0	1	0	1	0	2	2	2	4	1	2	1	3	1	1	1	0	1	1	0	3	2	3	0	4	2	1	0	0	0	0	1	0	0	0	1	0	0	0	1	0	0	1	1	1	0	0	1	0	1	0	0	0	0	1	0	0	2	0	0	2	0	0	0	0	1	0	0	0	0	1	0	0	0	0	1	0	1	1	0	0	1	1	0	0	1	1	1	0	0	0	0	0	1	1	1	2	1	1	0	0	1	0	0	0	0	0	0	0	0	1	4	2	3	1	0	0	0	1	1	0	0	0	0	1	1	0	0	0	0	3	0	0	0	1	1
0	0	0	0	0	0	0	1	0	0	0	0	2	2	0	0	1	0	1	0	0	1	1	0	1	2	3	0	0	0	2	1	0	1	0	0	1	0	0	0	1	0	0	0	1	1	0	1	0	1	4	1	1	0	0	2	2	1	0	1	0	1	0	2	1	5	4	3	3	0	0	3	2	1	2	2	3	0	2	0	2	0	0	1	0	2	1	2	1	0	1	0	1	0	0	2	1	0	0	1	1	0	0	0	0	2	2	0	0	0	0	2	0	2	0	3	2	3	6	5	4	13	3	13	26	136	0	11	10	6	14	13	11	4	3	10	10	9	4	4	9	7	5	8	3	5	5	11	2	3	2	0	0	1	1	1	0	0	0	0	0	0	1	0	1	1	1	0	0	0	1	0	0	2	1	1	1	0	2	3	4	0	0	3	1	0	3	0	2	1	1	2	2	2	4	2	0	1	0	0	1	0	0	1	0	0	0	0	0	1	0	0	1	3	0	1	3	3	1	2	1	1	2	3	0	1	0	0	2	1	1	1	0	1	0	1	1	3	1	3	3	0	2	1	1	1	3	1	2	2	2	1	1	0	0	0	1	0	0	3	1	0	0	1	0	1	1	0	0	0	0	0	1	0	0	0	1	0	1	0	0	0	0	1	1	0	0	0	1	1	0	0	0	3	1	0	2	1	1	2	0	1	4	2	1	3	3	3	13	17	23	15	9	3	1	4	2	2	0	1	1	2	1	0	0	0	1	1	0	0	2	0	1	0	0	0	0	0	0	0	0	1	0	1	2	0	0	0	0	0	0	0	2	1	1	0	0	1	0	2	3	2	1	1	0	1	0	1	0	0	0	2	3	4	1	1	1	0	1	0	1	1	2	1	0	2	0	0	1	3	0	1	0	0	0	1	0	0	1	0	0	0	1	0	0	0	0	1	0	0	0	0	0	0	1	1	0	0	0	1	0	1	0	1	0	0	2	0	1	2	0	1	0	0	0	0	0	1	0	0	0	0	1	0	2	0	0	0	0	0	0	1	0	1	0	0	0	1	0	0	0	0	0	0	1	0	1	4	0	2	3	0	1	1	0	0	0	2	0	2	2	1	2	1	0	0	1	1	0
0	0	0	0	0	0	0	0	0	0	0	2	1	1	1	1	2	2	1	2	2	0	0	3	6	3	5	0	1	0	1	0	0	0	0	0	0	0	1	1	0	0	1	2	2	1	2	0	2	2	3	3	2	2	0	0	1	5	3	0	1	1	1	3	2	0	3	3	2	2	3	2	1	3	5	1	1	0	2	1	1	0	1	1	3	0	2	1	2	1	0	3	1	2	0	2	0	1	0	0	3	1	0	1	0	1	0	1	2	0	0	0	2	6	0	1	3	1	2	4	4	8	16	11	18	37	11	0	67	20	28	52	14	8	13	27	69	21	10	11	14	6	9	7	5	2	3	5	5	3	5	6	1	0	0	0	0	1	1	2	0	0	0	1	1	4	2	0	2	0	2	1	1	1	1	0	1	1	2	1	3	1	1	1	3	4	1	2	0	1	3	0	1	0	1	1	0	0	2	1	0	0	0	0	0	3	0	2	0	1	0	1	0	1	5	5	2	2	2	3	0	0	1	1	1	0	1	2	0	0	1	0	0	0	1	2	3	1	1	0	2	2	1	0	0	1	1	0	3	0	1	2	1	1	1	0	1	0	0	1	1	0	1	0	1	1	0	0	0	0	1	0	0	1	1	1	2	0	1	1	0	1	1	0	1	0	3	0	0	0	2	2	0	2	2	0	2	3	0	4	1	4	4	4	0	5	4	2	8	37	19	20	10	3	6	2	6	3	2	3	4	1	0	0	1	1	2	3	1	0	0	1	0	1	1	1	1	0	0	1	2	0	1	0	0	1	0	0	0	1	0	0	1	2	0	1	2	1	0	3	0	0	1	0	1	2	1	2	0	0	1	1	1	1	7	5	2	4	5	3	1	2	1	0	0	0	1	0	0	0	0	1	0	1	0	0	0	1	1	0	0	1	1	1	1	0	0	1	1	0	0	1	0	1	0	1	1	0	0	1	0	1	2	0	0	0	0	0	0	0	0	1	1	0	0	0	1	0	0	0	2	0	1	0	0	0	1	0	0	1	0	2	1	0	1	1	0	0	1	3	0	1	0	0	2	0	1	1	1	0	0	1	0	0	2	0	1	0	0	0	0	0	0	0	0	1	1	0	1
0	0	0	0	0	0	0	3	1	1	1	2	1	1	3	1	2	0	1	0	1	2	2	1	3	1	2	0	0	0	1	0	0	0	2	0	2	2	1	0	0	1	0	2	2	0	3	2	2	3	4	2	2	1	2	2	1	4	1	0	1	0	1	0	1	1	4	3	2	2	0	6	3	3	1	0	1	1	0	1	2	2	2	1	1	1	2	2	1	2	1	0	0	0	1	1	0	0	0	1	1	1	2	1	1	2	1	0	2	2	3	0	2	2	4	4	0	2	4	6	2	11	17	15	15	13	10	67	0	92	105	34	19	23	17	13	25	13	16	16	32	12	13	21	9	7	3	7	13	6	8	2	0	1	2	1	0	3	0	4	0	1	2	2	1	1	0	2	1	1	0	1	1	0	2	0	3	2	2	2	6	0	3	11	4	4	3	3	1	1	4	2	1	3	7	4	5	0	1	1	0	1	1	0	1	0	2	0	2	0	1	0	0	3	2	10	1	7	3	2	0	2	1	2	1	1	0	0	2	1	1	0	2	1	0	2	0	0	0	0	0	1	0	1	0	1	2	4	3	0	1	3	0	2	1	2	2	0	0	0	0	0	0	1	0	0	0	1	1	2	0	0	0	0	0	0	0	0	0	0	1	0	0	0	1	1	1	1	1	2	1	0	5	2	0	1	1	0	2	3	3	3	1	4	3	4	1	6	6	19	13	16	5	2	5	6	8	3	2	2	1	0	2	0	1	1	2	1	2	0	1	0	0	0	0	0	0	1	0	0	1	0	0	1	0	0	0	0	1	1	0	1	0	0	2	1	0	0	1	2	1	0	1	0	1	2	1	1	0	0	2	1	0	2	3	1	6	3	0	3	0	1	2	0	0	0	1	1	0	1	0	0	1	0	1	1	0	2	3	1	0	0	0	1	2	0	1	0	2	0	0	0	1	0	0	1	0	1	0	1	0	0	0	0	0	3	1	1	0	1	0	1	0	0	1	1	1	1	1	1	1	1	0	1	0	0	0	0	0	0	3	0	1	0	0	0	1	0	0	0	0	0	0	0	0	0	0	0	0	0	1	0	2	0	1	1	0	0	0	0	0	0	0	0	0	0	0	0	1
0	0	0	0	0	0	0	1	0	1	0	1	0	2	1	1	0	4	2	3	1	0	2	5	2	4	3	2	2	0	1	0	1	0	0	0	0	0	2	1	1	1	1	2	2	3	1	1	3	1	2	4	4	5	7	2	4	1	0	1	0	2	1	2	2	0	1	3	2	4	4	1	3	2	3	1	1	1	3	0	3	0	0	2	1	3	2	2	2	5	2	1	2	2	2	2	2	1	1	0	1	1	1	0	0	3	0	0	4	1	3	2	3	2	2	0	4	1	3	0	3	9	10	8	8	6	6	20	92	0	28	12	24	33	35	11	16	16	13	29	12	6	12	20	11	4	5	7	6	7	6	8	5	1	2	1	0	2	1	1	1	3	2	0	4	0	2	3	0	0	2	0	1	0	1	0	1	3	2	8	5	11	9	19	11	6	3	2	4	4	1	2	1	1	1	1	4	3	1	0	0	1	1	0	1	1	0	0	1	2	1	0	1	3	4	3	5	6	5	5	2	2	0	0	1	0	1	1	3	2	3	0	1	1	2	0	1	0	4	1	2	3	2	2	1	0	0	1	4	4	2	0	0	0	1	0	0	0	1	0	1	1	0	0	1	1	0	0	0	0	0	1	0	0	1	0	1	1	0	0	2	1	0	0	2	0	0	1	0	1	2	1	0	1	0	0	3	1	2	0	2	1	0	5	4	3	3	3	8	11	7	7	3	3	6	2	1	2	4	2	3	3	0	2	0	1	0	1	0	2	2	6	1	1	3	0	0	0	0	0	0	1	0	2	1	0	0	0	0	1	1	0	0	1	0	0	3	1	1	1	0	1	0	0	1	1	1	0	1	0	1	1	1	0	2	1	2	3	1	2	5	0	1	1	3	0	1	0	0	0	1	0	1	0	0	0	0	2	0	0	0	2	0	1	1	2	1	0	0	0	0	1	2	0	1	0	1	1	1	0	1	1	1	0	0	0	0	0	1	1	0	0	0	0	0	0	3	0	1	0	1	0	0	0	0	0	1	1	3	0	0	0	1	0	0	2	0	1	0	0	0	0	1	1	1	0	2	2	0	1	0	0	1	0	0	0	0	0	0	1	1	0	1	0	3	0	0	0	1
0	0	0	0	0	0	0	1	0	0	0	2	2	1	0	0	1	1	0	3	1	2	4	2	2	0	0	0	0	1	2	0	3	1	1	0	0	1	2	0	1	0	2	0	1	1	1	2	4	1	2	3	2	4	2	6	3	3	3	0	0	1	4	3	1	2	3	4	6	5	1	2	5	6	4	5	1	1	2	1	1	1	0	1	2	2	5	2	4	4	5	2	3	3	0	1	1	1	1	2	4	1	0	1	1	1	1	0	0	2	2	1	3	3	5	5	5	6	3	6	10	14	17	18	19	9	14	28	105	28	0	30	10	9	8	4	17	16	6	11	26	9	16	34	29	20	15	14	7	12	4	2	1	4	0	0	1	0	0	0	0	0	2	0	1	1	4	0	3	1	2	0	0	2	0	5	1	2	2	2	2	4	5	7	3	3	6	1	3	4	5	1	1	3	6	3	4	1	2	1	2	0	0	1	3	0	0	0	1	0	0	3	1	2	4	17	4	3	2	0	1	2	0	3	0	3	1	2	2	1	3	1	0	1	0	1	1	2	1	1	5	2	0	2	1	1	1	3	2	2	1	0	0	2	0	0	0	0	2	0	0	0	0	0	0	0	1	0	0	0	1	0	0	0	0	1	0	1	2	0	0	0	0	0	3	0	1	0	1	0	1	0	3	2	2	3	1	1	0	1	3	3	5	3	4	1	0	9	18	18	7	11	8	3	5	3	1	1	1	2	3	0	2	1	3	2	0	0	0	1	1	0	0	2	0	0	0	1	0	1	1	0	0	0	0	0	0	0	0	1	2	0	0	3	2	1	2	0	2	0	2	1	0	0	2	2	1	1	4	0	0	1	1	2	1	3	1	4	2	1	0	3	3	1	1	0	0	1	0	0	2	4	0	0	2	0	2	0	0	0	0	1	0	1	0	2	0	1	0	0	0	2	0	2	0	0	0	0	0	0	0	0	0	0	1	0	0	0	1	0	0	0	2	1	0	0	1	0	0	0	0	1	1	2	0	1	0	0	1	0	0	0	1	0	1	0	1	0	0	0	0	0	0	0	2	1	0	0	1	1	1	2	0	0	0	0	1	0	1	2	0	1	0	0	1	0	0	1	1
0	0	0	0	0	0	0	0	2	0	1	1	2	1	1	1	1	1	1	1	2	1	2	4	4	1	3	0	1	2	1	1	1	1	1	0	0	0	0	1	1	3	2	0	1	1	4	2	2	2	3	1	0	0	2	2	2	1	2	1	1	0	1	3	2	3	5	5	5	5	3	0	2	4	3	2	0	2	2	1	0	1	1	2	3	2	3	0	2	0	0	1	0	0	1	2	1	1	2	1	0	0	0	0	0	1	1	0	1	1	1	0	0	3	1	4	7	4	2	2	3	14	43	22	25	29	13	52	34	12	30	0	51	18	5	26	16	7	2	4	9	1	1	7	8	5	5	6	8	12	3	4	1	0	0	1	1	1	0	1	0	1	3	0	2	1	3	2	3	2	0	1	2	1	0	4	1	2	2	1	5	1	3	4	3	1	4	1	0	2	0	0	0	4	1	2	1	2	2	0	2	2	0	0	0	0	0	1	0	0	0	1	3	2	5	6	3	3	6	1	3	2	1	3	1	0	1	0	0	0	3	1	0	0	0	1	1	0	2	1	0	0	1	0	2	3	0	2	3	1	1	0	0	1	2	0	0	0	1	1	0	1	0	0	1	0	1	0	1	1	0	1	0	0	0	0	0	0	1	0	0	0	0	0	0	0	1	1	1	1	0	0	1	2	1	2	1	0	3	0	0	1	2	0	1	0	4	4	3	11	3	5	4	5	1	5	1	1	1	3	3	1	0	1	1	0	0	1	1	0	1	0	0	0	0	1	0	0	0	0	1	1	0	1	1	0	0	0	0	0	1	2	2	2	2	0	1	0	3	2	1	0	1	1	1	0	0	0	1	0	0	1	5	4	0	2	1	3	0	1	3	2	0	0	1	2	0	0	0	0	1	0	0	1	0	0	1	0	0	0	1	0	0	1	1	0	1	0	0	1	0	0	2	2	0	0	0	1	0	0	1	0	1	0	1	3	0	0	0	0	0	0	0	1	1	1	2	2	0	1	0	0	0	0	0	1	0	1	1	0	0	1	2	1	0	0	0	0	1	0	0	1	0	0	0	1	0	1	0	2	1	0	1	0	0	0	0	0	0	0	1	0	0	2	0	0	0	1	2
0	0	0	0	0	0	0	2	2	2	0	2	0	0	0	0	1	1	2	3	2	1	2	2	2	6	4	1	0	2	1	0	0	0	0	0	1	0	0	2	0	0	1	0	2	0	0	4	0	1	3	1	1	3	2	4	1	2	1	0	0	3	2	1	2	4	7	1	2	3	3	1	2	0	4	2	2	0	0	1	0	1	0	1	0	2	2	1	0	2	2	2	1	0	1	1	1	1	0	1	1	0	0	0	0	1	0	0	0	0	1	1	2	2	2	1	1	0	4	0	1	9	34	11	11	13	11	14	19	24	10	51	0	112	23	12	11	10	1	3	7	1	4	9	3	9	3	11	6	5	5	9	1	2	0	0	0	0	0	1	0	1	1	2	1	1	0	5	0	0	3	0	4	0	1	0	1	2	2	2	6	5	3	5	8	3	1	3	2	3	2	2	3	1	2	0	2	2	0	1	1	1	3	0	2	1	0	0	0	0	0	0	1	4	1	3	4	0	2	3	5	1	0	0	2	0	0	1	0	0	0	3	1	1	0	0	1	2	1	2	2	0	0	1	1	1	2	2	3	2	2	0	0	0	1	1	0	1	1	0	0	0	0	0	0	0	0	0	0	2	0	1	0	0	1	1	0	0	0	0	1	1	0	0	0	0	0	1	2	0	0	1	1	1	1	0	0	1	1	1	1	1	3	1	3	0	1	2	2	6	5	5	2	3	4	3	0	3	1	3	1	2	1	2	0	1	0	1	1	0	1	0	0	1	0	1	1	0	0	0	0	0	0	0	0	0	0	0	0	0	0	1	0	0	0	0	0	1	1	0	2	0	1	0	1	1	2	2	2	0	1	1	0	2	0	2	0	3	4	2	2	0	1	1	1	1	0	0	0	0	0	0	0	0	0	0	0	0	1	1	0	1	0	0	0	0	0	0	0	0	0	0	0	0	0	0	0	0	0	0	1	1	0	1	0	0	0	0	0	0	0	0	1	1	0	0	1	0	0	0	0	1	1	0	1	1	0	1	1	0	1	0	1	0	1	0	1	0	0	0	0	0	0	0	0	0	1	1	0	0	2	0	1	2	0	0	0	0	1	1	0	1	0	0	0	0	0	1	0
0	0	0	0	0	0	0	4	2	0	1	0	2	5	1	2	3	2	2	2	2	0	4	4	6	6	3	2	1	0	1	1	2	2	1	0	0	0	0	0	0	0	1	0	3	0	1	1	1	1	5	3	1	3	1	3	6	1	2	1	1	2	3	1	2	0	3	2	4	4	2	1	1	2	4	2	1	3	0	0	0	1	1	2	0	3	0	1	3	2	1	0	0	0	2	0	1	1	3	1	1	1	0	0	0	1	0	1	0	2	1	2	1	2	1	1	2	0	3	3	1	5	20	6	3	12	4	8	23	33	9	18	112	0	14	11	6	2	7	5	6	3	3	5	4	1	9	5	18	10	18	9	7	1	2	0	3	1	2	0	1	0	2	0	2	3	3	2	3	1	1	2	0	2	1	5	4	2	4	6	6	4	9	10	10	1	3	2	2	0	1	3	0	1	1	2	0	0	2	1	1	1	0	1	0	0	0	0	0	0	1	0	0	0	2	4	2	2	1	1	0	0	1	1	0	0	0	0	0	0	0	0	0	0	1	1	2	1	0	2	2	0	0	0	2	2	1	1	0	0	4	0	0	1	0	2	0	0	0	0	0	0	0	0	1	1	0	0	0	0	0	1	0	0	0	1	0	0	0	0	0	1	0	0	1	0	1	0	0	0	2	0	0	2	1	4	1	1	4	2	0	3	3	3	0	4	1	1	6	6	2	5	3	4	1	1	2	3	7	3	0	0	1	0	1	1	1	3	0	0	0	0	0	0	1	0	1	0	0	1	0	0	0	2	0	0	0	2	1	1	0	2	0	0	0	0	2	1	1	0	1	3	2	1	1	0	0	2	0	1	1	1	0	1	1	1	0	0	1	0	2	2	0	0	0	0	0	0	0	1	0	1	0	0	1	0	0	0	0	0	0	1	0	0	0	0	0	0	2	0	2	0	1	0	1	0	0	1	0	0	0	1	1	0	0	3	0	0	0	0	0	1	1	1	0	0	0	0	0	0	0	1	0	0	1	0	0	0	0	0	0	2	0	0	0	0	1	1	0	1	0	1	0	2	0	2	3	0	4	1	0	0	0	0	0	0	0	0	0	0	1	0	0	0	0	2	0	1	0
0	0	0	0	0	0	0	1	0	0	2	1	1	2	2	1	1	2	0	4	2	2	1	3	2	4	2	2	1	1	1	0	0	1	0	0	2	0	0	0	1	0	0	1	1	0	2	5	1	3	2	2	3	0	1	4	3	3	0	0	0	0	2	2	3	1	3	1	4	2	1	0	0	0	1	2	0	1	0	1	0	0	1	0	1	1	3	1	2	2	4	1	1	3	0	1	1	0	0	3	1	0	3	0	0	0	0	0	1	0	2	2	1	0	3	0	2	0	1	2	0	4	8	9	5	9	3	13	17	35	8	5	23	14	0	18	20	20	10	10	8	4	6	9	4	3	2	5	5	5	3	8	7	3	2	5	0	0	0	1	1	2	1	2	2	2	4	5	2	0	3	0	1	2	2	3	4	1	2	1	6	5	0	6	5	6	3	3	2	2	2	1	0	3	5	2	0	1	0	0	0	0	1	0	0	0	1	0	0	1	1	0	2	2	4	4	1	4	1	2	2	0	1	3	2	0	0	1	0	1	2	0	0	0	1	0	2	2	1	0	0	2	1	0	0	0	2	3	1	3	2	0	0	0	0	0	0	0	2	1	0	1	0	0	0	0	2	0	0	0	0	0	1	0	0	0	0	2	0	1	1	0	0	0	0	0	1	0	1	0	2	1	2	0	2	0	2	0	4	0	1	2	4	2	1	3	1	4	7	4	6	10	6	2	4	7	6	3	1	4	0	0	2	2	0	2	1	1	1	2	0	2	0	0	1	1	0	0	0	1	2	1	0	1	0	0	0	0	1	3	2	1	2	1	1	2	2	1	0	1	5	0	4	2	0	0	3	1	2	0	1	1	0	3	1	1	2	2	2	0	0	0	0	0	0	0	2	1	2	0	1	0	0	0	1	0	1	0	0	1	1	2	4	0	2	0	1	0	2	1	1	1	1	1	2	0	0	0	1	0	0	0	1	1	1	1	0	0	0	1	1	0	2	1	0	1	1	1	1	0	1	2	0	1	0	1	1	1	3	0	0	2	1	0	1	1	2	1	0	0	0	0	0	0	2	0	1	0	0	3	2	0	0	4	1	2	0	2	0	1	1	1	1	0	1	0	0	1	0
0	0	0	0	0	0	0	2	1	2	0	1	1	1	2	0	0	1	2	2	1	1	1	1	3	2	1	3	2	2	1	2	2	1	0	0	1	0	0	1	1	0	0	0	0	1	0	1	1	1	0	0	3	0	2	3	1	0	1	0	1	2	2	2	0	0	2	2	2	4	1	0	1	1	1	1	2	3	2	0	0	0	1	2	2	3	3	0	1	1	1	0	1	1	0	0	0	1	0	0	1	1	1	1	0	1	0	0	0	2	2	0	0	1	2	2	0	0	0	4	2	8	10	4	3	20	10	27	13	11	4	26	12	11	18	0	30	4	3	9	5	6	2	2	4	4	8	1	1	6	5	3	0	0	2	1	0	1	0	0	0	1	1	0	0	0	2	1	1	0	1	1	3	1	3	0	0	0	2	4	1	1	4	5	2	2	4	0	2	2	1	1	1	0	0	1	0	0	0	0	0	0	1	0	1	1	0	0	0	1	0	1	2	2	2	3	3	0	3	1	1	0	1	1	0	0	2	1	0	0	2	0	1	2	2	2	1	1	4	2	3	0	0	0	1	0	1	1	2	2	1	1	0	0	0	0	0	0	0	0	0	1	0	0	2	0	1	0	0	2	1	1	0	2	2	1	0	0	1	1	0	0	0	0	1	0	2	0	0	0	1	0	1	0	1	2	1	0	1	3	1	2	1	1	1	0	1	1	1	6	23	18	6	4	5	3	2	2	1	2	3	3	0	3	0	1	1	0	1	1	0	1	1	0	0	1	3	0	2	0	0	2	0	1	0	0	0	1	0	1	1	0	2	1	0	1	1	0	2	4	0	2	2	1	0	2	1	0	0	0	2	3	1	1	1	3	2	1	1	2	1	4	0	1	1	0	0	1	3	1	1	0	0	0	0	1	0	0	0	0	0	0	0	0	0	0	0	1	2	1	2	2	0	0	0	0	0	0	1	0	0	0	1	0	1	0	1	0	0	1	0	0	2	0	1	0	1	3	0	0	0	0	0	1	2	0	0	1	0	0	0	0	0	0	0	2	1	0	1	1	0	0	1	0	1	0	0	5	1	0	1	2	0	0	2	0	0	0	2	0	0	0	0	1	0	1	1	2	1
0	0	0	0	0	0	0	1	1	1	1	1	1	1	0	0	1	0	1	1	0	1	0	2	1	2	5	1	1	2	0	1	0	2	2	4	0	0	0	0	1	2	1	0	1	0	1	0	4	4	3	1	1	2	0	0	2	0	4	1	1	0	1	3	2	1	3	1	2	2	2	0	1	2	2	4	1	0	0	1	0	0	2	2	0	1	1	4	1	1	1	1	2	2	0	0	3	0	0	0	0	0	0	1	0	2	2	0	1	0	1	1	2	4	1	5	2	2	0	4	3	6	9	2	6	7	10	69	25	16	17	16	11	6	20	30	0	30	12	10	10	11	6	12	3	1	2	0	0	6	3	4	0	1	1	2	0	0	3	3	0	0	0	0	0	0	1	3	1	0	1	0	1	1	1	0	1	0	2	4	3	4	3	3	3	5	1	0	1	3	1	2	1	0	0	1	1	2	1	0	0	0	1	0	0	1	1	1	1	1	1	0	0	1	0	3	5	6	2	0	0	0	1	1	1	1	1	1	1	1	2	0	1	3	2	2	3	1	0	2	3	3	0	3	2	1	1	0	0	2	0	0	1	0	2	0	0	1	0	1	0	0	0	0	0	2	0	1	0	1	1	0	0	0	0	1	1	2	0	1	3	0	0	0	1	2	0	0	1	0	0	0	1	0	1	4	0	2	2	3	2	2	3	4	1	2	0	3	6	24	49	75	12	7	13	7	10	2	6	2	3	3	0	3	4	1	1	1	2	0	0	2	0	0	2	1	0	1	0	0	1	2	0	1	0	0	1	2	0	2	1	2	1	1	0	1	1	0	1	1	5	4	3	1	2	4	1	1	2	2	0	1	1	3	2	3	9	3	3	4	0	1	1	0	0	1	0	1	0	3	0	0	0	0	0	0	0	0	1	0	1	0	0	0	2	2	3	0	0	1	1	1	2	0	0	0	1	1	3	0	1	1	0	0	1	2	0	1	0	0	0	1	0	0	0	2	1	1	1	0	1	0	0	0	2	0	0	0	1	1	0	1	0	1	0	0	0	0	2	0	0	0	2	0	1	2	3	2	0	2	0	0	0	1	2	0	0	0	2	0	0	0	1	0	0	0	1	0	1
0	0	0	0	0	0	0	0	0	0	0	1	2	1	0	0	1	2	2	1	2	0	0	0	3	0	0	0	1	0	3	1	0	1	0	0	1	1	0	0	1	0	2	1	0	0	2	2	2	5	3	1	1	4	3	3	0	1	1	1	0	1	0	2	1	2	6	5	0	1	0	1	1	3	3	2	2	1	0	0	0	2	0	2	1	2	2	4	1	2	5	0	0	1	0	0	1	0	1	1	3	0	0	1	2	1	0	1	2	1	1	2	1	4	4	0	2	1	0	2	0	4	3	6	2	6	9	21	13	16	16	7	10	2	20	4	30	0	95	78	50	12	23	23	8	2	3	2	2	5	3	6	4	1	0	1	1	1	1	2	0	2	0	0	0	1	3	2	3	1	2	0	0	1	3	1	3	2	2	4	5	4	6	8	8	9	6	5	2	3	4	1	0	3	4	5	2	2	0	0	0	0	1	0	0	1	0	0	0	0	1	0	1	3	2	1	14	6	9	3	1	2	3	1	1	2	2	1	0	2	1	1	0	0	3	3	3	2	0	2	1	5	0	0	0	1	1	6	2	5	1	2	0	0	0	0	0	2	0	0	0	0	0	1	1	0	0	0	0	0	0	1	0	1	2	1	0	1	2	0	0	1	1	0	1	1	1	0	1	1	1	2	0	2	1	0	1	1	2	6	4	4	8	5	5	5	3	4	10	18	10	37	17	7	13	6	13	8	4	2	4	0	1	0	1	0	2	0	0	0	0	1	1	1	2	1	1	0	0	2	2	0	0	1	0	0	0	0	1	1	1	1	1	1	1	0	1	1	2	4	4	4	4	2	1	1	1	0	1	0	1	1	2	1	1	3	4	6	4	4	1	1	2	1	2	0	0	1	0	2	0	1	0	0	0	0	0	1	1	0	0	1	1	1	1	0	0	0	0	0	1	1	0	0	2	0	1	1	2	1	1	2	0	1	0	3	1	1	1	0	0	1	1	0	0	0	1	0	0	1	0	0	0	0	1	2	0	0	1	1	1	0	0	1	0	1	1	1	0	0	1	0	1	1	1	2	1	0	0	0	0	0	0	1	3	0	2	1	1	0	1	0	0	0	0	0	1	1	1
0	0	0	0	0	0	0	1	1	0	0	1	0	2	0	1	1	4	0	1	1	4	0	0	1	0	0	2	1	0	0	1	0	1	1	1	1	0	1	0	0	0	1	0	0	1	1	1	4	3	1	1	3	2	2	3	3	3	1	0	1	0	3	1	1	1	1	5	1	0	1	0	2	3	7	2	1	0	0	1	1	1	0	3	1	4	1	0	4	4	2	2	1	1	1	2	0	0	0	1	3	2	0	0	1	1	0	2	1	1	2	5	1	2	0	2	0	2	1	0	2	4	7	2	3	1	4	10	16	13	6	2	1	7	10	3	12	95	0	301	41	13	17	17	8	5	9	3	4	6	7	8	2	1	2	0	1	2	1	1	0	2	1	2	2	0	1	2	2	1	1	0	0	2	0	0	1	2	1	3	2	2	8	21	15	15	7	1	6	4	0	2	2	5	4	4	2	2	2	0	0	0	2	2	2	0	0	1	2	2	1	0	0	1	4	8	11	20	9	2	3	0	5	0	2	1	1	0	1	1	2	1	3	1	4	3	2	0	2	4	1	4	3	1	1	7	2	2	4	0	0	2	0	1	1	0	2	0	0	1	0	0	1	0	0	0	0	1	1	0	1	2	1	3	0	0	0	3	0	3	0	0	0	0	2	1	1	1	2	1	0	0	1	1	1	3	2	1	3	2	5	6	8	9	3	3	1	3	6	3	8	11	15	5	23	4	7	13	8	8	5	2	1	0	1	0	0	0	2	2	1	1	0	1	0	0	1	1	1	1	0	0	0	2	0	1	1	0	1	3	0	2	2	2	0	2	0	0	2	5	10	1	1	0	1	3	1	0	2	1	2	2	0	0	0	3	3	3	3	4	0	4	2	4	3	4	0	1	0	1	0	0	0	0	0	0	0	0	0	1	1	4	0	0	1	1	1	3	2	1	2	2	2	2	0	1	0	1	0	0	1	0	0	0	0	4	1	0	0	0	1	2	0	0	0	1	3	1	2	0	1	0	0	0	0	2	1	2	1	1	1	1	0	0	1	2	0	0	0	2	0	1	1	0	0	0	3	1	5	0	0	2	1	1	0	1	1	0	0	0	0	0	1	0	0	0	0	1	0
0	0	0	0	0	0	0	2	1	0	0	0	1	2	0	0	0	0	1	1	0	1	2	1	1	0	1	0	0	0	0	0	0	1	0	0	0	2	1	0	0	1	0	1	0	2	2	3	2	3	2	1	1	1	1	3	4	2	2	0	2	1	2	3	1	1	0	1	3	2	6	0	2	2	4	1	4	1	1	0	0	0	0	1	2	2	2	2	0	2	3	3	1	1	0	0	1	0	0	2	1	1	0	2	0	0	1	1	1	0	0	2	2	1	2	3	0	0	3	1	2	6	2	5	3	5	4	11	16	29	11	4	3	5	10	9	10	78	301	0	87	17	30	26	12	9	6	4	6	4	5	2	1	0	1	0	0	1	1	0	0	0	2	0	2	0	1	0	2	2	0	1	1	1	3	0	0	1	2	5	2	3	8	12	14	14	10	2	6	4	4	0	1	11	1	3	1	0	1	0	3	0	0	0	0	2	0	1	1	1	0	0	1	4	3	4	9	13	15	4	4	2	2	3	1	1	1	1	4	4	2	2	0	1	2	3	5	2	2	2	1	2	1	0	1	3	0	1	5	4	3	0	0	0	2	0	1	1	2	1	0	2	0	1	0	0	0	0	0	0	0	0	1	1	1	0	0	0	0	2	2	0	2	1	1	1	2	2	0	1	0	0	1	0	3	2	4	1	5	3	2	5	9	10	7	2	2	13	9	12	8	8	7	6	12	4	19	9	5	1	5	1	1	1	0	0	1	1	3	1	3	4	3	2	2	0	1	0	0	4	1	1	0	1	1	0	0	1	0	1	0	2	2	1	1	1	1	5	2	5	9	7	1	0	1	4	0	3	0	0	0	0	0	2	0	3	0	8	2	3	2	3	4	0	4	1	0	0	2	1	1	0	0	1	2	0	0	0	0	0	1	1	0	2	2	1	3	0	1	2	4	1	1	2	3	6	1	1	0	0	2	2	1	1	0	1	2	0	1	1	0	0	1	0	0	1	1	0	0	2	2	1	0	0	1	0	1	0	0	1	1	0	0	1	1	0	0	0	3	0	0	1	0	1	0	1	1	2	1	0	0	0	1	1	1	0	0	0	0	0	0	0	0	0	1	0	0	1	1
0	0	0	0	0	0	0	1	0	0	0	1	1	2	0	2	2	0	4	0	1	0	0	4	1	3	1	0	4	1	2	0	0	2	0	0	0	0	0	1	0	1	0	1	1	0	1	3	2	4	1	1	4	1	3	1	3	2	3	0	2	1	0	1	2	1	2	1	1	2	2	3	3	2	3	2	1	4	1	5	1	2	2	1	2	1	5	2	4	5	2	1	1	2	1	2	2	2	0	0	1	1	0	0	0	1	0	2	2	2	2	0	3	4	0	3	3	1	2	3	4	6	6	5	5	4	9	14	32	12	26	9	7	6	8	5	10	50	41	87	0	16	105	67	12	16	8	5	6	7	5	1	3	0	0	2	1	1	0	0	0	0	2	1	1	2	2	0	3	0	1	1	1	0	0	1	2	2	3	0	4	0	5	10	15	7	2	4	5	8	5	3	1	3	8	3	5	2	0	0	0	0	0	0	0	2	1	1	1	2	2	0	2	3	5	12	10	23	8	4	5	3	3	3	0	1	0	0	1	1	3	2	1	2	1	2	4	3	0	2	3	3	1	1	1	1	1	5	3	2	6	0	0	1	1	0	0	1	0	0	1	1	0	1	0	0	0	1	1	0	0	1	1	1	1	0	0	1	0	0	0	1	2	0	1	3	1	1	0	2	4	2	4	2	1	2	2	5	3	4	1	7	5	9	10	3	8	7	14	13	7	14	12	7	14	7	9	9	6	4	2	0	1	1	1	0	2	1	3	0	2	3	1	0	0	1	0	1	1	3	2	0	0	1	0	0	1	0	1	1	0	0	1	2	3	1	1	2	1	4	4	2	1	1	0	1	1	2	0	0	1	3	1	0	2	2	3	3	2	1	3	3	1	5	1	2	0	2	1	0	2	0	2	0	4	0	2	0	0	0	0	0	2	1	1	2	0	2	1	2	0	2	1	0	2	0	0	0	0	0	1	0	1	0	2	0	0	0	0	0	0	0	1	0	0	3	1	0	0	0	0	0	0	0	0	1	1	0	0	0	1	0	0	2	0	2	0	0	1	1	0	0	1	0	1	4	0	5	1	0	1	1	0	0	1	1	0	0	0	0	0	0	1	0	0	0	0	0	0
0	0	0	0	0	0	0	0	0	0	0	0	0	0	0	0	1	2	0	2	0	2	1	1	1	0	1	3	1	0	1	1	0	2	1	0	0	0	0	0	1	2	0	0	0	0	0	2	0	0	1	1	1	2	4	2	0	1	0	1	0	1	2	1	1	3	1	1	3	3	1	3	0	0	5	3	2	2	0	1	0	1	1	2	0	2	2	3	3	4	1	1	1	3	0	2	0	1	3	3	1	0	0	2	0	2	2	1	1	0	1	1	2	1	1	1	1	2	5	3	4	5	1	1	5	4	7	6	12	6	9	1	1	3	4	6	11	12	13	17	16	0	108	14	5	2	5	3	2	2	0	1	0	1	2	0	1	1	2	0	0	1	2	1	2	1	0	0	2	0	1	0	0	0	0	1	1	4	0	4	3	2	3	3	5	0	3	3	2	6	4	1	4	5	0	6	1	3	3	1	0	0	0	0	1	1	1	0	1	2	0	3	3	1	3	2	7	6	7	4	3	1	1	2	3	2	1	1	2	1	5	1	1	0	4	4	2	6	2	3	6	4	1	1	4	0	2	6	7	5	3	0	0	1	0	1	0	0	0	0	1	1	1	1	0	0	0	1	1	1	1	2	0	0	0	0	1	3	0	0	1	0	1	2	2	1	0	1	2	2	2	3	2	0	1	0	3	3	6	3	3	7	16	41	33	11	11	13	13	21	8	10	6	15	29	2	16	18	10	8	3	0	1	2	0	4	1	1	1	1	2	6	0	1	2	0	1	0	1	2	0	1	1	0	1	0	2	0	0	0	1	0	4	2	1	0	1	1	5	6	9	6	1	1	3	0	3	1	2	1	3	0	1	2	4	7	5	2	1	2	2	0	2	2	1	2	1	0	0	1	1	3	2	3	0	1	0	1	0	2	2	0	2	0	1	0	1	0	0	0	2	2	1	1	0	2	0	1	0	1	0	0	2	2	1	1	0	0	0	1	0	1	0	2	2	2	0	2	0	0	0	0	0	0	1	1	0	1	1	1	1	0	0	0	0	0	1	2	0	2	0	0	1	1	1	0	0	0	1	1	1	2	0	2	0	0	0	0	0	0	0	0	1	0	0	0	1	0	1
0	0	0	0	0	0	0	0	1	0	0	0	0	0	0	1	1	1	1	0	1	0	2	1	1	1	0	0	0	3	0	0	0	0	0	1	0	0	0	0	0	0	1	1	0	0	1	0	2	1	0	2	2	3	2	2	2	0	2	0	2	0	1	2	0	1	4	1	4	2	1	2	1	3	7	1	4	1	2	1	2	2	0	2	1	2	1	3	2	4	1	2	0	0	1	0	1	2	2	1	2	1	1	1	0	3	0	2	1	1	1	1	2	4	0	2	2	2	0	1	5	2	3	3	7	3	5	9	13	12	16	1	4	3	6	2	6	23	17	30	105	108	0	29	9	13	5	2	5	5	3	2	1	1	1	0	0	1	0	2	0	2	1	0	1	1	1	1	3	1	0	0	0	0	0	3	1	0	1	0	3	0	1	4	7	2	6	3	3	1	3	4	4	8	5	11	3	2	1	1	0	0	2	2	2	1	0	1	1	2	0	3	0	0	8	15	7	10	5	5	3	1	0	1	2	0	2	3	1	1	1	1	0	1	1	0	5	3	3	5	4	1	5	4	1	3	1	5	6	8	0	1	0	2	0	0	1	0	1	1	3	0	0	0	0	0	0	0	1	0	0	1	0	0	0	0	0	0	1	2	4	0	0	3	3	1	0	1	2	2	0	1	2	2	1	1	0	2	8	0	1	9	17	16	15	16	14	16	11	19	13	7	12	12	7	3	7	4	3	4	2	0	1	3	4	1	0	1	2	1	1	0	1	0	1	0	0	0	0	0	2	0	1	1	0	1	1	0	1	2	2	0	0	1	3	2	2	1	0	2	10	3	0	1	1	5	0	0	3	1	0	0	1	1	0	3	1	6	3	2	3	1	1	1	1	0	0	0	3	1	0	2	2	1	3	1	1	0	2	0	0	3	2	0	0	4	2	3	0	0	2	1	1	0	0	0	0	0	0	1	1	0	0	0	1	0	1	0	1	1	1	0	0	0	2	2	1	0	0	0	0	0	1	0	0	0	0	1	0	0	0	0	0	1	1	0	0	0	0	0	0	2	0	1	0	1	0	1	2	0	0	1	0	2	0	0	0	0	0	1	0	0	0	0	1	0	0	2	0
0	0	0	0	0	0	0	0	0	1	1	2	0	0	0	1	1	0	2	1	0	0	0	3	0	1	1	2	0	1	0	1	0	3	0	0	0	0	1	1	0	0	0	0	0	0	2	0	0	2	2	2	5	0	0	3	2	3	1	2	0	3	4	5	3	0	3	3	3	4	3	0	2	3	11	5	2	2	3	1	1	0	2	0	2	2	9	3	3	2	2	1	2	1	0	1	0	0	4	1	2	1	4	1	1	1	1	1	0	0	2	1	2	8	3	5	5	3	1	1	7	9	7	7	4	4	8	7	21	20	34	7	9	5	9	2	12	23	17	26	67	14	29	0	50	36	13	9	10	9	6	4	4	2	1	0	0	0	0	2	2	1	1	0	1	1	4	1	0	2	0	2	0	2	0	3	1	1	1	4	4	3	5	5	8	5	3	9	2	6	12	4	3	4	11	5	4	5	0	3	1	1	3	0	0	0	2	1	0	1	0	1	1	3	9	14	10	8	6	4	4	3	2	1	3	1	1	2	2	2	0	1	2	0	2	0	4	6	3	3	1	4	4	2	5	3	2	2	6	4	4	1	0	0	1	1	0	1	1	0	0	1	0	1	0	0	1	1	0	3	0	0	1	0	0	2	1	0	0	0	2	2	1	0	1	1	1	1	1	3	2	1	3	2	4	2	4	4	4	5	6	6	8	4	10	8	12	20	20	13	1	1	5	3	4	1	7	7	2	2	2	0	0	1	1	0	1	2	0	1	2	0	0	2	0	1	0	1	0	3	0	0	0	1	0	0	0	1	0	1	0	2	2	1	3	2	1	1	3	3	1	2	0	1	2	1	0	2	2	0	1	1	1	2	0	2	2	3	2	4	2	1	2	2	2	0	1	2	1	0	0	1	1	2	0	0	0	0	1	2	0	0	3	0	1	3	0	1	3	0	1	0	0	0	0	1	1	0	0	1	0	0	1	1	1	0	1	0	0	0	1	1	0	1	0	1	1	2	2	0	0	0	0	0	0	0	0	1	1	0	0	0	1	1	0	1	0	0	0	1	2	1	0	0	1	1	0	0	0	2	0	0	1	1	0	0	0	0	0	1	1	0	1	0	1	0	0	0	0
0	0	0	0	0	0	0	1	1	1	1	0	2	0	1	0	0	4	2	1	0	1	3	1	1	1	0	3	1	1	2	0	1	1	1	2	1	2	0	0	0	0	0	1	1	2	2	1	0	4	1	1	3	2	11	3	6	1	5	1	1	1	4	2	10	2	3	4	5	2	3	1	4	8	16	4	7	3	1	3	2	0	1	3	4	4	3	2	1	8	4	2	0	2	0	2	0	2	1	1	0	0	2	1	0	2	1	1	2	4	4	5	6	13	8	8	3	7	4	3	4	14	7	10	7	1	3	5	9	11	29	8	3	4	4	4	3	8	8	12	12	5	9	50	0	114	46	25	20	7	4	2	2	0	0	1	0	1	2	1	1	4	2	2	1	2	0	4	0	1	2	0	3	0	0	1	2	0	2	7	1	8	3	2	2	2	0	3	5	5	6	2	3	9	8	9	3	2	0	0	0	2	0	1	0	0	1	0	3	2	0	1	0	2	11	18	8	4	2	3	2	1	2	0	0	0	1	2	1	1	0	1	1	1	1	2	1	1	0	4	0	2	1	1	1	1	5	3	5	7	2	0	0	0	0	1	2	2	2	0	1	0	0	1	0	0	0	0	0	0	0	0	1	0	0	1	1	0	0	0	1	0	0	3	3	1	1	1	3	1	3	1	2	2	2	3	3	2	5	3	2	6	5	2	5	5	2	15	15	8	1	5	7	3	2	1	3	2	2	0	1	1	1	0	0	0	0	0	0	1	1	0	0	0	1	1	0	0	1	0	0	0	0	0	0	0	1	0	0	0	0	0	1	0	0	3	0	1	3	6	2	3	1	0	1	2	0	0	0	2	0	1	0	1	1	2	3	2	6	3	0	1	2	0	2	0	1	1	0	0	1	0	0	0	0	0	1	1	2	1	0	1	1	0	1	0	0	0	1	1	0	0	0	1	0	0	0	1	0	1	3	0	0	0	1	1	0	0	1	0	1	0	0	1	2	0	1	3	0	1	0	0	0	0	0	0	0	0	0	0	0	0	1	1	1	0	0	1	0	0	0	1	0	1	1	0	2	1	0	2	0	0	0	2	1	0	1	0	1	0	0	0	0	0	1	1	0	0	0
0	0	0	0	0	0	0	0	0	0	0	0	2	0	0	1	0	1	0	2	0	1	1	0	0	0	2	0	0	0	0	1	2	0	1	1	0	1	0	0	0	1	4	0	0	0	1	1	0	2	2	4	7	8	1	5	8	5	6	1	4	3	5	1	1	7	3	1	9	3	2	5	4	11	25	6	7	3	0	2	3	2	3	2	6	3	7	4	6	6	6	2	2	2	2	3	1	0	1	2	2	1	0	0	0	7	1	2	2	3	7	2	11	17	11	8	7	1	5	7	8	12	8	7	9	3	5	2	7	4	20	5	9	1	3	4	1	2	5	9	16	2	13	36	114	0	48	14	13	5	5	2	2	0	0	0	0	0	0	3	2	2	4	1	2	0	2	2	0	1	2	1	0	0	1	2	3	1	1	3	3	4	6	1	5	2	1	3	0	3	10	6	4	5	5	10	3	5	5	3	2	0	0	2	1	2	2	1	1	1	2	1	3	9	22	8	6	10	1	2	1	3	1	2	3	0	3	4	2	0	3	0	1	1	2	1	2	1	1	0	2	0	1	0	2	0	3	3	3	4	2	0	3	0	0	1	0	0	1	0	2	0	0	2	0	0	0	0	1	0	0	0	3	0	0	0	0	0	0	0	0	3	1	1	1	3	3	0	0	2	0	0	3	5	6	1	4	1	2	6	2	6	6	8	8	7	6	21	24	6	4	1	0	1	5	2	3	1	3	0	1	1	2	1	0	0	1	0	0	1	1	0	2	0	1	1	0	0	1	1	0	1	0	1	1	0	0	0	1	0	1	2	3	0	0	1	1	0	1	1	2	1	0	1	2	0	1	2	1	1	0	1	1	0	3	3	2	1	2	1	2	2	2	1	0	2	1	0	0	2	0	1	0	0	0	0	0	0	2	1	0	1	0	0	0	0	0	1	1	0	0	1	0	0	1	1	0	0	0	0	1	0	0	2	1	0	0	0	1	0	2	0	0	1	0	0	1	0	2	0	1	0	0	0	1	0	1	0	0	0	0	0	0	0	1	0	1	0	0	0	0	0	0	0	0	1	1	0	0	0	0	1	0	1	0	0	0	2	0	0	0	0	1	0	0	0	0	0	0
0	0	0	0	0	0	0	0	0	2	1	0	1	0	0	1	1	1	2	1	0	1	1	1	2	2	1	2	0	1	0	0	0	0	0	0	1	0	1	1	0	0	1	1	1	1	2	1	1	0	3	0	2	4	3	10	4	10	1	1	5	1	4	5	6	1	5	7	7	12	4	7	6	10	6	14	7	3	4	4	2	2	1	2	3	1	3	3	2	1	2	0	1	1	0	2	0	5	2	1	1	1	1	3	0	1	2	0	1	0	3	3	6	10	11	20	9	5	3	5	17	31	8	7	12	4	5	3	3	5	15	5	3	9	2	8	2	3	9	6	8	5	5	13	46	48	0	29	23	8	2	2	1	1	1	3	1	1	1	0	1	0	0	2	0	2	1	1	1	0	0	1	1	4	0	2	0	2	1	2	3	3	3	0	3	0	1	1	2	3	4	3	4	6	7	10	4	1	2	4	2	3	1	0	2	1	2	2	1	1	1	1	1	6	13	9	2	4	1	1	2	0	2	2	1	2	4	1	2	3	1	0	2	0	2	0	1	2	1	1	1	2	4	0	1	0	3	1	4	4	1	0	0	0	0	1	1	0	1	0	0	1	0	0	0	1	0	0	0	1	0	2	0	1	1	1	0	0	2	0	1	1	1	1	2	1	2	1	1	0	0	1	5	5	0	0	3	1	2	1	4	2	2	2	8	4	3	13	21	6	2	3	4	1	2	1	0	3	1	0	1	1	2	2	4	0	1	1	1	0	2	0	0	2	1	0	0	0	0	1	0	0	1	0	0	0	0	0	0	2	0	0	0	2	1	0	1	0	2	1	2	1	2	0	0	1	2	0	1	0	0	2	0	1	2	1	2	3	0	1	0	1	0	1	0	0	0	0	1	0	3	0	0	1	0	0	0	1	2	0	0	0	1	2	1	1	1	0	0	0	0	0	1	1	1	0	0	0	3	0	0	0	0	0	0	2	0	0	0	0	1	0	2	0	0	0	0	0	0	1	0	0	0	0	0	0	0	1	0	0	0	0	1	0	0	1	0	0	1	0	1	0	0	1	0	0	0	0	2	0	1	2	0	0	2	0	0	0	1	1	0	0	1	1	0	0	1	0	0
0	0	0	0	0	0	0	0	0	1	0	1	1	0	0	0	1	0	1	1	2	1	1	2	2	1	1	0	2	0	0	1	1	2	2	1	2	0	1	0	0	0	0	0	2	1	1	1	1	1	2	2	3	1	8	7	11	8	3	2	6	4	13	5	11	16	25	7	19	18	6	6	9	8	5	5	1	8	7	1	0	4	3	0	4	0	5	3	2	3	2	0	3	0	2	3	1	1	5	1	2	0	1	2	0	1	1	2	2	1	6	2	8	13	20	21	8	3	11	8	13	23	23	7	8	1	11	5	7	7	14	6	11	5	5	1	0	2	3	4	5	3	2	9	25	14	29	0	74	9	7	3	0	1	0	1	1	2	0	0	0	0	2	0	1	1	1	2	2	0	1	0	0	1	1	3	0	0	1	1	2	2	2	3	4	4	2	0	2	2	3	5	1	3	3	6	3	2	2	0	4	1	2	1	3	1	2	0	1	5	3	2	2	6	15	3	2	0	1	1	0	0	2	0	2	1	0	0	1	3	1	0	0	0	0	3	1	2	2	4	3	0	0	2	2	0	0	2	3	0	3	0	0	0	0	2	0	0	1	0	0	0	1	0	0	1	0	0	0	0	0	0	0	1	0	0	2	1	0	1	1	0	0	1	0	0	2	0	0	0	1	2	0	4	1	1	4	0	2	3	2	2	3	1	5	3	3	7	7	9	3	4	1	2	2	0	0	0	2	1	1	2	1	1	0	0	0	0	2	1	0	1	1	1	0	1	0	0	0	1	0	0	0	2	0	0	1	0	0	0	0	0	1	0	0	1	1	0	1	2	2	0	2	2	0	0	1	0	3	1	2	0	0	0	0	0	1	3	0	2	0	2	0	1	0	0	2	0	1	0	1	1	0	0	1	2	0	0	0	0	0	0	0	0	1	0	0	0	0	1	0	1	0	0	2	0	0	0	0	2	0	1	0	1	0	0	0	0	0	0	0	0	0	0	0	0	0	1	0	0	1	0	0	1	0	0	0	0	1	1	0	1	1	0	0	0	0	0	1	0	0	0	0	0	0	2	1	2	2	1	0	0	0	0	2	0	0	0	0	0	0	0	0	0	0	0	0	0	0
0	0	0	0	0	0	0	1	0	0	0	0	4	0	2	2	1	1	1	1	1	2	2	3	1	3	1	0	2	1	1	1	1	2	0	1	0	1	0	1	0	0	1	1	0	0	2	3	1	5	3	2	6	3	8	6	6	9	2	5	1	0	8	9	9	10	16	10	9	14	4	5	8	5	4	3	1	2	3	1	2	1	0	1	1	3	11	2	0	11	5	1	1	2	2	0	2	1	0	1	2	0	1	2	1	1	2	0	0	0	1	3	10	10	10	9	7	3	3	3	5	21	16	11	8	2	2	5	13	6	7	8	6	18	5	1	0	2	4	6	6	2	5	10	20	13	23	74	0	40	18	3	2	1	1	3	2	0	2	1	1	0	0	2	3	2	1	1	1	2	2	0	2	2	1	0	1	1	4	8	1	3	3	5	2	5	2	0	2	0	4	0	1	1	4	4	2	2	0	2	4	1	2	4	0	0	2	0	0	2	1	1	3	2	11	4	2	2	4	1	1	2	0	0	1	2	1	1	0	1	0	0	2	3	0	1	0	1	0	1	1	0	2	0	2	1	1	1	3	1	2	0	1	1	0	0	0	0	0	0	0	0	1	0	0	0	0	0	0	0	0	0	0	1	1	0	0	1	1	0	0	1	0	0	0	2	1	0	4	0	1	0	3	4	2	3	2	0	3	1	1	1	1	0	3	4	1	2	4	5	3	3	1	1	3	1	1	0	2	0	4	0	0	0	1	0	0	1	0	1	0	1	0	0	1	0	0	0	0	1	2	0	2	0	0	0	2	0	0	0	0	0	0	0	2	0	1	1	0	0	2	2	2	0	1	0	0	0	1	1	0	1	0	1	1	1	0	0	0	1	1	2	1	0	0	0	0	4	0	0	0	0	1	1	1	0	1	0	0	2	0	0	1	1	0	0	0	0	0	1	0	0	0	1	0	1	2	0	0	0	1	0	1	1	0	0	0	0	0	0	0	1	0	0	0	0	2	0	0	0	1	0	0	1	0	0	0	1	1	1	1	0	0	0	0	0	0	0	0	2	0	0	0	1	0	1	1	1	1	0	0	1	0	0	1	0	0	0	0	0	0	0	0	0	1	0	0	0	2
0	0	0	0	0	0	0	1	1	1	1	0	2	1	0	0	0	4	2	3	1	4	2	1	2	6	2	4	0	2	0	0	2	1	4	2	0	0	0	0	0	0	1	2	0	4	1	1	7	3	6	6	5	3	4	13	12	5	3	0	1	2	3	8	4	4	6	8	3	1	0	4	1	2	1	2	3	4	1	1	1	1	2	4	3	4	3	2	2	2	6	2	2	2	2	1	2	0	3	3	3	0	0	1	1	0	2	3	1	0	3	3	3	3	6	9	1	0	0	5	3	8	14	6	8	0	3	3	6	7	12	12	5	10	5	6	6	5	6	4	7	2	5	9	7	5	8	9	40	0	112	9	4	2	2	3	2	1	2	0	1	1	3	1	1	1	1	1	6	1	1	3	0	2	2	1	3	4	6	13	8	3	4	4	4	3	3	2	1	2	4	1	3	2	1	3	4	0	0	1	0	1	1	0	1	0	0	2	0	0	0	1	2	5	4	10	6	1	4	0	3	1	0	4	1	0	2	0	0	2	1	1	0	1	1	0	1	1	1	1	1	0	1	1	1	1	0	2	1	0	0	2	1	2	1	1	0	2	0	2	1	0	0	0	0	0	1	0	0	1	0	0	0	0	0	1	0	0	0	0	0	1	5	1	1	1	2	1	0	2	0	0	1	0	0	0	1	1	0	0	0	3	1	1	2	0	0	3	8	2	7	1	2	2	2	5	1	2	0	0	0	0	0	0	0	1	0	0	0	2	3	1	1	0	1	0	0	0	0	0	0	0	0	1	1	0	0	0	0	0	1	0	0	0	0	1	0	3	0	0	1	1	0	1	1	0	1	0	2	1	1	0	0	5	2	0	2	0	1	0	0	2	0	1	1	0	0	1	0	0	1	1	0	0	0	2	0	1	0	1	0	0	0	1	0	0	0	0	0	0	2	0	0	0	0	1	0	1	0	0	0	1	0	1	1	0	0	0	1	0	0	0	0	1	0	1	0	0	0	0	1	0	0	0	0	0	1	0	0	0	1	0	1	0	1	0	2	0	1	0	0	0	0	0	1	0	3	0	0	1	1	0	0	0	0	0	0	0	1	1	0	0	0	0	0	0	0	1	0
0	0	0	0	0	0	0	0	6	1	1	0	0	2	1	0	2	1	3	2	0	5	3	3	4	7	4	2	7	3	2	0	1	0	0	0	0	0	0	1	1	0	0	2	2	3	7	4	10	7	5	4	4	4	5	13	10	2	2	3	4	3	6	8	3	5	7	7	3	6	1	2	3	0	1	0	5	2	0	0	1	1	0	1	0	4	6	3	2	0	1	2	2	0	1	1	1	0	0	2	1	0	0	1	1	0	1	0	1	1	2	1	2	2	3	1	0	2	4	1	4	14	10	2	5	4	2	5	8	6	4	3	5	18	3	5	3	3	7	5	5	0	3	6	4	5	2	7	18	112	0	21	5	7	3	5	0	4	4	1	2	4	0	3	4	6	7	3	3	1	0	2	3	1	0	5	5	6	8	12	7	6	6	6	7	2	4	2	2	2	5	2	0	4	3	4	4	2	0	0	6	0	2	2	0	3	1	0	2	2	0	0	0	4	7	1	6	4	1	3	2	0	2	0	0	1	2	0	2	0	1	0	0	0	0	1	0	0	1	0	1	2	2	1	2	1	0	0	1	1	1	1	0	0	0	0	1	0	0	1	0	2	0	0	0	0	0	0	1	0	0	1	0	0	1	0	1	0	0	0	0	1	2	0	0	1	0	2	0	0	1	2	0	0	3	0	0	3	1	0	0	1	0	0	2	2	2	5	1	1	1	2	1	2	1	0	1	1	1	2	3	1	1	0	0	2	0	0	0	0	1	0	1	0	1	0	1	0	0	0	1	0	0	0	0	0	0	0	0	1	1	0	0	1	1	1	1	1	1	2	2	1	0	1	1	0	0	0	0	0	0	2	0	2	0	1	0	1	0	0	0	1	0	4	1	0	0	0	0	3	0	0	1	0	0	0	0	1	0	0	1	0	1	0	1	0	1	0	1	0	1	0	1	1	0	0	2	0	0	0	0	0	0	0	2	1	1	0	0	1	0	0	0	0	0	1	1	0	0	0	0	0	1	0	0	0	0	0	1	0	0	0	0	0	0	0	0	0	0	0	1	0	1	1	0	0	1	0	0	0	1	0	1	1	0	0	0	0	0	0	1	0	0	0	0	0	0	0	0
0	0	0	0	0	0	0	3	0	1	1	2	2	2	3	3	4	7	11	3	2	0	10	8	4	21	9	3	4	2	1	1	1	0	0	2	2	1	1	3	2	2	1	5	5	6	1	15	15	4	7	3	2	2	6	4	4	3	1	1	2	0	1	0	1	3	1	4	0	3	0	3	0	2	1	0	1	1	4	0	0	3	0	0	1	0	3	1	0	2	1	2	2	1	1	1	1	2	0	0	0	0	1	0	0	1	0	0	0	1	0	1	1	0	4	1	1	0	0	0	1	3	3	3	2	4	0	6	2	8	2	4	9	9	8	3	4	6	8	2	1	1	2	4	2	2	2	3	3	9	21	0	25	10	6	2	4	2	4	0	1	1	1	2	1	3	1	0	9	3	1	1	6	2	5	6	10	4	13	21	11	5	4	8	4	2	1	4	4	0	1	3	0	1	2	2	0	2	1	1	0	0	0	0	0	0	1	0	2	3	0	0	0	2	5	6	0	0	2	0	2	3	2	3	0	1	4	0	2	0	3	1	1	0	2	0	1	2	0	0	1	1	0	0	0	0	1	1	1	1	1	0	1	0	0	1	0	0	0	0	1	0	0	0	0	1	0	0	0	0	0	0	0	1	0	0	1	0	1	0	0	0	0	1	1	0	0	2	0	1	1	1	0	1	1	3	1	0	3	2	1	0	0	1	0	0	2	2	5	1	2	1	0	0	1	1	0	0	1	1	0	0	1	0	0	0	1	0	1	0	2	2	0	0	0	3	0	0	0	0	0	0	1	0	0	0	0	0	0	0	1	1	0	0	0	1	0	0	2	0	0	0	1	1	1	1	0	0	1	1	0	0	1	0	2	2	1	0	2	0	1	0	1	1	0	0	2	0	0	0	0	0	0	1	2	0	0	0	0	1	0	0	3	0	1	1	0	0	0	0	0	1	0	2	1	0	0	0	0	1	0	2	1	0	0	2	0	1	0	0	0	0	0	0	0	0	1	0	0	0	0	0	0	0	0	0	0	0	2	1	0	1	0	0	0	0	0	1	0	0	1	2	0	0	0	1	1	1	1	0	0	0	0	3	0	0	0	0	0	1	0	0	0	2	0	1	0	0	0
0	0	0	0	0	0	0	0	2	0	2	5	7	3	5	5	3	40	25	18	8	5	9	5	12	13	12	6	5	5	4	2	1	3	2	3	2	1	2	0	1	5	1	1	3	6	8	11	19	9	9	5	3	1	4	7	2	0	1	1	0	1	1	2	4	3	5	1	0	0	1	3	0	0	1	1	1	2	0	1	1	1	1	1	1	1	0	0	0	3	1	0	0	2	1	0	0	0	1	0	0	1	0	2	0	0	0	2	0	0	0	1	1	1	0	1	1	0	0	1	0	1	3	2	0	1	0	1	0	5	1	1	1	7	7	0	0	4	2	1	3	0	1	4	2	2	1	0	2	4	5	25	0	12	3	5	5	1	1	0	1	2	0	4	0	6	4	1	5	5	2	5	0	4	4	9	5	4	13	7	4	3	5	5	4	2	3	0	2	3	1	1	1	2	0	1	3	0	1	0	0	0	1	0	0	2	0	1	0	0	1	0	0	0	1	2	1	1	3	1	2	2	1	0	1	2	0	0	1	0	0	1	0	0	0	1	1	0	0	1	1	1	0	1	0	0	1	0	2	0	0	2	1	0	1	0	1	0	1	0	0	0	1	0	0	0	0	0	0	1	1	0	0	1	0	0	0	0	0	0	0	1	0	1	1	0	1	0	1	0	0	0	0	0	0	1	0	0	1	3	1	1	4	1	0	1	0	1	1	1	0	1	0	0	0	4	0	1	0	3	1	0	0	1	0	0	0	0	0	1	0	0	0	1	1	1	1	0	1	1	2	0	0	0	1	0	1	1	0	2	0	0	1	0	0	1	1	3	0	0	4	2	0	0	1	1	0	2	2	1	0	0	0	2	1	0	1	0	1	1	2	2	1	1	3	2	0	0	0	2	0	1	2	0	0	0	0	1	1	1	0	1	0	1	1	1	1	0	1	0	1	0	1	2	0	0	0	0	0	0	2	1	2	0	0	0	1	2	1	0	2	1	0	2	0	3	0	0	0	0	0	0	1	0	0	0	0	0	0	0	0	1	0	0	0	0	0	0	0	1	0	0	2	0	0	0	1	0	1	0	2	0	0	1	0	0	0	0	0	1	0	0	0	3	0	0	1	1	1
0	0	0	0	0	0	0	0	1	3	2	0	3	6	6	3	19	22	10	11	3	4	6	2	5	2	3	6	4	4	2	5	0	3	5	3	4	4	5	1	0	4	8	5	5	9	15	10	36	17	14	5	2	2	2	2	3	0	0	0	1	0	0	1	1	0	0	1	0	0	1	0	0	3	2	0	0	3	0	1	0	0	0	0	0	2	3	0	0	1	0	1	0	3	0	0	2	0	2	0	1	1	0	0	1	0	1	0	0	1	0	2	2	0	1	3	1	1	0	1	1	1	1	0	2	4	1	0	1	1	4	0	2	1	3	0	1	1	1	0	0	1	1	2	0	0	1	1	1	2	7	10	12	0	24	12	8	8	5	5	3	0	2	4	1	6	5	8	2	1	4	7	3	19	33	74	22	7	16	5	2	3	1	2	2	3	1	3	3	1	0	0	2	2	2	2	0	2	0	0	0	0	1	0	1	1	0	0	1	0	1	0	0	2	0	5	2	0	4	1	1	0	1	0	1	1	0	0	1	1	0	1	1	0	1	1	1	0	1	0	2	0	0	1	0	0	1	3	0	2	0	0	0	0	1	0	0	1	1	0	0	0	1	0	0	0	0	2	1	1	0	0	0	0	0	0	0	0	0	0	0	1	0	1	1	0	0	1	2	2	0	3	2	2	2	0	1	1	2	0	0	1	0	0	0	1	1	3	1	1	3	0	0	0	4	0	1	2	1	1	1	1	0	0	0	0	0	0	0	0	0	0	0	0	1	3	0	1	0	0	0	0	1	0	1	0	0	0	0	0	0	0	0	0	1	0	0	0	0	0	3	0	0	1	1	0	0	1	1	0	0	0	0	0	0	0	1	1	1	1	1	2	1	0	1	0	0	1	0	0	0	0	0	1	1	0	0	1	0	0	0	2	1	1	0	0	0	0	2	0	0	1	1	0	1	0	1	0	0	0	0	1	0	0	1	1	1	0	0	2	1	0	1	0	0	0	3	0	1	1	0	0	1	0	0	1	0	1	0	0	0	0	0	0	0	2	0	0	0	0	0	0	0	2	0	0	1	0	0	1	2	0	0	0	1	0	0	0	0	0	0	0	0	0	0	0	1	0	1
0	0	0	0	0	0	0	0	2	0	0	1	1	5	1	5	6	8	5	3	1	2	0	0	1	5	3	0	1	6	2	2	0	2	3	4	1	4	2	5	3	3	2	4	3	5	5	9	8	7	21	7	0	4	2	4	2	1	0	0	2	0	2	1	1	2	0	2	1	1	1	1	0	1	0	1	0	0	1	1	2	0	1	0	2	0	0	2	2	0	3	1	1	0	2	2	1	1	0	1	0	1	1	2	2	1	0	0	2	0	0	1	2	0	2	0	1	2	0	0	0	2	3	0	1	4	1	0	2	2	0	0	0	2	2	2	1	0	2	1	0	2	1	1	0	0	1	0	1	2	3	6	3	24	0	37	19	18	17	5	5	9	5	13	11	10	8	13	8	5	5	2	11	10	32	68	22	14	18	4	3	5	4	2	0	0	0	2	2	0	1	0	0	0	0	1	4	3	0	0	0	0	1	0	1	0	0	0	1	1	1	0	4	1	1	1	4	1	1	0	1	3	0	1	2	2	1	0	2	1	0	0	0	0	0	1	0	0	0	2	0	0	1	0	0	0	0	2	1	2	2	0	0	0	0	0	0	1	1	0	1	0	0	0	0	0	0	0	1	0	0	0	0	0	0	0	0	0	0	0	1	1	0	0	2	0	2	0	2	0	0	1	1	1	3	2	0	3	1	3	0	1	1	0	2	0	0	1	1	2	1	2	1	2	1	0	0	1	4	2	1	1	0	0	1	0	0	0	1	0	0	0	2	1	0	1	0	1	0	0	0	1	2	0	1	1	0	0	0	0	0	0	0	1	0	1	0	0	3	1	2	1	0	0	0	0	1	0	0	0	1	0	1	1	0	0	2	1	1	1	0	1	0	0	0	2	0	0	0	0	1	0	1	0	0	1	2	0	1	0	2	1	0	1	2	1	0	0	0	1	1	1	2	0	0	0	0	1	0	1	0	0	1	0	0	0	1	0	0	0	0	1	1	0	0	0	0	0	0	1	0	0	0	1	0	0	0	0	0	1	1	1	0	0	2	1	1	1	1	0	0	0	0	0	1	1	0	0	0	0	0	0	0	0	1	0	0	0	0	0	0	0	1	0	0	0	0	0	1
0	0	0	0	0	0	0	1	0	0	1	3	2	0	2	1	2	4	3	2	0	1	1	2	0	3	4	1	4	2	4	0	2	0	3	5	3	4	1	1	1	1	4	3	3	4	3	2	5	4	18	21	1	1	4	2	6	1	3	0	1	1	2	4	1	3	2	0	2	2	0	0	2	0	2	0	0	0	0	1	2	0	1	1	2	1	3	3	3	1	0	0	2	4	2	0	5	1	0	2	1	0	0	1	0	0	0	0	1	0	0	0	0	0	2	1	0	0	1	0	1	0	0	0	0	0	1	0	1	1	0	1	0	0	5	1	2	1	0	0	2	0	0	0	1	0	3	1	3	3	5	2	5	12	37	0	39	90	130	17	14	4	8	19	10	24	11	9	2	1	1	2	3	9	9	13	7	10	8	4	8	3	1	3	0	0	3	1	0	1	0	0	1	0	0	0	1	0	1	1	1	2	1	0	1	0	1	0	1	1	1	2	2	2	1	1	4	1	2	1	1	0	1	2	1	1	2	0	0	2	0	1	0	0	0	0	0	1	0	1	1	1	2	1	0	0	0	1	2	1	0	0	0	1	1	1	0	0	0	0	2	1	0	0	0	0	0	1	1	1	2	0	0	0	1	0	0	0	0	0	1	0	0	0	1	1	0	1	0	0	0	0	0	0	1	1	2	0	2	1	0	0	1	3	0	0	1	0	1	0	2	0	0	1	0	0	0	0	0	0	0	0	0	1	1	0	0	0	0	2	2	0	1	0	2	0	0	1	2	1	0	0	0	1	1	0	0	0	2	0	1	0	0	0	0	0	0	0	0	0	0	1	0	2	0	0	0	0	1	0	1	1	2	0	1	1	0	1	1	2	0	1	0	2	0	1	1	0	0	0	1	5	0	0	0	0	0	1	0	1	0	0	2	1	0	0	0	1	0	0	0	1	0	0	0	0	1	0	0	0	0	0	0	0	0	0	0	1	0	0	0	0	0	0	0	3	0	0	0	2	1	1	0	0	0	0	0	0	0	0	1	0	1	3	1	1	1	0	0	0	0	0	1	1	0	0	1	1	1	1	0	0	0	2	0	1	0	0	0	0	1	0	0	0	0	0	0	0	0
0	0	0	0	0	0	0	0	1	0	0	1	4	5	3	1	4	3	2	2	1	0	3	1	0	4	5	2	0	1	1	2	1	2	1	2	4	6	6	5	3	1	2	7	1	8	1	2	5	3	8	8	3	0	2	0	2	1	0	0	2	0	0	0	3	2	0	0	1	2	0	1	0	0	0	0	0	0	1	1	1	0	0	0	1	1	1	3	1	0	1	2	1	4	2	1	1	0	1	0	0	1	0	1	0	1	2	3	3	1	2	0	0	1	2	0	1	0	0	0	2	0	1	1	0	2	0	0	0	0	1	1	0	3	0	0	0	1	1	0	1	1	0	0	0	0	1	1	2	2	0	4	5	8	19	39	0	38	23	14	32	10	3	13	5	6	4	3	3	3	1	5	7	10	11	12	6	6	5	0	3	3	4	1	1	1	3	2	2	0	2	0	0	0	3	1	1	0	2	0	1	0	0	0	0	0	1	0	1	0	1	2	0	2	2	2	1	1	1	1	1	0	3	2	2	0	0	0	0	1	1	0	2	0	0	2	0	2	0	0	2	1	0	0	0	0	0	1	1	1	2	0	1	0	1	0	1	1	0	0	1	0	0	0	0	0	0	0	0	0	0	0	0	1	0	0	0	0	1	0	1	0	0	1	0	1	0	1	1	0	0	3	1	0	1	1	1	2	1	0	0	1	1	0	0	0	0	1	0	1	0	0	1	0	0	0	0	1	0	1	0	1	1	0	2	0	0	0	1	1	1	0	0	1	1	1	0	0	2	0	0	1	0	0	0	1	0	0	3	0	0	0	0	0	1	0	0	0	1	0	0	0	0	0	0	0	0	1	0	0	0	0	0	1	0	0	0	0	0	0	0	0	0	2	1	0	2	0	0	0	0	0	0	0	0	0	0	0	1	0	0	0	0	0	0	0	0	0	0	0	0	1	0	0	0	0	1	0	0	0	0	1	0	0	0	0	0	1	1	0	0	0	0	0	0	0	0	0	0	0	0	0	0	0	0	0	0	1	1	1	0	1	0	1	0	0	1	0	0	0	0	0	1	0	0	0	1	1	1	0	0	0	0	0	0	0	0	0	0	0	1	0	0	0	0	0	1	0	1
0	0	0	0	0	0	0	2	2	0	0	1	2	0	1	2	3	4	3	2	1	0	2	2	1	1	2	2	1	1	2	1	0	1	4	3	5	1	6	3	0	1	1	7	5	3	5	8	7	6	8	10	3	3	3	3	0	2	0	4	0	0	0	1	3	4	2	0	0	3	0	1	2	1	1	2	2	1	2	0	0	0	1	1	2	2	1	2	1	1	0	3	1	3	3	3	2	1	0	2	2	0	0	0	0	0	1	1	1	1	2	1	3	1	1	0	0	1	0	0	0	0	0	1	0	1	0	1	3	2	0	1	0	1	0	1	0	1	2	1	1	1	1	0	1	0	1	2	0	1	4	2	1	8	18	90	38	0	343	31	6	19	11	20	9	18	3	9	0	3	1	0	5	2	6	5	4	10	5	7	2	0	0	1	0	1	2	2	2	2	0	0	1	0	2	2	1	0	0	0	0	2	1	1	0	1	0	0	1	1	1	1	1	2	4	2	1	0	0	0	2	1	0	1	2	1	2	0	2	0	0	1	1	1	0	1	0	0	0	0	0	0	0	0	0	0	0	1	0	2	0	0	0	0	1	0	0	1	2	1	0	0	0	0	0	0	0	0	0	0	1	0	0	0	0	0	2	1	0	0	1	0	1	0	0	2	0	2	0	0	1	0	1	1	1	0	2	2	3	0	1	0	1	0	0	0	0	0	1	2	2	1	0	1	1	1	1	0	0	0	0	0	0	0	1	0	1	0	2	0	0	0	0	0	1	1	0	1	1	0	0	0	0	0	0	1	0	0	0	0	0	1	0	0	2	0	0	1	0	0	1	0	0	0	0	0	0	0	1	0	0	0	0	0	0	0	1	0	0	2	0	0	0	1	1	0	0	0	2	0	1	2	0	0	0	0	0	0	1	1	1	0	0	0	0	0	0	0	0	0	0	0	0	0	0	0	0	1	0	0	0	0	0	0	1	0	0	1	1	0	0	0	0	0	1	1	0	0	0	0	1	0	1	0	0	1	0	0	0	0	0	0	1	1	1	0	0	0	1	0	0	0	0	0	0	0	0	0	0	1	1	0	0	0	0	0	0	0	1	0	1	0	1	0	1	0	0	1	1
0	0	0	0	0	0	0	0	1	1	0	2	0	0	0	1	3	2	1	1	0	4	0	2	1	1	2	0	2	1	2	0	2	3	1	1	2	4	5	1	0	3	3	2	1	6	4	4	2	3	5	14	6	3	2	4	6	1	1	1	0	4	2	2	1	2	2	0	1	0	1	2	1	1	2	1	0	0	1	0	0	1	0	0	1	5	2	3	2	2	1	2	1	2	6	2	3	2	1	1	1	0	0	1	1	0	1	0	1	0	3	0	1	1	2	3	2	0	2	0	1	0	1	0	2	4	0	1	0	1	0	0	0	2	0	0	3	1	1	1	0	2	0	0	2	0	1	0	2	2	4	4	1	5	17	130	23	343	0	19	9	12	14	29	13	15	9	5	1	1	0	1	3	1	6	11	5	9	9	7	4	5	1	2	2	1	1	3	0	3	5	2	1	0	0	1	1	1	0	1	2	0	1	0	1	0	1	2	0	2	1	1	4	3	1	1	2	0	0	0	1	3	2	1	0	0	0	0	0	1	0	0	0	2	0	2	0	0	0	0	0	2	0	1	0	1	0	1	0	3	0	0	2	0	0	1	2	1	0	0	1	0	1	0	0	0	0	1	0	0	0	1	0	0	0	0	0	0	1	0	0	0	0	0	0	3	1	1	0	1	1	1	2	0	2	5	1	2	2	2	1	0	0	0	0	2	0	0	0	0	0	0	0	0	0	0	1	2	0	0	2	0	0	0	0	0	0	1	1	0	0	0	0	1	0	0	1	1	0	0	0	0	0	0	0	0	0	1	1	0	0	0	2	1	0	1	1	1	0	0	0	1	0	2	0	0	0	1	0	0	1	0	0	0	1	0	0	0	0	1	1	2	2	1	0	0	1	0	0	0	1	1	0	0	2	0	0	0	0	2	1	1	1	1	1	2	1	0	0	0	0	0	0	1	1	1	0	0	0	0	0	0	0	0	0	0	0	0	1	0	1	0	1	0	0	0	0	0	0	0	0	1	0	0	0	0	0	0	0	0	0	0	0	0	1	0	1	0	0	0	0	0	0	0	0	0	0	0	0	0	0	0	1	0	0	0	0	0	0	0	0	0	0	0	0	0	0	0	0
0	0	0	0	0	0	0	0	0	1	1	0	0	1	0	0	2	0	0	1	2	0	0	0	2	0	2	1	0	2	1	1	0	0	2	1	4	2	3	2	1	0	1	3	3	3	0	1	3	3	2	8	1	2	4	2	2	3	2	3	0	1	1	1	3	0	1	0	0	0	1	2	0	0	0	2	2	0	1	0	1	0	1	0	0	1	1	0	2	1	0	2	6	6	2	4	4	2	2	1	2	0	0	2	2	1	0	2	0	1	3	1	1	0	1	0	0	0	0	0	0	0	2	0	0	0	0	2	4	1	0	1	1	0	1	0	3	2	1	0	0	0	2	2	1	3	0	0	1	0	1	0	0	5	5	17	14	31	19	0	17	52	31	12	9	11	3	6	3	3	1	3	2	3	3	3	6	4	3	2	2	1	2	1	1	4	0	3	1	1	1	1	0	0	1	1	2	0	0	1	0	0	1	0	0	0	0	0	2	0	1	2	2	1	2	0	2	1	0	1	2	2	0	1	0	1	3	1	1	2	0	0	1	0	0	0	0	1	0	0	0	0	0	0	1	0	1	1	0	0	0	0	0	0	0	0	0	0	0	1	0	0	1	0	0	1	0	0	0	1	0	0	0	1	0	2	0	0	1	0	0	0	0	0	2	1	0	0	2	1	0	2	0	1	1	2	0	1	0	0	2	1	0	1	0	0	0	1	1	1	0	0	1	0	1	0	0	0	0	0	0	1	0	0	1	0	1	0	0	0	0	1	0	1	1	1	0	0	2	0	1	0	0	0	0	0	0	1	1	1	0	0	0	1	0	0	0	2	1	1	1	0	1	0	0	0	1	0	0	0	0	2	0	0	0	1	0	1	0	1	2	3	0	0	0	0	0	0	0	0	1	1	0	0	1	0	0	0	0	0	2	0	0	1	0	0	1	0	1	0	0	0	0	0	0	1	0	0	0	0	0	0	0	0	0	0	0	0	0	0	0	0	0	0	0	1	0	0	0	2	0	0	0	0	0	2	0	0	0	0	1	0	0	0	0	0	1	0	0	0	0	0	0	0	1	0	0	1	0	0	0	0	0	1	0	0	0	0	0	0	0	0	0	0	0	0	1	0	0
0	0	0	0	0	0	0	0	0	1	0	0	0	1	1	1	3	1	3	2	1	0	1	1	2	1	2	1	1	1	0	2	2	5	0	0	8	3	6	1	3	1	2	1	0	3	1	0	2	1	4	6	1	3	2	1	2	1	2	1	2	0	1	1	1	2	0	2	0	2	0	0	0	0	0	0	2	1	1	1	1	0	0	0	0	2	0	1	0	0	2	2	1	1	3	1	1	1	0	0	0	2	0	1	1	1	2	1	1	2	0	0	0	2	0	0	3	0	0	1	0	0	2	0	1	0	0	0	0	1	0	0	0	1	1	0	0	0	0	0	0	0	0	2	1	2	1	0	1	1	2	1	1	3	5	14	32	6	9	17	0	58	16	22	10	13	8	5	1	5	3	0	3	4	5	4	3	1	6	3	2	2	0	2	1	0	2	2	5	1	1	0	0	1	2	1	1	1	1	1	0	1	2	0	0	1	1	1	0	0	0	0	2	0	2	1	1	0	0	0	1	1	1	2	1	0	0	1	1	1	0	0	1	1	0	0	0	0	0	0	0	0	1	0	1	0	1	1	1	0	0	1	0	0	1	0	0	0	0	0	0	0	0	0	1	0	1	0	0	1	0	0	0	0	0	0	0	0	0	0	0	0	0	0	0	2	0	0	0	1	0	2	2	0	1	0	1	0	0	2	1	1	0	2	0	0	3	0	0	0	1	2	0	0	0	0	1	2	0	1	3	1	0	0	0	1	0	0	0	0	0	0	2	0	1	1	0	0	0	1	0	0	1	0	0	1	2	0	0	0	1	2	0	0	0	0	0	0	1	1	0	0	0	0	0	0	0	2	0	0	1	0	0	0	0	0	0	1	0	0	0	0	1	1	0	1	0	1	0	0	2	0	1	1	1	0	0	0	0	0	1	0	0	0	0	1	0	1	0	0	1	0	1	0	0	0	1	0	0	0	1	0	0	0	0	0	0	0	0	0	0	0	0	0	0	0	0	1	0	1	0	0	0	0	0	1	0	0	1	0	0	0	1	0	0	0	2	0	0	1	1	0	0	0	0	1	0	0	1	0	0	0	0	1	0	1	0	0	0	1	0	0	0	1	0	0	0	0	0
0	0	0	0	0	0	0	1	1	1	0	2	0	0	2	2	4	1	4	1	0	0	0	1	0	2	1	0	0	0	0	1	0	0	2	2	2	1	2	1	0	0	1	1	0	2	0	0	0	1	2	7	4	1	0	3	1	2	1	3	0	1	1	1	1	0	1	0	0	1	0	0	0	3	0	1	0	3	1	1	0	0	2	2	0	0	0	2	0	0	2	3	1	1	3	1	3	3	1	2	1	0	2	1	0	0	3	1	1	0	1	0	0	0	0	0	0	2	0	1	0	1	0	1	0	1	0	0	1	3	0	1	1	0	2	1	0	2	2	0	0	1	2	1	4	2	0	0	0	1	4	1	2	0	9	4	10	19	12	52	58	0	44	22	7	11	3	4	1	4	3	1	2	3	6	4	5	2	3	2	1	3	3	1	0	0	1	2	1	2	1	1	0	0	2	2	0	2	2	0	0	1	2	0	0	0	0	2	1	3	1	2	2	0	0	2	0	0	1	2	1	2	0	1	4	1	0	2	1	1	0	1	0	1	0	2	0	0	0	2	0	0	1	0	1	1	1	0	2	1	1	1	0	1	0	0	0	1	1	0	0	0	0	1	0	0	0	1	0	1	0	1	0	1	1	0	0	1	0	0	1	0	0	0	2	1	1	0	1	0	1	1	1	1	1	0	2	4	0	1	2	0	1	0	0	0	2	1	1	0	0	0	0	0	0	0	1	1	1	0	1	0	1	0	0	0	0	0	1	0	0	0	2	0	0	0	0	0	1	0	0	0	0	0	0	0	1	0	0	0	0	0	0	0	0	0	0	1	0	0	0	0	0	1	0	0	0	0	0	0	0	0	0	0	0	0	1	1	0	1	0	0	0	0	0	0	0	0	2	0	0	3	1	0	0	1	2	0	0	0	0	0	0	0	0	0	0	0	0	0	1	0	0	0	1	0	1	0	0	1	0	0	0	0	0	0	1	0	1	0	0	1	0	0	0	0	0	1	0	1	0	0	0	0	0	0	1	0	0	1	0	0	2	0	1	0	1	0	0	0	0	0	0	0	0	1	0	0	0	0	0	0	2	2	2	0	1	0	2	0	1	0	0	1	0	0	0	0	0
0	0	0	0	0	0	0	0	0	1	1	3	2	0	2	3	1	1	2	0	2	1	1	0	3	2	0	0	1	2	0	2	0	0	1	2	5	1	3	1	0	0	3	3	1	2	2	2	0	4	5	11	6	3	4	2	4	3	0	2	0	2	1	1	2	1	1	0	0	0	1	0	0	1	1	0	0	1	0	0	0	0	1	1	1	6	1	4	2	0	1	3	3	4	6	2	4	6	6	3	2	3	1	1	2	5	1	1	0	1	1	1	1	2	0	1	1	1	1	1	2	1	0	2	1	0	1	0	2	2	2	3	1	2	1	1	0	0	1	2	2	2	1	1	2	4	0	2	0	3	0	1	0	2	5	8	3	11	14	31	16	44	0	44	21	15	10	8	7	1	2	2	7	3	1	6	6	5	1	5	2	1	1	4	1	0	2	4	1	3	1	0	0	0	3	2	5	2	0	1	2	0	0	0	0	2	1	3	1	2	0	1	2	1	0	3	1	2	2	2	1	2	2	3	2	1	0	1	0	1	1	1	0	0	1	0	0	1	0	0	2	0	0	0	0	0	0	1	3	3	0	0	0	0	0	1	1	1	0	0	0	1	0	1	0	0	2	0	1	0	1	0	0	0	1	0	0	0	1	0	0	0	0	1	0	0	3	2	1	0	0	1	2	2	0	2	2	2	2	2	0	1	2	2	2	1	0	0	1	0	1	0	0	2	1	0	1	0	0	0	1	0	0	0	0	0	0	0	2	1	0	1	0	3	0	0	0	2	2	0	0	1	0	0	0	0	0	2	0	0	0	0	0	0	0	1	1	1	0	2	0	0	0	0	0	1	1	0	0	0	0	0	0	0	1	0	0	1	1	0	0	0	1	0	0	0	2	0	0	0	1	0	0	1	2	0	0	0	0	0	0	0	0	3	0	0	0	0	0	3	0	0	0	1	1	0	0	0	0	0	0	0	0	2	0	0	0	0	1	0	0	0	0	1	0	0	0	0	0	0	1	0	0	1	0	1	0	0	0	0	0	0	1	0	0	0	0	3	0	0	0	0	0	0	1	0	1	0	0	1	0	0	2	0	0	0	2	0	0	0	0	1	0	1	0	0	1	0	1
0	0	0	0	0	0	0	0	0	0	2	2	2	0	2	2	0	0	2	0	2	1	3	0	2	1	2	0	2	0	0	0	0	1	2	3	2	1	3	1	0	3	0	2	0	2	0	2	6	2	6	15	10	2	1	4	4	1	0	0	5	3	1	1	2	1	2	0	1	0	3	0	1	0	1	1	1	2	0	1	0	0	0	0	0	0	2	3	2	1	5	1	2	3	5	1	7	2	0	2	2	0	1	0	0	0	1	2	0	0	2	3	0	1	1	0	3	1	0	0	2	1	1	0	0	1	0	1	2	0	0	0	2	0	2	0	0	0	2	0	1	1	0	0	2	1	2	0	2	1	3	2	4	4	13	19	13	20	29	12	22	22	44	0	64	91	16	6	5	3	2	2	7	6	3	11	4	8	6	7	4	5	3	1	3	0	3	3	1	3	0	1	1	1	3	4	1	3	0	1	0	2	0	0	1	0	1	0	1	1	0	0	4	1	0	2	3	2	1	1	2	2	1	4	5	0	0	0	0	1	3	0	2	1	0	1	1	2	0	1	0	0	0	1	1	0	1	3	1	1	0	1	1	0	0	0	0	0	1	2	1	0	1	0	1	1	0	0	0	0	0	0	0	1	1	0	1	0	1	0	3	0	0	0	2	2	1	2	1	0	0	0	2	1	0	1	2	1	2	1	0	2	1	0	0	2	0	0	0	0	0	0	1	1	0	1	0	0	1	0	0	1	0	0	0	0	0	0	0	0	2	0	0	0	1	0	1	1	2	1	0	1	0	1	0	1	0	0	0	0	0	0	0	0	1	1	0	1	2	0	1	1	0	0	0	2	0	0	0	1	1	0	0	0	1	0	1	0	0	0	0	0	2	1	0	0	0	0	1	0	1	1	1	0	2	0	0	0	1	0	1	0	2	0	0	0	0	0	1	0	1	0	0	0	0	0	0	0	2	1	0	0	0	0	2	0	1	0	0	0	0	0	1	0	0	1	0	0	1	0	0	0	0	0	0	0	0	1	1	0	0	0	0	0	0	1	1	2	0	0	0	0	0	0	3	0	0	0	0	1	1	0	0	1	0	1	0	0	0	0	0	0	0	0	0	0	0	0	1
0	0	0	0	0	0	0	2	0	0	0	1	1	2	0	2	2	1	0	0	1	0	0	1	1	2	2	1	2	0	0	1	1	3	2	2	1	3	1	0	0	0	0	0	1	3	1	1	1	12	5	18	8	6	5	2	0	0	0	2	1	2	0	1	2	1	0	0	1	0	2	0	1	0	2	0	0	0	0	0	0	2	2	0	0	0	1	3	2	0	4	1	5	4	4	7	3	1	5	2	2	1	1	0	1	3	4	0	1	3	1	1	2	1	1	0	0	0	0	0	0	1	0	2	0	1	1	1	1	4	1	2	1	2	2	0	0	0	2	2	1	2	1	1	1	2	0	1	3	1	4	1	0	1	11	10	5	9	13	9	10	7	21	64	0	59	27	18	10	8	1	1	4	4	4	4	12	8	4	4	7	5	6	1	2	2	4	5	2	4	2	1	1	0	0	2	3	2	4	1	3	1	0	0	3	1	1	2	0	2	0	1	0	0	1	1	7	2	4	2	2	0	2	0	0	2	2	0	2	1	0	0	0	2	0	0	1	2	0	3	1	0	1	0	1	1	1	1	1	1	1	0	1	0	0	0	0	0	1	1	0	1	0	0	1	0	1	1	0	1	0	0	1	0	1	0	0	0	0	0	0	0	0	1	0	2	1	0	0	0	0	1	1	0	0	0	0	0	2	1	0	0	1	0	2	0	0	1	1	1	2	0	4	1	0	0	0	0	1	1	0	0	0	0	0	0	0	0	2	0	0	0	0	0	1	2	2	1	1	0	1	0	0	0	0	0	0	2	0	1	1	1	0	0	2	0	1	2	1	1	1	1	0	0	1	0	0	2	0	0	1	1	0	1	0	0	1	1	0	0	1	0	1	1	1	0	0	0	0	0	1	1	1	0	1	0	0	1	0	1	1	1	0	1	1	1	0	0	1	0	0	2	0	0	0	0	0	0	0	0	1	2	0	1	0	0	0	0	0	0	0	0	0	0	1	1	0	1	2	0	1	1	0	0	0	0	0	0	1	0	0	1	1	0	2	1	1	0	1	0	0	0	0	0	0	1	0	0	2	0	0	0	1	0	0	0	0	1	0	0	0	0	1	1	1	0	0	0	0
0	0	0	0	0	0	0	0	3	0	0	1	0	0	1	2	2	0	5	4	2	1	0	0	1	4	3	2	1	2	1	1	1	0	2	0	2	1	0	2	1	0	2	2	0	2	2	1	3	5	12	36	9	7	6	5	10	2	1	1	5	1	2	4	3	1	2	0	2	2	1	1	1	3	2	1	1	0	1	0	0	0	1	1	1	2	0	1	1	3	3	2	5	5	7	4	2	3	1	1	3	2	0	1	1	0	1	1	1	1	1	1	1	2	3	0	1	0	0	1	1	0	0	1	0	1	1	4	1	0	1	1	1	3	2	0	0	1	0	0	2	1	1	1	2	0	2	1	2	1	6	3	6	6	10	24	6	18	15	11	13	11	15	91	59	0	21	14	4	4	2	3	1	6	4	7	6	7	9	2	8	4	5	2	4	2	2	2	2	4	1	0	0	1	0	1	1	1	1	0	2	0	0	0	1	2	0	0	1	1	2	3	1	2	1	5	1	1	0	0	3	2	3	3	1	3	3	1	1	2	0	2	0	0	2	1	1	0	1	0	0	0	0	0	1	0	0	0	1	2	3	3	1	0	2	0	0	1	1	1	0	0	0	1	0	1	0	0	0	1	2	1	0	0	0	1	0	0	0	0	1	0	0	0	1	2	2	1	2	0	0	2	0	1	1	2	1	1	3	3	0	2	1	1	0	2	0	1	0	1	1	0	1	2	1	0	2	0	0	0	0	0	0	1	0	0	0	0	1	1	1	0	2	4	0	3	0	4	1	1	0	4	0	1	0	0	0	0	0	1	1	0	1	0	0	0	0	0	0	0	3	1	0	0	0	0	1	1	0	0	0	0	0	1	2	0	1	0	1	0	2	0	2	1	2	2	0	1	0	0	2	0	1	0	1	0	1	0	1	0	0	2	1	1	0	2	0	0	0	1	0	0	1	0	0	0	0	0	0	0	0	0	0	0	0	0	0	1	0	1	2	0	0	0	1	0	0	0	1	1	0	0	1	0	0	0	0	0	0	0	0	1	0	0	0	0	1	0	0	2	0	0	0	0	0	0	0	0	0	1	0	0	1	1	0	0	0	0	0	0	3	0	1	0	1	0	0	1	0
0	0	0	0	0	0	0	2	2	0	1	1	1	2	1	2	4	2	2	4	1	1	3	1	1	1	1	3	1	2	0	1	1	4	0	1	3	1	3	1	2	2	1	3	0	3	1	2	6	28	23	18	6	11	5	7	4	1	2	2	2	0	2	1	0	0	3	0	1	2	2	1	1	1	0	0	1	0	0	0	0	0	2	1	0	3	3	4	2	2	4	6	2	4	7	2	2	1	4	4	1	2	0	1	0	1	0	1	1	1	0	3	2	3	0	0	1	0	0	1	2	0	2	3	2	1	1	2	0	2	4	3	0	3	4	2	1	3	1	1	2	0	1	4	0	2	1	1	1	1	7	1	4	5	8	11	4	3	9	3	8	3	10	16	27	21	0	123	21	4	5	5	2	4	8	14	34	15	12	7	6	9	5	5	3	5	2	2	4	2	1	0	1	0	5	2	1	0	2	0	1	3	0	0	0	0	1	1	0	1	2	3	4	2	2	1	1	3	2	5	2	1	0	2	1	1	1	2	1	1	0	0	0	0	0	1	0	0	1	0	0	0	0	2	1	0	0	0	1	0	1	0	0	0	1	2	0	1	2	0	0	0	0	1	1	0	0	0	1	0	0	0	0	0	0	0	0	0	1	1	0	3	0	1	0	2	4	1	0	0	1	1	1	1	2	3	2	0	1	2	5	2	1	0	2	3	0	1	1	2	1	1	0	1	3	1	0	1	3	1	0	0	1	0	1	1	2	0	0	1	0	0	0	2	2	0	2	1	2	3	3	0	2	1	1	0	0	0	0	0	1	0	0	1	2	0	0	2	0	1	0	1	0	0	1	0	1	0	0	0	0	0	1	1	1	0	1	2	2	0	0	0	0	2	1	0	0	0	1	2	1	0	3	1	0	0	1	0	0	1	0	0	2	1	0	0	0	0	1	1	1	3	1	0	1	0	0	1	0	0	0	0	0	1	0	0	0	0	0	1	1	1	0	1	0	2	0	1	1	0	0	1	0	1	1	0	1	1	0	0	0	0	1	1	0	1	0	0	0	0	0	0	2	0	0	0	1	0	0	0	0	0	1	0	0	0	0	2	2	0	0	0	0	0	0	0	0	1	0
0	0	0	0	0	0	0	0	1	0	1	0	0	5	0	2	2	4	1	1	2	0	2	2	3	2	4	1	2	2	2	2	0	0	0	1	1	2	3	1	1	1	0	2	0	2	1	3	2	16	21	10	6	3	2	1	1	1	1	1	1	2	0	0	0	0	1	1	1	0	0	0	0	0	0	0	0	0	1	2	1	1	1	0	2	1	1	5	1	2	0	0	2	0	4	4	1	0	2	0	0	0	0	0	0	0	0	4	0	2	3	1	1	2	2	1	0	2	1	4	2	0	1	0	0	0	0	0	2	3	0	2	5	2	5	1	3	2	2	0	0	0	1	1	4	2	1	2	1	1	3	0	1	8	13	9	3	9	5	6	5	4	8	6	18	14	123	0	30	14	5	1	7	8	8	12	75	17	5	8	7	11	6	3	1	2	4	2	4	1	0	1	1	1	2	2	1	1	0	1	1	0	0	0	0	1	0	0	0	3	1	1	3	4	0	4	2	0	1	2	2	1	1	0	0	0	0	0	0	0	1	0	0	0	2	0	2	0	1	2	1	0	0	0	1	0	1	3	0	0	1	0	0	2	0	0	1	1	0	2	0	1	0	1	1	0	2	0	0	0	2	0	0	0	1	0	0	0	0	0	0	0	0	0	0	0	0	1	0	0	1	0	2	1	0	1	2	0	2	1	0	0	2	1	1	1	0	1	0	2	3	2	0	1	0	0	2	3	3	1	0	0	1	0	0	0	0	3	1	1	1	0	2	0	3	4	0	0	1	0	1	1	0	1	0	0	0	0	1	0	0	0	1	0	1	1	0	0	1	3	1	0	1	2	0	1	0	1	0	0	1	0	1	0	0	1	0	0	0	2	1	0	1	1	1	2	2	1	1	1	0	1	0	0	1	1	1	0	0	0	0	0	0	0	0	0	0	0	0	1	0	0	0	0	0	0	0	1	0	0	0	1	0	0	1	0	0	1	0	0	0	0	0	0	1	0	1	0	1	0	0	0	0	0	0	0	1	2	0	1	0	0	0	1	0	1	1	0	0	0	0	2	1	0	1	0	0	1	2	2	0	0	1	0	0	0	1	0	0	1	1	0	0	0	0	0	0	0	0
0	0	0	0	0	0	0	0	0	2	0	3	1	2	0	2	3	3	2	3	3	2	3	3	2	1	0	2	1	2	1	1	0	0	0	1	0	5	1	1	0	0	3	4	1	0	4	2	1	19	6	5	4	3	4	0	1	2	1	1	0	2	1	4	0	1	0	1	1	2	0	1	0	0	2	0	1	0	1	0	1	1	1	1	2	1	2	2	0	1	1	2	2	4	2	3	0	1	0	2	0	0	0	0	1	1	0	1	1	1	0	2	2	2	0	2	0	0	1	1	2	0	3	1	0	0	0	2	1	0	3	3	0	3	2	1	1	3	2	2	3	2	3	0	0	0	1	2	1	6	3	9	5	2	8	2	3	0	1	3	1	1	7	5	10	4	21	30	0	18	11	2	4	4	1	7	23	7	3	2	14	16	5	10	5	5	4	9	4	2	0	0	0	2	2	2	2	2	0	3	0	0	3	2	0	2	0	0	0	0	0	0	0	2	0	1	6	6	1	4	1	2	4	1	2	0	0	1	2	3	3	1	2	0	2	1	1	0	1	2	1	2	0	0	1	1	1	2	2	2	0	0	1	0	0	0	1	0	0	2	1	0	0	0	1	2	0	0	0	0	0	0	1	0	0	2	0	2	0	0	0	2	1	1	2	1	3	0	0	2	0	1	1	0	1	0	1	1	1	1	5	3	2	3	1	1	2	0	2	3	2	1	0	1	2	1	0	3	2	0	0	0	0	0	2	1	1	1	2	1	1	2	1	2	3	1	0	0	0	1	0	0	0	2	0	1	1	0	0	0	0	1	2	1	1	0	2	0	1	2	2	0	2	1	0	0	3	4	0	0	0	0	0	0	0	1	0	0	0	2	1	1	0	2	3	1	0	1	1	1	0	1	2	1	0	0	1	0	0	1	1	2	0	0	1	1	0	0	0	2	0	0	0	1	0	1	0	0	0	0	0	2	1	0	0	0	1	0	1	0	0	2	0	0	0	0	2	1	0	0	1	0	1	0	0	0	1	1	0	3	1	0	0	1	0	1	0	2	1	0	0	0	1	0	1	1	1	0	0	0	1	0	0	2	1	0	1	0	0	0	1	1	0	0	1	1	0	0	1
0	0	0	0	0	0	0	0	0	0	2	2	3	1	0	1	2	4	0	3	2	2	0	1	2	2	3	0	0	3	0	0	2	2	0	3	1	0	2	1	1	1	2	1	1	2	3	2	0	5	7	5	1	1	0	5	1	0	0	2	1	0	3	1	0	0	1	1	0	2	0	1	3	2	2	0	1	2	0	1	0	0	0	0	2	1	0	0	1	0	0	1	1	1	2	1	3	2	3	2	1	0	0	1	0	0	0	0	1	0	0	0	0	1	0	0	0	1	0	0	0	0	0	2	0	0	0	0	1	0	1	2	0	1	0	0	0	1	1	2	0	0	1	2	1	1	0	0	2	1	1	3	5	1	5	1	3	3	1	3	5	4	1	3	8	4	4	14	18	0	35	15	40	14	11	4	8	6	4	3	4	3	5	0	2	5	4	1	3	1	0	2	3	0	0	0	1	1	0	0	0	1	1	0	0	0	0	0	1	0	0	1	2	0	1	3	1	1	2	0	2	1	1	1	2	1	3	0	2	0	2	2	0	1	0	1	1	0	0	0	0	0	0	1	2	1	1	3	1	1	1	0	1	0	1	0	0	1	0	0	0	1	2	2	1	1	1	0	2	0	1	0	0	1	1	0	0	1	1	0	0	0	0	0	0	0	1	1	0	1	1	2	0	0	1	1	1	3	1	2	0	1	0	1	2	0	0	1	1	0	0	1	2	2	0	2	0	0	0	1	3	0	0	0	0	0	1	1	1	2	1	0	2	0	0	1	1	4	4	3	1	1	0	0	0	0	0	0	2	0	1	0	1	0	0	0	0	1	0	1	1	0	0	2	1	1	1	1	0	1	0	2	0	1	0	3	1	0	1	2	0	0	0	1	2	0	1	0	3	0	0	2	1	0	2	0	0	0	0	0	0	0	0	2	0	1	1	0	1	1	0	0	0	1	0	0	1	1	1	0	0	0	0	1	1	0	0	1	1	0	1	0	0	1	0	1	0	1	0	1	0	1	2	0	2	0	0	0	1	0	0	1	1	0	1	1	0	0	0	1	0	0	0	0	1	1	0	1	1	0	1	0	0	1	0	0	1	0	0	1	0	0	0	0	1	0	0	0	1
0	0	0	0	0	0	0	0	1	1	1	0	1	1	3	3	6	4	7	3	3	1	2	0	0	2	2	2	2	3	1	0	0	0	2	0	0	1	1	2	1	1	5	2	1	2	1	2	3	5	3	0	2	0	0	0	2	1	0	2	1	0	0	0	2	0	0	1	1	1	0	1	1	0	0	0	1	0	0	0	0	1	0	1	1	0	2	1	0	1	1	0	0	0	1	0	0	1	0	0	2	1	1	0	0	0	1	0	1	0	0	0	0	0	0	2	0	1	1	0	1	2	0	1	1	0	1	2	0	2	2	0	3	1	3	1	1	2	1	0	1	1	0	0	2	2	0	1	2	1	0	1	2	4	5	1	1	1	0	1	3	3	2	2	1	2	5	5	11	35	0	36	12	16	9	1	3	1	2	3	5	5	3	1	1	3	2	2	0	1	0	1	0	0	1	0	1	4	1	0	1	1	0	0	0	0	0	0	0	1	1	0	0	0	0	0	1	1	1	1	0	3	1	1	1	0	3	0	1	2	1	0	0	0	1	0	1	1	1	0	0	0	0	0	1	0	1	0	1	0	0	0	0	0	0	0	0	0	1	1	0	1	1	0	0	1	0	0	0	2	1	1	0	0	1	0	1	0	0	0	0	0	3	0	0	0	3	1	0	0	1	0	0	0	0	0	1	0	2	1	2	0	3	4	2	0	1	0	0	0	1	0	0	0	2	2	0	0	0	1	3	3	1	2	1	2	1	1	1	0	0	0	2	2	1	2	2	2	0	0	1	0	1	1	1	1	0	0	1	0	0	0	0	0	1	1	2	0	0	1	0	0	0	0	2	0	0	1	0	0	1	1	0	2	0	2	0	2	1	1	2	1	0	0	5	0	0	2	0	0	0	1	1	0	0	0	0	1	0	1	0	0	2	0	1	1	1	0	2	0	0	0	3	0	1	0	0	0	0	1	1	1	2	0	0	0	0	0	0	2	0	1	0	0	1	0	1	0	1	0	0	0	1	1	0	0	0	1	0	0	0	1	2	1	0	0	0	0	1	0	0	1	0	0	1	0	0	1	1	3	0	0	0	0	0	1	2	0	0	1	0	1	0	0	0	1	1	0	0
0	0	0	0	0	0	0	0	1	1	1	2	2	0	2	6	7	6	3	2	1	5	2	2	1	2	1	2	0	2	2	0	1	1	0	3	0	0	5	7	1	4	4	1	3	3	4	2	3	6	1	2	1	0	1	1	0	0	0	0	1	0	1	1	0	0	0	0	1	0	0	1	0	0	0	1	1	0	0	0	0	1	0	0	0	0	0	0	0	0	1	0	1	0	0	1	2	0	0	2	0	1	0	1	0	1	0	0	0	1	1	0	0	0	1	0	0	1	0	0	0	0	1	1	0	0	0	1	1	0	0	1	0	2	0	1	0	0	0	1	1	0	0	2	0	1	1	0	0	3	2	1	5	7	2	2	5	0	1	3	0	1	2	2	1	3	5	1	2	15	36	0	39	23	10	4	5	2	2	1	2	0	3	1	1	3	1	0	0	0	2	2	1	0	0	0	0	0	0	0	0	1	0	0	1	2	1	0	1	1	0	1	0	1	0	2	0	2	1	0	3	0	1	0	1	2	0	0	1	0	0	0	0	0	1	0	2	0	0	0	0	1	0	0	2	1	0	0	1	0	0	0	1	2	0	1	2	1	0	0	2	0	0	0	0	0	0	1	1	0	1	0	1	0	1	1	0	0	1	0	3	0	0	0	1	0	0	1	0	0	0	0	1	0	2	1	2	1	0	1	0	0	1	0	0	0	2	0	0	1	1	0	1	0	0	0	0	1	0	1	0	2	0	0	0	0	0	0	0	1	0	1	2	0	2	0	0	2	0	3	0	1	1	0	0	0	0	0	0	0	0	0	0	0	2	2	0	0	0	0	1	2	1	1	0	1	1	1	0	0	2	0	1	0	1	0	0	2	2	0	0	0	1	1	0	1	1	0	1	0	1	0	0	2	0	0	0	0	1	0	0	0	0	1	1	0	0	2	0	0	1	1	0	1	1	1	0	1	0	1	2	0	0	0	0	0	0	0	0	1	0	0	2	1	1	0	1	1	0	0	1	1	1	1	0	1	1	1	1	1	1	1	0	0	0	0	1	1	0	0	0	0	1	0	2	0	0	0	0	0	0	0	1	1	1	0	1	0	0	0	0	0	0	1	0	0	2	0	1
0	0	0	0	0	0	0	0	0	1	2	1	1	4	1	2	10	7	3	4	4	2	3	2	3	3	0	3	0	3	1	1	0	4	1	4	2	1	0	1	2	1	0	4	1	0	1	0	1	8	7	5	3	1	1	1	2	2	0	2	0	0	1	0	0	1	1	2	0	1	2	1	1	0	0	2	0	0	1	1	0	0	1	0	1	1	0	1	2	1	1	2	1	1	1	0	2	0	1	0	1	2	3	1	1	1	2	0	1	0	0	0	2	2	0	0	0	0	0	0	1	0	2	0	0	0	0	1	1	1	0	2	4	0	1	3	1	0	0	1	1	0	0	0	3	0	1	0	2	0	3	6	0	3	11	3	7	5	3	2	3	2	7	7	4	1	2	7	4	40	12	39	0	35	11	9	7	3	2	2	2	3	4	1	3	1	1	3	0	2	0	0	0	0	1	2	1	0	2	0	0	1	0	0	0	0	0	0	1	0	1	0	4	0	0	3	2	0	0	1	2	1	0	0	1	3	0	0	2	0	0	0	1	0	0	0	0	0	1	0	1	0	0	0	0	0	2	1	0	1	0	0	0	0	1	0	1	0	1	1	0	0	0	1	0	0	0	0	0	0	1	0	0	0	0	0	0	1	0	2	1	0	0	0	0	1	3	0	1	0	1	0	1	0	1	1	1	2	3	1	0	1	0	0	0	1	0	1	0	0	0	2	1	0	0	0	1	0	1	0	0	0	0	0	0	0	1	0	0	1	0	0	2	1	2	1	1	1	2	1	2	0	0	0	0	0	0	0	0	0	1	0	0	0	0	0	0	0	0	1	0	0	1	2	1	0	0	0	0	0	1	0	0	0	1	1	0	0	0	0	0	0	0	1	0	0	0	1	0	1	0	0	1	1	1	2	0	0	0	1	0	0	1	0	1	0	0	2	0	0	1	1	2	0	0	1	0	0	0	1	0	0	1	0	0	0	2	1	1	0	0	1	0	0	0	1	0	1	0	0	0	0	1	1	0	1	0	0	1	0	0	1	1	0	1	1	0	1	0	1	0	3	0	0	0	0	2	0	1	0	0	0	1	1	2	0	1	1	0	0	1	0	0	0	0	0	0	1	1
0	0	0	0	0	0	0	0	0	1	3	1	2	4	5	6	11	12	7	6	4	3	2	2	1	3	8	0	1	4	1	3	1	2	1	1	0	2	6	5	1	1	4	4	4	8	3	1	6	5	11	4	1	2	4	1	1	0	0	1	1	1	1	1	2	0	0	0	0	1	0	1	0	0	0	0	1	0	0	0	0	2	0	1	0	0	2	1	1	1	4	0	1	2	1	1	2	0	0	2	0	0	0	3	0	0	0	1	0	0	1	1	3	2	1	1	0	0	0	0	0	1	2	0	0	0	2	1	0	0	2	1	0	2	2	1	1	1	2	1	0	0	0	2	0	0	4	1	2	2	1	2	4	19	10	9	10	2	1	3	4	3	3	6	4	6	4	8	4	14	16	23	35	0	49	12	9	5	7	6	1	5	3	3	2	1	2	1	2	1	0	1	0	1	1	0	0	0	0	1	0	1	0	1	0	0	1	1	1	0	0	0	0	1	0	1	2	0	0	1	0	0	1	3	0	0	0	0	0	1	1	1	1	2	0	0	0	0	0	1	1	0	1	0	0	0	0	1	1	3	0	1	0	0	1	0	0	1	0	0	0	1	1	0	0	0	1	0	1	0	0	0	0	1	1	1	0	0	0	1	0	0	0	0	0	0	0	2	1	0	1	0	0	0	1	1	2	1	1	1	0	0	0	1	0	0	0	1	0	1	0	1	2	0	1	3	0	1	0	0	0	1	0	0	2	0	0	0	0	1	0	0	1	2	0	0	0	0	0	3	1	2	0	0	1	0	0	0	1	0	0	0	0	0	1	0	0	0	0	0	1	0	0	0	0	1	1	1	0	1	0	0	1	2	0	1	0	1	0	1	1	0	0	0	1	2	0	0	1	0	0	0	3	1	1	0	1	0	1	1	0	2	0	1	0	0	0	0	0	2	0	0	0	0	0	0	0	5	0	0	0	1	0	2	0	0	1	0	0	1	2	0	0	0	1	1	0	0	1	0	0	0	1	0	0	2	0	3	0	0	1	2	2	0	0	1	0	0	0	0	0	0	0	0	0	0	1	0	0	0	1	1	0	2	0	0	0	0	0	0	0	1	0	0	0	1	0	0	0
0	0	0	0	0	0	0	1	1	4	3	4	5	3	3	8	11	4	8	5	2	4	2	0	1	1	4	1	3	3	1	5	2	2	2	5	3	3	7	4	2	1	9	5	3	8	5	3	8	7	7	5	2	3	1	2	2	1	0	0	0	0	1	1	0	2	1	0	0	0	2	2	2	1	0	0	1	1	0	0	1	0	2	0	1	1	3	0	1	0	1	1	4	1	1	1	0	2	1	0	0	0	0	0	0	0	1	0	1	0	1	0	0	3	1	0	1	0	0	0	0	1	0	0	1	1	1	1	2	1	0	0	1	1	2	3	1	3	0	3	0	0	0	0	0	1	0	1	1	2	0	5	4	33	32	9	11	6	6	3	5	6	1	3	4	4	8	8	1	11	9	10	11	49	0	84	23	7	7	6	5	4	2	3	1	1	3	2	0	2	0	0	1	1	1	1	1	1	0	0	1	1	0	1	0	0	0	1	1	3	1	1	0	1	1	1	2	0	0	1	1	0	2	1	1	1	0	1	1	1	0	0	1	0	1	1	1	0	1	0	0	0	0	0	2	0	0	0	0	1	0	0	0	0	1	1	0	1	0	0	0	0	0	0	1	0	1	1	1	0	1	1	0	0	0	1	1	1	0	0	0	0	0	0	0	2	1	0	0	0	1	0	2	0	1	0	1	1	0	1	3	0	0	3	1	0	0	0	2	3	0	0	1	0	1	2	0	2	1	1	2	0	0	1	0	0	0	0	0	1	0	1	0	0	0	0	2	1	3	0	0	2	0	0	0	0	1	0	0	0	0	0	0	0	0	0	0	0	0	1	1	0	0	0	0	0	1	0	1	0	0	0	0	0	0	0	0	0	1	0	1	0	1	0	2	0	0	0	0	0	0	0	1	2	0	0	1	2	0	1	0	0	1	1	0	1	0	0	0	1	1	1	3	0	1	0	0	1	0	0	1	1	1	0	0	1	1	1	0	0	0	0	0	1	0	0	0	1	1	0	0	0	0	0	0	0	1	1	1	0	0	0	1	3	0	0	0	1	0	0	0	0	0	0	0	0	0	3	0	1	0	2	0	0	0	0	0	0	1	1	0	1	1	0	0	0	1	0	0
0	0	0	0	0	0	0	3	0	0	2	3	4	4	0	3	16	8	2	4	1	2	1	4	2	3	3	7	2	6	3	0	4	3	4	9	5	3	3	4	5	5	3	9	2	14	16	15	17	11	29	9	0	3	3	2	3	2	0	1	0	2	1	2	1	1	1	2	2	4	0	0	0	0	0	0	2	1	1	2	0	0	0	0	1	2	2	3	1	0	2	0	0	0	2	2	1	0	0	1	0	0	0	0	2	1	1	2	0	2	1	0	2	1	1	1	0	1	0	1	0	3	1	1	2	0	1	0	0	0	5	4	0	5	3	0	0	1	0	0	1	1	3	3	1	2	2	3	0	1	5	6	9	74	68	13	12	5	11	3	4	4	6	11	4	7	14	12	7	4	1	4	9	12	84	0	34	16	10	7	7	1	5	2	2	0	3	3	2	1	1	0	0	0	1	2	0	1	0	0	2	1	1	0	0	0	1	2	0	0	2	1	1	0	2	1	3	1	0	1	0	1	3	0	0	0	0	0	0	1	2	0	1	1	1	1	0	0	0	1	0	1	0	1	0	0	0	0	0	0	0	0	0	1	0	0	0	0	0	0	2	0	0	0	1	0	0	0	0	0	0	0	0	0	0	1	0	0	0	0	1	0	0	0	1	0	1	1	1	2	0	0	1	2	0	2	1	5	1	1	4	3	2	2	0	2	0	2	1	2	0	0	0	0	0	1	0	2	0	0	1	0	0	0	0	0	0	0	0	0	1	1	0	1	2	2	0	1	0	2	0	0	2	0	0	0	0	0	0	0	1	0	1	1	0	0	0	0	2	1	1	0	0	0	0	0	0	0	0	1	1	1	0	0	1	0	1	0	1	1	0	0	2	0	1	1	0	0	1	1	2	2	2	0	0	0	1	0	1	0	0	0	1	1	0	0	0	1	1	2	0	0	0	0	0	1	1	0	0	1	0	0	0	0	0	1	1	1	1	0	0	1	1	0	0	0	1	0	0	0	0	0	1	0	0	1	0	1	1	0	0	0	0	1	2	0	0	1	0	0	0	1	0	0	3	0	0	0	0	0	0	0	0	0	0	1	0	0	0	0	1	0	0	0	0	0	0	1	0
0	0	0	0	0	0	0	1	0	2	2	2	3	4	1	5	8	10	4	3	1	0	2	0	1	4	4	4	2	4	4	1	0	2	2	1	2	4	3	4	2	0	4	5	5	5	6	7	10	64	55	19	3	3	7	4	1	2	2	1	1	2	1	3	0	2	2	0	0	0	2	2	3	0	1	1	0	1	2	2	0	2	0	2	1	0	3	3	1	2	3	3	1	2	1	3	2	0	0	1	1	1	0	0	0	5	1	1	1	0	1	1	1	0	1	1	0	1	0	0	2	2	0	3	2	1	1	1	3	1	1	1	1	4	4	0	1	3	1	0	2	1	1	1	2	3	0	0	1	3	5	10	5	22	22	7	6	4	5	6	3	5	6	4	12	6	34	75	23	8	3	5	7	9	23	34	0	23	18	8	8	8	4	3	3	1	10	5	2	3	1	4	2	0	2	3	2	0	1	0	1	0	1	1	1	1	0	2	0	0	0	1	0	3	3	1	2	2	0	2	3	1	4	0	1	0	1	0	0	0	0	1	0	0	0	2	2	1	0	1	0	1	0	0	1	0	0	2	2	0	0	0	2	0	1	1	0	0	1	0	0	0	0	0	0	0	1	2	1	0	0	1	0	0	0	2	1	1	1	0	0	1	1	0	0	2	1	0	0	1	1	2	0	0	1	2	1	1	2	1	1	1	1	1	1	1	2	0	0	0	2	0	1	0	3	0	0	1	0	4	3	0	0	1	0	0	0	1	1	3	1	0	1	2	1	1	1	0	1	2	3	2	2	0	2	0	0	1	1	0	1	0	1	0	0	1	0	0	0	2	0	0	0	0	0	1	0	1	1	3	0	0	1	0	0	1	0	3	1	1	1	1	1	1	0	0	1	0	0	0	0	1	0	1	0	0	1	0	0	0	1	0	1	1	1	0	0	0	0	1	1	1	0	0	1	1	0	1	0	0	2	0	0	0	0	1	0	0	0	0	0	0	0	1	0	0	1	0	0	1	0	0	0	0	0	0	0	0	0	0	2	2	1	0	0	0	0	0	0	0	0	0	0	0	0	1	1	1	0	0	1	1	1	0	0	0	1	0	0	0	0	0	0	0	1	0	0	0	0
0	0	0	0	0	0	0	0	0	1	1	1	0	0	2	1	7	6	6	2	3	1	6	4	3	3	6	1	1	2	0	2	0	3	3	1	2	3	1	3	0	3	5	2	2	3	1	3	6	28	119	54	10	7	6	6	7	6	0	5	1	1	0	5	4	1	3	2	2	1	0	0	1	1	0	2	1	2	0	0	0	2	2	1	0	4	6	4	1	4	0	3	2	4	4	3	1	0	6	0	0	0	0	1	1	4	2	0	0	0	0	0	3	0	4	0	0	0	4	1	0	3	3	1	1	0	0	1	2	3	2	2	2	2	1	0	0	2	2	1	2	4	0	1	0	1	2	0	1	4	6	4	4	7	14	10	6	10	9	4	1	2	5	8	8	7	15	17	7	6	1	2	3	5	7	16	23	0	75	45	25	6	6	10	5	1	1	6	3	1	1	4	0	0	0	6	1	3	0	2	2	0	1	0	1	0	2	0	0	1	1	3	1	0	4	8	4	2	5	6	3	0	2	1	2	0	2	0	3	2	0	1	0	0	0	1	3	0	0	0	1	0	0	0	1	1	2	3	2	2	1	2	0	0	0	0	2	1	0	1	0	0	2	0	1	2	0	0	2	1	0	0	0	1	0	0	0	1	0	1	0	0	0	0	0	1	2	1	0	1	0	1	2	3	1	1	1	2	3	0	2	2	3	2	0	0	0	2	2	2	0	0	2	0	1	1	1	2	1	0	0	0	0	0	1	0	0	0	1	1	2	3	0	1	0	0	0	0	0	0	2	1	1	0	0	0	0	0	1	0	1	0	0	0	1	0	2	4	0	3	0	1	1	0	1	1	2	1	1	0	0	1	0	0	1	1	1	0	0	0	2	0	0	1	0	0	0	0	1	0	1	2	0	0	0	0	0	1	0	1	0	1	1	2	1	1	0	0	0	0	0	0	0	1	0	1	1	1	0	0	0	1	0	0	0	1	0	0	0	1	0	0	0	1	0	0	2	1	0	1	1	0	0	0	0	0	0	0	0	1	1	0	0	1	0	0	0	0	0	0	0	0	1	0	0	1	0	0	1	0	1	0	0	0	0	0	2	2	0	1	0	1	1	1	0	0	1	2	0
0	0	0	0	0	0	0	0	0	1	1	2	2	4	2	4	5	9	5	2	0	1	2	4	1	8	4	6	4	5	5	2	2	3	3	8	5	1	5	0	2	2	1	3	1	5	8	9	14	12	54	16	3	2	4	11	6	4	0	0	0	1	1	3	1	1	3	2	3	4	1	1	1	1	0	1	2	0	4	0	0	0	0	2	1	1	3	4	2	3	0	3	0	3	2	10	3	1	0	1	0	2	1	0	1	0	0	0	1	1	0	0	4	1	1	1	3	2	1	1	0	2	2	0	0	0	2	2	2	2	2	2	2	4	2	2	2	2	1	2	3	0	1	1	2	1	1	1	4	6	8	13	13	16	18	8	5	5	9	3	6	3	1	6	4	9	12	5	3	4	2	2	2	7	7	10	18	75	0	32	9	3	4	6	3	0	3	2	7	1	0	1	1	0	1	0	1	0	0	1	2	0	0	0	0	1	1	1	1	2	1	0	3	2	5	3	1	2	0	0	2	0	0	2	1	0	1	1	2	0	0	1	0	1	0	0	1	0	0	0	1	1	0	1	0	2	2	1	3	1	0	0	0	0	0	0	1	0	0	0	0	0	0	1	0	0	1	1	0	0	0	0	1	0	0	0	0	0	0	0	0	0	0	1	0	0	0	3	0	0	0	1	1	2	2	0	0	2	0	1	1	0	0	0	1	1	1	2	3	4	2	0	1	0	1	2	0	2	0	1	3	1	0	0	0	0	0	0	0	3	1	1	0	1	0	0	0	0	1	0	0	0	0	0	0	0	1	0	0	2	0	1	1	1	1	0	2	0	0	0	0	0	2	2	0	0	2	1	0	0	1	0	0	0	0	0	0	0	0	1	1	4	3	1	1	1	0	0	0	3	1	1	0	0	0	0	1	0	0	1	0	0	0	0	0	2	0	0	0	0	1	1	1	0	0	0	0	0	0	0	0	1	0	1	1	0	0	0	0	0	1	1	0	0	1	0	0	2	0	0	0	1	0	0	0	0	1	0	1	1	2	0	1	0	0	0	1	0	0	0	1	1	0	0	1	0	1	1	0	1	0	0	0	0	1	0	0	0	1	0	0	0	1	1	0	0	0	1	0
0	0	0	0	0	0	0	1	1	0	1	0	2	1	3	1	0	4	4	3	3	1	5	10	3	5	5	2	5	2	2	1	2	2	4	2	2	2	2	0	1	1	2	2	2	3	3	3	7	23	16	11	18	7	7	11	7	5	3	1	4	3	0	3	3	0	3	5	3	2	2	4	1	1	3	0	1	1	1	2	0	0	1	1	0	6	1	0	1	1	3	1	1	2	2	4	2	4	2	1	1	0	1	1	1	2	1	2	3	0	4	2	2	3	2	0	2	0	3	2	3	3	5	2	1	2	3	1	2	8	2	1	2	6	1	4	4	4	3	5	0	4	0	4	7	3	2	1	8	13	12	21	7	5	4	4	0	7	7	2	3	2	5	7	4	2	7	8	2	3	3	1	2	6	6	7	8	45	32	0	46	18	5	11	7	2	6	5	4	1	5	0	0	1	2	4	2	2	2	0	1	0	3	4	1	1	0	0	2	0	1	3	3	1	3	7	3	3	1	1	1	1	2	1	4	0	1	1	1	2	3	0	1	1	1	0	1	1	1	0	1	0	1	0	1	1	0	3	1	2	0	0	0	1	0	0	0	0	0	0	0	0	2	0	0	0	0	0	0	0	0	0	0	0	1	0	2	0	1	0	0	1	0	0	1	0	0	0	1	0	2	1	1	1	1	2	1	2	2	3	2	2	1	1	1	2	6	1	1	1	0	2	1	1	0	1	1	0	0	0	2	1	0	0	1	0	0	0	1	0	1	1	0	0	0	0	0	0	1	0	1	0	0	0	0	3	0	0	0	0	0	1	0	1	1	1	0	2	0	0	0	1	0	1	1	0	0	0	1	0	0	0	2	1	0	0	0	0	2	0	1	2	1	2	2	0	0	1	0	0	0	0	0	0	0	1	1	0	0	2	2	0	0	1	0	0	1	0	1	0	1	0	0	0	1	1	0	0	1	0	0	0	0	0	0	0	0	1	0	0	1	0	0	0	0	1	0	0	1	1	1	0	0	0	0	0	0	0	0	1	1	1	1	0	2	0	0	1	0	0	0	1	0	0	0	0	0	0	0	0	1	1	0	2	0	1	0	0	0	0	0	1	1	0	0	0	1	1	1
0	0	0	0	0	0	0	2	1	0	0	3	1	1	3	0	1	2	2	2	2	2	4	0	3	6	1	2	4	1	0	1	0	1	1	2	1	1	2	0	1	1	1	4	1	0	1	3	5	29	8	15	9	10	4	5	7	5	1	1	1	3	4	2	3	4	3	1	3	3	1	4	2	4	2	1	2	0	0	0	0	2	0	0	0	4	4	4	1	3	3	4	3	1	5	4	3	2	3	5	4	1	1	0	0	3	1	1	2	2	2	0	3	4	1	2	2	1	0	1	2	1	2	1	2	2	4	3	6	5	2	5	6	6	6	1	3	5	2	2	4	3	3	4	1	3	3	2	1	8	7	11	4	2	3	8	3	2	4	2	2	1	2	4	7	8	6	7	14	4	5	2	2	1	5	7	8	25	9	46	0	63	38	23	19	4	4	16	5	7	3	3	0	0	3	1	3	3	0	1	0	0	0	1	0	0	1	3	1	1	2	1	1	3	3	8	9	10	2	1	5	4	4	3	1	0	0	3	0	2	0	0	2	0	1	0	0	0	1	3	2	1	0	1	1	1	0	1	0	2	0	1	2	1	1	0	0	2	0	1	0	1	0	1	1	0	0	0	0	0	1	1	0	0	1	1	0	0	1	0	1	0	1	1	0	2	2	0	0	1	2	0	0	2	3	1	3	2	2	6	1	2	5	3	1	2	4	2	2	1	0	3	6	1	1	1	1	4	0	1	1	1	0	0	0	0	1	1	2	0	1	1	0	2	3	0	1	2	1	2	0	1	1	0	0	0	0	0	0	0	0	0	0	2	0	0	1	1	3	1	1	2	2	1	1	0	1	0	1	1	1	2	0	1	1	0	0	1	4	2	2	1	0	2	2	2	0	0	0	0	1	0	0	0	0	1	0	1	1	0	0	2	0	0	0	1	1	1	0	0	1	0	1	0	2	1	1	0	0	0	0	0	1	0	0	1	0	0	2	0	1	0	0	0	1	0	0	0	0	1	0	0	1	1	0	1	0	1	0	1	1	0	1	0	1	1	0	0	0	1	1	0	0	0	2	0	1	1	0	0	1	1	0	0	1	0	0	1	1	2	0	0	0	0	1	1	0	1	0
0	0	0	0	0	0	0	1	0	1	0	0	1	3	1	0	2	2	4	1	5	1	3	1	1	8	0	1	2	1	1	0	2	1	0	2	1	1	2	1	0	0	1	2	1	1	4	2	3	20	9	11	10	5	3	5	7	4	0	3	2	0	1	3	0	1	1	0	0	1	2	0	2	1	1	0	2	1	3	1	3	2	0	2	1	3	3	4	5	1	4	2	3	2	3	3	4	1	3	0	1	2	1	0	3	1	0	0	1	2	2	0	1	0	4	1	0	0	0	2	0	3	4	0	1	2	0	1	0	11	4	1	5	4	5	1	4	4	2	3	0	2	0	3	8	4	3	2	3	3	6	5	3	3	5	3	3	0	5	1	2	3	1	5	5	4	9	11	16	3	5	0	3	5	4	1	8	6	3	18	63	0	78	29	18	8	19	15	16	8	1	2	2	2	2	1	3	2	1	1	4	2	0	2	0	0	2	0	2	0	2	0	0	3	4	5	16	11	6	2	3	4	3	4	5	4	0	1	1	3	2	0	0	2	2	1	1	1	0	2	0	2	0	1	1	2	1	2	1	3	1	1	0	0	1	1	0	1	0	0	0	0	1	0	0	1	1	1	1	0	0	0	0	1	0	0	0	0	0	0	1	1	3	2	2	0	0	0	0	0	0	1	2	4	1	2	5	4	2	2	4	4	1	3	2	1	1	2	0	2	0	1	0	5	0	2	4	1	2	0	1	0	3	3	0	2	3	0	0	1	1	1	1	3	4	0	0	0	0	0	2	2	0	0	1	0	2	0	0	0	1	0	0	0	0	1	1	0	1	1	5	1	0	1	0	2	0	2	2	0	0	1	1	0	1	1	1	1	1	2	3	2	1	0	1	0	2	0	0	1	0	1	0	1	1	0	0	0	0	2	0	0	0	0	1	0	0	0	1	0	0	0	1	1	0	1	2	3	0	0	0	0	1	0	1	1	1	0	0	1	0	0	1	1	0	0	1	0	0	0	1	0	0	1	0	0	2	0	1	0	0	0	2	0	0	0	1	1	0	1	1	0	0	1	0	1	1	0	4	0	0	0	0	0	0	1	2	0	0	0	0	0	1	0	1	2	1	1	0
0	0	0	0	0	0	0	0	1	2	1	0	0	1	1	2	1	2	3	0	0	4	2	3	0	0	2	1	1	1	0	0	0	0	0	1	0	0	2	1	2	0	0	1	1	1	1	3	1	9	3	5	10	6	4	4	4	3	1	0	4	2	0	1	1	4	0	1	1	1	1	1	4	2	4	0	2	0	2	0	0	1	2	2	1	4	5	3	4	2	5	3	1	4	7	0	1	0	1	1	1	1	0	3	1	4	2	1	1	2	2	1	2	3	2	1	0	1	2	0	2	0	2	3	3	3	0	1	3	9	5	3	3	9	0	4	3	6	8	8	5	3	1	5	3	6	3	2	3	4	6	4	5	1	4	1	4	0	1	2	0	3	1	3	6	5	5	6	5	5	3	3	4	3	2	5	4	6	4	5	38	78	0	43	58	25	19	16	23	11	1	1	1	2	2	2	2	1	2	0	1	2	0	1	0	1	1	1	0	1	2	2	2	6	6	17	23	9	10	2	4	1	1	6	1	3	2	3	3	2	1	5	1	2	3	3	1	2	3	3	1	2	1	2	0	1	0	5	2	4	2	1	1	1	1	0	0	1	0	2	0	1	0	0	0	0	1	0	0	0	0	1	0	0	0	2	1	1	0	0	1	1	1	1	1	0	0	0	1	1	0	0	0	2	1	3	3	4	6	3	2	4	1	3	2	1	1	2	2	4	0	3	0	1	2	1	2	2	1	3	2	1	1	1	1	0	1	1	1	2	2	1	3	1	0	1	1	0	0	1	3	0	1	0	0	1	0	0	0	0	4	1	2	0	0	2	1	2	5	2	1	0	2	0	0	0	0	2	2	2	1	0	0	2	1	1	2	1	2	1	0	3	1	2	0	2	1	0	2	0	0	0	1	2	1	0	1	1	0	2	0	1	0	2	4	0	1	1	1	1	0	0	1	1	0	2	0	0	0	1	1	1	0	1	1	0	1	0	1	1	0	0	1	0	2	0	1	0	0	0	0	1	0	0	0	0	0	1	2	0	0	0	0	1	1	0	0	2	1	0	0	0	1	1	3	1	0	1	0	1	1	1	0	1	0	0	0	1	0	1	0	0	0	0	0	0	1	1	0
0	0	0	0	0	0	0	1	0	2	1	1	2	0	1	0	1	4	2	1	2	0	0	1	3	4	3	1	1	0	1	1	0	0	2	2	0	0	2	1	0	1	2	0	0	1	0	2	2	9	4	8	1	1	3	4	2	0	0	1	1	3	2	3	0	3	2	1	3	0	1	3	1	1	1	3	1	0	1	0	1	1	0	1	1	4	3	6	1	3	6	2	1	2	3	2	1	1	1	1	0	0	1	0	2	2	0	1	0	0	4	2	0	1	0	1	1	1	1	0	2	1	1	1	0	1	3	1	11	19	7	4	5	10	6	5	3	8	21	12	10	3	4	5	2	1	0	3	5	4	6	8	5	2	2	3	1	1	2	1	2	1	4	1	1	2	5	3	10	0	1	1	1	3	3	2	3	10	6	11	23	29	43	0	201	27	12	10	8	5	3	4	1	0	3	0	4	2	0	1	0	0	1	0	0	1	1	3	0	0	1	1	1	1	4	11	12	7	6	3	2	7	1	4	1	3	1	0	1	1	0	0	0	0	1	1	3	3	2	2	1	0	1	2	0	1	1	2	1	2	1	0	1	0	0	0	0	0	0	2	0	0	1	0	1	0	0	0	1	0	0	0	1	0	0	1	0	0	1	2	1	1	0	0	1	0	1	1	0	1	0	0	0	0	2	3	1	2	1	3	0	2	3	4	1	2	2	1	3	5	1	3	5	3	1	3	1	2	2	4	1	1	4	0	0	1	0	0	0	0	2	1	1	2	0	0	1	1	0	0	0	1	1	0	0	0	1	0	0	0	1	0	1	0	0	2	0	0	2	0	2	3	1	1	0	3	1	2	0	1	0	0	1	1	1	3	1	1	1	1	0	2	2	2	0	1	3	0	1	1	2	0	2	0	1	0	0	0	0	1	0	0	1	0	0	2	0	0	1	0	0	0	2	0	0	0	0	0	0	0	1	1	1	0	0	0	1	0	0	2	1	0	0	0	0	2	0	2	0	0	2	1	1	1	0	0	0	0	2	1	0	1	1	0	0	0	1	0	1	1	0	0	0	1	0	0	2	1	0	1	0	1	0	1	0	0	0	0	1	0	1	0	0	0	1	0	0	0	2
0	0	0	0	0	0	0	0	0	1	1	1	1	1	1	1	0	3	0	1	2	2	3	1	0	1	0	1	1	0	0	1	0	3	0	0	1	2	0	0	0	0	3	1	2	0	2	2	2	6	4	5	4	3	3	2	6	1	2	2	2	0	3	3	1	0	2	2	1	0	0	0	3	2	3	0	2	0	3	0	0	0	2	0	0	0	1	5	0	0	0	1	2	2	0	1	3	1	2	4	0	1	1	0	1	1	1	3	1	2	1	1	4	3	1	1	0	0	0	0	2	1	3	5	3	3	1	3	4	11	3	3	8	10	5	2	3	8	15	14	15	5	7	8	2	5	3	4	2	4	7	4	4	2	0	0	1	0	2	1	1	0	1	3	2	4	3	1	5	2	1	1	3	2	1	2	3	5	3	7	19	18	58	201	0	34	16	6	6	4	3	2	1	4	4	4	2	0	1	1	0	1	1	0	0	0	0	0	0	0	2	0	0	2	1	12	12	18	10	5	3	1	2	2	2	2	0	2	1	0	3	1	0	0	2	0	2	1	0	0	3	1	1	2	2	2	0	2	2	1	2	0	0	0	1	1	0	1	0	0	1	0	0	0	0	0	2	0	0	1	1	1	0	0	1	0	0	1	1	1	3	0	0	2	1	0	0	0	3	0	1	0	2	0	4	2	1	2	12	5	3	2	2	1	3	2	5	4	1	5	1	4	2	0	6	2	9	4	5	1	2	0	0	2	3	0	0	0	1	2	0	2	1	2	2	0	1	0	1	0	1	0	2	2	1	0	1	2	1	2	2	2	2	0	4	2	2	3	1	1	4	2	3	2	0	3	1	0	4	1	0	0	0	4	1	3	3	2	1	1	1	2	3	1	2	1	1	0	1	1	2	4	1	2	0	0	0	1	2	0	0	0	1	1	2	0	0	0	0	0	1	0	0	2	0	0	1	0	0	1	0	1	2	0	0	0	2	0	0	0	0	0	0	0	0	3	1	0	0	0	0	0	1	0	0	0	1	0	0	0	0	0	1	0	0	0	1	2	0	0	0	0	3	2	1	3	1	1	2	2	1	1	0	1	1	0	0	0	0	1	1	0	0	1	0	1	1	1	1
0	0	0	0	0	0	0	3	0	0	0	0	1	0	0	2	1	4	2	2	1	1	2	4	3	1	2	2	1	1	0	0	0	0	0	0	0	1	1	1	0	1	3	1	2	1	1	3	2	5	7	2	3	4	3	3	1	1	2	1	1	0	1	1	1	0	1	0	2	2	1	0	0	0	3	1	2	0	3	1	1	2	1	2	0	0	0	2	4	1	1	2	0	0	2	2	0	1	3	0	1	3	0	2	1	0	1	0	0	3	3	1	1	2	3	0	0	4	3	0	0	3	1	4	2	4	0	4	4	6	3	1	3	1	6	2	5	9	15	14	7	0	2	5	2	2	0	4	5	3	2	2	2	3	0	0	1	1	1	4	0	0	0	0	2	2	5	2	5	5	3	3	1	1	1	0	1	1	0	2	4	8	25	27	34	0	55	11	11	7	1	0	0	4	0	2	0	0	2	0	0	0	0	1	0	2	0	1	1	0	0	1	0	1	4	8	12	10	15	7	10	4	6	1	1	1	1	6	1	4	2	4	0	2	2	1	2	0	1	3	3	0	1	3	1	3	0	8	2	4	4	1	1	0	1	1	0	1	1	1	0	0	1	1	0	2	0	0	1	0	1	1	3	0	1	1	1	1	1	0	1	1	3	2	1	0	0	0	3	1	0	1	1	3	0	7	4	1	5	4	7	8	1	4	4	1	1	5	1	4	2	8	3	1	4	2	6	6	4	4	3	4	1	2	0	1	0	0	3	0	2	3	2	4	1	2	1	1	0	0	2	1	1	0	1	0	0	1	0	0	0	1	1	0	1	1	2	0	5	4	3	2	1	2	0	1	2	0	1	1	0	0	2	4	4	1	3	5	6	3	1	7	0	3	3	1	0	1	2	2	1	1	3	2	1	0	3	0	0	0	2	3	2	2	0	3	1	0	1	1	0	2	2	0	1	1	1	0	0	2	1	0	0	0	0	0	1	0	1	0	0	0	0	0	2	2	1	0	0	1	0	0	0	1	1	0	1	1	1	0	2	0	3	0	1	1	0	0	0	0	0	0	1	0	0	1	1	1	3	0	2	0	2	0	1	1	0	0	2	0	0	0	0	1	1	1	0	0	2
0	0	0	0	0	0	0	0	1	0	0	0	0	0	0	2	1	3	0	3	0	1	0	0	2	0	3	2	1	1	0	0	0	0	1	0	2	0	0	0	1	1	0	4	1	2	1	1	4	7	3	7	1	2	1	1	2	4	2	1	1	1	0	2	1	1	4	1	0	2	2	0	2	1	1	1	1	0	3	1	2	2	1	1	2	1	3	3	7	3	2	3	2	1	3	3	0	1	2	2	1	1	0	1	4	1	0	1	2	0	0	0	3	1	0	2	0	0	0	1	0	1	2	1	3	1	3	1	3	3	6	4	1	3	3	4	1	6	7	10	2	3	6	3	0	1	1	2	2	3	4	1	3	1	0	3	3	2	1	0	2	1	2	3	4	2	2	4	4	4	2	1	1	2	3	3	10	1	3	6	4	19	19	12	16	55	0	44	31	8	6	1	3	3	8	5	3	1	0	0	1	1	0	1	2	3	3	3	0	1	0	0	1	0	1	7	11	24	22	8	8	3	7	4	2	1	1	0	1	5	2	3	2	0	2	6	1	2	4	1	0	1	3	1	0	1	2	4	4	2	3	2	1	2	0	1	0	0	0	0	3	1	1	0	1	0	2	0	0	0	1	1	0	0	3	0	0	1	3	0	0	1	0	2	1	1	0	1	0	0	1	4	2	1	4	5	7	5	9	8	7	8	0	3	0	6	3	7	0	2	0	3	1	2	3	0	3	2	0	1	0	4	1	0	2	0	0	1	2	2	0	2	2	1	0	2	1	0	3	4	2	0	0	0	1	0	0	2	3	2	0	1	0	1	1	1	1	3	3	0	4	4	2	1	1	2	1	0	1	3	0	0	1	3	1	2	0	5	2	2	1	2	1	2	1	2	0	0	2	0	1	1	1	0	1	1	0	0	4	2	0	0	1	4	1	0	0	1	1	1	2	1	0	0	0	0	0	1	1	0	0	0	2	0	0	0	0	0	0	0	2	1	1	2	0	1	1	0	0	2	0	0	0	1	1	0	0	1	2	1	0	1	0	2	1	0	1	0	2	0	0	0	0	0	1	1	1	2	1	1	0	1	1	1	1	0	1	1	1	0	0	0	0	0	2	0	0	2	1
0	0	0	0	0	0	0	0	1	0	0	2	1	0	1	0	0	5	2	0	1	0	1	1	2	3	1	0	0	0	0	0	1	1	0	0	1	0	1	1	0	0	1	1	2	2	2	2	0	5	3	7	8	8	5	3	3	0	0	1	1	1	1	0	0	1	0	0	0	1	1	0	0	3	1	0	0	0	2	1	1	1	1	2	4	2	2	3	2	3	7	2	2	0	3	5	1	4	5	5	3	0	0	0	1	2	0	1	2	0	1	2	1	3	0	1	1	0	0	2	0	1	1	1	3	1	0	2	3	2	1	1	3	2	3	0	0	5	1	2	4	3	3	9	3	3	1	0	0	2	2	4	0	3	2	1	2	2	3	3	2	2	4	3	5	2	2	2	9	1	2	0	3	1	2	3	5	6	2	5	16	15	16	10	6	11	44	0	79	20	2	2	3	0	4	0	3	1	0	1	1	0	0	2	0	1	2	2	1	0	0	0	1	4	4	8	11	6	17	9	10	5	7	7	1	5	4	4	6	3	2	1	1	4	2	0	2	0	3	1	1	3	3	2	1	2	2	3	1	1	2	3	2	0	0	1	0	0	1	0	1	1	0	0	0	0	1	1	0	0	0	1	0	0	2	0	4	1	0	3	2	0	2	2	2	2	1	1	0	0	4	1	1	1	1	5	6	9	7	5	4	5	2	1	0	4	4	4	2	2	1	0	3	3	2	1	5	1	1	0	1	1	0	1	1	1	0	2	0	0	1	1	2	3	2	1	0	0	2	1	1	1	0	2	0	1	0	1	0	2	2	0	2	0	0	1	0	2	3	1	1	1	2	3	1	1	0	1	1	1	0	0	0	1	0	1	0	3	1	2	1	2	6	3	0	2	0	0	1	1	2	2	1	2	0	0	0	2	1	0	0	0	1	0	1	1	1	1	3	0	1	1	0	1	0	0	0	0	0	0	0	1	0	0	0	1	0	0	0	1	0	1	0	0	1	1	1	0	0	0	0	0	0	0	0	2	0	0	2	0	1	0	1	1	0	0	0	0	1	0	0	0	1	0	0	0	1	0	1	0	0	0	1	0	0	0	0	0	0	0	0	0	0	1	1	1	1	1	1
0	0	0	0	0	0	0	0	0	0	1	1	0	1	0	1	1	1	1	1	1	0	1	0	0	0	0	1	2	1	0	0	0	1	0	1	1	0	1	0	0	0	1	0	2	0	1	1	1	4	1	3	5	6	0	1	9	1	2	0	1	1	1	2	1	1	1	0	1	3	0	0	2	2	1	2	0	3	1	0	1	0	3	1	2	8	1	14	5	7	6	2	3	8	4	5	3	2	2	5	7	2	1	0	2	2	3	1	0	6	2	1	2	0	2	2	2	0	0	1	2	3	2	2	0	2	2	0	1	4	3	0	2	2	2	2	1	2	6	6	5	2	3	2	5	0	2	2	2	1	2	4	2	3	2	0	2	2	0	1	5	1	1	1	2	2	4	4	4	3	0	0	0	2	0	2	2	3	7	4	5	16	23	8	6	11	31	79	0	46	5	0	1	1	8	4	4	0	0	1	1	1	0	0	2	0	0	0	2	2	1	1	4	3	1	6	13	15	19	13	7	7	18	5	4	5	4	3	6	5	2	2	1	5	4	2	2	2	2	2	4	1	1	2	3	2	8	3	7	6	3	0	0	0	0	0	0	1	1	1	1	1	0	1	0	0	1	1	1	3	2	1	1	1	1	2	0	0	1	3	1	0	1	3	1	0	2	7	7	1	2	1	8	3	2	11	12	22	22	11	8	4	3	5	3	3	6	5	0	1	0	0	3	1	4	1	3	7	2	2	0	1	0	1	1	0	1	0	0	1	1	0	1	2	2	1	0	1	1	1	1	3	3	1	0	0	1	4	1	0	1	1	4	1	0	1	2	2	2	3	1	5	1	0	2	0	1	1	2	0	0	0	1	0	1	1	1	1	2	3	0	2	5	3	3	1	3	3	1	1	2	3	0	1	0	1	2	2	3	1	0	1	2	0	1	1	1	1	0	0	1	1	0	3	0	0	0	0	1	2	0	1	0	1	1	0	0	1	0	0	1	0	2	0	0	1	0	0	0	4	0	0	0	1	2	0	1	0	1	1	1	1	1	0	0	2	1	1	1	1	0	0	1	0	0	0	2	0	0	0	0	0	1	1	1	0	0	0	2	0	0	0	0	1	0	0	1	0	0
0	0	0	0	0	0	0	0	2	0	0	0	0	1	0	0	0	0	0	1	2	2	0	0	1	1	1	0	0	0	0	0	1	3	0	1	1	0	0	0	0	1	2	0	0	1	1	1	1	4	0	3	16	12	9	7	4	1	2	1	1	0	1	2	3	0	0	0	1	1	0	1	1	5	3	3	1	4	2	0	1	0	2	2	2	5	8	19	12	12	15	4	3	6	11	5	5	4	2	7	8	1	1	2	3	4	4	6	4	5	3	2	4	1	3	0	1	1	2	0	0	1	2	2	2	1	1	1	1	4	4	2	3	0	2	2	3	3	4	4	8	6	1	6	5	3	3	2	0	2	2	0	3	1	0	1	0	2	3	1	1	2	3	3	4	4	2	1	2	1	1	0	2	1	2	1	3	1	1	1	7	8	11	5	4	7	8	20	46	0	10	5	3	6	12	7	9	8	4	2	3	3	0	2	2	0	0	1	2	1	0	3	3	4	6	12	18	13	14	10	4	3	14	9	6	3	4	1	8	4	8	2	1	0	3	3	3	1	2	0	1	2	2	3	3	3	4	6	3	6	8	1	1	1	2	2	1	2	1	0	2	0	0	1	1	2	2	4	1	0	0	1	2	0	1	0	0	2	2	0	0	0	0	1	3	2	2	2	0	0	4	3	6	11	5	6	30	21	41	13	8	6	6	2	6	6	3	5	3	3	2	0	1	2	7	1	0	2	2	1	0	1	1	2	0	1	1	1	1	1	1	2	4	3	1	3	1	3	2	1	1	1	3	2	0	0	0	0	0	2	0	0	0	1	0	1	1	2	1	4	0	0	2	0	0	0	0	1	1	1	0	2	0	0	1	1	0	2	1	0	2	3	2	4	1	1	3	2	0	0	3	4	2	2	1	0	0	0	1	0	2	1	2	1	1	2	2	0	0	1	1	1	1	1	0	2	1	0	0	0	1	0	0	0	0	1	1	0	0	0	2	1	0	0	0	1	1	0	1	0	1	0	0	0	0	1	1	0	0	1	0	1	2	2	1	0	0	0	1	0	0	1	0	0	0	1	1	0	1	0	0	1	0	0	0	3	0	0	0	2	0	0	0	1	0	0	0	1	1
0	0	0	0	0	0	0	0	2	0	2	0	0	1	0	0	0	0	0	0	0	0	0	1	1	3	1	0	0	1	0	1	0	0	1	1	1	0	0	1	1	0	0	0	0	1	3	2	1	1	1	0	4	4	5	7	7	6	6	2	7	1	4	0	1	3	2	1	2	1	4	4	2	27	19	11	10	2	5	6	9	3	3	9	49	17	15	11	21	44	10	5	1	3	3	3	2	4	5	2	6	4	0	6	4	4	6	8	5	11	13	11	16	15	2	5	4	4	0	1	4	1	3	1	1	2	1	3	4	1	5	0	2	1	2	1	1	4	0	4	5	4	3	12	6	10	4	3	4	4	5	1	1	0	1	0	2	0	5	1	1	1	1	0	2	1	1	0	0	0	0	2	0	0	0	1	1	1	0	5	3	1	1	3	3	1	6	2	5	10	0	30	19	23	26	78	50	5	6	5	6	2	4	1	2	0	2	2	3	5	2	6	10	5	15	4	8	5	2	4	3	6	1	5	4	2	1	3	3	1	2	2	0	2	5	1	1	2	3	3	2	0	2	2	2	3	6	14	6	3	5	1	2	0	1	1	3	0	3	1	3	1	0	0	1	1	0	1	0	0	0	1	0	0	0	1	1	0	0	0	0	1	1	2	4	1	2	3	3	3	4	3	10	31	10	6	7	5	3	3	2	2	3	3	4	10	8	5	5	3	1	1	1	1	3	0	0	2	1	0	2	0	0	2	1	2	0	1	1	0	0	0	0	0	0	1	0	0	1	1	1	0	0	0	0	0	2	1	0	1	0	0	2	1	1	1	1	1	3	1	1	4	0	2	0	1	0	0	0	1	0	1	0	0	0	2	1	0	3	1	1	3	2	2	0	2	2	2	0	0	1	1	2	0	1	2	1	0	0	0	1	1	2	1	0	0	0	1	1	1	0	0	0	0	0	0	0	0	0	0	0	1	1	0	1	0	0	2	0	0	1	2	0	0	0	1	1	0	0	0	0	1	0	0	0	0	0	1	0	1	0	2	0	0	0	0	0	0	1	0	0	0	0	0	1	1	0	1	0	2	0	0	0	1	2	2	0	1	0	0	0	0	0	0	1	0	0	0	2
0	0	0	0	0	0	0	0	0	0	1	1	0	0	0	0	0	0	0	0	0	0	1	0	1	0	2	0	0	0	0	0	0	0	1	1	1	2	0	1	0	0	0	0	2	0	1	2	0	3	1	0	3	1	4	4	2	3	7	3	5	0	2	1	0	3	4	3	1	0	1	1	2	21	21	6	15	4	4	5	4	6	5	5	29	9	9	5	7	11	6	4	2	2	6	5	4	0	4	2	1	5	3	1	3	6	5	3	4	13	14	26	13	9	2	7	5	2	0	1	3	1	1	0	2	1	2	0	2	2	1	0	2	3	1	1	2	1	2	0	3	1	4	4	2	6	3	5	0	1	2	3	1	0	0	0	0	0	2	1	0	1	0	1	1	0	0	1	0	2	1	2	0	1	0	0	4	4	1	0	3	2	1	4	2	0	1	2	0	5	30	0	67	23	14	14	24	2	9	13	5	1	4	4	4	5	2	4	2	0	2	5	0	2	6	2	3	3	2	5	1	1	0	1	3	1	2	4	5	4	5	2	1	1	3	3	4	3	4	2	1	3	4	2	5	4	6	6	5	1	2	3	2	0	0	2	2	1	2	0	1	1	0	1	1	1	1	0	1	0	0	1	1	2	2	1	1	1	1	0	1	2	1	1	3	1	3	4	4	4	4	3	9	35	12	4	1	1	3	1	2	2	1	6	3	3	8	4	3	0	2	0	3	0	0	2	0	1	2	0	0	0	0	0	0	0	0	0	0	0	0	0	1	0	0	0	0	1	0	0	0	0	0	1	0	1	0	0	1	1	0	0	1	0	1	1	2	1	1	2	1	0	1	1	1	1	1	1	0	0	1	1	1	1	1	1	2	1	0	3	1	0	3	1	0	3	0	1	1	2	2	2	2	0	1	1	3	1	0	3	1	1	1	3	0	1	0	1	2	1	0	0	0	0	0	0	0	0	0	0	0	1	0	0	0	0	0	0	0	0	0	0	0	1	1	1	1	0	0	0	1	1	0	0	0	0	3	1	0	1	0	0	1	0	0	0	0	0	1	0	0	0	1	0	2	1	0	1	1	1	1	0	0	0	0	0	0	0	0	0	0	0	0	0	0	0	0	1	0
0	0	0	0	0	0	0	0	0	0	1	0	0	0	0	1	0	0	0	0	0	0	0	2	1	2	1	1	1	0	0	0	1	0	1	0	0	0	1	0	1	1	0	1	1	0	0	0	0	1	1	0	1	4	2	3	3	2	5	2	2	1	0	1	1	3	2	2	1	0	2	2	5	7	19	7	3	1	5	1	2	8	1	5	14	8	3	4	8	10	2	1	3	3	2	2	1	1	1	2	2	6	5	7	6	5	3	2	6	11	5	7	7	5	1	3	5	1	1	2	1	0	1	1	3	2	2	1	1	1	1	0	3	0	0	1	1	0	2	1	1	4	4	3	3	4	4	1	1	3	0	0	1	2	0	1	0	1	1	0	0	0	0	1	1	0	1	1	0	3	0	1	0	0	1	0	2	0	1	0	0	2	1	1	1	0	3	3	1	3	19	67	0	26	16	17	9	1	8	4	4	2	7	2	3	3	2	1	2	1	0	4	3	2	3	2	3	0	1	0	2	1	2	2	1	3	2	5	4	0	3	4	1	4	2	2	5	2	3	6	1	9	4	6	6	19	13	12	8	5	2	1	1	1	4	1	0	1	0	0	1	0	0	0	0	0	1	1	0	1	0	0	0	0	3	0	0	1	2	2	0	0	6	2	9	7	5	9	8	9	4	8	18	42	17	13	2	5	7	4	2	4	3	2	5	9	8	9	5	3	2	1	0	1	0	1	1	3	0	0	0	0	1	0	0	0	0	0	0	0	0	1	2	0	0	0	1	0	2	1	0	0	0	0	1	1	0	0	0	0	0	1	2	0	2	1	4	1	2	3	2	1	0	0	2	2	0	0	2	0	0	0	0	1	0	1	1	2	0	2	2	1	3	1	2	2	0	0	2	2	2	2	1	0	2	0	0	0	1	0	3	0	2	2	1	0	0	1	0	1	0	0	0	1	0	0	0	1	0	0	0	0	0	0	0	1	0	0	0	0	1	1	0	0	1	0	1	1	0	0	0	0	0	0	0	0	0	0	1	0	0	2	1	0	0	0	0	0	0	0	1	1	0	0	0	0	0	0	0	1	2	0	0	0	0	0	0	0	1	0	0	0	1	0	0	0	0	0	0
0	0	0	0	0	0	0	0	0	0	0	0	0	1	1	0	0	0	0	1	0	2	1	0	0	0	1	1	0	0	1	1	0	2	0	0	0	0	1	0	0	1	0	0	0	0	0	1	1	1	1	2	0	3	1	2	1	3	2	1	3	2	0	0	0	3	0	0	1	2	2	1	0	6	25	6	4	2	3	0	3	2	3	4	10	6	4	5	10	19	2	2	1	2	1	2	1	1	1	3	4	2	2	3	5	5	1	8	4	3	3	9	6	7	1	2	2	2	2	1	0	2	0	3	1	0	2	0	3	1	3	4	1	1	3	0	0	3	5	11	3	5	8	4	9	5	6	3	1	2	4	1	2	2	0	0	0	0	0	0	1	0	0	1	0	1	0	1	2	0	0	0	0	1	1	0	0	0	0	1	0	2	2	0	4	4	3	0	1	6	23	23	26	0	29	29	4	5	5	2	2	3	3	1	1	0	3	3	0	2	1	1	2	6	4	3	8	6	3	5	1	0	2	0	3	1	3	5	6	3	2	1	7	5	5	6	4	5	10	3	7	8	4	10	7	12	12	28	47	15	5	3	1	0	1	0	1	5	1	1	2	0	1	1	0	1	0	2	0	0	1	2	1	1	1	3	2	2	0	5	3	3	2	3	5	4	5	6	3	1	4	6	8	14	10	7	1	2	8	9	7	8	5	6	12	28	19	13	11	6	3	4	3	2	4	1	3	4	2	0	2	1	0	0	0	2	1	1	2	1	0	0	0	2	1	0	0	1	1	1	0	1	0	0	0	0	0	0	1	0	0	1	4	2	2	4	1	1	1	3	5	1	0	3	1	2	0	3	1	0	1	1	0	0	1	0	0	3	3	0	2	1	2	4	1	1	2	2	3	0	1	3	1	2	3	1	0	1	2	0	0	0	3	1	0	0	0	0	1	1	1	1	0	1	0	0	0	0	0	1	0	0	0	1	0	0	0	0	1	0	0	1	0	0	0	1	0	0	0	1	1	1	0	0	0	0	0	1	1	1	0	0	0	0	0	1	1	0	0	1	0	0	0	0	0	0	0	0	0	1	0	0	1	0	2	0	0	0	0	2	0	0	0	1	1	1	0	0	0
0	0	0	0	0	0	0	0	1	0	0	1	0	0	0	1	1	0	0	1	1	1	0	0	2	0	0	0	0	0	2	0	1	1	1	1	0	0	0	0	1	0	0	0	2	0	2	0	2	3	1	3	6	7	4	3	4	2	0	6	3	2	2	2	5	1	0	1	2	2	3	1	4	11	16	2	6	3	3	2	2	3	3	8	6	7	6	14	17	40	13	3	2	4	3	0	2	3	6	1	5	1	1	0	5	6	2	7	3	7	5	6	7	8	2	2	0	5	0	0	1	1	1	3	2	1	4	1	7	1	6	1	2	1	5	0	0	4	4	1	8	0	5	11	8	5	7	3	4	1	3	2	0	2	0	0	3	2	0	1	2	2	3	3	0	0	5	2	2	0	1	0	1	1	1	1	2	0	1	2	3	2	2	3	4	0	8	4	8	12	26	14	16	29	0	97	11	6	2	2	1	2	1	1	0	0	0	2	1	1	1	5	1	2	6	12	13	10	9	10	3	6	2	0	1	1	5	4	3	1	5	2	1	1	5	3	2	6	1	5	5	1	4	2	5	3	8	13	16	11	8	1	0	1	1	2	0	0	0	2	1	2	1	1	2	0	1	2	0	3	0	0	0	3	1	0	0	2	1	0	0	0	1	2	3	1	5	2	4	4	3	2	7	8	10	12	7	8	17	9	7	13	12	1	8	11	22	9	2	8	2	5	3	3	2	2	1	1	2	3	4	0	1	0	1	0	0	1	0	2	0	1	1	2	0	2	1	1	1	0	0	0	0	1	2	0	2	0	4	1	1	0	1	3	4	3	2	3	1	4	3	1	0	4	0	1	1	0	0	1	1	1	1	1	0	5	0	0	1	4	2	2	3	3	1	0	1	2	2	1	0	1	4	1	0	1	2	0	1	2	0	2	3	2	0	1	2	0	1	0	2	2	2	0	0	1	0	0	0	0	1	1	1	0	0	1	1	0	0	0	0	0	0	0	0	0	0	0	0	1	0	0	0	0	0	1	1	0	0	0	1	1	0	0	0	1	0	1	1	1	0	0	0	0	1	1	1	0	0	1	0	0	0	0	0	1	0	0	0	1	1	0	0	1	0	0	0	0	1
0	0	0	0	0	0	0	1	0	1	0	0	0	2	0	1	0	0	0	0	0	2	0	2	1	2	0	2	1	0	1	1	0	1	1	1	0	0	1	1	4	0	3	1	0	1	0	1	0	1	0	1	0	6	2	9	2	5	7	3	5	0	3	3	3	2	1	1	3	3	1	3	1	19	29	9	7	5	4	5	2	6	3	6	7	7	13	13	16	46	13	5	4	5	5	1	3	0	6	2	4	3	1	4	3	6	2	6	4	5	6	4	11	13	2	4	3	5	2	2	1	1	2	1	2	1	2	1	4	1	3	2	0	2	2	1	1	5	4	3	3	6	11	5	9	10	10	6	4	3	4	2	1	2	1	0	1	2	1	1	1	2	2	4	2	1	2	2	2	0	0	0	2	0	1	2	3	6	0	4	1	1	2	0	4	2	5	0	4	7	78	14	17	29	97	0	18	9	2	0	1	2	0	1	1	2	1	1	0	2	2	4	3	5	13	12	6	3	4	3	0	4	4	7	0	3	2	3	9	2	1	1	3	0	2	3	1	1	5	5	4	2	5	3	4	7	8	16	10	6	9	3	1	1	3	2	0	1	0	0	1	1	2	1	0	1	1	0	1	0	0	2	0	0	0	1	0	2	0	0	1	2	2	4	3	1	4	4	1	1	3	5	5	11	9	8	7	7	14	3	4	4	7	3	6	15	7	12	5	2	2	2	2	0	1	1	1	3	2	0	0	1	1	1	1	1	1	1	1	0	1	0	4	0	0	1	0	1	0	0	0	1	0	2	0	0	1	1	0	1	2	1	0	1	0	4	1	2	3	1	2	1	0	0	2	0	4	2	1	0	0	1	1	3	1	2	2	1	3	1	2	4	0	3	1	1	1	2	2	0	2	0	1	1	2	0	2	0	4	0	0	1	2	1	1	0	0	0	1	1	1	0	0	2	0	1	0	0	0	0	1	1	0	0	0	0	1	0	0	0	0	0	0	0	0	1	0	0	1	0	0	0	1	1	0	0	0	1	1	1	0	0	0	0	1	0	0	0	0	0	0	0	1	1	0	1	0	0	1	2	1	0	0	0	2	0	0	0	1	1	0	0	0	1	0	0	0	1	1
0	0	0	0	0	0	0	0	0	1	0	0	0	0	3	0	1	0	0	0	0	0	0	1	1	0	1	0	1	1	0	1	0	2	2	0	0	0	1	0	1	0	0	0	1	0	1	0	0	0	3	1	3	11	4	2	5	5	5	5	3	4	2	3	1	3	1	1	1	3	0	3	9	10	11	3	7	6	9	8	11	14	7	22	324	54	16	17	25	19	20	15	6	4	5	4	1	2	5	3	7	3	0	2	3	8	4	4	8	10	32	9	6	9	5	3	3	4	2	2	3	6	3	4	0	0	0	0	5	4	4	1	2	0	0	0	1	2	2	1	5	1	3	4	3	3	4	3	2	4	4	0	3	0	4	1	1	1	1	2	1	0	5	1	3	1	1	1	2	1	1	0	1	0	1	0	2	1	1	2	3	3	2	4	2	0	3	3	4	9	50	24	9	4	11	18	0	34	4	7	17	2	6	0	2	2	2	6	2	5	4	6	4	14	12	6	4	4	1	0	1	1	3	2	3	3	1	0	2	3	1	5	0	1	0	3	0	0	0	0	3	0	1	1	1	4	8	9	2	3	1	0	3	0	0	4	1	0	3	0	1	0	1	2	2	2	0	1	2	1	0	0	0	0	2	2	0	3	1	1	2	0	2	4	3	4	5	3	4	1	2	9	18	21	13	10	9	2	1	3	1	4	1	1	5	3	3	2	3	1	2	0	1	1	0	0	0	2	3	1	1	0	1	0	0	0	1	0	0	1	0	2	0	0	1	0	0	0	0	0	0	0	1	2	0	0	0	0	0	0	1	0	0	1	1	3	1	2	0	0	0	0	1	1	0	0	1	0	0	0	1	0	0	1	4	0	1	0	1	3	1	0	0	0	1	0	1	1	1	5	1	2	1	1	1	1	2	0	0	1	0	0	0	1	0	0	0	1	2	0	1	0	0	0	0	0	0	2	0	0	0	0	1	0	0	1	0	0	0	0	0	0	0	0	0	1	0	1	0	0	1	0	0	0	0	1	1	0	1	1	1	0	0	0	0	0	0	0	0	1	0	0	0	0	1	0	0	1	0	2	0	0	0	0	1	0	0	0	0	0	1	1	0	1	0	1	1	0	0
0	0	0	0	0	0	0	0	0	0	0	1	1	1	1	0	0	0	1	1	0	0	0	0	1	0	2	0	1	0	0	0	0	0	0	0	0	1	1	1	1	1	0	1	0	0	0	0	0	1	2	1	2	4	2	3	4	7	6	7	12	4	1	4	4	1	3	1	0	2	3	4	2	5	7	4	3	2	9	9	9	29	13	39	33	58	14	5	10	19	8	12	12	13	6	5	4	7	10	2	6	16	2	1	10	18	8	3	17	26	23	4	1	0	3	3	3	2	2	3	0	2	1	0	1	0	1	0	0	3	1	2	2	0	1	0	2	2	2	0	2	3	2	5	2	5	1	2	2	0	2	2	0	2	3	0	0	0	1	0	1	2	2	3	2	1	0	1	2	1	4	0	0	0	1	1	0	3	0	2	3	2	1	2	0	0	1	1	0	8	5	2	1	5	6	9	34	0	7	8	34	10	10	8	2	2	3	15	8	10	5	19	14	10	10	4	1	2	2	0	2	4	4	4	2	3	3	3	2	3	2	1	1	3	2	1	1	1	3	2	0	3	1	0	0	1	3	3	3	2	1	0	1	0	1	0	2	1	1	1	0	2	0	1	0	0	2	0	0	0	1	5	1	0	0	1	1	1	0	0	0	1	1	2	4	2	3	4	1	0	3	5	7	13	7	3	4	0	1	2	2	0	1	3	1	2	4	3	0	3	0	0	0	2	1	1	2	1	2	1	1	0	0	0	0	2	0	0	0	0	0	1	0	0	0	0	0	1	1	0	0	0	0	1	2	0	0	1	0	0	1	0	1	2	1	0	1	0	1	2	1	2	1	0	0	0	1	0	1	0	0	0	2	0	0	1	0	0	0	3	0	0	2	1	0	1	1	1	2	0	1	2	1	0	1	0	0	0	0	1	0	2	1	1	0	0	0	1	0	1	1	0	1	1	0	0	0	0	0	0	0	0	0	0	0	0	0	0	0	1	0	0	0	1	0	0	0	0	0	0	0	1	0	1	0	0	0	0	0	0	0	0	0	0	0	0	0	0	0	0	0	0	0	0	0	0	0	1	1	0	0	0	0	0	0	0	0	0	1	1	0	0	0	0	0	0	0	0	0
0	0	0	0	0	0	0	0	0	0	0	1	0	0	0	1	0	0	0	1	0	0	0	1	0	0	0	0	0	0	2	0	0	0	0	1	0	0	1	1	0	1	0	1	0	0	0	1	0	0	1	0	4	0	3	2	1	1	1	3	0	3	0	0	2	1	0	1	1	1	1	1	1	1	5	3	3	3	4	14	12	17	10	15	18	8	4	4	3	4	5	2	7	2	2	2	1	2	1	2	2	3	8	1	4	11	5	6	13	34	12	14	5	7	5	1	2	2	0	0	2	2	1	0	1	0	0	2	1	1	2	2	0	2	0	0	1	0	2	1	0	3	1	0	0	5	2	2	0	0	0	1	1	0	0	1	2	0	0	0	1	2	0	0	4	1	2	0	0	0	1	0	2	0	0	0	1	0	0	2	0	1	2	0	1	2	0	0	0	4	6	9	8	5	2	2	4	7	0	60	4	7	6	6	5	8	5	5	3	2	2	2	3	5	2	2	0	4	2	0	0	0	1	3	2	2	0	2	3	1	0	0	2	1	2	0	1	1	1	1	1	0	2	1	1	3	1	7	6	0	2	2	2	1	0	1	2	4	1	1	0	3	1	0	0	0	0	1	2	0	0	1	0	0	0	0	0	0	0	2	0	0	2	2	3	1	6	7	4	4	7	7	3	7	5	5	0	1	5	0	1	1	0	1	6	5	2	1	0	0	0	0	2	0	0	0	0	0	1	0	0	0	0	0	1	0	0	0	0	0	0	2	0	0	0	1	0	0	1	0	1	0	0	0	0	1	0	0	0	0	2	1	0	0	0	1	1	0	2	1	3	1	2	1	0	1	0	0	0	2	0	1	0	1	1	1	0	0	1	1	3	1	1	0	1	1	1	0	1	1	3	2	1	0	0	1	2	0	1	1	0	2	0	1	0	0	0	0	1	0	0	0	0	0	0	0	0	0	0	0	1	1	0	0	1	1	0	0	0	0	0	0	0	0	0	1	1	0	0	1	1	0	0	0	0	1	0	0	0	1	1	0	0	2	0	0	0	0	0	0	0	0	1	0	0	0	0	0	0	0	1	0	0	0	0	0	0	0	0	0	0	0	0	0	0	0	1	0	0
0	0	0	0	0	0	0	0	0	0	0	0	0	0	1	0	0	1	1	0	0	0	0	1	1	0	0	1	0	1	1	0	0	0	2	0	0	1	0	0	0	1	0	0	1	0	0	1	0	1	1	3	0	0	2	1	2	0	4	3	4	6	2	1	3	0	4	0	1	0	2	1	0	4	6	2	3	3	9	22	43	17	28	22	9	2	4	3	3	4	4	2	1	1	2	0	1	1	4	2	3	5	5	1	5	5	5	2	11	16	12	12	4	6	2	1	2	2	1	4	2	4	0	0	2	0	0	1	1	0	1	0	1	1	0	0	0	0	0	0	0	1	1	3	0	3	4	0	2	1	0	1	0	0	0	1	0	0	1	1	1	0	1	1	1	0	0	1	3	0	0	0	0	1	0	0	0	2	1	0	1	1	0	1	1	0	0	1	1	2	5	13	4	2	2	0	7	8	60	0	9	9	4	2	1	4	5	10	4	6	8	5	4	6	2	1	0	1	2	2	2	2	0	2	1	1	3	2	2	4	2	1	1	0	2	1	1	0	0	1	1	3	3	2	1	4	2	1	2	0	0	1	0	1	1	2	2	5	5	0	1	0	2	0	1	0	1	1	0	0	0	1	2	1	0	0	1	0	0	1	1	0	1	2	2	4	2	5	0	2	6	4	5	3	4	3	0	2	1	0	2	0	2	0	2	2	0	2	1	2	1	1	1	0	2	0	0	0	0	1	1	0	0	0	0	1	0	0	0	0	0	0	0	1	0	0	0	0	0	1	1	0	0	0	0	0	0	0	0	0	1	0	0	2	3	0	1	1	0	0	1	0	3	1	0	1	0	1	1	0	0	0	0	1	1	0	1	0	0	0	1	0	3	0	0	0	1	3	0	2	0	3	1	0	2	0	0	0	0	0	1	0	0	1	0	0	0	0	1	0	1	0	0	1	0	0	0	0	0	0	0	0	0	0	0	0	1	0	0	0	0	0	0	0	0	1	0	0	1	0	0	0	0	0	0	0	0	0	0	0	0	0	1	0	0	0	0	1	0	1	0	0	0	0	1	0	0	0	0	0	1	0	0	0	0	0	0	0	0	0	0	0	0	0	0	0	0	0	0
0	0	0	0	0	0	0	1	0	0	1	0	1	0	0	0	1	0	0	0	0	0	0	0	1	0	2	2	0	0	1	1	1	1	1	0	3	1	0	1	0	0	1	1	0	1	0	1	0	1	1	2	2	3	6	2	0	4	2	1	3	1	1	1	2	1	0	0	0	1	1	1	1	3	3	1	3	4	4	7	1	29	9	19	10	7	7	7	7	3	6	24	6	10	5	4	7	7	13	7	5	4	5	4	8	30	10	17	37	27	6	3	0	6	2	2	0	1	2	3	1	0	3	0	0	0	1	0	0	0	2	2	1	1	0	0	0	0	0	3	0	0	0	1	0	2	2	4	4	0	6	0	0	0	0	1	1	0	2	0	0	0	2	0	3	2	1	1	0	0	1	0	0	0	1	2	1	2	2	1	0	4	1	0	0	0	1	1	1	3	6	5	4	2	1	1	17	34	4	9	0	52	40	3	12	2	11	23	14	5	12	11	11	6	5	2	1	2	1	3	0	2	4	7	2	4	3	0	5	2	1	0	2	0	0	1	1	3	0	2	0	0	1	1	2	2	1	5	1	1	6	0	1	1	0	2	2	0	2	2	1	0	0	2	0	2	3	0	1	0	0	0	0	0	0	0	1	1	0	0	1	1	1	0	3	1	5	2	2	1	2	10	11	4	6	9	2	4	4	1	1	1	0	3	2	2	1	1	2	0	1	2	1	0	1	0	0	1	0	1	0	0	0	0	0	0	1	0	1	1	0	0	1	2	0	0	0	1	0	2	0	1	0	0	1	0	0	0	0	0	0	0	0	0	1	2	0	1	1	1	1	0	0	0	1	1	0	1	0	0	0	0	1	0	0	1	1	0	0	2	3	0	2	2	2	0	0	0	2	2	1	3	3	0	1	0	0	0	3	1	2	1	1	2	0	0	2	1	0	0	0	3	1	1	1	0	0	0	1	0	0	0	0	0	0	0	2	0	0	2	0	1	0	0	1	0	0	0	0	0	0	0	0	0	0	0	0	0	0	0	0	0	1	1	0	0	0	0	0	0	0	1	0	0	1	1	0	0	0	1	0	0	0	0	0	1	1	0	0	0	0	0	0	0	0	0	0	1	0
0	0	0	0	0	0	0	0	0	0	0	0	1	1	0	0	0	0	1	0	0	0	0	0	0	0	0	0	0	2	0	0	0	1	1	1	0	0	0	0	0	0	0	1	0	1	0	0	2	0	0	0	1	4	3	2	0	1	3	2	8	1	2	4	2	0	1	1	1	0	2	4	3	5	1	1	1	2	2	3	4	18	10	8	2	4	1	5	4	3	8	11	7	7	3	5	2	3	6	2	2	15	8	15	6	15	30	13	16	8	2	3	4	2	2	0	3	0	1	2	0	0	0	1	0	0	0	0	1	1	0	2	1	1	0	0	0	0	0	0	0	0	0	1	2	0	3	1	1	1	0	0	0	0	0	2	0	2	0	0	1	1	0	2	1	0	3	0	0	1	1	1	1	1	1	1	0	0	0	0	0	2	2	0	1	0	1	0	1	3	2	1	2	3	2	2	2	10	7	9	52	0	142	20	15	10	9	15	8	3	10	8	5	3	2	1	3	0	0	4	0	0	0	1	3	1	3	4	3	0	4	1	0	3	1	1	1	0	0	0	0	1	0	1	0	1	0	4	1	4	0	1	0	2	0	1	0	2	1	3	2	0	1	1	2	0	1	0	0	0	0	0	1	1	0	0	1	1	1	0	0	1	0	1	0	4	3	5	5	5	5	12	8	4	5	2	2	2	1	1	2	1	1	1	2	1	3	1	1	1	0	1	0	0	0	0	2	2	1	0	0	0	0	1	1	1	0	0	0	0	0	1	1	0	1	1	0	0	0	0	1	0	0	1	0	0	0	1	0	1	0	1	0	0	0	1	0	0	1	0	0	0	0	0	3	0	0	0	1	0	0	0	0	1	0	0	0	0	1	1	1	2	1	1	2	1	1	0	3	1	1	3	3	0	2	0	1	0	1	0	0	0	1	0	0	0	0	0	0	1	1	1	1	0	0	0	0	1	0	0	0	0	0	0	0	0	0	0	0	0	0	0	1	0	0	0	0	0	0	0	0	0	0	0	0	0	0	1	0	1	0	0	1	0	0	0	0	0	1	0	0	0	0	0	0	0	1	1	0	0	0	1	0	0	0	0	0	0	0	0	1	0	0	0	0	0	0	0	0
0	0	0	0	0	0	0	0	0	0	0	0	0	0	0	0	0	0	0	0	0	1	1	0	1	1	1	0	2	0	0	0	0	0	1	0	0	0	1	0	1	0	1	2	1	0	1	0	1	3	2	1	2	5	1	1	2	1	4	5	3	3	2	1	2	1	1	1	0	1	0	0	1	3	3	1	2	1	0	1	11	17	22	13	8	6	5	4	10	0	2	8	8	2	1	1	5	5	6	3	6	9	18	8	4	13	20	13	25	6	6	0	2	1	0	2	2	1	1	1	0	1	1	0	1	1	0	0	1	1	0	0	3	0	1	1	1	1	2	0	0	0	2	3	0	0	1	2	2	1	2	0	1	1	1	1	0	1	1	1	2	2	0	0	0	0	0	0	3	1	0	0	0	0	0	1	1	1	0	3	0	0	0	1	1	0	0	0	0	0	4	4	7	3	1	0	6	10	6	4	40	142	0	31	39	13	19	44	12	6	9	7	5	2	2	5	1	2	1	1	1	4	0	2	1	0	2	1	3	0	4	2	0	3	1	3	0	3	2	1	1	0	1	1	0	2	3	0	3	2	3	3	0	1	1	1	1	1	4	1	1	0	2	0	1	0	0	1	0	0	3	0	1	2	2	0	0	0	1	0	0	0	0	0	2	3	3	4	6	3	7	5	6	4	2	3	3	1	2	3	0	2	2	3	0	1	1	2	0	0	1	0	1	0	0	0	0	1	0	0	0	1	0	0	0	0	0	0	0	1	0	0	0	0	1	0	0	1	0	0	1	0	1	1	1	1	0	0	1	1	0	0	0	1	0	0	0	2	0	2	0	1	1	0	1	0	1	0	1	0	0	1	1	1	0	2	0	3	1	1	0	1	2	2	1	0	0	1	1	0	0	0	1	1	0	0	0	1	1	0	1	1	0	0	0	3	0	0	0	0	0	0	0	0	0	0	0	0	0	0	1	0	0	0	0	0	0	0	0	0	0	2	0	0	0	0	0	0	0	2	0	0	0	0	0	0	1	0	0	0	0	0	0	0	1	0	0	0	0	0	0	0	1	0	0	0	1	0	0	1	2	1	0	0	0	0	0	0	0	0	0	0	0	0	1	0	0	0	0
0	0	0	0	0	0	0	0	0	0	0	0	0	0	1	0	0	1	0	1	0	0	0	0	1	0	0	1	1	0	0	0	0	0	0	0	0	0	2	0	0	2	0	0	0	0	0	0	0	2	3	3	0	1	1	4	5	0	1	2	1	3	0	1	1	2	1	0	3	0	0	0	2	0	1	4	3	2	3	6	10	8	18	9	5	0	1	3	2	1	4	2	7	4	0	3	3	3	4	0	1	4	3	3	4	3	8	3	12	5	2	2	1	2	1	1	2	1	1	0	0	0	3	0	0	0	1	0	0	0	1	0	0	1	0	0	0	0	2	0	0	0	2	0	1	2	0	1	4	0	2	0	0	0	0	0	0	1	0	0	0	0	0	0	0	0	0	0	2	0	0	0	0	1	1	0	1	0	0	4	1	2	1	0	0	1	1	2	0	2	1	4	2	1	1	1	0	8	6	2	3	20	31	0	15	13	50	64	16	3	8	4	4	2	0	1	0	1	2	0	1	1	0	2	0	0	0	0	0	0	2	1	1	0	1	0	0	0	3	0	0	1	4	1	1	0	1	1	0	0	1	1	2	1	2	0	2	0	0	0	0	2	1	1	2	1	0	0	0	0	0	0	0	0	0	0	0	1	0	0	1	3	2	1	1	1	0	2	1	3	3	3	3	3	2	1	2	2	1	1	0	0	0	0	0	0	0	3	0	0	0	1	1	1	0	1	0	0	0	0	0	0	0	0	0	0	0	0	1	0	1	0	0	0	0	1	0	0	1	1	0	0	0	1	0	0	0	0	0	0	0	0	0	0	0	2	1	0	0	0	0	0	0	0	0	2	2	0	0	2	0	0	0	1	1	0	0	1	1	0	1	1	0	1	0	2	0	1	1	1	0	1	1	1	0	0	0	0	2	0	0	0	2	0	2	0	2	0	0	0	0	0	0	0	0	1	0	0	0	0	0	0	0	2	0	0	0	0	0	1	0	0	0	0	0	0	0	0	2	0	0	0	0	0	0	0	0	0	0	0	1	0	0	1	1	0	0	0	0	0	0	0	0	0	0	0	1	0	0	0	0	1	0	0	0	1	0	0	0	0	0	0	0	0	0	0	0	0	1
0	0	0	0	0	0	0	0	0	0	0	0	0	0	0	0	0	0	1	0	1	0	1	0	0	1	1	2	0	1	1	0	0	0	1	0	0	0	0	0	1	0	0	1	1	0	1	0	0	0	2	0	2	1	2	2	0	0	1	0	2	2	2	0	1	0	0	0	0	1	2	1	0	3	2	1	0	4	0	4	9	14	18	8	6	3	0	2	0	1	4	3	4	1	4	1	3	4	7	5	2	8	26	12	8	16	15	8	23	12	3	6	3	0	2	0	2	1	0	1	0	0	1	1	2	0	0	0	1	1	3	0	2	0	0	1	0	0	2	0	0	1	2	0	0	1	2	3	0	1	0	0	0	1	1	1	0	0	1	0	0	0	0	1	3	1	0	0	0	0	0	1	0	0	0	0	1	1	0	1	0	0	0	0	0	0	2	0	2	2	2	4	3	1	0	1	2	2	5	1	12	15	39	15	0	48	55	12	6	2	6	2	1	2	0	3	0	1	3	4	0	1	0	1	1	0	2	3	0	0	0	1	2	3	2	0	0	1	1	1	2	1	1	0	3	1	2	3	0	4	2	3	0	0	0	2	3	6	3	3	1	1	1	2	1	1	0	2	2	0	1	0	0	0	0	0	0	1	0	1	0	2	0	3	1	1	6	2	1	6	5	12	2	3	4	1	4	1	4	2	1	1	0	0	1	0	1	2	0	1	0	2	0	0	0	0	0	0	2	0	0	0	0	0	1	0	0	1	1	0	0	0	0	0	2	0	2	1	0	0	1	0	0	1	0	0	0	2	1	0	0	0	0	1	2	0	1	0	1	0	0	0	1	0	1	0	0	0	0	0	1	0	0	0	1	1	0	0	0	0	0	1	1	1	3	1	3	0	1	4	0	2	0	0	1	1	0	1	1	0	0	1	1	1	0	1	0	0	0	0	0	1	0	0	0	0	0	0	0	0	0	0	0	0	0	0	0	0	0	0	0	0	0	0	0	0	0	0	0	0	0	0	0	0	0	0	0	1	1	0	0	0	0	0	0	0	0	0	0	0	0	1	0	1	0	0	0	0	0	0	0	0	0	1	0	0	0	0	1	0	0	0	0	1	0	0	0	0	0
0	0	0	0	0	0	0	0	0	0	0	0	0	0	0	0	0	0	0	0	0	2	0	0	0	0	0	0	0	0	0	1	0	2	0	0	0	0	0	0	0	0	0	1	0	1	0	0	1	3	1	0	0	2	1	0	0	1	0	1	2	1	0	2	1	2	0	1	0	0	1	0	0	1	3	0	1	2	3	1	2	7	13	4	1	5	2	3	2	0	1	2	3	3	1	2	1	1	0	1	2	4	10	9	9	9	4	7	6	4	4	0	2	1	0	2	0	0	0	0	1	4	0	0	0	1	0	3	0	1	0	0	1	0	0	1	1	1	0	2	2	1	1	0	0	2	1	1	0	0	3	0	2	1	0	0	0	1	0	0	1	0	2	0	1	2	0	1	2	0	0	2	0	0	0	0	1	0	1	1	0	0	1	1	0	2	3	1	0	0	0	5	3	0	0	2	2	2	8	4	2	10	13	13	48	0	66	7	5	2	8	4	4	1	1	0	1	2	0	1	2	1	0	0	3	3	3	3	2	3	0	0	1	3	1	0	0	0	2	0	2	0	1	0	1	2	0	1	3	2	1	1	0	0	1	2	2	5	0	1	1	1	1	1	1	0	0	0	0	0	2	2	0	0	0	1	0	0	0	1	0	1	1	1	1	5	3	3	3	4	3	3	2	3	2	3	0	1	0	1	1	1	0	0	0	0	0	0	0	1	0	0	1	0	0	1	0	2	0	0	0	1	1	1	0	0	0	0	0	0	0	0	0	1	0	0	0	0	0	0	0	0	0	0	0	0	0	0	0	0	0	0	1	1	0	0	0	0	0	0	0	1	0	0	1	1	0	1	0	0	1	0	1	0	0	1	0	1	0	0	1	0	3	0	0	1	1	0	1	3	2	1	0	1	0	0	0	0	2	1	1	1	1	0	2	0	0	0	1	0	0	0	0	0	1	0	1	0	1	0	0	0	0	0	0	0	0	0	0	0	0	1	0	1	0	0	0	0	1	0	0	0	1	0	0	0	0	0	0	0	0	0	0	1	0	0	1	0	1	0	0	0	0	0	0	0	0	0	0	0	0	0	0	0	0	0	0	0	0	0	0	0	0	0	0	0	0	0	0
0	0	0	0	0	0	0	0	0	0	2	0	0	0	0	0	1	0	1	0	0	0	0	0	0	0	0	1	0	1	0	1	1	0	0	0	0	0	2	0	0	0	0	0	0	0	0	0	0	0	1	1	3	0	1	0	1	0	3	2	1	0	2	1	1	3	0	1	0	0	2	6	0	1	1	2	1	3	2	5	12	10	15	3	2	2	2	1	0	0	2	2	3	2	4	1	0	1	2	2	5	3	7	3	0	5	7	3	10	4	3	1	1	5	2	1	0	1	0	1	1	0	3	0	0	0	0	0	2	0	0	0	0	0	1	0	1	0	0	0	1	1	0	2	1	2	2	2	2	0	1	1	0	0	0	1	1	0	1	0	1	0	1	1	1	0	1	0	0	0	0	1	0	1	0	1	0	2	1	0	1	2	1	1	0	0	3	2	0	0	2	2	2	3	0	1	2	3	5	5	11	9	19	50	55	66	0	16	5	5	1	6	0	0	3	1	1	2	0	2	1	1	2	0	1	2	1	1	1	2	1	2	2	0	0	3	0	2	0	0	0	0	4	1	1	2	0	1	0	1	0	0	2	1	2	1	0	1	1	4	1	0	0	0	0	2	0	1	1	0	0	0	0	2	0	0	0	0	2	1	0	2	1	0	0	0	2	3	2	0	6	4	1	4	2	0	0	1	1	3	3	2	1	0	2	1	0	1	2	0	0	0	1	0	1	1	2	0	1	1	0	0	0	0	1	0	1	0	0	1	1	0	2	0	0	0	2	1	0	2	0	0	0	0	0	1	1	0	0	0	0	1	0	0	0	0	0	1	1	0	1	0	0	1	0	0	1	0	0	0	0	0	0	0	0	0	0	1	0	0	1	0	0	1	0	1	1	1	2	1	3	2	1	0	0	1	0	3	1	0	0	1	2	0	0	0	1	0	0	0	0	0	0	0	1	0	0	0	0	0	0	0	0	0	0	1	0	1	0	0	0	0	2	0	0	0	0	1	0	2	0	0	0	1	0	0	0	0	0	0	0	0	0	0	0	0	0	1	0	0	0	0	0	0	0	0	0	0	0	0	0	0	0	0	0	0	0	0	0	0	0	0	1	0	0	0	0	0	0
0	0	0	0	0	0	0	0	1	0	1	0	0	0	0	2	0	1	0	0	0	0	0	1	0	0	0	0	0	1	0	0	1	0	0	1	3	0	0	2	0	0	1	0	0	0	0	0	1	1	0	1	3	2	1	0	3	1	0	9	5	5	1	1	1	4	0	1	0	0	2	2	5	2	0	0	1	2	4	5	16	17	47	8	10	3	2	3	4	2	3	4	8	0	2	4	5	3	8	1	3	6	2	3	4	7	4	6	12	9	5	7	2	1	2	1	0	3	0	1	0	0	0	2	1	0	0	2	0	0	0	1	0	0	0	0	1	0	1	1	1	0	1	1	0	1	2	0	0	2	0	0	1	0	0	0	0	0	2	0	1	2	3	0	2	0	1	0	0	0	0	0	0	1	1	2	2	0	1	0	3	0	1	3	0	1	3	2	0	1	2	4	1	3	2	1	6	15	5	10	23	15	44	64	12	7	16	0	35	11	16	20	5	10	1	2	1	3	0	0	0	4	1	2	2	2	2	5	1	0	0	0	0	2	0	1	2	0	0	1	0	1	1	0	0	1	1	0	2	1	0	1	1	0	0	1	0	1	0	1	2	0	0	1	1	1	2	0	2	0	1	0	0	0	0	0	0	1	0	0	0	2	2	0	2	0	2	4	1	1	1	6	4	3	3	4	1	4	1	0	2	2	1	2	0	1	5	3	1	1	0	1	1	0	2	0	1	2	1	1	0	0	0	0	2	0	0	0	0	0	0	0	1	0	1	1	0	0	1	0	0	0	0	0	0	0	0	1	1	0	0	1	3	0	0	2	0	0	1	0	0	0	0	0	0	1	0	2	0	0	0	0	0	0	1	0	2	1	0	0	0	0	0	2	1	1	2	0	1	2	0	2	1	1	0	0	0	0	2	1	0	1	0	0	1	0	0	1	1	0	0	0	1	0	0	0	0	0	0	0	1	0	0	0	1	2	0	1	0	0	0	0	0	0	0	0	0	0	0	0	0	0	0	0	0	0	0	0	0	1	0	0	0	0	0	1	0	0	0	0	0	0	0	1	0	0	0	0	0	0	0	0	0	0	0	0	0	0	0	0	0	0	0	0	0	0	0	0	0
0	0	0	0	0	0	0	0	0	0	0	1	1	0	0	0	0	0	0	0	0	1	0	0	1	0	0	1	3	4	2	1	0	0	0	2	0	0	1	2	0	0	1	0	0	2	0	0	0	0	0	1	1	1	2	1	2	0	2	11	7	5	1	0	5	0	2	2	1	2	6	3	4	1	0	5	3	1	4	7	18	9	13	13	5	9	5	2	3	3	2	4	8	9	2	2	4	2	4	2	0	6	2	3	3	9	9	4	3	5	5	2	3	4	1	2	1	1	0	1	0	2	1	2	0	1	0	0	2	1	1	0	0	0	0	0	1	0	2	1	1	1	1	0	3	1	1	1	0	0	2	2	0	1	1	1	1	1	0	2	0	1	1	1	0	1	0	0	0	1	0	1	1	1	1	0	0	0	1	2	1	2	0	0	0	1	0	1	2	2	3	2	2	0	1	0	2	8	3	4	14	8	12	16	6	5	5	35	0	31	26	64	12	3	4	1	0	0	3	2	1	0	5	1	1	0	0	1	3	0	2	1	1	0	1	0	0	1	0	1	0	0	2	2	3	0	0	5	1	2	1	0	1	0	1	0	0	3	1	1	1	0	0	0	0	0	0	0	0	0	0	0	1	0	0	1	0	1	0	0	0	0	1	0	4	0	5	2	1	0	3	3	5	3	3	3	0	1	1	1	2	0	0	0	0	0	3	2	1	0	0	0	0	0	0	2	1	3	1	0	0	0	0	0	1	0	0	0	1	0	0	0	2	1	0	0	0	0	1	0	2	0	2	0	0	0	0	0	1	0	0	0	0	0	0	0	0	0	0	1	1	0	0	0	0	2	0	0	0	0	0	0	1	0	0	0	0	0	0	0	0	1	0	1	0	0	0	1	0	0	2	0	0	2	0	0	1	0	0	1	0	2	0	1	0	0	0	2	0	0	0	0	0	0	0	0	0	0	0	0	0	0	0	0	0	2	0	0	0	0	0	0	0	0	0	1	0	0	0	0	0	0	2	0	0	1	1	0	0	1	0	1	0	0	0	0	0	1	0	0	1	0	0	0	0	0	0	0	0	0	0	0	1	0	0	0	0	0	0	0	0	0	0	0	0	0	0	0	0
0	0	0	0	0	0	0	0	0	0	0	0	1	0	2	1	0	1	5	0	0	0	2	0	2	1	1	1	0	0	0	0	2	1	1	1	1	0	1	0	0	0	0	0	0	0	0	1	1	0	0	1	2	3	5	0	3	6	7	42	19	7	4	4	4	1	2	1	1	0	3	4	3	4	4	1	1	5	8	10	14	7	7	19	4	7	7	2	3	0	6	3	5	2	5	0	3	1	7	2	1	4	2	1	5	3	6	5	4	2	5	7	4	5	2	2	1	2	1	0	2	0	1	1	0	1	1	1	0	2	0	0	0	0	1	1	1	0	2	1	2	2	2	1	2	1	1	5	2	0	2	3	0	0	1	1	0	1	2	0	0	3	2	1	2	1	1	3	0	0	1	1	0	0	3	0	0	1	2	0	1	0	1	0	0	0	1	0	2	1	5	0	1	2	1	2	5	10	2	6	5	3	6	3	2	2	5	11	31	0	161	47	29	8	3	1	1	2	3	1	3	0	1	1	2	1	2	0	4	0	2	2	2	0	0	1	0	0	0	0	0	0	0	2	1	1	0	1	1	0	0	2	1	1	3	0	1	2	0	3	0	0	0	1	0	0	1	0	2	1	0	0	0	0	1	0	1	0	1	1	1	1	0	1	2	0	1	1	1	0	2	0	2	5	1	3	4	1	1	1	2	4	1	1	2	0	1	1	1	0	0	0	1	2	2	0	1	1	1	0	1	0	0	1	0	0	1	2	0	0	0	0	0	1	0	0	0	0	0	0	1	1	2	0	1	0	0	1	1	0	0	0	1	0	0	0	0	0	1	1	1	0	1	0	0	1	0	0	2	0	0	0	1	0	0	0	1	0	0	1	0	0	1	1	0	0	0	1	0	1	0	0	2	0	0	1	0	0	0	1	1	0	0	1	1	0	0	1	0	0	0	0	0	0	0	0	0	0	1	1	1	0	0	0	1	0	1	0	0	0	1	0	0	0	0	0	0	0	0	0	0	0	0	0	0	0	0	1	1	1	1	2	0	0	1	0	0	2	0	0	0	0	0	0	0	0	1	0	0	1	1	0	0	0	0	0	0	0	0	0	1	0	0	0	1	0	0	0	0
0	0	0	0	0	0	0	1	0	1	0	0	0	0	0	0	0	0	0	0	0	1	0	0	2	0	0	0	1	1	0	0	0	1	0	0	1	0	0	0	1	1	2	0	1	0	1	1	1	0	1	5	2	6	6	1	2	6	9	22	7	5	3	2	2	1	2	1	0	2	1	4	4	3	2	3	5	9	9	17	19	12	22	13	7	5	3	4	5	2	2	3	5	5	4	3	0	1	8	1	1	0	0	0	2	6	6	4	5	5	14	9	5	4	3	1	1	1	3	0	1	0	2	0	0	0	0	0	1	1	0	0	0	1	1	0	1	1	1	0	2	0	0	0	0	2	1	3	1	0	0	0	1	1	1	1	1	1	1	1	0	1	0	0	0	2	2	1	0	0	1	0	1	0	1	2	0	1	1	1	2	2	2	1	2	0	0	0	1	0	2	2	0	1	1	2	4	5	2	8	12	10	9	8	6	8	1	16	26	161	0	29	16	4	2	1	1	1	1	0	0	1	2	1	1	0	2	0	0	1	1	0	2	1	0	1	2	0	0	1	1	0	0	0	1	1	0	0	0	0	1	0	0	1	2	1	2	1	2	0	1	0	0	0	1	1	0	1	0	0	1	0	0	1	0	0	1	0	0	1	0	1	0	1	1	0	1	1	3	1	2	1	4	0	2	1	0	1	3	1	0	1	1	0	1	1	2	1	1	0	1	1	2	0	1	2	0	1	0	1	1	0	0	0	0	0	0	0	1	0	1	1	0	0	0	0	0	1	0	0	0	1	0	0	0	0	2	1	0	0	0	0	0	0	0	3	0	0	0	2	0	0	0	0	0	0	0	1	3	0	0	0	0	0	0	0	0	0	0	1	0	1	0	0	0	0	0	1	0	1	2	0	0	0	1	0	0	0	2	1	0	0	0	0	1	0	0	0	0	0	0	0	1	1	0	1	0	0	1	1	1	0	0	0	0	0	0	0	0	0	0	0	0	1	0	1	0	0	0	0	0	0	0	1	0	0	1	0	1	1	0	0	1	0	0	0	1	1	0	0	0	0	0	0	1	0	1	0	0	1	1	0	0	0	0	0	0	0	1	0	0	0	0	0	1	0	0	0	0
0	0	0	0	0	0	0	0	2	0	0	0	0	0	0	1	0	1	1	0	0	0	0	1	0	1	3	1	1	1	0	1	1	1	2	1	0	1	0	0	0	0	1	2	0	5	1	0	0	0	1	2	2	2	3	2	6	5	2	15	6	5	3	2	6	1	2	0	2	1	2	1	1	3	1	1	3	3	8	5	11	8	6	22	6	6	4	2	6	3	3	11	15	5	7	3	4	2	7	2	4	3	0	1	3	10	3	3	5	4	12	6	1	5	4	2	4	2	3	0	0	1	1	2	0	0	0	1	0	0	3	1	0	0	0	1	0	0	0	0	0	3	3	1	1	1	1	2	1	1	0	0	0	0	0	2	2	1	1	2	0	2	1	0	1	3	3	1	0	1	0	1	0	0	1	1	1	3	0	3	1	0	2	1	0	1	0	0	1	3	6	5	4	1	5	4	6	19	2	5	11	8	7	4	2	4	6	20	64	47	29	0	27	7	3	0	1	1	0	1	0	2	3	0	1	3	2	2	1	1	1	1	1	0	0	0	2	1	1	0	0	0	0	0	1	1	4	2	2	1	2	0	2	2	0	1	0	0	1	2	1	0	1	0	1	0	1	0	0	1	0	1	0	0	0	1	0	1	0	2	0	0	1	0	2	0	5	3	3	0	3	2	1	6	4	1	5	0	2	0	1	2	1	0	2	1	3	3	3	0	0	0	1	0	1	1	0	0	1	0	0	1	0	1	2	0	0	0	1	1	0	1	1	0	1	0	0	0	1	1	0	0	0	2	0	1	0	0	0	0	0	1	1	1	0	0	0	1	1	0	0	1	1	0	1	0	1	1	0	0	0	0	1	0	1	2	0	0	1	0	0	1	1	0	0	1	0	0	2	1	4	0	2	1	1	0	0	1	0	0	0	0	0	0	1	0	1	1	1	0	1	0	0	0	0	0	1	0	0	0	0	1	1	0	0	0	0	1	0	0	0	0	0	0	0	0	0	0	1	0	0	0	0	0	0	0	0	0	0	1	0	0	0	0	0	0	0	0	0	0	0	1	0	0	0	1	0	0	0	0	0	0	1	0	0	0	0	1	0	0	1	0	0	0	0	0	0	0	0
0	0	0	0	0	0	0	0	0	0	0	0	0	2	0	1	0	0	0	1	0	0	0	0	1	2	0	2	0	0	0	1	1	2	1	0	1	1	1	2	0	0	0	0	1	2	1	2	0	0	2	1	3	6	7	0	5	12	13	47	82	7	10	8	3	3	4	0	3	3	1	2	4	2	3	4	3	4	10	5	8	2	3	11	8	6	10	4	7	7	4	7	6	9	2	3	1	2	2	2	2	6	1	2	1	3	2	1	5	2	10	8	4	4	11	3	3	0	0	2	0	0	2	2	1	0	1	0	0	1	1	3	1	0	2	2	0	1	0	1	2	3	0	1	0	3	1	2	3	2	0	0	0	0	4	2	0	1	4	2	2	2	2	4	0	1	4	3	0	2	0	0	4	0	0	1	0	1	3	3	1	0	2	1	0	0	1	1	4	3	10	0	3	2	1	3	4	14	3	4	11	5	5	4	1	4	0	5	12	29	16	27	0	33	7	1	2	2	2	0	2	2	2	4	0	1	2	2	0	0	2	2	1	0	1	1	0	1	1	0	0	0	0	1	0	2	2	1	0	0	2	1	4	5	1	0	0	0	1	0	0	2	0	0	1	0	1	0	0	0	0	0	2	1	0	0	1	1	1	0	3	1	0	0	2	1	0	2	0	4	2	2	3	1	3	2	2	2	0	1	2	2	0	0	0	0	0	0	0	1	1	0	0	0	0	0	2	0	1	1	1	0	1	0	0	0	0	0	0	0	2	1	0	1	1	1	1	0	0	1	2	1	1	0	0	0	0	0	0	0	1	0	0	0	2	0	0	1	1	2	0	1	0	1	2	2	0	1	0	0	0	1	1	1	0	2	0	1	0	0	1	0	2	0	0	1	0	1	1	1	1	0	0	1	0	0	0	1	1	0	0	1	0	1	0	0	0	0	1	0	2	1	0	1	1	0	0	0	0	0	0	0	0	0	0	1	1	0	0	0	0	0	0	1	0	2	0	0	0	0	0	0	1	1	1	0	0	1	0	0	0	1	0	1	0	0	0	0	0	0	0	0	0	0	0	1	1	0	0	0	0	0	0	0	0	0	0	1	0	0	0	0	1	0	0	0	0	0	0
0	0	0	0	0	0	0	0	0	1	0	1	2	0	1	1	4	4	2	2	0	0	1	1	0	2	3	2	0	0	0	1	1	0	1	2	0	0	0	0	0	0	1	1	0	1	2	3	2	0	2	4	5	9	18	10	15	45	24	21	58	14	11	10	14	5	2	4	6	5	3	15	6	5	3	5	5	8	15	9	4	1	5	9	14	23	20	9	5	1	8	4	7	4	6	2	3	0	4	2	1	4	1	0	4	0	1	4	1	2	9	7	10	24	15	7	4	3	0	1	3	1	4	1	4	1	3	1	3	3	2	2	4	0	2	2	1	3	1	4	3	1	0	3	2	9	6	6	2	5	4	2	0	2	1	2	2	2	3	1	0	0	1	1	0	2	2	4	2	0	0	1	0	1	1	0	3	0	2	1	3	3	6	1	2	1	0	4	3	4	5	2	2	6	2	5	14	10	5	6	6	3	2	2	2	1	0	10	3	8	4	7	33	0	25	5	5	0	1	2	2	2	1	2	1	1	1	2	1	2	0	1	0	2	1	1	1	2	0	0	1	0	0	1	4	0	0	3	4	4	0	1	0	1	1	0	2	0	0	1	1	0	0	1	0	0	0	0	0	1	0	1	0	0	0	1	0	1	0	1	2	1	0	1	1	1	3	3	0	0	3	3	4	2	1	3	2	2	1	1	1	1	1	2	1	3	1	3	1	0	0	0	1	2	0	0	2	1	0	0	1	0	0	0	1	0	0	0	3	0	0	1	1	0	2	1	0	2	1	1	0	1	0	0	0	0	0	0	0	0	0	0	0	1	0	2	2	0	0	2	2	1	0	1	1	1	0	0	0	0	1	1	1	0	0	0	1	0	0	1	2	0	0	0	1	0	0	1	2	1	1	0	0	2	1	2	0	0	1	2	0	0	0	0	0	0	0	0	2	0	0	2	0	1	0	0	1	0	0	0	2	0	1	0	0	2	0	1	0	0	0	0	0	0	1	0	0	0	0	0	0	1	0	0	0	1	0	1	0	2	1	1	0	0	1	0	1	0	0	0	0	0	0	0	0	0	0	1	0	0	0	0	0	0	0	0	0	0	0	1	0	0	0	0	0	0	0	0	0
0	0	0	0	0	0	0	0	0	0	1	0	0	1	1	1	1	3	2	2	0	0	0	1	0	1	3	3	0	4	2	0	0	1	0	2	0	1	0	1	1	2	0	2	2	2	2	5	1	6	2	4	8	19	14	11	19	27	6	2	12	6	7	9	4	4	7	7	3	5	4	9	3	17	9	5	3	3	11	5	1	3	3	4	14	15	46	13	4	12	12	2	4	4	2	1	1	2	4	2	2	1	1	0	2	1	4	2	2	3	6	5	9	39	20	9	6	3	1	3	3	6	6	2	3	2	0	5	2	4	4	5	1	2	4	2	0	2	4	3	5	3	8	9	11	22	13	15	11	4	7	5	1	0	1	1	2	4	1	2	2	0	0	0	1	1	2	0	0	1	0	0	0	0	1	2	3	4	5	3	3	4	6	4	1	4	1	4	1	6	15	6	3	4	6	13	12	10	2	2	5	2	2	0	0	1	3	1	4	3	2	3	7	25	0	27	6	4	1	0	4	1	4	3	1	1	1	1	1	1	1	1	2	0	1	2	0	0	0	2	1	2	2	0	0	3	2	2	3	0	7	1	0	1	0	0	1	0	1	0	0	0	1	0	0	1	1	0	1	0	0	0	0	1	0	0	0	0	1	0	1	1	0	0	1	0	0	2	2	2	1	3	3	3	4	5	5	4	3	2	1	4	2	3	2	5	2	9	6	0	1	5	1	3	3	1	0	2	3	2	1	0	2	0	0	0	0	0	1	0	0	0	0	0	0	1	1	0	0	0	1	0	0	0	0	0	0	1	0	0	1	0	1	2	0	0	1	1	1	1	1	2	1	2	1	3	2	1	1	0	0	1	2	0	0	0	0	1	0	2	1	0	0	2	0	0	0	0	1	2	2	0	0	1	0	1	1	0	1	0	0	2	0	2	2	1	1	0	1	0	1	0	0	0	1	0	0	0	0	0	0	0	0	1	0	0	0	0	0	0	2	1	0	0	0	0	1	0	0	0	0	0	0	0	1	0	0	1	1	1	0	0	0	0	0	1	0	0	0	1	0	0	0	1	0	0	1	0	0	0	0	0	0	0	1	0	0	1	0	0	0	0	0	0	0	0	1	0	0
0	0	0	0	0	0	0	0	3	2	1	4	1	2	0	0	0	3	2	0	1	0	0	1	1	2	2	1	2	1	0	1	0	1	0	0	1	0	0	0	0	1	0	1	1	0	4	0	1	5	3	3	13	9	13	8	9	4	5	0	6	1	4	7	3	2	2	4	7	5	0	1	0	10	6	4	4	2	2	2	0	1	0	3	3	4	15	14	9	7	14	7	3	2	4	0	3	2	3	2	2	3	1	1	2	2	0	2	2	1	2	3	3	8	5	3	3	2	1	2	2	6	10	3	4	1	1	5	10	3	17	6	3	4	4	3	3	1	8	4	12	2	15	14	18	8	9	3	4	10	1	6	2	5	1	1	2	2	1	0	1	2	3	2	1	5	1	4	1	3	0	2	3	1	1	1	1	8	3	7	8	5	17	11	12	8	7	8	6	12	4	2	2	3	12	12	6	4	2	1	2	1	5	1	3	0	1	2	1	1	1	0	1	5	27	0	45	13	5	4	1	3	5	2	3	1	0	2	4	0	3	2	1	1	2	1	3	1	4	2	0	3	0	0	2	1	6	2	3	2	8	2	0	2	0	0	2	1	1	1	0	2	0	1	0	0	0	1	0	1	0	0	0	0	0	1	1	0	2	0	1	1	2	1	0	3	1	1	1	1	2	0	1	6	2	3	6	6	4	1	1	6	7	3	2	6	5	3	3	2	3	2	1	2	1	1	2	2	0	0	3	0	0	0	1	0	2	0	0	0	2	0	0	0	1	2	1	0	0	3	0	0	1	1	0	0	1	0	0	0	4	1	1	0	1	2	1	2	1	2	1	3	1	1	2	0	1	2	2	0	0	0	0	1	1	1	1	2	1	0	1	1	1	3	0	0	1	0	0	1	1	1	0	0	0	0	1	1	2	0	1	2	1	0	3	1	1	2	1	1	0	0	0	2	0	1	1	0	0	2	0	2	0	1	0	2	1	0	0	0	0	1	0	0	0	0	2	3	0	0	0	0	0	0	0	0	0	2	1	0	0	1	1	0	0	1	0	1	0	0	0	0	1	0	0	2	1	0	0	1	0	2	1	1	0	0	0	0	0	0	0	0	0	1	0	0	0	0	1
0	0	0	0	0	0	0	1	1	1	0	0	0	0	0	0	0	1	0	1	0	2	0	1	1	4	2	2	0	0	1	0	1	3	0	2	1	1	0	2	2	1	0	0	0	2	2	2	0	4	4	4	6	9	5	8	1	1	3	1	3	3	4	2	2	1	3	4	0	3	2	1	2	5	5	1	3	2	2	0	0	3	1	1	1	3	13	9	10	6	10	4	2	0	1	2	3	3	1	4	0	3	1	0	1	3	2	3	2	1	3	4	7	3	2	1	1	1	0	0	2	4	4	2	4	2	3	2	1	5	4	3	4	2	1	3	5	14	11	9	10	7	7	10	8	6	2	2	2	6	6	0	1	2	4	4	1	1	2	2	1	0	1	3	7	1	1	2	6	1	1	0	2	2	2	3	2	4	1	3	9	16	23	12	12	12	11	11	13	18	8	3	3	8	13	6	4	1	0	0	1	3	1	0	0	1	1	1	0	1	1	1	2	5	6	45	0	37	23	14	7	4	4	2	9	2	0	1	1	5	1	2	1	2	5	2	3	1	4	4	3	1	1	1	2	4	4	3	10	3	5	0	1	3	0	2	1	1	1	0	0	0	0	0	2	0	1	0	1	0	0	0	0	0	0	2	3	1	1	1	1	1	1	1	3	4	2	1	1	0	1	2	2	2	3	5	6	6	11	7	6	6	10	6	4	6	2	8	4	3	2	3	3	4	5	4	5	7	0	3	2	1	0	1	1	0	1	0	1	2	4	0	1	1	0	2	0	1	1	1	1	0	0	0	1	0	1	0	1	0	0	1	0	3	0	2	2	0	2	2	1	3	3	3	3	1	2	1	0	3	0	1	2	3	0	0	2	3	2	1	1	0	3	1	2	0	0	1	2	3	3	0	0	3	1	3	0	1	0	1	2	2	0	0	2	0	2	2	1	1	4	0	2	0	0	0	1	0	0	0	0	1	1	2	1	0	1	2	2	0	0	0	0	0	0	0	0	0	2	1	0	0	1	0	1	0	0	0	0	1	1	1	0	1	1	1	0	0	1	0	1	1	0	0	1	0	1	2	0	1	1	1	1	0	1	0	0	2	1	0	0	0	0	1	0	0	0	1	0
0	0	0	0	0	0	0	0	1	0	0	1	3	0	0	1	3	0	1	1	0	0	1	1	3	0	2	1	1	2	0	0	1	1	3	1	0	0	0	1	0	1	1	0	1	0	0	1	3	0	2	1	9	5	3	2	3	2	2	1	2	3	1	0	2	0	1	2	1	2	1	2	0	2	5	0	2	3	1	2	2	1	3	3	6	2	6	2	5	4	5	4	2	3	4	4	0	0	1	3	3	2	2	4	1	2	3	2	2	0	0	0	3	3	1	2	1	0	2	0	2	3	6	0	3	1	3	2	7	6	3	3	0	2	4	0	6	6	20	13	23	6	10	8	4	10	4	0	2	1	4	0	1	0	1	1	1	0	0	1	0	0	2	2	2	1	3	0	6	1	1	2	0	0	0	1	2	2	2	3	10	11	9	7	18	10	24	6	15	13	5	3	0	6	10	3	4	2	4	1	2	0	2	1	1	2	2	3	0	2	1	1	2	0	4	13	37	0	161	9	10	4	6	1	1	2	3	2	7	6	3	4	3	4	0	4	5	6	2	5	3	2	1	0	2	2	1	6	10	9	4	1	3	1	1	0	1	2	2	2	0	2	0	1	0	0	0	0	0	4	0	0	1	1	2	0	1	4	0	0	1	2	1	3	3	2	3	0	1	0	2	3	1	4	4	5	8	4	20	22	10	28	14	9	7	6	9	4	4	2	0	2	2	4	10	6	9	11	5	4	3	0	2	0	1	1	1	0	0	0	2	5	0	1	1	2	1	0	0	1	2	0	0	1	0	1	0	2	1	3	0	1	1	1	4	3	1	5	6	3	11	4	1	2	3	1	1	1	2	2	1	0	1	0	0	2	3	2	2	2	3	3	2	0	1	1	2	0	0	3	4	1	3	2	1	1	1	3	0	0	3	0	1	0	1	0	1	1	0	1	2	0	1	2	0	0	0	0	0	2	1	0	0	2	0	1	2	0	0	0	0	0	1	2	2	0	3	1	3	0	1	0	0	1	1	1	3	0	0	0	0	0	0	0	0	0	0	0	1	0	1	0	1	0	1	0	0	1	1	0	2	0	0	0	0	0	1	0	0	0	3	0	2	0	0	0	0	0	0
0	0	0	0	0	0	0	0	0	1	0	0	0	0	2	1	0	2	0	0	0	2	1	0	0	0	0	0	1	2	0	0	1	0	0	0	1	0	0	1	1	0	2	0	0	0	0	0	0	5	0	5	4	1	1	2	1	3	0	0	2	0	1	0	3	2	2	0	1	2	2	3	0	6	6	1	0	0	2	1	3	1	0	2	4	0	5	2	4	6	4	0	1	3	2	3	0	2	2	5	2	2	2	3	3	1	0	1	0	1	0	2	1	3	0	3	0	1	0	1	4	0	0	1	1	1	1	2	3	5	2	6	2	1	1	3	2	9	9	15	8	7	5	6	2	1	1	1	4	4	1	2	3	4	1	2	1	0	0	0	0	1	2	1	4	0	2	1	1	2	1	1	0	0	0	0	0	5	0	1	2	6	10	6	10	15	22	17	19	14	2	2	1	3	9	4	1	2	2	2	1	0	1	2	3	0	0	0	3	3	1	0	2	1	1	5	23	161	0	30	8	4	7	4	2	4	2	4	11	6	11	7	8	3	3	4	6	3	4	7	7	4	3	4	2	3	4	8	4	9	6	0	1	2	1	0	1	0	2	0	0	0	1	1	0	0	1	0	1	0	2	1	1	0	2	1	1	1	0	0	0	0	2	1	3	5	2	1	3	1	1	1	2	1	1	5	5	13	23	17	23	33	8	8	8	7	7	7	3	3	4	5	4	7	5	2	6	16	5	1	1	4	2	1	0	1	0	0	2	2	3	1	1	6	1	0	1	1	3	0	0	0	0	0	0	0	0	0	1	1	1	0	1	4	2	0	5	3	4	6	6	3	2	3	2	2	0	2	0	1	1	1	0	0	0	1	0	2	5	5	7	6	3	7	3	2	2	0	1	1	2	2	6	6	4	0	3	1	0	0	0	2	2	2	1	0	1	0	3	0	1	1	0	1	0	0	0	0	2	2	0	0	0	1	0	0	0	1	0	1	2	1	0	1	0	0	0	1	1	0	0	0	0	0	1	0	0	0	0	2	0	2	2	2	2	0	0	0	1	1	0	0	0	0	1	1	0	0	0	1	0	0	0	1	0	0	1	0	0	0	0	0	0	0	1	0	1	0	2
0	0	0	0	0	0	0	0	1	0	0	0	1	1	0	1	1	1	1	3	0	3	2	1	0	0	0	0	0	1	0	0	0	2	0	1	0	0	0	0	1	0	0	0	1	0	1	0	3	4	2	1	6	3	2	1	1	0	1	0	0	2	1	0	0	0	2	0	0	1	2	2	1	2	1	1	0	2	1	0	0	0	0	1	0	3	1	2	5	4	4	2	1	0	3	1	3	2	5	4	2	5	1	1	2	1	1	3	0	0	1	1	0	3	0	2	1	0	2	1	2	2	1	0	2	0	2	3	2	5	0	1	3	1	2	1	0	3	2	4	4	4	5	4	3	2	1	1	1	0	3	0	1	1	0	1	1	0	0	1	0	2	2	1	2	0	5	2	4	0	1	0	1	1	1	1	2	6	0	1	1	2	2	3	5	7	8	9	13	10	4	5	0	5	10	3	0	0	0	2	3	4	1	0	4	1	2	0	2	1	0	1	0	2	0	4	14	9	30	0	32	6	6	6	7	4	3	2	9	8	7	6	8	6	4	10	6	3	3	2	10	4	6	3	4	2	0	6	3	8	4	2	0	0	0	1	0	2	1	2	2	0	0	1	1	2	0	0	3	0	1	1	1	1	2	2	3	3	1	2	1	2	1	2	3	1	4	0	1	4	1	1	2	0	0	6	5	9	19	38	31	20	6	3	6	3	1	1	1	3	1	3	0	1	4	4	3	6	5	3	2	1	1	0	1	4	1	2	0	3	6	3	2	3	2	2	2	1	1	2	1	0	3	3	1	1	2	1	1	1	4	2	3	8	2	1	1	6	3	3	9	3	1	2	2	4	1	2	1	0	1	0	2	1	2	0	1	2	5	8	3	7	4	17	4	2	3	1	0	3	1	2	1	5	2	0	3	0	1	6	1	5	1	3	2	5	3	0	2	0	3	2	1	0	5	0	0	0	0	0	0	0	0	1	0	0	1	0	0	0	0	0	1	3	0	1	0	4	0	2	2	3	1	0	0	1	0	1	1	1	1	0	1	0	0	0	0	0	0	1	1	0	0	0	0	0	1	3	2	0	0	0	1	2	1	0	0	1	0	0	0	0	0	0	1	0	0	2	0
0	0	0	0	0	0	0	1	0	0	0	0	0	0	0	0	0	2	0	2	2	0	1	2	0	1	0	0	2	0	0	1	0	0	1	0	0	0	1	0	0	1	1	1	2	0	0	0	0	1	0	1	2	2	3	0	1	0	1	0	0	1	1	1	0	0	0	2	1	2	1	0	0	1	0	2	2	2	0	0	0	0	2	1	1	5	5	4	6	1	3	1	2	2	2	1	1	2	4	2	3	3	1	0	0	3	1	3	2	0	0	0	1	2	1	0	1	1	0	1	0	0	3	0	0	2	1	0	0	2	1	3	5	0	2	1	0	1	3	4	5	3	3	4	2	1	2	0	1	3	2	2	2	1	1	1	1	2	1	2	1	1	1	2	2	3	2	2	1	2	0	3	2	0	1	0	3	3	2	1	5	3	4	2	3	10	8	10	7	4	3	1	2	1	3	0	1	2	0	2	0	0	1	1	0	2	1	0	1	3	0	0	2	2	4	1	7	10	8	32	0	47	15	23	11	4	5	4	3	10	13	5	3	5	8	8	4	3	1	4	2	3	1	3	1	2	3	0	2	4	6	1	4	0	1	2	1	0	2	2	2	1	1	3	3	2	0	2	1	2	4	0	1	0	3	0	3	3	1	0	2	1	0	5	0	4	0	0	0	3	3	4	2	2	1	8	8	21	20	44	9	4	6	2	3	1	1	4	1	0	2	1	6	0	3	0	3	6	4	3	1	2	0	1	2	2	0	0	3	1	5	5	1	3	2	2	2	0	4	3	4	1	1	3	2	1	0	0	0	1	0	2	4	2	1	4	3	4	4	0	4	0	1	1	0	0	1	3	1	1	1	0	1	0	2	2	0	5	0	7	2	6	12	8	6	6	2	3	1	0	2	1	4	2	1	1	1	2	2	3	1	2	2	2	3	2	0	3	2	1	2	0	1	1	0	0	0	1	0	0	0	1	1	0	1	1	0	0	1	0	0	0	0	1	1	0	1	0	1	0	0	0	3	1	0	0	0	0	2	4	0	0	0	0	0	0	0	2	1	0	0	0	0	2	0	0	0	1	2	1	1	0	1	0	0	1	1	0	1	1	0	0	0	0	0	0	0	0	0
0	0	0	0	0	0	0	1	1	1	1	1	1	0	0	1	0	0	0	1	0	0	1	1	0	0	1	0	0	0	1	1	0	0	0	0	1	1	0	0	0	1	0	0	0	0	0	0	1	1	1	1	2	4	2	1	2	0	0	1	3	0	2	1	1	0	0	1	0	0	0	1	0	2	1	1	0	1	2	1	1	5	1	0	0	1	0	4	4	1	3	6	1	4	8	5	2	6	4	4	3	3	5	0	0	1	3	3	0	1	0	0	2	2	2	0	0	0	0	0	0	0	1	1	1	1	1	0	2	2	2	2	1	0	0	0	0	2	0	2	3	1	1	3	1	3	0	0	2	1	0	3	2	0	3	0	0	1	3	2	1	2	2	2	0	2	1	1	2	1	3	0	1	0	0	1	1	0	0	1	4	4	1	7	1	4	3	5	7	3	6	1	1	0	6	4	1	4	0	2	2	0	4	1	1	1	1	4	0	0	1	2	2	2	1	3	4	4	4	6	47	0	23	57	16	11	9	6	7	16	12	4	1	4	1	6	2	0	1	1	1	1	0	2	2	1	1	4	1	2	3	1	3	3	1	4	0	2	2	1	0	0	0	1	4	1	0	6	0	0	0	1	1	2	1	0	0	1	0	1	0	2	2	3	2	2	2	1	0	2	4	4	2	1	4	4	13	14	12	19	6	2	6	1	2	2	3	0	2	0	0	1	2	0	2	4	0	3	1	2	2	1	0	0	2	2	1	0	0	0	0	0	2	5	5	4	6	1	3	5	5	0	1	1	2	3	0	1	2	0	2	1	2	1	1	2	3	3	2	2	0	1	2	1	0	0	1	1	3	0	2	1	2	0	0	1	1	1	1	3	2	2	1	5	6	4	4	2	4	3	7	3	4	5	3	2	1	0	2	2	0	3	2	1	1	0	2	3	0	0	2	0	1	0	0	0	0	0	1	0	0	0	1	1	0	0	1	0	1	0	3	0	0	0	1	0	1	0	0	0	0	0	3	1	1	0	2	1	2	0	1	2	1	0	0	1	3	0	1	0	0	0	0	1	1	1	0	0	1	0	0	1	0	1	0	0	0	1	1	0	0	0	1	0	0	3	0	0	1
0	0	0	0	0	0	0	1	0	2	1	0	0	0	1	0	0	0	1	0	2	1	1	0	0	1	2	0	0	0	0	0	0	1	0	0	0	0	1	1	0	0	0	1	0	0	0	2	1	2	1	3	5	7	3	3	2	0	0	2	0	0	0	0	0	3	1	0	1	0	0	2	1	2	3	3	1	0	0	1	1	0	2	3	1	3	1	2	8	7	8	7	3	3	14	13	4	4	11	11	15	4	4	6	3	6	3	6	3	3	2	1	3	3	1	1	0	0	0	1	1	2	2	1	1	0	2	1	1	0	0	1	0	1	1	1	1	3	5	2	3	1	0	2	2	1	2	2	0	0	2	2	1	1	0	1	3	0	2	0	1	0	2	1	2	3	0	1	4	1	1	1	0	1	2	3	4	2	0	2	4	3	1	1	2	6	7	7	18	14	1	0	2	2	2	4	3	4	1	0	4	0	0	0	0	0	2	1	5	1	2	3	2	1	4	5	4	6	7	6	15	23	0	68	40	13	8	9	11	9	8	3	7	2	4	4	2	1	2	2	2	2	2	0	3	2	2	6	2	3	3	2	2	1	3	2	2	2	3	0	0	1	1	2	2	1	1	3	1	1	1	3	0	1	2	1	0	2	2	1	2	4	2	3	7	3	2	2	4	4	4	3	1	5	5	11	29	37	10	11	4	4	3	1	1	2	2	2	1	0	0	1	0	1	3	0	2	2	2	2	1	0	0	1	0	0	1	1	0	0	2	0	3	1	1	2	0	1	3	4	2	3	2	0	0	1	0	1	1	3	4	1	1	1	2	1	3	1	2	2	2	1	1	0	0	1	0	1	1	0	1	0	1	2	1	1	3	0	0	0	4	1	5	3	1	1	2	0	0	3	2	1	3	5	4	4	2	1	3	0	3	0	1	3	0	1	1	0	0	2	1	2	0	1	0	0	2	0	1	0	0	1	0	0	0	0	0	0	0	0	0	0	0	1	0	2	1	0	0	0	0	0	0	1	0	0	1	1	0	0	0	0	1	1	0	0	0	0	1	0	0	0	0	0	0	0	0	0	2	0	0	0	0	0	1	1	0	0	2	0	1	0	1	0	1	0	0	0	0
0	0	0	0	0	0	0	0	1	2	0	0	0	1	0	0	1	0	0	0	0	0	0	0	1	0	0	0	3	0	1	0	1	0	0	0	1	0	1	0	0	0	0	0	0	1	0	0	1	1	3	5	3	6	4	1	2	1	0	3	1	0	1	1	1	2	0	1	0	0	1	2	1	1	1	1	0	0	1	0	0	0	1	4	2	2	5	7	7	4	2	7	1	0	6	8	4	6	7	11	10	4	3	2	3	4	3	3	1	0	0	1	1	4	1	1	1	0	2	0	1	0	0	0	0	0	3	1	2	0	3	3	0	1	3	1	1	1	0	3	3	2	1	1	0	2	2	0	0	4	0	3	0	0	1	2	2	1	1	1	2	1	3	4	0	3	2	0	1	1	1	0	0	3	1	0	0	1	2	1	3	4	6	4	2	1	4	7	5	9	5	1	2	0	0	7	2	4	3	2	7	1	2	2	1	0	0	2	1	1	1	0	4	2	3	2	2	1	4	6	23	57	68	0	96	25	11	3	18	15	13	2	5	4	3	5	1	1	2	4	2	1	1	2	6	4	1	0	2	1	1	2	2	1	3	2	0	1	2	3	5	1	0	2	2	3	0	4	3	1	2	1	0	1	3	0	1	1	1	4	3	0	1	2	2	4	3	4	2	0	4	3	2	5	7	8	11	26	7	18	5	2	1	1	2	2	1	0	0	1	2	1	0	1	0	1	0	1	1	2	1	1	1	1	1	0	0	0	1	0	2	3	1	1	1	1	0	2	2	2	2	2	2	1	1	1	0	0	0	0	0	0	1	0	1	0	1	1	2	1	0	0	2	0	1	1	0	0	2	1	0	0	1	0	2	2	1	1	0	0	1	1	0	3	3	4	3	0	2	3	2	4	8	3	1	3	2	1	1	1	1	1	2	0	0	0	2	0	2	2	3	0	0	0	0	0	1	0	0	0	0	0	1	0	0	0	0	0	0	0	1	0	0	1	1	1	0	0	1	0	0	1	0	1	0	1	0	1	3	1	1	1	1	0	0	0	0	1	1	0	0	0	0	2	0	0	0	0	1	0	0	1	1	0	1	0	0	0	0	0	1	0	0	0	1	0	0	0	0
0	0	0	0	0	0	0	2	0	0	0	2	0	0	0	1	1	0	1	0	0	0	0	0	0	1	0	0	1	0	0	0	0	0	0	1	0	0	1	1	1	1	1	1	0	1	0	3	1	2	1	1	6	2	2	1	0	0	1	2	1	2	2	0	1	2	1	0	0	0	1	1	1	1	1	1	0	0	0	0	0	1	1	3	2	2	3	2	6	6	7	2	2	3	7	12	7	6	6	35	14	7	1	1	2	3	6	2	0	3	3	3	1	3	1	3	1	0	1	0	1	0	0	2	1	0	0	1	1	1	0	1	2	0	2	0	1	1	2	1	0	3	2	3	0	3	1	2	1	1	0	0	1	1	2	1	2	2	0	0	1	4	2	5	0	1	1	0	2	2	1	1	1	0	1	0	1	2	1	4	1	5	1	1	2	1	2	1	4	6	4	3	1	3	1	0	3	2	2	1	2	3	1	0	1	3	1	2	1	2	1	1	0	1	1	3	9	1	2	7	11	16	40	96	0	39	13	5	7	16	10	2	10	4	4	3	3	3	1	2	3	0	1	1	4	0	2	3	3	2	4	0	2	2	3	2	3	4	2	3	1	2	2	3	1	2	3	1	1	1	1	0	3	2	2	0	1	1	2	0	4	2	4	1	5	2	3	4	2	5	4	3	5	1	2	8	13	12	5	7	6	5	5	1	0	2	1	0	0	3	0	1	1	1	0	2	1	1	1	1	2	1	1	4	2	1	1	0	0	0	2	1	0	4	1	2	2	0	6	4	2	0	2	0	0	0	1	1	1	1	0	1	2	0	3	1	1	1	3	0	4	1	0	0	1	1	0	1	2	1	2	3	0	0	0	0	0	1	4	1	1	1	1	1	7	4	1	2	5	8	7	4	6	2	3	4	0	2	0	2	2	1	1	1	2	0	0	1	1	2	0	0	0	0	2	2	2	0	0	0	0	0	0	0	0	0	0	0	0	1	0	0	0	1	1	2	1	0	1	0	0	1	0	0	0	0	0	1	0	1	0	0	0	1	0	1	0	0	1	0	0	0	0	0	0	0	0	0	0	0	0	0	0	0	0	1	0	0	0	1	1	0	0	0	0	2	0	0	1
0	0	0	0	0	0	0	0	0	0	0	1	0	0	0	0	0	1	0	0	0	0	0	0	0	0	0	0	0	0	0	1	0	1	0	0	0	0	0	0	0	0	0	0	0	0	0	0	1	0	1	3	3	1	3	1	2	1	0	1	1	1	0	1	0	1	0	0	0	2	0	2	1	2	1	1	1	0	2	2	1	1	2	0	3	3	2	2	3	7	8	5	0	2	1	2	4	4	6	12	6	9	2	3	10	5	7	2	4	2	1	0	1	3	0	0	0	0	0	0	0	1	1	0	1	0	1	0	1	0	3	0	0	0	0	0	1	2	1	1	1	2	0	1	0	0	2	1	2	0	1	1	2	1	2	1	0	1	0	1	0	1	1	0	2	3	1	0	0	1	0	2	3	0	1	0	0	0	0	0	0	4	3	3	2	1	1	5	5	3	2	1	3	1	1	3	3	3	2	1	4	1	0	0	0	3	2	2	0	1	0	3	1	1	1	1	2	2	4	4	4	11	13	25	39	0	44	9	11	31	17	12	12	2	5	2	2	1	2	0	2	2	7	4	1	3	6	1	1	3	1	1	3	2	2	3	5	1	3	3	1	2	1	5	4	3	1	1	0	0	0	0	2	4	1	1	1	1	0	1	2	3	2	3	2	6	3	2	7	2	4	6	2	3	1	4	6	7	6	3	6	1	3	2	0	2	1	1	2	1	1	1	0	1	2	0	2	0	1	3	0	0	1	1	0	0	0	0	0	1	1	1	1	1	2	2	3	4	1	3	3	3	0	1	3	0	1	0	4	1	0	1	3	0	0	0	1	3	3	0	3	2	0	3	0	1	2	0	4	1	1	3	1	1	0	2	2	0	2	0	0	2	3	6	8	5	3	3	10	9	12	7	10	3	3	2	3	1	5	3	1	0	1	2	1	0	0	1	2	2	0	0	2	0	1	0	0	0	0	0	1	0	1	0	0	0	1	0	2	0	0	0	0	0	2	0	1	0	0	1	1	0	0	0	1	0	0	0	1	2	0	0	0	0	0	0	0	0	1	1	0	0	0	1	0	1	1	0	0	0	1	0	0	1	0	2	0	0	0	0	0	0	0	0	0	0	1	0	1
0	0	0	0	0	0	0	0	1	0	1	1	0	0	0	0	0	1	1	0	0	0	0	0	1	0	0	1	0	0	0	1	0	0	0	1	1	0	0	0	0	0	0	0	1	0	0	0	0	0	1	2	1	1	3	3	1	1	0	2	0	1	0	0	0	1	0	1	1	0	1	1	0	0	2	1	0	0	1	2	1	2	1	2	3	2	0	3	6	4	3	3	2	1	3	3	1	1	7	11	17	10	5	2	14	11	8	5	3	2	2	3	1	1	0	0	2	0	0	0	0	0	0	2	1	0	0	1	0	1	1	1	0	0	0	2	1	2	1	1	0	1	2	1	1	3	4	0	1	2	2	4	0	0	1	2	0	2	0	3	0	0	0	0	2	3	1	0	0	3	3	0	0	0	0	0	1	2	1	1	0	0	2	1	0	1	1	4	4	4	1	2	2	3	5	2	1	3	0	3	3	3	2	0	2	3	1	2	0	2	2	2	2	1	1	0	0	3	2	3	5	9	8	11	13	44	0	44	14	41	9	12	11	4	7	5	2	2	2	1	1	3	3	6	0	4	9	2	3	2	7	4	6	3	5	3	1	4	6	4	4	7	4	0	5	3	0	1	0	0	0	0	2	2	1	0	0	1	1	3	1	3	2	1	10	19	10	4	6	6	9	6	7	5	6	19	8	7	5	3	6	1	1	1	1	1	1	0	1	2	1	1	0	2	1	1	0	1	2	0	0	2	1	1	0	1	0	1	0	0	1	1	2	1	6	0	0	1	3	0	1	3	1	2	0	2	0	1	1	0	1	2	2	3	1	1	3	3	1	2	2	1	4	4	2	1	1	0	0	0	1	0	0	0	0	1	0	0	2	1	1	3	1	7	1	6	9	6	7	6	13	24	22	11	1	3	2	4	2	4	1	2	3	0	0	1	1	1	0	0	2	0	0	1	1	0	0	0	1	1	0	0	0	0	0	0	0	0	0	1	1	1	0	1	0	0	0	0	0	0	0	1	1	1	0	0	0	2	2	0	0	0	1	0	0	0	0	0	0	0	0	0	0	0	0	1	0	0	0	0	0	0	0	0	0	0	0	0	0	0	1	0	0	0	0	0	0	0	1
0	0	0	0	0	0	0	0	0	1	0	0	1	1	0	0	2	0	0	1	1	0	1	0	0	0	1	2	0	0	0	0	1	0	1	1	0	0	0	1	0	1	1	0	0	0	1	0	1	2	0	2	4	2	0	0	1	3	2	1	1	1	1	2	0	1	0	2	1	0	0	0	0	0	3	3	1	3	1	2	4	0	1	3	8	4	2	5	9	8	6	4	1	1	4	3	4	7	7	7	9	12	12	6	9	12	1	10	3	5	2	1	0	0	3	1	1	1	0	0	1	0	4	0	0	1	0	2	0	1	2	0	1	0	1	1	1	1	0	1	0	1	3	2	2	4	1	0	1	0	0	0	0	0	0	0	0	0	0	1	1	2	1	0	0	1	2	0	1	0	0	0	0	0	1	0	0	0	1	1	3	1	3	0	2	6	0	4	3	1	3	4	5	5	4	3	0	3	2	2	0	4	1	0	3	3	1	5	1	0	0	2	2	2	1	2	1	2	4	2	4	6	9	3	5	9	44	0	41	19	18	12	10	8	5	2	3	1	4	4	2	6	1	5	5	11	14	6	2	5	4	12	9	3	4	0	5	7	7	4	1	4	1	6	1	2	0	5	2	1	2	0	1	1	2	1	3	3	3	4	1	2	5	9	25	151	30	6	11	12	10	8	8	6	11	11	7	10	4	7	8	6	0	0	2	2	0	1	2	3	0	0	0	1	1	0	1	3	0	2	0	0	0	1	0	0	0	0	2	3	0	1	2	1	2	1	2	0	1	3	2	0	2	1	1	1	1	1	2	1	1	1	3	3	1	1	6	3	1	4	3	0	1	3	0	1	0	1	0	0	0	0	0	1	0	1	2	0	1	0	4	1	2	3	3	5	3	3	4	5	14	22	13	3	4	1	5	5	6	3	5	1	3	2	2	1	1	3	1	0	0	1	0	1	0	1	0	0	1	0	0	0	0	1	0	0	0	0	1	0	0	1	0	0	0	0	0	1	0	0	0	0	0	0	0	0	0	1	2	0	0	0	0	1	0	0	0	0	0	1	1	2	0	0	1	0	0	0	3	0	0	0	0	0	1	0	0	0	0	0	0	2	0	0	1	0	0	0	0
0	0	0	0	0	0	0	0	0	0	0	0	3	0	1	2	0	0	1	0	0	0	0	1	1	1	3	0	1	0	1	0	0	1	1	0	1	0	1	1	0	0	0	0	1	0	1	0	1	0	1	0	2	5	0	1	1	0	1	0	0	0	0	1	1	1	0	0	0	1	0	2	2	0	2	1	0	1	1	2	2	2	2	1	2	1	2	4	7	6	4	5	3	0	4	3	2	0	4	4	12	3	4	6	7	9	5	5	6	2	2	1	0	2	0	1	1	0	3	1	0	0	1	0	1	2	2	0	2	3	2	0	0	0	0	0	1	0	1	4	1	2	1	2	1	2	2	1	0	0	2	2	1	1	2	0	0	2	0	1	1	1	0	0	2	1	1	0	2	2	1	1	2	0	1	0	0	3	2	1	0	1	3	1	1	1	1	6	6	8	3	5	4	6	3	9	2	2	3	2	5	3	3	0	0	2	1	1	3	4	0	1	0	1	1	4	1	7	11	9	3	7	11	18	7	11	14	41	0	28	31	14	14	9	10	6	2	3	2	7	1	1	3	2	8	9	20	10	11	8	6	5	8	2	3	0	1	3	4	6	2	4	2	2	0	2	4	1	1	3	1	2	1	1	3	1	2	1	2	6	2	3	4	6	13	14	7	5	7	3	3	4	10	4	14	44	24	31	12	23	18	3	6	2	4	5	5	4	0	2	0	1	0	1	2	0	2	5	3	0	1	2	0	3	0	0	0	0	1	1	0	1	2	0	0	1	2	0	3	2	2	2	4	0	0	0	0	0	2	0	1	3	1	3	2	4	2	5	5	3	1	1	0	2	0	1	2	1	2	0	1	1	1	2	1	0	1	2	1	3	2	4	6	5	8	3	6	0	3	10	7	13	2	6	0	1	1	2	2	5	3	2	2	2	1	1	0	1	2	1	2	0	0	4	0	0	0	0	0	1	0	1	0	0	0	1	0	0	0	0	1	0	0	1	2	0	0	1	2	0	2	1	0	0	1	1	0	1	1	3	3	1	2	1	0	0	1	1	1	0	0	0	0	0	0	1	0	0	0	1	0	1	0	0	0	0	0	0	0	0	0	0	0	0	0	0	0	0	1
0	0	0	0	0	0	0	1	0	0	1	1	0	0	0	0	0	0	1	0	0	0	0	1	2	1	0	0	1	1	1	1	1	0	1	0	0	0	0	0	0	0	0	0	0	1	0	0	0	0	1	0	2	2	0	1	2	1	0	1	2	2	1	1	2	1	2	1	0	1	1	1	1	3	1	3	0	1	0	1	1	2	0	3	1	1	2	4	0	4	3	3	2	1	3	8	5	2	2	6	2	5	2	1	5	6	0	5	6	3	2	1	0	2	0	0	0	0	0	0	1	0	0	1	0	0	1	0	1	2	1	0	0	0	1	0	1	2	1	4	1	1	1	2	1	0	3	3	1	2	0	0	0	1	1	2	1	0	1	2	1	1	1	1	1	2	1	0	3	0	2	0	0	1	1	1	0	2	0	2	2	3	2	1	0	4	5	3	5	4	1	4	0	3	1	2	3	3	1	4	2	0	0	0	0	3	2	0	0	0	1	1	0	2	1	0	5	6	6	8	10	16	9	15	16	31	41	19	28	0	182	9	9	9	10	8	7	2	1	6	2	3	3	5	5	5	6	3	1	8	2	7	10	3	6	3	1	3	5	1	5	4	1	3	3	0	1	2	1	1	0	1	0	0	1	2	4	2	5	6	4	4	7	10	8	12	12	2	7	4	4	4	5	3	8	10	11	15	8	16	7	5	1	1	1	3	5	1	0	0	0	2	0	4	1	0	1	1	3	2	1	2	0	1	3	2	1	2	2	1	1	1	2	2	3	2	1	2	4	3	3	3	5	5	1	0	0	2	1	2	1	4	2	4	2	0	2	5	2	3	3	2	1	0	1	2	0	0	2	1	0	0	0	0	0	1	3	1	0	1	0	3	2	6	13	10	12	7	6	10	10	6	13	11	2	3	4	0	4	5	3	5	8	1	1	3	1	0	1	0	4	0	2	0	0	3	0	0	0	0	0	0	0	1	1	0	0	0	0	0	1	0	0	0	0	2	1	0	1	1	0	1	0	0	0	0	0	0	1	0	2	0	0	1	0	0	0	0	0	2	0	0	0	1	0	0	2	0	0	0	2	1	0	1	1	0	1	1	0	0	0	0	0	1	0	0	1	1	0
0	0	0	0	0	0	0	0	1	0	0	0	0	0	1	0	0	0	1	0	0	1	0	0	0	0	1	0	1	0	0	0	0	1	0	0	0	0	1	0	2	0	1	0	1	1	0	2	0	2	0	0	3	3	3	1	0	0	4	2	0	3	0	1	1	0	1	0	1	1	1	1	0	3	2	1	0	3	0	0	1	0	2	0	1	1	1	3	3	3	5	1	2	3	4	2	1	5	4	5	7	2	3	1	5	5	2	6	4	2	3	0	0	3	2	0	1	1	0	0	0	1	0	0	0	0	1	1	1	3	3	3	0	0	2	2	2	1	2	2	3	5	1	0	0	3	1	1	0	1	1	3	0	0	0	0	1	0	0	0	0	0	1	3	0	0	0	1	3	2	1	0	0	1	0	2	0	0	0	3	0	2	1	0	3	2	2	2	2	8	2	5	3	2	5	1	1	2	0	2	1	4	4	2	0	0	1	0	2	2	1	1	2	0	1	3	1	3	11	7	13	12	8	13	10	17	9	18	31	182	0	19	24	10	24	12	3	5	2	6	2	4	9	6	8	7	8	3	6	5	5	2	7	5	4	3	2	4	4	6	8	2	1	3	4	1	0	0	5	2	1	0	1	1	1	2	2	3	1	4	4	0	8	5	8	11	7	2	4	3	5	1	0	2	3	10	9	12	8	18	18	3	3	1	3	3	1	2	2	1	2	1	1	2	4	2	2	4	1	2	0	1	1	0	1	2	0	0	3	0	0	2	1	3	0	0	2	1	1	5	3	4	0	1	1	1	1	1	1	1	2	3	6	3	6	1	2	11	7	7	4	4	0	1	0	4	3	0	0	0	0	1	3	0	0	2	1	1	0	1	2	2	8	8	13	15	8	12	11	8	8	15	21	16	4	2	1	3	2	5	9	7	4	3	3	4	1	2	0	2	1	1	0	0	1	1	0	0	1	0	0	0	0	0	0	0	2	1	0	0	0	0	0	1	0	0	1	1	2	1	0	0	1	1	1	0	1	1	1	0	1	1	0	0	0	0	0	0	0	0	0	0	1	0	3	2	0	0	0	0	0	0	0	1	1	0	0	0	0	0	0	0	0	0	0	0	1	1	0
0	0	0	0	0	0	0	0	0	0	0	0	0	0	0	1	1	1	0	0	1	0	0	0	0	3	0	0	0	0	0	0	0	0	0	1	1	1	0	1	1	0	0	0	2	1	1	0	0	3	0	0	0	2	1	1	1	0	0	2	0	1	2	1	0	1	0	1	0	0	0	0	3	1	1	1	1	0	0	1	1	1	1	1	2	4	1	4	2	3	2	3	2	2	2	0	1	0	2	7	3	2	3	2	5	3	3	1	1	2	1	0	2	1	3	0	0	3	0	0	1	2	0	0	2	0	1	0	0	0	1	1	3	0	0	0	0	1	1	2	2	1	1	1	1	0	0	0	0	1	0	1	1	1	0	1	0	1	0	0	0	1	1	0	0	2	0	0	1	2	0	0	0	1	0	0	1	1	1	0	0	0	5	0	1	4	3	1	2	2	2	2	4	1	2	1	5	1	0	1	0	1	2	1	1	0	2	0	1	2	0	1	2	1	1	2	2	4	7	6	5	4	3	2	2	12	12	12	14	9	19	0	185	38	12	11	3	4	5	3	6	7	7	20	28	11	19	8	2	5	12	23	9	8	10	2	5	5	7	11	3	0	1	3	5	2	1	2	3	3	1	3	1	0	5	2	2	3	3	7	11	14	17	42	32	33	14	7	10	5	8	7	6	4	10	10	3	4	5	8	5	1	1	3	0	2	3	1	4	0	2	0	1	2	1	0	1	1	2	3	0	0	0	2	1	0	0	1	0	0	0	2	0	0	1	0	0	2	1	1	1	4	1	3	0	2	1	0	2	2	1	3	4	3	1	4	7	15	3	3	4	3	2	3	0	4	0	1	1	0	1	0	2	0	0	1	0	2	1	0	2	3	5	2	4	9	23	9	4	5	6	15	21	6	1	2	5	3	4	9	5	3	5	2	1	1	0	0	1	0	0	0	0	2	0	0	1	0	0	0	0	1	0	0	0	0	0	0	0	0	0	0	0	0	0	0	0	0	1	0	0	0	0	1	2	0	0	0	0	0	0	2	0	1	1	0	0	0	0	1	0	0	0	0	1	0	0	0	0	0	0	0	0	1	0	0	0	0	0	0	0	0	0	0	0	1	0	0	0
0	0	0	0	0	0	0	1	0	0	0	0	0	0	1	0	0	0	1	2	0	0	0	2	0	0	0	1	0	2	0	0	0	0	1	0	0	0	0	1	0	0	0	0	1	0	1	1	0	1	0	0	1	2	1	1	1	0	3	1	1	0	0	0	1	0	0	1	0	0	0	0	3	1	2	3	0	0	0	0	1	0	2	1	2	0	1	4	2	3	2	1	0	2	1	2	1	1	0	3	2	7	2	5	3	2	3	0	1	1	1	1	0	1	0	0	2	2	1	0	1	1	1	2	0	1	0	0	2	1	0	0	1	0	0	1	1	0	3	0	1	1	0	2	1	1	2	0	2	0	0	1	0	1	0	0	2	1	0	1	1	0	0	2	0	0	0	0	2	0	0	0	1	1	1	1	0	0	0	1	2	0	1	0	0	0	2	1	1	1	0	1	1	7	1	3	0	1	2	1	2	0	0	1	2	1	2	0	1	2	2	1	1	0	2	1	1	3	8	8	3	1	7	5	10	12	11	10	14	9	24	185	0	62	20	11	6	8	6	4	1	4	13	12	30	7	11	6	2	2	12	24	10	9	8	5	4	0	9	11	3	2	1	4	4	4	1	0	3	3	2	2	2	2	5	3	6	6	5	10	9	10	24	19	15	13	3	8	10	4	3	1	4	4	8	3	3	2	1	6	5	4	2	1	3	7	3	2	1	0	1	0	1	2	0	0	0	0	1	0	1	0	1	1	1	0	0	4	0	0	0	3	2	0	0	1	1	1	6	6	5	2	1	2	2	3	1	2	2	3	3	0	5	3	4	4	7	11	4	2	5	1	2	2	3	0	0	0	1	3	1	0	0	0	2	0	3	0	5	3	2	2	3	9	12	19	49	19	6	7	9	19	16	12	12	4	4	3	11	14	11	7	5	4	0	1	4	1	0	1	0	3	2	0	2	0	0	0	0	0	0	1	1	0	0	0	0	0	0	1	1	1	0	0	0	0	0	0	1	0	0	0	0	0	0	0	1	1	1	0	0	1	0	0	0	0	0	0	0	0	0	0	1	0	1	1	0	1	0	2	0	0	0	0	0	0	0	0	0	1	0	0	0	0	0	0	0	2	1
0	0	0	0	0	0	0	0	0	2	0	0	1	0	0	1	3	1	0	0	1	0	0	0	0	0	0	0	0	1	0	1	0	1	0	0	0	1	0	0	0	0	0	0	0	0	0	1	0	1	1	0	0	0	0	0	1	0	0	1	0	0	0	0	0	1	0	0	0	0	0	0	0	0	1	3	0	0	1	1	0	0	0	0	0	1	1	2	5	4	4	0	0	1	0	1	3	1	3	3	1	1	0	2	7	4	4	5	2	1	2	0	0	3	0	1	0	1	0	0	0	1	0	0	0	0	1	0	1	1	1	0	1	0	0	2	3	0	1	1	2	0	1	0	1	1	0	0	3	1	0	0	0	0	0	0	0	1	2	0	1	1	0	1	2	0	0	0	0	1	0	0	0	2	0	1	0	0	1	1	0	2	2	0	0	2	0	4	5	0	2	1	4	5	1	0	1	3	1	0	0	3	3	0	3	3	0	2	0	0	1	0	0	2	0	1	2	4	3	6	5	4	2	4	4	2	4	8	9	9	10	38	62	0	53	35	17	4	10	4	7	14	24	22	31	5	7	10	3	4	13	11	3	6	5	2	0	2	4	3	6	1	0	3	3	0	1	0	2	3	2	6	2	6	2	8	6	12	7	14	19	15	21	12	11	6	6	4	2	3	1	2	4	0	1	5	1	6	5	6	11	3	4	2	1	1	3	2	2	0	1	1	2	2	0	3	2	2	3	3	1	0	1	1	0	0	0	2	0	2	2	0	2	0	1	0	4	2	0	0	2	1	0	3	2	2	3	1	3	0	2	3	8	13	3	10	26	121	13	3	1	3	2	3	1	2	1	1	1	0	0	1	1	0	3	1	0	0	1	2	4	5	4	9	15	12	17	4	4	4	9	7	4	8	2	0	5	5	7	7	12	15	9	6	2	2	2	1	2	2	3	0	0	0	1	0	1	0	0	0	1	1	0	0	0	0	1	0	0	0	0	1	0	1	0	1	1	2	1	0	0	0	0	0	0	1	0	2	4	0	0	1	1	0	1	1	0	0	0	0	0	0	0	0	0	0	1	1	0	1	0	0	2	0	0	0	0	1	1	0	0	0	0	0	0	1	0	0	1
0	0	0	0	0	0	0	0	0	0	1	2	2	0	1	0	0	1	0	0	0	0	0	0	0	1	1	0	0	0	0	0	0	1	0	0	0	1	0	0	0	0	0	2	0	0	0	0	1	0	0	1	1	2	0	1	1	0	1	1	0	0	1	0	1	0	1	0	2	0	1	0	0	4	0	3	0	1	1	2	0	1	1	0	0	0	1	1	5	4	0	3	1	1	1	1	2	0	1	1	2	1	4	3	3	2	1	2	2	3	0	0	1	2	0	0	1	1	0	1	1	1	3	2	0	0	0	1	0	2	0	0	0	1	1	2	2	3	4	2	1	4	1	2	1	2	2	0	0	1	0	2	0	1	0	0	0	0	0	0	0	0	1	0	0	2	0	2	2	0	1	1	0	0	1	1	0	0	0	1	1	2	3	1	2	2	2	2	4	3	5	3	2	5	5	2	0	2	2	2	0	1	1	1	2	1	0	0	1	0	0	0	1	1	1	2	5	0	3	4	8	1	4	3	4	5	7	5	10	10	24	12	20	53	0	87	23	10	4	3	8	11	10	13	29	5	6	8	5	17	10	5	4	1	3	1	3	2	5	1	2	1	1	0	3	1	0	4	1	1	1	2	2	1	2	0	4	11	5	4	11	5	10	5	7	9	9	3	2	3	2	1	3	1	1	4	6	3	9	9	17	4	6	1	3	4	4	1	0	3	2	0	1	2	1	3	3	3	4	2	1	2	0	0	3	0	0	1	1	2	0	4	2	2	3	1	1	3	0	1	3	3	2	2	2	2	2	2	1	2	1	4	7	11	6	5	9	33	12	8	7	8	1	1	1	1	3	1	1	1	1	2	1	0	1	0	3	1	9	2	5	17	15	9	18	8	11	5	1	3	3	2	9	6	4	1	2	3	6	6	5	7	12	6	5	2	7	3	1	4	2	2	1	1	0	1	0	0	0	0	0	0	0	1	2	0	0	0	0	0	0	0	0	0	0	0	0	1	0	0	0	0	0	0	1	0	0	0	1	1	0	0	0	0	0	0	0	0	1	1	0	0	0	1	0	0	1	0	0	1	1	0	0	1	0	2	0	0	1	0	2	0	0	0	0	0	1	1	1
0	0	0	0	0	0	0	1	0	2	0	1	0	0	0	0	0	1	1	0	0	0	1	1	3	0	0	0	0	1	0	1	0	0	0	0	0	0	0	0	1	0	0	0	0	0	0	0	0	0	1	0	1	0	1	1	1	0	0	0	2	0	1	0	1	0	0	1	0	1	1	0	2	1	2	1	3	0	1	0	0	0	0	1	1	0	1	1	2	1	5	0	1	0	0	0	0	0	2	3	3	1	1	1	1	2	0	1	1	3	0	0	2	1	0	0	2	1	0	0	0	2	3	1	1	2	1	2	2	0	1	1	0	1	0	2	2	3	3	3	2	4	0	0	2	1	0	3	1	0	1	0	1	1	1	0	2	1	2	0	0	2	0	1	0	1	1	0	1	1	0	0	0	0	1	1	2	1	0	0	0	1	3	1	0	1	6	0	2	3	1	3	2	6	3	3	3	1	0	1	1	1	3	0	0	0	3	1	0	1	1	0	1	1	2	1	2	4	4	10	8	6	4	5	3	2	5	2	6	8	12	11	11	35	87	0	53	14	7	12	17	6	20	13	16	8	8	5	4	7	9	5	1	1	6	2	0	0	2	2	3	0	3	3	2	1	3	0	3	5	2	1	2	6	2	2	3	9	5	8	8	6	7	5	9	2	2	1	3	3	1	0	1	1	5	5	3	4	5	6	8	10	3	4	2	1	4	3	1	0	1	0	0	3	1	2	4	3	1	1	3	2	1	1	0	2	0	1	1	1	3	2	0	3	1	1	2	0	2	3	3	2	2	4	0	1	1	1	6	0	7	3	13	9	11	12	27	59	36	19	7	3	2	2	6	5	2	2	1	1	1	0	0	1	2	1	4	3	2	6	7	12	16	10	23	12	7	4	3	8	3	5	4	7	2	0	1	2	4	5	13	9	14	9	1	5	6	3	5	2	3	1	1	0	0	0	0	1	0	0	1	2	0	2	1	0	0	0	0	0	0	0	0	0	0	2	0	0	0	2	1	1	2	1	1	0	2	1	1	0	1	0	0	3	0	0	0	0	0	0	0	1	1	0	1	0	0	0	0	0	2	1	0	2	2	0	0	0	1	1	0	0	0	0	0	1	2	1	0
0	0	0	0	0	0	0	0	0	0	0	1	0	0	1	0	2	0	0	1	0	0	0	0	1	0	1	0	1	0	0	0	0	0	0	1	1	0	0	1	1	1	0	2	0	0	0	1	0	0	0	0	0	2	0	0	0	1	0	0	0	1	1	3	1	1	0	2	1	1	1	1	2	2	6	0	0	0	1	0	1	0	3	1	1	0	1	0	0	0	0	3	1	2	2	2	4	2	3	4	3	1	2	0	0	0	0	3	0	1	1	1	0	1	2	0	1	0	0	1	0	0	0	1	0	1	1	3	0	1	1	1	1	2	2	1	3	3	2	5	4	2	5	4	1	2	1	1	0	1	0	1	1	1	0	0	0	0	0	0	0	0	0	1	1	1	0	2	1	1	1	2	0	0	1	0	2	3	1	1	0	1	1	3	2	2	1	2	2	3	1	4	5	4	2	1	0	1	1	1	1	1	0	0	0	0	0	2	0	0	2	2	0	1	0	3	3	5	6	6	4	2	2	1	3	2	2	3	2	7	3	3	6	17	23	53	0	19	13	24	23	22	10	11	10	2	5	6	9	10	16	1	1	4	0	2	2	1	3	0	1	0	0	2	1	2	0	2	0	0	1	1	0	0	4	1	7	4	9	4	4	1	6	2	3	1	2	1	2	0	3	5	2	1	2	2	1	1	2	6	18	7	5	8	4	5	7	1	3	2	1	1	4	6	5	5	9	6	12	4	2	1	1	0	4	0	1	2	3	1	2	5	3	4	1	1	1	1	2	1	1	2	0	0	1	2	1	1	1	3	4	7	15	16	16	12	20	23	62	33	16	16	6	9	2	2	1	2	1	3	2	0	1	2	0	1	3	2	8	5	12	15	7	4	9	6	5	7	2	1	0	1	6	2	2	2	2	3	1	5	6	9	13	5	3	5	2	1	2	2	1	5	1	3	2	0	1	0	0	1	3	0	0	1	1	0	1	0	1	0	0	0	0	1	1	1	0	0	2	0	0	1	0	0	0	1	1	1	0	0	1	1	1	0	1	1	0	0	0	0	1	0	0	0	2	0	1	0	0	1	0	1	0	0	0	1	0	0	0	0	1	1	0	0	0	0	0	0	2
0	0	0	0	0	0	0	0	1	0	0	1	0	0	0	0	0	0	1	2	0	0	1	1	1	0	0	0	0	2	0	0	0	0	0	1	0	1	0	1	0	0	0	2	2	0	0	1	1	1	0	0	1	0	1	2	1	2	2	0	0	1	3	2	1	1	1	2	0	0	1	1	0	3	4	3	3	1	0	0	2	3	2	4	1	2	1	0	1	1	1	3	1	0	1	0	0	0	1	0	2	3	1	2	3	2	1	0	1	1	2	4	0	1	1	3	1	1	0	1	1	1	1	0	4	2	3	1	0	0	2	0	2	1	2	1	1	2	0	2	3	6	3	6	1	1	2	2	1	1	0	2	0	0	0	1	2	0	0	1	0	0	1	2	2	0	0	0	0	0	1	0	0	0	0	0	1	0	0	1	0	1	2	3	1	0	2	0	2	1	2	3	2	5	6	1	0	1	1	0	3	0	3	0	1	0	2	0	1	0	0	1	1	2	0	1	1	6	3	3	3	0	1	1	3	1	2	1	3	2	5	4	8	4	10	14	19	0	226	140	23	57	18	11	10	10	7	15	10	9	27	4	1	2	0	1	1	1	1	1	1	2	0	1	1	2	1	0	1	1	2	1	1	2	4	4	1	4	2	2	9	5	3	1	5	1	4	4	3	0	2	2	0	4	5	5	2	1	2	6	6	10	5	11	4	9	8	4	0	3	3	1	2	5	3	3	4	7	4	4	3	0	1	0	5	2	0	1	0	2	1	1	0	0	1	0	1	2	2	2	0	1	0	1	1	1	0	1	3	2	1	1	2	3	11	17	9	6	6	8	5	5	2	6	3	4	1	4	2	1	2	3	0	1	1	1	1	3	4	4	6	5	3	2	7	2	1	3	2	1	1	1	0	4	3	0	0	0	4	1	5	3	3	2	2	1	3	1	3	0	4	0	1	1	1	0	0	0	0	1	0	1	0	0	0	0	0	0	0	0	0	1	1	1	1	0	1	2	2	1	0	1	0	0	0	1	1	0	0	3	0	2	1	0	0	0	1	0	1	0	0	0	0	1	1	0	0	1	1	0	0	0	0	0	0	1	0	0	0	0	0	1	0	0	0	0	0	0	0
0	0	0	0	0	0	0	1	0	0	0	2	0	0	1	1	0	2	0	1	1	1	0	0	0	0	0	0	1	1	2	0	0	0	1	0	0	0	1	1	1	0	0	0	0	0	1	1	0	3	2	0	1	1	0	1	0	0	1	0	0	0	0	0	0	2	0	0	0	1	1	0	0	2	6	4	0	1	0	1	2	0	2	1	3	1	1	1	4	3	1	2	0	1	0	1	2	1	0	3	1	1	1	0	2	1	0	1	2	1	4	4	4	1	0	4	2	0	1	0	1	1	1	2	0	1	1	1	0	4	1	2	1	0	1	4	0	0	2	2	0	2	3	3	0	1	1	2	0	1	1	0	0	1	0	0	0	0	0	0	0	0	0	0	0	1	1	1	1	0	1	0	1	0	1	0	0	0	0	1	1	0	3	2	0	1	4	3	2	2	3	4	3	10	1	5	0	3	1	0	0	0	2	3	1	2	0	0	0	0	0	1	1	0	0	4	4	2	4	3	1	1	2	2	1	2	2	4	2	1	2	5	6	10	4	7	13	226	0	44	17	39	24	24	12	17	12	11	15	14	20	4	2	2	0	0	3	2	0	1	2	2	1	0	1	0	0	0	1	1	0	2	0	0	1	3	5	2	6	2	2	1	5	2	3	6	3	4	2	1	4	4	3	4	3	2	0	1	3	2	4	6	7	4	3	8	14	4	1	3	2	3	3	5	5	2	1	4	7	2	0	1	1	2	0	0	0	2	1	1	1	1	0	3	0	0	1	1	0	1	0	2	1	1	3	0	1	1	1	0	1	1	5	6	5	17	15	9	3	9	2	6	0	3	2	2	2	2	1	1	2	2	0	2	0	3	2	2	3	5	1	2	7	2	4	7	4	2	2	0	1	2	1	3	1	2	0	1	4	1	1	2	6	1	1	1	2	0	2	2	1	0	0	1	0	0	0	0	0	0	2	1	0	0	0	0	2	0	0	0	0	0	0	1	2	1	0	0	0	0	1	0	0	2	0	1	1	1	0	2	1	1	0	0	0	0	0	0	0	0	0	0	0	0	1	0	2	0	2	0	0	0	2	0	0	0	0	0	0	0	0	1	0	0	0	0	0	2	0
0	0	0	0	0	0	0	1	0	1	1	1	0	0	0	0	0	0	0	0	0	0	1	1	0	0	1	0	1	0	1	0	2	1	1	1	0	0	0	0	0	2	0	0	1	0	3	1	0	2	1	1	1	1	1	1	0	0	1	1	0	1	0	0	0	1	0	0	1	0	0	2	0	0	5	3	1	2	2	1	2	0	2	1	2	2	1	1	4	2	0	0	4	1	0	0	3	0	1	3	2	0	2	1	0	2	0	5	3	1	1	0	2	3	0	0	0	0	0	0	1	0	0	0	0	2	3	0	0	1	1	1	2	2	0	2	2	2	4	2	2	3	5	3	4	0	1	4	1	1	0	0	1	0	2	1	0	0	0	0	0	2	0	1	3	0	0	2	2	0	0	0	0	1	0	1	1	0	0	0	3	2	3	2	0	3	1	1	2	0	3	2	6	3	5	5	0	2	1	1	2	0	1	0	1	0	0	1	1	0	1	0	0	0	2	2	4	5	7	2	4	1	2	4	2	0	1	4	7	6	6	3	4	4	3	12	24	140	44	0	91	34	11	9	10	7	4	16	13	21	17	4	0	4	0	0	0	0	2	1	1	0	0	2	1	1	0	1	0	3	2	3	0	0	4	2	6	4	2	6	2	3	4	2	2	3	5	2	1	1	3	1	3	1	3	4	2	5	2	5	14	14	10	10	19	1	8	8	2	8	4	0	3	7	4	2	3	6	7	5	1	2	1	2	2	2	1	1	0	1	2	1	2	0	0	2	0	1	0	2	0	1	0	2	4	0	0	1	0	3	4	6	5	6	9	14	14	6	8	28	13	9	2	3	6	6	4	4	0	1	0	0	0	1	1	2	4	2	6	3	7	4	5	6	7	3	2	0	0	0	3	2	3	0	1	0	0	2	4	1	1	1	2	3	4	1	3	3	4	1	1	2	0	0	0	0	0	2	0	1	0	0	1	0	1	0	0	0	0	2	0	0	0	0	0	2	2	2	1	0	1	2	2	1	0	1	2	0	0	0	1	0	1	2	0	1	1	0	0	0	1	0	0	0	0	2	0	1	0	0	0	2	1	1	0	0	1	0	0	0	0	0	0	0	0	1	1	0	1
0	0	0	0	0	0	0	0	0	2	0	0	0	0	0	0	2	1	0	0	1	0	1	0	0	0	0	0	0	0	0	0	0	0	0	0	0	0	0	0	0	0	0	2	0	0	0	0	0	0	0	1	1	2	2	1	3	0	0	2	1	0	0	1	0	0	0	0	3	0	2	1	0	0	4	1	0	0	1	1	2	1	0	2	2	0	2	0	2	1	4	1	2	0	0	3	0	1	1	2	3	1	0	1	1	1	1	2	0	0	0	2	1	1	0	0	1	1	0	1	0	1	1	2	1	0	3	2	0	2	5	0	2	2	0	3	3	1	1	1	3	6	4	1	0	2	1	3	1	1	1	1	1	2	0	1	2	0	0	0	0	0	2	0	1	0	0	1	1	0	0	0	1	1	0	0	0	1	1	1	2	0	1	1	3	3	0	1	4	1	2	1	1	7	5	4	3	0	1	1	0	0	1	0	2	2	0	0	0	0	1	0	0	1	1	0	3	3	7	10	2	1	2	2	3	2	1	2	1	2	2	6	1	7	8	17	23	23	17	91	0	21	6	3	2	3	6	7	6	17	8	6	0	2	1	0	1	1	0	2	1	1	1	1	1	0	0	1	1	1	1	1	1	1	2	3	2	3	7	2	1	1	1	5	6	2	0	0	3	2	3	2	3	6	3	6	1	1	2	0	10	4	17	9	13	9	9	7	5	1	2	4	0	8	6	0	8	6	10	6	3	0	0	1	1	1	0	3	1	0	1	0	2	0	1	0	2	0	1	2	1	1	2	2	1	0	0	1	1	4	1	3	6	8	8	17	12	7	16	40	23	21	8	4	7	11	5	6	3	1	1	2	1	2	1	6	4	5	10	4	10	12	1	2	2	1	2	0	1	0	0	1	1	0	0	4	1	0	3	2	2	4	2	1	4	4	2	2	2	0	3	2	0	2	1	0	0	0	2	0	1	0	1	1	0	0	0	0	1	0	0	0	0	0	1	0	1	0	1	0	2	0	0	0	3	1	1	0	2	0	3	1	2	0	0	0	0	0	0	1	0	0	1	0	0	2	0	1	1	2	0	2	0	0	1	0	0	0	1	0	2	0	0	2	0	0	0	0	2
0	0	0	0	0	0	0	0	0	1	1	0	0	0	0	1	0	0	0	1	1	0	1	0	0	1	0	0	0	0	1	1	0	0	0	0	0	1	0	0	0	1	0	0	0	0	0	0	1	0	2	0	0	1	1	1	0	0	0	1	0	0	0	0	2	0	3	1	1	2	0	0	1	2	4	0	0	1	0	1	1	0	0	2	0	1	1	3	2	1	1	1	1	1	2	1	4	1	2	2	1	3	2	3	0	0	1	2	0	3	1	1	3	1	1	0	1	2	0	1	0	1	0	1	1	1	0	2	1	3	2	0	0	0	2	0	3	5	4	2	3	4	1	4	2	0	2	0	0	0	2	1	1	0	0	1	1	0	2	0	0	0	0	0	0	0	0	0	2	0	0	1	0	0	0	1	1	0	1	0	1	2	2	0	1	0	1	3	1	2	0	3	9	8	1	2	0	3	0	3	0	1	0	1	1	0	0	1	0	0	0	0	0	0	2	3	1	2	4	4	3	1	2	1	0	2	3	6	1	3	4	7	4	14	11	6	22	57	39	34	21	0	46	17	17	5	2	6	8	8	18	4	2	2	2	0	4	2	1	4	2	0	0	3	1	3	1	2	2	4	0	3	3	0	3	5	1	13	4	4	8	7	11	7	2	1	4	5	2	2	0	4	5	0	5	5	3	2	4	3	6	5	6	5	3	3	11	2	2	2	0	2	0	5	3	1	1	3	5	1	2	1	0	2	1	2	0	0	1	1	1	2	1	1	2	1	0	0	0	4	2	0	0	0	2	3	1	0	0	2	4	6	14	7	22	30	59	17	13	20	8	5	2	4	4	5	1	1	1	0	2	3	2	1	0	0	2	3	0	2	4	2	6	6	4	3	5	6	3	2	3	1	0	0	1	1	2	2	3	0	2	5	8	5	2	3	0	2	1	0	2	0	0	3	4	0	0	1	1	0	0	1	1	0	0	0	0	0	0	0	0	1	0	1	0	0	0	1	1	0	1	0	0	0	2	0	1	0	1	0	0	0	1	0	2	0	1	0	0	1	1	0	0	0	1	0	1	0	3	0	0	0	0	1	0	0	0	0	0	0	0	0	0	0	0	1	1	0	2
0	0	0	0	0	0	0	0	1	0	0	0	0	0	0	1	0	0	0	0	0	0	2	1	1	0	0	0	0	0	1	0	0	0	0	0	0	0	0	0	0	1	0	1	0	1	2	0	1	0	1	0	0	1	0	0	0	0	0	0	1	2	2	1	1	0	1	0	0	0	0	1	0	1	2	1	0	1	0	1	0	2	0	2	0	2	2	1	2	3	1	3	2	1	1	2	1	1	0	2	1	5	3	1	1	3	1	2	1	2	2	1	3	1	0	1	3	1	0	1	2	1	0	0	0	3	2	1	0	2	0	1	0	0	1	0	0	0	3	1	1	1	5	4	1	1	4	0	2	1	2	0	0	0	1	2	0	0	0	0	1	1	0	0	1	0	0	0	0	0	0	0	0	1	0	0	0	0	0	1	0	0	1	1	1	1	3	3	1	2	2	4	4	4	4	5	1	1	2	3	1	0	1	4	1	1	4	1	2	0	0	0	0	0	2	0	1	1	3	6	1	0	2	1	1	7	3	1	3	3	9	7	13	24	10	20	10	18	24	11	6	46	0	172	48	12	19	9	10	7	18	6	2	3	2	1	2	1	4	2	1	1	0	2	2	1	0	3	1	1	2	2	4	0	2	7	3	14	4	11	14	10	24	17	10	7	2	5	6	6	2	2	4	3	6	3	1	2	2	4	9	0	4	3	5	2	7	2	4	1	1	0	0	3	2	1	1	1	3	0	0	2	1	1	0	2	0	1	0	1	0	4	0	1	2	0	1	0	1	0	2	1	1	3	1	3	2	1	2	1	4	4	5	4	8	16	35	31	7	3	2	2	1	6	1	1	1	3	0	1	1	0	0	0	1	3	2	2	1	1	2	0	7	1	2	7	4	3	1	0	2	2	2	1	2	1	2	3	4	3	1	2	7	2	2	3	3	0	1	2	0	0	0	1	0	0	0	1	1	0	0	0	1	0	0	2	1	0	0	0	0	0	0	1	0	1	0	0	0	0	0	1	0	0	1	0	0	0	1	1	1	0	0	1	0	0	0	1	0	0	0	0	0	1	0	0	1	0	0	1	1	0	0	1	0	0	0	0	0	0	0	0	0	1	0	0	0	0	0
0	0	0	0	0	0	0	1	0	0	0	1	0	0	1	0	0	2	0	1	0	1	1	0	0	0	1	0	1	1	1	1	0	0	0	0	0	0	0	0	1	0	0	0	0	1	0	0	0	2	1	0	1	3	0	0	1	1	0	0	0	0	0	4	0	1	1	0	1	2	0	0	2	0	5	0	0	1	2	3	1	0	1	0	2	1	2	3	3	3	1	1	0	2	0	1	0	1	1	2	1	2	3	1	2	1	1	2	2	0	1	2	1	2	1	1	0	1	0	2	0	1	0	0	0	1	1	0	1	2	2	0	1	0	0	0	3	0	1	0	1	1	4	2	1	0	0	2	0	1	1	0	1	1	0	1	0	0	1	0	0	0	0	1	0	0	2	0	0	1	0	0	0	0	0	1	0	0	1	0	1	1	2	2	2	3	1	2	2	3	2	2	6	10	2	3	1	0	1	2	1	1	1	1	0	0	1	0	2	2	0	0	1	1	0	0	1	0	4	3	3	2	0	2	1	4	6	5	2	5	6	20	12	22	13	13	11	11	24	9	3	17	172	0	80	23	16	6	9	9	22	10	4	4	3	1	3	2	1	0	6	1	4	4	2	1	1	0	2	1	2	4	2	2	1	0	2	12	6	5	7	7	20	11	15	10	2	14	8	3	4	5	1	2	7	5	0	2	1	5	5	4	2	5	2	1	8	2	0	2	3	2	4	2	3	0	3	4	2	2	2	0	0	1	1	0	1	1	2	1	0	2	2	4	1	0	0	0	0	1	0	2	1	1	0	0	0	4	1	1	1	3	3	3	6	5	23	12	7	4	1	2	2	1	0	1	1	0	3	0	2	0	1	1	0	0	1	3	2	2	4	2	3	3	1	5	0	1	2	1	2	6	3	1	3	2	1	3	5	6	4	2	3	2	2	0	1	0	1	2	1	0	1	3	1	0	0	0	0	0	0	1	0	0	1	0	0	0	0	0	0	1	0	0	1	0	1	0	0	1	0	0	0	0	1	0	1	1	1	2	0	0	0	1	0	0	1	2	0	0	1	2	0	1	0	0	1	0	0	1	0	0	0	0	0	0	0	0	0	2	0	2	1	0	0	0	1	0	1
0	0	0	0	0	0	0	1	0	0	0	0	0	1	0	0	0	0	0	0	0	0	0	0	0	0	0	0	1	0	0	0	0	0	0	1	2	0	0	0	0	0	1	0	1	0	0	0	0	2	0	2	0	0	0	3	1	1	1	1	3	0	0	1	1	1	1	0	1	1	0	1	0	3	3	0	0	1	0	2	0	2	1	1	2	1	2	2	5	1	2	0	1	2	0	1	1	0	1	4	3	1	4	3	4	5	2	2	1	4	0	0	0	1	2	2	1	1	1	0	0	1	2	0	1	0	1	0	0	1	1	2	1	2	0	1	2	0	1	1	1	4	1	5	1	2	1	2	2	1	2	0	0	0	0	0	0	0	0	1	1	1	0	1	1	1	1	1	1	2	1	2	0	0	2	0	1	1	0	1	1	1	0	0	2	1	0	1	3	3	2	5	6	7	5	4	1	0	1	1	2	0	0	1	3	1	1	0	3	1	1	1	0	4	0	2	2	2	2	4	1	2	3	6	4	1	0	5	8	5	8	28	30	31	29	16	10	10	12	10	2	17	48	80	0	17	36	11	14	7	38	4	2	7	3	1	2	4	4	4	3	0	1	1	3	2	3	4	1	2	3	2	1	1	1	0	3	6	3	9	7	11	21	11	19	7	8	12	2	2	4	5	4	6	4	5	6	7	3	5	15	7	1	4	3	8	5	4	2	2	1	1	0	2	0	0	2	4	5	3	1	2	1	2	0	0	2	1	1	2	0	0	0	2	0	1	0	0	1	0	1	2	2	0	0	1	2	3	2	2	2	4	3	7	6	6	5	22	12	2	1	2	1	4	3	2	1	0	2	0	0	1	1	0	3	0	1	0	1	1	2	3	5	3	7	5	3	3	2	1	2	6	6	4	1	0	5	1	4	9	3	8	9	3	6	2	1	1	0	1	2	1	0	0	0	0	1	0	0	1	1	0	0	0	1	0	0	1	0	0	0	0	0	0	0	0	0	0	3	1	0	1	0	1	0	0	3	0	1	0	1	0	0	0	0	0	0	0	0	0	0	0	0	0	0	0	0	2	0	0	1	0	0	2	0	1	1	0	0	0	1	0	0	0	1	0	0	1	0
0	0	0	0	0	0	0	0	0	1	1	0	0	0	0	0	0	0	1	0	0	0	1	0	1	1	0	0	1	0	0	0	0	0	0	0	2	1	0	1	0	1	1	0	0	0	0	1	0	2	0	1	2	2	1	1	1	2	1	1	0	2	0	0	0	1	1	2	2	0	1	0	1	2	3	1	1	1	0	2	1	5	3	0	9	5	1	5	10	7	2	1	2	3	1	1	1	3	2	1	7	0	3	1	0	3	2	2	2	6	3	3	0	0	2	2	0	0	4	0	2	1	1	2	0	2	1	1	1	0	1	3	1	2	0	0	1	1	7	3	1	0	3	3	1	0	0	0	1	1	1	0	0	0	0	0	0	0	1	0	0	1	0	0	1	0	0	0	1	1	0	1	0	0	0	0	0	1	2	1	1	2	1	1	2	3	1	2	2	3	3	4	19	12	3	7	4	1	3	4	2	1	2	0	1	2	2	1	0	1	1	1	2	0	3	1	4	2	3	2	2	1	2	4	0	3	4	11	9	5	7	11	7	5	5	8	2	10	17	7	3	5	12	23	17	0	51	29	11	6	14	4	5	6	5	1	1	2	1	1	2	2	1	1	2	0	0	1	3	1	0	0	0	0	0	1	1	4	4	2	3	5	4	7	22	12	14	21	8	8	6	6	7	9	8	8	5	5	2	1	6	7	4	2	3	13	4	2	2	1	2	1	3	2	3	0	0	4	0	0	1	0	0	0	0	0	0	1	0	0	0	3	1	1	1	0	0	0	1	1	1	0	0	1	1	1	0	0	1	0	1	1	2	1	2	1	8	3	4	1	3	6	1	3	1	0	0	0	1	0	0	0	1	0	1	4	2	5	0	0	0	1	1	3	4	3	5	5	1	3	5	4	4	3	0	0	0	2	2	4	3	0	2	0	2	0	2	2	1	0	0	0	1	0	2	0	1	0	1	0	0	0	0	0	0	0	0	0	0	1	0	0	0	0	0	1	2	1	0	0	0	0	0	1	0	0	0	1	0	1	0	0	1	0	0	0	0	0	1	0	0	0	1	0	2	0	1	1	0	0	1	1	0	2	0	0	0	2	1	0	0	0	0	0	0	0	0	0	0
0	0	0	0	0	0	0	0	0	0	2	0	0	0	1	0	0	0	0	0	0	0	0	1	0	0	1	0	0	0	0	0	0	2	1	0	1	0	0	0	0	0	0	0	2	2	1	1	2	0	1	0	1	0	1	1	1	1	1	0	0	1	0	0	0	0	1	1	1	0	0	2	1	5	3	1	3	2	0	0	1	0	1	1	1	4	2	2	7	14	8	1	1	1	1	2	0	1	3	2	2	3	7	6	5	4	3	8	3	3	2	0	1	3	3	2	1	2	1	0	0	3	1	1	0	1	3	1	2	0	1	0	2	1	2	1	1	1	2	0	1	2	1	2	5	3	3	0	1	0	0	1	1	1	0	0	0	0	0	1	1	1	0	1	1	0	0	1	1	1	1	0	2	0	0	0	0	2	2	0	0	1	0	1	0	0	2	2	8	4	6	6	13	12	8	8	8	3	1	2	1	0	3	1	2	0	0	1	0	0	0	4	2	0	2	6	4	1	4	0	3	1	2	1	2	6	9	14	20	6	8	19	11	7	6	8	5	7	12	4	6	2	19	16	36	51	0	36	13	14	32	7	2	0	1	3	5	2	4	0	3	0	1	1	2	0	4	0	1	1	1	0	2	2	1	3	2	2	1	4	2	4	8	11	44	20	15	19	14	5	15	7	7	9	14	11	6	6	3	6	6	5	1	2	5	9	9	3	2	3	1	1	0	1	2	1	1	5	4	1	1	2	0	1	1	0	0	1	1	1	0	2	1	2	2	1	1	0	0	0	3	1	0	3	0	2	2	0	1	0	1	2	5	3	3	4	8	4	4	8	3	4	0	3	2	1	2	0	0	2	0	1	0	0	0	1	2	3	0	1	1	3	2	4	3	5	8	5	1	1	6	5	4	4	1	3	2	2	2	1	4	1	0	3	2	0	2	1	0	0	0	3	0	0	1	0	0	0	1	2	0	1	1	1	0	0	1	0	1	0	0	0	0	0	0	0	1	1	0	0	0	0	0	0	0	0	0	0	0	0	1	1	0	0	0	0	2	1	0	0	0	1	0	0	0	0	0	0	0	2	0	1	0	0	0	0	0	0	0	0	1	1	0	0	0	0	1	0	0
0	0	0	0	0	0	0	0	0	0	1	2	2	0	0	0	1	0	0	0	0	1	0	0	0	0	0	1	1	0	0	1	0	0	1	1	0	1	0	0	0	0	0	0	0	2	1	1	0	2	1	2	2	4	1	3	1	2	1	0	4	0	0	1	0	2	2	1	1	0	0	1	0	4	5	3	1	2	0	2	3	2	0	1	4	3	8	4	13	21	2	1	2	2	1	2	0	0	5	4	7	2	0	3	6	5	1	4	5	2	4	2	0	5	1	2	0	2	1	0	0	3	1	0	0	0	1	0	4	1	3	2	2	1	3	1	0	6	2	1	5	6	5	2	3	3	1	2	1	2	0	1	0	3	2	1	1	1	1	1	1	0	1	3	1	0	0	3	2	3	0	0	1	1	0	0	2	3	1	3	1	2	5	2	2	8	4	3	3	6	14	6	12	28	13	16	9	3	7	1	5	4	0	1	3	1	1	0	5	1	0	2	1	3	2	2	3	6	8	6	0	4	6	0	3	1	2	6	10	3	3	8	6	10	8	5	6	15	11	16	7	6	9	6	11	29	36	0	90	49	37	6	4	2	1	2	1	1	5	2	4	1	1	1	0	5	0	0	1	0	1	0	1	1	1	0	0	2	1	2	7	2	5	5	11	8	10	9	4	2	9	5	8	16	14	9	10	3	8	6	9	9	6	4	5	13	18	4	3	3	1	0	2	5	0	2	1	2	2	3	1	0	0	1	1	1	0	0	1	0	1	4	3	1	1	0	1	1	1	0	1	1	2	2	1	1	0	2	2	0	2	1	1	4	2	3	5	4	4	8	6	3	1	0	1	2	2	0	1	0	1	1	0	0	2	2	3	1	0	0	1	3	3	0	4	1	1	3	1	1	3	3	2	1	1	3	1	1	2	3	0	3	3	2	3	1	1	1	2	1	0	1	0	3	0	1	0	1	0	1	0	0	0	1	0	0	1	0	0	2	0	0	0	0	0	1	1	2	0	1	0	1	0	1	1	0	0	1	0	1	0	1	0	0	0	1	1	1	0	0	0	0	0	0	1	0	1	1	4	0	1	0	0	0	0	0	0	0	0	0	0	1	0	0	1	0	0	0	0
0	0	0	0	0	0	0	0	1	0	0	0	0	0	1	0	0	2	1	1	0	0	0	0	0	2	0	0	0	0	2	0	2	0	0	0	3	0	2	0	1	0	0	0	1	0	1	1	1	0	0	1	4	2	2	0	0	0	0	0	3	1	2	0	1	0	3	1	0	1	1	1	0	4	13	7	3	0	1	4	0	4	1	5	4	8	4	2	9	14	7	2	1	1	2	1	1	0	1	1	3	5	1	2	2	2	3	1	2	5	3	2	1	0	0	3	2	2	1	2	3	1	0	2	2	2	2	3	3	4	2	3	3	0	1	2	0	2	4	5	3	7	6	6	5	3	4	3	3	1	1	1	2	0	1	2	1	0	0	0	1	2	3	1	1	1	1	0	2	1	1	1	0	1	0	0	2	2	3	1	0	1	2	1	2	2	4	1	7	3	6	5	8	47	16	10	2	3	6	2	1	1	3	0	0	3	0	2	1	1	0	2	0	4	3	3	10	10	4	3	2	1	2	2	3	1	3	2	11	1	6	2	2	3	5	4	9	10	15	13	6	8	10	9	14	11	13	90	0	46	35	3	2	3	2	2	1	2	4	1	2	2	1	1	0	1	2	0	1	0	2	0	0	1	0	0	1	3	1	2	5	0	5	6	6	5	2	8	2	2	3	3	6	7	5	8	6	4	11	6	13	14	16	10	14	36	54	11	3	8	2	0	2	5	2	1	3	11	5	0	2	0	0	1	1	2	0	1	2	1	1	1	0	1	2	0	1	0	0	0	2	3	0	2	1	0	1	0	2	2	1	1	5	2	3	2	2	5	4	6	11	2	2	2	2	3	1	3	1	0	0	1	0	2	1	0	0	4	1	4	3	4	1	1	4	3	3	3	1	0	1	2	3	2	0	1	2	1	0	1	2	2	4	1	1	1	2	0	1	1	2	1	0	0	1	1	0	1	1	0	1	0	0	1	1	0	0	0	0	0	0	0	1	0	1	0	1	2	0	0	0	0	1	0	1	0	0	0	3	0	2	1	1	0	1	1	0	0	0	0	0	2	0	0	0	0	0	1	1	0	0	2	3	0	1	0	0	0	0	0	0	0	0	1	1	2	0	0	0
0	0	0	0	0	0	0	0	0	0	0	0	1	0	0	1	1	1	0	1	0	1	1	1	1	2	0	0	0	0	0	1	0	0	2	0	0	0	0	0	1	0	0	0	1	0	0	3	1	0	0	0	2	2	3	1	3	1	0	1	0	0	0	3	1	1	0	1	0	1	0	4	2	3	7	2	1	0	4	0	3	0	1	0	4	1	3	6	5	6	2	2	1	3	1	3	0	2	0	3	3	4	1	2	6	1	2	0	2	5	3	3	3	2	1	1	2	0	3	1	1	2	1	1	1	2	2	0	0	4	2	1	2	0	3	2	2	5	0	4	2	5	8	4	7	4	4	0	1	0	1	1	0	2	2	1	1	2	3	0	0	1	3	1	1	2	0	0	2	1	0	0	1	3	1	0	0	2	1	2	2	3	4	2	1	4	2	1	6	6	3	1	5	15	11	6	3	2	0	0	1	4	2	0	4	2	1	1	2	0	0	1	0	4	0	2	3	9	9	8	4	2	3	1	2	3	2	5	8	8	5	5	2	4	17	7	10	9	14	21	17	8	7	9	7	6	14	49	46	0	62	4	2	5	1	0	1	1	5	2	0	1	1	2	2	2	0	1	2	2	1	1	2	0	2	2	4	1	3	0	1	2	4	6	6	4	3	2	2	6	3	5	3	7	10	8	8	11	21	14	44	31	29	4	2	22	23	5	2	4	2	4	4	5	4	2	1	6	2	1	2	0	0	1	0	0	1	0	1	0	1	1	2	1	0	2	0	0	2	2	1	0	0	2	0	0	0	1	0	3	4	3	4	1	7	5	4	6	3	6	9	6	0	1	1	2	0	2	2	2	1	1	1	3	1	3	2	4	3	2	0	4	5	2	5	9	1	0	0	3	2	2	2	1	3	0	2	1	1	2	1	0	3	2	1	1	2	1	2	1	3	0	0	1	0	1	0	1	1	0	1	1	1	2	1	0	0	0	0	3	1	1	0	0	1	0	0	0	0	1	0	0	0	0	1	0	0	0	1	1	0	0	0	0	0	0	0	1	0	0	0	0	1	0	1	0	0	0	0	0	2	2	0	1	0	1	0	0	0	0	0	0	0	0	1	0	0	1	0
0	0	0	0	0	0	0	1	0	1	0	0	0	0	0	2	1	0	1	0	1	0	1	0	0	0	1	0	3	0	0	1	1	1	0	0	0	0	0	0	0	0	1	0	0	0	3	0	2	0	0	2	1	0	1	2	1	2	4	2	3	0	1	0	0	0	1	0	0	0	0	0	1	1	4	4	3	0	2	0	0	4	2	4	4	1	4	3	3	6	0	2	3	0	2	2	0	3	1	5	3	3	1	4	2	2	1	2	1	3	2	2	1	0	0	1	0	0	1	1	1	0	2	2	2	1	2	1	1	2	1	1	2	4	2	1	0	1	0	3	6	3	0	4	2	2	1	3	2	0	1	1	0	0	2	0	2	0	0	0	0	1	0	0	1	3	1	1	0	1	0	0	0	0	0	0	0	1	0	0	0	1	2	1	2	4	3	2	3	8	5	2	2	5	8	9	1	1	2	0	6	0	3	1	2	1	0	0	1	0	1	2	2	0	7	8	5	4	6	4	6	3	3	1	4	1	7	4	6	2	5	12	12	13	10	9	16	27	20	17	8	18	18	22	38	14	32	37	35	62	0	1	2	3	3	1	1	2	1	0	4	0	0	1	1	0	1	3	1	1	2	2	1	1	1	3	4	2	2	2	5	4	7	5	5	2	3	3	5	2	3	2	2	5	8	5	5	5	6	8	22	15	13	11	6	10	11	4	5	3	4	4	2	4	5	3	5	7	3	2	1	1	1	0	1	0	1	0	2	0	2	2	1	1	0	1	1	0	0	2	1	1	0	1	1	1	1	3	2	1	0	5	5	0	4	4	16	11	11	6	10	3	0	4	1	2	0	2	3	1	0	0	1	1	2	3	1	0	3	0	1	4	5	4	8	2	4	3	2	1	3	2	3	3	2	3	1	1	3	2	6	2	5	4	1	2	1	1	2	3	1	0	2	0	0	1	0	0	0	1	0	0	1	0	0	0	1	0	0	0	0	0	0	1	3	0	0	0	0	0	0	0	1	0	2	1	1	1	1	1	1	0	0	1	1	1	1	0	0	0	0	1	0	1	0	0	0	0	1	2	1	1	1	0	1	2	0	1	1	1	0	0	0	0	0	0	0	0	1
0	0	0	0	0	0	0	1	0	0	0	0	0	0	0	0	2	1	0	1	0	0	1	0	2	0	0	1	1	0	1	0	0	1	0	1	0	0	0	0	0	0	0	0	1	0	0	0	0	0	1	0	0	1	1	2	0	2	0	0	1	2	0	0	0	0	0	0	2	0	0	2	0	1	1	0	1	1	1	0	1	1	0	3	0	0	2	2	3	0	4	1	2	3	0	3	2	1	2	3	4	3	4	2	3	2	6	3	3	1	1	1	3	1	3	0	1	1	0	0	1	0	1	1	1	0	1	2	3	0	0	0	0	0	0	1	0	2	2	0	0	0	1	1	0	0	0	0	0	2	1	0	2	0	0	0	0	0	0	0	1	1	0	1	0	3	0	0	0	0	0	0	0	1	0	0	0	2	0	0	1	1	1	0	0	1	2	3	0	1	1	3	1	3	1	3	0	0	2	1	0	1	3	1	3	1	0	1	0	2	0	0	1	1	1	2	0	1	0	2	1	1	2	2	0	1	4	12	5	7	2	23	24	11	5	5	1	4	4	4	6	4	6	10	4	4	7	6	3	4	1	0	13	20	14	14	8	5	42	16	15	5	4	5	3	3	3	4	2	1	3	0	1	4	2	1	4	3	3	8	10	12	19	80	9	9	8	8	5	11	5	5	2	1	5	3	3	2	1	1	3	2	0	1	2	2	1	3	2	2	1	1	0	0	0	2	2	1	1	0	0	4	1	1	3	1	0	1	2	0	2	1	0	0	0	1	3	0	2	2	3	2	2	2	1	0	2	1	0	1	1	2	2	2	4	3	5	5	2	0	2	4	2	2	1	0	0	2	0	0	0	1	0	0	0	0	0	0	0	1	0	3	2	7	2	2	11	7	6	8	11	14	9	8	4	5	2	6	4	4	4	4	2	4	1	3	2	2	0	0	0	0	0	1	0	1	0	0	0	0	0	0	0	1	0	0	0	0	1	0	0	0	0	0	1	0	0	0	1	0	0	1	0	0	0	0	2	0	1	0	0	1	0	0	1	1	1	1	0	1	0	0	0	1	0	1	1	0	0	0	0	1	0	0	0	0	0	0	2	0	0	0	0	0	0	0	0	0	1
0	0	0	0	0	0	0	0	1	0	0	0	0	1	1	0	0	0	0	0	0	0	0	0	0	0	0	0	0	0	0	0	0	0	0	0	0	1	0	1	1	0	1	0	0	0	1	0	1	0	0	1	2	2	0	0	2	0	0	0	0	0	0	1	0	1	0	0	0	0	0	0	0	0	2	2	0	1	0	2	0	1	0	1	2	1	0	3	1	1	1	1	1	1	2	1	1	3	1	0	7	2	3	4	5	0	1	1	0	1	0	0	0	2	0	0	1	0	1	1	1	0	0	0	1	1	1	1	0	0	0	0	0	0	0	0	1	0	0	0	0	0	0	0	0	3	0	0	1	1	0	1	1	0	0	0	1	0	2	0	0	0	0	1	1	1	0	0	1	1	0	1	0	0	0	0	2	0	0	0	2	0	1	1	0	1	1	2	0	1	2	2	1	1	0	1	3	1	2	0	1	0	0	2	0	0	2	1	1	1	0	2	4	0	0	0	1	3	1	0	4	3	2	2	2	3	6	9	8	10	7	9	10	3	4	1	1	1	2	0	0	2	2	4	2	5	2	4	2	2	2	13	0	29	104	19	4	5	25	54	35	20	3	14	11	6	3	4	4	2	4	3	2	0	1	0	1	2	4	1	7	1	5	17	3	8	6	3	6	4	4	2	4	2	4	3	2	2	1	3	2	2	0	3	0	0	1	0	1	1	0	1	0	0	0	3	0	0	0	0	0	0	0	0	1	1	1	0	2	0	0	1	1	1	1	3	1	2	3	1	1	3	2	2	1	0	0	2	1	2	0	0	1	0	2	1	1	8	0	3	3	0	2	3	0	0	0	1	0	1	2	1	0	0	0	0	1	0	1	0	1	1	1	2	3	8	20	14	7	16	31	55	23	9	9	9	10	5	7	3	6	1	1	6	2	3	1	3	0	0	1	0	1	0	0	0	0	0	0	0	0	0	0	0	1	0	1	0	0	0	0	0	0	1	1	0	0	0	0	1	1	0	0	0	1	0	0	0	0	0	0	1	0	0	0	0	0	0	0	0	0	1	0	0	0	1	1	0	0	0	1	0	0	1	0	1	1	0	0	0	0	0	0	0	0	0	0	1	1
0	0	0	0	0	0	0	1	0	0	1	0	0	0	0	0	0	1	1	0	0	1	0	0	0	0	0	0	1	0	0	0	0	0	1	0	0	2	0	0	0	0	0	1	0	0	0	0	0	0	0	0	0	0	0	0	0	1	0	0	1	0	0	0	0	0	0	0	0	0	0	1	1	1	0	1	3	0	0	1	1	2	1	2	2	1	1	0	1	1	0	0	0	2	1	1	1	1	1	2	1	1	1	4	0	0	2	3	3	1	1	0	2	1	0	0	0	1	0	1	0	0	1	2	0	0	0	1	2	0	2	1	0	1	0	0	0	0	1	0	1	1	2	0	0	0	0	0	1	2	0	0	0	0	0	1	0	0	0	0	0	1	0	0	0	0	0	2	0	0	0	2	0	0	0	1	0	0	0	1	1	0	1	0	0	0	2	0	0	1	0	0	1	0	1	1	0	0	1	1	1	2	1	1	0	0	1	0	0	1	1	2	5	1	1	2	3	1	2	0	0	3	1	1	2	2	3	3	2	3	5	8	9	6	1	1	4	2	2	4	2	2	3	4	7	6	0	2	3	5	3	20	29	0	32	10	3	4	3	98	22	18	4	14	16	7	2	3	4	2	7	1	0	0	2	5	4	5	3	5	11	15	10	12	5	4	4	2	0	8	0	2	1	1	2	5	2	6	2	1	1	1	1	1	2	1	1	2	0	0	0	0	1	0	0	4	3	1	0	1	0	0	1	0	1	0	0	0	0	0	1	3	0	0	0	0	1	0	2	0	1	0	1	0	1	0	1	1	0	1	3	4	1	0	4	3	1	8	3	3	1	0	1	0	1	0	0	2	1	1	0	0	0	0	0	0	1	1	1	0	0	1	1	3	5	10	25	25	8	10	6	15	8	5	11	8	17	11	10	9	9	4	3	3	2	2	1	3	0	2	2	1	3	1	0	0	1	0	0	1	0	0	0	0	0	1	1	2	0	0	0	0	0	0	1	0	0	0	0	0	0	0	0	0	2	1	0	2	1	0	0	0	1	0	0	0	0	0	1	0	0	0	0	0	0	0	0	0	1	0	1	0	0	0	0	0	0	0	0	0	0	1	1	0	1	0	0	0	0
0	0	0	0	0	0	0	1	1	0	0	0	0	0	0	0	0	1	1	0	0	1	0	0	0	0	0	0	0	1	0	1	0	0	0	0	0	0	0	0	0	1	0	1	0	0	0	1	0	0	0	1	0	0	1	0	0	0	2	0	1	1	1	1	0	0	0	0	0	0	2	0	0	1	4	0	1	0	0	1	0	1	2	0	0	2	0	2	0	0	1	2	2	2	3	1	1	1	2	2	2	3	0	6	3	2	2	2	1	2	0	1	0	0	2	1	0	1	0	0	0	0	0	0	0	0	0	1	1	1	0	2	1	0	0	0	2	0	1	2	1	0	0	1	0	0	0	0	0	1	0	0	1	1	0	1	1	1	0	0	1	0	0	0	0	2	1	0	0	1	0	0	1	1	1	0	1	0	0	0	1	1	1	0	1	1	0	0	0	2	1	0	4	1	1	3	0	1	0	1	0	0	1	2	0	1	2	0	1	3	2	0	1	1	0	0	0	1	1	0	1	1	3	3	3	2	5	4	3	6	4	10	8	5	3	6	0	0	0	0	1	2	2	3	3	5	1	1	2	1	3	14	104	32	0	50	15	8	20	43	113	25	5	16	15	4	1	6	6	4	2	1	2	0	1	2	1	0	3	4	2	6	7	4	6	10	3	4	7	7	5	2	2	0	4	1	0	2	2	2	2	3	1	2	2	2	1	1	0	0	0	1	0	2	0	2	0	2	1	0	0	0	0	1	0	1	0	1	1	0	2	0	1	1	1	1	0	0	2	2	3	1	0	1	1	1	1	2	2	1	1	1	0	0	0	1	5	7	2	3	0	1	0	1	2	1	1	0	1	1	1	1	0	0	0	0	0	0	1	0	2	1	2	1	1	3	13	15	4	6	8	26	9	7	6	5	6	12	5	0	8	1	3	0	0	0	1	1	0	2	1	1	0	1	0	0	1	1	1	0	1	0	0	0	0	0	0	0	0	0	0	0	0	0	0	0	1	2	0	1	0	1	0	2	0	0	0	1	1	0	0	0	0	0	0	1	0	0	0	0	0	0	1	0	0	0	0	0	0	0	0	0	1	1	0	0	0	0	0	1	0	0	1	0	0	0	0	0	0
0	0	0	0	0	0	0	0	0	0	1	1	0	0	1	0	0	0	0	0	0	0	2	0	0	0	0	0	0	0	0	0	0	0	0	0	0	0	0	0	0	0	0	0	0	0	1	1	0	0	1	1	0	0	1	1	0	0	0	0	0	0	1	0	0	0	1	2	1	0	0	0	0	1	1	1	0	0	0	1	1	0	3	1	0	0	4	1	0	0	4	1	0	0	3	2	1	2	2	1	0	2	1	4	2	1	3	2	3	0	2	0	0	0	1	0	0	1	1	1	0	1	1	1	0	0	0	0	2	0	0	0	1	2	0	0	0	0	0	0	0	1	0	1	1	1	1	2	0	1	0	1	0	0	0	1	0	0	1	0	0	0	1	0	0	0	2	0	0	0	0	1	0	0	1	0	1	0	0	0	0	1	0	0	1	1	1	1	0	2	1	2	1	0	2	2	4	0	1	2	2	1	1	0	2	2	1	1	0	0	1	1	0	0	0	0	2	0	0	1	2	4	2	2	2	3	3	0	0	3	3	2	5	2	1	2	2	1	0	0	0	0	1	1	1	1	3	2	2	0	1	14	19	10	50	0	28	21	41	14	20	19	8	7	8	6	2	4	1	3	2	4	4	0	2	2	4	2	1	3	2	5	4	11	6	4	6	3	4	5	4	3	1	3	0	6	0	5	0	2	0	0	2	0	0	0	1	3	0	0	0	0	0	1	0	1	0	0	0	0	1	1	1	0	1	0	1	1	0	0	0	6	0	1	2	0	1	1	1	1	0	1	0	0	0	0	1	2	2	1	0	4	0	3	2	1	2	4	0	0	2	2	1	1	0	0	4	1	1	0	0	0	0	0	0	0	0	0	0	0	0	2	1	0	2	4	5	2	3	6	6	9	7	0	5	3	3	2	2	4	0	0	4	0	0	0	2	0	3	0	1	0	0	0	0	0	1	0	0	0	0	0	1	0	0	0	0	0	1	0	0	0	0	1	1	0	0	0	1	1	0	0	0	0	1	0	0	0	1	0	0	0	1	0	0	0	0	0	0	0	0	2	0	0	0	1	0	0	0	0	1	0	0	1	1	0	0	0	0	0	0	1	0	0	0	0	0	0	0
0	0	0	0	0	0	0	0	0	1	0	1	0	0	2	0	1	0	1	0	0	0	0	0	0	0	0	0	0	0	0	1	0	0	0	0	1	0	1	0	0	0	0	1	0	0	0	1	0	1	0	0	1	0	0	0	3	0	0	1	2	0	1	0	1	0	1	0	0	1	0	0	1	1	0	1	3	1	1	1	2	1	2	2	1	2	1	3	2	1	1	1	0	0	1	1	0	1	3	0	6	3	7	6	6	1	5	2	2	1	0	0	0	0	2	0	1	1	0	0	0	0	0	0	0	0	1	1	2	0	0	0	0	0	0	0	0	0	2	1	0	0	1	0	2	0	1	0	0	0	1	0	1	0	0	0	1	0	2	0	0	0	1	0	0	0	0	1	1	0	0	2	1	0	0	0	0	2	1	0	0	0	0	0	0	0	0	0	0	1	3	2	0	1	0	0	1	2	2	2	2	0	1	2	3	2	0	0	0	1	2	0	0	2	1	2	1	1	1	0	1	0	2	0	3	5	1	5	1	1	2	5	4	0	3	0	2	1	3	0	1	4	2	3	2	1	5	1	1	1	1	8	4	3	15	28	0	22	27	9	5	10	4	8	7	3	1	4	4	2	1	3	0	4	0	0	0	1	1	2	6	2	5	5	6	5	6	5	11	14	5	3	2	0	3	2	2	2	3	0	1	1	0	1	1	0	1	0	0	1	0	0	0	1	2	0	0	1	1	0	0	1	0	1	0	0	0	0	0	0	0	0	0	0	1	0	0	0	0	0	0	3	0	1	1	1	0	0	0	1	0	0	3	0	1	0	0	2	0	1	1	0	1	0	1	1	2	0	0	0	0	0	2	0	0	0	0	1	0	1	1	1	1	2	2	0	5	2	6	3	8	15	4	4	1	7	2	2	1	2	1	1	0	0	0	0	1	2	0	1	0	1	0	0	0	1	0	0	0	0	1	1	0	0	0	1	0	0	1	1	0	1	1	0	1	1	1	0	1	1	0	0	2	0	0	1	0	0	0	0	1	0	0	0	1	0	1	0	0	0	1	1	0	0	0	0	0	0	0	1	0	1	0	0	0	0	0	0	0	0	0	1	0	0	0	0	0	0	0
0	0	0	0	0	0	0	0	0	0	0	1	0	1	1	0	0	0	0	0	0	0	0	0	0	2	0	0	0	0	0	0	0	0	0	1	1	0	0	0	0	0	0	0	1	0	0	0	0	0	0	3	2	0	1	1	1	0	1	2	1	1	0	0	0	0	1	0	0	0	0	1	0	1	3	1	0	2	3	0	0	4	4	2	1	0	0	3	2	0	2	3	1	1	1	0	1	1	2	1	3	3	9	2	6	5	6	2	2	4	0	2	3	1	0	1	1	0	0	0	1	0	2	1	1	1	0	0	0	0	0	0	1	0	0	0	1	2	0	1	1	0	0	1	2	0	0	0	0	2	0	0	0	1	1	0	1	1	1	0	0	1	1	0	0	1	1	1	0	1	0	1	0	1	1	0	0	1	0	0	2	1	1	0	1	1	0	0	1	2	0	1	1	5	0	1	0	1	4	5	0	2	1	0	6	5	1	1	3	2	1	0	0	0	0	1	1	2	0	2	0	2	2	1	4	1	4	7	3	3	4	5	0	2	2	0	1	1	2	0	1	2	1	2	4	2	2	1	2	1	2	5	5	4	8	21	22	0	34	1	4	6	2	4	1	2	0	3	0	2	1	2	1	0	0	0	0	2	0	4	4	2	6	8	8	4	9	6	18	32	9	6	2	3	8	6	0	0	1	3	2	0	4	2	2	3	0	0	1	1	1	0	0	1	1	0	0	1	0	2	0	1	0	0	0	0	0	0	1	0	0	0	1	1	1	0	0	2	2	1	1	1	1	3	0	1	1	0	0	1	1	0	0	1	5	0	0	0	1	3	1	1	1	0	0	1	1	0	0	0	1	0	0	1	1	0	5	0	0	2	0	0	2	1	2	5	3	5	2	2	12	7	6	1	1	1	1	2	3	2	3	1	2	0	0	2	2	1	0	0	0	0	0	0	0	1	0	0	0	1	0	0	0	0	0	1	0	0	1	0	0	0	0	1	0	0	0	1	1	2	0	0	0	1	1	1	0	2	2	1	0	1	0	0	1	0	0	0	1	0	0	0	0	0	0	0	1	0	0	0	0	0	0	0	0	0	0	0	0	0	0	1	0	0	0	0	0	0	0
0	0	0	0	0	0	0	0	0	0	0	0	0	0	0	0	0	0	1	1	0	0	0	0	3	0	0	0	0	0	0	0	0	1	0	1	0	0	0	1	1	0	0	0	1	0	0	0	1	0	0	0	1	0	0	0	2	1	1	0	1	0	1	0	2	0	1	1	0	2	0	1	0	2	1	1	1	1	1	1	2	1	0	2	2	3	0	1	3	3	2	1	0	1	3	1	3	2	1	1	0	1	3	5	6	2	3	4	2	3	0	1	2	3	0	0	1	1	2	0	1	0	0	1	0	0	0	0	0	1	2	1	1	0	2	0	0	0	0	2	0	0	1	1	2	1	1	1	0	0	0	0	1	1	1	0	0	2	0	0	0	1	0	1	1	1	2	0	0	0	1	0	1	0	0	0	1	0	0	0	0	0	0	0	0	1	0	1	1	1	3	2	0	1	0	0	3	1	1	5	2	1	4	0	3	0	1	0	1	0	2	1	1	0	1	1	1	2	2	1	2	2	3	2	2	3	6	7	4	5	4	7	9	4	5	2	3	1	0	2	0	1	4	1	4	1	4	5	4	5	1	42	25	3	20	41	27	34	0	12	15	6	1	3	5	0	0	0	2	1	1	1	1	0	3	0	5	1	1	1	3	7	7	26	11	13	12	12	19	22	2	6	2	3	3	2	3	1	2	0	2	2	1	1	1	0	3	1	1	0	0	1	1	0	2	2	0	0	2	0	0	0	0	1	0	0	0	1	0	1	2	0	1	0	2	2	0	1	3	1	1	2	1	2	0	1	1	1	0	1	1	3	1	4	0	1	2	5	2	2	0	3	0	2	0	0	0	0	1	0	0	1	0	0	0	1	0	0	1	1	1	1	1	2	2	4	15	3	9	4	12	21	6	2	2	3	4	4	4	4	3	2	2	1	0	3	0	2	3	1	2	1	0	0	0	0	2	0	0	0	0	0	1	0	0	2	0	0	0	0	1	0	0	0	0	0	0	0	0	0	0	0	0	0	0	0	0	0	0	0	2	0	0	0	0	1	0	1	0	0	0	0	0	2	0	0	0	2	1	0	1	0	0	0	1	0	1	0	0	0	0	0	0	1	0	0	0	0	0
0	0	0	0	0	0	0	0	0	0	0	0	0	0	0	0	0	0	0	1	1	0	1	0	0	0	0	0	0	0	1	0	0	0	0	0	0	0	0	0	0	0	0	0	0	0	0	0	0	1	0	0	2	1	1	1	1	0	0	0	0	0	0	1	0	2	1	0	0	0	0	1	1	1	1	2	0	0	0	1	0	0	1	0	2	1	0	0	1	0	1	1	0	0	1	0	1	1	2	1	1	0	1	0	2	3	1	1	1	2	1	0	0	2	0	0	1	0	0	0	0	0	1	2	1	2	3	1	0	0	0	1	0	0	1	0	1	0	1	1	0	0	1	0	0	0	0	0	0	2	1	0	0	0	0	0	0	1	0	1	0	0	0	2	1	1	0	2	2	0	1	0	1	0	0	0	0	1	0	0	1	0	2	2	0	1	0	0	1	0	1	0	0	1	2	0	0	1	1	0	2	3	1	0	3	1	4	1	1	3	0	2	0	1	0	1	0	2	0	2	2	1	0	3	3	3	4	4	6	1	6	11	11	3	1	2	0	1	1	1	2	4	2	0	4	1	0	2	1	2	0	16	54	98	43	14	9	1	12	0	53	12	9	17	16	6	5	4	8	3	3	3	0	2	0	3	3	6	1	6	9	8	1	5	8	9	4	5	5	9	3	1	2	3	1	5	1	1	2	2	1	1	1	2	1	0	0	2	0	0	0	0	0	0	0	0	2	1	2	1	0	0	0	0	1	0	0	0	1	0	0	0	2	2	1	0	1	1	1	0	1	2	2	3	1	2	2	2	1	1	0	1	1	1	0	2	2	6	3	3	1	0	2	0	4	1	0	2	0	1	0	1	0	0	0	0	0	1	1	0	2	3	4	3	1	8	30	18	13	7	15	15	14	8	13	17	19	19	14	11	7	4	2	2	0	1	2	4	2	0	0	1	1	0	1	1	0	0	0	0	0	0	0	0	0	0	0	0	1	0	1	0	0	0	0	0	1	0	0	0	1	0	3	0	0	0	0	1	0	0	2	0	0	0	0	0	0	0	0	1	1	0	0	1	1	1	0	0	1	1	0	0	0	0	1	0	0	1	0	0	0	0	0	0	0	0	0	0	0
0	0	0	0	0	0	0	0	0	0	0	1	1	1	0	0	0	0	0	1	0	1	0	0	0	0	0	0	1	0	1	0	1	0	0	0	0	2	1	1	0	1	0	0	0	0	0	0	0	0	1	2	0	0	2	0	1	0	0	2	1	0	0	1	0	0	0	0	0	0	1	0	0	1	0	1	0	1	0	1	0	2	0	0	0	0	0	1	3	0	0	1	0	0	1	2	0	0	1	0	1	1	0	1	1	2	1	0	0	2	1	0	1	0	2	1	0	0	0	0	0	0	0	0	1	0	1	1	0	1	0	0	0	0	0	0	0	0	0	0	1	1	3	0	1	2	0	0	0	1	0	1	0	0	1	2	1	0	1	0	0	0	0	1	0	0	0	0	1	0	0	2	0	0	0	2	0	0	0	0	0	0	0	0	1	0	3	1	1	2	3	1	1	2	1	1	1	0	0	1	1	2	1	0	1	1	1	2	1	0	1	1	0	1	0	0	0	0	0	2	2	0	0	5	1	1	4	1	2	5	8	3	3	6	2	3	1	1	2	1	1	2	1	6	3	2	3	4	2	0	4	15	35	22	113	20	5	4	15	53	0	45	17	72	24	8	3	11	10	7	2	2	2	1	1	1	3	4	1	2	2	3	9	10	3	3	4	0	2	2	5	1	3	2	1	3	3	1	0	1	2	2	0	1	0	0	3	1	0	0	0	0	0	0	0	2	1	1	0	1	0	0	0	0	0	0	1	1	0	0	1	3	0	0	3	1	0	0	1	2	0	0	2	2	3	0	0	0	1	0	0	2	1	2	0	2	3	4	0	1	0	1	0	0	0	0	1	0	0	0	0	0	0	0	0	1	1	0	1	1	3	2	1	1	3	2	9	15	7	14	4	15	3	7	11	15	8	10	6	3	3	2	0	3	3	1	2	1	0	0	0	1	0	1	0	1	1	0	0	0	0	0	0	0	1	0	1	0	0	1	0	0	1	0	0	3	0	0	0	0	0	0	0	0	0	0	0	1	0	0	0	0	0	0	0	0	0	0	0	0	1	0	0	0	0	0	0	0	0	0	0	0	2	0	1	0	0	0	0	0	0	0	0	1	0	0	0	0	1
0	0	0	0	0	0	0	0	0	0	0	0	0	0	0	0	0	0	0	0	0	0	0	0	1	0	0	1	0	0	0	1	0	0	0	0	0	0	0	0	0	1	0	0	0	0	0	0	0	0	4	0	0	1	0	0	0	1	1	0	1	0	0	1	0	0	1	1	0	0	0	0	0	2	1	0	1	0	0	0	1	1	0	1	1	2	0	1	2	2	0	3	1	1	2	0	0	1	1	2	2	6	1	3	1	1	0	2	0	3	0	0	0	1	0	0	0	0	1	2	0	1	0	2	0	0	0	0	0	1	0	1	0	0	1	1	0	0	0	2	1	1	0	1	0	0	1	0	0	0	2	0	0	0	0	1	0	0	0	0	0	0	1	0	1	0	0	1	0	1	1	0	0	1	0	0	0	0	0	0	1	0	1	0	0	0	1	1	1	0	1	1	0	0	2	1	0	2	3	0	0	0	0	2	1	1	0	0	0	0	0	0	2	0	0	2	0	2	0	0	1	0	1	1	2	2	7	4	4	4	2	0	2	1	1	0	0	2	2	0	1	0	1	1	0	2	0	1	2	1	0	5	20	18	25	19	10	6	6	12	45	0	21	54	29	13	4	5	3	5	4	0	1	0	0	1	0	3	1	1	4	1	3	0	6	4	4	2	3	5	1	2	2	1	1	2	2	3	0	0	3	0	1	1	0	1	0	1	1	1	0	3	0	0	0	0	0	0	1	1	0	1	0	0	0	0	1	0	0	0	0	0	1	1	1	0	0	0	0	1	1	2	2	1	0	3	2	0	2	1	0	2	3	0	4	1	1	3	2	0	1	1	0	1	0	0	0	1	0	1	0	0	0	1	1	0	1	0	0	0	0	2	0	1	2	1	6	6	5	9	8	7	7	7	8	8	10	4	1	3	2	4	2	0	2	1	0	0	0	1	0	0	0	0	0	0	1	0	0	2	0	1	0	0	0	0	0	1	0	0	0	0	0	0	0	0	0	0	0	0	0	0	0	0	0	0	0	0	1	0	0	0	0	0	0	0	0	0	0	0	0	0	0	0	1	1	0	0	0	0	0	0	1	0	0	0	0	1	0	0	0	0	0	0	0	0	0	0	0
0	0	0	0	0	0	0	0	1	0	0	0	0	0	0	1	0	0	0	0	0	0	0	0	0	0	1	0	1	0	0	0	0	0	0	0	0	0	0	0	0	2	0	1	0	0	0	0	0	0	0	1	0	1	0	0	0	0	0	0	2	0	0	0	0	0	0	1	0	0	0	0	0	0	1	0	0	0	0	0	0	1	0	0	1	0	2	0	1	2	1	0	1	0	0	4	1	0	2	1	1	1	0	1	1	2	2	1	2	1	2	0	1	1	1	0	1	2	0	0	0	0	1	0	0	0	0	1	0	0	0	0	0	0	0	0	0	0	1	0	0	1	0	0	0	0	0	1	1	0	0	0	1	1	0	0	0	0	1	1	0	0	0	1	0	0	0	0	0	2	1	0	0	1	0	0	0	2	0	2	0	1	0	1	0	1	1	0	0	0	0	0	0	1	1	2	1	0	1	2	0	1	2	1	1	1	0	0	0	0	0	1	0	0	1	0	0	0	1	0	1	0	1	0	2	1	4	1	2	1	1	1	1	0	1	3	0	0	1	0	1	0	0	4	1	1	1	1	1	1	0	4	3	4	5	8	4	2	1	9	17	21	0	29	30	15	4	19	9	3	1	0	1	1	2	2	2	1	1	3	5	3	0	3	2	4	2	1	1	2	1	0	2	1	2	0	0	2	0	0	0	1	0	0	0	1	0	0	0	2	0	0	0	0	2	2	0	0	0	0	0	1	0	0	1	1	0	1	0	0	1	0	2	0	3	2	0	1	3	0	4	3	0	2	0	2	1	1	0	1	1	0	0	2	2	0	0	0	1	0	1	0	0	0	0	1	0	0	0	0	0	0	0	0	1	0	1	0	2	0	1	0	1	1	2	1	4	5	6	3	3	1	7	3	4	20	6	5	6	2	3	0	1	0	0	1	0	0	0	1	0	0	0	0	0	0	0	1	0	0	1	2	0	0	0	0	1	1	1	1	0	0	0	0	0	0	0	1	0	0	0	1	0	0	0	0	0	0	0	0	0	0	0	0	1	0	1	0	0	0	0	0	1	0	0	0	0	0	0	0	0	1	1	0	0	0	1	0	1	0	1	0	0	1	0	0	2	0	0
0	0	0	0	0	0	0	0	0	0	0	0	0	0	1	0	1	2	0	0	0	0	0	0	1	0	0	0	0	0	0	0	0	0	0	0	1	0	1	0	0	0	0	0	0	0	0	0	1	2	1	1	2	0	0	1	0	1	0	0	1	0	0	0	2	1	0	0	1	0	0	1	0	1	0	2	0	1	2	1	0	0	0	1	1	0	1	0	4	2	1	1	0	0	1	0	0	0	1	2	2	2	2	3	3	1	3	2	0	0	1	1	0	1	0	0	1	0	1	0	0	0	0	0	0	1	1	0	1	0	0	0	0	0	0	0	0	1	0	1	1	1	0	1	1	2	0	0	0	0	0	0	0	0	0	0	0	0	0	0	0	1	1	0	0	1	1	1	0	2	0	0	1	0	0	0	0	0	1	0	1	0	0	0	0	1	0	0	1	1	0	1	0	1	1	1	2	1	0	0	2	1	0	1	2	1	0	1	0	1	0	0	0	1	0	1	0	1	1	1	3	1	2	2	3	5	0	6	2	3	3	3	4	3	0	3	2	1	0	2	1	3	2	4	1	1	1	1	1	2	1	5	14	14	16	7	8	4	3	17	72	54	29	0	106	14	7	18	9	2	3	2	3	2	0	1	2	1	1	4	4	6	4	4	2	2	7	2	4	2	2	3	2	2	3	5	0	0	2	1	1	1	0	1	0	2	0	0	0	0	0	1	1	0	2	0	0	0	1	1	0	0	0	0	2	0	2	0	0	0	2	1	0	1	0	0	3	2	0	3	1	1	4	1	3	0	0	0	1	1	0	1	0	0	4	1	4	1	0	1	1	3	0	1	1	0	0	1	0	2	0	0	0	0	1	0	0	0	1	0	1	1	1	2	5	4	12	19	12	13	13	9	6	12	14	40	18	12	8	4	3	4	0	2	0	0	2	2	0	2	1	0	0	0	0	0	0	2	1	1	2	0	0	0	0	0	0	1	0	0	1	0	1	0	0	0	0	0	0	0	0	0	1	0	0	0	0	0	0	1	1	0	0	0	0	0	0	0	1	0	0	0	0	0	0	0	0	0	0	1	0	0	1	1	1	1	1	0	0	0	0	0	0	0	0	0	0	0	0
0	0	0	0	0	0	0	0	0	0	0	0	1	1	0	0	1	0	1	0	1	0	0	1	0	0	0	0	0	0	0	0	0	0	1	0	0	0	1	0	0	0	0	1	0	0	0	0	1	1	1	0	3	0	0	1	0	0	1	1	0	1	0	1	0	0	0	0	0	0	1	0	0	0	2	1	1	1	1	0	0	1	0	0	1	0	0	1	1	1	1	1	1	1	2	0	1	0	2	4	0	0	0	0	2	0	3	3	0	0	3	1	2	0	0	0	0	0	1	0	1	2	0	1	0	0	0	1	0	1	0	1	0	1	0	2	0	1	0	0	0	0	0	0	0	0	0	0	0	0	0	0	0	0	0	0	0	0	0	0	1	0	0	1	1	0	1	1	1	1	0	0	0	0	1	1	0	1	0	0	1	0	0	1	0	0	1	0	0	1	1	1	0	0	2	0	2	0	0	1	0	2	1	2	1	1	0	1	0	0	1	1	1	0	0	0	2	0	0	1	3	4	2	2	1	4	5	1	0	3	4	5	4	3	3	2	1	1	1	1	1	1	2	2	3	2	2	0	0	2	1	3	11	16	15	8	7	1	5	16	24	29	30	106	0	18	13	18	13	4	4	4	3	2	1	3	3	1	1	3	4	4	2	0	3	4	2	1	1	2	1	0	2	1	0	0	0	2	2	1	3	0	0	1	3	0	0	1	1	0	0	1	0	0	0	0	1	0	2	1	1	0	0	0	1	0	1	1	0	1	0	1	0	1	2	0	0	2	1	1	3	2	2	0	0	2	1	0	0	2	2	2	0	2	0	1	1	3	1	1	0	0	0	0	1	0	1	0	0	1	0	0	0	0	0	0	1	0	0	0	0	3	1	1	3	2	8	11	26	23	13	10	9	12	13	75	14	10	7	4	4	1	0	1	0	1	1	0	5	1	0	0	0	0	3	0	1	0	0	0	0	1	0	0	0	0	0	0	0	0	0	0	0	1	0	0	0	1	0	0	0	0	0	1	0	0	0	0	1	0	0	0	0	0	0	0	0	0	0	1	0	0	0	0	0	0	0	0	0	0	1	0	1	0	1	0	0	0	1	1	0	0	0	0	0	0	0	0	0
0	0	0	0	0	0	0	0	0	0	0	0	0	0	0	0	0	0	0	0	1	0	0	0	1	0	0	0	0	0	0	0	0	2	1	0	0	0	1	0	0	2	0	1	1	1	0	0	0	0	0	0	0	0	0	1	1	0	0	1	0	1	0	0	0	0	0	1	0	0	0	0	0	1	0	1	0	2	1	0	0	0	2	0	1	2	0	3	0	1	0	0	0	2	1	1	1	2	1	2	1	0	2	2	4	1	0	4	0	1	0	0	0	0	0	0	2	1	0	0	2	0	0	0	0	0	1	1	0	1	0	0	0	1	0	0	2	0	0	0	0	0	0	0	0	0	1	1	0	0	0	1	0	0	0	0	0	0	0	1	0	0	0	1	0	1	0	0	2	1	1	0	0	0	0	0	0	2	0	0	0	1	0	0	0	2	0	0	0	2	1	1	0	1	0	1	2	0	0	0	2	0	0	1	1	0	2	1	0	0	1	0	0	0	1	0	0	0	0	2	2	1	1	3	2	3	3	2	2	0	1	2	4	0	1	1	2	2	0	1	0	3	1	1	2	0	0	5	1	2	0	3	6	7	4	6	3	2	0	6	8	13	15	14	18	0	33	46	15	7	0	6	1	0	0	2	1	0	1	2	3	0	2	1	2	2	2	0	1	2	0	2	1	1	4	0	2	1	2	2	1	0	0	0	1	1	1	0	0	1	1	1	1	0	2	1	2	0	1	1	0	0	0	0	1	1	2	0	0	0	0	0	0	0	0	1	3	2	1	2	1	2	3	1	1	2	1	1	1	4	0	2	1	2	0	3	2	2	0	0	1	1	2	0	1	0	2	0	0	0	0	0	0	0	0	0	0	0	0	0	2	1	1	0	2	2	6	7	9	6	6	3	6	5	17	38	8	4	5	3	3	0	4	3	1	1	2	0	2	2	0	1	1	0	2	0	1	0	0	0	0	0	0	0	1	0	0	0	0	1	0	0	0	0	0	2	0	2	2	0	0	0	0	0	0	0	0	1	0	1	1	0	0	1	1	0	0	1	0	1	0	0	1	1	0	1	1	0	0	0	1	0	1	0	0	0	1	0	0	0	0	0	0	0	0	0	0	0	0
0	0	0	0	0	0	0	0	0	0	0	0	1	0	0	0	0	0	0	1	0	0	0	0	0	1	0	0	0	0	0	2	0	0	0	0	0	0	0	0	0	0	1	0	2	0	0	0	1	0	0	1	0	1	0	2	0	0	0	0	2	0	0	0	0	0	0	0	0	0	0	0	0	3	2	2	1	1	0	0	2	2	1	1	0	1	0	1	0	1	1	0	2	2	2	0	1	0	3	0	0	1	0	0	1	1	4	0	0	1	0	0	2	0	0	0	1	0	0	0	0	1	1	0	0	1	1	0	0	0	1	1	0	0	2	1	0	0	0	0	0	0	0	1	0	0	0	0	0	1	0	0	0	0	0	0	0	0	0	0	1	0	2	0	1	0	0	2	0	1	0	0	0	1	1	0	1	0	1	0	0	1	1	0	2	0	2	1	1	2	0	1	1	0	1	1	0	2	0	1	3	1	0	0	0	0	0	2	0	1	0	1	1	0	1	0	1	0	1	0	0	0	1	0	3	1	0	0	4	1	0	1	1	1	0	3	0	1	0	0	0	1	0	1	3	0	4	0	2	0	1	3	3	2	1	2	1	0	0	5	3	4	4	7	13	33	0	108	34	5	4	1	4	4	0	1	2	3	0	1	2	2	1	0	2	3	0	0	1	2	1	2	1	1	2	1	0	1	1	0	0	0	0	0	0	1	1	1	0	0	0	0	0	0	1	0	0	1	0	1	1	0	2	0	2	0	1	1	1	1	1	0	1	1	2	1	2	5	3	0	1	3	5	5	0	0	1	0	4	2	3	2	1	0	0	0	0	1	0	0	0	0	1	0	2	0	1	0	2	1	0	0	0	0	0	0	1	0	0	0	0	1	2	2	6	3	1	4	5	9	2	2	2	6	7	18	8	5	4	3	3	1	3	2	0	0	0	0	2	1	1	0	0	1	0	0	0	1	0	0	0	1	2	0	0	0	0	0	0	0	0	0	0	1	0	0	0	0	1	0	0	0	0	0	0	0	0	2	3	0	0	0	0	1	0	0	0	0	0	0	1	0	0	0	1	0	0	1	0	0	0	0	0	1	0	0	0	0	0	1	0	1	0	0	0	0	1	0	0
0	0	0	0	0	0	0	0	0	0	0	1	0	0	0	0	1	0	0	0	0	0	0	0	1	0	0	0	0	0	0	0	1	1	0	0	0	1	1	0	0	0	0	0	0	0	0	0	0	0	0	1	0	3	2	0	0	0	0	0	0	0	0	0	0	0	0	0	0	0	0	2	1	0	2	0	1	0	1	0	0	1	0	0	0	1	1	0	3	0	1	1	0	0	0	0	1	2	0	1	0	1	2	0	0	2	1	1	1	0	0	0	0	0	0	0	0	0	0	0	0	1	1	0	0	0	0	0	1	0	0	0	0	0	0	0	1	0	1	0	1	1	0	1	0	0	0	0	0	0	0	0	0	2	0	1	0	0	1	0	0	1	0	0	1	0	0	0	0	0	0	1	0	0	1	0	2	0	1	0	0	1	0	0	0	0	0	1	1	4	1	0	1	2	2	0	1	0	1	1	0	0	1	0	2	0	1	0	0	0	1	0	0	0	0	1	0	0	0	0	2	6	3	4	1	1	1	5	1	2	0	2	0	0	4	0	2	0	0	1	1	2	3	0	4	1	0	0	0	1	3	4	4	3	6	4	4	3	0	4	11	5	19	18	18	46	108	0	38	5	3	4	1	0	1	5	2	2	2	4	4	0	2	5	0	1	2	4	1	0	1	2	1	1	0	0	1	1	1	0	1	2	2	0	2	0	0	1	0	0	1	1	0	0	0	1	0	0	3	0	1	0	1	0	0	1	0	1	0	1	2	1	0	0	0	0	1	2	3	1	1	1	3	3	1	1	3	2	2	0	1	0	3	0	0	0	0	1	0	1	0	2	2	1	0	0	1	0	1	0	0	0	0	0	0	1	1	0	0	1	0	2	1	0	3	9	5	3	8	10	1	3	2	5	3	49	9	6	4	8	0	0	0	1	1	0	1	3	0	1	1	1	1	0	0	0	0	0	0	0	0	1	0	0	0	0	0	0	0	0	0	0	0	0	0	1	0	0	0	1	1	0	0	0	0	0	1	0	0	0	0	0	0	0	0	0	0	0	0	0	0	0	0	1	0	0	1	0	0	0	0	0	0	1	1	0	0	0	1	0	0	0	0	0	0	0	0	0	0
0	0	0	0	0	0	0	0	1	0	1	0	0	1	0	0	0	0	0	0	0	0	0	0	1	0	0	0	0	0	0	0	0	0	0	0	0	0	0	0	0	0	1	0	0	1	0	0	0	0	2	1	0	0	1	0	0	0	0	0	1	3	0	1	1	1	0	0	0	0	0	0	0	0	1	2	0	1	0	2	0	1	0	2	1	0	1	1	1	1	0	0	0	0	1	1	2	0	1	0	1	0	0	1	0	0	1	2	1	0	2	1	0	0	1	1	2	0	1	1	0	0	0	0	1	1	0	0	1	0	0	1	0	0	0	0	0	0	1	0	1	1	1	0	0	1	0	0	0	0	1	0	0	1	1	1	0	0	0	0	0	0	1	0	0	0	1	0	0	2	0	1	0	1	1	0	1	2	0	0	0	1	0	1	0	1	0	0	1	1	0	1	0	0	0	1	2	0	2	0	1	0	0	0	2	0	1	2	0	2	0	0	0	0	1	0	1	0	1	3	1	0	1	3	1	0	0	2	1	1	5	3	3	2	1	3	0	1	1	0	1	2	1	2	1	3	1	1	1	2	1	2	4	4	6	1	4	0	2	8	10	3	9	9	13	15	34	38	0	32	5	3	9	5	0	0	3	1	1	1	2	1	3	2	0	4	1	0	2	0	0	1	1	1	2	1	0	1	1	1	0	0	1	0	1	1	0	2	0	1	0	0	1	1	2	0	1	0	1	0	1	0	0	3	1	1	1	1	1	0	0	0	0	0	3	1	1	2	3	4	2	1	3	3	0	5	2	2	3	5	3	2	0	0	1	0	0	2	2	0	3	0	0	0	0	0	1	1	1	0	1	0	0	0	0	1	0	0	0	0	1	0	3	1	3	2	3	11	6	5	2	1	4	6	11	20	22	9	6	3	6	1	1	2	2	0	0	1	0	2	0	2	0	1	0	1	1	0	0	1	0	0	1	0	0	0	0	0	0	0	0	0	0	0	0	0	1	3	1	1	0	1	0	0	0	0	1	1	1	0	0	0	1	0	0	1	0	0	0	1	0	1	1	0	0	0	0	0	0	0	1	0	0	1	0	0	0	0	0	0	1	0	1	0	1	0	0	1	0
0	0	0	0	0	0	0	0	0	0	0	0	0	0	0	1	0	0	1	0	0	0	0	0	0	0	0	0	0	0	0	1	0	0	0	0	0	0	0	0	0	1	0	1	0	0	0	0	2	1	0	1	1	0	0	0	0	1	1	0	1	0	0	0	1	0	0	0	1	0	0	2	0	0	0	0	0	0	0	0	3	0	1	0	1	0	0	0	0	0	1	1	0	0	1	1	0	1	0	0	0	2	1	1	1	1	1	1	0	0	0	0	1	1	0	0	0	1	0	0	0	0	0	2	0	0	0	0	2	0	0	1	2	0	0	2	1	0	0	0	0	1	0	3	0	0	1	0	0	1	0	0	1	1	0	1	0	0	0	1	1	1	0	0	1	1	0	0	0	0	2	0	0	0	0	0	0	1	0	0	0	0	0	0	1	0	0	0	3	0	0	0	1	0	3	0	1	0	0	0	0	0	0	0	0	0	0	0	0	1	0	1	0	1	0	1	0	4	0	0	2	0	1	1	1	0	0	1	3	1	2	3	3	3	1	5	0	1	1	3	1	4	1	1	2	1	1	0	0	2	1	1	2	2	4	3	2	2	1	3	7	5	3	2	4	7	5	5	32	0	45	14	6	8	3	3	0	5	0	5	3	7	3	2	1	0	0	0	1	1	0	1	0	0	2	2	2	0	1	2	2	0	1	1	0	0	0	1	1	0	0	0	0	1	0	0	2	3	0	0	0	0	0	0	0	1	0	1	2	1	1	3	0	2	1	1	2	6	0	0	3	9	5	1	7	10	10	3	3	4	1	1	1	1	3	0	3	7	1	2	2	2	0	3	0	0	0	0	0	0	0	1	0	0	1	1	0	1	1	0	1	3	1	1	4	7	1	6	3	0	3	2	4	2	5	5	11	10	11	14	9	3	3	5	3	2	4	2	2	0	1	1	1	0	0	0	1	1	0	0	0	0	2	0	0	0	0	0	0	0	1	0	0	0	0	0	1	0	1	0	0	0	0	0	0	0	0	0	2	0	0	0	0	2	0	0	0	0	1	0	0	0	0	0	0	0	1	0	0	1	0	2	0	1	3	0	1	1	0	0	0	0	0	1	0	2	0	1	0
0	0	0	0	0	0	0	0	0	0	0	0	0	0	0	0	0	0	0	0	0	1	0	0	0	0	1	2	0	0	0	1	0	0	0	0	0	0	0	0	0	0	0	0	0	1	0	0	0	1	1	1	0	0	0	0	0	0	0	1	1	0	1	0	0	0	0	0	0	0	0	0	0	0	1	0	0	0	0	0	0	0	0	0	0	0	1	1	3	0	0	1	0	1	1	0	0	2	0	1	0	0	1	0	1	0	0	0	1	1	0	1	0	1	1	1	0	0	0	0	0	1	0	0	0	0	0	1	0	0	1	0	0	0	0	1	1	0	1	0	0	1	0	0	0	0	0	0	0	0	0	0	1	0	0	2	0	1	0	0	0	0	1	0	0	2	0	2	0	1	1	1	1	0	1	0	0	0	0	0	1	0	0	0	1	1	1	0	2	0	0	0	0	1	0	0	0	1	0	0	0	0	3	0	1	2	0	1	0	0	1	0	0	0	0	0	0	0	2	1	4	0	1	2	1	0	0	2	1	0	1	1	2	2	1	2	1	2	0	2	1	0	2	2	3	0	1	1	2	1	2	3	4	7	2	2	1	1	1	3	2	4	1	3	4	0	4	3	5	45	0	33	23	22	9	4	5	5	4	6	4	3	3	1	2	1	0	2	0	1	0	0	1	1	1	0	0	1	0	1	0	2	2	0	2	4	0	0	2	0	0	0	0	0	0	0	0	0	0	2	2	0	1	0	1	0	0	1	0	4	1	1	1	3	1	3	2	1	1	0	2	5	5	5	4	8	7	7	10	2	3	3	5	1	3	3	4	2	1	2	1	0	1	3	0	0	1	1	0	0	0	0	2	0	0	0	0	1	0	1	2	0	2	1	7	4	6	4	1	2	1	1	7	5	6	8	11	11	7	12	9	5	4	3	1	5	8	3	1	2	1	2	2	1	0	0	0	0	0	0	0	0	0	0	0	0	0	1	0	0	0	0	1	0	1	0	1	0	0	1	1	1	0	0	0	0	0	0	3	0	2	2	0	2	1	0	0	0	0	0	1	2	0	0	3	0	1	1	0	2	0	0	0	1	0	0	1	0	0	0	0	0	0	0	0	1	0	1	0
0	0	0	0	0	0	0	0	0	1	2	1	0	0	0	0	0	0	1	0	0	0	0	0	0	0	1	0	1	0	1	0	0	0	0	0	1	1	0	0	0	0	0	1	0	0	0	0	0	1	0	0	0	0	1	0	1	0	0	1	0	0	0	1	1	0	0	0	2	0	0	0	0	1	0	0	0	2	0	0	0	1	1	1	0	0	0	0	0	0	0	1	0	0	2	0	2	1	0	0	0	0	1	0	2	0	2	1	0	0	1	0	1	0	0	4	0	0	0	0	1	0	2	0	0	3	0	0	0	1	0	1	1	1	0	1	0	1	2	0	1	2	1	0	0	0	2	0	0	0	1	0	0	0	0	0	0	0	1	0	0	1	0	0	0	1	0	0	0	0	1	0	0	0	1	0	1	0	0	0	1	0	1	0	1	1	1	1	1	1	1	1	0	2	0	2	0	5	1	1	0	0	0	0	0	2	0	0	0	0	0	1	0	1	0	0	0	0	1	1	0	1	3	1	0	0	0	0	2	1	0	3	2	6	2	1	1	1	2	3	1	3	2	4	2	0	0	0	0	1	2	0	3	1	1	4	3	2	1	3	2	0	0	2	4	6	1	4	3	14	33	0	39	212	23	14	11	6	4	11	3	2	3	1	2	2	0	2	0	0	2	0	0	0	0	3	3	0	1	1	1	1	0	1	0	0	0	1	0	0	0	0	1	1	0	0	1	0	0	1	1	1	0	1	1	0	0	0	1	1	1	0	2	2	0	3	1	1	1	3	1	3	4	4	7	12	5	7	26	8	3	6	4	9	6	1	2	5	2	0	0	2	1	0	0	2	1	0	0	3	0	0	0	3	2	0	0	0	2	2	0	2	1	2	2	3	6	6	3	0	1	2	1	2	1	2	2	10	11	4	11	13	5	5	5	6	12	14	7	6	1	2	1	1	1	0	0	0	1	0	2	0	1	0	0	0	0	0	0	0	1	0	0	0	0	0	0	1	0	0	0	0	0	1	0	1	0	1	0	2	0	0	0	0	1	0	0	0	0	0	0	1	0	0	0	0	0	0	1	1	2	0	1	1	0	0	1	0	0	0	0	1	0	0	0	0	1	1	0
0	0	0	0	0	0	0	0	0	0	0	0	0	0	0	0	0	0	0	0	0	1	1	0	0	0	0	0	1	0	0	0	0	0	0	0	0	0	0	1	0	0	0	0	0	1	0	0	0	1	1	2	0	1	1	1	0	0	1	0	0	0	0	1	0	0	0	0	0	0	0	0	0	1	0	1	0	1	0	0	1	0	0	1	1	2	2	0	0	1	3	0	0	0	0	1	1	1	0	1	0	0	0	0	0	1	0	0	1	1	1	0	3	2	0	0	0	1	0	0	0	0	0	2	1	1	1	0	0	0	0	0	0	0	1	0	0	0	1	1	1	0	0	1	1	3	0	0	0	0	0	0	0	0	0	0	0	0	0	0	0	0	0	0	1	0	0	0	1	0	0	1	0	0	0	0	0	0	1	0	0	0	0	1	0	3	0	0	1	2	0	1	0	1	0	0	0	1	0	2	0	1	1	0	0	0	0	0	1	0	0	0	2	0	0	0	0	1	1	1	1	1	0	0	3	2	2	1	1	0	1	1	2	2	2	2	0	1	0	0	1	3	4	2	1	0	2	1	0	2	1	1	2	0	2	4	0	1	1	0	2	1	1	3	3	1	4	1	9	6	23	39	0	96	16	12	18	7	11	3	7	3	4	2	2	0	1	3	0	2	2	1	3	0	1	1	2	0	0	1	0	0	1	1	0	0	0	0	0	1	0	0	1	0	0	1	0	2	1	0	0	0	1	1	0	1	0	2	2	0	2	2	1	2	0	0	1	1	4	2	2	1	1	1	4	7	5	4	5	2	0	4	2	2	3	2	4	7	1	1	1	1	2	3	1	2	1	0	1	0	0	0	1	0	0	0	1	1	0	1	0	2	3	2	1	5	7	5	1	3	2	3	2	3	3	2	4	5	5	6	12	7	5	2	1	5	5	11	4	2	0	3	0	0	1	0	1	1	1	1	1	0	1	0	0	1	0	0	0	0	1	0	0	1	0	0	0	0	0	0	0	0	0	1	1	0	0	0	0	1	1	1	1	1	0	0	0	0	0	0	0	0	0	2	1	0	2	0	0	0	1	0	0	0	0	0	0	1	0	0	1	0	0	0	0	0	0	0	0
0	0	0	0	0	0	0	0	0	0	0	0	0	0	0	0	0	0	0	0	0	0	1	0	0	0	0	0	0	0	2	0	0	0	0	0	0	0	0	0	1	0	0	0	0	1	1	1	1	0	0	1	1	0	0	1	0	0	0	0	0	0	0	0	1	0	0	0	1	0	0	0	1	0	0	0	0	0	0	1	0	0	0	0	1	0	0	1	0	1	0	0	0	0	0	0	0	0	1	0	0	0	0	0	2	0	0	0	0	1	0	0	1	0	0	1	0	0	0	0	0	0	0	1	0	0	0	1	0	0	0	0	0	0	0	2	0	1	3	1	1	0	0	0	0	0	1	1	1	0	0	1	1	0	0	0	1	0	0	1	0	1	0	1	0	0	0	0	0	1	0	0	0	1	0	0	0	1	0	0	0	1	0	0	0	0	0	0	1	0	0	2	0	1	3	0	0	0	0	1	0	1	2	0	0	0	2	0	0	0	1	0	1	0	1	0	0	1	0	1	0	2	1	1	2	4	2	1	1	0	1	0	2	6	1	6	0	2	0	0	1	0	0	2	1	0	2	1	1	0	1	4	0	0	0	0	4	0	0	2	1	0	1	2	2	0	4	0	5	8	22	212	96	0	29	11	12	7	5	9	2	2	3	1	1	5	1	0	0	2	1	3	1	1	0	2	1	2	1	2	1	1	1	0	1	0	1	0	0	0	0	0	0	3	0	2	0	1	1	0	1	0	1	2	1	1	0	0	0	2	2	2	2	3	0	1	2	2	4	1	1	0	2	2	6	15	6	6	13	1	6	4	2	3	4	1	4	6	2	1	1	1	3	0	1	1	0	0	1	2	1	0	0	1	1	0	1	0	0	0	1	0	2	2	4	3	5	4	3	2	3	2	5	2	4	0	3	5	4	8	4	9	13	6	7	4	7	5	4	5	2	2	2	2	0	0	0	0	2	0	0	0	1	0	0	0	0	0	0	0	0	0	0	0	0	0	1	0	2	1	0	0	0	1	0	0	0	2	0	2	0	0	1	2	0	0	1	0	0	0	0	1	1	1	0	0	0	1	0	1	0	1	0	0	0	0	2	1	0	1	0	0	0	1	0	0	0	0	0
0	0	0	0	0	0	0	0	0	0	0	1	1	0	0	0	0	0	0	0	0	0	0	0	0	0	0	1	0	0	1	0	0	0	0	0	0	0	0	0	0	0	0	0	0	1	0	0	0	1	0	0	0	0	4	1	0	0	0	0	0	1	0	0	0	1	1	0	0	2	0	1	0	0	0	0	0	0	0	0	1	0	0	0	0	0	0	0	0	0	0	2	0	1	0	0	0	0	0	0	2	0	1	2	0	1	0	0	0	1	1	1	0	1	1	0	0	0	0	0	0	0	0	0	0	0	0	1	0	1	0	0	1	0	0	2	0	2	0	1	1	0	0	0	0	0	1	0	1	0	1	0	0	0	0	1	0	0	0	0	0	1	1	1	1	0	0	1	0	1	1	1	0	1	0	0	0	0	0	1	1	0	0	0	1	1	3	2	1	1	0	2	3	1	1	0	2	0	0	0	0	0	2	0	0	0	0	0	0	1	0	0	0	0	0	0	0	2	2	2	3	1	2	3	2	1	1	2	3	1	1	5	5	2	2	2	4	4	1	4	2	3	2	1	1	0	1	1	0	2	1	2	1	2	1	2	0	0	3	0	1	0	2	0	1	0	0	1	0	3	9	23	16	29	0	37	7	5	9	6	9	2	4	0	1	3	2	2	1	1	1	0	1	1	0	0	1	1	0	2	2	2	0	0	0	0	2	2	0	0	0	1	0	1	0	2	1	2	3	1	1	3	1	1	3	3	4	0	1	2	1	3	1	1	2	1	1	0	2	2	3	0	3	1	6	12	6	12	24	10	14	13	3	6	11	5	2	4	7	4	1	2	1	6	2	6	2	0	3	1	2	0	0	2	1	1	1	0	2	2	4	5	7	4	5	5	2	4	1	1	1	0	2	3	6	1	2	2	3	11	9	13	5	10	4	13	45	33	9	10	2	3	1	2	1	0	0	1	2	0	0	0	0	0	0	0	1	0	0	1	1	0	2	0	0	1	1	1	1	0	0	0	1	0	0	1	1	1	1	2	0	2	0	1	1	0	0	0	0	0	2	0	0	0	0	0	2	1	0	0	0	0	0	0	1	1	0	0	2	0	0	0	1	0	0	0	0	0	1
0	0	0	0	0	0	0	0	0	0	0	0	0	0	0	0	0	0	0	0	0	0	0	0	0	0	0	0	0	0	0	0	1	0	0	1	0	1	0	0	0	0	0	0	0	0	0	0	1	2	1	2	0	0	0	1	0	1	2	0	0	0	0	0	0	1	0	0	0	0	0	0	0	0	0	0	0	0	1	0	0	0	1	0	0	2	2	1	0	0	1	0	2	0	1	1	0	1	2	1	1	2	1	0	2	0	0	0	0	0	0	0	0	0	0	0	0	0	0	0	0	0	1	0	0	0	0	1	0	0	1	0	1	1	0	1	1	1	0	0	0	0	0	2	1	0	1	0	0	1	0	0	0	0	0	0	0	0	0	2	0	0	0	0	0	1	0	0	2	0	0	1	0	1	1	1	2	0	0	0	1	0	2	1	0	1	0	0	2	0	1	1	0	3	0	1	2	1	0	0	0	0	0	0	0	1	0	0	1	0	0	1	0	1	0	1	2	0	1	2	0	0	1	0	0	1	0	1	1	2	2	2	3	8	0	2	1	4	3	2	3	5	7	0	0	1	3	0	0	2	3	1	0	5	2	2	0	0	0	3	1	1	2	1	3	2	1	5	0	3	4	14	12	11	37	0	51	18	38	7	7	6	2	1	2	1	1	1	1	0	3	1	0	2	2	0	0	0	2	1	1	1	2	0	3	0	2	2	2	0	0	0	0	1	1	1	0	0	0	0	0	3	0	1	1	3	0	1	2	1	1	1	0	1	0	0	0	1	0	2	1	1	2	5	8	3	1	4	9	3	11	5	4	6	7	6	3	6	7	3	1	0	6	1	7	2	2	1	2	1	3	0	1	1	0	2	0	3	1	0	1	2	1	1	3	2	3	2	0	4	1	1	2	3	1	3	6	1	3	7	5	11	8	2	2	9	12	8	3	2	1	0	1	1	0	1	1	0	0	0	1	0	0	1	0	0	0	0	0	2	0	0	0	0	0	0	1	0	2	1	1	1	0	2	0	0	0	2	0	1	1	2	0	0	0	0	0	0	0	1	1	1	0	1	0	0	0	1	0	0	0	0	1	1	1	0	0	0	0	0	0	0	0	1	0	0	0	0	0
0	0	0	0	0	0	0	0	1	0	0	0	0	0	0	0	0	0	0	0	0	0	1	1	0	0	0	0	0	1	0	0	0	0	0	1	0	1	0	1	0	0	0	0	0	1	0	0	0	0	1	0	1	1	0	0	1	0	0	1	0	0	0	0	1	1	0	0	0	2	0	0	1	0	1	0	1	0	1	0	0	1	0	0	2	0	1	0	1	0	0	0	0	1	1	0	2	1	1	1	0	1	1	0	0	0	0	2	0	1	1	1	0	0	0	0	0	1	0	0	1	0	1	0	0	0	1	2	0	1	0	0	0	0	0	0	1	0	0	0	0	1	0	1	1	0	0	2	0	0	1	1	0	0	0	0	0	2	0	0	0	0	0	1	0	0	0	0	0	0	1	0	0	0	1	0	1	0	0	2	0	0	1	0	0	1	0	4	0	0	1	1	0	2	0	0	0	1	0	1	1	1	0	0	0	0	0	0	0	1	1	0	1	0	0	1	3	1	1	3	3	0	0	1	1	1	0	3	2	4	2	2	6	6	4	3	7	1	5	6	2	1	3	2	3	1	2	0	1	4	4	4	1	4	1	4	0	0	5	3	3	0	2	2	3	1	2	2	3	0	5	11	18	12	7	51	0	16	27	32	21	14	4	6	1	4	3	3	2	1	0	2	1	0	3	0	0	0	0	3	1	0	1	3	0	1	0	2	1	0	0	0	0	0	2	0	0	2	0	0	2	0	0	3	0	1	0	0	1	3	1	0	1	0	0	0	0	0	1	1	3	1	1	0	5	2	0	3	4	2	4	4	6	4	11	7	11	8	1	1	1	3	4	1	3	1	1	2	2	0	1	0	0	1	2	0	1	0	1	0	2	2	3	4	6	1	6	5	1	1	3	1	3	4	7	4	4	9	9	12	22	22	12	10	6	3	5	9	0	2	1	1	2	1	1	0	1	0	0	0	0	1	0	0	0	2	0	0	1	0	1	0	0	1	0	1	2	1	0	1	0	0	0	1	1	0	1	0	0	0	3	0	1	0	0	0	1	0	0	0	0	0	1	0	0	0	0	0	0	0	0	0	0	2	0	0	0	0	0	0	0	0	0	0	0	0	0	1	0
0	0	0	0	0	0	0	2	0	0	0	1	0	0	0	1	0	0	1	1	1	0	0	0	0	0	1	1	0	0	0	1	0	0	0	0	0	0	0	0	0	0	1	0	0	1	0	0	0	0	0	3	1	0	0	2	0	0	1	0	0	0	0	1	0	0	0	0	0	3	0	0	1	2	1	0	0	1	1	0	1	1	0	0	0	0	1	1	3	1	0	1	2	1	0	0	0	0	1	1	1	2	0	2	2	0	1	1	1	0	1	1	0	0	0	0	1	0	1	2	0	0	0	0	0	0	0	0	0	1	1	0	0	0	2	0	2	1	3	0	1	3	0	0	0	0	0	1	1	0	0	0	0	0	0	0	0	1	0	0	0	1	0	0	0	0	0	0	2	1	0	0	1	0	1	0	1	1	0	0	0	0	1	0	1	1	1	1	0	2	0	1	1	2	2	2	3	1	0	0	1	1	0	1	1	0	0	1	1	0	0	1	1	1	0	0	1	4	1	3	3	1	2	1	1	1	1	3	1	2	3	3	6	12	11	9	4	4	2	4	3	13	14	12	6	4	2	2	3	1	2	3	2	5	0	2	1	2	1	6	4	3	1	1	1	0	3	2	1	5	5	6	7	7	5	18	16	0	100	39	37	15	16	6	2	5	4	1	3	2	0	0	0	6	1	1	1	3	2	1	1	2	1	1	0	3	2	2	3	1	1	1	0	1	1	0	0	3	2	0	0	4	0	0	4	2	0	1	1	2	1	1	1	0	1	1	0	3	2	0	1	1	5	4	1	2	0	1	4	3	4	8	11	14	28	12	19	19	7	4	1	3	2	1	1	2	2	1	1	1	3	1	0	2	1	2	2	0	4	3	2	3	2	2	5	5	5	6	1	3	3	5	3	7	0	3	3	7	8	11	13	23	22	3	3	2	4	2	3	2	1	2	1	1	0	1	1	1	0	1	0	2	0	1	1	0	0	0	0	0	0	0	2	0	1	0	1	0	1	0	1	1	1	0	0	0	1	0	3	0	0	0	1	1	0	1	0	1	0	0	0	0	0	0	1	1	1	0	0	1	0	0	1	0	0	0	1	0	0	0	0	0	0	0	0	0	0	1	0
0	0	0	0	0	0	0	0	1	1	0	1	0	0	0	0	0	0	0	0	1	0	0	1	0	1	0	0	0	1	0	0	0	0	1	0	0	0	0	0	1	0	0	1	0	2	0	1	1	0	0	0	0	1	0	0	1	2	0	1	1	0	0	0	0	0	0	0	1	1	0	0	0	1	2	0	0	2	0	0	0	0	0	2	1	0	0	0	1	1	1	0	1	0	1	2	1	0	1	0	0	0	1	2	0	0	0	0	0	0	0	0	1	0	0	1	2	5	2	0	0	0	0	1	1	1	1	1	0	0	2	1	0	0	0	1	0	2	0	0	0	0	1	0	0	0	2	0	1	0	0	1	0	0	0	0	1	0	1	1	0	0	1	1	0	0	1	0	0	1	0	1	0	0	0	0	1	0	0	1	1	0	0	1	1	1	3	0	1	2	0	1	2	0	1	0	1	0	0	0	0	1	1	0	0	0	2	0	0	1	0	0	1	0	1	2	1	0	0	1	1	0	2	1	2	0	1	3	2	5	1	3	5	7	5	5	9	2	6	2	7	4	4	6	3	4	1	1	1	3	2	3	4	3	3	1	1	0	1	1	1	1	1	1	1	1	0	2	1	0	4	4	11	5	9	38	27	100	0	19	24	12	6	4	0	2	0	1	2	2	0	2	0	0	2	2	2	4	1	1	2	2	0	1	0	3	3	1	1	2	0	3	3	1	1	1	1	0	1	0	1	2	1	0	2	1	3	1	1	0	3	3	1	1	0	1	0	1	1	0	3	2	1	1	1	4	0	3	2	5	7	5	15	10	24	16	14	9	11	5	0	7	3	3	3	4	2	1	0	1	4	2	2	0	1	0	1	3	1	3	3	2	2	1	3	4	6	7	0	2	1	2	4	0	2	2	5	5	6	9	10	16	15	12	3	5	6	2	2	2	4	2	0	0	0	0	0	0	0	0	0	1	1	0	0	0	0	0	0	1	1	0	0	0	0	0	0	2	1	0	0	0	0	0	0	0	2	0	0	0	1	2	0	0	0	2	1	0	0	0	0	0	0	2	0	0	0	1	0	1	2	0	2	0	0	0	0	0	0	0	0	0	0	1	0	0	0	0	1
0	0	0	0	0	0	0	0	1	0	0	0	0	0	0	0	0	0	0	1	1	0	0	2	0	0	0	1	0	0	0	1	0	0	0	0	0	0	0	0	0	0	0	0	0	0	0	0	0	1	1	0	1	1	1	1	0	1	0	0	1	1	1	0	0	0	0	1	1	0	1	1	0	3	0	2	0	1	1	1	0	1	0	1	2	0	3	1	0	2	0	0	1	1	0	0	1	1	2	1	0	2	2	1	2	0	1	3	0	1	0	0	0	0	0	1	2	0	1	1	0	1	0	0	0	1	0	1	0	0	0	0	0	0	1	1	1	0	3	2	0	0	2	0	0	0	0	1	0	0	0	0	0	0	0	0	0	0	0	0	0	0	0	0	0	0	1	0	0	0	0	0	2	1	0	0	0	1	0	0	0	0	0	2	1	0	0	3	3	0	0	0	2	5	0	0	1	0	2	1	0	0	0	0	1	1	1	0	0	1	1	2	0	1	0	0	1	0	0	2	0	1	1	4	0	1	3	4	6	6	4	7	10	14	4	8	4	2	2	6	2	4	11	5	9	2	4	2	2	0	2	8	1	5	4	3	2	4	1	6	2	1	3	4	3	2	1	4	1	5	6	11	3	9	6	7	32	39	19	0	88	21	9	5	5	5	1	2	2	4	1	1	0	1	2	2	2	2	0	2	2	3	2	1	1	0	0	1	1	0	0	1	1	1	2	0	1	0	2	3	0	1	0	1	1	1	3	2	1	2	0	1	1	0	0	1	2	1	1	0	2	1	1	1	1	4	0	3	3	0	4	4	5	7	9	8	10	9	2	1	0	2	2	2	0	1	0	0	1	0	1	1	0	1	2	0	2	1	1	2	1	4	4	2	3	8	11	5	4	1	4	2	3	5	7	3	7	13	22	22	54	27	10	2	5	1	0	4	2	0	2	2	0	1	0	0	0	0	0	0	0	0	0	1	2	0	0	0	0	0	0	0	1	1	1	0	2	0	2	0	1	1	1	1	0	0	2	0	1	0	1	1	1	0	1	0	0	0	0	0	0	1	1	0	0	1	2	0	2	0	0	0	0	0	1	0	1	0	0	0	0	1	0	0	0	0	1	0	1
0	0	0	0	0	0	0	0	0	0	0	0	0	0	0	0	0	0	0	0	0	0	0	1	0	0	1	1	0	0	0	0	0	0	0	0	0	0	0	0	0	0	0	0	0	1	1	0	1	1	0	1	0	2	1	1	0	2	2	0	0	0	0	0	0	0	0	0	1	0	0	2	0	2	0	2	0	1	1	0	0	2	0	0	0	0	0	0	3	1	0	0	1	2	0	0	0	1	0	1	0	1	1	4	1	1	1	0	1	0	2	0	0	1	1	0	0	1	0	3	0	0	0	0	0	1	0	0	1	2	0	0	1	0	1	0	3	0	0	2	0	1	4	2	1	0	1	1	0	0	0	0	0	0	1	1	1	1	0	0	0	1	0	3	0	1	0	0	0	0	0	3	1	0	0	1	0	0	0	0	1	1	1	1	3	1	0	2	1	0	0	1	0	3	0	1	2	0	0	1	1	0	0	1	0	0	0	0	0	1	0	0	3	2	1	1	1	1	0	1	2	0	2	3	4	2	1	1	2	4	4	11	9	19	11	8	4	9	2	2	1	8	14	7	7	3	2	7	5	1	5	10	7	11	2	2	6	4	3	9	2	4	5	4	4	3	2	4	2	3	4	3	7	2	9	7	21	37	24	88	0	66	34	11	6	3	4	4	4	1	0	2	2	3	0	5	0	1	2	2	3	1	2	3	0	2	0	0	0	1	0	1	1	1	4	0	1	0	2	0	0	0	0	1	1	0	0	3	2	2	0	3	1	0	1	1	1	0	0	1	0	2	0	0	2	4	0	1	3	2	4	6	3	10	5	1	14	6	5	7	1	1	2	2	3	1	1	0	3	1	0	1	0	1	0	0	1	1	2	1	0	5	5	0	5	4	13	9	3	5	3	3	4	4	6	3	3	8	13	10	28	14	15	8	2	0	5	5	2	1	2	0	0	2	0	1	0	1	0	0	0	0	0	1	1	1	0	0	0	1	0	1	0	1	2	2	2	1	0	0	1	0	0	1	1	0	1	0	2	1	0	0	0	0	1	0	1	0	0	0	0	0	0	1	0	0	1	0	1	0	0	0	2	1	1	0	0	0	1	0	0	0	0	1	0	0	0	0	1
0	0	0	0	0	0	0	0	0	0	0	0	0	0	0	1	1	1	0	0	0	3	0	0	1	0	0	1	0	0	0	0	0	0	0	0	0	1	0	0	0	0	0	0	0	0	0	0	0	0	0	0	1	1	0	1	0	0	0	0	0	1	0	0	0	1	0	0	0	0	0	0	0	0	2	0	0	0	0	0	2	1	1	0	0	1	1	0	0	2	0	1	0	0	0	1	1	0	0	1	2	4	1	0	2	1	2	4	1	1	0	2	1	0	0	1	4	2	2	1	0	0	0	0	1	1	0	1	0	1	0	0	1	1	0	0	0	1	0	0	1	0	0	2	0	3	1	0	1	1	1	0	1	1	1	0	0	0	0	0	0	0	0	0	0	0	3	0	2	0	0	0	0	0	0	0	1	0	0	1	0	1	1	1	0	1	1	0	0	0	1	2	0	3	0	2	0	1	0	0	1	1	0	3	2	1	2	2	0	1	1	0	1	1	1	1	1	2	0	2	1	2	4	0	2	3	3	2	3	4	0	14	10	15	5	6	1	5	1	3	1	7	10	7	11	5	4	2	0	2	4	12	1	15	6	5	2	2	7	8	3	1	3	6	4	0	2	0	1	7	3	2	3	2	2	6	14	15	12	21	66	0	47	15	7	7	4	2	6	3	1	3	0	0	2	1	1	3	1	3	5	1	1	2	1	2	1	1	2	0	0	1	0	1	1	0	1	0	0	3	2	0	0	0	0	0	0	1	0	2	1	0	0	2	2	1	0	1	0	1	0	1	0	2	0	0	1	0	1	0	3	3	6	5	2	5	10	10	5	1	1	2	3	1	1	1	0	1	1	0	1	0	0	0	3	2	0	2	2	0	0	2	2	2	2	6	15	6	1	2	3	8	8	3	4	1	7	5	7	11	8	2	14	3	1	1	1	1	1	0	1	2	0	2	1	1	0	0	0	1	1	0	0	1	0	0	0	0	0	0	1	0	0	0	0	0	0	0	0	0	0	0	0	1	0	1	0	0	0	0	0	0	1	0	0	0	0	0	0	0	0	0	0	1	0	0	2	0	0	0	0	0	0	1	0	0	0	0	1	0	0	0	0	0	1	1	0	1	1
0	0	0	0	0	0	0	1	0	0	0	0	1	0	1	0	0	1	1	0	0	1	0	0	0	1	1	0	0	1	0	2	1	0	0	0	1	0	0	0	1	0	0	0	0	0	0	0	2	0	0	3	0	2	0	1	0	0	1	2	1	0	1	0	1	1	0	0	0	1	0	1	0	0	2	0	1	0	3	0	0	3	1	3	3	3	1	0	1	0	2	1	2	1	0	1	0	0	0	2	1	2	1	0	3	1	1	2	0	0	0	2	0	0	0	0	0	3	0	0	1	2	1	1	2	1	0	1	0	0	0	0	0	0	0	0	0	1	0	2	2	1	0	1	0	1	1	0	0	5	2	0	0	0	0	0	0	1	0	0	0	0	0	0	0	0	0	0	1	0	3	0	0	0	0	0	1	0	0	0	1	3	1	0	0	3	0	2	1	0	1	1	6	2	1	2	2	1	2	1	1	0	0	2	0	1	1	2	1	0	0	1	0	0	0	2	1	1	2	1	0	2	2	1	4	2	2	5	4	7	8	17	24	21	10	7	6	3	5	4	1	11	24	20	21	4	8	5	5	4	7	19	5	10	7	4	5	6	7	1	9	3	0	4	2	2	1	2	3	3	3	3	4	3	4	2	4	16	6	9	34	47	0	26	5	11	1	9	9	5	1	2	1	4	6	5	2	3	1	3	3	1	0	1	0	2	1	1	2	0	0	2	1	1	2	1	2	2	1	1	1	0	0	0	0	1	1	1	0	2	0	0	0	1	0	1	0	2	0	1	1	4	1	0	1	0	1	0	1	1	1	4	5	7	3	7	18	14	7	5	3	2	0	1	0	1	0	1	1	1	1	0	0	0	0	2	0	2	1	0	1	2	1	1	6	10	10	5	1	3	3	7	3	3	2	3	5	3	5	7	9	4	7	1	1	2	2	2	0	2	0	2	2	1	0	0	0	0	0	0	0	0	0	0	1	0	0	0	0	1	0	1	0	0	0	0	1	1	0	1	0	1	0	0	0	0	0	0	0	0	0	1	0	1	1	0	0	0	0	0	0	0	0	0	1	1	1	0	1	0	0	0	0	0	0	0	0	1	1	0	0	0	0	0	0	0	0	0	0
0	0	0	0	0	0	0	0	1	0	1	0	0	1	1	0	0	0	0	0	0	1	0	0	1	0	0	1	0	0	0	0	1	1	1	0	1	1	0	1	1	0	0	0	0	0	1	0	0	1	1	1	1	2	1	0	2	1	2	0	0	0	1	0	2	1	1	1	0	1	0	1	1	1	2	1	0	0	1	3	1	1	1	2	3	1	0	3	5	6	0	3	0	1	2	1	1	3	2	3	3	2	3	2	4	2	3	3	2	3	1	0	1	1	0	2	1	1	0	2	2	1	0	0	0	3	1	0	0	0	0	0	0	0	0	0	0	0	0	1	0	2	3	0	3	1	1	1	0	1	0	1	1	1	0	0	1	0	0	0	0	0	1	0	1	0	1	0	1	0	0	0	0	0	0	0	0	0	1	0	1	2	1	0	2	2	2	2	3	1	2	1	2	3	2	4	4	2	2	2	0	1	0	1	3	1	0	0	0	1	1	0	0	1	0	1	1	3	1	2	5	3	3	2	1	3	1	9	6	10	5	42	19	12	5	5	2	1	2	2	5	7	17	11	11	7	11	5	6	6	5	80	17	12	4	11	5	8	26	5	10	0	3	4	0	1	0	5	2	2	1	1	2	1	0	1	6	6	4	5	11	15	26	0	31	19	17	12	13	12	8	7	3	2	7	5	0	2	3	2	3	0	3	1	0	2	0	3	1	0	3	1	0	1	1	1	1	0	1	1	1	0	0	2	1	1	0	0	2	1	2	0	2	0	1	0	1	1	2	1	2	0	1	2	2	3	0	1	0	1	0	1	3	3	3	2	5	14	4	1	1	2	1	1	0	0	1	2	0	0	0	1	0	0	0	0	1	0	1	1	0	1	1	5	4	7	12	3	4	7	4	22	11	2	5	2	5	3	6	5	3	1	1	2	3	1	1	1	0	0	0	0	0	1	0	0	0	0	0	1	0	0	0	0	0	1	0	0	0	0	0	0	0	0	1	0	0	2	0	0	0	0	0	0	0	0	0	0	1	0	0	0	0	0	1	3	0	1	1	0	0	1	1	0	1	1	0	1	0	0	0	2	0	0	0	0	0	0	1	2	0	0	0	0	0	0	0	0	1
0	0	0	0	0	0	0	0	0	0	0	0	1	0	0	0	0	1	2	0	1	0	0	1	1	0	1	1	0	0	0	0	0	0	0	0	1	0	0	0	0	0	0	0	0	1	0	1	0	0	1	1	2	4	0	1	1	0	1	0	0	2	0	1	0	0	1	1	0	1	1	2	3	4	4	2	2	7	2	1	2	4	2	3	1	4	3	3	4	6	4	2	1	1	2	3	1	1	1	0	7	7	3	3	8	3	3	8	2	3	3	3	1	2	0	2	2	2	0	0	1	0	0	0	0	0	1	1	1	2	3	0	0	1	0	1	1	1	2	1	1	2	3	1	3	1	2	0	0	1	0	1	1	1	2	1	0	0	0	2	0	2	0	2	0	1	0	0	2	0	0	1	0	0	0	1	0	0	0	1	0	2	1	1	1	1	1	2	1	3	4	3	9	5	3	3	3	4	3	2	3	0	2	1	1	1	0	2	4	2	1	2	2	1	1	0	3	3	3	3	0	2	7	2	5	2	10	25	13	8	8	32	15	11	7	9	3	5	3	2	6	2	10	15	19	22	44	11	6	6	5	9	3	5	6	6	6	8	11	8	3	6	2	2	3	2	2	0	0	1	2	2	2	1	1	2	1	2	0	5	6	7	5	31	0	62	47	24	27	7	13	11	11	4	11	12	5	1	4	1	7	1	4	0	6	2	4	2	1	1	0	1	1	1	3	0	1	1	0	0	0	0	0	1	0	0	0	1	0	1	2	0	0	0	3	1	2	2	1	2	0	0	0	1	1	1	3	1	0	0	1	1	4	4	4	5	4	7	2	3	1	0	1	2	1	1	1	2	0	2	1	1	0	1	0	2	0	0	1	1	4	0	4	4	1	11	3	6	7	5	7	12	10	3	4	4	3	4	3	2	3	4	2	1	0	0	2	2	0	1	1	3	0	1	0	0	0	1	0	0	0	0	0	0	0	0	0	0	0	2	0	0	0	0	0	0	0	0	0	0	0	0	0	1	1	0	0	1	0	1	0	0	0	0	2	0	0	0	0	1	1	1	0	0	0	0	0	0	0	0	0	1	0	0	0	1	0	0	1	1	0	0	0	0	0	0	0	0	0
0	0	0	0	0	0	0	0	0	0	0	0	0	1	1	1	0	0	0	0	0	0	0	0	1	1	1	0	0	2	0	0	0	0	0	0	0	0	0	0	0	0	2	0	0	1	0	0	0	2	0	1	1	0	3	1	2	1	0	1	2	0	1	1	0	0	1	0	1	2	1	0	0	2	4	0	2	0	2	2	2	7	3	3	7	4	2	3	5	2	3	0	1	4	0	2	2	7	4	4	5	9	4	4	7	6	3	9	7	4	1	4	1	2	1	2	0	0	2	0	1	2	1	1	1	1	0	0	1	0	0	0	0	0	0	0	2	1	1	1	3	1	1	1	1	3	1	0	2	1	1	0	0	0	0	1	1	2	3	1	2	1	0	2	2	2	2	0	1	0	0	0	1	0	2	0	2	1	0	0	2	0	0	0	0	0	1	2	0	2	1	1	7	4	1	1	4	2	1	4	1	4	3	1	1	5	0	0	0	0	0	0	1	1	0	3	4	2	5	1	4	2	3	4	2	6	19	151	14	12	11	33	13	6	9	2	1	1	6	3	2	1	7	10	7	12	20	8	5	4	2	9	8	4	10	4	5	4	13	9	3	4	4	2	4	2	3	1	4	0	1	2	0	5	3	1	4	5	2	5	3	7	11	19	62	0	60	20	19	26	10	8	5	2	11	10	6	10	5	4	4	2	0	1	2	2	2	2	1	1	0	0	0	0	0	2	4	1	2	0	0	1	0	0	1	2	0	0	0	2	0	0	1	1	0	0	0	0	2	0	1	1	0	0	1	1	1	2	1	0	1	0	0	2	0	2	6	3	1	1	0	1	0	0	0	1	0	0	0	0	1	1	0	1	0	1	0	1	0	0	2	1	1	4	3	4	8	3	6	10	25	22	13	0	5	4	1	3	4	4	5	4	3	1	1	1	1	0	2	1	0	1	0	1	0	0	0	0	1	0	1	0	1	0	0	0	0	0	0	0	0	0	1	0	0	1	1	1	0	0	0	0	2	0	0	0	0	0	0	0	0	0	0	0	0	1	0	0	0	0	0	0	0	0	0	0	0	0	0	1	0	0	0	1	0	1	0	0	0	0	0	1	1	0	0	0	0	1	1
0	0	0	0	0	0	0	0	0	0	1	0	0	0	1	1	1	0	1	1	0	1	0	0	0	1	0	0	0	0	0	2	0	0	1	0	0	0	0	0	0	1	1	0	0	0	0	1	0	0	1	1	0	1	0	1	0	0	1	1	1	1	2	1	2	3	3	1	1	0	0	0	1	3	2	5	2	1	0	1	3	3	2	2	4	1	2	2	12	5	1	3	2	3	2	0	1	1	2	2	6	11	6	9	19	8	8	8	5	4	2	2	4	2	1	1	0	0	0	0	2	1	1	0	1	0	0	3	1	0	1	1	0	1	1	2	0	1	1	2	1	0	0	1	1	3	2	2	1	2	0	0	1	0	2	0	0	0	1	0	0	1	3	1	1	2	4	0	3	1	3	0	3	0	1	1	1	2	0	0	2	0	0	1	0	0	0	1	2	2	2	3	5	5	5	4	5	3	6	2	5	3	3	0	6	3	2	2	5	1	1	5	0	3	0	1	2	3	2	4	0	2	2	3	3	3	10	30	7	12	7	14	3	6	9	2	2	4	3	5	0	4	2	2	8	14	15	10	2	3	3	8	6	4	3	6	6	9	12	4	4	4	2	7	2	2	0	2	1	0	0	0	1	1	2	1	3	4	0	1	4	4	1	17	47	60	0	36	56	57	61	21	14	6	21	9	2	3	1	5	4	2	0	1	1	3	4	0	3	0	0	0	0	1	1	0	0	1	2	1	1	1	2	1	0	1	0	0	1	2	0	0	0	0	2	0	0	1	1	0	1	0	0	2	0	0	1	0	0	1	0	2	2	0	0	2	1	5	1	1	3	1	0	1	2	1	2	2	1	0	0	0	0	1	0	0	0	0	3	3	0	1	3	0	2	3	5	7	5	2	12	13	6	4	7	1	3	4	2	0	1	2	2	0	1	1	2	0	0	0	1	0	1	2	0	0	0	0	0	1	0	1	0	0	1	0	0	0	0	0	0	0	0	1	0	0	0	2	0	0	0	0	0	0	0	0	0	0	1	0	1	1	0	0	0	1	0	0	0	2	0	0	0	1	0	0	1	0	0	1	0	0	0	0	1	1	0	0	0	0	0	0	0	0	0	0	0	0	0
0	0	0	0	0	0	0	1	0	1	1	0	0	3	0	1	0	0	0	0	0	0	1	0	1	2	2	1	0	1	0	0	0	1	0	0	0	0	0	0	0	0	0	0	0	1	0	0	0	0	0	0	2	2	1	2	1	1	1	1	1	1	0	0	0	0	0	0	0	0	0	0	0	3	2	2	2	0	4	2	1	3	3	3	5	2	3	1	4	4	2	1	0	0	2	1	0	2	4	3	5	6	10	3	6	2	5	6	8	4	2	5	2	2	2	0	0	0	1	3	3	1	1	0	0	1	0	0	1	1	0	1	1	0	0	0	0	0	1	2	1	1	1	1	1	0	1	0	0	1	2	2	0	1	0	1	1	2	1	0	0	0	2	2	0	1	1	1	0	1	1	1	0	2	0	1	0	1	3	0	0	0	0	1	0	0	1	1	7	2	3	4	9	6	2	4	3	4	7	5	2	5	4	2	2	3	3	4	2	1	1	3	2	3	2	1	1	0	1	0	0	1	2	4	4	2	4	6	5	2	2	7	8	4	3	1	1	4	4	2	0	5	5	14	12	21	19	9	8	2	3	8	3	2	4	3	5	6	12	5	0	2	1	2	1	0	0	4	0	0	2	2	3	0	2	1	3	1	1	2	4	2	9	12	24	20	36	0	110	14	22	21	12	12	12	7	5	3	2	3	4	4	2	2	3	2	1	2	2	2	1	0	1	1	1	1	1	2	1	0	0	1	0	0	1	0	0	0	0	0	2	1	0	3	1	1	0	0	2	0	1	5	2	2	0	1	0	0	0	2	0	1	1	3	4	1	6	6	2	2	1	0	1	1	0	2	1	2	1	0	0	0	1	0	0	0	0	3	0	0	0	3	2	1	4	5	5	1	2	1	1	7	3	3	0	1	0	1	4	2	2	3	3	0	1	1	1	2	1	0	0	1	1	0	0	0	0	0	0	0	0	0	1	0	0	0	0	0	0	0	0	0	0	0	0	0	0	0	0	0	1	0	1	1	0	0	1	0	0	0	0	0	1	0	0	0	1	0	0	0	0	0	0	0	0	0	0	1	0	0	0	0	1	0	1	0	0	1	0	0	0	0	1	0	0	0	0	1	0
0	0	0	0	0	0	0	0	0	1	0	1	0	1	0	0	1	0	1	0	0	0	0	0	1	1	1	0	0	0	0	0	0	0	1	0	0	1	0	1	0	0	0	1	0	0	1	1	1	1	1	0	1	1	0	1	0	0	0	0	1	2	0	1	0	0	0	1	0	0	0	0	1	3	1	1	4	2	0	2	2	7	2	2	5	2	1	5	3	1	2	2	2	2	1	0	2	1	4	4	4	4	7	3	7	4	4	4	4	4	5	1	1	2	2	3	0	0	2	1	2	1	1	0	0	2	1	0	1	0	1	1	2	0	1	0	1	1	2	0	0	2	2	1	3	0	1	0	4	0	0	0	1	2	2	0	1	0	0	2	0	1	1	1	0	2	0	0	0	0	0	0	1	1	0	1	0	0	0	1	0	0	1	0	3	3	0	0	7	0	3	4	8	3	4	1	4	1	4	0	2	5	6	1	1	3	2	1	1	1	3	3	0	0	2	1	1	1	3	1	0	0	4	2	2	7	6	11	7	7	4	10	10	2	2	3	2	3	2	1	3	2	6	8	2	8	14	4	2	2	5	5	6	0	7	4	11	18	19	5	2	3	1	4	1	1	1	1	2	1	0	0	0	0	1	1	2	3	2	2	4	6	9	13	27	19	56	110	0	57	59	19	17	6	13	11	1	3	5	3	2	1	1	2	0	4	4	1	0	0	1	0	1	1	0	2	1	0	4	1	0	0	1	0	1	0	1	1	0	0	1	0	1	0	1	0	0	1	0	1	3	0	0	2	1	1	0	2	1	0	0	1	3	3	2	1	1	5	0	3	0	0	0	3	0	1	2	1	0	1	0	1	1	0	1	1	0	2	1	0	1	0	3	1	1	0	7	3	1	6	1	7	8	7	2	2	1	1	1	0	3	2	1	0	0	0	1	0	1	0	0	0	0	0	0	0	0	0	0	1	0	0	0	0	0	0	0	0	0	1	0	0	0	0	0	0	0	0	0	0	0	0	0	0	1	0	0	0	0	1	1	0	0	1	0	0	0	0	0	0	0	0	0	0	1	0	1	0	0	0	0	0	0	0	1	0	0	0	0	0	0	0	0	0	0	0	0	0	2
0	0	0	0	0	0	0	0	0	0	0	0	0	0	0	0	0	0	0	0	1	1	0	0	1	1	0	0	0	0	0	0	0	0	0	0	0	0	1	0	0	0	0	0	1	0	0	0	1	0	0	1	1	4	2	0	0	2	1	1	1	0	1	0	2	0	0	0	1	0	1	1	0	0	2	1	0	0	1	2	5	5	0	3	0	2	2	3	4	4	1	2	1	3	3	3	3	0	2	3	5	6	14	10	15	8	4	6	5	2	0	0	0	2	3	0	0	0	0	0	0	0	1	0	2	0	1	0	2	1	0	1	0	0	0	0	0	1	1	1	2	2	2	3	1	2	0	0	0	2	0	1	0	2	0	0	0	0	1	1	1	0	0	0	0	0	0	0	2	1	0	0	0	0	0	2	1	1	0	0	1	0	1	1	0	1	0	0	1	0	3	4	9	1	4	1	1	0	4	2	1	5	3	3	6	4	0	1	0	0	1	0	4	0	2	1	0	0	1	4	3	2	4	0	5	2	6	12	3	4	3	5	4	3	3	3	0	0	1	1	2	2	6	3	2	8	5	2	2	6	2	11	4	8	7	5	14	32	22	9	2	5	2	2	2	2	2	0	0	1	1	0	2	2	1	0	1	2	2	4	1	3	5	12	7	26	57	14	57	0	31	13	10	2	5	7	4	3	4	2	1	0	2	0	0	0	1	0	2	0	0	0	4	2	2	0	0	2	0	1	0	0	0	1	0	0	2	1	0	1	0	0	1	2	0	0	2	1	1	2	0	0	1	2	0	1	1	0	1	1	0	0	2	2	2	1	4	3	2	0	0	1	0	2	0	0	0	1	2	0	0	1	0	0	1	1	1	1	0	0	3	1	0	1	2	3	6	1	6	5	6	9	2	6	0	2	4	2	6	0	4	0	1	0	0	0	0	0	1	0	2	1	0	0	0	0	0	0	0	0	0	0	1	0	1	0	0	1	1	0	0	1	0	0	0	0	0	0	0	0	0	0	0	0	0	1	1	0	0	0	0	0	0	0	1	1	0	0	0	0	0	0	0	0	0	0	0	0	1	0	0	0	1	0	0	0	0	0	0	0	0	0	0	0	0	0	0	0	1
0	0	0	0	0	0	0	0	0	0	1	0	1	0	0	0	0	0	1	0	0	0	1	0	0	0	0	0	0	1	0	0	0	0	0	1	0	0	0	0	0	1	0	1	1	0	0	0	0	0	2	2	4	3	1	1	0	1	2	1	1	3	2	3	1	0	0	0	1	0	0	0	1	2	1	2	2	2	0	1	0	7	6	4	3	0	1	2	8	6	5	3	3	1	5	2	1	5	6	4	4	9	14	7	29	13	8	26	14	10	1	2	2	3	1	0	1	0	0	0	1	1	0	0	0	1	0	2	1	2	1	0	0	2	2	1	0	1	0	0	4	2	0	2	3	0	0	1	1	0	1	1	0	0	0	0	0	1	1	0	0	1	0	0	0	0	1	1	0	1	1	0	1	1	1	0	1	0	0	2	2	0	0	0	1	0	1	4	2	4	4	4	4	4	3	3	2	3	7	6	2	5	7	3	5	3	6	1	3	2	2	3	2	3	1	2	1	2	1	1	3	4	4	4	4	4	9	10	3	4	5	8	3	1	2	1	3	2	4	3	3	0	2	4	4	6	15	9	3	3	3	5	4	0	5	4	5	9	2	3	5	1	1	2	1	0	1	1	0	0	0	2	2	1	1	3	0	0	0	1	0	1	1	8	13	10	61	22	59	31	0	128	29	16	34	10	5	4	2	5	2	5	3	2	1	3	4	3	1	1	0	1	0	1	0	0	1	0	0	0	0	1	0	1	0	1	0	1	0	0	0	2	0	2	0	1	1	0	0	1	0	0	1	1	1	0	2	1	0	1	0	0	1	1	3	2	2	2	1	2	3	0	0	4	1	2	1	0	0	0	1	0	0	0	1	2	3	0	0	1	0	1	1	2	1	5	7	3	1	3	4	5	3	2	4	4	2	1	3	1	3	1	1	1	3	0	0	0	0	0	1	0	0	0	1	1	0	1	0	0	0	0	0	0	0	1	0	0	1	0	0	0	0	1	0	0	1	0	0	0	0	0	0	0	0	0	0	0	0	0	1	0	1	1	0	1	0	1	1	0	0	0	0	1	1	0	1	0	1	0	1	0	0	0	1	0	0	0	0	0	0	1	0	0	0	0	0	0	0
0	0	0	0	0	0	0	1	0	0	0	0	0	0	0	0	0	1	0	0	0	0	1	0	0	1	0	0	0	0	0	0	0	1	2	2	0	1	2	1	0	0	1	0	0	0	0	0	1	0	1	1	3	1	2	5	0	4	5	4	2	1	1	1	2	1	1	1	1	0	0	1	2	4	0	2	2	2	3	3	4	14	5	3	6	7	1	4	4	4	2	2	5	3	2	4	0	3	3	4	10	13	16	11	17	12	8	28	16	14	5	6	6	6	1	0	3	0	0	0	3	3	0	0	1	0	0	2	0	1	0	0	1	0	1	0	0	2	0	0	2	3	1	1	1	0	1	2	0	0	2	1	0	3	1	0	3	0	1	2	2	1	1	0	1	2	1	0	1	2	0	0	0	0	0	0	2	1	1	1	0	1	0	0	0	1	4	1	1	3	3	3	8	6	2	5	9	5	7	4	10	12	5	3	12	3	4	6	3	0	1	2	2	3	3	0	2	3	1	1	4	4	3	3	3	6	6	8	4	4	1	7	1	2	1	0	5	2	4	1	2	4	2	5	5	6	7	5	3	5	2	5	2	2	2	3	3	6	6	1	1	2	0	3	0	2	2	2	1	1	0	0	1	3	0	1	2	0	2	1	2	3	2	7	11	8	21	21	19	13	128	0	43	20	32	10	9	2	3	0	2	1	0	2	1	2	4	0	2	0	1	1	2	2	1	0	1	0	0	1	0	0	0	0	0	1	0	1	1	1	0	0	1	1	2	0	1	1	0	0	0	0	0	1	0	0	1	0	3	1	0	2	3	2	2	0	1	2	5	1	1	1	0	0	1	2	1	0	0	0	1	0	0	1	0	1	0	0	3	1	0	0	1	2	0	2	2	3	1	3	3	6	5	0	3	1	3	1	1	4	1	0	0	2	0	1	0	0	0	0	0	0	1	1	1	1	0	0	0	0	0	0	0	0	0	2	0	0	0	0	0	0	0	0	0	0	0	0	1	0	0	0	1	0	0	0	0	0	0	0	0	0	0	0	0	0	0	0	0	0	1	0	0	0	0	1	0	0	0	1	1	0	1	0	0	0	0	0	1	1	0	0	0	0	0	0	0	1	0
0	0	0	0	0	0	0	0	0	0	0	0	0	0	1	0	0	1	0	2	0	0	0	0	0	2	1	1	0	0	0	0	0	0	1	2	0	0	0	0	1	0	0	1	0	0	0	0	2	0	0	4	0	8	4	1	1	2	2	2	1	2	1	1	1	2	1	3	0	0	2	2	1	5	4	2	1	2	1	5	4	9	1	6	10	5	4	4	33	30	6	8	3	7	2	2	2	5	7	3	10	13	7	8	7	30	4	24	18	21	6	2	6	2	2	1	2	1	1	1	0	1	0	1	3	1	0	0	5	0	3	1	1	0	2	1	1	0	1	1	4	2	2	3	2	3	5	0	3	1	0	0	0	2	1	0	1	1	2	0	2	1	2	2	1	0	1	2	1	0	0	1	1	0	2	1	0	2	1	1	0	2	0	0	2	1	2	1	8	6	10	9	18	8	7	5	18	7	3	5	11	8	6	3	2	2	1	4	5	2	4	1	3	4	3	1	2	1	2	2	2	2	1	2	5	2	7	8	10	5	0	6	4	4	3	1	2	0	3	3	3	5	4	1	4	7	7	8	6	3	2	2	4	1	2	1	2	2	2	2	3	2	2	2	2	1	1	1	1	0	1	0	3	1	1	0	1	0	0	0	2	0	1	3	11	5	14	12	17	10	29	43	0	95	197	22	11	8	2	3	2	7	2	3	2	3	2	3	5	0	0	2	2	0	0	3	2	0	0	0	3	0	1	1	0	0	0	0	2	0	0	0	0	0	1	0	1	0	2	2	0	1	0	0	0	1	1	0	0	0	1	0	4	1	1	1	2	1	2	2	1	1	0	1	0	1	1	1	0	1	1	1	0	0	2	0	0	0	1	1	1	0	0	4	0	3	3	4	2	2	3	7	3	2	0	0	0	1	1	1	2	0	2	0	0	0	0	1	1	0	0	1	0	0	0	0	1	0	0	0	0	0	1	0	0	0	0	0	1	1	1	0	0	0	1	1	0	0	0	0	0	1	0	1	1	0	0	1	1	0	1	0	0	0	0	0	0	0	0	0	0	0	0	0	0	0	0	2	0	0	0	0	0	0	0	1	0	0	0	0	0	1	0	0	1	0	0	0	0
0	0	0	0	0	0	0	1	0	0	0	0	0	0	0	0	1	0	0	0	0	1	0	0	2	1	0	3	0	0	0	0	0	0	0	0	0	0	0	0	0	0	0	1	0	0	2	2	2	3	1	0	4	2	9	1	4	4	1	4	1	1	5	1	4	1	1	1	1	0	2	1	2	12	6	4	4	3	8	5	4	11	5	8	22	6	7	4	24	24	5	8	2	1	2	2	2	1	5	4	4	4	9	4	10	6	11	11	14	17	11	7	4	5	2	0	5	1	2	1	1	1	0	2	0	1	3	2	2	1	2	2	1	2	0	0	0	2	1	0	2	0	2	2	2	5	5	4	4	0	0	1	0	2	1	0	0	1	0	1	0	1	2	1	0	1	1	1	0	0	0	0	0	0	0	2	0	3	2	1	2	4	2	0	0	3	1	1	3	11	31	35	42	14	8	11	21	13	7	3	4	4	4	3	3	3	4	3	3	5	0	6	1	2	3	6	2	4	1	0	2	1	5	5	1	3	5	6	4	3	2	4	4	0	1	1	1	4	4	1	6	0	3	2	6	9	9	16	7	7	5	1	2	1	0	3	0	3	3	3	2	1	1	2	1	1	1	1	1	0	1	0	0	1	1	2	0	6	0	1	3	0	4	2	4	2	6	12	6	2	16	20	95	0	44	10	7	3	6	3	2	2	5	2	0	6	7	6	2	2	1	1	0	0	0	1	1	2	3	0	0	0	0	1	1	2	0	0	0	0	0	0	1	1	0	0	1	0	0	1	0	1	0	0	2	0	1	0	0	1	1	0	4	2	0	1	4	0	1	1	2	3	1	1	1	0	0	0	0	1	0	0	1	0	1	1	5	1	1	0	1	0	1	0	1	1	0	2	0	0	1	0	1	1	3	0	0	1	0	1	2	0	0	1	1	1	1	0	1	1	0	0	0	1	0	0	1	0	0	0	0	0	0	0	0	0	0	0	0	0	0	0	0	0	0	1	0	0	0	0	0	0	0	0	0	2	0	0	0	0	0	0	2	0	1	0	0	0	0	0	0	0	1	0	0	0	0	0	1	1	0	0	0	0	0	0	0	0	1	1	0	0	0	0	0	0	0	0	0
0	0	0	0	0	0	0	0	0	0	1	2	0	0	0	0	0	3	1	0	0	0	2	0	0	0	0	0	0	0	1	0	1	0	1	0	0	0	0	0	0	0	1	0	0	0	0	0	0	1	0	2	2	1	2	2	2	2	2	2	1	2	0	0	1	2	2	1	0	0	0	1	1	6	3	1	5	2	2	1	1	6	1	7	7	3	4	6	26	18	7	6	5	2	1	3	0	2	4	3	9	13	6	3	12	13	2	13	8	9	5	4	3	2	5	1	1	3	0	1	3	5	2	1	1	0	1	2	0	0	2	1	1	1	2	1	1	1	1	3	1	1	1	4	2	6	0	1	2	0	3	1	0	2	3	1	1	1	2	1	1	1	0	0	0	1	2	0	1	1	0	2	1	1	1	0	1	1	2	1	3	1	1	2	4	0	4	1	2	5	10	12	17	10	10	9	13	7	5	4	6	5	2	2	4	2	2	3	3	1	2	4	3	1	4	2	3	4	1	0	1	4	5	7	2	1	6	11	14	8	3	10	8	1	1	5	2	5	3	3	3	5	6	7	4	8	14	14	5	10	8	5	4	2	4	0	3	8	3	1	1	1	2	3	0	4	2	0	2	2	1	0	1	0	0	2	3	1	2	2	0	2	6	7	11	11	21	12	13	5	34	32	197	44	0	28	11	4	8	3	7	2	1	3	3	7	6	4	2	2	0	1	2	0	1	1	0	2	2	3	0	0	0	1	0	1	1	1	1	0	1	0	0	0	0	3	0	1	2	0	2	1	0	1	2	0	0	0	0	0	3	2	1	1	3	3	1	2	5	1	3	2	0	1	3	0	0	2	1	0	0	0	0	1	1	0	0	1	0	1	2	1	3	1	7	4	3	0	3	1	7	3	5	4	0	0	2	1	0	1	3	2	1	1	0	0	1	0	1	1	0	1	0	1	1	0	0	0	2	0	3	1	0	0	0	0	0	1	0	0	0	0	1	0	0	0	1	4	0	1	2	0	0	0	0	1	0	1	0	0	0	0	1	0	0	0	1	0	1	0	0	0	1	0	0	0	0	1	0	1	0	0	0	0	0	0	0	0	0	0	0	0	0	0	1	0	0	0	0
0	0	0	0	0	0	0	0	0	0	0	0	0	0	2	0	0	1	0	0	0	0	0	0	0	2	1	0	1	2	0	0	0	0	2	1	1	1	0	0	0	0	0	1	1	0	4	0	0	2	0	0	4	2	3	0	2	3	1	1	3	4	0	0	1	0	3	0	0	0	1	1	1	8	2	1	3	1	3	0	0	7	1	2	5	7	2	9	40	32	10	6	6	2	5	5	3	3	5	9	17	7	6	6	8	8	5	11	3	6	2	1	1	3	0	5	1	1	0	0	1	1	2	3	0	0	0	0	1	0	3	2	0	4	0	2	4	0	3	2	2	0	1	2	3	1	0	1	3	0	0	3	1	0	2	1	1	0	5	2	0	0	2	1	0	2	3	1	0	1	0	1	1	1	0	2	2	1	0	2	1	2	3	3	2	7	5	5	11	6	6	4	13	7	12	8	10	3	5	3	9	2	3	1	1	3	0	4	3	3	1	1	2	3	5	3	5	5	5	6	8	4	11	8	8	4	19	11	44	10	10	10	3	5	4	5	2	5	2	4	6	5	3	5	5	8	11	9	8	8	5	3	3	5	1	6	2	6	2	5	3	2	0	5	0	0	1	0	1	2	0	3	1	2	0	0	0	1	2	2	5	1	5	5	12	10	9	7	11	7	10	10	22	10	28	0	71	36	19	12	7	7	4	2	3	3	6	1	1	1	0	2	0	2	1	0	2	2	0	3	1	1	1	1	1	0	1	0	0	1	0	0	1	1	0	1	0	1	0	1	6	1	0	1	0	0	0	4	0	1	3	1	0	0	0	2	4	4	1	2	0	0	2	0	1	0	2	0	1	1	0	1	0	0	1	0	1	0	2	2	3	2	1	3	3	0	2	3	4	3	3	5	5	4	3	0	1	3	0	2	4	2	0	1	0	2	1	1	0	0	0	0	1	0	1	0	0	0	1	2	0	0	0	0	0	2	1	0	0	1	1	0	0	0	2	0	0	1	0	0	0	0	0	1	0	0	0	0	0	1	0	1	0	0	0	0	0	0	0	0	0	0	0	1	0	0	1	2	0	0	0	1	0	0	0	0	2	0	0	0	0	0	0	0	0	0	0	1	0
0	0	0	0	0	0	0	0	0	0	0	0	1	1	2	0	0	1	0	1	0	0	1	0	2	1	0	1	0	0	1	0	0	1	1	1	0	0	0	0	0	1	0	0	0	1	1	0	0	3	1	2	7	6	9	4	5	2	2	0	2	3	2	2	0	2	0	0	2	1	1	0	2	1	2	2	3	1	4	1	0	0	5	1	2	9	0	15	27	10	17	11	8	5	8	5	5	6	14	16	22	6	6	2	2	10	8	9	2	4	4	1	4	0	5	1	1	2	1	1	1	1	1	0	2	2	2	2	1	3	1	1	0	1	2	1	0	1	2	4	2	3	0	4	3	4	3	4	2	1	0	1	0	1	0	2	1	2	1	0	1	2	2	2	0	1	2	2	1	1	1	2	1	2	1	1	1	1	0	1	3	5	3	1	1	4	7	6	12	30	7	1	2	1	7	7	9	4	0	0	2	2	3	2	4	0	0	1	0	4	0	5	2	2	5	6	6	8	5	5	8	13	29	11	13	6	8	7	24	11	9	3	3	1	6	3	1	2	0	2	1	3	1	0	6	5	6	10	6	8	5	3	2	2	0	0	2	0	3	1	3	2	0	0	0	2	0	1	0	2	0	3	2	1	1	0	0	1	2	2	0	1	2	0	5	6	2	5	1	4	5	9	11	7	11	71	0	73	25	9	8	2	2	4	5	3	5	7	1	0	1	0	1	2	1	0	1	1	1	2	3	0	0	1	1	0	0	0	0	0	0	1	0	2	2	1	0	0	0	1	0	1	1	1	1	2	1	0	0	2	0	1	1	0	1	1	1	6	4	1	2	4	2	1	1	1	1	0	0	0	0	1	1	1	1	2	1	0	2	2	1	1	0	2	3	9	2	1	3	1	1	1	5	3	4	1	0	1	2	3	2	0	3	1	0	1	2	0	1	0	1	0	1	0	0	0	0	1	0	0	0	1	1	1	0	0	1	0	0	0	0	0	0	0	0	0	1	0	0	0	1	1	0	0	0	1	0	1	0	1	2	0	0	0	0	1	0	0	0	0	1	0	0	1	0	1	0	0	1	0	0	0	0	0	0	0	0	0	0	0	0	0	0	0	0	0	0	0	0
0	0	0	0	0	0	0	0	1	1	1	0	0	1	0	1	0	1	0	0	2	0	0	0	0	3	1	0	1	0	1	0	0	0	0	0	1	0	0	1	1	2	0	0	0	0	0	1	1	1	2	3	3	4	3	1	4	1	0	2	0	1	0	2	0	3	0	0	3	0	1	2	1	2	3	1	3	1	2	1	2	1	1	4	7	2	3	11	4	7	5	5	2	2	7	5	3	3	7	5	17	7	4	2	0	3	1	5	3	8	4	0	2	0	2	1	2	0	2	1	0	2	1	1	1	0	1	3	0	1	1	0	1	1	0	0	2	1	1	1	5	3	2	4	2	1	1	0	0	1	3	0	0	1	3	0	2	2	2	1	0	4	2	1	0	1	0	0	1	3	0	1	2	1	1	5	1	2	2	2	2	4	4	2	2	1	5	9	22	21	5	1	5	2	8	7	2	0	1	2	4	2	1	2	1	1	1	4	1	1	1	0	2	2	4	6	6	4	13	9	21	14	37	26	12	7	7	10	31	15	12	4	2	6	3	4	1	1	1	5	1	2	2	2	7	5	6	3	4	11	5	2	2	6	2	5	2	0	1	1	1	3	2	0	2	1	1	1	1	0	1	0	0	2	1	0	0	3	4	2	1	3	3	2	1	10	3	3	3	3	4	2	8	3	4	36	73	0	41	33	10	6	4	1	3	6	2	2	3	3	1	3	2	0	2	2	3	8	4	2	1	1	0	1	2	0	0	2	1	0	1	2	0	1	2	1	1	2	6	3	4	1	0	2	0	2	0	0	1	3	0	0	0	1	0	0	3	1	4	4	4	3	4	0	1	1	1	1	2	0	1	0	0	0	0	2	2	3	2	0	1	1	5	4	2	1	5	2	2	2	5	1	3	4	1	0	1	1	1	1	0	2	1	3	0	2	1	2	0	0	1	2	1	0	0	0	0	0	1	0	0	1	0	0	0	0	0	0	2	0	0	0	0	1	0	1	0	0	1	0	3	1	1	0	1	0	0	1	0	0	0	0	0	0	1	0	0	0	0	1	0	0	3	0	1	1	0	0	1	1	1	1	0	1	0	0	0	0	0	1	0	1	0	0	0	0	0	0	0
0	0	0	0	0	0	0	0	0	1	0	1	0	1	1	0	1	1	0	0	1	0	0	1	1	1	2	0	1	0	0	0	0	1	1	0	2	0	1	1	0	1	0	0	0	0	0	0	0	2	3	1	2	4	1	6	2	3	2	2	3	0	0	2	0	0	0	1	1	1	0	2	4	3	4	0	1	2	0	0	1	2	2	3	6	3	2	12	12	14	10	6	2	0	4	3	2	3	3	5	4	2	1	1	3	1	2	6	3	4	1	2	8	4	0	1	5	0	2	0	2	3	1	3	1	2	1	0	2	2	0	3	1	4	4	1	2	2	3	5	3	6	8	4	5	2	2	2	3	0	1	3	1	2	1	2	1	3	2	0	0	0	2	2	2	3	1	2	1	1	2	0	3	1	0	1	2	3	0	2	2	2	6	1	12	5	9	7	22	41	3	3	7	8	17	14	1	1	5	1	4	1	2	1	4	0	1	1	1	1	3	2	0	1	3	4	11	20	23	19	20	12	10	7	5	6	5	4	12	8	8	5	1	5	9	5	2	2	3	2	2	4	2	1	3	2	3	8	11	21	6	1	1	2	2	0	3	1	2	2	0	0	0	2	2	2	1	1	1	1	0	1	0	1	0	2	0	2	1	0	2	1	1	3	4	5	1	2	5	4	2	3	2	6	8	19	25	41	0	33	20	14	6	1	4	7	10	4	2	1	1	3	2	2	4	1	2	7	6	4	1	1	1	2	0	0	0	1	0	1	1	2	1	0	2	1	1	1	0	0	0	1	0	3	0	1	3	1	1	0	2	0	0	1	0	2	2	5	5	6	8	3	2	0	1	3	1	0	1	1	0	0	0	0	3	2	0	2	3	3	4	5	5	3	4	1	3	0	1	2	2	5	2	2	3	1	3	0	3	0	1	2	2	2	3	2	3	1	1	1	2	0	1	1	0	0	0	1	0	0	0	1	0	0	0	0	0	0	0	0	0	0	0	0	0	0	1	0	1	0	0	1	0	0	0	1	0	0	1	0	1	0	0	0	0	0	0	0	0	0	1	0	1	0	0	1	1	1	0	2	1	0	0	1	0	0	0	0	1	2	0	0	0	0	0	0	0	0	0
0	0	0	0	0	0	0	1	1	1	0	0	0	0	1	0	2	2	0	1	0	0	0	0	0	0	1	1	0	0	0	0	0	0	0	1	0	0	0	0	0	0	1	0	1	0	1	0	1	2	3	1	4	1	0	0	3	2	2	0	0	1	2	2	0	1	0	1	1	0	0	1	0	0	2	1	0	2	2	2	2	2	0	5	2	0	3	1	7	1	3	4	0	2	2	5	3	1	5	5	2	5	0	2	6	1	2	6	3	1	3	2	2	1	2	2	0	1	2	1	2	2	0	0	0	1	2	4	3	0	1	0	1	2	0	3	3	6	2	3	4	3	0	5	3	6	1	3	1	0	0	2	3	0	3	1	0	0	2	0	2	1	2	1	1	3	2	1	1	2	1	1	1	1	1	1	1	0	1	3	6	2	3	3	5	4	8	5	11	13	3	1	4	9	9	3	3	2	0	0	1	1	3	1	2	1	3	0	1	1	1	0	1	1	2	1	7	22	17	38	44	19	11	18	7	3	3	7	23	16	18	8	6	6	9	6	6	6	2	5	0	3	4	5	5	1	6	6	6	14	8	1	3	1	2	2	0	3	0	2	1	0	0	1	1	2	0	0	1	2	1	1	1	2	2	1	3	1	1	2	2	3	3	2	1	4	5	3	3	2	5	0	3	3	3	12	9	33	33	0	36	6	7	6	1	3	4	2	2	0	0	3	4	6	1	2	4	9	0	1	3	1	1	2	0	0	1	6	0	2	2	4	6	2	3	3	3	3	3	3	1	1	2	0	1	0	1	1	1	3	2	3	1	2	4	1	3	3	8	5	3	3	4	3	1	0	0	2	0	1	2	1	1	1	1	2	1	3	1	0	5	6	3	9	9	4	0	2	2	2	4	4	5	7	1	1	3	4	4	2	4	3	4	2	3	0	0	1	2	1	0	0	2	2	0	1	0	0	1	0	0	0	2	0	1	0	1	1	0	1	0	1	1	0	0	2	1	1	0	0	2	0	0	0	0	0	1	1	0	1	0	0	2	1	3	0	0	0	0	0	1	1	0	0	1	0	0	1	1	0	1	1	0	0	0	1	0	0	0	0	0	0	0	0	0	1	1	0	1
0	0	0	0	0	0	0	1	0	0	0	2	0	1	0	1	0	0	3	0	0	0	0	1	0	0	1	2	0	1	1	0	1	0	0	0	1	0	0	0	0	0	1	0	1	0	0	0	1	1	0	1	2	3	0	3	1	1	0	2	3	0	1	4	0	1	1	2	2	2	1	1	1	1	4	1	2	1	1	2	0	2	3	2	2	0	1	4	4	8	1	0	5	3	2	4	1	0	1	3	3	2	1	1	3	3	1	2	0	1	4	5	3	3	2	1	1	2	0	1	1	3	0	2	1	0	0	1	3	2	3	0	1	0	1	1	2	4	5	2	1	3	1	6	2	2	4	2	1	0	0	1	1	0	0	0	0	1	1	2	1	2	0	0	0	0	5	0	5	0	2	0	0	0	3	4	1	2	1	2	1	4	2	0	3	7	7	4	8	8	2	2	2	7	7	4	1	2	1	2	1	2	0	0	1	1	3	2	2	2	0	1	2	1	1	1	6	10	23	31	9	6	4	5	6	6	6	8	18	7	18	5	5	11	17	8	18	6	4	14	10	6	9	5	15	6	6	9	13	44	22	3	2	1	2	0	1	2	2	1	2	3	0	1	3	1	0	1	0	2	0	1	0	1	2	1	1	1	2	2	3	5	3	3	7	4	4	4	2	1	2	2	2	2	7	7	8	10	20	36	0	26	13	7	6	4	3	4	2	1	2	1	2	2	3	3	1	9	5	1	4	3	0	1	0	0	0	1	0	1	2	0	1	2	1	0	1	1	0	1	1	1	0	1	0	1	2	1	1	1	1	3	4	2	4	4	5	6	1	3	3	1	2	4	3	3	1	3	2	1	1	3	1	4	1	1	2	1	2	3	3	7	3	7	5	5	5	2	2	1	1	1	9	5	7	2	0	2	3	4	4	2	7	5	2	7	5	0	1	2	4	0	1	0	1	2	0	0	0	0	0	1	1	1	1	0	0	0	0	0	0	2	0	1	0	1	0	0	1	1	1	2	0	2	0	1	0	3	1	0	0	0	1	0	1	1	1	0	1	1	0	0	0	0	1	3	1	0	1	0	1	1	0	0	0	0	0	0	0	0	0	1	1	0	0	0	0	1	1
0	0	0	0	0	0	0	0	3	0	0	0	1	1	0	0	0	0	1	2	0	0	3	1	2	2	0	2	0	0	1	0	0	0	0	1	1	0	1	1	0	0	1	0	0	0	0	3	0	0	1	3	0	3	2	1	2	1	1	3	1	0	5	1	2	0	1	0	0	0	2	1	1	1	5	2	1	0	0	1	1	1	1	4	3	0	5	2	11	3	4	3	0	0	0	1	1	2	3	2	2	5	3	2	3	2	0	0	3	2	2	2	3	1	3	3	0	1	1	0	0	4	2	4	2	2	1	4	3	1	3	1	1	3	2	2	2	4	6	5	7	7	9	6	6	6	2	2	1	3	1	0	1	1	1	0	1	0	0	1	1	0	1	2	0	2	2	0	3	1	0	0	1	0	0	3	1	2	0	2	2	4	4	2	2	8	8	5	4	6	2	2	4	8	13	4	4	0	1	0	1	1	2	0	1	1	2	2	0	4	1	2	2	1	4	6	6	28	33	20	4	2	4	2	5	1	1	6	3	5	3	1	4	3	4	10	7	10	6	14	4	5	0	4	7	7	5	9	14	31	15	2	2	1	3	0	1	0	2	1	2	0	1	1	0	0	0	2	0	0	2	1	0	1	2	1	0	2	2	3	1	1	1	0	1	2	2	4	1	0	5	1	7	2	2	7	2	6	14	6	26	0	62	17	13	12	10	3	6	5	2	3	6	5	8	2	6	24	12	2	2	1	0	1	3	1	2	2	0	1	2	2	5	3	0	1	0	2	1	1	1	0	1	3	1	0	0	0	1	2	0	1	2	3	7	5	4	5	6	13	11	5	1	3	5	4	1	1	0	2	1	1	3	1	4	2	3	2	6	6	5	6	10	1	5	0	2	0	1	1	0	2	2	0	2	1	1	4	1	2	3	3	1	2	3	5	0	1	0	0	0	0	2	0	1	0	1	0	0	0	1	1	0	0	0	0	2	0	0	0	0	1	0	0	1	1	0	0	0	0	1	0	1	1	0	1	0	1	1	0	0	1	0	1	0	2	0	0	0	0	0	0	0	2	1	0	0	0	0	0	1	0	0	0	3	0	1	1	0	0	0	0	0	1	0	1	1	1	0
0	0	0	0	0	0	0	1	0	0	1	0	0	0	0	0	0	1	0	0	0	2	0	2	1	0	0	1	2	0	0	0	0	2	1	1	0	0	0	0	2	1	0	1	0	0	0	1	0	1	0	1	3	1	0	0	0	0	2	0	1	2	2	1	2	0	0	1	3	1	3	2	1	1	5	1	0	1	2	2	3	0	0	1	1	3	1	0	7	5	4	1	1	3	1	1	2	0	0	5	3	0	1	0	0	0	2	0	2	3	1	2	2	4	0	3	1	2	1	4	1	3	3	3	5	0	4	4	1	0	5	2	3	3	4	1	3	8	8	9	5	16	17	8	5	6	2	3	1	1	0	0	4	0	1	1	1	1	0	0	0	1	2	1	1	1	1	2	2	0	3	1	0	0	0	2	1	3	0	1	5	1	1	3	2	1	0	2	3	6	3	1	3	5	12	7	1	1	0	2	0	1	2	0	0	0	1	1	0	1	1	1	0	1	2	7	10	14	8	6	6	6	3	1	5	3	1	0	6	1	3	1	2	4	6	3	5	5	7	10	17	6	4	2	1	4	1	6	16	29	13	0	0	1	1	2	0	4	1	1	0	1	0	0	0	0	0	2	1	1	2	0	1	1	0	2	1	1	0	2	2	1	0	3	4	0	0	2	1	2	3	0	2	5	1	4	2	4	6	7	13	62	0	43	23	19	17	15	8	8	6	5	5	9	16	10	11	30	14	3	1	3	0	3	2	1	0	0	1	2	4	0	0	1	3	0	1	0	0	1	0	0	0	0	0	2	1	2	1	3	2	1	2	3	3	8	3	4	5	13	20	7	4	3	3	2	5	1	2	1	0	1	1	0	2	3	2	4	4	3	6	5	3	5	3	1	0	2	2	1	2	2	1	0	1	0	1	2	0	1	1	5	2	1	2	1	0	4	2	0	0	1	3	0	2	0	0	1	0	0	0	1	2	0	1	0	0	0	0	0	1	0	0	0	0	0	0	3	1	0	0	2	1	0	1	2	0	0	1	1	1	2	1	0	0	1	1	0	1	0	0	1	1	1	1	1	2	1	1	0	1	0	0	0	0	0	0	0	1	1	0	0	0	0	0	0	0	0	1
0	0	0	0	0	0	0	2	1	1	1	0	1	1	0	0	0	0	0	0	0	2	1	1	0	1	1	0	0	0	0	0	0	0	0	1	1	0	2	0	0	0	0	0	0	1	0	0	2	0	1	1	2	1	3	4	1	3	0	0	2	1	2	1	0	0	1	2	0	1	1	2	4	3	3	4	3	1	0	2	0	2	1	0	4	2	2	1	0	3	2	2	0	1	1	1	0	1	0	1	0	1	0	0	2	0	2	0	2	0	1	4	0	1	1	1	3	0	0	0	1	5	0	2	5	2	2	4	4	5	3	0	1	3	2	1	4	5	9	10	9	41	16	4	2	8	2	1	0	1	0	1	1	0	0	3	0	0	0	1	2	0	2	0	0	1	0	1	3	1	4	0	0	1	3	2	1	2	0	1	3	3	3	4	1	4	3	1	5	2	3	6	2	6	1	3	1	3	1	0	3	1	3	0	0	0	0	2	0	1	0	0	0	2	3	3	6	9	8	3	2	1	1	1	1	2	1	0	2	1	1	3	1	2	1	4	8	11	4	10	9	5	3	5	4	2	2	4	10	4	11	1	3	1	2	0	1	2	1	2	1	1	0	1	1	0	0	0	0	1	0	1	1	0	0	0	3	1	1	1	3	2	1	1	0	1	1	2	2	0	2	2	3	2	3	2	4	1	1	6	7	17	43	0	53	11	15	12	4	6	6	8	10	28	11	4	12	21	17	6	4	1	0	1	2	1	2	0	1	0	1	1	1	0	1	1	1	0	1	0	2	1	1	2	1	0	0	1	1	2	0	2	3	5	2	6	3	4	3	6	24	3	2	4	2	5	4	1	6	2	0	1	1	1	2	4	7	10	10	8	4	4	3	5	0	1	1	2	3	1	1	1	1	1	1	0	0	2	3	1	7	0	2	0	5	3	1	1	4	1	0	0	1	1	1	0	0	0	0	0	0	0	0	1	2	1	0	0	0	0	0	1	0	1	0	1	4	1	1	0	0	0	1	1	0	2	0	1	3	1	1	2	0	0	0	0	0	0	0	0	0	0	2	0	0	2	2	0	0	0	3	2	1	0	0	0	0	0	0	1	0	1	0	0	1	0	0	0	2
0	0	0	0	0	0	0	0	0	0	0	0	0	0	0	0	0	1	0	1	0	0	0	0	1	1	0	0	0	1	0	0	0	1	0	0	1	0	0	0	0	2	0	0	0	0	1	1	1	1	2	1	2	4	3	3	2	0	1	2	2	0	0	1	1	0	3	1	2	0	1	0	0	3	6	5	3	1	1	3	0	0	2	2	1	3	1	3	2	9	1	4	0	0	0	1	0	1	1	3	3	2	1	0	0	1	0	2	1	1	6	5	3	1	0	5	2	0	2	2	0	1	1	3	4	1	1	0	3	4	4	1	3	0	1	1	1	5	3	7	10	33	15	10	5	8	8	5	3	2	2	0	0	0	2	0	0	0	0	0	0	0	2	0	2	0	2	1	1	2	2	0	0	0	1	0	1	0	1	1	1	2	2	1	3	4	0	0	3	6	4	3	5	12	8	6	5	1	6	2	2	2	0	0	1	0	2	0	0	2	1	2	0	1	2	2	4	7	8	6	3	2	1	2	0	0	1	2	4	1	3	0	3	1	3	2	4	4	3	19	13	3	5	2	3	3	5	5	14	2	6	2	0	2	2	0	1	2	1	1	0	0	0	0	3	1	0	2	1	0	2	0	0	1	0	3	0	0	0	1	0	1	0	0	6	2	1	3	0	0	1	1	2	0	3	3	5	3	4	1	6	13	23	53	0	23	38	24	7	12	5	7	5	8	7	3	4	7	13	4	5	3	0	0	2	3	3	1	2	1	2	2	3	1	2	1	0	0	1	0	0	1	1	0	0	0	0	1	0	1	1	0	2	3	3	5	3	3	4	10	12	4	1	3	6	0	0	0	0	0	1	2	1	0	1	0	6	8	4	3	4	3	3	1	0	1	2	3	0	0	0	0	2	1	0	0	2	1	0	1	1	2	3	1	0	0	0	2	1	2	0	1	0	2	1	0	0	0	0	1	1	1	0	0	1	0	0	0	0	0	0	0	1	1	0	1	1	0	2	1	0	0	0	0	1	1	1	1	0	1	0	1	1	1	0	1	2	0	0	0	0	0	0	0	1	0	0	0	1	0	1	0	0	0	0	1	0	0	1	1	0	0	0	1	0	0	1	0	2
0	0	0	0	0	0	0	0	0	0	0	0	0	0	0	0	0	0	0	1	1	1	0	0	1	0	1	1	0	0	0	0	0	0	0	0	0	0	0	0	0	1	0	0	1	0	0	1	0	1	0	1	2	2	4	1	0	2	3	1	0	1	2	1	2	1	3	1	2	7	0	0	3	15	33	5	1	2	1	3	0	4	1	2	9	0	3	7	2	10	0	4	2	0	0	1	0	0	2	1	1	1	1	1	2	1	1	2	0	4	1	2	7	6	4	2	5	3	3	1	1	3	1	5	4	1	3	5	4	3	1	0	0	4	3	0	2	5	3	2	3	11	16	8	5	7	4	3	4	0	2	0	1	1	0	0	0	0	2	0	0	0	1	2	0	2	3	1	1	0	0	0	1	0	0	2	1	0	1	2	2	1	1	2	2	1	6	4	3	6	10	3	9	28	11	15	3	2	5	2	2	1	1	0	0	0	1	1	0	0	1	1	0	3	5	6	6	6	7	3	1	2	2	2	2	2	1	2	5	3	3	2	7	1	4	1	5	9	8	1	9	3	2	1	8	13	9	13	36	22	10	2	0	1	2	0	0	3	0	0	0	1	1	2	0	1	1	0	1	0	4	0	0	0	0	0	1	3	3	0	2	2	2	2	2	2	3	2	4	0	3	2	3	6	7	3	3	6	7	3	4	12	19	11	23	0	141	55	6	11	2	5	6	4	7	0	2	7	1	0	4	3	0	0	0	0	2	2	2	1	0	2	0	1	0	0	0	0	0	0	1	0	0	0	1	0	0	1	0	2	1	1	2	4	0	5	2	1	1	7	1	2	1	1	1	1	2	1	0	0	0	0	2	0	1	0	2	1	0	0	4	3	1	3	2	1	1	2	0	0	0	0	4	0	2	2	0	0	1	1	3	0	0	1	1	0	0	0	0	0	0	0	2	1	1	0	1	0	0	0	0	0	0	0	0	1	0	0	0	1	0	0	1	0	0	1	0	0	1	1	0	1	1	1	0	0	0	0	1	1	0	1	0	0	1	0	0	0	0	1	0	0	0	0	0	0	1	0	0	2	0	1	1	0	0	1	0	0	0	0	0	0	0	0	0	0	0	0	0
0	0	0	0	0	0	0	0	0	0	0	0	1	0	0	1	1	0	2	0	0	0	0	1	0	0	3	2	0	0	0	0	0	0	0	0	0	0	0	0	1	0	0	0	0	0	0	0	1	3	1	0	0	3	3	2	2	1	5	4	1	2	2	1	0	0	1	0	2	1	0	3	2	1	11	3	6	1	2	2	1	0	0	1	3	1	0	3	3	6	3	1	3	2	4	2	2	0	0	3	3	2	3	0	5	0	1	3	2	2	5	1	1	0	4	2	3	1	0	1	2	2	0	2	3	1	3	4	1	3	0	4	1	1	1	1	0	3	1	2	8	11	14	12	2	6	3	3	1	0	2	2	0	1	0	1	0	0	0	0	3	2	0	0	0	0	0	0	2	0	1	2	0	0	0	0	2	0	1	6	4	1	1	2	5	1	3	4	6	3	8	8	8	19	22	7	3	4	2	0	1	3	1	0	1	0	0	5	3	1	2	3	0	1	2	5	2	9	7	1	1	3	2	1	1	1	1	0	5	5	1	3	3	3	4	4	7	8	14	8	9	11	7	8	5	4	9	18	54	23	11	1	1	1	1	1	1	0	3	0	3	0	0	0	0	1	1	0	0	0	0	0	0	1	2	2	0	2	3	0	0	1	1	0	4	2	4	1	4	1	4	4	2	7	6	6	5	2	10	4	3	10	17	15	38	141	0	26	7	7	3	1	7	7	3	1	5	9	4	2	1	3	1	0	4	0	1	1	3	1	4	2	1	0	1	0	1	0	1	1	1	0	0	0	0	0	0	1	1	1	3	0	3	1	0	6	3	5	1	6	3	3	2	1	0	3	1	1	3	0	0	0	1	0	3	0	0	1	5	3	3	4	1	1	6	0	2	1	0	0	4	0	0	1	4	0	0	1	1	1	0	2	1	2	3	4	2	1	0	0	2	0	1	1	0	0	0	2	0	1	1	0	0	0	0	2	0	0	0	0	1	0	1	0	0	0	0	1	4	0	0	0	0	0	1	0	0	0	0	2	1	1	1	1	0	1	0	0	0	1	0	0	1	1	1	1	1	1	0	0	1	2	0	0	0	0	1	0	0	1	0	0	0	0	0	0	0	0	0
0	0	0	0	0	0	0	0	0	0	0	0	0	0	0	1	1	2	1	1	1	2	1	1	1	0	0	2	1	0	1	0	0	0	0	0	1	1	2	1	0	0	1	1	0	0	2	2	1	2	3	2	4	1	2	4	5	3	3	1	0	3	3	4	2	1	2	1	3	3	1	2	5	9	49	10	5	1	2	5	3	1	1	4	2	2	2	1	3	4	4	2	4	3	1	2	0	0	0	1	3	0	0	0	0	2	2	0	2	2	5	1	10	4	6	3	3	4	5	2	4	4	1	3	4	4	3	2	6	3	9	4	2	1	4	1	3	4	3	13	7	13	16	20	15	21	13	7	2	3	5	2	1	3	1	0	1	0	0	1	0	1	0	0	1	1	1	1	0	1	0	0	1	1	0	2	0	2	2	1	2	2	2	1	4	5	7	4	5	5	5	4	9	13	9	12	2	3	1	2	1	1	2	3	2	0	1	3	2	1	1	3	0	3	9	3	8	4	7	1	4	0	2	0	0	1	0	1	4	1	2	1	2	2	1	3	1	4	4	8	7	2	2	2	4	2	3	4	11	5	4	3	0	2	1	3	0	0	1	2	1	1	0	0	1	0	1	1	2	1	0	1	0	0	2	2	2	2	1	1	0	1	1	3	2	2	0	2	1	0	3	0	3	6	4	1	7	2	4	2	4	3	15	12	24	55	26	0	36	8	4	1	1	5	5	2	3	10	1	1	1	1	2	0	2	1	0	0	1	1	2	1	2	0	0	0	0	1	0	0	1	0	0	0	0	0	0	0	1	0	1	0	1	2	0	2	4	0	1	2	1	2	0	1	0	2	3	1	2	0	0	1	2	0	1	3	3	1	0	0	2	2	2	0	2	0	2	1	0	1	0	0	0	0	1	0	1	1	0	1	1	1	1	1	1	2	0	1	0	0	0	0	0	1	0	1	0	0	2	1	1	1	0	0	1	1	0	0	1	0	0	0	0	0	0	1	1	0	0	0	0	0	0	0	1	0	0	2	1	1	2	1	0	0	0	0	1	0	0	1	0	0	0	0	0	0	1	0	1	0	0	0	2	0	0	1	1	0	0	0	0	0	0	0	0	0	1	0	3
0	0	0	0	0	0	0	1	0	1	1	0	0	2	1	0	0	1	0	1	3	0	1	1	1	0	0	2	1	1	0	0	0	1	0	0	1	0	1	0	2	1	0	0	1	1	0	0	3	1	2	0	3	1	4	1	3	3	1	1	2	1	2	0	0	1	6	2	3	2	1	1	1	7	12	6	3	3	1	1	3	1	0	1	3	3	3	1	4	2	3	1	1	0	0	2	1	0	0	1	0	0	2	2	1	1	1	2	1	2	1	3	7	6	3	9	8	3	11	4	17	10	7	6	8	6	13	8	6	8	18	3	2	6	7	1	6	10	6	9	14	13	11	20	15	24	21	7	4	8	1	5	1	1	1	1	0	1	0	1	0	1	1	0	1	0	1	0	2	1	0	0	0	0	2	1	0	2	3	1	2	0	2	3	1	1	0	2	0	3	5	3	5	11	2	5	3	0	0	1	2	1	0	0	0	0	2	1	1	1	1	3	0	1	6	3	4	4	3	1	1	2	1	0	0	2	1	2	0	0	2	4	1	2	0	1	3	0	1	2	5	2	4	0	2	2	2	3	3	2	5	2	1	0	0	0	0	1	1	0	0	1	0	0	1	0	0	0	0	1	2	0	0	0	0	2	1	3	1	1	0	2	2	1	1	1	3	2	0	2	1	2	5	2	2	1	1	3	2	2	2	6	8	4	7	6	7	36	0	15	3	4	4	6	4	1	2	2	3	0	1	0	0	0	0	2	1	1	0	1	0	0	1	1	2	1	1	0	0	0	0	0	0	0	0	0	0	1	0	0	1	2	1	1	2	0	3	1	1	1	2	1	2	0	3	2	3	1	1	0	1	0	0	0	0	4	4	4	0	1	0	5	2	3	2	0	0	0	2	1	2	2	1	1	2	0	0	0	0	1	0	0	2	2	0	0	0	0	2	0	1	1	0	0	0	0	1	0	0	0	1	0	0	0	0	0	0	0	0	1	0	0	0	1	1	0	1	0	0	1	0	0	0	0	0	0	0	0	2	0	1	0	0	1	1	0	1	0	2	0	0	0	1	0	1	0	2	1	0	0	1	1	2	0	0	0	0	0	0	0	1	0	0	1	0	0	1	1	1
0	0	0	0	0	0	0	0	2	1	1	0	1	2	2	1	2	0	0	0	1	1	0	1	1	2	0	0	0	1	2	0	1	0	1	0	1	1	1	0	0	0	1	0	0	1	0	2	0	2	0	0	0	2	2	4	3	1	2	2	3	1	1	1	0	2	2	3	5	2	3	1	2	3	6	5	3	2	1	0	1	0	1	2	0	0	4	1	1	3	0	0	0	2	0	2	0	1	1	0	3	0	0	2	0	2	0	0	0	0	2	2	1	4	1	3	2	1	1	3	4	8	6	13	9	21	17	37	19	11	18	11	6	6	4	6	24	18	3	12	13	21	19	13	8	6	6	9	5	2	1	1	1	1	2	0	1	2	0	1	0	0	0	0	1	1	2	2	3	0	0	1	0	1	3	2	0	2	4	1	1	2	4	5	5	4	2	2	1	3	3	0	3	6	8	2	1	3	0	2	0	1	0	0	1	1	0	1	0	0	0	0	1	0	0	2	3	2	3	3	0	0	0	1	3	1	2	3	2	0	1	0	0	0	3	0	2	3	3	8	1	2	1	2	2	1	3	3	8	4	3	2	1	0	0	0	1	1	0	0	0	1	2	0	0	1	0	0	1	0	0	0	1	0	0	0	0	1	2	0	1	0	0	0	1	1	0	2	0	0	1	0	0	2	2	1	0	3	1	0	1	5	8	6	12	11	7	8	15	0	10	15	7	9	7	7	4	3	6	1	3	1	3	2	3	0	0	1	1	0	0	1	2	0	0	1	0	0	0	0	0	1	3	1	0	0	1	2	0	0	0	1	0	1	3	2	0	0	0	2	4	0	1	0	2	3	2	5	3	1	1	0	3	0	2	2	0	2	2	4	1	2	0	1	1	1	1	0	2	0	0	1	0	1	1	0	0	1	1	0	0	0	1	0	1	2	1	0	0	1	0	2	0	1	0	1	0	0	1	0	0	2	0	0	0	0	0	1	2	1	0	1	0	0	0	0	1	0	2	0	1	0	0	1	1	1	0	0	1	1	1	0	2	0	0	0	1	1	0	0	1	0	0	0	1	1	1	1	1	0	1	0	1	0	0	1	0	0	0	1	0	2	0	0	0	0	0	0	0
0	0	0	0	0	0	0	0	1	0	1	1	0	1	0	1	1	1	0	0	0	1	1	1	3	0	0	0	0	1	0	0	0	1	0	1	0	0	0	0	0	0	0	0	0	0	0	0	4	1	0	0	1	1	1	2	0	0	1	0	0	0	1	3	0	1	1	1	2	0	1	2	1	0	2	0	2	1	3	1	0	0	1	1	2	1	1	2	1	1	0	0	0	1	1	0	0	1	1	1	0	1	0	1	0	2	2	0	0	0	2	1	1	1	0	4	1	0	1	2	0	3	3	7	4	13	23	19	13	7	7	3	5	2	6	23	49	10	8	8	7	8	13	1	1	4	2	3	3	7	1	2	0	3	1	2	0	2	0	0	1	0	1	0	2	1	1	3	2	0	1	1	0	0	0	0	2	0	2	0	0	0	0	1	1	2	0	1	0	2	1	2	2	3	2	2	2	0	0	1	1	0	1	0	0	0	0	0	0	0	1	0	1	0	1	3	2	0	4	1	2	0	0	2	0	1	1	0	0	0	2	2	1	1	2	1	1	3	2	4	2	0	1	3	1	2	1	1	2	2	4	1	0	0	0	0	0	1	0	0	0	0	0	0	0	1	0	1	0	0	0	0	0	0	0	0	0	1	0	0	0	0	0	3	0	0	0	1	1	0	0	1	0	1	0	0	1	1	1	0	2	2	6	6	5	2	3	4	3	10	0	121	29	7	12	9	5	5	2	2	4	4	1	0	1	1	0	2	0	2	1	2	3	1	1	1	0	0	0	0	0	0	1	0	1	0	0	2	0	0	0	1	0	0	0	1	1	1	1	2	3	3	3	1	1	2	4	3	0	3	2	2	1	0	6	6	6	7	3	3	1	2	2	0	0	1	0	0	1	0	0	0	1	2	0	0	0	0	1	2	0	2	0	0	1	2	0	0	1	0	1	0	0	0	0	3	1	0	1	0	0	0	0	0	2	0	0	1	0	0	2	0	0	0	2	2	1	0	1	0	0	1	0	1	0	0	1	0	0	1	1	0	1	0	2	1	1	0	1	0	2	0	2	1	2	2	3	1	1	2	1	0	1	0	0	1	0	2	0	1	0	0	0	0	0	0	1	0	0
0	0	0	0	0	0	0	0	0	1	1	1	0	1	0	2	0	1	1	2	2	1	1	0	0	3	0	2	3	0	2	0	0	0	0	0	0	0	0	0	0	1	1	0	0	0	0	0	2	1	1	1	3	1	0	3	1	3	0	0	1	0	1	3	0	1	5	2	5	1	0	1	3	4	0	1	1	3	0	1	1	0	0	3	0	0	3	2	2	1	0	0	2	0	0	0	1	1	1	0	1	4	2	1	1	0	2	0	1	1	3	0	1	1	1	3	2	2	0	1	3	4	2	3	4	7	15	20	16	7	11	5	5	5	10	18	75	37	11	8	14	10	7	1	5	1	3	4	3	1	2	1	1	0	2	0	0	1	0	0	2	0	0	0	0	0	1	2	1	1	0	0	2	1	0	0	0	0	0	2	3	1	3	3	4	8	3	0	0	0	1	0	1	4	5	2	0	0	0	1	2	1	0	1	2	0	0	1	0	0	1	0	0	0	5	2	3	2	5	3	1	1	1	1	1	1	1	0	1	2	1	0	0	1	0	0	1	1	3	0	4	2	0	2	1	1	1	0	0	4	4	1	1	0	1	0	0	0	1	0	0	3	0	1	1	1	0	1	0	0	0	0	0	0	1	0	0	1	3	1	1	1	2	1	1	0	0	0	0	0	1	1	2	1	1	2	0	3	3	3	1	3	5	8	7	5	1	1	4	15	121	0	61	11	12	17	11	4	5	2	4	0	3	0	2	1	1	0	0	5	0	0	1	2	0	1	0	0	0	0	0	0	1	0	0	1	0	0	0	1	0	1	0	1	1	1	3	0	0	1	3	7	1	1	2	1	3	1	3	1	4	6	0	5	6	3	1	1	5	6	6	5	0	1	0	0	1	1	0	1	1	0	0	2	0	0	0	1	1	0	1	1	0	2	0	2	1	1	0	2	1	1	2	0	1	3	3	2	2	1	1	0	0	1	0	0	2	0	0	2	2	0	0	0	1	0	2	0	0	1	1	0	1	0	1	1	0	0	0	0	0	2	1	0	1	1	1	0	0	0	1	0	0	1	1	1	2	2	0	2	1	2	0	0	1	0	0	0	0	0	1	0	0	0	1	1	1	0	0
0	0	0	0	0	0	0	2	2	1	0	1	0	0	0	1	0	0	0	1	3	0	1	1	2	1	1	1	0	1	2	0	1	0	0	0	0	0	0	0	0	0	0	1	0	1	1	1	2	2	1	2	2	0	3	1	0	1	0	2	0	1	2	2	1	1	0	1	1	1	1	0	2	0	4	3	1	0	1	1	1	1	0	0	1	2	2	0	2	0	0	2	1	1	1	0	0	1	1	0	1	0	1	0	3	2	0	0	0	0	1	1	0	0	0	1	2	0	1	1	1	1	2	1	3	4	9	10	5	3	8	4	2	3	6	6	12	17	15	7	12	6	12	5	7	0	4	1	1	2	1	0	0	0	1	0	1	0	0	1	0	0	0	1	4	1	0	0	0	2	0	1	1	2	1	0	1	2	1	1	6	0	0	5	2	3	1	3	3	1	1	3	0	3	3	2	1	0	2	1	1	0	1	1	0	1	1	1	0	1	2	1	0	1	1	1	3	2	4	0	6	2	0	0	1	0	0	0	0	0	1	1	1	2	1	0	4	2	3	3	0	0	0	4	0	3	0	2	2	4	2	0	0	1	0	0	0	0	1	0	0	0	0	1	0	1	0	0	1	0	0	1	1	0	0	0	0	0	3	1	1	0	1	0	1	0	0	1	1	4	0	2	2	0	2	0	1	2	2	4	2	6	5	10	5	6	7	1	4	7	29	61	0	22	41	24	25	9	9	9	9	4	3	6	2	2	3	2	2	1	1	2	2	3	0	0	0	0	0	2	0	1	0	1	1	1	2	0	0	0	1	1	2	0	1	5	2	1	2	2	10	7	4	5	3	2	6	4	2	1	2	2	3	3	10	7	7	14	7	2	3	3	1	2	2	1	1	1	0	1	1	0	0	2	1	0	0	1	1	1	3	2	2	2	1	0	0	1	1	1	0	2	3	3	1	2	1	0	1	1	1	1	1	0	1	0	0	2	2	0	0	0	1	0	0	1	1	0	0	0	2	1	0	1	1	1	0	2	2	1	1	0	1	0	0	2	2	0	0	2	0	0	0	0	1	0	2	2	0	1	1	0	3	0	0	1	0	2	1	0	1	3	0	0	0	0	2	0	2
0	0	0	0	0	0	0	2	0	0	0	0	0	1	0	0	0	0	1	2	0	0	0	0	1	2	0	0	0	0	0	0	0	1	0	0	0	0	0	0	0	0	1	0	0	4	2	0	0	0	1	2	1	0	1	1	1	0	0	0	1	1	0	1	0	1	1	1	1	4	1	1	1	2	1	1	2	1	0	0	0	2	1	0	2	1	0	5	2	2	1	1	0	0	0	0	0	0	1	1	1	1	1	2	1	1	0	1	1	0	0	1	0	1	1	2	4	2	1	1	2	5	0	4	2	0	3	3	2	3	3	5	3	4	2	4	7	7	5	6	7	15	12	3	3	1	1	2	1	2	2	0	0	0	2	1	0	1	0	0	0	0	2	1	1	2	1	1	1	2	0	0	0	0	0	0	0	0	0	1	1	5	1	3	0	1	2	3	1	2	1	0	1	2	3	0	1	2	0	0	0	0	0	1	0	0	0	0	0	2	0	0	0	2	3	2	4	4	7	1	0	0	1	1	1	1	2	1	1	4	2	2	2	2	2	3	6	5	5	7	8	5	3	2	2	2	1	5	5	5	4	0	0	0	2	1	1	1	0	0	0	0	0	0	0	0	0	0	1	1	0	1	0	3	1	1	0	1	1	1	1	1	1	1	1	0	1	1	1	2	1	2	0	0	0	2	2	0	2	6	2	5	9	28	8	4	7	5	6	9	7	11	22	0	36	10	15	14	21	12	1	3	3	6	3	1	4	4	3	3	1	2	2	0	0	2	0	1	1	2	0	0	2	1	1	0	0	1	0	0	2	1	7	9	0	2	0	3	9	11	16	8	2	7	6	13	9	6	10	3	2	6	1	4	2	12	25	28	14	10	7	9	4	1	1	0	1	0	0	1	0	1	1	2	1	0	0	2	0	1	0	1	1	1	7	1	3	0	1	0	2	1	1	2	2	1	1	1	0	0	1	0	0	3	0	0	3	0	0	0	0	1	0	0	1	0	0	3	1	2	0	1	1	1	0	0	1	1	1	0	0	0	0	1	1	1	0	2	0	0	1	1	0	1	0	1	0	2	1	0	2	0	0	0	0	1	0	1	0	1	1	1	0	0	0	0	1	0	2
0	0	0	0	0	0	0	1	0	0	2	1	0	0	0	1	0	0	1	0	0	0	1	0	0	1	1	0	1	0	0	0	0	0	0	0	0	0	0	1	0	0	1	2	0	0	1	0	0	2	0	1	1	1	3	0	1	2	0	0	0	0	3	1	0	0	0	5	2	0	5	2	1	1	1	3	2	0	2	0	0	0	0	1	3	0	2	0	1	3	0	0	1	0	0	0	1	0	1	0	1	0	1	1	4	3	1	0	0	1	2	1	1	3	0	1	2	1	1	1	1	2	2	1	3	3	1	6	5	6	5	1	4	1	4	5	13	13	23	12	14	29	7	4	2	5	2	2	3	2	1	1	0	4	1	0	0	1	0	1	0	0	1	0	0	1	3	0	2	0	2	0	0	1	1	0	3	1	1	0	1	0	2	1	6	4	3	2	4	7	3	0	0	4	2	1	0	1	0	2	1	0	0	0	0	0	1	2	0	2	1	1	0	0	3	1	5	10	5	4	3	2	3	0	0	2	1	1	2	1	4	1	0	0	1	1	5	3	5	4	6	3	2	3	0	3	2	0	2	4	5	0	0	0	0	0	2	1	2	0	0	0	2	2	0	2	1	0	2	0	0	0	0	0	0	1	2	1	1	2	4	1	2	1	3	0	1	1	0	2	0	1	0	0	1	1	1	2	4	1	3	8	16	11	7	7	3	5	4	7	12	12	41	36	0	12	104	35	26	14	2	1	2	2	1	1	2	2	0	2	2	2	3	2	0	0	0	1	2	1	0	0	0	0	0	0	0	1	2	0	1	0	4	1	0	0	1	1	6	6	13	7	4	6	3	6	3	2	1	1	3	3	2	3	5	6	7	11	10	10	5	1	3	6	1	1	1	2	0	0	1	0	1	1	0	1	1	2	1	2	2	0	1	1	0	0	1	0	1	0	0	3	1	1	1	2	0	1	0	0	1	5	0	3	1	3	2	1	2	1	0	0	1	2	0	2	0	1	1	0	1	1	0	0	1	2	2	1	0	3	0	1	1	2	2	1	0	0	1	1	0	1	0	0	0	0	1	1	2	0	1	2	3	1	1	0	0	0	1	1	0	0	1	0	0	0	0	1	0
0	0	0	0	0	0	0	0	1	0	2	0	0	1	0	0	2	2	0	0	3	0	1	0	0	0	1	0	2	1	1	0	0	0	1	1	0	0	1	1	0	0	0	1	1	0	0	1	2	1	0	0	0	1	1	2	1	0	1	1	0	1	1	1	0	0	0	2	0	0	0	0	0	3	3	1	1	1	1	0	0	0	0	2	0	1	0	1	0	2	2	0	0	0	2	0	1	0	1	0	0	1	1	0	0	1	0	3	0	0	2	0	0	0	3	1	2	0	3	2	1	3	2	2	0	4	4	2	6	2	3	5	3	1	7	3	7	6	4	4	7	2	3	1	1	2	1	0	1	5	0	1	4	0	0	0	0	1	0	0	0	0	0	1	0	0	1	0	1	2	2	0	0	3	2	1	0	1	2	1	1	2	1	3	2	2	0	1	1	1	0	2	1	1	2	1	0	1	0	0	0	0	0	1	0	1	1	0	2	0	2	1	0	0	1	1	4	6	2	4	0	4	0	1	2	0	1	0	0	0	2	0	0	3	3	2	5	3	2	2	0	1	1	0	0	0	1	2	1	2	3	2	3	4	2	1	0	0	2	0	2	0	2	0	0	1	0	1	0	0	0	0	1	2	2	1	0	0	1	0	0	0	1	1	0	2	0	1	2	0	0	0	3	1	1	0	0	2	1	2	3	2	10	4	3	0	1	2	1	7	9	17	24	10	12	0	49	15	17	47	26	7	6	1	2	1	2	2	1	0	5	2	5	3	1	0	0	0	0	2	0	2	0	2	0	1	1	1	0	2	3	1	3	0	1	1	1	3	5	4	8	7	4	1	8	5	7	7	10	3	6	4	3	7	7	8	17	44	17	10	5	5	0	1	1	2	3	0	1	0	0	0	0	0	1	0	1	1	1	1	0	3	2	1	1	0	4	2	3	1	2	2	0	4	0	2	0	2	2	0	1	0	0	1	2	3	1	0	2	2	0	1	0	1	1	2	5	1	3	0	0	0	0	0	0	3	0	0	1	0	1	2	4	0	0	0	1	0	2	0	0	0	1	2	1	2	6	2	3	1	1	1	1	1	3	0	0	2	0	1	1	0	0	1	2	1	1	0	2
0	0	0	0	0	0	0	0	2	0	0	0	1	2	0	0	1	0	1	1	0	0	0	1	3	5	0	0	0	0	0	0	1	2	0	0	0	0	0	0	0	0	0	0	0	1	1	1	1	1	0	1	3	0	1	1	1	3	1	1	2	1	0	2	1	3	1	2	1	1	0	0	0	3	1	1	0	0	1	0	0	0	1	0	0	1	0	0	4	3	3	3	0	0	1	1	0	1	0	0	1	0	0	1	1	1	0	0	0	0	1	1	3	1	2	2	0	0	2	2	0	3	1	2	3	3	2	6	8	1	1	1	0	2	6	2	10	13	7	19	9	16	7	7	3	3	0	0	1	1	1	0	0	1	0	0	0	1	1	0	1	1	1	0	0	2	0	2	0	0	0	0	1	0	0	0	0	1	0	1	1	4	2	1	9	6	3	5	3	0	0	0	1	3	1	1	0	2	0	0	0	2	0	0	0	0	2	1	1	1	0	0	2	2	0	2	5	9	6	3	3	0	2	0	1	2	0	1	2	1	2	1	0	2	3	4	9	4	1	3	8	1	1	3	2	0	1	1	3	1	5	2	0	3	0	0	0	0	0	2	1	0	0	0	1	2	0	0	1	2	0	1	0	0	1	0	0	0	1	1	1	1	2	1	1	4	0	1	1	0	1	1	2	1	0	2	1	3	2	4	1	6	11	12	4	2	5	3	2	4	5	11	25	15	104	49	0	33	18	24	6	5	6	0	4	2	1	4	5	3	2	5	5	2	0	0	0	2	1	2	3	3	0	1	1	1	1	1	2	0	1	0	1	3	5	5	1	0	0	4	18	15	4	4	6	9	2	5	5	2	0	1	1	3	2	5	6	21	18	11	2	5	5	1	1	1	1	2	0	0	1	0	5	1	1	0	1	0	0	1	0	0	2	1	1	1	2	2	1	1	3	1	1	1	0	0	0	0	1	0	0	1	2	3	0	1	1	1	1	1	1	0	0	1	0	0	1	0	0	1	1	1	0	1	1	1	1	2	1	1	2	1	0	1	1	0	3	0	0	1	1	0	1	2	0	2	5	2	1	3	1	3	2	1	1	1	0	0	1	0	1	0	0	0	0	0	1	0	1
0	0	0	0	0	0	0	1	0	0	2	0	0	0	0	2	2	0	0	0	2	1	0	0	1	0	0	1	0	0	1	0	1	1	1	1	0	0	0	1	1	2	0	1	1	2	1	0	1	2	1	0	0	0	2	2	0	2	0	1	3	1	2	1	0	2	2	2	2	0	1	1	2	3	3	3	3	0	0	3	3	3	3	1	0	1	2	2	1	4	2	0	1	0	0	2	0	1	2	1	0	0	2	0	3	1	3	0	1	1	0	1	3	4	0	2	1	1	2	0	0	3	1	3	3	1	2	3	3	2	1	1	3	3	3	2	2	8	13	9	9	18	4	7	2	1	3	0	0	2	1	0	1	2	1	0	1	0	2	0	2	1	0	0	0	0	1	3	3	0	0	1	0	1	2	2	1	2	2	0	4	1	2	2	4	6	2	1	7	2	2	1	3	4	1	3	2	1	0	0	1	2	1	0	0	2	0	2	3	1	1	0	0	1	2	2	7	11	16	6	6	3	2	1	1	0	1	3	5	1	4	1	0	2	3	3	6	7	4	6	6	3	1	4	4	4	5	2	11	6	7	1	0	1	2	0	1	1	0	1	1	0	0	0	0	0	1	0	0	3	0	0	2	1	2	0	2	3	0	0	0	0	2	0	1	1	1	2	0	2	0	0	0	2	2	2	1	8	7	9	9	24	30	21	7	7	9	10	2	3	5	4	9	14	35	15	33	0	29	11	6	5	3	2	2	4	2	1	3	4	1	6	3	2	2	0	2	1	1	1	2	2	1	2	2	0	0	1	1	2	6	1	3	6	5	5	5	2	8	14	60	9	5	5	8	5	7	6	3	2	1	1	2	1	1	4	5	15	15	17	8	5	6	5	3	2	1	0	1	1	0	1	0	2	0	1	0	2	2	2	0	0	4	2	4	5	2	1	1	1	2	5	0	4	0	0	2	1	0	1	0	2	0	0	3	1	0	0	2	0	0	0	0	2	2	1	2	1	0	4	0	0	1	0	1	0	0	4	0	1	0	0	0	0	0	0	3	0	1	1	0	0	0	0	1	2	1	0	1	3	1	0	1	0	2	0	0	0	0	0	0	1	0	0	0	1	0	0	1
0	0	0	0	0	0	0	0	2	0	1	1	0	0	0	1	2	1	2	1	1	1	0	0	2	0	1	2	0	0	0	1	0	0	0	1	0	0	0	0	0	0	0	0	0	1	1	1	0	0	3	1	2	1	2	3	0	0	2	1	2	0	0	1	1	2	1	0	0	1	1	0	0	1	2	0	0	0	2	1	0	0	0	1	1	1	0	2	3	3	0	0	1	0	0	2	0	2	1	0	1	2	0	0	1	1	0	0	1	1	2	0	0	1	0	0	0	2	0	0	4	2	1	1	1	1	0	2	2	4	1	1	1	7	1	1	6	4	8	5	6	10	3	2	2	3	1	2	2	0	1	1	0	1	4	0	0	0	0	0	0	1	0	1	1	0	3	3	2	0	0	0	1	0	1	0	0	1	0	0	0	2	1	2	5	4	0	1	2	2	1	2	0	2	2	2	3	2	1	0	0	1	0	0	2	0	1	1	1	1	0	1	1	0	3	0	0	5	5	5	4	1	2	1	1	1	2	0	3	3	1	2	1	3	4	1	12	4	7	7	10	5	3	2	5	0	4	2	5	2	3	1	0	0	1	0	1	0	2	2	0	1	0	1	2	1	0	3	1	0	0	0	1	1	3	0	0	2	1	2	2	0	1	1	0	2	2	1	4	0	0	0	0	3	2	0	1	4	6	0	5	12	14	17	13	1	4	1	3	6	2	5	9	21	26	17	18	29	0	30	5	1	2	1	1	2	2	3	4	3	2	7	1	1	2	2	0	0	3	0	0	1	2	1	2	0	0	1	0	3	2	2	4	4	4	2	2	2	8	21	59	51	9	8	11	19	5	6	3	3	4	2	1	3	2	8	8	29	82	30	14	10	9	2	3	3	0	1	2	1	1	1	2	4	1	3	0	1	1	1	3	3	4	2	5	2	2	2	0	0	3	4	1	4	1	0	1	0	0	1	1	0	2	1	0	0	2	1	0	0	1	0	2	0	0	0	3	2	3	0	0	2	1	1	1	0	0	1	4	0	1	0	2	0	1	1	1	1	1	1	0	0	1	2	2	2	2	2	1	1	4	0	2	0	2	0	1	1	1	0	0	0	0	1	1	0	0	1	3
0	0	0	0	0	0	0	0	0	0	0	0	0	0	1	1	1	1	0	1	0	1	0	2	0	0	1	0	0	0	0	1	0	0	1	0	0	0	2	0	0	0	0	0	1	0	0	2	0	1	1	2	1	0	3	0	0	2	1	0	0	0	2	0	1	0	0	1	3	0	0	2	1	2	3	0	0	2	0	0	0	2	0	0	0	0	1	0	2	0	0	2	0	0	1	1	0	0	0	0	1	4	2	0	0	1	3	0	1	0	1	3	0	0	1	0	1	0	0	0	0	0	0	1	1	1	1	3	2	2	2	3	3	3	4	2	2	2	8	1	4	8	4	2	0	0	0	1	0	0	2	1	3	1	2	0	1	0	0	0	1	0	0	0	1	0	1	1	0	1	1	1	0	0	1	0	4	0	1	0	1	0	3	4	1	4	1	0	2	1	0	0	0	0	3	0	1	1	0	1	1	0	0	0	0	0	1	1	0	0	1	0	1	0	2	0	3	4	1	3	3	2	2	2	1	3	0	2	0	2	2	3	0	3	2	1	4	4	2	5	6	1	0	2	3	0	1	3	0	1	2	0	0	1	0	0	0	2	0	1	1	1	0	1	1	1	1	0	0	0	2	1	0	0	1	0	0	0	0	3	0	3	1	1	0	0	1	0	1	1	0	1	0	0	3	3	2	2	4	1	1	2	3	6	4	0	2	1	0	1	2	2	9	12	14	47	24	11	30	0	29	17	2	3	8	4	4	6	2	1	4	2	2	2	2	0	2	1	1	2	0	2	1	0	0	5	0	0	0	3	6	2	4	5	1	2	2	0	7	7	16	21	6	10	13	12	20	8	19	3	4	3	1	6	11	10	30	83	38	46	8	7	3	0	4	0	1	2	0	3	0	1	3	1	0	1	0	1	3	1	1	3	4	2	6	0	0	1	1	2	2	3	5	9	5	0	2	1	1	1	0	1	5	3	1	0	0	3	1	1	0	1	2	0	0	1	4	0	3	0	0	2	1	1	2	1	4	3	0	1	0	1	1	2	1	0	1	1	1	2	0	1	0	0	2	1	4	3	4	6	1	4	2	2	0	2	0	0	1	1	0	0	1	1	1	0	0	0	3
0	0	0	0	0	0	0	0	1	0	1	0	0	0	0	1	1	0	0	1	2	0	0	0	3	1	0	0	1	2	0	0	1	0	0	0	0	0	0	0	1	0	2	0	0	0	0	1	1	1	2	0	2	1	0	0	0	0	1	0	0	1	2	0	0	1	1	0	0	0	1	0	0	0	2	1	1	1	0	1	1	1	1	2	0	3	2	2	3	2	0	0	0	0	0	0	1	0	0	1	0	0	0	0	1	1	1	2	0	0	0	1	0	0	2	1	1	0	0	1	1	1	1	0	2	1	1	4	1	3	3	3	1	0	0	3	3	4	5	5	2	3	2	2	1	1	1	1	4	0	3	0	1	1	1	0	0	0	2	0	3	1	1	0	0	0	0	0	0	3	3	0	0	0	2	1	3	0	3	2	1	1	2	1	2	3	0	1	0	0	2	0	0	2	4	0	1	1	0	1	0	0	0	0	0	0	0	0	0	1	1	0	1	1	1	3	2	3	1	2	1	2	1	1	2	0	0	0	1	1	0	0	1	1	1	3	2	3	0	1	3	2	0	2	1	1	1	1	2	2	1	0	0	0	0	1	0	0	0	0	0	0	0	0	1	0	1	1	1	0	2	1	0	1	1	0	2	0	1	0	0	2	1	1	0	0	1	0	0	0	0	0	3	0	0	1	3	1	1	3	4	2	1	4	5	4	1	1	1	3	4	4	9	1	2	26	6	6	5	29	0	23	7	8	13	1	2	10	5	3	4	6	5	0	3	2	0	1	0	2	0	0	0	0	1	1	1	5	0	1	4	3	3	3	0	2	3	0	3	3	1	7	4	9	6	5	10	7	17	8	2	3	3	5	18	9	6	20	6	15	5	5	1	1	1	0	2	0	1	1	0	0	4	0	0	2	2	1	0	1	0	2	1	1	4	7	2	0	2	2	3	7	8	2	4	1	1	2	2	2	0	1	2	1	1	1	5	0	1	0	1	0	2	0	1	0	3	6	1	2	1	0	1	1	0	2	0	0	2	3	3	1	2	1	1	1	0	3	1	0	1	1	1	4	1	3	12	5	2	2	6	4	4	1	2	0	0	1	1	0	1	0	1	0	0	1	1	3	4
0	0	0	0	0	0	0	0	1	2	0	1	0	0	0	2	1	0	0	0	1	1	2	1	0	0	0	0	0	0	0	0	0	0	0	0	0	0	1	0	0	0	0	0	1	0	0	0	1	0	0	1	0	0	0	0	1	0	0	0	0	0	0	0	2	1	1	0	0	0	1	0	1	1	0	3	0	0	0	1	1	0	0	0	0	0	0	1	1	2	0	0	0	0	1	0	1	1	0	0	0	0	1	0	1	0	0	0	1	1	0	0	1	2	0	1	1	2	1	2	0	0	0	0	0	0	2	1	0	3	0	1	2	0	0	3	3	0	2	1	0	0	0	0	1	1	1	2	0	0	1	0	0	1	1	0	1	0	0	1	1	0	0	1	0	0	0	0	0	0	3	2	0	1	0	0	0	0	1	1	1	0	1	1	0	4	4	1	1	1	0	0	0	1	0	1	0	0	0	0	0	0	1	0	0	1	0	0	0	0	0	1	0	0	0	0	1	0	4	1	2	1	0	1	1	0	2	0	2	2	1	0	0	0	2	2	1	0	1	2	0	1	2	0	2	0	2	0	0	0	1	4	0	0	0	1	1	1	0	0	0	1	1	0	0	0	0	0	0	0	0	1	0	0	3	3	0	4	2	1	0	0	0	0	0	1	1	1	0	0	1	0	0	0	0	1	0	1	1	1	3	1	3	1	3	3	3	1	0	1	4	0	4	3	1	7	5	5	1	17	23	0	25	18	3	7	9	13	3	6	8	5	4	1	2	0	0	0	0	1	2	0	0	0	0	2	0	0	2	4	1	1	2	1	1	1	1	1	4	1	4	3	1	0	5	3	3	13	14	11	6	4	2	7	8	6	5	7	7	5	2	4	1	1	0	1	0	2	1	0	1	0	0	2	1	0	0	1	0	1	0	0	0	2	3	1	1	1	0	2	1	4	13	25	7	3	2	2	4	0	3	3	7	3	1	3	3	0	0	2	1	2	1	0	0	6	8	4	2	4	3	4	1	3	1	3	4	3	4	6	2	2	4	4	2	1	2	0	1	0	3	1	3	4	3	9	17	16	7	10	11	8	6	5	1	2	1	0	1	1	0	1	2	0	1	0	3	2	6
0	0	0	0	0	0	0	0	0	0	0	0	1	0	1	0	0	0	2	2	3	2	0	0	3	0	0	0	1	0	0	0	0	0	0	0	0	0	1	0	0	0	1	1	1	0	0	0	0	0	0	0	0	0	0	1	0	0	2	0	0	0	0	0	0	0	0	1	0	0	0	0	0	0	0	2	1	1	0	1	0	0	1	0	0	0	0	0	1	3	1	1	1	0	0	0	0	1	0	0	0	0	0	0	0	0	0	0	1	0	1	0	0	0	2	0	1	0	1	0	1	1	0	0	1	0	1	0	2	0	2	0	1	1	2	0	0	1	1	1	1	1	1	0	1	2	2	1	0	0	1	1	0	0	0	0	1	0	0	0	0	1	0	0	0	0	1	1	0	0	1	0	0	0	0	0	0	0	0	0	0	3	1	4	0	1	1	0	0	1	0	0	1	0	1	1	1	0	0	0	0	0	0	0	0	1	0	0	0	0	0	0	1	0	2	0	0	2	2	1	0	0	0	1	1	1	1	0	0	0	1	0	1	1	0	1	1	1	1	1	0	0	1	0	1	0	0	0	0	0	1	1	0	1	0	1	0	0	0	0	0	0	0	0	0	0	2	1	0	0	1	0	1	1	1	0	0	0	1	0	0	0	0	0	0	0	2	0	1	0	0	0	1	0	0	1	0	0	1	1	0	0	0	0	0	0	1	2	0	3	1	3	3	3	2	6	6	3	2	2	7	25	0	14	7	4	4	9	5	7	3	0	4	1	0	2	1	0	1	0	0	1	1	0	1	0	0	1	1	4	0	1	0	1	0	0	1	2	0	2	0	4	3	0	3	5	2	6	8	4	3	5	3	3	9	3	4	2	0	0	1	2	0	2	1	1	1	0	0	0	0	0	0	0	1	0	1	0	2	0	0	0	0	1	2	1	2	1	0	0	1	2	8	21	24	6	5	5	5	5	2	9	6	1	7	3	6	0	1	3	1	0	1	4	3	10	19	6	4	5	3	2	3	6	3	2	2	2	6	0	3	4	4	2	0	4	2	3	2	1	0	1	3	12	22	19	31	29	30	26	33	42	14	11	3	2	0	0	2	3	0	0	1	4	3	3	3	4	13
0	0	0	0	0	0	0	1	0	0	0	0	0	0	0	1	0	0	0	1	0	0	0	0	1	0	0	1	0	1	0	0	1	1	0	1	1	0	0	0	0	0	0	0	1	0	0	4	0	0	0	0	0	0	1	0	0	0	1	0	1	1	0	0	1	0	0	1	0	0	0	0	1	1	0	0	0	0	0	1	0	1	0	0	2	1	0	3	1	1	0	0	0	2	0	0	0	1	0	1	0	0	0	0	1	0	1	0	0	1	0	1	0	1	2	0	1	0	1	0	1	0	1	0	0	0	0	0	0	2	1	1	2	0	2	3	3	0	0	1	1	2	3	1	0	1	2	1	0	0	0	0	1	0	0	1	0	0	0	0	0	0	0	0	0	1	0	0	0	0	2	0	0	0	1	0	1	0	0	0	0	3	1	0	2	2	0	1	1	2	2	0	0	0	0	1	0	0	0	0	0	1	0	0	0	1	0	0	0	1	0	1	0	0	0	0	1	0	1	0	1	0	1	1	4	1	1	1	3	1	0	2	1	1	0	1	0	0	2	2	1	2	1	1	2	0	1	1	1	1	0	1	0	0	1	0	1	0	1	0	0	0	0	0	0	0	0	0	3	0	0	1	1	2	1	1	3	0	0	1	1	0	0	2	1	0	1	0	0	1	1	0	1	1	1	1	1	1	2	2	1	1	3	1	0	0	0	0	0	2	0	0	6	6	2	1	0	2	1	3	8	18	14	0	26	27	30	25	6	6	6	4	0	2	3	3	0	0	0	2	2	0	2	2	1	1	1	0	6	4	2	1	3	1	2	2	2	3	1	3	0	4	11	2	6	8	6	16	30	53	11	13	5	6	14	3	4	5	6	3	3	2	1	0	1	0	1	1	1	2	0	1	0	0	0	0	1	0	0	0	1	3	1	0	2	3	1	1	5	2	2	4	12	31	7	2	3	5	2	0	2	3	2	3	6	4	3	0	0	1	1	0	2	1	1	9	6	4	4	4	1	0	2	1	4	3	2	1	5	2	2	3	2	2	2	3	0	1	0	0	1	0	1	3	5	3	8	9	6	4	5	9	2	0	2	5	0	4	0	3	1	2	0	0	0	3	2	3	5
0	0	0	0	0	0	0	0	1	0	0	0	0	0	0	1	0	0	1	1	0	0	0	0	0	1	0	0	0	0	0	0	0	0	0	0	1	0	0	0	0	0	1	0	1	0	0	0	1	1	0	1	2	0	0	2	0	3	0	0	1	1	0	1	0	0	0	0	0	0	0	0	0	0	1	0	0	0	1	1	1	1	0	1	0	0	0	1	1	1	1	0	2	2	0	0	0	1	1	1	0	1	1	0	1	0	0	1	0	0	0	0	0	0	1	0	0	1	0	0	0	1	0	0	0	1	0	1	1	0	3	1	0	1	0	0	4	1	1	0	1	0	4	1	0	0	4	0	1	0	0	0	0	0	1	1	2	1	0	1	0	0	0	0	0	0	1	0	2	0	1	0	0	2	0	0	0	1	0	1	0	0	1	0	3	0	2	1	1	0	1	0	0	0	1	1	0	0	1	0	0	1	0	0	1	0	1	2	1	0	0	2	0	1	0	1	1	1	0	1	2	2	0	1	2	0	0	0	0	3	1	1	1	0	3	0	4	5	0	2	1	1	0	1	0	0	1	1	1	0	1	3	1	1	0	1	0	0	0	1	0	0	1	2	1	1	2	0	1	0	1	1	0	1	3	1	0	4	2	1	1	0	0	1	0	1	0	1	1	0	0	0	0	1	0	1	1	2	0	0	0	3	2	2	2	0	4	2	0	3	1	2	2	3	1	2	4	2	1	8	13	3	7	26	0	28	18	21	4	3	3	2	8	1	2	2	0	1	0	1	1	1	1	1	2	0	1	0	2	3	9	7	5	1	3	2	1	0	3	1	1	1	12	5	9	7	5	17	20	31	12	6	0	4	3	6	3	6	5	3	4	2	1	1	1	0	3	1	0	0	0	0	1	0	2	1	0	0	0	2	0	2	3	2	2	3	3	1	4	2	2	4	13	14	4	2	0	0	0	0	1	3	2	0	2	1	2	1	1	0	0	0	0	0	3	1	3	5	1	1	0	2	1	0	1	2	4	4	6	1	2	1	1	2	1	1	1	1	0	0	0	1	2	2	2	0	6	5	1	3	2	5	2	3	4	1	1	2	0	2	1	0	1	0	2	3	2	0	7
0	0	0	0	0	0	0	0	0	2	0	1	2	1	1	0	0	0	0	0	0	0	0	1	1	0	0	0	0	0	0	0	0	0	0	0	0	1	0	0	0	1	0	0	1	0	0	2	0	1	0	1	0	0	0	0	0	0	0	0	0	2	0	0	0	0	0	0	0	0	0	2	0	0	1	1	0	1	0	0	0	0	0	0	0	2	0	0	0	0	0	2	0	0	1	0	0	2	0	1	0	1	0	0	1	0	1	0	0	3	0	1	0	1	0	1	1	0	0	0	0	0	0	0	0	1	0	1	1	1	2	0	1	1	2	1	1	0	0	0	0	4	1	0	0	0	0	0	0	1	2	0	0	0	0	0	0	0	0	0	1	0	0	0	0	0	1	0	1	0	2	0	0	0	0	0	0	0	0	0	0	2	0	1	0	1	0	1	0	1	2	0	0	2	0	1	0	2	0	1	0	1	0	0	0	0	0	0	0	0	0	0	0	0	0	0	0	1	1	4	2	2	0	0	1	0	1	0	0	2	2	0	0	0	0	2	0	2	0	2	1	2	2	0	0	0	0	1	2	0	0	1	1	0	1	0	0	0	0	0	0	0	1	0	0	1	0	1	1	1	0	0	1	1	3	3	1	2	1	1	0	0	1	1	0	2	1	0	0	0	1	1	0	2	1	0	0	0	0	0	0	1	1	1	3	0	0	1	2	0	1	1	2	1	1	1	2	4	2	4	1	7	4	27	28	0	355	39	15	10	2	6	3	1	2	1	0	1	0	1	1	0	0	1	1	0	1	2	0	2	0	1	1	1	2	1	1	0	1	0	3	2	0	3	7	5	7	3	9	17	6	2	2	2	1	4	4	3	2	3	1	3	2	1	1	1	1	1	1	0	0	0	1	1	1	0	2	1	0	1	0	3	0	3	4	2	0	0	3	5	8	12	19	27	9	7	5	4	2	1	1	6	1	1	3	1	2	3	1	2	3	0	0	4	3	5	6	9	9	6	8	6	3	3	4	5	6	4	11	6	7	1	3	0	2	2	2	1	1	0	0	0	3	1	6	3	5	4	3	5	1	8	6	3	4	2	0	0	0	3	3	1	4	0	5	3	0	2	10
0	0	0	0	0	0	0	0	0	1	0	0	1	0	0	1	0	1	0	2	1	0	1	0	0	1	0	0	0	1	1	1	1	0	0	0	1	2	0	0	0	0	0	0	1	0	0	1	2	0	1	0	1	1	1	0	0	0	0	0	0	0	0	0	0	0	0	0	0	0	0	0	2	1	0	0	0	1	0	0	0	0	0	0	0	0	2	0	1	0	0	0	0	0	0	0	1	1	0	0	0	0	0	0	1	0	0	0	0	0	0	1	0	2	0	0	1	1	1	0	0	1	1	1	0	2	1	2	2	0	0	0	0	1	1	1	1	2	0	1	2	1	0	1	0	1	1	0	0	0	0	1	0	0	0	0	0	1	0	1	0	0	0	0	0	0	2	0	1	1	1	0	1	0	0	0	0	0	0	0	1	3	1	0	0	0	0	0	1	1	0	0	0	1	0	1	1	0	0	0	1	0	0	0	0	0	1	0	0	1	0	0	0	0	0	2	1	1	0	1	0	1	1	0	1	0	0	0	0	1	0	0	0	0	0	0	1	0	0	1	0	0	0	1	2	0	0	0	0	1	1	0	1	0	0	1	0	0	0	0	1	1	0	2	1	2	1	0	1	0	0	0	0	0	4	0	0	0	3	3	0	0	1	0	0	0	0	0	1	2	0	0	0	0	1	1	0	0	0	1	0	2	0	2	3	2	1	0	1	0	0	1	3	4	2	2	1	2	2	4	2	9	4	30	18	355	0	68	12	5	3	3	0	2	2	1	2	0	1	0	0	0	1	0	1	0	3	3	0	3	2	6	1	1	0	2	0	1	2	0	2	4	8	3	0	2	1	9	13	16	5	6	2	2	3	2	4	1	4	3	1	2	3	1	2	0	2	0	2	0	0	0	0	0	0	0	0	0	0	1	1	0	0	2	3	2	1	0	1	2	3	12	33	41	15	3	8	7	0	1	2	2	4	2	1	3	2	0	2	2	0	0	2	2	4	7	12	19	16	5	7	5	6	5	3	14	7	14	13	6	7	7	3	3	1	3	3	0	2	3	2	2	1	0	5	3	1	3	1	5	3	9	9	17	2	3	2	3	1	2	2	2	0	0	2	1	3	4	17
0	0	0	0	0	0	0	0	1	0	0	1	0	1	0	1	1	0	0	0	2	1	0	0	1	1	1	0	0	0	2	0	0	0	0	0	0	0	0	0	0	0	0	1	0	0	0	1	0	1	0	0	1	0	0	0	0	0	1	0	0	0	1	1	0	0	1	1	0	0	1	1	0	0	0	2	1	1	0	0	0	0	0	0	0	0	0	1	0	0	1	0	0	0	1	2	0	0	0	0	1	0	0	1	1	2	1	1	0	1	0	0	1	0	0	0	0	0	0	0	0	1	1	2	0	0	1	3	1	1	0	1	1	3	1	0	1	0	0	1	1	1	1	2	0	0	1	0	1	0	0	0	0	0	0	0	0	0	1	0	0	0	0	0	0	0	0	3	1	1	1	0	0	0	0	0	1	0	0	0	1	0	1	0	0	0	1	2	0	1	1	0	0	1	1	1	0	0	0	0	0	0	0	0	1	0	0	0	0	2	0	0	0	0	0	0	0	0	0	2	0	0	1	0	0	0	1	0	0	2	0	1	4	2	1	1	2	1	2	1	3	0	1	1	1	1	1	0	1	0	0	1	0	0	1	1	0	0	1	0	1	0	1	0	1	0	1	1	1	1	1	0	2	0	0	1	0	1	1	2	3	1	1	0	1	0	0	0	1	1	1	1	0	0	1	0	0	2	1	6	1	2	0	0	1	2	1	0	1	1	2	0	2	4	2	2	4	1	3	6	10	13	9	25	21	39	68	0	29	7	9	8	3	1	0	1	1	1	0	0	2	0	3	0	2	0	0	1	2	6	4	5	3	1	1	1	0	1	0	3	1	0	2	2	6	0	2	6	7	13	9	1	2	3	8	6	3	5	4	6	3	4	3	4	1	2	1	2	1	2	0	0	1	1	3	1	1	1	0	1	1	1	2	4	2	3	4	3	8	4	4	19	82	40	11	3	3	1	2	3	0	4	5	2	2	1	3	0	0	0	1	1	3	0	3	8	11	14	9	8	5	4	5	4	5	4	2	9	12	5	6	5	2	0	2	1	0	0	1	1	0	2	3	2	6	6	4	4	2	5	11	3	8	4	1	4	1	0	3	1	1	1	0	1	0	0	1	3	12
0	0	0	0	0	0	0	0	1	1	0	0	0	1	0	0	0	0	0	0	1	0	2	1	0	1	1	0	0	0	0	0	0	0	0	2	0	0	0	0	2	0	0	0	0	1	0	1	0	0	1	1	1	1	1	0	1	0	0	0	1	0	0	0	0	0	0	2	0	1	0	1	0	1	1	0	0	0	0	0	0	2	1	0	0	0	0	2	1	0	0	1	0	0	0	0	1	2	0	0	1	0	0	0	1	1	1	0	0	0	2	0	1	0	0	0	0	0	0	1	0	0	1	0	1	1	0	1	2	0	0	1	1	0	1	1	2	0	2	3	3	1	2	0	0	0	1	2	0	0	0	1	0	0	1	0	1	2	1	0	0	1	2	0	2	1	0	1	2	1	1	0	0	0	0	0	1	1	0	1	2	0	1	0	1	3	2	0	0	1	1	0	0	2	0	1	0	0	0	0	1	0	0	1	1	0	0	0	1	0	1	1	0	3	1	0	1	0	2	0	3	0	0	1	0	0	0	2	1	2	3	0	0	0	1	1	3	0	1	0	1	1	0	2	1	0	1	1	2	1	2	2	2	0	1	0	0	1	0	1	0	0	0	0	0	0	1	0	1	2	0	1	2	0	1	2	1	1	1	1	2	0	0	2	0	0	1	0	0	0	0	1	2	0	1	0	0	1	0	0	0	0	1	1	2	2	3	1	0	1	0	0	2	3	0	1	5	3	4	2	5	3	5	6	4	15	12	29	0	24	16	3	2	5	1	2	0	0	1	0	2	2	4	1	3	1	3	4	2	5	4	4	1	3	2	0	0	0	1	3	2	3	3	4	2	3	2	5	5	5	2	2	1	4	3	5	1	3	2	4	7	2	1	0	0	1	0	1	2	0	1	0	0	1	1	0	0	1	2	1	0	3	0	0	6	1	0	2	8	5	10	62	22	10	9	4	2	1	2	1	2	0	0	2	2	2	1	1	0	1	2	0	0	2	2	4	8	15	17	9	4	4	3	0	1	3	4	22	100	9	10	10	4	2	0	1	0	1	1	0	1	2	0	4	0	3	8	1	1	5	2	5	1	7	1	3	0	3	1	0	3	0	2	3	2	1	1	3	11
0	0	0	0	0	0	0	0	0	1	0	0	3	0	0	1	0	0	1	1	2	1	0	0	1	2	0	0	0	0	1	1	0	1	1	1	0	0	0	0	0	1	0	0	0	1	1	1	0	0	0	2	0	1	2	0	2	0	0	1	0	0	0	1	1	0	0	0	0	0	0	0	0	1	2	2	0	0	0	0	0	0	0	0	0	1	0	1	3	0	0	0	0	0	1	0	0	0	1	0	0	0	0	2	0	0	0	0	0	0	0	0	1	2	0	0	0	0	0	0	1	2	0	0	0	2	0	0	0	2	1	0	0	0	2	1	0	0	2	1	0	1	1	1	1	1	0	1	1	2	0	0	1	0	0	2	1	0	0	0	0	0	1	0	0	1	1	1	1	2	0	1	1	1	1	0	3	1	3	0	0	1	2	0	2	0	2	0	1	1	0	0	0	1	2	0	1	0	0	0	1	0	1	0	0	0	1	0	0	0	0	1	0	0	0	0	2	0	2	3	1	0	0	0	0	1	0	3	1	1	0	0	0	2	2	1	1	2	1	1	0	1	1	1	2	0	1	0	1	0	0	0	0	0	0	0	0	0	1	0	0	0	0	0	1	0	1	1	0	1	4	1	0	2	2	1	3	2	0	2	2	2	2	1	1	2	2	0	0	1	0	1	0	0	0	1	0	0	1	2	1	1	2	0	1	1	1	1	1	0	2	5	1	3	2	0	3	4	3	1	3	6	7	6	3	10	5	7	24	0	58	17	12	11	5	0	2	1	2	1	2	3	1	0	2	1	2	1	4	4	4	2	1	0	1	3	1	1	0	1	1	2	4	5	3	0	4	3	4	2	2	2	2	1	1	0	4	2	0	2	2	5	4	4	2	2	2	0	0	0	0	1	2	0	1	1	0	2	2	1	0	1	2	2	1	4	1	2	4	8	13	21	30	11	0	1	1	2	1	2	1	3	0	1	0	1	2	1	3	1	2	3	3	4	4	3	7	9	4	5	5	3	2	0	2	0	7	12	31	13	12	8	3	6	3	0	1	0	2	0	0	1	0	2	3	3	3	1	0	7	1	2	1	3	2	3	0	1	0	1	1	0	0	2	2	2	1	4	4
0	0	0	0	0	0	0	5	1	1	1	1	1	0	1	1	1	0	2	0	0	0	0	1	0	0	0	1	0	0	1	0	0	1	0	0	0	0	1	0	0	0	0	1	0	0	0	0	0	1	1	1	0	2	1	1	1	1	0	0	0	0	1	0	1	1	0	0	0	1	0	0	1	0	0	0	1	0	0	0	1	0	0	0	0	1	1	0	0	0	0	1	1	1	0	3	0	0	0	1	0	2	0	0	0	0	1	0	0	1	1	0	0	0	0	1	0	0	0	0	0	1	1	1	0	1	2	0	1	2	1	1	1	0	0	0	0	0	1	3	2	2	1	2	1	1	2	0	0	3	1	2	0	0	0	2	1	0	0	0	0	0	0	2	0	1	0	1	1	1	0	0	0	0	0	1	1	2	1	1	1	1	2	2	0	2	0	1	1	1	0	0	0	0	0	1	0	0	0	0	0	0	0	1	0	0	1	0	0	0	1	0	2	0	0	2	4	2	3	6	5	0	2	2	2	1	1	0	0	1	0	0	0	2	0	3	2	1	1	2	1	1	0	0	0	0	0	1	1	1	2	2	0	1	2	0	0	0	2	0	1	0	1	2	0	0	1	2	0	1	1	1	2	2	1	1	1	1	3	0	0	1	0	2	2	0	0	2	1	0	0	0	0	0	1	0	0	1	1	2	2	2	4	1	2	0	4	2	0	0	1	0	1	1	2	5	2	1	2	4	4	8	3	6	3	2	3	9	16	58	0	38	16	13	5	3	0	2	2	2	4	1	1	2	1	5	1	1	3	5	5	3	3	3	1	0	2	1	4	2	2	5	2	4	1	3	3	5	3	2	2	1	1	2	0	3	1	0	7	9	6	7	3	1	1	2	3	2	1	0	1	0	0	0	1	0	1	1	3	2	2	0	1	7	8	1	5	4	9	2	14	14	10	6	3	2	2	1	0	1	0	0	2	2	0	1	1	1	1	1	0	1	2	0	2	5	9	4	5	3	2	2	2	2	0	0	1	6	17	7	9	4	4	1	1	0	3	1	2	2	0	1	0	0	1	2	4	2	3	2	3	5	1	5	1	1	1	1	0	2	1	0	0	0	1	3	1	2	3
0	0	0	0	0	0	0	0	0	0	0	0	0	1	0	1	1	0	0	1	0	1	1	1	2	0	1	1	1	1	0	0	0	0	0	0	1	1	0	0	0	0	0	1	0	1	1	3	0	0	1	2	0	3	0	1	1	0	1	0	1	1	2	0	0	0	1	0	1	1	0	0	0	0	0	0	0	0	1	2	0	1	0	1	0	3	2	2	2	2	1	0	0	1	0	0	1	0	0	1	1	1	1	2	0	2	0	0	1	1	0	1	0	1	0	0	0	0	0	1	1	0	0	1	0	2	0	1	0	6	0	0	0	0	2	1	2	1	1	4	3	6	0	0	0	0	0	1	1	1	0	2	0	0	0	0	0	0	0	1	0	0	1	0	0	0	0	0	2	0	0	1	0	0	1	1	0	3	1	1	1	1	1	1	2	3	2	1	0	2	0	0	1	0	1	0	2	1	2	0	0	1	0	0	0	0	0	0	0	0	1	1	1	1	0	0	0	5	1	3	5	0	0	3	1	1	1	1	1	1	2	2	3	0	4	2	5	1	1	1	0	2	4	2	0	3	2	4	1	1	2	1	1	3	0	6	0	0	0	0	3	0	0	1	1	0	0	1	0	3	1	0	2	2	3	1	0	1	3	1	3	0	0	0	0	0	0	1	0	0	2	0	0	0	0	0	1	2	2	4	0	2	0	1	2	2	2	1	0	1	2	0	2	2	2	2	5	6	7	2	6	5	0	4	2	6	3	8	3	17	38	0	58	18	5	6	3	3	4	7	2	3	3	0	2	1	0	1	4	3	4	3	2	2	3	2	1	1	1	3	2	8	6	2	1	6	0	4	5	0	0	0	1	2	1	1	2	2	2	4	8	5	10	4	4	3	3	1	4	0	1	1	4	1	1	1	0	3	4	1	2	4	2	8	3	4	2	3	0	8	13	15	9	1	1	0	0	0	0	1	1	1	1	0	0	2	1	2	0	1	1	0	0	2	3	2	3	1	2	1	0	2	0	1	1	1	1	2	5	3	4	2	2	2	0	1	1	2	1	1	1	3	0	1	1	0	0	3	1	1	2	0	0	0	0	1	3	1	2	0	1	1	0	1	0	0	0	0	3
0	0	0	0	0	0	0	0	0	0	0	1	2	0	0	2	0	1	1	0	0	0	0	0	0	0	0	1	0	1	0	0	0	0	0	0	0	1	0	0	1	1	0	0	0	0	0	0	0	1	3	1	0	1	0	1	0	0	1	0	0	0	0	1	0	0	0	0	0	0	0	1	1	1	1	0	0	1	0	1	0	0	1	0	1	0	0	1	1	0	0	0	1	0	1	4	1	0	1	1	0	1	0	1	2	0	2	0	0	1	0	0	0	0	1	1	0	1	0	0	0	0	1	2	1	0	1	0	0	1	0	0	0	0	0	1	0	1	0	3	1	0	1	0	0	2	0	1	0	1	1	0	0	0	2	1	0	0	0	0	2	2	0	0	0	2	0	2	1	2	2	2	2	1	0	0	1	0	0	0	0	1	3	1	1	2	2	2	1	4	0	1	2	0	1	4	0	0	0	0	1	1	0	0	0	0	2	1	2	0	0	1	0	1	0	0	1	0	1	2	1	2	3	1	0	1	2	2	2	2	1	0	2	2	2	0	3	0	0	2	2	1	0	2	0	1	1	3	0	2	1	0	1	0	1	0	0	1	1	2	0	1	2	0	0	0	1	0	0	0	1	2	1	2	1	0	1	1	1	1	1	0	0	2	0	1	0	0	1	1	0	1	0	1	0	1	0	0	1	6	1	5	0	1	3	0	1	2	1	2	3	1	2	2	3	5	5	3	1	2	5	4	4	0	8	3	0	3	2	12	16	58	0	77	11	4	4	2	3	4	8	4	5	2	5	0	0	2	3	4	2	2	3	1	4	1	1	2	3	1	2	1	2	3	2	1	0	0	3	1	1	2	1	0	2	0	2	1	2	5	5	5	5	5	5	1	2	0	0	1	1	3	2	5	2	1	0	1	2	0	1	0	1	2	4	3	4	1	6	1	10	5	1	4	1	1	0	0	2	0	1	0	1	0	0	0	1	0	0	0	1	0	3	1	0	2	3	2	1	0	1	1	0	1	0	2	0	5	6	7	7	3	2	3	3	1	1	1	1	1	0	0	2	0	3	1	1	0	0	0	1	4	0	1	0	0	0	1	1	0	1	2	1	0	0	1	0	0	2
0	0	0	0	0	0	0	0	0	1	0	1	0	1	0	0	1	0	0	1	0	1	0	1	2	1	1	0	1	0	0	2	0	0	0	0	0	1	0	1	0	1	0	1	0	0	0	0	0	1	0	2	0	2	0	0	1	0	0	0	0	0	0	2	0	1	0	0	0	1	2	1	1	0	2	1	1	1	0	0	1	0	1	0	0	0	0	1	0	0	0	2	0	0	0	2	2	2	1	0	0	1	1	3	1	0	0	0	0	0	0	0	2	0	0	1	0	0	0	0	0	1	2	0	3	1	0	1	0	1	2	0	1	0	0	0	0	1	1	2	0	1	0	2	0	0	2	1	0	0	0	0	1	0	1	0	1	0	1	1	0	0	3	0	0	4	2	0	2	0	2	0	1	2	0	1	2	1	1	0	2	3	1	2	2	4	1	3	2	3	0	0	0	2	2	0	0	0	0	1	2	0	0	0	0	1	0	0	1	1	0	0	1	0	0	0	1	1	6	3	3	5	1	1	4	1	1	1	0	2	3	0	0	0	2	3	4	0	3	0	0	1	1	4	2	1	2	1	1	1	1	0	1	0	1	1	0	1	0	2	0	1	0	1	1	0	1	0	0	2	3	2	2	3	1	1	0	0	1	0	0	2	1	0	0	1	0	3	0	2	2	1	0	1	0	1	2	1	0	2	2	3	1	0	1	1	0	0	1	0	1	2	3	0	2	3	2	2	1	2	0	1	1	2	1	1	2	1	5	11	13	18	77	0	26	10	4	2	4	3	8	5	4	4	1	0	3	6	0	1	2	1	2	0	0	0	0	2	2	0	1	0	2	0	3	2	0	2	1	1	3	0	0	3	2	0	0	4	4	3	1	9	1	4	2	6	1	1	5	4	1	0	0	6	0	0	2	3	1	1	2	4	2	1	5	5	0	1	5	3	2	5	3	3	2	2	2	0	0	0	1	1	1	0	0	0	2	1	1	0	0	0	1	1	1	1	3	1	3	1	0	0	2	2	0	0	3	4	2	0	6	0	3	0	0	1	1	1	1	0	0	1	1	0	1	1	0	0	1	1	0	3	1	0	3	0	1	0	1	0	2	1	1	0	1	0	0	1	1
0	0	0	0	0	0	0	0	1	0	0	1	1	0	2	1	3	3	0	0	1	0	0	1	2	1	0	0	0	0	0	0	1	0	0	1	0	0	0	0	0	0	0	0	0	0	0	0	0	1	1	1	1	1	1	1	2	0	0	1	0	1	1	1	0	0	0	0	2	0	1	0	0	3	1	0	0	0	0	0	0	1	1	0	0	2	0	0	1	1	0	2	1	0	3	3	0	2	0	2	2	2	0	0	3	0	0	0	0	0	2	1	0	0	0	0	1	1	1	0	0	0	1	0	0	0	0	1	0	3	0	0	0	1	1	0	2	2	0	2	0	2	1	0	1	1	1	0	1	1	1	0	1	1	0	2	1	1	0	1	1	0	0	1	1	0	2	3	3	0	1	2	2	0	0	2	1	0	0	0	3	4	0	0	2	1	0	2	2	1	0	0	0	1	0	0	1	0	0	0	0	1	1	0	2	0	0	1	0	0	0	1	1	2	0	1	0	1	1	2	2	5	1	1	1	2	6	2	0	3	0	1	0	1	3	1	1	1	0	0	1	2	2	1	0	1	2	1	2	0	0	0	1	0	1	2	1	1	2	1	3	1	3	0	2	0	2	0	3	1	1	0	0	0	2	0	0	1	0	0	1	2	0	1	3	0	2	1	1	0	0	2	1	0	0	0	2	2	2	3	1	0	3	1	2	0	1	0	2	0	1	0	0	0	0	1	0	2	2	2	3	2	0	3	2	2	2	0	1	5	5	5	11	26	0	32	7	8	10	26	28	8	11	2	0	0	2	3	3	4	2	1	3	2	1	0	1	2	3	1	0	1	0	1	1	1	0	1	1	0	0	0	0	0	2	0	1	4	1	5	4	2	3	3	0	3	0	0	2	3	1	0	2	3	1	1	1	1	5	5	3	1	1	1	3	0	2	1	0	5	1	4	2	4	1	1	1	1	0	1	0	1	0	0	1	0	0	1	0	0	0	4	0	1	1	0	0	2	3	1	0	0	0	0	1	0	0	1	1	3	1	1	0	1	1	2	0	1	0	0	0	1	0	2	0	3	1	1	0	1	0	1	0	1	0	2	0	2	2	1	1	0	0	1	1	2	0	1	1
0	0	0	0	0	0	0	1	1	1	1	0	0	0	0	2	1	0	1	0	0	1	0	0	0	0	0	1	0	0	1	0	1	1	1	0	0	0	0	0	0	0	0	0	0	0	1	1	3	0	0	1	1	0	0	0	0	0	1	1	0	1	0	0	1	0	0	0	0	0	0	0	0	1	0	0	0	0	0	0	0	0	0	0	2	0	1	0	1	0	1	1	0	0	1	0	0	0	0	0	0	2	0	0	3	0	1	0	0	2	0	2	0	0	2	0	0	0	1	0	0	1	0	0	0	0	0	1	0	0	0	1	1	0	1	1	1	1	0	0	1	0	0	1	1	1	0	1	0	0	0	3	1	3	1	0	1	1	0	1	1	0	0	0	2	3	0	4	1	1	2	0	1	0	0	2	1	0	0	0	0	0	1	0	0	2	2	1	1	3	1	0	0	0	2	1	0	0	1	0	0	1	0	1	0	0	0	1	0	0	0	0	1	1	1	2	2	2	0	2	2	4	2	1	2	2	0	1	1	2	0	0	1	0	1	1	1	0	0	2	0	1	0	0	1	0	1	0	0	2	1	1	3	0	1	0	0	0	2	0	1	0	2	0	0	1	1	0	1	1	3	3	0	1	1	0	0	1	1	1	1	1	1	0	1	0	0	1	0	0	1	0	0	0	3	1	1	1	1	3	0	1	0	1	1	0	0	0	1	1	1	1	0	2	0	0	0	0	2	0	2	0	2	3	2	1	1	1	2	0	3	6	4	10	32	0	27	7	7	21	23	10	10	1	2	0	2	4	2	0	5	0	1	1	1	0	0	1	0	1	2	1	0	1	0	2	0	0	0	0	0	0	2	0	0	0	1	2	0	1	1	1	2	5	1	0	3	1	0	1	0	0	2	2	1	0	1	0	4	2	1	2	2	1	0	2	0	4	3	1	3	3	2	0	0	0	0	0	0	0	1	0	1	0	0	0	0	0	0	0	0	0	1	0	3	2	1	0	1	2	2	1	1	1	0	2	0	1	1	0	2	2	0	1	1	0	0	0	2	0	0	0	1	1	0	1	0	0	0	1	0	2	0	0	0	1	1	1	0	2	1	1	1	0	1	0	0	1	0
0	0	0	0	0	0	0	0	2	0	1	0	0	0	0	0	1	0	0	0	0	0	1	0	0	0	2	0	1	0	0	0	0	0	2	2	0	1	0	0	0	0	0	1	0	1	0	0	0	0	1	0	0	1	0	0	0	0	0	0	0	0	1	1	1	0	0	0	0	0	0	0	0	0	0	0	0	1	1	0	0	0	0	0	0	0	0	1	2	1	0	1	1	0	0	0	0	0	2	1	2	1	1	0	0	1	0	0	0	1	0	0	0	0	1	0	2	0	0	1	1	1	0	0	0	0	0	1	0	0	0	0	1	1	0	3	0	1	1	1	0	1	0	0	0	0	0	0	0	0	1	0	1	0	0	0	0	0	1	0	0	0	0	1	2	0	2	0	0	1	2	0	1	0	2	0	1	0	0	0	1	0	1	1	1	1	1	0	0	1	0	0	1	0	1	0	0	0	0	0	0	0	0	0	2	0	2	0	0	0	0	0	1	0	1	1	0	1	1	2	2	6	0	0	2	3	0	2	2	1	2	0	1	4	1	2	1	1	1	0	2	0	1	0	0	0	1	1	1	0	1	3	1	1	0	1	0	0	0	1	0	0	0	3	0	3	2	1	1	2	2	1	1	2	1	0	0	0	0	2	1	0	0	1	2	0	0	0	0	2	1	1	1	1	0	0	0	1	1	3	1	0	1	1	0	0	1	0	1	0	0	0	0	0	0	0	0	2	0	2	0	0	1	0	0	0	2	1	0	2	0	3	4	4	7	27	0	30	18	8	11	14	21	2	1	1	3	0	3	1	2	1	1	2	0	0	0	2	1	0	0	2	0	0	0	1	0	2	2	0	0	1	0	0	0	1	0	3	1	1	2	2	2	2	5	5	1	3	1	1	1	1	2	4	2	3	3	0	2	1	1	3	2	4	3	0	2	1	0	0	4	2	1	0	0	3	0	0	0	0	0	0	0	0	0	0	1	0	0	1	0	0	0	0	2	0	0	1	1	0	0	0	1	1	0	0	1	1	2	0	0	0	2	0	1	0	1	0	1	0	0	0	0	0	1	0	2	1	0	0	0	0	0	3	0	1	1	0	1	0	0	1	1	1	0	1	0	0	0
0	0	0	0	0	0	0	0	0	1	1	1	0	0	0	0	0	1	0	1	0	0	0	0	0	1	0	0	1	0	0	0	0	1	1	0	0	1	0	0	1	0	2	0	0	0	0	1	1	0	0	0	0	1	3	0	0	0	1	1	0	0	0	0	0	0	0	0	0	0	0	0	1	0	0	0	0	1	0	0	0	4	0	1	1	1	1	1	3	1	0	0	2	0	2	2	1	0	0	2	0	2	1	0	1	0	0	2	1	1	0	0	0	0	0	1	0	1	0	0	0	0	0	0	0	1	0	0	1	0	1	0	0	0	0	0	1	0	1	0	1	0	0	1	0	0	0	0	0	0	0	0	0	1	1	1	0	1	1	0	0	0	2	1	1	4	1	0	0	4	2	2	1	0	1	1	0	0	0	0	2	0	0	1	0	1	0	0	1	3	0	1	0	1	1	1	0	1	0	0	1	0	1	0	1	0	1	0	0	0	1	0	0	2	0	0	1	0	1	1	0	1	1	2	0	4	1	0	0	2	1	2	1	2	3	0	1	2	1	1	0	0	0	0	0	0	0	1	0	0	0	0	2	0	0	1	0	2	1	1	0	0	1	2	2	2	5	2	2	6	1	1	1	2	0	1	0	3	1	1	0	1	2	1	2	0	1	0	1	1	0	1	0	0	1	1	0	2	1	3	1	2	0	0	0	0	0	1	0	0	0	0	0	1	1	0	2	1	0	1	1	0	0	0	1	1	0	1	0	1	2	3	2	2	8	7	30	0	20	16	10	20	14	5	0	0	0	2	0	0	1	1	0	1	1	0	0	0	1	0	2	2	1	1	0	0	2	0	0	1	0	1	0	0	0	0	0	1	1	0	1	1	3	2	1	0	1	2	7	2	1	1	4	5	0	4	1	2	1	5	2	2	1	3	0	0	2	0	2	2	0	2	0	1	1	0	0	0	1	1	1	0	1	0	0	0	0	1	0	0	0	1	0	0	0	0	0	0	0	0	2	0	0	0	0	0	0	1	1	3	0	0	1	2	0	0	0	0	0	0	0	0	0	0	0	0	0	0	0	0	1	0	0	0	0	0	0	0	0	0	0	1	0	0	0	1	0	0	0
0	0	0	0	0	0	0	0	0	0	0	0	0	0	0	0	0	0	0	0	1	1	0	0	0	0	0	0	1	1	0	0	1	0	0	0	0	0	0	0	0	0	1	0	0	0	2	0	1	0	1	1	0	1	1	0	0	1	0	0	1	1	0	0	1	0	0	0	1	0	0	1	1	1	0	0	1	0	0	0	0	0	0	0	1	1	0	0	0	0	1	1	0	0	0	1	1	1	1	3	2	3	0	1	3	1	1	2	0	0	1	0	0	0	1	0	0	0	0	0	0	2	0	1	0	0	0	0	0	0	0	0	0	0	0	2	0	0	1	0	1	1	0	0	1	1	0	0	0	0	0	0	1	0	0	2	2	1	0	2	0	1	2	2	1	1	2	1	0	4	0	0	2	0	3	0	1	0	1	1	1	0	0	0	1	0	3	2	1	2	1	0	2	1	1	0	0	1	1	0	0	0	0	1	0	0	0	1	1	0	0	1	0	1	0	0	1	0	3	1	4	3	3	2	6	1	3	1	3	4	1	1	6	0	0	2	2	2	0	0	1	0	1	0	1	1	0	1	0	2	0	2	3	2	2	1	0	2	3	1	1	0	3	0	1	1	3	3	3	0	1	1	4	4	2	0	1	2	1	1	0	0	0	2	1	2	1	2	0	1	0	0	2	0	2	0	0	6	0	3	0	1	0	1	1	0	1	0	0	0	0	0	0	1	2	0	1	1	3	1	0	0	1	0	0	0	1	0	1	2	2	4	3	4	10	7	18	20	0	34	26	14	5	7	2	0	7	0	1	2	0	2	0	2	1	1	2	2	2	4	0	1	0	1	2	0	0	1	2	0	0	0	0	0	1	0	0	0	0	1	2	3	3	3	1	3	2	3	2	4	3	2	1	4	2	1	1	3	2	1	2	2	0	0	3	0	3	2	1	2	3	2	3	0	1	1	0	0	0	0	0	1	0	0	1	1	0	0	0	0	0	0	0	0	0	2	0	1	1	0	0	0	0	1	1	2	1	1	1	1	0	0	0	2	1	0	0	0	0	0	0	2	0	1	1	0	0	0	1	0	0	0	0	1	0	0	0	2	0	0	0	0	0	0	0	0	0	0	0
0	0	0	0	0	0	0	0	0	0	0	0	2	0	0	0	0	1	1	0	1	0	0	1	0	0	0	0	1	1	1	0	0	2	0	1	0	0	0	0	0	0	0	0	1	0	0	1	0	1	0	0	0	1	0	0	2	0	0	0	2	0	0	0	1	0	0	0	0	0	0	0	2	0	1	0	0	0	1	0	0	0	0	2	1	1	0	0	1	2	1	2	1	0	2	2	2	0	0	1	3	1	0	1	0	3	0	3	2	0	3	2	0	1	0	0	1	0	0	0	0	0	1	3	0	0	0	1	0	0	1	0	0	1	1	0	0	2	1	4	3	2	0	3	0	1	1	1	1	0	0	0	1	0	0	1	0	0	0	0	1	0	0	1	0	1	3	0	1	3	0	3	1	3	0	2	2	0	0	0	2	0	1	0	0	0	4	1	1	1	1	0	1	1	0	0	0	0	0	1	2	0	0	1	0	0	2	0	0	0	0	1	1	1	0	3	1	1	0	2	3	5	4	2	4	3	0	3	2	3	5	1	6	0	1	3	1	2	1	2	2	4	0	1	0	1	0	0	0	2	2	2	1	0	2	1	0	1	1	0	2	1	0	3	1	2	0	1	4	0	0	3	2	1	2	2	1	0	0	0	1	1	1	1	2	0	0	0	1	2	1	0	2	1	0	1	1	3	0	3	1	1	1	0	0	0	1	0	0	0	0	0	2	2	1	2	2	1	0	2	2	1	0	2	1	1	0	0	0	1	2	7	4	3	26	21	8	16	34	0	44	6	7	2	4	0	1	1	2	2	3	0	1	2	0	2	0	2	0	0	1	1	1	0	0	0	2	0	0	0	0	0	0	1	0	0	1	1	3	2	2	2	2	6	3	1	3	2	2	3	1	0	4	6	2	1	1	2	1	1	2	1	3	4	1	0	2	1	3	3	5	0	1	0	1	0	0	0	1	0	0	0	1	1	0	0	2	0	1	0	0	0	0	1	0	0	1	1	2	2	0	0	0	0	0	1	0	0	0	2	0	0	0	0	0	2	0	0	0	0	0	0	0	2	0	1	1	0	0	1	2	0	0	1	0	0	1	0	0	0	0	0	0	0	0	1	2	1	0
0	0	0	0	0	0	0	2	0	0	2	0	0	1	0	1	1	0	0	0	0	2	0	0	0	1	1	1	0	0	0	0	0	0	0	0	0	1	0	0	0	0	1	0	1	0	1	1	0	0	1	0	0	0	1	0	1	0	0	0	2	0	1	0	0	0	0	0	1	0	0	0	0	0	0	1	0	1	1	0	0	1	0	3	0	1	2	2	0	1	2	2	0	1	1	3	1	2	0	1	5	1	1	0	1	0	0	2	1	0	0	0	0	0	0	0	1	1	0	1	0	0	1	0	1	0	0	2	1	0	1	1	0	0	2	0	1	2	0	1	2	0	2	0	0	0	0	0	2	0	1	0	2	0	0	0	0	0	0	1	0	0	0	0	1	0	3	1	0	1	1	0	2	1	0	0	3	2	0	1	0	2	3	0	1	2	2	1	1	1	1	0	0	0	0	0	0	0	1	1	0	1	1	0	1	0	0	0	2	1	0	0	2	0	1	0	1	2	0	1	4	5	2	2	2	3	1	2	2	3	3	1	5	2	3	3	1	0	0	0	1	2	2	0	1	1	3	1	2	1	1	3	1	1	3	0	0	1	1	1	0	1	4	1	3	1	1	1	2	3	2	1	2	1	3	1	3	1	3	2	0	0	1	2	0	1	1	1	3	0	0	0	0	0	2	6	0	4	0	1	1	1	0	2	0	1	1	1	0	0	0	0	0	0	0	0	3	2	0	0	0	2	0	2	1	1	0	2	2	2	4	2	8	8	28	23	11	10	26	44	0	33	12	7	2	6	0	0	5	4	2	3	0	0	1	2	1	3	1	2	0	2	2	0	1	0	0	2	3	2	0	0	1	0	1	0	0	2	1	4	4	0	6	6	1	7	2	1	5	2	2	1	3	4	3	1	1	2	3	1	3	3	1	1	2	3	2	2	1	2	2	1	2	3	0	0	1	1	0	0	0	0	1	2	0	1	1	0	0	0	0	0	2	0	1	2	0	0	1	0	0	0	0	0	0	1	1	0	1	1	0	0	0	2	0	0	0	0	0	0	0	1	2	0	0	0	1	0	0	1	0	1	1	0	0	1	0	1	0	0	0	0	0	0	0	1	2	0	0
0	0	0	0	0	0	0	0	1	0	0	0	0	0	0	0	0	0	2	0	0	0	1	0	0	0	0	1	0	0	0	0	0	1	0	1	0	0	0	0	1	0	0	0	0	1	0	2	0	1	0	2	0	0	0	1	1	0	0	0	0	0	1	1	1	0	0	0	0	1	0	1	1	0	1	0	1	1	0	0	0	1	0	0	0	1	0	0	1	1	0	0	2	1	0	2	2	3	0	2	0	1	1	3	1	0	1	2	0	0	0	0	1	0	1	1	0	0	0	0	0	0	0	1	1	0	1	0	0	1	0	1	0	0	1	2	2	0	0	1	0	1	0	0	0	1	0	0	0	0	0	0	0	0	1	0	1	0	0	0	0	0	1	1	0	4	0	1	0	1	0	1	0	2	2	0	2	1	0	0	1	2	0	1	0	1	0	1	3	1	0	0	0	1	0	1	0	0	0	0	1	0	0	0	0	0	0	0	0	1	1	0	1	1	0	0	0	0	0	0	1	0	3	2	0	3	3	0	2	3	4	4	2	1	3	2	2	1	2	1	1	0	1	2	2	0	1	1	3	0	1	2	3	0	1	1	3	1	2	2	0	2	3	1	2	2	3	1	1	9	5	3	1	0	0	1	1	1	2	1	2	1	4	0	0	1	0	5	0	0	0	0	1	1	1	1	1	1	1	1	1	0	0	1	1	0	0	0	0	1	0	0	1	0	0	2	3	2	1	2	0	0	1	0	1	0	0	0	2	3	1	3	4	5	8	10	14	20	14	6	33	0	79	20	4	1	6	1	7	1	2	5	1	2	1	4	4	4	2	0	1	2	1	2	1	1	1	1	2	1	0	0	0	3	1	1	1	1	2	2	2	2	3	6	4	1	1	3	3	2	0	3	1	5	4	1	3	4	2	4	1	1	2	4	5	2	2	2	2	3	2	3	2	1	1	1	0	2	0	0	0	1	1	1	0	0	0	0	0	0	0	1	0	0	0	0	1	1	3	3	2	2	0	2	1	1	1	1	1	3	1	1	0	1	0	0	0	1	0	1	0	0	0	0	1	0	0	0	0	1	0	0	0	0	2	1	0	0	0	0	0	0	0	2	2	1	0	1	0
0	0	0	0	0	0	0	0	0	1	1	1	0	0	0	0	0	0	1	0	1	0	0	0	1	0	1	0	0	0	0	0	0	1	1	0	0	0	0	2	1	1	0	0	0	0	2	0	1	0	1	1	0	0	0	1	0	0	0	1	0	0	0	0	0	0	0	0	0	1	0	2	0	0	1	0	0	0	1	0	1	0	0	0	0	2	0	2	1	1	0	0	1	0	2	2	1	0	0	2	0	1	0	1	0	0	0	0	0	0	1	2	0	0	0	0	0	2	0	0	0	0	0	1	0	2	0	1	0	0	0	0	0	0	0	0	0	0	0	0	0	1	1	0	0	0	1	0	2	0	0	1	0	1	2	0	0	0	0	0	1	0	0	0	0	0	2	0	0	0	1	1	0	0	0	2	2	1	0	0	1	0	1	1	2	1	0	0	3	3	0	0	0	0	0	0	1	0	0	0	0	0	1	0	0	0	0	0	2	2	0	0	1	0	0	1	0	0	0	3	1	1	2	2	2	0	1	2	4	5	0	1	1	0	2	2	0	0	1	0	2	0	1	1	2	0	0	2	0	0	0	2	2	1	0	0	0	1	1	2	2	2	0	4	2	3	5	3	3	5	5	4	1	2	3	2	1	5	1	1	0	0	1	1	0	0	0	2	0	1	1	0	0	0	0	0	1	0	0	2	0	1	0	1	1	0	0	0	0	3	1	1	0	2	0	0	0	1	2	1	0	0	1	2	1	0	1	3	4	1	1	3	5	4	11	10	21	14	5	7	12	79	0	36	5	6	3	3	2	2	1	1	4	1	1	2	3	0	2	1	1	0	0	0	0	1	0	1	1	2	1	1	0	1	0	0	0	0	1	2	1	2	0	4	3	4	3	2	0	2	2	1	1	0	3	3	1	2	3	0	3	1	2	2	0	6	3	3	3	7	4	1	2	2	1	0	1	0	1	1	0	0	0	0	0	0	0	0	1	0	0	0	0	0	0	0	2	1	0	0	1	1	1	0	0	0	2	1	0	0	0	1	0	0	0	0	1	2	0	1	2	0	2	0	0	2	0	0	0	1	0	0	0	0	0	0	0	2	0	0	0	1	2	0	1	1	0	0	0
0	0	0	0	0	0	0	1	1	0	0	0	0	0	0	0	0	0	0	1	0	0	0	0	0	0	0	0	2	0	1	0	3	0	0	1	0	0	0	1	1	0	1	0	0	0	0	1	0	0	0	0	1	0	0	0	0	0	0	0	0	0	0	0	0	1	0	0	0	1	2	0	0	0	1	1	0	1	2	1	0	0	1	0	0	1	0	0	0	0	0	1	0	2	0	0	0	1	0	1	2	0	0	0	1	0	0	0	0	0	1	0	0	0	1	0	1	0	0	0	0	0	1	1	0	0	1	0	1	2	0	1	0	2	1	1	1	1	2	1	1	0	1	1	0	1	0	2	0	1	0	0	0	0	0	1	0	0	0	0	0	0	0	1	0	1	1	1	2	0	1	0	0	0	0	0	0	0	0	0	0	0	0	0	2	0	0	2	1	2	0	1	0	0	1	2	2	1	0	0	0	1	1	1	1	0	0	0	0	0	0	2	0	0	0	1	0	1	0	3	3	1	0	1	0	1	2	1	0	5	1	3	2	3	2	4	0	1	1	2	2	0	3	1	0	1	3	2	2	2	1	2	2	0	1	0	1	3	2	3	2	1	2	1	0	1	5	3	3	1	5	4	1	2	1	5	0	4	1	1	0	2	0	2	1	0	2	2	2	2	1	1	0	0	1	1	1	2	3	0	1	3	0	2	0	0	0	0	0	1	0	0	1	1	0	2	1	2	1	0	0	0	0	2	1	1	0	0	1	0	2	0	2	4	2	1	2	5	7	2	7	20	36	0	14	7	9	6	10	0	4	5	3	0	1	1	1	2	1	2	1	2	1	1	1	1	1	0	0	0	0	0	1	0	0	1	0	2	0	2	5	1	4	2	0	4	4	2	3	2	0	1	2	5	1	2	2	6	2	4	1	2	2	8	4	2	4	4	3	6	2	2	0	0	0	0	2	0	0	0	0	0	1	0	2	0	0	1	0	0	0	0	0	0	1	2	1	0	0	4	1	0	0	0	0	2	0	0	0	2	1	1	1	0	1	2	0	0	0	1	1	0	1	0	1	1	2	0	0	1	0	0	0	0	3	2	0	0	0	0	0	0	1	1	0	1	1	0	0
0	0	0	0	0	0	0	0	0	0	0	0	0	0	0	1	1	0	0	1	0	0	0	0	0	0	0	0	0	1	0	0	0	1	0	0	0	0	0	0	1	0	0	0	0	0	0	0	0	0	0	1	0	0	4	1	0	0	0	0	0	1	0	0	0	0	2	0	0	0	0	0	0	0	1	1	0	0	0	0	0	0	0	1	0	1	0	0	0	2	0	0	2	1	0	1	1	0	0	1	0	0	3	0	0	1	0	0	0	0	0	1	0	0	0	0	1	1	0	0	0	1	1	0	0	0	2	0	0	1	0	1	0	0	0	0	0	0	0	1	0	1	0	0	0	1	0	0	0	1	0	0	1	1	1	1	0	0	0	0	0	0	0	0	0	0	1	0	0	0	1	0	0	1	0	0	2	0	0	0	0	1	0	0	1	1	1	0	0	0	0	0	1	0	2	0	0	2	0	0	1	0	1	0	0	0	0	0	0	1	0	0	0	0	0	0	1	0	0	1	2	2	0	1	0	3	0	1	0	1	1	0	2	2	2	0	1	1	3	4	1	2	1	0	0	1	0	1	1	0	1	1	1	1	1	0	1	0	0	1	3	0	0	3	0	1	0	1	0	7	4	7	4	6	6	8	5	1	1	1	2	0	1	2	1	1	0	0	1	0	1	0	0	2	2	0	1	0	0	1	0	1	0	1	0	1	0	0	0	0	1	0	1	1	0	0	1	2	2	0	1	0	1	1	2	1	1	2	3	2	1	2	5	1	0	2	1	0	2	4	2	4	5	14	0	52	55	29	26	3	7	4	2	0	1	3	2	0	2	1	0	0	4	5	3	0	1	0	2	1	0	0	2	0	0	0	1	1	3	0	2	2	0	4	5	4	2	2	2	1	0	1	0	1	4	0	3	3	0	3	7	5	5	3	7	5	7	5	9	9	4	4	1	0	0	2	1	1	0	0	1	0	0	0	0	0	0	0	0	0	0	0	0	1	1	3	0	0	0	1	1	1	1	0	0	1	1	3	2	0	1	0	1	0	0	0	0	0	0	0	1	0	0	0	1	1	1	0	1	0	0	0	1	1	1	1	0	0	1	0	0	0	0	1	0	0	0	0	1
0	0	0	0	0	0	0	1	1	0	0	0	0	0	0	1	0	0	1	0	0	0	1	0	0	0	0	0	0	0	0	0	0	0	1	0	0	0	0	0	1	0	1	1	0	0	0	0	0	0	0	1	0	2	1	0	0	0	1	1	0	0	0	0	1	1	0	0	0	0	0	0	0	0	0	0	1	0	0	3	1	1	0	1	1	1	0	0	1	0	1	0	0	2	0	1	1	0	2	0	2	1	2	1	1	0	0	0	0	0	1	0	1	0	1	1	1	0	0	0	0	1	0	0	2	1	0	1	0	0	0	0	0	0	0	0	0	0	1	0	0	0	1	0	0	0	0	0	0	0	0	0	0	0	1	0	1	1	0	0	1	0	0	1	0	0	0	0	1	0	1	0	0	0	0	0	0	0	0	3	0	0	1	0	0	0	0	1	0	0	0	1	1	0	0	0	0	0	1	0	0	0	1	0	0	0	1	0	0	0	0	1	0	0	0	0	0	1	0	1	1	3	1	1	0	0	2	1	0	0	1	2	3	2	2	1	2	1	0	0	0	3	3	0	1	1	2	1	0	0	1	0	0	0	1	0	1	1	1	2	0	3	2	0	2	2	0	1	5	10	8	12	7	15	12	3	2	2	4	4	4	0	0	3	1	1	0	1	1	1	0	0	1	0	0	0	2	2	1	0	1	0	2	0	0	0	0	0	0	0	0	1	1	0	0	1	1	0	0	5	1	2	0	1	0	0	0	0	1	1	5	1	0	0	0	0	1	0	0	0	6	1	6	7	52	0	88	20	39	1	1	6	0	4	1	3	2	3	1	0	3	2	5	3	2	2	0	0	1	2	0	0	2	0	0	0	0	0	0	0	3	0	2	1	2	0	3	4	4	2	4	1	5	0	2	1	3	3	4	1	4	6	5	2	7	6	11	7	7	4	4	0	1	0	1	1	0	0	0	0	1	0	0	0	0	2	0	0	2	1	1	0	0	0	2	1	2	3	2	2	1	1	0	0	0	1	2	1	0	0	2	0	0	2	0	1	0	0	2	0	0	0	3	0	1	1	0	1	1	0	0	1	1	1	0	0	0	2	0	0	0	0	0	0	0	0	0	0	1
0	0	0	0	0	0	0	0	1	0	0	0	0	0	1	0	0	0	0	1	0	0	0	0	1	0	0	0	0	0	0	0	0	0	1	1	1	0	1	0	0	1	0	0	0	0	0	0	1	0	1	0	0	0	1	0	1	1	0	0	0	0	0	1	0	0	0	0	0	0	0	1	0	1	2	0	0	0	0	0	2	0	1	0	1	2	0	0	0	0	0	0	0	1	0	0	0	0	0	1	1	1	0	0	1	0	0	0	2	0	1	0	0	0	1	0	0	0	0	0	1	0	0	0	1	0	0	0	0	0	0	0	0	0	0	0	1	0	1	0	1	2	1	0	1	0	0	1	2	0	0	0	1	0	0	0	0	0	0	0	2	1	0	0	0	0	0	0	1	0	0	0	0	0	1	0	0	0	1	0	0	2	0	1	1	0	0	0	1	0	2	0	0	0	2	1	0	0	0	0	0	0	0	0	0	0	1	0	0	0	2	0	0	0	0	1	1	0	0	2	0	0	0	0	1	1	0	1	0	0	1	1	1	3	2	1	1	0	1	0	0	1	2	0	2	0	2	0	1	0	1	2	0	1	1	1	0	1	1	2	0	2	1	0	1	1	1	3	2	10	7	5	5	6	6	1	0	0	0	0	0	1	1	0	3	1	1	0	0	1	2	1	1	1	0	0	1	0	3	1	2	0	1	0	0	0	0	0	0	1	0	0	2	0	0	1	1	0	0	0	1	0	0	1	1	1	3	0	3	2	1	0	0	3	2	2	3	0	7	1	0	6	3	9	55	88	0	21	19	2	3	4	2	3	2	1	2	2	0	2	0	1	0	2	1	1	0	2	1	1	1	1	1	0	0	0	0	0	1	2	2	1	3	0	2	4	0	1	2	2	2	0	4	1	0	1	4	2	3	2	3	6	0	5	3	3	3	12	4	7	3	4	1	2	1	0	0	0	0	1	1	1	2	0	0	0	0	0	0	0	0	2	2	1	0	2	2	1	2	0	3	1	0	1	1	0	1	0	2	0	0	1	1	0	0	1	0	2	0	0	0	0	1	0	0	0	0	1	0	0	0	1	1	0	0	1	2	0	1	0	1	1	0	0	0	0	1	0	0
0	0	0	0	0	0	0	0	2	0	0	0	1	0	1	1	0	0	1	0	0	0	1	0	0	1	0	0	0	0	0	0	0	0	0	0	0	0	0	0	0	0	0	0	0	0	0	0	0	1	1	0	2	0	0	0	1	1	1	0	0	0	0	0	0	0	1	0	1	0	0	0	0	1	0	2	0	1	1	1	0	0	1	1	0	1	0	1	0	0	1	1	0	0	1	1	0	2	0	0	0	0	0	0	1	2	1	0	0	0	0	0	0	0	0	0	0	0	0	0	0	0	0	0	0	1	0	0	0	0	0	0	0	2	0	1	2	0	0	1	0	0	0	1	0	0	0	0	0	0	0	0	1	0	0	0	0	0	1	1	0	0	2	0	2	0	0	0	0	0	0	0	0	0	0	0	1	0	0	0	0	0	0	0	2	1	2	1	4	0	1	0	0	0	0	1	0	1	0	0	0	1	0	0	2	0	0	1	0	1	1	0	0	0	1	0	0	2	0	1	0	1	1	0	1	0	1	1	0	2	1	0	2	1	2	1	1	1	1	1	1	0	1	4	3	0	0	2	0	1	3	1	2	1	2	2	0	0	1	2	0	0	1	0	0	1	0	2	2	3	7	7	4	6	12	4	3	1	3	3	1	0	0	1	1	2	0	0	2	0	1	0	0	0	0	4	0	0	1	1	1	0	2	1	1	1	1	0	1	2	2	0	0	1	1	1	1	1	1	0	5	0	1	0	0	2	3	1	4	1	1	1	2	6	3	4	0	2	0	1	0	1	3	6	29	20	21	0	50	6	7	5	1	2	3	2	2	2	1	2	1	1	1	2	3	0	1	0	1	3	2	1	0	0	1	2	1	0	1	1	5	4	4	3	1	1	0	2	1	1	1	2	2	0	1	0	1	2	0	4	7	5	1	5	1	11	7	23	19	20	8	4	1	0	1	1	2	1	0	0	0	0	0	1	1	0	0	0	1	0	0	1	0	0	0	2	0	0	4	1	0	1	1	0	1	2	0	1	2	0	1	2	0	1	1	1	0	0	0	0	0	0	1	2	0	0	1	0	2	0	2	0	0	0	0	0	2	0	1	0	0	0	0	0	1	0	0	0	0
0	0	0	0	0	0	0	0	0	0	0	1	0	0	0	0	0	0	0	0	0	0	0	0	1	0	0	2	1	0	0	0	0	0	0	0	0	0	0	0	0	1	0	0	0	1	1	0	1	1	1	0	0	0	0	0	0	0	0	0	1	0	0	0	0	1	0	1	0	0	0	0	1	0	1	2	1	0	1	0	1	0	2	0	0	0	0	0	0	1	0	0	0	0	0	1	0	1	1	0	0	0	0	0	0	1	0	0	0	0	0	0	0	1	0	0	0	1	1	0	1	0	1	1	1	0	0	0	1	0	0	0	0	1	1	0	0	1	1	0	1	0	1	0	0	1	0	0	0	0	0	0	0	0	0	2	3	0	1	1	0	0	0	0	0	0	0	1	0	2	1	0	0	1	0	0	1	1	0	0	0	0	0	0	1	0	3	0	1	0	0	1	0	1	4	0	0	0	0	0	0	0	1	0	1	0	0	1	1	1	0	0	0	0	0	0	1	1	1	1	0	2	1	0	1	4	1	2	2	1	1	2	2	3	1	6	1	3	1	0	1	0	2	1	2	1	1	2	2	0	2	0	1	0	2	2	0	0	0	1	1	2	0	1	0	1	4	2	3	3	10	26	5	13	24	9	4	4	2	3	3	1	1	0	0	1	0	0	1	1	0	3	0	0	0	0	0	1	1	1	1	1	1	1	0	0	1	1	0	0	0	0	0	0	2	0	2	1	0	0	0	2	1	6	2	0	0	2	2	4	3	4	3	0	3	2	3	0	1	2	5	7	2	10	26	39	19	50	0	7	8	9	5	3	2	2	0	5	2	2	0	2	3	1	3	1	3	1	3	1	1	0	2	1	0	0	0	0	4	1	2	2	2	4	7	2	3	1	3	3	1	0	0	5	4	1	1	2	5	7	6	10	0	12	5	14	21	40	7	11	4	3	0	2	1	3	0	2	0	0	0	2	0	0	0	0	0	0	1	0	0	1	1	1	0	1	2	3	1	2	1	2	1	0	1	0	2	2	1	1	0	1	0	2	1	0	1	1	0	0	0	0	1	0	1	0	1	1	0	2	0	0	0	2	0	0	2	1	0	0	0	1	1	2	0	1	0	1	3
0	0	0	0	0	0	0	1	0	0	0	0	0	0	1	1	0	0	1	0	1	0	0	0	1	0	0	1	0	0	1	0	0	1	0	0	0	0	0	0	0	0	0	0	0	0	1	1	0	0	0	0	0	0	0	0	0	1	2	0	0	0	0	0	1	0	1	0	0	0	0	0	0	0	1	0	1	0	1	0	0	1	0	0	0	1	0	1	0	1	0	1	0	0	0	3	0	0	1	0	1	0	1	0	0	0	0	2	0	0	0	0	1	0	0	0	1	1	0	1	0	0	3	1	1	0	0	1	1	1	1	0	0	1	3	1	2	1	3	1	1	0	2	1	0	0	2	0	0	0	1	0	2	0	0	0	0	0	0	1	0	0	0	0	1	1	0	0	0	0	0	0	0	0	0	0	0	0	2	0	0	0	0	0	2	0	2	2	0	2	1	1	0	0	1	1	0	0	0	0	0	1	1	0	0	0	0	0	0	0	0	0	0	0	0	0	0	3	1	1	1	0	3	0	1	1	0	1	0	2	1	2	3	0	2	0	3	2	0	3	4	2	1	1	2	0	0	0	2	3	1	1	2	1	1	1	1	1	1	1	0	1	1	1	2	4	2	0	5	4	2	8	2	1	10	3	2	3	5	0	2	0	1	1	0	0	1	2	0	1	1	1	0	1	0	1	2	3	0	3	1	2	3	2	1	2	1	0	0	0	0	1	0	0	0	2	0	2	3	3	1	4	4	4	3	2	3	6	5	4	5	3	4	1	4	0	1	0	2	2	4	1	2	0	3	1	2	6	7	0	33	21	7	9	4	2	2	2	2	4	3	8	13	7	3	1	3	1	2	3	3	3	1	0	1	3	5	2	2	1	8	5	5	3	7	1	0	3	0	0	0	1	0	1	0	1	0	0	4	2	1	6	6	11	21	25	25	8	107	15	31	17	0	3	0	0	0	1	1	0	0	1	1	0	2	0	0	1	1	0	1	0	0	0	1	2	0	0	6	2	0	0	1	0	1	1	3	1	3	3	1	2	0	0	2	1	1	0	0	0	0	0	2	2	2	2	1	1	2	0	1	0	0	1	1	2	2	1	0	0	0	1	0	0	0	0	0	1	0
0	0	0	0	0	0	0	0	1	1	0	0	0	0	0	0	1	1	0	0	2	1	0	0	0	0	0	0	1	0	0	0	0	0	0	0	0	0	0	0	0	1	0	0	0	0	0	1	0	0	0	0	0	0	0	1	0	1	0	0	1	0	1	0	0	1	1	0	1	0	1	1	0	0	1	0	0	0	0	1	0	0	1	0	0	0	0	0	0	0	0	1	0	2	1	0	0	0	0	0	1	0	0	0	1	0	1	0	0	0	0	1	1	0	0	0	0	0	0	1	0	0	0	0	1	0	0	0	0	1	2	1	0	0	2	1	1	1	0	0	0	1	2	0	0	1	0	0	0	1	1	1	0	0	0	1	0	0	0	0	1	0	0	0	1	1	1	0	0	1	0	0	1	0	0	1	1	1	0	0	0	1	4	1	2	0	0	2	1	0	0	0	0	0	1	2	1	1	2	1	0	0	0	0	0	0	0	0	0	0	0	0	1	0	1	4	0	0	1	4	0	2	4	0	0	0	1	1	1	1	2	1	3	2	1	7	4	1	1	4	1	4	4	1	2	1	1	2	1	4	0	1	0	3	1	0	0	1	1	0	0	0	1	0	2	0	3	1	3	1	3	3	0	6	14	11	4	4	7	4	4	3	1	0	1	1	0	0	0	0	0	0	1	1	3	3	0	0	2	2	1	0	2	0	1	1	3	1	1	0	0	0	1	2	1	3	1	6	2	6	4	1	0	2	9	0	2	4	4	4	5	4	2	2	2	5	2	1	0	3	2	2	1	4	7	1	3	7	8	33	0	170	22	8	7	7	5	3	7	4	3	10	9	10	7	4	4	6	1	6	1	1	2	0	1	2	1	2	4	7	6	2	4	2	6	2	2	2	0	1	1	3	0	1	2	2	2	2	3	6	4	4	7	14	24	15	26	9	23	7	12	7	4	1	3	1	0	3	0	0	0	1	1	1	1	1	0	0	0	0	1	1	0	0	1	1	2	1	2	0	1	1	0	0	3	0	0	3	0	2	0	0	1	0	0	0	0	2	0	0	0	0	0	2	1	0	2	0	0	1	0	1	1	3	1	1	1	0	2	0	1	0	0	0	1	2	2	2	2
0	0	0	0	0	0	0	0	0	1	0	0	0	0	0	0	0	0	0	0	0	1	0	0	0	0	0	1	0	0	0	1	0	0	1	0	1	1	1	0	0	0	0	1	1	0	0	0	0	1	0	0	1	1	1	0	0	1	0	0	0	0	0	0	0	0	0	0	0	1	0	0	1	0	0	0	0	0	0	0	1	1	1	1	0	1	0	0	0	0	0	1	0	1	2	0	0	0	0	2	3	1	1	0	0	0	0	1	0	1	2	2	0	1	0	1	0	0	0	0	1	0	0	1	0	1	0	0	1	0	0	2	1	2	1	0	2	1	2	2	0	0	0	2	0	2	0	0	0	0	0	1	0	0	0	0	0	1	0	0	2	0	0	0	1	0	0	0	1	0	0	0	0	0	0	0	0	0	1	1	0	0	1	0	2	1	1	0	1	0	0	0	1	1	0	1	0	0	1	0	0	1	0	0	0	0	1	1	0	0	0	1	0	0	0	1	1	1	0	2	2	1	1	0	1	1	2	1	3	4	3	3	0	3	4	3	7	1	1	6	3	6	4	3	4	1	2	1	1	3	5	2	0	4	1	4	0	0	3	1	2	2	0	1	2	2	2	0	2	1	3	6	4	4	13	5	4	8	5	4	6	3	4	1	1	0	2	1	1	0	0	2	0	0	2	1	1	0	0	3	3	1	1	2	0	1	0	0	2	1	1	1	1	1	0	1	0	1	2	2	3	1	1	1	7	1	6	5	4	2	3	3	2	1	1	0	1	1	2	0	3	5	1	5	4	6	4	5	9	21	170	0	32	22	9	11	5	5	5	2	4	6	12	9	10	9	4	10	3	5	3	1	0	2	2	3	2	1	9	1	4	8	6	4	2	2	3	3	0	2	2	3	1	0	1	0	3	2	0	2	8	4	10	13	17	20	29	8	17	1	1	4	3	1	1	2	1	0	0	0	1	1	1	0	1	0	0	0	0	0	0	1	0	1	0	0	0	5	1	1	1	3	2	1	2	1	1	1	0	0	1	1	0	0	0	0	1	0	0	0	0	0	1	0	1	0	0	1	0	2	1	0	1	1	1	0	0	0	1	0	1	0	1	1	0	0	1	2	0
0	0	0	0	0	0	0	1	0	0	0	0	1	0	0	0	2	0	0	0	1	1	0	1	0	1	0	2	0	0	0	0	0	0	0	0	0	0	0	0	0	0	0	0	1	1	0	1	0	1	0	0	1	2	1	1	0	1	1	1	0	1	0	1	0	2	3	1	0	0	0	1	0	1	1	0	1	1	3	0	0	0	1	0	1	0	1	1	1	3	2	1	1	1	1	0	0	1	0	3	0	1	0	0	1	1	0	0	1	1	0	0	0	0	2	1	1	0	0	1	0	1	0	0	0	0	2	1	0	0	0	2	0	0	2	2	1	1	2	2	1	4	0	2	1	3	0	1	0	0	0	0	1	0	0	0	0	0	2	0	0	0	0	0	0	1	0	1	2	1	0	0	0	0	0	1	1	0	1	0	0	0	2	1	2	1	0	2	4	0	2	1	2	4	1	0	0	1	0	0	0	0	0	0	0	1	0	3	0	1	0	1	0	0	1	1	0	1	1	3	4	2	1	1	2	3	2	3	1	2	6	4	5	8	7	13	15	2	5	5	6	14	5	3	3	2	5	1	5	4	5	2	1	1	0	0	3	0	1	1	1	3	0	0	0	1	1	3	0	1	5	4	2	2	3	4	6	11	15	5	3	6	5	3	4	0	2	1	3	2	1	3	4	4	1	0	1	0	0	1	4	2	2	3	2	2	3	1	1	0	0	0	2	7	4	3	1	3	4	4	3	2	0	3	5	1	1	3	1	1	3	2	3	2	3	1	1	0	0	1	0	1	4	3	2	0	2	1	5	7	22	32	0	99	18	21	12	6	36	16	2	10	11	18	2	6	6	1	2	1	2	2	1	6	2	2	5	5	6	9	21	18	10	7	4	3	6	1	2	2	1	6	3	1	1	1	3	4	3	3	3	12	22	18	19	16	18	10	13	2	4	3	1	1	1	0	0	1	1	0	0	2	0	0	0	0	1	1	0	0	0	0	0	0	1	1	2	1	4	2	0	0	0	1	1	2	0	2	5	0	1	0	2	0	1	1	0	1	1	0	0	0	0	0	0	0	0	0	0	0	0	1	1	5	1	0	0	0	1	1	0	0	0	0	0	0	0	1	1
0	0	0	0	0	0	0	0	0	0	0	0	0	0	0	1	0	0	1	0	1	1	0	0	0	1	0	0	0	1	0	0	0	0	0	0	1	0	0	0	0	0	0	0	1	0	0	0	0	1	2	0	0	3	1	0	0	0	0	0	0	1	0	0	0	0	1	1	2	0	0	0	2	0	0	3	0	0	0	0	1	0	0	1	1	1	0	1	1	1	1	1	0	1	0	2	0	2	0	3	2	2	2	1	2	2	0	3	0	0	0	2	2	0	0	1	1	1	1	1	0	0	1	3	1	0	1	2	0	1	3	2	0	0	1	1	1	1	2	1	2	2	1	1	0	0	2	0	0	0	1	0	0	0	1	0	0	0	1	1	0	0	0	0	0	0	1	0	1	0	0	0	0	0	0	1	0	0	1	1	2	0	0	0	0	0	1	0	1	1	1	0	0	2	3	1	1	2	0	2	0	0	1	0	1	1	0	0	0	0	0	1	0	1	2	0	3	1	4	8	2	1	1	0	0	0	3	3	3	4	3	3	3	13	11	9	16	3	6	6	8	7	4	3	7	1	3	4	2	1	0	2	0	0	0	3	0	1	4	1	2	0	2	0	2	2	0	0	0	1	1	9	2	3	6	6	4	14	10	7	10	5	7	3	4	2	0	3	3	2	1	2	1	2	1	0	0	1	1	2	2	3	3	5	3	4	1	2	1	1	0	1	0	9	1	0	3	6	4	5	3	1	1	1	1	1	1	1	3	0	3	2	1	0	2	1	2	1	2	2	0	2	1	0	0	4	3	2	3	9	8	22	99	0	109	29	26	12	39	9	1	8	5	14	4	3	4	2	6	0	3	1	0	3	2	3	5	5	9	5	7	10	10	3	5	3	1	5	2	2	2	0	1	2	2	1	1	5	6	2	3	11	33	15	14	10	11	5	7	1	2	1	2	2	0	0	1	0	0	0	2	0	1	1	0	1	1	2	0	1	1	0	0	3	1	1	1	0	0	1	0	0	1	1	0	0	1	1	3	1	1	1	0	0	1	0	0	0	0	0	1	1	0	2	0	0	1	0	1	0	0	0	1	0	0	0	1	0	1	1	0	0	2	0	0	0	0	0	0
0	0	0	0	0	0	0	0	1	1	0	0	0	2	0	0	0	2	0	1	0	0	0	1	0	0	0	0	1	0	0	0	0	0	0	2	1	0	1	0	2	0	0	0	2	0	0	0	2	0	1	0	1	0	1	1	0	1	1	1	1	2	0	0	0	1	0	0	1	0	0	0	1	0	1	3	1	0	0	1	2	0	0	1	0	0	1	0	0	2	1	3	2	1	0	2	1	3	1	3	0	1	1	1	2	2	0	1	2	0	0	1	0	2	0	0	0	1	0	0	0	1	1	0	2	1	1	0	2	0	2	2	0	0	1	0	0	1	0	1	3	1	3	3	0	0	1	0	2	0	1	0	0	1	0	0	1	2	0	0	0	0	0	1	2	0	2	1	1	0	1	2	0	1	0	0	0	1	1	1	0	0	0	0	4	1	1	0	0	0	1	1	2	2	4	0	1	1	0	3	1	0	0	0	2	0	0	0	0	0	0	0	2	0	0	1	0	4	2	2	1	1	2	1	3	0	1	1	2	2	6	1	4	3	6	11	16	11	5	9	8	22	8	6	6	2	3	2	3	7	4	4	2	4	0	2	1	5	0	0	0	4	2	4	0	0	0	0	1	3	3	6	3	4	11	7	11	28	24	9	5	2	3	3	4	0	0	4	2	2	3	2	1	0	3	0	1	0	0	4	4	7	3	2	3	0	0	0	2	3	0	1	1	0	0	1	5	5	4	1	0	1	0	2	3	2	0	1	2	1	1	3	4	0	1	1	0	1	1	0	1	1	1	1	1	1	2	3	2	4	7	9	18	109	0	71	39	13	25	10	3	8	8	9	10	1	0	2	2	0	1	1	2	1	0	3	3	2	6	2	11	4	3	5	5	3	1	1	3	3	3	1	0	5	0	3	3	2	5	3	6	10	17	5	7	9	5	1	4	1	5	2	0	1	1	2	1	0	1	0	0	0	1	0	0	1	0	0	0	0	0	0	0	0	2	0	0	1	1	1	0	0	0	0	0	0	0	1	0	0	0	3	1	1	1	1	1	0	0	0	0	0	0	1	0	0	1	0	0	0	1	1	0	1	1	0	1	2	0	0	0	0	1	0	1	0	1	1	0
0	0	0	0	0	0	0	0	1	0	1	0	0	0	0	1	0	0	1	0	1	0	0	0	1	0	0	0	1	0	0	0	0	0	0	0	0	0	0	0	0	0	0	0	1	0	2	0	0	0	0	0	1	1	2	0	0	0	1	0	1	0	0	1	0	0	2	0	0	1	0	2	1	1	1	3	2	1	0	0	2	0	0	2	1	1	1	0	0	1	2	0	0	0	0	0	0	1	0	1	1	0	0	2	2	2	0	0	1	2	0	1	1	2	1	2	1	1	0	1	2	1	1	0	2	0	0	1	1	0	1	0	0	0	2	1	1	0	2	1	1	0	2	2	3	1	0	1	0	1	1	1	1	0	1	0	0	0	1	0	0	0	1	1	0	0	0	1	0	0	1	2	0	0	0	0	1	0	0	1	0	1	2	2	2	1	1	1	1	1	1	1	1	4	3	4	3	0	1	0	2	1	0	2	0	0	0	2	0	0	3	0	0	2	0	2	2	3	0	1	4	2	1	0	1	0	1	1	4	0	1	4	4	10	5	12	12	17	17	14	17	30	16	5	6	1	4	3	2	5	4	3	1	3	1	1	0	0	1	2	2	1	0	1	1	3	0	0	0	0	3	1	2	1	5	6	7	12	16	8	1	5	7	2	5	2	2	1	1	1	2	0	1	1	3	2	1	0	2	1	4	5	8	6	5	5	6	2	0	2	1	1	5	2	0	1	5	5	2	2	2	1	0	2	2	1	2	1	0	3	0	2	1	0	0	0	0	0	1	2	2	4	2	1	3	3	1	2	2	2	7	11	21	29	71	0	23	7	15	10	6	9	3	8	5	8	1	2	3	1	4	1	0	2	2	1	1	6	5	2	2	8	6	5	2	3	4	1	0	1	0	0	3	2	1	4	0	2	4	4	8	6	6	7	3	3	5	3	3	2	1	2	7	0	2	1	1	0	5	1	0	0	0	0	0	1	0	0	0	1	0	0	0	1	0	0	2	1	2	3	0	0	0	1	0	1	2	0	0	0	0	0	2	1	0	2	0	1	1	2	0	0	1	0	2	2	0	1	0	0	0	0	0	2	0	0	0	0	0	0	0	0	0	1	0	0	0	0	1
0	0	0	0	0	0	0	0	0	0	0	1	0	0	0	0	1	0	1	2	0	0	0	0	0	0	0	0	0	0	0	0	0	0	0	0	2	0	1	0	0	0	0	0	0	0	0	1	0	1	2	1	1	2	2	0	2	0	2	1	0	0	1	2	0	0	2	1	2	0	1	2	0	2	2	0	0	2	0	0	0	0	0	2	2	0	0	5	2	5	0	1	0	1	1	0	0	0	0	2	0	1	2	0	2	0	2	2	1	3	1	0	2	0	1	0	1	3	0	2	1	0	0	2	0	1	0	2	0	3	2	1	0	2	2	1	1	1	0	1	1	1	2	1	0	1	1	1	1	0	1	0	1	0	0	0	0	0	1	0	0	0	1	0	1	0	0	0	2	0	2	0	0	0	0	0	0	2	2	0	1	1	1	0	2	2	1	0	2	1	1	2	4	1	2	1	1	1	1	1	0	0	0	1	1	0	0	0	0	0	0	0	0	2	1	1	2	1	5	1	3	3	3	1	1	1	3	6	2	2	2	7	7	26	9	27	20	9	15	14	12	59	35	23	5	8	8	5	2	4	16	5	1	1	5	2	0	0	2	2	3	1	0	4	1	2	0	0	0	3	4	2	4	4	2	3	11	19	14	10	14	10	18	5	4	6	1	6	1	4	2	1	2	4	1	4	1	3	2	3	5	4	3	3	3	2	3	4	3	0	1	3	2	0	1	1	1	5	2	2	3	1	1	2	1	1	0	0	0	1	2	1	1	0	1	0	0	0	2	0	1	4	3	1	2	2	2	2	0	2	5	5	12	26	39	23	0	87	12	7	3	4	0	5	4	2	1	0	2	1	0	0	0	2	3	0	2	1	4	5	8	4	5	9	8	9	1	3	3	5	1	1	2	7	4	0	4	4	5	6	12	13	10	5	8	4	8	2	4	1	3	0	2	0	2	2	0	0	0	0	0	1	0	0	0	2	3	0	0	1	2	0	1	0	0	0	3	0	0	0	0	0	0	0	0	0	0	1	4	0	1	0	2	0	0	1	1	0	0	0	1	0	0	1	1	1	0	1	1	1	2	1	0	1	0	1	0	0	3	1	0	0	0	0	1	1	0	0	0
0	0	0	0	0	0	0	1	0	0	0	0	0	0	0	0	0	0	0	1	1	0	0	0	0	0	1	0	0	0	1	0	0	0	0	0	1	0	0	0	0	0	0	0	0	0	0	0	0	1	0	1	1	0	0	1	1	0	2	1	0	0	1	0	0	1	0	0	1	1	1	0	0	1	3	1	0	4	0	0	2	0	1	0	0	2	1	1	5	0	2	0	1	0	0	2	0	1	2	2	0	1	0	2	4	3	1	1	0	0	2	2	0	0	0	2	1	0	2	0	0	1	1	1	1	0	1	1	0	1	0	0	1	1	1	0	0	1	0	5	2	1	1	1	1	0	0	0	1	3	1	0	3	0	0	0	0	1	1	2	0	1	1	1	2	0	2	0	0	1	0	0	0	0	0	0	0	4	0	2	1	0	2	0	3	0	3	2	2	2	1	1	1	1	3	2	2	0	0	1	1	0	2	0	0	0	1	0	0	0	0	1	1	0	1	2	0	5	3	6	4	3	1	1	1	3	3	3	5	5	11	15	11	121	33	59	23	6	9	6	7	17	31	12	22	3	4	4	5	6	11	5	8	8	7	4	2	0	5	6	4	3	0	1	3	2	1	1	2	7	2	5	7	6	4	6	8	19	9	9	6	10	14	14	7	3	5	6	5	3	2	2	1	0	2	4	6	1	5	3	6	5	4	4	3	1	5	0	1	0	1	0	1	3	1	3	0	2	2	0	0	1	2	3	0	0	1	1	0	1	1	1	2	2	2	1	2	0	2	2	3	4	0	2	0	3	2	2	5	2	3	5	6	12	13	7	87	0	24	7	6	1	3	2	3	0	3	5	1	1	1	1	0	0	2	1	1	1	8	1	1	5	10	7	11	11	7	5	3	2	6	4	6	4	2	5	2	3	14	10	20	15	29	4	4	6	4	2	0	4	1	1	1	2	0	0	0	2	0	0	0	0	1	0	1	0	0	0	1	0	0	0	1	0	1	1	0	0	0	0	1	1	0	0	0	1	0	1	2	1	2	1	0	0	0	0	0	1	0	0	0	0	0	0	0	0	0	2	1	1	0	2	0	1	0	0	0	0	0	0	0	1	1	0	1	0	0	1	1
0	0	0	0	0	0	0	0	0	0	0	0	1	0	0	0	0	2	0	1	0	0	0	0	0	0	0	0	0	0	0	0	0	1	0	1	0	0	0	0	0	0	1	0	1	0	0	0	0	0	1	0	1	0	1	1	4	1	1	1	0	1	0	2	1	0	0	1	1	3	1	2	0	3	3	0	0	0	0	1	2	1	0	0	3	0	1	0	0	2	2	3	0	0	0	1	0	0	2	0	1	0	2	0	0	2	0	1	1	0	0	2	0	0	0	0	0	1	2	0	1	0	1	0	1	2	0	0	1	1	2	3	1	1	0	2	1	2	2	2	1	5	0	3	3	1	2	1	0	0	1	2	0	0	3	0	1	0	0	1	1	0	0	2	1	0	0	1	1	0	0	0	0	0	0	2	0	0	0	0	3	1	5	2	1	5	3	3	2	1	3	1	2	1	1	3	0	1	2	0	1	1	0	0	1	0	1	1	0	1	0	1	1	0	1	1	2	6	4	3	4	2	2	2	3	3	1	1	5	2	7	3	4	13	12	36	62	6	3	8	16	13	7	7	12	4	4	4	4	3	11	2	0	3	2	0	0	1	2	3	0	2	1	0	1	0	0	0	2	1	1	2	1	2	7	7	1	7	11	2	5	5	7	4	2	1	1	2	0	2	1	5	2	1	5	1	4	4	5	8	1	6	5	3	4	1	1	1	1	0	1	0	2	9	6	5	0	8	8	7	3	4	0	1	3	1	2	0	1	0	4	1	3	2	3	0	1	1	2	0	1	2	2	1	2	1	0	1	2	2	7	5	36	39	25	15	12	24	0	34	8	9	10	12	5	4	6	4	5	0	1	1	0	2	1	2	2	7	5	7	13	17	11	7	12	1	3	5	2	0	0	0	4	3	3	2	3	6	1	5	12	16	24	9	12	2	2	5	5	2	4	3	5	1	0	0	0	1	0	0	0	1	1	0	0	0	1	0	0	3	0	0	0	0	0	0	1	0	1	2	2	0	0	1	0	0	1	3	2	2	1	0	1	0	1	0	0	1	1	0	0	0	1	0	1	1	0	0	4	0	1	1	1	0	1	0	1	1	0	0	0	1	0	0	1	0	0	0	2
0	0	0	0	0	0	0	1	0	0	0	1	0	0	0	0	0	0	0	0	0	0	0	0	0	0	0	0	0	0	1	1	0	0	0	1	0	0	0	0	1	0	1	0	0	0	1	0	0	2	0	3	1	0	2	0	1	1	0	0	1	0	1	0	0	1	1	2	0	0	1	2	1	0	5	0	0	1	0	3	1	0	0	0	1	1	0	4	1	4	0	1	0	0	3	0	0	1	0	0	2	2	0	0	1	1	0	1	0	2	1	0	3	1	1	1	2	1	0	2	2	2	3	2	2	2	2	3	2	1	0	2	0	0	1	4	1	4	5	5	4	6	2	3	6	1	1	2	0	0	2	0	0	0	1	0	0	0	0	1	1	0	2	0	1	0	1	3	2	1	1	0	1	0	1	1	2	3	0	0	1	1	2	0	1	4	0	1	3	4	1	2	3	3	4	1	0	2	1	0	1	0	2	0	0	0	0	0	1	1	2	0	2	2	1	2	2	3	6	3	0	2	2	1	0	0	2	4	3	3	7	3	2	3	8	19	33	8	9	28	40	20	3	4	2	1	8	8	6	6	6	0	3	3	3	0	1	3	2	3	1	0	0	1	1	0	0	1	0	2	2	0	1	1	4	3	1	4	5	1	7	1	5	1	3	1	1	2	3	0	2	1	2	1	1	2	1	4	6	5	3	13	13	6	10	7	6	2	1	2	2	1	2	11	6	4	4	14	21	7	3	1	2	3	1	0	0	3	3	1	2	3	1	0	1	1	0	0	4	0	2	0	1	2	1	0	2	2	2	4	4	2	16	9	10	10	7	7	34	0	39	37	5	13	10	14	9	2	6	1	2	2	2	4	2	2	5	7	14	8	18	13	7	3	3	3	3	1	1	3	1	0	0	3	2	0	2	1	0	2	4	4	5	4	4	4	5	3	2	2	3	4	2	3	0	1	0	0	0	0	1	0	1	0	0	0	0	0	0	1	0	0	0	0	0	1	4	3	1	2	1	1	1	0	0	0	2	2	1	1	1	0	1	2	0	0	1	0	0	0	0	0	0	2	0	2	0	0	1	0	2	1	0	1	1	0	0	1	0	2	2	1	0	0	0	0	0	1	0
0	0	0	0	0	0	0	1	0	0	1	0	0	1	0	0	2	1	0	0	0	0	0	1	1	0	0	0	0	3	0	0	0	0	2	0	1	0	1	0	1	0	0	0	0	1	0	2	1	1	1	1	0	1	0	2	0	0	1	1	0	1	1	0	2	0	1	1	0	0	0	1	2	2	2	1	1	1	1	0	1	1	0	0	2	0	2	0	3	4	2	1	1	0	0	1	0	2	1	0	1	1	1	0	1	0	0	2	1	0	2	0	2	0	0	0	1	0	2	0	1	2	2	1	3	2	3	0	1	0	2	1	2	1	5	0	5	4	10	9	4	9	10	1	2	2	2	2	2	1	2	0	4	3	2	0	0	1	0	1	0	0	0	1	1	3	0	1	2	1	0	1	0	1	1	1	0	0	0	0	1	5	1	2	4	3	4	1	1	0	1	1	2	5	3	2	0	1	3	1	1	0	0	0	0	0	1	0	1	1	0	0	0	2	1	1	1	11	6	9	4	0	2	0	4	3	2	3	1	3	4	4	5	1	7	7	16	5	2	13	23	8	2	1	1	3	3	6	11	9	10	2	3	1	0	2	1	1	0	1	0	1	1	1	0	1	0	0	3	2	1	0	1	1	1	1	1	1	0	0	1	1	3	1	1	0	3	1	0	0	3	1	1	2	3	0	2	4	8	3	3	11	20	24	12	1	3	1	2	4	3	3	10	16	13	8	18	60	59	16	1	4	0	0	1	3	2	1	2	1	2	2	2	1	0	2	0	2	0	1	0	1	1	1	0	3	0	1	0	3	3	4	2	1	3	6	3	6	8	39	0	32	4	4	10	9	6	5	4	0	3	2	0	3	5	6	7	15	35	11	8	9	7	7	5	4	0	1	2	0	1	0	1	1	3	1	0	1	1	4	4	3	2	3	3	1	5	0	3	1	2	3	2	0	0	1	0	0	0	1	2	3	1	0	0	0	0	0	0	0	0	0	0	0	1	0	1	0	1	0	0	1	0	2	1	0	1	0	0	1	4	1	0	1	2	0	1	1	1	1	0	0	1	1	1	1	0	1	1	0	1	2	0	1	1	0	1	1	1	0	0	1	0	0	1	0	0	0	0
0	0	0	0	0	0	0	0	1	0	0	0	0	0	1	1	0	0	0	0	2	0	0	1	1	0	0	1	0	0	0	0	0	0	1	0	0	0	1	0	0	0	0	0	0	0	0	0	1	0	0	1	1	0	1	0	1	1	1	0	1	0	0	2	0	1	0	0	1	0	0	2	1	0	3	2	0	1	0	0	1	0	0	1	1	0	1	1	1	1	1	0	0	1	2	2	1	0	0	2	2	0	0	1	0	0	1	0	0	1	1	2	0	0	0	0	1	0	0	0	0	1	2	3	1	4	2	0	0	1	1	0	0	3	0	2	4	4	1	7	2	6	3	2	3	1	1	0	2	1	1	0	2	0	1	1	0	0	1	0	0	0	0	1	1	1	1	0	0	0	0	2	0	0	0	0	0	1	0	1	2	1	0	3	2	2	4	1	5	0	4	0	1	1	1	1	0	2	1	0	0	0	1	0	0	1	0	0	0	0	0	1	1	1	2	3	3	4	3	3	0	1	1	0	1	2	1	0	1	2	4	3	1	3	8	3	16	5	6	9	21	5	2	2	2	6	4	3	2	6	3	4	0	0	1	2	0	1	3	0	1	1	0	3	0	1	0	2	0	2	0	2	1	1	2	0	3	3	7	2	1	2	2	2	0	1	1	0	0	1	0	1	1	3	2	0	4	3	3	3	1	5	7	3	4	2	3	2	1	0	3	7	7	8	7	7	15	9	51	21	7	3	4	4	1	2	4	0	3	2	5	8	1	0	1	1	2	2	1	1	2	2	0	2	0	2	1	1	2	8	10	6	10	8	8	9	4	1	9	37	32	0	16	40	20	33	12	11	7	5	1	2	1	2	3	5	6	16	282	39	30	17	4	4	3	3	1	2	0	0	1	1	1	2	3	1	1	2	1	0	3	3	5	3	7	3	1	2	5	3	2	5	3	0	2	0	1	0	0	0	0	1	2	0	0	0	2	0	0	1	1	0	0	0	1	1	2	2	2	0	0	0	0	1	1	1	2	0	4	1	0	0	0	2	1	1	1	1	0	0	0	2	1	2	1	1	0	4	2	0	2	1	1	0	0	4	1	1	0	0	0	1	0	0	1	0	1	1	2
0	0	0	0	0	0	0	1	0	1	0	0	0	0	0	1	0	0	0	2	0	0	0	0	1	0	0	0	0	1	0	0	0	0	1	0	0	0	0	0	0	0	0	0	1	0	0	0	0	0	1	0	1	0	0	0	2	0	2	1	0	0	1	0	0	0	0	0	0	2	1	0	1	0	0	0	1	1	1	0	0	0	0	0	1	2	1	0	0	0	0	1	0	1	0	1	0	0	0	0	0	0	0	0	1	0	0	1	0	1	0	1	0	1	0	1	1	0	0	2	0	0	0	0	2	1	1	1	1	0	0	1	1	2	4	2	3	4	1	1	1	1	0	0	1	0	2	2	2	0	0	1	0	0	0	0	0	0	0	1	0	0	0	0	0	0	0	1	2	0	0	1	1	0	0	0	0	1	2	0	2	0	2	1	3	1	2	2	1	2	0	1	0	0	0	0	1	1	2	3	0	0	1	0	1	0	0	0	0	1	0	1	0	0	1	1	3	1	2	1	1	2	1	2	0	0	4	1	0	1	0	2	2	2	1	2	6	2	0	2	8	2	1	2	1	1	0	1	2	0	0	2	2	1	0	1	1	1	0	2	0	0	0	0	0	2	1	2	0	0	1	1	2	3	1	6	4	2	3	2	2	3	0	1	1	0	0	1	0	0	0	0	0	1	0	2	2	4	2	4	2	1	4	2	1	1	2	0	2	1	3	1	4	2	4	4	4	5	9	6	4	1	3	11	12	0	8	2	3	4	2	6	2	2	0	0	0	1	0	1	2	1	0	1	4	5	0	1	3	13	9	12	11	5	8	3	0	3	10	5	4	16	0	73	68	28	12	21	14	9	4	1	0	2	8	9	5	5	18	15	18	6	4	2	6	1	0	2	0	1	0	1	0	1	1	1	1	2	2	2	4	3	3	5	10	4	5	4	6	8	4	7	4	1	3	2	2	0	2	3	1	0	1	0	1	2	0	1	1	0	2	1	1	1	1	3	1	3	2	2	1	2	2	2	1	1	1	1	1	4	0	2	1	0	1	3	0	1	1	1	1	1	0	0	2	0	1	1	2	2	2	0	0	2	2	1	1	2	0	0	1	2	1	0	1	3	1	0	2
0	0	0	0	0	0	0	0	0	2	1	0	0	0	1	1	1	0	0	0	0	0	0	0	0	1	0	0	0	0	1	0	0	0	0	0	0	0	0	1	0	0	0	0	0	0	0	1	0	1	1	1	2	0	3	1	2	0	0	0	0	1	0	0	0	1	0	0	2	0	1	0	0	2	3	1	1	1	0	1	0	6	0	0	0	1	1	0	1	2	0	0	0	0	0	0	2	0	1	0	1	0	1	0	1	0	0	2	0	1	1	1	1	0	1	1	0	1	0	0	0	2	3	0	0	2	1	0	0	0	0	1	0	1	2	1	1	2	0	0	1	1	1	1	0	1	0	2	0	1	1	1	0	1	0	2	0	0	2	0	0	1	0	0	0	0	0	2	1	2	0	1	2	0	0	0	0	0	2	1	1	1	0	1	2	2	1	3	0	0	2	1	0	3	4	0	1	0	1	1	0	0	0	0	0	0	1	0	0	0	0	0	1	1	2	1	3	2	3	2	1	1	0	0	0	3	4	3	2	0	1	3	2	3	1	2	9	6	3	3	4	4	6	1	4	3	3	0	2	1	4	2	3	0	1	1	0	0	2	0	0	1	0	1	0	0	0	1	0	3	3	0	3	0	6	1	1	1	3	2	2	1	1	1	2	0	1	1	3	2	4	0	1	1	1	0	1	0	0	3	4	3	3	4	3	1	1	1	0	0	1	1	5	7	6	1	4	5	8	10	9	0	0	2	5	3	3	2	4	5	4	2	3	0	1	1	0	1	1	0	0	2	0	1	5	3	2	2	1	7	10	9	18	14	9	8	5	2	12	13	4	40	73	0	53	36	18	15	4	4	3	2	1	2	7	5	5	7	25	21	14	8	5	0	3	2	1	1	2	1	1	3	2	0	1	1	0	2	3	3	3	2	2	9	11	9	2	0	6	2	2	3	1	2	1	0	0	3	2	0	1	4	0	0	1	2	1	0	0	0	0	0	0	1	0	1	1	2	0	3	1	1	2	0	2	1	2	0	1	0	0	1	1	1	1	1	2	0	1	0	0	2	1	1	0	1	1	2	3	1	0	1	2	1	0	0	1	0	3	1	0	0	0	0	0	0	0	2	2
0	0	0	0	0	0	0	0	0	0	1	0	1	0	0	0	0	0	0	0	0	0	0	3	0	0	0	0	1	0	0	0	0	0	1	1	0	0	0	1	0	0	0	0	0	0	0	0	0	0	0	0	0	1	0	1	1	1	0	0	1	0	0	2	0	0	1	0	0	0	0	0	0	0	0	0	1	2	0	1	0	0	1	0	1	2	0	0	0	0	1	0	0	1	0	0	1	0	0	0	1	0	0	0	1	0	0	0	0	0	1	0	1	0	1	0	1	0	1	0	2	1	0	0	1	1	0	1	1	1	2	1	1	1	0	0	2	1	1	1	0	3	1	2	1	2	0	0	1	1	1	1	1	1	0	0	0	0	0	0	0	0	0	0	1	0	1	0	0	1	2	0	1	0	0	0	0	1	0	1	1	0	0	0	0	0	1	1	2	0	0	1	2	1	0	2	0	0	0	0	1	3	1	0	1	1	0	0	0	0	0	1	2	1	1	2	3	3	2	2	0	0	0	1	1	0	2	0	0	1	0	0	3	1	1	6	2	3	2	6	7	4	1	0	3	1	2	1	2	1	1	1	0	1	2	0	1	0	0	4	0	0	0	1	1	1	2	0	0	0	0	0	1	1	2	7	3	1	3	0	3	1	0	0	1	0	2	0	0	0	1	1	0	1	3	1	1	1	1	1	3	5	3	2	6	1	0	0	3	2	1	2	3	6	3	8	6	8	11	13	6	5	3	6	9	7	0	6	2	3	1	1	2	3	1	0	0	0	2	0	1	1	0	1	3	2	1	3	3	3	7	10	2	4	10	5	4	3	5	10	10	20	68	53	0	84	63	22	9	8	11	5	3	8	8	9	13	13	13	11	4	4	2	1	0	0	0	2	1	0	0	2	0	0	0	2	0	2	1	2	0	3	6	2	5	1	7	4	3	3	5	3	4	1	0	1	0	2	1	0	1	1	2	1	1	0	2	0	1	1	0	0	2	1	0	0	3	1	1	0	1	1	1	2	0	1	4	3	2	2	3	2	1	0	0	0	1	1	0	0	0	2	4	0	1	0	4	0	2	2	1	2	2	2	0	0	1	2	0	0	3	0	0	1	1	0	0	2	3
0	0	0	0	0	0	0	1	1	0	1	0	0	0	0	0	0	0	1	1	1	1	0	1	0	0	0	0	0	0	1	0	1	1	0	0	0	0	0	0	1	0	0	1	0	0	0	0	0	2	0	0	2	0	1	0	0	0	0	2	0	0	2	1	0	0	0	0	0	0	0	1	1	1	1	1	1	0	0	0	0	0	0	1	0	2	0	2	2	1	2	0	1	2	0	0	0	1	1	1	0	0	1	2	1	1	1	0	1	0	0	1	3	1	1	1	2	0	0	1	1	0	0	0	0	3	1	2	2	1	2	0	1	0	0	2	4	1	3	4	1	0	5	1	2	0	1	0	0	0	0	1	1	0	0	0	0	0	0	0	0	0	1	2	0	0	0	1	0	1	0	1	0	1	0	0	1	1	0	0	0	2	0	3	3	1	2	1	0	0	1	1	2	2	1	0	0	0	1	1	1	0	0	2	0	1	0	1	2	1	0	0	2	1	3	0	1	1	2	4	0	0	1	1	1	1	1	1	1	2	4	4	0	2	1	5	2	4	2	6	11	5	1	1	2	0	1	2	3	2	2	0	0	0	1	0	1	1	0	1	0	0	1	0	0	0	0	0	0	0	0	2	2	1	6	2	1	2	4	1	1	1	1	0	1	1	1	2	1	0	2	2	1	0	0	0	1	1	3	0	3	4	2	5	0	1	3	2	2	3	2	1	2	13	6	5	9	5	19	12	5	3	5	8	7	5	2	0	3	0	3	6	1	2	1	2	1	0	0	0	0	1	1	1	0	2	1	0	1	1	4	9	6	3	1	8	2	0	4	14	9	33	28	36	84	0	48	19	11	7	4	2	2	7	6	9	10	19	27	9	8	7	3	2	3	0	2	1	0	0	2	1	0	0	1	0	0	3	3	1	3	3	3	3	6	2	4	2	5	5	2	3	3	4	2	1	0	1	0	0	1	0	0	0	1	0	2	1	0	1	0	1	0	1	0	0	1	1	2	0	1	1	0	0	3	1	0	0	1	1	0	0	1	0	1	2	1	0	1	1	0	0	0	2	2	1	1	2	0	2	3	1	1	1	1	0	1	0	0	0	0	0	0	0	1	0	0	2	0
0	0	0	0	0	0	0	0	0	1	0	1	0	0	1	0	1	1	0	0	0	0	0	1	1	0	1	1	0	0	0	0	0	0	0	0	0	1	0	1	1	0	0	1	0	1	0	0	0	1	0	1	1	0	1	1	0	1	0	1	1	0	0	1	0	0	1	1	1	1	1	0	1	0	1	2	0	0	3	0	0	0	0	2	0	0	1	2	1	1	0	0	0	0	1	0	0	1	0	0	1	1	2	0	2	2	1	1	1	0	0	1	1	2	1	2	1	0	0	0	0	1	2	3	1	1	0	1	1	1	1	0	2	0	3	1	1	1	1	0	1	3	0	0	0	1	2	1	0	1	0	0	0	0	1	0	0	0	0	1	0	0	1	0	0	1	1	0	3	1	0	1	0	1	1	0	0	2	2	0	1	0	0	1	1	2	1	0	1	0	0	1	0	0	1	4	1	1	0	0	0	0	1	2	0	0	1	0	0	0	0	1	0	0	2	1	2	1	0	1	1	1	0	0	0	2	1	0	2	0	3	0	0	1	3	2	1	1	2	4	5	1	1	1	1	0	2	2	1	0	0	0	0	0	1	4	2	1	0	0	1	0	0	0	1	2	1	1	1	0	1	1	1	0	2	2	1	2	2	0	1	0	0	1	1	0	2	1	2	0	1	1	1	0	0	2	1	1	1	0	1	1	5	4	0	2	1	3	3	2	4	3	6	9	3	7	2	7	5	20	10	3	2	6	5	7	1	2	2	4	3	0	0	0	0	0	0	2	0	2	0	1	0	1	1	0	0	1	3	3	4	4	6	4	0	1	1	3	6	9	6	12	12	18	63	48	0	26	24	9	15	7	6	5	9	29	24	18	4	8	9	5	4	1	3	1	0	1	0	1	1	0	1	1	1	1	0	0	1	0	0	0	5	3	5	2	0	4	4	3	1	1	3	3	2	2	1	1	0	2	1	1	1	0	0	2	3	0	1	0	0	4	1	1	0	3	1	1	2	0	1	0	0	2	0	3	0	0	2	0	1	0	1	1	0	0	1	1	0	1	0	1	1	1	1	0	2	1	2	4	1	1	3	1	1	0	0	1	0	1	1	0	0	1	0	0	1	1	3
0	0	0	0	0	0	0	1	0	1	1	1	0	0	1	0	0	0	0	1	3	1	2	0	1	1	0	1	0	1	0	0	0	1	0	0	0	0	0	0	0	0	0	0	1	0	0	0	0	2	0	0	1	0	0	1	0	1	0	0	0	0	0	0	1	0	1	1	0	0	0	0	0	0	1	0	0	0	0	0	1	0	0	0	1	0	1	0	0	2	2	1	1	0	0	1	0	0	0	1	0	0	1	0	0	0	0	0	1	1	0	3	4	0	0	0	0	0	0	0	1	1	1	1	2	1	1	2	1	0	1	0	2	2	1	0	1	0	0	3	2	1	0	2	0	2	0	0	0	0	0	0	2	1	0	0	1	0	1	0	2	0	0	0	2	1	0	1	4	1	1	1	0	1	0	0	1	1	1	0	0	2	2	2	0	0	0	1	1	1	0	1	0	3	0	2	0	0	0	1	1	0	0	0	0	1	0	2	0	0	1	1	1	0	1	2	1	1	2	2	3	1	1	0	1	0	0	1	1	0	0	1	0	1	1	2	2	4	2	4	6	1	3	0	0	0	0	0	3	2	2	2	1	2	0	1	0	0	0	2	0	1	0	1	0	0	0	0	1	0	1	0	0	0	0	1	2	1	1	0	0	1	1	2	2	0	2	2	1	1	0	0	1	0	2	0	0	1	0	2	3	1	1	1	0	1	1	1	1	5	3	1	4	6	2	7	5	6	6	8	7	13	6	16	17	3	9	6	5	3	5	4	0	2	1	0	2	0	1	0	2	1	1	0	0	0	2	0	1	1	6	10	1	2	2	2	0	5	4	2	5	11	21	15	22	19	26	0	126	19	15	3	6	7	15	13	11	15	12	14	8	6	1	4	1	0	0	0	0	0	1	1	1	0	0	1	0	3	1	0	0	0	5	4	5	5	2	1	1	4	3	4	4	9	1	3	1	2	0	1	0	0	0	1	0	2	0	0	1	0	0	0	2	0	2	3	1	0	4	4	5	1	0	1	1	1	1	4	2	1	4	1	3	1	2	3	2	0	1	1	0	0	0	0	2	1	4	1	4	0	3	4	1	1	2	2	2	0	0	1	2	0	0	0	1	1	0	0	0
0	0	0	0	0	0	0	0	2	2	0	1	0	2	3	2	1	1	0	0	1	0	0	1	2	3	3	0	0	0	0	0	0	0	0	0	1	0	1	0	0	0	0	0	0	2	0	1	0	0	1	0	0	0	0	1	0	0	0	0	0	1	0	0	0	0	1	1	1	0	0	0	0	0	0	0	1	0	0	0	1	0	0	1	1	1	1	0	0	3	0	0	1	0	0	0	0	0	1	0	1	0	0	1	1	0	2	0	0	0	0	0	1	1	0	2	0	1	0	2	0	0	0	1	1	1	0	0	0	1	4	1	2	0	2	0	2	1	2	0	0	2	3	2	0	1	1	3	1	2	0	1	2	1	0	1	0	1	0	0	0	0	0	0	0	0	0	0	0	0	0	0	0	0	1	0	1	1	0	1	1	2	2	0	4	1	1	1	2	1	0	0	2	1	0	1	0	1	0	1	0	1	1	0	0	0	0	0	0	2	3	0	0	0	1	2	0	2	0	1	1	3	1	2	2	4	0	0	2	2	0	1	1	1	1	1	1	2	1	0	3	1	0	3	2	1	0	1	1	2	3	0	0	1	1	1	0	0	1	0	0	0	0	0	0	0	2	1	1	0	0	0	1	1	3	2	2	1	0	1	3	1	1	0	0	0	1	1	0	2	0	0	0	0	1	1	0	2	1	0	2	0	2	6	0	0	3	2	1	3	0	3	2	10	1	10	5	3	3	19	17	14	8	30	20	9	13	7	5	4	3	5	3	1	1	0	2	0	2	0	3	2	1	0	2	1	1	1	3	2	1	3	2	6	2	3	2	1	5	6	4	7	14	4	9	11	24	126	0	21	17	6	7	7	32	20	10	18	8	13	5	6	4	6	0	1	1	0	1	0	0	0	1	0	0	2	2	1	1	0	1	0	4	2	4	2	1	1	3	1	2	4	5	13	2	5	3	2	1	1	1	0	4	3	3	1	0	2	1	0	0	0	0	1	2	1	2	2	4	2	0	1	0	0	1	1	1	2	1	4	0	1	0	0	3	2	1	2	0	1	1	0	1	2	6	1	2	1	2	4	2	4	2	2	2	1	2	0	0	1	1	1	0	1	0	1	2	1	3
0	0	0	0	0	0	0	0	1	0	0	0	0	0	0	1	0	1	1	0	1	0	0	0	1	0	0	0	0	0	0	0	0	0	0	0	0	0	0	1	0	0	0	0	0	0	0	1	1	0	0	0	0	0	0	0	1	0	0	1	0	0	0	1	0	1	1	1	0	0	1	0	1	0	0	0	1	0	0	1	1	0	0	3	0	3	0	0	2	0	2	1	0	0	0	0	1	0	0	0	0	1	0	1	0	0	0	0	0	0	0	1	1	0	2	0	0	0	2	2	1	0	0	0	0	0	0	0	0	0	0	0	0	1	0	0	2	0	1	0	0	1	1	0	2	1	0	1	1	1	0	1	1	0	0	0	0	0	0	0	0	0	0	1	0	0	0	0	0	1	0	0	0	1	0	1	3	0	0	0	1	0	2	1	1	1	3	1	0	1	1	0	0	0	1	0	0	0	2	0	0	0	0	2	0	0	0	0	0	0	0	0	0	0	0	0	3	2	1	0	1	0	0	1	1	1	0	0	0	1	0	0	3	0	1	1	3	1	1	1	1	0	1	0	0	0	2	0	0	2	1	0	1	1	1	0	0	0	0	1	0	1	0	2	1	0	1	0	0	0	0	3	0	2	1	1	0	1	1	0	1	0	1	0	2	0	0	0	1	0	0	0	1	1	0	1	0	0	1	1	1	2	1	2	0	0	0	0	0	1	3	1	1	3	1	3	2	2	3	3	8	11	4	53	31	17	16	13	5	2	2	0	1	1	0	0	0	1	0	0	2	1	2	0	1	2	1	3	1	3	6	5	1	0	0	1	1	1	0	1	0	5	9	4	8	7	9	19	21	0	55	14	5	11	7	11	10	5	2	2	8	3	3	0	0	0	1	0	1	2	1	0	0	1	0	0	0	1	1	1	2	2	3	2	3	2	5	0	2	2	3	5	6	5	4	0	1	4	2	0	2	3	8	3	0	1	3	0	1	0	0	1	1	0	2	3	9	3	1	5	0	2	3	0	1	0	1	4	3	1	0	2	1	1	2	2	0	1	0	1	2	2	1	1	2	5	4	2	1	3	4	5	3	5	1	0	1	0	1	2	0	0	0	0	1	1	0	0	10
0	0	0	0	0	0	0	0	0	0	0	0	0	0	0	0	0	1	1	0	1	1	1	0	0	0	0	0	3	2	1	0	0	2	0	0	2	1	0	0	0	0	0	0	0	0	1	1	0	0	1	0	0	0	0	2	0	0	0	0	0	0	0	0	0	1	0	0	0	2	0	0	1	0	1	1	1	0	0	0	0	0	1	1	1	1	3	0	1	2	2	0	0	1	0	2	0	0	1	0	1	0	0	0	0	0	0	1	0	1	0	1	0	0	0	1	1	1	0	1	0	0	1	2	1	1	0	1	2	1	0	0	1	1	1	2	0	1	2	0	1	3	0	1	0	0	0	2	0	1	0	0	0	0	1	1	0	0	1	0	1	0	0	1	1	0	0	1	0	0	1	2	1	0	0	1	0	0	1	0	1	0	1	0	0	0	0	0	0	0	0	1	0	1	1	0	1	0	0	0	0	0	0	0	1	1	0	0	0	0	0	0	0	1	0	0	0	1	1	1	1	2	1	0	2	1	1	0	1	0	0	1	1	0	1	1	2	2	2	0	1	2	1	2	0	0	0	1	0	1	0	0	2	0	1	0	0	1	0	0	0	0	0	0	0	0	0	0	1	0	0	0	0	1	2	3	1	3	4	1	0	1	1	0	1	1	0	0	0	0	1	1	1	0	0	0	0	1	0	2	1	1	0	0	1	0	0	0	1	1	2	4	2	2	3	6	0	1	4	4	2	6	3	11	12	6	5	9	2	2	2	0	1	3	0	0	0	0	0	0	0	0	1	0	0	0	1	2	1	3	1	3	2	3	1	4	0	1	1	2	3	1	4	3	11	4	15	15	17	55	0	33	12	23	15	11	4	6	1	4	1	3	2	1	1	1	2	0	1	0	0	0	0	0	0	1	0	1	0	1	1	3	2	0	5	3	3	2	2	1	2	6	5	5	5	1	2	0	0	2	1	3	3	4	2	4	2	2	2	1	1	0	1	0	1	0	5	3	2	3	0	2	0	2	0	3	1	2	2	2	1	1	1	2	3	2	1	1	1	2	1	0	0	2	2	3	7	6	5	3	5	4	5	1	2	1	4	0	0	0	0	0	0	2	3	1	1	2	4
0	0	0	0	0	0	0	1	1	0	0	0	0	0	0	0	1	0	0	1	1	0	2	0	0	1	2	0	0	1	1	0	0	0	0	0	0	0	1	0	0	0	0	0	0	0	0	1	0	1	2	0	0	0	1	0	0	0	0	1	0	0	1	0	0	0	0	1	1	3	0	0	0	0	0	0	0	2	0	1	0	0	0	0	0	2	0	2	0	0	0	1	0	0	2	0	2	0	0	0	1	1	0	0	1	0	0	1	1	1	1	0	1	0	0	1	0	1	0	3	1	2	0	2	1	1	2	1	1	1	1	1	1	1	1	3	1	1	2	0	3	0	0	1	1	1	2	0	1	0	2	0	0	0	0	1	0	0	0	2	0	0	0	0	1	0	0	0	0	2	1	0	0	0	0	1	0	1	0	0	2	1	0	0	0	0	0	0	0	2	1	1	0	1	1	1	0	0	1	0	0	0	1	0	0	0	0	0	0	0	0	0	1	1	1	0	1	0	1	0	0	1	0	0	3	3	0	0	1	0	1	0	0	1	2	0	0	3	2	0	2	3	0	0	1	0	1	1	1	1	0	1	1	0	1	0	0	0	1	1	0	0	0	0	0	0	0	0	0	1	0	0	0	0	0	0	0	1	2	1	1	0	0	1	1	1	0	0	1	1	0	0	1	0	0	1	1	0	0	1	3	1	1	1	2	0	0	1	0	0	2	6	2	6	3	4	1	1	2	3	3	4	5	13	6	2	6	1	2	2	1	0	2	0	0	0	1	1	0	0	0	0	1	0	0	0	1	1	0	3	1	1	2	1	1	1	0	1	1	2	2	2	1	2	5	2	7	3	6	14	33	0	83	77	17	15	5	4	0	4	1	1	0	0	0	2	1	0	0	3	0	0	0	0	2	1	1	0	4	1	1	1	2	0	1	0	1	1	0	0	2	0	3	4	3	1	2	2	0	1	1	2	4	2	2	4	1	0	2	0	0	1	0	0	2	3	4	0	2	0	0	2	1	2	0	4	1	1	1	4	0	0	2	1	1	2	0	0	0	0	0	1	0	1	0	2	5	4	2	4	5	2	3	1	0	1	0	0	0	1	0	0	0	0	1	0	1	1	4
0	0	0	0	0	0	0	0	5	0	0	0	0	0	0	0	1	0	1	0	2	0	3	1	0	1	0	0	0	0	1	0	0	0	0	0	0	1	0	0	0	0	0	0	0	0	0	1	2	0	0	2	1	1	1	0	0	0	0	0	0	0	1	0	0	2	0	0	0	1	1	0	1	0	0	2	0	0	0	0	0	1	0	0	0	0	1	1	0	1	0	0	0	0	1	0	0	0	0	0	0	0	0	0	0	1	0	1	1	1	0	0	0	0	1	1	0	1	0	1	2	0	1	1	0	0	3	1	0	1	1	5	0	0	0	1	1	2	0	0	1	1	1	1	0	1	0	0	0	0	0	1	0	0	1	2	0	0	0	0	0	0	0	0	0	0	1	1	0	0	0	1	0	1	0	0	1	0	0	2	0	1	0	1	0	2	1	0	1	0	0	1	0	0	1	1	0	2	0	0	1	0	1	0	0	1	0	0	1	1	0	1	1	1	2	0	2	1	0	2	1	2	1	1	0	1	0	0	1	0	3	2	0	1	1	0	1	0	0	0	1	2	0	1	1	1	0	0	0	1	1	0	0	0	0	0	2	0	0	0	0	0	0	0	0	0	0	0	0	0	2	0	1	0	0	1	0	0	2	0	0	0	0	0	0	0	0	1	1	0	0	0	0	1	0	0	1	0	0	1	1	3	1	1	1	2	1	2	0	3	1	0	3	1	2	3	1	2	1	1	3	2	3	5	0	2	2	2	1	2	1	1	1	0	0	2	0	0	0	0	1	0	0	1	2	2	1	0	2	1	2	0	1	0	2	0	0	0	0	2	0	1	0	1	3	2	6	6	7	5	12	83	0	32	12	9	7	1	0	1	2	0	1	0	0	0	0	0	0	1	0	1	0	0	2	1	1	1	1	0	0	3	0	0	0	1	2	0	2	1	0	3	0	2	3	1	0	0	0	1	1	3	1	0	1	2	1	1	1	0	2	1	1	1	1	0	4	0	4	5	3	1	1	0	3	0	0	0	3	1	0	0	0	0	2	0	1	2	1	0	2	0	1	1	0	0	2	4	3	4	10	1	0	0	2	2	0	0	0	1	1	0	0	0	0	0	0	3	0
0	0	0	0	0	0	0	1	2	0	0	1	2	0	0	0	0	1	0	0	4	0	0	0	0	0	0	0	1	1	0	0	0	1	0	0	0	0	0	0	0	0	0	0	0	0	2	0	1	0	0	1	0	0	1	1	0	0	0	0	0	0	0	0	0	0	0	1	1	1	2	0	1	1	1	2	0	0	1	0	1	0	1	0	2	0	0	0	0	1	0	1	0	0	0	0	0	1	0	0	1	1	0	2	0	0	0	2	0	0	1	1	1	0	0	1	2	1	0	2	1	1	0	0	0	3	4	1	2	0	2	4	2	1	3	1	3	1	0	2	0	2	1	2	1	0	1	0	1	5	2	0	2	0	1	0	1	0	0	0	0	0	0	0	1	1	1	0	0	1	2	0	0	2	0	0	0	0	0	1	1	0	2	1	4	4	3	1	0	0	0	1	1	0	1	3	1	0	1	1	0	1	1	1	0	0	0	0	0	0	0	0	1	0	0	1	3	0	0	1	0	0	2	0	0	1	0	1	2	0	0	0	0	0	0	1	2	1	2	1	2	1	0	1	0	0	0	0	2	3	1	0	0	0	0	0	0	1	0	0	0	1	0	0	0	0	0	0	0	0	0	3	0	1	2	1	1	2	0	1	1	0	0	0	1	1	1	0	0	0	0	1	0	0	1	0	1	0	0	1	4	1	0	1	0	0	0	0	0	0	0	5	3	4	3	7	3	1	3	6	5	7	3	6	4	2	2	3	4	1	2	2	0	3	0	0	0	0	0	1	0	3	1	0	0	0	0	0	1	0	0	2	6	3	1	2	2	0	2	4	3	2	2	2	8	7	5	7	7	11	23	77	32	0	32	37	11	7	5	2	0	3	2	1	0	1	1	1	0	0	1	0	0	0	1	0	0	1	3	2	0	0	1	2	3	2	2	1	0	3	0	3	8	3	0	1	1	1	1	0	0	3	3	2	1	3	1	0	0	1	3	0	2	0	1	2	1	1	0	3	0	0	1	2	1	0	2	0	0	0	1	0	2	1	1	3	0	0	1	0	0	1	0	1	3	4	5	8	3	2	7	1	1	0	1	0	0	1	1	0	0	1	1	0	1	3	1	1	0
0	0	0	0	0	0	0	0	0	0	0	0	1	1	1	0	0	2	0	1	3	1	0	0	0	4	0	0	0	0	3	0	0	1	0	0	0	0	0	0	0	0	0	1	1	0	0	0	0	1	0	0	0	0	0	1	0	0	0	0	1	0	0	0	1	0	2	0	1	1	0	0	0	0	1	0	0	0	1	0	0	0	0	0	0	0	0	0	1	1	0	2	0	0	0	0	1	0	0	0	0	1	0	0	0	1	0	0	0	0	0	0	1	0	0	0	0	0	3	0	1	0	1	0	1	2	1	7	3	2	1	0	0	1	1	1	2	1	0	0	2	4	0	0	1	3	2	0	1	2	0	2	1	0	0	1	0	0	1	0	0	0	1	1	0	2	1	0	0	0	0	1	1	0	0	1	0	1	0	0	1	1	1	1	1	4	1	0	1	1	0	1	0	1	0	1	4	0	1	1	0	0	0	1	1	0	0	1	0	0	0	1	0	0	0	1	0	0	0	2	2	0	1	2	0	0	0	0	1	0	0	0	2	3	1	2	0	1	0	1	1	0	1	0	3	1	0	2	1	1	2	0	0	0	0	0	0	1	0	0	0	1	1	1	0	0	0	0	0	1	0	2	0	1	1	0	2	1	1	2	0	3	0	0	0	0	0	0	1	1	1	0	2	1	1	1	1	0	3	1	1	4	2	2	1	1	3	1	0	2	6	6	10	2	5	7	2	1	2	11	18	8	9	14	3	1	3	8	3	1	0	1	2	2	2	0	0	0	1	0	1	1	0	0	0	0	0	1	0	1	1	2	2	2	0	2	3	2	1	2	5	3	8	7	8	6	9	15	32	7	15	17	12	32	0	56	13	18	4	3	2	4	1	1	3	0	0	0	1	1	0	0	0	2	0	3	0	1	1	0	1	2	0	2	0	1	1	0	0	2	2	2	3	7	2	1	0	0	1	3	2	1	4	1	2	1	1	3	2	0	0	1	1	0	3	2	4	3	2	0	1	0	1	3	2	1	0	1	0	0	4	1	2	0	0	0	0	1	1	0	0	4	1	0	3	3	5	3	3	8	2	7	1	1	3	1	1	1	2	0	0	0	0	0	0	0	0	1	3
0	0	0	0	0	0	0	1	0	0	1	1	0	0	0	0	0	0	0	0	2	1	0	1	0	0	0	1	0	0	1	1	0	1	0	0	1	0	1	0	0	0	0	1	2	0	0	1	0	0	0	1	0	1	0	0	1	2	0	1	0	0	1	0	1	0	0	0	2	0	0	0	0	0	1	1	0	0	0	0	0	1	0	1	2	1	0	0	0	0	0	0	0	1	0	1	0	0	0	0	0	0	0	0	1	0	2	1	1	0	0	1	1	0	0	2	1	1	2	1	1	4	0	0	3	3	1	5	1	1	3	2	2	1	1	3	3	3	3	3	2	7	3	2	2	3	1	0	1	0	1	2	0	0	0	1	0	0	0	1	0	0	0	0	0	0	0	1	1	3	2	0	1	1	0	0	1	1	0	0	0	1	1	3	3	1	2	1	1	1	2	1	1	0	5	2	0	1	1	0	1	0	2	0	1	1	0	0	0	0	0	2	2	0	0	1	0	2	1	0	2	1	1	2	0	2	1	1	0	1	2	1	0	1	0	1	1	1	3	2	6	0	3	0	0	4	1	2	0	3	3	0	0	0	0	0	0	0	1	0	1	0	0	0	0	0	0	1	1	1	0	0	0	0	1	2	0	2	0	0	0	2	2	0	2	1	0	0	1	1	2	1	0	1	0	0	2	2	2	2	1	2	3	4	0	0	0	3	4	2	6	3	7	12	6	8	5	4	8	10	9	6	3	3	6	4	2	6	5	0	3	1	0	0	0	0	1	0	0	0	0	1	0	1	0	0	0	2	0	3	2	3	2	3	3	1	0	1	2	2	6	5	9	5	9	9	29	13	20	11	11	15	9	37	56	0	92	15	8	2	7	3	0	1	0	0	1	0	0	2	0	0	1	1	1	0	1	2	0	0	1	1	1	1	5	1	1	0	1	2	1	2	1	2	5	1	0	0	0	2	0	4	1	4	1	0	0	1	1	1	2	0	0	1	0	3	1	2	1	0	1	1	2	1	0	0	0	0	1	1	2	0	1	0	0	2	0	2	2	1	0	1	0	0	1	3	4	6	0	1	3	7	1	2	2	1	1	3	0	2	1	0	0	0	0	2	0	1	2
0	0	0	0	0	0	0	1	0	0	0	1	1	2	0	0	0	1	0	1	0	1	1	0	2	0	0	0	1	0	0	1	0	0	0	0	0	0	0	0	0	0	1	0	0	0	0	0	0	0	0	1	1	0	1	1	0	0	0	0	0	0	1	0	0	0	1	2	1	1	0	0	0	3	3	2	3	2	1	0	0	1	1	0	0	2	0	1	3	0	1	0	0	2	2	1	0	2	0	2	1	3	0	0	0	0	0	1	2	0	1	1	1	0	0	0	1	0	0	2	1	1	2	0	1	0	1	2	6	2	1	1	0	0	2	2	9	4	3	0	3	5	1	2	3	2	2	1	0	2	0	1	1	1	2	0	0	1	0	0	0	1	0	1	1	1	1	0	0	1	0	0	0	0	0	1	0	1	0	0	0	1	2	1	3	3	0	0	1	0	1	2	1	0	0	2	1	0	0	1	1	0	0	0	0	0	0	2	0	1	0	0	0	1	0	1	2	3	0	1	0	1	3	1	0	2	0	2	1	3	1	0	3	0	3	4	3	1	2	4	4	2	2	1	1	2	2	3	0	2	1	0	1	1	0	0	0	5	0	0	1	1	1	0	1	0	1	1	0	0	0	0	1	1	1	0	1	2	1	2	1	0	0	1	0	0	0	0	0	1	3	0	0	5	0	1	1	2	0	1	2	3	2	7	6	2	0	3	4	0	6	1	7	25	7	17	6	5	8	30	6	5	4	4	3	4	4	3	1	4	1	2	2	0	1	1	0	0	0	1	0	1	0	0	1	0	0	1	0	5	1	2	5	5	3	1	2	1	2	5	7	6	5	5	13	10	24	11	10	10	4	5	7	11	13	92	0	32	2	4	3	3	2	4	4	1	1	4	0	2	0	0	0	0	1	1	0	1	2	1	0	0	1	1	1	1	1	0	4	1	0	1	2	2	1	0	1	0	1	0	1	1	0	1	2	1	3	1	0	1	0	0	1	2	4	0	0	0	2	1	1	1	0	0	0	1	1	1	2	0	0	1	1	0	0	0	1	0	1	0	0	1	0	1	3	5	0	3	1	0	3	7	1	0	0	1	0	1	2	1	0	0	0	0	0	0	1	1	1
0	0	0	0	0	0	0	1	2	0	0	0	0	1	0	0	1	0	1	1	1	0	1	0	0	2	1	1	0	1	1	0	0	1	1	0	0	0	0	0	2	0	0	0	1	0	0	1	1	4	1	0	2	0	1	0	2	0	0	0	1	1	0	1	0	0	0	0	2	0	1	0	1	2	1	3	1	0	0	0	1	1	0	0	2	1	0	0	0	1	1	0	0	0	1	0	0	1	0	0	0	0	0	0	0	0	1	0	2	2	0	1	2	2	1	0	0	0	0	1	0	1	0	2	2	4	0	4	3	3	4	3	3	0	2	1	3	6	3	8	3	2	6	3	2	1	3	3	0	0	1	0	0	1	1	1	0	0	0	1	1	1	1	0	1	0	2	0	0	0	2	2	0	1	0	0	3	0	0	0	1	1	1	1	2	5	5	3	1	2	0	1	2	3	0	1	0	0	0	0	0	0	3	1	0	1	1	1	0	0	0	0	1	0	1	2	3	2	2	2	5	1	0	1	1	0	0	0	2	1	1	2	0	0	1	3	2	3	2	2	5	3	2	3	0	5	3	1	4	4	0	0	0	1	0	0	1	0	0	1	0	0	0	0	0	0	0	0	0	1	1	0	1	0	0	3	0	0	3	1	1	2	2	0	0	1	0	3	2	1	0	0	0	1	1	0	0	3	2	3	1	2	4	10	8	1	1	1	4	2	7	1	14	28	11	44	21	15	29	83	20	7	2	5	6	3	1	5	3	2	0	2	1	4	4	2	3	1	0	1	2	1	0	2	1	0	0	0	0	2	2	1	5	5	2	6	1	1	7	7	15	16	5	7	13	19	18	15	18	5	6	4	1	7	18	15	32	0	29	22	4	8	3	1	0	2	1	1	0	0	0	1	1	0	0	0	0	0	1	0	1	0	0	3	1	3	3	0	2	1	2	3	3	8	1	3	3	1	0	1	1	2	1	0	1	1	1	1	0	2	0	3	1	0	1	0	0	0	2	1	1	3	1	2	0	1	2	1	2	0	1	1	1	2	1	0	1	0	0	0	0	0	1	2	2	1	1	1	4	2	0	2	1	0	0	0	1	1	0	0	1	0	0	0	2	0	2	1	2
0	0	0	0	0	0	0	0	0	1	1	1	0	0	0	0	0	1	1	0	1	0	0	1	0	1	0	0	1	0	0	1	0	0	0	1	0	0	0	0	0	1	0	0	0	0	0	0	0	1	0	2	2	1	1	3	2	2	1	1	0	1	0	2	0	1	1	0	0	1	0	0	1	1	1	0	0	0	1	1	0	0	0	2	0	1	0	1	0	1	1	0	2	1	0	1	1	1	1	1	0	0	1	3	0	0	1	5	0	2	0	0	2	0	0	1	2	0	0	3	3	1	0	1	2	2	1	5	0	1	2	0	4	1	2	1	3	4	3	2	2	1	3	2	6	2	0	0	0	1	0	2	1	1	1	1	0	0	0	0	0	0	1	0	0	1	2	0	0	1	1	2	0	0	1	1	1	0	0	2	4	1	2	1	1	6	2	1	2	1	3	0	0	3	1	3	1	0	1	0	0	1	1	1	0	0	0	0	0	0	0	1	0	0	0	1	2	2	5	5	0	1	0	0	4	2	2	1	1	0	0	1	5	1	9	2	8	4	3	6	10	0	1	2	1	0	0	0	1	3	3	0	1	1	1	0	0	0	1	1	1	0	2	1	0	0	0	0	0	1	0	2	0	0	2	1	1	4	1	1	2	2	1	1	1	0	3	0	1	0	0	3	1	1	0	2	2	2	3	1	2	6	4	10	4	0	5	0	0	2	3	5	7	14	10	17	18	15	82	38	6	7	0	6	5	2	4	4	2	0	7	2	2	4	1	0	1	1	0	3	1	2	1	0	3	0	1	1	4	2	4	9	6	9	6	5	4	8	5	14	35	282	18	25	13	27	4	12	8	2	1	0	0	5	4	8	2	29	0	65	33	17	2	1	5	3	1	1	3	2	0	0	3	0	0	0	0	0	1	2	1	4	8	2	9	2	2	2	1	1	2	5	4	2	2	2	0	1	1	0	0	0	2	0	0	1	1	0	0	1	0	1	0	3	1	1	6	1	1	1	1	0	0	2	3	0	2	2	2	2	2	0	0	0	0	1	0	0	0	2	0	2	1	0	3	3	2	2	0	2	2	1	2	0	0	0	0	0	0	2	0	0	0	1	1	0	1	1	0
0	0	0	0	0	0	0	2	0	1	0	0	2	0	1	2	2	0	0	0	1	1	1	1	0	1	1	1	0	0	0	0	1	0	0	0	0	0	0	1	0	0	2	2	1	0	1	0	0	0	1	0	2	1	3	1	0	1	0	0	0	0	1	0	1	0	0	1	0	0	1	1	1	3	0	0	1	0	1	1	1	0	0	0	3	1	2	1	0	2	2	1	0	0	1	0	0	1	1	2	0	1	2	0	2	0	1	0	0	0	0	0	2	1	2	1	2	0	0	2	0	2	2	1	0	1	0	3	3	2	1	1	2	0	0	2	4	4	4	3	1	2	2	4	3	1	1	2	1	0	0	0	1	1	1	2	0	2	1	1	0	1	0	0	0	0	0	2	2	2	1	0	0	1	0	1	1	0	1	0	2	2	1	1	1	3	2	2	3	0	1	3	2	0	4	1	3	3	1	0	2	1	1	0	0	0	0	0	0	1	1	0	0	1	2	0	1	2	5	8	7	3	0	0	1	0	1	0	3	1	1	0	3	2	2	6	5	4	5	3	4	2	1	2	1	0	1	0	4	2	0	1	0	0	0	0	1	2	1	0	1	0	0	0	0	0	0	1	0	0	1	2	1	0	2	0	0	3	3	2	1	0	0	1	1	0	3	0	0	0	1	1	1	0	1	2	2	0	3	0	3	6	3	8	3	0	3	0	1	4	3	6	2	10	10	10	11	17	30	46	15	5	0	3	3	3	3	6	4	2	9	4	5	3	5	1	1	0	1	2	4	2	2	2	0	0	2	1	1	1	7	1	9	5	2	2	5	1	7	8	11	39	15	21	11	9	8	14	13	2	4	4	1	2	3	2	4	22	65	0	23	11	2	4	3	3	3	3	0	0	0	0	0	0	1	0	0	0	2	5	2	4	4	2	12	3	2	1	2	3	5	7	6	7	3	1	1	1	0	1	0	2	1	2	0	2	2	0	0	1	0	0	0	0	1	2	4	2	4	2	0	0	1	1	2	0	3	1	3	2	2	1	0	0	0	2	1	0	0	0	0	0	0	1	0	0	2	1	0	1	3	1	0	0	0	2	0	0	1	0	1	0	2	0	3	0	2	0	1
0	0	0	0	0	0	0	0	0	0	1	0	0	0	0	0	0	2	0	0	1	1	0	0	0	1	0	0	2	0	0	0	0	0	0	0	0	0	0	0	0	0	0	0	1	0	0	0	0	0	1	1	2	0	0	2	0	1	1	0	0	1	2	0	0	1	0	1	1	0	1	1	1	0	1	1	0	3	1	0	0	1	1	1	1	1	0	2	1	1	0	2	0	0	1	1	1	0	0	1	2	1	0	3	2	0	1	1	0	3	2	0	1	0	1	1	1	0	1	3	0	0	0	1	1	0	1	1	0	5	0	3	2	2	0	1	0	1	0	2	3	2	3	2	0	2	0	0	1	0	0	1	2	1	0	0	0	0	1	2	0	0	0	0	1	2	0	1	1	0	2	0	0	1	1	0	1	2	1	1	2	3	0	0	1	1	1	1	0	2	1	1	2	2	2	2	1	0	3	1	3	1	0	1	0	1	1	0	0	0	0	0	1	2	1	1	1	3	7	3	2	2	4	1	1	0	1	4	2	0	2	2	2	4	5	7	12	6	1	7	10	4	2	4	2	0	1	1	3	0	1	0	1	0	2	0	1	0	1	2	3	0	1	1	0	2	0	0	1	1	2	0	0	1	4	1	2	2	3	1	0	0	1	0	4	2	0	0	1	3	0	0	1	1	2	3	1	1	4	5	3	5	6	4	4	4	3	2	0	1	1	6	3	7	5	5	2	8	14	8	5	2	1	3	4	1	1	3	7	2	6	8	5	1	4	1	2	1	2	2	4	2	1	5	2	3	2	5	2	8	6	4	21	7	11	2	8	1	13	18	8	30	18	14	4	8	9	8	5	8	1	1	2	0	2	7	3	4	33	23	0	102	20	6	5	4	7	0	1	0	2	0	0	1	3	0	1	1	2	2	1	5	4	6	22	7	9	7	3	2	6	5	2	2	1	1	0	1	0	0	3	0	1	1	0	0	3	1	1	0	0	1	0	0	0	0	1	1	2	0	1	0	0	2	1	1	0	6	2	2	2	1	1	2	0	0	0	0	0	0	1	0	2	0	2	0	2	2	0	1	2	1	2	1	2	1	1	1	0	0	0	0	1	0	0	0	0	1	0
0	0	0	0	0	0	0	2	0	0	0	0	0	0	0	2	1	0	0	0	0	0	0	1	0	1	0	0	1	0	1	0	0	0	0	1	1	0	0	1	0	0	0	0	0	1	0	0	0	1	1	1	2	1	2	0	1	0	0	2	0	2	0	0	1	0	1	1	0	0	0	1	0	0	0	1	0	1	0	0	0	0	0	0	0	1	1	1	0	2	0	0	0	0	0	1	2	1	2	0	1	1	1	0	0	2	3	1	2	1	2	2	1	2	1	0	0	0	2	2	1	2	1	0	2	0	1	2	1	0	3	2	0	2	0	4	1	1	4	3	3	0	1	1	1	2	1	2	2	2	1	0	2	2	1	1	0	0	2	3	0	0	0	0	0	0	0	0	1	0	1	0	0	0	0	0	1	0	4	2	1	2	3	2	2	7	2	2	2	3	3	0	1	1	2	4	0	0	1	0	0	2	1	1	1	0	0	0	1	0	1	1	0	0	0	1	0	3	6	7	6	2	1	1	1	2	3	1	4	3	2	3	2	5	17	12	15	5	2	4	12	2	0	2	3	1	3	3	4	4	4	3	1	1	1	2	1	0	1	3	2	2	0	1	3	1	1	2	0	3	0	2	2	0	5	2	2	3	2	4	5	2	2	1	0	1	1	3	0	1	1	0	0	0	1	2	1	1	5	6	7	6	5	4	3	3	4	2	5	2	2	5	3	9	1	5	5	5	10	7	5	4	2	2	2	3	2	4	2	5	7	5	5	9	2	1	2	1	3	2	0	2	2	1	2	0	1	4	2	5	2	8	18	10	4	8	4	5	17	13	9	17	6	8	4	7	5	6	6	3	3	1	0	3	4	3	3	8	17	11	102	0	45	8	12	0	4	3	3	1	1	1	2	4	3	2	1	2	0	1	3	5	6	9	19	7	6	4	1	4	2	3	7	3	1	0	1	3	0	0	0	3	1	1	1	0	0	0	0	1	1	0	0	0	0	2	1	3	2	0	1	1	0	2	1	1	0	0	2	5	0	1	0	0	0	2	0	0	0	0	0	1	0	2	1	0	0	2	1	0	1	2	1	1	2	1	2	1	1	1	2	0	0	0	1	1	1	0	0
0	0	0	0	0	0	0	0	0	2	0	0	0	0	2	2	2	0	0	1	0	0	0	0	0	1	2	0	0	0	0	1	1	0	0	0	0	1	0	0	0	2	0	1	0	1	0	0	0	3	0	0	1	0	1	3	0	0	0	1	0	0	0	0	0	2	0	0	0	2	1	1	0	1	3	1	1	0	0	0	1	0	2	1	2	2	0	1	1	1	1	0	1	1	1	0	0	0	2	1	1	0	4	1	0	1	0	1	2	0	0	0	0	2	2	0	0	0	1	0	2	3	0	0	2	0	2	1	2	1	3	0	1	0	0	0	1	2	2	4	1	2	1	2	2	2	0	0	1	0	0	1	1	1	0	0	0	0	2	0	1	0	1	2	1	2	0	1	0	0	0	1	0	0	1	2	1	0	3	1	0	1	1	2	3	0	1	6	5	2	2	3	3	2	3	0	0	2	1	3	2	1	2	0	1	3	0	0	0	1	0	1	2	0	0	1	3	2	3	4	12	1	5	0	1	3	1	2	6	2	8	5	3	4	15	16	7	3	7	5	1	6	7	3	5	1	2	3	1	5	5	2	1	1	2	1	1	2	1	4	1	0	1	1	1	1	2	1	3	1	2	1	3	2	7	1	3	2	2	4	5	2	1	1	4	1	3	2	3	0	1	1	0	1	3	1	0	5	5	3	3	10	3	3	3	1	1	2	2	0	2	0	1	4	3	0	5	6	9	3	1	1	0	1	1	2	3	3	1	4	3	10	5	1	3	2	2	3	3	2	6	3	0	4	0	2	3	4	2	5	4	6	10	10	3	6	5	10	11	7	7	4	4	5	2	3	4	1	4	3	2	0	1	2	1	0	2	3	2	2	20	45	0	56	38	4	3	2	3	1	4	1	5	4	4	2	4	4	8	6	6	6	12	19	17	10	1	3	3	3	1	4	0	2	3	0	0	0	1	0	0	0	1	1	1	1	1	0	0	0	0	2	1	1	0	3	3	2	1	0	0	2	1	2	0	1	3	2	3	1	0	0	1	2	0	0	1	0	0	0	1	0	1	0	0	0	0	2	1	0	2	1	0	0	1	1	0	0	1	1	2	0	1	1	0	1	0	0	1
0	0	0	0	0	0	0	0	0	0	0	0	0	2	0	0	0	0	1	0	1	0	1	1	0	0	1	0	0	0	0	0	1	0	1	0	0	0	0	0	0	0	1	0	0	1	1	2	0	0	1	0	1	3	1	0	2	3	1	0	0	0	2	0	0	0	0	1	1	2	0	1	0	1	0	0	0	1	0	0	0	0	1	0	3	1	0	2	3	2	0	2	0	0	1	2	2	2	1	0	2	1	0	0	0	0	1	0	1	1	1	2	1	2	0	2	1	0	0	0	1	2	1	0	1	0	1	0	0	1	1	0	1	0	0	1	0	1	4	0	5	2	1	2	0	1	1	1	0	1	4	1	1	0	0	2	2	1	1	0	1	0	0	1	1	1	2	1	2	1	0	1	1	0	0	0	1	1	1	2	2	0	2	2	1	3	2	3	3	4	2	1	1	4	3	3	0	1	0	0	2	1	2	1	1	0	1	2	1	1	0	0	0	0	2	3	1	0	7	17	8	5	3	3	1	6	7	3	5	6	8	2	9	9	9	10	4	2	2	6	2	6	1	3	3	3	4	0	1	2	4	7	2	3	1	0	2	1	2	3	1	1	1	2	1	0	2	0	1	1	1	2	2	2	4	1	4	2	1	2	0	2	1	5	4	4	0	1	1	1	2	2	4	0	1	3	2	4	3	9	7	1	5	5	1	3	1	0	3	1	0	1	2	1	6	1	1	5	2	0	1	1	2	0	1	1	1	4	0	4	1	4	5	4	3	5	2	2	3	6	6	6	4	2	4	1	0	3	4	3	2	4	7	3	5	5	9	7	7	3	7	4	2	0	1	2	1	4	6	0	1	0	0	1	1	1	4	1	1	4	6	8	56	0	65	12	5	3	1	3	0	2	4	2	3	4	4	4	5	6	9	2	11	6	6	5	4	4	1	7	2	3	2	0	2	0	1	0	0	1	0	0	0	1	1	0	0	0	1	0	0	2	1	0	1	2	0	1	3	1	0	0	0	0	0	2	1	1	3	1	0	1	2	2	0	1	1	0	1	1	0	0	1	0	0	2	1	2	0	1	0	1	0	1	0	0	1	0	0	0	1	0	0	1	0	0	0	1	1
0	0	0	0	0	0	0	0	0	0	0	0	0	0	0	1	0	1	0	0	0	2	0	1	0	0	0	0	0	0	0	0	0	0	1	0	1	0	0	0	0	1	1	0	0	0	0	0	0	1	0	1	2	0	2	1	0	1	0	1	0	1	0	0	0	1	0	0	0	0	1	0	0	1	1	2	0	0	0	1	2	0	1	2	0	1	0	2	0	0	1	3	2	3	1	0	0	0	5	3	2	3	2	3	0	2	1	1	2	2	1	0	1	2	1	3	0	0	0	0	0	0	1	1	0	1	0	0	0	3	1	1	1	0	0	1	0	2	3	4	1	1	1	2	2	0	0	0	0	1	1	0	3	1	0	0	1	1	0	0	0	0	0	0	1	2	1	1	3	2	5	0	0	1	2	1	0	0	1	2	2	1	0	0	2	3	1	0	3	1	0	0	2	1	1	1	1	0	1	0	2	2	1	0	3	0	0	1	0	0	0	0	0	1	0	0	2	1	3	4	6	6	1	3	7	8	1	3	8	13	13	4	12	15	18	23	9	7	4	7	2	4	2	1	7	4	3	4	4	5	8	2	3	5	1	2	2	2	2	1	3	2	2	5	3	2	6	3	3	4	7	2	1	4	5	3	6	5	3	3	5	2	6	4	1	3	2	4	1	2	1	0	0	1	7	3	3	2	4	9	5	5	3	0	0	2	6	2	2	1	0	0	2	1	1	1	1	3	3	4	1	0	1	1	1	1	2	1	0	2	1	4	5	2	0	1	5	1	1	3	1	4	3	0	5	2	2	1	7	7	6	2	4	5	5	2	8	11	12	3	5	3	6	3	0	3	3	1	0	0	1	0	0	0	3	0	4	0	5	3	5	12	38	65	0	33	6	5	3	7	2	5	8	14	6	3	6	2	12	5	10	14	10	17	6	6	2	1	5	3	4	2	4	1	0	1	0	0	0	0	1	1	0	0	1	0	0	0	0	1	0	0	0	0	0	0	0	1	0	2	1	0	0	1	1	0	3	0	1	1	0	1	0	1	0	1	0	0	2	0	1	0	1	0	0	0	0	0	1	1	1	0	1	0	0	1	0	0	0	0	0	0	0	0	1	0	0	1	0
0	0	0	0	0	0	0	0	0	0	1	0	2	1	0	0	0	1	0	0	1	1	3	1	1	0	0	1	1	1	0	0	0	0	0	0	0	0	0	0	0	3	1	0	0	0	0	0	0	0	0	1	0	1	0	0	0	0	1	0	1	0	0	0	0	0	1	0	0	0	1	1	0	0	0	1	1	0	0	3	0	0	0	3	3	0	1	2	1	0	1	0	1	3	1	2	1	2	2	4	3	1	1	2	1	0	3	2	0	1	1	2	0	0	1	0	1	1	0	0	1	1	0	0	0	0	2	0	0	0	0	2	1	0	0	0	1	0	4	1	2	2	0	0	0	2	0	0	0	0	0	0	2	0	2	1	0	0	0	0	1	0	0	0	0	2	0	2	1	0	0	1	0	2	0	1	0	0	1	0	2	0	2	1	1	1	2	2	1	1	2	3	2	1	0	1	0	1	1	0	0	1	0	2	1	1	1	1	0	0	0	1	1	0	0	0	0	1	2	2	6	4	1	4	4	5	6	5	3	10	15	9	19	12	8	12	6	2	7	3	1	3	7	5	5	3	5	1	3	9	2	2	8	10	3	4	0	5	4	8	2	1	1	4	2	2	3	9	2	7	4	3	5	3	5	2	1	5	4	8	4	6	10	7	11	4	3	5	0	3	5	2	3	1	4	0	9	1	1	4	5	0	1	1	1	1	0	0	0	1	1	0	1	0	1	2	1	2	3	0	0	1	1	0	0	1	0	2	1	2	2	3	1	6	3	0	5	0	3	1	7	1	4	4	4	0	4	1	2	1	2	2	3	3	3	3	9	11	1	3	4	3	1	2	0	0	1	0	1	0	1	2	0	1	0	0	1	2	3	3	4	0	4	12	33	0	17	46	6	16	7	6	14	28	15	1	7	14	33	32	18	11	18	1	3	8	3	2	3	5	0	2	0	0	0	1	1	0	0	0	1	1	1	0	0	0	0	1	0	0	0	0	0	0	0	0	0	0	0	0	0	0	1	0	0	1	0	1	2	1	0	0	0	0	1	0	0	0	0	1	0	0	1	1	0	1	0	1	1	0	1	0	1	0	1	1	0	0	0	0	0	0	0	0	1	0	0	1	0
0	0	0	0	0	0	0	0	0	0	0	0	0	0	0	0	1	0	0	1	0	0	0	0	0	0	0	0	0	0	0	0	0	0	0	0	0	0	0	0	0	0	0	0	0	0	0	0	1	1	0	4	0	0	0	1	1	0	1	2	0	0	0	2	0	0	0	0	0	2	0	0	0	0	0	3	0	0	1	0	0	1	1	1	0	1	0	1	1	3	0	2	1	2	0	2	1	2	4	4	6	5	1	2	6	1	2	2	2	1	1	0	1	0	1	0	2	1	0	1	0	1	0	0	0	0	0	1	1	1	0	0	0	0	2	0	0	0	0	0	0	1	0	1	1	1	0	2	0	0	0	2	0	0	0	1	2	0	1	0	0	0	2	0	0	0	0	2	0	1	0	1	0	0	0	0	1	0	0	0	0	2	1	3	1	0	0	0	3	3	2	0	0	2	1	1	1	1	1	1	0	1	0	0	3	1	1	2	0	0	0	0	0	0	0	1	0	2	2	3	2	4	2	3	1	3	9	3	6	12	8	23	49	17	11	7	5	1	4	2	2	5	4	0	3	5	8	1	3	1	4	11	20	25	13	5	5	3	15	30	9	6	4	12	8	6	1	5	3	1	6	6	7	5	2	3	6	5	6	11	13	15	10	12	3	8	5	5	7	6	7	2	3	0	3	2	2	5	3	0	5	2	0	1	2	1	2	2	0	1	0	1	1	1	1	3	1	1	0	1	2	0	1	1	3	1	2	1	0	2	3	3	2	1	0	3	1	1	2	3	2	1	3	4	2	3	0	0	3	0	2	3	6	1	1	4	1	7	3	3	0	1	0	1	0	2	0	0	1	1	2	1	0	1	0	1	1	1	1	3	7	4	3	5	6	17	0	80	8	10	20	13	33	18	19	0	7	15	21	22	15	9	11	1	3	4	1	0	5	1	0	1	1	0	0	0	0	0	0	0	0	0	0	0	0	0	2	1	0	0	0	0	0	0	1	2	0	0	0	0	0	0	0	0	0	0	0	1	0	3	1	0	1	0	1	0	0	1	0	1	0	0	0	0	0	0	0	0	0	0	2	1	1	1	0	0	0	0	0	0	0	0	0	0	0	1	2	1	1
0	0	0	0	0	0	0	0	1	0	0	0	1	0	1	0	0	0	1	0	0	0	1	0	0	0	0	1	0	0	0	2	0	1	1	0	0	0	0	0	0	0	0	0	0	0	0	0	0	0	1	2	0	1	0	0	0	0	0	0	0	0	0	0	1	1	0	0	0	1	1	0	0	0	1	3	0	0	1	2	0	1	0	1	0	0	2	0	2	1	0	1	0	1	1	1	3	0	1	4	2	1	1	3	3	4	0	0	1	2	2	1	1	1	1	0	1	0	1	1	0	1	2	0	1	0	0	0	1	0	1	0	0	0	1	1	1	1	1	0	2	0	0	2	1	0	0	0	4	1	0	0	0	1	0	0	0	0	0	0	1	0	0	0	0	1	0	1	1	0	2	0	1	0	0	0	0	0	0	1	0	0	0	0	0	1	0	0	3	2	2	1	0	2	2	2	1	1	0	3	0	0	1	1	0	0	1	0	1	1	1	0	1	1	0	0	1	0	0	1	3	2	0	0	2	3	6	3	0	7	12	9	19	4	5	4	7	3	2	0	0	6	3	1	3	5	5	3	3	0	3	7	14	25	15	2	2	5	3	18	15	6	5	19	11	7	4	3	11	6	4	6	5	4	4	2	5	6	7	5	9	6	5	3	6	3	7	1	3	1	3	3	4	2	0	3	1	2	0	2	2	0	2	2	3	2	1	1	0	0	0	1	1	0	2	0	2	0	1	2	0	2	0	1	1	1	0	2	1	0	2	1	0	1	0	1	3	2	3	2	1	3	2	2	2	4	1	2	1	3	2	3	1	5	1	1	3	5	5	1	1	2	2	1	2	1	1	0	0	0	0	0	0	1	0	0	4	1	1	3	0	3	2	3	5	46	80	0	16	15	15	15	31	33	59	16	22	22	33	42	17	3	6	4	2	1	5	5	1	0	1	2	1	1	0	0	0	1	0	0	0	1	0	0	0	0	0	0	0	0	0	0	0	1	0	1	3	0	1	0	0	0	0	0	0	0	0	1	0	0	0	0	1	0	1	1	0	0	0	0	0	0	0	0	0	0	1	0	0	0	0	1	0	1	0	0	0	0	0	0	0	1	0	1	0	0	1	1	0
0	0	0	0	0	0	0	0	0	1	0	1	1	0	0	0	0	0	0	0	0	0	0	0	0	1	0	2	0	0	0	1	1	0	0	2	0	0	1	0	0	0	1	0	0	0	0	1	0	1	1	0	0	1	2	0	1	0	2	0	1	0	0	0	0	0	1	0	0	0	0	0	1	0	1	1	0	0	1	0	0	2	0	1	1	1	0	2	0	0	2	0	0	0	2	2	0	1	1	2	1	0	2	1	1	1	2	1	2	0	1	2	0	1	0	2	1	2	0	0	0	0	0	0	0	1	1	0	0	0	0	0	0	0	2	3	0	0	0	2	1	0	3	1	0	0	1	1	0	0	0	0	0	0	0	0	0	2	0	0	0	2	0	1	0	0	1	1	1	3	0	1	0	1	0	1	0	1	0	0	0	0	2	1	1	2	2	1	1	0	0	1	2	3	2	2	1	2	1	0	2	3	1	1	1	1	2	1	0	0	0	2	1	2	1	0	2	0	1	0	1	4	0	2	5	10	7	4	3	6	11	4	6	4	1	3	2	2	2	0	1	3	1	2	2	1	1	1	1	0	2	6	7	8	4	3	6	2	9	13	7	5	6	12	26	9	5	8	6	3	1	3	1	3	1	0	1	1	0	4	3	1	1	4	7	6	5	2	1	6	1	1	2	0	3	4	3	2	1	2	2	1	2	3	0	0	0	0	2	2	1	0	0	0	0	1	0	1	2	0	1	1	0	1	0	1	2	1	2	0	1	4	0	5	2	0	1	7	2	2	5	3	0	3	2	4	2	1	3	0	0	0	2	2	3	0	3	3	2	1	2	0	0	2	1	0	0	0	1	1	1	0	0	0	1	0	0	0	3	0	1	3	3	1	3	6	8	16	0	109	18	7	28	39	38	9	8	4	4	9	3	5	1	0	0	1	3	0	0	0	1	1	2	2	0	0	0	0	0	0	1	0	0	1	0	0	0	0	0	0	0	0	0	0	0	1	1	2	0	0	0	1	0	0	0	0	2	2	2	0	1	0	0	0	1	2	0	0	0	1	0	0	0	0	0	0	0	2	0	0	0	0	0	0	1	0	0	0	1	1	0	0	0	0	0	0	0	0	1
0	0	0	0	0	0	0	0	0	0	0	0	0	0	0	0	0	0	1	0	2	1	0	0	1	0	0	0	0	1	1	0	1	0	0	1	0	1	0	0	0	0	0	0	0	0	0	0	1	0	0	0	0	0	0	1	1	1	0	1	2	0	0	0	3	1	0	0	0	1	1	0	1	2	0	0	2	1	1	0	0	4	1	1	0	0	0	1	2	1	1	1	1	1	3	1	1	0	1	4	3	1	1	3	3	3	3	3	0	1	0	1	0	1	0	1	1	0	0	0	1	1	0	0	2	0	3	0	1	0	0	0	0	1	0	1	3	2	1	1	0	1	1	0	0	2	0	0	0	0	3	0	2	0	0	0	0	0	0	0	0	0	0	0	0	0	2	1	1	0	0	0	1	0	0	1	0	0	3	0	0	1	0	1	1	2	0	1	1	0	0	2	2	0	1	0	5	0	1	2	2	1	0	1	4	3	1	2	0	1	1	1	1	1	2	1	3	3	1	3	0	3	3	3	8	9	6	5	10	10	8	5	7	4	3	8	1	1	0	0	0	2	0	1	1	3	1	1	0	3	1	8	16	10	6	6	3	2	4	7	14	9	3	13	23	6	9	10	5	0	2	0	3	2	1	4	1	3	2	1	5	2	3	7	5	10	2	1	6	5	3	3	2	0	1	3	1	2	2	2	1	1	1	1	0	0	0	1	1	0	0	1	1	1	0	0	0	1	1	3	1	0	0	2	0	0	0	2	0	0	0	0	1	4	3	1	1	2	4	3	2	2	2	2	1	2	2	1	3	0	1	2	2	2	3	1	5	2	0	3	0	0	1	1	0	0	1	0	0	2	0	3	1	0	1	2	2	0	2	0	0	1	1	3	7	16	10	15	109	0	54	19	51	30	27	15	6	7	9	6	1	3	1	1	1	0	2	0	1	0	0	0	1	1	0	0	1	0	1	0	0	0	1	1	0	1	0	0	0	0	0	0	0	0	0	0	0	2	0	0	0	1	0	0	0	0	0	1	0	0	1	1	0	0	0	0	0	0	0	0	0	0	1	0	0	2	1	0	0	0	0	0	0	0	0	0	0	0	1	0	0	1	0	1	0	0	0	0	0
0	0	0	0	0	0	0	0	0	1	0	0	0	0	0	1	0	0	0	1	0	0	0	2	0	1	0	1	0	0	0	0	0	0	1	0	0	0	0	0	0	1	1	0	1	0	0	0	0	0	1	2	1	1	0	2	1	2	0	0	0	0	0	1	0	0	0	1	1	0	0	1	2	1	4	0	1	0	1	1	0	1	1	1	0	0	3	1	5	0	0	2	2	5	1	3	1	2	3	4	7	3	3	1	4	2	4	4	0	1	3	0	1	1	1	2	1	4	0	0	1	1	0	0	1	0	0	0	0	1	2	1	0	0	1	1	0	0	0	1	2	1	0	0	1	0	3	1	0	1	0	0	0	0	1	1	0	1	1	1	2	0	1	1	1	2	1	0	0	0	0	1	0	0	0	2	0	1	1	0	1	0	0	2	2	1	1	2	2	3	1	2	2	1	0	2	1	1	3	0	1	1	0	0	0	2	3	0	2	0	2	4	1	1	2	1	3	4	2	1	2	7	2	2	7	12	13	14	7	10	8	6	9	9	3	3	0	1	1	3	0	3	2	2	2	5	6	3	1	2	3	11	31	6	8	6	8	12	12	15	4	8	3	13	13	6	2	1	2	3	1	1	2	3	1	1	3	3	1	4	3	3	3	4	7	25	12	1	1	6	4	3	3	1	7	3	1	5	2	4	1	0	2	1	0	0	4	0	2	0	0	1	1	0	1	0	1	0	1	0	0	1	0	0	0	0	0	0	1	0	1	1	1	1	1	0	1	1	3	1	2	0	2	0	0	4	2	1	1	0	1	2	1	2	3	0	1	6	0	1	1	1	0	1	0	2	1	1	0	1	0	0	0	1	0	0	0	0	0	0	2	1	4	0	2	7	20	15	18	54	0	170	69	18	10	8	5	6	2	3	5	2	3	2	0	3	3	5	1	0	0	1	1	0	0	0	1	0	0	0	0	0	0	0	0	0	0	1	0	1	0	0	0	0	0	1	2	0	1	1	0	0	0	0	1	0	0	1	1	0	1	0	1	1	1	0	2	0	0	0	0	0	1	0	0	0	0	0	0	1	0	1	1	0	0	0	1	1	0	0	0	1	0	0	0	0	0	0	0
0	0	0	0	0	0	0	0	0	0	0	0	0	1	0	0	1	0	0	0	1	0	0	0	0	0	0	0	0	0	0	1	1	0	2	0	2	0	0	0	1	2	0	1	1	0	4	1	0	1	1	0	1	1	0	2	0	0	0	1	1	1	0	1	0	0	1	1	0	2	0	0	0	0	0	1	1	2	2	2	1	1	1	0	2	0	3	0	3	3	1	3	1	1	5	1	1	3	1	3	6	4	1	4	1	7	2	4	2	2	2	0	2	1	1	0	0	1	0	0	0	0	0	0	1	0	1	1	0	0	4	0	0	1	0	0	0	1	0	0	0	3	2	1	0	1	0	1	0	1	0	0	1	0	0	5	0	2	1	1	0	3	0	1	1	0	0	1	1	2	1	0	0	0	0	2	1	2	1	0	0	1	0	0	4	1	1	2	3	4	1	2	2	3	1	0	2	2	2	3	3	3	0	1	2	1	2	2	0	0	0	0	0	0	0	1	0	1	2	2	1	3	1	4	4	7	24	22	13	6	15	15	19	7	2	5	1	1	2	2	1	1	2	6	6	4	5	3	2	2	2	14	55	15	26	9	15	7	21	15	15	7	1	9	10	3	2	3	1	2	1	2	3	2	0	1	1	5	2	2	3	8	7	22	12	22	13	7	7	9	5	6	7	0	3	5	1	1	5	4	1	2	2	1	0	0	0	0	2	1	0	0	0	1	0	0	0	1	1	1	0	0	0	1	0	0	0	0	0	1	0	1	3	0	0	0	1	1	2	0	1	3	1	1	1	1	0	2	0	1	3	3	6	0	1	0	1	4	0	0	0	1	1	3	2	1	0	1	0	0	0	0	1	0	0	0	0	1	0	0	0	1	1	2	5	6	13	15	7	19	170	0	38	10	6	6	3	4	3	4	1	1	4	2	2	1	2	0	2	1	1	2	0	0	1	0	0	0	0	0	0	0	0	0	0	0	0	1	1	0	0	0	0	1	1	0	0	0	0	0	1	1	0	1	0	0	1	1	2	0	0	0	0	0	0	0	0	0	1	1	0	0	0	0	0	0	0	2	1	1	0	2	0	0	0	0	0	0	0	1	0	0	0	0	0	0	1	0	0
0	0	0	0	0	0	0	0	0	0	0	2	0	0	0	0	1	0	1	1	0	1	1	1	1	0	0	0	0	0	2	0	0	0	1	0	0	0	0	1	0	0	0	0	1	0	0	0	0	0	2	0	1	2	1	0	0	1	1	0	0	0	0	0	0	0	0	0	0	0	0	0	2	0	1	3	0	0	2	1	1	2	0	2	0	0	1	3	2	5	0	2	1	0	2	1	0	2	1	2	8	2	0	4	1	3	1	4	0	1	0	0	1	2	0	0	1	0	0	1	0	0	0	0	1	1	0	0	1	1	0	0	0	0	0	0	0	0	0	0	2	2	2	1	0	0	0	0	1	0	1	0	2	0	1	0	0	0	0	0	1	1	0	1	1	1	3	0	2	1	1	0	1	3	1	2	0	0	0	0	0	0	1	2	1	3	1	1	0	2	2	2	1	1	4	1	1	1	1	1	3	3	1	1	0	0	1	1	0	2	0	2	0	0	0	0	0	3	6	1	4	4	3	8	6	10	22	13	2	13	21	21	16	4	9	4	6	0	1	3	1	0	2	3	6	4	4	2	3	2	3	9	23	8	9	7	4	6	6	14	3	7	7	6	9	6	2	2	4	4	7	1	2	5	2	2	3	3	4	3	4	8	3	11	10	13	6	3	8	2	3	5	3	1	5	5	5	3	2	5	9	2	1	1	2	4	0	0	1	0	1	0	0	1	1	0	5	0	2	3	4	0	0	0	1	1	0	1	0	2	0	4	2	0	2	2	2	4	1	4	3	1	1	2	0	5	4	2	0	0	0	1	3	1	0	3	2	6	4	0	1	1	0	2	0	0	1	1	1	0	0	0	0	0	0	1	0	1	3	0	0	2	5	4	8	14	33	31	28	51	69	38	0	38	27	8	7	3	14	7	2	6	5	1	3	2	0	1	2	2	0	0	2	0	1	0	0	0	0	0	0	0	0	0	0	0	0	0	0	0	0	0	0	1	0	0	1	0	1	1	1	0	0	0	0	0	0	1	1	0	0	0	0	1	0	0	0	0	0	0	0	0	0	0	0	1	0	0	1	0	0	0	0	0	0	0	0	0	0	0	0	0	0	0	0	0	0	1	0
0	0	0	0	0	0	0	0	0	1	1	0	0	0	1	0	0	0	0	0	0	0	0	0	0	1	1	1	0	0	0	0	0	0	0	0	0	0	0	0	1	0	0	0	1	0	0	1	1	0	0	1	1	0	2	2	0	0	1	0	0	1	0	0	1	0	0	0	0	1	0	0	1	1	1	0	0	0	2	1	2	0	0	1	0	3	1	0	1	1	2	2	2	0	1	4	3	2	1	0	2	1	5	3	0	1	1	1	3	1	0	0	0	1	1	0	0	0	0	0	0	2	1	0	0	0	0	1	0	0	0	1	0	0	0	0	0	0	0	1	0	3	1	2	0	0	1	0	1	0	0	1	0	1	0	0	0	0	0	0	1	0	1	0	0	0	1	0	1	0	0	2	1	1	2	0	1	0	0	0	0	1	2	0	2	2	0	2	1	2	0	0	0	2	1	1	1	0	0	0	0	0	1	1	0	1	0	1	2	0	0	1	1	2	1	0	3	2	6	5	2	5	5	3	2	3	11	3	6	11	16	6	12	8	6	7	2	4	3	0	0	0	1	1	4	3	4	1	2	1	3	8	9	5	7	0	4	1	2	8	7	7	3	12	12	5	6	5	6	2	5	2	3	2	3	3	4	7	0	5	4	3	3	2	3	0	4	3	7	6	2	0	2	1	4	4	3	4	2	7	5	0	0	1	1	0	1	0	1	1	2	2	2	2	1	0	1	2	4	1	0	2	0	0	0	1	0	1	1	0	0	1	5	6	3	2	4	5	4	6	4	5	0	5	1	0	1	0	5	1	1	0	1	2	5	2	7	4	3	3	1	2	1	0	0	0	1	0	0	1	0	0	0	0	2	1	0	0	0	0	1	4	4	2	14	28	18	33	39	30	18	10	38	0	52	9	14	9	10	14	7	1	3	2	2	1	2	3	2	1	1	1	0	0	1	0	0	0	0	0	0	1	0	0	1	0	0	0	0	0	1	1	0	0	1	1	0	1	1	0	0	1	0	0	0	0	1	0	2	0	0	0	0	0	1	0	1	0	0	0	0	0	1	0	0	0	0	0	1	0	0	1	1	0	1	0	0	0	0	0	1	0	0	0	1	1	0	2	0
0	0	0	0	0	0	0	1	0	0	0	1	0	1	0	0	1	0	1	0	0	0	1	0	0	2	0	0	0	1	1	0	0	0	1	0	0	0	0	0	0	0	0	0	0	0	2	0	2	1	2	1	1	1	0	0	0	0	0	1	1	1	1	0	0	1	1	1	0	0	1	1	1	0	0	1	0	0	0	0	1	1	1	0	1	1	1	0	2	0	1	1	4	2	1	2	0	0	1	1	0	1	1	0	2	4	1	1	2	0	1	0	1	1	2	1	0	2	0	0	0	0	1	1	0	0	0	0	1	0	2	0	0	1	1	0	0	0	0	2	4	0	3	0	0	0	0	1	1	0	0	2	0	1	0	0	0	0	2	1	1	0	2	2	1	1	0	1	0	2	0	0	1	1	0	0	0	0	0	0	0	1	1	1	0	1	1	0	0	1	1	1	2	3	0	2	1	1	0	2	1	2	0	0	1	0	0	0	0	0	1	1	0	1	0	0	1	1	4	2	1	3	4	1	3	3	1	4	0	2	4	1	12	2	4	2	2	3	1	1	0	1	2	3	1	0	1	1	0	3	2	4	9	11	6	5	1	1	2	13	11	8	4	14	13	17	7	3	11	5	6	1	3	4	6	1	7	0	2	7	6	4	2	5	4	5	7	0	2	0	4	3	0	3	0	3	4	1	3	1	7	2	1	1	0	2	4	1	2	1	0	0	1	1	0	1	1	0	1	0	0	1	1	0	2	1	0	3	1	1	1	1	2	0	1	1	2	0	2	2	3	4	3	1	4	2	0	1	4	0	2	1	1	2	0	1	4	2	3	2	3	3	1	1	0	1	1	0	0	0	0	2	2	1	0	1	1	0	0	1	3	3	4	3	6	15	19	59	38	27	10	6	27	52	0	24	33	16	8	17	4	6	3	4	1	5	3	1	2	0	3	1	1	0	0	1	0	1	0	0	0	0	0	0	0	1	0	0	0	0	1	0	1	0	0	0	2	1	2	0	0	1	1	0	0	1	2	1	2	1	0	0	0	0	0	1	0	0	0	0	0	1	0	1	0	0	0	0	0	0	1	0	0	0	0	0	0	0	0	0	0	0	0	0	0	1	0	1	0
0	0	0	0	0	0	0	0	0	1	0	0	0	0	2	0	0	0	0	0	0	1	0	0	1	0	0	0	0	0	1	0	0	1	1	0	0	0	0	0	0	0	1	0	0	0	0	0	2	1	0	1	1	1	1	1	0	2	0	0	1	0	0	0	0	2	0	0	0	1	0	0	0	1	2	0	2	0	1	0	1	0	2	0	1	1	1	2	1	1	1	0	0	1	2	1	0	0	1	0	0	1	1	0	1	0	1	2	0	0	1	0	1	0	2	0	1	0	0	1	1	0	0	0	0	1	1	0	1	0	0	0	0	0	0	1	0	0	0	0	0	1	1	0	0	0	0	2	0	2	0	0	0	0	1	0	0	0	0	0	0	1	0	0	0	0	0	1	0	0	0	0	2	0	0	0	0	0	0	1	1	0	0	0	0	0	1	0	1	0	2	1	0	1	1	0	1	0	1	0	0	0	0	0	1	0	1	0	0	1	0	0	0	2	1	0	3	1	0	0	1	2	4	3	4	2	3	1	1	3	2	2	4	0	1	0	2	0	2	0	4	1	1	2	0	0	3	3	1	0	3	5	9	8	5	3	7	1	3	17	15	8	20	40	75	38	18	49	20	5	8	2	2	0	1	3	4	3	2	3	3	1	3	2	4	4	1	1	2	2	4	1	0	0	0	0	1	0	1	1	2	1	0	0	0	2	0	0	0	0	0	0	0	0	1	0	0	1	3	1	2	0	0	0	1	0	0	1	0	1	0	1	1	0	1	0	3	4	1	1	1	1	3	2	0	1	1	0	1	1	2	0	1	1	3	4	0	5	2	0	1	1	1	1	2	0	1	1	2	0	1	1	1	0	3	0	1	0	0	0	0	2	2	4	3	1	0	16	9	15	8	6	8	9	24	0	26	16	9	7	7	1	7	2	1	0	3	3	3	0	0	2	1	1	2	0	0	0	0	0	0	1	0	1	0	0	0	0	2	0	1	1	0	0	0	0	0	0	0	0	0	0	0	0	2	0	0	0	2	1	0	1	0	0	0	0	0	0	0	0	0	0	1	0	1	1	0	0	0	0	1	1	0	2	0	1	0	0	0	0	0	0	0	1	0	1	0	0	1
0	0	0	0	0	0	0	0	1	1	0	0	0	0	1	1	0	0	0	1	1	0	0	0	0	1	1	0	0	0	0	0	1	0	0	0	1	0	0	0	0	0	1	0	0	1	0	0	0	0	0	0	0	1	1	0	0	1	0	0	0	2	0	0	2	1	2	1	1	0	1	0	1	4	0	0	0	0	0	0	1	1	0	3	0	0	0	2	1	2	0	1	1	0	1	0	2	1	1	1	1	1	0	0	0	0	0	2	1	0	1	1	0	0	0	2	0	0	0	0	0	0	0	1	0	1	0	0	0	0	2	1	0	0	1	0	0	0	0	0	2	0	1	0	1	0	0	0	1	0	0	0	0	0	2	0	0	0	0	0	0	2	0	0	0	1	1	1	1	0	0	0	0	1	1	1	1	0	1	1	0	0	1	0	0	3	0	0	2	0	1	3	0	0	2	2	2	0	2	0	0	1	0	0	0	0	0	0	1	0	0	0	0	0	1	1	0	1	3	3	1	1	2	2	0	3	2	5	1	4	1	5	4	5	2	1	2	0	0	0	1	2	2	1	5	0	2	1	2	2	1	2	10	17	6	3	2	1	4	19	8	10	6	18	14	8	8	9	22	11	11	2	4	3	2	6	4	3	5	7	3	7	5	5	3	1	3	0	1	4	2	3	0	0	2	1	0	1	3	3	0	1	1	0	2	0	0	1	0	0	0	0	0	0	1	1	1	0	0	0	2	0	1	1	0	2	0	1	0	0	1	0	0	2	1	1	3	1	1	1	1	3	1	2	3	3	4	1	1	0	2	3	3	1	3	0	4	2	3	2	0	1	1	0	0	0	0	0	2	0	0	1	1	0	0	1	0	0	0	0	1	1	4	4	6	7	7	22	8	6	5	3	7	14	33	26	0	130	21	25	10	11	3	4	2	1	5	0	4	2	0	0	0	0	2	1	1	1	1	0	0	0	0	0	0	0	0	0	0	0	0	0	0	0	0	0	0	0	2	2	0	1	0	0	0	0	1	1	0	0	0	1	0	1	0	0	1	0	0	0	0	1	0	0	0	0	0	0	1	1	0	0	0	0	1	0	0	0	0	1	0	0	1	1	1	0	0	0	0
0	0	0	0	0	0	0	0	0	0	0	1	0	0	0	1	0	0	0	1	0	0	0	0	1	1	1	0	0	1	0	1	0	0	0	0	0	0	0	1	0	1	1	0	0	1	0	0	0	0	0	0	1	0	0	0	2	0	0	0	1	0	0	0	0	0	0	0	0	0	1	0	0	0	1	0	0	1	0	0	2	0	0	0	2	1	0	3	2	1	0	1	0	0	1	1	0	1	2	1	1	1	3	2	1	0	0	1	0	0	1	0	1	0	0	0	1	0	0	0	0	0	0	0	1	1	0	1	2	2	0	0	0	0	0	0	0	1	0	0	0	1	0	0	1	0	1	0	0	1	1	0	1	1	0	1	0	0	0	0	0	0	0	0	1	0	0	0	0	0	1	0	0	0	2	0	0	1	0	0	1	0	1	0	1	0	0	2	2	0	0	1	0	1	0	0	0	0	0	0	0	0	1	0	1	0	3	0	0	0	0	1	1	0	0	1	1	3	1	0	2	0	1	1	2	1	4	5	2	0	3	3	3	5	3	2	3	0	1	2	0	2	3	3	1	2	2	1	1	1	1	6	5	11	12	2	2	2	4	19	10	4	5	12	10	4	5	6	9	10	11	10	5	5	2	1	9	7	5	13	8	5	3	3	4	3	4	1	1	2	1	1	1	1	1	3	1	1	0	4	2	4	2	2	1	0	1	1	0	1	0	1	1	2	2	1	0	2	1	1	1	1	0	0	0	1	0	1	1	2	1	3	1	3	1	0	0	2	3	2	2	4	2	6	3	3	2	2	2	0	2	2	4	5	2	2	4	3	6	1	1	2	2	2	2	3	0	3	1	1	1	0	1	1	1	2	1	0	0	0	1	2	4	4	2	14	15	22	4	7	6	4	3	9	16	16	130	0	50	49	14	4	3	1	1	1	7	1	1	1	2	2	1	3	0	1	0	0	0	0	1	0	1	0	0	0	0	0	1	0	0	0	0	0	0	1	0	0	1	1	2	2	1	0	0	0	0	1	2	2	0	1	1	1	0	0	0	0	1	0	0	1	0	0	0	1	1	0	0	0	0	1	0	0	0	0	0	0	2	0	0	0	1	1	1	0	1	1	0
0	0	0	0	0	0	0	0	0	0	0	0	0	0	0	1	1	0	1	0	1	1	0	0	1	0	0	1	0	1	1	0	1	0	0	0	0	0	0	0	0	0	0	0	0	0	1	0	0	2	1	0	1	2	0	0	1	0	2	0	0	1	1	0	0	1	0	0	0	0	0	0	0	0	0	0	0	0	0	0	1	1	0	1	2	0	1	1	1	0	1	1	1	0	1	1	2	0	2	0	2	4	3	2	0	0	0	1	2	1	0	2	0	1	0	1	1	1	0	0	0	0	0	0	0	0	1	1	3	0	0	0	1	0	0	0	1	1	0	0	0	0	2	1	2	2	2	0	0	0	0	0	1	0	1	0	1	1	0	0	0	0	0	1	0	1	0	0	0	0	0	1	0	1	0	1	0	0	0	0	1	0	0	0	2	0	4	1	3	1	0	0	1	2	1	4	0	0	1	0	3	1	1	2	1	2	1	2	0	0	2	0	1	1	1	2	0	0	0	1	2	2	3	1	0	5	2	6	2	4	2	4	11	7	6	4	1	4	4	4	3	3	4	5	4	2	2	2	0	1	3	4	7	10	5	2	1	3	4	14	6	1	6	8	7	5	4	4	6	11	7	11	5	4	3	3	9	8	6	22	13	7	5	6	3	4	2	4	1	6	3	1	1	0	0	0	2	1	3	4	3	1	0	3	0	1	1	0	0	1	1	1	1	0	1	1	0	2	1	3	0	0	2	0	0	0	0	0	2	2	3	4	2	1	5	4	2	1	2	1	3	2	3	2	0	4	3	0	5	4	3	0	3	6	5	4	5	14	1	0	1	1	2	3	1	3	1	1	1	1	0	4	1	3	1	0	2	1	1	2	2	0	8	5	12	33	21	33	4	9	2	3	14	10	8	9	21	50	0	1114	150	20	13	4	2	4	5	2	4	3	2	0	2	1	1	0	0	3	0	0	0	0	0	0	0	0	0	0	1	0	1	0	0	1	0	0	0	1	0	0	0	0	0	0	0	0	2	1	0	1	0	1	0	0	1	0	2	0	0	0	0	0	0	0	0	2	0	0	0	0	0	0	0	2	2	1	1	0	0	0	0	0	0	0	0	1	0	2	0
0	0	0	0	0	0	0	1	0	1	2	0	1	0	0	1	0	0	0	1	1	0	0	2	2	0	0	0	0	0	0	0	0	0	0	0	0	0	1	0	0	0	0	1	1	1	0	0	0	0	0	0	0	0	0	1	0	1	1	2	1	0	1	2	0	0	0	0	0	0	0	0	1	1	2	1	1	0	3	3	2	0	0	0	1	0	1	1	1	0	2	1	0	1	1	0	1	1	1	0	1	0	3	0	1	0	4	0	2	1	1	1	0	0	0	0	1	0	1	1	0	0	0	0	0	0	0	0	1	0	0	0	1	0	1	0	0	0	1	0	0	2	0	2	1	1	0	0	2	1	0	1	1	0	0	1	0	1	2	0	0	0	0	0	1	0	1	0	1	0	1	0	1	1	1	0	0	1	1	2	0	2	2	1	0	0	2	0	1	0	0	3	0	0	2	0	1	1	1	0	1	0	0	0	0	1	0	1	1	1	1	0	0	2	0	0	1	0	0	6	3	2	0	1	2	3	4	3	5	5	5	9	14	7	6	5	5	1	1	1	2	0	3	6	9	4	1	3	1	2	2	4	3	9	0	4	2	2	4	11	3	3	2	4	4	3	3	8	3	14	12	4	6	8	11	7	12	11	9	22	10	11	7	5	2	4	0	2	0	0	1	4	1	1	1	2	3	1	0	2	4	2	1	1	1	1	1	1	1	0	2	0	1	1	2	1	1	2	1	1	1	1	0	0	2	1	1	1	1	1	2	1	0	1	5	2	1	5	1	1	1	4	0	4	3	1	2	4	7	2	6	2	3	2	3	4	6	10	5	2	4	0	2	3	2	1	0	0	0	1	1	1	0	2	0	0	1	0	2	5	2	1	6	6	5	32	22	42	9	6	3	4	7	14	17	7	25	49	1114	0	133	18	9	10	5	3	2	4	0	0	2	1	0	0	0	0	0	0	0	1	0	1	1	1	0	0	2	0	0	0	0	0	0	1	0	1	0	1	0	0	0	0	0	2	0	0	0	0	0	1	1	0	1	0	1	0	0	0	1	0	0	0	0	0	0	0	0	1	0	1	0	1	0	1	0	0	0	2	1	0	1	0	0	2	1	0	1	1	3
0	0	0	0	0	0	0	1	0	1	0	0	0	1	0	0	0	0	2	1	1	0	0	0	0	0	1	1	1	0	0	0	1	0	0	0	0	0	0	0	0	0	0	0	0	0	0	0	2	0	0	0	1	0	0	0	1	0	0	0	0	0	1	0	0	0	0	1	1	0	1	0	0	1	0	0	0	1	0	1	2	0	1	0	0	0	0	1	0	2	0	1	2	0	1	0	0	1	0	1	0	2	0	0	1	1	1	0	1	0	2	0	0	0	1	1	0	0	1	0	1	1	0	1	0	1	0	0	0	0	0	1	0	0	1	0	1	0	1	1	0	2	0	0	0	0	0	0	0	0	1	0	0	0	2	0	0	1	1	2	1	0	0	1	1	0	0	0	1	0	0	0	0	0	0	0	1	0	0	2	0	0	0	0	0	2	0	0	0	2	1	1	3	0	0	0	0	0	0	1	2	0	1	0	0	1	0	0	0	1	0	0	0	0	0	1	2	3	0	1	1	0	3	1	2	1	1	5	3	3	9	5	11	12	5	13	6	5	1	1	2	2	1	4	3	3	4	0	2	1	6	4	6	9	8	0	1	3	3	7	3	2	3	3	4	3	3	0	6	9	9	11	12	4	9	5	22	13	10	54	28	8	9	3	3	5	1	2	3	4	3	1	2	2	3	4	2	0	1	4	4	3	1	7	1	3	0	1	0	0	0	1	3	0	2	0	0	0	3	1	0	0	0	1	0	0	1	1	0	0	2	2	1	2	3	1	1	2	2	2	3	1	3	1	7	4	3	7	6	1	4	8	3	3	6	8	12	20	12	4	4	3	4	3	0	3	0	0	1	2	1	1	0	0	1	1	0	1	1	2	1	3	6	9	10	18	15	17	3	1	5	1	2	7	4	7	10	14	150	133	0	42	13	10	4	5	4	1	3	2	4	2	1	0	0	0	1	1	0	0	0	1	0	0	1	0	1	0	1	0	0	0	0	0	0	2	2	1	1	0	1	1	0	1	0	2	0	1	1	1	1	1	1	1	0	1	1	0	0	0	0	0	0	1	0	1	0	1	0	1	1	0	0	1	1	1	1	0	0	0	1	0	0	0	2	0	0	0	0
0	0	0	0	0	0	0	0	0	1	1	0	0	1	0	0	2	0	1	1	1	0	0	1	0	0	0	0	0	0	0	0	0	0	0	0	0	0	1	1	0	0	1	0	0	0	1	0	1	0	0	0	1	0	0	2	1	0	0	2	0	0	0	1	0	0	0	0	1	0	0	0	0	1	2	0	0	0	0	1	1	0	0	0	0	1	1	0	1	1	0	1	0	0	0	0	1	0	1	4	1	1	1	0	3	1	2	3	1	0	0	0	0	0	0	0	0	0	0	0	2	2	1	0	0	0	0	1	0	2	1	0	1	1	2	0	0	1	4	1	0	0	3	0	1	1	0	0	0	0	0	0	1	2	1	0	0	0	1	0	0	0	0	0	1	2	0	0	2	0	0	0	0	2	0	0	0	1	0	0	2	0	1	0	0	3	0	0	1	1	1	1	0	0	2	1	0	2	2	0	1	0	1	0	1	1	1	1	2	0	0	0	1	0	2	2	2	0	2	5	2	3	0	1	1	0	2	1	2	5	7	3	7	15	7	9	9	3	2	1	4	5	2	2	8	0	1	3	2	0	2	4	1	4	1	0	1	1	2	4	2	4	0	4	1	0	1	0	1	3	5	13	7	9	13	11	22	23	16	27	14	2	4	1	4	4	2	3	2	0	1	0	0	0	2	2	0	2	2	3	2	3	5	0	2	0	2	1	0	0	2	1	2	1	0	3	0	0	3	3	2	0	0	3	2	3	0	1	3	1	0	4	0	4	1	2	3	2	2	1	3	1	1	2	5	6	6	5	10	6	4	4	12	11	10	6	13	15	16	4	3	3	3	2	3	3	0	0	0	2	3	1	3	0	2	1	0	0	4	4	5	5	6	2	14	11	9	3	5	3	2	1	6	1	6	1	11	4	20	18	42	0	96	31	10	6	12	10	6	4	1	4	3	1	0	0	2	1	0	0	0	1	0	0	1	2	0	0	0	0	0	2	1	0	0	0	0	1	0	1	1	1	1	1	0	0	0	0	1	0	0	1	0	0	0	1	0	1	0	0	0	0	0	0	0	0	1	0	1	1	0	1	0	0	1	2	0	0	0	0	0	0	0	1	2	0	1	1	0
0	0	0	0	0	0	0	0	0	0	0	0	0	1	0	0	0	0	1	0	0	0	1	0	0	0	1	1	0	0	0	0	0	0	0	0	1	0	2	0	0	0	0	0	0	1	0	0	0	0	0	0	0	1	0	0	1	1	0	0	1	0	0	0	0	1	0	1	0	0	0	0	0	0	2	2	0	0	0	0	0	1	0	1	1	3	1	1	2	1	2	1	0	2	0	1	0	0	1	1	0	0	1	1	2	1	0	0	0	1	0	1	0	1	0	1	2	1	1	0	2	1	0	2	2	1	1	1	0	0	0	0	0	0	4	0	0	1	0	0	2	2	2	3	1	0	1	0	1	0	1	3	0	1	0	2	0	0	1	0	0	0	0	2	0	1	2	0	0	0	2	0	1	0	1	1	1	1	0	0	0	0	0	1	1	2	1	1	2	2	2	1	2	3	3	2	0	1	0	0	1	1	0	2	1	1	2	0	0	0	0	0	0	0	0	1	0	1	2	1	2	2	1	2	1	1	3	3	2	8	4	5	5	9	12	14	13	3	6	2	2	8	7	3	9	2	0	3	4	3	5	2	1	3	3	4	0	2	2	2	0	2	1	0	0	4	3	0	1	3	4	5	5	13	5	8	12	22	15	10	15	14	7	1	2	3	2	3	1	1	1	0	2	0	1	0	3	1	2	4	7	1	2	2	3	0	1	1	2	1	0	0	2	1	1	2	2	4	4	4	1	0	0	1	3	0	0	2	0	2	1	2	1	2	1	2	2	1	0	3	1	2	2	2	5	5	0	1	0	6	7	10	22	33	17	6	10	29	24	5	2	5	3	2	6	3	5	5	4	3	2	2	0	1	0	1	1	0	8	4	4	6	12	11	10	18	11	6	1	1	3	4	5	3	3	7	3	3	13	9	13	96	0	25	12	14	9	7	9	5	2	1	2	1	1	1	1	0	0	0	0	0	0	0	0	0	1	0	0	1	0	0	0	0	1	2	2	1	0	3	0	0	1	1	0	0	0	1	0	0	2	1	2	0	0	1	0	0	0	0	0	0	0	2	1	0	1	0	0	0	1	0	1	0	1	0	1	0	1	0	0	0	0	1	1	0	0	0	0
0	0	0	0	0	0	0	0	0	0	1	0	1	0	0	1	0	0	0	1	0	0	0	0	1	0	0	0	0	0	1	0	0	0	0	0	0	0	0	0	0	0	0	0	0	0	0	1	0	1	0	0	1	1	1	0	1	0	1	0	0	0	1	0	0	1	0	0	0	0	0	0	0	0	1	2	0	1	1	0	0	1	0	2	1	0	0	1	0	1	1	1	0	0	2	0	1	2	1	1	2	1	0	0	1	0	0	2	0	2	0	0	1	0	0	2	0	0	0	1	0	0	0	1	0	0	0	1	1	1	1	1	0	0	0	0	0	1	0	2	1	0	0	0	0	0	2	0	1	1	0	0	1	1	1	1	0	0	1	1	0	0	3	0	1	1	1	0	0	2	0	1	0	1	1	1	1	2	0	1	0	0	2	0	1	2	4	0	0	1	1	3	2	1	2	1	1	1	1	1	2	0	0	0	1	0	0	0	1	1	0	0	1	0	2	0	0	0	2	3	2	1	3	0	1	2	0	2	2	1	3	2	4	6	6	9	5	2	1	3	1	5	2	2	3	0	3	2	1	2	4	4	6	3	0	0	0	0	1	2	3	0	0	2	1	3	2	1	2	5	3	5	2	6	10	2	10	3	12	2	8	3	1	2	1	1	0	0	0	0	1	2	0	1	1	1	1	3	2	2	5	2	1	0	1	1	2	1	2	0	0	2	2	1	1	1	1	2	2	2	1	2	1	0	2	3	2	4	0	2	7	8	2	1	1	1	4	3	0	4	1	4	2	8	3	2	5	5	12	11	14	13	18	15	5	7	5	4	9	4	3	3	5	9	2	3	3	4	2	2	0	0	0	2	2	1	1	3	2	2	6	9	19	6	17	1	1	4	0	1	2	2	1	2	4	2	4	1	4	10	10	31	25	0	27	65	24	13	14	4	5	5	1	1	1	1	1	0	0	1	0	0	0	0	0	1	0	0	2	0	0	0	0	0	0	1	5	2	1	1	1	0	0	0	0	1	0	0	2	1	2	2	1	1	1	0	0	0	1	0	0	0	0	2	0	1	0	1	0	0	0	0	1	1	2	1	1	0	0	0	1	2	2	0	0	0	1	2	0
0	0	0	0	0	0	0	0	0	0	0	1	1	1	0	0	0	1	0	0	0	1	2	0	0	0	0	0	0	0	1	0	1	0	0	1	0	1	0	1	0	0	0	0	0	0	0	0	0	1	0	0	0	2	0	1	0	0	0	0	0	0	0	0	0	0	0	1	0	0	0	0	1	0	0	1	1	0	1	0	0	0	0	1	0	0	0	1	1	2	0	1	0	1	0	1	0	1	0	1	1	1	0	0	0	1	1	2	0	0	0	0	0	2	0	0	1	0	0	0	0	1	0	0	0	0	0	1	2	1	0	1	0	0	2	0	2	1	1	2	1	1	0	1	1	0	1	1	0	0	1	1	1	0	2	0	0	0	1	0	0	0	0	0	1	0	0	0	1	0	1	1	1	0	0	0	1	1	0	0	0	1	4	0	2	0	1	1	1	1	0	0	1	0	0	1	0	0	0	0	0	0	0	2	0	2	0	1	0	1	1	1	0	0	2	3	2	1	1	2	3	1	0	0	2	1	0	2	1	1	3	1	0	2	5	1	3	2	1	4	4	2	2	2	6	2	2	3	1	1	1	1	2	2	0	0	0	0	0	0	3	2	0	0	0	1	0	1	2	3	1	5	1	7	4	2	6	3	3	5	2	1	1	3	0	1	1	1	0	0	3	0	0	1	0	0	0	0	3	3	2	3	2	5	0	1	3	1	0	1	1	0	1	7	0	1	1	4	5	6	4	3	2	2	2	4	3	2	6	1	8	3	4	5	3	0	3	0	3	1	2	5	0	4	7	7	3	1	5	21	24	17	19	14	7	3	8	4	12	4	3	7	10	11	5	6	5	5	4	3	5	1	0	3	0	5	1	1	9	12	22	19	17	6	6	3	3	2	0	1	0	2	3	2	1	1	2	1	2	5	4	10	12	27	0	63	9	7	22	7	7	11	5	3	0	1	1	2	1	1	0	0	0	1	1	0	1	1	0	2	0	1	2	0	0	0	0	0	3	1	0	1	2	0	0	0	0	1	4	1	2	2	0	2	0	2	0	1	2	0	0	0	1	0	0	3	4	4	0	5	0	2	2	2	0	1	0	0	0	0	1	0	0	1	0	0	0	1	1
0	0	0	0	0	0	0	1	1	0	0	1	1	1	0	0	1	0	0	0	0	0	0	2	0	0	1	2	0	0	0	1	0	0	0	1	0	0	0	0	0	0	1	0	0	0	0	0	1	1	0	0	1	3	0	0	0	0	0	0	0	1	1	0	0	0	1	1	0	0	1	0	0	0	0	1	0	0	0	1	0	0	0	0	1	0	0	2	0	0	0	0	0	2	1	0	0	0	0	1	0	2	0	0	3	0	1	0	0	1	1	1	0	2	1	0	1	0	0	0	0	0	0	1	0	0	0	0	0	2	2	0	0	0	0	0	2	0	1	1	2	0	4	3	0	0	1	0	0	0	0	1	1	0	1	0	0	0	2	0	1	0	0	0	1	2	0	0	1	1	1	0	0	0	1	0	0	1	2	0	1	0	0	2	0	3	0	1	1	2	0	1	0	0	1	0	0	0	0	0	0	0	3	0	1	0	0	0	0	0	0	0	0	0	1	1	0	0	0	5	2	0	1	0	0	0	1	1	1	3	4	1	1	2	2	5	5	1	1	1	4	3	3	0	2	0	0	1	1	1	2	3	3	2	0	0	0	2	3	1	1	1	1	0	1	1	0	0	0	2	5	6	5	4	13	9	3	2	5	1	0	1	2	1	0	1	1	1	0	0	0	1	0	1	0	2	1	2	2	0	7	5	1	3	0	0	4	2	0	2	2	2	0	1	0	0	1	5	2	0	7	1	1	3	3	2	2	3	1	4	1	4	3	5	0	2	0	0	0	0	3	2	6	2	5	6	3	11	14	25	15	20	16	10	9	3	4	6	2	4	1	3	4	9	1	2	2	5	2	2	3	0	1	2	1	1	1	3	2	3	7	7	10	5	6	8	4	1	1	0	3	1	2	1	5	0	1	1	4	3	5	6	14	65	63	0	41	11	39	7	14	7	3	0	2	0	0	2	2	0	0	1	2	1	0	1	0	3	0	0	0	0	0	1	2	0	2	1	4	1	1	0	0	3	0	1	2	1	4	1	0	2	1	1	0	0	2	0	0	1	1	0	2	1	0	0	0	1	0	0	1	1	2	1	0	0	0	0	1	0	1	0	1	0	2	0	0	0	0
0	0	0	0	0	0	0	0	0	0	0	0	0	0	0	0	0	0	2	0	0	0	0	0	0	0	0	0	1	0	0	0	0	0	0	0	0	1	0	0	0	1	0	1	2	0	0	0	0	0	0	1	1	0	0	0	1	0	0	3	0	0	1	0	0	0	0	1	0	0	1	1	0	0	0	0	1	0	0	0	0	0	0	2	0	1	2	0	1	1	0	0	1	0	0	0	0	2	0	0	0	1	1	0	0	0	0	0	0	0	0	1	0	0	0	1	1	0	0	1	0	0	0	0	1	0	0	0	1	1	0	1	0	0	1	0	3	0	1	3	0	1	2	0	0	0	1	0	0	0	1	0	1	0	0	0	0	0	1	1	0	0	0	0	0	0	0	0	0	1	1	0	0	0	0	0	0	0	0	1	1	0	1	0	0	1	0	1	1	2	0	0	0	0	2	0	0	0	0	0	2	0	0	2	0	0	1	0	0	0	0	1	0	0	1	1	2	1	1	3	0	2	1	2	0	0	1	1	0	1	1	0	4	2	7	6	2	3	2	3	2	0	3	1	1	2	2	1	2	2	1	2	1	1	1	2	1	2	0	2	2	0	0	2	1	2	0	1	0	4	8	12	5	7	45	12	5	4	6	0	5	1	2	1	2	1	2	1	1	0	0	0	0	1	1	1	2	1	3	0	5	0	0	1	0	0	2	0	0	1	0	1	0	3	1	4	2	2	2	0	2	1	2	1	3	0	1	4	0	1	5	2	4	0	2	0	2	2	3	2	2	2	3	4	7	11	3	7	21	25	26	29	18	11	5	5	8	4	2	5	5	1	5	2	7	4	0	2	1	5	3	1	2	2	1	1	1	3	2	2	9	6	1	4	2	3	1	5	3	2	3	2	0	2	3	3	5	7	5	2	4	12	9	24	9	41	0	63	27	11	6	1	0	0	0	0	1	1	2	1	1	1	0	0	0	0	0	0	1	0	0	1	0	0	1	1	0	0	0	3	0	0	0	1	0	1	2	1	2	1	2	2	1	0	1	2	0	0	0	0	0	0	0	1	0	0	1	0	0	0	1	0	1	1	0	0	0	0	0	2	0	0	1	1	0	1	1	0	0
0	0	0	0	0	0	0	0	0	0	0	0	0	0	1	0	0	0	0	0	1	0	1	0	1	0	1	0	1	1	0	1	0	0	0	0	0	1	1	1	0	0	0	0	0	0	0	0	1	0	1	0	1	1	0	1	0	0	0	0	1	0	0	1	0	0	0	0	1	1	0	0	0	0	1	0	0	0	1	0	1	0	0	1	0	0	1	0	0	1	0	0	0	1	1	0	0	0	1	0	0	0	0	0	1	0	1	0	1	2	0	0	0	1	0	0	1	1	2	0	0	0	1	0	0	1	1	1	0	0	1	0	0	0	0	1	0	0	3	0	2	0	3	1	0	1	0	0	0	0	0	0	0	0	0	1	0	0	0	0	1	0	0	0	0	0	0	0	0	0	0	2	2	0	0	1	0	0	0	0	1	0	1	0	0	0	1	1	1	0	1	1	1	0	0	0	1	1	0	0	1	0	0	0	0	0	0	1	2	1	0	1	0	0	0	2	2	1	0	0	3	3	0	0	1	1	1	3	1	0	2	0	1	1	3	3	1	1	0	3	2	2	0	0	1	2	1	1	0	1	1	2	3	3	1	0	2	1	2	4	1	0	0	2	0	0	0	3	1	2	3	14	11	5	33	8	9	2	2	4	5	1	2	1	2	0	0	2	0	0	0	0	1	0	0	1	0	2	1	1	0	1	4	1	2	0	1	1	0	0	0	1	1	0	0	2	2	1	2	1	0	1	1	1	1	0	0	3	2	2	4	3	1	1	1	4	1	0	2	1	2	2	3	4	5	7	12	23	40	8	9	8	10	5	1	3	2	2	5	3	0	2	4	0	4	2	4	1	1	0	2	1	0	1	0	0	0	0	2	1	7	4	3	4	1	2	0	5	0	0	5	0	1	3	1	3	0	1	2	4	1	10	7	13	7	11	63	0	31	7	6	5	0	1	1	1	0	1	0	0	0	0	0	0	0	1	0	1	0	0	0	0	0	1	0	0	1	1	1	0	2	1	0	1	2	0	1	2	3	0	1	1	0	0	0	0	0	1	1	0	0	0	0	0	1	0	1	1	1	2	0	0	1	2	0	0	0	0	1	1	0	0	0	0	0	1	0	0	1
0	0	0	0	0	0	0	0	1	0	0	0	0	1	0	0	1	0	0	0	1	0	2	2	1	1	2	2	0	0	0	0	0	1	0	0	1	0	0	0	0	0	0	0	0	1	0	1	0	0	1	1	1	0	1	0	2	0	0	2	0	0	0	0	0	0	0	0	0	1	0	0	0	0	0	0	2	1	0	1	0	0	0	0	1	0	1	0	0	3	0	0	0	0	2	1	1	1	0	0	0	2	0	1	0	1	2	0	2	2	0	1	0	1	0	1	0	0	1	0	1	0	0	0	0	0	0	1	2	0	0	0	0	2	2	2	0	0	2	1	1	0	0	3	1	1	0	0	0	0	1	0	1	2	0	0	0	0	0	1	0	0	0	1	1	0	1	0	0	1	2	0	0	0	0	1	0	0	0	1	0	1	1	1	0	1	1	3	0	0	1	2	0	1	1	1	2	0	1	1	0	0	0	0	0	1	0	1	0	0	0	1	1	2	1	1	1	0	3	2	2	0	0	2	1	2	0	1	2	1	0	1	0	2	1	5	2	3	2	4	2	1	1	1	0	1	0	2	1	2	2	0	0	0	0	3	0	0	3	2	0	0	0	0	5	2	2	0	0	2	1	7	4	4	9	3	0	3	2	2	2	1	0	0	0	2	0	1	1	1	0	0	1	1	1	0	1	0	1	2	1	0	2	4	1	0	0	0	2	0	1	0	1	1	1	3	1	1	0	1	2	0	0	5	4	3	1	8	8	4	9	0	6	5	0	3	0	2	1	3	1	2	3	3	9	7	4	19	7	107	23	17	13	7	4	3	4	0	5	2	3	5	6	6	3	5	4	1	3	2	2	0	2	0	0	1	4	2	1	2	3	1	3	1	5	3	5	1	0	1	1	2	2	2	2	3	4	1	4	0	3	6	9	14	22	39	27	31	0	22	14	7	3	5	3	0	3	0	1	2	0	1	1	0	1	0	0	0	2	0	0	0	0	0	0	0	2	5	0	1	1	0	0	0	1	1	0	4	2	2	2	2	2	1	0	0	1	1	1	1	0	0	0	1	1	1	0	0	1	0	0	1	0	2	2	1	0	1	1	1	0	0	0	0	2	1	0	0	2
0	0	0	0	0	0	0	0	0	0	0	0	0	0	0	0	0	0	1	1	1	0	1	1	0	1	0	1	0	0	0	1	1	0	1	0	0	0	1	0	0	0	1	0	1	0	0	0	0	1	0	1	1	1	1	0	2	1	0	1	0	0	0	0	0	0	0	1	0	2	0	0	1	1	3	2	1	0	0	1	0	0	0	1	0	0	0	1	0	1	0	0	0	1	1	0	0	2	1	0	0	1	0	0	0	0	0	1	1	1	1	0	0	0	0	0	0	0	1	0	0	0	1	1	1	0	0	0	0	0	0	1	0	0	1	1	1	0	1	2	2	0	0	0	1	0	0	1	1	0	0	0	0	0	1	0	0	0	0	0	0	0	3	0	0	1	1	1	2	1	0	0	0	2	1	2	1	0	0	0	0	0	1	0	0	1	1	0	0	1	1	1	1	1	0	1	0	1	0	0	0	1	0	0	0	0	0	0	0	0	0	0	0	0	0	1	1	1	0	0	1	0	2	2	2	2	0	0	1	0	2	0	1	2	4	2	2	0	2	1	0	0	2	2	1	0	0	1	1	1	3	0	0	2	2	0	1	0	1	0	0	1	1	2	1	2	1	1	2	0	2	6	2	5	10	2	2	2	2	0	1	0	2	0	1	1	0	0	0	0	0	0	0	1	1	0	0	0	1	1	2	0	0	1	2	0	0	0	0	1	0	2	1	0	0	1	1	1	0	2	2	2	0	2	2	5	2	4	5	8	2	8	1	3	5	1	0	2	2	3	2	3	7	6	9	4	7	20	11	15	7	1	2	1	1	2	1	4	2	2	1	3	8	2	3	5	3	4	1	2	1	0	1	3	2	2	1	1	1	3	2	4	3	7	3	5	1	0	0	0	0	1	2	1	0	0	2	1	3	0	2	4	5	4	7	7	11	7	22	0	59	10	10	1	1	2	0	0	0	1	0	1	1	0	1	0	1	1	1	0	0	1	0	2	0	3	0	4	3	4	2	0	1	0	0	2	1	5	8	3	4	2	2	0	1	2	2	0	0	0	1	0	0	0	0	0	0	1	0	1	1	0	1	3	3	0	0	2	1	1	1	2	1	0	2	0	2	0	4
0	0	0	0	0	0	0	1	1	0	0	0	0	0	0	0	0	0	0	0	1	0	0	0	0	0	0	0	1	0	0	0	0	1	2	0	0	0	2	0	0	1	1	0	0	0	0	0	0	0	1	0	3	0	0	0	0	2	0	1	0	0	1	0	0	0	0	0	0	0	0	1	2	1	0	0	1	0	0	0	0	0	0	0	1	0	1	0	0	1	1	0	0	0	2	0	1	1	1	0	1	2	0	0	1	0	0	0	0	0	2	1	1	0	0	0	0	0	0	0	0	1	0	0	0	2	0	0	0	0	0	0	0	2	1	2	1	1	2	4	0	2	2	1	0	0	0	0	0	2	1	0	1	0	1	0	0	0	0	0	1	1	0	1	0	0	1	0	0	0	0	1	1	0	1	0	1	0	1	1	1	0	0	0	1	0	2	1	1	1	0	0	0	1	2	1	1	1	0	1	0	1	0	0	0	0	0	0	0	0	0	1	2	0	1	0	4	2	1	3	2	2	1	3	0	0	2	0	2	4	1	0	0	3	2	3	1	4	1	1	3	2	0	1	2	0	0	0	2	3	1	0	1	2	1	1	0	0	2	0	0	0	0	1	0	0	1	1	0	1	1	1	0	2	2	1	1	1	4	2	2	1	0	0	1	0	1	0	0	2	1	0	0	0	0	0	1	1	2	0	4	0	0	0	0	0	2	0	1	0	1	1	0	2	0	2	3	2	3	2	3	1	1	2	2	8	3	4	10	13	14	13	10	2	1	3	4	0	3	5	2	2	4	2	4	4	3	8	4	31	12	1	4	2	5	1	3	1	4	3	2	2	4	2	5	2	1	3	2	3	2	2	0	0	2	1	0	2	2	5	6	2	1	2	4	0	0	1	1	0	0	1	0	1	3	0	0	2	2	2	4	1	2	5	7	14	6	6	14	59	0	19	10	1	4	1	1	1	0	0	0	0	1	1	0	4	1	0	0	1	0	1	4	0	1	2	1	4	4	1	1	2	0	0	3	2	4	6	9	2	4	2	1	0	3	1	1	0	1	0	0	1	1	2	0	2	2	0	2	1	0	3	1	2	1	1	1	0	0	2	0	0	3	0	1	1	0	0	3
0	0	0	0	0	0	0	0	0	0	0	0	1	0	0	0	0	2	0	0	0	0	1	0	0	1	0	0	0	1	2	0	1	0	0	0	0	0	0	0	0	1	2	0	0	0	0	2	1	0	1	0	0	0	0	1	2	0	0	0	0	0	0	0	0	0	0	1	0	2	0	1	1	1	0	0	0	0	2	0	0	0	1	1	2	0	0	1	0	0	1	0	0	1	0	0	1	0	2	1	1	1	0	1	0	0	1	1	0	0	1	0	0	0	1	0	0	0	0	0	0	1	0	0	1	0	0	1	0	1	2	0	0	0	1	2	1	1	2	1	2	2	1	0	0	1	0	1	0	0	0	1	0	1	1	1	1	0	0	0	0	0	0	0	2	0	3	0	0	0	0	1	1	0	1	0	1	0	1	0	0	0	0	0	0	2	1	1	1	1	0	0	0	1	2	0	0	0	0	0	3	1	0	0	1	0	0	0	0	0	0	0	1	2	0	0	0	0	1	2	0	0	2	0	0	0	0	1	0	0	1	0	3	0	2	1	5	0	0	2	2	0	0	0	1	0	3	1	1	0	0	0	0	1	1	0	1	0	1	1	1	0	0	0	0	1	0	1	2	1	2	2	3	2	3	0	1	2	2	2	0	2	2	0	3	1	0	1	0	1	0	0	1	0	1	0	0	2	0	0	0	0	1	0	1	0	0	0	1	2	0	1	2	1	3	2	1	5	4	3	7	4	2	4	4	12	12	19	62	21	14	15	5	5	4	3	2	2	2	0	1	3	1	2	4	0	4	4	3	17	7	4	3	1	2	2	0	1	3	4	3	5	7	3	3	3	1	4	4	5	6	0	3	3	2	2	1	3	5	7	5	3	4	3	2	2	1	2	1	0	1	2	0	1	1	2	0	2	0	1	2	4	1	5	11	7	1	5	7	10	19	0	18	7	5	4	4	1	0	2	1	0	2	1	0	1	3	1	2	0	2	4	3	0	3	4	8	7	8	3	4	2	1	0	1	3	3	8	15	2	2	3	1	0	0	4	0	0	1	0	0	1	1	2	2	3	3	2	1	2	2	7	1	4	4	1	0	0	2	0	0	1	0	1	1	1	1	2	1
0	0	0	0	0	0	0	0	0	1	0	0	0	2	1	1	0	1	0	0	0	0	0	1	1	0	0	1	2	0	1	0	0	0	0	0	1	0	0	1	0	0	0	0	0	0	1	0	0	1	0	0	1	0	2	0	0	1	0	0	0	0	0	1	0	0	1	1	0	0	0	0	0	1	0	0	0	2	0	0	0	0	1	0	0	0	0	1	0	1	0	0	0	0	0	0	0	0	0	1	0	0	1	1	2	0	0	0	1	0	0	0	1	1	2	0	0	0	1	0	0	2	1	0	0	0	0	0	1	2	0	2	0	1	1	0	2	0	2	1	1	1	1	0	0	0	1	0	0	0	1	0	1	1	2	0	0	0	0	0	1	0	0	0	0	1	1	0	0	0	3	0	2	0	3	0	0	0	1	0	1	1	1	2	0	2	0	0	0	1	0	0	0	0	2	0	0	1	0	0	1	1	0	0	0	0	0	1	0	0	1	0	0	0	0	0	2	1	0	1	1	1	0	0	0	2	0	0	0	2	0	0	2	0	1	1	1	1	0	0	0	0	0	1	0	1	0	0	0	0	2	0	1	3	0	0	0	0	0	1	0	0	0	0	0	1	0	1	0	1	2	1	0	2	1	1	2	1	0	0	0	0	2	0	0	0	1	1	0	0	0	1	0	0	0	1	1	1	1	2	1	2	3	1	0	2	1	0	0	0	0	2	3	1	1	0	1	0	1	5	8	13	8	12	13	19	33	82	22	30	10	9	1	3	2	2	1	0	3	1	2	2	2	0	1	1	1	1	0	0	4	3	1	2	0	7	2	1	5	2	2	3	4	1	4	3	3	4	5	6	5	3	0	8	3	1	2	3	4	6	2	7	0	2	4	0	1	1	2	1	1	0	2	0	1	1	0	1	2	0	1	3	2	1	5	3	0	0	3	10	10	18	0	50	12	8	3	3	4	1	2	2	4	3	2	2	0	0	0	1	1	0	3	3	1	8	17	15	11	9	4	0	4	1	2	2	7	6	18	8	11	4	2	3	0	5	0	1	0	0	2	1	2	1	4	3	5	3	2	6	3	10	4	5	1	1	0	1	2	1	1	0	0	0	2	2	2	1	4
0	0	0	0	0	0	0	0	0	0	2	0	0	1	0	0	0	0	1	0	1	0	1	0	1	1	0	1	1	1	1	1	0	0	0	1	1	0	0	0	0	0	0	1	1	1	0	0	0	0	1	2	1	1	0	0	0	0	0	0	0	1	0	1	0	0	1	0	0	0	0	0	0	1	0	0	0	0	0	0	1	0	0	0	0	0	1	0	0	1	0	0	0	0	0	2	0	0	1	1	0	1	0	0	0	1	1	1	0	0	1	1	1	0	0	0	0	0	0	1	1	1	0	1	0	2	0	1	0	0	2	2	0	0	1	0	0	0	2	2	0	1	0	0	1	0	1	0	1	0	1	2	2	0	0	0	0	0	1	0	0	0	1	0	0	0	0	0	1	1	0	1	0	0	0	0	0	1	0	0	0	1	1	0	2	0	0	1	3	1	0	0	1	1	0	2	0	1	0	1	1	0	0	0	0	0	0	0	0	0	1	0	1	1	0	2	0	2	1	0	1	0	1	0	0	0	1	1	4	0	0	2	0	0	1	0	3	1	1	0	2	3	1	3	0	0	0	3	0	1	0	1	0	1	1	0	0	0	0	0	1	0	0	0	0	0	1	0	1	0	1	1	0	2	2	1	1	1	0	1	2	2	1	1	1	1	2	0	0	0	0	1	0	1	1	0	0	0	1	2	0	0	0	1	2	1	1	1	0	1	0	0	3	2	1	4	1	4	4	9	2	25	21	31	14	27	41	40	10	11	6	1	4	3	4	0	0	1	0	0	3	1	2	0	0	0	2	0	2	3	1	1	1	2	1	0	0	2	1	3	0	0	1	2	1	4	3	9	13	5	5	4	2	3	7	2	2	8	2	7	2	3	2	0	1	0	0	1	2	1	0	0	0	0	0	1	0	3	1	0	0	1	1	1	3	0	0	1	5	1	1	7	50	0	26	10	7	4	2	4	3	7	2	5	2	4	1	0	1	2	0	2	1	2	6	15	21	20	10	6	2	3	0	3	3	3	8	8	9	3	5	12	4	2	3	5	5	1	1	0	1	1	3	5	5	6	3	5	4	6	3	10	8	8	4	2	2	2	1	0	2	0	1	4	2	1	2	2	12
0	0	0	0	0	0	0	0	0	0	1	2	0	0	0	1	1	1	0	1	0	0	1	0	0	1	1	0	0	1	0	0	1	0	0	0	0	0	0	0	0	1	1	0	1	0	0	0	1	0	1	0	0	0	0	0	0	0	0	0	1	0	0	1	1	0	0	0	0	0	1	0	1	1	1	0	0	1	0	1	0	0	0	0	0	0	0	0	0	0	0	0	0	1	0	0	0	0	0	0	0	0	2	1	0	0	0	0	0	0	0	0	0	0	0	0	0	0	1	0	1	1	1	0	0	0	1	0	0	1	0	0	0	1	2	0	0	2	0	3	2	0	0	0	0	1	1	2	0	0	0	1	0	1	0	0	0	0	1	0	0	1	1	0	0	0	1	0	0	0	1	1	0	0	1	0	1	0	0	1	2	0	0	0	0	1	0	0	0	0	0	0	0	0	0	0	0	0	0	0	1	0	0	0	0	1	1	0	0	0	0	0	1	0	1	0	0	0	0	5	0	0	0	0	2	1	1	0	0	0	1	0	2	1	0	0	2	1	0	0	1	4	0	1	0	2	1	0	1	0	0	0	0	0	0	0	0	0	0	1	0	0	0	0	3	2	0	0	0	0	0	1	1	0	1	0	1	0	0	0	0	1	0	0	0	0	0	0	0	0	1	1	0	0	1	1	0	0	0	0	1	1	2	1	1	1	0	0	0	0	0	1	1	2	1	0	0	0	1	5	4	7	24	7	4	9	15	11	9	0	3	1	1	2	1	0	0	1	1	1	0	1	1	0	0	1	1	1	1	0	3	1	1	0	1	2	2	0	0	0	0	2	3	1	0	2	2	1	2	4	5	3	3	0	2	5	1	1	2	3	1	1	3	2	0	0	0	0	0	0	0	1	1	1	0	2	2	0	1	0	0	0	1	1	0	2	0	1	3	1	4	5	12	26	0	32	12	7	3	2	4	15	5	3	4	5	3	1	4	0	2	3	0	2	11	64	34	16	11	9	3	3	8	11	4	7	16	3	6	3	8	8	5	5	1	2	6	5	2	2	1	4	4	8	15	11	12	8	8	25	12	31	31	77	9	4	2	1	1	0	2	1	1	0	4	2	4	9	45
0	0	0	0	0	0	0	0	0	2	0	0	0	0	1	0	0	0	1	0	1	0	2	1	2	0	1	1	0	2	0	0	0	0	0	0	0	0	0	0	0	2	0	0	1	0	1	0	1	2	1	0	2	1	0	0	0	1	0	0	1	0	1	0	0	0	0	0	0	0	0	1	0	0	0	0	0	0	0	0	0	0	0	0	0	0	0	0	0	2	0	0	0	0	0	0	0	0	1	0	0	0	0	0	0	0	0	0	0	0	0	0	0	0	1	0	0	0	0	0	0	0	1	0	0	0	1	1	1	0	0	0	0	0	0	0	0	0	1	6	0	2	0	1	0	1	0	0	1	1	0	0	0	0	0	0	0	0	1	1	0	0	0	0	0	0	0	0	1	0	0	1	1	0	0	1	1	1	0	1	1	1	2	0	0	1	0	0	0	2	0	0	0	0	1	1	0	0	0	0	0	0	0	1	0	0	0	0	0	0	1	0	0	0	0	1	0	0	0	0	0	0	0	0	2	0	0	1	0	3	1	0	0	0	1	0	0	0	0	0	0	0	0	0	0	0	0	1	1	1	1	1	0	0	0	0	1	1	0	1	1	0	0	0	0	0	0	0	1	0	0	0	0	0	0	1	0	1	0	0	1	1	0	0	0	0	0	0	0	0	1	1	0	0	0	0	0	0	0	1	2	0	0	0	0	0	0	1	0	1	3	3	2	1	2	2	0	0	0	0	1	3	6	2	2	7	3	3	4	1	2	0	1	2	1	0	3	0	1	0	0	1	0	0	2	1	0	1	3	0	1	2	0	0	2	1	2	0	0	1	1	0	2	0	1	1	2	3	5	0	1	1	1	1	1	1	0	3	2	1	1	0	0	0	1	1	0	0	0	0	0	0	0	0	1	0	1	1	0	0	0	0	1	1	1	0	0	1	0	2	1	4	8	10	32	0	107	14	11	10	12	20	5	6	5	3	3	1	5	0	3	9	7	15	127	44	17	6	5	14	11	10	18	18	7	13	17	6	3	6	8	5	9	4	9	14	12	2	4	7	1	6	17	26	12	9	4	4	9	14	8	8	20	57	48	9	6	3	10	9	5	1	2	2	5	8	5	9	23
0	0	0	0	0	0	0	1	1	0	0	0	0	0	0	1	0	0	1	0	0	0	1	0	1	0	0	1	0	1	0	0	0	0	0	0	0	0	1	0	0	0	0	0	0	1	0	1	0	0	0	0	0	0	0	0	0	0	0	0	0	0	0	1	1	0	0	0	0	0	0	0	0	0	0	0	0	0	0	0	1	0	0	0	0	0	0	0	0	0	0	0	0	0	0	0	0	0	0	0	0	0	0	0	0	0	0	0	0	0	0	0	0	0	0	1	0	0	0	0	1	0	0	0	0	0	0	1	0	1	0	0	0	0	0	0	1	1	0	1	0	0	0	1	0	0	0	0	2	0	2	0	0	1	0	1	1	0	0	0	1	1	0	0	0	0	0	0	0	1	0	0	0	0	0	1	0	1	0	0	1	2	0	0	1	1	0	0	0	1	0	0	0	0	0	0	0	0	0	0	0	0	0	0	0	1	0	0	0	0	0	1	0	1	0	1	1	0	0	0	0	0	2	1	2	0	0	0	0	0	0	1	0	1	0	0	1	0	0	0	0	0	0	0	1	1	0	0	0	0	0	0	0	1	1	1	0	0	2	0	1	1	0	0	1	1	0	0	1	1	0	0	1	0	0	1	1	1	0	0	0	0	0	0	0	0	0	0	0	0	0	0	1	1	0	0	0	0	0	0	0	1	0	0	0	1	0	0	1	0	1	3	1	1	0	0	0	2	1	2	1	2	5	3	0	5	8	3	2	1	2	0	0	2	1	0	0	0	0	0	1	0	1	2	1	0	0	2	0	0	0	1	0	1	1	1	0	0	0	0	0	1	2	0	0	0	1	1	3	1	2	2	0	1	0	0	1	3	0	1	0	1	0	1	0	1	0	0	0	1	1	0	0	0	0	0	1	0	0	0	1	2	1	1	1	0	1	0	3	0	1	4	3	7	12	107	0	16	10	9	14	17	6	6	11	4	5	4	6	3	3	2	8	15	128	8	13	8	5	14	7	14	31	9	5	13	10	6	4	4	5	10	5	5	4	15	10	3	8	6	6	7	30	26	15	4	4	1	6	9	6	6	16	16	75	11	6	9	10	6	7	1	2	3	15	13	11	20	8
0	0	0	0	0	0	0	3	1	1	0	2	0	0	0	0	0	3	0	0	0	2	0	0	0	0	1	0	1	0	0	0	0	0	2	0	0	0	0	0	0	0	0	0	0	0	0	0	0	1	0	0	1	0	0	0	0	0	0	0	2	1	1	0	0	0	0	0	0	0	0	0	0	0	0	1	0	0	0	0	0	0	0	0	0	0	0	2	0	0	1	0	0	0	0	0	0	0	0	1	0	0	1	0	0	0	0	0	0	1	0	0	0	0	0	0	1	0	1	0	0	1	0	0	0	0	0	0	1	1	0	1	0	1	0	0	1	1	1	1	0	1	0	0	1	0	0	0	0	1	0	0	0	0	1	0	0	1	0	0	0	0	0	0	0	0	1	1	0	1	0	1	0	5	1	0	1	1	0	0	0	3	0	0	0	0	1	0	0	0	0	0	1	0	0	0	2	0	0	0	0	1	0	0	0	0	0	0	0	0	0	0	0	0	0	0	0	0	0	0	1	0	0	0	0	0	0	0	0	0	0	0	0	0	0	1	0	0	0	2	0	1	1	0	0	0	0	1	1	1	0	0	0	0	1	0	0	0	0	0	0	0	1	2	0	0	1	0	0	1	0	0	1	0	1	0	0	1	0	0	1	0	0	0	1	0	0	0	0	0	1	0	0	0	0	0	1	0	1	0	0	0	1	0	0	0	2	0	0	0	0	2	0	1	1	2	0	1	0	1	2	2	5	5	0	4	7	1	1	2	1	0	0	0	1	0	0	0	0	0	1	2	0	0	1	0	0	1	2	1	3	0	1	0	0	0	0	2	1	0	0	0	0	3	2	1	1	2	2	4	0	2	0	1	0	0	0	1	1	1	1	3	0	0	0	0	0	1	0	0	0	0	0	0	1	0	1	0	3	0	1	1	0	0	2	2	1	1	0	0	1	1	3	4	7	14	16	0	56	23	13	18	19	14	13	6	2	8	7	2	6	10	13	18	12	6	7	5	5	5	4	11	34	102	21	9	5	3	4	2	0	2	1	0	3	4	6	4	2	4	9	12	11	13	7	4	3	3	7	10	7	6	17	7	15	7	8	7	3	5	3	1	0	1	8	13	31	46	9
0	0	0	0	0	0	0	1	0	0	0	0	0	0	2	0	1	0	1	1	1	1	0	0	1	1	0	0	0	0	0	1	0	0	1	0	0	1	1	0	0	0	1	0	0	1	0	0	0	0	0	0	0	0	0	0	0	0	0	0	2	0	0	0	0	0	1	0	0	1	0	0	0	1	1	0	0	1	0	0	0	0	0	1	1	0	0	0	0	0	0	1	2	0	0	1	0	0	0	0	0	0	0	0	0	0	0	1	0	1	1	0	1	0	0	0	0	0	0	0	0	0	0	0	1	1	0	0	0	1	0	0	0	0	1	1	3	2	0	0	0	0	0	0	0	0	3	0	0	0	0	0	0	0	0	0	0	0	0	0	0	0	0	2	0	0	0	0	0	1	0	0	0	0	0	0	0	0	0	1	0	0	0	0	0	0	1	0	1	0	0	0	0	0	0	0	0	0	0	0	1	0	0	0	0	1	0	0	0	1	1	0	0	0	0	0	0	0	2	0	0	1	1	0	0	0	1	1	0	0	1	0	0	0	0	0	0	0	0	0	2	1	1	0	0	1	1	0	1	1	0	0	0	0	1	0	0	0	0	0	0	0	0	1	0	0	0	0	0	0	0	1	1	2	2	0	0	0	0	0	0	0	0	0	0	1	0	0	0	0	0	0	0	0	2	1	0	1	0	1	0	0	0	0	0	0	0	2	0	1	1	2	1	0	0	2	1	0	0	1	2	4	5	2	0	2	0	2	2	1	0	0	2	0	0	0	0	1	0	1	0	0	1	0	0	0	0	0	0	1	0	0	1	0	1	5	0	0	0	0	0	0	2	2	1	0	0	0	1	2	0	0	0	1	1	0	1	0	1	0	0	0	1	0	0	0	0	0	0	1	0	0	0	0	0	0	1	0	0	0	0	0	0	0	1	2	2	0	1	0	0	0	4	2	3	11	10	56	0	92	35	13	18	8	16	8	11	19	8	6	12	7	16	72	6	5	3	2	2	2	1	9	16	27	10	5	8	2	2	0	2	4	3	3	8	9	3	14	9	5	10	28	32	8	8	3	2	2	6	1	4	7	8	5	4	5	2	4	3	8	3	1	3	2	9	9	28	13	2
0	0	0	0	0	0	0	0	2	0	0	1	1	0	1	0	0	0	2	0	0	0	0	0	1	1	0	1	0	1	1	1	0	0	0	0	0	0	0	0	0	0	0	0	0	1	0	0	0	0	0	1	0	0	0	1	0	0	0	1	1	0	0	1	0	0	0	0	0	0	1	0	0	0	2	0	1	0	0	0	0	0	1	0	0	0	0	0	0	1	1	0	0	0	0	0	0	0	0	1	0	0	0	0	1	0	1	0	1	0	0	1	0	0	0	0	0	0	0	0	0	1	1	0	1	0	1	1	1	0	0	0	0	0	0	0	0	1	0	0	0	1	1	1	1	0	0	2	0	0	0	1	0	0	1	0	0	0	0	0	0	1	0	1	0	0	0	0	0	0	1	1	1	0	0	1	0	0	0	0	0	0	1	0	1	2	0	0	2	0	0	0	0	1	0	0	0	0	0	0	0	0	0	0	0	0	0	0	0	1	1	0	0	0	0	2	0	2	2	0	0	0	0	0	0	0	1	0	1	0	0	0	0	0	0	0	1	1	0	1	0	0	0	0	1	0	2	1	0	0	1	0	0	1	0	0	0	1	0	0	0	2	0	1	0	0	0	0	1	0	0	0	1	0	0	0	0	1	0	0	0	1	0	1	0	0	1	0	1	0	0	0	0	0	0	2	0	0	0	0	0	0	0	0	1	0	1	1	0	0	0	1	1	0	0	0	0	1	1	1	2	0	5	0	0	1	1	3	1	2	1	1	0	0	1	0	0	1	0	0	0	0	1	0	0	0	1	0	0	0	0	0	0	0	0	1	0	0	0	0	1	0	3	0	0	0	2	1	1	0	2	1	1	0	3	2	0	1	0	1	0	0	0	1	0	0	0	0	0	0	0	0	0	0	0	0	0	0	0	1	0	0	0	1	1	0	1	0	2	1	0	2	1	4	2	10	9	23	92	0	116	18	16	18	48	18	23	29	16	15	14	10	13	34	8	7	5	5	1	2	3	4	6	18	10	1	5	3	3	4	1	2	3	1	3	5	10	10	11	5	10	15	21	9	12	5	3	5	7	5	11	6	8	5	6	5	0	3	4	2	4	1	2	2	7	12	10	7	5
0	0	0	0	0	0	0	0	2	1	1	0	1	0	0	0	0	1	1	1	0	1	2	0	0	1	0	1	0	0	0	0	0	0	0	0	0	0	0	0	0	0	0	0	0	0	0	1	0	0	2	0	0	0	1	0	0	0	1	0	1	0	0	0	0	0	0	0	1	0	1	0	0	0	0	1	0	0	1	0	0	0	0	0	0	0	0	0	0	0	0	0	1	0	0	0	0	0	0	0	0	0	0	0	0	0	0	0	0	1	1	2	1	1	0	0	0	0	1	0	0	0	1	0	0	0	0	0	0	1	0	1	1	0	0	0	1	1	1	2	1	0	1	0	3	1	0	0	1	0	0	0	2	0	0	0	0	0	0	0	1	0	0	0	1	0	0	0	0	0	1	2	0	0	1	0	2	0	0	0	0	0	1	1	0	1	0	0	0	1	0	0	0	0	1	1	0	0	1	0	0	0	1	0	0	0	0	1	0	1	1	0	0	2	0	0	0	1	0	0	0	0	0	0	0	1	0	0	0	0	0	0	0	1	0	1	3	0	2	0	1	0	0	0	1	0	0	0	1	1	0	0	0	0	1	0	1	0	0	0	0	0	1	2	0	0	0	0	0	0	0	2	1	0	0	1	0	0	0	0	0	1	0	0	0	1	0	0	0	0	0	0	0	0	3	0	0	0	0	0	0	1	0	0	1	0	1	1	1	0	0	1	1	1	1	1	0	0	1	0	0	3	2	2	1	1	2	0	2	1	0	1	1	1	0	1	0	1	0	0	0	0	0	0	1	1	1	0	0	0	0	1	0	2	0	0	0	0	0	1	2	0	1	1	1	1	1	0	1	2	1	1	1	0	2	0	1	1	0	0	3	0	0	0	1	1	0	0	1	0	0	0	0	0	0	0	0	1	0	0	0	0	0	0	0	0	1	0	0	0	0	1	2	3	4	12	14	13	35	116	0	22	20	15	28	9	33	30	27	18	18	20	9	26	5	9	2	2	2	2	2	4	4	11	8	0	5	1	2	1	1	2	0	4	12	8	6	6	8	14	11	10	30	20	14	14	1	3	14	8	3	9	5	6	9	4	5	6	6	3	3	1	3	2	6	8	6	7	2
0	0	0	0	0	0	0	0	0	0	0	0	0	0	0	0	0	0	1	1	0	1	0	0	1	3	0	0	0	0	1	0	0	0	0	0	0	0	0	0	0	0	1	0	0	0	0	0	0	1	0	0	1	0	0	1	0	0	0	0	0	0	1	0	0	0	1	1	0	1	0	0	1	0	0	0	1	0	0	0	0	0	1	0	2	0	1	0	0	0	0	1	0	0	0	0	0	0	1	0	0	0	0	0	0	0	0	1	0	0	0	1	0	0	2	1	1	0	2	1	1	1	0	0	1	0	1	1	0	1	0	0	1	1	0	0	1	2	0	2	0	0	0	0	0	0	0	1	0	1	0	2	1	1	0	0	1	0	0	0	0	0	0	0	2	0	0	1	2	0	1	0	0	1	1	0	0	1	1	0	0	0	1	1	1	0	0	1	1	0	1	1	0	0	1	1	0	0	1	0	0	0	0	0	0	0	0	0	0	0	0	1	0	0	0	2	1	0	0	0	1	0	1	0	0	0	0	0	1	0	0	1	1	1	0	2	0	1	1	0	0	1	0	1	0	0	1	0	0	1	0	0	0	0	0	0	1	0	0	0	0	1	2	0	1	0	1	1	0	0	0	0	0	0	0	0	1	2	1	0	0	0	0	0	0	0	1	0	0	0	0	0	0	0	1	0	1	1	1	0	1	1	1	0	1	0	0	1	0	2	0	0	1	0	5	0	1	2	0	1	1	3	9	3	3	6	2	4	0	3	0	1	0	1	1	0	0	0	1	0	0	1	0	0	0	0	1	0	2	1	1	1	2	0	0	0	1	0	1	0	3	1	0	4	1	0	1	0	0	3	3	2	3	3	1	4	1	2	0	2	0	3	0	0	1	1	0	1	0	0	0	0	0	1	0	1	0	0	0	1	1	1	0	0	0	1	1	0	1	1	0	0	2	7	15	20	17	18	13	18	22	0	44	6	22	13	16	5	5	3	5	10	8	12	16	9	8	3	6	7	6	4	13	22	6	8	4	5	2	2	3	3	1	5	6	10	1	6	4	1	3	4	15	35	38	17	12	12	44	38	17	20	35	14	8	7	3	1	3	4	4	1	3	2	5	6	3	11	11
0	0	0	0	0	0	0	1	0	0	1	1	0	0	1	0	1	1	1	1	0	1	2	0	0	1	0	0	0	1	0	1	0	1	0	0	0	0	0	0	0	0	1	0	1	0	2	0	0	1	0	0	0	1	1	1	0	0	0	0	0	1	0	0	1	0	1	1	1	1	0	0	0	0	0	0	2	0	0	1	0	0	0	0	0	1	0	0	1	0	0	0	1	0	0	0	0	0	0	0	0	1	0	0	0	0	0	0	1	0	0	0	0	0	0	0	0	0	1	1	3	0	1	0	0	0	0	2	0	1	0	1	0	1	1	1	0	0	0	1	1	2	0	1	0	0	0	0	1	0	0	1	2	0	1	0	0	0	0	0	0	0	0	0	0	0	0	0	1	0	2	0	1	0	1	0	0	0	0	0	1	1	0	1	2	0	2	0	0	0	1	0	0	0	1	0	1	0	0	0	0	0	0	0	0	0	0	0	0	0	0	1	0	1	0	0	1	0	0	0	1	1	0	1	0	1	0	0	0	0	0	0	1	0	0	0	0	0	0	1	1	1	1	0	0	0	1	0	0	1	1	0	0	0	0	1	0	0	1	0	0	0	0	0	0	0	2	0	1	2	0	1	1	1	0	0	0	0	1	0	0	0	0	0	0	1	0	1	0	1	0	0	1	0	0	0	1	0	0	2	1	0	2	0	0	0	0	0	0	0	0	0	1	0	0	0	2	0	2	5	2	7	6	2	2	1	4	5	0	0	2	1	1	1	0	1	0	1	0	1	1	1	0	1	0	0	2	0	0	1	1	1	0	1	1	0	0	1	1	1	1	2	1	0	2	0	1	0	4	8	3	4	1	3	4	1	0	1	2	1	1	1	1	0	0	1	0	0	0	1	0	0	0	0	0	0	0	1	0	1	0	0	0	0	0	2	0	0	1	1	1	2	4	2	5	5	6	19	18	16	20	44	0	43	70	16	25	5	6	4	3	6	2	11	4	4	5	3	2	3	4	0	7	24	6	3	6	2	1	0	1	3	2	1	7	4	2	0	4	2	3	2	5	4	14	18	4	7	29	24	34	20	22	5	3	2	0	3	2	2	1	1	1	0	0	4	4	12	7
0	0	0	0	0	0	0	0	0	0	1	1	1	1	0	1	0	2	0	1	0	0	0	0	1	0	0	0	0	0	0	0	0	0	0	0	0	0	0	0	0	0	0	0	0	0	0	0	1	1	0	0	0	0	1	0	0	0	0	0	0	0	0	0	1	0	0	0	0	0	0	0	1	0	1	0	0	0	0	0	0	1	1	0	0	0	0	0	1	0	1	0	0	1	0	0	0	1	0	0	0	0	0	1	1	0	0	0	0	0	0	0	0	0	0	0	0	0	0	1	0	3	0	0	0	1	1	0	0	0	0	0	1	0	1	0	0	1	0	1	0	2	0	1	0	2	0	1	1	1	0	0	0	0	0	0	0	0	0	0	0	0	2	0	1	0	1	0	0	1	0	0	0	2	0	0	0	0	1	0	0	0	1	0	0	0	0	0	1	0	0	0	0	1	0	0	0	0	0	0	0	0	0	2	0	0	0	0	0	0	0	0	0	0	1	1	2	2	1	1	0	1	0	0	0	0	0	1	0	1	0	0	0	0	1	2	1	0	0	0	1	0	0	0	0	0	1	1	1	2	0	1	0	0	0	0	0	0	0	0	0	0	0	0	0	0	0	0	0	0	0	0	0	0	0	1	0	1	0	1	1	1	0	0	0	0	0	0	0	0	0	0	0	0	0	0	1	0	0	0	1	0	0	1	0	0	0	0	0	0	0	1	0	3	3	1	3	0	1	3	1	3	1	3	0	1	2	2	2	1	2	0	0	0	0	0	0	0	0	1	2	1	0	0	0	0	0	1	0	0	1	0	0	1	0	0	0	0	0	0	0	0	0	0	1	0	0	1	3	3	4	2	0	2	1	4	1	0	0	2	1	1	1	1	0	0	0	0	1	1	0	0	0	0	0	1	0	0	0	1	0	0	0	0	1	1	0	0	0	0	1	1	3	5	3	6	6	14	8	18	15	6	43	0	67	33	20	4	3	3	2	2	3	3	0	3	3	2	2	0	1	0	8	12	5	3	1	1	1	1	1	4	2	3	2	6	1	1	1	1	4	1	3	7	6	5	4	5	15	5	11	9	5	6	5	4	5	1	4	1	1	0	0	1	2	1	1	5	4
0	0	0	0	0	0	0	1	0	0	0	1	0	0	1	0	0	0	0	0	0	1	0	0	0	1	1	0	0	0	0	0	0	0	0	0	0	0	0	1	0	0	0	1	2	0	0	0	0	0	0	0	0	0	0	0	0	0	1	0	0	0	1	0	0	0	0	0	0	0	0	0	0	0	0	0	0	0	1	2	0	0	1	0	0	0	0	0	0	0	0	0	0	0	0	0	0	0	0	2	0	3	0	0	0	0	0	1	0	0	0	0	0	3	0	0	0	0	0	0	2	0	0	1	0	0	0	0	0	0	1	1	0	0	1	1	1	0	0	0	2	1	1	1	1	1	0	0	0	1	2	0	0	1	0	0	0	1	0	0	0	0	0	2	0	0	0	1	0	1	0	0	0	0	0	0	0	0	1	0	0	1	1	0	0	0	0	0	1	0	1	0	0	0	0	0	0	0	1	0	0	0	0	0	0	0	0	1	0	1	0	0	0	0	0	0	1	0	0	0	1	0	0	0	0	0	0	0	0	1	0	0	0	0	2	1	1	0	0	1	0	0	0	1	1	0	0	0	1	1	0	0	1	0	0	0	0	0	0	0	1	0	0	0	0	1	0	0	0	0	0	0	0	0	0	0	0	1	0	2	1	0	1	0	0	0	1	0	0	1	0	0	0	0	0	0	0	0	0	1	1	0	1	2	1	0	0	1	0	0	2	0	1	0	1	2	0	3	0	1	1	1	7	6	2	3	1	2	2	0	0	0	0	0	1	0	0	0	1	0	0	0	0	2	0	0	0	1	0	2	1	1	0	0	0	0	0	1	0	0	0	0	1	1	1	1	0	0	3	0	2	2	1	1	2	1	2	1	0	0	0	1	1	1	1	0	0	0	0	0	0	0	0	1	0	0	0	0	0	0	1	1	0	0	1	0	0	0	1	1	0	0	2	2	4	5	11	13	16	48	28	22	70	67	0	45	45	17	5	3	11	7	6	5	8	3	2	1	1	2	7	3	8	14	7	6	2	1	0	1	2	1	2	2	4	10	5	3	7	5	4	5	10	12	10	15	8	10	23	15	14	19	8	4	6	3	2	2	3	3	3	0	1	1	2	2	6	4	5
0	0	0	0	0	0	0	1	0	0	2	2	0	0	0	1	0	2	0	2	0	0	0	0	1	0	1	0	1	0	0	0	0	0	0	0	0	1	0	0	0	0	0	1	0	0	0	0	0	0	0	0	0	0	0	0	0	0	0	1	0	1	1	0	0	0	1	1	1	0	0	0	0	0	0	0	0	1	0	0	1	0	0	0	0	0	0	0	2	1	0	0	1	0	1	0	0	0	0	0	0	1	0	0	0	0	0	0	0	0	1	0	0	0	0	0	0	0	0	1	1	0	0	1	1	0	0	0	3	0	0	3	0	3	1	0	2	3	4	1	0	1	0	0	1	0	2	0	0	0	1	2	0	1	0	0	0	0	0	0	0	0	0	0	0	0	0	0	0	0	0	0	0	0	1	1	1	1	0	0	1	1	0	0	0	0	0	1	0	1	0	0	1	0	1	0	1	0	1	0	0	0	0	0	0	0	1	2	2	0	0	0	1	2	0	2	0	1	0	0	1	0	0	0	0	0	0	0	1	0	0	0	0	0	0	0	0	0	0	0	0	0	2	0	0	0	0	0	0	0	0	0	0	1	0	0	1	1	2	0	0	0	0	0	0	0	0	0	0	0	0	0	1	0	0	0	2	0	0	0	1	0	0	1	0	0	0	0	0	0	1	2	0	0	0	2	0	0	0	0	0	0	0	1	0	1	2	1	0	0	0	0	0	0	3	3	1	1	0	0	1	3	3	4	1	1	3	1	2	1	1	2	0	0	0	0	0	0	1	0	1	0	0	0	0	2	0	0	0	0	1	0	0	1	1	1	2	0	0	0	0	0	2	2	0	0	2	2	1	1	4	4	2	3	1	0	1	1	1	2	0	0	1	0	0	0	0	0	0	1	0	0	0	0	1	0	0	0	0	0	0	2	0	1	0	1	0	1	0	0	4	1	2	4	5	3	4	6	8	18	9	13	16	33	45	0	130	14	4	6	3	7	2	5	6	0	0	1	3	3	1	1	4	10	2	2	2	2	0	2	0	0	1	4	2	8	0	2	5	3	3	5	6	12	7	26	8	11	19	11	21	9	7	2	3	1	3	1	2	2	0	2	1	1	3	2	4	6	1
0	0	0	0	0	0	0	0	0	1	0	1	0	0	1	0	0	1	0	1	0	0	1	1	1	2	0	0	0	0	0	0	1	0	1	0	0	0	0	0	0	0	0	1	0	0	0	1	1	0	0	0	0	1	0	0	1	0	0	0	0	0	0	0	0	0	2	1	0	0	0	1	0	0	0	1	1	0	0	0	0	1	0	0	0	0	0	1	0	0	0	0	1	0	1	0	0	0	0	0	0	0	0	0	0	0	1	0	0	0	0	0	0	0	0	0	0	0	0	1	0	0	0	1	0	0	2	0	1	0	0	0	0	0	0	1	0	1	1	2	0	0	1	1	0	0	0	0	0	0	1	0	1	1	1	0	0	0	0	0	0	1	0	1	0	0	0	0	1	0	0	0	2	1	1	1	0	0	0	0	0	1	1	1	2	1	0	0	0	1	0	0	0	0	1	1	0	0	0	1	2	0	0	0	0	0	0	0	0	1	0	0	1	0	0	1	1	2	0	1	0	1	0	0	0	1	0	0	0	0	2	0	0	1	0	0	1	0	2	0	0	0	1	0	0	0	1	1	0	0	1	0	1	1	0	0	0	0	0	0	1	0	1	0	0	0	0	0	0	0	0	0	0	0	1	0	0	0	0	0	0	0	0	0	0	0	0	0	0	0	0	0	0	0	0	1	1	0	0	1	0	2	0	0	0	0	0	0	0	0	0	2	0	3	2	1	1	0	2	0	5	3	6	3	2	2	2	3	1	2	1	1	1	2	0	0	1	0	0	2	1	0	0	0	0	0	0	0	0	0	0	0	1	1	0	0	3	0	1	0	0	2	0	1	2	2	3	0	0	3	2	1	1	1	1	0	3	1	1	2	3	0	1	0	0	0	2	0	0	0	0	0	0	0	0	0	0	0	0	2	1	0	1	0	1	0	0	0	0	1	1	3	0	1	3	3	5	2	11	23	33	16	25	20	45	130	0	37	8	9	7	9	3	10	7	1	2	1	1	2	1	3	4	9	0	2	3	3	0	0	3	2	0	0	0	1	3	3	2	4	5	2	10	10	13	17	2	11	15	11	7	12	7	1	6	1	0	1	0	1	1	0	1	3	2	2	5	2	1
0	0	0	0	0	0	0	1	0	1	1	1	1	0	1	1	0	0	1	0	0	2	1	0	1	0	0	1	0	0	0	0	0	0	0	0	0	0	0	0	1	1	0	0	0	0	0	0	0	0	0	0	0	0	1	1	4	0	0	0	0	0	0	0	0	0	0	1	0	0	1	0	0	0	1	0	0	0	0	1	0	0	0	0	1	0	0	0	0	1	0	0	0	0	0	0	0	0	0	1	2	0	0	0	0	0	0	0	0	2	0	0	1	0	1	0	0	0	2	0	0	1	0	1	1	0	0	0	1	0	0	0	0	0	0	0	1	1	0	0	0	0	0	0	0	0	0	0	0	0	0	1	2	0	0	1	1	1	0	0	0	0	0	0	0	1	0	1	0	1	0	0	1	0	1	1	0	0	0	1	0	0	0	0	0	0	0	0	1	0	2	0	0	0	0	0	0	0	0	0	0	0	0	0	0	0	1	1	0	0	0	1	0	1	0	0	2	0	1	0	0	0	0	0	0	0	0	0	0	0	1	0	0	0	0	0	0	0	0	0	0	0	0	0	1	0	0	0	0	0	0	0	0	2	0	0	0	0	0	0	0	1	1	1	0	0	0	0	0	0	1	0	0	0	0	0	0	0	0	0	0	0	0	0	0	0	0	0	0	1	0	0	0	0	1	0	0	0	0	1	0	0	0	0	0	0	0	0	0	1	1	0	2	0	1	0	1	0	1	3	0	0	0	0	1	3	0	0	1	1	1	2	0	1	1	0	0	1	0	0	0	0	0	1	0	0	0	0	0	1	0	0	1	2	0	0	0	0	0	0	0	0	1	0	0	1	0	0	2	0	2	0	1	0	3	1	1	1	0	0	1	0	0	0	0	1	1	0	0	0	1	1	0	0	0	0	0	0	0	0	0	0	0	0	1	3	0	1	0	1	0	1	0	0	1	1	4	8	19	29	30	5	5	4	17	14	37	0	45	24	15	13	8	8	4	0	2	0	0	0	0	5	5	6	4	1	0	2	0	3	3	2	1	1	1	0	2	8	6	7	11	16	6	3	4	3	0	2	7	3	4	6	4	1	1	1	3	2	0	3	4	0	1	3	3	0	6	6	6
0	0	0	0	0	0	0	0	1	0	0	0	0	2	0	0	2	1	0	1	0	0	1	0	0	2	0	1	2	1	0	0	2	1	0	0	1	0	0	0	0	1	1	0	0	0	0	0	0	0	2	0	0	0	0	0	2	0	1	0	1	0	1	0	0	0	0	0	0	0	0	0	0	0	0	2	1	0	0	0	1	0	0	0	1	0	1	0	0	0	0	0	0	1	0	1	0	0	0	0	0	0	0	1	0	0	0	0	0	1	0	0	0	0	0	0	0	1	0	0	2	0	1	1	0	1	1	0	0	1	1	0	0	0	0	0	0	1	0	1	0	0	1	0	1	1	0	0	0	1	0	0	1	0	0	0	1	1	1	0	0	1	1	0	0	0	0	0	1	1	0	0	1	0	0	1	0	0	0	0	2	0	1	0	0	1	0	0	0	0	0	0	0	1	0	0	0	0	0	0	0	0	0	0	0	0	0	0	0	0	0	0	0	0	0	0	2	0	0	0	1	1	0	0	0	2	0	1	0	0	0	0	0	0	0	0	1	0	0	0	1	0	0	0	0	0	1	0	0	0	0	1	0	0	0	1	1	1	0	1	0	0	1	0	0	0	0	0	0	0	0	0	0	0	0	0	1	0	0	0	0	0	0	0	0	0	0	0	0	1	1	0	1	0	0	0	0	2	0	0	0	0	0	0	0	0	0	1	0	2	0	0	2	0	2	2	1	2	0	1	1	0	1	0	1	1	2	0	0	3	1	0	0	1	0	0	0	0	0	1	0	0	1	0	0	2	0	1	1	1	0	0	0	0	0	0	0	1	0	0	0	0	1	0	1	0	1	1	1	1	2	2	1	0	2	1	0	0	0	0	1	0	0	1	0	0	0	0	0	0	0	1	0	0	0	2	0	1	1	0	1	0	0	2	0	0	1	0	2	1	0	2	0	1	4	5	6	7	8	16	27	5	6	3	5	4	8	45	0	180	47	24	8	14	0	1	1	2	3	3	2	2	3	4	4	2	2	2	0	0	2	1	1	3	6	5	1	8	12	5	14	13	12	3	6	6	6	4	2	6	3	2	5	2	4	1	1	4	2	4	3	1	1	0	3	2	6	4	2
0	0	0	0	0	0	0	0	0	1	1	0	0	1	0	0	2	1	0	1	0	0	1	0	0	0	0	0	0	0	1	0	0	0	0	0	0	0	0	0	1	1	0	0	0	0	0	0	0	1	1	1	0	2	2	0	0	1	0	0	0	0	0	0	0	0	0	1	1	1	0	0	0	0	0	1	0	1	0	0	0	0	0	0	0	0	0	1	1	0	0	0	0	1	1	0	0	1	0	0	0	0	0	2	0	0	0	0	0	1	0	0	0	0	0	0	0	0	0	0	0	0	0	0	0	0	2	0	1	1	0	0	0	0	1	1	0	0	0	1	0	1	1	0	0	0	0	0	0	0	1	0	0	2	0	0	0	0	0	0	0	0	0	0	0	1	1	0	0	0	2	1	0	1	0	0	0	1	0	0	0	1	1	2	0	0	0	1	0	0	0	0	0	0	0	0	0	1	0	0	2	0	0	1	0	0	0	0	0	0	0	0	0	0	0	0	0	0	1	0	0	0	0	0	1	0	1	0	0	0	0	0	1	0	0	0	0	0	0	2	0	0	0	0	0	1	0	2	0	3	0	0	0	0	0	0	1	0	0	0	1	0	1	0	0	1	0	0	0	0	0	0	0	0	1	2	0	0	1	0	1	0	1	0	2	0	0	0	1	0	0	0	1	0	0	1	0	0	0	1	0	0	0	0	0	1	0	0	1	1	0	2	0	0	1	2	1	0	0	1	0	2	3	1	0	2	2	0	1	1	1	1	0	0	0	0	1	0	0	0	0	0	0	0	0	1	0	0	0	0	0	0	0	1	0	1	1	0	3	1	0	1	0	0	1	1	0	0	0	0	1	0	0	1	0	1	1	2	1	1	0	1	0	0	1	0	0	0	0	0	1	0	0	0	0	0	0	0	0	0	0	0	1	0	2	0	0	0	0	0	1	0	1	2	0	0	3	2	6	15	18	3	4	3	3	6	9	24	180	0	145	24	8	13	1	1	2	1	2	1	4	2	1	0	2	2	1	1	1	1	0	2	1	2	12	3	7	12	21	11	11	19	8	9	2	2	5	2	2	2	1	3	2	1	5	1	3	4	4	3	2	2	1	1	2	1	5	3	1
0	0	0	0	0	0	0	0	0	0	1	0	0	0	0	0	0	0	0	1	0	0	0	1	1	0	1	0	0	0	1	0	0	0	0	1	1	0	0	1	0	1	0	0	0	0	0	0	0	0	1	0	0	0	0	0	0	0	0	0	0	0	0	0	0	0	0	1	0	0	1	0	1	0	0	0	0	0	0	0	1	0	0	0	0	0	0	1	0	0	0	1	0	0	0	0	0	0	0	0	0	0	0	0	0	2	0	0	0	0	1	0	0	0	0	0	1	0	1	0	0	1	1	0	0	1	0	0	0	0	0	0	0	0	1	0	0	0	1	0	0	0	1	1	1	2	1	0	0	0	0	0	2	1	0	0	0	0	1	0	0	0	0	0	0	2	1	0	0	1	0	0	0	2	0	0	0	0	1	1	1	0	0	1	0	0	2	0	1	2	1	0	1	0	0	0	0	0	0	0	0	0	0	0	0	0	0	0	0	1	0	0	0	0	2	0	0	0	2	0	0	3	0	1	0	0	1	0	1	1	0	0	1	0	0	0	0	0	0	0	0	0	0	0	0	0	0	0	0	1	0	0	0	0	0	0	0	0	1	1	0	0	0	1	0	0	0	0	0	1	0	1	1	0	1	0	1	0	1	0	0	1	0	0	0	0	0	0	0	0	0	0	1	0	0	1	0	0	0	0	0	0	1	0	0	0	1	0	0	0	2	2	0	0	0	0	1	0	1	0	1	1	1	1	0	3	0	1	2	2	0	1	1	0	0	0	0	0	0	0	0	0	0	0	0	1	0	0	0	1	1	0	0	1	0	0	2	0	0	0	0	1	2	0	0	0	0	0	0	0	1	0	2	3	0	2	0	0	0	0	0	1	0	0	0	0	0	0	0	0	0	0	0	1	1	1	0	0	1	0	0	0	0	0	0	0	0	0	0	0	0	2	1	0	2	3	3	6	12	14	18	5	3	2	11	3	7	15	47	145	0	52	12	24	5	2	4	3	3	1	4	2	2	3	3	1	3	3	0	0	1	3	4	2	6	5	7	17	29	17	20	33	24	2	6	1	1	2	4	2	3	2	4	3	7	3	3	2	5	1	5	3	1	2	6	1	3	1	3
0	0	0	0	0	0	0	0	2	2	2	1	1	3	0	0	0	1	1	0	0	1	0	0	0	0	0	0	2	0	1	0	1	0	0	2	0	0	0	1	0	1	0	0	1	0	0	0	0	1	1	0	0	0	0	0	0	0	1	0	0	0	0	0	0	0	0	0	0	0	0	0	0	1	0	0	0	0	0	0	0	0	0	0	1	0	0	0	1	0	0	0	0	0	0	0	0	0	0	0	0	0	0	0	0	0	0	1	0	0	1	1	0	0	0	0	0	0	0	0	0	0	0	0	0	1	1	1	1	0	0	0	0	1	0	0	1	1	2	0	0	1	0	1	0	0	0	0	1	0	0	0	1	0	1	0	0	0	0	0	0	1	0	0	0	0	1	0	2	0	1	0	1	0	0	1	0	0	1	0	0	0	0	0	0	0	1	1	0	1	2	0	1	1	0	0	0	0	0	0	1	0	2	0	0	1	0	0	0	0	0	0	0	0	1	1	0	0	1	0	0	0	0	0	0	0	1	1	0	0	0	0	1	1	0	0	0	1	0	0	0	1	0	1	0	0	0	0	0	1	0	0	0	0	0	0	1	0	0	0	0	0	0	0	0	0	0	0	0	0	0	0	0	0	0	0	0	0	0	0	1	0	1	0	0	0	0	0	0	1	0	0	0	0	0	0	0	0	0	1	2	1	0	1	0	0	0	0	0	1	0	0	0	1	0	1	0	0	0	1	0	2	0	0	0	0	0	1	0	3	1	0	0	0	4	0	0	1	0	0	0	1	0	0	0	0	2	1	1	0	1	1	0	0	0	0	0	0	0	0	0	0	1	0	0	1	4	0	0	1	0	1	1	0	1	0	0	3	1	0	1	0	2	2	0	0	0	0	0	0	0	0	0	1	0	1	0	0	0	0	0	2	0	0	1	0	1	0	0	1	1	4	0	2	3	9	2	10	7	10	20	10	6	2	7	7	9	13	24	24	52	0	16	26	8	5	3	3	0	2	6	7	8	7	3	2	2	3	2	0	4	4	4	4	19	14	19	28	91	23	10	13	34	24	5	2	3	3	2	8	3	4	8	5	6	2	4	3	8	4	7	2	5	4	5	8	8	4	0
0	0	0	0	0	0	0	0	0	0	0	0	0	1	0	0	0	1	0	0	0	0	0	1	0	0	0	0	1	0	0	0	0	0	0	0	0	0	1	1	0	1	0	0	0	0	0	0	0	0	0	0	0	0	0	0	0	0	0	0	0	0	1	0	0	0	0	0	0	0	0	1	0	1	1	0	1	0	0	0	0	0	0	0	0	1	1	0	0	0	0	1	0	0	0	0	0	0	0	0	0	0	0	0	0	0	0	0	0	0	0	0	0	0	0	0	2	0	0	0	0	0	0	1	1	0	0	1	0	0	2	0	1	1	2	2	0	1	0	1	1	0	0	0	0	0	2	0	0	0	0	0	0	1	1	0	0	0	1	0	0	0	0	1	0	0	0	0	0	0	0	2	0	0	0	1	0	0	0	0	0	1	1	0	0	0	1	0	2	0	0	0	0	0	0	0	0	0	0	0	0	1	0	0	0	0	2	0	0	0	0	0	0	0	0	0	0	1	0	1	0	0	0	0	0	0	0	0	0	0	0	0	0	0	0	0	0	1	0	0	0	0	0	0	0	0	0	0	1	0	0	0	0	0	0	0	1	0	0	0	1	0	0	1	0	0	0	0	0	0	1	0	0	0	2	0	0	2	0	1	0	0	0	0	0	1	0	0	0	0	0	0	0	0	1	0	0	0	0	1	0	0	0	0	1	1	1	0	0	0	0	0	1	0	1	0	0	0	2	2	2	1	1	2	0	0	2	3	0	3	2	0	3	1	0	1	0	0	0	0	2	0	0	0	0	0	2	0	1	0	0	0	0	0	0	0	1	1	0	0	0	0	1	0	2	0	1	2	0	1	1	0	1	2	1	0	1	1	0	0	0	0	1	1	0	0	0	0	0	0	0	0	0	0	1	0	0	0	0	0	0	1	0	0	2	0	0	0	0	0	4	3	3	1	0	7	8	13	16	13	9	8	2	3	6	2	3	8	8	8	12	16	0	70	13	6	4	3	0	5	3	6	9	15	2	2	5	4	1	3	2	2	1	3	9	14	8	18	24	39	78	96	45	7	4	4	1	1	4	2	3	0	3	3	10	11	11	8	13	21	6	3	2	7	24	28	38	12	3
0	0	0	0	0	0	0	1	0	0	1	0	1	0	1	0	0	0	0	0	0	1	0	0	0	0	1	0	0	0	0	0	0	0	0	0	0	0	0	0	0	0	0	0	0	0	0	0	0	0	0	0	0	1	0	0	1	0	0	1	0	0	0	0	0	1	0	0	0	0	0	0	1	1	2	0	1	0	0	0	0	0	0	0	0	0	0	0	0	0	0	0	0	0	0	0	0	0	1	0	0	0	1	0	0	0	1	0	0	0	0	1	0	0	0	0	0	0	0	1	0	0	0	0	0	0	0	0	0	0	1	1	1	1	1	0	0	0	0	0	0	2	0	1	1	1	0	0	0	1	0	0	2	0	0	0	0	0	0	0	0	0	1	0	0	0	1	0	0	1	0	1	0	0	1	0	1	1	0	0	0	1	0	0	0	0	2	0	0	0	0	1	0	0	0	0	0	1	0	0	0	0	0	0	0	1	0	0	0	0	1	0	1	0	0	0	0	2	1	3	1	0	1	1	1	0	1	0	1	0	1	0	0	1	0	0	1	1	1	0	0	1	1	0	0	0	0	0	0	0	1	0	1	0	0	1	0	1	0	0	0	0	0	0	1	0	1	0	0	0	0	0	1	0	0	0	1	0	0	1	1	0	0	0	0	0	1	0	0	0	1	0	0	0	0	0	0	1	0	0	1	0	0	1	1	0	0	0	1	0	0	0	0	0	2	1	1	2	0	0	0	0	4	1	0	4	2	0	2	4	0	2	1	1	1	0	0	0	0	1	0	0	0	0	1	0	1	0	1	0	0	1	0	3	0	1	0	0	0	0	0	0	1	1	1	1	1	0	1	0	0	0	1	0	0	1	2	0	3	0	0	0	1	0	0	0	0	1	0	0	0	1	1	0	0	0	0	0	1	1	0	0	0	0	0	1	0	1	0	2	0	0	3	2	2	15	15	18	72	34	26	12	11	3	5	5	10	8	14	13	24	26	70	0	11	1	0	0	1	1	1	3	8	7	1	4	1	3	1	3	1	4	3	3	7	5	9	14	18	19	37	61	81	8	9	6	4	3	3	5	6	4	5	5	10	6	5	4	6	16	3	6	4	6	10	18	20	9	4
0	0	0	0	0	0	0	0	0	0	1	1	0	0	1	0	2	0	1	1	0	1	1	0	2	1	1	1	0	2	0	0	0	0	0	0	0	0	0	0	0	0	1	0	0	1	0	0	1	0	1	0	1	0	0	0	0	0	0	0	0	0	0	2	0	0	0	0	0	0	0	0	0	0	1	0	0	2	0	0	0	1	0	0	0	1	0	0	0	0	1	0	0	2	0	0	0	0	0	0	1	0	0	0	0	0	0	0	0	0	0	0	0	0	1	0	0	0	0	0	0	0	0	0	0	1	0	0	1	0	0	1	0	0	0	1	0	0	0	0	0	2	2	0	2	0	0	0	0	0	0	0	0	0	0	0	0	1	0	0	0	0	0	0	1	1	0	1	0	0	1	1	0	1	0	0	0	0	1	0	1	0	2	0	0	2	0	1	0	0	0	1	1	0	0	0	0	0	0	0	1	0	0	0	0	0	0	0	0	0	0	0	0	1	0	0	0	2	0	0	1	1	0	1	1	2	0	0	2	0	0	0	0	0	0	0	1	1	2	0	1	0	0	1	0	0	0	0	1	1	3	1	1	1	0	1	1	0	0	0	0	0	0	0	0	0	0	0	0	0	1	0	0	0	0	0	0	1	0	1	2	0	0	1	0	0	0	0	0	0	0	0	1	0	0	2	0	0	0	0	0	1	0	0	0	0	0	0	1	0	2	1	0	1	0	1	0	2	0	0	1	0	3	1	3	3	4	3	2	4	2	3	0	1	1	3	2	0	0	0	1	0	0	1	1	2	0	0	0	1	1	0	1	1	2	0	0	1	0	0	1	1	1	0	0	0	0	2	2	2	1	2	1	1	3	0	4	1	1	1	0	0	0	1	0	0	1	0	0	0	0	1	0	1	0	0	0	0	0	0	0	0	1	0	0	2	1	0	0	0	1	3	1	6	11	127	128	12	6	8	5	16	4	0	8	6	7	4	0	1	5	8	13	11	0	21	8	12	5	18	24	28	25	11	10	9	11	3	6	5	8	11	9	4	7	15	17	10	6	11	6	7	18	16	5	5	7	3	8	8	3	3	14	19	290	17	10	13	10	6	3	3	3	8	16	9	13	15	13
0	0	0	0	0	0	0	0	1	0	0	0	1	0	0	0	0	2	0	0	0	0	0	0	0	1	1	0	0	0	0	0	0	1	0	0	0	0	1	0	0	0	2	0	0	0	0	0	2	1	0	0	1	0	0	0	0	0	0	0	0	0	1	1	0	0	1	0	0	0	0	0	0	0	1	0	1	2	0	0	0	0	0	2	0	0	1	0	0	0	1	0	0	0	0	1	0	0	0	0	2	0	2	0	1	0	0	0	0	0	0	0	0	0	0	0	0	0	1	1	0	1	0	1	0	1	0	0	1	0	0	1	0	0	1	0	2	0	1	1	3	2	2	1	0	0	0	0	0	1	1	0	3	0	0	3	0	1	0	1	0	0	0	1	1	0	2	0	0	1	0	0	1	1	0	0	0	0	0	1	0	0	0	2	3	2	1	1	1	1	1	1	0	1	0	1	1	0	1	1	0	0	0	0	0	0	0	0	1	0	1	0	2	0	0	0	0	0	0	1	0	0	2	1	2	0	0	0	0	2	0	0	0	1	0	2	1	0	1	2	0	0	1	0	0	1	0	1	0	0	0	0	0	0	0	0	1	0	0	0	3	0	0	0	0	2	0	1	0	0	0	0	0	0	1	0	1	0	0	0	2	0	0	0	0	1	0	0	0	0	0	0	1	1	0	0	0	1	0	2	1	1	0	1	1	1	0	1	0	0	2	0	1	0	2	2	0	1	0	1	0	6	10	9	1	5	7	8	4	3	5	2	2	1	0	2	0	0	2	0	2	0	0	2	3	1	2	2	1	2	1	0	1	1	0	0	0	1	0	1	0	1	3	1	0	0	3	3	1	3	0	3	0	2	2	3	0	0	1	2	0	2	3	2	0	0	2	1	1	0	1	0	0	1	0	0	0	1	0	1	2	0	2	1	0	0	1	0	0	3	2	4	8	15	64	44	8	6	5	7	9	9	4	3	3	0	1	0	1	1	2	5	6	1	21	0	69	19	9	12	10	7	3	4	3	7	12	6	3	5	15	32	11	16	7	7	14	6	5	1	1	1	3	18	8	7	6	9	3	13	5	11	9	42	10	4	4	4	4	2	1	2	3	2	5	3	3	8	16
0	0	0	0	0	0	0	1	1	1	0	0	0	1	0	1	1	0	0	1	0	1	1	0	0	0	0	0	0	0	0	0	1	0	0	0	0	0	0	0	0	1	0	1	1	1	0	1	1	0	0	1	0	1	0	0	0	0	1	0	0	0	0	0	0	0	0	0	1	0	1	1	1	1	0	0	0	0	1	0	0	1	0	0	0	0	3	1	0	0	0	0	2	0	0	0	0	0	1	0	1	0	0	0	0	0	1	0	0	1	1	0	1	0	0	0	1	0	0	0	0	0	0	1	0	0	0	1	1	3	1	2	1	0	1	1	1	1	3	1	1	0	1	1	1	1	0	0	2	0	1	1	0	3	0	0	0	0	0	0	0	0	0	0	0	0	0	1	2	0	1	1	0	0	0	1	1	2	0	0	0	1	1	0	1	1	1	1	0	1	1	1	1	0	0	0	0	0	1	0	0	0	0	0	0	0	0	0	0	0	0	0	0	0	1	2	0	3	0	0	1	1	1	0	1	1	0	0	0	1	1	0	0	1	0	0	0	1	0	2	1	0	0	1	0	2	1	1	1	0	0	0	0	0	1	0	1	0	0	1	0	0	0	0	0	0	0	0	1	1	1	0	0	1	1	1	2	1	0	2	2	0	1	0	0	1	0	0	0	0	1	0	0	0	1	0	1	0	1	1	0	0	0	4	1	0	0	1	1	1	1	2	1	0	0	5	1	2	3	4	3	8	19	6	3	6	12	11	8	7	9	3	3	3	0	1	0	0	0	1	0	1	2	1	0	2	2	0	2	0	2	0	2	1	0	2	3	0	1	4	1	2	1	1	3	1	1	1	2	9	5	4	4	1	4	1	0	0	6	4	1	1	3	0	0	0	0	3	1	0	2	0	1	0	2	0	0	0	0	0	2	0	2	5	0	2	0	1	2	0	1	8	17	21	34	17	13	7	3	5	2	8	5	3	2	0	2	2	1	2	4	3	4	0	8	69	0	20	5	6	8	5	2	1	9	5	10	7	13	7	13	18	8	5	1	5	4	0	1	1	2	3	3	0	14	7	8	4	4	17	5	13	11	25	2	1	3	2	3	3	1	1	1	0	4	0	1	1	12
0	0	0	0	0	0	0	1	0	1	0	2	1	0	1	1	0	0	0	0	1	0	2	1	0	0	0	0	0	1	0	0	0	0	0	1	0	0	1	0	0	0	1	1	1	0	0	0	1	1	1	0	1	0	0	1	0	1	0	0	0	1	1	0	0	0	0	0	1	1	0	0	0	0	1	0	0	0	0	0	0	1	0	0	2	0	1	1	0	1	0	0	1	1	1	0	0	0	0	0	1	0	0	0	0	0	0	0	1	0	0	0	0	0	2	0	0	1	0	0	0	0	2	0	0	0	1	0	1	0	0	2	0	0	1	3	1	0	1	0	0	2	0	2	3	0	0	1	0	0	0	0	0	0	0	0	0	0	0	0	1	1	0	0	1	0	1	0	1	1	0	1	1	0	1	0	0	1	2	0	0	0	0	2	0	0	0	0	0	0	0	0	1	0	0	0	1	0	0	0	0	0	0	0	0	0	1	0	0	0	0	0	0	0	0	3	0	1	1	4	0	0	0	0	0	0	0	1	1	0	1	0	0	2	1	0	0	2	0	2	0	1	0	0	0	1	1	2	2	0	0	0	0	0	2	0	0	1	0	0	0	0	1	0	1	2	0	0	3	0	0	1	0	0	1	0	1	0	2	0	1	0	1	2	0	1	2	0	0	0	0	0	0	0	4	1	0	0	0	1	0	0	3	1	0	0	1	0	0	0	0	0	0	3	1	1	0	1	2	0	6	4	6	4	5	9	19	14	15	9	4	1	2	1	2	0	1	0	1	1	0	1	1	0	0	3	1	0	3	0	1	5	1	0	1	1	0	0	0	3	0	2	3	2	1	1	1	0	2	3	3	0	0	1	3	2	0	0	1	2	1	3	2	1	1	0	0	0	2	2	0	0	0	1	1	0	0	0	1	1	1	1	1	2	0	1	0	1	5	4	4	7	15	20	16	6	8	5	2	5	2	3	3	2	1	1	1	0	2	1	3	3	3	0	12	19	20	0	73	22	16	4	3	4	3	7	41	42	35	18	27	18	3	7	1	2	4	4	3	1	2	0	1	4	5	2	1	4	3	5	7	6	5	21	10	4	2	7	3	5	4	4	1	1	4	5	6	2	15
0	0	0	0	0	0	0	0	1	0	0	0	0	0	0	0	0	0	1	0	0	0	0	0	1	0	0	0	0	0	0	0	0	0	0	1	0	0	1	0	0	0	0	1	0	0	1	0	0	1	0	0	0	2	0	0	0	0	0	0	0	0	1	1	0	0	1	1	0	1	0	0	1	0	0	1	0	0	0	0	1	0	0	0	1	0	1	0	1	0	0	1	0	1	0	0	0	0	1	0	0	0	1	0	0	0	1	1	0	0	0	0	0	2	0	0	1	0	0	0	1	0	0	0	0	1	0	0	1	1	0	0	0	0	1	0	1	0	2	0	0	0	0	2	0	2	0	0	0	0	0	0	0	1	0	0	0	0	0	0	0	0	0	1	2	1	1	1	0	0	1	0	0	1	1	0	0	0	0	1	0	0	0	0	0	0	0	0	0	1	0	0	0	0	0	1	0	0	0	1	0	0	0	2	0	1	0	0	0	0	0	1	0	0	0	0	2	3	1	0	1	0	0	1	1	0	0	0	2	1	2	1	1	1	0	0	2	2	0	1	1	1	0	0	3	0	0	0	0	0	0	1	0	0	0	1	1	1	0	0	0	0	0	0	0	2	1	0	1	1	0	0	0	2	1	2	0	1	1	2	0	0	0	0	0	0	0	0	0	0	0	1	0	0	0	0	0	1	1	0	1	0	1	1	2	1	4	0	0	2	1	0	0	1	1	3	0	0	3	3	1	2	4	4	1	9	16	9	17	4	5	2	1	3	3	1	1	0	1	2	1	3	0	0	0	2	2	4	1	6	2	1	4	0	1	2	0	0	1	1	1	2	2	0	1	2	2	4	4	1	2	2	4	0	2	1	2	2	1	4	2	2	1	3	0	0	0	1	0	0	1	0	1	1	2	0	2	1	0	0	1	0	0	1	3	4	0	1	0	3	4	8	11	10	11	5	5	5	2	1	2	6	2	2	1	3	1	0	3	2	3	0	0	1	5	9	5	73	0	61	15	7	4	3	2	14	48	47	28	10	14	8	4	2	1	1	3	2	1	3	2	0	2	3	3	3	2	1	5	2	3	8	7	14	8	2	3	3	1	2	2	0	0	0	3	4	3	8	13
0	0	0	0	0	0	0	0	2	0	0	1	0	0	0	0	1	2	0	1	1	2	0	0	0	0	0	0	1	0	0	0	0	0	0	1	0	0	0	0	1	0	0	0	0	0	0	0	0	1	0	0	0	1	0	1	0	0	0	1	0	0	0	0	0	0	0	1	0	0	1	0	0	0	0	0	0	0	0	0	1	0	0	1	0	1	0	1	0	0	1	0	0	0	0	2	1	1	0	0	0	1	0	0	0	0	0	0	0	0	0	0	0	1	1	0	1	0	0	1	1	2	0	0	0	1	0	0	1	0	0	1	0	0	0	0	0	1	0	2	0	0	0	0	1	0	1	0	0	0	0	0	0	1	1	2	0	0	0	2	1	1	0	0	0	1	0	0	0	1	0	0	0	0	0	0	1	1	0	1	1	0	0	0	0	1	2	0	4	0	0	0	0	1	1	0	0	0	1	0	0	0	2	0	0	0	2	0	0	0	0	0	0	0	0	0	1	0	0	2	0	0	0	0	0	1	0	0	0	1	1	0	0	0	0	2	0	1	0	0	0	0	0	1	1	0	0	1	0	1	0	0	1	0	1	1	1	2	0	0	0	0	0	0	0	0	0	1	1	0	1	0	0	1	0	1	1	0	0	0	0	0	1	0	0	0	0	0	0	0	0	0	0	0	1	0	0	0	0	0	1	0	0	0	1	1	0	0	1	0	0	1	0	2	0	0	1	4	0	0	2	4	5	4	1	6	5	8	9	5	3	1	0	1	1	2	0	0	0	2	0	3	0	4	1	2	0	1	2	2	0	1	2	1	1	3	0	0	2	2	0	0	2	3	0	0	0	4	2	5	3	0	5	3	0	0	1	1	1	2	0	0	0	1	2	0	0	0	0	0	1	0	1	0	0	0	2	1	0	0	0	1	3	1	1	1	3	0	1	4	1	3	9	6	9	14	14	5	2	2	2	7	3	0	2	3	2	0	3	1	1	2	5	1	18	12	6	22	61	0	93	19	10	6	11	18	240	25	12	9	15	10	3	2	3	9	2	4	0	2	1	3	4	3	3	3	2	5	4	5	5	3	5	23	11	12	5	11	7	7	4	1	3	1	5	5	5	3	9
0	0	0	0	0	0	0	2	0	0	1	0	0	1	0	0	0	1	1	0	0	1	0	0	0	0	1	1	0	0	0	1	0	1	1	2	0	0	0	0	0	0	0	0	1	0	0	0	0	1	0	0	0	1	1	0	1	1	0	0	0	1	0	0	1	0	1	1	0	1	0	1	0	1	0	0	0	1	0	0	1	0	0	0	2	0	1	0	0	0	0	0	0	0	0	0	1	0	0	0	0	1	0	1	0	0	0	0	1	1	0	0	0	0	0	1	0	0	0	0	1	1	0	0	0	1	0	2	1	1	0	0	0	0	1	0	1	0	1	2	0	0	0	0	0	1	0	1	1	1	0	0	0	0	0	1	0	1	0	0	0	0	1	0	1	0	0	0	1	0	0	1	0	0	0	0	0	1	0	1	0	1	0	2	0	0	0	0	0	1	0	1	0	1	0	0	1	0	1	0	0	0	0	0	0	0	0	0	0	0	0	0	0	0	0	0	0	1	0	2	0	0	0	0	0	1	0	0	2	0	0	0	0	0	0	1	0	0	1	1	2	1	0	0	0	0	0	0	0	0	0	0	1	0	0	0	0	0	0	1	0	0	0	0	0	0	0	1	0	0	1	0	0	0	0	1	0	1	0	1	1	0	0	0	0	0	0	1	0	0	0	0	0	0	2	0	1	3	0	2	1	1	0	0	0	0	0	0	0	1	0	1	2	0	1	0	1	0	0	0	1	3	3	1	0	8	7	5	4	5	2	0	1	0	0	2	0	2	0	0	0	2	1	1	1	1	3	0	1	0	1	1	0	0	0	0	0	1	2	1	0	0	1	1	1	1	1	5	0	0	0	0	3	0	1	1	1	1	1	0	1	1	0	0	1	0	0	0	0	0	0	1	1	0	0	0	0	2	0	0	1	1	0	1	0	1	0	2	1	2	1	4	4	2	3	11	7	4	1	3	2	6	4	1	7	1	1	0	2	4	4	6	3	1	24	10	8	16	15	93	0	37	19	11	9	22	67	11	8	5	15	10	6	8	3	6	6	3	4	1	1	0	4	6	2	0	1	3	3	2	6	3	9	20	25	19	8	14	11	4	4	2	4	1	12	9	4	7	23
0	0	0	0	0	0	0	0	0	0	0	1	0	1	0	1	0	0	0	1	0	0	0	0	0	0	0	0	0	0	1	0	0	0	0	1	0	0	0	0	0	0	1	1	1	0	0	0	0	0	1	0	1	0	0	0	0	1	0	0	1	0	0	2	0	0	1	0	0	0	0	0	0	0	0	0	1	0	0	0	1	0	1	1	0	1	0	0	0	0	0	0	0	1	0	0	1	0	0	0	0	0	0	0	0	0	0	0	1	0	0	0	2	1	0	0	0	0	1	0	0	0	1	0	1	0	0	0	1	0	1	0	1	1	2	0	0	0	0	1	0	0	0	0	0	0	0	0	0	0	0	0	0	0	0	1	0	0	1	0	0	0	0	0	1	0	1	0	0	1	0	1	0	0	0	0	0	0	1	0	0	0	1	1	0	0	0	0	0	0	1	1	0	1	0	0	0	1	0	0	0	0	0	0	0	0	0	0	0	0	0	0	0	1	0	0	0	0	0	3	0	0	0	1	1	0	1	0	1	1	0	0	0	0	0	1	1	1	0	2	0	0	1	0	1	0	0	1	0	0	0	1	0	0	1	0	0	0	0	0	0	0	1	0	0	0	0	0	1	0	1	0	0	0	0	1	0	1	0	1	0	0	1	0	0	0	0	0	0	0	0	0	1	0	0	0	1	1	1	0	2	0	2	0	0	1	0	0	0	0	1	0	1	1	1	0	1	0	2	2	0	4	2	0	2	6	5	4	4	3	2	2	1	0	0	1	0	0	0	0	0	2	1	0	1	1	1	1	2	0	1	3	0	0	0	0	0	1	0	1	1	0	2	1	1	1	0	1	1	2	2	2	1	0	0	1	1	3	0	0	0	1	2	0	0	0	0	0	1	1	0	1	0	1	1	0	1	2	0	0	1	1	0	0	1	0	0	1	0	0	2	2	0	3	3	10	14	11	9	4	4	4	0	0	3	1	3	5	2	2	2	7	6	3	28	7	5	4	7	19	37	0	57	4	13	81	18	5	2	3	8	4	1	2	1	5	4	1	3	2	3	6	6	4	1	3	1	3	2	6	4	5	7	17	32	62	14	7	3	4	3	1	1	4	13	17	7	21	5
0	0	0	0	0	0	0	0	0	1	0	0	0	0	0	0	0	0	0	1	0	0	1	0	1	0	0	1	0	0	1	0	0	0	0	0	0	0	1	0	1	0	0	0	0	0	0	0	1	0	0	0	0	1	0	0	0	0	0	0	0	0	0	0	1	0	0	0	0	0	0	0	0	0	0	0	2	0	0	0	2	0	1	1	0	0	0	0	0	1	0	0	0	0	0	0	0	0	0	0	0	1	0	0	0	0	1	0	0	1	0	2	0	0	0	0	0	0	0	0	0	0	1	0	1	0	1	1	0	0	1	0	1	0	0	0	0	0	0	0	0	0	1	0	0	0	0	0	0	0	1	0	1	1	0	0	0	1	0	0	0	0	0	0	0	1	0	0	1	2	1	1	1	1	0	1	0	0	0	0	1	0	0	1	1	0	0	0	0	0	0	0	0	0	0	1	0	0	0	0	0	0	0	0	0	1	0	0	2	0	0	0	1	0	0	0	1	0	0	1	3	3	0	0	0	0	1	0	0	0	1	0	0	0	0	2	0	0	0	2	0	0	0	0	0	0	0	0	1	0	1	0	0	0	0	0	2	0	0	3	0	0	0	1	0	0	0	0	0	0	0	0	0	0	1	0	0	1	0	1	0	0	0	0	0	2	0	1	0	0	0	1	0	0	0	0	0	1	0	0	0	1	1	1	0	1	0	0	0	0	0	1	0	1	0	0	0	1	1	1	1	1	3	2	1	3	6	5	3	2	2	0	0	2	0	1	1	0	0	0	0	0	1	0	1	0	0	1	1	1	0	2	0	1	0	0	0	0	0	1	0	0	2	2	1	0	0	0	0	3	0	1	1	1	1	2	0	1	0	1	0	0	1	0	0	1	0	0	0	0	0	0	0	0	1	0	0	1	0	0	0	1	1	0	2	0	0	0	0	1	0	1	4	0	8	18	31	34	16	6	4	13	7	8	8	4	4	5	3	1	2	8	9	8	25	3	2	3	4	10	19	57	0	22	22	34	7	4	3	0	2	7	7	3	4	6	8	3	8	5	7	11	7	3	3	4	2	2	4	5	7	3	17	15	35	25	12	10	5	8	4	1	1	3	16	30	33	138	14
0	0	0	0	0	0	0	1	0	1	0	0	0	1	1	0	0	0	0	0	0	0	1	0	1	0	0	0	0	0	0	0	0	0	0	0	0	0	0	0	0	0	0	1	0	0	1	0	0	0	0	0	1	0	0	0	0	0	0	0	1	0	1	0	0	0	0	0	2	0	0	0	1	0	0	0	0	1	1	0	0	0	0	0	0	0	0	0	1	1	0	1	1	0	0	0	0	0	0	1	0	0	0	0	1	0	0	0	0	0	0	1	0	0	0	0	1	0	0	0	0	1	0	0	1	0	0	0	1	0	2	0	0	0	1	1	0	0	0	0	0	0	0	0	0	0	0	1	1	0	0	0	0	0	1	0	0	0	0	0	0	0	1	0	0	0	1	0	0	0	1	1	1	0	0	0	0	0	0	0	1	1	0	1	0	1	1	0	1	0	0	0	0	0	0	1	0	1	0	0	0	0	0	0	0	0	1	0	0	0	1	0	1	0	0	0	0	1	0	0	1	1	1	1	0	0	1	0	0	0	1	1	0	0	0	1	0	0	2	1	0	0	0	0	1	1	0	1	0	0	0	0	0	0	2	0	0	1	0	0	0	0	0	0	1	0	0	0	0	0	0	1	1	1	0	2	1	0	0	1	1	1	0	0	1	0	0	1	0	0	0	0	1	0	0	1	0	0	0	0	2	1	0	1	0	1	0	0	0	1	1	0	1	1	0	0	1	0	1	1	1	3	6	1	0	3	5	4	0	0	2	1	1	2	0	1	1	0	1	0	0	2	0	0	0	0	1	0	0	0	0	1	1	1	0	1	0	0	1	0	2	1	2	0	2	0	2	1	0	0	2	2	0	2	3	1	0	2	2	1	2	2	2	0	1	0	0	0	0	0	0	1	0	0	0	0	0	0	0	2	1	1	1	0	0	3	1	1	0	0	0	0	1	3	11	18	9	102	27	18	11	22	24	12	14	10	9	6	4	0	3	7	15	7	11	4	1	4	3	6	11	4	22	0	31	12	3	3	3	2	5	3	1	2	6	12	4	1	2	5	5	3	9	7	8	5	9	3	4	15	11	8	41	8	5	5	7	4	1	3	3	1	0	2	7	6	17	48	12
0	0	0	0	0	0	0	0	0	0	1	1	0	1	0	0	0	0	1	0	0	0	0	0	0	0	0	1	0	0	0	1	0	0	0	0	0	0	0	0	0	0	0	0	0	0	0	0	0	1	0	0	0	0	0	0	0	0	0	0	0	0	2	0	0	0	0	0	0	0	0	0	1	1	0	0	0	0	0	0	0	0	1	0	1	0	0	0	1	0	1	0	0	0	1	0	0	0	0	0	1	0	0	0	0	0	0	1	0	0	0	0	0	0	0	1	0	0	0	0	0	0	0	0	0	0	2	0	0	0	0	0	1	1	0	2	2	1	0	1	0	1	0	0	0	1	0	0	0	0	0	0	0	0	0	0	0	0	0	0	0	0	0	0	0	0	1	0	0	2	0	0	0	0	0	0	0	0	0	0	0	0	0	0	0	1	1	0	2	0	0	0	0	0	0	0	0	0	0	0	0	0	0	0	0	0	0	0	0	0	0	0	1	0	1	0	1	1	1	0	0	1	0	0	0	1	0	0	1	0	1	2	0	0	1	1	0	0	0	0	3	2	1	1	0	0	0	1	1	1	2	0	1	2	0	1	0	1	0	0	0	0	0	0	0	0	0	0	0	0	0	0	1	0	0	0	1	0	0	0	1	0	0	0	1	0	0	0	1	0	0	0	1	0	0	0	0	1	0	0	0	0	1	0	1	0	1	1	0	1	0	1	1	0	1	0	1	1	1	2	0	1	3	4	1	4	3	5	1	2	0	1	0	0	1	0	0	0	1	0	0	1	0	0	0	0	1	1	1	1	3	2	1	0	0	0	0	0	0	0	1	1	1	2	0	3	0	1	1	1	0	0	3	1	2	0	0	0	3	2	1	1	0	0	1	0	0	0	0	0	1	0	0	0	0	2	0	0	0	0	0	0	0	0	0	0	0	2	1	0	3	1	2	3	4	7	5	21	10	10	8	6	6	5	7	2	0	4	4	2	3	3	2	1	10	3	9	3	2	11	9	13	22	31	0	21	4	2	3	3	4	3	3	2	0	1	2	5	2	1	5	4	7	1	1	1	4	5	5	4	8	11	7	5	5	11	6	3	4	2	1	2	0	1	3	9	10	51	11
0	0	0	0	0	0	0	1	0	0	1	0	1	0	0	0	2	0	0	0	0	0	1	1	0	2	0	0	0	0	0	0	0	1	0	0	0	0	0	0	0	0	1	0	0	0	0	0	0	0	0	0	0	1	0	0	0	0	2	0	1	0	1	0	0	0	0	0	1	0	2	0	0	1	0	0	0	0	0	0	0	1	0	0	0	0	0	0	1	0	0	0	0	1	1	0	0	0	0	0	0	0	0	0	0	0	0	0	0	0	0	0	0	0	1	0	1	0	1	0	2	1	0	0	0	0	0	0	0	0	1	1	1	0	1	0	0	2	2	0	1	1	0	0	0	0	0	0	0	0	0	0	0	1	0	0	0	1	0	2	1	0	1	0	0	0	0	0	0	0	0	1	1	2	0	1	0	0	0	0	1	0	0	0	0	0	0	2	0	1	0	0	0	0	1	0	1	0	1	0	0	0	0	0	0	0	0	0	1	0	0	0	0	1	0	0	0	1	0	1	0	0	0	1	0	0	0	0	1	0	0	0	0	1	0	0	1	1	1	1	1	0	0	0	0	0	0	0	0	0	1	0	0	1	0	0	1	1	0	0	0	0	0	0	0	0	0	0	0	0	0	1	0	0	1	0	0	0	0	0	0	1	0	0	0	0	0	0	0	1	0	0	0	2	1	0	1	0	1	0	1	1	2	2	1	0	0	0	0	1	0	1	1	0	2	3	1	0	0	1	2	3	2	3	2	5	14	4	3	0	0	1	2	0	0	2	0	0	2	1	1	1	0	2	1	1	0	2	0	1	0	1	2	0	0	1	0	1	0	0	0	1	1	1	1	1	3	1	1	0	3	4	0	0	1	0	1	1	0	0	1	1	1	2	0	1	0	0	0	0	0	0	0	0	1	0	0	0	0	0	2	0	0	1	0	1	1	0	1	2	2	3	2	3	7	13	13	9	5	1	0	8	3	3	6	2	2	1	2	2	1	2	2	4	9	7	5	7	14	18	22	81	34	12	21	0	13	4	2	6	2	7	3	4	2	4	3	2	4	3	1	3	2	1	2	3	0	1	2	5	3	7	12	13	10	23	8	5	5	6	2	0	3	5	5	9	13	30	19
0	0	0	0	0	0	0	0	1	1	0	1	0	0	0	0	0	1	0	0	2	0	0	0	0	0	0	0	0	0	1	0	0	0	0	1	0	1	2	0	0	0	0	0	0	1	0	0	0	0	0	0	0	0	0	0	0	1	0	0	0	0	1	0	0	0	0	0	0	0	0	0	0	0	0	0	0	0	0	0	0	0	0	0	0	0	0	0	1	0	0	0	0	0	1	2	0	0	1	1	0	0	2	0	0	1	1	0	0	1	0	0	0	1	0	0	1	1	0	1	0	0	0	0	1	1	0	1	0	1	0	0	0	0	1	0	0	0	1	1	1	0	0	0	0	1	0	0	0	1	0	0	0	0	0	0	0	0	0	0	0	1	0	0	0	0	1	1	1	0	0	1	0	0	1	0	0	0	1	0	0	2	0	0	1	1	0	0	1	1	0	3	0	0	1	0	1	0	0	0	0	0	1	0	0	0	0	0	1	0	1	0	0	0	0	0	0	3	0	0	0	2	1	0	0	0	0	0	0	0	1	0	1	0	0	2	1	1	1	2	1	1	0	1	3	0	0	0	0	0	1	2	0	0	0	0	0	0	0	0	0	0	0	0	0	0	0	1	1	0	0	0	0	0	1	0	1	1	2	2	1	0	0	0	0	0	0	1	0	1	0	0	0	0	0	0	0	0	0	1	0	0	0	0	1	0	0	0	0	0	1	0	0	1	2	0	1	0	0	4	0	4	2	2	4	6	7	2	4	7	1	1	0	3	0	0	1	0	1	0	1	1	2	0	1	2	1	0	2	3	0	1	0	1	0	2	0	0	1	2	1	2	1	2	4	0	0	1	1	1	1	1	0	2	0	0	1	2	2	3	0	0	3	1	3	0	0	0	2	0	0	1	0	1	2	0	1	0	2	0	0	0	0	0	0	2	2	1	0	1	4	3	7	8	16	17	10	5	8	5	5	4	6	1	2	2	3	0	2	1	3	2	5	1	11	12	10	41	48	240	67	18	7	3	4	13	0	26	18	15	24	13	8	4	2	5	4	2	2	2	2	4	4	2	2	3	2	3	1	5	5	4	7	23	14	7	3	5	6	4	4	3	0	3	4	5	4	5	8
0	0	0	0	0	0	0	2	1	0	2	0	0	0	0	1	0	1	1	0	1	0	1	0	0	1	0	0	1	0	1	0	0	0	0	0	0	0	0	1	1	0	0	0	0	1	0	0	0	1	0	0	1	0	1	1	1	0	0	0	0	1	0	0	0	0	0	2	1	1	0	0	0	0	0	0	0	0	0	1	0	0	0	0	1	0	0	0	0	0	0	0	0	0	0	1	1	0	0	1	0	0	1	0	1	1	0	1	1	0	1	0	0	0	0	0	0	0	0	1	0	0	1	0	0	1	0	0	0	1	0	1	1	0	1	1	0	0	2	0	0	1	1	1	0	0	1	0	1	0	0	0	0	1	0	0	1	0	0	0	0	0	0	1	0	0	1	2	1	0	1	1	0	3	1	1	0	0	0	0	1	0	1	0	0	1	1	0	0	0	1	1	0	1	0	1	0	0	0	0	0	1	0	0	1	0	0	0	0	1	0	0	1	1	1	2	0	0	0	1	0	1	1	1	1	0	2	1	1	0	1	0	1	2	0	1	1	0	1	0	0	0	0	1	0	1	0	1	0	0	1	0	0	2	1	0	0	2	0	1	1	0	0	0	0	1	2	0	1	0	0	1	0	2	1	2	0	0	0	0	0	0	0	0	1	0	0	0	0	0	0	0	1	0	1	0	1	1	0	1	3	1	0	1	1	0	0	2	0	0	0	0	2	1	1	0	2	4	1	3	0	3	2	1	4	4	14	9	22	12	6	2	5	4	1	1	1	1	1	0	0	1	1	0	3	1	0	1	2	1	3	1	2	1	1	0	1	1	3	2	0	0	1	0	3	0	0	4	2	4	2	1	0	0	1	0	1	1	2	1	6	0	2	1	0	1	1	1	2	1	1	1	1	0	1	0	1	1	1	0	1	0	1	0	1	1	1	2	4	5	6	8	6	8	3	6	6	3	2	3	1	5	2	1	1	2	3	2	2	1	3	3	4	3	3	6	7	42	47	25	11	5	4	3	2	4	26	0	69	24	32	14	4	2	4	4	4	5	1	2	3	5	0	4	2	2	0	3	4	2	2	1	8	6	5	5	2	3	2	3	1	1	0	0	3	4	6	4	6
0	0	0	0	0	0	0	0	0	0	0	0	0	0	0	0	0	1	0	1	0	0	0	0	1	0	0	0	0	0	0	0	0	0	0	0	0	0	0	0	1	0	0	0	1	0	0	0	0	0	1	0	0	0	0	0	0	0	1	0	0	1	0	0	0	1	0	0	0	1	0	0	0	0	0	0	0	0	0	1	0	0	1	0	0	1	0	3	0	0	0	0	0	0	0	0	1	0	0	0	0	1	0	0	1	1	1	1	0	0	1	0	0	0	0	1	1	2	0	0	1	0	0	0	0	1	0	0	0	3	1	1	1	0	3	0	1	1	1	0	0	1	0	1	0	0	0	1	1	0	1	2	0	0	0	0	1	0	0	0	1	0	0	1	1	0	0	0	0	1	0	1	1	0	1	1	0	0	1	0	0	1	2	2	0	1	2	2	1	0	0	0	1	1	0	1	1	0	0	0	0	0	0	0	1	0	0	0	0	1	1	0	0	0	1	1	0	0	0	1	2	2	0	3	0	1	2	2	1	1	1	0	1	4	1	1	0	0	0	0	2	1	1	1	1	0	0	0	3	1	1	1	0	1	1	1	0	2	0	0	0	1	0	0	1	0	3	0	1	2	3	0	0	0	1	0	0	3	0	1	2	0	0	1	0	0	1	0	0	0	0	0	1	0	0	0	0	0	1	0	1	1	1	3	0	1	0	1	2	1	0	0	2	1	0	1	1	0	4	0	2	4	6	5	6	11	13	12	100	31	17	5	6	2	1	1	2	1	1	0	1	1	0	0	2	0	2	2	1	3	0	0	5	3	0	0	4	2	2	1	0	4	1	1	2	1	2	2	1	3	2	1	3	0	0	1	2	2	2	3	2	2	3	3	1	2	0	0	2	0	1	2	1	2	2	2	0	2	0	0	1	1	0	2	4	4	2	3	2	8	9	15	18	9	6	3	4	4	2	3	2	2	1	1	0	0	0	0	0	1	0	2	1	1	6	3	13	35	28	12	8	2	3	3	3	2	18	69	0	22	21	8	3	2	3	6	1	1	1	1	1	1	4	5	3	2	3	5	1	1	0	5	5	5	3	0	1	1	2	2	2	0	1	1	0	2	5	0	6
0	0	0	0	0	0	0	0	0	0	1	0	2	0	1	0	0	0	0	2	0	2	0	1	0	0	0	1	0	0	2	0	0	0	0	0	1	1	0	2	0	0	0	0	0	0	0	0	0	1	0	0	0	1	0	1	1	0	1	0	0	0	0	0	1	0	0	1	0	1	0	0	0	1	0	0	0	0	0	0	0	0	0	0	1	1	0	0	0	1	0	0	1	1	3	0	0	0	0	0	0	1	0	0	2	0	0	1	0	1	0	0	0	0	0	0	0	0	0	0	1	2	0	0	0	2	0	1	0	0	0	0	0	0	0	0	1	1	1	1	0	1	0	0	0	0	0	1	1	0	0	1	0	0	1	0	1	0	0	0	0	1	0	0	0	0	0	1	3	0	0	1	0	0	0	0	0	1	1	1	1	0	0	1	0	0	1	0	1	1	1	1	0	1	0	1	1	0	1	0	0	1	0	0	0	0	0	1	1	1	1	1	0	2	1	0	1	0	2	1	4	0	0	1	1	2	0	0	3	0	0	0	0	0	1	0	0	3	2	0	0	0	1	2	0	1	0	1	0	1	1	0	0	0	0	0	0	1	0	0	0	0	0	1	0	1	0	0	0	0	0	2	1	2	2	1	0	0	0	0	1	0	0	0	1	0	0	0	1	0	0	0	0	0	0	1	1	0	0	1	0	0	1	1	1	1	2	1	0	1	1	0	1	0	3	0	1	1	0	1	3	6	0	2	1	6	6	5	9	13	7	3	7	0	3	0	0	3	1	2	1	3	0	2	0	0	0	0	1	3	2	0	0	1	0	0	0	1	2	1	1	1	4	0	2	1	0	1	4	1	2	4	1	0	0	1	0	0	2	2	2	5	1	1	1	1	3	0	0	0	0	0	0	0	1	1	0	2	1	1	1	0	0	1	1	1	1	0	2	3	2	2	8	3	3	6	4	2	0	4	1	2	0	1	1	2	0	3	0	1	0	0	3	3	5	5	7	18	10	9	5	3	0	2	3	6	15	24	22	0	56	17	12	0	1	4	5	0	1	1	1	1	1	3	3	1	2	0	3	2	1	5	7	6	5	3	1	5	1	1	1	1	4	2	1	0	0	1	5
0	0	0	0	0	0	0	1	0	0	0	0	0	1	0	0	2	0	2	2	0	1	1	1	0	0	0	0	0	0	0	1	0	0	0	0	0	1	0	0	2	0	1	0	0	0	0	0	0	0	1	0	0	1	1	0	0	0	1	0	0	0	0	0	0	0	0	0	0	0	0	0	1	0	0	1	1	2	0	1	0	0	0	3	0	0	0	0	1	0	0	0	2	0	0	0	1	0	0	1	0	0	0	0	2	2	0	0	0	0	0	0	0	1	2	0	0	0	0	0	0	1	0	0	0	1	0	0	3	0	0	0	1	0	0	0	0	1	1	1	1	1	0	0	0	0	0	0	1	1	0	0	0	0	1	1	0	0	0	1	0	0	0	0	0	0	0	0	1	0	0	1	0	1	0	0	2	1	2	1	1	0	0	0	0	2	0	1	1	0	0	0	0	0	1	0	1	0	1	0	0	0	0	1	0	0	0	0	0	1	0	0	0	1	0	0	1	0	0	1	0	1	0	1	0	0	0	0	3	2	1	0	0	0	0	1	1	0	1	1	3	0	1	0	1	0	1	0	2	0	1	0	0	0	0	0	1	0	2	2	0	0	0	1	0	1	0	0	0	0	2	0	1	0	0	1	3	0	1	1	0	0	0	0	0	0	1	0	1	0	1	0	1	0	0	0	2	0	1	0	0	0	1	1	0	0	1	2	1	1	1	0	1	0	0	1	2	0	1	0	3	2	3	2	2	7	7	6	10	12	9	4	7	6	1	2	0	0	0	0	0	1	0	1	1	2	0	1	0	1	0	1	1	1	0	0	1	2	1	1	4	0	0	0	3	0	1	4	0	0	1	0	0	1	4	2	0	1	2	2	2	0	0	0	0	0	1	0	1	1	1	0	0	0	0	0	0	0	0	1	1	0	2	2	2	0	2	1	2	4	4	2	11	5	8	8	5	0	2	1	1	3	1	1	2	0	3	3	2	0	1	4	2	1	8	15	13	27	14	15	15	8	2	5	4	2	24	32	21	56	0	48	20	9	4	8	6	5	3	4	1	0	3	1	4	2	2	3	1	1	0	1	3	14	6	6	2	1	2	5	4	2	3	0	4	0	1	6	2
0	0	0	0	0	0	0	1	1	0	1	0	2	1	1	0	0	0	1	1	0	0	0	0	0	0	0	1	1	0	0	1	0	0	0	1	0	0	0	1	1	0	0	0	1	1	0	1	1	1	1	0	0	0	0	0	0	1	0	0	0	0	0	0	1	0	0	0	0	0	1	1	1	0	0	0	0	0	0	0	0	0	0	0	1	0	0	2	2	0	0	0	0	0	0	0	1	1	0	0	1	0	0	1	0	0	0	1	1	1	0	1	0	0	0	0	0	1	0	0	0	0	0	0	0	1	1	2	0	0	0	1	0	2	2	0	1	0	1	0	0	0	0	0	0	0	0	1	0	0	0	1	1	0	1	0	1	0	0	0	0	0	0	0	1	1	0	0	0	1	1	1	1	2	0	0	2	0	0	1	0	0	0	1	0	0	1	0	1	1	2	0	2	0	1	0	0	0	0	0	0	0	0	0	0	0	0	0	1	2	0	0	1	1	0	1	1	0	2	0	0	2	0	1	0	0	0	0	1	0	1	2	1	1	0	0	1	2	1	0	1	0	0	0	0	0	1	1	1	0	0	1	1	0	0	0	0	1	0	0	0	0	0	0	0	0	0	0	0	0	2	0	1	0	2	2	0	0	2	1	0	0	1	0	0	0	1	0	0	0	0	0	0	0	0	1	0	0	0	0	0	1	2	2	1	1	1	1	0	0	0	2	0	0	1	2	1	0	0	1	1	2	4	3	1	1	7	5	10	8	4	2	3	0	1	2	0	0	0	0	0	1	1	1	0	0	1	2	1	2	0	1	0	1	3	0	0	1	0	0	1	0	2	1	2	0	0	1	1	2	1	0	0	0	1	0	1	1	0	1	1	1	0	1	1	0	0	0	0	1	0	0	0	0	0	1	1	1	1	0	1	1	1	2	2	2	2	1	2	2	2	3	4	12	8	5	10	2	4	2	2	3	3	4	1	0	2	2	1	2	3	4	2	4	11	32	18	18	8	10	10	4	7	3	3	7	13	14	8	17	48	0	34	12	7	9	8	2	2	4	1	3	2	6	2	0	2	2	3	5	3	3	1	16	9	6	3	6	5	5	0	1	1	1	2	3	2	4	5
0	0	0	0	0	0	0	1	0	1	1	1	2	0	0	0	3	1	0	0	0	0	1	1	1	1	0	1	0	0	0	0	0	0	0	0	0	0	0	1	0	1	1	1	0	0	0	0	0	1	1	1	2	1	1	1	0	0	0	0	0	1	0	1	1	0	1	0	0	0	0	0	0	0	0	0	0	1	0	0	0	0	0	0	0	1	1	0	0	1	0	0	0	1	0	0	0	0	1	0	0	0	0	0	0	1	0	0	0	1	0	0	3	0	0	1	0	0	0	1	0	2	0	2	1	0	0	1	1	1	1	2	1	0	1	0	0	0	0	0	0	0	0	1	1	0	1	1	0	1	0	0	0	0	0	1	0	1	0	0	1	2	1	0	1	0	1	0	0	1	2	0	1	2	1	0	1	0	1	1	1	2	0	1	1	3	0	1	1	2	0	1	1	0	0	0	0	0	0	1	1	1	0	0	0	0	0	0	0	0	1	0	0	0	0	1	0	0	2	1	0	1	1	1	0	0	1	0	2	0	0	0	0	1	0	0	1	1	0	1	2	1	0	0	0	1	0	0	1	0	0	0	0	1	0	1	0	0	0	0	0	0	0	0	0	0	0	0	1	0	0	0	1	1	0	0	1	1	0	1	0	1	0	0	0	0	0	1	0	0	1	0	0	2	1	0	0	0	0	2	1	0	1	0	1	0	1	0	0	2	1	1	1	0	1	4	0	0	2	1	2	4	4	2	1	3	3	2	4	3	4	2	2	3	0	0	2	1	0	0	0	0	0	1	1	0	1	0	0	0	1	0	2	0	1	2	2	0	1	1	0	0	1	1	1	1	1	3	0	1	1	2	0	2	2	1	1	1	0	0	1	0	1	2	0	0	1	1	0	0	1	0	0	0	0	0	0	1	0	1	1	0	2	1	0	1	1	0	2	2	1	1	2	4	5	9	5	1	3	3	0	1	2	2	2	1	0	1	1	1	4	4	1	3	9	11	8	3	4	3	6	1	7	1	3	3	8	4	3	12	20	34	0	30	10	15	9	3	2	2	4	3	5	6	7	4	2	4	2	5	1	2	4	5	8	2	1	7	3	3	0	2	2	3	1	2	2	1	4
0	0	0	0	0	0	0	0	2	1	1	1	0	1	0	0	0	2	1	0	0	3	2	1	0	0	0	2	0	0	0	0	0	1	0	0	0	0	1	1	0	0	0	1	1	0	0	1	3	1	0	0	0	0	0	0	0	0	1	0	1	0	0	0	0	0	1	1	0	0	0	0	0	1	1	0	0	0	0	0	0	0	0	0	0	0	0	0	1	0	1	0	0	0	1	0	0	0	0	0	0	1	0	1	1	1	0	0	0	0	0	0	1	0	0	1	0	1	0	0	0	2	0	0	2	0	1	0	0	0	0	1	0	0	0	0	1	1	0	1	2	0	1	1	1	0	0	0	0	0	0	0	0	0	0	3	1	1	0	0	0	0	0	0	0	0	1	1	1	0	1	0	0	0	3	1	0	1	0	0	0	0	1	0	0	0	2	1	0	2	0	0	0	0	0	0	0	0	2	0	1	0	0	1	0	1	0	0	0	0	0	0	1	0	0	0	1	0	2	0	0	0	1	0	1	0	0	1	1	1	0	1	0	0	0	3	0	0	0	2	0	0	1	1	0	0	0	0	0	0	1	0	0	0	0	0	0	0	0	0	0	0	0	0	0	1	1	0	0	2	2	0	1	2	1	0	0	1	0	0	0	0	1	0	0	0	0	0	1	0	1	0	0	0	0	0	0	0	0	1	0	1	0	0	1	0	1	0	1	0	0	0	0	1	2	0	1	0	0	2	1	4	2	2	2	0	3	0	2	6	1	2	3	0	1	1	0	2	2	0	2	1	0	0	0	2	0	1	2	0	0	0	0	0	1	1	0	0	0	2	1	2	0	1	0	0	1	1	0	1	2	1	0	1	0	0	0	2	0	0	2	0	2	2	1	0	0	0	0	0	1	0	1	0	0	0	1	1	0	0	1	0	0	1	2	1	0	0	1	0	0	0	3	2	5	4	5	0	3	1	4	5	1	3	2	4	0	1	3	2	2	4	3	3	4	16	5	7	2	2	8	2	3	2	2	4	4	2	2	0	9	12	30	0	31	39	35	8	5	4	4	2	8	6	4	1	3	4	4	1	0	0	4	6	5	2	5	2	7	6	7	3	4	6	11	3	3	5	1
0	0	0	0	0	0	0	1	0	0	0	0	0	1	2	2	1	1	0	0	1	1	2	0	1	0	0	1	0	0	0	0	0	0	0	1	0	0	0	0	1	0	0	0	0	2	1	0	0	0	0	0	0	0	0	1	0	0	0	0	0	0	2	0	0	0	0	0	0	0	0	0	0	0	2	0	2	0	0	0	0	1	0	0	0	0	0	0	0	0	0	0	0	0	0	1	0	1	0	1	2	2	1	1	1	0	0	0	0	0	0	0	0	0	0	0	0	0	1	0	0	0	1	0	0	1	0	1	0	0	1	0	1	0	1	0	0	0	1	1	0	0	1	0	1	1	0	0	0	1	0	0	0	0	2	1	0	1	1	0	0	1	0	0	2	0	0	0	0	1	0	0	1	0	0	2	0	0	0	2	1	0	1	0	0	1	1	0	0	1	0	0	0	0	0	1	0	0	0	0	0	0	1	1	0	0	0	0	0	1	0	0	0	1	0	0	1	0	2	0	0	0	0	0	0	0	0	0	0	0	0	1	0	1	0	0	1	0	0	0	0	2	0	0	0	0	0	0	1	0	1	1	0	0	0	0	1	1	0	0	0	0	1	0	0	1	0	0	0	0	1	1	0	0	1	0	0	0	0	1	1	0	1	1	2	0	0	0	0	1	0	0	0	1	0	0	0	1	0	3	1	0	0	0	0	1	0	0	1	0	2	1	0	1	2	0	1	0	1	1	1	2	0	2	1	2	1	2	0	3	1	0	3	0	1	1	1	0	1	0	0	0	0	1	0	0	0	1	1	2	0	0	1	1	1	0	0	0	1	0	2	1	1	1	0	1	0	2	3	2	3	1	2	1	0	0	0	1	0	0	0	0	0	0	0	1	1	1	1	0	1	0	0	1	0	0	0	0	1	1	0	0	0	1	0	0	1	0	0	1	3	0	0	3	1	9	4	3	8	3	12	6	7	2	4	2	0	1	6	12	6	19	9	7	7	7	1	1	1	3	3	1	4	6	0	2	2	4	3	1	4	7	10	31	0	29	69	13	17	10	7	10	4	9	5	2	0	4	2	6	1	2	2	3	3	4	1	7	11	2	4	0	3	7	4	2	5	0	1
0	0	0	0	0	0	0	0	1	2	1	1	0	2	0	0	0	0	0	0	2	1	0	0	1	0	0	1	0	0	0	0	0	0	0	0	0	0	0	0	0	0	1	0	0	1	0	0	1	1	0	0	0	0	1	0	0	0	0	0	0	0	0	0	0	2	1	0	0	1	0	0	0	1	0	0	1	1	0	0	0	0	0	1	1	0	0	1	1	0	0	0	0	0	1	0	0	0	0	0	0	0	0	0	0	1	0	0	0	0	0	1	0	0	1	1	0	0	2	0	1	1	0	0	0	0	0	1	0	2	0	0	0	0	1	2	0	1	2	0	2	0	0	1	0	0	1	0	0	0	0	0	0	2	1	1	0	0	0	0	0	0	0	1	1	0	1	1	1	1	0	0	1	1	0	0	0	0	0	0	1	0	0	0	0	1	0	0	2	0	0	0	0	1	1	0	0	0	0	0	0	0	0	0	0	0	0	1	0	0	0	0	0	0	1	1	1	0	0	0	0	1	0	0	1	0	0	0	0	0	0	0	0	1	0	0	1	0	0	1	0	0	0	0	0	0	0	1	1	0	1	1	0	0	1	0	0	0	1	0	0	0	0	0	0	0	0	0	1	0	0	0	0	0	0	0	0	1	2	0	0	0	0	3	0	1	1	0	0	1	1	0	0	0	0	0	1	0	0	0	1	2	1	0	1	0	1	0	0	0	1	1	2	1	1	0	0	0	1	0	1	1	4	3	1	2	3	1	1	0	0	1	1	1	2	0	0	0	0	2	0	0	0	2	0	1	1	1	0	1	0	0	1	0	1	2	1	0	0	0	0	1	3	1	0	2	0	3	2	2	2	2	0	3	0	2	0	0	1	2	0	2	0	1	1	0	0	1	2	0	0	0	0	0	1	0	0	0	0	0	1	1	1	0	2	0	2	0	0	2	1	4	5	5	2	14	15	4	9	5	8	10	4	6	10	8	1	0	5	3	5	14	14	5	15	7	5	2	1	9	6	5	6	12	1	4	5	4	6	4	8	9	15	39	29	0	194	11	17	3	3	9	12	21	10	4	2	3	5	3	2	6	3	4	11	6	2	6	16	5	6	0	5	5	12	3	4	6	2
0	0	0	0	0	0	0	1	0	2	0	1	1	2	0	0	1	0	1	1	1	1	1	0	0	0	0	0	1	0	0	1	0	0	0	0	0	1	0	1	0	0	0	0	1	0	0	1	0	1	0	1	0	0	0	0	0	0	0	0	0	0	0	0	0	0	1	0	0	0	0	0	0	0	0	2	1	1	0	0	0	0	0	0	0	1	0	0	0	0	0	0	0	0	0	0	0	0	0	0	1	1	1	0	0	0	0	0	0	0	1	0	0	0	0	0	0	0	0	1	0	0	1	1	0	0	0	0	1	0	1	0	1	1	2	1	0	1	0	0	0	1	0	0	0	1	0	0	0	2	0	0	0	0	1	1	1	0	1	1	2	1	0	1	1	1	0	1	0	0	0	1	0	0	0	0	0	0	1	0	0	1	0	1	1	0	1	0	1	0	0	0	0	1	0	0	0	0	0	0	0	0	0	0	0	1	0	0	0	0	1	0	0	1	0	0	0	0	0	0	0	3	0	0	0	0	0	0	1	0	0	0	0	0	0	0	0	1	0	1	0	1	0	1	0	0	2	1	0	0	1	1	0	0	0	0	1	0	0	0	0	0	1	0	0	0	0	0	0	0	0	0	0	1	0	0	1	0	1	0	1	0	0	0	0	0	0	1	0	0	0	0	0	0	1	0	0	0	0	0	1	0	1	0	2	0	0	1	1	1	1	1	2	0	0	1	3	3	1	1	0	2	2	0	1	2	3	0	0	1	3	1	1	1	0	0	1	0	0	0	0	0	1	0	0	0	0	0	1	1	0	1	0	0	1	0	1	0	0	1	1	1	0	2	1	1	1	2	1	0	1	0	1	0	0	0	1	1	0	1	0	0	1	1	0	0	0	0	0	0	2	0	0	1	0	0	1	0	2	0	1	0	0	0	0	2	0	0	1	2	1	0	0	5	6	12	10	6	3	10	6	1	2	1	5	0	3	2	1	7	7	19	8	9	17	14	4	4	3	2	6	4	8	4	2	3	4	4	1	5	6	8	9	35	69	194	0	29	20	7	7	8	23	14	7	5	1	1	2	7	3	3	1	8	8	9	4	6	11	7	8	2	2	2	11	5	4	1	1
0	0	0	0	0	0	0	0	1	1	2	0	2	0	0	1	0	1	0	0	2	1	0	0	0	0	0	1	1	0	1	0	1	1	0	0	0	0	0	0	0	0	1	0	0	0	0	1	0	0	0	0	0	0	0	1	1	0	0	0	0	0	0	0	0	0	1	0	0	0	0	0	0	0	0	0	1	0	0	0	0	0	1	0	0	0	1	0	0	0	1	0	0	0	1	0	0	2	0	0	0	0	0	0	0	0	0	0	0	0	0	0	0	0	0	0	0	1	1	0	0	0	0	1	0	0	1	0	0	1	0	0	0	1	1	0	0	1	0	0	0	2	0	0	1	0	0	0	0	0	0	1	0	0	1	0	0	0	0	0	0	0	3	2	0	0	0	0	2	0	0	1	1	0	1	1	0	0	0	1	0	1	2	0	2	0	0	0	1	0	0	0	0	0	1	0	0	0	0	1	0	0	0	0	0	0	1	0	1	2	1	0	0	0	0	1	0	0	0	0	2	0	0	1	0	0	0	0	1	0	0	0	0	0	0	0	0	0	0	0	0	0	1	2	0	0	1	1	0	1	0	1	0	0	0	0	0	0	1	0	0	0	0	0	0	1	0	0	0	0	0	0	0	0	0	0	0	1	0	0	0	0	0	1	0	0	0	0	0	0	1	0	0	0	0	0	0	0	0	0	0	0	0	0	0	0	0	0	0	1	0	0	0	2	0	0	0	0	1	1	3	0	3	1	1	1	0	0	1	0	1	2	1	1	1	0	0	0	0	0	0	1	2	0	0	0	2	0	1	0	2	0	1	0	0	1	0	1	1	0	1	1	1	0	1	0	1	0	2	1	1	0	2	0	1	2	0	0	0	0	0	0	0	0	0	0	1	0	0	0	0	0	0	0	0	0	0	0	0	0	0	1	0	0	1	0	0	1	1	0	0	0	1	1	5	2	3	4	14	10	6	6	0	1	3	2	3	8	8	12	17	28	18	14	10	6	0	4	2	4	3	1	3	1	5	2	2	5	1	0	5	2	3	8	13	11	29	0	220	51	10	20	20	7	4	2	0	3	5	5	1	2	6	4	5	4	5	3	13	14	12	4	4	7	17	10	3	7	5
0	0	0	0	0	0	0	0	1	0	0	0	0	0	0	1	0	1	0	0	1	1	0	1	1	0	1	0	0	0	0	0	0	0	1	0	1	0	0	0	0	0	1	0	0	0	0	0	0	0	0	0	0	0	0	0	0	1	0	0	0	0	0	0	1	0	0	0	0	0	0	0	0	1	0	0	0	0	0	0	0	0	3	0	1	1	0	0	0	0	0	0	0	0	0	0	0	0	0	0	0	0	0	0	0	0	0	0	0	0	0	0	0	0	0	0	0	0	0	0	0	0	1	1	1	0	0	1	0	0	0	1	0	0	0	1	2	0	0	3	1	0	0	0	0	0	1	1	0	1	0	0	0	0	1	0	0	1	0	0	0	0	0	0	1	0	0	0	1	0	1	0	0	0	0	0	0	0	0	0	0	0	1	1	0	0	2	1	1	1	1	1	0	0	1	0	0	0	0	0	0	1	0	0	0	1	0	0	0	0	0	0	0	0	0	0	1	1	1	0	1	1	1	1	1	1	0	0	1	0	0	0	0	0	1	0	0	1	0	0	0	0	0	0	0	1	0	0	0	0	0	0	0	1	0	0	0	1	0	0	0	0	0	1	0	0	0	0	0	1	0	0	0	0	0	0	0	0	0	0	0	0	0	1	0	0	0	0	0	0	1	0	0	0	1	0	0	0	0	0	1	0	1	0	0	0	0	0	2	0	1	0	0	0	1	2	0	1	1	1	1	1	2	0	0	1	2	1	1	2	2	1	1	1	0	2	1	0	0	0	0	0	0	0	0	2	0	0	0	0	0	0	1	0	0	1	0	0	1	0	1	0	1	1	0	1	0	1	0	0	1	0	1	1	1	2	1	0	0	0	0	0	0	1	2	0	0	0	0	0	0	1	0	0	0	0	0	1	0	1	0	0	0	1	2	0	0	1	1	0	1	1	0	1	2	4	8	2	9	11	8	4	4	1	7	5	2	6	12	21	29	91	24	18	6	5	1	3	1	0	4	3	8	2	2	4	2	1	1	1	3	2	2	5	17	17	20	220	0	44	19	30	33	6	1	4	2	4	4	2	2	3	3	1	4	7	6	6	6	11	4	2	2	2	10	7	2	2	0
0	0	0	0	0	0	0	0	0	1	0	0	0	0	0	0	0	0	0	0	0	0	1	0	0	0	0	0	1	0	0	0	1	0	0	0	0	0	0	0	0	0	0	2	0	0	0	0	0	0	0	0	0	0	0	0	2	0	0	0	0	0	2	0	0	0	0	1	0	0	0	1	0	1	0	0	0	1	0	0	1	0	0	1	0	0	0	0	0	0	0	0	0	0	1	0	0	0	0	0	0	0	0	0	0	0	0	0	0	0	0	0	0	0	0	0	0	0	0	0	0	1	1	1	1	0	0	3	0	0	0	0	0	1	0	1	0	0	2	0	1	2	0	1	0	0	0	0	2	0	0	0	1	0	0	0	0	0	0	0	1	0	0	0	0	2	0	0	0	1	0	0	1	0	0	0	0	0	0	0	1	1	0	1	0	0	0	0	1	0	0	0	0	1	1	0	1	0	0	1	0	0	0	0	0	0	0	0	0	0	0	0	0	0	1	0	0	0	1	1	0	0	0	0	0	1	0	1	0	2	0	1	0	0	1	0	0	0	0	0	1	1	0	0	0	0	0	0	0	0	0	1	0	0	0	0	0	0	0	1	0	0	0	0	1	1	0	0	1	0	0	0	0	0	0	1	0	0	0	0	0	0	0	0	1	0	2	0	0	0	0	0	0	0	0	0	0	1	0	0	1	0	0	0	0	1	1	1	0	0	0	0	2	0	1	0	1	1	1	2	0	0	1	0	0	0	3	1	0	0	2	1	1	0	0	0	0	0	0	0	0	1	1	1	0	0	0	0	0	0	0	0	0	0	0	2	0	0	0	0	1	0	1	0	0	1	1	1	1	1	2	0	0	0	0	1	0	0	2	0	0	0	0	1	0	1	1	0	1	0	0	1	0	0	0	0	0	0	0	0	0	0	0	0	0	1	0	0	1	0	0	0	0	0	2	7	6	4	5	5	14	1	2	1	5	3	4	7	5	11	17	23	39	19	11	1	1	1	3	2	1	2	5	5	1	3	2	2	1	1	4	4	2	4	10	3	7	51	44	0	50	103	19	8	6	2	4	3	1	0	2	3	5	1	7	2	6	8	7	11	7	1	4	9	9	7	6	5	2
0	0	0	0	0	0	0	0	0	1	0	0	0	0	0	0	0	1	0	0	0	0	0	0	0	0	0	0	0	0	1	0	0	0	1	0	0	0	1	0	0	1	0	0	1	0	1	0	0	0	0	0	0	0	0	0	0	0	0	1	0	0	1	0	0	0	0	1	0	0	0	0	0	1	1	0	0	0	0	0	0	0	1	0	0	0	0	1	0	0	0	1	0	0	0	0	0	0	0	0	0	0	2	0	0	1	0	0	0	0	1	0	0	0	0	0	0	1	0	0	1	0	0	0	0	0	0	0	0	0	0	0	0	0	0	0	0	1	0	0	0	0	0	2	0	0	1	0	0	0	1	1	0	0	0	0	0	0	0	0	1	0	0	0	0	0	0	0	0	0	0	0	0	0	0	0	0	0	1	0	1	1	0	0	0	0	0	0	0	0	0	0	1	0	0	0	0	0	0	0	0	0	0	0	0	0	0	0	1	0	0	0	0	0	0	0	1	1	0	1	0	0	0	0	0	0	0	1	0	0	0	0	0	0	0	0	1	0	0	1	0	1	0	1	0	0	0	0	0	0	0	0	0	0	0	0	1	0	0	1	1	0	0	0	0	0	1	0	0	0	1	0	0	0	2	1	0	0	0	0	0	0	0	0	1	0	0	0	0	0	0	1	0	0	0	0	1	0	1	1	0	0	0	0	0	0	0	0	0	1	2	1	0	1	0	0	1	0	0	0	1	3	0	1	0	0	2	0	1	0	0	1	0	0	0	0	0	0	0	0	0	0	2	1	1	0	0	0	0	0	0	0	0	1	0	0	1	0	0	0	0	0	1	0	0	0	0	0	1	2	1	0	2	0	0	0	0	0	0	0	1	0	1	0	1	0	0	0	0	0	0	0	0	0	0	0	0	0	0	0	0	0	0	0	0	1	0	0	0	1	0	0	2	1	1	1	6	9	10	10	11	3	3	4	4	3	5	11	14	11	20	10	78	37	6	1	2	2	2	1	1	3	7	5	5	1	2	3	1	1	1	1	4	4	7	3	7	10	19	50	0	212	23	6	7	3	1	1	2	4	4	1	5	1	5	9	7	5	8	9	13	4	1	8	13	14	20	7	3
0	0	0	0	0	0	0	2	0	0	1	1	1	0	0	1	1	0	0	0	1	0	0	1	2	0	1	0	0	0	1	0	0	0	0	0	0	0	0	0	0	0	0	0	0	0	0	0	2	1	0	0	1	0	0	0	0	0	0	0	0	0	0	2	0	0	0	0	0	0	0	0	0	0	1	0	0	0	0	0	0	0	1	0	0	0	0	0	0	0	1	0	0	0	0	0	0	1	0	0	0	0	0	0	0	0	1	0	0	0	1	0	0	0	0	0	0	0	1	0	0	1	0	0	0	0	0	1	0	0	0	1	0	1	0	0	0	0	1	1	0	0	2	1	1	0	0	0	0	0	0	2	0	0	0	0	0	0	0	0	0	0	0	0	0	0	0	2	0	0	1	0	3	0	0	1	0	0	1	1	0	0	0	0	0	0	0	0	0	1	0	0	1	0	0	0	0	0	0	0	1	0	0	0	1	0	0	0	0	0	0	1	0	0	0	0	1	0	0	0	0	0	0	0	0	0	0	2	0	0	0	0	0	0	0	1	0	0	0	0	0	0	0	2	0	0	1	0	2	0	1	0	1	0	0	2	1	0	0	0	0	0	0	0	0	0	0	0	1	0	2	1	0	1	0	1	0	0	0	1	0	0	0	1	1	0	0	0	0	0	0	0	0	0	0	0	0	0	0	1	0	0	1	0	0	0	0	0	0	0	0	0	0	1	1	0	0	0	0	1	1	1	1	0	1	0	2	2	2	1	1	3	0	1	1	0	0	0	2	0	1	0	0	0	0	0	0	0	0	0	0	0	0	1	0	0	0	0	0	0	0	2	1	2	2	0	1	0	0	2	0	1	0	1	4	1	1	0	2	0	0	1	0	0	0	0	0	0	0	0	0	0	0	0	1	0	1	1	0	0	0	0	0	0	0	0	0	0	0	0	1	1	1	1	4	6	7	12	28	15	10	4	2	1	5	5	2	16	13	19	33	13	96	61	7	1	3	0	0	3	0	6	11	3	4	3	4	5	1	1	0	3	3	2	10	9	8	20	30	103	212	0	30	5	5	4	0	4	3	3	0	2	2	3	4	6	1	4	9	9	5	1	1	6	10	16	9	8	4
0	0	0	0	0	0	0	1	1	0	0	2	2	0	0	0	1	0	0	0	0	0	0	0	0	0	0	0	1	0	0	2	0	0	0	1	0	0	1	0	0	0	0	0	1	0	1	0	0	0	0	0	0	0	0	0	0	0	0	0	1	0	0	0	0	0	0	0	0	0	0	0	0	0	0	0	0	0	0	1	0	0	0	0	0	1	0	0	1	0	0	1	0	0	1	1	1	0	0	0	0	0	0	0	0	1	1	0	0	0	0	0	0	0	0	0	0	0	0	0	0	0	0	0	1	0	0	0	0	1	0	0	0	0	0	1	2	1	1	0	1	1	0	0	0	0	0	0	0	0	1	0	2	0	0	1	1	0	0	0	0	0	0	0	0	0	2	1	1	0	0	1	0	0	0	0	0	1	0	0	0	0	1	0	3	1	0	1	1	0	0	1	0	0	0	1	0	0	1	0	0	0	1	0	0	0	0	0	0	0	0	0	0	0	0	1	0	1	0	0	0	0	0	0	0	0	0	0	0	0	1	0	1	0	0	1	0	0	0	0	1	0	0	0	0	1	0	0	0	1	0	0	0	0	1	0	0	0	0	0	0	0	1	0	0	1	0	0	1	0	0	0	0	1	0	0	1	0	0	1	0	0	0	1	0	0	0	0	0	0	0	0	0	1	1	0	0	3	1	0	0	0	1	2	0	0	1	0	1	0	2	0	0	0	0	1	1	0	1	0	1	3	3	1	2	3	1	3	0	0	0	0	2	1	0	1	0	0	0	0	2	0	2	1	0	3	1	1	1	2	0	1	0	0	0	1	0	0	1	0	1	1	0	1	4	0	1	0	1	1	0	0	1	0	1	0	0	1	1	0	2	0	1	1	1	1	0	0	0	1	1	0	0	1	0	1	0	0	0	0	0	0	0	0	1	2	0	0	0	0	1	1	2	3	4	17	30	11	32	21	30	15	5	3	10	6	10	6	12	8	24	34	45	81	18	3	3	1	2	4	4	6	7	9	7	2	4	0	4	1	3	2	5	8	4	12	23	20	33	19	23	30	0	24	12	6	3	1	2	9	3	5	10	9	15	5	8	6	9	11	3	1	3	6	9	12	9	5	3
0	0	0	0	0	0	0	0	0	0	0	1	0	0	0	0	0	1	0	0	2	1	1	0	1	0	0	0	0	0	2	0	0	0	0	0	1	1	0	0	0	0	1	0	2	0	1	0	0	0	0	0	1	0	0	0	0	0	0	0	1	0	0	0	0	1	0	0	0	0	0	0	0	0	0	1	0	0	0	0	0	0	0	1	0	0	0	0	3	1	0	0	1	0	2	1	0	0	0	0	0	3	0	0	0	0	0	0	0	0	0	0	0	0	1	0	0	0	0	0	0	0	1	0	1	1	0	0	0	1	0	0	0	2	0	0	0	1	0	1	0	1	1	0	1	0	1	0	1	0	1	0	0	2	0	1	0	0	0	0	0	0	0	0	0	0	0	0	0	0	0	0	0	0	0	0	0	0	0	0	0	1	1	1	2	0	0	0	0	0	0	0	0	0	0	1	0	0	0	0	0	0	0	0	1	0	0	1	0	0	0	0	0	0	1	0	0	0	0	0	2	1	0	2	0	1	0	0	0	1	0	0	0	0	1	0	0	1	0	0	0	0	1	1	0	0	0	0	0	0	1	1	0	0	0	0	0	0	2	1	0	0	0	0	0	1	0	1	0	0	0	0	2	1	0	1	0	0	2	0	1	1	0	0	0	0	1	0	0	0	1	0	0	0	0	1	1	0	0	0	0	2	1	0	0	0	1	0	0	0	1	1	0	1	0	2	2	0	2	0	4	4	12	3	2	1	0	2	4	2	0	1	0	0	2	1	0	0	1	2	0	0	0	0	0	0	0	2	0	2	2	0	0	2	1	0	1	0	0	2	1	2	0	1	0	2	1	0	2	1	2	1	1	1	0	0	1	2	0	1	0	2	0	0	0	1	0	0	0	0	0	0	0	0	1	0	0	0	0	0	1	0	2	2	0	1	1	0	1	0	2	2	1	5	8	26	26	13	8	9	20	35	4	7	12	12	10	3	3	9	2	24	7	8	16	18	0	4	3	3	6	4	3	7	1	1	2	4	5	3	1	6	6	6	9	21	14	7	6	8	6	5	24	0	48	7	5	3	9	12	5	9	16	10	10	3	1	5	3	10	2	3	2	1	11	4	5	8	6
0	0	0	0	0	0	0	0	1	0	2	2	0	0	0	1	0	0	0	0	0	1	0	0	0	0	0	0	0	0	0	0	0	0	0	0	1	1	0	1	1	0	0	0	1	1	2	0	2	0	0	0	2	2	0	1	0	1	1	0	0	0	1	1	0	1	0	0	1	0	0	0	0	0	1	1	0	0	1	0	0	0	1	0	0	0	0	0	0	0	1	1	0	0	0	0	0	0	0	0	1	0	0	0	0	0	0	0	0	0	0	0	0	0	0	0	0	2	0	0	3	0	2	0	1	4	1	2	0	1	2	0	0	0	2	1	1	1	0	0	1	1	0	1	1	0	0	0	0	1	0	0	0	0	1	0	0	0	0	1	0	0	1	3	0	0	0	1	1	1	1	2	0	0	0	3	0	0	1	0	2	0	3	0	1	0	1	0	0	0	1	2	0	0	1	0	1	0	0	1	1	0	0	0	0	0	0	0	0	0	1	0	0	0	0	0	1	1	1	0	0	1	0	0	0	0	0	1	0	0	3	1	1	0	0	1	2	1	1	0	0	1	0	0	0	2	0	1	0	1	0	0	0	0	0	0	0	0	0	1	0	1	0	0	0	0	1	0	0	0	3	0	1	0	0	0	0	1	0	0	0	0	1	1	0	0	0	0	1	0	1	0	0	0	0	0	0	1	0	1	1	1	1	0	1	0	1	0	1	1	2	1	1	0	0	1	0	1	2	2	1	3	22	5	2	6	5	6	0	3	1	1	3	1	0	0	1	0	1	0	0	1	0	1	1	1	0	0	1	2	1	1	0	0	0	2	1	0	1	0	1	1	2	0	1	2	1	2	6	2	2	0	0	3	3	1	3	2	3	0	2	1	0	0	0	0	0	0	0	0	0	0	0	0	0	1	0	0	0	0	0	0	1	0	0	0	0	1	1	0	0	2	4	5	15	12	15	7	8	12	14	38	14	6	10	7	13	4	6	2	6	5	4	9	5	8	14	5	3	3	2	1	3	8	1	2	2	2	3	3	4	2	7	4	5	10	7	4	1	6	7	5	12	48	0	29	11	15	25	26	12	16	9	14	2	2	2	3	4	4	0	0	0	4	1	1	10	3	8
0	0	0	0	0	0	0	1	2	1	2	0	0	0	1	1	0	2	0	1	0	1	0	2	1	0	0	0	0	0	2	0	0	0	0	0	0	0	0	0	0	1	0	2	0	1	0	0	0	1	0	1	0	0	0	0	0	1	0	0	0	1	0	0	0	1	0	1	0	0	0	0	0	0	0	1	2	0	0	0	0	0	0	0	0	0	0	0	0	0	1	0	0	0	0	0	1	0	0	1	0	0	0	0	0	2	0	0	0	0	1	0	0	0	0	0	0	0	0	2	0	1	0	0	2	2	0	0	0	0	1	1	0	2	0	0	2	2	0	1	4	0	1	1	0	1	0	2	1	0	0	1	0	0	1	0	0	0	0	0	1	1	0	0	1	0	0	0	1	1	0	0	0	0	0	0	1	1	0	0	0	1	1	0	3	1	1	0	0	1	1	1	0	0	1	1	0	0	0	0	1	0	0	0	0	0	0	0	0	0	0	1	1	0	0	2	0	0	1	0	0	1	0	0	0	1	1	0	1	0	2	0	1	0	0	0	0	0	0	2	2	0	0	0	0	0	0	0	0	0	0	1	1	0	0	1	0	0	0	1	0	1	0	0	0	1	0	0	0	0	0	0	0	0	0	0	0	1	0	1	0	0	1	1	0	0	0	0	0	0	0	1	0	0	0	0	1	1	1	0	3	0	1	2	0	0	1	0	0	1	2	1	0	1	0	2	2	2	2	1	3	9	19	3	0	3	3	6	3	3	2	0	1	1	3	1	0	0	0	1	0	0	2	1	1	1	0	0	0	2	0	0	0	0	0	2	1	0	1	2	1	1	0	1	0	1	0	1	1	5	3	2	0	4	3	3	5	1	3	0	0	0	0	2	0	1	0	0	0	2	0	0	1	0	0	1	0	1	2	0	1	0	0	1	3	0	0	0	1	0	2	3	3	6	11	9	4	4	3	5	14	17	18	5	15	26	17	3	6	2	1	2	4	6	5	7	7	2	3	3	0	3	4	5	1	3	3	2	2	1	2	0	4	1	2	4	5	2	4	2	3	4	6	7	29	0	31	56	98	27	32	19	8	9	0	1	0	1	1	3	4	1	2	1	4	4	4	3	7
0	0	0	0	0	0	0	0	1	2	0	0	0	0	0	0	0	0	0	2	1	0	0	0	1	1	1	1	0	0	0	0	1	4	0	0	0	1	0	0	0	0	0	0	0	1	0	0	0	0	0	0	0	0	0	0	0	1	1	0	0	1	1	0	0	0	0	3	0	0	1	0	0	0	1	0	0	0	1	0	0	0	0	0	1	0	0	0	0	1	1	0	0	0	0	1	0	0	1	0	0	0	0	0	0	0	0	0	0	1	0	0	1	0	0	1	0	0	0	0	0	0	0	1	1	3	1	1	0	2	0	0	1	3	1	0	3	1	3	1	0	0	0	0	2	1	0	1	1	3	1	1	1	1	0	1	1	0	0	0	0	0	1	0	0	0	1	0	1	0	0	0	2	1	0	0	1	0	1	0	1	1	0	2	1	1	1	1	2	1	0	0	0	0	1	0	0	0	0	0	0	1	1	1	0	0	0	0	0	1	1	0	1	0	1	1	1	0	0	1	0	0	0	0	0	1	0	0	0	2	0	0	0	1	1	0	1	0	2	0	0	1	1	1	0	1	0	1	0	0	0	1	1	0	0	0	0	1	0	0	0	0	0	0	0	1	0	1	0	1	1	0	2	0	2	0	0	1	0	2	1	2	1	0	0	0	1	0	1	0	1	0	0	0	0	1	0	0	1	0	1	0	2	2	0	1	1	1	2	1	3	2	2	0	1	6	5	1	2	4	12	17	31	8	6	5	1	4	8	3	4	0	1	0	1	0	2	0	0	1	1	0	0	2	1	0	0	1	1	1	2	0	0	1	1	0	0	0	0	0	0	0	1	1	4	1	2	4	2	4	7	5	2	5	5	4	0	1	2	2	2	0	0	1	0	0	0	1	0	1	0	0	0	0	0	0	0	1	0	0	0	1	1	0	4	0	1	1	0	0	2	3	5	3	12	4	4	3	2	3	1	12	4	4	8	8	2	0	6	5	1	3	1	4	7	6	8	1	2	2	1	1	2	9	4	0	2	0	3	2	2	2	2	3	0	2	1	0	2	4	1	0	3	5	11	31	0	103	35	17	25	16	6	2	2	1	0	2	0	1	0	0	0	1	2	5	3	2	7
0	0	0	0	0	0	0	0	0	2	0	0	0	1	0	1	2	0	0	1	1	0	0	0	2	1	0	1	0	0	0	0	0	0	1	2	1	1	0	0	0	1	0	0	0	0	0	0	0	1	0	1	2	0	1	1	0	0	0	0	0	0	1	0	0	0	0	0	0	0	1	0	0	1	0	0	0	0	0	0	0	0	1	0	1	0	1	0	1	0	0	0	1	0	0	0	0	0	1	0	1	0	0	0	0	0	1	0	0	1	0	0	1	1	0	1	0	0	0	0	1	1	0	1	1	1	4	1	0	2	0	1	1	0	0	5	2	0	1	2	5	0	1	0	1	0	0	2	1	0	0	1	0	0	0	1	1	0	0	1	0	0	0	0	0	0	0	1	0	1	1	0	0	0	3	0	1	0	1	0	1	0	1	1	1	1	2	0	0	0	1	1	0	0	0	0	1	1	0	0	0	1	0	0	0	0	0	0	0	0	0	0	0	1	0	0	2	1	0	3	1	0	0	0	0	0	0	0	0	0	0	0	1	1	0	0	0	1	0	1	1	0	0	0	2	1	0	1	1	0	0	0	0	0	0	0	0	0	2	0	0	0	0	0	0	0	1	0	0	0	1	0	0	1	1	1	0	0	1	0	0	0	0	1	0	0	0	1	0	0	0	0	2	0	1	2	0	0	1	1	0	0	1	0	0	0	1	0	1	1	1	2	2	2	1	2	2	0	2	3	5	16	29	9	5	4	3	4	1	1	2	3	0	0	1	0	1	0	0	0	0	0	0	0	0	1	1	0	1	1	0	1	0	0	0	1	1	2	0	0	1	4	1	2	0	2	1	1	1	2	6	4	4	8	3	6	3	1	2	1	2	2	2	2	0	1	0	0	2	0	0	2	0	0	0	0	0	0	0	1	1	0	0	1	4	1	0	1	0	1	0	2	3	5	8	4	1	3	2	5	3	12	7	5	10	11	11	2	4	2	2	3	1	3	3	9	4	4	1	5	3	3	2	3	5	1	3	3	5	0	3	2	4	4	4	3	1	3	4	3	1	4	1	3	15	56	103	0	49	27	54	20	7	1	7	3	3	1	0	1	0	0	1	0	3	3	2	3	6
0	0	0	0	0	0	0	0	0	0	0	0	0	0	1	1	0	0	0	0	1	3	0	2	0	0	0	0	1	0	0	0	0	0	0	0	0	0	0	0	0	0	0	0	0	0	0	1	0	2	1	0	0	0	1	0	1	0	1	1	1	0	0	0	0	0	0	0	0	0	0	1	1	0	1	0	0	0	1	0	0	0	0	0	0	0	0	0	0	0	0	0	0	1	0	1	0	0	1	0	0	0	1	0	0	0	0	2	0	0	0	0	0	0	0	0	0	0	1	0	2	0	0	0	1	0	0	1	0	0	1	0	0	4	0	1	0	0	5	1	1	1	2	0	0	0	2	2	1	0	0	1	1	0	0	1	1	0	0	0	1	0	0	0	2	0	0	2	0	1	1	0	1	0	0	0	0	1	0	0	0	4	0	0	2	3	1	1	0	1	0	1	0	0	0	1	0	1	0	0	0	0	0	0	0	0	0	0	0	0	0	0	0	0	0	0	0	1	0	2	2	1	2	1	0	0	0	3	0	0	0	0	0	0	0	0	0	1	2	0	1	3	0	0	0	0	0	4	1	0	1	0	0	1	0	0	0	0	1	1	0	0	0	0	0	0	0	0	0	0	0	1	0	0	0	0	0	0	0	2	1	0	1	0	0	0	0	0	0	1	1	0	0	1	0	0	1	1	0	1	1	0	1	0	1	0	0	1	0	1	1	0	0	1	2	3	1	1	1	4	2	7	30	6	1	3	1	2	1	0	3	1	0	1	0	0	0	0	1	0	0	0	0	0	1	1	0	2	0	2	0	0	0	1	0	0	1	1	4	1	1	2	2	3	2	0	2	4	2	1	5	2	3	3	3	0	1	4	0	0	0	1	1	0	1	1	0	0	0	0	0	1	1	1	0	0	1	0	0	0	0	1	0	0	0	0	0	1	1	0	2	1	2	4	8	9	6	7	6	7	14	44	29	15	23	19	15	7	2	2	4	2	4	3	8	3	4	3	5	4	3	2	4	4	5	2	1	4	1	3	1	3	2	4	2	5	2	5	4	1	2	3	2	9	25	98	35	49	0	107	160	44	20	7	5	5	2	1	2	3	2	1	2	3	2	0	4	1	6
0	0	0	0	0	0	0	0	1	1	1	1	1	0	2	0	0	0	0	0	0	0	0	0	0	0	0	0	0	2	1	0	0	0	1	0	0	0	0	0	0	0	0	1	0	0	1	0	0	0	0	0	0	0	0	1	0	0	0	0	0	1	1	1	0	0	0	0	0	0	0	1	0	2	0	1	1	0	0	0	0	0	0	1	0	0	0	0	0	1	1	0	0	0	2	1	0	0	0	1	0	0	0	0	0	1	0	0	0	0	1	2	0	0	0	0	0	2	0	1	1	0	0	0	1	0	2	0	0	1	1	2	0	1	3	0	2	0	0	0	0	1	0	2	2	0	0	1	0	1	0	0	0	1	0	1	0	1	0	0	0	0	1	1	0	1	0	2	0	0	3	0	0	0	1	0	0	0	1	0	0	0	1	1	2	0	1	0	0	0	2	1	1	1	1	2	2	0	0	0	1	0	1	0	0	0	0	0	0	1	1	0	0	0	0	1	1	0	1	0	1	0	0	0	0	0	0	0	1	0	0	0	2	1	1	0	1	0	0	0	2	0	1	1	0	0	2	0	0	0	2	0	0	0	0	0	1	0	0	1	0	0	0	1	0	0	0	0	0	1	2	1	0	1	0	0	0	1	1	0	0	0	0	0	0	1	1	0	0	0	0	1	0	1	1	0	0	1	2	0	0	0	0	0	0	2	0	0	0	0	2	2	1	0	0	1	3	3	1	6	2	10	26	4	3	5	5	5	5	7	2	1	0	1	1	1	0	0	0	1	1	1	1	1	0	0	0	0	2	0	1	2	0	0	0	0	1	1	0	0	0	0	2	1	2	2	4	0	4	3	3	4	4	2	8	1	0	2	2	1	1	0	0	1	1	0	0	0	0	0	1	1	0	0	0	0	1	0	0	1	1	1	0	0	5	0	0	2	0	1	1	2	6	6	25	14	9	10	1	5	8	38	24	5	15	11	11	3	6	2	2	8	2	5	8	13	17	5	2	5	2	6	5	15	4	5	5	2	1	2	1	5	5	1	6	3	7	5	2	0	4	3	9	12	26	27	17	27	107	0	68	104	31	9	8	4	3	3	6	4	3	1	0	1	2	1	1	5	10
0	0	0	0	0	0	0	0	0	0	1	0	0	1	0	1	4	1	0	0	2	0	1	0	0	0	0	0	0	0	0	0	1	1	2	1	0	0	0	0	0	1	0	0	0	1	0	0	1	0	1	0	1	1	0	0	1	0	1	1	0	0	0	0	0	0	0	0	1	0	0	0	1	1	0	0	0	0	0	0	0	0	0	0	0	0	0	2	1	0	0	2	0	0	2	2	2	0	0	0	1	0	1	0	1	0	1	0	0	0	1	1	0	0	0	0	0	0	0	0	0	2	1	0	1	0	3	0	1	0	1	1	2	0	2	1	0	0	0	0	1	1	0	0	0	0	1	0	0	1	1	0	2	2	0	0	0	1	0	0	0	0	0	1	0	0	0	0	1	1	0	0	0	1	0	0	1	1	0	1	1	0	1	0	1	2	0	0	0	0	0	1	2	0	0	1	0	0	1	1	0	0	2	0	0	0	0	0	0	1	1	0	0	0	0	0	1	2	0	0	1	0	0	0	0	1	0	0	0	2	0	0	0	0	1	2	0	0	0	0	0	0	1	0	1	1	0	1	0	2	1	0	1	1	0	1	0	0	1	0	0	0	0	0	1	1	0	0	1	0	0	2	1	0	0	0	0	0	2	0	0	0	0	0	0	0	0	0	0	0	1	1	0	0	0	0	0	1	1	1	1	1	1	3	1	0	1	0	1	1	1	1	1	2	1	1	1	1	4	1	6	11	33	5	2	1	3	11	2	1	3	2	1	0	0	0	0	1	0	2	0	0	0	0	0	0	0	2	0	1	0	1	0	0	1	0	2	0	1	2	1	2	2	0	1	3	1	3	2	4	5	5	10	7	2	3	3	0	2	3	2	1	2	0	1	1	2	0	0	0	0	0	0	0	1	1	0	0	0	0	1	0	1	0	0	1	1	0	0	1	0	2	3	3	12	8	6	7	4	11	3	17	34	11	14	21	7	4	3	1	3	3	3	6	3	5	5	7	3	5	6	4	7	11	8	3	5	2	0	1	0	3	1	0	1	2	3	1	2	2	4	0	3	5	12	32	25	54	160	68	0	67	16	9	2	2	3	1	1	3	3	0	0	3	1	4	3	4	15
0	0	0	0	0	0	0	1	1	0	2	0	1	0	0	0	0	1	0	1	0	2	1	1	0	0	1	0	0	1	0	0	0	0	0	0	0	0	0	0	0	0	1	0	0	2	0	0	1	2	0	0	0	0	0	0	0	0	0	0	0	0	0	2	0	1	0	0	0	0	0	0	0	0	0	0	0	0	0	0	1	0	0	0	0	0	0	1	1	1	1	2	0	1	1	0	0	0	0	0	0	0	0	0	1	0	0	0	0	0	1	0	0	0	0	1	1	0	0	0	2	0	0	1	2	1	0	1	0	0	2	0	0	0	0	2	0	0	2	0	1	2	1	0	0	1	2	0	1	0	0	0	0	0	0	0	0	0	0	0	0	0	0	0	0	0	0	0	0	0	0	0	0	1	2	0	1	0	0	1	1	0	1	1	1	0	1	0	0	1	0	0	0	0	0	0	0	0	0	0	0	1	1	1	0	0	0	0	0	0	0	0	0	0	0	2	1	0	0	0	0	1	0	1	0	0	0	0	1	1	0	0	0	0	0	1	1	0	0	2	2	0	0	0	0	1	1	0	2	2	1	1	0	0	0	0	1	0	0	0	0	0	1	0	0	0	0	0	0	2	0	0	0	1	0	0	0	0	0	0	0	0	0	2	1	0	0	0	0	0	0	0	0	0	0	1	0	1	0	1	1	0	0	2	0	1	2	0	1	0	0	2	0	0	2	1	3	0	0	4	4	8	42	9	5	8	9	3	5	2	5	0	4	3	1	2	0	0	0	0	1	0	0	0	0	1	1	0	0	0	1	0	1	0	1	0	1	2	1	1	2	1	0	1	2	1	1	4	4	5	4	2	1	1	7	7	7	2	1	1	1	2	1	1	0	0	1	1	0	0	1	2	0	1	0	1	0	1	0	1	0	1	0	0	2	1	0	0	1	0	3	7	10	10	31	8	6	6	7	6	9	20	20	9	19	9	12	6	2	3	2	4	0	4	3	11	13	6	8	3	3	5	3	8	11	7	4	1	5	5	1	3	2	0	2	6	3	2	3	3	1	2	5	9	16	19	16	20	44	104	67	0	35	12	5	2	0	0	2	1	1	3	0	1	2	3	0	8	28
0	0	0	0	0	0	0	1	1	0	1	1	0	1	1	0	1	1	0	1	3	0	0	1	0	1	0	1	0	0	1	0	0	0	0	0	1	0	0	1	0	0	0	0	0	0	0	0	0	0	0	0	0	0	0	0	0	0	0	1	1	0	0	0	0	1	0	1	0	1	0	0	2	0	0	0	0	0	0	0	1	0	0	0	0	0	0	0	0	0	0	2	0	0	0	1	2	0	0	0	0	0	0	0	0	0	0	0	0	0	1	2	0	0	0	0	0	0	0	0	0	1	0	0	1	1	1	0	2	1	0	1	1	0	0	0	0	0	1	1	0	0	0	1	0	0	0	0	0	0	1	0	0	0	0	0	0	0	1	0	0	2	2	0	1	1	1	1	0	0	0	1	1	0	0	0	1	0	0	0	0	0	0	0	0	2	1	1	1	0	0	0	0	1	0	0	0	0	0	0	0	0	0	0	0	0	0	0	1	0	0	1	0	0	0	1	1	0	0	1	1	0	0	1	0	0	0	0	0	0	0	0	0	2	0	0	0	0	2	1	0	0	0	0	0	0	0	0	3	0	1	0	0	0	1	0	0	0	0	0	2	1	1	1	1	1	0	0	0	0	0	1	0	0	0	1	0	1	2	0	2	0	0	0	0	0	0	1	0	1	0	1	0	0	0	0	0	0	0	0	0	0	0	1	0	1	0	2	2	1	1	0	3	0	3	1	2	1	2	2	4	6	14	2	2	6	9	8	1	1	1	0	0	1	0	0	0	0	0	0	1	0	0	0	1	1	1	0	0	0	1	1	1	1	0	0	0	0	1	0	0	1	0	2	2	1	3	1	2	3	5	3	0	1	1	1	1	1	2	0	2	1	0	0	1	1	1	0	0	0	1	0	0	1	0	0	0	0	0	0	0	0	1	1	2	2	1	1	0	1	1	1	4	8	31	20	16	17	8	8	5	35	22	5	8	7	7	4	5	2	4	8	3	5	14	9	11	5	7	5	9	7	17	41	7	12	7	8	5	7	3	1	4	4	2	3	1	6	3	5	5	2	10	16	9	8	6	7	20	31	16	35	0	45	5	5	6	0	5	1	5	1	3	4	4	8	6	12	42
0	0	0	0	0	0	0	1	0	0	0	0	0	1	1	0	2	0	0	0	0	0	0	0	0	0	1	1	0	0	0	1	0	3	1	1	0	0	0	2	0	0	1	0	0	0	0	1	0	0	0	1	0	1	2	0	0	0	0	0	1	0	2	2	0	0	0	0	0	0	0	0	0	0	0	0	0	0	0	0	0	0	0	0	0	1	0	1	1	1	1	0	0	1	0	2	0	0	0	0	0	1	1	0	0	0	0	0	1	0	0	0	1	1	0	0	2	0	1	0	1	0	0	0	0	0	1	0	0	0	0	0	2	0	4	0	1	1	1	1	0	2	2	1	2	1	0	0	0	0	1	3	1	0	0	2	0	0	0	1	1	2	0	1	0	1	0	0	2	1	0	1	1	2	0	0	0	0	0	2	0	0	1	1	1	0	1	0	1	0	1	0	0	0	0	0	0	0	0	0	0	0	0	0	1	0	0	0	0	0	0	0	0	0	0	1	0	0	1	2	0	1	0	0	0	1	0	0	0	1	1	1	0	0	1	2	0	0	0	1	0	1	1	0	2	2	0	0	0	1	0	0	1	0	1	1	0	0	0	0	0	0	0	1	0	0	1	1	1	1	1	1	0	0	0	1	2	0	0	0	1	1	0	0	0	1	0	0	0	0	0	0	0	0	0	0	0	1	1	0	0	0	0	0	0	0	0	0	0	0	0	0	0	0	1	1	1	0	0	2	1	5	11	0	3	3	17	4	7	3	5	0	1	0	1	0	3	0	1	1	0	0	0	0	1	1	0	0	2	1	3	1	5	0	1	2	1	1	0	1	1	0	2	1	2	1	1	1	2	5	1	1	0	0	1	2	0	0	0	0	1	1	0	1	0	0	1	1	0	0	0	0	0	0	0	2	0	0	2	1	1	0	0	1	2	1	1	2	2	3	2	4	5	8	77	57	16	7	5	5	6	14	5	6	4	2	1	1	2	1	3	5	3	5	19	42	25	21	14	23	20	17	15	8	5	13	23	6	5	6	14	16	5	6	3	4	8	4	1	1	1	3	9	10	14	9	2	1	7	9	9	12	45	0	21	8	2	5	10	1	1	0	1	1	8	3	5	11	37
0	0	0	0	0	0	0	0	1	0	0	0	1	0	0	0	0	0	0	1	1	1	0	1	0	0	1	0	0	0	1	0	0	0	0	0	0	0	0	0	0	0	2	0	0	0	0	0	0	0	0	0	0	0	0	0	0	0	0	0	0	0	0	0	0	0	2	0	0	0	0	0	0	0	0	0	0	0	0	0	0	0	0	0	0	1	0	1	1	1	0	1	0	1	0	1	1	1	0	1	0	0	0	0	1	0	0	2	0	0	1	0	0	0	0	1	1	0	1	0	0	0	0	0	0	0	0	2	1	0	0	0	0	0	1	2	2	3	0	1	1	0	0	0	1	0	2	2	1	0	0	0	0	1	1	0	0	0	0	0	0	2	0	0	0	0	0	0	1	0	0	1	2	0	0	0	0	0	1	0	1	0	0	0	1	1	1	0	1	0	2	0	0	2	0	2	1	0	0	0	0	0	0	0	0	0	0	0	0	0	0	0	0	0	1	0	1	0	0	1	0	0	1	1	0	0	0	1	0	1	1	0	0	0	0	2	0	0	0	0	1	0	0	0	0	0	0	0	1	0	1	0	0	0	0	1	0	0	1	1	1	0	0	1	1	0	0	1	0	3	0	0	0	0	1	1	0	0	0	1	1	0	0	0	0	0	1	1	1	0	1	0	0	0	0	0	0	0	0	0	0	3	0	0	0	0	0	0	0	0	0	1	0	0	1	3	1	2	2	0	2	1	3	2	4	4	2	1	1	2	1	0	0	3	0	0	0	0	0	0	0	2	0	3	1	0	0	0	0	1	1	1	1	0	1	0	0	0	1	1	1	0	2	0	0	1	1	2	2	1	2	0	2	1	3	2	0	0	0	0	2	2	1	0	0	1	0	0	1	0	0	0	0	1	0	0	1	0	2	0	1	1	1	2	0	0	0	0	2	3	1	4	1	4	9	48	75	15	4	6	9	8	3	5	6	3	6	1	4	5	7	6	10	10	290	10	2	10	8	11	25	32	35	5	5	10	14	5	3	5	6	9	8	5	3	11	8	5	4	7	5	4	15	10	2	0	2	7	5	8	2	5	5	21	0	30	12	10	16	14	9	5	0	10	27	20	8	18	9
0	0	0	0	0	0	0	0	0	0	0	0	0	0	2	1	0	0	0	0	0	0	0	2	0	0	0	0	0	0	0	1	0	0	0	1	0	0	0	0	0	0	0	0	0	0	0	0	0	0	1	0	1	0	0	0	0	0	1	0	0	1	0	0	0	1	0	0	1	0	0	1	0	0	0	0	0	0	0	1	0	0	0	0	1	2	0	0	0	0	0	0	0	0	0	0	0	0	1	0	0	0	1	1	1	1	0	0	0	0	0	0	0	0	0	0	0	0	0	0	1	0	1	0	0	0	0	0	1	0	0	0	0	0	2	0	0	0	1	0	1	0	0	0	0	0	0	0	0	0	0	0	0	0	0	1	0	0	0	0	1	0	0	1	0	0	0	0	0	0	1	0	0	0	0	1	0	0	0	1	0	1	0	0	0	1	0	0	0	3	2	0	0	0	1	0	0	0	0	0	1	0	0	1	0	0	0	0	0	0	0	0	0	0	0	0	0	0	0	0	1	0	1	0	1	2	0	0	0	0	0	0	0	0	2	0	1	1	0	0	0	0	0	0	1	0	0	0	0	1	2	0	1	0	0	0	0	0	0	0	0	0	0	1	0	0	0	0	0	0	0	0	0	0	1	0	0	0	0	0	0	0	0	0	1	1	1	0	0	0	0	0	1	0	0	0	0	0	0	1	0	0	0	0	1	1	0	1	0	1	1	0	1	1	0	0	1	0	0	2	0	2	2	5	1	2	3	4	3	3	1	1	0	0	2	1	1	0	0	0	1	1	0	2	1	0	1	0	0	2	1	0	0	0	0	0	1	0	0	0	0	4	1	0	0	0	0	2	1	0	1	1	2	0	1	1	1	0	0	2	1	1	1	0	1	1	0	0	0	0	0	0	0	0	0	1	0	0	1	0	1	2	0	1	1	0	0	0	1	0	1	1	1	2	4	9	11	7	5	5	4	7	2	4	3	1	1	1	1	1	3	2	11	6	17	4	1	4	2	12	19	62	25	5	11	23	7	5	0	3	6	6	2	2	4	6	9	4	7	2	9	6	5	3	2	1	1	3	5	4	2	2	5	8	30	0	19	37	10	9	4	3	1	9	18	27	7	16	4
0	0	0	0	0	0	0	0	0	0	0	1	0	1	0	1	1	0	0	0	0	0	0	0	0	0	0	0	0	1	0	0	1	0	0	1	0	0	0	0	0	0	0	0	0	1	0	0	0	1	0	1	1	0	0	0	0	0	0	0	0	0	0	0	0	0	0	0	0	0	0	0	1	0	0	0	1	1	0	0	0	0	0	0	0	1	0	0	0	0	2	0	0	0	0	0	0	0	0	1	0	0	0	2	0	0	0	0	0	0	0	0	0	1	0	0	0	0	0	0	0	0	1	0	1	0	0	1	0	0	1	0	0	0	0	0	0	2	1	0	0	0	0	0	1	0	0	0	0	0	0	0	0	0	0	0	0	0	0	0	0	1	2	0	0	0	0	1	1	1	2	1	1	0	0	0	1	2	0	0	0	2	0	0	0	0	1	0	0	0	0	0	0	0	0	0	0	0	0	0	1	0	0	0	0	0	0	0	0	0	0	0	0	0	0	0	0	1	1	0	1	0	0	0	0	0	0	0	0	1	0	0	0	0	0	0	0	0	0	1	0	0	0	0	1	0	0	0	0	0	0	0	1	0	0	0	0	0	1	0	0	0	1	1	0	1	0	0	0	1	1	1	0	2	0	0	0	1	0	1	0	0	0	0	0	0	0	0	0	0	0	0	0	0	0	2	0	0	0	0	0	1	0	0	0	0	1	1	0	0	0	0	0	0	0	0	0	0	1	0	0	1	0	0	1	0	2	1	0	0	1	3	0	1	0	1	1	0	0	1	0	0	0	0	0	0	2	2	2	2	1	0	0	1	1	0	0	0	1	0	1	1	1	1	1	1	0	2	2	1	4	0	0	0	1	1	0	1	0	0	1	2	0	1	0	0	0	0	0	0	1	0	0	0	0	0	0	0	1	0	1	0	1	1	0	0	0	0	0	0	1	0	0	2	2	6	6	8	2	0	5	3	0	5	2	3	0	3	1	3	3	4	11	5	10	4	3	2	3	5	8	14	12	7	6	8	3	2	1	1	2	3	1	5	1	2	4	5	6	6	7	1	8	1	2	0	0	3	2	3	3	0	6	2	12	19	0	117	28	56	41	6	12	14	48	23	4	7	3
0	0	0	0	0	0	0	0	1	0	0	0	0	2	0	0	0	0	0	1	0	0	0	1	1	0	0	0	0	0	0	0	0	0	0	0	0	0	0	0	0	1	0	0	0	0	0	0	0	0	0	1	0	0	0	0	1	0	0	0	0	0	0	0	0	0	1	0	0	1	0	0	0	0	0	0	0	1	0	0	0	0	0	0	0	0	0	0	0	1	0	2	2	1	0	0	0	0	0	0	0	0	1	0	0	0	0	0	0	0	0	0	1	0	0	1	0	0	0	0	0	0	2	0	0	1	2	0	0	0	0	0	0	0	2	0	0	1	0	0	0	0	0	0	0	2	0	0	0	0	0	0	0	0	0	0	0	0	0	0	0	0	0	0	1	0	2	0	0	0	0	0	1	0	0	0	0	2	0	0	1	0	1	0	0	0	1	0	0	0	1	0	0	0	0	0	0	0	0	0	0	0	0	0	0	0	0	0	0	0	0	1	1	0	1	0	2	0	0	1	0	1	0	0	0	0	0	0	0	1	0	0	0	1	0	0	0	0	0	0	0	0	0	0	0	2	0	0	0	0	1	0	0	0	0	0	0	0	0	1	0	1	0	0	0	0	0	0	0	1	0	0	1	1	0	0	0	0	0	0	0	0	1	0	0	0	0	1	0	0	0	0	0	0	0	0	0	0	0	0	0	1	0	0	0	0	0	0	0	0	2	0	2	1	0	2	0	0	1	0	1	0	0	4	2	0	3	0	3	1	1	1	1	0	2	1	0	0	2	0	1	0	2	0	0	2	0	0	1	1	0	0	0	0	2	0	0	0	1	1	1	1	2	0	2	0	1	0	0	0	0	0	0	1	1	3	1	1	0	0	1	1	0	0	0	0	0	0	0	0	1	0	0	0	0	0	0	0	0	2	0	0	0	0	0	0	0	0	1	2	0	0	1	2	1	3	9	7	4	3	6	1	3	1	2	1	1	2	4	4	2	3	8	4	13	4	2	7	3	11	14	7	10	4	3	5	5	3	1	5	1	6	7	2	7	6	6	3	6	8	5	4	6	5	3	1	2	1	1	3	1	0	0	5	10	37	117	0	43	34	18	6	4	13	41	10	6	6	4
0	0	0	0	0	0	0	0	0	1	0	0	1	1	0	0	0	0	0	0	0	1	0	0	0	0	0	0	0	2	0	0	0	0	0	0	0	1	1	0	0	0	1	0	1	0	0	0	0	0	0	0	2	0	1	0	0	0	0	0	2	0	0	0	1	0	0	0	0	0	0	0	0	1	0	0	0	0	0	0	1	0	0	0	0	0	0	0	0	0	0	0	0	0	0	0	3	0	0	0	0	0	2	0	0	0	0	0	1	0	0	0	0	0	1	1	0	0	0	0	0	0	1	0	1	1	0	0	0	0	1	0	1	0	0	2	2	1	0	0	0	0	0	0	1	0	1	0	0	1	0	0	0	0	0	0	0	1	0	0	0	2	0	0	0	0	2	0	0	0	0	0	0	0	1	0	0	0	1	0	1	0	0	1	0	2	1	0	2	0	0	0	1	0	0	1	0	1	0	0	0	0	0	0	1	0	0	0	0	0	1	0	0	0	0	0	1	0	0	0	1	1	2	0	0	0	0	0	0	0	0	0	0	1	1	1	0	0	0	0	1	0	0	0	0	1	0	0	0	0	1	2	0	0	0	0	0	0	0	0	0	0	1	0	1	0	0	1	0	0	0	0	0	0	2	0	0	0	0	0	1	1	1	1	1	0	0	0	0	0	0	1	0	1	0	0	0	0	1	0	0	0	1	0	1	0	0	0	0	0	0	0	1	0	1	0	1	0	1	1	1	1	2	0	0	0	1	3	1	0	0	2	1	1	2	0	1	0	0	0	0	0	0	0	1	0	1	1	0	0	2	1	1	1	0	0	3	0	0	0	1	0	0	3	0	0	0	0	0	1	0	0	0	1	2	0	2	0	0	1	0	1	1	0	0	0	0	0	1	1	0	0	0	0	0	0	0	2	0	1	0	0	1	0	0	1	0	1	1	1	0	2	2	1	1	10	10	3	3	4	6	3	2	4	3	2	0	0	2	4	5	8	13	6	10	4	3	3	1	7	11	3	5	1	4	5	6	2	2	1	2	5	3	7	11	16	11	13	6	7	8	9	9	3	4	1	0	0	2	6	1	2	5	10	16	10	28	43	0	51	37	7	13	23	45	8	6	5	6
0	0	0	0	0	0	0	0	0	0	0	0	1	0	0	0	0	0	0	0	0	1	0	0	0	1	0	0	0	0	0	0	0	0	0	0	0	0	0	0	1	1	0	1	1	0	0	0	1	1	0	0	0	1	0	0	0	0	0	0	0	0	0	0	0	0	1	0	0	0	0	0	2	0	0	0	0	1	0	0	0	1	0	0	1	0	0	0	0	0	0	1	0	0	0	0	0	1	0	0	0	1	0	0	1	0	0	0	0	0	0	0	0	0	1	2	0	0	0	0	0	0	3	0	0	0	2	0	0	1	2	0	1	0	1	0	0	0	0	0	0	0	1	1	0	0	1	0	0	1	0	1	1	0	0	0	0	0	0	0	1	0	0	0	0	0	0	1	0	1	1	0	0	0	1	0	0	1	0	0	2	0	1	0	1	0	0	0	0	2	0	0	0	2	1	1	0	1	0	0	0	0	0	0	0	0	0	0	0	0	0	0	0	1	0	0	0	0	0	0	1	0	0	0	1	0	0	0	0	0	0	0	1	0	0	1	0	0	0	0	0	0	0	2	0	0	0	0	0	0	1	0	0	0	1	0	0	0	0	0	0	0	0	0	1	0	1	0	0	0	0	0	0	1	0	0	0	0	0	0	0	0	0	2	1	0	0	0	0	0	0	1	0	1	0	0	0	1	2	0	0	0	1	1	1	0	1	0	0	1	1	0	0	1	1	1	0	0	0	1	0	1	3	3	2	3	2	1	0	1	2	0	0	0	1	2	0	0	0	0	0	0	0	0	0	0	0	0	0	0	0	0	1	1	0	0	1	0	0	2	0	0	0	1	0	0	1	1	1	2	0	1	1	0	0	2	1	0	2	0	0	1	1	0	0	0	0	0	1	0	0	1	0	0	0	0	1	0	0	0	0	0	0	0	0	0	2	1	1	1	2	0	1	0	0	9	6	5	8	2	3	4	2	1	3	2	1	3	4	3	1	4	21	16	6	2	3	5	2	7	4	4	8	3	2	6	4	3	2	1	5	5	3	6	2	5	7	14	11	11	9	9	11	10	4	3	1	1	3	4	3	1	1	1	14	9	56	34	51	0	62	8	3	16	91	24	10	8	1
0	0	0	0	0	0	0	1	3	2	0	0	0	0	1	2	0	0	0	0	0	0	0	0	0	0	0	0	0	0	0	1	0	0	0	0	1	1	0	0	0	0	1	0	0	0	1	1	0	0	0	0	0	1	0	0	0	0	0	0	0	0	0	0	0	0	0	1	0	0	0	0	0	0	0	0	0	0	0	0	0	0	0	1	0	0	0	0	1	2	0	0	0	0	0	0	1	0	0	0	1	0	0	0	0	0	0	0	0	0	0	1	0	0	0	0	0	0	0	0	0	0	0	0	0	0	2	0	0	1	0	1	0	1	1	0	0	1	0	0	0	0	0	1	0	0	0	0	0	0	1	0	0	0	0	1	1	1	0	0	0	1	0	0	0	3	0	1	1	0	0	0	1	0	0	1	0	0	0	0	0	0	0	1	1	0	0	0	0	0	0	0	0	0	1	0	1	0	0	0	0	1	0	0	0	0	0	0	0	1	0	1	0	0	0	0	0	3	0	0	0	0	1	1	1	0	1	0	0	0	0	0	0	0	2	0	1	0	0	0	2	0	0	0	1	0	1	0	0	0	0	0	0	0	0	0	0	0	0	0	0	0	1	0	0	0	0	0	1	0	0	0	1	0	0	0	0	0	0	0	0	0	0	0	0	0	0	0	0	0	0	0	0	0	0	0	0	0	0	0	0	0	0	0	0	0	0	0	1	0	0	1	1	1	0	1	1	0	0	0	1	0	0	1	1	3	2	1	3	1	1	1	1	2	1	1	0	0	0	0	0	0	0	0	0	0	1	0	0	0	1	1	0	0	0	0	0	0	0	2	0	0	1	0	3	0	1	2	1	0	0	0	1	0	0	1	0	1	0	1	0	2	2	1	0	0	0	0	0	0	0	0	0	1	0	0	0	0	0	1	1	0	0	1	1	1	0	0	0	1	0	0	1	2	2	5	7	3	3	4	3	4	1	1	3	0	1	4	3	2	5	7	6	3	3	1	1	4	2	4	4	3	4	3	1	2	4	1	2	1	4	0	0	7	4	6	8	12	4	7	13	5	3	2	0	4	0	0	2	3	3	1	5	1	9	4	41	18	37	62	0	19	11	36	17	7	4	5	5
0	0	0	0	0	0	0	1	0	0	0	0	0	0	1	0	0	0	1	0	2	1	0	1	0	0	2	0	0	0	0	1	0	0	0	0	0	0	0	1	0	1	0	0	0	0	0	0	0	0	0	0	0	0	1	0	1	0	0	0	2	0	0	1	0	0	0	0	0	0	0	0	0	1	0	0	0	0	0	0	0	0	0	0	0	1	0	0	0	0	0	0	0	1	0	0	0	0	0	0	0	0	0	0	0	0	0	0	0	0	0	0	0	0	0	0	0	0	0	0	0	0	0	0	0	0	1	0	0	0	1	0	1	0	1	0	0	0	0	0	0	0	0	0	0	0	0	0	0	0	0	0	0	0	0	0	0	0	0	0	0	0	1	0	0	0	0	0	1	0	1	0	0	1	1	0	0	1	0	1	0	0	0	0	0	0	0	0	0	0	0	0	0	0	0	0	1	0	0	0	0	0	0	0	0	0	0	0	0	0	0	0	0	0	0	0	0	0	0	0	0	0	0	0	0	0	0	2	0	0	0	0	0	0	0	0	1	1	1	0	0	0	0	2	0	0	1	1	0	0	0	0	0	1	0	1	1	1	0	0	0	0	0	0	0	0	1	0	0	0	0	1	0	0	0	0	0	0	0	1	0	0	0	0	0	1	0	0	0	0	1	0	1	0	0	0	0	1	0	0	1	0	0	1	0	0	0	0	0	2	0	0	3	1	0	0	0	1	0	0	0	1	0	2	0	1	2	1	0	0	0	1	2	1	0	1	1	1	0	0	0	0	1	0	0	0	1	0	1	1	0	0	0	0	0	0	0	1	1	1	1	1	2	0	0	0	0	0	1	0	0	0	0	1	0	0	0	0	0	0	0	0	0	0	0	0	0	1	0	1	1	0	0	0	0	0	0	0	0	0	0	0	0	2	0	0	0	0	0	2	0	1	0	0	1	1	1	1	1	1	1	1	1	0	0	2	0	0	1	2	3	2	3	6	3	2	1	4	0	1	2	1	1	1	2	0	3	1	0	1	2	1	2	3	0	0	2	4	2	1	4	1	1	3	0	1	0	0	1	1	0	3	1	0	5	3	6	6	7	8	19	0	83	17	2	2	1	1	1
0	0	0	0	0	0	0	0	0	0	0	0	1	0	0	0	1	0	0	1	1	0	0	0	1	0	0	0	0	0	1	0	0	0	0	0	0	0	1	0	0	0	0	1	0	0	2	0	1	0	0	0	0	0	0	0	0	0	0	0	0	0	1	1	0	0	0	1	0	0	0	0	0	0	0	0	0	0	1	0	1	0	1	2	0	0	0	0	0	0	1	0	0	0	0	0	0	1	0	0	0	0	0	0	0	0	0	0	0	0	0	1	0	0	0	0	0	1	0	1	0	0	0	1	0	0	2	0	0	1	0	0	0	0	1	0	1	0	1	0	1	1	0	1	0	1	1	0	0	0	0	0	0	0	1	0	0	1	0	0	0	0	0	0	1	1	0	0	0	0	0	0	0	0	1	0	0	1	1	1	0	1	0	0	0	0	0	0	0	0	0	0	1	0	0	0	0	0	0	0	0	0	0	0	0	0	1	0	0	0	0	0	1	0	0	0	0	2	0	0	0	1	1	0	0	0	0	0	0	0	0	0	0	0	0	0	0	0	0	0	0	0	0	1	0	0	0	0	0	0	0	0	0	1	1	0	0	0	0	0	0	0	0	0	0	0	0	0	1	0	0	0	0	0	1	0	0	0	0	0	0	0	0	0	0	1	0	1	0	0	0	0	0	0	0	0	0	0	0	0	1	0	0	0	0	0	0	0	0	0	0	0	0	0	1	0	0	0	0	1	1	2	1	0	1	4	0	0	2	0	0	0	1	1	0	1	1	0	0	0	0	0	2	1	0	0	0	0	1	0	0	1	0	2	1	0	0	1	0	0	0	0	1	0	0	0	0	0	0	0	0	0	0	1	0	0	0	0	0	2	1	0	1	0	0	0	0	0	0	0	0	0	0	0	0	0	1	1	0	0	0	0	0	2	0	1	1	0	0	1	3	0	0	1	1	2	2	0	3	2	3	3	1	0	1	1	1	1	1	1	1	5	2	4	3	3	1	1	0	3	4	1	1	0	0	3	0	0	1	4	3	1	2	4	3	5	2	4	2	4	1	1	3	2	0	2	0	1	2	0	0	0	3	1	0	1	12	4	13	3	11	83	0	41	4	4	1	3	0
0	0	0	0	0	0	0	0	0	0	0	0	0	0	0	0	0	1	0	0	0	0	0	0	0	1	1	0	1	1	0	0	0	0	0	0	0	0	2	1	0	0	0	0	1	0	0	0	0	1	0	0	0	0	0	0	0	1	0	0	0	0	1	0	0	1	0	1	0	0	0	1	0	1	0	0	0	0	0	0	0	1	0	1	0	0	1	0	1	0	0	0	0	0	0	1	0	0	0	0	0	0	0	0	0	0	0	0	0	0	1	0	0	0	0	0	0	0	0	1	1	0	0	0	1	3	1	0	0	0	0	2	0	0	0	1	0	0	0	0	0	0	0	0	0	0	1	0	0	0	0	2	3	0	0	0	0	0	0	0	1	1	1	0	1	0	0	0	0	0	0	1	0	0	0	0	0	1	1	0	0	0	0	0	1	1	0	1	1	1	0	0	0	1	1	1	1	0	0	0	0	0	0	0	1	0	0	0	0	0	0	0	0	0	0	1	1	0	0	0	0	0	0	0	0	0	0	0	0	1	0	0	0	0	0	0	0	0	0	0	2	0	1	0	0	0	0	0	1	0	0	0	0	0	0	0	0	0	1	0	1	0	1	0	0	0	0	0	0	1	0	0	0	1	0	1	0	0	1	0	1	0	0	0	0	0	0	0	0	0	0	0	0	0	0	0	0	0	0	0	0	1	0	0	1	0	0	0	1	0	0	0	0	0	0	1	0	0	1	1	0	0	4	0	0	0	0	1	3	2	0	1	0	0	1	0	1	0	0	0	0	2	0	1	1	0	0	0	2	0	0	1	0	0	0	1	0	0	0	0	0	0	0	0	1	0	1	0	1	0	2	0	0	0	0	0	0	0	1	0	0	0	1	1	0	0	0	1	0	1	0	0	0	0	0	1	1	1	0	2	0	1	1	0	1	0	1	0	0	0	0	1	0	4	0	2	3	1	2	2	2	2	0	1	1	1	3	3	0	1	2	4	7	6	8	2	0	1	0	1	1	4	3	2	1	5	3	0	1	2	0	1	3	6	7	5	2	7	2	9	8	6	6	1	4	1	1	0	3	1	3	1	4	1	10	9	14	13	23	16	36	17	41	0	10	4	2	1	3
0	0	0	0	0	0	0	0	0	0	0	0	0	0	0	0	0	1	1	0	2	0	0	0	0	0	0	0	2	0	1	1	0	0	0	0	0	1	0	0	0	0	1	0	0	0	0	1	0	2	1	0	0	0	0	0	0	0	0	0	0	0	0	0	0	1	0	0	1	0	0	0	0	0	0	1	1	0	0	0	0	0	0	0	0	0	0	0	1	1	0	0	0	0	0	0	0	1	1	0	3	0	0	0	0	0	1	0	0	0	0	0	0	1	1	0	0	0	0	0	1	0	0	0	0	0	0	0	0	3	1	0	0	0	1	0	0	0	0	1	0	0	1	1	1	0	0	0	1	0	0	0	0	0	0	0	0	1	0	0	0	0	0	0	1	1	0	0	1	1	0	0	0	0	0	0	1	0	0	0	1	1	0	1	0	1	2	1	0	0	1	0	0	1	0	0	0	0	0	0	0	0	1	0	0	0	0	0	0	1	1	0	0	0	0	0	0	0	1	1	0	0	1	1	0	0	0	1	0	0	0	0	0	0	0	0	0	0	0	0	0	0	0	0	1	0	0	1	1	1	0	0	0	1	0	0	0	0	0	0	0	0	0	0	0	0	0	0	1	0	0	0	0	0	0	0	0	0	0	0	0	1	0	0	0	0	0	0	0	0	0	0	1	0	1	0	0	0	0	0	0	0	0	1	0	0	0	0	0	0	0	1	0	0	0	2	0	0	1	1	0	1	3	0	2	5	2	0	2	2	1	0	0	1	1	1	0	0	0	0	0	2	1	0	0	0	0	1	0	0	1	0	0	0	1	0	1	1	1	0	1	1	1	0	1	1	0	1	0	1	3	1	0	1	0	0	0	2	1	3	0	1	0	0	1	1	0	0	0	0	0	0	0	1	0	0	1	1	0	1	2	2	1	0	0	2	0	0	2	2	1	1	2	2	4	5	15	8	9	7	6	5	0	2	2	3	2	3	3	2	6	5	24	10	16	5	4	4	3	5	12	13	16	7	3	5	4	3	0	1	4	2	1	11	4	12	11	17	10	9	13	10	9	11	1	4	2	3	2	2	1	2	4	8	27	18	48	41	45	91	17	2	4	10	0	40	18	13	3
0	0	0	0	0	0	0	0	0	0	2	0	0	0	0	0	0	0	0	0	0	0	0	0	0	0	0	0	1	1	0	1	0	0	0	0	0	0	0	0	0	0	2	0	0	0	0	1	0	1	0	0	0	1	0	0	0	0	0	0	0	0	0	1	0	1	1	0	0	0	0	0	0	0	0	0	0	0	0	0	0	0	0	0	0	0	1	0	0	0	0	1	0	0	0	0	0	0	0	0	0	1	0	0	0	0	0	1	0	0	1	0	0	0	0	0	0	1	0	0	0	0	0	0	0	0	0	1	0	0	0	0	0	2	0	1	0	0	0	0	0	0	0	0	1	0	0	0	0	0	0	1	0	0	0	0	0	0	0	0	0	0	0	0	0	0	0	0	1	0	1	0	0	1	0	0	0	0	0	0	1	2	0	0	1	1	0	1	0	0	0	0	0	1	0	0	1	0	0	0	0	0	0	0	0	0	0	0	0	0	0	0	0	0	0	0	0	0	0	0	0	3	0	0	2	0	0	0	0	0	0	1	0	1	0	1	0	0	0	1	0	1	0	0	0	0	0	0	2	0	0	0	0	0	0	0	0	0	0	0	0	0	0	0	0	0	0	0	0	2	1	0	0	0	0	0	0	0	0	0	0	1	0	0	0	0	0	0	0	0	0	0	0	0	0	0	0	0	0	1	0	1	0	0	0	0	0	0	0	0	0	1	0	0	0	1	0	1	0	0	1	0	3	3	3	3	1	0	1	2	3	0	1	0	2	0	1	1	0	1	1	1	1	1	0	0	0	0	1	0	2	0	0	0	0	0	1	0	0	0	0	0	3	0	0	0	0	1	1	1	1	0	0	3	0	2	0	0	0	0	0	1	1	0	0	0	1	0	0	0	0	0	0	1	1	1	0	0	1	0	0	0	0	0	0	0	1	1	1	0	1	1	2	1	2	8	13	13	9	12	8	6	4	1	2	2	2	0	2	1	1	8	28	18	9	3	0	5	4	5	9	17	30	6	9	9	5	4	2	0	0	3	2	3	2	3	5	10	7	7	14	16	12	4	1	4	5	3	0	1	4	3	8	3	20	27	23	10	8	24	7	2	4	4	40	0	95	24	1
0	0	0	0	0	0	0	0	0	1	1	0	0	0	0	0	0	2	0	0	0	0	0	1	2	1	0	0	0	0	0	0	0	0	0	1	0	0	0	0	0	1	0	0	0	0	0	1	1	0	1	0	0	0	0	0	0	0	0	0	0	0	0	0	0	0	0	0	0	0	0	0	0	1	0	0	0	0	0	0	0	0	0	0	0	0	0	0	0	0	0	0	0	0	1	0	1	0	0	0	0	0	0	0	1	0	0	0	0	0	0	0	0	0	0	0	0	0	0	0	0	0	0	1	1	0	1	1	0	0	0	0	0	0	0	1	1	1	0	0	0	1	0	0	0	0	1	0	0	0	0	0	1	1	0	0	1	0	0	1	0	0	1	0	0	0	0	0	0	0	1	2	0	0	1	0	0	1	0	1	0	1	1	0	1	0	0	1	1	0	0	0	0	0	0	0	1	0	1	0	0	0	0	0	0	0	0	0	0	0	0	0	0	0	1	0	0	0	1	0	0	0	0	0	0	1	0	0	0	1	1	0	0	0	1	2	0	0	0	1	0	1	0	1	0	0	1	0	0	0	0	0	0	0	0	0	0	0	0	0	0	0	2	0	0	0	1	0	0	0	0	1	0	0	0	0	0	0	0	1	0	0	0	0	0	0	0	0	0	0	0	0	0	0	0	0	0	0	0	1	0	1	0	0	1	0	0	1	1	0	1	1	2	1	0	1	1	0	0	0	1	3	3	2	2	0	3	1	1	1	1	0	0	0	0	0	0	0	0	2	2	0	0	1	0	0	1	0	0	0	2	1	0	0	1	0	0	0	0	0	0	1	1	0	0	0	1	0	2	0	1	1	0	1	0	0	1	2	1	2	0	1	0	0	0	0	2	1	0	0	0	1	0	0	0	0	0	1	0	1	0	1	0	1	0	0	1	0	0	2	0	1	2	2	4	5	11	31	28	10	6	3	4	1	6	4	5	6	6	5	3	8	38	20	13	3	1	6	3	5	4	7	33	17	10	13	4	6	5	0	1	2	2	3	5	4	4	3	2	6	20	9	9	5	10	4	3	2	4	1	3	0	6	5	8	7	4	6	6	10	4	1	1	2	18	95	0	28	5
0	0	0	0	0	0	0	0	0	0	0	1	1	1	0	0	0	1	0	0	1	2	0	0	1	0	0	0	0	0	0	0	0	0	0	0	0	0	0	0	0	0	0	0	0	0	0	0	0	0	1	1	0	0	0	0	0	0	0	0	0	0	0	0	0	1	1	0	0	0	0	0	0	0	0	0	0	0	1	0	0	0	0	0	0	0	1	0	1	0	1	2	1	0	0	0	0	0	0	1	0	0	0	1	0	0	0	0	0	0	0	0	0	0	1	1	1	0	0	0	1	0	1	1	0	1	1	0	0	0	1	1	1	1	1	2	0	1	1	1	0	0	2	0	0	0	0	0	0	1	0	0	1	0	0	0	0	1	0	0	0	0	0	0	0	1	1	0	0	0	0	0	1	0	0	1	0	2	1	1	1	1	1	0	1	0	2	1	0	1	0	1	0	0	0	1	0	0	0	0	1	0	0	0	0	0	0	0	0	0	0	0	0	0	0	0	1	0	0	2	0	0	0	0	0	0	0	0	0	1	1	0	2	0	1	1	0	0	2	0	0	0	0	0	1	0	0	0	0	1	0	0	1	0	0	0	0	0	0	0	0	0	0	0	0	0	0	0	1	1	1	1	0	0	0	0	1	1	0	0	0	1	0	0	0	1	0	1	0	0	0	1	0	0	0	1	0	0	0	0	1	1	0	0	0	0	0	0	1	0	0	0	0	0	1	0	0	0	1	0	3	2	4	3	0	2	4	3	3	4	2	0	0	1	1	1	0	0	0	1	0	1	0	0	0	0	0	0	1	1	2	2	1	0	1	0	0	1	0	1	0	1	0	2	2	2	1	0	1	0	2	1	3	1	1	1	1	1	1	0	1	0	0	1	1	1	1	1	0	0	0	0	1	2	1	0	0	1	2	1	0	1	0	2	1	0	0	0	0	0	0	2	1	2	9	9	20	46	13	7	7	11	12	5	4	6	2	6	4	3	1	4	12	9	15	8	1	2	8	3	7	21	138	48	51	30	5	4	0	1	6	4	1	5	0	6	1	7	2	5	7	8	5	8	3	3	2	3	1	5	4	8	12	11	18	16	7	6	5	8	5	1	3	1	13	24	28	0	8
0	0	0	0	0	0	0	1	0	0	0	0	1	1	0	0	0	0	0	2	0	0	0	0	0	0	0	2	1	0	0	1	0	0	0	1	0	0	0	0	0	0	1	1	0	1	0	0	0	1	0	0	0	0	0	0	1	0	0	0	1	0	1	0	1	0	0	1	1	0	0	0	0	0	0	1	0	0	0	0	0	0	0	0	0	0	0	0	0	0	0	0	0	0	0	0	0	0	0	0	0	0	0	0	0	0	0	1	0	0	0	0	0	1	0	0	0	1	0	0	0	3	0	1	0	1	0	1	1	1	1	2	0	0	0	1	1	1	0	1	0	1	0	0	0	0	0	0	2	0	0	0	1	1	1	0	1	1	0	0	0	0	1	1	0	0	0	0	1	1	0	1	1	0	0	0	0	0	0	1	0	0	0	2	1	2	1	1	0	1	2	0	0	0	1	1	0	0	0	0	0	0	0	1	0	0	0	0	0	0	0	0	0	0	0	1	0	0	2	0	0	1	0	0	1	1	1	0	1	0	0	0	1	1	1	0	2	0	0	1	2	2	0	1	0	0	0	0	0	0	1	1	1	0	0	0	0	0	0	0	1	0	0	0	0	0	0	0	0	0	0	0	0	0	1	0	0	0	1	1	1	1	0	1	0	1	0	0	2	1	0	0	0	0	0	0	0	0	0	1	1	0	1	2	2	0	0	3	1	0	0	0	2	2	0	2	1	1	3	3	4	6	13	5	7	10	17	12	11	4	3	3	2	1	1	0	0	0	0	0	0	0	0	0	1	1	0	0	3	0	2	0	1	0	0	1	0	1	2	0	0	2	2	2	3	0	3	0	3	10	4	4	0	0	3	2	1	2	0	1	0	0	1	1	0	0	1	0	1	0	0	0	0	0	0	1	0	0	0	3	0	0	0	0	1	0	0	1	2	4	3	1	4	12	45	23	8	9	2	5	2	11	7	4	5	1	1	6	2	1	3	0	3	4	13	16	12	15	13	9	23	5	14	12	11	19	8	6	6	5	2	5	4	1	1	2	1	5	0	2	3	4	3	6	8	7	7	6	6	10	15	28	42	37	9	4	3	4	6	1	5	1	0	3	3	1	5	8	0
