0	0	0	0	0	0	0	0	0	0	0	0	0	0	0	0	0	0	0	0	0	0	0	0	0	0	0	0	0	0	0	0	0	0	0	0	0	0	0	0	0	0	0	0	0	0	0	0	0	0	0	0	0	0	0	0	0	0	0	0	0	0	0	0	0	0	0	0	0	0	0	0	0	0	0	0	0	0	0	0	0	0	0	0	0	0	0	0	0	0	0	0	0	0	0	0	0	0	0	0	0	0	0	0	0	0	0	0	0	0	0	0	0	0	0	0	0	0	0	0	0	0	0	0	0	0	0	0	0	0	0	0	0	0	0	0	0	0	0	0	0	0	0	0	0	0	0	0	0	0	0	0	0	0	0	0	0	0	0	0	0	0	0	0	0	0	0	0	0	0	0	0	0	0	0	0	0	0	0	0	0	0	0	0	0	0	0	0	0	0	0	0	0	0	0	0	0	0	0	0	0	0	0	0	0	0	0	0	0	0	0	0	0	0	0	0	0	0	0	0	0	0	0	0	0	0	0	0	0	0	0	0	0	0	0	0	0	0	0	0	0	0	0	0	0	0	0	0	0	0	0	0	0	0	0	0	0	0	0	0	0	0	0	0	0	0	0	0	0	0	0	0	0	0	0	0	0	0	0	0	0	0	0	0	0	0	0	0	0	0	0	0	0	0	0	0	0	0	0	0	0	0	0	0	0	0	0	0	0	0	0	0
0	0	0	0	0	0	0	0	0	0	0	0	0	0	0	0	0	0	0	0	0	0	0	0	0	0	0	0	0	0	0	0	0	0	0	0	0	0	0	0	0	0	0	0	0	0	0	0	0	0	0	0	0	0	0	0	0	0	0	0	0	0	0	0	0	0	0	0	0	0	0	0	0	0	0	0	0	0	0	0	0	0	0	0	0	0	0	0	0	0	0	0	0	0	0	0	0	0	0	0	0	0	0	0	0	0	0	0	0	0	0	0	0	0	0	0	0	0	0	0	0	0	0	0	0	0	0	0	0	0	0	0	0	0	0	0	0	0	0	0	0	0	0	0	0	0	0	0	0	0	0	0	0	0	0	0	0	0	0	0	0	0	0	0	0	0	0	0	0	0	0	0	0	0	0	0	0	0	0	0	0	0	0	0	0	0	0	0	0	0	0	0	0	0	0	0	0	0	0	0	0	0	0	0	0	0	0	0	0	0	0	0	0	0	0	0	0	0	0	0	0	0	0	0	0	0	0	0	0	0	0	0	0	0	0	0	0	0	0	0	0	0	0	0	0	0	0	0	0	0	0	0	0	0	0	0	0	0	0	0	0	0	0	0	0	0	0	0	0	0	0	0	0	0	0	0	0	0	0	0	0	0	0	0	0	0	0	0	0	0	0	0	0	0	0	0	0	0	0	0	0	0	0	0	0	0	0	0	0	0	0	0
0	0	0	0	0	0	0	0	0	0	0	0	0	0	0	0	0	0	0	0	0	0	0	0	0	0	0	0	0	0	0	0	0	0	0	0	0	0	0	0	0	0	0	0	0	0	0	0	0	0	0	0	0	0	0	0	0	0	0	0	0	0	0	0	0	0	0	0	0	0	0	0	0	0	0	0	0	0	0	0	0	0	0	0	0	0	0	0	0	0	0	0	0	0	0	0	0	0	0	0	0	0	0	0	0	0	0	0	0	0	0	0	0	0	0	0	0	0	0	0	0	0	0	0	0	0	0	0	0	0	0	0	0	0	0	0	0	0	0	0	0	0	0	0	0	0	0	0	0	0	0	0	0	0	0	0	0	0	0	0	0	0	0	0	0	0	0	0	0	0	0	0	0	0	0	0	0	0	0	0	0	0	0	0	0	0	0	0	0	0	0	0	0	0	0	0	0	0	0	0	0	0	0	0	0	0	0	0	0	0	0	0	0	0	0	0	0	0	0	0	0	0	0	0	0	0	0	0	0	0	0	0	0	0	0	0	0	0	0	0	0	0	0	0	0	0	0	0	0	0	0	0	0	0	0	0	0	0	0	0	0	0	0	0	0	0	0	0	0	0	0	0	0	0	0	0	0	0	0	0	0	0	0	0	0	0	0	0	0	0	0	0	0	0	0	0	0	0	0	0	0	0	0	0	0	0	0	0	0	0	0	0
0	0	0	0	0	0	0	0	0	0	0	0	0	0	0	0	0	0	0	0	0	0	0	0	0	0	0	0	0	0	0	0	0	0	0	0	0	0	0	0	0	0	0	0	0	0	0	0	0	0	0	0	0	0	0	0	0	0	0	0	0	0	0	0	0	0	0	0	0	0	0	0	0	0	0	0	0	0	0	0	0	0	0	0	0	0	0	0	0	0	0	0	0	0	0	0	0	0	0	0	0	0	0	0	0	0	0	0	0	0	0	0	0	0	0	0	0	0	0	0	0	0	0	0	0	0	0	0	0	0	0	0	0	0	0	0	0	0	0	0	0	0	0	0	0	0	0	0	0	0	0	0	0	0	0	0	0	0	0	0	0	0	0	0	0	0	0	0	0	0	0	0	0	0	0	0	0	0	0	0	0	0	0	0	0	0	0	0	0	0	0	0	0	0	0	0	0	0	0	0	0	0	0	0	0	0	0	0	0	0	0	0	0	0	0	0	0	0	0	0	0	0	0	0	0	0	0	0	0	0	0	0	0	0	0	0	0	0	0	0	0	0	0	0	0	0	0	0	0	0	0	0	0	0	0	0	0	0	0	0	0	0	0	0	0	0	0	0	0	0	0	0	0	0	0	0	0	0	0	0	0	0	0	0	0	0	0	0	0	0	0	0	0	0	0	0	0	0	0	0	0	0	0	0	0	0	0	0	0	0	0	0
0	0	0	0	0	0	0	0	0	0	0	0	0	0	0	0	0	0	0	0	0	0	0	0	0	0	0	0	0	0	0	0	0	0	0	0	0	0	0	0	0	0	0	0	0	0	0	0	0	0	0	0	0	0	0	0	0	0	0	0	0	0	0	0	0	0	0	0	0	0	0	0	0	0	0	0	0	0	0	0	0	0	0	0	0	0	0	0	0	0	0	0	0	0	0	0	0	0	0	0	0	0	0	0	0	0	0	0	0	0	0	0	0	0	0	0	0	0	0	0	0	0	0	0	0	0	0	0	0	0	0	0	0	0	0	0	0	0	0	0	0	0	0	0	0	0	0	0	0	0	0	0	0	0	0	0	0	0	0	0	0	0	0	0	0	0	0	0	0	0	0	0	0	0	0	0	0	0	0	0	0	0	0	0	0	0	0	0	0	0	0	0	0	0	0	0	0	0	0	0	0	0	0	0	0	0	0	0	0	0	0	0	0	0	0	0	0	0	0	0	0	0	0	0	0	0	0	0	0	0	0	0	0	0	0	0	0	0	0	0	0	0	0	0	0	0	0	0	0	0	0	0	0	0	0	0	0	0	0	0	0	0	0	0	0	0	0	0	0	0	0	0	0	0	0	0	0	0	0	0	0	0	0	0	0	0	0	0	0	0	0	0	0	0	0	0	0	0	0	0	0	0	0	0	0	0	0	0	0	0	0	0
0	0	0	0	0	0	0	0	0	0	0	0	0	0	0	0	0	0	0	0	0	0	0	0	0	0	0	0	0	0	0	0	0	0	0	0	0	0	0	0	0	0	0	0	0	0	0	0	0	0	0	0	0	0	0	0	0	0	0	0	0	0	0	0	0	0	0	0	0	0	0	0	0	0	0	0	0	0	0	0	0	0	0	0	0	0	0	0	0	0	0	0	0	0	0	0	0	0	0	0	0	0	0	0	0	0	0	0	0	0	0	0	0	0	0	0	0	0	0	0	0	0	0	0	0	0	0	0	0	0	0	0	0	0	0	0	0	0	0	0	0	0	0	0	0	0	0	0	0	0	0	0	0	0	0	0	0	0	0	0	0	0	0	0	0	0	0	0	0	0	0	0	0	0	0	0	0	0	0	0	0	0	0	0	0	0	0	0	0	0	0	0	0	0	0	0	0	0	0	0	0	0	0	0	0	0	0	0	0	0	0	0	0	0	0	0	0	0	0	0	0	0	0	0	0	0	0	0	0	0	0	0	0	0	0	0	0	0	0	0	0	0	0	0	0	0	0	0	0	0	0	0	0	0	0	0	0	0	0	0	0	0	0	0	0	0	0	0	0	0	0	0	0	0	0	0	0	0	0	0	0	0	0	0	0	0	0	0	0	0	0	0	0	0	0	0	0	0	0	0	0	0	0	0	0	0	0	0	0	0	0	0
0	0	0	0	0	0	0	0	0	0	0	0	0	0	0	0	0	0	0	0	0	0	0	0	0	0	0	0	0	0	0	0	0	0	0	0	0	0	0	0	0	0	0	0	0	0	0	0	0	0	0	0	0	0	0	0	0	0	0	0	0	0	0	0	0	0	0	0	0	0	0	0	0	0	0	0	0	0	0	0	0	0	0	0	0	0	0	0	0	0	0	0	0	0	0	0	0	0	0	0	0	0	0	0	0	0	0	0	0	0	0	0	0	0	0	0	0	0	0	0	0	0	0	0	0	0	0	0	0	0	0	0	0	0	0	0	0	0	0	0	0	0	0	0	0	0	0	0	0	0	0	0	0	0	0	0	0	0	0	0	0	0	0	0	0	0	0	0	0	0	0	0	0	0	0	0	0	0	0	0	0	0	0	0	0	0	0	0	0	0	0	0	0	0	0	0	0	0	0	0	0	0	0	0	0	0	0	0	0	0	0	0	0	0	0	0	0	0	0	0	0	0	0	0	0	0	0	0	0	0	0	0	0	0	0	0	0	0	0	0	0	0	0	0	0	0	0	0	0	0	0	0	0	0	0	0	0	0	0	0	0	0	0	0	0	0	0	0	0	0	0	0	0	0	0	0	0	0	0	0	0	0	0	0	0	0	0	0	0	0	0	0	0	0	0	0	0	0	0	0	0	0	0	0	0	0	0	0	0	0	0	0
0	0	0	0	0	0	0	0	22	4	3	4	2	1	2	2	10	5	1	2	0	1	1	1	4	2	1	6	3	0	2	4	1	3	0	1	0	0	0	3	3	0	2	2	3	1	0	7	0	1	1	1	1	1	0	0	0	1	0	1	0	0	0	0	1	0	0	0	0	0	0	0	1	0	1	0	0	2	0	0	0	1	0	0	0	1	0	1	1	0	0	0	1	0	0	0	1	1	1	1	0	1	1	0	0	0	0	0	2	0	0	0	0	1	0	0	1	1	2	0	1	0	0	0	0	0	0	2	1	0	1	0	0	1	1	0	0	0	0	0	0	0	0	0	0	0	0	0	0	0	0	0	0	0	0	0	0	1	0	1	0	2	1	1	2	1	0	0	0	0	1	0	0	0	1	0	1	0	1	1	0	0	0	0	0	0	0	0	0	0	0	0	1	0	0	0	0	1	0	0	0	0	1	0	1	1	1	0	0	0	1	0	2	3	0	1	1	0	0	1	0	0	2	0	0	1	0	0	0	0	0	1	0	0	2	0	0	0	1	1	0	0	0	0	0	1	0	0	0	0	1	0	1	3	0	0	1	0	0	0	0	0	0	1	0	1	0	0	0	2	0	1	0	1	0	0	0	0	1	1	0	0	1	0	1	0	0	0	1	0	0	0	0	0	1	0	0	1	0	0	0	0	0	0	0	0	0	0	1	0	0	0
0	0	0	0	0	0	0	22	0	25	15	2	6	6	3	9	18	10	5	2	3	3	2	5	2	2	4	14	1	2	2	8	3	7	3	2	3	0	0	2	5	2	5	5	6	2	2	2	0	2	1	2	2	3	1	2	1	1	1	0	0	0	0	0	1	0	2	1	0	0	1	1	0	0	1	1	3	0	0	2	0	0	1	2	0	0	1	0	0	2	0	0	1	0	0	0	0	3	1	2	0	1	2	1	1	0	0	0	1	0	1	0	0	0	0	0	0	1	0	2	1	2	0	1	1	1	2	0	2	0	0	0	0	0	0	1	0	0	1	0	0	1	0	1	0	0	1	0	1	2	0	0	0	0	0	0	0	0	0	0	2	1	2	2	1	2	1	1	2	2	2	0	1	1	1	0	2	0	0	0	0	0	0	0	0	1	1	0	0	0	0	0	0	0	0	1	0	1	0	2	1	1	0	1	2	0	1	1	2	3	2	3	2	0	2	0	1	1	0	0	2	0	0	0	1	0	1	0	0	0	0	0	0	1	0	1	1	1	2	0	1	0	0	0	0	0	0	0	0	0	0	0	0	0	1	0	1	0	0	0	1	1	0	0	0	0	0	1	2	0	0	1	0	1	0	0	0	0	0	0	0	0	0	0	0	0	0	0	0	0	0	0	0	1	0	1	0	0	1	0	0	1	0	0	0	0	0	1	0	0	1	1
0	0	0	0	0	0	0	4	25	0	64	12	7	6	12	12	8	6	5	3	1	4	1	3	4	4	13	26	12	1	13	14	4	15	4	4	2	2	3	9	15	6	2	4	6	9	5	1	2	2	3	2	3	4	0	0	1	0	0	1	1	1	0	0	1	2	2	0	0	0	0	2	1	0	0	0	1	2	0	3	0	0	1	1	0	0	1	0	0	0	0	1	3	0	2	0	0	1	0	1	1	2	1	3	4	3	0	1	0	0	0	0	0	0	0	0	1	1	1	1	2	2	1	1	0	1	0	0	0	1	0	0	1	0	1	0	0	2	0	1	0	0	0	1	1	0	0	1	0	2	0	0	1	0	2	2	1	0	1	2	0	1	3	1	1	0	3	2	0	0	0	2	3	1	0	0	0	0	0	1	0	0	1	0	1	2	0	1	1	0	1	1	1	0	1	2	2	2	1	0	4	1	2	0	0	1	1	2	2	3	4	3	1	3	1	2	1	0	2	0	1	2	0	0	0	1	2	1	0	0	0	1	0	0	1	3	1	1	1	1	1	0	2	1	0	0	1	0	0	0	0	0	0	1	2	0	0	1	0	1	0	0	0	4	0	4	0	2	0	0	0	0	1	1	1	0	0	0	1	0	1	0	0	0	0	0	0	0	1	0	1	0	0	1	2	0	2	0	0	0	1	0	0	1	0	0	0	1	1	0	0	1
0	0	0	0	0	0	0	3	15	64	0	45	11	13	21	8	3	6	5	6	4	2	7	2	9	2	6	34	5	1	7	7	12	10	12	4	3	4	2	9	8	3	4	2	8	7	7	5	1	4	3	1	7	1	0	0	1	0	0	0	0	1	0	2	0	1	0	1	2	0	2	1	2	1	1	0	2	1	0	1	1	1	0	1	0	1	1	0	0	0	1	0	0	0	2	0	1	1	0	0	2	0	10	2	5	5	2	2	0	1	1	0	0	1	0	1	0	2	2	5	4	1	4	2	1	0	0	1	3	1	1	0	0	0	0	0	1	0	0	0	1	1	0	0	0	0	0	3	2	1	2	0	1	1	0	1	3	1	0	0	2	1	1	4	1	0	0	0	1	1	1	2	0	0	0	0	0	0	0	1	0	0	0	0	2	0	1	2	0	1	0	1	0	0	3	0	1	1	0	1	2	0	0	0	0	2	1	4	3	0	8	5	0	2	0	2	2	0	1	2	0	0	0	1	1	0	0	2	1	0	1	2	2	1	0	1	1	2	3	0	0	2	2	0	2	0	0	0	0	0	0	0	0	0	1	1	0	0	1	0	0	0	0	0	0	1	1	1	1	1	0	0	0	0	1	0	1	0	1	0	0	0	0	0	0	0	0	1	1	0	0	2	0	0	0	0	1	0	0	1	2	2	1	0	3	0	0	0	0	0	0	0
0	0	0	0	0	0	0	4	2	12	45	0	9	18	19	2	2	3	4	0	2	4	1	6	9	3	11	11	6	2	3	5	2	8	12	5	4	0	10	23	8	0	5	8	5	10	8	7	3	1	0	13	14	2	0	2	0	2	0	1	3	0	1	1	3	1	1	0	0	1	0	0	1	4	1	1	2	2	1	0	0	3	0	2	0	2	0	1	0	2	0	0	1	1	1	1	1	3	0	1	0	1	4	4	4	2	2	2	0	1	1	0	1	0	0	1	1	0	1	2	3	5	1	3	2	1	2	1	1	1	0	1	1	0	0	1	2	0	1	0	1	1	1	1	0	0	2	1	1	3	1	4	0	0	1	1	0	0	1	2	5	8	5	0	3	1	1	2	1	0	0	3	1	1	0	1	0	2	0	0	0	0	1	0	0	0	1	1	0	5	0	1	1	1	1	2	0	6	1	1	3	5	0	1	0	0	0	1	0	1	6	2	1	3	1	1	1	2	0	0	0	2	1	0	0	0	1	0	0	0	0	1	1	0	2	0	1	2	0	0	1	3	2	0	1	1	0	0	0	0	0	1	0	0	0	0	0	0	0	0	0	0	0	1	0	1	0	2	1	1	1	2	0	0	1	0	0	0	0	0	0	1	0	0	1	0	0	0	0	0	0	0	0	0	0	1	1	0	0	0	2	1	0	1	1	0	0	2	1	1	0	2
0	0	0	0	0	0	0	2	6	7	11	9	0	101	36	9	2	7	5	2	8	4	8	7	6	4	5	3	3	1	2	0	3	2	7	2	3	1	5	5	4	1	0	2	0	2	5	6	3	3	7	5	15	4	0	2	1	1	0	1	2	0	0	1	2	1	2	1	0	3	0	0	0	1	0	0	2	3	0	0	0	1	1	0	1	0	0	0	0	0	0	0	0	1	0	0	2	0	2	1	0	2	3	1	5	0	2	2	1	1	0	0	0	1	1	2	2	3	2	4	3	3	2	3	1	1	0	0	1	0	2	1	0	2	0	0	0	0	0	1	0	0	1	1	3	1	1	1	0	3	3	1	1	3	0	0	2	3	1	4	6	7	5	3	2	1	2	2	3	2	2	4	1	1	0	1	2	0	2	0	1	0	0	2	2	1	0	0	1	1	2	0	1	0	0	1	1	1	3	1	0	2	1	1	0	1	0	1	1	0	3	1	4	3	0	1	2	0	2	1	0	0	1	3	1	1	0	0	1	2	0	1	0	0	2	2	0	0	0	1	0	0	0	1	1	1	0	0	0	1	1	0	1	1	2	1	0	1	1	1	1	1	1	2	0	0	0	0	1	1	0	0	0	0	0	1	0	1	0	1	0	0	1	1	1	0	0	0	0	0	0	1	0	1	0	1	0	2	0	0	1	0	1	0	0	1	1	0	1	0	0	0
0	0	0	0	0	0	0	1	6	6	13	18	101	0	42	12	2	1	5	6	8	5	18	11	8	7	7	5	3	0	1	2	2	2	7	4	1	3	7	7	2	1	1	1	1	2	3	3	1	1	4	2	11	10	4	1	1	1	1	1	2	2	0	0	0	0	0	0	2	0	1	1	0	0	2	1	0	0	0	1	1	0	0	1	0	1	1	0	1	2	0	1	1	0	0	1	0	1	2	2	1	2	2	1	0	1	1	0	2	1	2	0	1	1	0	0	1	3	3	2	4	8	4	1	2	2	1	0	2	0	0	0	2	0	0	0	0	1	0	0	1	1	1	1	0	0	2	1	2	5	1	3	1	0	1	4	1	1	5	1	5	8	5	4	2	1	0	2	2	0	0	0	0	1	0	3	0	0	0	0	0	0	0	0	1	1	1	1	0	0	0	1	2	1	1	0	2	0	0	1	0	1	1	1	0	1	2	1	2	1	4	0	0	3	0	3	0	1	1	3	0	1	0	1	3	0	0	0	1	0	0	1	2	1	0	0	2	0	1	0	0	2	3	1	0	1	0	0	1	0	1	0	1	0	0	1	0	2	0	2	1	0	0	1	1	0	0	0	0	0	0	1	0	2	2	0	0	0	0	0	2	1	1	1	0	0	0	0	0	0	1	1	0	2	0	0	1	2	0	0	0	2	1	0	2	1	0	0	2	1	1	0
0	0	0	0	0	0	0	2	3	12	21	19	36	42	0	23	2	6	13	10	7	7	6	7	9	5	8	9	4	2	7	0	3	2	6	4	2	1	6	9	4	3	2	1	3	2	6	4	1	0	3	4	6	1	3	1	0	1	1	2	0	0	1	1	2	1	0	0	3	0	0	1	1	1	0	1	1	1	0	2	0	1	1	1	2	0	0	0	0	3	1	1	1	1	1	1	1	0	0	1	1	1	2	2	0	1	1	0	1	1	0	0	1	1	0	2	3	2	4	2	5	0	1	4	2	2	0	4	1	0	1	0	0	1	1	0	0	0	0	0	0	1	2	0	0	1	1	1	2	4	1	0	1	2	0	0	2	1	5	4	2	8	2	3	3	1	0	2	0	4	4	2	3	1	0	0	2	1	1	0	0	1	0	0	1	3	0	0	0	0	1	0	6	0	1	2	0	1	2	0	2	1	2	4	1	1	1	1	3	2	5	4	1	2	2	3	1	1	0	1	1	0	1	1	1	1	0	0	0	1	0	0	0	1	1	1	3	1	0	0	0	2	1	0	0	3	2	0	0	0	0	0	0	3	2	0	0	1	1	0	0	2	0	0	0	1	0	0	0	0	0	0	0	1	0	0	0	1	1	1	0	0	0	0	0	0	0	0	0	0	0	0	0	0	0	0	1	0	0	1	1	0	2	0	1	1	0	1	1	0	1	1
0	0	0	0	0	0	0	2	9	12	8	2	9	12	23	0	15	32	46	14	2	8	18	16	3	2	13	6	4	3	4	5	4	2	8	8	0	3	4	2	0	3	2	1	2	2	2	3	2	1	3	1	0	3	1	0	3	0	0	1	1	0	2	1	2	0	0	0	1	0	0	0	0	1	0	0	1	1	1	2	1	1	0	0	0	0	0	1	1	0	0	0	2	2	0	1	1	2	2	2	1	0	2	0	3	2	1	0	0	1	0	0	1	0	0	1	1	1	5	1	4	0	4	0	1	1	0	0	1	0	0	0	0	0	0	1	0	0	0	1	0	1	0	1	0	1	0	0	2	0	2	2	0	0	0	1	0	2	1	0	6	1	2	1	2	0	1	0	1	2	0	0	2	0	0	0	0	0	0	0	0	2	0	0	0	1	2	0	3	2	2	1	1	1	1	3	4	0	1	0	1	1	2	2	0	1	1	2	4	4	5	0	7	2	3	3	0	1	0	1	0	0	0	0	1	0	0	0	2	1	0	0	1	0	0	1	1	0	1	1	0	1	0	0	0	0	1	0	1	0	1	0	0	0	0	0	0	0	3	0	0	0	1	0	0	1	1	1	0	0	1	0	0	1	2	0	0	0	0	0	0	0	0	1	0	1	1	0	0	0	1	0	0	1	0	1	0	0	0	0	1	1	0	1	1	1	1	1	2	0	2	2
0	0	0	0	0	0	0	10	18	8	3	2	2	2	2	15	0	76	12	8	2	1	4	3	3	4	17	5	4	2	3	5	3	6	2	1	2	0	2	4	5	1	2	1	4	3	3	1	1	2	1	0	2	0	1	1	0	1	0	0	0	1	0	0	2	0	0	1	2	1	0	0	0	0	0	2	0	1	1	1	2	1	0	1	0	0	0	1	0	0	0	1	0	0	2	1	2	1	3	2	1	0	2	1	1	1	3	3	0	0	1	0	1	0	0	0	1	2	0	1	0	2	2	0	0	0	0	1	0	0	0	1	0	0	0	0	2	0	0	1	0	0	0	0	0	0	1	1	1	3	0	2	2	0	2	0	0	0	0	1	2	2	2	1	0	1	0	0	0	3	2	1	1	0	0	0	1	0	0	0	0	0	0	0	0	0	1	0	0	1	0	2	1	1	1	1	1	0	1	0	0	0	2	1	0	2	2	0	1	3	2	7	2	1	3	1	1	1	2	2	0	1	0	1	0	0	0	0	1	0	0	0	1	0	1	0	0	0	0	2	0	0	0	0	0	0	1	0	0	0	0	0	1	0	0	0	0	0	0	1	0	0	0	0	1	0	0	0	1	0	0	0	0	0	2	0	0	0	0	0	1	0	0	0	0	0	1	0	0	0	0	0	0	1	0	2	1	0	2	0	1	1	1	0	1	2	0	1	0	0	0	0
0	0	0	0	0	0	0	5	10	6	6	3	7	1	6	32	76	0	26	6	1	8	6	6	5	3	10	6	3	1	2	3	8	4	3	3	1	1	4	3	1	1	2	1	4	1	2	2	3	1	0	0	0	1	0	0	1	1	0	1	0	0	0	0	0	0	0	1	4	0	0	1	0	0	0	0	1	2	0	0	0	0	0	0	0	1	1	0	0	2	0	1	2	1	0	1	0	1	0	0	0	1	2	1	1	1	0	0	0	1	1	0	0	0	0	0	0	1	1	1	0	2	0	2	0	0	0	0	0	2	0	0	0	0	0	0	0	0	2	0	1	0	0	1	1	2	1	0	1	2	1	2	1	1	1	1	0	0	2	1	1	0	0	2	1	0	0	0	0	1	0	0	0	2	0	0	0	0	1	1	0	0	0	1	2	1	1	1	0	1	0	3	0	0	0	1	3	0	1	0	2	2	1	0	0	1	2	1	0	2	2	3	2	3	1	2	1	0	0	0	0	3	1	0	1	1	0	0	0	0	0	0	0	0	2	1	0	0	1	1	0	2	0	1	0	0	0	0	1	0	0	1	1	0	1	0	0	0	0	0	1	0	0	0	0	0	0	0	0	0	1	0	0	0	0	0	0	0	0	0	0	0	0	0	1	0	0	1	0	0	0	0	0	0	0	0	1	0	1	0	0	0	1	0	0	0	0	1	1	0	0	0
0	0	0	0	0	0	0	1	5	5	5	4	5	5	13	46	12	26	0	36	15	20	5	8	7	2	8	0	5	2	0	2	1	1	5	3	2	1	2	0	2	1	2	1	2	2	0	2	0	1	2	1	2	1	1	3	0	0	1	0	0	0	1	0	1	1	1	0	1	0	0	0	0	2	0	0	0	0	2	1	0	0	0	0	1	0	1	0	0	0	0	1	1	0	0	0	1	2	2	1	1	1	2	1	1	0	3	1	0	1	0	0	0	0	1	1	2	0	0	2	0	0	1	2	1	1	0	0	0	2	0	0	1	0	0	1	0	0	0	2	0	0	1	1	1	1	0	0	1	4	3	1	1	2	2	3	1	3	0	4	5	2	0	0	3	0	1	1	1	0	0	3	0	0	0	0	0	0	1	0	0	0	1	0	1	0	0	0	1	2	1	1	0	0	1	1	0	2	0	0	0	2	1	2	0	0	0	1	2	2	3	2	2	2	5	2	2	1	0	1	1	0	1	2	0	0	1	0	0	1	1	1	0	2	1	2	1	0	0	0	0	2	1	1	0	2	0	1	0	0	0	0	0	1	0	1	1	0	0	1	0	0	1	1	0	1	0	0	0	0	0	2	1	0	0	2	0	0	0	0	0	0	0	1	1	1	0	0	1	2	0	1	0	1	0	0	0	0	0	0	0	0	1	0	0	0	0	1	0	2	0	0
0	0	0	0	0	0	0	2	2	3	6	0	2	6	10	14	8	6	36	0	93	26	3	5	2	10	6	3	0	0	1	1	3	2	3	2	3	2	3	2	1	0	5	0	1	3	1	1	0	3	2	1	1	2	1	2	0	1	0	0	0	0	1	1	0	1	1	0	0	1	0	1	0	0	1	1	0	1	0	0	0	0	1	0	0	0	0	0	0	1	0	0	0	2	2	0	0	0	0	0	1	0	2	2	1	2	1	0	0	0	1	1	1	0	1	0	1	0	0	0	1	5	0	0	2	0	1	0	1	1	0	1	0	0	0	1	0	2	1	0	0	0	0	0	1	1	1	1	4	3	3	2	2	5	1	1	3	0	2	6	5	6	3	2	1	2	0	1	0	1	0	1	0	1	0	0	0	0	0	1	1	0	0	0	1	0	1	0	1	0	0	1	0	0	0	2	1	1	2	0	0	0	1	1	1	0	0	2	2	0	1	1	1	3	3	1	2	0	0	2	1	0	2	1	0	0	0	0	0	1	0	3	0	0	2	1	1	0	1	1	1	0	0	1	1	0	0	0	1	2	0	1	0	1	0	0	1	1	1	0	1	0	0	0	0	0	0	1	0	0	1	0	0	1	1	1	1	0	0	0	0	1	0	0	0	0	0	0	0	0	1	0	1	0	0	1	1	1	1	0	0	0	1	1	0	0	1	0	0	0	0	1
0	0	0	0	0	0	0	0	3	1	4	2	8	8	7	2	2	1	15	93	0	42	8	3	0	2	4	6	1	3	2	0	1	2	2	3	3	4	2	3	1	1	0	0	1	2	0	1	1	1	0	2	1	3	1	0	1	1	1	0	1	1	0	0	1	0	0	1	0	0	0	0	0	1	1	1	0	0	1	0	0	0	0	1	0	1	1	0	0	0	0	0	0	1	0	0	2	0	2	0	1	0	0	0	0	1	0	2	1	0	0	1	0	1	1	0	1	0	0	2	0	2	2	1	1	4	0	1	0	0	2	1	0	0	0	1	0	0	0	0	1	1	2	1	0	1	3	4	2	10	5	2	2	3	1	3	1	1	1	3	2	6	2	3	2	0	0	1	2	1	1	2	0	0	1	1	0	1	0	0	0	0	0	0	0	1	1	0	1	0	0	3	2	0	0	1	0	0	0	1	2	0	0	2	0	0	0	2	2	0	3	1	1	7	4	1	0	3	1	2	1	0	1	1	0	1	1	0	1	0	1	0	2	2	0	2	3	1	4	1	1	2	0	1	0	0	0	1	0	0	0	0	1	0	1	1	0	1	0	1	0	0	1	0	1	0	1	0	1	1	0	0	1	0	0	0	0	0	0	0	0	0	1	0	0	0	0	0	0	0	0	0	2	0	0	0	1	0	1	0	0	0	0	0	0	0	1	0	0	0	0	0
0	0	0	0	0	0	0	1	3	4	2	4	4	5	7	8	1	8	20	26	42	0	13	22	19	10	12	5	1	4	0	5	0	3	5	4	3	5	3	4	1	2	2	0	1	4	2	2	1	2	1	1	4	7	3	4	1	1	0	0	1	0	0	0	0	0	0	1	0	0	0	0	1	1	2	1	0	0	0	0	0	1	1	0	0	0	0	0	0	0	0	0	0	0	1	0	0	1	0	0	1	0	1	0	2	0	0	2	0	0	0	0	1	0	0	1	3	3	0	1	3	0	2	1	0	0	3	2	0	0	1	0	0	0	0	0	0	0	0	0	0	1	0	2	3	3	0	3	6	3	0	2	3	0	0	3	2	0	2	3	6	5	2	1	3	1	2	1	4	2	0	1	1	0	0	0	0	0	0	0	0	0	1	0	0	1	1	1	2	2	1	0	1	1	0	1	1	0	0	0	1	0	1	3	0	3	1	1	2	3	2	5	3	8	3	1	0	0	2	1	2	1	2	0	0	0	1	0	1	0	0	0	0	0	5	3	0	1	2	0	4	3	0	1	1	1	3	0	1	0	0	0	1	0	3	0	0	0	0	0	0	0	3	2	0	1	0	0	1	0	0	0	1	0	0	0	0	0	0	0	0	0	1	1	0	0	1	1	0	0	1	1	0	0	0	2	1	3	1	0	0	0	0	1	0	0	2	0	1	1	1	2
0	0	0	0	0	0	0	1	2	1	7	1	8	18	6	18	4	6	5	3	8	13	0	362	26	19	13	5	2	2	3	0	0	2	13	6	8	4	7	7	5	0	1	2	1	3	3	1	2	1	1	4	2	6	0	2	1	1	1	0	1	2	0	0	1	0	1	0	2	2	1	0	1	0	1	1	0	1	2	3	0	0	2	0	0	0	2	2	1	0	0	0	1	2	0	0	0	2	0	1	0	1	2	3	0	2	1	0	3	2	2	2	0	0	1	0	1	6	1	4	4	2	1	5	1	0	2	1	1	0	0	0	0	0	1	0	0	1	0	0	0	1	1	0	0	0	3	0	1	8	1	3	2	0	1	1	2	1	3	5	10	5	6	2	5	3	0	3	2	1	0	4	1	0	0	3	0	0	0	0	1	0	1	0	0	3	1	0	0	3	2	0	0	0	1	1	2	1	0	2	0	2	0	1	3	1	2	2	6	3	2	3	2	6	2	2	3	3	3	0	1	3	1	1	1	1	1	2	1	2	1	1	0	2	2	1	3	2	2	1	0	0	2	1	1	1	1	0	0	0	0	1	0	0	0	1	0	0	1	0	1	0	1	0	2	0	1	0	1	2	0	0	1	1	0	0	0	0	2	0	0	0	1	0	0	1	0	0	0	1	0	0	0	1	0	2	0	3	0	0	1	2	2	0	0	3	0	1	1	0	0	1
0	0	0	0	0	0	0	1	5	3	2	6	7	11	7	16	3	6	8	5	3	22	362	0	46	20	14	6	3	2	3	3	3	3	14	7	15	15	16	8	3	0	2	1	2	1	1	6	3	1	1	1	4	3	3	4	3	1	0	1	0	1	0	1	1	1	1	1	0	0	1	0	1	0	0	1	0	1	1	0	1	1	0	0	2	1	0	0	1	1	1	1	0	1	2	2	1	1	0	0	5	1	3	4	1	3	1	3	1	1	0	0	0	1	1	0	1	1	2	2	3	2	1	4	1	1	1	1	0	1	1	2	0	1	2	1	1	0	1	1	1	1	0	1	1	5	0	0	2	7	1	0	2	1	0	0	1	1	3	6	5	3	2	1	3	2	2	2	0	1	1	0	1	1	2	1	0	0	2	0	1	1	2	0	0	4	1	0	0	6	3	1	3	1	1	2	1	0	1	0	2	3	0	4	1	2	1	2	6	3	4	2	11	5	5	2	3	3	0	2	2	0	0	0	1	2	0	0	0	1	2	0	2	0	1	0	2	1	1	1	1	1	0	1	0	0	1	0	0	0	0	0	1	2	0	2	0	0	1	0	1	3	1	0	0	1	2	3	1	0	0	0	0	0	1	2	0	0	0	0	0	0	1	0	0	1	1	1	0	0	0	0	0	1	1	0	0	3	2	0	0	1	1	0	1	2	2	0	2	0	1	1
0	0	0	0	0	0	0	4	2	4	9	9	6	8	9	3	3	5	7	2	0	19	26	46	0	33	26	8	3	5	9	3	4	5	88	32	7	12	16	10	4	2	1	1	1	0	0	4	1	0	4	0	3	2	2	1	0	0	0	1	0	0	1	1	1	1	1	2	0	0	1	0	0	0	1	2	0	0	1	1	3	1	2	1	2	1	2	4	1	1	1	2	1	0	2	0	1	2	1	0	2	2	3	5	4	3	3	4	0	1	1	1	1	0	0	0	2	1	1	0	7	2	1	0	1	0	4	0	1	0	1	0	0	1	2	0	0	0	0	1	2	0	2	1	1	0	2	0	2	3	1	3	0	0	2	1	0	2	0	0	4	2	0	3	0	2	1	1	3	1	1	0	2	0	0	0	1	2	2	1	0	0	0	1	1	2	2	1	2	3	3	3	0	1	2	0	2	1	1	0	3	0	4	4	1	4	4	2	2	6	12	6	8	14	12	4	6	2	1	3	1	1	3	0	0	0	0	2	1	1	0	2	2	2	3	2	4	0	2	2	0	0	1	1	1	0	2	1	0	0	0	0	1	0	0	0	0	1	1	1	1	0	0	0	2	0	1	0	0	0	0	1	0	0	1	0	0	0	0	1	0	0	0	1	0	0	0	0	0	1	1	0	0	0	1	1	1	1	0	1	1	6	0	0	0	0	0	0	1	3	0	1
0	0	0	0	0	0	0	2	2	4	2	3	4	7	5	2	4	3	2	10	2	10	19	20	33	0	17	2	4	5	2	5	3	5	12	18	11	12	7	3	4	2	1	2	1	0	1	1	1	1	2	2	1	3	3	0	0	1	1	2	1	0	1	0	1	0	1	1	1	2	0	0	0	0	0	0	1	1	2	0	0	1	0	2	1	0	0	2	1	0	1	1	1	0	1	0	2	3	2	1	1	1	7	3	3	3	3	0	4	0	0	0	0	2	2	1	2	1	3	1	2	0	0	1	1	0	0	1	1	1	0	2	0	0	0	1	1	0	0	1	0	1	0	1	3	2	1	4	2	2	4	1	1	2	1	2	0	0	1	2	1	4	1	0	2	0	1	0	0	2	0	0	4	0	1	0	1	1	2	0	0	1	1	0	1	1	3	1	1	3	1	0	0	1	2	1	0	1	0	2	3	3	2	0	0	4	4	4	5	5	13	5	13	31	17	8	6	5	3	1	2	0	2	1	0	2	0	2	0	2	0	1	1	2	3	6	5	4	0	0	3	2	1	0	0	0	0	0	1	0	0	0	1	1	0	0	0	0	0	0	1	2	0	0	0	2	1	0	0	1	0	0	0	0	0	2	0	0	0	2	0	1	0	0	0	0	0	0	0	0	1	2	0	0	0	3	1	0	0	1	0	0	2	2	0	0	0	3	0	2	1	1
0	0	0	0	0	0	0	1	4	13	6	11	5	7	8	13	17	10	8	6	4	12	13	14	26	17	0	9	5	7	7	6	1	13	50	14	3	2	14	8	5	1	1	0	4	6	2	1	2	1	0	4	0	4	1	0	1	0	0	1	0	0	1	1	1	2	0	0	1	1	0	0	0	0	0	1	1	0	2	2	0	1	1	1	0	0	0	0	2	1	2	0	0	2	0	2	0	4	3	0	3	3	3	4	4	1	2	1	1	0	0	0	0	1	1	0	1	1	0	0	1	0	1	2	0	0	0	1	2	1	0	0	1	3	1	0	1	0	1	0	0	0	0	0	2	0	2	3	1	0	4	0	1	1	1	0	0	2	3	0	2	3	2	1	2	0	0	1	3	0	2	0	2	0	0	0	1	1	0	0	2	0	1	0	0	0	0	2	0	2	1	2	0	0	1	1	1	1	2	1	2	2	0	2	1	4	6	2	6	6	15	11	2	11	7	4	2	0	1	0	0	1	0	0	1	0	0	0	1	0	0	2	0	1	2	1	3	1	2	1	2	1	1	0	2	1	0	0	3	0	0	0	2	1	0	1	0	0	0	1	1	1	0	1	0	1	1	0	0	0	0	1	0	0	0	1	1	0	0	1	1	0	0	0	0	0	0	0	0	0	1	1	0	0	0	0	0	0	1	2	0	3	0	1	1	2	0	0	0	2	1	0
0	0	0	0	0	0	0	6	14	26	34	11	3	5	9	6	5	6	0	3	6	5	5	6	8	2	9	0	23	10	12	16	7	92	13	6	1	4	2	9	6	3	2	8	7	9	1	2	3	0	1	1	3	3	4	0	1	1	0	0	2	1	1	1	2	0	2	0	2	0	1	1	1	0	0	0	0	0	0	1	1	0	0	0	0	0	2	0	1	1	2	0	1	2	0	0	2	2	5	2	1	3	6	0	1	1	3	0	0	3	1	0	1	1	1	0	1	1	3	0	0	3	0	0	1	0	1	0	1	1	1	0	0	0	1	0	1	0	0	0	0	1	0	0	0	1	0	0	1	1	0	1	1	2	1	1	1	2	0	4	1	1	3	0	1	3	0	0	0	0	2	0	0	0	0	0	1	1	0	0	1	0	0	0	1	1	0	0	1	6	0	2	0	0	2	1	1	0	0	2	0	3	1	1	1	0	1	1	3	9	8	6	2	3	7	0	2	2	2	1	1	1	0	0	0	0	0	0	1	0	0	0	1	0	2	0	0	2	0	1	1	1	0	0	0	0	1	0	0	0	1	2	1	1	0	0	0	0	0	0	0	1	1	0	1	0	1	1	0	0	1	0	0	0	0	0	0	0	0	0	2	0	0	0	0	1	1	2	0	1	1	0	1	1	0	1	1	2	0	0	0	1	0	0	2	0	3	0	3	1	1	0
0	0	0	0	0	0	0	3	1	12	5	6	3	3	4	4	4	3	5	0	1	1	2	3	3	4	5	23	0	24	894	25	25	37	5	2	0	4	4	5	16	12	4	13	7	8	2	2	3	1	1	2	1	1	2	0	0	0	1	1	1	1	1	0	2	2	0	2	0	0	0	1	4	3	1	1	2	0	2	1	1	0	2	1	0	0	4	1	5	1	0	0	1	4	3	2	3	5	6	4	8	6	9	4	4	1	1	0	0	2	1	1	0	0	0	0	0	1	3	1	2	1	1	0	1	1	0	1	1	0	0	0	0	0	0	0	1	0	0	0	1	0	1	1	0	0	1	0	2	0	1	1	1	1	1	0	0	0	1	0	0	1	0	1	0	0	0	0	1	0	0	1	0	1	0	0	0	3	1	0	0	0	0	0	0	2	0	3	0	1	0	1	0	1	0	2	2	2	1	1	3	1	1	3	0	3	3	3	8	8	10	2	3	2	4	1	1	3	0	0	2	0	0	0	0	0	0	1	0	2	1	2	0	0	2	1	1	0	1	0	1	1	0	0	1	2	0	2	0	0	0	0	0	0	0	0	1	0	1	1	0	0	0	4	0	0	2	0	1	0	0	0	0	0	0	0	1	0	0	1	0	0	2	0	0	0	2	0	0	1	0	2	1	0	0	2	0	0	0	0	0	0	0	0	0	0	1	3	0	2	0	2
0	0	0	0	0	0	0	0	2	1	1	2	1	0	2	3	2	1	2	0	3	4	2	2	5	5	7	10	24	0	30	20	38	17	4	10	5	4	1	7	6	2	4	4	7	5	3	1	0	1	0	2	1	3	1	1	2	0	0	0	1	1	0	0	2	1	1	2	2	2	0	0	0	0	0	0	3	2	2	1	0	2	0	1	1	3	3	1	1	2	2	1	1	3	2	2	2	5	5	1	6	7	14	9	4	4	2	0	1	1	2	0	0	1	2	1	2	3	1	2	0	1	5	0	0	0	1	1	1	0	0	0	0	1	0	0	0	0	0	0	0	0	1	0	0	2	1	2	1	1	0	0	1	0	1	0	0	0	1	0	0	0	0	3	0	1	3	1	0	0	1	2	0	1	2	0	0	0	0	1	0	1	0	3	1	1	1	1	2	0	3	0	0	1	1	3	6	5	4	0	2	3	1	3	4	3	2	8	8	34	14	6	2	3	4	5	1	1	0	0	0	0	0	0	0	0	0	0	1	1	1	0	0	0	1	0	0	0	2	0	0	0	0	1	0	0	1	0	1	0	1	0	0	1	1	0	0	1	0	0	0	0	0	0	0	0	0	1	0	1	0	0	1	0	0	0	0	0	0	0	0	2	0	0	0	0	0	1	0	0	0	1	1	0	0	1	1	3	0	0	2	1	0	0	0	0	0	1	0	1	1	0
0	0	0	0	0	0	0	2	2	13	7	3	2	1	7	4	3	2	0	1	2	0	3	3	9	2	7	12	894	30	0	19	64	30	4	1	1	1	5	6	28	6	8	10	11	12	1	2	2	2	0	4	2	2	0	1	0	1	1	0	0	0	2	0	2	2	0	1	0	0	0	0	0	2	1	0	2	2	1	3	2	2	0	1	2	1	2	4	1	1	0	2	2	2	5	2	2	13	5	2	1	4	4	2	3	3	2	2	3	2	1	1	1	0	1	1	0	1	2	2	2	1	2	1	1	0	1	2	0	0	2	0	3	1	0	0	1	0	1	1	0	1	0	1	1	0	0	0	0	1	0	0	0	2	2	1	0	1	1	0	0	0	2	0	1	0	1	0	0	0	0	0	1	0	1	0	1	1	0	1	0	0	0	2	1	0	0	0	0	1	1	1	1	0	0	1	1	1	1	2	1	0	1	2	3	1	5	4	6	7	9	3	1	2	2	3	1	1	3	0	0	3	1	0	1	0	0	1	1	0	0	1	1	0	0	2	1	1	0	2	0	0	0	0	0	0	0	0	0	0	0	0	1	1	0	0	1	0	0	0	1	0	0	1	0	1	0	1	0	0	0	0	0	0	0	0	0	0	2	0	0	1	1	0	1	1	0	0	0	0	0	0	0	0	4	0	0	0	1	0	1	1	1	1	0	0	1	2	1	0	1	0
0	0	0	0	0	0	0	4	8	14	7	5	0	2	0	5	5	3	2	1	0	5	0	3	3	5	6	16	25	20	19	0	29	11	8	1	1	4	0	1	3	5	6	6	2	4	3	4	0	1	1	1	0	1	0	0	0	0	1	1	0	0	1	0	1	0	1	0	1	0	0	1	0	1	0	0	0	1	1	0	3	1	0	1	0	0	0	3	0	1	1	2	1	1	1	3	2	1	2	0	2	6	2	2	0	0	0	2	1	1	0	0	0	0	0	1	1	1	2	2	2	4	2	2	0	0	0	1	2	1	0	0	1	0	0	0	0	0	0	0	1	0	0	0	1	2	0	0	0	0	0	0	0	0	0	1	0	0	1	1	3	1	3	0	2	0	1	0	1	0	0	0	0	2	0	0	0	0	0	0	1	0	0	1	0	1	0	0	0	1	2	0	1	0	1	1	1	3	3	3	2	0	1	1	0	1	1	3	3	2	4	6	2	2	2	2	2	1	2	0	0	0	1	0	0	0	0	1	0	0	1	0	2	1	1	2	0	2	0	0	0	0	1	0	0	1	1	1	1	0	0	0	0	2	0	0	0	0	0	0	0	0	0	1	0	1	0	0	0	1	1	0	2	0	0	0	1	0	0	1	0	0	0	0	0	0	0	0	0	0	0	1	1	0	0	0	0	0	0	1	1	0	0	0	0	0	0	2	2	0	0	0
0	0	0	0	0	0	0	1	3	4	12	2	3	2	3	4	3	8	1	3	1	0	0	3	4	3	1	7	25	38	64	29	0	14	4	1	1	4	4	4	10	5	3	6	5	13	0	2	2	0	1	2	0	1	2	3	0	1	0	0	0	0	3	0	1	1	1	1	1	1	0	1	1	1	1	0	0	1	2	2	0	1	1	4	0	1	5	0	2	2	1	1	0	2	1	0	5	7	7	6	4	3	5	2	5	2	0	3	0	4	0	0	0	0	0	2	0	0	0	0	1	2	4	1	1	1	2	0	0	0	0	0	0	1	1	0	0	0	0	1	0	0	0	1	0	1	0	1	2	1	0	1	0	0	1	0	0	0	1	0	1	2	1	2	0	3	0	0	0	0	0	0	1	0	1	1	1	0	0	0	0	1	1	0	1	1	1	0	2	0	3	0	0	0	0	3	1	1	1	1	1	2	1	1	1	3	1	1	5	11	6	7	1	1	2	1	4	3	0	0	1	0	0	0	0	1	1	1	0	1	1	0	0	0	0	0	1	1	1	2	1	0	1	0	0	0	0	0	0	0	0	0	0	1	1	0	0	0	1	1	1	1	1	0	1	0	1	0	1	1	0	0	0	0	1	0	0	0	0	0	0	0	1	0	0	0	2	2	1	0	0	0	0	0	0	0	0	1	0	0	0	0	0	0	0	1	2	0	0	1	0	1
0	0	0	0	0	0	0	3	7	15	10	8	2	2	2	2	6	4	1	2	2	3	2	3	5	5	13	92	37	17	30	11	14	0	18	6	2	3	7	8	9	3	7	5	5	11	4	4	0	1	1	5	3	0	1	3	2	0	1	0	4	1	2	4	1	2	0	0	1	2	0	0	0	0	1	0	1	3	0	1	0	2	0	1	2	1	3	0	2	2	1	0	0	1	1	1	4	5	3	1	4	1	9	5	5	6	4	1	0	0	0	1	0	1	0	0	1	0	0	3	4	1	0	0	1	1	0	4	1	0	0	0	1	0	0	0	0	0	0	0	1	0	1	0	0	0	1	2	2	1	3	0	0	3	0	0	0	2	2	0	1	1	0	0	1	1	0	0	0	0	2	1	1	1	1	0	1	0	0	0	1	0	3	1	0	1	0	1	1	4	0	2	1	0	1	1	2	0	0	0	2	3	0	2	1	2	2	4	2	4	9	8	1	6	2	1	0	1	0	1	0	1	1	1	0	0	1	2	0	0	0	0	3	0	2	0	0	0	1	0	1	0	0	1	1	0	0	0	0	0	0	1	0	0	3	0	0	0	1	1	0	2	0	0	0	0	0	0	1	1	1	0	0	0	0	0	1	1	0	0	0	0	0	0	0	0	0	0	3	0	1	2	0	0	0	0	0	1	1	0	0	0	0	0	1	3	3	0	0	0	3	2
0	0	0	0	0	0	0	0	3	4	12	12	7	7	6	8	2	3	5	3	2	5	13	14	88	12	50	13	5	4	4	8	4	18	0	47	3	5	22	13	7	6	2	7	2	5	2	1	1	0	4	1	3	6	5	0	0	1	0	0	0	0	0	0	1	1	0	1	0	0	0	1	0	2	0	2	0	1	1	0	0	1	0	1	1	0	1	0	1	0	0	2	0	1	3	3	0	1	2	1	2	1	6	3	1	5	2	2	1	0	0	0	1	0	1	0	0	1	1	1	5	2	3	2	0	0	0	1	2	0	1	0	0	1	0	1	0	0	0	0	0	1	0	1	2	1	3	1	1	1	1	1	1	0	0	2	0	0	0	1	4	4	2	2	1	2	0	0	0	1	1	0	0	0	1	1	0	0	2	0	2	0	2	0	1	1	1	1	2	4	3	0	1	0	0	2	4	2	4	2	3	2	2	1	0	3	3	3	7	9	30	7	4	6	8	8	4	1	2	0	2	1	1	0	0	0	0	1	0	1	1	1	2	6	1	1	3	1	1	1	2	1	3	0	1	1	2	1	0	0	1	0	0	1	0	1	0	0	0	0	0	0	0	0	0	0	0	2	1	1	0	0	0	0	0	0	0	0	0	0	0	1	1	0	0	0	0	1	2	0	1	0	0	1	0	2	0	0	1	0	0	0	2	0	0	2	0	0	0	0	0	0
0	0	0	0	0	0	0	1	2	4	4	5	2	4	4	8	1	3	3	2	3	4	6	7	32	18	14	6	2	10	1	1	1	6	47	0	20	18	63	10	3	0	0	3	0	1	2	0	2	0	1	5	2	3	1	4	1	0	1	3	0	2	1	0	3	3	1	2	1	1	0	1	1	0	0	1	0	2	0	1	2	0	0	0	3	0	2	0	0	2	1	0	0	4	1	1	1	0	0	2	2	1	3	8	4	4	4	5	1	2	1	0	0	0	0	0	2	2	1	2	1	0	3	1	3	0	0	0	2	2	1	0	0	0	0	0	0	1	0	0	0	1	0	0	2	0	0	2	1	1	0	0	0	1	1	3	0	1	3	1	2	4	0	1	1	4	0	2	2	0	2	3	0	1	2	1	0	0	0	0	0	1	0	1	2	0	2	2	2	5	6	1	2	1	3	2	1	5	0	1	3	7	4	6	2	5	5	12	10	17	36	6	10	5	14	11	5	8	1	2	0	1	1	1	1	1	2	0	0	0	1	4	2	2	1	4	2	2	1	2	1	3	1	0	1	0	0	0	0	0	0	1	1	0	0	0	0	0	2	0	0	0	1	1	0	0	3	4	0	1	0	0	0	0	1	0	1	0	0	0	1	2	0	2	1	0	1	0	0	0	1	0	1	3	1	1	5	1	1	1	2	0	1	1	3	1	4	2	3	1	1	3
0	0	0	0	0	0	0	0	3	2	3	4	3	1	2	0	2	1	2	3	3	3	8	15	7	11	3	1	0	5	1	1	1	2	3	20	0	516	9	1	3	4	1	1	1	2	0	0	2	0	1	2	2	2	4	0	3	0	0	3	1	2	1	0	0	0	1	1	1	0	0	4	2	0	1	1	1	3	1	3	1	0	3	1	1	2	2	1	0	0	1	0	1	0	0	2	2	0	2	2	2	1	4	11	5	7	3	2	6	2	0	0	0	0	0	0	1	2	1	2	6	4	2	1	2	1	1	1	1	1	2	0	0	0	0	0	0	0	0	0	0	0	0	0	2	2	0	5	4	2	4	3	0	3	1	2	0	1	1	1	6	3	2	2	2	0	2	0	1	0	1	0	1	2	1	0	1	0	2	0	0	0	0	2	1	4	3	2	2	14	3	1	1	2	3	7	2	1	0	3	1	3	4	4	6	3	3	5	6	7	6	4	11	6	12	19	14	11	6	2	3	1	1	1	3	1	1	1	1	1	3	0	3	6	3	4	2	2	5	5	0	3	0	1	0	0	0	1	1	0	0	1	1	0	2	1	1	0	1	0	0	5	1	1	2	1	2	0	1	0	1	0	0	0	1	0	0	1	0	0	0	1	0	1	1	2	0	0	0	1	5	1	0	0	2	1	1	2	0	3	1	2	1	2	4	2	2	0	4	1	2	2
0	0	0	0	0	0	0	0	0	2	4	0	1	3	1	3	0	1	1	2	4	5	4	15	12	12	2	4	4	4	1	4	4	3	5	18	516	0	25	6	4	1	1	0	0	1	0	1	1	1	1	1	1	7	3	3	2	1	1	0	1	0	0	0	1	0	0	0	0	0	0	0	1	1	0	1	2	0	2	0	1	3	3	2	0	3	1	1	1	0	0	0	1	0	1	1	0	0	1	0	0	2	3	10	4	14	9	5	7	0	0	1	0	0	0	1	0	3	1	4	3	4	1	3	2	1	2	0	1	3	0	0	1	0	0	0	2	0	1	0	0	0	0	1	0	1	0	2	3	1	1	2	0	1	1	1	3	0	2	2	6	5	1	0	2	1	1	1	0	0	1	0	0	0	0	1	0	2	0	1	0	2	2	0	6	0	2	2	3	13	9	5	3	1	2	1	7	3	0	0	2	1	6	10	5	4	6	7	10	8	11	5	7	1	15	21	10	7	3	2	1	0	1	3	2	0	0	0	0	3	2	3	1	0	2	5	2	0	3	1	2	3	1	0	1	0	0	0	0	2	0	0	1	0	2	0	0	0	0	0	1	0	0	0	0	3	1	0	2	0	0	0	1	2	0	1	0	1	0	1	0	0	1	0	0	0	0	0	0	1	1	2	0	1	0	0	1	3	3	0	1	2	1	0	1	1	2	1	3	1	1	2
0	0	0	0	0	0	0	0	0	3	2	10	5	7	6	4	2	4	2	3	2	3	7	16	16	7	14	2	4	1	5	0	4	7	22	63	9	25	0	25	5	3	1	2	3	4	1	3	1	0	0	5	4	6	3	0	0	0	3	3	3	2	4	2	0	3	0	0	1	1	1	1	0	3	1	3	2	1	1	1	1	2	2	0	1	0	1	1	1	1	2	1	1	0	1	4	0	0	0	2	0	2	7	11	10	9	6	3	3	1	0	1	1	1	3	0	2	2	4	1	7	5	2	4	3	0	1	0	1	0	1	1	0	0	1	0	2	0	0	0	0	1	0	1	1	4	0	0	0	3	2	3	2	0	1	1	0	0	2	2	3	4	3	3	3	0	0	0	1	0	1	0	2	0	0	1	0	1	0	1	0	3	0	0	2	2	1	0	0	5	4	1	2	0	3	3	4	6	3	2	6	8	3	2	2	3	7	7	16	9	14	6	3	8	13	4	5	1	2	1	0	0	1	0	1	0	1	2	1	1	2	2	2	4	2	1	1	1	1	0	0	2	1	0	0	0	1	0	0	0	0	1	1	0	1	0	1	3	1	0	0	1	1	1	0	1	1	2	1	1	1	0	0	0	0	1	0	1	2	1	0	0	2	0	3	0	1	0	2	0	2	1	2	1	1	2	0	2	2	2	0	1	3	1	0	0	3	1	1	3	2	3
0	0	0	0	0	0	0	3	2	9	9	23	5	7	9	2	4	3	0	2	3	4	7	8	10	3	8	9	5	7	6	1	4	8	13	10	1	6	25	0	7	3	0	5	6	11	3	6	4	1	1	3	9	8	1	1	2	2	0	1	1	0	0	2	2	2	0	2	1	1	0	1	1	2	2	0	0	1	2	1	3	0	1	1	1	1	1	1	0	1	3	1	1	0	1	1	4	2	2	4	3	7	21	5	2	5	6	3	2	1	1	0	0	0	2	0	1	2	2	3	11	5	4	3	1	3	0	2	1	1	0	0	0	0	1	0	0	0	2	1	1	0	0	1	0	3	0	0	0	1	1	1	1	2	1	2	0	0	0	2	2	1	0	2	3	3	1	1	2	1	0	1	2	1	1	0	0	0	1	0	1	0	1	1	2	0	1	2	1	3	3	2	1	1	3	3	4	6	5	2	5	0	3	3	1	2	3	2	10	10	11	0	2	2	2	3	4	1	0	1	0	0	0	2	2	1	2	1	1	0	0	0	1	0	1	2	2	1	1	0	1	1	0	1	0	0	1	0	0	0	0	0	1	0	1	1	1	1	1	0	1	1	1	0	1	0	1	1	0	1	2	1	1	0	0	0	0	0	0	1	0	0	0	3	0	0	0	0	2	0	2	0	3	1	1	1	2	2	2	0	0	2	3	1	1	0	1	2	0	0	1	0
0	0	0	0	0	0	0	3	5	15	8	8	4	2	4	0	5	1	2	1	1	1	5	3	4	4	5	6	16	6	28	3	10	9	7	3	3	4	5	7	0	15	24	27	11	474	15	4	3	2	3	2	2	2	1	2	3	2	0	1	0	0	1	1	6	2	2	0	2	0	1	1	0	3	3	0	0	2	1	4	0	1	0	2	0	0	2	1	3	0	1	2	2	1	3	2	3	5	3	6	3	4	11	5	1	0	3	0	1	1	0	0	1	0	0	0	0	1	0	1	1	3	1	2	3	0	1	0	1	0	0	0	0	0	1	0	1	0	1	0	0	0	0	1	2	1	0	1	0	1	0	0	0	1	1	1	1	1	1	1	1	0	2	1	3	1	1	1	1	1	1	0	1	0	0	1	1	0	0	0	1	0	0	0	2	3	1	2	0	2	0	2	3	2	1	1	3	6	4	1	3	4	1	1	1	1	0	0	5	4	4	1	2	3	4	2	0	2	1	0	0	0	0	1	1	0	0	0	0	1	0	0	0	0	0	5	1	0	0	1	0	0	0	0	1	0	0	0	1	0	0	1	0	0	0	1	0	1	0	0	1	1	1	0	1	0	1	1	1	1	0	1	0	0	0	0	0	0	1	1	1	0	0	0	0	0	0	0	0	0	0	1	0	0	1	1	0	1	1	0	2	0	0	1	1	0	0	1	1	1	2	0
0	0	0	0	0	0	0	0	2	6	3	0	1	1	3	3	1	1	1	0	1	2	0	0	2	2	1	3	12	2	6	5	5	3	6	0	4	1	3	3	15	0	57	20	9	17	6	5	3	2	0	5	2	1	2	0	0	0	0	0	2	1	0	0	4	2	5	0	5	0	1	0	2	1	1	1	1	4	0	1	0	1	2	1	1	0	1	1	1	1	1	3	7	3	5	3	1	19	10	9	6	14	10	5	2	1	1	2	2	3	0	1	1	0	0	0	3	0	0	1	5	5	0	1	2	0	2	0	1	0	0	1	0	0	0	1	0	0	0	0	0	0	1	0	0	0	0	0	1	1	0	0	0	0	2	0	1	1	1	1	0	0	0	2	3	1	0	0	0	0	0	1	0	0	0	0	1	1	1	1	0	0	0	0	0	1	2	0	0	2	0	2	1	1	1	0	3	5	6	1	3	3	3	1	0	2	1	2	6	3	4	4	2	1	2	3	1	0	0	1	0	1	0	1	0	1	1	0	0	1	2	0	0	0	0	0	1	0	0	0	1	2	0	0	0	1	0	1	0	0	0	0	0	1	1	0	0	1	0	0	0	1	0	1	2	0	0	0	1	0	0	1	0	0	1	0	0	0	0	0	0	0	0	0	0	2	1	1	1	1	0	0	0	0	0	0	1	0	2	1	1	0	2	0	0	0	0	0	0	0	1	0
0	0	0	0	0	0	0	2	5	2	4	5	0	1	2	2	2	2	2	5	0	2	1	2	1	1	1	2	4	4	8	6	3	7	2	0	1	1	1	0	24	57	0	23	17	35	14	2	1	5	2	2	4	0	1	2	1	1	2	0	1	1	1	1	3	3	2	2	2	0	0	1	2	1	2	1	2	2	0	1	1	0	2	0	1	0	1	1	1	1	1	3	3	2	5	1	4	6	5	4	4	2	4	6	1	2	0	0	0	1	1	0	0	0	0	2	0	0	1	1	3	5	0	1	2	0	1	1	2	2	0	1	0	0	0	0	0	1	0	0	1	0	0	0	0	1	0	0	1	0	0	0	2	0	1	1	0	0	2	0	0	1	2	1	0	0	0	0	0	0	1	1	0	0	0	0	0	0	0	1	1	0	2	1	0	1	0	0	0	0	1	3	1	1	0	1	3	1	2	1	1	1	1	1	0	0	4	3	2	2	4	1	0	1	1	0	2	1	1	0	2	0	0	3	0	0	1	0	1	1	2	1	1	1	0	0	1	0	0	0	1	0	0	0	0	0	1	0	0	0	0	0	0	0	2	1	0	0	0	0	0	1	0	1	0	1	0	0	1	0	0	1	0	0	0	0	0	1	0	0	0	1	0	2	0	0	0	2	0	0	1	0	0	1	3	0	0	0	0	1	1	1	2	0	0	1	0	3	1	1	0	0
0	0	0	0	0	0	0	2	5	4	2	8	2	1	1	1	1	1	1	0	0	0	2	1	1	2	0	8	13	4	10	6	6	5	7	3	1	0	2	5	27	20	23	0	38	31	6	3	5	3	1	3	2	3	0	0	0	1	0	0	2	0	0	1	3	3	0	1	0	1	2	0	0	2	1	0	0	1	1	0	1	1	0	2	2	2	1	0	1	2	1	0	1	2	0	1	4	2	4	3	3	3	4	3	0	1	2	0	0	0	1	0	0	0	0	1	1	2	1	2	5	2	2	2	2	2	0	1	1	0	0	0	2	0	0	0	0	0	0	0	2	0	0	0	0	0	0	0	0	1	2	1	0	0	0	0	0	0	0	0	1	1	0	0	0	1	0	0	0	1	0	2	1	0	2	1	0	0	0	0	0	0	0	0	1	0	0	1	0	0	0	0	0	1	1	1	3	1	3	2	0	0	1	0	1	2	2	4	1	3	4	2	1	0	0	2	0	2	1	0	0	0	0	1	0	1	2	0	0	1	0	0	0	0	0	0	0	1	0	0	0	1	0	0	2	1	1	0	0	0	0	0	0	1	0	0	0	0	0	1	0	0	0	1	1	0	1	1	0	1	0	0	1	0	2	0	1	0	0	1	0	0	0	0	0	0	0	1	0	0	0	1	0	1	1	0	0	0	0	0	0	1	1	1	0	1	1	0	0	3	0	0
0	0	0	0	0	0	0	3	6	6	8	5	0	1	3	2	4	4	2	1	1	1	1	2	1	1	4	7	7	7	11	2	5	5	2	0	1	0	3	6	11	9	17	38	0	22	7	7	2	1	0	6	1	0	0	3	0	0	0	1	0	4	0	3	1	2	2	1	0	0	0	2	0	1	1	0	0	0	1	2	0	2	0	1	2	4	2	2	1	0	1	1	0	1	1	2	2	4	5	0	2	2	1	1	1	1	0	1	0	0	0	1	0	0	0	1	1	0	2	4	2	2	3	2	0	0	1	0	2	0	1	0	0	0	1	0	0	0	0	0	0	1	0	1	1	0	0	1	0	1	1	0	0	2	1	0	2	2	0	0	0	1	1	0	1	1	0	1	0	1	0	1	1	1	0	0	1	0	1	1	0	0	0	0	0	1	0	2	0	0	2	1	0	0	1	1	4	0	2	1	2	5	0	0	0	2	0	0	1	1	1	0	0	2	0	0	0	0	0	0	1	0	1	1	0	0	0	0	3	0	0	1	0	0	1	0	0	1	1	0	1	0	0	0	0	1	0	1	0	2	1	0	0	0	0	0	0	0	1	0	1	0	0	0	0	1	2	1	0	0	0	0	0	0	0	0	0	2	1	0	0	0	0	0	1	0	1	1	1	0	0	0	0	0	0	0	2	0	0	0	0	0	0	0	0	0	2	0	2	1	1	0
0	0	0	0	0	0	0	1	2	9	7	10	2	2	2	2	3	1	2	3	2	4	3	1	0	0	6	9	8	5	12	4	13	11	5	1	2	1	4	11	474	17	35	31	22	0	12	12	4	1	1	5	3	2	0	2	0	0	2	0	1	1	2	0	0	3	1	1	2	1	0	0	2	0	1	1	2	0	1	2	2	2	1	0	1	3	1	1	1	2	2	1	0	0	1	1	2	3	3	1	4	9	8	2	2	0	1	1	0	2	1	0	0	1	0	0	1	3	1	1	0	6	1	2	0	1	1	0	1	1	1	0	0	0	0	2	0	0	1	0	0	1	1	0	0	0	0	3	1	1	2	0	0	1	1	0	0	1	1	1	1	0	2	0	1	0	0	1	0	0	1	1	2	0	0	1	0	1	0	0	1	2	0	0	0	0	1	0	1	1	2	3	0	0	1	2	4	1	3	3	3	5	2	0	1	2	2	3	1	4	3	1	1	1	2	2	0	1	3	0	1	1	1	0	1	0	0	0	1	0	0	1	1	0	1	2	0	0	1	0	2	0	0	1	1	0	0	0	0	0	0	2	0	0	0	0	0	0	2	0	0	2	1	1	0	1	0	0	0	0	0	0	0	0	0	1	1	1	0	1	0	0	0	2	0	1	0	0	0	0	0	0	1	0	0	0	0	1	0	0	1	0	0	1	0	0	1	2	2	0	0	1
0	0	0	0	0	0	0	0	2	5	7	8	5	3	6	2	3	2	0	1	0	2	3	1	0	1	2	1	2	3	1	3	0	4	2	2	0	0	1	3	15	6	14	6	7	12	0	30	11	5	2	10	0	2	4	0	0	1	0	3	1	1	1	1	0	4	3	1	1	1	2	0	1	4	2	0	1	2	1	1	2	2	1	2	0	1	0	2	4	1	1	2	0	2	4	1	1	2	1	3	4	2	4	1	0	1	0	0	2	1	2	0	0	0	1	2	0	3	0	1	2	7	1	2	1	1	1	2	2	0	0	0	0	0	0	0	1	0	0	0	1	0	0	0	2	0	1	0	2	1	2	0	0	0	0	0	0	1	0	0	2	1	1	2	0	1	0	0	1	0	1	4	2	2	2	1	1	0	0	0	1	1	2	0	0	0	0	0	1	1	0	0	0	0	0	0	1	6	9	4	1	3	2	0	1	0	2	2	2	1	2	1	0	1	3	0	0	0	0	1	0	1	0	1	0	0	1	1	1	0	0	0	0	0	2	1	1	0	1	0	1	2	2	0	0	1	0	1	0	1	0	1	1	0	0	0	0	0	0	1	2	1	0	0	0	1	0	0	0	0	1	1	0	0	1	1	0	1	0	0	0	0	1	0	0	0	0	0	0	1	0	0	1	0	0	1	0	0	1	0	1	1	0	0	0	0	3	1	1	0	0	0
0	0	0	0	0	0	0	7	2	1	5	7	6	3	4	3	1	2	2	1	1	2	1	6	4	1	1	2	2	1	2	4	2	4	1	0	0	1	3	6	4	5	2	3	7	12	30	0	17	8	6	16	8	3	1	2	1	0	1	1	0	1	2	1	4	4	6	1	0	1	1	0	2	1	3	0	1	1	0	2	1	2	0	2	0	0	0	0	0	0	1	0	3	1	0	1	1	1	0	0	2	5	5	1	0	1	1	3	2	0	0	0	1	0	0	0	3	0	8	3	6	5	6	3	2	2	3	1	1	0	2	0	0	0	0	1	1	0	1	0	1	1	0	2	1	0	0	0	1	2	1	1	0	0	2	0	1	0	1	1	0	1	5	4	0	1	3	0	1	3	2	0	2	4	1	0	2	0	1	0	0	0	0	0	1	0	1	0	0	1	1	0	0	0	0	1	2	0	6	0	2	2	2	1	1	0	0	1	1	1	0	2	0	0	0	0	0	0	0	0	1	0	0	0	1	0	0	0	0	4	0	0	0	0	0	0	1	2	0	1	0	1	1	0	0	1	1	1	0	1	0	0	3	1	0	1	0	3	0	0	0	1	0	2	0	0	0	0	0	0	0	0	0	0	0	1	0	0	1	0	0	0	0	0	0	0	1	1	0	1	0	0	0	0	2	0	2	1	0	0	2	1	2	1	0	0	0	0	1	0	0	0
0	0	0	0	0	0	0	0	0	2	1	3	3	1	1	2	1	3	0	0	1	1	2	3	1	1	2	3	3	0	2	0	2	0	1	2	2	1	1	4	3	3	1	5	2	4	11	17	0	22	5	4	2	1	0	0	0	0	2	2	2	1	0	1	3	2	4	1	1	2	1	0	0	2	3	2	0	3	3	2	0	1	0	0	1	0	1	1	1	0	0	5	4	2	1	0	0	0	1	3	2	1	3	2	1	2	0	2	0	1	2	0	0	1	0	0	4	4	3	2	1	3	5	2	5	1	0	0	0	1	1	0	0	0	1	0	1	2	1	3	0	0	2	1	1	1	3	0	1	1	1	1	0	0	2	0	0	0	0	1	1	1	5	1	1	2	0	0	0	4	2	2	1	3	2	3	0	1	2	0	0	1	1	1	0	0	0	1	0	2	1	1	0	0	1	2	1	2	1	3	0	1	0	2	0	0	1	1	0	2	2	0	0	0	0	1	3	0	0	0	0	1	0	0	0	0	0	0	0	2	1	0	0	0	1	0	2	1	0	0	1	0	0	0	0	0	0	1	0	0	0	0	0	0	1	0	0	0	1	1	0	1	0	0	0	0	2	1	1	0	3	1	0	0	0	0	1	0	0	0	0	0	0	0	0	0	0	0	0	1	0	0	0	0	0	1	0	1	0	0	1	0	1	0	0	1	0	1	1	0	1	0
0	0	0	0	0	0	0	1	2	2	4	1	3	1	0	1	2	1	1	3	1	2	1	1	0	1	1	0	1	1	2	1	0	1	0	0	0	1	0	1	2	2	5	3	1	1	5	8	22	0	24	7	0	2	3	1	1	1	0	0	2	0	2	1	3	4	5	2	3	0	0	0	2	2	2	1	0	6	2	0	1	2	0	0	0	2	0	1	0	1	0	2	0	2	0	0	1	0	0	0	1	0	2	0	1	1	0	1	1	0	1	0	2	0	1	0	5	1	1	3	6	4	7	4	7	5	2	0	4	1	2	1	1	0	1	0	0	1	0	1	1	0	2	0	1	3	1	1	0	0	1	0	0	0	3	0	2	0	0	2	1	1	1	2	2	0	0	2	1	3	6	5	3	4	1	0	0	1	1	0	1	2	0	0	1	1	0	0	0	1	1	0	0	2	1	0	2	2	1	1	0	1	1	0	1	0	0	1	1	0	1	0	1	1	1	0	0	0	0	0	0	1	1	0	0	0	0	0	1	0	1	0	0	0	0	2	1	0	0	0	1	0	0	0	2	0	0	0	0	0	1	1	1	1	1	0	0	0	0	1	1	0	0	0	1	0	1	1	2	1	1	0	0	0	1	0	2	0	0	0	2	0	1	0	0	0	0	2	0	0	0	1	0	0	0	0	0	0	2	1	0	0	1	1	0	0	1	1	0	0	0	1
0	0	0	0	0	0	0	1	1	3	3	0	7	4	3	3	1	0	2	2	0	1	1	1	4	2	0	1	1	0	0	1	1	1	4	1	1	1	0	1	3	0	2	1	0	1	2	6	5	24	0	47	7	0	2	1	3	2	3	3	0	2	2	1	3	2	6	3	5	1	0	0	1	0	7	0	1	0	0	2	0	0	0	0	1	0	0	0	0	0	1	0	1	0	1	1	1	1	0	1	1	3	1	3	0	0	3	1	0	2	0	0	0	1	0	2	4	3	5	3	2	1	9	15	6	3	4	2	3	3	1	0	1	1	0	1	0	2	0	0	1	0	3	2	1	2	1	1	0	2	2	1	0	1	1	0	1	2	2	6	4	1	10	5	2	0	2	3	3	2	5	5	8	5	3	1	1	2	1	0	1	1	0	2	0	0	2	1	0	0	0	0	1	1	2	0	0	1	0	0	2	0	0	0	1	0	3	1	1	0	0	1	1	1	0	0	0	0	0	0	0	0	0	0	1	0	0	0	0	0	0	0	0	3	2	1	1	0	0	0	0	0	2	2	1	0	0	1	0	0	0	1	1	0	0	0	1	0	2	0	0	0	1	1	0	1	1	2	1	2	1	0	0	0	0	0	0	0	1	1	0	2	0	0	0	0	1	0	0	1	0	0	1	0	0	2	0	1	1	0	1	1	3	4	1	0	1	0	1	1	0	0
0	0	0	0	0	0	0	1	2	2	1	13	5	2	4	1	0	0	1	1	2	1	4	1	0	2	4	1	2	2	4	1	2	5	1	5	2	1	5	3	2	5	2	3	6	5	10	16	4	7	47	0	36	1	1	4	1	0	1	1	0	1	0	2	4	3	1	2	0	2	0	0	1	1	2	1	1	3	3	1	0	1	1	1	0	1	0	2	0	0	1	0	0	1	0	1	0	2	0	1	0	0	0	1	1	0	3	0	2	0	0	1	2	0	1	1	5	4	4	5	3	11	8	6	3	1	2	2	2	2	1	0	0	1	0	1	0	0	1	0	1	1	2	0	2	0	1	1	1	2	1	4	0	1	1	0	1	1	3	4	4	2	9	1	3	2	0	2	2	1	1	1	5	2	0	0	1	0	0	0	2	0	1	0	2	0	0	0	0	0	1	1	0	0	0	0	2	2	1	3	0	1	0	1	2	0	1	1	1	1	2	0	0	1	0	2	1	0	0	0	1	0	1	0	0	0	1	0	1	0	1	0	0	1	1	0	0	0	1	0	1	1	1	1	1	0	0	1	0	0	0	1	0	0	1	1	0	3	0	4	0	0	0	1	1	0	1	0	0	0	1	0	0	1	1	0	0	0	0	0	0	0	0	0	0	1	0	0	0	0	0	1	1	0	0	0	0	1	0	0	0	0	0	0	0	0	1	0	2	1	1	0
0	0	0	0	0	0	0	1	2	3	7	14	15	11	6	0	2	0	2	1	1	4	2	4	3	1	0	3	1	1	2	0	0	3	3	2	2	1	4	9	2	2	4	2	1	3	0	8	2	0	7	36	0	12	8	3	1	1	3	2	4	1	1	3	2	2	1	2	0	2	1	1	0	2	2	1	1	2	3	0	0	0	3	0	0	1	0	2	0	2	1	2	1	1	0	2	2	1	1	0	0	0	3	3	0	0	1	1	1	0	1	2	0	2	4	0	3	16	8	10	8	12	16	10	5	6	4	4	3	3	1	1	1	2	1	0	0	0	0	1	0	0	1	1	2	4	1	3	1	3	3	1	0	0	3	1	1	2	5	4	7	5	12	4	4	2	1	0	1	3	2	3	7	4	1	2	2	0	3	0	1	1	0	0	0	1	0	0	0	0	1	1	0	0	2	0	3	2	3	3	2	3	6	0	0	1	0	1	3	2	3	0	0	1	0	2	1	2	1	0	2	1	0	2	2	0	1	1	0	0	1	0	2	0	1	1	0	0	1	0	1	0	1	3	0	0	0	1	3	0	0	1	0	1	2	0	0	0	0	1	0	1	0	0	0	0	2	1	1	2	1	0	1	0	0	0	0	0	0	2	0	1	0	0	1	0	0	1	0	0	2	0	1	1	0	0	1	1	0	0	0	1	2	1	1	1	1	0	1	0	4	0
0	0	0	0	0	0	0	1	3	4	1	2	4	10	1	3	0	1	1	2	3	7	6	3	2	3	4	3	1	3	2	1	1	0	6	3	2	7	6	8	2	1	0	3	0	2	2	3	1	2	0	1	12	0	12	1	1	6	2	1	3	0	3	4	4	2	0	1	3	2	2	1	2	1	1	3	3	2	4	0	1	1	0	0	0	5	2	0	1	0	1	0	1	0	0	1	0	0	1	4	0	1	1	1	3	0	2	6	5	1	2	0	0	0	0	2	7	13	12	10	5	4	6	4	2	1	0	4	7	1	1	2	0	1	0	2	0	0	0	0	0	3	1	3	2	6	2	3	4	5	2	2	3	0	3	3	2	3	5	5	7	12	13	16	6	2	2	2	5	4	3	7	5	3	1	3	0	1	1	1	1	0	1	1	4	1	1	2	3	4	0	1	1	2	0	1	5	1	2	1	1	0	0	0	1	1	1	2	3	1	0	1	2	1	1	1	1	1	2	1	0	0	3	0	2	1	0	1	0	0	0	0	1	1	0	4	0	1	2	0	0	3	4	0	1	1	0	1	1	0	1	0	1	2	1	1	0	0	1	2	0	2	2	0	3	0	0	2	3	1	0	1	1	0	0	0	0	0	0	0	1	0	1	0	1	0	0	0	0	0	1	0	0	1	1	1	0	0	0	0	2	1	0	0	1	1	2	1	2	1	0	0
0	0	0	0	0	0	0	0	1	0	0	0	0	4	3	1	1	0	1	1	1	3	0	3	2	3	1	4	2	1	0	0	2	1	5	1	4	3	3	1	1	2	1	0	0	0	4	1	0	3	2	1	8	12	0	61	17	7	2	6	3	1	6	4	2	2	1	3	3	2	2	3	0	0	0	3	3	4	3	1	1	0	0	4	3	1	0	2	0	0	0	0	0	1	0	0	2	1	2	1	1	2	2	1	3	2	2	4	8	5	4	3	4	4	2	6	11	11	9	7	4	2	0	2	5	4	2	11	12	3	4	2	1	2	3	1	3	0	3	2	3	2	3	7	3	4	3	2	2	6	5	4	1	4	0	0	5	4	2	2	2	3	2	5	12	5	4	5	3	4	0	5	3	0	7	1	8	5	2	0	1	3	3	3	3	3	2	2	2	1	1	1	1	0	3	1	2	2	2	1	2	1	1	0	0	1	1	0	1	0	1	1	0	0	3	0	2	2	3	2	2	1	0	0	0	2	0	1	1	0	0	1	0	0	0	1	1	1	0	1	1	0	3	1	2	0	2	1	2	0	0	3	3	0	1	2	4	2	2	8	1	3	5	1	2	2	8	6	1	1	1	0	0	2	1	1	0	1	2	1	1	1	3	1	0	1	0	3	1	2	2	1	3	2	2	2	2	2	3	1	2	7	7	3	1	0	2	2	0	0	1	0
0	0	0	0	0	0	0	0	2	0	0	2	2	1	1	0	1	0	3	2	0	4	2	4	1	0	0	0	0	1	1	0	3	3	0	4	0	3	0	1	2	0	2	0	3	2	0	2	0	1	1	4	3	1	61	0	17	3	4	8	8	3	1	1	1	1	3	1	4	2	0	2	0	1	0	4	2	2	0	3	0	2	1	0	1	0	0	2	0	1	0	0	0	0	0	1	0	0	0	0	2	0	3	0	1	1	0	1	0	1	2	2	2	0	2	4	11	10	7	4	4	2	0	3	0	4	4	6	24	8	1	3	2	1	2	2	1	1	2	2	3	2	3	2	8	2	1	2	2	2	5	1	0	0	2	2	2	4	1	2	4	3	6	7	13	6	4	14	5	7	9	6	6	7	6	4	13	6	0	2	2	0	3	2	4	1	2	4	0	1	2	1	0	2	0	1	1	1	2	0	0	1	1	0	0	1	0	0	1	1	1	0	2	1	1	0	0	1	0	0	0	1	4	1	0	0	0	0	0	2	2	2	2	0	0	2	0	1	0	1	0	2	1	8	2	3	2	0	2	3	1	4	0	4	5	2	0	1	4	6	3	4	3	1	4	4	5	4	2	1	1	2	0	0	0	2	1	1	1	1	0	1	0	1	0	0	0	1	0	0	0	3	0	0	0	0	1	2	1	1	4	3	8	1	0	1	1	0	2	3	2	0
0	0	0	0	0	0	0	0	1	1	1	0	1	1	0	3	0	1	0	0	1	1	1	3	0	0	1	1	0	2	0	0	0	2	0	1	3	2	0	2	3	0	1	0	0	0	0	1	0	1	3	1	1	1	17	17	0	15	4	9	10	10	7	5	1	1	1	3	3	0	0	1	2	2	0	5	3	6	2	2	1	0	1	0	1	2	1	0	0	0	0	0	0	1	1	1	0	0	2	0	2	2	1	3	0	2	2	3	0	2	1	1	0	2	2	4	10	5	3	4	2	1	0	2	3	1	7	8	15	9	4	4	4	0	3	5	3	1	3	5	1	2	2	5	4	4	1	0	0	3	2	2	1	1	2	2	1	3	4	2	1	1	3	4	8	4	5	5	4	9	9	4	2	9	9	15	19	17	8	3	8	0	12	3	4	1	2	0	0	0	1	2	0	0	1	1	2	0	0	1	3	1	1	3	0	1	0	0	1	0	1	0	0	0	0	0	0	3	0	3	0	1	1	3	0	1	0	0	3	1	0	0	0	0	0	0	1	0	0	1	1	3	5	8	1	3	2	2	2	4	1	1	7	6	5	4	4	1	5	13	6	2	7	6	12	8	4	12	7	3	4	2	3	1	5	1	1	0	1	0	0	3	0	0	1	0	1	2	0	1	0	1	1	0	0	1	2	0	2	2	2	5	6	1	1	1	1	0	2	1	1	0
0	0	0	0	0	0	0	1	1	0	0	2	1	1	1	0	1	1	0	1	1	1	1	1	0	1	0	1	0	0	1	0	1	0	1	0	0	1	0	2	2	0	1	1	0	0	1	0	0	1	2	0	1	6	7	3	15	0	46	19	3	30	18	3	4	2	4	1	7	2	4	2	1	3	3	5	7	2	5	2	1	1	1	0	1	1	1	3	0	0	2	0	1	0	1	0	0	0	1	1	0	3	2	2	1	0	2	3	1	2	1	3	4	1	8	9	16	3	3	5	5	3	4	4	4	7	9	14	8	5	9	5	5	2	2	0	1	3	2	1	0	4	2	1	2	2	1	0	2	3	0	0	0	1	0	2	0	0	3	0	0	1	2	1	5	4	3	7	2	2	7	5	4	3	8	28	7	11	12	2	6	5	5	5	2	1	0	2	0	0	1	1	1	1	1	1	2	5	0	1	1	0	1	0	0	0	0	0	1	1	2	0	1	0	2	0	1	1	3	1	0	0	0	2	3	2	0	1	0	0	1	1	1	0	0	2	2	1	0	1	1	1	1	1	5	0	1	1	1	1	1	1	8	3	6	1	1	1	3	4	2	1	2	4	3	7	15	24	5	4	4	3	1	1	5	4	4	4	0	0	0	1	0	1	1	0	5	3	1	2	1	0	1	0	0	1	0	1	1	2	1	2	2	1	1	2	0	3	2	0	0	0
0	0	0	0	0	0	0	0	1	0	0	0	0	1	1	0	0	0	1	0	1	0	1	0	0	1	0	0	1	0	1	1	0	1	0	1	0	1	3	0	0	0	2	0	0	2	0	1	2	0	3	1	3	2	2	4	4	46	0	19	6	14	18	8	3	3	1	3	2	5	3	4	2	2	7	9	17	15	9	3	1	0	2	1	0	1	0	0	1	1	0	1	1	2	3	0	0	1	0	0	2	0	0	2	1	0	5	7	4	5	0	2	2	3	5	6	29	10	9	7	5	2	5	5	5	19	17	34	9	6	9	6	3	2	3	0	2	2	1	3	1	1	0	0	1	1	0	1	3	1	2	1	0	1	1	0	0	3	1	1	2	1	1	4	3	1	4	4	4	4	3	6	4	11	12	14	7	4	4	1	6	3	3	3	3	1	1	1	0	0	0	0	0	1	1	1	1	2	1	2	2	0	0	1	0	2	0	2	1	2	3	1	0	0	1	0	1	2	0	0	0	1	1	0	2	0	1	0	0	0	0	1	0	0	0	0	0	0	1	0	0	0	1	0	1	0	0	1	3	1	1	1	0	4	1	2	2	0	0	2	0	0	3	1	5	4	4	7	9	4	2	0	2	0	2	1	0	2	1	1	1	1	2	1	1	2	1	1	1	0	1	1	1	0	1	1	2	0	2	1	1	3	1	2	2	1	1	0	1	2	1	1
0	0	0	0	0	0	0	1	0	1	0	1	1	1	2	1	0	1	0	0	0	0	0	1	1	2	1	0	1	0	0	1	0	0	0	3	3	0	3	1	1	0	0	0	1	0	3	1	2	0	3	1	2	1	6	8	9	19	19	0	83	26	10	6	1	3	3	0	6	4	4	1	0	3	0	6	11	15	3	2	2	3	2	1	0	1	1	1	0	0	1	0	0	0	1	0	0	1	1	0	1	4	0	4	6	4	5	4	9	8	2	8	3	0	6	7	28	9	8	6	3	2	2	4	5	6	3	7	5	3	4	4	2	2	3	1	2	0	2	1	2	3	2	2	3	4	2	2	2	2	1	2	0	0	0	0	0	0	4	2	1	2	0	6	3	1	2	1	1	1	1	6	3	3	4	10	0	2	3	2	4	3	9	3	4	2	2	1	0	4	2	6	2	2	0	3	2	2	3	1	3	3	2	2	0	2	1	2	1	0	1	0	0	0	3	1	0	3	0	1	1	3	0	0	1	0	1	3	3	0	1	0	1	1	2	1	0	1	1	0	1	1	2	0	0	1	1	1	0	1	0	1	1	1	2	1	2	1	3	1	2	4	3	2	3	8	11	10	2	2	0	1	1	1	4	2	2	1	3	3	2	1	0	0	0	2	2	1	2	0	0	2	0	2	0	0	3	4	4	5	4	6	3	0	0	2	1	1	2	2	0	0
0	0	0	0	0	0	0	0	0	1	0	3	2	2	0	1	0	0	0	0	1	1	1	0	0	1	0	2	1	1	0	0	0	4	0	0	1	1	3	1	0	2	1	2	0	1	1	0	2	2	0	0	4	3	3	8	10	3	6	83	0	24	8	4	3	4	1	2	4	3	4	3	2	4	5	8	8	11	10	3	1	1	1	2	4	3	0	1	3	1	2	0	0	0	3	1	1	0	0	0	0	1	3	3	2	4	6	8	9	8	6	2	4	3	1	6	13	2	8	4	4	3	2	1	4	1	2	4	0	3	2	0	2	2	2	0	2	0	0	1	1	1	0	0	1	2	2	1	1	3	2	2	0	0	0	0	0	3	2	1	2	1	0	4	3	0	0	1	1	0	1	2	3	3	1	4	1	0	3	2	2	5	4	7	5	2	5	0	0	0	1	2	4	2	4	0	1	0	2	2	1	1	1	0	2	0	0	2	1	2	0	0	1	1	1	1	0	3	1	2	1	0	0	2	1	0	1	2	2	3	2	2	0	1	0	1	1	0	0	1	1	2	0	1	1	2	0	0	1	1	2	2	3	1	1	2	0	1	2	2	0	2	0	2	0	5	13	10	3	2	2	1	3	1	2	1	1	2	3	0	1	1	0	1	0	2	4	3	8	1	3	3	0	1	0	1	4	2	7	8	1	5	5	5	2	3	5	3	2	3	1	0
0	0	0	0	0	0	0	0	0	1	1	0	0	2	0	0	1	0	0	0	1	0	2	1	0	0	0	1	1	1	0	0	0	1	0	2	2	0	2	0	0	1	1	0	4	1	1	1	1	0	2	1	1	0	1	3	10	30	14	26	24	0	15	10	4	4	2	4	5	8	2	1	1	0	3	11	32	18	7	3	3	3	2	0	0	3	0	0	0	1	0	0	0	0	1	2	0	0	0	0	1	1	2	1	1	3	4	7	6	7	9	2	3	6	15	19	7	0	5	5	2	4	4	4	5	0	6	7	2	3	6	1	2	3	0	1	0	0	1	1	1	1	0	1	1	0	1	3	1	1	3	2	0	1	2	0	1	0	2	1	0	1	0	0	2	1	0	2	3	2	2	3	1	0	2	6	3	4	5	6	4	1	7	5	1	3	1	1	1	0	2	2	3	1	1	2	1	1	2	3	0	2	1	0	1	1	1	1	1	1	0	2	1	1	2	1	1	0	0	0	1	1	0	1	1	1	0	0	1	1	0	1	0	0	0	0	1	2	0	0	0	0	2	1	0	2	0	1	0	1	0	1	2	3	1	0	3	0	1	1	2	4	1	3	5	2	17	12	7	4	2	3	4	3	0	5	1	0	0	0	1	0	1	1	0	0	4	0	1	1	2	2	1	3	0	2	2	2	4	5	3	5	2	5	2	1	0	2	2	2	1	0
0	0	0	0	0	0	0	0	0	0	0	1	0	0	1	2	0	0	1	1	0	0	0	0	1	1	1	1	1	0	2	1	3	2	0	1	1	0	4	0	1	0	1	0	0	2	1	2	0	2	2	0	1	3	6	1	7	18	18	10	8	15	0	13	1	3	0	5	3	2	7	2	3	1	7	9	15	13	5	0	3	2	1	3	0	1	2	1	0	0	0	1	1	0	2	1	1	1	0	0	0	0	0	1	2	2	3	0	1	4	4	5	3	5	9	6	6	2	3	1	2	2	1	1	3	9	6	7	2	3	10	6	7	1	4	0	0	1	0	0	1	2	0	2	1	0	0	1	1	1	2	0	2	0	1	1	0	0	0	0	1	0	1	2	0	1	2	3	0	3	2	1	0	2	15	13	8	9	11	4	3	3	4	4	1	2	1	3	0	1	1	1	1	1	1	3	3	0	1	1	1	0	0	0	0	0	0	0	0	0	0	0	0	0	0	2	0	1	1	1	0	0	1	1	1	1	0	0	1	2	1	0	0	0	0	0	1	0	0	1	0	1	0	2	1	0	1	0	1	2	0	0	3	3	3	0	1	2	2	2	0	1	1	0	1	0	4	11	50	13	3	5	4	2	4	3	5	3	0	0	0	1	0	0	0	4	4	2	1	1	0	1	0	0	0	0	0	2	2	3	1	3	2	1	0	0	1	3	0	1	0	2
0	0	0	0	0	0	0	0	0	0	2	1	1	0	1	1	0	0	0	1	0	0	0	1	1	0	1	1	0	0	0	0	0	4	0	0	0	0	2	2	1	0	1	1	3	0	1	1	1	1	1	2	3	4	4	1	5	3	8	6	4	10	13	0	7	8	6	10	27	26	9	8	5	5	35	179	48	32	19	8	8	0	2	0	0	1	0	0	1	0	1	0	1	2	1	0	2	1	0	0	1	1	1	1	1	1	4	3	1	10	4	4	2	4	5	3	6	1	2	5	8	2	2	9	6	6	7	4	1	1	1	3	0	0	2	1	0	1	0	0	2	0	1	0	1	0	1	0	0	0	0	2	0	1	0	0	0	0	0	2	1	0	0	0	1	0	1	2	2	0	4	4	3	1	5	1	3	1	0	1	1	0	1	3	1	1	0	0	1	1	2	2	1	1	4	2	4	2	1	4	1	1	2	1	1	0	0	0	2	1	1	0	0	2	1	0	0	0	0	0	0	1	0	1	0	2	0	2	1	1	0	2	1	1	0	0	0	1	0	1	0	0	1	0	0	0	1	0	0	0	0	0	1	2	1	0	0	0	1	1	0	0	1	3	2	1	5	3	7	2	1	1	1	0	3	2	2	1	2	1	1	0	1	2	1	2	0	0	0	3	0	3	1	0	1	0	0	1	2	4	1	2	3	1	2	0	0	2	0	0	0	0
0	0	0	0	0	0	0	1	1	1	0	3	2	0	2	2	2	0	1	0	1	0	1	1	1	1	1	2	2	2	2	1	1	1	1	3	0	1	0	2	6	4	3	3	1	0	0	4	3	3	3	4	2	4	2	1	1	4	3	1	3	4	1	7	0	22	12	5	11	7	3	9	6	8	14	12	10	11	23	18	8	5	3	1	3	2	0	1	2	0	0	0	2	5	0	1	0	1	1	2	1	3	3	6	3	3	1	6	4	5	1	1	2	0	4	0	2	4	2	7	10	4	7	8	13	4	10	6	0	1	0	3	1	0	0	1	0	0	0	0	0	1	1	0	2	1	0	0	3	2	2	0	0	0	0	1	0	0	0	1	1	0	1	1	1	2	1	3	1	1	1	2	3	1	0	5	1	2	0	1	0	0	1	1	1	0	3	1	3	2	2	3	0	0	1	2	10	9	12	4	3	1	2	1	2	0	1	0	0	0	2	0	0	2	1	0	1	1	3	0	1	2	2	0	2	0	0	1	2	0	2	0	0	0	0	0	0	0	1	0	2	1	0	0	0	0	2	0	1	0	0	1	0	1	0	2	1	1	1	3	1	2	2	1	0	2	1	0	1	0	0	0	1	1	0	0	2	0	1	1	1	0	2	1	0	0	0	1	2	2	2	1	0	0	0	2	3	2	1	1	3	0	1	2	1	1	0	0	1	0	1	1
0	0	0	0	0	0	0	0	0	2	1	1	1	0	1	0	0	0	1	1	0	0	0	1	1	0	2	0	2	1	2	0	1	2	1	3	0	0	3	2	2	2	3	3	2	3	4	4	2	4	2	3	2	2	2	1	1	2	3	3	4	4	3	8	22	0	39	32	12	3	1	2	8	10	7	4	2	5	6	5	2	1	0	1	0	0	1	0	3	3	3	1	2	5	1	2	1	0	1	2	1	2	2	0	1	2	1	3	0	2	3	1	0	0	0	2	5	3	5	5	1	4	8	13	8	5	10	2	0	0	1	2	2	3	0	0	0	0	0	1	0	1	1	1	0	0	0	0	1	2	1	1	0	0	0	1	0	1	0	0	2	0	1	1	2	1	2	1	2	0	0	2	5	4	2	1	2	2	2	0	0	1	2	0	1	1	1	4	0	0	3	0	0	0	1	0	3	6	7	3	0	2	0	1	0	0	1	0	1	1	2	0	1	0	0	2	0	1	3	0	0	0	0	1	0	0	0	1	0	1	0	0	0	0	0	0	1	0	0	0	0	1	1	0	0	0	1	0	0	1	1	0	0	2	0	1	0	0	0	1	1	1	0	0	0	1	1	3	1	1	1	0	0	0	0	0	0	2	0	1	0	0	0	1	0	0	1	1	0	0	4	0	1	3	1	0	0	1	2	0	0	1	1	0	2	2	0	4	0	1	0	0
0	0	0	0	0	0	0	0	2	2	0	1	2	0	0	0	0	0	1	1	0	0	1	1	1	1	0	2	0	1	0	1	1	0	0	1	1	0	0	0	2	5	2	0	2	1	3	6	4	5	6	1	1	0	1	3	1	4	1	3	1	2	0	6	12	39	0	30	8	5	2	5	5	10	7	1	6	5	4	4	2	0	3	1	0	1	0	1	0	0	0	0	6	4	2	1	2	0	0	1	1	3	0	1	1	1	1	0	3	2	1	1	1	2	1	2	2	1	1	2	1	3	4	3	3	6	10	0	1	1	1	1	2	1	0	1	1	0	0	0	0	0	2	0	0	1	0	2	0	1	0	0	1	1	1	0	0	0	0	1	0	0	1	1	1	0	0	1	0	1	2	3	0	3	2	0	2	0	0	0	0	0	0	3	0	2	1	1	0	0	0	0	0	0	1	0	2	2	4	1	0	0	1	0	0	1	1	0	1	1	0	1	0	0	0	0	3	0	0	0	0	0	0	0	1	0	1	0	2	1	0	0	0	1	0	0	0	0	0	0	0	0	0	2	0	0	0	0	0	0	0	0	1	1	0	0	1	0	1	2	1	1	0	0	0	2	2	0	0	1	0	1	0	0	0	0	0	1	0	0	0	0	1	0	1	0	1	0	0	1	1	0	0	0	0	1	0	1	1	2	2	2	0	1	1	0	0	1	1	0	1	0
0	0	0	0	0	0	0	0	1	0	1	0	1	0	0	0	1	1	0	0	1	1	0	1	2	1	0	0	2	2	1	0	1	0	1	2	1	0	0	2	0	0	2	1	1	1	1	1	1	2	3	2	2	1	3	1	3	1	3	0	2	4	5	10	5	32	30	0	28	14	3	5	9	7	16	2	6	6	5	5	3	0	0	1	1	1	2	3	0	0	1	0	3	1	0	1	2	0	0	0	1	0	1	0	0	0	1	2	0	0	1	2	0	3	0	2	2	2	2	0	4	3	4	5	9	5	8	5	2	0	6	2	0	2	0	0	0	1	1	0	1	1	0	1	0	0	0	1	1	0	2	1	0	0	0	1	0	0	1	1	0	1	1	3	3	1	0	2	0	2	1	2	1	3	2	2	2	0	2	0	2	0	2	2	0	0	2	0	0	1	1	2	0	1	0	0	2	0	4	3	0	1	1	0	0	0	1	0	1	2	4	1	1	1	0	0	2	0	0	0	0	0	0	2	0	0	0	1	0	2	0	1	0	0	1	0	0	0	0	0	0	1	1	0	0	0	0	0	2	0	1	1	0	1	0	0	0	1	1	0	0	0	2	0	0	0	0	1	4	0	0	2	0	2	0	0	0	0	2	0	0	0	0	0	0	0	0	0	0	0	1	0	0	1	1	1	2	1	0	1	0	2	0	1	1	0	4	0	0	0	0	0
0	0	0	0	0	0	0	0	0	0	2	0	0	2	3	1	2	4	1	0	0	0	2	0	0	1	1	2	0	2	0	1	1	1	0	1	1	0	1	1	2	5	2	0	0	2	1	0	1	3	5	0	0	3	3	4	3	7	2	6	4	5	3	27	11	12	8	28	0	9	9	14	8	10	34	14	10	12	9	5	3	2	0	1	1	0	1	0	1	2	0	1	1	2	1	0	0	1	1	0	2	2	4	1	1	4	0	0	2	0	2	1	2	1	4	4	5	2	2	3	2	5	5	5	12	11	26	3	2	6	3	2	2	0	1	1	0	0	0	0	1	1	0	1	0	0	0	1	2	0	0	0	0	0	1	1	0	1	1	0	0	2	1	2	1	0	0	1	2	0	5	2	9	5	2	5	2	0	1	1	1	4	2	1	1	1	0	0	0	0	1	0	1	0	3	0	3	2	1	2	0	2	2	1	0	2	1	4	1	0	1	0	0	2	0	1	0	0	0	1	0	0	1	1	0	0	0	0	0	0	0	0	0	1	1	0	0	1	0	0	0	1	2	0	0	1	0	2	1	0	1	1	0	0	0	0	0	0	0	2	0	0	0	2	0	0	3	3	3	1	1	0	3	0	1	2	0	1	2	2	2	0	0	0	2	0	1	3	0	0	2	0	0	2	2	1	1	1	3	1	1	2	2	0	1	3	0	1	1	1	0	0
0	0	0	0	0	0	0	0	0	0	0	1	3	0	0	0	1	0	0	1	0	0	2	0	0	2	1	0	0	2	0	0	1	2	0	1	0	0	1	1	0	0	0	1	0	1	1	1	2	0	1	2	2	2	2	2	0	2	5	4	3	8	2	26	7	3	5	14	9	0	27	59	20	10	35	28	12	12	13	11	2	4	0	2	1	2	0	0	1	1	0	0	1	3	3	0	1	0	0	2	2	1	3	1	1	0	0	2	2	3	2	1	1	4	2	3	2	2	3	1	3	2	2	1	7	1	4	2	0	3	2	1	1	1	0	0	0	2	1	0	0	0	1	0	1	1	4	0	0	0	0	0	0	1	0	0	0	0	0	0	0	0	1	0	0	1	0	0	1	0	2	1	0	0	1	2	2	1	2	0	2	1	0	0	0	2	0	0	1	0	1	1	0	0	1	3	1	2	2	2	1	2	0	1	0	0	2	0	1	2	0	0	0	0	1	0	0	0	0	1	1	0	0	1	0	0	0	0	0	3	0	1	0	0	0	1	0	0	0	0	0	0	3	0	1	0	0	0	0	0	1	1	2	1	0	1	0	0	1	0	1	0	1	1	0	2	2	2	1	3	2	2	3	1	0	2	1	2	1	1	0	2	1	1	0	0	2	0	1	1	1	3	0	1	3	0	2	1	1	6	0	3	2	0	2	1	3	1	0	1	0	2
0	0	0	0	0	0	0	0	1	0	2	0	0	1	0	0	0	0	0	0	0	0	1	1	1	0	0	1	0	0	0	0	0	0	0	0	0	0	1	0	1	1	0	2	0	0	2	1	1	0	0	0	1	2	2	0	0	4	3	4	4	2	7	9	3	1	2	3	9	27	0	28	13	0	5	24	7	5	3	7	2	0	3	2	0	1	1	1	0	1	1	1	1	1	0	0	1	1	1	0	0	4	2	1	1	1	1	1	2	5	5	5	5	3	3	4	5	2	2	1	0	3	0	1	3	1	3	3	2	0	1	3	1	2	0	0	0	2	1	1	0	0	0	1	1	2	0	0	1	0	1	0	0	0	0	1	0	1	0	1	0	2	2	0	1	0	0	3	2	1	1	1	1	1	2	2	0	0	0	2	1	1	2	2	1	2	1	3	0	1	0	1	2	1	1	1	1	5	1	1	1	1	2	1	0	2	0	0	0	0	0	1	0	0	0	1	1	0	1	1	0	0	0	0	0	1	1	0	1	0	0	1	0	0	0	0	1	0	0	0	1	1	0	0	1	2	1	1	0	0	1	2	2	0	0	0	2	0	1	1	1	0	3	0	1	3	1	2	1	1	1	1	2	1	0	0	1	3	4	0	1	2	2	1	2	2	1	0	2	1	0	0	1	1	0	1	0	0	3	3	0	2	1	1	2	1	1	0	2	1	1	1
0	0	0	0	0	0	0	0	1	2	1	0	0	1	1	0	0	1	0	1	0	0	0	0	0	0	0	1	1	0	0	1	1	0	1	1	4	0	1	1	1	0	1	0	2	0	0	0	0	0	0	0	1	1	3	2	1	2	4	1	3	1	2	8	9	2	5	5	14	59	28	0	82	15	28	13	7	5	11	13	10	3	2	1	1	1	0	2	0	1	0	2	3	3	2	0	2	2	0	1	3	1	1	4	3	3	0	2	0	4	1	1	3	1	1	3	2	0	1	1	1	1	2	4	4	2	2	2	1	0	1	1	2	0	0	0	0	0	0	0	0	1	0	1	1	0	0	0	0	1	0	0	0	0	0	0	0	1	0	1	0	1	1	1	0	1	1	2	1	0	0	1	1	2	0	2	2	1	3	0	0	3	2	2	0	2	0	2	1	0	1	0	0	1	0	0	3	5	2	4	1	1	1	1	0	0	1	0	1	0	1	0	0	0	0	2	0	0	0	0	0	0	1	0	0	1	0	0	0	0	2	1	0	1	0	1	1	1	0	0	1	2	0	0	0	1	0	0	2	2	0	0	0	0	0	1	0	0	1	0	0	0	2	0	0	2	1	2	2	1	2	0	0	0	0	2	0	0	1	2	1	0	1	0	1	1	0	2	0	0	3	0	2	1	2	0	0	1	1	0	2	0	0	0	1	1	1	1	1	0	3	1
0	0	0	0	0	0	0	1	0	1	2	1	0	0	1	0	0	0	0	0	0	1	1	1	0	0	0	1	4	0	0	0	1	0	0	1	2	1	0	1	0	2	2	0	0	2	1	2	0	2	1	1	0	2	0	0	2	1	2	0	2	1	3	5	6	8	5	9	8	20	13	82	0	34	34	5	6	4	9	10	13	2	2	1	4	2	0	0	4	0	1	2	6	3	2	3	1	1	2	1	1	1	1	1	0	2	1	3	1	2	3	3	3	0	0	4	0	3	1	1	0	4	4	3	3	2	4	2	1	1	0	0	0	1	0	3	0	1	1	1	1	0	0	0	1	1	1	0	0	1	0	1	0	0	0	0	0	2	0	2	1	0	0	0	0	0	0	1	1	1	1	1	0	2	2	0	1	0	2	1	2	1	2	0	0	2	0	0	0	1	0	1	0	0	3	0	1	4	2	4	3	1	1	3	0	0	0	0	1	2	0	0	1	0	0	1	0	0	2	0	1	0	0	0	3	0	0	0	1	0	0	1	0	0	0	0	0	0	0	0	0	0	0	1	1	1	0	0	0	0	0	1	0	1	0	0	1	0	0	0	0	0	2	0	0	2	2	0	3	1	0	0	1	2	0	2	0	1	2	0	3	0	0	0	1	0	2	0	0	1	0	0	2	1	1	2	1	1	3	0	2	1	4	1	0	1	0	1	0	0	0	1
0	0	0	0	0	0	0	0	0	0	1	4	1	0	1	1	0	0	2	0	1	1	0	0	0	0	0	0	3	0	2	1	1	0	2	0	0	1	3	2	3	1	1	2	1	0	4	1	2	2	0	1	2	1	0	1	2	3	2	3	4	0	1	5	8	10	10	7	10	10	0	15	34	0	15	2	2	2	6	14	14	3	1	4	1	0	1	0	2	1	2	1	4	11	5	1	2	2	0	3	3	3	1	1	2	1	1	3	3	0	0	1	0	0	1	1	3	3	2	2	0	2	1	5	4	0	2	1	0	0	1	0	1	1	0	0	0	0	0	0	0	0	2	0	2	0	1	0	0	1	0	1	0	0	0	0	0	1	1	0	0	1	2	1	0	0	0	1	2	1	0	1	0	0	1	0	1	0	2	1	0	1	0	0	0	1	1	0	0	0	3	0	2	1	1	5	5	7	7	8	2	1	1	0	0	2	3	1	1	3	1	0	1	0	0	1	1	1	0	0	0	0	0	0	0	0	0	0	0	1	0	0	1	1	0	0	1	0	1	0	0	1	1	0	0	0	0	1	1	0	0	1	0	2	0	1	0	1	1	0	1	0	0	0	1	0	0	0	0	0	1	0	0	1	0	0	2	1	2	1	0	0	0	0	1	0	0	0	0	0	2	1	0	1	1	0	3	1	0	1	1	0	1	1	3	0	1	0	1	0	0	0
0	0	0	0	0	0	0	1	1	0	1	1	0	2	0	0	0	0	0	1	1	2	1	0	1	0	0	0	1	0	1	0	1	1	0	0	1	0	1	2	3	1	2	1	1	1	2	3	3	2	7	2	2	1	0	0	0	3	7	0	5	3	7	35	14	7	7	16	34	35	5	28	34	15	0	12	12	15	16	18	9	3	3	3	0	3	1	1	2	0	2	1	1	4	2	2	0	1	1	2	1	3	1	4	1	2	2	1	3	1	0	1	2	1	2	4	1	1	4	3	5	5	8	5	7	5	7	3	1	0	0	2	2	0	0	0	1	0	0	0	2	0	1	0	2	1	0	1	0	1	1	0	0	0	1	0	1	0	1	0	0	1	2	1	0	0	0	2	0	0	0	1	1	4	3	4	1	1	1	0	1	1	0	3	1	1	0	0	0	0	1	1	0	3	0	3	7	2	4	0	5	0	2	0	0	0	0	0	1	0	0	3	0	0	0	2	1	4	0	0	0	0	2	2	0	1	1	1	1	2	0	0	0	0	0	0	0	1	0	1	0	0	0	2	1	0	0	0	0	0	1	1	0	0	0	0	2	1	2	2	1	1	0	1	2	2	3	2	3	1	0	3	0	0	1	2	1	1	0	0	1	0	2	1	0	2	3	0	1	0	3	2	0	0	2	3	1	2	3	0	2	2	0	2	1	2	1	0	1	1	0	0
0	0	0	0	0	0	0	0	1	0	0	1	0	1	1	0	2	0	0	1	1	1	1	1	2	0	1	0	1	0	0	0	0	0	2	1	1	1	3	0	0	1	1	0	0	1	0	0	2	1	0	1	1	3	3	4	5	5	9	6	8	11	9	179	12	4	1	2	14	28	24	13	5	2	12	0	191	58	21	9	2	2	3	5	1	0	0	1	2	2	2	0	1	2	1	1	0	1	0	0	0	1	2	0	1	3	1	3	4	6	7	3	1	10	3	11	10	2	3	0	3	1	1	7	4	3	3	3	3	3	4	4	0	1	0	1	0	1	1	1	0	0	1	1	0	1	2	1	1	3	1	0	1	0	0	0	1	2	2	0	0	0	0	0	2	1	2	0	1	4	0	2	1	3	2	1	0	4	4	1	0	1	3	2	3	1	1	0	1	2	1	1	0	1	0	1	2	5	4	2	0	2	0	0	0	0	2	0	2	0	0	1	0	1	1	0	1	3	1	0	1	0	0	1	1	1	0	0	0	2	1	0	1	1	1	0	0	1	0	0	0	2	2	2	0	1	1	1	0	0	1	3	1	0	1	1	1	2	3	1	2	3	1	1	2	1	1	4	6	3	6	1	2	0	2	1	0	2	1	2	0	0	2	2	0	2	1	5	2	1	2	1	0	0	1	3	5	1	2	2	0	1	1	1	1	3	0	2	0	2	1	0
0	0	0	0	0	0	0	0	3	1	2	2	2	0	1	1	0	1	0	0	0	0	0	0	0	1	1	0	2	3	2	0	0	1	0	0	1	2	2	0	0	1	2	0	0	2	1	1	0	0	1	1	1	3	3	2	3	7	17	11	8	32	15	48	10	2	6	6	10	12	7	7	6	2	12	191	0	57	10	7	4	5	1	1	2	2	0	1	1	1	0	1	0	0	1	2	1	1	2	3	0	1	0	0	0	0	1	2	7	10	6	2	5	2	9	5	4	3	7	6	3	1	0	3	7	7	7	5	3	2	1	2	3	0	2	3	2	0	0	0	0	2	1	2	0	1	0	1	0	0	1	0	1	0	1	0	0	1	1	1	1	3	0	1	0	3	1	0	1	1	1	2	2	1	5	3	4	2	2	3	0	1	2	3	3	4	0	1	2	2	1	2	0	2	1	0	7	1	2	3	1	3	1	0	1	0	0	0	0	0	3	1	1	0	0	2	0	0	0	0	0	0	0	0	0	1	2	1	0	1	0	1	0	0	0	0	1	0	0	0	0	1	0	1	0	0	1	0	2	0	0	1	1	1	1	1	1	2	3	1	1	3	1	2	0	1	6	6	5	5	3	2	1	3	3	1	2	0	4	1	1	1	1	2	2	0	0	3	0	3	0	0	1	0	3	0	2	3	5	4	2	2	5	3	1	2	3	2	0	2	0	2
0	0	0	0	0	0	0	2	0	2	1	2	3	0	1	1	1	2	0	1	0	0	1	1	0	1	0	0	0	2	2	1	1	3	1	2	3	0	1	1	2	4	2	1	0	0	2	1	3	6	0	3	2	2	4	2	6	2	15	15	11	18	13	32	11	5	5	6	12	12	5	5	4	2	15	58	57	0	29	12	3	1	1	1	1	0	0	4	1	3	0	0	2	4	2	1	0	1	0	1	2	1	3	2	3	3	4	4	9	9	6	2	1	7	6	4	9	3	5	9	4	4	5	7	4	4	10	6	4	3	3	0	2	1	0	1	1	0	2	1	2	1	1	2	4	1	0	0	2	1	0	0	1	0	1	1	0	1	1	1	2	0	0	4	0	2	0	0	0	1	1	3	3	4	3	7	5	2	2	0	0	2	1	1	3	0	0	1	0	2	0	0	4	1	1	1	3	4	3	1	5	0	7	0	0	1	0	0	1	0	0	0	1	1	1	1	1	0	0	1	0	1	0	1	0	2	1	1	0	1	2	0	0	0	1	2	0	0	0	0	1	0	1	1	0	1	0	0	0	0	0	1	1	2	0	1	0	3	0	1	1	0	2	3	0	4	1	7	1	3	0	0	0	0	2	1	2	2	3	4	1	0	0	1	3	1	1	3	0	2	0	2	1	0	0	2	1	1	7	3	4	5	1	0	0	0	3	0	2	0	2	0
0	0	0	0	0	0	0	0	0	0	0	1	0	0	0	1	1	0	2	0	1	0	2	1	1	2	2	0	2	2	1	1	2	0	1	0	1	2	1	2	1	0	0	1	1	1	1	0	3	2	0	3	3	4	3	0	2	5	9	3	10	7	5	19	23	6	4	5	9	13	3	11	9	6	16	21	10	29	0	26	17	4	3	1	2	1	1	1	0	3	0	1	3	3	3	1	0	3	1	1	2	3	3	2	5	2	4	9	1	12	4	2	4	2	0	6	6	6	1	4	5	2	5	4	3	6	3	3	0	3	1	0	1	1	2	0	0	0	0	0	0	0	0	1	1	0	1	0	2	0	0	2	0	1	0	0	0	1	2	0	2	2	0	1	0	1	4	1	1	3	0	2	2	3	2	1	0	1	0	2	0	1	1	4	7	1	1	0	2	1	4	1	4	1	2	4	2	7	4	4	3	1	0	2	1	0	0	4	2	2	1	1	0	0	1	3	0	1	2	1	1	1	1	2	3	0	1	1	1	0	0	0	1	0	0	0	0	1	0	3	0	0	1	2	1	0	0	0	0	1	1	0	0	1	1	1	3	0	1	2	1	3	2	1	0	1	5	2	2	2	2	1	1	3	1	3	2	0	1	0	1	0	1	0	1	1	1	3	3	0	0	3	0	0	1	1	3	1	3	1	3	2	0	2	1	4	1	3	3	1	0	0
0	0	0	0	0	0	0	0	2	3	1	0	0	1	2	2	1	0	1	0	0	0	3	0	1	0	2	1	1	1	3	0	2	1	0	1	3	0	1	1	4	1	1	0	2	2	1	2	2	0	2	1	0	0	1	3	2	2	3	2	3	3	0	8	18	5	4	5	5	11	7	13	10	14	18	9	7	12	26	0	94	10	5	5	1	5	2	2	6	4	0	1	4	4	3	3	1	3	0	3	4	3	2	1	1	2	5	6	2	9	6	4	1	0	1	1	3	2	2	3	7	1	6	4	3	2	1	2	2	2	0	1	0	2	0	0	0	0	0	0	0	0	0	2	0	0	0	1	1	1	0	0	1	1	0	0	1	1	0	2	2	1	2	0	2	1	0	0	0	1	1	0	0	1	2	3	1	1	1	0	0	4	1	2	2	3	2	1	1	2	3	1	4	4	6	3	10	6	11	15	6	2	2	1	1	2	1	3	3	3	2	2	1	1	2	2	0	1	0	0	0	0	1	2	2	1	0	0	0	1	0	0	1	0	0	1	0	0	2	0	0	0	0	0	1	0	1	0	0	1	0	0	0	0	0	2	0	0	2	2	0	1	0	1	1	1	2	0	5	0	1	1	1	1	0	0	0	2	1	0	0	0	0	2	0	0	1	2	2	0	1	0	0	5	4	2	1	0	4	0	2	1	2	2	1	2	1	1	1	0	1	1
0	0	0	0	0	0	0	0	0	0	1	0	0	1	0	1	2	0	0	0	0	0	0	1	3	0	0	1	1	0	2	3	0	0	0	2	1	1	1	3	0	0	1	1	0	2	2	1	0	1	0	0	0	1	1	0	1	1	1	2	1	3	3	8	8	2	2	3	3	2	2	10	13	14	9	2	4	3	17	94	0	13	4	5	2	5	1	5	6	6	2	2	6	8	6	1	2	0	2	1	4	2	1	1	2	3	3	2	1	6	2	2	2	2	2	1	0	1	1	1	4	1	1	2	5	2	3	1	1	1	2	1	0	0	2	0	0	0	0	1	0	0	0	1	0	0	0	0	1	0	2	0	0	0	0	0	1	0	0	0	0	1	0	1	0	1	1	0	0	0	1	1	0	1	0	1	1	1	1	1	3	2	0	1	2	0	3	1	2	3	2	5	4	2	2	5	8	7	10	10	7	3	1	2	0	1	2	1	4	4	2	1	0	0	2	2	0	0	0	1	1	0	0	0	0	0	1	1	1	1	2	0	0	0	1	0	0	1	0	0	0	0	2	0	1	1	2	0	0	1	1	0	1	0	0	0	0	0	2	0	0	0	1	0	1	1	1	4	1	0	0	1	0	1	1	2	1	0	2	2	4	1	2	2	0	1	1	2	0	2	0	0	2	0	3	0	1	1	1	3	5	1	1	0	2	0	0	1	1	1	2	1
0	0	0	0	0	0	0	1	0	0	1	3	1	0	1	1	1	0	0	0	0	1	0	1	1	1	1	0	0	2	2	1	1	2	1	0	0	3	2	0	1	1	0	1	2	2	2	2	1	2	0	1	0	1	0	2	0	1	0	3	1	3	2	0	5	1	0	0	2	4	0	3	2	3	3	2	5	1	4	10	13	0	43	22	11	9	2	5	10	12	5	2	1	2	9	5	2	2	2	3	5	7	4	4	1	3	2	9	5	3	0	2	1	0	2	1	1	3	3	4	0	0	1	2	1	1	1	2	1	2	0	0	0	0	0	0	1	1	0	0	0	1	0	1	1	0	0	2	1	0	0	0	1	1	0	0	0	0	0	1	0	0	1	0	0	1	0	0	0	0	1	0	0	0	0	3	2	0	1	1	0	0	0	1	2	1	3	1	1	1	1	1	8	3	4	5	15	13	8	26	2	3	0	0	2	1	2	1	2	3	2	3	1	0	3	1	0	1	1	0	1	0	1	2	0	1	0	1	0	3	1	0	0	0	0	1	0	0	0	0	0	0	0	0	1	0	0	0	0	0	0	1	1	0	0	0	0	0	1	0	0	2	1	1	1	2	3	0	0	0	2	0	0	0	0	0	0	3	0	0	3	1	0	3	0	1	1	1	1	1	1	4	2	0	1	5	1	2	3	4	2	1	2	1	1	0	2	4	1	0	2	1
0	0	0	0	0	0	0	0	1	1	0	0	1	0	1	0	0	0	0	1	0	1	2	0	2	0	1	0	2	0	0	0	1	0	0	0	3	3	2	1	0	2	2	0	0	1	1	0	0	0	0	1	3	0	0	1	1	1	2	2	1	2	1	2	3	0	3	0	0	0	3	2	2	1	3	3	1	1	3	5	4	43	0	283	23	16	7	12	16	19	5	3	5	7	9	4	2	2	1	3	4	3	4	2	2	4	5	2	3	1	2	1	0	0	0	2	2	3	1	0	1	1	0	2	3	0	0	1	0	1	0	1	1	0	0	0	0	0	1	0	0	0	1	0	0	0	1	1	0	0	1	2	0	1	0	1	0	0	0	0	1	0	1	1	0	0	0	1	1	2	0	1	0	1	0	0	1	2	0	1	1	0	0	2	2	1	2	1	1	4	2	5	13	6	1	6	3	5	0	16	11	2	5	1	0	0	3	3	1	1	2	1	1	0	0	2	0	2	1	1	0	1	0	0	0	0	2	1	1	1	2	1	0	1	3	2	0	0	0	0	1	1	0	0	0	0	2	0	0	0	0	0	2	0	0	2	0	0	1	0	0	0	0	0	2	1	1	1	2	1	0	1	1	0	1	1	2	1	1	2	0	0	0	0	0	2	1	3	1	1	1	2	0	4	0	2	1	7	1	2	2	2	2	0	1	2	1	3	1	2	0	1
0	0	0	0	0	0	0	0	2	1	1	2	0	1	1	0	1	0	0	0	1	0	0	0	1	2	1	0	1	1	1	1	4	1	1	0	1	2	0	1	2	1	0	2	1	0	2	2	0	0	0	1	0	0	4	0	0	0	1	1	2	0	3	0	1	1	1	1	1	2	2	1	1	4	3	5	1	1	1	5	5	22	283	0	17	14	8	7	18	22	6	1	3	4	15	4	2	2	3	3	5	3	1	2	1	2	4	4	2	3	2	0	1	0	0	6	1	0	1	0	0	0	2	2	0	1	2	0	1	0	0	0	0	0	0	0	0	0	1	0	1	0	1	0	1	0	0	1	0	1	0	0	0	2	0	1	1	0	0	1	0	0	1	2	0	0	2	1	0	0	0	2	0	0	0	2	0	0	2	1	0	0	0	2	1	1	1	1	4	3	1	4	6	13	7	4	4	2	3	10	8	1	5	2	1	2	3	3	3	3	0	2	0	1	3	1	1	0	0	0	0	1	1	0	1	1	1	1	0	1	2	0	2	0	1	1	1	0	0	0	1	0	0	0	0	0	1	0	0	1	0	0	0	2	0	0	0	0	0	0	1	1	0	0	0	0	3	1	1	0	0	2	0	0	0	2	1	1	1	0	0	3	2	0	1	0	1	2	1	2	1	3	1	3	1	4	4	4	4	6	1	0	0	0	0	4	4	3	0	3	1	2
0	0	0	0	0	0	0	0	0	0	0	0	1	0	2	0	0	0	1	0	0	0	0	2	2	1	0	0	0	1	2	0	0	2	1	3	1	0	1	1	0	1	1	2	2	1	0	0	1	0	1	0	0	0	3	1	1	1	0	0	4	0	0	0	3	0	0	1	1	1	0	1	4	1	0	1	2	1	2	1	2	11	23	17	0	149	16	10	8	8	3	3	2	1	2	4	5	1	0	4	5	6	1	2	3	6	1	4	2	7	1	1	1	0	3	0	2	1	1	0	3	2	3	1	2	2	1	0	2	0	2	0	0	0	0	0	0	0	0	0	0	0	0	0	0	1	1	2	0	0	0	2	1	0	0	0	1	0	1	1	0	1	1	0	0	0	0	2	0	0	0	0	2	0	0	0	0	2	0	0	0	0	0	1	2	5	1	1	2	3	3	4	31	21	13	9	5	3	2	3	8	13	8	5	3	4	0	3	2	3	1	2	1	1	1	0	0	1	0	0	1	1	2	1	0	3	1	1	0	2	1	0	1	2	4	0	1	0	0	1	1	0	0	0	0	0	0	0	0	0	0	1	0	2	0	0	0	0	0	2	1	1	0	0	1	0	0	0	1	0	0	0	1	1	1	0	0	0	2	2	0	2	1	3	2	1	0	0	2	6	3	5	1	5	4	12	1	7	6	0	0	3	0	1	0	1	2	5	2	5	5	3
0	0	0	0	0	0	0	1	0	0	1	2	0	1	0	0	0	1	0	0	1	0	0	1	1	0	0	0	0	3	1	0	1	1	0	0	2	3	0	1	0	0	0	2	4	3	1	0	0	2	0	1	1	5	1	0	2	1	1	1	3	3	1	1	2	0	1	1	0	2	1	1	2	0	3	0	2	0	1	5	5	9	16	14	149	0	20	12	7	8	1	1	4	3	5	4	1	1	5	1	1	1	1	7	1	4	1	1	4	2	2	0	2	0	3	2	2	0	0	2	0	3	1	1	1	0	1	3	2	1	1	0	0	0	0	0	0	1	0	0	0	1	0	0	0	0	0	1	0	1	0	1	1	0	1	0	0	0	0	1	0	0	0	2	1	0	1	1	1	0	1	0	3	1	0	1	0	0	0	0	1	0	0	2	2	0	1	2	2	1	2	11	14	10	5	14	5	2	2	5	13	9	5	4	4	4	5	1	4	4	2	1	3	1	2	2	1	2	1	2	0	1	1	3	2	1	1	0	0	3	2	1	3	0	0	0	1	1	0	1	0	1	0	1	1	0	0	0	0	0	0	0	0	1	1	1	1	1	1	0	0	1	0	0	1	0	1	1	1	2	0	0	0	1	1	0	0	0	1	0	3	1	1	2	2	1	2	0	2	2	1	3	3	1	2	6	0	6	4	0	1	1	1	1	2	3	5	4	1	5	6	1
0	0	0	0	0	0	0	0	1	1	1	0	0	1	0	0	0	1	1	0	1	0	2	0	2	0	0	2	4	3	2	0	5	3	1	2	2	1	1	1	2	1	1	1	2	1	0	0	1	0	0	0	0	2	0	0	1	1	0	1	0	0	2	0	0	1	0	2	1	0	1	0	0	1	1	0	0	0	1	2	1	2	7	8	16	20	0	76	19	12	1	2	2	2	8	7	2	5	2	3	3	7	4	5	3	3	3	3	2	2	0	0	0	0	0	0	2	1	1	1	2	1	1	1	1	1	0	2	1	0	1	0	0	0	0	0	0	0	0	0	0	0	0	0	0	0	0	0	0	1	0	0	0	0	0	0	2	0	0	0	0	1	0	0	0	0	1	0	0	0	0	0	0	2	1	0	0	0	1	0	0	0	0	2	0	0	1	1	3	1	1	2	10	11	6	3	7	3	0	2	7	8	4	5	1	2	3	2	5	2	0	1	1	2	3	1	3	1	0	1	1	0	1	2	1	1	0	2	1	1	0	1	0	0	1	2	0	0	2	0	0	0	0	0	0	0	0	0	2	0	0	0	0	0	0	0	0	0	0	0	2	0	1	0	0	2	0	1	0	0	0	0	0	0	0	1	1	0	1	1	1	0	0	1	0	1	2	0	0	1	2	1	1	2	0	1	2	0	1	1	0	1	0	0	0	1	3	1	3	2	4	2
0	0	0	0	0	0	0	1	0	0	0	1	0	0	0	1	1	0	0	0	0	0	2	0	4	2	0	0	1	1	4	3	0	0	0	0	1	1	1	1	1	1	1	0	2	1	2	0	1	1	0	2	2	0	2	2	0	3	0	1	1	0	1	0	1	0	1	3	0	0	1	2	0	0	1	1	1	4	1	2	5	5	12	7	10	12	76	0	28	18	2	3	0	6	5	16	7	3	4	5	5	6	1	1	2	1	0	1	1	2	1	0	1	0	1	1	0	1	0	2	0	0	1	2	0	0	0	1	0	1	0	0	0	1	0	0	0	0	0	0	1	0	1	0	0	0	0	0	3	2	0	0	0	0	0	0	0	0	0	0	0	0	0	2	1	0	1	1	1	0	0	0	0	0	1	0	0	1	1	0	0	0	1	0	2	2	2	0	1	2	3	1	3	2	3	6	3	2	1	7	7	3	3	5	2	3	2	3	1	3	1	2	1	3	1	2	2	0	2	0	1	0	1	1	0	1	0	0	0	0	0	1	1	0	0	0	0	1	0	0	0	0	1	0	1	0	0	1	0	0	1	1	0	0	1	0	0	0	0	0	0	1	0	1	0	1	2	1	0	0	0	1	0	0	0	0	0	0	1	0	0	1	1	4	1	0	1	1	0	0	1	3	0	0	0	0	0	1	1	0	0	1	0	1	0	1	2	1	0	2	1	2
0	0	0	0	0	0	0	1	0	0	0	0	0	1	0	1	0	0	0	0	0	0	1	1	1	1	2	1	5	1	1	0	2	2	1	0	0	1	1	0	3	1	1	1	1	1	4	0	1	0	0	0	0	1	0	0	0	0	1	0	3	0	0	1	2	3	0	0	1	1	0	0	4	2	2	2	1	1	0	6	6	10	16	18	8	7	19	28	0	374	8	7	4	3	14	13	6	1	1	8	9	6	1	2	1	0	3	0	5	2	0	2	0	0	0	1	1	1	0	2	0	0	1	0	1	0	1	1	0	0	0	0	0	1	0	1	0	0	0	1	0	0	0	0	0	0	2	0	0	0	1	0	0	1	0	0	1	0	0	0	1	0	0	1	0	0	0	0	0	0	1	0	0	1	0	0	1	3	0	0	0	0	0	1	1	0	0	2	2	2	2	2	1	3	4	3	1	6	1	7	10	4	4	1	4	2	1	1	2	1	3	2	1	0	2	2	1	2	0	0	0	1	0	0	0	1	2	2	0	0	1	1	0	1	0	1	1	0	0	0	0	0	0	2	0	0	0	1	2	0	1	0	0	0	1	0	0	0	0	0	0	0	0	0	0	0	0	1	0	1	0	0	0	0	0	1	2	1	0	1	1	0	0	0	0	2	1	2	0	3	1	1	3	1	3	3	3	1	0	1	0	1	1	0	0	1	1	1	5	2	2	1
0	0	0	0	0	0	0	0	2	0	0	2	0	2	3	0	0	2	0	1	0	0	0	1	1	0	1	1	1	2	1	1	2	2	0	2	0	0	1	1	0	1	1	2	0	2	1	0	0	1	0	0	2	0	0	1	0	0	1	0	1	1	0	0	0	3	0	0	2	1	1	1	0	1	0	2	1	3	3	4	6	12	19	22	8	8	12	18	374	0	9	8	7	14	34	21	0	2	4	3	11	5	1	3	2	1	0	3	3	3	0	0	1	0	0	0	2	2	0	1	3	2	1	1	1	0	1	1	0	0	1	0	0	0	0	1	0	0	0	0	0	0	0	0	0	0	1	0	1	1	0	0	0	0	0	0	0	0	0	0	0	0	0	1	2	2	0	0	0	0	0	0	2	1	0	0	1	0	1	0	0	1	0	2	0	0	0	1	0	1	5	1	3	3	3	0	4	4	6	9	9	3	3	1	2	4	2	1	4	0	1	1	2	1	0	0	0	0	0	0	0	0	1	1	1	0	1	0	1	0	1	1	2	0	0	0	1	1	1	0	0	0	1	0	1	1	0	0	0	0	0	2	0	1	0	1	1	0	0	1	1	0	1	0	0	0	0	0	2	1	0	0	1	0	0	1	1	1	1	0	1	3	0	3	0	0	0	0	1	1	1	0	0	2	2	1	2	1	1	2	1	0	1	0	1	1	1	1	2	1	1	0
0	0	0	0	0	0	0	0	0	0	1	0	0	0	1	0	0	0	0	0	0	0	0	1	1	1	2	2	0	2	0	1	1	1	0	1	1	0	2	3	1	1	1	1	1	2	1	1	0	0	1	1	1	1	0	0	0	2	0	1	2	0	0	1	0	3	0	1	0	0	1	0	1	2	2	2	0	0	0	0	2	5	5	6	3	1	1	2	8	9	0	43	11	13	15	5	5	1	5	6	9	5	0	4	3	0	0	1	0	1	0	1	1	1	0	0	0	1	2	0	0	3	0	1	1	0	0	1	2	0	0	0	0	0	0	0	0	0	0	0	0	0	0	1	0	1	0	0	0	1	0	0	0	0	0	0	0	0	0	0	0	0	1	1	0	0	0	2	1	1	0	0	0	0	1	0	0	1	0	0	2	0	2	1	4	0	0	0	0	0	2	3	1	0	0	0	3	2	1	5	1	2	0	0	0	2	0	1	1	2	0	1	2	0	0	0	0	3	0	0	0	1	1	1	0	0	0	0	2	3	0	1	1	0	0	0	0	0	1	2	1	0	0	0	0	1	0	0	0	1	0	0	0	0	0	0	0	0	0	0	0	0	1	0	0	0	1	0	1	1	0	1	0	0	0	1	0	4	0	1	0	0	1	0	0	1	1	1	1	0	0	1	0	0	1	0	1	1	1	1	1	0	0	0	1	1	0	1	1	0	0	0
0	0	0	0	0	0	0	0	0	1	0	0	0	1	1	0	1	1	1	0	0	0	0	1	2	1	0	0	0	1	2	2	1	0	2	0	0	0	1	1	2	3	3	0	1	1	2	0	5	2	0	0	2	0	0	0	0	0	1	0	0	0	1	0	0	1	0	0	1	0	1	2	2	1	1	0	1	0	1	1	2	2	3	1	3	1	2	3	7	8	43	0	26	8	5	7	3	2	6	9	1	5	1	0	2	1	0	0	0	0	2	0	1	0	0	0	0	1	1	0	0	1	1	1	2	1	1	1	0	0	2	0	1	0	0	1	0	0	0	2	0	0	0	1	0	0	0	1	0	0	3	0	0	0	0	0	0	0	0	0	1	0	1	3	0	0	0	0	0	0	0	0	1	2	1	1	0	0	0	0	0	1	0	1	0	1	1	1	0	0	0	1	2	0	1	0	4	4	0	3	3	2	3	1	0	0	0	2	3	0	1	0	0	1	1	0	0	0	0	1	2	1	1	0	0	0	0	1	1	1	2	1	0	0	0	2	2	0	0	0	0	0	0	0	0	1	0	1	0	1	0	0	0	0	2	0	0	0	0	0	1	0	1	0	0	0	0	0	1	1	0	0	0	0	0	0	0	0	0	0	1	1	1	3	0	1	0	1	0	1	0	2	1	2	0	1	0	1	2	0	0	0	0	0	0	1	1	1	1	1	1	1
0	0	0	0	0	0	0	1	1	3	0	1	0	1	1	2	0	2	1	0	0	0	1	0	1	1	0	1	1	1	2	1	0	0	0	0	1	1	1	1	2	7	3	1	0	0	0	3	4	0	1	0	1	1	0	0	0	1	1	0	0	0	1	1	2	2	6	3	1	1	1	3	6	4	1	1	0	2	3	4	6	1	5	3	2	4	2	0	4	7	11	26	0	21	10	1	5	0	0	9	6	3	3	2	0	0	0	1	1	1	0	1	0	0	0	0	1	1	0	1	1	2	1	2	1	1	2	4	0	0	0	0	0	0	0	0	0	0	0	1	0	0	0	0	0	0	3	0	0	0	1	0	0	0	0	0	1	1	1	2	0	1	3	0	0	0	0	0	1	0	0	0	1	1	2	0	0	0	0	0	0	3	2	0	0	1	1	1	1	1	0	0	3	2	2	2	1	1	3	12	3	1	1	1	1	1	1	1	1	3	0	3	0	2	0	0	1	0	1	0	0	1	0	0	1	0	0	0	0	1	2	1	0	0	0	0	1	0	0	0	1	1	0	1	0	0	1	0	0	0	0	0	0	0	0	0	1	0	0	1	0	1	1	0	0	1	1	0	1	0	0	1	1	0	0	0	0	0	0	1	0	0	1	0	0	0	0	1	1	2	2	1	2	1	1	0	0	1	2	2	0	2	0	0	1	0	1	1	0	0	0	0
0	0	0	0	0	0	0	0	0	0	0	1	1	0	1	2	0	1	0	2	1	0	2	1	0	0	2	2	4	3	2	1	2	1	1	4	0	0	0	0	1	3	2	2	1	0	2	1	2	2	0	1	1	0	1	0	1	0	2	0	0	0	0	2	5	5	4	1	2	3	1	3	3	11	4	2	0	4	3	4	8	2	7	4	1	3	2	6	3	14	13	8	21	0	15	5	5	4	1	9	8	10	5	4	2	2	1	1	2	2	1	0	3	0	1	0	1	1	0	0	0	6	0	0	3	0	1	1	0	0	1	0	1	0	1	0	0	0	0	0	1	1	0	0	0	0	0	0	0	0	1	0	0	0	2	0	0	1	0	1	0	1	1	0	1	0	0	1	0	1	0	1	2	0	2	3	1	0	1	1	0	1	2	1	0	0	0	2	0	0	0	3	0	1	1	2	4	15	23	35	4	2	1	0	0	1	2	3	1	1	1	0	1	0	0	2	1	0	1	0	0	0	0	0	0	0	0	2	1	0	1	0	0	0	0	0	0	0	0	0	0	0	0	2	2	0	0	0	0	0	0	1	0	1	0	1	0	0	0	0	0	0	0	0	2	0	1	0	0	2	0	0	0	0	0	0	1	0	0	2	0	0	0	0	1	0	0	1	0	1	0	0	0	0	1	0	1	0	1	3	0	1	0	0	1	0	0	1	0	1	0	0
0	0	0	0	0	0	0	0	0	2	2	1	0	0	1	0	2	0	0	2	0	1	0	2	2	1	0	0	3	2	5	1	1	1	3	1	0	1	1	1	3	5	5	0	1	1	4	0	1	0	1	0	0	0	0	0	1	1	3	1	3	1	2	1	0	1	2	0	1	3	0	2	2	5	2	1	1	2	3	3	6	9	9	15	2	5	8	5	14	34	15	5	10	15	0	13	2	1	8	10	11	14	7	5	2	1	1	2	2	5	2	0	0	0	0	1	1	0	1	3	5	0	1	0	0	0	1	1	1	2	0	0	0	1	0	0	0	0	0	0	0	0	0	1	1	0	0	0	1	1	0	0	0	1	0	0	1	1	0	0	0	0	0	1	0	1	1	1	0	0	0	1	3	0	1	1	0	0	0	0	0	0	0	1	1	0	2	1	0	1	1	3	6	3	3	4	4	12	12	41	17	2	3	1	1	1	2	2	2	4	2	0	0	1	0	0	1	0	1	0	0	0	0	3	2	0	1	0	0	2	2	2	0	0	1	1	0	0	0	0	0	0	1	0	0	0	0	0	0	0	0	0	1	1	1	1	1	0	0	0	2	0	0	0	0	0	0	2	1	0	0	0	0	1	0	0	1	2	0	0	0	0	1	0	0	0	0	1	1	3	2	0	0	0	1	2	3	4	1	1	1	1	0	0	1	0	1	1	3	2	0	2
0	0	0	0	0	0	0	0	0	0	0	1	0	1	1	1	1	1	0	0	0	0	0	2	0	0	2	0	2	2	2	3	0	1	3	1	2	1	4	1	2	3	1	1	2	1	1	1	0	0	1	1	2	1	0	1	1	0	0	0	1	2	1	0	1	2	1	1	0	0	0	0	3	1	2	1	2	1	1	3	1	5	4	4	4	4	7	16	13	21	5	7	1	5	13	0	21	4	10	9	42	17	4	5	1	3	2	0	1	1	0	0	1	0	0	1	1	1	1	0	0	1	2	2	3	0	0	1	1	1	0	0	0	0	0	0	1	0	0	1	0	1	1	0	0	1	2	0	0	2	0	0	0	0	0	0	1	1	0	0	0	5	0	1	0	0	1	0	0	1	0	0	1	1	3	0	1	1	2	0	0	1	0	0	1	0	1	1	0	0	2	3	3	2	1	6	0	4	5	7	10	5	4	2	2	5	7	2	2	0	2	1	2	0	0	0	1	0	1	0	0	0	0	0	1	2	3	1	0	0	0	0	0	0	3	1	0	0	2	0	1	0	0	1	0	0	0	0	0	0	1	0	0	1	0	0	0	0	0	0	1	1	0	0	1	0	0	1	1	0	1	1	0	1	0	0	0	1	1	0	1	0	1	0	0	1	1	1	0	2	2	0	0	2	0	0	0	1	1	0	0	0	0	0	0	1	0	0	2	0	1	1
0	0	0	0	0	0	0	1	0	0	1	1	2	0	1	1	2	0	1	0	2	0	0	1	1	2	0	2	3	2	2	2	5	4	0	1	2	0	0	4	3	1	4	4	2	2	1	1	0	1	1	0	2	0	2	0	0	0	0	0	1	0	1	2	0	1	2	2	0	1	1	2	1	2	0	0	1	0	0	1	2	2	2	2	5	1	2	7	6	0	5	3	5	5	2	21	0	23	41	8	18	7	4	3	3	1	0	0	1	0	1	0	1	0	0	1	0	3	0	0	1	0	3	1	1	0	1	1	1	0	0	0	1	2	1	0	0	0	1	0	1	0	0	0	0	0	0	0	0	1	0	1	0	0	0	0	0	0	0	1	0	0	1	1	0	0	0	0	0	1	1	0	0	0	1	0	0	0	0	0	0	0	1	0	0	0	1	2	3	1	0	1	0	1	1	2	0	1	2	2	6	1	2	1	1	0	2	1	2	1	2	0	3	0	1	1	0	2	0	1	0	1	0	0	1	1	0	1	1	1	0	1	0	0	2	0	1	0	1	0	1	2	0	0	0	0	0	1	0	0	0	0	0	0	0	0	1	0	0	1	0	1	1	0	0	0	0	0	0	1	0	0	1	1	0	0	1	0	1	0	0	1	0	1	0	1	0	0	0	0	2	3	1	1	1	2	0	0	0	0	1	0	0	0	0	0	0	0	0	0	0	1
0	0	0	0	0	0	0	1	3	1	1	3	0	1	0	2	1	1	2	0	0	1	2	1	2	3	4	2	5	5	13	1	7	5	1	0	0	0	0	2	5	19	6	2	4	3	2	1	0	0	1	2	1	0	1	0	0	0	1	1	0	0	1	1	1	0	0	0	1	0	1	2	1	2	1	1	1	1	3	3	0	2	2	2	1	1	5	3	1	2	1	2	0	4	1	4	23	0	160	17	11	8	11	3	1	0	3	2	1	0	1	1	0	0	1	0	0	0	0	1	1	2	1	1	2	1	2	0	0	1	0	0	0	0	1	0	0	0	0	0	0	0	0	1	0	0	0	1	0	1	1	0	0	0	0	0	0	1	1	1	2	2	0	0	0	0	0	1	0	0	0	1	1	1	0	0	1	0	0	0	0	1	0	1	0	1	1	0	2	2	1	3	1	1	1	3	1	1	0	5	4	4	1	1	4	1	4	3	3	5	4	0	0	2	1	3	1	0	1	0	1	0	0	1	1	0	0	1	1	0	0	1	1	0	0	1	0	0	1	1	1	1	0	0	0	0	0	1	0	0	0	0	1	0	1	0	0	0	0	1	0	0	1	0	0	0	0	0	0	0	0	0	0	0	1	0	0	2	0	0	2	0	0	0	0	0	0	1	0	1	3	1	0	1	0	1	0	0	2	0	1	0	0	0	1	1	2	0	2	0	1	0
0	0	0	0	0	0	0	1	1	0	0	0	2	2	0	2	3	0	2	0	2	0	0	0	1	2	3	5	6	5	5	2	7	3	2	0	2	1	0	2	3	10	5	4	5	3	1	0	1	0	0	0	1	1	2	0	2	1	0	1	0	0	0	0	1	1	0	0	1	0	1	0	2	0	1	0	2	0	1	0	2	2	1	3	0	5	2	4	1	4	5	6	0	1	8	10	41	160	0	25	12	11	5	5	1	2	1	0	3	0	0	1	1	0	1	2	0	0	1	0	2	3	1	0	1	3	1	1	0	0	0	0	0	0	0	0	0	2	0	0	0	0	0	0	0	1	2	0	1	1	1	0	0	0	0	1	0	0	1	1	0	2	0	0	1	0	0	0	2	0	1	1	0	0	0	0	0	1	0	0	0	0	0	0	0	1	1	0	3	1	2	0	1	0	1	2	1	0	3	2	8	2	2	0	1	3	2	4	3	5	6	0	1	3	1	3	1	2	1	2	0	1	1	0	0	1	0	2	0	1	1	1	0	2	1	0	0	1	0	1	0	0	0	0	0	0	0	0	0	0	0	0	0	0	0	1	0	0	0	0	0	0	0	1	0	2	0	0	0	0	0	0	0	0	1	0	0	0	0	0	0	0	0	0	0	0	2	0	0	1	1	1	1	1	1	0	0	0	1	0	0	0	1	2	1	2	0	1	1	0	0	1
0	0	0	0	0	0	0	1	2	1	0	1	1	2	1	2	2	0	1	0	0	0	1	0	0	1	0	2	4	1	2	0	6	1	1	2	2	0	2	4	6	9	4	3	0	1	3	0	3	0	1	1	0	4	1	0	0	1	0	0	0	0	0	0	2	2	1	0	0	2	0	1	1	3	2	0	3	1	1	3	1	3	3	3	4	1	3	5	8	3	6	9	9	9	10	9	8	17	25	0	28	14	8	3	1	2	4	3	0	0	0	1	2	0	1	0	0	0	1	1	1	1	3	1	0	0	0	0	0	0	0	0	0	0	0	0	1	0	0	0	1	0	1	0	0	1	2	0	0	0	0	0	0	0	0	0	0	0	0	0	0	1	1	0	2	0	0	1	1	0	2	1	0	0	2	0	0	0	0	0	0	0	1	0	1	2	0	1	0	2	3	0	0	0	3	3	1	4	5	8	2	2	1	1	2	2	3	1	2	3	4	1	0	0	2	2	1	0	0	0	1	0	1	0	0	0	0	0	1	0	0	0	1	0	0	1	0	0	0	0	1	0	0	0	0	1	0	0	0	0	1	0	2	0	2	0	0	0	0	0	0	0	0	0	1	0	2	0	2	0	0	0	1	0	0	0	2	0	1	0	2	0	0	1	1	0	0	0	2	0	1	0	3	1	0	1	0	1	3	0	0	0	0	0	0	1	0	0	0	0	2	0
0	0	0	0	0	0	0	0	0	1	2	0	0	1	1	1	1	0	1	1	1	1	0	5	2	1	3	1	8	6	1	2	4	4	2	2	2	0	0	3	3	6	4	3	2	4	4	2	2	1	1	0	0	0	1	2	2	0	2	1	0	1	0	1	1	1	1	1	2	2	0	3	1	3	1	0	0	2	2	4	4	5	4	5	5	1	3	5	9	11	9	1	6	8	11	42	18	11	12	28	0	34	3	2	6	2	4	3	1	1	2	1	0	0	0	0	0	0	0	4	0	0	3	4	2	0	1	0	0	0	0	0	0	0	0	0	0	0	1	0	1	1	1	1	1	0	0	0	1	0	1	0	1	0	0	0	0	1	0	1	0	1	0	2	0	0	0	1	0	0	0	2	0	2	0	0	0	0	0	1	0	0	0	1	2	1	2	1	1	0	2	1	1	1	3	1	2	5	5	10	7	4	0	2	1	6	2	4	3	5	2	1	0	0	3	3	1	2	0	1	1	1	0	0	0	0	1	0	0	0	0	0	2	0	0	0	0	0	0	1	1	0	3	0	0	0	0	0	0	1	1	0	0	1	1	0	0	0	0	2	0	0	1	0	0	0	0	1	0	0	0	0	0	0	0	0	0	0	0	0	0	2	2	0	1	1	0	0	1	0	0	0	0	0	0	2	1	1	0	0	0	0	2	0	1	0	2	1	1	2	1	1
0	0	0	0	0	0	0	1	1	2	0	1	2	2	1	0	0	1	1	0	0	0	1	1	2	1	3	3	6	7	4	6	3	1	1	1	1	2	2	7	4	14	2	3	2	9	2	5	1	0	3	0	0	1	2	0	2	3	0	4	1	1	0	1	3	2	3	0	2	1	4	1	1	3	3	1	1	1	3	3	2	7	3	3	6	1	7	6	6	5	5	5	3	10	14	17	7	8	11	14	34	0	21	8	2	3	1	2	1	0	1	0	1	0	1	1	0	1	1	1	3	0	1	2	0	1	0	0	1	0	1	0	0	0	0	0	1	1	0	0	1	0	0	0	2	2	1	1	0	1	1	1	0	0	0	0	0	0	0	0	1	0	0	0	1	0	0	0	0	1	1	0	0	1	0	1	1	0	0	0	0	0	0	0	0	0	2	4	1	3	3	5	3	1	5	4	7	13	7	16	14	8	3	2	3	0	0	1	3	8	3	1	0	0	1	3	1	2	0	0	0	0	1	0	0	1	0	0	0	0	0	0	1	0	1	1	0	1	2	0	0	1	0	0	1	0	0	0	0	0	0	0	0	0	0	0	2	0	0	1	0	0	1	0	1	2	0	0	0	0	0	1	0	0	1	0	0	0	2	0	0	1	0	1	0	0	0	2	1	0	1	0	0	0	0	0	0	0	4	0	0	0	0	1	0	0	1	1	1	1	1	1
0	0	0	0	0	0	0	1	2	1	10	4	3	2	2	2	2	2	2	2	0	1	2	3	3	7	3	6	9	14	4	2	5	9	6	3	4	3	7	21	11	10	4	4	1	8	4	5	3	2	1	0	3	1	2	3	1	2	0	0	3	2	0	1	3	2	0	1	4	3	2	1	1	1	1	2	0	3	3	2	1	4	4	1	1	1	4	1	1	1	0	1	3	5	7	4	4	11	5	8	3	21	0	16	10	6	3	2	1	0	0	1	0	0	0	0	1	3	3	4	2	3	2	0	3	2	1	3	1	0	0	0	0	0	0	0	0	0	0	0	0	2	2	0	1	0	0	1	0	2	2	0	2	0	0	1	0	0	4	0	0	1	1	1	1	0	1	3	1	3	0	2	2	2	0	0	1	1	0	0	0	0	1	1	1	0	3	0	0	3	1	5	0	0	2	2	4	4	4	3	7	5	4	1	4	3	2	5	9	23	7	4	1	3	4	5	6	1	3	1	0	0	2	1	1	0	0	0	0	0	1	1	1	1	1	0	1	1	0	0	1	2	0	0	1	1	0	0	1	0	0	0	0	0	0	0	0	0	2	0	0	0	0	0	1	1	1	0	2	0	0	1	0	0	0	1	0	0	0	0	1	0	0	0	1	2	1	1	1	2	2	2	1	0	1	3	2	2	1	0	0	1	2	2	1	1	2	0	0	5	2	4
0	0	0	0	0	0	0	0	1	3	2	4	1	1	2	0	1	1	1	2	0	0	3	4	5	3	4	0	4	9	2	2	2	5	3	8	11	10	11	5	5	5	6	3	1	2	1	1	2	0	3	1	3	1	1	0	3	2	2	4	3	1	1	1	6	0	1	0	1	1	1	4	1	1	4	0	0	2	2	1	1	4	2	2	2	7	5	1	2	3	4	0	2	4	5	5	3	3	5	3	2	8	16	0	70	9	4	4	3	2	1	1	1	0	0	1	1	1	1	1	3	3	1	0	0	0	0	5	1	0	0	0	0	1	0	0	0	0	0	0	0	2	0	0	2	1	0	0	0	0	1	2	0	1	0	1	0	0	0	1	4	2	0	0	2	0	1	2	0	0	1	0	1	0	0	2	0	1	2	0	0	0	0	0	0	1	2	3	1	8	7	1	7	1	3	8	9	8	4	2	12	21	2	8	4	8	10	19	41	31	10	4	2	1	9	11	3	4	2	0	1	1	0	3	0	0	0	1	2	3	0	1	1	0	3	4	1	2	1	1	0	0	0	1	0	0	0	0	0	0	1	0	0	0	0	0	0	0	0	1	0	2	1	0	1	1	1	2	0	1	0	3	1	1	0	0	0	0	0	0	0	1	2	0	0	0	1	1	2	1	1	2	0	0	1	0	3	3	0	3	1	0	0	0	0	4	0	1	3	2	2	3
0	0	0	0	0	0	0	0	1	4	5	4	5	0	0	3	1	1	1	1	0	2	0	1	4	3	4	1	4	4	3	0	5	5	1	4	5	4	10	2	1	2	1	0	1	2	0	0	1	1	0	1	0	3	3	1	0	1	1	6	2	1	2	1	3	1	1	0	1	1	1	3	0	2	1	1	0	3	5	1	2	1	2	1	3	1	3	2	1	2	3	2	0	2	2	1	3	1	1	1	6	2	10	70	0	27	10	7	8	3	1	0	0	0	1	2	3	2	1	4	1	3	1	2	1	0	1	1	2	0	0	0	1	0	0	0	0	0	0	0	0	1	0	0	0	0	1	3	0	2	0	0	0	0	0	0	0	0	1	0	3	1	1	1	1	0	0	1	1	1	0	0	1	1	2	1	0	0	2	0	0	1	0	3	1	1	1	8	4	16	8	10	6	3	7	16	8	4	3	3	9	29	4	9	8	17	9	12	28	16	7	1	4	3	11	5	3	7	1	4	1	1	1	2	4	1	2	2	0	4	0	2	0	4	3	5	2	0	2	1	3	1	0	0	0	0	0	0	0	0	1	1	0	1	0	1	1	0	0	0	1	0	0	1	1	1	4	0	1	1	0	0	0	1	1	1	1	1	0	0	0	2	0	1	0	0	1	0	0	0	3	2	1	1	1	3	5	3	4	2	2	1	1	0	0	1	4	2	3	4	4	3
0	0	0	0	0	0	0	0	0	3	5	2	0	1	1	2	1	1	0	2	1	0	2	3	3	3	1	1	1	4	3	0	2	6	5	4	7	14	9	5	0	1	2	1	1	0	1	1	2	1	0	0	0	0	2	1	2	0	0	4	4	3	2	1	3	2	1	0	4	0	1	3	2	1	2	3	0	3	2	2	3	3	4	2	6	4	3	1	0	1	0	1	0	2	1	3	1	0	2	2	2	3	6	9	27	0	23	16	12	4	2	1	3	0	0	2	4	2	2	6	5	2	1	1	0	0	2	3	2	3	2	0	0	1	0	0	1	0	0	0	0	1	1	0	0	2	1	0	2	0	1	0	0	1	1	0	0	0	0	0	0	1	1	3	0	0	3	0	0	0	0	1	0	2	0	2	1	0	1	0	2	0	1	2	3	4	5	4	2	20	31	8	5	4	2	14	16	4	1	4	3	5	8	3	3	17	9	5	6	3	2	2	4	4	3	8	12	7	1	1	2	2	0	2	1	0	2	1	1	5	1	2	1	2	4	1	3	0	1	1	2	1	1	0	1	1	1	0	1	0	0	0	0	0	1	1	0	1	0	0	1	0	1	0	3	2	1	1	1	1	1	0	0	0	0	0	1	1	2	1	2	2	2	0	1	0	1	0	2	2	2	4	1	0	0	4	6	2	2	2	3	2	4	2	3	3	6	4	2	4	3	3
0	0	0	0	0	0	0	0	0	0	2	2	2	1	1	1	3	0	3	1	0	0	1	1	3	3	2	3	1	2	2	0	0	4	2	4	3	9	6	6	3	1	0	2	0	1	0	1	0	0	3	3	1	2	2	0	2	2	5	5	6	4	3	4	1	1	1	1	0	0	1	0	1	1	2	1	1	4	4	5	3	2	5	4	1	1	3	0	3	0	0	0	0	1	1	2	0	3	1	4	4	1	3	4	10	23	0	69	16	7	1	2	0	1	1	0	6	3	0	8	9	3	2	6	0	1	3	3	2	2	1	0	1	1	0	1	0	1	0	2	2	3	0	0	0	2	3	2	2	2	1	1	1	0	0	2	0	1	0	0	0	2	0	3	0	0	1	1	1	0	0	1	1	1	1	1	2	0	1	1	2	1	0	5	12	5	4	2	6	10	11	10	4	3	9	6	10	4	2	1	1	3	4	5	2	3	1	0	2	6	3	1	2	1	5	7	3	3	0	3	2	0	2	2	2	2	2	0	0	0	3	2	0	1	3	5	2	2	1	1	0	1	3	0	1	0	0	0	2	1	0	1	3	1	1	0	0	1	0	0	5	1	1	2	0	4	2	3	1	2	1	1	1	0	1	0	2	1	2	0	0	0	2	1	0	2	1	2	2	1	3	2	0	1	2	1	2	3	5	4	1	1	3	2	2	3	11	6	8	3	2	2
0	0	0	0	0	0	0	0	0	1	2	2	2	0	0	0	3	0	1	0	2	2	0	3	4	0	1	0	0	0	2	2	3	1	2	5	2	5	3	3	0	2	0	0	1	1	0	3	2	1	1	0	1	6	4	1	3	3	7	4	8	7	0	3	6	3	0	2	0	2	1	2	3	3	1	3	2	4	9	6	2	9	2	4	4	1	3	1	0	3	1	0	1	1	2	0	0	2	0	3	3	2	2	4	7	16	69	0	36	13	2	2	1	1	5	1	3	2	3	5	12	8	4	5	2	1	1	0	2	2	0	1	0	1	0	0	0	0	0	2	1	1	0	0	5	0	1	2	2	2	0	0	2	0	1	1	1	1	1	0	2	0	1	0	2	2	1	1	1	0	1	2	1	2	3	1	2	1	1	0	1	0	0	2	5	3	1	3	2	4	7	5	6	3	4	9	14	6	3	3	7	8	5	2	5	4	2	5	3	0	3	2	4	2	1	5	2	6	2	2	2	2	2	0	0	1	1	0	1	3	1	3	3	1	3	0	1	1	0	0	0	2	0	0	0	0	0	1	1	0	0	0	1	0	0	0	0	2	0	1	2	1	1	0	0	2	2	1	2	2	0	4	2	0	0	0	1	1	2	1	0	0	1	2	0	2	1	1	3	2	3	0	1	4	1	4	4	5	9	3	8	5	3	2	5	3	17	2	5	3	0	2
0	0	0	0	0	0	0	2	1	0	0	0	1	2	1	0	0	0	0	0	1	0	3	1	0	4	1	0	0	1	3	1	0	0	1	1	6	7	3	2	1	2	0	0	0	0	2	2	0	1	0	2	1	5	8	0	0	1	4	9	9	6	1	1	4	0	3	0	2	2	2	0	1	3	3	4	7	9	1	2	1	5	3	2	2	4	2	1	5	3	0	0	1	2	2	1	1	1	3	0	1	1	1	3	8	12	16	36	0	28	9	2	2	0	4	2	6	3	4	7	4	0	1	1	1	2	2	2	1	1	5	0	0	1	0	0	0	0	2	0	0	0	1	2	1	1	1	2	0	2	5	0	1	1	0	1	0	1	1	2	1	1	2	1	0	0	1	0	0	1	0	1	3	1	1	1	3	1	0	2	2	3	5	12	11	9	5	1	4	0	8	9	11	2	2	1	7	4	1	1	1	3	1	3	2	1	4	2	2	3	1	0	0	5	0	1	1	0	2	2	2	1	2	3	4	3	0	0	5	5	3	0	0	1	0	1	1	2	1	0	2	0	2	1	1	0	1	1	1	1	2	1	0	2	0	2	1	0	2	1	0	0	2	0	3	6	8	1	3	2	1	0	2	0	0	2	1	1	2	3	3	0	2	3	1	1	0	2	3	5	5	2	0	3	2	5	9	8	13	11	9	11	9	0	7	3	14	8	7	2	1	2
0	0	0	0	0	0	0	0	0	0	1	1	1	1	1	1	0	1	1	0	0	0	2	1	1	0	0	3	2	1	2	1	4	0	0	2	2	0	1	1	1	3	1	0	0	2	1	0	1	0	2	0	0	1	5	1	2	2	5	8	8	7	4	10	5	2	2	0	0	3	5	4	2	0	1	6	10	9	12	9	6	3	1	3	7	2	2	2	2	3	1	0	1	2	5	1	0	0	0	0	1	0	0	2	3	4	7	13	28	0	18	3	6	5	3	12	0	3	1	5	3	1	3	2	1	1	1	2	1	0	5	2	1	0	1	3	0	1	3	1	0	1	1	2	1	1	2	1	1	1	0	1	0	0	0	0	0	1	0	1	1	0	0	0	1	3	1	2	0	1	1	2	2	3	0	1	1	0	3	0	2	0	3	2	4	6	1	1	3	4	6	4	8	3	8	4	5	2	2	4	1	1	3	2	0	1	0	1	1	0	3	1	1	0	0	1	0	4	1	1	0	1	0	2	1	0	1	1	4	2	0	1	0	1	2	0	2	0	0	2	0	1	3	0	0	0	0	2	0	1	2	0	2	0	1	1	1	0	0	0	0	3	1	1	3	4	3	0	2	1	0	0	0	0	1	1	2	4	1	5	2	2	3	2	1	2	4	6	6	3	5	4	0	1	2	10	17	11	29	25	3	11	6	2	4	3	8	3	6	4	3	2
0	0	0	0	0	0	0	0	1	0	1	1	0	2	0	0	1	1	0	1	0	0	2	0	1	0	0	1	1	2	1	0	0	0	0	1	0	0	0	1	0	0	1	1	0	1	2	0	2	1	0	0	1	2	4	2	1	1	0	2	6	9	4	4	1	3	1	1	2	2	5	1	3	0	0	7	6	6	4	6	2	0	2	2	1	2	0	1	0	0	0	2	0	1	2	0	1	1	0	0	2	1	0	1	1	2	1	2	9	18	0	21	7	5	7	19	2	0	3	1	1	1	0	1	1	3	0	1	0	2	1	1	0	1	1	0	0	0	1	2	1	1	0	0	0	0	1	1	1	2	1	1	0	0	0	0	0	0	0	1	0	0	0	1	0	0	1	1	2	2	0	4	0	3	0	5	3	0	2	0	1	4	3	9	3	1	1	1	0	5	1	3	4	1	7	0	4	3	2	4	2	3	2	1	0	1	0	1	1	0	2	2	0	0	0	1	0	1	0	0	1	1	0	1	1	0	1	1	2	0	1	2	0	0	0	0	1	1	0	0	0	0	1	4	2	1	1	1	1	2	0	0	0	0	0	1	1	0	1	1	0	2	0	0	1	4	7	4	3	0	0	2	4	2	4	3	1	2	3	2	3	0	1	3	3	2	6	9	3	4	4	1	1	1	3	2	7	7	12	11	10	7	9	4	3	4	7	5	3	4	0	1
0	0	0	0	0	0	0	0	0	0	0	0	0	0	0	0	0	0	0	1	1	0	2	0	1	0	0	0	1	0	1	0	0	1	0	0	0	1	1	0	0	1	0	0	1	0	0	0	0	0	0	1	2	0	3	2	1	3	2	8	2	2	5	4	1	1	1	2	1	1	5	1	3	1	1	3	2	2	2	4	2	2	1	0	1	0	0	0	2	0	1	0	1	0	0	0	0	1	1	1	1	0	1	1	0	1	2	2	2	3	21	0	59	16	13	7	4	1	1	0	2	0	0	3	1	0	1	1	0	0	2	2	0	1	0	1	2	2	1	1	2	0	0	1	0	1	0	0	1	3	0	1	1	1	0	0	0	0	0	0	0	0	1	0	2	0	1	0	0	2	0	1	1	1	1	3	0	1	0	0	3	2	5	3	0	2	0	2	0	2	1	2	3	1	0	1	1	0	1	1	0	2	0	0	1	0	0	0	1	0	0	1	0	0	0	1	0	1	0	0	2	2	0	1	1	0	1	1	1	1	2	1	0	1	0	0	1	0	0	1	0	2	0	0	1	0	0	0	1	0	1	1	0	1	0	0	2	2	0	1	0	1	1	2	0	3	4	5	4	1	4	0	3	3	3	1	5	8	12	6	2	1	2	1	5	1	6	4	8	1	2	3	2	1	1	3	1	0	7	4	8	1	3	2	1	3	1	1	2	0	1	0
0	0	0	0	0	0	0	0	0	0	0	1	0	1	1	1	1	0	0	1	0	1	0	0	1	0	0	1	0	0	1	0	0	0	1	0	0	0	1	0	1	1	0	0	0	0	0	1	0	2	0	2	0	0	4	2	0	4	2	3	4	3	3	2	2	0	1	0	2	1	5	3	3	0	2	1	5	1	4	1	2	1	0	1	1	2	0	1	0	1	1	1	0	3	0	1	1	0	1	2	0	1	0	1	0	3	0	1	2	6	7	59	0	44	10	13	1	1	1	1	0	2	2	0	0	1	0	0	0	0	2	0	0	0	1	0	0	1	0	1	1	2	1	0	1	2	0	0	0	1	3	0	0	1	0	0	1	0	1	1	0	0	1	0	0	0	2	1	0	0	1	2	0	2	2	5	1	0	0	3	4	2	2	3	2	0	1	0	2	0	1	2	1	0	1	0	1	1	1	1	2	0	1	1	0	1	2	0	0	1	0	0	0	0	1	0	1	1	0	0	0	1	0	1	1	1	0	1	0	1	0	1	1	0	1	1	0	0	1	1	0	1	3	0	1	0	0	1	0	1	0	1	2	2	1	0	2	0	0	0	1	2	3	0	1	3	1	3	1	1	5	7	4	5	8	9	10	10	17	4	3	1	4	3	2	4	3	2	1	1	1	2	1	1	1	0	1	1	1	0	3	1	1	1	0	1	1	0	2	2	0	0
0	0	0	0	0	0	0	1	0	0	1	0	1	1	1	0	0	0	0	0	1	0	0	1	0	2	1	1	0	1	0	0	0	1	0	0	0	0	1	0	0	0	0	0	0	1	0	0	1	0	1	0	2	0	4	0	2	1	3	0	3	6	5	4	0	0	2	3	1	4	3	1	0	0	1	10	2	7	2	0	2	0	0	0	0	0	0	0	0	0	1	0	0	0	0	0	0	0	0	0	0	0	0	0	0	0	1	1	0	5	5	16	44	0	19	9	0	3	1	1	1	0	0	2	1	3	3	3	1	1	4	4	2	2	1	0	0	0	1	0	2	0	0	0	0	0	0	0	1	0	2	0	0	0	0	0	0	0	1	1	0	1	1	0	0	2	1	0	0	2	0	1	0	1	3	2	1	1	6	3	3	4	3	3	1	4	1	0	0	1	0	1	1	2	2	1	0	1	0	0	1	0	1	0	0	1	0	1	1	0	1	0	0	0	0	2	0	3	0	0	0	0	0	0	1	2	2	0	1	0	0	0	0	0	0	0	0	3	0	0	0	1	0	0	2	0	1	1	0	1	2	1	0	1	1	2	0	0	1	3	0	1	1	1	0	1	5	6	10	2	11	14	10	8	7	15	6	9	3	5	1	1	1	0	0	1	5	4	2	0	1	0	2	0	0	0	2	1	1	1	4	1	5	0	2	3	0	1	0	1	2	0
0	0	0	0	0	0	0	0	0	0	0	0	1	0	0	0	0	0	1	1	1	0	1	1	0	2	1	1	0	2	1	0	0	0	1	0	0	0	3	2	0	0	0	0	0	0	1	0	0	1	0	1	4	0	2	2	2	8	5	6	1	15	9	5	4	0	1	0	4	2	3	1	0	1	2	3	9	6	0	1	2	2	0	0	3	3	0	1	0	0	0	0	0	1	0	0	0	1	1	1	0	1	0	0	1	0	1	5	4	3	7	13	10	19	0	63	2	1	2	0	0	0	2	1	0	1	1	0	1	5	2	2	2	1	1	3	0	1	0	1	2	1	0	2	0	1	2	0	0	0	0	0	1	0	0	0	0	2	1	2	3	1	2	1	1	0	0	0	3	1	0	3	1	1	3	2	1	2	3	2	4	8	4	7	2	4	0	2	3	1	0	1	0	0	0	2	0	0	0	1	1	0	1	1	0	1	1	0	1	1	2	0	0	0	0	0	1	0	1	1	0	0	0	0	0	0	2	3	0	0	0	0	2	0	1	0	0	1	1	0	0	1	1	1	0	0	0	2	0	2	1	3	0	2	3	5	2	2	4	1	0	1	0	3	6	6	7	11	13	6	9	2	3	3	8	12	4	5	7	2	2	0	0	2	1	3	1	5	2	1	0	0	0	0	3	1	2	1	5	1	4	3	3	2	0	0	1	1	0	2	0	1
0	0	0	0	0	0	0	0	0	0	1	1	2	0	2	1	0	0	1	0	0	1	0	0	0	1	0	0	0	1	1	1	2	0	0	0	0	1	0	0	0	0	2	1	1	0	2	0	0	0	2	1	0	2	6	4	4	9	6	7	6	19	6	3	0	2	2	2	4	3	4	3	4	1	4	11	5	4	6	1	1	1	2	6	0	2	0	1	1	0	0	0	0	0	1	1	1	0	2	0	0	1	0	1	2	2	0	1	2	12	19	7	13	9	63	0	1	0	5	2	2	0	1	2	1	3	2	1	1	1	4	2	0	0	0	2	0	1	0	1	0	2	1	2	2	1	1	0	0	1	1	0	1	0	0	0	0	0	0	1	1	0	0	2	0	3	1	4	1	1	1	1	1	2	2	2	1	2	4	2	6	6	12	10	2	1	2	1	0	0	1	0	1	2	2	1	1	1	0	0	2	0	1	1	0	1	0	0	1	0	0	1	0	2	0	0	0	0	2	0	0	0	1	2	1	0	0	0	0	2	2	0	1	0	0	0	0	0	1	2	0	0	1	2	1	0	1	0	0	1	0	0	1	3	0	2	2	3	3	2	1	2	1	5	2	4	15	17	11	9	4	1	0	7	4	6	6	1	5	2	1	3	0	1	0	2	2	4	4	3	2	0	2	1	0	0	3	1	5	6	5	6	3	2	1	2	1	3	0	2	0	1
0	0	0	0	0	0	0	1	0	1	0	1	2	1	3	1	1	0	2	1	1	3	1	1	2	2	1	1	0	2	0	1	0	1	0	2	1	0	2	1	0	3	0	1	1	1	0	3	4	5	4	5	3	7	11	11	10	16	29	28	13	7	6	6	2	5	2	2	5	2	5	2	0	3	1	10	4	9	6	3	0	1	2	1	2	2	2	0	1	2	0	0	1	1	1	1	0	0	0	0	0	0	1	1	3	4	6	3	6	0	2	4	1	0	2	1	0	25	27	20	10	3	9	4	9	6	10	18	16	10	3	3	3	1	1	0	0	1	1	1	0	3	2	1	3	4	1	0	0	3	2	2	1	2	1	1	2	2	4	2	0	6	5	4	2	4	2	5	2	3	2	6	9	12	10	4	6	3	5	0	2	5	6	3	3	2	0	0	0	0	0	0	0	0	4	1	3	4	1	0	1	2	1	2	1	0	1	1	1	1	2	1	1	0	1	1	0	1	2	0	1	1	2	3	0	2	2	0	0	0	1	0	3	0	2	1	1	0	0	1	0	3	0	1	1	0	0	1	1	2	0	0	1	3	2	2	3	0	0	5	2	0	3	3	5	3	2	4	3	0	1	2	0	2	1	1	0	2	0	0	0	2	1	1	0	0	1	0	3	0	1	0	1	0	0	0	2	3	1	0	2	6	1	1	1	0	1	1	1	3	3	0
0	0	0	0	0	0	0	1	1	1	2	0	3	3	2	1	2	1	0	0	0	3	6	1	1	1	1	1	1	3	1	1	0	0	1	2	2	3	2	2	1	0	0	2	0	3	3	0	4	1	3	4	16	13	11	10	5	3	10	9	2	0	2	1	4	3	1	2	2	2	2	0	3	3	1	2	3	3	6	2	1	3	3	0	1	0	1	1	1	2	1	1	1	1	0	1	3	0	0	0	0	1	3	1	2	2	3	2	3	3	0	1	1	3	1	0	25	0	136	18	14	10	10	10	12	5	5	14	23	2	2	1	2	1	1	1	2	1	2	0	0	3	1	3	2	2	1	1	3	3	4	0	1	0	1	0	2	2	0	0	2	4	6	21	10	4	4	1	4	7	6	17	20	9	4	2	5	0	3	1	0	1	1	2	2	3	3	0	0	1	2	1	0	1	0	2	2	2	0	2	3	1	0	0	0	1	0	0	1	1	0	2	0	1	1	0	0	0	1	0	1	2	2	2	0	1	0	1	1	1	0	0	1	1	0	0	1	4	2	1	0	0	1	4	2	0	0	1	3	1	1	1	1	1	0	1	1	1	2	1	2	1	2	0	3	1	3	3	3	3	0	0	0	0	1	1	0	0	1	0	0	0	0	2	0	1	0	1	0	1	1	1	0	0	0	2	2	0	1	0	1	2	1	0	0	3	0	0	2	1	0	1
0	0	0	0	0	0	0	2	0	1	2	1	2	3	4	5	0	1	0	0	0	0	1	2	1	3	0	3	3	1	2	2	0	0	1	1	1	1	4	2	0	0	1	1	2	1	0	8	3	1	5	4	8	12	9	7	3	3	9	8	8	5	3	2	2	5	1	2	2	3	2	1	1	2	4	3	7	5	1	2	1	3	1	1	1	0	1	0	0	0	2	1	0	0	1	1	0	0	1	1	0	1	3	1	1	2	0	3	4	1	3	1	1	1	2	5	27	136	0	20	20	13	10	16	14	6	6	15	15	6	2	4	1	3	0	0	0	2	0	0	0	0	0	1	2	3	1	1	2	3	1	4	2	0	0	0	2	0	0	1	3	5	4	11	8	2	6	0	4	1	4	12	22	8	6	5	2	1	4	2	2	1	2	2	0	0	1	1	2	0	0	2	2	0	0	3	1	0	4	0	1	3	1	1	0	0	2	0	0	1	0	4	2	0	1	0	1	0	1	1	1	0	0	0	2	0	0	0	0	1	2	1	0	0	1	0	1	0	0	0	1	1	2	1	0	0	1	1	0	0	3	1	2	2	1	0	1	0	1	2	0	1	0	2	4	1	2	4	1	2	0	0	0	1	3	0	0	1	0	1	2	0	1	0	0	0	0	1	3	0	1	2	0	1	0	1	1	1	3	1	2	2	2	0	1	3	1	1	0	3	1	1
0	0	0	0	0	0	0	0	2	1	5	2	4	2	2	1	1	1	2	0	2	1	4	2	0	1	0	0	1	2	2	2	0	3	1	2	2	4	1	3	1	1	1	2	4	1	1	3	2	3	3	5	10	10	7	4	4	5	7	6	4	5	1	5	7	5	2	0	3	1	1	1	1	2	3	0	6	9	4	3	1	4	0	0	0	2	1	2	2	1	0	0	1	0	3	0	0	1	0	1	4	1	4	1	4	6	8	5	7	5	1	0	1	1	0	2	20	18	20	0	67	17	15	7	8	2	8	6	4	2	6	2	1	0	0	1	0	0	1	0	2	4	0	2	2	3	0	1	0	5	1	0	0	1	0	1	1	4	1	1	3	5	2	4	4	1	1	2	1	3	7	5	3	1	1	3	4	3	0	0	0	1	3	3	1	2	3	0	1	2	3	1	2	1	2	0	5	3	2	2	4	1	2	1	2	0	1	3	2	0	3	0	3	3	0	3	1	0	0	0	1	1	0	0	0	0	1	0	5	0	4	0	1	2	1	1	1	0	1	2	0	2	2	1	2	0	2	2	1	2	1	0	1	0	1	1	2	3	1	2	1	0	1	0	3	4	3	4	2	2	0	1	0	0	1	0	0	0	1	1	0	0	0	0	0	0	1	1	2	1	1	2	0	1	1	1	2	1	1	4	5	2	2	0	2	1	1	0	0	1	2	2
0	0	0	0	0	0	0	1	1	2	4	3	3	4	5	4	0	0	0	1	0	3	4	3	7	2	1	0	2	0	2	2	1	4	5	1	6	3	7	11	1	5	3	5	2	0	2	6	1	6	2	3	8	5	4	4	2	5	5	3	4	2	2	8	10	1	1	4	2	3	0	1	0	0	5	3	3	4	5	7	4	0	1	0	3	0	2	0	0	3	0	0	1	0	5	0	1	1	2	1	0	3	2	3	1	5	9	12	4	3	1	2	0	1	0	2	10	14	20	67	0	49	23	9	6	6	4	1	5	1	0	0	1	1	2	1	0	0	1	0	0	1	0	1	2	3	1	2	1	3	2	1	0	1	0	0	0	2	6	1	1	4	1	1	2	2	2	1	3	1	2	0	7	1	5	2	1	1	1	1	5	0	2	1	4	1	2	0	0	1	5	3	3	0	1	4	6	3	2	6	2	4	2	3	0	2	1	1	7	1	2	1	1	0	1	2	2	4	0	0	1	0	1	3	0	0	1	1	0	1	1	0	1	1	0	0	1	0	1	2	2	1	0	1	1	1	0	1	1	1	1	1	1	1	0	0	1	1	3	1	1	2	2	0	0	1	2	3	3	1	0	1	1	0	2	0	1	2	2	1	0	0	1	1	0	3	0	1	0	1	0	1	0	1	0	2	1	0	0	0	3	2	2	4	1	0	2	2	2	0	0	1
0	0	0	0	0	0	0	0	2	2	1	5	3	8	0	0	2	2	0	5	2	0	2	2	2	0	0	3	1	1	1	4	2	1	2	0	4	4	5	5	3	5	5	2	2	6	7	5	3	4	1	11	12	4	2	2	1	3	2	2	3	4	2	2	4	4	3	3	5	2	3	1	4	2	5	1	1	4	2	1	1	0	1	0	2	3	1	0	0	2	3	1	2	6	0	1	0	2	3	1	0	0	3	3	3	2	3	8	0	1	1	0	2	0	0	0	3	10	13	17	49	0	75	15	11	0	3	2	0	0	1	0	2	1	0	0	0	2	0	0	1	1	0	2	0	2	1	4	0	1	5	0	1	0	1	1	1	2	1	1	3	6	3	2	2	2	5	0	2	2	3	5	4	2	2	2	2	0	2	2	1	2	0	1	0	2	1	1	1	1	0	4	0	2	1	0	4	3	6	2	3	2	1	2	0	0	1	1	2	1	4	1	1	4	0	1	1	0	0	0	0	0	0	1	0	0	0	0	1	1	0	0	0	0	2	1	3	1	0	0	0	1	0	1	0	3	0	0	0	0	1	0	1	1	0	0	0	1	0	0	0	0	1	0	0	2	1	1	0	1	1	0	0	0	0	1	0	1	2	1	0	0	0	0	0	0	2	0	0	1	0	0	1	1	1	0	2	0	1	0	1	2	2	1	2	1	0	1	1	0	0	1
0	0	0	0	0	0	0	0	0	1	4	1	2	4	1	4	2	0	1	0	2	2	1	1	1	0	1	0	1	5	2	2	4	0	3	3	2	1	2	4	1	0	0	2	3	1	1	6	5	7	9	8	16	6	0	0	0	4	5	2	2	4	1	2	7	8	4	4	5	2	0	2	4	1	8	1	0	5	5	6	1	1	0	2	3	1	1	1	1	1	0	1	1	0	1	2	3	1	1	3	3	1	2	1	1	1	2	4	1	3	0	0	2	0	2	1	9	10	10	15	23	75	0	45	16	8	8	7	6	3	1	0	1	2	1	1	0	0	0	1	1	0	1	4	1	2	1	0	3	2	1	1	0	1	0	0	1	0	2	4	0	3	1	10	2	2	1	3	2	5	5	4	3	1	2	6	1	1	1	0	0	2	1	1	0	2	1	0	0	1	2	0	0	0	0	1	2	3	5	2	4	0	0	2	1	1	0	0	0	1	1	0	1	1	0	0	0	1	1	0	1	0	0	1	1	0	0	0	1	0	1	3	0	1	0	0	0	1	0	1	0	1	1	2	0	2	0	0	2	0	0	1	1	0	1	0	0	0	1	0	0	1	1	0	0	3	0	4	1	1	0	0	0	0	1	0	0	0	1	1	0	0	0	1	0	0	0	3	0	1	2	0	0	2	0	0	1	0	2	3	0	0	1	0	0	1	1	1	0	0	0	0
0	0	0	0	0	0	0	0	1	1	2	3	3	1	4	0	0	2	2	0	1	1	5	4	0	1	2	0	0	0	1	2	1	0	2	1	1	3	4	3	2	1	1	2	2	2	2	3	2	4	15	6	10	4	2	3	2	4	5	4	1	4	1	9	8	13	3	5	5	1	1	4	3	5	5	7	3	7	4	4	2	2	2	2	1	1	1	2	0	1	1	1	2	0	0	2	1	1	0	1	4	2	0	0	2	1	6	5	1	2	1	3	0	2	1	2	4	10	16	7	9	15	45	0	41	12	17	5	9	2	4	5	3	0	0	0	1	0	0	0	0	2	1	0	0	0	1	4	3	2	3	1	2	0	1	1	0	0	0	2	3	1	6	1	1	0	0	2	4	5	3	7	8	4	5	3	1	1	2	3	1	2	4	0	0	0	0	0	4	1	1	2	1	0	1	3	4	4	2	0	2	1	0	0	0	0	0	1	1	1	2	1	1	0	0	1	1	0	1	1	0	1	0	3	0	1	1	1	0	0	2	0	0	0	1	0	2	1	0	1	1	2	1	0	0	1	0	1	0	2	1	2	1	1	2	1	1	0	0	1	0	1	1	0	1	0	2	0	2	1	1	2	1	0	2	0	1	0	0	0	1	0	1	2	1	0	0	0	1	0	0	0	0	0	0	2	2	0	0	0	0	1	1	1	0	1	2	0	0	0	0	1
0	0	0	0	0	0	0	0	1	0	1	2	1	2	2	1	0	0	1	2	1	0	1	1	1	1	0	1	1	0	1	0	1	1	0	3	2	2	3	1	3	2	2	2	0	0	1	2	5	7	6	3	5	2	5	0	3	4	5	5	4	5	3	6	13	8	3	9	12	7	3	4	3	4	7	4	7	4	3	3	5	1	3	0	2	1	1	0	1	1	1	2	1	3	0	3	1	2	1	0	2	0	3	0	1	0	0	2	1	1	1	1	0	1	0	1	9	12	14	8	6	11	16	41	0	35	55	8	7	6	6	1	1	1	1	1	1	1	1	3	1	1	0	2	2	2	0	1	0	1	1	1	0	1	2	0	1	0	4	0	2	7	1	4	5	1	2	2	3	4	4	7	5	5	7	4	3	2	0	1	0	3	3	2	4	0	0	1	0	0	1	1	3	1	1	1	1	2	1	1	1	0	1	1	0	1	1	0	1	1	0	1	1	2	0	2	0	1	1	0	0	1	0	2	1	2	1	1	0	1	0	1	0	0	0	1	2	0	0	1	0	0	1	1	1	2	1	0	1	1	1	0	3	2	0	0	0	1	0	1	2	2	1	3	0	2	1	2	3	3	0	1	4	0	1	1	1	1	3	0	2	1	0	0	1	0	1	3	0	0	2	0	1	0	0	0	1	0	1	3	1	1	1	1	1	1	1	0	0	0	0	1
0	0	0	0	0	0	0	0	1	1	0	1	1	2	2	1	0	0	1	0	4	0	0	1	0	0	0	0	1	0	0	0	1	1	0	0	1	1	0	3	0	0	0	2	0	1	1	2	1	5	3	1	6	1	4	4	1	7	19	6	1	0	9	6	4	5	6	5	11	1	1	2	2	0	5	3	7	4	6	2	2	1	0	1	2	0	1	0	0	0	0	1	1	0	0	0	0	1	3	0	0	1	2	0	0	0	1	1	2	1	3	0	1	3	1	3	6	5	6	2	6	0	8	12	35	0	86	22	8	5	11	3	1	1	1	0	0	1	2	1	1	1	2	1	1	1	1	0	2	1	2	0	1	0	0	0	0	2	1	4	0	0	2	3	1	2	2	2	3	1	2	11	11	24	18	8	4	4	2	0	1	2	1	0	0	0	2	0	1	0	1	1	3	2	2	2	1	1	2	1	1	1	0	0	1	0	0	1	1	1	0	1	0	1	2	0	1	0	0	1	0	0	0	0	0	0	0	0	0	1	1	1	0	0	1	0	0	0	1	1	0	0	0	1	2	0	1	0	2	0	0	0	0	2	0	1	0	2	1	1	1	1	1	2	2	2	0	2	3	4	1	2	3	1	0	1	0	1	0	0	1	2	1	0	0	0	0	0	3	0	2	0	0	0	0	2	2	1	1	6	0	0	0	1	1	2	1	1	0	3	0	0
0	0	0	0	0	0	0	0	2	0	0	2	0	1	0	0	0	0	0	1	0	3	2	1	4	0	0	1	0	1	1	0	2	0	0	0	1	2	1	0	1	2	1	0	1	1	1	3	0	2	4	2	4	0	2	4	7	9	17	3	2	6	6	7	10	10	10	8	26	4	3	2	4	2	7	3	7	10	3	1	3	1	0	2	1	1	0	0	1	1	0	1	2	1	1	0	1	2	1	0	1	0	1	0	1	2	3	1	2	1	0	1	0	3	1	2	10	5	6	8	4	3	8	17	55	86	0	13	6	2	4	2	1	1	0	0	2	0	1	0	1	0	0	1	2	1	4	0	0	0	1	0	0	1	0	2	1	2	0	0	1	2	2	4	2	0	3	1	1	4	3	1	7	11	9	4	5	3	2	2	0	1	1	3	1	0	1	0	0	0	1	1	1	0	0	1	1	2	2	3	2	3	0	1	0	0	2	1	1	0	0	0	0	1	0	1	1	1	1	2	0	0	0	2	0	2	0	0	2	1	0	0	1	0	1	0	3	0	0	2	0	1	1	3	2	1	1	0	1	2	1	1	2	6	2	0	0	1	2	0	1	1	0	1	3	1	4	5	5	1	2	0	2	2	2	1	1	1	1	0	0	0	2	0	1	0	1	4	1	0	0	0	0	0	0	1	1	0	3	3	0	0	2	2	0	0	0	1	1	0	1	0
0	0	0	0	0	0	0	2	0	0	1	1	0	0	4	0	1	0	0	0	1	2	1	1	0	1	1	0	1	1	2	1	0	4	1	0	1	0	0	2	0	0	1	1	0	0	2	1	0	0	2	2	4	4	11	6	8	14	34	7	4	7	7	4	6	2	0	5	3	2	3	2	2	1	3	3	5	6	3	2	1	2	1	0	0	3	2	1	1	1	1	1	4	1	1	1	1	0	1	0	0	0	3	5	1	3	3	0	2	2	1	1	0	3	0	1	18	14	15	6	1	2	7	5	8	22	13	0	23	11	8	3	6	5	2	0	0	1	0	5	3	1	6	0	1	1	0	0	1	1	1	1	2	3	1	1	1	1	3	2	3	0	3	3	0	6	2	4	4	8	7	12	16	15	22	17	10	5	1	6	0	1	3	0	1	1	1	0	1	1	1	1	0	0	2	0	1	1	1	0	1	1	0	1	1	1	0	0	0	1	0	0	0	0	2	1	0	2	2	1	1	0	1	0	0	0	1	2	0	1	0	0	0	1	1	1	1	0	0	0	2	2	0	1	1	2	1	1	1	4	1	0	1	2	1	2	2	0	1	0	3	0	1	1	1	4	1	7	5	1	1	0	1	0	1	3	0	0	2	1	0	0	0	0	1	1	1	0	0	0	1	0	1	1	0	1	2	1	1	1	3	1	2	1	0	1	1	2	0	3	0	0
0	0	0	0	0	0	0	1	2	0	3	1	1	2	1	1	0	0	0	1	0	0	1	0	1	1	2	1	1	1	0	2	0	1	2	2	1	1	1	1	1	1	2	1	2	1	2	1	0	4	3	2	3	7	12	24	15	8	9	5	0	2	2	1	0	0	1	2	2	0	2	1	1	0	1	3	3	4	0	2	1	1	0	1	2	2	1	0	0	0	2	0	0	0	1	1	1	0	0	0	0	1	1	1	2	2	2	2	1	1	0	0	0	1	1	1	16	23	15	4	5	0	6	9	7	8	6	23	0	13	1	3	7	5	0	2	2	0	1	2	1	4	1	7	6	3	2	4	0	1	4	3	3	1	0	2	3	5	8	4	1	4	5	10	14	5	9	11	14	16	18	23	13	18	10	10	13	5	6	7	0	2	2	2	3	1	1	0	0	0	0	1	1	0	1	0	1	1	2	0	2	0	0	1	1	2	0	0	1	1	1	0	0	2	0	0	1	1	1	3	1	1	0	0	0	0	0	2	0	1	1	0	0	0	0	2	1	1	0	0	0	3	1	4	1	4	2	2	0	1	1	0	1	0	0	2	2	4	2	3	2	0	3	2	1	3	6	2	3	2	2	1	1	1	2	1	0	1	0	0	0	0	0	1	0	4	0	0	3	1	1	2	0	0	1	0	1	1	2	1	1	4	2	0	0	0	0	2	1	0	0	0
0	0	0	0	0	0	0	0	0	1	1	1	0	0	0	0	0	2	2	1	0	0	0	1	0	1	1	1	0	0	0	1	0	0	0	2	1	3	0	1	0	0	2	0	0	1	0	0	1	1	3	2	3	1	3	8	9	5	6	3	3	3	3	1	1	0	1	0	6	3	0	0	1	0	0	3	2	3	3	2	1	2	1	0	0	1	0	1	0	0	0	0	0	0	2	1	0	1	0	0	0	0	0	0	0	3	2	2	1	0	2	0	0	1	5	1	10	2	6	2	1	0	3	2	6	5	2	11	13	0	12	6	9	4	5	2	4	1	2	4	2	2	3	7	2	1	2	0	1	1	1	1	1	1	2	0	1	0	2	2	1	1	2	2	5	4	5	11	10	6	14	7	8	20	78	23	27	8	2	2	6	2	6	3	2	0	0	1	0	1	0	1	1	0	0	3	0	0	1	1	1	0	0	0	0	0	1	0	0	0	2	1	1	0	1	2	1	0	0	0	0	1	2	1	0	0	1	1	1	0	2	1	0	0	1	0	1	2	1	0	1	1	2	1	2	2	1	2	0	0	1	2	5	2	0	4	1	1	6	5	1	2	2	4	0	4	2	4	5	5	3	2	0	1	2	3	0	0	0	0	0	0	0	1	2	0	1	1	0	0	0	1	0	0	0	1	0	0	0	0	0	1	0	2	2	0	1	1	0	1	0	0
0	0	0	0	0	0	0	1	0	0	1	0	2	0	1	0	0	0	0	0	2	1	0	1	1	0	0	1	0	0	2	0	0	0	1	1	2	0	1	0	0	0	0	0	1	1	0	2	1	2	1	1	1	1	4	1	4	9	9	4	2	6	10	1	0	1	1	6	3	2	1	1	0	1	0	4	1	3	1	0	2	0	0	0	2	1	1	0	0	1	0	2	0	1	0	0	0	0	0	0	0	1	0	0	0	2	1	0	5	5	1	2	2	4	2	4	3	2	2	6	0	1	1	4	6	11	4	8	1	12	0	49	28	5	2	0	3	2	2	2	2	1	2	4	3	2	1	0	1	1	0	0	0	1	0	1	1	0	1	0	1	0	0	1	1	0	1	3	4	2	0	1	3	3	29	40	16	9	9	3	6	2	3	2	0	1	1	0	1	2	1	0	0	2	0	0	2	0	2	0	0	0	0	1	0	0	0	0	0	1	0	0	0	1	1	0	0	0	0	1	0	2	0	0	0	0	0	0	0	2	2	0	1	0	0	1	1	0	1	0	0	0	1	6	2	2	2	1	0	2	1	3	4	1	0	0	2	1	1	1	1	0	1	0	1	3	0	5	9	14	5	2	3	2	3	5	1	1	2	0	0	0	1	0	0	0	0	0	0	1	1	3	1	0	0	1	1	1	2	1	0	5	4	1	0	2	0	0	3	0	0	0
0	0	0	0	0	0	0	0	0	0	0	1	1	0	0	0	1	0	0	1	1	0	0	2	0	2	0	0	0	0	0	0	0	0	0	0	0	0	1	0	0	1	1	0	0	0	0	0	0	1	0	0	1	2	2	3	4	5	6	4	0	1	6	3	3	2	1	2	2	1	3	1	0	0	2	4	2	0	0	1	1	0	1	0	0	0	0	0	0	0	0	0	0	0	0	0	0	0	0	0	0	0	0	0	0	0	0	1	0	2	1	2	0	4	2	2	3	1	4	2	0	0	0	5	1	3	2	3	3	6	49	0	27	8	4	1	3	1	2	3	1	2	1	0	2	2	1	0	2	2	0	0	1	0	2	1	0	2	0	2	1	1	0	5	1	4	1	6	2	3	0	2	1	1	8	12	6	8	15	4	4	4	4	1	2	1	1	1	0	1	2	0	0	1	1	1	0	0	2	0	0	2	0	0	2	0	0	0	0	0	0	0	0	1	0	0	0	0	0	0	0	1	1	0	0	1	0	1	1	0	0	0	2	0	0	1	0	0	1	1	0	1	0	1	0	0	1	3	0	0	2	0	3	1	2	3	0	0	1	5	2	3	0	1	1	1	4	4	10	16	4	4	1	0	1	1	3	2	0	0	1	0	0	0	0	0	1	0	2	1	1	1	2	1	3	3	0	0	0	1	0	0	0	0	0	1	0	1	1	0	0	0
0	0	0	0	0	0	0	0	0	1	0	1	0	2	0	0	0	0	1	0	0	0	0	0	0	0	1	0	0	0	3	1	0	1	0	0	0	1	0	0	0	0	0	2	0	0	0	0	0	1	1	0	1	0	1	2	4	5	3	2	2	2	7	0	1	2	2	0	2	1	1	2	0	1	2	0	3	2	1	0	0	0	1	0	0	0	0	0	0	0	0	1	0	1	0	0	1	0	0	0	0	0	0	0	1	0	1	0	0	1	0	0	0	2	2	0	3	2	1	1	1	2	1	3	1	1	1	6	7	9	28	27	0	29	9	5	1	4	3	6	6	3	3	0	1	0	0	0	1	1	3	1	1	0	1	4	0	0	3	1	1	0	1	2	1	2	2	4	2	0	4	1	4	6	11	8	15	7	10	7	5	6	1	2	3	0	0	1	1	0	0	0	0	0	0	0	0	2	0	1	1	0	0	1	0	1	1	0	1	0	2	0	0	0	0	0	0	0	1	0	0	0	0	2	0	0	1	0	0	0	0	0	0	0	0	2	0	1	0	1	0	1	0	1	0	2	2	2	0	4	2	2	3	3	1	1	8	2	2	3	0	0	1	2	3	0	1	4	7	4	4	1	5	0	3	1	2	0	1	0	0	0	0	0	1	1	1	2	3	1	0	1	0	0	0	2	0	2	0	2	0	0	4	0	0	1	2	1	0	0	0	2
0	0	0	0	0	0	0	1	0	0	0	0	2	0	1	0	0	0	0	0	0	0	0	1	1	0	3	0	0	1	1	0	1	0	1	0	0	0	0	0	0	0	0	0	0	0	0	0	0	0	1	1	2	1	2	1	0	2	2	2	2	3	1	0	0	3	1	2	0	1	2	0	1	1	0	1	0	1	1	2	0	0	0	0	0	0	0	1	1	0	0	0	0	0	1	0	2	0	0	0	0	0	0	1	0	1	1	1	1	0	1	1	0	2	1	0	1	1	3	0	1	1	2	0	1	1	1	5	5	4	5	8	29	0	16	13	2	2	7	8	7	0	3	2	5	1	1	0	0	1	1	0	1	0	0	0	1	1	0	0	1	0	0	2	2	0	4	6	4	0	4	2	3	1	9	4	7	10	6	3	4	2	1	1	1	1	0	0	1	0	0	1	0	0	0	0	1	0	2	1	1	1	0	0	1	0	0	0	0	0	2	0	1	0	1	0	1	0	0	0	0	1	0	0	0	0	0	0	0	1	0	0	0	0	0	0	1	0	0	0	0	2	2	1	2	2	1	1	0	3	4	6	9	8	3	5	1	4	5	1	0	4	2	3	4	1	0	5	3	6	6	1	1	0	4	3	0	0	0	0	2	0	0	0	0	2	2	0	2	0	0	0	0	0	0	0	1	1	0	4	0	1	0	0	0	1	0	0	0	1	1	1
0	0	0	0	0	0	0	1	0	1	0	0	0	0	1	0	0	0	0	0	0	0	1	2	2	0	1	1	0	0	0	0	1	0	0	0	0	0	1	1	1	0	0	0	1	0	0	0	1	1	0	0	1	0	3	2	3	2	3	3	2	0	4	2	0	0	0	0	1	0	0	0	0	0	0	0	2	0	2	0	2	0	0	0	0	0	0	0	0	0	0	0	0	1	0	0	1	1	0	0	0	0	0	0	0	0	0	0	0	1	1	0	1	1	1	0	1	1	0	0	2	0	1	0	1	1	0	2	0	5	2	4	9	16	0	30	16	11	6	22	10	4	1	2	4	0	0	2	1	1	1	1	0	2	2	0	3	1	1	0	2	1	1	0	2	3	5	3	3	2	1	3	1	4	2	4	6	9	4	5	3	5	2	1	2	0	1	2	0	0	1	0	0	0	0	0	1	0	2	1	0	1	0	0	0	0	0	0	0	0	0	0	3	0	0	0	1	0	1	0	0	0	0	1	0	0	0	3	0	0	0	0	0	1	0	0	2	0	2	0	0	2	1	3	1	5	5	3	2	2	6	3	17	11	2	2	8	4	5	6	2	0	2	4	3	2	0	1	4	4	2	1	1	2	2	1	0	1	1	0	0	0	0	1	0	0	0	0	0	1	0	0	0	0	1	0	1	0	0	0	0	3	0	3	0	1	1	1	2	0	1	1
0	0	0	0	0	0	0	0	1	0	0	1	0	0	0	1	0	0	1	1	1	0	0	1	0	1	0	0	0	0	0	0	0	0	1	0	0	0	0	0	0	1	0	0	0	2	0	1	0	0	1	1	0	2	1	2	5	0	0	1	0	1	0	1	1	0	1	0	1	0	0	0	3	0	0	1	3	1	0	0	0	0	0	0	0	0	0	0	1	1	0	1	0	0	0	0	0	0	0	0	0	0	0	0	0	0	1	0	0	3	0	1	0	0	3	2	0	1	0	1	1	0	1	0	1	0	0	0	2	2	0	1	5	13	30	0	76	17	1	8	5	2	2	0	2	1	2	0	0	0	0	2	1	0	1	1	1	2	1	2	0	0	1	1	2	0	3	1	0	3	0	2	1	0	0	2	2	2	2	1	3	0	0	1	0	0	0	0	0	1	0	0	0	0	0	0	0	0	0	0	0	1	0	0	0	0	0	0	0	0	1	0	1	0	0	1	1	0	0	0	0	0	0	1	1	1	0	0	0	0	1	0	0	0	1	1	0	0	0	0	0	0	3	2	1	2	2	3	1	0	4	3	5	5	0	2	5	1	3	3	5	0	2	1	3	0	0	1	1	1	2	1	0	2	1	1	0	3	1	0	0	0	0	1	0	0	0	0	0	1	0	1	1	0	0	1	0	2	1	0	3	0	1	1	1	1	0	0	1	0	0	0
0	0	0	0	0	0	0	0	0	0	1	2	0	0	0	0	2	0	0	0	0	0	0	1	0	1	1	1	1	0	1	0	0	0	0	0	0	2	2	0	1	0	0	0	0	0	1	1	1	0	0	0	0	0	3	1	3	1	2	2	2	0	0	0	0	0	1	0	0	0	0	0	0	0	1	0	2	1	0	0	0	1	0	0	0	0	0	0	0	0	0	0	0	0	0	1	0	0	0	1	0	1	0	0	0	1	0	0	0	0	0	2	0	0	0	0	0	2	0	0	0	0	0	1	1	0	2	0	2	4	3	3	1	2	16	76	0	25	11	10	3	2	3	1	0	0	2	2	1	0	1	0	1	0	1	2	1	0	0	2	0	0	0	4	2	0	3	0	3	1	2	1	1	0	1	2	3	3	1	2	1	2	0	1	1	0	1	1	1	0	1	0	0	1	0	0	0	0	0	1	0	0	1	0	0	0	0	0	1	1	0	0	0	0	0	0	2	0	0	0	0	0	3	0	0	0	0	1	1	0	1	0	0	0	0	1	1	1	0	0	1	1	1	1	3	2	5	7	4	4	6	2	7	3	2	0	4	3	7	1	3	1	2	0	2	0	1	3	1	4	0	0	1	2	3	2	1	0	1	0	1	0	0	0	0	1	0	1	0	0	1	0	0	1	0	0	0	0	0	0	0	1	0	0	0	0	0	1	1	0	0	1
0	0	0	0	0	0	0	0	0	2	0	0	0	1	0	0	0	0	0	2	0	0	1	0	0	0	0	0	0	0	0	0	0	0	0	1	0	0	0	0	0	0	1	0	0	0	0	0	2	1	2	0	0	0	0	1	1	3	2	0	0	0	1	1	0	0	0	1	0	2	2	0	1	0	0	1	0	0	0	0	0	1	0	0	0	1	0	0	0	0	0	0	0	0	0	0	0	0	2	0	0	1	0	0	0	0	1	0	0	1	0	2	1	0	1	1	1	1	2	0	0	2	0	0	1	1	0	1	0	1	2	1	4	2	11	17	25	0	34	12	8	3	9	0	1	0	1	1	0	0	2	2	1	1	0	1	1	1	1	3	0	1	0	1	0	4	4	0	4	1	0	0	0	1	0	0	3	2	1	4	5	2	1	0	1	1	1	0	1	0	1	0	0	1	0	0	1	0	1	0	1	0	1	0	0	0	0	1	0	0	1	0	1	0	0	0	0	0	2	1	0	0	0	0	0	0	1	0	0	0	0	1	0	0	0	0	0	0	0	0	1	0	1	6	4	3	8	2	2	1	10	6	3	4	2	1	2	2	6	2	2	1	1	3	2	0	0	0	0	0	1	0	0	1	0	0	1	1	0	0	1	0	1	1	0	0	0	0	1	1	0	0	0	0	1	0	1	0	0	1	0	1	0	0	1	0	1	0	0	0	0	0
0	0	0	0	0	0	0	0	1	0	0	1	0	0	0	0	0	2	0	1	0	0	0	1	0	0	1	0	0	0	1	0	0	0	0	0	0	1	0	2	1	0	0	0	0	1	0	1	1	0	0	1	0	0	3	2	3	2	1	2	0	1	0	0	0	0	0	1	0	1	1	0	1	0	0	1	0	2	0	0	0	0	1	1	0	0	0	0	0	0	0	0	0	0	0	0	1	0	0	0	1	0	0	0	0	0	0	0	2	3	1	1	0	1	0	0	1	2	0	1	1	0	0	0	1	2	1	0	1	2	2	2	3	7	6	1	11	34	0	23	30	5	1	5	2	1	4	2	0	2	2	0	1	1	1	2	1	3	3	3	3	1	2	0	0	0	2	4	3	2	1	1	0	1	0	0	3	0	1	2	3	4	0	2	0	1	1	2	0	1	0	0	3	0	0	0	0	0	0	0	1	1	0	0	0	0	0	0	1	1	0	0	0	0	0	0	0	0	0	0	0	1	0	0	0	1	0	0	0	1	1	0	0	0	0	0	0	0	1	0	0	1	1	5	7	11	7	6	4	3	17	9	14	8	2	4	7	4	3	3	1	2	0	3	5	0	1	3	1	1	3	1	0	0	0	0	0	3	2	2	0	0	1	1	1	0	1	0	1	0	0	0	1	0	0	0	2	1	1	0	0	0	1	1	0	2	0	0	0	0	0	1
0	0	0	0	0	0	0	0	0	1	0	0	1	0	0	1	1	0	2	0	0	0	0	1	1	1	0	0	0	0	1	0	1	0	0	0	0	0	0	1	0	0	0	0	0	0	0	0	3	1	0	0	1	0	2	2	5	1	3	1	1	1	0	0	0	1	0	0	0	0	1	0	1	0	0	1	0	1	0	0	1	0	0	0	0	0	0	0	1	0	0	2	1	0	0	1	0	0	0	0	0	0	0	0	0	0	2	2	0	1	2	1	1	0	1	1	1	0	0	0	0	0	1	0	3	1	0	5	2	4	2	3	6	8	22	8	10	12	23	0	33	23	7	6	2	1	0	0	0	0	0	1	1	2	0	3	3	3	2	0	1	0	2	1	0	3	13	4	3	4	3	2	1	0	2	2	3	12	1	4	0	3	3	3	0	1	0	0	1	0	2	1	0	1	1	1	0	0	0	0	2	0	0	1	0	0	1	0	0	1	1	0	1	0	0	0	0	0	2	0	1	0	0	2	2	0	0	0	2	0	0	0	0	1	0	1	0	0	0	1	0	2	3	2	6	1	2	1	1	5	4	5	18	9	7	5	6	3	3	1	4	2	4	1	1	3	3	2	5	2	5	1	0	0	2	1	1	0	1	0	0	0	0	1	0	0	0	1	0	1	2	0	0	0	0	0	0	1	1	0	0	2	0	1	0	1	0	1	0	0	1	0
0	0	0	0	0	0	0	0	0	0	1	1	0	1	0	0	0	1	0	0	1	0	0	1	2	0	0	0	1	0	0	1	0	1	0	0	0	0	0	1	0	0	1	2	0	0	1	1	0	1	1	1	0	0	3	3	1	0	1	2	1	1	1	2	0	0	0	1	1	0	0	0	1	0	2	0	0	2	0	0	0	0	0	1	0	0	0	1	0	0	0	0	0	1	0	0	1	0	0	1	1	1	0	0	0	0	2	1	0	0	1	2	1	2	2	0	0	0	0	2	0	1	1	0	1	1	1	3	1	2	2	1	6	7	10	5	3	8	30	33	0	33	16	9	4	6	2	0	0	2	0	1	0	0	3	2	4	4	1	0	0	1	1	2	4	3	8	6	4	5	1	4	1	1	1	1	3	2	1	2	4	4	1	0	0	2	0	0	0	0	0	0	0	0	0	1	0	0	0	0	0	2	2	0	0	1	0	0	0	1	0	1	0	0	0	0	1	0	1	0	0	0	0	1	0	0	0	3	1	0	0	0	1	2	0	0	0	0	0	0	0	1	7	9	12	9	9	1	2	1	8	3	7	8	5	2	2	2	3	4	3	4	1	2	3	1	2	1	1	2	0	1	0	2	1	1	0	1	0	0	2	1	0	0	0	0	1	0	2	0	0	0	0	2	1	2	0	0	0	1	0	0	1	1	1	0	0	0	2	0	0	1
0	0	0	0	0	0	0	0	1	0	1	1	0	1	1	1	0	0	0	0	1	1	1	1	0	1	0	1	0	0	1	0	0	0	1	1	0	0	1	0	0	0	0	0	1	1	0	1	0	0	0	1	0	3	2	2	2	4	1	3	1	1	2	0	1	1	0	1	1	0	0	1	0	0	0	0	2	1	0	0	0	1	0	0	0	1	0	0	0	0	0	0	0	1	0	1	0	0	0	0	1	0	2	2	1	1	3	1	0	1	1	0	2	0	1	2	3	3	0	4	1	1	0	2	1	1	0	1	4	2	1	2	3	0	4	2	2	3	5	23	33	0	46	23	10	6	2	5	1	4	1	5	2	0	1	4	5	5	4	1	1	4	2	1	2	2	6	9	7	3	7	3	1	0	2	4	4	1	0	1	1	1	0	0	1	0	0	1	1	2	3	1	0	0	0	1	0	0	1	0	0	0	1	1	0	1	0	0	0	0	0	0	0	0	1	1	0	2	0	1	1	0	2	2	1	0	0	0	1	0	0	1	1	0	0	1	0	0	0	0	1	2	6	12	15	7	6	2	4	1	3	4	5	5	4	1	3	0	2	4	2	3	3	1	2	0	1	2	0	0	0	2	0	1	0	1	1	1	1	0	0	0	1	0	0	0	0	0	1	0	0	0	0	0	0	1	0	0	0	1	1	0	2	0	0	0	1	2	3	0	2	0
0	0	0	0	0	0	0	0	0	0	0	1	1	1	2	0	0	0	1	0	2	0	1	0	2	0	0	0	1	1	0	0	0	1	0	0	0	0	0	0	0	1	0	0	0	1	0	0	2	2	3	2	1	1	3	3	2	2	0	2	0	0	0	1	1	1	2	0	0	1	0	0	0	2	1	1	1	1	0	0	0	0	1	1	0	0	0	1	0	0	0	0	0	0	0	1	0	0	0	1	1	0	2	0	0	1	0	0	1	1	0	0	1	0	0	1	2	1	0	0	0	0	1	1	0	2	0	6	1	3	2	1	3	3	1	2	3	9	1	7	16	46	0	18	7	3	3	1	2	3	0	2	2	0	4	2	10	7	3	3	6	2	2	1	1	5	13	9	6	1	3	0	4	2	0	1	6	1	1	2	1	1	2	0	0	1	0	0	0	0	0	0	0	0	0	0	1	1	0	1	0	0	0	2	0	1	0	0	3	1	0	0	0	1	0	1	0	0	0	0	0	0	0	0	1	0	0	0	0	0	2	1	1	1	0	0	0	0	0	0	1	3	3	6	6	5	3	1	1	1	2	1	1	4	2	1	2	2	1	2	5	0	1	2	1	0	3	1	1	2	1	0	0	0	0	1	0	0	0	0	0	0	1	0	1	0	1	1	0	0	0	0	0	0	0	0	0	1	4	0	2	1	1	0	1	1	0	1	0	0	0	0
0	0	0	0	0	0	0	0	1	1	0	1	1	1	0	1	0	1	1	0	1	2	0	1	1	1	0	0	1	0	1	0	1	0	1	0	0	1	1	1	1	0	0	0	1	0	0	2	1	0	2	0	1	3	7	2	5	1	0	2	0	1	2	0	0	1	0	1	1	0	1	1	0	0	0	1	2	2	1	2	1	1	0	0	0	0	0	0	0	0	1	1	0	0	1	0	0	1	0	0	1	0	0	0	0	0	0	0	2	2	0	1	0	0	2	2	1	3	1	2	1	2	4	0	2	1	1	0	7	7	4	0	0	2	2	0	1	0	5	6	9	23	18	0	42	15	5	2	1	2	6	5	1	3	2	5	11	13	13	2	4	3	3	6	8	16	29	21	13	7	3	3	2	3	2	0	6	2	2	1	1	3	1	2	0	2	1	1	1	1	0	1	1	0	1	1	1	1	0	1	1	0	0	1	0	1	0	0	0	2	0	0	1	0	1	0	2	0	1	0	1	0	1	0	1	1	0	0	1	0	1	1	0	1	0	0	1	0	1	0	0	1	11	18	4	3	0	0	1	1	3	4	6	2	2	2	3	3	2	3	3	3	1	5	4	6	3	0	1	1	1	0	3	0	0	1	1	0	0	1	0	0	1	1	0	0	0	0	0	1	2	0	2	1	0	2	1	0	0	2	3	2	1	2	0	0	1	0	1	0	1	0
0	0	0	0	0	0	0	0	0	1	0	0	3	0	0	0	0	1	1	1	0	3	0	1	1	3	2	0	0	0	1	1	0	0	2	2	2	0	1	0	2	0	0	0	1	0	2	1	1	1	1	2	2	2	3	8	4	2	1	3	1	1	1	1	2	0	0	0	0	1	1	1	1	2	2	0	0	4	1	0	0	1	0	1	0	0	0	0	0	0	0	0	0	0	1	0	0	0	0	0	1	2	1	2	0	0	0	5	1	1	0	0	1	0	0	2	3	2	2	2	2	0	1	0	2	1	2	1	6	2	3	2	1	5	4	2	0	1	2	2	4	10	7	42	0	44	11	3	6	0	7	8	4	3	4	5	5	6	10	6	3	3	3	5	6	6	4	8	7	6	3	1	3	1	1	0	3	0	0	1	0	1	4	2	0	3	0	1	1	1	1	0	2	0	3	1	0	0	0	1	0	2	2	1	1	0	0	2	1	1	1	1	0	0	0	2	2	0	1	1	1	0	1	2	1	2	1	0	1	2	0	0	0	0	2	0	0	0	1	0	0	16	25	13	10	2	2	2	0	2	4	1	4	2	2	2	2	1	1	8	3	4	4	3	3	2	1	0	0	1	0	1	1	1	0	0	1	1	0	1	0	0	1	0	0	1	3	3	1	0	1	1	0	0	2	1	0	1	0	4	1	0	1	2	0	1	1	0	0	0	0	1
0	0	0	0	0	0	0	0	0	0	0	0	1	0	1	1	0	2	1	1	1	3	0	5	0	2	0	1	0	2	0	2	1	0	1	0	2	1	4	3	1	0	1	0	0	0	0	0	1	3	2	0	4	6	4	2	4	2	1	4	2	0	0	0	1	0	1	0	0	1	2	0	1	0	1	1	1	1	0	0	0	0	0	0	1	0	0	0	0	0	1	0	0	0	0	1	0	0	1	1	0	2	0	1	0	2	2	0	1	1	0	1	2	0	1	1	4	2	3	3	3	2	2	0	2	1	1	1	3	1	2	2	0	1	0	1	0	0	1	1	6	6	3	15	44	0	28	5	6	4	13	29	5	16	6	9	9	15	10	13	1	5	1	3	12	4	6	4	10	5	2	2	2	0	0	1	0	3	0	1	0	2	2	1	2	0	1	2	0	0	0	0	1	0	3	3	0	1	1	0	0	0	1	1	0	0	0	1	1	0	1	1	1	0	2	1	0	0	1	0	0	0	1	3	0	1	0	0	0	0	0	1	0	0	1	1	3	0	1	0	1	14	10	7	4	1	2	1	2	1	0	3	4	2	1	1	1	0	0	4	3	1	3	1	2	2	0	1	0	0	0	1	1	0	0	0	0	0	0	0	0	0	0	0	0	0	0	0	1	1	0	0	0	0	0	0	1	0	0	1	1	1	1	0	0	1	0	1	0	0	0	0
0	0	0	0	0	0	0	0	1	0	0	2	1	2	1	0	1	1	0	1	3	0	3	0	2	1	2	0	1	1	0	0	0	1	3	0	0	0	0	0	0	0	0	0	0	0	1	0	3	1	1	1	1	2	3	1	1	1	0	2	2	1	0	1	0	0	0	0	0	4	0	0	1	1	0	2	0	0	1	0	0	0	1	0	1	0	0	0	2	1	0	0	3	0	0	2	0	0	2	2	0	1	0	0	1	1	3	1	1	2	1	0	0	0	2	1	1	1	1	0	1	1	1	1	0	1	4	0	2	2	1	1	0	1	0	2	2	1	4	0	2	2	3	5	11	28	0	18	8	17	15	82	19	27	5	6	4	8	12	9	7	2	1	3	5	0	9	4	0	2	0	1	2	1	0	0	3	0	0	1	0	1	0	0	1	1	1	1	0	1	1	0	2	0	0	0	0	3	0	0	1	0	2	0	0	1	1	0	2	2	0	0	0	4	0	1	0	2	0	0	1	2	1	1	2	0	1	0	0	1	1	0	2	1	0	0	1	0	2	0	2	17	7	1	3	2	1	4	0	1	3	0	1	2	0	2	0	0	2	5	1	1	2	1	0	1	2	0	1	0	1	2	0	1	0	1	1	1	0	0	0	1	0	0	1	1	0	0	0	1	1	0	1	0	0	0	0	0	1	1	0	3	1	0	2	0	0	1	0	0	1	2
0	0	0	0	0	0	0	0	0	1	3	1	1	1	1	0	1	0	0	1	4	3	0	0	0	4	3	0	0	2	0	0	1	2	1	2	5	2	0	0	1	0	0	0	1	3	0	0	0	1	1	1	3	3	2	2	0	0	1	2	1	3	1	0	0	0	2	1	1	0	0	0	0	0	1	1	1	0	0	1	0	2	1	1	2	1	0	0	0	0	0	1	0	0	0	0	0	1	0	0	0	1	1	0	3	0	2	2	2	1	1	0	0	0	0	0	0	1	1	1	2	4	0	4	1	0	0	0	4	0	0	0	0	0	2	0	2	1	2	0	0	5	1	2	3	5	18	0	22	20	7	9	9	3	2	1	0	4	3	8	7	3	3	3	8	1	0	3	2	1	1	3	1	0	1	1	1	0	0	2	2	3	1	1	1	0	1	2	1	1	2	3	0	0	1	0	3	1	0	0	1	1	1	2	1	2	0	3	0	1	6	3	0	2	1	1	3	3	1	1	3	1	4	4	2	0	1	1	0	1	0	1	3	3	3	2	2	0	4	0	3	19	6	3	4	1	2	0	1	1	1	0	1	2	3	1	0	1	0	2	1	3	1	1	2	3	2	1	0	2	0	1	0	0	0	2	0	0	0	0	0	0	0	0	1	1	0	1	0	1	0	1	0	0	2	2	1	0	2	1	1	1	5	2	1	0	1	0	1	0	3	0
0	0	0	0	0	0	0	0	1	0	2	1	0	2	2	2	1	1	1	4	2	6	1	2	2	2	1	1	2	1	0	0	2	2	1	1	4	3	0	0	0	1	1	0	0	1	2	1	1	0	0	1	1	4	2	2	0	2	3	2	1	1	1	0	3	1	0	1	2	0	1	0	0	0	0	1	0	2	2	1	1	1	0	0	0	0	0	3	0	1	0	0	0	0	1	0	0	0	1	0	1	0	0	0	0	2	2	2	0	1	1	1	0	1	0	0	0	3	2	0	1	0	3	3	0	2	0	1	0	1	1	2	1	0	1	0	1	0	0	0	0	1	2	1	6	6	8	22	0	50	18	5	1	6	4	1	1	2	7	4	13	6	4	1	4	4	2	2	1	2	0	1	2	1	0	1	1	0	0	0	0	0	1	1	0	2	1	1	4	1	2	1	4	1	1	0	1	3	0	0	2	0	1	0	3	1	1	2	1	1	2	2	2	2	2	0	0	0	2	5	3	2	1	0	2	3	0	0	2	0	0	1	2	1	1	1	2	2	1	1	1	5	6	1	3	2	0	0	1	1	4	2	0	2	2	0	1	2	0	2	3	1	1	2	0	1	1	1	1	2	1	0	2	1	1	0	1	0	0	1	0	0	1	0	1	1	1	1	0	1	0	3	0	0	1	2	0	1	1	1	3	0	3	1	0	1	0	3	0	1	0	0
0	0	0	0	0	0	0	0	2	2	1	3	3	5	4	0	3	2	4	3	10	3	8	7	3	2	0	1	0	1	1	0	1	1	1	1	2	1	3	1	1	1	0	1	1	1	1	2	1	0	2	2	3	5	6	2	3	3	1	2	3	1	1	0	2	2	1	0	0	0	0	1	1	1	1	3	0	1	0	1	0	0	0	1	0	1	1	2	0	1	1	0	0	0	1	2	1	1	1	0	0	1	2	0	2	0	2	2	2	1	2	3	1	0	0	1	3	3	3	5	3	1	2	2	1	1	0	1	1	1	1	2	1	1	1	0	0	0	2	0	2	4	3	2	0	4	17	20	50	0	37	12	3	4	3	1	3	4	8	13	24	11	3	5	8	2	2	4	2	0	1	5	2	4	0	0	1	2	1	0	0	1	0	1	0	0	2	3	2	2	0	0	2	1	1	0	2	0	0	1	1	1	0	1	1	3	0	0	1	0	0	1	0	2	2	2	0	1	1	1	3	0	2	0	2	0	1	1	2	3	1	2	2	1	3	3	2	2	0	2	2	4	5	3	3	2	2	0	0	1	0	1	0	2	3	0	0	2	0	2	2	1	6	0	2	1	3	0	1	1	0	0	1	0	0	0	0	0	1	0	1	1	0	0	1	0	1	0	1	0	2	0	0	0	0	1	2	1	0	1	1	3	0	0	2	1	1	4	1	0	1	0
0	0	0	0	0	0	0	0	0	0	2	1	3	1	1	2	0	1	3	3	5	0	1	1	1	4	4	0	1	0	0	0	0	3	1	0	4	1	2	1	0	0	0	2	1	2	2	1	1	1	2	1	3	2	5	5	2	0	2	1	2	3	2	0	2	1	0	2	0	0	1	0	0	0	1	1	1	0	0	0	2	0	1	0	0	0	0	0	1	0	0	3	1	1	0	0	0	1	1	0	1	1	2	1	0	1	1	0	5	0	1	0	3	2	0	1	2	4	1	1	2	5	1	3	1	2	1	1	4	1	0	0	3	1	1	0	1	2	2	0	0	1	0	6	7	13	15	7	18	37	0	12	5	7	4	6	4	11	25	36	16	8	11	5	12	9	2	3	6	3	2	1	1	1	1	3	0	0	5	0	2	0	0	2	2	0	2	0	0	1	0	0	2	0	0	2	1	0	0	0	0	1	3	2	0	0	1	1	1	0	2	1	0	2	1	1	1	1	0	0	3	0	0	0	0	3	0	1	1	0	2	1	1	1	2	4	1	1	1	1	0	11	4	1	2	3	0	1	0	0	0	0	1	1	0	0	1	1	0	1	0	1	1	1	0	2	1	1	0	2	0	1	0	2	0	0	0	0	0	0	0	0	1	0	1	0	0	0	0	0	0	1	1	0	0	1	2	0	1	0	0	1	1	1	0	0	2	0	1	1	0	0
0	0	0	0	0	0	0	0	0	0	0	4	1	3	0	2	2	2	1	2	2	2	3	0	3	1	0	1	1	0	0	0	1	0	1	0	3	2	3	1	0	0	0	1	0	0	0	1	1	0	1	4	1	2	4	1	2	0	1	2	2	2	0	2	0	1	0	1	0	0	0	0	1	1	0	0	0	0	2	0	0	0	2	0	2	1	0	0	0	0	0	0	0	0	0	0	1	0	0	0	0	1	0	2	0	0	1	0	0	1	1	1	0	0	0	0	2	0	4	0	1	0	1	1	1	0	0	1	3	1	0	0	1	0	1	2	0	2	0	1	1	5	2	5	8	29	82	9	5	12	12	0	25	42	12	17	3	9	21	25	6	5	4	3	3	1	4	6	3	1	1	1	1	1	2	1	0	2	1	1	0	1	0	2	0	0	0	0	0	0	0	0	1	2	0	0	1	0	1	0	0	0	1	0	0	1	1	1	1	1	0	3	1	1	0	1	0	0	0	2	1	0	0	3	0	0	0	0	1	1	2	0	0	0	0	0	2	0	0	1	0	12	4	1	2	7	0	1	0	0	1	1	3	1	5	0	0	1	2	1	0	0	0	2	0	2	1	0	0	0	0	1	0	0	0	0	0	0	1	0	0	0	0	1	0	0	0	0	1	0	0	0	0	0	0	0	0	0	0	0	1	0	0	1	0	1	1	0	1	1	0	1
0	0	0	0	0	0	0	0	0	1	1	0	1	1	1	0	2	1	1	2	2	3	2	2	0	1	1	1	1	1	0	0	0	0	1	0	0	0	2	1	0	0	2	0	0	0	0	0	0	0	0	0	0	3	1	0	1	0	0	0	0	0	2	0	0	0	1	0	0	0	0	0	0	0	0	1	1	1	0	1	0	1	0	0	1	1	0	0	0	0	0	0	0	0	0	0	0	0	0	0	1	0	2	0	0	0	1	2	1	0	0	1	0	0	1	1	1	1	2	0	0	1	0	2	0	1	0	2	3	1	0	1	1	1	0	1	1	1	1	1	0	2	2	1	4	5	19	9	1	3	5	25	0	124	36	17	7	4	1	4	2	3	2	5	4	3	2	1	3	1	2	2	2	0	1	0	2	0	0	0	1	0	0	0	0	0	1	0	1	1	2	1	0	1	0	1	1	1	1	2	1	0	0	0	0	0	1	2	0	0	1	2	1	1	0	0	0	0	0	0	1	0	3	0	0	0	0	0	0	0	0	2	0	1	0	0	1	3	0	1	0	6	3	0	1	0	2	3	0	1	1	0	1	1	0	1	2	0	0	1	0	0	1	0	1	0	0	3	0	1	0	1	0	0	2	2	0	0	0	1	1	0	1	0	0	0	0	0	0	1	0	0	1	0	0	0	1	0	0	0	0	2	1	2	1	0	0	0	0	0	0	0
0	0	0	0	0	0	0	0	0	0	1	0	3	0	2	0	0	1	2	5	3	0	0	1	0	2	1	2	1	0	2	0	0	3	0	1	3	1	0	2	1	0	0	0	2	1	0	0	0	0	1	1	0	0	4	0	1	1	1	0	0	1	0	1	0	0	1	0	0	1	0	0	0	0	0	0	0	0	1	1	0	1	1	2	0	0	0	0	1	0	0	0	0	0	1	0	0	0	0	0	0	0	0	1	0	1	0	0	1	0	0	1	1	0	0	0	2	0	0	1	1	0	1	0	1	0	1	3	1	1	1	0	0	0	2	0	0	1	1	2	0	0	0	3	3	16	27	3	6	4	7	42	124	0	50	16	6	10	10	8	6	1	1	2	5	4	1	2	1	1	0	1	2	1	0	1	0	4	0	0	0	0	0	1	0	0	0	2	0	1	0	0	1	0	0	0	1	1	0	0	0	0	0	0	0	0	0	0	0	0	1	0	1	0	1	0	0	1	1	2	0	2	1	0	0	0	0	1	0	1	1	1	0	0	1	0	2	0	2	4	2	6	3	3	4	2	0	2	1	0	0	2	0	1	2	0	2	0	0	2	2	1	0	0	1	0	0	0	0	0	1	0	0	0	0	2	1	1	0	1	1	0	0	0	0	0	1	1	2	0	0	0	0	0	0	0	0	1	1	1	2	0	0	0	1	0	0	0	0	0	0	0
0	0	0	0	0	0	0	0	0	2	0	1	0	1	0	0	2	1	2	1	1	0	1	0	2	1	1	1	1	1	2	0	1	0	0	1	1	1	1	1	1	2	1	0	1	1	0	2	2	3	1	1	3	3	0	2	2	0	1	0	0	2	1	0	0	0	1	0	1	0	0	0	0	0	1	0	1	1	0	0	0	0	0	0	0	1	0	0	0	0	0	0	0	2	0	0	0	0	0	0	0	0	0	0	0	1	0	1	0	0	0	0	0	0	0	0	1	1	0	0	0	1	0	1	2	0	0	1	0	2	0	2	1	0	2	1	1	0	1	0	3	1	4	2	4	6	5	2	4	3	4	12	36	50	0	67	9	10	4	10	4	1	6	2	2	5	2	1	7	3	0	0	3	0	1	0	1	0	0	0	1	2	0	0	2	1	0	0	0	1	0	0	0	0	1	0	0	0	0	2	0	0	0	0	0	1	0	0	1	1	0	0	1	1	1	0	1	0	1	0	1	0	0	0	0	0	0	0	0	0	0	1	0	0	0	1	0	1	2	0	0	1	1	1	3	1	1	0	0	0	1	2	1	0	1	2	2	0	2	1	3	0	3	1	0	1	0	0	0	0	0	1	0	0	1	0	0	0	0	0	0	0	0	0	0	0	0	0	1	1	0	0	0	0	0	0	0	0	1	1	1	0	0	0	0	1	0	0	0	0	0	0
0	0	0	0	0	0	0	0	0	2	1	1	0	4	0	1	0	1	3	1	3	3	1	0	1	2	0	1	0	0	1	1	0	0	2	3	2	1	1	2	1	0	1	0	0	0	0	0	0	0	0	0	1	3	0	2	2	2	0	0	0	0	1	0	1	1	0	1	1	0	1	0	0	0	0	0	0	1	0	0	0	0	1	1	0	0	0	0	0	0	0	0	0	0	0	0	0	0	1	0	0	0	1	1	0	0	2	1	1	0	0	0	0	0	0	0	1	0	0	1	0	1	0	1	0	0	2	1	2	0	1	1	4	0	0	1	2	1	2	3	2	4	2	5	5	9	6	1	1	1	6	17	17	16	67	0	24	20	6	7	3	5	2	3	3	3	4	3	1	2	0	4	3	3	0	0	0	1	0	0	1	0	0	0	0	0	0	0	1	1	0	0	0	0	0	0	1	1	0	0	0	0	0	2	1	0	0	1	1	0	1	1	0	1	1	0	0	1	0	0	0	0	1	1	0	0	1	0	1	0	0	1	1	0	1	0	0	0	0	1	0	4	4	3	1	2	0	1	0	1	0	4	1	2	2	1	1	1	0	1	1	1	3	1	0	0	3	0	1	0	0	0	0	1	0	0	1	0	1	2	0	0	0	0	1	0	1	1	1	0	0	1	0	0	1	0	0	0	1	0	0	1	0	0	0	0	2	1	0	0	0	2
0	0	0	0	0	0	0	0	0	1	3	0	2	1	2	0	0	0	1	3	1	2	2	1	0	0	0	1	0	0	0	0	0	0	0	0	0	3	0	0	1	1	0	0	2	0	0	1	0	2	1	1	1	2	5	2	1	0	0	0	0	1	0	0	0	0	0	0	0	0	0	0	0	0	1	1	0	0	0	1	1	0	0	1	1	0	2	0	1	0	0	0	1	0	1	1	0	0	0	0	0	0	0	0	0	0	0	1	0	0	0	0	1	0	0	0	2	2	2	1	0	1	1	0	1	0	1	1	3	1	1	0	0	1	3	1	1	1	1	3	4	5	10	11	5	9	4	0	1	3	4	3	7	6	9	24	0	106	9	3	0	0	1	4	6	7	3	4	10	4	1	1	1	1	1	0	1	1	1	0	1	0	0	2	0	0	3	0	1	1	0	0	0	1	1	0	1	0	1	0	0	0	0	0	0	0	0	1	0	2	0	2	0	1	0	1	1	0	0	2	0	0	0	2	1	0	0	2	0	0	1	1	1	1	0	0	0	0	0	1	0	1	3	4	2	2	1	3	1	1	0	5	1	2	1	1	1	2	1	2	1	1	1	1	1	0	1	1	1	0	0	0	0	0	1	0	0	0	0	0	0	1	0	1	0	0	0	0	0	0	2	0	0	0	1	0	1	0	0	0	1	1	2	1	1	0	0	0	1	2	1	1
0	0	0	0	0	0	0	1	0	0	1	0	3	1	1	2	0	0	3	0	1	0	1	1	2	0	2	2	0	0	1	0	0	2	0	1	1	0	0	0	1	1	0	0	2	1	1	0	0	0	2	1	2	3	4	4	3	0	3	0	3	0	0	0	0	1	0	0	1	0	1	1	2	1	0	2	1	1	1	1	0	0	0	0	0	0	0	0	0	0	0	0	1	1	1	1	0	1	0	0	1	0	0	0	0	0	1	1	1	1	0	0	0	0	2	0	2	2	0	4	2	2	0	0	0	2	2	1	5	0	0	2	0	1	1	2	0	1	3	3	4	5	7	13	6	15	8	4	2	4	11	9	4	10	10	20	106	0	30	7	3	4	3	2	5	12	1	11	10	5	1	5	2	4	2	1	1	3	0	0	0	2	1	0	2	1	0	0	0	0	1	0	0	0	0	0	0	0	0	0	0	1	0	0	0	0	0	0	0	2	0	0	1	2	0	0	0	0	1	0	0	1	1	0	3	0	1	1	0	0	1	0	0	0	1	1	2	0	0	1	2	6	2	1	1	5	1	0	0	0	0	1	0	1	2	3	1	1	1	2	2	0	0	0	1	0	1	2	0	0	0	1	0	2	1	0	0	1	0	0	0	0	0	0	1	0	0	1	1	0	0	0	0	0	0	0	0	0	0	0	1	0	2	1	0	1	0	2	0	0	1	1
0	0	0	0	0	0	0	0	0	1	0	1	1	5	5	1	0	2	0	2	1	2	3	3	0	1	3	0	1	1	1	1	1	2	0	3	1	2	2	0	1	1	2	0	0	1	0	1	0	0	2	3	5	5	2	1	4	3	1	4	2	2	0	0	0	0	0	1	1	0	0	0	0	1	1	2	1	1	2	0	0	0	0	0	1	0	0	0	0	0	0	0	1	0	0	0	0	1	1	0	0	0	4	0	1	0	0	1	1	0	0	0	1	1	1	0	4	0	0	1	6	1	2	0	4	1	0	3	8	2	1	0	3	0	1	1	0	1	3	2	1	4	3	13	10	10	12	3	7	8	25	21	1	10	4	6	9	30	0	38	6	12	8	10	26	16	7	9	12	5	1	7	3	2	1	0	0	1	2	0	1	1	1	0	2	1	1	1	0	0	0	0	1	0	0	0	0	0	1	0	1	0	1	1	1	0	0	2	1	0	0	1	1	1	2	1	0	0	0	2	3	0	3	1	1	0	0	0	1	1	0	0	0	2	0	0	0	1	1	1	0	5	6	3	1	2	2	3	3	2	1	2	1	3	0	0	1	1	0	0	0	3	2	3	0	0	3	0	0	3	1	0	0	0	1	0	0	0	0	1	1	0	0	0	0	1	0	1	0	0	1	0	0	0	0	3	0	0	1	0	1	1	2	2	3	2	0	0	1	0	0	1
0	0	0	0	0	0	0	1	0	2	0	2	4	1	4	0	1	1	4	6	3	3	5	6	0	2	0	4	0	0	0	1	0	0	1	1	1	2	2	2	1	1	0	0	0	1	0	1	1	2	6	4	4	5	2	2	2	0	1	2	1	1	0	2	1	0	1	1	0	0	1	1	2	0	0	0	1	1	0	2	0	1	0	1	1	1	0	0	0	0	0	0	2	1	0	0	1	1	1	0	1	0	0	1	0	0	0	0	2	1	1	0	1	1	2	1	2	0	1	1	1	1	4	2	0	4	0	2	4	2	0	2	1	0	0	2	2	3	3	0	0	1	3	2	6	13	9	8	4	13	36	25	4	8	10	7	3	7	38	0	24	17	10	6	11	6	4	1	4	4	3	4	5	1	0	0	0	1	0	0	1	1	0	0	1	1	0	0	1	0	0	1	0	0	1	0	2	0	0	1	0	0	0	1	0	0	1	2	0	1	2	0	3	0	0	1	2	0	1	2	0	0	0	0	0	0	1	0	1	1	0	0	1	0	1	0	2	1	0	0	0	2	1	0	2	1	1	1	0	0	0	0	2	1	3	0	0	1	0	0	0	2	0	1	1	1	1	0	1	1	0	0	1	0	0	1	0	0	0	1	0	0	0	0	0	0	0	0	1	0	0	0	0	0	0	0	0	0	0	1	0	3	1	1	0	0	0	1	0	0	0	1
0	0	0	0	0	0	0	0	2	0	2	5	6	5	2	6	2	1	5	5	2	6	10	5	4	1	2	1	0	0	0	3	1	1	4	2	6	6	3	2	1	0	0	1	0	1	2	0	1	1	4	4	7	7	2	4	1	0	2	1	2	0	1	1	1	2	0	0	0	0	0	0	1	0	0	0	1	2	2	2	0	0	1	0	0	0	0	0	1	0	0	1	0	0	0	0	0	2	0	0	0	1	0	4	3	0	0	2	1	1	0	0	0	0	3	1	0	2	3	3	1	3	0	3	2	0	1	3	1	1	1	1	1	1	2	0	0	0	3	1	0	1	6	4	3	1	7	7	13	24	16	6	2	6	4	3	0	3	6	24	0	38	8	14	4	2	0	3	4	1	3	1	5	2	2	1	1	0	0	2	1	1	0	0	2	1	1	0	1	1	1	0	0	0	0	1	1	1	2	1	1	0	1	0	0	2	0	0	1	0	0	3	1	1	1	1	2	0	0	0	0	2	1	1	0	2	0	0	0	0	3	1	0	1	2	2	1	1	3	2	1	3	2	1	2	0	1	0	0	1	1	2	1	0	1	1	3	1	2	0	1	0	0	0	1	4	0	2	2	1	0	0	1	0	1	0	1	1	0	0	0	0	0	0	1	0	0	0	0	0	0	2	0	0	0	1	1	1	1	0	3	0	0	0	0	0	1	0	2	0	1	1
0	0	0	0	0	0	0	2	1	1	1	8	7	8	8	1	2	0	2	6	6	5	5	3	2	4	3	1	1	0	0	1	2	1	4	4	3	5	4	1	0	0	1	1	1	0	1	1	1	1	1	2	5	12	3	3	1	1	1	2	1	1	0	0	0	0	0	1	2	0	2	1	0	1	1	0	3	0	2	1	1	0	0	0	1	0	1	0	0	0	0	0	1	1	0	5	0	2	2	1	1	0	1	2	1	1	2	0	1	0	0	0	0	1	1	0	6	4	5	5	4	6	3	1	7	0	2	0	4	1	0	1	0	0	1	0	0	1	1	0	1	4	2	3	3	5	2	3	6	11	8	5	3	1	1	5	0	4	12	17	38	0	22	12	6	7	3	2	5	2	4	6	4	4	0	3	1	0	0	1	1	2	1	1	0	1	0	3	2	0	2	0	0	1	0	0	1	0	1	1	2	2	0	1	1	2	1	2	4	1	2	0	2	2	2	0	1	1	1	0	1	0	3	0	2	0	2	1	3	0	0	1	0	1	0	0	1	1	1	1	1	2	1	2	2	0	2	1	1	0	1	0	1	0	1	0	1	1	1	0	1	1	2	0	0	1	2	0	1	0	1	0	0	1	0	0	0	0	1	1	0	0	1	1	1	0	0	0	1	0	1	1	1	0	0	0	1	0	0	1	1	2	1	1	0	0	0	1	2	0	0	0
0	0	0	0	0	0	0	1	2	3	1	5	5	5	2	2	2	0	0	3	2	2	6	2	0	1	2	3	0	0	2	3	1	0	2	0	2	1	3	0	2	0	2	0	1	2	1	5	5	1	10	9	12	13	2	6	3	2	1	0	0	0	1	0	1	1	1	1	1	1	2	1	0	2	2	0	0	0	0	2	0	1	1	1	1	0	0	0	0	0	1	1	3	1	0	0	1	0	0	1	0	0	1	0	1	1	0	1	2	0	0	1	1	1	2	0	5	6	4	2	1	3	1	6	1	2	2	3	5	2	0	0	1	0	1	1	0	0	2	2	1	2	2	3	3	1	1	3	4	3	11	4	2	1	6	2	1	3	8	10	8	22	0	39	6	11	2	5	2	8	5	6	7	1	3	0	1	1	0	0	1	0	1	0	0	2	0	1	2	1	0	0	0	0	0	0	1	0	1	1	1	2	0	0	0	0	1	1	3	1	1	2	0	1	2	0	1	1	1	0	1	0	1	2	1	1	0	0	0	1	0	0	0	0	0	1	1	0	0	1	1	2	0	4	2	1	2	1	1	0	1	0	1	3	1	1	1	0	0	1	1	0	0	0	0	1	0	1	0	1	1	2	0	0	1	1	1	0	0	0	0	0	1	0	0	0	0	0	1	0	0	0	0	1	0	0	0	0	0	0	0	0	2	2	0	0	3	0	0	1	0	0
0	0	0	0	0	0	0	1	2	1	4	0	3	4	3	1	1	2	0	2	3	1	2	1	3	0	1	0	1	3	0	0	2	0	2	1	2	0	3	2	1	2	1	0	0	0	2	4	1	2	5	1	4	16	5	7	4	1	4	6	4	0	2	0	1	1	1	3	2	0	0	1	0	1	1	0	1	4	1	0	1	0	1	2	0	2	0	2	1	1	1	3	0	0	1	1	1	0	0	0	2	0	1	0	1	3	3	0	1	0	1	0	0	0	1	2	4	21	11	4	1	2	10	1	4	3	4	3	10	2	1	5	2	2	0	1	4	1	0	1	2	1	1	6	5	3	3	3	1	5	5	3	5	2	2	3	4	2	10	6	14	12	39	0	44	9	9	6	9	18	3	15	12	5	1	3	2	2	1	0	1	1	3	0	2	1	0	1	0	1	1	0	0	1	0	2	1	2	0	1	0	1	1	1	0	1	1	1	1	1	0	2	0	0	1	2	0	1	2	0	1	1	0	3	0	0	0	1	1	1	1	1	1	0	0	1	1	1	1	0	2	4	4	7	0	3	1	0	0	0	1	2	3	1	0	0	0	2	0	1	0	0	1	1	2	1	3	1	1	0	0	0	2	0	1	1	2	1	0	0	0	0	0	1	1	1	0	0	0	0	0	0	0	2	1	2	1	1	2	1	2	0	1	2	0	2	0	1	0	0	0	0
0	0	0	0	0	0	0	2	1	1	1	3	2	2	3	2	0	1	3	1	2	3	5	3	0	2	2	1	0	0	1	2	0	1	1	1	2	2	3	3	3	3	0	0	1	1	0	0	1	2	2	3	4	6	12	13	8	5	3	3	3	2	0	1	1	2	1	3	1	0	1	0	0	0	0	2	0	0	0	2	0	0	0	0	0	1	0	1	0	2	0	0	0	1	0	0	0	0	1	2	0	1	1	2	1	0	0	2	0	1	0	2	0	0	1	0	2	10	8	4	2	2	2	1	5	1	2	0	14	5	1	1	1	2	2	2	2	0	0	0	4	2	1	8	6	12	5	8	4	8	12	3	4	5	2	3	6	5	26	11	4	6	6	44	0	33	8	16	27	14	9	11	9	0	2	1	3	1	0	2	0	1	0	0	2	2	0	1	3	0	1	0	0	1	0	0	0	0	0	1	0	3	1	1	2	0	1	0	0	2	1	1	1	0	1	1	1	1	1	0	0	4	0	2	0	1	1	2	1	0	0	0	0	2	0	0	1	0	2	0	0	6	10	4	1	1	0	1	0	1	1	2	3	4	2	2	2	0	2	2	0	2	3	1	1	3	0	0	2	6	0	0	2	3	1	0	0	1	1	0	0	0	1	0	1	0	1	1	0	0	1	0	0	1	1	0	0	1	2	1	2	2	1	1	2	0	1	0	0	0	0	1
0	0	0	0	0	0	0	1	2	0	0	1	1	1	1	0	1	0	0	2	0	1	3	2	2	0	0	3	0	1	0	0	3	1	2	4	0	1	0	3	1	1	0	1	1	0	1	1	2	0	0	2	2	2	5	6	4	4	1	1	0	1	1	0	2	1	0	1	0	1	0	1	0	0	0	1	3	2	1	1	1	1	0	0	0	0	0	0	0	2	0	0	0	0	1	0	0	0	0	0	0	0	0	0	0	0	0	2	0	3	0	0	0	2	0	3	4	4	2	1	2	2	2	0	1	2	0	6	5	4	0	4	2	0	3	0	0	4	0	3	3	2	5	16	6	4	0	1	4	2	9	1	3	4	5	3	7	12	16	6	2	7	11	9	33	0	19	14	103	24	11	8	6	3	2	0	2	1	0	3	1	0	0	1	0	0	0	1	0	0	0	0	0	0	1	0	1	2	0	0	0	0	1	1	2	0	0	0	0	1	1	0	0	0	2	3	1	1	0	0	3	0	0	0	0	0	0	0	0	0	0	1	0	1	0	0	0	0	0	1	0	1	3	3	3	5	3	1	1	1	1	0	2	4	1	2	2	2	2	2	3	1	2	2	2	2	1	2	0	0	0	0	0	1	0	0	2	0	0	0	0	0	0	0	0	0	1	0	0	0	0	0	0	0	1	0	0	1	0	4	0	0	0	3	0	2	1	0	1	0	0	0
0	0	0	0	0	0	0	0	1	3	0	1	2	0	0	1	0	0	1	0	0	2	0	2	1	1	0	0	0	3	1	1	0	0	0	0	2	1	0	1	1	0	0	0	0	0	0	3	0	0	2	0	1	2	4	4	5	3	4	2	0	0	2	1	1	2	0	0	0	0	0	1	0	0	0	2	1	0	4	0	1	0	0	2	0	1	1	1	0	0	0	0	0	0	1	1	0	0	0	0	0	0	1	1	0	3	1	1	1	1	1	1	2	1	0	1	2	4	6	1	2	5	1	0	2	2	3	2	9	5	1	1	2	4	5	3	3	4	2	13	8	6	13	29	4	6	9	0	2	2	2	4	2	1	2	4	3	1	7	4	0	3	2	9	8	19	0	66	28	11	9	2	2	6	5	4	8	7	3	1	3	1	1	2	0	1	0	0	0	0	1	0	0	0	0	0	0	0	1	0	0	0	0	1	0	0	0	0	0	0	0	2	0	0	0	1	0	0	0	0	1	0	2	1	1	1	0	0	1	1	0	0	1	0	1	2	0	1	0	1	1	1	8	4	5	1	2	0	1	5	4	4	8	9	9	2	2	3	1	6	3	3	3	3	1	3	4	3	3	0	1	1	2	1	3	0	1	1	0	1	1	0	1	0	1	0	0	0	0	0	1	0	1	0	0	0	0	0	1	0	0	2	3	2	1	0	0	0	0	0	0	0
0	0	0	0	0	0	0	0	1	2	0	2	2	2	2	0	0	0	1	1	1	1	3	2	1	0	1	0	0	1	0	0	0	0	0	2	0	1	0	1	1	0	0	0	1	1	0	0	0	2	3	2	0	2	5	14	5	7	4	1	1	2	3	2	3	1	1	2	1	0	3	2	1	1	2	0	0	0	1	0	0	0	1	1	2	1	0	1	0	0	2	0	0	1	1	0	0	1	0	1	1	0	3	2	1	0	1	1	0	2	1	0	1	0	0	4	5	1	0	2	1	0	3	2	2	2	1	4	11	11	3	6	4	6	3	1	0	0	4	4	6	9	9	21	8	4	4	3	2	4	3	6	1	2	1	3	4	11	9	1	3	2	5	6	16	14	66	0	23	10	4	6	6	3	3	3	9	6	2	1	1	2	4	1	1	1	0	1	0	0	1	1	0	0	1	0	0	0	1	3	1	2	1	0	0	0	0	2	0	1	0	0	1	0	0	0	1	0	0	0	0	0	0	1	2	0	1	1	0	0	0	1	0	1	1	0	0	0	0	0	1	4	0	9	6	4	3	2	1	1	1	2	4	9	6	0	3	2	2	2	8	3	7	4	6	6	3	2	0	0	4	1	1	2	0	1	1	0	0	0	0	0	0	0	0	2	2	0	0	1	1	0	0	0	0	1	3	1	0	0	1	0	5	1	0	0	1	0	1	0	2	0
0	0	0	0	0	0	0	0	2	0	1	1	3	2	0	1	0	0	1	0	2	4	2	0	3	0	3	0	1	0	0	1	0	0	0	2	1	0	1	2	1	0	0	0	0	0	1	1	0	1	3	2	1	5	3	5	4	2	4	1	1	3	0	2	1	2	0	0	2	1	2	1	1	2	0	1	1	0	1	0	0	0	1	0	0	1	0	1	0	0	1	0	1	0	0	0	0	0	2	1	0	0	1	0	1	0	1	1	0	0	2	0	0	0	3	1	2	4	4	1	3	2	2	4	3	3	1	4	14	10	4	2	2	4	3	0	3	4	3	3	4	7	6	13	7	10	0	2	1	2	6	3	3	1	7	1	10	10	12	4	4	5	2	9	27	103	28	23	0	50	11	10	4	2	4	4	6	2	2	0	2	2	0	1	1	1	1	1	1	0	0	0	0	0	1	0	1	1	1	0	0	1	1	0	1	1	0	0	1	0	1	0	0	1	2	1	1	2	0	0	2	0	0	0	1	0	0	0	1	2	2	2	1	2	1	0	3	0	0	1	0	4	4	3	0	3	0	1	1	0	1	1	2	0	2	1	1	2	1	1	3	1	3	0	0	5	2	2	1	3	0	1	0	1	0	1	1	0	0	0	0	0	0	0	1	2	2	0	0	1	0	0	0	0	0	0	0	1	1	1	0	3	1	1	0	2	1	1	0	0	0	0
0	0	0	0	0	0	0	0	2	0	1	0	2	0	4	2	3	1	0	1	1	2	1	1	1	2	0	0	0	0	0	0	0	0	1	0	0	0	0	1	1	0	0	1	1	0	0	3	4	3	2	1	3	4	4	7	9	2	4	1	0	2	3	0	1	0	1	2	0	0	1	0	1	1	0	4	1	1	3	1	0	0	2	0	0	0	0	0	0	0	1	0	0	1	0	1	1	0	0	0	0	1	3	0	1	0	0	0	1	1	2	2	0	2	1	1	3	7	1	3	1	2	5	5	4	1	4	8	16	6	2	3	0	0	2	3	1	1	2	4	5	3	1	7	6	5	2	1	2	0	3	1	1	1	3	2	4	5	5	4	1	2	8	18	14	24	11	10	50	0	48	23	14	2	8	3	2	3	1	3	3	1	1	0	1	1	0	1	0	0	0	1	1	0	0	1	2	0	1	1	2	0	0	1	1	1	0	0	1	0	1	0	0	0	1	1	0	2	0	1	0	0	1	0	0	0	0	1	0	0	1	0	0	0	0	0	1	0	0	4	0	2	4	4	2	3	0	0	1	0	2	0	2	2	0	0	1	0	1	2	1	2	1	1	4	2	4	3	3	1	0	1	0	0	3	0	2	1	0	0	1	0	0	1	1	1	0	0	1	0	1	0	1	3	3	2	1	0	0	0	0	2	0	1	3	0	1	2	3	1	0	1
0	0	0	0	0	0	0	1	2	0	1	0	2	0	4	0	2	0	0	0	1	0	0	1	1	0	2	2	0	1	0	0	0	2	1	2	1	1	1	0	1	0	1	0	0	1	1	2	2	6	5	1	2	3	0	9	9	7	3	1	1	2	2	4	1	0	2	1	5	2	1	0	1	0	0	0	1	1	0	1	1	1	0	0	0	1	0	0	1	0	0	0	0	0	0	0	1	0	1	2	0	1	0	1	0	0	0	1	0	1	0	0	1	0	0	1	2	6	4	7	2	3	5	3	4	2	3	7	18	14	0	0	4	4	1	0	2	0	1	3	1	7	3	3	3	2	0	1	0	1	2	1	2	0	0	0	1	1	1	3	3	4	5	3	9	11	9	4	11	48	0	52	18	21	12	1	12	5	1	1	1	1	1	0	1	3	0	0	1	0	1	2	1	0	0	2	1	0	1	0	1	1	0	0	0	1	1	0	0	0	1	1	0	0	1	0	0	0	0	1	1	2	2	0	0	1	0	0	0	0	0	0	2	2	2	0	0	0	0	0	0	0	5	3	1	4	0	1	3	0	1	0	6	4	1	1	1	0	0	1	0	2	2	1	1	1	2	0	3	1	0	1	0	2	1	0	0	0	0	1	1	0	0	0	0	2	0	3	0	0	0	1	0	0	0	1	0	0	0	2	0	1	1	0	1	0	1	0	1	0	1	0
0	0	0	0	0	0	0	0	0	2	2	3	4	0	2	0	1	0	3	1	2	1	4	0	0	0	0	0	1	2	0	0	0	1	0	3	0	0	0	1	0	1	1	2	1	1	4	0	2	5	5	1	3	7	5	6	4	5	6	6	2	3	1	4	2	2	3	2	2	1	1	1	1	1	1	2	2	3	2	0	1	0	1	2	0	0	0	0	0	0	0	0	0	1	1	0	0	1	1	1	2	0	2	0	0	1	1	2	1	2	4	1	2	1	3	1	6	17	12	5	0	5	4	7	7	11	1	12	23	7	1	2	1	2	3	2	1	0	1	2	4	3	0	3	1	2	1	3	1	5	1	1	2	1	0	4	1	5	7	4	1	6	6	15	11	8	2	6	10	23	52	0	88	17	10	6	6	4	0	1	0	1	3	0	2	0	0	0	1	0	0	2	1	0	1	0	1	2	0	1	0	0	0	0	1	0	0	0	0	2	2	0	1	0	0	0	0	0	0	1	1	0	1	0	0	0	2	1	0	0	0	0	1	0	0	1	1	0	0	1	1	0	4	0	0	0	1	1	0	0	0	1	2	3	0	3	0	1	0	4	0	1	0	0	2	0	2	3	2	1	2	0	0	1	2	1	1	1	1	1	0	0	0	1	0	1	0	1	1	0	0	0	0	1	0	0	0	1	1	1	0	0	3	1	0	0	0	0	1	0	0	1
0	0	0	0	0	0	0	0	1	3	0	1	1	0	3	2	1	0	0	0	0	1	1	1	2	4	2	0	0	0	1	0	1	1	0	0	1	0	2	2	1	0	0	1	1	2	2	2	1	3	8	5	7	5	3	6	2	4	4	3	3	1	0	3	3	5	0	1	9	0	1	1	0	0	1	1	2	3	2	0	0	0	0	0	2	3	0	0	0	2	0	1	1	2	3	1	0	1	0	0	0	0	2	1	1	0	1	1	3	2	0	1	0	0	1	1	9	20	22	3	7	4	3	8	5	11	7	16	13	8	3	1	4	3	1	1	1	0	0	1	1	1	4	2	3	2	2	1	2	2	1	1	2	2	3	3	1	2	3	5	5	4	7	12	9	6	2	6	4	14	18	88	0	17	6	7	3	1	3	0	0	1	2	0	1	1	0	0	0	2	2	1	0	0	0	2	4	4	3	0	2	1	0	0	0	1	0	2	1	0	0	0	0	0	3	0	0	2	2	0	0	1	0	0	0	0	1	0	0	0	1	1	1	1	1	1	1	0	0	3	0	3	1	3	1	1	1	0	0	0	1	0	0	1	3	1	2	0	0	2	1	0	1	0	1	1	2	2	2	3	0	1	0	0	1	0	0	0	0	0	0	0	1	0	0	0	1	0	1	1	2	0	2	1	0	0	0	0	0	1	2	0	0	0	0	1	1	1	1	0	2	0
0	0	0	0	0	0	0	0	1	1	0	1	1	1	1	0	0	2	0	1	0	0	0	1	0	0	0	0	1	1	0	2	0	1	0	1	2	0	0	1	0	0	0	0	1	0	2	4	3	4	5	2	4	3	0	7	9	3	11	3	3	0	2	1	1	4	3	3	5	0	1	2	2	0	4	3	1	4	3	1	1	0	1	0	0	1	2	0	1	1	0	2	1	0	0	1	0	1	0	0	2	1	2	0	1	2	1	2	1	3	3	1	2	1	1	2	12	9	8	1	1	2	1	4	5	24	11	15	18	20	3	1	6	1	4	0	0	1	1	0	1	0	2	3	1	0	1	0	1	4	1	1	0	1	0	3	1	4	2	1	2	4	1	5	0	3	6	3	2	2	21	17	17	0	26	7	5	1	2	1	1	1	0	0	3	0	1	0	0	3	1	0	1	0	1	0	2	2	1	1	0	1	0	0	1	1	1	0	0	2	1	1	0	1	1	0	0	0	0	2	0	0	1	0	2	0	0	0	0	0	1	2	0	0	0	0	0	0	0	0	0	1	3	2	0	1	2	0	1	0	0	2	1	1	0	1	1	1	2	0	0	0	2	2	4	2	5	4	4	3	4	1	1	0	2	3	0	0	1	0	1	1	0	0	0	0	0	1	1	0	1	0	1	1	1	1	0	1	0	1	1	0	1	4	1	1	0	1	1	1	0	0
0	0	0	0	0	0	0	1	1	0	0	0	0	0	0	0	0	0	0	0	1	0	0	2	0	1	0	0	0	2	1	0	1	1	1	2	1	0	0	1	0	0	0	2	0	0	2	1	2	1	3	0	1	1	7	6	9	8	12	4	1	2	15	5	0	2	2	2	2	1	2	0	2	1	3	2	5	3	2	2	0	0	0	0	0	0	1	1	0	0	1	1	2	2	1	3	1	0	0	2	0	0	0	0	2	0	1	3	1	0	0	1	2	3	3	2	10	4	6	1	5	2	2	5	7	18	9	22	10	78	29	8	11	9	2	0	1	0	0	2	1	2	0	2	1	0	0	1	0	0	1	2	1	0	1	0	1	2	1	0	2	0	3	1	2	2	5	3	4	8	12	10	6	26	0	35	12	0	3	3	1	2	5	0	2	1	1	1	1	0	0	3	1	0	1	1	0	0	2	2	3	0	0	0	0	0	0	2	1	1	1	1	4	0	2	0	1	1	0	1	0	2	1	1	1	0	2	1	0	0	0	0	1	0	0	0	2	0	0	0	1	1	2	3	1	0	2	0	1	2	1	2	5	1	3	0	0	0	2	2	1	0	2	2	3	3	2	5	8	8	2	3	1	0	1	3	3	0	0	1	0	0	0	0	0	1	0	2	2	0	0	0	0	1	0	1	0	1	0	3	0	0	3	1	1	0	1	3	0	1	0	0
0	0	0	0	0	0	0	0	0	0	0	1	1	3	0	0	0	0	0	0	1	0	3	1	0	0	0	0	0	0	0	0	1	0	1	1	0	1	1	0	1	0	0	1	0	1	1	0	3	0	1	0	2	3	1	4	15	28	14	10	4	6	13	1	5	1	0	2	5	2	2	2	0	0	4	1	3	7	1	3	1	3	0	2	0	1	0	0	0	0	0	1	0	3	1	0	0	0	0	0	0	1	0	2	1	2	1	1	1	1	5	3	5	2	2	2	4	2	5	3	2	2	6	3	4	8	4	17	10	23	40	12	8	4	4	2	2	0	0	2	1	4	1	0	0	1	0	1	1	0	3	1	0	1	0	0	0	1	0	0	1	3	0	3	1	0	4	3	4	3	1	6	7	7	35	0	22	19	13	4	3	4	6	3	1	0	0	0	0	1	0	0	2	0	1	0	1	1	0	1	0	2	1	0	0	1	1	0	0	0	1	0	2	0	1	0	0	1	0	0	1	1	1	1	1	1	1	1	0	2	0	1	0	1	0	0	0	0	0	0	1	1	0	3	1	2	3	1	1	1	2	1	0	4	0	2	4	3	0	1	1	3	4	5	4	4	6	17	13	7	3	2	1	3	2	1	0	0	1	1	2	1	0	0	0	1	0	1	1	2	1	0	0	0	0	1	0	2	0	1	0	4	0	0	0	2	1	1	0	1	1	0
0	0	0	0	0	0	0	1	2	0	0	0	2	0	2	0	1	0	0	0	0	0	0	0	1	1	1	1	0	0	1	0	1	1	0	0	1	0	0	0	1	1	0	0	1	0	1	2	0	0	1	1	2	0	8	13	19	7	7	0	1	3	8	3	1	2	2	2	2	2	0	2	1	1	1	0	4	5	0	1	1	2	1	0	0	0	0	0	1	1	0	0	0	1	0	1	0	1	0	0	0	1	1	0	0	1	2	2	3	1	3	0	1	1	1	1	6	5	2	4	1	2	1	1	3	4	5	10	13	27	16	6	15	7	6	2	3	3	3	3	3	4	6	6	3	0	3	1	1	1	0	0	2	0	1	0	1	1	0	0	1	1	1	2	3	2	8	9	6	2	12	6	3	5	12	22	0	38	12	1	7	8	2	0	1	1	4	1	0	1	1	2	0	1	1	1	0	0	2	1	3	0	0	0	0	1	0	1	0	0	2	3	0	0	2	0	0	0	1	0	0	0	1	0	0	1	0	0	0	0	0	1	0	2	1	0	2	0	0	2	2	1	1	3	1	2	1	4	0	0	2	1	9	15	3	4	7	1	7	13	2	1	4	8	3	6	4	5	8	5	3	3	1	0	2	2	0	2	1	1	0	0	0	0	0	1	1	0	0	0	1	1	1	0	0	1	1	1	0	1	2	1	1	4	2	0	1	1	1	0	0	0
0	0	0	0	0	0	0	0	0	0	0	2	0	0	1	0	0	0	0	0	1	0	0	0	2	1	1	1	3	0	1	0	0	0	0	0	0	2	1	0	0	1	0	0	0	1	0	0	1	1	2	0	0	1	5	6	17	11	4	2	0	4	9	1	2	2	0	0	0	1	0	1	0	0	1	4	2	2	1	1	1	0	2	0	2	0	0	1	3	0	1	0	0	0	0	1	0	0	1	0	0	0	1	1	0	0	0	1	1	0	0	1	0	1	2	2	3	0	1	3	1	0	1	1	2	4	3	5	5	8	9	8	7	10	9	2	3	2	0	12	2	1	1	2	0	3	0	0	0	2	0	2	0	4	0	1	1	3	1	1	0	0	1	2	1	1	7	6	2	3	5	4	1	1	0	19	38	0	17	6	11	11	12	6	1	3	0	1	1	2	0	1	0	3	1	0	0	0	0	1	1	1	0	0	0	1	0	1	0	0	0	0	0	0	0	1	0	1	0	1	0	1	2	0	1	1	1	0	0	1	0	0	2	0	1	0	0	1	0	0	0	2	0	5	2	3	2	3	1	9	6	5	17	12	5	4	11	4	6	4	1	4	4	10	8	6	2	13	4	10	1	1	2	2	5	2	3	1	0	0	1	1	1	2	0	0	0	1	1	0	0	0	0	1	0	2	1	4	0	0	1	1	2	1	1	1	0	1	1	1	0	0
0	0	0	0	0	0	0	1	0	0	0	0	2	0	1	0	0	1	1	0	0	0	0	2	2	2	0	0	1	0	0	0	0	0	2	0	2	0	0	1	0	1	0	0	1	0	0	1	2	1	1	0	3	1	2	0	8	12	4	3	3	5	11	0	0	2	0	2	1	2	0	3	2	2	1	4	2	2	0	1	1	1	0	2	0	0	1	1	0	1	0	0	0	1	0	2	0	0	0	0	0	0	0	2	2	1	1	1	0	3	2	0	0	6	3	4	5	3	4	0	1	2	1	2	0	2	2	1	6	2	9	15	10	6	4	2	1	1	1	1	1	0	1	2	0	0	0	0	0	1	5	1	0	0	0	0	1	0	2	0	0	0	0	1	0	0	3	2	2	1	1	0	3	2	3	13	12	17	0	20	23	17	5	2	0	0	0	0	1	0	1	0	0	0	2	0	0	2	0	1	0	0	0	1	1	1	0	0	0	0	0	0	0	0	0	2	0	0	0	0	2	0	2	0	1	0	1	0	0	0	1	0	0	0	1	0	0	1	0	0	1	0	4	1	0	2	1	0	2	1	2	2	9	1	2	6	6	2	4	6	3	3	3	4	1	5	4	10	17	102	12	7	3	3	4	0	3	2	2	1	1	1	0	1	0	0	3	0	1	1	0	1	0	1	0	0	1	0	0	1	3	1	4	4	0	0	0	1	0	0	0	0
0	0	0	0	0	0	0	1	0	1	1	0	0	0	0	0	0	1	0	1	0	0	0	0	1	0	0	0	0	1	1	0	0	0	0	0	0	1	1	0	0	1	1	0	1	0	0	0	0	0	0	0	0	1	0	2	3	2	1	2	2	6	4	1	1	0	0	0	1	0	2	0	1	1	0	1	3	0	2	0	1	1	1	1	0	0	0	0	0	0	0	0	0	1	0	0	0	0	0	0	1	0	0	0	0	0	1	0	2	0	0	0	3	3	2	2	0	1	2	0	1	2	0	3	1	0	2	6	7	2	3	4	7	3	5	1	2	4	2	4	2	1	2	1	1	1	1	2	0	0	0	1	0	0	0	0	0	0	0	0	2	1	0	0	2	3	1	1	0	3	1	1	0	1	3	4	1	6	20	0	21	12	0	1	1	0	1	0	0	0	0	0	0	0	1	2	1	0	0	1	2	0	0	1	1	1	0	1	1	0	0	0	0	0	0	0	0	0	1	0	1	0	1	1	0	2	1	0	0	0	1	1	0	0	0	0	2	0	0	0	1	2	1	1	1	0	1	0	2	3	2	6	1	4	2	8	4	5	3	5	1	4	1	4	4	6	3	7	6	13	15	9	7	8	11	8	1	2	0	3	0	1	1	0	0	1	3	1	3	0	0	3	0	0	0	1	2	1	1	0	1	2	1	2	0	0	2	0	1	1	1	0
0	0	0	0	0	0	0	0	0	0	0	0	1	0	0	0	0	0	0	1	0	0	1	1	0	0	2	1	0	0	0	1	0	1	2	0	0	0	0	1	1	0	1	0	0	1	1	0	0	1	1	2	1	1	1	2	8	6	6	4	2	4	3	1	0	0	0	2	1	2	1	0	2	0	1	0	0	0	0	0	3	0	1	0	0	1	0	0	0	0	2	0	0	0	0	0	0	0	0	0	0	0	0	0	0	2	2	1	2	2	1	3	4	3	4	6	2	0	2	0	5	1	0	1	0	1	0	0	0	6	6	4	5	4	3	3	1	5	3	0	4	1	1	1	0	0	0	2	0	0	2	0	1	0	1	1	1	0	1	1	1	1	1	1	0	1	3	1	2	3	1	0	0	1	1	3	7	11	23	21	0	74	7	4	1	0	1	0	0	1	1	1	2	0	0	0	0	0	0	0	1	0	1	2	0	0	1	1	1	1	0	0	1	1	0	1	0	0	0	1	0	0	1	1	1	1	0	0	0	0	0	0	0	0	0	0	0	1	0	0	0	1	1	4	1	3	3	4	2	5	1	1	6	4	4	10	2	16	13	7	6	5	6	6	10	6	6	7	2	10	9	5	4	2	12	5	6	0	1	1	1	1	0	0	1	2	1	1	3	0	2	0	0	0	0	0	1	2	3	1	2	1	2	3	1	1	0	1	1	0	0	0
0	0	0	0	0	0	0	0	0	0	0	0	0	0	1	2	0	0	0	0	0	0	0	1	0	1	0	0	0	1	0	0	1	0	0	1	0	2	3	0	0	0	0	0	0	2	1	0	1	2	1	0	1	0	3	0	0	5	3	3	5	1	3	0	0	1	0	0	4	1	1	3	1	1	1	1	1	2	1	4	2	0	0	0	0	0	0	0	0	1	0	1	3	1	0	1	0	1	0	0	0	0	0	0	1	0	1	0	3	0	4	2	2	4	8	6	5	1	1	1	0	2	2	2	3	2	1	1	2	2	2	4	6	2	5	0	2	2	4	3	4	1	1	3	1	2	1	3	0	1	0	1	0	0	2	0	0	2	1	1	1	2	0	1	1	0	1	2	2	1	1	1	1	1	2	4	8	11	17	12	74	0	33	3	0	2	0	2	0	0	1	0	1	1	2	0	0	0	2	0	0	1	1	0	0	0	0	2	0	1	1	0	1	0	1	0	1	1	0	0	1	2	1	1	0	0	0	2	0	1	1	1	0	0	1	1	0	1	0	0	0	1	0	3	0	4	0	0	2	4	7	4	11	4	6	10	3	12	15	10	6	6	10	11	12	10	10	14	5	10	7	5	2	4	9	7	0	1	5	0	0	0	0	0	2	4	1	2	2	0	0	3	0	0	0	0	2	1	4	3	3	1	3	5	3	1	2	0	1	1	1	0
0	0	0	0	0	0	0	0	0	1	0	1	0	0	0	0	0	0	1	0	0	1	1	2	0	1	1	0	0	0	0	0	1	3	2	0	0	2	0	1	0	0	2	0	0	0	2	0	1	0	0	1	0	1	3	3	12	5	3	9	4	7	4	1	1	2	0	2	2	0	2	2	2	0	0	3	2	1	1	1	0	0	0	0	0	0	0	1	0	0	2	0	2	2	0	0	1	0	0	1	0	0	1	0	0	1	0	0	5	3	3	5	2	3	4	12	6	1	2	3	2	0	1	4	3	1	1	3	2	6	3	4	1	1	2	0	0	1	0	3	1	0	2	1	4	2	0	1	1	0	0	0	0	0	0	0	0	1	1	0	0	1	1	3	0	0	1	4	0	1	1	3	2	0	5	6	2	12	5	0	7	33	0	8	4	3	1	2	1	0	4	4	2	1	1	3	2	1	0	0	0	1	0	1	1	3	0	0	3	1	0	0	1	1	0	2	0	1	0	2	0	0	1	1	1	3	1	1	1	3	1	1	0	0	1	0	0	0	1	2	0	1	0	0	3	2	2	3	4	4	2	4	2	6	4	7	4	4	2	12	2	5	0	8	21	52	31	19	5	6	1	2	1	0	4	5	0	2	6	0	1	1	1	2	1	0	1	4	2	3	0	3	0	0	0	0	1	1	1	4	2	17	8	2	2	2	1	2	0	0	2	0
0	0	0	0	0	0	0	0	0	0	0	0	2	0	0	0	0	1	0	0	0	0	0	0	1	0	0	0	0	3	2	1	0	1	0	1	2	0	0	1	0	0	1	0	0	0	0	0	1	0	2	0	0	1	3	2	3	5	3	3	7	5	4	3	1	0	3	2	1	0	2	2	0	0	3	2	3	1	4	2	1	1	2	2	1	2	2	0	1	2	1	1	0	1	1	0	0	1	0	0	1	0	1	0	3	2	5	2	12	2	9	3	3	3	7	10	3	2	2	3	1	1	1	0	2	0	3	0	2	3	2	1	2	1	1	1	1	0	2	3	0	0	0	2	2	1	0	1	1	1	2	2	0	1	0	0	2	0	0	0	0	1	0	0	0	1	2	1	1	0	0	0	0	0	0	3	0	6	2	1	4	3	8	0	13	7	4	2	2	2	3	1	0	0	2	1	1	2	1	1	0	1	1	2	1	2	1	0	0	1	1	0	1	0	3	1	0	0	2	0	0	1	1	1	3	4	1	0	1	1	2	0	1	0	0	0	3	2	2	1	1	2	4	3	1	2	0	0	2	1	0	1	1	2	3	1	0	3	1	2	6	2	3	2	9	11	13	6	4	4	6	3	2	1	1	2	1	1	4	4	2	1	2	1	1	1	3	13	6	3	3	2	1	1	1	3	1	3	8	8	27	117	20	11	7	6	8	6	1	2	1	0
0	0	0	0	0	0	0	0	0	1	2	0	2	1	1	0	0	2	1	1	0	0	0	0	1	1	0	1	0	1	1	0	1	0	1	2	1	6	2	2	2	0	0	1	0	0	0	1	0	1	0	2	0	4	3	4	4	2	3	4	5	1	1	1	1	1	0	0	1	0	1	0	0	0	1	3	3	3	7	2	2	2	2	1	2	2	0	2	1	0	4	0	0	0	1	1	0	0	0	1	2	0	1	0	1	3	12	5	11	4	3	0	2	1	2	2	3	2	0	1	4	0	0	0	4	0	1	1	3	2	0	2	3	1	2	0	1	1	0	0	0	1	0	0	0	2	1	1	0	0	2	0	0	0	2	0	0	2	2	1	2	0	0	2	2	0	0	1	1	1	1	2	1	3	2	1	1	1	0	1	1	0	4	13	0	75	14	2	5	3	6	5	1	1	1	3	1	3	3	1	2	0	4	0	0	2	1	1	1	2	1	3	2	0	2	3	3	0	4	3	1	0	6	14	13	3	2	2	7	3	0	1	1	1	2	4	0	1	1	1	0	1	1	3	1	0	2	1	2	0	1	1	0	2	3	4	0	2	1	0	2	3	0	3	1	6	5	6	2	1	0	0	0	1	0	1	0	3	1	2	0	1	3	2	2	2	0	3	6	5	3	1	0	1	1	2	5	2	8	2	8	22	21	18	19	17	6	10	12	2	0	2
0	0	0	0	0	0	0	0	1	2	0	0	1	1	3	1	0	1	0	0	1	1	3	4	2	1	0	1	2	1	0	1	1	1	1	0	4	0	2	0	3	1	1	0	1	0	0	0	0	1	0	0	1	1	3	1	1	1	1	2	2	3	2	1	0	1	2	0	1	2	2	2	2	1	1	1	4	0	1	3	0	1	1	1	5	0	0	2	0	0	0	1	1	0	0	0	0	1	1	2	1	0	0	1	1	4	5	3	9	6	1	2	0	4	4	1	2	3	0	2	1	2	2	0	0	0	0	1	1	0	1	1	0	1	0	0	0	1	1	1	2	0	1	2	3	0	1	0	2	0	0	0	0	0	1	0	0	1	1	1	1	1	2	1	2	0	1	1	1	1	3	0	1	0	1	0	1	3	0	0	0	2	3	7	75	0	41	9	3	2	8	5	2	3	5	7	4	1	0	0	1	1	0	6	1	2	2	3	1	2	2	2	3	1	1	4	1	3	4	2	1	1	4	6	13	5	0	3	1	5	2	2	2	1	3	0	3	0	1	8	3	0	1	2	0	0	0	1	1	2	3	1	0	1	2	1	2	0	0	1	2	0	1	1	3	4	2	4	0	0	1	0	0	1	0	1	1	0	0	0	0	2	4	3	0	0	2	2	4	6	2	4	1	2	4	2	7	1	5	8	7	8	10	14	13	26	16	16	24	5	4	2
0	0	0	0	0	0	0	0	1	0	1	1	0	1	0	2	1	1	0	1	1	1	1	1	2	3	0	0	0	1	0	0	1	0	1	2	3	2	1	1	1	2	0	0	0	1	0	1	0	0	2	0	0	1	2	2	2	0	1	2	5	1	1	0	3	1	1	2	0	0	1	0	0	1	0	1	0	0	1	2	3	3	2	1	1	1	1	2	0	0	0	1	1	0	2	1	1	1	1	0	2	2	3	2	1	5	4	1	5	1	1	0	1	1	0	2	0	3	1	3	2	1	1	0	0	2	1	1	1	0	1	1	0	0	1	0	1	1	1	0	0	0	0	1	0	1	1	1	1	2	2	0	1	0	0	0	3	0	1	0	1	0	0	0	0	0	0	0	1	0	0	0	0	1	1	0	4	0	0	1	1	0	1	4	14	41	0	26	6	4	4	5	3	0	2	2	3	0	0	0	2	1	1	4	1	4	1	0	2	2	2	2	0	1	1	1	2	5	7	1	7	4	6	10	16	7	4	3	12	15	11	4	2	2	1	2	8	0	2	1	0	0	1	1	0	2	0	4	1	1	0	0	1	0	1	0	0	1	1	2	2	0	1	1	1	3	2	2	1	1	2	1	0	2	0	0	1	1	0	3	0	4	0	1	1	2	3	4	5	5	16	4	4	2	1	3	7	9	4	2	8	7	4	5	14	29	12	18	28	11	2	3
0	0	0	0	0	0	0	0	0	1	2	1	0	1	0	0	0	1	0	0	0	1	0	0	1	1	2	0	3	1	0	0	0	1	1	2	2	2	0	2	2	0	0	1	2	0	0	0	1	0	1	0	0	2	2	4	0	2	1	1	0	1	3	0	1	4	1	0	0	0	3	2	0	0	0	0	1	1	0	1	1	1	1	1	1	2	1	0	2	1	0	1	1	2	1	1	2	0	0	1	1	4	0	3	8	4	2	3	1	1	1	2	0	0	2	1	0	0	1	0	0	1	0	0	1	0	0	0	0	1	0	1	1	0	2	0	1	0	2	0	0	1	0	1	1	2	1	2	1	3	0	0	0	2	0	0	0	0	1	0	0	3	1	1	1	1	0	1	1	1	0	0	0	0	1	0	1	1	0	0	0	2	2	2	2	9	26	0	47	10	16	6	2	2	3	4	2	2	1	0	0	6	9	6	8	6	10	3	2	1	2	1	0	2	1	3	2	9	2	7	1	2	1	3	4	7	9	8	14	45	12	6	4	3	2	2	0	1	5	1	1	1	2	0	0	0	1	0	0	1	0	0	0	1	0	1	2	0	0	1	2	3	1	1	1	1	1	0	0	1	0	0	0	2	0	1	0	0	0	3	1	2	2	1	1	1	3	2	4	3	11	4	4	3	5	1	7	6	5	6	5	0	0	2	2	7	15	11	20	46	9	15
0	0	0	0	0	0	0	0	0	1	0	0	1	0	0	3	0	0	1	1	1	2	0	0	2	1	0	1	0	2	0	0	2	1	2	2	2	3	0	1	0	0	0	0	0	1	1	0	0	0	0	0	0	3	2	0	0	0	0	0	0	1	0	1	3	0	0	0	0	1	0	1	0	0	0	1	2	0	2	1	2	1	1	4	2	2	3	1	2	0	0	0	1	0	0	0	3	2	3	0	1	1	0	1	4	2	6	2	4	3	0	0	2	0	3	0	0	0	2	1	0	1	0	4	0	1	0	1	0	0	1	0	1	1	0	0	1	1	0	1	0	1	0	1	1	0	0	1	4	2	0	0	1	0	0	1	1	0	0	1	1	2	2	0	3	0	0	0	1	0	1	1	0	0	1	0	0	1	1	0	0	0	1	2	5	3	6	47	0	21	17	7	4	4	9	6	4	2	0	1	3	4	11	17	21	11	5	6	4	5	2	0	4	2	0	9	8	12	13	3	3	1	2	4	0	2	7	1	7	35	12	10	10	1	3	9	4	2	1	2	2	2	0	0	3	0	0	1	0	0	0	1	0	1	0	0	0	1	1	1	0	2	1	0	0	1	1	2	2	0	0	1	0	0	1	1	2	1	2	0	0	2	0	1	1	1	0	0	1	5	13	3	1	2	1	2	8	2	5	3	3	0	2	1	1	2	3	8	11	22	9	10
0	0	0	0	0	0	0	0	0	0	1	5	1	0	0	2	1	1	2	0	0	2	3	6	3	3	2	6	1	0	1	1	0	4	4	5	14	13	5	3	2	2	0	0	0	1	1	1	2	1	0	0	0	4	1	1	0	0	0	4	0	0	1	1	2	0	0	1	0	0	1	0	1	0	0	2	2	2	1	2	3	1	4	3	3	1	1	2	2	1	0	0	1	0	1	0	1	2	1	2	0	3	3	8	16	20	10	4	0	4	5	2	0	1	1	0	0	1	0	2	1	1	1	1	0	0	0	1	0	1	2	1	0	0	0	1	0	0	1	0	0	2	0	1	1	0	1	1	1	2	1	0	1	1	1	1	1	0	0	0	1	0	1	1	0	0	0	0	0	0	0	0	2	3	0	1	1	2	0	0	1	0	0	2	3	2	4	10	21	0	39	10	6	2	7	7	4	2	5	1	2	8	13	6	9	19	7	8	3	5	2	1	3	3	9	15	10	19	4	2	3	2	4	2	3	2	1	1	3	6	3	2	8	5	6	4	3	3	3	2	4	1	2	0	1	1	0	0	2	0	0	1	1	1	0	0	0	0	1	0	1	1	1	0	0	1	0	2	1	2	0	0	2	1	1	1	0	0	0	0	3	2	0	2	0	1	0	1	1	2	3	1	2	0	1	6	3	5	4	3	1	1	3	0	4	2	9	2	6	6	1	6
0	0	0	0	0	0	0	0	0	1	0	0	2	0	1	2	0	0	1	0	0	1	2	3	3	1	1	0	0	3	1	2	3	0	3	6	3	9	4	3	0	0	1	0	2	2	0	1	1	1	0	1	1	0	1	2	1	1	0	2	1	2	1	2	2	3	0	1	1	1	0	1	0	3	1	1	1	0	4	3	2	1	2	1	3	2	1	3	2	5	2	0	0	0	1	2	0	1	2	3	2	3	1	7	8	31	11	7	8	6	1	1	1	0	0	1	0	2	0	3	5	0	2	1	1	1	1	1	0	0	1	2	0	0	1	0	1	1	0	2	0	3	0	0	1	0	1	2	2	0	0	0	2	0	0	0	0	1	0	0	1	2	0	1	1	0	1	1	0	0	1	0	2	1	0	0	1	0	1	0	1	1	4	3	6	8	4	16	17	39	0	33	5	3	18	11	4	6	0	1	2	5	10	12	13	19	6	4	2	3	3	0	0	4	4	6	3	11	4	1	3	4	2	0	0	1	2	3	1	5	10	7	4	3	2	0	1	2	1	2	1	0	1	0	1	0	0	0	0	0	1	0	0	2	1	0	0	2	0	0	3	1	0	0	1	0	0	2	0	3	0	1	1	0	2	1	0	1	0	0	0	0	1	0	0	1	1	2	1	6	5	5	1	6	2	2	3	3	2	2	3	1	2	2	3	0	22	9	23	21	3	4
0	0	0	0	0	0	0	0	0	1	1	1	0	1	0	1	2	3	1	1	3	0	0	1	3	0	2	2	1	0	1	0	0	2	0	1	1	5	1	2	2	2	3	0	1	3	0	0	1	0	0	1	1	1	1	1	2	1	0	6	2	2	1	2	3	0	0	2	0	1	1	0	1	0	1	1	2	0	1	1	5	1	5	4	4	11	2	1	2	1	3	1	0	3	3	3	1	3	0	0	1	5	5	1	10	8	10	5	9	4	3	2	2	1	1	0	0	1	2	1	3	4	0	2	1	1	1	1	1	1	0	0	0	1	0	0	0	0	0	1	0	1	0	1	0	0	0	3	1	0	0	0	1	0	0	0	0	0	0	1	0	0	0	0	0	0	0	1	0	1	2	2	1	0	3	0	2	1	0	0	1	0	4	1	5	5	5	6	7	10	33	0	15	25	105	23	8	4	3	1	4	11	14	11	8	11	3	4	5	3	3	2	0	0	2	2	2	0	2	0	1	2	1	0	4	0	0	2	1	6	1	2	1	1	0	0	1	0	1	1	2	0	2	0	0	0	0	0	0	0	0	0	1	0	0	1	1	0	0	1	0	1	1	0	0	2	2	0	1	1	0	0	2	0	0	0	1	0	1	3	2	0	2	2	3	1	1	5	6	5	5	9	3	5	6	13	10	11	5	4	2	4	1	4	1	3	21	6	15	13	10	3
0	0	0	0	0	0	0	1	0	1	0	1	1	2	6	1	1	0	0	0	2	1	0	3	0	0	0	0	0	0	1	1	0	1	1	2	1	3	2	1	3	1	1	0	0	0	0	0	0	0	1	0	0	1	1	0	0	1	0	2	4	3	1	1	0	0	0	0	1	0	2	0	0	2	0	0	0	4	4	4	4	8	13	6	31	14	10	3	1	3	1	2	3	0	6	3	0	1	1	0	1	3	0	7	6	5	4	6	11	8	4	3	1	1	0	1	0	0	2	2	3	0	0	1	3	3	1	0	1	1	0	0	0	0	0	0	0	0	3	0	0	0	0	1	2	1	2	0	4	2	2	1	0	1	0	0	0	0	1	0	0	0	0	0	0	0	0	0	0	1	1	1	0	1	1	2	0	0	0	0	2	1	2	0	1	2	3	2	4	6	5	15	0	34	67	18	5	3	3	5	3	7	6	4	3	5	5	2	2	2	3	1	0	0	2	2	1	2	1	1	2	1	0	1	0	1	0	1	0	5	4	1	0	0	1	0	1	1	1	1	0	2	1	1	2	0	2	0	0	0	0	1	1	0	0	1	0	0	0	2	0	0	0	2	2	2	1	1	1	0	0	1	0	0	0	0	0	2	2	1	1	1	0	2	2	0	1	4	3	2	5	6	1	4	1	17	7	11	7	2	5	0	3	1	1	3	10	13	9	10	2	2
0	0	0	0	0	0	0	0	0	0	0	1	0	1	0	1	1	0	0	0	0	1	0	1	1	1	0	0	1	1	0	0	0	0	0	1	2	1	0	1	2	1	1	1	0	0	0	0	0	2	1	0	0	2	0	2	0	1	1	2	2	1	1	1	0	0	0	1	0	0	1	1	0	1	3	1	2	1	1	4	2	3	6	13	21	10	11	2	3	3	0	0	2	1	3	2	1	1	0	0	1	1	0	1	3	4	3	3	2	3	1	1	0	2	0	2	0	1	0	1	0	2	0	0	1	2	0	0	0	0	2	1	0	0	0	0	1	1	0	1	0	0	0	0	0	0	0	0	1	1	0	2	1	0	0	0	1	0	0	0	0	1	0	1	1	0	0	0	0	0	0	0	0	0	0	0	1	3	0	0	0	1	1	0	1	3	0	2	4	2	3	25	34	0	26	6	6	1	1	2	4	3	8	7	2	6	5	0	2	3	0	0	0	1	1	0	2	3	4	3	1	0	0	4	4	0	0	0	2	8	1	2	2	1	1	1	0	0	0	0	0	0	0	2	1	2	1	0	0	0	0	0	1	1	0	0	0	2	0	1	0	0	3	0	1	1	0	1	0	3	0	1	0	0	3	0	1	3	3	4	0	1	3	5	0	0	2	4	5	6	6	17	6	3	10	44	6	20	5	6	2	1	1	1	3	4	10	7	7	12	12	3
0	0	0	0	0	0	0	0	0	1	3	1	0	1	1	1	1	0	1	0	0	0	1	1	2	2	1	2	0	1	0	1	0	1	0	3	3	2	3	3	1	1	0	1	1	1	0	0	1	1	2	0	2	0	3	0	1	1	1	0	4	1	1	4	1	1	1	0	3	1	1	0	3	1	0	0	1	1	2	6	2	4	1	7	13	5	6	3	4	3	0	1	2	1	3	1	1	1	1	3	3	5	2	3	7	2	9	4	2	8	7	0	1	2	0	2	4	0	0	2	1	1	0	1	1	2	0	2	1	0	0	1	0	0	0	0	0	0	0	1	0	0	0	1	3	3	0	1	1	1	0	0	0	0	1	0	1	0	0	1	0	0	0	0	0	1	0	1	1	0	0	1	0	1	1	1	1	1	2	1	0	2	1	2	1	5	2	3	9	7	18	105	67	26	0	22	3	2	4	3	3	4	10	3	2	9	2	3	4	3	1	1	3	1	0	1	2	1	4	3	1	2	1	2	2	1	0	0	3	0	2	3	0	1	1	0	2	0	2	0	1	2	0	1	0	0	0	1	1	0	0	0	0	2	1	0	0	0	0	1	1	1	0	0	1	0	3	1	0	0	0	1	1	1	1	0	1	3	1	2	1	0	2	2	1	0	9	3	3	5	13	5	3	6	5	20	14	19	14	10	2	3	0	2	3	7	29	15	11	3	4	4
0	0	0	0	0	0	0	0	1	2	0	2	1	0	2	3	1	1	1	2	1	1	1	2	0	1	1	1	2	3	1	1	3	1	2	2	7	1	3	3	1	0	1	1	1	2	0	1	2	0	0	0	0	1	1	1	1	1	1	3	0	2	3	2	2	0	0	0	0	3	1	0	0	5	3	1	0	1	4	3	5	5	6	4	9	14	3	6	3	0	0	0	2	2	4	6	2	3	2	3	1	4	2	8	16	14	6	9	1	4	0	1	0	1	2	1	1	2	3	0	4	0	1	3	1	2	1	0	0	3	0	1	0	0	0	0	0	0	0	1	1	1	0	1	1	3	0	0	0	0	2	0	1	0	0	0	0	0	0	0	1	0	0	2	0	0	0	0	0	1	2	0	2	0	1	0	1	0	0	2	0	0	3	1	3	7	2	4	6	7	11	23	18	6	22	0	16	7	1	4	9	22	10	4	3	10	4	3	7	3	2	0	2	1	7	3	2	2	1	1	1	0	1	3	2	0	1	0	1	2	0	1	2	2	2	3	1	1	1	3	1	0	0	2	0	0	0	1	1	2	0	0	0	2	0	2	0	0	0	0	0	1	2	1	0	2	1	1	1	0	0	1	0	0	0	0	0	0	3	0	0	0	0	1	2	1	2	2	1	2	1	4	2	3	2	4	5	2	2	2	3	2	2	1	2	5	13	3	3	5	3	3
0	0	0	0	0	0	0	0	0	2	1	0	1	2	0	4	1	3	0	1	0	1	2	1	2	0	1	1	2	6	1	1	1	2	4	1	2	7	4	4	3	3	3	3	4	4	1	2	1	2	0	2	3	5	2	1	2	2	1	2	1	1	3	4	10	3	2	2	3	1	1	3	1	5	7	2	7	3	2	10	8	15	3	4	5	5	7	3	1	4	3	4	1	4	4	0	0	1	1	1	2	7	4	9	8	16	10	14	7	5	4	1	1	0	0	1	3	2	1	5	6	4	2	4	1	1	1	1	1	0	2	0	0	1	1	0	0	1	0	0	0	0	1	1	0	0	0	3	1	2	1	1	1	1	0	1	1	0	0	2	1	1	1	1	0	1	0	0	1	2	1	1	4	2	0	1	0	0	0	1	0	0	2	1	1	4	3	2	4	4	4	8	5	6	3	16	0	39	14	7	17	13	5	1	3	6	4	1	5	2	1	0	4	1	2	3	0	0	0	0	0	0	2	1	3	1	0	0	0	0	2	1	0	1	0	0	0	1	1	0	1	2	0	0	1	0	0	0	1	0	2	1	0	0	0	1	1	0	0	2	1	1	1	1	1	2	1	0	1	0	0	3	0	0	2	1	0	1	0	1	0	2	0	1	0	1	0	1	1	6	4	1	1	4	2	1	1	1	3	4	2	2	1	1	2	0	2	2	1	2	1	3
0	0	0	0	0	0	0	1	1	2	1	6	1	0	1	0	0	0	2	1	0	0	1	0	1	1	1	0	2	5	1	3	1	0	2	5	1	3	6	6	6	5	1	1	0	1	6	0	2	2	1	2	2	1	2	1	0	5	2	2	0	1	0	2	9	6	2	0	2	2	5	5	4	7	2	5	1	4	7	6	7	13	5	2	3	2	3	2	6	4	2	4	1	15	12	4	1	1	0	4	5	13	4	8	4	4	4	6	4	2	3	0	1	1	0	1	4	2	0	3	3	3	3	4	2	1	2	1	1	0	0	0	2	0	0	0	0	0	0	0	0	0	1	1	0	1	3	1	3	0	0	0	1	1	0	1	0	0	0	0	1	0	0	2	0	2	0	0	1	0	0	2	4	2	0	1	0	0	2	0	0	0	1	2	3	1	0	2	2	2	6	4	3	1	2	7	39	0	37	15	12	6	0	4	1	1	5	2	4	4	1	1	2	0	1	1	1	1	0	0	0	0	1	0	0	1	1	1	1	0	1	1	0	1	0	3	1	1	1	1	3	1	1	0	1	2	0	0	0	0	1	0	0	0	0	1	1	0	1	0	0	0	1	2	1	0	1	1	0	0	0	1	0	0	0	0	0	1	0	0	0	0	4	0	0	0	0	3	2	1	1	2	2	0	0	1	0	3	2	1	3	1	3	1	1	0	2	4	0	2	1	1
0	0	0	0	0	0	0	0	0	1	0	1	3	0	2	1	1	1	0	2	0	0	0	1	1	0	2	0	1	4	1	3	1	0	4	0	0	0	3	5	4	6	2	3	2	3	9	6	1	1	0	1	3	2	2	2	0	0	1	3	2	2	1	1	12	7	4	4	1	2	1	2	2	7	4	4	2	3	4	11	10	8	0	3	2	2	0	1	1	6	1	0	3	23	12	5	2	0	3	5	5	7	4	4	3	1	2	3	1	2	2	1	1	0	0	0	1	0	4	2	2	6	5	2	1	2	2	1	2	1	2	2	0	2	2	0	0	1	0	0	0	1	0	0	0	1	0	0	0	0	0	1	1	0	0	0	1	0	1	0	2	1	1	0	0	0	1	1	1	1	1	0	3	1	2	0	2	0	0	0	0	2	0	1	3	0	0	1	0	5	0	3	3	1	4	1	14	37	0	14	9	3	0	2	2	1	6	1	2	2	3	4	1	2	0	1	0	2	0	0	0	0	0	0	1	0	0	1	0	1	0	0	1	1	0	2	0	0	1	0	0	2	2	0	0	1	2	1	0	0	0	0	0	0	1	1	1	0	1	1	0	0	0	1	2	1	0	2	0	0	0	0	0	0	0	0	1	0	0	0	0	1	2	1	0	0	1	0	0	3	1	1	0	2	0	0	0	1	0	2	2	2	0	0	1	1	0	2	0	1	2	0
0	0	0	0	0	0	0	0	2	0	1	1	1	1	0	0	0	0	0	0	1	0	2	0	0	2	1	2	1	0	2	3	1	0	2	1	3	0	2	2	1	1	1	2	1	3	4	0	3	1	0	3	3	1	1	0	1	1	2	1	2	3	1	4	4	3	1	3	2	2	1	4	4	8	0	2	3	1	4	15	10	26	16	10	3	5	2	7	7	9	5	3	12	35	41	7	2	5	2	8	10	16	3	2	3	4	1	3	1	4	4	1	1	0	1	0	0	2	0	2	6	2	2	0	1	1	3	0	0	1	0	0	1	1	1	0	1	0	0	0	0	0	1	1	1	0	0	0	0	1	0	0	2	0	2	0	0	0	0	1	1	1	1	1	1	0	0	3	0	1	0	1	0	1	2	1	1	1	1	1	0	0	0	1	1	0	0	0	1	1	1	1	5	2	3	4	7	15	14	0	10	6	4	2	2	1	0	4	2	3	1	0	1	0	1	1	0	0	0	1	1	2	0	0	1	2	0	0	0	0	0	3	1	0	0	0	0	0	0	1	1	0	1	0	0	0	0	0	1	0	0	0	0	1	1	1	1	0	0	1	0	2	1	0	1	2	0	0	0	0	0	0	0	0	1	1	0	0	0	0	1	1	2	3	0	2	1	3	0	1	2	1	2	0	0	1	0	3	0	2	2	2	2	0	1	0	1	1	1	0	0	2
0	0	0	0	0	0	0	0	1	4	2	3	0	0	2	1	0	2	0	0	2	1	0	2	3	3	2	0	3	2	1	2	1	2	3	3	1	2	6	5	3	3	1	0	2	3	1	2	0	0	2	0	2	1	2	0	3	1	2	3	1	0	1	1	3	0	0	0	0	1	1	1	3	2	5	0	1	5	3	6	7	2	11	8	8	13	7	7	10	9	1	3	3	4	17	10	6	4	8	2	7	14	7	12	9	3	1	7	1	1	2	0	2	1	1	2	1	3	1	4	2	3	4	2	1	1	2	1	2	1	0	0	1	1	0	0	0	1	1	2	0	0	0	1	0	0	1	1	2	1	0	0	1	0	0	0	0	0	1	0	1	2	1	0	0	0	0	1	0	2	1	0	2	0	3	0	3	1	0	2	1	0	0	0	2	1	2	0	3	2	2	4	3	4	3	9	17	12	9	10	0	12	5	5	1	6	4	5	3	7	1	1	1	1	1	3	1	1	0	0	0	2	2	0	1	0	2	0	1	1	4	0	2	2	0	1	2	0	1	1	0	1	1	0	0	0	0	0	0	1	0	0	1	1	1	3	1	0	1	0	0	1	0	1	1	0	1	1	0	0	0	0	0	0	0	2	0	1	2	2	3	1	1	1	0	1	1	1	1	3	3	2	0	3	2	6	3	3	2	1	1	0	2	0	3	2	2	3	3	4	2	1
0	0	0	0	0	0	0	0	1	1	0	5	2	1	1	1	0	2	2	0	0	0	2	3	0	3	2	3	1	3	0	0	2	3	2	7	3	1	8	0	4	3	1	0	5	5	3	2	1	1	0	1	3	0	1	1	1	0	0	3	1	2	0	1	1	2	0	1	2	2	1	1	1	1	0	2	3	0	1	2	3	3	2	1	13	9	8	3	4	3	2	2	1	2	2	5	1	4	2	2	4	8	5	21	29	5	3	8	3	1	3	2	0	0	0	0	2	1	3	1	4	2	0	1	0	1	3	1	0	0	0	2	0	1	1	1	0	0	1	0	2	0	0	0	2	0	0	1	0	1	1	0	0	0	0	0	0	1	0	0	0	2	2	1	3	0	0	2	1	0	1	0	1	1	0	2	0	1	0	0	0	1	1	1	0	1	1	6	4	8	5	11	7	3	4	22	13	6	3	6	12	0	25	9	9	31	7	15	16	6	3	2	6	2	2	2	1	2	0	1	0	0	1	1	0	0	1	1	2	4	4	2	3	2	1	1	2	1	1	1	0	0	0	2	0	0	0	1	0	0	0	2	0	0	0	1	0	0	1	0	2	0	0	1	4	0	1	0	0	0	1	1	0	0	0	1	0	0	2	1	0	1	1	1	1	1	3	0	0	6	0	1	0	2	5	3	2	5	1	1	2	2	0	2	2	0	3	2	1	4	7	1
0	0	0	0	0	0	0	1	0	2	0	0	1	1	2	2	2	1	1	1	0	1	0	0	4	2	0	1	1	1	1	1	1	0	2	4	4	6	3	3	1	3	1	1	0	2	2	2	0	1	0	0	6	0	1	1	1	1	0	2	1	1	0	2	2	0	1	1	2	0	2	1	1	1	2	0	1	7	0	2	1	0	5	5	8	5	4	3	4	3	0	3	1	1	3	4	2	1	2	1	0	3	4	2	4	8	4	5	1	3	2	0	1	1	1	1	1	0	1	2	2	1	0	0	1	0	0	0	0	0	0	0	0	0	0	0	1	1	0	0	2	1	0	0	2	1	2	1	1	0	3	1	0	0	0	0	0	0	1	0	1	0	0	1	1	1	0	1	1	0	0	0	0	0	0	1	0	0	0	0	1	1	0	1	4	0	1	9	11	13	10	14	6	8	10	10	5	0	0	4	5	25	0	19	10	39	10	5	9	3	2	2	2	3	2	9	4	3	5	1	2	2	3	2	1	0	2	2	1	3	2	3	2	0	3	2	2	2	2	0	0	1	2	0	0	0	0	0	0	0	0	1	0	1	0	0	1	0	0	1	0	0	0	0	0	0	1	1	0	0	0	0	0	1	0	0	0	0	0	1	3	2	0	2	0	0	1	3	2	1	2	5	2	2	4	7	2	3	3	3	1	2	0	1	2	4	3	3	5	14	6	4
0	0	0	0	0	0	0	0	1	0	0	1	1	1	4	2	1	0	2	1	2	3	1	4	4	0	2	1	3	3	2	1	1	2	1	6	4	10	2	3	1	1	1	0	0	0	0	1	2	0	0	1	0	0	0	0	3	0	1	2	0	0	0	1	1	1	0	0	1	1	1	1	3	0	0	0	0	0	2	1	2	0	1	2	5	4	5	5	1	1	0	1	1	0	1	2	1	1	0	1	2	2	1	8	9	3	5	2	3	2	1	0	1	0	1	1	2	0	1	1	3	2	2	0	1	0	1	1	1	0	1	0	1	0	0	0	0	0	0	1	0	1	2	1	1	1	0	2	0	1	2	0	0	0	0	2	0	0	1	1	0	1	0	1	1	1	1	0	0	1	0	0	0	0	0	0	0	0	1	1	2	0	1	2	0	6	4	6	17	6	12	11	4	7	3	4	1	4	2	2	5	9	19	0	134	96	19	16	7	1	3	0	5	6	9	10	6	14	5	4	4	2	2	4	1	2	1	4	5	6	8	5	5	5	2	7	3	2	2	1	0	2	1	1	0	0	1	0	1	0	0	0	0	1	0	1	0	0	0	0	0	0	1	0	1	0	1	1	0	0	1	2	0	1	0	1	1	0	0	1	1	0	0	3	1	0	0	0	1	1	1	4	0	1	2	4	2	5	3	3	2	0	0	0	1	4	3	5	4	3	9	3
0	0	0	0	0	0	0	1	2	0	0	0	0	0	1	0	0	0	0	1	0	0	3	1	1	0	1	1	0	4	3	0	1	1	0	2	6	5	2	1	1	0	0	1	0	1	1	1	0	1	1	2	0	1	0	0	0	0	0	0	2	1	0	1	2	0	0	0	0	0	0	0	0	0	0	0	1	0	1	1	0	2	0	1	3	4	1	2	4	2	0	0	1	0	1	2	1	4	1	2	1	3	4	4	8	3	2	5	2	0	0	1	0	0	0	0	1	0	0	2	0	0	1	0	0	1	0	1	1	0	0	2	0	1	0	0	0	0	0	0	0	0	0	0	1	0	0	1	3	1	0	0	0	0	0	1	0	0	1	0	0	1	0	0	2	2	0	0	1	1	0	1	0	1	0	0	0	0	1	1	0	0	1	1	0	1	1	8	21	9	13	8	3	2	2	3	3	1	2	2	1	9	10	134	0	19	9	5	4	3	2	3	4	6	10	10	5	16	12	1	2	2	0	2	2	1	3	2	3	11	7	7	10	4	4	5	2	0	2	0	1	1	0	1	0	0	1	0	0	0	1	2	0	0	0	2	1	0	0	0	0	0	2	1	0	1	2	1	1	0	1	0	0	0	0	0	0	0	1	0	0	1	1	0	0	0	1	1	1	1	2	5	3	2	1	3	5	1	1	1	1	0	2	3	2	2	10	1	6	4	8	10
0	0	0	0	0	0	0	1	0	1	2	0	1	1	1	1	2	1	0	0	0	3	1	2	4	4	4	0	3	3	1	1	3	2	3	5	3	4	3	2	1	2	0	2	2	2	0	0	0	0	0	0	1	1	1	1	1	0	2	2	0	1	0	0	0	0	1	0	2	0	2	0	0	2	0	0	0	1	0	2	1	1	0	2	4	4	2	3	2	4	2	0	1	1	1	5	0	1	3	2	6	0	3	8	17	17	3	4	1	1	1	0	1	1	1	1	0	1	0	0	2	0	1	0	1	0	0	1	2	0	0	0	1	0	0	0	0	0	0	0	1	1	1	1	0	0	1	2	1	3	0	1	0	0	1	0	0	0	0	0	2	2	0	1	0	0	0	0	1	1	1	0	1	1	0	1	1	1	1	1	0	0	3	2	2	2	4	6	11	19	19	11	5	6	9	10	6	1	1	1	6	31	39	96	19	0	19	12	6	13	7	4	6	1	4	10	6	6	3	0	2	4	3	1	0	0	1	2	1	11	4	4	5	0	5	0	0	2	2	2	2	0	0	1	0	1	0	0	1	1	0	0	0	0	1	0	1	1	0	0	0	2	1	0	1	0	0	1	0	1	1	0	0	0	0	0	1	0	1	2	0	0	2	1	2	2	1	0	1	0	3	3	1	1	1	6	1	3	3	1	0	3	1	1	3	2	3	6	8	3	4	2
0	0	0	0	0	0	0	1	1	1	1	0	0	2	1	1	2	2	0	0	0	1	2	1	4	4	6	1	3	2	5	1	1	2	3	5	3	6	7	3	0	1	4	2	0	2	2	0	1	0	3	1	0	1	1	0	0	0	0	1	0	1	0	0	1	1	1	1	1	2	0	1	0	3	0	2	0	0	0	1	2	2	3	3	0	5	3	2	1	2	0	0	1	2	2	7	2	4	2	3	2	0	2	10	9	9	1	2	4	0	0	0	2	0	1	0	1	0	2	1	1	1	0	0	1	0	2	0	0	1	0	0	1	0	0	0	0	0	0	1	0	0	0	0	0	0	1	0	1	0	1	1	1	0	0	0	0	0	0	1	0	1	1	1	1	0	0	0	0	0	1	0	0	1	0	1	0	0	0	0	1	0	0	1	1	2	1	10	5	7	6	3	5	5	2	4	4	5	6	0	4	7	10	19	9	19	0	37	16	11	8	3	6	3	11	10	3	6	6	1	0	0	1	1	0	0	0	1	0	3	3	4	3	1	3	3	1	3	4	4	3	2	0	0	0	0	0	1	0	0	1	0	0	0	0	1	1	0	0	0	0	0	0	0	0	0	0	0	1	0	1	0	0	1	0	0	0	1	0	0	0	0	1	0	1	1	0	1	0	2	2	0	1	3	3	3	0	1	3	1	1	0	1	0	1	0	1	1	4	4	3	4
0	0	0	0	0	0	0	0	1	2	4	1	1	1	1	2	0	1	1	2	2	1	2	2	2	4	2	1	3	8	4	3	1	4	3	12	5	7	7	2	0	2	3	4	0	3	2	1	1	1	1	1	1	2	0	0	0	0	2	2	2	1	0	0	0	0	0	0	4	0	0	0	0	1	0	0	0	0	4	3	1	1	3	3	3	1	2	3	1	1	1	2	1	3	2	2	1	3	4	1	4	1	5	19	12	5	0	5	2	1	1	0	0	1	0	0	1	0	0	3	1	1	0	1	0	1	1	0	0	0	0	0	0	0	0	0	0	1	0	0	0	0	0	0	2	1	0	3	2	0	1	1	2	0	0	1	1	0	2	2	0	2	1	1	0	0	0	2	0	0	0	0	2	0	2	0	1	1	0	1	1	2	0	0	1	3	0	3	6	8	4	4	2	0	3	3	1	2	1	4	5	15	5	16	5	12	37	0	84	24	9	8	10	6	17	12	6	5	4	1	2	2	2	2	0	0	1	3	2	4	3	3	1	0	8	0	1	1	3	1	0	0	2	0	0	1	0	0	1	0	0	0	1	0	0	0	2	0	1	1	0	1	0	0	0	0	0	0	1	0	1	1	0	1	0	0	0	0	0	0	0	1	1	0	0	1	1	1	1	3	0	0	3	0	0	2	0	1	2	2	0	1	1	0	0	1	1	4	2	3	2	1
0	0	0	0	0	0	0	0	2	2	3	0	1	2	3	4	1	0	2	2	2	2	6	6	2	5	6	3	8	8	6	3	5	2	7	10	6	10	16	10	5	6	2	1	1	1	2	1	0	1	1	1	3	3	1	1	1	1	1	1	1	1	0	2	0	1	1	1	1	1	0	1	1	1	1	2	0	1	2	3	4	2	1	3	2	4	5	1	2	4	1	3	1	1	2	2	2	3	3	2	3	3	9	41	28	6	2	3	2	1	1	1	0	1	1	1	1	1	0	2	7	2	0	1	1	1	1	0	1	0	0	0	1	0	0	0	1	0	1	0	0	0	3	0	1	1	2	0	1	1	1	1	0	0	1	1	0	0	1	0	1	4	3	1	0	0	0	0	1	1	0	0	1	0	1	0	0	0	0	1	1	0	3	0	1	1	2	2	4	3	2	5	2	2	4	7	5	4	2	2	3	16	9	7	4	6	16	84	0	40	30	4	8	6	24	18	11	4	1	0	1	2	1	0	2	2	0	1	1	4	3	0	2	3	7	2	2	1	0	1	1	0	0	0	1	1	1	1	0	1	0	0	0	0	0	1	0	0	0	0	0	3	1	1	2	1	1	0	0	0	1	1	0	0	1	0	0	0	0	2	0	1	0	0	0	1	0	2	2	1	0	3	3	0	4	0	1	1	0	1	3	2	3	0	0	3	2	4	2	2	1	2
0	0	0	0	0	0	0	0	3	3	0	1	0	1	2	4	3	2	2	0	0	3	3	3	6	5	6	9	8	34	7	2	11	4	9	17	7	8	9	10	4	3	2	3	1	4	1	1	2	0	0	1	2	1	0	1	0	1	2	0	2	1	0	1	0	1	1	2	0	2	0	0	2	3	0	0	0	0	2	3	4	3	1	3	3	4	2	3	1	0	2	0	3	1	4	0	1	5	5	3	5	8	23	31	16	3	6	0	3	0	0	0	1	0	1	0	1	1	1	0	1	1	1	1	1	1	0	1	1	0	1	0	0	0	0	0	1	0	1	1	1	0	1	2	1	0	2	1	1	0	0	1	0	0	1	0	2	2	0	1	0	1	1	1	2	1	0	1	0	0	0	2	0	2	1	0	0	0	0	0	1	1	1	1	2	2	2	1	5	5	3	3	2	3	3	3	2	4	2	3	7	6	3	1	3	13	11	24	40	0	27	11	6	5	6	6	1	5	5	2	1	3	2	2	2	1	1	0	0	0	0	2	3	1	5	4	1	1	1	1	0	1	1	0	2	0	0	0	0	0	0	1	1	0	2	0	0	0	0	0	0	0	2	1	0	0	0	2	0	0	0	0	1	2	0	0	0	0	0	2	0	0	0	0	0	1	0	1	0	0	0	2	0	2	0	2	1	2	2	0	4	1	0	0	1	0	1	1	1	1	1	2
0	0	0	0	0	0	0	1	2	4	8	6	3	4	5	5	2	2	3	1	3	2	2	4	12	13	15	8	10	14	9	4	6	9	30	36	6	11	14	11	4	4	4	4	1	3	2	0	2	1	0	2	3	0	1	1	1	2	3	1	0	0	0	1	2	2	0	4	1	0	0	1	0	1	0	0	3	0	1	2	2	2	2	0	1	2	0	1	3	1	0	1	0	1	2	2	2	4	6	4	2	3	7	10	7	2	3	3	1	3	2	0	0	1	2	0	2	0	0	3	2	4	1	2	0	0	0	0	1	2	0	0	2	2	0	1	0	1	0	1	0	0	0	0	1	1	0	6	2	0	2	0	1	1	0	1	0	0	0	2	0	2	1	0	1	1	0	0	1	1	1	2	0	1	1	1	2	0	0	0	0	1	0	1	1	2	2	2	2	2	3	3	3	0	1	2	1	1	3	1	1	3	2	3	2	7	8	9	30	27	0	13	11	15	10	10	5	1	3	0	1	0	0	1	1	1	0	1	0	1	2	1	0	1	3	2	0	3	2	2	0	0	0	0	2	0	0	0	1	0	1	0	0	0	4	0	1	0	0	0	0	0	0	0	0	1	2	0	0	0	0	0	0	0	0	2	1	0	0	2	0	0	0	2	0	0	0	1	0	2	1	1	0	1	1	0	1	1	1	0	0	0	0	0	0	1	5	0	1	1	3	1
0	0	0	0	0	0	0	0	3	3	5	2	1	0	4	0	7	3	2	1	1	5	3	2	6	5	11	6	2	6	3	6	7	8	7	6	4	5	6	0	1	4	1	2	0	1	1	2	0	0	1	0	0	1	1	0	0	0	1	0	0	2	0	0	0	0	1	1	0	0	1	0	0	0	3	1	1	0	1	2	1	3	1	2	2	1	1	2	2	1	1	0	3	0	0	1	0	0	0	1	1	1	4	4	1	2	1	2	0	1	2	1	0	0	0	1	1	2	4	0	1	1	0	1	1	1	0	0	0	1	0	0	0	0	0	0	0	0	0	0	1	0	0	0	1	1	0	3	2	1	1	3	2	0	0	1	2	0	1	0	3	0	2	2	1	0	2	0	0	0	1	0	0	1	1	0	3	0	0	0	0	0	0	0	3	2	2	1	0	1	0	2	1	0	1	0	0	1	4	0	1	2	2	0	3	4	3	8	4	11	13	0	11	11	14	7	6	1	2	3	2	1	2	2	0	1	0	0	0	0	0	4	1	2	2	3	0	1	0	0	2	0	0	0	1	0	0	0	0	0	0	0	0	0	0	0	0	1	0	0	2	0	0	0	0	1	2	0	0	0	1	0	0	0	0	0	1	0	0	0	0	1	1	0	1	0	0	0	1	0	0	2	1	0	0	0	1	0	1	1	0	2	0	1	0	2	2	0	2	1	1	2
0	0	0	0	0	0	0	2	2	1	0	1	4	0	1	7	2	2	2	1	1	3	2	11	8	13	2	2	3	2	1	2	1	1	4	10	11	7	3	2	2	2	0	1	0	1	0	0	0	1	1	0	0	2	0	2	0	1	0	0	1	1	0	0	0	1	0	1	0	0	0	0	1	1	0	0	1	1	0	1	0	1	1	0	1	3	1	1	1	2	2	0	0	1	0	2	3	0	1	0	0	0	1	2	4	4	2	4	0	1	0	0	0	0	0	0	1	0	2	3	1	1	1	1	1	0	0	0	0	1	0	0	0	1	3	1	0	1	0	1	0	0	0	1	0	1	0	0	2	0	0	1	1	1	1	0	0	1	1	3	1	2	0	0	1	0	0	1	0	0	0	1	0	0	4	2	0	0	0	0	1	1	1	1	2	3	0	0	4	3	0	0	0	0	3	2	4	2	1	1	1	6	2	5	4	6	6	10	8	6	11	11	0	65	51	34	28	8	4	1	2	2	2	2	1	1	0	0	4	0	0	4	3	1	13	8	6	2	4	1	1	1	1	1	0	0	1	0	0	1	0	2	2	0	2	1	1	0	0	0	2	0	0	1	0	1	1	0	0	0	0	0	0	0	0	0	0	1	0	0	0	0	0	2	0	1	0	1	0	2	0	1	0	0	0	0	0	2	0	0	0	1	2	0	2	1	2	2	3	1	0	2
0	0	0	0	0	0	0	3	0	3	2	3	3	3	2	2	1	3	2	3	7	8	6	5	14	31	11	3	2	3	2	2	1	6	6	5	6	1	8	2	3	1	1	0	2	1	1	0	0	1	1	1	1	1	0	1	0	0	0	0	1	1	0	2	2	0	0	1	2	0	0	0	0	0	0	1	0	1	0	1	0	0	0	1	1	1	2	3	0	1	0	1	2	0	1	0	0	2	3	0	0	0	3	1	3	4	1	2	5	0	0	0	0	0	0	2	0	1	0	3	0	4	1	0	2	1	1	0	2	0	1	1	0	0	0	0	0	0	0	0	0	0	1	0	0	0	4	2	2	2	2	1	1	0	1	1	1	2	1	0	1	2	1	0	0	0	0	0	1	0	0	0	0	1	0	0	0	0	0	0	1	0	1	0	0	1	1	2	2	3	4	0	0	1	1	1	1	0	2	0	1	2	3	6	6	1	3	6	6	5	15	11	65	0	18	8	14	1	4	0	3	1	5	1	0	0	1	2	0	1	0	2	4	3	7	9	7	2	1	1	2	0	2	1	1	0	0	2	0	0	0	0	1	0	1	0	0	2	0	0	0	1	0	0	0	1	1	0	1	1	0	2	1	1	0	1	0	2	0	0	1	1	0	0	0	0	0	0	0	0	0	0	0	0	1	1	0	1	2	0	1	0	1	1	2	0	2	2	1	4	3	3
0	0	0	0	0	0	0	0	2	1	0	1	0	0	2	3	3	1	5	3	4	3	2	5	12	17	7	7	4	4	2	2	2	2	8	14	12	15	13	2	4	2	1	0	0	2	3	0	0	1	0	0	0	1	3	1	0	2	1	3	1	2	0	1	1	0	0	0	0	1	0	0	0	0	0	1	0	1	1	2	2	3	0	3	1	2	3	1	2	0	0	1	0	0	0	0	1	1	1	2	3	1	4	9	11	3	5	1	0	0	0	0	1	0	0	0	1	1	1	0	1	0	0	0	0	2	0	2	0	1	1	0	0	1	0	0	0	0	0	0	0	1	0	1	0	2	0	1	2	2	1	0	0	1	1	1	0	0	2	0	1	2	2	1	1	2	0	0	2	1	1	0	3	1	2	1	2	0	0	0	0	1	0	3	2	1	1	1	0	9	4	2	2	1	0	7	2	1	0	1	1	2	2	9	10	4	11	17	24	6	10	14	51	18	0	80	33	13	6	1	2	1	2	0	4	1	0	1	1	8	3	1	7	1	6	1	4	2	2	0	1	1	0	2	2	0	1	1	1	0	0	0	1	0	1	0	0	0	0	1	1	0	0	0	0	0	0	0	2	1	0	0	0	0	1	0	0	1	0	0	0	0	1	0	0	1	0	1	0	1	1	1	1	0	1	2	2	1	1	0	1	0	3	1	4	0	2	0	0	4	1	1
0	0	0	0	0	0	0	1	0	2	2	1	1	3	3	3	1	2	2	1	1	1	2	2	4	8	4	0	1	5	3	2	1	1	8	11	19	21	4	3	2	3	0	2	0	2	0	0	1	0	0	2	2	1	0	0	0	0	0	1	1	1	2	0	0	2	0	0	1	0	1	2	1	1	2	0	2	1	3	2	2	1	2	1	0	2	1	2	2	0	0	0	0	2	0	0	1	3	3	2	3	3	5	11	5	8	7	5	1	1	1	1	0	2	0	0	1	0	0	3	2	1	0	1	2	0	1	1	0	2	0	0	0	0	0	1	0	0	0	0	0	1	1	0	2	1	1	1	0	2	1	1	0	0	0	0	1	0	1	1	1	0	0	2	1	3	1	0	1	1	0	0	0	0	0	0	0	1	2	0	1	0	2	1	3	4	1	3	9	15	6	2	2	0	1	3	3	1	1	1	3	2	9	10	10	10	10	12	18	6	10	7	34	8	80	0	61	28	6	5	3	1	1	1	0	1	3	1	0	6	6	9	2	2	16	7	8	3	1	2	0	0	1	1	2	0	0	0	1	0	1	0	1	0	1	0	0	0	0	0	2	1	1	2	1	0	0	0	3	2	0	0	1	0	0	1	0	1	1	0	1	1	3	1	0	0	0	1	0	1	2	1	1	0	0	0	2	3	0	3	2	0	0	1	1	4	1	0	1	5	2	2
0	0	0	0	0	0	0	1	1	1	2	1	2	0	1	0	1	1	2	2	0	0	3	3	6	6	2	2	1	1	1	2	4	0	4	5	14	10	5	4	0	1	2	0	0	0	0	0	3	0	0	1	1	1	2	0	0	1	1	0	0	1	0	0	1	0	3	2	0	0	1	0	0	1	1	1	0	1	0	0	0	0	0	1	0	1	3	2	1	0	0	0	1	1	1	1	0	1	1	1	1	1	6	3	3	12	3	2	1	0	0	0	1	0	1	0	0	0	1	1	2	1	0	1	0	1	1	0	1	1	0	0	0	1	1	1	2	0	0	0	1	0	0	2	2	0	0	3	0	0	1	0	0	0	1	0	1	0	0	2	2	1	1	0	1	1	0	1	1	0	0	0	0	0	1	0	0	0	0	0	0	1	0	0	3	1	2	2	8	10	3	2	1	2	2	2	0	1	0	0	1	1	4	6	5	6	3	6	11	1	5	6	28	14	33	61	0	52	8	1	2	4	2	1	0	1	2	0	2	4	4	8	5	9	31	12	6	3	4	3	4	2	0	0	0	1	0	0	1	1	0	0	0	0	1	0	0	1	1	1	1	0	3	1	1	3	1	0	0	0	1	0	0	1	0	0	0	1	0	1	0	1	1	1	1	0	1	1	1	1	5	2	1	0	1	1	1	0	0	0	2	2	0	1	1	1	4	0	5	5	3	3
0	0	0	0	0	0	0	0	1	0	0	2	0	1	1	1	1	0	1	0	3	0	3	3	2	5	0	2	3	1	1	1	3	1	1	8	11	7	1	1	2	0	1	2	0	1	0	0	0	0	0	0	2	1	2	1	3	1	2	3	3	0	1	0	1	1	0	0	0	0	0	0	0	1	4	3	0	0	1	1	0	1	2	0	1	2	1	0	2	0	3	0	0	0	0	0	2	0	2	0	2	2	1	4	7	7	3	6	0	4	1	1	1	3	0	0	1	0	0	0	4	0	1	0	1	0	1	2	1	0	0	0	0	0	0	0	0	0	0	0	0	2	0	0	0	0	2	3	0	1	1	0	0	1	0	1	0	0	0	0	0	1	1	1	1	1	0	0	2	2	0	0	2	0	1	1	0	1	0	0	0	1	1	0	0	3	5	9	12	19	11	0	2	3	1	2	0	1	2	0	1	2	3	14	16	6	6	5	4	5	1	1	8	1	13	28	52	0	14	8	6	5	3	5	2	2	1	5	3	6	8	11	9	9	19	7	5	5	10	6	2	3	1	0	2	1	1	0	0	0	1	0	1	0	0	0	0	0	1	0	2	2	1	0	2	4	3	0	1	0	0	0	0	0	1	2	0	1	0	0	0	0	0	2	0	1	0	0	1	1	2	2	1	1	0	2	0	0	1	0	2	0	1	1	4	3	6	3	4	3	2	3
0	0	0	0	0	0	0	0	0	2	1	0	2	1	0	0	2	0	0	0	1	2	3	0	1	3	1	2	0	0	3	2	0	0	2	1	6	3	2	0	1	0	1	1	0	3	0	0	0	0	0	0	1	2	3	0	0	3	0	0	1	0	1	0	3	3	0	0	0	0	1	0	2	0	0	1	0	0	2	0	0	1	1	0	0	1	0	2	0	0	0	0	1	1	1	1	0	1	1	0	0	0	3	2	1	1	0	2	2	1	0	0	0	0	1	2	2	1	1	0	0	0	1	1	1	0	1	2	1	0	0	0	1	0	1	0	0	2	0	2	1	0	0	1	1	1	0	1	2	1	0	0	0	1	1	0	0	1	0	1	0	1	1	2	1	0	0	0	0	0	0	0	2	0	0	0	1	0	0	1	0	0	0	2	4	4	7	2	13	4	4	2	1	4	4	1	0	0	0	0	0	0	5	5	12	3	6	4	1	5	3	2	4	4	6	6	8	14	0	19	6	7	4	7	4	1	4	4	4	11	8	22	29	16	22	14	9	10	17	8	9	2	0	3	1	0	1	1	1	0	0	0	0	0	1	1	0	0	0	1	0	0	2	0	0	1	0	0	0	0	0	0	1	0	0	1	0	0	0	1	0	0	0	1	1	1	0	1	0	2	0	0	1	1	1	1	0	1	0	0	1	0	0	0	3	3	5	1	5	3	3	2
0	0	0	0	0	0	0	1	0	0	2	0	1	3	1	1	2	0	1	2	2	1	0	2	3	1	0	1	0	0	0	0	0	1	0	2	2	2	1	1	0	1	0	0	0	0	1	0	0	0	0	0	0	1	2	0	3	1	0	1	2	0	1	0	0	0	0	0	1	1	1	0	0	0	0	0	0	1	1	0	1	0	1	0	0	2	1	0	0	0	0	1	0	0	0	0	1	0	2	0	1	0	1	0	4	1	3	2	2	1	0	0	0	0	1	0	0	0	1	0	0	0	0	1	0	1	2	1	3	0	1	0	0	0	0	0	0	1	0	0	0	1	0	0	1	0	0	1	5	1	0	2	0	2	0	0	2	0	2	2	0	0	0	0	0	0	0	0	0	1	1	1	0	2	1	0	0	1	0	0	1	0	2	0	3	2	1	7	3	2	1	0	1	3	3	1	0	0	0	1	0	1	1	4	1	0	1	1	0	2	0	3	1	0	1	5	1	8	19	0	55	20	8	6	5	6	8	8	8	7	5	9	10	7	5	5	10	9	23	7	8	1	1	0	1	0	2	1	0	0	0	2	0	0	1	2	2	0	0	1	2	2	0	1	0	0	0	3	0	0	1	0	0	0	0	0	0	1	0	0	0	1	0	0	0	1	1	1	0	0	1	0	2	0	3	0	0	2	0	0	0	2	3	1	0	2	2	4	4	2	1	1
0	0	0	0	0	0	0	0	2	1	0	0	0	0	1	0	0	0	1	1	1	2	1	2	1	2	0	1	2	0	0	0	1	0	2	0	3	1	0	0	0	0	2	0	1	1	0	1	0	0	0	1	2	0	2	0	0	0	0	1	1	1	0	0	1	0	0	0	0	1	0	0	1	0	0	1	0	0	1	0	1	1	0	0	1	0	1	1	0	0	0	2	0	0	0	0	0	1	0	1	1	0	0	1	1	2	2	2	2	0	1	2	0	0	0	0	1	1	1	1	1	0	1	0	0	0	0	1	1	0	0	0	0	0	0	0	0	0	0	1	0	1	0	1	1	0	1	3	3	3	3	1	1	0	1	0	0	0	3	0	0	1	1	1	0	3	1	0	2	0	1	1	0	0	0	1	0	0	2	1	0	1	0	0	1	1	7	1	3	3	3	1	2	1	1	1	0	0	0	1	0	0	2	4	2	2	0	2	1	1	1	2	2	3	2	3	2	6	6	55	0	154	13	13	4	4	4	4	4	3	6	3	3	1	2	4	6	14	15	14	7	1	0	1	2	1	0	0	0	1	1	0	1	1	0	0	1	2	1	4	0	1	0	0	0	2	1	1	0	1	0	0	0	1	0	0	0	0	1	1	1	0	0	1	1	0	0	0	0	1	0	1	2	0	0	1	0	0	1	0	2	2	2	6	3	0	0	2	3	2	1	3
0	0	0	0	0	0	0	0	0	2	0	2	0	1	0	0	1	3	0	0	0	1	3	0	1	0	1	1	0	0	3	0	0	1	1	1	1	0	0	0	0	1	0	0	0	1	1	0	1	1	0	0	1	0	1	1	1	0	1	3	0	1	0	1	2	0	0	0	0	0	0	0	0	0	0	0	0	1	1	0	0	0	1	1	1	1	0	0	1	0	1	1	1	0	0	0	1	0	1	0	1	0	0	1	1	2	0	2	1	1	1	2	1	0	0	0	1	2	0	1	0	0	0	1	1	0	0	0	1	1	2	1	0	1	0	0	0	0	1	0	0	0	0	0	0	0	2	1	2	0	0	0	0	2	0	0	0	1	0	0	2	0	0	1	4	0	0	0	0	0	2	0	1	0	2	1	0	1	0	0	0	2	0	1	0	1	4	2	1	2	4	2	1	0	2	0	0	0	0	2	2	0	2	2	2	4	0	2	2	3	0	1	2	1	1	1	4	5	7	20	154	0	10	15	1	5	4	3	2	6	7	5	3	3	3	2	5	15	16	12	5	1	2	2	0	0	0	1	1	2	0	0	0	1	0	0	0	0	2	1	3	4	1	1	2	0	1	2	2	2	0	0	0	0	0	1	0	0	2	1	0	1	0	0	0	1	0	1	0	1	4	0	0	1	1	0	4	0	0	1	2	0	1	2	2	2	1	1	1	4	0	0
0	0	0	0	0	0	0	2	0	0	0	1	1	0	1	0	0	1	1	2	1	2	1	0	3	2	0	0	0	0	1	1	0	1	1	1	1	1	1	0	0	0	0	0	1	1	0	0	0	1	0	1	0	3	0	4	1	0	1	0	0	0	1	0	2	0	0	0	1	0	0	1	0	0	2	0	0	0	1	1	0	1	0	1	2	1	1	1	0	1	1	1	0	0	0	0	0	0	1	1	0	1	2	0	1	0	2	2	2	0	0	0	0	0	0	1	2	2	0	0	1	0	0	0	0	0	0	1	0	2	0	1	0	0	0	0	3	0	0	0	0	2	0	1	1	1	1	4	1	2	0	0	3	1	0	1	0	1	3	0	1	3	1	0	0	0	2	0	0	1	2	1	0	1	1	1	1	2	2	1	1	1	1	1	6	4	6	1	2	4	2	1	0	0	1	1	2	1	0	0	2	1	3	2	0	3	1	2	1	2	0	2	2	5	2	1	2	3	4	8	13	10	0	46	5	8	4	1	1	3	0	0	3	2	2	5	4	4	6	3	2	3	3	0	3	1	1	1	3	0	3	0	0	2	1	0	1	2	0	3	3	7	1	1	1	1	0	1	0	0	1	0	0	0	0	1	1	0	3	1	0	1	0	1	1	1	0	0	0	2	1	1	0	1	0	1	2	4	2	2	3	2	5	6	5	2	0	1	4	4	0	2
0	0	0	0	0	0	0	0	0	0	1	0	3	1	1	0	1	0	2	1	1	0	1	0	0	1	0	0	0	0	0	0	0	1	0	1	1	3	0	2	1	1	3	1	1	0	1	0	0	0	0	0	2	0	0	1	3	2	0	0	2	1	1	1	0	1	0	2	1	1	0	0	0	0	2	1	0	1	2	2	0	2	0	0	1	3	2	1	0	1	1	0	0	0	3	0	0	1	0	0	0	0	1	3	2	2	2	0	3	2	1	1	1	0	0	2	3	2	0	0	3	1	1	3	2	0	2	0	0	1	0	0	2	0	1	1	0	0	0	2	1	2	0	0	2	3	1	4	0	0	0	3	0	0	0	1	2	0	1	0	1	0	2	3	2	0	1	1	0	0	0	0	0	0	1	1	0	0	0	1	1	1	1	1	14	6	10	3	4	2	0	0	1	4	2	3	1	0	0	0	0	1	2	4	2	1	1	2	0	2	1	2	2	1	0	1	1	5	7	6	13	15	46	0	15	9	5	5	4	4	4	1	2	3	5	2	4	2	5	2	5	1	1	1	3	0	1	0	1	2	0	2	3	0	1	2	1	1	0	1	1	1	2	2	0	4	3	1	0	2	1	0	0	0	0	0	2	0	1	0	1	1	2	0	0	1	1	5	0	1	2	2	1	8	1	2	3	0	0	2	3	3	5	6	11	8	7	3	5	7	0	3
0	0	0	0	0	0	0	0	1	0	1	0	1	3	1	1	0	1	0	0	0	0	1	1	0	0	1	0	0	0	1	0	0	0	0	1	3	2	1	2	1	0	0	0	0	1	0	1	0	0	1	0	2	2	0	0	0	3	2	1	1	1	1	0	2	0	1	0	0	0	0	0	3	0	0	1	0	0	3	2	0	0	0	1	0	2	1	0	0	1	0	0	1	0	2	1	1	1	0	0	0	0	1	0	4	1	2	0	4	1	1	1	1	1	0	1	0	0	2	0	0	0	1	0	1	0	0	0	0	0	0	0	0	0	0	1	0	0	0	2	0	1	1	1	1	0	2	2	2	2	0	0	0	0	0	0	1	3	1	0	0	2	1	0	0	0	1	2	1	0	0	0	0	2	1	1	0	1	1	0	1	0	1	3	13	13	16	4	0	3	0	4	0	4	2	2	3	0	1	1	1	0	1	1	2	0	0	0	2	2	1	0	1	0	4	0	0	2	4	5	4	1	5	15	0	15	7	4	5	11	5	0	2	1	0	0	2	1	4	1	2	1	0	0	1	1	0	3	1	1	0	1	3	0	1	3	0	0	0	1	2	3	2	1	1	2	1	0	1	1	0	3	2	2	2	2	1	1	1	1	0	3	1	1	4	1	2	2	2	4	5	3	2	0	1	1	8	1	2	4	7	2	1	9	50	16	4	4	15	8	0	2
0	0	0	0	0	0	0	1	0	1	0	0	1	0	1	0	0	1	0	0	1	0	1	2	0	2	0	0	0	0	0	0	1	0	0	1	1	0	0	1	0	1	0	1	0	0	0	0	0	0	0	0	0	1	2	0	1	2	0	0	0	1	1	2	0	0	0	0	0	0	1	1	0	0	1	1	1	2	0	1	0	1	0	1	3	1	1	1	1	0	0	0	0	0	0	2	1	0	1	0	0	1	0	0	1	0	2	1	3	0	0	0	1	2	0	0	2	1	0	0	0	0	0	1	2	0	2	0	0	0	0	1	0	0	0	1	0	0	1	0	0	0	0	1	2	1	0	0	3	0	3	0	0	0	0	0	0	0	0	0	2	0	1	0	1	0	1	0	0	0	1	0	0	0	0	1	1	1	0	2	1	0	3	4	3	5	7	7	2	2	1	0	1	0	1	0	1	1	0	2	0	0	0	2	1	0	0	0	2	1	1	1	1	0	1	1	1	2	1	6	4	5	8	9	15	0	26	9	11	6	2	6	2	1	3	1	2	0	3	1	0	0	2	0	0	0	0	0	0	1	1	1	0	0	0	1	2	0	1	0	0	1	2	1	1	1	5	1	1	0	0	0	0	0	3	1	0	1	0	0	1	1	2	1	1	2	1	1	0	4	2	3	1	3	2	0	1	0	4	3	1	1	2	3	12	7	5	4	0	2	3	2
0	0	0	0	0	0	0	0	1	2	0	1	0	0	0	0	0	0	1	0	1	1	1	0	0	0	0	0	0	0	0	0	1	1	0	2	1	0	1	2	0	1	1	2	0	0	1	0	0	0	0	1	1	0	0	0	0	0	1	1	1	0	0	0	0	0	1	0	0	0	1	0	0	0	1	0	2	1	1	0	1	0	2	1	1	1	0	0	2	1	0	0	0	0	1	3	0	0	0	0	1	0	0	0	2	2	2	1	0	1	1	1	0	2	2	0	2	0	0	1	1	0	0	1	1	0	0	1	0	1	0	0	1	0	0	0	0	1	0	0	0	0	0	0	1	0	1	1	0	1	0	0	0	0	0	1	0	1	0	1	0	2	0	0	1	0	0	1	0	0	0	2	1	0	2	1	0	1	1	1	0	0	1	1	2	0	4	9	7	1	2	0	0	0	0	1	0	1	0	0	2	1	2	1	3	1	0	1	0	1	0	0	0	1	0	3	2	1	4	8	4	4	4	5	7	26	0	21	23	12	8	4	6	1	1	2	2	2	2	1	3	0	0	0	0	0	0	0	0	0	0	1	0	0	0	0	2	3	0	0	2	0	3	2	0	1	1	1	0	1	0	0	0	0	0	1	0	0	0	1	1	0	0	2	1	0	3	1	5	4	3	3	2	1	2	1	0	0	2	2	3	2	2	0	4	4	1	3	1	2	3	0
0	0	0	0	0	0	0	0	0	1	2	0	0	0	0	0	0	0	0	0	0	0	2	0	2	2	0	0	1	0	1	1	1	2	1	0	1	0	2	1	0	0	0	0	0	0	1	0	0	0	0	0	1	1	1	0	0	1	0	3	2	0	0	2	1	1	0	1	0	0	0	0	0	0	1	0	1	1	1	0	1	1	1	1	1	0	2	0	2	0	0	1	0	2	0	1	1	1	2	0	0	0	0	1	2	1	0	0	0	1	1	1	1	0	3	0	0	1	0	0	1	0	0	1	1	0	0	2	2	1	0	1	0	0	3	0	1	0	0	0	3	0	0	0	0	0	0	1	0	1	1	0	0	1	0	0	2	1	0	0	0	1	0	1	2	0	0	1	0	1	0	1	0	0	1	1	0	0	0	0	0	2	1	0	2	3	3	8	1	1	3	2	1	0	0	0	0	1	1	0	0	1	2	4	2	2	1	3	1	0	1	0	0	2	1	1	0	5	4	8	4	3	1	5	4	9	21	0	42	15	23	8	4	4	4	5	1	2	10	3	4	1	2	0	0	0	0	1	0	0	1	0	2	0	0	0	0	1	0	0	1	0	2	0	3	0	0	1	1	0	0	0	0	2	1	1	0	0	0	1	1	0	2	1	1	0	0	0	3	0	2	2	2	1	2	2	0	2	2	1	3	1	2	2	2	2	2	2	6	5	3	7
0	0	0	0	0	0	0	0	0	0	1	0	1	1	0	2	1	0	0	0	1	1	1	0	1	0	1	1	0	1	1	0	0	0	0	0	1	0	1	1	0	0	1	0	3	1	1	0	0	1	0	1	0	0	1	0	3	0	0	3	2	1	1	1	2	0	2	0	0	0	1	0	1	0	1	0	0	0	1	0	1	0	1	0	0	0	1	0	0	1	2	1	0	1	0	0	1	1	0	1	0	0	0	2	0	1	0	1	5	4	2	1	0	1	0	0	0	1	0	5	0	1	1	0	0	0	2	0	0	1	0	1	0	0	0	0	1	0	0	2	1	1	0	1	1	0	0	0	2	2	1	1	0	0	0	1	0	0	1	1	0	3	0	1	1	0	1	0	1	0	0	0	0	0	0	0	0	0	0	0	0	0	1	1	7	1	12	14	7	3	1	1	0	2	3	1	0	1	0	0	1	2	1	5	3	1	0	2	1	0	0	0	4	0	1	0	2	3	4	8	4	2	1	4	5	11	23	42	0	21	16	4	3	1	3	3	3	1	6	4	1	3	0	0	0	2	0	0	1	0	0	0	0	1	0	0	0	1	1	1	2	0	0	1	0	0	1	0	1	0	0	0	0	0	0	0	0	0	1	1	3	1	2	1	0	0	2	3	4	2	11	3	1	1	3	2	3	0	3	1	3	1	3	5	4	9	5	2	5	9	2	7
0	0	0	0	0	0	0	0	0	0	0	0	2	0	1	1	0	0	1	1	0	0	2	1	1	2	0	0	2	1	0	0	1	0	1	0	1	3	1	0	1	1	1	1	0	0	0	4	2	0	0	0	0	0	0	2	1	0	0	0	3	1	2	1	0	1	1	2	0	3	0	0	0	1	2	2	1	1	0	1	1	3	1	1	2	3	1	0	0	0	3	1	1	0	2	0	1	0	1	0	0	0	0	3	4	5	0	3	5	2	0	1	1	0	0	2	0	1	1	0	1	1	0	0	1	1	1	1	1	0	2	0	0	1	0	0	0	0	1	0	0	0	0	0	2	0	1	1	0	3	0	1	0	1	0	0	0	0	1	1	0	0	1	1	0	0	1	0	2	0	0	0	0	0	0	2	0	1	0	0	0	1	3	1	3	5	15	45	35	6	5	6	5	8	0	2	0	0	1	0	1	4	3	6	11	11	3	4	4	0	1	0	0	1	8	6	4	6	11	7	3	6	3	4	11	6	12	15	21	0	91	10	9	6	8	0	3	1	4	2	4	0	0	2	3	0	1	2	1	0	1	1	1	0	1	0	0	1	1	0	0	1	1	2	1	0	2	2	0	0	1	1	1	1	1	0	1	0	1	1	0	4	0	2	3	2	1	2	2	2	6	3	3	0	0	3	5	3	3	0	5	2	3	1	3	12	8	5	8	9	5	13
0	0	0	0	0	0	0	0	0	0	1	0	0	0	0	0	0	0	1	0	1	0	1	2	0	0	0	0	1	1	0	1	1	0	1	1	3	2	2	0	0	2	2	0	0	0	0	0	1	1	0	1	1	0	0	2	0	1	0	1	2	0	1	0	2	0	0	0	0	0	0	2	0	0	0	1	0	2	0	0	2	1	2	2	1	2	0	0	1	1	0	2	2	1	2	0	0	0	1	0	0	0	1	0	0	1	3	1	3	0	1	2	0	0	0	2	1	0	2	4	1	0	1	2	0	1	0	0	1	2	2	0	0	0	0	1	1	0	1	0	0	0	2	1	0	0	1	0	0	1	2	2	0	1	0	0	1	1	0	0	3	0	0	1	0	0	0	0	2	1	0	0	1	1	0	0	0	0	1	1	0	1	1	2	0	2	11	12	12	3	10	1	4	1	2	0	2	1	0	0	4	4	2	8	7	4	3	3	3	0	2	0	0	0	3	6	4	8	8	5	6	7	0	4	5	2	8	23	16	91	0	22	13	2	9	5	5	0	6	1	3	0	1	1	0	1	0	0	1	1	0	1	0	1	0	1	1	0	0	3	1	0	0	2	0	1	0	2	1	1	0	0	0	1	0	0	0	0	1	2	1	4	0	3	2	0	0	0	0	1	3	1	1	1	2	3	1	1	3	3	2	1	1	0	0	7	6	4	4	6	5	10
0	0	0	0	0	0	0	1	0	1	2	1	1	1	0	0	0	0	1	3	0	0	1	0	2	1	2	0	2	0	1	0	0	0	1	4	0	3	2	0	0	0	1	0	1	1	0	0	0	0	0	0	0	0	1	2	0	1	1	0	2	1	0	2	0	0	0	1	0	1	1	1	1	0	0	0	1	0	0	0	0	0	1	0	0	1	1	1	1	1	1	1	1	0	2	0	1	1	1	0	0	0	1	1	2	2	2	3	0	1	2	1	1	0	0	0	0	0	1	0	0	0	3	0	1	1	0	0	0	1	0	0	0	0	0	0	0	1	0	0	0	1	1	1	0	1	0	1	1	2	1	0	2	1	1	1	1	0	0	0	1	1	0	1	0	1	0	1	2	0	0	0	1	2	0	1	1	0	0	1	0	1	1	0	1	2	4	6	10	2	7	2	1	2	3	1	1	1	0	3	0	2	3	5	7	4	4	3	0	2	1	4	4	2	1	9	8	11	22	9	3	5	0	1	0	6	4	8	4	10	22	0	72	12	7	2	7	4	8	3	4	0	0	0	0	2	0	0	0	0	0	0	1	0	1	0	1	1	1	1	0	0	0	0	0	1	1	2	0	0	0	0	0	0	1	0	1	0	0	0	1	0	3	1	0	0	0	3	0	0	0	4	0	0	2	3	0	1	0	2	2	1	1	2	2	2	1	2	5	3	4	5
0	0	0	0	0	0	0	0	0	0	2	1	0	2	0	1	1	0	0	0	2	0	0	2	2	1	0	1	0	0	1	2	0	3	2	2	3	1	2	1	0	0	1	0	0	1	0	0	0	0	0	0	2	1	0	2	0	1	0	1	0	0	0	1	0	0	0	0	0	0	0	0	0	1	0	1	0	0	1	1	0	0	0	2	1	3	0	1	0	2	1	0	0	0	0	0	0	1	0	1	2	1	1	1	0	1	0	3	0	0	0	0	1	0	2	1	3	1	0	1	1	0	0	0	0	0	1	0	0	0	1	2	0	0	0	0	0	0	0	0	1	1	1	0	0	0	2	3	2	2	1	0	0	0	0	1	1	0	0	1	0	0	0	1	0	0	1	0	1	0	2	1	1	0	1	0	0	2	0	0	0	0	0	1	1	2	2	4	10	8	4	1	0	2	0	2	0	0	1	1	2	3	2	5	10	5	3	1	2	3	0	1	3	4	7	2	5	9	29	10	3	3	3	2	2	2	6	4	3	9	13	72	0	22	19	8	6	5	5	3	3	0	1	0	0	0	0	1	0	1	3	0	0	1	0	0	0	0	1	0	0	0	0	2	1	0	0	0	1	0	0	0	0	1	1	0	0	0	0	1	0	1	1	1	0	1	0	1	0	0	0	2	0	3	1	0	0	0	0	0	2	0	2	0	1	0	2	5	1	7	2	1
0	0	0	0	0	0	0	0	1	0	1	0	0	1	1	0	0	0	2	0	2	0	2	0	2	2	1	0	0	0	0	1	0	0	6	2	6	0	4	0	0	0	1	0	0	0	0	0	0	0	3	1	0	1	0	0	0	0	0	1	1	0	0	1	0	0	1	0	1	0	0	1	0	1	0	1	0	0	0	0	0	0	1	0	2	0	0	0	1	0	0	0	0	0	0	0	0	0	2	0	0	0	1	0	4	2	1	1	1	1	0	1	0	0	0	0	0	1	0	2	1	0	1	0	0	0	0	1	0	0	0	0	0	0	1	0	0	0	0	1	2	0	1	1	0	0	1	3	1	1	1	0	1	0	0	0	1	0	2	0	1	1	0	0	2	1	0	1	2	0	2	0	1	0	0	1	2	0	0	0	0	0	0	0	1	1	2	3	1	5	3	1	0	1	1	2	1	1	1	0	2	2	0	5	4	0	1	0	3	1	1	2	1	3	1	2	9	9	16	7	1	3	2	3	1	1	1	4	1	6	2	12	22	0	22	22	8	8	24	14	4	0	1	1	0	0	0	1	1	1	0	0	0	0	0	1	0	0	0	2	0	1	1	0	1	1	0	0	0	0	0	0	0	0	0	0	0	0	0	0	0	1	0	0	0	0	1	1	0	1	1	2	0	0	1	0	0	0	1	1	0	1	0	0	1	2	1	1	3	2	2	1
0	0	0	0	0	0	0	2	0	1	0	2	2	0	1	0	1	2	1	2	0	5	2	1	3	3	2	2	2	1	0	1	0	2	1	1	3	2	2	1	0	0	0	0	1	1	2	0	1	0	2	1	1	0	0	0	0	0	0	2	0	0	0	0	0	0	0	1	1	0	0	0	0	0	0	1	0	1	0	0	1	0	3	1	4	0	1	0	0	0	0	0	0	0	1	3	2	0	1	0	0	1	1	3	3	4	3	3	0	2	0	0	1	0	1	0	2	0	1	1	0	2	0	1	0	1	1	1	0	1	0	0	0	0	0	1	0	0	0	0	0	0	0	0	2	1	0	3	1	3	2	0	0	1	0	1	0	1	0	1	2	0	0	0	0	0	1	1	1	0	2	0	1	0	0	0	1	1	1	0	0	1	1	0	2	3	1	2	3	6	2	0	1	1	1	2	0	0	0	0	0	1	3	2	4	5	3	8	7	5	3	2	13	7	6	16	31	19	22	5	2	3	2	5	0	3	1	4	3	8	9	7	19	22	0	39	13	7	5	7	2	1	0	1	1	1	0	0	1	1	0	1	1	0	1	1	1	0	0	0	0	2	2	0	0	1	0	1	0	0	0	0	0	0	0	2	1	1	0	1	0	2	1	0	1	0	0	0	0	1	0	0	2	2	2	1	1	0	2	2	1	1	1	2	0	2	1	2	4	3	1	2
0	0	0	0	0	0	0	0	1	3	1	0	2	0	1	1	0	1	2	1	2	3	1	0	2	6	1	0	1	0	2	2	0	0	1	4	4	5	1	2	5	0	0	0	0	2	1	0	0	2	1	0	1	4	1	2	0	2	0	1	1	0	0	0	0	0	0	0	0	1	0	1	0	0	0	0	0	2	0	1	0	1	2	1	0	0	2	0	1	0	0	2	0	0	1	1	0	1	0	1	0	1	0	4	5	1	5	0	1	0	0	0	1	0	0	0	1	0	0	1	0	1	0	0	1	0	0	1	2	0	1	1	2	0	0	1	1	0	0	1	0	1	0	0	0	1	0	2	1	3	4	0	0	0	1	0	0	1	0	0	2	0	1	1	0	0	2	0	0	0	0	1	1	0	0	0	0	0	0	0	0	1	0	0	4	0	2	2	9	4	0	0	0	1	0	3	0	3	2	0	1	1	2	7	5	0	3	0	2	4	2	3	8	9	1	7	12	7	14	5	4	2	5	2	0	1	2	5	3	0	5	2	8	22	39	0	14	10	9	12	0	0	2	0	0	0	0	2	1	0	0	0	0	2	0	0	1	0	0	1	1	1	1	0	0	0	0	0	0	1	0	1	0	0	0	0	0	1	2	0	0	1	1	0	0	0	1	0	0	0	0	0	0	1	0	0	1	0	2	0	0	0	0	0	1	0	1	1	4	1	0	1
0	0	0	0	0	0	0	0	1	1	1	1	0	2	3	1	0	0	1	1	3	0	3	2	4	5	3	0	1	0	1	0	1	0	3	2	2	2	1	2	1	1	1	0	0	0	1	1	2	1	1	0	0	0	1	0	1	2	0	0	1	1	1	0	0	1	0	0	0	0	1	1	0	1	0	0	1	0	0	0	0	0	0	1	1	1	0	0	1	1	0	2	1	0	0	0	1	0	0	0	0	0	1	1	2	3	2	1	1	2	1	1	0	0	0	0	1	1	1	1	1	3	0	2	2	0	3	1	1	1	1	0	0	1	2	0	1	0	0	0	0	0	0	1	0	3	1	2	2	2	1	2	1	2	0	0	0	2	0	2	1	1	1	1	1	0	0	0	3	1	0	1	1	0	2	0	2	0	0	2	0	0	0	3	0	3	8	0	4	3	1	1	1	0	2	1	0	1	0	0	2	2	2	3	2	0	1	1	2	1	0	0	6	7	4	8	6	5	9	10	6	5	4	4	2	2	2	1	3	3	5	7	6	8	13	14	0	44	19	25	20	0	1	0	0	1	1	0	0	0	1	1	0	0	1	1	0	0	1	1	0	0	1	1	0	1	0	1	1	2	0	0	0	0	2	0	0	0	2	0	0	0	0	0	1	0	1	1	0	1	0	0	0	1	0	1	0	1	1	0	1	0	3	1	2	1	2	2	3	1	1	3
0	0	0	0	0	0	0	0	1	1	2	2	0	0	1	0	0	0	0	0	1	1	2	1	0	4	1	2	0	0	1	2	1	0	1	2	2	0	1	1	0	0	0	1	1	0	0	2	1	0	0	0	0	1	1	1	0	1	0	1	0	2	0	1	0	0	0	0	1	0	0	1	0	0	1	1	0	0	1	0	1	0	0	0	0	1	0	1	0	1	0	0	0	0	0	0	0	0	1	0	0	1	1	2	0	0	2	1	2	0	1	0	0	3	1	0	0	4	0	0	0	1	1	1	0	0	0	0	1	2	0	0	1	0	0	0	1	0	0	0	0	0	0	0	0	0	0	0	2	2	1	0	3	0	1	0	0	0	1	1	1	1	0	1	0	0	1	0	0	0	0	0	0	0	0	0	0	1	1	0	1	1	0	2	1	0	0	1	2	3	2	0	1	0	0	1	1	1	0	0	0	1	2	2	0	2	3	1	1	1	3	1	2	2	2	3	3	5	10	9	14	15	4	2	1	0	2	2	1	1	0	4	5	8	7	10	44	0	23	68	43	0	0	0	0	0	1	1	1	1	0	0	0	0	1	0	1	0	1	0	0	4	1	0	0	0	1	0	2	0	0	0	1	1	0	0	0	0	0	0	0	1	0	1	2	1	0	0	2	1	0	3	0	0	0	0	0	0	1	1	4	1	3	2	2	1	1	2	2	3	0	3
0	0	0	0	0	0	0	1	2	1	3	0	0	1	0	1	0	1	0	1	4	2	2	1	2	0	2	0	1	2	0	0	1	1	1	1	5	3	1	1	0	0	0	0	1	1	1	0	0	0	0	1	1	2	0	0	0	0	1	1	0	0	0	0	1	0	0	0	0	0	0	0	0	1	0	0	0	0	0	2	0	0	0	0	0	0	2	0	0	1	1	0	0	0	0	2	1	1	0	0	0	2	0	1	2	1	1	0	1	0	0	0	1	0	1	1	0	2	0	1	1	0	0	0	0	1	0	0	0	1	1	1	0	0	2	0	0	0	1	0	0	0	0	1	1	1	2	4	1	0	1	0	0	2	2	0	0	0	1	0	3	1	0	1	2	0	0	0	0	0	0	0	0	0	0	0	0	0	0	0	0	0	1	2	1	1	2	5	1	3	1	1	1	0	2	1	1	1	1	0	1	1	2	2	2	2	4	3	0	1	2	0	4	1	2	1	4	10	17	23	15	16	6	5	4	3	2	10	6	4	6	8	5	24	5	9	19	23	0	51	10	2	1	2	1	1	0	0	0	0	1	0	0	0	2	1	0	0	0	0	0	0	2	0	0	2	0	1	0	0	0	0	1	0	1	1	1	0	0	0	2	1	0	0	0	0	0	0	1	1	1	1	0	0	1	0	1	2	0	1	1	1	1	3	1	2	2	1	1	0	0	2
0	0	0	0	0	0	0	1	0	1	0	0	1	0	0	1	2	1	0	1	1	0	1	1	2	0	1	1	0	0	2	0	2	0	1	2	5	1	0	0	1	0	0	0	0	0	0	1	0	0	0	0	0	0	1	1	1	1	0	0	1	0	1	1	0	0	0	0	0	0	0	0	0	0	1	0	0	0	3	0	0	0	0	0	1	1	0	0	0	0	2	0	0	0	0	0	0	1	1	0	1	0	0	1	1	1	1	0	0	2	0	1	1	0	0	2	1	1	0	2	2	0	1	1	1	1	2	0	0	0	0	1	1	0	0	0	0	0	0	1	0	0	0	0	0	0	0	0	1	2	1	1	1	4	0	1	1	1	1	0	2	1	1	0	0	1	1	0	1	4	0	1	3	0	0	0	2	0	0	0	0	0	2	1	1	8	1	1	2	2	2	1	1	0	0	3	0	1	0	1	1	1	0	1	0	2	4	1	1	1	2	0	1	1	0	2	3	6	8	7	14	12	3	2	1	1	1	3	4	2	1	3	3	14	7	12	25	68	51	0	25	0	1	0	0	2	0	0	0	0	0	0	0	0	1	0	1	0	0	1	0	3	0	0	0	0	1	0	1	0	0	0	1	0	1	0	1	0	0	1	1	1	0	0	1	0	0	1	0	1	1	0	0	4	0	1	2	1	1	0	2	2	1	2	1	3	0	3	2	0	1	1
0	0	0	0	0	0	0	0	1	1	0	1	0	0	0	0	0	0	0	1	1	4	0	1	0	3	2	1	1	0	0	0	1	1	2	1	0	2	0	1	0	1	1	0	1	2	1	0	1	1	0	1	1	0	1	0	1	1	0	1	1	0	0	0	2	0	0	0	0	0	1	1	0	0	0	0	0	1	0	0	0	0	1	1	1	0	0	0	0	0	1	0	1	0	0	1	1	1	0	1	1	0	1	0	3	2	0	0	2	0	0	0	0	0	0	0	0	0	1	0	2	0	0	1	0	0	0	2	0	1	0	0	0	0	0	0	1	1	0	0	0	1	1	0	0	1	2	3	1	2	0	0	0	2	0	0	0	2	0	0	1	1	1	2	0	0	1	1	0	0	0	1	0	0	1	1	2	0	1	1	0	0	0	1	0	3	0	1	2	4	1	2	0	0	1	1	1	3	0	1	0	0	0	0	1	2	3	0	1	0	0	2	1	2	1	0	4	2	9	8	7	5	2	5	2	0	3	4	1	4	3	4	3	4	2	0	20	43	10	25	0	4	4	1	0	0	0	1	0	0	0	0	1	0	1	1	0	1	0	0	0	2	1	0	0	0	2	0	0	1	0	0	0	0	0	0	0	0	1	1	0	0	1	1	0	1	3	1	0	0	2	1	0	0	0	0	1	1	0	2	2	0	2	0	2	1	1	1	1	1	0	0
0	0	0	0	0	0	0	0	0	0	2	3	0	2	2	1	0	2	2	0	2	3	0	1	0	2	1	1	1	0	0	0	0	0	1	3	3	3	2	1	0	2	0	1	0	0	2	1	0	0	0	1	0	3	0	2	3	1	0	1	2	0	1	0	1	1	0	1	1	0	1	2	0	1	0	2	1	0	0	0	0	0	1	0	0	1	0	0	0	0	0	0	1	0	0	0	2	1	0	0	0	1	2	0	1	1	1	2	0	1	0	2	1	1	1	0	3	0	1	2	1	1	1	2	0	0	1	2	3	1	0	1	1	2	2	0	1	0	1	2	1	2	3	1	16	14	17	19	5	4	11	12	6	6	1	4	1	6	5	2	3	2	2	4	6	1	1	4	4	2	0	0	3	1	1	1	1	2	0	2	1	1	1	2	1	0	0	1	2	1	0	0	2	0	2	0	2	1	2	0	1	0	1	2	1	0	2	0	0	1	0	0	1	0	1	0	2	3	2	1	1	1	3	1	1	0	0	1	3	0	0	0	0	0	1	0	0	0	2	0	4	0	19	3	1	4	0	0	2	0	0	2	3	1	2	2	1	2	2	4	5	3	8	1	3	3	2	1	2	1	2	0	0	0	0	1	0	0	0	0	1	0	1	0	0	0	1	0	0	1	0	1	0	0	0	0	2	0	0	0	1	1	2	2	2	0	1	0	1	2	0	0
0	0	0	0	0	0	0	0	0	2	2	2	0	3	1	0	0	0	1	0	0	0	2	0	1	1	1	0	0	0	0	1	1	0	3	1	0	1	1	0	0	0	0	0	0	0	2	1	0	0	2	1	1	4	3	1	5	1	1	2	0	2	0	1	0	1	0	1	2	3	0	0	0	1	0	2	0	1	1	0	2	0	0	0	0	0	0	1	0	1	0	0	0	0	1	0	0	0	0	0	3	0	0	0	0	1	3	0	2	3	1	0	3	0	1	1	0	1	2	2	0	0	1	1	1	0	1	0	1	2	1	0	0	2	1	3	1	1	1	3	7	6	3	11	25	10	7	6	6	5	4	4	3	3	1	4	3	2	6	1	2	1	0	4	10	3	8	0	4	4	5	4	1	3	2	0	1	0	4	1	1	0	0	4	1	1	1	2	0	2	1	2	1	0	0	0	0	1	2	1	1	0	2	1	0	0	0	2	0	1	0	0	1	2	0	1	0	1	0	1	0	2	3	1	0	2	0	2	0	0	1	0	1	1	0	2	1	0	1	1	4	19	0	10	9	11	2	2	4	5	1	1	3	5	2	4	5	4	1	5	6	7	5	4	6	3	3	0	1	2	0	0	0	1	0	2	0	0	0	2	0	1	1	0	1	0	0	0	0	1	2	4	0	0	0	0	0	0	0	0	1	2	1	2	1	0	0	0	0	1	0	0
0	0	0	0	0	0	0	0	0	1	0	0	1	1	0	0	0	1	1	1	1	1	1	1	1	0	0	0	0	1	0	0	0	1	0	0	1	0	0	1	0	0	0	0	0	1	0	0	0	0	2	1	3	0	1	8	8	1	0	0	1	1	2	0	0	0	2	0	0	0	0	0	1	0	2	2	1	1	2	0	0	0	0	0	0	1	0	0	2	0	0	0	1	2	0	1	0	0	0	0	0	0	0	1	0	0	0	0	1	0	4	0	0	0	1	2	1	4	1	1	1	1	2	0	1	1	3	1	4	1	6	1	1	1	3	2	1	6	5	2	9	12	6	18	13	7	1	3	1	3	1	1	0	3	1	3	4	1	3	0	1	2	4	7	4	3	4	9	3	4	3	0	3	2	3	3	3	5	1	1	4	3	0	3	3	2	1	0	0	0	0	0	1	2	1	2	0	0	0	0	0	2	0	1	1	1	0	0	0	0	0	0	1	1	2	1	0	0	3	0	1	2	0	1	0	0	0	0	0	2	1	0	0	1	1	0	0	0	2	0	1	3	10	0	65	29	8	11	2	4	3	15	10	11	23	5	9	7	7	9	13	9	12	4	6	1	0	1	1	1	2	0	2	3	0	1	0	0	0	1	0	1	2	1	1	0	1	1	0	0	0	0	0	0	0	0	0	0	4	1	0	2	1	1	2	1	0	0	2	0	0	1
0	0	0	0	0	0	0	0	0	0	2	1	1	0	0	0	0	0	0	1	0	1	1	0	1	0	2	0	1	0	0	0	0	1	1	1	0	1	0	0	1	0	0	2	0	1	0	0	0	2	1	1	0	1	2	2	1	5	1	0	1	0	1	0	0	0	0	0	0	1	1	0	1	0	1	0	0	0	1	1	1	1	0	0	0	1	0	1	0	1	0	0	0	2	0	0	0	0	0	0	0	1	1	0	0	1	1	0	1	0	2	1	1	2	0	1	1	2	0	2	1	0	0	0	1	2	2	1	1	2	2	0	0	2	1	1	3	4	7	6	12	15	6	4	10	4	3	4	3	3	2	2	1	4	3	1	2	1	1	2	2	2	2	0	1	3	5	6	0	2	1	0	1	0	1	1	1	2	0	1	1	0	3	1	1	0	0	0	3	1	1	0	2	1	0	0	1	1	0	0	0	0	0	0	0	0	0	0	1	2	2	1	0	1	2	2	0	2	1	1	2	0	3	3	1	0	0	0	0	3	0	0	0	0	1	0	0	0	1	0	0	1	9	65	0	74	15	8	1	1	10	17	6	7	13	3	2	4	5	7	14	3	14	4	7	1	1	0	1	1	0	1	1	2	2	0	0	0	0	3	0	0	0	1	0	0	1	1	0	0	1	0	2	0	0	0	1	0	1	2	0	5	3	4	0	1	0	0	0	1	0	0
0	0	0	0	0	0	0	1	0	0	0	1	1	1	3	0	0	0	2	0	0	1	1	0	0	0	1	0	2	0	0	1	0	0	1	0	0	0	0	0	0	1	0	1	1	0	1	1	0	0	0	0	0	1	0	3	3	0	0	1	2	2	0	0	0	0	0	0	1	0	2	1	1	0	0	1	0	1	0	0	1	0	0	0	0	0	0	0	0	1	1	1	0	0	0	0	0	0	0	1	0	0	1	0	0	1	0	0	0	0	1	0	0	0	0	0	0	0	0	0	1	3	2	1	2	0	1	2	4	2	2	0	2	2	5	2	2	3	11	1	9	7	5	3	2	1	2	1	2	2	3	7	0	2	1	2	2	5	2	1	0	0	1	3	1	5	1	4	3	3	4	0	1	1	0	2	2	3	2	0	3	4	2	2	0	0	2	0	0	1	0	0	0	2	0	0	0	2	1	0	0	0	0	0	0	1	0	1	1	0	0	0	0	0	0	0	1	1	0	0	1	0	1	0	1	0	0	0	2	0	1	2	0	0	1	0	1	0	1	2	0	4	11	29	74	0	29	15	2	6	5	20	9	6	14	1	5	3	6	7	11	6	6	3	2	4	0	4	0	0	1	0	0	3	0	1	0	0	0	1	0	0	0	0	1	0	1	1	1	2	0	0	1	0	0	0	0	0	1	0	0	1	3	0	1	1	0	0	0	0	0	0
0	0	0	0	0	0	0	0	0	1	0	0	0	0	2	1	1	0	0	0	0	3	1	1	2	0	0	1	0	1	0	1	0	0	2	0	0	0	1	1	0	0	1	1	0	0	0	1	0	0	0	0	0	0	2	2	2	1	0	1	0	0	1	1	2	1	0	0	0	0	1	0	0	0	0	1	1	0	0	1	2	0	2	1	0	0	0	0	0	0	0	0	1	0	0	0	0	0	0	0	0	0	0	0	0	1	0	0	1	0	1	0	0	1	0	1	0	0	1	2	0	0	0	0	1	1	1	1	2	1	2	1	2	1	5	2	5	8	7	2	9	6	3	0	2	2	1	2	0	2	0	0	2	0	1	0	1	1	2	1	1	2	2	1	0	3	2	3	0	0	0	1	1	2	2	3	1	2	1	1	3	0	2	0	2	0	0	1	0	0	0	0	2	1	0	0	0	0	2	0	0	0	0	1	1	0	0	0	1	0	0	0	1	0	1	0	0	1	1	2	0	0	1	1	0	0	0	0	0	1	0	0	0	0	0	0	1	1	0	0	0	0	2	8	15	29	0	40	10	5	30	20	9	3	10	6	4	6	7	7	11	2	9	4	0	1	1	2	2	4	2	1	0	0	1	0	0	0	1	0	0	1	1	0	0	1	1	0	0	1	0	0	1	0	0	1	2	0	1	0	1	2	3	3	2	0	0	0	0	2	1	0
0	0	0	0	0	0	0	0	0	0	0	0	0	0	0	0	0	0	1	0	1	0	0	0	1	0	0	0	2	0	0	1	0	0	1	0	1	0	0	0	0	1	0	0	1	0	1	1	1	0	1	1	1	1	1	0	2	1	1	1	0	1	0	0	0	0	0	0	2	0	1	0	0	1	0	1	0	0	0	0	0	0	0	0	0	0	0	1	1	0	0	1	0	0	0	0	1	1	0	0	0	0	0	0	0	0	0	1	1	2	1	0	1	1	2	0	1	1	1	2	1	0	0	1	0	0	0	1	2	2	1	3	2	1	3	3	7	2	6	1	1	2	1	0	2	1	4	0	0	0	1	1	3	2	0	1	3	0	3	1	0	1	1	0	1	1	0	2	1	0	1	1	0	0	0	1	4	3	0	0	4	0	3	0	1	1	4	0	1	0	0	0	0	0	1	1	0	0	1	0	0	1	0	0	0	0	1	0	1	0	0	0	0	2	1	0	0	0	1	1	0	1	1	0	3	0	0	1	0	2	0	0	1	1	0	2	0	1	0	0	1	0	2	11	8	15	40	0	33	19	28	42	16	8	6	7	7	5	4	8	10	6	4	5	6	3	1	1	1	1	1	0	1	1	2	1	0	2	0	1	0	0	0	0	1	1	1	1	0	1	0	0	1	0	1	1	1	1	1	1	1	0	1	3	0	3	0	0	2	0	0	0
0	0	0	0	0	0	0	0	0	0	0	0	0	1	0	1	0	1	0	1	0	1	0	0	0	1	3	0	0	1	0	1	0	0	0	0	1	0	0	0	1	0	0	0	0	0	0	0	0	0	0	0	3	1	2	2	2	1	3	0	1	0	1	0	1	0	0	2	1	0	0	2	0	1	0	0	2	0	0	0	0	0	0	0	0	0	2	0	2	0	0	0	0	0	0	0	0	0	0	0	0	0	1	0	0	1	2	1	1	0	1	1	0	0	0	0	1	3	0	1	1	0	2	0	1	2	1	1	0	0	0	0	0	0	2	1	4	2	4	1	2	4	1	1	0	2	0	1	1	0	0	0	0	1	0	0	1	0	3	0	0	1	1	0	0	1	1	1	1	1	3	0	0	1	1	1	0	1	2	2	2	2	4	2	2	1	1	0	0	2	0	0	0	0	1	1	1	0	0	1	0	0	0	1	0	1	0	1	0	0	1	0	0	0	1	1	1	0	1	0	0	1	3	1	1	0	0	0	1	1	1	0	0	1	1	1	0	1	0	0	0	2	4	2	1	2	10	33	0	45	5	21	2	4	11	10	18	18	3	6	9	4	6	9	4	2	3	0	3	1	0	0	4	1	2	0	0	2	2	1	2	0	1	2	1	0	1	0	1	1	1	0	0	0	0	1	1	0	0	1	1	0	0	4	0	0	1	1	0	0	0	0
0	0	0	0	0	0	0	0	0	0	0	0	1	0	0	0	0	0	0	2	0	0	0	0	0	0	0	0	0	0	0	0	0	0	0	0	0	2	0	0	0	0	0	0	2	0	1	1	0	0	0	0	0	0	0	3	4	1	1	1	1	1	2	0	0	1	0	0	0	0	0	2	0	0	0	0	0	0	1	1	1	0	0	1	0	0	0	0	0	0	1	1	0	0	0	0	0	0	0	0	1	0	0	0	0	0	1	0	1	1	2	0	1	1	2	1	2	1	0	2	1	0	0	2	1	0	2	4	1	0	2	0	4	3	2	0	4	1	3	5	1	1	1	1	2	1	1	1	1	1	0	0	1	0	0	1	1	0	2	0	1	0	0	0	1	1	5	1	0	0	0	0	0	0	2	1	0	9	1	3	5	4	4	1	0	2	1	1	0	0	0	0	0	0	0	2	0	0	0	0	1	0	0	0	0	1	0	0	1	0	0	0	1	0	0	0	1	0	0	0	1	2	0	2	1	1	0	0	0	0	1	0	1	1	1	0	0	1	0	0	0	0	5	4	1	6	5	19	45	0	22	14	6	2	7	9	9	7	10	7	4	4	3	6	2	5	0	1	0	0	0	2	0	0	1	2	2	1	1	1	2	0	2	0	0	0	2	2	0	0	0	0	1	0	0	0	1	0	0	0	2	0	0	1	1	0	0	0	1	0	0	0
0	0	0	0	0	0	0	1	0	0	0	0	1	1	0	1	0	0	0	0	0	0	0	0	0	0	0	1	0	1	0	0	0	0	1	0	0	0	0	0	0	0	0	0	1	0	0	0	0	1	0	0	0	1	0	1	1	1	1	0	2	0	0	0	0	1	0	1	1	1	1	0	0	0	1	1	0	0	1	0	1	0	0	0	0	0	0	1	1	0	0	0	0	0	0	1	0	0	0	1	1	0	0	1	1	0	0	0	2	2	0	1	0	2	1	0	0	1	3	1	1	1	0	1	1	0	1	1	1	1	1	2	2	4	6	4	6	10	17	4	8	3	2	3	4	0	3	1	4	0	0	1	1	0	1	0	0	0	1	0	1	1	1	1	1	1	4	1	1	2	1	0	1	0	1	2	2	6	2	2	1	7	2	0	1	3	0	0	0	0	1	0	0	0	0	0	2	1	0	0	0	0	0	0	1	0	1	0	0	0	1	0	0	0	0	1	0	1	0	0	1	0	3	0	0	1	0	1	0	1	0	0	3	0	0	0	1	0	1	0	0	0	1	3	10	5	30	28	5	22	0	41	17	10	23	9	35	7	8	11	8	2	0	4	2	4	1	2	3	4	3	4	0	0	1	3	0	2	0	1	0	1	0	1	0	0	1	1	0	0	0	0	0	0	0	0	3	1	1	1	0	1	3	2	2	1	0	0	0	0	0	1
0	0	0	0	0	0	0	0	0	0	0	1	0	0	0	0	0	1	0	1	0	0	1	0	0	0	0	2	0	0	0	0	0	1	0	1	1	0	1	0	1	0	0	0	0	2	1	0	0	1	1	1	1	0	3	4	1	1	1	1	2	1	0	0	1	0	0	1	1	1	2	0	1	1	1	3	1	1	0	0	0	1	0	0	1	0	0	1	0	2	0	0	0	1	0	0	0	0	0	0	0	0	0	0	1	0	1	0	1	0	0	1	1	1	3	0	0	1	1	0	1	0	1	2	0	0	1	0	0	2	3	0	2	6	3	3	2	6	9	5	3	4	1	4	1	3	0	0	2	1	0	1	0	2	2	4	5	1	2	0	2	0	0	2	2	0	4	2	1	0	0	1	0	2	2	1	1	5	2	6	1	4	4	1	1	1	0	0	1	1	0	0	1	0	0	0	1	0	0	0	0	2	1	0	2	0	0	0	0	1	0	0	2	0	0	0	0	0	0	2	0	0	0	2	1	1	1	0	0	1	1	0	0	0	1	0	1	0	0	0	0	2	1	15	17	20	20	42	21	14	41	0	16	2	51	9	17	9	14	23	29	6	11	13	8	4	2	2	2	3	3	1	0	1	0	0	0	0	1	0	1	1	0	0	0	0	0	1	1	0	0	0	0	0	2	0	0	1	1	1	2	2	1	0	1	0	1	2	2	0	0	0
0	0	0	0	0	0	0	1	0	0	0	0	1	1	0	0	1	1	0	0	1	1	0	1	1	1	2	1	0	0	1	0	0	0	0	1	1	1	1	1	0	0	0	0	0	0	1	3	0	1	1	0	0	1	3	0	7	8	0	1	3	2	3	1	0	0	1	0	0	2	2	0	0	0	0	1	1	1	0	0	1	1	2	0	0	0	0	0	0	0	0	0	0	0	1	0	0	1	0	2	0	0	0	0	0	0	3	1	0	2	0	0	2	0	0	1	1	1	2	1	1	1	1	1	3	0	2	1	1	5	4	3	3	9	17	5	7	3	14	18	7	5	1	6	4	4	1	1	0	0	1	3	1	0	1	1	1	0	1	2	1	1	1	3	3	2	8	4	2	2	6	2	0	1	5	0	9	17	9	1	6	11	2	1	0	0	1	0	0	1	0	1	1	1	0	0	0	0	0	0	1	0	0	0	0	0	0	1	0	1	0	0	2	1	1	1	0	1	0	0	1	0	0	3	3	0	0	2	0	1	0	1	0	0	1	0	0	0	0	0	1	3	3	10	6	9	9	16	2	6	17	16	0	106	27	10	53	11	12	21	9	4	9	9	8	4	0	2	2	2	7	1	0	4	0	0	1	3	1	1	0	0	1	1	1	0	0	2	1	0	1	1	0	0	0	0	1	0	2	0	1	1	1	3	0	0	0	0	0	1	0	1
0	0	0	0	0	0	0	3	0	1	0	0	1	0	3	0	0	0	1	1	0	0	0	2	0	1	1	1	0	1	1	2	1	0	1	0	0	0	0	0	0	1	0	1	0	0	0	1	0	1	0	0	1	2	0	4	6	3	4	1	1	3	3	2	1	2	1	1	0	1	0	0	1	2	0	0	1	2	1	0	0	0	0	2	2	1	0	0	0	1	0	0	0	1	1	1	0	0	0	0	1	0	0	0	1	0	1	0	2	0	0	1	2	1	2	3	3	1	2	0	1	1	0	1	2	2	6	2	0	2	1	1	3	8	11	5	3	4	8	9	8	5	4	2	2	2	2	2	2	2	1	1	1	1	0	2	2	1	3	1	0	0	3	1	4	4	9	9	0	2	4	3	1	1	1	4	15	12	1	4	4	4	6	2	2	1	0	1	1	1	2	0	0	1	2	2	0	0	0	1	1	0	1	1	0	0	0	0	0	0	0	0	0	0	0	0	0	0	0	0	1	1	2	0	0	0	0	0	1	0	1	0	1	0	0	2	0	0	0	0	0	1	5	11	7	6	3	8	4	2	10	2	106	0	23	13	17	4	10	16	3	3	10	11	7	6	3	2	1	3	2	2	1	0	2	1	1	0	0	2	0	0	0	1	0	1	0	1	1	0	0	0	0	0	0	1	0	1	2	2	2	0	3	2	2	1	2	0	0	1	0	0
0	0	0	0	0	0	0	0	1	2	1	0	2	0	2	0	0	1	0	0	1	3	0	0	0	0	0	0	0	1	0	0	1	3	0	0	2	2	1	1	0	1	2	0	0	0	0	0	1	1	0	1	2	1	1	5	5	6	1	2	1	1	3	1	0	0	0	0	0	0	0	0	0	0	0	1	1	0	1	0	0	0	0	0	0	1	0	1	1	0	0	2	0	0	1	0	0	1	0	2	1	0	0	0	0	1	1	0	0	1	0	0	1	1	3	0	2	0	1	1	0	0	1	2	0	0	2	1	0	0	0	2	1	3	2	0	2	2	2	7	5	4	2	2	2	1	0	3	2	3	0	5	0	2	1	2	1	2	0	3	1	1	1	0	2	1	9	6	2	0	1	0	3	0	3	0	3	5	2	2	4	6	4	3	3	2	1	0	0	0	1	0	0	0	1	0	0	0	1	1	1	0	0	0	0	1	0	0	0	2	4	0	2	1	1	1	1	0	1	1	0	0	1	1	1	0	0	0	0	1	0	1	0	0	1	0	1	1	2	1	1	2	2	23	13	14	10	6	11	7	23	51	27	23	0	14	20	15	6	26	51	11	21	23	15	1	2	5	1	0	1	0	0	1	0	0	1	2	2	0	0	0	0	0	0	1	2	1	0	0	0	0	0	0	0	2	0	1	0	0	1	5	6	4	1	4	0	1	0	0	0	0
0	0	0	0	0	0	0	0	0	0	1	0	1	1	0	0	0	0	1	0	1	0	1	2	0	0	1	0	0	0	0	0	0	0	1	0	1	0	0	1	1	0	1	0	0	0	0	1	0	0	0	1	0	1	2	2	4	1	2	1	2	0	0	0	2	1	0	0	0	1	0	1	0	1	0	1	1	1	1	2	0	0	2	0	0	1	0	0	0	1	0	0	0	1	1	0	0	0	1	0	0	0	0	0	1	1	0	0	2	1	1	0	0	2	5	2	2	1	0	1	0	0	0	1	0	1	0	2	2	4	0	3	1	5	2	2	0	1	4	5	2	1	1	2	2	1	2	1	0	0	0	0	1	0	2	1	1	3	0	0	1	0	1	0	2	2	2	0	1	0	1	3	1	1	0	2	4	4	6	8	10	10	7	1	4	1	0	1	0	0	0	1	1	0	0	2	1	1	1	1	3	1	0	1	2	0	1	0	1	0	0	0	1	0	0	0	0	0	1	2	0	0	0	2	3	1	0	0	0	0	1	0	0	1	1	0	1	0	1	0	1	2	4	5	3	1	6	7	10	9	9	9	10	13	14	0	24	95	34	24	16	0	11	43	17	10	4	2	0	1	2	5	1	4	3	1	1	1	1	0	0	0	0	0	1	0	0	1	2	0	0	1	0	0	2	1	3	0	1	0	1	1	2	1	2	2	0	0	0	0	0	1
0	0	0	0	0	0	0	1	1	0	0	0	0	0	0	0	0	0	1	1	0	0	0	0	0	0	0	0	1	0	1	0	0	0	0	0	1	0	1	1	0	0	0	0	0	0	0	0	0	0	1	0	0	0	4	0	4	1	2	2	0	3	1	0	1	0	1	0	0	0	2	0	1	0	2	1	1	0	3	0	0	0	0	0	0	1	0	0	0	1	0	0	1	0	1	0	1	0	0	0	0	2	0	0	1	0	0	0	1	1	1	2	2	0	2	2	3	1	1	2	1	0	0	1	0	0	0	2	2	1	2	0	8	1	8	5	4	2	7	6	2	3	2	3	2	1	0	0	1	0	1	0	2	2	2	1	1	1	1	0	3	1	1	0	2	2	2	3	1	1	1	0	2	1	0	4	7	11	6	4	2	3	4	0	0	2	0	2	0	0	0	1	0	0	0	0	1	1	1	1	1	0	1	0	1	1	1	2	0	0	1	0	1	0	0	0	0	0	0	2	1	0	1	1	0	2	2	0	0	0	1	1	0	0	1	1	0	1	0	1	0	1	5	9	2	5	4	7	18	9	35	17	53	17	20	24	0	25	43	28	6	6	5	12	8	2	3	1	1	3	0	1	1	0	0	1	1	0	0	0	0	1	1	0	1	0	2	1	0	0	0	0	0	0	0	1	0	2	2	0	2	0	2	1	0	0	0	1	0	0	0	0
0	0	0	0	0	0	0	0	0	1	0	0	1	2	1	0	0	0	0	1	1	0	0	0	1	0	0	0	0	1	0	0	0	0	0	0	0	0	3	1	1	1	0	0	0	0	0	3	0	0	0	3	0	0	2	1	1	1	0	1	1	0	2	0	1	0	0	1	0	0	0	0	0	1	1	2	2	3	0	0	0	0	0	0	0	1	0	0	0	0	0	0	0	0	0	0	0	0	0	0	0	0	0	0	0	1	1	2	0	0	0	2	0	0	2	3	0	1	0	3	1	1	0	0	1	2	1	0	4	1	1	0	2	4	4	1	3	2	4	3	2	0	2	3	1	0	0	1	2	2	1	1	0	0	0	1	2	1	1	1	1	1	0	2	0	2	3	2	2	0	0	1	0	1	0	3	1	4	2	5	16	12	4	3	2	0	1	0	1	0	2	0	0	2	0	0	0	0	0	0	0	0	0	0	0	1	0	0	0	0	0	1	0	2	0	0	1	0	0	0	2	0	2	1	0	0	3	1	1	1	0	1	0	0	0	0	0	0	0	0	1	2	4	7	4	3	6	5	18	7	7	9	11	4	15	95	25	0	121	15	11	5	5	18	13	2	3	5	4	4	2	1	2	2	1	1	1	3	4	2	1	0	0	1	0	1	2	1	1	0	0	0	0	0	1	0	1	0	0	1	1	2	2	4	1	0	0	1	0	0	2	0
0	0	0	0	0	0	0	0	0	0	1	0	1	0	1	3	0	0	0	1	0	0	1	1	1	0	0	0	1	0	0	0	1	1	0	2	1	0	1	1	0	0	0	0	1	2	0	0	1	0	2	0	0	1	2	4	5	3	0	3	2	1	2	1	1	0	1	1	0	1	1	1	0	1	2	3	3	0	1	2	2	1	1	0	0	1	0	0	0	0	0	0	0	0	0	0	0	0	0	0	0	0	2	0	0	0	0	0	2	0	1	0	0	1	4	3	0	2	1	1	3	0	1	0	0	1	2	1	2	6	1	1	2	5	5	3	7	6	3	3	3	2	1	2	1	0	2	0	0	0	0	2	0	0	2	0	1	1	0	0	2	1	0	0	2	2	1	2	1	1	0	0	0	2	2	0	7	6	4	3	13	15	2	1	1	0	1	0	1	1	0	0	0	0	0	0	0	1	1	0	1	1	0	0	0	0	0	1	0	0	0	0	0	0	0	0	1	1	0	0	1	2	0	0	0	1	0	0	1	1	0	1	1	0	0	0	1	1	0	0	0	2	1	7	5	6	7	4	3	10	8	14	12	10	6	34	43	121	0	18	9	6	10	11	8	10	3	3	2	4	2	1	2	5	2	1	1	5	2	2	0	0	1	1	0	1	3	1	0	0	1	0	0	0	1	1	0	2	0	0	2	3	2	5	2	1	1	1	0	0	0	0
0	0	0	0	0	0	0	0	0	1	0	0	1	2	0	0	1	0	1	0	1	0	0	0	1	0	1	0	1	0	0	0	1	1	0	0	0	0	0	0	0	0	0	1	0	0	1	0	1	1	0	4	1	2	8	6	13	4	2	1	2	1	2	1	3	1	2	0	2	0	1	0	0	0	2	1	1	1	2	2	0	0	0	0	2	0	0	0	0	1	0	0	1	0	0	0	1	1	0	0	2	1	0	1	0	0	0	1	1	0	1	1	0	3	1	2	5	1	2	2	1	0	0	1	1	1	0	0	3	5	1	5	3	1	6	3	1	2	3	1	4	4	2	3	8	4	5	2	2	2	1	1	1	2	1	1	2	2	0	0	0	0	1	1	2	2	6	2	1	2	1	4	2	0	2	1	13	4	6	5	7	10	12	2	0	1	2	1	1	0	0	1	2	1	1	0	2	0	1	1	0	0	1	0	0	0	0	1	0	0	0	0	0	0	1	0	1	0	1	1	4	1	3	1	1	0	0	0	1	0	3	1	0	2	0	1	1	0	0	1	0	4	5	9	7	7	7	8	6	7	11	23	21	16	26	24	28	15	18	0	16	14	31	84	41	14	2	1	3	2	2	0	1	0	1	1	1	3	2	1	0	1	0	3	1	0	1	1	0	0	1	0	1	0	1	0	0	1	1	0	2	3	4	3	1	1	3	3	0	0	0	2
0	0	0	0	0	0	0	0	1	0	0	0	1	1	0	0	0	1	0	1	0	0	1	1	1	1	1	0	0	0	1	0	1	0	0	0	0	1	0	1	1	0	0	0	1	0	2	0	0	1	0	0	0	0	1	3	6	2	0	2	0	2	0	0	1	1	1	0	0	1	1	0	0	1	1	2	1	1	1	0	0	0	0	1	1	0	2	0	0	1	0	1	0	0	2	1	0	0	0	0	0	0	0	0	1	1	5	2	0	0	0	0	1	0	0	1	2	2	0	1	1	0	0	0	2	1	1	3	2	1	1	2	0	0	2	5	3	2	1	4	3	2	5	3	3	3	1	1	3	2	0	0	0	2	3	1	1	2	0	0	1	1	1	0	0	3	3	8	3	1	0	0	1	0	1	1	2	1	3	1	6	6	2	6	2	2	2	2	0	1	3	0	0	0	1	0	1	0	0	0	0	2	0	0	0	0	0	0	0	0	0	2	2	0	1	2	1	2	0	2	0	3	3	1	2	0	2	1	2	0	1	0	0	0	0	1	0	0	0	0	0	5	6	13	14	11	11	10	9	4	8	29	9	3	51	16	6	11	9	16	0	14	32	24	12	5	5	1	1	4	0	0	3	1	1	1	0	2	0	1	0	0	1	1	0	0	1	1	1	0	0	2	2	0	1	0	1	0	0	0	1	0	3	7	1	1	0	1	0	0	1	0
0	0	0	0	0	0	0	0	1	0	0	0	1	0	2	0	0	0	0	0	0	0	0	3	0	2	1	1	0	0	0	0	1	2	0	0	5	0	1	1	1	1	1	0	0	2	1	1	1	0	0	0	1	2	3	4	2	1	0	4	2	4	1	0	2	1	1	0	0	0	0	0	0	0	1	3	3	0	3	1	0	2	0	1	1	1	0	1	0	0	0	0	1	0	0	1	1	0	0	0	0	0	0	2	0	0	1	1	0	3	2	1	2	1	1	2	0	1	1	0	2	0	1	1	2	1	1	0	0	2	0	3	0	4	0	0	1	1	2	2	4	3	0	3	4	1	1	3	1	1	1	0	0	1	0	1	1	0	3	2	0	1	0	0	2	1	3	3	1	2	2	1	0	0	0	3	1	4	3	4	5	6	5	2	3	0	0	3	2	1	1	1	0	0	1	1	1	0	0	2	1	0	0	0	0	2	0	1	3	0	0	0	0	1	0	1	0	2	0	2	1	4	7	1	3	1	0	0	0	1	0	0	0	1	2	1	0	4	0	3	2	3	7	9	3	6	2	6	4	4	2	6	4	3	11	0	6	5	6	14	14	0	28	12	20	18	6	5	1	5	2	0	0	3	3	1	0	2	3	3	0	1	2	0	1	0	1	0	1	2	4	1	1	0	0	0	1	0	0	3	2	1	7	6	5	1	3	3	0	2	0	0
0	0	0	0	0	0	0	0	0	0	0	0	1	0	0	1	0	0	1	0	1	3	1	1	0	0	0	1	0	0	0	0	1	0	0	1	1	0	1	1	1	0	0	0	0	1	0	0	0	0	1	0	0	2	5	3	7	2	3	3	0	1	1	1	2	0	0	2	0	1	3	2	2	0	0	1	1	2	2	0	1	1	0	0	0	0	1	0	0	1	1	1	1	0	0	0	1	1	0	0	1	1	0	1	0	1	1	1	2	1	0	1	3	1	0	1	3	2	0	1	2	1	1	1	1	1	0	1	3	2	1	0	1	2	2	2	2	1	0	4	1	3	1	1	4	3	2	1	1	6	1	0	1	0	3	3	1	0	2	0	0	2	0	1	3	2	3	7	3	1	2	0	1	2	2	4	4	4	3	1	6	10	0	3	0	1	1	1	1	1	0	1	0	3	0	2	1	1	0	1	0	0	0	1	2	1	0	0	1	2	0	0	0	0	0	1	3	1	2	0	0	1	1	2	2	2	3	2	0	1	0	0	0	1	2	1	1	1	2	0	1	8	5	12	14	6	9	4	6	3	0	11	9	10	21	11	5	5	10	31	32	28	0	19	31	9	3	3	3	1	1	2	1	1	0	2	1	0	1	0	0	0	0	2	0	1	1	0	2	1	1	0	0	1	0	0	2	1	0	2	4	4	9	2	2	2	0	0	2	0	0	1
0	0	0	0	0	0	0	1	0	4	0	1	2	1	0	0	0	0	1	0	0	2	0	0	0	0	1	0	4	0	1	1	0	0	0	1	1	0	1	0	0	1	1	1	0	1	0	2	0	0	1	1	0	0	1	1	6	4	1	2	2	3	0	3	1	0	0	0	2	1	0	0	0	0	1	1	2	3	1	1	0	1	0	0	0	0	0	1	0	0	0	0	0	0	0	0	0	0	1	0	0	0	0	0	1	0	2	0	0	1	0	2	0	1	3	5	3	0	2	0	0	0	0	0	3	2	1	1	2	4	0	1	2	3	4	1	0	3	3	1	2	1	2	5	3	1	1	1	2	0	1	2	0	0	1	1	1	0	3	1	0	0	0	1	1	2	3	4	0	1	1	0	0	2	2	5	8	10	4	4	6	11	8	2	3	1	1	1	0	0	0	0	2	0	0	1	1	2	1	0	1	1	0	0	1	0	0	0	1	1	0	0	1	0	0	2	1	0	0	1	0	1	1	2	1	1	2	0	1	2	2	0	2	0	0	0	1	0	0	0	0	1	4	4	4	3	4	5	9	6	4	13	9	11	23	43	12	18	11	84	24	12	19	0	109	17	4	3	2	3	0	1	3	1	3	0	0	3	0	2	1	3	0	0	0	0	0	0	0	0	0	0	2	2	3	1	2	1	0	0	0	4	4	1	3	1	2	0	0	0	0	1
0	0	0	0	0	0	0	0	0	0	0	0	0	1	0	0	1	0	0	0	1	0	2	0	2	0	0	1	0	0	0	0	1	0	0	0	2	0	0	1	1	2	0	1	0	0	0	0	0	1	0	1	0	3	2	4	12	3	5	3	0	5	1	2	0	0	0	0	0	0	1	0	0	1	2	2	0	0	0	1	1	1	2	0	1	1	0	0	0	0	0	0	0	2	0	1	0	0	0	1	0	1	1	1	1	3	0	0	3	3	1	0	1	0	6	2	5	3	4	3	0	0	0	1	0	2	3	1	1	0	1	1	3	4	3	3	2	2	5	1	3	2	1	4	3	2	0	2	0	2	0	0	1	1	0	0	1	1	0	1	1	0	0	2	1	2	1	6	0	4	1	2	1	4	3	4	3	8	1	4	10	12	21	9	1	3	1	1	0	0	1	0	2	1	1	0	1	1	2	1	1	4	0	1	0	1	0	0	2	0	0	0	0	0	0	1	1	2	0	0	0	2	1	0	1	1	0	3	0	1	0	0	1	1	0	0	0	0	0	0	0	3	6	6	7	2	0	6	4	2	2	8	8	7	15	17	8	13	8	41	12	20	31	109	0	39	7	5	2	4	2	2	3	0	8	1	1	3	5	0	1	0	0	0	0	0	0	1	4	0	1	2	1	1	0	1	3	1	0	1	2	7	11	7	2	0	3	1	1	1	2	1
0	0	0	0	0	0	0	1	0	4	1	1	0	0	1	1	0	0	1	0	0	1	0	1	0	2	1	0	0	0	1	1	0	0	0	0	1	3	1	0	0	0	1	0	1	1	1	0	0	0	1	0	0	0	2	4	8	7	4	8	5	2	0	1	2	1	2	0	0	2	3	2	2	0	2	1	1	4	1	1	1	2	1	0	0	0	2	1	0	0	0	0	1	0	0	0	0	0	2	0	0	2	1	1	1	2	4	2	6	4	4	3	3	1	6	4	3	1	1	4	1	2	3	0	2	2	1	4	3	4	3	1	0	1	2	0	0	0	0	3	1	0	0	6	2	2	1	3	1	1	2	2	0	0	1	0	0	0	0	1	4	1	1	1	3	2	3	6	5	2	1	0	1	2	3	4	6	6	5	6	6	10	52	11	6	4	3	1	1	1	0	2	2	1	0	2	2	0	1	2	0	0	0	0	1	0	0	0	1	0	1	1	1	1	0	0	3	4	1	0	2	0	1	4	2	1	1	0	0	0	1	1	0	1	1	0	1	0	2	0	0	3	3	1	1	4	1	3	2	5	4	4	4	6	1	10	2	2	10	14	5	18	9	17	39	0	36	9	4	6	4	3	0	2	4	1	0	1	0	0	2	2	2	2	0	0	2	2	1	1	2	0	1	0	1	1	4	2	1	2	3	11	10	5	6	2	2	1	1	2	1	0
0	0	0	0	0	0	0	0	0	0	1	0	0	0	0	1	0	0	0	0	1	0	1	2	1	1	1	1	2	0	0	0	1	0	0	3	2	1	1	1	1	0	0	1	2	0	0	0	2	1	1	1	2	0	8	5	4	15	4	11	13	17	4	5	1	1	2	0	3	2	1	1	2	0	3	1	6	1	5	2	1	3	1	3	0	1	0	2	0	0	1	0	1	1	0	0	0	0	0	2	0	0	1	1	4	1	2	2	8	3	7	4	1	5	7	15	2	3	2	3	2	1	0	2	1	0	4	1	6	2	0	4	1	0	0	0	1	0	1	3	2	1	3	3	1	0	2	2	1	3	1	1	0	0	0	3	1	1	3	1	0	2	0	3	0	1	4	3	2	4	2	2	2	5	2	6	4	2	4	3	6	10	31	13	5	2	2	1	1	0	0	2	1	0	3	1	1	1	0	0	1	1	1	1	2	0	0	0	1	0	2	2	1	1	0	0	1	3	0	0	1	1	0	3	1	5	1	0	1	2	0	1	0	0	0	0	0	1	0	1	2	2	3	0	1	0	1	1	3	0	1	2	0	3	2	4	3	3	3	2	5	6	3	4	7	36	0	40	6	3	3	2	2	1	2	3	3	3	2	1	0	0	1	1	0	0	0	4	0	0	1	2	2	2	1	2	7	0	3	2	7	14	12	5	3	3	3	2	0	0	0	1
0	0	0	0	0	0	0	0	1	2	1	2	0	0	0	1	0	0	0	1	0	0	0	3	0	0	0	1	0	1	1	0	0	0	2	4	0	0	2	1	1	0	0	1	1	0	0	0	1	1	2	0	1	2	6	4	12	24	7	10	10	12	11	3	0	3	0	1	3	2	2	2	0	0	2	4	6	7	2	0	4	0	1	1	0	1	1	1	1	0	0	0	0	0	2	1	0	0	0	0	1	0	0	2	0	1	3	1	1	0	4	5	3	6	11	17	4	3	4	4	3	1	4	0	2	2	5	7	2	4	5	4	4	5	1	1	3	0	3	2	1	2	1	0	0	1	0	1	1	0	1	0	3	0	0	0	1	2	0	0	2	0	1	1	0	2	3	2	2	3	0	3	2	4	5	17	5	13	10	7	7	14	19	6	6	4	2	0	2	2	2	0	1	1	1	1	0	1	2	0	1	0	1	1	1	1	0	0	0	2	0	0	0	0	0	0	0	0	0	3	1	2	1	1	0	1	1	1	0	2	2	2	0	0	1	0	1	0	1	0	0	1	0	1	0	4	2	1	0	1	2	2	2	2	5	2	1	5	3	1	1	5	3	3	5	9	40	0	14	11	4	2	2	2	8	1	2	1	4	1	1	1	3	0	0	2	1	2	0	1	2	3	1	0	0	1	1	1	7	2	3	9	5	1	1	2	2	0	3	2	0	0
0	0	0	0	0	0	0	0	2	0	1	1	1	0	0	0	1	0	0	0	1	1	1	1	0	0	0	0	1	0	0	0	1	1	1	0	1	2	1	0	1	1	1	0	0	0	0	0	1	2	1	0	1	3	1	2	7	5	9	2	3	7	50	7	1	1	0	4	3	1	1	2	3	0	3	6	5	1	2	5	1	0	2	1	1	1	0	0	0	2	1	1	1	0	1	1	0	0	0	2	0	0	2	0	1	1	1	2	3	2	3	4	1	10	13	11	3	3	1	2	3	0	1	2	3	3	5	5	3	5	9	10	7	3	4	1	1	0	1	5	1	0	1	1	0	0	1	0	1	1	0	0	0	0	0	1	1	0	0	1	2	1	0	1	2	0	3	0	1	3	3	2	2	4	8	13	8	4	17	6	2	5	5	4	2	0	1	0	2	1	0	1	1	0	0	1	1	0	0	0	0	0	0	0	1	0	1	1	0	0	0	0	0	1	2	3	0	1	0	0	0	2	0	0	1	1	0	1	1	0	1	0	1	0	0	0	1	2	0	1	0	2	1	1	1	0	2	1	3	0	3	2	2	1	1	0	1	4	2	3	1	1	3	2	2	4	6	14	0	40	4	0	7	1	8	5	2	4	1	1	0	0	1	1	1	1	0	1	1	0	1	1	1	1	1	0	1	1	2	1	4	1	3	4	0	0	0	0	2	1	0	1
0	0	0	0	0	0	0	2	0	0	1	1	1	0	0	0	0	0	0	0	1	0	2	0	0	1	0	0	0	1	0	1	1	1	1	1	0	0	1	1	1	0	0	1	0	0	0	0	0	1	2	0	2	1	1	1	3	4	4	2	2	4	13	2	0	1	1	0	1	3	1	1	1	0	1	3	5	3	2	0	0	0	1	0	0	2	0	0	1	1	1	1	0	2	0	0	1	0	0	0	0	0	0	1	1	1	2	2	2	1	0	1	1	2	6	9	0	3	2	2	1	1	1	1	3	4	1	1	2	5	14	16	4	6	4	1	4	0	1	2	2	0	2	1	1	0	0	2	2	1	2	0	1	0	0	0	0	0	3	1	1	0	1	0	6	0	0	0	3	1	1	1	3	3	8	7	5	10	102	13	10	10	6	4	1	0	1	1	0	2	3	1	0	3	0	0	0	0	0	0	0	0	0	0	0	1	0	0	0	0	0	0	0	1	1	2	0	0	0	0	1	2	0	2	1	0	1	0	0	0	1	0	0	0	0	1	2	0	0	0	1	1	2	1	1	0	4	1	1	0	4	3	2	3	0	1	3	4	4	2	4	5	1	3	4	6	3	11	40	0	18	8	5	4	13	7	5	2	3	1	1	0	1	1	2	2	4	1	1	1	3	0	0	1	0	0	1	1	0	0	2	1	4	3	1	0	0	1	0	0	0	0
0	0	0	0	0	0	0	0	0	0	0	1	0	0	0	1	0	1	0	1	0	0	0	0	0	0	0	1	0	0	0	1	0	1	0	0	1	0	1	2	0	0	0	0	0	0	1	0	3	1	1	1	1	0	1	1	4	4	2	0	2	2	3	1	0	1	0	0	1	2	1	2	0	1	0	6	3	0	2	1	0	2	0	0	0	0	0	0	0	0	0	0	0	0	0	1	0	0	0	0	0	0	0	0	0	1	1	0	1	0	0	4	5	11	9	4	1	0	0	0	0	1	0	1	0	1	2	1	2	3	5	4	4	6	2	2	0	1	3	5	0	0	1	1	0	0	1	0	1	0	0	0	0	1	0	0	0	0	1	0	0	1	1	0	0	0	1	4	0	0	0	2	0	4	2	3	3	1	12	15	9	7	1	6	0	1	2	0	0	0	0	0	0	0	0	0	0	0	0	0	0	1	0	1	1	1	1	1	1	0	0	1	0	0	0	0	1	0	0	1	0	0	1	1	0	0	0	0	0	1	0	0	0	0	0	0	0	0	0	0	0	2	0	2	0	1	2	1	0	0	3	3	7	2	1	2	0	2	2	2	0	2	1	0	2	4	3	4	4	18	0	48	10	8	9	15	7	1	2	1	0	0	0	1	0	1	1	1	0	1	0	0	0	1	0	2	0	2	1	0	1	2	0	1	0	1	1	2	0	0	0	0
0	0	0	0	0	0	0	1	1	0	0	2	0	1	0	0	0	0	2	0	0	0	0	0	1	0	1	0	0	0	0	0	0	0	0	0	0	0	0	1	1	1	1	0	0	0	1	0	1	0	0	0	0	1	0	2	2	3	0	1	1	3	5	1	0	0	1	2	0	2	1	0	0	0	3	1	2	0	1	1	1	0	1	2	0	0	0	1	0	0	1	0	1	0	0	1	0	0	0	0	0	1	1	3	0	0	1	4	0	0	2	0	7	14	2	1	2	0	0	1	1	0	0	2	1	2	0	0	1	2	2	4	1	1	1	1	0	0	1	1	1	2	0	0	1	1	2	1	0	0	1	1	1	0	1	0	0	1	0	0	0	0	2	0	0	0	1	1	1	1	1	0	1	1	3	2	3	1	7	9	5	5	2	3	0	0	1	0	1	0	1	0	1	1	1	1	3	1	0	0	0	1	0	2	0	0	0	1	1	0	0	0	0	2	0	0	0	0	0	0	0	0	0	0	3	0	0	0	0	1	0	0	0	0	0	1	0	0	0	0	0	0	0	0	1	0	1	0	0	2	4	1	1	2	0	5	1	1	1	0	0	0	2	1	2	3	2	2	0	8	48	0	30	12	9	10	4	4	1	2	2	0	0	0	1	1	0	2	1	2	0	1	0	2	0	2	1	1	0	1	1	0	0	1	0	1	1	1	2	0	1	0
0	0	0	0	0	0	0	0	0	1	0	0	0	0	0	0	0	0	1	0	1	1	1	0	0	0	0	0	0	1	0	2	0	0	0	0	0	1	0	1	0	0	0	1	0	0	0	0	0	0	0	0	1	1	0	0	3	1	2	1	3	4	4	1	1	0	0	0	3	3	2	0	1	0	0	2	1	0	1	1	0	0	1	0	1	0	0	0	0	1	0	0	1	0	0	0	1	0	0	1	0	0	0	1	0	0	1	2	2	0	4	3	4	10	3	0	0	0	0	0	1	0	0	1	4	3	2	1	1	0	3	1	5	1	1	0	1	0	0	0	0	0	0	3	1	1	0	0	2	1	0	0	0	0	0	0	0	0	0	1	1	0	0	2	2	0	2	1	0	0	0	0	0	1	1	1	1	2	3	7	4	2	1	2	0	0	0	0	0	2	1	2	0	0	1	0	0	0	0	0	0	0	0	0	0	0	0	0	0	1	0	0	0	1	0	1	0	0	1	0	0	0	0	0	2	0	0	0	0	1	0	0	0	0	0	0	0	1	1	1	0	0	0	2	1	0	0	1	4	0	0	0	0	1	0	1	1	2	2	1	3	0	1	3	3	0	2	2	7	5	10	30	0	34	12	15	15	3	2	1	1	0	1	0	1	1	5	1	1	0	1	0	1	0	2	0	0	2	1	2	1	1	1	1	0	1	0	1	0	1	0	0
0	0	0	0	0	0	0	1	1	1	0	0	0	2	1	1	0	0	0	1	0	0	1	0	0	0	0	0	0	0	0	0	0	0	0	0	0	2	0	0	0	0	0	0	0	0	0	0	0	0	0	1	0	0	2	0	1	1	0	1	1	3	2	0	1	0	0	2	0	1	1	0	2	1	0	0	3	0	3	1	1	0	0	0	1	1	0	0	0	0	0	0	0	0	1	1	1	0	0	0	0	0	0	1	1	0	0	0	0	0	2	3	5	8	3	7	2	0	1	0	0	0	0	0	0	1	2	0	1	1	2	0	0	0	2	2	2	1	0	0	2	1	0	0	1	0	1	0	1	0	2	0	0	0	0	1	0	2	0	0	0	1	0	0	3	1	1	2	1	0	2	1	0	0	0	3	0	2	3	8	2	4	0	1	1	1	2	2	0	1	0	0	0	0	1	0	0	0	0	0	0	0	1	1	0	0	1	1	0	2	0	0	0	1	0	0	1	0	0	0	1	0	0	0	2	0	0	2	0	1	1	0	1	0	0	0	0	1	0	0	0	0	1	3	2	3	0	1	1	0	0	1	4	0	1	4	0	2	5	0	1	3	1	1	0	2	1	2	1	4	8	12	34	0	18	34	115	21	2	5	1	2	4	1	2	5	0	2	0	1	0	1	0	0	0	0	0	0	2	2	1	2	1	0	1	2	0	1	1	0	0	0
0	0	0	0	0	0	0	0	0	1	1	1	0	2	0	2	2	0	0	1	0	0	0	1	1	0	0	0	0	0	0	0	1	0	0	1	1	0	0	0	0	1	0	2	0	0	1	0	0	1	0	1	0	0	1	0	5	5	2	4	2	0	4	3	0	0	0	0	1	0	0	0	0	0	1	2	3	2	1	0	1	0	1	0	1	1	0	0	0	0	0	0	0	0	0	0	0	1	1	0	0	1	0	0	1	0	1	0	0	1	4	3	8	7	8	4	1	1	3	1	2	0	1	2	1	0	2	1	2	2	3	1	3	4	2	1	3	0	0	2	1	0	0	0	0	0	0	0	1	0	0	0	2	0	1	0	1	1	1	0	1	0	1	1	1	0	3	0	0	3	1	2	1	2	1	2	2	5	4	11	12	9	4	1	0	0	0	0	1	1	2	0	0	3	1	0	2	0	0	1	0	0	0	0	0	0	0	0	1	0	0	0	0	0	1	0	0	1	0	0	0	0	0	0	2	3	0	1	0	1	0	1	1	0	0	0	2	0	1	1	0	0	0	0	2	0	1	2	2	1	1	0	0	2	0	3	0	1	2	1	1	3	0	3	8	4	2	8	8	13	9	9	12	18	0	142	16	10	4	3	1	0	0	0	0	1	0	1	2	0	2	0	1	0	1	0	0	0	0	2	3	0	0	5	2	1	1	0	0	3	0	0
0	0	0	0	0	0	0	0	0	0	0	0	1	0	0	0	0	0	2	1	0	0	0	2	0	2	1	0	0	0	0	0	0	0	0	0	0	1	1	0	0	0	0	0	0	1	1	1	0	0	0	0	0	0	1	2	1	4	1	2	1	5	3	2	0	0	0	0	2	2	0	2	2	0	2	1	1	1	3	0	2	0	1	2	0	0	1	0	1	1	1	0	0	0	0	0	0	0	0	0	0	0	1	0	1	0	0	0	2	1	3	1	9	15	12	6	1	1	0	0	0	1	0	0	1	1	1	3	1	3	5	1	1	3	1	1	2	0	0	1	1	1	1	1	0	0	1	2	0	0	0	0	2	2	0	0	0	0	0	1	0	0	1	1	0	0	0	1	1	0	0	1	0	3	3	1	2	2	0	8	5	7	5	2	1	1	0	1	1	1	1	0	0	0	0	0	1	0	0	1	2	1	0	1	0	0	0	0	0	0	2	0	0	1	0	1	0	2	1	0	0	1	1	0	2	1	1	1	0	0	0	0	0	0	2	0	0	0	1	0	0	1	2	1	0	1	0	1	0	2	3	0	0	1	0	1	1	1	1	1	1	1	2	0	1	1	3	1	5	7	15	10	15	34	142	0	29	23	2	1	1	0	1	2	0	2	2	4	2	0	1	1	1	3	1	2	2	0	2	2	1	1	1	0	1	1	0	3	2	1	1	0
0	0	0	0	0	0	0	0	0	0	1	0	0	0	0	0	0	0	0	1	0	0	0	0	0	0	1	0	1	0	0	1	0	1	0	1	0	0	0	0	0	0	0	1	0	1	0	0	1	2	0	0	0	0	0	1	1	4	0	2	1	1	5	2	2	0	0	0	0	1	1	0	0	2	1	0	2	2	2	0	1	0	2	1	0	0	1	0	2	1	0	0	0	1	1	0	1	0	0	2	0	0	0	0	1	1	2	1	1	2	1	5	10	6	4	6	0	0	0	0	1	0	0	1	1	0	1	0	0	0	1	3	2	0	0	0	1	1	0	1	0	1	0	1	1	0	1	0	1	0	0	0	0	1	0	1	0	0	0	0	1	0	1	2	0	2	1	1	1	2	0	1	0	0	3	0	0	3	3	1	6	0	0	1	0	1	1	0	2	0	0	1	0	1	1	0	0	0	1	0	0	0	0	1	0	1	0	0	0	0	1	1	0	0	0	0	0	0	0	0	0	0	1	2	1	0	0	0	0	1	0	1	0	0	1	0	0	0	1	1	0	0	0	0	0	0	0	0	0	2	0	0	1	1	1	1	1	1	1	1	0	0	1	0	1	0	3	2	2	5	7	4	15	115	16	29	0	22	6	3	3	0	2	1	2	2	3	3	0	0	1	2	1	3	1	1	0	1	1	2	5	2	5	1	1	2	0	0	1	1	0	0
0	0	0	0	0	0	0	0	0	0	0	0	1	0	1	0	0	0	0	0	0	0	0	0	0	0	0	0	0	0	0	0	0	1	0	0	1	1	1	0	0	0	1	0	2	1	1	0	0	0	0	0	0	0	1	1	0	4	2	1	2	0	3	1	0	2	1	0	1	2	3	0	1	1	1	2	0	2	0	2	0	3	1	1	0	0	0	0	1	1	4	0	0	0	2	1	0	2	0	0	0	0	0	0	1	1	1	1	1	4	2	8	10	9	5	1	2	0	1	0	2	1	0	0	1	1	1	0	1	0	1	2	0	0	1	3	0	1	3	0	1	1	0	0	1	0	1	0	0	0	0	0	0	1	0	0	0	1	0	0	1	0	0	1	1	0	1	0	0	1	0	1	0	0	0	0	2	1	2	2	0	1	2	1	3	0	1	0	1	0	1	0	2	3	3	0	1	1	0	0	1	0	0	0	0	0	1	0	0	0	0	0	1	2	1	1	1	1	0	1	0	0	0	0	1	1	0	0	0	0	0	0	0	0	1	1	0	0	0	0	0	0	0	0	0	0	0	2	2	1	2	0	3	0	2	1	0	3	5	3	2	2	0	3	3	1	3	1	4	2	1	4	3	21	10	23	22	0	11	11	3	0	1	6	2	2	1	2	4	3	0	0	3	2	1	1	4	0	1	1	2	3	2	2	0	1	1	1	0	1	0	1
0	0	0	0	0	0	0	1	0	1	1	0	0	0	1	0	0	0	0	0	0	0	2	0	0	0	0	0	0	0	2	0	0	0	0	0	0	0	2	0	1	0	0	0	1	0	0	1	0	0	1	0	0	0	2	1	1	0	1	3	3	0	0	2	1	0	0	2	2	1	4	1	2	2	0	1	4	3	1	1	2	0	1	1	2	1	1	1	0	1	0	0	0	0	0	1	1	0	0	1	0	2	0	0	0	2	2	2	2	1	3	12	17	3	7	5	0	1	0	1	2	2	1	0	3	0	1	2	0	0	2	0	1	0	1	1	1	0	2	1	0	1	0	0	0	0	0	0	0	1	0	1	0	0	0	1	0	0	0	0	0	1	0	0	1	0	0	0	0	0	0	1	0	1	0	1	1	0	2	0	1	5	6	4	1	0	0	0	2	0	0	1	2	3	1	3	0	0	0	0	2	2	0	0	1	1	0	0	0	0	0	0	0	0	0	1	0	0	0	0	1	2	3	1	1	0	0	0	1	1	1	0	0	0	0	2	2	0	0	0	1	0	0	0	0	0	1	0	2	1	0	1	1	0	2	1	0	4	2	2	0	3	1	0	5	0	2	4	1	3	2	1	2	2	4	2	6	11	0	23	7	2	1	5	2	7	12	14	9	0	0	0	3	3	0	0	6	4	3	8	5	3	4	1	2	2	1	1	3	0	0	0
0	0	0	0	0	0	0	1	0	0	0	0	1	0	1	0	0	0	0	0	0	0	0	0	1	2	1	0	1	0	0	1	0	0	0	0	0	1	1	1	1	0	0	1	0	1	0	0	0	0	1	0	2	0	1	1	0	0	1	3	0	0	0	1	1	1	0	0	2	1	0	2	0	1	0	2	1	4	0	0	2	0	2	0	2	0	1	0	1	0	1	0	1	2	0	0	0	0	0	0	0	0	0	0	0	1	0	1	3	5	2	6	4	5	2	2	0	0	1	1	1	1	1	0	0	0	0	1	0	0	0	0	0	0	0	0	0	0	2	0	0	0	0	1	1	0	0	0	1	0	0	0	1	1	0	2	0	0	1	1	0	1	0	0	0	0	1	0	0	0	1	1	0	0	1	1	1	0	1	3	1	0	0	4	2	0	3	3	0	0	0	3	1	4	2	0	1	0	0	0	2	1	1	1	0	2	0	0	2	2	2	0	0	0	0	0	1	0	1	0	1	1	1	0	1	0	1	1	1	1	2	0	1	0	1	0	0	0	0	1	1	0	2	1	3	1	0	1	1	1	1	0	1	2	0	0	0	2	2	1	1	3	0	2	0	0	1	1	1	1	1	2	1	5	3	1	3	11	23	0	20	2	7	9	10	23	57	22	12	8	1	5	3	2	3	4	1	1	1	9	5	1	3	3	0	7	5	1	0	1	2	1
0	0	0	0	0	0	0	0	0	1	0	0	0	2	0	0	1	0	0	0	0	0	0	0	0	0	1	2	0	0	0	0	0	0	0	1	0	0	0	0	1	0	0	0	0	0	0	0	0	2	0	0	0	1	1	0	0	0	1	2	1	1	0	1	1	0	0	0	2	0	1	1	3	0	1	0	1	1	1	0	4	3	0	0	0	3	1	0	1	1	0	1	0	0	0	1	0	2	0	2	0	0	1	0	0	2	0	0	3	2	3	2	3	1	2	1	0	0	2	0	0	0	0	1	2	1	0	0	0	0	0	1	0	2	0	0	1	1	0	0	2	0	0	0	0	0	0	0	0	1	0	0	1	1	0	0	0	0	1	0	0	0	0	0	0	0	1	0	0	1	1	0	0	1	0	2	0	1	1	0	1	0	1	2	0	0	0	1	0	3	0	2	1	0	1	0	0	0	0	1	3	0	3	1	0	0	0	0	0	0	0	0	0	1	0	1	0	0	0	0	1	0	0	1	0	1	1	1	3	0	1	1	0	0	0	0	0	0	2	1	0	1	0	0	0	0	0	0	2	2	0	1	0	0	0	0	0	1	0	0	0	0	0	1	1	2	0	1	0	1	0	2	1	1	1	1	3	3	7	20	0	8	32	18	44	43	13	2	4	4	0	7	5	3	3	1	2	3	5	4	7	1	0	1	0	0	4	2	0	0	0	1
0	0	0	0	0	0	0	0	0	0	0	1	0	1	0	0	0	0	0	1	0	0	0	0	0	1	0	0	0	2	1	0	0	0	1	2	1	0	0	0	0	0	1	0	0	0	0	0	0	0	2	0	1	0	1	1	3	1	1	1	1	0	1	0	0	0	0	0	0	2	2	0	0	0	0	0	1	0	0	0	1	1	0	3	2	1	0	1	0	3	0	1	0	0	0	0	1	0	0	0	2	1	0	1	2	2	0	0	0	2	0	1	1	1	0	3	2	0	0	0	0	0	0	0	1	2	0	0	0	0	0	0	0	0	0	0	0	0	0	0	1	0	0	0	0	0	1	0	0	1	0	0	0	0	0	0	1	0	0	0	0	0	0	0	0	0	0	0	0	0	0	0	0	1	0	1	0	1	1	1	1	0	1	1	1	2	4	2	2	2	0	0	1	1	0	0	2	0	1	1	1	1	2	0	1	0	0	1	1	0	0	1	0	1	0	1	1	0	0	1	0	1	1	1	3	1	0	0	1	4	4	0	1	1	2	1	0	1	1	1	0	0	1	1	0	0	1	0	0	0	1	1	0	0	0	0	1	0	0	1	0	1	0	3	0	2	0	1	0	0	0	0	0	2	0	0	0	0	2	2	8	0	27	11	10	8	3	2	4	6	2	6	7	23	12	2	0	6	6	3	1	0	0	1	1	1	2	0	1	2	3	5
0	0	0	0	0	0	0	1	0	0	0	0	1	1	0	0	0	0	0	0	1	1	1	1	0	0	0	0	2	0	1	0	1	0	1	0	0	1	2	0	0	0	0	0	0	0	1	0	0	1	0	0	0	1	3	0	0	0	2	0	0	1	0	1	2	0	1	0	0	1	2	1	0	0	2	2	1	0	1	0	2	0	0	2	1	1	0	1	0	0	1	1	1	0	1	1	0	0	0	0	2	0	0	2	0	2	2	1	2	3	1	2	4	1	0	0	1	0	1	0	1	0	0	1	0	1	2	0	0	0	1	0	0	0	0	0	0	1	1	0	0	1	1	1	1	0	0	0	1	0	1	0	1	0	0	0	0	0	0	0	0	1	1	0	1	0	1	0	0	0	0	0	1	0	0	0	0	1	0	1	0	0	1	2	3	4	0	2	0	0	1	2	0	3	2	0	0	4	2	2	1	1	0	0	1	2	1	1	0	0	0	1	0	0	1	3	1	0	0	0	0	0	0	2	1	2	0	2	2	0	0	3	1	0	1	1	0	0	0	0	1	1	1	2	0	0	1	0	1	2	0	0	1	0	0	0	1	0	1	0	1	2	0	0	0	2	1	3	1	1	0	0	1	4	0	1	2	1	1	7	32	27	0	24	32	8	6	1	6	7	3	0	13	4	3	2	4	5	2	2	1	2	1	0	0	1	2	0	1	2	2	0
0	0	0	0	0	0	0	0	0	0	0	0	1	1	0	1	0	0	1	0	0	1	0	0	1	0	0	0	0	0	0	0	0	0	0	2	1	0	0	3	0	0	2	0	0	2	0	0	0	0	0	0	0	0	1	1	0	1	1	0	1	1	0	2	1	1	0	0	0	1	1	0	0	0	1	2	2	1	0	2	2	3	0	0	3	2	1	4	0	3	0	3	0	0	0	0	1	0	0	1	0	1	0	0	1	0	1	2	3	2	3	1	3	0	2	1	1	2	0	0	1	0	1	2	0	0	0	0	1	1	0	0	0	0	1	1	0	1	1	1	0	0	0	1	0	0	0	0	0	0	0	1	0	0	0	0	1	0	0	0	0	1	0	1	0	0	0	0	0	1	0	1	0	0	0	0	0	2	1	0	0	0	2	1	2	3	1	1	1	2	0	2	2	5	2	1	1	0	1	3	1	1	2	3	0	1	0	0	0	0	2	0	2	0	0	1	1	2	1	0	1	0	1	0	1	1	2	1	1	2	3	1	1	0	0	0	0	1	0	0	1	0	0	1	1	0	0	0	2	0	1	0	1	1	0	0	0	1	1	3	1	0	2	0	0	2	1	0	1	1	1	0	0	1	0	2	1	6	5	9	18	11	24	0	36	10	8	6	11	9	7	8	45	12	13	6	5	6	1	4	3	0	1	1	3	3	1	4	1	2	3	1
0	0	0	0	0	0	0	1	0	0	0	1	1	0	0	0	0	1	1	0	0	0	0	0	0	0	0	0	0	0	1	0	0	0	0	1	1	0	3	0	0	0	0	0	1	0	0	0	0	0	0	0	1	1	0	0	1	1	1	0	0	0	0	1	0	0	1	0	2	0	2	1	1	1	0	0	2	3	1	0	0	0	0	1	2	2	0	1	0	0	0	0	0	1	0	0	0	0	0	1	1	0	1	0	0	1	0	0	1	1	3	5	2	0	1	0	0	0	0	0	0	0	0	1	1	0	1	1	0	2	0	0	1	0	0	0	0	0	1	0	0	0	1	0	0	0	1	1	1	1	1	0	0	0	0	1	0	1	0	0	1	1	0	1	1	0	1	0	1	1	0	0	0	0	0	0	0	0	0	0	1	2	1	1	2	0	1	1	1	0	0	3	2	0	1	2	0	0	0	0	0	1	0	1	0	2	1	0	0	0	0	1	0	0	0	0	1	0	1	0	1	0	1	0	4	1	1	1	0	3	2	0	0	0	1	0	1	2	0	1	0	0	1	1	0	1	0	1	1	0	0	0	1	0	0	1	1	0	0	1	0	1	0	0	0	0	0	0	1	2	0	1	1	2	0	0	2	2	2	10	44	10	32	36	0	16	5	0	7	3	5	3	9	5	4	2	1	3	5	3	4	1	0	3	4	2	1	4	4	2	3	1
0	0	0	0	0	0	0	0	0	0	0	0	0	0	0	1	0	0	1	0	0	0	1	1	0	0	0	1	0	0	1	0	0	0	0	0	2	0	0	0	0	2	0	0	0	1	0	0	0	0	0	1	0	0	1	0	0	0	2	2	2	0	4	2	0	0	0	0	0	0	2	1	0	0	2	2	0	1	1	0	1	1	2	0	1	1	1	0	2	0	1	1	0	0	0	1	1	0	0	0	1	0	2	0	0	0	2	2	1	2	2	1	4	1	3	2	0	1	0	0	3	0	0	0	0	0	0	1	4	0	0	0	1	2	0	0	1	0	0	0	0	0	0	0	1	0	1	1	1	0	0	0	0	0	0	0	0	0	1	0	0	0	0	1	0	0	0	2	2	1	2	1	0	0	1	1	1	0	0	1	2	4	0	1	2	0	2	1	1	1	1	1	0	0	0	1	1	0	0	2	1	1	0	0	0	2	1	1	1	1	0	0	1	0	1	0	0	1	1	1	0	1	1	1	1	2	0	0	0	2	0	0	1	0	0	0	0	1	0	0	1	0	0	0	0	0	1	1	0	0	0	0	0	1	1	0	0	1	1	0	0	0	1	0	0	0	0	2	1	2	1	1	1	5	1	2	2	2	7	23	43	8	8	10	16	0	22	6	3	7	2	2	2	1	3	0	3	4	1	0	6	0	0	1	0	3	0	1	1	1	2	2
0	0	0	0	0	0	0	0	0	0	0	0	0	0	0	1	1	0	0	0	0	1	0	1	0	0	0	1	2	0	0	0	2	0	0	1	0	0	1	0	0	1	0	0	1	0	0	1	0	0	1	0	0	0	0	0	1	5	1	2	4	4	4	0	0	1	1	0	1	2	1	0	2	0	3	1	0	1	1	1	1	1	1	1	0	2	2	1	1	0	1	0	0	0	0	1	0	0	2	0	0	0	1	1	1	1	1	1	0	4	6	6	3	5	1	2	1	0	0	1	0	2	0	0	1	0	1	1	0	1	0	1	1	2	0	0	0	0	1	0	1	0	1	0	3	0	0	0	1	1	0	0	0	1	0	1	0	0	0	0	0	0	0	0	1	1	0	2	2	0	0	0	1	0	0	0	1	0	3	3	1	1	1	3	0	2	3	3	0	0	1	1	1	2	9	2	0	0	1	1	1	3	1	0	1	1	0	1	0	0	0	0	0	0	0	0	1	0	0	1	0	0	0	1	2	1	3	0	2	1	0	0	0	1	0	1	1	0	0	0	3	1	0	1	1	1	1	1	1	2	1	0	0	0	2	0	2	2	3	1	1	1	1	0	0	2	0	1	0	4	1	0	5	0	0	2	3	1	12	57	13	3	6	8	5	22	0	6	7	10	3	3	5	1	3	3	4	5	3	3	6	0	0	1	2	2	1	3	0	0	1	0
0	0	0	0	0	0	0	0	0	0	1	0	0	0	0	0	0	1	0	0	0	1	0	1	0	0	0	2	0	1	0	0	2	0	1	0	0	0	0	0	0	1	2	1	1	0	0	1	0	2	0	0	1	0	3	1	2	3	1	1	3	0	2	0	1	1	0	0	3	0	0	2	0	0	0	5	3	3	3	2	2	1	3	2	0	0	0	1	2	0	1	1	1	1	1	1	0	1	0	0	0	2	1	1	0	0	2	1	2	6	9	4	2	4	5	4	0	1	1	1	1	0	3	0	3	0	4	0	0	1	0	0	2	0	0	0	1	0	0	1	0	0	1	0	3	0	0	1	1	0	0	0	0	1	0	1	0	1	1	0	0	0	0	0	1	0	0	0	0	0	3	1	0	1	2	1	0	1	0	1	1	2	4	13	3	2	4	2	0	1	2	5	4	4	3	2	1	3	0	3	1	0	3	0	1	0	1	1	2	1	1	0	1	0	1	1	1	0	1	1	0	1	0	5	2	1	1	0	3	2	0	3	1	1	0	0	1	0	0	1	1	0	0	1	1	1	0	1	0	2	1	1	2	1	1	1	1	1	1	1	1	0	0	0	1	2	4	2	1	1	1	2	1	2	1	4	3	2	14	22	2	2	1	6	0	6	6	0	54	20	4	6	4	1	2	4	14	3	14	29	12	3	2	2	2	6	8	9	7	2	0	0
0	0	0	0	0	0	0	1	0	1	1	0	0	0	0	0	0	0	1	0	0	0	0	0	0	0	0	0	0	0	0	0	1	3	2	0	0	0	2	2	0	1	0	0	1	0	0	0	0	0	0	0	0	0	1	0	0	1	1	2	8	1	1	0	2	0	0	0	0	1	2	0	0	0	1	2	0	0	3	2	0	1	1	1	2	2	0	0	0	1	1	0	1	0	1	0	0	0	0	2	1	1	1	2	0	2	2	3	3	6	3	8	1	2	2	4	3	0	3	2	0	0	0	1	0	3	1	0	3	0	0	2	3	2	0	0	0	1	1	0	2	1	0	0	1	1	0	0	0	1	0	1	0	2	1	1	0	1	0	1	0	1	1	0	0	0	0	0	0	1	0	1	1	1	2	1	0	1	1	3	3	2	2	6	6	4	5	4	1	1	1	6	3	5	3	1	1	2	0	0	1	0	2	1	1	1	0	1	2	0	0	1	0	0	0	0	1	1	0	0	0	0	0	0	2	0	5	3	4	2	0	0	0	0	0	0	0	2	1	0	0	0	0	0	0	1	0	0	1	0	0	1	1	1	0	2	0	1	0	0	1	1	2	0	4	1	0	0	1	1	0	1	1	0	2	2	0	4	9	12	4	4	6	11	7	3	7	54	0	37	9	5	16	6	8	7	14	12	14	11	9	2	3	1	3	9	2	9	2	5	2	0
0	0	0	0	0	0	0	0	0	0	0	0	0	0	0	0	0	0	2	0	0	0	1	0	1	0	0	1	1	0	0	0	0	0	0	0	1	1	0	0	0	1	0	0	0	0	1	1	1	0	1	0	0	0	2	0	1	2	0	0	1	1	1	3	2	0	1	0	0	1	1	0	1	0	0	1	3	2	0	0	2	1	1	2	6	2	1	0	3	1	0	1	2	1	3	2	0	1	1	0	0	0	2	1	0	2	1	2	5	3	4	1	1	0	1	3	0	1	0	1	1	1	1	0	0	0	0	0	1	0	1	1	1	0	1	1	0	1	0	1	0	0	0	1	0	1	1	1	1	0	0	0	1	0	1	0	0	0	0	0	0	0	0	0	0	0	0	1	1	0	0	0	1	0	0	2	0	0	1	0	0	0	3	3	5	6	5	3	5	2	6	5	2	6	5	2	6	1	3	1	3	6	1	1	1	0	2	3	1	0	2	0	2	0	1	1	1	1	2	0	1	1	2	1	4	4	4	0	2	2	1	0	0	1	1	0	1	1	1	1	0	1	1	0	0	2	1	1	1	0	0	0	0	0	0	0	0	0	0	0	0	2	1	0	0	1	0	1	0	1	1	2	0	1	0	0	0	3	0	8	4	6	7	9	3	7	10	20	37	0	21	20	35	13	12	10	21	15	3	19	11	4	2	2	2	2	3	24	4	4	4	0
0	0	0	0	0	0	0	0	0	1	0	0	0	1	0	1	0	0	0	1	0	1	0	0	1	1	1	1	0	0	0	0	0	1	1	1	5	1	2	2	0	0	1	0	0	0	0	0	0	0	0	0	2	1	2	0	0	1	1	0	3	2	0	0	2	4	1	1	2	1	0	3	0	2	3	2	0	0	0	1	0	1	1	1	3	1	2	1	1	1	0	0	2	0	2	2	2	3	1	1	0	1	2	1	3	2	3	3	5	5	4	2	1	1	0	2	1	1	1	1	0	0	2	0	2	2	0	1	1	0	1	1	0	0	0	0	1	0	0	2	0	0	0	2	1	0	1	0	0	2	0	0	0	0	0	0	2	0	1	0	0	1	0	0	1	0	1	1	0	1	0	0	2	1	0	1	1	0	0	0	2	0	0	3	3	2	16	11	13	3	5	5	5	6	13	1	4	1	1	2	3	0	2	1	2	3	2	0	0	0	1	0	0	0	1	2	5	2	0	1	0	4	1	2	5	2	3	2	11	6	3	0	0	1	0	0	0	0	1	1	2	0	2	0	1	0	0	0	1	0	0	0	1	0	0	0	0	0	1	1	0	4	1	0	1	2	1	2	1	3	0	0	1	0	2	1	1	0	0	1	0	2	3	7	5	2	3	4	9	21	0	53	14	6	15	17	15	11	6	7	3	6	8	3	10	12	12	42	11	12	4	3
0	0	0	0	0	0	0	0	0	0	2	0	1	1	0	0	0	0	1	0	0	1	0	0	0	2	1	0	2	1	0	1	0	2	0	0	1	2	1	0	1	0	0	1	0	0	0	0	0	1	0	1	0	0	1	3	1	0	1	2	3	2	1	3	1	0	0	0	0	3	0	0	0	1	2	1	0	2	3	0	0	4	2	3	5	3	1	3	1	0	1	2	1	0	0	0	3	1	1	0	0	0	2	2	2	4	2	0	2	4	1	3	2	0	0	0	0	1	2	2	1	0	0	0	0	0	0	0	2	1	3	1	1	0	0	1	0	0	0	0	0	0	0	0	1	0	0	1	3	0	1	0	0	0	0	1	0	0	0	0	2	1	0	0	0	0	0	0	0	0	1	0	0	0	0	0	1	0	1	3	0	3	3	2	1	4	4	4	3	1	5	9	6	17	5	4	1	2	1	1	2	1	5	4	5	3	0	0	3	2	1	2	1	0	1	1	2	2	0	0	1	0	1	2	3	3	3	2	3	3	1	4	2	2	0	0	0	3	1	0	1	1	4	0	0	0	0	0	0	0	0	0	1	0	0	1	0	0	0	0	2	1	0	0	2	0	2	3	1	0	0	1	0	1	0	1	2	0	0	5	7	6	0	8	3	2	3	6	5	20	53	0	17	21	39	39	13	25	4	5	11	2	0	3	5	9	8	25	23	21	4	2
0	0	0	0	0	0	0	0	0	0	0	0	0	0	0	0	0	0	0	1	2	0	0	0	0	0	0	1	1	1	0	1	0	0	0	1	0	0	2	3	0	0	0	0	0	1	1	0	0	0	1	1	1	0	3	0	1	1	1	0	0	1	0	1	0	1	0	0	0	0	1	2	2	0	0	0	1	1	0	0	2	2	0	1	1	3	1	0	3	0	0	1	2	0	0	0	1	0	1	3	0	0	1	0	1	1	0	1	0	0	1	2	1	2	0	2	1	0	0	0	0	1	0	0	1	0	0	1	0	0	1	2	0	0	0	1	0	0	1	0	0	0	0	2	0	0	1	0	0	0	1	0	1	0	0	0	0	0	0	0	0	1	0	0	0	0	1	0	0	1	0	0	2	1	0	0	1	0	0	0	0	0	0	1	0	1	4	4	1	2	1	3	1	6	3	2	1	2	0	2	0	0	2	0	3	1	1	3	3	0	0	1	0	0	1	1	1	1	1	2	2	0	0	1	2	1	2	2	1	3	1	0	0	0	2	0	0	0	0	0	0	0	0	0	2	1	1	1	0	1	0	0	0	0	0	0	0	0	0	1	2	1	0	2	1	1	2	1	1	0	0	0	1	0	1	1	1	3	3	3	5	7	13	45	9	2	5	4	16	35	14	17	0	58	33	7	1	11	5	6	4	2	2	0	2	5	2	11	4	8	3	3
0	0	0	0	0	0	0	0	1	1	0	0	1	2	0	1	1	0	1	0	0	0	1	1	0	0	0	1	0	0	0	0	0	0	1	3	0	1	1	1	0	0	1	1	0	0	0	0	0	0	0	0	1	1	2	0	0	0	0	2	1	3	0	0	0	3	0	1	2	1	1	1	1	1	0	0	0	0	0	5	0	0	4	3	5	1	2	0	1	2	0	2	1	0	0	2	1	1	1	1	0	0	0	0	1	0	1	4	3	1	1	1	1	0	0	1	0	0	1	1	1	1	2	0	0	0	0	1	0	0	0	1	0	0	0	0	1	0	0	0	2	0	0	1	0	0	0	0	0	0	0	0	0	0	0	0	0	0	0	0	0	0	1	2	1	0	0	0	0	3	0	1	1	1	1	0	0	1	1	0	0	0	0	1	1	2	2	3	2	0	6	5	4	3	6	3	4	0	2	0	3	2	2	1	2	1	3	0	0	2	1	0	0	0	0	0	0	1	1	0	0	1	1	8	0	3	1	1	1	0	1	0	3	0	2	1	1	0	0	4	0	0	0	0	0	0	0	0	0	0	0	0	0	0	0	0	0	0	0	0	0	0	1	2	1	0	2	0	1	1	1	2	0	0	0	3	3	2	3	2	3	23	4	12	5	1	1	1	6	13	6	21	58	0	138	7	8	11	3	2	1	1	1	3	0	3	2	5	8	8	6	3
0	0	0	0	0	0	0	1	0	2	0	0	0	0	0	0	0	0	0	0	0	0	0	1	1	0	0	0	0	0	4	0	0	0	0	1	2	0	1	1	1	0	3	1	0	0	0	2	0	0	0	0	0	1	2	0	0	0	1	0	0	0	0	1	0	1	0	1	2	3	0	2	1	1	2	1	3	0	1	4	3	1	0	1	4	2	0	0	3	2	1	0	1	1	1	0	1	0	1	0	0	0	1	1	1	0	2	1	2	2	3	1	1	0	3	0	0	0	0	1	0	1	0	0	0	0	0	0	1	0	0	3	0	0	1	0	0	1	0	0	1	0	0	0	2	0	0	2	1	0	0	0	0	0	0	1	1	0	0	0	0	0	0	1	1	1	0	0	0	3	0	0	0	1	0	0	0	0	0	0	0	0	0	1	1	4	1	5	1	1	2	6	1	10	5	2	2	0	0	0	2	5	4	2	1	1	3	0	4	0	1	0	0	1	1	0	1	0	1	3	0	1	0	1	1	2	2	2	3	0	2	2	1	1	2	0	0	0	1	0	0	0	0	0	0	0	0	1	0	0	0	2	0	0	0	2	0	1	1	1	1	0	0	3	0	1	1	0	1	0	0	0	2	0	1	1	1	1	0	3	3	12	3	13	4	3	3	2	8	12	15	39	33	138	0	25	10	20	2	7	1	2	0	2	0	1	4	4	3	9	5	2
0	0	0	0	0	0	0	0	1	0	0	1	1	0	0	1	2	0	0	1	0	2	2	0	1	3	0	1	2	1	0	0	0	0	2	1	1	0	2	1	1	0	0	0	0	0	1	0	1	0	2	0	0	1	2	0	1	1	1	0	1	2	0	0	2	0	1	1	1	0	1	0	2	0	3	3	0	2	1	2	0	5	2	4	12	6	1	0	3	1	0	1	0	0	2	0	2	1	0	1	2	0	3	0	3	4	1	4	5	10	2	3	0	0	1	0	0	2	1	1	2	0	0	2	0	2	1	1	0	1	1	3	2	0	0	1	0	0	0	0	2	1	0	2	1	0	0	2	2	1	1	0	0	0	0	0	0	0	3	0	1	0	0	2	0	0	0	1	0	2	1	0	0	1	1	1	1	2	0	1	0	0	0	3	2	2	3	1	2	6	2	13	17	44	20	4	1	1	0	1	6	3	7	4	3	6	3	2	0	2	0	0	0	1	2	0	1	2	1	0	1	0	1	2	1	0	1	2	2	3	3	3	0	0	1	0	1	0	0	1	0	0	0	0	0	0	1	1	1	0	0	0	0	1	2	1	1	0	1	0	0	0	0	1	1	1	2	1	0	0	2	2	0	0	0	2	1	1	0	4	1	2	2	6	2	0	3	4	7	10	17	39	7	7	25	0	12	38	10	3	5	0	1	2	2	10	9	22	5	9	9	4
0	0	0	0	0	0	0	0	0	2	1	1	0	1	1	0	1	1	0	1	1	1	0	0	1	1	0	1	0	1	0	0	0	0	0	5	1	1	0	2	0	1	0	0	2	0	0	2	0	0	0	0	1	0	2	1	2	0	2	3	4	2	0	0	3	0	0	2	1	2	0	0	1	3	1	5	2	1	3	1	1	1	1	4	1	0	2	0	3	2	1	0	0	1	3	0	0	0	0	0	1	0	2	3	5	6	2	4	9	17	7	1	1	2	2	3	2	2	1	2	1	2	1	2	1	2	1	2	1	0	1	0	0	1	1	0	0	1	2	0	0	0	0	1	0	1	0	1	0	2	2	0	1	0	0	0	1	0	0	0	1	1	0	1	0	0	0	3	0	1	0	0	0	0	0	0	1	1	1	2	1	2	1	1	5	7	7	7	8	3	3	10	7	6	14	5	1	0	0	0	3	2	2	2	5	1	0	0	1	1	1	1	0	0	2	2	1	0	0	0	0	4	2	3	8	1	0	0	3	5	1	0	0	0	1	1	0	0	1	2	1	2	0	0	1	0	2	1	1	1	3	0	1	0	0	3	0	1	0	0	1	1	2	2	3	4	7	1	1	1	0	1	0	0	0	2	0	4	6	1	2	0	4	5	1	3	4	14	14	21	15	13	1	8	10	12	0	46	43	45	14	4	4	4	3	7	24	44	16	8	3	3
0	0	0	0	0	0	0	1	0	0	0	0	2	2	0	0	0	0	0	1	0	3	3	3	1	0	0	2	0	3	0	0	1	1	0	1	2	3	2	2	1	0	0	0	0	1	0	1	1	0	1	1	1	0	2	2	0	1	0	4	2	2	2	1	2	1	1	1	1	1	0	1	1	1	2	1	3	1	1	0	1	2	7	4	7	6	0	1	1	1	1	1	1	0	4	1	0	0	0	1	1	0	2	3	3	2	3	5	8	11	7	0	1	1	1	1	3	0	1	1	0	0	0	0	0	1	0	1	1	0	1	0	2	1	0	2	0	0	1	1	0	0	1	0	1	0	0	0	1	1	0	0	0	1	0	0	0	0	0	0	1	0	0	1	1	1	0	1	1	0	0	1	0	1	1	2	1	4	0	1	2	1	1	3	2	1	9	6	2	5	3	11	11	20	19	2	1	3	1	3	3	5	3	5	1	3	1	1	1	2	1	0	2	1	1	3	0	0	1	2	0	0	4	0	1	0	0	2	0	3	1	1	0	0	0	0	1	0	2	1	1	0	0	0	0	0	0	1	0	0	1	1	0	1	1	0	2	0	2	1	0	0	1	1	1	2	0	1	1	1	2	1	2	0	0	0	1	0	4	1	3	6	5	6	3	4	5	3	12	15	11	25	11	11	20	38	46	0	25	25	5	7	2	0	4	11	12	24	10	12	4	3
0	0	0	0	0	0	0	0	1	0	0	0	0	0	0	0	2	1	0	1	1	1	0	2	0	0	1	0	0	0	1	0	0	1	1	1	0	3	2	2	1	2	0	0	0	0	1	0	0	2	1	0	0	0	3	1	2	1	2	4	7	4	2	2	1	2	1	0	3	1	3	1	3	0	3	2	5	7	3	4	1	3	1	4	6	4	1	1	0	1	1	2	2	1	1	1	0	2	1	3	0	4	1	0	4	2	5	9	13	29	12	7	1	1	5	5	1	1	3	1	0	1	2	0	1	1	3	1	2	0	2	0	0	0	0	1	0	0	1	1	0	0	4	0	0	0	1	2	1	0	1	0	0	1	1	1	0	0	1	0	1	0	0	2	2	0	1	0	1	0	0	1	0	0	0	0	0	0	0	1	3	4	1	8	8	5	4	5	5	4	2	5	7	5	14	2	3	2	0	0	2	1	3	3	1	3	3	2	0	2	1	1	0	2	1	0	0	1	0	0	1	0	2	0	2	4	2	2	3	3	3	0	0	1	2	2	1	1	0	1	0	0	0	4	1	1	1	1	0	0	1	1	2	2	0	1	2	0	0	1	0	0	0	0	0	1	3	7	2	0	1	0	1	2	0	2	1	1	3	1	5	6	2	1	5	1	3	14	14	3	6	4	5	3	2	10	43	25	0	98	6	5	1	2	2	13	11	9	4	1	1	2
0	0	0	0	0	0	0	0	0	0	1	0	0	0	1	0	0	0	0	0	0	0	0	0	1	1	2	0	0	0	0	1	0	0	0	1	3	0	2	0	0	1	1	0	0	0	0	0	0	1	0	0	0	0	1	1	2	2	1	5	8	5	3	4	1	0	2	1	1	6	3	0	0	1	0	2	4	3	1	0	3	4	2	6	0	0	1	0	1	2	1	0	2	3	1	0	0	0	0	0	0	0	0	3	2	2	4	3	11	25	11	4	0	1	1	6	0	0	1	4	0	0	3	0	3	6	3	1	1	0	1	1	2	4	0	0	0	1	0	0	1	1	0	2	4	1	1	1	1	1	0	0	0	1	1	0	0	0	0	1	0	1	0	1	1	4	0	0	1	0	2	1	1	1	3	1	1	0	1	0	1	3	4	8	2	8	2	6	3	3	2	4	2	6	10	2	4	1	2	2	1	1	3	3	1	1	1	2	1	0	0	1	0	0	0	3	0	0	0	0	0	1	2	2	4	3	2	1	1	0	3	2	0	1	2	0	0	1	1	0	2	0	0	1	2	0	0	1	1	0	1	1	0	2	0	0	0	1	0	0	0	3	2	0	1	2	2	2	1	0	0	1	2	2	2	2	2	1	8	9	4	3	2	4	3	0	3	29	11	19	7	5	6	2	7	3	45	25	98	0	21	8	1	4	8	12	15	14	5	4	3	2
0	0	0	0	0	0	0	0	0	1	2	2	1	0	1	1	1	0	0	0	0	0	1	0	1	0	0	0	0	2	1	1	0	0	0	2	1	1	0	0	2	1	1	0	0	1	1	2	1	0	1	0	0	2	2	4	2	1	1	4	1	3	1	1	3	0	2	0	1	0	0	2	2	1	2	0	2	4	3	2	5	2	2	1	0	1	0	0	0	1	1	0	0	0	1	0	1	1	0	0	0	0	0	1	2	3	1	8	9	3	10	8	3	4	4	5	2	1	2	5	3	1	0	0	1	0	0	3	1	0	0	0	0	0	0	3	0	0	0	0	0	1	2	3	1	1	0	1	3	1	0	1	0	2	1	0	1	1	1	0	3	1	0	2	2	0	0	1	0	0	0	0	2	1	0	0	2	1	3	1	2	3	2	27	8	7	8	5	3	1	3	2	5	2	2	3	2	3	2	2	1	2	1	2	1	0	1	0	3	4	0	0	0	1	1	2	2	2	1	0	2	2	3	3	7	1	3	3	3	5	2	2	2	0	1	0	1	4	1	2	2	1	1	0	0	0	1	1	1	2	0	2	1	2	1	1	2	1	2	2	1	2	4	0	2	3	7	3	4	2	1	1	1	1	3	1	5	2	5	5	7	1	1	3	4	6	6	12	9	11	3	11	4	1	1	5	14	5	6	21	0	13	10	6	17	22	6	8	11	6	2	1
0	0	0	0	0	0	0	0	1	0	2	1	0	2	0	1	1	0	0	0	0	0	2	1	6	0	3	1	0	1	1	0	0	0	0	0	2	2	1	2	0	0	1	1	0	0	1	1	0	0	1	0	1	1	7	3	5	2	3	6	5	5	3	2	0	1	2	2	2	3	2	0	1	0	2	1	2	5	2	1	1	1	2	0	3	1	1	1	1	0	0	0	2	1	1	0	0	0	0	0	0	0	1	0	1	2	1	5	11	11	7	1	1	1	3	6	6	2	2	2	2	2	0	1	1	0	0	1	4	1	5	0	0	1	3	0	1	1	0	2	0	0	1	2	0	1	3	1	0	3	1	0	2	0	0	1	1	0	1	3	0	2	0	0	2	0	2	0	3	2	1	0	0	0	0	4	1	1	1	2	1	1	17	117	22	8	7	0	0	1	1	4	0	1	3	2	2	1	2	2	0	2	2	0	0	3	0	1	2	1	0	2	1	0	0	0	2	0	0	2	2	0	2	3	2	1	2	1	1	2	1	1	0	1	1	0	0	1	1	2	0	1	2	2	5	1	2	0	0	0	1	2	1	0	5	1	0	2	3	3	0	1	4	4	7	11	14	9	1	1	2	0	1	2	0	1	2	3	3	1	1	0	2	0	1	0	0	3	2	4	6	2	2	1	2	0	4	7	5	8	13	0	30	12	6	7	6	4	3	1	1	1
0	0	0	0	0	0	0	0	0	0	1	0	1	1	2	0	1	1	1	1	0	0	2	1	0	2	0	0	0	0	1	0	0	0	2	1	1	1	3	3	0	2	2	1	0	0	0	2	1	1	3	0	2	0	7	8	6	2	1	3	5	2	2	3	1	1	0	0	2	2	1	0	4	1	0	1	5	1	0	2	1	2	2	0	0	1	0	0	1	1	0	0	0	0	0	0	0	0	1	0	2	0	2	0	1	4	3	3	9	6	9	3	1	5	3	3	1	1	2	2	2	2	1	1	1	0	2	2	2	0	4	0	4	0	0	1	0	0	1	0	1	2	1	1	1	1	1	5	3	0	1	0	1	0	0	0	2	2	2	1	0	1	2	1	1	0	3	5	1	0	1	3	0	1	3	0	1	2	4	1	2	3	8	20	21	10	4	0	2	3	2	1	3	1	0	2	1	3	0	2	2	0	0	0	2	1	1	1	3	0	0	0	2	1	3	0	0	1	0	3	2	1	5	5	1	2	2	2	3	3	1	1	2	0	1	0	3	3	1	1	2	2	1	1	3	3	3	1	0	0	3	1	1	3	6	2	2	2	2	4	3	7	9	4	11	10	12	5	3	4	0	0	1	1	0	1	5	2	4	3	0	0	1	1	0	0	0	2	3	2	8	0	2	1	0	1	4	2	1	1	10	30	0	55	10	4	1	5	5	0	0	2
0	0	0	0	0	0	0	0	0	1	0	1	0	0	0	1	0	0	0	1	0	1	0	0	0	2	1	0	0	0	1	0	0	0	0	1	2	0	1	1	1	0	0	1	0	1	0	1	0	1	4	0	1	0	3	1	1	1	2	0	5	5	1	1	2	0	1	1	0	0	1	0	1	1	2	1	3	0	2	2	0	1	0	0	1	1	0	1	0	0	0	0	0	0	0	0	0	0	2	0	0	1	2	0	0	2	2	2	0	2	4	2	1	0	2	2	1	0	0	0	4	1	0	1	1	1	2	1	0	2	1	0	0	0	3	1	0	0	1	1	1	0	0	2	2	0	0	2	1	0	1	1	2	0	0	0	1	1	2	1	0	1	2	2	1	3	2	1	1	1	0	1	0	4	1	0	4	1	4	2	3	5	2	11	18	14	5	2	1	0	2	4	1	1	2	1	1	1	0	0	0	2	1	0	3	1	0	0	0	0	0	1	0	1	1	1	1	1	0	1	6	2	6	6	9	3	0	2	5	1	0	2	0	0	2	0	1	2	3	2	0	2	2	1	4	0	3	3	4	1	2	0	3	2	4	1	1	4	5	3	7	6	2	1	7	5	5	1	4	3	1	1	1	0	5	0	1	2	1	3	1	1	0	1	3	1	1	2	1	2	3	3	0	3	2	2	4	0	2	4	6	12	55	0	26	3	3	2	4	2	1	2
0	0	0	0	0	0	0	0	0	0	3	1	0	2	1	1	1	0	0	0	0	0	0	1	0	0	1	2	0	0	0	0	0	1	0	3	4	1	0	1	1	0	0	0	0	0	0	0	0	0	1	0	1	1	1	0	1	1	2	0	2	2	0	2	1	2	1	1	1	2	2	1	0	3	1	1	1	0	1	1	2	1	1	0	0	2	0	0	0	1	1	0	1	1	1	0	0	1	1	0	1	0	1	0	0	3	2	5	7	4	3	1	0	2	0	1	1	0	1	2	1	2	0	0	1	1	0	0	0	2	0	0	0	0	0	1	0	1	0	0	1	0	1	0	0	0	2	1	0	2	0	0	1	1	0	0	1	0	3	0	0	0	0	0	2	0	1	0	0	3	1	0	0	1	1	0	2	1	0	0	1	3	2	7	19	13	14	2	1	4	3	1	1	3	3	2	2	1	1	1	3	2	2	1	2	3	1	0	0	1	0	0	2	2	4	1	1	4	3	0	3	2	5	11	50	12	4	2	4	3	0	2	1	1	0	1	2	2	1	1	2	2	1	2	0	1	2	0	0	1	2	1	0	2	1	2	0	1	2	1	1	5	2	3	2	6	3	1	0	1	0	0	0	1	2	1	1	0	2	0	0	1	0	3	4	0	2	2	3	2	10	5	2	0	0	2	3	4	2	8	17	6	10	26	0	15	6	5	7	2	1	5
0	0	0	0	0	0	0	0	0	0	0	0	1	1	1	1	2	0	0	0	0	0	3	2	0	0	2	0	0	0	0	0	1	3	2	1	2	1	0	0	0	0	1	1	0	0	0	0	1	0	0	0	1	1	0	1	1	2	1	2	3	1	0	0	1	2	0	0	3	1	1	1	1	0	2	3	2	0	4	2	0	0	2	4	1	3	1	1	1	1	1	1	0	0	0	1	0	1	2	1	0	0	1	4	1	3	3	3	3	3	4	3	1	3	0	2	0	3	3	1	0	1	1	1	1	2	0	1	0	0	2	1	1	1	1	1	0	0	2	1	0	0	1	0	1	1	0	0	1	1	0	1	0	0	1	0	0	1	2	0	0	0	0	2	0	2	0	0	2	0	0	0	1	1	0	2	0	1	0	0	1	1	2	6	17	26	29	7	2	2	0	3	3	4	7	5	0	0	1	0	2	0	4	4	2	2	0	1	3	0	1	2	1	0	0	4	1	3	3	2	0	2	2	8	16	7	4	2	9	12	7	2	0	2	2	0	1	1	2	3	1	0	0	1	1	1	0	3	0	0	1	0	0	1	4	2	0	0	1	1	1	1	2	1	0	2	3	2	0	0	1	1	1	2	1	1	2	1	2	7	0	1	1	3	2	3	2	6	9	2	12	9	5	3	1	10	7	11	13	12	22	7	4	3	15	0	15	51	21	7	0	2
0	0	0	0	0	0	0	0	0	0	0	0	1	0	0	1	0	0	0	1	1	2	0	2	0	0	0	3	1	0	1	0	2	3	0	4	2	2	3	1	0	0	0	1	2	1	3	0	0	1	1	1	1	2	2	1	1	0	1	1	5	0	1	0	0	0	0	4	0	3	1	1	0	1	1	0	3	3	1	1	0	2	1	4	2	5	3	2	1	1	0	1	1	0	1	0	0	2	0	0	2	1	2	0	4	6	11	17	14	8	7	1	1	0	1	1	1	0	1	1	2	0	1	2	1	1	0	1	0	1	0	0	2	0	1	0	0	1	0	0	0	1	0	1	1	0	0	1	0	1	2	1	0	0	0	2	0	0	0	0	1	0	3	0	1	1	0	1	1	1	1	0	1	0	1	1	1	0	0	2	0	2	1	8	6	16	12	15	3	9	22	21	10	10	29	13	2	2	0	1	2	3	3	3	10	3	1	1	2	1	5	2	2	2	2	1	4	6	5	2	0	1	0	7	4	5	1	2	5	8	6	1	2	1	1	1	2	1	2	0	1	1	0	0	0	0	0	0	1	0	0	1	0	2	0	0	0	0	1	3	0	3	0	2	3	2	3	2	0	0	1	1	0	0	1	0	0	1	1	5	4	2	2	1	1	0	1	8	2	3	12	8	2	2	4	9	24	12	11	15	6	6	1	3	6	15	0	53	55	21	5	5
0	0	0	0	0	0	0	0	1	1	0	2	0	0	1	1	1	1	1	0	0	0	1	0	0	3	0	0	3	1	2	2	0	0	0	2	0	1	1	2	1	0	3	0	0	2	1	0	1	1	0	0	0	1	2	0	0	3	0	1	3	2	3	2	0	4	1	0	1	1	0	1	1	0	0	2	2	0	3	1	1	4	3	3	5	4	1	1	1	1	1	1	1	1	1	0	0	0	1	0	1	1	0	1	2	4	6	2	8	3	5	1	0	1	1	3	1	0	1	0	2	1	1	0	0	1	1	2	2	1	0	1	1	0	1	0	1	0	0	1	0	2	1	0	0	1	1	0	3	4	0	0	0	0	0	1	0	2	0	1	0	1	0	1	0	0	0	0	1	2	0	0	1	1	3	1	1	1	1	0	1	0	2	6	10	16	18	11	8	2	9	6	13	7	15	3	2	4	2	1	3	2	3	5	1	6	1	4	4	1	0	0	2	2	0	0	0	3	1	4	2	1	1	3	4	4	3	2	2	5	4	2	5	1	2	1	2	2	1	3	1	0	0	0	0	0	0	0	1	0	0	2	0	0	1	0	1	1	1	3	1	3	0	0	1	1	2	0	0	1	2	1	1	1	0	3	0	1	1	1	2	0	0	4	4	1	3	9	9	24	42	25	11	5	4	22	44	24	9	14	8	4	5	2	5	51	53	0	63	19	2	1
0	0	0	0	0	0	0	1	0	1	0	1	1	2	1	2	0	1	0	0	0	1	1	2	1	0	0	3	0	0	1	2	0	0	0	3	4	3	1	0	1	0	1	0	2	2	1	1	1	0	1	2	1	2	0	2	2	2	1	2	2	2	0	0	1	0	1	0	1	0	2	1	0	1	1	0	0	2	3	1	1	1	1	0	2	1	3	0	5	2	1	1	0	0	3	2	0	2	1	0	1	1	0	3	3	2	8	5	7	6	3	2	2	0	0	0	1	2	0	0	2	1	0	0	0	0	1	0	1	0	3	1	0	0	2	1	1	0	0	0	2	3	0	1	0	0	0	1	0	1	1	1	0	0	0	0	1	0	1	0	2	2	0	0	0	1	0	1	0	3	1	1	1	1	0	0	1	1	0	1	1	1	0	1	12	24	28	20	11	6	23	15	9	7	11	3	1	0	0	1	3	1	5	4	6	8	4	2	2	1	1	2	3	1	0	1	5	4	5	4	3	1	4	5	15	0	1	6	5	8	4	5	1	3	4	4	3	2	1	2	1	1	0	2	0	0	0	2	0	1	0	2	0	0	0	0	0	0	0	0	0	0	2	0	1	1	0	3	2	0	0	2	0	1	0	2	1	0	3	0	0	1	1	1	4	1	0	7	2	4	11	23	4	8	3	5	16	10	4	5	11	3	5	4	7	21	55	63	0	29	3	6
0	0	0	0	0	0	0	0	0	0	0	1	0	1	0	0	0	0	2	0	0	1	0	0	3	2	2	1	2	1	0	0	1	0	0	1	1	1	3	0	1	0	1	3	1	0	0	0	0	0	1	1	0	1	0	3	1	0	2	2	3	2	1	0	0	1	0	0	1	1	1	0	0	0	1	2	2	0	1	0	1	0	2	3	5	5	2	2	2	1	0	1	0	1	2	0	0	0	0	0	2	1	5	2	4	4	3	3	2	4	4	0	2	1	2	2	3	1	3	1	0	0	0	0	0	3	0	3	0	1	0	0	0	1	0	0	0	0	0	0	0	0	0	0	0	0	0	0	1	0	1	1	0	0	0	0	2	0	0	0	0	0	1	0	0	0	0	0	0	1	0	0	0	1	1	1	0	1	0	1	0	1	0	2	2	5	11	46	22	6	21	13	10	12	3	5	2	2	1	0	4	4	14	3	4	3	4	3	2	1	1	1	1	4	4	5	5	3	3	2	2	4	4	7	8	2	2	5	9	9	6	3	7	2	3	1	1	3	0	0	1	2	1	0	1	0	2	0	0	0	0	0	1	1	0	0	0	0	0	0	0	2	0	0	1	2	0	2	1	0	0	0	1	0	3	1	1	1	0	1	0	2	2	2	2	1	0	2	5	4	12	21	8	8	9	9	8	12	1	4	6	1	0	2	2	7	21	19	29	0	13	12
0	0	0	0	0	0	0	0	1	0	0	0	0	1	1	2	0	0	0	0	0	1	0	1	0	1	1	1	0	1	1	0	0	3	0	1	2	1	2	1	2	1	0	0	1	0	0	0	1	0	0	1	4	0	1	2	1	0	1	0	1	1	0	0	1	0	1	0	0	0	1	3	0	0	0	1	0	2	0	1	2	2	0	1	5	6	4	1	2	1	0	1	0	0	0	1	0	1	0	2	1	1	2	2	4	3	2	0	1	3	0	1	0	2	0	0	3	0	1	2	0	0	0	0	0	0	1	0	0	0	0	0	0	1	1	0	0	0	0	1	0	2	0	1	0	0	1	3	0	1	0	0	0	0	0	0	1	1	0	0	1	0	0	0	0	0	0	2	0	0	1	0	2	0	0	1	0	0	0	1	0	1	2	1	0	4	2	9	9	1	3	10	2	12	4	3	1	1	2	0	2	7	6	9	8	4	3	2	1	1	3	1	0	3	1	2	3	2	3	1	1	0	0	0	0	3	3	3	2	5	5	4	2	2	1	0	1	0	0	1	0	0	0	0	0	0	1	0	0	0	0	0	0	0	0	0	0	2	0	0	1	0	0	0	2	1	0	0	0	0	0	1	0	0	0	1	0	0	0	2	0	3	2	3	3	2	1	0	2	4	4	4	3	6	5	9	3	4	1	3	2	1	0	1	1	0	5	2	3	13	0	54
0	0	0	0	0	0	0	0	1	1	0	2	0	0	1	2	0	0	0	1	0	2	1	1	1	1	0	0	2	0	0	0	1	2	0	3	2	2	3	0	0	0	0	0	0	1	0	0	0	1	0	0	0	0	0	0	0	0	1	0	0	0	2	0	1	0	0	0	0	2	1	1	1	0	0	0	2	0	0	1	1	1	1	2	3	1	2	2	1	0	0	1	0	0	2	1	1	0	1	0	1	1	4	3	3	3	2	2	2	2	1	0	0	0	1	1	0	1	1	2	1	1	0	1	1	0	0	0	0	0	0	0	2	1	1	0	1	0	1	0	1	0	0	0	1	0	2	0	0	0	0	1	0	0	0	2	1	1	1	1	1	0	0	0	1	0	0	0	0	1	0	1	0	0	0	0	0	0	0	0	0	0	0	0	2	2	3	15	10	6	4	3	2	3	4	3	3	1	0	2	1	1	4	3	10	2	4	1	2	2	1	2	2	3	1	2	3	3	2	1	3	0	2	3	2	2	0	7	7	13	10	5	1	1	2	1	3	3	2	1	0	0	0	1	0	0	0	0	0	0	1	0	1	0	0	1	0	0	0	2	0	0	1	1	1	0	1	0	1	0	0	0	0	0	0	0	0	1	0	1	1	5	0	1	1	2	0	0	0	0	3	2	3	3	2	4	3	3	2	2	1	1	2	2	5	2	5	1	6	12	54	0
