0	0	0	0	0	0	0	0	0	0	0	0	0	0	0	0	0	0	0	0	0	0	0	0	0	0	0	0	0	0	0	0	0	0	0	0	0	0	0	0	0	0	0	0	0	0	0	0	0	0	0	0	0	0	0	0	0	0	0	0	0	0	0	0	0	0	0	0	0	0	0	0	0	0	0	0	0	0	0	0	0	0	0	0	0	0	0	0	0	0	0	0	0	0	0	0	0	0	0	0	0	0	0	0	0	0	0	0	0	0	0	0	0	0	0	0	0	0	0	0	0	0	0	0	0	0	0	0	0	0	0	0	0	0	0	0	0	0	0	0	0	0	0	0	0	0	0	0	0	0	0	0	0	0	0	0	0	0	0	0	0	0	0	0	0	0	0	0	0	0	0	0	0	0	0	0	0	0	0	0	0	0	0	0	0	0	0	0	0	0	0	0	0	0	0	0	0	0	0	0	0	0	0	0	0	0	0	0	0	0	0	0	0	0	0	0	0	0	0	0	0	0	0	0	0	0	0	0	0	0	0	0	0	0	0	0	0	0	0	0	0	0	0	0	0	0	0	0	0	0	0	0	0	0	0	0	0	0	0	0	0	0	0	0	0	0	0	0	0	0	0	0	0	0	0	0	0	0	0	0	0	0	0	0	0	0	0	0	0	0	0	0	0	0	0	0	0	0	0	0	0	0	0	0	0	0	0	0	0	0	0	0
0	0	0	0	0	0	0	0	0	0	0	0	0	0	0	0	0	0	0	0	0	0	0	0	0	0	0	0	0	0	0	0	0	0	0	0	0	0	0	0	0	0	0	0	0	0	0	0	0	0	0	0	0	0	0	0	0	0	0	0	0	0	0	0	0	0	0	0	0	0	0	0	0	0	0	0	0	0	0	0	0	0	0	0	0	0	0	0	0	0	0	0	0	0	0	0	0	0	0	0	0	0	0	0	0	0	0	0	0	0	0	0	0	0	0	0	0	0	0	0	0	0	0	0	0	0	0	0	0	0	0	0	0	0	0	0	0	0	0	0	0	0	0	0	0	0	0	0	0	0	0	0	0	0	0	0	0	0	0	0	0	0	0	0	0	0	0	0	0	0	0	0	0	0	0	0	0	0	0	0	0	0	0	0	0	0	0	0	0	0	0	0	0	0	0	0	0	0	0	0	0	0	0	0	0	0	0	0	0	0	0	0	0	0	0	0	0	0	0	0	0	0	0	0	0	0	0	0	0	0	0	0	0	0	0	0	0	0	0	0	0	0	0	0	0	0	0	0	0	0	0	0	0	0	0	0	0	0	0	0	0	0	0	0	0	0	0	0	0	0	0	0	0	0	0	0	0	0	0	0	0	0	0	0	0	0	0	0	0	0	0	0	0	0	0	0	0	0	0	0	0	0	0	0	0	0	0	0	0	0	0	0
0	0	0	0	0	0	0	0	0	0	0	0	0	0	0	0	0	0	0	0	0	0	0	0	0	0	0	0	0	0	0	0	0	0	0	0	0	0	0	0	0	0	0	0	0	0	0	0	0	0	0	0	0	0	0	0	0	0	0	0	0	0	0	0	0	0	0	0	0	0	0	0	0	0	0	0	0	0	0	0	0	0	0	0	0	0	0	0	0	0	0	0	0	0	0	0	0	0	0	0	0	0	0	0	0	0	0	0	0	0	0	0	0	0	0	0	0	0	0	0	0	0	0	0	0	0	0	0	0	0	0	0	0	0	0	0	0	0	0	0	0	0	0	0	0	0	0	0	0	0	0	0	0	0	0	0	0	0	0	0	0	0	0	0	0	0	0	0	0	0	0	0	0	0	0	0	0	0	0	0	0	0	0	0	0	0	0	0	0	0	0	0	0	0	0	0	0	0	0	0	0	0	0	0	0	0	0	0	0	0	0	0	0	0	0	0	0	0	0	0	0	0	0	0	0	0	0	0	0	0	0	0	0	0	0	0	0	0	0	0	0	0	0	0	0	0	0	0	0	0	0	0	0	0	0	0	0	0	0	0	0	0	0	0	0	0	0	0	0	0	0	0	0	0	0	0	0	0	0	0	0	0	0	0	0	0	0	0	0	0	0	0	0	0	0	0	0	0	0	0	0	0	0	0	0	0	0	0	0	0	0	0
0	0	0	0	0	0	0	0	0	0	0	0	0	0	0	0	0	0	0	0	0	0	0	0	0	0	0	0	0	0	0	0	0	0	0	0	0	0	0	0	0	0	0	0	0	0	0	0	0	0	0	0	0	0	0	0	0	0	0	0	0	0	0	0	0	0	0	0	0	0	0	0	0	0	0	0	0	0	0	0	0	0	0	0	0	0	0	0	0	0	0	0	0	0	0	0	0	0	0	0	0	0	0	0	0	0	0	0	0	0	0	0	0	0	0	0	0	0	0	0	0	0	0	0	0	0	0	0	0	0	0	0	0	0	0	0	0	0	0	0	0	0	0	0	0	0	0	0	0	0	0	0	0	0	0	0	0	0	0	0	0	0	0	0	0	0	0	0	0	0	0	0	0	0	0	0	0	0	0	0	0	0	0	0	0	0	0	0	0	0	0	0	0	0	0	0	0	0	0	0	0	0	0	0	0	0	0	0	0	0	0	0	0	0	0	0	0	0	0	0	0	0	0	0	0	0	0	0	0	0	0	0	0	0	0	0	0	0	0	0	0	0	0	0	0	0	0	0	0	0	0	0	0	0	0	0	0	0	0	0	0	0	0	0	0	0	0	0	0	0	0	0	0	0	0	0	0	0	0	0	0	0	0	0	0	0	0	0	0	0	0	0	0	0	0	0	0	0	0	0	0	0	0	0	0	0	0	0	0	0	0	0
0	0	0	0	0	0	0	0	0	0	0	0	0	0	0	0	0	0	0	0	0	0	0	0	0	0	0	0	0	0	0	0	0	0	0	0	0	0	0	0	0	0	0	0	0	0	0	0	0	0	0	0	0	0	0	0	0	0	0	0	0	0	0	0	0	0	0	0	0	0	0	0	0	0	0	0	0	0	0	0	0	0	0	0	0	0	0	0	0	0	0	0	0	0	0	0	0	0	0	0	0	0	0	0	0	0	0	0	0	0	0	0	0	0	0	0	0	0	0	0	0	0	0	0	0	0	0	0	0	0	0	0	0	0	0	0	0	0	0	0	0	0	0	0	0	0	0	0	0	0	0	0	0	0	0	0	0	0	0	0	0	0	0	0	0	0	0	0	0	0	0	0	0	0	0	0	0	0	0	0	0	0	0	0	0	0	0	0	0	0	0	0	0	0	0	0	0	0	0	0	0	0	0	0	0	0	0	0	0	0	0	0	0	0	0	0	0	0	0	0	0	0	0	0	0	0	0	0	0	0	0	0	0	0	0	0	0	0	0	0	0	0	0	0	0	0	0	0	0	0	0	0	0	0	0	0	0	0	0	0	0	0	0	0	0	0	0	0	0	0	0	0	0	0	0	0	0	0	0	0	0	0	0	0	0	0	0	0	0	0	0	0	0	0	0	0	0	0	0	0	0	0	0	0	0	0	0	0	0	0	0	0
0	0	0	0	0	0	0	0	0	0	0	0	0	0	0	0	0	0	0	0	0	0	0	0	0	0	0	0	0	0	0	0	0	0	0	0	0	0	0	0	0	0	0	0	0	0	0	0	0	0	0	0	0	0	0	0	0	0	0	0	0	0	0	0	0	0	0	0	0	0	0	0	0	0	0	0	0	0	0	0	0	0	0	0	0	0	0	0	0	0	0	0	0	0	0	0	0	0	0	0	0	0	0	0	0	0	0	0	0	0	0	0	0	0	0	0	0	0	0	0	0	0	0	0	0	0	0	0	0	0	0	0	0	0	0	0	0	0	0	0	0	0	0	0	0	0	0	0	0	0	0	0	0	0	0	0	0	0	0	0	0	0	0	0	0	0	0	0	0	0	0	0	0	0	0	0	0	0	0	0	0	0	0	0	0	0	0	0	0	0	0	0	0	0	0	0	0	0	0	0	0	0	0	0	0	0	0	0	0	0	0	0	0	0	0	0	0	0	0	0	0	0	0	0	0	0	0	0	0	0	0	0	0	0	0	0	0	0	0	0	0	0	0	0	0	0	0	0	0	0	0	0	0	0	0	0	0	0	0	0	0	0	0	0	0	0	0	0	0	0	0	0	0	0	0	0	0	0	0	0	0	0	0	0	0	0	0	0	0	0	0	0	0	0	0	0	0	0	0	0	0	0	0	0	0	0	0	0	0	0	0	0
0	0	0	0	0	0	0	0	0	0	0	0	0	0	0	0	0	0	0	0	0	0	0	0	0	0	0	0	0	0	0	0	0	0	0	0	0	0	0	0	0	0	0	0	0	0	0	0	0	0	0	0	0	0	0	0	0	0	0	0	0	0	0	0	0	0	0	0	0	0	0	0	0	0	0	0	0	0	0	0	0	0	0	0	0	0	0	0	0	0	0	0	0	0	0	0	0	0	0	0	0	0	0	0	0	0	0	0	0	0	0	0	0	0	0	0	0	0	0	0	0	0	0	0	0	0	0	0	0	0	0	0	0	0	0	0	0	0	0	0	0	0	0	0	0	0	0	0	0	0	0	0	0	0	0	0	0	0	0	0	0	0	0	0	0	0	0	0	0	0	0	0	0	0	0	0	0	0	0	0	0	0	0	0	0	0	0	0	0	0	0	0	0	0	0	0	0	0	0	0	0	0	0	0	0	0	0	0	0	0	0	0	0	0	0	0	0	0	0	0	0	0	0	0	0	0	0	0	0	0	0	0	0	0	0	0	0	0	0	0	0	0	0	0	0	0	0	0	0	0	0	0	0	0	0	0	0	0	0	0	0	0	0	0	0	0	0	0	0	0	0	0	0	0	0	0	0	0	0	0	0	0	0	0	0	0	0	0	0	0	0	0	0	0	0	0	0	0	0	0	0	0	0	0	0	0	0	0	0	0	0	0
0	0	0	0	0	0	0	0	22	6	4	0	2	1	2	1	0	0	1	1	2	0	0	1	0	1	1	3	0	2	0	2	3	1	0	0	2	0	1	0	0	0	0	0	1	0	0	0	0	0	1	1	0	2	0	1	1	0	2	0	2	0	1	1	0	1	0	0	2	0	0	2	1	0	0	1	0	1	0	0	1	0	0	1	0	1	0	0	2	0	0	1	0	0	2	1	0	0	2	3	0	2	0	0	1	0	0	0	0	0	0	0	1	0	0	0	1	1	0	0	0	0	1	0	1	0	0	1	1	1	0	0	0	0	0	0	1	0	0	0	1	0	1	0	0	0	0	1	1	0	1	1	0	0	0	0	0	0	1	0	0	1	0	0	0	0	0	0	1	1	0	1	1	0	1	1	0	0	0	0	0	1	1	0	0	1	0	0	1	0	0	0	0	0	0	0	0	0	1	1	1	0	0	0	0	0	0	0	1	1	1	0	3	0	1	0	0	0	0	0	0	1	0	1	2	0	1	0	0	0	0	0	0	1	0	0	0	0	0	1	0	0	0	0	0	0	0	2	0	0	0	1	0	0	0	0	0	1	0	0	0	0	1	0	1	0	0	0	0	0	1	0	0	0	0	0	0	0	1	0	1	1	0	0	1	0	1	0	0	0	0	0	0	0	0	0	0	0	0	0	2	1	0	0	0	1	1	0	1	0	0	1
0	0	0	0	0	0	0	22	0	18	12	9	1	0	0	0	0	0	0	2	1	1	0	1	0	1	2	2	2	6	5	5	2	2	1	2	3	1	3	0	0	1	0	0	1	3	1	0	0	0	0	1	1	0	0	1	0	1	0	1	0	0	1	2	0	2	2	0	2	1	1	2	3	2	2	1	0	0	0	1	0	0	0	0	0	2	0	1	0	0	1	1	1	0	0	0	2	1	0	1	0	1	0	0	0	0	0	0	0	0	0	0	0	0	1	0	0	0	0	0	0	0	0	0	0	0	1	1	0	1	0	0	1	0	0	0	1	0	0	0	0	0	2	0	0	0	1	0	0	0	0	0	0	0	2	0	0	0	0	0	1	0	0	0	0	0	0	0	0	4	0	1	0	0	4	0	0	1	1	0	1	0	1	1	0	0	1	0	0	0	0	0	0	0	0	0	0	0	0	1	1	0	0	3	1	0	0	2	0	0	0	1	0	1	0	0	0	1	0	1	0	1	0	0	0	0	0	0	0	0	0	0	0	0	1	0	0	0	1	0	0	0	0	1	2	0	0	1	2	1	0	0	1	0	0	1	1	0	0	0	0	0	0	0	1	0	1	0	0	0	1	0	0	0	0	0	2	1	1	0	0	0	0	0	0	0	0	1	0	1	0	1	0	0	0	0	2	0	1	1	2	0	0	0	0	0	0	0	0	1	1	0
0	0	0	0	0	0	0	6	18	0	76	33	2	0	0	0	0	2	2	2	0	1	1	1	0	2	0	1	5	4	6	5	2	1	1	1	4	1	1	0	1	3	2	0	0	1	0	1	0	1	2	1	0	0	1	2	0	0	0	0	0	1	0	4	4	1	0	2	2	1	0	0	2	2	1	2	2	4	0	1	2	0	0	2	1	0	3	0	0	0	0	0	1	1	0	0	1	2	0	0	1	4	1	2	0	0	0	1	0	1	0	0	0	0	0	2	0	0	1	0	0	0	0	0	1	0	1	0	0	0	0	0	1	0	0	1	2	0	0	0	0	0	4	2	0	0	1	0	0	0	0	0	1	2	0	0	0	0	2	0	0	1	0	0	0	2	1	1	0	1	3	0	2	0	0	0	1	0	0	0	0	0	3	0	1	0	0	0	0	0	1	0	1	0	0	0	0	0	0	1	0	3	0	1	1	1	0	0	0	1	2	2	0	1	1	0	0	1	1	0	1	1	0	0	2	2	2	0	0	1	0	1	0	0	0	0	1	0	0	0	0	0	0	0	0	0	1	0	0	1	0	1	0	0	0	0	3	0	0	0	0	0	0	0	0	0	0	0	0	0	0	0	0	0	0	0	0	0	1	0	0	1	0	0	0	0	0	0	0	0	0	0	1	0	0	0	0	1	0	0	1	0	0	0	0	0	0	0	0	0	0	0
0	0	0	0	0	0	0	4	12	76	0	46	1	1	0	0	0	0	1	0	2	0	1	0	1	0	1	2	1	2	4	2	1	2	2	2	3	0	1	0	0	2	0	1	2	0	3	1	0	0	1	0	0	0	0	0	1	0	0	2	0	0	1	0	0	0	1	2	2	0	2	0	0	3	1	0	1	0	0	0	0	1	0	1	0	2	1	0	1	0	0	0	0	1	0	0	0	1	0	1	0	1	1	0	0	0	1	1	0	0	0	1	0	1	0	1	0	0	0	0	1	0	0	0	0	0	0	1	0	0	0	0	0	0	0	0	0	0	1	0	1	0	1	0	0	0	0	0	1	1	0	3	0	2	0	0	1	0	0	0	1	0	0	1	0	1	0	2	2	3	2	0	3	0	1	2	0	0	0	0	0	0	1	1	0	0	2	1	1	1	0	1	0	0	0	0	0	0	0	0	1	0	0	1	2	0	0	1	2	1	3	1	0	0	0	0	1	1	0	1	2	0	0	0	0	0	1	0	0	0	0	0	0	0	0	0	0	1	0	0	0	0	1	0	0	0	0	1	1	0	1	1	0	1	0	0	0	0	0	0	0	0	0	0	0	0	0	0	0	0	0	1	1	1	0	0	0	0	0	0	0	0	0	0	0	0	0	2	1	2	0	1	1	0	0	1	1	1	0	2	0	0	1	0	0	1	0	2	0	0	0	0
0	0	0	0	0	0	0	0	9	33	46	0	1	0	0	0	0	0	0	0	0	0	0	0	2	0	0	2	4	4	3	3	1	2	0	0	3	2	1	0	3	2	1	1	1	1	2	0	0	1	1	0	1	2	2	1	2	1	1	1	0	1	2	2	0	0	0	3	1	0	0	0	0	1	3	3	0	0	1	0	2	1	1	0	2	0	0	0	0	2	0	0	1	0	2	1	0	4	1	4	3	1	0	0	1	1	2	0	0	0	0	1	0	0	0	0	0	1	0	0	1	0	0	1	1	0	0	1	1	1	0	0	0	1	1	0	0	0	0	0	0	3	0	2	1	2	1	0	2	0	1	0	1	1	1	2	0	1	2	0	0	1	0	0	0	1	1	2	0	1	1	0	0	0	0	0	0	0	0	0	0	0	1	2	0	0	0	0	0	0	0	0	0	1	1	0	1	0	0	0	0	0	3	0	0	0	0	2	0	6	1	0	1	0	2	1	0	2	1	1	0	0	3	0	0	1	0	2	0	1	0	0	0	1	0	1	0	0	0	0	1	1	1	0	0	0	0	1	0	1	1	0	0	0	0	0	1	0	0	0	1	0	0	0	0	0	0	1	1	1	2	0	0	0	0	0	1	0	0	0	0	0	1	0	0	0	0	0	1	0	0	0	0	0	1	0	0	0	0	0	1	1	0	0	0	0	0	0	1	1	0	0
0	0	0	0	0	0	0	2	1	2	1	1	0	124	29	25	18	8	4	2	0	0	3	4	1	3	0	3	0	1	2	1	0	1	2	3	2	0	3	1	2	3	0	0	0	2	1	0	2	2	0	0	0	0	1	2	2	0	0	1	0	0	0	1	1	2	0	4	0	1	0	0	2	2	4	1	0	0	0	1	1	0	1	1	1	0	0	1	2	1	2	0	0	0	0	2	0	0	2	0	1	1	0	1	2	0	2	0	0	0	0	1	0	0	0	2	0	0	1	0	1	1	0	1	1	1	2	1	0	0	1	0	1	1	1	0	0	0	0	0	0	1	3	0	1	2	0	0	0	1	1	1	0	2	1	1	0	0	0	0	1	0	1	1	1	0	0	1	0	0	2	0	2	2	0	1	0	2	2	1	0	1	1	0	1	1	1	1	2	0	0	1	1	0	0	1	1	0	0	1	0	0	0	0	0	0	0	0	0	0	1	0	0	0	0	1	0	1	0	2	0	0	0	1	1	2	0	0	0	0	1	0	1	0	0	0	0	0	1	0	0	0	1	0	1	0	0	0	1	0	0	0	0	1	0	1	0	0	0	0	0	0	0	0	0	0	0	1	0	0	0	0	0	0	0	0	0	0	1	0	0	0	0	1	0	0	0	0	0	0	2	0	0	0	0	1	0	0	0	0	0	0	0	0	0	0	0	0	1	0	0	2
0	0	0	0	0	0	0	1	0	0	1	0	124	0	20	18	16	12	4	4	3	1	2	2	4	2	3	2	1	0	2	2	1	4	3	2	0	2	5	3	2	2	0	0	0	1	0	1	0	0	0	0	0	1	0	2	0	0	0	1	0	1	0	2	0	2	2	3	0	1	0	0	0	1	3	2	2	0	0	2	0	0	1	2	0	0	1	0	0	0	2	0	0	0	1	1	2	0	1	0	2	0	0	0	0	1	0	0	0	0	0	0	1	0	1	0	0	1	0	0	1	1	0	0	0	0	2	0	1	2	1	0	1	2	0	0	1	1	0	1	1	1	1	0	1	1	2	1	0	1	0	0	0	1	1	1	0	0	0	0	0	1	0	0	0	2	2	2	1	0	0	1	0	0	0	0	2	0	1	1	0	0	0	0	1	0	1	1	1	0	0	0	1	1	1	0	0	0	0	1	0	0	0	0	0	0	1	1	0	1	0	0	0	0	0	0	1	0	0	0	1	1	1	1	0	3	0	0	0	0	0	1	0	0	0	0	0	0	0	0	0	1	0	1	0	1	0	0	1	1	0	0	0	1	0	0	0	0	0	0	1	1	1	0	0	0	0	0	2	0	0	2	0	1	0	0	0	1	0	0	0	0	0	0	0	0	0	0	0	0	0	0	0	2	1	1	1	0	0	0	0	0	0	0	0	0	0	0	0	0	1	1
0	0	0	0	0	0	0	2	0	0	0	0	29	20	0	28	10	8	3	1	0	0	1	2	2	2	3	1	0	1	0	1	1	0	1	5	0	0	0	1	0	1	0	0	1	0	3	1	2	0	0	0	0	0	0	1	0	1	1	0	1	0	1	0	0	0	1	1	1	1	2	0	1	1	2	2	1	0	0	0	1	0	1	0	1	1	0	0	1	0	0	0	0	0	0	0	0	0	0	1	0	1	0	1	1	1	0	0	1	0	0	1	1	0	0	0	0	3	0	1	0	1	0	2	0	0	1	0	1	0	0	2	3	0	0	1	0	0	1	0	1	0	1	0	0	1	0	2	0	0	0	1	1	0	0	0	0	1	0	0	0	0	1	1	0	1	0	2	0	0	0	0	1	3	0	1	0	1	1	0	0	0	0	0	0	1	0	0	0	1	0	1	0	0	0	0	0	0	1	0	0	0	0	1	0	0	0	0	0	0	0	0	0	0	2	0	0	0	0	0	0	0	1	0	1	0	0	0	0	0	1	0	0	0	1	0	0	0	0	0	0	0	1	0	0	0	0	0	0	2	0	0	0	1	0	0	0	0	0	0	2	0	1	0	0	0	1	0	0	1	0	1	0	0	2	1	0	0	0	0	0	0	0	0	0	0	0	0	0	0	0	0	0	0	0	0	0	0	0	0	0	0	0	0	0	0	0	0	0	0	0	0
0	0	0	0	0	0	0	1	0	0	0	0	25	18	28	0	7	27	4	3	0	2	2	1	2	4	1	1	0	0	2	0	4	1	3	2	0	3	4	2	1	0	0	2	3	1	1	0	1	0	0	0	2	0	0	0	0	0	2	0	0	1	1	2	1	0	0	1	0	0	0	2	0	0	8	2	2	0	0	0	2	0	2	1	1	2	0	2	0	0	0	1	1	0	1	0	0	1	1	0	1	0	0	0	0	1	2	0	0	1	0	1	0	0	0	1	0	1	1	1	2	0	1	0	2	1	1	1	0	5	0	3	1	1	2	0	0	2	1	0	0	2	0	1	0	1	2	1	1	0	0	0	1	0	0	0	0	0	0	0	0	0	0	1	0	0	0	0	0	3	1	2	0	1	0	0	0	0	0	0	3	2	1	1	0	0	0	1	1	0	1	0	1	0	0	0	1	1	0	0	1	0	2	1	2	0	0	0	0	1	0	0	0	2	0	1	0	0	0	0	0	0	0	0	0	1	1	1	0	0	0	0	1	0	0	0	0	0	0	0	0	0	1	0	0	1	0	0	1	1	0	0	1	2	0	0	1	0	0	0	0	0	0	0	0	0	0	1	0	1	0	0	1	1	0	0	0	0	1	0	0	0	0	0	0	0	0	0	0	0	0	1	0	0	0	0	0	0	0	0	0	0	0	0	0	0	1	0	0	0	0	0
0	0	0	0	0	0	0	0	0	0	0	0	18	16	10	7	0	42	14	7	3	4	2	12	12	9	9	6	2	1	2	1	2	1	3	8	1	1	0	0	2	1	0	1	4	1	0	1	0	0	3	0	1	0	0	0	1	0	1	0	3	1	0	2	3	2	1	2	2	2	1	1	3	6	5	3	8	1	1	0	2	1	4	3	0	4	4	3	1	2	3	0	3	3	0	4	3	1	1	0	0	2	0	1	1	0	0	1	1	0	0	0	0	0	1	0	2	1	1	0	0	0	2	0	2	2	0	3	0	3	0	6	0	0	0	4	1	0	0	0	4	1	1	2	1	2	1	0	1	1	0	1	1	0	0	0	0	1	2	2	0	0	0	0	0	1	0	1	1	3	0	0	1	2	1	3	0	0	0	1	0	3	0	2	0	2	0	0	1	0	0	1	1	0	0	0	0	0	0	0	0	0	0	0	0	0	0	0	0	0	1	0	0	0	0	1	1	1	2	0	0	0	0	0	0	0	1	0	0	0	2	0	1	0	0	0	0	0	0	0	0	0	2	0	0	0	0	1	0	0	1	0	0	1	0	1	1	0	0	1	0	0	0	0	1	1	0	1	0	1	0	0	0	1	0	0	0	0	0	0	0	0	0	0	1	1	0	0	0	0	0	1	0	0	1	0	0	0	2	0	0	0	1	0	1	1	0	0	0	0	1	0
0	0	0	0	0	0	0	0	0	2	0	0	8	12	8	27	42	0	19	11	1	5	5	7	8	3	1	2	0	1	2	0	3	2	2	4	0	3	3	2	2	1	1	0	0	1	2	1	0	1	0	0	0	1	0	3	0	0	4	0	2	1	0	3	1	1	0	2	1	3	2	1	2	0	3	3	2	1	1	0	0	1	2	3	1	2	2	1	0	0	0	1	0	1	0	1	1	0	1	1	0	0	0	1	1	0	3	0	2	0	0	0	0	0	0	0	0	2	4	0	2	3	0	1	1	8	2	0	1	0	4	1	1	1	1	1	3	0	2	0	2	2	4	1	1	0	0	0	1	1	0	0	0	1	0	1	1	0	1	1	1	0	0	0	0	1	1	0	1	0	0	1	3	2	2	1	4	1	0	0	1	0	4	1	2	1	1	1	1	0	1	1	0	0	0	0	1	1	0	0	0	0	0	1	0	0	0	0	0	0	1	0	0	1	0	0	0	0	0	0	2	1	0	0	1	1	0	0	2	0	0	0	0	0	0	0	0	0	0	0	0	0	0	0	0	0	0	0	0	0	0	1	0	1	0	1	0	0	0	0	0	0	1	0	0	0	0	0	0	1	2	0	0	0	0	0	0	0	0	0	1	0	0	0	0	0	0	1	0	0	1	0	1	0	0	0	1	0	0	0	0	0	0	0	0	0	0	0	0	0	0	0
0	0	0	0	0	0	0	1	0	2	1	0	4	4	3	4	14	19	0	18	4	1	2	5	18	5	4	3	0	1	1	1	2	3	5	3	0	2	3	2	4	1	1	1	0	0	0	0	1	0	0	0	0	0	0	0	3	2	1	1	0	1	2	1	0	2	0	1	1	0	3	0	1	3	5	2	4	2	0	0	1	2	1	5	1	3	1	1	3	0	1	3	2	0	1	4	0	0	1	1	0	0	0	0	0	1	0	1	1	0	0	2	1	1	1	1	2	0	0	1	1	0	1	5	6	1	3	0	5	1	7	3	4	1	4	2	4	0	1	1	0	6	1	3	1	3	2	1	1	0	2	0	0	1	1	0	0	1	0	0	0	0	0	1	0	0	1	1	2	2	1	2	3	1	1	2	1	0	3	2	0	1	0	2	1	0	0	1	1	0	2	0	2	0	0	0	0	0	2	0	0	0	0	0	0	0	1	1	0	0	1	0	0	0	1	0	2	1	4	0	0	1	1	1	0	0	1	0	0	0	1	0	1	0	1	0	0	0	0	0	0	0	0	0	0	1	1	0	0	0	2	0	0	0	0	2	1	0	0	0	1	0	1	1	0	1	0	0	1	0	0	0	1	0	0	1	0	0	0	0	0	0	0	0	0	0	0	0	0	0	2	0	0	0	0	0	0	2	0	0	0	0	0	0	0	0	1	1	0	0	0	0
0	0	0	0	0	0	0	1	2	2	0	0	2	4	1	3	7	11	18	0	25	17	18	11	18	3	3	4	0	1	0	2	1	1	1	2	0	1	3	4	3	4	2	2	0	0	0	1	0	1	0	0	0	1	0	0	0	0	2	2	1	1	2	3	2	1	0	1	1	2	3	4	1	5	1	8	5	1	2	2	1	3	5	3	2	4	0	1	7	0	0	2	4	0	1	3	3	3	2	2	1	1	2	1	0	0	0	0	1	0	2	2	0	0	1	0	5	3	3	2	3	3	4	2	0	9	9	6	6	13	14	6	8	3	9	7	1	2	0	5	3	3	1	0	1	3	1	0	0	1	0	1	1	1	0	1	1	0	0	0	1	1	0	1	0	0	0	0	0	2	0	1	3	1	0	3	4	4	1	1	1	1	1	1	0	0	0	1	1	0	1	0	1	0	0	0	0	0	0	0	0	0	0	0	0	1	0	2	0	1	1	2	0	0	0	0	0	0	0	0	0	0	0	0	1	0	0	0	0	0	0	0	0	0	0	0	0	0	0	0	0	0	0	0	1	0	0	0	0	2	1	0	0	0	0	0	0	1	0	0	0	0	0	1	1	1	1	1	0	0	0	0	0	0	0	1	0	0	0	1	0	2	0	0	0	0	1	0	0	0	1	0	0	0	0	0	0	1	0	0	1	0	1	1	0	0	2	0	0	0	0	0
0	0	0	0	0	0	0	2	1	0	2	0	0	3	0	0	3	1	4	25	0	18	16	2	9	7	3	3	2	0	1	0	3	4	5	4	1	3	4	1	4	6	1	5	5	1	1	0	0	3	1	0	1	0	1	2	3	0	2	0	1	4	2	3	4	2	1	3	1	2	1	2	6	3	1	5	4	1	2	0	3	3	9	6	4	2	1	2	3	2	0	2	2	2	2	3	3	1	3	1	1	1	0	3	2	1	0	1	3	3	1	0	0	3	0	0	3	2	2	2	4	1	1	0	2	4	7	4	4	6	3	4	6	8	21	14	8	3	2	1	1	17	2	1	0	4	0	6	1	2	1	0	1	1	0	0	0	0	1	1	0	0	0	1	0	0	0	0	0	0	3	1	1	1	2	2	3	3	2	1	2	6	4	0	2	1	0	1	0	1	3	0	0	0	1	2	0	0	0	0	0	2	0	1	0	0	0	0	0	1	1	0	1	2	0	1	0	0	1	1	1	1	2	2	3	0	1	0	0	1	0	0	1	0	0	0	0	1	0	0	0	0	0	1	3	0	1	0	1	0	1	0	1	0	2	1	2	1	1	0	1	0	0	1	0	1	0	0	0	0	1	0	2	1	2	0	1	0	0	0	0	1	0	1	0	0	0	0	1	0	0	0	0	0	0	0	1	0	0	1	0	0	1	1	0	1	0	0	0	0	0	0
0	0	0	0	0	0	0	0	1	1	0	0	0	1	0	2	4	5	1	17	18	0	48	8	11	3	2	1	3	1	0	1	1	3	1	0	1	0	1	1	4	4	2	4	2	0	1	0	1	2	0	1	1	0	0	0	0	0	1	1	2	3	0	2	5	0	1	2	5	1	2	4	3	3	2	10	3	3	1	2	2	3	18	7	4	5	6	6	11	1	0	3	0	1	5	7	5	1	2	1	1	4	1	0	2	1	2	2	3	1	0	1	0	0	2	1	1	2	2	1	2	1	1	6	1	5	10	5	5	2	9	19	19	18	25	5	2	2	6	7	5	1	1	1	2	2	2	2	1	1	1	0	0	0	0	0	0	1	2	1	0	0	0	0	0	1	2	1	1	4	0	0	3	2	1	2	1	1	0	1	2	2	0	1	2	2	0	0	0	2	0	2	0	0	0	1	1	1	0	0	0	0	0	0	0	0	0	0	0	1	0	2	0	0	1	0	0	1	2	1	1	0	0	3	0	0	0	0	0	0	0	0	0	0	0	0	0	1	0	2	1	0	0	0	0	2	0	0	0	2	1	0	1	0	0	1	0	0	0	0	0	0	0	0	0	0	0	0	0	0	0	0	0	0	1	0	0	0	0	0	0	1	0	0	0	0	0	0	1	0	0	0	0	0	0	0	0	0	0	0	1	0	0	2	1	0	0	0	1	0	0	0
0	0	0	0	0	0	0	0	0	1	1	0	3	2	1	2	2	5	2	18	16	48	0	26	11	3	6	7	1	2	1	3	0	1	1	2	3	3	2	1	4	1	3	1	2	2	2	0	1	0	0	0	0	1	2	1	0	1	1	2	3	0	3	4	2	1	1	2	2	4	1	4	2	3	6	10	8	6	1	2	4	4	15	8	2	7	8	8	11	2	0	4	4	1	3	11	3	2	2	0	2	1	0	2	2	4	1	0	0	1	1	0	0	0	1	1	5	1	1	2	1	2	3	2	1	4	1	5	3	3	4	2	15	6	4	3	0	1	1	0	6	2	3	0	2	0	2	0	1	0	1	1	1	0	1	1	1	0	1	1	0	1	0	1	0	0	1	2	0	2	2	1	1	1	1	1	0	1	1	1	1	1	0	1	2	0	0	0	0	1	0	0	1	1	1	1	0	0	0	0	0	0	0	0	0	1	0	0	0	0	1	0	0	0	0	1	0	2	0	1	0	0	0	2	1	0	0	0	1	0	0	0	0	1	0	1	1	0	0	0	1	0	1	1	0	0	1	1	1	3	1	0	0	1	2	0	0	1	0	0	1	2	0	0	1	1	0	1	0	1	0	1	0	0	1	0	0	0	0	0	1	0	0	0	1	0	1	0	0	0	0	0	0	0	0	0	0	0	0	0	0	0	0	0	0	0	0	0	0	0	1	0
0	0	0	0	0	0	0	1	1	1	0	0	4	2	2	1	12	7	5	11	2	8	26	0	30	5	8	1	4	0	1	2	1	3	4	6	2	1	1	5	3	4	1	5	3	3	0	0	0	0	2	0	0	0	0	1	1	3	0	2	3	1	0	2	3	2	1	5	0	0	1	2	6	2	15	10	4	2	2	1	3	0	15	2	1	2	6	6	5	2	2	2	0	1	1	5	3	3	2	1	2	1	2	4	1	2	1	1	0	0	1	0	0	0	0	1	1	1	0	1	0	1	0	0	1	0	2	0	0	7	8	1	9	4	4	3	0	0	0	1	2	4	0	2	0	0	4	0	1	1	0	0	0	1	0	0	0	0	1	0	0	0	0	0	0	0	0	0	2	0	1	0	2	1	1	3	1	1	0	2	2	2	0	0	1	0	0	1	2	0	0	1	0	0	0	1	0	0	0	1	0	0	0	1	0	0	0	1	0	0	4	1	0	1	1	0	0	1	1	1	0	0	2	0	1	0	0	0	0	0	0	0	1	0	0	0	0	0	0	0	0	0	0	0	0	1	0	0	0	0	0	1	0	1	1	0	0	1	0	1	1	0	1	0	0	0	0	0	0	1	0	1	0	0	0	0	0	0	1	0	0	0	1	0	0	0	0	1	0	2	2	2	1	0	0	0	0	0	0	0	1	1	0	1	1	0	0	0	0	0	1	0
0	0	0	0	0	0	0	0	0	0	1	2	1	4	2	2	12	8	18	18	9	11	11	30	0	23	5	9	1	0	1	3	3	5	7	7	2	6	8	3	6	6	7	5	2	6	4	2	1	0	0	0	1	0	1	1	1	1	3	0	2	0	4	4	4	4	1	4	6	4	1	6	1	5	4	11	7	1	3	3	2	3	7	3	1	2	5	5	2	1	1	2	3	1	5	4	3	2	2	4	1	0	3	0	3	0	0	2	0	1	0	2	0	1	0	0	1	2	1	1	3	1	0	5	0	2	0	0	2	5	3	1	3	4	2	5	2	2	3	1	2	10	7	2	2	2	1	1	1	1	1	0	1	1	0	0	1	1	0	1	0	0	0	1	0	1	0	0	2	1	2	1	0	4	2	1	3	3	1	3	1	1	2	1	3	2	1	2	3	0	1	1	0	0	2	0	0	0	0	0	1	2	1	0	0	0	2	0	0	1	0	1	2	0	0	2	1	1	1	2	1	0	0	1	1	0	0	0	0	0	0	0	0	0	0	0	0	0	0	0	0	0	0	0	0	0	1	1	0	1	0	1	1	0	0	0	0	0	1	1	0	0	0	0	1	1	0	0	1	0	0	1	1	0	0	1	0	0	0	0	0	0	1	1	2	1	0	0	0	0	0	1	1	0	0	1	1	2	0	1	0	1	0	1	0	0	0	0	0	0	3	0
0	0	0	0	0	0	0	1	1	2	0	0	3	2	2	4	9	3	5	3	7	3	3	5	23	0	26	14	2	3	1	4	4	10	9	29	7	8	25	10	10	10	8	4	4	3	2	1	1	4	4	1	0	0	0	3	2	1	5	2	0	3	3	4	1	3	4	6	4	3	1	1	8	6	1	11	7	2	2	0	1	1	3	2	8	6	5	1	3	1	1	0	0	0	1	5	5	2	1	3	2	0	1	0	0	3	2	0	2	1	4	1	0	0	2	0	1	1	0	0	0	2	2	0	0	1	2	5	4	2	1	0	0	1	5	2	4	0	2	0	2	6	5	2	1	1	5	1	2	2	1	2	2	0	0	1	3	0	2	0	0	1	0	0	0	0	0	1	5	2	3	4	2	3	0	3	4	3	0	0	2	5	4	2	1	1	0	0	1	1	0	1	1	2	1	0	0	0	0	0	0	0	1	1	0	0	0	0	1	1	1	1	0	0	1	0	0	2	1	2	0	1	0	3	0	1	1	0	0	0	0	0	0	0	1	0	0	0	2	1	0	1	2	0	0	1	0	1	1	3	1	1	0	3	0	2	0	0	0	0	0	1	2	0	1	3	0	0	0	0	1	0	0	1	2	0	0	1	0	0	0	0	1	1	0	0	0	0	0	2	1	0	1	0	2	0	2	0	0	0	0	0	0	0	0	0	0	0	0	0	1	1
0	0	0	0	0	0	0	1	2	0	1	0	0	3	3	1	9	1	4	3	3	2	6	8	5	26	0	158	5	6	7	3	9	30	17	33	13	6	8	7	5	22	12	6	3	5	5	1	1	0	2	2	2	0	1	0	3	2	3	1	1	6	2	10	2	8	7	8	6	0	1	1	7	18	6	9	9	4	2	1	1	3	4	2	2	0	3	0	2	4	3	2	4	1	0	0	0	4	4	3	2	1	1	0	0	0	1	2	0	0	1	2	0	0	2	1	1	0	1	0	0	0	0	1	0	1	1	0	2	1	2	1	1	2	1	2	2	1	4	2	3	5	3	2	2	2	4	1	3	1	0	0	0	1	0	0	0	0	0	0	1	0	0	0	0	2	0	2	1	1	4	1	4	2	1	2	1	2	1	0	1	0	5	2	0	2	0	0	1	1	0	0	3	2	0	0	1	0	1	0	0	0	0	1	1	1	2	1	1	1	5	2	1	0	1	1	0	4	1	0	0	2	2	1	3	1	1	0	0	0	0	0	0	1	0	0	0	0	0	1	0	0	0	0	0	0	1	1	1	0	0	0	0	0	0	1	0	0	0	1	1	0	0	0	0	0	0	0	1	1	0	0	2	0	0	1	1	0	0	0	0	1	0	0	1	3	1	1	1	0	1	0	1	0	0	2	1	0	0	0	1	1	1	0	2	1	0	0	1	1	0	2
0	0	0	0	0	0	0	3	2	1	2	2	3	2	1	1	6	2	3	4	3	1	7	1	9	14	158	0	4	5	6	6	12	18	9	15	8	8	9	6	5	14	4	3	2	6	3	0	1	2	2	0	0	2	3	1	1	0	0	1	1	1	5	7	1	3	3	4	3	5	2	6	4	15	7	9	15	4	3	2	2	2	3	1	2	7	4	1	4	1	3	2	3	1	3	1	3	0	6	8	0	1	2	0	1	0	1	0	1	1	0	0	1	0	0	1	1	1	1	0	0	1	2	1	1	0	1	0	0	1	2	2	2	1	1	2	1	0	2	1	2	1	0	0	0	5	3	2	2	0	1	0	1	2	0	0	1	0	0	0	2	0	0	0	1	0	0	2	1	1	0	1	2	0	3	1	1	0	1	1	1	0	1	1	1	1	0	1	0	1	0	1	0	2	0	1	2	0	0	0	0	0	0	0	0	1	1	0	0	2	0	1	0	1	0	0	1	3	2	1	0	0	0	0	1	2	0	0	0	0	1	0	0	0	0	0	1	0	0	1	0	0	0	1	0	0	3	1	1	0	0	2	1	2	2	0	1	0	0	0	0	0	2	2	0	1	0	1	0	0	1	1	0	0	0	0	0	0	0	0	1	1	0	1	0	0	0	1	1	0	0	1	0	0	0	0	0	0	0	0	0	0	0	0	0	0	0	2	0	0	0	0
0	0	0	0	0	0	0	0	2	5	1	4	0	1	0	0	2	0	0	0	2	3	1	4	1	2	5	4	0	182	16	16	23	46	5	4	10	12	4	2	4	5	4	5	3	1	7	2	0	0	1	2	3	0	1	3	1	3	6	4	1	2	4	5	0	6	12	8	6	2	1	1	5	6	4	1	3	3	2	1	1	0	1	0	2	2	2	0	1	2	2	1	2	2	1	1	1	2	5	5	0	1	1	2	1	1	0	0	0	0	2	0	0	0	0	0	0	1	0	1	1	1	0	1	0	1	1	1	1	0	0	0	0	0	1	1	1	0	0	0	1	2	0	1	0	1	0	1	1	2	1	0	2	1	1	1	1	2	3	0	1	0	0	0	1	0	1	3	0	6	5	1	3	3	2	1	2	0	2	0	0	1	0	3	1	0	1	3	0	0	0	0	2	0	0	0	0	0	1	0	1	0	0	0	1	1	1	0	0	2	0	0	1	1	0	0	0	1	0	0	1	0	2	0	2	1	1	0	0	0	0	0	1	0	0	0	0	0	0	1	0	0	0	1	1	1	1	0	3	0	1	0	0	0	1	2	0	1	0	0	0	0	1	2	0	0	0	0	1	0	0	1	0	0	0	0	0	0	0	0	0	0	0	1	0	0	0	1	0	0	2	0	0	0	1	1	3	0	0	0	0	0	2	0	0	0	0	1	0	0	1	1
0	0	0	0	0	0	0	2	6	4	2	4	1	0	1	0	1	1	1	1	0	1	2	0	0	3	6	5	182	0	32	18	7	16	6	5	12	6	3	1	1	3	4	2	1	6	1	2	4	0	3	2	2	0	0	5	3	1	1	1	3	4	1	3	7	4	6	5	4	1	0	2	3	6	5	3	1	2	1	2	3	1	0	1	5	2	0	0	1	2	2	1	0	0	1	1	2	2	1	3	2	4	4	1	2	0	0	1	0	0	0	1	1	0	0	0	1	1	0	1	1	1	0	0	0	0	0	1	2	0	0	0	2	1	0	2	0	1	0	0	0	0	2	0	1	1	1	2	0	1	1	3	1	0	0	0	0	1	2	2	0	1	0	0	2	1	4	0	3	2	3	1	2	1	5	0	2	1	1	0	0	1	2	2	1	4	0	2	2	1	0	0	1	0	0	0	1	2	0	0	0	0	1	0	1	0	1	1	1	3	2	2	2	2	0	1	2	0	0	2	0	1	0	1	0	0	0	0	1	0	1	0	1	0	0	0	0	0	0	0	0	1	1	1	0	0	0	1	0	0	0	0	0	0	1	0	1	2	1	0	0	1	1	0	1	0	1	0	1	0	0	0	1	0	1	0	0	0	0	0	0	1	0	0	2	2	0	0	0	0	1	0	1	0	0	0	0	0	0	0	0	0	1	1	0	0	0	0	0	0	1	0
0	0	0	0	0	0	0	0	5	6	4	3	2	2	0	2	2	2	1	0	1	0	1	1	1	1	7	6	16	32	0	20	8	16	5	9	4	2	3	2	1	5	4	0	1	1	2	0	5	1	0	0	1	0	0	3	0	0	2	1	0	1	1	1	2	5	5	5	1	0	1	2	6	5	5	4	3	4	2	0	3	4	2	3	6	2	0	1	3	2	2	7	0	1	1	2	1	1	1	4	5	3	1	0	1	1	1	1	1	0	0	0	0	0	0	0	1	1	0	0	2	0	0	1	0	1	1	0	2	1	1	1	0	0	0	0	1	1	0	0	0	1	3	2	0	1	1	1	2	0	1	0	1	0	0	1	0	0	1	1	0	0	0	0	0	1	0	2	3	1	2	1	1	2	1	2	2	1	0	0	0	0	3	1	2	1	1	0	2	0	0	0	0	1	0	0	0	0	0	2	2	1	1	0	0	0	0	0	0	0	0	0	2	0	0	0	0	1	0	3	1	1	0	0	1	1	0	0	0	0	0	0	0	2	0	0	1	0	1	0	2	0	0	0	0	0	0	0	0	0	1	0	0	0	1	0	0	0	0	0	0	0	0	0	1	1	0	1	1	1	0	0	0	0	2	1	0	1	1	1	0	0	1	0	0	0	0	0	0	1	1	0	1	0	0	0	0	1	1	0	1	0	0	0	0	1	0	0	0	0	1	1
0	0	0	0	0	0	0	2	5	5	2	3	1	2	1	0	1	0	1	2	0	1	3	2	3	4	3	6	16	18	20	0	29	13	3	0	1	6	5	4	4	4	3	4	3	3	2	1	2	1	3	1	2	3	0	2	7	2	1	1	2	0	8	5	0	5	7	5	9	4	2	4	8	5	4	7	9	2	1	2	3	1	1	1	1	5	3	1	2	4	3	7	4	1	3	2	6	2	2	5	3	4	4	2	0	1	0	0	0	2	0	1	0	1	1	1	1	0	0	0	2	2	0	1	1	0	1	0	0	0	1	1	1	3	2	2	1	1	1	0	0	1	3	0	1	1	0	2	1	1	2	1	2	2	0	2	0	3	0	1	0	0	0	1	2	3	2	1	1	0	1	1	3	1	2	3	1	1	0	1	0	0	1	1	2	0	1	0	0	1	1	1	0	0	0	1	0	0	0	0	0	1	2	1	0	0	2	1	1	0	2	0	0	1	1	1	1	0	0	2	1	1	0	0	3	1	0	0	1	0	0	0	0	0	0	0	1	1	1	0	0	0	0	1	0	0	1	0	0	0	2	0	0	1	0	1	1	0	1	1	0	1	1	1	0	1	0	0	0	0	0	0	0	0	1	0	0	0	0	1	0	0	1	1	0	2	0	1	0	0	1	1	0	0	0	0	2	0	1	0	0	1	0	0	0	0	1	1	1	0	0	0
0	0	0	0	0	0	0	3	2	2	1	1	0	1	1	4	2	3	2	1	3	1	0	1	3	4	9	12	23	7	8	29	0	23	2	3	3	8	5	4	7	6	17	4	6	9	4	3	3	3	6	1	1	3	5	8	11	2	10	3	4	1	5	6	4	22	23	37	23	0	2	5	7	9	5	5	8	6	1	1	0	3	2	1	5	2	1	0	0	1	5	4	4	2	1	3	7	4	13	13	1	5	8	1	0	0	0	1	2	0	0	1	0	0	0	1	0	0	0	0	0	0	1	0	0	4	1	0	3	2	0	1	3	0	1	2	0	0	1	2	2	2	2	0	1	1	2	2	4	0	1	0	0	0	0	0	0	1	1	0	1	2	2	0	0	0	0	2	1	5	7	0	2	3	4	1	1	1	0	1	0	0	1	1	3	0	0	2	0	1	0	0	1	1	1	2	0	0	1	0	0	1	1	0	3	1	1	3	0	4	5	1	0	0	1	2	1	4	0	0	2	1	0	2	3	1	1	0	0	0	0	0	0	0	0	1	0	0	0	0	0	0	0	0	0	0	1	2	4	3	4	1	1	1	2	0	0	1	1	2	0	0	4	1	0	1	0	0	0	0	1	0	0	0	0	0	0	0	0	1	0	1	0	0	0	2	1	1	0	0	1	2	1	2	0	1	2	0	0	2	2	0	0	0	0	0	0	2	1	2	1	0
0	0	0	0	0	0	0	1	2	1	2	2	1	4	0	1	1	2	3	1	4	3	1	3	5	10	30	18	46	16	16	13	23	0	13	17	17	18	12	3	5	8	12	4	6	10	4	2	3	1	0	1	3	0	1	2	2	5	2	2	2	2	2	4	1	4	10	10	9	2	0	0	10	13	5	1	8	2	1	2	4	1	3	2	2	2	4	6	0	1	1	2	3	1	2	1	2	3	4	1	2	2	0	2	2	3	0	0	0	1	0	2	0	0	0	1	0	1	0	0	0	0	1	2	1	2	1	0	2	0	0	1	0	2	1	1	0	1	2	1	2	3	6	3	2	1	1	2	1	0	1	0	0	0	0	0	0	0	0	0	1	0	0	0	3	0	0	1	6	1	8	1	2	1	3	5	0	1	0	1	1	0	4	1	1	1	2	0	1	1	0	1	1	0	1	1	1	0	0	0	1	0	1	0	2	1	0	1	0	3	0	1	0	0	0	1	1	0	3	2	0	0	0	1	1	0	0	0	0	0	3	1	0	0	0	0	0	0	0	0	0	2	1	0	1	1	0	1	1	0	0	0	0	0	2	0	1	0	0	0	0	1	0	0	0	0	0	0	0	1	2	0	0	0	1	0	0	1	0	0	1	0	2	0	0	0	0	1	1	0	1	1	1	0	0	0	0	0	0	0	1	0	0	0	0	1	0	0	0	0	1	1
0	0	0	0	0	0	0	0	1	1	2	0	2	3	1	3	3	2	5	1	5	1	1	4	7	9	17	9	5	6	5	3	2	13	0	108	25	26	48	7	8	4	10	6	2	7	12	3	0	1	2	0	1	0	1	1	1	1	1	1	3	3	1	3	0	1	10	2	2	1	0	0	5	5	1	3	10	2	3	0	0	1	2	3	3	1	0	4	2	1	0	1	1	1	0	2	3	3	1	0	1	0	0	0	1	0	0	0	1	1	2	0	0	0	0	1	2	0	1	1	0	0	0	2	0	0	2	1	0	0	2	1	1	0	1	1	2	0	0	0	1	4	5	4	4	4	0	0	1	0	1	0	0	0	1	1	1	1	4	0	1	0	0	0	2	0	1	3	1	1	2	5	2	4	2	5	1	5	5	1	3	0	1	1	1	1	2	3	1	1	0	0	0	0	0	0	0	1	1	0	0	0	0	0	1	1	0	2	2	0	2	0	0	0	1	2	1	0	3	0	1	1	1	2	2	3	2	1	0	0	0	0	0	0	0	0	0	0	1	0	0	0	1	0	0	0	1	0	1	0	1	0	1	1	0	1	0	0	1	3	0	3	2	0	1	0	0	0	1	0	1	0	0	0	0	0	0	0	2	2	1	0	0	0	0	1	2	2	0	1	0	0	0	1	0	0	0	1	0	1	0	1	0	1	0	0	1	0	0	1	2	1
0	0	0	0	0	0	0	0	2	1	2	0	3	2	5	2	8	4	3	2	4	0	2	6	7	29	33	15	4	5	9	0	3	17	108	0	15	20	60	7	6	8	10	14	3	12	8	1	0	2	0	2	0	2	2	0	3	1	1	1	3	0	0	7	6	1	9	7	3	1	1	0	4	7	3	5	4	2	0	1	1	1	2	0	4	4	1	2	0	0	2	1	3	1	2	3	6	1	5	0	1	0	1	2	1	0	1	1	3	2	0	0	1	0	1	0	0	0	1	0	3	1	1	2	2	0	1	2	1	1	2	1	2	0	1	0	1	1	1	0	2	5	2	6	5	3	5	5	1	1	1	3	0	1	0	0	0	0	1	1	0	0	0	0	1	0	2	1	0	1	6	2	4	3	4	4	3	1	4	1	1	1	1	5	0	3	1	1	0	0	1	0	0	2	1	1	0	0	0	0	0	0	0	0	0	0	0	3	1	2	1	1	0	0	2	3	0	0	2	2	1	0	4	2	1	1	0	1	0	0	1	0	1	0	0	1	0	1	0	0	0	0	0	1	3	0	0	0	1	0	1	1	1	0	0	0	0	1	0	0	0	1	0	1	0	0	0	1	1	0	2	0	0	1	0	0	0	1	0	1	0	0	0	0	0	1	0	0	0	1	0	0	0	1	0	0	0	2	2	0	1	0	0	0	0	0	2	2	0	0	0	0
0	0	0	0	0	0	0	2	3	4	3	3	2	0	0	0	1	0	0	0	1	1	3	2	2	7	13	8	10	12	4	1	3	17	25	15	0	120	9	3	5	6	14	10	4	21	6	3	1	3	4	1	0	4	3	1	1	3	1	0	0	1	1	2	2	6	6	3	2	3	2	2	4	2	7	1	5	3	1	2	4	1	1	3	1	0	2	2	0	0	1	0	0	0	1	2	1	2	1	2	2	4	2	1	0	1	0	0	0	1	3	2	1	0	0	1	1	0	1	0	0	0	2	0	1	1	2	0	2	1	0	1	0	2	1	0	2	1	0	0	1	0	4	3	1	2	3	1	1	2	2	1	0	1	1	2	0	0	0	0	0	1	0	1	1	1	0	0	6	5	6	5	2	1	3	5	0	3	4	2	3	0	0	1	1	0	2	0	2	0	0	2	1	1	0	0	1	0	0	0	1	0	0	0	0	1	0	0	1	3	2	1	0	0	0	0	1	1	1	0	0	1	0	0	0	0	1	0	0	1	0	1	0	0	0	0	1	1	0	0	0	0	1	1	0	1	0	1	1	0	1	3	0	0	2	0	1	0	2	1	0	0	0	1	0	0	0	1	2	0	0	1	0	1	1	1	0	0	1	0	1	0	0	0	0	1	1	0	0	0	0	0	1	0	0	1	0	1	0	0	0	0	0	0	0	2	0	0	1	1	1	1
0	0	0	0	0	0	0	0	1	1	0	2	0	2	0	3	1	3	2	1	3	0	3	1	6	8	6	8	12	6	2	6	8	18	26	20	120	0	16	7	10	12	14	6	8	29	18	3	3	2	1	1	1	0	1	2	1	3	6	1	3	2	3	8	1	2	13	15	4	1	0	2	5	3	3	2	3	0	2	0	0	1	0	4	0	3	2	1	1	1	3	0	1	0	1	4	0	1	3	0	0	0	2	1	2	0	0	1	1	0	1	1	0	1	0	0	0	0	1	0	0	1	2	2	1	2	1	3	0	0	1	3	0	0	1	0	1	1	1	0	1	5	2	6	4	2	2	3	0	1	2	0	3	1	2	1	0	2	0	1	0	1	1	0	0	1	1	2	7	5	7	1	4	1	2	3	1	3	0	2	1	1	3	7	3	2	1	0	4	1	1	2	1	0	0	2	0	1	0	0	0	2	0	2	2	0	0	2	1	3	2	1	2	0	1	1	0	1	6	1	0	0	1	1	0	3	1	0	1	0	0	0	0	2	0	0	2	0	0	0	1	0	1	0	0	0	0	1	2	1	3	0	2	0	1	1	0	1	2	0	1	2	2	0	0	0	0	0	0	2	1	0	1	0	1	0	2	0	1	1	1	1	0	0	1	1	1	0	1	1	0	2	0	0	0	0	0	0	1	0	1	0	0	2	1	0	0	0	0	1	0	1
0	0	0	0	0	0	0	1	3	1	1	1	3	5	0	4	0	3	3	3	4	1	2	1	8	25	8	9	4	3	3	5	5	12	48	60	9	16	0	11	8	5	9	12	1	10	8	3	1	2	0	3	2	1	2	1	2	1	3	0	2	0	2	5	2	4	4	4	1	1	0	0	6	9	2	6	3	4	1	1	0	1	5	2	3	0	1	5	1	0	1	2	2	1	1	1	2	0	0	2	3	1	1	0	1	0	0	2	2	0	0	0	0	0	2	0	0	0	1	0	1	2	1	0	2	1	1	1	0	1	3	0	1	2	2	4	2	1	0	0	0	9	9	4	3	5	6	2	1	1	1	3	0	4	0	0	2	1	2	1	1	1	1	0	0	0	1	0	5	2	5	4	4	3	1	6	1	3	0	3	2	2	3	1	4	0	2	0	2	2	1	0	0	2	1	2	1	2	0	0	0	0	0	1	0	1	0	0	0	2	0	1	0	1	0	0	0	2	4	3	0	1	1	1	2	0	1	0	0	0	0	0	0	0	0	0	1	1	1	0	1	0	2	1	1	1	0	1	2	1	2	2	2	0	0	0	3	0	0	0	0	1	1	0	0	0	1	0	0	0	0	0	1	0	0	0	0	0	0	0	0	0	1	1	1	0	2	1	0	0	0	0	0	0	0	0	1	0	0	0	1	0	0	0	1	0	0	0	0	0	0	0
0	0	0	0	0	0	0	0	0	0	0	0	1	3	1	2	0	2	2	4	1	1	1	5	3	10	7	6	2	1	2	4	4	3	7	7	3	7	11	0	23	9	9	22	10	11	8	3	2	3	3	1	1	0	3	2	1	2	7	2	1	4	4	7	4	2	1	6	0	1	0	0	3	6	2	6	2	0	2	1	1	1	3	3	2	1	0	1	0	0	1	2	2	2	3	3	4	1	1	3	1	0	0	1	1	0	1	0	0	0	1	2	0	1	0	0	0	0	0	2	0	0	1	0	1	1	5	2	0	2	1	0	3	1	1	3	2	3	3	1	1	24	20	7	2	4	9	6	4	4	4	1	2	2	0	0	3	2	1	2	1	1	2	0	2	0	0	2	1	2	2	5	10	10	3	9	10	6	6	3	3	2	10	4	4	2	2	0	4	1	0	1	2	1	1	2	2	1	1	0	0	1	0	0	0	1	0	2	0	1	2	1	2	0	0	3	4	0	6	5	0	2	3	2	0	2	1	0	0	0	1	0	0	0	0	0	2	1	1	0	0	0	0	0	0	1	0	2	5	1	0	0	3	2	3	0	1	0	0	1	0	1	2	2	0	2	0	0	4	1	0	1	2	2	0	0	1	0	0	1	0	0	0	0	0	1	0	0	0	0	1	1	0	0	0	0	0	0	1	0	1	0	0	1	1	0	1	0	0	1	1	3
0	0	0	0	0	0	0	0	0	1	0	3	2	2	0	1	2	2	4	3	4	4	4	3	6	10	5	5	4	1	1	4	7	5	8	6	5	10	8	23	0	34	39	27	13	7	10	6	2	8	5	0	1	1	1	4	3	2	4	6	9	11	8	25	24	19	6	19	5	3	1	0	6	12	5	15	8	4	3	2	3	3	4	1	5	5	1	1	1	1	0	2	0	4	2	4	13	1	5	1	0	1	2	2	2	0	3	3	2	2	1	0	1	2	1	1	1	1	0	1	2	1	1	0	1	0	0	2	2	3	1	0	3	1	3	8	5	4	5	1	2	16	9	2	4	1	5	2	7	3	1	2	1	1	1	0	0	1	0	1	1	0	1	0	0	2	0	1	2	3	7	4	5	7	10	5	5	3	3	1	2	1	4	4	2	2	0	2	4	1	0	1	0	0	0	1	1	2	1	1	2	0	0	2	1	0	1	0	1	2	4	1	1	2	0	4	6	2	4	1	0	2	4	1	2	2	0	0	0	0	0	0	0	0	0	0	0	0	1	1	0	1	2	1	1	1	0	2	2	4	1	0	3	2	2	1	1	2	0	0	1	1	2	1	0	0	0	0	0	1	2	1	1	0	0	0	0	0	0	0	0	1	0	1	1	1	0	1	1	1	0	0	0	0	0	1	0	1	0	0	2	0	1	0	1	0	0	1	0	0	0	3
0	0	0	0	0	0	0	0	1	3	2	2	3	2	1	0	1	1	1	4	6	4	1	4	6	10	22	14	5	3	5	4	6	8	4	8	6	12	5	9	34	0	36	7	7	9	4	5	0	6	4	1	0	0	0	2	1	2	3	2	2	13	9	28	10	18	11	14	5	1	0	5	17	29	6	27	16	7	1	1	4	3	5	8	13	5	0	2	5	4	2	0	5	0	1	5	7	4	10	5	4	2	1	2	1	2	1	0	1	0	2	0	0	0	0	0	1	0	0	1	0	0	0	0	0	1	3	0	2	2	1	1	2	4	2	7	2	1	1	5	1	6	5	5	0	1	2	4	5	1	1	1	1	0	1	0	0	0	1	0	2	0	1	1	1	1	2	1	1	3	3	1	3	3	4	8	1	4	1	1	0	0	3	1	0	3	0	2	3	2	0	2	2	1	1	2	0	0	0	0	1	0	0	1	0	0	1	1	2	3	1	1	0	2	1	1	0	0	3	1	1	0	0	1	2	0	0	1	0	0	0	0	1	1	0	0	0	0	0	1	0	0	1	0	1	1	1	0	2	2	1	0	0	0	1	2	0	0	0	1	1	1	1	1	1	1	2	0	0	0	3	1	2	0	0	1	1	0	0	0	0	3	0	0	0	3	0	0	0	0	2	1	0	0	0	1	0	1	0	0	2	0	1	1	1	1	1	0	1	0	1	0
0	0	0	0	0	0	0	0	0	2	0	1	0	0	0	0	0	1	1	2	1	2	3	1	7	8	12	4	4	4	4	3	17	12	10	10	14	14	9	9	39	36	0	27	8	16	13	5	2	6	6	0	2	2	3	5	3	3	4	1	3	8	5	11	8	26	21	37	10	1	1	0	6	11	5	6	4	3	2	2	1	3	2	3	6	4	1	0	2	3	1	1	1	3	4	4	6	1	9	3	0	1	1	1	3	0	0	0	0	0	1	0	2	0	0	1	1	0	0	0	1	0	1	0	0	0	1	2	0	0	1	1	0	2	3	1	2	2	1	0	5	2	4	4	0	5	4	3	2	1	2	1	2	1	1	0	1	0	3	0	0	1	0	0	1	1	2	3	2	1	8	3	7	8	5	8	5	5	3	2	1	0	3	3	4	3	1	2	1	0	2	1	1	1	0	1	1	0	0	1	1	0	0	1	0	0	0	0	1	4	3	3	1	0	1	5	1	0	2	2	0	1	1	4	2	1	0	0	1	0	1	1	0	0	0	0	1	0	0	0	0	0	0	1	0	2	1	1	1	3	2	1	0	1	1	0	2	0	1	2	0	1	3	1	1	2	0	0	1	0	1	1	0	1	0	0	0	0	0	0	0	1	0	2	1	1	0	0	0	0	1	1	0	1	0	0	2	1	0	1	0	1	0	1	2	0	1	1	2	0	3	0
0	0	0	0	0	0	0	0	0	0	1	1	0	0	0	2	1	0	1	2	5	4	1	5	5	4	6	3	5	2	0	4	4	4	6	14	10	6	12	22	27	7	27	0	31	33	22	9	5	6	6	2	1	0	4	6	2	2	2	1	7	9	7	5	12	15	11	10	4	0	0	1	6	5	1	7	3	2	4	1	2	1	3	3	3	0	0	2	0	1	1	0	0	0	3	3	5	1	2	0	0	3	2	1	0	0	2	1	0	1	2	1	1	2	0	0	0	0	0	0	0	0	1	0	0	2	3	1	3	0	2	1	2	1	2	3	4	6	1	0	0	8	4	5	2	6	6	6	3	3	2	2	4	4	0	0	0	1	3	1	0	0	1	1	3	0	2	2	3	2	13	8	21	11	8	19	16	4	3	0	3	9	4	3	5	2	6	5	4	2	0	1	0	3	1	1	0	4	0	0	1	0	0	1	0	0	0	1	1	1	3	2	0	1	1	4	6	2	7	5	2	0	2	0	2	2	1	1	0	1	0	1	0	0	2	1	0	0	0	0	0	1	1	2	0	0	0	3	1	3	1	0	3	0	0	1	2	1	0	1	0	1	1	1	0	2	2	1	1	1	1	1	0	1	1	2	0	1	0	1	0	1	0	1	2	2	0	2	2	1	3	3	1	0	0	0	2	2	3	2	0	0	2	2	0	0	0	0	0	0	1	2
0	0	0	0	0	0	0	1	1	0	2	1	0	0	1	3	4	0	0	0	5	2	2	3	2	4	3	2	3	1	1	3	6	6	2	3	4	8	1	10	13	7	8	31	0	14	11	9	7	15	7	4	2	1	7	3	2	4	4	3	5	6	5	10	10	20	10	22	7	1	1	0	9	4	3	5	5	2	2	5	2	2	2	2	3	1	1	3	3	0	0	2	4	1	3	6	9	5	10	3	1	1	2	3	1	1	1	1	1	0	1	2	0	0	1	2	0	1	1	0	0	0	0	0	0	0	1	0	1	1	4	1	1	0	0	4	3	3	2	4	1	3	4	1	0	3	0	3	5	2	2	3	7	3	1	0	1	0	1	0	1	0	1	4	1	3	2	1	4	7	18	19	48	10	49	14	7	1	0	2	0	4	3	9	8	3	2	12	2	5	1	1	2	0	0	3	1	1	0	1	0	0	1	0	3	0	0	0	4	7	4	2	5	1	0	5	8	3	13	2	3	2	4	5	1	3	2	0	1	0	0	1	0	0	0	0	1	0	0	0	1	1	0	0	2	0	0	3	3	1	2	0	3	2	1	1	2	2	0	0	3	1	1	0	2	1	3	0	0	1	1	0	1	1	0	2	0	1	0	1	0	1	0	0	2	3	1	0	1	0	0	1	0	2	0	0	1	0	2	2	0	0	0	2	0	0	0	0	2	0	3	3
0	0	0	0	0	0	0	0	3	1	0	1	2	1	0	1	1	1	0	0	1	0	2	3	6	3	5	6	1	6	1	3	9	10	7	12	21	29	10	11	7	9	16	33	14	0	110	12	5	9	10	0	3	2	3	4	2	0	3	3	3	5	3	3	0	5	10	16	0	1	1	1	3	4	5	3	5	2	0	0	0	1	1	0	2	1	0	2	5	3	0	7	3	0	0	2	3	2	2	2	1	3	1	2	1	0	0	1	0	1	1	0	2	1	0	0	0	0	0	0	0	0	0	1	2	1	2	0	1	0	2	1	1	0	5	3	1	0	2	2	0	5	2	5	0	5	7	6	1	2	3	10	2	1	1	1	1	0	2	0	5	2	1	1	2	1	0	5	4	9	28	7	17	13	8	10	6	4	0	1	1	1	5	10	6	2	1	6	2	2	1	0	1	0	0	2	1	0	1	2	3	1	4	1	0	1	0	0	2	3	0	1	0	2	1	1	3	2	2	4	1	2	1	2	9	7	1	0	0	0	0	0	0	0	0	0	0	0	0	1	0	0	2	1	3	1	1	1	0	0	2	2	1	2	0	0	3	1	1	0	1	1	2	2	1	4	0	2	0	1	1	2	1	0	0	0	1	3	1	1	0	1	0	1	0	2	0	3	0	0	1	0	1	1	0	1	0	1	1	1	0	0	0	1	0	0	2	0	0	0	1	2
0	0	0	0	0	0	0	0	1	0	3	2	1	0	3	1	0	2	0	0	1	1	2	0	4	2	5	3	7	1	2	2	4	4	12	8	6	18	8	8	10	4	13	22	11	110	0	28	7	6	3	1	0	0	1	4	1	1	4	2	3	0	5	2	3	10	8	5	1	0	1	0	2	2	1	3	1	1	0	1	2	1	1	6	0	4	0	3	2	4	0	0	1	0	2	1	4	1	5	3	2	1	0	1	0	0	1	1	1	0	0	0	0	0	0	0	1	0	2	0	0	0	1	2	1	0	2	0	0	0	0	0	2	1	2	5	1	1	0	1	1	4	10	6	2	7	1	9	0	2	6	3	5	1	0	1	3	2	4	4	3	0	0	0	3	1	0	1	5	6	19	4	13	15	6	9	2	4	1	2	1	1	8	12	3	5	2	2	3	0	0	2	0	2	1	0	0	1	0	1	1	0	0	1	0	0	0	2	1	0	0	0	2	1	3	2	3	2	6	2	1	1	1	1	3	4	2	0	2	0	0	0	0	0	0	0	0	0	0	0	1	0	1	2	0	2	0	1	2	2	1	0	1	0	2	1	0	1	3	0	2	4	0	1	1	0	0	0	0	1	0	3	0	1	1	0	1	0	0	0	0	1	1	1	0	1	0	2	0	1	1	0	2	0	0	0	1	0	1	0	0	1	3	0	1	0	0	1	0	0	2	1
0	0	0	0	0	0	0	0	0	1	1	0	0	1	1	0	1	1	0	1	0	0	0	0	2	1	1	0	2	2	0	1	3	2	3	1	3	3	3	3	6	5	5	9	9	12	28	0	11	16	18	4	2	4	7	1	2	1	1	0	1	2	0	0	2	4	6	11	4	0	2	2	2	0	1	1	2	2	1	1	0	0	0	1	1	0	0	0	1	2	1	1	0	1	0	1	1	3	2	1	1	1	1	0	3	1	0	0	0	0	0	0	0	0	1	0	0	1	0	1	0	0	0	0	0	4	0	1	1	0	1	1	2	3	1	1	1	3	0	1	0	2	6	7	3	2	0	4	6	5	5	12	14	3	0	2	5	2	7	2	3	2	0	1	2	4	6	8	12	25	49	9	21	65	10	8	1	1	2	2	0	5	5	35	21	6	4	4	5	2	1	2	1	2	0	2	1	1	1	0	2	1	0	1	2	3	3	2	3	9	1	3	3	1	1	1	4	1	4	3	1	3	4	5	6	5	1	1	0	2	0	0	0	0	0	3	0	0	0	0	0	1	1	2	4	1	0	0	2	1	1	1	3	1	1	1	1	1	1	1	1	2	2	1	3	0	1	1	2	1	2	0	1	0	1	1	0	0	0	1	0	0	0	0	2	3	2	1	0	2	1	1	1	1	0	1	0	2	1	2	1	3	3	3	0	1	1	1	4	7	4	3
0	0	0	0	0	0	0	0	0	0	0	0	2	0	2	1	0	0	1	0	0	1	1	0	1	1	1	1	0	4	5	2	3	3	0	0	1	3	1	2	2	0	2	5	7	5	7	11	0	59	8	14	19	7	8	3	1	2	1	2	0	2	2	1	2	1	4	4	4	4	1	0	0	1	0	2	1	3	0	1	1	1	1	0	3	1	2	0	0	2	0	0	1	0	0	2	2	0	1	0	1	0	1	0	1	1	1	0	1	0	1	0	1	0	0	0	0	0	0	0	0	2	0	1	0	1	0	0	1	0	0	1	1	2	0	0	1	0	1	0	1	1	1	2	0	1	0	0	5	6	1	6	15	4	4	3	2	7	22	9	0	1	1	0	2	6	6	2	10	31	7	8	7	3	9	4	4	2	2	2	4	4	3	9	6	8	16	12	3	1	2	1	1	1	2	2	2	1	3	1	2	3	0	1	0	1	1	2	6	6	1	3	1	0	1	4	1	4	4	7	3	11	10	11	11	9	11	5	0	0	0	2	2	1	2	0	0	0	0	1	2	3	3	2	1	1	0	3	1	2	1	2	1	0	0	0	3	2	3	0	0	1	4	1	1	1	4	0	0	0	0	1	0	0	4	1	3	1	0	2	1	2	0	0	2	3	1	2	0	2	1	5	0	2	1	0	0	2	1	4	2	1	2	1	0	0	0	1	0	1	7	3
0	0	0	0	0	0	0	0	0	1	0	1	2	0	0	0	0	1	0	1	3	2	0	0	0	4	0	2	0	0	1	1	3	1	1	2	3	2	2	3	8	6	6	6	15	9	6	16	59	0	36	9	7	8	9	3	2	3	1	4	1	1	3	1	5	4	4	4	2	3	1	0	1	0	1	0	3	0	0	1	0	0	3	0	1	0	0	0	0	0	0	0	1	0	2	2	5	1	2	1	2	1	1	0	0	1	0	0	0	0	0	0	0	1	2	2	0	0	0	1	0	0	0	1	0	0	0	0	0	0	1	0	2	0	2	2	1	1	1	0	2	2	2	5	0	1	1	2	2	1	3	8	3	1	1	2	5	2	6	1	1	0	3	0	1	5	7	2	16	64	27	11	17	6	19	7	3	0	0	2	1	2	3	7	7	11	8	10	5	2	0	2	0	0	2	2	2	1	0	0	2	0	1	0	2	0	2	0	3	19	2	3	3	2	2	5	9	8	6	8	1	3	6	16	14	2	3	2	0	0	1	1	0	0	0	0	1	1	0	1	0	3	1	1	3	2	1	3	1	1	0	0	3	1	1	0	2	0	1	1	1	5	2	1	2	3	3	2	0	1	0	4	0	0	3	1	1	0	0	0	1	2	0	1	2	2	1	4	1	1	2	2	2	1	2	0	4	2	1	1	0	0	2	3	1	3	0	1	0	0	5	7
0	0	0	0	0	0	0	1	0	2	1	1	0	0	0	0	3	0	0	0	1	0	0	2	0	4	2	2	1	3	0	3	6	0	2	0	4	1	0	3	5	4	6	6	7	10	3	18	8	36	0	7	4	9	6	10	3	3	11	0	4	4	1	4	4	18	14	6	6	2	1	0	4	3	2	1	3	3	2	2	1	1	0	1	4	1	0	0	2	1	0	3	1	2	2	0	5	1	3	1	1	3	3	0	0	0	1	1	0	0	2	0	1	0	1	1	1	0	0	0	0	0	0	1	1	0	1	1	1	1	0	0	0	3	0	2	2	0	1	1	3	2	1	3	2	1	0	0	4	0	1	2	7	2	1	2	2	2	8	2	4	0	1	3	0	2	1	2	7	40	36	12	13	6	22	2	2	2	0	0	1	1	1	7	8	4	5	9	1	1	1	0	3	1	0	4	2	0	1	0	1	0	0	1	0	0	0	5	6	20	6	6	1	0	2	5	1	6	10	5	0	2	0	4	9	7	1	0	1	0	0	0	0	1	0	0	0	0	0	0	1	0	7	3	0	1	2	0	1	0	1	1	2	0	1	1	1	4	2	0	0	1	4	1	0	0	3	1	0	1	0	0	1	0	1	1	1	1	0	0	0	1	2	2	0	0	0	1	0	0	3	3	1	0	1	1	0	1	2	1	2	0	1	1	1	0	0	1	1	1	3	0
0	0	0	0	0	0	0	1	1	1	0	0	0	0	0	0	0	0	0	0	0	1	0	0	0	1	2	0	2	2	0	1	1	1	0	2	1	1	3	1	0	1	0	2	4	0	1	4	14	9	7	0	21	67	10	3	1	0	2	0	2	2	4	4	1	2	3	4	1	1	1	0	2	0	1	0	1	3	0	1	0	0	1	0	1	2	1	1	1	0	3	0	0	0	0	2	1	1	2	1	0	2	1	0	1	0	2	0	2	0	0	0	0	0	0	1	0	0	0	0	0	0	0	0	0	0	0	1	0	0	2	0	1	0	0	0	2	0	0	1	1	0	2	0	0	3	0	2	0	2	1	4	6	0	3	1	2	1	8	3	4	1	2	2	1	2	4	1	3	3	5	7	6	4	6	2	4	0	2	0	0	2	0	2	7	1	17	19	11	3	1	3	2	0	5	12	2	3	1	1	0	0	2	0	0	1	2	1	4	5	7	4	2	4	6	4	2	3	3	3	3	3	15	121	15	7	8	0	1	1	1	1	2	2	0	0	1	2	0	2	2	0	5	12	5	1	1	2	0	2	1	1	0	1	0	2	3	1	3	1	0	2	3	1	1	1	2	2	1	1	1	0	0	0	2	0	2	3	1	0	1	8	1	1	1	2	3	1	3	7	5	7	4	2	2	1	2	3	4	5	3	3	6	6	3	3	2	1	1	3	7	4
0	0	0	0	0	0	0	0	1	0	0	1	0	0	0	2	1	0	0	0	1	1	0	0	1	0	2	0	3	2	1	2	1	3	1	0	0	1	2	1	1	0	2	1	2	3	0	2	19	7	4	21	0	20	2	3	1	2	0	2	2	0	1	1	2	3	3	1	1	1	0	1	1	1	0	0	0	0	0	0	0	0	2	0	0	0	1	2	1	0	2	0	0	0	0	1	2	0	0	0	0	0	1	0	0	1	0	0	0	0	0	0	0	1	1	1	2	0	0	1	1	0	0	0	0	0	0	0	0	0	1	0	0	1	0	0	0	0	0	0	0	1	3	2	0	0	3	2	2	0	4	3	10	10	2	5	3	8	29	15	4	6	2	1	5	4	15	5	6	4	4	4	3	4	4	1	2	2	1	1	3	2	0	7	6	6	11	9	1	2	1	5	2	4	2	6	6	1	2	2	2	0	0	2	2	2	5	5	2	8	1	4	5	2	1	0	1	3	1	3	3	7	8	7	8	10	26	1	1	2	1	0	0	1	0	0	0	1	2	1	1	1	5	4	4	1	0	1	1	2	0	1	0	0	1	0	0	1	0	3	1	2	2	5	4	3	2	1	1	0	2	1	3	1	1	0	2	2	2	3	2	3	0	0	6	6	2	2	1	3	5	7	3	2	0	0	5	0	0	1	3	2	3	1	2	0	1	2	1	2	4	6
0	0	0	0	0	0	0	2	0	0	0	2	0	1	0	0	0	1	0	1	0	0	1	0	0	0	0	2	0	0	0	3	3	0	0	2	4	0	1	0	1	0	2	0	1	2	0	4	7	8	9	67	20	0	7	3	0	2	2	2	2	2	2	0	4	2	2	3	1	0	0	1	1	0	0	1	0	1	0	1	0	1	1	1	0	0	0	1	2	1	0	1	2	1	3	2	1	2	1	0	1	0	1	1	1	0	0	0	0	0	0	0	0	0	0	0	0	0	1	0	0	0	0	0	0	0	1	0	0	0	0	0	0	0	0	0	2	1	1	0	0	1	0	1	0	0	0	0	0	2	1	1	5	1	0	3	4	4	7	4	3	2	2	1	3	3	3	4	2	5	5	3	3	3	4	1	2	1	0	1	1	2	1	5	4	2	5	12	4	4	1	3	0	2	2	4	11	4	1	0	0	1	1	2	0	1	1	5	4	10	3	7	5	1	3	3	1	3	1	0	1	6	10	33	15	16	22	2	3	1	0	0	1	0	0	1	1	0	0	1	1	0	6	5	2	1	2	2	2	2	1	0	0	1	1	0	3	3	1	0	1	3	1	0	5	3	0	0	1	1	3	0	0	0	2	0	2	1	1	3	0	2	3	3	2	2	3	1	5	4	7	16	3	1	0	1	4	1	1	1	1	2	4	4	6	2	2	1	1	1	8	3
0	0	0	0	0	0	0	0	0	1	0	2	1	0	0	0	0	0	0	0	1	0	2	0	1	0	1	3	1	0	0	0	5	1	1	2	3	1	2	3	1	0	3	4	7	3	1	7	8	9	6	10	2	7	0	21	4	4	5	10	3	1	5	0	0	5	5	4	0	0	1	4	2	2	1	2	0	1	6	5	1	1	1	1	1	2	1	0	1	3	1	1	0	1	2	0	1	2	2	2	2	3	3	1	0	0	0	4	0	0	1	1	0	0	0	0	0	0	0	1	0	1	1	1	2	0	1	0	1	0	1	1	0	1	1	3	2	1	3	1	0	0	3	1	1	1	2	1	1	2	0	1	3	1	1	0	1	4	1	2	0	0	0	0	2	1	1	2	4	4	3	15	4	1	19	5	0	1	0	0	0	2	0	1	0	3	10	9	9	3	2	2	1	6	3	1	2	0	0	0	0	1	2	2	1	1	2	0	2	8	49	7	2	5	9	7	3	4	3	1	1	3	2	19	9	3	3	1	0	1	0	1	1	0	2	0	0	0	2	0	1	3	2	0	3	1	3	0	1	1	0	3	1	1	0	1	2	1	2	3	2	3	1	2	2	1	1	0	1	2	2	3	0	0	0	0	2	2	0	0	0	0	3	0	2	1	3	2	2	3	4	4	1	1	0	1	0	0	1	1	2	2	1	2	2	3	1	2	0	2	3	2
0	0	0	0	0	0	0	1	1	2	0	1	2	2	1	0	0	3	0	0	2	0	1	1	1	3	0	1	3	5	3	2	8	2	1	0	1	2	1	2	4	2	5	6	3	4	4	1	3	3	10	3	3	3	21	0	12	12	16	2	2	7	8	2	1	9	7	11	14	1	0	1	8	2	1	1	2	4	4	2	2	1	2	1	3	1	0	1	1	3	3	1	1	3	2	2	4	6	8	5	4	4	3	0	1	3	1	0	1	1	0	1	0	0	0	0	0	0	0	0	1	0	0	0	0	0	1	1	0	1	0	1	0	1	0	1	1	1	0	0	1	2	0	2	0	0	0	0	1	0	2	1	0	1	1	0	0	1	2	1	1	0	1	0	2	0	0	1	2	6	3	3	6	6	5	2	0	1	1	0	2	2	1	1	0	1	3	7	3	2	0	0	0	0	4	2	0	2	0	0	1	3	1	0	0	1	0	0	1	8	11	0	4	1	4	5	0	3	3	2	1	1	1	5	1	3	1	0	1	0	0	0	1	1	1	0	1	0	0	1	1	1	2	1	2	1	1	3	1	0	0	0	2	0	0	2	2	1	0	1	0	2	0	3	2	2	0	1	3	0	1	2	2	0	1	1	0	0	1	2	0	0	1	1	1	0	0	1	1	0	2	1	0	0	2	2	1	2	0	0	1	0	1	1	1	2	0	1	0	1	1	0
0	0	0	0	0	0	0	1	0	0	1	2	2	0	0	0	1	0	3	0	3	0	0	1	1	2	3	1	1	3	0	7	11	2	1	3	1	1	2	1	3	1	3	2	2	2	1	2	1	2	3	1	1	0	4	12	0	63	11	13	4	4	12	1	5	2	1	5	6	1	1	6	4	2	2	2	1	5	10	8	5	2	0	3	2	1	2	1	2	3	3	2	7	2	3	4	1	13	10	15	14	24	8	4	7	4	1	1	0	0	1	0	0	2	1	0	0	0	0	1	1	1	2	0	1	1	0	0	1	1	0	0	0	1	2	3	3	4	2	3	2	1	0	0	0	2	0	0	0	0	1	0	0	0	0	1	1	1	0	0	0	0	0	1	0	1	0	2	2	1	4	0	2	1	1	0	1	2	0	1	1	2	3	1	0	1	0	3	2	0	0	0	0	1	0	0	0	0	0	1	0	1	0	1	0	0	0	2	0	4	7	0	1	2	1	2	4	0	0	0	0	2	0	2	1	1	2	0	0	1	0	0	0	0	0	2	0	1	1	0	0	1	3	1	0	0	0	3	2	0	3	0	2	2	1	2	0	0	0	0	0	1	1	0	1	2	0	1	0	0	0	1	1	2	0	0	0	0	0	0	0	0	1	0	0	0	0	0	1	0	0	1	0	0	0	1	1	0	0	2	1	0	0	1	1	1	1	0	0	0	0	1
0	0	0	0	0	0	0	0	1	0	0	1	0	0	1	0	0	0	2	0	0	0	1	3	1	1	2	0	3	1	0	2	2	5	1	1	3	3	1	2	2	2	3	2	4	0	1	1	2	3	3	0	2	2	4	12	63	0	20	24	9	6	8	1	0	1	0	4	9	4	7	0	5	1	0	2	3	6	10	2	2	1	1	3	8	0	3	2	1	5	4	1	6	4	1	2	4	13	6	14	10	15	8	1	2	1	2	1	0	0	0	0	0	1	2	0	0	0	0	0	0	0	0	1	1	1	0	3	1	2	1	3	2	1	1	2	4	2	1	1	2	2	1	0	0	3	0	1	0	0	0	0	1	0	0	0	0	2	0	1	0	0	0	1	0	0	0	2	1	2	2	2	3	1	2	1	1	0	1	0	1	1	1	4	2	1	2	1	1	1	0	1	1	0	0	0	2	0	0	0	1	0	0	0	0	2	0	1	1	6	9	2	0	5	4	5	0	0	3	1	0	1	0	3	2	1	0	0	1	2	2	1	0	1	0	0	0	0	0	0	1	0	2	2	1	3	0	0	1	2	2	0	3	1	1	1	3	1	0	1	0	1	1	0	1	0	2	0	0	0	0	1	0	0	0	0	2	0	0	0	1	1	0	0	1	2	1	0	1	0	2	0	0	1	0	0	1	0	0	1	0	0	2	0	1	0	0	1	0	1	0	1
0	0	0	0	0	0	0	2	0	0	0	1	0	0	1	2	1	4	1	2	2	1	1	0	3	5	3	0	6	1	2	1	10	2	1	1	1	6	3	7	4	3	4	2	4	3	4	1	1	1	11	2	0	2	5	16	11	20	0	27	43	26	60	9	3	18	5	10	14	3	1	1	15	6	3	6	6	8	6	7	7	4	3	2	2	2	1	2	2	2	0	2	3	3	4	3	10	24	147	12	5	11	3	1	0	2	1	1	0	0	1	2	0	0	1	2	0	0	0	0	0	1	0	0	0	0	1	0	0	0	1	1	1	0	1	0	3	1	1	1	1	4	2	1	1	1	4	1	3	3	1	2	2	0	0	1	0	0	1	2	1	1	0	0	0	0	2	2	1	3	2	13	2	3	6	1	4	1	1	0	0	0	1	1	1	1	0	4	2	1	1	1	0	1	0	0	0	0	0	1	1	0	0	0	0	0	0	0	1	6	9	2	1	2	3	6	3	2	2	0	1	0	1	4	2	1	0	0	1	0	0	1	0	0	0	0	0	0	0	0	1	1	0	0	2	0	1	1	1	1	1	0	0	0	1	2	2	1	0	0	0	0	5	0	0	0	0	0	0	0	1	0	1	1	0	0	0	2	1	0	0	1	0	0	0	2	2	0	2	0	2	0	1	1	1	2	0	0	0	1	0	0	2	2	1	0	0	0	0	0	0	0
0	0	0	0	0	0	0	0	1	0	2	1	1	1	0	0	0	0	1	2	0	1	2	2	0	2	1	1	4	1	1	1	3	2	1	1	0	1	0	2	6	2	1	1	3	3	2	0	2	4	0	0	2	2	10	2	13	24	27	0	34	17	31	11	4	6	3	3	6	5	0	1	4	3	1	4	6	2	15	26	4	3	2	4	8	5	0	1	1	4	1	2	10	8	4	3	14	48	22	12	7	9	5	3	3	1	4	2	0	2	0	1	1	1	2	2	0	0	0	1	0	0	1	1	0	1	1	0	1	0	1	0	2	3	1	1	3	4	6	1	2	2	2	0	0	0	0	2	0	0	0	1	0	1	1	0	2	0	1	0	0	2	0	1	1	0	0	0	1	2	2	0	2	3	3	2	3	1	1	0	2	2	0	3	1	1	3	0	2	1	1	0	2	0	1	0	0	2	0	0	0	0	1	1	1	0	1	0	0	0	6	2	2	2	3	5	4	4	4	3	2	1	2	6	1	0	0	0	0	1	0	0	2	0	0	0	0	0	1	1	1	0	0	0	2	0	0	4	2	2	0	1	4	5	2	3	2	1	3	0	1	1	0	0	3	3	1	0	0	0	0	1	1	0	0	0	0	0	0	2	2	0	0	0	1	0	0	0	1	1	0	2	0	0	1	3	1	0	0	0	1	1	3	1	0	1	0	2	1	2	2	1
0	0	0	0	0	0	0	2	0	0	0	0	0	0	1	0	3	2	0	1	1	2	3	3	2	0	1	1	1	3	0	2	4	2	3	3	0	3	2	1	9	2	3	7	5	3	3	1	0	1	4	2	2	2	3	2	4	9	43	34	0	132	35	20	17	15	3	2	7	3	2	3	5	5	1	13	6	5	7	10	10	7	5	8	14	1	4	2	4	2	0	5	2	6	10	7	44	34	102	12	2	3	4	1	3	3	6	1	2	1	1	0	1	0	1	2	0	1	2	2	1	1	0	1	0	0	3	0	2	1	1	3	0	0	2	7	3	3	0	2	2	4	3	2	0	1	2	1	2	3	0	2	3	1	0	0	2	1	0	1	0	0	1	0	2	1	0	0	1	1	2	7	3	0	4	2	5	0	4	0	0	0	3	0	2	1	1	5	4	0	1	0	1	0	1	1	0	1	0	2	0	0	0	0	1	0	1	0	0	2	13	2	1	2	0	7	2	6	0	2	1	1	0	2	1	1	1	1	0	0	0	0	0	0	0	0	0	0	1	1	0	0	1	0	2	0	1	2	2	1	2	0	6	3	1	2	2	0	1	2	0	2	0	3	1	1	1	3	1	0	0	1	0	2	0	2	0	0	0	0	2	3	2	0	0	1	0	1	0	0	1	1	2	1	0	1	2	0	0	1	0	2	2	0	0	1	0	0	0	1	2	0
0	0	0	0	0	0	0	0	0	1	0	1	0	1	0	1	1	1	1	1	4	3	0	1	0	3	6	1	2	4	1	0	1	2	3	0	1	2	0	4	11	13	8	9	6	5	0	2	2	1	4	2	0	2	1	7	4	6	26	17	132	0	15	20	24	12	3	7	4	2	5	1	11	5	0	4	3	3	9	6	16	5	2	3	11	1	1	2	4	5	1	6	4	1	3	10	57	18	45	7	1	1	5	1	4	3	1	1	2	1	0	0	1	0	0	1	1	1	0	0	0	1	2	0	0	1	2	2	4	1	1	2	3	1	1	6	3	3	1	4	2	6	1	2	0	1	2	1	1	2	2	0	2	1	3	0	0	0	1	0	0	0	0	0	1	1	0	0	3	0	1	12	4	4	5	5	6	1	1	2	0	3	1	0	3	4	2	3	5	2	3	1	1	0	0	1	1	1	0	0	1	0	0	0	1	0	0	1	1	0	10	4	2	3	3	8	8	3	4	3	0	3	1	1	2	0	0	1	0	0	0	0	0	0	0	0	2	0	0	0	0	0	0	1	1	2	2	0	3	4	3	0	2	2	2	5	7	3	0	0	1	0	1	2	2	0	2	0	0	1	0	0	0	1	0	4	0	2	1	0	1	1	0	2	0	1	0	0	1	1	0	0	2	0	1	1	2	0	0	1	0	0	0	1	1	1	2	1	0	2	1	0
0	0	0	0	0	0	0	1	1	0	1	2	0	0	1	1	0	0	2	2	2	0	3	0	4	3	2	5	4	1	1	8	5	2	1	0	1	3	2	4	8	9	5	7	5	3	5	0	2	3	1	4	1	2	5	8	12	8	60	31	35	15	0	11	8	11	3	9	11	5	6	5	18	8	7	5	9	12	11	11	14	6	5	4	15	3	1	2	4	3	1	5	5	2	7	6	17	40	73	62	6	8	15	2	5	1	2	1	2	0	0	0	0	0	0	2	0	3	0	1	0	1	0	1	1	0	1	1	1	0	1	2	0	0	0	0	4	0	1	1	4	2	1	0	1	1	1	1	0	0	0	0	1	0	1	0	3	0	0	0	1	0	0	0	0	1	1	0	3	1	3	4	1	2	2	3	3	2	0	1	2	0	2	2	3	0	2	2	0	1	1	0	1	0	0	1	1	1	1	0	0	0	0	0	0	0	1	1	0	5	11	3	2	0	5	3	2	2	2	1	3	1	0	1	2	0	2	0	0	0	0	0	1	0	0	0	0	0	0	0	1	1	1	2	0	1	1	2	0	2	2	0	4	1	0	1	2	2	0	0	1	0	2	1	1	2	0	2	0	1	1	1	0	0	1	0	0	0	0	1	3	2	1	0	1	1	2	1	0	0	1	1	1	0	3	0	0	0	2	1	0	0	2	1	1	1	1	0	1	0	2	0
0	0	0	0	0	0	0	1	2	4	0	2	1	2	0	2	2	3	1	3	3	2	4	2	4	4	10	7	5	3	1	5	6	4	3	7	2	8	5	7	25	28	11	5	10	3	2	0	1	1	4	4	1	0	0	2	1	1	9	11	20	20	11	0	28	18	6	12	5	2	1	0	21	19	7	29	19	7	8	2	9	4	9	11	14	5	2	2	9	4	0	2	3	6	8	10	54	6	17	12	5	1	3	3	1	2	1	2	0	0	0	0	0	3	0	1	0	0	0	0	1	0	1	1	2	3	0	2	4	0	2	3	1	1	0	3	8	2	4	1	1	5	4	2	1	0	2	2	4	5	0	1	0	0	0	2	0	0	1	0	1	0	0	0	2	0	2	1	2	3	3	5	5	3	2	4	2	4	2	1	1	1	1	2	1	0	6	2	5	1	0	1	0	2	0	0	1	0	2	1	0	2	1	0	1	0	0	0	2	1	3	3	1	2	0	8	1	1	3	1	0	3	3	2	2	2	0	0	0	0	0	1	0	2	0	0	0	0	0	1	1	1	1	1	3	0	1	1	1	3	1	5	1	1	1	0	2	4	1	0	0	0	0	1	2	0	0	0	1	0	1	0	1	1	0	1	2	0	0	2	0	0	0	0	0	1	2	0	0	1	1	1	1	0	1	0	0	0	1	0	0	0	1	0	3	0	0	0	1	0	0	0
0	0	0	0	0	0	0	0	0	4	0	0	1	0	0	1	3	1	0	2	4	5	2	3	4	1	2	1	0	7	2	0	4	1	0	6	2	1	2	4	24	10	8	12	10	0	3	2	2	5	4	1	2	4	0	1	5	0	3	4	17	24	8	28	0	18	5	8	1	4	2	1	8	12	3	15	11	4	2	5	9	7	5	14	11	5	2	0	3	0	0	2	4	3	4	7	52	7	8	4	2	3	5	2	5	3	3	4	1	0	1	0	1	2	3	0	1	0	1	2	1	1	2	0	2	0	1	5	1	3	1	4	1	3	2	16	14	2	4	5	5	4	8	2	3	0	1	3	0	0	1	0	2	1	1	1	2	0	1	1	1	1	0	0	0	0	2	1	0	4	2	5	6	2	3	9	6	6	2	3	1	1	5	1	4	0	0	1	1	2	3	0	0	1	2	0	0	0	1	1	0	0	2	0	2	0	0	0	0	2	2	1	0	1	0	2	4	7	6	4	4	2	1	1	0	0	1	0	0	0	0	0	1	0	1	0	0	2	0	0	0	1	0	1	1	1	0	1	0	3	3	3	5	0	1	1	2	0	0	1	1	1	1	1	0	0	0	0	1	1	0	0	0	0	0	0	0	0	1	0	0	0	0	0	0	0	0	1	2	0	0	2	0	0	0	0	0	0	0	0	0	1	1	1	0	1	0	0	0	0	0	0
0	0	0	0	0	0	0	1	2	1	0	0	2	2	0	0	2	1	2	1	2	0	1	2	4	3	8	3	6	4	5	5	22	4	1	1	6	2	4	2	19	18	26	15	20	5	10	4	1	4	18	2	3	2	5	9	2	1	18	6	15	12	11	18	18	0	21	126	15	3	3	0	7	10	5	4	16	8	6	5	5	1	2	4	4	3	4	0	0	5	0	3	2	6	3	3	9	5	20	8	1	4	1	0	1	0	1	0	0	0	1	0	1	0	0	0	0	3	2	1	0	0	1	1	2	1	2	1	3	1	0	1	3	1	0	1	0	0	2	2	3	3	5	0	1	0	1	3	0	2	2	0	2	1	0	2	1	1	2	0	1	0	1	0	0	0	2	2	4	3	5	9	9	4	9	5	0	2	0	1	2	2	1	3	2	3	2	4	2	1	0	0	0	1	1	0	0	0	0	0	1	3	0	1	0	1	0	1	2	5	4	2	0	2	3	1	3	2	2	0	2	2	2	3	2	0	0	0	0	0	1	0	0	0	0	1	0	0	1	0	0	1	2	0	0	4	0	3	1	2	2	0	2	0	0	0	2	0	0	1	1	2	1	1	0	0	1	1	0	0	2	0	0	0	0	0	0	1	0	1	1	1	0	0	0	0	0	1	0	0	1	1	1	0	1	1	2	0	0	0	0	0	0	0	0	1	0	0	0	2	0	0
0	0	0	0	0	0	0	0	2	0	1	0	0	2	1	0	1	0	0	0	1	1	1	1	1	4	7	3	12	6	5	7	23	10	10	9	6	13	4	1	6	11	21	11	10	10	8	6	4	4	14	3	3	2	5	7	1	0	5	3	3	3	3	6	5	21	0	60	6	0	1	1	9	3	1	3	6	2	0	2	1	3	0	2	3	1	1	1	0	2	0	2	0	1	1	4	5	3	8	7	1	4	0	2	1	0	0	0	2	1	0	3	1	0	0	0	0	0	0	1	0	0	0	0	0	1	1	0	1	0	2	1	0	1	0	2	3	0	0	1	1	1	0	0	0	4	0	2	1	2	0	0	0	1	1	0	1	1	1	2	2	1	1	0	0	1	0	1	7	3	15	6	10	3	11	3	2	1	1	0	0	1	4	3	1	3	2	4	4	2	1	1	0	0	1	1	0	0	1	0	0	0	0	2	0	1	2	1	2	6	2	3	0	1	0	1	1	1	3	2	0	4	4	3	0	4	2	0	0	0	0	0	0	0	0	0	0	1	0	1	1	1	2	2	2	0	1	2	0	2	0	0	2	0	2	0	3	1	0	1	0	0	1	1	2	1	1	2	0	0	1	0	0	1	0	0	0	1	0	1	1	1	1	0	0	1	0	1	1	0	1	3	2	2	0	1	0	0	0	1	1	0	1	0	1	0	0	1	1	0	1	2
0	0	0	0	0	0	0	0	0	2	2	3	4	3	1	1	2	2	1	1	3	2	2	5	4	6	8	4	8	5	5	5	37	10	2	7	3	15	4	6	19	14	37	10	22	16	5	11	4	4	6	4	1	3	4	11	5	4	10	3	2	7	9	12	8	126	60	0	9	8	1	0	12	5	1	3	5	5	3	1	3	2	5	6	4	6	2	1	3	3	0	1	1	2	2	3	6	5	8	5	0	4	1	1	1	3	0	2	1	1	2	1	0	1	0	0	0	0	0	1	1	0	1	0	2	1	0	1	2	0	2	2	1	0	1	3	0	3	0	0	2	1	0	3	1	2	1	1	1	2	1	2	2	3	1	0	0	4	2	0	1	1	0	0	0	2	2	1	3	2	6	8	9	8	15	7	0	4	1	0	2	3	0	2	4	3	4	4	2	4	1	1	0	1	0	1	1	1	1	0	0	0	0	0	1	1	0	1	0	2	4	1	1	1	1	5	4	2	3	0	0	2	1	1	1	0	0	0	0	2	1	0	0	0	1	0	0	0	0	0	0	0	0	1	2	0	1	2	1	1	0	0	0	0	1	2	0	0	0	1	2	0	0	0	0	1	1	0	4	0	1	1	0	0	0	0	0	0	1	2	0	0	1	1	2	0	0	0	0	1	2	1	0	0	0	0	1	0	1	0	0	0	1	0	1	0	0	0	1	0	1	0
0	0	0	0	0	0	0	2	2	2	2	1	0	0	1	0	2	1	1	1	1	5	2	0	6	4	6	3	6	4	1	9	23	9	2	3	2	4	1	0	5	5	10	4	7	0	1	4	4	2	6	1	1	1	0	14	6	9	14	6	7	4	11	5	1	15	6	9	0	3	1	4	8	14	5	9	8	13	5	1	3	4	1	6	2	2	0	2	2	7	5	2	0	2	3	0	4	3	19	16	4	11	9	1	2	3	0	0	2	1	0	0	0	0	1	0	1	1	3	1	0	2	1	0	0	1	0	0	1	2	1	0	0	3	1	3	2	0	1	0	1	1	1	1	0	3	0	1	1	1	1	1	1	1	1	0	1	0	0	0	1	0	1	0	1	0	2	3	1	5	9	8	2	2	4	0	0	2	0	0	1	1	1	0	1	1	1	3	1	1	2	0	0	0	1	0	1	0	0	0	0	1	0	0	0	0	0	0	1	3	5	3	2	0	1	1	0	3	2	1	0	2	2	1	3	0	1	0	0	1	0	0	0	0	0	0	0	1	0	1	2	1	0	0	0	0	1	0	0	2	1	1	1	1	0	0	1	0	0	0	1	1	0	1	1	0	0	0	0	0	0	1	0	1	0	0	0	2	2	0	0	0	1	0	0	0	0	0	0	1	2	0	0	0	0	0	1	2	1	0	0	0	0	1	1	0	0	2	1	0	1	0
0	0	0	0	0	0	0	0	1	1	0	0	1	1	1	0	2	3	0	2	2	1	4	0	4	3	0	5	2	1	0	4	0	2	1	1	3	1	1	1	3	1	1	0	1	1	0	0	4	3	2	1	1	0	0	1	1	4	3	5	3	2	5	2	4	3	0	8	3	0	3	54	8	5	7	7	6	27	20	4	6	2	7	2	18	35	12	7	15	22	4	13	21	6	21	14	3	6	2	11	8	10	9	1	19	6	2	3	3	3	0	0	0	0	0	1	0	2	1	0	0	1	0	0	1	1	0	0	1	2	3	2	3	2	3	5	1	1	1	2	2	2	1	1	0	1	1	0	0	0	0	0	1	0	0	1	1	2	0	1	2	1	0	2	0	0	0	0	2	1	0	0	1	0	3	0	0	2	1	0	0	0	1	0	4	0	0	1	0	0	0	0	0	0	1	0	0	0	0	0	0	0	1	0	0	0	0	0	0	1	1	2	1	0	2	2	1	1	2	0	0	2	0	5	0	2	0	1	0	0	0	0	0	0	0	0	0	1	2	0	0	0	0	1	0	2	0	3	0	0	0	0	3	2	2	0	1	1	0	0	1	0	0	0	0	0	0	0	0	0	0	0	0	1	0	0	0	0	1	0	0	1	0	0	1	0	0	0	0	1	0	0	0	0	0	1	1	1	1	0	1	0	0	0	0	0	0	0	0	1	0	0
0	0	0	0	0	0	0	0	1	0	2	0	0	0	2	0	1	2	3	3	1	2	1	1	1	1	1	2	1	0	1	2	2	0	0	1	2	0	0	0	1	0	1	0	1	1	1	2	1	1	1	1	0	0	1	0	1	7	1	0	2	5	6	1	2	3	1	1	1	3	0	20	7	3	2	3	1	4	9	3	1	5	1	3	4	7	18	9	5	5	3	5	9	6	5	4	1	1	4	3	8	3	4	16	10	5	4	3	3	0	0	0	0	0	1	0	0	1	1	2	0	0	0	0	0	1	1	1	0	0	1	3	1	5	4	1	2	1	1	0	0	0	3	0	1	0	1	0	0	0	0	1	0	0	0	0	0	0	2	1	0	0	1	0	0	0	0	2	2	0	0	1	2	2	0	0	2	2	4	1	1	1	0	0	0	0	0	0	1	0	1	0	1	0	1	0	0	0	1	0	0	0	0	0	1	0	0	0	0	1	0	0	0	0	0	0	0	0	3	0	0	0	1	0	1	0	1	0	0	0	0	0	0	0	0	0	1	0	0	0	0	0	0	1	0	0	0	1	1	1	2	1	2	1	2	0	0	0	0	0	1	0	0	0	0	0	2	0	0	0	0	0	1	0	0	0	0	0	0	0	0	0	0	1	0	0	0	0	1	0	0	0	0	0	1	0	0	1	1	0	0	0	0	0	0	0	0	0	1	0	1	0
0	0	0	0	0	0	0	2	2	0	0	0	0	0	0	2	1	1	0	4	2	4	4	2	6	1	1	6	1	2	2	4	5	0	0	0	2	2	0	0	0	5	0	1	0	1	0	2	0	0	0	0	1	1	4	1	6	0	1	1	3	1	5	0	1	0	1	0	4	54	20	0	7	6	17	5	10	14	9	6	2	5	10	4	7	55	20	10	9	18	6	16	10	8	7	7	2	3	1	10	3	2	9	7	3	1	2	3	0	0	0	0	1	2	1	0	0	0	0	0	1	0	0	1	0	0	3	1	3	1	1	0	2	6	3	2	1	0	2	2	1	1	1	1	0	1	1	1	1	0	0	0	0	0	1	0	0	0	0	0	0	0	0	0	0	0	0	0	0	1	1	1	0	3	2	0	1	0	0	0	0	0	2	0	0	1	3	2	0	0	0	1	0	1	1	0	0	1	0	0	0	0	0	0	0	1	0	0	0	1	0	1	1	0	3	0	0	1	0	1	1	0	0	0	1	0	2	0	0	0	1	0	1	0	1	0	0	0	0	0	0	0	1	0	1	1	0	0	0	2	0	0	0	0	1	0	1	1	0	0	0	0	1	1	0	0	1	0	0	0	0	0	1	0	0	0	1	0	0	0	0	1	0	0	0	1	0	0	0	0	0	0	0	0	0	0	2	0	0	0	0	0	1	1	0	0	0	0	1	0	0	0
0	0	0	0	0	0	0	1	3	2	0	0	2	0	1	0	3	2	1	1	6	3	2	6	1	8	7	4	5	3	6	8	7	10	5	4	4	5	6	3	6	17	6	6	9	3	2	2	0	1	4	2	1	1	2	8	4	5	15	4	5	11	18	21	8	7	9	12	8	8	7	7	0	64	14	15	67	19	5	6	6	1	4	8	8	12	3	2	8	7	2	8	8	3	6	14	10	14	7	17	9	3	11	2	4	2	1	1	0	1	1	1	0	2	0	1	0	1	0	1	1	1	0	1	0	1	0	2	2	0	0	2	1	3	3	3	2	1	2	1	3	0	4	0	0	0	2	1	0	2	0	2	3	0	0	0	1	0	0	0	0	0	1	0	0	0	1	1	4	0	6	3	4	1	2	2	0	0	1	1	1	0	0	2	2	2	1	3	0	2	0	0	1	0	1	2	0	1	0	0	0	0	1	0	1	1	1	1	0	1	2	1	0	2	0	2	2	0	1	1	1	0	2	0	4	0	0	0	0	0	0	0	0	0	0	1	0	0	0	1	0	0	0	0	0	2	1	0	0	2	0	0	0	1	2	0	3	2	0	0	0	2	0	0	0	3	0	0	0	1	1	1	0	1	0	1	0	0	0	1	0	1	1	0	0	0	0	1	0	1	0	0	1	0	0	0	2	0	0	0	0	0	0	0	1	0	0	0	0	1	3	0
0	0	0	0	0	0	0	0	2	2	3	1	2	1	1	0	6	0	3	5	3	3	3	2	5	6	18	15	6	6	5	5	9	13	5	7	2	3	9	6	12	29	11	5	4	4	2	0	1	0	3	0	1	0	2	2	2	1	6	3	5	5	8	19	12	10	3	5	14	5	3	6	64	0	33	42	641	7	3	1	4	1	8	9	7	7	1	0	7	7	5	8	1	0	7	12	7	3	8	7	2	2	6	0	2	1	5	1	0	0	0	2	0	2	0	0	1	2	4	0	0	0	0	0	2	1	3	2	1	2	0	1	4	1	2	5	2	0	1	3	5	6	4	1	1	0	2	3	1	2	1	3	3	0	0	2	1	0	0	0	0	0	1	0	1	0	3	2	0	0	5	0	4	2	3	4	2	1	0	1	3	0	1	0	2	1	1	1	1	0	1	0	2	0	1	0	0	1	1	1	0	0	0	0	2	0	0	0	1	1	1	1	1	4	0	2	2	0	0	2	0	0	0	3	2	0	1	0	0	0	0	0	0	0	0	1	0	1	0	0	0	1	1	0	0	2	1	2	2	1	0	0	1	1	1	0	1	0	1	1	0	0	1	0	0	1	1	0	1	0	0	0	0	0	0	1	0	0	0	0	0	0	0	1	0	0	0	0	1	1	1	2	0	1	0	1	1	0	1	1	0	0	0	2	0	0	1	0	0	0	0	0
0	0	0	0	0	0	0	0	2	1	1	3	4	3	2	8	5	3	5	1	1	2	6	15	4	1	6	7	4	5	5	4	5	5	1	3	7	3	2	2	5	6	5	1	3	5	1	1	0	1	2	1	0	0	1	1	2	0	3	1	1	0	7	7	3	5	1	1	5	7	2	17	14	33	0	15	27	4	2	1	2	3	7	12	10	17	8	5	20	4	1	9	2	1	3	10	5	3	5	2	2	1	1	0	4	1	3	1	1	0	2	1	0	0	1	1	0	1	3	1	1	1	0	0	1	2	2	2	1	2	1	2	5	7	4	3	3	0	1	4	4	4	1	0	1	0	1	1	2	0	0	0	2	0	0	0	0	1	1	1	0	0	2	0	0	1	0	0	0	0	1	0	0	1	0	2	4	4	1	1	1	0	2	1	0	0	1	1	0	1	0	0	0	0	0	0	0	0	0	0	0	0	0	0	0	0	1	1	0	2	0	1	1	0	3	1	1	1	0	2	0	0	1	0	1	1	0	0	0	0	0	0	1	0	1	0	0	1	0	2	0	0	0	0	1	0	0	0	0	0	0	0	3	0	0	0	1	0	0	0	1	1	0	1	0	0	0	0	0	0	1	2	0	1	0	0	0	0	0	0	0	0	0	0	0	0	0	1	1	0	1	0	0	0	0	0	1	1	0	0	0	1	0	0	0	0	0	2	0	0	0	1
0	0	0	0	0	0	0	1	1	2	0	3	1	2	2	2	3	3	2	8	5	10	10	10	11	11	9	9	1	3	4	7	5	1	3	5	1	2	6	6	15	27	6	7	5	3	3	1	2	0	1	0	0	1	2	1	2	2	6	4	13	4	5	29	15	4	3	3	9	7	3	5	15	42	15	0	40	7	8	4	6	0	7	11	11	7	2	3	11	4	0	3	2	2	5	20	10	4	5	6	3	2	3	2	0	4	1	1	0	1	2	2	0	0	0	2	2	0	3	2	3	1	2	1	2	2	0	1	2	3	4	2	2	2	3	15	5	3	2	2	6	6	4	2	0	1	2	1	1	1	0	3	2	1	0	0	0	0	1	0	0	0	0	0	1	0	0	0	1	0	1	2	2	4	2	3	4	2	1	2	1	1	0	2	1	1	0	3	2	0	0	0	0	0	0	0	1	0	0	0	0	0	0	0	0	1	0	1	0	2	3	3	0	1	0	2	1	2	1	0	1	0	0	2	0	1	0	0	0	0	0	0	0	0	0	0	0	0	0	0	0	1	0	1	1	1	1	2	2	1	2	0	0	2	1	2	0	0	0	0	1	0	0	1	0	0	0	0	1	0	0	0	0	0	0	0	0	1	2	1	0	0	1	0	0	0	1	0	0	0	1	0	1	0	0	1	1	0	1	0	1	0	1	1	0	0	0	1	0	0	0	1
0	0	0	0	0	0	0	0	0	2	1	0	0	2	1	2	8	2	4	5	4	3	8	4	7	7	9	15	3	1	3	9	8	8	10	4	5	3	3	2	8	16	4	3	5	5	1	2	1	3	3	1	0	0	0	2	1	3	6	6	6	3	9	19	11	16	6	5	8	6	1	10	67	641	27	40	0	9	4	4	4	3	5	8	6	5	8	5	7	3	1	7	3	3	5	12	7	5	3	11	3	8	1	1	5	0	0	3	1	0	0	1	0	0	0	0	0	0	1	0	0	0	1	1	0	1	1	2	0	1	0	3	3	3	1	3	0	0	1	2	1	3	2	0	0	2	1	2	1	1	0	2	3	0	0	0	2	2	0	0	0	1	0	0	0	0	0	1	2	0	2	1	1	1	4	2	2	1	1	1	2	0	0	0	0	3	0	0	0	1	0	1	0	2	1	1	0	0	0	1	0	0	0	1	0	0	0	2	0	2	1	0	1	0	1	2	3	2	1	1	0	1	1	2	1	1	2	0	0	0	1	1	0	0	0	0	0	0	0	0	0	1	0	0	1	2	0	0	1	0	1	0	0	0	1	3	1	2	0	1	0	0	1	0	1	1	0	2	0	0	0	0	0	0	1	0	1	1	1	0	0	1	0	1	1	1	1	0	3	0	0	0	0	1	0	0	1	0	0	1	0	0	0	1	0	0	0	0	1	1	2	1
0	0	0	0	0	0	0	1	0	4	0	0	0	0	0	0	1	1	2	1	1	3	6	2	1	2	4	4	3	2	4	2	6	2	2	2	3	0	4	0	4	7	3	2	2	2	1	2	3	0	3	3	0	1	1	4	5	6	8	2	5	3	12	7	4	8	2	5	13	27	4	14	19	7	4	7	9	0	18	10	4	2	2	7	10	15	9	5	6	53	11	21	15	4	11	7	5	7	9	24	15	16	20	4	6	3	2	1	0	0	0	0	1	1	0	0	1	0	0	1	0	0	1	0	0	1	1	1	0	3	0	0	3	1	2	1	1	0	1	2	3	0	1	1	1	1	1	2	0	0	3	0	0	0	0	0	3	0	0	0	1	2	0	1	0	0	1	1	0	1	5	3	1	2	1	1	1	0	3	1	1	1	0	0	0	0	1	0	1	1	1	0	2	0	0	0	0	1	0	0	0	0	1	0	0	1	2	0	0	2	2	2	2	1	1	2	1	2	2	0	2	0	0	1	2	0	1	1	1	0	0	0	1	1	0	0	0	0	1	0	0	1	3	1	0	1	0	2	1	2	0	0	0	2	2	0	3	0	0	0	0	0	1	0	0	0	0	0	1	1	0	0	0	0	3	0	0	0	0	0	1	0	0	0	2	0	1	0	0	0	2	0	0	0	0	0	0	2	1	0	1	0	1	2	0	0	0	0	0	0	0	0
0	0	0	0	0	0	0	0	0	0	0	1	0	0	0	0	1	1	0	2	2	1	1	2	3	2	2	3	2	1	2	1	1	1	3	0	1	2	1	2	3	1	2	4	2	0	0	1	0	0	2	0	0	0	6	4	10	10	6	15	7	9	11	8	2	6	0	3	5	20	9	9	5	3	2	8	4	18	0	32	19	3	4	6	11	9	2	2	6	17	4	6	18	17	15	13	6	28	14	44	20	10	20	3	9	3	5	1	2	2	0	0	1	1	0	0	1	0	0	0	1	0	0	1	0	2	1	2	2	0	1	0	1	3	0	2	4	3	2	3	5	1	1	2	0	1	1	2	0	2	1	1	2	0	0	0	0	1	0	0	0	1	1	2	0	0	0	0	1	1	1	1	0	1	1	0	2	2	1	0	0	0	1	1	1	0	1	0	1	0	0	2	1	2	1	0	1	0	0	0	0	0	0	0	0	0	0	0	1	0	4	3	1	1	0	2	2	0	3	0	1	0	1	1	0	0	0	0	0	0	0	0	1	0	1	1	1	0	0	1	0	0	0	0	1	0	0	1	0	0	0	1	0	2	0	2	1	1	1	0	0	0	0	0	0	0	0	1	0	2	0	2	1	0	1	0	0	1	0	0	0	0	0	1	0	0	1	1	1	0	0	0	1	3	0	0	0	0	0	0	0	1	2	1	0	1	1	0	1	0	0	0
0	0	0	0	0	0	0	0	1	1	0	0	1	2	0	0	0	0	0	2	0	2	2	1	3	0	1	2	1	2	0	2	1	2	0	1	2	0	1	1	2	1	2	1	5	0	1	1	1	1	2	1	0	1	5	2	8	2	7	26	10	6	11	2	5	5	2	1	1	4	3	6	6	1	1	4	4	10	32	0	27	8	7	6	11	6	3	2	2	7	1	3	5	30	17	6	8	36	8	13	7	8	5	3	5	7	6	4	1	0	0	0	1	1	1	1	0	0	0	1	1	1	0	1	0	0	4	2	4	3	2	2	2	3	0	1	4	6	2	8	7	1	1	0	0	0	1	0	0	1	3	1	0	1	0	1	1	0	0	0	0	0	0	0	1	0	2	2	1	2	0	0	0	0	3	1	1	1	2	1	1	1	1	0	1	0	1	0	0	2	0	0	0	1	1	0	0	0	0	0	1	0	0	0	1	0	0	0	1	2	6	0	0	6	4	3	3	0	0	1	2	0	1	3	0	2	0	1	0	0	0	0	0	0	0	0	0	0	0	0	0	0	0	1	1	1	0	2	0	1	3	0	3	6	2	4	1	5	0	1	0	1	0	0	1	1	1	1	0	1	0	0	0	2	2	0	0	0	0	1	0	2	1	0	2	0	0	0	0	1	2	0	1	0	1	0	0	0	0	1	0	0	0	1	0	1	1	0	0	1	0	1
0	0	0	0	0	0	0	1	0	2	0	2	1	0	1	2	2	0	1	1	3	2	4	3	2	1	1	2	1	3	3	3	0	4	0	1	4	0	0	1	3	4	1	2	2	0	2	0	1	0	1	0	0	0	1	2	5	2	7	4	10	16	14	9	9	5	1	3	3	6	1	2	6	4	2	6	4	4	19	27	0	30	6	11	34	6	4	7	3	3	2	2	3	6	33	25	16	18	3	9	3	4	8	1	2	8	12	4	5	0	1	2	1	2	1	0	1	1	3	1	0	1	1	1	1	4	3	1	1	0	0	1	3	2	2	10	5	2	5	2	5	4	0	1	1	0	2	2	1	0	1	0	1	0	0	0	1	0	2	1	0	2	0	0	0	0	1	3	0	1	0	5	3	0	0	3	1	3	1	0	0	0	2	1	1	2	0	0	2	0	0	0	1	0	2	0	0	0	0	0	1	0	0	1	0	1	2	1	0	0	1	0	1	1	2	0	0	1	0	2	0	3	0	1	3	0	0	0	0	1	1	0	0	1	0	0	0	0	1	0	0	0	0	0	2	2	2	2	4	1	2	3	3	1	2	2	0	0	1	0	2	1	0	0	0	0	0	0	1	2	0	0	0	0	0	0	0	0	0	0	0	1	0	1	0	0	1	1	1	0	0	0	0	0	1	0	1	0	0	1	0	0	1	0	0	2	0	0	0	0	1	0
0	0	0	0	0	0	0	0	0	0	1	1	0	0	0	0	1	1	2	3	3	3	4	0	3	1	3	2	0	1	4	1	3	1	1	1	1	1	1	1	3	3	3	1	2	1	1	0	1	0	1	0	0	1	1	1	2	1	4	3	7	5	6	4	7	1	3	2	4	2	5	5	1	1	3	0	3	2	3	8	30	0	10	15	16	6	3	6	4	3	1	1	1	7	14	12	8	4	4	4	0	3	2	1	7	7	14	18	2	3	0	0	0	1	1	2	2	0	1	2	3	0	3	2	1	2	3	0	3	3	2	2	1	5	4	8	9	7	6	24	19	3	1	1	0	0	2	0	0	0	0	0	1	1	0	0	0	0	1	1	1	0	1	0	2	1	0	0	0	2	0	2	1	2	0	1	2	3	0	4	0	1	0	1	0	1	0	0	1	0	0	1	1	1	1	2	0	0	0	0	0	0	0	1	0	1	0	2	0	0	2	3	0	1	1	1	6	4	4	0	0	0	0	0	1	0	0	0	0	0	0	0	0	0	2	0	0	0	0	0	0	0	1	1	0	4	2	4	2	3	0	1	1	4	1	1	2	0	0	0	0	2	1	0	1	1	0	0	0	0	0	0	1	1	0	0	1	0	0	0	1	1	0	0	1	0	0	0	1	0	1	0	0	0	0	1	1	2	1	0	0	0	0	1	1	0	0	0	0	1	1	0
0	0	0	0	0	0	0	0	0	0	0	1	1	1	1	2	4	2	1	5	9	18	15	15	7	3	4	3	1	0	2	1	2	3	2	2	1	0	5	3	4	5	2	3	2	1	1	0	1	3	0	1	2	1	1	2	0	1	3	2	5	2	5	9	5	2	0	5	1	7	1	10	4	8	7	7	5	2	4	7	6	10	0	108	18	12	8	9	12	1	1	5	2	3	6	44	6	2	5	4	1	2	2	2	1	3	3	4	2	0	1	0	0	2	1	0	1	0	2	1	0	3	2	1	0	3	3	3	2	0	2	7	6	7	10	19	2	3	2	8	6	2	2	1	1	0	1	3	0	0	0	0	2	0	0	0	0	0	1	0	0	0	0	1	0	1	0	0	1	2	3	1	1	1	0	4	3	0	1	1	1	0	0	1	2	2	0	3	0	1	1	3	2	1	0	1	0	0	1	1	0	1	0	0	1	0	2	0	1	1	1	1	0	1	3	1	3	2	2	3	1	3	2	0	1	2	0	0	2	0	0	0	0	0	0	0	0	1	0	1	0	1	1	0	1	2	0	1	1	3	0	0	2	1	1	2	1	0	1	1	0	0	1	0	3	0	2	0	1	2	0	1	0	1	1	0	0	0	1	0	0	0	0	0	0	0	1	1	0	0	0	0	0	0	1	1	1	1	1	0	2	0	0	2	1	0	1	0	0	0	0	0
0	0	0	0	0	0	0	1	0	2	1	0	1	2	0	1	3	3	5	3	6	7	8	2	3	2	2	1	0	1	3	1	1	2	3	0	3	4	2	3	1	8	3	3	2	0	6	1	0	0	1	0	0	1	1	1	3	3	2	4	8	3	4	11	14	4	2	6	6	2	3	4	8	9	12	11	8	7	6	6	11	15	108	0	28	15	8	10	12	4	1	5	4	6	27	171	12	6	6	10	4	1	1	2	6	3	5	6	3	1	2	3	0	0	0	1	0	1	0	0	4	1	1	1	2	1	2	3	0	3	0	3	6	8	11	18	5	5	6	1	8	5	0	2	1	1	1	1	2	0	1	1	1	0	0	2	0	0	1	0	1	0	1	0	0	1	0	2	1	0	1	2	2	0	0	1	3	1	1	0	1	2	2	0	0	1	0	2	2	1	2	0	0	2	0	0	0	0	0	0	0	0	0	0	0	1	0	0	1	0	1	2	0	2	0	2	5	0	1	1	0	1	0	1	0	0	2	0	0	0	0	0	1	1	0	0	1	0	1	0	0	0	0	1	2	0	0	1	2	3	4	2	0	1	1	1	0	1	0	0	0	0	1	0	4	0	0	2	1	0	1	0	1	0	0	0	2	2	1	0	1	2	0	0	0	0	1	0	1	0	1	0	0	0	1	1	1	1	0	0	0	0	0	1	0	0	0	0	0	0	0	1
0	0	0	0	0	0	0	0	0	1	0	2	1	0	1	1	0	1	1	2	4	4	2	1	1	8	2	2	2	5	6	1	5	2	3	4	1	0	3	2	5	13	6	3	3	2	0	1	3	1	4	1	0	0	1	3	2	8	2	8	14	11	15	14	11	4	3	4	2	18	4	7	8	7	10	11	6	10	11	11	34	16	18	28	0	24	6	2	12	4	1	9	8	7	22	57	21	22	9	20	8	6	4	3	2	5	3	0	3	1	1	2	1	1	0	0	1	0	2	0	2	0	1	0	1	1	0	3	0	0	1	1	4	9	2	10	6	1	3	3	3	3	0	2	0	0	0	2	4	0	0	0	2	0	1	1	0	1	2	0	0	2	0	1	0	2	0	0	0	2	1	4	1	2	5	3	1	1	1	0	1	1	1	1	2	0	2	1	3	0	0	2	1	2	0	2	1	0	0	0	1	0	1	0	0	0	0	0	1	2	4	0	3	0	1	1	7	1	2	0	1	1	1	2	1	1	0	0	0	0	0	0	0	0	0	0	0	0	0	0	0	1	1	0	1	1	2	0	2	2	0	0	4	1	1	0	0	0	0	1	0	0	1	1	0	2	0	0	0	0	0	0	0	0	2	0	0	0	0	0	1	0	0	0	0	0	0	0	0	1	0	1	1	0	0	1	1	0	0	2	0	0	0	0	0	0	3	0	0	1	2	1
0	0	0	0	0	0	0	1	2	0	2	0	0	0	1	2	4	2	3	4	2	5	7	2	2	6	0	7	2	2	2	5	2	2	1	4	0	3	0	1	5	5	4	0	1	1	4	0	1	0	1	2	0	0	2	1	1	0	2	5	1	1	3	5	5	3	1	6	2	35	7	55	12	7	17	7	5	15	9	6	6	6	12	15	24	0	23	12	49	9	2	13	7	5	15	20	6	4	7	11	5	6	8	1	3	3	1	2	1	2	1	2	0	1	0	0	1	0	1	0	1	2	2	0	0	0	0	1	1	2	3	3	4	3	0	5	3	2	2	5	6	3	0	0	0	1	0	0	1	0	0	1	0	3	0	0	1	0	0	0	0	0	1	0	0	1	0	0	1	0	1	1	1	0	0	1	1	1	2	1	0	1	0	1	2	0	1	0	1	1	1	0	0	0	0	0	0	1	0	0	1	0	0	0	0	0	0	0	0	3	1	0	1	0	0	1	1	0	1	1	0	0	0	0	1	0	0	0	1	0	1	0	0	1	0	0	0	0	0	0	0	0	0	1	0	0	0	0	0	0	0	0	2	1	0	0	2	0	0	0	0	1	1	0	1	1	0	2	1	0	0	0	1	1	0	0	1	0	0	0	1	1	0	0	0	0	0	0	1	0	0	1	0	1	0	0	1	0	0	0	0	2	2	1	0	0	1	0	0	2	0	0
0	0	0	0	0	0	0	0	0	3	1	0	0	1	0	0	4	2	1	0	1	6	8	6	5	5	3	4	2	0	0	3	1	4	0	1	2	2	1	0	1	0	1	0	1	0	0	0	2	0	0	1	1	0	1	0	2	3	1	0	4	1	1	2	2	4	1	2	0	12	18	20	3	1	8	2	8	9	2	3	4	3	8	8	6	23	0	36	15	5	2	7	4	2	4	2	3	3	2	5	3	1	1	6	2	1	2	0	1	0	1	0	1	0	0	0	0	2	0	0	0	0	1	1	1	3	0	0	1	1	1	5	3	1	4	4	4	2	1	1	7	2	0	0	2	0	0	0	1	0	0	1	3	0	1	3	0	0	1	0	0	0	0	0	0	0	0	2	0	2	2	0	0	2	2	0	0	1	0	0	2	0	1	0	0	1	0	1	1	0	1	1	0	0	0	1	0	0	1	0	0	1	0	1	1	0	0	0	0	0	0	0	2	1	0	1	1	1	2	0	0	0	0	1	0	1	0	1	0	0	1	0	0	0	0	0	0	0	0	1	2	0	0	1	0	0	0	0	1	1	1	1	0	0	1	2	1	1	1	0	0	0	1	0	1	0	1	1	1	1	0	1	1	0	1	2	0	0	0	0	0	1	0	0	0	0	0	0	0	0	2	0	0	1	0	1	0	0	2	1	0	0	0	1	0	1	0	0	0	0	0	0
0	0	0	0	0	0	0	0	1	0	0	0	1	0	0	2	3	1	1	1	2	6	8	6	5	1	0	1	0	0	1	1	0	6	4	2	2	1	5	1	1	2	0	2	3	2	3	0	0	0	0	1	2	1	0	1	1	2	2	1	2	2	2	2	0	0	1	1	2	7	9	10	2	0	5	3	5	5	2	2	7	6	9	10	2	12	36	0	40	2	6	1	6	5	5	3	4	1	1	2	3	1	1	3	3	7	1	5	1	1	1	2	0	0	3	1	0	3	0	0	0	0	2	1	2	4	1	1	0	3	4	1	3	5	3	1	3	4	1	3	8	3	1	0	2	0	0	0	0	0	1	1	0	2	0	0	1	0	0	0	0	0	0	1	1	0	0	0	0	0	0	1	0	1	0	0	0	1	1	2	1	1	0	1	0	1	1	1	0	1	0	0	2	1	0	0	0	1	1	0	0	0	0	0	0	0	1	0	0	1	0	0	0	1	3	1	2	0	1	0	0	1	0	1	0	1	0	0	0	0	1	0	0	0	0	0	1	1	0	0	0	0	0	1	0	1	0	0	2	0	0	0	2	0	0	2	2	0	0	0	0	0	0	0	0	0	0	0	0	0	0	0	0	0	1	1	0	0	0	0	0	0	0	1	0	0	0	0	1	0	1	0	0	0	0	1	0	0	0	1	0	0	0	0	0	0	0	0	0	0	1	0
0	0	0	0	0	0	0	2	0	0	1	0	2	0	1	0	1	0	3	7	3	11	11	5	2	3	2	4	1	1	3	2	0	0	2	0	0	1	1	0	1	5	2	0	3	5	2	1	0	0	2	1	1	2	1	1	2	1	2	1	4	4	4	9	3	0	0	3	2	15	5	9	8	7	20	11	7	6	6	2	3	4	12	12	12	49	15	40	0	5	1	4	6	1	11	11	5	5	2	6	2	2	2	3	10	6	4	1	1	1	1	2	0	0	0	0	2	3	1	0	0	0	3	2	0	3	1	1	3	0	1	4	5	7	9	3	3	2	3	5	5	1	2	0	1	2	2	0	1	0	0	2	1	0	1	0	0	0	0	2	0	0	1	1	0	0	1	0	0	2	4	1	0	1	1	0	1	2	0	0	0	0	0	0	3	1	1	0	0	0	0	0	0	0	0	1	0	0	0	0	1	0	2	1	0	0	0	0	2	0	2	0	0	0	0	1	2	2	3	1	0	0	0	2	1	0	1	0	0	0	0	1	0	0	2	0	0	0	1	0	0	0	0	1	0	1	0	0	1	2	2	1	2	0	0	3	4	0	0	0	0	0	1	0	0	1	2	2	2	0	0	0	0	0	0	0	0	0	0	1	0	0	0	1	0	0	1	0	0	0	0	0	1	0	0	0	0	0	0	0	2	2	0	0	0	0	0	0	0	0	1	1
0	0	0	0	0	0	0	0	0	0	0	2	1	0	0	0	2	0	0	0	2	1	2	2	1	1	4	1	2	2	2	4	1	1	1	0	0	1	0	0	1	4	3	1	0	3	4	2	2	0	1	0	0	1	3	3	3	5	2	4	2	5	3	4	0	5	2	3	7	22	5	18	7	7	4	4	3	53	17	7	3	3	1	4	4	9	5	2	5	0	9	19	53	5	10	4	3	6	7	19	38	23	72	5	5	4	7	0	1	1	1	0	1	0	0	0	0	0	0	0	0	0	0	1	0	1	0	0	0	0	3	0	1	3	0	3	1	1	0	1	1	1	0	0	1	0	1	1	0	0	0	0	0	0	0	0	0	0	0	1	0	0	0	1	1	1	0	1	0	0	1	0	3	1	1	2	0	0	1	0	0	1	0	3	1	1	1	0	2	0	1	1	0	0	0	2	1	0	0	0	0	0	1	0	0	1	0	0	0	2	1	1	2	2	2	0	0	0	1	2	0	1	0	1	0	1	1	0	0	0	0	0	0	1	0	0	0	0	0	1	0	0	1	1	1	0	0	0	1	3	1	1	0	0	1	2	2	0	0	0	0	0	1	2	0	1	0	0	2	0	1	1	0	0	0	1	1	1	1	2	0	1	0	0	0	0	1	0	0	1	0	1	0	0	1	2	0	0	1	0	0	2	0	0	0	0	0	0	0	0	1	0
0	0	0	0	0	0	0	0	1	0	0	0	2	2	0	0	3	0	1	0	0	0	0	2	1	1	3	3	2	2	2	3	5	1	0	2	1	3	1	1	0	2	1	1	0	0	0	1	0	0	0	3	2	0	1	3	3	4	0	1	0	1	1	0	0	0	0	0	5	4	3	6	2	5	1	0	1	11	4	1	2	1	1	1	1	2	2	6	1	9	0	19	3	3	2	1	0	0	1	3	8	9	11	3	1	1	5	0	0	1	0	0	0	0	1	0	0	0	0	0	0	0	1	1	0	1	0	0	1	1	1	0	1	0	1	0	0	0	2	1	0	0	0	0	0	1	0	0	1	2	0	1	0	1	0	0	1	0	0	0	0	0	1	0	1	1	1	2	1	0	0	0	1	1	1	0	1	1	0	0	0	0	0	2	0	0	0	0	1	0	0	0	0	0	0	1	0	0	0	1	0	1	0	2	1	0	0	1	1	3	2	0	0	1	1	1	1	0	0	0	0	0	0	2	0	1	1	0	0	0	0	0	1	0	0	0	0	0	1	1	0	0	0	0	1	1	1	0	0	1	0	1	0	1	0	1	0	0	0	0	0	0	0	0	2	0	0	0	1	0	0	0	1	1	0	1	0	1	0	0	0	0	0	1	1	0	0	0	0	2	1	1	1	0	0	1	1	0	0	2	0	0	0	0	0	0	1	0	2	0	0	1
0	0	0	0	0	0	0	1	1	0	0	0	0	0	0	1	0	1	3	2	2	3	4	2	2	0	2	2	1	1	7	7	4	2	1	1	0	0	2	2	2	0	1	0	2	7	0	1	0	0	3	0	0	1	1	1	2	1	2	2	5	6	5	2	2	3	2	1	2	13	5	16	8	8	9	3	7	21	6	3	2	1	5	5	9	13	7	1	4	19	19	0	19	5	5	3	3	3	4	7	8	4	13	5	4	0	1	1	1	0	0	0	0	0	0	1	0	1	0	1	0	0	0	0	0	2	2	1	0	1	0	0	0	1	1	1	2	1	0	1	0	4	2	3	0	3	2	1	0	1	0	1	0	1	0	0	0	0	0	0	0	0	0	0	0	0	0	0	0	1	0	1	1	0	1	3	1	0	1	0	0	0	0	0	1	0	0	1	2	0	0	0	0	0	0	0	0	0	0	0	0	0	0	0	1	0	1	0	0	1	1	0	0	0	1	0	0	0	2	0	1	1	0	0	0	0	0	0	0	0	0	1	0	0	0	0	0	0	0	1	0	0	0	0	2	1	0	1	0	0	2	0	0	0	1	1	1	0	2	1	2	0	0	0	1	1	0	1	0	0	0	0	0	0	0	0	0	0	0	0	2	0	0	0	0	0	0	2	0	0	0	1	0	0	0	2	0	0	2	0	1	0	0	0	0	0	1	0	0	1	0	0
0	0	0	0	0	0	0	0	1	1	0	1	0	0	0	1	3	0	2	4	2	0	4	0	3	0	4	3	2	0	0	4	4	3	1	3	0	1	2	2	0	5	1	0	4	3	1	0	1	1	1	0	0	2	0	1	7	6	3	10	2	4	5	3	4	2	0	1	0	21	9	10	8	1	2	2	3	15	18	5	3	1	2	4	8	7	4	6	6	53	3	19	0	13	8	3	2	5	7	11	51	18	30	10	6	5	3	1	1	0	0	0	1	2	0	1	1	0	2	0	0	0	1	0	0	0	0	1	1	0	0	2	2	3	3	1	0	1	0	4	1	1	0	1	0	1	1	1	0	1	1	1	0	0	1	0	1	2	2	1	1	1	0	0	0	2	1	0	1	2	1	2	1	0	2	1	1	1	0	0	0	0	2	1	0	0	0	1	0	2	0	0	1	0	0	0	1	0	3	0	0	0	0	0	0	0	0	0	0	0	0	0	0	0	2	0	0	0	1	0	0	0	1	2	0	0	0	0	1	0	0	0	0	0	0	0	1	0	0	0	0	1	1	2	0	0	0	2	1	1	0	0	1	0	1	1	0	0	0	0	0	0	0	0	0	0	0	1	0	2	0	0	2	0	0	0	0	0	0	0	0	1	0	1	0	0	1	0	0	0	1	0	0	0	0	0	0	1	0	0	1	0	0	0	0	0	1	1	0	0	0	0
0	0	0	0	0	0	0	0	0	1	1	0	0	0	0	0	3	1	0	0	2	1	1	1	1	0	1	1	2	0	1	1	2	1	1	1	0	0	1	2	4	0	3	0	1	0	0	1	0	0	2	0	0	1	1	3	2	4	3	8	6	1	2	6	3	6	1	2	2	6	6	8	3	0	1	2	3	4	17	30	6	7	3	6	7	5	2	5	1	5	3	5	13	0	10	2	6	18	1	8	10	3	3	4	17	14	6	2	1	1	2	0	0	0	3	1	1	0	0	0	1	2	0	0	0	0	1	1	1	0	2	0	0	0	0	0	3	2	2	1	2	1	1	0	0	0	0	0	2	0	1	2	0	1	0	0	1	0	0	0	1	0	0	0	3	0	0	1	3	1	0	0	2	0	1	0	1	0	0	0	0	1	3	1	1	0	0	1	1	0	2	0	0	1	0	1	0	0	0	0	0	0	0	0	0	0	0	0	0	1	3	1	0	1	1	1	1	0	1	1	0	2	0	0	2	0	1	0	0	0	0	1	1	0	1	0	0	0	1	1	0	0	0	1	0	1	0	2	0	1	1	4	2	0	1	2	2	0	0	2	0	0	2	0	0	1	0	3	0	1	0	0	0	1	0	0	0	0	0	0	0	1	0	0	1	0	0	1	0	0	0	0	0	0	1	1	0	0	1	1	1	0	0	2	1	0	2	0	0	0	1	0
0	0	0	0	0	0	0	2	0	0	0	2	0	1	0	1	0	0	1	1	2	5	3	1	5	1	0	3	1	1	1	3	1	2	0	2	1	1	1	3	2	1	4	3	3	0	2	0	0	2	2	0	0	3	2	2	3	1	4	4	10	3	7	8	4	3	1	2	3	21	5	7	6	7	3	5	5	11	15	17	33	14	6	27	22	15	4	5	11	10	2	5	8	10	0	16	7	16	4	9	10	5	6	6	13	3	10	2	3	3	0	1	0	0	0	1	1	1	1	0	1	0	1	2	0	0	2	0	2	2	0	0	2	7	2	1	4	4	0	5	3	0	1	1	1	0	1	1	0	1	1	0	0	0	0	1	1	0	0	0	0	0	0	1	0	0	1	0	1	1	1	0	3	2	1	0	2	1	2	0	0	0	0	2	3	1	0	1	1	0	1	0	1	0	0	0	0	0	0	0	0	0	0	3	1	1	0	1	1	1	2	1	1	0	1	2	2	0	0	1	0	0	0	0	1	0	1	1	0	0	0	0	0	0	0	0	1	1	0	1	0	0	0	2	0	1	1	2	0	3	2	0	2	2	0	1	1	1	0	0	0	0	0	0	1	1	0	0	1	0	0	0	0	0	2	0	0	0	0	0	1	0	0	0	0	0	0	0	0	0	0	1	1	0	0	0	1	0	1	0	1	0	0	1	0	0	0	0	0	0	1	0
0	0	0	0	0	0	0	1	0	0	0	1	2	1	0	0	4	1	4	3	3	7	11	5	4	5	0	1	1	1	2	2	3	1	2	3	2	4	1	3	4	5	4	3	6	2	1	1	2	2	0	2	1	2	0	2	4	2	3	3	7	10	6	10	7	3	4	3	0	14	4	7	14	12	10	20	12	7	13	6	25	12	44	171	57	20	2	3	11	4	1	3	3	2	16	0	8	15	4	5	1	0	3	3	5	2	3	3	2	0	3	0	1	1	0	1	1	4	0	1	1	0	3	1	2	2	2	1	5	4	3	2	4	7	4	16	5	3	2	4	4	2	1	0	0	1	1	2	0	0	0	0	0	1	0	0	1	1	0	2	0	1	0	1	0	1	0	0	1	3	1	0	0	2	1	2	2	1	0	1	0	1	0	0	2	2	0	1	0	2	2	0	2	1	1	0	1	0	0	1	0	0	0	0	0	0	0	0	1	2	0	0	0	2	3	3	2	0	4	2	0	0	0	0	1	1	1	0	0	0	0	0	0	0	0	0	0	0	0	0	0	0	0	2	2	0	1	0	3	0	0	0	2	1	1	1	3	0	0	1	1	0	1	0	0	1	1	0	0	0	0	1	0	0	0	0	1	0	0	1	1	0	1	0	0	1	1	0	0	0	1	0	0	1	0	0	1	0	1	1	0	0	1	2	0	0	0	1	1	0	0	0
0	0	0	0	0	0	0	0	2	1	0	0	0	2	0	0	3	1	0	3	3	5	3	3	3	5	0	3	1	2	1	6	7	2	3	6	1	0	2	4	13	7	6	5	9	3	4	1	2	5	5	1	2	1	1	4	1	4	10	14	44	57	17	54	52	9	5	6	4	3	1	2	10	7	5	10	7	5	6	8	16	8	6	12	21	6	3	4	5	3	0	3	2	6	7	8	0	17	22	7	4	4	0	1	5	6	1	1	1	1	1	1	2	0	1	1	1	0	0	1	0	0	1	1	0	0	2	3	2	3	1	2	2	2	2	10	10	5	3	5	0	3	5	0	2	2	1	1	1	2	2	2	2	0	1	1	0	0	0	1	0	0	0	0	1	1	1	0	4	1	2	4	1	1	3	6	6	2	1	1	0	0	3	1	4	3	2	1	7	1	1	1	0	2	0	2	0	2	1	1	1	1	1	0	0	0	0	0	0	1	3	2	1	1	3	5	6	2	4	3	1	1	1	1	2	1	0	0	1	1	0	2	1	0	0	0	0	0	1	0	1	0	1	1	4	1	1	1	0	1	1	0	5	1	3	1	2	2	1	0	0	1	1	2	1	1	1	1	0	0	3	0	0	0	1	0	4	0	0	0	1	1	0	1	0	1	0	0	0	0	0	1	1	0	1	0	0	2	0	0	1	0	0	0	0	0	0	0	1	2	0	0
0	0	0	0	0	0	0	0	1	2	1	4	0	0	0	1	1	0	0	3	1	1	2	3	2	2	4	0	2	2	1	2	4	3	3	1	2	1	0	1	1	4	1	1	5	2	1	3	0	1	1	1	0	2	2	6	13	13	24	48	34	18	40	6	7	5	3	5	3	6	1	3	14	3	3	4	5	7	28	36	18	4	2	6	22	4	3	1	5	6	0	3	5	18	16	15	17	0	15	37	5	6	13	5	2	3	9	1	1	2	2	0	0	2	1	1	2	0	2	0	1	0	0	0	0	0	1	1	1	1	1	1	3	2	1	7	3	1	2	1	1	2	0	3	1	0	1	0	0	0	0	0	1	2	0	2	0	0	2	2	0	0	0	0	1	1	1	0	0	1	1	2	2	2	2	3	2	1	2	0	2	3	2	1	1	0	2	2	0	2	0	1	3	0	1	0	0	0	0	0	0	1	0	0	0	0	0	0	3	3	4	3	1	3	3	5	2	3	4	1	1	4	2	2	1	2	0	0	1	2	0	0	2	0	2	0	0	0	0	0	0	0	1	1	0	0	0	2	2	1	1	0	4	0	0	1	1	0	0	2	1	0	1	1	1	0	0	1	0	1	1	1	0	1	1	0	1	0	0	1	0	1	1	0	0	2	1	0	0	1	1	2	1	0	1	2	1	0	3	0	0	0	1	2	1	0	0	3	0	1	1	1
0	0	0	0	0	0	0	2	0	0	0	1	2	1	0	1	1	1	1	2	3	2	2	2	2	1	4	6	5	1	1	2	13	4	1	5	1	3	0	1	5	10	9	2	10	2	5	2	1	2	3	2	0	1	2	8	10	6	147	22	102	45	73	17	8	20	8	8	19	2	4	1	7	8	5	5	3	9	14	8	3	4	5	6	9	7	2	1	2	7	1	4	7	1	4	4	22	15	0	16	4	5	2	1	1	0	0	2	1	1	1	0	0	0	1	1	0	2	1	1	1	0	0	2	1	2	1	1	1	2	1	0	0	2	1	4	5	3	3	0	2	1	1	0	1	1	1	0	2	2	0	1	4	1	1	0	0	1	0	1	0	0	0	0	1	1	0	1	1	1	2	6	2	3	5	3	3	1	1	0	2	0	3	1	0	0	2	1	5	2	0	2	2	1	0	0	0	0	1	0	0	0	2	1	0	0	0	1	2	2	7	5	3	1	2	9	8	2	7	0	0	3	3	1	1	1	3	0	1	0	0	0	0	0	0	0	1	1	0	1	3	1	1	0	2	0	1	4	1	1	0	2	4	3	0	5	5	0	2	0	0	2	2	1	0	0	0	0	1	1	0	0	0	0	0	1	0	2	1	0	0	2	0	1	3	3	0	2	2	1	2	1	1	0	0	1	0	0	2	0	0	1	1	1	0	1	1	1	0	0	2	0
0	0	0	0	0	0	0	3	1	0	1	4	0	0	1	0	0	1	1	2	1	1	0	1	4	3	3	8	5	3	4	5	13	1	0	0	2	0	2	3	1	5	3	0	3	2	3	1	0	1	1	1	0	0	2	5	15	14	12	12	12	7	62	12	4	8	7	5	16	11	3	10	17	7	2	6	11	24	44	13	9	4	4	10	20	11	5	2	6	19	3	7	11	8	9	5	7	37	16	0	13	11	15	0	3	3	3	3	0	0	2	2	1	2	2	0	3	0	0	0	0	1	1	0	1	2	0	3	1	1	3	1	2	2	2	3	3	1	2	1	3	0	0	0	0	0	1	2	0	2	0	0	0	0	0	0	1	0	1	0	1	0	2	0	0	0	2	0	2	2	1	2	2	1	4	0	2	0	2	2	0	1	0	0	1	2	0	1	1	0	0	1	0	0	0	1	0	1	1	0	0	0	0	0	0	0	1	0	2	3	3	2	0	0	1	2	6	1	3	0	0	2	0	2	3	0	0	0	0	0	0	0	0	0	2	0	0	1	0	0	0	0	0	0	3	3	0	1	3	1	1	0	1	0	1	1	0	1	0	1	0	1	2	0	0	1	0	1	1	0	0	1	0	0	0	0	0	0	0	0	1	1	0	0	0	0	0	2	0	0	1	0	1	0	0	2	2	1	1	2	1	0	1	3	1	0	0	0	1	0	0	1
0	0	0	0	0	0	0	0	0	1	0	3	1	2	0	1	0	0	0	1	1	1	2	2	1	2	2	0	0	2	5	3	1	2	1	1	2	0	3	1	0	4	0	0	1	1	2	1	1	2	1	0	0	1	2	4	14	10	5	7	2	1	6	5	2	1	1	0	4	8	8	3	9	2	2	3	3	15	20	7	3	0	1	4	8	5	3	3	2	38	8	8	51	10	10	1	4	5	4	13	0	45	178	6	3	2	1	2	2	0	1	2	0	0	0	1	0	0	0	0	1	0	0	1	1	1	0	0	1	0	1	0	3	2	0	0	1	1	0	1	2	2	0	0	0	0	0	1	0	1	0	0	1	1	0	0	0	0	0	0	1	0	1	0	0	0	1	0	0	2	1	1	1	1	0	0	1	0	2	0	0	0	1	2	0	1	1	1	0	2	1	0	0	1	0	0	0	0	1	0	0	0	0	1	0	0	0	0	2	0	3	0	0	1	1	3	3	0	1	0	0	1	0	5	2	1	1	0	0	0	1	0	0	0	0	1	1	1	0	0	0	2	1	0	0	0	0	0	1	0	1	0	5	0	0	1	0	1	0	0	0	0	0	0	0	0	0	0	1	1	0	0	0	0	0	0	0	1	0	0	0	1	0	1	1	0	1	2	0	1	1	1	1	0	0	1	0	0	0	0	1	1	0	0	0	0	1	0	0	0	0	0
0	0	0	0	0	0	0	2	1	4	1	1	1	0	1	0	2	0	0	1	1	4	1	1	0	0	1	1	1	4	3	4	5	2	0	0	4	0	1	0	1	2	1	3	1	3	1	1	0	1	3	2	0	0	3	4	24	15	11	9	3	1	8	1	3	4	4	4	11	10	3	2	3	2	1	2	8	16	10	8	4	3	2	1	6	6	1	1	2	23	9	4	18	3	5	0	4	6	5	11	45	0	86	5	2	2	2	1	1	0	2	2	0	0	0	0	1	0	0	0	0	1	1	0	0	0	1	0	0	1	1	0	4	2	0	2	1	0	4	1	3	0	0	0	0	1	2	1	1	0	0	0	1	0	0	0	0	0	2	0	0	0	1	0	0	0	1	0	2	1	0	1	1	3	2	1	0	0	0	0	2	0	0	1	1	1	0	0	1	1	0	0	0	0	1	1	0	0	0	1	0	0	0	0	2	0	0	0	0	1	3	1	2	1	1	1	0	0	1	1	0	0	1	1	2	0	2	0	0	1	0	1	0	1	0	0	0	1	0	0	0	0	0	2	0	2	0	2	2	1	0	0	1	0	0	1	3	0	0	0	0	0	0	0	2	0	0	0	1	0	0	0	0	0	1	0	0	1	1	0	0	0	0	1	0	0	1	1	0	0	2	0	2	0	2	2	0	0	0	0	0	0	1	0	0	3	1	0	0	0	1	0
0	0	0	0	0	0	0	0	0	1	1	0	0	0	0	0	0	0	0	2	0	1	0	2	3	1	1	2	1	4	1	4	8	0	0	1	2	2	1	0	2	1	1	2	2	1	0	1	1	1	3	1	1	1	3	3	8	8	3	5	4	5	15	3	5	1	0	1	9	9	4	9	11	6	1	3	1	20	20	5	8	2	2	1	4	8	1	1	2	72	11	13	30	3	6	3	0	13	2	15	178	86	0	3	5	1	2	2	0	3	2	0	1	1	1	0	4	0	1	0	0	0	2	0	2	1	0	2	0	1	0	1	0	1	1	0	1	0	1	1	1	1	0	1	0	0	1	1	0	0	0	0	1	1	0	0	0	0	1	0	0	0	0	1	0	1	0	0	1	2	4	2	0	0	2	1	1	0	1	0	1	0	2	3	1	2	0	1	0	1	0	5	1	0	1	1	0	2	0	0	2	0	0	0	1	1	2	0	0	2	7	3	2	3	2	1	4	1	1	1	0	0	0	1	3	1	0	1	0	0	0	0	0	0	0	1	0	0	0	0	0	1	0	1	1	0	2	0	1	0	1	0	0	2	0	2	1	1	1	0	0	0	1	0	2	0	0	2	0	0	0	0	0	0	0	0	1	0	0	1	0	0	0	0	0	1	0	0	0	0	1	0	2	0	0	1	0	0	0	1	1	0	0	1	0	0	0	0	0	1	1	0
0	0	0	0	0	0	0	0	0	2	0	0	1	0	1	0	1	1	0	1	3	0	2	4	0	0	0	0	2	1	0	2	1	2	0	2	1	1	0	1	2	2	1	1	3	2	1	0	0	0	0	0	0	1	1	0	4	1	1	3	1	1	2	3	2	0	2	1	1	1	16	7	2	0	0	2	1	4	3	3	1	1	2	2	3	1	6	3	3	5	3	5	10	4	6	3	1	5	1	0	6	5	3	0	6	2	2	2	1	0	0	1	0	0	0	2	1	0	0	0	2	1	0	0	0	0	0	0	0	1	0	1	1	1	0	0	0	0	0	0	1	0	0	1	0	1	1	0	0	0	0	0	0	0	1	1	1	1	0	1	0	0	0	0	0	0	2	0	0	1	1	1	0	0	3	3	0	2	0	0	0	1	1	0	1	0	1	0	1	1	1	0	0	1	0	0	0	0	1	1	1	0	0	1	0	0	0	0	0	0	1	0	0	0	0	0	0	0	0	1	0	1	0	1	0	0	0	0	0	1	0	0	0	0	0	1	0	0	0	0	0	0	1	0	0	2	1	0	1	0	0	1	0	1	0	1	0	0	1	0	1	0	0	0	1	0	0	0	0	0	0	0	0	0	0	0	0	1	0	0	0	0	0	0	0	0	0	0	0	1	0	1	0	0	2	0	0	0	0	0	0	0	0	0	1	0	0	0	1	1	0	1
0	0	0	0	0	0	0	1	0	0	0	1	2	0	1	0	1	1	0	0	2	2	2	1	3	0	0	1	1	2	1	0	0	2	1	1	0	2	1	1	2	1	3	0	1	1	0	3	1	0	0	1	0	1	0	1	7	2	0	3	3	4	5	1	5	1	1	1	2	19	10	3	4	2	4	0	5	6	9	5	2	7	1	6	2	3	2	3	10	5	1	4	6	17	13	5	5	2	1	3	3	2	5	6	0	19	13	8	1	2	2	0	0	0	0	1	1	2	0	1	3	1	0	1	0	1	0	1	0	1	1	1	2	2	3	2	3	3	6	5	7	2	1	1	0	1	1	0	0	0	1	1	0	0	0	0	0	0	0	0	0	0	0	0	0	1	0	1	0	1	0	2	0	1	0	1	2	1	1	1	0	1	1	1	2	1	2	2	1	0	0	0	3	0	0	0	0	1	1	0	0	0	0	0	0	0	0	0	2	0	2	0	0	1	1	2	2	0	0	1	1	3	1	0	0	1	1	0	0	0	0	1	0	0	0	0	1	1	0	0	0	0	0	0	0	0	0	1	1	1	2	0	0	1	1	4	1	1	1	0	0	0	0	1	0	0	1	0	0	0	0	0	0	1	0	0	0	1	0	0	0	0	1	0	0	0	0	0	0	0	0	0	2	0	0	1	1	0	3	0	0	0	2	1	0	1	0	0	0	3	0	0
0	0	0	0	0	0	0	0	0	0	0	1	0	1	1	1	0	0	1	0	1	1	4	2	0	3	0	0	1	0	1	1	0	3	0	0	1	0	0	0	0	2	0	0	1	0	0	1	1	1	0	0	1	0	0	3	4	1	2	1	3	3	1	2	3	0	0	3	3	6	5	1	2	1	1	4	0	3	3	7	8	7	3	3	5	3	1	7	6	4	1	0	5	14	3	2	6	3	0	3	2	2	1	2	19	0	28	12	2	0	0	1	1	0	0	1	0	0	1	0	0	0	1	1	3	0	0	1	2	1	1	3	1	2	0	1	0	2	7	6	8	0	0	0	0	1	0	1	0	1	0	1	0	0	0	1	1	1	0	0	1	0	0	0	1	0	0	1	1	0	1	0	0	0	2	4	1	1	1	0	1	1	0	0	2	0	0	0	0	1	1	2	0	0	0	0	0	0	0	0	0	1	0	0	0	1	0	0	0	0	0	2	2	0	1	0	0	1	0	1	0	0	0	1	1	1	0	0	0	0	0	0	0	0	0	0	0	1	0	0	0	0	0	2	2	0	1	2	0	1	0	0	2	0	0	2	2	0	0	0	0	1	2	1	0	1	0	0	0	0	0	0	0	0	0	0	2	0	0	0	0	1	0	0	0	0	0	0	0	0	0	1	0	0	0	0	0	0	0	0	1	0	0	0	1	0	0	1	0	0	1	0
0	0	0	0	0	0	0	0	0	0	1	2	2	0	0	2	0	3	0	0	0	2	1	1	0	2	1	1	0	0	1	0	0	0	0	1	0	0	0	1	3	1	0	2	1	0	1	0	1	0	1	2	0	0	0	1	1	2	1	4	6	1	2	1	3	1	0	0	0	2	4	2	1	5	3	1	0	2	5	6	12	14	3	5	3	1	2	1	4	7	5	1	3	6	10	3	1	9	0	3	1	2	2	2	13	28	0	16	3	2	1	4	1	0	1	0	1	0	0	0	3	0	1	1	0	2	1	0	5	0	0	3	1	1	2	3	2	5	3	5	6	1	2	1	1	0	2	1	0	0	0	0	0	0	1	0	1	1	0	0	0	0	0	0	0	0	0	1	1	2	1	0	3	0	3	0	0	1	1	0	1	0	0	1	1	0	0	3	1	0	1	0	1	1	1	0	2	0	1	0	0	1	0	0	0	1	1	0	0	2	3	0	0	2	2	5	3	0	2	1	1	0	2	1	0	1	1	1	0	1	0	1	0	0	0	0	0	0	0	0	2	0	0	0	2	2	1	4	1	4	0	1	0	3	2	3	3	1	0	0	0	0	2	0	0	0	0	0	0	1	1	0	0	1	0	0	0	0	0	0	1	0	0	0	1	0	1	0	0	0	0	0	1	0	0	1	0	0	0	0	0	0	0	1	1	0	1	1	0	2	0	0
0	0	0	0	0	0	0	0	0	1	1	0	0	0	0	0	1	0	1	0	1	2	0	1	2	0	2	0	0	1	1	0	1	0	0	1	0	1	2	0	3	0	0	1	1	1	1	0	0	0	1	0	0	0	4	0	1	1	1	2	1	1	1	2	4	0	0	2	0	3	3	3	1	1	1	1	3	1	1	4	4	18	4	6	0	2	0	5	1	0	0	1	1	2	2	3	1	1	2	3	2	1	2	2	8	12	16	0	9	8	1	3	3	0	0	2	6	3	4	1	2	1	1	1	1	2	0	8	2	4	0	10	2	8	3	4	5	6	12	38	18	0	3	1	0	0	0	1	2	0	0	0	1	0	0	0	0	0	0	0	0	0	0	0	1	1	1	0	0	1	2	2	2	1	1	1	1	1	0	0	0	1	1	0	2	0	0	0	1	2	1	2	0	0	0	1	0	1	2	0	0	0	0	0	0	0	0	0	2	1	1	3	1	0	1	0	0	2	0	0	0	1	1	3	0	1	0	0	0	0	0	0	0	1	0	0	0	0	0	0	0	0	2	1	0	1	0	0	1	3	1	1	1	1	2	0	2	0	1	0	0	0	0	0	0	0	1	0	0	0	1	1	0	1	0	0	0	0	0	0	1	0	0	0	0	2	0	0	0	0	1	1	1	0	0	0	0	1	1	0	0	0	1	0	0	0	0	0	0	0	0	0
0	0	0	0	0	0	0	0	0	0	0	0	0	0	1	0	1	2	1	1	3	3	0	0	0	2	0	1	0	0	1	0	2	0	1	3	0	1	2	0	2	1	0	0	1	0	1	0	1	0	0	2	0	0	0	1	0	0	0	0	2	2	2	0	1	0	2	1	2	3	3	0	0	0	1	0	1	0	2	1	5	2	2	3	3	1	1	1	1	1	0	1	1	1	3	2	1	1	1	0	2	1	0	1	1	2	3	9	0	19	11	1	0	1	1	5	9	7	7	3	5	3	3	3	3	4	5	22	3	2	4	10	1	6	2	5	2	5	11	14	7	3	2	0	0	1	1	1	0	0	1	0	0	2	1	1	0	1	1	0	0	0	1	0	1	0	0	0	0	0	3	2	0	1	1	3	1	0	0	0	0	0	1	0	0	0	0	1	1	1	0	0	1	0	0	0	0	1	0	1	0	0	1	0	1	0	0	0	0	1	1	0	0	0	0	1	1	4	0	2	0	0	1	0	0	0	0	0	0	0	0	1	0	0	0	0	1	0	0	0	0	0	0	3	1	2	0	0	1	1	1	0	1	3	3	2	0	0	1	1	1	0	2	0	1	1	0	0	1	1	0	0	0	0	1	1	1	0	1	3	0	0	1	0	0	0	0	0	0	0	0	0	0	1	1	0	1	0	0	1	0	0	0	0	1	0	0	2	0	1	1	0
0	0	0	0	0	0	0	0	0	1	0	0	0	0	0	1	0	0	0	0	3	1	1	0	1	1	0	1	0	0	0	2	0	1	1	2	1	0	0	0	2	0	0	1	0	1	0	0	0	0	0	0	0	0	0	1	0	0	0	2	1	1	0	0	0	0	1	1	1	3	0	0	1	0	0	1	0	0	2	0	0	3	0	1	1	2	0	1	1	1	1	0	0	1	3	0	1	2	1	0	0	0	3	0	2	0	2	8	19	0	21	7	3	5	5	9	15	10	5	3	11	6	2	0	1	2	3	10	7	2	1	5	0	2	1	2	3	6	10	8	5	2	1	0	0	0	1	3	0	1	0	1	1	1	1	0	0	0	0	0	0	0	1	0	0	0	0	0	0	1	0	3	1	2	0	2	2	1	0	0	2	1	0	0	0	0	1	1	0	1	1	0	1	0	2	1	0	0	1	0	0	0	0	0	0	0	0	0	1	1	1	1	0	0	1	0	1	3	1	0	0	0	1	0	0	0	0	0	0	0	0	0	1	0	0	0	0	0	0	0	1	0	0	2	0	1	0	1	0	4	4	4	4	1	1	1	0	1	0	0	0	0	0	3	0	0	2	0	0	0	0	0	0	0	2	0	0	1	0	1	0	0	1	1	0	0	0	0	0	0	0	0	1	1	0	0	0	1	0	0	0	1	0	0	0	1	0	1	1	0	0	0
0	0	0	0	0	0	0	0	0	0	0	0	0	0	0	0	0	0	0	2	1	0	1	1	0	4	1	0	2	0	0	0	0	0	2	0	3	1	0	1	1	2	1	2	1	1	0	0	1	0	2	0	0	0	1	0	1	0	1	0	1	0	0	0	1	1	0	2	0	0	0	0	1	0	2	2	0	0	0	0	1	0	1	2	1	1	1	1	1	1	0	0	0	2	0	3	1	2	1	2	1	2	2	0	2	0	1	1	11	21	0	17	10	3	2	6	11	1	3	3	10	1	1	0	3	0	4	10	8	3	3	3	0	0	3	2	3	10	9	9	2	3	1	0	0	0	3	0	0	2	1	0	0	0	0	2	1	0	0	2	1	0	0	0	0	1	0	0	1	0	1	0	0	2	1	0	1	3	2	0	2	2	1	1	1	1	0	0	2	0	0	1	1	0	0	0	0	0	0	1	1	0	0	0	0	0	0	1	0	0	2	1	1	3	0	2	0	2	1	0	2	0	0	1	0	0	0	1	0	0	0	0	1	0	0	0	0	0	0	0	0	0	0	1	0	1	1	1	3	5	3	1	0	3	0	2	0	0	0	1	0	1	3	0	1	1	0	0	2	1	1	2	1	0	0	0	0	2	1	0	0	1	1	1	1	3	0	0	0	1	0	0	0	0	1	1	1	0	0	0	0	0	0	0	0	0	0	1	0	0	1	1
0	0	0	0	0	0	0	0	0	0	1	1	1	0	1	1	0	0	2	2	0	1	0	0	2	1	2	0	0	1	0	1	1	2	0	0	2	1	0	2	0	0	0	1	2	0	0	0	0	0	0	0	0	0	1	1	0	0	2	1	0	0	0	0	0	0	3	1	0	0	0	0	1	2	1	2	1	0	0	0	2	0	0	3	2	2	0	2	2	0	0	0	0	0	1	0	1	0	0	2	2	2	0	1	0	1	4	3	1	7	17	0	29	16	7	4	8	7	4	3	4	3	5	1	1	2	1	3	3	0	0	4	2	2	4	3	2	5	3	4	2	0	1	1	2	0	0	0	1	1	1	0	0	0	0	0	1	1	0	0	0	0	1	2	0	0	0	0	0	1	1	1	0	0	0	0	1	0	1	1	2	2	2	0	1	0	0	1	0	3	0	0	2	0	0	0	1	0	0	0	1	0	0	0	0	0	0	0	0	0	2	0	0	1	0	1	1	0	1	1	2	0	0	0	0	1	1	0	1	0	0	0	0	0	0	0	1	1	0	1	0	1	2	0	1	0	1	1	3	1	0	0	1	3	2	1	2	0	0	1	0	0	0	0	1	0	2	0	0	3	2	1	0	0	1	0	0	0	0	0	0	2	0	0	0	0	0	0	0	1	0	0	0	1	0	0	0	0	0	0	0	0	0	0	1	0	0	0	0	1	0	0
0	0	0	0	0	0	0	1	0	0	0	0	0	1	1	0	0	0	1	0	0	0	0	0	0	0	0	1	0	1	0	0	0	0	0	1	1	0	0	0	1	0	2	1	0	2	0	0	1	0	1	0	0	0	0	0	0	0	0	1	1	1	0	0	1	1	1	0	0	0	0	1	0	0	0	0	0	1	1	1	1	0	0	0	1	0	1	0	0	1	0	0	1	0	0	1	2	0	0	1	0	0	1	0	0	1	1	3	0	3	10	29	0	23	5	3	6	0	1	0	3	1	0	3	0	1	1	1	2	3	0	2	1	0	1	0	2	2	2	0	0	0	0	2	1	1	1	2	1	2	0	0	0	1	0	1	0	0	0	0	0	0	1	0	0	0	0	0	0	1	0	0	1	0	1	1	0	1	2	2	1	3	0	1	0	0	2	1	2	0	0	0	0	2	0	2	0	0	0	0	0	1	0	0	1	0	0	0	0	0	1	1	1	1	0	2	0	0	0	1	0	2	0	1	0	0	0	0	1	1	0	0	0	0	0	0	1	0	1	0	0	0	0	0	2	2	0	0	0	0	2	1	2	4	2	1	2	0	0	2	0	0	0	1	0	0	1	0	1	0	1	1	1	0	0	1	1	0	0	0	1	0	0	0	0	0	0	0	1	1	0	1	0	0	1	0	0	0	1	0	2	0	1	1	1	0	1	0	0	0	0	1
0	0	0	0	0	0	0	0	0	0	1	0	0	0	0	0	0	0	1	0	3	0	0	0	1	0	0	0	0	0	0	1	0	0	0	0	0	1	0	1	2	0	0	2	0	1	0	0	0	1	0	0	1	0	0	0	2	1	0	1	0	0	0	3	2	0	0	1	0	0	0	2	2	2	0	0	0	1	1	1	2	1	2	0	1	1	0	0	0	0	0	0	2	0	0	1	0	2	0	2	0	0	1	0	0	0	0	0	1	5	3	16	23	0	19	11	2	3	2	2	1	4	0	0	0	2	3	1	2	1	0	1	1	0	1	1	1	4	1	1	0	0	0	2	0	2	4	1	1	0	1	0	0	0	0	0	0	0	1	0	0	0	0	0	0	1	0	1	1	1	1	1	1	0	3	0	2	2	0	1	2	1	1	1	0	1	2	0	1	1	0	1	1	0	1	0	0	1	0	0	0	0	0	0	1	1	0	0	0	0	0	1	0	0	1	1	0	1	1	0	1	0	1	0	0	1	0	0	0	0	0	0	0	0	0	0	0	0	0	0	0	0	0	1	0	3	1	2	0	2	4	0	2	2	0	0	2	2	1	0	3	0	0	0	0	1	0	1	0	0	0	0	0	1	0	0	0	0	1	0	0	2	0	0	0	0	0	0	0	1	0	0	0	0	0	1	0	0	0	1	0	1	0	0	0	0	1	0	2	1	2	1
0	0	0	0	0	0	0	0	1	0	0	0	0	1	0	0	1	0	1	1	0	2	1	0	0	2	2	0	0	0	0	1	0	0	0	1	0	0	2	0	1	0	0	0	1	0	0	1	0	2	1	0	1	0	0	0	1	2	1	2	1	0	0	0	3	0	0	0	1	0	1	1	0	0	1	0	0	0	0	1	1	1	1	0	0	0	0	3	0	0	1	0	0	3	0	0	1	1	1	2	0	0	1	0	0	0	1	0	1	5	2	7	5	19	0	21	6	2	4	4	0	2	0	1	3	3	2	1	1	0	0	0	1	2	0	0	1	0	1	1	0	1	0	0	0	0	1	0	0	2	0	0	2	0	0	1	0	0	0	0	0	1	0	1	0	0	0	0	1	0	1	0	0	1	0	0	0	1	0	0	1	1	0	0	0	0	1	0	0	2	0	0	2	0	0	0	0	0	0	0	1	0	0	0	0	0	0	0	0	1	0	0	0	0	1	2	2	1	0	0	0	1	0	0	0	0	1	0	0	0	2	0	0	0	0	0	0	0	0	0	0	1	0	0	0	0	1	1	1	1	1	0	2	1	0	2	1	0	0	0	1	0	3	1	0	3	0	2	0	0	0	0	0	0	0	0	0	0	0	0	0	0	0	0	1	0	2	0	0	0	0	1	0	0	0	0	0	0	0	0	0	0	0	0	0	0	0	0	0	0	0	0
0	0	0	0	0	0	0	0	0	2	1	0	2	0	0	1	0	0	1	0	0	1	1	1	0	0	1	1	0	0	0	1	1	1	1	0	1	0	0	0	1	0	1	0	2	0	0	0	0	2	1	1	1	0	0	0	0	0	2	2	2	1	2	1	0	0	0	0	0	1	0	0	1	0	1	2	0	0	0	1	0	2	0	1	0	0	0	1	0	0	0	1	1	1	1	1	1	1	1	0	1	0	0	2	1	1	0	2	5	9	6	4	3	11	21	0	13	5	6	4	10	5	1	3	1	2	3	3	2	2	0	5	2	0	2	1	4	3	2	3	0	0	0	0	0	0	0	0	0	1	1	1	0	0	0	0	0	1	0	0	0	0	0	0	0	0	1	0	0	0	0	1	1	0	0	0	2	0	2	1	0	0	0	2	0	1	0	0	1	0	0	1	0	0	0	0	0	0	0	0	0	0	0	0	0	0	2	0	0	0	0	0	0	0	0	0	1	0	0	0	2	0	0	0	1	0	0	0	1	0	0	0	0	0	0	0	0	0	0	1	0	0	1	0	0	1	1	0	0	0	1	0	2	1	0	1	1	0	1	0	1	0	0	0	0	0	0	2	1	0	0	0	0	0	0	0	1	0	0	0	0	0	0	0	0	0	0	2	0	1	0	0	0	0	1	1	1	0	0	0	0	0	1	1	0	0	1	0	0	0	0	0
0	0	0	0	0	0	0	1	0	0	0	0	0	0	0	0	2	0	2	5	3	1	5	1	1	1	1	1	0	1	1	1	0	0	2	0	1	0	0	0	1	1	1	0	0	0	1	0	0	0	1	0	2	0	0	0	0	0	0	0	0	1	0	0	1	0	0	0	1	0	0	0	0	1	0	2	0	1	1	0	1	2	1	0	1	1	0	0	2	0	0	0	1	1	1	1	1	2	0	3	0	1	4	1	1	0	1	6	9	15	11	8	6	2	6	13	0	19	18	18	34	11	6	6	4	1	7	9	6	3	4	6	0	2	3	2	3	5	3	3	2	2	0	0	0	0	0	1	0	0	0	2	0	0	0	2	0	0	0	0	0	0	0	0	0	0	0	1	0	0	1	1	0	0	2	0	0	2	1	1	1	0	1	0	1	0	1	0	0	0	1	1	0	1	0	1	0	0	0	0	1	0	1	0	0	0	0	0	0	0	1	0	0	0	0	0	0	0	0	0	1	0	1	1	0	0	0	0	0	0	0	0	0	0	0	0	1	0	0	1	0	0	1	0	0	0	0	1	1	1	1	2	0	0	2	0	1	0	0	0	0	1	0	1	0	0	0	1	0	1	1	2	0	0	0	0	0	0	0	0	0	0	0	0	0	0	0	0	0	0	0	0	1	0	0	0	0	0	0	0	1	0	0	0	0	0	2	0	0	0	1	0
0	0	0	0	0	0	0	1	0	0	0	1	0	1	3	1	1	2	0	3	2	2	1	1	2	1	0	1	1	1	1	0	0	1	0	0	0	0	0	0	1	0	0	0	1	0	0	1	0	0	0	0	0	0	0	0	0	0	0	0	1	1	3	0	0	3	0	0	1	2	1	0	1	2	1	0	0	0	0	0	1	0	0	1	0	0	2	3	3	0	0	1	0	0	1	4	0	0	2	0	0	0	0	0	2	0	0	3	7	10	1	7	0	3	2	5	19	0	95	16	14	8	13	4	3	10	8	7	4	2	2	4	3	4	4	1	3	1	0	2	3	0	1	2	0	0	0	0	1	1	1	0	0	1	0	1	0	0	0	1	0	0	0	0	0	0	0	0	0	2	0	0	1	1	2	2	2	1	0	1	0	0	1	0	0	1	1	1	0	1	0	0	0	0	0	0	0	0	0	0	0	2	0	0	0	0	0	0	0	0	1	0	1	0	0	2	1	1	0	0	1	2	0	1	0	0	1	0	0	0	1	1	0	0	0	0	0	0	0	0	0	0	0	1	1	1	1	1	0	0	1	1	2	2	0	0	0	0	0	0	0	0	0	0	0	1	0	0	0	2	2	0	1	0	1	0	1	0	0	0	0	0	0	1	0	1	0	0	0	0	0	0	0	0	0	1	1	0	0	0	0	1	0	0	0	0	1	0	1	0	0	0
0	0	0	0	0	0	0	0	0	1	0	0	1	0	0	1	1	4	0	3	2	2	1	0	1	0	1	1	0	0	0	0	0	0	1	1	1	1	1	0	0	0	0	0	1	0	2	0	0	0	0	0	0	1	0	0	0	0	0	0	2	0	0	0	1	2	0	0	3	1	1	0	0	4	3	3	1	0	0	0	3	1	2	0	2	1	0	0	1	0	0	0	2	0	1	0	0	2	1	0	0	0	1	0	0	1	0	4	7	5	3	4	1	2	4	6	18	95	0	23	26	26	18	8	10	6	7	3	3	5	4	9	1	4	2	2	1	2	1	5	2	0	2	1	0	0	0	0	0	0	0	0	0	0	0	1	2	0	0	0	0	0	0	1	0	0	0	0	0	0	0	1	2	0	1	1	0	1	0	0	0	1	0	0	0	1	1	1	1	0	0	0	0	0	1	1	0	0	0	1	0	1	1	0	0	0	0	0	0	1	0	1	0	1	0	1	1	0	0	0	1	0	0	1	1	0	0	0	0	0	0	1	2	0	0	0	0	0	1	0	0	0	0	0	0	0	0	1	1	0	0	0	0	0	0	0	0	1	0	0	0	2	0	0	0	0	0	0	0	1	0	0	0	0	0	0	0	0	0	0	0	0	0	0	1	0	0	0	2	1	1	0	0	1	0	0	0	0	0	0	0	0	0	0	0	0	0	0	0	0	0	0
0	0	0	0	0	0	0	0	0	0	0	0	0	0	1	1	0	0	1	2	2	1	2	1	1	0	0	0	1	1	0	0	0	0	1	0	0	0	0	2	1	1	0	0	0	0	0	1	0	1	0	0	1	0	1	0	1	0	0	1	2	0	1	0	2	1	1	1	1	0	2	0	1	0	1	2	0	1	0	1	1	2	1	0	0	0	0	0	0	0	0	1	0	0	0	1	1	0	1	0	0	0	0	0	1	0	0	1	3	3	3	3	0	2	4	4	18	16	23	0	56	44	48	22	16	19	9	8	6	19	5	6	3	2	3	1	1	2	1	5	0	0	1	0	0	0	1	0	0	0	0	0	1	0	0	0	0	0	0	0	0	1	0	0	0	2	1	0	0	0	1	1	1	2	0	1	1	0	0	0	0	1	1	0	0	1	0	1	1	2	0	0	1	0	0	0	0	0	1	0	0	0	1	0	0	0	0	0	0	0	1	0	0	3	0	0	0	0	1	1	0	2	0	1	0	0	0	0	0	0	1	1	0	0	0	0	0	0	0	0	0	0	0	0	0	0	1	0	1	2	1	0	0	0	0	0	2	1	1	0	0	0	2	1	1	2	0	0	0	1	1	0	0	1	0	0	0	0	0	0	0	0	1	0	0	0	0	1	0	0	0	0	0	0	0	0	0	0	0	0	0	1	1	0	1	0	0	1	0	0	2	0
0	0	0	0	0	0	0	0	0	0	1	1	1	1	0	2	0	2	1	3	4	2	1	0	3	0	0	0	1	1	2	2	0	0	0	3	0	0	1	0	2	0	1	0	0	0	0	0	0	0	0	0	1	0	0	1	1	0	0	0	1	0	0	1	1	0	0	1	0	0	0	1	1	0	1	3	0	0	1	1	0	3	0	4	2	1	0	0	0	0	0	0	0	1	1	1	0	1	1	0	1	0	0	2	3	0	3	2	5	11	10	4	3	1	0	10	34	14	26	56	0	36	8	15	3	13	17	12	5	7	5	5	3	6	4	4	1	3	2	2	2	1	0	3	0	0	0	1	1	2	0	1	0	1	0	1	0	0	0	0	1	0	0	1	0	0	0	0	0	0	1	0	0	0	0	0	0	4	1	1	2	0	1	0	0	0	0	2	0	0	0	0	0	0	0	0	1	0	0	0	0	0	0	0	0	0	0	1	0	0	0	0	1	0	0	0	0	1	1	0	2	1	1	0	2	0	0	1	0	0	0	0	0	0	0	0	0	0	0	0	1	0	0	0	0	1	0	0	1	0	2	2	2	1	0	1	0	0	0	0	0	0	0	0	1	2	1	0	0	0	1	1	0	0	0	0	0	1	0	0	0	0	1	2	1	0	1	0	0	0	0	0	0	0	0	0	0	0	0	0	1	0	0	1	0	0	0	0	0	0	0	0
0	0	0	0	0	0	0	0	0	0	0	0	1	1	1	0	0	3	0	3	1	1	2	1	1	2	0	1	1	1	0	2	0	0	0	1	0	1	2	0	1	0	0	0	0	0	0	0	2	0	0	0	0	0	1	0	1	0	1	0	1	1	1	0	1	0	0	0	2	1	0	0	1	0	1	1	0	0	0	1	1	0	3	1	0	2	0	0	0	0	0	0	0	2	0	0	0	0	0	1	0	1	0	1	1	0	0	1	3	6	1	3	1	4	2	5	11	8	26	44	36	0	25	17	11	7	5	5	0	3	6	8	3	4	4	4	4	4	3	2	3	0	2	2	0	0	3	1	2	0	0	0	0	1	0	0	0	0	0	0	0	0	0	0	0	0	1	0	0	1	1	0	1	0	1	0	1	1	1	1	1	0	0	1	0	0	0	0	1	1	0	0	0	0	0	0	0	0	0	0	0	0	0	0	0	0	0	0	0	1	1	0	0	2	1	0	1	0	0	0	0	0	0	1	0	0	1	0	0	0	0	0	0	0	0	1	0	0	1	0	0	2	0	1	0	0	0	1	0	0	2	0	0	1	0	0	1	1	0	0	0	1	0	0	0	1	0	2	1	0	0	0	0	0	0	0	1	0	0	0	0	0	0	0	0	1	1	0	0	0	0	0	0	0	0	0	0	0	0	0	1	0	1	0	0	0	1	0	0	1	0	0
0	0	0	0	0	0	0	1	0	0	0	0	0	0	0	1	2	0	1	4	1	1	3	0	0	2	0	2	0	0	0	0	1	1	0	1	2	2	1	1	1	0	1	1	0	0	1	0	0	0	0	0	0	0	1	0	2	0	0	1	0	2	0	1	2	1	0	1	1	0	0	0	0	0	0	2	1	1	0	0	1	3	2	1	1	2	1	2	3	0	1	0	1	0	1	3	1	0	0	1	0	1	2	0	0	1	1	1	3	2	1	5	0	0	0	1	6	13	18	48	8	25	0	23	16	10	13	6	4	8	10	7	2	2	6	4	1	3	1	2	2	3	0	0	0	1	2	1	0	0	0	0	1	0	0	0	0	0	0	0	0	0	1	0	1	0	0	0	0	2	0	0	0	0	0	0	0	0	3	0	1	0	2	1	0	0	0	2	0	0	0	1	2	0	0	0	0	0	0	0	0	0	0	0	0	0	0	0	0	0	0	0	1	0	1	0	0	2	0	0	0	2	0	1	0	0	0	0	0	0	0	0	0	0	0	0	0	0	0	1	0	1	0	1	1	0	0	2	1	0	0	0	2	0	1	0	1	1	0	0	0	1	1	0	0	0	0	1	0	0	0	0	1	0	0	0	1	0	0	2	1	1	0	0	0	0	1	0	0	0	0	0	0	0	0	0	0	0	0	0	0	0	0	0	1	0	0	0	0	0	1	0
0	0	0	0	0	0	0	0	0	0	0	1	1	0	2	0	0	1	5	2	0	6	2	0	5	0	1	1	1	0	1	1	0	2	2	2	0	2	0	0	0	0	0	0	0	1	2	0	1	1	1	0	0	0	1	0	0	1	0	1	1	0	1	1	0	1	0	0	0	0	0	1	1	0	0	1	1	0	1	1	1	2	1	1	0	0	1	1	2	1	1	0	0	0	2	1	1	0	2	0	1	0	0	0	1	1	1	1	3	0	0	1	3	0	1	3	6	4	8	22	15	17	23	0	68	39	9	6	3	8	13	5	2	2	3	0	1	1	0	2	0	1	1	1	2	1	2	0	1	1	0	0	0	0	0	0	0	0	0	1	0	0	0	0	0	0	0	0	0	0	0	2	1	1	0	0	1	0	0	0	0	0	0	0	0	1	1	0	0	1	2	1	0	0	0	0	0	0	0	0	1	0	0	0	0	1	1	0	1	0	0	0	1	1	0	0	0	1	0	1	0	0	0	0	0	0	2	0	0	0	0	0	0	0	0	0	0	1	0	0	0	0	0	1	2	0	1	0	0	0	2	0	0	0	0	0	0	1	0	0	0	0	1	0	1	0	0	1	0	0	0	1	0	1	0	0	0	0	0	0	0	0	0	0	1	0	0	0	0	0	0	0	1	0	0	0	0	0	0	1	0	0	0	0	0	0	0	0	0	0	0	0
0	0	0	0	0	0	0	1	0	1	0	1	1	0	0	2	2	1	6	0	2	1	1	1	0	0	0	1	0	0	0	1	0	1	0	2	1	1	2	1	1	0	0	0	0	2	1	0	0	0	1	0	0	0	2	0	1	1	0	0	0	0	1	2	2	2	0	2	0	1	0	0	0	2	1	2	0	0	0	0	1	1	0	2	1	0	1	2	0	0	0	0	0	0	0	2	0	0	1	1	1	0	2	0	0	3	0	1	3	1	3	1	0	0	3	1	4	3	10	16	3	11	16	68	0	12	5	7	3	4	6	2	1	1	3	0	0	0	1	1	3	2	3	1	0	1	2	0	1	0	0	0	0	0	0	0	0	0	0	0	0	0	1	0	0	0	0	0	1	0	2	1	0	2	0	2	1	2	1	2	1	0	1	0	0	0	1	0	0	1	1	0	0	0	0	0	0	0	0	0	0	0	0	1	0	0	0	0	0	2	1	1	0	0	0	0	0	0	0	2	0	0	0	1	1	1	0	0	0	0	0	0	0	0	0	0	0	0	0	0	0	1	0	0	0	0	0	0	0	1	0	0	0	0	1	0	1	0	1	0	0	0	0	0	0	0	0	0	1	1	0	1	0	0	0	0	0	1	0	0	0	1	0	0	0	0	1	2	0	0	0	0	0	0	0	0	0	0	0	0	0	0	0	0	1	0	0	0	0	0	0	0
0	0	0	0	0	0	0	0	0	0	0	0	1	0	0	1	2	8	1	9	4	5	4	0	2	1	1	0	1	0	1	0	4	2	0	0	1	2	1	1	0	1	0	2	0	1	0	4	1	0	0	0	0	0	0	0	1	1	0	1	0	1	0	3	0	1	1	1	1	1	1	0	1	1	2	2	1	1	2	0	4	2	3	1	1	0	3	4	3	1	1	2	0	0	0	2	0	0	2	2	1	0	1	0	1	0	2	2	4	2	0	2	1	2	3	2	1	10	6	19	13	7	10	39	12	0	36	5	5	34	16	8	6	4	6	2	3	2	0	0	2	3	2	2	0	0	3	1	2	2	0	0	0	1	0	0	0	0	0	0	1	1	0	1	0	0	0	0	0	0	0	2	0	2	1	0	1	2	4	1	1	1	0	0	1	0	1	0	0	0	1	0	1	1	0	0	0	1	0	0	0	0	0	0	1	0	0	0	1	0	1	1	0	0	1	0	0	1	1	0	2	1	0	0	0	0	0	0	0	1	0	0	0	0	0	0	0	0	1	0	0	0	0	0	0	1	1	2	2	2	0	1	0	1	0	0	0	0	0	0	1	4	1	0	1	2	1	0	0	0	1	0	0	0	0	0	0	0	0	1	0	0	0	0	1	1	1	1	0	1	0	0	1	0	2	1	0	1	0	0	0	0	0	0	0	0	0	0	0	0	0	0
0	0	0	0	0	0	0	0	1	1	0	0	2	2	1	1	0	2	3	9	7	10	1	2	0	2	1	1	1	0	1	1	1	1	2	1	2	1	1	5	0	3	1	3	1	2	2	0	0	0	1	0	0	1	1	1	0	0	1	1	3	2	1	0	1	2	1	0	0	0	1	3	0	3	2	0	1	1	1	4	3	3	3	2	0	0	0	1	1	0	0	2	0	1	2	2	2	1	1	0	0	1	0	0	0	0	1	0	5	3	4	1	1	3	2	3	7	8	7	9	17	5	13	9	5	36	0	22	13	47	19	14	6	9	14	3	0	0	6	1	2	4	2	1	0	0	1	1	1	0	0	0	2	0	0	0	1	0	1	1	0	0	0	0	0	0	2	0	0	0	0	0	0	1	0	0	1	0	3	1	0	1	1	1	0	0	0	1	0	0	0	0	1	1	0	0	0	0	0	0	0	2	0	0	0	0	0	0	0	0	0	2	0	0	1	2	2	0	1	3	0	0	1	0	0	1	0	1	0	0	0	0	0	0	0	0	0	0	0	0	1	0	0	0	1	1	1	0	1	1	0	2	2	0	1	1	2	1	1	0	0	0	0	0	0	1	1	0	1	1	0	0	1	0	0	0	1	0	1	1	0	1	1	0	0	0	0	0	0	0	1	0	0	2	0	0	0	0	2	0	1	0	1	0	0	2	0	0	0	0	0	0
0	0	0	0	0	0	0	1	1	0	1	1	1	0	0	1	3	0	0	6	4	5	5	0	0	5	0	0	1	1	0	0	0	0	1	2	0	3	1	2	2	0	2	1	0	0	0	1	0	0	1	1	0	0	0	1	0	3	0	0	0	2	1	2	5	1	0	1	0	0	1	1	2	2	2	1	2	1	2	2	1	0	3	3	3	1	0	1	1	0	0	1	1	1	0	1	3	1	1	3	0	0	2	0	1	1	0	8	22	10	10	3	1	1	1	3	9	7	3	8	12	5	6	6	7	5	22	0	130	10	3	11	7	6	11	6	6	1	5	8	6	1	1	3	1	1	0	1	0	2	0	0	0	0	0	0	0	0	0	0	0	0	1	0	0	2	1	0	0	2	0	3	1	0	1	3	4	3	2	5	0	1	2	0	1	1	0	0	0	0	1	1	0	1	2	0	0	0	0	0	1	0	1	0	0	0	0	0	0	2	2	2	0	0	0	2	0	2	2	1	0	4	0	1	2	0	1	0	0	1	0	0	0	0	1	0	0	0	0	0	0	0	1	1	0	0	2	0	1	2	1	2	2	1	3	1	0	0	0	0	0	0	0	0	1	0	1	1	2	0	1	1	0	0	1	0	0	0	0	0	0	1	1	0	0	0	0	0	0	0	0	1	1	0	0	1	1	0	0	0	1	0	0	0	0	0	0	0	0	0	0	1
0	0	0	0	0	0	0	1	0	0	0	1	0	1	1	0	0	1	5	6	4	5	3	0	2	4	2	0	1	2	2	0	3	2	0	1	2	0	0	0	2	2	0	3	1	1	0	1	1	0	1	0	0	0	1	0	1	1	0	1	2	4	1	4	1	3	1	2	1	1	0	3	2	1	1	2	0	0	2	4	1	3	2	0	0	1	1	0	3	0	1	0	1	1	2	5	2	1	1	1	1	0	0	0	0	2	5	2	3	7	8	3	2	2	1	2	6	4	3	6	5	0	4	3	3	5	13	130	0	12	0	9	5	6	14	7	6	5	5	8	2	1	4	2	1	6	2	1	2	0	1	1	0	1	0	0	1	1	0	1	1	0	0	0	2	0	1	0	0	0	1	1	2	1	1	2	0	2	4	2	0	2	3	1	1	2	0	2	0	0	1	0	3	1	3	0	0	0	1	1	1	0	0	0	0	0	0	0	0	0	0	1	1	1	0	1	1	1	5	1	1	0	1	1	1	0	0	1	0	0	0	0	0	0	0	0	0	0	0	1	0	0	0	0	1	0	0	2	3	1	3	0	2	2	0	0	1	0	0	0	2	1	1	0	2	0	0	1	1	1	0	0	1	0	1	1	0	1	0	0	0	0	2	0	0	0	3	0	0	0	0	0	1	0	1	1	0	0	0	0	1	1	0	0	0	0	0	0	0	0	1	0
0	0	0	0	0	0	0	1	1	0	0	1	0	2	0	5	3	0	1	13	6	2	3	7	5	2	1	1	0	0	1	0	2	0	0	1	1	0	1	2	3	2	0	0	1	0	0	0	0	0	1	0	0	0	0	1	1	2	0	0	1	1	0	0	3	1	0	0	2	2	0	1	0	2	2	3	1	3	0	3	0	3	0	3	0	2	1	3	0	0	1	1	0	0	2	4	3	1	2	1	0	1	1	1	1	1	0	4	2	2	3	0	3	1	0	2	3	2	5	19	7	3	8	8	4	34	47	10	12	0	22	7	4	1	17	5	2	1	2	3	2	5	2	0	1	1	1	1	1	0	1	0	1	0	0	2	1	1	1	0	0	0	1	0	0	0	0	0	1	1	2	0	2	2	0	1	1	3	3	2	1	2	0	3	4	0	3	1	0	0	0	0	1	1	0	1	0	0	0	0	0	0	0	0	0	0	0	0	0	0	0	0	0	0	0	2	1	3	2	1	0	0	1	1	0	1	0	0	0	0	0	0	0	0	0	0	0	0	0	0	0	1	0	0	1	1	1	3	0	2	0	0	0	2	0	1	0	0	0	1	0	0	0	2	0	0	0	0	0	0	1	0	1	0	0	0	1	1	0	0	0	0	1	0	1	0	0	0	0	0	0	0	0	0	2	0	0	1	0	0	0	0	0	0	0	0	0	0	0	3	0	1
0	0	0	0	0	0	0	0	0	0	0	0	1	1	0	0	0	4	7	14	3	9	4	8	3	1	2	2	0	0	1	1	0	0	2	2	0	1	3	1	1	1	1	2	4	2	0	1	0	1	0	2	1	0	1	0	0	1	1	1	1	1	1	2	1	0	2	2	1	3	1	1	0	0	1	4	0	0	1	2	0	2	2	0	1	3	1	4	1	3	1	0	0	2	0	3	1	1	1	3	1	1	0	0	1	1	0	0	4	1	3	0	0	0	0	0	4	2	4	5	5	6	10	13	6	16	19	3	0	22	0	17	17	4	5	2	1	0	2	2	5	4	2	1	0	0	0	1	0	1	0	1	0	0	0	1	1	0	0	0	0	0	0	0	0	0	0	0	2	1	0	0	1	2	0	1	2	0	0	1	1	1	0	2	1	1	0	1	0	1	1	0	0	1	0	0	0	0	0	0	0	0	0	0	0	0	1	2	0	1	0	0	0	1	0	1	0	2	1	0	0	0	0	0	0	1	0	0	0	1	0	0	0	0	0	0	0	0	0	0	1	0	0	0	0	0	1	0	2	1	2	0	0	0	0	1	0	0	0	0	2	1	1	1	1	1	0	0	0	0	1	0	0	1	1	0	0	0	0	0	0	0	0	0	0	0	0	0	0	0	0	0	0	0	0	0	0	0	0	1	0	0	1	0	0	0	0	0	0	0	0	0
0	0	0	0	0	0	0	0	0	0	0	0	0	0	2	3	6	1	3	6	4	19	2	1	1	0	1	2	0	0	1	1	1	1	1	1	1	3	0	0	0	1	1	1	1	1	0	1	1	0	0	0	0	0	1	1	0	3	1	0	3	2	2	3	4	1	1	2	0	2	3	0	2	1	2	2	3	0	0	2	1	2	7	3	1	3	5	1	4	0	0	0	2	0	0	2	2	1	0	1	0	0	1	1	1	3	3	10	10	5	3	4	2	1	0	5	6	4	9	6	5	8	7	5	2	8	14	11	9	7	17	0	32	44	18	3	2	3	7	5	11	2	0	4	0	2	2	0	1	1	0	1	0	0	2	0	0	0	0	1	0	0	0	0	1	0	0	0	0	1	1	2	1	2	0	2	1	4	0	0	1	0	0	0	0	0	0	0	0	1	0	0	1	0	1	0	0	0	0	1	0	0	0	0	0	0	0	0	1	0	0	0	1	1	0	1	1	0	0	2	1	0	1	1	1	0	0	1	0	0	0	0	0	0	0	0	0	0	0	0	0	0	0	0	0	1	0	2	0	1	0	1	1	1	1	2	0	3	1	0	1	1	1	2	0	0	0	2	0	0	0	0	0	0	1	0	0	0	0	0	1	0	1	0	0	1	0	0	0	0	0	0	0	0	0	1	0	3	0	0	0	0	0	0	2	0	0	0	0	0	0	1
0	0	0	0	0	0	0	0	1	1	0	0	1	1	3	1	0	1	4	8	6	19	15	9	3	0	1	2	0	2	0	1	3	0	1	2	0	0	1	3	3	2	0	2	1	1	2	2	1	2	0	1	0	0	0	0	0	2	1	2	0	3	0	1	1	3	0	1	0	3	1	2	1	4	5	2	3	3	1	2	3	1	6	6	4	4	3	3	5	1	1	0	2	0	2	4	2	3	0	2	3	4	0	1	2	1	1	2	1	0	0	2	1	1	1	2	0	3	1	3	3	3	2	2	1	6	6	7	5	4	17	32	0	25	12	3	1	3	1	5	3	2	1	2	1	3	1	0	1	0	1	0	0	1	0	0	0	0	1	0	0	0	0	1	0	0	1	0	1	1	0	1	0	1	1	2	5	2	0	0	2	1	0	0	0	0	0	2	1	1	2	0	0	0	1	1	0	0	0	0	0	0	0	0	0	0	0	1	1	0	1	0	1	0	0	0	0	0	0	0	1	1	0	1	0	0	0	0	0	0	0	0	0	0	0	0	0	0	0	0	0	0	0	1	0	0	1	1	1	2	0	0	0	0	0	0	1	1	1	1	0	0	0	0	0	0	0	2	4	0	1	0	1	0	0	0	0	0	0	2	1	0	1	0	0	1	0	0	0	0	0	0	0	0	0	3	1	0	0	0	0	0	0	0	0	0	1	0	0	2	0	1
0	0	0	0	0	0	0	0	0	0	0	1	1	2	0	1	0	1	1	3	8	18	6	4	4	1	2	1	0	1	0	3	0	2	0	0	2	0	2	1	1	4	2	1	0	0	1	3	2	0	3	0	1	0	1	1	1	1	0	3	0	1	0	1	3	1	1	0	3	2	5	6	3	1	7	2	3	1	3	3	2	5	7	8	9	3	1	5	7	3	0	1	3	0	7	7	2	2	2	2	2	2	1	1	2	2	1	8	6	2	0	2	0	0	2	0	2	4	4	2	6	4	2	2	1	4	9	6	6	1	4	44	25	0	20	5	5	4	3	12	31	6	0	1	0	0	1	0	1	0	0	0	1	1	0	0	0	0	2	0	1	1	1	0	1	0	0	0	1	0	0	1	1	0	0	1	3	1	0	0	0	2	0	0	0	0	1	2	2	0	0	0	0	2	0	1	1	0	2	0	1	0	1	0	0	2	1	0	0	0	1	0	0	0	0	2	5	1	1	0	1	0	0	0	0	0	0	0	0	0	1	0	0	0	0	0	1	0	0	0	0	1	0	0	1	1	0	1	0	2	0	0	1	1	1	0	0	1	0	1	0	0	1	0	0	0	1	0	1	2	1	0	0	0	0	0	0	0	1	0	0	0	1	0	0	1	0	0	1	0	0	1	0	0	0	0	1	1	0	0	0	0	0	0	1	1	0	0	1	2	0	0
0	0	0	0	0	0	0	0	0	0	0	1	1	0	0	2	0	1	4	9	21	25	4	4	2	5	1	1	1	0	0	2	1	1	1	1	1	1	2	1	3	2	3	2	0	5	2	1	0	2	0	0	0	0	1	0	2	1	1	1	2	1	0	0	2	0	0	1	1	3	4	3	3	2	4	3	1	2	0	0	2	4	10	11	2	0	4	3	9	0	1	1	3	0	2	4	2	1	1	2	0	0	1	0	3	0	2	3	2	1	3	4	1	1	0	2	3	4	2	3	4	4	6	3	3	6	14	11	14	17	5	18	12	20	0	8	7	8	3	7	7	4	2	1	0	2	2	0	0	0	1	0	0	1	0	0	0	0	1	0	0	1	0	0	0	0	0	0	2	0	0	0	1	0	0	0	3	3	4	2	2	2	2	0	2	1	2	2	0	1	0	1	1	0	0	0	0	0	0	1	0	0	0	0	0	0	0	0	1	0	1	2	0	1	0	3	3	0	1	1	0	1	0	0	1	0	0	0	0	0	0	0	0	1	0	0	1	1	0	2	0	2	1	0	1	1	0	0	1	3	2	2	3	2	2	1	2	0	0	0	1	0	0	1	1	0	1	0	1	0	2	0	2	0	1	2	3	0	0	0	0	0	1	0	1	0	0	0	0	0	0	0	0	0	1	0	0	1	0	1	0	0	0	0	0	0	0	0	0	1	0	1
0	0	0	0	0	0	0	0	0	1	0	0	0	0	1	0	4	1	2	7	14	5	3	3	5	2	2	2	1	2	0	2	2	1	1	0	0	0	4	3	8	7	1	3	4	3	5	1	0	2	2	0	0	0	3	1	3	2	0	1	7	6	0	3	16	1	2	3	3	5	1	2	3	5	3	15	3	1	2	1	10	8	19	18	10	5	4	1	3	3	0	1	1	0	1	16	10	7	4	3	0	2	0	0	2	1	3	4	5	2	2	3	0	1	0	1	2	1	2	1	4	4	4	0	0	2	3	6	7	5	2	3	3	5	8	0	50	6	4	9	2	6	1	0	0	0	2	0	4	0	0	2	1	0	0	0	0	2	1	0	0	0	0	0	1	1	1	2	2	0	3	2	6	0	1	1	7	2	7	1	3	1	4	0	1	0	0	0	0	2	2	0	0	4	1	1	0	1	1	0	0	0	0	1	0	0	0	0	0	0	3	4	2	1	3	7	4	3	1	1	2	2	0	1	0	0	0	0	0	0	1	1	0	1	0	0	0	0	0	0	0	1	0	1	2	0	1	0	3	2	1	0	3	2	1	3	2	1	1	1	2	2	0	1	0	1	0	0	1	0	0	0	0	1	3	1	0	2	0	0	0	1	0	1	0	0	0	0	0	1	0	0	0	0	0	0	0	1	0	1	0	0	0	0	0	0	1	0	0	2	0	0
0	0	0	0	0	0	0	1	1	2	0	0	0	1	0	0	1	3	4	1	8	2	0	0	2	4	2	1	1	0	1	1	0	0	2	1	2	1	2	2	5	2	2	4	3	1	1	1	1	1	2	2	0	2	2	1	3	4	3	3	3	3	4	8	14	0	3	0	2	1	2	1	2	2	3	5	0	1	4	4	5	9	2	5	6	3	4	3	3	1	0	2	0	3	4	5	10	3	5	3	1	1	1	0	3	0	2	5	2	3	3	2	2	1	1	4	3	3	1	1	1	4	1	1	0	3	0	6	6	2	1	2	1	5	7	50	0	20	14	4	6	9	4	2	2	0	2	0	0	1	2	0	0	0	0	0	1	1	1	0	0	1	0	1	0	0	0	1	0	1	2	1	0	2	0	4	4	14	5	2	1	1	2	2	2	0	2	1	0	2	2	0	2	1	2	0	0	0	0	0	1	1	0	0	2	0	1	0	1	2	0	2	0	2	7	0	4	3	4	3	1	0	1	1	2	0	0	0	0	0	0	2	0	0	0	0	0	1	2	0	1	0	0	2	1	2	2	2	0	4	8	2	1	1	2	0	0	0	1	1	1	0	7	1	0	0	1	0	1	1	0	1	1	0	0	0	0	0	0	0	0	0	0	0	0	0	0	1	1	0	0	1	1	0	1	1	0	0	1	0	1	0	0	0	0	0	0	0	0	0	1	1
0	0	0	0	0	0	0	0	0	0	0	0	0	1	0	2	0	0	0	2	3	2	1	0	2	0	1	0	0	1	1	1	0	1	0	1	1	1	1	3	4	1	2	6	3	0	1	3	0	1	0	0	0	1	1	1	4	2	1	4	3	3	0	2	2	0	0	3	0	1	1	0	1	0	0	3	0	0	3	6	2	7	3	5	1	2	2	4	2	1	0	1	1	2	4	3	5	1	3	1	1	0	0	0	3	2	5	6	5	6	10	5	2	4	0	3	5	1	2	2	3	4	3	1	0	2	0	1	5	1	0	3	3	4	8	6	20	0	94	18	4	4	2	1	0	1	1	1	0	0	1	0	1	0	0	0	0	0	1	0	1	0	0	1	1	0	0	0	0	1	3	2	0	0	1	4	7	2	2	1	3	1	0	0	1	0	1	2	2	2	1	0	1	1	3	2	0	0	0	0	0	0	1	0	0	0	1	0	0	0	3	1	0	1	1	5	2	3	2	1	2	0	1	1	0	1	0	0	0	0	0	0	0	0	0	0	0	0	0	0	0	0	0	1	1	0	0	3	2	4	2	3	10	5	5	0	3	1	0	0	1	0	5	2	1	1	0	0	0	1	0	0	1	0	0	2	1	0	0	0	0	1	0	0	0	0	0	0	0	0	0	1	0	1	0	1	0	0	3	1	0	0	0	0	1	1	0	0	1	0	1	0
0	0	0	0	0	0	0	0	0	0	1	0	0	0	1	1	0	2	1	0	2	6	1	0	3	2	4	2	0	0	0	1	1	2	0	1	0	1	0	3	5	1	1	1	2	2	0	0	1	1	1	0	0	1	3	0	2	1	1	6	0	1	1	4	4	2	0	0	1	1	1	2	2	1	1	2	1	1	2	2	5	6	2	6	3	2	1	1	3	0	2	0	0	2	0	2	3	2	3	2	0	4	1	0	6	7	3	12	11	10	9	3	2	1	1	2	3	0	1	1	2	3	1	0	1	0	6	5	5	2	2	7	1	3	3	4	14	94	0	16	8	4	2	0	0	1	1	2	1	1	2	3	1	1	0	0	3	1	1	1	0	0	2	0	0	0	0	1	0	0	1	3	1	0	0	2	5	3	1	0	2	5	1	0	0	1	0	1	0	0	2	1	2	2	0	0	0	0	0	0	0	2	0	0	0	0	0	1	0	0	1	0	2	0	0	3	4	1	1	0	3	0	2	1	0	0	0	1	0	0	0	1	0	0	0	0	0	0	0	0	0	0	0	1	1	2	0	4	1	5	1	2	1	0	3	2	1	2	2	1	1	0	0	0	3	1	0	0	0	0	0	1	1	0	0	0	0	1	0	1	0	0	1	1	2	0	0	1	1	0	1	0	1	0	0	1	0	0	2	0	1	0	0	0	0	1	0	0	1	2	0	0
0	0	0	0	0	0	0	0	0	0	0	0	0	1	0	0	0	0	1	5	1	7	0	1	1	0	2	1	0	0	0	0	2	1	0	0	0	0	0	1	1	5	0	0	4	2	1	1	0	0	1	1	0	0	1	0	3	1	1	1	2	4	1	1	5	2	1	0	0	2	0	2	1	3	4	2	2	2	3	8	2	24	8	1	3	5	1	3	5	1	1	1	4	1	5	4	5	1	0	1	1	1	1	0	5	6	5	38	14	8	9	4	0	1	1	3	3	2	5	5	2	2	2	2	1	0	1	8	8	3	2	5	5	12	7	9	4	18	16	0	21	5	0	0	2	2	1	0	1	1	1	0	1	0	0	0	2	0	0	0	0	0	0	0	0	0	1	1	1	2	0	0	0	1	0	1	2	0	0	1	1	1	0	0	0	0	1	1	0	2	0	0	1	1	0	0	1	0	1	0	0	0	0	0	0	0	1	0	0	2	1	2	1	1	0	2	3	1	1	1	0	1	0	0	1	2	0	0	0	0	0	0	1	0	0	0	0	0	0	0	1	0	0	0	1	0	1	1	1	6	0	0	3	0	0	5	3	0	1	1	0	1	1	0	1	0	0	0	2	0	2	3	0	1	1	0	0	1	1	0	1	1	2	0	0	0	0	0	0	0	0	0	1	0	0	0	0	0	0	0	0	0	2	0	1	0	0	0	1	0	1	0
0	0	0	0	0	0	0	1	0	0	1	0	0	1	1	0	4	2	0	3	1	5	6	2	2	2	3	2	1	0	0	0	2	2	1	2	1	1	0	1	2	1	5	0	1	0	1	0	1	2	3	1	0	0	0	1	2	2	1	2	2	2	4	1	5	3	1	2	1	2	0	1	3	5	4	6	1	3	5	7	5	19	6	8	3	6	7	8	5	1	0	0	1	2	3	4	0	1	2	3	2	3	1	1	7	8	6	18	7	5	2	2	0	0	0	0	2	3	2	0	2	3	2	0	3	2	2	6	2	2	5	11	3	31	7	2	6	4	8	21	0	4	0	0	1	0	1	2	0	2	0	1	0	0	0	1	1	1	1	1	1	0	0	0	0	0	1	0	0	0	1	0	0	1	1	1	1	2	0	1	0	1	0	2	0	0	0	0	2	0	0	2	3	0	0	0	0	1	1	0	1	0	0	0	0	0	0	0	1	0	1	0	0	1	1	3	0	0	1	1	0	0	1	0	2	0	0	0	1	0	0	0	0	0	1	0	0	0	0	0	0	0	0	0	1	0	0	1	1	1	2	0	2	3	1	0	1	0	0	0	2	0	1	1	0	0	1	1	0	1	0	1	0	0	1	1	0	0	1	0	0	0	1	0	0	0	0	0	0	0	2	0	0	0	0	1	1	0	0	0	0	0	0	0	0	0	1	0	1	0	1	0
0	0	0	0	0	0	0	0	0	0	0	3	1	1	0	2	1	2	6	3	17	1	2	4	10	6	5	1	2	0	1	1	2	3	4	5	0	5	9	24	16	6	2	8	3	5	4	2	1	2	2	0	1	1	0	2	1	2	4	2	4	6	2	5	4	3	1	1	1	2	0	1	0	6	4	6	3	0	1	1	4	3	2	5	3	3	2	3	1	1	0	4	1	1	0	2	3	2	1	0	2	0	1	0	2	0	1	0	3	2	3	0	0	0	1	0	2	0	0	0	1	0	3	1	2	3	4	1	1	5	4	2	2	6	4	6	9	4	4	5	4	0	12	5	1	4	8	5	8	1	0	2	2	1	1	0	0	0	1	0	1	1	1	0	0	0	2	0	3	2	1	0	4	2	2	5	6	6	1	4	3	4	6	2	1	1	1	0	1	2	3	1	0	0	0	1	0	0	0	0	1	1	0	1	1	0	0	0	0	0	1	0	0	0	2	0	2	1	2	3	1	1	0	1	0	1	0	1	0	0	0	0	0	0	1	0	0	1	0	0	0	1	1	1	0	1	0	1	6	2	3	1	1	0	1	0	0	2	0	1	0	1	0	0	0	0	0	0	0	1	1	0	0	0	0	0	0	0	0	0	0	0	1	0	0	0	0	0	0	1	0	0	0	0	0	0	2	3	0	2	0	1	1	0	1	2	1	0	1	1	0	0
0	0	0	0	0	0	0	1	2	4	1	0	3	1	1	0	1	4	1	1	2	1	3	0	7	5	3	0	0	2	3	3	2	6	5	2	4	2	9	20	9	5	4	4	4	2	10	6	1	2	1	2	3	0	3	0	0	1	2	2	3	1	1	4	8	5	0	0	1	1	3	1	4	4	1	4	2	1	1	1	0	1	2	0	0	0	0	1	2	0	0	2	0	1	1	1	5	0	1	0	0	0	0	0	1	0	2	3	2	1	1	1	0	0	0	0	0	1	2	1	0	2	0	1	3	2	2	1	4	2	2	0	1	0	2	1	4	2	2	0	0	12	0	18	4	14	41	11	4	6	2	5	2	0	0	0	0	0	2	0	1	2	1	0	0	3	2	1	2	1	4	2	5	7	2	9	7	5	4	1	3	5	19	1	3	1	1	0	1	0	1	2	2	0	2	0	1	0	0	0	1	1	1	0	2	1	2	0	0	2	0	1	1	2	1	4	1	1	6	3	0	1	1	4	0	1	1	0	0	0	0	0	0	0	0	0	0	0	0	0	0	1	2	3	1	1	1	0	3	5	0	0	2	0	1	0	1	0	1	3	2	1	2	1	2	1	0	0	0	0	1	1	2	0	1	0	0	0	0	0	2	1	1	1	1	2	3	0	0	1	0	0	0	0	0	0	1	0	1	0	0	1	0	0	1	0	0	0	1	1	2	1
0	0	0	0	0	0	0	0	0	2	0	2	0	0	0	1	2	1	3	0	1	1	0	2	2	2	2	0	1	0	2	0	0	3	4	6	3	6	4	7	2	5	4	5	1	5	6	7	2	5	3	0	2	1	1	2	0	0	1	0	2	2	0	2	2	0	0	3	1	1	0	1	0	1	0	2	0	1	2	0	1	1	1	2	2	0	0	0	0	0	0	3	1	0	1	0	0	3	0	0	0	0	1	1	1	0	1	1	0	0	0	1	2	2	0	0	0	2	1	0	3	2	0	1	1	2	1	3	2	0	1	4	2	1	1	0	2	1	0	0	0	5	18	0	25	48	11	8	8	6	5	3	2	2	0	0	1	1	3	4	1	1	1	1	0	2	1	0	1	2	4	4	0	9	3	2	3	1	3	7	3	3	25	8	2	2	2	2	0	0	1	0	0	1	0	2	1	2	0	1	0	0	1	1	0	2	0	0	1	0	0	2	1	3	2	1	1	1	4	2	1	1	1	2	2	1	1	0	0	1	0	1	0	0	0	0	0	0	0	0	1	0	0	0	0	0	1	2	3	0	1	0	1	1	0	1	0	0	2	0	0	3	0	3	0	1	0	1	2	0	0	2	1	0	0	1	0	0	0	0	1	0	0	1	0	1	1	0	0	1	2	0	0	0	0	1	0	0	0	0	1	0	0	0	0	0	0	0	0	0	0	3
0	0	0	0	0	0	0	0	0	0	0	1	1	1	0	0	1	1	1	1	0	2	2	0	2	1	2	0	0	1	0	1	1	2	4	5	1	4	3	2	4	0	0	2	0	0	2	3	0	0	2	0	0	0	1	0	0	0	1	0	0	0	1	1	3	1	0	1	0	0	1	0	0	1	1	0	0	1	0	0	1	0	1	1	0	0	2	2	1	1	0	0	0	0	1	0	2	1	1	0	0	0	0	0	0	0	1	0	0	0	0	2	1	0	0	0	0	0	0	0	0	0	0	2	0	0	0	1	1	1	0	0	1	0	0	0	2	0	0	2	1	1	4	25	0	21	6	6	4	4	8	7	1	2	3	0	1	2	2	1	0	1	2	0	0	0	2	3	5	1	0	4	1	2	0	4	4	2	2	0	2	6	10	4	2	2	1	2	1	0	1	1	1	0	1	1	0	0	1	0	1	1	1	2	1	1	0	0	0	2	0	0	0	1	3	1	0	1	5	2	0	1	1	0	2	1	2	1	0	0	0	0	0	0	0	0	0	0	1	0	1	0	0	2	0	1	0	1	3	0	0	0	1	0	0	0	0	2	0	2	2	0	2	0	1	0	2	0	1	1	2	1	1	0	0	1	0	0	1	1	1	0	3	2	1	0	1	1	0	0	0	0	0	1	0	0	0	0	1	0	0	1	0	0	0	0	0	1	0	0	1	4
0	0	0	0	0	0	0	0	0	0	0	2	2	1	1	1	2	0	3	3	4	2	0	0	2	1	2	5	1	1	1	1	1	1	4	3	2	2	5	4	1	1	5	6	3	5	7	2	1	1	1	3	0	0	1	0	2	3	1	0	1	1	1	0	0	0	4	2	3	1	0	1	0	0	0	1	2	1	1	0	0	0	0	1	0	1	0	0	2	0	1	3	1	0	0	1	2	0	1	0	0	1	0	1	1	1	0	0	1	0	0	0	1	2	0	0	0	0	0	0	0	0	1	1	1	0	0	1	6	1	0	2	3	0	2	0	0	1	1	2	0	4	14	48	21	0	12	11	5	6	5	4	0	0	0	0	0	2	2	0	0	1	0	2	0	1	2	3	0	3	3	1	3	1	2	8	4	3	6	2	9	8	8	4	5	1	2	2	5	3	0	0	1	0	0	0	1	0	1	2	0	0	0	0	1	0	2	0	0	2	2	1	0	0	2	0	1	2	3	1	2	1	0	2	2	1	1	0	0	0	1	0	0	0	1	0	0	0	0	0	0	1	0	0	1	0	0	1	0	1	0	0	3	0	1	1	2	0	0	1	2	1	1	1	3	1	0	0	1	1	1	0	0	0	1	3	1	0	1	0	1	0	1	1	0	1	0	0	0	1	1	1	1	0	1	0	0	0	1	0	0	0	1	0	1	0	0	0	0	1	2	1
0	0	0	0	0	0	0	0	1	1	0	1	0	2	0	2	1	0	2	1	0	2	2	4	1	5	4	3	0	1	1	0	2	1	0	5	3	2	6	9	5	2	4	6	0	7	1	0	0	1	0	0	3	0	2	0	0	0	4	0	2	2	1	2	1	1	0	1	0	1	1	1	2	2	1	2	1	1	1	1	2	2	1	1	0	0	0	0	2	1	0	2	1	0	1	1	1	1	1	1	0	2	1	1	1	0	2	0	1	1	3	0	1	4	1	0	0	0	0	1	0	3	2	2	2	3	1	0	2	1	0	2	1	1	2	2	2	1	1	1	1	8	41	11	6	12	0	10	4	6	2	3	3	3	1	0	3	1	1	2	1	2	0	0	1	1	0	1	1	1	3	3	1	3	3	6	3	13	8	6	8	19	13	4	3	1	1	0	4	2	4	2	1	1	1	1	1	0	0	1	0	0	1	1	0	0	0	0	1	1	0	0	0	1	0	1	2	2	4	1	1	2	0	0	1	1	0	1	0	0	0	0	0	0	0	0	0	1	1	0	0	0	0	3	0	0	2	0	2	1	1	1	2	0	0	0	0	0	0	0	2	1	1	0	0	0	0	0	0	1	1	2	2	0	0	1	1	1	2	1	1	1	0	0	1	2	0	1	0	0	0	0	0	1	0	1	0	0	1	1	0	1	0	0	0	0	1	0	1	0	1	3
0	0	0	0	0	0	0	1	0	0	0	0	0	1	2	1	0	0	1	0	6	2	0	0	1	1	1	2	1	2	1	2	2	2	0	5	1	3	2	6	2	4	3	6	3	6	9	4	0	2	0	2	2	0	1	0	0	1	1	2	1	1	1	2	3	3	2	1	1	0	0	1	1	3	1	1	2	2	2	0	2	0	3	1	2	0	0	0	0	1	0	1	1	0	1	2	1	0	0	2	1	1	1	0	0	1	1	1	1	3	0	0	2	1	0	0	1	0	0	0	1	1	1	0	0	1	1	1	1	1	1	0	0	0	0	0	0	1	2	0	2	5	11	8	6	11	10	0	23	13	7	6	5	1	1	1	2	0	2	2	1	2	0	0	1	1	0	2	1	0	3	3	4	6	2	13	9	8	10	9	14	39	90	7	4	9	2	1	1	2	1	1	1	2	2	3	0	0	0	0	0	0	1	0	0	0	1	2	0	0	0	1	0	0	0	2	1	2	8	3	3	4	3	1	1	2	1	0	1	0	0	0	0	1	0	0	0	1	1	0	1	1	0	0	1	1	4	3	3	4	5	1	0	2	0	0	1	2	3	0	3	5	4	0	1	0	3	0	5	4	2	0	0	4	2	0	0	0	1	1	2	0	1	1	0	2	1	1	0	0	0	0	1	0	1	0	0	0	0	0	1	1	2	1	3	0	0	1	1	0	3	0
0	0	0	0	0	0	0	1	0	0	1	2	0	0	0	1	1	1	1	0	1	1	1	1	1	2	3	2	1	0	2	1	4	1	1	1	1	0	1	4	7	5	2	3	5	1	0	6	5	2	4	0	2	0	1	1	0	0	3	0	2	1	0	4	0	0	1	1	1	0	0	1	0	1	2	1	1	0	0	0	1	0	0	2	4	1	1	0	1	0	1	0	0	2	0	0	1	0	2	0	0	1	0	0	0	0	0	2	0	0	0	1	1	1	0	0	0	1	0	0	1	2	0	1	1	2	1	0	2	1	0	1	1	1	0	4	0	0	1	1	0	8	4	8	4	5	4	23	0	76	30	19	7	1	3	5	7	2	5	1	0	2	0	2	3	3	1	3	1	4	4	4	5	5	3	3	5	7	3	4	8	16	16	12	9	14	2	4	4	3	2	2	5	2	1	4	2	0	1	1	1	0	1	0	1	0	0	1	2	0	1	1	4	2	0	0	3	3	9	10	2	3	4	1	2	3	2	1	1	0	0	0	1	0	2	1	0	1	0	0	0	0	0	0	1	2	2	2	1	3	4	1	1	1	0	0	0	1	1	2	0	6	1	6	1	0	1	0	0	1	4	1	0	1	1	1	2	1	0	1	1	5	0	2	1	2	1	1	2	0	0	1	2	1	0	1	0	1	1	1	0	1	1	1	1	0	0	0	0	1	2	6
0	0	0	0	0	0	0	0	0	0	1	0	1	1	0	0	1	1	0	1	2	1	0	1	1	2	1	0	2	1	0	1	0	0	0	1	2	1	1	4	3	1	1	3	2	2	2	5	6	1	0	2	0	2	2	0	0	0	3	0	3	2	0	5	0	2	2	2	1	0	0	0	2	2	0	1	1	0	2	1	0	0	0	0	0	0	0	0	0	0	2	1	1	0	1	0	2	0	2	2	1	0	0	0	0	1	0	0	0	1	2	1	2	0	2	1	0	1	0	0	2	0	0	1	0	2	0	2	0	0	1	1	0	0	0	0	1	0	1	1	2	1	6	6	4	6	6	13	76	0	51	24	13	3	3	1	1	2	6	6	0	1	0	0	0	1	4	5	3	3	3	1	3	4	3	5	1	2	5	1	2	5	7	20	10	21	8	5	2	1	0	1	3	6	5	2	3	4	0	0	1	0	0	0	0	0	0	1	0	1	1	3	1	3	0	0	1	4	4	3	1	3	3	2	0	2	2	1	0	1	0	0	0	0	0	0	0	0	0	0	0	1	2	4	0	1	2	0	4	2	0	1	0	0	2	1	0	1	2	3	0	6	5	6	0	4	3	1	1	0	4	2	1	1	2	2	0	0	1	0	2	2	1	1	4	1	2	2	0	1	1	5	1	0	0	1	1	1	0	1	0	2	0	1	2	0	0	0	0	2	3	6
0	0	0	0	0	0	0	1	0	0	0	1	1	0	0	0	0	0	2	0	1	1	1	0	1	1	0	1	1	1	1	2	1	1	1	1	2	2	1	4	1	1	2	2	2	3	6	5	1	3	1	1	4	1	0	2	1	0	1	0	0	2	0	0	1	2	0	1	1	0	0	0	0	1	0	0	0	3	1	3	1	0	0	1	0	0	0	1	0	0	0	0	1	1	1	0	2	0	0	0	0	0	0	0	1	0	0	0	1	0	1	1	0	1	0	1	0	1	0	0	0	0	0	0	0	0	0	0	1	1	0	0	1	0	1	0	2	1	2	1	0	0	2	5	8	5	2	7	30	51	0	186	13	6	3	5	4	1	9	3	0	1	1	3	2	3	4	6	2	2	1	4	3	9	4	5	1	2	0	3	4	4	8	19	9	10	6	4	1	3	0	1	2	2	1	1	4	2	1	2	0	0	0	0	3	3	4	2	2	5	4	2	2	3	0	1	3	0	3	0	2	2	2	2	2	1	1	1	0	2	0	0	1	0	0	0	1	1	0	1	1	2	0	1	1	0	0	2	1	1	3	2	1	0	0	1	1	0	0	4	1	5	1	2	2	2	2	0	2	1	2	5	0	2	3	2	0	0	2	1	0	0	3	0	3	3	2	1	1	1	2	1	1	1	0	3	0	0	2	0	0	0	0	1	1	0	1	0	0	0	2	1
0	0	0	0	0	0	0	1	0	0	3	0	1	0	1	0	1	0	0	1	0	0	1	0	0	2	0	0	0	3	0	1	0	0	0	3	1	0	3	1	2	1	1	2	3	10	3	12	6	8	2	4	3	1	1	1	0	0	2	1	2	0	0	1	0	0	0	2	1	0	1	0	2	3	0	3	2	0	1	1	0	0	0	1	0	1	1	1	2	0	1	1	1	2	0	0	2	0	1	0	0	0	0	0	1	1	0	0	0	1	0	0	0	0	0	1	2	0	0	0	1	0	0	0	0	0	0	0	1	0	1	1	0	0	0	2	0	0	3	0	1	2	5	3	7	4	3	6	19	24	186	0	30	16	1	6	8	8	3	5	3	0	1	3	4	6	3	5	5	6	2	2	2	7	3	5	3	2	3	3	2	5	11	29	12	11	9	3	3	3	1	1	3	2	4	5	1	3	0	0	0	1	1	3	3	0	1	1	4	1	2	1	2	3	1	3	2	4	3	8	3	4	4	1	2	3	3	0	0	0	2	1	0	0	1	0	1	2	0	0	0	0	0	1	1	1	1	1	2	1	1	0	0	0	1	1	0	1	3	2	2	1	5	2	1	1	0	1	1	0	1	1	1	0	1	0	2	1	1	1	1	0	0	3	0	1	1	1	1	1	1	2	0	0	0	0	0	0	1	1	2	1	2	1	1	3	0	0	0	1	3	12
0	0	0	0	0	0	0	0	0	1	0	1	0	0	1	1	1	0	0	1	1	0	1	0	1	2	0	1	2	1	1	2	0	0	0	0	0	3	0	2	1	1	2	4	7	2	5	14	15	3	7	6	10	5	3	0	0	1	2	0	3	2	1	0	2	2	0	2	1	1	0	0	3	3	2	2	3	0	2	0	1	1	2	1	2	0	3	0	1	0	0	0	0	0	0	0	2	1	4	0	1	1	1	0	0	0	0	1	0	1	0	0	0	0	2	0	0	0	0	1	0	0	1	0	0	0	2	0	0	1	0	0	0	1	0	1	0	1	1	1	0	2	2	2	1	0	3	5	7	13	13	30	0	16	2	4	10	9	48	4	1	2	1	3	8	4	10	3	6	1	8	6	6	8	5	6	3	2	2	0	1	2	9	18	21	19	8	1	0	1	3	2	2	2	5	6	3	2	1	1	0	1	0	2	5	0	2	4	2	3	0	0	3	3	1	3	0	3	3	6	1	6	6	6	4	6	3	2	1	0	1	0	1	1	0	1	1	0	1	0	1	0	1	5	3	1	0	1	1	0	0	1	3	1	2	1	0	2	2	0	0	3	2	5	0	6	3	2	0	1	4	2	2	4	1	3	0	1	1	3	1	0	1	1	6	1	1	4	4	1	3	1	1	0	1	1	0	1	0	0	0	2	3	1	1	1	1	0	0	0	2	3
0	0	0	0	0	0	0	0	0	2	2	1	2	1	0	0	0	1	1	1	1	0	0	1	1	0	1	2	1	0	0	2	0	0	0	1	1	1	4	2	1	0	1	4	3	1	1	3	4	1	2	0	10	1	1	1	0	0	0	1	1	1	0	0	1	1	1	3	1	0	0	0	0	0	0	1	0	0	0	1	0	1	0	0	0	3	0	2	0	0	1	1	0	1	0	1	0	2	1	0	1	0	1	0	0	0	0	0	2	1	0	0	1	0	0	0	0	1	0	0	1	1	0	0	0	1	0	0	1	0	0	0	1	1	1	0	0	0	1	0	0	1	0	2	2	0	3	1	1	3	6	16	16	0	20	13	11	16	10	16	6	1	5	5	7	19	15	8	6	3	1	2	4	2	2	2	1	0	0	1	0	0	1	7	4	3	3	2	2	2	1	1	0	2	3	1	2	3	2	2	0	2	1	2	6	5	4	4	9	2	1	1	1	3	1	0	0	1	0	2	2	2	2	1	7	3	3	1	1	1	0	0	0	0	0	0	0	2	0	1	0	1	2	0	2	0	0	0	1	0	1	0	1	0	1	0	0	0	2	0	1	1	2	2	1	0	0	1	1	2	0	0	1	1	0	1	1	0	0	2	0	3	0	2	4	1	1	2	2	0	7	0	1	0	0	1	2	1	1	1	1	2	4	1	0	1	1	0	0	0	3	7
0	0	0	0	0	0	0	0	2	0	0	1	1	1	0	0	0	0	1	0	0	0	1	0	0	0	0	0	1	0	0	0	0	0	1	0	1	2	0	0	1	1	1	0	1	1	0	0	4	1	1	3	2	0	1	1	0	0	0	1	0	3	1	0	1	0	1	1	1	0	0	1	0	0	0	0	0	0	0	0	0	0	0	0	1	0	1	0	1	0	0	0	1	0	0	0	1	0	1	0	0	0	0	1	0	0	1	0	1	1	0	0	0	0	0	0	0	0	0	0	0	0	0	0	0	0	0	0	0	0	0	2	0	0	0	0	0	0	0	0	0	1	0	0	3	0	1	1	3	3	3	1	2	20	0	13	7	6	3	6	4	5	4	8	6	16	6	2	5	2	0	2	2	1	0	2	1	0	1	1	0	0	2	2	3	3	3	0	2	1	1	1	1	0	1	0	0	3	2	1	1	6	3	2	7	4	6	2	4	0	0	1	1	3	1	1	2	1	3	0	0	2	1	0	2	4	0	0	0	3	1	0	0	0	0	0	0	0	1	0	0	0	2	0	0	2	0	2	1	1	1	0	0	0	1	0	1	0	1	0	0	1	1	1	1	3	1	1	0	0	1	2	1	2	1	2	1	1	2	0	0	1	2	0	0	2	1	1	2	1	1	2	1	0	1	0	2	0	1	2	1	0	0	1	2	2	0	1	0	3	1	4
0	0	0	0	0	0	0	0	0	0	0	2	1	1	0	0	0	1	0	1	0	0	1	0	0	1	0	0	1	0	1	2	0	0	1	0	2	1	0	0	0	0	0	0	0	1	1	2	3	2	2	1	5	3	0	0	1	0	1	0	0	0	0	2	1	2	0	0	0	1	0	0	0	2	0	0	0	0	0	1	0	0	0	2	1	0	3	0	0	0	0	0	0	0	1	0	1	2	0	0	0	0	0	1	0	1	0	0	1	0	2	0	1	0	1	0	2	1	1	0	1	0	0	0	0	0	0	0	0	2	1	0	0	0	0	0	0	0	0	0	1	0	0	0	0	0	0	1	5	1	5	6	4	13	13	0	23	10	7	7	6	10	3	9	9	11	8	1	0	3	1	1	1	4	0	1	0	0	0	0	2	2	2	4	1	7	3	1	1	1	2	1	0	3	1	4	7	2	4	1	1	2	2	0	1	0	4	4	3	1	0	3	1	0	0	0	2	2	0	2	0	4	2	2	1	4	4	2	1	3	4	0	5	0	0	0	1	2	0	1	1	0	0	1	1	1	0	0	1	0	0	0	3	0	0	0	1	1	2	0	0	0	2	1	0	0	0	0	0	0	0	2	2	0	3	0	0	0	1	0	0	1	2	1	2	1	3	1	2	2	6	2	2	0	0	1	0	3	0	3	0	1	2	0	0	0	0	1	0	3	1	3
0	0	0	0	0	0	0	0	0	0	1	0	0	0	0	0	0	1	0	1	0	0	1	0	1	3	0	1	1	0	0	0	0	0	1	0	0	0	2	3	0	0	1	0	1	1	3	5	2	5	2	2	3	4	1	0	1	0	0	2	2	0	3	0	2	1	1	0	1	1	0	0	1	1	0	0	2	3	0	1	1	0	0	0	0	1	0	1	0	0	1	0	1	1	1	1	0	0	0	1	0	0	0	1	0	1	1	0	0	0	1	1	0	0	0	0	0	0	2	0	0	0	0	0	0	0	1	0	1	1	1	0	0	0	0	0	1	0	3	2	1	0	0	1	1	0	3	2	7	1	4	8	10	11	7	23	0	30	12	13	18	6	1	1	12	6	7	6	3	0	1	4	1	2	0	1	1	1	1	0	0	2	1	5	4	2	4	5	2	3	1	1	2	6	3	6	7	3	2	1	0	1	0	2	0	1	3	3	3	2	0	0	1	1	3	2	0	1	1	2	4	3	4	3	2	2	5	1	1	1	1	0	0	1	0	0	1	0	0	1	3	3	1	1	1	2	0	1	1	1	0	1	0	1	1	1	2	0	0	2	1	3	0	4	2	5	1	1	1	1	1	4	3	3	4	1	1	2	1	1	1	5	2	3	3	8	2	3	0	1	5	4	0	0	1	1	2	1	0	0	0	1	2	0	2	1	1	2	2	1	3	8
0	0	0	0	0	0	0	0	0	0	0	1	0	0	1	0	1	0	1	0	0	1	0	0	1	0	0	0	2	1	0	3	1	0	1	0	0	2	1	2	1	0	0	1	0	0	2	2	7	2	2	1	8	4	4	1	1	2	0	0	1	0	0	0	0	1	1	4	0	2	0	0	0	0	1	0	2	0	1	0	0	0	0	0	1	0	0	0	0	0	0	0	2	0	0	1	0	0	1	0	0	0	0	1	0	1	1	0	1	0	0	1	0	0	0	1	0	0	0	0	0	0	0	0	0	0	0	0	1	1	0	0	0	0	0	2	1	0	1	0	1	0	0	1	2	2	1	0	2	2	1	8	9	16	6	10	30	0	13	59	20	8	3	7	38	17	10	8	6	2	2	1	3	2	2	3	1	1	1	0	2	1	4	5	4	5	4	1	0	1	0	1	0	3	1	9	8	7	1	2	4	2	2	3	5	3	2	6	7	4	0	0	2	0	1	1	0	0	3	3	1	2	4	4	1	8	7	1	0	1	1	0	1	0	0	0	1	1	1	0	3	2	3	2	2	0	1	1	1	1	3	0	1	0	0	2	0	2	0	1	0	0	3	2	2	3	1	3	2	0	1	4	1	3	4	2	1	2	1	1	0	2	1	1	4	3	1	6	5	4	4	5	3	1	2	0	0	2	1	0	5	0	0	2	0	1	0	2	0	1	3	2
0	0	0	0	0	0	0	1	0	2	0	2	0	0	0	0	2	1	0	0	1	2	1	1	0	2	0	0	3	2	1	0	1	0	4	1	0	0	2	1	0	1	3	3	1	2	4	7	22	6	8	8	29	7	1	2	0	0	1	1	0	1	0	1	1	2	1	2	0	0	2	0	0	0	1	1	0	0	0	0	2	1	1	1	2	0	1	0	0	0	0	0	2	0	0	0	0	2	0	1	0	2	1	0	0	0	0	0	1	0	0	0	0	1	0	0	0	0	0	0	0	0	0	0	0	0	1	0	0	1	0	0	1	2	1	1	1	1	1	0	1	1	2	3	2	2	1	2	5	6	9	3	48	10	3	7	12	13	0	14	9	2	2	2	2	10	26	7	8	5	12	2	5	3	3	4	2	1	1	1	1	1	3	3	9	18	12	9	2	3	0	0	1	5	4	6	7	2	3	1	2	1	2	0	2	0	2	1	7	6	4	1	1	0	2	1	1	8	5	2	2	4	4	3	9	17	5	1	1	1	1	0	1	0	1	1	0	2	1	1	1	0	2	2	3	1	1	2	2	0	0	0	1	0	2	0	2	1	1	0	1	2	0	3	4	2	1	2	0	2	1	1	0	0	1	0	1	0	2	1	2	1	0	0	3	1	2	5	3	0	3	3	1	1	1	0	1	2	1	1	1	0	0	1	0	1	2	1	0	1	5	5
0	0	0	0	0	0	0	0	0	0	0	0	0	0	0	0	2	1	0	0	1	1	1	0	1	0	0	0	0	2	1	1	0	0	0	1	0	1	1	2	1	0	0	1	0	0	4	2	9	1	2	3	15	4	2	1	0	1	2	0	1	0	0	0	1	0	2	0	0	1	1	0	0	0	1	0	0	0	0	0	1	1	0	0	0	0	0	0	2	1	0	0	1	0	0	2	1	2	1	0	0	0	0	1	0	0	0	0	0	0	2	0	0	0	0	0	0	1	0	0	0	0	0	1	0	0	1	0	1	0	0	1	0	0	0	0	0	0	1	0	1	0	0	4	1	0	2	2	1	6	3	5	4	16	6	7	13	59	14	0	10	13	6	2	37	29	24	4	6	3	0	1	2	0	3	1	0	3	0	0	1	2	2	4	3	5	0	0	2	2	1	1	2	3	0	6	7	6	2	2	3	3	3	4	5	7	3	10	16	0	0	1	1	1	0	1	1	2	0	0	1	0	5	2	9	7	7	5	1	0	1	1	2	1	0	2	1	0	0	3	2	4	6	2	3	1	1	2	2	1	1	0	0	0	1	1	1	2	2	1	2	1	0	2	1	0	0	0	1	1	0	3	1	2	2	2	1	2	1	3	1	3	2	3	0	4	4	4	3	7	4	7	1	0	0	1	0	1	1	2	3	3	1	3	1	1	0	1	1	0	7	1
0	0	0	0	0	0	0	0	1	0	1	0	1	0	0	0	0	1	0	1	0	0	0	0	0	0	1	2	1	0	0	0	1	1	1	0	0	0	1	1	1	2	0	0	1	5	3	3	0	1	4	4	4	3	0	1	0	0	1	0	0	0	1	1	1	1	2	1	1	2	0	0	0	0	0	0	0	1	0	0	0	1	0	1	0	0	0	0	0	0	0	0	1	1	0	0	0	0	0	1	1	0	0	0	0	1	0	0	0	0	1	0	0	0	0	0	0	0	0	0	1	0	0	0	0	1	0	0	1	0	0	0	0	1	0	0	0	1	0	0	1	1	1	1	0	0	1	1	0	0	0	3	1	6	4	6	18	20	9	10	0	22	5	6	28	7	1	2	4	1	1	1	2	0	2	2	1	1	0	0	1	1	1	2	2	2	2	4	0	0	1	2	0	4	0	2	24	12	3	1	1	0	0	2	2	2	3	3	8	2	0	0	1	0	0	2	0	0	0	0	1	2	2	3	1	0	5	6	1	2	3	1	3	1	1	1	1	2	1	1	1	1	4	3	2	0	0	1	0	2	0	1	0	1	0	1	0	1	0	0	0	2	1	1	1	3	2	1	1	1	1	5	0	0	1	2	1	1	5	4	2	4	2	2	5	3	7	4	6	2	4	9	1	2	1	2	2	0	2	1	0	3	1	1	0	1	2	1	0	0	3	3
0	0	0	0	0	0	0	1	0	1	0	1	0	1	0	0	0	0	0	1	0	0	1	0	0	1	0	0	0	1	0	0	2	0	0	0	1	1	1	1	0	0	1	0	0	2	0	2	1	0	0	1	6	2	0	0	0	0	1	2	0	0	0	0	1	0	1	1	0	1	0	0	0	0	0	0	1	2	1	0	2	0	0	0	2	0	0	0	0	0	0	0	1	0	0	1	0	0	0	0	0	0	0	0	0	0	0	0	0	0	0	0	0	0	1	0	0	0	0	1	0	0	0	0	0	1	0	0	0	0	0	0	0	1	1	0	1	0	0	0	0	1	2	1	1	1	2	2	2	1	1	0	2	1	5	10	6	8	2	13	22	0	15	19	34	10	5	2	2	1	1	0	1	1	1	1	2	0	1	2	2	3	2	0	0	2	1	3	2	0	0	0	1	2	0	3	5	18	7	3	4	3	1	1	4	2	5	8	5	2	1	1	2	1	2	0	1	2	2	2	1	2	2	5	1	1	3	5	2	4	0	1	6	0	0	1	2	2	3	1	2	1	0	1	2	0	0	1	0	0	1	0	0	0	1	0	0	0	3	0	1	0	1	2	1	1	1	0	1	0	1	3	1	0	2	2	1	0	0	3	0	0	1	3	2	2	2	1	6	1	2	4	0	0	0	0	0	0	1	0	1	2	1	0	2	0	0	2	1	0	2	5
0	0	0	0	0	0	0	0	0	0	0	0	1	0	1	0	0	0	0	0	0	0	0	0	0	0	0	0	0	0	0	0	2	0	0	0	0	1	1	2	1	1	0	1	1	1	0	0	1	3	1	2	2	2	0	1	0	0	0	0	1	0	0	0	0	1	1	0	1	0	1	0	1	1	2	0	0	0	1	0	0	1	0	1	0	1	0	0	1	0	1	0	0	0	0	0	0	0	0	2	1	1	0	0	0	0	0	0	1	1	0	1	1	0	0	0	0	0	0	0	0	0	1	0	1	0	0	1	0	1	0	0	0	1	0	0	0	0	2	0	0	1	1	1	2	0	0	0	0	0	1	1	1	5	4	3	1	3	2	6	5	15	0	23	15	7	8	0	0	0	0	0	1	1	3	2	0	0	0	1	2	0	2	0	3	1	2	2	1	0	0	0	0	1	0	0	1	10	11	5	12	6	2	16	4	6	29	27	6	1	2	1	1	0	1	1	0	1	1	2	1	0	1	0	2	1	4	2	0	1	0	1	1	1	1	1	0	0	0	0	2	1	2	1	0	0	0	0	2	0	1	0	1	0	1	0	0	2	0	1	0	0	1	0	0	2	1	0	1	1	1	0	0	2	0	0	1	0	0	0	0	4	1	1	3	0	0	1	2	2	1	1	3	0	0	1	0	0	0	1	0	2	3	1	1	1	2	0	0	0	2	1
0	0	0	0	0	0	0	0	0	0	1	0	1	0	1	1	0	0	1	1	1	0	1	0	1	0	0	0	0	0	0	1	0	0	0	0	1	0	0	0	0	1	0	1	4	1	0	1	0	0	3	2	1	1	0	0	1	1	0	1	0	0	0	0	0	0	0	0	0	2	0	0	0	0	0	0	0	1	2	0	0	0	1	0	1	0	0	1	1	1	0	0	0	0	1	1	0	0	0	0	0	0	1	0	0	0	0	0	0	0	0	2	0	0	1	0	0	0	1	0	1	0	0	0	0	1	0	0	0	0	0	0	1	0	0	0	1	1	0	0	0	0	0	1	0	2	0	0	2	0	3	3	3	5	8	9	1	7	2	2	6	19	23	0	13	8	0	5	0	1	1	0	1	1	0	0	0	0	0	1	0	1	2	1	0	1	3	1	0	1	0	0	1	0	0	2	2	13	3	5	8	9	7	4	7	13	16	6	3	1	1	0	0	0	1	0	1	0	2	0	0	3	1	0	0	0	6	1	2	0	2	0	2	0	1	0	0	0	1	0	3	0	2	0	1	0	0	0	1	0	1	0	1	0	0	2	1	2	1	1	1	2	1	0	1	1	0	1	0	1	0	2	0	1	3	1	1	0	3	0	1	0	0	1	1	0	0	1	1	1	2	2	3	1	0	1	2	0	1	1	1	1	0	0	1	1	0	1	0	1	1	1
0	0	0	0	0	0	0	0	0	0	0	0	1	0	0	0	0	0	0	0	0	0	0	0	0	0	0	1	1	2	0	2	0	3	2	1	1	0	0	2	0	1	1	3	1	2	3	2	2	1	0	1	5	3	2	2	0	0	0	1	2	1	0	2	0	0	0	0	1	0	0	0	0	1	0	1	0	0	0	1	0	2	0	0	0	0	0	1	0	1	1	0	0	3	0	0	1	1	1	0	0	0	0	0	0	1	0	1	1	0	0	0	0	0	0	0	0	0	0	0	0	0	1	0	0	0	0	0	2	0	0	1	0	1	0	1	0	1	0	0	0	0	0	0	0	0	1	1	3	0	2	4	8	7	6	9	12	38	2	37	28	34	15	13	0	24	11	3	3	2	1	2	2	2	0	0	1	2	2	0	0	0	1	4	1	6	4	0	1	0	0	0	3	4	0	4	7	15	3	3	3	2	3	3	4	2	7	7	7	4	0	3	2	1	0	0	2	1	1	1	1	0	1	1	2	7	4	2	2	4	0	1	2	0	1	0	0	1	2	0	2	3	2	2	0	0	1	1	0	0	0	0	0	0	2	0	0	1	1	0	1	1	1	4	2	3	1	1	0	0	0	1	2	0	2	2	1	0	3	1	2	4	2	2	1	3	1	2	3	4	2	4	0	1	1	1	2	0	3	1	4	2	0	0	2	1	0	0	0	2	0	3
0	0	0	0	0	0	0	0	0	2	1	1	0	2	1	0	1	1	0	0	0	1	0	0	1	0	2	0	0	1	1	3	0	0	0	0	1	1	0	0	2	1	1	0	3	1	1	4	6	5	2	2	4	3	1	0	1	0	0	0	1	1	1	0	0	0	1	2	0	0	0	0	0	0	1	0	0	0	0	0	0	1	1	1	2	1	0	0	0	1	1	0	2	0	0	1	1	1	1	0	0	0	1	0	1	0	0	1	0	0	1	0	0	1	0	0	0	0	0	2	0	0	0	0	0	0	0	2	0	0	0	0	0	0	0	1	0	0	0	0	0	0	3	2	0	1	1	1	3	1	3	6	4	19	16	11	6	17	10	29	7	10	7	8	24	0	30	15	2	1	3	4	1	2	1	1	1	1	0	1	0	1	1	3	1	2	2	3	0	1	0	0	2	3	2	1	7	5	1	3	9	3	3	1	8	5	9	7	5	3	0	1	2	2	0	2	1	2	1	0	2	1	2	2	5	4	5	1	1	1	4	1	0	0	0	1	0	0	1	2	0	0	0	0	0	1	3	1	0	1	1	0	0	0	1	0	1	0	0	0	0	2	1	0	0	1	1	0	0	0	0	0	1	1	1	0	0	1	2	1	2	1	2	1	0	3	3	2	1	3	2	2	1	1	1	1	1	0	1	0	0	0	1	0	1	2	0	0	1	0	1	3
0	0	0	0	0	0	0	0	0	1	0	1	0	2	0	0	0	1	1	0	0	2	1	0	0	0	0	0	1	4	0	2	0	0	1	2	0	1	1	0	0	2	2	2	2	0	0	6	6	7	1	4	15	3	1	0	0	0	2	0	0	0	1	2	2	2	0	2	2	0	0	0	1	3	0	0	0	1	0	2	1	0	0	0	0	0	0	0	1	0	1	0	1	0	1	0	1	1	0	2	1	1	0	2	0	0	0	1	0	0	0	0	0	0	0	1	0	0	0	1	0	1	0	0	0	0	2	1	1	0	0	0	1	0	0	1	0	0	0	1	1	2	2	1	2	2	0	0	1	4	4	3	10	15	6	8	7	10	26	24	1	5	8	0	11	30	0	17	15	6	9	3	1	1	2	3	3	0	0	1	1	0	5	5	2	3	3	4	2	3	1	1	0	1	0	1	2	2	2	1	4	0	0	4	3	4	5	10	18	0	1	0	2	2	1	1	2	1	0	2	0	2	4	4	2	9	6	3	2	1	2	2	1	0	0	0	0	0	0	0	2	0	1	2	0	4	0	0	0	0	1	0	1	1	0	0	0	1	0	0	2	3	3	0	0	2	0	1	1	0	0	1	0	0	1	4	1	1	1	1	1	0	1	1	0	1	4	1	1	4	2	1	2	3	0	0	0	0	2	2	1	1	1	2	2	0	2	1	1	1	4	4
0	0	0	0	0	0	0	0	0	1	2	2	1	2	2	0	1	0	1	0	0	1	2	0	0	1	2	2	3	0	2	1	2	1	3	1	0	2	0	2	1	1	3	2	1	5	1	8	2	2	2	1	5	4	2	1	2	2	2	0	0	0	0	1	1	2	1	1	3	0	2	0	1	2	0	0	1	1	0	2	3	0	0	2	0	0	2	0	0	1	2	0	0	1	0	0	0	0	1	0	0	0	0	0	1	1	1	0	0	0	0	0	0	1	0	0	1	0	0	0	0	0	0	0	0	0	0	0	0	0	0	0	0	0	0	2	1	0	1	1	0	0	1	0	3	3	1	2	3	5	6	5	3	8	2	1	6	8	7	4	2	2	0	5	3	15	17	0	57	10	5	7	3	7	4	2	1	1	1	0	0	0	6	9	4	3	5	3	0	1	2	1	0	0	2	1	2	1	0	3	1	4	3	9	7	3	5	1	10	4	2	0	3	0	1	0	1	2	2	0	0	0	2	4	10	11	5	0	1	1	3	0	0	0	0	0	0	0	2	0	1	0	1	1	2	1	0	1	1	2	1	1	1	1	0	0	0	0	3	1	2	1	0	2	1	1	0	0	1	1	1	1	0	0	1	1	1	0	1	1	1	2	1	2	2	1	1	0	1	1	2	1	1	1	0	0	1	0	1	1	1	0	2	0	1	1	1	0	1	0	1	1
0	0	0	0	0	0	0	1	0	0	2	0	0	1	0	0	1	1	2	0	0	1	0	2	2	5	1	1	0	3	3	1	1	6	1	0	6	7	5	1	2	1	2	3	4	4	5	12	10	16	7	3	6	2	4	2	2	1	1	1	1	3	3	2	0	4	7	3	1	2	2	0	4	0	0	1	2	0	1	1	0	0	1	1	0	1	0	0	0	0	1	0	1	3	1	1	4	0	1	2	0	2	1	0	0	1	1	0	0	0	1	0	0	1	1	0	0	0	0	0	0	0	0	0	1	0	0	0	0	1	2	0	1	1	2	2	0	0	0	1	0	3	2	1	5	0	1	1	1	3	2	5	6	6	5	0	3	6	8	6	4	2	0	0	3	2	15	57	0	22	14	7	4	8	0	4	1	4	0	2	0	0	3	12	4	1	4	1	4	1	0	1	0	2	0	1	0	1	0	2	1	2	3	3	5	1	0	1	7	12	2	0	1	1	1	1	5	2	3	4	1	1	0	2	5	9	4	1	1	0	0	0	0	0	1	0	1	2	0	0	0	1	1	1	1	1	1	1	2	0	1	0	1	0	1	0	0	3	0	0	0	4	3	0	0	2	0	0	1	0	1	1	1	1	0	1	1	1	1	2	1	2	0	0	2	0	0	1	0	1	2	2	0	1	3	0	2	0	0	0	1	2	2	2	1	2	0	0	0	0	2	0
0	0	0	0	0	0	0	1	4	1	3	1	0	0	0	3	3	0	2	2	0	4	2	0	1	2	1	1	6	2	1	0	5	1	1	1	5	5	2	2	3	3	1	2	7	9	6	25	31	64	40	3	4	5	4	6	1	2	3	2	1	0	1	3	4	3	3	2	5	1	0	1	0	0	0	0	0	1	1	2	1	2	2	0	2	0	2	0	2	0	0	1	2	1	1	3	1	1	1	2	2	1	2	1	1	0	2	1	0	1	0	1	1	1	0	0	0	2	0	0	0	1	2	0	0	0	0	2	0	1	1	1	1	0	0	0	1	1	0	2	0	2	1	2	1	3	1	0	4	3	2	6	1	3	2	3	0	2	5	3	1	1	0	1	2	1	6	10	22	0	25	3	10	4	8	1	6	0	1	2	2	0	0	9	6	2	5	13	3	1	0	1	3	0	2	0	0	2	0	0	0	2	3	2	3	1	0	0	4	21	3	3	2	2	2	2	2	1	2	2	2	1	5	6	30	11	5	1	0	1	1	0	1	1	2	0	0	0	2	1	0	1	0	6	2	1	0	1	2	1	1	1	3	0	0	2	0	1	1	1	1	3	1	3	0	1	1	1	0	0	1	1	2	0	1	1	0	1	1	0	1	0	1	0	1	1	1	0	2	1	2	3	0	0	0	0	0	1	1	1	1	3	2	3	1	0	2	1	1	0	0	2
0	0	0	0	0	0	0	0	0	3	2	1	2	0	0	1	0	0	1	0	3	0	2	1	2	3	4	0	5	3	2	1	7	8	2	6	6	7	5	2	7	3	8	13	18	28	19	49	7	27	36	5	4	5	3	3	4	2	2	2	2	1	3	3	2	5	15	6	9	0	0	1	6	5	1	1	2	5	1	0	0	0	3	1	1	1	2	0	4	1	0	0	1	0	1	1	2	1	2	1	1	0	4	1	0	1	1	2	3	0	1	1	0	1	1	0	1	0	0	1	1	1	0	0	2	0	0	0	1	2	0	1	0	0	0	3	2	3	1	0	1	1	4	4	0	3	3	3	4	3	1	2	8	1	0	1	1	2	12	0	1	1	0	1	1	3	9	5	14	25	0	17	18	19	8	11	2	3	0	0	3	3	7	4	4	4	0	8	2	3	1	0	1	2	1	2	3	3	2	0	0	0	1	0	1	0	2	0	0	11	6	5	3	2	1	0	0	1	3	4	3	2	3	9	4	2	2	1	0	0	0	0	0	0	0	2	0	0	0	0	2	1	1	2	4	1	1	2	5	3	0	0	1	1	0	1	1	2	3	0	2	2	0	1	0	0	0	0	0	2	1	0	0	0	0	0	1	2	2	1	0	1	1	2	0	1	0	0	0	0	1	2	1	0	2	1	1	0	1	1	0	1	1	2	0	0	2	0	0	0	0	1
0	0	0	0	0	0	0	1	1	0	0	0	0	1	0	2	0	1	2	1	1	0	1	0	1	4	1	1	1	1	1	1	0	1	5	2	5	1	4	5	4	1	3	8	19	7	4	9	8	11	12	7	4	3	15	3	0	2	13	0	7	12	4	5	5	9	6	8	8	0	1	1	3	0	0	2	1	3	1	0	5	2	1	2	4	1	0	1	1	0	0	1	2	0	0	0	4	2	6	2	1	1	2	1	2	0	0	2	2	3	0	1	0	1	0	1	1	0	1	1	0	0	0	2	1	2	0	3	1	0	0	2	1	1	0	2	1	2	3	0	0	0	2	4	4	1	3	3	4	1	4	2	6	2	2	1	4	1	2	1	1	0	0	0	2	4	3	7	7	3	17	0	46	8	169	9	8	2	2	0	3	1	1	2	13	2	11	30	18	6	1	2	4	3	3	1	1	1	0	0	0	0	1	0	1	0	0	1	3	4	12	6	5	3	6	4	11	17	15	5	1	9	5	11	3	3	2	0	0	0	0	0	2	0	0	0	0	0	0	0	1	1	3	4	5	3	2	3	3	2	7	1	4	4	0	1	1	2	2	1	2	1	3	4	0	1	2	0	2	0	2	0	1	0	0	2	1	0	1	0	0	3	0	0	1	2	3	0	0	0	1	2	3	1	1	2	4	0	4	0	2	0	0	1	0	0	1	0	0	2	3	5
0	0	0	0	0	0	0	1	0	2	3	0	2	0	1	0	1	3	3	3	1	3	1	2	0	2	4	2	3	2	1	3	2	2	2	4	2	4	4	10	5	3	7	21	48	17	13	21	7	17	13	6	3	3	4	6	2	3	2	2	3	4	1	5	6	9	10	9	2	1	2	0	4	4	0	2	1	1	0	0	3	1	1	2	1	1	0	0	0	3	1	1	1	2	3	0	1	2	2	2	1	1	0	0	0	0	3	2	0	1	0	0	1	1	0	1	0	1	2	1	0	1	0	1	0	0	0	1	2	2	1	1	0	1	1	6	0	0	1	0	0	4	5	0	1	3	1	4	5	3	3	2	6	4	2	1	1	3	5	2	2	1	1	1	2	1	1	3	4	10	18	46	0	31	88	19	8	11	6	3	2	3	4	8	11	8	11	14	7	5	2	4	0	1	4	0	0	1	0	1	0	0	0	0	0	0	2	1	0	3	5	3	1	1	1	9	3	12	13	7	3	4	2	5	6	3	3	0	0	2	1	0	0	0	0	1	0	0	0	0	1	2	2	1	2	2	1	3	3	0	2	0	3	0	2	2	3	2	1	1	0	5	3	2	2	0	1	1	0	1	0	1	0	0	1	1	0	1	1	2	1	1	1	2	0	2	0	0	1	2	3	3	1	0	0	2	2	1	0	2	2	1	0	0	0	0	0	0	0	2	1	0
0	0	0	0	0	0	0	0	0	0	0	0	2	0	3	1	2	2	1	1	1	2	1	1	4	3	2	0	3	1	2	1	3	1	4	3	1	1	3	10	7	3	8	11	10	13	15	65	3	6	6	4	4	3	1	6	1	1	3	3	0	4	2	3	2	4	3	8	2	0	2	3	1	2	1	4	1	2	1	0	0	2	1	0	2	0	2	1	1	1	1	0	0	0	2	2	1	2	3	1	1	3	0	0	1	0	0	1	1	2	2	0	0	0	1	0	0	1	0	2	0	0	0	1	2	2	1	0	1	2	2	2	1	0	0	0	2	0	0	1	1	2	7	9	2	1	3	6	5	4	9	7	8	2	1	4	2	2	3	0	0	1	1	1	2	2	1	7	8	4	19	8	31	0	12	29	5	3	3	1	2	2	14	45	26	4	5	7	3	5	2	1	3	2	1	2	1	1	0	0	1	0	0	0	0	2	2	1	2	1	3	2	4	0	3	3	4	6	9	1	3	3	1	5	3	3	1	0	0	0	0	0	0	2	3	0	1	0	1	2	1	0	3	1	2	1	1	0	5	3	0	1	1	0	0	2	0	1	1	0	1	3	5	2	3	0	3	1	1	2	0	3	0	1	4	1	0	0	0	0	2	2	0	1	1	3	1	2	1	1	0	1	0	0	0	0	0	0	0	0	0	1	1	1	1	0	1	0	0	1	3	5
0	0	0	0	0	0	0	1	4	0	1	0	0	0	0	0	1	2	1	0	2	1	1	1	2	0	1	3	2	5	1	2	4	3	2	4	3	2	1	3	10	4	5	8	49	8	6	10	9	19	22	6	4	4	19	5	1	2	6	3	4	5	2	2	3	9	11	15	4	3	0	2	2	3	0	2	4	1	1	3	0	0	0	0	5	0	2	0	1	1	1	1	2	1	1	1	3	2	5	4	0	2	2	3	0	2	3	1	1	0	1	0	1	3	0	0	2	2	1	0	0	1	0	0	0	1	0	1	1	0	0	0	1	0	0	1	0	1	0	0	1	2	2	3	0	2	3	2	3	3	4	3	5	2	0	0	0	2	3	3	2	1	3	0	0	1	2	4	0	8	8	169	88	12	0	15	7	4	6	0	1	3	4	3	12	7	16	26	12	4	0	2	1	0	2	1	1	1	0	1	1	0	2	3	2	0	0	1	4	5	5	4	3	3	2	3	4	4	5	3	1	1	3	10	3	2	5	1	1	0	1	0	0	0	1	0	0	1	1	0	0	0	1	2	3	2	0	1	6	2	1	1	1	1	2	0	1	2	3	0	0	0	3	1	3	1	1	0	1	0	0	1	2	0	0	1	2	2	0	1	1	1	1	1	2	0	2	1	1	2	1	2	1	0	0	1	2	0	1	2	0	1	2	1	0	0	1	1	1	3	2	1
0	0	0	0	0	0	0	1	0	0	2	0	1	0	1	0	3	1	2	3	2	2	1	3	1	3	2	1	1	0	2	3	1	5	5	4	5	3	6	9	5	8	8	19	14	10	9	8	4	7	2	2	1	1	5	2	0	1	1	2	2	5	3	4	9	5	3	7	0	0	0	0	2	4	2	3	2	1	0	1	3	1	4	1	3	1	0	0	0	2	0	3	1	0	0	2	6	3	3	0	0	1	1	3	1	4	0	1	3	2	0	0	1	0	0	0	0	2	1	1	0	0	0	0	2	0	0	3	2	1	1	2	2	1	0	1	4	4	2	1	1	5	9	2	4	8	6	13	3	5	5	5	6	2	2	1	1	3	4	1	2	1	2	0	0	1	3	2	4	1	11	9	19	29	15	0	25	14	7	2	3	9	16	13	9	4	9	6	8	7	1	1	3	2	0	2	0	1	1	0	1	0	1	0	0	0	1	0	2	2	0	1	1	1	2	4	2	2	33	5	2	4	6	3	1	0	3	0	0	0	0	1	1	0	0	1	1	1	1	0	1	0	0	0	3	2	1	3	6	6	3	2	0	0	0	0	1	3	0	1	2	2	3	2	2	6	3	0	0	0	1	1	2	0	2	1	0	0	1	4	0	2	1	1	1	1	1	0	2	0	0	0	2	0	1	2	1	0	3	0	1	1	0	1	2	0	1	1	0	1	2	4
0	0	0	0	0	0	0	0	0	1	0	0	0	2	0	0	0	4	1	4	3	1	0	1	3	4	1	1	2	2	2	1	1	0	1	3	0	1	1	10	5	1	5	16	7	6	2	1	4	3	2	4	2	2	0	0	1	1	4	3	5	6	3	2	6	0	2	0	0	0	2	1	0	2	4	4	2	1	2	1	1	2	3	3	1	1	0	0	1	0	1	1	1	1	2	2	6	2	3	2	1	0	1	0	2	1	0	1	1	2	1	1	0	2	0	2	0	2	0	1	0	1	0	1	1	1	1	4	0	1	2	1	5	3	3	7	4	7	5	2	1	6	7	3	4	4	3	9	5	1	1	3	3	1	1	0	1	1	2	0	1	2	0	0	1	1	3	1	1	6	2	8	8	5	7	25	0	44	8	2	10	3	4	1	12	4	5	3	9	4	1	1	1	4	1	0	1	0	0	0	0	0	1	0	1	0	1	2	1	0	1	2	3	1	4	4	11	9	46	7	3	3	4	3	0	0	1	0	0	1	0	0	0	0	0	0	0	0	0	2	1	1	0	1	2	1	3	1	5	6	5	0	4	2	3	0	1	2	2	0	2	2	4	0	1	0	1	2	3	0	0	1	1	1	1	0	0	0	1	0	1	1	2	0	1	1	0	1	0	0	1	1	2	1	0	2	1	0	0	2	0	1	0	1	1	1	0	3	1	1	0	4
0	0	0	0	0	0	0	0	1	0	0	0	2	0	1	0	0	1	0	4	3	1	1	1	3	3	2	0	0	1	1	1	1	1	5	1	3	3	3	6	3	4	5	4	1	4	4	1	2	0	2	0	2	1	1	1	2	0	1	1	0	1	2	4	6	2	1	4	2	2	2	0	0	1	4	2	1	0	2	1	3	3	0	1	1	1	1	1	2	0	1	0	1	0	1	1	2	1	1	0	0	0	0	2	1	1	1	1	0	1	3	0	1	2	1	0	2	1	1	0	4	1	0	0	2	2	0	3	2	3	0	4	2	1	3	2	14	2	3	0	2	6	5	1	2	3	13	8	7	2	2	2	2	0	0	0	1	1	1	3	1	0	0	0	2	1	0	1	4	0	3	2	11	3	4	14	44	0	45	8	4	9	7	4	1	5	4	0	2	3	2	1	1	2	0	2	0	0	0	1	0	0	0	0	0	2	0	0	0	2	2	1	2	0	2	4	9	4	16	6	3	1	2	1	1	0	0	0	1	0	0	0	0	0	0	0	0	3	0	0	0	0	2	2	0	5	1	3	7	10	6	5	5	2	2	1	0	3	2	3	3	0	4	2	3	1	0	1	2	4	1	5	0	1	0	0	0	1	0	0	1	0	2	1	2	0	1	0	0	0	0	2	2	0	0	0	0	5	1	2	0	0	2	1	2	0	1	1	0	0	2	3
0	0	0	0	0	0	0	0	1	0	0	0	2	1	1	0	0	0	3	1	2	0	1	0	1	0	1	1	2	1	0	0	0	0	5	4	4	0	0	6	3	1	3	3	0	0	1	2	2	0	0	2	1	0	0	1	0	1	1	1	4	1	0	2	2	0	1	1	0	1	4	0	1	0	1	1	1	3	1	2	1	0	1	1	1	2	0	1	0	1	0	1	0	0	2	0	1	2	1	2	2	0	1	0	1	1	1	0	0	0	2	1	2	0	0	2	1	0	0	0	1	1	3	0	1	4	3	2	4	3	0	0	0	0	4	7	5	2	1	0	0	1	4	3	2	6	8	10	3	5	0	3	2	0	1	0	1	1	1	0	0	1	0	0	2	0	0	1	0	1	0	2	6	3	6	7	8	45	0	14	18	14	3	3	3	1	1	1	2	2	1	0	1	1	3	0	1	0	1	0	0	0	0	0	0	0	0	0	0	0	0	2	1	1	2	0	4	3	4	4	4	2	1	0	2	0	2	0	0	0	1	0	0	1	0	1	0	0	0	0	0	0	0	1	0	3	4	3	4	4	2	0	1	2	2	1	1	1	1	2	1	2	3	3	1	2	4	2	1	0	1	3	0	2	1	1	0	0	0	2	1	2	2	1	0	2	2	1	1	0	1	0	1	2	2	0	1	0	1	1	1	0	1	1	1	1	0	0	0	0	2	1
0	0	0	0	0	0	0	0	0	0	0	0	1	1	0	0	1	0	2	1	1	1	1	2	3	0	0	1	0	0	0	1	1	1	1	1	2	2	3	3	1	1	2	0	2	1	2	2	2	2	0	0	1	1	0	0	1	0	0	0	0	2	1	1	3	1	0	0	0	0	1	0	1	1	1	2	1	1	0	1	0	4	1	0	0	1	0	2	0	0	0	0	0	0	0	1	1	0	0	2	0	0	0	0	1	0	0	0	0	0	0	1	2	1	0	1	1	1	0	0	1	1	0	0	2	1	1	5	2	2	1	0	0	0	2	1	2	1	0	1	1	4	1	7	0	2	6	9	4	1	3	3	0	1	1	0	0	0	1	0	0	2	1	1	0	1	1	0	2	2	0	0	3	1	0	2	2	8	14	0	71	28	2	2	4	2	1	1	2	0	2	5	1	1	2	0	0	2	0	0	0	2	0	0	0	0	0	0	0	1	0	0	0	0	0	1	1	1	1	4	3	0	1	2	1	0	1	0	0	0	0	1	0	0	1	0	2	0	0	1	0	0	1	1	1	1	0	1	4	5	3	1	2	2	1	0	0	0	0	1	0	2	2	3	1	3	3	0	2	2	3	0	0	0	1	1	1	0	1	2	0	0	0	0	1	1	0	0	0	0	2	0	1	0	1	2	1	0	2	2	0	1	0	2	0	0	1	0	2	0	0	0
0	0	0	0	0	0	0	0	1	0	0	0	0	0	0	3	0	1	0	1	2	2	1	2	1	2	1	1	0	0	0	0	0	1	3	1	3	1	2	3	2	0	1	3	0	1	1	0	4	1	1	0	3	1	0	2	1	1	0	2	0	0	2	1	1	2	0	2	1	0	1	0	1	3	1	1	2	1	0	1	0	0	1	1	1	0	2	1	0	0	0	0	0	0	0	0	0	2	2	0	0	2	1	0	0	1	1	0	0	2	2	2	1	2	1	0	1	0	0	0	2	1	1	0	1	1	0	0	0	1	1	1	2	0	2	3	1	3	2	1	0	3	3	3	2	9	8	14	8	2	4	2	1	0	0	2	0	2	1	1	1	2	2	0	0	0	1	0	0	2	3	3	2	2	1	3	10	4	18	71	0	57	10	0	2	2	1	4	1	0	3	4	3	1	3	0	0	0	0	1	0	0	0	1	0	1	0	0	0	0	0	5	1	0	1	4	2	1	1	8	2	2	1	0	0	1	2	1	0	0	0	0	0	1	0	0	0	0	0	0	0	0	0	1	0	0	1	2	5	7	4	1	0	0	2	1	5	2	0	1	0	1	3	1	1	0	2	1	2	2	0	5	0	1	1	0	2	1	0	1	0	1	0	3	0	0	0	1	0	1	0	0	0	1	2	0	0	0	1	2	0	1	0	0	0	1	1	0	1	0	0	1
0	0	0	0	0	0	0	1	0	0	0	0	1	0	0	2	3	0	1	1	6	2	1	2	1	5	0	0	1	1	0	0	0	0	0	1	0	1	2	2	1	0	0	9	4	1	1	5	4	2	1	2	2	2	2	2	2	1	0	2	0	3	0	1	1	2	1	3	1	0	1	0	0	0	0	1	0	1	0	1	0	1	0	2	1	1	0	1	0	1	0	0	0	1	0	1	0	3	0	1	0	0	0	1	1	1	0	1	0	1	2	2	3	1	1	0	0	0	1	1	0	0	0	0	0	1	1	1	2	2	1	0	1	2	2	1	1	1	5	1	1	4	5	3	6	8	19	39	16	5	4	5	2	0	0	2	2	1	1	2	1	3	0	1	0	1	0	0	0	0	3	1	3	2	3	9	3	9	14	28	57	0	14	2	6	2	3	0	3	2	1	1	1	3	1	0	1	0	0	1	0	3	1	0	0	1	1	2	1	2	1	3	2	1	2	0	2	5	9	4	3	2	4	0	0	1	0	0	0	1	0	1	0	1	1	2	0	0	0	1	0	1	0	1	1	2	1	0	4	6	3	0	1	1	1	1	1	2	2	2	1	3	5	1	0	0	0	0	0	5	1	0	1	2	1	0	2	2	0	1	1	1	1	2	2	1	1	0	0	1	1	3	0	0	1	1	0	0	0	1	0	0	0	1	1	0	0	0	2	0	2	1
0	0	0	0	0	0	0	1	1	3	1	1	1	0	0	1	0	4	0	1	4	0	0	0	2	4	5	1	0	2	3	1	1	4	1	1	0	3	3	10	4	3	3	4	3	5	8	5	3	3	1	0	0	1	0	1	3	1	1	0	3	1	2	1	5	1	4	0	1	1	0	2	0	1	2	0	0	0	1	1	2	0	0	2	1	0	1	0	0	0	0	0	2	3	0	0	3	2	3	0	1	0	2	1	1	0	0	1	1	0	1	2	0	1	0	0	1	1	0	1	1	0	2	0	1	0	1	2	3	0	0	0	0	0	2	4	2	0	1	0	0	6	19	25	10	8	13	90	16	7	8	11	9	1	2	2	1	4	3	2	1	2	2	2	1	1	5	6	3	0	7	1	4	14	4	16	4	7	3	2	10	14	0	9	6	10	5	3	4	0	1	2	3	0	4	1	0	1	0	0	0	1	2	1	0	0	1	3	4	1	2	1	1	0	0	5	2	0	2	7	3	1	3	1	2	2	3	1	1	0	0	0	1	0	0	0	0	0	0	0	0	0	0	0	0	1	1	3	5	3	0	1	1	0	2	0	0	2	1	1	1	2	3	1	2	1	0	0	3	0	0	4	0	1	1	1	0	1	0	1	2	1	1	0	0	1	1	0	2	0	1	0	2	0	0	0	1	0	1	0	0	3	0	0	1	1	0	0	0	0	2	2
0	0	0	0	0	0	0	0	1	0	1	2	0	0	0	1	2	1	2	1	0	1	1	0	1	2	2	1	3	2	1	1	1	1	1	5	1	7	1	4	4	1	3	3	9	10	12	35	9	7	7	2	7	5	1	1	1	4	1	3	0	0	2	2	1	3	3	2	0	0	0	0	2	0	1	2	0	0	1	0	1	1	1	0	1	1	0	1	0	3	2	0	1	1	2	0	1	1	1	0	2	1	3	0	1	0	1	0	0	0	1	0	1	1	0	2	0	0	0	0	0	1	1	0	0	0	1	0	1	3	2	0	0	0	0	0	2	0	0	0	2	2	1	8	4	4	4	7	12	20	19	29	18	7	2	4	5	5	3	4	2	0	0	1	4	3	5	9	12	9	4	2	8	45	3	13	1	4	3	2	0	2	9	0	18	15	5	1	2	1	1	1	3	2	1	2	1	3	0	0	0	0	3	1	2	1	2	1	3	0	2	2	2	0	0	2	2	4	5	2	4	2	3	1	4	3	3	0	0	1	0	0	0	1	0	1	0	0	0	1	1	0	1	0	1	2	3	1	2	1	1	3	0	1	2	2	1	0	0	1	0	4	2	0	0	1	2	0	1	0	1	4	4	1	0	0	2	4	1	2	0	0	0	0	2	4	0	1	2	1	2	1	1	0	1	0	1	0	1	1	2	2	2	0	1	0	1	0	1	1	3	3
0	0	0	0	0	0	0	0	0	1	0	0	1	1	0	0	0	2	1	0	2	2	2	1	3	1	0	1	1	1	2	2	3	1	1	0	1	3	4	4	2	0	4	5	8	6	3	21	6	7	8	7	6	4	0	0	0	2	1	1	2	3	3	1	4	2	1	4	1	4	0	0	2	2	0	1	0	0	1	1	1	0	2	0	2	2	0	0	3	1	0	1	0	1	3	2	4	1	0	1	0	1	1	1	2	2	1	2	0	0	1	1	0	0	0	0	1	0	0	0	0	0	0	0	0	1	0	1	1	4	1	0	0	0	2	1	2	1	0	0	0	1	3	2	2	5	3	4	9	10	9	12	21	4	3	1	4	4	9	3	2	0	3	0	1	1	2	4	4	6	4	13	11	26	12	9	12	1	3	4	2	6	6	18	0	46	27	11	8	2	2	1	3	4	2	3	0	1	1	1	0	2	1	3	2	1	4	1	4	0	3	8	1	3	1	1	3	7	7	7	3	5	13	8	3	1	5	1	0	1	1	0	2	0	1	1	0	0	1	1	0	0	2	0	1	2	0	2	0	1	1	0	1	4	1	1	0	4	0	1	1	2	7	4	3	2	3	0	2	1	2	1	1	1	4	2	2	3	0	2	1	2	1	1	3	1	3	2	0	3	4	3	4	0	0	1	3	2	0	1	0	0	1	2	3	0	1	0	0	1	3	6
0	0	0	0	0	0	0	1	0	0	0	0	1	0	1	0	2	1	0	0	1	2	0	0	2	1	2	1	0	4	1	0	0	1	1	3	0	2	0	2	2	3	3	2	3	2	5	6	8	11	4	1	6	2	3	1	1	1	1	1	1	4	0	0	0	3	3	3	1	0	0	1	2	1	0	1	3	0	0	0	2	1	2	1	0	0	1	1	1	1	0	0	0	0	1	2	3	0	0	2	1	1	2	0	1	0	0	0	0	0	1	0	0	1	0	1	0	1	1	1	0	0	0	1	0	0	0	1	2	0	1	0	0	0	1	0	0	0	1	0	0	1	1	2	2	1	1	9	14	21	10	11	19	3	3	7	2	5	18	5	2	2	1	1	6	2	3	3	1	2	4	2	8	4	7	4	4	5	1	2	2	2	10	15	46	0	18	7	6	2	1	2	3	6	2	7	1	1	0	0	0	1	1	2	1	2	2	1	2	4	1	0	2	4	1	6	5	4	6	16	5	7	17	0	3	4	1	1	0	0	1	0	2	0	2	0	0	0	0	0	1	0	3	0	3	2	1	4	7	6	2	1	0	0	3	2	0	2	3	2	2	9	8	7	3	2	2	0	0	0	2	3	3	1	7	3	2	2	1	1	0	1	6	2	3	1	3	1	0	2	2	4	3	1	2	0	2	0	0	1	4	0	0	2	1	0	1	1	2	0	5	7
0	0	0	0	0	0	0	0	1	0	2	0	1	1	0	0	0	1	0	0	0	0	0	0	1	0	0	0	1	0	1	1	0	2	2	1	2	1	2	2	0	0	1	6	2	1	2	4	16	8	5	17	11	5	10	3	0	2	0	3	1	2	2	6	0	2	2	4	1	0	0	3	1	1	1	0	0	1	1	1	0	0	0	0	2	1	0	1	1	1	0	0	0	0	0	0	2	2	2	0	1	0	0	1	2	0	0	0	0	1	0	0	2	2	1	0	1	1	1	0	0	0	0	1	1	1	0	0	0	3	0	0	0	1	2	0	2	1	0	1	0	1	1	2	1	2	1	2	2	8	6	9	8	3	3	3	4	4	12	0	2	1	2	3	4	2	3	5	4	5	0	11	11	5	16	9	5	4	1	1	1	3	5	5	27	18	0	50	12	5	1	2	6	7	5	3	3	1	0	0	2	1	2	0	1	1	2	1	2	5	6	3	2	4	2	1	4	9	7	9	5	9	65	13	5	2	2	0	3	0	0	2	0	0	0	0	0	3	1	2	3	0	2	4	3	0	2	1	3	4	1	2	0	0	1	1	1	1	3	1	1	4	10	3	7	6	4	1	1	5	1	1	1	0	0	1	1	0	0	1	1	0	0	3	6	2	1	1	1	4	6	5	3	2	1	3	0	1	2	2	0	1	3	4	1	0	1	0	2	3	8	7
0	0	0	0	0	0	0	0	0	0	1	0	1	1	0	1	0	1	1	1	1	0	0	1	2	0	0	1	3	2	0	0	2	0	3	1	0	0	0	0	2	2	2	5	12	6	2	4	12	10	9	19	9	12	9	7	3	1	4	0	5	3	2	2	1	4	4	4	3	1	0	2	3	1	1	3	0	0	0	0	0	0	3	2	1	0	1	1	0	0	0	1	1	1	1	1	1	2	1	1	1	0	1	0	2	0	3	0	1	1	0	1	1	0	0	0	0	1	1	1	2	0	2	0	0	0	1	0	2	1	1	0	2	2	2	0	1	2	1	1	0	0	0	2	2	2	0	1	4	5	4	3	1	2	0	1	5	1	9	0	4	3	2	1	0	3	4	3	1	13	8	30	14	7	26	6	3	0	1	1	4	0	3	1	11	7	50	0	26	9	2	1	2	6	5	4	2	0	1	1	0	0	1	2	0	1	0	1	3	7	5	14	7	4	4	10	9	16	5	9	3	11	25	31	9	5	3	0	2	0	1	0	0	0	1	0	0	1	1	0	1	2	2	3	7	2	3	4	3	2	4	3	3	1	2	3	3	0	1	0	1	3	0	5	2	1	3	1	1	1	1	2	0	0	2	1	2	1	3	2	1	2	2	0	1	1	0	3	4	2	7	7	4	0	0	2	2	4	1	3	1	3	4	2	2	1	1	2	1	0	6	6
0	0	0	0	0	0	0	1	0	0	1	0	2	1	0	1	1	1	1	1	0	0	0	2	3	1	1	0	0	2	2	0	0	1	1	0	2	4	2	4	4	3	1	4	2	2	3	5	3	5	1	11	1	4	9	3	2	1	2	2	4	5	0	5	1	2	4	2	1	0	1	0	0	1	0	2	0	1	1	0	2	1	0	2	3	1	1	0	0	2	1	2	0	1	1	0	7	0	5	1	0	1	0	1	1	0	1	1	1	0	2	0	2	1	0	1	0	0	1	1	0	1	0	0	0	0	0	0	0	0	0	0	1	2	0	0	0	2	0	0	2	1	1	0	1	5	4	1	4	2	1	3	0	2	2	1	2	0	2	2	0	2	1	0	1	0	2	0	4	3	2	18	7	3	12	8	9	2	2	2	1	3	4	2	8	6	12	26	0	14	5	1	6	3	4	4	2	0	0	1	0	1	0	1	0	0	0	0	1	2	3	7	4	10	3	12	29	215	22	20	8	23	7	9	3	1	2	1	0	0	0	0	0	0	0	1	0	0	0	1	0	0	2	4	6	6	5	6	9	6	8	3	4	2	2	1	5	7	3	2	2	3	14	4	3	2	0	0	1	3	3	2	3	1	1	0	1	2	3	1	1	5	4	1	2	1	0	0	0	2	1	1	4	2	0	0	6	4	2	3	2	2	0	0	2	3	1	0	2	3	3	1
0	0	0	0	0	0	0	0	0	0	1	0	0	0	1	0	0	0	0	0	1	2	1	0	0	1	1	1	0	1	0	1	1	1	1	0	0	1	2	1	1	2	0	2	5	2	0	2	1	2	1	3	2	4	3	2	0	1	1	1	0	2	1	1	2	1	2	4	1	0	0	0	2	0	1	0	1	1	0	2	0	0	1	1	0	1	0	1	0	0	0	0	2	0	0	2	1	2	2	0	2	1	1	1	0	1	0	2	1	1	0	3	0	1	2	0	0	1	0	2	0	1	0	1	1	0	0	0	0	0	1	1	1	0	1	2	2	2	0	2	0	2	0	0	0	3	2	2	3	1	3	3	1	2	1	1	3	1	3	2	0	0	0	1	0	1	3	1	1	1	3	6	5	5	4	7	4	3	2	0	0	2	0	1	2	2	5	9	14	0	8	8	10	3	5	3	3	1	1	1	0	1	1	0	0	0	0	1	0	0	3	5	14	13	4	11	5	22	1	8	11	57	11	4	1	0	1	0	0	1	0	0	1	0	2	0	0	0	0	0	1	1	2	10	17	8	12	29	5	4	10	4	3	0	1	4	12	16	17	0	3	7	15	8	14	12	9	5	2	2	2	5	5	0	4	3	4	0	3	1	2	3	0	3	3	5	0	2	0	0	3	3	10	1	1	1	8	2	7	2	1	1	4	3	1	3	0	3	0	3	7	4
0	0	0	0	0	0	0	0	0	1	0	0	0	0	0	1	0	1	2	1	3	0	0	0	1	0	0	0	0	0	0	1	0	0	0	1	0	1	1	0	0	0	2	0	1	1	0	1	2	0	1	1	1	1	2	0	0	0	1	1	1	3	1	0	3	0	1	1	2	0	1	0	0	1	0	0	0	1	0	0	0	0	1	2	0	1	1	0	0	1	0	0	0	2	1	2	1	0	0	0	1	0	0	1	0	1	1	1	0	1	0	0	0	0	0	0	1	0	0	0	0	0	0	2	1	1	0	1	1	0	1	0	2	0	0	2	2	1	2	0	0	3	1	1	1	0	4	1	2	0	0	1	3	1	1	2	1	0	0	1	1	0	0	0	0	0	1	2	0	0	1	1	2	2	0	1	1	2	1	2	3	1	1	1	2	1	1	2	5	8	0	75	45	10	13	7	6	0	0	1	0	0	1	1	0	0	0	1	1	2	2	4	1	5	1	3	1	6	0	6	22	9	3	2	2	1	0	0	0	0	0	0	1	0	2	0	0	0	0	1	0	1	3	8	7	7	5	5	6	5	2	10	3	3	1	1	2	13	24	20	9	9	14	26	20	29	886	13	4	3	2	1	6	5	4	13	7	1	3	6	3	4	4	5	1	4	2	3	1	2	2	2	1	2	4	1	8	7	5	1	0	2	2	1	3	1	2	3	1	3	9	4
0	0	0	0	0	0	0	0	0	0	1	0	1	0	1	0	1	1	0	0	0	2	0	1	1	1	0	1	0	0	0	1	0	1	0	0	2	2	0	1	1	2	1	1	1	0	2	2	1	2	0	3	5	3	2	0	0	1	1	0	0	1	0	1	0	0	1	1	0	0	0	1	0	0	0	0	1	0	2	0	0	1	3	0	2	0	1	0	0	1	0	0	0	0	0	0	1	1	2	1	0	0	5	0	0	2	0	2	0	0	1	0	0	1	0	1	1	0	0	0	0	0	1	1	0	0	0	1	0	0	0	0	0	0	1	0	0	0	1	0	2	1	2	0	1	0	2	1	2	1	1	1	2	1	1	1	1	1	0	1	2	0	0	0	0	0	1	1	1	1	0	2	4	1	2	1	1	1	0	5	4	1	2	1	1	2	2	1	1	8	75	0	37	12	13	1	1	0	2	1	3	0	0	1	1	1	0	0	0	0	0	1	7	4	1	3	4	2	1	5	19	4	4	3	1	3	1	2	1	0	0	2	0	0	0	0	0	1	0	1	0	2	2	5	9	8	8	3	4	5	4	0	1	0	3	0	2	6	5	26	16	13	12	16	11	17	146	15	17	8	5	4	6	6	13	5	5	1	3	8	5	5	5	2	4	3	3	1	2	0	3	1	2	0	2	3	5	5	3	2	2	2	2	2	0	1	2	0	3	3	5	1
0	0	0	0	0	0	0	0	0	1	0	0	1	1	0	1	1	0	2	1	0	0	1	0	0	1	3	0	2	1	0	0	1	1	0	0	1	1	0	2	0	2	1	0	2	1	0	1	1	0	3	2	2	0	1	0	0	1	0	2	1	1	1	0	0	0	0	0	0	0	1	0	1	2	0	0	0	2	1	0	1	1	2	0	1	0	0	2	0	0	0	0	1	0	1	2	0	3	2	0	0	0	1	0	3	0	1	0	1	1	1	2	0	1	2	0	0	0	0	1	0	0	2	0	0	1	1	0	3	1	0	1	0	0	1	0	2	1	2	1	3	0	2	0	1	1	1	1	5	3	2	3	2	0	1	0	2	0	1	2	0	1	0	1	3	2	0	0	0	3	1	4	0	3	1	3	1	1	1	1	3	1	3	3	3	3	6	2	6	10	45	37	0	15	9	7	1	1	0	1	0	1	0	0	0	0	1	2	0	2	2	3	3	3	1	5	2	1	3	13	87	10	7	1	2	0	0	0	0	0	3	1	1	0	0	0	0	0	0	1	1	3	1	2	3	13	4	10	5	2	2	6	2	1	5	2	4	10	16	6	16	21	26	42	16	13	51	9	4	5	4	5	8	7	6	0	3	2	3	1	4	5	0	1	3	2	2	2	0	2	1	5	0	2	1	4	6	3	3	4	5	2	1	3	0	1	2	1	4	3	3	0
0	0	0	0	0	0	0	0	0	0	0	1	0	1	0	0	0	0	0	0	0	0	1	0	0	2	2	2	0	0	1	0	1	0	0	2	1	0	2	1	0	1	1	3	0	0	2	2	1	0	1	0	4	2	6	0	1	0	1	0	0	0	0	2	1	1	0	1	0	0	0	1	0	0	0	0	2	0	2	1	0	1	1	2	2	0	0	1	0	0	0	0	0	1	0	1	2	0	1	0	1	0	0	1	0	0	1	0	0	0	0	0	2	0	0	0	1	0	0	0	0	0	0	0	0	1	1	1	1	1	1	0	0	2	0	4	1	1	2	1	0	0	0	1	0	0	1	2	2	6	2	2	2	2	0	3	6	3	5	3	4	2	1	0	4	3	1	0	2	0	2	3	1	2	0	2	4	2	1	1	1	3	0	2	4	6	7	6	3	3	10	12	15	0	16	5	2	2	0	0	1	0	0	2	0	1	1	1	0	0	2	4	4	3	0	1	2	3	2	7	19	4	6	2	1	1	3	2	1	1	1	2	1	1	1	0	0	0	1	1	2	3	1	3	8	1	1	5	2	0	2	0	2	1	1	1	0	2	2	6	8	13	13	47	15	16	5	5	5	2	6	18	4	8	12	6	2	4	2	6	3	10	4	3	7	20	4	2	1	2	1	6	4	2	2	2	1	0	3	3	2	6	1	0	3	1	5	0	1	3	11	32
0	0	0	0	0	0	0	0	0	0	0	1	0	1	0	0	0	0	0	0	1	0	1	0	2	1	0	0	0	0	0	0	1	1	0	1	0	0	1	1	0	1	0	1	0	0	1	0	2	2	0	5	2	2	3	4	0	0	0	1	1	0	0	0	2	1	1	0	1	1	1	1	1	1	0	0	1	0	1	1	2	1	0	0	0	0	0	0	0	0	0	0	0	0	0	1	0	1	0	0	0	1	1	0	0	0	1	0	0	2	0	0	0	1	0	0	0	0	1	0	0	0	0	0	0	0	0	2	3	0	0	1	1	0	0	1	2	3	0	0	0	0	2	0	1	0	1	2	1	5	1	4	5	3	1	1	3	1	4	0	0	0	0	0	0	2	0	2	0	2	1	3	4	1	2	0	1	0	3	2	3	1	4	1	2	2	5	5	4	5	13	13	9	16	0	23	3	4	1	0	0	2	0	1	0	1	1	1	1	0	1	2	2	4	5	1	0	3	1	6	12	9	3	3	0	1	4	2	1	1	2	2	1	0	2	0	1	2	0	0	1	1	6	5	9	1	3	7	4	1	3	1	0	0	1	1	1	4	6	6	7	4	9	14	90	75	12	2	2	1	3	4	5	3	39	13	4	7	7	10	9	14	5	11	12	20	9	1	2	4	7	9	8	2	3	1	1	8	4	3	3	4	3	1	3	4	3	1	3	3	28	3
0	0	0	0	0	0	0	0	0	0	0	0	1	0	0	0	0	0	0	0	2	1	1	1	0	0	0	1	0	0	0	1	2	1	0	1	0	2	2	2	1	2	1	1	3	2	0	2	2	2	4	12	6	4	1	2	0	0	0	0	1	1	1	0	0	0	1	1	0	0	0	0	2	0	0	0	1	0	0	0	0	2	1	0	2	0	1	0	1	2	1	0	0	1	0	0	2	0	0	1	0	1	1	0	0	0	0	1	0	1	0	0	2	0	0	0	1	0	1	0	0	0	0	0	0	0	0	0	0	1	0	0	1	1	0	1	0	2	0	0	0	1	0	2	1	0	1	3	4	2	1	5	6	1	0	4	6	9	6	6	2	3	0	2	4	1	1	1	1	0	2	1	0	2	1	2	0	2	0	0	0	0	1	2	3	7	3	4	4	3	7	1	7	5	23	0	12	2	1	0	2	1	0	0	0	0	2	0	3	2	0	4	2	2	1	2	1	0	2	4	2	7	11	6	2	3	2	0	0	0	2	2	1	0	2	1	1	1	2	3	2	2	7	6	7	1	2	1	1	2	3	2	2	4	0	1	2	3	4	2	3	3	3	9	13	5	2	2	1	3	1	3	2	3	15	2	6	5	4	6	4	14	7	21	41	18	11	5	7	12	12	32	8	4	1	3	3	3	5	10	6	10	1	4	3	2	5	2	2	3	45	11
0	0	0	0	0	0	0	0	0	0	0	1	1	0	0	1	0	1	0	0	0	1	0	0	0	0	1	2	0	1	0	0	0	1	0	0	1	0	1	2	1	0	1	0	1	1	0	1	2	2	2	2	6	11	2	0	0	2	0	0	0	1	1	1	0	0	0	1	1	0	0	0	0	0	0	1	0	0	1	0	0	0	0	0	1	0	0	0	0	1	0	0	1	0	0	1	0	0	0	0	0	0	0	0	0	0	2	0	0	0	0	1	0	0	0	0	0	0	0	0	1	0	0	0	0	0	0	0	0	0	0	0	0	1	0	0	0	0	0	1	0	0	1	1	0	1	1	0	2	3	4	1	3	2	0	7	7	8	7	7	24	5	1	2	7	7	2	2	0	0	3	1	0	1	1	0	1	0	1	0	0	1	0	1	0	1	3	2	2	3	6	1	1	2	3	12	0	5	0	1	2	1	3	0	3	0	2	1	4	3	2	0	1	0	1	1	1	3	1	5	1	3	3	6	3	5	12	3	0	4	2	3	3	5	3	1	1	3	2	2	4	2	2	6	6	2	1	1	1	1	2	1	2	1	1	1	3	2	1	3	1	3	0	3	5	1	1	0	0	0	1	3	2	2	3	0	3	2	3	1	4	5	4	10	12	12	17	11	13	16	8	20	3	1	2	0	2	0	2	3	4	5	1	0	2	2	0	2	1	2	9	10
0	0	0	0	0	0	0	0	0	0	0	0	0	0	0	1	0	1	0	0	0	1	0	0	0	0	0	0	0	2	0	0	0	0	1	0	0	1	2	1	2	0	0	4	1	0	1	1	1	1	0	3	1	4	0	2	0	0	0	2	1	1	1	0	0	0	0	1	0	0	0	1	1	1	0	0	0	1	0	0	0	0	0	0	0	1	0	1	0	0	0	0	0	0	0	0	2	0	0	1	0	0	2	0	1	0	0	1	1	0	0	0	0	1	0	0	0	0	0	0	0	0	0	0	0	1	0	0	0	0	0	0	0	0	0	1	0	0	0	0	1	0	0	2	0	0	0	0	0	4	2	3	2	3	3	2	3	7	2	6	12	18	10	13	15	5	2	1	1	2	3	1	1	1	1	1	0	0	0	2	0	0	1	3	1	1	1	0	0	1	0	0	1	2	4	2	5	0	18	3	7	3	1	5	0	4	4	11	7	3	0	0	1	1	0	0	1	2	0	2	1	3	1	1	6	0	4	4	5	0	5	4	3	2	2	1	1	2	1	2	1	1	2	2	2	1	0	1	0	0	2	1	0	0	1	0	3	0	1	0	0	0	0	1	1	1	1	0	2	1	1	0	1	2	2	0	2	0	1	0	1	1	3	4	2	6	1	1	8	7	4	2	3	1	1	0	1	0	0	0	2	2	2	0	0	0	1	0	0	1	3	0
0	0	0	0	0	0	0	1	0	0	0	0	0	0	1	0	0	0	2	0	0	0	0	0	0	0	1	0	1	0	0	0	1	0	1	0	0	0	0	1	1	0	0	0	0	1	0	1	3	0	1	1	2	1	0	0	0	0	0	0	0	0	1	2	1	0	1	1	0	0	1	0	0	1	0	0	0	0	0	0	0	0	1	0	0	0	1	1	0	0	0	0	3	0	0	0	1	0	1	1	1	0	0	1	1	0	1	2	0	1	0	0	0	0	0	0	0	0	0	1	0	0	0	0	0	0	0	0	1	0	0	0	0	2	0	1	0	0	0	1	1	0	0	0	1	1	0	0	1	0	1	0	1	2	2	4	2	1	3	2	3	7	11	3	3	1	2	0	0	0	2	0	0	0	0	1	0	0	1	0	0	0	0	0	1	0	0	1	0	1	0	2	0	0	1	1	0	18	0	12	17	3	0	3	0	3	9	5	3	1	0	2	0	0	0	0	1	1	0	2	3	0	0	0	0	2	1	2	2	2	2	0	2	2	0	0	0	0	1	3	3	0	2	2	0	0	1	0	0	0	1	0	0	0	1	0	0	0	0	0	2	0	1	1	0	0	0	0	0	0	1	0	0	0	1	0	1	1	1	2	1	0	2	1	3	0	3	2	1	2	3	4	1	0	0	1	1	0	0	1	2	0	2	0	2	1	2	2	0	0	1	0
0	0	0	0	0	0	0	1	1	1	0	0	1	1	0	0	0	0	0	0	0	0	0	1	0	0	0	0	0	0	2	0	0	0	0	0	0	0	0	0	1	0	1	0	1	2	1	0	1	0	0	1	2	0	0	0	1	0	1	0	2	0	0	1	1	0	0	0	0	0	0	0	0	1	0	0	1	0	0	0	0	0	1	0	0	0	0	0	0	0	1	0	0	0	0	1	1	0	0	0	0	1	0	1	0	0	0	0	1	0	1	0	0	0	0	0	0	0	1	0	0	0	0	0	0	0	0	0	1	0	0	1	0	0	1	0	0	0	0	0	0	0	0	1	0	2	1	0	1	0	2	0	1	2	1	1	1	2	1	2	1	3	5	5	3	3	1	3	2	0	0	0	1	0	1	0	0	1	0	0	1	1	0	0	1	0	0	1	1	1	1	1	1	0	0	0	1	3	12	0	74	13	8	8	4	3	6	8	5	1	1	1	4	1	1	0	0	1	0	1	0	0	0	0	0	0	2	1	2	0	0	1	2	0	2	0	1	2	1	2	1	0	0	2	0	0	0	0	0	1	0	0	0	0	0	0	0	0	0	1	1	0	0	1	0	0	0	0	0	0	0	0	1	0	1	2	0	0	2	1	0	0	0	0	1	3	0	2	2	2	0	1	2	0	0	0	0	0	0	0	0	1	2	0	1	1	1	0	0	0	2	0
0	0	0	0	0	0	0	1	1	0	1	0	0	0	0	1	0	0	0	0	0	0	0	0	1	0	0	0	1	0	2	0	0	1	0	0	1	0	0	0	2	1	1	1	0	3	1	2	2	2	1	0	2	0	0	1	0	1	1	0	0	1	0	0	0	1	0	0	0	0	0	0	0	0	0	0	0	0	0	1	1	0	0	0	1	1	0	0	1	0	0	0	0	0	0	0	1	0	0	0	0	0	2	1	0	0	0	0	0	0	1	1	0	0	1	0	1	0	0	0	0	0	0	1	0	0	0	1	1	0	0	0	0	1	0	0	1	0	0	0	1	1	1	0	1	0	0	0	1	1	0	0	0	0	1	1	0	4	2	3	1	4	12	8	3	9	4	1	1	0	0	0	0	1	1	1	0	0	0	0	0	0	0	0	0	0	2	0	0	0	0	3	0	1	0	2	2	7	17	74	0	17	11	8	7	9	7	10	4	0	1	0	0	1	0	1	1	2	0	0	1	1	1	0	1	1	1	1	2	2	0	0	3	1	0	0	0	0	1	2	0	2	0	0	1	1	0	0	0	0	0	0	0	0	1	0	0	0	0	0	2	1	0	0	1	0	0	3	0	2	0	1	1	0	1	0	0	2	1	1	2	0	3	1	1	3	3	2	0	1	1	1	0	0	0	0	0	0	0	0	1	0	0	0	3	0	1	0	2	1	0	1
0	0	0	0	0	0	0	0	0	3	0	0	0	0	0	0	0	0	0	0	2	0	0	0	2	0	0	0	0	0	1	1	1	0	0	0	0	2	0	1	0	0	0	0	0	1	0	1	3	0	0	0	0	1	1	3	1	0	0	0	0	0	0	2	0	3	0	0	1	0	0	0	0	0	0	0	0	0	0	0	0	0	1	0	0	0	1	0	0	0	1	0	0	0	0	0	1	1	0	0	0	0	0	0	0	1	1	0	0	0	0	0	1	0	0	0	0	2	1	0	0	0	0	0	0	0	2	0	0	0	0	0	0	0	0	0	1	0	2	0	0	1	1	0	1	0	0	0	0	0	0	1	1	2	6	2	1	2	1	3	0	3	6	9	2	3	0	4	2	2	0	0	0	0	0	0	0	0	0	2	0	3	1	0	2	1	1	0	1	1	0	0	1	0	2	1	1	3	3	13	17	0	18	13	9	24	5	4	2	0	0	0	0	0	2	0	1	0	0	3	0	0	0	2	1	2	1	1	1	1	3	0	1	0	1	0	0	0	2	0	0	1	1	0	0	0	0	0	1	1	0	0	1	0	0	1	1	0	1	0	0	0	0	0	1	0	0	0	0	1	0	0	0	1	0	1	0	2	1	0	0	1	1	0	2	0	1	1	2	1	1	3	2	1	0	0	0	0	0	0	2	2	0	1	0	0	0	0	1	2	0	0
0	0	0	0	0	0	0	0	0	0	0	3	0	0	0	2	0	0	0	0	0	0	0	0	1	1	0	0	0	1	1	2	1	1	0	0	0	0	0	0	0	0	0	0	1	4	0	0	0	1	0	2	0	1	2	1	0	0	0	1	0	0	0	1	2	0	0	0	0	1	0	0	1	0	0	0	0	1	0	0	0	0	0	0	1	0	0	0	2	1	0	0	0	0	0	0	1	0	2	0	0	0	0	0	0	0	0	0	1	0	0	0	0	0	0	0	1	0	1	1	0	0	0	0	0	0	0	1	0	0	0	0	0	1	0	0	0	1	0	0	0	0	1	1	1	0	1	1	1	0	0	1	0	1	3	2	0	2	2	3	0	1	2	7	3	3	0	3	3	3	1	1	0	0	2	1	1	0	0	0	0	1	2	3	1	1	2	1	0	1	1	0	0	0	0	0	3	1	0	8	11	18	0	17	17	17	3	1	2	1	1	0	0	0	0	0	1	1	0	0	0	1	1	0	2	2	2	0	0	1	0	0	1	0	0	0	0	0	1	0	0	1	0	0	0	1	0	1	0	0	0	0	1	0	0	0	0	1	0	2	0	0	0	0	0	1	2	1	0	0	1	0	0	0	0	0	0	1	0	2	0	1	0	0	1	0	1	0	1	0	0	1	1	0	0	0	1	1	0	2	0	0	1	0	1	0	0	0	0	0	1	0
0	0	0	0	0	0	0	0	3	1	1	0	0	0	1	1	0	1	0	0	1	0	0	1	0	1	1	0	0	0	0	1	0	0	0	0	0	2	1	0	2	1	1	1	0	1	1	1	1	0	1	0	2	2	2	0	1	0	0	1	0	0	0	0	0	1	2	0	0	0	0	0	0	0	0	0	1	0	0	0	1	1	0	0	0	0	1	0	1	0	2	0	0	0	3	0	0	0	1	0	1	0	0	1	0	0	0	0	0	0	0	0	0	0	0	0	0	0	0	0	0	0	0	0	1	0	0	0	0	0	0	0	0	0	0	1	0	0	0	0	0	1	0	1	2	0	1	0	0	0	0	3	2	2	2	0	2	3	0	4	2	1	16	4	3	1	4	9	3	2	0	0	0	0	3	0	0	0	0	0	1	0	1	1	3	2	0	2	1	0	1	1	0	2	1	0	0	5	3	8	8	13	17	0	26	8	23	30	11	3	0	0	2	0	0	1	0	0	1	1	1	1	0	2	1	3	3	2	2	2	1	1	1	2	0	3	1	0	0	1	3	0	0	2	0	0	0	0	0	0	0	1	0	1	0	1	0	1	2	0	1	0	0	1	0	0	0	0	0	0	0	1	1	0	0	2	0	0	2	0	0	0	1	2	0	1	1	1	0	0	1	1	1	0	0	1	0	2	0	1	0	1	2	0	0	0	0	0	2	1	0	0
0	0	0	0	0	0	0	0	1	1	2	0	0	0	0	2	0	0	0	0	0	0	0	0	0	0	1	0	1	1	0	0	3	2	1	0	0	2	0	0	1	0	0	0	3	0	0	2	0	2	0	0	2	0	1	0	0	0	0	1	1	1	0	1	2	0	0	1	0	0	1	0	1	2	0	0	0	0	0	1	0	0	1	0	0	0	1	0	0	0	1	1	0	0	1	0	0	0	0	0	0	2	1	0	0	0	0	0	1	0	0	0	1	1	0	0	0	0	0	0	0	0	0	0	0	1	0	0	0	0	0	0	0	0	0	0	2	0	0	0	0	1	2	0	1	1	0	0	1	0	3	3	5	6	7	1	0	5	2	5	2	4	4	7	4	8	3	7	5	3	1	1	0	0	2	0	1	0	0	0	0	0	0	2	2	1	1	0	0	0	0	1	0	0	0	0	3	0	0	4	7	9	17	26	0	18	18	8	1	0	0	0	1	0	0	0	1	1	3	0	0	1	4	1	1	4	0	2	1	0	4	0	0	1	0	0	0	0	2	0	1	0	1	0	1	0	0	0	0	0	0	0	1	0	0	0	0	0	1	0	0	0	1	0	1	0	1	1	1	0	1	0	1	0	0	0	1	0	0	2	0	0	2	0	1	1	0	0	0	1	0	0	0	0	0	0	0	0	0	0	1	0	1	0	1	1	1	0	0	0	3	1
0	0	0	0	0	0	0	0	0	1	0	0	0	0	0	0	0	0	0	1	0	0	1	0	0	0	1	1	1	0	0	0	1	1	1	0	1	0	1	1	0	0	0	0	0	1	0	3	1	0	0	1	2	1	1	1	0	2	0	0	0	0	0	0	0	1	1	1	0	0	0	1	1	0	0	1	0	1	0	0	1	1	0	1	0	0	0	0	0	1	0	0	0	0	1	0	0	0	0	0	0	0	1	0	0	1	1	0	0	0	0	0	0	1	0	0	0	0	0	0	0	0	0	1	0	0	0	0	0	0	0	0	0	2	0	0	0	0	0	0	0	0	1	2	1	0	0	0	0	0	3	0	0	5	4	0	1	3	0	7	2	2	6	13	2	5	4	3	1	1	0	0	0	2	0	0	0	2	0	0	1	1	0	1	1	2	1	1	0	0	0	1	0	1	1	0	0	4	3	3	9	24	17	8	18	0	17	5	2	0	0	0	1	1	1	0	0	0	1	1	1	0	0	1	0	2	5	2	0	0	0	2	0	2	2	1	1	0	3	0	0	0	0	1	1	0	0	1	0	0	0	0	2	0	0	0	1	0	0	0	0	1	0	0	1	0	0	1	0	0	0	0	0	0	0	0	1	1	1	1	0	0	0	0	0	1	1	0	1	1	0	1	1	0	0	0	0	1	0	0	0	0	0	0	2	0	0	0	1	0	1	0
0	0	0	0	0	0	0	0	0	0	0	0	0	1	0	0	0	0	1	0	0	0	0	0	2	0	2	1	1	1	0	2	1	0	0	0	0	0	0	0	1	1	0	0	0	0	0	3	1	2	0	2	5	1	2	0	0	0	0	1	1	0	1	0	0	0	2	0	0	0	0	0	1	0	1	0	0	2	0	0	2	0	2	0	0	0	0	1	0	0	0	1	0	0	0	0	0	0	0	1	0	0	2	0	0	0	1	0	0	0	0	0	0	0	0	2	0	0	0	0	0	0	0	1	0	0	0	0	0	0	1	0	0	1	0	0	1	1	0	1	0	0	2	0	0	2	0	1	0	0	4	1	2	4	6	4	3	2	2	3	3	5	29	16	7	9	5	5	0	0	2	0	2	2	0	1	1	0	0	0	0	1	1	2	4	2	2	0	0	0	0	0	1	1	1	2	2	4	9	6	7	5	3	23	18	17	0	23	7	3	0	1	1	0	0	0	0	1	1	1	0	3	0	4	3	2	5	1	3	1	0	1	1	1	2	3	0	1	2	1	2	0	1	1	2	1	0	0	2	1	0	2	1	0	0	0	0	0	1	1	0	0	0	1	1	0	1	1	1	1	1	0	0	0	1	0	1	1	0	0	0	1	1	0	1	3	0	3	3	1	3	1	0	0	0	0	0	0	0	1	0	0	0	1	2	1	0	2	0	0	0	2
0	0	0	0	0	0	0	0	2	0	1	2	0	1	0	0	0	0	1	2	0	0	0	1	0	0	1	0	0	1	0	1	3	1	2	3	0	2	0	2	0	1	0	1	0	0	2	2	2	0	5	1	5	5	0	0	2	1	0	0	0	1	1	0	0	1	1	1	0	0	0	0	1	0	1	1	2	0	0	0	1	2	0	0	0	0	0	0	0	0	1	0	0	0	1	0	0	0	1	0	0	0	0	0	0	0	0	0	0	0	1	0	0	0	0	0	0	0	0	0	1	0	0	0	0	0	0	0	0	0	2	0	1	0	0	0	0	0	1	0	0	0	0	0	0	0	0	2	1	1	2	1	4	4	2	4	3	6	1	10	3	8	27	6	7	7	10	1	1	0	0	1	1	1	1	0	2	0	0	0	0	2	3	1	1	1	1	1	0	1	1	0	2	1	1	0	1	11	5	8	10	4	1	30	8	5	23	0	7	2	0	1	1	0	1	0	0	1	0	1	0	1	0	2	1	4	4	1	3	0	0	0	2	2	0	0	0	4	1	1	2	1	2	0	0	0	0	1	0	1	1	0	0	0	0	0	0	2	0	0	0	2	1	1	2	0	0	1	0	0	0	0	0	1	1	2	0	1	1	0	0	1	2	0	3	2	1	1	2	0	3	2	1	0	1	1	0	1	1	1	0	1	2	1	0	1	1	1	2	1	3	1
0	0	0	0	0	0	0	1	0	0	2	0	0	0	0	0	0	0	0	0	0	0	0	0	0	1	1	0	0	1	0	1	0	0	2	1	1	1	0	0	1	2	1	1	4	2	1	3	6	3	6	4	2	4	2	1	0	1	1	0	0	1	0	2	0	2	2	0	1	0	0	0	0	1	0	0	0	0	1	1	0	0	1	1	1	0	0	0	2	0	1	0	0	0	1	1	0	3	2	2	2	0	0	0	2	0	0	2	0	1	0	0	0	0	0	0	0	0	0	0	0	0	0	1	0	1	0	0	0	0	0	1	1	0	1	0	1	0	0	0	1	0	0	1	0	0	1	0	2	0	2	4	2	9	4	3	3	7	7	16	8	5	6	3	7	5	18	10	7	4	0	3	0	2	4	2	1	0	0	0	0	1	4	3	4	2	2	3	1	0	1	0	0	0	1	3	4	7	3	5	4	2	2	11	1	2	7	7	0	5	2	0	0	2	0	1	2	1	3	2	2	1	2	2	13	40	9	4	2	0	1	1	2	0	0	0	1	0	1	1	1	0	2	6	2	0	0	1	2	2	0	0	0	1	1	0	1	0	0	0	1	1	0	0	1	1	0	0	0	0	0	0	0	0	2	0	1	0	0	0	0	0	0	3	1	1	1	2	2	2	2	5	3	1	1	1	0	1	0	1	0	1	1	1	0	0	2	1	3	2	3	0
0	0	0	0	0	0	0	1	0	1	1	6	0	1	0	1	0	0	0	1	1	1	0	0	1	1	1	2	2	3	0	0	4	3	0	2	3	3	2	1	2	3	4	1	7	3	0	9	6	19	20	5	8	10	8	8	4	6	6	0	2	0	5	1	2	5	6	2	3	1	1	1	1	1	2	2	2	2	0	2	0	0	1	0	2	3	0	1	0	2	3	1	0	1	1	2	1	3	2	3	0	1	2	0	0	0	2	1	1	1	0	0	0	0	1	0	0	0	1	0	0	1	0	0	2	0	0	2	0	0	1	0	0	0	0	0	2	0	0	2	0	0	2	0	2	2	1	0	0	1	5	1	3	2	0	1	2	4	6	0	2	2	1	1	4	3	0	4	12	21	11	4	3	1	5	2	0	2	0	1	0	2	1	0	0	4	5	7	2	0	2	0	2	0	0	2	3	3	1	1	0	0	1	3	0	0	3	2	5	0	5	3	2	2	1	3	1	0	3	1	1	4	0	7	12	5	2	0	0	2	1	0	1	1	0	1	1	0	0	0	2	2	0	0	2	0	0	1	3	1	0	1	0	0	0	2	3	0	2	0	0	1	1	1	1	2	0	0	2	0	0	2	0	0	0	0	0	0	0	1	2	1	0	4	2	0	1	0	3	1	1	1	0	0	2	1	0	2	0	0	1	1	2	1	1	0	1	0	1	1	1	1
0	0	0	0	0	0	0	1	0	2	3	1	1	0	0	0	1	1	1	1	1	0	1	4	0	1	5	0	0	2	0	2	5	0	2	1	2	2	0	2	4	1	3	3	4	0	0	1	1	2	6	7	1	3	49	11	7	9	9	6	13	10	11	3	2	4	2	4	5	1	0	0	2	1	0	3	1	2	4	6	1	2	1	1	4	1	0	0	2	1	2	1	0	3	2	0	3	4	7	3	3	3	7	1	2	0	3	1	1	1	2	2	1	0	0	0	1	1	0	1	0	1	0	0	1	1	0	2	0	0	0	0	1	1	1	3	0	3	1	1	1	1	0	0	0	2	0	0	1	1	4	2	0	1	0	0	0	0	4	0	0	1	2	1	0	0	1	2	2	3	6	12	5	3	5	0	1	2	0	0	0	1	2	2	3	1	6	5	3	3	2	0	2	2	1	0	2	0	0	1	1	0	1	0	0	0	0	0	2	5	0	15	6	6	13	8	5	5	2	1	1	3	1	8	4	2	1	0	0	1	1	0	0	0	1	2	0	0	0	1	2	0	0	2	2	3	1	0	1	2	0	1	2	1	0	2	5	3	0	1	1	0	1	1	1	3	1	1	0	1	1	1	0	0	0	1	2	0	1	2	1	1	0	0	1	2	1	1	3	1	1	0	0	2	0	0	1	1	2	0	2	0	7	2	1	1	0	1	0	1	2	1
0	0	0	0	0	0	0	0	1	2	1	0	0	0	0	0	0	0	0	2	0	2	0	1	1	1	2	1	0	2	0	0	1	1	0	1	1	1	1	1	1	1	3	2	2	1	0	3	3	3	6	4	4	7	7	0	0	2	2	2	2	4	3	3	1	2	3	1	3	2	0	1	1	1	1	3	0	2	3	0	0	3	1	2	0	0	0	0	0	1	0	0	0	1	1	0	2	3	5	2	0	1	3	0	0	2	0	3	0	1	1	0	1	1	0	0	0	0	1	0	0	0	0	0	1	1	2	2	1	0	0	0	0	0	2	4	2	1	0	2	0	0	1	2	0	1	0	1	1	3	2	1	0	1	1	3	0	0	1	1	0	1	1	0	3	1	0	0	0	3	5	6	3	2	4	1	2	1	2	0	5	3	1	2	8	0	3	14	7	5	4	1	3	4	2	4	0	0	2	1	0	0	0	0	0	0	1	1	0	3	15	0	51	38	62	12	8	6	6	4	3	9	4	6	4	0	2	0	1	0	0	0	0	1	1	1	1	1	0	2	1	1	1	6	6	1	4	5	1	1	6	3	1	1	4	15	10	2	2	1	0	1	2	2	5	2	1	1	1	3	4	0	0	0	2	1	0	1	1	2	3	3	2	2	1	2	1	1	2	3	1	3	1	2	3	4	3	2	3	3	2	2	6	9	3	1	1	2	2	6	5	3
0	0	0	0	0	0	0	3	0	0	0	1	0	0	0	0	0	0	0	0	1	0	0	0	2	0	1	0	1	2	2	0	0	0	0	0	0	2	0	2	1	0	1	0	5	0	2	3	1	3	1	2	5	5	2	4	1	0	1	2	1	2	2	1	0	0	0	1	2	1	0	1	0	1	1	0	1	2	1	0	1	0	0	0	3	1	2	0	0	2	0	0	0	0	1	0	1	1	3	0	0	2	2	0	0	2	0	1	0	0	1	0	1	0	0	0	0	1	0	0	1	0	1	1	0	0	0	0	1	0	0	1	1	0	0	2	0	0	2	1	0	0	1	1	0	0	0	0	4	1	2	2	3	1	1	1	1	2	1	1	1	2	1	0	2	2	2	3	1	2	3	5	1	4	3	1	3	2	1	0	1	2	1	2	1	2	2	7	4	14	1	7	3	4	2	2	1	1	0	4	0	0	0	2	1	1	1	1	0	2	6	51	0	46	15	4	2	9	4	6	3	5	11	5	0	1	2	1	0	0	0	0	1	3	0	1	2	0	0	1	1	2	1	11	13	1	1	7	2	1	3	2	3	2	1	6	9	6	5	1	0	3	6	4	5	2	5	1	3	1	1	1	1	1	3	2	0	1	2	3	2	3	4	1	1	1	3	1	3	3	6	4	2	1	3	3	4	3	5	4	5	0	4	5	9	2	3	0	2	3	7	0
0	0	0	0	0	0	0	0	1	1	0	0	0	0	0	2	0	1	0	0	2	0	0	1	0	0	0	1	1	2	0	1	0	0	0	0	0	0	1	0	2	2	0	1	1	2	1	1	0	2	0	4	2	1	5	1	2	5	2	2	2	3	0	2	1	2	1	1	0	0	0	0	2	4	0	1	0	1	1	6	1	1	1	2	0	0	1	1	0	2	1	0	0	1	0	2	1	3	1	0	1	1	3	0	1	0	2	0	0	0	3	1	1	0	0	0	0	0	1	3	0	2	0	1	0	0	0	0	1	0	1	1	0	0	1	1	2	1	0	1	1	0	2	3	1	0	1	0	2	3	3	3	3	3	3	0	1	0	0	1	0	1	0	0	1	2	2	0	1	2	2	3	1	0	3	1	1	0	1	0	0	1	0	0	3	4	4	4	10	13	5	4	3	3	4	2	0	1	0	1	1	0	0	0	0	1	0	0	2	2	6	38	46	0	31	7	9	2	5	3	3	6	8	6	1	1	1	1	0	0	1	0	0	2	1	0	1	1	0	1	1	1	2	5	15	1	8	5	2	0	8	5	1	1	2	10	16	9	5	0	2	2	4	2	5	3	3	2	2	2	0	4	1	1	0	0	3	2	1	0	5	2	2	3	3	0	1	3	1	2	2	2	3	1	3	4	5	2	4	6	3	4	0	6	2	0	2	0	1	7	1	4
0	0	0	0	0	0	0	1	0	1	0	2	0	0	2	0	0	0	1	0	0	1	0	1	0	1	1	0	0	0	0	1	1	0	1	2	0	1	0	0	0	1	1	1	0	1	3	1	1	2	2	6	1	3	9	4	1	4	3	3	0	3	5	0	0	3	0	1	1	2	0	3	0	0	3	0	1	1	0	4	2	1	3	0	1	0	0	3	0	2	1	1	2	1	1	3	3	3	2	1	1	1	2	0	1	1	2	1	0	1	0	0	0	1	1	0	0	0	0	0	0	1	1	0	0	1	1	0	0	0	0	0	0	0	0	3	7	1	0	0	1	2	1	2	3	2	0	0	0	0	0	1	1	1	1	0	3	1	2	0	0	2	1	1	0	0	1	1	1	2	1	6	1	3	2	2	4	2	2	0	1	2	0	0	1	1	2	4	3	4	1	1	1	0	5	1	1	0	0	1	0	2	0	0	0	1	0	1	0	1	13	62	15	31	0	10	4	4	5	2	1	3	0	7	0	1	0	0	0	1	0	0	0	0	0	0	0	2	2	1	1	3	6	3	7	4	0	5	0	3	3	1	0	4	4	8	12	4	2	1	2	1	3	0	1	3	4	0	2	1	0	2	0	1	1	1	0	1	1	0	1	2	1	3	0	1	3	0	1	1	3	1	2	1	2	5	4	2	2	2	4	0	4	2	3	1	2	2	2	2	3	0
0	0	0	0	0	0	0	0	0	0	0	1	1	0	0	1	1	0	0	0	1	0	1	0	2	0	1	0	0	1	0	1	2	1	2	3	0	1	0	3	4	1	5	4	5	1	2	1	4	5	5	4	0	3	7	5	2	5	6	5	7	8	3	8	2	1	1	5	1	2	0	0	2	2	1	2	2	2	2	3	0	1	1	2	1	1	1	1	1	0	1	0	0	1	2	3	5	5	9	2	3	1	1	0	2	0	5	0	1	0	2	1	2	1	2	0	0	2	1	0	0	0	0	0	0	0	2	2	1	2	1	1	0	2	3	7	0	5	3	2	3	0	4	1	1	0	1	2	0	0	1	3	3	0	1	0	2	1	1	1	2	0	1	0	0	2	1	0	1	2	0	4	9	3	3	4	4	4	0	1	4	0	5	2	1	6	1	10	12	11	3	3	5	1	1	2	1	0	0	0	1	0	0	1	0	0	0	0	1	3	8	12	4	7	10	0	82	17	10	1	2	5	2	6	4	1	2	0	1	0	1	0	0	1	0	1	0	0	0	0	1	2	1	1	0	4	5	7	2	7	5	3	5	3	2	10	11	6	4	2	2	2	1	4	5	2	0	0	2	2	1	1	0	1	1	2	1	2	2	0	1	0	0	2	3	0	1	2	3	0	1	0	2	0	1	2	2	2	2	2	1	0	3	1	5	0	2	0	1	3	1	0
0	0	0	0	0	0	0	0	0	0	1	0	0	1	0	0	1	0	2	0	0	0	0	0	1	0	0	1	0	2	0	1	1	1	1	0	1	0	0	4	6	0	1	6	8	3	3	4	1	9	1	2	1	1	3	0	4	0	3	4	2	8	2	1	4	3	1	4	0	1	0	0	2	2	1	1	3	1	2	3	0	6	3	5	7	1	1	2	2	0	1	0	0	1	2	2	6	2	8	6	3	0	4	0	2	0	3	0	1	1	0	1	0	0	2	1	0	1	1	0	0	1	0	0	0	0	2	0	1	1	0	1	0	5	3	4	4	2	4	3	0	2	1	1	0	1	2	1	3	1	3	2	0	0	2	2	0	0	1	1	0	1	0	1	2	1	2	1	5	2	0	11	3	4	4	2	11	9	4	1	2	2	2	2	3	5	4	9	29	5	1	4	2	2	0	1	1	1	1	0	1	1	1	0	1	0	0	0	2	1	5	8	2	9	4	82	0	35	6	7	5	11	3	2	2	1	1	1	0	0	1	0	0	1	0	0	0	2	0	1	0	0	1	0	4	1	0	8	11	11	8	5	7	4	8	5	9	6	1	1	1	5	8	3	5	0	1	3	1	0	2	2	1	0	1	2	1	0	1	0	1	2	1	4	2	0	3	1	0	1	1	0	2	3	1	0	2	0	2	1	0	2	2	2	3	0	0	0	0	4	0	3
0	0	0	0	0	0	0	0	1	1	1	2	1	0	0	0	1	0	1	0	0	1	2	1	1	2	4	3	1	0	1	0	4	0	0	0	1	1	2	0	2	0	0	2	3	2	2	1	4	8	6	3	3	3	4	3	0	0	2	4	6	3	2	1	7	2	1	2	3	1	0	1	0	0	1	2	2	2	0	0	1	4	2	0	1	0	1	0	2	0	0	0	0	0	0	0	2	3	2	1	0	0	1	0	0	1	0	2	4	3	2	0	0	1	1	0	0	1	0	0	1	0	2	1	0	1	0	2	1	3	2	0	0	1	0	3	3	3	1	1	0	1	1	1	1	2	2	2	3	4	0	4	3	1	1	2	1	0	8	2	0	2	1	0	1	2	1	2	2	1	1	17	12	6	4	2	9	4	3	1	1	5	0	4	7	4	9	16	215	22	6	2	1	3	3	0	3	2	1	1	2	0	1	0	1	0	1	1	1	0	5	6	9	2	4	17	35	0	11	21	6	39	11	4	2	1	2	1	0	1	0	0	1	0	0	0	0	0	1	0	0	3	2	2	11	3	1	18	1	5	9	6	6	2	3	0	4	3	6	2	1	5	15	6	4	3	2	3	3	3	2	3	4	1	4	1	1	1	0	1	0	2	2	1	1	0	0	0	2	1	1	0	2	2	1	3	2	2	2	2	0	0	2	5	2	3	0	0	2	3	3	8
0	0	0	0	0	0	0	0	0	1	0	1	0	0	0	0	2	0	4	0	1	2	0	1	1	1	1	2	0	0	0	0	0	3	3	2	1	6	4	6	4	3	2	7	13	2	6	4	4	6	10	3	1	1	3	3	0	3	2	4	0	4	2	3	6	2	3	3	2	2	3	0	1	0	0	1	1	2	3	0	0	4	2	1	2	1	2	1	3	1	0	2	1	1	0	4	4	4	7	3	1	1	1	0	0	0	2	0	0	1	1	1	0	1	0	0	0	0	0	1	1	0	0	0	0	1	1	2	5	2	1	0	0	1	1	1	4	2	1	1	1	2	6	4	5	3	4	8	9	4	3	3	3	0	3	0	1	3	5	0	0	2	1	2	1	1	0	2	3	2	3	15	13	9	5	33	46	16	4	1	1	9	2	5	7	6	7	5	22	1	0	1	3	2	1	2	1	0	0	0	0	0	0	1	3	1	1	0	3	3	2	6	4	5	5	10	6	11	0	18	6	6	2	2	2	2	1	0	0	0	1	2	0	0	0	0	0	1	2	0	1	1	0	0	0	1	2	5	7	12	5	4	0	3	0	1	3	2	1	1	0	3	8	2	5	2	0	2	0	0	2	2	1	0	0	0	1	3	0	3	0	1	0	1	1	1	0	0	1	0	1	2	1	0	1	1	2	3	2	2	2	0	0	1	0	2	1	0	0	1	2	2
0	0	0	0	0	0	0	0	1	0	1	1	2	0	0	0	0	0	0	0	1	1	1	1	2	2	0	1	0	2	3	2	0	2	0	2	0	1	3	5	1	1	2	5	2	4	2	3	7	8	5	3	3	0	1	2	0	1	0	3	2	3	1	1	4	0	2	0	1	0	0	1	1	2	2	0	1	0	0	1	2	0	3	1	0	1	0	0	1	2	0	0	0	1	1	2	3	1	0	0	0	1	1	1	1	1	1	0	2	0	0	1	1	0	0	0	0	0	0	1	0	0	0	1	2	0	3	1	1	1	0	2	0	0	1	1	3	1	0	1	1	3	3	2	2	1	1	3	10	3	0	8	6	2	0	2	2	3	2	0	0	2	2	0	1	0	2	0	4	2	4	5	7	1	3	5	7	6	4	4	8	4	7	2	7	16	9	9	20	8	6	5	13	7	6	4	5	2	2	1	0	3	0	1	0	1	1	1	2	1	1	4	6	3	2	1	7	21	18	0	21	16	11	2	3	0	0	1	0	0	1	1	0	1	1	0	0	1	0	1	1	0	0	6	4	4	4	15	4	10	4	1	2	0	3	3	2	1	6	0	4	13	49	12	4	1	3	2	5	3	3	3	2	2	1	0	2	1	2	2	3	1	3	1	3	2	1	1	4	1	1	2	1	0	1	2	3	1	2	1	1	2	2	2	1	0	2	1	3	1	4	9
0	0	0	0	0	0	0	0	0	1	2	0	0	1	0	0	0	2	0	0	1	1	0	0	1	0	0	0	1	0	1	1	2	0	1	1	0	0	0	0	0	1	0	2	3	1	1	1	3	1	0	3	3	1	1	1	0	0	1	2	1	0	3	0	4	2	0	0	0	0	0	1	1	0	0	1	0	2	1	2	0	0	1	0	1	0	0	0	0	0	0	1	0	0	0	0	1	1	0	0	0	0	0	0	1	0	1	0	0	0	2	2	0	1	0	2	1	1	1	0	2	0	0	0	0	2	0	0	1	0	0	1	1	1	0	2	1	2	3	0	0	1	0	1	0	2	1	3	2	1	2	3	1	2	0	0	4	1	2	1	1	1	1	0	1	2	0	0	1	2	3	1	3	3	1	2	3	3	4	3	2	3	3	4	3	5	5	3	8	11	22	19	87	19	12	2	1	1	3	0	1	0	0	1	0	1	0	0	2	1	1	3	3	3	1	2	5	6	6	21	0	9	6	4	4	0	2	2	0	0	0	1	0	0	0	1	1	0	0	2	2	2	2	3	7	4	3	4	5	4	3	2	3	2	5	1	2	3	8	10	15	59	104	74	12	16	16	6	6	1	9	6	3	6	4	5	1	2	1	5	2	3	1	3	3	4	1	2	0	1	1	1	5	0	0	1	5	1	2	3	4	2	2	3	1	3	0	1	2	1	7	4
0	0	0	0	0	0	0	1	1	1	0	0	0	1	0	0	0	1	1	0	1	0	0	0	0	1	2	0	0	1	1	1	1	0	1	0	1	0	1	2	2	0	1	0	2	2	1	3	11	3	2	3	7	6	3	1	2	1	0	1	1	3	1	3	2	2	4	2	2	2	0	0	0	0	0	0	1	0	0	0	3	0	3	1	1	0	0	1	0	1	0	1	0	2	0	0	1	4	3	2	1	0	0	1	3	0	0	1	0	0	0	0	2	0	1	0	0	2	0	2	1	0	2	0	0	1	0	4	0	0	0	0	1	0	1	2	0	0	0	1	0	1	1	1	1	1	2	4	3	3	2	4	6	2	2	4	3	2	4	0	2	2	0	3	0	1	2	0	1	1	2	9	4	3	1	4	3	1	2	0	2	2	1	2	5	7	9	11	23	57	9	4	10	4	9	7	3	3	0	0	1	0	1	1	1	0	3	1	1	4	3	9	5	6	3	5	11	39	6	16	9	0	8	3	3	1	1	1	2	1	1	1	0	1	1	1	0	0	0	1	1	0	4	2	12	2	6	6	4	6	5	0	3	1	5	5	4	4	10	2	1	7	20	14	7	3	4	3	4	4	1	4	2	2	1	4	1	2	3	4	2	3	4	2	1	1	4	2	2	1	2	6	0	2	2	1	2	5	6	2	2	0	2	3	1	5	0	2	2	1	7	1
0	0	0	0	0	0	0	0	0	0	0	3	0	1	1	0	0	0	1	0	2	0	0	2	0	0	2	0	2	0	0	0	0	0	1	4	0	1	1	3	4	0	1	2	4	1	1	4	10	6	0	15	8	10	2	1	0	0	1	2	0	1	0	3	1	2	4	1	2	0	1	0	2	0	1	0	1	0	1	1	0	0	2	0	1	0	0	0	0	0	0	0	1	0	0	0	1	2	3	0	0	1	0	0	1	0	2	1	1	1	0	0	0	1	0	0	1	0	0	0	1	0	0	0	0	0	1	0	1	1	0	1	0	0	0	0	1	1	2	0	1	0	1	1	1	0	0	3	4	3	2	4	6	2	1	2	4	4	4	5	2	2	1	1	1	2	4	2	0	5	3	5	2	1	3	6	4	2	1	1	1	4	3	3	13	17	65	25	7	11	3	4	7	6	3	11	3	1	0	0	1	0	1	0	4	0	0	0	2	0	1	4	11	8	0	2	3	11	2	11	6	8	0	15	4	4	4	0	2	1	2	0	2	0	0	1	0	1	2	3	2	0	4	10	4	3	0	3	2	4	5	1	1	1	1	0	3	6	2	3	2	5	7	4	6	4	3	1	0	1	3	2	2	2	2	2	0	3	1	4	3	7	1	2	3	4	0	2	3	2	3	7	1	2	2	1	5	2	2	3	2	4	2	4	2	0	1	3	2	1	22	4
0	0	0	0	0	0	0	1	0	0	0	0	1	1	0	0	0	0	1	0	2	3	2	0	1	3	1	0	0	1	0	0	2	1	2	2	0	1	1	2	1	1	4	0	5	2	1	5	11	16	4	121	7	33	19	5	2	3	4	6	2	1	1	2	1	3	3	1	1	5	0	0	0	3	0	2	2	1	1	3	1	0	0	1	2	0	1	1	2	1	2	0	2	0	0	0	1	2	1	2	5	1	1	1	0	1	1	3	0	0	1	0	1	0	0	0	1	1	1	1	0	1	1	0	1	0	0	1	1	1	0	1	1	0	0	1	1	1	1	0	0	1	4	2	0	2	0	1	1	2	2	1	6	1	0	2	3	4	3	2	3	5	0	0	1	2	4	4	2	6	9	11	5	5	10	3	3	1	0	2	0	0	1	1	8	0	13	31	9	4	2	3	1	2	3	6	6	1	0	0	0	2	0	2	1	1	4	2	2	7	8	6	5	6	7	6	2	4	2	2	4	3	15	0	13	5	5	1	1	1	4	0	0	0	0	0	2	3	0	2	2	1	6	8	4	4	1	1	0	1	3	2	3	1	1	3	0	2	2	2	1	3	2	4	5	3	1	0	2	1	1	0	1	0	1	1	1	0	1	2	3	5	1	2	2	1	3	3	1	2	4	2	3	1	5	0	0	1	2	0	2	1	1	2	1	3	1	3	1	4	8	2
0	0	0	0	0	0	0	2	0	2	0	0	1	0	1	0	0	1	0	1	3	0	1	1	1	0	3	1	2	0	1	3	3	1	2	1	0	0	2	0	2	2	2	2	1	9	3	6	11	14	9	15	8	15	9	1	1	2	2	1	1	2	2	2	0	2	0	1	3	0	1	1	4	2	1	0	1	2	0	0	3	1	1	0	1	1	0	0	1	0	0	0	0	2	1	1	2	1	1	3	2	2	3	0	0	1	0	0	0	0	0	0	0	0	0	1	0	0	1	0	2	0	0	0	1	0	0	2	1	0	0	1	0	0	1	0	2	0	0	1	2	0	0	2	2	2	1	1	2	0	2	2	4	7	2	1	2	1	9	9	1	1	2	0	2	5	2	10	5	30	4	3	6	3	3	1	0	1	2	1	0	0	2	4	3	3	5	9	3	1	2	1	2	1	0	2	3	6	0	0	1	1	2	1	1	0	3	1	13	12	4	4	0	1	0	4	2	2	2	3	4	3	4	13	0	44	9	0	1	0	2	0	0	0	0	0	0	1	0	2	3	2	7	1	0	0	0	1	0	0	0	1	0	2	2	1	1	2	1	0	1	3	1	2	2	1	2	1	0	0	0	0	0	2	3	0	0	2	0	1	0	1	1	0	1	3	1	0	2	3	5	6	1	0	1	0	3	2	1	5	1	4	2	2	1	0	1	0	1	1	1	0
0	0	0	0	0	0	0	0	0	2	0	1	2	3	0	1	0	1	0	0	0	0	0	0	0	1	1	2	1	0	1	1	1	0	3	1	0	3	0	2	2	0	1	2	3	7	4	5	9	2	7	7	10	16	3	3	1	1	1	0	1	0	0	2	0	0	4	0	0	2	0	0	0	0	1	1	1	0	0	2	0	0	2	0	1	0	1	1	0	1	1	0	0	0	0	1	1	2	1	0	1	0	1	0	1	1	1	1	0	0	0	1	0	1	0	0	0	0	0	0	0	0	0	0	1	0	1	0	0	1	1	0	0	0	0	0	0	1	0	2	0	1	1	1	1	1	1	2	3	2	1	3	6	3	4	4	2	8	17	7	0	1	1	0	7	4	9	11	9	11	2	3	3	3	2	0	0	0	0	0	1	1	2	3	1	4	2	5	1	0	1	3	0	1	1	3	5	0	2	0	1	2	2	3	4	2	2	4	40	5	2	0	1	1	1	1	1	1	2	0	0	1	4	5	44	0	11	4	0	0	1	0	0	1	0	0	0	2	0	1	1	1	1	2	0	0	0	2	1	2	1	1	0	0	2	0	2	0	0	2	2	4	1	4	1	1	1	1	2	0	1	0	1	0	1	1	0	2	0	1	1	1	2	0	1	0	0	1	7	1	4	3	2	0	0	0	1	1	0	2	1	3	5	2	0	4	0	0	0	3	1	2
0	0	0	0	0	0	0	1	0	2	1	0	0	0	0	1	1	0	1	0	1	0	0	0	0	1	1	0	1	0	0	0	1	0	2	0	1	1	1	1	0	0	0	1	2	1	2	1	11	3	1	8	26	22	3	1	2	0	0	0	1	0	2	0	1	0	2	0	1	0	1	2	0	1	0	0	2	1	0	0	0	0	0	2	0	0	0	0	1	1	1	0	0	1	1	1	0	0	3	0	1	2	0	0	1	0	1	0	0	0	0	1	0	0	1	0	0	1	0	0	0	1	0	2	0	0	0	1	0	0	0	0	0	0	0	0	0	0	0	0	0	0	1	1	2	1	0	1	2	2	1	3	3	3	0	4	5	7	5	7	5	3	4	6	4	5	6	5	4	5	2	2	3	1	5	3	1	0	2	1	2	0	3	3	5	1	2	3	2	1	0	1	0	3	4	2	12	4	1	2	1	1	2	3	0	5	5	4	9	2	1	2	2	1	0	2	1	2	1	0	2	1	4	5	9	11	0	1	2	0	2	0	1	2	0	3	1	0	0	1	2	4	7	4	1	2	0	2	1	0	0	2	1	0	1	2	1	2	0	0	0	1	0	1	1	3	2	1	1	0	1	0	0	0	3	0	1	0	1	0	1	2	3	5	3	0	3	3	5	12	10	11	3	0	1	0	1	0	0	2	4	2	4	3	1	1	3	0	2	2	6	1
0	0	0	0	0	0	0	0	0	0	0	2	0	0	0	1	0	0	0	0	0	0	0	0	0	0	0	0	0	0	0	0	0	0	1	1	0	0	0	0	0	1	0	1	0	0	0	1	5	2	0	0	1	2	1	0	0	0	0	0	1	1	0	0	0	0	0	0	0	1	0	0	0	0	0	0	0	1	0	1	0	0	0	0	0	0	1	0	0	0	0	0	0	0	1	0	0	0	0	0	0	0	1	0	0	0	1	0	0	0	1	0	0	0	0	0	0	0	0	0	1	0	0	0	0	0	1	0	1	0	0	1	0	0	0	0	0	0	1	0	0	1	0	0	1	0	1	0	1	1	1	0	2	1	0	2	1	1	1	5	6	5	2	1	2	1	3	0	1	1	1	0	0	0	1	0	0	0	0	0	1	0	1	0	1	1	0	0	1	0	0	2	0	2	2	0	3	4	2	1	1	1	0	2	2	2	1	1	4	0	0	0	1	1	0	0	1	1	0	1	2	1	0	1	0	4	1	0	11	16	25	8	16	5	1	2	3	2	6	1	6	3	4	2	1	1	1	0	2	1	0	0	0	1	0	0	0	1	0	0	0	1	0	0	2	2	0	0	1	0	0	2	0	2	3	3	1	1	4	1	3	3	1	4	2	0	4	2	7	6	3	1	1	1	1	0	1	2	1	0	2	3	1	0	0	0	3	0	2	1	1	0
0	0	0	0	0	0	0	0	0	0	0	0	0	0	0	0	0	2	0	0	0	0	1	0	0	0	0	0	0	1	0	1	0	0	0	0	0	1	0	0	0	0	1	0	1	0	2	0	0	0	1	1	1	3	0	1	0	1	1	0	0	0	0	0	0	0	0	0	0	0	0	0	0	0	0	0	0	1	0	0	0	0	2	0	0	1	0	0	0	0	0	0	1	0	0	0	1	1	1	0	0	0	0	0	0	0	0	0	0	0	0	1	1	0	0	1	0	0	0	0	0	0	0	0	0	0	0	0	0	0	0	0	0	0	0	0	0	0	0	0	1	0	0	0	0	0	0	1	1	0	0	0	1	1	0	1	1	0	1	1	1	2	0	2	2	1	2	1	1	0	0	0	0	0	1	0	0	1	0	0	0	0	1	0	0	0	3	2	0	0	0	1	0	1	1	0	0	5	2	2	2	1	0	2	1	0	3	3	2	0	0	1	0	0	0	1	0	0	0	0	0	2	2	1	1	0	2	11	0	44	44	21	13	15	4	3	1	0	3	1	0	2	0	2	1	0	1	1	1	0	0	0	1	0	1	0	0	1	1	3	0	0	1	0	0	0	0	1	0	0	1	0	2	1	1	3	0	0	2	1	0	0	0	6	4	2	3	5	3	0	6	1	0	0	0	0	0	1	0	1	1	0	2	0	3	0	0	0	1	0	0	0
0	0	0	0	0	0	0	0	0	1	0	1	0	0	0	0	0	0	0	0	1	0	0	0	0	0	0	0	0	0	0	0	0	0	0	0	1	0	0	0	0	0	0	1	0	0	0	2	0	0	0	1	2	1	1	0	1	2	0	1	0	0	0	0	0	0	0	2	1	0	0	0	0	0	0	0	0	0	0	0	1	0	0	0	0	0	0	0	0	0	0	0	0	0	0	0	1	2	0	0	0	1	0	1	0	0	1	0	0	0	0	0	1	0	0	0	0	0	0	0	0	0	0	0	0	1	0	1	0	0	1	0	0	0	0	0	0	0	0	0	0	0	0	1	0	0	0	0	0	1	2	0	0	1	3	3	1	1	1	0	2	4	1	0	4	1	1	1	0	1	0	0	2	0	0	0	1	0	0	0	0	1	0	1	1	0	0	0	0	1	0	0	0	1	1	0	4	0	2	0	2	1	1	2	0	0	1	0	0	2	1	0	0	0	1	0	0	1	0	0	0	1	1	1	0	0	0	16	44	0	36	15	6	6	8	5	1	4	3	1	3	0	0	2	0	0	1	0	1	0	2	0	0	0	1	1	0	1	1	0	0	0	1	1	0	1	0	1	0	0	1	3	1	2	1	0	2	2	4	0	0	1	3	2	4	2	6	5	3	3	1	3	4	0	2	0	0	1	1	0	1	1	0	1	1	1	1	0	1	1	1	1
0	0	0	0	0	0	0	0	0	0	0	0	1	0	1	0	2	0	1	0	0	0	0	0	0	0	0	1	0	1	0	0	0	3	0	1	0	0	0	1	0	0	1	0	0	0	0	0	0	1	0	1	1	0	0	0	0	2	0	0	0	0	0	0	0	1	0	1	0	0	0	1	0	0	0	0	1	0	0	0	1	0	0	0	0	1	1	1	0	0	0	0	0	0	0	0	0	0	0	0	1	0	0	0	0	0	0	0	0	0	0	0	0	0	2	0	0	1	0	1	0	0	0	0	0	0	0	0	0	0	0	0	0	1	0	1	0	0	0	0	0	0	0	0	0	1	0	0	0	0	0	2	1	0	1	4	1	1	1	1	3	0	0	2	0	4	2	3	0	1	0	0	1	0	1	0	0	0	1	0	0	0	0	0	1	1	0	1	0	0	0	0	3	1	2	2	2	5	2	0	0	3	0	1	4	0	0	0	1	1	1	0	0	1	0	1	1	0	1	1	0	1	2	4	2	1	2	25	44	36	0	20	22	11	5	5	1	4	5	2	5	1	1	1	1	0	0	0	1	1	0	0	0	0	0	0	0	1	0	0	1	0	1	0	0	3	1	1	1	0	0	2	1	1	1	1	3	5	2	1	2	2	3	3	4	2	4	5	5	1	0	2	4	1	1	1	1	2	0	0	1	5	3	2	0	0	1	2	0	0	0	1
0	0	0	0	0	0	0	0	0	1	0	0	0	1	0	0	0	0	0	0	0	0	0	0	0	0	0	0	0	0	0	0	0	1	0	0	1	0	0	0	0	0	1	1	1	0	0	0	2	1	0	1	0	0	1	0	0	1	1	0	0	0	0	1	0	0	0	0	0	0	0	0	0	0	0	0	1	0	0	0	0	0	0	0	0	0	0	0	1	0	0	1	0	1	0	0	2	0	0	0	0	1	0	0	1	0	1	0	1	0	0	0	0	0	0	0	0	1	1	1	0	0	0	0	0	0	0	0	0	0	0	0	0	0	0	1	2	0	1	0	0	0	0	1	0	0	0	0	0	0	0	1	0	0	0	0	0	0	0	1	1	1	1	0	1	1	2	0	0	0	0	0	0	0	0	1	0	0	0	1	0	1	0	0	0	0	2	0	0	0	0	2	1	2	2	2	3	4	0	1	0	0	0	1	0	2	1	0	1	0	0	0	0	0	0	0	0	0	2	1	1	1	0	0	0	0	0	8	21	15	20	0	58	85	10	6	2	5	11	6	2	3	0	2	0	0	0	0	2	0	0	0	0	1	0	0	0	1	0	0	0	0	0	0	2	1	1	0	0	1	0	2	0	1	1	1	2	1	2	3	0	4	1	5	1	3	2	4	0	2	0	2	1	2	0	0	1	0	1	1	4	0	1	2	0	2	0	1	2	2	0	1
0	0	0	0	0	0	0	0	0	0	0	0	1	0	0	1	1	0	1	0	1	0	0	1	0	0	0	0	1	1	0	0	0	0	0	1	0	0	0	0	0	1	0	0	0	0	0	0	2	0	0	2	0	1	1	1	0	0	0	2	0	0	1	0	1	0	0	0	0	0	0	1	0	0	1	0	0	1	1	0	0	0	0	1	0	0	0	0	0	0	1	0	0	1	0	0	1	2	0	0	0	0	0	0	0	0	0	0	0	1	1	0	0	0	0	0	0	0	2	0	0	0	0	0	0	0	0	0	0	0	0	0	0	0	0	0	0	0	0	1	0	0	0	0	0	0	0	0	1	0	1	0	1	0	0	5	0	1	1	2	3	6	1	2	2	0	1	0	0	1	0	2	0	0	0	1	0	0	0	0	0	0	1	0	2	2	0	0	0	1	1	0	1	1	1	1	3	3	2	2	3	1	1	1	0	0	1	2	2	1	0	0	1	0	0	0	0	1	0	0	0	0	2	0	0	0	1	16	13	6	22	58	0	20	5	7	5	8	30	10	9	0	2	4	0	0	0	1	1	0	0	0	1	0	1	1	1	0	0	0	1	0	0	1	1	1	0	0	0	0	1	0	1	3	2	0	0	3	1	1	1	3	3	0	3	3	3	8	3	2	2	5	2	2	1	0	0	2	3	2	3	3	2	1	0	3	0	2	0	1	2	2
0	0	0	0	0	0	0	1	0	0	0	1	0	0	0	0	0	0	0	0	0	0	1	0	0	0	1	0	0	0	2	0	0	0	0	0	0	2	0	0	0	1	0	0	0	0	0	0	1	0	1	2	1	0	0	1	0	1	0	0	0	0	0	2	0	0	0	0	0	0	0	0	0	0	0	0	0	1	0	0	1	0	0	1	0	1	0	0	0	1	0	0	0	0	0	0	0	0	0	0	0	1	0	0	0	0	0	1	0	0	0	0	0	0	0	0	0	0	0	0	0	0	0	0	0	0	0	0	0	0	0	0	0	0	1	1	0	0	0	0	0	0	0	0	0	0	0	1	0	0	0	0	1	0	0	0	1	0	0	1	1	0	1	0	0	0	0	0	0	1	0	0	0	2	0	0	0	0	1	0	1	1	0	1	0	0	0	0	0	0	0	0	0	1	0	0	5	2	2	0	1	0	0	2	1	2	1	2	0	1	0	1	3	2	0	1	1	0	0	1	0	1	0	0	0	1	2	5	15	6	11	85	20	0	23	7	1	7	6	3	2	2	1	0	1	1	0	1	0	0	0	1	0	1	0	1	0	1	0	0	1	0	0	0	1	0	1	0	0	1	0	0	1	2	1	1	4	1	6	1	1	2	3	0	0	0	1	6	4	0	0	2	0	1	0	0	0	1	1	0	0	4	1	1	2	0	3	2	3	0	1	0
0	0	0	0	0	0	0	0	1	0	0	0	0	0	1	0	0	0	1	0	0	0	0	0	0	1	0	0	0	0	0	0	0	0	0	0	0	0	0	0	0	0	0	2	0	0	0	0	2	0	0	0	0	0	2	1	0	0	0	0	0	0	0	0	1	0	0	1	0	0	0	1	0	0	1	0	0	0	1	0	0	2	0	0	0	0	0	0	2	0	0	0	0	1	0	0	0	2	0	2	0	0	0	0	0	0	0	0	0	0	0	0	0	0	0	0	0	0	0	0	0	0	0	0	0	0	0	1	0	0	0	0	0	0	0	0	0	0	0	0	1	1	0	0	0	1	0	0	2	0	0	1	0	0	0	0	0	0	1	0	1	0	1	1	1	0	0	0	1	2	0	0	0	3	1	0	0	0	0	1	0	1	0	0	1	2	0	1	0	2	2	0	0	1	2	2	3	2	0	2	0	1	0	0	0	2	2	0	0	0	1	1	0	1	0	0	0	0	0	1	0	1	0	0	0	0	0	1	4	8	5	10	5	23	0	53	13	7	3	3	3	1	2	1	0	0	0	0	0	0	0	1	0	0	0	0	0	2	0	2	0	0	2	0	0	0	2	0	0	2	1	0	0	0	1	1	1	0	2	1	0	3	2	1	1	0	2	3	1	0	0	1	2	1	0	0	0	2	0	2	1	2	2	1	0	2	4	2	0	2	0	0
0	0	0	0	0	0	0	0	0	0	0	1	0	0	0	0	0	0	0	0	0	0	1	0	0	0	0	0	0	0	0	0	1	0	0	1	0	0	0	0	0	0	0	1	0	0	0	3	0	0	0	0	0	1	0	0	2	0	0	0	0	0	0	0	0	1	0	0	0	0	0	0	1	1	0	0	0	0	1	0	0	0	0	0	0	0	0	0	0	0	0	0	0	0	0	0	0	0	0	0	1	0	1	1	0	0	0	0	0	0	0	0	0	0	0	0	0	0	0	0	0	1	0	0	0	0	0	0	0	0	0	0	0	0	0	0	0	0	0	0	0	0	0	0	0	0	0	0	1	0	0	0	1	0	0	0	0	0	1	2	1	1	1	0	0	1	0	0	0	0	2	0	1	0	0	1	0	0	1	0	0	2	0	1	1	0	0	0	1	0	0	0	0	0	0	1	1	1	0	0	0	0	0	3	0	1	3	0	0	1	2	1	1	0	0	1	0	0	0	0	1	1	1	0	0	0	3	2	3	5	5	6	7	7	53	0	21	15	9	4	4	2	0	0	2	0	0	0	0	2	0	0	0	1	0	0	1	0	1	2	0	0	1	0	1	2	1	0	0	2	0	0	0	0	1	1	1	2	2	3	0	2	1	2	0	1	0	3	4	3	0	0	2	2	0	0	0	2	1	0	3	3	1	0	2	0	3	0	2	0	0	0
0	0	0	0	0	0	0	0	0	1	0	0	0	0	0	0	0	0	0	0	0	0	1	0	0	0	0	1	0	0	1	1	0	0	0	0	1	2	1	2	0	0	1	0	1	0	0	0	0	1	0	1	0	1	0	1	0	0	0	0	0	2	0	0	0	0	0	0	0	0	1	0	0	0	0	0	0	0	1	0	0	0	0	1	0	0	0	1	0	0	0	0	1	0	1	0	0	0	1	0	1	0	0	0	1	0	0	0	1	0	0	1	1	0	0	0	1	0	0	0	0	0	0	0	0	0	0	0	0	0	0	0	0	1	1	0	0	0	0	0	0	0	0	0	0	0	0	0	0	0	1	1	1	0	0	1	1	1	0	1	1	2	0	0	0	0	0	0	1	0	0	0	0	1	0	1	0	0	0	2	0	0	0	0	0	0	0	0	0	0	0	0	0	0	1	1	1	1	0	1	0	0	0	1	0	1	0	0	1	1	0	1	2	1	0	0	0	0	0	0	1	0	0	2	0	0	1	3	1	1	1	2	5	1	13	21	0	18	9	4	2	0	2	0	1	0	0	0	0	0	1	0	1	0	0	0	0	0	1	2	1	0	0	3	1	0	0	1	1	1	0	0	1	0	2	1	1	2	3	4	0	0	1	2	0	1	1	2	2	1	2	2	3	0	3	2	0	1	2	2	3	3	0	0	2	1	1	2	1	2	1	0
0	0	0	0	0	0	0	0	0	0	1	0	0	0	0	0	0	0	0	0	1	1	0	0	0	0	0	0	0	0	0	1	0	0	0	1	1	0	1	1	0	0	0	0	0	0	0	0	0	1	0	2	1	0	0	0	1	0	0	0	0	0	0	0	2	0	1	0	1	1	0	0	0	1	1	0	0	0	0	0	0	0	1	0	0	0	0	1	0	0	0	0	0	0	1	0	0	0	1	1	1	1	0	0	1	1	0	0	0	0	0	1	0	0	0	0	0	0	0	0	0	0	0	1	0	0	0	0	0	0	0	0	0	0	1	0	1	0	0	0	0	1	0	0	0	0	1	1	1	0	1	2	0	2	0	2	0	1	2	0	2	2	0	0	1	0	0	0	2	0	0	0	0	0	1	1	0	3	0	0	0	0	0	0	0	0	3	1	0	0	0	1	0	0	2	1	3	2	0	2	0	0	0	0	0	0	1	4	0	0	0	1	0	1	2	0	2	0	1	1	0	0	1	3	1	2	0	2	0	4	4	5	8	7	7	15	18	0	36	31	7	5	1	0	1	1	0	0	0	0	2	0	1	1	0	1	0	1	2	0	1	0	0	0	0	0	0	1	0	0	0	1	0	2	2	1	2	6	4	2	2	2	3	2	3	0	1	3	4	2	2	1	2	3	1	0	1	0	0	3	6	2	2	1	2	6	2	0	3	0	0	1
0	0	0	0	0	0	0	0	1	0	0	0	1	0	0	0	0	0	0	0	0	0	0	0	0	2	0	0	0	0	1	1	0	0	1	0	0	0	1	1	1	0	0	0	0	0	0	0	0	0	0	0	2	0	2	0	1	0	0	1	1	0	0	0	0	1	0	0	0	2	0	0	0	0	0	0	0	1	0	0	1	0	0	1	0	0	0	0	1	0	1	0	0	1	0	0	1	0	0	0	0	0	0	0	0	0	0	0	0	0	0	0	1	0	0	0	0	0	1	0	0	1	0	0	0	1	0	0	0	0	0	0	0	0	0	0	2	0	0	0	0	0	0	0	1	0	1	1	0	0	0	0	1	0	1	0	0	1	1	0	1	3	0	1	2	1	0	2	0	2	0	0	0	1	1	1	0	0	0	0	0	0	0	0	1	0	1	1	0	0	0	0	0	1	0	2	2	1	1	1	1	2	1	0	2	3	2	1	1	0	0	0	0	0	2	0	0	1	2	0	0	0	2	0	0	0	0	6	3	3	5	11	30	6	3	9	9	36	0	36	13	5	2	2	2	0	1	0	1	0	0	1	0	0	0	1	0	0	2	1	0	1	0	0	2	1	0	0	0	0	0	1	0	0	2	0	1	2	4	4	1	3	4	3	3	0	0	9	3	5	2	4	4	1	3	2	0	2	2	1	6	4	2	2	2	2	3	1	1	1	1	0
0	0	0	0	0	0	0	1	0	0	0	0	0	0	0	0	0	0	0	0	0	2	0	0	0	1	1	1	1	0	0	0	0	0	0	0	0	0	0	0	1	1	0	0	0	1	0	0	1	1	0	2	1	1	0	1	0	0	0	1	1	0	0	1	0	0	1	0	1	0	0	0	1	0	2	0	0	0	1	0	0	0	1	0	0	0	1	0	0	1	1	1	0	1	1	0	0	0	1	0	0	0	0	0	0	0	0	0	0	0	0	1	0	0	0	1	1	0	0	0	0	0	1	0	0	0	0	0	1	0	0	0	0	0	2	0	0	0	0	0	0	0	0	0	0	0	0	0	0	0	1	0	0	1	0	1	1	0	1	3	1	1	0	0	0	2	0	0	0	1	0	0	0	2	0	0	2	0	0	1	0	1	0	1	1	0	2	0	1	0	1	1	1	1	0	3	2	2	3	2	2	0	0	1	0	0	1	1	1	0	1	2	1	1	1	0	1	0	0	1	2	1	3	2	2	1	1	1	1	1	2	6	10	3	3	4	4	31	36	0	22	7	3	3	0	0	0	2	1	0	1	0	2	0	1	3	1	2	0	0	0	0	0	1	4	0	1	0	0	0	2	2	1	1	0	0	1	2	3	2	1	2	0	5	2	1	3	4	7	4	0	4	8	3	3	4	2	2	4	2	2	6	3	2	2	7	12	1	4	4	1	0
0	0	0	0	0	0	0	0	0	0	0	1	0	0	0	0	0	0	0	0	0	1	1	0	0	0	0	0	0	0	2	0	0	0	0	0	0	1	1	0	0	0	0	0	1	0	1	0	2	0	1	2	1	1	1	1	0	1	1	1	0	0	1	1	0	0	1	0	2	0	0	0	0	0	0	0	0	0	0	0	0	0	0	0	0	0	2	0	0	0	0	0	0	0	0	0	1	0	3	0	0	0	0	0	0	0	2	0	0	1	0	0	0	0	0	0	0	0	0	0	1	0	0	0	0	0	1	0	0	0	1	0	0	0	0	0	1	0	0	1	0	0	0	1	1	0	0	1	0	0	1	0	1	0	0	1	3	3	1	2	1	2	2	3	2	0	2	1	0	0	2	1	1	1	0	1	1	0	0	0	0	0	0	1	0	1	3	1	0	1	0	0	1	2	1	2	4	1	3	1	0	0	0	3	1	0	2	2	1	2	2	1	1	1	1	1	0	0	1	1	2	1	2	2	3	1	2	6	0	3	5	2	9	2	3	4	2	7	13	22	0	12	6	0	3	0	3	1	0	0	0	0	0	0	0	0	2	0	2	1	0	0	2	0	0	1	3	0	3	2	1	0	1	1	2	6	3	3	7	2	3	4	2	4	1	4	4	21	13	12	9	9	6	4	3	3	3	2	2	2	6	8	5	4	3	12	6	5	8	3	0	1
0	0	0	0	0	0	0	0	0	0	0	1	0	1	0	0	0	0	0	0	0	0	0	0	0	1	0	0	0	1	0	0	0	2	0	0	0	0	0	0	1	0	0	1	1	0	0	1	3	3	0	0	1	0	3	1	1	0	1	0	0	0	1	1	1	1	1	0	1	0	0	0	0	1	0	1	1	1	0	0	0	0	1	0	1	0	0	0	0	0	0	0	1	0	0	0	0	0	1	0	2	0	1	0	0	0	0	0	0	0	0	1	0	0	1	0	0	0	0	0	0	2	1	0	1	0	0	0	0	1	0	0	0	1	2	1	0	0	0	0	0	1	1	0	0	1	0	1	0	1	2	0	0	1	0	0	3	2	0	4	1	1	1	0	3	0	0	0	1	1	1	1	2	0	0	0	1	0	0	0	0	1	0	0	0	0	0	2	0	1	1	2	3	3	1	2	2	1	0	0	2	1	1	0	0	0	0	1	0	2	0	1	2	1	3	2	0	3	1	0	2	0	0	1	2	1	4	3	2	0	1	3	0	2	1	2	0	5	5	7	12	0	6	8	0	0	0	1	1	0	0	1	0	0	0	2	0	0	0	0	0	1	0	1	5	3	0	0	0	0	1	0	0	2	1	1	8	2	4	4	1	6	5	2	2	2	1	3	4	2	5	3	5	1	2	0	5	3	9	3	12	12	13	9	21	78	58	14	8	3	1	0
0	0	0	0	0	0	0	0	0	0	1	1	1	0	1	1	2	0	0	0	0	0	1	0	0	2	0	0	0	1	0	0	0	1	1	0	1	1	2	0	2	1	0	1	0	2	1	1	3	1	7	5	5	6	2	2	3	2	0	0	1	0	1	1	0	2	2	0	0	0	0	1	0	1	0	0	0	3	0	0	0	1	1	0	1	0	0	0	0	1	0	0	1	0	0	0	1	1	1	0	1	0	0	1	0	0	0	2	0	0	0	2	0	0	0	1	1	0	0	0	0	0	0	0	0	0	0	1	0	0	0	0	0	0	1	0	0	0	0	0	0	1	2	0	0	0	0	0	0	2	0	0	1	2	2	0	1	3	2	6	4	0	2	2	2	0	1	1	1	0	1	3	2	3	1	0	0	2	0	1	0	0	0	1	2	3	2	2	2	2	3	2	1	1	6	7	2	2	2	0	0	1	0	0	1	0	1	2	2	0	0	1	1	2	6	1	1	2	0	0	2	4	4	6	7	1	7	4	0	0	1	0	2	1	2	0	2	1	2	3	6	6	0	60	6	0	1	1	0	1	3	1	0	0	2	1	0	4	1	2	1	2	1	1	1	3	2	0	0	0	1	0	0	3	6	0	2	3	2	4	2	8	8	5	5	4	2	3	9	11	40	13	11	5	0	4	1	1	5	8	8	6	46	8	13	8	2	3	7	4	7	4
0	0	0	0	0	0	0	0	1	0	0	0	0	1	0	0	0	0	0	0	1	0	1	0	0	0	0	1	1	1	0	1	0	0	0	1	1	0	1	0	1	0	1	2	0	1	2	2	2	1	3	12	4	5	0	1	1	2	0	0	0	1	2	1	1	0	2	1	0	1	1	0	0	0	0	1	0	1	0	1	0	1	0	1	0	1	1	1	1	1	0	0	2	1	2	2	1	1	0	0	0	2	1	0	0	2	0	1	3	2	1	0	0	1	0	0	0	1	0	0	0	1	1	1	0	0	0	1	0	0	0	0	1	0	0	1	2	1	1	0	0	1	3	0	2	0	3	0	0	4	1	1	5	0	0	1	1	2	2	2	3	1	1	0	2	0	2	1	1	6	2	4	1	1	2	0	1	2	1	1	1	1	0	0	0	0	4	3	4	10	8	5	2	3	5	6	6	2	2	2	0	0	0	2	0	1	1	0	6	0	2	6	11	5	3	1	0	2	0	6	3	2	10	8	1	2	4	2	2	2	1	2	4	0	1	0	0	0	2	3	0	8	60	0	4	1	1	5	2	2	4	1	2	2	0	3	4	2	2	2	2	3	1	3	5	5	2	0	1	4	2	1	0	0	7	1	7	2	4	4	4	17	5	10	4	5	2	5	5	10	26	29	11	1	2	3	1	7	6	10	15	12	24	17	10	7	4	3	4	4	14	0
0	0	0	0	0	0	0	0	2	0	0	0	1	0	0	0	0	0	0	1	3	0	0	0	0	0	0	0	1	0	0	0	0	1	0	3	0	0	1	0	1	1	0	0	2	3	0	4	1	3	0	5	4	2	3	2	0	1	2	2	2	1	0	3	1	0	2	2	0	0	0	1	0	0	1	1	1	0	1	1	2	0	1	2	1	0	0	0	0	1	1	2	0	0	0	2	4	0	2	3	0	0	1	0	0	2	2	0	1	0	0	1	2	0	0	0	0	1	0	0	0	0	1	2	0	0	1	0	1	1	0	0	0	1	1	2	1	1	1	1	1	0	1	0	0	1	0	1	1	0	1	1	3	2	0	1	1	2	3	3	2	2	0	1	0	0	0	2	1	2	4	5	2	2	3	3	2	0	0	1	0	1	0	1	1	3	3	7	6	17	7	9	3	8	9	7	6	2	0	0	1	0	0	0	1	1	2	0	2	2	2	6	13	15	7	0	4	11	0	4	7	12	4	4	0	0	1	1	1	0	1	0	0	1	0	2	1	1	2	0	3	0	6	4	0	2	4	7	3	3	6	5	2	3	1	1	4	18	10	4	2	5	6	8	19	12	6	4	0	0	2	2	1	2	3	3	5	2	2	4	7	4	7	5	1	3	2	2	2	2	3	4	3	4	3	5	20	15	27	7	6	3	3	5	6	2	1	3	3	5	14	0
0	0	0	0	0	0	0	0	0	0	0	0	0	1	0	1	0	0	1	0	0	2	0	1	0	1	0	0	1	0	0	0	0	1	0	0	1	0	1	1	1	1	2	0	0	1	2	1	1	2	1	1	1	1	1	1	0	3	0	0	0	2	1	0	1	4	0	0	0	2	0	1	2	2	0	1	2	1	0	1	2	4	2	0	1	0	0	1	1	0	1	1	0	1	1	0	1	0	0	3	0	2	0	2	0	0	2	1	2	1	1	0	2	3	0	1	0	1	0	0	1	0	0	0	0	1	1	0	0	1	0	1	0	1	1	0	2	0	2	0	0	1	1	0	1	0	0	1	2	1	0	1	1	0	2	1	2	0	1	1	0	0	0	0	0	1	4	1	1	1	1	3	2	1	2	2	1	5	3	1	0	2	1	2	2	2	0	2	6	8	7	8	13	1	1	1	2	1	0	0	1	0	1	0	0	0	1	0	0	0	3	1	1	1	4	4	1	3	1	4	4	2	3	4	0	0	2	1	0	0	0	0	0	1	0	0	0	1	0	0	0	0	0	1	2	0	24	13	20	11	18	14	4	2	3	3	2	5	6	2	8	7	10	9	1	3	6	5	5	3	3	2	1	2	0	1	1	1	1	2	2	0	0	1	1	0	1	0	1	0	1	0	2	0	1	3	4	1	4	2	4	1	3	0	0	1	0	1	1	2	0	2
0	0	0	0	0	0	0	0	0	1	0	0	0	0	0	0	0	0	1	0	1	0	1	0	1	0	1	3	1	0	0	1	1	0	1	0	0	0	0	0	0	1	1	0	0	1	0	0	0	1	2	1	0	2	3	1	0	0	1	0	1	2	1	1	0	0	1	1	1	0	0	0	1	1	0	1	0	0	0	0	2	2	0	0	2	0	0	0	0	0	1	0	0	0	1	1	1	0	1	0	0	0	2	1	0	1	1	0	0	0	1	1	0	1	1	1	0	1	0	1	0	0	0	1	0	1	1	2	0	1	1	0	1	0	0	1	2	0	0	1	0	0	1	1	0	0	2	4	2	2	0	1	0	0	0	0	0	1	1	1	0	0	0	0	1	3	0	0	1	0	1	2	1	1	0	1	3	1	4	0	1	1	1	3	0	1	2	3	5	12	5	8	4	1	3	2	1	0	1	0	0	0	0	0	0	0	0	0	0	0	1	4	1	8	0	5	0	1	2	4	3	6	0	1	0	0	0	1	1	1	0	0	0	0	0	0	0	0	1	0	3	0	1	1	4	24	0	18	5	10	13	34	5	5	5	5	7	28	14	4	1	4	3	6	4	3	3	6	5	6	0	2	1	2	3	2	1	2	0	1	2	3	0	1	0	0	0	0	0	1	1	1	2	4	1	5	5	3	4	2	1	1	1	1	1	1	1	0	0	5	3	2
0	0	0	0	0	0	0	2	1	0	1	1	0	0	0	0	1	0	0	0	0	0	1	0	1	1	1	1	0	1	0	0	2	1	0	0	1	1	1	2	2	0	1	3	3	1	1	0	3	3	0	2	1	2	0	3	3	0	1	4	2	0	2	1	1	3	2	2	0	3	1	0	0	2	0	2	0	2	1	2	2	4	1	1	0	0	0	0	0	0	0	1	2	2	2	0	1	2	4	1	0	2	0	0	1	2	4	0	0	1	1	1	0	2	1	0	1	1	1	0	0	1	2	0	0	2	0	0	2	3	0	2	1	1	0	0	2	3	4	1	1	1	0	2	1	1	0	3	2	0	2	1	1	0	2	0	1	1	2	2	1	1	0	0	1	1	0	1	1	1	2	3	3	0	1	3	1	3	3	1	2	0	3	1	2	4	1	4	6	29	5	3	10	5	7	1	1	1	0	0	0	0	1	0	0	1	0	1	1	1	0	5	7	5	5	7	8	18	5	15	4	6	3	1	1	2	2	0	1	0	0	0	1	1	0	0	0	0	0	2	1	1	1	5	7	13	18	0	15	13	37	18	10	4	4	5	14	13	7	2	5	6	6	5	4	7	7	2	0	5	0	6	0	2	3	1	4	1	0	2	2	2	0	0	3	0	1	0	0	2	0	4	1	4	2	2	3	3	8	3	1	0	3	1	2	1	0	0	0	2	4	2
0	0	0	0	0	0	0	0	2	0	1	0	1	1	0	1	0	0	0	0	1	0	1	0	0	1	1	1	3	0	0	0	4	1	1	1	1	2	2	5	2	2	1	1	3	0	2	2	1	1	1	0	1	2	1	1	2	1	1	2	2	3	0	1	0	1	0	1	0	0	1	0	0	2	0	2	1	1	0	0	4	2	1	2	2	0	1	2	1	1	0	0	1	0	0	3	0	2	1	3	1	2	1	1	1	0	1	1	1	0	3	3	0	0	1	0	1	0	1	1	1	0	1	0	0	2	1	1	3	0	2	0	1	0	1	3	0	2	1	1	1	6	3	3	3	0	2	3	1	4	1	2	1	1	1	1	1	1	2	2	0	0	2	1	0	0	0	1	2	2	5	3	3	5	6	6	5	7	4	4	5	4	5	2	0	7	3	3	9	5	6	4	5	2	4	1	1	0	0	0	0	1	0	0	0	0	2	0	2	3	1	1	2	2	0	2	11	1	7	4	5	4	2	0	0	1	1	2	1	1	1	2	1	0	0	0	0	0	1	1	0	1	0	2	3	20	5	15	0	106	16	7	4	4	4	1	2	3	6	2	0	5	5	3	2	0	5	5	7	1	2	3	1	1	0	2	1	1	0	1	1	0	2	2	0	0	1	0	2	1	2	0	5	1	2	2	4	0	1	1	2	2	2	0	2	0	0	0	0	2	2	3
0	0	0	0	0	0	0	0	1	1	0	1	0	1	2	1	0	0	0	2	0	2	3	0	1	3	0	0	0	0	0	0	3	0	0	0	0	1	1	1	4	2	3	3	1	0	2	1	2	1	0	2	2	2	1	0	0	2	1	2	1	4	2	3	3	2	2	1	2	0	1	2	2	1	0	1	0	2	0	1	1	3	3	3	2	0	1	0	2	3	1	0	1	1	3	0	1	1	1	1	0	1	0	0	1	1	4	3	1	4	5	1	0	2	1	0	1	0	0	2	0	0	0	0	1	2	1	2	1	2	1	1	2	2	3	2	4	4	5	6	1	2	5	0	0	1	1	4	3	2	1	1	0	0	1	0	1	1	0	1	2	0	0	0	0	1	0	2	0	1	3	2	0	3	2	6	6	10	4	5	7	6	3	1	1	6	4	2	6	4	5	5	2	0	1	2	1	0	0	1	0	1	0	0	0	0	1	1	2	1	2	1	1	0	3	7	11	5	12	10	4	6	4	1	0	2	0	1	0	0	1	0	0	0	0	2	0	0	0	0	0	0	1	2	3	11	10	13	106	0	15	6	8	3	7	3	5	3	2	2	4	4	6	3	3	2	5	1	2	3	2	2	0	1	2	1	0	1	0	0	0	2	1	1	0	1	1	0	0	2	1	0	2	0	1	0	1	1	0	0	0	0	1	5	1	2	0	1	0	0	2	1
0	0	0	0	0	0	0	0	0	0	1	1	0	0	0	0	1	0	2	1	1	1	1	0	0	1	0	0	1	0	1	2	4	0	1	1	1	3	2	0	1	1	2	1	2	2	1	1	1	0	1	1	0	1	0	0	3	2	1	0	2	3	2	1	3	2	0	0	1	0	2	0	0	0	0	2	1	0	0	3	2	0	0	4	0	0	1	0	2	1	0	2	0	1	2	0	1	1	0	1	1	0	1	0	2	0	0	1	1	4	3	0	2	4	1	1	1	1	0	1	2	2	0	2	0	0	0	1	3	0	2	0	0	0	2	1	8	2	1	0	2	3	0	1	0	0	1	5	4	0	3	1	0	1	1	0	0	3	0	1	0	1	1	1	0	1	1	1	1	1	0	7	2	0	1	3	5	6	2	3	4	3	0	1	1	2	1	4	8	10	2	4	2	2	3	3	2	2	1	0	0	0	0	0	0	0	0	1	0	0	0	6	3	8	3	5	8	9	5	4	3	5	5	3	0	1	0	0	0	2	0	0	0	0	0	0	1	2	0	1	0	0	3	4	6	18	13	37	16	15	0	34	41	9	14	9	10	9	4	2	2	5	5	3	2	3	4	0	4	0	1	4	1	1	0	0	3	0	2	0	1	2	0	5	0	1	2	0	2	1	0	0	2	1	1	0	4	0	3	1	2	1	0	1	0	1	2	0	1	4	2	0
0	0	0	0	0	0	0	1	0	1	1	0	0	0	0	0	0	1	0	0	0	0	0	1	1	1	0	2	0	0	0	0	1	0	0	1	3	0	2	0	0	0	1	0	0	2	0	1	2	0	1	1	1	0	3	0	0	0	0	1	0	0	0	5	3	0	0	0	1	0	1	0	0	0	0	0	0	0	1	0	3	1	0	2	0	0	1	0	1	1	1	0	0	4	0	0	0	0	2	0	0	0	0	1	0	0	1	1	0	4	1	0	1	0	0	0	2	1	0	0	2	0	0	0	0	1	2	2	0	0	0	1	0	0	2	0	2	3	2	0	0	1	0	0	0	0	1	1	1	1	2	0	1	0	0	0	1	0	0	0	1	0	0	0	0	0	0	1	0	1	0	1	0	1	1	2	0	5	0	1	1	0	1	3	0	1	2	3	3	4	10	0	6	0	1	2	1	1	0	0	0	0	0	1	0	0	2	0	0	1	1	3	2	5	1	3	5	6	4	1	2	0	1	2	1	1	2	0	0	0	0	0	0	1	1	0	0	0	1	0	0	1	1	1	5	14	34	18	7	6	34	0	12	9	13	5	6	10	4	0	1	0	1	3	5	1	3	3	1	0	1	0	3	3	1	2	3	0	2	2	1	1	3	2	1	0	2	3	0	0	0	0	1	0	2	3	7	4	2	1	0	0	0	1	3	0	0	1	0	2	1	1
0	0	0	0	0	0	0	0	1	0	0	0	0	0	0	1	0	0	0	0	1	1	0	0	1	0	0	1	0	0	0	0	1	0	1	1	0	2	2	3	3	0	0	3	3	1	1	3	1	3	2	0	0	0	1	2	2	3	0	4	6	2	4	1	5	2	2	0	1	3	2	0	0	1	3	0	0	0	0	3	3	1	2	0	4	2	0	2	2	0	0	0	1	2	2	2	5	4	4	1	5	1	0	0	0	2	0	1	1	4	0	1	2	2	2	2	0	2	0	0	2	0	2	0	0	0	2	2	2	0	0	1	0	1	3	3	1	10	1	3	2	1	2	1	1	3	2	0	1	0	1	0	3	1	0	3	0	1	1	0	0	0	1	1	0	0	1	1	1	3	1	4	3	1	1	0	4	5	1	2	0	1	1	0	1	0	0	3	4	3	3	1	2	2	0	2	2	0	0	0	0	1	1	0	1	2	1	0	0	0	2	1	3	1	0	5	7	6	0	2	3	3	1	3	0	0	1	0	1	0	0	0	1	0	0	0	1	1	0	2	0	0	0	2	2	4	5	10	4	8	41	12	0	22	29	15	16	4	0	2	3	0	2	3	1	2	3	3	3	1	2	0	1	0	2	4	1	1	1	1	1	1	2	3	1	1	1	2	0	3	1	1	0	1	1	4	0	1	1	1	0	2	0	1	0	0	0	0	2	1	1	3
0	0	0	0	0	0	0	0	0	0	1	0	1	1	1	2	1	1	0	0	0	0	1	1	0	3	0	2	0	0	0	1	1	0	1	0	0	0	0	2	2	0	1	0	2	2	0	1	0	1	0	1	0	1	1	0	2	1	0	5	3	2	1	1	0	0	0	0	1	2	1	0	1	1	0	2	0	2	2	6	1	4	1	1	1	1	0	0	0	0	1	0	0	0	2	1	1	0	3	0	0	0	2	1	1	0	3	1	3	1	3	3	4	2	1	1	0	2	0	0	1	1	0	0	0	1	0	1	2	2	0	1	0	1	2	2	1	5	0	0	3	0	0	1	0	0	0	2	1	0	0	0	1	0	0	0	1	0	0	0	1	0	0	0	0	0	1	1	0	0	1	4	0	0	1	0	2	2	2	2	0	1	0	1	4	0	0	1	2	0	3	0	1	1	0	4	1	0	0	0	0	0	0	1	0	0	0	0	1	0	1	1	2	1	4	3	4	2	3	0	2	1	1	1	2	0	0	1	0	0	0	1	0	1	0	1	0	1	0	0	0	0	0	2	3	2	5	4	4	3	9	9	22	0	20	5	5	2	1	2	0	1	2	4	0	0	2	3	3	2	0	1	0	0	1	1	0	0	0	0	1	1	2	0	0	0	1	0	0	0	0	1	1	1	0	1	0	0	0	0	0	0	0	1	2	0	0	1	2	2	0	1
0	0	0	0	0	0	0	0	0	0	0	0	0	0	0	0	0	0	0	0	2	0	2	1	0	0	0	2	1	1	1	0	2	2	0	0	2	1	0	3	2	1	1	0	1	0	2	1	0	1	1	0	1	1	0	0	1	1	1	2	1	2	0	1	1	0	2	1	0	2	2	1	2	1	0	1	1	2	0	2	2	1	1	1	1	0	1	0	0	1	0	1	1	1	0	1	3	0	0	1	0	0	0	0	1	0	2	2	3	1	0	2	2	0	0	0	2	0	0	0	0	0	1	0	1	0	1	3	0	0	0	1	0	1	2	1	2	5	3	0	1	1	1	0	0	1	0	0	0	2	0	1	2	1	1	0	1	0	2	1	0	1	1	0	2	1	0	0	1	0	0	0	2	0	2	0	3	2	2	1	2	1	2	2	1	3	1	2	2	1	1	3	5	1	1	0	1	1	1	0	1	0	0	0	0	0	0	0	1	0	0	4	1	2	4	2	8	3	0	3	5	5	1	1	2	2	1	0	1	1	0	0	1	0	0	0	0	0	0	1	0	0	2	0	1	3	5	4	4	7	14	13	29	20	0	20	18	5	4	0	1	1	2	3	0	1	3	2	1	1	1	1	0	1	0	1	1	1	1	1	0	0	0	1	2	0	0	0	1	0	0	1	1	0	1	1	5	4	4	1	1	0	0	0	3	3	1	2	1	1	2	1
0	0	0	0	0	0	0	0	1	0	0	0	1	0	0	0	1	1	2	0	1	1	0	0	0	2	1	0	2	0	0	1	0	0	1	0	0	1	0	0	1	2	0	1	1	0	1	1	0	0	1	2	0	0	1	2	2	1	2	3	2	5	1	0	1	0	0	2	0	0	0	0	0	0	0	2	3	0	2	4	2	1	2	1	0	0	2	2	3	2	1	1	1	2	1	1	1	1	5	1	1	1	2	1	4	2	3	0	2	1	2	1	1	0	2	1	0	0	0	0	1	0	0	0	0	0	1	1	0	1	1	2	0	0	1	3	0	0	2	5	0	0	0	1	0	1	0	0	0	1	1	1	1	0	0	0	1	2	0	1	1	0	0	2	0	0	0	0	0	2	1	1	2	2	0	0	0	1	1	0	1	1	0	2	1	2	1	3	1	4	1	0	2	1	1	1	1	0	0	0	0	1	0	1	0	0	0	0	0	2	2	15	6	10	8	10	5	0	1	3	1	5	0	3	1	0	2	0	0	1	0	0	1	1	0	0	0	1	1	3	0	2	1	3	1	3	5	5	1	3	9	5	15	5	20	0	33	10	5	2	1	1	0	3	2	1	7	1	1	1	1	1	0	1	2	1	0	1	0	1	0	1	1	0	0	0	2	1	0	1	3	0	1	1	0	3	5	0	2	3	0	0	0	2	1	1	0	1	1	3	0	1
0	0	0	0	0	0	0	0	1	3	0	1	0	0	0	1	1	0	1	0	2	0	0	0	0	0	0	1	0	1	0	1	0	1	0	0	1	0	3	1	1	0	2	2	2	3	0	1	3	2	1	3	0	3	2	2	0	3	2	2	2	7	2	2	2	2	3	0	1	1	0	1	3	1	1	0	1	3	1	1	0	2	1	0	0	2	1	2	4	2	0	1	0	2	1	3	2	1	5	0	0	3	1	0	1	2	3	2	0	0	0	2	2	2	1	1	1	0	0	2	0	1	1	0	1	0	2	0	1	0	0	0	1	0	2	2	0	3	1	3	1	0	1	0	0	2	0	1	0	0	1	0	0	0	1	1	2	0	2	1	0	0	0	1	0	1	0	0	0	0	1	1	3	0	1	1	1	0	1	0	5	1	0	1	0	0	1	3	5	12	2	2	4	0	1	2	3	3	0	0	0	1	0	0	0	1	0	0	1	3	5	10	9	16	12	11	9	4	3	2	2	4	3	0	1	2	1	0	0	0	0	0	1	0	0	1	0	0	0	1	2	0	0	4	4	2	7	14	2	5	10	6	16	5	18	33	0	16	4	2	3	2	7	2	3	3	6	8	2	1	0	1	2	2	2	1	1	2	1	1	1	2	0	1	2	0	1	3	1	0	3	1	1	0	3	2	6	2	6	1	0	1	2	1	5	1	1	1	1	5	3	2
0	0	0	0	0	0	0	1	0	0	0	0	0	0	0	0	0	0	0	1	1	0	1	1	0	0	0	0	1	2	0	0	1	0	0	1	0	1	0	0	2	0	0	1	2	1	1	1	2	0	4	1	1	3	1	1	0	1	1	1	0	3	2	4	0	0	1	0	0	1	0	1	2	0	0	0	2	0	1	5	0	0	0	1	0	0	1	0	0	0	0	0	0	0	1	0	2	0	0	1	1	0	1	0	1	0	1	0	0	1	0	0	0	2	0	0	0	0	1	1	0	1	1	1	0	0	1	0	0	0	0	3	1	1	0	1	0	1	2	0	0	2	0	0	2	0	0	2	1	1	0	1	2	0	0	1	0	2	1	2	1	0	2	2	1	0	1	0	3	1	2	2	2	1	2	3	2	3	1	0	2	2	2	0	4	2	1	0	7	16	13	6	10	2	4	3	2	0	0	0	0	0	1	1	0	0	0	2	0	0	3	2	6	9	4	6	6	3	2	1	3	4	6	2	2	0	2	1	1	1	1	1	0	1	2	0	0	1	0	2	0	0	4	2	18	5	28	13	3	3	9	10	4	2	5	10	16	0	50	2	4	1	5	4	4	5	14	10	1	1	2	2	2	2	3	2	3	2	1	2	3	5	2	0	0	3	3	0	1	0	0	2	1	2	3	5	31	10	11	3	3	4	0	2	4	0	1	2	0	10	3	2
0	0	0	0	0	0	0	0	0	0	0	0	0	0	0	0	0	0	0	0	1	0	0	0	1	0	0	0	0	1	0	1	1	0	1	0	2	2	0	0	0	0	1	0	0	1	3	1	3	1	2	3	0	1	2	0	0	0	0	3	1	0	0	1	0	0	0	0	0	0	0	0	0	1	0	0	0	0	1	0	1	0	1	0	0	0	1	0	0	0	0	2	0	0	0	0	1	0	2	0	0	0	1	1	1	0	0	1	1	0	0	0	0	1	0	1	0	0	0	1	0	0	0	0	1	0	1	0	0	0	0	1	1	0	0	1	1	0	2	1	0	0	1	2	0	0	0	3	1	2	0	3	2	2	1	2	0	0	1	2	0	3	0	1	1	0	0	3	0	1	3	2	1	1	3	0	2	2	1	0	0	2	1	0	0	3	3	1	3	17	24	5	16	2	6	4	1	1	0	0	0	1	0	2	1	0	1	0	0	2	0	2	5	5	2	4	1	6	1	6	8	10	2	2	1	0	0	0	1	1	0	0	0	0	0	1	1	2	2	0	2	0	1	2	10	6	14	7	6	2	4	4	0	1	4	5	4	50	0	5	2	3	7	7	15	4	22	9	3	4	2	3	3	3	5	5	2	0	2	0	5	7	1	3	2	2	0	3	0	2	6	4	1	0	6	11	35	10	11	1	1	1	1	3	1	1	2	3	1	2	2	0
0	0	0	0	0	0	0	0	0	0	0	0	0	0	0	0	1	0	0	0	0	0	0	1	1	0	1	0	0	0	0	1	2	0	3	0	1	0	0	1	0	1	2	1	0	0	0	1	0	1	0	1	3	0	3	1	0	1	0	0	2	0	0	0	1	1	1	1	0	0	0	0	0	1	0	0	1	0	0	1	0	0	1	0	1	0	0	0	0	0	0	1	0	2	0	1	0	2	0	1	0	0	0	0	0	0	0	0	1	0	1	1	2	0	0	0	0	0	0	0	0	0	0	0	0	0	0	0	0	1	0	0	1	1	0	1	1	0	1	1	0	1	3	0	2	1	0	0	2	3	4	2	0	0	0	0	2	1	0	1	0	0	1	1	0	0	0	1	0	1	0	1	1	0	0	1	0	3	2	1	1	2	1	1	1	2	1	0	2	0	20	26	6	6	6	2	3	0	0	1	0	0	2	0	0	0	1	0	0	0	1	1	1	0	1	2	1	2	1	0	10	2	3	2	0	2	0	0	3	0	0	0	0	0	2	2	2	0	1	0	1	0	2	2	4	2	4	2	2	2	2	0	2	2	0	2	2	2	5	0	25	9	4	8	5	7	12	14	29	8	10	10	16	16	9	9	2	5	1	2	6	4	1	4	6	4	2	2	2	2	3	2	1	3	1	2	4	5	6	4	2	5	0	1	1	2	1	0	0	0	1	4
0	0	0	0	0	0	0	0	0	0	0	1	0	1	2	0	0	0	1	0	1	0	1	1	0	0	1	0	0	0	0	0	0	0	0	0	0	1	0	0	1	1	0	0	3	1	2	1	0	1	0	0	1	1	2	0	0	0	0	1	0	1	1	0	1	1	0	2	1	1	1	0	0	0	1	1	0	0	0	0	2	0	0	0	0	0	0	0	0	0	0	2	0	0	0	1	0	1	0	0	0	0	0	1	0	0	0	0	1	0	0	0	0	3	1	1	0	0	0	0	0	0	0	0	0	1	0	0	2	0	2	1	0	0	1	2	1	1	1	0	2	0	2	0	2	2	2	3	0	0	1	2	0	1	0	0	1	0	1	2	0	1	0	1	1	0	2	2	0	1	2	2	0	1	0	2	2	3	1	0	0	1	1	0	1	2	1	1	2	3	9	16	16	8	7	3	1	0	2	1	2	0	0	1	0	0	0	0	1	0	1	0	0	2	2	2	1	1	0	4	15	1	2	1	1	2	0	0	0	0	1	0	1	1	0	0	1	1	0	0	0	0	1	2	2	8	1	5	0	4	2	1	3	0	1	1	3	4	2	25	0	15	8	9	3	7	5	0	13	13	19	13	28	12	3	8	5	0	2	4	4	5	0	2	4	5	2	0	0	1	1	0	2	1	0	0	1	6	1	0	1	4	1	1	4	0	2	1	0	0	0	1
0	0	0	0	0	0	0	0	0	0	0	0	0	1	0	0	0	0	0	0	0	0	2	0	0	1	0	0	0	1	0	1	0	1	3	1	0	2	1	1	1	1	1	1	1	1	4	2	1	5	1	2	2	3	3	2	1	1	0	1	2	0	0	0	1	2	0	0	1	0	0	0	2	0	1	0	0	0	0	1	1	2	0	0	0	1	0	0	0	0	0	0	0	0	0	0	1	0	2	1	0	0	0	0	0	1	0	0	0	0	1	0	0	0	0	0	1	0	2	0	0	1	1	0	0	4	0	0	1	0	1	1	0	0	0	2	0	0	0	1	0	1	1	3	0	1	1	5	6	6	5	1	3	1	1	0	3	0	2	1	2	0	0	2	1	2	3	1	4	3	2	1	5	3	0	2	2	0	2	2	1	3	2	4	2	9	4	3	3	7	9	13	21	13	4	3	3	0	0	0	1	0	0	0	0	1	0	2	1	1	0	1	3	2	1	2	5	5	3	13	59	7	5	3	3	4	1	1	0	0	0	0	0	0	0	0	0	0	1	0	0	1	2	3	5	7	4	6	5	4	5	0	0	1	1	1	2	1	3	9	15	0	34	34	6	5	5	1	5	6	6	9	1	4	0	4	1	2	2	2	2	2	2	2	3	3	4	1	0	2	3	2	3	1	0	2	1	3	2	0	3	2	0	2	2	1	1	1	1	1	3	18
0	0	0	0	0	0	0	1	0	0	0	0	0	1	1	0	0	1	1	0	0	0	0	1	0	2	0	2	1	1	0	1	4	0	2	0	0	2	1	2	2	1	3	1	1	2	0	2	4	2	4	3	2	1	1	0	1	1	5	0	0	1	2	0	1	1	1	0	0	0	0	1	0	1	0	0	1	1	0	0	0	1	1	1	1	1	1	0	1	1	0	0	0	2	0	1	1	1	2	2	0	0	1	0	0	2	2	0	2	0	3	0	0	0	3	0	0	0	0	2	0	0	1	1	0	1	0	0	1	0	1	1	0	1	0	0	7	5	0	1	1	0	2	0	2	1	1	4	1	5	1	5	2	2	1	2	0	3	0	0	1	1	1	1	1	1	3	0	3	1	0	3	3	5	3	3	4	4	3	2	3	5	3	2	7	8	10	0	14	15	14	12	26	13	9	3	0	0	1	0	0	0	0	0	1	0	0	1	0	1	1	2	6	4	3	1	8	15	8	49	104	20	7	2	1	1	0	0	1	1	1	0	0	0	2	1	0	0	0	0	2	0	1	1	6	10	3	6	5	6	5	1	2	2	2	0	7	5	7	4	8	34	0	41	14	10	10	3	2	0	3	7	0	4	2	2	0	0	1	1	2	2	4	2	1	4	2	0	0	1	4	1	1	0	2	2	2	0	4	1	3	2	0	1	1	0	1	1	0	0	4	7
0	0	0	0	0	0	0	0	0	0	0	0	0	0	0	0	0	0	1	1	1	0	0	0	0	0	0	2	2	0	0	1	1	0	0	1	1	0	0	2	1	1	1	1	0	2	1	1	1	1	1	1	5	0	2	3	0	0	0	0	3	2	1	1	1	1	1	0	1	0	0	1	0	0	1	1	0	0	0	0	0	0	0	0	1	0	0	0	0	2	0	0	0	0	0	0	2	1	1	0	0	0	0	0	1	1	0	0	0	3	0	0	1	0	1	0	1	0	0	1	0	0	0	0	0	0	0	0	0	2	1	2	0	0	1	1	1	2	0	0	1	0	1	3	0	1	0	0	6	6	2	2	5	2	1	1	4	2	3	2	1	2	0	0	4	0	0	2	0	3	1	4	2	2	1	2	0	2	3	3	1	1	1	0	4	7	3	5	4	8	26	16	42	47	14	9	3	1	1	1	0	0	0	1	0	0	1	1	0	1	1	2	4	2	0	4	3	6	2	12	74	14	4	4	2	4	1	0	0	1	0	0	1	0	0	0	3	0	0	1	0	1	1	3	8	9	6	5	3	3	3	3	3	4	3	3	2	4	7	8	9	34	41	0	27	17	18	4	2	7	5	10	5	6	12	4	0	8	2	4	1	7	3	3	5	17	3	0	2	2	3	4	4	1	1	1	0	8	1	0	0	0	4	3	1	1	3	0	2	7	12	8
0	0	0	0	0	0	0	1	1	0	0	0	0	0	0	0	1	0	0	1	0	0	1	0	1	1	0	0	0	1	1	0	0	0	1	0	0	0	0	0	0	1	1	0	2	1	1	3	1	2	0	1	4	5	2	2	1	1	0	3	1	2	1	2	0	0	2	0	1	0	0	0	0	0	0	0	1	0	0	1	0	1	3	4	0	1	1	0	0	0	2	1	0	0	1	0	1	1	0	0	0	2	2	1	0	0	0	0	1	0	1	1	0	0	0	0	0	0	0	1	1	0	0	1	0	1	0	1	2	0	1	0	0	0	1	0	0	1	3	1	0	0	2	0	1	3	0	1	1	0	2	1	0	1	1	0	2	2	4	1	1	1	0	1	2	0	0	1	0	0	0	0	2	3	3	2	1	3	1	1	1	0	2	0	3	3	7	2	3	14	20	11	16	15	90	13	5	1	0	0	1	1	0	0	1	1	1	2	1	1	1	5	5	5	1	5	5	4	5	4	12	7	6	5	2	1	1	2	0	0	0	2	1	1	0	1	1	0	2	4	0	5	1	5	19	1	4	4	2	3	2	5	1	0	0	2	3	4	15	5	3	6	14	27	0	51	17	7	3	1	0	4	6	6	13	4	8	3	4	8	6	13	10	10	8	11	7	5	1	1	2	3	7	1	5	1	3	9	5	3	2	7	8	4	3	2	0	1	2	2	17	3
0	0	0	0	0	0	0	0	0	0	0	0	0	0	0	0	1	0	1	1	1	0	1	0	1	3	0	1	0	0	1	1	1	0	0	0	0	0	0	2	0	1	2	2	1	4	0	0	1	3	0	1	3	3	1	2	2	0	0	3	1	0	2	0	0	0	1	1	0	0	0	0	3	1	0	0	1	0	0	1	0	1	0	0	2	1	0	0	1	1	0	1	0	1	1	1	1	0	0	1	0	0	0	0	0	1	0	0	1	0	1	0	0	1	3	0	0	1	0	2	2	1	0	0	0	2	1	0	0	0	1	0	0	0	0	1	0	1	1	0	0	0	1	1	0	1	0	0	0	4	2	1	6	0	3	0	5	3	2	0	3	1	2	1	3	1	2	1	2	1	0	1	0	0	1	6	0	1	2	3	0	0	1	1	2	2	6	1	2	12	29	17	13	16	75	5	1	1	0	0	0	0	1	0	0	0	0	0	1	2	3	2	2	3	3	2	0	3	2	1	16	3	4	3	1	1	3	2	0	1	3	1	1	0	0	2	0	0	1	0	1	3	3	5	12	3	3	7	0	2	3	1	2	0	1	1	3	5	4	7	7	5	10	17	51	0	20	4	8	1	2	10	9	16	35	18	11	7	5	10	14	10	13	13	13	7	8	2	3	2	2	8	3	2	3	4	2	13	5	4	1	3	2	1	1	0	1	1	5	8	5	5
0	0	0	0	0	0	0	0	1	0	0	0	0	0	1	0	0	0	0	1	0	0	0	0	0	0	0	0	0	1	0	0	0	0	0	0	0	0	1	0	0	2	0	2	3	0	0	1	4	3	3	2	2	0	1	0	0	2	0	1	1	2	0	0	0	1	1	1	0	0	2	1	0	1	0	0	0	0	0	1	0	0	2	0	0	0	1	0	2	0	0	0	0	0	0	1	1	0	0	0	0	0	0	0	1	0	0	1	0	2	0	2	1	0	0	0	0	0	0	0	1	0	0	0	0	1	1	1	0	0	0	0	0	1	1	0	1	0	0	0	1	0	0	0	2	0	0	3	1	3	2	0	3	0	1	0	1	1	1	0	2	1	1	0	1	1	0	0	0	1	0	2	1	3	1	3	1	0	4	3	2	0	0	2	3	2	4	3	0	9	886	146	51	5	12	2	1	1	0	0	0	0	2	0	1	0	1	0	0	0	1	1	5	3	4	0	1	2	0	3	16	4	3	1	2	1	2	0	0	0	1	1	0	1	2	1	0	0	0	1	3	0	2	2	6	6	3	7	5	5	4	3	3	2	3	7	6	14	22	12	5	5	10	18	17	20	0	13	7	7	4	2	7	3	8	6	11	1	1	6	2	6	3	8	5	3	2	1	3	1	2	2	2	0	0	4	9	9	5	3	1	4	1	2	5	1	1	2	0	3	2	4
0	0	0	0	0	0	0	0	0	0	0	1	1	0	0	1	1	0	0	1	0	0	1	0	0	0	0	1	0	0	1	0	0	0	0	1	1	0	0	0	0	0	0	1	0	2	0	1	0	2	1	2	1	0	0	1	1	0	0	0	3	0	2	0	0	1	2	0	0	0	0	0	0	0	0	0	2	0	1	1	0	0	0	2	0	2	1	0	2	0	0	1	1	3	0	0	1	1	0	1	0	0	2	0	0	0	0	0	0	0	0	0	0	1	2	2	1	0	0	0	0	2	1	1	0	0	0	1	1	0	0	2	2	0	0	0	0	0	0	0	1	0	0	1	0	0	0	0	0	1	0	1	2	1	1	0	1	3	2	0	1	0	0	1	1	0	1	0	0	1	0	0	1	1	0	0	2	1	2	0	1	0	0	0	0	0	1	1	0	5	13	15	9	5	2	2	0	0	0	0	3	0	1	0	1	1	1	1	0	0	1	1	1	2	0	0	3	3	2	2	6	3	1	0	1	1	1	0	1	1	1	0	0	0	0	0	1	1	0	0	0	0	0	0	4	5	6	2	5	1	0	3	3	3	2	1	8	10	9	14	0	1	3	4	7	4	13	0	15	1	5	2	3	3	2	3	2	2	3	4	4	4	4	3	4	0	1	1	2	1	0	0	0	4	5	2	6	6	1	2	2	4	1	0	1	0	0	1	2	4	3	0
0	0	0	0	0	0	0	0	0	0	0	1	0	2	0	0	0	0	1	0	0	0	0	0	1	0	1	0	1	1	1	0	0	0	1	1	2	0	0	4	0	0	1	1	0	0	0	2	0	0	0	1	1	1	1	3	0	0	0	0	1	0	0	1	1	0	0	4	0	0	0	0	0	1	0	1	0	1	0	0	1	0	1	1	0	1	1	0	2	2	1	0	0	0	1	0	0	0	1	1	1	1	0	0	0	0	0	0	1	0	2	0	1	0	0	1	0	0	0	0	0	1	0	0	1	0	1	2	1	0	0	0	4	1	1	1	1	0	0	2	0	0	0	2	1	1	0	5	0	1	2	1	0	1	0	0	1	2	0	1	1	1	1	0	0	0	1	1	1	0	0	2	0	1	1	0	3	2	1	2	2	0	3	1	2	0	1	1	1	2	4	17	4	5	2	1	0	2	0	0	0	0	0	0	1	0	1	0	0	2	0	1	3	2	2	2	1	3	0	5	6	4	0	2	0	2	1	1	0	0	1	0	0	0	0	0	1	0	0	0	3	0	0	1	0	5	5	0	7	2	4	1	3	3	1	1	2	1	3	29	13	5	2	2	3	8	7	15	0	37	5	4	13	3	1	2	4	1	1	1	1	0	0	3	3	2	0	0	0	0	0	1	0	1	4	3	4	2	1	2	0	0	0	1	0	0	0	2	1	0	1	3
0	0	0	0	0	0	0	0	0	0	0	1	0	0	1	1	1	1	0	0	0	0	1	1	0	0	1	0	0	0	1	0	0	1	0	0	0	2	0	1	1	0	0	1	1	1	1	1	0	1	1	1	0	1	2	0	0	0	0	0	0	1	1	0	1	0	0	0	0	0	0	0	1	0	0	0	0	1	2	1	2	0	2	0	0	0	1	0	0	0	0	0	2	1	0	0	0	1	1	0	1	0	0	0	0	0	1	0	1	0	1	3	0	0	0	0	1	2	1	1	0	0	0	0	1	0	1	0	1	0	0	0	0	2	0	0	1	1	0	0	1	1	0	0	1	1	1	4	1	0	1	0	1	2	0	0	1	0	2	1	1	0	1	1	0	0	0	1	0	0	2	0	1	2	0	0	0	4	0	2	2	5	0	0	1	0	5	1	3	2	3	8	5	2	1	3	0	1	0	0	2	1	0	0	0	0	1	0	0	0	1	3	1	2	1	2	0	3	0	3	1	4	1	1	0	0	0	0	0	0	0	1	0	1	2	2	1	0	0	0	2	0	0	4	0	3	6	5	1	3	0	0	1	2	1	1	1	1	4	8	13	6	0	7	1	1	7	1	37	0	18	4	10	2	1	2	3	0	0	1	1	3	0	1	0	1	0	0	2	0	0	2	2	2	1	0	1	1	2	1	0	1	1	0	0	0	1	1	1	0	1	2
0	0	0	0	0	0	0	1	1	0	0	2	0	0	0	0	0	2	0	0	1	0	0	0	0	1	0	1	0	0	0	0	1	2	1	2	0	1	0	0	2	3	1	1	1	1	0	2	0	0	0	1	2	3	2	1	0	0	1	0	0	0	1	1	0	2	1	1	0	0	0	0	1	0	1	0	0	0	0	0	0	0	0	1	0	0	0	0	0	1	0	0	0	0	0	0	3	1	0	0	0	0	0	0	0	0	1	1	0	0	1	2	1	0	0	0	1	2	0	1	1	0	0	0	0	1	0	1	0	1	1	0	1	1	2	0	0	0	0	2	0	1	1	0	2	1	1	2	4	4	2	1	4	0	1	0	1	1	1	0	1	1	1	0	0	0	0	1	1	1	1	2	0	0	0	1	0	1	1	3	0	1	0	1	2	2	1	1	3	2	2	5	4	6	3	1	1	1	1	0	0	0	1	0	1	0	1	0	0	0	1	4	1	0	0	1	2	2	2	3	9	1	3	1	0	1	1	0	1	1	0	0	1	0	1	0	0	0	0	2	1	1	1	2	2	3	0	0	2	2	1	1	2	0	1	1	0	2	2	10	19	6	3	5	0	2	4	5	5	18	0	11	7	5	2	3	2	1	1	2	3	1	1	0	5	3	3	0	0	1	0	0	4	0	0	1	1	1	0	1	0	1	0	0	0	1	0	0	0	0	1	1
0	0	0	0	0	0	0	0	0	0	1	0	0	2	1	0	0	0	0	0	0	0	1	1	1	0	0	1	1	0	0	0	0	0	0	0	1	0	0	1	1	1	1	1	0	2	3	0	1	4	0	0	1	0	3	2	1	1	0	1	1	0	1	0	0	0	0	1	1	0	0	0	1	0	2	0	0	0	2	0	0	0	1	0	0	0	1	0	0	1	0	0	0	0	0	1	0	1	0	1	0	0	0	0	0	0	0	1	0	0	2	1	1	0	0	0	2	0	0	0	1	0	0	1	1	0	0	1	0	0	0	0	0	0	0	0	1	0	1	3	1	0	1	2	1	0	2	0	1	2	5	1	2	0	2	2	4	4	1	3	5	3	0	2	1	0	1	1	1	1	0	0	1	3	1	1	1	5	3	0	5	0	4	4	1	3	1	2	2	5	1	4	5	18	4	3	3	0	0	0	1	0	0	1	0	0	0	0	0	2	1	0	1	4	2	1	2	3	2	3	6	4	2	0	0	0	0	2	0	3	2	2	0	0	0	0	0	1	1	2	0	0	0	1	2	2	2	6	3	2	4	0	0	1	1	1	1	2	3	10	13	9	7	10	4	10	2	2	4	4	11	0	19	9	8	9	6	4	1	3	5	3	0	2	3	11	2	3	2	2	0	3	1	2	1	1	1	2	1	3	2	2	0	2	1	0	0	0	2	0	4	14
0	0	0	0	0	0	0	0	0	0	1	0	0	0	0	1	0	0	1	0	2	0	0	0	1	0	2	0	0	1	0	0	0	0	0	0	0	1	1	2	1	2	0	0	1	1	0	1	0	0	1	0	3	0	0	2	1	0	1	1	0	0	0	1	0	0	0	0	0	0	1	1	0	0	0	0	0	0	1	0	0	1	0	1	0	1	1	0	0	0	1	0	2	0	0	0	0	0	0	0	0	0	0	0	0	0	0	0	0	0	1	0	1	0	0	0	0	1	0	0	0	0	1	0	0	0	1	0	1	1	0	0	1	0	2	0	1	1	1	0	0	0	2	1	1	0	2	0	0	1	0	1	2	1	1	2	3	1	0	1	0	1	0	0	2	1	0	0	1	2	0	1	0	0	2	2	1	0	0	0	0	1	0	4	1	3	1	0	3	5	6	6	8	4	5	2	2	1	0	1	1	0	0	1	1	0	0	0	0	0	0	0	1	1	0	0	1	4	1	2	3	2	2	1	0	1	0	0	2	1	1	0	1	1	0	0	1	0	0	1	1	0	0	0	1	1	1	0	1	0	1	3	1	0	0	0	2	2	3	16	28	1	0	5	6	9	7	3	13	10	7	19	0	57	10	12	10	1	2	3	6	3	6	3	4	2	3	3	0	1	1	1	1	2	1	5	5	2	2	0	1	3	2	1	0	1	2	0	3	2	2	4
0	0	0	0	0	0	0	0	0	0	1	0	0	1	0	1	1	0	0	0	1	0	0	0	0	1	0	0	0	0	0	0	0	0	0	1	1	0	0	2	0	0	1	1	1	0	1	0	0	0	0	0	1	0	0	0	2	0	1	0	2	1	0	1	0	0	1	0	1	1	0	0	1	0	1	0	0	0	0	2	0	1	1	0	0	1	0	0	0	0	1	0	0	1	0	0	0	1	0	0	0	0	0	0	1	0	1	1	0	0	0	0	0	1	0	0	0	0	0	1	0	0	0	1	0	0	0	0	0	0	1	0	0	0	0	1	0	0	0	1	0	0	0	0	0	0	0	4	1	1	2	0	4	1	2	0	3	3	0	2	0	0	2	1	0	1	0	0	1	0	0	0	0	1	0	0	1	1	2	0	1	2	1	1	1	1	0	0	1	0	5	6	7	8	3	3	2	2	0	0	0	1	0	0	0	0	0	1	0	0	0	0	1	1	1	1	0	1	0	2	6	2	2	0	2	0	0	2	1	2	1	1	3	2	0	0	0	2	0	1	1	2	3	0	2	2	2	2	1	1	1	3	0	0	1	1	2	2	3	16	12	4	4	6	6	16	3	3	3	2	5	9	57	0	13	58	12	6	6	12	7	4	2	8	4	3	4	2	0	3	1	2	1	3	0	1	4	6	0	2	3	1	0	0	1	2	0	2	4	1	3	2
0	0	0	0	0	0	0	0	0	0	0	0	0	0	2	0	0	0	0	0	2	1	1	0	0	2	0	0	0	1	2	1	0	1	0	0	1	1	0	0	0	0	0	1	0	0	1	1	4	3	1	2	1	2	0	1	0	0	0	0	0	0	1	0	0	0	0	0	0	0	0	0	0	0	0	0	1	3	1	2	0	0	1	0	2	0	1	1	0	0	0	0	0	0	2	0	1	1	0	0	0	1	0	0	0	0	0	0	1	2	0	1	0	0	0	0	0	1	0	0	0	0	0	0	0	0	0	1	1	0	1	1	0	0	1	3	0	0	0	1	1	0	1	0	0	1	0	2	1	2	3	1	1	0	1	3	4	4	1	2	1	2	0	3	2	1	1	1	0	1	0	0	1	4	0	2	1	0	1	1	1	1	1	0	4	7	0	2	1	4	4	13	6	12	39	15	3	2	1	1	1	0	0	0	0	0	1	1	2	0	0	2	3	0	1	1	1	4	0	1	4	1	2	1	3	1	3	3	1	1	1	1	2	1	1	1	2	2	2	0	2	1	6	7	3	0	3	3	0	2	0	1	2	1	0	2	2	3	5	9	3	0	2	12	13	35	8	2	1	1	2	8	10	13	0	64	21	5	7	17	10	15	10	17	33	27	14	6	5	1	2	5	5	1	3	3	4	2	4	3	6	7	1	1	2	1	2	2	0	3	11	3
0	0	0	0	0	0	0	0	0	0	0	0	0	0	1	0	0	0	1	1	0	0	0	0	1	0	1	0	0	0	1	0	0	0	0	0	1	0	0	0	0	1	0	2	2	0	0	1	1	1	1	0	0	0	0	1	0	0	0	0	2	4	0	1	0	0	0	0	0	0	0	0	1	1	0	0	0	0	0	0	0	0	0	0	0	0	2	1	0	1	1	0	0	0	0	0	0	0	1	0	0	0	0	0	0	0	0	0	1	0	0	0	1	0	0	0	0	0	0	0	0	0	0	0	0	0	0	0	1	0	0	0	0	0	2	1	0	2	0	0	1	0	0	1	1	3	1	0	1	2	2	0	3	1	2	0	1	2	0	2	2	2	0	1	2	0	4	1	1	1	0	2	1	1	1	1	0	0	1	1	0	0	1	0	2	3	1	1	0	3	13	5	0	6	13	2	0	0	0	2	0	1	0	2	0	0	0	2	0	0	1	1	2	0	1	2	2	1	0	0	5	4	2	1	0	1	0	3	3	0	1	1	0	1	1	1	1	1	0	0	6	1	0	1	3	1	2	1	2	1	0	2	4	1	1	1	1	2	5	9	8	4	2	4	4	18	6	3	2	2	3	9	12	58	64	0	46	13	4	29	5	5	12	15	13	7	9	4	3	1	4	2	7	1	4	1	3	7	4	5	2	7	3	2	1	2	1	3	1	1	3	3
0	0	0	0	0	0	0	0	2	0	0	1	0	0	0	0	0	0	0	0	1	0	0	0	0	0	1	0	0	0	0	0	0	0	0	0	0	2	0	1	0	1	0	0	0	1	1	0	3	1	1	2	2	2	2	0	0	2	0	0	0	0	0	2	0	0	0	0	0	0	0	1	0	0	0	0	1	0	0	0	0	1	0	2	0	1	0	0	0	1	0	0	0	0	0	1	4	1	0	0	0	0	1	0	0	2	0	0	1	0	0	0	1	0	0	1	0	1	0	0	0	1	1	0	0	0	1	0	0	1	0	0	0	0	3	0	0	1	0	0	0	0	0	0	0	1	1	0	2	0	0	2	0	1	1	0	1	1	1	1	1	1	1	1	1	0	1	1	1	0	1	1	0	0	2	0	0	0	0	1	2	2	0	2	2	2	1	2	1	4	7	5	3	2	4	6	3	2	1	0	0	0	0	0	1	1	1	0	1	0	2	0	0	3	0	1	1	1	1	2	1	1	0	1	0	0	1	1	0	2	3	2	0	4	1	1	1	2	1	1	3	8	2	7	5	1	1	4	1	0	3	3	1	0	1	0	1	3	2	2	5	1	0	0	8	11	11	2	4	3	2	6	10	12	21	46	0	27	11	123	19	13	9	12	9	5	7	2	3	8	3	0	7	3	9	2	2	6	6	2	5	7	2	1	6	0	3	2	3	2	6	0
0	0	0	0	0	0	0	0	1	0	0	0	0	1	0	0	0	0	0	0	0	0	0	0	0	1	0	0	0	0	1	0	0	1	0	1	0	0	0	0	0	0	0	1	1	3	0	0	1	0	1	3	2	1	2	0	0	0	2	0	0	2	0	0	0	1	1	0	2	0	0	0	0	0	0	1	1	0	1	0	0	0	0	2	0	0	0	0	0	1	1	0	0	0	0	0	0	0	2	0	1	1	0	1	1	0	0	0	0	1	2	0	0	0	0	0	0	0	0	0	1	0	0	0	1	0	0	0	1	1	0	0	0	0	0	2	0	0	1	1	0	0	0	0	0	0	1	0	1	0	0	1	1	0	1	0	2	2	0	2	1	0	0	0	0	1	1	0	1	1	2	0	1	0	2	0	0	1	0	0	1	2	1	4	3	2	0	1	2	0	1	1	2	4	7	5	2	0	1	0	2	2	1	0	0	1	1	1	0	0	0	1	1	2	1	2	0	1	3	1	2	2	3	0	2	2	0	1	0	2	5	1	3	1	0	2	2	6	2	2	3	2	3	2	2	1	2	1	1	1	0	0	1	0	1	1	2	2	0	5	0	2	0	8	3	7	1	2	1	0	1	4	1	6	5	13	27	0	99	30	11	8	10	10	11	4	10	9	6	2	4	5	11	7	3	1	1	7	3	5	8	12	0	1	3	3	2	2	0	5	2	1
0	0	0	0	0	0	0	1	1	1	0	0	1	0	0	1	0	0	0	0	0	0	0	1	0	0	0	0	0	0	1	0	0	0	2	0	1	1	0	0	0	0	0	0	0	1	0	0	0	0	0	1	2	1	0	1	0	0	1	0	0	1	0	0	1	0	0	1	2	1	0	0	0	0	0	2	1	0	0	0	0	0	1	1	0	0	0	0	0	1	0	0	0	0	0	0	0	0	1	0	0	1	0	0	0	0	0	0	1	0	1	0	0	1	0	0	0	0	0	0	0	0	0	0	0	0	1	0	0	0	0	0	0	1	0	0	0	0	0	1	1	0	0	0	1	1	2	1	0	1	2	1	1	0	2	1	1	1	2	1	5	0	0	3	3	2	1	1	1	1	2	1	1	0	0	1	1	0	0	1	0	0	0	1	0	1	0	3	3	3	3	3	3	2	7	4	3	1	1	2	1	1	0	2	0	1	0	1	0	0	1	1	2	1	1	2	1	0	0	2	1	3	1	1	0	0	1	4	2	4	2	2	1	6	2	2	3	4	4	3	7	4	2	4	2	1	0	0	0	0	2	2	1	0	1	0	1	1	2	1	2	2	1	2	4	5	1	3	1	0	1	1	2	6	7	4	11	99	0	14	10	8	8	15	8	3	15	15	3	5	3	4	10	3	5	0	4	2	3	1	6	5	0	1	1	2	4	2	2	4	4	4
0	0	0	0	0	0	0	0	0	0	0	0	0	0	0	0	0	0	0	1	0	0	0	0	0	0	0	0	0	0	1	1	1	0	2	1	0	1	0	1	0	0	0	1	1	1	0	1	2	0	0	0	3	3	0	2	0	0	0	2	0	0	1	2	0	1	1	2	0	0	0	0	1	0	0	1	0	0	0	1	0	0	0	0	0	0	0	0	1	2	0	0	0	0	0	1	0	1	0	0	0	0	1	0	0	0	0	0	3	1	0	0	0	0	0	0	0	0	0	0	0	0	2	0	0	1	1	0	0	0	0	0	2	0	0	0	0	0	1	0	0	0	0	0	1	0	1	1	1	0	1	1	3	2	0	0	1	1	1	3	4	3	0	0	1	1	1	1	2	0	1	0	2	0	1	4	0	0	2	2	1	1	1	2	2	1	1	2	1	1	6	8	1	6	10	6	1	0	2	1	1	0	2	0	2	1	0	0	0	1	2	2	3	0	0	0	0	1	3	2	5	4	4	2	1	1	0	1	1	0	1	3	1	1	1	3	4	2	4	2	2	4	4	4	4	2	1	2	1	0	0	2	1	0	1	1	1	2	0	2	4	2	1	4	8	10	6	4	1	1	2	3	3	12	17	29	123	30	14	0	17	24	22	26	15	6	9	4	5	4	1	5	13	3	2	3	2	11	3	2	9	12	3	2	2	1	2	2	4	3	4	4
0	0	0	0	0	0	0	1	0	0	0	0	0	0	0	0	0	1	0	0	0	0	1	0	0	0	0	1	0	0	0	0	0	1	1	0	1	1	0	0	0	0	0	0	0	0	0	0	1	1	0	1	2	0	0	0	0	1	0	2	2	1	3	0	0	1	1	0	0	0	0	0	0	0	0	0	0	1	0	0	0	1	0	1	1	1	0	0	0	0	0	2	0	0	1	1	1	0	0	1	0	0	0	0	0	0	1	1	0	0	0	0	1	0	0	0	0	0	0	0	0	0	1	0	0	0	0	0	0	0	0	1	1	0	0	0	0	0	0	1	0	0	2	1	1	1	1	2	1	2	0	1	1	0	0	0	1	0	2	1	2	0	0	1	2	2	1	1	1	1	0	0	1	2	1	0	1	1	1	0	0	1	2	0	1	0	1	1	1	2	3	5	4	3	9	4	4	1	1	0	2	0	0	0	0	0	0	0	0	2	1	3	2	5	1	1	1	0	0	3	2	2	3	3	0	1	1	3	0	0	2	0	1	1	0	0	0	2	1	1	3	1	2	4	7	2	2	2	1	0	1	1	1	1	0	0	1	3	5	6	4	2	2	1	6	14	2	4	1	1	3	5	6	7	10	5	19	11	10	17	0	29	33	20	9	8	4	5	1	2	5	9	11	14	19	7	6	49	17	10	7	19	1	4	4	3	3	6	3	10	3	3
0	0	0	0	0	0	0	1	0	1	0	0	0	0	0	0	0	0	0	2	1	1	0	0	0	0	1	1	0	1	0	0	1	0	0	0	0	1	0	0	1	3	1	1	1	1	1	0	2	2	1	8	3	2	0	0	0	1	1	0	3	1	2	0	0	1	1	0	0	1	0	1	1	0	0	0	1	0	0	2	1	1	0	2	0	1	1	0	0	1	0	0	1	1	0	0	1	1	2	1	1	0	0	0	0	1	0	0	0	0	1	2	0	2	0	0	0	0	0	0	0	0	1	0	1	0	1	1	0	0	0	0	0	0	0	1	0	1	0	1	0	0	1	0	0	0	1	0	5	2	0	0	0	3	1	1	5	2	1	3	4	0	4	0	4	1	0	2	2	0	1	3	1	2	1	2	1	0	2	0	1	1	1	0	2	1	0	2	5	3	4	5	5	10	14	14	5	1	0	0	0	1	1	0	0	0	1	1	0	1	1	3	3	2	2	0	2	2	1	1	3	3	7	5	1	1	2	3	0	1	2	4	3	2	3	2	0	2	3	2	4	6	8	17	4	0	3	2	0	2	2	1	1	1	0	1	2	5	7	4	5	2	2	7	13	10	6	4	0	3	1	3	3	4	15	5	13	8	8	24	29	0	126	66	11	3	2	6	3	8	9	11	51	8	6	3	3	8	12	4	25	39	7	6	4	3	2	4	4	9	13	5
0	0	0	0	0	0	0	0	0	0	0	1	0	0	0	0	0	0	0	0	0	0	0	1	1	1	0	0	0	0	1	1	0	2	0	0	0	0	1	0	0	0	0	0	0	0	1	0	0	0	2	1	0	3	3	1	1	0	0	0	2	0	1	0	0	0	1	1	1	0	0	0	1	0	0	1	0	0	0	1	0	0	0	0	0	0	0	0	0	0	0	0	0	0	0	1	0	1	0	0	0	0	0	0	1	0	0	0	1	1	1	0	0	0	0	0	0	0	0	1	1	0	0	0	0	0	1	1	2	1	0	1	1	1	1	0	0	0	1	2	1	1	1	0	3	1	0	1	0	1	3	0	1	0	2	2	2	1	0	2	2	1	1	0	2	2	1	1	0	1	1	0	1	0	1	1	2	2	2	0	0	1	1	0	1	6	0	2	4	0	4	5	0	4	5	7	4	3	2	0	3	1	0	1	2	0	1	2	0	0	0	2	4	2	1	0	1	2	0	3	1	4	1	1	1	2	3	1	0	3	3	1	3	3	2	1	1	3	4	0	2	5	8	5	7	0	0	0	2	1	0	3	2	2	0	1	0	2	1	1	0	2	4	3	10	13	3	4	0	0	1	0	6	2	10	12	9	10	8	22	33	126	0	66	10	9	10	9	7	4	9	6	107	9	10	4	6	13	4	5	47	120	8	2	8	4	2	3	4	6	7	0
0	0	0	0	0	0	0	0	0	0	0	0	1	0	0	0	0	0	0	0	1	0	0	0	1	1	0	1	1	0	0	1	0	0	0	0	0	0	1	0	1	0	2	1	0	1	1	0	0	1	2	1	0	3	0	1	0	0	0	0	0	2	0	0	0	0	0	1	0	0	1	0	0	1	0	0	1	0	1	0	1	0	0	0	0	0	0	1	1	0	1	0	1	0	0	0	1	0	1	0	1	1	0	0	0	0	0	0	0	1	1	0	0	0	0	0	0	1	0	0	2	0	0	0	0	0	0	0	0	0	0	0	0	0	0	1	0	0	1	0	0	0	1	1	2	1	0	1	2	1	0	3	1	2	0	1	3	1	0	3	2	3	1	1	2	1	1	2	0	0	2	0	2	1	1	1	0	1	1	0	3	2	0	0	1	2	3	0	1	3	5	2	1	3	11	21	10	4	1	0	1	0	0	2	0	0	0	0	3	4	0	2	1	3	3	2	4	1	1	1	3	2	2	2	0	0	5	4	6	2	3	5	0	0	1	2	2	2	3	5	4	2	5	10	5	1	1	0	2	1	5	2	3	0	1	0	1	0	3	4	2	2	2	3	10	13	8	3	3	1	0	2	3	8	17	15	12	10	15	26	20	66	66	0	36	11	14	14	8	9	7	5	23	4	3	2	3	11	9	5	8	22	2	3	7	7	1	0	3	0	10	4
0	0	0	0	0	0	0	1	0	0	0	0	0	0	0	0	1	0	0	0	0	0	1	0	2	0	1	0	0	2	0	0	0	0	0	0	0	1	1	0	1	0	1	2	2	0	0	2	2	2	0	1	6	2	2	1	0	1	0	1	0	0	1	0	0	0	0	2	0	1	0	0	0	0	0	0	1	2	0	2	0	1	0	0	0	0	0	0	0	0	1	0	0	1	0	0	0	0	3	0	1	0	0	0	0	0	1	0	0	0	1	0	0	0	1	0	0	0	1	0	1	0	0	1	0	1	0	0	0	1	0	0	0	0	1	0	0	0	2	0	0	0	1	0	1	0	1	0	1	4	3	0	6	4	0	2	3	4	3	0	5	2	3	1	1	0	0	2	2	1	0	1	0	1	2	1	1	2	0	1	0	2	0	2	3	3	6	1	2	3	1	4	3	7	12	41	12	2	3	1	1	2	1	0	1	0	1	3	1	2	1	1	1	3	0	3	2	1	1	3	3	1	3	2	1	1	3	2	4	4	4	1	3	0	1	0	0	3	3	2	1	2	5	4	1	1	0	3	0	0	0	1	1	0	2	0	2	0	2	6	4	3	1	5	8	13	5	4	3	0	5	3	4	4	33	13	9	11	8	15	9	11	10	36	0	60	36	17	2	7	4	9	7	7	3	3	4	1	5	4	2	4	3	0	3	1	3	1	5	0	16	8
0	0	0	0	0	0	0	0	0	0	0	0	0	0	0	0	1	0	0	0	0	0	0	0	1	0	3	0	0	2	0	2	2	0	1	1	1	1	0	1	1	3	1	2	3	2	1	3	3	2	0	2	6	2	1	0	0	2	2	0	1	1	1	1	0	0	1	0	0	0	0	1	0	0	0	0	1	0	0	0	0	0	0	0	0	0	0	0	0	0	0	0	0	0	0	1	1	2	3	0	0	0	1	0	0	0	0	2	0	0	3	0	0	0	0	0	0	1	0	0	0	1	0	0	0	1	0	0	0	0	0	1	1	1	0	0	0	0	0	0	0	0	2	1	0	1	2	2	2	1	3	1	1	1	2	1	8	3	1	4	3	2	0	0	3	3	1	1	0	1	1	2	2	3	0	1	1	0	2	1	0	1	1	4	1	1	2	1	1	5	4	3	2	20	20	18	12	6	0	3	3	0	0	1	1	1	3	2	1	0	2	2	1	0	1	0	0	0	1	2	4	1	4	1	3	0	0	0	2	2	2	3	3	0	0	1	1	0	0	1	4	2	4	5	3	0	0	0	0	1	1	0	1	0	0	0	0	3	2	4	5	3	4	17	11	7	3	0	2	1	3	11	2	3	27	7	5	4	3	6	8	3	9	11	60	0	13	3	8	7	6	2	1	3	2	3	1	3	1	2	1	4	1	1	4	0	0	0	1	0	6	8
0	0	0	0	0	0	0	1	0	0	0	0	0	0	0	0	0	0	0	1	0	0	1	0	0	0	1	0	0	0	0	0	1	0	2	0	1	1	2	0	0	0	0	0	1	0	0	2	1	1	0	3	2	3	3	0	0	1	2	0	0	0	2	2	0	0	0	0	0	0	0	0	0	0	0	1	1	1	1	0	1	0	1	1	0	0	0	0	1	1	0	0	1	0	0	1	0	1	0	0	1	1	0	0	0	0	1	0	0	0	0	0	0	0	2	0	0	0	0	0	1	1	1	0	1	1	0	0	3	0	0	0	0	0	0	0	0	0	0	0	0	0	3	1	1	0	0	1	1	2	2	1	1	1	1	3	2	1	2	4	7	2	0	0	1	3	4	1	0	1	0	3	0	1	2	1	0	1	2	0	0	1	1	0	3	3	1	0	0	0	2	3	2	4	9	11	17	1	3	0	3	1	1	1	0	1	0	1	1	1	1	1	3	1	3	1	3	0	0	1	1	4	0	3	1	0	3	4	3	6	4	2	3	1	2	0	1	1	0	3	4	1	2	2	2	1	0	1	1	1	2	2	1	1	0	2	1	3	0	2	2	4	2	3	7	8	2	1	0	0	3	2	3	4	14	9	7	10	15	9	4	2	10	14	36	13	0	16	2	9	3	9	5	5	0	1	3	7	3	3	2	7	3	2	3	1	2	2	1	0	1	7
0	0	0	0	0	0	0	0	1	0	2	0	0	0	0	0	0	1	0	0	0	0	0	1	0	0	1	1	1	0	0	1	1	1	2	0	0	0	1	0	1	0	0	2	0	3	2	1	2	4	1	1	2	1	2	1	0	0	0	0	1	0	1	0	1	1	1	0	0	0	0	0	1	0	1	0	0	0	1	0	1	0	1	0	0	0	0	0	0	0	0	2	0	1	0	0	0	0	2	2	2	1	0	0	0	0	0	0	0	0	0	0	0	0	0	2	0	0	0	1	0	0	0	0	2	1	0	0	0	0	0	0	0	0	0	0	1	0	1	0	0	0	0	0	1	0	1	1	1	2	1	1	4	2	1	1	3	6	5	4	4	1	1	1	2	2	1	0	1	0	0	0	0	2	1	0	1	0	1	0	1	0	0	1	2	1	1	3	0	2	3	1	2	2	1	5	11	1	2	2	2	1	0	1	0	0	3	1	2	0	1	1	1	3	0	2	1	0	0	1	2	2	2	3	0	1	3	2	5	5	5	4	8	6	3	3	2	3	9	4	21	3	3	5	2	0	0	0	0	0	0	3	2	0	0	1	3	0	3	2	0	1	0	0	5	2	1	1	0	0	0	3	3	2	6	4	2	9	15	4	5	6	9	14	17	3	16	0	21	10	16	5	15	5	3	0	2	1	3	4	13	16	10	1	6	4	2	4	1	1	7	1
0	0	0	0	0	0	0	0	0	0	1	1	0	0	0	0	0	0	0	0	1	1	0	0	0	0	1	1	0	0	0	0	0	1	0	0	0	1	0	0	1	0	0	2	1	0	0	0	0	1	0	3	1	5	2	1	1	1	2	1	0	1	0	0	2	0	1	0	0	0	1	0	0	1	1	0	3	0	1	0	1	1	0	1	0	1	0	1	0	0	0	0	0	0	0	0	0	0	2	0	0	0	0	0	0	0	0	0	0	0	0	0	1	0	0	0	0	0	2	0	0	0	0	0	0	0	0	0	0	0	0	0	0	1	0	0	1	0	1	0	0	0	0	0	0	0	0	0	2	0	1	1	4	2	2	2	0	5	3	3	6	6	2	1	3	1	1	1	0	2	0	0	1	1	1	2	0	0	1	0	0	0	2	2	0	0	1	4	0	0	1	2	0	1	2	7	13	8	1	2	0	2	1	0	0	1	3	2	2	3	3	2	3	1	1	3	0	2	1	4	0	2	3	1	2	7	5	7	3	3	5	0	3	4	1	4	2	4	3	7	13	4	9	5	2	1	0	0	2	0	2	0	0	0	1	0	1	1	0	2	0	0	0	2	1	3	3	2	0	2	0	2	0	0	5	3	3	6	3	5	1	3	7	8	2	8	2	21	0	184	9	19	6	2	0	1	0	3	2	2	7	14	6	4	6	8	3	0	2	4	4	1
0	0	0	0	0	0	0	0	1	0	2	0	0	0	0	0	0	0	0	0	0	0	0	2	0	2	0	0	0	0	1	0	0	0	1	1	0	1	0	0	1	0	0	1	0	0	1	2	2	1	0	7	3	4	3	0	0	0	0	1	0	1	0	1	0	0	0	1	1	1	0	0	1	1	0	0	0	0	0	1	0	0	0	0	1	0	0	0	0	1	2	0	0	0	0	0	0	1	1	0	1	0	0	1	0	0	0	0	0	0	1	1	1	1	0	1	0	0	1	0	0	0	0	0	0	1	0	0	0	0	0	0	0	0	0	1	0	0	0	0	0	1	1	1	0	1	0	0	0	1	1	1	1	0	1	2	1	4	0	7	2	1	2	1	4	3	4	1	1	1	0	0	2	1	2	0	0	0	0	0	1	1	0	1	3	2	4	2	2	0	2	0	2	2	4	12	16	7	2	2	1	1	0	0	1	1	1	0	2	1	1	3	3	2	1	0	1	1	0	1	1	1	2	2	3	1	12	6	0	3	1	2	2	0	0	3	1	2	5	4	12	2	11	10	2	0	1	2	1	2	1	0	3	0	0	1	0	0	2	2	1	2	1	2	1	2	1	1	0	0	1	2	1	3	1	1	8	2	5	4	2	8	4	9	7	7	9	10	184	0	45	24	10	3	1	1	1	1	1	1	9	5	4	3	6	4	5	3	2	2	7	0
0	0	0	0	0	0	0	0	0	0	0	0	2	0	0	0	0	1	2	1	0	0	0	2	0	1	1	0	2	1	1	1	1	1	0	0	0	0	0	1	0	2	1	3	0	1	1	1	1	2	3	5	5	7	4	2	0	2	2	0	1	0	1	1	0	1	1	2	2	0	0	0	0	1	1	1	0	2	0	2	0	1	0	1	0	0	2	1	0	0	1	0	1	0	0	1	0	1	2	1	1	2	1	0	0	0	0	1	0	0	0	0	0	0	0	0	0	0	1	0	0	0	0	0	0	0	1	0	0	0	0	0	0	0	0	0	0	0	1	0	2	0	0	2	0	1	0	0	0	1	2	1	3	7	1	6	5	4	3	4	4	2	1	2	2	2	2	2	2	2	1	1	3	0	1	0	1	0	1	2	0	1	1	2	4	2	6	7	1	3	2	3	1	1	7	12	8	4	3	0	1	1	0	1	0	0	3	3	2	1	1	1	6	2	3	1	1	1	1	1	1	2	3	4	5	4	10	3	6	1	0	0	2	0	0	0	2	2	2	0	9	5	40	26	3	1	1	0	2	1	0	0	1	0	0	3	3	0	6	3	1	3	4	3	2	2	2	0	0	0	0	0	1	1	2	4	3	4	3	1	5	9	9	7	4	6	3	16	9	45	0	92	8	4	1	1	4	0	6	8	10	14	14	2	11	12	0	2	4	2	8	2
0	0	0	0	0	0	0	0	1	0	1	0	0	0	0	1	1	0	0	0	0	0	0	2	1	0	0	1	0	0	0	1	2	1	0	0	0	2	0	1	0	1	1	3	1	0	0	1	5	2	3	7	7	16	4	1	1	0	0	2	1	0	1	1	2	1	3	1	0	0	0	0	0	2	0	0	0	0	0	0	0	0	0	0	1	1	0	0	0	1	1	1	0	0	1	0	1	2	1	0	1	0	0	1	0	1	0	1	0	0	0	0	1	0	1	0	0	0	0	0	0	0	0	0	0	0	0	1	0	0	0	0	0	1	0	0	1	1	0	0	0	0	0	0	0	1	0	0	1	5	1	2	1	0	2	2	4	5	3	7	9	4	1	2	4	2	1	1	2	3	2	2	3	1	2	0	1	2	0	0	0	3	0	1	3	4	5	7	1	3	2	1	5	6	9	32	20	2	4	1	1	3	1	1	0	1	1	2	5	1	0	3	4	2	1	0	0	0	2	2	1	6	7	2	6	3	11	1	1	3	2	2	5	2	1	0	2	1	4	4	9	3	13	29	4	0	1	4	0	0	0	0	1	1	1	0	1	2	4	2	0	2	1	4	3	8	2	0	1	2	0	3	1	2	5	2	0	5	4	5	9	11	6	5	9	2	9	5	19	24	92	0	9	4	2	0	2	3	4	3	11	4	8	6	4	5	1	1	4	3	17	6
0	0	0	0	0	0	0	0	0	1	1	0	0	0	0	0	0	1	0	0	0	0	0	1	1	1	1	0	0	1	1	0	1	1	0	0	1	0	0	0	0	0	0	1	0	1	2	1	0	2	1	4	3	3	1	0	0	0	1	0	2	2	1	1	0	1	2	0	0	0	0	0	1	0	0	1	0	0	1	1	0	0	0	0	1	0	0	0	1	0	1	0	0	0	1	0	1	1	1	1	1	2	2	0	2	0	1	1	0	1	0	0	0	0	0	0	1	0	0	0	0	0	0	1	0	1	0	1	1	0	0	0	0	0	0	0	1	0	1	1	0	0	0	0	0	1	0	1	2	1	1	0	1	1	1	2	0	3	1	1	1	0	3	3	0	1	2	1	0	0	1	3	1	0	1	2	2	2	1	1	0	0	2	1	4	3	3	4	4	10	1	2	0	4	8	8	3	3	1	2	0	2	1	1	0	1	0	1	3	0	0	1	2	3	2	2	2	2	1	1	5	0	1	3	1	2	3	1	0	4	4	1	2	0	2	2	3	2	4	8	6	5	11	11	3	2	2	1	5	2	2	1	0	1	1	1	1	1	1	1	2	3	1	4	7	3	2	0	0	2	4	1	1	1	5	7	7	11	10	13	11	51	107	23	7	1	5	15	6	10	8	9	0	16	2	1	3	16	6	11	64	138	13	2	17	6	2	3	10	7	6	1
0	0	0	0	0	0	0	0	0	0	0	0	0	2	0	0	0	0	0	0	0	0	0	0	0	0	0	0	0	0	0	0	2	0	1	1	0	0	0	0	0	0	1	0	2	1	0	1	2	1	0	2	2	1	1	0	0	1	1	0	1	0	0	0	0	0	2	0	0	0	0	0	0	1	0	0	1	0	3	0	0	0	0	0	0	1	1	0	0	0	0	0	0	0	0	1	0	0	0	0	0	0	0	0	0	0	0	0	1	1	0	1	0	0	0	0	0	0	1	0	0	0	0	0	0	0	2	0	0	0	0	0	0	0	0	0	0	1	0	0	0	0	0	0	1	0	1	0	1	0	1	0	0	0	0	0	0	1	1	0	2	0	0	1	1	1	3	1	1	0	0	1	0	0	0	0	1	0	2	0	1	0	0	0	0	1	2	0	2	1	2	0	2	2	2	4	1	1	0	0	0	1	0	0	0	0	0	0	1	0	2	2	1	1	1	0	3	2	0	0	0	2	2	1	0	0	0	1	0	0	1	2	2	1	1	2	0	3	1	3	4	1	5	1	4	0	4	4	1	0	1	0	1	1	0	1	0	2	0	3	1	1	0	1	1	2	0	4	1	2	0	2	2	3	1	1	3	7	3	3	14	8	9	4	7	3	5	5	2	3	4	4	16	0	40	4	2	10	7	9	19	19	6	8	8	4	8	10	15	8	4	0
0	0	0	0	0	0	0	0	0	0	0	1	0	1	0	0	1	0	0	0	0	0	0	0	0	2	0	0	1	0	0	0	0	0	0	0	0	0	0	0	0	0	0	0	0	0	0	0	1	2	1	2	0	0	0	2	0	0	1	1	0	1	3	1	0	1	0	0	0	0	1	0	0	0	0	0	0	0	0	1	1	0	1	1	0	0	0	0	0	1	0	0	0	1	0	0	1	1	0	0	0	2	0	2	0	0	0	0	1	0	1	0	1	0	0	1	0	0	0	0	0	0	0	0	0	2	0	0	1	2	0	0	0	0	1	0	1	0	0	0	0	0	0	0	0	1	0	1	0	0	0	0	1	0	1	0	1	2	1	0	1	0	0	0	1	1	0	0	3	0	2	1	0	0	0	1	0	0	2	1	2	1	0	1	0	2	1	0	0	1	4	2	1	2	3	1	2	1	0	0	0	0	0	0	0	0	0	1	1	2	0	3	3	3	2	1	1	1	1	1	0	2	2	5	1	0	1	1	0	2	1	0	1	0	0	0	3	1	3	3	3	2	0	2	3	1	1	2	2	1	1	2	1	0	1	0	3	3	6	1	0	0	2	1	5	3	0	5	4	1	0	1	1	0	3	4	9	3	5	2	19	6	10	3	3	2	0	3	0	1	1	2	2	40	0	10	6	18	7	8	2	6	5	2	4	3	3	2	13	9	1	1
0	0	0	0	0	0	0	0	0	0	1	0	1	1	0	0	0	0	0	0	0	0	0	0	1	0	2	0	1	0	0	0	1	0	0	0	1	0	0	0	1	1	0	0	0	1	0	1	0	0	1	1	0	1	1	2	1	0	2	3	1	1	0	0	0	1	1	0	0	1	0	0	0	1	0	1	0	0	0	0	0	1	1	1	1	0	1	1	0	2	1	2	0	1	0	0	0	2	1	2	1	2	1	0	1	0	1	0	0	0	1	0	0	1	0	1	0	1	0	0	0	0	0	0	0	1	0	1	1	0	0	1	3	0	0	0	1	1	1	0	1	0	0	1	0	0	1	0	1	1	3	0	1	1	0	1	1	0	0	1	2	0	1	1	1	1	0	0	0	0	1	2	2	0	1	2	2	0	0	2	0	1	0	0	1	0	3	2	0	1	1	3	4	2	1	3	0	0	1	0	0	0	0	1	0	0	0	1	1	1	0	4	3	4	5	2	0	3	1	2	1	1	1	0	0	0	0	0	0	0	1	0	0	0	0	0	2	0	2	4	3	0	4	3	5	3	5	2	2	0	0	3	4	1	1	3	2	5	11	2	0	2	2	1	1	4	4	2	3	0	1	1	5	1	3	1	2	1	0	3	7	3	4	2	3	3	1	0	1	1	1	0	1	4	10	0	23	7	14	3	3	4	2	5	1	0	3	1	2	9	1	2
0	0	0	0	0	0	0	0	2	0	1	0	0	1	0	0	0	1	0	0	1	0	0	0	1	2	1	0	3	0	0	2	2	0	0	0	0	0	1	0	0	0	2	2	1	0	1	0	0	4	0	2	5	4	0	1	1	1	0	1	2	2	0	0	0	2	0	1	1	1	0	2	2	1	1	1	1	0	0	0	1	1	1	1	1	1	0	0	0	0	1	0	0	0	1	1	0	1	0	2	0	0	0	0	1	0	0	0	1	0	1	0	0	0	0	1	0	1	0	0	0	0	0	0	0	0	0	1	0	0	0	0	1	1	0	0	0	0	0	0	1	2	1	0	0	0	0	0	0	1	0	0	0	2	2	0	2	0	1	0	2	0	0	2	2	1	0	1	2	0	1	4	2	0	2	1	1	0	1	1	0	0	1	1	3	2	0	2	6	8	8	5	6	1	1	3	2	1	1	0	0	0	1	0	0	0	0	0	0	0	1	3	4	5	4	2	2	2	2	3	5	2	5	0	3	1	1	1	0	0	1	1	0	0	0	0	0	1	0	2	3	5	1	1	20	4	5	3	4	1	4	7	0	0	5	5	6	31	35	4	1	1	2	0	3	2	9	6	4	1	1	1	5	4	4	3	2	1	4	2	6	3	6	3	4	1	3	2	0	1	4	2	3	2	6	23	0	16	44	5	2	3	5	3	3	1	2	4	8	16	5	0
0	0	0	0	0	0	0	0	0	1	1	0	0	0	0	0	0	0	2	1	0	0	0	0	2	0	0	0	0	0	1	0	0	0	1	2	1	0	0	0	1	1	1	2	0	1	0	2	2	2	1	3	0	1	0	2	0	0	0	0	0	0	0	0	0	0	0	0	2	1	1	0	0	0	1	0	0	2	0	0	0	2	1	1	0	0	0	0	0	0	0	0	1	0	0	0	2	0	0	1	0	0	0	0	0	0	0	1	0	1	0	0	0	0	0	0	0	0	0	0	0	0	0	0	0	1	0	0	0	1	0	3	0	1	1	1	0	0	0	0	0	3	0	0	0	0	0	0	1	1	0	0	1	1	0	3	1	2	2	1	0	0	0	0	0	0	0	0	0	1	0	0	1	0	0	0	0	5	0	0	0	0	0	0	2	0	1	4	4	2	7	5	3	0	8	3	0	0	0	0	0	0	1	2	0	1	0	1	1	2	1	2	3	2	2	2	0	2	3	1	1	5	2	1	2	1	0	2	1	1	2	0	2	1	2	2	1	0	2	2	2	3	1	7	15	1	3	3	0	1	0	4	1	0	4	0	2	10	10	5	6	3	0	8	9	13	9	6	2	1	1	2	2	6	2	7	6	7	2	11	49	8	13	11	1	3	7	1	3	1	0	3	16	10	18	7	16	0	47	9	7	6	3	4	5	2	6	8	10	10	8	2
0	0	0	0	0	0	0	0	1	0	0	0	0	0	0	0	2	0	0	0	0	0	0	0	0	0	0	0	0	0	1	1	0	0	0	2	0	1	0	1	0	0	0	3	2	1	1	1	1	1	2	4	0	1	1	0	0	0	0	0	0	0	2	1	0	0	0	1	1	1	1	0	0	1	0	1	0	1	0	0	0	1	1	0	0	0	2	0	0	1	0	2	0	1	1	1	0	3	2	1	0	0	0	0	3	0	0	1	0	0	0	0	1	0	0	0	0	0	0	0	0	0	0	0	0	0	2	0	0	0	0	0	0	0	0	0	1	3	2	0	0	0	1	0	1	1	1	0	1	0	2	1	0	1	1	0	0	1	1	1	2	1	0	1	3	1	2	1	0	1	1	4	0	0	1	3	0	1	1	2	1	0	1	1	0	0	2	1	2	7	5	3	3	3	4	5	2	0	0	0	0	0	0	0	0	0	0	1	0	0	2	3	5	4	2	2	2	2	2	2	2	6	2	2	1	0	0	1	0	1	0	1	3	1	0	1	2	0	2	4	2	9	5	6	27	4	4	8	1	0	3	2	1	0	4	2	6	11	11	6	1	2	4	1	5	5	5	1	1	2	0	1	2	0	4	4	6	3	3	3	17	12	4	9	5	1	3	3	2	1	6	4	6	7	7	14	44	47	0	15	8	6	7	6	10	4	2	1	11	22	11	2
0	0	0	0	0	0	0	0	1	0	2	0	0	0	0	0	0	0	0	0	1	0	0	0	1	0	0	0	0	0	0	0	2	0	1	0	0	0	0	0	0	0	1	2	2	1	0	2	4	1	1	5	1	1	1	0	2	1	1	0	1	1	1	0	0	0	1	0	0	0	0	0	0	1	0	0	1	0	0	1	1	0	0	0	2	0	1	1	0	0	2	0	0	1	0	1	0	0	0	2	0	0	1	0	0	0	0	0	1	0	0	0	0	1	0	0	0	0	0	0	0	0	0	1	0	0	0	0	0	0	1	0	0	0	1	1	0	1	0	0	0	2	0	0	0	0	1	0	1	1	0	1	0	1	2	3	0	0	1	2	1	0	1	1	1	0	2	1	0	1	1	0	2	0	2	0	2	2	1	2	2	1	0	1	1	1	2	3	3	2	1	2	4	3	3	10	3	0	1	0	0	0	2	1	0	0	1	1	1	0	0	3	4	6	2	2	1	2	2	1	3	2	3	0	5	2	2	0	1	0	0	1	2	0	2	0	2	3	1	2	2	3	8	10	7	2	2	3	1	0	1	1	1	0	1	3	1	3	1	4	0	0	1	0	3	4	3	2	2	1	1	3	0	2	3	5	2	5	1	2	10	4	5	5	4	2	3	4	2	1	8	3	11	9	8	3	5	9	15	0	14	8	13	30	41	14	6	10	43	111	3	1
0	0	0	0	0	0	0	2	2	1	0	1	0	0	0	0	0	0	0	1	0	1	0	1	0	0	1	0	0	0	1	0	2	1	0	1	0	1	1	1	2	2	0	0	0	0	0	1	2	0	2	3	3	1	2	1	1	0	0	1	0	0	0	0	0	0	1	0	0	1	0	0	0	0	0	1	0	1	0	0	0	0	2	0	0	0	0	0	2	0	0	1	1	1	1	0	1	0	0	1	1	0	1	0	0	1	0	0	0	0	0	0	2	0	0	0	1	0	0	0	1	1	0	0	0	0	1	1	1	0	0	0	0	0	0	0	1	0	1	0	0	0	0	1	0	0	0	1	0	0	0	2	0	1	1	0	0	5	1	3	0	1	0	1	4	0	1	1	1	1	0	2	2	0	0	1	0	0	1	0	0	0	0	2	0	4	0	1	2	1	0	2	5	2	3	6	4	2	2	0	1	2	0	0	1	0	0	0	0	1	2	2	5	3	4	1	0	0	2	1	4	2	2	2	1	1	4	2	1	1	1	4	3	0	1	3	3	6	6	2	6	12	8	15	6	4	1	1	2	0	2	0	0	0	1	0	0	3	1	2	1	3	3	0	2	1	1	2	0	0	0	2	1	3	6	2	5	8	6	9	7	25	47	8	2	1	2	13	7	9	10	11	64	19	2	3	2	7	8	14	0	154	14	7	32	7	7	3	11	6	7	2
0	0	0	0	0	0	0	1	0	0	0	1	0	0	0	0	0	0	0	0	0	0	0	1	1	0	1	0	0	0	0	1	0	0	1	0	0	0	0	0	0	0	1	0	0	0	1	3	1	0	0	3	2	2	2	0	0	0	0	1	2	0	0	0	1	0	0	0	0	0	0	0	0	0	1	0	0	0	1	0	0	0	0	0	0	2	0	0	2	2	0	0	0	0	0	0	0	0	1	0	1	0	0	0	0	0	0	0	0	1	0	0	0	1	0	0	0	1	0	1	0	0	0	0	0	0	0	0	1	0	0	0	0	0	0	0	0	0	0	0	0	1	1	0	1	0	1	1	1	2	0	1	2	2	0	1	1	0	0	3	3	2	2	1	2	0	1	0	2	3	1	0	1	1	1	1	1	0	0	1	1	0	3	2	0	0	1	3	2	1	2	2	2	6	4	10	5	2	0	1	0	2	0	1	0	0	0	1	1	1	0	2	0	4	0	0	2	0	0	2	2	0	4	1	4	3	2	3	0	1	5	0	3	4	2	3	3	2	4	6	8	12	6	12	3	1	1	0	2	0	1	0	2	0	0	0	1	4	1	5	4	2	2	0	7	3	4	4	0	1	1	2	3	1	7	7	7	12	5	12	19	39	120	22	4	4	7	16	14	5	14	4	138	19	6	4	3	6	6	8	154	0	11	2	12	8	12	5	2	5	7	2
0	0	0	0	0	0	0	0	0	0	1	0	0	0	0	0	1	0	0	1	1	0	0	0	0	0	1	0	2	1	0	0	0	0	0	0	0	0	0	0	1	1	0	2	0	0	3	3	2	2	1	6	3	4	1	1	0	2	2	3	2	0	2	1	1	0	1	1	0	0	0	1	0	0	0	1	0	1	2	0	1	0	0	0	0	2	0	0	0	0	0	0	0	0	0	1	0	1	1	1	0	1	0	0	2	0	0	1	0	0	0	0	1	0	0	1	0	0	0	1	0	1	0	0	0	0	1	0	0	0	1	0	0	0	0	0	0	0	0	2	0	1	0	0	0	1	0	2	1	0	0	2	3	4	0	2	2	0	0	1	1	1	3	0	0	1	1	2	2	2	1	0	0	1	2	0	0	2	1	0	0	0	0	2	1	0	3	4	0	4	2	2	1	1	3	1	1	2	2	2	0	0	1	2	1	0	0	2	1	2	7	6	4	0	4	3	2	2	0	2	2	2	2	1	2	5	4	1	2	0	3	1	2	1	2	1	0	2	2	3	5	13	46	24	3	3	1	3	2	1	0	0	0	0	0	0	2	0	1	0	1	0	0	4	8	2	1	1	0	1	0	0	2	0	1	3	2	0	0	3	1	7	8	2	3	1	3	10	6	4	14	8	13	6	5	2	5	3	7	13	14	11	0	31	39	25	5	5	4	9	8	2
0	0	0	0	0	0	0	0	0	0	0	0	0	0	0	0	0	0	0	1	1	2	0	1	1	0	0	0	0	1	0	0	0	0	1	0	0	2	0	1	0	1	1	2	2	1	0	3	1	3	1	6	1	4	2	1	1	0	2	1	0	1	1	0	1	0	0	0	1	0	0	1	0	2	0	1	1	2	1	1	0	1	2	1	0	1	1	0	0	0	0	0	0	2	1	2	0	2	1	3	0	0	1	0	1	0	1	0	0	0	0	0	1	0	0	1	0	0	0	0	1	0	0	0	0	0	0	0	0	0	0	0	0	0	0	0	0	0	0	0	0	0	0	0	0	0	0	1	1	1	1	1	1	1	1	0	0	2	1	3	1	0	1	0	0	0	2	0	2	3	2	1	0	1	1	1	1	1	1	2	0	1	0	0	2	2	4	2	0	3	1	2	3	0	1	4	0	0	0	0	0	1	0	0	0	0	1	1	1	1	2	9	5	6	2	1	2	5	1	2	3	3	4	2	2	2	3	0	0	1	2	2	1	1	1	0	0	1	2	2	4	9	8	17	5	0	1	1	0	5	1	1	1	1	0	2	1	2	3	1	1	2	1	3	4	1	2	0	1	0	0	2	1	0	1	2	1	1	1	2	4	6	2	3	0	1	2	1	4	3	2	6	2	8	2	5	3	4	6	30	7	2	31	0	23	9	7	7	4	19	5	1
0	0	0	0	0	0	0	0	0	0	0	0	0	0	0	0	1	0	0	0	0	1	0	1	0	0	2	0	0	0	0	0	0	0	0	0	0	1	1	1	1	1	2	0	0	0	1	0	0	1	1	3	2	6	2	1	1	1	1	0	0	1	1	3	0	0	1	1	1	0	0	0	1	0	0	0	0	0	0	0	0	1	1	0	0	0	0	0	0	0	0	0	0	1	0	0	0	1	0	1	0	0	0	1	0	1	1	0	1	0	0	1	1	0	0	0	0	0	0	1	0	0	1	0	1	0	0	0	0	0	0	2	0	1	0	0	0	1	0	1	0	1	1	0	0	1	0	3	1	2	1	1	1	0	2	0	2	0	0	1	0	2	1	1	2	1	2	1	1	1	0	0	0	1	0	2	1	2	1	0	0	1	1	1	3	1	1	2	2	1	3	0	0	3	3	3	2	0	2	1	3	0	1	0	1	2	2	0	0	1	1	3	9	2	3	5	3	2	0	1	1	1	2	1	1	0	1	0	3	1	0	0	0	2	0	2	2	2	2	2	3	21	13	10	6	0	1	2	2	1	0	3	0	2	3	1	5	4	1	1	4	2	1	1	3	1	5	1	0	0	0	1	0	1	2	1	6	3	1	2	4	4	8	7	3	4	3	6	6	6	11	4	17	8	4	1	3	5	10	41	32	12	39	23	0	18	19	11	18	13	6	1
0	0	0	0	0	0	0	1	0	0	1	0	0	0	0	0	1	0	0	0	1	0	0	0	0	0	1	0	0	0	1	0	0	1	0	0	2	0	0	0	0	1	0	0	0	0	0	1	0	3	0	3	0	2	3	2	1	0	0	1	1	1	1	0	1	1	0	0	0	0	0	0	0	0	0	0	0	0	1	1	2	0	0	0	0	0	1	0	0	0	0	0	0	0	0	0	0	0	1	0	0	3	0	0	1	0	0	0	0	1	0	0	0	0	0	0	0	0	0	0	0	0	0	0	0	0	2	0	0	0	0	0	0	1	0	0	0	1	1	0	0	2	0	0	0	0	0	0	0	0	0	3	1	1	2	0	1	1	1	1	1	0	1	1	1	2	0	1	2	0	0	0	0	0	0	0	1	0	1	0	1	0	1	0	0	0	0	1	3	3	1	1	1	1	4	2	2	0	1	1	0	0	0	0	1	0	1	1	0	0	1	1	2	0	1	0	0	3	2	0	3	5	0	3	0	4	1	0	0	1	0	2	3	0	2	0	1	6	2	7	12	78	8	7	2	1	1	1	0	2	1	0	0	0	3	1	1	0	1	2	0	1	0	1	2	0	1	0	0	0	1	0	1	2	1	2	0	3	2	1	3	3	4	7	1	0	1	4	8	4	12	5	6	4	3	0	1	2	4	14	7	8	25	9	18	0	26	7	7	7	2	2
0	0	0	0	0	0	0	1	0	0	0	0	0	0	0	1	0	0	1	2	0	0	0	0	0	0	0	0	0	0	0	1	0	0	1	2	0	0	0	1	0	1	1	0	0	2	0	1	0	0	0	2	1	2	1	0	1	0	0	0	0	2	1	0	0	0	0	0	0	0	0	0	0	1	0	0	0	0	1	1	0	0	1	0	3	1	0	0	0	0	1	1	1	2	0	0	0	0	1	0	1	1	0	0	0	0	1	0	0	0	0	0	1	1	0	1	2	1	0	0	0	1	0	0	0	0	0	0	0	0	0	0	1	0	0	1	0	0	0	0	1	1	0	0	0	0	1	0	0	0	1	0	1	1	0	0	1	0	2	0	2	0	2	0	0	0	2	1	0	2	2	1	0	1	1	1	0	1	0	1	1	0	0	1	1	1	1	1	1	0	2	2	2	5	3	5	0	1	2	1	1	0	0	0	1	0	0	1	2	1	0	1	3	2	2	2	0	0	1	2	0	0	1	1	1	0	3	3	0	1	1	0	0	3	4	3	1	2	3	12	6	58	2	4	1	0	1	0	0	0	2	0	0	0	1	0	1	1	2	1	2	1	1	3	0	1	1	0	0	1	0	0	2	0	2	1	3	2	4	2	3	2	2	1	3	0	2	2	3	5	0	1	2	8	3	3	2	6	2	6	7	12	5	7	19	26	0	16	12	5	2	2
0	0	0	0	0	0	0	0	0	0	2	0	0	0	0	0	0	0	1	0	0	0	0	0	0	0	0	2	1	0	0	1	2	0	0	2	0	0	0	0	1	0	1	0	0	0	1	1	1	1	1	1	2	1	2	1	0	1	0	2	0	1	0	0	0	0	1	0	2	0	0	0	0	0	2	1	0	0	0	0	0	0	0	0	0	0	0	0	0	0	0	0	1	0	0	1	0	3	1	0	0	0	0	0	0	1	1	0	2	1	1	0	0	0	0	0	0	0	0	1	0	0	0	0	0	0	0	0	0	0	0	0	0	0	0	0	0	0	0	0	0	0	0	0	1	0	0	1	0	0	0	0	0	0	1	1	2	2	1	1	1	2	0	1	0	0	1	0	0	1	0	0	0	0	1	1	3	1	0	0	0	0	0	0	0	1	0	2	0	3	3	0	1	0	1	2	2	0	2	0	0	0	0	0	0	0	2	1	1	0	1	2	0	0	2	0	0	0	0	1	1	2	3	3	0	0	0	0	0	0	2	1	2	2	2	0	2	0	1	1	5	14	3	3	3	1	0	0	0	1	0	1	0	1	2	1	1	2	3	0	1	1	1	0	1	1	2	1	2	1	0	0	0	2	2	3	2	2	2	2	6	4	3	0	1	0	2	4	0	3	2	1	3	10	2	1	4	8	1	10	3	5	5	7	11	7	16	0	28	8	1	1
0	0	0	0	0	0	0	1	0	0	0	1	1	0	0	0	0	0	0	0	0	1	0	0	0	0	1	0	0	0	0	1	1	0	0	0	1	0	0	0	0	1	2	0	2	0	0	4	0	0	1	1	1	1	0	0	0	0	0	1	0	0	1	1	0	0	1	1	1	0	1	1	0	0	0	0	1	0	1	0	0	0	0	0	0	0	0	0	0	0	2	0	0	0	0	1	1	0	0	1	0	0	0	1	0	0	0	0	0	1	0	0	0	2	0	0	0	1	0	0	0	0	0	0	0	0	0	0	0	0	0	0	0	1	0	0	0	1	1	1	1	1	1	0	0	0	1	1	0	0	0	0	0	0	0	0	2	0	0	1	0	1	0	0	0	1	1	1	0	1	0	0	0	0	1	0	1	0	0	2	1	2	0	1	0	2	2	1	2	0	1	3	4	1	3	2	1	0	0	0	2	1	0	2	0	1	0	2	3	1	0	2	2	1	2	1	0	2	0	3	2	2	2	1	1	0	2	2	1	1	0	2	0	3	0	2	1	3	1	4	8	8	7	4	3	1	0	0	0	0	1	0	2	2	1	1	1	0	1	0	0	1	0	2	2	5	0	2	1	1	0	2	3	4	0	1	3	0	2	4	3	4	4	3	5	1	1	1	2	2	4	4	10	15	13	2	8	10	11	43	11	2	4	4	18	7	12	28	0	12	1	1
0	0	0	0	0	0	0	0	1	0	0	1	0	0	0	0	0	0	0	0	0	0	0	0	0	0	1	0	0	0	0	0	2	0	1	0	1	1	0	1	0	0	0	0	0	0	0	7	1	0	1	3	2	1	2	1	0	1	0	2	1	2	0	0	0	2	0	0	0	1	0	0	1	0	0	0	1	0	0	1	0	1	0	0	1	2	0	0	0	0	0	1	0	0	0	0	2	1	0	0	0	0	1	1	3	0	2	0	1	0	0	1	0	1	0	0	0	0	0	0	0	1	0	0	0	0	0	0	0	3	0	0	2	2	1	2	0	0	2	0	0	1	1	0	0	1	0	0	1	2	0	1	0	0	3	3	1	1	1	0	0	0	0	1	2	0	1	0	0	0	0	2	2	1	3	1	1	0	0	0	0	0	0	1	1	0	3	0	3	3	3	3	3	3	3	3	2	1	0	0	1	2	0	1	0	0	0	1	2	1	1	6	3	7	2	3	4	3	1	1	1	1	1	4	1	3	2	1	0	1	0	2	1	0	2	0	2	0	1	4	3	3	4	4	5	2	5	2	2	0	4	2	1	2	1	3	5	10	2	0	0	1	0	7	2	8	3	4	0	0	0	0	2	1	3	1	2	5	4	3	10	9	6	0	0	0	0	1	4	2	2	3	7	8	9	9	16	10	22	111	6	5	9	19	13	7	5	8	12	0	4	1
0	0	0	0	0	0	0	0	1	0	0	0	0	1	0	0	1	0	0	0	0	0	1	1	3	1	0	0	1	1	1	0	1	1	2	0	1	0	0	1	0	1	3	1	3	1	2	4	7	5	3	7	4	8	3	1	0	0	0	2	2	1	2	0	0	0	1	1	1	0	1	0	3	0	0	0	2	0	0	0	1	1	0	0	2	0	0	1	1	1	0	0	0	1	1	0	0	1	2	0	0	1	1	0	0	1	0	0	1	0	1	0	0	2	0	0	1	0	0	2	0	0	1	0	0	0	0	0	1	0	0	0	0	0	0	0	1	1	0	1	1	0	2	0	1	2	1	3	2	3	2	3	2	3	1	1	3	3	5	7	3	2	2	1	0	1	4	1	2	0	0	3	1	3	2	2	0	2	2	0	0	2	2	3	3	5	8	6	3	7	9	5	3	11	28	45	9	3	1	2	0	0	1	0	3	1	0	3	3	1	2	5	7	1	3	1	0	3	2	4	7	7	22	8	1	1	6	1	0	1	0	0	2	1	0	0	1	0	1	1	0	1	7	14	14	0	3	4	2	2	2	1	1	0	2	0	3	3	2	1	0	3	4	12	17	5	2	3	1	1	1	4	2	3	11	3	6	2	4	4	3	13	7	10	16	6	1	7	4	7	8	17	6	4	1	1	5	8	11	3	7	7	8	5	6	2	2	1	1	4	0	5
0	0	0	0	0	0	0	1	0	0	0	0	2	1	0	0	0	0	0	0	0	0	0	0	0	1	2	0	1	0	1	0	0	1	1	0	1	1	0	3	3	0	0	2	3	2	1	3	3	7	0	4	6	3	2	0	1	1	0	1	0	0	0	0	0	0	2	0	0	0	0	0	0	0	1	1	1	0	0	1	0	0	0	1	1	0	0	0	1	0	1	0	0	0	0	0	0	1	0	1	0	0	0	1	0	0	0	0	0	0	1	0	1	1	0	0	0	0	0	0	0	0	0	0	0	0	0	1	0	1	0	1	1	0	1	0	1	0	0	0	0	0	1	3	4	1	3	0	6	6	1	12	3	7	4	3	8	2	5	1	3	5	1	1	3	3	4	1	0	2	1	5	0	5	1	4	4	3	1	0	1	1	2	3	6	7	7	6	1	4	4	1	0	32	3	11	10	0	0	0	1	0	0	0	1	0	2	1	0	1	1	3	0	4	0	0	3	8	2	9	4	1	4	2	0	2	1	0	0	1	1	1	2	0	0	0	0	1	0	0	1	0	4	0	0	2	2	2	3	1	0	1	3	1	1	1	2	2	0	4	1	18	7	8	3	5	4	0	3	2	1	14	4	2	3	3	0	1	4	4	3	5	0	4	8	8	7	1	1	0	2	6	1	0	1	2	0	2	2	1	2	2	2	1	1	2	2	1	1	1	5	0
